scenario,node_id,handshake_index,sta_cert_algo,ap_cert_algo,handshake_delay_ms,goodput_kbps,throughput_kbps,phy_frame_drop_rate,mac_retries,mac_retry_rate,tx_delay_us,prop_delay_ns,cert_verify_ap_us,cert_verify_sta_us,server_cert_msg_bytes,client_cert_msg_bytes
1,8,0,ECDSA-SHA384_signed-by_ECDSA-SHA256,ECDSA-SHA384_signed-by_ECDSA-SHA256,30.453,940.726,593.7,0.695652,18,0.782609,183.217,14,3049.56,3099.99,1293,1288
1,3,0,ECDSA-SHA384_signed-by_ECDSA-SHA256,ECDSA-SHA384_signed-by_ECDSA-SHA256,42.442,675.172,387.536,1,10,0.5,192.6,24,3035.18,3041.45,1293,1289
1,6,0,ECDSA-SHA384_signed-by_ECDSA-SHA256,ECDSA-SHA384_signed-by_ECDSA-SHA256,53.617,534.299,156.366,1,0,0,200,8,3045.06,3026.82,1292,1289
1,7,0,ECDSA-SHA384_signed-by_ECDSA-SHA256,ECDSA-SHA384_signed-by_ECDSA-SHA256,61.576,465.115,167.467,1,6,0.333333,161,16,3028.03,3024.33,1293,1287
1,5,0,ECDSA-SHA384_signed-by_ECDSA-SHA256,ECDSA-SHA384_signed-by_ECDSA-SHA256,66.133,433.307,147.218,1,3,0.176471,218.353,15,3033.21,3066.14,1292,1290
1,2,0,ECDSA-SHA384_signed-by_ECDSA-SHA256,ECDSA-SHA384_signed-by_ECDSA-SHA256,70.666,405.171,126.114,1,4,0.266667,172.933,24,3039.47,3018.84,1291,1288
1,1,0,ECDSA-SHA384_signed-by_ECDSA-SHA256,ECDSA-SHA384_signed-by_ECDSA-SHA256,75.399,379.843,118.197,1,1,0.0666667,196.667,24,3071.96,3029.17,1292,1288
1,8,1,ECDSA-SHA384_signed-by_ECDSA-SHA256,ECDSA-SHA384_signed-by_ECDSA-SHA256,45.362,631.533,469.461,0.705882,15,0.882353,699.176,14,3033.95,2995.62,1293,1288
1,3,1,ECDSA-SHA384_signed-by_ECDSA-SHA256,ECDSA-SHA384_signed-by_ECDSA-SHA256,36.558,783.84,335.681,1,0,0,119.333,24,3043.49,2969.93,1293,1289
1,6,1,ECDSA-SHA384_signed-by_ECDSA-SHA256,ECDSA-SHA384_signed-by_ECDSA-SHA256,27.193,1053.5,511.306,0.75,5,0.416667,575.667,8,3008.35,2988.46,1292,1289
1,7,1,ECDSA-SHA384_signed-by_ECDSA-SHA256,ECDSA-SHA384_signed-by_ECDSA-SHA256,21.326,1342.96,651.973,0.833333,5,0.416667,110,16,3003.94,3010.22,1293,1287
1,5,1,ECDSA-SHA384_signed-by_ECDSA-SHA256,ECDSA-SHA384_signed-by_ECDSA-SHA256,20.126,1423.82,635.195,1,0,0,478.727,15,3024.91,2992.88,1292,1290
1,2,1,ECDSA-SHA384_signed-by_ECDSA-SHA256,ECDSA-SHA384_signed-by_ECDSA-SHA256,17.452,1640.61,904.877,0.9375,7,0.4375,170,24,3013.71,2990.14,1291,1288
1,8,2,ECDSA-SHA384_signed-by_ECDSA-SHA256,ECDSA-SHA384_signed-by_ECDSA-SHA256,14.46,1981.16,848.675,1,0,0,126.889,14,3025.03,2999.85,1293,1288
1,1,1,ECDSA-SHA384_signed-by_ECDSA-SHA256,ECDSA-SHA384_signed-by_ECDSA-SHA256,17.817,1607.41,688.763,1,0,0,126.889,24,3016.75,2991.51,1292,1288
1,6,2,ECDSA-SHA384_signed-by_ECDSA-SHA256,ECDSA-SHA384_signed-by_ECDSA-SHA256,14.696,1949.33,1376.13,1,14,0.823529,108.353,8,3016.65,3019.76,1292,1289
1,3,2,ECDSA-SHA384_signed-by_ECDSA-SHA256,ECDSA-SHA384_signed-by_ECDSA-SHA256,18.771,1526.56,1017.71,1,16,0.888889,94.4444,24,3030.9,3214.65,1293,1289
1,8,3,ECDSA-SHA384_signed-by_ECDSA-SHA256,ECDSA-SHA384_signed-by_ECDSA-SHA256,10.07,2844.88,1809.73,1,9,0.75,144,14,3027.76,3013.98,1293,1288
1,5,2,ECDSA-SHA384_signed-by_ECDSA-SHA256,ECDSA-SHA384_signed-by_ECDSA-SHA256,17.899,1600.9,1623.25,1,10,0.526316,193.789,15,2995.69,2989.42,1292,1290
1,7,2,ECDSA-SHA384_signed-by_ECDSA-SHA256,ECDSA-SHA384_signed-by_ECDSA-SHA256,22.904,1250.42,1186.16,1,23,0.958333,116.833,16,3027.15,3022.07,1293,1287
1,3,3,ECDSA-SHA384_signed-by_ECDSA-SHA256,ECDSA-SHA384_signed-by_ECDSA-SHA256,11.622,2465.61,1245.88,1,9,0.6,161.2,24,3024.91,2997.45,1293,1289
1,2,2,ECDSA-SHA384_signed-by_ECDSA-SHA256,ECDSA-SHA384_signed-by_ECDSA-SHA256,21.729,1317.67,1307.72,1,29,1.16,163.76,24,3031.58,2982.16,1291,1288
1,6,3,ECDSA-SHA384_signed-by_ECDSA-SHA256,ECDSA-SHA384_signed-by_ECDSA-SHA256,15.779,1815.49,1258.32,1,14,0.933333,118,8,3013.86,2994.48,1292,1289
1,1,2,ECDSA-SHA384_signed-by_ECDSA-SHA256,ECDSA-SHA384_signed-by_ECDSA-SHA256,22.821,1254.95,1252.85,1,26,1,123.692,24,3091.52,2985.16,1292,1288
1,7,3,ECDSA-SHA384_signed-by_ECDSA-SHA256,ECDSA-SHA384_signed-by_ECDSA-SHA256,11.671,2453.88,1191.3,1,5,0.416667,110,16,3017.63,2988.33,1293,1287
1,5,3,ECDSA-SHA384_signed-by_ECDSA-SHA256,ECDSA-SHA384_signed-by_ECDSA-SHA256,14.238,2012.57,976.508,1,5,0.416667,193.667,15,3025.29,2972.32,1292,1290
1,6,4,ECDSA-SHA384_signed-by_ECDSA-SHA256,ECDSA-SHA384_signed-by_ECDSA-SHA256,10.482,2733.02,1181.43,0.9,0,0,109.6,8,3007.82,3140.18,1292,1289
1,3,4,ECDSA-SHA384_signed-by_ECDSA-SHA256,ECDSA-SHA384_signed-by_ECDSA-SHA256,13.248,2162.97,1607.43,1,14,0.823529,202.235,24,2976.7,3007.98,1293,1289
1,2,3,ECDSA-SHA384_signed-by_ECDSA-SHA256,ECDSA-SHA384_signed-by_ECDSA-SHA256,14.14,2024.81,1116.79,1,5,0.3125,262,24,3124.2,3003.6,1291,1288
1,7,4,ECDSA-SHA384_signed-by_ECDSA-SHA256,ECDSA-SHA384_signed-by_ECDSA-SHA256,9.139,3133.5,1421.45,0.9,1,0.1,119.6,16,3017.31,3026.38,1293,1287
1,5,4,ECDSA-SHA384_signed-by_ECDSA-SHA256,ECDSA-SHA384_signed-by_ECDSA-SHA256,10.185,2813.53,1204.9,1,0,0,231.333,15,3012.01,3019.39,1292,1290
1,6,5,ECDSA-SHA384_signed-by_ECDSA-SHA256,ECDSA-SHA384_signed-by_ECDSA-SHA256,11.383,2516.53,1243.86,1,5,0.384615,97.6923,8,3026.48,3003.67,1292,1289
1,2,4,ECDSA-SHA384_signed-by_ECDSA-SHA256,ECDSA-SHA384_signed-by_ECDSA-SHA256,13.334,2147.25,939.536,1,0,0,154.8,24,3029.19,3022.64,1291,1288
1,7,5,ECDSA-SHA384_signed-by_ECDSA-SHA256,ECDSA-SHA384_signed-by_ECDSA-SHA256,11.176,2562.63,1098.07,1,0,0,126.889,16,3020.84,3001.1,1293,1287
1,1,3,ECDSA-SHA384_signed-by_ECDSA-SHA256,ECDSA-SHA384_signed-by_ECDSA-SHA256,24.894,1150.46,757.118,1,10,0.588235,209.294,24,3010.87,2991.51,1292,1288
1,5,5,ECDSA-SHA384_signed-by_ECDSA-SHA256,ECDSA-SHA384_signed-by_ECDSA-SHA256,14.839,1931.08,826.99,1,0,0,193.111,15,3019.93,3004.02,1292,1290
1,8,4,ECDSA-SHA384_signed-by_ECDSA-SHA256,ECDSA-SHA384_signed-by_ECDSA-SHA256,43.747,654.851,589.933,1,22,1,113.091,14,3031.11,2970.54,1293,1288
1,6,6,ECDSA-SHA384_signed-by_ECDSA-SHA256,ECDSA-SHA384_signed-by_ECDSA-SHA256,13.969,2050.77,878.492,0.888889,0,0,118,8,3004.87,2980.79,1292,1289
1,2,5,ECDSA-SHA384_signed-by_ECDSA-SHA256,ECDSA-SHA384_signed-by_ECDSA-SHA256,10.384,2757.08,1181.72,0.111111,0,0,167.778,24,3048.03,3009.36,1291,1288
1,3,5,ECDSA-SHA384_signed-by_ECDSA-SHA256,ECDSA-SHA384_signed-by_ECDSA-SHA256,27.442,1044.22,1084.45,1,28,1.21739,135.043,24,3021.16,2968.12,1293,1289
1,7,6,ECDSA-SHA384_signed-by_ECDSA-SHA256,ECDSA-SHA384_signed-by_ECDSA-SHA256,13.07,2191.26,958.524,0.1,0,0,118,16,3007.91,2996.38,1293,1287
1,1,4,ECDSA-SHA384_signed-by_ECDSA-SHA256,ECDSA-SHA384_signed-by_ECDSA-SHA256,12.131,2360.72,1011.55,0,0,0,126.889,24,3114.26,3017.26,1292,1288
1,5,6,ECDSA-SHA384_signed-by_ECDSA-SHA256,ECDSA-SHA384_signed-by_ECDSA-SHA256,11.967,2394.58,1025.48,0.444444,0,0,231.333,15,3014.71,3011.72,1292,1290
1,8,5,ECDSA-SHA384_signed-by_ECDSA-SHA256,ECDSA-SHA384_signed-by_ECDSA-SHA256,12.333,2322.86,995.05,0.444444,0,0,126,14,2999.72,2996.15,1293,1288
1,6,7,ECDSA-SHA384_signed-by_ECDSA-SHA256,ECDSA-SHA384_signed-by_ECDSA-SHA256,12.391,2311.97,990.385,0.444444,0,0,118,8,3018.57,2995.12,1292,1289
1,2,6,ECDSA-SHA384_signed-by_ECDSA-SHA256,ECDSA-SHA384_signed-by_ECDSA-SHA256,13.198,2169.39,929.826,0.777778,0,0,172.222,24,2996.34,3002.79,1291,1288
1,7,7,ECDSA-SHA384_signed-by_ECDSA-SHA256,ECDSA-SHA384_signed-by_ECDSA-SHA256,11.366,2519.78,1079.7,0.777778,0,0,126.889,16,2986.72,3019.21,1293,1287
1,3,6,ECDSA-SHA384_signed-by_ECDSA-SHA256,ECDSA-SHA384_signed-by_ECDSA-SHA256,13.059,2194.31,959.323,0.7,0,0,110,24,3029.37,2985,1293,1289
1,1,5,ECDSA-SHA384_signed-by_ECDSA-SHA256,ECDSA-SHA384_signed-by_ECDSA-SHA256,12.148,2357.54,1521.21,0.538462,9,0.692308,135.846,24,3019.15,2988.58,1292,1288
1,5,7,ECDSA-SHA384_signed-by_ECDSA-SHA256,ECDSA-SHA384_signed-by_ECDSA-SHA256,11.739,2441.07,1045.39,1,0,0,231.333,15,3029.14,3164.76,1292,1290
1,8,6,ECDSA-SHA384_signed-by_ECDSA-SHA256,ECDSA-SHA384_signed-by_ECDSA-SHA256,12.806,2237.03,1471.78,0.823529,13,0.764706,104.353,14,3038.65,3003.17,1293,1288
1,6,8,ECDSA-SHA384_signed-by_ECDSA-SHA256,ECDSA-SHA384_signed-by_ECDSA-SHA256,13.96,2052.1,915.739,1,0,0,103.455,8,3008.37,3021.99,1292,1289
1,3,7,ECDSA-SHA384_signed-by_ECDSA-SHA256,ECDSA-SHA384_signed-by_ECDSA-SHA256,11.679,2453.62,1050.77,1,0,0,118,24,3024.4,2985.49,1293,1289
1,2,7,ECDSA-SHA384_signed-by_ECDSA-SHA256,ECDSA-SHA384_signed-by_ECDSA-SHA256,14.33,1997.99,856.362,1,0,0,167.778,24,3012.05,2970.86,1291,1288
1,7,8,ECDSA-SHA384_signed-by_ECDSA-SHA256,ECDSA-SHA384_signed-by_ECDSA-SHA256,14.498,1975.39,1174.2,1,7,0.538462,119.231,16,3019.22,2975.78,1293,1287
1,1,6,ECDSA-SHA384_signed-by_ECDSA-SHA256,ECDSA-SHA384_signed-by_ECDSA-SHA256,15.406,1858.96,1585.83,1,18,1.125,182.5,24,3017.58,2987.48,1292,1288
1,5,8,ECDSA-SHA384_signed-by_ECDSA-SHA256,ECDSA-SHA384_signed-by_ECDSA-SHA256,13.989,2048.41,877.235,1,0,0,226.889,15,3018.02,3040.2,1292,1290
1,8,7,ECDSA-SHA384_signed-by_ECDSA-SHA256,ECDSA-SHA384_signed-by_ECDSA-SHA256,13.069,2192.01,938.994,1,0,0,126.889,14,3014.82,2991.84,1293,1288
1,6,9,ECDSA-SHA384_signed-by_ECDSA-SHA256,ECDSA-SHA384_signed-by_ECDSA-SHA256,11.403,2512.28,1598.15,1,9,0.75,133.333,8,3204.6,3015.39,1292,1289
1,2,8,ECDSA-SHA384_signed-by_ECDSA-SHA256,ECDSA-SHA384_signed-by_ECDSA-SHA256,11.718,2443.36,1186.52,1,8,0.666667,142.667,24,3013.97,3009.3,1291,1288
1,3,8,ECDSA-SHA384_signed-by_ECDSA-SHA256,ECDSA-SHA384_signed-by_ECDSA-SHA256,14.223,2014.68,1865.07,1,21,1,120.286,24,3046.93,3006.64,1293,1289
1,1,7,ECDSA-SHA384_signed-by_ECDSA-SHA256,ECDSA-SHA384_signed-by_ECDSA-SHA256,10.724,2670.6,1314.41,1,10,0.769231,121.692,24,3004.71,3016.19,1292,1288
1,7,9,ECDSA-SHA384_signed-by_ECDSA-SHA256,ECDSA-SHA384_signed-by_ECDSA-SHA256,20.602,1390.13,872.911,1,8,0.470588,94.4706,16,3021.8,3006.47,1293,1287
1,6,10,ECDSA-SHA384_signed-by_ECDSA-SHA256,ECDSA-SHA384_signed-by_ECDSA-SHA256,13.119,2183.62,954.915,1,0,0,107.6,8,2992.02,2995.81,1292,1289
1,8,8,ECDSA-SHA384_signed-by_ECDSA-SHA256,ECDSA-SHA384_signed-by_ECDSA-SHA256,17.818,1607.72,1701.56,1,20,0.952381,101.238,14,3035.79,3009.86,1293,1288
1,2,9,ECDSA-SHA384_signed-by_ECDSA-SHA256,ECDSA-SHA384_signed-by_ECDSA-SHA256,15.76,1816.65,1714.63,1,23,1,276.261,24,3026.09,2994.45,1291,1288
1,1,8,ECDSA-SHA384_signed-by_ECDSA-SHA256,ECDSA-SHA384_signed-by_ECDSA-SHA256,12.146,2357.9,1758.54,1,13,0.764706,330.235,24,3023.95,2992.2,1292,1288
1,3,9,ECDSA-SHA384_signed-by_ECDSA-SHA256,ECDSA-SHA384_signed-by_ECDSA-SHA256,16.259,1762.37,1147.36,1,12,0.75,113.5,24,3023.7,2977.99,1293,1289
1,7,10,ECDSA-SHA384_signed-by_ECDSA-SHA256,ECDSA-SHA384_signed-by_ECDSA-SHA256,12.289,2330.46,1040.25,0.818182,0,0,103.455,16,3029.29,3016.64,1293,1287
1,6,11,ECDSA-SHA384_signed-by_ECDSA-SHA256,ECDSA-SHA384_signed-by_ECDSA-SHA256,12.655,2263.7,969.705,1,0,0,118,8,3011.14,2988.89,1292,1289
1,8,9,ECDSA-SHA384_signed-by_ECDSA-SHA256,ECDSA-SHA384_signed-by_ECDSA-SHA256,11.152,2568.81,1375.87,0.785714,5,0.357143,130.571,14,3017.87,2996,1293,1288
1,2,10,ECDSA-SHA384_signed-by_ECDSA-SHA256,ECDSA-SHA384_signed-by_ECDSA-SHA256,14.713,1945.96,868.858,1,0,0,140.545,24,3064.68,3344.77,1291,1288
1,3,10,ECDSA-SHA384_signed-by_ECDSA-SHA256,ECDSA-SHA384_signed-by_ECDSA-SHA256,13.538,2116.64,925.365,1,0,0,110,24,3029.24,3015.94,1293,1289
1,5,9,ECDSA-SHA384_signed-by_ECDSA-SHA256,ECDSA-SHA384_signed-by_ECDSA-SHA256,38.403,746.186,799.515,1,30,1.42857,210.952,15,3005.32,2988.81,1292,1290
1,1,9,ECDSA-SHA384_signed-by_ECDSA-SHA256,ECDSA-SHA384_signed-by_ECDSA-SHA256,17.727,1615.54,1296.04,1,16,1,134,24,3018.07,3062.94,1292,1288
1,7,11,ECDSA-SHA384_signed-by_ECDSA-SHA256,ECDSA-SHA384_signed-by_ECDSA-SHA256,12.046,2377.51,1534.09,1,6,0.461538,108.154,16,3022.65,3017.51,1293,1287
1,6,12,ECDSA-SHA384_signed-by_ECDSA-SHA256,ECDSA-SHA384_signed-by_ECDSA-SHA256,12.509,2290.13,1126.84,1,10,0.769231,97.6923,8,3008.24,3007.43,1292,1289
1,8,10,ECDSA-SHA384_signed-by_ECDSA-SHA256,ECDSA-SHA384_signed-by_ECDSA-SHA256,14.377,1992.55,1394.4,1,15,0.9375,113,14,3029.83,3012.03,1293,1288
1,2,11,ECDSA-SHA384_signed-by_ECDSA-SHA256,ECDSA-SHA384_signed-by_ECDSA-SHA256,15.296,1871.82,819.018,1,0,0,154.8,24,3012.73,2999.19,1291,1288
1,3,11,ECDSA-SHA384_signed-by_ECDSA-SHA256,ECDSA-SHA384_signed-by_ECDSA-SHA256,16.264,1761.87,770.267,1,0,0,110,24,3029.22,3016.2,1293,1289
1,6,13,ECDSA-SHA384_signed-by_ECDSA-SHA256,ECDSA-SHA384_signed-by_ECDSA-SHA256,12.427,2305.27,1103.39,0.272727,0,0,159.455,8,3014.06,3000.5,1292,1289
1,5,10,ECDSA-SHA384_signed-by_ECDSA-SHA256,ECDSA-SHA384_signed-by_ECDSA-SHA256,17.074,1678.28,1067.32,1,9,0.75,194.667,15,2967.59,2986.4,1292,1290
1,1,10,ECDSA-SHA384_signed-by_ECDSA-SHA256,ECDSA-SHA384_signed-by_ECDSA-SHA256,15.858,1805.97,1149.16,1,9,0.75,144,24,2988.65,2995.51,1292,1288
1,7,12,ECDSA-SHA384_signed-by_ECDSA-SHA256,ECDSA-SHA384_signed-by_ECDSA-SHA256,16.75,1709.79,852.983,0.571429,7,0.5,133.429,16,2994.96,2983.48,1293,1287
1,8,11,ECDSA-SHA384_signed-by_ECDSA-SHA256,ECDSA-SHA384_signed-by_ECDSA-SHA256,13.293,2155.08,923.176,0.333333,0,0,118,14,3031.3,3021.58,1293,1288
1,2,12,ECDSA-SHA384_signed-by_ECDSA-SHA256,ECDSA-SHA384_signed-by_ECDSA-SHA256,8.244,3472.69,1519.48,1,0,0,153.2,24,3014.12,2991.28,1291,1288
1,3,12,ECDSA-SHA384_signed-by_ECDSA-SHA256,ECDSA-SHA384_signed-by_ECDSA-SHA256,9.608,2982.51,1277.27,1,0,0,118,24,3018.51,3033.61,1293,1289
1,6,14,ECDSA-SHA384_signed-by_ECDSA-SHA256,ECDSA-SHA384_signed-by_ECDSA-SHA256,10.344,2769.49,1186.37,1,0,0,118,8,3051.61,2994.29,1292,1289
1,1,11,ECDSA-SHA384_signed-by_ECDSA-SHA256,ECDSA-SHA384_signed-by_ECDSA-SHA256,9.893,2894.95,1240.46,1,0,0,126.889,24,3021.56,3008.47,1292,1288
1,2,13,ECDSA-SHA384_signed-by_ECDSA-SHA256,ECDSA-SHA384_signed-by_ECDSA-SHA256,8.759,3268.85,1459.52,0.636364,0,0,144.182,24,3008.65,2996.83,1291,1288
1,7,13,ECDSA-SHA384_signed-by_ECDSA-SHA256,ECDSA-SHA384_signed-by_ECDSA-SHA256,15.339,1867.05,931.438,1,4,0.285714,133.429,16,3016.9,3002.26,1293,1287
1,3,13,ECDSA-SHA384_signed-by_ECDSA-SHA256,ECDSA-SHA384_signed-by_ECDSA-SHA256,9.856,2907.44,1271.09,0.1,0,0,107.6,24,2987.32,2982.29,1293,1289
1,5,11,ECDSA-SHA384_signed-by_ECDSA-SHA256,ECDSA-SHA384_signed-by_ECDSA-SHA256,19.101,1500.23,921.411,1,10,0.625,128,15,2991.19,3003.6,1292,1290
1,6,15,ECDSA-SHA384_signed-by_ECDSA-SHA256,ECDSA-SHA384_signed-by_ECDSA-SHA256,10.618,2698.01,1155.75,0.111111,0,0,118,8,3008.72,2973.31,1292,1289
1,1,12,ECDSA-SHA384_signed-by_ECDSA-SHA256,ECDSA-SHA384_signed-by_ECDSA-SHA256,11.133,2572.48,1102.28,0.111111,0,0,126.889,24,3028.26,3000.3,1292,1288
1,2,14,ECDSA-SHA384_signed-by_ECDSA-SHA256,ECDSA-SHA384_signed-by_ECDSA-SHA256,10.411,2750.14,1203.33,0.5,0,0,154.8,24,3018.83,2987.69,1291,1288
1,8,12,ECDSA-SHA384_signed-by_ECDSA-SHA256,ECDSA-SHA384_signed-by_ECDSA-SHA256,21.806,1313.74,1116,1,19,0.95,110.4,15,3011.09,3250.72,1293,1288
1,7,14,ECDSA-SHA384_signed-by_ECDSA-SHA256,ECDSA-SHA384_signed-by_ECDSA-SHA256,12.2,2347.5,1085.88,1,1,0.0909091,104.909,16,3014.17,3007.38,1293,1287
1,3,14,ECDSA-SHA384_signed-by_ECDSA-SHA256,ECDSA-SHA384_signed-by_ECDSA-SHA256,12.452,2301.27,985.525,1,0,0,118,24,3028.03,2987.68,1293,1289
1,5,12,ECDSA-SHA384_signed-by_ECDSA-SHA256,ECDSA-SHA384_signed-by_ECDSA-SHA256,12.798,2239.05,998.883,1,0,0,144.909,15,3021.15,2992.42,1292,1290
1,6,16,ECDSA-SHA384_signed-by_ECDSA-SHA256,ECDSA-SHA384_signed-by_ECDSA-SHA256,12.516,2288.86,980.485,1,0,0,118,8,3027.17,2968.01,1292,1289
1,8,13,ECDSA-SHA384_signed-by_ECDSA-SHA256,ECDSA-SHA384_signed-by_ECDSA-SHA256,10.997,2605.04,1270.15,1,2,0.166667,99.6667,15,3028.97,3016.51,1293,1288
1,1,13,ECDSA-SHA384_signed-by_ECDSA-SHA256,ECDSA-SHA384_signed-by_ECDSA-SHA256,17.36,1649.69,1386.11,1,17,0.894737,118.421,24,3019.61,2987.38,1292,1288
1,5,13,ECDSA-SHA384_signed-by_ECDSA-SHA256,ECDSA-SHA384_signed-by_ECDSA-SHA256,10.478,2734.81,1171.19,1,0,0,168.667,15,3003.78,2985.63,1292,1290
1,3,15,ECDSA-SHA384_signed-by_ECDSA-SHA256,ECDSA-SHA384_signed-by_ECDSA-SHA256,12.945,2213.58,1315.05,1,7,0.538462,124.769,24,3025.5,3060.47,1293,1289
1,2,15,ECDSA-SHA384_signed-by_ECDSA-SHA256,ECDSA-SHA384_signed-by_ECDSA-SHA256,21.028,1361.59,1553.72,1,31,1.24,172.4,24,3021.66,3022,1291,1288
1,6,17,ECDSA-SHA384_signed-by_ECDSA-SHA256,ECDSA-SHA384_signed-by_ECDSA-SHA256,13.256,2161.04,945.041,1,0,0,110,8,3236.88,3000.31,1292,1289
1,8,14,ECDSA-SHA384_signed-by_ECDSA-SHA256,ECDSA-SHA384_signed-by_ECDSA-SHA256,11.657,2457.51,1476.84,1,11,0.785714,106.571,15,3010.24,2998.66,1293,1288
1,7,15,ECDSA-SHA384_signed-by_ECDSA-SHA256,ECDSA-SHA384_signed-by_ECDSA-SHA256,18.399,1556.6,1561.82,1,17,0.944444,129.556,16,3026.76,2997.2,1293,1287
1,3,16,ECDSA-SHA384_signed-by_ECDSA-SHA256,ECDSA-SHA384_signed-by_ECDSA-SHA256,11.752,2438.32,1066,1,0,0,110,24,3018.5,2992.07,1293,1289
1,1,14,ECDSA-SHA384_signed-by_ECDSA-SHA256,ECDSA-SHA384_signed-by_ECDSA-SHA256,16.976,1687,1460.81,1,22,1.1,120.4,24,2983.35,2995.69,1292,1288
1,2,16,ECDSA-SHA384_signed-by_ECDSA-SHA256,ECDSA-SHA384_signed-by_ECDSA-SHA256,13.232,2163.77,1286.53,0.692308,7,0.538462,128.462,24,3017.76,2986.73,1291,1288
1,6,18,ECDSA-SHA384_signed-by_ECDSA-SHA256,ECDSA-SHA384_signed-by_ECDSA-SHA256,12.87,2225.88,973.397,0.8,0,0,110,8,3051.8,2995.34,1292,1289
1,5,14,ECDSA-SHA384_signed-by_ECDSA-SHA256,ECDSA-SHA384_signed-by_ECDSA-SHA256,16.873,1698.26,1376.81,1,16,0.941176,171.176,15,3001.44,3000.27,1292,1290
1,7,16,ECDSA-SHA384_signed-by_ECDSA-SHA256,ECDSA-SHA384_signed-by_ECDSA-SHA256,12.752,2245.85,982.4,0.5,0,0,110,16,3025.95,3027.51,1293,1287
1,8,15,ECDSA-SHA384_signed-by_ECDSA-SHA256,ECDSA-SHA384_signed-by_ECDSA-SHA256,14.812,1934.03,938.662,0.666667,2,0.166667,141.333,15,3021.61,2960.95,1293,1288
1,2,17,ECDSA-SHA384_signed-by_ECDSA-SHA256,ECDSA-SHA384_signed-by_ECDSA-SHA256,7.913,3618.01,1550.72,0.333333,0,0,136.667,24,3019.67,2998.75,1291,1288
1,3,17,ECDSA-SHA384_signed-by_ECDSA-SHA256,ECDSA-SHA384_signed-by_ECDSA-SHA256,11.615,2467.14,1056.56,0.333333,0,0,118,24,3014.18,2984.15,1293,1289
1,1,15,ECDSA-SHA384_signed-by_ECDSA-SHA256,ECDSA-SHA384_signed-by_ECDSA-SHA256,11.606,2467.67,1057.38,0.333333,0,0,151.778,24,3036.19,2987.61,1292,1288
1,6,19,ECDSA-SHA384_signed-by_ECDSA-SHA256,ECDSA-SHA384_signed-by_ECDSA-SHA256,10.205,2806.98,1202.43,0.555556,0,0,118,8,3021,2995.65,1292,1289
1,5,15,ECDSA-SHA384_signed-by_ECDSA-SHA256,ECDSA-SHA384_signed-by_ECDSA-SHA256,11.835,2421.27,1174.81,0.416667,5,0.416667,143.333,15,3019.2,3003.63,1292,1290
1,7,17,ECDSA-SHA384_signed-by_ECDSA-SHA256,ECDSA-SHA384_signed-by_ECDSA-SHA256,11.348,2523.78,1500.17,0.384615,7,0.538462,111.846,16,3026.86,2986.98,1293,1287
1,8,16,ECDSA-SHA384_signed-by_ECDSA-SHA256,ECDSA-SHA384_signed-by_ECDSA-SHA256,13.526,2117.94,926.194,0.9,0,0,110,15,3041.97,2981.47,1293,1288
1,2,18,ECDSA-SHA384_signed-by_ECDSA-SHA256,ECDSA-SHA384_signed-by_ECDSA-SHA256,11.792,2428.06,1062.41,0.6,0,0,126.8,24,3024.98,3031.9,1291,1288
1,3,18,ECDSA-SHA384_signed-by_ECDSA-SHA256,ECDSA-SHA384_signed-by_ECDSA-SHA256,11.431,2506.85,1073.56,1,0,0,118,24,3005.54,2983.79,1293,1289
1,1,16,ECDSA-SHA384_signed-by_ECDSA-SHA256,ECDSA-SHA384_signed-by_ECDSA-SHA256,12.564,2279.49,976.742,1,0,0,167.778,24,3023.88,3011.45,1292,1288
1,6,20,ECDSA-SHA384_signed-by_ECDSA-SHA256,ECDSA-SHA384_signed-by_ECDSA-SHA256,12.039,2379.58,1040.61,1,0,0,110,8,3042.53,3000.74,1292,1289
1,5,16,ECDSA-SHA384_signed-by_ECDSA-SHA256,ECDSA-SHA384_signed-by_ECDSA-SHA256,11.604,2469.48,1112.71,1,5,0.416667,136,15,3013.16,3234.84,1292,1290
1,7,18,ECDSA-SHA384_signed-by_ECDSA-SHA256,ECDSA-SHA384_signed-by_ECDSA-SHA256,11.511,2488.04,1583.17,1,9,0.75,133.333,16,3085.4,2990.28,1293,1287
1,3,19,ECDSA-SHA384_signed-by_ECDSA-SHA256,ECDSA-SHA384_signed-by_ECDSA-SHA256,12.066,2374.88,1588.56,1,12,0.666667,94.4444,24,3092.46,3060.86,1293,1289
1,8,17,ECDSA-SHA384_signed-by_ECDSA-SHA256,ECDSA-SHA384_signed-by_ECDSA-SHA256,16.272,1760.49,1438.48,1,19,0.95,103.2,15,3031.06,3004.84,1293,1288
1,1,17,ECDSA-SHA384_signed-by_ECDSA-SHA256,ECDSA-SHA384_signed-by_ECDSA-SHA256,13.203,2169.13,968.233,1,0,0,144.182,24,3015.32,2968.14,1292,1288
1,6,21,ECDSA-SHA384_signed-by_ECDSA-SHA256,ECDSA-SHA384_signed-by_ECDSA-SHA256,13.199,2170.39,929.734,1,0,0,118,8,3046.06,3009.08,1292,1289
1,7,19,ECDSA-SHA384_signed-by_ECDSA-SHA256,ECDSA-SHA384_signed-by_ECDSA-SHA256,16.768,1707.93,1131.62,1,10,0.769231,127.846,16,3020.5,3105.94,1293,1287
1,5,17,ECDSA-SHA384_signed-by_ECDSA-SHA256,ECDSA-SHA384_signed-by_ECDSA-SHA256,18.719,1530.85,742.773,1,2,0.166667,270.667,15,2984.62,3017.74,1292,1290
1,2,19,ECDSA-SHA384_signed-by_ECDSA-SHA256,ECDSA-SHA384_signed-by_ECDSA-SHA256,25.013,1144.66,1409.8,1,36,1.5,159.667,24,3007.33,3021.41,1291,1288
1,3,20,ECDSA-SHA384_signed-by_ECDSA-SHA256,ECDSA-SHA384_signed-by_ECDSA-SHA256,13.01,2202.56,943.252,0.777778,0,0,118,24,2996.8,2982.66,1293,1289
1,8,18,ECDSA-SHA384_signed-by_ECDSA-SHA256,ECDSA-SHA384_signed-by_ECDSA-SHA256,13.2,2170.25,929.673,0.777778,0,0,118,15,3027.91,2992.24,1293,1288
1,6,22,ECDSA-SHA384_signed-by_ECDSA-SHA256,ECDSA-SHA384_signed-by_ECDSA-SHA256,11.196,2558.75,1096.1,0.777778,0,0,118,8,2998.67,3008.11,1292,1289
1,1,18,ECDSA-SHA384_signed-by_ECDSA-SHA256,ECDSA-SHA384_signed-by_ECDSA-SHA256,13.551,2113.45,1344.82,0.583333,9,0.75,190.667,24,3005.16,2997.52,1292,1288
1,7,20,ECDSA-SHA384_signed-by_ECDSA-SHA256,ECDSA-SHA384_signed-by_ECDSA-SHA256,10.271,2788.42,1194.81,0.222222,0,0,126.889,16,3024.18,3015.05,1293,1287
1,2,20,ECDSA-SHA384_signed-by_ECDSA-SHA256,ECDSA-SHA384_signed-by_ECDSA-SHA256,10.027,2855.48,1223.89,0.555556,0,0,136.667,24,3024.74,2986.23,1291,1288
1,5,18,ECDSA-SHA384_signed-by_ECDSA-SHA256,ECDSA-SHA384_signed-by_ECDSA-SHA256,11.192,2560.39,1096.49,0.555556,0,0,168.667,15,3023.02,3001.32,1292,1290
1,3,21,ECDSA-SHA384_signed-by_ECDSA-SHA256,ECDSA-SHA384_signed-by_ECDSA-SHA256,10.163,2819.61,1368.09,0.5,5,0.416667,102.667,24,3022.68,2970.14,1293,1289
1,6,23,ECDSA-SHA384_signed-by_ECDSA-SHA256,ECDSA-SHA384_signed-by_ECDSA-SHA256,10.155,2821.04,1208.45,1,0,0,118,8,3000.62,3009.67,1292,1289
1,8,19,ECDSA-SHA384_signed-by_ECDSA-SHA256,ECDSA-SHA384_signed-by_ECDSA-SHA256,11.172,2564.23,1098.44,1,0,0,118,15,3047.54,2967.11,1293,1288
1,7,21,ECDSA-SHA384_signed-by_ECDSA-SHA256,ECDSA-SHA384_signed-by_ECDSA-SHA256,9.928,2884.76,1445.6,1,6,0.428571,99.7143,16,3026.56,3038.92,1293,1287
1,6,24,ECDSA-SHA384_signed-by_ECDSA-SHA256,ECDSA-SHA384_signed-by_ECDSA-SHA256,10.423,2748.49,1188.12,1,0,0,109.6,8,3011.76,3033.12,1292,1289
1,1,19,ECDSA-SHA384_signed-by_ECDSA-SHA256,ECDSA-SHA384_signed-by_ECDSA-SHA256,19.731,1451.51,1113.36,1,15,0.833333,112.667,24,2997.7,2990.47,1292,1288
1,5,19,ECDSA-SHA384_signed-by_ECDSA-SHA256,ECDSA-SHA384_signed-by_ECDSA-SHA256,14.357,1995.86,1582.42,1,16,0.842105,146,15,3024.34,2989.21,1292,1290
1,8,20,ECDSA-SHA384_signed-by_ECDSA-SHA256,ECDSA-SHA384_signed-by_ECDSA-SHA256,13.034,2197.86,961.14,1,0,0,110,15,3226.33,2987,1293,1288
1,3,22,ECDSA-SHA384_signed-by_ECDSA-SHA256,ECDSA-SHA384_signed-by_ECDSA-SHA256,16.317,1756.11,1481.57,1,18,1.2,191.067,24,3025.34,2970.39,1293,1289
1,2,21,ECDSA-SHA384_signed-by_ECDSA-SHA256,ECDSA-SHA384_signed-by_ECDSA-SHA256,18.195,1573.61,970.813,1,9,0.5625,117.5,24,3035.39,3007.6,1291,1288
1,7,22,ECDSA-SHA384_signed-by_ECDSA-SHA256,ECDSA-SHA384_signed-by_ECDSA-SHA256,11.46,2499.06,1070.82,0.333333,0,0,126.889,16,3032.09,2980.82,1293,1287
1,1,20,ECDSA-SHA384_signed-by_ECDSA-SHA256,ECDSA-SHA384_signed-by_ECDSA-SHA256,8.812,3249.76,1392.49,0.666667,0,0,118,24,3081.27,3003.59,1292,1288
1,6,25,ECDSA-SHA384_signed-by_ECDSA-SHA256,ECDSA-SHA384_signed-by_ECDSA-SHA256,11.312,2532.49,1527.55,0.428571,7,0.5,106.571,8,3009.01,3019.54,1292,1289
1,8,21,ECDSA-SHA384_signed-by_ECDSA-SHA256,ECDSA-SHA384_signed-by_ECDSA-SHA256,9.459,3028.35,1297.26,0.666667,0,0,118.889,15,3016.84,3039.27,1293,1288
1,5,20,ECDSA-SHA384_signed-by_ECDSA-SHA256,ECDSA-SHA384_signed-by_ECDSA-SHA256,11.888,2410.45,1053.81,0.6,0,0,155.6,15,3017.02,3148.53,1292,1290
1,2,22,ECDSA-SHA384_signed-by_ECDSA-SHA256,ECDSA-SHA384_signed-by_ECDSA-SHA256,11.58,2472.47,1081.83,0.3,0,0,123.6,24,2993.74,2995.66,1291,1288
1,7,23,ECDSA-SHA384_signed-by_ECDSA-SHA256,ECDSA-SHA384_signed-by_ECDSA-SHA256,12.138,2359.46,1011.01,0.666667,0,0,126.889,16,3050.24,3012.18,1293,1287
1,3,23,ECDSA-SHA384_signed-by_ECDSA-SHA256,ECDSA-SHA384_signed-by_ECDSA-SHA256,14.726,1945.86,1173.38,0.428571,7,0.5,104.857,24,3057.91,3007.37,1293,1289
1,1,21,ECDSA-SHA384_signed-by_ECDSA-SHA256,ECDSA-SHA384_signed-by_ECDSA-SHA256,10.803,2651.06,1135.96,1,0,0,118,24,3030.94,2984.97,1292,1288
1,6,26,ECDSA-SHA384_signed-by_ECDSA-SHA256,ECDSA-SHA384_signed-by_ECDSA-SHA256,10.702,2676.84,1170.6,1,0,0,110,8,3010.33,2989.62,1292,1289
1,8,22,ECDSA-SHA384_signed-by_ECDSA-SHA256,ECDSA-SHA384_signed-by_ECDSA-SHA256,10.746,2665.88,1159.85,1,4,0.4,110,15,3028.89,2998.59,1293,1288
1,3,24,ECDSA-SHA384_signed-by_ECDSA-SHA256,ECDSA-SHA384_signed-by_ECDSA-SHA256,8.571,3342.99,1454.04,1,4,0.4,110,24,3057.72,2980.2,1293,1289
1,7,24,ECDSA-SHA384_signed-by_ECDSA-SHA256,ECDSA-SHA384_signed-by_ECDSA-SHA256,10.621,2696.5,1179.53,1,0,0,118,16,3040.51,3017.22,1293,1287
1,2,23,ECDSA-SHA384_signed-by_ECDSA-SHA256,ECDSA-SHA384_signed-by_ECDSA-SHA256,13.242,2162.15,946.052,1,0,0,115.6,24,3014.01,2993.88,1291,1288
1,1,22,ECDSA-SHA384_signed-by_ECDSA-SHA256,ECDSA-SHA384_signed-by_ECDSA-SHA256,10.24,2796.83,1198.42,0.333333,0,0,118,24,3019.88,2987.36,1292,1288
1,5,21,ECDSA-SHA384_signed-by_ECDSA-SHA256,ECDSA-SHA384_signed-by_ECDSA-SHA256,19.895,1440.34,1104.18,0.722222,15,0.833333,156,15,3019.58,2994.76,1292,1290
1,8,23,ECDSA-SHA384_signed-by_ECDSA-SHA256,ECDSA-SHA384_signed-by_ECDSA-SHA256,10.803,2651.81,1353.67,0.0769231,3,0.230769,134.615,15,3031.95,3007.16,1293,1288
1,6,27,ECDSA-SHA384_signed-by_ECDSA-SHA256,ECDSA-SHA384_signed-by_ECDSA-SHA256,13.261,2160.25,944.695,0.3,0,0,107.6,8,3034.31,2985.59,1292,1289
1,7,25,ECDSA-SHA384_signed-by_ECDSA-SHA256,ECDSA-SHA384_signed-by_ECDSA-SHA256,9.954,2877.21,1232.86,0.444444,0,0,126.889,16,3041.74,2998.32,1293,1287
1,3,25,ECDSA-SHA384_signed-by_ECDSA-SHA256,ECDSA-SHA384_signed-by_ECDSA-SHA256,11.968,2394.34,1161.74,0.5,2,0.166667,141.333,24,3029.72,2973.91,1293,1289
1,2,24,ECDSA-SHA384_signed-by_ECDSA-SHA256,ECDSA-SHA384_signed-by_ECDSA-SHA256,12.322,2323.6,995.922,1,0,0,126.889,24,3036.38,2993.57,1291,1288
1,1,23,ECDSA-SHA384_signed-by_ECDSA-SHA256,ECDSA-SHA384_signed-by_ECDSA-SHA256,12.18,2351.36,1141.53,0.75,5,0.416667,102.667,24,3041.63,2979.75,1292,1288
1,5,22,ECDSA-SHA384_signed-by_ECDSA-SHA256,ECDSA-SHA384_signed-by_ECDSA-SHA256,12.786,2241.15,979.801,1,0,0,155.6,15,3012.08,2997.75,1292,1290
1,8,24,ECDSA-SHA384_signed-by_ECDSA-SHA256,ECDSA-SHA384_signed-by_ECDSA-SHA256,14.838,1930.65,1164.54,1,7,0.5,106.571,15,3022.55,2991.34,1293,1288
1,6,28,ECDSA-SHA384_signed-by_ECDSA-SHA256,ECDSA-SHA384_signed-by_ECDSA-SHA256,14.306,2002.45,1291.72,1,9,0.692308,126,8,3022.62,3008.69,1292,1289
1,7,26,ECDSA-SHA384_signed-by_ECDSA-SHA256,ECDSA-SHA384_signed-by_ECDSA-SHA256,12.907,2218.91,1445.39,0.875,12,0.75,108.5,16,3147.85,3010.14,1293,1287
1,3,26,ECDSA-SHA384_signed-by_ECDSA-SHA256,ECDSA-SHA384_signed-by_ECDSA-SHA256,12.875,2225.66,973.029,1,0,0,110,24,3036.82,2972.12,1293,1289
1,2,25,ECDSA-SHA384_signed-by_ECDSA-SHA256,ECDSA-SHA384_signed-by_ECDSA-SHA256,12.801,2236.64,958.65,1,0,0,126.889,24,3035.92,3131.8,1291,1288
1,1,24,ECDSA-SHA384_signed-by_ECDSA-SHA256,ECDSA-SHA384_signed-by_ECDSA-SHA256,14.509,1973.88,889.9,1,5,0.416667,98,24,3064.4,3004.34,1292,1288
1,5,23,ECDSA-SHA384_signed-by_ECDSA-SHA256,ECDSA-SHA384_signed-by_ECDSA-SHA256,13.945,2054.87,1252.88,1,8,0.533333,142,15,3017.99,3015.71,1292,1290
1,6,29,ECDSA-SHA384_signed-by_ECDSA-SHA256,ECDSA-SHA384_signed-by_ECDSA-SHA256,11.006,2602.92,1463.91,1,2,0.181818,115.818,8,3006.38,2994.98,1292,1289
1,7,27,ECDSA-SHA384_signed-by_ECDSA-SHA256,ECDSA-SHA384_signed-by_ECDSA-SHA256,11.699,2448.05,1070.85,1,0,0,118,16,3017.58,2995.96,1293,1287
1,8,25,ECDSA-SHA384_signed-by_ECDSA-SHA256,ECDSA-SHA384_signed-by_ECDSA-SHA256,15.142,1891.9,1124.26,1,7,0.538462,111.846,15,3013.51,2983.5,1293,1288
1,3,27,ECDSA-SHA384_signed-by_ECDSA-SHA256,ECDSA-SHA384_signed-by_ECDSA-SHA256,12.454,2300.92,985.373,1,0,0,118,24,3000.88,2993.96,1293,1289
1,1,25,ECDSA-SHA384_signed-by_ECDSA-SHA256,ECDSA-SHA384_signed-by_ECDSA-SHA256,10.917,2623.42,1308.78,1,8,0.571429,133.429,24,3037.44,3003.2,1292,1288
1,2,26,ECDSA-SHA384_signed-by_ECDSA-SHA256,ECDSA-SHA384_signed-by_ECDSA-SHA256,14.836,1929.85,1548.62,1,16,1,133.5,24,3036.03,3003.9,1291,1288
1,6,30,ECDSA-SHA384_signed-by_ECDSA-SHA256,ECDSA-SHA384_signed-by_ECDSA-SHA256,10.516,2724.22,1166.98,1,0,0,118,8,3018.8,2990.86,1292,1289
1,5,24,ECDSA-SHA384_signed-by_ECDSA-SHA256,ECDSA-SHA384_signed-by_ECDSA-SHA256,12.543,2284.57,1663.36,1,9,0.6,156.4,15,3041.26,3012.89,1292,1290
1,8,26,ECDSA-SHA384_signed-by_ECDSA-SHA256,ECDSA-SHA384_signed-by_ECDSA-SHA256,11.967,2393.88,1161.85,1,5,0.416667,102.667,15,3036.99,3000.25,1293,1288
1,6,31,ECDSA-SHA384_signed-by_ECDSA-SHA256,ECDSA-SHA384_signed-by_ECDSA-SHA256,10.379,2760.15,1207.04,1,0,0,107.6,9,3038.36,3018.26,1292,1289
1,3,28,ECDSA-SHA384_signed-by_ECDSA-SHA256,ECDSA-SHA384_signed-by_ECDSA-SHA256,19.071,1502.59,1562.99,1,29,1.16,111.92,24,2998.34,3006.86,1293,1289
1,7,28,ECDSA-SHA384_signed-by_ECDSA-SHA256,ECDSA-SHA384_signed-by_ECDSA-SHA256,22.092,1296.37,936.429,1,13,0.764706,114.941,16,3025.87,3023.83,1293,1287
1,8,27,ECDSA-SHA384_signed-by_ECDSA-SHA256,ECDSA-SHA384_signed-by_ECDSA-SHA256,10.606,2701.03,1157.04,1,0,0,118,15,3033.09,3000.24,1293,1288
1,1,26,ECDSA-SHA384_signed-by_ECDSA-SHA256,ECDSA-SHA384_signed-by_ECDSA-SHA256,18.863,1518.31,2028.09,1,40,1.33333,165.467,24,3023.45,2970.69,1292,1288
1,5,25,ECDSA-SHA384_signed-by_ECDSA-SHA256,ECDSA-SHA384_signed-by_ECDSA-SHA256,19.094,1500.78,1226.77,1,17,0.944444,164.889,15,3005.48,3017.26,1292,1290
1,6,32,ECDSA-SHA384_signed-by_ECDSA-SHA256,ECDSA-SHA384_signed-by_ECDSA-SHA256,11.547,2480.94,1496.46,0.285714,7,0.5,104.857,9,2981.36,3006.78,1292,1289
1,7,29,ECDSA-SHA384_signed-by_ECDSA-SHA256,ECDSA-SHA384_signed-by_ECDSA-SHA256,9.014,3176.98,1361.31,0,0,0,118,16,3004.67,2990.92,1293,1287
1,3,29,ECDSA-SHA384_signed-by_ECDSA-SHA256,ECDSA-SHA384_signed-by_ECDSA-SHA256,11.681,2453.17,1560.11,0.666667,9,0.75,133.333,24,3035.99,2996.69,1293,1289
1,8,28,ECDSA-SHA384_signed-by_ECDSA-SHA256,ECDSA-SHA384_signed-by_ECDSA-SHA256,9.531,3005.49,1287.47,0.444444,0,0,118,15,3017.86,3164.72,1293,1288
1,1,27,ECDSA-SHA384_signed-by_ECDSA-SHA256,ECDSA-SHA384_signed-by_ECDSA-SHA256,9.415,3041.67,1303.33,0.444444,0,0,118,24,3025.24,2984.58,1292,1288
1,5,26,ECDSA-SHA384_signed-by_ECDSA-SHA256,ECDSA-SHA384_signed-by_ECDSA-SHA256,8.775,3265.32,1427.55,0.6,0,0,151.6,15,3011.43,2979.61,1292,1290
1,6,33,ECDSA-SHA384_signed-by_ECDSA-SHA256,ECDSA-SHA384_signed-by_ECDSA-SHA256,8.491,3373.6,1560.09,0.909091,1,0.0909091,102.727,9,3023.66,2977.86,1292,1289
1,3,30,ECDSA-SHA384_signed-by_ECDSA-SHA256,ECDSA-SHA384_signed-by_ECDSA-SHA256,9.053,3165.02,1355.43,0.666667,0,0,118,24,3023.89,3006.51,1293,1289
1,8,29,ECDSA-SHA384_signed-by_ECDSA-SHA256,ECDSA-SHA384_signed-by_ECDSA-SHA256,8.644,3313.84,1449.17,0.6,0,0,110,15,3034.95,2975.32,1293,1288
1,1,28,ECDSA-SHA384_signed-by_ECDSA-SHA256,ECDSA-SHA384_signed-by_ECDSA-SHA256,11.341,2525.28,1082.06,0.888889,0,0,118,24,3005.22,2983.95,1292,1288
1,2,27,ECDSA-SHA384_signed-by_ECDSA-SHA256,ECDSA-SHA384_signed-by_ECDSA-SHA256,39.056,733.097,528.059,1,18,0.947368,103.684,24,3129.35,3006.18,1291,1288
1,7,30,ECDSA-SHA384_signed-by_ECDSA-SHA256,ECDSA-SHA384_signed-by_ECDSA-SHA256,16.354,1751.17,1141.68,1,10,0.714286,119.714,16,3018.45,3006.13,1293,1287
1,6,34,ECDSA-SHA384_signed-by_ECDSA-SHA256,ECDSA-SHA384_signed-by_ECDSA-SHA256,11.34,2526.2,1226.07,0.75,5,0.416667,102.667,9,2996.05,3025.47,1292,1289
1,5,27,ECDSA-SHA384_signed-by_ECDSA-SHA256,ECDSA-SHA384_signed-by_ECDSA-SHA256,15.009,1909.17,1231.21,1,9,0.692308,182.615,15,3031.67,3003.76,1292,1290
1,3,31,ECDSA-SHA384_signed-by_ECDSA-SHA256,ECDSA-SHA384_signed-by_ECDSA-SHA256,12.053,2377.44,1153.54,1,5,0.416667,102.667,24,3024.23,2978.81,1293,1289
1,8,30,ECDSA-SHA384_signed-by_ECDSA-SHA256,ECDSA-SHA384_signed-by_ECDSA-SHA256,13.006,2202.61,1751.75,0.866667,9,0.6,118,15,3037.82,2994.5,1293,1288
1,2,28,ECDSA-SHA384_signed-by_ECDSA-SHA256,ECDSA-SHA384_signed-by_ECDSA-SHA256,10.14,2823.66,1210.25,1,0,0,118,24,3006.45,2986.83,1291,1288
1,1,29,ECDSA-SHA384_signed-by_ECDSA-SHA256,ECDSA-SHA384_signed-by_ECDSA-SHA256,11.943,2398.01,1027.53,1,0,0,118,24,3041.64,2990.66,1292,1288
1,7,31,ECDSA-SHA384_signed-by_ECDSA-SHA256,ECDSA-SHA384_signed-by_ECDSA-SHA256,11.185,2560.53,1097.17,1,0,0,118,16,3041.91,3128.02,1293,1287
1,3,32,ECDSA-SHA384_signed-by_ECDSA-SHA256,ECDSA-SHA384_signed-by_ECDSA-SHA256,10.338,2771.85,1211.81,0.6,0,0,107.6,24,3018.76,2982.79,1293,1289
1,6,35,ECDSA-SHA384_signed-by_ECDSA-SHA256,ECDSA-SHA384_signed-by_ECDSA-SHA256,15.615,1834.55,1394.48,0.823529,14,0.823529,110,9,2992.65,2995.14,1292,1289
1,8,31,ECDSA-SHA384_signed-by_ECDSA-SHA256,ECDSA-SHA384_signed-by_ECDSA-SHA256,11.168,2565.1,1777.88,0.8,14,0.933333,118,15,3045.02,2977.76,1293,1288
1,2,29,ECDSA-SHA384_signed-by_ECDSA-SHA256,ECDSA-SHA384_signed-by_ECDSA-SHA256,11.427,2505.55,1233.52,1,10,0.769231,97.6923,24,3022.42,3000.11,1291,1288
1,1,30,ECDSA-SHA384_signed-by_ECDSA-SHA256,ECDSA-SHA384_signed-by_ECDSA-SHA256,11.133,2572.45,1412.69,0.9375,11,0.6875,90.5,24,3036.12,3004.24,1292,1288
1,5,28,ECDSA-SHA384_signed-by_ECDSA-SHA256,ECDSA-SHA384_signed-by_ECDSA-SHA256,16.638,1722.22,1118.34,1,14,1,172.286,15,3031.56,2968.5,1292,1290
1,7,32,ECDSA-SHA384_signed-by_ECDSA-SHA256,ECDSA-SHA384_signed-by_ECDSA-SHA256,10.462,2737.46,1197.45,1,0,0,110,16,3025.68,3017.44,1293,1287
1,8,32,ECDSA-SHA384_signed-by_ECDSA-SHA256,ECDSA-SHA384_signed-by_ECDSA-SHA256,14.121,2028.67,1219.13,1,11,0.785714,106.571,15,3086.03,3008.17,1293,1288
1,3,33,ECDSA-SHA384_signed-by_ECDSA-SHA256,ECDSA-SHA384_signed-by_ECDSA-SHA256,17.057,1679.92,1028.03,1,7,0.466667,102,24,3016.27,2988.65,1293,1289
1,6,36,ECDSA-SHA384_signed-by_ECDSA-SHA256,ECDSA-SHA384_signed-by_ECDSA-SHA256,16.303,1757.14,830.238,1,1,0.0833333,99.3333,9,2998.53,3010.43,1292,1289
1,5,29,ECDSA-SHA384_signed-by_ECDSA-SHA256,ECDSA-SHA384_signed-by_ECDSA-SHA256,13.787,2078.41,1008.45,1,2,0.166667,462.667,15,3031.24,3006.24,1292,1290
1,7,33,ECDSA-SHA384_signed-by_ECDSA-SHA256,ECDSA-SHA384_signed-by_ECDSA-SHA256,13.569,2110.62,1024.66,1,5,0.416667,102.667,16,3016.11,2990.7,1293,1287
1,2,30,ECDSA-SHA384_signed-by_ECDSA-SHA256,ECDSA-SHA384_signed-by_ECDSA-SHA256,17.509,1635.2,1069.11,1,7,0.4375,102,24,3034.47,3099.91,1291,1288
1,1,31,ECDSA-SHA384_signed-by_ECDSA-SHA256,ECDSA-SHA384_signed-by_ECDSA-SHA256,17.911,1598.94,1108.54,1,14,0.933333,118,24,3019.38,2975.65,1292,1288
1,3,34,ECDSA-SHA384_signed-by_ECDSA-SHA256,ECDSA-SHA384_signed-by_ECDSA-SHA256,11.256,2545.77,1535.14,1,7,0.5,106.571,24,3045.93,2993.66,1293,1289
1,6,37,ECDSA-SHA384_signed-by_ECDSA-SHA256,ECDSA-SHA384_signed-by_ECDSA-SHA256,12.427,2305.23,1028.69,1,0,0,103.455,9,3028.71,3015.33,1292,1289
1,8,33,ECDSA-SHA384_signed-by_ECDSA-SHA256,ECDSA-SHA384_signed-by_ECDSA-SHA256,14.583,1964.39,953.397,1,2,0.166667,141.333,15,3029.39,2985.09,1293,1288
1,7,34,ECDSA-SHA384_signed-by_ECDSA-SHA256,ECDSA-SHA384_signed-by_ECDSA-SHA256,13.988,2047.37,1419.43,1,14,0.933333,118,16,3180.71,3026.27,1293,1287
1,2,31,ECDSA-SHA384_signed-by_ECDSA-SHA256,ECDSA-SHA384_signed-by_ECDSA-SHA256,12.541,2282.97,1453.09,1,9,0.75,133.333,24,3031.27,2971.03,1291,1288
1,1,32,ECDSA-SHA384_signed-by_ECDSA-SHA256,ECDSA-SHA384_signed-by_ECDSA-SHA256,14.692,1949.26,1257.76,0.846154,9,0.692308,154.923,24,3015.61,2978.91,1292,1288
1,5,30,ECDSA-SHA384_signed-by_ECDSA-SHA256,ECDSA-SHA384_signed-by_ECDSA-SHA256,18.655,1536.09,1241.91,1,17,1,171.176,15,2995.46,2995.12,1292,1290
1,6,38,ECDSA-SHA384_signed-by_ECDSA-SHA256,ECDSA-SHA384_signed-by_ECDSA-SHA256,10.503,2727.57,1168.41,0,0,0,118,9,3010.13,3009.79,1292,1289
1,8,34,ECDSA-SHA384_signed-by_ECDSA-SHA256,ECDSA-SHA384_signed-by_ECDSA-SHA256,11.119,2576.45,1103.68,0,0,0,118,15,3033.06,2997.89,1293,1288
1,3,35,ECDSA-SHA384_signed-by_ECDSA-SHA256,ECDSA-SHA384_signed-by_ECDSA-SHA256,14.686,1951.18,1253.94,0.538462,10,0.769231,126,24,3030.63,2992.44,1293,1289
1,7,35,ECDSA-SHA384_signed-by_ECDSA-SHA256,ECDSA-SHA384_signed-by_ECDSA-SHA256,10.536,2718.29,1164.76,0,0,0,118,16,3022.19,2994.64,1293,1287
1,2,32,ECDSA-SHA384_signed-by_ECDSA-SHA256,ECDSA-SHA384_signed-by_ECDSA-SHA256,10.707,2674.13,1146.16,0,0,0,118,24,3000.28,2986.72,1291,1288
1,5,31,ECDSA-SHA384_signed-by_ECDSA-SHA256,ECDSA-SHA384_signed-by_ECDSA-SHA256,9.943,2881.78,1234.13,0.444444,0,0,152.667,15,3033.73,3002.78,1292,1290
1,1,33,ECDSA-SHA384_signed-by_ECDSA-SHA256,ECDSA-SHA384_signed-by_ECDSA-SHA256,14.8,1935.12,863.775,0.727273,0,0,101.273,24,3002.88,3021.45,1292,1288
1,6,39,ECDSA-SHA384_signed-by_ECDSA-SHA256,ECDSA-SHA384_signed-by_ECDSA-SHA256,12.363,2317.07,1124.56,1,5,0.416667,102.667,9,3011.84,3006.69,1292,1289
1,8,35,ECDSA-SHA384_signed-by_ECDSA-SHA256,ECDSA-SHA384_signed-by_ECDSA-SHA256,13.841,2069.77,914.375,1,5,0.454545,103.455,15,3005.04,3014.19,1293,1288
1,2,33,ECDSA-SHA384_signed-by_ECDSA-SHA256,ECDSA-SHA384_signed-by_ECDSA-SHA256,11.915,2402.82,1029.88,1,0,0,118,24,3013.59,3000.34,1291,1288
1,7,36,ECDSA-SHA384_signed-by_ECDSA-SHA256,ECDSA-SHA384_signed-by_ECDSA-SHA256,13.461,2127.61,1475.06,1,14,0.933333,120.667,16,2993.82,3002.32,1293,1287
1,5,32,ECDSA-SHA384_signed-by_ECDSA-SHA256,ECDSA-SHA384_signed-by_ECDSA-SHA256,10.396,2756.21,1268.07,1,5,0.454545,147.091,15,3025.57,2994.38,1292,1290
1,3,36,ECDSA-SHA384_signed-by_ECDSA-SHA256,ECDSA-SHA384_signed-by_ECDSA-SHA256,18.72,1530.71,919.62,1,8,0.571429,126.571,24,3027.29,3012.42,1293,1289
1,6,40,ECDSA-SHA384_signed-by_ECDSA-SHA256,ECDSA-SHA384_signed-by_ECDSA-SHA256,10.112,2833.04,1335.43,0.833333,1,0.0833333,97.3333,9,2985.76,3013.47,1292,1289
1,1,34,ECDSA-SHA384_signed-by_ECDSA-SHA256,ECDSA-SHA384_signed-by_ECDSA-SHA256,12.699,2255.23,1435.03,1,9,0.75,133.333,24,3005.82,3011.36,1292,1288
1,2,34,ECDSA-SHA384_signed-by_ECDSA-SHA256,ECDSA-SHA384_signed-by_ECDSA-SHA256,10.477,2732.81,1171.31,0.888889,0,0,118,24,3025.21,2977.01,1291,1288
1,5,33,ECDSA-SHA384_signed-by_ECDSA-SHA256,ECDSA-SHA384_signed-by_ECDSA-SHA256,10.466,2737.96,1328.47,1,2,0.166667,204,15,3020.15,2998.94,1292,1290
1,7,37,ECDSA-SHA384_signed-by_ECDSA-SHA256,ECDSA-SHA384_signed-by_ECDSA-SHA256,13.306,2152.34,1369.56,1,9,0.75,144,16,3029.03,3001.05,1293,1287
1,3,37,ECDSA-SHA384_signed-by_ECDSA-SHA256,ECDSA-SHA384_signed-by_ECDSA-SHA256,11.522,2487.01,1228.93,1,5,0.384615,97.6923,24,3007.27,3078.3,1293,1289
1,1,35,ECDSA-SHA384_signed-by_ECDSA-SHA256,ECDSA-SHA384_signed-by_ECDSA-SHA256,11.652,2457.86,1053.17,1,0,0,118,24,3034.05,3015.74,1292,1288
1,8,36,ECDSA-SHA384_signed-by_ECDSA-SHA256,ECDSA-SHA384_signed-by_ECDSA-SHA256,20.824,1375.69,895.872,1,9,0.5625,144.5,15,3082.72,2988.55,1293,1288
1,6,41,ECDSA-SHA384_signed-by_ECDSA-SHA256,ECDSA-SHA384_signed-by_ECDSA-SHA256,13.927,2056.91,1649.66,1,16,1,124.5,9,3021.4,2985.81,1292,1289
1,2,35,ECDSA-SHA384_signed-by_ECDSA-SHA256,ECDSA-SHA384_signed-by_ECDSA-SHA256,12.371,2314.35,1493.76,1,9,0.692308,127.846,24,3025.12,2983.4,1291,1288
1,5,34,ECDSA-SHA384_signed-by_ECDSA-SHA256,ECDSA-SHA384_signed-by_ECDSA-SHA256,12.326,2324.76,1595.27,1,7,0.5,107.143,15,3008.5,2974.17,1292,1290
1,7,38,ECDSA-SHA384_signed-by_ECDSA-SHA256,ECDSA-SHA384_signed-by_ECDSA-SHA256,10.788,2654.74,1155.33,1,4,0.4,118,16,3009.79,3016.52,1293,1287
1,3,38,ECDSA-SHA384_signed-by_ECDSA-SHA256,ECDSA-SHA384_signed-by_ECDSA-SHA256,9.044,3168.17,1537.21,1,5,0.416667,102.667,24,3003.93,2964.55,1293,1289
1,6,42,ECDSA-SHA384_signed-by_ECDSA-SHA256,ECDSA-SHA384_signed-by_ECDSA-SHA256,8.441,3393.57,1497.3,1,0,0,100.909,9,3012.86,3009.17,1292,1289
1,5,35,ECDSA-SHA384_signed-by_ECDSA-SHA256,ECDSA-SHA384_signed-by_ECDSA-SHA256,7.888,3632.48,1788.86,1,2,0.153846,93.6923,15,3013.08,2974.58,1292,1290
1,8,37,ECDSA-SHA384_signed-by_ECDSA-SHA256,ECDSA-SHA384_signed-by_ECDSA-SHA256,14.409,1988.12,1208.09,1,9,0.6,105.2,15,3034.62,3036.47,1293,1288
1,1,36,ECDSA-SHA384_signed-by_ECDSA-SHA256,ECDSA-SHA384_signed-by_ECDSA-SHA256,17.703,1617.72,1390.88,1,19,1.11765,133.059,24,3026.12,3003.02,1292,1288
1,6,43,ECDSA-SHA384_signed-by_ECDSA-SHA256,ECDSA-SHA384_signed-by_ECDSA-SHA256,9.557,2997.55,1310.85,0.8,0,0,107.6,9,2969.85,3024.37,1292,1289
1,7,39,ECDSA-SHA384_signed-by_ECDSA-SHA256,ECDSA-SHA384_signed-by_ECDSA-SHA256,15.261,1876.59,923.618,1,3,0.230769,135.846,16,3023.53,2997.03,1293,1287
1,5,36,ECDSA-SHA384_signed-by_ECDSA-SHA256,ECDSA-SHA384_signed-by_ECDSA-SHA256,8.594,3334.04,1427.81,0.888889,0,0,118,15,3207.07,2992.71,1292,1290
1,3,39,ECDSA-SHA384_signed-by_ECDSA-SHA256,ECDSA-SHA384_signed-by_ECDSA-SHA256,15.526,1845.59,1479.77,1,16,1,124.5,24,3046.77,3005.75,1293,1289
1,8,38,ECDSA-SHA384_signed-by_ECDSA-SHA256,ECDSA-SHA384_signed-by_ECDSA-SHA256,15.418,1857.99,1412.3,1,14,0.823529,111.412,15,3027.33,3016.1,1293,1288
1,6,44,ECDSA-SHA384_signed-by_ECDSA-SHA256,ECDSA-SHA384_signed-by_ECDSA-SHA256,11.564,2477.27,1083.33,1,0,0,110,9,2979.44,2975.56,1292,1289
1,2,36,ECDSA-SHA384_signed-by_ECDSA-SHA256,ECDSA-SHA384_signed-by_ECDSA-SHA256,28.715,997.102,820.192,1,19,1,116.316,24,3045.83,2984.5,1291,1288
1,7,40,ECDSA-SHA384_signed-by_ECDSA-SHA256,ECDSA-SHA384_signed-by_ECDSA-SHA256,11.939,2398.79,1153.83,0.909091,2,0.181818,110.727,16,3002.64,2993.72,1293,1287
1,1,37,ECDSA-SHA384_signed-by_ECDSA-SHA256,ECDSA-SHA384_signed-by_ECDSA-SHA256,15.636,1831.59,1889.91,0.875,29,1.20833,109,24,3017.23,2985.54,1292,1288
1,5,37,ECDSA-SHA384_signed-by_ECDSA-SHA256,ECDSA-SHA384_signed-by_ECDSA-SHA256,12.73,2250.99,984.102,1,0,0,120.4,15,4142.93,2970.11,1292,1290
1,3,40,ECDSA-SHA384_signed-by_ECDSA-SHA256,ECDSA-SHA384_signed-by_ECDSA-SHA256,13.467,2127.79,930.238,1,0,0,110,24,3023.61,3010.99,1293,1289
1,8,39,ECDSA-SHA384_signed-by_ECDSA-SHA256,ECDSA-SHA384_signed-by_ECDSA-SHA256,11.016,2600.55,1308.62,1,5,0.357143,93.4286,15,3014.53,3007.96,1293,1288
1,6,45,ECDSA-SHA384_signed-by_ECDSA-SHA256,ECDSA-SHA384_signed-by_ECDSA-SHA256,11.119,2576.46,1103.68,1,0,0,118,9,3020.97,2995.77,1292,1289
1,7,41,ECDSA-SHA384_signed-by_ECDSA-SHA256,ECDSA-SHA384_signed-by_ECDSA-SHA256,11.406,2510.9,1778.67,1,20,1.05263,94.8421,16,3010.72,3006.7,1293,1287
1,5,38,ECDSA-SHA384_signed-by_ECDSA-SHA256,ECDSA-SHA384_signed-by_ECDSA-SHA256,12.505,2291.48,1111.83,1,5,0.416667,102.667,15,3024.38,3019.78,1292,1290
1,2,37,ECDSA-SHA384_signed-by_ECDSA-SHA256,ECDSA-SHA384_signed-by_ECDSA-SHA256,15.912,1799.32,1145.25,1,9,0.75,133.333,24,3045.71,2991.41,1291,1288
1,1,38,ECDSA-SHA384_signed-by_ECDSA-SHA256,ECDSA-SHA384_signed-by_ECDSA-SHA256,15.031,1905.31,1528.51,1,16,1,124.5,24,3023.2,3003.85,1292,1288
1,3,41,ECDSA-SHA384_signed-by_ECDSA-SHA256,ECDSA-SHA384_signed-by_ECDSA-SHA256,13.401,2138.27,1378.95,1,9,0.692308,126,24,3032.71,2975.26,1293,1289
1,6,46,ECDSA-SHA384_signed-by_ECDSA-SHA256,ECDSA-SHA384_signed-by_ECDSA-SHA256,9.351,3063.6,1416.73,1,1,0.0909091,102.727,9,3008.62,3008.25,1292,1289
1,8,40,ECDSA-SHA384_signed-by_ECDSA-SHA256,ECDSA-SHA384_signed-by_ECDSA-SHA256,14.589,1963.59,1300.65,1,9,0.529412,109.529,15,3028.53,2993.94,1293,1288
1,5,39,ECDSA-SHA384_signed-by_ECDSA-SHA256,ECDSA-SHA384_signed-by_ECDSA-SHA256,10.587,2706.68,1739.47,1,10,0.769231,126,15,3002.48,2997.46,1292,1290
1,3,42,ECDSA-SHA384_signed-by_ECDSA-SHA256,ECDSA-SHA384_signed-by_ECDSA-SHA256,10.957,2615.27,1120,1,0,0,118,24,3033.66,2978.06,1293,1289
1,1,39,ECDSA-SHA384_signed-by_ECDSA-SHA256,ECDSA-SHA384_signed-by_ECDSA-SHA256,12.05,2376.71,1521.63,1,9,0.692308,125.692,24,3034.15,3003.16,1292,1288
1,6,47,ECDSA-SHA384_signed-by_ECDSA-SHA256,ECDSA-SHA384_signed-by_ECDSA-SHA256,10.524,2721.9,1321.05,0.583333,5,0.416667,102.667,9,2989.09,2999.47,1292,1289
1,7,42,ECDSA-SHA384_signed-by_ECDSA-SHA256,ECDSA-SHA384_signed-by_ECDSA-SHA256,22.163,1292.24,981.089,1,16,0.842105,158,16,3022.72,3007.48,1293,1287
1,8,41,ECDSA-SHA384_signed-by_ECDSA-SHA256,ECDSA-SHA384_signed-by_ECDSA-SHA256,11.494,2492.43,1089.96,0.8,0,0,126.8,15,2999.3,3048.46,1293,1288
1,5,40,ECDSA-SHA384_signed-by_ECDSA-SHA256,ECDSA-SHA384_signed-by_ECDSA-SHA256,12.052,2377.69,1412.54,0.615385,7,0.538462,111.846,15,3049.23,2989.3,1292,1290
1,3,43,ECDSA-SHA384_signed-by_ECDSA-SHA256,ECDSA-SHA384_signed-by_ECDSA-SHA256,12.25,2339.25,1001.79,1,0,0,123.333,24,3033.56,3021.22,1293,1289
1,1,40,ECDSA-SHA384_signed-by_ECDSA-SHA256,ECDSA-SHA384_signed-by_ECDSA-SHA256,12.433,2303.53,1500.51,0.5625,15,0.9375,101.5,24,3028.91,2994.52,1292,1288
1,6,48,ECDSA-SHA384_signed-by_ECDSA-SHA256,ECDSA-SHA384_signed-by_ECDSA-SHA256,12.148,2358.23,1052.35,0.818182,0,0,103.455,9,3063.81,3013.33,1292,1289
1,2,38,ECDSA-SHA384_signed-by_ECDSA-SHA256,ECDSA-SHA384_signed-by_ECDSA-SHA256,29.539,969.271,636.431,1,12,0.8,117.467,24,3022.18,2992.29,1291,1288
1,7,43,ECDSA-SHA384_signed-by_ECDSA-SHA256,ECDSA-SHA384_signed-by_ECDSA-SHA256,12.622,2269.03,972.26,1,0,0,118,16,3016.93,2996.78,1293,1287
1,8,42,ECDSA-SHA384_signed-by_ECDSA-SHA256,ECDSA-SHA384_signed-by_ECDSA-SHA256,12.426,2305.46,1118.93,1,5,0.416667,118,15,2989.61,2991.68,1293,1288
1,1,41,ECDSA-SHA384_signed-by_ECDSA-SHA256,ECDSA-SHA384_signed-by_ECDSA-SHA256,9.377,3054.01,1482.64,0.583333,2,0.166667,149.333,24,3050.1,3001.52,1292,1288
1,6,49,ECDSA-SHA384_signed-by_ECDSA-SHA256,ECDSA-SHA384_signed-by_ECDSA-SHA256,8.338,3435.52,1502.38,0.7,0,0,106,9,3018.11,2988.96,1292,1289
1,2,39,ECDSA-SHA384_signed-by_ECDSA-SHA256,ECDSA-SHA384_signed-by_ECDSA-SHA256,8.842,3238.17,1498.3,0.181818,1,0.0909091,102.727,24,3026.61,3006.62,1291,1288
1,3,44,ECDSA-SHA384_signed-by_ECDSA-SHA256,ECDSA-SHA384_signed-by_ECDSA-SHA256,16.348,1752.81,1068.72,1,8,0.533333,102,24,3023.08,2999.48,1293,1289
1,7,44,ECDSA-SHA384_signed-by_ECDSA-SHA256,ECDSA-SHA384_signed-by_ECDSA-SHA256,10.361,2764.16,1184.42,0.666667,0,0,118,16,3164.08,3016.51,1293,1287
1,8,43,ECDSA-SHA384_signed-by_ECDSA-SHA256,ECDSA-SHA384_signed-by_ECDSA-SHA256,11.168,2565.14,1121.76,0.6,0,0,126.8,15,3040.77,3003.45,1293,1288
1,1,42,ECDSA-SHA384_signed-by_ECDSA-SHA256,ECDSA-SHA384_signed-by_ECDSA-SHA256,9.857,2905.53,1244.99,0.666667,0,0,118,24,3030,2983.35,1292,1288
1,6,50,ECDSA-SHA384_signed-by_ECDSA-SHA256,ECDSA-SHA384_signed-by_ECDSA-SHA256,10.136,2826.34,1210.72,0.666667,0,0,118,9,3038.48,3008.63,1292,1289
1,3,45,ECDSA-SHA384_signed-by_ECDSA-SHA256,ECDSA-SHA384_signed-by_ECDSA-SHA256,8.773,3266.37,1398.83,0.444444,0,0,126.889,24,3026.03,3005.64,1293,1289
1,2,40,ECDSA-SHA384_signed-by_ECDSA-SHA256,ECDSA-SHA384_signed-by_ECDSA-SHA256,11.177,2561.62,1653.35,0.615385,9,0.692308,124.154,24,3057.42,2978.38,1291,1288
1,7,45,ECDSA-SHA384_signed-by_ECDSA-SHA256,ECDSA-SHA384_signed-by_ECDSA-SHA256,9.447,3031.63,1471.78,0.333333,5,0.416667,102.667,16,3015.89,3020.16,1293,1287
1,8,44,ECDSA-SHA384_signed-by_ECDSA-SHA256,ECDSA-SHA384_signed-by_ECDSA-SHA256,10.738,2667.84,1166.67,1,0,0,126.8,15,3025.4,2993.97,1293,1288
1,1,43,ECDSA-SHA384_signed-by_ECDSA-SHA256,ECDSA-SHA384_signed-by_ECDSA-SHA256,11.245,2546.84,1404.32,0.75,10,0.625,90.5,24,3030,3012.99,1292,1288
1,6,51,ECDSA-SHA384_signed-by_ECDSA-SHA256,ECDSA-SHA384_signed-by_ECDSA-SHA256,11.515,2487.8,1065.7,1,0,0,118,9,3017.83,3020.64,1292,1289
1,5,41,ECDSA-SHA384_signed-by_ECDSA-SHA256,ECDSA-SHA384_signed-by_ECDSA-SHA256,38.372,746.792,795.16,1,15,0.75,107.6,15,3019.02,2974.12,1292,1290
1,2,41,ECDSA-SHA384_signed-by_ECDSA-SHA256,ECDSA-SHA384_signed-by_ECDSA-SHA256,11.064,2587.79,1279.8,0.769231,5,0.384615,97.6923,24,3037.06,3018.19,1291,1288
1,7,46,ECDSA-SHA384_signed-by_ECDSA-SHA256,ECDSA-SHA384_signed-by_ECDSA-SHA256,11.489,2492.75,1068.12,1,0,0,118,16,3008.81,3040.74,1293,1287
1,8,45,ECDSA-SHA384_signed-by_ECDSA-SHA256,ECDSA-SHA384_signed-by_ECDSA-SHA256,10.378,2760.39,1207.14,0.5,0,0,126.8,15,3031.85,2999.22,1293,1288
1,3,46,ECDSA-SHA384_signed-by_ECDSA-SHA256,ECDSA-SHA384_signed-by_ECDSA-SHA256,16.337,1753.96,1053.75,1,8,0.571429,114,24,3043.36,2975.05,1293,1289
1,1,44,ECDSA-SHA384_signed-by_ECDSA-SHA256,ECDSA-SHA384_signed-by_ECDSA-SHA256,10.863,2636.41,1129.68,1,0,0,118,24,3011.5,2984.96,1292,1288
1,6,52,ECDSA-SHA384_signed-by_ECDSA-SHA256,ECDSA-SHA384_signed-by_ECDSA-SHA256,10.8,2652.55,1136.28,1,0,0,118,9,3006.03,2997.56,1292,1289
1,5,42,ECDSA-SHA384_signed-by_ECDSA-SHA256,ECDSA-SHA384_signed-by_ECDSA-SHA256,13.167,2176.27,951.437,1,0,0,110,15,2998.51,2992.4,1292,1290
1,2,42,ECDSA-SHA384_signed-by_ECDSA-SHA256,ECDSA-SHA384_signed-by_ECDSA-SHA256,12.661,2261.36,989.465,1,0,0,107.6,24,3032.02,2991.39,1291,1288
1,7,47,ECDSA-SHA384_signed-by_ECDSA-SHA256,ECDSA-SHA384_signed-by_ECDSA-SHA256,11.687,2450.53,1456.63,1,7,0.538462,111.846,16,3017.81,3001.59,1293,1287
1,8,46,ECDSA-SHA384_signed-by_ECDSA-SHA256,ECDSA-SHA384_signed-by_ECDSA-SHA256,11.579,2474.11,1573.87,1,9,0.75,156,16,3018.61,2985.31,1293,1288
1,1,45,ECDSA-SHA384_signed-by_ECDSA-SHA256,ECDSA-SHA384_signed-by_ECDSA-SHA256,10.754,2663.17,1141.15,1,0,0,118,24,3023.08,2984.35,1292,1288
1,6,53,ECDSA-SHA384_signed-by_ECDSA-SHA256,ECDSA-SHA384_signed-by_ECDSA-SHA256,11.546,2481.17,1085.03,1,0,0,110,9,3016.64,3000.73,1292,1289
1,3,47,ECDSA-SHA384_signed-by_ECDSA-SHA256,ECDSA-SHA384_signed-by_ECDSA-SHA256,15.96,1795.43,1157.86,1,9,0.692308,135.846,24,3017.13,2990.71,1293,1289
1,2,43,ECDSA-SHA384_signed-by_ECDSA-SHA256,ECDSA-SHA384_signed-by_ECDSA-SHA256,12.214,2344.17,1492.04,1,9,0.75,133.333,24,3023.93,2986.29,1291,1288
1,5,43,ECDSA-SHA384_signed-by_ECDSA-SHA256,ECDSA-SHA384_signed-by_ECDSA-SHA256,13.815,2074.23,1319.12,1,9,0.75,134,15,3010.39,3048.42,1292,1290
1,7,48,ECDSA-SHA384_signed-by_ECDSA-SHA256,ECDSA-SHA384_signed-by_ECDSA-SHA256,13.96,2051.52,1440.65,0.75,14,0.875,113,16,3014.15,2997.69,1293,1287
1,1,46,ECDSA-SHA384_signed-by_ECDSA-SHA256,ECDSA-SHA384_signed-by_ECDSA-SHA256,11.294,2535.83,1231.08,0.666667,5,0.416667,102.667,24,3036.6,2980.75,1292,1288
1,8,47,ECDSA-SHA384_signed-by_ECDSA-SHA256,ECDSA-SHA384_signed-by_ECDSA-SHA256,13.246,2162.72,926.447,0.888889,0,0,136.667,16,3024.77,2997.42,1293,1288
1,6,54,ECDSA-SHA384_signed-by_ECDSA-SHA256,ECDSA-SHA384_signed-by_ECDSA-SHA256,12.416,2307.28,1599.18,0.533333,14,0.933333,118,9,3004.47,2967.72,1292,1289
1,3,48,ECDSA-SHA384_signed-by_ECDSA-SHA256,ECDSA-SHA384_signed-by_ECDSA-SHA256,13.181,2173.95,950.421,0.7,0,0,115.6,24,3046.73,3036.52,1293,1289
1,2,44,ECDSA-SHA384_signed-by_ECDSA-SHA256,ECDSA-SHA384_signed-by_ECDSA-SHA256,10.303,2778.94,1191.08,1,0,0,118,24,3044.33,3002.35,1291,1288
1,5,44,ECDSA-SHA384_signed-by_ECDSA-SHA256,ECDSA-SHA384_signed-by_ECDSA-SHA256,11.51,2489.6,1230.2,1,5,0.384615,97.6923,15,3023.27,2985.06,1292,1290
1,1,47,ECDSA-SHA384_signed-by_ECDSA-SHA256,ECDSA-SHA384_signed-by_ECDSA-SHA256,10.311,2777.58,1348.45,1,5,0.416667,102.667,24,3029.61,2980.31,1292,1288
1,8,48,ECDSA-SHA384_signed-by_ECDSA-SHA256,ECDSA-SHA384_signed-by_ECDSA-SHA256,11.668,2455.19,1197.08,1,2,0.166667,115.333,16,3018.09,2984.39,1293,1288
1,6,55,ECDSA-SHA384_signed-by_ECDSA-SHA256,ECDSA-SHA384_signed-by_ECDSA-SHA256,11.314,2532.01,1084.64,1,0,0,118,9,3033.2,2998.51,1292,1289
1,3,49,ECDSA-SHA384_signed-by_ECDSA-SHA256,ECDSA-SHA384_signed-by_ECDSA-SHA256,11.084,2585.26,1853.42,1,17,0.85,97.2,24,3055.93,3001.98,1293,1289
1,2,45,ECDSA-SHA384_signed-by_ECDSA-SHA256,ECDSA-SHA384_signed-by_ECDSA-SHA256,13.311,2150.89,941.127,1,0,0,110,24,3047.62,2984.81,1291,1288
1,7,49,ECDSA-SHA384_signed-by_ECDSA-SHA256,ECDSA-SHA384_signed-by_ECDSA-SHA256,22.128,1294.25,1075.17,1,21,0.954545,97.2727,16,3017.28,3015.58,1293,1287
1,5,45,ECDSA-SHA384_signed-by_ECDSA-SHA256,ECDSA-SHA384_signed-by_ECDSA-SHA256,14.711,1947.81,1251.77,1,10,0.769231,128.462,15,3032.11,2985.04,1292,1290
1,8,49,ECDSA-SHA384_signed-by_ECDSA-SHA256,ECDSA-SHA384_signed-by_ECDSA-SHA256,13.445,2130.64,931.745,1,0,0,126.8,16,3120.7,3000.91,1293,1288
1,6,56,ECDSA-SHA384_signed-by_ECDSA-SHA256,ECDSA-SHA384_signed-by_ECDSA-SHA256,13.149,2178.62,1385.9,1,9,0.75,133.333,9,3003.92,2993.47,1292,1289
1,1,48,ECDSA-SHA384_signed-by_ECDSA-SHA256,ECDSA-SHA384_signed-by_ECDSA-SHA256,17.598,1627.44,1384.69,1,22,1.375,139,24,3025,2980.01,1292,1288
1,3,50,ECDSA-SHA384_signed-by_ECDSA-SHA256,ECDSA-SHA384_signed-by_ECDSA-SHA256,10.938,2619.8,1271.14,0.916667,5,0.416667,110,24,3034,2976.77,1293,1289
1,7,50,ECDSA-SHA384_signed-by_ECDSA-SHA256,ECDSA-SHA384_signed-by_ECDSA-SHA256,9.981,2869.43,1841.88,0.823529,12,0.705882,91.6471,16,3017.91,2998.82,1293,1287
1,2,46,ECDSA-SHA384_signed-by_ECDSA-SHA256,ECDSA-SHA384_signed-by_ECDSA-SHA256,14.072,2034.61,872.059,1,0,0,118,24,3082.93,2968.09,1291,1288
1,8,50,ECDSA-SHA384_signed-by_ECDSA-SHA256,ECDSA-SHA384_signed-by_ECDSA-SHA256,12.285,2331.89,998.918,1,0,0,136.667,16,3049.85,3010.05,1293,1288
1,3,51,ECDSA-SHA384_signed-by_ECDSA-SHA256,ECDSA-SHA384_signed-by_ECDSA-SHA256,10.699,2678.34,1147.01,1,3,0.333333,126.889,24,3043.86,3016.12,1293,1289
1,5,46,ECDSA-SHA384_signed-by_ECDSA-SHA256,ECDSA-SHA384_signed-by_ECDSA-SHA256,15.096,1898.18,1526.17,1,9,0.5625,118,15,2980.01,2982.48,1292,1290
1,6,57,ECDSA-SHA384_signed-by_ECDSA-SHA256,ECDSA-SHA384_signed-by_ECDSA-SHA256,13.493,2123.12,1702.76,1,14,0.875,110,9,3019.98,3145.28,1292,1289
1,1,49,ECDSA-SHA384_signed-by_ECDSA-SHA256,ECDSA-SHA384_signed-by_ECDSA-SHA256,13.065,2192.06,1083.78,1,2,0.153846,133.385,24,3013.97,3001.25,1292,1288
1,2,47,ECDSA-SHA384_signed-by_ECDSA-SHA256,ECDSA-SHA384_signed-by_ECDSA-SHA256,13.063,2191.79,967.595,0.727273,0,0,103.091,24,3046.93,3000.86,1291,1288
1,8,51,ECDSA-SHA384_signed-by_ECDSA-SHA256,ECDSA-SHA384_signed-by_ECDSA-SHA256,11.501,2490.9,1567.85,1,2,0.181818,140.545,16,3027.29,3003.05,1293,1288
1,5,47,ECDSA-SHA384_signed-by_ECDSA-SHA256,ECDSA-SHA384_signed-by_ECDSA-SHA256,11.52,2487.48,1065.27,0.888889,0,0,126.889,15,3047.4,2976.08,1292,1290
1,1,50,ECDSA-SHA384_signed-by_ECDSA-SHA256,ECDSA-SHA384_signed-by_ECDSA-SHA256,10.535,2718.55,1164.87,1,0,0,118,24,2999.3,3003.11,1292,1288
1,3,52,ECDSA-SHA384_signed-by_ECDSA-SHA256,ECDSA-SHA384_signed-by_ECDSA-SHA256,13.665,2096.98,1150.94,0.75,8,0.5,127.5,24,3041.34,2985.55,1293,1289
1,7,51,ECDSA-SHA384_signed-by_ECDSA-SHA256,ECDSA-SHA384_signed-by_ECDSA-SHA256,21.606,1325.55,863.456,1,9,0.5625,136.5,16,3034.39,2989.86,1293,1287
1,2,48,ECDSA-SHA384_signed-by_ECDSA-SHA256,ECDSA-SHA384_signed-by_ECDSA-SHA256,10.574,2707.71,1184.76,1,0,0,110,24,3045.68,3004.62,1291,1288
1,6,58,ECDSA-SHA384_signed-by_ECDSA-SHA256,ECDSA-SHA384_signed-by_ECDSA-SHA256,18.705,1531.57,1407.96,0.85,14,0.7,126.8,9,3016.42,3005.46,1292,1289
1,8,52,ECDSA-SHA384_signed-by_ECDSA-SHA256,ECDSA-SHA384_signed-by_ECDSA-SHA256,10.605,2701.31,1335.19,0.923077,5,0.384615,111.846,16,3021.27,3042.79,1293,1288
1,1,51,ECDSA-SHA384_signed-by_ECDSA-SHA256,ECDSA-SHA384_signed-by_ECDSA-SHA256,11.051,2591.55,1258.13,0.833333,8,0.666667,102.667,24,2985.91,2982.22,1292,1288
1,5,48,ECDSA-SHA384_signed-by_ECDSA-SHA256,ECDSA-SHA384_signed-by_ECDSA-SHA256,12.041,2379.79,1513.45,1,9,0.75,144,15,3007.16,3017.47,1292,1290
1,3,53,ECDSA-SHA384_signed-by_ECDSA-SHA256,ECDSA-SHA384_signed-by_ECDSA-SHA256,12.576,2278.56,1036.87,0.833333,0,0,104.667,24,3020.13,2993.82,1293,1289
1,7,52,ECDSA-SHA384_signed-by_ECDSA-SHA256,ECDSA-SHA384_signed-by_ECDSA-SHA256,13.474,2125.5,910.761,1,0,0,118,16,2996.11,3017.76,1293,1287
1,6,59,ECDSA-SHA384_signed-by_ECDSA-SHA256,ECDSA-SHA384_signed-by_ECDSA-SHA256,11.385,2516.25,1077.89,1,0,0,126.889,9,2972.76,3005.14,1292,1289
1,2,49,ECDSA-SHA384_signed-by_ECDSA-SHA256,ECDSA-SHA384_signed-by_ECDSA-SHA256,14.198,2016.55,1309.43,1,9,0.642857,119.429,24,3029.53,3018.09,1291,1288
1,8,53,ECDSA-SHA384_signed-by_ECDSA-SHA256,ECDSA-SHA384_signed-by_ECDSA-SHA256,12.753,2246.31,1413.9,0.818182,2,0.181818,140.545,16,2996.38,2998.38,1293,1288
1,5,49,ECDSA-SHA384_signed-by_ECDSA-SHA256,ECDSA-SHA384_signed-by_ECDSA-SHA256,11.456,2501.34,1071.21,1,0,0,126.889,15,3028.1,2978.15,1292,1290
1,1,52,ECDSA-SHA384_signed-by_ECDSA-SHA256,ECDSA-SHA384_signed-by_ECDSA-SHA256,12.388,2311.85,1122.35,0.833333,2,0.166667,149.333,24,3055.19,2998.31,1292,1288
1,3,54,ECDSA-SHA384_signed-by_ECDSA-SHA256,ECDSA-SHA384_signed-by_ECDSA-SHA256,10.083,2841.96,1397.97,0.769231,9,0.692308,104.462,24,3018.5,2977.46,1293,1289
1,7,53,ECDSA-SHA384_signed-by_ECDSA-SHA256,ECDSA-SHA384_signed-by_ECDSA-SHA256,17.104,1674.38,1121.55,1,10,0.625,109.5,16,3020.32,3028.41,1293,1287
1,6,60,ECDSA-SHA384_signed-by_ECDSA-SHA256,ECDSA-SHA384_signed-by_ECDSA-SHA256,14.227,2013.57,1196.56,1,7,0.538462,119.846,9,2971.09,2981.67,1292,1289
1,8,54,ECDSA-SHA384_signed-by_ECDSA-SHA256,ECDSA-SHA384_signed-by_ECDSA-SHA256,12.266,2335.52,1000.47,1,0,0,136.667,16,3029.56,2996.47,1293,1288
1,2,50,ECDSA-SHA384_signed-by_ECDSA-SHA256,ECDSA-SHA384_signed-by_ECDSA-SHA256,13.723,2086.37,912.897,1,0,0,110,24,3021.81,3012.09,1291,1288
1,5,50,ECDSA-SHA384_signed-by_ECDSA-SHA256,ECDSA-SHA384_signed-by_ECDSA-SHA256,12.949,2212.94,1329.49,1,11,0.785714,114,15,3005.7,2985.06,1292,1290
1,1,53,ECDSA-SHA384_signed-by_ECDSA-SHA256,ECDSA-SHA384_signed-by_ECDSA-SHA256,12.938,2213.58,948.501,1,0,0,118,24,3031.22,2988.87,1292,1288
1,3,55,ECDSA-SHA384_signed-by_ECDSA-SHA256,ECDSA-SHA384_signed-by_ECDSA-SHA256,13.258,2161.36,1171.79,1,7,0.466667,127.067,24,3031.35,2963.36,1293,1289
1,8,55,ECDSA-SHA384_signed-by_ECDSA-SHA256,ECDSA-SHA384_signed-by_ECDSA-SHA256,8.561,3346.31,1463.37,1,0,0,126.8,16,3037.59,3008.43,1293,1288
1,6,61,ECDSA-SHA384_signed-by_ECDSA-SHA256,ECDSA-SHA384_signed-by_ECDSA-SHA256,10.612,2699.52,1614.74,1,7,0.5,113.714,9,3025.24,3018.32,1292,1289
1,2,51,ECDSA-SHA384_signed-by_ECDSA-SHA256,ECDSA-SHA384_signed-by_ECDSA-SHA256,9.89,2894.98,1266.71,1,0,0,110,24,3009.67,3030.23,1291,1288
1,1,54,ECDSA-SHA384_signed-by_ECDSA-SHA256,ECDSA-SHA384_signed-by_ECDSA-SHA256,11.364,2520.15,1498.01,1,7,0.538462,111.846,24,2995.93,2981.2,1292,1288
1,7,54,ECDSA-SHA384_signed-by_ECDSA-SHA256,ECDSA-SHA384_signed-by_ECDSA-SHA256,17.463,1640.04,1410.07,1,19,1.11765,133.059,16,3033.8,3010.75,1293,1287
1,5,51,ECDSA-SHA384_signed-by_ECDSA-SHA256,ECDSA-SHA384_signed-by_ECDSA-SHA256,15.409,1859.59,914.741,1,3,0.230769,135.846,15,3033.3,3030.67,1292,1290
1,8,56,ECDSA-SHA384_signed-by_ECDSA-SHA256,ECDSA-SHA384_signed-by_ECDSA-SHA256,10.557,2713.6,1162.43,0.333333,0,0,136.667,16,3026.83,3009.55,1293,1288
1,6,62,ECDSA-SHA384_signed-by_ECDSA-SHA256,ECDSA-SHA384_signed-by_ECDSA-SHA256,9.834,2913.14,1267.43,0.3,5,0.5,118,9,3175.02,3018.4,1292,1289
1,2,52,ECDSA-SHA384_signed-by_ECDSA-SHA256,ECDSA-SHA384_signed-by_ECDSA-SHA256,11.083,2583.37,1107.26,0.555556,0,0,118,24,3032.89,3001.1,1291,1288
1,3,56,ECDSA-SHA384_signed-by_ECDSA-SHA256,ECDSA-SHA384_signed-by_ECDSA-SHA256,19.627,1460.01,961.112,0.933333,11,0.733333,119.6,24,3064.07,2982.34,1293,1289
1,1,55,ECDSA-SHA384_signed-by_ECDSA-SHA256,ECDSA-SHA384_signed-by_ECDSA-SHA256,12.833,2231.68,1052.25,0.416667,1,0.0833333,97.3333,24,3039.59,2973.82,1292,1288
1,7,55,ECDSA-SHA384_signed-by_ECDSA-SHA256,ECDSA-SHA384_signed-by_ECDSA-SHA256,12.038,2379.08,1019.42,1,0,0,118,16,3004.23,3056.34,1293,1287
1,8,57,ECDSA-SHA384_signed-by_ECDSA-SHA256,ECDSA-SHA384_signed-by_ECDSA-SHA256,10.771,2659.71,1139.34,1,0,0,136.667,16,3012.78,2993.06,1293,1288
1,5,52,ECDSA-SHA384_signed-by_ECDSA-SHA256,ECDSA-SHA384_signed-by_ECDSA-SHA256,14.016,2044.45,1711.13,1,7,0.5,126,15,3032.2,2983.89,1292,1290
1,6,63,ECDSA-SHA384_signed-by_ECDSA-SHA256,ECDSA-SHA384_signed-by_ECDSA-SHA256,13.035,2197.71,1196.74,1,5,0.333333,130.8,9,3011.01,2976.87,1292,1289
1,2,53,ECDSA-SHA384_signed-by_ECDSA-SHA256,ECDSA-SHA384_signed-by_ECDSA-SHA256,11.717,2443.57,1047.34,1,0,0,118,24,3017.08,2996.83,1291,1288
1,3,57,ECDSA-SHA384_signed-by_ECDSA-SHA256,ECDSA-SHA384_signed-by_ECDSA-SHA256,14.039,2041.09,1230.81,1,7,0.5,112.286,24,3018.39,2981.37,1293,1289
1,7,56,ECDSA-SHA384_signed-by_ECDSA-SHA256,ECDSA-SHA384_signed-by_ECDSA-SHA256,12.083,2370.19,1508.18,0.916667,9,0.75,133.333,16,3033.46,2983.93,1293,1287
1,1,56,ECDSA-SHA384_signed-by_ECDSA-SHA256,ECDSA-SHA384_signed-by_ECDSA-SHA256,14.715,1946.23,1561.33,1,16,1,124.5,24,2990.85,3012.02,1292,1288
1,5,53,ECDSA-SHA384_signed-by_ECDSA-SHA256,ECDSA-SHA384_signed-by_ECDSA-SHA256,11.174,2564.45,1098.23,0.222222,0,0,123.333,15,3031.76,3009.57,1292,1290
1,8,58,ECDSA-SHA384_signed-by_ECDSA-SHA256,ECDSA-SHA384_signed-by_ECDSA-SHA256,13.03,2198.53,1398.56,0.916667,9,0.75,156,16,3048.14,2961.75,1293,1288
1,6,64,ECDSA-SHA384_signed-by_ECDSA-SHA256,ECDSA-SHA384_signed-by_ECDSA-SHA256,10.678,2682.83,1149.25,0.444444,0,0,118,9,3022.97,2988.31,1292,1289
1,2,54,ECDSA-SHA384_signed-by_ECDSA-SHA256,ECDSA-SHA384_signed-by_ECDSA-SHA256,11.708,2445.42,1326.91,0.6,13,0.866667,94,24,3007.65,2991.64,1291,1288
1,3,58,ECDSA-SHA384_signed-by_ECDSA-SHA256,ECDSA-SHA384_signed-by_ECDSA-SHA256,9.943,2881.98,1253.53,0.9,4,0.4,118,24,3021.78,2989,1293,1289
1,7,57,ECDSA-SHA384_signed-by_ECDSA-SHA256,ECDSA-SHA384_signed-by_ECDSA-SHA256,10.32,2775.15,1213.93,1,0,0,110,16,3022.48,3013.85,1293,1287
1,1,57,ECDSA-SHA384_signed-by_ECDSA-SHA256,ECDSA-SHA384_signed-by_ECDSA-SHA256,11.235,2549.12,1137.85,1,0,0,103.455,24,3010.62,3009.78,1292,1288
1,5,54,ECDSA-SHA384_signed-by_ECDSA-SHA256,ECDSA-SHA384_signed-by_ECDSA-SHA256,11.853,2417.53,1581.99,1,3,0.25,115.333,15,3022.74,3015.34,1292,1290
1,6,65,ECDSA-SHA384_signed-by_ECDSA-SHA256,ECDSA-SHA384_signed-by_ECDSA-SHA256,12.842,2230.7,1774.1,0.666667,9,0.6,114.8,9,3013.77,2996.21,1292,1289
1,8,59,ECDSA-SHA384_signed-by_ECDSA-SHA256,ECDSA-SHA384_signed-by_ECDSA-SHA256,14.434,1984.66,1210.42,0.866667,8,0.533333,114.267,16,3023.58,2981.49,1293,1288
1,2,55,ECDSA-SHA384_signed-by_ECDSA-SHA256,ECDSA-SHA384_signed-by_ECDSA-SHA256,12.679,2258.13,1116.76,0.615385,2,0.153846,140.769,24,3033.95,3013.97,1291,1288
1,1,58,ECDSA-SHA384_signed-by_ECDSA-SHA256,ECDSA-SHA384_signed-by_ECDSA-SHA256,11.853,2416.22,1035.33,0.333333,0,0,118,24,3008.5,3008.69,1292,1288
1,7,58,ECDSA-SHA384_signed-by_ECDSA-SHA256,ECDSA-SHA384_signed-by_ECDSA-SHA256,14.784,1937.16,830.058,0.333333,0,0,118,16,3017.98,3004.79,1293,1287
1,3,59,ECDSA-SHA384_signed-by_ECDSA-SHA256,ECDSA-SHA384_signed-by_ECDSA-SHA256,19.849,1443.69,949.564,0.470588,10,0.588235,128.353,24,3012.29,2999.24,1293,1289
1,5,55,ECDSA-SHA384_signed-by_ECDSA-SHA256,ECDSA-SHA384_signed-by_ECDSA-SHA256,12.787,2240.99,979.727,0.3,0,0,110,15,2983.29,3110.57,1292,1290
1,6,66,ECDSA-SHA384_signed-by_ECDSA-SHA256,ECDSA-SHA384_signed-by_ECDSA-SHA256,11.479,2495.68,1069.08,0.333333,0,0,118,9,3019.27,3010.7,1292,1289
1,2,56,ECDSA-SHA384_signed-by_ECDSA-SHA256,ECDSA-SHA384_signed-by_ECDSA-SHA256,10.751,2662.96,1141.37,0.111111,0,0,118.889,24,3052.56,2997.95,1291,1288
1,8,60,ECDSA-SHA384_signed-by_ECDSA-SHA256,ECDSA-SHA384_signed-by_ECDSA-SHA256,12.669,2261.24,968.652,0.555556,0,0,136.667,16,3023.88,2975.43,1293,1288
1,7,59,ECDSA-SHA384_signed-by_ECDSA-SHA256,ECDSA-SHA384_signed-by_ECDSA-SHA256,8.801,3253.85,1394.25,0.555556,0,0,130.444,16,3012.11,3195.01,1293,1287
1,1,59,ECDSA-SHA384_signed-by_ECDSA-SHA256,ECDSA-SHA384_signed-by_ECDSA-SHA256,10.862,2636.7,1285.94,0.416667,2,0.166667,100.667,24,3046.07,2985.97,1292,1288
1,5,56,ECDSA-SHA384_signed-by_ECDSA-SHA256,ECDSA-SHA384_signed-by_ECDSA-SHA256,10.043,2853.31,1221.94,0.777778,0,0,118,15,3014.76,2984.4,1292,1290
1,3,60,ECDSA-SHA384_signed-by_ECDSA-SHA256,ECDSA-SHA384_signed-by_ECDSA-SHA256,11.577,2475.22,1470.48,0.846154,7,0.538462,115.538,24,3076.05,3010.36,1293,1289
1,6,67,ECDSA-SHA384_signed-by_ECDSA-SHA256,ECDSA-SHA384_signed-by_ECDSA-SHA256,11.267,2542.62,1089.19,1,0,0,118,9,3069.43,3002.45,1292,1289
1,2,57,ECDSA-SHA384_signed-by_ECDSA-SHA256,ECDSA-SHA384_signed-by_ECDSA-SHA256,11.713,2444.41,1187.03,0.833333,5,0.416667,102.667,24,3030.23,2976.15,1291,1288
1,8,61,ECDSA-SHA384_signed-by_ECDSA-SHA256,ECDSA-SHA384_signed-by_ECDSA-SHA256,10.907,2626.54,1125.14,0.666667,0,0,136.667,16,3014.11,2991.09,1293,1288
1,7,60,ECDSA-SHA384_signed-by_ECDSA-SHA256,ECDSA-SHA384_signed-by_ECDSA-SHA256,12.394,2310.73,1142.46,0.846154,5,0.384615,97.6923,16,2996.89,2997.99,1293,1287
1,1,60,ECDSA-SHA384_signed-by_ECDSA-SHA256,ECDSA-SHA384_signed-by_ECDSA-SHA256,11.399,2512.45,1219.73,0.916667,5,0.416667,102.667,24,3015.24,2975.52,1292,1288
1,3,61,ECDSA-SHA384_signed-by_ECDSA-SHA256,ECDSA-SHA384_signed-by_ECDSA-SHA256,9.505,3014.82,1291.1,0.666667,0,0,118,24,3027.09,2990.53,1293,1289
1,5,57,ECDSA-SHA384_signed-by_ECDSA-SHA256,ECDSA-SHA384_signed-by_ECDSA-SHA256,11.122,2576.48,1638.53,0.833333,9,0.75,133.333,15,3044.65,2992.09,1292,1290
1,6,68,ECDSA-SHA384_signed-by_ECDSA-SHA256,ECDSA-SHA384_signed-by_ECDSA-SHA256,11.511,2488.68,1066.08,0.666667,0,0,118,9,3009.94,3054.24,1292,1289
1,2,58,ECDSA-SHA384_signed-by_ECDSA-SHA256,ECDSA-SHA384_signed-by_ECDSA-SHA256,13.02,2199,981.84,0.818182,0,0,103.455,24,3020.62,2981.92,1291,1288
1,1,61,ECDSA-SHA384_signed-by_ECDSA-SHA256,ECDSA-SHA384_signed-by_ECDSA-SHA256,10.615,2698.01,1180.19,0.7,0,0,110,24,3023.32,3020.82,1292,1288
1,7,61,ECDSA-SHA384_signed-by_ECDSA-SHA256,ECDSA-SHA384_signed-by_ECDSA-SHA256,12.109,2365.11,1013.43,1,0,0,118,16,3008.96,3006.07,1293,1287
1,8,62,ECDSA-SHA384_signed-by_ECDSA-SHA256,ECDSA-SHA384_signed-by_ECDSA-SHA256,19.591,1462.29,891.83,1,8,0.533333,116.4,16,2997.45,2972.43,1293,1288
1,5,58,ECDSA-SHA384_signed-by_ECDSA-SHA256,ECDSA-SHA384_signed-by_ECDSA-SHA256,12.714,2253.83,965.207,1,0,0,118,15,3067.56,2978.2,1292,1290
1,3,62,ECDSA-SHA384_signed-by_ECDSA-SHA256,ECDSA-SHA384_signed-by_ECDSA-SHA256,14.097,2032.71,1439.13,0.526316,17,0.894737,94.8421,24,3033.39,3014.7,1293,1289
1,6,69,ECDSA-SHA384_signed-by_ECDSA-SHA256,ECDSA-SHA384_signed-by_ECDSA-SHA256,13.077,2190.66,1301.8,1,7,0.538462,111.846,9,3127.67,3060.05,1292,1289
1,2,59,ECDSA-SHA384_signed-by_ECDSA-SHA256,ECDSA-SHA384_signed-by_ECDSA-SHA256,12.464,2297.11,1005.11,1,0,0,110,24,3022.85,3011.6,1291,1288
1,7,62,ECDSA-SHA384_signed-by_ECDSA-SHA256,ECDSA-SHA384_signed-by_ECDSA-SHA256,11.753,2436.78,1204.78,0.923077,5,0.384615,97.6923,16,3059.23,3036,1293,1287
1,1,62,ECDSA-SHA384_signed-by_ECDSA-SHA256,ECDSA-SHA384_signed-by_ECDSA-SHA256,15.688,1825.52,1129.99,0.875,8,0.5,98,24,3043.2,2989.82,1292,1288
1,8,63,ECDSA-SHA384_signed-by_ECDSA-SHA256,ECDSA-SHA384_signed-by_ECDSA-SHA256,13.326,2149.71,920.874,1,0,0,136.667,16,3000.24,3003.52,1293,1288
1,5,59,ECDSA-SHA384_signed-by_ECDSA-SHA256,ECDSA-SHA384_signed-by_ECDSA-SHA256,13.469,2127.47,1338.73,1,2,0.181818,120.909,15,3010.23,3005.66,1292,1290
1,3,63,ECDSA-SHA384_signed-by_ECDSA-SHA256,ECDSA-SHA384_signed-by_ECDSA-SHA256,13.405,2137.63,915.444,1,0,0,118,24,3017.32,2981.74,1293,1289
1,6,70,ECDSA-SHA384_signed-by_ECDSA-SHA256,ECDSA-SHA384_signed-by_ECDSA-SHA256,13.041,2196.69,940.998,0.777778,0,0,118,9,3038.4,3002.33,1292,1289
1,2,60,ECDSA-SHA384_signed-by_ECDSA-SHA256,ECDSA-SHA384_signed-by_ECDSA-SHA256,13.072,2190.25,1468.74,0.714286,10,0.714286,119.143,24,3023.57,3009.61,1291,1288
1,7,63,ECDSA-SHA384_signed-by_ECDSA-SHA256,ECDSA-SHA384_signed-by_ECDSA-SHA256,11.178,2562.11,1149.37,0.416667,7,0.583333,98,16,3022.65,3019.41,1293,1287
1,1,63,ECDSA-SHA384_signed-by_ECDSA-SHA256,ECDSA-SHA384_signed-by_ECDSA-SHA256,10.319,2775.44,1189.25,1,0,0,118,24,3029.7,3026.82,1292,1288
1,8,64,ECDSA-SHA384_signed-by_ECDSA-SHA256,ECDSA-SHA384_signed-by_ECDSA-SHA256,11.355,2522.88,1368.17,0.533333,10,0.666667,105.733,16,3040.91,2994.7,1293,1288
1,5,60,ECDSA-SHA384_signed-by_ECDSA-SHA256,ECDSA-SHA384_signed-by_ECDSA-SHA256,12.705,2255.42,1026.33,0.666667,0,0,98,15,3018.11,2986.18,1292,1290
1,3,64,ECDSA-SHA384_signed-by_ECDSA-SHA256,ECDSA-SHA384_signed-by_ECDSA-SHA256,13.561,2113.03,923.786,1,0,0,110,24,3016.21,2976.8,1293,1289
1,6,71,ECDSA-SHA384_signed-by_ECDSA-SHA256,ECDSA-SHA384_signed-by_ECDSA-SHA256,13.605,2105.6,920.796,1,0,0,110,9,3019.55,2978.44,1292,1289
1,2,61,ECDSA-SHA384_signed-by_ECDSA-SHA256,ECDSA-SHA384_signed-by_ECDSA-SHA256,12.273,2332.85,999.884,1,0,0,118,24,3023.55,2995.71,1291,1288
1,7,64,ECDSA-SHA384_signed-by_ECDSA-SHA256,ECDSA-SHA384_signed-by_ECDSA-SHA256,11.103,2579.43,1252.25,1,5,0.416667,103.333,16,3017.28,3005.27,1293,1287
1,1,64,ECDSA-SHA384_signed-by_ECDSA-SHA256,ECDSA-SHA384_signed-by_ECDSA-SHA256,11.17,2563.94,1186,1,1,0.0909091,102.727,24,3019.15,2966.85,1292,1288
1,8,65,ECDSA-SHA384_signed-by_ECDSA-SHA256,ECDSA-SHA384_signed-by_ECDSA-SHA256,12.37,2315.85,1070.94,1,1,0.0909091,117.636,16,3028.45,2984.39,1293,1288
1,5,61,ECDSA-SHA384_signed-by_ECDSA-SHA256,ECDSA-SHA384_signed-by_ECDSA-SHA256,11.292,2537.66,1613.84,1,9,0.75,133.333,15,3032.35,2997.19,1292,1290
1,7,65,ECDSA-SHA384_signed-by_ECDSA-SHA256,ECDSA-SHA384_signed-by_ECDSA-SHA256,12.092,2368.43,1176.27,1,0,0,133.385,16,3009.98,3018.15,1293,1287
1,2,62,ECDSA-SHA384_signed-by_ECDSA-SHA256,ECDSA-SHA384_signed-by_ECDSA-SHA256,13.888,2061.55,1320.22,1,9,0.692308,125.692,24,3011.09,3013.21,1291,1288
1,6,72,ECDSA-SHA384_signed-by_ECDSA-SHA256,ECDSA-SHA384_signed-by_ECDSA-SHA256,15.361,1864.9,1417.55,1,14,0.823529,110,9,3002.42,3000.06,1292,1289
1,3,65,ECDSA-SHA384_signed-by_ECDSA-SHA256,ECDSA-SHA384_signed-by_ECDSA-SHA256,20.093,1426.15,1106.05,1,15,0.789474,102.421,24,3033.92,3013.31,1293,1289
1,8,66,ECDSA-SHA384_signed-by_ECDSA-SHA256,ECDSA-SHA384_signed-by_ECDSA-SHA256,12.614,2271.07,972.863,1,0,0,136.667,16,2999.16,3010.78,1293,1288
1,5,62,ECDSA-SHA384_signed-by_ECDSA-SHA256,ECDSA-SHA384_signed-by_ECDSA-SHA256,12.171,2354.4,1008.28,0.666667,0,0,118,15,3024.48,2974.68,1292,1290
1,1,65,ECDSA-SHA384_signed-by_ECDSA-SHA256,ECDSA-SHA384_signed-by_ECDSA-SHA256,17.123,1672.53,1689.35,1,25,1.31579,135.684,24,3023.03,2982.52,1292,1288
1,7,66,ECDSA-SHA384_signed-by_ECDSA-SHA256,ECDSA-SHA384_signed-by_ECDSA-SHA256,9.573,2991.44,1281.81,0.333333,0,0,123.333,16,3022.49,2999.78,1293,1287
1,6,73,ECDSA-SHA384_signed-by_ECDSA-SHA256,ECDSA-SHA384_signed-by_ECDSA-SHA256,10.855,2639.11,1130.52,1,0,0,118,9,3019.02,2994.71,1292,1289
1,2,63,ECDSA-SHA384_signed-by_ECDSA-SHA256,ECDSA-SHA384_signed-by_ECDSA-SHA256,12.254,2336.49,1389.23,1,7,0.538462,111.846,24,3020.16,2986.66,1291,1288
1,3,66,ECDSA-SHA384_signed-by_ECDSA-SHA256,ECDSA-SHA384_signed-by_ECDSA-SHA256,14.295,2004.57,876.37,1,0,0,110,24,3010.61,2985.01,1293,1289
1,5,63,ECDSA-SHA384_signed-by_ECDSA-SHA256,ECDSA-SHA384_signed-by_ECDSA-SHA256,13.442,2131.79,1034.35,1,5,0.416667,102.667,15,3012.27,3004.46,1292,1290
1,8,67,ECDSA-SHA384_signed-by_ECDSA-SHA256,ECDSA-SHA384_signed-by_ECDSA-SHA256,14.596,1962.68,1166.32,1,7,0.538462,167.846,16,3032.93,2990.28,1293,1288
1,7,67,ECDSA-SHA384_signed-by_ECDSA-SHA256,ECDSA-SHA384_signed-by_ECDSA-SHA256,14.269,2007.1,1831.06,1,20,1.05263,126,16,3044.71,3027.8,1293,1287
1,6,74,ECDSA-SHA384_signed-by_ECDSA-SHA256,ECDSA-SHA384_signed-by_ECDSA-SHA256,13.121,2183.32,990.148,1,1,0.1,111.6,9,2997.21,2997.04,1292,1289
1,2,64,ECDSA-SHA384_signed-by_ECDSA-SHA256,ECDSA-SHA384_signed-by_ECDSA-SHA256,12.885,2222.07,1689.99,1,14,0.823529,110,24,3012.49,2988.83,1291,1288
1,1,66,ECDSA-SHA384_signed-by_ECDSA-SHA256,ECDSA-SHA384_signed-by_ECDSA-SHA256,20.478,1398.57,1063.38,1,14,0.823529,110,24,2993.78,3010.05,1292,1288
1,5,64,ECDSA-SHA384_signed-by_ECDSA-SHA256,ECDSA-SHA384_signed-by_ECDSA-SHA256,9.109,3145.89,1347.23,1,0,0,118,15,3020.45,2990.15,1292,1290
1,8,68,ECDSA-SHA384_signed-by_ECDSA-SHA256,ECDSA-SHA384_signed-by_ECDSA-SHA256,10.357,2766,1228.13,1,4,0.363636,118.727,16,3011.7,2986.34,1293,1288
1,7,68,ECDSA-SHA384_signed-by_ECDSA-SHA256,ECDSA-SHA384_signed-by_ECDSA-SHA256,7.789,3676.61,1700.69,1,1,0.0909091,120.545,16,3007.63,3007.47,1293,1287
1,1,67,ECDSA-SHA384_signed-by_ECDSA-SHA256,ECDSA-SHA384_signed-by_ECDSA-SHA256,7.853,3646.59,1562.53,1,0,0,118,24,3011.09,3035.1,1292,1288
1,2,65,ECDSA-SHA384_signed-by_ECDSA-SHA256,ECDSA-SHA384_signed-by_ECDSA-SHA256,14.306,2001.31,875.676,1,0,0,110,24,3004.48,3011.31,1291,1288
1,3,67,ECDSA-SHA384_signed-by_ECDSA-SHA256,ECDSA-SHA384_signed-by_ECDSA-SHA256,23.216,1234.28,1071.64,1,19,1.05556,127.778,24,3032.18,3003.93,1293,1289
1,5,65,ECDSA-SHA384_signed-by_ECDSA-SHA256,ECDSA-SHA384_signed-by_ECDSA-SHA256,14.025,2043.1,1299.33,1,9,0.75,133.333,15,3026.45,3007.36,1292,1290
1,8,69,ECDSA-SHA384_signed-by_ECDSA-SHA256,ECDSA-SHA384_signed-by_ECDSA-SHA256,13.649,2098.8,1037.39,1,2,0.153846,155.538,16,3011.62,3006.33,1293,1288
1,6,75,ECDSA-SHA384_signed-by_ECDSA-SHA256,ECDSA-SHA384_signed-by_ECDSA-SHA256,20.083,1426.46,1512.9,1,27,1.42105,147.895,9,3381.63,2999.99,1292,1289
1,7,69,ECDSA-SHA384_signed-by_ECDSA-SHA256,ECDSA-SHA384_signed-by_ECDSA-SHA256,14.246,2010.29,1329.71,1,10,0.769231,148.462,16,3004.92,2980.61,1293,1287
1,3,68,ECDSA-SHA384_signed-by_ECDSA-SHA256,ECDSA-SHA384_signed-by_ECDSA-SHA256,8.864,3232.49,1413.2,1,0,0,110,24,3035.39,2985.06,1293,1289
1,2,66,ECDSA-SHA384_signed-by_ECDSA-SHA256,ECDSA-SHA384_signed-by_ECDSA-SHA256,11.577,2473.11,1082.11,1,0,0,107.6,24,3030.1,2999.61,1291,1288
1,6,76,ECDSA-SHA384_signed-by_ECDSA-SHA256,ECDSA-SHA384_signed-by_ECDSA-SHA256,10.574,2709.22,1160.55,1,0,0,123.333,9,3214.59,3000.64,1292,1289
1,7,70,ECDSA-SHA384_signed-by_ECDSA-SHA256,ECDSA-SHA384_signed-by_ECDSA-SHA256,11.349,2523.48,1167.29,1,3,0.272727,117.636,17,3023.95,3016.47,1293,1287
1,5,66,ECDSA-SHA384_signed-by_ECDSA-SHA256,ECDSA-SHA384_signed-by_ECDSA-SHA256,15.451,1854.54,1579.1,1,18,0.9,109.8,15,3014.99,3013.35,1292,1290
1,1,68,ECDSA-SHA384_signed-by_ECDSA-SHA256,ECDSA-SHA384_signed-by_ECDSA-SHA256,25.739,1112.7,1510.54,1,40,1.37931,120.207,24,3035.85,3016.83,1292,1288
1,3,69,ECDSA-SHA384_signed-by_ECDSA-SHA256,ECDSA-SHA384_signed-by_ECDSA-SHA256,11.342,2526.45,1500.92,1,7,0.538462,111.846,24,3061.57,3044.29,1293,1289
1,8,70,ECDSA-SHA384_signed-by_ECDSA-SHA256,ECDSA-SHA384_signed-by_ECDSA-SHA256,20.345,1408.08,1104.92,1,15,0.75,108.8,16,3016.78,3029.32,1293,1288
1,6,77,ECDSA-SHA384_signed-by_ECDSA-SHA256,ECDSA-SHA384_signed-by_ECDSA-SHA256,9.355,3062.27,1311.79,1,0,0,118,9,3014.57,2993.25,1292,1289
1,2,67,ECDSA-SHA384_signed-by_ECDSA-SHA256,ECDSA-SHA384_signed-by_ECDSA-SHA256,15.054,1901.85,1164.81,1,7,0.466667,102,24,3009.49,2985.34,1291,1288
1,1,69,ECDSA-SHA384_signed-by_ECDSA-SHA256,ECDSA-SHA384_signed-by_ECDSA-SHA256,9.822,2915.9,1275.5,0.4,0,0,107.6,24,3001.03,2993.3,1292,1288
1,3,70,ECDSA-SHA384_signed-by_ECDSA-SHA256,ECDSA-SHA384_signed-by_ECDSA-SHA256,9.402,3047.86,1305.25,0.444444,0,0,118,24,3042.77,2980.37,1293,1289
1,5,67,ECDSA-SHA384_signed-by_ECDSA-SHA256,ECDSA-SHA384_signed-by_ECDSA-SHA256,15.532,1844.87,1556.45,1,18,1.2,151.067,15,3005.18,2986.09,1292,1290
1,6,78,ECDSA-SHA384_signed-by_ECDSA-SHA256,ECDSA-SHA384_signed-by_ECDSA-SHA256,9.581,2990.07,1280.86,0.444444,0,0,118,9,3019.13,2987.5,1292,1289
1,8,71,ECDSA-SHA384_signed-by_ECDSA-SHA256,ECDSA-SHA384_signed-by_ECDSA-SHA256,13.231,2165.15,927.491,1,0,0,136.667,16,3029.2,2984.89,1293,1288
1,2,68,ECDSA-SHA384_signed-by_ECDSA-SHA256,ECDSA-SHA384_signed-by_ECDSA-SHA256,13.929,2055.51,889.055,1,0,0,109.6,24,3094.32,2980.24,1291,1288
1,7,71,ECDSA-SHA384_signed-by_ECDSA-SHA256,ECDSA-SHA384_signed-by_ECDSA-SHA256,25.752,1112.11,829.426,1,13,0.764706,183.412,17,3012.25,3027.56,1293,1287
1,3,71,ECDSA-SHA384_signed-by_ECDSA-SHA256,ECDSA-SHA384_signed-by_ECDSA-SHA256,15.661,1829.71,783.578,1,0,0,118,24,2981.14,3016.66,1293,1289
1,1,70,ECDSA-SHA384_signed-by_ECDSA-SHA256,ECDSA-SHA384_signed-by_ECDSA-SHA256,17.603,1626.93,1305.18,1,16,1,124.5,24,3029.81,2984.03,1292,1288
1,4,0,ECDSA-SHA384_signed-by_ECDSA-SHA256,ECDSA-SHA384_signed-by_ECDSA-SHA256,1022.69,28.0045,8.71425,1,1,0.0666667,161.733,24,3022.71,3033.1,1292,1288
1,6,79,ECDSA-SHA384_signed-by_ECDSA-SHA256,ECDSA-SHA384_signed-by_ECDSA-SHA256,19.585,1462.7,1013.8,1,14,0.933333,118.8,9,2982.1,2966.42,1292,1289
1,8,72,ECDSA-SHA384_signed-by_ECDSA-SHA256,ECDSA-SHA384_signed-by_ECDSA-SHA256,18.396,1557.24,990.618,1,9,0.75,156,16,3177.89,3004.91,1293,1288
1,5,68,ECDSA-SHA384_signed-by_ECDSA-SHA256,ECDSA-SHA384_signed-by_ECDSA-SHA256,23.119,1239.5,1303.17,1,17,0.944444,132.667,15,3019.03,2989.35,1292,1290
1,7,72,ECDSA-SHA384_signed-by_ECDSA-SHA256,ECDSA-SHA384_signed-by_ECDSA-SHA256,14.418,1986.37,851.144,1,3,0.333333,136.667,17,3040.64,2998.86,1293,1287
1,2,69,ECDSA-SHA384_signed-by_ECDSA-SHA256,ECDSA-SHA384_signed-by_ECDSA-SHA256,19.252,1487.15,910.822,1,10,0.666667,102,24,3033.91,2998.61,1291,1288
1,3,72,ECDSA-SHA384_signed-by_ECDSA-SHA256,ECDSA-SHA384_signed-by_ECDSA-SHA256,13.233,2165.43,927.351,1,0,0,118,24,3042.62,2968.07,1293,1289
1,1,71,ECDSA-SHA384_signed-by_ECDSA-SHA256,ECDSA-SHA384_signed-by_ECDSA-SHA256,12.864,2226.3,1346.98,1,12,0.8,109.2,24,3011.39,3024.38,1292,1288
1,4,1,ECDSA-SHA384_signed-by_ECDSA-SHA256,ECDSA-SHA384_signed-by_ECDSA-SHA256,15.158,1889.32,1244.42,1,11,0.733333,189.467,24,3027.88,2996.71,1292,1288
1,5,69,ECDSA-SHA384_signed-by_ECDSA-SHA256,ECDSA-SHA384_signed-by_ECDSA-SHA256,11.999,2388.07,1044.03,1,0,0,114.8,15,2982.14,2991.49,1292,1290
1,7,73,ECDSA-SHA384_signed-by_ECDSA-SHA256,ECDSA-SHA384_signed-by_ECDSA-SHA256,12.725,2250.55,1466,1,12,0.75,154.5,17,3010.49,2996.68,1293,1287
1,3,73,ECDSA-SHA384_signed-by_ECDSA-SHA256,ECDSA-SHA384_signed-by_ECDSA-SHA256,13.372,2142.9,917.703,1,0,0,118,24,3001.73,2986.53,1293,1289
1,8,73,ECDSA-SHA384_signed-by_ECDSA-SHA256,ECDSA-SHA384_signed-by_ECDSA-SHA256,18.149,1578.47,1004.12,1,9,0.75,156,16,3036.89,2989.6,1293,1288
1,2,70,ECDSA-SHA384_signed-by_ECDSA-SHA256,ECDSA-SHA384_signed-by_ECDSA-SHA256,22.545,1269.97,1172.39,1,24,1.04348,148.609,24,3015.13,2990.65,1291,1288
1,4,2,ECDSA-SHA384_signed-by_ECDSA-SHA256,ECDSA-SHA384_signed-by_ECDSA-SHA256,16.85,1699.63,734.923,1,0,0,126.4,24,3012.18,3023.69,1292,1288
1,5,70,ECDSA-SHA384_signed-by_ECDSA-SHA256,ECDSA-SHA384_signed-by_ECDSA-SHA256,16.328,1754.95,767.242,1,0,0,114.8,15,3038.42,2997.23,1292,1290
1,6,80,ECDSA-SHA384_signed-by_ECDSA-SHA256,ECDSA-SHA384_signed-by_ECDSA-SHA256,32.118,891.943,941.509,1,21,1.10526,147.263,9,2975.43,3010.55,1292,1289
1,1,72,ECDSA-SHA384_signed-by_ECDSA-SHA256,ECDSA-SHA384_signed-by_ECDSA-SHA256,26.277,1089.89,1153.82,1,32,1.28,464.24,24,3028.87,3001.43,1292,1288
1,8,74,ECDSA-SHA384_signed-by_ECDSA-SHA256,ECDSA-SHA384_signed-by_ECDSA-SHA256,14.05,2038.94,891.646,1,0,0,122,16,3025.43,2990.91,1293,1288
1,7,74,ECDSA-SHA384_signed-by_ECDSA-SHA256,ECDSA-SHA384_signed-by_ECDSA-SHA256,19.458,1471.83,1338.62,1,22,1.04762,169.429,17,3249.51,3019.16,1293,1287
1,2,71,ECDSA-SHA384_signed-by_ECDSA-SHA256,ECDSA-SHA384_signed-by_ECDSA-SHA256,12.215,2343.91,1393.64,1,7,0.538462,111.846,24,3015.87,2981.11,1291,1288
1,3,74,ECDSA-SHA384_signed-by_ECDSA-SHA256,ECDSA-SHA384_signed-by_ECDSA-SHA256,22.33,1283.26,992.362,1,16,0.842105,102.421,24,3021.22,2983.93,1293,1289
1,4,3,ECDSA-SHA384_signed-by_ECDSA-SHA256,ECDSA-SHA384_signed-by_ECDSA-SHA256,13.853,2067.32,904.308,1,0,0,126.8,24,2984.51,2984.31,1292,1288
1,6,81,ECDSA-SHA384_signed-by_ECDSA-SHA256,ECDSA-SHA384_signed-by_ECDSA-SHA256,11.173,2563.94,1613.83,0.727273,2,0.181818,140.545,10,3160.74,2981.74,1292,1289
1,1,73,ECDSA-SHA384_signed-by_ECDSA-SHA256,ECDSA-SHA384_signed-by_ECDSA-SHA256,10.959,2613.27,1119.76,0.555556,0,0,118,24,2983.22,2989.55,1292,1288
1,8,75,ECDSA-SHA384_signed-by_ECDSA-SHA256,ECDSA-SHA384_signed-by_ECDSA-SHA256,12.029,2381.47,1020.16,0.444444,0,0,136.667,16,3023.95,2999.58,1293,1288
1,7,75,ECDSA-SHA384_signed-by_ECDSA-SHA256,ECDSA-SHA384_signed-by_ECDSA-SHA256,14.587,1963.29,858.801,0.4,0,0,126.8,17,3024.52,2994.98,1293,1287
1,2,72,ECDSA-SHA384_signed-by_ECDSA-SHA256,ECDSA-SHA384_signed-by_ECDSA-SHA256,13.345,2145.46,919.568,0.444444,0,0,118,24,2981.25,2997.22,1291,1288
1,6,82,ECDSA-SHA384_signed-by_ECDSA-SHA256,ECDSA-SHA384_signed-by_ECDSA-SHA256,11.937,2399.88,1028.04,0,0,0,227.333,10,3016.61,2990.43,1292,1289
1,4,4,ECDSA-SHA384_signed-by_ECDSA-SHA256,ECDSA-SHA384_signed-by_ECDSA-SHA256,13.192,2170.96,930.239,0.222222,0,0,136.667,24,3004.01,2985.18,1292,1288
1,5,71,ECDSA-SHA384_signed-by_ECDSA-SHA256,ECDSA-SHA384_signed-by_ECDSA-SHA256,25.768,1112.04,722.112,1,11,0.785714,127.143,15,3018.43,2955.07,1292,1290
1,3,75,ECDSA-SHA384_signed-by_ECDSA-SHA256,ECDSA-SHA384_signed-by_ECDSA-SHA256,15.624,1834.03,1166.37,0.5,9,0.75,175.333,24,3025.27,2993.46,1293,1289
1,1,74,ECDSA-SHA384_signed-by_ECDSA-SHA256,ECDSA-SHA384_signed-by_ECDSA-SHA256,13.727,2086.35,893.982,1,0,0,118,24,3046.86,3016.94,1292,1288
1,8,76,ECDSA-SHA384_signed-by_ECDSA-SHA256,ECDSA-SHA384_signed-by_ECDSA-SHA256,12.702,2255.34,1109.72,0.692308,10,0.769231,111.846,16,3006.94,2982.63,1293,1288
1,7,76,ECDSA-SHA384_signed-by_ECDSA-SHA256,ECDSA-SHA384_signed-by_ECDSA-SHA256,14.989,1910.66,826.175,1,0,0,126.4,17,3007.76,2990.19,1293,1287
1,6,83,ECDSA-SHA384_signed-by_ECDSA-SHA256,ECDSA-SHA384_signed-by_ECDSA-SHA256,12.492,2293.25,1463.94,1,2,0.166667,132,10,3015.28,2989.66,1292,1289
1,4,5,ECDSA-SHA384_signed-by_ECDSA-SHA256,ECDSA-SHA384_signed-by_ECDSA-SHA256,12.484,2294.07,982.991,1,0,0,135.778,24,2999.81,2990.65,1292,1288
1,5,72,ECDSA-SHA384_signed-by_ECDSA-SHA256,ECDSA-SHA384_signed-by_ECDSA-SHA256,12.484,2295.36,982.991,1,0,0,121.556,15,3007.49,2990.9,1292,1290
1,2,73,ECDSA-SHA384_signed-by_ECDSA-SHA256,ECDSA-SHA384_signed-by_ECDSA-SHA256,16.648,1719.77,1034.07,0.928571,8,0.571429,110,24,3030.38,2986.08,1291,1288
1,1,75,ECDSA-SHA384_signed-by_ECDSA-SHA256,ECDSA-SHA384_signed-by_ECDSA-SHA256,12.898,2220.43,951.435,0.444444,0,0,118,24,2995.2,2975.15,1292,1288
1,3,76,ECDSA-SHA384_signed-by_ECDSA-SHA256,ECDSA-SHA384_signed-by_ECDSA-SHA256,14.521,1973.33,1254.96,0.916667,9,0.75,133.333,24,3024.47,2977.83,1293,1289
1,8,77,ECDSA-SHA384_signed-by_ECDSA-SHA256,ECDSA-SHA384_signed-by_ECDSA-SHA256,14.105,2030.97,1308.99,0.266667,7,0.466667,150.533,16,3009.02,3006.29,1293,1288
1,6,84,ECDSA-SHA384_signed-by_ECDSA-SHA256,ECDSA-SHA384_signed-by_ECDSA-SHA256,9.929,2885.28,1235.97,0.222222,0,0,136.667,10,2981.55,2996.51,1292,1289
1,7,77,ECDSA-SHA384_signed-by_ECDSA-SHA256,ECDSA-SHA384_signed-by_ECDSA-SHA256,14.053,2037.93,989.363,0.166667,5,0.416667,118,17,3034.48,3149.32,1293,1287
1,4,6,ECDSA-SHA384_signed-by_ECDSA-SHA256,ECDSA-SHA384_signed-by_ECDSA-SHA256,11.022,2598.41,1136.62,0.4,0,0,126.8,24,3005.22,2991.48,1292,1288
1,5,73,ECDSA-SHA384_signed-by_ECDSA-SHA256,ECDSA-SHA384_signed-by_ECDSA-SHA256,12.493,2293.71,982.287,0.888889,0,0,126.889,15,3045.86,2981.46,1292,1290
1,2,74,ECDSA-SHA384_signed-by_ECDSA-SHA256,ECDSA-SHA384_signed-by_ECDSA-SHA256,11.991,2387.75,1039.43,0.8,4,0.4,110,24,3025.82,3008.99,1291,1288
1,1,76,ECDSA-SHA384_signed-by_ECDSA-SHA256,ECDSA-SHA384_signed-by_ECDSA-SHA256,12.472,2296.3,983.947,1,0,0,118,24,3030.97,3007.29,1292,1288
1,3,77,ECDSA-SHA384_signed-by_ECDSA-SHA256,ECDSA-SHA384_signed-by_ECDSA-SHA256,12.598,2274.62,974.11,1,0,0,118,24,3023.76,3037.9,1293,1289
1,8,78,ECDSA-SHA384_signed-by_ECDSA-SHA256,ECDSA-SHA384_signed-by_ECDSA-SHA256,16.863,1698.79,866.237,1,8,0.533333,89.7333,16,3003.65,2993.91,1293,1288
1,6,85,ECDSA-SHA384_signed-by_ECDSA-SHA256,ECDSA-SHA384_signed-by_ECDSA-SHA256,16.56,1729.86,1373.84,1,15,0.789474,114.842,10,3010.73,3011.6,1292,1289
1,4,7,ECDSA-SHA384_signed-by_ECDSA-SHA256,ECDSA-SHA384_signed-by_ECDSA-SHA256,16.006,1789.24,1079.54,1,7,0.5,121.429,24,3029.22,2992.06,1292,1288
1,7,78,ECDSA-SHA384_signed-by_ECDSA-SHA256,ECDSA-SHA384_signed-by_ECDSA-SHA256,17.502,1636.29,1030.23,1,3,0.272727,149.273,17,3021.74,3010.9,1293,1287
1,5,74,ECDSA-SHA384_signed-by_ECDSA-SHA256,ECDSA-SHA384_signed-by_ECDSA-SHA256,15.15,1891.4,809.996,1,0,0,126.889,15,3007.9,2988.65,1292,1290
1,1,77,ECDSA-SHA384_signed-by_ECDSA-SHA256,ECDSA-SHA384_signed-by_ECDSA-SHA256,14.011,2044.02,1300.63,1,9,0.75,133.333,24,3112.07,2969.42,1292,1288
1,3,78,ECDSA-SHA384_signed-by_ECDSA-SHA256,ECDSA-SHA384_signed-by_ECDSA-SHA256,13.451,2130.31,912.311,1,0,0,118,24,3040.16,2979.52,1293,1289
1,8,79,ECDSA-SHA384_signed-by_ECDSA-SHA256,ECDSA-SHA384_signed-by_ECDSA-SHA256,10.843,2642.01,1224.72,1,1,0.0909091,102.727,16,3006.95,3008.3,1293,1288
1,6,86,ECDSA-SHA384_signed-by_ECDSA-SHA256,ECDSA-SHA384_signed-by_ECDSA-SHA256,9.318,3074.47,1519.64,1,5,0.384615,111.846,10,3014.97,3010.61,1292,1289
1,2,75,ECDSA-SHA384_signed-by_ECDSA-SHA256,ECDSA-SHA384_signed-by_ECDSA-SHA256,24.64,1161.97,1265.54,1,31,1.14815,146.148,24,2989.03,2974,1291,1288
1,4,8,ECDSA-SHA384_signed-by_ECDSA-SHA256,ECDSA-SHA384_signed-by_ECDSA-SHA256,14.1,2031.12,1292.43,1,9,0.75,144,24,3003.42,2981.25,1292,1288
1,5,75,ECDSA-SHA384_signed-by_ECDSA-SHA256,ECDSA-SHA384_signed-by_ECDSA-SHA256,14.621,1959.83,856.81,1,0,0,118,15,3000.84,3029.19,1292,1290
1,7,79,ECDSA-SHA384_signed-by_ECDSA-SHA256,ECDSA-SHA384_signed-by_ECDSA-SHA256,16.19,1768.91,1226.38,1,14,0.933333,137.2,17,3026.99,2993.32,1293,1287
1,1,78,ECDSA-SHA384_signed-by_ECDSA-SHA256,ECDSA-SHA384_signed-by_ECDSA-SHA256,17.571,1629.87,727.524,1,0,0,281.273,24,3024.95,2980.99,1292,1288
1,3,79,ECDSA-SHA384_signed-by_ECDSA-SHA256,ECDSA-SHA384_signed-by_ECDSA-SHA256,18.687,1533.46,975.218,1,9,0.75,133.333,24,3034.56,3000.43,1293,1289
1,8,80,ECDSA-SHA384_signed-by_ECDSA-SHA256,ECDSA-SHA384_signed-by_ECDSA-SHA256,18.175,1576.15,689.263,1,0,0,196.4,16,3136.82,2988.24,1293,1288
1,6,87,ECDSA-SHA384_signed-by_ECDSA-SHA256,ECDSA-SHA384_signed-by_ECDSA-SHA256,16.093,1780.08,863.944,1,5,0.416667,118,10,3099.97,2982.5,1292,1289
1,2,76,ECDSA-SHA384_signed-by_ECDSA-SHA256,ECDSA-SHA384_signed-by_ECDSA-SHA256,18.963,1509.83,674.128,1,0,0,110.727,24,3034.36,2981.51,1291,1288
1,7,80,ECDSA-SHA384_signed-by_ECDSA-SHA256,ECDSA-SHA384_signed-by_ECDSA-SHA256,16.297,1757.32,752.998,1,0,0,136.667,17,3049,3011.73,1293,1287
1,5,76,ECDSA-SHA384_signed-by_ECDSA-SHA256,ECDSA-SHA384_signed-by_ECDSA-SHA256,18.529,1546.49,676.103,1,0,0,311.2,15,2975.34,2991.82,1292,1290
1,1,79,ECDSA-SHA384_signed-by_ECDSA-SHA256,ECDSA-SHA384_signed-by_ECDSA-SHA256,16.909,1693.71,725.741,1,0,0,118,24,3019.63,2975.3,1292,1288
1,3,80,ECDSA-SHA384_signed-by_ECDSA-SHA256,ECDSA-SHA384_signed-by_ECDSA-SHA256,15.973,1793.98,768.275,1,0,0,118,24,3018.28,2991.2,1293,1289
1,4,9,ECDSA-SHA384_signed-by_ECDSA-SHA256,ECDSA-SHA384_signed-by_ECDSA-SHA256,23.504,1218.51,1238.93,0.95,26,1.3,141.2,24,3026.95,2981.93,1292,1288
1,6,88,ECDSA-SHA384_signed-by_ECDSA-SHA256,ECDSA-SHA384_signed-by_ECDSA-SHA256,14.731,1944.7,833.053,0.555556,0,0,125.111,10,3014.42,3015.22,1292,1289
1,8,81,ECDSA-SHA384_signed-by_ECDSA-SHA256,ECDSA-SHA384_signed-by_ECDSA-SHA256,16.911,1693.99,1088.96,1,10,0.769231,128.462,17,3021.69,2977.64,1293,1288
1,2,77,ECDSA-SHA384_signed-by_ECDSA-SHA256,ECDSA-SHA384_signed-by_ECDSA-SHA256,11.487,2492.54,1068.33,0.777778,0,0,126.889,24,3005.84,3000.9,1291,1288
1,7,81,ECDSA-SHA384_signed-by_ECDSA-SHA256,ECDSA-SHA384_signed-by_ECDSA-SHA256,9.939,2881.31,1234.62,1,0,0,142.889,17,3004.04,3024.8,1293,1287
1,1,80,ECDSA-SHA384_signed-by_ECDSA-SHA256,ECDSA-SHA384_signed-by_ECDSA-SHA256,12.594,2274.07,994.747,1,0,0,110,24,3007.43,3013.79,1292,1288
1,5,77,ECDSA-SHA384_signed-by_ECDSA-SHA256,ECDSA-SHA384_signed-by_ECDSA-SHA256,17.604,1627.75,1236.95,1,14,0.823529,117.529,15,3046.43,2991.19,1292,1290
1,4,10,ECDSA-SHA384_signed-by_ECDSA-SHA256,ECDSA-SHA384_signed-by_ECDSA-SHA256,14.951,1915.54,837.914,1,0,0,118,24,3021.51,2985.4,1292,1288
1,6,89,ECDSA-SHA384_signed-by_ECDSA-SHA256,ECDSA-SHA384_signed-by_ECDSA-SHA256,15.989,1791.67,1064.69,1,7,0.538462,128.462,10,3174.78,3024.25,1292,1289
1,8,82,ECDSA-SHA384_signed-by_ECDSA-SHA256,ECDSA-SHA384_signed-by_ECDSA-SHA256,15.588,1837.76,803.668,1,0,0,118,17,3029.59,3004.62,1293,1288
1,3,81,ECDSA-SHA384_signed-by_ECDSA-SHA256,ECDSA-SHA384_signed-by_ECDSA-SHA256,19.955,1435.97,1233.12,1,21,1.10526,124.316,24,3019.75,3003.94,1293,1289
1,2,78,ECDSA-SHA384_signed-by_ECDSA-SHA256,ECDSA-SHA384_signed-by_ECDSA-SHA256,15.604,1834.85,786.437,1,0,0,126.889,24,3033.3,2983.68,1291,1288
1,7,82,ECDSA-SHA384_signed-by_ECDSA-SHA256,ECDSA-SHA384_signed-by_ECDSA-SHA256,14.843,1929.47,844.007,1,0,0,126.8,17,3023.12,2967.13,1293,1287
1,1,81,ECDSA-SHA384_signed-by_ECDSA-SHA256,ECDSA-SHA384_signed-by_ECDSA-SHA256,12.172,2352.89,1497.17,1,9,0.75,133.333,24,3010.17,2995.78,1292,1288
1,5,78,ECDSA-SHA384_signed-by_ECDSA-SHA256,ECDSA-SHA384_signed-by_ECDSA-SHA256,12.909,2219.78,950.627,1,0,0,126.889,15,3016.43,2998.09,1292,1290
1,4,11,ECDSA-SHA384_signed-by_ECDSA-SHA256,ECDSA-SHA384_signed-by_ECDSA-SHA256,15.011,1907.86,1213.99,1,9,0.75,144,24,3015.25,3014.86,1292,1288
1,6,90,ECDSA-SHA384_signed-by_ECDSA-SHA256,ECDSA-SHA384_signed-by_ECDSA-SHA256,14.764,1940.31,865.854,1,0,0,117.273,10,3041.43,2986.19,1292,1289
1,8,83,ECDSA-SHA384_signed-by_ECDSA-SHA256,ECDSA-SHA384_signed-by_ECDSA-SHA256,14.82,1932.98,828.036,1,0,0,126.889,17,3026.52,2998.27,1293,1288
1,2,79,ECDSA-SHA384_signed-by_ECDSA-SHA256,ECDSA-SHA384_signed-by_ECDSA-SHA256,14.263,2007.36,878.324,1,0,0,118,24,3020.8,2982.07,1291,1288
1,3,82,ECDSA-SHA384_signed-by_ECDSA-SHA256,ECDSA-SHA384_signed-by_ECDSA-SHA256,15.22,1882.71,1197.32,1,9,0.75,133.333,24,3009.93,3008.51,1293,1289
1,7,83,ECDSA-SHA384_signed-by_ECDSA-SHA256,ECDSA-SHA384_signed-by_ECDSA-SHA256,17.101,1674.68,1010.42,1,7,0.5,122,17,3032.4,3022.73,1293,1287
1,1,82,ECDSA-SHA384_signed-by_ECDSA-SHA256,ECDSA-SHA384_signed-by_ECDSA-SHA256,14.449,1982.08,1261.22,1,9,0.75,133.333,24,3049.06,2978.04,1292,1288
1,5,79,ECDSA-SHA384_signed-by_ECDSA-SHA256,ECDSA-SHA384_signed-by_ECDSA-SHA256,13.672,2095.89,1263.85,0.785714,7,0.5,114,15,3020.81,2993.59,1292,1290
1,4,12,ECDSA-SHA384_signed-by_ECDSA-SHA256,ECDSA-SHA384_signed-by_ECDSA-SHA256,13.479,2124.71,910.419,1,0,0,121.556,24,3013.46,2984.51,1292,1288
1,6,91,ECDSA-SHA384_signed-by_ECDSA-SHA256,ECDSA-SHA384_signed-by_ECDSA-SHA256,11.906,2406.13,1030.72,0.888889,0,0,118,10,3013.86,2980.48,1292,1289
1,8,84,ECDSA-SHA384_signed-by_ECDSA-SHA256,ECDSA-SHA384_signed-by_ECDSA-SHA256,13.252,2161.71,926.017,0.888889,0,0,126.889,17,3052.37,2996.26,1293,1288
1,2,80,ECDSA-SHA384_signed-by_ECDSA-SHA256,ECDSA-SHA384_signed-by_ECDSA-SHA256,13.735,2084.52,1326.77,0.666667,9,0.75,144,24,3027.03,3013.14,1291,1288
1,3,83,ECDSA-SHA384_signed-by_ECDSA-SHA256,ECDSA-SHA384_signed-by_ECDSA-SHA256,14.794,1936.91,1231.79,0.666667,9,0.75,133.333,24,3069.65,2972.12,1293,1289
1,1,83,ECDSA-SHA384_signed-by_ECDSA-SHA256,ECDSA-SHA384_signed-by_ECDSA-SHA256,12.194,2348.61,1006.36,0.333333,0,0,118,24,3021.9,3015.26,1292,1288
1,7,84,ECDSA-SHA384_signed-by_ECDSA-SHA256,ECDSA-SHA384_signed-by_ECDSA-SHA256,13.085,2188.68,937.83,0.333333,0,0,136.667,17,3005.33,3011.68,1293,1287
1,5,80,ECDSA-SHA384_signed-by_ECDSA-SHA256,ECDSA-SHA384_signed-by_ECDSA-SHA256,12.012,2385.55,1021.62,1,0,0,126.889,15,3020.66,2995.61,1292,1290
1,4,13,ECDSA-SHA384_signed-by_ECDSA-SHA256,ECDSA-SHA384_signed-by_ECDSA-SHA256,10.102,2835.06,1214.8,1,0,0,126.889,24,3034.72,2998.97,1292,1288
1,2,81,ECDSA-SHA384_signed-by_ECDSA-SHA256,ECDSA-SHA384_signed-by_ECDSA-SHA256,8.5,3368.11,1473.72,1,0,0,118,24,3019.37,2983.11,1291,1288
1,1,84,ECDSA-SHA384_signed-by_ECDSA-SHA256,ECDSA-SHA384_signed-by_ECDSA-SHA256,11.332,2527.25,1524.82,1,10,0.714286,106.571,24,3010.85,3001.63,1292,1288
1,8,85,ECDSA-SHA384_signed-by_ECDSA-SHA256,ECDSA-SHA384_signed-by_ECDSA-SHA256,16.801,1705.13,1296.11,1,14,0.823529,114.706,17,3031.04,3013.47,1293,1288
1,6,92,ECDSA-SHA384_signed-by_ECDSA-SHA256,ECDSA-SHA384_signed-by_ECDSA-SHA256,20.107,1424.75,1355.12,1,22,1,108.545,10,2998.5,2989.7,1292,1289
1,5,81,ECDSA-SHA384_signed-by_ECDSA-SHA256,ECDSA-SHA384_signed-by_ECDSA-SHA256,12.114,2365.42,1405.25,1,7,0.538462,119.846,15,3007.16,2984.49,1292,1290
1,7,85,ECDSA-SHA384_signed-by_ECDSA-SHA256,ECDSA-SHA384_signed-by_ECDSA-SHA256,17.295,1655.95,1507.01,1,16,0.761905,108.667,17,3020.12,2994.77,1293,1287
1,2,82,ECDSA-SHA384_signed-by_ECDSA-SHA256,ECDSA-SHA384_signed-by_ECDSA-SHA256,12.041,2377.77,1019.14,1,0,0,341.556,24,3028.33,2986.63,1291,1288
1,3,84,ECDSA-SHA384_signed-by_ECDSA-SHA256,ECDSA-SHA384_signed-by_ECDSA-SHA256,20.129,1423.59,1150.95,1,17,1,119.412,24,3021.8,3007.2,1293,1289
1,8,86,ECDSA-SHA384_signed-by_ECDSA-SHA256,ECDSA-SHA384_signed-by_ECDSA-SHA256,12.953,2211.62,967.161,1,0,0,128.4,17,3014.99,2985.56,1293,1288
1,6,93,ECDSA-SHA384_signed-by_ECDSA-SHA256,ECDSA-SHA384_signed-by_ECDSA-SHA256,12.671,2260.85,968.485,1,0,0,122,10,2995.45,3011.27,1292,1289
1,5,82,ECDSA-SHA384_signed-by_ECDSA-SHA256,ECDSA-SHA384_signed-by_ECDSA-SHA256,12.668,2262.03,977.561,1,0,0,128,15,2984.74,2981.16,1292,1290
1,1,85,ECDSA-SHA384_signed-by_ECDSA-SHA256,ECDSA-SHA384_signed-by_ECDSA-SHA256,18.885,1516.47,773.483,1,3,0.2,122.267,24,3005.78,3024.29,1292,1288
1,2,83,ECDSA-SHA384_signed-by_ECDSA-SHA256,ECDSA-SHA384_signed-by_ECDSA-SHA256,12.805,2235.94,958.351,1,3,0.333333,126.889,24,3004.89,3005.08,1291,1288
1,7,86,ECDSA-SHA384_signed-by_ECDSA-SHA256,ECDSA-SHA384_signed-by_ECDSA-SHA256,14.482,1977.56,1782.01,1,23,1.27778,144.222,17,3028.85,3008.28,1293,1287
1,3,85,ECDSA-SHA384_signed-by_ECDSA-SHA256,ECDSA-SHA384_signed-by_ECDSA-SHA256,13.687,2093.6,1243.77,1,7,0.538462,111.846,24,3007.42,2983.28,1293,1289
1,4,14,ECDSA-SHA384_signed-by_ECDSA-SHA256,ECDSA-SHA384_signed-by_ECDSA-SHA256,31.65,904.88,564.16,1,10,0.588235,101.529,24,3013.01,2994.19,1292,1288
1,8,87,ECDSA-SHA384_signed-by_ECDSA-SHA256,ECDSA-SHA384_signed-by_ECDSA-SHA256,14.502,1975.37,863.847,1,0,0,119.2,17,3003.13,2995.76,1293,1288
1,5,83,ECDSA-SHA384_signed-by_ECDSA-SHA256,ECDSA-SHA384_signed-by_ECDSA-SHA256,14.013,2044.88,927.104,1,1,0.1,120,15,3032.98,2979.82,1292,1290
1,6,94,ECDSA-SHA384_signed-by_ECDSA-SHA256,ECDSA-SHA384_signed-by_ECDSA-SHA256,15.674,1827.66,1453.55,0.933333,9,0.6,254.8,10,2993.38,3041.42,1292,1289
1,7,87,ECDSA-SHA384_signed-by_ECDSA-SHA256,ECDSA-SHA384_signed-by_ECDSA-SHA256,11.619,2464.87,1056.18,0.777778,0,0,182.889,17,3084.42,3013.29,1293,1287
1,3,86,ECDSA-SHA384_signed-by_ECDSA-SHA256,ECDSA-SHA384_signed-by_ECDSA-SHA256,11.427,2507.69,1073.92,0.444444,0,0,118,24,3012.29,3169.34,1293,1289
1,4,15,ECDSA-SHA384_signed-by_ECDSA-SHA256,ECDSA-SHA384_signed-by_ECDSA-SHA256,10.227,2800.38,1199.94,0.888889,0,0,118,24,3033.47,3010.41,1292,1288
1,1,86,ECDSA-SHA384_signed-by_ECDSA-SHA256,ECDSA-SHA384_signed-by_ECDSA-SHA256,25.409,1127.13,1098.79,1,24,1.14286,122.19,24,3005.49,3034.8,1292,1288
1,5,84,ECDSA-SHA384_signed-by_ECDSA-SHA256,ECDSA-SHA384_signed-by_ECDSA-SHA256,14.662,1954.37,1195.97,1,7,0.466667,108.933,15,3194.72,3003.18,1292,1290
1,8,88,ECDSA-SHA384_signed-by_ECDSA-SHA256,ECDSA-SHA384_signed-by_ECDSA-SHA256,16.383,1748.57,875.997,1,6,0.428571,99.7143,17,3020.83,2986.24,1293,1288
1,7,88,ECDSA-SHA384_signed-by_ECDSA-SHA256,ECDSA-SHA384_signed-by_ECDSA-SHA256,13.848,2068.12,923.144,1,0,0,118.727,17,3016.19,3007.45,1293,1287
1,6,95,ECDSA-SHA384_signed-by_ECDSA-SHA256,ECDSA-SHA384_signed-by_ECDSA-SHA256,16.091,1780.31,1194.16,1,10,0.625,101,10,3007.9,2980.09,1292,1289
1,4,16,ECDSA-SHA384_signed-by_ECDSA-SHA256,ECDSA-SHA384_signed-by_ECDSA-SHA256,15.59,1837.02,803.566,1,0,0,110,24,3019.76,2999.64,1292,1288
1,3,87,ECDSA-SHA384_signed-by_ECDSA-SHA256,ECDSA-SHA384_signed-by_ECDSA-SHA256,19.016,1506.87,1067.68,1,18,1.05882,108.588,24,3016.09,3005.37,1293,1289
1,2,84,ECDSA-SHA384_signed-by_ECDSA-SHA256,ECDSA-SHA384_signed-by_ECDSA-SHA256,38.109,751.315,385.839,1,5,0.294118,112.353,24,3026.66,3016.76,1291,1288
1,8,89,ECDSA-SHA384_signed-by_ECDSA-SHA256,ECDSA-SHA384_signed-by_ECDSA-SHA256,13.106,2185.78,1060.84,1,5,0.416667,110,17,3025.13,3020.21,1293,1288
1,1,87,ECDSA-SHA384_signed-by_ECDSA-SHA256,ECDSA-SHA384_signed-by_ECDSA-SHA256,14.808,1934,1149.6,1,7,0.538462,111.846,24,2998.1,2974.03,1292,1288
1,6,96,ECDSA-SHA384_signed-by_ECDSA-SHA256,ECDSA-SHA384_signed-by_ECDSA-SHA256,13.714,2088.86,902.974,1,0,0,109.6,10,3020.26,2987.37,1292,1289
1,5,85,ECDSA-SHA384_signed-by_ECDSA-SHA256,ECDSA-SHA384_signed-by_ECDSA-SHA256,16.635,1722.54,1122.39,1,10,0.714286,128.857,15,2996.61,2984.14,1292,1290
1,4,17,ECDSA-SHA384_signed-by_ECDSA-SHA256,ECDSA-SHA384_signed-by_ECDSA-SHA256,13.591,2107.18,1778.74,1,18,1.2,145.733,24,3023.47,2983.46,1292,1288
1,3,88,ECDSA-SHA384_signed-by_ECDSA-SHA256,ECDSA-SHA384_signed-by_ECDSA-SHA256,11.666,2456.28,1208.25,0.307692,3,0.230769,174,24,3019.06,2981.51,1293,1289
1,2,85,ECDSA-SHA384_signed-by_ECDSA-SHA256,ECDSA-SHA384_signed-by_ECDSA-SHA256,10.861,2636.19,1129.9,0.333333,0,0,126.889,24,3022.09,2999.66,1291,1288
1,1,88,ECDSA-SHA384_signed-by_ECDSA-SHA256,ECDSA-SHA384_signed-by_ECDSA-SHA256,11.881,2410.52,1054.43,0.9,0,0,110,24,3033.84,3003.89,1292,1288
1,6,97,ECDSA-SHA384_signed-by_ECDSA-SHA256,ECDSA-SHA384_signed-by_ECDSA-SHA256,10.643,2691.7,1153.05,1,0,0,118,10,3012.65,2999.09,1292,1289
1,8,90,ECDSA-SHA384_signed-by_ECDSA-SHA256,ECDSA-SHA384_signed-by_ECDSA-SHA256,14.197,2017.82,979.329,1,5,0.416667,110,17,3036.08,2981.42,1293,1288
1,5,86,ECDSA-SHA384_signed-by_ECDSA-SHA256,ECDSA-SHA384_signed-by_ECDSA-SHA256,14.331,1999.51,1205.73,0.928571,7,0.5,114,15,3004.8,2965.43,1292,1290
1,4,18,ECDSA-SHA384_signed-by_ECDSA-SHA256,ECDSA-SHA384_signed-by_ECDSA-SHA256,14.961,1914.25,837.35,1,0,0,110,24,3043.85,2987.32,1292,1288
1,3,89,ECDSA-SHA384_signed-by_ECDSA-SHA256,ECDSA-SHA384_signed-by_ECDSA-SHA256,15.215,1883.34,1118.85,1,7,0.538462,111.846,24,3025.62,2970.58,1293,1289
1,2,86,ECDSA-SHA384_signed-by_ECDSA-SHA256,ECDSA-SHA384_signed-by_ECDSA-SHA256,13,2202.4,943.972,1,0,0,126.889,24,3114.41,2984.86,1291,1288
1,6,98,ECDSA-SHA384_signed-by_ECDSA-SHA256,ECDSA-SHA384_signed-by_ECDSA-SHA256,10.702,2676.85,1702.84,0.333333,9,0.75,133.333,10,3019.51,2979.15,1292,1289
1,1,89,ECDSA-SHA384_signed-by_ECDSA-SHA256,ECDSA-SHA384_signed-by_ECDSA-SHA256,13.244,2162.42,926.58,0.444444,0,0,118,24,3039.49,3004.41,1292,1288
1,8,91,ECDSA-SHA384_signed-by_ECDSA-SHA256,ECDSA-SHA384_signed-by_ECDSA-SHA256,12.435,2303.77,986.87,0,0,0,126.889,17,3024.02,3231.96,1293,1288
1,5,87,ECDSA-SHA384_signed-by_ECDSA-SHA256,ECDSA-SHA384_signed-by_ECDSA-SHA256,11.535,2484.24,1063.88,0,0,0,118,15,3009.37,2971.39,1292,1290
1,4,19,ECDSA-SHA384_signed-by_ECDSA-SHA256,ECDSA-SHA384_signed-by_ECDSA-SHA256,9.915,2888.26,1237.6,0,0,0,118,24,3026.05,2968.33,1292,1288
1,3,90,ECDSA-SHA384_signed-by_ECDSA-SHA256,ECDSA-SHA384_signed-by_ECDSA-SHA256,9.76,2935.78,1257.25,0.333333,0,0,118,24,3008.08,3008.52,1293,1289
1,2,87,ECDSA-SHA384_signed-by_ECDSA-SHA256,ECDSA-SHA384_signed-by_ECDSA-SHA256,10.655,2687.18,1322.94,0.461538,6,0.461538,104.462,24,3031.68,3019.44,1291,1288
1,6,99,ECDSA-SHA384_signed-by_ECDSA-SHA256,ECDSA-SHA384_signed-by_ECDSA-SHA256,10.641,2692.22,1220.93,0.9,1,0.1,111.6,10,2997.66,2987.94,1292,1289
1,1,90,ECDSA-SHA384_signed-by_ECDSA-SHA256,ECDSA-SHA384_signed-by_ECDSA-SHA256,10.25,2794.14,1197.27,1,0,0,118,24,3030.98,3008.28,1292,1288
1,8,92,ECDSA-SHA384_signed-by_ECDSA-SHA256,ECDSA-SHA384_signed-by_ECDSA-SHA256,9.916,2889.05,1237.59,1,0,0,126.889,17,3023.11,2990.19,1293,1288
1,5,88,ECDSA-SHA384_signed-by_ECDSA-SHA256,ECDSA-SHA384_signed-by_ECDSA-SHA256,11.979,2392.11,1421.11,1,7,0.538462,111.846,15,3022.42,2999.01,1292,1290
1,3,91,ECDSA-SHA384_signed-by_ECDSA-SHA256,ECDSA-SHA384_signed-by_ECDSA-SHA256,12.206,2347.6,1014.54,1,0,0,109.6,24,3028.18,3002.16,1293,1289
1,7,89,ECDSA-SHA384_signed-by_ECDSA-SHA256,ECDSA-SHA384_signed-by_ECDSA-SHA256,56.752,504.649,334.647,1,13,0.8125,116,17,3008.56,3028.54,1293,1287
1,1,91,ECDSA-SHA384_signed-by_ECDSA-SHA256,ECDSA-SHA384_signed-by_ECDSA-SHA256,9.998,2864.48,1227.41,0.555556,0,0,118,24,3001.73,2985.52,1292,1288
1,2,88,ECDSA-SHA384_signed-by_ECDSA-SHA256,ECDSA-SHA384_signed-by_ECDSA-SHA256,13.387,2138.68,1290.74,0.857143,7,0.5,112.286,24,3024.62,2974.86,1291,1288
1,8,93,ECDSA-SHA384_signed-by_ECDSA-SHA256,ECDSA-SHA384_signed-by_ECDSA-SHA256,11.133,2573.16,1102.27,1,0,0,126.889,17,3027.98,2978.65,1293,1288
1,5,89,ECDSA-SHA384_signed-by_ECDSA-SHA256,ECDSA-SHA384_signed-by_ECDSA-SHA256,9.338,3068.69,1314.18,0.888889,0,0,118,15,3024.69,2974.35,1292,1290
1,4,20,ECDSA-SHA384_signed-by_ECDSA-SHA256,ECDSA-SHA384_signed-by_ECDSA-SHA256,21.84,1311.31,820.486,1,9,0.529412,95.8824,24,3036.82,3018.37,1292,1288
1,3,92,ECDSA-SHA384_signed-by_ECDSA-SHA256,ECDSA-SHA384_signed-by_ECDSA-SHA256,13.249,2162.82,945.555,1,0,0,110,24,3044.05,3003.34,1293,1289
1,4,21,ECDSA-SHA384_signed-by_ECDSA-SHA256,ECDSA-SHA384_signed-by_ECDSA-SHA256,9.593,2985.47,1279.25,0.333333,0,0,118,24,3022.43,2988.6,1292,1288
1,8,94,ECDSA-SHA384_signed-by_ECDSA-SHA256,ECDSA-SHA384_signed-by_ECDSA-SHA256,13.984,2048.53,1303.14,0.583333,9,0.75,445.333,17,3095.36,3029.62,1293,1288
1,5,90,ECDSA-SHA384_signed-by_ECDSA-SHA256,ECDSA-SHA384_signed-by_ECDSA-SHA256,12.072,2373.69,1016.54,1,0,0,118,15,3014.89,2981.39,1292,1290
1,1,92,ECDSA-SHA384_signed-by_ECDSA-SHA256,ECDSA-SHA384_signed-by_ECDSA-SHA256,17.09,1675.74,1081.28,1,9,0.692308,124.154,24,3027.8,2992.76,1292,1288
1,7,90,ECDSA-SHA384_signed-by_ECDSA-SHA256,ECDSA-SHA384_signed-by_ECDSA-SHA256,18.919,1513.81,899.83,1,7,0.538462,111.846,17,3003.15,2994.16,1293,1287
1,2,89,ECDSA-SHA384_signed-by_ECDSA-SHA256,ECDSA-SHA384_signed-by_ECDSA-SHA256,18.358,1559.56,1115.53,1,18,0.9,126.2,24,3005.86,2978.74,1291,1288
1,3,93,ECDSA-SHA384_signed-by_ECDSA-SHA256,ECDSA-SHA384_signed-by_ECDSA-SHA256,15.071,1901.28,831.214,1,0,0,110,24,3015.47,3015.52,1293,1289
1,4,22,ECDSA-SHA384_signed-by_ECDSA-SHA256,ECDSA-SHA384_signed-by_ECDSA-SHA256,13.457,2128.17,1033.17,1,5,0.416667,102.667,24,3011.79,3002.36,1292,1288
1,5,91,ECDSA-SHA384_signed-by_ECDSA-SHA256,ECDSA-SHA384_signed-by_ECDSA-SHA256,13.711,2089.89,1868.18,1,15,0.882353,115.647,15,3080.95,2995.55,1292,1290
1,7,91,ECDSA-SHA384_signed-by_ECDSA-SHA256,ECDSA-SHA384_signed-by_ECDSA-SHA256,13.146,2178.5,933.467,1,0,0,118,17,2984.65,3025.61,1293,1287
1,8,95,ECDSA-SHA384_signed-by_ECDSA-SHA256,ECDSA-SHA384_signed-by_ECDSA-SHA256,15.454,1853.65,1564.29,1,18,1.2,151.067,17,3014.97,2988.51,1293,1288
1,1,93,ECDSA-SHA384_signed-by_ECDSA-SHA256,ECDSA-SHA384_signed-by_ECDSA-SHA256,17.038,1680.95,1430.21,1,23,1.4375,139,24,3010.24,2972.12,1292,1288
1,2,90,ECDSA-SHA384_signed-by_ECDSA-SHA256,ECDSA-SHA384_signed-by_ECDSA-SHA256,18.999,1506.98,1469.51,1,27,1.28571,122.571,24,3022.48,2999.25,1291,1288
1,8,96,ECDSA-SHA384_signed-by_ECDSA-SHA256,ECDSA-SHA384_signed-by_ECDSA-SHA256,8.002,3580.1,1533.61,1,0,0,126.889,17,2995.38,2993.73,1293,1288
1,4,23,ECDSA-SHA384_signed-by_ECDSA-SHA256,ECDSA-SHA384_signed-by_ECDSA-SHA256,11.398,2512.62,1099.1,1,0,0,107.6,24,3070.31,2974.72,1292,1288
1,3,94,ECDSA-SHA384_signed-by_ECDSA-SHA256,ECDSA-SHA384_signed-by_ECDSA-SHA256,16.212,1767.56,1150.74,1,12,0.75,101.5,24,3020.02,3005.72,1293,1289
1,5,92,ECDSA-SHA384_signed-by_ECDSA-SHA256,ECDSA-SHA384_signed-by_ECDSA-SHA256,11.827,2422.83,1715.33,1,20,1.05263,94.8421,15,3030.15,2961.93,1292,1290
1,7,92,ECDSA-SHA384_signed-by_ECDSA-SHA256,ECDSA-SHA384_signed-by_ECDSA-SHA256,18.53,1545.56,1007.63,1,10,0.714286,118,17,3026.67,3023.33,1293,1287
1,1,94,ECDSA-SHA384_signed-by_ECDSA-SHA256,ECDSA-SHA384_signed-by_ECDSA-SHA256,18.323,1563.01,1615.4,1,29,1.11538,117.385,24,3009.78,2988.54,1292,1288
1,8,97,ECDSA-SHA384_signed-by_ECDSA-SHA256,ECDSA-SHA384_signed-by_ECDSA-SHA256,13.765,2081.08,1147.18,1,10,0.625,96.5,17,2998.41,2986.23,1293,1288
1,5,93,ECDSA-SHA384_signed-by_ECDSA-SHA256,ECDSA-SHA384_signed-by_ECDSA-SHA256,11.632,2463.42,1335.55,1,7,0.466667,130.8,15,2997.06,3006.81,1292,1290
1,2,91,ECDSA-SHA384_signed-by_ECDSA-SHA256,ECDSA-SHA384_signed-by_ECDSA-SHA256,15.803,1811.79,896.024,1,2,0.153846,143.231,24,3018.48,2995.78,1291,1288
1,3,95,ECDSA-SHA384_signed-by_ECDSA-SHA256,ECDSA-SHA384_signed-by_ECDSA-SHA256,14.427,1986.14,1592.46,1,16,1,124.5,24,3052.09,2971.37,1293,1289
1,4,24,ECDSA-SHA384_signed-by_ECDSA-SHA256,ECDSA-SHA384_signed-by_ECDSA-SHA256,19.338,1480.97,1276.62,1,18,1.05882,133.059,24,3010.46,2983.27,1292,1288
1,7,93,ECDSA-SHA384_signed-by_ECDSA-SHA256,ECDSA-SHA384_signed-by_ECDSA-SHA256,14.23,2012.54,880.348,1,0,0,110,17,2996.81,3016,1293,1287
1,8,98,ECDSA-SHA384_signed-by_ECDSA-SHA256,ECDSA-SHA384_signed-by_ECDSA-SHA256,11.992,2388.83,1023.31,0.333333,0,0,126.889,17,3012.51,2999.54,1293,1288
1,1,95,ECDSA-SHA384_signed-by_ECDSA-SHA256,ECDSA-SHA384_signed-by_ECDSA-SHA256,13.19,2171.25,1054.09,0.416667,2,0.166667,149.333,24,3009.5,3015.45,1292,1288
1,2,92,ECDSA-SHA384_signed-by_ECDSA-SHA256,ECDSA-SHA384_signed-by_ECDSA-SHA256,11.717,2443.54,1047.33,1,0,0,126.889,24,3030.95,2988.74,1291,1288
1,5,94,ECDSA-SHA384_signed-by_ECDSA-SHA256,ECDSA-SHA384_signed-by_ECDSA-SHA256,13.532,2117.55,1258,0.846154,7,0.538462,111.846,15,3012.95,2989.77,1292,1290
1,3,96,ECDSA-SHA384_signed-by_ECDSA-SHA256,ECDSA-SHA384_signed-by_ECDSA-SHA256,12.969,2209.48,946.217,1,0,0,118,24,3025.65,2983.61,1293,1289
1,4,25,ECDSA-SHA384_signed-by_ECDSA-SHA256,ECDSA-SHA384_signed-by_ECDSA-SHA256,9.72,2946.48,1469.95,1,10,0.714286,94,24,3023.93,2974.52,1292,1288
1,7,94,ECDSA-SHA384_signed-by_ECDSA-SHA256,ECDSA-SHA384_signed-by_ECDSA-SHA256,10.093,2837.55,1241.23,1,0,0,110,17,3018.82,3002.11,1293,1287
1,2,93,ECDSA-SHA384_signed-by_ECDSA-SHA256,ECDSA-SHA384_signed-by_ECDSA-SHA256,9.662,2963.28,1270.1,1,0,0,126.889,24,2990.18,2997.26,1291,1288
1,5,95,ECDSA-SHA384_signed-by_ECDSA-SHA256,ECDSA-SHA384_signed-by_ECDSA-SHA256,10.098,2837.69,1215.25,1,0,0,125.111,15,3027.89,2992.97,1292,1290
1,8,99,ECDSA-SHA384_signed-by_ECDSA-SHA256,ECDSA-SHA384_signed-by_ECDSA-SHA256,12.823,2234.01,1585.83,1,8,0.533333,110.533,17,3007.48,3003.25,1293,1288
1,1,96,ECDSA-SHA384_signed-by_ECDSA-SHA256,ECDSA-SHA384_signed-by_ECDSA-SHA256,15.824,1809.9,1734.07,1,28,1.33333,136.095,24,3025.97,3013.81,1292,1288
1,4,26,ECDSA-SHA384_signed-by_ECDSA-SHA256,ECDSA-SHA384_signed-by_ECDSA-SHA256,14.278,2005.75,991.671,0.923077,2,0.153846,140.769,24,3020.59,2975.28,1292,1288
1,3,97,ECDSA-SHA384_signed-by_ECDSA-SHA256,ECDSA-SHA384_signed-by_ECDSA-SHA256,17.07,1678.71,1097.58,1,9,0.642857,119.714,24,3005.19,3009.28,1293,1289
1,7,95,ECDSA-SHA384_signed-by_ECDSA-SHA256,ECDSA-SHA384_signed-by_ECDSA-SHA256,15.562,1840.27,1337.54,1,15,0.789474,101.158,17,3011.45,2993.41,1293,1287
1,2,94,ECDSA-SHA384_signed-by_ECDSA-SHA256,ECDSA-SHA384_signed-by_ECDSA-SHA256,14.662,1952.7,854.407,1,0,0,118,24,3003.77,3128.51,1291,1288
1,1,97,ECDSA-SHA384_signed-by_ECDSA-SHA256,ECDSA-SHA384_signed-by_ECDSA-SHA256,11.884,2409.85,1453.99,1,7,0.5,104.857,24,3084.54,3013.4,1292,1288
1,4,27,ECDSA-SHA384_signed-by_ECDSA-SHA256,ECDSA-SHA384_signed-by_ECDSA-SHA256,11.643,2459.73,1075.96,1,0,0,107.6,24,2983.35,2998.72,1292,1288
1,5,96,ECDSA-SHA384_signed-by_ECDSA-SHA256,ECDSA-SHA384_signed-by_ECDSA-SHA256,19.047,1504.45,955.088,1,9,0.5625,110.75,15,3016.36,2985.51,1292,1290
1,7,96,ECDSA-SHA384_signed-by_ECDSA-SHA256,ECDSA-SHA384_signed-by_ECDSA-SHA256,9.365,3058.11,1484.63,0.916667,5,0.416667,102.667,17,3022.78,3009.92,1293,1287
1,2,95,ECDSA-SHA384_signed-by_ECDSA-SHA256,ECDSA-SHA384_signed-by_ECDSA-SHA256,8.526,3358.15,2013.58,0.611111,18,1,92.2222,24,3010.76,2994.55,1291,1288
1,3,98,ECDSA-SHA384_signed-by_ECDSA-SHA256,ECDSA-SHA384_signed-by_ECDSA-SHA256,14.811,1934.67,1260.61,1,10,0.714286,119.714,24,3033.72,3017.24,1293,1289
1,1,98,ECDSA-SHA384_signed-by_ECDSA-SHA256,ECDSA-SHA384_signed-by_ECDSA-SHA256,10.2,2807.79,1203.11,1,0,0,118,24,3023.91,2990.56,1292,1288
1,7,97,ECDSA-SHA384_signed-by_ECDSA-SHA256,ECDSA-SHA384_signed-by_ECDSA-SHA256,8.918,3211.45,1404.78,0.7,0,0,107.6,18,2991.22,2989.5,1293,1287
1,5,97,ECDSA-SHA384_signed-by_ECDSA-SHA256,ECDSA-SHA384_signed-by_ECDSA-SHA256,11.703,2448.52,1070.46,1,0,0,123.6,15,3015.75,3000.17,1292,1290
1,4,28,ECDSA-SHA384_signed-by_ECDSA-SHA256,ECDSA-SHA384_signed-by_ECDSA-SHA256,13.923,2056.93,1582.35,1,14,0.777778,106,24,3024.55,3002.04,1292,1288
1,2,96,ECDSA-SHA384_signed-by_ECDSA-SHA256,ECDSA-SHA384_signed-by_ECDSA-SHA256,13.865,2064.94,1021.22,0.615385,2,0.153846,240.154,24,3038.6,2999.38,1291,1288
1,1,99,ECDSA-SHA384_signed-by_ECDSA-SHA256,ECDSA-SHA384_signed-by_ECDSA-SHA256,10.617,2697.47,1247.77,0.0909091,1,0.0909091,102.727,24,3006.59,3013.64,1292,1288
1,3,99,ECDSA-SHA384_signed-by_ECDSA-SHA256,ECDSA-SHA384_signed-by_ECDSA-SHA256,14.259,2009.56,1277.99,0.666667,9,0.75,133.333,24,3004.37,2981.92,1293,1289
1,7,98,ECDSA-SHA384_signed-by_ECDSA-SHA256,ECDSA-SHA384_signed-by_ECDSA-SHA256,9.12,3140.28,1345.58,0.111111,0,0,118,18,3009.3,3017.74,1293,1287
1,5,98,ECDSA-SHA384_signed-by_ECDSA-SHA256,ECDSA-SHA384_signed-by_ECDSA-SHA256,9.439,3035.85,1300.11,0,0,0,136.667,15,3083.66,2986.94,1292,1290
1,4,29,ECDSA-SHA384_signed-by_ECDSA-SHA256,ECDSA-SHA384_signed-by_ECDSA-SHA256,9.284,3084.83,1321.82,0,0,0,118,24,3015.79,2978.79,1292,1288
1,2,97,ECDSA-SHA384_signed-by_ECDSA-SHA256,ECDSA-SHA384_signed-by_ECDSA-SHA256,8.863,3230.48,1413.5,0,0,0,115.6,24,3029.79,3065.5,1291,1288
1,7,99,ECDSA-SHA384_signed-by_ECDSA-SHA256,ECDSA-SHA384_signed-by_ECDSA-SHA256,7.637,3749.76,1640.26,0,0,0,107.6,18,3014.19,3009.95,1293,1287
1,5,99,ECDSA-SHA384_signed-by_ECDSA-SHA256,ECDSA-SHA384_signed-by_ECDSA-SHA256,9.247,3098.94,1354.81,0,0,0,123.6,15,2983.81,2987.91,1292,1290
1,4,30,ECDSA-SHA384_signed-by_ECDSA-SHA256,ECDSA-SHA384_signed-by_ECDSA-SHA256,8.815,3248.99,1421.21,0,0,0,107.6,24,3018.33,2977.54,1292,1288
1,2,98,ECDSA-SHA384_signed-by_ECDSA-SHA256,ECDSA-SHA384_signed-by_ECDSA-SHA256,7.76,3689.32,1614.27,0,0,0,115.6,24,3126.49,3003.65,1291,1288
1,4,31,ECDSA-SHA384_signed-by_ECDSA-SHA256,ECDSA-SHA384_signed-by_ECDSA-SHA256,6.769,4230.74,1850.65,0,0,0,107.6,24,3037.42,3002.81,1292,1288
1,2,99,ECDSA-SHA384_signed-by_ECDSA-SHA256,ECDSA-SHA384_signed-by_ECDSA-SHA256,8.081,3542.93,1550.22,0,0,0,115.6,24,3000.81,2997.16,1291,1288
1,4,32,ECDSA-SHA384_signed-by_ECDSA-SHA256,ECDSA-SHA384_signed-by_ECDSA-SHA256,6.339,4517.79,1976.22,0,0,0,107.6,24,3017.2,2983.68,1292,1288
1,4,33,ECDSA-SHA384_signed-by_ECDSA-SHA256,ECDSA-SHA384_signed-by_ECDSA-SHA256,6.401,4474.1,1957.11,0,0,0,107.6,24,3017.56,2995.82,1292,1288
1,4,34,ECDSA-SHA384_signed-by_ECDSA-SHA256,ECDSA-SHA384_signed-by_ECDSA-SHA256,6.246,4585.19,2005.7,0,0,0,107.6,24,3009.46,3004.94,1292,1288
1,4,35,ECDSA-SHA384_signed-by_ECDSA-SHA256,ECDSA-SHA384_signed-by_ECDSA-SHA256,6.237,4591.81,2008.6,0,0,0,107.6,24,3016.52,3013.21,1292,1288
1,4,36,ECDSA-SHA384_signed-by_ECDSA-SHA256,ECDSA-SHA384_signed-by_ECDSA-SHA256,6.247,4584.46,2005.38,0,0,0,107.6,24,3010.76,2993.53,1292,1288
1,4,37,ECDSA-SHA384_signed-by_ECDSA-SHA256,ECDSA-SHA384_signed-by_ECDSA-SHA256,6.312,4537.25,1984.73,0,0,0,107.6,24,3036.39,2986.19,1292,1288
1,4,38,ECDSA-SHA384_signed-by_ECDSA-SHA256,ECDSA-SHA384_signed-by_ECDSA-SHA256,6.323,4529.36,1981.28,0,0,0,107.6,24,3011.23,3053.62,1292,1288
1,4,39,ECDSA-SHA384_signed-by_ECDSA-SHA256,ECDSA-SHA384_signed-by_ECDSA-SHA256,6.253,4580.06,2003.46,0,0,0,107.6,24,3017.3,2985.69,1292,1288
1,4,40,ECDSA-SHA384_signed-by_ECDSA-SHA256,ECDSA-SHA384_signed-by_ECDSA-SHA256,6.212,4610.29,2016.68,0,0,0,107.6,24,3038.45,2985.24,1292,1288
1,4,41,ECDSA-SHA384_signed-by_ECDSA-SHA256,ECDSA-SHA384_signed-by_ECDSA-SHA256,6.255,4578.6,2002.82,0,0,0,107.6,24,3021.47,2990.02,1292,1288
1,4,42,ECDSA-SHA384_signed-by_ECDSA-SHA256,ECDSA-SHA384_signed-by_ECDSA-SHA256,6.216,4607.32,2015.38,0,0,0,107.6,24,3019.71,2985.01,1292,1288
1,4,43,ECDSA-SHA384_signed-by_ECDSA-SHA256,ECDSA-SHA384_signed-by_ECDSA-SHA256,6.272,4566.19,1997.39,0,0,0,107.6,24,3015.71,2994.26,1292,1288
1,4,44,ECDSA-SHA384_signed-by_ECDSA-SHA256,ECDSA-SHA384_signed-by_ECDSA-SHA256,6.204,4616.23,2019.28,0,0,0,107.6,24,3021.91,2992,1292,1288
1,4,45,ECDSA-SHA384_signed-by_ECDSA-SHA256,ECDSA-SHA384_signed-by_ECDSA-SHA256,6.249,4582.99,2004.74,0,0,0,107.6,24,3037.46,2990.91,1292,1288
1,4,46,ECDSA-SHA384_signed-by_ECDSA-SHA256,ECDSA-SHA384_signed-by_ECDSA-SHA256,6.249,4582.99,2004.74,0,0,0,107.6,24,3022.2,2984.63,1292,1288
1,4,47,ECDSA-SHA384_signed-by_ECDSA-SHA256,ECDSA-SHA384_signed-by_ECDSA-SHA256,6.321,4530.79,1981.9,0,0,0,107.6,24,3027.24,3001.86,1292,1288
1,4,48,ECDSA-SHA384_signed-by_ECDSA-SHA256,ECDSA-SHA384_signed-by_ECDSA-SHA256,6.501,4405.12,1926.93,0,0,0,107.6,24,3072.25,2985.02,1292,1288
1,4,49,ECDSA-SHA384_signed-by_ECDSA-SHA256,ECDSA-SHA384_signed-by_ECDSA-SHA256,6.346,4512.94,1974.1,0,0,0,107.6,24,3020.99,2990.93,1292,1288
1,4,50,ECDSA-SHA384_signed-by_ECDSA-SHA256,ECDSA-SHA384_signed-by_ECDSA-SHA256,6.345,4513.65,1974.41,0,0,0,107.6,24,3015.94,2987.54,1292,1288
1,4,51,ECDSA-SHA384_signed-by_ECDSA-SHA256,ECDSA-SHA384_signed-by_ECDSA-SHA256,6.316,4534.38,1983.47,0,0,0,107.6,24,3035.3,3144.08,1292,1288
1,4,52,ECDSA-SHA384_signed-by_ECDSA-SHA256,ECDSA-SHA384_signed-by_ECDSA-SHA256,6.369,4496.65,1966.97,0,0,0,107.6,24,3021.15,2989.75,1292,1288
1,4,53,ECDSA-SHA384_signed-by_ECDSA-SHA256,ECDSA-SHA384_signed-by_ECDSA-SHA256,6.327,4526.49,1980.03,0,0,0,107.6,24,3015.67,2997.2,1292,1288
1,4,54,ECDSA-SHA384_signed-by_ECDSA-SHA256,ECDSA-SHA384_signed-by_ECDSA-SHA256,6.295,4549.5,1990.09,0,0,0,107.6,24,3009.87,3052.23,1292,1288
1,4,55,ECDSA-SHA384_signed-by_ECDSA-SHA256,ECDSA-SHA384_signed-by_ECDSA-SHA256,6.193,4624.43,2022.87,0,0,0,107.6,24,3009.66,2996.52,1292,1288
1,4,56,ECDSA-SHA384_signed-by_ECDSA-SHA256,ECDSA-SHA384_signed-by_ECDSA-SHA256,6.268,4569.1,1998.66,0,0,0,107.6,24,3023.5,2994.91,1292,1288
1,4,57,ECDSA-SHA384_signed-by_ECDSA-SHA256,ECDSA-SHA384_signed-by_ECDSA-SHA256,6.245,4585.93,2006.02,0,0,0,107.6,24,3015.45,2991.51,1292,1288
1,4,58,ECDSA-SHA384_signed-by_ECDSA-SHA256,ECDSA-SHA384_signed-by_ECDSA-SHA256,6.326,4527.21,1980.34,0,0,0,107.6,24,3042.09,3025.39,1292,1288
1,4,59,ECDSA-SHA384_signed-by_ECDSA-SHA256,ECDSA-SHA384_signed-by_ECDSA-SHA256,6.245,4585.93,2006.02,0,0,0,107.6,24,3022.99,2994.92,1292,1288
1,4,60,ECDSA-SHA384_signed-by_ECDSA-SHA256,ECDSA-SHA384_signed-by_ECDSA-SHA256,6.271,4566.91,1997.71,0,0,0,107.6,24,3007.57,2992.48,1292,1288
1,4,61,ECDSA-SHA384_signed-by_ECDSA-SHA256,ECDSA-SHA384_signed-by_ECDSA-SHA256,6.293,4550.95,1990.72,0,0,0,107.6,24,3025.29,3003.68,1292,1288
1,4,62,ECDSA-SHA384_signed-by_ECDSA-SHA256,ECDSA-SHA384_signed-by_ECDSA-SHA256,6.249,4582.99,2004.74,0,0,0,107.6,24,3019.11,2989.24,1292,1288
1,4,63,ECDSA-SHA384_signed-by_ECDSA-SHA256,ECDSA-SHA384_signed-by_ECDSA-SHA256,6.214,4608.81,2016.03,0,0,0,107.6,24,3022.36,2991.73,1292,1288
1,4,64,ECDSA-SHA384_signed-by_ECDSA-SHA256,ECDSA-SHA384_signed-by_ECDSA-SHA256,7.75,3695.39,1616.48,0,0,0,107.6,24,3027.48,3017.14,1292,1288
1,4,65,ECDSA-SHA384_signed-by_ECDSA-SHA256,ECDSA-SHA384_signed-by_ECDSA-SHA256,6.215,4608.06,2015.71,0,0,0,107.6,24,3030.86,2984.63,1292,1288
1,4,66,ECDSA-SHA384_signed-by_ECDSA-SHA256,ECDSA-SHA384_signed-by_ECDSA-SHA256,6.206,4614.75,2018.63,0,0,0,107.6,24,3029.01,2996.31,1292,1288
1,4,67,ECDSA-SHA384_signed-by_ECDSA-SHA256,ECDSA-SHA384_signed-by_ECDSA-SHA256,6.254,4579.33,2003.14,0,0,0,107.6,24,3011.21,2999.47,1292,1288
1,4,68,ECDSA-SHA384_signed-by_ECDSA-SHA256,ECDSA-SHA384_signed-by_ECDSA-SHA256,6.295,4549.5,1990.09,0,0,0,107.6,24,3003.89,2988.64,1292,1288
1,4,69,ECDSA-SHA384_signed-by_ECDSA-SHA256,ECDSA-SHA384_signed-by_ECDSA-SHA256,6.316,4534.38,1983.47,0,0,0,107.6,24,3019.05,2988.3,1292,1288
1,4,70,ECDSA-SHA384_signed-by_ECDSA-SHA256,ECDSA-SHA384_signed-by_ECDSA-SHA256,6.279,4561.1,1995.16,0,0,0,107.6,24,3014.47,2991.58,1292,1288
1,4,71,ECDSA-SHA384_signed-by_ECDSA-SHA256,ECDSA-SHA384_signed-by_ECDSA-SHA256,6.323,4529.36,1981.28,0,0,0,107.6,24,3022.41,3006.93,1292,1288
1,4,72,ECDSA-SHA384_signed-by_ECDSA-SHA256,ECDSA-SHA384_signed-by_ECDSA-SHA256,6.177,4636.41,2028.11,0,0,0,107.6,24,3033.33,2995.52,1292,1288
1,4,73,ECDSA-SHA384_signed-by_ECDSA-SHA256,ECDSA-SHA384_signed-by_ECDSA-SHA256,6.392,4480.47,1959.89,0,0,0,107.6,24,3026.12,2988.19,1292,1288
1,4,74,ECDSA-SHA384_signed-by_ECDSA-SHA256,ECDSA-SHA384_signed-by_ECDSA-SHA256,6.228,4598.45,2011.5,0,0,0,107.6,24,3021.74,2990.53,1292,1288
1,4,75,ECDSA-SHA384_signed-by_ECDSA-SHA256,ECDSA-SHA384_signed-by_ECDSA-SHA256,6.239,4590.34,2007.95,0,0,0,107.6,24,3030.28,2995.01,1292,1288
1,4,76,ECDSA-SHA384_signed-by_ECDSA-SHA256,ECDSA-SHA384_signed-by_ECDSA-SHA256,6.229,4597.71,2011.18,0,0,0,107.6,24,3013.45,2984.97,1292,1288
1,4,77,ECDSA-SHA384_signed-by_ECDSA-SHA256,ECDSA-SHA384_signed-by_ECDSA-SHA256,6.196,4622.19,2021.89,0,0,0,107.6,24,3032.18,2990.87,1292,1288
1,4,78,ECDSA-SHA384_signed-by_ECDSA-SHA256,ECDSA-SHA384_signed-by_ECDSA-SHA256,6.286,4556.02,1992.94,0,0,0,107.6,24,3022.19,3000.89,1292,1288
1,4,79,ECDSA-SHA384_signed-by_ECDSA-SHA256,ECDSA-SHA384_signed-by_ECDSA-SHA256,6.233,4594.76,2009.89,0,0,0,107.6,24,3031.71,2986.14,1292,1288
1,4,80,ECDSA-SHA384_signed-by_ECDSA-SHA256,ECDSA-SHA384_signed-by_ECDSA-SHA256,7.08,4045.09,1769.44,0,0,0,110,24,3047.04,2989.97,1292,1288
1,4,81,ECDSA-SHA384_signed-by_ECDSA-SHA256,ECDSA-SHA384_signed-by_ECDSA-SHA256,6.22,4604.36,2014.09,0,0,0,107.6,24,3013.26,3006.03,1292,1288
1,4,82,ECDSA-SHA384_signed-by_ECDSA-SHA256,ECDSA-SHA384_signed-by_ECDSA-SHA256,6.242,4588.13,2006.99,0,0,0,107.6,24,3025.94,2982.98,1292,1288
1,4,83,ECDSA-SHA384_signed-by_ECDSA-SHA256,ECDSA-SHA384_signed-by_ECDSA-SHA256,6.299,4546.61,1988.83,0,0,0,107.6,24,3015.82,2991.8,1292,1288
1,4,84,ECDSA-SHA384_signed-by_ECDSA-SHA256,ECDSA-SHA384_signed-by_ECDSA-SHA256,6.309,4539.41,1985.67,0,0,0,107.6,24,3024.02,3006.1,1292,1288
1,4,85,ECDSA-SHA384_signed-by_ECDSA-SHA256,ECDSA-SHA384_signed-by_ECDSA-SHA256,6.336,4520.07,1977.21,0,0,0,107.6,24,3043.16,3007.44,1292,1288
1,4,86,ECDSA-SHA384_signed-by_ECDSA-SHA256,ECDSA-SHA384_signed-by_ECDSA-SHA256,6.349,4510.81,1973.16,0,0,0,107.6,24,3026.29,2986.61,1292,1288
1,4,87,ECDSA-SHA384_signed-by_ECDSA-SHA256,ECDSA-SHA384_signed-by_ECDSA-SHA256,6.187,4628.92,2024.83,0,0,0,107.6,24,3010.32,2993.72,1292,1288
1,4,88,ECDSA-SHA384_signed-by_ECDSA-SHA256,ECDSA-SHA384_signed-by_ECDSA-SHA256,6.316,4534.38,1983.47,0,0,0,107.6,24,3014.85,2993.15,1292,1288
1,4,89,ECDSA-SHA384_signed-by_ECDSA-SHA256,ECDSA-SHA384_signed-by_ECDSA-SHA256,6.17,4641.67,2030.41,0,0,0,107.6,24,3028.43,2987.06,1292,1288
1,4,90,ECDSA-SHA384_signed-by_ECDSA-SHA256,ECDSA-SHA384_signed-by_ECDSA-SHA256,6.229,4597.71,2011.18,0,0,0,107.6,24,3018.4,3016.21,1292,1288
1,4,91,ECDSA-SHA384_signed-by_ECDSA-SHA256,ECDSA-SHA384_signed-by_ECDSA-SHA256,6.31,4538.69,1985.36,0,0,0,107.6,24,3020.58,2993.09,1292,1288
1,4,92,ECDSA-SHA384_signed-by_ECDSA-SHA256,ECDSA-SHA384_signed-by_ECDSA-SHA256,6.346,4512.94,1974.1,0,0,0,107.6,24,3012.62,2988.45,1292,1288
1,4,93,ECDSA-SHA384_signed-by_ECDSA-SHA256,ECDSA-SHA384_signed-by_ECDSA-SHA256,6.313,4536.53,1984.42,0,0,0,107.6,24,3015.93,3008.38,1292,1288
1,4,94,ECDSA-SHA384_signed-by_ECDSA-SHA256,ECDSA-SHA384_signed-by_ECDSA-SHA256,6.313,4536.53,1984.42,0,0,0,107.6,24,3020.7,3018.67,1292,1288
1,4,95,ECDSA-SHA384_signed-by_ECDSA-SHA256,ECDSA-SHA384_signed-by_ECDSA-SHA256,6.377,4491,1964.5,0,0,0,107.6,24,3011.4,3001.94,1292,1288
1,4,96,ECDSA-SHA384_signed-by_ECDSA-SHA256,ECDSA-SHA384_signed-by_ECDSA-SHA256,6.411,4467.19,1954.08,0,0,0,107.6,24,3049.38,3019.34,1292,1288
1,4,97,ECDSA-SHA384_signed-by_ECDSA-SHA256,ECDSA-SHA384_signed-by_ECDSA-SHA256,6.287,4555.26,1992.61,0,0,0,107.6,24,3009.64,2988.22,1292,1288
1,4,98,ECDSA-SHA384_signed-by_ECDSA-SHA256,ECDSA-SHA384_signed-by_ECDSA-SHA256,6.248,4583.73,2005.06,0,0,0,107.6,24,3012.69,3000.68,1292,1288
1,4,99,ECDSA-SHA384_signed-by_ECDSA-SHA256,ECDSA-SHA384_signed-by_ECDSA-SHA256,6.249,4582.99,2004.74,0,0,0,107.6,24,2991.26,2989.78,1292,1288
