scenario,node_id,handshake_index,sta_cert_algo,ap_cert_algo,handshake_delay_ms,goodput_kbps,throughput_kbps,phy_frame_drop_rate,mac_retries,mac_retry_rate,tx_delay_us,prop_delay_ns,cert_verify_ap_us,cert_verify_sta_us,server_cert_msg_bytes,client_cert_msg_bytes
1,8,0,ECDSA-SHA3-224_signed-by_ED448,ECDSA-SHA3-224_signed-by_ED448,29.844,934.456,557.564,0.761905,15,0.714286,192.857,14,2393.74,2502.76,1244,1242
1,3,0,ECDSA-SHA3-224_signed-by_ED448,ECDSA-SHA3-224_signed-by_ED448,41.658,669.251,394.83,1,10,0.5,192.6,24,2409.31,2389.23,1245,1240
1,6,0,ECDSA-SHA3-224_signed-by_ED448,ECDSA-SHA3-224_signed-by_ED448,52.865,527.22,158.59,1,0,0,200,8,2472.45,2381.69,1244,1240
1,7,0,ECDSA-SHA3-224_signed-by_ED448,ECDSA-SHA3-224_signed-by_ED448,60.761,458.846,137.983,1,0,0,159.429,16,2386.97,2410.35,1244,1241
1,5,0,ECDSA-SHA3-224_signed-by_ED448,ECDSA-SHA3-224_signed-by_ED448,64.351,433.123,151.295,1,3,0.176471,218.353,15,2397.56,2365.79,1245,1239
1,2,0,ECDSA-SHA3-224_signed-by_ED448,ECDSA-SHA3-224_signed-by_ED448,68.962,404.278,129.23,1,1,0.0666667,172.933,24,2395.09,2394.79,1244,1241
1,1,0,ECDSA-SHA3-224_signed-by_ED448,ECDSA-SHA3-224_signed-by_ED448,74.705,373.091,123.257,1,2,0.125,215.625,24,2393.34,2364.72,1244,1240
1,8,1,ECDSA-SHA3-224_signed-by_ED448,ECDSA-SHA3-224_signed-by_ED448,45.971,606.635,494.566,0.789474,18,0.947368,620.737,14,2377.21,2363.2,1244,1242
1,6,1,ECDSA-SHA3-224_signed-by_ED448,ECDSA-SHA3-224_signed-by_ED448,29.634,940.531,414.114,1,0,0,735.333,8,2388.6,2358.15,1244,1240
1,7,1,ECDSA-SHA3-224_signed-by_ED448,ECDSA-SHA3-224_signed-by_ED448,23.299,1196.6,548.687,0.909091,0,0,111.455,16,2369.89,2350.39,1244,1241
1,3,1,ECDSA-SHA3-224_signed-by_ED448,ECDSA-SHA3-224_signed-by_ED448,43.286,644.073,545.198,0.47619,20,0.952381,192.286,24,2383.81,2345.55,1245,1240
1,5,1,ECDSA-SHA3-224_signed-by_ED448,ECDSA-SHA3-224_signed-by_ED448,22.63,1231.62,553.591,1,0,0,510,15,2354.53,2344.51,1245,1239
1,2,1,ECDSA-SHA3-224_signed-by_ED448,ECDSA-SHA3-224_signed-by_ED448,18.438,1512.07,665.571,0.666667,0,0,166,24,2337.67,2337.24,1244,1241
1,8,2,ECDSA-SHA3-224_signed-by_ED448,ECDSA-SHA3-224_signed-by_ED448,12.875,2166.04,953.157,0.555556,0,0,125.111,14,2379.78,2375.1,1244,1242
1,1,1,ECDSA-SHA3-224_signed-by_ED448,ECDSA-SHA3-224_signed-by_ED448,14.843,1877.75,826.77,0.888889,0,0,125.111,24,2383.63,2335.85,1244,1240
1,7,2,ECDSA-SHA3-224_signed-by_ED448,ECDSA-SHA3-224_signed-by_ED448,11.476,2429.39,1091.66,1,0,0,116.4,16,2413.1,2343.38,1244,1241
1,6,2,ECDSA-SHA3-224_signed-by_ED448,ECDSA-SHA3-224_signed-by_ED448,13.729,2030.11,893.855,1,0,0,117.111,8,2390.01,2349.73,1244,1240
1,3,2,ECDSA-SHA3-224_signed-by_ED448,ECDSA-SHA3-224_signed-by_ED448,14.402,1935.78,1529.74,0.833333,14,0.777778,112.222,24,2372.51,2345.91,1245,1240
1,2,2,ECDSA-SHA3-224_signed-by_ED448,ECDSA-SHA3-224_signed-by_ED448,14.023,1988.1,893.363,1,0,0,153.2,24,2379.4,2341.17,1244,1241
1,1,2,ECDSA-SHA3-224_signed-by_ED448,ECDSA-SHA3-224_signed-by_ED448,12.365,2254.06,992.46,1,0,0,125.111,24,2395.39,2326.59,1244,1240
1,5,2,ECDSA-SHA3-224_signed-by_ED448,ECDSA-SHA3-224_signed-by_ED448,15.583,1788.55,1397.37,0.882353,14,0.823529,237.059,15,2409.8,2342.23,1245,1239
1,8,3,ECDSA-SHA3-224_signed-by_ED448,ECDSA-SHA3-224_signed-by_ED448,15.878,1756.33,1510.46,1,7,0.5,124.857,14,2376.09,2354.46,1244,1242
1,7,3,ECDSA-SHA3-224_signed-by_ED448,ECDSA-SHA3-224_signed-by_ED448,10.154,2745.46,1208.47,1,0,0,125.111,16,2355.67,2375.28,1244,1241
1,6,3,ECDSA-SHA3-224_signed-by_ED448,ECDSA-SHA3-224_signed-by_ED448,10.771,2587.68,1167.57,1,4,0.363636,102.364,8,2386.33,2331.07,1244,1240
1,2,3,ECDSA-SHA3-224_signed-by_ED448,ECDSA-SHA3-224_signed-by_ED448,9.554,2918.14,1311.28,1,0,0,149.2,24,2374.06,2369.82,1244,1241
1,7,4,ECDSA-SHA3-224_signed-by_ED448,ECDSA-SHA3-224_signed-by_ED448,7.492,3720.88,1671.99,0.7,0,0,116.4,16,2368.95,2328.2,1244,1241
1,8,4,ECDSA-SHA3-224_signed-by_ED448,ECDSA-SHA3-224_signed-by_ED448,9.341,2985.55,1495.34,0.583333,2,0.166667,104.667,14,2379.4,2355.92,1244,1242
1,1,3,ECDSA-SHA3-224_signed-by_ED448,ECDSA-SHA3-224_signed-by_ED448,18.312,1521.99,1009.12,1,9,0.692308,133.385,24,2364.92,2351.82,1244,1240
1,3,3,ECDSA-SHA3-224_signed-by_ED448,ECDSA-SHA3-224_signed-by_ED448,21.976,1268.64,1073.89,1,20,0.952381,104.286,24,2393.85,2340.28,1245,1240
1,2,4,ECDSA-SHA3-224_signed-by_ED448,ECDSA-SHA3-224_signed-by_ED448,12.334,2260.37,994.952,1,0,0,166,24,2398.13,2340.62,1244,1241
1,5,3,ECDSA-SHA3-224_signed-by_ED448,ECDSA-SHA3-224_signed-by_ED448,21.486,1297.2,1346.35,1,25,1.31579,317.579,15,2379.44,2347.42,1245,1239
1,7,5,ECDSA-SHA3-224_signed-by_ED448,ECDSA-SHA3-224_signed-by_ED448,13.825,2016.58,906.159,1,3,0.3,109.2,16,2345.8,2407.45,1244,1241
1,6,4,ECDSA-SHA3-224_signed-by_ED448,ECDSA-SHA3-224_signed-by_ED448,22.81,1221.91,617.968,1,3,0.230769,139.538,8,2388.54,2344.14,1244,1240
1,1,4,ECDSA-SHA3-224_signed-by_ED448,ECDSA-SHA3-224_signed-by_ED448,14.08,1979.5,871.57,1,0,0,125.111,24,2411.98,2345.96,1244,1240
1,8,5,ECDSA-SHA3-224_signed-by_ED448,ECDSA-SHA3-224_signed-by_ED448,20.871,1336.21,1122.32,1,17,0.944444,122.444,14,2322.49,2359.9,1244,1242
1,3,4,ECDSA-SHA3-224_signed-by_ED448,ECDSA-SHA3-224_signed-by_ED448,15.145,1840.81,1624.77,0.894737,21,1.10526,112.947,24,2378.33,2340.04,1245,1240
1,5,4,ECDSA-SHA3-224_signed-by_ED448,ECDSA-SHA3-224_signed-by_ED448,12.902,2160.24,951.148,0.888889,0,0,227.778,15,2381.21,2323.37,1245,1239
1,2,5,ECDSA-SHA3-224_signed-by_ED448,ECDSA-SHA3-224_signed-by_ED448,15.424,1807.5,1120.29,0.928571,7,0.5,147.714,24,2359.64,2351.24,1244,1241
1,7,6,ECDSA-SHA3-224_signed-by_ED448,ECDSA-SHA3-224_signed-by_ED448,12.803,2177.56,1085.97,1,2,0.166667,140,16,2382.76,2336.18,1244,1241
1,6,5,ECDSA-SHA3-224_signed-by_ED448,ECDSA-SHA3-224_signed-by_ED448,12.085,2306.27,1150.49,0.833333,5,0.416667,102,8,2394.02,2348.39,1244,1240
1,1,5,ECDSA-SHA3-224_signed-by_ED448,ECDSA-SHA3-224_signed-by_ED448,12.997,2144.45,944.2,0.888889,0,0,125.111,24,2373.55,2369.07,1244,1240
1,8,6,ECDSA-SHA3-224_signed-by_ED448,ECDSA-SHA3-224_signed-by_ED448,13.222,2109.17,928.133,0.888889,0,0,125.111,14,2376.48,2363.22,1244,1242
1,3,5,ECDSA-SHA3-224_signed-by_ED448,ECDSA-SHA3-224_signed-by_ED448,12.283,2269.8,999.103,0.888889,0,0,117.111,24,2353.2,2336.42,1245,1240
1,5,5,ECDSA-SHA3-224_signed-by_ED448,ECDSA-SHA3-224_signed-by_ED448,13.979,1993.82,896.188,1,0,0,208.8,15,2393.34,2347.81,1245,1239
1,2,6,ECDSA-SHA3-224_signed-by_ED448,ECDSA-SHA3-224_signed-by_ED448,12.628,2207.79,1443.14,1,9,0.75,275.333,24,2384.36,2316.66,1244,1241
1,6,6,ECDSA-SHA3-224_signed-by_ED448,ECDSA-SHA3-224_signed-by_ED448,10.856,2567.21,1130.34,0.444444,0,0,117.111,8,2387.66,2349.09,1244,1240
1,7,7,ECDSA-SHA3-224_signed-by_ED448,ECDSA-SHA3-224_signed-by_ED448,13.6,2049.98,1339.99,0.666667,9,0.75,132,16,2383.1,2329.72,1244,1241
1,1,6,ECDSA-SHA3-224_signed-by_ED448,ECDSA-SHA3-224_signed-by_ED448,11.923,2337.64,1324.49,0.9375,13,0.8125,100.5,24,2412.51,2362.53,1244,1240
1,8,7,ECDSA-SHA3-224_signed-by_ED448,ECDSA-SHA3-224_signed-by_ED448,11.661,2391.54,1476.36,1,11,0.785714,112.857,14,2372.58,2365.43,1244,1242
1,3,6,ECDSA-SHA3-224_signed-by_ED448,ECDSA-SHA3-224_signed-by_ED448,12.965,2150.36,1072.4,1,5,0.416667,102,24,2488.41,2320.63,1245,1240
1,5,6,ECDSA-SHA3-224_signed-by_ED448,ECDSA-SHA3-224_signed-by_ED448,13.888,2006.86,920.481,1,0,0,176.909,15,2384.54,2342.39,1245,1239
1,2,7,ECDSA-SHA3-224_signed-by_ED448,ECDSA-SHA3-224_signed-by_ED448,14.088,1978.93,986.912,1,5,0.416667,141.333,24,2372.45,2359.57,1244,1241
1,7,8,ECDSA-SHA3-224_signed-by_ED448,ECDSA-SHA3-224_signed-by_ED448,15.616,1785.29,818.621,1,0,0,104.909,16,2366.69,2344.77,1244,1241
1,6,7,ECDSA-SHA3-224_signed-by_ED448,ECDSA-SHA3-224_signed-by_ED448,18.057,1543.5,942.757,1,7,0.538462,111.231,8,2384.84,2360.35,1244,1240
1,1,7,ECDSA-SHA3-224_signed-by_ED448,ECDSA-SHA3-224_signed-by_ED448,14.119,1974.03,998.346,1,7,0.538462,142,24,2379.56,2363.85,1244,1240
1,3,7,ECDSA-SHA3-224_signed-by_ED448,ECDSA-SHA3-224_signed-by_ED448,13.441,2074.21,1477.24,1,14,0.933333,116.933,24,2369.81,2345.44,1245,1240
1,2,8,ECDSA-SHA3-224_signed-by_ED448,ECDSA-SHA3-224_signed-by_ED448,13.002,2144.23,978.285,1,4,0.363636,142.727,24,2379.06,2348.18,1244,1241
1,5,7,ECDSA-SHA3-224_signed-by_ED448,ECDSA-SHA3-224_signed-by_ED448,14.146,1970.25,1000.96,1,5,0.384615,179.231,15,2388.15,2356.83,1245,1239
1,7,9,ECDSA-SHA3-224_signed-by_ED448,ECDSA-SHA3-224_signed-by_ED448,11.375,2450.95,1078.84,1,0,0,117.111,16,2384.83,2346.14,1244,1241
1,8,8,ECDSA-SHA3-224_signed-by_ED448,ECDSA-SHA3-224_signed-by_ED448,21.854,1276.09,1706.58,1,41,1.24242,141.152,14,2365.71,2338.3,1244,1242
1,6,8,ECDSA-SHA3-224_signed-by_ED448,ECDSA-SHA3-224_signed-by_ED448,11.901,2341.93,1515.13,1,2,0.181818,120.182,8,2383.28,2380.75,1244,1240
1,1,8,ECDSA-SHA3-224_signed-by_ED448,ECDSA-SHA3-224_signed-by_ED448,13.564,2054.78,1361.2,0.933333,7,0.466667,145.733,24,2399.25,2355.04,1244,1240
1,5,8,ECDSA-SHA3-224_signed-by_ED448,ECDSA-SHA3-224_signed-by_ED448,8.868,3142.65,1412.57,0.8,0,0,149.2,15,2365.53,2356.61,1245,1239
1,3,8,ECDSA-SHA3-224_signed-by_ED448,ECDSA-SHA3-224_signed-by_ED448,15.055,1851.78,1239.13,0.875,12,0.75,104,24,2395.61,2350.35,1245,1240
1,7,10,ECDSA-SHA3-224_signed-by_ED448,ECDSA-SHA3-224_signed-by_ED448,12.344,2258.53,1399.83,0.5,7,0.5,106,16,2370,2321.3,1244,1241
1,2,9,ECDSA-SHA3-224_signed-by_ED448,ECDSA-SHA3-224_signed-by_ED448,14.969,1862.45,928.818,0.833333,2,0.166667,204,24,2390.37,2336.42,1244,1241
1,6,9,ECDSA-SHA3-224_signed-by_ED448,ECDSA-SHA3-224_signed-by_ED448,11.987,2325.12,1159.89,0.583333,5,0.416667,102,8,2410.84,2344.19,1244,1240
1,8,9,ECDSA-SHA3-224_signed-by_ED448,ECDSA-SHA3-224_signed-by_ED448,14.829,1880.58,844.802,1,0,0,116.4,14,2384.44,2385.68,1244,1242
1,5,9,ECDSA-SHA3-224_signed-by_ED448,ECDSA-SHA3-224_signed-by_ED448,12.252,2274.85,1017.28,1,5,0.5,153.2,15,2364.1,2363.69,1245,1239
1,1,9,ECDSA-SHA3-224_signed-by_ED448,ECDSA-SHA3-224_signed-by_ED448,14.657,1901.56,837.255,1,0,0,125.111,24,2360.59,2342.66,1244,1240
1,3,9,ECDSA-SHA3-224_signed-by_ED448,ECDSA-SHA3-224_signed-by_ED448,12.442,2240.77,1017.19,1,6,0.545455,102.727,24,2383.29,2350.26,1245,1240
1,2,10,ECDSA-SHA3-224_signed-by_ED448,ECDSA-SHA3-224_signed-by_ED448,11.581,2407.37,1059.66,1,0,0,166,24,2372.62,2347.04,1244,1241
1,7,11,ECDSA-SHA3-224_signed-by_ED448,ECDSA-SHA3-224_signed-by_ED448,16.064,1735.49,1075.66,1,7,0.5,106,16,2399.18,2361.8,1244,1241
1,6,10,ECDSA-SHA3-224_signed-by_ED448,ECDSA-SHA3-224_signed-by_ED448,15.738,1770.94,2292.46,1,30,1.30435,124.957,8,2394.34,2348.49,1244,1240
1,8,10,ECDSA-SHA3-224_signed-by_ED448,ECDSA-SHA3-224_signed-by_ED448,15.252,1828.41,1318.59,1,14,0.875,119.5,14,2395.61,2346.26,1244,1242
1,5,10,ECDSA-SHA3-224_signed-by_ED448,ECDSA-SHA3-224_signed-by_ED448,16.559,1683.12,1316.93,1,14,0.736842,261.579,15,2357.01,2446.11,1245,1239
1,1,10,ECDSA-SHA3-224_signed-by_ED448,ECDSA-SHA3-224_signed-by_ED448,16.337,1705.98,1406.31,1,16,1,132,24,2395.92,2362.95,1244,1240
1,2,11,ECDSA-SHA3-224_signed-by_ED448,ECDSA-SHA3-224_signed-by_ED448,13.743,2028.59,892.927,1,0,0,166,24,2374.3,2351.87,1244,1241
1,3,10,ECDSA-SHA3-224_signed-by_ED448,ECDSA-SHA3-224_signed-by_ED448,17.489,1594.06,1582.63,0.625,26,1.08333,164.667,24,2373.28,2333.9,1245,1240
1,7,12,ECDSA-SHA3-224_signed-by_ED448,ECDSA-SHA3-224_signed-by_ED448,13.766,2025.22,910.039,0.8,0,0,109.2,16,2377.53,2376.09,1244,1241
1,6,11,ECDSA-SHA3-224_signed-by_ED448,ECDSA-SHA3-224_signed-by_ED448,12.777,2181.37,960.452,0.555556,0,0,117.111,8,2384.01,2364.15,1244,1240
1,8,11,ECDSA-SHA3-224_signed-by_ED448,ECDSA-SHA3-224_signed-by_ED448,13.21,2111.08,1052.51,0.583333,5,0.416667,108.667,14,2384.72,2356.08,1244,1242
1,5,11,ECDSA-SHA3-224_signed-by_ED448,ECDSA-SHA3-224_signed-by_ED448,11.99,2324.56,1044.85,0.7,0,0,153.2,15,2394.87,2364.28,1245,1239
1,1,11,ECDSA-SHA3-224_signed-by_ED448,ECDSA-SHA3-224_signed-by_ED448,11.924,2337.44,1050.64,0.7,0,0,116.4,24,2397.05,2369.76,1244,1240
1,2,12,ECDSA-SHA3-224_signed-by_ED448,ECDSA-SHA3-224_signed-by_ED448,13.621,2046.8,1020.76,1,5,0.416667,147.333,24,2388.29,2341.81,1244,1241
1,3,11,ECDSA-SHA3-224_signed-by_ED448,ECDSA-SHA3-224_signed-by_ED448,15.948,1748.12,1083.48,1,7,0.5,106,24,2402.54,2358.5,1245,1240
1,7,13,ECDSA-SHA3-224_signed-by_ED448,ECDSA-SHA3-224_signed-by_ED448,16.46,1693.74,978.821,1,2,0.181818,115.091,16,2544.01,2360.2,1244,1241
1,8,12,ECDSA-SHA3-224_signed-by_ED448,ECDSA-SHA3-224_signed-by_ED448,14.907,1870.74,1141.98,0.846154,7,0.538462,118,14,2374.35,2372.53,1244,1242
1,6,12,ECDSA-SHA3-224_signed-by_ED448,ECDSA-SHA3-224_signed-by_ED448,17.978,1550.28,1211.21,1,14,0.823529,110,8,2388.21,2337.33,1244,1240
1,5,12,ECDSA-SHA3-224_signed-by_ED448,ECDSA-SHA3-224_signed-by_ED448,13.248,2103.83,945.638,1,0,0,150.8,15,2383.85,2375.32,1245,1239
1,1,12,ECDSA-SHA3-224_signed-by_ED448,ECDSA-SHA3-224_signed-by_ED448,12.819,2174.25,972.297,1,4,0.4,116.4,24,2384.84,2390.15,1244,1240
1,2,13,ECDSA-SHA3-224_signed-by_ED448,ECDSA-SHA3-224_signed-by_ED448,10.665,2613.91,1150.57,0.666667,0,0,166,24,2380.7,2338.55,1244,1241
1,8,13,ECDSA-SHA3-224_signed-by_ED448,ECDSA-SHA3-224_signed-by_ED448,7.81,3570.51,1585.53,0.5,0,0,116,14,2386.63,2368.45,1244,1242
1,3,12,ECDSA-SHA3-224_signed-by_ED448,ECDSA-SHA3-224_signed-by_ED448,12.052,2313.3,1174.9,0.384615,5,0.384615,97.0769,24,2377.02,2336.38,1245,1240
1,7,14,ECDSA-SHA3-224_signed-by_ED448,ECDSA-SHA3-224_signed-by_ED448,11.298,2467.69,1086.21,0.555556,0,0,117.111,16,2386.86,2361.33,1244,1241
1,5,13,ECDSA-SHA3-224_signed-by_ED448,ECDSA-SHA3-224_signed-by_ED448,10.889,2559.61,1126.99,0.444444,0,0,166,15,2384.39,2321.81,1245,1239
1,6,13,ECDSA-SHA3-224_signed-by_ED448,ECDSA-SHA3-224_signed-by_ED448,12.096,2304.19,1014.53,0.444444,0,0,125.111,8,2357.59,2337.77,1244,1240
1,2,14,ECDSA-SHA3-224_signed-by_ED448,ECDSA-SHA3-224_signed-by_ED448,11.73,2376.76,1046.18,0.444444,0,0,166,24,2389.58,2358.77,1244,1241
1,1,13,ECDSA-SHA3-224_signed-by_ED448,ECDSA-SHA3-224_signed-by_ED448,12.985,2146.41,1085.53,0.307692,7,0.538462,142,24,2362.76,2342.68,1244,1240
1,8,14,ECDSA-SHA3-224_signed-by_ED448,ECDSA-SHA3-224_signed-by_ED448,9.809,2843.06,1277.18,0.3,0,0,116.4,15,2378.07,2346.12,1244,1242
1,3,13,ECDSA-SHA3-224_signed-by_ED448,ECDSA-SHA3-224_signed-by_ED448,11.618,2399.66,1140.27,1,1,0.0909091,102,24,2387.51,2324.55,1245,1240
1,7,15,ECDSA-SHA3-224_signed-by_ED448,ECDSA-SHA3-224_signed-by_ED448,11.216,2485.69,1094.13,1,0,0,117.111,16,2382.92,2368.86,1244,1241
1,6,14,ECDSA-SHA3-224_signed-by_ED448,ECDSA-SHA3-224_signed-by_ED448,10.612,2626.42,1518.26,1,2,0.181818,122.364,8,2400.8,2332.71,1244,1240
1,1,14,ECDSA-SHA3-224_signed-by_ED448,ECDSA-SHA3-224_signed-by_ED448,8.785,3172.33,1746.42,1,5,0.357143,139.143,24,2399.65,2344.55,1244,1240
1,2,15,ECDSA-SHA3-224_signed-by_ED448,ECDSA-SHA3-224_signed-by_ED448,12.789,2179.9,1478.71,1,12,0.705882,133.529,24,2400.57,2387.52,1244,1241
1,5,14,ECDSA-SHA3-224_signed-by_ED448,ECDSA-SHA3-224_signed-by_ED448,18.07,1542.43,1251.12,1,20,0.952381,138,15,2387.9,2369.35,1245,1239
1,7,16,ECDSA-SHA3-224_signed-by_ED448,ECDSA-SHA3-224_signed-by_ED448,11.779,2366.82,1063.54,1,0,0,109.2,16,2388.95,2324.51,1244,1241
1,8,15,ECDSA-SHA3-224_signed-by_ED448,ECDSA-SHA3-224_signed-by_ED448,16.876,1652.52,1773.88,1,19,1.11765,156.118,15,2359.05,2367.35,1244,1242
1,3,14,ECDSA-SHA3-224_signed-by_ED448,ECDSA-SHA3-224_signed-by_ED448,17.284,1613.04,1432.07,1,24,1.33333,138.444,24,2382.77,2359.94,1245,1240
1,6,15,ECDSA-SHA3-224_signed-by_ED448,ECDSA-SHA3-224_signed-by_ED448,13.924,2001.63,1294.97,1,2,0.181818,128.909,8,2384.08,2365.79,1244,1240
1,1,15,ECDSA-SHA3-224_signed-by_ED448,ECDSA-SHA3-224_signed-by_ED448,15.123,1842.93,1312.9,1,14,0.933333,132.933,24,2357.38,2330.75,1244,1240
1,7,17,ECDSA-SHA3-224_signed-by_ED448,ECDSA-SHA3-224_signed-by_ED448,8.702,3203.55,1851.35,0.636364,2,0.181818,115.091,16,2351.66,2333.02,1244,1241
1,8,16,ECDSA-SHA3-224_signed-by_ED448,ECDSA-SHA3-224_signed-by_ED448,8.854,3149.45,1385.9,0.555556,0,0,117.111,15,2370.82,2378.34,1244,1242
1,5,15,ECDSA-SHA3-224_signed-by_ED448,ECDSA-SHA3-224_signed-by_ED448,13.155,2118.69,1056.91,0.833333,2,0.166667,265.333,15,2384.53,2341.51,1245,1239
1,2,16,ECDSA-SHA3-224_signed-by_ED448,ECDSA-SHA3-224_signed-by_ED448,18.428,1512.91,1257.22,0.941176,17,1,168.353,24,2394.72,2360.1,1244,1241
1,6,16,ECDSA-SHA3-224_signed-by_ED448,ECDSA-SHA3-224_signed-by_ED448,9.337,2985.11,1314.34,0.444444,0,0,125.111,8,2366.38,2365.21,1244,1240
1,1,16,ECDSA-SHA3-224_signed-by_ED448,ECDSA-SHA3-224_signed-by_ED448,8.936,3119.06,1373.32,0.333333,0,0,125.111,24,2385.3,2324.54,1244,1240
1,7,18,ECDSA-SHA3-224_signed-by_ED448,ECDSA-SHA3-224_signed-by_ED448,12.708,2193.82,1339.58,0.538462,7,0.538462,111.231,16,2431.65,2348.09,1244,1241
1,8,17,ECDSA-SHA3-224_signed-by_ED448,ECDSA-SHA3-224_signed-by_ED448,12.55,2222.09,998.221,0.7,0,0,109.2,15,2382.08,2357.53,1244,1242
1,3,15,ECDSA-SHA3-224_signed-by_ED448,ECDSA-SHA3-224_signed-by_ED448,19.452,1433.2,724.62,0.615385,3,0.230769,180.154,24,2397.23,2350.44,1245,1240
1,2,17,ECDSA-SHA3-224_signed-by_ED448,ECDSA-SHA3-224_signed-by_ED448,11.465,2431.71,1070.37,0.777778,0,0,166,24,2377.38,2347.48,1244,1241
1,5,16,ECDSA-SHA3-224_signed-by_ED448,ECDSA-SHA3-224_signed-by_ED448,14.392,1936.56,870.451,1,0,0,116.4,15,2382.98,2357.26,1245,1239
1,6,17,ECDSA-SHA3-224_signed-by_ED448,ECDSA-SHA3-224_signed-by_ED448,11.907,2340.77,1030.64,0.777778,0,0,125.111,8,2394.76,2342.64,1244,1240
1,1,17,ECDSA-SHA3-224_signed-by_ED448,ECDSA-SHA3-224_signed-by_ED448,11.399,2445.1,1598.72,0.666667,9,0.75,141.333,24,2391.26,2344.32,1244,1240
1,3,16,ECDSA-SHA3-224_signed-by_ED448,ECDSA-SHA3-224_signed-by_ED448,9.376,2973.25,1336.04,1,0,0,116.4,24,2540.86,2353.64,1245,1240
1,2,18,ECDSA-SHA3-224_signed-by_ED448,ECDSA-SHA3-224_signed-by_ED448,11.099,2511.91,1105.67,1,0,0,166,24,2390.89,2351.05,1244,1241
1,8,18,ECDSA-SHA3-224_signed-by_ED448,ECDSA-SHA3-224_signed-by_ED448,13.616,2048.12,1021.12,1,5,0.416667,102,15,2408.23,2353.99,1244,1242
1,5,17,ECDSA-SHA3-224_signed-by_ED448,ECDSA-SHA3-224_signed-by_ED448,11.303,2465.88,1506.14,0.923077,7,0.538462,118.615,15,2377.34,2348.25,1245,1239
1,7,19,ECDSA-SHA3-224_signed-by_ED448,ECDSA-SHA3-224_signed-by_ED448,16.138,1727.54,1066.76,1,8,0.571429,106,16,2367.68,2375.16,1244,1241
1,1,18,ECDSA-SHA3-224_signed-by_ED448,ECDSA-SHA3-224_signed-by_ED448,11.94,2334.3,1185.91,1,5,0.384615,103.231,24,2382.81,2337.97,1244,1240
1,6,18,ECDSA-SHA3-224_signed-by_ED448,ECDSA-SHA3-224_signed-by_ED448,15.456,1803.25,1880.89,0.730769,27,1.03846,97.6923,8,2376.63,2366.76,1244,1240
1,3,17,ECDSA-SHA3-224_signed-by_ED448,ECDSA-SHA3-224_signed-by_ED448,12.939,2154.65,1109.17,1,6,0.428571,98.5714,24,2371.2,2372.1,1245,1240
1,2,19,ECDSA-SHA3-224_signed-by_ED448,ECDSA-SHA3-224_signed-by_ED448,12.472,2235.33,1364.93,0.923077,7,0.538462,154.308,24,2554.35,2376.15,1244,1241
1,8,19,ECDSA-SHA3-224_signed-by_ED448,ECDSA-SHA3-224_signed-by_ED448,12.456,2238.85,1026.3,0.909091,0,0,102.727,15,2379.09,2345.99,1244,1242
1,7,20,ECDSA-SHA3-224_signed-by_ED448,ECDSA-SHA3-224_signed-by_ED448,11.753,2372.09,1044.13,1,0,0,117.111,16,2374.77,2347.71,1244,1241
1,5,18,ECDSA-SHA3-224_signed-by_ED448,ECDSA-SHA3-224_signed-by_ED448,14.159,1968.42,866.693,1,0,0,125.111,15,2385.64,2346.96,1245,1239
1,1,19,ECDSA-SHA3-224_signed-by_ED448,ECDSA-SHA3-224_signed-by_ED448,12.932,2155.21,968.729,1,0,0,116.4,24,2370.64,2531.94,1244,1240
1,6,19,ECDSA-SHA3-224_signed-by_ED448,ECDSA-SHA3-224_signed-by_ED448,11.541,2414.98,1063.31,1,0,0,125.111,8,2383.45,2347.65,1244,1240
1,3,18,ECDSA-SHA3-224_signed-by_ED448,ECDSA-SHA3-224_signed-by_ED448,11.022,2529.44,1113.39,1,0,0,125.111,24,2393.34,2346.29,1245,1240
1,7,21,ECDSA-SHA3-224_signed-by_ED448,ECDSA-SHA3-224_signed-by_ED448,14.632,1905.35,1245.45,1,9,0.75,134.667,16,2334.81,2346.74,1244,1241
1,1,20,ECDSA-SHA3-224_signed-by_ED448,ECDSA-SHA3-224_signed-by_ED448,13.676,2037.96,916.028,1,0,0,116.4,24,2371.26,2342.24,1244,1240
1,2,20,ECDSA-SHA3-224_signed-by_ED448,ECDSA-SHA3-224_signed-by_ED448,18.096,1540.61,979.623,1,8,0.5,117.5,24,2370.15,2335.13,1244,1241
1,8,20,ECDSA-SHA3-224_signed-by_ED448,ECDSA-SHA3-224_signed-by_ED448,18.08,1542.41,1669.84,1,20,1.11111,136.667,15,2368.36,2336.24,1244,1242
1,5,19,ECDSA-SHA3-224_signed-by_ED448,ECDSA-SHA3-224_signed-by_ED448,16.414,1698,1326.62,0.941176,14,0.823529,122.235,15,2387.97,2343.95,1245,1239
1,6,20,ECDSA-SHA3-224_signed-by_ED448,ECDSA-SHA3-224_signed-by_ED448,14.707,1895.1,885.539,1,1,0.1,118.4,8,2384.7,2343.79,1244,1240
1,3,19,ECDSA-SHA3-224_signed-by_ED448,ECDSA-SHA3-224_signed-by_ED448,12.13,2298.42,1146.24,0.416667,5,0.416667,108.667,24,2373.85,2352.25,1245,1240
1,7,22,ECDSA-SHA3-224_signed-by_ED448,ECDSA-SHA3-224_signed-by_ED448,8.57,3252.87,1431.82,0.222222,0,0,125.111,16,2365.66,2355.53,1244,1241
1,1,21,ECDSA-SHA3-224_signed-by_ED448,ECDSA-SHA3-224_signed-by_ED448,9.45,2949.11,1298.49,0.444444,0,0,126,24,2384.39,2351.02,1244,1240
1,2,21,ECDSA-SHA3-224_signed-by_ED448,ECDSA-SHA3-224_signed-by_ED448,9.211,3026.49,1332.18,0.222222,0,0,125.111,24,2377.15,2318.76,1244,1241
1,5,20,ECDSA-SHA3-224_signed-by_ED448,ECDSA-SHA3-224_signed-by_ED448,9.324,2989.25,1491.2,0.333333,5,0.416667,108.667,15,2357.08,2368.54,1245,1239
1,6,21,ECDSA-SHA3-224_signed-by_ED448,ECDSA-SHA3-224_signed-by_ED448,10.727,2598.25,1144.01,0.777778,0,0,125.111,8,2385.96,2361.63,1244,1240
1,8,21,ECDSA-SHA3-224_signed-by_ED448,ECDSA-SHA3-224_signed-by_ED448,12.193,2287.16,1140.3,0.583333,5,0.416667,105.333,15,2385.7,2356.64,1244,1242
1,3,20,ECDSA-SHA3-224_signed-by_ED448,ECDSA-SHA3-224_signed-by_ED448,14.573,1913.05,877.204,0.636364,0,0,109.273,24,2355.09,2351.7,1245,1240
1,7,23,ECDSA-SHA3-224_signed-by_ED448,ECDSA-SHA3-224_signed-by_ED448,13.715,2032.76,1259.9,0.928571,7,0.5,112.857,16,2367.64,2354.92,1244,1241
1,1,22,ECDSA-SHA3-224_signed-by_ED448,ECDSA-SHA3-224_signed-by_ED448,12.216,2281.57,1004.57,1,3,0.333333,125.111,24,2366.92,2369.64,1244,1240
1,2,22,ECDSA-SHA3-224_signed-by_ED448,ECDSA-SHA3-224_signed-by_ED448,12.934,2155.53,968.595,1,0,0,116.4,24,2387.88,2344.61,1244,1241
1,6,22,ECDSA-SHA3-224_signed-by_ED448,ECDSA-SHA3-224_signed-by_ED448,10.524,2648.41,1166.09,1,0,0,125.111,8,2383.28,2347.51,1244,1240
1,5,21,ECDSA-SHA3-224_signed-by_ED448,ECDSA-SHA3-224_signed-by_ED448,13.076,2131.5,938.498,1,0,0,131.333,15,2385.44,2329.22,1245,1239
1,8,22,ECDSA-SHA3-224_signed-by_ED448,ECDSA-SHA3-224_signed-by_ED448,11.694,2384.79,1049.42,1,0,0,117.111,15,2387.01,2342.51,1244,1242
1,3,21,ECDSA-SHA3-224_signed-by_ED448,ECDSA-SHA3-224_signed-by_ED448,9.782,2849.84,1962.59,1,10,0.714286,128,24,2385.78,2356.67,1245,1240
1,6,23,ECDSA-SHA3-224_signed-by_ED448,ECDSA-SHA3-224_signed-by_ED448,8.672,3214,1776.74,1,7,0.5,101.429,8,2399.29,2335,1244,1240
1,2,23,ECDSA-SHA3-224_signed-by_ED448,ECDSA-SHA3-224_signed-by_ED448,12.382,2251.56,1395.51,1,7,0.5,112.857,24,2404.02,2334.73,1244,1241
1,5,22,ECDSA-SHA3-224_signed-by_ED448,ECDSA-SHA3-224_signed-by_ED448,11.481,2427.58,1113.45,1,0,0,109.273,15,2374.05,2344.93,1245,1239
1,1,23,ECDSA-SHA3-224_signed-by_ED448,ECDSA-SHA3-224_signed-by_ED448,17.276,1613.33,1755.03,1,33,1.32,216.24,24,2371.79,2375.79,1244,1240
1,3,22,ECDSA-SHA3-224_signed-by_ED448,ECDSA-SHA3-224_signed-by_ED448,15.71,1774.57,1187.46,1,12,0.75,107.5,24,2389.2,2344.71,1245,1240
1,8,23,ECDSA-SHA3-224_signed-by_ED448,ECDSA-SHA3-224_signed-by_ED448,18.891,1476.24,1466.08,1,28,1.27273,118.364,15,2374.45,2355.08,1244,1242
1,6,24,ECDSA-SHA3-224_signed-by_ED448,ECDSA-SHA3-224_signed-by_ED448,14.144,1970.51,1139.09,1,2,0.181818,122.364,8,2375.5,2364.47,1244,1240
1,7,24,ECDSA-SHA3-224_signed-by_ED448,ECDSA-SHA3-224_signed-by_ED448,27.474,1014.77,695.928,1,11,0.6875,112.5,16,2389.67,2339.4,1244,1241
1,2,24,ECDSA-SHA3-224_signed-by_ED448,ECDSA-SHA3-224_signed-by_ED448,14.486,1924.54,882.474,1,0,0,109.273,24,2384.67,2368.72,1244,1241
1,5,23,ECDSA-SHA3-224_signed-by_ED448,ECDSA-SHA3-224_signed-by_ED448,14.556,1914.74,1660.83,1,18,1.2,166,15,2378.08,2362.95,1245,1239
1,1,24,ECDSA-SHA3-224_signed-by_ED448,ECDSA-SHA3-224_signed-by_ED448,13.313,2093.54,921.782,0.666667,0,0,126,24,2367.05,2383.07,1244,1240
1,3,23,ECDSA-SHA3-224_signed-by_ED448,ECDSA-SHA3-224_signed-by_ED448,9.874,2823.58,1242.86,0,0,0,125.111,24,2355.32,2359.75,1245,1240
1,8,24,ECDSA-SHA3-224_signed-by_ED448,ECDSA-SHA3-224_signed-by_ED448,10.994,2536.63,1116.24,0.555556,0,0,117.111,15,2413.09,2355.02,1244,1242
1,6,25,ECDSA-SHA3-224_signed-by_ED448,ECDSA-SHA3-224_signed-by_ED448,9.801,2843.53,1252,0.555556,0,0,125.111,8,2391.58,2354.62,1244,1240
1,7,25,ECDSA-SHA3-224_signed-by_ED448,ECDSA-SHA3-224_signed-by_ED448,9.945,2803.17,1272.49,1,5,0.454545,102.727,16,2374.95,2434.89,1244,1241
1,2,25,ECDSA-SHA3-224_signed-by_ED448,ECDSA-SHA3-224_signed-by_ED448,10.032,2778.85,1385.84,1,5,0.416667,108.667,24,2370.05,2363.97,1244,1241
1,1,25,ECDSA-SHA3-224_signed-by_ED448,ECDSA-SHA3-224_signed-by_ED448,11.293,2468.02,1109.34,1,0,0,125.2,24,2394.91,2382.21,1244,1240
1,5,24,ECDSA-SHA3-224_signed-by_ED448,ECDSA-SHA3-224_signed-by_ED448,14.813,1881.52,1149.22,1,7,0.538462,118.615,15,2382.22,2360.34,1245,1239
1,8,25,ECDSA-SHA3-224_signed-by_ED448,ECDSA-SHA3-224_signed-by_ED448,10.819,2577.64,1285.12,1,5,0.416667,102,15,2340.24,2337.99,1244,1242
1,3,24,ECDSA-SHA3-224_signed-by_ED448,ECDSA-SHA3-224_signed-by_ED448,14.618,1907.17,1182.06,1,7,0.5,112.857,24,2374.01,2343.82,1245,1240
1,6,26,ECDSA-SHA3-224_signed-by_ED448,ECDSA-SHA3-224_signed-by_ED448,13.706,2033.5,977.058,1,1,0.0833333,104.667,8,2379.52,2361.85,1244,1240
1,7,26,ECDSA-SHA3-224_signed-by_ED448,ECDSA-SHA3-224_signed-by_ED448,15.101,1846.15,920.693,0.833333,2,0.166667,148,16,2389.4,2373.84,1244,1241
1,1,26,ECDSA-SHA3-224_signed-by_ED448,ECDSA-SHA3-224_signed-by_ED448,11.96,2330.4,1047.48,0.8,0,0,125.2,24,2376.71,2352.51,1244,1240
1,2,26,ECDSA-SHA3-224_signed-by_ED448,ECDSA-SHA3-224_signed-by_ED448,16.835,1656,1022.58,0.714286,8,0.571429,112.857,24,2364.8,2338.43,1244,1241
1,5,25,ECDSA-SHA3-224_signed-by_ED448,ECDSA-SHA3-224_signed-by_ED448,12.146,2294.72,1010.36,1,0,0,125.111,15,2371.45,2361.14,1245,1239
1,8,26,ECDSA-SHA3-224_signed-by_ED448,ECDSA-SHA3-224_signed-by_ED448,12.382,2252.28,991.107,1,0,0,117.111,15,2385.99,2552.19,1244,1242
1,3,25,ECDSA-SHA3-224_signed-by_ED448,ECDSA-SHA3-224_signed-by_ED448,11.319,2463.1,1084.19,1,0,0,125.111,24,2376.32,2354.17,1245,1240
1,6,27,ECDSA-SHA3-224_signed-by_ED448,ECDSA-SHA3-224_signed-by_ED448,12.488,2231.87,1610.48,0.875,14,0.875,119.5,8,2385.25,2339.53,1244,1240
1,7,27,ECDSA-SHA3-224_signed-by_ED448,ECDSA-SHA3-224_signed-by_ED448,13.147,2120.61,1007.67,0.909091,1,0.0909091,104.182,16,2392.5,2337.64,1244,1241
1,5,26,ECDSA-SHA3-224_signed-by_ED448,ECDSA-SHA3-224_signed-by_ED448,11.66,2390.37,1052.47,1,0,0,125.111,15,2380.86,2376.37,1245,1239
1,1,27,ECDSA-SHA3-224_signed-by_ED448,ECDSA-SHA3-224_signed-by_ED448,14.063,1981.89,1228.73,1,7,0.5,120.857,24,2366.1,2351.78,1244,1240
1,2,27,ECDSA-SHA3-224_signed-by_ED448,ECDSA-SHA3-224_signed-by_ED448,14.422,1933.12,1290.22,1,14,1,146.571,24,2382.54,2338.09,1244,1241
1,8,27,ECDSA-SHA3-224_signed-by_ED448,ECDSA-SHA3-224_signed-by_ED448,13.216,2110.13,928.552,1,0,0,117.111,15,2378.65,2344.96,1244,1242
1,3,26,ECDSA-SHA3-224_signed-by_ED448,ECDSA-SHA3-224_signed-by_ED448,12.565,2218.83,1121.83,1,10,0.769231,103.231,24,2388.03,2342.6,1245,1240
1,6,28,ECDSA-SHA3-224_signed-by_ED448,ECDSA-SHA3-224_signed-by_ED448,10.175,2739,1224.84,1,4,0.4,116.4,8,2364.32,2362.41,1244,1240
1,7,28,ECDSA-SHA3-224_signed-by_ED448,ECDSA-SHA3-224_signed-by_ED448,11.718,2379.23,1056.83,1,0,0,108.8,16,2366.32,2357,1244,1241
1,5,27,ECDSA-SHA3-224_signed-by_ED448,ECDSA-SHA3-224_signed-by_ED448,13.325,2091.65,920.952,1,0,0,124.222,15,2389.66,2358.04,1245,1239
1,1,28,ECDSA-SHA3-224_signed-by_ED448,ECDSA-SHA3-224_signed-by_ED448,13.748,2027.29,1789.88,1,21,1.10526,128.526,24,2434.1,2351.56,1244,1240
1,8,28,ECDSA-SHA3-224_signed-by_ED448,ECDSA-SHA3-224_signed-by_ED448,12.729,2190.83,964.067,1,0,0,117.111,15,2378.51,2353.91,1244,1242
1,3,27,ECDSA-SHA3-224_signed-by_ED448,ECDSA-SHA3-224_signed-by_ED448,15.541,1793.88,1020.22,1,5,0.3125,120.5,24,2388.46,2341.65,1245,1240
1,6,29,ECDSA-SHA3-224_signed-by_ED448,ECDSA-SHA3-224_signed-by_ED448,17.249,1615.78,926.616,1,8,0.470588,114.706,9,2445.12,2371.59,1244,1240
1,2,28,ECDSA-SHA3-224_signed-by_ED448,ECDSA-SHA3-224_signed-by_ED448,20.824,1338.83,1263.15,1,22,1,180.545,24,2384.02,2349.88,1244,1241
1,7,29,ECDSA-SHA3-224_signed-by_ED448,ECDSA-SHA3-224_signed-by_ED448,15.655,1780.82,800.218,1,0,0,109.2,16,2348.35,2367.48,1244,1241
1,1,29,ECDSA-SHA3-224_signed-by_ED448,ECDSA-SHA3-224_signed-by_ED448,12.045,2313.95,1018.83,0.888889,0,0,134.889,24,2376.29,2388.85,1244,1240
1,8,29,ECDSA-SHA3-224_signed-by_ED448,ECDSA-SHA3-224_signed-by_ED448,11.539,2416.83,1063.52,0.888889,3,0.333333,117.111,15,2368.53,2353.3,1244,1242
1,5,28,ECDSA-SHA3-224_signed-by_ED448,ECDSA-SHA3-224_signed-by_ED448,14.03,1986.55,1298.9,1,9,0.75,132,15,2390.25,2351.14,1245,1239
1,3,28,ECDSA-SHA3-224_signed-by_ED448,ECDSA-SHA3-224_signed-by_ED448,10.289,2709.44,1192.62,1,0,0,125.111,24,2589.36,2336.64,1245,1240
1,6,30,ECDSA-SHA3-224_signed-by_ED448,ECDSA-SHA3-224_signed-by_ED448,9.068,3073.39,1353.21,1,0,0,117.111,9,2396.65,2347.55,1244,1240
1,7,30,ECDSA-SHA3-224_signed-by_ED448,ECDSA-SHA3-224_signed-by_ED448,8.912,3128.04,1434.32,1,0,0,102.727,16,2409.28,2334.28,1244,1241
1,2,29,ECDSA-SHA3-224_signed-by_ED448,ECDSA-SHA3-224_signed-by_ED448,16.748,1664.61,1103.37,1,9,0.692308,133.385,24,2354.43,2352.45,1244,1241
1,5,29,ECDSA-SHA3-224_signed-by_ED448,ECDSA-SHA3-224_signed-by_ED448,12.787,2179.65,1425.15,1,9,0.75,132,15,2369.11,2354.6,1245,1239
1,1,30,ECDSA-SHA3-224_signed-by_ED448,ECDSA-SHA3-224_signed-by_ED448,14.591,1910.15,1248.94,1,9,0.75,153.333,24,2429.98,2391.57,1244,1240
1,8,30,ECDSA-SHA3-224_signed-by_ED448,ECDSA-SHA3-224_signed-by_ED448,14.823,1881.33,1770.16,1,23,1.04545,151.091,15,2387.69,2358.8,1244,1242
1,6,31,ECDSA-SHA3-224_signed-by_ED448,ECDSA-SHA3-224_signed-by_ED448,12.338,2258.99,994.629,1,0,0,117.111,9,2371.41,2339.12,1244,1240
1,3,29,ECDSA-SHA3-224_signed-by_ED448,ECDSA-SHA3-224_signed-by_ED448,14.301,1949.45,1190.37,1,7,0.538462,118.615,24,2394.85,2348.56,1245,1240
1,2,30,ECDSA-SHA3-224_signed-by_ED448,ECDSA-SHA3-224_signed-by_ED448,7.27,3834.56,1912.33,1,5,0.416667,108.667,24,2379.55,2386.13,1244,1241
1,7,31,ECDSA-SHA3-224_signed-by_ED448,ECDSA-SHA3-224_signed-by_ED448,15.914,1751.84,884.715,1,2,0.153846,93.0769,16,2379.29,2594.22,1244,1241
1,5,30,ECDSA-SHA3-224_signed-by_ED448,ECDSA-SHA3-224_signed-by_ED448,12.036,2315.66,1414.39,1,7,0.538462,111.231,15,2372.84,2371.66,1245,1239
1,6,32,ECDSA-SHA3-224_signed-by_ED448,ECDSA-SHA3-224_signed-by_ED448,10.586,2632.85,1721.48,1,9,0.75,132,9,2375.56,2340.46,1244,1240
1,1,31,ECDSA-SHA3-224_signed-by_ED448,ECDSA-SHA3-224_signed-by_ED448,13.783,2022.11,1322.15,1,9,0.75,153.333,24,2352.7,2346.98,1244,1240
1,8,31,ECDSA-SHA3-224_signed-by_ED448,ECDSA-SHA3-224_signed-by_ED448,14.22,1961.09,1281.51,1,9,0.75,132,15,2384.16,2379.11,1244,1242
1,3,30,ECDSA-SHA3-224_signed-by_ED448,ECDSA-SHA3-224_signed-by_ED448,13.289,2097.88,1423.06,0.705882,12,0.705882,103.412,24,2381.68,2362.65,1245,1240
1,7,32,ECDSA-SHA3-224_signed-by_ED448,ECDSA-SHA3-224_signed-by_ED448,10.866,2565.74,1152.92,0.2,0,0,109.2,16,2396.62,2334.18,1244,1241
1,2,31,ECDSA-SHA3-224_signed-by_ED448,ECDSA-SHA3-224_signed-by_ED448,15.402,1810.05,1195.62,0.769231,10,0.769231,133.385,24,2364.73,2338.79,1244,1241
1,5,31,ECDSA-SHA3-224_signed-by_ED448,ECDSA-SHA3-224_signed-by_ED448,11.143,2501.23,1101.29,0.666667,0,0,117.111,15,2352.27,2372.8,1245,1239
1,6,33,ECDSA-SHA3-224_signed-by_ED448,ECDSA-SHA3-224_signed-by_ED448,11.664,2389.5,1052.09,0.888889,0,0,117.111,9,2392.58,2367.98,1244,1240
1,1,32,ECDSA-SHA3-224_signed-by_ED448,ECDSA-SHA3-224_signed-by_ED448,10.657,2615.35,1151.53,1,0,0,134.889,24,2386.45,2621.09,1244,1240
1,8,32,ECDSA-SHA3-224_signed-by_ED448,ECDSA-SHA3-224_signed-by_ED448,10.311,2704.67,1208.8,1,5,0.5,109.2,15,2378.42,2365.09,1244,1242
1,3,31,ECDSA-SHA3-224_signed-by_ED448,ECDSA-SHA3-224_signed-by_ED448,11.749,2372.93,1088.07,1,0,0,109.273,24,2389.89,2355.96,1245,1240
1,7,33,ECDSA-SHA3-224_signed-by_ED448,ECDSA-SHA3-224_signed-by_ED448,14.742,1891.12,960.485,1,5,0.384615,97.0769,16,2410.98,2371.38,1244,1241
1,1,33,ECDSA-SHA3-224_signed-by_ED448,ECDSA-SHA3-224_signed-by_ED448,12.025,2317.78,1041.8,1,0,0,125.2,24,2363.28,2373.51,1244,1240
1,5,32,ECDSA-SHA3-224_signed-by_ED448,ECDSA-SHA3-224_signed-by_ED448,14.82,1880.64,840.998,1,5,0.5,109.2,15,2382.86,2321.39,1245,1239
1,2,32,ECDSA-SHA3-224_signed-by_ED448,ECDSA-SHA3-224_signed-by_ED448,16.287,1711.73,1410.64,1,16,1,132,24,2390.03,2331.27,1244,1241
1,6,34,ECDSA-SHA3-224_signed-by_ED448,ECDSA-SHA3-224_signed-by_ED448,14.467,1926.53,1390.16,1,14,0.875,112,9,2382.35,2329.79,1244,1240
1,8,33,ECDSA-SHA3-224_signed-by_ED448,ECDSA-SHA3-224_signed-by_ED448,13.826,2017.01,1526.36,0.8125,13,0.8125,178.5,15,2382.6,2343.63,1244,1242
1,3,32,ECDSA-SHA3-224_signed-by_ED448,ECDSA-SHA3-224_signed-by_ED448,12.993,2145.71,944.483,1,0,0,125.111,24,2397.96,2350.66,1245,1240
1,1,34,ECDSA-SHA3-224_signed-by_ED448,ECDSA-SHA3-224_signed-by_ED448,9.639,2891.31,1273.04,1,0,0,134.889,24,2380.97,2388.98,1244,1240
1,7,34,ECDSA-SHA3-224_signed-by_ED448,ECDSA-SHA3-224_signed-by_ED448,13.372,2084.91,1750.49,1,19,0.95,101.6,16,2398.31,2351.19,1244,1241
1,5,33,ECDSA-SHA3-224_signed-by_ED448,ECDSA-SHA3-224_signed-by_ED448,11.901,2341.94,1204.58,1,0,0,124,15,2372.18,2338.15,1245,1239
1,6,35,ECDSA-SHA3-224_signed-by_ED448,ECDSA-SHA3-224_signed-by_ED448,11.926,2337.02,1165.83,1,5,0.416667,102,9,2384.87,2360.82,1244,1240
1,3,33,ECDSA-SHA3-224_signed-by_ED448,ECDSA-SHA3-224_signed-by_ED448,10.399,2681,1337.04,1,5,0.416667,108.667,24,2385.59,2355.28,1245,1240
1,7,35,ECDSA-SHA3-224_signed-by_ED448,ECDSA-SHA3-224_signed-by_ED448,7.196,3873.89,1720.74,0.4,0,0,108.8,16,2378.41,2435.75,1244,1241
1,2,33,ECDSA-SHA3-224_signed-by_ED448,ECDSA-SHA3-224_signed-by_ED448,18.615,1497.71,1425.08,1,21,1,124.095,24,2344.07,2348.14,1244,1241
1,5,34,ECDSA-SHA3-224_signed-by_ED448,ECDSA-SHA3-224_signed-by_ED448,9.38,2971.42,1482.3,0.75,5,0.416667,102,15,2386.87,2569.41,1245,1239
1,1,35,ECDSA-SHA3-224_signed-by_ED448,ECDSA-SHA3-224_signed-by_ED448,12.98,2147.22,1403.95,1,9,0.75,153.333,24,2370.94,2372.8,1244,1240
1,6,36,ECDSA-SHA3-224_signed-by_ED448,ECDSA-SHA3-224_signed-by_ED448,11.427,2439.07,1226.54,0.923077,5,0.384615,96.7692,9,2371.08,2355.53,1244,1240
1,8,34,ECDSA-SHA3-224_signed-by_ED448,ECDSA-SHA3-224_signed-by_ED448,24.999,1115.53,724.487,1,10,0.555556,92.2222,15,2529.06,2347.19,1244,1242
1,3,34,ECDSA-SHA3-224_signed-by_ED448,ECDSA-SHA3-224_signed-by_ED448,16.227,1718.05,1341.9,0.705882,14,0.823529,113.765,24,2361.29,2352.7,1245,1240
1,7,36,ECDSA-SHA3-224_signed-by_ED448,ECDSA-SHA3-224_signed-by_ED448,12.802,2177.74,958.582,1,0,0,117.111,16,2350.59,2362.8,1244,1241
1,2,34,ECDSA-SHA3-224_signed-by_ED448,ECDSA-SHA3-224_signed-by_ED448,14.827,1880.31,827.661,1,0,0,125.111,24,2347.26,2337.66,1244,1241
1,5,35,ECDSA-SHA3-224_signed-by_ED448,ECDSA-SHA3-224_signed-by_ED448,13.354,2087.14,918.964,0.444444,0,0,117.111,15,2410.64,2370.78,1245,1239
1,1,36,ECDSA-SHA3-224_signed-by_ED448,ECDSA-SHA3-224_signed-by_ED448,13.802,2019.39,1320.37,0.333333,9,0.75,153.333,24,2371.4,2339.43,1244,1240
1,6,37,ECDSA-SHA3-224_signed-by_ED448,ECDSA-SHA3-224_signed-by_ED448,13.193,2112.63,930.188,0.666667,0,0,117.111,9,2363.15,2365.13,1244,1240
1,8,35,ECDSA-SHA3-224_signed-by_ED448,ECDSA-SHA3-224_signed-by_ED448,11.812,2360.81,1038.87,0.666667,0,0,117.111,15,2366.16,2432.26,1244,1242
1,3,35,ECDSA-SHA3-224_signed-by_ED448,ECDSA-SHA3-224_signed-by_ED448,10.119,2755.01,1373.95,0.5,5,0.416667,108.667,24,2379.16,2323.76,1245,1240
1,7,37,ECDSA-SHA3-224_signed-by_ED448,ECDSA-SHA3-224_signed-by_ED448,9.938,2805.17,1234.76,1,0,0,117.111,16,2387.25,2348.31,1244,1241
1,2,35,ECDSA-SHA3-224_signed-by_ED448,ECDSA-SHA3-224_signed-by_ED448,9.885,2820.43,1241.47,1,0,0,117.111,24,2387.24,2363.05,1244,1241
1,5,36,ECDSA-SHA3-224_signed-by_ED448,ECDSA-SHA3-224_signed-by_ED448,9.82,2838.28,1249.69,1,0,0,117.111,15,2378.14,2356.95,1245,1239
1,6,38,ECDSA-SHA3-224_signed-by_ED448,ECDSA-SHA3-224_signed-by_ED448,11.601,2402.48,1506.03,0.533333,8,0.533333,102,9,2396.43,2379.7,1244,1240
1,1,37,ECDSA-SHA3-224_signed-by_ED448,ECDSA-SHA3-224_signed-by_ED448,14.429,1931.59,1280.7,1,9,0.692308,132.769,24,2368.43,2353.33,1244,1240
1,8,36,ECDSA-SHA3-224_signed-by_ED448,ECDSA-SHA3-224_signed-by_ED448,12.166,2292.22,1008.68,0.888889,0,0,117.111,15,2334.95,2347.46,1244,1242
1,7,38,ECDSA-SHA3-224_signed-by_ED448,ECDSA-SHA3-224_signed-by_ED448,10.92,2553.06,1123.78,0.555556,0,0,117.111,16,2383.85,2336.88,1244,1241
1,3,36,ECDSA-SHA3-224_signed-by_ED448,ECDSA-SHA3-224_signed-by_ED448,12.806,2177.02,958.265,0.888889,0,0,125.111,24,2384.09,2317.28,1245,1240
1,2,36,ECDSA-SHA3-224_signed-by_ED448,ECDSA-SHA3-224_signed-by_ED448,10.331,2698.66,1187.87,0.666667,0,0,117.111,24,2380.43,2357.88,1244,1241
1,5,37,ECDSA-SHA3-224_signed-by_ED448,ECDSA-SHA3-224_signed-by_ED448,11.872,2347.66,1672.47,0.4,14,0.933333,116.933,15,2376.26,2357.6,1245,1239
1,6,39,ECDSA-SHA3-224_signed-by_ED448,ECDSA-SHA3-224_signed-by_ED448,9.763,2854.57,1256.87,0.222222,0,0,125.111,9,2403.45,2331.38,1244,1240
1,1,38,ECDSA-SHA3-224_signed-by_ED448,ECDSA-SHA3-224_signed-by_ED448,10.723,2599.24,1168.31,0.6,0,0,125.2,24,2379.11,2367.61,1244,1240
1,8,37,ECDSA-SHA3-224_signed-by_ED448,ECDSA-SHA3-224_signed-by_ED448,11.089,2514.86,1106.65,1,0,0,117.111,15,2363.54,2367.97,1244,1242
1,7,39,ECDSA-SHA3-224_signed-by_ED448,ECDSA-SHA3-224_signed-by_ED448,10.872,2564.33,1128.75,1,0,0,117.111,16,2380.01,2366.32,1244,1241
1,2,37,ECDSA-SHA3-224_signed-by_ED448,ECDSA-SHA3-224_signed-by_ED448,10.157,2744.86,1208.21,1,0,0,117.111,24,2383.21,2358.56,1244,1241
1,3,37,ECDSA-SHA3-224_signed-by_ED448,ECDSA-SHA3-224_signed-by_ED448,13.535,2059.78,1046.14,1,5,0.384615,103.231,24,2380.4,2365.63,1245,1240
1,5,38,ECDSA-SHA3-224_signed-by_ED448,ECDSA-SHA3-224_signed-by_ED448,10.708,2602.87,1474.76,1,10,0.625,90,15,2470.34,2336.64,1245,1239
1,1,39,ECDSA-SHA3-224_signed-by_ED448,ECDSA-SHA3-224_signed-by_ED448,12.906,2159.55,970.682,1,0,0,125.2,24,2347.22,2348.4,1244,1240
1,7,40,ECDSA-SHA3-224_signed-by_ED448,ECDSA-SHA3-224_signed-by_ED448,11.696,2383.68,1049.23,0.777778,0,0,117.111,16,2406.11,2345.4,1244,1241
1,8,38,ECDSA-SHA3-224_signed-by_ED448,ECDSA-SHA3-224_signed-by_ED448,13.664,2040.93,1333.69,0.916667,9,0.75,132,15,2388.53,2345.84,1244,1242
1,2,38,ECDSA-SHA3-224_signed-by_ED448,ECDSA-SHA3-224_signed-by_ED448,11.823,2358.07,1037.96,0.333333,0,0,117.111,24,2475.01,2345.38,1244,1241
1,3,38,ECDSA-SHA3-224_signed-by_ED448,ECDSA-SHA3-224_signed-by_ED448,11.35,2456.36,1081.22,0.222222,0,0,125.111,24,2372.42,2450.21,1245,1240
1,5,39,ECDSA-SHA3-224_signed-by_ED448,ECDSA-SHA3-224_signed-by_ED448,11.055,2521.19,1110.08,0.222222,0,0,117.111,15,2395.38,2339.2,1245,1239
1,6,40,ECDSA-SHA3-224_signed-by_ED448,ECDSA-SHA3-224_signed-by_ED448,20.648,1349.86,1198.76,1,24,1.33333,130,9,2379.6,2350.4,1244,1240
1,1,40,ECDSA-SHA3-224_signed-by_ED448,ECDSA-SHA3-224_signed-by_ED448,9.396,2966.09,1520.5,1,11,0.785714,105.429,24,2390.4,2371.83,1244,1240
1,7,41,ECDSA-SHA3-224_signed-by_ED448,ECDSA-SHA3-224_signed-by_ED448,9.715,2869.51,1337.19,1,1,0.1,110.8,16,2405.75,2348.73,1244,1241
1,2,39,ECDSA-SHA3-224_signed-by_ED448,ECDSA-SHA3-224_signed-by_ED448,13.801,2020.06,1307.68,1,7,0.411765,94,24,2364.33,2341.28,1244,1241
1,3,39,ECDSA-SHA3-224_signed-by_ED448,ECDSA-SHA3-224_signed-by_ED448,13.585,2052.17,922.153,1,0,0,116.4,24,2369.35,2341.86,1245,1240
1,5,40,ECDSA-SHA3-224_signed-by_ED448,ECDSA-SHA3-224_signed-by_ED448,13.741,2028.29,893.054,1,0,0,117.111,15,2734.2,2350.08,1245,1239
1,8,39,ECDSA-SHA3-224_signed-by_ED448,ECDSA-SHA3-224_signed-by_ED448,17.322,1609.89,1268.15,1,15,0.833333,105.556,15,2382.33,2356.47,1244,1242
1,6,41,ECDSA-SHA3-224_signed-by_ED448,ECDSA-SHA3-224_signed-by_ED448,14.596,1909.47,1064.35,1,7,0.466667,132.4,9,2350.49,2355.95,1244,1240
1,1,41,ECDSA-SHA3-224_signed-by_ED448,ECDSA-SHA3-224_signed-by_ED448,12.23,2278.91,1746.47,0.647059,13,0.764706,187.176,24,2392.28,2355.06,1244,1240
1,7,42,ECDSA-SHA3-224_signed-by_ED448,ECDSA-SHA3-224_signed-by_ED448,12.904,2160.49,950.986,0.555556,0,0,117.111,16,2432.4,2343.79,1244,1241
1,5,41,ECDSA-SHA3-224_signed-by_ED448,ECDSA-SHA3-224_signed-by_ED448,8.741,3188.29,1403.8,0.444444,0,0,118,15,2377.97,2394.15,1245,1239
1,2,40,ECDSA-SHA3-224_signed-by_ED448,ECDSA-SHA3-224_signed-by_ED448,11.702,2382.44,1188.15,0.5,8,0.666667,102,24,2391.14,2382.24,1244,1241
1,3,40,ECDSA-SHA3-224_signed-by_ED448,ECDSA-SHA3-224_signed-by_ED448,11.504,2423.45,1066.74,1,0,0,125.111,24,2377.03,2337.37,1245,1240
1,8,40,ECDSA-SHA3-224_signed-by_ED448,ECDSA-SHA3-224_signed-by_ED448,10.094,2762.79,1215.75,1,0,0,117.111,15,2335.57,2329.12,1244,1242
1,6,42,ECDSA-SHA3-224_signed-by_ED448,ECDSA-SHA3-224_signed-by_ED448,10.854,2567.84,1154.2,1,0,0,116.4,9,2379.09,2360.18,1244,1240
1,1,42,ECDSA-SHA3-224_signed-by_ED448,ECDSA-SHA3-224_signed-by_ED448,11.297,2467.12,1108.93,1,0,0,125.2,24,2405.26,2385.65,1244,1240
1,7,43,ECDSA-SHA3-224_signed-by_ED448,ECDSA-SHA3-224_signed-by_ED448,15.096,1846.75,846.804,1,0,0,102.727,16,2386.76,2356.15,1244,1241
1,5,42,ECDSA-SHA3-224_signed-by_ED448,ECDSA-SHA3-224_signed-by_ED448,13.748,2027.27,1238.24,1,7,0.538462,111.231,15,2376.16,2351.63,1245,1239
1,3,41,ECDSA-SHA3-224_signed-by_ED448,ECDSA-SHA3-224_signed-by_ED448,15.053,1852.05,940.641,1,5,0.384615,103.231,24,2383.23,2335.76,1245,1240
1,2,41,ECDSA-SHA3-224_signed-by_ED448,ECDSA-SHA3-224_signed-by_ED448,17.204,1620.48,1682.32,1,28,1.21739,180.261,24,2371.72,2353.17,1244,1241
1,8,41,ECDSA-SHA3-224_signed-by_ED448,ECDSA-SHA3-224_signed-by_ED448,16.553,1684.7,1100.9,1,9,0.75,134,15,2350.92,2350.03,1244,1242
1,6,43,ECDSA-SHA3-224_signed-by_ED448,ECDSA-SHA3-224_signed-by_ED448,15.557,1791.54,1094.26,1,7,0.538462,118.615,9,2380.44,2345.2,1244,1240
1,1,43,ECDSA-SHA3-224_signed-by_ED448,ECDSA-SHA3-224_signed-by_ED448,14.178,1965.81,1303.4,1,9,0.692308,144.462,24,2372.66,2340.44,1244,1240
1,7,44,ECDSA-SHA3-224_signed-by_ED448,ECDSA-SHA3-224_signed-by_ED448,13.395,2081.33,1398.7,0.714286,9,0.642857,118.571,16,2383.04,2347.55,1244,1241
1,5,43,ECDSA-SHA3-224_signed-by_ED448,ECDSA-SHA3-224_signed-by_ED448,13.053,2135.25,1318.9,0.428571,8,0.571429,106,15,2388.26,2347.9,1245,1239
1,3,42,ECDSA-SHA3-224_signed-by_ED448,ECDSA-SHA3-224_signed-by_ED448,11.188,2491.91,1096.87,1,0,0,125.111,24,2380.66,2367.95,1245,1240
1,8,42,ECDSA-SHA3-224_signed-by_ED448,ECDSA-SHA3-224_signed-by_ED448,10.151,2747.29,1208.93,0.666667,0,0,117.111,15,2372.6,2345.91,1244,1242
1,2,42,ECDSA-SHA3-224_signed-by_ED448,ECDSA-SHA3-224_signed-by_ED448,11.472,2430.22,1086.45,1,4,0.4,109.2,24,2373.74,2332.66,1244,1241
1,1,44,ECDSA-SHA3-224_signed-by_ED448,ECDSA-SHA3-224_signed-by_ED448,10.016,2782.72,1244.4,1,4,0.4,119.6,24,2384.51,2382.02,1244,1240
1,6,44,ECDSA-SHA3-224_signed-by_ED448,ECDSA-SHA3-224_signed-by_ED448,10.921,2552.11,1123.69,1,0,0,125.111,9,2424.4,2323.36,1244,1240
1,7,45,ECDSA-SHA3-224_signed-by_ED448,ECDSA-SHA3-224_signed-by_ED448,13.044,2137.33,1121.1,1,6,0.461538,98.3077,16,2378.95,2348.71,1244,1241
1,5,44,ECDSA-SHA3-224_signed-by_ED448,ECDSA-SHA3-224_signed-by_ED448,11.858,2350.46,1034.9,1,0,0,117.111,15,2353.97,2348.88,1245,1239
1,6,45,ECDSA-SHA3-224_signed-by_ED448,ECDSA-SHA3-224_signed-by_ED448,11.796,2362.79,1040.33,1,0,0,125.111,9,2506.02,2350.08,1244,1240
1,3,43,ECDSA-SHA3-224_signed-by_ED448,ECDSA-SHA3-224_signed-by_ED448,14.767,1887.94,1183.14,0.933333,8,0.533333,107.867,24,2386.56,2335.23,1245,1240
1,2,43,ECDSA-SHA3-224_signed-by_ED448,ECDSA-SHA3-224_signed-by_ED448,13.787,2022.14,1008.46,1,2,0.166667,140,24,2394.78,2333.15,1244,1241
1,1,45,ECDSA-SHA3-224_signed-by_ED448,ECDSA-SHA3-224_signed-by_ED448,15.278,1824.26,943.545,1,2,0.142857,146,24,2366.96,2338.05,1244,1240
1,8,43,ECDSA-SHA3-224_signed-by_ED448,ECDSA-SHA3-224_signed-by_ED448,18.777,1485.16,994.365,1,10,0.714286,118.571,15,2398.85,2354.26,1244,1242
1,7,46,ECDSA-SHA3-224_signed-by_ED448,ECDSA-SHA3-224_signed-by_ED448,10.669,2613.16,1150.24,1,0,0,117.111,16,2391.29,2339.55,1244,1241
1,2,44,ECDSA-SHA3-224_signed-by_ED448,ECDSA-SHA3-224_signed-by_ED448,9.197,3031.11,1452.5,0.833333,1,0.0833333,96.3333,24,2378.92,2333.44,1244,1241
1,5,45,ECDSA-SHA3-224_signed-by_ED448,ECDSA-SHA3-224_signed-by_ED448,14.537,1917.24,1352.63,1,11,0.785714,120.857,15,2389.14,2353.05,1245,1239
1,6,46,ECDSA-SHA3-224_signed-by_ED448,ECDSA-SHA3-224_signed-by_ED448,11.788,2364.39,1062.76,1,0,0,114,9,2390.46,2374.5,1244,1240
1,8,44,ECDSA-SHA3-224_signed-by_ED448,ECDSA-SHA3-224_signed-by_ED448,9.779,2851.78,1740.84,0.384615,7,0.538462,111.231,15,2373.27,2360.77,1244,1242
1,7,47,ECDSA-SHA3-224_signed-by_ED448,ECDSA-SHA3-224_signed-by_ED448,9.502,2934.08,1318.44,0.7,0,0,106.8,16,2379.77,2355.38,1244,1241
1,3,44,ECDSA-SHA3-224_signed-by_ED448,ECDSA-SHA3-224_signed-by_ED448,15.968,1745.91,1153.26,1,10,0.769231,133.385,24,2419.49,2343.76,1245,1240
1,1,46,ECDSA-SHA3-224_signed-by_ED448,ECDSA-SHA3-224_signed-by_ED448,18.112,1538.87,1030.92,1,10,0.714286,136.857,24,2378.2,2376.58,1244,1240
1,6,47,ECDSA-SHA3-224_signed-by_ED448,ECDSA-SHA3-224_signed-by_ED448,10.034,2777.72,1385.67,0.416667,5,0.416667,108.667,9,2372.42,2340.72,1244,1240
1,2,45,ECDSA-SHA3-224_signed-by_ED448,ECDSA-SHA3-224_signed-by_ED448,12.229,2279.76,1003.49,0.555556,0,0,117.111,24,2396.37,2336.37,1244,1241
1,5,46,ECDSA-SHA3-224_signed-by_ED448,ECDSA-SHA3-224_signed-by_ED448,12.231,2278.73,1391.83,0.692308,7,0.538462,111.231,15,2418.17,2334.87,1245,1239
1,8,45,ECDSA-SHA3-224_signed-by_ED448,ECDSA-SHA3-224_signed-by_ED448,10.242,2722.87,1198.19,1,0,0,117.111,15,2360.76,2356.91,1244,1242
1,3,45,ECDSA-SHA3-224_signed-by_ED448,ECDSA-SHA3-224_signed-by_ED448,11.082,2515.74,1130.46,0.9,0,0,116.4,24,2363.24,2346.54,1245,1240
1,7,48,ECDSA-SHA3-224_signed-by_ED448,ECDSA-SHA3-224_signed-by_ED448,13.152,2119.77,933.062,1,0,0,117.111,16,2389.77,2369.71,1244,1241
1,1,47,ECDSA-SHA3-224_signed-by_ED448,ECDSA-SHA3-224_signed-by_ED448,11.714,2379.32,1453.27,0.846154,7,0.538462,127.231,24,2373.45,2356.62,1244,1240
1,2,46,ECDSA-SHA3-224_signed-by_ED448,ECDSA-SHA3-224_signed-by_ED448,11.256,2476.85,1235.23,1,5,0.416667,102,24,2375.85,2345.12,1244,1241
1,5,47,ECDSA-SHA3-224_signed-by_ED448,ECDSA-SHA3-224_signed-by_ED448,11.3,2466.5,1086,1,0,0,117.111,15,2387.84,2341.08,1245,1239
1,6,48,ECDSA-SHA3-224_signed-by_ED448,ECDSA-SHA3-224_signed-by_ED448,13.556,2055.98,1478.85,0.9375,19,1.1875,119.5,9,2370.43,2322.76,1244,1240
1,8,46,ECDSA-SHA3-224_signed-by_ED448,ECDSA-SHA3-224_signed-by_ED448,12.004,2323.18,1043.63,0.8,0,0,109.2,16,2373.26,2368.58,1244,1242
1,3,46,ECDSA-SHA3-224_signed-by_ED448,ECDSA-SHA3-224_signed-by_ED448,11.898,2343.19,1052.92,0.8,0,0,116.4,24,2380.17,2351.52,1245,1240
1,7,49,ECDSA-SHA3-224_signed-by_ED448,ECDSA-SHA3-224_signed-by_ED448,12.156,2293.44,1009.51,0.888889,0,0,117.111,16,2369.18,2361.23,1244,1241
1,5,48,ECDSA-SHA3-224_signed-by_ED448,ECDSA-SHA3-224_signed-by_ED448,10.324,2699.67,1188.66,0.222222,0,0,117.111,15,2391.19,2385.72,1245,1239
1,6,49,ECDSA-SHA3-224_signed-by_ED448,ECDSA-SHA3-224_signed-by_ED448,10.06,2770.56,1363.01,0.727273,0,0,152.182,9,2398.17,2402.64,1244,1240
1,2,47,ECDSA-SHA3-224_signed-by_ED448,ECDSA-SHA3-224_signed-by_ED448,12.537,2223.75,978.835,1,0,0,117.111,24,2382.55,2351.64,1244,1241
1,1,48,ECDSA-SHA3-224_signed-by_ED448,ECDSA-SHA3-224_signed-by_ED448,13.904,2004.54,1338.28,1,15,1.07143,136.857,24,2412.16,2345.69,1244,1240
1,8,47,ECDSA-SHA3-224_signed-by_ED448,ECDSA-SHA3-224_signed-by_ED448,10.292,2709.66,1229.69,1,6,0.545455,102.727,16,2374.65,2366.25,1244,1242
1,3,47,ECDSA-SHA3-224_signed-by_ED448,ECDSA-SHA3-224_signed-by_ED448,13.458,2071.57,1075.91,0.857143,2,0.142857,95.1429,24,2380.33,2361.51,1245,1240
1,7,50,ECDSA-SHA3-224_signed-by_ED448,ECDSA-SHA3-224_signed-by_ED448,12.853,2169.09,1567.22,0.857143,7,0.5,108.286,16,2388.8,2363.71,1244,1241
1,6,50,ECDSA-SHA3-224_signed-by_ED448,ECDSA-SHA3-224_signed-by_ED448,10.789,2583.36,1137.45,1,0,0,125.111,9,2402.54,2372.03,1244,1240
1,2,48,ECDSA-SHA3-224_signed-by_ED448,ECDSA-SHA3-224_signed-by_ED448,10.548,2643.14,1181.64,0.8,5,0.5,109.2,24,2385.29,2364.2,1244,1241
1,1,49,ECDSA-SHA3-224_signed-by_ED448,ECDSA-SHA3-224_signed-by_ED448,10.856,2567.4,1280.75,0.583333,4,0.333333,164,24,2376.87,2366.38,1244,1240
1,5,49,ECDSA-SHA3-224_signed-by_ED448,ECDSA-SHA3-224_signed-by_ED448,14.845,1877.48,1681.32,1,8,0.5,109.75,15,2380.76,2412.64,1245,1239
1,3,48,ECDSA-SHA3-224_signed-by_ED448,ECDSA-SHA3-224_signed-by_ED448,9.835,2834.77,1247.79,0.777778,0,0,125.111,24,2377.66,2365.12,1245,1240
1,7,51,ECDSA-SHA3-224_signed-by_ED448,ECDSA-SHA3-224_signed-by_ED448,10.959,2544,1119.8,0.777778,0,0,117.111,16,2380.33,2350.15,1244,1241
1,8,48,ECDSA-SHA3-224_signed-by_ED448,ECDSA-SHA3-224_signed-by_ED448,17.549,1589.07,1459.61,0.368421,12,0.631579,124.316,16,2364.98,2332.49,1244,1242
1,6,51,ECDSA-SHA3-224_signed-by_ED448,ECDSA-SHA3-224_signed-by_ED448,9.522,2926.81,1288.67,0,0,0,121.556,9,2397.29,2332.95,1244,1240
1,2,49,ECDSA-SHA3-224_signed-by_ED448,ECDSA-SHA3-224_signed-by_ED448,11.167,2496.59,1227.88,0.545455,0,0,149.273,24,2374.51,2353.96,1244,1241
1,5,50,ECDSA-SHA3-224_signed-by_ED448,ECDSA-SHA3-224_signed-by_ED448,9.61,2900.31,1277,1,0,0,125.111,15,2376.95,2361.81,1245,1239
1,1,50,ECDSA-SHA3-224_signed-by_ED448,ECDSA-SHA3-224_signed-by_ED448,12.402,2247.32,1121.08,0.833333,2,0.166667,164,24,2383.45,2382.51,1244,1240
1,3,49,ECDSA-SHA3-224_signed-by_ED448,ECDSA-SHA3-224_signed-by_ED448,12.013,2320.77,1417.1,0.769231,7,0.538462,118.615,24,2380.34,2343.54,1245,1240
1,7,52,ECDSA-SHA3-224_signed-by_ED448,ECDSA-SHA3-224_signed-by_ED448,11.837,2355.26,1438.16,1,7,0.538462,111.231,16,2368.46,2373.89,1244,1241
1,8,49,ECDSA-SHA3-224_signed-by_ED448,ECDSA-SHA3-224_signed-by_ED448,12.314,2264.66,1170.66,1,8,0.571429,92.8571,16,2399.42,2360.17,1244,1242
1,6,52,ECDSA-SHA3-224_signed-by_ED448,ECDSA-SHA3-224_signed-by_ED448,12.23,2278.9,1474.35,1,2,0.181818,120.182,9,2404.24,2329.76,1244,1240
1,5,51,ECDSA-SHA3-224_signed-by_ED448,ECDSA-SHA3-224_signed-by_ED448,9.933,2805.95,1564.05,0.733333,10,0.666667,99.3333,15,2387.01,2333.83,1245,1239
1,2,50,ECDSA-SHA3-224_signed-by_ED448,ECDSA-SHA3-224_signed-by_ED448,13.214,2109.8,1521.96,1,14,0.875,112,24,2332.43,2356.09,1244,1241
1,1,51,ECDSA-SHA3-224_signed-by_ED448,ECDSA-SHA3-224_signed-by_ED448,13.743,2027.99,919.695,1,0,0,115.455,24,2373.21,2353.11,1244,1240
1,5,52,ECDSA-SHA3-224_signed-by_ED448,ECDSA-SHA3-224_signed-by_ED448,9.895,2816.7,1266.06,1,0,0,116.4,15,2382.67,2413.97,1245,1239
1,7,53,ECDSA-SHA3-224_signed-by_ED448,ECDSA-SHA3-224_signed-by_ED448,12.678,2198.98,1044.91,1,1,0.0909091,102,16,2394.95,2333.61,1244,1241
1,3,50,ECDSA-SHA3-224_signed-by_ED448,ECDSA-SHA3-224_signed-by_ED448,15.58,1789.36,1092.61,1,7,0.538462,118.615,24,2379.59,2335.22,1245,1240
1,6,53,ECDSA-SHA3-224_signed-by_ED448,ECDSA-SHA3-224_signed-by_ED448,17.819,1564.16,1276.83,1,15,0.789474,102.842,9,2387.72,2342.92,1244,1240
1,8,50,ECDSA-SHA3-224_signed-by_ED448,ECDSA-SHA3-224_signed-by_ED448,19.219,1451.05,794.204,1,5,0.3125,120,16,2373.81,2357.54,1244,1242
1,1,52,ECDSA-SHA3-224_signed-by_ED448,ECDSA-SHA3-224_signed-by_ED448,13.531,2059.78,925.836,1,0,0,122,24,2461.49,2364.62,1244,1240
1,7,54,ECDSA-SHA3-224_signed-by_ED448,ECDSA-SHA3-224_signed-by_ED448,10.635,2621.5,1153.91,0.777778,0,0,117.111,16,2374.27,2332.88,1244,1241
1,5,53,ECDSA-SHA3-224_signed-by_ED448,ECDSA-SHA3-224_signed-by_ED448,12.576,2216.22,1464.33,1,13,1,133.385,15,2383.33,2360.55,1245,1239
1,3,51,ECDSA-SHA3-224_signed-by_ED448,ECDSA-SHA3-224_signed-by_ED448,12.08,2307.9,1166.86,1,10,0.769231,103.231,24,2388.09,2329.01,1245,1240
1,1,53,ECDSA-SHA3-224_signed-by_ED448,ECDSA-SHA3-224_signed-by_ED448,9.713,2869.49,1316.15,1,0,0,111.455,24,2391.78,2348.98,1244,1240
1,8,51,ECDSA-SHA3-224_signed-by_ED448,ECDSA-SHA3-224_signed-by_ED448,10.855,2569.06,1130.5,1,0,0,117.111,16,2382.3,2350.88,1244,1242
1,6,54,ECDSA-SHA3-224_signed-by_ED448,ECDSA-SHA3-224_signed-by_ED448,12.465,2235.93,1115.4,1,5,0.416667,102,9,2383.63,2336.68,1244,1240
1,2,51,ECDSA-SHA3-224_signed-by_ED448,ECDSA-SHA3-224_signed-by_ED448,30.57,911.987,1153.53,1,36,1.5,132,24,2389.03,2359.44,1244,1241
1,7,55,ECDSA-SHA3-224_signed-by_ED448,ECDSA-SHA3-224_signed-by_ED448,13.703,2034.51,1367.24,1,9,0.642857,118.571,16,2389.77,2362.12,1244,1241
1,3,52,ECDSA-SHA3-224_signed-by_ED448,ECDSA-SHA3-224_signed-by_ED448,11.554,2412.95,1208.9,1,0,0,142.667,24,2355.81,2327.91,1245,1240
1,8,52,ECDSA-SHA3-224_signed-by_ED448,ECDSA-SHA3-224_signed-by_ED448,8.858,3148,1385.26,1,0,0,117.111,16,2371.8,2337.77,1244,1242
1,6,55,ECDSA-SHA3-224_signed-by_ED448,ECDSA-SHA3-224_signed-by_ED448,9.934,2805.68,1235.33,1,0,0,117.111,9,2351.72,2361.78,1244,1240
1,2,52,ECDSA-SHA3-224_signed-by_ED448,ECDSA-SHA3-224_signed-by_ED448,7.697,3621.76,1594.2,1,0,0,117.111,24,2388.77,2333.19,1244,1241
1,1,54,ECDSA-SHA3-224_signed-by_ED448,ECDSA-SHA3-224_signed-by_ED448,12.752,2185.62,1444.11,1,10,0.769231,124.769,24,2397.76,2338.2,1244,1240
1,3,53,ECDSA-SHA3-224_signed-by_ED448,ECDSA-SHA3-224_signed-by_ED448,10.892,2559.57,1150.16,1,0,0,114,24,2384.12,2344.92,1245,1240
1,5,54,ECDSA-SHA3-224_signed-by_ED448,ECDSA-SHA3-224_signed-by_ED448,24.396,1142.44,1162.11,1,24,0.96,121.52,15,2387.3,2405.8,1245,1239
1,8,53,ECDSA-SHA3-224_signed-by_ED448,ECDSA-SHA3-224_signed-by_ED448,10.505,2654.64,1192.53,1,0,0,106.8,16,2373.62,2376.27,1244,1242
1,6,56,ECDSA-SHA3-224_signed-by_ED448,ECDSA-SHA3-224_signed-by_ED448,9.368,2975.17,1496.13,0.846154,5,0.384615,96.7692,9,2369.53,2341.33,1244,1240
1,7,56,ECDSA-SHA3-224_signed-by_ED448,ECDSA-SHA3-224_signed-by_ED448,16.748,1664.65,1099.58,1,10,0.769231,124.769,16,2375.07,2342.28,1244,1241
1,2,53,ECDSA-SHA3-224_signed-by_ED448,ECDSA-SHA3-224_signed-by_ED448,12.247,2276.36,1657.79,0.941176,15,0.882353,107.647,24,2389.28,2366.5,1244,1241
1,1,55,ECDSA-SHA3-224_signed-by_ED448,ECDSA-SHA3-224_signed-by_ED448,14.153,1969.22,1305.66,1,9,0.692308,124.769,24,2382.92,2379.2,1244,1240
1,3,54,ECDSA-SHA3-224_signed-by_ED448,ECDSA-SHA3-224_signed-by_ED448,12.759,2185.02,1354.27,0.857143,7,0.5,112.857,24,2405.94,2349.63,1245,1240
1,5,55,ECDSA-SHA3-224_signed-by_ED448,ECDSA-SHA3-224_signed-by_ED448,14.227,1958.99,862.539,1,0,0,117.111,15,2377.2,2345.06,1245,1239
1,6,57,ECDSA-SHA3-224_signed-by_ED448,ECDSA-SHA3-224_signed-by_ED448,12.849,2169.11,955.055,1,0,0,117.111,9,2378.09,2359.6,1244,1240
1,8,54,ECDSA-SHA3-224_signed-by_ED448,ECDSA-SHA3-224_signed-by_ED448,14.302,1949.85,1190.27,0.923077,7,0.538462,111.231,16,2380.74,2398.02,1244,1242
1,2,54,ECDSA-SHA3-224_signed-by_ED448,ECDSA-SHA3-224_signed-by_ED448,11.229,2482.8,1115.66,0.7,0,0,109.2,24,2380.41,2344.41,1244,1241
1,7,57,ECDSA-SHA3-224_signed-by_ED448,ECDSA-SHA3-224_signed-by_ED448,13.243,2105.19,1285.47,0.538462,7,0.538462,111.231,16,2375.95,2347.78,1244,1241
1,1,56,ECDSA-SHA3-224_signed-by_ED448,ECDSA-SHA3-224_signed-by_ED448,11.37,2451.32,1079.31,0.444444,0,0,117.111,24,2363.7,2344.77,1244,1240
1,3,55,ECDSA-SHA3-224_signed-by_ED448,ECDSA-SHA3-224_signed-by_ED448,9.439,2953.43,1300.02,0.777778,0,0,125.111,24,2395.74,2363.61,1245,1240
1,5,56,ECDSA-SHA3-224_signed-by_ED448,ECDSA-SHA3-224_signed-by_ED448,8.996,3097.97,1364.03,0.888889,0,0,117.111,15,2350.18,2382.1,1245,1239
1,8,55,ECDSA-SHA3-224_signed-by_ED448,ECDSA-SHA3-224_signed-by_ED448,8.195,3402.7,1544.2,0.727273,5,0.454545,102.727,16,2382.08,2339.06,1244,1242
1,6,58,ECDSA-SHA3-224_signed-by_ED448,ECDSA-SHA3-224_signed-by_ED448,10.056,2771.41,1220.25,0.888889,0,0,117.111,9,2396.63,2352.22,1244,1240
1,7,58,ECDSA-SHA3-224_signed-by_ED448,ECDSA-SHA3-224_signed-by_ED448,10.663,2614.63,1150.89,1,0,0,117.111,16,2384.39,2352.03,1244,1241
1,2,55,ECDSA-SHA3-224_signed-by_ED448,ECDSA-SHA3-224_signed-by_ED448,14.102,1976.97,1225.32,0.857143,7,0.5,106,24,2381.74,2356.6,1244,1241
1,3,56,ECDSA-SHA3-224_signed-by_ED448,ECDSA-SHA3-224_signed-by_ED448,11.028,2528.09,1136.01,0.5,0,0,116.4,24,2401.05,2557.51,1245,1240
1,1,57,ECDSA-SHA3-224_signed-by_ED448,ECDSA-SHA3-224_signed-by_ED448,13.715,2032.17,1328.73,1,9,0.75,132,24,2375.15,2354.79,1244,1240
1,5,57,ECDSA-SHA3-224_signed-by_ED448,ECDSA-SHA3-224_signed-by_ED448,11.619,2398.79,1056.18,0.444444,0,0,117.111,15,2362.46,2339.39,1245,1239
1,8,56,ECDSA-SHA3-224_signed-by_ED448,ECDSA-SHA3-224_signed-by_ED448,12.194,2286.99,1140.21,0.5,2,0.166667,148,16,2387.09,2401.5,1244,1242
1,6,59,ECDSA-SHA3-224_signed-by_ED448,ECDSA-SHA3-224_signed-by_ED448,12.472,2234.72,1461.16,0.5,9,0.75,132,9,2392.46,2371.62,1244,1240
1,7,59,ECDSA-SHA3-224_signed-by_ED448,ECDSA-SHA3-224_signed-by_ED448,9.91,2813.05,1402.9,0.166667,5,0.416667,114,16,2374.3,2358.06,1244,1241
1,2,56,ECDSA-SHA3-224_signed-by_ED448,ECDSA-SHA3-224_signed-by_ED448,10.944,2547.48,1419.57,0.4,10,0.666667,98.2667,24,2384.33,2370.85,1244,1241
1,3,57,ECDSA-SHA3-224_signed-by_ED448,ECDSA-SHA3-224_signed-by_ED448,12.63,2207.37,991.891,0.6,0,0,116.4,24,2384.4,2340.41,1245,1240
1,5,58,ECDSA-SHA3-224_signed-by_ED448,ECDSA-SHA3-224_signed-by_ED448,11.571,2408.72,1060.56,1,0,0,118,15,2399.47,2353.28,1245,1239
1,1,58,ECDSA-SHA3-224_signed-by_ED448,ECDSA-SHA3-224_signed-by_ED448,14.472,1925.85,847.947,1,0,0,117.111,24,2386.78,2489.45,1244,1240
1,6,60,ECDSA-SHA3-224_signed-by_ED448,ECDSA-SHA3-224_signed-by_ED448,11.138,2502.37,1101.79,1,0,0,117.111,9,2399.27,2395.4,1244,1240
1,8,57,ECDSA-SHA3-224_signed-by_ED448,ECDSA-SHA3-224_signed-by_ED448,13.166,2118.11,970.953,0.909091,0,0,102.727,16,2354.53,2332.86,1244,1242
1,7,60,ECDSA-SHA3-224_signed-by_ED448,ECDSA-SHA3-224_signed-by_ED448,12.532,2224.64,1129.88,0.846154,5,0.384615,97.0769,16,2400.05,2344.92,1244,1241
1,3,58,ECDSA-SHA3-224_signed-by_ED448,ECDSA-SHA3-224_signed-by_ED448,10.151,2746.27,1234.05,1,0,0,116.4,24,2358.05,2359.76,1245,1240
1,5,59,ECDSA-SHA3-224_signed-by_ED448,ECDSA-SHA3-224_signed-by_ED448,10.098,2760.14,1226.38,1,0,0,108.8,15,2356.76,2375.28,1245,1239
1,6,61,ECDSA-SHA3-224_signed-by_ED448,ECDSA-SHA3-224_signed-by_ED448,9.45,2949.41,1298.62,1,0,0,117.111,9,2402.63,2345.27,1244,1240
1,2,57,ECDSA-SHA3-224_signed-by_ED448,ECDSA-SHA3-224_signed-by_ED448,16.354,1704.7,1064.4,1,9,0.6,112.133,24,2370.34,2349.19,1244,1241
1,7,61,ECDSA-SHA3-224_signed-by_ED448,ECDSA-SHA3-224_signed-by_ED448,9.253,3013.03,1326.25,1,0,0,117.111,16,2389.67,2365.14,1244,1241
1,8,58,ECDSA-SHA3-224_signed-by_ED448,ECDSA-SHA3-224_signed-by_ED448,11.749,2373.58,1853.38,1,14,0.823529,109.529,16,2370.03,2341.72,1244,1242
1,5,60,ECDSA-SHA3-224_signed-by_ED448,ECDSA-SHA3-224_signed-by_ED448,9.26,3009.9,1352.9,0.6,0,0,106.8,15,2418.42,2349.55,1245,1239
1,3,59,ECDSA-SHA3-224_signed-by_ED448,ECDSA-SHA3-224_signed-by_ED448,11.807,2361.23,2047.53,0.866667,18,1.2,148.4,24,2346.85,2338.5,1245,1240
1,2,58,ECDSA-SHA3-224_signed-by_ED448,ECDSA-SHA3-224_signed-by_ED448,10.782,2585.75,1155.98,0.8,5,0.5,125.2,24,2411.65,2345.89,1244,1241
1,6,62,ECDSA-SHA3-224_signed-by_ED448,ECDSA-SHA3-224_signed-by_ED448,14.005,1990.04,1417.7,0.8,14,0.933333,116.933,9,2400.4,2327.93,1244,1240
1,1,59,ECDSA-SHA3-224_signed-by_ED448,ECDSA-SHA3-224_signed-by_ED448,25.205,1105.77,698.248,1,10,0.625,100.5,24,2384.48,2386,1244,1240
1,7,62,ECDSA-SHA3-224_signed-by_ED448,ECDSA-SHA3-224_signed-by_ED448,14.027,1987.5,893.091,0.7,0,0,109.2,16,2384.35,2347.56,1244,1241
1,8,59,ECDSA-SHA3-224_signed-by_ED448,ECDSA-SHA3-224_signed-by_ED448,14.05,1984.81,873.407,0.777778,0,0,117.111,16,2386.61,2348.18,1244,1242
1,5,61,ECDSA-SHA3-224_signed-by_ED448,ECDSA-SHA3-224_signed-by_ED448,14.046,1984.24,891.884,1,0,0,109.2,15,2387.06,2363.14,1245,1239
1,2,59,ECDSA-SHA3-224_signed-by_ED448,ECDSA-SHA3-224_signed-by_ED448,11.374,2451.11,1205.51,0.363636,0,0,175.455,24,2349.89,2342.91,1244,1241
1,3,60,ECDSA-SHA3-224_signed-by_ED448,ECDSA-SHA3-224_signed-by_ED448,14.217,1960.93,1281.78,0.666667,9,0.75,141.333,24,2402.62,2342.05,1245,1240
1,6,63,ECDSA-SHA3-224_signed-by_ED448,ECDSA-SHA3-224_signed-by_ED448,10.805,2579.5,1135.75,0.444444,0,0,117.111,9,2383.37,2351.91,1244,1240
1,1,60,ECDSA-SHA3-224_signed-by_ED448,ECDSA-SHA3-224_signed-by_ED448,10.531,2646.63,1165.31,0.444444,0,0,117.111,24,2375.87,2394.54,1244,1240
1,7,63,ECDSA-SHA3-224_signed-by_ED448,ECDSA-SHA3-224_signed-by_ED448,9.787,2848.66,1253.9,0.444444,0,0,117.111,16,2376.74,2344.63,1244,1241
1,8,60,ECDSA-SHA3-224_signed-by_ED448,ECDSA-SHA3-224_signed-by_ED448,12.267,2273.35,1485.57,0.833333,9,0.75,132,16,2398.03,2399.74,1244,1242
1,5,62,ECDSA-SHA3-224_signed-by_ED448,ECDSA-SHA3-224_signed-by_ED448,7.906,3525.02,1552.06,0.777778,0,0,117.111,15,2393.51,2367.05,1245,1239
1,2,60,ECDSA-SHA3-224_signed-by_ED448,ECDSA-SHA3-224_signed-by_ED448,8.526,3269.62,1630.59,0.583333,5,0.416667,116.667,24,2365.17,2522.04,1244,1241
1,6,64,ECDSA-SHA3-224_signed-by_ED448,ECDSA-SHA3-224_signed-by_ED448,9.173,3038.47,1365.74,0.7,0,0,109.2,9,2385.76,2329.48,1244,1240
1,1,61,ECDSA-SHA3-224_signed-by_ED448,ECDSA-SHA3-224_signed-by_ED448,9.585,2907.84,1280.32,1,0,0,117.111,24,2377.17,2369.85,1244,1240
1,7,64,ECDSA-SHA3-224_signed-by_ED448,ECDSA-SHA3-224_signed-by_ED448,12.139,2296.63,1129.53,1,2,0.181818,105.636,16,2371.05,2352.38,1244,1241
1,8,61,ECDSA-SHA3-224_signed-by_ED448,ECDSA-SHA3-224_signed-by_ED448,9.47,2944.83,1295.86,1,0,0,117.111,16,2367.61,2384.87,1244,1242
1,2,61,ECDSA-SHA3-224_signed-by_ED448,ECDSA-SHA3-224_signed-by_ED448,9.298,2998.45,1347.37,1,0,0,125.2,24,2391.36,2336.21,1244,1241
1,5,63,ECDSA-SHA3-224_signed-by_ED448,ECDSA-SHA3-224_signed-by_ED448,13.357,2086.61,937.898,1,0,0,109.2,15,2385.27,2331.22,1245,1239
1,1,62,ECDSA-SHA3-224_signed-by_ED448,ECDSA-SHA3-224_signed-by_ED448,10.846,2569.74,2228.98,1,18,1.2,143.6,24,2375.07,2352.19,1244,1240
1,7,65,ECDSA-SHA3-224_signed-by_ED448,ECDSA-SHA3-224_signed-by_ED448,9.883,2821,1293.53,1,0,0,102.727,16,2380.83,2370.36,1244,1241
1,8,62,ECDSA-SHA3-224_signed-by_ED448,ECDSA-SHA3-224_signed-by_ED448,11.038,2526.52,1111.78,1,0,0,117.111,16,2399.72,2377.38,1244,1242
1,6,65,ECDSA-SHA3-224_signed-by_ED448,ECDSA-SHA3-224_signed-by_ED448,16.893,1649.83,1629.95,1,16,0.842105,112.105,9,2461.41,2359.46,1244,1240
1,2,62,ECDSA-SHA3-224_signed-by_ED448,ECDSA-SHA3-224_signed-by_ED448,11.674,2388.19,1561.06,1,9,0.75,153.333,24,2385.71,2325.6,1244,1241
1,5,64,ECDSA-SHA3-224_signed-by_ED448,ECDSA-SHA3-224_signed-by_ED448,10.161,2743.02,1818.71,0.923077,9,0.692308,125.385,15,2385.44,2403.76,1245,1239
1,8,63,ECDSA-SHA3-224_signed-by_ED448,ECDSA-SHA3-224_signed-by_ED448,8.078,3451.95,1653.69,0.916667,1,0.0833333,96.3333,16,2377.86,2354.24,1244,1242
1,1,63,ECDSA-SHA3-224_signed-by_ED448,ECDSA-SHA3-224_signed-by_ED448,12.823,2173.53,1362.51,0.933333,8,0.533333,99.8667,24,2367.67,2356.51,1244,1240
1,6,66,ECDSA-SHA3-224_signed-by_ED448,ECDSA-SHA3-224_signed-by_ED448,9.296,2998.25,1320.12,1,0,0,117.111,9,2416.18,2372.7,1244,1240
1,2,63,ECDSA-SHA3-224_signed-by_ED448,ECDSA-SHA3-224_signed-by_ED448,9.028,3088.13,1387.66,0.7,0,0,125.2,24,2395.8,2333.35,1244,1241
1,5,65,ECDSA-SHA3-224_signed-by_ED448,ECDSA-SHA3-224_signed-by_ED448,9.56,2915.45,1283.67,0.777778,0,0,117.111,15,2377.3,2605.59,1245,1239
1,3,61,ECDSA-SHA3-224_signed-by_ED448,ECDSA-SHA3-224_signed-by_ED448,40.071,695.756,562.594,1,18,0.857143,100.476,24,2376.04,2365.02,1245,1240
1,7,66,ECDSA-SHA3-224_signed-by_ED448,ECDSA-SHA3-224_signed-by_ED448,16.96,1643.79,1564.08,0.761905,21,1,108.476,16,2386.88,2365.94,1244,1241
1,8,64,ECDSA-SHA3-224_signed-by_ED448,ECDSA-SHA3-224_signed-by_ED448,8.915,3127.86,1376.4,0.222222,3,0.333333,117.111,16,2391.16,2378.74,1244,1242
1,6,67,ECDSA-SHA3-224_signed-by_ED448,ECDSA-SHA3-224_signed-by_ED448,9.094,3064.88,1377.61,1,0,0,109.2,9,2392.59,2338.54,1244,1240
1,1,64,ECDSA-SHA3-224_signed-by_ED448,ECDSA-SHA3-224_signed-by_ED448,11.155,2498.55,1117.32,1,4,0.4,109.2,24,2381.82,2354.77,1244,1240
1,2,64,ECDSA-SHA3-224_signed-by_ED448,ECDSA-SHA3-224_signed-by_ED448,10.737,2596.59,1142.95,1,0,0,134.889,24,2370.19,2417.03,1244,1241
1,7,67,ECDSA-SHA3-224_signed-by_ED448,ECDSA-SHA3-224_signed-by_ED448,9.523,2927.6,1315.53,1,0,0,109.2,16,2394.07,2333.56,1244,1241
1,6,68,ECDSA-SHA3-224_signed-by_ED448,ECDSA-SHA3-224_signed-by_ED448,11.499,2423.8,1732.28,1,7,0.466667,102,9,2362.8,2344.51,1244,1240
1,5,66,ECDSA-SHA3-224_signed-by_ED448,ECDSA-SHA3-224_signed-by_ED448,18.281,1524.64,941.741,1,8,0.571429,106,15,2348.47,2372.45,1245,1239
1,1,65,ECDSA-SHA3-224_signed-by_ED448,ECDSA-SHA3-224_signed-by_ED448,12.429,2242.42,1270.53,1,7,0.4375,119.5,24,2365.66,2354.1,1244,1240
1,3,62,ECDSA-SHA3-224_signed-by_ED448,ECDSA-SHA3-224_signed-by_ED448,19.921,1399.51,1341.28,1,25,1.13636,107.455,24,2373.73,2330.5,1245,1240
1,8,65,ECDSA-SHA3-224_signed-by_ED448,ECDSA-SHA3-224_signed-by_ED448,17.469,1596.43,1219.07,1,13,0.619048,119.333,16,2393.67,2364.79,1244,1242
1,2,65,ECDSA-SHA3-224_signed-by_ED448,ECDSA-SHA3-224_signed-by_ED448,14.123,1974,1541.82,0.941176,14,0.823529,120.353,24,2380.11,2366.55,1244,1241
1,7,68,ECDSA-SHA3-224_signed-by_ED448,ECDSA-SHA3-224_signed-by_ED448,13.256,2103.14,1048.85,1,5,0.416667,402.667,16,2377.96,2549.03,1244,1241
1,6,69,ECDSA-SHA3-224_signed-by_ED448,ECDSA-SHA3-224_signed-by_ED448,10.508,2652.43,1192.22,0.8,0,0,109.2,9,2339.94,2345.38,1244,1240
1,5,67,ECDSA-SHA3-224_signed-by_ED448,ECDSA-SHA3-224_signed-by_ED448,12.02,2318.75,1042.24,0.7,0,0,109.2,15,2382.13,2358.82,1245,1239
1,1,66,ECDSA-SHA3-224_signed-by_ED448,ECDSA-SHA3-224_signed-by_ED448,11.159,2497.68,1099.72,0.777778,0,0,117.111,24,2402.36,2336.54,1244,1240
1,8,66,ECDSA-SHA3-224_signed-by_ED448,ECDSA-SHA3-224_signed-by_ED448,11.965,2330.75,1104.53,0.909091,6,0.545455,104.182,16,2398.78,2352.05,1244,1242
1,3,63,ECDSA-SHA3-224_signed-by_ED448,ECDSA-SHA3-224_signed-by_ED448,13.599,2050.08,1036.51,0.923077,3,0.230769,134.615,24,2394.28,2380.71,1245,1240
1,7,69,ECDSA-SHA3-224_signed-by_ED448,ECDSA-SHA3-224_signed-by_ED448,9.493,2936.88,1292.73,0.555556,0,0,117.111,16,2384.85,2359.36,1244,1241
1,2,66,ECDSA-SHA3-224_signed-by_ED448,ECDSA-SHA3-224_signed-by_ED448,12.979,2148.02,1404.07,0.75,9,0.75,153.333,24,2391.73,2344.67,1244,1241
1,6,70,ECDSA-SHA3-224_signed-by_ED448,ECDSA-SHA3-224_signed-by_ED448,12.691,2196.12,1361.55,0.714286,7,0.5,112.857,9,2340.19,2400.37,1244,1240
1,5,68,ECDSA-SHA3-224_signed-by_ED448,ECDSA-SHA3-224_signed-by_ED448,12.094,2304.55,1035.86,1,0,0,109.2,15,2367.07,2371.93,1245,1239
1,1,67,ECDSA-SHA3-224_signed-by_ED448,ECDSA-SHA3-224_signed-by_ED448,12.294,2267.06,1130.93,1,5,0.416667,102,24,2378.24,2344.59,1244,1240
1,8,67,ECDSA-SHA3-224_signed-by_ED448,ECDSA-SHA3-224_signed-by_ED448,10.485,2659.77,1307.76,0.818182,0,0,149.273,16,2383.06,2346.44,1244,1242
1,3,64,ECDSA-SHA3-224_signed-by_ED448,ECDSA-SHA3-224_signed-by_ED448,10.657,2616.09,1151.53,1,0,0,125.111,24,2393.38,2348.11,1245,1240
1,7,70,ECDSA-SHA3-224_signed-by_ED448,ECDSA-SHA3-224_signed-by_ED448,11.429,2439.36,1073.74,1,0,0,117.111,16,2376.72,2340.74,1244,1241
1,2,67,ECDSA-SHA3-224_signed-by_ED448,ECDSA-SHA3-224_signed-by_ED448,13.694,2035.86,1261.82,1,7,0.5,120.857,24,2371.19,2372.04,1244,1241
1,6,71,ECDSA-SHA3-224_signed-by_ED448,ECDSA-SHA3-224_signed-by_ED448,14.098,1976.96,1022.52,1,8,0.571429,92.8571,9,2383.65,2367.36,1244,1240
1,1,68,ECDSA-SHA3-224_signed-by_ED448,ECDSA-SHA3-224_signed-by_ED448,14.753,1889.16,977.116,1,5,0.357143,92.8571,24,2391.4,2356.59,1244,1240
1,8,68,ECDSA-SHA3-224_signed-by_ED448,ECDSA-SHA3-224_signed-by_ED448,14.454,1929.36,849.005,1,0,0,117.111,16,2371.52,2338.96,1244,1242
1,7,71,ECDSA-SHA3-224_signed-by_ED448,ECDSA-SHA3-224_signed-by_ED448,12.947,2153.33,947.835,1,0,0,117.111,16,2398.25,2360.77,1244,1241
1,5,69,ECDSA-SHA3-224_signed-by_ED448,ECDSA-SHA3-224_signed-by_ED448,16.962,1643.13,1436.56,1,19,1.1875,137,15,2377.15,2344.99,1245,1239
1,3,65,ECDSA-SHA3-224_signed-by_ED448,ECDSA-SHA3-224_signed-by_ED448,15.497,1798.97,1584.75,1,20,1.17647,135.412,24,2382.47,2335.99,1245,1240
1,2,68,ECDSA-SHA3-224_signed-by_ED448,ECDSA-SHA3-224_signed-by_ED448,13.731,2030.34,1623.11,0.684211,14,0.736842,110,24,2377.52,2365.99,1244,1241
1,1,69,ECDSA-SHA3-224_signed-by_ED448,ECDSA-SHA3-224_signed-by_ED448,9.157,3043.72,1368.1,0.4,0,0,109.2,24,2359,2383.32,1244,1240
1,7,72,ECDSA-SHA3-224_signed-by_ED448,ECDSA-SHA3-224_signed-by_ED448,10.418,2676.04,1177.92,0.888889,0,0,117.111,16,2377.97,2360.6,1244,1241
1,8,69,ECDSA-SHA3-224_signed-by_ED448,ECDSA-SHA3-224_signed-by_ED448,11.415,2443.01,1075.04,1,0,0,117.111,16,2392.73,2349.72,1244,1242
1,5,70,ECDSA-SHA3-224_signed-by_ED448,ECDSA-SHA3-224_signed-by_ED448,11.571,2408.68,1060.54,1,0,0,117.111,15,2388.25,2360.6,1245,1239
1,3,66,ECDSA-SHA3-224_signed-by_ED448,ECDSA-SHA3-224_signed-by_ED448,11.91,2340.79,1039.75,1,0,0,116,24,2389.47,2331.38,1245,1240
1,2,69,ECDSA-SHA3-224_signed-by_ED448,ECDSA-SHA3-224_signed-by_ED448,9.25,3014.04,1503.13,1,5,0.416667,116.667,24,2385.01,2520.77,1244,1241
1,6,72,ECDSA-SHA3-224_signed-by_ED448,ECDSA-SHA3-224_signed-by_ED448,24.801,1123.82,1092.85,1,23,0.958333,110.333,9,2395.15,2341.79,1244,1240
1,7,73,ECDSA-SHA3-224_signed-by_ED448,ECDSA-SHA3-224_signed-by_ED448,11.632,2396.75,1076.99,1,0,0,109.2,16,2368.55,2342.32,1244,1241
1,8,70,ECDSA-SHA3-224_signed-by_ED448,ECDSA-SHA3-224_signed-by_ED448,12.49,2232.74,1003,1,3,0.3,109.2,16,2352.83,2358.18,1244,1242
1,5,71,ECDSA-SHA3-224_signed-by_ED448,ECDSA-SHA3-224_signed-by_ED448,12.521,2225.94,1000.52,1,0,0,109.2,15,2369.89,2371.93,1245,1239
1,1,70,ECDSA-SHA3-224_signed-by_ED448,ECDSA-SHA3-224_signed-by_ED448,17.46,1596.25,1058.36,1,9,0.692308,124.769,24,2381.53,2355.42,1244,1240
1,2,70,ECDSA-SHA3-224_signed-by_ED448,ECDSA-SHA3-224_signed-by_ED448,11.924,2338.08,1029.16,1,3,0.333333,134.889,24,2381.72,2326.17,1244,1241
1,3,67,ECDSA-SHA3-224_signed-by_ED448,ECDSA-SHA3-224_signed-by_ED448,14.235,1958.46,1716.26,1,18,1.125,141.5,24,2442.78,2351.29,1245,1240
1,6,73,ECDSA-SHA3-224_signed-by_ED448,ECDSA-SHA3-224_signed-by_ED448,10.805,2579.31,1225.99,1,1,0.0909091,117.273,9,2411.99,2363.52,1244,1240
1,7,74,ECDSA-SHA3-224_signed-by_ED448,ECDSA-SHA3-224_signed-by_ED448,10.87,2564.85,1279.11,1,8,0.666667,144,17,2392.2,2346.29,1244,1241
1,8,71,ECDSA-SHA3-224_signed-by_ED448,ECDSA-SHA3-224_signed-by_ED448,10.388,2684.63,1338.46,1,2,0.166667,140,16,2391.6,2408.85,1244,1242
1,5,72,ECDSA-SHA3-224_signed-by_ED448,ECDSA-SHA3-224_signed-by_ED448,10.651,2616.81,1152.18,1,3,0.333333,117.111,15,2504.52,2339.99,1245,1239
1,6,74,ECDSA-SHA3-224_signed-by_ED448,ECDSA-SHA3-224_signed-by_ED448,8.081,3448.69,1518.45,1,0,0,134.889,9,2386.87,2362.51,1244,1240
1,2,71,ECDSA-SHA3-224_signed-by_ED448,ECDSA-SHA3-224_signed-by_ED448,16.647,1674.69,1120.62,1,9,0.5625,150.5,24,2371.42,2337.51,1244,1241
1,7,75,ECDSA-SHA3-224_signed-by_ED448,ECDSA-SHA3-224_signed-by_ED448,10.716,2601.64,1382.57,0.5,4,0.285714,133.429,17,2369.05,2363.85,1244,1241
1,3,68,ECDSA-SHA3-224_signed-by_ED448,ECDSA-SHA3-224_signed-by_ED448,17.586,1585.27,1249.11,1,15,0.833333,109.556,24,2371.09,2336.76,1245,1240
1,8,72,ECDSA-SHA3-224_signed-by_ED448,ECDSA-SHA3-224_signed-by_ED448,12.456,2238.85,1005.75,0.6,0,0,109.2,16,2390.71,2362.96,1244,1242
1,1,71,ECDSA-SHA3-224_signed-by_ED448,ECDSA-SHA3-224_signed-by_ED448,21.724,1282.98,1461.95,1,35,1.66667,159.143,24,2384.4,2379.03,1244,1240
1,5,73,ECDSA-SHA3-224_signed-by_ED448,ECDSA-SHA3-224_signed-by_ED448,14.883,1872.68,1043.84,0.533333,7,0.466667,122.267,15,2385.55,2355.04,1245,1239
1,6,75,ECDSA-SHA3-224_signed-by_ED448,ECDSA-SHA3-224_signed-by_ED448,12.229,2279.14,1024.44,0.4,0,0,125.2,9,2383.8,2351.54,1244,1240
1,2,72,ECDSA-SHA3-224_signed-by_ED448,ECDSA-SHA3-224_signed-by_ED448,13.24,2105.71,941.378,1,4,0.4,125.2,24,2384.47,2373,1244,1241
1,7,76,ECDSA-SHA3-224_signed-by_ED448,ECDSA-SHA3-224_signed-by_ED448,12.717,2192.33,965.002,1,0,0,117.111,17,2370.98,2341.79,1244,1241
1,3,69,ECDSA-SHA3-224_signed-by_ED448,ECDSA-SHA3-224_signed-by_ED448,12.804,2177.43,958.443,0.888889,0,0,298.444,24,2410.32,2332.68,1245,1240
1,8,73,ECDSA-SHA3-224_signed-by_ED448,ECDSA-SHA3-224_signed-by_ED448,16.582,1681.77,767.072,1,4,0.363636,102.727,16,2391.71,2362.68,1244,1242
1,4,0,ECDSA-SHA3-224_signed-by_ED448,ECDSA-SHA3-224_signed-by_ED448,1019.23,27.354,8.22583,1,0,0,164,24,2429.57,2352.26,1244,1241
1,5,74,ECDSA-SHA3-224_signed-by_ED448,ECDSA-SHA3-224_signed-by_ED448,16.176,1723,765.556,1,0,0,108.8,15,2373.87,2366.53,1245,1239
1,1,72,ECDSA-SHA3-224_signed-by_ED448,ECDSA-SHA3-224_signed-by_ED448,20.296,1373.22,931.769,1,9,0.529412,158.941,24,2402.01,2336.58,1244,1240
1,6,76,ECDSA-SHA3-224_signed-by_ED448,ECDSA-SHA3-224_signed-by_ED448,15.865,1756.77,773.504,1,0,0,165.556,9,2388.1,2349.2,1244,1240
1,7,77,ECDSA-SHA3-224_signed-by_ED448,ECDSA-SHA3-224_signed-by_ED448,12.184,2288.22,1141.16,1,5,0.416667,102,17,2388.39,2339.4,1244,1241
1,2,73,ECDSA-SHA3-224_signed-by_ED448,ECDSA-SHA3-224_signed-by_ED448,18.345,1519.68,757.88,1,2,0.166667,158.667,24,2385.47,2366.24,1244,1241
1,3,70,ECDSA-SHA3-224_signed-by_ED448,ECDSA-SHA3-224_signed-by_ED448,19.745,1411.99,945.648,1,14,1,126.571,24,2384.87,2334.78,1245,1240
1,4,1,ECDSA-SHA3-224_signed-by_ED448,ECDSA-SHA3-224_signed-by_ED448,13.773,2024.14,1323.1,1,9,0.75,153.333,24,2362.56,2345.01,1244,1241
1,6,77,ECDSA-SHA3-224_signed-by_ED448,ECDSA-SHA3-224_signed-by_ED448,12.488,2231.79,1133.83,1,5,0.384615,110.615,9,2388.84,2397.67,1244,1240
1,8,74,ECDSA-SHA3-224_signed-by_ED448,ECDSA-SHA3-224_signed-by_ED448,19.728,1413.6,1175.16,1,23,1.09524,163.143,16,2394.19,2368.77,1244,1242
1,5,75,ECDSA-SHA3-224_signed-by_ED448,ECDSA-SHA3-224_signed-by_ED448,17.414,1600.53,1140.22,1,17,1.13333,126,15,2374.5,2349.39,1245,1239
1,7,78,ECDSA-SHA3-224_signed-by_ED448,ECDSA-SHA3-224_signed-by_ED448,17.052,1634.99,1083.74,1,9,0.692308,124.769,17,2400.18,2343.52,1244,1241
1,1,73,ECDSA-SHA3-224_signed-by_ED448,ECDSA-SHA3-224_signed-by_ED448,18.724,1488.55,1291.16,1,18,1.2,154.8,24,2400.47,2336.96,1244,1240
1,2,74,ECDSA-SHA3-224_signed-by_ED448,ECDSA-SHA3-224_signed-by_ED448,15.221,1831.59,926.042,1,6,0.461538,97.0769,24,2389.55,2374.9,1244,1241
1,6,78,ECDSA-SHA3-224_signed-by_ED448,ECDSA-SHA3-224_signed-by_ED448,14.126,1973.02,1140.55,1,2,0.181818,131.818,9,2389.05,2396.47,1244,1240
1,5,76,ECDSA-SHA3-224_signed-by_ED448,ECDSA-SHA3-224_signed-by_ED448,13.072,2132.05,1193.31,1,4,0.266667,135.6,15,2429.87,2353.52,1245,1239
1,3,71,ECDSA-SHA3-224_signed-by_ED448,ECDSA-SHA3-224_signed-by_ED448,19.693,1415.69,950.561,1,7,0.4375,139,24,2370.83,2321.99,1245,1240
1,7,79,ECDSA-SHA3-224_signed-by_ED448,ECDSA-SHA3-224_signed-by_ED448,14.005,1990.72,894.538,1,0,0,109.2,17,2389.67,2342.8,1244,1241
1,1,74,ECDSA-SHA3-224_signed-by_ED448,ECDSA-SHA3-224_signed-by_ED448,14.141,1971,867.83,1,0,0,117.111,24,2384.42,2380.53,1244,1240
1,8,75,ECDSA-SHA3-224_signed-by_ED448,ECDSA-SHA3-224_signed-by_ED448,20.54,1357.7,1058.58,1,16,0.842105,213.579,16,2383.64,2353.02,1244,1242
1,2,75,ECDSA-SHA3-224_signed-by_ED448,ECDSA-SHA3-224_signed-by_ED448,14.257,1955.53,975.24,1,5,0.416667,102,24,2375.58,2340.72,1244,1241
1,5,77,ECDSA-SHA3-224_signed-by_ED448,ECDSA-SHA3-224_signed-by_ED448,9.446,2950.65,1299.17,1,0,0,117.111,15,2396.09,2367.15,1245,1239
1,3,72,ECDSA-SHA3-224_signed-by_ED448,ECDSA-SHA3-224_signed-by_ED448,10.92,2553.05,1668.83,1,9,0.75,141.333,24,2397.22,2349.11,1245,1240
1,7,80,ECDSA-SHA3-224_signed-by_ED448,ECDSA-SHA3-224_signed-by_ED448,9.651,2888.78,1271.56,1,0,0,117.111,17,2387.86,2339.92,1244,1241
1,6,79,ECDSA-SHA3-224_signed-by_ED448,ECDSA-SHA3-224_signed-by_ED448,15.16,1838.51,1135.61,1,8,0.571429,120.857,10,2407.46,2339.5,1244,1240
1,1,75,ECDSA-SHA3-224_signed-by_ED448,ECDSA-SHA3-224_signed-by_ED448,15.808,1763.07,1168.97,1,9,0.692308,124.769,24,2415.24,2364.07,1244,1240
1,8,76,ECDSA-SHA3-224_signed-by_ED448,ECDSA-SHA3-224_signed-by_ED448,14.249,1957.11,861.216,1,0,0,117.111,16,2391.24,2379.38,1244,1242
1,2,76,ECDSA-SHA3-224_signed-by_ED448,ECDSA-SHA3-224_signed-by_ED448,14.248,1956.68,861.277,1,0,0,119.778,24,2367.45,2376.38,1244,1241
1,5,78,ECDSA-SHA3-224_signed-by_ED448,ECDSA-SHA3-224_signed-by_ED448,13.299,2095.73,941.994,1,0,0,109.2,15,2397.14,2339.7,1245,1239
1,3,73,ECDSA-SHA3-224_signed-by_ED448,ECDSA-SHA3-224_signed-by_ED448,13.735,2029.78,1326.78,1,9,0.75,141.333,24,2370.33,2340.84,1245,1240
1,7,81,ECDSA-SHA3-224_signed-by_ED448,ECDSA-SHA3-224_signed-by_ED448,13.689,2036.61,915.158,1,0,0,109.2,17,2375.54,2357.63,1244,1241
1,6,80,ECDSA-SHA3-224_signed-by_ED448,ECDSA-SHA3-224_signed-by_ED448,14.666,1900.38,1673.47,1,18,1.05882,143.647,10,2353.87,2349.63,1244,1240
1,4,2,ECDSA-SHA3-224_signed-by_ED448,ECDSA-SHA3-224_signed-by_ED448,47.522,586.667,646.091,1,30,1.42857,193.81,24,2384.63,2355.04,1244,1241
1,1,76,ECDSA-SHA3-224_signed-by_ED448,ECDSA-SHA3-224_signed-by_ED448,12.568,2217.62,996.783,1,0,0,109.2,24,2376.66,2352,1244,1240
1,8,77,ECDSA-SHA3-224_signed-by_ED448,ECDSA-SHA3-224_signed-by_ED448,15.082,1849,1128.71,1,7,0.538462,111.231,16,2390.19,2374.95,1244,1242
1,5,79,ECDSA-SHA3-224_signed-by_ED448,ECDSA-SHA3-224_signed-by_ED448,13.913,2003.21,1328.19,1,9,0.692308,124.769,15,2401.33,2380.89,1245,1239
1,3,74,ECDSA-SHA3-224_signed-by_ED448,ECDSA-SHA3-224_signed-by_ED448,15.898,1753.59,787.983,1,0,0,116.4,24,2373.41,2328.48,1245,1240
1,4,3,ECDSA-SHA3-224_signed-by_ED448,ECDSA-SHA3-224_signed-by_ED448,13.246,2104.69,1068.95,1,5,0.384615,110.615,24,2390.25,2353.43,1244,1241
1,6,81,ECDSA-SHA3-224_signed-by_ED448,ECDSA-SHA3-224_signed-by_ED448,15.805,1763.39,1152.99,1,9,0.75,153.333,10,2392.94,2343.39,1244,1240
1,7,82,ECDSA-SHA3-224_signed-by_ED448,ECDSA-SHA3-224_signed-by_ED448,20.196,1380.44,1175.65,1,16,0.842105,117.158,17,2396.84,2343.11,1244,1241
1,1,77,ECDSA-SHA3-224_signed-by_ED448,ECDSA-SHA3-224_signed-by_ED448,17.283,1612.68,1428.45,1,18,1.05882,134.471,24,2393.42,2361.48,1244,1240
1,2,77,ECDSA-SHA3-224_signed-by_ED448,ECDSA-SHA3-224_signed-by_ED448,29.205,954.62,840.942,1,20,1.17647,140.118,24,2391.74,2384.81,1244,1241
1,8,78,ECDSA-SHA3-224_signed-by_ED448,ECDSA-SHA3-224_signed-by_ED448,15.68,1778.49,1085.67,1,7,0.538462,111.231,16,2391.55,2365.13,1244,1242
1,5,80,ECDSA-SHA3-224_signed-by_ED448,ECDSA-SHA3-224_signed-by_ED448,15.301,1821.51,802.007,1,0,0,117.111,15,2386.89,2335.19,1245,1239
1,4,4,ECDSA-SHA3-224_signed-by_ED448,ECDSA-SHA3-224_signed-by_ED448,11.985,2326.18,2038.5,1,18,1.125,209.5,24,2375.68,2361.58,1244,1241
1,6,82,ECDSA-SHA3-224_signed-by_ED448,ECDSA-SHA3-224_signed-by_ED448,13.315,2093.21,1383.05,1,13,1,144.462,10,2393.09,2357.62,1244,1240
1,3,75,ECDSA-SHA3-224_signed-by_ED448,ECDSA-SHA3-224_signed-by_ED448,19.057,1462.96,912.619,1,7,0.466667,114.533,24,2363.36,2361.52,1245,1240
1,2,78,ECDSA-SHA3-224_signed-by_ED448,ECDSA-SHA3-224_signed-by_ED448,11.266,2474.62,1655.9,1,12,0.75,101,24,2383.14,2350.01,1244,1241
1,1,78,ECDSA-SHA3-224_signed-by_ED448,ECDSA-SHA3-224_signed-by_ED448,13.958,1996.75,1219.6,1,7,0.538462,111.231,24,2368.63,2363.76,1244,1240
1,7,83,ECDSA-SHA3-224_signed-by_ED448,ECDSA-SHA3-224_signed-by_ED448,18.493,1507.58,941.318,1,13,0.866667,101.467,17,2374.36,2339.68,1244,1241
1,5,81,ECDSA-SHA3-224_signed-by_ED448,ECDSA-SHA3-224_signed-by_ED448,13.824,2016.08,887.678,1,0,0,117.111,15,2364.33,2337.3,1245,1239
1,4,5,ECDSA-SHA3-224_signed-by_ED448,ECDSA-SHA3-224_signed-by_ED448,12.068,2310.13,1038.07,1,0,0,124.4,24,2411.69,2358.47,1244,1241
1,8,79,ECDSA-SHA3-224_signed-by_ED448,ECDSA-SHA3-224_signed-by_ED448,18.108,1540.06,1531.23,1,23,1.15,119.6,16,2400.68,2350.45,1244,1242
1,6,83,ECDSA-SHA3-224_signed-by_ED448,ECDSA-SHA3-224_signed-by_ED448,14.854,1876.4,936.043,1,2,0.166667,164,10,2388.88,2363.68,1244,1240
1,2,79,ECDSA-SHA3-224_signed-by_ED448,ECDSA-SHA3-224_signed-by_ED448,11.087,2514.55,1535.43,0.923077,7,0.538462,111.231,24,2367.55,2354.48,1244,1241
1,3,76,ECDSA-SHA3-224_signed-by_ED448,ECDSA-SHA3-224_signed-by_ED448,14.074,1980.85,1209.54,1,7,0.538462,118.615,24,2394.4,2336.02,1245,1240
1,1,79,ECDSA-SHA3-224_signed-by_ED448,ECDSA-SHA3-224_signed-by_ED448,11.559,2411.17,1061.64,1,0,0,117.111,24,2356.99,2372.84,1244,1240
1,5,82,ECDSA-SHA3-224_signed-by_ED448,ECDSA-SHA3-224_signed-by_ED448,11.065,2518.84,1109.04,0,0,0,117.111,15,2376.78,2352.93,1245,1239
1,4,6,ECDSA-SHA3-224_signed-by_ED448,ECDSA-SHA3-224_signed-by_ED448,11.119,2507.33,1103.66,0,0,0,131.333,24,2390.8,2374.19,1244,1241
1,8,80,ECDSA-SHA3-224_signed-by_ED448,ECDSA-SHA3-224_signed-by_ED448,9.887,2820.61,1241.2,0,0,0,117.111,16,2369.5,2328.91,1244,1242
1,7,84,ECDSA-SHA3-224_signed-by_ED448,ECDSA-SHA3-224_signed-by_ED448,17.996,1549.15,1172.64,1,13,0.8125,178.5,17,2380.39,2348.7,1244,1241
1,6,84,ECDSA-SHA3-224_signed-by_ED448,ECDSA-SHA3-224_signed-by_ED448,16.043,1737.28,764.922,1,0,0,155.778,10,2367.04,2372.39,1244,1240
1,3,77,ECDSA-SHA3-224_signed-by_ED448,ECDSA-SHA3-224_signed-by_ED448,16.765,1662.93,829.316,1,5,0.416667,108.667,24,2397.17,2368.82,1245,1240
1,1,80,ECDSA-SHA3-224_signed-by_ED448,ECDSA-SHA3-224_signed-by_ED448,18.485,1507.75,677.709,1,0,0,470,24,2461.16,2344.27,1244,1240
1,2,80,ECDSA-SHA3-224_signed-by_ED448,ECDSA-SHA3-224_signed-by_ED448,21.29,1309.53,811.643,1,7,0.5,106,24,2359.74,2344.64,1244,1241
1,5,83,ECDSA-SHA3-224_signed-by_ED448,ECDSA-SHA3-224_signed-by_ED448,18.803,1482.25,739.425,1,5,0.416667,179.333,15,2392.35,2351.4,1245,1239
1,8,81,ECDSA-SHA3-224_signed-by_ED448,ECDSA-SHA3-224_signed-by_ED448,17.086,1632.16,1681.79,1,18,1,135.333,16,2380.79,2329.19,1244,1242
1,4,7,ECDSA-SHA3-224_signed-by_ED448,ECDSA-SHA3-224_signed-by_ED448,20.69,1347.51,847.559,1,7,0.466667,107.867,24,2655,2328.67,1244,1241
1,7,85,ECDSA-SHA3-224_signed-by_ED448,ECDSA-SHA3-224_signed-by_ED448,19.765,1410.5,921.988,1,9,0.75,133,17,2388.09,2358.58,1244,1241
1,3,78,ECDSA-SHA3-224_signed-by_ED448,ECDSA-SHA3-224_signed-by_ED448,14.23,1959.18,977.061,0.333333,5,0.416667,108.667,24,2393.48,2347.94,1245,1240
1,6,85,ECDSA-SHA3-224_signed-by_ED448,ECDSA-SHA3-224_signed-by_ED448,18.322,1521.16,683.734,0.4,0,0,125.2,10,2394.97,2349.52,1244,1240
1,1,81,ECDSA-SHA3-224_signed-by_ED448,ECDSA-SHA3-224_signed-by_ED448,14.267,1953.54,860.141,0.222222,0,0,117.111,24,2379.97,2342.81,1244,1240
1,2,81,ECDSA-SHA3-224_signed-by_ED448,ECDSA-SHA3-224_signed-by_ED448,14.261,1954.92,860.503,0.222222,0,0,117.111,24,2380.39,2341.99,1244,1241
1,5,84,ECDSA-SHA3-224_signed-by_ED448,ECDSA-SHA3-224_signed-by_ED448,13.788,2021.42,890.027,0.222222,0,0,117.111,15,2399.05,2349.7,1245,1239
1,8,82,ECDSA-SHA3-224_signed-by_ED448,ECDSA-SHA3-224_signed-by_ED448,14.13,1973.62,868.483,0.222222,0,0,117.111,17,2389.08,2347.57,1244,1242
1,4,8,ECDSA-SHA3-224_signed-by_ED448,ECDSA-SHA3-224_signed-by_ED448,12.951,2152.7,947.557,0.222222,0,0,125.111,24,2355.74,2338.09,1244,1241
1,7,86,ECDSA-SHA3-224_signed-by_ED448,ECDSA-SHA3-224_signed-by_ED448,12.146,2295.34,1010.34,0.888889,0,0,117.111,17,2368.33,2356.1,1244,1241
1,3,79,ECDSA-SHA3-224_signed-by_ED448,ECDSA-SHA3-224_signed-by_ED448,11.034,2526.68,1112.18,0.888889,0,0,125.111,24,2386.08,2351.55,1245,1240
1,6,86,ECDSA-SHA3-224_signed-by_ED448,ECDSA-SHA3-224_signed-by_ED448,10.79,2583.09,1137.33,0.888889,0,0,134.889,10,2400.1,2353.24,1244,1240
1,1,82,ECDSA-SHA3-224_signed-by_ED448,ECDSA-SHA3-224_signed-by_ED448,10.617,2625.19,1166.42,0.8,0,0,108.8,24,2383.91,2378.55,1244,1240
1,5,85,ECDSA-SHA3-224_signed-by_ED448,ECDSA-SHA3-224_signed-by_ED448,9.872,2823.32,1243.1,1,0,0,117.111,15,2378.89,2404.73,1245,1239
1,8,83,ECDSA-SHA3-224_signed-by_ED448,ECDSA-SHA3-224_signed-by_ED448,11.699,2383.73,1188.44,0.833333,5,0.416667,103,17,2392.41,2353.96,1244,1242
1,2,82,ECDSA-SHA3-224_signed-by_ED448,ECDSA-SHA3-224_signed-by_ED448,16.161,1725.05,1065.23,1,8,0.571429,106,24,2362.53,2353.65,1244,1241
1,7,87,ECDSA-SHA3-224_signed-by_ED448,ECDSA-SHA3-224_signed-by_ED448,12.152,2294.2,1046.71,0.636364,5,0.454545,102.727,17,2381.45,2336.73,1244,1241
1,3,80,ECDSA-SHA3-224_signed-by_ED448,ECDSA-SHA3-224_signed-by_ED448,11.736,2375.53,1067.45,0.7,0,0,116.4,24,2359.39,2357.53,1245,1240
1,4,9,ECDSA-SHA3-224_signed-by_ED448,ECDSA-SHA3-224_signed-by_ED448,16.997,1640.29,1072.19,1,9,0.75,141.333,24,2369.28,2360.07,1244,1241
1,6,87,ECDSA-SHA3-224_signed-by_ED448,ECDSA-SHA3-224_signed-by_ED448,13.648,2042.11,1247.3,0.846154,7,0.538462,127.231,10,2384.33,2355.43,1244,1240
1,1,83,ECDSA-SHA3-224_signed-by_ED448,ECDSA-SHA3-224_signed-by_ED448,13.102,2127.22,936.611,1,0,0,117.111,24,2379.16,2326.87,1244,1240
1,5,86,ECDSA-SHA3-224_signed-by_ED448,ECDSA-SHA3-224_signed-by_ED448,12.82,2174.01,957.214,1,0,0,117.111,15,2383.29,2356.4,1245,1239
1,8,84,ECDSA-SHA3-224_signed-by_ED448,ECDSA-SHA3-224_signed-by_ED448,12.817,2175.77,957.44,1,0,0,117.111,17,2373.58,2378.74,1244,1242
1,2,83,ECDSA-SHA3-224_signed-by_ED448,ECDSA-SHA3-224_signed-by_ED448,13.831,2015.67,905.749,1,0,0,109.2,24,2349.23,2355.05,1244,1241
1,4,10,ECDSA-SHA3-224_signed-by_ED448,ECDSA-SHA3-224_signed-by_ED448,11.398,2445.98,1086.48,1,0,0,116,24,2369.04,2342.37,1244,1241
1,3,81,ECDSA-SHA3-224_signed-by_ED448,ECDSA-SHA3-224_signed-by_ED448,13.601,2049.77,1358.67,1,9,0.692308,133.385,24,2399.62,2363.09,1245,1240
1,6,88,ECDSA-SHA3-224_signed-by_ED448,ECDSA-SHA3-224_signed-by_ED448,11.605,2401.67,1057.45,1,0,0,134.889,10,2376.81,2372.56,1244,1240
1,5,87,ECDSA-SHA3-224_signed-by_ED448,ECDSA-SHA3-224_signed-by_ED448,12.289,2267.97,1019.42,1,0,0,109.2,15,2357.99,2354.98,1245,1239
1,8,85,ECDSA-SHA3-224_signed-by_ED448,ECDSA-SHA3-224_signed-by_ED448,10.449,2668.91,1900.24,0.866667,14,0.933333,116.933,17,2411.76,2359.09,1244,1242
1,7,88,ECDSA-SHA3-224_signed-by_ED448,ECDSA-SHA3-224_signed-by_ED448,19.882,1402.26,1177.33,1,15,0.75,130.4,17,2368.91,2410.06,1244,1241
1,1,84,ECDSA-SHA3-224_signed-by_ED448,ECDSA-SHA3-224_signed-by_ED448,17.325,1608.68,982.571,1,10,0.769231,111.231,24,2389,2370.32,1244,1240
1,2,84,ECDSA-SHA3-224_signed-by_ED448,ECDSA-SHA3-224_signed-by_ED448,12.036,2316.32,1040.85,1,0,0,109.2,24,2384.28,2389.24,1244,1241
1,4,11,ECDSA-SHA3-224_signed-by_ED448,ECDSA-SHA3-224_signed-by_ED448,10.533,2646.87,1320.01,1,5,0.416667,108.667,24,2376.8,2353.91,1244,1241
1,3,82,ECDSA-SHA3-224_signed-by_ED448,ECDSA-SHA3-224_signed-by_ED448,12.506,2229.24,981.247,1,0,0,125.111,24,2384.69,2357.92,1245,1240
1,5,88,ECDSA-SHA3-224_signed-by_ED448,ECDSA-SHA3-224_signed-by_ED448,10.5,2654.41,1193.11,1,0,0,109.2,15,2405.57,2344.13,1245,1239
1,6,89,ECDSA-SHA3-224_signed-by_ED448,ECDSA-SHA3-224_signed-by_ED448,13.178,2114.94,950.632,1,0,0,122,10,2390.91,2333.56,1244,1240
1,7,89,ECDSA-SHA3-224_signed-by_ED448,ECDSA-SHA3-224_signed-by_ED448,11.995,2324.19,1551.24,1,15,1.07143,118.571,17,2399.36,2366.86,1244,1241
1,4,12,ECDSA-SHA3-224_signed-by_ED448,ECDSA-SHA3-224_signed-by_ED448,10.587,2633.34,1159.12,1,0,0,120.667,24,2394.26,2327.01,1244,1241
1,2,85,ECDSA-SHA3-224_signed-by_ED448,ECDSA-SHA3-224_signed-by_ED448,12.063,2311.11,1152.57,1,8,0.666667,105.333,24,2390.08,2341.3,1244,1241
1,1,85,ECDSA-SHA3-224_signed-by_ED448,ECDSA-SHA3-224_signed-by_ED448,16.995,1640,844.476,1,3,0.214286,125.429,24,2374.52,2365.22,1244,1240
1,6,90,ECDSA-SHA3-224_signed-by_ED448,ECDSA-SHA3-224_signed-by_ED448,12.234,2278.13,1473.85,1,3,0.272727,156.545,10,2404.3,2353.21,1244,1240
1,3,83,ECDSA-SHA3-224_signed-by_ED448,ECDSA-SHA3-224_signed-by_ED448,15.008,1857.57,834.705,1,0,0,116.4,24,2395.82,2351.91,1245,1240
1,7,90,ECDSA-SHA3-224_signed-by_ED448,ECDSA-SHA3-224_signed-by_ED448,12.492,2231.73,1689.33,1,13,0.8125,209.5,17,2383.4,2369.19,1244,1241
1,5,89,ECDSA-SHA3-224_signed-by_ED448,ECDSA-SHA3-224_signed-by_ED448,20.582,1354.17,827.114,1,7,0.538462,111.231,15,2380.66,2388.28,1245,1239
1,4,13,ECDSA-SHA3-224_signed-by_ED448,ECDSA-SHA3-224_signed-by_ED448,15.198,1834.37,940.081,1,11,0.785714,98.5714,24,2399.51,2346.4,1244,1241
1,2,86,ECDSA-SHA3-224_signed-by_ED448,ECDSA-SHA3-224_signed-by_ED448,16.516,1687.97,956.115,1,7,0.4375,132,24,2383.26,2340.73,1244,1241
1,1,86,ECDSA-SHA3-224_signed-by_ED448,ECDSA-SHA3-224_signed-by_ED448,15.502,1797.89,791.609,1,0,0,117.111,24,2355.84,2333.74,1244,1240
1,8,86,ECDSA-SHA3-224_signed-by_ED448,ECDSA-SHA3-224_signed-by_ED448,36.896,755.849,1285.33,1,54,1.74194,177.613,17,2361.23,2364.44,1244,1242
1,6,91,ECDSA-SHA3-224_signed-by_ED448,ECDSA-SHA3-224_signed-by_ED448,16.32,1707.77,751.928,1,0,0,134.889,10,2385.84,2351.14,1244,1240
1,7,91,ECDSA-SHA3-224_signed-by_ED448,ECDSA-SHA3-224_signed-by_ED448,15.508,1797.7,1175.08,1,9,0.75,132,17,2361.12,2347.24,1244,1241
1,5,90,ECDSA-SHA3-224_signed-by_ED448,ECDSA-SHA3-224_signed-by_ED448,13.942,1999.03,1220.99,1,7,0.538462,116.769,15,2394.79,2348.84,1245,1239
1,3,84,ECDSA-SHA3-224_signed-by_ED448,ECDSA-SHA3-224_signed-by_ED448,20.961,1330.06,1265.57,1,24,1.14286,280.667,24,2350.11,2324.27,1245,1240
1,8,87,ECDSA-SHA3-224_signed-by_ED448,ECDSA-SHA3-224_signed-by_ED448,10.818,2577.83,1227.54,1,1,0.0909091,104.182,17,2440.28,2378.1,1244,1242
1,6,92,ECDSA-SHA3-224_signed-by_ED448,ECDSA-SHA3-224_signed-by_ED448,9.786,2848.08,1420.77,1,5,0.416667,275.667,10,2388.64,2361.89,1244,1240
1,1,87,ECDSA-SHA3-224_signed-by_ED448,ECDSA-SHA3-224_signed-by_ED448,15.292,1822.54,1253.39,1,12,0.666667,114.667,24,2486.01,2350.46,1244,1240
1,2,87,ECDSA-SHA3-224_signed-by_ED448,ECDSA-SHA3-224_signed-by_ED448,18.016,1547.49,1112.77,1,15,0.9375,112,24,2379.39,2356.53,1244,1241
1,4,14,ECDSA-SHA3-224_signed-by_ED448,ECDSA-SHA3-224_signed-by_ED448,25.996,1072.46,1090.62,1,23,0.92,125.68,24,2381.18,2351.38,1244,1241
1,7,92,ECDSA-SHA3-224_signed-by_ED448,ECDSA-SHA3-224_signed-by_ED448,17.971,1551.39,738.968,1,1,0.0909091,104.182,17,2380.37,2370.27,1244,1241
1,5,91,ECDSA-SHA3-224_signed-by_ED448,ECDSA-SHA3-224_signed-by_ED448,16.031,1738.55,867.279,0.916667,5,0.416667,102,15,2365.66,2340.78,1245,1239
1,3,85,ECDSA-SHA3-224_signed-by_ED448,ECDSA-SHA3-224_signed-by_ED448,17.355,1606.37,801.11,0.916667,2,0.166667,150.667,24,2397.39,2343.64,1245,1240
1,6,93,ECDSA-SHA3-224_signed-by_ED448,ECDSA-SHA3-224_signed-by_ED448,14.676,1899.07,836.158,1,0,0,134.889,10,2391.29,2371.21,1244,1240
1,8,88,ECDSA-SHA3-224_signed-by_ED448,ECDSA-SHA3-224_signed-by_ED448,16.498,1690.3,743.809,1,0,0,165.111,17,2388.36,2376.55,1244,1242
1,1,88,ECDSA-SHA3-224_signed-by_ED448,ECDSA-SHA3-224_signed-by_ED448,14.696,1896.49,852.443,1,3,0.3,109.2,24,2361.76,2378.12,1244,1240
1,2,88,ECDSA-SHA3-224_signed-by_ED448,ECDSA-SHA3-224_signed-by_ED448,15.858,1758.02,773.831,1,0,0,117.111,24,2435.62,2348.68,1244,1241
1,4,15,ECDSA-SHA3-224_signed-by_ED448,ECDSA-SHA3-224_signed-by_ED448,11.796,2363.48,1581.53,1,12,0.75,101,24,2425,2376.68,1244,1241
1,7,93,ECDSA-SHA3-224_signed-by_ED448,ECDSA-SHA3-224_signed-by_ED448,10.912,2554.9,1124.6,1,0,0,117.111,17,2384.97,2330.73,1244,1241
1,5,92,ECDSA-SHA3-224_signed-by_ED448,ECDSA-SHA3-224_signed-by_ED448,13.33,2090.82,920.586,1,0,0,117.111,15,2398.34,2351.14,1245,1239
1,6,94,ECDSA-SHA3-224_signed-by_ED448,ECDSA-SHA3-224_signed-by_ED448,11.588,2405.16,1058.99,1,0,0,134.889,10,2384.55,2354.81,1244,1240
1,8,89,ECDSA-SHA3-224_signed-by_ED448,ECDSA-SHA3-224_signed-by_ED448,11.363,2454.2,1112.34,0.909091,0,0,102.364,17,2385.87,2389.27,1244,1242
1,1,89,ECDSA-SHA3-224_signed-by_ED448,ECDSA-SHA3-224_signed-by_ED448,13.243,2104.56,1069.2,0.615385,2,0.153846,132.154,24,2377.24,2343.23,1244,1240
1,2,89,ECDSA-SHA3-224_signed-by_ED448,ECDSA-SHA3-224_signed-by_ED448,12.614,2210.16,1444.69,0.666667,9,0.75,132,24,2386.45,2331.8,1244,1241
1,4,16,ECDSA-SHA3-224_signed-by_ED448,ECDSA-SHA3-224_signed-by_ED448,11.936,2335.7,1028.11,0.333333,0,0,117.111,24,2355.61,2413.55,1244,1241
1,7,94,ECDSA-SHA3-224_signed-by_ED448,ECDSA-SHA3-224_signed-by_ED448,12.043,2314.96,1413.55,0.230769,7,0.538462,111.231,17,2360.23,2359.39,1244,1241
1,5,93,ECDSA-SHA3-224_signed-by_ED448,ECDSA-SHA3-224_signed-by_ED448,11.501,2423.38,1067.01,0,0,0,117.111,15,2398.15,2370.9,1245,1239
1,6,95,ECDSA-SHA3-224_signed-by_ED448,ECDSA-SHA3-224_signed-by_ED448,11.305,2465.39,1085.51,0,0,0,134.889,10,2350.97,2364.03,1244,1240
1,8,90,ECDSA-SHA3-224_signed-by_ED448,ECDSA-SHA3-224_signed-by_ED448,11.969,2329.95,1025.29,0.222222,0,0,117.111,17,2374.62,2362.93,1244,1242
1,3,86,ECDSA-SHA3-224_signed-by_ED448,ECDSA-SHA3-224_signed-by_ED448,26.097,1068.32,713.031,1,11,0.785714,123.714,24,2397.03,2331.21,1245,1240
1,1,90,ECDSA-SHA3-224_signed-by_ED448,ECDSA-SHA3-224_signed-by_ED448,11.541,2414.97,1204.71,0.833333,5,0.416667,102,24,2402.93,2344.89,1244,1240
1,2,90,ECDSA-SHA3-224_signed-by_ED448,ECDSA-SHA3-224_signed-by_ED448,12.844,2170.57,995.285,0.909091,0,0,102.727,24,2372.28,2356.36,1244,1241
1,4,17,ECDSA-SHA3-224_signed-by_ED448,ECDSA-SHA3-224_signed-by_ED448,14.296,1950.11,876.291,1,0,0,109.2,24,2374.64,2331.18,1244,1241
1,7,95,ECDSA-SHA3-224_signed-by_ED448,ECDSA-SHA3-224_signed-by_ED448,14.608,1908.47,840.055,1,0,0,117.111,17,2366.09,2367.53,1244,1241
1,5,94,ECDSA-SHA3-224_signed-by_ED448,ECDSA-SHA3-224_signed-by_ED448,13.624,2045.74,900.734,1,0,0,117.111,15,2387.25,2347.71,1245,1239
1,6,96,ECDSA-SHA3-224_signed-by_ED448,ECDSA-SHA3-224_signed-by_ED448,14.719,1893.53,833.719,1,0,0,138.889,10,2616.57,2371.29,1244,1240
1,3,87,ECDSA-SHA3-224_signed-by_ED448,ECDSA-SHA3-224_signed-by_ED448,13.983,1993.78,877.607,1,0,0,125.111,24,2360.29,2341.16,1245,1240
1,1,91,ECDSA-SHA3-224_signed-by_ED448,ECDSA-SHA3-224_signed-by_ED448,12.596,2212.72,974.256,0.666667,0,0,117.111,24,2389.69,2342.69,1244,1240
1,8,91,ECDSA-SHA3-224_signed-by_ED448,ECDSA-SHA3-224_signed-by_ED448,16.476,1692.57,1510.98,1,20,1.25,138,17,2357.96,2374.22,1244,1242
1,2,91,ECDSA-SHA3-224_signed-by_ED448,ECDSA-SHA3-224_signed-by_ED448,13.169,2117.05,1055.79,0.666667,5,0.416667,138.667,24,2387.2,2402.21,1244,1241
1,7,96,ECDSA-SHA3-224_signed-by_ED448,ECDSA-SHA3-224_signed-by_ED448,12.284,2269.56,1078.45,1,1,0.0909091,102,17,2377.35,2341.14,1244,1241
1,5,95,ECDSA-SHA3-224_signed-by_ED448,ECDSA-SHA3-224_signed-by_ED448,12.285,2268.71,1518.55,1,15,0.9375,101,15,2386.48,2355.94,1245,1239
1,6,97,ECDSA-SHA3-224_signed-by_ED448,ECDSA-SHA3-224_signed-by_ED448,11.796,2362.77,1040.32,1,0,0,134.889,10,2399.35,2366.3,1244,1240
1,4,18,ECDSA-SHA3-224_signed-by_ED448,ECDSA-SHA3-224_signed-by_ED448,17.774,1568.5,979.358,1,13,0.866667,101.467,24,2379.27,2362.44,1244,1241
1,1,92,ECDSA-SHA3-224_signed-by_ED448,ECDSA-SHA3-224_signed-by_ED448,11.043,2523.87,1111.26,1,0,0,117.111,24,2557.41,2358.05,1244,1240
1,8,92,ECDSA-SHA3-224_signed-by_ED448,ECDSA-SHA3-224_signed-by_ED448,10.822,2576.89,1200.48,1,0,0,133.6,17,2400.37,2342.06,1244,1242
1,3,88,ECDSA-SHA3-224_signed-by_ED448,ECDSA-SHA3-224_signed-by_ED448,18.21,1531.01,959.464,1,8,0.533333,107.867,24,2377.01,2343.57,1245,1240
1,6,98,ECDSA-SHA3-224_signed-by_ED448,ECDSA-SHA3-224_signed-by_ED448,11.443,2435.63,1094.78,1,0,0,125.2,10,2406.26,2380.74,1244,1240
1,7,97,ECDSA-SHA3-224_signed-by_ED448,ECDSA-SHA3-224_signed-by_ED448,15.396,1810.75,1607.59,1,24,1.33333,126,17,2377.77,2356.64,1244,1241
1,1,93,ECDSA-SHA3-224_signed-by_ED448,ECDSA-SHA3-224_signed-by_ED448,12.49,2231.47,997.885,1,4,0.4,109.2,24,2365.46,2367.81,1244,1240
1,4,19,ECDSA-SHA3-224_signed-by_ED448,ECDSA-SHA3-224_signed-by_ED448,14.347,1943.17,1300.28,1,11,0.6875,129.5,24,2385.96,2357.76,1244,1241
1,5,96,ECDSA-SHA3-224_signed-by_ED448,ECDSA-SHA3-224_signed-by_ED448,18.189,1532.35,1442.62,1,23,1.04545,155.455,15,2383.74,2361.76,1245,1239
1,3,89,ECDSA-SHA3-224_signed-by_ED448,ECDSA-SHA3-224_signed-by_ED448,12.813,2175.82,1006.43,1,0,0,101,24,2373.24,2349.43,1245,1240
1,6,99,ECDSA-SHA3-224_signed-by_ED448,ECDSA-SHA3-224_signed-by_ED448,10.426,2673.27,1177.04,1,0,0,134.889,10,2339.41,2367.11,1244,1240
1,8,93,ECDSA-SHA3-224_signed-by_ED448,ECDSA-SHA3-224_signed-by_ED448,21.207,1315,965.691,1,12,0.8,116.4,17,2373.72,2371.71,1244,1242
1,5,97,ECDSA-SHA3-224_signed-by_ED448,ECDSA-SHA3-224_signed-by_ED448,8.47,3290.63,1448.86,0.444444,0,0,117.111,15,2372.47,2352.85,1245,1239
1,1,94,ECDSA-SHA3-224_signed-by_ED448,ECDSA-SHA3-224_signed-by_ED448,11.525,2418.3,1206.37,0.75,2,0.166667,141.333,24,2377.62,2355.32,1244,1240
1,4,20,ECDSA-SHA3-224_signed-by_ED448,ECDSA-SHA3-224_signed-by_ED448,11.968,2329.45,1161.72,0.416667,2,0.166667,140,24,2369.64,2340.1,1244,1241
1,2,92,ECDSA-SHA3-224_signed-by_ED448,ECDSA-SHA3-224_signed-by_ED448,41.462,672.409,1433.96,1,74,1.94737,226.421,24,2402.11,2366.99,1244,1241
1,3,90,ECDSA-SHA3-224_signed-by_ED448,ECDSA-SHA3-224_signed-by_ED448,15.482,1800.73,809.168,0.6,0,0,116.4,24,2419.09,2339.52,1245,1240
1,8,94,ECDSA-SHA3-224_signed-by_ED448,ECDSA-SHA3-224_signed-by_ED448,13.069,2133.86,938.998,0.666667,0,0,117.111,17,2352.85,2350.79,1244,1242
1,7,98,ECDSA-SHA3-224_signed-by_ED448,ECDSA-SHA3-224_signed-by_ED448,25.339,1100.25,548.705,1,2,0.166667,148,17,2349.74,2326.57,1244,1241
1,5,98,ECDSA-SHA3-224_signed-by_ED448,ECDSA-SHA3-224_signed-by_ED448,13.099,2127.77,936.854,0.333333,0,0,517.111,15,2396.14,2339.14,1245,1239
1,1,95,ECDSA-SHA3-224_signed-by_ED448,ECDSA-SHA3-224_signed-by_ED448,12.951,2152.08,962.385,0.3,4,0.4,109.2,24,2386.91,2349.8,1244,1240
1,4,21,ECDSA-SHA3-224_signed-by_ED448,ECDSA-SHA3-224_signed-by_ED448,12.369,2254,992.15,1,0,0,118,24,2398.53,2328.53,1244,1241
1,2,93,ECDSA-SHA3-224_signed-by_ED448,ECDSA-SHA3-224_signed-by_ED448,10.396,2681.77,1215.84,1,0,0,101.273,24,2354.28,2360.11,1244,1241
1,3,91,ECDSA-SHA3-224_signed-by_ED448,ECDSA-SHA3-224_signed-by_ED448,10.729,2598.51,1143.79,1,0,0,125.111,24,2372.83,2353.76,1245,1240
1,8,95,ECDSA-SHA3-224_signed-by_ED448,ECDSA-SHA3-224_signed-by_ED448,13.543,2059.15,1271.17,1,8,0.571429,106,17,2374.46,2365.56,1244,1242
1,7,99,ECDSA-SHA3-224_signed-by_ED448,ECDSA-SHA3-224_signed-by_ED448,13.762,2025.79,910.298,1,0,0,109.2,17,2368.28,2368.33,1244,1241
1,4,22,ECDSA-SHA3-224_signed-by_ED448,ECDSA-SHA3-224_signed-by_ED448,12.817,2175.16,957.443,0.888889,0,0,117.111,24,2400.29,2338.37,1244,1241
1,1,96,ECDSA-SHA3-224_signed-by_ED448,ECDSA-SHA3-224_signed-by_ED448,14.406,1934.66,978.437,1,3,0.230769,149.385,24,2350.58,2354.61,1244,1240
1,5,99,ECDSA-SHA3-224_signed-by_ED448,ECDSA-SHA3-224_signed-by_ED448,16.38,1701.5,1139.87,1,10,0.714286,118.571,15,2373.14,2324.07,1245,1239
1,3,92,ECDSA-SHA3-224_signed-by_ED448,ECDSA-SHA3-224_signed-by_ED448,10.658,2615.84,1151.42,0.666667,0,0,125.111,24,2413.07,2348.69,1245,1240
1,8,96,ECDSA-SHA3-224_signed-by_ED448,ECDSA-SHA3-224_signed-by_ED448,7.983,3493.02,1537.09,0,0,0,117.111,17,2368.58,2364.12,1244,1242
1,2,94,ECDSA-SHA3-224_signed-by_ED448,ECDSA-SHA3-224_signed-by_ED448,14.444,1930.13,1507.55,0.352941,14,0.823529,110.941,24,2378.82,2364.17,1244,1241
1,4,23,ECDSA-SHA3-224_signed-by_ED448,ECDSA-SHA3-224_signed-by_ED448,11.198,2489.62,1183.02,0.363636,1,0.0909091,102,24,2422.26,2344.09,1244,1241
1,1,97,ECDSA-SHA3-224_signed-by_ED448,ECDSA-SHA3-224_signed-by_ED448,11.037,2525.21,1145.19,0.363636,0,0,100.182,24,2379.39,2371.84,1244,1240
1,3,93,ECDSA-SHA3-224_signed-by_ED448,ECDSA-SHA3-224_signed-by_ED448,8.86,3146.68,1413.97,1,0,0,116.4,24,2398.18,2335.4,1245,1240
1,8,97,ECDSA-SHA3-224_signed-by_ED448,ECDSA-SHA3-224_signed-by_ED448,9.265,3009.97,1915.12,0.928571,8,0.571429,107.143,17,2368.99,2367.34,1244,1242
1,4,24,ECDSA-SHA3-224_signed-by_ED448,ECDSA-SHA3-224_signed-by_ED448,8.247,3380.6,1519.09,0.9,0,0,106.8,24,2393.24,2364.63,1244,1241
1,1,98,ECDSA-SHA3-224_signed-by_ED448,ECDSA-SHA3-224_signed-by_ED448,8.372,3329.17,2220.72,0.642857,9,0.642857,116.571,24,2379.96,2349.7,1244,1240
1,3,94,ECDSA-SHA3-224_signed-by_ED448,ECDSA-SHA3-224_signed-by_ED448,8.343,3341.69,1501.6,0.1,0,0,114,24,2384.23,2388.79,1245,1240
1,8,98,ECDSA-SHA3-224_signed-by_ED448,ECDSA-SHA3-224_signed-by_ED448,8.114,3437,1543.99,0.8,0,0,106.8,17,2370.59,2347.4,1244,1242
1,2,95,ECDSA-SHA3-224_signed-by_ED448,ECDSA-SHA3-224_signed-by_ED448,19.055,1463.09,940.41,1,9,0.529412,95.8824,24,2372.79,2364.23,1244,1241
1,4,25,ECDSA-SHA3-224_signed-by_ED448,ECDSA-SHA3-224_signed-by_ED448,8.38,3326.89,1580.87,1,1,0.0909091,102,24,2380.3,2359.18,1244,1241
1,1,99,ECDSA-SHA3-224_signed-by_ED448,ECDSA-SHA3-224_signed-by_ED448,9.983,2791.81,1802.98,1,8,0.533333,100.933,24,2351.89,2389.33,1244,1240
1,8,99,ECDSA-SHA3-224_signed-by_ED448,ECDSA-SHA3-224_signed-by_ED448,8.477,3289.73,1640.14,0.75,5,0.416667,102,17,2348.5,2356.43,1244,1242
1,3,95,ECDSA-SHA3-224_signed-by_ED448,ECDSA-SHA3-224_signed-by_ED448,10.346,2694.61,1925.27,1,11,0.733333,123.333,24,2379.73,2331.24,1245,1240
1,4,26,ECDSA-SHA3-224_signed-by_ED448,ECDSA-SHA3-224_signed-by_ED448,8.983,3103.53,1423.08,0.272727,0,0,102.727,24,2635.34,2357.43,1244,1241
1,2,96,ECDSA-SHA3-224_signed-by_ED448,ECDSA-SHA3-224_signed-by_ED448,10.351,2693.31,1760.5,0.833333,9,0.75,153.333,24,2402.47,2351.87,1244,1241
1,3,96,ECDSA-SHA3-224_signed-by_ED448,ECDSA-SHA3-224_signed-by_ED448,7.155,3896.06,1750.71,0,0,0,136.4,24,2377.52,2346.95,1245,1240
1,4,27,ECDSA-SHA3-224_signed-by_ED448,ECDSA-SHA3-224_signed-by_ED448,6.525,4272.26,1919.76,0,0,0,106.8,24,2380.82,2348.45,1244,1241
1,2,97,ECDSA-SHA3-224_signed-by_ED448,ECDSA-SHA3-224_signed-by_ED448,6.629,4205.24,1889.64,0,0,0,149.6,24,2381.41,2399.13,1244,1241
1,3,97,ECDSA-SHA3-224_signed-by_ED448,ECDSA-SHA3-224_signed-by_ED448,5.995,4649.93,2089.47,0.1,0,0,114,24,2381.29,2348.38,1245,1240
1,4,28,ECDSA-SHA3-224_signed-by_ED448,ECDSA-SHA3-224_signed-by_ED448,6.593,4228.22,1938.79,0.0909091,0,0,100.545,24,2378.92,2368.58,1244,1241
1,2,98,ECDSA-SHA3-224_signed-by_ED448,ECDSA-SHA3-224_signed-by_ED448,6.962,4004.08,1902.66,0.0909091,1,0.0909091,116.182,24,2401.87,2346.13,1244,1241
1,3,98,ECDSA-SHA3-224_signed-by_ED448,ECDSA-SHA3-224_signed-by_ED448,6.66,4185.72,1880.87,0,0,0,114,24,2448.64,2337.08,1245,1240
1,4,29,ECDSA-SHA3-224_signed-by_ED448,ECDSA-SHA3-224_signed-by_ED448,5.731,4864.28,2185.79,0.1,0,0,106.8,24,2391.78,2332.69,1244,1241
1,2,99,ECDSA-SHA3-224_signed-by_ED448,ECDSA-SHA3-224_signed-by_ED448,6.949,4011.68,1906.27,0.0909091,1,0.0909091,116.182,24,2359.52,2343.16,1244,1241
1,3,99,ECDSA-SHA3-224_signed-by_ED448,ECDSA-SHA3-224_signed-by_ED448,5.969,4670.25,2098.6,0.1,0,0,114,24,2364.12,2337.67,1245,1240
1,4,30,ECDSA-SHA3-224_signed-by_ED448,ECDSA-SHA3-224_signed-by_ED448,5.511,5058.42,2273.02,0,0,0,106.8,24,2394.11,2332.73,1244,1241
1,4,31,ECDSA-SHA3-224_signed-by_ED448,ECDSA-SHA3-224_signed-by_ED448,5.565,5009.51,2251.05,0,0,0,106.8,24,2396.46,2347.68,1244,1241
1,4,32,ECDSA-SHA3-224_signed-by_ED448,ECDSA-SHA3-224_signed-by_ED448,5.509,5060.63,2274.02,0,0,0,106.8,24,2420.12,2339.36,1244,1241
1,4,33,ECDSA-SHA3-224_signed-by_ED448,ECDSA-SHA3-224_signed-by_ED448,5.642,4941.34,2220.41,0,0,0,106.8,24,2374.05,2362.32,1244,1241
1,4,34,ECDSA-SHA3-224_signed-by_ED448,ECDSA-SHA3-224_signed-by_ED448,5.562,5012.41,2252.35,0,0,0,106.8,24,2370.63,2355.04,1244,1241
1,4,35,ECDSA-SHA3-224_signed-by_ED448,ECDSA-SHA3-224_signed-by_ED448,5.554,5019.63,2255.59,0,0,0,106.8,24,2382.11,2345.34,1244,1241
1,4,36,ECDSA-SHA3-224_signed-by_ED448,ECDSA-SHA3-224_signed-by_ED448,5.651,4933.47,2216.88,0,0,0,106.8,24,2410.95,2369.8,1244,1241
1,4,37,ECDSA-SHA3-224_signed-by_ED448,ECDSA-SHA3-224_signed-by_ED448,6.704,4158.23,1868.52,0,0,0,106.8,24,2399.4,2362.25,1244,1241
1,4,38,ECDSA-SHA3-224_signed-by_ED448,ECDSA-SHA3-224_signed-by_ED448,5.452,5113.54,2297.79,0,0,0,106.8,24,2384.76,2345.4,1244,1241
1,4,39,ECDSA-SHA3-224_signed-by_ED448,ECDSA-SHA3-224_signed-by_ED448,5.521,5049.63,2269.08,0,0,0,106.8,24,2370.77,2356.76,1244,1241
1,4,40,ECDSA-SHA3-224_signed-by_ED448,ECDSA-SHA3-224_signed-by_ED448,5.722,4872.26,2189.37,0,0,0,106.8,24,2382.01,2344.73,1244,1241
1,4,41,ECDSA-SHA3-224_signed-by_ED448,ECDSA-SHA3-224_signed-by_ED448,5.503,5066.15,2276.5,0,0,0,106.8,24,2373.73,2345.32,1244,1241
1,4,42,ECDSA-SHA3-224_signed-by_ED448,ECDSA-SHA3-224_signed-by_ED448,5.585,4991.77,2243.07,0,0,0,106.8,24,2393.31,2358.28,1244,1241
1,4,43,ECDSA-SHA3-224_signed-by_ED448,ECDSA-SHA3-224_signed-by_ED448,5.562,5012.41,2252.35,0,0,0,106.8,24,2400.3,2357.98,1244,1241
1,4,44,ECDSA-SHA3-224_signed-by_ED448,ECDSA-SHA3-224_signed-by_ED448,5.488,5080,2282.72,0,0,0,106.8,24,2381.37,2356.62,1244,1241
1,4,45,ECDSA-SHA3-224_signed-by_ED448,ECDSA-SHA3-224_signed-by_ED448,5.625,4956.28,2227.12,0,0,0,106.8,24,2452.7,2370.5,1244,1241
1,4,46,ECDSA-SHA3-224_signed-by_ED448,ECDSA-SHA3-224_signed-by_ED448,5.585,4991.77,2243.07,0,0,0,106.8,24,2374.35,2349.44,1244,1241
1,4,47,ECDSA-SHA3-224_signed-by_ED448,ECDSA-SHA3-224_signed-by_ED448,5.635,4947.48,2223.17,0,0,0,106.8,24,2382.74,2369.66,1244,1241
1,4,48,ECDSA-SHA3-224_signed-by_ED448,ECDSA-SHA3-224_signed-by_ED448,5.728,4867.16,2187.08,0,0,0,106.8,24,2418.43,2351.19,1244,1241
1,4,49,ECDSA-SHA3-224_signed-by_ED448,ECDSA-SHA3-224_signed-by_ED448,5.67,4916.94,2209.45,0,0,0,106.8,24,2379.74,2351.86,1244,1241
1,4,50,ECDSA-SHA3-224_signed-by_ED448,ECDSA-SHA3-224_signed-by_ED448,5.565,5009.71,2251.14,0,0,0,106.8,24,2371.95,2355.63,1244,1241
1,4,51,ECDSA-SHA3-224_signed-by_ED448,ECDSA-SHA3-224_signed-by_ED448,5.651,4933.47,2216.88,0,0,0,106.8,24,2398.98,2351.92,1244,1241
1,4,52,ECDSA-SHA3-224_signed-by_ED448,ECDSA-SHA3-224_signed-by_ED448,5.582,4994.45,2244.28,0,0,0,106.8,24,2390.07,2351.52,1244,1241
1,4,53,ECDSA-SHA3-224_signed-by_ED448,ECDSA-SHA3-224_signed-by_ED448,5.585,4991.77,2243.07,0,0,0,106.8,24,2394.89,2347.08,1244,1241
1,4,54,ECDSA-SHA3-224_signed-by_ED448,ECDSA-SHA3-224_signed-by_ED448,5.65,4934.35,2217.27,0,0,0,106.8,24,2390.37,2348.41,1244,1241
1,4,55,ECDSA-SHA3-224_signed-by_ED448,ECDSA-SHA3-224_signed-by_ED448,7.07,3943.32,1771.95,0,0,0,106.8,24,2410.32,2360.38,1244,1241
1,4,56,ECDSA-SHA3-224_signed-by_ED448,ECDSA-SHA3-224_signed-by_ED448,5.676,4911.74,2207.11,0,0,0,106.8,24,2383.38,2358.66,1244,1241
1,4,57,ECDSA-SHA3-224_signed-by_ED448,ECDSA-SHA3-224_signed-by_ED448,5.574,5001.62,2247.5,0,0,0,106.8,24,2376.55,2351.21,1244,1241
1,4,58,ECDSA-SHA3-224_signed-by_ED448,ECDSA-SHA3-224_signed-by_ED448,5.58,4996.24,2245.08,0,0,0,106.8,24,2391.32,2347.99,1244,1241
1,4,59,ECDSA-SHA3-224_signed-by_ED448,ECDSA-SHA3-224_signed-by_ED448,5.584,4992.67,2243.48,0,0,0,106.8,24,2387.47,2361.27,1244,1241
1,4,60,ECDSA-SHA3-224_signed-by_ED448,ECDSA-SHA3-224_signed-by_ED448,5.611,4968.64,2232.68,0,0,0,106.8,24,2391.49,2346.35,1244,1241
1,4,61,ECDSA-SHA3-224_signed-by_ED448,ECDSA-SHA3-224_signed-by_ED448,5.607,4972.19,2234.27,0,0,0,106.8,24,2364.49,2356.62,1244,1241
1,4,62,ECDSA-SHA3-224_signed-by_ED448,ECDSA-SHA3-224_signed-by_ED448,5.538,5034.13,2262.11,0,0,0,106.8,24,2403.27,2354.39,1244,1241
1,4,63,ECDSA-SHA3-224_signed-by_ED448,ECDSA-SHA3-224_signed-by_ED448,5.568,5007.01,2249.92,0,0,0,106.8,24,2399.9,2364.95,1244,1241
1,4,64,ECDSA-SHA3-224_signed-by_ED448,ECDSA-SHA3-224_signed-by_ED448,5.51,5059.71,2273.6,0,0,0,106.8,24,2382.62,2364.24,1244,1241
1,4,65,ECDSA-SHA3-224_signed-by_ED448,ECDSA-SHA3-224_signed-by_ED448,5.606,4973.07,2234.67,0,0,0,106.8,24,2389.05,2349.58,1244,1241
1,4,66,ECDSA-SHA3-224_signed-by_ED448,ECDSA-SHA3-224_signed-by_ED448,5.674,4913.47,2207.89,0,0,0,106.8,24,2370.32,2343.87,1244,1241
1,4,67,ECDSA-SHA3-224_signed-by_ED448,ECDSA-SHA3-224_signed-by_ED448,5.53,5041.42,2265.38,0,0,0,106.8,24,2376.66,2354.31,1244,1241
1,4,68,ECDSA-SHA3-224_signed-by_ED448,ECDSA-SHA3-224_signed-by_ED448,5.503,5066.15,2276.5,0,0,0,106.8,24,2377.02,2354.66,1244,1241
1,4,69,ECDSA-SHA3-224_signed-by_ED448,ECDSA-SHA3-224_signed-by_ED448,5.682,4906.56,2204.78,0,0,0,106.8,24,2383.76,2355.63,1244,1241
1,4,70,ECDSA-SHA3-224_signed-by_ED448,ECDSA-SHA3-224_signed-by_ED448,5.618,4962.45,2229.9,0,0,0,106.8,24,2380.86,2362.2,1244,1241
1,4,71,ECDSA-SHA3-224_signed-by_ED448,ECDSA-SHA3-224_signed-by_ED448,5.612,4967.76,2232.28,0,0,0,106.8,24,2397.33,2360.11,1244,1241
1,4,72,ECDSA-SHA3-224_signed-by_ED448,ECDSA-SHA3-224_signed-by_ED448,5.719,4874.81,2190.52,0,0,0,106.8,24,2392.48,2389.28,1244,1241
1,4,73,ECDSA-SHA3-224_signed-by_ED448,ECDSA-SHA3-224_signed-by_ED448,7.157,3895.36,1750.4,0,0,0,106.8,24,2384.91,2354.95,1244,1241
1,4,74,ECDSA-SHA3-224_signed-by_ED448,ECDSA-SHA3-224_signed-by_ED448,5.891,4732.49,2126.56,0,0,0,106.8,24,2397.04,2648.64,1244,1241
1,4,75,ECDSA-SHA3-224_signed-by_ED448,ECDSA-SHA3-224_signed-by_ED448,5.534,5037.77,2263.75,0,0,0,106.8,24,2385.11,2353.1,1244,1241
1,4,76,ECDSA-SHA3-224_signed-by_ED448,ECDSA-SHA3-224_signed-by_ED448,5.701,4890.21,2197.44,0,0,0,106.8,24,2398.84,2414.37,1244,1241
1,4,77,ECDSA-SHA3-224_signed-by_ED448,ECDSA-SHA3-224_signed-by_ED448,5.571,5004.32,2248.71,0,0,0,106.8,24,2401.98,2360.46,1244,1241
1,4,78,ECDSA-SHA3-224_signed-by_ED448,ECDSA-SHA3-224_signed-by_ED448,5.638,4944.85,2221.99,0,0,0,106.8,24,2383.84,2348.5,1244,1241
1,4,79,ECDSA-SHA3-224_signed-by_ED448,ECDSA-SHA3-224_signed-by_ED448,5.729,4866.31,2186.7,0,0,0,106.8,24,2380.3,2355.11,1244,1241
1,4,80,ECDSA-SHA3-224_signed-by_ED448,ECDSA-SHA3-224_signed-by_ED448,5.575,5000.72,2247.1,0,0,0,106.8,24,2368.98,2367.04,1244,1241
1,4,81,ECDSA-SHA3-224_signed-by_ED448,ECDSA-SHA3-224_signed-by_ED448,5.606,4973.07,2234.67,0,0,0,106.8,24,2389.53,2353.72,1244,1241
1,4,82,ECDSA-SHA3-224_signed-by_ED448,ECDSA-SHA3-224_signed-by_ED448,5.536,5035.95,2262.93,0,0,0,106.8,24,2385.05,2353.14,1244,1241
1,4,83,ECDSA-SHA3-224_signed-by_ED448,ECDSA-SHA3-224_signed-by_ED448,5.591,4986.41,2240.67,0,0,0,106.8,24,2389.93,2358.96,1244,1241
1,4,84,ECDSA-SHA3-224_signed-by_ED448,ECDSA-SHA3-224_signed-by_ED448,5.714,4879.08,2192.44,0,0,0,106.8,24,2389.84,2368.82,1244,1241
1,4,85,ECDSA-SHA3-224_signed-by_ED448,ECDSA-SHA3-224_signed-by_ED448,5.571,5004.32,2248.71,0,0,0,106.8,24,2394.16,2361.94,1244,1241
1,4,86,ECDSA-SHA3-224_signed-by_ED448,ECDSA-SHA3-224_signed-by_ED448,5.708,4884.21,2194.74,0,0,0,106.8,24,2375.91,2351.14,1244,1241
1,4,87,ECDSA-SHA3-224_signed-by_ED448,ECDSA-SHA3-224_signed-by_ED448,5.518,5052.38,2270.31,0,0,0,106.8,24,2370.55,2350.44,1244,1241
1,4,88,ECDSA-SHA3-224_signed-by_ED448,ECDSA-SHA3-224_signed-by_ED448,5.512,5057.88,2272.78,0,0,0,106.8,24,2375.66,2348.91,1244,1241
1,4,89,ECDSA-SHA3-224_signed-by_ED448,ECDSA-SHA3-224_signed-by_ED448,5.576,4999.83,2246.69,0,0,0,106.8,24,2563.05,2351.04,1244,1241
1,4,90,ECDSA-SHA3-224_signed-by_ED448,ECDSA-SHA3-224_signed-by_ED448,5.589,4988.2,2241.47,0,0,0,106.8,24,2392.55,2364.6,1244,1241
1,4,91,ECDSA-SHA3-224_signed-by_ED448,ECDSA-SHA3-224_signed-by_ED448,7.064,3946.67,1773.45,0,0,0,106.8,24,2390.96,2357.39,1244,1241
1,4,92,ECDSA-SHA3-224_signed-by_ED448,ECDSA-SHA3-224_signed-by_ED448,5.688,4901.38,2202.46,0,0,0,106.8,24,2398.65,2349.97,1244,1241
1,4,93,ECDSA-SHA3-224_signed-by_ED448,ECDSA-SHA3-224_signed-by_ED448,5.534,5037.77,2263.75,0,0,0,106.8,24,2380.86,2344.64,1244,1241
1,4,94,ECDSA-SHA3-224_signed-by_ED448,ECDSA-SHA3-224_signed-by_ED448,5.6,4978.4,2237.07,0,0,0,106.8,24,2366.12,2351.76,1244,1241
1,4,95,ECDSA-SHA3-224_signed-by_ED448,ECDSA-SHA3-224_signed-by_ED448,5.602,4976.62,2236.27,0,0,0,106.8,24,2405.74,2358.77,1244,1241
1,4,96,ECDSA-SHA3-224_signed-by_ED448,ECDSA-SHA3-224_signed-by_ED448,5.556,5017.83,2254.78,0,0,0,106.8,24,2384.83,2354.76,1244,1241
1,4,97,ECDSA-SHA3-224_signed-by_ED448,ECDSA-SHA3-224_signed-by_ED448,5.551,5022.34,2256.81,0,0,0,106.8,24,2403.77,2358.22,1244,1241
1,4,98,ECDSA-SHA3-224_signed-by_ED448,ECDSA-SHA3-224_signed-by_ED448,5.6,4978.4,2237.07,0,0,0,106.8,24,2407.85,2362.72,1244,1241
1,4,99,ECDSA-SHA3-224_signed-by_ED448,ECDSA-SHA3-224_signed-by_ED448,5.613,4966.87,2231.89,0,0,0,106.8,24,2351.42,2353.25,1244,1241
