scenario,node_id,handshake_index,sta_cert_algo,ap_cert_algo,handshake_delay_ms,goodput_kbps,throughput_kbps,phy_frame_drop_rate,mac_retries,mac_retry_rate,tx_delay_us,prop_delay_ns,cert_verify_ap_us,cert_verify_sta_us,server_cert_msg_bytes,client_cert_msg_bytes
1,8,0,ED25519_signed-by_RSA-SHA3-384,ED25519_signed-by_RSA-SHA3-384,26.77,1298.46,560.626,0.666667,10,0.555556,213.778,14,314.837,400.948,1674,1671
1,3,0,ED25519_signed-by_RSA-SHA3-384,ED25519_signed-by_RSA-SHA3-384,40.95,848.829,366.491,1,10,0.555556,206.667,24,307.302,296.354,1674,1671
1,6,0,ED25519_signed-by_RSA-SHA3-384,ED25519_signed-by_RSA-SHA3-384,52.728,659.22,131.692,1,0,0,186.333,8,303.819,315.949,1674,1671
1,7,0,ED25519_signed-by_RSA-SHA3-384,ED25519_signed-by_RSA-SHA3-384,62.052,560.173,151.485,1,1,0.0625,176.625,16,323.093,314.531,1674,1671
1,5,0,ED25519_signed-by_RSA-SHA3-384,ED25519_signed-by_RSA-SHA3-384,66.435,523.216,129.329,1,4,0.25,227.25,15,305.255,291.914,1674,1671
1,2,0,ED25519_signed-by_RSA-SHA3-384,ED25519_signed-by_RSA-SHA3-384,72.244,481.144,103.427,1,1,0.0769231,187.231,24,296.225,298.878,1674,1671
1,8,1,ED25519_signed-by_RSA-SHA3-384,ED25519_signed-by_RSA-SHA3-384,48.344,719.005,702.622,1,41,1.57692,843.077,14,284.211,276.252,1674,1671
1,1,0,ED25519_signed-by_RSA-SHA3-384,ED25519_signed-by_RSA-SHA3-384,78.634,442.043,156.063,1,6,0.285714,176.476,24,300.896,300.122,1674,1671
1,3,1,ED25519_signed-by_RSA-SHA3-384,ED25519_signed-by_RSA-SHA3-384,40.969,848.434,515.113,1,17,1.0625,246.25,24,293.442,265.207,1674,1671
1,6,1,ED25519_signed-by_RSA-SHA3-384,ED25519_signed-by_RSA-SHA3-384,29.745,1168.59,518,1,0,0,660.571,8,278.293,294.682,1674,1671
1,5,1,ED25519_signed-by_RSA-SHA3-384,ED25519_signed-by_RSA-SHA3-384,19.229,1807.68,675.643,1,0,0,1601.6,15,288.81,262.601,1674,1671
1,7,1,ED25519_signed-by_RSA-SHA3-384,ED25519_signed-by_RSA-SHA3-384,29.186,1190.97,397.446,1,0,0,126.8,16,287.504,266.032,1674,1671
1,2,1,ED25519_signed-by_RSA-SHA3-384,ED25519_signed-by_RSA-SHA3-384,19.573,1775.9,1078.21,1,17,1.0625,379.5,24,294.459,266.949,1674,1671
1,1,1,ED25519_signed-by_RSA-SHA3-384,ED25519_signed-by_RSA-SHA3-384,16.697,2081.8,1134.57,1,11,0.846154,160.769,24,275.25,264.094,1674,1671
1,8,2,ED25519_signed-by_RSA-SHA3-384,ED25519_signed-by_RSA-SHA3-384,21.014,1654.11,844.378,1,7,0.5,197.143,14,285.999,267.607,1674,1671
1,3,2,ED25519_signed-by_RSA-SHA3-384,ED25519_signed-by_RSA-SHA3-384,16.19,2147,802.47,1,0,0,216,24,291.248,261.906,1674,1671
1,6,2,ED25519_signed-by_RSA-SHA3-384,ED25519_signed-by_RSA-SHA3-384,16.686,2083.18,664.507,1,0,0,136,8,284.554,274.239,1674,1671
1,2,2,ED25519_signed-by_RSA-SHA3-384,ED25519_signed-by_RSA-SHA3-384,9.963,3488.6,2118.05,0.875,17,1.0625,379.5,24,295.902,290.501,1674,1671
1,5,2,ED25519_signed-by_RSA-SHA3-384,ED25519_signed-by_RSA-SHA3-384,18.217,1908.07,1548.42,0.916667,31,1.29167,569,15,280.4,263.086,1674,1671
1,8,3,ED25519_signed-by_RSA-SHA3-384,ED25519_signed-by_RSA-SHA3-384,8.877,3915.34,1463.41,0.6,0,0,234.4,14,283.529,268.896,1674,1671
1,7,2,ED25519_signed-by_RSA-SHA3-384,ED25519_signed-by_RSA-SHA3-384,15.827,2196.19,1121.1,1,7,0.5,197.143,16,289.297,263.091,1674,1671
1,1,2,ED25519_signed-by_RSA-SHA3-384,ED25519_signed-by_RSA-SHA3-384,12.505,2779.66,1038.93,0.6,0,0,137.6,24,285.074,266.803,1674,1671
1,3,3,ED25519_signed-by_RSA-SHA3-384,ED25519_signed-by_RSA-SHA3-384,12.089,2875.32,1274.54,0.357143,0,0,173.714,24,290.913,266.31,1674,1671
1,6,3,ED25519_signed-by_RSA-SHA3-384,ED25519_signed-by_RSA-SHA3-384,13.112,2650.96,990.831,0.5,0,0,216,8,289.624,257.557,1674,1671
1,2,3,ED25519_signed-by_RSA-SHA3-384,ED25519_signed-by_RSA-SHA3-384,12.415,2799.82,1046.47,1,0,0,330.4,24,308.126,271.55,1674,1671
1,5,3,ED25519_signed-by_RSA-SHA3-384,ED25519_signed-by_RSA-SHA3-384,14.772,2353.06,879.488,1,0,0,256.8,15,272.69,265.53,1674,1671
1,8,4,ED25519_signed-by_RSA-SHA3-384,ED25519_signed-by_RSA-SHA3-384,14.168,2453.39,916.987,1,0,0,234.4,14,287.306,274.447,1674,1671
1,7,3,ED25519_signed-by_RSA-SHA3-384,ED25519_signed-by_RSA-SHA3-384,12.702,2736.56,1042.98,1,0,0,216.545,16,282.476,266.601,1674,1671
1,3,4,ED25519_signed-by_RSA-SHA3-384,ED25519_signed-by_RSA-SHA3-384,10.183,3413.25,1063.64,1,0,0,150,24,288.798,261.246,1674,1671
1,1,3,ED25519_signed-by_RSA-SHA3-384,ED25519_signed-by_RSA-SHA3-384,16.321,2129.73,1044.03,1,11,1,171.091,24,291.288,274.764,1674,1671
1,6,4,ED25519_signed-by_RSA-SHA3-384,ED25519_signed-by_RSA-SHA3-384,16.434,2115.11,1909.2,0.96,34,1.36,243.6,8,271.963,267.612,1674,1671
1,2,4,ED25519_signed-by_RSA-SHA3-384,ED25519_signed-by_RSA-SHA3-384,15.312,2269.97,1378.18,1,17,1.0625,379.5,24,308.062,279.275,1674,1671
1,5,4,ED25519_signed-by_RSA-SHA3-384,ED25519_signed-by_RSA-SHA3-384,11.392,3051.09,1140.38,0,0,0,472.4,15,289.465,266.606,1674,1671
1,8,5,ED25519_signed-by_RSA-SHA3-384,ED25519_signed-by_RSA-SHA3-384,13.884,2503.46,935.7,0,0,0,234.4,14,287.358,273.617,1674,1671
1,7,4,ED25519_signed-by_RSA-SHA3-384,ED25519_signed-by_RSA-SHA3-384,13.857,2508.34,1093.39,0,0,0,199.231,16,299.158,263.887,1674,1671
1,3,5,ED25519_signed-by_RSA-SHA3-384,ED25519_signed-by_RSA-SHA3-384,15.878,2189.06,970.342,0.357143,0,0,173.714,24,286.874,268.689,1674,1671
1,1,4,ED25519_signed-by_RSA-SHA3-384,ED25519_signed-by_RSA-SHA3-384,14.387,2415.92,1053.11,0.384615,0,0,199.231,24,281.571,266.459,1674,1671
1,6,5,ED25519_signed-by_RSA-SHA3-384,ED25519_signed-by_RSA-SHA3-384,12.665,2744.36,855.205,0.714286,0,0,150,8,286.898,266.63,1674,1671
1,2,5,ED25519_signed-by_RSA-SHA3-384,ED25519_signed-by_RSA-SHA3-384,12.377,2808.21,1049.61,0.5,0,0,330.4,24,282.719,269.352,1674,1671
1,5,5,ED25519_signed-by_RSA-SHA3-384,ED25519_signed-by_RSA-SHA3-384,12.449,2791.97,1217.03,0.384615,0,0,394.308,15,283.029,267.278,1674,1671
1,7,5,ED25519_signed-by_RSA-SHA3-384,ED25519_signed-by_RSA-SHA3-384,14.463,2403.35,1160.46,1,11,1.1,184.4,16,272.55,261.62,1674,1671
1,8,6,ED25519_signed-by_RSA-SHA3-384,ED25519_signed-by_RSA-SHA3-384,15.594,2229.03,833.128,1,0,0,234.4,14,283.102,265.5,1674,1671
1,3,6,ED25519_signed-by_RSA-SHA3-384,ED25519_signed-by_RSA-SHA3-384,14.033,2477,925.81,1,0,0,128.4,24,291.295,257.395,1674,1671
1,1,5,ED25519_signed-by_RSA-SHA3-384,ED25519_signed-by_RSA-SHA3-384,14.569,2385.87,909.322,1,0,0,128.545,24,293.582,270.699,1674,1671
1,5,6,ED25519_signed-by_RSA-SHA3-384,ED25519_signed-by_RSA-SHA3-384,12.828,2709.51,1012.72,1,0,0,256.8,15,279.965,268.891,1674,1671
1,6,6,ED25519_signed-by_RSA-SHA3-384,ED25519_signed-by_RSA-SHA3-384,15.004,2316.71,1406.56,1,17,1.0625,245.5,8,275.466,269.952,1674,1671
1,2,6,ED25519_signed-by_RSA-SHA3-384,ED25519_signed-by_RSA-SHA3-384,16.502,2106.4,1901.33,0.64,34,1.36,466.16,24,293.575,267.966,1674,1671
1,7,6,ED25519_signed-by_RSA-SHA3-384,ED25519_signed-by_RSA-SHA3-384,11.287,3079.44,1150.98,0,0,0,232,16,278.402,283.651,1674,1671
1,8,7,ED25519_signed-by_RSA-SHA3-384,ED25519_signed-by_RSA-SHA3-384,11.242,3091.77,1155.59,0,0,0,234.4,14,292.409,260.494,1674,1671
1,3,7,ED25519_signed-by_RSA-SHA3-384,ED25519_signed-by_RSA-SHA3-384,14.946,2325.7,869.261,1,0,0,128.4,24,287.173,261.763,1674,1671
1,5,7,ED25519_signed-by_RSA-SHA3-384,ED25519_signed-by_RSA-SHA3-384,12.616,2755.03,858.529,1,0,0,309.429,15,284.389,268.917,1674,1671
1,6,7,ED25519_signed-by_RSA-SHA3-384,ED25519_signed-by_RSA-SHA3-384,13.951,2491.57,1104.43,1,1,0.0714286,173.714,8,303.285,269.55,1674,1671
1,1,6,ED25519_signed-by_RSA-SHA3-384,ED25519_signed-by_RSA-SHA3-384,19.62,1771.62,813.846,1,9,0.692308,189.385,24,282.884,263.372,1674,1671
1,8,8,ED25519_signed-by_RSA-SHA3-384,ED25519_signed-by_RSA-SHA3-384,13.344,2604.72,992.732,1,0,0,214.364,14,291.833,262.501,1674,1671
1,7,7,ED25519_signed-by_RSA-SHA3-384,ED25519_signed-by_RSA-SHA3-384,16.278,2135.38,1222.74,1,7,0.411765,176.118,16,290.739,259.124,1674,1671
1,2,7,ED25519_signed-by_RSA-SHA3-384,ED25519_signed-by_RSA-SHA3-384,18.559,1872.91,1369.01,1,22,1.22222,269.111,24,291.966,297.572,1674,1671
1,3,8,ED25519_signed-by_RSA-SHA3-384,ED25519_signed-by_RSA-SHA3-384,13.988,2484.98,774.376,1,0,0,150,24,301.834,265.424,1674,1671
1,8,9,ED25519_signed-by_RSA-SHA3-384,ED25519_signed-by_RSA-SHA3-384,10.777,3225.39,1846.9,1,7,0.411765,163.882,14,282.634,260.207,1674,1671
1,6,8,ED25519_signed-by_RSA-SHA3-384,ED25519_signed-by_RSA-SHA3-384,15.676,2217.35,1056.37,1,7,0.538462,140.462,8,282.127,281.512,1674,1671
1,7,8,ED25519_signed-by_RSA-SHA3-384,ED25519_signed-by_RSA-SHA3-384,11.479,3028.11,1484.43,1,11,1,158.727,16,281.192,268.153,1674,1671
1,2,8,ED25519_signed-by_RSA-SHA3-384,ED25519_signed-by_RSA-SHA3-384,11.759,2956,1427.32,1,11,1.1,273.6,24,269.67,262.527,1674,1671
1,1,7,ED25519_signed-by_RSA-SHA3-384,ED25519_signed-by_RSA-SHA3-384,16.8,2068.99,1339.01,1,14,0.777778,409.111,24,278.614,269.675,1674,1671
1,3,9,ED25519_signed-by_RSA-SHA3-384,ED25519_signed-by_RSA-SHA3-384,13.073,2658.86,1779.51,1,21,1.10526,219.053,24,298.72,269.218,1674,1671
1,6,9,ED25519_signed-by_RSA-SHA3-384,ED25519_signed-by_RSA-SHA3-384,8.308,4183.53,1563.65,0.4,0,0,216,8,291.403,265.579,1674,1671
1,7,9,ED25519_signed-by_RSA-SHA3-384,ED25519_signed-by_RSA-SHA3-384,8.88,3914.04,1475.53,0.363636,0,0,199.455,16,284.447,258.638,1674,1671
1,2,9,ED25519_signed-by_RSA-SHA3-384,ED25519_signed-by_RSA-SHA3-384,9.086,3825.28,1667.45,0.307692,0,0,277.692,24,277.945,257.024,1674,1671
1,1,8,ED25519_signed-by_RSA-SHA3-384,ED25519_signed-by_RSA-SHA3-384,9.097,3820.67,1665.44,0.538462,4,0.307692,199.231,24,284.426,273.952,1674,1671
1,5,8,ED25519_signed-by_RSA-SHA3-384,ED25519_signed-by_RSA-SHA3-384,31.318,1109.88,824.043,1,26,0.962963,268.667,15,287.951,262.95,1674,1671
1,3,10,ED25519_signed-by_RSA-SHA3-384,ED25519_signed-by_RSA-SHA3-384,11.667,2979.33,1151.96,0.5,3,0.25,186.333,24,290.555,277.052,1674,1671
1,6,10,ED25519_signed-by_RSA-SHA3-384,ED25519_signed-by_RSA-SHA3-384,13.519,2571.15,979.938,1,0,0,199.818,8,291.281,270.02,1674,1671
1,8,10,ED25519_signed-by_RSA-SHA3-384,ED25519_signed-by_RSA-SHA3-384,25.038,1388.28,966.202,1,20,1,125,14,311.413,260.736,1674,1671
1,7,10,ED25519_signed-by_RSA-SHA3-384,ED25519_signed-by_RSA-SHA3-384,14.008,2481.4,1081.65,1,0,0,184.154,16,295.747,270.215,1674,1671
1,2,10,ED25519_signed-by_RSA-SHA3-384,ED25519_signed-by_RSA-SHA3-384,13.697,2537.75,790.821,1,0,0,220.857,24,277.179,254.964,1674,1671
1,1,9,ED25519_signed-by_RSA-SHA3-384,ED25519_signed-by_RSA-SHA3-384,14.235,2441.83,962.12,1,3,0.230769,189.077,24,291.277,267.684,1674,1671
1,5,9,ED25519_signed-by_RSA-SHA3-384,ED25519_signed-by_RSA-SHA3-384,18.02,1928.9,1378.86,1,15,0.681818,300.545,15,300.189,271.764,1674,1671
1,3,11,ED25519_signed-by_RSA-SHA3-384,ED25519_signed-by_RSA-SHA3-384,15.327,2267.83,1608.62,1,14,0.666667,175.333,24,289.59,257.87,1674,1671
1,6,11,ED25519_signed-by_RSA-SHA3-384,ED25519_signed-by_RSA-SHA3-384,14.095,2466.09,939.895,1,0,0,199.818,8,309.167,273.267,1674,1671
1,7,11,ED25519_signed-by_RSA-SHA3-384,ED25519_signed-by_RSA-SHA3-384,12.83,2709.24,1313.16,1,2,0.2,135.6,16,285.567,273.735,1674,1671
1,2,11,ED25519_signed-by_RSA-SHA3-384,ED25519_signed-by_RSA-SHA3-384,17.616,1973.16,874.639,1,0,0,260.571,24,295.624,266.919,1674,1671
1,8,11,ED25519_signed-by_RSA-SHA3-384,ED25519_signed-by_RSA-SHA3-384,21.624,1607.42,822.761,1,12,1,150,14,290.311,258.891,1674,1671
1,5,10,ED25519_signed-by_RSA-SHA3-384,ED25519_signed-by_RSA-SHA3-384,16.274,2135.9,957.591,1,7,0.636364,262,15,291.868,268.137,1674,1671
1,6,12,ED25519_signed-by_RSA-SHA3-384,ED25519_signed-by_RSA-SHA3-384,14.383,2416.72,1656.39,1,18,0.818182,194.182,8,288.961,271.682,1674,1671
1,7,12,ED25519_signed-by_RSA-SHA3-384,ED25519_signed-by_RSA-SHA3-384,14.668,2369.78,1586.03,0.842105,17,0.894737,219.053,16,285.171,258.073,1674,1671
1,3,12,ED25519_signed-by_RSA-SHA3-384,ED25519_signed-by_RSA-SHA3-384,19.03,1826.55,1232.55,1,24,1.2,260,24,275.36,265.221,1674,1671
1,2,12,ED25519_signed-by_RSA-SHA3-384,ED25519_signed-by_RSA-SHA3-384,10.934,3178.83,1188.13,0.4,0,0,185.2,24,272.831,270.618,1674,1671
1,1,10,ED25519_signed-by_RSA-SHA3-384,ED25519_signed-by_RSA-SHA3-384,27.922,1244.89,946.63,1,27,1.17391,354,24,277.962,265.041,1674,1671
1,8,12,ED25519_signed-by_RSA-SHA3-384,ED25519_signed-by_RSA-SHA3-384,10.618,3273.44,1223.49,0.1,0,0,216,14,283.978,259.699,1674,1671
1,5,11,ED25519_signed-by_RSA-SHA3-384,ED25519_signed-by_RSA-SHA3-384,11.671,2978.32,1113.18,0.3,0,0,256.8,15,308.278,265.049,1674,1671
1,6,13,ED25519_signed-by_RSA-SHA3-384,ED25519_signed-by_RSA-SHA3-384,11.465,3031.83,1133.19,0.9,4,0.4,137.6,8,295.41,271.131,1674,1671
1,7,13,ED25519_signed-by_RSA-SHA3-384,ED25519_signed-by_RSA-SHA3-384,10.81,3215.25,1201.74,0.9,0,0,128.4,16,290.87,263.629,1674,1671
1,3,13,ED25519_signed-by_RSA-SHA3-384,ED25519_signed-by_RSA-SHA3-384,10.782,3223.59,1004.54,1,0,0,150,24,290.88,266.164,1674,1671
1,2,13,ED25519_signed-by_RSA-SHA3-384,ED25519_signed-by_RSA-SHA3-384,13.932,2494.92,777.474,1,0,0,220.857,24,303.07,265.62,1674,1671
1,5,12,ED25519_signed-by_RSA-SHA3-384,ED25519_signed-by_RSA-SHA3-384,11.291,3078.55,1364.62,1,0,0,368.857,15,279.142,276.438,1674,1671
1,6,14,ED25519_signed-by_RSA-SHA3-384,ED25519_signed-by_RSA-SHA3-384,9.748,3565.56,2164.77,1,10,0.625,260.75,8,281.171,272.131,1674,1671
1,8,13,ED25519_signed-by_RSA-SHA3-384,ED25519_signed-by_RSA-SHA3-384,18.135,1916.67,1251.02,1,15,0.789474,158.211,15,280.031,261.355,1674,1671
1,7,14,ED25519_signed-by_RSA-SHA3-384,ED25519_signed-by_RSA-SHA3-384,11.795,2946.76,1605.97,1,11,0.846154,149.385,16,285.291,274.797,1674,1671
1,5,13,ED25519_signed-by_RSA-SHA3-384,ED25519_signed-by_RSA-SHA3-384,7.351,4728.26,1508.25,1,0,0,275.5,15,288.669,270.805,1674,1671
1,6,15,ED25519_signed-by_RSA-SHA3-384,ED25519_signed-by_RSA-SHA3-384,8.146,4266.82,1594.78,1,0,0,234.4,8,319.955,260.178,1674,1671
1,7,15,ED25519_signed-by_RSA-SHA3-384,ED25519_signed-by_RSA-SHA3-384,6.536,5317.88,1987.63,1,0,0,128.4,16,309.358,262.477,1674,1671
1,5,14,ED25519_signed-by_RSA-SHA3-384,ED25519_signed-by_RSA-SHA3-384,9.257,3754.63,1636.65,1,0,0,394.308,15,286.894,266.698,1674,1671
1,2,14,ED25519_signed-by_RSA-SHA3-384,ED25519_signed-by_RSA-SHA3-384,19.732,1761.54,1268.96,1,16,0.695652,222.522,24,288.721,271.707,1674,1671
1,1,11,ED25519_signed-by_RSA-SHA3-384,ED25519_signed-by_RSA-SHA3-384,34.52,1006.95,1219,1,45,1.21622,174.108,24,280.818,258.521,1674,1671
1,8,14,ED25519_signed-by_RSA-SHA3-384,ED25519_signed-by_RSA-SHA3-384,16.603,2093.53,1698.92,1,25,1.04167,191.333,15,314.179,267.323,1674,1671
1,6,16,ED25519_signed-by_RSA-SHA3-384,ED25519_signed-by_RSA-SHA3-384,13.166,2640.09,1189.71,1,0,0,177.733,8,290.385,269.603,1674,1671
1,7,16,ED25519_signed-by_RSA-SHA3-384,ED25519_signed-by_RSA-SHA3-384,12.908,2692.86,839.157,1,0,0,150,16,287.391,269.701,1674,1671
1,3,14,ED25519_signed-by_RSA-SHA3-384,ED25519_signed-by_RSA-SHA3-384,34.11,1019.03,1406.71,1,70,1.79487,253.897,24,289.437,265.308,1674,1671
1,2,15,ED25519_signed-by_RSA-SHA3-384,ED25519_signed-by_RSA-SHA3-384,11.928,2913.95,908.053,1,0,0,220.857,24,286.318,266.89,1674,1671
1,1,12,ED25519_signed-by_RSA-SHA3-384,ED25519_signed-by_RSA-SHA3-384,12.841,2706.77,1011.69,0.8,0,0,234.4,24,277.019,267.153,1674,1671
1,8,15,ED25519_signed-by_RSA-SHA3-384,ED25519_signed-by_RSA-SHA3-384,12.639,2750.03,856.972,0,0,0,150,15,274.738,265.53,1674,1671
1,6,17,ED25519_signed-by_RSA-SHA3-384,ED25519_signed-by_RSA-SHA3-384,10.583,3284.28,1023.46,0,0,0,161.429,8,268.246,294.864,1674,1671
1,5,15,ED25519_signed-by_RSA-SHA3-384,ED25519_signed-by_RSA-SHA3-384,17.258,2014.11,1233.96,0.470588,24,1.41176,737.529,15,287.972,267.428,1674,1671
1,7,17,ED25519_signed-by_RSA-SHA3-384,ED25519_signed-by_RSA-SHA3-384,13.719,2533.71,947.008,0.8,0,0,216,16,291.156,266.471,1674,1671
1,3,15,ED25519_signed-by_RSA-SHA3-384,ED25519_signed-by_RSA-SHA3-384,10.623,3271.88,1019.59,1,0,0,150,24,281.432,261.44,1674,1671
1,2,16,ED25519_signed-by_RSA-SHA3-384,ED25519_signed-by_RSA-SHA3-384,12.589,2761.13,1052.34,0.727273,0,0,303.818,24,273.597,268.458,1674,1671
1,6,18,ED25519_signed-by_RSA-SHA3-384,ED25519_signed-by_RSA-SHA3-384,10.128,3431.79,1282.68,1,0,0,232,8,284.57,279.459,1674,1671
1,1,13,ED25519_signed-by_RSA-SHA3-384,ED25519_signed-by_RSA-SHA3-384,11.954,2907.58,1086.75,1,0,0,234.4,24,291.716,273.66,1674,1671
1,5,16,ED25519_signed-by_RSA-SHA3-384,ED25519_signed-by_RSA-SHA3-384,11.733,2962.58,1129.12,1,0,0,432.909,15,283.246,267.32,1674,1671
1,8,16,ED25519_signed-by_RSA-SHA3-384,ED25519_signed-by_RSA-SHA3-384,15.334,2266.82,1376.27,1,17,1.0625,245.5,15,282.974,258.94,1674,1671
1,7,18,ED25519_signed-by_RSA-SHA3-384,ED25519_signed-by_RSA-SHA3-384,13.063,2660.94,1014.16,1,0,0,199.818,16,286.534,258.191,1674,1671
1,3,16,ED25519_signed-by_RSA-SHA3-384,ED25519_signed-by_RSA-SHA3-384,14.07,2470.48,1288.4,1,9,0.5625,167.25,24,319.716,267.582,1674,1671
1,1,14,ED25519_signed-by_RSA-SHA3-384,ED25519_signed-by_RSA-SHA3-384,11.259,3087.06,1345.66,0.615385,0,0,199.231,24,286.212,276.723,1674,1671
1,2,17,ED25519_signed-by_RSA-SHA3-384,ED25519_signed-by_RSA-SHA3-384,13.874,2505.39,1676.8,1,17,0.894737,367.263,24,300.586,266.609,1674,1671
1,5,17,ED25519_signed-by_RSA-SHA3-384,ED25519_signed-by_RSA-SHA3-384,11.427,3041.69,1136.87,0.8,0,0,264.4,15,288.91,269.386,1674,1671
1,6,19,ED25519_signed-by_RSA-SHA3-384,ED25519_signed-by_RSA-SHA3-384,16.24,2140.36,1432.49,0.842105,17,0.894737,219.053,8,282.916,260.966,1674,1671
1,7,19,ED25519_signed-by_RSA-SHA3-384,ED25519_signed-by_RSA-SHA3-384,10.656,3261.77,1219.13,0,0,0,216,16,271.539,260.325,1674,1671
1,8,17,ED25519_signed-by_RSA-SHA3-384,ED25519_signed-by_RSA-SHA3-384,13.534,2568.16,1559.22,0.5,17,1.0625,245.5,15,296.24,272.871,1674,1671
1,3,17,ED25519_signed-by_RSA-SHA3-384,ED25519_signed-by_RSA-SHA3-384,13.376,2598.66,1132.77,0.230769,0,0,184.154,24,297.621,266.104,1674,1671
1,2,18,ED25519_signed-by_RSA-SHA3-384,ED25519_signed-by_RSA-SHA3-384,11.256,3087.87,984.99,0.375,0,0,198,24,284.203,267.023,1674,1671
1,1,15,ED25519_signed-by_RSA-SHA3-384,ED25519_signed-by_RSA-SHA3-384,13.619,2552.28,1302.87,0.214286,7,0.5,171.429,24,290.177,264.675,1674,1671
1,5,18,ED25519_signed-by_RSA-SHA3-384,ED25519_signed-by_RSA-SHA3-384,12.65,2747.81,1197.78,0.230769,0,0,394.308,15,292.489,264.55,1674,1671
1,6,20,ED25519_signed-by_RSA-SHA3-384,ED25519_signed-by_RSA-SHA3-384,12.528,2774.58,864.621,0.428571,0,0,150,8,300.424,261.285,1674,1671
1,7,20,ED25519_signed-by_RSA-SHA3-384,ED25519_signed-by_RSA-SHA3-384,11.869,2928.64,1094.62,0.3,0,0,216,16,300.77,277.571,1674,1671
1,8,18,ED25519_signed-by_RSA-SHA3-384,ED25519_signed-by_RSA-SHA3-384,14.602,2380.48,907.269,1,0,0,199.818,15,291.862,264.386,1674,1671
1,3,18,ED25519_signed-by_RSA-SHA3-384,ED25519_signed-by_RSA-SHA3-384,14.502,2396.9,746.929,1,0,0,150,24,289.317,261.72,1674,1671
1,2,19,ED25519_signed-by_RSA-SHA3-384,ED25519_signed-by_RSA-SHA3-384,14.361,2420.44,922.496,1,0,0,303.818,24,281.082,258.821,1674,1671
1,1,16,ED25519_signed-by_RSA-SHA3-384,ED25519_signed-by_RSA-SHA3-384,14.332,2425.34,755.791,1,0,0,161.429,24,295.876,267.849,1674,1671
1,5,19,ED25519_signed-by_RSA-SHA3-384,ED25519_signed-by_RSA-SHA3-384,13.902,2500.18,779.113,1,0,0,309.429,15,286.257,275.474,1674,1671
1,7,21,ED25519_signed-by_RSA-SHA3-384,ED25519_signed-by_RSA-SHA3-384,11.769,2953.3,1287.35,1,0,0,184.154,16,283.181,260.959,1674,1671
1,6,21,ED25519_signed-by_RSA-SHA3-384,ED25519_signed-by_RSA-SHA3-384,14.56,2387.34,1467.02,1,17,1,233.294,8,285.631,276.845,1674,1671
1,8,19,ED25519_signed-by_RSA-SHA3-384,ED25519_signed-by_RSA-SHA3-384,13.503,2574.19,1562.88,1,17,1.0625,248.5,15,311.476,258.088,1674,1671
1,3,19,ED25519_signed-by_RSA-SHA3-384,ED25519_signed-by_RSA-SHA3-384,11.192,3105.52,1353.71,1,0,0,185.077,24,286.187,272.593,1674,1671
1,2,20,ED25519_signed-by_RSA-SHA3-384,ED25519_signed-by_RSA-SHA3-384,11.863,2930.1,1277.24,1,0,0,277.692,24,290.338,263.71,1674,1671
1,5,20,ED25519_signed-by_RSA-SHA3-384,ED25519_signed-by_RSA-SHA3-384,11.912,2918.06,1771.65,1,17,1.0625,267,15,278.875,283.202,1674,1671
1,6,22,ED25519_signed-by_RSA-SHA3-384,ED25519_signed-by_RSA-SHA3-384,9.727,3573.25,1335.55,0.4,0,0,218.4,8,271.982,263.246,1674,1671
1,1,17,ED25519_signed-by_RSA-SHA3-384,ED25519_signed-by_RSA-SHA3-384,14.277,2434.65,1478.16,1,17,1.0625,267,24,289.548,261.885,1674,1671
1,8,20,ED25519_signed-by_RSA-SHA3-384,ED25519_signed-by_RSA-SHA3-384,9.8,3546.65,1363.15,1,0,0,220,15,284.658,276.198,1674,1671
1,2,21,ED25519_signed-by_RSA-SHA3-384,ED25519_signed-by_RSA-SHA3-384,9.937,3497.7,1785.48,1,11,0.785714,170.571,24,271.412,268.014,1674,1671
1,5,21,ED25519_signed-by_RSA-SHA3-384,ED25519_signed-by_RSA-SHA3-384,8.971,3874.32,1688.83,1,0,0,199.231,15,286.442,276.185,1674,1671
1,3,20,ED25519_signed-by_RSA-SHA3-384,ED25519_signed-by_RSA-SHA3-384,14.737,2358.63,1204.01,1,7,0.5,119.714,24,299.297,264.892,1674,1671
1,6,23,ED25519_signed-by_RSA-SHA3-384,ED25519_signed-by_RSA-SHA3-384,10.868,3198.36,1656.23,1,7,0.466667,186.533,8,275.675,257.487,1674,1671
1,8,21,ED25519_signed-by_RSA-SHA3-384,ED25519_signed-by_RSA-SHA3-384,9.185,3784.07,1442.21,1,0,0,236.909,15,272.44,263.954,1674,1671
1,1,18,ED25519_signed-by_RSA-SHA3-384,ED25519_signed-by_RSA-SHA3-384,12.231,2841.93,1725.43,1,17,1.0625,267,24,290.339,261.635,1674,1671
1,7,22,ED25519_signed-by_RSA-SHA3-384,ED25519_signed-by_RSA-SHA3-384,31.544,1101.92,779.589,1,20,0.952381,119.524,16,292.061,284.16,1674,1671
1,3,21,ED25519_signed-by_RSA-SHA3-384,ED25519_signed-by_RSA-SHA3-384,12.192,2851.04,909.447,1,0,0,136,24,282.472,265.128,1674,1671
1,2,22,ED25519_signed-by_RSA-SHA3-384,ED25519_signed-by_RSA-SHA3-384,16.131,2154.81,833.161,1,3,0.25,281.667,24,277.2,262.592,1674,1671
1,6,24,ED25519_signed-by_RSA-SHA3-384,ED25519_signed-by_RSA-SHA3-384,14.004,2482.09,1267.04,1,7,0.5,197.143,8,276.235,272.086,1674,1671
1,5,22,ED25519_signed-by_RSA-SHA3-384,ED25519_signed-by_RSA-SHA3-384,18.609,1867.85,1017.97,1,15,1.15385,160.769,15,285.289,263.145,1674,1671
1,8,22,ED25519_signed-by_RSA-SHA3-384,ED25519_signed-by_RSA-SHA3-384,16.256,2138.23,1687.94,1,22,0.956522,167.565,15,288.749,273.739,1674,1671
1,1,19,ED25519_signed-by_RSA-SHA3-384,ED25519_signed-by_RSA-SHA3-384,17.319,2006.98,1372.78,1,21,1,218.762,24,295.423,264.238,1674,1671
1,7,23,ED25519_signed-by_RSA-SHA3-384,ED25519_signed-by_RSA-SHA3-384,13.455,2583.4,805.045,1,0,0,150,16,288.882,270.783,1674,1671
1,3,22,ED25519_signed-by_RSA-SHA3-384,ED25519_signed-by_RSA-SHA3-384,13.464,2581.67,983.946,1,0,0,199.818,24,283.105,259.564,1674,1671
1,2,23,ED25519_signed-by_RSA-SHA3-384,ED25519_signed-by_RSA-SHA3-384,13.365,2600.79,1309.67,1,11,0.647059,232.588,24,291.501,270.613,1674,1671
1,6,25,ED25519_signed-by_RSA-SHA3-384,ED25519_signed-by_RSA-SHA3-384,12.274,2831.79,1234.38,1,0,0,199.231,8,290.539,266.293,1674,1671
1,8,23,ED25519_signed-by_RSA-SHA3-384,ED25519_signed-by_RSA-SHA3-384,13.463,2581.86,965.003,1,0,0,256.8,15,288.213,276.858,1674,1671
1,5,23,ED25519_signed-by_RSA-SHA3-384,ED25519_signed-by_RSA-SHA3-384,16.856,2062.11,2248.63,0.909091,42,1.27273,249.152,15,287.371,272.045,1674,1671
1,1,20,ED25519_signed-by_RSA-SHA3-384,ED25519_signed-by_RSA-SHA3-384,15.524,2239.05,898.713,1,3,0.214286,178.286,24,283.774,260.922,1674,1671
1,7,24,ED25519_signed-by_RSA-SHA3-384,ED25519_signed-by_RSA-SHA3-384,13.625,2551.14,953.523,1,0,0,216,16,289.284,268.015,1674,1671
1,6,26,ED25519_signed-by_RSA-SHA3-384,ED25519_signed-by_RSA-SHA3-384,11.494,3024.17,942.399,1,0,0,161.429,8,284.212,292.961,1674,1671
1,2,24,ED25519_signed-by_RSA-SHA3-384,ED25519_signed-by_RSA-SHA3-384,12.796,2716.45,1199.11,0.785714,3,0.214286,260.571,24,285.11,272.269,1674,1671
1,3,23,ED25519_signed-by_RSA-SHA3-384,ED25519_signed-by_RSA-SHA3-384,16.121,2156.14,1615.74,1,25,1.19048,209.81,24,290.241,265.359,1674,1671
1,8,24,ED25519_signed-by_RSA-SHA3-384,ED25519_signed-by_RSA-SHA3-384,13.614,2553.2,954.29,1,0,0,256.8,15,291.647,263.929,1674,1671
1,7,25,ED25519_signed-by_RSA-SHA3-384,ED25519_signed-by_RSA-SHA3-384,10.503,3309.53,1442.63,1,0,0,184.154,16,286.196,266.187,1674,1671
1,6,27,ED25519_signed-by_RSA-SHA3-384,ED25519_signed-by_RSA-SHA3-384,10.723,3241.6,1235.46,1,0,0,216.545,8,278.811,272.165,1674,1671
1,1,21,ED25519_signed-by_RSA-SHA3-384,ED25519_signed-by_RSA-SHA3-384,13.895,2501.56,1295.4,1,7,0.466667,186.533,24,284.389,263.95,1674,1671
1,5,24,ED25519_signed-by_RSA-SHA3-384,ED25519_signed-by_RSA-SHA3-384,17.812,1951.42,885.663,1,8,0.666667,132,15,289.472,262.346,1674,1671
1,2,25,ED25519_signed-by_RSA-SHA3-384,ED25519_signed-by_RSA-SHA3-384,15.506,2241.65,1082.39,1,11,1.1,255.6,24,288.776,271.361,1674,1671
1,3,24,ED25519_signed-by_RSA-SHA3-384,ED25519_signed-by_RSA-SHA3-384,14.381,2417.02,1467.46,1,17,1.0625,267,24,291.386,261.662,1674,1671
1,8,25,ED25519_signed-by_RSA-SHA3-384,ED25519_signed-by_RSA-SHA3-384,14.647,2373.15,1034.47,1,0,0,218.308,15,282.436,279.502,1674,1671
1,7,26,ED25519_signed-by_RSA-SHA3-384,ED25519_signed-by_RSA-SHA3-384,13.738,2530.2,825.736,1,0,0,125.111,16,290.401,271.988,1674,1671
1,6,28,ED25519_signed-by_RSA-SHA3-384,ED25519_signed-by_RSA-SHA3-384,14.218,2444.78,931.773,1,0,0,216.545,8,271.503,270.261,1674,1671
1,1,22,ED25519_signed-by_RSA-SHA3-384,ED25519_signed-by_RSA-SHA3-384,14.416,2411.19,901.215,1,0,0,234.4,24,292.247,277.531,1674,1671
1,3,25,ED25519_signed-by_RSA-SHA3-384,ED25519_signed-by_RSA-SHA3-384,11.644,2985,1301.17,0,0,0,199.231,24,285.919,270.306,1674,1671
1,5,25,ED25519_signed-by_RSA-SHA3-384,ED25519_signed-by_RSA-SHA3-384,16.436,2114.84,1920.64,0.961538,35,1.34615,329.385,15,296.133,257.155,1674,1671
1,2,26,ED25519_signed-by_RSA-SHA3-384,ED25519_signed-by_RSA-SHA3-384,14.199,2448.05,1486.29,0.5,17,1.0625,379.5,24,320.158,277.959,1674,1671
1,8,26,ED25519_signed-by_RSA-SHA3-384,ED25519_signed-by_RSA-SHA3-384,12.593,2760.08,860.103,0,0,0,175.143,15,280.419,272.08,1674,1671
1,7,27,ED25519_signed-by_RSA-SHA3-384,ED25519_signed-by_RSA-SHA3-384,12.518,2776.6,1037.79,0,0,0,216,16,296.687,268.502,1674,1671
1,6,29,ED25519_signed-by_RSA-SHA3-384,ED25519_signed-by_RSA-SHA3-384,13.89,2502.35,1090.78,0.615385,0,0,199.231,9,271.527,267.606,1674,1671
1,1,23,ED25519_signed-by_RSA-SHA3-384,ED25519_signed-by_RSA-SHA3-384,13.811,2516.67,940.637,0.8,0,0,234.4,24,285.399,267.878,1674,1671
1,3,26,ED25519_signed-by_RSA-SHA3-384,ED25519_signed-by_RSA-SHA3-384,12.092,2874.43,895.737,1,0,0,161.429,24,294.592,269.038,1674,1671
1,2,27,ED25519_signed-by_RSA-SHA3-384,ED25519_signed-by_RSA-SHA3-384,12.516,2777.04,1058.41,0.727273,0,0,227.455,24,291.242,267.387,1674,1671
1,5,26,ED25519_signed-by_RSA-SHA3-384,ED25519_signed-by_RSA-SHA3-384,13.837,2512.1,782.828,1,0,0,161.429,15,294.521,263.541,1674,1671
1,8,27,ED25519_signed-by_RSA-SHA3-384,ED25519_signed-by_RSA-SHA3-384,12.852,2704.61,1178.95,1,0,0,218.308,15,273.85,269.62,1674,1671
1,6,30,ED25519_signed-by_RSA-SHA3-384,ED25519_signed-by_RSA-SHA3-384,10.161,3420.61,1091.13,1,0,0,146,9,290.163,272.68,1674,1671
1,1,24,ED25519_signed-by_RSA-SHA3-384,ED25519_signed-by_RSA-SHA3-384,11.369,3057.43,1142.75,1,0,0,234.4,24,296.736,263.258,1674,1671
1,7,28,ED25519_signed-by_RSA-SHA3-384,ED25519_signed-by_RSA-SHA3-384,17.534,1982.38,1597.77,1,24,1.04348,200.609,16,285.139,279.592,1674,1671
1,3,27,ED25519_signed-by_RSA-SHA3-384,ED25519_signed-by_RSA-SHA3-384,12.695,2738.06,1193.53,1,0,0,199.231,24,277.737,265.968,1674,1671
1,2,28,ED25519_signed-by_RSA-SHA3-384,ED25519_signed-by_RSA-SHA3-384,12.17,2856.2,1266.06,1,0,0,187.714,24,283.027,264.001,1674,1671
1,5,27,ED25519_signed-by_RSA-SHA3-384,ED25519_signed-by_RSA-SHA3-384,13.517,2571.55,1135.15,0.785714,7,0.5,196.286,15,282.959,263.428,1674,1671
1,8,28,ED25519_signed-by_RSA-SHA3-384,ED25519_signed-by_RSA-SHA3-384,12.453,2791.29,1710.11,0.470588,24,1.41176,266.706,15,287.625,266.091,1674,1671
1,6,31,ED25519_signed-by_RSA-SHA3-384,ED25519_signed-by_RSA-SHA3-384,10.85,3203.43,1396.39,0,0,0,199.231,9,276.947,262.27,1674,1671
1,1,25,ED25519_signed-by_RSA-SHA3-384,ED25519_signed-by_RSA-SHA3-384,12.143,2862.55,1069.92,0.3,0,0,264.4,24,282.055,282.055,1674,1671
1,7,29,ED25519_signed-by_RSA-SHA3-384,ED25519_signed-by_RSA-SHA3-384,11.4,3048.87,950.097,0.428571,0,0,161.429,16,285.255,262.996,1674,1671
1,3,28,ED25519_signed-by_RSA-SHA3-384,ED25519_signed-by_RSA-SHA3-384,11.778,2951.02,919.606,0.428571,0,0,161.429,24,291.385,260.729,1674,1671
1,5,28,ED25519_signed-by_RSA-SHA3-384,ED25519_signed-by_RSA-SHA3-384,10.461,3322.55,1266.32,0.272727,0,0,216.545,15,281.783,266.725,1674,1671
1,2,29,ED25519_signed-by_RSA-SHA3-384,ED25519_signed-by_RSA-SHA3-384,12.921,2690.19,1206.1,1,7,0.636364,140.545,24,305.222,266.069,1674,1671
1,8,29,ED25519_signed-by_RSA-SHA3-384,ED25519_signed-by_RSA-SHA3-384,13.34,2605.67,973.905,1,0,0,256.8,15,279.761,281.239,1674,1671
1,6,32,ED25519_signed-by_RSA-SHA3-384,ED25519_signed-by_RSA-SHA3-384,13.78,2522.46,786.056,1,0,0,161.429,9,275.222,278.059,1674,1671
1,1,26,ED25519_signed-by_RSA-SHA3-384,ED25519_signed-by_RSA-SHA3-384,12.3,2826.01,1056.26,1,0,0,234.4,24,284.344,271.18,1674,1671
1,7,30,ED25519_signed-by_RSA-SHA3-384,ED25519_signed-by_RSA-SHA3-384,12.709,2735.05,1790.21,0.736842,14,0.736842,167.895,16,287.715,273.638,1674,1671
1,3,29,ED25519_signed-by_RSA-SHA3-384,ED25519_signed-by_RSA-SHA3-384,12.83,2709.25,1052.52,1,0,0,201.667,24,296.206,263.013,1674,1671
1,2,30,ED25519_signed-by_RSA-SHA3-384,ED25519_signed-by_RSA-SHA3-384,12.258,2835.67,1236.08,0.461538,0,0,199.231,24,288.374,263.551,1674,1671
1,5,29,ED25519_signed-by_RSA-SHA3-384,ED25519_signed-by_RSA-SHA3-384,14.224,2443.71,1483.66,0.875,17,1.0625,267,15,293.104,265.895,1674,1671
1,6,33,ED25519_signed-by_RSA-SHA3-384,ED25519_signed-by_RSA-SHA3-384,10.154,3423,1492.1,0,0,0,199.231,9,282.008,265.738,1674,1671
1,8,30,ED25519_signed-by_RSA-SHA3-384,ED25519_signed-by_RSA-SHA3-384,11.906,2919.31,1272.54,0,0,0,135.846,15,283.233,273.567,1674,1671
1,1,27,ED25519_signed-by_RSA-SHA3-384,ED25519_signed-by_RSA-SHA3-384,11.271,3083.78,1175.31,0.454545,0,0,216.545,24,284.715,262.866,1674,1671
1,7,31,ED25519_signed-by_RSA-SHA3-384,ED25519_signed-by_RSA-SHA3-384,11.801,2945.29,1100.84,0.6,0,0,234.4,16,288.463,266.276,1674,1671
1,3,30,ED25519_signed-by_RSA-SHA3-384,ED25519_signed-by_RSA-SHA3-384,14.038,2476.13,1115.82,0.733333,0,0,177.733,24,283.344,262.266,1674,1671
1,2,31,ED25519_signed-by_RSA-SHA3-384,ED25519_signed-by_RSA-SHA3-384,12.89,2696.46,840.278,1,0,0,161.429,24,273.249,293.34,1674,1671
1,5,30,ED25519_signed-by_RSA-SHA3-384,ED25519_signed-by_RSA-SHA3-384,12.202,2848.51,1064.67,1,0,0,234.4,15,285.615,269.593,1674,1671
1,6,34,ED25519_signed-by_RSA-SHA3-384,ED25519_signed-by_RSA-SHA3-384,14.373,2418.38,1084.24,1,7,0.636364,140.545,9,293.632,275.913,1674,1671
1,7,32,ED25519_signed-by_RSA-SHA3-384,ED25519_signed-by_RSA-SHA3-384,12.244,2838.91,1061.08,1,0,0,234.4,16,287.869,273.339,1674,1671
1,1,28,ED25519_signed-by_RSA-SHA3-384,ED25519_signed-by_RSA-SHA3-384,14.434,2408.15,1229.29,1,7,0.5,197.143,24,286.195,263.893,1674,1671
1,8,31,ED25519_signed-by_RSA-SHA3-384,ED25519_signed-by_RSA-SHA3-384,17.541,1981.58,1321.66,1,23,1.53333,186.8,15,289.602,261.476,1674,1671
1,2,32,ED25519_signed-by_RSA-SHA3-384,ED25519_signed-by_RSA-SHA3-384,10.62,3272.76,1426.61,0.461538,4,0.307692,199.231,24,290.404,260.21,1674,1671
1,5,31,ED25519_signed-by_RSA-SHA3-384,ED25519_signed-by_RSA-SHA3-384,10.697,3249.51,1214.55,0.6,0,0,234.4,15,280.273,268.913,1674,1671
1,3,31,ED25519_signed-by_RSA-SHA3-384,ED25519_signed-by_RSA-SHA3-384,13.99,2484.59,1354.09,0.846154,11,0.846154,160.769,24,289.754,258.169,1674,1671
1,6,35,ED25519_signed-by_RSA-SHA3-384,ED25519_signed-by_RSA-SHA3-384,10.508,3307.65,1441.82,1,0,0,124.769,9,284.718,274.744,1674,1671
1,8,32,ED25519_signed-by_RSA-SHA3-384,ED25519_signed-by_RSA-SHA3-384,11.579,3001.92,1548.98,1,8,0.533333,203.067,15,284.615,278.448,1674,1671
1,5,32,ED25519_signed-by_RSA-SHA3-384,ED25519_signed-by_RSA-SHA3-384,10.145,3426.26,1305.84,1,0,0,216.545,15,290.936,267.278,1674,1671
1,3,32,ED25519_signed-by_RSA-SHA3-384,ED25519_signed-by_RSA-SHA3-384,10.442,3328.81,1244.19,1,0,0,137.6,24,276.376,260.209,1674,1671
1,7,33,ED25519_signed-by_RSA-SHA3-384,ED25519_signed-by_RSA-SHA3-384,18.368,1892.35,1263.02,1,15,0.714286,155.524,16,274.013,275.767,1674,1671
1,2,33,ED25519_signed-by_RSA-SHA3-384,ED25519_signed-by_RSA-SHA3-384,15.76,2205.51,973.572,1,3,0.214286,187.714,24,306.155,270.076,1674,1671
1,6,36,ED25519_signed-by_RSA-SHA3-384,ED25519_signed-by_RSA-SHA3-384,11.459,3033.42,945.282,1,0,0,161.429,9,277.69,266.757,1674,1671
1,1,29,ED25519_signed-by_RSA-SHA3-384,ED25519_signed-by_RSA-SHA3-384,20.051,1733.51,1358.88,1,21,0.954545,190.545,24,290.854,269.218,1674,1671
1,8,33,ED25519_signed-by_RSA-SHA3-384,ED25519_signed-by_RSA-SHA3-384,12.406,2801.66,1047.16,1,0,0,256.8,15,294.247,273.582,1674,1671
1,5,33,ED25519_signed-by_RSA-SHA3-384,ED25519_signed-by_RSA-SHA3-384,13.561,2563.04,957.971,1,0,0,234.4,15,271.645,270.384,1674,1671
1,7,34,ED25519_signed-by_RSA-SHA3-384,ED25519_signed-by_RSA-SHA3-384,9.766,3559.01,1330.23,0.8,0,0,234.4,16,285.659,262.93,1674,1671
1,2,34,ED25519_signed-by_RSA-SHA3-384,ED25519_signed-by_RSA-SHA3-384,9.993,3478.16,1083.87,1,0,0,161.429,24,294.462,269.73,1674,1671
1,3,33,ED25519_signed-by_RSA-SHA3-384,ED25519_signed-by_RSA-SHA3-384,15.25,2279.32,1490.87,1,22,1.69231,192.462,24,296.401,266.265,1674,1671
1,1,30,ED25519_signed-by_RSA-SHA3-384,ED25519_signed-by_RSA-SHA3-384,13.295,2614.32,1587.25,0.5,17,1.0625,267,24,302.438,271.237,1674,1671
1,6,37,ED25519_signed-by_RSA-SHA3-384,ED25519_signed-by_RSA-SHA3-384,14.938,2326.94,1412.76,1,17,1.0625,267,9,279.079,269.478,1674,1671
1,8,34,ED25519_signed-by_RSA-SHA3-384,ED25519_signed-by_RSA-SHA3-384,13.632,2549.87,1130.27,0.857143,0,0,205.429,15,283.381,265.188,1674,1671
1,7,35,ED25519_signed-by_RSA-SHA3-384,ED25519_signed-by_RSA-SHA3-384,13.139,2645.54,988.807,1,0,0,234.4,16,289.889,265.342,1674,1671
1,5,34,ED25519_signed-by_RSA-SHA3-384,ED25519_signed-by_RSA-SHA3-384,14.159,2454.95,935.651,1,0,0,216.545,15,292.261,263.611,1674,1671
1,2,35,ED25519_signed-by_RSA-SHA3-384,ED25519_signed-by_RSA-SHA3-384,13.424,2589.38,1128.72,0.923077,0,0,199.231,24,279.61,270.696,1674,1671
1,6,38,ED25519_signed-by_RSA-SHA3-384,ED25519_signed-by_RSA-SHA3-384,10.502,3309.54,1442.64,0.307692,0,0,199.231,9,282.572,264.151,1674,1671
1,3,34,ED25519_signed-by_RSA-SHA3-384,ED25519_signed-by_RSA-SHA3-384,15.188,2288.62,1185.13,0.8,7,0.466667,186.533,24,277.562,266.368,1674,1671
1,1,31,ED25519_signed-by_RSA-SHA3-384,ED25519_signed-by_RSA-SHA3-384,14.098,2465.55,1510.54,0.882353,18,1.05882,253.529,24,303.702,274.576,1674,1671
1,8,35,ED25519_signed-by_RSA-SHA3-384,ED25519_signed-by_RSA-SHA3-384,10.559,3291.72,1025.77,1,0,0,175.143,15,329.21,274.575,1674,1671
1,7,36,ED25519_signed-by_RSA-SHA3-384,ED25519_signed-by_RSA-SHA3-384,12.421,2798.47,1623.05,0.888889,7,0.388889,169.111,16,289.221,265.645,1674,1671
1,2,36,ED25519_signed-by_RSA-SHA3-384,ED25519_signed-by_RSA-SHA3-384,14.174,2452.34,1251.85,1,7,0.5,129.714,24,292.939,264.49,1674,1671
1,6,39,ED25519_signed-by_RSA-SHA3-384,ED25519_signed-by_RSA-SHA3-384,13.27,2619.4,924.779,1,2,0.222222,138.444,9,280.716,266.238,1674,1671
1,3,35,ED25519_signed-by_RSA-SHA3-384,ED25519_signed-by_RSA-SHA3-384,12.911,2692.23,1374.31,1,7,0.5,197.143,24,297.262,274.125,1674,1671
1,8,36,ED25519_signed-by_RSA-SHA3-384,ED25519_signed-by_RSA-SHA3-384,11.141,3119.98,1212.09,1,0,0,220.333,15,289.628,268.126,1674,1671
1,5,35,ED25519_signed-by_RSA-SHA3-384,ED25519_signed-by_RSA-SHA3-384,20.921,1661.42,1206.01,0.958333,17,0.708333,157.333,15,291.152,271.152,1674,1671
1,1,32,ED25519_signed-by_RSA-SHA3-384,ED25519_signed-by_RSA-SHA3-384,16.432,2115.32,1573.47,1,24,1.2,234.4,24,298.869,262.629,1674,1671
1,7,37,ED25519_signed-by_RSA-SHA3-384,ED25519_signed-by_RSA-SHA3-384,15.314,2269.79,865.081,1,0,0,128.545,16,289.367,261.284,1674,1671
1,2,37,ED25519_signed-by_RSA-SHA3-384,ED25519_signed-by_RSA-SHA3-384,13.95,2491.75,776.485,1,0,0,161.429,24,282.115,264.229,1674,1671
1,6,40,ED25519_signed-by_RSA-SHA3-384,ED25519_signed-by_RSA-SHA3-384,13.418,2590.36,1129.15,1,0,0,199.231,9,304.602,259.174,1674,1671
1,3,36,ED25519_signed-by_RSA-SHA3-384,ED25519_signed-by_RSA-SHA3-384,13.736,2530.4,945.769,1,0,0,218.4,24,288.281,276.408,1674,1671
1,8,37,ED25519_signed-by_RSA-SHA3-384,ED25519_signed-by_RSA-SHA3-384,14.41,2412.21,1051.49,1,0,0,218.308,15,286.642,266.962,1674,1671
1,5,36,ED25519_signed-by_RSA-SHA3-384,ED25519_signed-by_RSA-SHA3-384,15.108,2300.74,859.931,1,4,0.4,137.6,15,286.214,284.356,1674,1671
1,1,33,ED25519_signed-by_RSA-SHA3-384,ED25519_signed-by_RSA-SHA3-384,13.996,2483.55,2101.16,1,35,1.52174,361.652,24,277.416,280.08,1674,1671
1,7,38,ED25519_signed-by_RSA-SHA3-384,ED25519_signed-by_RSA-SHA3-384,10.433,3331.43,1038.15,0.857143,0,0,161.429,16,283.894,274.765,1674,1671
1,2,38,ED25519_signed-by_RSA-SHA3-384,ED25519_signed-by_RSA-SHA3-384,12.607,2757.17,1222.16,0.642857,0,0,187.714,24,276.815,273.929,1674,1671
1,6,41,ED25519_signed-by_RSA-SHA3-384,ED25519_signed-by_RSA-SHA3-384,12.115,2869.15,1286.33,0.818182,7,0.636364,140.545,9,270.753,273.393,1674,1671
1,3,37,ED25519_signed-by_RSA-SHA3-384,ED25519_signed-by_RSA-SHA3-384,12.088,2875.56,1467.89,0.642857,7,0.5,197.143,24,290.09,260.855,1674,1671
1,8,38,ED25519_signed-by_RSA-SHA3-384,ED25519_signed-by_RSA-SHA3-384,12.352,2814.11,1436.52,0.642857,7,0.5,138.286,15,288.196,273.984,1674,1671
1,1,34,ED25519_signed-by_RSA-SHA3-384,ED25519_signed-by_RSA-SHA3-384,12.821,2711.16,1033.3,0.545455,0,0,216.545,24,279.387,269.56,1674,1671
1,5,37,ED25519_signed-by_RSA-SHA3-384,ED25519_signed-by_RSA-SHA3-384,14.011,2480.87,940.962,0.545455,3,0.272727,218.727,15,281.967,263.316,1674,1671
1,7,39,ED25519_signed-by_RSA-SHA3-384,ED25519_signed-by_RSA-SHA3-384,12.912,2692.05,1006.19,0.6,0,0,234.4,16,292.467,271.089,1674,1671
1,6,42,ED25519_signed-by_RSA-SHA3-384,ED25519_signed-by_RSA-SHA3-384,10.48,3316.52,1445.68,0.230769,0,0,199.231,9,292.171,266.492,1674,1671
1,2,39,ED25519_signed-by_RSA-SHA3-384,ED25519_signed-by_RSA-SHA3-384,12.719,2732.71,851.574,0.428571,0,0,161.429,24,274.63,260.063,1674,1671
1,3,38,ED25519_signed-by_RSA-SHA3-384,ED25519_signed-by_RSA-SHA3-384,11.7,2970.7,1516.46,0.214286,7,0.5,197.143,24,276.591,268.099,1674,1671
1,8,39,ED25519_signed-by_RSA-SHA3-384,ED25519_signed-by_RSA-SHA3-384,11.921,2915.62,908.573,0.428571,0,0,175.143,15,290.511,268.778,1674,1671
1,1,35,ED25519_signed-by_RSA-SHA3-384,ED25519_signed-by_RSA-SHA3-384,10.178,3414.93,1276.38,0,0,0,234.4,24,299.534,261.161,1674,1671
1,7,40,ED25519_signed-by_RSA-SHA3-384,ED25519_signed-by_RSA-SHA3-384,10.945,3175.62,1407.65,1,4,0.285714,187.714,16,288.382,274.243,1674,1671
1,5,38,ED25519_signed-by_RSA-SHA3-384,ED25519_signed-by_RSA-SHA3-384,12.465,2788.39,1215.47,1,0,0,199.231,15,286.848,268.074,1674,1671
1,6,43,ED25519_signed-by_RSA-SHA3-384,ED25519_signed-by_RSA-SHA3-384,10.712,3244.7,1011.12,1,0,0,161.429,9,285.473,267.627,1674,1671
1,2,40,ED25519_signed-by_RSA-SHA3-384,ED25519_signed-by_RSA-SHA3-384,11.31,3073.13,1339.59,1,0,0,199.231,24,275.538,262.919,1674,1671
1,3,39,ED25519_signed-by_RSA-SHA3-384,ED25519_signed-by_RSA-SHA3-384,11.315,3071.78,1148.12,1,0,0,232,24,282.797,268.409,1674,1671
1,8,40,ED25519_signed-by_RSA-SHA3-384,ED25519_signed-by_RSA-SHA3-384,12.448,2792.39,1425.43,1,7,0.5,214.857,15,296.108,274.223,1674,1671
1,5,39,ED25519_signed-by_RSA-SHA3-384,ED25519_signed-by_RSA-SHA3-384,8.256,4209.89,1664.58,0.545455,1,0.0909091,132.545,15,284.785,270.311,1674,1671
1,6,44,ED25519_signed-by_RSA-SHA3-384,ED25519_signed-by_RSA-SHA3-384,8.765,3965.42,1482.13,0.6,0,0,234.4,9,273.239,259.995,1674,1671
1,2,41,ED25519_signed-by_RSA-SHA3-384,ED25519_signed-by_RSA-SHA3-384,7.839,4433.84,1381.68,0.142857,0,0,161.429,24,288.611,267.737,1674,1671
1,3,40,ED25519_signed-by_RSA-SHA3-384,ED25519_signed-by_RSA-SHA3-384,8.393,4141.18,1805.15,0.0769231,0,0,184.154,24,286.033,262.994,1674,1671
1,7,41,ED25519_signed-by_RSA-SHA3-384,ED25519_signed-by_RSA-SHA3-384,18.493,1879.57,723.279,0.833333,4,0.333333,201.667,16,281.292,269.93,1674,1671
1,6,45,ED25519_signed-by_RSA-SHA3-384,ED25519_signed-by_RSA-SHA3-384,8.582,4050,1543.57,0.272727,0,0,216.545,9,273.44,266.667,1674,1671
1,5,40,ED25519_signed-by_RSA-SHA3-384,ED25519_signed-by_RSA-SHA3-384,11.268,3084.59,1027.96,0.5,1,0.125,160.5,15,298.19,269.677,1674,1671
1,8,41,ED25519_signed-by_RSA-SHA3-384,ED25519_signed-by_RSA-SHA3-384,12.787,2718.18,1556.46,0.235294,7,0.411765,192.824,15,282.979,261.151,1674,1671
1,2,42,ED25519_signed-by_RSA-SHA3-384,ED25519_signed-by_RSA-SHA3-384,11.166,3112.77,1163.44,0.3,0,0,234.4,24,277.81,261.317,1674,1671
1,3,41,ED25519_signed-by_RSA-SHA3-384,ED25519_signed-by_RSA-SHA3-384,11.379,3054.5,1141.66,0.3,0,0,128.4,24,296.433,260.914,1674,1671
1,1,36,ED25519_signed-by_RSA-SHA3-384,ED25519_signed-by_RSA-SHA3-384,27.5,1263.99,1083.34,1,37,1.48,335.76,24,297.837,259.593,1674,1671
1,7,42,ED25519_signed-by_RSA-SHA3-384,ED25519_signed-by_RSA-SHA3-384,11.368,3057.44,1332.75,1,0,0,199.231,16,288.485,273.916,1674,1671
1,5,41,ED25519_signed-by_RSA-SHA3-384,ED25519_signed-by_RSA-SHA3-384,12.703,2736.16,1192.7,1,0,0,218.308,15,279.245,265.75,1674,1671
1,6,46,ED25519_signed-by_RSA-SHA3-384,ED25519_signed-by_RSA-SHA3-384,15.744,2207.8,1143.28,1,7,0.466667,186.533,9,276.242,258.752,1674,1671
1,8,42,ED25519_signed-by_RSA-SHA3-384,ED25519_signed-by_RSA-SHA3-384,13.997,2483.39,773.879,1,0,0,175.143,15,303.998,262.824,1674,1671
1,2,43,ED25519_signed-by_RSA-SHA3-384,ED25519_signed-by_RSA-SHA3-384,13.821,2514.83,939.951,1,0,0,234.4,24,286.256,293.977,1674,1671
1,3,42,ED25519_signed-by_RSA-SHA3-384,ED25519_signed-by_RSA-SHA3-384,13.962,2489.61,794.154,1,0,0,136,24,292.241,270.909,1674,1671
1,1,37,ED25519_signed-by_RSA-SHA3-384,ED25519_signed-by_RSA-SHA3-384,18.617,1867.06,1569.27,1,34,1.54545,376.364,24,296.778,270.329,1674,1671
1,7,43,ED25519_signed-by_RSA-SHA3-384,ED25519_signed-by_RSA-SHA3-384,16.261,2137.6,1091.18,1,7,0.5,128,16,275.725,265.144,1674,1671
1,5,42,ED25519_signed-by_RSA-SHA3-384,ED25519_signed-by_RSA-SHA3-384,13.684,2540.17,1157.55,1,7,0.583333,142,15,279.67,285.764,1674,1671
1,6,47,ED25519_signed-by_RSA-SHA3-384,ED25519_signed-by_RSA-SHA3-384,13.07,2659.51,1178.88,1,4,0.285714,187.714,9,287.598,262.65,1674,1671
1,8,43,ED25519_signed-by_RSA-SHA3-384,ED25519_signed-by_RSA-SHA3-384,13.399,2594.2,2327.32,1,24,1,289,15,286.101,278.183,1674,1671
1,2,44,ED25519_signed-by_RSA-SHA3-384,ED25519_signed-by_RSA-SHA3-384,13.019,2669.92,997.918,1,0,0,234.4,24,277.274,269.331,1674,1671
1,3,43,ED25519_signed-by_RSA-SHA3-384,ED25519_signed-by_RSA-SHA3-384,14.607,2379.63,1610.15,1,21,1.05,210,24,298.027,267.439,1674,1671
1,1,38,ED25519_signed-by_RSA-SHA3-384,ED25519_signed-by_RSA-SHA3-384,12.448,2792.4,1043.7,1,0,0,318.4,24,293.554,276.628,1674,1671
1,5,43,ED25519_signed-by_RSA-SHA3-384,ED25519_signed-by_RSA-SHA3-384,11.726,2964.33,1799.75,1,17,1.0625,293.5,15,286.311,261.344,1674,1671
1,7,44,ED25519_signed-by_RSA-SHA3-384,ED25519_signed-by_RSA-SHA3-384,13.315,2610.56,832.734,1,0,0,146,16,281.768,269.977,1674,1671
1,8,44,ED25519_signed-by_RSA-SHA3-384,ED25519_signed-by_RSA-SHA3-384,11.017,3155.1,983.2,1,0,0,175.143,15,284.931,260.429,1674,1671
1,3,44,ED25519_signed-by_RSA-SHA3-384,ED25519_signed-by_RSA-SHA3-384,8.193,4242.25,1609.03,1,3,0.272727,199.818,24,285.639,270.872,1674,1671
1,2,45,ED25519_signed-by_RSA-SHA3-384,ED25519_signed-by_RSA-SHA3-384,13.712,2534.95,1459.71,1,7,0.388889,168.222,24,280.657,276.865,1674,1671
1,6,48,ED25519_signed-by_RSA-SHA3-384,ED25519_signed-by_RSA-SHA3-384,16.526,2103.29,1288.59,1,20,1.17647,244.118,9,284.107,274.578,1674,1671
1,1,39,ED25519_signed-by_RSA-SHA3-384,ED25519_signed-by_RSA-SHA3-384,11.878,2926.41,1275.63,1,0,0,199.231,24,311.768,265.659,1674,1671
1,8,45,ED25519_signed-by_RSA-SHA3-384,ED25519_signed-by_RSA-SHA3-384,12.838,2707.56,1031.93,1,0,0,236.909,15,298.156,267.505,1674,1671
1,3,45,ED25519_signed-by_RSA-SHA3-384,ED25519_signed-by_RSA-SHA3-384,14.204,2447.14,1655.83,1,17,0.85,210,24,289.342,266.958,1674,1671
1,2,46,ED25519_signed-by_RSA-SHA3-384,ED25519_signed-by_RSA-SHA3-384,13.512,2572.48,961.498,1,0,0,137.6,24,287.981,261.743,1674,1671
1,6,49,ED25519_signed-by_RSA-SHA3-384,ED25519_signed-by_RSA-SHA3-384,13.623,2551.53,1897.94,0.8,24,1.2,234.4,9,276.503,257.128,1674,1671
1,5,44,ED25519_signed-by_RSA-SHA3-384,ED25519_signed-by_RSA-SHA3-384,20.075,1731.45,1487.17,1,36,1.44,269.52,15,277.166,268.796,1674,1671
1,1,40,ED25519_signed-by_RSA-SHA3-384,ED25519_signed-by_RSA-SHA3-384,12.176,2854.8,1457.29,0.5,7,0.5,170.571,24,282.001,266.509,1674,1671
1,7,45,ED25519_signed-by_RSA-SHA3-384,ED25519_signed-by_RSA-SHA3-384,22.127,1570.87,1337.68,1,36,1.5,254.833,16,279.335,275.628,1674,1671
1,8,46,ED25519_signed-by_RSA-SHA3-384,ED25519_signed-by_RSA-SHA3-384,12.029,2889.46,1079.97,0.3,0,0,256.8,16,287.843,273.604,1674,1671
1,2,47,ED25519_signed-by_RSA-SHA3-384,ED25519_signed-by_RSA-SHA3-384,9.933,3499.18,1090.42,0,0,0,161.429,24,276.22,266.818,1674,1671
1,3,46,ED25519_signed-by_RSA-SHA3-384,ED25519_signed-by_RSA-SHA3-384,12.048,2884.9,899.001,0,0,0,150,24,283.514,262.782,1674,1671
1,6,50,ED25519_signed-by_RSA-SHA3-384,ED25519_signed-by_RSA-SHA3-384,10.498,3310.84,1237.47,0,0,0,234.4,9,293.325,271.577,1674,1671
1,5,45,ED25519_signed-by_RSA-SHA3-384,ED25519_signed-by_RSA-SHA3-384,11.368,3057.46,1142.77,0,0,0,256.8,15,285.344,256.666,1674,1671
1,1,41,ED25519_signed-by_RSA-SHA3-384,ED25519_signed-by_RSA-SHA3-384,10.009,3472.58,1082.13,0,0,0,220.857,24,300.406,267.224,1674,1671
1,7,46,ED25519_signed-by_RSA-SHA3-384,ED25519_signed-by_RSA-SHA3-384,11.412,3045.9,1138.45,0,0,0,234.4,16,273.615,263.533,1674,1671
1,8,47,ED25519_signed-by_RSA-SHA3-384,ED25519_signed-by_RSA-SHA3-384,9.36,3713.31,1387.9,0,0,0,256.8,16,282.718,278.07,1674,1671
1,2,48,ED25519_signed-by_RSA-SHA3-384,ED25519_signed-by_RSA-SHA3-384,10.259,3388.24,1476.95,0,0,0,199.231,24,299.85,266.428,1674,1671
1,6,51,ED25519_signed-by_RSA-SHA3-384,ED25519_signed-by_RSA-SHA3-384,9.476,3667.86,1370.91,0,0,0,234.4,9,279.198,293.379,1674,1671
1,3,47,ED25519_signed-by_RSA-SHA3-384,ED25519_signed-by_RSA-SHA3-384,12.398,2803.64,1047.9,0,0,0,216,24,308.467,259.53,1674,1671
1,1,42,ED25519_signed-by_RSA-SHA3-384,ED25519_signed-by_RSA-SHA3-384,10.494,3312.36,1238.04,0,0,0,185.2,24,291.601,263.328,1674,1671
1,5,46,ED25519_signed-by_RSA-SHA3-384,ED25519_signed-by_RSA-SHA3-384,11.825,2939.5,1281.34,0.615385,4,0.307692,190.615,15,291.473,269.281,1674,1671
1,7,47,ED25519_signed-by_RSA-SHA3-384,ED25519_signed-by_RSA-SHA3-384,10.047,3459.43,1293.01,0.8,0,0,234.4,16,291.168,271.265,1674,1671
1,8,48,ED25519_signed-by_RSA-SHA3-384,ED25519_signed-by_RSA-SHA3-384,12.679,2741.51,1195.03,0.615385,0,0,218.308,16,311.815,266.97,1674,1671
1,2,49,ED25519_signed-by_RSA-SHA3-384,ED25519_signed-by_RSA-SHA3-384,10.592,3281.45,1022.57,1,0,0,161.429,24,287.146,279.447,1674,1671
1,6,52,ED25519_signed-by_RSA-SHA3-384,ED25519_signed-by_RSA-SHA3-384,11.614,2992.69,1118.56,0.8,0,0,234.4,9,282.165,270.303,1674,1671
1,3,48,ED25519_signed-by_RSA-SHA3-384,ED25519_signed-by_RSA-SHA3-384,11.825,2939.52,1098.69,1,0,0,218.4,24,296.254,258.846,1674,1671
1,7,48,ED25519_signed-by_RSA-SHA3-384,ED25519_signed-by_RSA-SHA3-384,10.289,3378.36,1262.7,0.6,0,0,234.4,16,276.714,261.749,1674,1671
1,1,43,ED25519_signed-by_RSA-SHA3-384,ED25519_signed-by_RSA-SHA3-384,12.613,2755.85,1673.17,0.875,17,1.0625,379.5,24,286.185,266.106,1674,1671
1,2,50,ED25519_signed-by_RSA-SHA3-384,ED25519_signed-by_RSA-SHA3-384,9.605,3618.59,1352.5,0.6,0,0,232,24,279.756,266.586,1674,1671
1,5,47,ED25519_signed-by_RSA-SHA3-384,ED25519_signed-by_RSA-SHA3-384,16.287,2134.14,1101.21,0.4,10,0.666667,203.067,15,283.71,272.425,1674,1671
1,6,53,ED25519_signed-by_RSA-SHA3-384,ED25519_signed-by_RSA-SHA3-384,10.322,3367.56,1492.73,1,4,0.285714,118.571,9,281.667,276.192,1674,1671
1,8,49,ED25519_signed-by_RSA-SHA3-384,ED25519_signed-by_RSA-SHA3-384,14.901,2332.66,1062.99,1,7,0.583333,142,16,292.924,276.566,1674,1671
1,3,49,ED25519_signed-by_RSA-SHA3-384,ED25519_signed-by_RSA-SHA3-384,11.809,2943.46,1100.16,1,0,0,234.4,24,298.353,260.156,1674,1671
1,7,49,ED25519_signed-by_RSA-SHA3-384,ED25519_signed-by_RSA-SHA3-384,11.29,3078.81,1762.96,1,11,0.647059,176.824,16,302.805,267.266,1674,1671
1,1,44,ED25519_signed-by_RSA-SHA3-384,ED25519_signed-by_RSA-SHA3-384,16.1,2158.92,1692.35,1,21,0.954545,217.818,24,285.383,274.464,1674,1671
1,2,51,ED25519_signed-by_RSA-SHA3-384,ED25519_signed-by_RSA-SHA3-384,13.801,2518.57,1460.71,1,7,0.388889,156.889,24,286.93,272.068,1674,1671
1,5,48,ED25519_signed-by_RSA-SHA3-384,ED25519_signed-by_RSA-SHA3-384,15.343,2265.43,2213.82,1,24,0.923077,180.308,15,285.491,270,1674,1671
1,8,50,ED25519_signed-by_RSA-SHA3-384,ED25519_signed-by_RSA-SHA3-384,14.508,2395.85,1062.01,1,0,0,205.429,16,272.463,258.52,1674,1671
1,6,54,ED25519_signed-by_RSA-SHA3-384,ED25519_signed-by_RSA-SHA3-384,17.063,2037.08,772.637,1,3,0.272727,216.545,9,282.433,268.722,1674,1671
1,3,50,ED25519_signed-by_RSA-SHA3-384,ED25519_signed-by_RSA-SHA3-384,15.895,2186.79,1327.68,1,17,1.0625,267,24,302.112,289.269,1674,1671
1,7,50,ED25519_signed-by_RSA-SHA3-384,ED25519_signed-by_RSA-SHA3-384,15.197,2287.24,880.154,0.833333,4,0.333333,201.667,16,278.634,266.249,1674,1671
1,1,45,ED25519_signed-by_RSA-SHA3-384,ED25519_signed-by_RSA-SHA3-384,12.438,2794.66,1233.64,0,7,0.5,260.571,24,293.923,264.219,1674,1671
1,2,52,ED25519_signed-by_RSA-SHA3-384,ED25519_signed-by_RSA-SHA3-384,13.063,2660.95,994.563,0,0,0,128.4,24,285.507,268.624,1674,1671
1,5,49,ED25519_signed-by_RSA-SHA3-384,ED25519_signed-by_RSA-SHA3-384,13.198,2633.54,984.318,0.3,0,0,216,15,282.372,266.072,1674,1671
1,8,51,ED25519_signed-by_RSA-SHA3-384,ED25519_signed-by_RSA-SHA3-384,11.728,2963.6,1107.69,0.3,0,0,149.6,16,286.224,258.39,1674,1671
1,6,55,ED25519_signed-by_RSA-SHA3-384,ED25519_signed-by_RSA-SHA3-384,12.451,2791.73,1043.45,0.3,0,0,234.4,9,281.751,266.384,1674,1671
1,3,51,ED25519_signed-by_RSA-SHA3-384,ED25519_signed-by_RSA-SHA3-384,11.812,2942.77,1502.2,0.214286,7,0.5,197.143,24,278.328,263.235,1674,1671
1,7,51,ED25519_signed-by_RSA-SHA3-384,ED25519_signed-by_RSA-SHA3-384,12.041,2886.79,1100.24,0.272727,0,0,216.545,16,288.433,269.062,1674,1671
1,1,46,ED25519_signed-by_RSA-SHA3-384,ED25519_signed-by_RSA-SHA3-384,11.718,2966.14,1292.95,0.230769,0,0,277.692,24,287.241,264.312,1674,1671
1,2,53,ED25519_signed-by_RSA-SHA3-384,ED25519_signed-by_RSA-SHA3-384,11.641,2985.76,930.429,1,0,0,150,24,290.724,265.103,1674,1671
1,5,50,ED25519_signed-by_RSA-SHA3-384,ED25519_signed-by_RSA-SHA3-384,11.555,3008.22,1311.29,0.461538,0,0,184.154,15,291.423,275.114,1674,1671
1,8,52,ED25519_signed-by_RSA-SHA3-384,ED25519_signed-by_RSA-SHA3-384,11.439,3038.73,1135.76,0.6,0,0,149.6,16,285.67,265.542,1674,1671
1,6,56,ED25519_signed-by_RSA-SHA3-384,ED25519_signed-by_RSA-SHA3-384,11.611,2993.71,1304.97,0.461538,0,0,199.231,9,297.55,270.993,1674,1671
1,7,52,ED25519_signed-by_RSA-SHA3-384,ED25519_signed-by_RSA-SHA3-384,11.137,3120.87,1166.47,1,0,0,234.4,16,272.552,273.896,1674,1671
1,3,52,ED25519_signed-by_RSA-SHA3-384,ED25519_signed-by_RSA-SHA3-384,13.69,2539.05,1453.89,0.647059,7,0.411765,173.294,24,284.892,266.6,1674,1671
1,1,47,ED25519_signed-by_RSA-SHA3-384,ED25519_signed-by_RSA-SHA3-384,12.169,2856.42,890.125,1,0,0,220.857,24,302.429,266.04,1674,1671
1,2,54,ED25519_signed-by_RSA-SHA3-384,ED25519_signed-by_RSA-SHA3-384,11.102,3130.97,1405.15,0.333333,7,0.466667,164.667,24,274.289,263.218,1674,1671
1,8,53,ED25519_signed-by_RSA-SHA3-384,ED25519_signed-by_RSA-SHA3-384,10.821,3212,1224.18,1,0,0,139.455,16,300.46,268.743,1674,1671
1,5,51,ED25519_signed-by_RSA-SHA3-384,ED25519_signed-by_RSA-SHA3-384,13.381,2597.7,979.295,1,0,0,119.818,15,292.419,255.36,1674,1671
1,3,53,ED25519_signed-by_RSA-SHA3-384,ED25519_signed-by_RSA-SHA3-384,8.558,4061.35,1265.61,1,0,0,150,24,279.886,265.482,1674,1671
1,6,57,ED25519_signed-by_RSA-SHA3-384,ED25519_signed-by_RSA-SHA3-384,13.277,2618.04,1264.13,1,11,1.1,184.4,9,278.481,266.148,1674,1671
1,7,53,ED25519_signed-by_RSA-SHA3-384,ED25519_signed-by_RSA-SHA3-384,13.199,2633.51,1003.7,1,0,0,128.545,16,283.431,267.381,1674,1671
1,1,48,ED25519_signed-by_RSA-SHA3-384,ED25519_signed-by_RSA-SHA3-384,10.993,3161.76,1181.75,1,0,0,316,24,287.048,264.349,1674,1671
1,8,54,ED25519_signed-by_RSA-SHA3-384,ED25519_signed-by_RSA-SHA3-384,12.452,2791.5,869.895,1,0,0,175.143,16,281.72,276.688,1674,1671
1,5,52,ED25519_signed-by_RSA-SHA3-384,ED25519_signed-by_RSA-SHA3-384,11.601,2996.29,933.711,1,0,0,150,15,271.295,272.216,1674,1671
1,3,54,ED25519_signed-by_RSA-SHA3-384,ED25519_signed-by_RSA-SHA3-384,10.984,3164.34,1182.71,1,0,0,216,24,279.557,264.945,1674,1671
1,2,55,ED25519_signed-by_RSA-SHA3-384,ED25519_signed-by_RSA-SHA3-384,18.515,1877.35,1523.48,0.833333,25,1.04167,191.333,24,300.857,267.271,1674,1671
1,6,58,ED25519_signed-by_RSA-SHA3-384,ED25519_signed-by_RSA-SHA3-384,11.693,2972.49,1826.59,0.647059,17,1,253.529,9,305.551,264.163,1674,1671
1,7,54,ED25519_signed-by_RSA-SHA3-384,ED25519_signed-by_RSA-SHA3-384,11.852,2932.6,1299.93,0.785714,0,0,187.714,16,282.678,263.507,1674,1671
1,1,49,ED25519_signed-by_RSA-SHA3-384,ED25519_signed-by_RSA-SHA3-384,11.452,3035.04,1322.98,0.846154,0,0,261.077,24,280,265.964,1674,1671
1,8,55,ED25519_signed-by_RSA-SHA3-384,ED25519_signed-by_RSA-SHA3-384,10.62,3272.82,1450.74,0.857143,0,0,205.429,16,288.911,271.03,1674,1671
1,5,53,ED25519_signed-by_RSA-SHA3-384,ED25519_signed-by_RSA-SHA3-384,12.242,2839.4,1070.41,1,0,0,199.455,15,300.911,268.194,1674,1671
1,3,55,ED25519_signed-by_RSA-SHA3-384,ED25519_signed-by_RSA-SHA3-384,12.422,2798.25,1219.77,0.923077,0,0,184.154,24,299.514,260.667,1674,1671
1,7,55,ED25519_signed-by_RSA-SHA3-384,ED25519_signed-by_RSA-SHA3-384,9.445,3679.93,1146.75,0.571429,0,0,161.429,16,289.719,276.433,1674,1671
1,1,50,ED25519_signed-by_RSA-SHA3-384,ED25519_signed-by_RSA-SHA3-384,9.214,3772.18,1175.5,0.571429,0,0,150,24,273.732,272.799,1674,1671
1,2,56,ED25519_signed-by_RSA-SHA3-384,ED25519_signed-by_RSA-SHA3-384,14.203,2447.33,1097.22,1,7,0.636364,131.091,24,276.5,264.234,1674,1671
1,6,59,ED25519_signed-by_RSA-SHA3-384,ED25519_signed-by_RSA-SHA3-384,14.76,2354.97,1442.79,0.705882,18,1.05882,253.529,9,290.977,267.664,1674,1671
1,8,56,ED25519_signed-by_RSA-SHA3-384,ED25519_signed-by_RSA-SHA3-384,10.559,3291.69,1025.76,0,0,0,175.143,16,314.495,268.773,1674,1671
1,5,54,ED25519_signed-by_RSA-SHA3-384,ED25519_signed-by_RSA-SHA3-384,11.41,3046.45,1138.65,0.8,0,0,216,15,274.037,266.296,1674,1671
1,3,56,ED25519_signed-by_RSA-SHA3-384,ED25519_signed-by_RSA-SHA3-384,10.666,3258.66,1015.47,1,0,0,150,24,287.094,262.301,1674,1671
1,7,56,ED25519_signed-by_RSA-SHA3-384,ED25519_signed-by_RSA-SHA3-384,10.491,3313.01,1238.28,0.8,0,0,234.4,16,278.616,261.214,1674,1671
1,1,51,ED25519_signed-by_RSA-SHA3-384,ED25519_signed-by_RSA-SHA3-384,11.411,3046.18,1138.55,0.8,0,0,216,24,299.08,259.107,1674,1671
1,2,57,ED25519_signed-by_RSA-SHA3-384,ED25519_signed-by_RSA-SHA3-384,12.292,2827.83,1253.49,1,4,0.285714,173.714,24,312.566,264.409,1674,1671
1,6,60,ED25519_signed-by_RSA-SHA3-384,ED25519_signed-by_RSA-SHA3-384,11.662,2980.61,1114.04,1,0,0,234.4,9,293.172,282.333,1674,1671
1,8,57,ED25519_signed-by_RSA-SHA3-384,ED25519_signed-by_RSA-SHA3-384,12.015,2893.03,1777.76,1,17,1,278.471,16,297.779,264.46,1674,1671
1,5,55,ED25519_signed-by_RSA-SHA3-384,ED25519_signed-by_RSA-SHA3-384,11.507,3020.76,1129.05,1,0,0,216,15,283.674,268.981,1674,1671
1,3,57,ED25519_signed-by_RSA-SHA3-384,ED25519_signed-by_RSA-SHA3-384,11.539,3012.39,1313.11,1,0,0,184.154,24,308.723,266.282,1674,1671
1,7,57,ED25519_signed-by_RSA-SHA3-384,ED25519_signed-by_RSA-SHA3-384,12.972,2679.58,1001.53,1,0,0,234.4,16,292.799,264.416,1674,1671
1,1,52,ED25519_signed-by_RSA-SHA3-384,ED25519_signed-by_RSA-SHA3-384,12.248,2837.97,2111.01,0.7,24,1.2,216,24,301.695,269.048,1674,1671
1,6,61,ED25519_signed-by_RSA-SHA3-384,ED25519_signed-by_RSA-SHA3-384,9.703,3582.04,1365.22,1,0,0,214.364,9,278.782,267.569,1674,1671
1,2,58,ED25519_signed-by_RSA-SHA3-384,ED25519_signed-by_RSA-SHA3-384,12.16,2858.51,1084.19,1,3,0.272727,199.818,24,277.741,272.496,1674,1671
1,8,58,ED25519_signed-by_RSA-SHA3-384,ED25519_signed-by_RSA-SHA3-384,10.173,3416.58,1489.3,1,0,0,135.846,16,296.231,269.715,1674,1671
1,3,58,ED25519_signed-by_RSA-SHA3-384,ED25519_signed-by_RSA-SHA3-384,9.035,3846.91,1227.12,1,0,0,136,24,285.059,276.062,1674,1671
1,5,56,ED25519_signed-by_RSA-SHA3-384,ED25519_signed-by_RSA-SHA3-384,11.522,3016.82,1127.58,1,0,0,216,15,291.283,260.404,1674,1671
1,6,62,ED25519_signed-by_RSA-SHA3-384,ED25519_signed-by_RSA-SHA3-384,11.002,3159.41,1180.87,1,0,0,216,9,286.096,271.119,1674,1671
1,8,59,ED25519_signed-by_RSA-SHA3-384,ED25519_signed-by_RSA-SHA3-384,9.824,3538.27,1368.08,1,7,0.583333,220.333,16,279.2,272.299,1674,1671
1,2,59,ED25519_signed-by_RSA-SHA3-384,ED25519_signed-by_RSA-SHA3-384,13.877,2504.83,1534.6,1,18,1.05882,233.294,24,285.041,270.165,1674,1671
1,7,58,ED25519_signed-by_RSA-SHA3-384,ED25519_signed-by_RSA-SHA3-384,18.456,1883.33,1517.94,1,15,0.652174,210.174,16,287.668,272.595,1674,1671
1,3,59,ED25519_signed-by_RSA-SHA3-384,ED25519_signed-by_RSA-SHA3-384,14.8,2348.59,1041.06,1,0,0,173.714,24,275.574,267.807,1674,1671
1,6,63,ED25519_signed-by_RSA-SHA3-384,ED25519_signed-by_RSA-SHA3-384,10.631,3269.41,1221.98,1,0,0,216,9,300.749,279.347,1674,1671
1,5,57,ED25519_signed-by_RSA-SHA3-384,ED25519_signed-by_RSA-SHA3-384,15.725,2210.43,1067.32,1,9,0.5625,182,15,278.012,263.724,1674,1671
1,8,60,ED25519_signed-by_RSA-SHA3-384,ED25519_signed-by_RSA-SHA3-384,10.309,3371.55,1284.99,0.727273,0,0,236.909,16,285.545,287.945,1674,1671
1,2,60,ED25519_signed-by_RSA-SHA3-384,ED25519_signed-by_RSA-SHA3-384,10.854,3202.21,1196.87,1,0,0,216,24,298.244,260.513,1674,1671
1,3,60,ED25519_signed-by_RSA-SHA3-384,ED25519_signed-by_RSA-SHA3-384,8.707,3991.81,1243.94,1,0,0,150,24,288.084,267.592,1674,1671
1,7,59,ED25519_signed-by_RSA-SHA3-384,ED25519_signed-by_RSA-SHA3-384,13.925,2496.17,1119.11,1,7,0.636364,140.545,16,287.767,258.058,1674,1671
1,6,64,ED25519_signed-by_RSA-SHA3-384,ED25519_signed-by_RSA-SHA3-384,10.037,3462.86,1767.69,1,7,0.5,182.286,9,285.006,269.121,1674,1671
1,5,58,ED25519_signed-by_RSA-SHA3-384,ED25519_signed-by_RSA-SHA3-384,9.006,3859.29,1470.88,1,0,0,199.818,15,298.349,278.307,1674,1671
1,8,61,ED25519_signed-by_RSA-SHA3-384,ED25519_signed-by_RSA-SHA3-384,10.36,3354.91,2036.88,0.875,17,1.0625,293.5,16,292.026,265.677,1674,1671
1,2,61,ED25519_signed-by_RSA-SHA3-384,ED25519_signed-by_RSA-SHA3-384,10.082,3447.41,1528.13,1,4,0.285714,173.714,24,285.37,261.703,1674,1671
1,3,61,ED25519_signed-by_RSA-SHA3-384,ED25519_signed-by_RSA-SHA3-384,9.342,3720.49,1621.77,1,4,0.307692,184.154,24,283.073,272.876,1674,1671
1,6,65,ED25519_signed-by_RSA-SHA3-384,ED25519_signed-by_RSA-SHA3-384,8.012,4338.08,1621.41,1,0,0,216,9,286.906,277.553,1674,1671
1,5,59,ED25519_signed-by_RSA-SHA3-384,ED25519_signed-by_RSA-SHA3-384,10.288,3378.39,1497.53,1,0,0,173.714,15,282.762,266.249,1674,1671
1,7,60,ED25519_signed-by_RSA-SHA3-384,ED25519_signed-by_RSA-SHA3-384,12.389,2805.71,1048.67,1,0,0,282.4,16,288.518,268.57,1674,1671
1,8,62,ED25519_signed-by_RSA-SHA3-384,ED25519_signed-by_RSA-SHA3-384,10.133,3430.08,2295.67,1,21,1.10526,261.368,16,301.185,260.163,1674,1671
1,2,62,ED25519_signed-by_RSA-SHA3-384,ED25519_signed-by_RSA-SHA3-384,13.954,2491,1099.59,1,3,0.214286,174.571,24,290.424,265.061,1674,1671
1,3,62,ED25519_signed-by_RSA-SHA3-384,ED25519_signed-by_RSA-SHA3-384,12.776,2720.7,1835.93,1,20,1,218,24,292.248,269.114,1674,1671
1,5,60,ED25519_signed-by_RSA-SHA3-384,ED25519_signed-by_RSA-SHA3-384,9.764,3559.71,1330.49,1,0,0,128.4,15,297.161,269.014,1674,1671
1,6,66,ED25519_signed-by_RSA-SHA3-384,ED25519_signed-by_RSA-SHA3-384,14.884,2335.36,1192.14,1,7,0.5,182.286,9,288.675,279.336,1674,1671
1,8,63,ED25519_signed-by_RSA-SHA3-384,ED25519_signed-by_RSA-SHA3-384,10.597,3279.88,1471.98,1,3,0.2,194.267,16,294.471,271.266,1674,1671
1,7,61,ED25519_signed-by_RSA-SHA3-384,ED25519_signed-by_RSA-SHA3-384,16.89,2057.96,2634.37,0.972222,58,1.61111,236.333,16,277.107,278.372,1674,1671
1,2,63,ED25519_signed-by_RSA-SHA3-384,ED25519_signed-by_RSA-SHA3-384,10.552,3293.87,1050.7,1,0,0,146,24,286.651,271.574,1674,1671
1,5,61,ED25519_signed-by_RSA-SHA3-384,ED25519_signed-by_RSA-SHA3-384,9.23,3765.64,1173.46,0.428571,0,0,150,15,284.862,269.335,1674,1671
1,6,67,ED25519_signed-by_RSA-SHA3-384,ED25519_signed-by_RSA-SHA3-384,8.69,3999.65,1494.92,0.3,0,0,216,9,282.527,273.487,1674,1671
1,8,64,ED25519_signed-by_RSA-SHA3-384,ED25519_signed-by_RSA-SHA3-384,9.604,3619.02,1352.66,0.3,0,0,149.6,16,297.041,263.764,1674,1671
1,3,63,ED25519_signed-by_RSA-SHA3-384,ED25519_signed-by_RSA-SHA3-384,14.502,2396.89,1157.35,0.8,11,1.1,170.8,24,286.711,265.987,1674,1671
1,7,62,ED25519_signed-by_RSA-SHA3-384,ED25519_signed-by_RSA-SHA3-384,8.732,3980.47,1487.75,0,0,0,137.6,16,287.531,268.097,1674,1671
1,2,64,ED25519_signed-by_RSA-SHA3-384,ED25519_signed-by_RSA-SHA3-384,9.861,3524.73,1317.41,0.8,0,0,234.4,24,283.065,286.462,1674,1671
1,5,62,ED25519_signed-by_RSA-SHA3-384,ED25519_signed-by_RSA-SHA3-384,11.808,2943.53,1121.86,0.727273,0,0,199.818,15,283.243,263.475,1674,1671
1,6,68,ED25519_signed-by_RSA-SHA3-384,ED25519_signed-by_RSA-SHA3-384,10.872,3196.94,1194.9,0.8,0,0,216,9,274.381,262.985,1674,1671
1,8,65,ED25519_signed-by_RSA-SHA3-384,ED25519_signed-by_RSA-SHA3-384,10.003,3474.66,1298.7,0.8,0,0,149.6,16,283.71,261.837,1674,1671
1,3,64,ED25519_signed-by_RSA-SHA3-384,ED25519_signed-by_RSA-SHA3-384,11.815,2941.78,1706.16,0.444444,7,0.388889,156.889,24,290.105,264.536,1674,1671
1,7,63,ED25519_signed-by_RSA-SHA3-384,ED25519_signed-by_RSA-SHA3-384,10.54,3297.65,1592.28,0.8,11,1.1,184.4,16,292.513,271.932,1674,1671
1,2,65,ED25519_signed-by_RSA-SHA3-384,ED25519_signed-by_RSA-SHA3-384,9.177,3787.44,1415.6,0,0,0,234.4,24,287.255,261.298,1674,1671
1,5,63,ED25519_signed-by_RSA-SHA3-384,ED25519_signed-by_RSA-SHA3-384,8.595,4043.93,1762.76,0,0,0,184.154,15,291.009,259.915,1674,1671
1,6,69,ED25519_signed-by_RSA-SHA3-384,ED25519_signed-by_RSA-SHA3-384,9.707,3580.67,1587.2,0.357143,0,0,173.714,9,276.018,273.069,1674,1671
1,8,66,ED25519_signed-by_RSA-SHA3-384,ED25519_signed-by_RSA-SHA3-384,9.939,3497.1,1089.77,0.714286,0,0,175.143,16,285.032,276.489,1674,1671
1,3,65,ED25519_signed-by_RSA-SHA3-384,ED25519_signed-by_RSA-SHA3-384,9.482,3665.62,1142.29,0.714286,0,0,150,24,286.85,258.759,1674,1671
1,7,64,ED25519_signed-by_RSA-SHA3-384,ED25519_signed-by_RSA-SHA3-384,10.51,3307.05,1441.56,1,0,0,199.231,16,281.934,267.992,1674,1671
1,2,66,ED25519_signed-by_RSA-SHA3-384,ED25519_signed-by_RSA-SHA3-384,11.016,3155.15,1179.28,1,0,0,234.4,24,287.509,271.497,1674,1671
1,6,70,ED25519_signed-by_RSA-SHA3-384,ED25519_signed-by_RSA-SHA3-384,8.346,4164.51,1297.76,1,0,0,150,9,283.154,267.74,1674,1671
1,8,67,ED25519_signed-by_RSA-SHA3-384,ED25519_signed-by_RSA-SHA3-384,9.666,3595.78,1370.45,1,0,0,236.909,16,291.645,269.954,1674,1671
1,3,66,ED25519_signed-by_RSA-SHA3-384,ED25519_signed-by_RSA-SHA3-384,11.661,2980.85,1831.73,1,17,1,234.706,24,279.207,262.989,1674,1671
1,5,64,ED25519_signed-by_RSA-SHA3-384,ED25519_signed-by_RSA-SHA3-384,17.323,2006.52,1254.25,1,19,1.26667,142.533,15,278.861,263.76,1674,1671
1,7,65,ED25519_signed-by_RSA-SHA3-384,ED25519_signed-by_RSA-SHA3-384,11.326,3068.8,1001.51,1,0,0,134,16,289.859,263.918,1674,1671
1,6,71,ED25519_signed-by_RSA-SHA3-384,ED25519_signed-by_RSA-SHA3-384,9.929,3500.58,1525.91,1,4,0.307692,184.154,9,273.511,272.129,1674,1671
1,2,67,ED25519_signed-by_RSA-SHA3-384,ED25519_signed-by_RSA-SHA3-384,12.536,2772.6,1208.59,1,4,0.307692,199.231,24,287.525,269.64,1674,1671
1,8,68,ED25519_signed-by_RSA-SHA3-384,ED25519_signed-by_RSA-SHA3-384,11.986,2899.82,2617.51,1,34,1.36,274.64,16,294.907,260.114,1674,1671
1,3,67,ED25519_signed-by_RSA-SHA3-384,ED25519_signed-by_RSA-SHA3-384,9.417,3690.96,1608.9,1,0,0,184.154,24,294.126,266.354,1674,1671
1,5,65,ED25519_signed-by_RSA-SHA3-384,ED25519_signed-by_RSA-SHA3-384,11.232,3094.51,1348.91,1,0,0,184.154,15,283.924,289.873,1674,1671
1,6,72,ED25519_signed-by_RSA-SHA3-384,ED25519_signed-by_RSA-SHA3-384,10.255,3389.31,1507.05,0.666667,3,0.2,164.4,9,291.428,265.339,1674,1671
1,2,68,ED25519_signed-by_RSA-SHA3-384,ED25519_signed-by_RSA-SHA3-384,10.644,3265.42,1489.54,1,7,0.4375,169,24,285.877,267.627,1674,1671
1,8,69,ED25519_signed-by_RSA-SHA3-384,ED25519_signed-by_RSA-SHA3-384,9.685,3588.79,1118.35,1,0,0,175.143,16,283.936,273.573,1674,1671
1,5,66,ED25519_signed-by_RSA-SHA3-384,ED25519_signed-by_RSA-SHA3-384,7.451,4664.88,1488.04,1,0,0,136,15,292.53,279.273,1674,1671
1,6,73,ED25519_signed-by_RSA-SHA3-384,ED25519_signed-by_RSA-SHA3-384,6.691,5194.7,1618.79,1,0,0,150,9,294.943,269.45,1674,1671
1,8,70,ED25519_signed-by_RSA-SHA3-384,ED25519_signed-by_RSA-SHA3-384,8.183,4247.5,1618.84,1,0,0,236.909,16,299.824,326.551,1674,1671
1,3,68,ED25519_signed-by_RSA-SHA3-384,ED25519_signed-by_RSA-SHA3-384,16.379,2122.19,1628.4,1,27,1.35,130.8,24,303.009,271.601,1674,1671
1,6,74,ED25519_signed-by_RSA-SHA3-384,ED25519_signed-by_RSA-SHA3-384,9.44,3681.82,2738.7,1,24,1.2,216,9,297.116,259.646,1674,1671
1,2,69,ED25519_signed-by_RSA-SHA3-384,ED25519_signed-by_RSA-SHA3-384,15.501,2242.38,2138.65,1,35,1.2069,180.759,24,278.322,270.694,1674,1671
1,5,67,ED25519_signed-by_RSA-SHA3-384,ED25519_signed-by_RSA-SHA3-384,13.878,2504.61,1881.48,1,24,1.14286,207.524,15,278.606,261.255,1674,1671
1,8,71,ED25519_signed-by_RSA-SHA3-384,ED25519_signed-by_RSA-SHA3-384,9.161,3793.97,2560.16,1,18,0.9,250.2,16,302.911,264.879,1674,1671
1,3,69,ED25519_signed-by_RSA-SHA3-384,ED25519_signed-by_RSA-SHA3-384,10.67,3257.72,1686.97,1,7,0.466667,172.667,24,286.506,258.634,1674,1671
1,6,75,ED25519_signed-by_RSA-SHA3-384,ED25519_signed-by_RSA-SHA3-384,9.29,3741.29,1651.5,0.857143,7,0.5,173.714,9,292.654,277.52,1674,1671
1,5,68,ED25519_signed-by_RSA-SHA3-384,ED25519_signed-by_RSA-SHA3-384,6.288,5527.46,2409.44,0.307692,0,0,196.462,15,274.533,262.307,1674,1671
1,2,70,ED25519_signed-by_RSA-SHA3-384,ED25519_signed-by_RSA-SHA3-384,9.65,3601.75,1750.72,0.818182,11,1,170.727,24,271.405,265.765,1674,1671
1,8,72,ED25519_signed-by_RSA-SHA3-384,ED25519_signed-by_RSA-SHA3-384,7.199,4828.01,1504.52,0.571429,0,0,175.143,16,295.184,283.015,1674,1671
1,5,69,ED25519_signed-by_RSA-SHA3-384,ED25519_signed-by_RSA-SHA3-384,7.594,4576.87,1710.67,1,0,0,128.4,15,283.864,277.396,1674,1671
1,6,76,ED25519_signed-by_RSA-SHA3-384,ED25519_signed-by_RSA-SHA3-384,8.984,3868.74,1526.13,1,1,0.0909091,201.273,9,281.301,277.294,1674,1671
1,8,73,ED25519_signed-by_RSA-SHA3-384,ED25519_signed-by_RSA-SHA3-384,8.2,4238.59,2549.98,1,7,0.466667,302.533,16,279.937,260.183,1674,1671
1,7,66,ED25519_signed-by_RSA-SHA3-384,ED25519_signed-by_RSA-SHA3-384,48.46,717.29,456.622,1,21,1,204.857,16,302.684,277.162,1674,1671
1,2,71,ED25519_signed-by_RSA-SHA3-384,ED25519_signed-by_RSA-SHA3-384,13.359,2601.94,2363,1,39,1.5,244.154,24,277.762,281.023,1674,1671
1,8,74,ED25519_signed-by_RSA-SHA3-384,ED25519_signed-by_RSA-SHA3-384,5.348,6499.03,2429.1,0.4,0,0,256.8,16,288.677,279.647,1674,1671
1,5,70,ED25519_signed-by_RSA-SHA3-384,ED25519_signed-by_RSA-SHA3-384,9.544,3641.74,1134.85,1,0,0,150,15,294.399,259.197,1674,1671
1,6,77,ED25519_signed-by_RSA-SHA3-384,ED25519_signed-by_RSA-SHA3-384,10.19,3410.89,1299.99,1,0,0,199.818,9,295.75,272.733,1674,1671
1,7,67,ED25519_signed-by_RSA-SHA3-384,ED25519_signed-by_RSA-SHA3-384,7.528,4617,1821.3,1,1,0.0909091,218.364,17,276.92,263.237,1674,1671
1,3,70,ED25519_signed-by_RSA-SHA3-384,ED25519_signed-by_RSA-SHA3-384,26.657,1303.95,963.335,1,24,0.923077,131.385,24,290.724,263.719,1674,1671
1,8,75,ED25519_signed-by_RSA-SHA3-384,ED25519_signed-by_RSA-SHA3-384,12.443,2793.49,1828.47,1,14,0.736842,180.947,16,292.554,266.938,1674,1671
1,6,78,ED25519_signed-by_RSA-SHA3-384,ED25519_signed-by_RSA-SHA3-384,10.56,3291.65,1366.66,1,2,0.166667,192,9,286.681,268.474,1674,1671
1,2,72,ED25519_signed-by_RSA-SHA3-384,ED25519_signed-by_RSA-SHA3-384,16.573,2097.33,1097.66,1,10,0.625,189,24,288.722,262.296,1674,1671
1,7,68,ED25519_signed-by_RSA-SHA3-384,ED25519_signed-by_RSA-SHA3-384,13.749,2528.15,1480.23,1,8,0.421053,162.211,17,276.772,279.598,1674,1671
1,3,71,ED25519_signed-by_RSA-SHA3-384,ED25519_signed-by_RSA-SHA3-384,10,3475.7,1299.09,1,0,0,234.4,24,289.391,276.62,1674,1671
1,5,71,ED25519_signed-by_RSA-SHA3-384,ED25519_signed-by_RSA-SHA3-384,19.313,1799.77,1240.99,1,18,0.818182,194.364,15,294.619,268.339,1674,1671
1,6,79,ED25519_signed-by_RSA-SHA3-384,ED25519_signed-by_RSA-SHA3-384,12.087,2875.6,1253.49,1,4,0.307692,184.154,9,292.318,272.744,1674,1671
1,8,76,ED25519_signed-by_RSA-SHA3-384,ED25519_signed-by_RSA-SHA3-384,14.955,2324.29,1030.29,1,0,0,205.429,16,279.11,261.825,1674,1671
1,3,72,ED25519_signed-by_RSA-SHA3-384,ED25519_signed-by_RSA-SHA3-384,10.237,3395.24,1269.02,0.3,0,0,234.4,24,275.525,268.872,1674,1671
1,2,73,ED25519_signed-by_RSA-SHA3-384,ED25519_signed-by_RSA-SHA3-384,13.793,2520.11,1530.05,1,17,1.0625,293.5,24,278.895,259.939,1674,1671
1,7,69,ED25519_signed-by_RSA-SHA3-384,ED25519_signed-by_RSA-SHA3-384,13.002,2673.42,1290.87,0.8,11,1.1,184.4,17,288.906,259.292,1674,1671
1,5,72,ED25519_signed-by_RSA-SHA3-384,ED25519_signed-by_RSA-SHA3-384,13.227,2627.77,982.162,0.3,0,0,128.4,15,295.383,275.711,1674,1671
1,4,0,ED25519_signed-by_RSA-SHA3-384,ED25519_signed-by_RSA-SHA3-384,1021.84,34.017,6.79556,1,0,0,179,24,306.371,311.818,1674,1671
1,6,80,ED25519_signed-by_RSA-SHA3-384,ED25519_signed-by_RSA-SHA3-384,15.705,2213.3,839.474,0.545455,3,0.272727,199.818,9,274.496,272.425,1674,1671
1,8,77,ED25519_signed-by_RSA-SHA3-384,ED25519_signed-by_RSA-SHA3-384,15.327,2267.88,706.722,0.857143,0,0,175.143,16,284.405,259.767,1674,1671
1,2,74,ED25519_signed-by_RSA-SHA3-384,ED25519_signed-by_RSA-SHA3-384,14.411,2412.04,901.531,0.6,0,0,256.8,24,281.455,263.397,1674,1671
1,3,73,ED25519_signed-by_RSA-SHA3-384,ED25519_signed-by_RSA-SHA3-384,16.535,2102.18,1360.49,0.333333,14,0.777778,175.111,24,293.698,260.826,1674,1671
1,7,70,ED25519_signed-by_RSA-SHA3-384,ED25519_signed-by_RSA-SHA3-384,16.05,2165.71,825.413,0.545455,0,0,216.545,17,291.469,264.26,1674,1671
1,5,73,ED25519_signed-by_RSA-SHA3-384,ED25519_signed-by_RSA-SHA3-384,12.95,2683.97,1003.17,0.6,0,0,128.4,15,278.106,261.87,1674,1671
1,6,81,ED25519_signed-by_RSA-SHA3-384,ED25519_signed-by_RSA-SHA3-384,10.83,3209.35,1398.97,0.230769,0,0,116.769,9,301.338,277.493,1674,1671
1,4,1,ED25519_signed-by_RSA-SHA3-384,ED25519_signed-by_RSA-SHA3-384,12.794,2716.69,1555.61,0.176471,7,0.411765,192.824,24,284.825,258.948,1674,1671
1,8,78,ED25519_signed-by_RSA-SHA3-384,ED25519_signed-by_RSA-SHA3-384,11.831,2937.83,1098.05,0.3,0,0,256.8,16,276.562,260.736,1674,1671
1,2,75,ED25519_signed-by_RSA-SHA3-384,ED25519_signed-by_RSA-SHA3-384,11.516,3018.18,1128.09,0.3,0,0,256.8,24,295.445,263.388,1674,1671
1,3,74,ED25519_signed-by_RSA-SHA3-384,ED25519_signed-by_RSA-SHA3-384,10.956,3172.45,1185.74,0.3,0,0,234.4,24,281.322,269.697,1674,1671
1,7,71,ED25519_signed-by_RSA-SHA3-384,ED25519_signed-by_RSA-SHA3-384,11.666,2979.38,1320.67,0.857143,0,0,205.429,17,298.081,264.61,1674,1671
1,5,74,ED25519_signed-by_RSA-SHA3-384,ED25519_signed-by_RSA-SHA3-384,12.251,2837.12,1060.41,1,0,0,128.4,15,281.547,260.43,1674,1671
1,8,79,ED25519_signed-by_RSA-SHA3-384,ED25519_signed-by_RSA-SHA3-384,9.686,3588.34,1441.94,1,1,0.0833333,192,16,289.027,285.064,1674,1671
1,6,82,ED25519_signed-by_RSA-SHA3-384,ED25519_signed-by_RSA-SHA3-384,14.82,2345.45,828.06,1,2,0.222222,128.667,9,279.022,282.91,1674,1671
1,7,72,ED25519_signed-by_RSA-SHA3-384,ED25519_signed-by_RSA-SHA3-384,9.813,3541.93,1376.01,1,1,0.0833333,131,17,285.407,277.464,1674,1671
1,3,75,ED25519_signed-by_RSA-SHA3-384,ED25519_signed-by_RSA-SHA3-384,13.707,2535.91,1313.19,1,7,0.466667,186.533,24,279.984,260.123,1674,1671
1,5,75,ED25519_signed-by_RSA-SHA3-384,ED25519_signed-by_RSA-SHA3-384,10.77,3227.2,1005.67,1,0,0,150,15,289.631,260.164,1674,1671
1,8,80,ED25519_signed-by_RSA-SHA3-384,ED25519_signed-by_RSA-SHA3-384,9.993,3478.16,1300.01,1,0,0,256.8,16,292.621,264.602,1674,1671
1,2,76,ED25519_signed-by_RSA-SHA3-384,ED25519_signed-by_RSA-SHA3-384,20.659,1682.49,1270.1,1,26,1.18182,236.909,24,286.981,258.524,1674,1671
1,6,83,ED25519_signed-by_RSA-SHA3-384,ED25519_signed-by_RSA-SHA3-384,10.402,3341.37,1248.88,0.9,0,0,216,9,273.812,260.604,1674,1671
1,4,2,ED25519_signed-by_RSA-SHA3-384,ED25519_signed-by_RSA-SHA3-384,24.601,1412.95,649.078,1,9,0.692308,169.077,24,282.92,266.235,1674,1671
1,7,73,ED25519_signed-by_RSA-SHA3-384,ED25519_signed-by_RSA-SHA3-384,10.767,3228.11,1096.59,0.888889,0,0,187.333,17,287.824,304.068,1674,1671
1,5,76,ED25519_signed-by_RSA-SHA3-384,ED25519_signed-by_RSA-SHA3-384,11.924,2915.09,1270.7,0.846154,0,0,184.154,15,290.319,269.918,1674,1671
1,3,76,ED25519_signed-by_RSA-SHA3-384,ED25519_signed-by_RSA-SHA3-384,15.184,2289.18,1702.79,0.55,24,1.2,234.4,24,288.045,266.205,1674,1671
1,8,81,ED25519_signed-by_RSA-SHA3-384,ED25519_signed-by_RSA-SHA3-384,11.52,3017.36,1337.5,0.214286,0,0,205.429,16,361.961,259.875,1674,1671
1,2,77,ED25519_signed-by_RSA-SHA3-384,ED25519_signed-by_RSA-SHA3-384,11.196,3104.41,1160.31,0.3,0,0,256.8,24,282.119,265.497,1674,1671
1,6,84,ED25519_signed-by_RSA-SHA3-384,ED25519_signed-by_RSA-SHA3-384,11.221,3097.49,1350.21,0.230769,0,0,184.154,10,285.947,258.122,1674,1671
1,4,3,ED25519_signed-by_RSA-SHA3-384,ED25519_signed-by_RSA-SHA3-384,11.837,2936.31,1097.48,0.3,0,0,256.8,24,282.954,259.134,1674,1671
1,7,74,ED25519_signed-by_RSA-SHA3-384,ED25519_signed-by_RSA-SHA3-384,11.828,2938.54,1098.32,0.3,0,0,256.8,17,288.305,262.797,1674,1671
1,5,77,ED25519_signed-by_RSA-SHA3-384,ED25519_signed-by_RSA-SHA3-384,12.073,2878.94,1097.25,0.363636,0,0,120.182,15,297.197,274.165,1674,1671
1,8,82,ED25519_signed-by_RSA-SHA3-384,ED25519_signed-by_RSA-SHA3-384,12.526,2775.01,1098.51,0.769231,0,0,123.846,16,283.254,271.26,1674,1671
1,2,78,ED25519_signed-by_RSA-SHA3-384,ED25519_signed-by_RSA-SHA3-384,11.967,2904.65,1085.65,1,0,0,256.8,24,274.033,268.633,1674,1671
1,6,85,ED25519_signed-by_RSA-SHA3-384,ED25519_signed-by_RSA-SHA3-384,12.549,2769.93,883.572,1,0,0,136,10,289.182,264.364,1674,1671
1,4,4,ED25519_signed-by_RSA-SHA3-384,ED25519_signed-by_RSA-SHA3-384,12.887,2697.27,1008.14,1,0,0,256.8,24,284.826,265.851,1674,1671
1,3,77,ED25519_signed-by_RSA-SHA3-384,ED25519_signed-by_RSA-SHA3-384,18.617,1867.06,1218.64,0.947368,15,0.789474,167.895,24,279.42,261.422,1674,1671
1,7,75,ED25519_signed-by_RSA-SHA3-384,ED25519_signed-by_RSA-SHA3-384,13.915,2497.99,1275.15,1,7,0.5,214.857,17,284.344,258.788,1674,1671
1,5,78,ED25519_signed-by_RSA-SHA3-384,ED25519_signed-by_RSA-SHA3-384,11.865,2929.61,1094.98,1,0,0,128.4,15,288.579,259.468,1674,1671
1,8,83,ED25519_signed-by_RSA-SHA3-384,ED25519_signed-by_RSA-SHA3-384,12.071,2879.42,1076.22,0.8,0,0,149.6,16,272.429,275.304,1674,1671
1,2,79,ED25519_signed-by_RSA-SHA3-384,ED25519_signed-by_RSA-SHA3-384,12.143,2862.35,1737.83,0.5,17,1.0625,293.5,24,274.73,279.367,1674,1671
1,6,86,ED25519_signed-by_RSA-SHA3-384,ED25519_signed-by_RSA-SHA3-384,11.076,3138.1,1172.91,0,0,0,216,10,281.048,261.695,1674,1671
1,4,5,ED25519_signed-by_RSA-SHA3-384,ED25519_signed-by_RSA-SHA3-384,12.287,2828.83,1057.31,0,0,0,256.8,24,273.78,261.095,1674,1671
1,3,78,ED25519_signed-by_RSA-SHA3-384,ED25519_signed-by_RSA-SHA3-384,12.325,2820.11,1054.05,0,0,0,218.4,24,291.163,268.786,1674,1671
1,7,76,ED25519_signed-by_RSA-SHA3-384,ED25519_signed-by_RSA-SHA3-384,12.423,2797.86,1045.74,0,0,0,256.8,17,291.5,259.428,1674,1671
1,5,79,ED25519_signed-by_RSA-SHA3-384,ED25519_signed-by_RSA-SHA3-384,13.55,2565.16,977.652,0.727273,0,0,125.273,15,282.654,264.29,1674,1671
1,8,84,ED25519_signed-by_RSA-SHA3-384,ED25519_signed-by_RSA-SHA3-384,13.618,2552.35,953.973,0.8,0,0,149.6,16,284.547,273.399,1674,1671
1,2,80,ED25519_signed-by_RSA-SHA3-384,ED25519_signed-by_RSA-SHA3-384,13.649,2546.55,951.807,0.8,0,0,256.8,24,287.928,272.545,1674,1671
1,6,87,ED25519_signed-by_RSA-SHA3-384,ED25519_signed-by_RSA-SHA3-384,14.149,2456.56,918.171,0.8,0,0,816,10,280.027,260.145,1674,1671
1,3,79,ED25519_signed-by_RSA-SHA3-384,ED25519_signed-by_RSA-SHA3-384,11.385,3052.93,1141.07,0.8,0,0,234.4,24,279.335,262.837,1674,1671
1,4,6,ED25519_signed-by_RSA-SHA3-384,ED25519_signed-by_RSA-SHA3-384,12.503,2779.94,1039.04,0.8,0,0,256.8,24,283.625,279.403,1674,1671
1,7,77,ED25519_signed-by_RSA-SHA3-384,ED25519_signed-by_RSA-SHA3-384,12.785,2718.62,1650.57,0.5,17,1.0625,293.5,17,283.286,257.284,1674,1671
1,5,80,ED25519_signed-by_RSA-SHA3-384,ED25519_signed-by_RSA-SHA3-384,10.716,3243.51,1010.75,0,0,0,150,15,282.399,260.619,1674,1671
1,2,81,ED25519_signed-by_RSA-SHA3-384,ED25519_signed-by_RSA-SHA3-384,10.023,3467.69,1296.09,0.6,0,0,256.8,24,288.766,276.654,1674,1671
1,6,88,ED25519_signed-by_RSA-SHA3-384,ED25519_signed-by_RSA-SHA3-384,9.227,3766.82,1641.97,0.461538,0,0,185.077,10,284.9,277.396,1674,1671
1,3,80,ED25519_signed-by_RSA-SHA3-384,ED25519_signed-by_RSA-SHA3-384,9.334,3723.65,1650.57,1,4,0.285714,187.714,24,285.599,266.394,1674,1671
1,8,85,ED25519_signed-by_RSA-SHA3-384,ED25519_signed-by_RSA-SHA3-384,13.779,2522.64,1130.98,1,7,0.636364,151.455,16,289.657,265.939,1674,1671
1,7,78,ED25519_signed-by_RSA-SHA3-384,ED25519_signed-by_RSA-SHA3-384,8.872,3917.56,1464.24,1,0,0,256.8,17,285.34,282.988,1674,1671
1,4,7,ED25519_signed-by_RSA-SHA3-384,ED25519_signed-by_RSA-SHA3-384,11.388,3052.32,1330.52,1,4,0.307692,216.462,24,286.1,268.316,1674,1671
1,5,81,ED25519_signed-by_RSA-SHA3-384,ED25519_signed-by_RSA-SHA3-384,18.368,1892.42,1352.78,1,15,0.681818,147.273,15,274.363,271.671,1674,1671
1,7,79,ED25519_signed-by_RSA-SHA3-384,ED25519_signed-by_RSA-SHA3-384,11.071,3139.64,1196.61,1,0,0,236.909,17,290.087,270.44,1674,1671
1,2,82,ED25519_signed-by_RSA-SHA3-384,ED25519_signed-by_RSA-SHA3-384,15.092,2303.12,1415.27,1,17,1,278.471,24,280.563,270.088,1674,1671
1,6,89,ED25519_signed-by_RSA-SHA3-384,ED25519_signed-by_RSA-SHA3-384,16.354,2125.39,1677.81,1,22,0.956522,109.652,10,295.8,258.9,1674,1671
1,8,86,ED25519_signed-by_RSA-SHA3-384,ED25519_signed-by_RSA-SHA3-384,14.958,2323.75,1330.61,1,7,0.411765,192.824,16,292.833,269,1674,1671
1,4,8,ED25519_signed-by_RSA-SHA3-384,ED25519_signed-by_RSA-SHA3-384,15.105,2301.14,1426.76,1,20,1.11111,440,24,283.507,280.905,1674,1671
1,3,81,ED25519_signed-by_RSA-SHA3-384,ED25519_signed-by_RSA-SHA3-384,18.254,1904.16,732.74,1,4,0.333333,201.667,24,295.101,265.514,1674,1671
1,5,82,ED25519_signed-by_RSA-SHA3-384,ED25519_signed-by_RSA-SHA3-384,10.325,3366.27,1049.01,1,0,0,150,15,280.025,258.903,1674,1671
1,2,83,ED25519_signed-by_RSA-SHA3-384,ED25519_signed-by_RSA-SHA3-384,9.623,3611.84,1843.74,0.928571,7,0.5,214.857,24,289.817,269.766,1674,1671
1,4,9,ED25519_signed-by_RSA-SHA3-384,ED25519_signed-by_RSA-SHA3-384,6.058,5737.2,2144.35,0.8,0,0,256.8,24,291.11,261.481,1674,1671
1,3,82,ED25519_signed-by_RSA-SHA3-384,ED25519_signed-by_RSA-SHA3-384,8.21,4233.39,1582.29,1,0,0,216,24,286.563,266.727,1674,1671
1,7,80,ED25519_signed-by_RSA-SHA3-384,ED25519_signed-by_RSA-SHA3-384,17.377,2000.26,1035.81,1,7,0.466667,203.067,17,295.361,265.172,1674,1671
1,4,10,ED25519_signed-by_RSA-SHA3-384,ED25519_signed-by_RSA-SHA3-384,12.549,2769.92,1055.69,1,0,0,236.909,24,291.051,261.634,1674,1671
1,5,83,ED25519_signed-by_RSA-SHA3-384,ED25519_signed-by_RSA-SHA3-384,14.614,2378.5,1036.8,1,0,0,184.154,15,281.245,263.26,1674,1671
1,2,84,ED25519_signed-by_RSA-SHA3-384,ED25519_signed-by_RSA-SHA3-384,16.187,2147.35,1597.29,1,24,1.2,256.8,24,298.098,264.719,1674,1671
1,6,90,ED25519_signed-by_RSA-SHA3-384,ED25519_signed-by_RSA-SHA3-384,24.583,1413.97,1175.44,1,30,1.30435,122.87,10,294.416,269.514,1674,1671
1,3,83,ED25519_signed-by_RSA-SHA3-384,ED25519_signed-by_RSA-SHA3-384,16.936,2052.37,1246.06,1,17,1.0625,245.5,24,294.939,283.681,1674,1671
1,8,87,ED25519_signed-by_RSA-SHA3-384,ED25519_signed-by_RSA-SHA3-384,28.726,1210.02,679.506,1,14,0.875,147.75,17,283.635,274.044,1674,1671
1,4,11,ED25519_signed-by_RSA-SHA3-384,ED25519_signed-by_RSA-SHA3-384,10.517,3305.12,1235.33,1,0,0,256.8,24,295.476,260.804,1674,1671
1,5,84,ED25519_signed-by_RSA-SHA3-384,ED25519_signed-by_RSA-SHA3-384,10.267,3385.6,1079.96,1,0,0,136,15,281.218,266.392,1674,1671
1,6,91,ED25519_signed-by_RSA-SHA3-384,ED25519_signed-by_RSA-SHA3-384,12.2,2849.13,2237.33,1,11,0.5,160.545,10,283.432,270.6,1674,1671
1,8,88,ED25519_signed-by_RSA-SHA3-384,ED25519_signed-by_RSA-SHA3-384,8.038,4324.08,1347.48,1,0,0,175.143,17,291.872,273.208,1674,1671
1,4,12,ED25519_signed-by_RSA-SHA3-384,ED25519_signed-by_RSA-SHA3-384,9.579,3628.46,1608.38,1,0,0,205.429,24,296.773,270.308,1674,1671
1,5,85,ED25519_signed-by_RSA-SHA3-384,ED25519_signed-by_RSA-SHA3-384,11.087,3134.95,1324.69,0.846154,2,0.153846,177.385,15,280.082,272.729,1674,1671
1,2,85,ED25519_signed-by_RSA-SHA3-384,ED25519_signed-by_RSA-SHA3-384,19.58,1775.21,1916.17,1,52,1.7931,303.103,24,284.42,262.467,1674,1671
1,6,92,ED25519_signed-by_RSA-SHA3-384,ED25519_signed-by_RSA-SHA3-384,12.643,2749.34,856.756,1,0,0,150,10,281.129,292.727,1674,1671
1,7,81,ED25519_signed-by_RSA-SHA3-384,ED25519_signed-by_RSA-SHA3-384,36.289,957.864,918.844,1,34,1.13333,201.067,17,289.436,270.643,1674,1671
1,3,84,ED25519_signed-by_RSA-SHA3-384,ED25519_signed-by_RSA-SHA3-384,24.128,1440.65,893.234,1,18,1,222.444,24,274.617,267.888,1674,1671
1,8,89,ED25519_signed-by_RSA-SHA3-384,ED25519_signed-by_RSA-SHA3-384,15.472,2246.6,1380.54,1,17,1,278.471,17,273.366,264.212,1674,1671
1,4,13,ED25519_signed-by_RSA-SHA3-384,ED25519_signed-by_RSA-SHA3-384,13.293,2614.9,834.119,1,0,0,158,24,286.594,260.137,1674,1671
1,2,86,ED25519_signed-by_RSA-SHA3-384,ED25519_signed-by_RSA-SHA3-384,13.183,2636.72,1600.84,0.9375,11,0.6875,217.25,24,282.395,264.244,1674,1671
1,6,93,ED25519_signed-by_RSA-SHA3-384,ED25519_signed-by_RSA-SHA3-384,10.218,3401.58,1482.76,0,0,0,184.154,10,288.856,270.531,1674,1671
1,7,82,ED25519_signed-by_RSA-SHA3-384,ED25519_signed-by_RSA-SHA3-384,10.206,3405.59,1061.26,0,0,0,175.143,17,287.909,260.806,1674,1671
1,3,85,ED25519_signed-by_RSA-SHA3-384,ED25519_signed-by_RSA-SHA3-384,11.18,3108.88,1378.07,0.214286,0,0,187.714,24,300.951,263.314,1674,1671
1,8,90,ED25519_signed-by_RSA-SHA3-384,ED25519_signed-by_RSA-SHA3-384,11.368,3057.46,1142.76,0.3,0,0,252,17,282.761,261.333,1674,1671
1,5,86,ED25519_signed-by_RSA-SHA3-384,ED25519_signed-by_RSA-SHA3-384,22.444,1548.68,1318.79,0.75,36,1.5,255.5,15,283.872,270.422,1674,1671
1,4,14,ED25519_signed-by_RSA-SHA3-384,ED25519_signed-by_RSA-SHA3-384,12.647,2748.48,1027.28,0.3,0,0,256.8,24,291.15,270.256,1674,1671
1,2,87,ED25519_signed-by_RSA-SHA3-384,ED25519_signed-by_RSA-SHA3-384,12.616,2755.21,1235.25,0.545455,7,0.636364,151.455,24,281.804,267.511,1674,1671
1,7,83,ED25519_signed-by_RSA-SHA3-384,ED25519_signed-by_RSA-SHA3-384,9.853,3527.55,1318.47,1,0,0,256.8,17,297.257,269.944,1674,1671
1,3,86,ED25519_signed-by_RSA-SHA3-384,ED25519_signed-by_RSA-SHA3-384,9.383,3704.23,1181.6,1,0,0,146,24,280.928,288.595,1674,1671
1,8,91,ED25519_signed-by_RSA-SHA3-384,ED25519_signed-by_RSA-SHA3-384,8.603,4040.09,1510.04,1,0,0,216,17,291.334,262.249,1674,1671
1,6,94,ED25519_signed-by_RSA-SHA3-384,ED25519_signed-by_RSA-SHA3-384,16.01,2171.09,1120.27,1,11,0.733333,125.467,10,286.402,257.923,1674,1671
1,5,87,ED25519_signed-by_RSA-SHA3-384,ED25519_signed-by_RSA-SHA3-384,11.057,3143.45,1174.9,1,0,0,216,15,303.522,266.772,1674,1671
1,4,15,ED25519_signed-by_RSA-SHA3-384,ED25519_signed-by_RSA-SHA3-384,10.336,3362.71,1256.86,1,0,0,256.8,24,279.602,271.619,1674,1671
1,3,87,ED25519_signed-by_RSA-SHA3-384,ED25519_signed-by_RSA-SHA3-384,9.305,3735.23,1628.2,0.461538,0,0,199.231,24,291.099,275.371,1674,1671
1,8,92,ED25519_signed-by_RSA-SHA3-384,ED25519_signed-by_RSA-SHA3-384,9.472,3669.38,1371.48,0.6,0,0,216,17,282.872,273.579,1674,1671
1,2,88,ED25519_signed-by_RSA-SHA3-384,ED25519_signed-by_RSA-SHA3-384,14.705,2363.74,1581.99,0.736842,17,0.894737,261.368,24,283.699,257.916,1674,1671
1,5,88,ED25519_signed-by_RSA-SHA3-384,ED25519_signed-by_RSA-SHA3-384,9.18,3786.48,1415.25,0.3,0,0,216,15,284.88,256.484,1674,1671
1,7,84,ED25519_signed-by_RSA-SHA3-384,ED25519_signed-by_RSA-SHA3-384,14.943,2326.09,1187.41,0.428571,7,0.5,138.286,17,289.86,269.191,1674,1671
1,6,95,ED25519_signed-by_RSA-SHA3-384,ED25519_signed-by_RSA-SHA3-384,11.466,3031.54,1338.2,0.214286,7,0.5,173.714,10,281.778,261.901,1674,1671
1,4,16,ED25519_signed-by_RSA-SHA3-384,ED25519_signed-by_RSA-SHA3-384,11.779,2950.98,1286.34,0.230769,0,0,135.846,24,289.593,256.653,1674,1671
1,3,88,ED25519_signed-by_RSA-SHA3-384,ED25519_signed-by_RSA-SHA3-384,10.898,3189.3,993.858,0.857143,0,0,161.429,24,298.429,270.396,1674,1671
1,7,85,ED25519_signed-by_RSA-SHA3-384,ED25519_signed-by_RSA-SHA3-384,8.217,4229.85,1843.81,0.461538,0,0,218.308,17,291.285,272.519,1674,1671
1,8,93,ED25519_signed-by_RSA-SHA3-384,ED25519_signed-by_RSA-SHA3-384,13.785,2521.54,1099.15,1,4,0.307692,184.154,17,294.804,287.544,1674,1671
1,2,89,ED25519_signed-by_RSA-SHA3-384,ED25519_signed-by_RSA-SHA3-384,13.384,2597.11,1164.36,1,7,0.636364,151.455,24,280.189,269.657,1674,1671
1,6,96,ED25519_signed-by_RSA-SHA3-384,ED25519_signed-by_RSA-SHA3-384,10.768,3227.79,1005.85,1,0,0,150,10,276.941,263.382,1674,1671
1,5,89,ED25519_signed-by_RSA-SHA3-384,ED25519_signed-by_RSA-SHA3-384,17.329,2005.84,1053.47,1,7,0.4375,164.25,15,285.739,263.193,1674,1671
1,4,17,ED25519_signed-by_RSA-SHA3-384,ED25519_signed-by_RSA-SHA3-384,14.536,2391.26,911.377,1,4,0.363636,127.818,24,302.588,262.423,1674,1671
1,7,86,ED25519_signed-by_RSA-SHA3-384,ED25519_signed-by_RSA-SHA3-384,17.361,2002.13,668.146,1,0,0,134,17,281.235,275.227,1674,1671
1,2,90,ED25519_signed-by_RSA-SHA3-384,ED25519_signed-by_RSA-SHA3-384,14.995,2318.06,866.404,1,0,0,256.8,24,291.549,264.15,1674,1671
1,8,94,ED25519_signed-by_RSA-SHA3-384,ED25519_signed-by_RSA-SHA3-384,17.593,1975.73,1210.45,1,20,1.17647,254.471,17,276.536,263.358,1674,1671
1,6,97,ED25519_signed-by_RSA-SHA3-384,ED25519_signed-by_RSA-SHA3-384,16.594,2094.68,782.913,1,0,0,216,10,295.703,274.793,1674,1671
1,5,90,ED25519_signed-by_RSA-SHA3-384,ED25519_signed-by_RSA-SHA3-384,14.245,2440.1,1966.68,1,24,1.04348,208.957,15,280.617,259.36,1674,1671
1,3,89,ED25519_signed-by_RSA-SHA3-384,ED25519_signed-by_RSA-SHA3-384,26.801,1296.96,1383.83,1,52,1.52941,284.941,24,296.384,273.248,1674,1671
1,4,18,ED25519_signed-by_RSA-SHA3-384,ED25519_signed-by_RSA-SHA3-384,20.693,1679.73,1005.13,1,15,0.714286,163.333,24,278.938,272.822,1674,1671
1,7,87,ED25519_signed-by_RSA-SHA3-384,ED25519_signed-by_RSA-SHA3-384,13.608,2554.37,954.727,1,0,0,256.8,17,278.719,271.088,1674,1671
1,2,91,ED25519_signed-by_RSA-SHA3-384,ED25519_signed-by_RSA-SHA3-384,14.301,2430.57,908.457,1,0,0,256.8,24,275.894,269.279,1674,1671
1,8,95,ED25519_signed-by_RSA-SHA3-384,ED25519_signed-by_RSA-SHA3-384,13.846,2510.45,938.313,1,0,0,216,17,284.302,263.423,1674,1671
1,6,98,ED25519_signed-by_RSA-SHA3-384,ED25519_signed-by_RSA-SHA3-384,14.969,2322.1,1409.83,1,17,1.0625,245.5,10,279.911,257.885,1674,1671
1,5,91,ED25519_signed-by_RSA-SHA3-384,ED25519_signed-by_RSA-SHA3-384,12.989,2676.1,1199.78,0.545455,7,0.636364,131.091,15,320.392,262.583,1674,1671
1,3,90,ED25519_signed-by_RSA-SHA3-384,ED25519_signed-by_RSA-SHA3-384,11.581,3001.45,1308.34,0.461538,0,0,199.231,24,284.404,265.896,1674,1671
1,4,19,ED25519_signed-by_RSA-SHA3-384,ED25519_signed-by_RSA-SHA3-384,11.146,3118.36,1376.53,0,3,0.214286,205.429,24,284.84,273.651,1674,1671
1,7,88,ED25519_signed-by_RSA-SHA3-384,ED25519_signed-by_RSA-SHA3-384,11.801,2945.27,1100.83,0,0,0,256.8,17,274.943,262.98,1674,1671
1,2,92,ED25519_signed-by_RSA-SHA3-384,ED25519_signed-by_RSA-SHA3-384,11.098,3131.85,1170.57,0,0,0,256.8,24,336.452,261.914,1674,1671
1,8,96,ED25519_signed-by_RSA-SHA3-384,ED25519_signed-by_RSA-SHA3-384,11.665,2979.62,1298.82,0,0,0,184.154,17,295.124,282.193,1674,1671
1,6,99,ED25519_signed-by_RSA-SHA3-384,ED25519_signed-by_RSA-SHA3-384,10.656,3261.75,1219.12,0,0,0,216,10,289.841,265.349,1674,1671
1,3,91,ED25519_signed-by_RSA-SHA3-384,ED25519_signed-by_RSA-SHA3-384,9.674,3592.84,1119.61,0.714286,0,0,161.429,24,285.316,254.671,1674,1671
1,5,92,ED25519_signed-by_RSA-SHA3-384,ED25519_signed-by_RSA-SHA3-384,12.558,2767.94,1034.55,0.6,0,0,216,15,289.02,262.617,1674,1671
1,4,20,ED25519_signed-by_RSA-SHA3-384,ED25519_signed-by_RSA-SHA3-384,10.457,3323.78,1242.31,0.6,0,0,146,24,291.289,275.101,1674,1671
1,7,89,ED25519_signed-by_RSA-SHA3-384,ED25519_signed-by_RSA-SHA3-384,10.044,3460.45,1519.57,0.428571,0,0,205.143,17,289.111,263.321,1674,1671
1,3,92,ED25519_signed-by_RSA-SHA3-384,ED25519_signed-by_RSA-SHA3-384,8.534,4072.69,1522.22,0.1,0,0,234.4,24,289.993,265.1,1674,1671
1,2,93,ED25519_signed-by_RSA-SHA3-384,ED25519_signed-by_RSA-SHA3-384,12.814,2712.62,1182.44,0.461538,0,0,218.308,24,313.826,257.646,1674,1671
1,5,93,ED25519_signed-by_RSA-SHA3-384,ED25519_signed-by_RSA-SHA3-384,9.882,3517.16,1533.14,0.230769,0,0,184.154,15,293.68,264.482,1674,1671
1,8,97,ED25519_signed-by_RSA-SHA3-384,ED25519_signed-by_RSA-SHA3-384,14.648,2372.96,1293.25,0.923077,11,0.846154,182.615,17,285.514,266.283,1674,1671
1,7,90,ED25519_signed-by_RSA-SHA3-384,ED25519_signed-by_RSA-SHA3-384,10.71,3245.54,1011.38,1,0,0,175.143,17,273.948,288.159,1674,1671
1,2,94,ED25519_signed-by_RSA-SHA3-384,ED25519_signed-by_RSA-SHA3-384,8.207,4234.97,1319.71,1,0,0,175.143,24,277.006,277.729,1674,1671
1,3,93,ED25519_signed-by_RSA-SHA3-384,ED25519_signed-by_RSA-SHA3-384,11.271,3083.99,1765.93,0.529412,7,0.411765,176.824,24,281.69,258.256,1674,1671
1,4,21,ED25519_signed-by_RSA-SHA3-384,ED25519_signed-by_RSA-SHA3-384,16.005,2171.75,1405.51,0.5,14,0.777778,117.556,24,282.796,258.627,1674,1671
1,5,94,ED25519_signed-by_RSA-SHA3-384,ED25519_signed-by_RSA-SHA3-384,10.015,3470.45,1107.03,1,0,0,136,15,288.871,266.709,1674,1671
1,8,98,ED25519_signed-by_RSA-SHA3-384,ED25519_signed-by_RSA-SHA3-384,10.805,3216.99,1002.49,1,0,0,150,17,303.084,277.896,1674,1671
1,3,94,ED25519_signed-by_RSA-SHA3-384,ED25519_signed-by_RSA-SHA3-384,9.106,3817.21,1189.53,1,0,0,161.429,24,287.95,264.516,1674,1671
1,7,91,ED25519_signed-by_RSA-SHA3-384,ED25519_signed-by_RSA-SHA3-384,12.312,2823.17,2038.92,1,15,0.652174,162.87,17,286.152,262.655,1674,1671
1,8,99,ED25519_signed-by_RSA-SHA3-384,ED25519_signed-by_RSA-SHA3-384,7.98,4355.37,2349.59,0.5,3,0.25,142,17,286.493,265.125,1674,1671
1,2,95,ED25519_signed-by_RSA-SHA3-384,ED25519_signed-by_RSA-SHA3-384,14.634,2375.2,1537.18,1,14,0.777778,188.889,24,288.689,255.48,1674,1671
1,5,95,ED25519_signed-by_RSA-SHA3-384,ED25519_signed-by_RSA-SHA3-384,13.931,2495.05,2101.7,1,22,1,218.909,15,282.812,264.751,1674,1671
1,4,22,ED25519_signed-by_RSA-SHA3-384,ED25519_signed-by_RSA-SHA3-384,15.571,2232.26,1460.09,1,22,1.69231,191.846,24,279.648,273.793,1674,1671
1,3,95,ED25519_signed-by_RSA-SHA3-384,ED25519_signed-by_RSA-SHA3-384,10.76,3230.22,1648.94,0.214286,7,0.5,197.143,24,296.292,274.246,1674,1671
1,7,92,ED25519_signed-by_RSA-SHA3-384,ED25519_signed-by_RSA-SHA3-384,12.745,2727.13,1059.47,1,0,0,290,17,296.67,269.458,1674,1671
1,2,96,ED25519_signed-by_RSA-SHA3-384,ED25519_signed-by_RSA-SHA3-384,11.805,2944.28,1122.15,1,0,0,236.909,24,282.275,265.645,1674,1671
1,5,96,ED25519_signed-by_RSA-SHA3-384,ED25519_signed-by_RSA-SHA3-384,9.889,3514.73,1313.68,1,0,0,216,15,295.486,276.616,1674,1671
1,4,23,ED25519_signed-by_RSA-SHA3-384,ED25519_signed-by_RSA-SHA3-384,10.995,3161.18,1810.13,0.764706,7,0.411765,163.882,24,277.924,259.732,1674,1671
1,7,93,ED25519_signed-by_RSA-SHA3-384,ED25519_signed-by_RSA-SHA3-384,6.548,5308.03,1654.1,0.571429,0,0,175.143,17,287.089,277.412,1674,1671
1,2,97,ED25519_signed-by_RSA-SHA3-384,ED25519_signed-by_RSA-SHA3-384,6.42,5413.85,2063.37,0.727273,0,0,139.455,24,281.351,268.45,1674,1671
1,5,97,ED25519_signed-by_RSA-SHA3-384,ED25519_signed-by_RSA-SHA3-384,9.553,3638.31,1359.87,1,0,0,216,15,284.276,271.71,1674,1671
1,4,24,ED25519_signed-by_RSA-SHA3-384,ED25519_signed-by_RSA-SHA3-384,10.713,3244.62,1236.61,1,0,0,120.182,24,282.35,285.977,1674,1671
1,2,98,ED25519_signed-by_RSA-SHA3-384,ED25519_signed-by_RSA-SHA3-384,8.896,3906.94,2643.59,1,17,0.85,250.2,24,287.421,258.728,1674,1671
1,3,96,ED25519_signed-by_RSA-SHA3-384,ED25519_signed-by_RSA-SHA3-384,21.319,1630.39,1332.08,1,26,1.04,234,24,288.536,255.934,1674,1671
1,7,94,ED25519_signed-by_RSA-SHA3-384,ED25519_signed-by_RSA-SHA3-384,13.017,2670.29,2410.33,1,34,1.36,269.36,17,289.237,278.39,1674,1671
1,5,98,ED25519_signed-by_RSA-SHA3-384,ED25519_signed-by_RSA-SHA3-384,7.904,4397.37,1916.83,0.307692,0,0,184.154,15,298.685,259.334,1674,1671
1,4,25,ED25519_signed-by_RSA-SHA3-384,ED25519_signed-by_RSA-SHA3-384,9.428,3686.56,1148.82,1,0,0,150,24,286.241,272.859,1674,1671
1,2,99,ED25519_signed-by_RSA-SHA3-384,ED25519_signed-by_RSA-SHA3-384,9.178,3786.97,1208,1,0,0,158,24,273.874,289.686,1674,1671
1,3,97,ED25519_signed-by_RSA-SHA3-384,ED25519_signed-by_RSA-SHA3-384,10.454,3324.73,1515.07,0.916667,7,0.583333,132,24,281.013,271.142,1674,1671
1,7,95,ED25519_signed-by_RSA-SHA3-384,ED25519_signed-by_RSA-SHA3-384,10.204,3406.18,1086.53,1,0,0,158,17,276.601,272.349,1674,1671
1,5,99,ED25519_signed-by_RSA-SHA3-384,ED25519_signed-by_RSA-SHA3-384,11.519,3017.6,2057.11,0.823529,22,1.29412,137.294,15,283.026,276.789,1674,1671
1,4,26,ED25519_signed-by_RSA-SHA3-384,ED25519_signed-by_RSA-SHA3-384,8.878,3914.93,1706.53,0.692308,4,0.307692,184.154,24,283.028,271.133,1674,1671
1,7,96,ED25519_signed-by_RSA-SHA3-384,ED25519_signed-by_RSA-SHA3-384,5.121,6787.11,2536.77,1,0,0,256.8,17,285.707,264.321,1674,1671
1,3,98,ED25519_signed-by_RSA-SHA3-384,ED25519_signed-by_RSA-SHA3-384,10.395,3343.67,1323.62,1,0,0,189.077,24,289.536,280.96,1674,1671
1,7,97,ED25519_signed-by_RSA-SHA3-384,ED25519_signed-by_RSA-SHA3-384,7.72,4502.26,3013.25,0.894737,17,0.894737,261.368,17,284.374,265.123,1674,1671
1,3,99,ED25519_signed-by_RSA-SHA3-384,ED25519_signed-by_RSA-SHA3-384,5.512,6305.62,2356.81,0,0,0,234.4,24,279.495,266.566,1674,1671
1,7,98,ED25519_signed-by_RSA-SHA3-384,ED25519_signed-by_RSA-SHA3-384,4.024,8637.31,3228.3,0,0,0,149.6,17,284.211,257.635,1674,1671
1,4,27,ED25519_signed-by_RSA-SHA3-384,ED25519_signed-by_RSA-SHA3-384,13.618,2552.49,1563.8,1,20,1.17647,254.471,24,300.315,283.32,1674,1671
1,7,99,ED25519_signed-by_RSA-SHA3-384,ED25519_signed-by_RSA-SHA3-384,3.696,9404.01,2930.5,0,0,0,175.143,17,296.165,265.487,1674,1671
1,4,28,ED25519_signed-by_RSA-SHA3-384,ED25519_signed-by_RSA-SHA3-384,2.989,11628.3,5068.81,0.230769,4,0.307692,186,24,294.971,254.328,1674,1671
1,4,29,ED25519_signed-by_RSA-SHA3-384,ED25519_signed-by_RSA-SHA3-384,2.947,11793.9,5271.28,0.0666667,4,0.266667,164.667,24,286.452,262.134,1674,1671
1,4,30,ED25519_signed-by_RSA-SHA3-384,ED25519_signed-by_RSA-SHA3-384,1.696,20493.5,7659.73,0,0,0,128.4,24,292.1,266.399,1674,1671
1,4,31,ED25519_signed-by_RSA-SHA3-384,ED25519_signed-by_RSA-SHA3-384,1.985,17510.1,6544.61,0,0,0,128.4,24,282.839,265.755,1674,1671
1,4,32,ED25519_signed-by_RSA-SHA3-384,ED25519_signed-by_RSA-SHA3-384,1.715,20266.5,7574.87,0,0,0,128.4,24,287.163,262.756,1674,1671
1,4,33,ED25519_signed-by_RSA-SHA3-384,ED25519_signed-by_RSA-SHA3-384,1.834,18951.6,7083.41,0,0,0,128.4,24,280.095,270.571,1674,1671
1,4,34,ED25519_signed-by_RSA-SHA3-384,ED25519_signed-by_RSA-SHA3-384,1.691,20554.1,7682.37,0,0,0,128.4,24,286.081,269.976,1674,1671
1,4,35,ED25519_signed-by_RSA-SHA3-384,ED25519_signed-by_RSA-SHA3-384,1.725,20149,7530.97,0,0,0,128.4,24,289.433,268.974,1674,1671
1,4,36,ED25519_signed-by_RSA-SHA3-384,ED25519_signed-by_RSA-SHA3-384,1.754,19815.9,7406.46,0,0,0,128.4,24,289.126,268.256,1674,1671
1,4,37,ED25519_signed-by_RSA-SHA3-384,ED25519_signed-by_RSA-SHA3-384,1.695,20505.6,7664.25,0,0,0,128.4,24,286.956,263.594,1674,1671
1,4,38,ED25519_signed-by_RSA-SHA3-384,ED25519_signed-by_RSA-SHA3-384,1.806,19245.4,7193.22,0,0,0,128.4,24,280.254,270.788,1674,1671
1,4,39,ED25519_signed-by_RSA-SHA3-384,ED25519_signed-by_RSA-SHA3-384,1.627,21362.6,7984.54,0,0,0,128.4,24,287.949,268.121,1674,1671
1,4,40,ED25519_signed-by_RSA-SHA3-384,ED25519_signed-by_RSA-SHA3-384,1.679,20701,7737.28,0,0,0,128.4,24,280.027,292.19,1674,1671
1,4,41,ED25519_signed-by_RSA-SHA3-384,ED25519_signed-by_RSA-SHA3-384,1.685,20627.3,7709.73,0,0,0,128.4,24,294.797,270.247,1674,1671
1,4,42,ED25519_signed-by_RSA-SHA3-384,ED25519_signed-by_RSA-SHA3-384,1.594,21804.8,8149.83,0,0,0,128.4,24,308.436,262.725,1674,1671
1,4,43,ED25519_signed-by_RSA-SHA3-384,ED25519_signed-by_RSA-SHA3-384,1.728,20114.1,7517.89,0,0,0,128.4,24,294.135,263.498,1674,1671
1,4,44,ED25519_signed-by_RSA-SHA3-384,ED25519_signed-by_RSA-SHA3-384,1.818,19118.4,7145.75,0,0,0,128.4,24,287.035,264.517,1674,1671
1,4,45,ED25519_signed-by_RSA-SHA3-384,ED25519_signed-by_RSA-SHA3-384,1.843,18859.1,7048.83,0,0,0,128.4,24,289.988,263.255,1674,1671
1,4,46,ED25519_signed-by_RSA-SHA3-384,ED25519_signed-by_RSA-SHA3-384,1.994,17431,6515.08,0,0,0,128.4,24,284.463,268.011,1674,1671
1,4,47,ED25519_signed-by_RSA-SHA3-384,ED25519_signed-by_RSA-SHA3-384,1.627,21362.6,7984.54,0,0,0,128.4,24,290.6,267.348,1674,1671
1,4,48,ED25519_signed-by_RSA-SHA3-384,ED25519_signed-by_RSA-SHA3-384,1.625,21388.9,7994.37,0,0,0,128.4,24,292.187,266.794,1674,1671
1,4,49,ED25519_signed-by_RSA-SHA3-384,ED25519_signed-by_RSA-SHA3-384,1.841,18879.6,7056.48,0,0,0,128.4,24,290.956,263.956,1674,1671
1,4,50,ED25519_signed-by_RSA-SHA3-384,ED25519_signed-by_RSA-SHA3-384,2.049,16963.2,6340.21,0,0,0,128.4,24,284.329,262.894,1674,1671
1,4,51,ED25519_signed-by_RSA-SHA3-384,ED25519_signed-by_RSA-SHA3-384,1.748,19883.9,7431.88,0,0,0,128.4,24,287.906,263.767,1674,1671
1,4,52,ED25519_signed-by_RSA-SHA3-384,ED25519_signed-by_RSA-SHA3-384,1.689,20578.5,7691.47,0,0,0,128.4,24,282.219,273.284,1674,1671
1,4,53,ED25519_signed-by_RSA-SHA3-384,ED25519_signed-by_RSA-SHA3-384,1.621,21441.6,8014.09,0,0,0,128.4,24,290.056,263.941,1674,1671
1,4,54,ED25519_signed-by_RSA-SHA3-384,ED25519_signed-by_RSA-SHA3-384,1.664,20887.6,7807.02,0,0,0,128.4,24,286.777,262.262,1674,1671
1,4,55,ED25519_signed-by_RSA-SHA3-384,ED25519_signed-by_RSA-SHA3-384,1.915,18150.1,6783.82,0,0,0,128.4,24,286.341,262.155,1674,1671
1,4,56,ED25519_signed-by_RSA-SHA3-384,ED25519_signed-by_RSA-SHA3-384,1.683,20651.8,7718.89,0,0,0,128.4,24,294.761,262.62,1674,1671
1,4,57,ED25519_signed-by_RSA-SHA3-384,ED25519_signed-by_RSA-SHA3-384,1.67,20812.6,7778.97,0,0,0,128.4,24,290.871,261.861,1674,1671
1,4,58,ED25519_signed-by_RSA-SHA3-384,ED25519_signed-by_RSA-SHA3-384,1.659,20950.6,7830.54,0,0,0,128.4,24,286.533,264.639,1674,1671
1,4,59,ED25519_signed-by_RSA-SHA3-384,ED25519_signed-by_RSA-SHA3-384,1.659,20950.6,7830.54,0,0,0,128.4,24,292.742,267.247,1674,1671
1,4,60,ED25519_signed-by_RSA-SHA3-384,ED25519_signed-by_RSA-SHA3-384,1.794,19374.1,7241.34,0,0,0,128.4,24,290.323,263.366,1674,1671
1,4,61,ED25519_signed-by_RSA-SHA3-384,ED25519_signed-by_RSA-SHA3-384,1.812,19181.7,7169.41,0,0,0,128.4,24,284.029,264.737,1674,1671
1,4,62,ED25519_signed-by_RSA-SHA3-384,ED25519_signed-by_RSA-SHA3-384,1.646,21116,7892.38,0,0,0,128.4,24,296.05,268.297,1674,1671
1,4,63,ED25519_signed-by_RSA-SHA3-384,ED25519_signed-by_RSA-SHA3-384,1.733,20056,7496.2,0,0,0,128.4,24,285.371,264.843,1674,1671
1,4,64,ED25519_signed-by_RSA-SHA3-384,ED25519_signed-by_RSA-SHA3-384,1.638,21219.1,7930.93,0,0,0,128.4,24,291.244,265.716,1674,1671
1,4,65,ED25519_signed-by_RSA-SHA3-384,ED25519_signed-by_RSA-SHA3-384,1.653,21026.6,7858.96,0,0,0,128.4,24,284.461,264.293,1674,1671
1,4,66,ED25519_signed-by_RSA-SHA3-384,ED25519_signed-by_RSA-SHA3-384,1.814,19160.6,7161.5,0,0,0,128.4,24,285.879,269.56,1674,1671
1,4,67,ED25519_signed-by_RSA-SHA3-384,ED25519_signed-by_RSA-SHA3-384,1.982,17536.6,6554.52,0,0,0,128.4,24,284.853,263.825,1674,1671
1,4,68,ED25519_signed-by_RSA-SHA3-384,ED25519_signed-by_RSA-SHA3-384,1.808,19224.1,7185.27,0,0,0,128.4,24,292.98,273.571,1674,1671
1,4,69,ED25519_signed-by_RSA-SHA3-384,ED25519_signed-by_RSA-SHA3-384,1.693,20529.9,7673.3,0,0,0,128.4,24,290.202,263.472,1674,1671
1,4,70,ED25519_signed-by_RSA-SHA3-384,ED25519_signed-by_RSA-SHA3-384,1.72,20207.6,7552.86,0,0,0,128.4,24,290.114,265.341,1674,1671
1,4,71,ED25519_signed-by_RSA-SHA3-384,ED25519_signed-by_RSA-SHA3-384,1.667,20850,7792.97,0,0,0,128.4,24,282.013,269.338,1674,1671
1,4,72,ED25519_signed-by_RSA-SHA3-384,ED25519_signed-by_RSA-SHA3-384,1.691,20554.1,7682.37,0,0,0,128.4,24,294.52,261.489,1674,1671
1,4,73,ED25519_signed-by_RSA-SHA3-384,ED25519_signed-by_RSA-SHA3-384,1.738,19998.3,7474.64,0,0,0,128.4,24,294.136,264.505,1674,1671
1,4,74,ED25519_signed-by_RSA-SHA3-384,ED25519_signed-by_RSA-SHA3-384,1.859,18696.8,6988.16,0,0,0,128.4,24,283.054,261.532,1674,1671
1,4,75,ED25519_signed-by_RSA-SHA3-384,ED25519_signed-by_RSA-SHA3-384,1.666,20862.5,7797.65,0,0,0,128.4,24,284.986,262.861,1674,1671
1,4,76,ED25519_signed-by_RSA-SHA3-384,ED25519_signed-by_RSA-SHA3-384,1.786,19460.9,7273.77,0,0,0,128.4,24,286.118,285.147,1674,1671
1,4,77,ED25519_signed-by_RSA-SHA3-384,ED25519_signed-by_RSA-SHA3-384,1.696,20493.5,7659.73,0,0,0,128.4,24,288.287,263.56,1674,1671
1,4,78,ED25519_signed-by_RSA-SHA3-384,ED25519_signed-by_RSA-SHA3-384,1.782,19504.6,6078.07,0,0,0,150,24,292.784,267.983,1674,1671
1,4,79,ED25519_signed-by_RSA-SHA3-384,ED25519_signed-by_RSA-SHA3-384,3.05,11396.2,4967.63,0,0,0,184.154,24,295.838,269.396,1674,1671
1,4,80,ED25519_signed-by_RSA-SHA3-384,ED25519_signed-by_RSA-SHA3-384,1.865,18636.6,6965.68,0,0,0,128.4,24,325.834,274.618,1674,1671
1,4,81,ED25519_signed-by_RSA-SHA3-384,ED25519_signed-by_RSA-SHA3-384,1.803,19277.4,7205.19,0,0,0,128.4,24,391.024,266.811,1674,1671
1,4,82,ED25519_signed-by_RSA-SHA3-384,ED25519_signed-by_RSA-SHA3-384,1.753,19827.2,7410.69,0,0,0,128.4,24,290.445,264.641,1674,1671
1,4,83,ED25519_signed-by_RSA-SHA3-384,ED25519_signed-by_RSA-SHA3-384,1.748,19883.9,7431.88,0,0,0,128.4,24,282.632,270.418,1674,1671
1,4,84,ED25519_signed-by_RSA-SHA3-384,ED25519_signed-by_RSA-SHA3-384,1.782,19504.6,7290.1,0,0,0,128.4,24,288.177,262.352,1674,1671
1,4,85,ED25519_signed-by_RSA-SHA3-384,ED25519_signed-by_RSA-SHA3-384,1.684,20639.6,7714.3,0,0,0,128.4,24,283.276,263.019,1674,1671
1,4,86,ED25519_signed-by_RSA-SHA3-384,ED25519_signed-by_RSA-SHA3-384,1.73,20090.8,7509.2,0,0,0,128.4,24,301.238,266.065,1674,1671
1,4,87,ED25519_signed-by_RSA-SHA3-384,ED25519_signed-by_RSA-SHA3-384,1.751,19849.9,7419.15,0,0,0,128.4,24,281.043,263.409,1674,1671
1,4,88,ED25519_signed-by_RSA-SHA3-384,ED25519_signed-by_RSA-SHA3-384,1.674,20762.8,7760.38,0,0,0,128.4,24,284.713,272.431,1674,1671
1,4,89,ED25519_signed-by_RSA-SHA3-384,ED25519_signed-by_RSA-SHA3-384,1.743,19941,7453.2,0,0,0,128.4,24,296.409,261.484,1674,1671
1,4,90,ED25519_signed-by_RSA-SHA3-384,ED25519_signed-by_RSA-SHA3-384,1.646,21116,7892.38,0,0,0,128.4,24,283.723,262.5,1674,1671
1,4,91,ED25519_signed-by_RSA-SHA3-384,ED25519_signed-by_RSA-SHA3-384,1.762,19726,7372.84,0,0,0,128.4,24,287.36,261.418,1674,1671
1,4,92,ED25519_signed-by_RSA-SHA3-384,ED25519_signed-by_RSA-SHA3-384,1.739,19986.8,7470.34,0,0,0,128.4,24,287.761,264.02,1674,1671
1,4,93,ED25519_signed-by_RSA-SHA3-384,ED25519_signed-by_RSA-SHA3-384,1.692,20542,7677.83,0,0,0,128.4,24,285.343,274.415,1674,1671
1,4,94,ED25519_signed-by_RSA-SHA3-384,ED25519_signed-by_RSA-SHA3-384,1.833,18962,7087.28,0,0,0,128.4,24,283.847,263.169,1674,1671
1,4,95,ED25519_signed-by_RSA-SHA3-384,ED25519_signed-by_RSA-SHA3-384,1.733,20056,7496.2,0,0,0,128.4,24,281.776,269.615,1674,1671
1,4,96,ED25519_signed-by_RSA-SHA3-384,ED25519_signed-by_RSA-SHA3-384,1.702,20421.3,7632.73,0,0,0,128.4,24,285.52,262.44,1674,1671
1,4,97,ED25519_signed-by_RSA-SHA3-384,ED25519_signed-by_RSA-SHA3-384,1.743,19941,7453.2,0,0,0,128.4,24,294.407,287.38,1674,1671
1,4,98,ED25519_signed-by_RSA-SHA3-384,ED25519_signed-by_RSA-SHA3-384,1.742,19952.4,7457.48,0,0,0,128.4,24,288.011,273.507,1674,1671
1,4,99,ED25519_signed-by_RSA-SHA3-384,ED25519_signed-by_RSA-SHA3-384,1.927,18037.1,6741.58,0,0,0,128.4,24,269.99,267.399,1674,1671
1,1,53,ED25519_signed-by_RSA-SHA3-384,ED25519_signed-by_RSA-SHA3-384,3001.3,11.5816,17.8616,1,63,1.4,209.467,24,294.061,279.058,1674,1671
1,1,54,ED25519_signed-by_RSA-SHA3-384,ED25519_signed-by_RSA-SHA3-384,1.76,19748.4,7381.21,0,0,0,128.4,24,309.22,267.622,1674,1671
1,1,55,ED25519_signed-by_RSA-SHA3-384,ED25519_signed-by_RSA-SHA3-384,1.755,19804.6,7402.24,0,0,0,128.4,24,298.854,267.641,1674,1671
1,1,56,ED25519_signed-by_RSA-SHA3-384,ED25519_signed-by_RSA-SHA3-384,1.581,21984.1,8216.84,0,0,0,132,24,291.079,266.823,1674,1671
1,1,57,ED25519_signed-by_RSA-SHA3-384,ED25519_signed-by_RSA-SHA3-384,1.841,18879.6,7056.48,0,0,0,128.4,24,295.108,277.927,1674,1671
1,1,58,ED25519_signed-by_RSA-SHA3-384,ED25519_signed-by_RSA-SHA3-384,1.745,19918.1,7444.66,0,0,0,128.4,24,308.379,268.265,1674,1671
1,1,59,ED25519_signed-by_RSA-SHA3-384,ED25519_signed-by_RSA-SHA3-384,1.934,17971.8,6717.18,0,0,0,128.4,24,288.831,269.592,1674,1671
1,1,60,ED25519_signed-by_RSA-SHA3-384,ED25519_signed-by_RSA-SHA3-384,1.847,18818.2,7033.56,0,0,0,128.4,24,309.054,265.537,1674,1671
1,1,61,ED25519_signed-by_RSA-SHA3-384,ED25519_signed-by_RSA-SHA3-384,1.803,19277.4,7205.19,0,0,0,128.4,24,287.196,266.253,1674,1671
1,1,62,ED25519_signed-by_RSA-SHA3-384,ED25519_signed-by_RSA-SHA3-384,1.645,21128.8,7897.18,0,0,0,128.4,24,289.108,267.703,1674,1671
1,1,63,ED25519_signed-by_RSA-SHA3-384,ED25519_signed-by_RSA-SHA3-384,1.96,17733.4,6628.08,0,0,0,128.4,24,301.542,265.541,1674,1671
1,1,64,ED25519_signed-by_RSA-SHA3-384,ED25519_signed-by_RSA-SHA3-384,1.813,19171.1,7165.45,0,0,0,129.6,24,313.733,271.965,1674,1671
1,1,65,ED25519_signed-by_RSA-SHA3-384,ED25519_signed-by_RSA-SHA3-384,1.7,20445.3,7641.71,0,0,0,128.4,24,302.842,267.083,1674,1671
1,1,66,ED25519_signed-by_RSA-SHA3-384,ED25519_signed-by_RSA-SHA3-384,1.637,21232.1,7935.77,0,0,0,128.4,24,289.574,266.256,1674,1671
1,1,67,ED25519_signed-by_RSA-SHA3-384,ED25519_signed-by_RSA-SHA3-384,1.877,18517.5,6921.15,0,0,0,128.4,24,323.666,294.119,1674,1671
1,1,68,ED25519_signed-by_RSA-SHA3-384,ED25519_signed-by_RSA-SHA3-384,1.727,20125.7,7522.24,0,0,0,128.4,24,297.062,282.897,1674,1671
1,1,69,ED25519_signed-by_RSA-SHA3-384,ED25519_signed-by_RSA-SHA3-384,1.795,19363.3,7237.3,0,0,0,128.4,24,287.82,268.918,1674,1671
1,1,70,ED25519_signed-by_RSA-SHA3-384,ED25519_signed-by_RSA-SHA3-384,1.624,21402,7999.29,0,0,0,128.4,24,292.303,273.734,1674,1671
1,1,71,ED25519_signed-by_RSA-SHA3-384,ED25519_signed-by_RSA-SHA3-384,1.656,20988.5,7844.73,0,0,0,129.6,24,288.107,266.09,1674,1671
1,1,72,ED25519_signed-by_RSA-SHA3-384,ED25519_signed-by_RSA-SHA3-384,1.724,20160.7,7535.33,0,0,0,128.4,24,296.731,267.935,1674,1671
1,1,73,ED25519_signed-by_RSA-SHA3-384,ED25519_signed-by_RSA-SHA3-384,1.636,21245.1,7940.62,0,0,0,128.4,24,286.048,266.457,1674,1671
1,1,74,ED25519_signed-by_RSA-SHA3-384,ED25519_signed-by_RSA-SHA3-384,1.735,20032.9,7487.56,0,0,0,128.4,24,296.887,265.834,1674,1671
1,1,75,ED25519_signed-by_RSA-SHA3-384,ED25519_signed-by_RSA-SHA3-384,1.705,20385.4,7619.3,0,0,0,128.4,24,287.661,277.954,1674,1671
1,1,76,ED25519_signed-by_RSA-SHA3-384,ED25519_signed-by_RSA-SHA3-384,1.715,20266.5,7574.87,0,0,0,128.4,24,288.321,267.574,1674,1671
1,1,77,ED25519_signed-by_RSA-SHA3-384,ED25519_signed-by_RSA-SHA3-384,1.589,21873.4,8175.47,0,0,0,128.4,24,287.344,273.864,1674,1671
1,1,78,ED25519_signed-by_RSA-SHA3-384,ED25519_signed-by_RSA-SHA3-384,1.697,20481.5,7655.21,0,0,0,128.4,24,298.341,265.013,1674,1671
1,1,79,ED25519_signed-by_RSA-SHA3-384,ED25519_signed-by_RSA-SHA3-384,1.733,20056,7496.2,0,0,0,128.4,24,295.136,267.247,1674,1671
1,1,80,ED25519_signed-by_RSA-SHA3-384,ED25519_signed-by_RSA-SHA3-384,1.892,18370.7,6866.29,0,0,0,141.2,24,298.568,267.129,1674,1671
1,1,81,ED25519_signed-by_RSA-SHA3-384,ED25519_signed-by_RSA-SHA3-384,1.829,19003.4,7102.78,0,0,0,128.4,24,291.313,270.918,1674,1671
1,1,82,ED25519_signed-by_RSA-SHA3-384,ED25519_signed-by_RSA-SHA3-384,1.757,19782.1,7393.82,0,0,0,128.4,24,295.929,275.353,1674,1671
1,1,83,ED25519_signed-by_RSA-SHA3-384,ED25519_signed-by_RSA-SHA3-384,1.759,19759.6,7385.41,0,0,0,128.4,24,303.216,289.573,1674,1671
1,1,84,ED25519_signed-by_RSA-SHA3-384,ED25519_signed-by_RSA-SHA3-384,1.954,17787.8,6648.44,0,0,0,129.6,24,297.053,266.241,1674,1671
1,1,85,ED25519_signed-by_RSA-SHA3-384,ED25519_signed-by_RSA-SHA3-384,1.717,20242.9,7566.05,0,0,0,128.4,24,299.839,270.337,1674,1671
1,1,86,ED25519_signed-by_RSA-SHA3-384,ED25519_signed-by_RSA-SHA3-384,1.826,19034.6,7114.44,0,0,0,128.4,24,311.541,266.789,1674,1671
1,1,87,ED25519_signed-by_RSA-SHA3-384,ED25519_signed-by_RSA-SHA3-384,1.693,20529.9,7673.3,0,0,0,128.4,24,289.58,267.967,1674,1671
1,1,88,ED25519_signed-by_RSA-SHA3-384,ED25519_signed-by_RSA-SHA3-384,1.761,19737.2,7377.02,0,0,0,128.4,24,289.254,265.844,1674,1671
1,1,89,ED25519_signed-by_RSA-SHA3-384,ED25519_signed-by_RSA-SHA3-384,1.755,19804.6,7402.24,0,0,0,130.8,24,293.853,267.171,1674,1671
1,1,90,ED25519_signed-by_RSA-SHA3-384,ED25519_signed-by_RSA-SHA3-384,1.943,17888.5,6686.07,0,0,0,128.4,24,296.138,266.154,1674,1671
1,1,91,ED25519_signed-by_RSA-SHA3-384,ED25519_signed-by_RSA-SHA3-384,1.844,18848.9,7045,0,0,0,128.4,24,337.467,266.645,1674,1671
1,1,92,ED25519_signed-by_RSA-SHA3-384,ED25519_signed-by_RSA-SHA3-384,1.753,19827.2,7410.69,0,0,0,128.4,24,295.675,266.231,1674,1671
1,1,93,ED25519_signed-by_RSA-SHA3-384,ED25519_signed-by_RSA-SHA3-384,1.742,19952.4,7457.48,0,0,0,128.4,24,292.31,266.221,1674,1671
1,1,94,ED25519_signed-by_RSA-SHA3-384,ED25519_signed-by_RSA-SHA3-384,2.006,17326.8,6476.11,0,0,0,128.4,24,293.067,264.564,1674,1671
1,1,95,ED25519_signed-by_RSA-SHA3-384,ED25519_signed-by_RSA-SHA3-384,1.851,18777.6,7018.36,0,0,0,128.4,24,294.977,270.986,1674,1671
1,1,96,ED25519_signed-by_RSA-SHA3-384,ED25519_signed-by_RSA-SHA3-384,1.791,19406.6,7253.46,0,0,0,128.4,24,299.808,271.094,1674,1671
1,1,97,ED25519_signed-by_RSA-SHA3-384,ED25519_signed-by_RSA-SHA3-384,1.752,19838.6,7414.92,0,0,0,134,24,286.16,268.255,1674,1671
1,1,98,ED25519_signed-by_RSA-SHA3-384,ED25519_signed-by_RSA-SHA3-384,1.815,19150,7157.56,0,0,0,128.4,24,285.263,275.326,1674,1671
1,1,99,ED25519_signed-by_RSA-SHA3-384,ED25519_signed-by_RSA-SHA3-384,1.644,21141.7,7901.98,0,0,0,128.4,24,272.246,273.109,1674,1671
