scenario,node_id,handshake_index,sta_cert_algo,ap_cert_algo,handshake_delay_ms,goodput_kbps,throughput_kbps,phy_frame_drop_rate,mac_retries,mac_retry_rate,tx_delay_us,prop_delay_ns,cert_verify_ap_us,cert_verify_sta_us,server_cert_msg_bytes,client_cert_msg_bytes
1,8,0,ECDSA-SHA224_signed-by_ED448,ECDSA-SHA224_signed-by_ED448,29.845,934.425,557.546,0.761905,15,0.714286,192.857,14,2412.29,2494.89,1245,1241
1,3,0,ECDSA-SHA224_signed-by_ED448,ECDSA-SHA224_signed-by_ED448,41.645,669.46,394.953,1,10,0.5,192.6,24,2402.34,2381.36,1244,1241
1,6,0,ECDSA-SHA224_signed-by_ED448,ECDSA-SHA224_signed-by_ED448,52.884,527.031,158.533,1,0,0,200,8,2391.81,2402.73,1243,1241
1,7,0,ECDSA-SHA224_signed-by_ED448,ECDSA-SHA224_signed-by_ED448,60.744,458.974,138.021,1,0,0,159.429,16,2376.73,2388.34,1245,1240
1,5,0,ECDSA-SHA224_signed-by_ED448,ECDSA-SHA224_signed-by_ED448,64.371,433.113,151.248,1,3,0.176471,218.353,15,2394.88,2383.57,1244,1241
1,2,0,ECDSA-SHA224_signed-by_ED448,ECDSA-SHA224_signed-by_ED448,68.961,404.284,129.232,1,1,0.0666667,172.933,24,2391.48,2388.49,1244,1241
1,1,0,ECDSA-SHA224_signed-by_ED448,ECDSA-SHA224_signed-by_ED448,74.707,373.188,123.254,1,2,0.125,215.625,24,2397.96,2364.11,1244,1241
1,8,1,ECDSA-SHA224_signed-by_ED448,ECDSA-SHA224_signed-by_ED448,45.971,606.635,494.566,0.789474,18,0.947368,620.737,14,2397.78,2352.08,1245,1241
1,6,1,ECDSA-SHA224_signed-by_ED448,ECDSA-SHA224_signed-by_ED448,29.633,940.563,414.128,1,0,0,735.333,8,2389.48,2354.01,1243,1241
1,7,1,ECDSA-SHA224_signed-by_ED448,ECDSA-SHA224_signed-by_ED448,23.317,1195.68,548.263,0.909091,0,0,111.455,16,2375.54,2347.92,1245,1240
1,3,1,ECDSA-SHA224_signed-by_ED448,ECDSA-SHA224_signed-by_ED448,43.189,645.52,546.423,0.47619,20,0.952381,192.286,24,2364.23,2320.25,1244,1241
1,5,1,ECDSA-SHA224_signed-by_ED448,ECDSA-SHA224_signed-by_ED448,22.675,1229.52,552.492,1,0,0,510.8,15,2348.43,2412.68,1244,1241
1,2,1,ECDSA-SHA224_signed-by_ED448,ECDSA-SHA224_signed-by_ED448,18.444,1511.58,665.355,0.666667,0,0,166,24,2341.34,2332.69,1244,1241
1,8,2,ECDSA-SHA224_signed-by_ED448,ECDSA-SHA224_signed-by_ED448,12.858,2168.9,954.417,0.555556,0,0,125.111,14,2391.3,2349.82,1245,1241
1,1,1,ECDSA-SHA224_signed-by_ED448,ECDSA-SHA224_signed-by_ED448,14.838,1878.92,827.048,0.888889,0,0,125.111,24,2401.13,2324.36,1244,1241
1,7,2,ECDSA-SHA224_signed-by_ED448,ECDSA-SHA224_signed-by_ED448,11.482,2428.12,1091.09,1,0,0,116.4,16,2388.89,2363.76,1245,1240
1,6,2,ECDSA-SHA224_signed-by_ED448,ECDSA-SHA224_signed-by_ED448,13.941,1999.24,880.262,1,0,0,117.111,8,2381.38,2570.35,1243,1241
1,3,2,ECDSA-SHA224_signed-by_ED448,ECDSA-SHA224_signed-by_ED448,14.54,1917.41,1515.22,0.833333,14,0.777778,112.222,24,2382.97,2365.22,1244,1241
1,2,2,ECDSA-SHA224_signed-by_ED448,ECDSA-SHA224_signed-by_ED448,14.017,1988.96,893.748,1,0,0,153.2,24,2420.17,2331.34,1244,1241
1,1,2,ECDSA-SHA224_signed-by_ED448,ECDSA-SHA224_signed-by_ED448,12.335,2260.2,994.876,1,0,0,125.111,24,2373.88,2318,1244,1241
1,5,2,ECDSA-SHA224_signed-by_ED448,ECDSA-SHA224_signed-by_ED448,15.359,1815.16,1417.75,1,14,0.823529,237.059,15,2369.68,2340.37,1244,1241
1,8,3,ECDSA-SHA224_signed-by_ED448,ECDSA-SHA224_signed-by_ED448,16.879,1652.16,1436.05,1,7,0.466667,119.067,14,2391.53,2372.25,1245,1241
1,7,3,ECDSA-SHA224_signed-by_ED448,ECDSA-SHA224_signed-by_ED448,11.889,2344.99,1569.16,0.9375,12,0.75,107.5,16,2376.04,2374.09,1245,1240
1,6,3,ECDSA-SHA224_signed-by_ED448,ECDSA-SHA224_signed-by_ED448,14.032,1986.25,1239.41,1,7,0.466667,101.2,8,2389.48,2362.28,1243,1241
1,3,3,ECDSA-SHA224_signed-by_ED448,ECDSA-SHA224_signed-by_ED448,14.494,1923.48,1174.51,1,7,0.538462,111.231,24,2402.25,2362.45,1244,1241
1,1,3,ECDSA-SHA224_signed-by_ED448,ECDSA-SHA224_signed-by_ED448,13.005,2143.71,943.603,1,0,0,125.111,24,2384.72,2334.8,1244,1241
1,2,3,ECDSA-SHA224_signed-by_ED448,ECDSA-SHA224_signed-by_ED448,14.418,1933.61,1194.01,0.928571,8,0.571429,147.714,24,2498.85,2359.59,1244,1241
1,8,4,ECDSA-SHA224_signed-by_ED448,ECDSA-SHA224_signed-by_ED448,10.934,2550.53,1145.76,0.5,0,0,116.4,14,2374.92,2323.2,1245,1241
1,5,3,ECDSA-SHA224_signed-by_ED448,ECDSA-SHA224_signed-by_ED448,16.676,1671.78,1438.16,0.928571,7,0.5,226.286,15,2394.52,2336.4,1244,1241
1,7,4,ECDSA-SHA224_signed-by_ED448,ECDSA-SHA224_signed-by_ED448,12.44,2241.1,1485.49,0.538462,9,0.692308,131.231,16,2385.8,2350.07,1245,1240
1,6,4,ECDSA-SHA224_signed-by_ED448,ECDSA-SHA224_signed-by_ED448,10.945,2546.52,1121.23,0.666667,0,0,117.111,8,2391.7,2391.94,1243,1241
1,3,4,ECDSA-SHA224_signed-by_ED448,ECDSA-SHA224_signed-by_ED448,10.818,2577.18,1134.4,0.777778,0,0,117.111,24,2377.1,2371.03,1244,1241
1,8,5,ECDSA-SHA224_signed-by_ED448,ECDSA-SHA224_signed-by_ED448,10.774,2588.45,1139.04,0.777778,0,0,124.222,14,2377.34,2365.35,1245,1241
1,5,4,ECDSA-SHA224_signed-by_ED448,ECDSA-SHA224_signed-by_ED448,10.876,2563.24,1128.27,1,0,0,227.778,15,2386.6,2333.05,1244,1241
1,1,4,ECDSA-SHA224_signed-by_ED448,ECDSA-SHA224_signed-by_ED448,15.781,1766.64,1078.74,0.692308,7,0.538462,118.615,24,2374.17,2342.63,1244,1241
1,7,5,ECDSA-SHA224_signed-by_ED448,ECDSA-SHA224_signed-by_ED448,12.089,2306.04,1159.31,0.461538,5,0.384615,102.923,16,2377.11,2361.99,1245,1240
1,6,5,ECDSA-SHA224_signed-by_ED448,ECDSA-SHA224_signed-by_ED448,11.033,2526.03,1112.21,0.333333,0,0,117.111,8,2372.96,2319.24,1243,1241
1,2,4,ECDSA-SHA224_signed-by_ED448,ECDSA-SHA224_signed-by_ED448,21.223,1313.61,823.221,0.866667,8,0.533333,140.4,24,2379.79,2380.28,1244,1241
1,3,5,ECDSA-SHA224_signed-by_ED448,ECDSA-SHA224_signed-by_ED448,14.64,1904.33,855.719,0.8,0,0,109.2,24,2388.2,2350.98,1244,1241
1,8,6,ECDSA-SHA224_signed-by_ED448,ECDSA-SHA224_signed-by_ED448,12.969,2150.33,946.246,0.888889,0,0,125.111,14,2371.71,2360.69,1245,1241
1,5,5,ECDSA-SHA224_signed-by_ED448,ECDSA-SHA224_signed-by_ED448,12.163,2292.16,1143.12,0.5,5,0.416667,191,15,2374.26,2356.91,1244,1241
1,1,5,ECDSA-SHA224_signed-by_ED448,ECDSA-SHA224_signed-by_ED448,13.896,2006.28,901.53,0.6,0,0,116.4,24,2347.5,2331.84,1244,1241
1,7,6,ECDSA-SHA224_signed-by_ED448,ECDSA-SHA224_signed-by_ED448,13.332,2091.17,920.474,1,0,0,125.111,16,2372.57,2344.72,1245,1240
1,6,6,ECDSA-SHA224_signed-by_ED448,ECDSA-SHA224_signed-by_ED448,14.525,1918.86,1254.64,1,9,0.75,132,8,2396.57,2335.84,1243,1241
1,2,5,ECDSA-SHA224_signed-by_ED448,ECDSA-SHA224_signed-by_ED448,12.415,2245.67,1009.1,1,0,0,153.2,24,2395.79,2446.1,1244,1241
1,3,6,ECDSA-SHA224_signed-by_ED448,ECDSA-SHA224_signed-by_ED448,15.276,1825.04,836.85,1,0,0,102.727,24,2374.85,2340.51,1244,1241
1,8,7,ECDSA-SHA224_signed-by_ED448,ECDSA-SHA224_signed-by_ED448,15.029,1855.57,816.538,1,0,0,125.111,14,2445.41,2334.82,1245,1241
1,5,6,ECDSA-SHA224_signed-by_ED448,ECDSA-SHA224_signed-by_ED448,13.861,2011.37,885.35,1,0,0,190.444,15,2371.9,2340.17,1244,1241
1,6,7,ECDSA-SHA224_signed-by_ED448,ECDSA-SHA224_signed-by_ED448,12.832,2172.04,1032.41,1,4,0.363636,104.182,8,2384.51,2371.99,1243,1241
1,1,6,ECDSA-SHA224_signed-by_ED448,ECDSA-SHA224_signed-by_ED448,17.701,1575.01,1380.22,1,18,1.125,180.5,24,2399.21,2331.77,1244,1241
1,7,7,ECDSA-SHA224_signed-by_ED448,ECDSA-SHA224_signed-by_ED448,17.918,1555.93,1443.87,1,20,1.11111,164.222,16,2367.53,2356.27,1245,1240
1,2,6,ECDSA-SHA224_signed-by_ED448,ECDSA-SHA224_signed-by_ED448,15.952,1747.69,1452.32,1,17,1,201.059,24,2396.68,2349.55,1244,1241
1,5,7,ECDSA-SHA224_signed-by_ED448,ECDSA-SHA224_signed-by_ED448,11.746,2373.55,1044.77,1,3,0.333333,227.778,15,2393.11,2363.99,1244,1241
1,8,8,ECDSA-SHA224_signed-by_ED448,ECDSA-SHA224_signed-by_ED448,12.902,2161.49,1319.47,1,7,0.538462,118,14,2387.9,2340.97,1245,1241
1,3,7,ECDSA-SHA224_signed-by_ED448,ECDSA-SHA224_signed-by_ED448,15.098,1846.56,1235.63,1,15,0.9375,101,24,2394.55,2361.47,1244,1241
1,6,8,ECDSA-SHA224_signed-by_ED448,ECDSA-SHA224_signed-by_ED448,10.358,2690.61,1342.22,1,2,0.166667,140,8,2399.3,2334.9,1243,1241
1,7,8,ECDSA-SHA224_signed-by_ED448,ECDSA-SHA224_signed-by_ED448,7.6,3668.07,1639.84,1,4,0.4,113.2,16,2380.59,2330.49,1245,1240
1,2,7,ECDSA-SHA224_signed-by_ED448,ECDSA-SHA224_signed-by_ED448,12.782,2181.12,980.094,1,0,0,153.2,24,2401.98,2330.8,1244,1241
1,8,9,ECDSA-SHA224_signed-by_ED448,ECDSA-SHA224_signed-by_ED448,10.52,2650.91,1321.65,1,8,0.666667,102,14,2374.18,2338.77,1245,1241
1,5,8,ECDSA-SHA224_signed-by_ED448,ECDSA-SHA224_signed-by_ED448,11.509,2422.4,1287.31,1,8,0.571429,249.429,15,2386.64,2344.81,1244,1241
1,1,7,ECDSA-SHA224_signed-by_ED448,ECDSA-SHA224_signed-by_ED448,17.802,1566.03,1223.17,1,14,0.823529,132.824,24,2378.3,2344.88,1244,1241
1,3,8,ECDSA-SHA224_signed-by_ED448,ECDSA-SHA224_signed-by_ED448,11.29,2469.38,1231.5,1,2,0.166667,189.333,24,2421.46,2334.34,1244,1241
1,6,9,ECDSA-SHA224_signed-by_ED448,ECDSA-SHA224_signed-by_ED448,11.766,2368.78,1059.29,1,5,0.5,109.2,8,2376.86,2355.85,1243,1241
1,7,9,ECDSA-SHA224_signed-by_ED448,ECDSA-SHA224_signed-by_ED448,12.677,2199.17,1116.94,1,2,0.153846,132.154,16,2375.55,2431.5,1245,1240
1,1,8,ECDSA-SHA224_signed-by_ED448,ECDSA-SHA224_signed-by_ED448,13.453,2072.32,950.237,1,0,0,109.273,24,2357.29,2329.65,1244,1241
1,5,9,ECDSA-SHA224_signed-by_ED448,ECDSA-SHA224_signed-by_ED448,15.492,1799.56,990.401,1,5,0.357143,240.286,15,2372.19,2351.49,1244,1241
1,8,10,ECDSA-SHA224_signed-by_ED448,ECDSA-SHA224_signed-by_ED448,16.754,1664.48,1282.5,1,16,0.888889,162.889,14,2374.86,2348.26,1245,1241
1,3,9,ECDSA-SHA224_signed-by_ED448,ECDSA-SHA224_signed-by_ED448,15.097,1846.65,1232.51,1,11,0.785714,144.286,24,2374.16,2330.89,1244,1241
1,7,10,ECDSA-SHA224_signed-by_ED448,ECDSA-SHA224_signed-by_ED448,13.679,2038.09,1258.53,0.928571,8,0.571429,106,16,2352.7,2380.3,1245,1240
1,6,10,ECDSA-SHA224_signed-by_ED448,ECDSA-SHA224_signed-by_ED448,16.496,1689.54,1727.37,1,26,1.2381,193.81,8,2384.36,2347.55,1243,1241
1,2,8,ECDSA-SHA224_signed-by_ED448,ECDSA-SHA224_signed-by_ED448,21.518,1295.64,1484.88,1,33,1.5,218.364,24,2398.36,2329.33,1244,1241
1,1,9,ECDSA-SHA224_signed-by_ED448,ECDSA-SHA224_signed-by_ED448,11.152,2499.95,1123.36,0.9,0,0,116.4,24,2393.09,2367.84,1244,1241
1,5,10,ECDSA-SHA224_signed-by_ED448,ECDSA-SHA224_signed-by_ED448,10.95,2546.06,1120.71,1,0,0,166,15,2387.19,2362.43,1244,1241
1,8,11,ECDSA-SHA224_signed-by_ED448,ECDSA-SHA224_signed-by_ED448,11.746,2374.18,1066.54,1,0,0,109.2,14,2390.16,2353.36,1245,1241
1,6,11,ECDSA-SHA224_signed-by_ED448,ECDSA-SHA224_signed-by_ED448,9.99,2789.96,1391.77,0.916667,5,0.416667,102,8,2421.45,2357.41,1243,1241
1,7,11,ECDSA-SHA224_signed-by_ED448,ECDSA-SHA224_signed-by_ED448,11.753,2372.1,1448.44,0.846154,7,0.538462,111.231,16,2370.15,2348.13,1245,1240
1,2,9,ECDSA-SHA224_signed-by_ED448,ECDSA-SHA224_signed-by_ED448,10.211,2730.35,1212.79,1,0,0,152.8,24,2370.3,2347.25,1244,1241
1,1,10,ECDSA-SHA224_signed-by_ED448,ECDSA-SHA224_signed-by_ED448,8.335,3344.58,1675.65,1,2,0.166667,104.667,24,2392.77,2347.69,1244,1241
1,3,10,ECDSA-SHA224_signed-by_ED448,ECDSA-SHA224_signed-by_ED448,23.146,1204.5,960.141,1,15,0.789474,108.316,24,2379.34,2339.17,1244,1241
1,8,12,ECDSA-SHA224_signed-by_ED448,ECDSA-SHA224_signed-by_ED448,13.509,2064.32,1260.15,1,7,0.538462,111.231,14,2367.4,2346.42,1245,1241
1,6,12,ECDSA-SHA224_signed-by_ED448,ECDSA-SHA224_signed-by_ED448,13.114,2125.28,955.279,1,0,0,109.2,8,2384.44,2349.61,1243,1241
1,5,11,ECDSA-SHA224_signed-by_ED448,ECDSA-SHA224_signed-by_ED448,16.993,1640.59,1363.32,1,20,1.17647,168.353,15,2373.49,2346.09,1244,1241
1,7,12,ECDSA-SHA224_signed-by_ED448,ECDSA-SHA224_signed-by_ED448,14.561,1914.63,1169.1,1,7,0.538462,111.231,16,2378.54,2347.18,1245,1240
1,2,10,ECDSA-SHA224_signed-by_ED448,ECDSA-SHA224_signed-by_ED448,14.357,1941.83,1382.96,1,14,0.933333,166,24,2412.17,2386.79,1244,1241
1,1,11,ECDSA-SHA224_signed-by_ED448,ECDSA-SHA224_signed-by_ED448,12.259,2274.18,1486.53,1,9,0.75,141.333,24,2401.22,2350.68,1244,1241
1,3,11,ECDSA-SHA224_signed-by_ED448,ECDSA-SHA224_signed-by_ED448,15.737,1771.56,1206.8,1,9,0.6,113.2,24,2386.23,2350.45,1244,1241
1,8,13,ECDSA-SHA224_signed-by_ED448,ECDSA-SHA224_signed-by_ED448,17.207,1620.68,1000.49,1,8,0.571429,106,14,2414.22,2380.14,1245,1241
1,2,11,ECDSA-SHA224_signed-by_ED448,ECDSA-SHA224_signed-by_ED448,14.09,1978.66,870.953,0.777778,0,0,166,24,2346.57,2341.32,1244,1241
1,1,12,ECDSA-SHA224_signed-by_ED448,ECDSA-SHA224_signed-by_ED448,14.355,1942.13,854.873,0.888889,0,0,125.111,24,2397.05,2377.01,1244,1241
1,6,13,ECDSA-SHA224_signed-by_ED448,ECDSA-SHA224_signed-by_ED448,18.527,1504.34,1199.5,1,15,0.789474,102,8,2361.27,2333.69,1243,1241
1,7,13,ECDSA-SHA224_signed-by_ED448,ECDSA-SHA224_signed-by_ED448,17.443,1598.28,1044.73,1,9,0.75,132,16,2398.8,2342.22,1245,1240
1,5,12,ECDSA-SHA224_signed-by_ED448,ECDSA-SHA224_signed-by_ED448,19.017,1466,761.393,1,8,0.533333,220.933,15,2373.6,2369.4,1244,1241
1,3,12,ECDSA-SHA224_signed-by_ED448,ECDSA-SHA224_signed-by_ED448,9.352,2980.88,1416.45,0.909091,1,0.0909091,102,24,2393.21,2340.53,1244,1241
1,8,14,ECDSA-SHA224_signed-by_ED448,ECDSA-SHA224_signed-by_ED448,9.25,3014.92,1326.7,1,0,0,118,14,2375.77,2344.71,1245,1241
1,1,13,ECDSA-SHA224_signed-by_ED448,ECDSA-SHA224_signed-by_ED448,9.4,2965.64,1305.39,0.777778,0,0,125.111,24,2386.99,2361.82,1244,1241
1,6,14,ECDSA-SHA224_signed-by_ED448,ECDSA-SHA224_signed-by_ED448,10.094,2761.21,1215.76,0.666667,0,0,117.111,8,2381.3,2349.96,1243,1241
1,7,14,ECDSA-SHA224_signed-by_ED448,ECDSA-SHA224_signed-by_ED448,9.986,2791.89,1844.17,0.461538,10,0.769231,124.769,16,2509.24,2367.13,1245,1240
1,2,12,ECDSA-SHA224_signed-by_ED448,ECDSA-SHA224_signed-by_ED448,14.304,1949.03,1287.42,0.923077,10,0.769231,177.692,24,2380.55,2331.12,1244,1241
1,3,13,ECDSA-SHA224_signed-by_ED448,ECDSA-SHA224_signed-by_ED448,11.201,2488.99,1205.57,0.666667,1,0.0833333,96.6667,24,2398.88,2377.32,1244,1241
1,1,14,ECDSA-SHA224_signed-by_ED448,ECDSA-SHA224_signed-by_ED448,12.442,2240.75,1048.04,1,0,0,108,24,2380.11,2342.12,1244,1241
1,8,15,ECDSA-SHA224_signed-by_ED448,ECDSA-SHA224_signed-by_ED448,14.923,1868.73,839.479,1,0,0,106.8,15,2378.01,2353.66,1245,1241
1,6,15,ECDSA-SHA224_signed-by_ED448,ECDSA-SHA224_signed-by_ED448,14.501,1922.01,1941.87,0.833333,26,1.08333,102,8,2382.94,2358.25,1243,1241
1,2,13,ECDSA-SHA224_signed-by_ED448,ECDSA-SHA224_signed-by_ED448,12.595,2213.52,974.329,1,0,0,166,24,2384.95,2354.98,1244,1241
1,7,15,ECDSA-SHA224_signed-by_ED448,ECDSA-SHA224_signed-by_ED448,14.887,1872.7,824.312,1,0,0,117.111,16,2378.67,2369.76,1245,1240
1,5,13,ECDSA-SHA224_signed-by_ED448,ECDSA-SHA224_signed-by_ED448,24.71,1128.26,570.441,1,3,0.230769,239.846,15,2391.52,2349.37,1244,1241
1,3,14,ECDSA-SHA224_signed-by_ED448,ECDSA-SHA224_signed-by_ED448,17.221,1618.87,1264.44,1,14,0.823529,117.059,24,2362.45,2374.19,1244,1241
1,1,15,ECDSA-SHA224_signed-by_ED448,ECDSA-SHA224_signed-by_ED448,13.721,2031.82,1365.43,1,9,0.642857,126.571,24,2364.24,2338.03,1244,1241
1,8,16,ECDSA-SHA224_signed-by_ED448,ECDSA-SHA224_signed-by_ED448,14.3,1950.1,1274.34,1,9,0.75,132,15,2394.34,2371.89,1245,1241
1,7,16,ECDSA-SHA224_signed-by_ED448,ECDSA-SHA224_signed-by_ED448,11.333,2459.99,1082.82,1,0,0,117.111,16,2373.08,2409.54,1245,1240
1,2,14,ECDSA-SHA224_signed-by_ED448,ECDSA-SHA224_signed-by_ED448,12.781,2181.27,975.156,1,4,0.4,153.2,24,2433.81,2341.52,1244,1241
1,5,14,ECDSA-SHA224_signed-by_ED448,ECDSA-SHA224_signed-by_ED448,12.376,2252.66,991.557,1,0,0,166,15,2555.9,2363.69,1244,1241
1,6,16,ECDSA-SHA224_signed-by_ED448,ECDSA-SHA224_signed-by_ED448,15.068,1849.65,1725.42,1,27,1.42105,124.316,8,2388.53,2326.53,1243,1241
1,3,15,ECDSA-SHA224_signed-by_ED448,ECDSA-SHA224_signed-by_ED448,14.297,1949.98,1204.12,1,8,0.571429,106,24,2378.8,2352.72,1244,1241
1,1,16,ECDSA-SHA224_signed-by_ED448,ECDSA-SHA224_signed-by_ED448,14.985,1860.46,1246,1,14,1,128.857,24,2396.36,2371.45,1244,1241
1,2,15,ECDSA-SHA224_signed-by_ED448,ECDSA-SHA224_signed-by_ED448,12.673,2199.9,1097.11,1,2,0.166667,194.667,24,2380.84,2362.6,1244,1241
1,5,15,ECDSA-SHA224_signed-by_ED448,ECDSA-SHA224_signed-by_ED448,12.442,2240.75,1464.68,0.833333,9,0.75,178.667,15,2368.22,2401.48,1244,1241
1,8,17,ECDSA-SHA224_signed-by_ED448,ECDSA-SHA224_signed-by_ED448,15.802,1764.77,1542.03,1,19,1.1875,140.5,15,2364.26,2350.24,1245,1241
1,7,17,ECDSA-SHA224_signed-by_ED448,ECDSA-SHA224_signed-by_ED448,15.96,1746.79,1141.81,1,9,0.75,132,16,2378.13,2331.28,1245,1240
1,6,17,ECDSA-SHA224_signed-by_ED448,ECDSA-SHA224_signed-by_ED448,13.84,2013.81,1004.59,0.416667,2,0.166667,148,8,2378.51,2340.42,1243,1241
1,3,16,ECDSA-SHA224_signed-by_ED448,ECDSA-SHA224_signed-by_ED448,13.096,2128.83,1299.9,0.692308,7,0.538462,115.538,24,2367,2352.77,1244,1241
1,1,17,ECDSA-SHA224_signed-by_ED448,ECDSA-SHA224_signed-by_ED448,11.726,2377.56,1191.17,0.75,0,0,164,24,2357.1,2481.56,1244,1241
1,5,16,ECDSA-SHA224_signed-by_ED448,ECDSA-SHA224_signed-by_ED448,11.473,2429.99,1091.93,0.9,0,0,116.4,15,2379.18,2356,1244,1241
1,2,16,ECDSA-SHA224_signed-by_ED448,ECDSA-SHA224_signed-by_ED448,12.98,2147.85,1311.52,0.692308,7,0.538462,127.231,24,2377.03,2358.51,1244,1241
1,8,18,ECDSA-SHA224_signed-by_ED448,ECDSA-SHA224_signed-by_ED448,12.585,2215.9,995.437,0.6,0,0,109.2,15,2613.45,2347.91,1245,1241
1,7,18,ECDSA-SHA224_signed-by_ED448,ECDSA-SHA224_signed-by_ED448,12.134,2297.62,1011.35,0.666667,0,0,117.111,16,2377.8,2344.69,1245,1240
1,6,18,ECDSA-SHA224_signed-by_ED448,ECDSA-SHA224_signed-by_ED448,12.15,2293.93,1401.12,0.461538,7,0.538462,111.231,8,2397.66,2366.58,1243,1241
1,3,17,ECDSA-SHA224_signed-by_ED448,ECDSA-SHA224_signed-by_ED448,10.011,2784.9,1225.83,0.777778,0,0,125.111,24,2382.51,2340.12,1244,1241
1,5,17,ECDSA-SHA224_signed-by_ED448,ECDSA-SHA224_signed-by_ED448,8.571,3252.47,1461.51,0.8,0,0,116.4,15,2366.31,2351.96,1244,1241
1,1,18,ECDSA-SHA224_signed-by_ED448,ECDSA-SHA224_signed-by_ED448,9.934,2806.5,1235.34,0.888889,0,0,134.889,24,2394.88,2340.1,1244,1241
1,2,17,ECDSA-SHA224_signed-by_ED448,ECDSA-SHA224_signed-by_ED448,8.755,3184.11,1423.48,0.9,4,0.4,125.2,24,2368.24,2365.38,1244,1241
1,7,19,ECDSA-SHA224_signed-by_ED448,ECDSA-SHA224_signed-by_ED448,11.888,2345.14,1053.8,1,0,0,106.8,16,2374.49,2371.36,1245,1240
1,3,18,ECDSA-SHA224_signed-by_ED448,ECDSA-SHA224_signed-by_ED448,7.747,3598.41,1583.92,1,0,0,125.111,24,2363.95,2346.09,1244,1241
1,6,19,ECDSA-SHA224_signed-by_ED448,ECDSA-SHA224_signed-by_ED448,14.744,1890.29,1754.65,1,16,0.888889,114.444,8,2393.89,2343.69,1243,1241
1,5,18,ECDSA-SHA224_signed-by_ED448,ECDSA-SHA224_signed-by_ED448,10.038,2777.38,1222.53,1,0,0,125.111,15,2390.59,2386.12,1244,1241
1,8,19,ECDSA-SHA224_signed-by_ED448,ECDSA-SHA224_signed-by_ED448,18.9,1475.54,763.588,1,3,0.25,101.333,15,2380.52,2331.28,1245,1241
1,1,19,ECDSA-SHA224_signed-by_ED448,ECDSA-SHA224_signed-by_ED448,12.984,2147.17,964.839,1,0,0,125.2,24,2354.88,2366.89,1244,1241
1,2,18,ECDSA-SHA224_signed-by_ED448,ECDSA-SHA224_signed-by_ED448,13.666,2040,1558.25,0.823529,15,0.882353,216.353,24,2365.91,2325.92,1244,1241
1,7,20,ECDSA-SHA224_signed-by_ED448,ECDSA-SHA224_signed-by_ED448,12.019,2319.57,1537.51,0.615385,9,0.692308,124.769,16,2383.19,2355.81,1245,1240
1,3,19,ECDSA-SHA224_signed-by_ED448,ECDSA-SHA224_signed-by_ED448,11.979,2327.32,1024.42,0.444444,0,0,125.111,24,2377.46,2350.71,1244,1241
1,6,20,ECDSA-SHA224_signed-by_ED448,ECDSA-SHA224_signed-by_ED448,10.231,2724.24,1199.48,0.444444,0,0,117.111,8,2595.98,2359.69,1243,1241
1,5,19,ECDSA-SHA224_signed-by_ED448,ECDSA-SHA224_signed-by_ED448,10.436,2671.49,1175.92,0.888889,0,0,125.111,15,2378.76,2371.05,1244,1241
1,1,20,ECDSA-SHA224_signed-by_ED448,ECDSA-SHA224_signed-by_ED448,13.241,2105.53,926.795,0.555556,0,0,134.889,24,2376.86,2346.06,1244,1241
1,8,20,ECDSA-SHA224_signed-by_ED448,ECDSA-SHA224_signed-by_ED448,15.991,1743.93,1162.62,0.642857,9,0.642857,118.286,15,2348.91,2354.14,1245,1241
1,2,19,ECDSA-SHA224_signed-by_ED448,ECDSA-SHA224_signed-by_ED448,14.009,1990.11,875.99,0.555556,0,0,134.889,24,2380.01,2333.18,1244,1241
1,3,20,ECDSA-SHA224_signed-by_ED448,ECDSA-SHA224_signed-by_ED448,11.143,2501.81,1101.23,0.555556,0,0,125.111,24,2387.35,2344.21,1244,1241
1,6,21,ECDSA-SHA224_signed-by_ED448,ECDSA-SHA224_signed-by_ED448,11.278,2471.36,1088.14,0.555556,0,0,117.111,8,2367.57,2322.78,1243,1241
1,5,20,ECDSA-SHA224_signed-by_ED448,ECDSA-SHA224_signed-by_ED448,11.307,2465.72,1085.34,0.111111,0,0,125.111,15,2365.42,2355.2,1244,1241
1,7,21,ECDSA-SHA224_signed-by_ED448,ECDSA-SHA224_signed-by_ED448,15.345,1816.84,1200.1,0.692308,10,0.769231,124.769,16,2370.96,2355.24,1245,1240
1,8,21,ECDSA-SHA224_signed-by_ED448,ECDSA-SHA224_signed-by_ED448,8.73,3194.15,1405.57,0.444444,0,0,117.111,15,2363.24,2380.13,1245,1241
1,1,21,ECDSA-SHA224_signed-by_ED448,ECDSA-SHA224_signed-by_ED448,11.299,2467.44,1086.1,0.444444,0,0,124.222,24,2361.85,2352.04,1244,1241
1,2,20,ECDSA-SHA224_signed-by_ED448,ECDSA-SHA224_signed-by_ED448,10.505,2653.94,1168.19,0.444444,0,0,132.222,24,2366.19,2341.73,1244,1241
1,3,21,ECDSA-SHA224_signed-by_ED448,ECDSA-SHA224_signed-by_ED448,11.152,2499.95,1123.36,0.4,0,0,116.4,24,2389.98,2352.58,1244,1241
1,6,22,ECDSA-SHA224_signed-by_ED448,ECDSA-SHA224_signed-by_ED448,10.6,2629.4,1157.72,0.444444,0,0,117.111,8,2405.75,2334.24,1243,1241
1,7,22,ECDSA-SHA224_signed-by_ED448,ECDSA-SHA224_signed-by_ED448,9.453,2949.32,1298.21,0,0,0,117.111,16,2384.3,2345.49,1245,1240
1,5,21,ECDSA-SHA224_signed-by_ED448,ECDSA-SHA224_signed-by_ED448,11.734,2375.95,1553.06,0.583333,9,0.75,143.333,15,2378.69,2356.72,1244,1241
1,1,22,ECDSA-SHA224_signed-by_ED448,ECDSA-SHA224_signed-by_ED448,10.42,2675.62,1202.3,0.5,0,0,125.2,24,2374.65,2356.59,1244,1241
1,8,22,ECDSA-SHA224_signed-by_ED448,ECDSA-SHA224_signed-by_ED448,12.725,2191.54,964.377,0.555556,0,0,117.111,15,2380.82,2354.96,1245,1241
1,2,21,ECDSA-SHA224_signed-by_ED448,ECDSA-SHA224_signed-by_ED448,11.054,2522.13,1257.81,0.416667,5,0.416667,116.667,24,2350.19,2347.55,1244,1241
1,6,23,ECDSA-SHA224_signed-by_ED448,ECDSA-SHA224_signed-by_ED448,10.501,2654.21,1168.64,0.555556,0,0,117.111,8,2338.42,2358.28,1243,1241
1,3,22,ECDSA-SHA224_signed-by_ED448,ECDSA-SHA224_signed-by_ED448,11.884,2345.97,1432.49,0.846154,7,0.538462,118.615,24,2383.53,2341.01,1244,1241
1,7,23,ECDSA-SHA224_signed-by_ED448,ECDSA-SHA224_signed-by_ED448,10.802,2580.98,1136.07,1,0,0,117.111,16,2390.59,2370.96,1245,1240
1,5,22,ECDSA-SHA224_signed-by_ED448,ECDSA-SHA224_signed-by_ED448,11.309,2465.26,1085.14,1,1,0.111111,125.111,15,2374.1,2369.56,1244,1241
1,6,24,ECDSA-SHA224_signed-by_ED448,ECDSA-SHA224_signed-by_ED448,6.763,4120.79,2093.51,1,8,0.615385,97.0769,8,2371.73,2361.33,1243,1241
1,8,23,ECDSA-SHA224_signed-by_ED448,ECDSA-SHA224_signed-by_ED448,9.711,2871.79,1263.72,1,0,0,117.111,15,2405.93,2354.34,1245,1241
1,7,24,ECDSA-SHA224_signed-by_ED448,ECDSA-SHA224_signed-by_ED448,10.192,2735.41,1375.16,1,5,0.384615,96.7692,16,2421.11,2558.5,1245,1240
1,3,23,ECDSA-SHA224_signed-by_ED448,ECDSA-SHA224_signed-by_ED448,11.533,2417.34,1086.24,1,0,0,116.4,24,2400.27,2391.34,1244,1241
1,1,23,ECDSA-SHA224_signed-by_ED448,ECDSA-SHA224_signed-by_ED448,16.275,1712.97,1057.76,1,8,0.571429,120.857,24,2422.28,2354.47,1244,1241
1,2,22,ECDSA-SHA224_signed-by_ED448,ECDSA-SHA224_signed-by_ED448,18.479,1508.72,1716.95,1,29,1.07407,120.074,24,2368.7,2331.05,1244,1241
1,8,24,ECDSA-SHA224_signed-by_ED448,ECDSA-SHA224_signed-by_ED448,10.593,2632.59,1158.46,1,0,0,117.111,15,2382.53,2356.27,1245,1241
1,6,25,ECDSA-SHA224_signed-by_ED448,ECDSA-SHA224_signed-by_ED448,12.048,2313.32,1169.94,1,3,0.230769,139.538,8,2382.54,2359.54,1243,1241
1,7,25,ECDSA-SHA224_signed-by_ED448,ECDSA-SHA224_signed-by_ED448,11.662,2390.62,1376.06,0.764706,10,0.588235,86.9412,16,2367.42,2371.61,1245,1240
1,3,24,ECDSA-SHA224_signed-by_ED448,ECDSA-SHA224_signed-by_ED448,14.514,1920.84,898.413,1,0,0,103.333,24,2393.5,2357.99,1244,1241
1,5,23,ECDSA-SHA224_signed-by_ED448,ECDSA-SHA224_signed-by_ED448,25.369,1098.94,1819.49,1,42,1.44828,204.069,15,2371.29,2364.51,1244,1241
1,8,25,ECDSA-SHA224_signed-by_ED448,ECDSA-SHA224_signed-by_ED448,12.368,2254.82,1124.18,1,8,0.666667,102,15,2477.07,2373.72,1245,1241
1,1,24,ECDSA-SHA224_signed-by_ED448,ECDSA-SHA224_signed-by_ED448,19.883,1402.2,888.394,1,9,0.5625,108,24,2390.72,2356.91,1244,1241
1,7,26,ECDSA-SHA224_signed-by_ED448,ECDSA-SHA224_signed-by_ED448,10.142,2748.96,1210.02,1,0,0,117.111,16,2383.25,2356.71,1245,1240
1,6,26,ECDSA-SHA224_signed-by_ED448,ECDSA-SHA224_signed-by_ED448,15.917,1751.03,1459.53,1,16,0.941176,118.471,8,2380.92,2493.01,1243,1241
1,2,23,ECDSA-SHA224_signed-by_ED448,ECDSA-SHA224_signed-by_ED448,20.529,1358.08,1070.09,1,15,0.833333,123.333,24,2394.1,2353.73,1244,1241
1,3,25,ECDSA-SHA224_signed-by_ED448,ECDSA-SHA224_signed-by_ED448,11.805,2361.65,1039.53,0.888889,0,0,125.111,24,2360.05,2351.24,1244,1241
1,5,24,ECDSA-SHA224_signed-by_ED448,ECDSA-SHA224_signed-by_ED448,11.328,2461.11,1149.7,0.6,1,0.1,118.4,15,2369.48,2341.87,1244,1241
1,8,26,ECDSA-SHA224_signed-by_ED448,ECDSA-SHA224_signed-by_ED448,10.241,2723.15,1357.67,0.583333,2,0.166667,148,15,2388.71,2344.31,1245,1241
1,1,25,ECDSA-SHA224_signed-by_ED448,ECDSA-SHA224_signed-by_ED448,10.155,2745.41,1208.45,0.777778,0,0,117.111,24,2384.32,2371.19,1244,1241
1,7,27,ECDSA-SHA224_signed-by_ED448,ECDSA-SHA224_signed-by_ED448,11.128,2505.33,1529.8,0.538462,7,0.538462,111.231,16,2372.64,2368.65,1245,1240
1,2,24,ECDSA-SHA224_signed-by_ED448,ECDSA-SHA224_signed-by_ED448,8.82,3160.99,1391.38,1,0,0,125.111,24,2387.54,2366.31,1244,1241
1,6,27,ECDSA-SHA224_signed-by_ED448,ECDSA-SHA224_signed-by_ED448,13.856,2011.45,1689.3,0.45,19,0.95,101.6,8,2397.33,2362.55,1243,1241
1,3,26,ECDSA-SHA224_signed-by_ED448,ECDSA-SHA224_signed-by_ED448,10.751,2593.2,1165.27,0.9,0,0,116.4,24,2374.77,2344.55,1244,1241
1,8,27,ECDSA-SHA224_signed-by_ED448,ECDSA-SHA224_signed-by_ED448,11.068,2519.64,1108.76,1,0,0,117.111,15,2397.56,2340.78,1245,1241
1,1,26,ECDSA-SHA224_signed-by_ED448,ECDSA-SHA224_signed-by_ED448,11.377,2450.5,1078.64,1,0,0,117.111,24,2467.22,2332.72,1244,1241
1,2,25,ECDSA-SHA224_signed-by_ED448,ECDSA-SHA224_signed-by_ED448,9.803,2843.99,1271.43,1,5,0.5,116.4,24,2388.19,2363.09,1244,1241
1,6,28,ECDSA-SHA224_signed-by_ED448,ECDSA-SHA224_signed-by_ED448,9.466,2944.4,2406.91,0.866667,9,0.6,114.267,8,2393.87,2362.74,1243,1241
1,3,27,ECDSA-SHA224_signed-by_ED448,ECDSA-SHA224_signed-by_ED448,9.398,2966.54,1409.64,1,1,0.0909091,108.909,24,2391.22,2404.7,1244,1241
1,7,28,ECDSA-SHA224_signed-by_ED448,ECDSA-SHA224_signed-by_ED448,15.792,1765.35,1378.85,1,14,0.823529,109.529,16,2382.39,2337.52,1245,1240
1,5,25,ECDSA-SHA224_signed-by_ED448,ECDSA-SHA224_signed-by_ED448,21.531,1294.85,1076,1,17,1,126.471,15,2388.76,2355.93,1244,1241
1,2,26,ECDSA-SHA224_signed-by_ED448,ECDSA-SHA224_signed-by_ED448,10.025,2781,1841.76,0.866667,7,0.466667,112.133,24,2352.33,2366.65,1244,1241
1,1,27,ECDSA-SHA224_signed-by_ED448,ECDSA-SHA224_signed-by_ED448,13.094,2129.1,1011.71,1,1,0.0909091,102,24,2371.42,2355.74,1244,1241
1,6,29,ECDSA-SHA224_signed-by_ED448,ECDSA-SHA224_signed-by_ED448,10.161,2742.95,1232.91,1,0,0,106.8,8,2362.9,2362.15,1243,1241
1,3,28,ECDSA-SHA224_signed-by_ED448,ECDSA-SHA224_signed-by_ED448,10.349,2693.91,1644.95,0.769231,7,0.538462,118.615,24,2388.25,2345.22,1244,1241
1,8,28,ECDSA-SHA224_signed-by_ED448,ECDSA-SHA224_signed-by_ED448,18.066,1543.66,1271.77,1,10,0.625,109.5,15,2381.25,2354.07,1245,1241
1,5,26,ECDSA-SHA224_signed-by_ED448,ECDSA-SHA224_signed-by_ED448,9.984,2792.4,1229.14,0.333333,0,0,125.111,15,2383.97,2363.56,1244,1241
1,7,29,ECDSA-SHA224_signed-by_ED448,ECDSA-SHA224_signed-by_ED448,16.062,1735.74,1075.81,1,7,0.5,106,16,2395.95,2353.14,1245,1240
1,3,29,ECDSA-SHA224_signed-by_ED448,ECDSA-SHA224_signed-by_ED448,9.437,2954.21,1300.36,0.777778,0,0,125.111,24,2385.91,2357.87,1244,1241
1,2,27,ECDSA-SHA224_signed-by_ED448,ECDSA-SHA224_signed-by_ED448,13.352,2087.94,1274.93,0.538462,7,0.538462,118.615,24,2383.71,2334.9,1244,1241
1,1,28,ECDSA-SHA224_signed-by_ED448,ECDSA-SHA224_signed-by_ED448,13.602,2049.57,902.166,1,0,0,117.111,24,2386.6,2370.19,1244,1241
1,6,30,ECDSA-SHA224_signed-by_ED448,ECDSA-SHA224_signed-by_ED448,13.375,2083.76,917.478,1,0,0,117.111,9,2391.59,2365.94,1243,1241
1,8,29,ECDSA-SHA224_signed-by_ED448,ECDSA-SHA224_signed-by_ED448,12.376,2253.26,991.538,1,0,0,117.111,15,2388.83,2366.31,1245,1241
1,5,27,ECDSA-SHA224_signed-by_ED448,ECDSA-SHA224_signed-by_ED448,12.642,2205.22,1441.46,1,9,0.75,138.667,15,2383.5,2352.58,1244,1241
1,7,30,ECDSA-SHA224_signed-by_ED448,ECDSA-SHA224_signed-by_ED448,8.198,3400.49,1496.8,0.777778,0,0,117.111,16,2392.21,2385.01,1245,1240
1,3,30,ECDSA-SHA224_signed-by_ED448,ECDSA-SHA224_signed-by_ED448,8.79,3171.43,1936.53,0.538462,7,0.538462,118.615,24,2392.81,2363.16,1244,1241
1,6,31,ECDSA-SHA224_signed-by_ED448,ECDSA-SHA224_signed-by_ED448,8.489,3282.92,1445.47,0,0,0,122.444,9,2381.98,2336.38,1243,1241
1,1,29,ECDSA-SHA224_signed-by_ED448,ECDSA-SHA224_signed-by_ED448,11.227,2483.23,1093.05,0.333333,0,0,117.111,24,2443.42,2353.63,1244,1241
1,8,30,ECDSA-SHA224_signed-by_ED448,ECDSA-SHA224_signed-by_ED448,10.703,2605.56,1146.57,0.333333,0,0,117.111,15,2386.32,2351.35,1245,1241
1,5,28,ECDSA-SHA224_signed-by_ED448,ECDSA-SHA224_signed-by_ED448,9.764,2855.34,1256.84,0.666667,0,0,117.111,15,2340.09,2362.93,1244,1241
1,2,28,ECDSA-SHA224_signed-by_ED448,ECDSA-SHA224_signed-by_ED448,15.637,1782.86,1181.75,1,9,0.692308,134.615,24,2375.89,2338.41,1244,1241
1,7,31,ECDSA-SHA224_signed-by_ED448,ECDSA-SHA224_signed-by_ED448,11.104,2510.75,1105.16,1,0,0,117.111,16,2369.12,2371.45,1245,1240
1,3,31,ECDSA-SHA224_signed-by_ED448,ECDSA-SHA224_signed-by_ED448,11.571,2409.39,1493.34,1,7,0.5,111.143,24,2383.41,2369,1244,1241
1,1,30,ECDSA-SHA224_signed-by_ED448,ECDSA-SHA224_signed-by_ED448,8.466,3293.16,1479.8,1,0,0,109.2,24,2483.75,2344.73,1244,1241
1,6,32,ECDSA-SHA224_signed-by_ED448,ECDSA-SHA224_signed-by_ED448,11.841,2353.77,1437.67,1,7,0.538462,111.231,9,2370.41,2346.82,1243,1241
1,2,29,ECDSA-SHA224_signed-by_ED448,ECDSA-SHA224_signed-by_ED448,9.175,3038.65,1337.53,0.444444,0,0,125.111,24,2383.52,2336,1244,1241
1,8,31,ECDSA-SHA224_signed-by_ED448,ECDSA-SHA224_signed-by_ED448,12.422,2244.97,1467.02,1,9,0.75,132,15,2387.98,2387.38,1245,1241
1,7,32,ECDSA-SHA224_signed-by_ED448,ECDSA-SHA224_signed-by_ED448,10.492,2657.19,1169.62,0.888889,0,0,117.111,16,2378.14,2366.17,1245,1240
1,5,29,ECDSA-SHA224_signed-by_ED448,ECDSA-SHA224_signed-by_ED448,14.006,1990.49,1301.1,1,9,0.75,132,15,2374.3,2350.28,1244,1241
1,1,31,ECDSA-SHA224_signed-by_ED448,ECDSA-SHA224_signed-by_ED448,11.312,2464.59,1107.47,0.4,0,0,109.2,24,2442.37,2356.77,1244,1241
1,3,32,ECDSA-SHA224_signed-by_ED448,ECDSA-SHA224_signed-by_ED448,13.414,2078.35,1358.53,0.666667,9,0.75,141.333,24,2376.69,2346.08,1244,1241
1,6,33,ECDSA-SHA224_signed-by_ED448,ECDSA-SHA224_signed-by_ED448,11.477,2428.45,1069.24,1,0,0,117.111,9,2399.67,2353.13,1243,1241
1,2,30,ECDSA-SHA224_signed-by_ED448,ECDSA-SHA224_signed-by_ED448,9.845,2831.87,1246.51,1,0,0,125.111,24,2386.41,2359.69,1244,1241
1,7,33,ECDSA-SHA224_signed-by_ED448,ECDSA-SHA224_signed-by_ED448,12.946,2153.47,987.445,1,0,0,100.545,16,2374.45,2348.39,1245,1240
1,8,32,ECDSA-SHA224_signed-by_ED448,ECDSA-SHA224_signed-by_ED448,14.772,1887.79,1299.69,1,10,0.714286,118,15,2378.57,2349.94,1245,1241
1,5,30,ECDSA-SHA224_signed-by_ED448,ECDSA-SHA224_signed-by_ED448,14.553,1915.66,1169.73,1,7,0.538462,111.231,15,2388.6,2365.56,1244,1241
1,6,34,ECDSA-SHA224_signed-by_ED448,ECDSA-SHA224_signed-by_ED448,9.891,2817.85,1240.69,1,0,0,117.111,9,2383.42,2365.15,1243,1241
1,3,33,ECDSA-SHA224_signed-by_ED448,ECDSA-SHA224_signed-by_ED448,11.545,2414.82,1736.45,1,18,1.125,119.5,24,2381.84,2359.15,1244,1241
1,1,32,ECDSA-SHA224_signed-by_ED448,ECDSA-SHA224_signed-by_ED448,12.394,2249.39,1485.82,1,10,0.769231,124.769,24,2403.19,2336.78,1244,1241
1,7,34,ECDSA-SHA224_signed-by_ED448,ECDSA-SHA224_signed-by_ED448,10.07,2768.58,1269.5,1,0,0,102.727,16,2368.87,2347.94,1245,1240
1,8,33,ECDSA-SHA224_signed-by_ED448,ECDSA-SHA224_signed-by_ED448,10.373,2688.51,1564.06,1,2,0.166667,108.333,15,2368.02,2397.49,1245,1241
1,5,31,ECDSA-SHA224_signed-by_ED448,ECDSA-SHA224_signed-by_ED448,11.672,2388.58,1583.25,1,9,0.692308,122.923,15,2384.96,2343.11,1244,1241
1,1,33,ECDSA-SHA224_signed-by_ED448,ECDSA-SHA224_signed-by_ED448,9.851,2829.89,1849.78,1,9,0.75,132,24,2379.39,2362.41,1244,1241
1,6,35,ECDSA-SHA224_signed-by_ED448,ECDSA-SHA224_signed-by_ED448,13.205,2110.67,1025.04,1,1,0.0833333,96.6667,9,2378.38,2344.99,1243,1241
1,7,35,ECDSA-SHA224_signed-by_ED448,ECDSA-SHA224_signed-by_ED448,9.415,2960.95,1330.51,1,0,0,106.8,16,2396.66,2348.92,1245,1240
1,3,34,ECDSA-SHA224_signed-by_ED448,ECDSA-SHA224_signed-by_ED448,20.849,1337.22,913.221,1,11,0.611111,122.444,24,2373.81,2356.04,1244,1241
1,2,31,ECDSA-SHA224_signed-by_ED448,ECDSA-SHA224_signed-by_ED448,31.725,878.784,742.364,1,19,1,118.421,24,2390.03,2357.88,1244,1241
1,6,36,ECDSA-SHA224_signed-by_ED448,ECDSA-SHA224_signed-by_ED448,9.974,2794.4,1339.45,1,1,0.0833333,112,9,2378.05,2343.65,1243,1241
1,5,32,ECDSA-SHA224_signed-by_ED448,ECDSA-SHA224_signed-by_ED448,13.772,2024.3,1441.7,1,14,0.933333,116.933,15,2371.45,2341.14,1244,1241
1,1,34,ECDSA-SHA224_signed-by_ED448,ECDSA-SHA224_signed-by_ED448,14.491,1923.86,1685.93,1,18,1.125,137,24,2381.76,2353.46,1244,1241
1,8,34,ECDSA-SHA224_signed-by_ED448,ECDSA-SHA224_signed-by_ED448,19.129,1457.88,1829.25,1,28,1.21739,125.478,15,2400.37,2366.46,1245,1241
1,6,37,ECDSA-SHA224_signed-by_ED448,ECDSA-SHA224_signed-by_ED448,8.059,3458.08,1725.07,0.916667,5,0.416667,116.667,9,2380.65,2344.83,1243,1241
1,2,32,ECDSA-SHA224_signed-by_ED448,ECDSA-SHA224_signed-by_ED448,9.717,2869.18,1389.72,1,1,0.0833333,103,24,2389.86,2355.24,1244,1241
1,8,35,ECDSA-SHA224_signed-by_ED448,ECDSA-SHA224_signed-by_ED448,7.387,3774.82,1695.75,1,0,0,109.2,15,2417.01,2360.44,1245,1241
1,1,35,ECDSA-SHA224_signed-by_ED448,ECDSA-SHA224_signed-by_ED448,11.779,2366.86,1202.1,1,5,0.384615,97.0769,24,2395.86,2355.55,1244,1241
1,3,35,ECDSA-SHA224_signed-by_ED448,ECDSA-SHA224_signed-by_ED448,19.842,1405.08,912.798,1,10,0.555556,94.8889,24,2392.64,2344.52,1244,1241
1,5,33,ECDSA-SHA224_signed-by_ED448,ECDSA-SHA224_signed-by_ED448,17.786,1567.44,1182.89,1,6,0.4,102.533,15,2373.53,2356.43,1244,1241
1,6,38,ECDSA-SHA224_signed-by_ED448,ECDSA-SHA224_signed-by_ED448,12.1,2303.41,1527.23,1,9,0.692308,144.462,9,2388.44,2343.6,1243,1241
1,2,33,ECDSA-SHA224_signed-by_ED448,ECDSA-SHA224_signed-by_ED448,13.707,2033.92,1602.62,0.777778,18,1,112.222,24,2380.86,2356.41,1244,1241
1,8,36,ECDSA-SHA224_signed-by_ED448,ECDSA-SHA224_signed-by_ED448,13.109,2127.33,1298.61,1,7,0.538462,111.231,15,2389.67,2364.14,1245,1241
1,7,36,ECDSA-SHA224_signed-by_ED448,ECDSA-SHA224_signed-by_ED448,32.755,851.149,793.266,1,22,1.04762,114.19,16,2359.69,2341.63,1245,1240
1,1,36,ECDSA-SHA224_signed-by_ED448,ECDSA-SHA224_signed-by_ED448,11.972,2328.72,1025.04,1,0,0,117.111,24,2398.28,2347.07,1244,1241
1,3,36,ECDSA-SHA224_signed-by_ED448,ECDSA-SHA224_signed-by_ED448,13.307,2095.01,922.166,1,0,0,125.111,24,2387.89,2359.12,1244,1241
1,5,34,ECDSA-SHA224_signed-by_ED448,ECDSA-SHA224_signed-by_ED448,15.275,1825.19,820.158,0.9,0,0,113.2,15,2345.13,2351.28,1244,1241
1,6,39,ECDSA-SHA224_signed-by_ED448,ECDSA-SHA224_signed-by_ED448,14.789,1884.52,829.753,1,0,0,134.889,9,2377.1,2386.55,1243,1241
1,7,37,ECDSA-SHA224_signed-by_ED448,ECDSA-SHA224_signed-by_ED448,10.322,2700.89,1188.86,0.444444,0,0,117.111,16,2364.74,2373.1,1245,1240
1,8,37,ECDSA-SHA224_signed-by_ED448,ECDSA-SHA224_signed-by_ED448,12.727,2191.12,964.192,0.444444,0,0,134.889,15,2351.05,2318.55,1245,1241
1,2,34,ECDSA-SHA224_signed-by_ED448,ECDSA-SHA224_signed-by_ED448,14.294,1950.35,1489.77,0.764706,15,0.882353,184.824,24,2375.3,2348.82,1244,1241
1,1,37,ECDSA-SHA224_signed-by_ED448,ECDSA-SHA224_signed-by_ED448,11.811,2360.38,1038.97,0.777778,0,0,117.111,24,2395.76,2348.92,1244,1241
1,6,40,ECDSA-SHA224_signed-by_ED448,ECDSA-SHA224_signed-by_ED448,10.872,2563.62,1152.31,1,0,0,125.2,9,2360.03,2374.72,1243,1241
1,5,35,ECDSA-SHA224_signed-by_ED448,ECDSA-SHA224_signed-by_ED448,12.054,2312.89,1511.84,1,9,0.75,132,15,2369.57,2343.91,1244,1241
1,3,37,ECDSA-SHA224_signed-by_ED448,ECDSA-SHA224_signed-by_ED448,15.51,1797.48,1114.08,1,7,0.5,112.857,24,2385.57,2351.46,1244,1241
1,8,38,ECDSA-SHA224_signed-by_ED448,ECDSA-SHA224_signed-by_ED448,11.538,2417.01,1475.45,1,7,0.538462,127.231,15,2379.92,2346.03,1245,1241
1,7,38,ECDSA-SHA224_signed-by_ED448,ECDSA-SHA224_signed-by_ED448,13.291,2097.6,1280.83,1,7,0.538462,111.231,16,2369.79,2336.1,1245,1240
1,2,35,ECDSA-SHA224_signed-by_ED448,ECDSA-SHA224_signed-by_ED448,12.349,2257.63,1378.55,1,7,0.538462,118.615,24,2390.15,2533.9,1244,1241
1,1,38,ECDSA-SHA224_signed-by_ED448,ECDSA-SHA224_signed-by_ED448,12.543,2222.7,1377.63,1,7,0.5,106.571,24,2380.42,2344.04,1244,1241
1,6,41,ECDSA-SHA224_signed-by_ED448,ECDSA-SHA224_signed-by_ED448,8.463,3293.07,1449.93,0.444444,0,0,134.889,9,2360.89,2360.99,1243,1241
1,5,36,ECDSA-SHA224_signed-by_ED448,ECDSA-SHA224_signed-by_ED448,9.125,3055.04,1344.74,0.888889,0,0,117.111,15,2410.73,2360.08,1244,1241
1,3,38,ECDSA-SHA224_signed-by_ED448,ECDSA-SHA224_signed-by_ED448,9.855,2828.74,1245.13,0.888889,0,0,125.111,24,2385.02,2335.88,1244,1241
1,8,39,ECDSA-SHA224_signed-by_ED448,ECDSA-SHA224_signed-by_ED448,10.366,2690.33,1183.87,1,0,0,134.889,15,2348.81,2366.34,1245,1241
1,2,36,ECDSA-SHA224_signed-by_ED448,ECDSA-SHA224_signed-by_ED448,10.951,2545.86,1310.55,1,10,0.714286,92.8571,24,2376.07,2351.94,1244,1241
1,7,39,ECDSA-SHA224_signed-by_ED448,ECDSA-SHA224_signed-by_ED448,12.26,2274.03,1486.44,1,9,0.75,132,16,2381.28,2342.53,1245,1240
1,1,39,ECDSA-SHA224_signed-by_ED448,ECDSA-SHA224_signed-by_ED448,11.464,2431.94,1212.83,1,5,0.416667,102,24,2392.23,2417.53,1244,1241
1,6,42,ECDSA-SHA224_signed-by_ED448,ECDSA-SHA224_signed-by_ED448,14.744,1890.33,1880.56,1,23,1.15,133.6,9,2362.96,2369.91,1243,1241
1,5,37,ECDSA-SHA224_signed-by_ED448,ECDSA-SHA224_signed-by_ED448,15.207,1833.3,1136.28,1,7,0.5,106,15,2376.5,2371.86,1244,1241
1,3,39,ECDSA-SHA224_signed-by_ED448,ECDSA-SHA224_signed-by_ED448,14.32,1946.87,1188.79,1,7,0.538462,118.615,24,2398.57,2357.1,1244,1241
1,8,40,ECDSA-SHA224_signed-by_ED448,ECDSA-SHA224_signed-by_ED448,13.424,2077.43,952.303,1,0,0,117.273,15,2361.4,2343.72,1245,1241
1,2,37,ECDSA-SHA224_signed-by_ED448,ECDSA-SHA224_signed-by_ED448,12.12,2300.3,1131.34,1,0,0,158,24,2383.78,2371.93,1244,1241
1,7,40,ECDSA-SHA224_signed-by_ED448,ECDSA-SHA224_signed-by_ED448,12.704,2194.55,965.98,1,0,0,117.111,16,2370.32,2377.91,1245,1240
1,1,40,ECDSA-SHA224_signed-by_ED448,ECDSA-SHA224_signed-by_ED448,12.4,2248.36,1121.27,1,5,0.416667,102,24,2383.64,2556.58,1244,1241
1,6,43,ECDSA-SHA224_signed-by_ED448,ECDSA-SHA224_signed-by_ED448,9.007,3094.22,1550.66,1,2,0.166667,111.333,9,2383.13,2393.57,1243,1241
1,1,41,ECDSA-SHA224_signed-by_ED448,ECDSA-SHA224_signed-by_ED448,9.562,2915.62,1283.37,1,0,0,117.111,24,2370.67,2352.88,1244,1241
1,7,41,ECDSA-SHA224_signed-by_ED448,ECDSA-SHA224_signed-by_ED448,11.93,2336.85,1707.21,1,14,0.823529,107.647,16,2381.5,2357.75,1245,1240
1,2,38,ECDSA-SHA224_signed-by_ED448,ECDSA-SHA224_signed-by_ED448,13.637,2044.33,1355.07,1,9,0.692308,124.769,24,2406.44,2329.14,1244,1241
1,5,38,ECDSA-SHA224_signed-by_ED448,ECDSA-SHA224_signed-by_ED448,16.973,1642.51,1854.13,1,32,1.23077,104.154,15,2373.9,2372.75,1244,1241
1,8,41,ECDSA-SHA224_signed-by_ED448,ECDSA-SHA224_signed-by_ED448,16.81,1659.01,1823.67,1,20,1.11111,150.444,15,2403.7,2346.41,1245,1241
1,6,44,ECDSA-SHA224_signed-by_ED448,ECDSA-SHA224_signed-by_ED448,11.392,2446.53,1077.2,1,0,0,134.889,9,2377.32,2362.72,1243,1241
1,1,42,ECDSA-SHA224_signed-by_ED448,ECDSA-SHA224_signed-by_ED448,11.71,2380.76,1475.59,1,7,0.5,106,24,2370.56,2353.95,1244,1241
1,3,40,ECDSA-SHA224_signed-by_ED448,ECDSA-SHA224_signed-by_ED448,26.824,1039.36,1463.75,1,42,1.35484,124.581,24,2404.7,2377.73,1244,1241
1,2,39,ECDSA-SHA224_signed-by_ED448,ECDSA-SHA224_signed-by_ED448,12.262,2273.59,1021.65,1,0,0,109.2,24,2399.43,2371.08,1244,1241
1,8,42,ECDSA-SHA224_signed-by_ED448,ECDSA-SHA224_signed-by_ED448,10.877,2563.84,1128.21,0.888889,0,0,121.556,15,2390.15,2385.89,1245,1241
1,6,45,ECDSA-SHA224_signed-by_ED448,ECDSA-SHA224_signed-by_ED448,10.563,2638.54,1161.74,1,0,0,134.889,9,2360.18,2337.86,1243,1241
1,7,42,ECDSA-SHA224_signed-by_ED448,ECDSA-SHA224_signed-by_ED448,15.654,1780.91,1087.45,1,7,0.538462,111.231,16,2394.47,2349.11,1245,1240
1,5,39,ECDSA-SHA224_signed-by_ED448,ECDSA-SHA224_signed-by_ED448,14.738,1891.61,1878.04,1,27,1.125,149.333,15,2370.16,2357.58,1244,1241
1,1,43,ECDSA-SHA224_signed-by_ED448,ECDSA-SHA224_signed-by_ED448,11.499,2424.52,1067.2,1,0,0,117.111,24,2432.05,2353.93,1244,1241
1,3,41,ECDSA-SHA224_signed-by_ED448,ECDSA-SHA224_signed-by_ED448,13.585,2052.21,1061.14,1,5,0.357143,98.5714,24,2367.92,2370.26,1244,1241
1,2,40,ECDSA-SHA224_signed-by_ED448,ECDSA-SHA224_signed-by_ED448,14.241,1957.67,879.686,1,0,0,109.2,24,2352.82,2346.48,1244,1241
1,6,46,ECDSA-SHA224_signed-by_ED448,ECDSA-SHA224_signed-by_ED448,13.635,2044.1,900.015,1,0,0,134.889,9,2371.53,2344.35,1243,1241
1,7,43,ECDSA-SHA224_signed-by_ED448,ECDSA-SHA224_signed-by_ED448,12.973,2149.04,945.948,1,0,0,117.111,16,2395.51,2351.25,1245,1240
1,8,43,ECDSA-SHA224_signed-by_ED448,ECDSA-SHA224_signed-by_ED448,15.645,1782.49,1164.8,1,9,0.75,132,15,2379.38,2365.98,1245,1241
1,5,40,ECDSA-SHA224_signed-by_ED448,ECDSA-SHA224_signed-by_ED448,14.909,1869.94,1473.42,1,15,0.833333,115.778,15,2381.64,2378.96,1244,1241
1,1,44,ECDSA-SHA224_signed-by_ED448,ECDSA-SHA224_signed-by_ED448,11.973,2328.53,1690.44,0.823529,16,0.941176,108.118,24,2369.84,2357.26,1244,1241
1,3,42,ECDSA-SHA224_signed-by_ED448,ECDSA-SHA224_signed-by_ED448,10.819,2576.92,1285.13,0.833333,5,0.416667,108.667,24,2358.27,2336.45,1244,1241
1,6,47,ECDSA-SHA224_signed-by_ED448,ECDSA-SHA224_signed-by_ED448,11.707,2380.73,1048.23,1,0,0,134.889,9,2367.55,2341.09,1243,1241
1,2,41,ECDSA-SHA224_signed-by_ED448,ECDSA-SHA224_signed-by_ED448,12.983,2147.35,1105.41,1,9,0.642857,92.8571,24,2388.33,2349.01,1244,1241
1,8,44,ECDSA-SHA224_signed-by_ED448,ECDSA-SHA224_signed-by_ED448,11.38,2450.56,1623.86,1,9,0.692308,124.769,15,2378.81,2364.29,1245,1241
1,7,44,ECDSA-SHA224_signed-by_ED448,ECDSA-SHA224_signed-by_ED448,13.512,2063.27,908.192,1,0,0,117.111,16,2382.83,2343.56,1245,1240
1,5,41,ECDSA-SHA224_signed-by_ED448,ECDSA-SHA224_signed-by_ED448,12.503,2229.81,1022.45,1,0,0,117.273,15,2379.7,2379.82,1244,1241
1,1,45,ECDSA-SHA224_signed-by_ED448,ECDSA-SHA224_signed-by_ED448,13.263,2102.04,925.261,1,0,0,117.111,24,2373.02,2326.58,1244,1241
1,8,45,ECDSA-SHA224_signed-by_ED448,ECDSA-SHA224_signed-by_ED448,10.98,2539.86,1266.29,1,5,0.416667,108.667,15,2627,2353.24,1245,1241
1,3,43,ECDSA-SHA224_signed-by_ED448,ECDSA-SHA224_signed-by_ED448,17.049,1635.21,1080.13,1,10,0.769231,133.385,24,2500.43,2354.37,1244,1241
1,7,45,ECDSA-SHA224_signed-by_ED448,ECDSA-SHA224_signed-by_ED448,13.423,2076.97,1276.58,1,7,0.5,105.714,16,2375.12,2370.72,1245,1240
1,6,48,ECDSA-SHA224_signed-by_ED448,ECDSA-SHA224_signed-by_ED448,17.142,1625.88,1089.21,1,10,0.714286,136.857,9,2385.47,2361.22,1243,1241
1,2,42,ECDSA-SHA224_signed-by_ED448,ECDSA-SHA224_signed-by_ED448,17.56,1587.63,1483.3,1,22,1.04762,156.476,24,2360.28,2349.49,1244,1241
1,1,46,ECDSA-SHA224_signed-by_ED448,ECDSA-SHA224_signed-by_ED448,12.021,2319.19,1036.81,1,4,0.4,110,24,2375.96,2357.65,1244,1241
1,5,42,ECDSA-SHA224_signed-by_ED448,ECDSA-SHA224_signed-by_ED448,15.958,1747.02,1141.95,1,9,0.75,153.333,15,2389.8,2347.86,1244,1241
1,8,46,ECDSA-SHA224_signed-by_ED448,ECDSA-SHA224_signed-by_ED448,9.079,3071.39,1531.29,0.75,5,0.416667,108.667,15,2378.82,2338.83,1245,1241
1,3,44,ECDSA-SHA224_signed-by_ED448,ECDSA-SHA224_signed-by_ED448,11.653,2392.46,1215.11,1,5,0.384615,103.231,24,2399.93,2351.1,1244,1241
1,6,49,ECDSA-SHA224_signed-by_ED448,ECDSA-SHA224_signed-by_ED448,9.393,2967.31,1560.31,1,6,0.461538,112.154,9,2379.85,2352.07,1243,1241
1,2,43,ECDSA-SHA224_signed-by_ED448,ECDSA-SHA224_signed-by_ED448,13.053,2135.82,1084.76,1,5,0.384615,97.0769,24,2403.54,2341.49,1244,1241
1,7,46,ECDSA-SHA224_signed-by_ED448,ECDSA-SHA224_signed-by_ED448,15.678,1778.2,1110.29,1,9,0.6,103.067,16,2369.12,2369.31,1245,1240
1,1,47,ECDSA-SHA224_signed-by_ED448,ECDSA-SHA224_signed-by_ED448,13.666,2040,1036.1,1,2,0.153846,142,24,2378.12,2348.36,1244,1241
1,8,47,ECDSA-SHA224_signed-by_ED448,ECDSA-SHA224_signed-by_ED448,11.728,2377.8,1046.34,1,0,0,125.111,15,2410.28,2339.78,1245,1241
1,5,43,ECDSA-SHA224_signed-by_ED448,ECDSA-SHA224_signed-by_ED448,15.429,1806.89,1533.65,1,19,0.904762,108.095,15,2378.74,2348.68,1244,1241
1,3,45,ECDSA-SHA224_signed-by_ED448,ECDSA-SHA224_signed-by_ED448,10.361,2690.79,1202.94,1,4,0.4,116.4,24,2384.78,2354.88,1244,1241
1,6,50,ECDSA-SHA224_signed-by_ED448,ECDSA-SHA224_signed-by_ED448,15.025,1854.96,867.846,1,0,0,110.667,9,2360.89,2339.92,1243,1241
1,7,47,ECDSA-SHA224_signed-by_ED448,ECDSA-SHA224_signed-by_ED448,13.01,2142.89,1068.68,1,5,0.416667,102,16,2376.74,2374.15,1245,1240
1,8,48,ECDSA-SHA224_signed-by_ED448,ECDSA-SHA224_signed-by_ED448,12.403,2248.43,989.412,1,0,0,122.444,15,2369.15,2375.34,1245,1241
1,1,48,ECDSA-SHA224_signed-by_ED448,ECDSA-SHA224_signed-by_ED448,15.665,1779.68,1179.64,1,9,0.692308,133.385,24,2380.96,2348.05,1244,1241
1,5,44,ECDSA-SHA224_signed-by_ED448,ECDSA-SHA224_signed-by_ED448,13.32,2093.01,921.287,0.777778,0,0,134.889,15,2358.84,2350.63,1244,1241
1,2,44,ECDSA-SHA224_signed-by_ED448,ECDSA-SHA224_signed-by_ED448,19.815,1407,1530.14,1,28,1.47368,143.263,24,2399.67,2452.9,1244,1241
1,3,46,ECDSA-SHA224_signed-by_ED448,ECDSA-SHA224_signed-by_ED448,15.226,1831,1537.3,0.55,16,0.8,130.8,24,2390.65,2320.19,1244,1241
1,6,51,ECDSA-SHA224_signed-by_ED448,ECDSA-SHA224_signed-by_ED448,12.293,2267.25,1263.78,0.8,13,0.866667,104.667,9,2367.94,2335.61,1243,1241
1,7,48,ECDSA-SHA224_signed-by_ED448,ECDSA-SHA224_signed-by_ED448,11.649,2393.32,1053.47,1,0,0,117.111,16,2386.67,2333.92,1245,1240
1,8,49,ECDSA-SHA224_signed-by_ED448,ECDSA-SHA224_signed-by_ED448,12.532,2225.32,1129.89,1,5,0.384615,102,16,2376,2382.68,1245,1241
1,1,49,ECDSA-SHA224_signed-by_ED448,ECDSA-SHA224_signed-by_ED448,12.121,2300.13,1033.57,1,0,0,116.4,24,2395.75,2317.79,1244,1241
1,5,45,ECDSA-SHA224_signed-by_ED448,ECDSA-SHA224_signed-by_ED448,12.044,2314.83,1413.47,1,7,0.538462,127.231,15,2415.44,2377.88,1244,1241
1,2,45,ECDSA-SHA224_signed-by_ED448,ECDSA-SHA224_signed-by_ED448,12.956,2151.86,966.948,1,0,0,109.2,24,2398.59,2342.98,1244,1241
1,3,47,ECDSA-SHA224_signed-by_ED448,ECDSA-SHA224_signed-by_ED448,14.806,1882.97,1272.96,1,13,0.764706,103.412,24,2381.58,2346.12,1244,1241
1,6,52,ECDSA-SHA224_signed-by_ED448,ECDSA-SHA224_signed-by_ED448,13.407,2078.85,1410.57,1,9,0.529412,130.706,9,2381.87,2370.46,1243,1241
1,7,49,ECDSA-SHA224_signed-by_ED448,ECDSA-SHA224_signed-by_ED448,15.668,1779.34,799.555,1,0,0,116.4,16,2382.69,2364.51,1245,1240
1,8,50,ECDSA-SHA224_signed-by_ED448,ECDSA-SHA224_signed-by_ED448,14.466,1927.75,848.299,1,0,0,117.111,16,2352.21,2346.76,1245,1241
1,5,46,ECDSA-SHA224_signed-by_ED448,ECDSA-SHA224_signed-by_ED448,12.759,2185.04,1349.27,1,10,0.714286,120.857,15,2403.71,2363.33,1244,1241
1,2,46,ECDSA-SHA224_signed-by_ED448,ECDSA-SHA224_signed-by_ED448,11.71,2380.81,1556.24,1,12,1,132,24,2392.52,2363.58,1244,1241
1,1,50,ECDSA-SHA224_signed-by_ED448,ECDSA-SHA224_signed-by_ED448,15.526,1795.62,1427.22,1,16,0.842105,104.947,24,2384.23,2349.67,1244,1241
1,6,53,ECDSA-SHA224_signed-by_ED448,ECDSA-SHA224_signed-by_ED448,9.534,2923.42,1938.32,0.615385,7,0.538462,123.538,9,2376.36,2395.95,1243,1241
1,3,48,ECDSA-SHA224_signed-by_ED448,ECDSA-SHA224_signed-by_ED448,14.117,1974.83,1224,1,7,0.5,111.143,24,2393.91,2377.39,1244,1241
1,7,50,ECDSA-SHA224_signed-by_ED448,ECDSA-SHA224_signed-by_ED448,11.179,2493.89,1097.74,0.888889,0,0,125.111,16,2364.1,2350.26,1245,1240
1,8,51,ECDSA-SHA224_signed-by_ED448,ECDSA-SHA224_signed-by_ED448,12.389,2250.95,1374.07,0.769231,7,0.538462,111.231,16,2361.16,2382.07,1245,1241
1,5,47,ECDSA-SHA224_signed-by_ED448,ECDSA-SHA224_signed-by_ED448,12.082,2307.51,1015.7,0.888889,0,0,134.889,15,2358.52,2348.76,1244,1241
1,1,51,ECDSA-SHA224_signed-by_ED448,ECDSA-SHA224_signed-by_ED448,10.464,2664.32,1172.76,1,0,0,134.889,24,2412.56,2362.53,1244,1241
1,6,54,ECDSA-SHA224_signed-by_ED448,ECDSA-SHA224_signed-by_ED448,11.24,2479.64,1365.08,0.857143,5,0.357143,151.143,9,2373.53,2359.2,1243,1241
1,2,47,ECDSA-SHA224_signed-by_ED448,ECDSA-SHA224_signed-by_ED448,16.117,1729.76,1337.15,1,15,0.833333,162.889,24,2408.16,2376.28,1244,1241
1,3,49,ECDSA-SHA224_signed-by_ED448,ECDSA-SHA224_signed-by_ED448,12.853,2169.09,954.773,1,0,0,125.111,24,2387.76,2333.77,1244,1241
1,7,51,ECDSA-SHA224_signed-by_ED448,ECDSA-SHA224_signed-by_ED448,13.355,2087.54,918.879,1,0,0,125.111,16,2351.7,2364.31,1245,1240
1,1,52,ECDSA-SHA224_signed-by_ED448,ECDSA-SHA224_signed-by_ED448,11.892,2344.38,1190.69,1,5,0.384615,103.231,24,2378.86,2353.2,1244,1241
1,8,52,ECDSA-SHA224_signed-by_ED448,ECDSA-SHA224_signed-by_ED448,14.367,1941.04,1629.23,1,19,0.95,101.6,16,2390.59,2343.59,1245,1241
1,5,48,ECDSA-SHA224_signed-by_ED448,ECDSA-SHA224_signed-by_ED448,15.122,1843.59,1543.64,1,16,0.888889,130.667,15,2368.29,2359.93,1244,1241
1,6,55,ECDSA-SHA224_signed-by_ED448,ECDSA-SHA224_signed-by_ED448,13.917,2002.66,900.165,1,0,0,125.2,9,2396.2,2367.05,1243,1241
1,2,48,ECDSA-SHA224_signed-by_ED448,ECDSA-SHA224_signed-by_ED448,15.303,1821.78,1124.96,1,8,0.571429,111.143,24,2384.61,2389.24,1244,1241
1,3,50,ECDSA-SHA224_signed-by_ED448,ECDSA-SHA224_signed-by_ED448,15.603,1786.77,849.035,1,1,0.0909091,108.909,24,2368.82,2360.03,1244,1241
1,7,52,ECDSA-SHA224_signed-by_ED448,ECDSA-SHA224_signed-by_ED448,12.927,2156.68,1443.15,0.4375,12,0.75,107.5,16,2369.04,2360.36,1245,1240
1,8,53,ECDSA-SHA224_signed-by_ED448,ECDSA-SHA224_signed-by_ED448,11.108,2510.6,1145.11,0.636364,4,0.363636,102.727,16,2395.9,2350.96,1245,1241
1,1,53,ECDSA-SHA224_signed-by_ED448,ECDSA-SHA224_signed-by_ED448,14.329,1945.64,856.416,1,0,0,134.889,24,2353.05,2333.48,1244,1241
1,5,49,ECDSA-SHA224_signed-by_ED448,ECDSA-SHA224_signed-by_ED448,12.937,2155.01,948.576,1,0,0,129.556,15,2377.4,2371.53,1244,1241
1,6,56,ECDSA-SHA224_signed-by_ED448,ECDSA-SHA224_signed-by_ED448,13.392,2081.19,1065.68,0.714286,5,0.357143,105.143,9,2371.61,2325.82,1243,1241
1,2,49,ECDSA-SHA224_signed-by_ED448,ECDSA-SHA224_signed-by_ED448,11.476,2429.38,1069.35,1,3,0.333333,117.111,24,2380.19,2368.68,1244,1241
1,7,53,ECDSA-SHA224_signed-by_ED448,ECDSA-SHA224_signed-by_ED448,9.861,2827.25,1726.37,1,7,0.538462,118.615,16,2383.97,2484.49,1245,1240
1,8,54,ECDSA-SHA224_signed-by_ED448,ECDSA-SHA224_signed-by_ED448,11.077,2517.59,1278.3,1,2,0.153846,132.154,16,2376.39,2352.82,1245,1241
1,1,54,ECDSA-SHA224_signed-by_ED448,ECDSA-SHA224_signed-by_ED448,11.331,2460.45,1105.61,1,0,0,125.2,24,2392.52,2344.23,1244,1241
1,5,50,ECDSA-SHA224_signed-by_ED448,ECDSA-SHA224_signed-by_ED448,10.41,2678.15,1178.85,1,0,0,134.889,15,2398.6,2345.2,1244,1241
1,3,51,ECDSA-SHA224_signed-by_ED448,ECDSA-SHA224_signed-by_ED448,16.267,1713.81,1274.66,0.809524,18,0.857143,93.619,24,2406.38,2352.76,1244,1241
1,2,50,ECDSA-SHA224_signed-by_ED448,ECDSA-SHA224_signed-by_ED448,12.305,2265.67,1129.91,0.333333,2,0.166667,140,24,2384.54,2345.8,1244,1241
1,8,55,ECDSA-SHA224_signed-by_ED448,ECDSA-SHA224_signed-by_ED448,11.374,2451.82,1078.91,0.666667,0,0,117.111,16,2388.6,2368.12,1245,1241
1,7,54,ECDSA-SHA224_signed-by_ED448,ECDSA-SHA224_signed-by_ED448,14.194,1964.12,997.557,0.615385,5,0.384615,103.231,16,2370.42,2336.55,1245,1240
1,6,57,ECDSA-SHA224_signed-by_ED448,ECDSA-SHA224_signed-by_ED448,18.649,1494.55,987.498,1,10,0.769231,144.462,9,2375.55,2341.67,1243,1241
1,1,55,ECDSA-SHA224_signed-by_ED448,ECDSA-SHA224_signed-by_ED448,10.379,2686.14,1182.37,0.888889,0,0,134.889,24,2390.94,2353.58,1244,1241
1,5,51,ECDSA-SHA224_signed-by_ED448,ECDSA-SHA224_signed-by_ED448,12.097,2304.64,1051.47,0.727273,5,0.454545,102.727,15,2383.22,2340.03,1244,1241
1,3,52,ECDSA-SHA224_signed-by_ED448,ECDSA-SHA224_signed-by_ED448,14.196,1963.86,882.471,1,0,0,116.4,24,2387.94,2344.73,1244,1241
1,2,51,ECDSA-SHA224_signed-by_ED448,ECDSA-SHA224_signed-by_ED448,11.385,2448.79,1077.89,1,0,0,117.111,24,2387.3,2360.57,1244,1241
1,7,55,ECDSA-SHA224_signed-by_ED448,ECDSA-SHA224_signed-by_ED448,10.505,2653.97,1341.84,1,9,0.692308,103.231,16,2659.37,2379.07,1245,1240
1,6,58,ECDSA-SHA224_signed-by_ED448,ECDSA-SHA224_signed-by_ED448,11.551,2412.92,1583.22,1,3,0.25,146.667,9,2371.45,2349.74,1243,1241
1,5,52,ECDSA-SHA224_signed-by_ED448,ECDSA-SHA224_signed-by_ED448,9.842,2832.75,1466.37,1,1,0.0833333,141.333,15,2368.74,2348.87,1244,1241
1,8,56,ECDSA-SHA224_signed-by_ED448,ECDSA-SHA224_signed-by_ED448,15.21,1833.47,1231.78,1,9,0.642857,118.571,16,2360.07,2336.03,1245,1241
1,1,56,ECDSA-SHA224_signed-by_ED448,ECDSA-SHA224_signed-by_ED448,14.868,1875.1,1284.86,1,13,0.722222,106.444,24,2402.33,2357.19,1244,1241
1,6,59,ECDSA-SHA224_signed-by_ED448,ECDSA-SHA224_signed-by_ED448,9.734,2863.32,1339.62,1,0,0,108,9,2347.34,2343.48,1243,1241
1,3,53,ECDSA-SHA224_signed-by_ED448,ECDSA-SHA224_signed-by_ED448,17.325,1609.14,993.652,1,8,0.571429,112.857,24,2378.67,2341.72,1244,1241
1,5,53,ECDSA-SHA224_signed-by_ED448,ECDSA-SHA224_signed-by_ED448,11.444,2436.14,1072.32,1,0,0,117.111,15,2384.43,2346.15,1244,1241
1,8,57,ECDSA-SHA224_signed-by_ED448,ECDSA-SHA224_signed-by_ED448,10.772,2588.87,2021.49,0.588235,14,0.823529,115.176,16,2396.54,2383.2,1245,1241
1,1,57,ECDSA-SHA224_signed-by_ED448,ECDSA-SHA224_signed-by_ED448,11.196,2490.1,1096.07,1,0,0,134.889,24,2396.2,2344.32,1244,1241
1,2,52,ECDSA-SHA224_signed-by_ED448,ECDSA-SHA224_signed-by_ED448,20.194,1380.59,1491.91,1,27,1.5,157.556,24,2394.04,2352.8,1244,1241
1,7,56,ECDSA-SHA224_signed-by_ED448,ECDSA-SHA224_signed-by_ED448,19.166,1454.65,735.465,1,3,0.230769,134.615,16,2371.4,2389.3,1245,1240
1,6,60,ECDSA-SHA224_signed-by_ED448,ECDSA-SHA224_signed-by_ED448,9.939,2804.3,1398.93,0.166667,5,0.416667,116.667,9,2369.43,2353.49,1243,1241
1,3,54,ECDSA-SHA224_signed-by_ED448,ECDSA-SHA224_signed-by_ED448,11.16,2498.16,1099.62,0.222222,0,0,125.111,24,2381.82,2341.32,1244,1241
1,5,54,ECDSA-SHA224_signed-by_ED448,ECDSA-SHA224_signed-by_ED448,10.927,2551.43,1123.07,0.222222,0,0,117.111,15,2370.93,2377.99,1244,1241
1,8,58,ECDSA-SHA224_signed-by_ED448,ECDSA-SHA224_signed-by_ED448,11.044,2525.14,1111.18,0.222222,0,0,117.111,16,2375.73,2339.76,1245,1241
1,1,58,ECDSA-SHA224_signed-by_ED448,ECDSA-SHA224_signed-by_ED448,11.003,2533.83,1138.59,0.2,0,0,125.2,24,2364.32,2349.26,1244,1241
1,2,53,ECDSA-SHA224_signed-by_ED448,ECDSA-SHA224_signed-by_ED448,10.916,2554.03,1124.21,0.222222,0,0,117.111,24,2380.72,2334.54,1244,1241
1,7,57,ECDSA-SHA224_signed-by_ED448,ECDSA-SHA224_signed-by_ED448,11.048,2523.51,1110.78,0,0,0,117.111,16,2400.66,2340.82,1245,1240
1,6,61,ECDSA-SHA224_signed-by_ED448,ECDSA-SHA224_signed-by_ED448,9.966,2796.44,1231.27,0,0,0,134.889,9,2385.72,2373.73,1243,1241
1,3,55,ECDSA-SHA224_signed-by_ED448,ECDSA-SHA224_signed-by_ED448,9.847,2831.05,1246.15,0,0,0,125.111,24,2389.68,2350.7,1244,1241
1,5,55,ECDSA-SHA224_signed-by_ED448,ECDSA-SHA224_signed-by_ED448,10.995,2535.47,1116.04,0,0,0,117.111,15,2400.55,2356.12,1244,1241
1,8,59,ECDSA-SHA224_signed-by_ED448,ECDSA-SHA224_signed-by_ED448,11.018,2531.12,1113.81,0,0,0,117.111,16,2385.85,2360.86,1245,1241
1,1,59,ECDSA-SHA224_signed-by_ED448,ECDSA-SHA224_signed-by_ED448,11.571,2409.45,1060.57,0,0,0,127.778,24,2385.96,2385.76,1244,1241
1,2,54,ECDSA-SHA224_signed-by_ED448,ECDSA-SHA224_signed-by_ED448,10.275,2713.12,1194.24,0,0,0,117.111,24,2390.27,2394.54,1244,1241
1,7,58,ECDSA-SHA224_signed-by_ED448,ECDSA-SHA224_signed-by_ED448,10.163,2743.27,1207.51,0.444444,0,0,221.111,16,2377.85,2362.8,1245,1240
1,6,62,ECDSA-SHA224_signed-by_ED448,ECDSA-SHA224_signed-by_ED448,10.649,2617.31,1152.4,0.444444,0,0,134.889,9,2373.51,2363.59,1243,1241
1,3,56,ECDSA-SHA224_signed-by_ED448,ECDSA-SHA224_signed-by_ED448,11.234,2481.72,1115.17,0.4,0,0,116.4,24,2393.79,2340.27,1244,1241
1,5,56,ECDSA-SHA224_signed-by_ED448,ECDSA-SHA224_signed-by_ED448,9.856,2828.73,1245.13,0.444444,0,0,117.111,15,2362.62,2391.6,1244,1241
1,8,60,ECDSA-SHA224_signed-by_ED448,ECDSA-SHA224_signed-by_ED448,10.165,2743.27,1207.16,0.444444,0,0,117.111,16,2378.2,2373.43,1245,1241
1,7,59,ECDSA-SHA224_signed-by_ED448,ECDSA-SHA224_signed-by_ED448,10.181,2738.4,1205.37,0.222222,0,0,117.111,16,2379.56,2376.77,1245,1240
1,1,60,ECDSA-SHA224_signed-by_ED448,ECDSA-SHA224_signed-by_ED448,12.434,2242.17,1465.61,0.583333,9,0.75,132,24,2350.24,2357.81,1244,1241
1,2,55,ECDSA-SHA224_signed-by_ED448,ECDSA-SHA224_signed-by_ED448,12.647,2204.4,990.555,0.8,0,0,106.8,24,2380.63,2352.76,1244,1241
1,6,63,ECDSA-SHA224_signed-by_ED448,ECDSA-SHA224_signed-by_ED448,11.222,2483.63,1256.07,0.384615,6,0.461538,110.615,9,2387.33,2337.09,1243,1241
1,3,57,ECDSA-SHA224_signed-by_ED448,ECDSA-SHA224_signed-by_ED448,9.628,2895.69,1286.23,0.5,0,0,116,24,2386.06,2347.68,1244,1241
1,8,61,ECDSA-SHA224_signed-by_ED448,ECDSA-SHA224_signed-by_ED448,11.126,2506.5,1289.92,1,9,0.642857,92.8571,16,2380.09,2364.66,1245,1241
1,5,57,ECDSA-SHA224_signed-by_ED448,ECDSA-SHA224_signed-by_ED448,12.903,2160.67,1138.3,1,3,0.230769,95.2308,15,2389.56,2341.56,1244,1241
1,1,61,ECDSA-SHA224_signed-by_ED448,ECDSA-SHA224_signed-by_ED448,11.017,2530.56,1113.88,1,0,0,117.111,24,2364.74,2360.17,1244,1241
1,7,60,ECDSA-SHA224_signed-by_ED448,ECDSA-SHA224_signed-by_ED448,13.497,2065.56,1280.23,0.857143,7,0.5,106,16,2369.53,2348.15,1245,1240
1,6,64,ECDSA-SHA224_signed-by_ED448,ECDSA-SHA224_signed-by_ED448,11.343,2457.13,1081.87,1,0,0,134.889,9,2390.04,2338.35,1243,1241
1,3,58,ECDSA-SHA224_signed-by_ED448,ECDSA-SHA224_signed-by_ED448,10.346,2694.73,1186.14,1,0,0,125.111,24,2392.79,2328.03,1244,1241
1,2,56,ECDSA-SHA224_signed-by_ED448,ECDSA-SHA224_signed-by_ED448,15.577,1789.75,787.799,1,0,0,117.111,24,2396.66,2350.91,1244,1241
1,5,58,ECDSA-SHA224_signed-by_ED448,ECDSA-SHA224_signed-by_ED448,14.816,1881.67,828.259,1,0,0,117.111,15,2375.58,2362.27,1244,1241
1,1,62,ECDSA-SHA224_signed-by_ED448,ECDSA-SHA224_signed-by_ED448,12.086,2306.79,1036.57,0.9,0,0,109.2,24,2395.18,2417.24,1244,1241
1,8,62,ECDSA-SHA224_signed-by_ED448,ECDSA-SHA224_signed-by_ED448,17.031,1637.41,1095.37,0.5625,9,0.5625,166.5,16,2396.85,2344.27,1245,1241
1,7,61,ECDSA-SHA224_signed-by_ED448,ECDSA-SHA224_signed-by_ED448,12.379,2252.18,1507.05,0.875,12,0.75,101,16,2377.67,2350.28,1245,1240
1,3,59,ECDSA-SHA224_signed-by_ED448,ECDSA-SHA224_signed-by_ED448,12.98,2147.89,984.888,1,0,0,109.273,24,2378.05,2328.66,1244,1241
1,6,65,ECDSA-SHA224_signed-by_ED448,ECDSA-SHA224_signed-by_ED448,14.264,1953.98,887.253,1,6,0.545455,117.273,9,2379.7,2334.37,1243,1241
1,2,57,ECDSA-SHA224_signed-by_ED448,ECDSA-SHA224_signed-by_ED448,14.047,1984.72,891.842,1,0,0,110,24,2397.32,2361.92,1244,1241
1,5,59,ECDSA-SHA224_signed-by_ED448,ECDSA-SHA224_signed-by_ED448,13.162,2118.18,932.365,1,0,0,117.111,15,2411.74,2360.68,1244,1241
1,1,63,ECDSA-SHA224_signed-by_ED448,ECDSA-SHA224_signed-by_ED448,12.56,2219.71,1355.39,1,7,0.538462,111.231,24,2384.29,2332.41,1244,1241
1,8,63,ECDSA-SHA224_signed-by_ED448,ECDSA-SHA224_signed-by_ED448,13.117,2126.05,1408.83,1,9,0.692308,124.769,16,2382.47,2356.18,1245,1241
1,3,60,ECDSA-SHA224_signed-by_ED448,ECDSA-SHA224_signed-by_ED448,11.503,2423.67,1083.53,1,5,0.5,116.4,24,2395.85,2368.65,1244,1241
1,7,62,ECDSA-SHA224_signed-by_ED448,ECDSA-SHA224_signed-by_ED448,13.473,2069.27,1263.53,0.923077,7,0.538462,111.231,16,2369.07,2353.57,1245,1240
1,6,66,ECDSA-SHA224_signed-by_ED448,ECDSA-SHA224_signed-by_ED448,13.123,2123.85,1435,0.764706,7,0.411765,143.647,9,2384.24,2369.29,1243,1241
1,5,60,ECDSA-SHA224_signed-by_ED448,ECDSA-SHA224_signed-by_ED448,8.505,3277.75,2119.96,0.636364,2,0.181818,120.182,15,2375.48,2385.04,1244,1241
1,1,64,ECDSA-SHA224_signed-by_ED448,ECDSA-SHA224_signed-by_ED448,9.021,3090.25,1372.66,0.4,0,0,108.8,24,2378.6,2342.8,1244,1241
1,8,64,ECDSA-SHA224_signed-by_ED448,ECDSA-SHA224_signed-by_ED448,9.544,2921.77,1285.71,0.333333,0,0,117.111,16,2383.05,2353.2,1245,1241
1,3,61,ECDSA-SHA224_signed-by_ED448,ECDSA-SHA224_signed-by_ED448,9.691,2876.64,1434.6,0.583333,5,0.416667,150.667,24,2404.48,2390.97,1244,1241
1,7,63,ECDSA-SHA224_signed-by_ED448,ECDSA-SHA224_signed-by_ED448,10.022,2781.64,1224.4,1,0,0,117.111,16,2388.2,2380.02,1245,1240
1,6,67,ECDSA-SHA224_signed-by_ED448,ECDSA-SHA224_signed-by_ED448,9.081,3069,1379.46,1,0,0,125.2,9,2391.69,2339.58,1243,1241
1,1,65,ECDSA-SHA224_signed-by_ED448,ECDSA-SHA224_signed-by_ED448,8.811,3163.94,1421.73,1,0,0,106.8,24,2394.36,2345.03,1244,1241
1,5,61,ECDSA-SHA224_signed-by_ED448,ECDSA-SHA224_signed-by_ED448,10.793,2582.92,1311.84,1,5,0.384615,97.0769,15,2381.7,2366.42,1244,1241
1,7,64,ECDSA-SHA224_signed-by_ED448,ECDSA-SHA224_signed-by_ED448,8.74,3189.6,1433.26,0.4,0,0,109.2,16,2370.29,2363.99,1245,1240
1,2,58,ECDSA-SHA224_signed-by_ED448,ECDSA-SHA224_signed-by_ED448,28.179,989.36,682.474,1,15,0.789474,93.5789,24,2367.41,2372.28,1244,1241
1,6,68,ECDSA-SHA224_signed-by_ED448,ECDSA-SHA224_signed-by_ED448,11.42,2440.58,1091.4,1,4,0.4,125.2,9,2383.7,2365.76,1243,1241
1,3,62,ECDSA-SHA224_signed-by_ED448,ECDSA-SHA224_signed-by_ED448,13.868,2010.32,1535.57,1,17,1,172.118,24,2367.58,2353.59,1244,1241
1,1,66,ECDSA-SHA224_signed-by_ED448,ECDSA-SHA224_signed-by_ED448,8.753,3185.19,1402.03,1,0,0,117.111,24,2401.86,2379.58,1244,1241
1,8,65,ECDSA-SHA224_signed-by_ED448,ECDSA-SHA224_signed-by_ED448,16.687,1671.17,1431.47,1,17,0.944444,112.667,16,2391.12,2357.27,1245,1241
1,5,62,ECDSA-SHA224_signed-by_ED448,ECDSA-SHA224_signed-by_ED448,10.647,2618.54,1152.61,1,0,0,117.111,15,2367.82,2358.49,1244,1241
1,7,65,ECDSA-SHA224_signed-by_ED448,ECDSA-SHA224_signed-by_ED448,10.752,2592.95,1175.57,1,0,0,100.182,16,2377.9,2356.42,1245,1240
1,1,67,ECDSA-SHA224_signed-by_ED448,ECDSA-SHA224_signed-by_ED448,8.716,3198.36,1407.83,0.444444,3,0.333333,117.111,24,2397.43,2362.34,1244,1241
1,8,66,ECDSA-SHA224_signed-by_ED448,ECDSA-SHA224_signed-by_ED448,8.398,3320.41,1461.13,0.444444,0,0,117.111,16,2392.39,2373.13,1245,1241
1,2,59,ECDSA-SHA224_signed-by_ED448,ECDSA-SHA224_signed-by_ED448,14.541,1917.25,1284.04,1,10,0.714286,118.571,24,2370.92,2352.06,1244,1241
1,3,63,ECDSA-SHA224_signed-by_ED448,ECDSA-SHA224_signed-by_ED448,12.279,2270.47,1132.3,0.5,2,0.166667,150.667,24,2402.98,2342.77,1244,1241
1,5,63,ECDSA-SHA224_signed-by_ED448,ECDSA-SHA224_signed-by_ED448,9.252,3013.4,1347.17,0.4,5,0.5,110,15,2383.46,2341.16,1244,1241
1,7,66,ECDSA-SHA224_signed-by_ED448,ECDSA-SHA224_signed-by_ED448,11.886,2345.55,1032.44,0.888889,0,0,117.111,16,2406.81,2364.59,1245,1240
1,1,68,ECDSA-SHA224_signed-by_ED448,ECDSA-SHA224_signed-by_ED448,9.223,3022.85,1684.47,0.4,10,0.666667,123.333,24,2363.52,2341.91,1244,1241
1,6,69,ECDSA-SHA224_signed-by_ED448,ECDSA-SHA224_signed-by_ED448,20.314,1372.04,814.402,0.588235,6,0.352941,122.941,9,2385.26,2345.21,1243,1241
1,8,67,ECDSA-SHA224_signed-by_ED448,ECDSA-SHA224_signed-by_ED448,10.69,2608.75,1147.97,1,0,0,117.111,16,2388,2356.89,1245,1241
1,2,60,ECDSA-SHA224_signed-by_ED448,ECDSA-SHA224_signed-by_ED448,10.32,2701.52,1207.74,0.9,4,0.4,109.2,24,2387.51,2355.99,1244,1241
1,3,64,ECDSA-SHA224_signed-by_ED448,ECDSA-SHA224_signed-by_ED448,10.331,2698.63,1206.45,1,4,0.4,116.4,24,2372.84,2360.4,1244,1241
1,5,64,ECDSA-SHA224_signed-by_ED448,ECDSA-SHA224_signed-by_ED448,12.305,2265.69,1447.18,1,2,0.142857,151.143,15,2394.65,2351.42,1244,1241
1,1,69,ECDSA-SHA224_signed-by_ED448,ECDSA-SHA224_signed-by_ED448,13.764,2025.5,1473.93,1,14,0.736842,123.053,24,2385.99,2363.37,1244,1241
1,6,70,ECDSA-SHA224_signed-by_ED448,ECDSA-SHA224_signed-by_ED448,13.848,2012.63,1237.39,1,7,0.5,113.714,9,2367.1,2362.79,1243,1241
1,8,68,ECDSA-SHA224_signed-by_ED448,ECDSA-SHA224_signed-by_ED448,14.105,1977.09,906.308,1,0,0,102.727,16,2406.26,2350.14,1245,1241
1,7,67,ECDSA-SHA224_signed-by_ED448,ECDSA-SHA224_signed-by_ED448,17.376,1604.43,1722.75,1,16,0.941176,144.824,16,2395.78,2359.28,1245,1240
1,5,65,ECDSA-SHA224_signed-by_ED448,ECDSA-SHA224_signed-by_ED448,11.721,2378.57,1132.98,1,1,0.0909091,104.182,15,2370.68,2384.34,1244,1241
1,2,61,ECDSA-SHA224_signed-by_ED448,ECDSA-SHA224_signed-by_ED448,15.523,1795.97,2348.93,1,43,1.48276,182.828,24,2391.68,2337.9,1244,1241
1,6,71,ECDSA-SHA224_signed-by_ED448,ECDSA-SHA224_signed-by_ED448,8.753,3183.96,1710.78,0.785714,3,0.214286,102.286,9,2382.88,2427.18,1243,1241
1,7,68,ECDSA-SHA224_signed-by_ED448,ECDSA-SHA224_signed-by_ED448,7.591,3672.43,1616.5,0.666667,0,0,117.111,16,2365.83,2372.81,1245,1240
1,8,69,ECDSA-SHA224_signed-by_ED448,ECDSA-SHA224_signed-by_ED448,10.986,2538.49,1682.13,0.769231,9,0.692308,124.769,16,2392.36,2366.27,1245,1241
1,1,70,ECDSA-SHA224_signed-by_ED448,ECDSA-SHA224_signed-by_ED448,15.127,1843,1217.39,1,10,0.769231,124.769,24,2387.52,2356.07,1244,1241
1,2,62,ECDSA-SHA224_signed-by_ED448,ECDSA-SHA224_signed-by_ED448,13.769,2024.78,1323.51,1,9,0.75,132,24,2393.46,2369.41,1244,1241
1,5,66,ECDSA-SHA224_signed-by_ED448,ECDSA-SHA224_signed-by_ED448,16.188,1722.2,1238.4,1,15,0.9375,112,15,2368.14,2378.53,1244,1241
1,6,72,ECDSA-SHA224_signed-by_ED448,ECDSA-SHA224_signed-by_ED448,14.966,1862.3,837.075,1,0,0,125.2,9,2385.43,2344.65,1243,1241
1,7,69,ECDSA-SHA224_signed-by_ED448,ECDSA-SHA224_signed-by_ED448,14.895,1871.72,1142.91,1,7,0.538462,111.231,16,2410.55,2358.27,1245,1240
1,3,65,ECDSA-SHA224_signed-by_ED448,ECDSA-SHA224_signed-by_ED448,36.183,770.515,394.875,1,4,0.285714,127.714,24,2398.16,2346.24,1244,1241
1,8,70,ECDSA-SHA224_signed-by_ED448,ECDSA-SHA224_signed-by_ED448,14.633,1905.78,1374.39,1,14,0.875,112,16,2391.41,2356.6,1245,1241
1,5,67,ECDSA-SHA224_signed-by_ED448,ECDSA-SHA224_signed-by_ED448,8.298,3359.54,1509.62,1,0,0,109.2,15,2380.05,2337.94,1244,1241
1,6,73,ECDSA-SHA224_signed-by_ED448,ECDSA-SHA224_signed-by_ED448,8.636,3227.05,2000.7,1,7,0.5,120.857,9,2393.86,2357.43,1243,1241
1,7,70,ECDSA-SHA224_signed-by_ED448,ECDSA-SHA224_signed-by_ED448,8.034,3469.84,1648.8,1,1,0.0909091,104.182,16,2370.16,2350.66,1245,1240
1,2,63,ECDSA-SHA224_signed-by_ED448,ECDSA-SHA224_signed-by_ED448,16.897,1649.92,1033.98,1,8,0.533333,99.8667,24,2387.18,2356.88,1244,1241
1,1,71,ECDSA-SHA224_signed-by_ED448,ECDSA-SHA224_signed-by_ED448,24.297,1147.43,1189.25,1,25,1.08696,108.609,24,2384.6,2372.04,1244,1241
1,7,71,ECDSA-SHA224_signed-by_ED448,ECDSA-SHA224_signed-by_ED448,7.981,3493.26,1569.71,1,0,0,109.2,16,2367.25,2374.21,1245,1240
1,5,68,ECDSA-SHA224_signed-by_ED448,ECDSA-SHA224_signed-by_ED448,13.597,2050.34,1323.75,1,8,0.533333,100.933,15,2365.02,2352.69,1244,1241
1,6,74,ECDSA-SHA224_signed-by_ED448,ECDSA-SHA224_signed-by_ED448,9.426,2956.86,1329.06,1,0,0,121.2,9,2351.53,2350.13,1243,1241
1,1,72,ECDSA-SHA224_signed-by_ED448,ECDSA-SHA224_signed-by_ED448,6.685,4170.02,1835.53,1,0,0,124.222,24,2384.84,2376.07,1244,1241
1,8,71,ECDSA-SHA224_signed-by_ED448,ECDSA-SHA224_signed-by_ED448,21.422,1301.8,1082.97,1,16,0.761905,98,16,2384.09,2344.14,1245,1241
1,2,64,ECDSA-SHA224_signed-by_ED448,ECDSA-SHA224_signed-by_ED448,14.435,1931.33,850.116,1,0,0,118,24,2348.62,2370.28,1244,1241
1,3,66,ECDSA-SHA224_signed-by_ED448,ECDSA-SHA224_signed-by_ED448,26.863,1037.85,1142.97,1,30,1.42857,165.238,24,2365.07,2409.77,1244,1241
1,7,72,ECDSA-SHA224_signed-by_ED448,ECDSA-SHA224_signed-by_ED448,12.828,2173.31,1015.25,1,1,0.1,112.4,16,2394.81,2370.19,1245,1240
1,5,69,ECDSA-SHA224_signed-by_ED448,ECDSA-SHA224_signed-by_ED448,12.57,2217.92,976.269,1,0,0,117.111,15,2385.9,2351.35,1244,1241
1,6,75,ECDSA-SHA224_signed-by_ED448,ECDSA-SHA224_signed-by_ED448,13.654,2041.23,1348.71,1,10,0.769231,124.769,9,2360.85,2355.61,1243,1241
1,1,73,ECDSA-SHA224_signed-by_ED448,ECDSA-SHA224_signed-by_ED448,11.78,2366.69,1445.14,0.769231,7,0.538462,127.231,24,2378.58,2352.85,1244,1241
1,2,65,ECDSA-SHA224_signed-by_ED448,ECDSA-SHA224_signed-by_ED448,12.019,2319.59,1537.52,1,9,0.692308,124.769,24,2401.03,2367.58,1244,1241
1,3,67,ECDSA-SHA224_signed-by_ED448,ECDSA-SHA224_signed-by_ED448,10.889,2560.32,1150.49,1,0,0,116.4,24,2365.36,2358.32,1244,1241
1,8,72,ECDSA-SHA224_signed-by_ED448,ECDSA-SHA224_signed-by_ED448,17.328,1609.33,997.177,1,7,0.5,106,16,2385.55,2338.11,1245,1241
1,7,73,ECDSA-SHA224_signed-by_ED448,ECDSA-SHA224_signed-by_ED448,13.029,2139.76,941.865,1,0,0,117.111,17,2375.2,2359.43,1245,1240
1,5,70,ECDSA-SHA224_signed-by_ED448,ECDSA-SHA224_signed-by_ED448,13.436,2074.95,1267,1,7,0.538462,111.231,15,2407.21,2359.34,1244,1241
1,6,76,ECDSA-SHA224_signed-by_ED448,ECDSA-SHA224_signed-by_ED448,14.727,1892.5,1155.92,1,7,0.538462,234.308,9,2385.34,2363.42,1243,1241
1,1,74,ECDSA-SHA224_signed-by_ED448,ECDSA-SHA224_signed-by_ED448,15.071,1849.83,1524.45,0.9375,16,1,142.5,24,2389.18,2338.22,1244,1241
1,2,66,ECDSA-SHA224_signed-by_ED448,ECDSA-SHA224_signed-by_ED448,12.06,2311.71,1174.1,0.538462,5,0.384615,97.0769,24,2399.96,2365.33,1244,1241
1,3,68,ECDSA-SHA224_signed-by_ED448,ECDSA-SHA224_signed-by_ED448,11.166,2496.82,1099.03,1,0,0,145.556,24,2368.28,2353,1244,1241
1,8,73,ECDSA-SHA224_signed-by_ED448,ECDSA-SHA224_signed-by_ED448,10.232,2725.52,1518.35,0.6,10,0.666667,94,16,2388.96,2357.65,1245,1241
1,7,74,ECDSA-SHA224_signed-by_ED448,ECDSA-SHA224_signed-by_ED448,11.04,2525.3,1134.75,0.9,0,0,109.2,17,2376.41,2382.82,1245,1240
1,5,71,ECDSA-SHA224_signed-by_ED448,ECDSA-SHA224_signed-by_ED448,12.561,2219.49,985.872,1,0,0,108.8,15,2368.85,2349.59,1244,1241
1,6,77,ECDSA-SHA224_signed-by_ED448,ECDSA-SHA224_signed-by_ED448,14.177,1965.94,865.6,1,0,0,118.444,9,2390.62,2375.23,1243,1241
1,1,75,ECDSA-SHA224_signed-by_ED448,ECDSA-SHA224_signed-by_ED448,15.202,1833.9,807.233,1,0,0,134.889,24,2420.16,2348.63,1244,1241
1,3,69,ECDSA-SHA224_signed-by_ED448,ECDSA-SHA224_signed-by_ED448,15.249,1828.27,838.329,1,0,0,109.273,24,2372.71,2412.72,1244,1241
1,2,67,ECDSA-SHA224_signed-by_ED448,ECDSA-SHA224_signed-by_ED448,20.81,1339.68,906.445,1,15,1,113.2,24,2373.92,2349.86,1244,1241
1,8,74,ECDSA-SHA224_signed-by_ED448,ECDSA-SHA224_signed-by_ED448,18.879,1477.14,650.011,1,0,0,117.111,16,2348.06,2365.14,1245,1241
1,7,75,ECDSA-SHA224_signed-by_ED448,ECDSA-SHA224_signed-by_ED448,18.471,1509.34,1299.29,0.952381,23,1.09524,108.476,17,2361.49,2364.03,1245,1240
1,5,72,ECDSA-SHA224_signed-by_ED448,ECDSA-SHA224_signed-by_ED448,17.356,1606.31,743.929,1,6,0.5,97.3333,15,2400.47,2326.63,1244,1241
1,6,78,ECDSA-SHA224_signed-by_ED448,ECDSA-SHA224_signed-by_ED448,17.678,1576.59,694.17,1,0,0,117.111,9,2394.99,2347.73,1243,1241
1,3,70,ECDSA-SHA224_signed-by_ED448,ECDSA-SHA224_signed-by_ED448,15.178,1836.81,842.243,1,0,0,109.273,24,2357.01,2336.11,1244,1241
1,4,0,ECDSA-SHA224_signed-by_ED448,ECDSA-SHA224_signed-by_ED448,1032.99,26.9974,13.3128,1,8,0.333333,172.417,24,2392.81,2380.74,1244,1242
1,2,68,ECDSA-SHA224_signed-by_ED448,ECDSA-SHA224_signed-by_ED448,15.065,1850.57,910.151,1,0,0,150.364,24,2389.23,2364.05,1244,1241
1,8,75,ECDSA-SHA224_signed-by_ED448,ECDSA-SHA224_signed-by_ED448,14.76,1889.36,831.403,1,0,0,117.111,16,2376.82,2364.51,1245,1241
1,1,76,ECDSA-SHA224_signed-by_ED448,ECDSA-SHA224_signed-by_ED448,23.308,1196.14,749.601,1,8,0.533333,142.533,24,2404.28,2344.42,1244,1241
1,5,73,ECDSA-SHA224_signed-by_ED448,ECDSA-SHA224_signed-by_ED448,15.094,1847.01,908.398,0.909091,0,0,151.455,15,2418.02,2361.31,1244,1241
1,6,79,ECDSA-SHA224_signed-by_ED448,ECDSA-SHA224_signed-by_ED448,11.941,2334.07,1027.69,1,0,0,117.111,9,2383.84,2357.08,1243,1241
1,7,76,ECDSA-SHA224_signed-by_ED448,ECDSA-SHA224_signed-by_ED448,21.91,1272.45,655.027,1,3,0.214286,130,17,2360.07,2348.44,1245,1240
1,3,71,ECDSA-SHA224_signed-by_ED448,ECDSA-SHA224_signed-by_ED448,14.593,1910.4,1360.58,1,14,0.933333,124.933,24,2387.04,2341.62,1244,1241
1,4,1,ECDSA-SHA224_signed-by_ED448,ECDSA-SHA224_signed-by_ED448,13.375,2084.98,1311.04,1,7,0.466667,115.333,24,2385.42,2359.64,1244,1242
1,8,76,ECDSA-SHA224_signed-by_ED448,ECDSA-SHA224_signed-by_ED448,16.606,1679.38,754.42,1,0,0,109.2,16,2371.13,2357.59,1245,1241
1,2,69,ECDSA-SHA224_signed-by_ED448,ECDSA-SHA224_signed-by_ED448,17.603,1583.8,1070.71,1,17,1,97.2941,24,2367.02,2348.8,1244,1241
1,5,74,ECDSA-SHA224_signed-by_ED448,ECDSA-SHA224_signed-by_ED448,15.485,1800.34,808.99,1,0,0,109.2,15,2374.01,2388.32,1244,1241
1,1,77,ECDSA-SHA224_signed-by_ED448,ECDSA-SHA224_signed-by_ED448,18.706,1490.4,974.212,1,9,0.75,153.333,24,2394.09,2330.54,1244,1241
1,6,80,ECDSA-SHA224_signed-by_ED448,ECDSA-SHA224_signed-by_ED448,15.655,1780.39,1087.45,1,7,0.538462,111.231,9,2366.77,2348.4,1243,1241
1,7,77,ECDSA-SHA224_signed-by_ED448,ECDSA-SHA224_signed-by_ED448,16.329,1707.38,1018.06,1,2,0.153846,117.385,17,2377.64,2365.96,1245,1240
1,4,2,ECDSA-SHA224_signed-by_ED448,ECDSA-SHA224_signed-by_ED448,14.164,1968.83,981.59,1,5,0.416667,116.667,24,2383.17,2353.53,1244,1242
1,3,72,ECDSA-SHA224_signed-by_ED448,ECDSA-SHA224_signed-by_ED448,18.574,1500.99,981.137,1,9,0.75,141.333,24,2371.77,2356.29,1244,1241
1,8,77,ECDSA-SHA224_signed-by_ED448,ECDSA-SHA224_signed-by_ED448,13.31,2095.18,921.975,1,0,0,117.111,16,2400.34,2358.25,1245,1241
1,5,75,ECDSA-SHA224_signed-by_ED448,ECDSA-SHA224_signed-by_ED448,12.754,2185.9,962.174,0.777778,0,0,117.111,15,2384.28,2356.04,1244,1241
1,2,70,ECDSA-SHA224_signed-by_ED448,ECDSA-SHA224_signed-by_ED448,14.938,1866.3,1044.27,0.466667,5,0.333333,130.267,24,2388.02,2366.29,1244,1241
1,1,78,ECDSA-SHA224_signed-by_ED448,ECDSA-SHA224_signed-by_ED448,15.208,1833.17,806.911,0.777778,0,0,134.889,24,2376.89,2365.55,1244,1241
1,6,81,ECDSA-SHA224_signed-by_ED448,ECDSA-SHA224_signed-by_ED448,15.742,1770.48,1169.82,0.538462,10,0.769231,124.769,10,2387.15,2360.7,1243,1241
1,7,78,ECDSA-SHA224_signed-by_ED448,ECDSA-SHA224_signed-by_ED448,12.585,2215.3,975.115,0,0,0,134.889,17,2385.07,2361.74,1245,1240
1,4,3,ECDSA-SHA224_signed-by_ED448,ECDSA-SHA224_signed-by_ED448,12.791,2180.24,959.406,0,0,0,134.889,24,2416.89,2364.22,1244,1242
1,3,73,ECDSA-SHA224_signed-by_ED448,ECDSA-SHA224_signed-by_ED448,12.501,2230.18,981.665,0,0,0,125.111,24,2383.76,2356.32,1244,1241
1,8,78,ECDSA-SHA224_signed-by_ED448,ECDSA-SHA224_signed-by_ED448,11.768,2369.8,1042.82,0,0,0,183.778,16,2403.91,2360.36,1245,1241
1,5,76,ECDSA-SHA224_signed-by_ED448,ECDSA-SHA224_signed-by_ED448,12.681,2198.52,967.729,0,0,0,117.111,15,2373.62,2362.43,1244,1241
1,2,71,ECDSA-SHA224_signed-by_ED448,ECDSA-SHA224_signed-by_ED448,12.407,2247.08,989.102,0,0,0,117.111,24,2394.64,2356.31,1244,1241
1,1,79,ECDSA-SHA224_signed-by_ED448,ECDSA-SHA224_signed-by_ED448,11.495,2425.37,1067.58,0,0,0,134.889,24,2376.82,2333.89,1244,1241
1,6,82,ECDSA-SHA224_signed-by_ED448,ECDSA-SHA224_signed-by_ED448,11.674,2387.48,1051.2,0,0,0,118,10,2388.79,2376.25,1243,1241
1,7,79,ECDSA-SHA224_signed-by_ED448,ECDSA-SHA224_signed-by_ED448,12.393,2249.6,990.212,0,0,0,134.889,17,2380.23,2430.31,1245,1240
1,4,4,ECDSA-SHA224_signed-by_ED448,ECDSA-SHA224_signed-by_ED448,12.346,2258.82,993.985,0,0,0,134.889,24,2372.9,2349.64,1244,1242
1,8,79,ECDSA-SHA224_signed-by_ED448,ECDSA-SHA224_signed-by_ED448,10.608,2628.94,1156.86,0,0,0,117.111,16,2599.45,2356.13,1245,1241
1,3,74,ECDSA-SHA224_signed-by_ED448,ECDSA-SHA224_signed-by_ED448,12.412,2246.19,988.709,0,0,0,125.111,24,2396.1,2329.97,1244,1241
1,5,77,ECDSA-SHA224_signed-by_ED448,ECDSA-SHA224_signed-by_ED448,12.218,2281.83,1004.4,0,0,0,117.111,15,2350.99,2368.78,1244,1241
1,2,72,ECDSA-SHA224_signed-by_ED448,ECDSA-SHA224_signed-by_ED448,13.911,2004.11,882.155,0,0,0,117.111,24,2379.4,2351.02,1244,1241
1,1,80,ECDSA-SHA224_signed-by_ED448,ECDSA-SHA224_signed-by_ED448,12.568,2218.3,976.434,0,0,0,134.889,24,2374.09,2341.22,1244,1241
1,6,83,ECDSA-SHA224_signed-by_ED448,ECDSA-SHA224_signed-by_ED448,12.455,2237.79,985.297,0,0,0,117.111,10,2367.68,2373.38,1243,1241
1,7,80,ECDSA-SHA224_signed-by_ED448,ECDSA-SHA224_signed-by_ED448,12.06,2311.75,1017.57,0.444444,0,0,134.889,17,2555.67,2356.9,1245,1240
1,4,5,ECDSA-SHA224_signed-by_ED448,ECDSA-SHA224_signed-by_ED448,11.997,2324.55,1022.91,0.444444,0,0,132.222,24,2407.51,2359.62,1244,1242
1,8,80,ECDSA-SHA224_signed-by_ED448,ECDSA-SHA224_signed-by_ED448,13.149,2120.88,952.753,0.9,0,0,109.2,16,2383.86,2366.18,1245,1241
1,3,75,ECDSA-SHA224_signed-by_ED448,ECDSA-SHA224_signed-by_ED448,12.741,2188.17,963.17,1,0,0,224.667,24,2379.6,2341.77,1244,1241
1,5,78,ECDSA-SHA224_signed-by_ED448,ECDSA-SHA224_signed-by_ED448,12.24,2277.74,1135.93,0.916667,8,0.666667,102,15,2381.32,2354.53,1244,1241
1,2,73,ECDSA-SHA224_signed-by_ED448,ECDSA-SHA224_signed-by_ED448,13.444,2073.71,1034.18,1,5,0.416667,102,24,2370.57,2360.72,1244,1241
1,7,81,ECDSA-SHA224_signed-by_ED448,ECDSA-SHA224_signed-by_ED448,11.231,2482.35,1092.66,1,0,0,134.889,17,2373.34,2363.85,1245,1240
1,6,84,ECDSA-SHA224_signed-by_ED448,ECDSA-SHA224_signed-by_ED448,13.644,2042.72,1635.82,1,11,0.733333,122.267,10,2385.38,2350.92,1243,1241
1,1,81,ECDSA-SHA224_signed-by_ED448,ECDSA-SHA224_signed-by_ED448,15.671,1778.99,1086.28,1,7,0.538462,127.231,24,2425.67,2349.14,1244,1241
1,4,6,ECDSA-SHA224_signed-by_ED448,ECDSA-SHA224_signed-by_ED448,12.818,2175.6,957.363,1,0,0,134.889,24,2387.8,2339.18,1244,1242
1,8,81,ECDSA-SHA224_signed-by_ED448,ECDSA-SHA224_signed-by_ED448,10.623,2625.16,1155.19,1,0,0,117.111,16,2407.33,2329.84,1245,1241
1,3,76,ECDSA-SHA224_signed-by_ED448,ECDSA-SHA224_signed-by_ED448,11.872,2348.28,1433.9,1,7,0.538462,118.615,24,2374.48,2346.55,1244,1241
1,7,82,ECDSA-SHA224_signed-by_ED448,ECDSA-SHA224_signed-by_ED448,8.821,3160.6,1391.21,1,0,0,181.111,17,2343.84,2347.95,1245,1240
1,5,79,ECDSA-SHA224_signed-by_ED448,ECDSA-SHA224_signed-by_ED448,14.773,1887.12,954.119,1,3,0.230769,149.385,15,2382.53,2348.18,1244,1241
1,8,82,ECDSA-SHA224_signed-by_ED448,ECDSA-SHA224_signed-by_ED448,10.672,2613.13,1760.08,1,6,0.5,114.667,16,2429.47,2368.75,1245,1241
1,6,85,ECDSA-SHA224_signed-by_ED448,ECDSA-SHA224_signed-by_ED448,16.209,1719.46,1168.68,1,10,0.769231,126.923,10,2420.01,2354.7,1243,1241
1,4,7,ECDSA-SHA224_signed-by_ED448,ECDSA-SHA224_signed-by_ED448,16.814,1658.54,1366.41,1,16,1,139,24,2389.22,2347.15,1244,1242
1,5,80,ECDSA-SHA224_signed-by_ED448,ECDSA-SHA224_signed-by_ED448,11.147,2501.09,1100.91,0.777778,0,0,518,15,2383,2467.91,1244,1241
1,3,77,ECDSA-SHA224_signed-by_ED448,ECDSA-SHA224_signed-by_ED448,16.845,1655.01,1010.58,1,7,0.538462,118.615,24,2374.81,2431.16,1244,1241
1,2,74,ECDSA-SHA224_signed-by_ED448,ECDSA-SHA224_signed-by_ED448,24.478,1138.94,907.886,1,15,0.789474,102,24,2387.66,2367.37,1244,1241
1,7,83,ECDSA-SHA224_signed-by_ED448,ECDSA-SHA224_signed-by_ED448,15.041,1853.52,1198.8,1,2,0.181818,139.091,17,2379.17,2352.41,1245,1240
1,1,82,ECDSA-SHA224_signed-by_ED448,ECDSA-SHA224_signed-by_ED448,24.967,1116.64,1404.69,1,35,1.52174,152.087,24,2399.47,2460.16,1244,1241
1,6,86,ECDSA-SHA224_signed-by_ED448,ECDSA-SHA224_signed-by_ED448,10.791,2582.8,1154.99,1,5,0.5,116.4,10,2384.2,2370.36,1243,1241
1,8,83,ECDSA-SHA224_signed-by_ED448,ECDSA-SHA224_signed-by_ED448,16.439,1696.37,956.7,1,8,0.5,118,16,2387.11,2366.51,1245,1241
1,4,8,ECDSA-SHA224_signed-by_ED448,ECDSA-SHA224_signed-by_ED448,11.369,2452.9,1497.35,0.923077,7,0.538462,118.615,24,2380.16,2345.04,1244,1242
1,5,81,ECDSA-SHA224_signed-by_ED448,ECDSA-SHA224_signed-by_ED448,11.82,2358.62,1059.86,1,0,0,109.2,15,2368.86,2379.74,1244,1241
1,3,78,ECDSA-SHA224_signed-by_ED448,ECDSA-SHA224_signed-by_ED448,12.013,2320.73,1052.15,1,0,0,108.909,24,2411.35,2374.7,1244,1241
1,7,84,ECDSA-SHA224_signed-by_ED448,ECDSA-SHA224_signed-by_ED448,13.122,2124.58,935.18,0.888889,0,0,134.889,17,2374.35,2364.93,1245,1240
1,1,83,ECDSA-SHA224_signed-by_ED448,ECDSA-SHA224_signed-by_ED448,13.139,2121.82,1295.62,0.384615,7,0.538462,127.231,24,2383.67,2364.43,1244,1241
1,6,87,ECDSA-SHA224_signed-by_ED448,ECDSA-SHA224_signed-by_ED448,12.482,2232.88,1119,0.416667,0,0,150.667,10,2372.67,2330.26,1243,1241
1,2,75,ECDSA-SHA224_signed-by_ED448,ECDSA-SHA224_signed-by_ED448,18.793,1483.52,979.929,1,10,0.769231,124.769,24,2378.89,2364.85,1244,1241
1,4,9,ECDSA-SHA224_signed-by_ED448,ECDSA-SHA224_signed-by_ED448,11.859,2351.56,1034.79,0.555556,3,0.333333,125.111,24,2417.36,2344.84,1244,1242
1,8,84,ECDSA-SHA224_signed-by_ED448,ECDSA-SHA224_signed-by_ED448,13.243,2105.78,926.642,0.555556,0,0,122.444,17,2391.07,2372.88,1245,1241
1,3,79,ECDSA-SHA224_signed-by_ED448,ECDSA-SHA224_signed-by_ED448,13.168,2117.2,946.512,1,4,0.4,116.4,24,2370.8,2329.34,1244,1241
1,5,82,ECDSA-SHA224_signed-by_ED448,ECDSA-SHA224_signed-by_ED448,15.575,1789.98,787.9,1,0,0,117.111,15,2371.34,2370.39,1244,1241
1,7,85,ECDSA-SHA224_signed-by_ED448,ECDSA-SHA224_signed-by_ED448,14.751,1889.98,1109.58,1,2,0.166667,124,17,2375.97,2384.94,1245,1240
1,1,84,ECDSA-SHA224_signed-by_ED448,ECDSA-SHA224_signed-by_ED448,12.719,2191.96,964.841,1,0,0,134.889,24,2392.15,2373.32,1244,1241
1,2,76,ECDSA-SHA224_signed-by_ED448,ECDSA-SHA224_signed-by_ED448,11.336,2459.41,1501.76,1,7,0.538462,144.462,24,2393.26,2336.07,1244,1241
1,6,88,ECDSA-SHA224_signed-by_ED448,ECDSA-SHA224_signed-by_ED448,14.849,1876.97,1221.86,1,2,0.166667,147,10,2380.67,2354.88,1243,1241
1,8,85,ECDSA-SHA224_signed-by_ED448,ECDSA-SHA224_signed-by_ED448,12.827,2174.13,1327.18,1,7,0.538462,111.231,17,2383.17,2381.25,1245,1241
1,5,83,ECDSA-SHA224_signed-by_ED448,ECDSA-SHA224_signed-by_ED448,10.116,2755.99,1374.44,0.25,5,0.416667,102,15,2393.96,2343.45,1244,1241
1,7,86,ECDSA-SHA224_signed-by_ED448,ECDSA-SHA224_signed-by_ED448,9.887,2819.86,1432.18,0.615385,5,0.384615,110.615,17,2366.3,2367.98,1245,1240
1,1,85,ECDSA-SHA224_signed-by_ED448,ECDSA-SHA224_signed-by_ED448,9.825,2837.65,1249.05,0.888889,0,0,134.889,24,2387.15,2378.47,1244,1241
1,2,77,ECDSA-SHA224_signed-by_ED448,ECDSA-SHA224_signed-by_ED448,10.33,2698.89,1187.98,1,0,0,117.111,24,2369.22,2349.68,1244,1241
1,6,89,ECDSA-SHA224_signed-by_ED448,ECDSA-SHA224_signed-by_ED448,12.889,2162.37,952.09,1,0,0,125.111,10,2376.62,2365.23,1243,1241
1,4,10,ECDSA-SHA224_signed-by_ED448,ECDSA-SHA224_signed-by_ED448,26.789,1040.99,809.26,1,17,0.894737,169.789,24,2377.95,2352.3,1244,1242
1,8,86,ECDSA-SHA224_signed-by_ED448,ECDSA-SHA224_signed-by_ED448,14.872,1875.1,842.345,1,0,0,109.2,17,2388.54,2353.03,1245,1241
1,3,80,ECDSA-SHA224_signed-by_ED448,ECDSA-SHA224_signed-by_ED448,24.815,1123.48,568.025,1,3,0.230769,180.154,24,2405.75,2360.25,1244,1241
1,7,87,ECDSA-SHA224_signed-by_ED448,ECDSA-SHA224_signed-by_ED448,11.019,2530.09,1113.68,0.888889,0,0,134.889,17,2389.3,2371.03,1245,1240
1,5,84,ECDSA-SHA224_signed-by_ED448,ECDSA-SHA224_signed-by_ED448,15.095,1846.88,1207.23,1,9,0.75,132,15,2392.44,2358.44,1244,1241
1,2,78,ECDSA-SHA224_signed-by_ED448,ECDSA-SHA224_signed-by_ED448,12.794,2179.07,959.164,0.888889,0,0,117.111,24,2369.54,2354.24,1244,1241
1,1,86,ECDSA-SHA224_signed-by_ED448,ECDSA-SHA224_signed-by_ED448,16.329,1707.29,1131.66,1,9,0.692308,137.692,24,2401.42,2350.01,1244,1241
1,8,87,ECDSA-SHA224_signed-by_ED448,ECDSA-SHA224_signed-by_ED448,10.494,2657.47,1169.41,1,0,0,117.111,17,2387.57,2356.11,1245,1241
1,6,90,ECDSA-SHA224_signed-by_ED448,ECDSA-SHA224_signed-by_ED448,14.622,1906.09,1253.95,1,9,0.692308,133.077,10,2359.41,2359.88,1243,1241
1,3,81,ECDSA-SHA224_signed-by_ED448,ECDSA-SHA224_signed-by_ED448,12.01,2321.32,1021.78,1,0,0,125.111,24,2383.41,2354.22,1244,1241
1,5,85,ECDSA-SHA224_signed-by_ED448,ECDSA-SHA224_signed-by_ED448,12.093,2305.39,1035.94,1,0,0,109.2,15,2392.29,2365.24,1244,1241
1,7,88,ECDSA-SHA224_signed-by_ED448,ECDSA-SHA224_signed-by_ED448,16.621,1677.31,1480.47,1,21,1.10526,129.789,17,2371.65,2359.78,1245,1240
1,1,87,ECDSA-SHA224_signed-by_ED448,ECDSA-SHA224_signed-by_ED448,12.072,2309.42,1037.75,0.5,0,0,109.2,24,2409.76,2352.12,1244,1241
1,4,11,ECDSA-SHA224_signed-by_ED448,ECDSA-SHA224_signed-by_ED448,23.152,1204.53,1309.57,1,28,1.47368,154.211,24,2375.72,2354.92,1244,1242
1,8,88,ECDSA-SHA224_signed-by_ED448,ECDSA-SHA224_signed-by_ED448,11.575,2409.27,1060.19,0.222222,0,0,117.111,17,2378.07,2353.31,1245,1241
1,6,91,ECDSA-SHA224_signed-by_ED448,ECDSA-SHA224_signed-by_ED448,11.341,2457.59,1082.07,1,0,0,125.111,10,2375.62,2348.78,1243,1241
1,3,82,ECDSA-SHA224_signed-by_ED448,ECDSA-SHA224_signed-by_ED448,12.74,2188.32,963.237,1,3,0.333333,127.778,24,2388.51,2342.3,1244,1241
1,5,86,ECDSA-SHA224_signed-by_ED448,ECDSA-SHA224_signed-by_ED448,12.589,2214.58,1119.68,1,6,0.461538,163.538,15,2374.42,2389.86,1244,1241
1,2,79,ECDSA-SHA224_signed-by_ED448,ECDSA-SHA224_signed-by_ED448,22.575,1234.97,835.596,1,11,0.733333,115.867,24,2378.37,2325.3,1244,1241
1,7,89,ECDSA-SHA224_signed-by_ED448,ECDSA-SHA224_signed-by_ED448,13.79,2021.65,1352.79,1,12,0.75,115.75,17,2406.81,2397.32,1245,1240
1,8,89,ECDSA-SHA224_signed-by_ED448,ECDSA-SHA224_signed-by_ED448,10.799,2582.38,1594.17,1,8,0.571429,106.857,17,2401.71,2347.06,1245,1241
1,5,87,ECDSA-SHA224_signed-by_ED448,ECDSA-SHA224_signed-by_ED448,11.36,2454.06,1229.5,1,3,0.25,98,15,2396.42,2368.57,1244,1241
1,3,83,ECDSA-SHA224_signed-by_ED448,ECDSA-SHA224_signed-by_ED448,14.535,1918.11,1503.67,1,16,0.8,180.2,24,2424.23,2355.83,1244,1241
1,1,88,ECDSA-SHA224_signed-by_ED448,ECDSA-SHA224_signed-by_ED448,22.424,1243.31,1406.34,1,28,1.07692,118.923,24,2367.01,2360.76,1244,1241
1,8,90,ECDSA-SHA224_signed-by_ED448,ECDSA-SHA224_signed-by_ED448,9.691,2877.6,1266.27,1,0,0,118,17,2405.03,2372.16,1245,1241
1,2,80,ECDSA-SHA224_signed-by_ED448,ECDSA-SHA224_signed-by_ED448,16.164,1724.78,1125.44,1,9,0.5625,97,24,2390.39,2352.64,1244,1241
1,7,90,ECDSA-SHA224_signed-by_ED448,ECDSA-SHA224_signed-by_ED448,15.543,1793.71,1706.73,1,21,1,128.476,17,2386.52,2377.41,1245,1240
1,6,92,ECDSA-SHA224_signed-by_ED448,ECDSA-SHA224_signed-by_ED448,25.416,1096.61,644.622,1,5,0.3125,91.75,10,2383.04,2341.89,1243,1241
1,3,84,ECDSA-SHA224_signed-by_ED448,ECDSA-SHA224_signed-by_ED448,13.298,2096.43,1294.56,0.857143,8,0.571429,116.857,24,2389.76,2373.4,1244,1241
1,1,89,ECDSA-SHA224_signed-by_ED448,ECDSA-SHA224_signed-by_ED448,12.714,2192.74,985.318,1,0,0,111.6,24,2375.82,2363.92,1244,1241
1,4,12,ECDSA-SHA224_signed-by_ED448,ECDSA-SHA224_signed-by_ED448,34.274,813.665,1095.16,1,46,1.53333,121.2,24,2345.63,2339.63,1244,1242
1,8,91,ECDSA-SHA224_signed-by_ED448,ECDSA-SHA224_signed-by_ED448,14.153,1970.35,1274,1,3,0.272727,134,17,2419.87,2367.44,1245,1241
1,2,81,ECDSA-SHA224_signed-by_ED448,ECDSA-SHA224_signed-by_ED448,13.504,2064.47,937.155,1,6,0.545455,102.727,24,2376.92,2340.76,1244,1241
1,5,88,ECDSA-SHA224_signed-by_ED448,ECDSA-SHA224_signed-by_ED448,19.436,1434.42,1011.71,1,11,0.785714,164.571,15,2388.31,2347.24,1244,1241
1,7,91,ECDSA-SHA224_signed-by_ED448,ECDSA-SHA224_signed-by_ED448,11.912,2340.41,1030.18,1,0,0,117.111,17,2365.84,2377.47,1245,1240
1,6,93,ECDSA-SHA224_signed-by_ED448,ECDSA-SHA224_signed-by_ED448,16.783,1660.72,1215.51,1,7,0.466667,114.533,10,2380.74,2345.25,1243,1241
1,3,85,ECDSA-SHA224_signed-by_ED448,ECDSA-SHA224_signed-by_ED448,15.343,1817.01,1211.69,1,9,0.642857,136.571,24,2413.63,2398.03,1244,1241
1,2,82,ECDSA-SHA224_signed-by_ED448,ECDSA-SHA224_signed-by_ED448,11.363,2453.48,1206.68,0.636364,0,0,149.273,24,2360.07,2351.15,1244,1241
1,5,89,ECDSA-SHA224_signed-by_ED448,ECDSA-SHA224_signed-by_ED448,12.693,2196.37,1095.35,0.916667,5,0.416667,102,15,2389.36,2358.25,1244,1241
1,1,90,ECDSA-SHA224_signed-by_ED448,ECDSA-SHA224_signed-by_ED448,18.657,1494.33,1323.24,1,18,1.05882,131.176,24,2377.94,2338.54,1244,1241
1,7,92,ECDSA-SHA224_signed-by_ED448,ECDSA-SHA224_signed-by_ED448,14.622,1906.62,856.746,1,0,0,109.2,17,2387.36,2351.31,1245,1240
1,4,13,ECDSA-SHA224_signed-by_ED448,ECDSA-SHA224_signed-by_ED448,22.601,1233.9,845.255,1,10,0.555556,134.889,24,2372.93,2350.42,1244,1242
1,8,92,ECDSA-SHA224_signed-by_ED448,ECDSA-SHA224_signed-by_ED448,22.67,1230.14,812.331,1,10,0.769231,124.769,17,2398.43,2343.13,1245,1241
1,6,94,ECDSA-SHA224_signed-by_ED448,ECDSA-SHA224_signed-by_ED448,16.234,1716.81,755.91,1,0,0,125.111,10,2365.13,2354.86,1243,1241
1,3,86,ECDSA-SHA224_signed-by_ED448,ECDSA-SHA224_signed-by_ED448,15.149,1840.33,810.06,1,0,0,134.889,24,2384.4,2321.87,1244,1241
1,5,90,ECDSA-SHA224_signed-by_ED448,ECDSA-SHA224_signed-by_ED448,13.427,2076.38,913.963,1,0,0,117.111,15,2389.35,2364.39,1244,1241
1,2,83,ECDSA-SHA224_signed-by_ED448,ECDSA-SHA224_signed-by_ED448,15.88,1755.61,1365.19,0.842105,20,1.05263,103.684,24,2374.78,2441.04,1244,1241
1,7,93,ECDSA-SHA224_signed-by_ED448,ECDSA-SHA224_signed-by_ED448,11.869,2348.95,1033.94,0.888889,0,0,117.111,17,2352.4,2360.23,1245,1240
1,1,91,ECDSA-SHA224_signed-by_ED448,ECDSA-SHA224_signed-by_ED448,14.075,1980.77,1294.74,1,9,0.75,132,24,2412.96,2337.83,1244,1241
1,8,93,ECDSA-SHA224_signed-by_ED448,ECDSA-SHA224_signed-by_ED448,14.336,1945.21,987.672,1,5,0.384615,97.0769,17,2417.4,2377.52,1245,1241
1,4,14,ECDSA-SHA224_signed-by_ED448,ECDSA-SHA224_signed-by_ED448,16.955,1644.82,1034.27,0.866667,7,0.466667,107.867,24,2371.94,2357.58,1244,1242
1,6,95,ECDSA-SHA224_signed-by_ED448,ECDSA-SHA224_signed-by_ED448,14.971,1861.64,869.905,1,1,0.1,118.4,10,2387.44,2337.62,1243,1241
1,5,91,ECDSA-SHA224_signed-by_ED448,ECDSA-SHA224_signed-by_ED448,12.749,2186.74,962.544,0.888889,0,0,117.111,15,2401.4,2354.07,1244,1241
1,3,87,ECDSA-SHA224_signed-by_ED448,ECDSA-SHA224_signed-by_ED448,14.179,1966.2,1200.59,0.769231,7,0.538462,127.231,24,2381.68,2328.51,1244,1241
1,2,84,ECDSA-SHA224_signed-by_ED448,ECDSA-SHA224_signed-by_ED448,14.086,1979.17,889.35,0.7,0,0,109.2,24,2379.7,2368.88,1244,1241
1,7,94,ECDSA-SHA224_signed-by_ED448,ECDSA-SHA224_signed-by_ED448,14.44,1930.66,849.821,0.777778,0,0,117.111,17,2366.45,2332.67,1245,1240
1,1,92,ECDSA-SHA224_signed-by_ED448,ECDSA-SHA224_signed-by_ED448,13.578,2053.24,1023.97,0.583333,5,0.416667,102,24,2388.23,2364.71,1244,1241
1,8,94,ECDSA-SHA224_signed-by_ED448,ECDSA-SHA224_signed-by_ED448,10.875,2564.39,1278.51,0.333333,5,0.416667,102,17,2431.72,2378.44,1245,1241
1,4,15,ECDSA-SHA224_signed-by_ED448,ECDSA-SHA224_signed-by_ED448,12.218,2282.47,1004.39,0.444444,0,0,125.111,24,2367.32,2362.08,1244,1242
1,6,96,ECDSA-SHA224_signed-by_ED448,ECDSA-SHA224_signed-by_ED448,12.117,2300.18,1012.76,0.888889,0,0,125.111,10,2395.82,2359.64,1243,1241
1,3,88,ECDSA-SHA224_signed-by_ED448,ECDSA-SHA224_signed-by_ED448,12.189,2287.24,1006.78,0.666667,0,0,133.111,24,2373.64,2374.27,1244,1241
1,5,92,ECDSA-SHA224_signed-by_ED448,ECDSA-SHA224_signed-by_ED448,13.613,2047.97,901.459,0.888889,0,0,117.111,15,2362.8,2368.29,1244,1241
1,2,85,ECDSA-SHA224_signed-by_ED448,ECDSA-SHA224_signed-by_ED448,14.047,1984.69,910.053,0.545455,0,0,102.727,24,2391.98,2315.07,1244,1241
1,7,95,ECDSA-SHA224_signed-by_ED448,ECDSA-SHA224_signed-by_ED448,13.827,2016.27,887.506,0.666667,0,0,117.111,17,2379.91,2372.55,1245,1240
1,1,93,ECDSA-SHA224_signed-by_ED448,ECDSA-SHA224_signed-by_ED448,14.41,1934.69,851.597,0.666667,0,0,117.111,24,2398.52,2330.88,1244,1241
1,8,95,ECDSA-SHA224_signed-by_ED448,ECDSA-SHA224_signed-by_ED448,12.689,2197.76,967.117,0.666667,0,0,117.111,17,2391.5,2389.61,1245,1241
1,6,97,ECDSA-SHA224_signed-by_ED448,ECDSA-SHA224_signed-by_ED448,11.629,2396.74,1195.62,0.166667,5,0.416667,108.667,10,2374.57,2361.53,1243,1241
1,4,16,ECDSA-SHA224_signed-by_ED448,ECDSA-SHA224_signed-by_ED448,14.234,1959.21,1280.28,0.5,9,0.75,141.333,24,2378.98,2355.95,1244,1242
1,5,93,ECDSA-SHA224_signed-by_ED448,ECDSA-SHA224_signed-by_ED448,12.265,2273.09,1000.55,0.222222,0,0,117.111,15,2390.45,2373.27,1244,1241
1,3,89,ECDSA-SHA224_signed-by_ED448,ECDSA-SHA224_signed-by_ED448,14.681,1898.99,835.883,0.222222,0,0,134.889,24,2383.93,2345.74,1244,1241
1,2,86,ECDSA-SHA224_signed-by_ED448,ECDSA-SHA224_signed-by_ED448,12.782,2181.13,980.102,0.2,0,0,109.2,24,2385.03,2348.39,1244,1241
1,7,96,ECDSA-SHA224_signed-by_ED448,ECDSA-SHA224_signed-by_ED448,12.105,2303.13,1013.77,0.222222,0,0,117.111,17,2374.49,2364.05,1245,1240
1,1,94,ECDSA-SHA224_signed-by_ED448,ECDSA-SHA224_signed-by_ED448,12.818,2175,957.375,0.666667,0,0,117.111,24,2402.63,2342.09,1244,1241
1,8,96,ECDSA-SHA224_signed-by_ED448,ECDSA-SHA224_signed-by_ED448,11.343,2458.56,1081.88,0.444444,0,0,117.111,17,2413.98,2331.63,1245,1241
1,6,98,ECDSA-SHA224_signed-by_ED448,ECDSA-SHA224_signed-by_ED448,11.876,2346.86,1042.75,1,0,0,116,10,2382.27,2374.71,1243,1241
1,5,94,ECDSA-SHA224_signed-by_ED448,ECDSA-SHA224_signed-by_ED448,10.708,2603.6,1742.21,1,15,0.9375,101,15,2370.04,2369.74,1244,1241
1,2,87,ECDSA-SHA224_signed-by_ED448,ECDSA-SHA224_signed-by_ED448,14.35,1942.79,855.161,1,0,0,117.111,24,2393.23,2356.14,1244,1241
1,3,90,ECDSA-SHA224_signed-by_ED448,ECDSA-SHA224_signed-by_ED448,17.385,1603.6,1073.05,1,12,0.75,115,24,2393.35,2350.68,1244,1241
1,7,97,ECDSA-SHA224_signed-by_ED448,ECDSA-SHA224_signed-by_ED448,16.19,1721.97,1344.97,1,14,0.823529,113.294,17,2367.62,2348.48,1245,1240
1,1,95,ECDSA-SHA224_signed-by_ED448,ECDSA-SHA224_signed-by_ED448,16.69,1670.37,694.99,1,0,0,103.6,24,2388.7,2323.47,1244,1241
1,6,99,ECDSA-SHA224_signed-by_ED448,ECDSA-SHA224_signed-by_ED448,16.566,1682.42,740.769,1,0,0,129.111,10,2383.59,2326.53,1243,1241
1,8,97,ECDSA-SHA224_signed-by_ED448,ECDSA-SHA224_signed-by_ED448,21.03,1326.04,900.766,1,10,0.769231,410.923,17,2380.74,2365.57,1245,1241
1,4,17,ECDSA-SHA224_signed-by_ED448,ECDSA-SHA224_signed-by_ED448,29.309,951.486,593.928,1,9,0.6,109.467,24,2382.95,2345.8,1244,1242
1,3,91,ECDSA-SHA224_signed-by_ED448,ECDSA-SHA224_signed-by_ED448,15.883,1755.26,804.851,1,0,0,117.273,24,2393.82,2391.56,1244,1241
1,1,96,ECDSA-SHA224_signed-by_ED448,ECDSA-SHA224_signed-by_ED448,13.879,2008.74,1534.37,1,14,0.823529,256.824,24,2389.78,2356.56,1244,1241
1,7,98,ECDSA-SHA224_signed-by_ED448,ECDSA-SHA224_signed-by_ED448,17.561,1587.54,1155.23,1,17,0.894737,94.4211,17,2393.95,2361.68,1245,1240
1,5,95,ECDSA-SHA224_signed-by_ED448,ECDSA-SHA224_signed-by_ED448,27.402,1017.42,1041.65,1,25,0.961538,124.154,15,2376.79,2361.14,1244,1241
1,2,88,ECDSA-SHA224_signed-by_ED448,ECDSA-SHA224_signed-by_ED448,22.854,1219.9,1052.23,1,25,1.08696,98.8696,24,2355.22,2341.04,1244,1241
1,4,18,ECDSA-SHA224_signed-by_ED448,ECDSA-SHA224_signed-by_ED448,13.46,2071.83,925.963,1,4,0.4,123.6,24,2394.78,2371.2,1244,1242
1,8,98,ECDSA-SHA224_signed-by_ED448,ECDSA-SHA224_signed-by_ED448,16.933,1646.87,1091.3,1,9,0.692308,124.769,17,2410.85,2374.91,1245,1241
1,3,92,ECDSA-SHA224_signed-by_ED448,ECDSA-SHA224_signed-by_ED448,13.988,1993.08,895.597,1,0,0,125.2,24,2388.51,2365.72,1244,1241
1,7,99,ECDSA-SHA224_signed-by_ED448,ECDSA-SHA224_signed-by_ED448,12.322,2262.56,1027.08,1,6,0.545455,102.727,17,2334.69,2360.5,1245,1240
1,1,97,ECDSA-SHA224_signed-by_ED448,ECDSA-SHA224_signed-by_ED448,14.004,1990.8,876.293,1,0,0,117.111,24,2398.1,2328.29,1244,1241
1,5,96,ECDSA-SHA224_signed-by_ED448,ECDSA-SHA224_signed-by_ED448,13.222,2108.55,1378.27,1,9,0.75,132,15,2371.98,2355.45,1244,1241
1,2,89,ECDSA-SHA224_signed-by_ED448,ECDSA-SHA224_signed-by_ED448,14.157,1969.28,968.537,1,0,0,475.091,24,2383.8,2335.29,1244,1241
1,3,93,ECDSA-SHA224_signed-by_ED448,ECDSA-SHA224_signed-by_ED448,10.249,2720.25,1197.38,1,0,0,134.889,24,2361.97,2354.85,1244,1241
1,8,99,ECDSA-SHA224_signed-by_ED448,ECDSA-SHA224_signed-by_ED448,17.967,1552.17,947.512,1,7,0.538462,111.231,17,2352.06,2347.22,1245,1241
1,4,19,ECDSA-SHA224_signed-by_ED448,ECDSA-SHA224_signed-by_ED448,21.454,1299.87,1558.65,1,35,1.34615,334.308,24,2380.16,2372.81,1244,1242
1,1,98,ECDSA-SHA224_signed-by_ED448,ECDSA-SHA224_signed-by_ED448,13.875,2009.29,1344.52,1,15,0.9375,101,24,2379.38,2355.18,1244,1241
1,2,90,ECDSA-SHA224_signed-by_ED448,ECDSA-SHA224_signed-by_ED448,10.379,2686.13,1382.76,1,8,0.571429,92.8571,24,2391.01,2337.44,1244,1241
1,5,97,ECDSA-SHA224_signed-by_ED448,ECDSA-SHA224_signed-by_ED448,13.809,2018.89,1333.57,1,10,0.769231,124.769,15,2382.23,2359.49,1244,1241
1,3,94,ECDSA-SHA224_signed-by_ED448,ECDSA-SHA224_signed-by_ED448,12.278,2270.6,1484.2,1,9,0.75,153.333,24,2389.32,2392.38,1244,1241
1,5,98,ECDSA-SHA224_signed-by_ED448,ECDSA-SHA224_signed-by_ED448,8.09,3446.11,1516.88,1,0,0,117.111,15,2544.11,2357.67,1244,1241
1,4,20,ECDSA-SHA224_signed-by_ED448,ECDSA-SHA224_signed-by_ED448,10.762,2591.22,1783.98,1,10,0.714286,136,24,2381.75,2374.16,1244,1242
1,2,91,ECDSA-SHA224_signed-by_ED448,ECDSA-SHA224_signed-by_ED448,11.488,2426.74,1859.22,0.705882,15,0.882353,174.471,24,2391.28,2383.8,1244,1241
1,3,95,ECDSA-SHA224_signed-by_ED448,ECDSA-SHA224_signed-by_ED448,7.611,3663.12,1646.04,0,0,0,122,24,2401.51,2518.47,1244,1241
1,1,99,ECDSA-SHA224_signed-by_ED448,ECDSA-SHA224_signed-by_ED448,15.865,1757.31,1200.12,0.666667,11,0.611111,126,24,2368.01,2359.3,1244,1241
1,5,99,ECDSA-SHA224_signed-by_ED448,ECDSA-SHA224_signed-by_ED448,7.621,3657.87,1610.09,0.333333,0,0,117.111,15,2412.06,2355.33,1244,1241
1,4,21,ECDSA-SHA224_signed-by_ED448,ECDSA-SHA224_signed-by_ED448,11.897,2344.03,1096.03,0.833333,0,0,108,24,2372.41,2344.09,1244,1242
1,2,92,ECDSA-SHA224_signed-by_ED448,ECDSA-SHA224_signed-by_ED448,10.168,2741.89,1302.89,1,1,0.0909091,102,24,2400.36,2341.02,1244,1241
1,3,96,ECDSA-SHA224_signed-by_ED448,ECDSA-SHA224_signed-by_ED448,11.574,2408.76,1515.07,0.933333,7,0.466667,119.867,24,2390.11,2347.71,1244,1241
1,2,93,ECDSA-SHA224_signed-by_ED448,ECDSA-SHA224_signed-by_ED448,6.772,4116.4,1849.72,0,0,0,106.8,24,2396.1,2374.08,1244,1241
1,4,22,ECDSA-SHA224_signed-by_ED448,ECDSA-SHA224_signed-by_ED448,8.331,3347.48,2218.21,0.307692,9,0.692308,142,24,2375.62,2372.21,1244,1242
1,3,97,ECDSA-SHA224_signed-by_ED448,ECDSA-SHA224_signed-by_ED448,5.786,4817.98,2164.98,0.4,0,0,122,24,2417.47,2330.42,1244,1241
1,2,94,ECDSA-SHA224_signed-by_ED448,ECDSA-SHA224_signed-by_ED448,6.208,4490.5,2059.06,0.363636,0,0,102.364,24,2359.69,2358.61,1244,1241
1,4,23,ECDSA-SHA224_signed-by_ED448,ECDSA-SHA224_signed-by_ED448,8.335,3345.89,2217.15,0.307692,9,0.692308,142,24,2393.8,2374.35,1244,1242
1,3,98,ECDSA-SHA224_signed-by_ED448,ECDSA-SHA224_signed-by_ED448,6.469,4309.24,1936.37,0,0,0,122,24,2386.14,2383.34,1244,1241
1,2,95,ECDSA-SHA224_signed-by_ED448,ECDSA-SHA224_signed-by_ED448,6.179,4511.56,2027.29,0,0,0,106.8,24,2398.9,2329.38,1244,1241
1,4,24,ECDSA-SHA224_signed-by_ED448,ECDSA-SHA224_signed-by_ED448,6.231,4475.21,2010.38,0,0,0,122,24,2395.79,2355.65,1244,1242
1,3,99,ECDSA-SHA224_signed-by_ED448,ECDSA-SHA224_signed-by_ED448,6.702,4159.46,1869.07,0,0,0,122,24,2345.46,2339.58,1244,1241
1,2,96,ECDSA-SHA224_signed-by_ED448,ECDSA-SHA224_signed-by_ED448,6.04,4615.25,2073.88,0,0,0,106.8,24,2383.48,2349.35,1244,1241
1,4,25,ECDSA-SHA224_signed-by_ED448,ECDSA-SHA224_signed-by_ED448,6.044,4613.62,2072.56,0,0,0,121.6,24,2382.27,2400.91,1244,1242
1,2,97,ECDSA-SHA224_signed-by_ED448,ECDSA-SHA224_signed-by_ED448,5.551,5022.08,2256.7,0,0,0,106.8,24,2376.81,2334.22,1244,1241
1,4,26,ECDSA-SHA224_signed-by_ED448,ECDSA-SHA224_signed-by_ED448,5.678,4911.26,2206.26,0,0,0,122,24,2420.32,2351.47,1244,1242
1,2,98,ECDSA-SHA224_signed-by_ED448,ECDSA-SHA224_signed-by_ED448,5.806,4801.61,2157.63,0,0,0,106.8,24,2409.87,2326.84,1244,1241
1,4,27,ECDSA-SHA224_signed-by_ED448,ECDSA-SHA224_signed-by_ED448,5.782,4822.92,2166.58,0,0,0,122,24,2391.24,2351.62,1244,1242
1,2,99,ECDSA-SHA224_signed-by_ED448,ECDSA-SHA224_signed-by_ED448,5.864,4754.12,2136.29,0,0,0,107.2,24,2387.93,2330.47,1244,1241
1,4,28,ECDSA-SHA224_signed-by_ED448,ECDSA-SHA224_signed-by_ED448,5.595,4984.11,2238.99,0,0,0,122,24,2364.36,2347.36,1244,1242
1,4,29,ECDSA-SHA224_signed-by_ED448,ECDSA-SHA224_signed-by_ED448,5.671,4917.4,2209.02,0,0,0,106.8,24,2388.81,2385.49,1244,1242
1,4,30,ECDSA-SHA224_signed-by_ED448,ECDSA-SHA224_signed-by_ED448,5.698,4894.18,2198.59,0,0,0,106.8,24,2384.46,2402.47,1244,1242
1,4,31,ECDSA-SHA224_signed-by_ED448,ECDSA-SHA224_signed-by_ED448,5.772,4831.44,2170.41,0,0,0,107.2,24,2403.3,2360.69,1244,1242
1,4,32,ECDSA-SHA224_signed-by_ED448,ECDSA-SHA224_signed-by_ED448,5.611,4970.07,2232.68,0,0,0,106.8,24,2379.59,2354.39,1244,1242
1,4,33,ECDSA-SHA224_signed-by_ED448,ECDSA-SHA224_signed-by_ED448,5.57,5006.3,2248.96,0,0,0,106.8,24,2370.15,2361.25,1244,1242
1,4,34,ECDSA-SHA224_signed-by_ED448,ECDSA-SHA224_signed-by_ED448,5.629,4954.17,2225.54,0,0,0,106.8,24,2421.6,2368.24,1244,1242
1,4,35,ECDSA-SHA224_signed-by_ED448,ECDSA-SHA224_signed-by_ED448,5.805,4803.98,2158.07,0,0,0,106.8,24,2383.04,2360.99,1244,1242
1,4,36,ECDSA-SHA224_signed-by_ED448,ECDSA-SHA224_signed-by_ED448,5.621,4961.23,2228.71,0,0,0,106.8,24,2381.08,2356.04,1244,1242
1,4,37,ECDSA-SHA224_signed-by_ED448,ECDSA-SHA224_signed-by_ED448,6.047,4611.73,2071.71,0,0,0,106.8,24,2385.66,2362.54,1244,1242
1,4,38,ECDSA-SHA224_signed-by_ED448,ECDSA-SHA224_signed-by_ED448,5.612,4969.18,2232.28,0,0,0,109.2,24,2392.38,2345.72,1244,1242
1,4,39,ECDSA-SHA224_signed-by_ED448,ECDSA-SHA224_signed-by_ED448,5.639,4945.39,2221.59,0,0,0,106.8,24,2395.81,2360.09,1244,1242
1,4,40,ECDSA-SHA224_signed-by_ED448,ECDSA-SHA224_signed-by_ED448,5.601,4978.94,2236.67,0,0,0,106.8,24,2378.49,2355.89,1244,1242
1,4,41,ECDSA-SHA224_signed-by_ED448,ECDSA-SHA224_signed-by_ED448,5.743,4855.84,2181.37,0,0,0,106.8,24,2379.12,2360.25,1244,1242
1,4,42,ECDSA-SHA224_signed-by_ED448,ECDSA-SHA224_signed-by_ED448,5.737,4860.91,2183.65,0,0,0,106.8,24,2383.08,2364.43,1244,1242
1,4,43,ECDSA-SHA224_signed-by_ED448,ECDSA-SHA224_signed-by_ED448,5.646,4939.26,2218.84,0,0,0,106.8,24,2403.69,2361.58,1244,1242
1,4,44,ECDSA-SHA224_signed-by_ED448,ECDSA-SHA224_signed-by_ED448,5.767,4835.63,2172.29,0,0,0,107.2,24,2391.05,2350.26,1244,1242
1,4,45,ECDSA-SHA224_signed-by_ED448,ECDSA-SHA224_signed-by_ED448,5.625,4957.7,2227.12,0,0,0,106.8,24,2370.91,2343.54,1244,1242
1,4,46,ECDSA-SHA224_signed-by_ED448,ECDSA-SHA224_signed-by_ED448,5.669,4919.22,2209.84,0,0,0,106.8,24,2385.86,2349.01,1244,1242
1,4,47,ECDSA-SHA224_signed-by_ED448,ECDSA-SHA224_signed-by_ED448,5.728,4868.55,2187.08,0,0,0,106.8,24,2395.78,2377.64,1244,1242
1,4,48,ECDSA-SHA224_signed-by_ED448,ECDSA-SHA224_signed-by_ED448,5.639,4945.39,2221.59,0,0,0,106.8,24,2389.85,2361.37,1244,1242
1,4,49,ECDSA-SHA224_signed-by_ED448,ECDSA-SHA224_signed-by_ED448,5.677,4912.29,2206.72,0,0,0,106.8,24,2368.01,2353.58,1244,1242
1,4,50,ECDSA-SHA224_signed-by_ED448,ECDSA-SHA224_signed-by_ED448,5.657,4929.65,2214.53,0,0,0,106.8,24,2378.85,2357.78,1244,1242
1,4,51,ECDSA-SHA224_signed-by_ED448,ECDSA-SHA224_signed-by_ED448,5.741,4857.07,2181.92,0,0,0,106.8,24,2435.86,2358.71,1244,1242
1,4,52,ECDSA-SHA224_signed-by_ED448,ECDSA-SHA224_signed-by_ED448,5.738,4860.07,2183.27,0,0,0,106.8,24,2397.95,2370.2,1244,1242
1,4,53,ECDSA-SHA224_signed-by_ED448,ECDSA-SHA224_signed-by_ED448,5.614,4967.41,2231.49,0,0,0,106.8,24,2372.35,2351.66,1244,1242
1,4,54,ECDSA-SHA224_signed-by_ED448,ECDSA-SHA224_signed-by_ED448,5.641,4943.64,2220.81,0,0,0,106.8,24,2368.34,2352.99,1244,1242
1,4,55,ECDSA-SHA224_signed-by_ED448,ECDSA-SHA224_signed-by_ED448,5.615,4966.53,2231.09,0,0,0,106.8,24,2375.32,2368.2,1244,1242
1,4,56,ECDSA-SHA224_signed-by_ED448,ECDSA-SHA224_signed-by_ED448,5.55,5024.69,2257.22,0,0,0,106.8,24,2459.15,2342.68,1244,1242
1,4,57,ECDSA-SHA224_signed-by_ED448,ECDSA-SHA224_signed-by_ED448,5.596,4983.39,2238.67,0,0,0,106.8,24,2397.97,2351.37,1244,1242
1,4,58,ECDSA-SHA224_signed-by_ED448,ECDSA-SHA224_signed-by_ED448,5.658,4928.78,2214.13,0,0,0,106.8,24,2391.13,2385.2,1244,1242
1,4,59,ECDSA-SHA224_signed-by_ED448,ECDSA-SHA224_signed-by_ED448,5.681,4908.83,2205.17,0,0,0,106.8,24,2366.7,2351.48,1244,1242
1,4,60,ECDSA-SHA224_signed-by_ED448,ECDSA-SHA224_signed-by_ED448,5.585,4993.2,2243.07,0,0,0,106.8,24,2384.64,2353.9,1244,1242
1,4,61,ECDSA-SHA224_signed-by_ED448,ECDSA-SHA224_signed-by_ED448,5.653,4933.14,2216.09,0,0,0,106.8,24,2381.55,2360.13,1244,1242
1,4,62,ECDSA-SHA224_signed-by_ED448,ECDSA-SHA224_signed-by_ED448,5.568,5008.45,2249.92,0,0,0,106.8,24,2383.53,2352.95,1244,1242
1,4,63,ECDSA-SHA224_signed-by_ED448,ECDSA-SHA224_signed-by_ED448,5.839,4776,2145.5,0,0,0,106.8,24,2377.92,2472.5,1244,1242
1,4,64,ECDSA-SHA224_signed-by_ED448,ECDSA-SHA224_signed-by_ED448,5.651,4934.89,2216.88,0,0,0,106.8,24,2389.6,2363.68,1244,1242
1,4,65,ECDSA-SHA224_signed-by_ED448,ECDSA-SHA224_signed-by_ED448,5.617,4964.76,2230.3,0,0,0,106.8,24,2383.25,2355.1,1244,1242
1,4,66,ECDSA-SHA224_signed-by_ED448,ECDSA-SHA224_signed-by_ED448,5.64,4944.51,2221.2,0,0,0,106.8,24,2371.18,2345.25,1244,1242
1,4,67,ECDSA-SHA224_signed-by_ED448,ECDSA-SHA224_signed-by_ED448,5.639,4945.39,2221.59,0,0,0,106.8,24,2386.56,2354.09,1244,1242
1,4,68,ECDSA-SHA224_signed-by_ED448,ECDSA-SHA224_signed-by_ED448,5.67,4918.35,2209.45,0,0,0,106.8,24,2397.54,2367.86,1244,1242
1,4,69,ECDSA-SHA224_signed-by_ED448,ECDSA-SHA224_signed-by_ED448,6.415,4346.81,1952.7,0,0,0,106.8,24,2366.97,2343.58,1244,1242
1,4,70,ECDSA-SHA224_signed-by_ED448,ECDSA-SHA224_signed-by_ED448,5.695,4896.76,2199.75,0,0,0,106.8,24,2376.39,2392.14,1244,1242
1,4,71,ECDSA-SHA224_signed-by_ED448,ECDSA-SHA224_signed-by_ED448,5.726,4870.25,2187.84,0,0,0,106.8,24,2383.01,2352.76,1244,1242
1,4,72,ECDSA-SHA224_signed-by_ED448,ECDSA-SHA224_signed-by_ED448,5.753,4847.4,2177.57,0,0,0,106.8,24,2379.13,2356.13,1244,1242
1,4,73,ECDSA-SHA224_signed-by_ED448,ECDSA-SHA224_signed-by_ED448,5.712,4882.19,2193.2,0,0,0,106.8,24,2384.49,2362.26,1244,1242
1,4,74,ECDSA-SHA224_signed-by_ED448,ECDSA-SHA224_signed-by_ED448,5.693,4898.48,2200.52,0,0,0,106.8,24,2386.14,2364.89,1244,1242
1,4,75,ECDSA-SHA224_signed-by_ED448,ECDSA-SHA224_signed-by_ED448,5.744,4854.99,2180.99,0,0,0,106.8,24,2384.73,2362.09,1244,1242
1,4,76,ECDSA-SHA224_signed-by_ED448,ECDSA-SHA224_signed-by_ED448,5.621,4961.23,2228.71,0,0,0,106.8,24,2382.93,2353.49,1244,1242
1,4,77,ECDSA-SHA224_signed-by_ED448,ECDSA-SHA224_signed-by_ED448,5.665,4922.69,2211.4,0,0,0,106.8,24,2381.29,2368.07,1244,1242
1,4,78,ECDSA-SHA224_signed-by_ED448,ECDSA-SHA224_signed-by_ED448,5.548,5026.5,2258.03,0,0,0,106.8,24,2384.45,2362.2,1244,1242
1,4,79,ECDSA-SHA224_signed-by_ED448,ECDSA-SHA224_signed-by_ED448,5.77,4833.11,2171.16,0,0,0,106.8,24,2370.33,2363.29,1244,1242
1,4,80,ECDSA-SHA224_signed-by_ED448,ECDSA-SHA224_signed-by_ED448,5.957,4681.4,2103,0,0,0,106.8,24,2395.14,2446.26,1244,1242
1,4,81,ECDSA-SHA224_signed-by_ED448,ECDSA-SHA224_signed-by_ED448,5.728,4868.55,2187.08,0,0,0,106.8,24,2373.44,2348,1244,1242
1,4,82,ECDSA-SHA224_signed-by_ED448,ECDSA-SHA224_signed-by_ED448,5.702,4890.75,2197.05,0,0,0,106.8,24,2372.69,2353.86,1244,1242
1,4,83,ECDSA-SHA224_signed-by_ED448,ECDSA-SHA224_signed-by_ED448,5.582,4995.89,2244.28,0,0,0,106.8,24,2386.06,2362.68,1244,1242
1,4,84,ECDSA-SHA224_signed-by_ED448,ECDSA-SHA224_signed-by_ED448,5.724,4871.95,2188.61,0,0,0,106.8,24,2386.95,2358.02,1244,1242
1,4,85,ECDSA-SHA224_signed-by_ED448,ECDSA-SHA224_signed-by_ED448,5.686,4904.51,2203.23,0,0,0,106.8,24,2370.72,2351.22,1244,1242
1,4,86,ECDSA-SHA224_signed-by_ED448,ECDSA-SHA224_signed-by_ED448,5.645,4940.13,2219.23,0,0,0,106.8,24,2385.25,2353.58,1244,1242
1,4,87,ECDSA-SHA224_signed-by_ED448,ECDSA-SHA224_signed-by_ED448,5.689,4901.46,2201.86,0,0,0,106.8,24,2375.46,2351.67,1244,1242
1,4,88,ECDSA-SHA224_signed-by_ED448,ECDSA-SHA224_signed-by_ED448,5.627,4955.94,2226.33,0,0,0,106.8,24,2381.06,2358.02,1244,1242
1,4,89,ECDSA-SHA224_signed-by_ED448,ECDSA-SHA224_signed-by_ED448,5.626,4956.82,2226.73,0,0,0,106.8,24,2374.02,2362.65,1244,1242
1,4,90,ECDSA-SHA224_signed-by_ED448,ECDSA-SHA224_signed-by_ED448,5.608,4972.73,2233.88,0,0,0,106.8,24,2372.99,2372.36,1244,1242
1,4,91,ECDSA-SHA224_signed-by_ED448,ECDSA-SHA224_signed-by_ED448,5.662,4925.3,2212.57,0,0,0,106.8,24,2385.45,2357.55,1244,1242
1,4,92,ECDSA-SHA224_signed-by_ED448,ECDSA-SHA224_signed-by_ED448,5.772,4831.44,2170.41,0,0,0,106.8,24,2371.65,2361.14,1244,1242
1,4,93,ECDSA-SHA224_signed-by_ED448,ECDSA-SHA224_signed-by_ED448,5.772,4831.44,2170.41,0,0,0,106.8,24,2386.39,2471.14,1244,1242
1,4,94,ECDSA-SHA224_signed-by_ED448,ECDSA-SHA224_signed-by_ED448,5.638,4946.27,2221.99,0,0,0,106.8,24,2363.51,2348.91,1244,1242
1,4,95,ECDSA-SHA224_signed-by_ED448,ECDSA-SHA224_signed-by_ED448,5.618,4963.87,2229.9,0,0,0,106.8,24,2417.01,2351.9,1244,1242
1,4,96,ECDSA-SHA224_signed-by_ED448,ECDSA-SHA224_signed-by_ED448,5.607,4973.61,2234.27,0,0,0,106.8,24,2381.92,2365.87,1244,1242
1,4,97,ECDSA-SHA224_signed-by_ED448,ECDSA-SHA224_signed-by_ED448,5.676,4913.15,2207.11,0,0,0,106.8,24,2362.61,2356.81,1244,1242
1,4,98,ECDSA-SHA224_signed-by_ED448,ECDSA-SHA224_signed-by_ED448,5.734,4863.46,2184.79,0,0,0,106.8,24,2368.65,2360.43,1244,1242
1,4,99,ECDSA-SHA224_signed-by_ED448,ECDSA-SHA224_signed-by_ED448,5.633,4950.66,2223.96,0,0,0,106.8,24,2358.31,2365.02,1244,1242
