scenario,node_id,handshake_index,sta_cert_algo,ap_cert_algo,handshake_delay_ms,goodput_kbps,throughput_kbps,phy_frame_drop_rate,mac_retries,mac_retry_rate,tx_delay_us,prop_delay_ns,cert_verify_ap_us,cert_verify_sta_us,server_cert_msg_bytes,client_cert_msg_bytes
1,8,0,ECDSA-SHA3-256_signed-by_RSA-SHA256,ECDSA-SHA3-256_signed-by_RSA-SHA256,29.727,1231.2,577.52,0.714286,14,0.666667,197.81,14,2190.49,2249.51,1790,1785
1,3,0,ECDSA-SHA3-256_signed-by_RSA-SHA256,ECDSA-SHA3-256_signed-by_RSA-SHA256,44.151,828.964,388.843,1,14,0.666667,188.286,24,2156.55,2156.79,1789,1786
1,2,0,ECDSA-SHA3-256_signed-by_RSA-SHA256,ECDSA-SHA3-256_signed-by_RSA-SHA256,55.321,661.737,174.111,1,1,0.0625,226.75,24,2177.55,2165.55,1790,1786
1,6,0,ECDSA-SHA3-256_signed-by_RSA-SHA256,ECDSA-SHA3-256_signed-by_RSA-SHA256,65.063,562.653,139.925,1,0,0,164.667,8,2188.89,2147.7,1790,1786
1,7,0,ECDSA-SHA3-256_signed-by_RSA-SHA256,ECDSA-SHA3-256_signed-by_RSA-SHA256,73.221,499.962,128.378,1,1,0.0625,176.625,16,2179.42,2158.96,1790,1786
1,8,1,ECDSA-SHA3-256_signed-by_RSA-SHA256,ECDSA-SHA3-256_signed-by_RSA-SHA256,44.792,817.1,576.167,1,27,1.125,833.5,14,2149.1,2183.41,1790,1785
1,5,0,ECDSA-SHA3-256_signed-by_RSA-SHA256,ECDSA-SHA3-256_signed-by_RSA-SHA256,79.896,457.995,148.994,1,7,0.269231,194.308,15,2174.2,2207.3,1788,1786
1,3,1,ECDSA-SHA3-256_signed-by_RSA-SHA256,ECDSA-SHA3-256_signed-by_RSA-SHA256,38.183,958.526,620.999,0.809524,20,0.952381,885.048,24,2164.12,2187.1,1789,1786
1,2,1,ECDSA-SHA3-256_signed-by_RSA-SHA256,ECDSA-SHA3-256_signed-by_RSA-SHA256,27.516,1330.42,472.159,0.7,0,0,838,24,2149.19,2124.74,1790,1786
1,1,0,ECDSA-SHA3-256_signed-by_RSA-SHA256,ECDSA-SHA3-256_signed-by_RSA-SHA256,86.13,425.03,145.918,1,7,0.318182,190.636,24,2164.15,2220.51,1790,1786
1,6,1,ECDSA-SHA3-256_signed-by_RSA-SHA256,ECDSA-SHA3-256_signed-by_RSA-SHA256,23.903,1531.49,641.914,1,7,0.5,112.857,8,2149.8,2130.63,1790,1786
1,7,1,ECDSA-SHA3-256_signed-by_RSA-SHA256,ECDSA-SHA3-256_signed-by_RSA-SHA256,17.426,2100.74,745.541,1,0,0,140.8,16,2144.25,2132.34,1790,1786
1,8,2,ECDSA-SHA3-256_signed-by_RSA-SHA256,ECDSA-SHA3-256_signed-by_RSA-SHA256,18.625,1965.05,788.599,1,2,0.153846,120.154,14,2124.09,2123.35,1790,1785
1,3,2,ECDSA-SHA3-256_signed-by_RSA-SHA256,ECDSA-SHA3-256_signed-by_RSA-SHA256,13.164,2780.28,1617.73,1,18,1.05882,133.059,24,2118.4,2086.73,1789,1786
1,5,1,ECDSA-SHA3-256_signed-by_RSA-SHA256,ECDSA-SHA3-256_signed-by_RSA-SHA256,17.076,2142.83,1092.5,1,8,0.5,264.5,15,2163.34,2141.57,1788,1786
1,1,1,ECDSA-SHA3-256_signed-by_RSA-SHA256,ECDSA-SHA3-256_signed-by_RSA-SHA256,13.522,2707.23,1415.14,1,16,1.14286,156.571,24,2139.11,2101.23,1790,1786
1,6,2,ECDSA-SHA3-256_signed-by_RSA-SHA256,ECDSA-SHA3-256_signed-by_RSA-SHA256,16.15,2266.66,843.062,1,0,0,109.077,8,2170.44,2124.53,1790,1786
1,2,2,ECDSA-SHA3-256_signed-by_RSA-SHA256,ECDSA-SHA3-256_signed-by_RSA-SHA256,22.946,1595.39,993.63,1,15,0.75,170.6,24,2133.69,2113.9,1790,1786
1,7,2,ECDSA-SHA3-256_signed-by_RSA-SHA256,ECDSA-SHA3-256_signed-by_RSA-SHA256,15.972,2291.93,813.393,1,0,0,140.8,16,2150.37,2110.23,1790,1786
1,3,3,ECDSA-SHA3-256_signed-by_RSA-SHA256,ECDSA-SHA3-256_signed-by_RSA-SHA256,12.397,2952.27,1636.49,1,19,1,105.789,24,2120.22,2116.59,1789,1786
1,5,2,ECDSA-SHA3-256_signed-by_RSA-SHA256,ECDSA-SHA3-256_signed-by_RSA-SHA256,14.225,2572.32,1349.71,1,11,0.785714,300,15,2133.18,2125.25,1788,1786
1,1,2,ECDSA-SHA3-256_signed-by_RSA-SHA256,ECDSA-SHA3-256_signed-by_RSA-SHA256,12.144,3014.48,1263.5,1,3,0.214286,193.429,24,2157.97,2125.88,1790,1786
1,8,3,ECDSA-SHA3-256_signed-by_RSA-SHA256,ECDSA-SHA3-256_signed-by_RSA-SHA256,20.882,1752.62,1201.36,1,13,0.684211,115.684,14,2141.2,2104.24,1790,1785
1,6,3,ECDSA-SHA3-256_signed-by_RSA-SHA256,ECDSA-SHA3-256_signed-by_RSA-SHA256,13.199,2773.52,1003.71,1,0,0,122.364,8,2171.77,2116.32,1790,1786
1,7,3,ECDSA-SHA3-256_signed-by_RSA-SHA256,ECDSA-SHA3-256_signed-by_RSA-SHA256,13.083,2798.1,1012.6,0.909091,0,0,131.455,16,2159.49,2135.7,1790,1786
1,2,3,ECDSA-SHA3-256_signed-by_RSA-SHA256,ECDSA-SHA3-256_signed-by_RSA-SHA256,19.656,1862.37,973.509,1,12,0.857143,214,24,2136.94,2119.12,1790,1786
1,1,3,ECDSA-SHA3-256_signed-by_RSA-SHA256,ECDSA-SHA3-256_signed-by_RSA-SHA256,14.49,2526.38,896.6,0.9,0,0,140.8,24,2143.36,2120.74,1790,1786
1,5,3,ECDSA-SHA3-256_signed-by_RSA-SHA256,ECDSA-SHA3-256_signed-by_RSA-SHA256,15.894,2302.2,1191.87,1,11,0.846154,320.154,15,2145.04,2120.02,1788,1786
1,3,4,ECDSA-SHA3-256_signed-by_RSA-SHA256,ECDSA-SHA3-256_signed-by_RSA-SHA256,25.517,1434.28,628.89,1,4,0.235294,215.647,24,2155.32,2114.47,1789,1786
1,8,4,ECDSA-SHA3-256_signed-by_RSA-SHA256,ECDSA-SHA3-256_signed-by_RSA-SHA256,20.116,1819.41,891.609,0.8,8,0.533333,124.133,14,2121.56,2139.95,1790,1785
1,6,4,ECDSA-SHA3-256_signed-by_RSA-SHA256,ECDSA-SHA3-256_signed-by_RSA-SHA256,17.206,2127.59,755.073,1,0,0,130.8,8,2237.21,2094.01,1790,1786
1,7,4,ECDSA-SHA3-256_signed-by_RSA-SHA256,ECDSA-SHA3-256_signed-by_RSA-SHA256,17.867,2048.88,1326.22,0.705882,18,1.05882,151.176,16,2149.04,2135.26,1790,1786
1,2,4,ECDSA-SHA3-256_signed-by_RSA-SHA256,ECDSA-SHA3-256_signed-by_RSA-SHA256,12.617,2901.29,1029.65,0.6,4,0.4,190,24,2171.87,2101.56,1790,1786
1,1,4,ECDSA-SHA3-256_signed-by_RSA-SHA256,ECDSA-SHA3-256_signed-by_RSA-SHA256,12.36,2961.61,1051.06,1,0,0,140.8,24,2121.88,2105.03,1790,1786
1,5,4,ECDSA-SHA3-256_signed-by_RSA-SHA256,ECDSA-SHA3-256_signed-by_RSA-SHA256,12.998,2815,999.466,1,0,0,264,15,2160.38,2110.97,1788,1786
1,8,5,ECDSA-SHA3-256_signed-by_RSA-SHA256,ECDSA-SHA3-256_signed-by_RSA-SHA256,16.192,2260.32,1173.88,1,2,0.153846,131.846,14,2152.08,2148.48,1790,1785
1,6,5,ECDSA-SHA3-256_signed-by_RSA-SHA256,ECDSA-SHA3-256_signed-by_RSA-SHA256,16.066,2278.54,869.392,1,1,0.0833333,116.667,8,2169.83,2140.16,1790,1786
1,7,5,ECDSA-SHA3-256_signed-by_RSA-SHA256,ECDSA-SHA3-256_signed-by_RSA-SHA256,15.635,2341.36,830.936,1,0,0,134.4,16,2152.71,2112.55,1790,1786
1,3,5,ECDSA-SHA3-256_signed-by_RSA-SHA256,ECDSA-SHA3-256_signed-by_RSA-SHA256,21.607,1693.83,1287.68,1,24,0.96,115.44,24,2139.78,2124.22,1789,1786
1,5,5,ECDSA-SHA3-256_signed-by_RSA-SHA256,ECDSA-SHA3-256_signed-by_RSA-SHA256,16.152,2265.43,1110.43,1,8,0.533333,226.267,15,2122.58,2115.76,1788,1786
1,2,5,ECDSA-SHA3-256_signed-by_RSA-SHA256,ECDSA-SHA3-256_signed-by_RSA-SHA256,20.231,1809.43,2099.67,1,66,1.73684,407.579,24,2151.85,2129.17,1790,1786
1,8,6,ECDSA-SHA3-256_signed-by_RSA-SHA256,ECDSA-SHA3-256_signed-by_RSA-SHA256,14.631,2501.48,1150.41,1,2,0.166667,135.667,14,2151.9,2123.65,1790,1785
1,6,6,ECDSA-SHA3-256_signed-by_RSA-SHA256,ECDSA-SHA3-256_signed-by_RSA-SHA256,14.691,2491.81,1207.79,1,7,0.5,121.429,8,2163.16,2123.63,1790,1786
1,5,6,ECDSA-SHA3-256_signed-by_RSA-SHA256,ECDSA-SHA3-256_signed-by_RSA-SHA256,11.256,3250.86,1154.22,1,0,0,246,15,2107.93,2118.26,1788,1786
1,3,6,ECDSA-SHA3-256_signed-by_RSA-SHA256,ECDSA-SHA3-256_signed-by_RSA-SHA256,13.585,2694.09,1306.12,1,7,0.5,121.429,24,2140.53,2095.94,1789,1786
1,7,6,ECDSA-SHA3-256_signed-by_RSA-SHA256,ECDSA-SHA3-256_signed-by_RSA-SHA256,16.609,2204.04,1083.72,1,7,0.466667,124.133,16,2125.47,2108.51,1790,1786
1,2,6,ECDSA-SHA3-256_signed-by_RSA-SHA256,ECDSA-SHA3-256_signed-by_RSA-SHA256,14.948,2448.97,1043.6,0.933333,3,0.2,428.933,24,2159.68,2123.42,1790,1786
1,6,7,ECDSA-SHA3-256_signed-by_RSA-SHA256,ECDSA-SHA3-256_signed-by_RSA-SHA256,12.418,2947.97,1908.19,0.823529,18,1.05882,140.118,8,2171.37,2142.16,1790,1786
1,8,7,ECDSA-SHA3-256_signed-by_RSA-SHA256,ECDSA-SHA3-256_signed-by_RSA-SHA256,14.242,2569.82,1245.87,1,7,0.5,126,14,2163.76,2123.5,1790,1785
1,5,7,ECDSA-SHA3-256_signed-by_RSA-SHA256,ECDSA-SHA3-256_signed-by_RSA-SHA256,12.255,2985.65,1447.78,0.642857,7,0.5,239.714,15,2118.79,2104.09,1788,1786
1,3,7,ECDSA-SHA3-256_signed-by_RSA-SHA256,ECDSA-SHA3-256_signed-by_RSA-SHA256,12.931,2830.39,1206.4,0.6,7,0.466667,107.867,24,2150.82,2099.06,1789,1786
1,7,7,ECDSA-SHA3-256_signed-by_RSA-SHA256,ECDSA-SHA3-256_signed-by_RSA-SHA256,15.094,2425.3,890.408,1,5,0.416667,122.667,16,2145.26,2132.31,1790,1786
1,2,7,ECDSA-SHA3-256_signed-by_RSA-SHA256,ECDSA-SHA3-256_signed-by_RSA-SHA256,12.65,2893.9,1027.03,1,0,0,236.4,24,2169.94,2110.7,1790,1786
1,8,8,ECDSA-SHA3-256_signed-by_RSA-SHA256,ECDSA-SHA3-256_signed-by_RSA-SHA256,12.278,2980.92,1129.82,1,0,0,104,14,2134.7,2124.22,1790,1785
1,5,8,ECDSA-SHA3-256_signed-by_RSA-SHA256,ECDSA-SHA3-256_signed-by_RSA-SHA256,12.419,2946.43,1046.13,1,0,0,236.4,15,2151.22,2116.86,1788,1786
1,6,8,ECDSA-SHA3-256_signed-by_RSA-SHA256,ECDSA-SHA3-256_signed-by_RSA-SHA256,14.05,2605.52,1092.09,1,7,0.5,112.857,8,2141.15,2132.1,1790,1786
1,3,8,ECDSA-SHA3-256_signed-by_RSA-SHA256,ECDSA-SHA3-256_signed-by_RSA-SHA256,13.709,2669.73,1294.31,1,11,0.785714,121.429,24,2147.12,2110.58,1789,1786
1,2,8,ECDSA-SHA3-256_signed-by_RSA-SHA256,ECDSA-SHA3-256_signed-by_RSA-SHA256,9.895,3699.64,1338.86,1,0,0,176.182,24,2194.07,2130.94,1790,1786
1,7,8,ECDSA-SHA3-256_signed-by_RSA-SHA256,ECDSA-SHA3-256_signed-by_RSA-SHA256,13.013,2813.14,1811.08,1,20,0.952381,215.905,16,2137.31,2134.03,1790,1786
1,5,9,ECDSA-SHA3-256_signed-by_RSA-SHA256,ECDSA-SHA3-256_signed-by_RSA-SHA256,10.021,3651.18,2136.11,1,18,1,185.333,15,2152.92,2125.21,1788,1786
1,6,9,ECDSA-SHA3-256_signed-by_RSA-SHA256,ECDSA-SHA3-256_signed-by_RSA-SHA256,10.491,3489.14,1787.27,1,2,0.166667,131.333,8,2151.36,2180.63,1790,1786
1,2,9,ECDSA-SHA3-256_signed-by_RSA-SHA256,ECDSA-SHA3-256_signed-by_RSA-SHA256,8.774,4171.96,1748.65,1,7,0.5,160.286,24,2152.42,2101.23,1790,1786
1,3,9,ECDSA-SHA3-256_signed-by_RSA-SHA256,ECDSA-SHA3-256_signed-by_RSA-SHA256,13.292,2753.47,1242.22,1,8,0.470588,152.118,24,2175.07,2121.09,1789,1786
1,5,10,ECDSA-SHA3-256_signed-by_RSA-SHA256,ECDSA-SHA3-256_signed-by_RSA-SHA256,8.071,4533.29,1609.55,1,0,0,190,15,2137.68,2138.08,1788,1786
1,7,9,ECDSA-SHA3-256_signed-by_RSA-SHA256,ECDSA-SHA3-256_signed-by_RSA-SHA256,13.271,2758.42,1785.5,1,18,1.05882,140.118,16,2142.42,2113.39,1790,1786
1,6,10,ECDSA-SHA3-256_signed-by_RSA-SHA256,ECDSA-SHA3-256_signed-by_RSA-SHA256,11.337,3229.02,1168.54,1,0,0,122.364,8,2169.43,2138.26,1790,1786
1,2,10,ECDSA-SHA3-256_signed-by_RSA-SHA256,ECDSA-SHA3-256_signed-by_RSA-SHA256,13.406,2730.63,1857.02,0.8125,22,1.375,280,24,2155.98,2139.22,1790,1786
1,5,11,ECDSA-SHA3-256_signed-by_RSA-SHA256,ECDSA-SHA3-256_signed-by_RSA-SHA256,8.193,4465.82,1585.59,0,0,0,190,15,2141.02,2133.48,1788,1786
1,3,10,ECDSA-SHA3-256_signed-by_RSA-SHA256,ECDSA-SHA3-256_signed-by_RSA-SHA256,11.161,3279.26,1310.27,0.384615,2,0.153846,160.462,24,2199.3,2110.36,1789,1786
1,7,10,ECDSA-SHA3-256_signed-by_RSA-SHA256,ECDSA-SHA3-256_signed-by_RSA-SHA256,9.463,3868.16,1372.79,1,0,0,130.8,16,2145.93,2103.37,1790,1786
1,6,11,ECDSA-SHA3-256_signed-by_RSA-SHA256,ECDSA-SHA3-256_signed-by_RSA-SHA256,11.257,3252,1154.12,1,0,0,130.8,8,2159.67,2121.5,1790,1786
1,2,11,ECDSA-SHA3-256_signed-by_RSA-SHA256,ECDSA-SHA3-256_signed-by_RSA-SHA256,9.026,4055.51,1510.18,1,8,0.615385,154.923,24,2171.46,2133.18,1790,1786
1,7,11,ECDSA-SHA3-256_signed-by_RSA-SHA256,ECDSA-SHA3-256_signed-by_RSA-SHA256,13.169,2779.85,1006,1,0,0,122.364,16,2143.75,2123.54,1790,1786
1,5,12,ECDSA-SHA3-256_signed-by_RSA-SHA256,ECDSA-SHA3-256_signed-by_RSA-SHA256,17.753,2061.11,1741.18,1,25,1.31579,265.368,15,2150.39,2109.64,1788,1786
1,8,9,ECDSA-SHA3-256_signed-by_RSA-SHA256,ECDSA-SHA3-256_signed-by_RSA-SHA256,45.353,807,455.448,1,23,1.21053,120.947,14,2108.31,2112.41,1790,1785
1,6,12,ECDSA-SHA3-256_signed-by_RSA-SHA256,ECDSA-SHA3-256_signed-by_RSA-SHA256,12.626,2899.41,1069.54,1,0,0,115.333,8,2169.35,2120.95,1790,1786
1,2,12,ECDSA-SHA3-256_signed-by_RSA-SHA256,ECDSA-SHA3-256_signed-by_RSA-SHA256,12.774,2865.81,1206.2,1,0,0,269.143,24,2182.65,2140.97,1790,1786
1,3,11,ECDSA-SHA3-256_signed-by_RSA-SHA256,ECDSA-SHA3-256_signed-by_RSA-SHA256,21.374,1712.3,1283.76,1,34,1.61905,159.905,24,2153.3,2115.06,1789,1786
1,6,13,ECDSA-SHA3-256_signed-by_RSA-SHA256,ECDSA-SHA3-256_signed-by_RSA-SHA256,8.829,4145.95,2094.72,0.866667,8,0.533333,116.933,8,2147.62,2120.73,1790,1786
1,8,10,ECDSA-SHA3-256_signed-by_RSA-SHA256,ECDSA-SHA3-256_signed-by_RSA-SHA256,10.836,3377.33,2303.23,1,19,0.863636,219.455,14,2166.97,2116.34,1790,1785
1,5,13,ECDSA-SHA3-256_signed-by_RSA-SHA256,ECDSA-SHA3-256_signed-by_RSA-SHA256,12.03,3041.72,1496.26,1,7,0.466667,120.933,15,2296.53,2114.25,1788,1786
1,2,13,ECDSA-SHA3-256_signed-by_RSA-SHA256,ECDSA-SHA3-256_signed-by_RSA-SHA256,12.518,2924.37,1533.76,1,14,1,208,24,2172.74,2132.5,1790,1786
1,6,14,ECDSA-SHA3-256_signed-by_RSA-SHA256,ECDSA-SHA3-256_signed-by_RSA-SHA256,8.477,4318.06,1532.46,1,0,0,130.8,8,2169.17,2152.86,1790,1786
1,3,12,ECDSA-SHA3-256_signed-by_RSA-SHA256,ECDSA-SHA3-256_signed-by_RSA-SHA256,15.472,2365.48,1004.1,1,4,0.266667,239.333,24,2150.29,2117,1789,1786
1,8,11,ECDSA-SHA3-256_signed-by_RSA-SHA256,ECDSA-SHA3-256_signed-by_RSA-SHA256,10.854,3371.99,1196.96,1,0,0,130.8,15,2190.41,2125.04,1790,1785
1,7,12,ECDSA-SHA3-256_signed-by_RSA-SHA256,ECDSA-SHA3-256_signed-by_RSA-SHA256,25.167,1454.58,1268.31,1,36,1.38462,129.385,16,2147.07,2104.11,1790,1786
1,2,14,ECDSA-SHA3-256_signed-by_RSA-SHA256,ECDSA-SHA3-256_signed-by_RSA-SHA256,11.21,3265.6,1327.36,0.142857,2,0.142857,225.429,24,2231.87,2123.65,1790,1786
1,5,14,ECDSA-SHA3-256_signed-by_RSA-SHA256,ECDSA-SHA3-256_signed-by_RSA-SHA256,16.012,2285.18,1195.05,1,12,0.857143,156.571,15,2122.74,2124.72,1788,1786
1,6,15,ECDSA-SHA3-256_signed-by_RSA-SHA256,ECDSA-SHA3-256_signed-by_RSA-SHA256,9.771,3746.59,1329.65,0.5,0,0,130.8,8,2158.63,2128.51,1790,1786
1,3,13,ECDSA-SHA3-256_signed-by_RSA-SHA256,ECDSA-SHA3-256_signed-by_RSA-SHA256,9.84,3719.5,1320.32,0.6,0,0,130.8,24,2160.2,2110.16,1789,1786
1,8,12,ECDSA-SHA3-256_signed-by_RSA-SHA256,ECDSA-SHA3-256_signed-by_RSA-SHA256,10.386,3523.96,1728.47,0.473684,14,0.736842,101.368,15,2160.35,2128.86,1790,1785
1,7,13,ECDSA-SHA3-256_signed-by_RSA-SHA256,ECDSA-SHA3-256_signed-by_RSA-SHA256,12.023,3044.77,1475.81,0.857143,7,0.5,121.429,16,2161.76,2120.43,1790,1786
1,2,15,ECDSA-SHA3-256_signed-by_RSA-SHA256,ECDSA-SHA3-256_signed-by_RSA-SHA256,11.799,3102.61,1101.1,1,0,0,190,24,2155.77,2115.16,1790,1786
1,5,15,ECDSA-SHA3-256_signed-by_RSA-SHA256,ECDSA-SHA3-256_signed-by_RSA-SHA256,12.418,2946.66,1087.44,1,0,0,123.667,15,2141.96,2132.46,1788,1786
1,3,14,ECDSA-SHA3-256_signed-by_RSA-SHA256,ECDSA-SHA3-256_signed-by_RSA-SHA256,12.079,3030.04,1328.58,1,8,0.470588,99.6471,24,2155.7,2125.34,1789,1786
1,6,16,ECDSA-SHA3-256_signed-by_RSA-SHA256,ECDSA-SHA3-256_signed-by_RSA-SHA256,15.359,2383.43,1464.64,1,14,0.777778,117.556,8,2130.43,2132.92,1790,1786
1,8,13,ECDSA-SHA3-256_signed-by_RSA-SHA256,ECDSA-SHA3-256_signed-by_RSA-SHA256,13.392,2732.94,1500.58,1,14,0.777778,113.111,15,2212.73,2123.38,1790,1785
1,7,14,ECDSA-SHA3-256_signed-by_RSA-SHA256,ECDSA-SHA3-256_signed-by_RSA-SHA256,14.915,2454.39,1028.74,1,7,0.5,112.857,16,2146.9,2181.57,1790,1786
1,5,16,ECDSA-SHA3-256_signed-by_RSA-SHA256,ECDSA-SHA3-256_signed-by_RSA-SHA256,11.937,3065.36,1109.8,1,0,0,131.455,15,2142.47,2122.37,1788,1786
1,2,16,ECDSA-SHA3-256_signed-by_RSA-SHA256,ECDSA-SHA3-256_signed-by_RSA-SHA256,14.67,2495.35,1956.58,1,25,1.13636,191.455,24,2177.61,2126.17,1790,1786
1,3,15,ECDSA-SHA3-256_signed-by_RSA-SHA256,ECDSA-SHA3-256_signed-by_RSA-SHA256,12.861,2845.72,1030.06,1,0,0,122.364,24,2163.23,2110.84,1789,1786
1,6,17,ECDSA-SHA3-256_signed-by_RSA-SHA256,ECDSA-SHA3-256_signed-by_RSA-SHA256,11.06,3309.88,1387.32,1,7,0.5,112.857,8,2139.42,2156.02,1790,1786
1,8,14,ECDSA-SHA3-256_signed-by_RSA-SHA256,ECDSA-SHA3-256_signed-by_RSA-SHA256,11.145,3283.92,1165.7,1,0,0,130.8,15,2140.47,2135.57,1790,1785
1,7,15,ECDSA-SHA3-256_signed-by_RSA-SHA256,ECDSA-SHA3-256_signed-by_RSA-SHA256,12.134,3016.91,1091.78,1,0,0,122.364,16,2152.76,2117.73,1790,1786
1,6,18,ECDSA-SHA3-256_signed-by_RSA-SHA256,ECDSA-SHA3-256_signed-by_RSA-SHA256,9.197,3980.05,1412.5,0.3,0,0,130.8,8,2159.48,2144.79,1790,1786
1,3,16,ECDSA-SHA3-256_signed-by_RSA-SHA256,ECDSA-SHA3-256_signed-by_RSA-SHA256,10.604,3451.22,1225.09,0.3,0,0,133.2,24,2124.68,2136.59,1789,1786
1,5,17,ECDSA-SHA3-256_signed-by_RSA-SHA256,ECDSA-SHA3-256_signed-by_RSA-SHA256,14.522,2519.71,1317.7,1,12,0.857143,156.571,15,2140.3,2112.44,1788,1786
1,8,15,ECDSA-SHA3-256_signed-by_RSA-SHA256,ECDSA-SHA3-256_signed-by_RSA-SHA256,10.408,3516.23,1248.17,0.3,0,0,130.8,15,2136.76,2110.66,1790,1785
1,2,17,ECDSA-SHA3-256_signed-by_RSA-SHA256,ECDSA-SHA3-256_signed-by_RSA-SHA256,14.51,2522.91,1633.05,0.823529,18,1.05882,164.824,24,2169.55,2131.43,1790,1786
1,7,16,ECDSA-SHA3-256_signed-by_RSA-SHA256,ECDSA-SHA3-256_signed-by_RSA-SHA256,11.733,3120.09,1107.3,0.9,0,0,130.8,16,2130.53,2131.1,1790,1786
1,6,19,ECDSA-SHA3-256_signed-by_RSA-SHA256,ECDSA-SHA3-256_signed-by_RSA-SHA256,9.424,3884.27,1378.51,0.9,0,0,130.8,8,2147.78,2129.26,1790,1786
1,3,17,ECDSA-SHA3-256_signed-by_RSA-SHA256,ECDSA-SHA3-256_signed-by_RSA-SHA256,11.3,3238.68,1172.3,0.818182,0,0,122.364,24,2150.2,2139.37,1789,1786
1,2,18,ECDSA-SHA3-256_signed-by_RSA-SHA256,ECDSA-SHA3-256_signed-by_RSA-SHA256,9.28,3944.48,1427.46,0.363636,0,0,143.091,24,2165.52,2124.24,1790,1786
1,8,16,ECDSA-SHA3-256_signed-by_RSA-SHA256,ECDSA-SHA3-256_signed-by_RSA-SHA256,11.197,3268.45,1691.73,0.692308,11,0.846154,153.077,15,2114.75,2122.59,1790,1785
1,5,18,ECDSA-SHA3-256_signed-by_RSA-SHA256,ECDSA-SHA3-256_signed-by_RSA-SHA256,12.912,2833.94,1374.22,0.642857,7,0.5,130.286,15,2325.14,2095,1788,1786
1,6,20,ECDSA-SHA3-256_signed-by_RSA-SHA256,ECDSA-SHA3-256_signed-by_RSA-SHA256,8.696,4209.34,1493.87,1,0,0,130.8,8,2146.26,2153.98,1790,1786
1,7,17,ECDSA-SHA3-256_signed-by_RSA-SHA256,ECDSA-SHA3-256_signed-by_RSA-SHA256,10.887,3362.24,1193.24,1,0,0,130.8,16,2152.71,2141.15,1790,1786
1,3,18,ECDSA-SHA3-256_signed-by_RSA-SHA256,ECDSA-SHA3-256_signed-by_RSA-SHA256,8.292,4413.47,1850.28,1,7,0.5,112.857,24,2148.26,2234.88,1789,1786
1,5,19,ECDSA-SHA3-256_signed-by_RSA-SHA256,ECDSA-SHA3-256_signed-by_RSA-SHA256,10.673,3428.43,1995.29,1,18,1.05882,143.412,15,2147.96,2119.6,1788,1786
1,6,21,ECDSA-SHA3-256_signed-by_RSA-SHA256,ECDSA-SHA3-256_signed-by_RSA-SHA256,8.9,4112.82,1459.62,0.6,0,0,130.8,8,2154.49,2125.59,1790,1786
1,8,17,ECDSA-SHA3-256_signed-by_RSA-SHA256,ECDSA-SHA3-256_signed-by_RSA-SHA256,14.388,2543.7,1329.95,1,12,0.857143,144.857,15,2165.53,2121.14,1790,1785
1,2,19,ECDSA-SHA3-256_signed-by_RSA-SHA256,ECDSA-SHA3-256_signed-by_RSA-SHA256,16.521,2215.76,1085.6,1,8,0.533333,134.267,24,2159.55,2132.31,1790,1786
1,3,19,ECDSA-SHA3-256_signed-by_RSA-SHA256,ECDSA-SHA3-256_signed-by_RSA-SHA256,10.023,3651.6,1080.71,1,0,0,153.429,24,2158.53,2126.93,1789,1786
1,7,18,ECDSA-SHA3-256_signed-by_RSA-SHA256,ECDSA-SHA3-256_signed-by_RSA-SHA256,13.92,2629.85,1293.09,1,7,0.466667,115.867,16,2138.96,2123.14,1790,1786
1,5,20,ECDSA-SHA3-256_signed-by_RSA-SHA256,ECDSA-SHA3-256_signed-by_RSA-SHA256,13.947,2623.6,949.866,1,0,0,138.727,15,2144.04,2136.32,1788,1786
1,6,22,ECDSA-SHA3-256_signed-by_RSA-SHA256,ECDSA-SHA3-256_signed-by_RSA-SHA256,13.992,2616.32,946.814,1,0,0,122.364,8,2167.52,2126.4,1790,1786
1,8,18,ECDSA-SHA3-256_signed-by_RSA-SHA256,ECDSA-SHA3-256_signed-by_RSA-SHA256,13.816,2649.07,948.455,1,0,0,122,15,2159.37,2122.71,1790,1785
1,7,19,ECDSA-SHA3-256_signed-by_RSA-SHA256,ECDSA-SHA3-256_signed-by_RSA-SHA256,9.646,3795.14,1346.88,1,0,0,130.8,16,2163.49,2136.12,1790,1786
1,2,20,ECDSA-SHA3-256_signed-by_RSA-SHA256,ECDSA-SHA3-256_signed-by_RSA-SHA256,15.095,2425.13,1569.76,1,18,1.05882,164.824,24,2150.23,2089.68,1790,1786
1,3,20,ECDSA-SHA3-256_signed-by_RSA-SHA256,ECDSA-SHA3-256_signed-by_RSA-SHA256,16.905,2164.98,2429.5,0.970588,49,1.44118,236.824,24,2149.66,2140.7,1789,1786
1,5,21,ECDSA-SHA3-256_signed-by_RSA-SHA256,ECDSA-SHA3-256_signed-by_RSA-SHA256,9.413,3887.03,1510.96,0.538462,1,0.0769231,118.615,15,2148,2116.61,1788,1786
1,6,23,ECDSA-SHA3-256_signed-by_RSA-SHA256,ECDSA-SHA3-256_signed-by_RSA-SHA256,9.671,3784.99,1958.67,0.923077,11,0.846154,153.077,8,2124.99,2146.04,1790,1786
1,8,19,ECDSA-SHA3-256_signed-by_RSA-SHA256,ECDSA-SHA3-256_signed-by_RSA-SHA256,10.34,3539.33,1256.36,0.6,0,0,130.8,15,2155.42,2140.93,1790,1785
1,7,20,ECDSA-SHA3-256_signed-by_RSA-SHA256,ECDSA-SHA3-256_signed-by_RSA-SHA256,10.135,3611.72,1281.78,0.7,0,0,130.8,16,2159.61,2109.51,1790,1786
1,2,21,ECDSA-SHA3-256_signed-by_RSA-SHA256,ECDSA-SHA3-256_signed-by_RSA-SHA256,10.073,3633.94,1315.08,1,0,0,140.909,24,2152.84,2119.01,1790,1786
1,3,21,ECDSA-SHA3-256_signed-by_RSA-SHA256,ECDSA-SHA3-256_signed-by_RSA-SHA256,10.916,3352.58,1213.52,1,0,0,131.455,24,2142.79,2118.57,1789,1786
1,6,24,ECDSA-SHA3-256_signed-by_RSA-SHA256,ECDSA-SHA3-256_signed-by_RSA-SHA256,9.001,4066.76,1523.26,1,1,0.0909091,123.818,8,2171.99,2134.11,1790,1786
1,2,22,ECDSA-SHA3-256_signed-by_RSA-SHA256,ECDSA-SHA3-256_signed-by_RSA-SHA256,9.795,3737.05,1378.53,0.833333,0,0,129,24,2147.98,2115.57,1790,1786
1,7,21,ECDSA-SHA3-256_signed-by_RSA-SHA256,ECDSA-SHA3-256_signed-by_RSA-SHA256,11.381,3216.56,2104.54,0.833333,18,1,131.778,16,2168.36,2187.64,1790,1786
1,3,22,ECDSA-SHA3-256_signed-by_RSA-SHA256,ECDSA-SHA3-256_signed-by_RSA-SHA256,8.648,4231.77,1531.76,0.454545,0,0,127.091,24,2151.22,2113.58,1789,1786
1,6,25,ECDSA-SHA3-256_signed-by_RSA-SHA256,ECDSA-SHA3-256_signed-by_RSA-SHA256,7.826,4677.28,1692.65,0.545455,0,0,118,8,2166.74,2135.81,1790,1786
1,8,20,ECDSA-SHA3-256_signed-by_RSA-SHA256,ECDSA-SHA3-256_signed-by_RSA-SHA256,18.891,1937.36,1011.24,1,10,0.555556,105.111,15,2207.79,2114.36,1790,1785
1,7,22,ECDSA-SHA3-256_signed-by_RSA-SHA256,ECDSA-SHA3-256_signed-by_RSA-SHA256,8.056,4543.8,2494.33,0.666667,14,0.777778,109.556,16,2152.46,2108.78,1790,1786
1,6,26,ECDSA-SHA3-256_signed-by_RSA-SHA256,ECDSA-SHA3-256_signed-by_RSA-SHA256,8.139,4497.39,1674.73,1,5,0.384615,105.692,8,2252.99,2145.08,1790,1786
1,3,23,ECDSA-SHA3-256_signed-by_RSA-SHA256,ECDSA-SHA3-256_signed-by_RSA-SHA256,11.917,3071.21,1270.1,1,5,0.333333,107.6,24,2165.35,2119.76,1789,1786
1,2,23,ECDSA-SHA3-256_signed-by_RSA-SHA256,ECDSA-SHA3-256_signed-by_RSA-SHA256,15.283,2395.27,1484.48,1,15,0.789474,134.211,24,2151.1,2151.89,1790,1786
1,5,22,ECDSA-SHA3-256_signed-by_RSA-SHA256,ECDSA-SHA3-256_signed-by_RSA-SHA256,35.459,1031.94,750.831,1,28,1.16667,127,15,2159.79,2265.32,1788,1786
1,7,23,ECDSA-SHA3-256_signed-by_RSA-SHA256,ECDSA-SHA3-256_signed-by_RSA-SHA256,15.16,2414.68,1579.88,1,18,1,134.444,16,2171.66,2151.64,1790,1786
1,3,24,ECDSA-SHA3-256_signed-by_RSA-SHA256,ECDSA-SHA3-256_signed-by_RSA-SHA256,9.804,3733.16,1351.28,0.909091,0,0,131.455,24,2136.55,2117.73,1789,1786
1,2,24,ECDSA-SHA3-256_signed-by_RSA-SHA256,ECDSA-SHA3-256_signed-by_RSA-SHA256,10.417,3514.23,1247.18,1,0,0,153.6,24,2140.93,2121.5,1790,1786
1,6,27,ECDSA-SHA3-256_signed-by_RSA-SHA256,ECDSA-SHA3-256_signed-by_RSA-SHA256,15.047,2432.84,971.859,1,2,0.153846,171.538,8,2168.21,2117.25,1790,1786
1,8,21,ECDSA-SHA3-256_signed-by_RSA-SHA256,ECDSA-SHA3-256_signed-by_RSA-SHA256,19.88,1840.96,1500.93,1,30,1.42857,153.619,15,2192.3,2127.42,1790,1785
1,5,23,ECDSA-SHA3-256_signed-by_RSA-SHA256,ECDSA-SHA3-256_signed-by_RSA-SHA256,12.658,2890.74,1123.68,1,1,0.0769231,115.538,15,2118.18,2118.07,1788,1786
1,7,24,ECDSA-SHA3-256_signed-by_RSA-SHA256,ECDSA-SHA3-256_signed-by_RSA-SHA256,9.915,3692.16,1408.77,1,1,0.0833333,112.667,16,2167.83,2137.62,1790,1786
1,3,25,ECDSA-SHA3-256_signed-by_RSA-SHA256,ECDSA-SHA3-256_signed-by_RSA-SHA256,9.86,3711.96,1317.64,1,0,0,140.8,24,2154.41,2120.78,1789,1786
1,2,25,ECDSA-SHA3-256_signed-by_RSA-SHA256,ECDSA-SHA3-256_signed-by_RSA-SHA256,9.283,3943.13,1959.5,1,14,0.875,123.75,24,2175.4,2135.28,1790,1786
1,8,22,ECDSA-SHA3-256_signed-by_RSA-SHA256,ECDSA-SHA3-256_signed-by_RSA-SHA256,12.874,2842.85,1506.25,1,12,0.8,148.667,15,2137.5,2131.45,1790,1785
1,5,24,ECDSA-SHA3-256_signed-by_RSA-SHA256,ECDSA-SHA3-256_signed-by_RSA-SHA256,9.718,3765.38,1336.9,0.5,0,0,153.6,15,2155.78,2114.74,1788,1786
1,6,28,ECDSA-SHA3-256_signed-by_RSA-SHA256,ECDSA-SHA3-256_signed-by_RSA-SHA256,17.08,2143.22,1131.56,1,13,0.866667,142,8,2181.25,2135.09,1790,1786
1,2,26,ECDSA-SHA3-256_signed-by_RSA-SHA256,ECDSA-SHA3-256_signed-by_RSA-SHA256,10.43,3509.88,1452.73,0.615385,0,0,205.385,24,2141.02,2113.6,1790,1786
1,7,25,ECDSA-SHA3-256_signed-by_RSA-SHA256,ECDSA-SHA3-256_signed-by_RSA-SHA256,12.595,2906.52,1504.07,1,11,0.846154,153.077,16,2135.72,2142.71,1790,1786
1,3,26,ECDSA-SHA3-256_signed-by_RSA-SHA256,ECDSA-SHA3-256_signed-by_RSA-SHA256,12.603,2904.03,1503.12,1,11,0.846154,165.692,24,2154.26,2125.47,1789,1786
1,6,29,ECDSA-SHA3-256_signed-by_RSA-SHA256,ECDSA-SHA3-256_signed-by_RSA-SHA256,9.144,4003.14,1784.62,1,8,0.5,104.5,8,2123.66,2137.63,1790,1786
1,8,23,ECDSA-SHA3-256_signed-by_RSA-SHA256,ECDSA-SHA3-256_signed-by_RSA-SHA256,14.215,2574.67,1312.38,1,9,0.5625,120,15,2172.35,2124.45,1790,1785
1,5,25,ECDSA-SHA3-256_signed-by_RSA-SHA256,ECDSA-SHA3-256_signed-by_RSA-SHA256,12.585,2907.56,1505.27,1,11,0.846154,181.692,15,2149.92,2100.11,1788,1786
1,7,26,ECDSA-SHA3-256_signed-by_RSA-SHA256,ECDSA-SHA3-256_signed-by_RSA-SHA256,10.948,3343.78,1186.69,1,0,0,130.8,16,2143.97,2143.51,1790,1786
1,3,27,ECDSA-SHA3-256_signed-by_RSA-SHA256,ECDSA-SHA3-256_signed-by_RSA-SHA256,11.469,3191.19,1856.82,0.882353,18,1.05882,143.412,24,2234.94,2121.4,1789,1786
1,6,30,ECDSA-SHA3-256_signed-by_RSA-SHA256,ECDSA-SHA3-256_signed-by_RSA-SHA256,10.108,3621.34,1285.19,0.6,0,0,140.8,8,2162.36,2141.74,1790,1786
1,2,27,ECDSA-SHA3-256_signed-by_RSA-SHA256,ECDSA-SHA3-256_signed-by_RSA-SHA256,18.172,2014.45,986.974,1,8,0.533333,124.133,24,2150.33,2119.65,1790,1786
1,5,26,ECDSA-SHA3-256_signed-by_RSA-SHA256,ECDSA-SHA3-256_signed-by_RSA-SHA256,9.766,3746.55,1356.42,0.545455,0,0,138.727,15,2149.99,2115.14,1788,1786
1,8,24,ECDSA-SHA3-256_signed-by_RSA-SHA256,ECDSA-SHA3-256_signed-by_RSA-SHA256,12.037,3040.61,1474.11,0.785714,7,0.5,130.286,15,2161.41,2134.69,1790,1785
1,7,27,ECDSA-SHA3-256_signed-by_RSA-SHA256,ECDSA-SHA3-256_signed-by_RSA-SHA256,10.28,3560.78,1263.7,0.5,0,0,130.8,16,2121.81,2115.59,1790,1786
1,3,28,ECDSA-SHA3-256_signed-by_RSA-SHA256,ECDSA-SHA3-256_signed-by_RSA-SHA256,12.763,2867.44,1037.92,0.909091,0,0,131.455,24,2158.2,2320,1789,1786
1,6,31,ECDSA-SHA3-256_signed-by_RSA-SHA256,ECDSA-SHA3-256_signed-by_RSA-SHA256,14.293,2561.24,926.884,1,0,0,131.455,9,2129.35,2137.81,1790,1786
1,2,28,ECDSA-SHA3-256_signed-by_RSA-SHA256,ECDSA-SHA3-256_signed-by_RSA-SHA256,14.199,2578.2,914.99,1,0,0,140.8,24,2223.09,2120.94,1790,1786
1,5,27,ECDSA-SHA3-256_signed-by_RSA-SHA256,ECDSA-SHA3-256_signed-by_RSA-SHA256,14.141,2587.63,1339.64,1,11,0.846154,181.692,15,2145.77,2118.54,1788,1786
1,8,25,ECDSA-SHA3-256_signed-by_RSA-SHA256,ECDSA-SHA3-256_signed-by_RSA-SHA256,13.676,2676.22,1297.45,1,7,0.5,121.429,15,2140.44,2110.64,1790,1785
1,3,29,ECDSA-SHA3-256_signed-by_RSA-SHA256,ECDSA-SHA3-256_signed-by_RSA-SHA256,9.7,3772.86,1339.26,1,0,0,140.8,24,2141.08,2142.93,1789,1786
1,7,28,ECDSA-SHA3-256_signed-by_RSA-SHA256,ECDSA-SHA3-256_signed-by_RSA-SHA256,15.873,2306.27,1508.95,1,18,1,134.444,16,2157.48,2143.33,1790,1786
1,5,28,ECDSA-SHA3-256_signed-by_RSA-SHA256,ECDSA-SHA3-256_signed-by_RSA-SHA256,8.541,4283.86,2217.79,0.923077,11,0.846154,153.077,15,2145.99,2133.07,1788,1786
1,8,26,ECDSA-SHA3-256_signed-by_RSA-SHA256,ECDSA-SHA3-256_signed-by_RSA-SHA256,8.369,4372.85,1552.24,1,0,0,130.8,15,2116.51,2115.33,1790,1785
1,6,32,ECDSA-SHA3-256_signed-by_RSA-SHA256,ECDSA-SHA3-256_signed-by_RSA-SHA256,12.366,2960.33,1634.13,1,14,0.736842,112.737,9,2147.16,2140.64,1790,1786
1,3,30,ECDSA-SHA3-256_signed-by_RSA-SHA256,ECDSA-SHA3-256_signed-by_RSA-SHA256,9.932,3684.69,1307.96,1,0,0,140.8,24,2162.03,2105.47,1789,1786
1,7,29,ECDSA-SHA3-256_signed-by_RSA-SHA256,ECDSA-SHA3-256_signed-by_RSA-SHA256,10.397,3520.68,1260.24,1,0,0,122,16,2168.28,2110.96,1790,1786
1,8,27,ECDSA-SHA3-256_signed-by_RSA-SHA256,ECDSA-SHA3-256_signed-by_RSA-SHA256,9.606,3809.81,1364.04,0.454545,0,0,122,15,2138.32,2132.04,1790,1785
1,6,33,ECDSA-SHA3-256_signed-by_RSA-SHA256,ECDSA-SHA3-256_signed-by_RSA-SHA256,8.825,4147.9,1472.07,0.1,0,0,140.8,9,2162.96,2123.78,1790,1786
1,3,31,ECDSA-SHA3-256_signed-by_RSA-SHA256,ECDSA-SHA3-256_signed-by_RSA-SHA256,8.505,4303.03,1527.46,0.1,0,0,140.8,24,2154.76,2125.95,1789,1786
1,5,29,ECDSA-SHA3-256_signed-by_RSA-SHA256,ECDSA-SHA3-256_signed-by_RSA-SHA256,12.406,2949.32,1991.14,0.533333,10,0.666667,145.733,15,2122.93,2107.05,1788,1786
1,2,29,ECDSA-SHA3-256_signed-by_RSA-SHA256,ECDSA-SHA3-256_signed-by_RSA-SHA256,25.361,1443.46,1097.11,1,24,0.96,111.28,24,2152.93,2124.95,1790,1786
1,7,30,ECDSA-SHA3-256_signed-by_RSA-SHA256,ECDSA-SHA3-256_signed-by_RSA-SHA256,10.659,3434.2,1242.8,1,0,0,118,16,2156.71,2128.77,1790,1786
1,6,34,ECDSA-SHA3-256_signed-by_RSA-SHA256,ECDSA-SHA3-256_signed-by_RSA-SHA256,10.343,3539.07,1280.75,1,0,0,131.455,9,2151.87,2135.61,1790,1786
1,8,28,ECDSA-SHA3-256_signed-by_RSA-SHA256,ECDSA-SHA3-256_signed-by_RSA-SHA256,14.38,2545.15,1269.51,1,7,0.4375,111,15,2274.44,2140.07,1790,1785
1,3,32,ECDSA-SHA3-256_signed-by_RSA-SHA256,ECDSA-SHA3-256_signed-by_RSA-SHA256,16.098,2273.51,1487.85,1,18,1,144.889,24,2160.59,2110.13,1789,1786
1,5,30,ECDSA-SHA3-256_signed-by_RSA-SHA256,ECDSA-SHA3-256_signed-by_RSA-SHA256,16.054,2279.24,1566.67,1,22,1.29412,167.882,15,2137.82,2129.32,1788,1786
1,2,30,ECDSA-SHA3-256_signed-by_RSA-SHA256,ECDSA-SHA3-256_signed-by_RSA-SHA256,14.042,2606.99,1092.7,1,11,0.785714,120.857,24,2182.36,2113.24,1790,1786
1,7,31,ECDSA-SHA3-256_signed-by_RSA-SHA256,ECDSA-SHA3-256_signed-by_RSA-SHA256,14.044,2606.61,1449.13,1,14,0.736842,105.789,16,2163.79,2108.65,1790,1786
1,6,35,ECDSA-SHA3-256_signed-by_RSA-SHA256,ECDSA-SHA3-256_signed-by_RSA-SHA256,14.942,2449.94,1666.13,1,22,1.375,177.25,9,2155.5,2136.48,1790,1786
1,3,33,ECDSA-SHA3-256_signed-by_RSA-SHA256,ECDSA-SHA3-256_signed-by_RSA-SHA256,8.773,4171.48,1480.76,0.6,0,0,140.8,24,2144.42,2104.14,1789,1786
1,8,29,ECDSA-SHA3-256_signed-by_RSA-SHA256,ECDSA-SHA3-256_signed-by_RSA-SHA256,13.759,2660.02,1303.56,1,14,0.933333,115.867,15,2174.38,2103.06,1790,1785
1,5,31,ECDSA-SHA3-256_signed-by_RSA-SHA256,ECDSA-SHA3-256_signed-by_RSA-SHA256,10.435,3506.65,1269.57,1,0,0,122.364,15,2149.66,2100.41,1788,1786
1,2,31,ECDSA-SHA3-256_signed-by_RSA-SHA256,ECDSA-SHA3-256_signed-by_RSA-SHA256,10.041,3645.84,1762.37,0.944444,10,0.555556,178.444,24,2163.75,2135.16,1790,1786
1,7,32,ECDSA-SHA3-256_signed-by_RSA-SHA256,ECDSA-SHA3-256_signed-by_RSA-SHA256,9.348,3915.75,1389.68,1,0,0,130.8,16,2150.86,2130.88,1790,1786
1,3,34,ECDSA-SHA3-256_signed-by_RSA-SHA256,ECDSA-SHA3-256_signed-by_RSA-SHA256,10.06,3638.17,1525.25,1,7,0.5,120.857,24,2166.17,2120.46,1789,1786
1,5,32,ECDSA-SHA3-256_signed-by_RSA-SHA256,ECDSA-SHA3-256_signed-by_RSA-SHA256,8.709,4201.22,1521.03,1,0,0,122.364,15,2148,2118.49,1788,1786
1,7,33,ECDSA-SHA3-256_signed-by_RSA-SHA256,ECDSA-SHA3-256_signed-by_RSA-SHA256,9.555,3831.28,1605.86,0.857143,7,0.5,112.857,16,2141.94,2131.85,1790,1786
1,8,30,ECDSA-SHA3-256_signed-by_RSA-SHA256,ECDSA-SHA3-256_signed-by_RSA-SHA256,12.31,2973.15,2275.84,1,24,1.04348,211.043,15,2158.01,2135.13,1790,1785
1,6,36,ECDSA-SHA3-256_signed-by_RSA-SHA256,ECDSA-SHA3-256_signed-by_RSA-SHA256,15.698,2331.94,1573.65,1,7,0.466667,135.333,9,2169.83,2121.82,1790,1786
1,2,32,ECDSA-SHA3-256_signed-by_RSA-SHA256,ECDSA-SHA3-256_signed-by_RSA-SHA256,13.319,2748.49,1166.43,1,8,0.533333,112.133,24,2151.42,2102.74,1790,1786
1,5,33,ECDSA-SHA3-256_signed-by_RSA-SHA256,ECDSA-SHA3-256_signed-by_RSA-SHA256,11.868,3083.18,1116.25,1,0,0,122.364,15,2167,2134.5,1788,1786
1,3,35,ECDSA-SHA3-256_signed-by_RSA-SHA256,ECDSA-SHA3-256_signed-by_RSA-SHA256,13.414,2728.41,1412.22,1,11,0.846154,165.692,24,2152.28,2111.34,1789,1786
1,8,31,ECDSA-SHA3-256_signed-by_RSA-SHA256,ECDSA-SHA3-256_signed-by_RSA-SHA256,10.666,3431.4,1278.06,1,8,0.615385,109.385,15,2152.26,2128.48,1790,1785
1,6,37,ECDSA-SHA3-256_signed-by_RSA-SHA256,ECDSA-SHA3-256_signed-by_RSA-SHA256,11.651,3141.98,1124.69,1,0,0,131.091,9,2161.1,2134.11,1790,1786
1,2,33,ECDSA-SHA3-256_signed-by_RSA-SHA256,ECDSA-SHA3-256_signed-by_RSA-SHA256,12.111,3022.63,1072.72,1,0,0,130.8,24,2150.68,2144.64,1790,1786
1,7,34,ECDSA-SHA3-256_signed-by_RSA-SHA256,ECDSA-SHA3-256_signed-by_RSA-SHA256,17.217,2126.18,1997.94,1,36,1.5,147.667,16,2154.59,2132.72,1790,1786
1,5,34,ECDSA-SHA3-256_signed-by_RSA-SHA256,ECDSA-SHA3-256_signed-by_RSA-SHA256,9.078,4030.49,1431.03,1,0,0,130.8,15,2151.09,2137.26,1788,1786
1,3,36,ECDSA-SHA3-256_signed-by_RSA-SHA256,ECDSA-SHA3-256_signed-by_RSA-SHA256,10.199,3588.27,1317.66,1,5,0.416667,123.667,24,2168.78,2119.88,1789,1786
1,8,32,ECDSA-SHA3-256_signed-by_RSA-SHA256,ECDSA-SHA3-256_signed-by_RSA-SHA256,11.746,3115.95,1694.53,0.764706,7,0.411765,167.412,15,2182.33,2122.04,1790,1785
1,2,34,ECDSA-SHA3-256_signed-by_RSA-SHA256,ECDSA-SHA3-256_signed-by_RSA-SHA256,11.162,3279.67,1374.65,1,7,0.5,112.857,24,2228.2,2110.1,1790,1786
1,6,38,ECDSA-SHA3-256_signed-by_RSA-SHA256,ECDSA-SHA3-256_signed-by_RSA-SHA256,13.376,2736.79,1273.9,1,9,0.529412,108.588,9,2168.41,2138.78,1790,1786
1,7,35,ECDSA-SHA3-256_signed-by_RSA-SHA256,ECDSA-SHA3-256_signed-by_RSA-SHA256,12.628,2898.89,1721.85,1,25,1.31579,123.053,16,2154.35,2149.27,1790,1786
1,5,35,ECDSA-SHA3-256_signed-by_RSA-SHA256,ECDSA-SHA3-256_signed-by_RSA-SHA256,14.462,2530.14,1181.54,1,2,0.153846,119.846,15,2138.15,2130.48,1788,1786
1,3,37,ECDSA-SHA3-256_signed-by_RSA-SHA256,ECDSA-SHA3-256_signed-by_RSA-SHA256,13.355,2740.47,1168.07,0.866667,3,0.2,183.067,24,2143.41,2114.97,1789,1786
1,8,33,ECDSA-SHA3-256_signed-by_RSA-SHA256,ECDSA-SHA3-256_signed-by_RSA-SHA256,14.26,2566.56,929.011,1,0,0,122.364,15,2190.22,2142.87,1790,1785
1,6,39,ECDSA-SHA3-256_signed-by_RSA-SHA256,ECDSA-SHA3-256_signed-by_RSA-SHA256,12.677,2887.73,1210.37,0.642857,7,0.5,120.857,9,2132.8,2135.98,1790,1786
1,2,35,ECDSA-SHA3-256_signed-by_RSA-SHA256,ECDSA-SHA3-256_signed-by_RSA-SHA256,14.768,2478.83,897.061,1,4,0.363636,122.364,24,2159.66,2119.58,1790,1786
1,7,36,ECDSA-SHA3-256_signed-by_RSA-SHA256,ECDSA-SHA3-256_signed-by_RSA-SHA256,13.227,2767.67,1145.53,0.461538,0,0,202.615,16,2159.39,2133.81,1790,1786
1,5,36,ECDSA-SHA3-256_signed-by_RSA-SHA256,ECDSA-SHA3-256_signed-by_RSA-SHA256,12.336,2966.04,1364.35,0.5,2,0.166667,126.667,15,2108.43,2125.23,1788,1786
1,3,38,ECDSA-SHA3-256_signed-by_RSA-SHA256,ECDSA-SHA3-256_signed-by_RSA-SHA256,13.373,2736.84,971.504,0.7,0,0,140.8,24,2119.46,2114.96,1789,1786
1,8,34,ECDSA-SHA3-256_signed-by_RSA-SHA256,ECDSA-SHA3-256_signed-by_RSA-SHA256,10.283,3558.97,1263.34,0.4,0,0,132,15,2146.75,2090.77,1790,1785
1,6,40,ECDSA-SHA3-256_signed-by_RSA-SHA256,ECDSA-SHA3-256_signed-by_RSA-SHA256,9.498,3853.97,1367.75,0.4,0,0,140.8,9,2154.54,2166.53,1790,1786
1,2,36,ECDSA-SHA3-256_signed-by_RSA-SHA256,ECDSA-SHA3-256_signed-by_RSA-SHA256,9.693,3776.41,1683.54,0.25,8,0.5,161.5,24,2161.52,2132.81,1790,1786
1,7,37,ECDSA-SHA3-256_signed-by_RSA-SHA256,ECDSA-SHA3-256_signed-by_RSA-SHA256,10.439,3506.55,1244.46,0.5,0,0,130.8,16,2272.94,2128.81,1790,1786
1,5,37,ECDSA-SHA3-256_signed-by_RSA-SHA256,ECDSA-SHA3-256_signed-by_RSA-SHA256,9.33,3921.64,1392.38,0.9,0,0,130.8,15,2121.57,2190.62,1788,1786
1,3,39,ECDSA-SHA3-256_signed-by_RSA-SHA256,ECDSA-SHA3-256_signed-by_RSA-SHA256,9.495,3854.34,1388.4,1,5,0.454545,131.455,24,2159.24,2121.15,1789,1786
1,8,35,ECDSA-SHA3-256_signed-by_RSA-SHA256,ECDSA-SHA3-256_signed-by_RSA-SHA256,9.333,3921.24,2163.32,1,5,0.357143,120.286,15,2154.02,2107.17,1790,1785
1,6,41,ECDSA-SHA3-256_signed-by_RSA-SHA256,ECDSA-SHA3-256_signed-by_RSA-SHA256,8.715,4200.2,1503.48,1,0,0,131.091,9,2156.97,2118.96,1790,1786
1,7,38,ECDSA-SHA3-256_signed-by_RSA-SHA256,ECDSA-SHA3-256_signed-by_RSA-SHA256,8.962,4084.44,1528.1,1,5,0.384615,105.692,16,2111.44,2120.64,1790,1786
1,5,38,ECDSA-SHA3-256_signed-by_RSA-SHA256,ECDSA-SHA3-256_signed-by_RSA-SHA256,8.955,4085.86,2136.72,1,18,1.28571,144.857,15,2205.13,2133.18,1788,1786
1,6,42,ECDSA-SHA3-256_signed-by_RSA-SHA256,ECDSA-SHA3-256_signed-by_RSA-SHA256,8.862,4130.51,1465.9,1,0,0,140.8,9,2151.66,2127.97,1790,1786
1,3,40,ECDSA-SHA3-256_signed-by_RSA-SHA256,ECDSA-SHA3-256_signed-by_RSA-SHA256,12.274,2981.89,1637.27,0.722222,10,0.555556,173.556,24,2157.73,2213.78,1789,1786
1,8,36,ECDSA-SHA3-256_signed-by_RSA-SHA256,ECDSA-SHA3-256_signed-by_RSA-SHA256,12.594,2906.11,1618.53,0.8,13,0.866667,194.8,15,2148.63,2126.62,1790,1785
1,7,39,ECDSA-SHA3-256_signed-by_RSA-SHA256,ECDSA-SHA3-256_signed-by_RSA-SHA256,8.842,4139.87,1632.07,0,0,0,170.667,16,2151.32,2093.93,1790,1786
1,5,39,ECDSA-SHA3-256_signed-by_RSA-SHA256,ECDSA-SHA3-256_signed-by_RSA-SHA256,10.571,3461.22,1457.44,0,0,0,174.571,15,2154.51,2123.68,1788,1786
1,6,43,ECDSA-SHA3-256_signed-by_RSA-SHA256,ECDSA-SHA3-256_signed-by_RSA-SHA256,9.351,3914.52,1389.24,0,0,0,140.8,9,2172.76,2121.16,1790,1786
1,3,41,ECDSA-SHA3-256_signed-by_RSA-SHA256,ECDSA-SHA3-256_signed-by_RSA-SHA256,7.71,4746.66,1684.93,0,0,0,140.8,24,2118.73,2096.51,1789,1786
1,8,37,ECDSA-SHA3-256_signed-by_RSA-SHA256,ECDSA-SHA3-256_signed-by_RSA-SHA256,9.552,3831.3,1360.01,0.3,0,0,130.8,15,2165.32,2125.92,1790,1785
1,7,40,ECDSA-SHA3-256_signed-by_RSA-SHA256,ECDSA-SHA3-256_signed-by_RSA-SHA256,9.58,3820.94,1601.52,0.214286,7,0.5,112.857,16,2119.75,2119.17,1790,1786
1,2,37,ECDSA-SHA3-256_signed-by_RSA-SHA256,ECDSA-SHA3-256_signed-by_RSA-SHA256,31.625,1157.54,505.41,1,5,0.294118,163.882,24,2174.26,2114.53,1790,1786
1,5,40,ECDSA-SHA3-256_signed-by_RSA-SHA256,ECDSA-SHA3-256_signed-by_RSA-SHA256,9.076,4031.39,1431.35,0.6,0,0,130.8,15,2138.48,2127.11,1788,1786
1,6,44,ECDSA-SHA3-256_signed-by_RSA-SHA256,ECDSA-SHA3-256_signed-by_RSA-SHA256,11.273,3247.12,1175.09,0.636364,0,0,131.455,9,2170.07,2155.45,1790,1786
1,8,38,ECDSA-SHA3-256_signed-by_RSA-SHA256,ECDSA-SHA3-256_signed-by_RSA-SHA256,9.402,3892.48,1393.63,0.454545,0,0,122,15,2146.42,2137.4,1790,1785
1,3,42,ECDSA-SHA3-256_signed-by_RSA-SHA256,ECDSA-SHA3-256_signed-by_RSA-SHA256,12.835,2851.56,1012.23,0.8,0,0,140.8,24,2153.29,2088.73,1789,1786
1,7,41,ECDSA-SHA3-256_signed-by_RSA-SHA256,ECDSA-SHA3-256_signed-by_RSA-SHA256,13.114,2791.48,1461.62,0.888889,9,0.5,101.111,16,2164.55,2170.92,1790,1786
1,2,38,ECDSA-SHA3-256_signed-by_RSA-SHA256,ECDSA-SHA3-256_signed-by_RSA-SHA256,12.196,3001.62,1081,1,4,0.363636,122.364,24,2146.38,2126.56,1790,1786
1,5,41,ECDSA-SHA3-256_signed-by_RSA-SHA256,ECDSA-SHA3-256_signed-by_RSA-SHA256,11.842,3090,1295.72,0.928571,11,0.785714,112.857,15,2144.16,2108.72,1788,1786
1,6,45,ECDSA-SHA3-256_signed-by_RSA-SHA256,ECDSA-SHA3-256_signed-by_RSA-SHA256,9.502,3852.33,1387.38,1,5,0.454545,131.455,9,2158.3,2101.83,1790,1786
1,8,39,ECDSA-SHA3-256_signed-by_RSA-SHA256,ECDSA-SHA3-256_signed-by_RSA-SHA256,10.69,3423.75,1239.28,1,0,0,137.273,15,2162.91,2111.93,1790,1785
1,7,42,ECDSA-SHA3-256_signed-by_RSA-SHA256,ECDSA-SHA3-256_signed-by_RSA-SHA256,10.108,3621.67,1310.64,1,0,0,118,16,2145.43,2126.59,1790,1786
1,5,42,ECDSA-SHA3-256_signed-by_RSA-SHA256,ECDSA-SHA3-256_signed-by_RSA-SHA256,10.999,3326.81,1435.75,1,4,0.25,171.75,15,2156.24,2122.72,1788,1786
1,6,46,ECDSA-SHA3-256_signed-by_RSA-SHA256,ECDSA-SHA3-256_signed-by_RSA-SHA256,10.314,3549.33,1715.72,0.611111,10,0.555556,166.222,9,2154.52,2128.37,1790,1786
1,3,43,ECDSA-SHA3-256_signed-by_RSA-SHA256,ECDSA-SHA3-256_signed-by_RSA-SHA256,19.788,1849.52,1207.14,1,19,1.05556,144.889,24,2153.43,2109.43,1789,1786
1,8,40,ECDSA-SHA3-256_signed-by_RSA-SHA256,ECDSA-SHA3-256_signed-by_RSA-SHA256,10.613,3448.28,1224.05,0.3,0,0,150,15,2123.57,2222.01,1790,1785
1,2,39,ECDSA-SHA3-256_signed-by_RSA-SHA256,ECDSA-SHA3-256_signed-by_RSA-SHA256,17.739,2063.63,1783.13,1,37,1.42308,250.308,24,2163.64,2272.32,1790,1786
1,7,43,ECDSA-SHA3-256_signed-by_RSA-SHA256,ECDSA-SHA3-256_signed-by_RSA-SHA256,9.409,3890.45,1630.66,0.428571,7,0.5,112.857,16,2144.4,2137.69,1790,1786
1,5,43,ECDSA-SHA3-256_signed-by_RSA-SHA256,ECDSA-SHA3-256_signed-by_RSA-SHA256,10.429,3508.39,1245.66,0.3,0,0,130.8,15,2118.33,2128.93,1788,1786
1,6,47,ECDSA-SHA3-256_signed-by_RSA-SHA256,ECDSA-SHA3-256_signed-by_RSA-SHA256,10.819,3383.4,1200.75,0.3,0,0,140.8,9,2209.59,2129.36,1790,1786
1,3,44,ECDSA-SHA3-256_signed-by_RSA-SHA256,ECDSA-SHA3-256_signed-by_RSA-SHA256,10.437,3506.48,1269.23,0.272727,0,0,131.455,24,2166.03,2115.32,1789,1786
1,8,41,ECDSA-SHA3-256_signed-by_RSA-SHA256,ECDSA-SHA3-256_signed-by_RSA-SHA256,10.573,3461.37,1228.69,0.3,0,0,153.6,15,2159.66,2122.83,1790,1785
1,2,40,ECDSA-SHA3-256_signed-by_RSA-SHA256,ECDSA-SHA3-256_signed-by_RSA-SHA256,8.887,4118.94,1461.79,0,0,0,130.8,24,2192.51,2111.44,1790,1786
1,7,44,ECDSA-SHA3-256_signed-by_RSA-SHA256,ECDSA-SHA3-256_signed-by_RSA-SHA256,9.137,4006.22,1421.79,0.5,0,0,130.8,16,2155,2120.21,1790,1786
1,5,44,ECDSA-SHA3-256_signed-by_RSA-SHA256,ECDSA-SHA3-256_signed-by_RSA-SHA256,13.143,2784.11,1167.45,1,7,0.5,112.857,15,2131.62,2124.16,1788,1786
1,6,48,ECDSA-SHA3-256_signed-by_RSA-SHA256,ECDSA-SHA3-256_signed-by_RSA-SHA256,12.532,2921.13,1036.7,1,0,0,140.8,9,2151.37,2116.72,1790,1786
1,3,45,ECDSA-SHA3-256_signed-by_RSA-SHA256,ECDSA-SHA3-256_signed-by_RSA-SHA256,13.203,2772.04,1017.93,1,7,0.583333,123.667,24,2165.44,2103.16,1789,1786
1,8,42,ECDSA-SHA3-256_signed-by_RSA-SHA256,ECDSA-SHA3-256_signed-by_RSA-SHA256,12.819,2855.08,1013.47,1,4,0.4,153.6,15,2115,2134.81,1790,1785
1,2,41,ECDSA-SHA3-256_signed-by_RSA-SHA256,ECDSA-SHA3-256_signed-by_RSA-SHA256,12.952,2826.37,1941.9,1,22,1.29412,163.176,24,2162.21,2148.93,1790,1786
1,7,45,ECDSA-SHA3-256_signed-by_RSA-SHA256,ECDSA-SHA3-256_signed-by_RSA-SHA256,17.833,2052.77,1676.85,1,29,1.38095,150.762,16,2129.07,2128.86,1790,1786
1,6,49,ECDSA-SHA3-256_signed-by_RSA-SHA256,ECDSA-SHA3-256_signed-by_RSA-SHA256,11.105,3296.3,1169.84,1,0,0,140.8,9,2164.96,2128.17,1790,1786
1,5,45,ECDSA-SHA3-256_signed-by_RSA-SHA256,ECDSA-SHA3-256_signed-by_RSA-SHA256,13.39,2732.6,1325.08,1,7,0.5,121.429,15,2159,2111.68,1788,1786
1,2,42,ECDSA-SHA3-256_signed-by_RSA-SHA256,ECDSA-SHA3-256_signed-by_RSA-SHA256,12.001,3050.21,1082.5,1,0,0,130.8,24,2121.42,2120.68,1790,1786
1,8,43,ECDSA-SHA3-256_signed-by_RSA-SHA256,ECDSA-SHA3-256_signed-by_RSA-SHA256,14.65,2498.13,1085.52,1,4,0.235294,176.588,15,2144.85,2119.63,1790,1785
1,7,46,ECDSA-SHA3-256_signed-by_RSA-SHA256,ECDSA-SHA3-256_signed-by_RSA-SHA256,8.831,4145.09,1471.07,1,0,0,130.8,16,2150.15,2369.97,1790,1786
1,6,50,ECDSA-SHA3-256_signed-by_RSA-SHA256,ECDSA-SHA3-256_signed-by_RSA-SHA256,12.034,3041.8,1379.98,0.529412,7,0.411765,101.765,9,2164.46,2311.25,1790,1786
1,5,46,ECDSA-SHA3-256_signed-by_RSA-SHA256,ECDSA-SHA3-256_signed-by_RSA-SHA256,10.638,3439.45,1312.92,0.666667,1,0.0833333,112.667,15,2115.57,2204.55,1788,1786
1,2,43,ECDSA-SHA3-256_signed-by_RSA-SHA256,ECDSA-SHA3-256_signed-by_RSA-SHA256,9.618,3805.87,1844.72,0.5,7,0.5,121.429,24,2131.28,2101.34,1790,1786
1,8,44,ECDSA-SHA3-256_signed-by_RSA-SHA256,ECDSA-SHA3-256_signed-by_RSA-SHA256,8.275,4422.56,1569.89,0.5,0,0,130.8,15,2170.19,2111.93,1790,1785
1,7,47,ECDSA-SHA3-256_signed-by_RSA-SHA256,ECDSA-SHA3-256_signed-by_RSA-SHA256,7.719,4742.14,1682.96,0.7,0,0,130.8,16,2139.71,2135.91,1790,1786
1,6,51,ECDSA-SHA3-256_signed-by_RSA-SHA256,ECDSA-SHA3-256_signed-by_RSA-SHA256,7.257,5044.05,1790.11,0.8,0,0,140.8,9,2131.43,2140.86,1790,1786
1,5,47,ECDSA-SHA3-256_signed-by_RSA-SHA256,ECDSA-SHA3-256_signed-by_RSA-SHA256,8.207,4458.24,1789.54,0.615385,2,0.153846,111.846,15,2118.38,2111.24,1788,1786
1,8,45,ECDSA-SHA3-256_signed-by_RSA-SHA256,ECDSA-SHA3-256_signed-by_RSA-SHA256,7.352,4977.81,2086.87,0.571429,7,0.5,112.857,15,2155.02,2164.18,1790,1785
1,7,48,ECDSA-SHA3-256_signed-by_RSA-SHA256,ECDSA-SHA3-256_signed-by_RSA-SHA256,10.154,3604.95,1323.49,0.583333,5,0.416667,111.333,16,2112.16,2133.47,1790,1786
1,2,44,ECDSA-SHA3-256_signed-by_RSA-SHA256,ECDSA-SHA3-256_signed-by_RSA-SHA256,12.64,2896.16,1498.71,0.923077,11,0.846154,153.077,24,2155.64,2139.71,1790,1786
1,6,52,ECDSA-SHA3-256_signed-by_RSA-SHA256,ECDSA-SHA3-256_signed-by_RSA-SHA256,9.056,4042.02,1446.86,0.363636,0,0,131.091,9,2210.94,2129.56,1790,1786
1,5,48,ECDSA-SHA3-256_signed-by_RSA-SHA256,ECDSA-SHA3-256_signed-by_RSA-SHA256,9.326,3923.29,1392.97,0.4,0,0,130.8,15,2170.5,2127.21,1788,1786
1,8,46,ECDSA-SHA3-256_signed-by_RSA-SHA256,ECDSA-SHA3-256_signed-by_RSA-SHA256,9.56,3828.11,1358.87,0.4,0,0,130.8,15,2115.26,2135.43,1790,1785
1,7,49,ECDSA-SHA3-256_signed-by_RSA-SHA256,ECDSA-SHA3-256_signed-by_RSA-SHA256,7.904,4631.16,1825.74,0,0,0,170.667,16,2147.17,2143.76,1790,1786
1,2,45,ECDSA-SHA3-256_signed-by_RSA-SHA256,ECDSA-SHA3-256_signed-by_RSA-SHA256,8.415,4349.96,1543.78,0,0,0,137.2,24,2117.24,2141.21,1790,1786
1,3,46,ECDSA-SHA3-256_signed-by_RSA-SHA256,ECDSA-SHA3-256_signed-by_RSA-SHA256,45.255,808.738,741.034,1,35,1.12903,176.065,24,2123.79,2133.99,1789,1786
1,6,53,ECDSA-SHA3-256_signed-by_RSA-SHA256,ECDSA-SHA3-256_signed-by_RSA-SHA256,9.605,3811.03,1352.52,0.3,0,0,140.8,9,2160.37,2115.37,1790,1786
1,5,49,ECDSA-SHA3-256_signed-by_RSA-SHA256,ECDSA-SHA3-256_signed-by_RSA-SHA256,11.337,3227.66,1145.98,0.7,0,0,130.8,15,2121.43,2147.86,1788,1786
1,8,47,ECDSA-SHA3-256_signed-by_RSA-SHA256,ECDSA-SHA3-256_signed-by_RSA-SHA256,11.439,3199.57,1573.56,0.466667,7,0.466667,115.867,16,2153.13,2131.85,1790,1785
1,7,50,ECDSA-SHA3-256_signed-by_RSA-SHA256,ECDSA-SHA3-256_signed-by_RSA-SHA256,11.487,3186.64,1162.95,1,0,0,115,16,2164.9,2132.02,1790,1786
1,3,47,ECDSA-SHA3-256_signed-by_RSA-SHA256,ECDSA-SHA3-256_signed-by_RSA-SHA256,9.001,4065.87,1443.27,1,0,0,140.8,24,2174.12,2113.44,1789,1786
1,6,54,ECDSA-SHA3-256_signed-by_RSA-SHA256,ECDSA-SHA3-256_signed-by_RSA-SHA256,8.092,4523.58,1896.03,1,11,0.785714,120.857,9,2159.99,2115.42,1790,1786
1,5,50,ECDSA-SHA3-256_signed-by_RSA-SHA256,ECDSA-SHA3-256_signed-by_RSA-SHA256,12.919,2832.39,1034.12,1,0,0,115,15,2155.07,2121.67,1788,1786
1,2,46,ECDSA-SHA3-256_signed-by_RSA-SHA256,ECDSA-SHA3-256_signed-by_RSA-SHA256,20.921,1749.75,1093.59,1,16,0.8,110.8,24,2200.44,2122.25,1790,1786
1,7,51,ECDSA-SHA3-256_signed-by_RSA-SHA256,ECDSA-SHA3-256_signed-by_RSA-SHA256,12.295,2977.46,1439.28,1,18,1,103.556,16,2171.87,2110.72,1790,1786
1,8,48,ECDSA-SHA3-256_signed-by_RSA-SHA256,ECDSA-SHA3-256_signed-by_RSA-SHA256,15.701,2331.01,1614.13,1,23,1.27778,160.667,16,2151.31,2124.85,1790,1785
1,6,55,ECDSA-SHA3-256_signed-by_RSA-SHA256,ECDSA-SHA3-256_signed-by_RSA-SHA256,18.62,1965.98,2156.73,1,46,1.4375,218.75,9,2223.89,2130.17,1790,1786
1,3,48,ECDSA-SHA3-256_signed-by_RSA-SHA256,ECDSA-SHA3-256_signed-by_RSA-SHA256,19.899,1839.21,1547.75,1,32,1.28,129.84,24,2159.09,2122.16,1789,1786
1,2,47,ECDSA-SHA3-256_signed-by_RSA-SHA256,ECDSA-SHA3-256_signed-by_RSA-SHA256,10.88,3364.7,1241.17,1,0,0,115.333,24,2148.43,2113.28,1790,1786
1,5,51,ECDSA-SHA3-256_signed-by_RSA-SHA256,ECDSA-SHA3-256_signed-by_RSA-SHA256,13.672,2676.37,1747.19,1,19,1.05556,134.444,15,2142.95,2112.03,1788,1786
1,7,52,ECDSA-SHA3-256_signed-by_RSA-SHA256,ECDSA-SHA3-256_signed-by_RSA-SHA256,13.695,2673.02,1120.38,1,3,0.214286,190.857,16,2464.66,2139.69,1790,1786
1,8,49,ECDSA-SHA3-256_signed-by_RSA-SHA256,ECDSA-SHA3-256_signed-by_RSA-SHA256,13.851,2642.34,1724.6,1,19,1.05556,134.444,16,2161.16,2116.91,1790,1785
1,6,56,ECDSA-SHA3-256_signed-by_RSA-SHA256,ECDSA-SHA3-256_signed-by_RSA-SHA256,11.907,3074.46,1288.64,1,7,0.5,120.857,9,2133.73,2152.66,1790,1786
1,3,49,ECDSA-SHA3-256_signed-by_RSA-SHA256,ECDSA-SHA3-256_signed-by_RSA-SHA256,12.363,2960.4,2317.84,1,32,1.23077,121.692,24,2161.97,2111.91,1789,1786
1,5,52,ECDSA-SHA3-256_signed-by_RSA-SHA256,ECDSA-SHA3-256_signed-by_RSA-SHA256,12.144,3013.12,1111.97,1,0,0,115.333,15,2137.44,2123.38,1788,1786
1,7,53,ECDSA-SHA3-256_signed-by_RSA-SHA256,ECDSA-SHA3-256_signed-by_RSA-SHA256,11.366,3220.79,1689.23,1,11,0.785714,144.857,16,2212.14,2115.69,1790,1786
1,8,50,ECDSA-SHA3-256_signed-by_RSA-SHA256,ECDSA-SHA3-256_signed-by_RSA-SHA256,11.744,3116.43,1128.05,1,0,0,118,16,2161.27,2145.85,1790,1785
1,6,57,ECDSA-SHA3-256_signed-by_RSA-SHA256,ECDSA-SHA3-256_signed-by_RSA-SHA256,8.555,4278.68,1716.71,1,2,0.153846,120.154,9,2171.64,2123.8,1790,1786
1,7,54,ECDSA-SHA3-256_signed-by_RSA-SHA256,ECDSA-SHA3-256_signed-by_RSA-SHA256,9.136,4006.58,1449.93,0.909091,0,0,122.364,16,2133.93,2138.53,1790,1786
1,2,48,ECDSA-SHA3-256_signed-by_RSA-SHA256,ECDSA-SHA3-256_signed-by_RSA-SHA256,25.073,1460.02,912.514,1,16,0.8,109.6,24,2156.01,2116.76,1790,1786
1,3,50,ECDSA-SHA3-256_signed-by_RSA-SHA256,ECDSA-SHA3-256_signed-by_RSA-SHA256,14.784,2475.55,1347.35,1,12,0.8,146.8,24,2149.29,2102.85,1789,1786
1,8,51,ECDSA-SHA3-256_signed-by_RSA-SHA256,ECDSA-SHA3-256_signed-by_RSA-SHA256,12.575,2910.46,1053.49,1,0,0,122.364,16,2146.8,2130.01,1790,1785
1,6,58,ECDSA-SHA3-256_signed-by_RSA-SHA256,ECDSA-SHA3-256_signed-by_RSA-SHA256,14.105,2595.34,934.684,1,5,0.454545,129.273,9,2155.72,2105.21,1790,1786
1,5,53,ECDSA-SHA3-256_signed-by_RSA-SHA256,ECDSA-SHA3-256_signed-by_RSA-SHA256,20.401,1793.55,1462.61,1,30,1.42857,150.762,15,2106.28,2146.45,1788,1786
1,7,55,ECDSA-SHA3-256_signed-by_RSA-SHA256,ECDSA-SHA3-256_signed-by_RSA-SHA256,10.785,3394.08,1204.54,1,0,0,130.8,16,2154.18,2116.36,1790,1786
1,3,51,ECDSA-SHA3-256_signed-by_RSA-SHA256,ECDSA-SHA3-256_signed-by_RSA-SHA256,12.539,2918.87,1056.53,1,0,0,127.091,24,2149.3,2129.51,1789,1786
1,2,49,ECDSA-SHA3-256_signed-by_RSA-SHA256,ECDSA-SHA3-256_signed-by_RSA-SHA256,13.678,2676.37,1297.24,1,7,0.5,121.429,24,2160.24,2136.1,1790,1786
1,8,52,ECDSA-SHA3-256_signed-by_RSA-SHA256,ECDSA-SHA3-256_signed-by_RSA-SHA256,9.195,3980.1,1518.96,1,4,0.333333,112.667,16,2141.74,2120.21,1790,1785
1,7,56,ECDSA-SHA3-256_signed-by_RSA-SHA256,ECDSA-SHA3-256_signed-by_RSA-SHA256,8.838,4141.69,1469.86,1,0,0,130.8,16,2151.91,2131.15,1790,1786
1,6,59,ECDSA-SHA3-256_signed-by_RSA-SHA256,ECDSA-SHA3-256_signed-by_RSA-SHA256,12.427,2945.8,1887.47,1,20,1,279.8,9,2139.63,2127.6,1790,1786
1,3,52,ECDSA-SHA3-256_signed-by_RSA-SHA256,ECDSA-SHA3-256_signed-by_RSA-SHA256,10.594,3454.77,1226.35,1,0,0,140.8,24,2136.82,2134.82,1789,1786
1,8,53,ECDSA-SHA3-256_signed-by_RSA-SHA256,ECDSA-SHA3-256_signed-by_RSA-SHA256,10.959,3339.69,2008.93,0.611111,17,0.944444,202.889,16,2158.48,2131.7,1790,1785
1,5,54,ECDSA-SHA3-256_signed-by_RSA-SHA256,ECDSA-SHA3-256_signed-by_RSA-SHA256,17.681,2069.47,1418.86,1,23,1.35294,163.176,15,2155.69,2105.86,1788,1786
1,2,50,ECDSA-SHA3-256_signed-by_RSA-SHA256,ECDSA-SHA3-256_signed-by_RSA-SHA256,13.179,2777.7,1346.36,1,11,0.785714,121.429,24,2169.4,2131.48,1790,1786
1,7,57,ECDSA-SHA3-256_signed-by_RSA-SHA256,ECDSA-SHA3-256_signed-by_RSA-SHA256,9.153,3999.17,1419.29,1,0,0,130.8,16,2161.85,2135.41,1790,1786
1,6,60,ECDSA-SHA3-256_signed-by_RSA-SHA256,ECDSA-SHA3-256_signed-by_RSA-SHA256,13.068,2801.27,1288,1,2,0.166667,135.667,9,2128.6,2127.54,1790,1786
1,5,55,ECDSA-SHA3-256_signed-by_RSA-SHA256,ECDSA-SHA3-256_signed-by_RSA-SHA256,9.846,3716.4,1319.51,0.9,0,0,133.2,15,2157.54,2108.75,1788,1786
1,8,54,ECDSA-SHA3-256_signed-by_RSA-SHA256,ECDSA-SHA3-256_signed-by_RSA-SHA256,11.314,3234.88,1674.36,1,11,0.846154,153.077,16,2155.22,2145.09,1790,1785
1,3,53,ECDSA-SHA3-256_signed-by_RSA-SHA256,ECDSA-SHA3-256_signed-by_RSA-SHA256,13.234,2765.52,1719.16,1,14,0.736842,118.632,24,2149.43,2134.86,1789,1786
1,2,51,ECDSA-SHA3-256_signed-by_RSA-SHA256,ECDSA-SHA3-256_signed-by_RSA-SHA256,10.807,3387.38,1859.5,0.777778,10,0.555556,160.222,24,2109.66,2119.76,1790,1786
1,7,58,ECDSA-SHA3-256_signed-by_RSA-SHA256,ECDSA-SHA3-256_signed-by_RSA-SHA256,11.041,3315.58,1934.57,0.823529,9,0.529412,110.941,16,2161.44,2121.26,1790,1786
1,5,56,ECDSA-SHA3-256_signed-by_RSA-SHA256,ECDSA-SHA3-256_signed-by_RSA-SHA256,11.019,3320.78,1202.28,1,0,0,122.364,15,2141.99,2131.97,1788,1786
1,8,55,ECDSA-SHA3-256_signed-by_RSA-SHA256,ECDSA-SHA3-256_signed-by_RSA-SHA256,11.054,3310.99,1175.31,1,0,0,130.8,16,2151.55,2113.06,1790,1785
1,6,61,ECDSA-SHA3-256_signed-by_RSA-SHA256,ECDSA-SHA3-256_signed-by_RSA-SHA256,15.883,2304.76,1129.21,1,8,0.533333,124.133,9,2155.68,2128.06,1790,1786
1,2,52,ECDSA-SHA3-256_signed-by_RSA-SHA256,ECDSA-SHA3-256_signed-by_RSA-SHA256,11.991,3052.91,1495.76,1,8,0.533333,115.867,24,2144.78,2110.12,1790,1786
1,7,59,ECDSA-SHA3-256_signed-by_RSA-SHA256,ECDSA-SHA3-256_signed-by_RSA-SHA256,11.589,3158.8,1634.63,1,11,0.846154,153.077,16,2157.2,2131.1,1790,1786
1,3,54,ECDSA-SHA3-256_signed-by_RSA-SHA256,ECDSA-SHA3-256_signed-by_RSA-SHA256,15.358,2383.04,1633.49,1,23,1.35294,169.059,24,2202.69,2104.78,1789,1786
1,8,56,ECDSA-SHA3-256_signed-by_RSA-SHA256,ECDSA-SHA3-256_signed-by_RSA-SHA256,10.234,3576.3,1499.31,1,7,0.5,112.857,16,2149.28,2135.21,1790,1785
1,5,57,ECDSA-SHA3-256_signed-by_RSA-SHA256,ECDSA-SHA3-256_signed-by_RSA-SHA256,11.701,3127.22,2123.56,0.863636,21,0.954545,109.636,15,2169.94,2131.58,1788,1786
1,6,62,ECDSA-SHA3-256_signed-by_RSA-SHA256,ECDSA-SHA3-256_signed-by_RSA-SHA256,10.877,3365.61,1654.86,1,7,0.466667,124.133,9,2145.83,2125.67,1790,1786
1,2,53,ECDSA-SHA3-256_signed-by_RSA-SHA256,ECDSA-SHA3-256_signed-by_RSA-SHA256,10.827,3381.16,1223.6,1,0,0,122.364,24,2167.65,2124.78,1790,1786
1,3,55,ECDSA-SHA3-256_signed-by_RSA-SHA256,ECDSA-SHA3-256_signed-by_RSA-SHA256,10.717,3415.11,1236.16,0.909091,0,0,131.455,24,2172.69,2104.71,1789,1786
1,8,57,ECDSA-SHA3-256_signed-by_RSA-SHA256,ECDSA-SHA3-256_signed-by_RSA-SHA256,8.832,4143.6,1470.86,0.1,0,0,130.8,16,2149.88,2134.22,1790,1785
1,5,58,ECDSA-SHA3-256_signed-by_RSA-SHA256,ECDSA-SHA3-256_signed-by_RSA-SHA256,8.791,4162.01,1477.72,0.3,0,0,130.8,15,2114.89,2212.46,1788,1786
1,2,54,ECDSA-SHA3-256_signed-by_RSA-SHA256,ECDSA-SHA3-256_signed-by_RSA-SHA256,7.457,4908.72,1742.08,0.3,0,0,130.8,24,2130.34,2197.54,1790,1786
1,6,63,ECDSA-SHA3-256_signed-by_RSA-SHA256,ECDSA-SHA3-256_signed-by_RSA-SHA256,9.91,3694.03,1310.99,0.3,0,0,140.8,9,2158.75,2133.91,1790,1786
1,7,60,ECDSA-SHA3-256_signed-by_RSA-SHA256,ECDSA-SHA3-256_signed-by_RSA-SHA256,19.125,1914.06,937.788,1,8,0.533333,115.867,16,2163.09,2115.98,1790,1786
1,8,58,ECDSA-SHA3-256_signed-by_RSA-SHA256,ECDSA-SHA3-256_signed-by_RSA-SHA256,8.088,4524.79,1637.82,0.818182,0,0,122.364,16,2135.38,2150.6,1790,1785
1,3,56,ECDSA-SHA3-256_signed-by_RSA-SHA256,ECDSA-SHA3-256_signed-by_RSA-SHA256,12.899,2837.36,1557.91,0.5,14,0.777778,117.111,24,2164.98,2122.96,1789,1786
1,5,59,ECDSA-SHA3-256_signed-by_RSA-SHA256,ECDSA-SHA3-256_signed-by_RSA-SHA256,11.049,3311.75,1605.92,0.428571,7,0.5,121.429,15,2157.09,2118.96,1788,1786
1,2,55,ECDSA-SHA3-256_signed-by_RSA-SHA256,ECDSA-SHA3-256_signed-by_RSA-SHA256,11.315,3235.31,1148.2,0.6,0,0,130.8,24,2131.33,2134.85,1790,1786
1,6,64,ECDSA-SHA3-256_signed-by_RSA-SHA256,ECDSA-SHA3-256_signed-by_RSA-SHA256,11.364,3221.37,1143.25,1,0,0,140.8,9,2156.83,2108.12,1790,1786
1,7,61,ECDSA-SHA3-256_signed-by_RSA-SHA256,ECDSA-SHA3-256_signed-by_RSA-SHA256,11.417,3206.42,1160.36,1,0,0,135.455,16,2140.92,2112.18,1790,1786
1,3,57,ECDSA-SHA3-256_signed-by_RSA-SHA256,ECDSA-SHA3-256_signed-by_RSA-SHA256,9.379,3901.96,1412.38,0.727273,0,0,131.455,24,2157.1,2130.4,1789,1786
1,8,59,ECDSA-SHA3-256_signed-by_RSA-SHA256,ECDSA-SHA3-256_signed-by_RSA-SHA256,12.431,2944.19,1065.7,1,0,0,118,16,2149.23,2270.41,1790,1785
1,5,60,ECDSA-SHA3-256_signed-by_RSA-SHA256,ECDSA-SHA3-256_signed-by_RSA-SHA256,9.647,3792.73,1839.15,1,7,0.5,121.429,15,2143.12,2113.72,1788,1786
1,6,65,ECDSA-SHA3-256_signed-by_RSA-SHA256,ECDSA-SHA3-256_signed-by_RSA-SHA256,9.927,3687.35,1308.62,1,0,0,140.8,9,2175.01,2143.81,1790,1786
1,2,56,ECDSA-SHA3-256_signed-by_RSA-SHA256,ECDSA-SHA3-256_signed-by_RSA-SHA256,13.52,2707.63,1415.35,1,16,1.14286,144.857,24,2141.31,2206.05,1790,1786
1,7,62,ECDSA-SHA3-256_signed-by_RSA-SHA256,ECDSA-SHA3-256_signed-by_RSA-SHA256,13.938,2626.41,1460.14,1,14,0.736842,105.789,16,2142.26,2179.49,1790,1786
1,3,58,ECDSA-SHA3-256_signed-by_RSA-SHA256,ECDSA-SHA3-256_signed-by_RSA-SHA256,13.263,2759.49,1896.36,1,26,1.52941,169.059,24,2181.37,2134.81,1789,1786
1,8,60,ECDSA-SHA3-256_signed-by_RSA-SHA256,ECDSA-SHA3-256_signed-by_RSA-SHA256,12.174,3006.37,1478.54,1,7,0.466667,115.867,16,2132.84,2124.04,1790,1785
1,6,66,ECDSA-SHA3-256_signed-by_RSA-SHA256,ECDSA-SHA3-256_signed-by_RSA-SHA256,10.088,3628.53,2255.14,1,14,0.736842,118.632,9,2167.82,2161.88,1790,1786
1,5,61,ECDSA-SHA3-256_signed-by_RSA-SHA256,ECDSA-SHA3-256_signed-by_RSA-SHA256,13.298,2751.65,1348.75,1,8,0.533333,115.867,15,2170.01,2096.14,1788,1786
1,8,61,ECDSA-SHA3-256_signed-by_RSA-SHA256,ECDSA-SHA3-256_signed-by_RSA-SHA256,7.536,4856.26,1787.53,0.923077,0,0,105.077,16,2215.83,2125.66,1790,1785
1,6,67,ECDSA-SHA3-256_signed-by_RSA-SHA256,ECDSA-SHA3-256_signed-by_RSA-SHA256,9.002,4066.54,1523.17,1,1,0.0909091,133.273,9,2135.5,2262.14,1790,1786
1,5,62,ECDSA-SHA3-256_signed-by_RSA-SHA256,ECDSA-SHA3-256_signed-by_RSA-SHA256,10.906,3355.05,1447.94,1,14,0.875,103.5,15,2175.68,2105.14,1788,1786
1,7,63,ECDSA-SHA3-256_signed-by_RSA-SHA256,ECDSA-SHA3-256_signed-by_RSA-SHA256,18.357,1994.22,1249.87,1,15,0.75,107.2,16,2154.09,2133.52,1790,1786
1,8,62,ECDSA-SHA3-256_signed-by_RSA-SHA256,ECDSA-SHA3-256_signed-by_RSA-SHA256,10.957,3340.2,1728.87,1,15,1.15385,153.077,16,2125.45,2124.97,1790,1785
1,6,68,ECDSA-SHA3-256_signed-by_RSA-SHA256,ECDSA-SHA3-256_signed-by_RSA-SHA256,10.179,3596.09,1326.53,1,0,0,123.667,9,2156.4,2095.29,1790,1786
1,3,59,ECDSA-SHA3-256_signed-by_RSA-SHA256,ECDSA-SHA3-256_signed-by_RSA-SHA256,22.617,1618.22,1866.88,1,62,1.67568,357.676,24,2144.75,2128.37,1789,1786
1,7,64,ECDSA-SHA3-256_signed-by_RSA-SHA256,ECDSA-SHA3-256_signed-by_RSA-SHA256,8.096,4521.33,1895.09,0.928571,7,0.5,112.857,16,2146.43,2127.66,1790,1786
1,5,63,ECDSA-SHA3-256_signed-by_RSA-SHA256,ECDSA-SHA3-256_signed-by_RSA-SHA256,10.079,3630.23,1522.25,0.928571,5,0.357143,113.714,15,2144.45,2095.28,1788,1786
1,6,69,ECDSA-SHA3-256_signed-by_RSA-SHA256,ECDSA-SHA3-256_signed-by_RSA-SHA256,7.583,4827.23,1727.93,0.727273,0,0,131.091,9,2141.63,2169.12,1790,1786
1,8,63,ECDSA-SHA3-256_signed-by_RSA-SHA256,ECDSA-SHA3-256_signed-by_RSA-SHA256,11.728,3120.73,1362.89,0.882353,5,0.294118,166,16,2140.41,2118.13,1790,1785
1,7,65,ECDSA-SHA3-256_signed-by_RSA-SHA256,ECDSA-SHA3-256_signed-by_RSA-SHA256,9.732,3761.27,1334.86,0.5,0,0,130.8,16,2164.53,2128.76,1790,1786
1,5,64,ECDSA-SHA3-256_signed-by_RSA-SHA256,ECDSA-SHA3-256_signed-by_RSA-SHA256,10.147,3605.87,1512.04,0.571429,3,0.214286,178,15,2187.06,2137.69,1788,1786
1,3,60,ECDSA-SHA3-256_signed-by_RSA-SHA256,ECDSA-SHA3-256_signed-by_RSA-SHA256,12.24,2990.19,1547.71,0.615385,11,0.846154,165.692,24,2138.77,2152.01,1789,1786
1,6,70,ECDSA-SHA3-256_signed-by_RSA-SHA256,ECDSA-SHA3-256_signed-by_RSA-SHA256,10.526,3477.58,1282.82,0.25,0,0,119.667,9,2156.76,2134.18,1790,1786
1,8,64,ECDSA-SHA3-256_signed-by_RSA-SHA256,ECDSA-SHA3-256_signed-by_RSA-SHA256,9.196,3979.68,1929.38,0.214286,7,0.5,130.286,16,2169.27,2102.26,1790,1785
1,7,66,ECDSA-SHA3-256_signed-by_RSA-SHA256,ECDSA-SHA3-256_signed-by_RSA-SHA256,8.818,4151.19,1473.24,0.3,0,0,130.8,16,2142.85,2093.65,1790,1786
1,5,65,ECDSA-SHA3-256_signed-by_RSA-SHA256,ECDSA-SHA3-256_signed-by_RSA-SHA256,8.774,4170.17,1480.62,0,0,0,130.8,15,2125.58,2166.81,1788,1786
1,3,61,ECDSA-SHA3-256_signed-by_RSA-SHA256,ECDSA-SHA3-256_signed-by_RSA-SHA256,9.452,3871.89,1374.41,0,0,0,140.8,24,2146.64,2113.04,1789,1786
1,8,65,ECDSA-SHA3-256_signed-by_RSA-SHA256,ECDSA-SHA3-256_signed-by_RSA-SHA256,7.175,5100.63,1810.58,0.6,0,0,140.8,16,2153.15,2131.38,1790,1785
1,6,71,ECDSA-SHA3-256_signed-by_RSA-SHA256,ECDSA-SHA3-256_signed-by_RSA-SHA256,8.832,4144.6,1499.88,0.909091,0,0,127.091,9,2148.3,2143.12,1790,1786
1,7,67,ECDSA-SHA3-256_signed-by_RSA-SHA256,ECDSA-SHA3-256_signed-by_RSA-SHA256,8.61,4251.47,1834.01,1,14,0.875,106.5,16,2168.02,2136.68,1790,1786
1,5,66,ECDSA-SHA3-256_signed-by_RSA-SHA256,ECDSA-SHA3-256_signed-by_RSA-SHA256,8.501,4304.1,1665.56,1,8,0.615385,110.615,15,2151.41,2142.03,1788,1786
1,8,66,ECDSA-SHA3-256_signed-by_RSA-SHA256,ECDSA-SHA3-256_signed-by_RSA-SHA256,9.859,3712.01,1343.63,0.909091,0,0,131.455,16,2127.23,2169.43,1790,1785
1,7,68,ECDSA-SHA3-256_signed-by_RSA-SHA256,ECDSA-SHA3-256_signed-by_RSA-SHA256,7.758,4718.29,1952.89,0,0,0,124.154,16,2146.25,2115.01,1790,1786
1,3,62,ECDSA-SHA3-256_signed-by_RSA-SHA256,ECDSA-SHA3-256_signed-by_RSA-SHA256,14.355,2549.59,1333.03,1,12,0.857143,156.571,24,2130.64,2138.3,1789,1786
1,6,72,ECDSA-SHA3-256_signed-by_RSA-SHA256,ECDSA-SHA3-256_signed-by_RSA-SHA256,11.152,3282.35,1164.89,0.6,0,0,140.8,9,2169.63,2105.52,1790,1786
1,5,67,ECDSA-SHA3-256_signed-by_RSA-SHA256,ECDSA-SHA3-256_signed-by_RSA-SHA256,8.811,4152.61,1719.51,0,0,0,188.769,15,2141.35,2105.98,1788,1786
1,8,67,ECDSA-SHA3-256_signed-by_RSA-SHA256,ECDSA-SHA3-256_signed-by_RSA-SHA256,6.29,5818.3,2095.86,1,5,0.454545,131.455,16,2137.77,2132.78,1790,1785
1,7,69,ECDSA-SHA3-256_signed-by_RSA-SHA256,ECDSA-SHA3-256_signed-by_RSA-SHA256,6.545,5592.84,2043.54,1,8,0.666667,115.333,16,2199.93,2123.03,1790,1786
1,6,73,ECDSA-SHA3-256_signed-by_RSA-SHA256,ECDSA-SHA3-256_signed-by_RSA-SHA256,9.561,3828.59,1424.01,1,0,0,113.077,9,2141.45,2121.66,1790,1786
1,5,68,ECDSA-SHA3-256_signed-by_RSA-SHA256,ECDSA-SHA3-256_signed-by_RSA-SHA256,10.125,3613.72,1896.13,1,11,0.785714,141.429,15,2144.86,2140.97,1788,1786
1,7,70,ECDSA-SHA3-256_signed-by_RSA-SHA256,ECDSA-SHA3-256_signed-by_RSA-SHA256,7.393,4951.3,2083.96,0.714286,0,0,180.571,16,2212.66,2125.14,1790,1786
1,3,63,ECDSA-SHA3-256_signed-by_RSA-SHA256,ECDSA-SHA3-256_signed-by_RSA-SHA256,17.672,2071.01,1309.15,1,16,0.761905,130.952,24,2121.7,2125.4,1789,1786
1,6,74,ECDSA-SHA3-256_signed-by_RSA-SHA256,ECDSA-SHA3-256_signed-by_RSA-SHA256,8.804,4157.73,1689.99,0.642857,5,0.357143,112.571,9,2163.47,2118.76,1790,1786
1,8,68,ECDSA-SHA3-256_signed-by_RSA-SHA256,ECDSA-SHA3-256_signed-by_RSA-SHA256,14.848,2464.93,1257.52,0.6,10,0.5,149.6,16,2211.36,2111.39,1790,1785
1,7,71,ECDSA-SHA3-256_signed-by_RSA-SHA256,ECDSA-SHA3-256_signed-by_RSA-SHA256,9.851,3715.79,1338.21,0.818182,5,0.454545,143.091,16,2147.7,2147.91,1790,1786
1,5,69,ECDSA-SHA3-256_signed-by_RSA-SHA256,ECDSA-SHA3-256_signed-by_RSA-SHA256,15.282,2394.36,1273.09,1,11,0.733333,137.733,15,2144.63,2162.65,1788,1786
1,3,64,ECDSA-SHA3-256_signed-by_RSA-SHA256,ECDSA-SHA3-256_signed-by_RSA-SHA256,11.147,3283.36,1165.5,1,0,0,140.8,24,2151.3,2107.89,1789,1786
1,2,57,ECDSA-SHA3-256_signed-by_RSA-SHA256,ECDSA-SHA3-256_signed-by_RSA-SHA256,94.249,388.415,271.788,1,21,0.807692,139.692,24,2148.62,2123.35,1790,1786
1,6,75,ECDSA-SHA3-256_signed-by_RSA-SHA256,ECDSA-SHA3-256_signed-by_RSA-SHA256,13.135,2786.99,989.09,1,0,0,140.8,9,2173.83,2136.16,1790,1786
1,8,69,ECDSA-SHA3-256_signed-by_RSA-SHA256,ECDSA-SHA3-256_signed-by_RSA-SHA256,13.989,2616.28,928.706,1,0,0,170.8,16,2127.29,2164.28,1790,1785
1,7,72,ECDSA-SHA3-256_signed-by_RSA-SHA256,ECDSA-SHA3-256_signed-by_RSA-SHA256,12.65,2893.89,1253.43,0.8125,3,0.1875,190.75,16,2153.11,2113.75,1790,1786
1,5,70,ECDSA-SHA3-256_signed-by_RSA-SHA256,ECDSA-SHA3-256_signed-by_RSA-SHA256,12.345,2964.11,1919.48,1,18,1.05882,140.118,15,2133.63,2134.13,1788,1786
1,3,65,ECDSA-SHA3-256_signed-by_RSA-SHA256,ECDSA-SHA3-256_signed-by_RSA-SHA256,12.251,2987.49,1081.38,1,0,0,131.455,24,2157.82,2116.93,1789,1786
1,6,76,ECDSA-SHA3-256_signed-by_RSA-SHA256,ECDSA-SHA3-256_signed-by_RSA-SHA256,10.56,3466.35,1254.43,1,4,0.363636,131.455,9,2154.87,2151.2,1790,1786
1,2,58,ECDSA-SHA3-256_signed-by_RSA-SHA256,ECDSA-SHA3-256_signed-by_RSA-SHA256,14.076,2600.7,1278.75,1,7,0.466667,115.867,24,2119.44,2132.56,1790,1786
1,7,73,ECDSA-SHA3-256_signed-by_RSA-SHA256,ECDSA-SHA3-256_signed-by_RSA-SHA256,10.021,3652.8,1393.75,1,1,0.0833333,136,16,2162.89,2115.84,1790,1786
1,5,71,ECDSA-SHA3-256_signed-by_RSA-SHA256,ECDSA-SHA3-256_signed-by_RSA-SHA256,10.144,3606.93,1892.57,1,11,0.785714,144.857,15,2133.48,2124.45,1788,1786
1,3,66,ECDSA-SHA3-256_signed-by_RSA-SHA256,ECDSA-SHA3-256_signed-by_RSA-SHA256,13.592,2692.73,1393.75,1,11,0.846154,165.692,24,2145.64,2130.61,1789,1786
1,8,70,ECDSA-SHA3-256_signed-by_RSA-SHA256,ECDSA-SHA3-256_signed-by_RSA-SHA256,23.002,1591.1,1443.29,1,32,1.28,134.16,16,2209.81,2141.11,1790,1785
1,2,59,ECDSA-SHA3-256_signed-by_RSA-SHA256,ECDSA-SHA3-256_signed-by_RSA-SHA256,13.518,2708.08,980.023,0.727273,0,0,122.364,24,2166.56,2125.36,1790,1786
1,6,77,ECDSA-SHA3-256_signed-by_RSA-SHA256,ECDSA-SHA3-256_signed-by_RSA-SHA256,16.239,2254.29,1456.23,1,21,1,257.81,9,2173.97,2122.83,1790,1786
1,7,74,ECDSA-SHA3-256_signed-by_RSA-SHA256,ECDSA-SHA3-256_signed-by_RSA-SHA256,14.024,2610.36,1350.82,1,11,0.846154,181.692,16,2301.8,2126.63,1790,1786
1,5,72,ECDSA-SHA3-256_signed-by_RSA-SHA256,ECDSA-SHA3-256_signed-by_RSA-SHA256,12.161,3008.75,1455.04,0.5,14,0.777778,103.556,15,2171.61,2098.39,1788,1786
1,3,67,ECDSA-SHA3-256_signed-by_RSA-SHA256,ECDSA-SHA3-256_signed-by_RSA-SHA256,10.987,3330.95,1205.69,1,0,0,131.455,24,2206.31,2112,1789,1786
1,8,71,ECDSA-SHA3-256_signed-by_RSA-SHA256,ECDSA-SHA3-256_signed-by_RSA-SHA256,11.243,3255.1,1787.28,0.666667,14,0.777778,117.111,16,2124,2113.04,1790,1785
1,2,60,ECDSA-SHA3-256_signed-by_RSA-SHA256,ECDSA-SHA3-256_signed-by_RSA-SHA256,11.236,3257.84,1156.19,1,0,0,130.8,24,2136.87,2118.05,1790,1786
1,6,78,ECDSA-SHA3-256_signed-by_RSA-SHA256,ECDSA-SHA3-256_signed-by_RSA-SHA256,10.385,3524.81,1250.94,1,0,0,140.8,9,2142.1,2147.71,1790,1786
1,7,75,ECDSA-SHA3-256_signed-by_RSA-SHA256,ECDSA-SHA3-256_signed-by_RSA-SHA256,10.358,3534.01,1254.2,1,4,0.4,246,16,2155.86,2101.54,1790,1786
1,5,73,ECDSA-SHA3-256_signed-by_RSA-SHA256,ECDSA-SHA3-256_signed-by_RSA-SHA256,10.754,3402.38,1249.67,1,5,0.416667,115.333,15,2144.15,2140.6,1788,1786
1,3,68,ECDSA-SHA3-256_signed-by_RSA-SHA256,ECDSA-SHA3-256_signed-by_RSA-SHA256,9.01,4061.84,1441.84,1,0,0,140.8,24,2157.22,2113.24,1789,1786
1,2,61,ECDSA-SHA3-256_signed-by_RSA-SHA256,ECDSA-SHA3-256_signed-by_RSA-SHA256,6.906,5300.44,1881.1,1,0,0,130.8,24,2143.29,2143.31,1790,1786
1,6,79,ECDSA-SHA3-256_signed-by_RSA-SHA256,ECDSA-SHA3-256_signed-by_RSA-SHA256,12.362,2961.29,1982.82,0.833333,10,0.555556,122.889,9,2147.52,2146.65,1790,1786
1,7,76,ECDSA-SHA3-256_signed-by_RSA-SHA256,ECDSA-SHA3-256_signed-by_RSA-SHA256,12.722,2877.47,1241.29,1,4,0.25,165.75,16,2140.2,2128.46,1790,1786
1,8,72,ECDSA-SHA3-256_signed-by_RSA-SHA256,ECDSA-SHA3-256_signed-by_RSA-SHA256,16.487,2219.87,1521.64,1,23,1.35294,169.059,16,2144.49,2100.53,1790,1785
1,3,69,ECDSA-SHA3-256_signed-by_RSA-SHA256,ECDSA-SHA3-256_signed-by_RSA-SHA256,10.84,3376.37,1233.94,1,8,0.666667,123.667,24,2156.31,2130.97,1789,1786
1,2,62,ECDSA-SHA3-256_signed-by_RSA-SHA256,ECDSA-SHA3-256_signed-by_RSA-SHA256,12.633,2897.77,1234.84,0.8,7,0.466667,107.867,24,2183.71,2125.1,1790,1786
1,5,74,ECDSA-SHA3-256_signed-by_RSA-SHA256,ECDSA-SHA3-256_signed-by_RSA-SHA256,16.979,2155.06,914.98,1,4,0.266667,183.067,15,2160.25,2122.86,1788,1786
1,6,80,ECDSA-SHA3-256_signed-by_RSA-SHA256,ECDSA-SHA3-256_signed-by_RSA-SHA256,11.983,3054.97,1602.26,1,11,0.785714,156.571,9,2161.76,2150.73,1790,1786
1,7,77,ECDSA-SHA3-256_signed-by_RSA-SHA256,ECDSA-SHA3-256_signed-by_RSA-SHA256,12.642,2895.7,1047.92,1,0,0,143.091,17,2151.08,2121.66,1790,1786
1,8,73,ECDSA-SHA3-256_signed-by_RSA-SHA256,ECDSA-SHA3-256_signed-by_RSA-SHA256,12.363,2960.39,1435.22,1,7,0.5,130.286,16,2152.07,2131.67,1790,1785
1,3,70,ECDSA-SHA3-256_signed-by_RSA-SHA256,ECDSA-SHA3-256_signed-by_RSA-SHA256,14.397,2542.12,1087.97,1,0,0,183.067,24,2123.54,2101.62,1789,1786
1,5,75,ECDSA-SHA3-256_signed-by_RSA-SHA256,ECDSA-SHA3-256_signed-by_RSA-SHA256,12.132,3016.1,1483.65,0.933333,7,0.466667,124.133,15,2139.17,2131.82,1788,1786
1,2,63,ECDSA-SHA3-256_signed-by_RSA-SHA256,ECDSA-SHA3-256_signed-by_RSA-SHA256,14.312,2557.78,1571.78,1,14,0.777778,117.556,24,2193.53,2120.02,1790,1786
1,6,81,ECDSA-SHA3-256_signed-by_RSA-SHA256,ECDSA-SHA3-256_signed-by_RSA-SHA256,10.907,3356.35,1257.17,1,1,0.0909091,133.273,9,2170.91,2120.93,1790,1786
1,7,78,ECDSA-SHA3-256_signed-by_RSA-SHA256,ECDSA-SHA3-256_signed-by_RSA-SHA256,11.425,3204.17,1137.15,1,0,0,153.6,17,2150.95,2096.13,1790,1786
1,3,71,ECDSA-SHA3-256_signed-by_RSA-SHA256,ECDSA-SHA3-256_signed-by_RSA-SHA256,10.572,3461.93,1228.89,1,0,0,182.8,24,2160.25,2132.66,1789,1786
1,8,74,ECDSA-SHA3-256_signed-by_RSA-SHA256,ECDSA-SHA3-256_signed-by_RSA-SHA256,15.164,2413.52,1875.95,0.952381,25,1.19048,141.048,16,2148.68,2132.3,1790,1785
1,2,64,ECDSA-SHA3-256_signed-by_RSA-SHA256,ECDSA-SHA3-256_signed-by_RSA-SHA256,10.701,3420.94,1682.06,0.4,7,0.466667,115.867,24,2135.26,2108.16,1790,1786
1,6,82,ECDSA-SHA3-256_signed-by_RSA-SHA256,ECDSA-SHA3-256_signed-by_RSA-SHA256,11.43,3202.76,1136.64,0.8,0,0,140.8,9,2147.28,2146.49,1790,1786
1,5,76,ECDSA-SHA3-256_signed-by_RSA-SHA256,ECDSA-SHA3-256_signed-by_RSA-SHA256,16.158,2264.56,1184.27,1,12,0.857143,156.571,15,2153.28,2247.65,1788,1786
1,7,79,ECDSA-SHA3-256_signed-by_RSA-SHA256,ECDSA-SHA3-256_signed-by_RSA-SHA256,10.807,3387.13,1202.07,0.5,0,0,153.6,17,2315.48,2122.17,1790,1786
1,3,72,ECDSA-SHA3-256_signed-by_RSA-SHA256,ECDSA-SHA3-256_signed-by_RSA-SHA256,13.332,2745.25,993.689,1,0,0,131.455,24,2152,2111.1,1789,1786
1,4,0,ECDSA-SHA3-256_signed-by_RSA-SHA256,ECDSA-SHA3-256_signed-by_RSA-SHA256,1023.18,35.7707,13.0885,1,5,0.263158,143.684,24,2174.34,2175.18,1789,1786
1,8,75,ECDSA-SHA3-256_signed-by_RSA-SHA256,ECDSA-SHA3-256_signed-by_RSA-SHA256,18.644,1963.03,696.824,1,0,0,140.8,16,2122.84,2146.2,1790,1785
1,2,65,ECDSA-SHA3-256_signed-by_RSA-SHA256,ECDSA-SHA3-256_signed-by_RSA-SHA256,18.59,1969.17,1019.01,1,11,0.846154,153.077,24,2180.62,2100.7,1790,1786
1,6,83,ECDSA-SHA3-256_signed-by_RSA-SHA256,ECDSA-SHA3-256_signed-by_RSA-SHA256,16.505,2217.94,874.38,1,2,0.166667,143,9,2141.77,2098.21,1790,1786
1,5,77,ECDSA-SHA3-256_signed-by_RSA-SHA256,ECDSA-SHA3-256_signed-by_RSA-SHA256,16.478,2220.6,800.075,1,5,0.454545,131.455,15,2149.84,2131.51,1788,1786
1,7,80,ECDSA-SHA3-256_signed-by_RSA-SHA256,ECDSA-SHA3-256_signed-by_RSA-SHA256,20.167,1815.17,1351.06,1,29,1.45,167.6,17,2152.24,2131.62,1790,1786
1,3,73,ECDSA-SHA3-256_signed-by_RSA-SHA256,ECDSA-SHA3-256_signed-by_RSA-SHA256,16.039,2281.89,1197.05,1,11,0.785714,156.571,24,2149.84,2131.69,1789,1786
1,4,1,ECDSA-SHA3-256_signed-by_RSA-SHA256,ECDSA-SHA3-256_signed-by_RSA-SHA256,12.796,2860.23,1050.31,1,7,0.583333,134.333,24,2165.41,2124.86,1789,1786
1,8,76,ECDSA-SHA3-256_signed-by_RSA-SHA256,ECDSA-SHA3-256_signed-by_RSA-SHA256,12.444,2941.16,1044.03,1,4,0.4,235.2,16,2152.92,2127.25,1790,1785
1,2,66,ECDSA-SHA3-256_signed-by_RSA-SHA256,ECDSA-SHA3-256_signed-by_RSA-SHA256,11.61,3153.14,1135.57,1,5,0.454545,124.545,24,2147.66,2126.36,1790,1786
1,6,84,ECDSA-SHA3-256_signed-by_RSA-SHA256,ECDSA-SHA3-256_signed-by_RSA-SHA256,12.302,2975.74,1085.99,1,0,0,123.333,9,2172.98,2123.65,1790,1786
1,7,81,ECDSA-SHA3-256_signed-by_RSA-SHA256,ECDSA-SHA3-256_signed-by_RSA-SHA256,13.09,2796.53,1046.26,1,5,0.384615,122,17,2158.27,2103.75,1790,1786
1,4,2,ECDSA-SHA3-256_signed-by_RSA-SHA256,ECDSA-SHA3-256_signed-by_RSA-SHA256,9.884,3702.9,1532.96,1,0,0,138.923,24,2144.23,2118.84,1789,1786
1,3,74,ECDSA-SHA3-256_signed-by_RSA-SHA256,ECDSA-SHA3-256_signed-by_RSA-SHA256,13.579,2695.24,1413.9,1,14,1,153.143,24,2145,2092.7,1789,1786
1,6,85,ECDSA-SHA3-256_signed-by_RSA-SHA256,ECDSA-SHA3-256_signed-by_RSA-SHA256,14.336,2553.48,906.217,1,0,0,140.8,9,2167.27,2136.84,1790,1786
1,5,78,ECDSA-SHA3-256_signed-by_RSA-SHA256,ECDSA-SHA3-256_signed-by_RSA-SHA256,26.517,1379.91,901.437,1,21,0.954545,209.636,15,2141.52,2123.46,1788,1786
1,2,67,ECDSA-SHA3-256_signed-by_RSA-SHA256,ECDSA-SHA3-256_signed-by_RSA-SHA256,20.111,1820.29,999.249,1,10,0.555556,160.222,24,2175.42,2118.76,1790,1786
1,8,77,ECDSA-SHA3-256_signed-by_RSA-SHA256,ECDSA-SHA3-256_signed-by_RSA-SHA256,22.23,1646.4,1739.6,1,51,1.5,227.647,16,2153.35,2131.02,1790,1785
1,7,82,ECDSA-SHA3-256_signed-by_RSA-SHA256,ECDSA-SHA3-256_signed-by_RSA-SHA256,14.489,2526.54,1013.71,1,3,0.230769,218,17,2160.44,2116.07,1790,1786
1,3,75,ECDSA-SHA3-256_signed-by_RSA-SHA256,ECDSA-SHA3-256_signed-by_RSA-SHA256,17.28,2117.99,861.086,1,2,0.142857,164.571,24,2282.93,2129.14,1789,1786
1,6,86,ECDSA-SHA3-256_signed-by_RSA-SHA256,ECDSA-SHA3-256_signed-by_RSA-SHA256,12.803,2859.29,1034.74,1,0,0,131.455,10,2140.05,2136.08,1790,1786
1,5,79,ECDSA-SHA3-256_signed-by_RSA-SHA256,ECDSA-SHA3-256_signed-by_RSA-SHA256,13.092,2794.96,992.35,1,0,0,134.4,15,2144.44,2142.92,1788,1786
1,2,68,ECDSA-SHA3-256_signed-by_RSA-SHA256,ECDSA-SHA3-256_signed-by_RSA-SHA256,12.793,2861.52,1015.54,1,0,0,130.8,24,2150.73,2129.74,1790,1786
1,8,78,ECDSA-SHA3-256_signed-by_RSA-SHA256,ECDSA-SHA3-256_signed-by_RSA-SHA256,12.215,2996.3,1063.61,1,0,0,153.6,16,2132.7,2145.24,1790,1785
1,4,3,ECDSA-SHA3-256_signed-by_RSA-SHA256,ECDSA-SHA3-256_signed-by_RSA-SHA256,25.681,1425.16,1161.93,1,36,1.71429,230.19,24,2151.53,2105.15,1789,1786
1,7,83,ECDSA-SHA3-256_signed-by_RSA-SHA256,ECDSA-SHA3-256_signed-by_RSA-SHA256,13.117,2790.86,1952.87,1,24,1.04348,220.609,17,2140.24,2101.72,1790,1786
1,3,76,ECDSA-SHA3-256_signed-by_RSA-SHA256,ECDSA-SHA3-256_signed-by_RSA-SHA256,11.536,3172.63,1538.12,1,7,0.5,130.286,24,2192.43,2137.16,1789,1786
1,6,87,ECDSA-SHA3-256_signed-by_RSA-SHA256,ECDSA-SHA3-256_signed-by_RSA-SHA256,13.544,2702.81,978.114,1,0,0,131.455,10,2173.36,2149.99,1790,1786
1,2,69,ECDSA-SHA3-256_signed-by_RSA-SHA256,ECDSA-SHA3-256_signed-by_RSA-SHA256,12.094,3026.89,1074.23,0.9,0,0,140.8,24,2122.52,2122.74,1790,1786
1,8,79,ECDSA-SHA3-256_signed-by_RSA-SHA256,ECDSA-SHA3-256_signed-by_RSA-SHA256,12.914,2834.06,1188.14,1,7,0.5,123.143,16,2127.96,2128.56,1790,1785
1,7,84,ECDSA-SHA3-256_signed-by_RSA-SHA256,ECDSA-SHA3-256_signed-by_RSA-SHA256,13.453,2721.08,1686.4,1,21,1.10526,126.632,17,2137.01,2150.31,1790,1786
1,4,4,ECDSA-SHA3-256_signed-by_RSA-SHA256,ECDSA-SHA3-256_signed-by_RSA-SHA256,15.641,2339.9,1001.43,1,0,0,200.933,24,2139.24,2150.91,1789,1786
1,5,80,ECDSA-SHA3-256_signed-by_RSA-SHA256,ECDSA-SHA3-256_signed-by_RSA-SHA256,21.873,1672.9,866.075,1,11,0.846154,165.692,15,2149.77,2138.66,1788,1786
1,3,77,ECDSA-SHA3-256_signed-by_RSA-SHA256,ECDSA-SHA3-256_signed-by_RSA-SHA256,15.174,2411.92,1186.19,1,7,0.466667,124.133,24,2175.45,2132.68,1789,1786
1,6,88,ECDSA-SHA3-256_signed-by_RSA-SHA256,ECDSA-SHA3-256_signed-by_RSA-SHA256,14.397,2542.66,902.379,1,0,0,140.8,10,2169.34,2125.76,1790,1786
1,8,80,ECDSA-SHA3-256_signed-by_RSA-SHA256,ECDSA-SHA3-256_signed-by_RSA-SHA256,12,3049.94,1082.64,0,0,0,130.8,16,2143.6,2144.49,1790,1785
1,2,70,ECDSA-SHA3-256_signed-by_RSA-SHA256,ECDSA-SHA3-256_signed-by_RSA-SHA256,14.501,2524.44,1306.35,0.846154,11,0.846154,165.692,24,2206.26,2110.65,1790,1786
1,7,85,ECDSA-SHA3-256_signed-by_RSA-SHA256,ECDSA-SHA3-256_signed-by_RSA-SHA256,12.811,2857.48,1182.71,0.230769,0,0,226,17,2127.52,2123.74,1790,1786
1,4,5,ECDSA-SHA3-256_signed-by_RSA-SHA256,ECDSA-SHA3-256_signed-by_RSA-SHA256,12.391,2953.71,1048.49,0.4,0,0,153.6,24,2157.08,2145.58,1789,1786
1,5,81,ECDSA-SHA3-256_signed-by_RSA-SHA256,ECDSA-SHA3-256_signed-by_RSA-SHA256,12.493,2928.97,1039.93,1,0,0,139.6,15,2158.04,2137.51,1788,1786
1,3,78,ECDSA-SHA3-256_signed-by_RSA-SHA256,ECDSA-SHA3-256_signed-by_RSA-SHA256,11.11,3294.33,1398.38,1,8,0.533333,115.333,24,2142.55,2115.83,1789,1786
1,8,81,ECDSA-SHA3-256_signed-by_RSA-SHA256,ECDSA-SHA3-256_signed-by_RSA-SHA256,10.524,3477.76,1458,1,11,0.785714,112.857,16,2137.16,2150.18,1790,1785
1,3,79,ECDSA-SHA3-256_signed-by_RSA-SHA256,ECDSA-SHA3-256_signed-by_RSA-SHA256,9.068,4036.12,1540.34,1,5,0.416667,126.333,24,2149.72,2143.2,1789,1786
1,6,89,ECDSA-SHA3-256_signed-by_RSA-SHA256,ECDSA-SHA3-256_signed-by_RSA-SHA256,18.614,1966.59,1252.32,1,15,0.681818,105.636,10,2151.98,2124.3,1790,1786
1,2,71,ECDSA-SHA3-256_signed-by_RSA-SHA256,ECDSA-SHA3-256_signed-by_RSA-SHA256,19.92,1837.72,1227.29,1,16,0.727273,109.455,24,2150.64,2142.39,1790,1786
1,7,86,ECDSA-SHA3-256_signed-by_RSA-SHA256,ECDSA-SHA3-256_signed-by_RSA-SHA256,19.36,1890.88,1222.3,1,20,0.952381,119.143,17,2114.44,2113.95,1790,1786
1,6,90,ECDSA-SHA3-256_signed-by_RSA-SHA256,ECDSA-SHA3-256_signed-by_RSA-SHA256,10.398,3520.64,1249.46,1,0,0,140.8,10,2161.4,2107.69,1790,1786
1,8,82,ECDSA-SHA3-256_signed-by_RSA-SHA256,ECDSA-SHA3-256_signed-by_RSA-SHA256,16.956,2158.41,965.27,1,3,0.166667,166.444,16,2168.33,2205.06,1790,1785
1,2,72,ECDSA-SHA3-256_signed-by_RSA-SHA256,ECDSA-SHA3-256_signed-by_RSA-SHA256,10.864,3369.65,1237.11,0.833333,7,0.583333,123.667,24,2120.73,2118.68,1790,1786
1,5,82,ECDSA-SHA3-256_signed-by_RSA-SHA256,ECDSA-SHA3-256_signed-by_RSA-SHA256,27.875,1312.72,1286.31,1,29,1.20833,139,15,2166.47,2155.66,1788,1786
1,3,80,ECDSA-SHA3-256_signed-by_RSA-SHA256,ECDSA-SHA3-256_signed-by_RSA-SHA256,18.912,1935.19,1364.57,1,27,1.125,456.167,24,2172.88,2111.77,1789,1786
1,7,87,ECDSA-SHA3-256_signed-by_RSA-SHA256,ECDSA-SHA3-256_signed-by_RSA-SHA256,14.362,2548.9,1086.18,1,3,0.2,200.933,17,2152.82,2097.13,1790,1786
1,4,6,ECDSA-SHA3-256_signed-by_RSA-SHA256,ECDSA-SHA3-256_signed-by_RSA-SHA256,36.137,1012.79,1094.03,1,45,1.5,205.333,24,2180.61,2141.78,1789,1786
1,6,91,ECDSA-SHA3-256_signed-by_RSA-SHA256,ECDSA-SHA3-256_signed-by_RSA-SHA256,14.915,2454.35,871.035,1,0,0,140.8,10,2152.79,2115.8,1790,1786
1,8,83,ECDSA-SHA3-256_signed-by_RSA-SHA256,ECDSA-SHA3-256_signed-by_RSA-SHA256,15.002,2439.58,865.986,1,0,0,261.2,16,2142.09,2108.25,1790,1785
1,7,88,ECDSA-SHA3-256_signed-by_RSA-SHA256,ECDSA-SHA3-256_signed-by_RSA-SHA256,9.903,3696.64,1337.77,0.636364,0,0,143.091,17,2159.42,2125.25,1790,1786
1,3,81,ECDSA-SHA3-256_signed-by_RSA-SHA256,ECDSA-SHA3-256_signed-by_RSA-SHA256,15.205,2407,1262.69,1,11,0.785714,156.571,24,2144.3,2128.15,1789,1786
1,2,73,ECDSA-SHA3-256_signed-by_RSA-SHA256,ECDSA-SHA3-256_signed-by_RSA-SHA256,19.831,1845.91,1387.66,0.777778,21,0.777778,142.148,24,2239.67,2121.95,1790,1786
1,4,7,ECDSA-SHA3-256_signed-by_RSA-SHA256,ECDSA-SHA3-256_signed-by_RSA-SHA256,12.857,2846.63,1010.48,0.7,0,0,153.6,24,2159.56,2132.97,1789,1786
1,5,83,ECDSA-SHA3-256_signed-by_RSA-SHA256,ECDSA-SHA3-256_signed-by_RSA-SHA256,20.738,1764.47,818.583,1,12,1.09091,163.091,15,2166.29,2120.91,1788,1786
1,6,92,ECDSA-SHA3-256_signed-by_RSA-SHA256,ECDSA-SHA3-256_signed-by_RSA-SHA256,14.123,2592.02,919.894,0.4,0,0,142,10,2167.89,2299.7,1790,1786
1,8,84,ECDSA-SHA3-256_signed-by_RSA-SHA256,ECDSA-SHA3-256_signed-by_RSA-SHA256,18.419,1987.01,719.233,1,0,0,122.364,17,2146.39,2123.71,1790,1785
1,7,89,ECDSA-SHA3-256_signed-by_RSA-SHA256,ECDSA-SHA3-256_signed-by_RSA-SHA256,15.583,2349.18,833.712,1,0,0,153.6,17,2163.22,2126.83,1790,1786
1,3,82,ECDSA-SHA3-256_signed-by_RSA-SHA256,ECDSA-SHA3-256_signed-by_RSA-SHA256,17.423,2100.61,760.351,1,0,0,131.455,24,2140.7,2115.26,1789,1786
1,5,84,ECDSA-SHA3-256_signed-by_RSA-SHA256,ECDSA-SHA3-256_signed-by_RSA-SHA256,13.407,2729.32,1305.59,1,7,0.411765,163.176,15,2117.11,2134.07,1788,1786
1,6,93,ECDSA-SHA3-256_signed-by_RSA-SHA256,ECDSA-SHA3-256_signed-by_RSA-SHA256,12.486,2931.92,1517.22,1,11,0.846154,167.538,10,2154.54,2127.99,1790,1786
1,4,8,ECDSA-SHA3-256_signed-by_RSA-SHA256,ECDSA-SHA3-256_signed-by_RSA-SHA256,16.309,2244.12,1232.18,1,14,0.777778,126.889,24,2161.68,2103.97,1789,1786
1,2,74,ECDSA-SHA3-256_signed-by_RSA-SHA256,ECDSA-SHA3-256_signed-by_RSA-SHA256,20.626,1774.78,872.652,1,7,0.466667,124.133,24,2145.49,2128.08,1790,1786
1,7,90,ECDSA-SHA3-256_signed-by_RSA-SHA256,ECDSA-SHA3-256_signed-by_RSA-SHA256,16.557,2210.94,784.65,1,0,0,151.2,17,2203.66,2124.82,1790,1786
1,8,85,ECDSA-SHA3-256_signed-by_RSA-SHA256,ECDSA-SHA3-256_signed-by_RSA-SHA256,18.274,2002.76,1050.63,1,11,0.785714,144.857,17,2186.45,2111.27,1790,1785
1,3,83,ECDSA-SHA3-256_signed-by_RSA-SHA256,ECDSA-SHA3-256_signed-by_RSA-SHA256,13.427,2725.8,967.585,1,0,0,140.8,24,2115.26,2128.3,1789,1786
1,5,85,ECDSA-SHA3-256_signed-by_RSA-SHA256,ECDSA-SHA3-256_signed-by_RSA-SHA256,13.594,2691.71,955.693,1,0,0,188.8,15,2155.38,2119.73,1788,1786
1,6,94,ECDSA-SHA3-256_signed-by_RSA-SHA256,ECDSA-SHA3-256_signed-by_RSA-SHA256,14.374,2546.75,921.638,1,0,0,143.091,10,2170.09,2131.89,1790,1786
1,4,9,ECDSA-SHA3-256_signed-by_RSA-SHA256,ECDSA-SHA3-256_signed-by_RSA-SHA256,16.479,2220.93,1165.08,1,11,0.785714,171.429,24,2138.67,2142.24,1789,1786
1,2,75,ECDSA-SHA3-256_signed-by_RSA-SHA256,ECDSA-SHA3-256_signed-by_RSA-SHA256,16.665,2196.64,1433.38,1,19,1.05556,142.222,24,2186.82,2101.65,1790,1786
1,7,91,ECDSA-SHA3-256_signed-by_RSA-SHA256,ECDSA-SHA3-256_signed-by_RSA-SHA256,14.625,2503.05,1213.23,0.857143,7,0.5,141.143,17,2156.1,2126.99,1790,1786
1,5,86,ECDSA-SHA3-256_signed-by_RSA-SHA256,ECDSA-SHA3-256_signed-by_RSA-SHA256,12.732,2873.98,1020.41,0.9,0,0,140.8,15,2152,2133.76,1788,1786
1,3,84,ECDSA-SHA3-256_signed-by_RSA-SHA256,ECDSA-SHA3-256_signed-by_RSA-SHA256,14.598,2507.13,1215.48,0.642857,7,0.5,130.286,24,2123.95,2119.28,1789,1786
1,8,86,ECDSA-SHA3-256_signed-by_RSA-SHA256,ECDSA-SHA3-256_signed-by_RSA-SHA256,16.491,2219.33,1087.59,1,8,0.533333,115.867,17,2157.28,2156.76,1790,1785
1,6,95,ECDSA-SHA3-256_signed-by_RSA-SHA256,ECDSA-SHA3-256_signed-by_RSA-SHA256,14.093,2597.56,921.86,1,0,0,153.6,10,2144.92,2154.05,1790,1786
1,4,10,ECDSA-SHA3-256_signed-by_RSA-SHA256,ECDSA-SHA3-256_signed-by_RSA-SHA256,11.785,3105.64,1102.42,1,0,0,153.6,24,2161.85,2121.18,1789,1786
1,2,76,ECDSA-SHA3-256_signed-by_RSA-SHA256,ECDSA-SHA3-256_signed-by_RSA-SHA256,10.806,3387.73,1225.98,0.909091,0,0,118,24,2154.61,2398.44,1790,1786
1,3,85,ECDSA-SHA3-256_signed-by_RSA-SHA256,ECDSA-SHA3-256_signed-by_RSA-SHA256,11.662,3138.16,1315.63,1,7,0.5,121.714,24,2147.2,2134.75,1789,1786
1,8,87,ECDSA-SHA3-256_signed-by_RSA-SHA256,ECDSA-SHA3-256_signed-by_RSA-SHA256,13.795,2653.09,941.773,1,0,0,130.8,17,2142.57,2127.16,1790,1785
1,6,96,ECDSA-SHA3-256_signed-by_RSA-SHA256,ECDSA-SHA3-256_signed-by_RSA-SHA256,13.449,2721.94,966.005,1,0,0,642.4,10,2165.22,2145.39,1790,1786
1,4,11,ECDSA-SHA3-256_signed-by_RSA-SHA256,ECDSA-SHA3-256_signed-by_RSA-SHA256,13.476,2715.9,1138.6,1,7,0.5,131.714,24,2228.86,2103.19,1789,1786
1,2,77,ECDSA-SHA3-256_signed-by_RSA-SHA256,ECDSA-SHA3-256_signed-by_RSA-SHA256,16.906,2165.32,813.887,1,0,0,109.385,24,2150.91,2123.67,1790,1786
1,7,92,ECDSA-SHA3-256_signed-by_RSA-SHA256,ECDSA-SHA3-256_signed-by_RSA-SHA256,24.974,1465.83,784.169,1,13,0.8125,149.75,17,2134.66,2151.86,1790,1786
1,5,87,ECDSA-SHA3-256_signed-by_RSA-SHA256,ECDSA-SHA3-256_signed-by_RSA-SHA256,25.719,1422.75,982.921,1,30,1.66667,161.778,15,2164.22,2141.14,1788,1786
1,3,86,ECDSA-SHA3-256_signed-by_RSA-SHA256,ECDSA-SHA3-256_signed-by_RSA-SHA256,13.71,2669.51,947.603,1,0,0,140.8,24,2151.92,2080.98,1789,1786
1,6,97,ECDSA-SHA3-256_signed-by_RSA-SHA256,ECDSA-SHA3-256_signed-by_RSA-SHA256,10.547,3470.62,1303,0.454545,1,0.0909091,144.909,10,2141.42,2123.74,1790,1786
1,4,12,ECDSA-SHA3-256_signed-by_RSA-SHA256,ECDSA-SHA3-256_signed-by_RSA-SHA256,16.143,2267.2,820.651,0.363636,0,0,138.727,24,2147.47,2125.91,1789,1786
1,2,78,ECDSA-SHA3-256_signed-by_RSA-SHA256,ECDSA-SHA3-256_signed-by_RSA-SHA256,15.587,2348.58,833.501,0.3,0,0,130.8,24,2129.87,2130.99,1790,1786
1,7,93,ECDSA-SHA3-256_signed-by_RSA-SHA256,ECDSA-SHA3-256_signed-by_RSA-SHA256,14.667,2495.92,885.789,0,0,0,153.6,17,2150.48,2124.02,1790,1786
1,5,88,ECDSA-SHA3-256_signed-by_RSA-SHA256,ECDSA-SHA3-256_signed-by_RSA-SHA256,13.805,2650.63,1097.57,0,0,0,205.385,15,2148.6,2125.19,1788,1786
1,3,87,ECDSA-SHA3-256_signed-by_RSA-SHA256,ECDSA-SHA3-256_signed-by_RSA-SHA256,13.881,2636.69,935.954,0,0,0,637.6,24,2147.55,2090.57,1789,1786
1,6,98,ECDSA-SHA3-256_signed-by_RSA-SHA256,ECDSA-SHA3-256_signed-by_RSA-SHA256,14.273,2564.83,758.912,0,0,0,180.857,10,2157.42,2107.77,1790,1786
1,8,88,ECDSA-SHA3-256_signed-by_RSA-SHA256,ECDSA-SHA3-256_signed-by_RSA-SHA256,29.754,1230.08,656.042,0.8125,20,1.25,140.5,17,2139.99,2127.98,1790,1785
1,7,94,ECDSA-SHA3-256_signed-by_RSA-SHA256,ECDSA-SHA3-256_signed-by_RSA-SHA256,11.938,3066.26,1104.28,1,5,0.454545,131.455,17,2158.18,2132.55,1790,1786
1,2,79,ECDSA-SHA3-256_signed-by_RSA-SHA256,ECDSA-SHA3-256_signed-by_RSA-SHA256,14.541,2517.55,911.07,1,0,0,579.818,24,2154.03,2328.79,1790,1786
1,3,88,ECDSA-SHA3-256_signed-by_RSA-SHA256,ECDSA-SHA3-256_signed-by_RSA-SHA256,12.951,2826.02,1017.99,1,5,0.454545,131.455,24,2164.35,2106.38,1789,1786
1,6,99,ECDSA-SHA3-256_signed-by_RSA-SHA256,ECDSA-SHA3-256_signed-by_RSA-SHA256,12.77,2866.71,1186.53,1,0,0,226,10,2129.16,2195.91,1790,1786
1,4,13,ECDSA-SHA3-256_signed-by_RSA-SHA256,ECDSA-SHA3-256_signed-by_RSA-SHA256,21.426,1708.14,828.122,1,7,0.5,138.571,24,2181.6,2141.64,1789,1786
1,5,89,ECDSA-SHA3-256_signed-by_RSA-SHA256,ECDSA-SHA3-256_signed-by_RSA-SHA256,16.555,2210.29,815.689,1,0,0,123.667,15,2165.91,2102.24,1788,1786
1,8,89,ECDSA-SHA3-256_signed-by_RSA-SHA256,ECDSA-SHA3-256_signed-by_RSA-SHA256,15.167,2413.05,1581.27,1,18,0.9,236.8,17,2151.49,2122.53,1790,1785
1,7,95,ECDSA-SHA3-256_signed-by_RSA-SHA256,ECDSA-SHA3-256_signed-by_RSA-SHA256,12.29,2978.66,1655.97,0.789474,10,0.526316,166.421,17,2198.66,2128.57,1790,1786
1,4,14,ECDSA-SHA3-256_signed-by_RSA-SHA256,ECDSA-SHA3-256_signed-by_RSA-SHA256,14.024,2609.78,944.654,1,0,0,122.364,24,2169.01,2126.49,1789,1786
1,5,90,ECDSA-SHA3-256_signed-by_RSA-SHA256,ECDSA-SHA3-256_signed-by_RSA-SHA256,13.072,2799.25,993.873,0.7,0,0,140.8,15,2164.93,2115.33,1788,1786
1,2,80,ECDSA-SHA3-256_signed-by_RSA-SHA256,ECDSA-SHA3-256_signed-by_RSA-SHA256,17.438,2099.28,1028.54,0.933333,8,0.533333,115.867,24,2155.15,2121.1,1790,1786
1,3,89,ECDSA-SHA3-256_signed-by_RSA-SHA256,ECDSA-SHA3-256_signed-by_RSA-SHA256,19.557,1871.39,794.37,0.933333,4,0.266667,328.4,24,2155.68,2118.7,1789,1786
1,7,96,ECDSA-SHA3-256_signed-by_RSA-SHA256,ECDSA-SHA3-256_signed-by_RSA-SHA256,10.505,3484.55,1236.65,0.3,0,0,140.8,17,2118.15,2137.16,1790,1786
1,8,90,ECDSA-SHA3-256_signed-by_RSA-SHA256,ECDSA-SHA3-256_signed-by_RSA-SHA256,15.249,2400.11,1254.88,0.571429,18,1.28571,146.571,17,2159.91,2131.96,1790,1785
1,4,15,ECDSA-SHA3-256_signed-by_RSA-SHA256,ECDSA-SHA3-256_signed-by_RSA-SHA256,10.518,3479.74,1259.55,0.272727,0,0,122.364,24,2125.12,2127.5,1789,1786
1,5,91,ECDSA-SHA3-256_signed-by_RSA-SHA256,ECDSA-SHA3-256_signed-by_RSA-SHA256,10.966,3336.84,1184.74,0.3,0,0,140.8,15,2135.65,2123.8,1788,1786
1,2,81,ECDSA-SHA3-256_signed-by_RSA-SHA256,ECDSA-SHA3-256_signed-by_RSA-SHA256,11.001,3327.68,1180.98,0.3,0,0,130.8,24,2148.48,2312.5,1790,1786
1,3,90,ECDSA-SHA3-256_signed-by_RSA-SHA256,ECDSA-SHA3-256_signed-by_RSA-SHA256,10.951,3342.14,1186.37,0.6,4,0.4,140.8,24,2145.67,2126.68,1789,1786
1,7,97,ECDSA-SHA3-256_signed-by_RSA-SHA256,ECDSA-SHA3-256_signed-by_RSA-SHA256,10.632,3443.18,1018.81,0.428571,0,0,166,17,2149.5,2135.32,1790,1786
1,8,91,ECDSA-SHA3-256_signed-by_RSA-SHA256,ECDSA-SHA3-256_signed-by_RSA-SHA256,13.329,2745.69,1244.71,0.533333,2,0.133333,170.8,17,2160.2,2127.8,1790,1785
1,4,16,ECDSA-SHA3-256_signed-by_RSA-SHA256,ECDSA-SHA3-256_signed-by_RSA-SHA256,12.801,2859.14,1014.92,1,0,0,130.8,24,2162.52,2127.36,1789,1786
1,2,82,ECDSA-SHA3-256_signed-by_RSA-SHA256,ECDSA-SHA3-256_signed-by_RSA-SHA256,11.936,3067,1104.55,1,5,0.454545,122.364,24,2148.94,2135.42,1790,1786
1,5,92,ECDSA-SHA3-256_signed-by_RSA-SHA256,ECDSA-SHA3-256_signed-by_RSA-SHA256,13.803,2650.98,1474.44,1,18,0.947368,374.421,15,2143.54,2117.04,1788,1786
1,7,98,ECDSA-SHA3-256_signed-by_RSA-SHA256,ECDSA-SHA3-256_signed-by_RSA-SHA256,10.354,3535.34,1557.53,1,2,0.133333,182.8,17,2152.21,2122.51,1790,1786
1,4,17,ECDSA-SHA3-256_signed-by_RSA-SHA256,ECDSA-SHA3-256_signed-by_RSA-SHA256,8.149,4490.81,1927.86,0.9375,6,0.375,97.25,24,2169.68,2138.37,1789,1786
1,8,92,ECDSA-SHA3-256_signed-by_RSA-SHA256,ECDSA-SHA3-256_signed-by_RSA-SHA256,13.483,2714.38,1404.95,1,11,0.846154,153.077,17,2143.3,2106.55,1790,1785
1,2,83,ECDSA-SHA3-256_signed-by_RSA-SHA256,ECDSA-SHA3-256_signed-by_RSA-SHA256,11.957,3061.52,1326.04,1,3,0.1875,160.5,24,2255.65,2132.14,1790,1786
1,7,99,ECDSA-SHA3-256_signed-by_RSA-SHA256,ECDSA-SHA3-256_signed-by_RSA-SHA256,11.228,3260.3,1221.19,1,0,0,163.455,17,2140.85,2123.17,1790,1786
1,5,93,ECDSA-SHA3-256_signed-by_RSA-SHA256,ECDSA-SHA3-256_signed-by_RSA-SHA256,13.541,2702.18,1133.1,1,3,0.214286,256.286,15,2162.66,2147.9,1788,1786
1,3,91,ECDSA-SHA3-256_signed-by_RSA-SHA256,ECDSA-SHA3-256_signed-by_RSA-SHA256,25.573,1431.16,1182.46,1,26,0.896552,161.034,24,2154.49,2119.16,1789,1786
1,5,94,ECDSA-SHA3-256_signed-by_RSA-SHA256,ECDSA-SHA3-256_signed-by_RSA-SHA256,7.012,5217.79,1852.58,0,0,0,140.8,15,2118.33,2124.48,1788,1786
1,8,93,ECDSA-SHA3-256_signed-by_RSA-SHA256,ECDSA-SHA3-256_signed-by_RSA-SHA256,13.727,2666.17,1730.83,0.411765,9,0.529412,124.588,17,2154.29,2125.87,1790,1785
1,4,18,ECDSA-SHA3-256_signed-by_RSA-SHA256,ECDSA-SHA3-256_signed-by_RSA-SHA256,16.783,2180.66,1083.89,0.625,8,0.5,108,24,2149.83,2102.01,1789,1786
1,2,84,ECDSA-SHA3-256_signed-by_RSA-SHA256,ECDSA-SHA3-256_signed-by_RSA-SHA256,12.635,2897.27,1404.31,0.214286,7,0.5,121.429,24,2153.32,2129.28,1790,1786
1,3,92,ECDSA-SHA3-256_signed-by_RSA-SHA256,ECDSA-SHA3-256_signed-by_RSA-SHA256,11.882,3080.22,1114.94,0,0,0,127.091,24,2158.53,2133.63,1789,1786
1,5,95,ECDSA-SHA3-256_signed-by_RSA-SHA256,ECDSA-SHA3-256_signed-by_RSA-SHA256,7.479,4892.26,1737,0,0,0,140.8,15,2172.62,2137.34,1788,1786
1,4,19,ECDSA-SHA3-256_signed-by_RSA-SHA256,ECDSA-SHA3-256_signed-by_RSA-SHA256,8.927,4099.51,1455.21,0,0,0,130.8,24,2127.53,2184.12,1789,1786
1,8,94,ECDSA-SHA3-256_signed-by_RSA-SHA256,ECDSA-SHA3-256_signed-by_RSA-SHA256,9.726,3762.73,1361.99,0.454545,0,0,127.091,17,2138.07,2155.8,1790,1785
1,2,85,ECDSA-SHA3-256_signed-by_RSA-SHA256,ECDSA-SHA3-256_signed-by_RSA-SHA256,8.88,4122.09,1491.74,0.454545,0,0,118,24,2146.65,2162.54,1790,1786
1,3,93,ECDSA-SHA3-256_signed-by_RSA-SHA256,ECDSA-SHA3-256_signed-by_RSA-SHA256,8.769,4173.78,1510.77,0.454545,0,0,127.091,24,2167.83,2147.19,1789,1786
1,5,96,ECDSA-SHA3-256_signed-by_RSA-SHA256,ECDSA-SHA3-256_signed-by_RSA-SHA256,8.38,4366.07,1666.63,0.416667,1,0.0833333,121.333,15,2160.92,2129.99,1788,1786
1,2,86,ECDSA-SHA3-256_signed-by_RSA-SHA256,ECDSA-SHA3-256_signed-by_RSA-SHA256,8.908,4109.52,1722.48,0.571429,7,0.5,148.857,24,2197.38,2109.37,1790,1786
1,8,95,ECDSA-SHA3-256_signed-by_RSA-SHA256,ECDSA-SHA3-256_signed-by_RSA-SHA256,9.918,3690.18,1500.27,0.571429,5,0.357143,112.571,17,2117.9,2109.13,1790,1785
1,3,94,ECDSA-SHA3-256_signed-by_RSA-SHA256,ECDSA-SHA3-256_signed-by_RSA-SHA256,9.063,4038.31,1461.73,0.727273,0,0,131.455,24,2203.81,2137.65,1789,1786
1,5,97,ECDSA-SHA3-256_signed-by_RSA-SHA256,ECDSA-SHA3-256_signed-by_RSA-SHA256,12.243,2988.75,1061.16,1,0,0,140.8,15,2112.87,2135.48,1788,1786
1,4,20,ECDSA-SHA3-256_signed-by_RSA-SHA256,ECDSA-SHA3-256_signed-by_RSA-SHA256,18.686,1958.59,1407.61,1,25,1.13636,125.636,24,2152.83,2175.06,1789,1786
1,8,96,ECDSA-SHA3-256_signed-by_RSA-SHA256,ECDSA-SHA3-256_signed-by_RSA-SHA256,14.794,2473.9,1213.43,1,14,0.736842,366.842,17,2153.87,2128.85,1790,1785
1,2,87,ECDSA-SHA3-256_signed-by_RSA-SHA256,ECDSA-SHA3-256_signed-by_RSA-SHA256,17.821,2054.13,772.093,1,0,0,109.385,24,2149.86,2115.14,1790,1786
1,3,95,ECDSA-SHA3-256_signed-by_RSA-SHA256,ECDSA-SHA3-256_signed-by_RSA-SHA256,16.026,2283.75,1553.45,1,22,1.375,202.25,24,2153.95,2125.28,1789,1786
1,5,98,ECDSA-SHA3-256_signed-by_RSA-SHA256,ECDSA-SHA3-256_signed-by_RSA-SHA256,13.32,2747.08,975.351,1,0,0,170.8,15,2138.34,2155.36,1788,1786
1,4,21,ECDSA-SHA3-256_signed-by_RSA-SHA256,ECDSA-SHA3-256_signed-by_RSA-SHA256,13.664,2678.49,1386.37,1,11,0.846154,153.077,24,2139.92,2124.34,1789,1786
1,8,97,ECDSA-SHA3-256_signed-by_RSA-SHA256,ECDSA-SHA3-256_signed-by_RSA-SHA256,8.728,4193.02,1488.41,0.4,0,0,140.8,17,2150.67,2136.61,1790,1785
1,2,88,ECDSA-SHA3-256_signed-by_RSA-SHA256,ECDSA-SHA3-256_signed-by_RSA-SHA256,10.087,3629.2,1778.12,0.866667,14,0.933333,115.867,24,2149.18,2121.2,1790,1786
1,3,96,ECDSA-SHA3-256_signed-by_RSA-SHA256,ECDSA-SHA3-256_signed-by_RSA-SHA256,10.948,3342.99,1250.97,1,5,0.384615,117.077,24,2157.54,2122.51,1789,1786
1,4,22,ECDSA-SHA3-256_signed-by_RSA-SHA256,ECDSA-SHA3-256_signed-by_RSA-SHA256,10.064,3636.7,1290.93,1,0,0,130.8,24,2214.61,2111.02,1789,1786
1,5,99,ECDSA-SHA3-256_signed-by_RSA-SHA256,ECDSA-SHA3-256_signed-by_RSA-SHA256,13.239,2763.88,1271.36,1,2,0.166667,135.667,15,2139.72,2140.47,1788,1786
1,3,97,ECDSA-SHA3-256_signed-by_RSA-SHA256,ECDSA-SHA3-256_signed-by_RSA-SHA256,8.15,4490.34,1913.91,0.333333,3,0.2,183.067,24,2154.09,2120.3,1789,1786
1,2,89,ECDSA-SHA3-256_signed-by_RSA-SHA256,ECDSA-SHA3-256_signed-by_RSA-SHA256,12.159,3010.69,1913.26,1,17,0.894737,234.842,24,2158.16,2114.09,1790,1786
1,8,98,ECDSA-SHA3-256_signed-by_RSA-SHA256,ECDSA-SHA3-256_signed-by_RSA-SHA256,19.187,1907.53,1010.68,1,12,0.8,145.467,17,2165.23,2155.34,1790,1785
1,4,23,ECDSA-SHA3-256_signed-by_RSA-SHA256,ECDSA-SHA3-256_signed-by_RSA-SHA256,11.697,3128.93,1764.51,0.875,13,0.8125,130.5,24,2141.05,2186.05,1789,1786
1,2,90,ECDSA-SHA3-256_signed-by_RSA-SHA256,ECDSA-SHA3-256_signed-by_RSA-SHA256,7.868,4652.25,1799.49,0.461538,6,0.461538,110.615,24,2133.14,2130.04,1790,1786
1,3,98,ECDSA-SHA3-256_signed-by_RSA-SHA256,ECDSA-SHA3-256_signed-by_RSA-SHA256,10.423,3511.42,1921.88,0.8125,12,0.75,141.75,24,2152.14,2121.12,1789,1786
1,4,24,ECDSA-SHA3-256_signed-by_RSA-SHA256,ECDSA-SHA3-256_signed-by_RSA-SHA256,7.255,5044.17,1825.82,0.363636,0,0,118,24,2153.93,2135.42,1789,1786
1,8,99,ECDSA-SHA3-256_signed-by_RSA-SHA256,ECDSA-SHA3-256_signed-by_RSA-SHA256,8.747,4184.27,1596.88,0.5,1,0.0833333,121.333,17,2177.2,2128.3,1790,1785
1,3,99,ECDSA-SHA3-256_signed-by_RSA-SHA256,ECDSA-SHA3-256_signed-by_RSA-SHA256,5.918,6183.87,2238.36,0.181818,3,0.272727,137.273,24,2122.75,2136.12,1789,1786
1,2,91,ECDSA-SHA3-256_signed-by_RSA-SHA256,ECDSA-SHA3-256_signed-by_RSA-SHA256,11.352,3224.71,1517.93,0.666667,8,0.444444,157.333,24,2175,2124.52,1790,1786
1,4,25,ECDSA-SHA3-256_signed-by_RSA-SHA256,ECDSA-SHA3-256_signed-by_RSA-SHA256,8.426,4343.69,1765.96,0.857143,5,0.357143,104.857,24,2151.14,2103.92,1789,1786
1,2,92,ECDSA-SHA3-256_signed-by_RSA-SHA256,ECDSA-SHA3-256_signed-by_RSA-SHA256,5.937,6165.33,2231.16,0,0,0,118,24,2136.26,2119.25,1790,1786
1,4,26,ECDSA-SHA3-256_signed-by_RSA-SHA256,ECDSA-SHA3-256_signed-by_RSA-SHA256,6.279,5828.28,2109.65,0,0,0,118,24,2146.37,2180.98,1789,1786
1,2,93,ECDSA-SHA3-256_signed-by_RSA-SHA256,ECDSA-SHA3-256_signed-by_RSA-SHA256,8.405,4355.29,1576.13,0,0,0,121.273,24,2159.82,2121.58,1790,1786
1,4,27,ECDSA-SHA3-256_signed-by_RSA-SHA256,ECDSA-SHA3-256_signed-by_RSA-SHA256,7.881,4643.87,1648.45,0,0,0,132,24,2152.21,2117.98,1789,1786
1,2,94,ECDSA-SHA3-256_signed-by_RSA-SHA256,ECDSA-SHA3-256_signed-by_RSA-SHA256,6.509,5623.84,2074.53,0.25,0,0,111.333,24,2156.66,2126.03,1790,1786
1,4,28,ECDSA-SHA3-256_signed-by_RSA-SHA256,ECDSA-SHA3-256_signed-by_RSA-SHA256,7.833,4672.2,2297.8,0.2,7,0.466667,112.667,24,2139.49,2135.26,1789,1786
1,2,95,ECDSA-SHA3-256_signed-by_RSA-SHA256,ECDSA-SHA3-256_signed-by_RSA-SHA256,5.585,6554.25,2371.9,0,0,0,118,24,2163.46,2136.08,1790,1786
1,4,29,ECDSA-SHA3-256_signed-by_RSA-SHA256,ECDSA-SHA3-256_signed-by_RSA-SHA256,6.21,5893.36,2133.2,0,0,0,118,24,2166.24,2105.99,1789,1786
1,2,96,ECDSA-SHA3-256_signed-by_RSA-SHA256,ECDSA-SHA3-256_signed-by_RSA-SHA256,5.588,6550.73,2370.63,0,0,0,118,24,2150.1,2118.28,1790,1786
1,4,30,ECDSA-SHA3-256_signed-by_RSA-SHA256,ECDSA-SHA3-256_signed-by_RSA-SHA256,5.71,6409.38,2319.98,0,0,0,118,24,2151.25,2119.82,1789,1786
1,2,97,ECDSA-SHA3-256_signed-by_RSA-SHA256,ECDSA-SHA3-256_signed-by_RSA-SHA256,5.663,6463.98,2339.24,0,0,0,118,24,2183.87,2123.43,1790,1786
1,4,31,ECDSA-SHA3-256_signed-by_RSA-SHA256,ECDSA-SHA3-256_signed-by_RSA-SHA256,5.447,6718.82,2431.99,0,0,0,118,24,2157.31,2117.35,1789,1786
1,2,98,ECDSA-SHA3-256_signed-by_RSA-SHA256,ECDSA-SHA3-256_signed-by_RSA-SHA256,5.62,6513.43,2357.13,0,0,0,118,24,2153.04,2114.9,1790,1786
1,4,32,ECDSA-SHA3-256_signed-by_RSA-SHA256,ECDSA-SHA3-256_signed-by_RSA-SHA256,5.618,6514.33,2357.97,0,0,0,118,24,2187.34,2111.86,1789,1786
1,2,99,ECDSA-SHA3-256_signed-by_RSA-SHA256,ECDSA-SHA3-256_signed-by_RSA-SHA256,5.61,6525.04,2652.22,0.5,5,0.357143,104.857,24,2138.27,2148.71,1790,1786
1,4,33,ECDSA-SHA3-256_signed-by_RSA-SHA256,ECDSA-SHA3-256_signed-by_RSA-SHA256,6.709,5454.92,2861.6,0.5,11,0.785714,141.429,24,2149.51,2139.43,1789,1786
1,4,34,ECDSA-SHA3-256_signed-by_RSA-SHA256,ECDSA-SHA3-256_signed-by_RSA-SHA256,5.438,6729.99,2436.04,0,0,0,120.182,24,2154.69,2130.96,1789,1786
1,4,35,ECDSA-SHA3-256_signed-by_RSA-SHA256,ECDSA-SHA3-256_signed-by_RSA-SHA256,5.505,6648.27,2406.46,0,0,0,118,24,2162.35,2135.54,1789,1786
1,4,36,ECDSA-SHA3-256_signed-by_RSA-SHA256,ECDSA-SHA3-256_signed-by_RSA-SHA256,5.533,6614.63,2394.28,0,0,0,118,24,2142.93,2137.26,1789,1786
1,4,37,ECDSA-SHA3-256_signed-by_RSA-SHA256,ECDSA-SHA3-256_signed-by_RSA-SHA256,6.729,5439,1968.74,0,0,0,118,24,2168.76,2136.87,1789,1786
1,4,38,ECDSA-SHA3-256_signed-by_RSA-SHA256,ECDSA-SHA3-256_signed-by_RSA-SHA256,5.467,6694.48,2423.18,0,0,0,118,24,2149.95,2124.64,1789,1786
1,4,39,ECDSA-SHA3-256_signed-by_RSA-SHA256,ECDSA-SHA3-256_signed-by_RSA-SHA256,5.484,6673.73,2415.67,0,0,0,118,24,2167.19,2143.65,1789,1786
1,4,40,ECDSA-SHA3-256_signed-by_RSA-SHA256,ECDSA-SHA3-256_signed-by_RSA-SHA256,5.598,6537.83,2366.48,0,0,0,118,24,2162.14,2140.99,1789,1786
1,4,41,ECDSA-SHA3-256_signed-by_RSA-SHA256,ECDSA-SHA3-256_signed-by_RSA-SHA256,5.603,6531.99,2364.37,0,0,0,118,24,2150.07,2171.18,1789,1786
1,4,42,ECDSA-SHA3-256_signed-by_RSA-SHA256,ECDSA-SHA3-256_signed-by_RSA-SHA256,5.431,6738.85,2439.24,0,0,0,118,24,2156.75,2126.05,1789,1786
1,4,43,ECDSA-SHA3-256_signed-by_RSA-SHA256,ECDSA-SHA3-256_signed-by_RSA-SHA256,5.509,6643.44,2404.71,0,0,0,118,24,2156.29,2129.66,1789,1786
1,4,44,ECDSA-SHA3-256_signed-by_RSA-SHA256,ECDSA-SHA3-256_signed-by_RSA-SHA256,5.534,6613.43,2393.85,0,0,0,118,24,2155.56,2131.25,1789,1786
1,4,45,ECDSA-SHA3-256_signed-by_RSA-SHA256,ECDSA-SHA3-256_signed-by_RSA-SHA256,5.545,6600.31,2389.1,0,0,0,118,24,2154.71,2121.04,1789,1786
1,4,46,ECDSA-SHA3-256_signed-by_RSA-SHA256,ECDSA-SHA3-256_signed-by_RSA-SHA256,5.798,6312.31,2284.85,0,0,0,118,24,2163.03,2371.2,1789,1786
1,4,47,ECDSA-SHA3-256_signed-by_RSA-SHA256,ECDSA-SHA3-256_signed-by_RSA-SHA256,5.602,6533.16,2364.79,0,0,0,118,24,2146,2143.63,1789,1786
1,4,48,ECDSA-SHA3-256_signed-by_RSA-SHA256,ECDSA-SHA3-256_signed-by_RSA-SHA256,5.599,6536.66,2366.06,0,0,0,118,24,2153.29,2145.99,1789,1786
1,4,49,ECDSA-SHA3-256_signed-by_RSA-SHA256,ECDSA-SHA3-256_signed-by_RSA-SHA256,5.441,6726.47,2434.76,0,0,0,118,24,2179.86,2120.98,1789,1786
1,4,50,ECDSA-SHA3-256_signed-by_RSA-SHA256,ECDSA-SHA3-256_signed-by_RSA-SHA256,5.519,6631.41,2400.35,0,0,0,118,24,2162.09,2124.39,1789,1786
1,4,51,ECDSA-SHA3-256_signed-by_RSA-SHA256,ECDSA-SHA3-256_signed-by_RSA-SHA256,5.448,6717.82,2431.63,0,0,0,118,24,2189.59,2136.03,1789,1786
1,4,52,ECDSA-SHA3-256_signed-by_RSA-SHA256,ECDSA-SHA3-256_signed-by_RSA-SHA256,5.737,6379.43,2309.14,0,0,0,118,24,2156.74,2197.75,1789,1786
1,4,53,ECDSA-SHA3-256_signed-by_RSA-SHA256,ECDSA-SHA3-256_signed-by_RSA-SHA256,5.602,6533.16,2364.79,0,0,0,118,24,2160.55,2127.22,1789,1786
1,4,54,ECDSA-SHA3-256_signed-by_RSA-SHA256,ECDSA-SHA3-256_signed-by_RSA-SHA256,5.478,6681.04,2418.32,0,0,0,118,24,2159.15,2121.52,1789,1786
1,4,55,ECDSA-SHA3-256_signed-by_RSA-SHA256,ECDSA-SHA3-256_signed-by_RSA-SHA256,5.421,6751.28,2443.74,0,0,0,118,24,2158.97,2128.62,1789,1786
1,4,56,ECDSA-SHA3-256_signed-by_RSA-SHA256,ECDSA-SHA3-256_signed-by_RSA-SHA256,5.541,6604.49,2390.61,0,0,0,118,24,2227.01,2133.01,1789,1786
1,4,57,ECDSA-SHA3-256_signed-by_RSA-SHA256,ECDSA-SHA3-256_signed-by_RSA-SHA256,5.578,6561.27,2374.96,0,0,0,118,24,2153.75,2134.74,1789,1786
1,4,58,ECDSA-SHA3-256_signed-by_RSA-SHA256,ECDSA-SHA3-256_signed-by_RSA-SHA256,5.55,6594.37,2386.94,0,0,0,118,24,2154.77,2141.3,1789,1786
1,4,59,ECDSA-SHA3-256_signed-by_RSA-SHA256,ECDSA-SHA3-256_signed-by_RSA-SHA256,5.542,6603.89,2390.39,0,0,0,118,24,2154.4,2136.07,1789,1786
1,4,60,ECDSA-SHA3-256_signed-by_RSA-SHA256,ECDSA-SHA3-256_signed-by_RSA-SHA256,5.51,6642.24,2404.27,0,0,0,118,24,2142,2125.15,1789,1786
1,4,61,ECDSA-SHA3-256_signed-by_RSA-SHA256,ECDSA-SHA3-256_signed-by_RSA-SHA256,5.512,6639.83,2403.4,0,0,0,118,24,2166.14,2120.66,1789,1786
1,4,62,ECDSA-SHA3-256_signed-by_RSA-SHA256,ECDSA-SHA3-256_signed-by_RSA-SHA256,5.538,6608.65,2392.12,0,0,0,118,24,2157.62,2134.91,1789,1786
1,4,63,ECDSA-SHA3-256_signed-by_RSA-SHA256,ECDSA-SHA3-256_signed-by_RSA-SHA256,5.561,6581.32,2382.22,0,0,0,118,24,2146.91,2122.3,1789,1786
1,4,64,ECDSA-SHA3-256_signed-by_RSA-SHA256,ECDSA-SHA3-256_signed-by_RSA-SHA256,5.581,6557.74,2373.69,0,0,0,118,24,2329.93,2138.61,1789,1786
1,4,65,ECDSA-SHA3-256_signed-by_RSA-SHA256,ECDSA-SHA3-256_signed-by_RSA-SHA256,5.541,6605.08,2390.82,0,0,0,118,24,2177.28,2140.98,1789,1786
1,4,66,ECDSA-SHA3-256_signed-by_RSA-SHA256,ECDSA-SHA3-256_signed-by_RSA-SHA256,5.488,6668.86,2413.91,0,0,0,118,24,2151.8,2124.44,1789,1786
1,4,67,ECDSA-SHA3-256_signed-by_RSA-SHA256,ECDSA-SHA3-256_signed-by_RSA-SHA256,5.427,6743.82,2441.04,0,0,0,118,24,2159.71,2118.24,1789,1786
1,4,68,ECDSA-SHA3-256_signed-by_RSA-SHA256,ECDSA-SHA3-256_signed-by_RSA-SHA256,5.522,6627.8,2399.05,0,0,0,118,24,2148.09,2126.3,1789,1786
1,4,69,ECDSA-SHA3-256_signed-by_RSA-SHA256,ECDSA-SHA3-256_signed-by_RSA-SHA256,5.577,6562.44,2375.39,0,0,0,118,24,2159.02,2128.27,1789,1786
1,4,70,ECDSA-SHA3-256_signed-by_RSA-SHA256,ECDSA-SHA3-256_signed-by_RSA-SHA256,5.492,6664.01,2412.15,0,0,0,118,24,2165.57,2121.72,1789,1786
1,4,71,ECDSA-SHA3-256_signed-by_RSA-SHA256,ECDSA-SHA3-256_signed-by_RSA-SHA256,5.557,6586.06,2383.94,0,0,0,118,24,2153.18,2136.36,1789,1786
1,4,72,ECDSA-SHA3-256_signed-by_RSA-SHA256,ECDSA-SHA3-256_signed-by_RSA-SHA256,5.619,6513.39,2357.63,0,0,0,118,24,2149.17,2134.67,1789,1786
1,4,73,ECDSA-SHA3-256_signed-by_RSA-SHA256,ECDSA-SHA3-256_signed-by_RSA-SHA256,5.567,6574.23,2379.66,0,0,0,118,24,2160.7,2128.84,1789,1786
1,4,74,ECDSA-SHA3-256_signed-by_RSA-SHA256,ECDSA-SHA3-256_signed-by_RSA-SHA256,6.948,5267.56,1906.68,0,0,0,118,24,2143.18,2125.74,1789,1786
1,4,75,ECDSA-SHA3-256_signed-by_RSA-SHA256,ECDSA-SHA3-256_signed-by_RSA-SHA256,5.472,6688.36,2420.97,0,0,0,118,24,2175.02,2137.75,1789,1786
1,4,76,ECDSA-SHA3-256_signed-by_RSA-SHA256,ECDSA-SHA3-256_signed-by_RSA-SHA256,5.502,6651.89,2407.77,0,0,0,118,24,2150.36,2133.74,1789,1786
1,4,77,ECDSA-SHA3-256_signed-by_RSA-SHA256,ECDSA-SHA3-256_signed-by_RSA-SHA256,5.52,6630.2,2399.92,0,0,0,118,24,2184.41,2153.4,1789,1786
1,4,78,ECDSA-SHA3-256_signed-by_RSA-SHA256,ECDSA-SHA3-256_signed-by_RSA-SHA256,5.587,6550.7,2371.14,0,0,0,118,24,2155.23,2137.16,1789,1786
1,4,79,ECDSA-SHA3-256_signed-by_RSA-SHA256,ECDSA-SHA3-256_signed-by_RSA-SHA256,5.459,6704.29,2426.73,0,0,0,118,24,2157.54,2122.59,1789,1786
1,4,80,ECDSA-SHA3-256_signed-by_RSA-SHA256,ECDSA-SHA3-256_signed-by_RSA-SHA256,5.557,6586.06,2383.94,0,0,0,118,24,2146.58,2115.65,1789,1786
1,4,81,ECDSA-SHA3-256_signed-by_RSA-SHA256,ECDSA-SHA3-256_signed-by_RSA-SHA256,5.495,6660.37,2410.83,0,0,0,118,24,2155.95,2120.03,1789,1786
1,4,82,ECDSA-SHA3-256_signed-by_RSA-SHA256,ECDSA-SHA3-256_signed-by_RSA-SHA256,5.492,6664.01,2412.15,0,0,0,118,24,2154.47,2127.36,1789,1786
1,4,83,ECDSA-SHA3-256_signed-by_RSA-SHA256,ECDSA-SHA3-256_signed-by_RSA-SHA256,5.494,6661.58,2411.27,0,0,0,118,24,2195.72,2124.16,1789,1786
1,4,84,ECDSA-SHA3-256_signed-by_RSA-SHA256,ECDSA-SHA3-256_signed-by_RSA-SHA256,5.518,6632.61,2400.79,0,0,0,118,24,2157.13,2126.62,1789,1786
1,4,85,ECDSA-SHA3-256_signed-by_RSA-SHA256,ECDSA-SHA3-256_signed-by_RSA-SHA256,5.611,6522.68,2361,0,0,0,118,24,2149.27,2124.97,1789,1786
1,4,86,ECDSA-SHA3-256_signed-by_RSA-SHA256,ECDSA-SHA3-256_signed-by_RSA-SHA256,5.518,6632.61,2400.79,0,0,0,118,24,2151.97,2131.67,1789,1786
1,4,87,ECDSA-SHA3-256_signed-by_RSA-SHA256,ECDSA-SHA3-256_signed-by_RSA-SHA256,5.653,6474.22,2343.45,0,0,0,118,24,2153.55,2173.87,1789,1786
1,4,88,ECDSA-SHA3-256_signed-by_RSA-SHA256,ECDSA-SHA3-256_signed-by_RSA-SHA256,5.479,6679.82,2417.87,0,0,0,118,24,2148.18,2135.47,1789,1786
1,4,89,ECDSA-SHA3-256_signed-by_RSA-SHA256,ECDSA-SHA3-256_signed-by_RSA-SHA256,5.576,6563.62,2375.81,0,0,0,118,24,2154.34,2133.59,1789,1786
1,4,90,ECDSA-SHA3-256_signed-by_RSA-SHA256,ECDSA-SHA3-256_signed-by_RSA-SHA256,5.472,6688.36,2420.97,0,0,0,118,24,2149.57,2136.93,1789,1786
1,4,91,ECDSA-SHA3-256_signed-by_RSA-SHA256,ECDSA-SHA3-256_signed-by_RSA-SHA256,5.602,6533.16,2364.79,0,0,0,118,24,2144.24,2128.44,1789,1786
1,4,92,ECDSA-SHA3-256_signed-by_RSA-SHA256,ECDSA-SHA3-256_signed-by_RSA-SHA256,6.686,5474.01,1981.41,0,0,0,118,24,2155.31,2139.99,1789,1786
1,4,93,ECDSA-SHA3-256_signed-by_RSA-SHA256,ECDSA-SHA3-256_signed-by_RSA-SHA256,5.579,6560.09,2374.54,0,0,0,118,24,2143.88,2125.22,1789,1786
1,4,94,ECDSA-SHA3-256_signed-by_RSA-SHA256,ECDSA-SHA3-256_signed-by_RSA-SHA256,5.59,6547.18,2369.86,0,0,0,118,24,2183.62,2132.78,1789,1786
1,4,95,ECDSA-SHA3-256_signed-by_RSA-SHA256,ECDSA-SHA3-256_signed-by_RSA-SHA256,5.606,6528.5,2363.1,0,0,0,118,24,2149.05,2124.53,1789,1786
1,4,96,ECDSA-SHA3-256_signed-by_RSA-SHA256,ECDSA-SHA3-256_signed-by_RSA-SHA256,5.607,6527.33,2362.68,0,0,0,118,24,2145.27,2132.78,1789,1786
1,4,97,ECDSA-SHA3-256_signed-by_RSA-SHA256,ECDSA-SHA3-256_signed-by_RSA-SHA256,5.531,6617.02,2395.14,0,0,0,118,24,2144.87,2124.09,1789,1786
1,4,98,ECDSA-SHA3-256_signed-by_RSA-SHA256,ECDSA-SHA3-256_signed-by_RSA-SHA256,5.64,6489.14,2348.86,0,0,0,118,24,2139.36,2148.63,1789,1786
1,4,99,ECDSA-SHA3-256_signed-by_RSA-SHA256,ECDSA-SHA3-256_signed-by_RSA-SHA256,5.508,6644.65,2405.14,0,0,0,118,24,2117.4,2124.02,1789,1786
1,1,5,ECDSA-SHA3-256_signed-by_RSA-SHA256,ECDSA-SHA3-256_signed-by_RSA-SHA256,3005.25,12.1814,17.697,1,45,1.28571,194.343,24,2176.19,2151.72,1790,1786
1,1,6,ECDSA-SHA3-256_signed-by_RSA-SHA256,ECDSA-SHA3-256_signed-by_RSA-SHA256,5.584,6555.65,2372.41,0,0,0,127.091,24,2169.94,2160.8,1790,1786
1,1,7,ECDSA-SHA3-256_signed-by_RSA-SHA256,ECDSA-SHA3-256_signed-by_RSA-SHA256,5.627,6505.55,2354.28,0,0,0,127.091,24,2180.89,2146.14,1790,1786
1,1,8,ECDSA-SHA3-256_signed-by_RSA-SHA256,ECDSA-SHA3-256_signed-by_RSA-SHA256,5.588,6550.96,2370.71,0,0,0,127.091,24,2152.31,2154.74,1790,1786
1,1,9,ECDSA-SHA3-256_signed-by_RSA-SHA256,ECDSA-SHA3-256_signed-by_RSA-SHA256,5.681,6443.72,2331.9,0,0,0,129.273,24,2168.07,2149.75,1790,1786
1,1,10,ECDSA-SHA3-256_signed-by_RSA-SHA256,ECDSA-SHA3-256_signed-by_RSA-SHA256,5.754,6361.97,2302.32,0,0,0,127.091,24,2177.06,2145.58,1790,1786
1,1,11,ECDSA-SHA3-256_signed-by_RSA-SHA256,ECDSA-SHA3-256_signed-by_RSA-SHA256,5.631,6500.93,2352.61,0,0,0,127.091,24,2174.31,2207.88,1790,1786
1,1,12,ECDSA-SHA3-256_signed-by_RSA-SHA256,ECDSA-SHA3-256_signed-by_RSA-SHA256,5.587,6552.13,2371.14,0,0,0,127.091,24,2172.76,2160.43,1790,1786
1,1,13,ECDSA-SHA3-256_signed-by_RSA-SHA256,ECDSA-SHA3-256_signed-by_RSA-SHA256,5.607,6528.76,2362.68,0,0,0,127.091,24,2165.54,2145.51,1790,1786
1,1,14,ECDSA-SHA3-256_signed-by_RSA-SHA256,ECDSA-SHA3-256_signed-by_RSA-SHA256,5.58,6560.35,2374.11,0,0,0,127.091,24,2188.47,2151.53,1790,1786
1,1,15,ECDSA-SHA3-256_signed-by_RSA-SHA256,ECDSA-SHA3-256_signed-by_RSA-SHA256,6.468,5659.65,2048.16,0,0,0,127.091,24,2171.64,2154.3,1790,1786
1,1,16,ECDSA-SHA3-256_signed-by_RSA-SHA256,ECDSA-SHA3-256_signed-by_RSA-SHA256,5.625,6507.87,2355.12,0,0,0,127.091,24,2169.27,2149.58,1790,1786
1,1,17,ECDSA-SHA3-256_signed-by_RSA-SHA256,ECDSA-SHA3-256_signed-by_RSA-SHA256,5.752,6364.18,2303.12,0,0,0,127.091,24,2159.93,2342.32,1790,1786
1,1,18,ECDSA-SHA3-256_signed-by_RSA-SHA256,ECDSA-SHA3-256_signed-by_RSA-SHA256,5.638,6492.86,2349.69,0,0,0,127.091,24,2173.82,2251.76,1790,1786
1,1,19,ECDSA-SHA3-256_signed-by_RSA-SHA256,ECDSA-SHA3-256_signed-by_RSA-SHA256,5.468,6694.72,2422.74,0,0,0,127.091,24,2197.1,2147.92,1790,1786
1,1,20,ECDSA-SHA3-256_signed-by_RSA-SHA256,ECDSA-SHA3-256_signed-by_RSA-SHA256,5.481,6678.84,2416.99,0,0,0,126.727,24,2165.13,2148.41,1790,1786
1,1,21,ECDSA-SHA3-256_signed-by_RSA-SHA256,ECDSA-SHA3-256_signed-by_RSA-SHA256,5.5,6655.77,2408.64,0,0,0,127.091,24,2161.82,2138.29,1790,1786
1,1,22,ECDSA-SHA3-256_signed-by_RSA-SHA256,ECDSA-SHA3-256_signed-by_RSA-SHA256,5.576,6565.05,2375.81,0,0,0,127.091,24,2163.77,2134.32,1790,1786
1,1,23,ECDSA-SHA3-256_signed-by_RSA-SHA256,ECDSA-SHA3-256_signed-by_RSA-SHA256,5.472,6689.82,2420.97,0,0,0,123.818,24,2223.13,2134.21,1790,1786
1,1,24,ECDSA-SHA3-256_signed-by_RSA-SHA256,ECDSA-SHA3-256_signed-by_RSA-SHA256,5.553,6592.24,2385.65,0,0,0,118,24,2165.53,2151.96,1790,1786
1,1,25,ECDSA-SHA3-256_signed-by_RSA-SHA256,ECDSA-SHA3-256_signed-by_RSA-SHA256,5.57,6572.13,2378.37,0,0,0,118,24,2171.83,2171.78,1790,1786
1,1,26,ECDSA-SHA3-256_signed-by_RSA-SHA256,ECDSA-SHA3-256_signed-by_RSA-SHA256,5.513,6640.07,2402.96,0,0,0,118,24,2163.91,2140.22,1790,1786
1,1,27,ECDSA-SHA3-256_signed-by_RSA-SHA256,ECDSA-SHA3-256_signed-by_RSA-SHA256,5.597,6540.42,2366.9,0,0,0,118,24,2159.28,2131.68,1790,1786
1,1,28,ECDSA-SHA3-256_signed-by_RSA-SHA256,ECDSA-SHA3-256_signed-by_RSA-SHA256,5.644,6485.96,2347.19,0,0,0,118,24,2170.72,2140.47,1790,1786
1,1,29,ECDSA-SHA3-256_signed-by_RSA-SHA256,ECDSA-SHA3-256_signed-by_RSA-SHA256,5.519,6632.85,2400.35,0,0,0,118,24,2150.99,2152.63,1790,1786
1,1,30,ECDSA-SHA3-256_signed-by_RSA-SHA256,ECDSA-SHA3-256_signed-by_RSA-SHA256,5.527,6623.25,2396.88,0,0,0,118,24,2159.96,2148.57,1790,1786
1,1,31,ECDSA-SHA3-256_signed-by_RSA-SHA256,ECDSA-SHA3-256_signed-by_RSA-SHA256,5.499,6656.98,2409.08,0,0,0,118,24,2176.55,2141.65,1790,1786
1,1,32,ECDSA-SHA3-256_signed-by_RSA-SHA256,ECDSA-SHA3-256_signed-by_RSA-SHA256,5.523,6628.05,2398.61,0,0,0,118,24,2150.44,2116.18,1790,1786
1,1,33,ECDSA-SHA3-256_signed-by_RSA-SHA256,ECDSA-SHA3-256_signed-by_RSA-SHA256,5.527,6623.25,2396.88,0,0,0,118,24,2153.78,2127.42,1790,1786
1,1,34,ECDSA-SHA3-256_signed-by_RSA-SHA256,ECDSA-SHA3-256_signed-by_RSA-SHA256,5.478,6682.03,2418.15,0,0,0,118,24,2139.91,2130.86,1790,1786
1,1,35,ECDSA-SHA3-256_signed-by_RSA-SHA256,ECDSA-SHA3-256_signed-by_RSA-SHA256,5.464,6699.62,2424.51,0,0,0,118,24,2156.24,2115.11,1790,1786
1,1,36,ECDSA-SHA3-256_signed-by_RSA-SHA256,ECDSA-SHA3-256_signed-by_RSA-SHA256,5.539,6608.91,2391.68,0,0,0,118,24,2157.49,2164.02,1790,1786
1,1,37,ECDSA-SHA3-256_signed-by_RSA-SHA256,ECDSA-SHA3-256_signed-by_RSA-SHA256,5.447,6720.53,2432.08,0,0,0,118,24,2144.6,2126.6,1790,1786
1,1,38,ECDSA-SHA3-256_signed-by_RSA-SHA256,ECDSA-SHA3-256_signed-by_RSA-SHA256,5.516,6636.46,2401.66,0,0,0,118,24,2153.37,2127.69,1790,1786
1,1,39,ECDSA-SHA3-256_signed-by_RSA-SHA256,ECDSA-SHA3-256_signed-by_RSA-SHA256,5.571,6570.95,2377.95,0,0,0,118,24,2149.72,2128.92,1790,1786
1,1,40,ECDSA-SHA3-256_signed-by_RSA-SHA256,ECDSA-SHA3-256_signed-by_RSA-SHA256,5.503,6652.14,2407.33,0,0,0,118,24,2151.43,2126.38,1790,1786
1,1,41,ECDSA-SHA3-256_signed-by_RSA-SHA256,ECDSA-SHA3-256_signed-by_RSA-SHA256,5.535,6613.68,2393.41,0,0,0,118,24,2154.17,2128.5,1790,1786
1,1,42,ECDSA-SHA3-256_signed-by_RSA-SHA256,ECDSA-SHA3-256_signed-by_RSA-SHA256,5.595,6542.76,2367.75,0,0,0,118,24,2151.76,2120.49,1790,1786
1,1,43,ECDSA-SHA3-256_signed-by_RSA-SHA256,ECDSA-SHA3-256_signed-by_RSA-SHA256,5.736,6381.93,2309.55,0,0,0,118,24,2176.91,2137.19,1790,1786
1,1,44,ECDSA-SHA3-256_signed-by_RSA-SHA256,ECDSA-SHA3-256_signed-by_RSA-SHA256,5.502,6653.35,2407.77,0,0,0,118,24,2164.62,2127.97,1790,1786
1,1,45,ECDSA-SHA3-256_signed-by_RSA-SHA256,ECDSA-SHA3-256_signed-by_RSA-SHA256,5.48,6680.06,2417.43,0,0,0,118,24,2149.32,2119.26,1790,1786
1,1,46,ECDSA-SHA3-256_signed-by_RSA-SHA256,ECDSA-SHA3-256_signed-by_RSA-SHA256,5.429,6742.81,2440.14,0,0,0,118,24,2138.01,2124.65,1790,1786
1,1,47,ECDSA-SHA3-256_signed-by_RSA-SHA256,ECDSA-SHA3-256_signed-by_RSA-SHA256,5.439,6730.41,2435.66,0,0,0,118,24,2164.05,2127.16,1790,1786
1,1,48,ECDSA-SHA3-256_signed-by_RSA-SHA256,ECDSA-SHA3-256_signed-by_RSA-SHA256,5.468,6694.72,2422.74,0,0,0,118,24,2147.78,2124.91,1790,1786
1,1,49,ECDSA-SHA3-256_signed-by_RSA-SHA256,ECDSA-SHA3-256_signed-by_RSA-SHA256,5.58,6560.35,2374.11,0,0,0,118,24,2151.83,2249.94,1790,1786
1,1,50,ECDSA-SHA3-256_signed-by_RSA-SHA256,ECDSA-SHA3-256_signed-by_RSA-SHA256,5.563,6580.39,2381.37,0,0,0,118,24,2147.71,2136.82,1790,1786
1,1,51,ECDSA-SHA3-256_signed-by_RSA-SHA256,ECDSA-SHA3-256_signed-by_RSA-SHA256,5.567,6575.67,2379.66,0,0,0,118,24,2154.95,2125.95,1790,1786
1,1,52,ECDSA-SHA3-256_signed-by_RSA-SHA256,ECDSA-SHA3-256_signed-by_RSA-SHA256,7.005,5225.84,1891.17,0,0,0,118,24,2213.39,2128.78,1790,1786
1,1,53,ECDSA-SHA3-256_signed-by_RSA-SHA256,ECDSA-SHA3-256_signed-by_RSA-SHA256,5.55,6595.81,2386.94,0,0,0,118,24,2141.69,2118.23,1790,1786
1,1,54,ECDSA-SHA3-256_signed-by_RSA-SHA256,ECDSA-SHA3-256_signed-by_RSA-SHA256,5.566,6576.85,2380.08,0,0,0,118,24,2162.09,2121.58,1790,1786
1,1,55,ECDSA-SHA3-256_signed-by_RSA-SHA256,ECDSA-SHA3-256_signed-by_RSA-SHA256,5.449,6718.06,2431.19,0,0,0,118,24,2152.11,2120.97,1790,1786
1,1,56,ECDSA-SHA3-256_signed-by_RSA-SHA256,ECDSA-SHA3-256_signed-by_RSA-SHA256,5.59,6548.61,2369.86,0,0,0,118,24,2158.11,2132.22,1790,1786
1,1,57,ECDSA-SHA3-256_signed-by_RSA-SHA256,ECDSA-SHA3-256_signed-by_RSA-SHA256,5.568,6574.49,2379.23,0,0,0,118,24,2156.42,2141.05,1790,1786
1,1,58,ECDSA-SHA3-256_signed-by_RSA-SHA256,ECDSA-SHA3-256_signed-by_RSA-SHA256,5.412,6763.99,2447.81,0,0,0,118,24,2145.66,2128.33,1790,1786
1,1,59,ECDSA-SHA3-256_signed-by_RSA-SHA256,ECDSA-SHA3-256_signed-by_RSA-SHA256,5.53,6619.66,2395.58,0,0,0,118,24,2157.4,2117.4,1790,1786
1,1,60,ECDSA-SHA3-256_signed-by_RSA-SHA256,ECDSA-SHA3-256_signed-by_RSA-SHA256,5.5,6655.77,2408.64,0,0,0,118,24,2155.44,2120.54,1790,1786
1,1,61,ECDSA-SHA3-256_signed-by_RSA-SHA256,ECDSA-SHA3-256_signed-by_RSA-SHA256,5.523,6628.05,2398.61,0,0,0,118,24,2141.56,2118.36,1790,1786
1,1,62,ECDSA-SHA3-256_signed-by_RSA-SHA256,ECDSA-SHA3-256_signed-by_RSA-SHA256,5.557,6587.5,2383.94,0,0,0,118,24,2156.7,2129.74,1790,1786
1,1,63,ECDSA-SHA3-256_signed-by_RSA-SHA256,ECDSA-SHA3-256_signed-by_RSA-SHA256,5.503,6652.14,2407.33,0,0,0,118,24,2138.08,2118.29,1790,1786
1,1,64,ECDSA-SHA3-256_signed-by_RSA-SHA256,ECDSA-SHA3-256_signed-by_RSA-SHA256,5.522,6629.25,2399.05,0,0,0,118,24,2149.7,2188.88,1790,1786
1,1,65,ECDSA-SHA3-256_signed-by_RSA-SHA256,ECDSA-SHA3-256_signed-by_RSA-SHA256,5.52,6631.65,2399.92,0,0,0,118,24,2159.23,2137.21,1790,1786
1,1,66,ECDSA-SHA3-256_signed-by_RSA-SHA256,ECDSA-SHA3-256_signed-by_RSA-SHA256,5.591,6547.44,2369.44,0,0,0,118,24,2140.02,2110.74,1790,1786
1,1,67,ECDSA-SHA3-256_signed-by_RSA-SHA256,ECDSA-SHA3-256_signed-by_RSA-SHA256,5.497,6659.4,2409.96,0,0,0,118,24,2148.51,2119.4,1790,1786
1,1,68,ECDSA-SHA3-256_signed-by_RSA-SHA256,ECDSA-SHA3-256_signed-by_RSA-SHA256,5.64,6490.56,2348.86,0,0,0,118,24,2231.9,2147.37,1790,1786
1,1,69,ECDSA-SHA3-256_signed-by_RSA-SHA256,ECDSA-SHA3-256_signed-by_RSA-SHA256,5.583,6556.82,2372.84,0,0,0,118,24,2154.67,2120.37,1790,1786
1,1,70,ECDSA-SHA3-256_signed-by_RSA-SHA256,ECDSA-SHA3-256_signed-by_RSA-SHA256,6.5,5631.88,2038.11,0,0,0,118,24,2141.59,2128.36,1790,1786
1,1,71,ECDSA-SHA3-256_signed-by_RSA-SHA256,ECDSA-SHA3-256_signed-by_RSA-SHA256,5.536,6612.49,2392.98,0,0,0,118,24,2154.22,2112.78,1790,1786
1,1,72,ECDSA-SHA3-256_signed-by_RSA-SHA256,ECDSA-SHA3-256_signed-by_RSA-SHA256,5.417,6757.74,2445.55,0,0,0,118,24,2161.36,2131.35,1790,1786
1,1,73,ECDSA-SHA3-256_signed-by_RSA-SHA256,ECDSA-SHA3-256_signed-by_RSA-SHA256,5.427,6745.29,2441.04,0,0,0,118,24,2155.11,2125.93,1790,1786
1,1,74,ECDSA-SHA3-256_signed-by_RSA-SHA256,ECDSA-SHA3-256_signed-by_RSA-SHA256,5.564,6579.21,2380.94,0,0,0,118,24,2170.63,2127.11,1790,1786
1,1,75,ECDSA-SHA3-256_signed-by_RSA-SHA256,ECDSA-SHA3-256_signed-by_RSA-SHA256,5.552,6593.43,2386.08,0,0,0,118,24,2160.06,2129.22,1790,1786
1,1,76,ECDSA-SHA3-256_signed-by_RSA-SHA256,ECDSA-SHA3-256_signed-by_RSA-SHA256,5.607,6528.76,2362.68,0,0,0,118,24,2165.61,2106.51,1790,1786
1,1,77,ECDSA-SHA3-256_signed-by_RSA-SHA256,ECDSA-SHA3-256_signed-by_RSA-SHA256,5.55,6595.81,2386.94,0,0,0,118,24,2155.18,2114.81,1790,1786
1,1,78,ECDSA-SHA3-256_signed-by_RSA-SHA256,ECDSA-SHA3-256_signed-by_RSA-SHA256,5.496,6660.61,2410.4,0,0,0,118,24,2163.22,2130.38,1790,1786
1,1,79,ECDSA-SHA3-256_signed-by_RSA-SHA256,ECDSA-SHA3-256_signed-by_RSA-SHA256,5.456,6709.44,2428.07,0,0,0,118,24,2149.47,2126.11,1790,1786
1,1,80,ECDSA-SHA3-256_signed-by_RSA-SHA256,ECDSA-SHA3-256_signed-by_RSA-SHA256,5.447,6720.53,2432.08,0,0,0,118,24,2149.67,2120.15,1790,1786
1,1,81,ECDSA-SHA3-256_signed-by_RSA-SHA256,ECDSA-SHA3-256_signed-by_RSA-SHA256,5.643,6487.11,2347.61,0,0,0,118,24,2148.03,2136.4,1790,1786
1,1,82,ECDSA-SHA3-256_signed-by_RSA-SHA256,ECDSA-SHA3-256_signed-by_RSA-SHA256,5.513,6640.07,2402.96,0,0,0,118,24,2151.61,2120.24,1790,1786
1,1,83,ECDSA-SHA3-256_signed-by_RSA-SHA256,ECDSA-SHA3-256_signed-by_RSA-SHA256,5.614,6520.62,2359.73,0,0,0,118,24,2153.7,2106.57,1790,1786
1,1,84,ECDSA-SHA3-256_signed-by_RSA-SHA256,ECDSA-SHA3-256_signed-by_RSA-SHA256,5.487,6671.54,2414.35,0,0,0,118,24,2146.61,2123.29,1790,1786
1,1,85,ECDSA-SHA3-256_signed-by_RSA-SHA256,ECDSA-SHA3-256_signed-by_RSA-SHA256,5.466,6697.17,2423.63,0,0,0,118,24,2169.62,2109.8,1790,1786
1,1,86,ECDSA-SHA3-256_signed-by_RSA-SHA256,ECDSA-SHA3-256_signed-by_RSA-SHA256,5.577,6563.88,2375.39,0,0,0,118,24,2145.36,2113.11,1790,1786
1,1,87,ECDSA-SHA3-256_signed-by_RSA-SHA256,ECDSA-SHA3-256_signed-by_RSA-SHA256,5.469,6693.49,2422.3,0,0,0,118,24,2156.81,2119.18,1790,1786
1,1,88,ECDSA-SHA3-256_signed-by_RSA-SHA256,ECDSA-SHA3-256_signed-by_RSA-SHA256,5.497,6659.4,2409.96,0,0,0,118,24,2159.28,2136.71,1790,1786
1,1,89,ECDSA-SHA3-256_signed-by_RSA-SHA256,ECDSA-SHA3-256_signed-by_RSA-SHA256,5.594,6543.35,2367.96,0,0,0,118,24,2147.78,2119.67,1790,1786
1,1,90,ECDSA-SHA3-256_signed-by_RSA-SHA256,ECDSA-SHA3-256_signed-by_RSA-SHA256,5.596,6541.59,2367.32,0,0,0,118,24,2160.8,2123.06,1790,1786
1,1,91,ECDSA-SHA3-256_signed-by_RSA-SHA256,ECDSA-SHA3-256_signed-by_RSA-SHA256,5.467,6695.94,2423.18,0,0,0,118,24,2165.29,2124.67,1790,1786
1,1,92,ECDSA-SHA3-256_signed-by_RSA-SHA256,ECDSA-SHA3-256_signed-by_RSA-SHA256,5.44,6729.17,2435.21,0,0,0,118,24,2159.63,2123.2,1790,1786
1,1,93,ECDSA-SHA3-256_signed-by_RSA-SHA256,ECDSA-SHA3-256_signed-by_RSA-SHA256,5.531,6618.46,2395.14,0,0,0,118,24,2156.62,2128.37,1790,1786
1,1,94,ECDSA-SHA3-256_signed-by_RSA-SHA256,ECDSA-SHA3-256_signed-by_RSA-SHA256,5.421,6752.76,2443.74,0,0,0,118,24,2144.75,2135.25,1790,1786
1,1,95,ECDSA-SHA3-256_signed-by_RSA-SHA256,ECDSA-SHA3-256_signed-by_RSA-SHA256,5.537,6611.29,2392.55,0,0,0,118,24,2157.81,2123.14,1790,1786
1,1,96,ECDSA-SHA3-256_signed-by_RSA-SHA256,ECDSA-SHA3-256_signed-by_RSA-SHA256,5.489,6669.11,2413.47,0,0,0,118,24,2145.86,2122.02,1790,1786
1,1,97,ECDSA-SHA3-256_signed-by_RSA-SHA256,ECDSA-SHA3-256_signed-by_RSA-SHA256,5.46,6704.53,2426.29,0,0,0,118,24,2154.67,2120.2,1790,1786
1,1,98,ECDSA-SHA3-256_signed-by_RSA-SHA256,ECDSA-SHA3-256_signed-by_RSA-SHA256,5.504,6650.93,2406.89,0,0,0,118,24,2159.14,2116.74,1790,1786
1,1,99,ECDSA-SHA3-256_signed-by_RSA-SHA256,ECDSA-SHA3-256_signed-by_RSA-SHA256,5.504,6650.93,2406.89,0,0,0,118,24,2149.98,2121.88,1790,1786
