scenario,node_id,handshake_index,sta_cert_algo,ap_cert_algo,handshake_delay_ms,goodput_kbps,throughput_kbps,phy_frame_drop_rate,mac_retries,mac_retry_rate,tx_delay_us,prop_delay_ns,cert_verify_ap_us,cert_verify_sta_us,server_cert_msg_bytes,client_cert_msg_bytes
1,8,0,ECDSA-SHA3-512_signed-by_ECDSA-SHA384,ECDSA-SHA3-512_signed-by_ECDSA-SHA384,30.502,938.952,592.746,0.695652,18,0.782609,183.217,14,3058.36,3115.87,1291,1289
1,3,0,ECDSA-SHA3-512_signed-by_ECDSA-SHA384,ECDSA-SHA3-512_signed-by_ECDSA-SHA384,42.395,675.732,387.966,1,10,0.5,192.6,24,3028.91,3029.53,1292,1289
1,6,0,ECDSA-SHA3-512_signed-by_ECDSA-SHA384,ECDSA-SHA3-512_signed-by_ECDSA-SHA384,53.616,533.861,156.368,1,0,0,200,8,3065.93,3017.68,1291,1287
1,7,0,ECDSA-SHA3-512_signed-by_ECDSA-SHA384,ECDSA-SHA3-512_signed-by_ECDSA-SHA384,61.754,464.033,166.985,1,6,0.333333,161,16,3032.76,3164.49,1293,1289
1,5,0,ECDSA-SHA3-512_signed-by_ECDSA-SHA384,ECDSA-SHA3-512_signed-by_ECDSA-SHA384,66.103,433.261,147.285,1,3,0.176471,218.353,15,3032.06,3029.1,1291,1289
1,2,0,ECDSA-SHA3-512_signed-by_ECDSA-SHA384,ECDSA-SHA3-512_signed-by_ECDSA-SHA384,70.653,405.359,126.137,1,4,0.266667,172.933,24,3214.57,3001.58,1293,1287
1,1,0,ECDSA-SHA3-512_signed-by_ECDSA-SHA384,ECDSA-SHA3-512_signed-by_ECDSA-SHA384,75.436,379.656,118.139,1,1,0.0666667,196.667,24,3026.38,3032.45,1291,1289
1,8,1,ECDSA-SHA3-512_signed-by_ECDSA-SHA384,ECDSA-SHA3-512_signed-by_ECDSA-SHA384,45.301,632.207,470.094,0.705882,15,0.882353,700.118,14,3039.34,2972.78,1291,1289
1,3,1,ECDSA-SHA3-512_signed-by_ECDSA-SHA384,ECDSA-SHA3-512_signed-by_ECDSA-SHA384,36.585,783.043,335.434,1,0,0,119.333,24,3030.15,2949.83,1292,1289
1,6,1,ECDSA-SHA3-512_signed-by_ECDSA-SHA384,ECDSA-SHA3-512_signed-by_ECDSA-SHA384,27.209,1052,511.006,0.75,5,0.416667,575,8,3018.54,2990.77,1291,1287
1,7,1,ECDSA-SHA3-512_signed-by_ECDSA-SHA384,ECDSA-SHA3-512_signed-by_ECDSA-SHA384,21.095,1358.42,659.112,0.5,5,0.416667,110,16,3011.21,3004.81,1293,1289
1,5,1,ECDSA-SHA3-512_signed-by_ECDSA-SHA384,ECDSA-SHA3-512_signed-by_ECDSA-SHA384,19.659,1456.83,637.263,0.6,0,0,522.8,15,3259.26,3001.96,1291,1289
1,2,1,ECDSA-SHA3-512_signed-by_ECDSA-SHA384,ECDSA-SHA3-512_signed-by_ECDSA-SHA384,17.561,1630.88,806.327,0.538462,2,0.153846,193.692,24,3048.13,3001.58,1293,1287
1,8,2,ECDSA-SHA3-512_signed-by_ECDSA-SHA384,ECDSA-SHA3-512_signed-by_ECDSA-SHA384,13.742,2084.12,893.026,0.777778,0,0,126.889,14,3032.08,2972.08,1291,1289
1,1,1,ECDSA-SHA3-512_signed-by_ECDSA-SHA384,ECDSA-SHA3-512_signed-by_ECDSA-SHA384,15.686,1825.81,782.344,1,0,0,126.889,24,3022.94,2983.14,1291,1289
1,3,2,ECDSA-SHA3-512_signed-by_ECDSA-SHA384,ECDSA-SHA3-512_signed-by_ECDSA-SHA384,14.557,1967.97,972.718,0.538462,5,0.384615,97.6923,24,3026.16,2979.8,1292,1289
1,6,2,ECDSA-SHA3-512_signed-by_ECDSA-SHA384,ECDSA-SHA3-512_signed-by_ECDSA-SHA384,13.631,2099.9,900.293,0.777778,0,0,118,8,3038.16,2981.84,1291,1287
1,7,2,ECDSA-SHA3-512_signed-by_ECDSA-SHA384,ECDSA-SHA3-512_signed-by_ECDSA-SHA384,13.63,2102.4,1263.08,0.857143,11,0.785714,114,16,3034.53,2968.5,1293,1289
1,5,2,ECDSA-SHA3-512_signed-by_ECDSA-SHA384,ECDSA-SHA3-512_signed-by_ECDSA-SHA384,12.568,2278.78,976.437,1,0,0,231.333,15,3008.36,2999.75,1291,1289
1,2,2,ECDSA-SHA3-512_signed-by_ECDSA-SHA384,ECDSA-SHA3-512_signed-by_ECDSA-SHA384,12.197,2348.09,1027.12,1,0,0,154.8,24,3021.74,3015.32,1293,1287
1,8,3,ECDSA-SHA3-512_signed-by_ECDSA-SHA384,ECDSA-SHA3-512_signed-by_ECDSA-SHA384,12.338,2321.24,1015.38,1,0,0,118,14,3036.31,2997.72,1291,1289
1,1,2,ECDSA-SHA3-512_signed-by_ECDSA-SHA384,ECDSA-SHA3-512_signed-by_ECDSA-SHA384,11.241,2547.78,1091.7,1,0,0,126.889,24,3003.81,2994.94,1291,1289
1,5,3,ECDSA-SHA3-512_signed-by_ECDSA-SHA384,ECDSA-SHA3-512_signed-by_ECDSA-SHA384,9.496,3015.7,1319.16,1,0,0,206.4,15,3005.66,2981.57,1291,1289
1,6,3,ECDSA-SHA3-512_signed-by_ECDSA-SHA384,ECDSA-SHA3-512_signed-by_ECDSA-SHA384,16.027,1785.91,1062.17,1,7,0.538462,111.846,8,3059.32,3038.66,1291,1287
1,3,3,ECDSA-SHA3-512_signed-by_ECDSA-SHA384,ECDSA-SHA3-512_signed-by_ECDSA-SHA384,18.622,1538.32,1488.92,1,23,1.15,126.4,24,3004.61,2994.01,1292,1289
1,2,3,ECDSA-SHA3-512_signed-by_ECDSA-SHA384,ECDSA-SHA3-512_signed-by_ECDSA-SHA384,12.636,2266.48,991.426,1,0,0,154.8,24,3040.25,2984.65,1293,1287
1,8,4,ECDSA-SHA3-512_signed-by_ECDSA-SHA384,ECDSA-SHA3-512_signed-by_ECDSA-SHA384,11.78,2431.21,1041.75,0.777778,0,0,126.889,14,3029.54,2977.34,1291,1289
1,7,3,ECDSA-SHA3-512_signed-by_ECDSA-SHA384,ECDSA-SHA3-512_signed-by_ECDSA-SHA384,18.644,1536.94,1524.92,1,26,1.04,201.84,16,3026.38,2983.44,1293,1289
1,1,3,ECDSA-SHA3-512_signed-by_ECDSA-SHA384,ECDSA-SHA3-512_signed-by_ECDSA-SHA384,15.684,1826.01,902.806,1,8,0.615385,104.462,24,3032.84,2983.18,1291,1289
1,3,4,ECDSA-SHA3-512_signed-by_ECDSA-SHA384,ECDSA-SHA3-512_signed-by_ECDSA-SHA384,11.893,2408.79,1053.38,1,0,0,110,24,3039.83,2964.03,1292,1289
1,6,4,ECDSA-SHA3-512_signed-by_ECDSA-SHA384,ECDSA-SHA3-512_signed-by_ECDSA-SHA384,14.419,1985.11,1281.61,1,9,0.692308,124.154,8,3004.83,2986.82,1291,1287
1,2,4,ECDSA-SHA3-512_signed-by_ECDSA-SHA384,ECDSA-SHA3-512_signed-by_ECDSA-SHA384,12.573,2277.88,976.05,1,0,0,167.778,24,3015.94,2973.77,1293,1287
1,5,4,ECDSA-SHA3-512_signed-by_ECDSA-SHA384,ECDSA-SHA3-512_signed-by_ECDSA-SHA384,19.212,1490.67,886.077,1,7,0.538462,215.231,15,3003.02,3046.16,1291,1289
1,7,4,ECDSA-SHA3-512_signed-by_ECDSA-SHA384,ECDSA-SHA3-512_signed-by_ECDSA-SHA384,15.454,1854.25,794.086,1,0,0,126.889,16,3028.5,2974.69,1293,1289
1,8,5,ECDSA-SHA3-512_signed-by_ECDSA-SHA384,ECDSA-SHA3-512_signed-by_ECDSA-SHA384,19.17,1493.96,1049.11,1,14,0.875,121.5,14,3026.87,3015.7,1291,1289
1,1,4,ECDSA-SHA3-512_signed-by_ECDSA-SHA384,ECDSA-SHA3-512_signed-by_ECDSA-SHA384,17.033,1681.4,1007.9,1,15,0.833333,195.778,24,3005.56,3016.58,1291,1289
1,6,5,ECDSA-SHA3-512_signed-by_ECDSA-SHA384,ECDSA-SHA3-512_signed-by_ECDSA-SHA384,12.086,2368.18,1045.76,1,0,0,103.091,8,3022.07,3020.79,1291,1287
1,5,5,ECDSA-SHA3-512_signed-by_ECDSA-SHA384,ECDSA-SHA3-512_signed-by_ECDSA-SHA384,12.818,2234.35,977.372,1,0,0,212,15,3005.73,2993.07,1291,1289
1,3,5,ECDSA-SHA3-512_signed-by_ECDSA-SHA384,ECDSA-SHA3-512_signed-by_ECDSA-SHA384,18.851,1519.67,1165.32,1,15,0.833333,112.667,24,3025.37,2968.15,1292,1289
1,7,5,ECDSA-SHA3-512_signed-by_ECDSA-SHA384,ECDSA-SHA3-512_signed-by_ECDSA-SHA384,13.89,2063.03,1312,1,9,0.75,188,16,2969.8,3002.77,1293,1289
1,8,6,ECDSA-SHA3-512_signed-by_ECDSA-SHA384,ECDSA-SHA3-512_signed-by_ECDSA-SHA384,13.444,2130.28,912.809,0.222222,0,0,121.556,14,3023.2,2979.87,1291,1289
1,1,5,ECDSA-SHA3-512_signed-by_ECDSA-SHA384,ECDSA-SHA3-512_signed-by_ECDSA-SHA384,13.669,2095.22,1017.17,0,2,0.166667,258.667,24,3033.41,2994.27,1291,1289
1,6,6,ECDSA-SHA3-512_signed-by_ECDSA-SHA384,ECDSA-SHA3-512_signed-by_ECDSA-SHA384,12.848,2227.88,955.164,0.444444,0,0,118,8,3047.51,2993.56,1291,1287
1,2,5,ECDSA-SHA3-512_signed-by_ECDSA-SHA384,ECDSA-SHA3-512_signed-by_ECDSA-SHA384,25.736,1112.83,954.302,1,20,1.17647,230.471,24,3068.8,2988.3,1293,1287
1,5,6,ECDSA-SHA3-512_signed-by_ECDSA-SHA384,ECDSA-SHA3-512_signed-by_ECDSA-SHA384,12.587,2275.36,974.971,0.444444,0,0,193.111,15,3014.67,2983.71,1291,1289
1,3,6,ECDSA-SHA3-512_signed-by_ECDSA-SHA384,ECDSA-SHA3-512_signed-by_ECDSA-SHA384,11.081,2585.11,1107.39,0.444444,0,0,118,24,3013.89,3008.3,1292,1289
1,7,6,ECDSA-SHA3-512_signed-by_ECDSA-SHA384,ECDSA-SHA3-512_signed-by_ECDSA-SHA384,13.353,2146.01,1274.9,0.461538,7,0.538462,119.846,16,3047.6,3135.82,1293,1289
1,8,7,ECDSA-SHA3-512_signed-by_ECDSA-SHA384,ECDSA-SHA3-512_signed-by_ECDSA-SHA384,12.03,2380.69,1041.39,0.6,0,0,115.6,14,3197.15,3007.84,1291,1289
1,6,7,ECDSA-SHA3-512_signed-by_ECDSA-SHA384,ECDSA-SHA3-512_signed-by_ECDSA-SHA384,9.832,2911.02,1414.02,0.166667,5,0.416667,102.667,8,3041.48,2993.16,1291,1287
1,2,6,ECDSA-SHA3-512_signed-by_ECDSA-SHA384,ECDSA-SHA3-512_signed-by_ECDSA-SHA384,12.17,2353.29,1029.4,0.7,0,0,158.8,24,2995.91,2987.27,1293,1287
1,5,7,ECDSA-SHA3-512_signed-by_ECDSA-SHA384,ECDSA-SHA3-512_signed-by_ECDSA-SHA384,12.854,2228.06,974.621,0.7,0,0,212,15,3012.32,3005.89,1291,1289
1,1,6,ECDSA-SHA3-512_signed-by_ECDSA-SHA384,ECDSA-SHA3-512_signed-by_ECDSA-SHA384,17.501,1636.42,1041.28,0.916667,9,0.75,144,24,3015.8,2989.58,1291,1289
1,3,7,ECDSA-SHA3-512_signed-by_ECDSA-SHA384,ECDSA-SHA3-512_signed-by_ECDSA-SHA384,14.808,1934.58,951.896,0.923077,6,0.461538,97.6923,24,3142.94,2976.1,1292,1289
1,7,7,ECDSA-SHA3-512_signed-by_ECDSA-SHA384,ECDSA-SHA3-512_signed-by_ECDSA-SHA384,11.465,2499.43,1070.38,1,0,0,126.889,16,3034.05,2958.97,1293,1289
1,8,8,ECDSA-SHA3-512_signed-by_ECDSA-SHA384,ECDSA-SHA3-512_signed-by_ECDSA-SHA384,11.468,2497.17,1234.63,0.769231,5,0.384615,97.6923,14,3036.92,3000.41,1291,1289
1,2,7,ECDSA-SHA3-512_signed-by_ECDSA-SHA384,ECDSA-SHA3-512_signed-by_ECDSA-SHA384,11.651,2458.14,1079.39,1,4,0.363636,143.818,24,3023.21,2987.57,1293,1287
1,5,8,ECDSA-SHA3-512_signed-by_ECDSA-SHA384,ECDSA-SHA3-512_signed-by_ECDSA-SHA384,11.754,2436.59,1182.9,1,5,0.416667,193.667,15,2993.18,3004.86,1291,1289
1,1,7,ECDSA-SHA3-512_signed-by_ECDSA-SHA384,ECDSA-SHA3-512_signed-by_ECDSA-SHA384,12.77,2242.7,1001.07,1,0,0,121.636,24,3025.32,2988.78,1291,1289
1,6,8,ECDSA-SHA3-512_signed-by_ECDSA-SHA384,ECDSA-SHA3-512_signed-by_ECDSA-SHA384,20.559,1392.22,1175.88,1,12,0.8,127.067,8,3036.06,2963.01,1291,1287
1,3,8,ECDSA-SHA3-512_signed-by_ECDSA-SHA384,ECDSA-SHA3-512_signed-by_ECDSA-SHA384,12.936,2214.53,1315.98,0.846154,7,0.538462,113.077,24,3002.34,3169.83,1292,1289
1,8,9,ECDSA-SHA3-512_signed-by_ECDSA-SHA384,ECDSA-SHA3-512_signed-by_ECDSA-SHA384,12.996,2203.69,944.263,1,0,0,118,14,3033.03,2981.26,1291,1289
1,7,8,ECDSA-SHA3-512_signed-by_ECDSA-SHA384,ECDSA-SHA3-512_signed-by_ECDSA-SHA384,14.474,1979.76,1189.4,1,8,0.571429,114,16,3032.82,2990.32,1293,1289
1,2,8,ECDSA-SHA3-512_signed-by_ECDSA-SHA384,ECDSA-SHA3-512_signed-by_ECDSA-SHA384,12.893,2221.29,1098.24,0.307692,2,0.153846,193.692,24,3021.9,3047.52,1293,1287
1,5,9,ECDSA-SHA3-512_signed-by_ECDSA-SHA384,ECDSA-SHA3-512_signed-by_ECDSA-SHA384,11.871,2412.54,1033.75,0.888889,0,0,168.667,15,2975.9,2982.79,1291,1289
1,1,8,ECDSA-SHA3-512_signed-by_ECDSA-SHA384,ECDSA-SHA3-512_signed-by_ECDSA-SHA384,11.411,2509.81,1075.43,0.888889,0,0,126.889,24,3223.37,2990.02,1291,1289
1,6,9,ECDSA-SHA3-512_signed-by_ECDSA-SHA384,ECDSA-SHA3-512_signed-by_ECDSA-SHA384,12.441,2300.72,1248.74,0.866667,10,0.666667,94,8,3151.96,3014.63,1291,1287
1,8,10,ECDSA-SHA3-512_signed-by_ECDSA-SHA384,ECDSA-SHA3-512_signed-by_ECDSA-SHA384,11.277,2539.64,1088.22,1,0,0,118,14,3029.95,2989.2,1291,1289
1,3,9,ECDSA-SHA3-512_signed-by_ECDSA-SHA384,ECDSA-SHA3-512_signed-by_ECDSA-SHA384,13.063,2193.01,1395.05,1,9,0.75,133.333,24,3005.97,2984.27,1292,1289
1,7,9,ECDSA-SHA3-512_signed-by_ECDSA-SHA384,ECDSA-SHA3-512_signed-by_ECDSA-SHA384,11.55,2480.99,1062.49,1,0,0,126.889,16,3016.99,2994.45,1293,1289
1,5,10,ECDSA-SHA3-512_signed-by_ECDSA-SHA384,ECDSA-SHA3-512_signed-by_ECDSA-SHA384,12.744,2247.28,1119.87,1,5,0.357143,128,15,2982,2985.78,1291,1289
1,6,10,ECDSA-SHA3-512_signed-by_ECDSA-SHA384,ECDSA-SHA3-512_signed-by_ECDSA-SHA384,12.567,2277.66,1106.36,1,5,0.416667,102.667,8,3040.73,3008.4,1291,1287
1,2,9,ECDSA-SHA3-512_signed-by_ECDSA-SHA384,ECDSA-SHA3-512_signed-by_ECDSA-SHA384,19.252,1487.56,983.121,1,10,0.666667,162.267,24,3015.8,3001.64,1293,1287
1,1,9,ECDSA-SHA3-512_signed-by_ECDSA-SHA384,ECDSA-SHA3-512_signed-by_ECDSA-SHA384,17.59,1628.12,1374.35,1,18,1.2,169.733,24,3010.38,3022.7,1291,1289
1,8,11,ECDSA-SHA3-512_signed-by_ECDSA-SHA384,ECDSA-SHA3-512_signed-by_ECDSA-SHA384,15.276,1874.75,1192.93,1,9,0.75,133.333,14,3037.5,3018.09,1291,1289
1,7,10,ECDSA-SHA3-512_signed-by_ECDSA-SHA384,ECDSA-SHA3-512_signed-by_ECDSA-SHA384,14.672,1953.02,1160.26,0.692308,7,0.538462,119.846,16,3042.86,3134.23,1293,1289
1,3,10,ECDSA-SHA3-512_signed-by_ECDSA-SHA384,ECDSA-SHA3-512_signed-by_ECDSA-SHA384,15.554,1841.76,788.957,1,0,0,118,24,3030.69,2970.35,1292,1289
1,5,11,ECDSA-SHA3-512_signed-by_ECDSA-SHA384,ECDSA-SHA3-512_signed-by_ECDSA-SHA384,11.554,2478.75,1577.26,0.666667,9,0.75,194.667,15,3000.47,2964.4,1291,1289
1,6,11,ECDSA-SHA3-512_signed-by_ECDSA-SHA384,ECDSA-SHA3-512_signed-by_ECDSA-SHA384,10.705,2673.85,1146.36,0.777778,0,0,118,8,3045.71,2996.8,1291,1287
1,2,10,ECDSA-SHA3-512_signed-by_ECDSA-SHA384,ECDSA-SHA3-512_signed-by_ECDSA-SHA384,9.429,3037.43,1301.51,1,0,0,167.778,24,3011.9,2982.16,1293,1287
1,1,10,ECDSA-SHA3-512_signed-by_ECDSA-SHA384,ECDSA-SHA3-512_signed-by_ECDSA-SHA384,11.022,2598.4,1136.62,1,0,0,118,24,3016.25,2986.23,1291,1289
1,7,11,ECDSA-SHA3-512_signed-by_ECDSA-SHA384,ECDSA-SHA3-512_signed-by_ECDSA-SHA384,11.413,2510.77,1092.07,1,4,0.4,118,16,3001.02,2995.78,1293,1289
1,5,12,ECDSA-SHA3-512_signed-by_ECDSA-SHA384,ECDSA-SHA3-512_signed-by_ECDSA-SHA384,8.776,3263.1,1398.21,1,0,0,155.333,15,2993.7,2978.72,1291,1289
1,6,12,ECDSA-SHA3-512_signed-by_ECDSA-SHA384,ECDSA-SHA3-512_signed-by_ECDSA-SHA384,9.872,2899.48,1269.03,1,0,0,107.6,8,3070.88,3026.29,1291,1287
1,2,11,ECDSA-SHA3-512_signed-by_ECDSA-SHA384,ECDSA-SHA3-512_signed-by_ECDSA-SHA384,9.911,2889.69,1257.58,1,5,0.5,154.8,24,2988.56,3008.77,1293,1287
1,3,11,ECDSA-SHA3-512_signed-by_ECDSA-SHA384,ECDSA-SHA3-512_signed-by_ECDSA-SHA384,16.822,1702.92,1588.31,0.954545,22,1,110,24,3010.29,2975.08,1292,1289
1,1,11,ECDSA-SHA3-512_signed-by_ECDSA-SHA384,ECDSA-SHA3-512_signed-by_ECDSA-SHA384,10.248,2794.66,1247.45,1,0,0,110.727,24,3032.02,2983.22,1291,1289
1,7,12,ECDSA-SHA3-512_signed-by_ECDSA-SHA384,ECDSA-SHA3-512_signed-by_ECDSA-SHA384,16.819,1703.7,863.739,1,2,0.133333,136.933,16,3033.39,2987.61,1293,1289
1,5,13,ECDSA-SHA3-512_signed-by_ECDSA-SHA384,ECDSA-SHA3-512_signed-by_ECDSA-SHA384,16.927,1691.88,1357.29,1,16,1,163,15,3013.6,3021.36,1291,1289
1,6,13,ECDSA-SHA3-512_signed-by_ECDSA-SHA384,ECDSA-SHA3-512_signed-by_ECDSA-SHA384,13.533,2115.06,906.793,1,0,0,118,8,3043.62,2973.83,1291,1287
1,3,12,ECDSA-SHA3-512_signed-by_ECDSA-SHA384,ECDSA-SHA3-512_signed-by_ECDSA-SHA384,12.827,2233.36,1327.17,1,7,0.538462,120.462,24,3002.95,2974.77,1292,1289
1,2,12,ECDSA-SHA3-512_signed-by_ECDSA-SHA384,ECDSA-SHA3-512_signed-by_ECDSA-SHA384,14.087,2033.02,1310.67,1,7,0.466667,198.533,24,2992.26,2981.08,1293,1287
1,1,12,ECDSA-SHA3-512_signed-by_ECDSA-SHA384,ECDSA-SHA3-512_signed-by_ECDSA-SHA384,12.727,2250.27,1337.59,1,7,0.538462,119.846,24,3012.26,2978.67,1291,1289
1,8,12,ECDSA-SHA3-512_signed-by_ECDSA-SHA384,ECDSA-SHA3-512_signed-by_ECDSA-SHA384,34.371,833.243,860.242,1,21,0.954545,109.636,14,3034.93,2999.94,1291,1289
1,7,13,ECDSA-SHA3-512_signed-by_ECDSA-SHA384,ECDSA-SHA3-512_signed-by_ECDSA-SHA384,11.046,2594.19,1688.9,1,12,0.75,108.5,16,3006.33,2979.37,1293,1289
1,5,14,ECDSA-SHA3-512_signed-by_ECDSA-SHA384,ECDSA-SHA3-512_signed-by_ECDSA-SHA384,11.143,2570.16,1527.74,1,7,0.538462,119.846,15,3025.31,2985.48,1291,1289
1,6,14,ECDSA-SHA3-512_signed-by_ECDSA-SHA384,ECDSA-SHA3-512_signed-by_ECDSA-SHA384,12.613,2269.32,993.224,1,0,0,110,8,3045.19,3005.12,1291,1287
1,2,13,ECDSA-SHA3-512_signed-by_ECDSA-SHA384,ECDSA-SHA3-512_signed-by_ECDSA-SHA384,11.914,2403.81,1030.01,1,0,0,166,24,3023.61,2972.95,1293,1287
1,3,13,ECDSA-SHA3-512_signed-by_ECDSA-SHA384,ECDSA-SHA3-512_signed-by_ECDSA-SHA384,13.572,2110.73,904.179,1,0,0,136.667,24,3045.48,2996.74,1292,1289
1,8,13,ECDSA-SHA3-512_signed-by_ECDSA-SHA384,ECDSA-SHA3-512_signed-by_ECDSA-SHA384,11.438,2503.88,1095.27,1,0,0,110,15,3034.89,2958.84,1291,1289
1,5,15,ECDSA-SHA3-512_signed-by_ECDSA-SHA384,ECDSA-SHA3-512_signed-by_ECDSA-SHA384,9.816,2917.69,1250.2,1,0,0,126.889,15,3027.07,2988.76,1291,1289
1,7,14,ECDSA-SHA3-512_signed-by_ECDSA-SHA384,ECDSA-SHA3-512_signed-by_ECDSA-SHA384,11.669,2455.7,1475.34,1,8,0.571429,114,16,3034,2976.48,1293,1289
1,6,15,ECDSA-SHA3-512_signed-by_ECDSA-SHA384,ECDSA-SHA3-512_signed-by_ECDSA-SHA384,10.556,2711.6,1186.8,1,0,0,110,8,3033.99,3008.84,1291,1287
1,3,14,ECDSA-SHA3-512_signed-by_ECDSA-SHA384,ECDSA-SHA3-512_signed-by_ECDSA-SHA384,9.743,2940.35,1259.56,0.111111,0,0,136.667,24,3002.84,2980.45,1292,1289
1,1,13,ECDSA-SHA3-512_signed-by_ECDSA-SHA384,ECDSA-SHA3-512_signed-by_ECDSA-SHA384,23.467,1220.4,1645.84,0.964286,40,1.42857,141.143,24,3023.65,2971.68,1291,1289
1,8,14,ECDSA-SHA3-512_signed-by_ECDSA-SHA384,ECDSA-SHA3-512_signed-by_ECDSA-SHA384,11.033,2595.79,1112.27,0.333333,0,0,118,15,3241.19,2971.29,1291,1289
1,2,14,ECDSA-SHA3-512_signed-by_ECDSA-SHA384,ECDSA-SHA3-512_signed-by_ECDSA-SHA384,14.53,1971.02,1271.8,1,9,0.692308,178.308,24,3003.14,3024.12,1293,1287
1,5,16,ECDSA-SHA3-512_signed-by_ECDSA-SHA384,ECDSA-SHA3-512_signed-by_ECDSA-SHA384,11.203,2556.42,1241.08,1,5,0.416667,110,15,3028.84,2991.3,1291,1289
1,6,16,ECDSA-SHA3-512_signed-by_ECDSA-SHA384,ECDSA-SHA3-512_signed-by_ECDSA-SHA384,9.546,2998.25,1312.26,1,0,0,110,8,3042.89,2973.92,1291,1287
1,3,15,ECDSA-SHA3-512_signed-by_ECDSA-SHA384,ECDSA-SHA3-512_signed-by_ECDSA-SHA384,9.273,3089.11,1323.29,1,0,0,136.667,24,3027.9,2970.16,1292,1289
1,7,15,ECDSA-SHA3-512_signed-by_ECDSA-SHA384,ECDSA-SHA3-512_signed-by_ECDSA-SHA384,13.705,2090.84,1242.13,1,7,0.538462,119.846,16,2989.73,2982.27,1293,1289
1,1,14,ECDSA-SHA3-512_signed-by_ECDSA-SHA384,ECDSA-SHA3-512_signed-by_ECDSA-SHA384,12.435,2303.13,1028.04,1,0,0,110.727,24,3001.71,2982.97,1291,1289
1,5,17,ECDSA-SHA3-512_signed-by_ECDSA-SHA384,ECDSA-SHA3-512_signed-by_ECDSA-SHA384,9.644,2969.68,1272.48,1,0,0,126.889,15,2989.01,2989.49,1291,1289
1,3,16,ECDSA-SHA3-512_signed-by_ECDSA-SHA384,ECDSA-SHA3-512_signed-by_ECDSA-SHA384,8.562,3345.92,1433.3,1,0,0,136.667,24,3050.97,2956.59,1292,1289
1,8,15,ECDSA-SHA3-512_signed-by_ECDSA-SHA384,ECDSA-SHA3-512_signed-by_ECDSA-SHA384,15.854,1806.41,1461.27,1,21,1.23529,123.647,15,3271.89,2976.65,1291,1289
1,6,17,ECDSA-SHA3-512_signed-by_ECDSA-SHA384,ECDSA-SHA3-512_signed-by_ECDSA-SHA384,12.08,2369.47,1907.23,0.75,9,0.5625,110,8,3049.66,2987.28,1291,1287
1,1,15,ECDSA-SHA3-512_signed-by_ECDSA-SHA384,ECDSA-SHA3-512_signed-by_ECDSA-SHA384,10.014,2859.71,1250.92,0.6,0,0,123.6,24,2999.66,3015.83,1291,1289
1,2,15,ECDSA-SHA3-512_signed-by_ECDSA-SHA384,ECDSA-SHA3-512_signed-by_ECDSA-SHA384,22.653,1264.27,1075.69,1,19,1.1875,212.5,24,3019.29,2977.75,1293,1287
1,5,18,ECDSA-SHA3-512_signed-by_ECDSA-SHA384,ECDSA-SHA3-512_signed-by_ECDSA-SHA384,11.38,2516.69,1078.38,0.444444,0,0,126.889,15,3011.72,3008.14,1291,1289
1,3,17,ECDSA-SHA3-512_signed-by_ECDSA-SHA384,ECDSA-SHA3-512_signed-by_ECDSA-SHA384,12.026,2382.16,1020.45,0.444444,0,0,136.667,24,3022.18,2960.81,1292,1289
1,8,16,ECDSA-SHA3-512_signed-by_ECDSA-SHA384,ECDSA-SHA3-512_signed-by_ECDSA-SHA384,12.467,2297.24,1099.85,0.363636,0,0,150.727,15,3031.38,2998.46,1291,1289
1,6,18,ECDSA-SHA3-512_signed-by_ECDSA-SHA384,ECDSA-SHA3-512_signed-by_ECDSA-SHA384,12.036,2378.18,1414.41,0.461538,7,0.538462,111.846,8,3045,2980.13,1291,1287
1,7,16,ECDSA-SHA3-512_signed-by_ECDSA-SHA384,ECDSA-SHA3-512_signed-by_ECDSA-SHA384,23.534,1217.63,790.677,1,11,0.785714,170,16,3014.78,2978.84,1293,1289
1,1,16,ECDSA-SHA3-512_signed-by_ECDSA-SHA384,ECDSA-SHA3-512_signed-by_ECDSA-SHA384,10.766,2660,1139.79,0.333333,0,0,136.667,24,3009.51,3000.91,1291,1289
1,2,16,ECDSA-SHA3-512_signed-by_ECDSA-SHA384,ECDSA-SHA3-512_signed-by_ECDSA-SHA384,10.633,2693.25,1178.11,0.5,0,0,126.8,24,3034.71,3097.88,1293,1287
1,3,18,ECDSA-SHA3-512_signed-by_ECDSA-SHA384,ECDSA-SHA3-512_signed-by_ECDSA-SHA384,9.99,2867.38,1391.65,0.416667,5,0.416667,118,24,3018.83,3008.44,1292,1289
1,8,17,ECDSA-SHA3-512_signed-by_ECDSA-SHA384,ECDSA-SHA3-512_signed-by_ECDSA-SHA384,10.187,2811.42,1229.8,0.5,0,0,110,15,3050.23,3010.6,1291,1289
1,5,19,ECDSA-SHA3-512_signed-by_ECDSA-SHA384,ECDSA-SHA3-512_signed-by_ECDSA-SHA384,13.578,2109.25,1253.77,0.384615,7,0.538462,119.846,15,3005.76,2974.47,1291,1289
1,6,19,ECDSA-SHA3-512_signed-by_ECDSA-SHA384,ECDSA-SHA3-512_signed-by_ECDSA-SHA384,10.519,2721.16,1166.65,0.555556,0,0,118,8,3110.79,2992.59,1291,1287
1,1,17,ECDSA-SHA3-512_signed-by_ECDSA-SHA384,ECDSA-SHA3-512_signed-by_ECDSA-SHA384,11.147,2569.26,1100.91,0.555556,0,0,136.667,24,3014.22,2992.29,1291,1289
1,7,17,ECDSA-SHA3-512_signed-by_ECDSA-SHA384,ECDSA-SHA3-512_signed-by_ECDSA-SHA384,14.222,2014.84,880.861,0.5,0,0,118,16,3030.36,2977.08,1293,1289
1,2,17,ECDSA-SHA3-512_signed-by_ECDSA-SHA384,ECDSA-SHA3-512_signed-by_ECDSA-SHA384,12.707,2253.83,965.749,0.333333,0,0,136.667,24,3018.77,2966.33,1293,1287
1,3,19,ECDSA-SHA3-512_signed-by_ECDSA-SHA384,ECDSA-SHA3-512_signed-by_ECDSA-SHA384,12.101,2367.38,1406.81,0.615385,7,0.538462,128.462,24,3009.37,2988.75,1292,1289
1,8,18,ECDSA-SHA3-512_signed-by_ECDSA-SHA384,ECDSA-SHA3-512_signed-by_ECDSA-SHA384,11.045,2593.01,1111.08,1,0,0,118,15,3071.64,3005.74,1291,1289
1,5,20,ECDSA-SHA3-512_signed-by_ECDSA-SHA384,ECDSA-SHA3-512_signed-by_ECDSA-SHA384,11.646,2459.17,1053.74,1,0,0,129.556,15,3009.58,2986.29,1291,1289
1,6,20,ECDSA-SHA3-512_signed-by_ECDSA-SHA384,ECDSA-SHA3-512_signed-by_ECDSA-SHA384,11.394,2512.17,1220.28,0.75,5,0.416667,102.667,8,3050.8,3002.33,1291,1287
1,1,18,ECDSA-SHA3-512_signed-by_ECDSA-SHA384,ECDSA-SHA3-512_signed-by_ECDSA-SHA384,10.723,2670.88,1168.32,1,0,0,126.8,24,3032.06,2959.2,1291,1289
1,2,18,ECDSA-SHA3-512_signed-by_ECDSA-SHA384,ECDSA-SHA3-512_signed-by_ECDSA-SHA384,10.433,2745.1,1176.25,1,0,0,136.667,24,3052.02,2963.01,1293,1287
1,8,19,ECDSA-SHA3-512_signed-by_ECDSA-SHA384,ECDSA-SHA3-512_signed-by_ECDSA-SHA384,10.989,2606.2,1116.74,0.555556,0,0,118,15,3040.36,2977.84,1291,1289
1,7,18,ECDSA-SHA3-512_signed-by_ECDSA-SHA384,ECDSA-SHA3-512_signed-by_ECDSA-SHA384,14.871,1926.91,1254.48,0.875,12,0.75,108.5,16,3018.29,2997.03,1293,1289
1,3,20,ECDSA-SHA3-512_signed-by_ECDSA-SHA384,ECDSA-SHA3-512_signed-by_ECDSA-SHA384,14.128,2027.67,1626.22,0.9375,16,1,144.5,24,3018.38,2988.2,1292,1289
1,6,21,ECDSA-SHA3-512_signed-by_ECDSA-SHA384,ECDSA-SHA3-512_signed-by_ECDSA-SHA384,12.075,2370.46,1016.29,1,0,0,118,8,3031.68,2989.77,1291,1287
1,5,21,ECDSA-SHA3-512_signed-by_ECDSA-SHA384,ECDSA-SHA3-512_signed-by_ECDSA-SHA384,13.311,2151.54,941.149,1,3,0.3,118,15,3020.58,2970.28,1291,1289
1,1,19,ECDSA-SHA3-512_signed-by_ECDSA-SHA384,ECDSA-SHA3-512_signed-by_ECDSA-SHA384,11.862,2414.39,1056.13,1,0,0,126.8,24,3003.99,2976.78,1291,1289
1,2,19,ECDSA-SHA3-512_signed-by_ECDSA-SHA384,ECDSA-SHA3-512_signed-by_ECDSA-SHA384,11.015,2599.88,1148.88,1,5,0.454545,118.727,24,3291.53,3005.65,1293,1287
1,8,20,ECDSA-SHA3-512_signed-by_ECDSA-SHA384,ECDSA-SHA3-512_signed-by_ECDSA-SHA384,14.54,1969.7,987.049,1,9,0.642857,93.4286,15,3049.93,2985.99,1291,1289
1,6,22,ECDSA-SHA3-512_signed-by_ECDSA-SHA384,ECDSA-SHA3-512_signed-by_ECDSA-SHA384,11.717,2442.75,1047.28,1,0,0,121.556,8,3027.48,3085.02,1291,1287
1,7,19,ECDSA-SHA3-512_signed-by_ECDSA-SHA384,ECDSA-SHA3-512_signed-by_ECDSA-SHA384,16.521,1734.47,1130.16,1,13,0.928571,129.429,16,2987.8,2973.14,1293,1289
1,3,21,ECDSA-SHA3-512_signed-by_ECDSA-SHA384,ECDSA-SHA3-512_signed-by_ECDSA-SHA384,15.188,1886.18,1199.87,1,9,0.75,150.667,24,3006.64,2966.76,1292,1289
1,1,20,ECDSA-SHA3-512_signed-by_ECDSA-SHA384,ECDSA-SHA3-512_signed-by_ECDSA-SHA384,12.773,2242.2,960.766,1,0,0,136.667,24,3005.22,2968.38,1291,1289
1,5,22,ECDSA-SHA3-512_signed-by_ECDSA-SHA384,ECDSA-SHA3-512_signed-by_ECDSA-SHA384,15.695,1824.73,1489.35,0.954545,21,0.954545,173.636,15,2998.03,3013.35,1291,1289
1,2,20,ECDSA-SHA3-512_signed-by_ECDSA-SHA384,ECDSA-SHA3-512_signed-by_ECDSA-SHA384,13.756,2081.93,1029.33,1,2,0.153846,182.615,24,3020.8,2983.42,1293,1287
1,6,23,ECDSA-SHA3-512_signed-by_ECDSA-SHA384,ECDSA-SHA3-512_signed-by_ECDSA-SHA384,8.002,3576.69,1565.43,1,0,0,115.6,8,3075.21,2992.78,1291,1287
1,7,20,ECDSA-SHA3-512_signed-by_ECDSA-SHA384,ECDSA-SHA3-512_signed-by_ECDSA-SHA384,14.691,1950.47,1282.89,1,10,0.588235,164.118,16,3042.07,3009.07,1293,1289
1,3,22,ECDSA-SHA3-512_signed-by_ECDSA-SHA384,ECDSA-SHA3-512_signed-by_ECDSA-SHA384,14.319,2000.59,1520.69,1,14,0.823529,111.412,24,3043.17,2992.4,1292,1289
1,2,21,ECDSA-SHA3-512_signed-by_ECDSA-SHA384,ECDSA-SHA3-512_signed-by_ECDSA-SHA384,11.155,2567.37,1246.39,1,5,0.416667,118,24,2978.76,2980.63,1293,1287
1,6,24,ECDSA-SHA3-512_signed-by_ECDSA-SHA384,ECDSA-SHA3-512_signed-by_ECDSA-SHA384,12.428,2303.08,1028.6,1,0,0,110.727,8,3007.95,2982.2,1291,1287
1,8,21,ECDSA-SHA3-512_signed-by_ECDSA-SHA384,ECDSA-SHA3-512_signed-by_ECDSA-SHA384,22.073,1297.48,982.17,1,17,0.894737,164.737,15,3183.91,2995.31,1291,1289
1,1,21,ECDSA-SHA3-512_signed-by_ECDSA-SHA384,ECDSA-SHA3-512_signed-by_ECDSA-SHA384,18.724,1529.57,1277.49,1,19,0.863636,105.636,24,3000.77,3003.94,1291,1289
1,5,23,ECDSA-SHA3-512_signed-by_ECDSA-SHA384,ECDSA-SHA3-512_signed-by_ECDSA-SHA384,18.585,1541.01,1451.48,1,25,1.08696,109.304,15,3028.62,2979.82,1291,1289
1,2,22,ECDSA-SHA3-512_signed-by_ECDSA-SHA384,ECDSA-SHA3-512_signed-by_ECDSA-SHA384,11.891,2408.47,1084.48,1,0,0,109,24,3013.93,3007.64,1293,1287
1,6,25,ECDSA-SHA3-512_signed-by_ECDSA-SHA384,ECDSA-SHA3-512_signed-by_ECDSA-SHA384,10.518,2721.38,1642.87,1,7,0.5,114,8,3030.2,2999.71,1291,1287
1,3,23,ECDSA-SHA3-512_signed-by_ECDSA-SHA384,ECDSA-SHA3-512_signed-by_ECDSA-SHA384,16.894,1695.66,1461.27,1,18,1.05882,143.882,24,3017.94,2994.05,1292,1289
1,7,21,ECDSA-SHA3-512_signed-by_ECDSA-SHA384,ECDSA-SHA3-512_signed-by_ECDSA-SHA384,17.712,1617.88,1254.74,1,15,0.789474,112.947,16,3016.16,3037.3,1293,1289
1,1,22,ECDSA-SHA3-512_signed-by_ECDSA-SHA384,ECDSA-SHA3-512_signed-by_ECDSA-SHA384,16.051,1784.2,1248.94,1,15,0.9375,131,24,2966.75,2995.41,1291,1289
1,5,24,ECDSA-SHA3-512_signed-by_ECDSA-SHA384,ECDSA-SHA3-512_signed-by_ECDSA-SHA384,17.457,1640.59,1521.44,1,22,0.956522,159.739,15,3016.15,2992.13,1291,1289
1,6,26,ECDSA-SHA3-512_signed-by_ECDSA-SHA384,ECDSA-SHA3-512_signed-by_ECDSA-SHA384,10.507,2724.22,1167.96,1,0,0,126.889,8,3053.85,2980.75,1291,1287
1,2,23,ECDSA-SHA3-512_signed-by_ECDSA-SHA384,ECDSA-SHA3-512_signed-by_ECDSA-SHA384,12.804,2236.72,978.41,1,0,0,126.8,24,2989.83,2997.09,1293,1287
1,3,24,ECDSA-SHA3-512_signed-by_ECDSA-SHA384,ECDSA-SHA3-512_signed-by_ECDSA-SHA384,12.361,2317.55,1013.48,1,0,0,110,24,3023.97,3009.05,1292,1289
1,7,22,ECDSA-SHA3-512_signed-by_ECDSA-SHA384,ECDSA-SHA3-512_signed-by_ECDSA-SHA384,13.857,2067.91,1021.83,1,5,0.384615,104.462,16,2998.52,3007.17,1293,1289
1,8,22,ECDSA-SHA3-512_signed-by_ECDSA-SHA384,ECDSA-SHA3-512_signed-by_ECDSA-SHA384,28.879,991.716,1284.24,1,42,1.5,123.429,15,3029.05,2995.91,1291,1289
1,1,23,ECDSA-SHA3-512_signed-by_ECDSA-SHA384,ECDSA-SHA3-512_signed-by_ECDSA-SHA384,13.431,2132.33,1156.7,1,10,0.666667,106.267,24,3008.69,2987.15,1291,1289
1,5,25,ECDSA-SHA3-512_signed-by_ECDSA-SHA384,ECDSA-SHA3-512_signed-by_ECDSA-SHA384,14.361,1994.22,985.967,1,5,0.384615,104.462,15,2997.25,2979.88,1291,1289
1,6,27,ECDSA-SHA3-512_signed-by_ECDSA-SHA384,ECDSA-SHA3-512_signed-by_ECDSA-SHA384,14.55,1967.21,1107.31,1,2,0.181818,120.182,8,3027.87,2999.47,1291,1287
1,2,24,ECDSA-SHA3-512_signed-by_ECDSA-SHA384,ECDSA-SHA3-512_signed-by_ECDSA-SHA384,15.465,1851.84,1211.45,1,9,0.642857,138.571,24,3018.29,2976.79,1293,1287
1,3,25,ECDSA-SHA3-512_signed-by_ECDSA-SHA384,ECDSA-SHA3-512_signed-by_ECDSA-SHA384,12.834,2232.11,956.173,1,0,0,118,24,3051.6,2978.79,1292,1289
1,7,23,ECDSA-SHA3-512_signed-by_ECDSA-SHA384,ECDSA-SHA3-512_signed-by_ECDSA-SHA384,12.533,2286.36,1438.71,0.727273,2,0.181818,130.364,16,3028.88,2993.71,1293,1289
1,8,23,ECDSA-SHA3-512_signed-by_ECDSA-SHA384,ECDSA-SHA3-512_signed-by_ECDSA-SHA384,11.469,2497.1,1069.99,1,0,0,118,15,3054.58,3088.43,1291,1289
1,1,24,ECDSA-SHA3-512_signed-by_ECDSA-SHA384,ECDSA-SHA3-512_signed-by_ECDSA-SHA384,11.442,2502.99,1072.51,0.888889,0,0,136.667,24,3024.72,2982.63,1291,1289
1,5,26,ECDSA-SHA3-512_signed-by_ECDSA-SHA384,ECDSA-SHA3-512_signed-by_ECDSA-SHA384,12.306,2327.26,1018.01,1,0,0,118,15,3028.71,2991.14,1291,1289
1,6,28,ECDSA-SHA3-512_signed-by_ECDSA-SHA384,ECDSA-SHA3-512_signed-by_ECDSA-SHA384,12.272,2332.41,1020.84,1,0,0,110,8,3044.36,2994.09,1291,1287
1,2,25,ECDSA-SHA3-512_signed-by_ECDSA-SHA384,ECDSA-SHA3-512_signed-by_ECDSA-SHA384,11.186,2560.32,1242.97,1,8,0.666667,110,24,3003.42,2968.19,1293,1287
1,3,26,ECDSA-SHA3-512_signed-by_ECDSA-SHA384,ECDSA-SHA3-512_signed-by_ECDSA-SHA384,12.708,2254.28,2050.95,1,23,1.21053,128.947,24,3019.29,3058.35,1292,1289
1,7,24,ECDSA-SHA3-512_signed-by_ECDSA-SHA384,ECDSA-SHA3-512_signed-by_ECDSA-SHA384,14.653,1955.58,854.95,1,0,0,118,16,3006.55,2981.96,1293,1289
1,8,24,ECDSA-SHA3-512_signed-by_ECDSA-SHA384,ECDSA-SHA3-512_signed-by_ECDSA-SHA384,14.285,2004.84,859.057,1,0,0,118,15,3021.16,2993.45,1291,1289
1,1,25,ECDSA-SHA3-512_signed-by_ECDSA-SHA384,ECDSA-SHA3-512_signed-by_ECDSA-SHA384,14.146,2024.54,867.499,1,0,0,136.667,24,3024.04,2995.61,1291,1289
1,2,26,ECDSA-SHA3-512_signed-by_ECDSA-SHA384,ECDSA-SHA3-512_signed-by_ECDSA-SHA384,11.894,2407.87,1927.64,0.55,20,1,174.4,24,3026.32,2984.3,1293,1287
1,5,27,ECDSA-SHA3-512_signed-by_ECDSA-SHA384,ECDSA-SHA3-512_signed-by_ECDSA-SHA384,14.903,1921.69,1248.56,1,11,0.785714,132.286,15,3035.47,2996.52,1291,1289
1,3,27,ECDSA-SHA3-512_signed-by_ECDSA-SHA384,ECDSA-SHA3-512_signed-by_ECDSA-SHA384,10.721,2672.1,1144.65,0.555556,0,0,118,24,3045.17,2972.93,1292,1289
1,6,29,ECDSA-SHA3-512_signed-by_ECDSA-SHA384,ECDSA-SHA3-512_signed-by_ECDSA-SHA384,15.001,1908.07,835.112,1,0,0,107.6,8,3021.41,2997.04,1291,1287
1,7,25,ECDSA-SHA3-512_signed-by_ECDSA-SHA384,ECDSA-SHA3-512_signed-by_ECDSA-SHA384,10.951,2616.7,1120.61,0.555556,0,0,126.889,16,3013.91,3002.1,1293,1289
1,1,26,ECDSA-SHA3-512_signed-by_ECDSA-SHA384,ECDSA-SHA3-512_signed-by_ECDSA-SHA384,11.148,2568.99,1123.75,0.3,0,0,126.8,24,3003.3,2997.27,1291,1289
1,8,25,ECDSA-SHA3-512_signed-by_ECDSA-SHA384,ECDSA-SHA3-512_signed-by_ECDSA-SHA384,13.206,2168.62,1289.06,0.384615,7,0.538462,111.846,15,3016.25,2974.45,1291,1289
1,2,27,ECDSA-SHA3-512_signed-by_ECDSA-SHA384,ECDSA-SHA3-512_signed-by_ECDSA-SHA384,9.867,2902.58,1243.73,0,0,0,126.889,24,2982.84,3000.1,1293,1287
1,3,28,ECDSA-SHA3-512_signed-by_ECDSA-SHA384,ECDSA-SHA3-512_signed-by_ECDSA-SHA384,9.912,2890.21,1238.09,0,0,0,118,24,3018.71,2982.39,1292,1289
1,5,28,ECDSA-SHA3-512_signed-by_ECDSA-SHA384,ECDSA-SHA3-512_signed-by_ECDSA-SHA384,12.936,2213.97,948.667,0.444444,0,0,126.889,15,3021.33,3007.3,1291,1289
1,6,30,ECDSA-SHA3-512_signed-by_ECDSA-SHA384,ECDSA-SHA3-512_signed-by_ECDSA-SHA384,13.521,2116.99,907.622,0.444444,0,0,118,9,3035.18,3003.74,1291,1287
1,7,26,ECDSA-SHA3-512_signed-by_ECDSA-SHA384,ECDSA-SHA3-512_signed-by_ECDSA-SHA384,13.171,2175.69,931.744,0.444444,0,0,121.556,16,3025.19,2999.36,1293,1289
1,2,28,ECDSA-SHA3-512_signed-by_ECDSA-SHA384,ECDSA-SHA3-512_signed-by_ECDSA-SHA384,10.009,2861.24,1251.59,1,0,0,113.2,24,2998.24,2975.01,1293,1287
1,1,27,ECDSA-SHA3-512_signed-by_ECDSA-SHA384,ECDSA-SHA3-512_signed-by_ECDSA-SHA384,13.64,2099.55,1248,0.846154,7,0.538462,128.462,24,3018.35,2980.59,1291,1289
1,8,26,ECDSA-SHA3-512_signed-by_ECDSA-SHA384,ECDSA-SHA3-512_signed-by_ECDSA-SHA384,13.177,2173.33,931.254,1,0,0,118,15,3052.62,2974.05,1291,1289
1,3,29,ECDSA-SHA3-512_signed-by_ECDSA-SHA384,ECDSA-SHA3-512_signed-by_ECDSA-SHA384,10.455,2739.93,1173.71,1,0,0,118,24,3025.94,2975.48,1292,1289
1,6,31,ECDSA-SHA3-512_signed-by_ECDSA-SHA384,ECDSA-SHA3-512_signed-by_ECDSA-SHA384,9.609,2978.84,1303.76,1,0,0,107.6,9,3004.57,3000.7,1291,1287
1,5,29,ECDSA-SHA3-512_signed-by_ECDSA-SHA384,ECDSA-SHA3-512_signed-by_ECDSA-SHA384,13.015,2200.47,1307.99,1,7,0.538462,115.538,15,3108.59,3009.91,1291,1289
1,7,27,ECDSA-SHA3-512_signed-by_ECDSA-SHA384,ECDSA-SHA3-512_signed-by_ECDSA-SHA384,12.569,2279.81,1908.12,1,11,0.785714,144.286,16,3022.55,2990.5,1293,1289
1,1,28,ECDSA-SHA3-512_signed-by_ECDSA-SHA384,ECDSA-SHA3-512_signed-by_ECDSA-SHA384,11.367,2519.5,1228.79,0.916667,2,0.166667,112.667,24,3014.01,2974.27,1291,1289
1,2,29,ECDSA-SHA3-512_signed-by_ECDSA-SHA384,ECDSA-SHA3-512_signed-by_ECDSA-SHA384,12.942,2212.86,1446.4,0.6875,9,0.5625,101.5,24,3016.84,2976.98,1293,1287
1,5,30,ECDSA-SHA3-512_signed-by_ECDSA-SHA384,ECDSA-SHA3-512_signed-by_ECDSA-SHA384,8.614,3324.79,1424.64,0.333333,0,0,118,15,3007.47,2997.92,1291,1289
1,3,30,ECDSA-SHA3-512_signed-by_ECDSA-SHA384,ECDSA-SHA3-512_signed-by_ECDSA-SHA384,15.278,1875.01,1192.76,0.666667,9,0.75,146,24,3016.42,2988.93,1292,1289
1,6,32,ECDSA-SHA3-512_signed-by_ECDSA-SHA384,ECDSA-SHA3-512_signed-by_ECDSA-SHA384,12.078,2369.85,1037.22,0.4,0,0,107.6,9,3090.42,2982.61,1291,1287
1,8,27,ECDSA-SHA3-512_signed-by_ECDSA-SHA384,ECDSA-SHA3-512_signed-by_ECDSA-SHA384,16.665,1718.47,1093.49,0.916667,9,0.75,133.333,15,3038.66,2973.21,1291,1289
1,7,28,ECDSA-SHA3-512_signed-by_ECDSA-SHA384,ECDSA-SHA3-512_signed-by_ECDSA-SHA384,11.772,2434.18,1186.51,0.666667,2,0.166667,98.6667,16,3024.8,2997.53,1293,1289
1,2,30,ECDSA-SHA3-512_signed-by_ECDSA-SHA384,ECDSA-SHA3-512_signed-by_ECDSA-SHA384,10.621,2696.49,1309.08,0.666667,5,0.416667,102.667,24,3028.03,3020.11,1293,1287
1,1,29,ECDSA-SHA3-512_signed-by_ECDSA-SHA384,ECDSA-SHA3-512_signed-by_ECDSA-SHA384,13.378,2140.72,1009.37,0.916667,1,0.0833333,110.667,24,3014.11,3001.93,1291,1289
1,5,31,ECDSA-SHA3-512_signed-by_ECDSA-SHA384,ECDSA-SHA3-512_signed-by_ECDSA-SHA384,10.747,2664.86,1141.87,1,0,0,118,15,3019.83,2945.12,1291,1289
1,3,31,ECDSA-SHA3-512_signed-by_ECDSA-SHA384,ECDSA-SHA3-512_signed-by_ECDSA-SHA384,11.401,2512.67,1509.99,1,8,0.571429,106.571,24,3026.01,2985.62,1292,1289
1,6,33,ECDSA-SHA3-512_signed-by_ECDSA-SHA384,ECDSA-SHA3-512_signed-by_ECDSA-SHA384,11.573,2473.26,1060.36,1,0,0,118,9,3034.4,2987.94,1291,1287
1,8,28,ECDSA-SHA3-512_signed-by_ECDSA-SHA384,ECDSA-SHA3-512_signed-by_ECDSA-SHA384,14.354,1995.16,854.909,1,0,0,118,15,3025.15,2986.72,1291,1289
1,7,29,ECDSA-SHA3-512_signed-by_ECDSA-SHA384,ECDSA-SHA3-512_signed-by_ECDSA-SHA384,12.697,2256.81,1340.73,0.923077,7,0.538462,111.846,16,3024.64,3175.95,1293,1289
1,2,31,ECDSA-SHA3-512_signed-by_ECDSA-SHA384,ECDSA-SHA3-512_signed-by_ECDSA-SHA384,12.651,2263.75,1365.84,0.857143,7,0.5,106.571,24,2995.66,2992.08,1293,1287
1,1,30,ECDSA-SHA3-512_signed-by_ECDSA-SHA384,ECDSA-SHA3-512_signed-by_ECDSA-SHA384,11.62,2464.64,1481.54,0.642857,12,0.857143,122,24,2998.16,2993.85,1291,1289
1,5,32,ECDSA-SHA3-512_signed-by_ECDSA-SHA384,ECDSA-SHA3-512_signed-by_ECDSA-SHA384,12.215,2344.59,1159.2,0.384615,5,0.384615,97.6923,15,3002.68,3247.91,1291,1289
1,3,32,ECDSA-SHA3-512_signed-by_ECDSA-SHA384,ECDSA-SHA3-512_signed-by_ECDSA-SHA384,10.523,2722.38,1166.19,0.555556,0,0,118,24,3016.37,2963.45,1292,1289
1,6,34,ECDSA-SHA3-512_signed-by_ECDSA-SHA384,ECDSA-SHA3-512_signed-by_ECDSA-SHA384,12.22,2342.32,1004.22,1,0,0,118,9,3039.09,3007.53,1291,1287
1,8,29,ECDSA-SHA3-512_signed-by_ECDSA-SHA384,ECDSA-SHA3-512_signed-by_ECDSA-SHA384,10.013,2860.25,1225.59,1,0,0,118,15,3059.52,3019.12,1291,1289
1,2,32,ECDSA-SHA3-512_signed-by_ECDSA-SHA384,ECDSA-SHA3-512_signed-by_ECDSA-SHA384,9.477,3022.04,1321.93,1,0,0,110,24,3216.31,2985.16,1293,1287
1,7,30,ECDSA-SHA3-512_signed-by_ECDSA-SHA384,ECDSA-SHA3-512_signed-by_ECDSA-SHA384,12.939,2214.63,968.205,1,0,0,110,16,3025.38,2951.25,1293,1289
1,1,31,ECDSA-SHA3-512_signed-by_ECDSA-SHA384,ECDSA-SHA3-512_signed-by_ECDSA-SHA384,11.829,2421.12,1560.88,0.8,7,0.466667,121.2,24,3010.09,2986.31,1291,1289
1,6,35,ECDSA-SHA3-512_signed-by_ECDSA-SHA384,ECDSA-SHA3-512_signed-by_ECDSA-SHA384,11.162,2564.37,1099.42,0.666667,0,0,118,9,3037.11,3013.7,1291,1287
1,3,33,ECDSA-SHA3-512_signed-by_ECDSA-SHA384,ECDSA-SHA3-512_signed-by_ECDSA-SHA384,14.281,2005.95,1692.81,0.933333,18,1.2,149.467,24,3015.69,2996.1,1292,1289
1,8,30,ECDSA-SHA3-512_signed-by_ECDSA-SHA384,ECDSA-SHA3-512_signed-by_ECDSA-SHA384,11.531,2483.69,1064.24,1,0,0,118,15,3006.67,2973.43,1291,1289
1,5,33,ECDSA-SHA3-512_signed-by_ECDSA-SHA384,ECDSA-SHA3-512_signed-by_ECDSA-SHA384,16.796,1705.09,1193.56,1,15,0.9375,113,15,3014.65,3083.3,1291,1289
1,2,33,ECDSA-SHA3-512_signed-by_ECDSA-SHA384,ECDSA-SHA3-512_signed-by_ECDSA-SHA384,11.44,2503.47,1072.71,1,0,0,118,24,3005.55,3000.77,1293,1287
1,6,36,ECDSA-SHA3-512_signed-by_ECDSA-SHA384,ECDSA-SHA3-512_signed-by_ECDSA-SHA384,8.326,3437.56,1473.79,1,0,0,118,9,3026.76,3002.29,1291,1287
1,7,31,ECDSA-SHA3-512_signed-by_ECDSA-SHA384,ECDSA-SHA3-512_signed-by_ECDSA-SHA384,13.338,2148.39,1295.51,1,7,0.5,106.571,16,3007.69,2995.38,1293,1289
1,8,31,ECDSA-SHA3-512_signed-by_ECDSA-SHA384,ECDSA-SHA3-512_signed-by_ECDSA-SHA384,9.536,3003.35,1362.41,1,1,0.1,111.6,15,3040.32,2998.3,1291,1289
1,5,34,ECDSA-SHA3-512_signed-by_ECDSA-SHA384,ECDSA-SHA3-512_signed-by_ECDSA-SHA384,9.233,3101.91,1341.27,1,0,0,109.6,15,3009.49,2991.49,1291,1289
1,3,34,ECDSA-SHA3-512_signed-by_ECDSA-SHA384,ECDSA-SHA3-512_signed-by_ECDSA-SHA384,12.516,2288.85,1856.13,1,16,0.941176,119.412,24,3030.3,2995.91,1292,1289
1,6,37,ECDSA-SHA3-512_signed-by_ECDSA-SHA384,ECDSA-SHA3-512_signed-by_ECDSA-SHA384,7.672,3730.61,1741.23,0.666667,1,0.0833333,99,9,3123.79,2986.08,1291,1287
1,7,32,ECDSA-SHA3-512_signed-by_ECDSA-SHA384,ECDSA-SHA3-512_signed-by_ECDSA-SHA384,8.64,3316.35,1449.86,0.8,0,0,107.6,16,3018.36,3001.94,1293,1289
1,8,32,ECDSA-SHA3-512_signed-by_ECDSA-SHA384,ECDSA-SHA3-512_signed-by_ECDSA-SHA384,8.757,3270.23,1430.5,0.6,0,0,110,15,3023.22,2990.95,1291,1289
1,2,34,ECDSA-SHA3-512_signed-by_ECDSA-SHA384,ECDSA-SHA3-512_signed-by_ECDSA-SHA384,17.515,1635.09,997.496,1,8,0.533333,102,24,3035.51,2997.22,1293,1287
1,5,35,ECDSA-SHA3-512_signed-by_ECDSA-SHA384,ECDSA-SHA3-512_signed-by_ECDSA-SHA384,10.47,2735.43,1625.98,0.615385,7,0.538462,117.385,15,3012.01,3020.92,1291,1289
1,3,35,ECDSA-SHA3-512_signed-by_ECDSA-SHA384,ECDSA-SHA3-512_signed-by_ECDSA-SHA384,10.995,2605.52,1116.13,1,0,0,118,24,3022.93,3001.3,1292,1289
1,1,32,ECDSA-SHA3-512_signed-by_ECDSA-SHA384,ECDSA-SHA3-512_signed-by_ECDSA-SHA384,28.815,993.893,882.288,1,26,1.04,99.12,24,3044.12,2971.28,1291,1289
1,6,38,ECDSA-SHA3-512_signed-by_ECDSA-SHA384,ECDSA-SHA3-512_signed-by_ECDSA-SHA384,11.929,2399.47,1071.65,0.636364,0,0,103.455,9,2998.48,2986.25,1291,1287
1,7,33,ECDSA-SHA3-512_signed-by_ECDSA-SHA384,ECDSA-SHA3-512_signed-by_ECDSA-SHA384,11.507,2490.24,1066.45,0.777778,0,0,118,16,3020.49,2986.72,1293,1289
1,8,33,ECDSA-SHA3-512_signed-by_ECDSA-SHA384,ECDSA-SHA3-512_signed-by_ECDSA-SHA384,12.37,2315.19,1123.97,0.916667,5,0.416667,102.667,15,3036.15,2997.49,1291,1289
1,2,35,ECDSA-SHA3-512_signed-by_ECDSA-SHA384,ECDSA-SHA3-512_signed-by_ECDSA-SHA384,11.317,2530.65,1084.36,1,0,0,118,24,3021.08,3031.97,1293,1287
1,5,36,ECDSA-SHA3-512_signed-by_ECDSA-SHA384,ECDSA-SHA3-512_signed-by_ECDSA-SHA384,11.083,2584.08,1107.26,1,0,0,118,15,3018.08,2993.57,1291,1289
1,3,36,ECDSA-SHA3-512_signed-by_ECDSA-SHA384,ECDSA-SHA3-512_signed-by_ECDSA-SHA384,11.828,2421.97,1059.15,1,0,0,110,24,2989,2948.66,1292,1289
1,1,33,ECDSA-SHA3-512_signed-by_ECDSA-SHA384,ECDSA-SHA3-512_signed-by_ECDSA-SHA384,12.114,2364.12,1555.83,0.647059,17,1,97.7647,24,3009.6,3020.16,1291,1289
1,6,39,ECDSA-SHA3-512_signed-by_ECDSA-SHA384,ECDSA-SHA3-512_signed-by_ECDSA-SHA384,11.881,2409.15,1032.88,1,0,0,118,9,3042.55,2990.97,1291,1287
1,7,34,ECDSA-SHA3-512_signed-by_ECDSA-SHA384,ECDSA-SHA3-512_signed-by_ECDSA-SHA384,12.699,2256.48,1435.02,0.666667,9,0.75,133.333,16,3021.94,3004.19,1293,1289
1,8,34,ECDSA-SHA3-512_signed-by_ECDSA-SHA384,ECDSA-SHA3-512_signed-by_ECDSA-SHA384,12.315,2325.58,996.494,1,0,0,118,15,3037.13,2988.26,1291,1289
1,2,36,ECDSA-SHA3-512_signed-by_ECDSA-SHA384,ECDSA-SHA3-512_signed-by_ECDSA-SHA384,12.96,2209.83,946.893,1,0,0,118,24,3033.25,3083.45,1293,1287
1,5,37,ECDSA-SHA3-512_signed-by_ECDSA-SHA384,ECDSA-SHA3-512_signed-by_ECDSA-SHA384,14.375,1992.3,1002.83,0.857143,5,0.357143,93.4286,15,3028.59,2978.74,1291,1289
1,3,37,ECDSA-SHA3-512_signed-by_ECDSA-SHA384,ECDSA-SHA3-512_signed-by_ECDSA-SHA384,14.216,2015.15,863.234,1,0,0,118,24,3007.54,2990.98,1292,1289
1,1,34,ECDSA-SHA3-512_signed-by_ECDSA-SHA384,ECDSA-SHA3-512_signed-by_ECDSA-SHA384,15.832,1808.94,882.239,1,0,0,160,24,3016.32,2981.89,1291,1289
1,6,40,ECDSA-SHA3-512_signed-by_ECDSA-SHA384,ECDSA-SHA3-512_signed-by_ECDSA-SHA384,14.488,1975.66,847.027,1,0,0,118,9,3037.16,2988.99,1291,1287
1,7,35,ECDSA-SHA3-512_signed-by_ECDSA-SHA384,ECDSA-SHA3-512_signed-by_ECDSA-SHA384,14.964,1914.95,1252.04,1,9,0.642857,119.714,16,3048.36,3002.01,1293,1289
1,8,35,ECDSA-SHA3-512_signed-by_ECDSA-SHA384,ECDSA-SHA3-512_signed-by_ECDSA-SHA384,13.092,2187.55,1186.65,0.933333,10,0.666667,94,15,3033.67,3001.72,1291,1289
1,2,37,ECDSA-SHA3-512_signed-by_ECDSA-SHA384,ECDSA-SHA3-512_signed-by_ECDSA-SHA384,13.477,2125.05,1352.2,1,9,0.75,133.333,24,3035.48,3019.83,1293,1287
1,5,38,ECDSA-SHA3-512_signed-by_ECDSA-SHA384,ECDSA-SHA3-512_signed-by_ECDSA-SHA384,12.412,2307.39,1503.03,1,12,0.75,101.5,15,3018.44,2988.1,1291,1289
1,6,41,ECDSA-SHA3-512_signed-by_ECDSA-SHA384,ECDSA-SHA3-512_signed-by_ECDSA-SHA384,11.308,2531.25,1085.23,1,0,0,118,9,3036.25,3000.69,1291,1287
1,1,35,ECDSA-SHA3-512_signed-by_ECDSA-SHA384,ECDSA-SHA3-512_signed-by_ECDSA-SHA384,13.001,2202.83,963.585,1,0,0,110,24,3003.85,2994.97,1291,1289
1,8,36,ECDSA-SHA3-512_signed-by_ECDSA-SHA384,ECDSA-SHA3-512_signed-by_ECDSA-SHA384,10.706,2675.06,1180.61,0.727273,0,0,103.091,15,3057.61,2984.52,1291,1289
1,3,38,ECDSA-SHA3-512_signed-by_ECDSA-SHA384,ECDSA-SHA3-512_signed-by_ECDSA-SHA384,18.436,1553.92,1205.47,0.947368,15,0.789474,103.684,24,3012.49,2965.35,1292,1289
1,2,38,ECDSA-SHA3-512_signed-by_ECDSA-SHA384,ECDSA-SHA3-512_signed-by_ECDSA-SHA384,10.035,2853.97,1222.9,1,0,0,118,24,3007.57,3056.11,1293,1287
1,5,39,ECDSA-SHA3-512_signed-by_ECDSA-SHA384,ECDSA-SHA3-512_signed-by_ECDSA-SHA384,10.578,2707.45,1160.12,1,0,0,118,15,3004.75,3042.62,1291,1289
1,7,36,ECDSA-SHA3-512_signed-by_ECDSA-SHA384,ECDSA-SHA3-512_signed-by_ECDSA-SHA384,15.161,1890.03,1160.82,1,13,0.8125,99.5,16,3008.95,2992.81,1293,1289
1,6,42,ECDSA-SHA3-512_signed-by_ECDSA-SHA384,ECDSA-SHA3-512_signed-by_ECDSA-SHA384,7.463,3835.07,1644.21,1,0,0,118,9,3050.2,3079.48,1291,1287
1,1,36,ECDSA-SHA3-512_signed-by_ECDSA-SHA384,ECDSA-SHA3-512_signed-by_ECDSA-SHA384,11.833,2420.3,1218.26,1,5,0.357143,95.1429,24,3109.35,2971.47,1291,1289
1,3,39,ECDSA-SHA3-512_signed-by_ECDSA-SHA384,ECDSA-SHA3-512_signed-by_ECDSA-SHA384,11.184,2561.49,1283.25,1,6,0.428571,93.4286,24,3021.17,2983.43,1292,1289
1,5,40,ECDSA-SHA3-512_signed-by_ECDSA-SHA384,ECDSA-SHA3-512_signed-by_ECDSA-SHA384,12.551,2281.82,977.739,1,0,0,118,15,3056.37,2998.47,1291,1289
1,2,39,ECDSA-SHA3-512_signed-by_ECDSA-SHA384,ECDSA-SHA3-512_signed-by_ECDSA-SHA384,14.715,1946.23,1276.46,1,13,0.866667,114,24,3019.28,3021.05,1293,1287
1,8,37,ECDSA-SHA3-512_signed-by_ECDSA-SHA384,ECDSA-SHA3-512_signed-by_ECDSA-SHA384,17.28,1657.32,1076.8,1,11,0.785714,123.143,15,3037.26,3003.7,1291,1289
1,6,43,ECDSA-SHA3-512_signed-by_ECDSA-SHA384,ECDSA-SHA3-512_signed-by_ECDSA-SHA384,14.001,2044.33,1332.41,1,12,0.75,101.5,9,3028.21,2988.67,1291,1287
1,7,37,ECDSA-SHA3-512_signed-by_ECDSA-SHA384,ECDSA-SHA3-512_signed-by_ECDSA-SHA384,15.266,1877.02,1222,1,9,0.5625,130.5,16,3013.14,2977.24,1293,1289
1,1,37,ECDSA-SHA3-512_signed-by_ECDSA-SHA384,ECDSA-SHA3-512_signed-by_ECDSA-SHA384,14.442,1983.02,867.434,1,0,0,110,24,3000.57,2987.5,1291,1289
1,8,38,ECDSA-SHA3-512_signed-by_ECDSA-SHA384,ECDSA-SHA3-512_signed-by_ECDSA-SHA384,10.857,2637.89,1304.21,1,5,0.384615,97.6923,15,3027.55,2992.64,1291,1289
1,5,41,ECDSA-SHA3-512_signed-by_ECDSA-SHA384,ECDSA-SHA3-512_signed-by_ECDSA-SHA384,14.692,1949.29,852.677,1,0,0,110,15,2977.71,3014.51,1291,1289
1,2,40,ECDSA-SHA3-512_signed-by_ECDSA-SHA384,ECDSA-SHA3-512_signed-by_ECDSA-SHA384,14.499,1975.24,1468.74,1,15,0.882353,172.118,24,3016.84,2973.61,1293,1287
1,3,40,ECDSA-SHA3-512_signed-by_ECDSA-SHA384,ECDSA-SHA3-512_signed-by_ECDSA-SHA384,19.547,1465.59,1479.91,1,25,1.31579,174,24,3017.18,2957.22,1292,1289
1,7,38,ECDSA-SHA3-512_signed-by_ECDSA-SHA384,ECDSA-SHA3-512_signed-by_ECDSA-SHA384,12.591,2275.86,974.645,1,0,0,118,16,3033.38,2995.52,1293,1289
1,6,44,ECDSA-SHA3-512_signed-by_ECDSA-SHA384,ECDSA-SHA3-512_signed-by_ECDSA-SHA384,13.775,2077.92,1235.83,0.923077,7,0.538462,111.846,9,3033.32,3007.42,1291,1287
1,1,38,ECDSA-SHA3-512_signed-by_ECDSA-SHA384,ECDSA-SHA3-512_signed-by_ECDSA-SHA384,11.932,2400.22,1186.7,0.769231,8,0.615385,97.6923,24,2974.37,3006.13,1291,1289
1,5,42,ECDSA-SHA3-512_signed-by_ECDSA-SHA384,ECDSA-SHA3-512_signed-by_ECDSA-SHA384,9.211,3109,1509.34,0.666667,5,0.416667,102.667,15,3023.55,3121.72,1291,1289
1,8,39,ECDSA-SHA3-512_signed-by_ECDSA-SHA384,ECDSA-SHA3-512_signed-by_ECDSA-SHA384,11.408,2510.48,1597.45,1,9,0.75,133.333,15,3040.18,2996.94,1291,1289
1,2,41,ECDSA-SHA3-512_signed-by_ECDSA-SHA384,ECDSA-SHA3-512_signed-by_ECDSA-SHA384,11.124,2574.57,1126.19,1,0,0,110,24,3023.47,2998.49,1293,1287
1,3,41,ECDSA-SHA3-512_signed-by_ECDSA-SHA384,ECDSA-SHA3-512_signed-by_ECDSA-SHA384,11.694,2449.74,1082.24,1,5,0.454545,103.455,24,2981.82,2971.42,1292,1289
1,6,45,ECDSA-SHA3-512_signed-by_ECDSA-SHA384,ECDSA-SHA3-512_signed-by_ECDSA-SHA384,11.016,2598.34,1124.16,1,0,0,109.6,9,3036.03,3009.7,1291,1287
1,8,40,ECDSA-SHA3-512_signed-by_ECDSA-SHA384,ECDSA-SHA3-512_signed-by_ECDSA-SHA384,8.412,3404.26,2305.01,1,13,0.866667,115.333,15,3042.21,2997.06,1291,1289
1,2,42,ECDSA-SHA3-512_signed-by_ECDSA-SHA384,ECDSA-SHA3-512_signed-by_ECDSA-SHA384,8.938,3204.27,1401.64,1,0,0,107.6,24,3023.42,2979.29,1293,1287
1,5,43,ECDSA-SHA3-512_signed-by_ECDSA-SHA384,ECDSA-SHA3-512_signed-by_ECDSA-SHA384,12.324,2323.83,1782.47,1,15,0.833333,107.778,15,3028.03,2990.52,1291,1289
1,6,46,ECDSA-SHA3-512_signed-by_ECDSA-SHA384,ECDSA-SHA3-512_signed-by_ECDSA-SHA384,9.225,3102.82,1358.02,1,0,0,110,9,3013.05,3212.47,1291,1287
1,1,39,ECDSA-SHA3-512_signed-by_ECDSA-SHA384,ECDSA-SHA3-512_signed-by_ECDSA-SHA384,17.435,1642.67,1913.39,1,31,1.03333,122,24,3027.57,2962.49,1291,1289
1,7,39,ECDSA-SHA3-512_signed-by_ECDSA-SHA384,ECDSA-SHA3-512_signed-by_ECDSA-SHA384,26.371,1086.65,922.831,1,13,0.65,96.4,16,3014.93,2991.2,1293,1289
1,8,41,ECDSA-SHA3-512_signed-by_ECDSA-SHA384,ECDSA-SHA3-512_signed-by_ECDSA-SHA384,11.474,2496.01,1901.99,1,16,0.941176,173.059,15,3063.56,2990.04,1291,1289
1,3,42,ECDSA-SHA3-512_signed-by_ECDSA-SHA384,ECDSA-SHA3-512_signed-by_ECDSA-SHA384,18.503,1548.27,751.437,1,2,0.166667,256,24,3026.78,2979.38,1292,1289
1,6,47,ECDSA-SHA3-512_signed-by_ECDSA-SHA384,ECDSA-SHA3-512_signed-by_ECDSA-SHA384,9.778,2927.36,1255.05,1,0,0,118,9,3028.27,2979.97,1291,1287
1,5,44,ECDSA-SHA3-512_signed-by_ECDSA-SHA384,ECDSA-SHA3-512_signed-by_ECDSA-SHA384,13.75,2082.84,911.098,1,0,0,110,15,3020.72,2999.93,1291,1289
1,2,43,ECDSA-SHA3-512_signed-by_ECDSA-SHA384,ECDSA-SHA3-512_signed-by_ECDSA-SHA384,16.9,1694.59,1018.64,1,8,0.571429,106.571,24,3025.2,3022.52,1293,1287
1,6,48,ECDSA-SHA3-512_signed-by_ECDSA-SHA384,ECDSA-SHA3-512_signed-by_ECDSA-SHA384,12.065,2372.4,1501.15,1,8,0.5,97.25,9,3051.97,2998.29,1291,1287
1,5,45,ECDSA-SHA3-512_signed-by_ECDSA-SHA384,ECDSA-SHA3-512_signed-by_ECDSA-SHA384,9.746,2938.58,1766.43,1,12,0.857143,106.571,15,3027.2,2994.81,1291,1289
1,1,40,ECDSA-SHA3-512_signed-by_ECDSA-SHA384,ECDSA-SHA3-512_signed-by_ECDSA-SHA384,25.136,1139.37,1327.78,1,32,1.14286,105.429,24,3012.77,3001.07,1291,1289
1,8,42,ECDSA-SHA3-512_signed-by_ECDSA-SHA384,ECDSA-SHA3-512_signed-by_ECDSA-SHA384,23.397,1224.06,1142,1,22,1,111.091,15,3013.97,3003.41,1291,1289
1,3,43,ECDSA-SHA3-512_signed-by_ECDSA-SHA384,ECDSA-SHA3-512_signed-by_ECDSA-SHA384,22.192,1290.9,1341.01,1,28,1.21739,157.826,24,3002.29,2970.73,1292,1289
1,7,40,ECDSA-SHA3-512_signed-by_ECDSA-SHA384,ECDSA-SHA3-512_signed-by_ECDSA-SHA384,26.762,1070.74,1050.41,1,25,1.13636,114,16,3030.07,2968.61,1293,1289
1,2,44,ECDSA-SHA3-512_signed-by_ECDSA-SHA384,ECDSA-SHA3-512_signed-by_ECDSA-SHA384,18.475,1550.13,1010.62,1,10,0.714286,119.714,24,3043.38,2953.78,1293,1287
1,5,46,ECDSA-SHA3-512_signed-by_ECDSA-SHA384,ECDSA-SHA3-512_signed-by_ECDSA-SHA384,12.286,2331.1,1116.07,1,0,0,150.727,15,3007.91,2992.48,1291,1289
1,6,49,ECDSA-SHA3-512_signed-by_ECDSA-SHA384,ECDSA-SHA3-512_signed-by_ECDSA-SHA384,13.357,2142.99,1364.37,1,9,0.75,133.333,9,3042.51,2976.58,1291,1287
1,1,41,ECDSA-SHA3-512_signed-by_ECDSA-SHA384,ECDSA-SHA3-512_signed-by_ECDSA-SHA384,11.655,2457.31,1107.85,1,6,0.5,98,24,3012.96,2974.39,1291,1289
1,3,44,ECDSA-SHA3-512_signed-by_ECDSA-SHA384,ECDSA-SHA3-512_signed-by_ECDSA-SHA384,10.595,2703.9,1720.04,1,9,0.75,133.333,24,3023.86,2982.27,1292,1289
1,7,41,ECDSA-SHA3-512_signed-by_ECDSA-SHA384,ECDSA-SHA3-512_signed-by_ECDSA-SHA384,10.783,2657.49,1252.33,1,1,0.0833333,97.3333,16,3058.55,2972.16,1293,1289
1,6,50,ECDSA-SHA3-512_signed-by_ECDSA-SHA384,ECDSA-SHA3-512_signed-by_ECDSA-SHA384,10.792,2652.25,1137.1,1,0,0,118,9,2997.68,3004.75,1291,1287
1,5,47,ECDSA-SHA3-512_signed-by_ECDSA-SHA384,ECDSA-SHA3-512_signed-by_ECDSA-SHA384,13.496,2122.02,1509.12,1,14,0.823529,108.588,15,2989.79,2990.91,1291,1289
1,1,42,ECDSA-SHA3-512_signed-by_ECDSA-SHA384,ECDSA-SHA3-512_signed-by_ECDSA-SHA384,10.739,2666.83,1428.76,1,5,0.357143,97.4286,24,3320.99,2981.91,1291,1289
1,8,43,ECDSA-SHA3-512_signed-by_ECDSA-SHA384,ECDSA-SHA3-512_signed-by_ECDSA-SHA384,19.235,1488.95,905.015,1,9,0.6,114.8,15,3028.1,2960.63,1291,1289
1,2,45,ECDSA-SHA3-512_signed-by_ECDSA-SHA384,ECDSA-SHA3-512_signed-by_ECDSA-SHA384,17.272,1658.08,1421.88,1,20,1.17647,134.471,24,3212.59,3021.98,1293,1287
1,3,45,ECDSA-SHA3-512_signed-by_ECDSA-SHA384,ECDSA-SHA3-512_signed-by_ECDSA-SHA384,13.979,2049.27,1217.77,1,7,0.538462,111.846,24,2977.68,3053.75,1292,1289
1,6,51,ECDSA-SHA3-512_signed-by_ECDSA-SHA384,ECDSA-SHA3-512_signed-by_ECDSA-SHA384,12.211,2344.03,1025.92,1,0,0,110,9,3055.93,2994.62,1291,1287
1,5,48,ECDSA-SHA3-512_signed-by_ECDSA-SHA384,ECDSA-SHA3-512_signed-by_ECDSA-SHA384,11.039,2594.38,1111.67,0.777778,0,0,118,15,3009.5,2970.68,1291,1289
1,7,42,ECDSA-SHA3-512_signed-by_ECDSA-SHA384,ECDSA-SHA3-512_signed-by_ECDSA-SHA384,16.971,1688.43,1424.47,1,18,1.2,145.733,16,3018.42,2994.58,1293,1289
1,1,43,ECDSA-SHA3-512_signed-by_ECDSA-SHA384,ECDSA-SHA3-512_signed-by_ECDSA-SHA384,13.348,2145.55,1294.52,0.714286,7,0.5,106.571,24,3039.67,2987.58,1291,1289
1,8,44,ECDSA-SHA3-512_signed-by_ECDSA-SHA384,ECDSA-SHA3-512_signed-by_ECDSA-SHA384,13.471,2125.96,929.961,1,0,0,110,15,3042.84,3208.35,1291,1289
1,2,46,ECDSA-SHA3-512_signed-by_ECDSA-SHA384,ECDSA-SHA3-512_signed-by_ECDSA-SHA384,12.427,2304.59,1134.27,0.769231,6,0.461538,97.6923,24,3043.91,2968.09,1293,1287
1,3,46,ECDSA-SHA3-512_signed-by_ECDSA-SHA384,ECDSA-SHA3-512_signed-by_ECDSA-SHA384,11.176,2563.3,1630.6,0.583333,9,0.75,133.333,24,3032.59,3007.73,1292,1289
1,6,52,ECDSA-SHA3-512_signed-by_ECDSA-SHA384,ECDSA-SHA3-512_signed-by_ECDSA-SHA384,10.511,2723.22,1167.53,1,0,0,118,9,3028.38,2979.63,1291,1287
1,7,43,ECDSA-SHA3-512_signed-by_ECDSA-SHA384,ECDSA-SHA3-512_signed-by_ECDSA-SHA384,9.593,2986.87,1279.13,1,0,0,118,16,2996.41,2973.51,1293,1289
1,5,49,ECDSA-SHA3-512_signed-by_ECDSA-SHA384,ECDSA-SHA3-512_signed-by_ECDSA-SHA384,12.752,2245.86,1414.01,1,3,0.272727,134.727,15,3029.17,2981.78,1291,1289
1,1,44,ECDSA-SHA3-512_signed-by_ECDSA-SHA384,ECDSA-SHA3-512_signed-by_ECDSA-SHA384,10.829,2644.72,1133.24,1,0,0,118,24,3009.17,2972.4,1291,1289
1,8,45,ECDSA-SHA3-512_signed-by_ECDSA-SHA384,ECDSA-SHA3-512_signed-by_ECDSA-SHA384,12.968,2208.43,1332.46,0.785714,7,0.5,104.857,16,3032.77,2964.64,1291,1289
1,2,47,ECDSA-SHA3-512_signed-by_ECDSA-SHA384,ECDSA-SHA3-512_signed-by_ECDSA-SHA384,13.416,2134.69,1283.2,0.785714,8,0.571429,106.571,24,3024.44,3003.94,1293,1287
1,3,47,ECDSA-SHA3-512_signed-by_ECDSA-SHA384,ECDSA-SHA3-512_signed-by_ECDSA-SHA384,11.962,2394.85,1523.45,0.916667,9,0.75,194,24,3002.7,3001.98,1292,1289
1,6,53,ECDSA-SHA3-512_signed-by_ECDSA-SHA384,ECDSA-SHA3-512_signed-by_ECDSA-SHA384,11.312,2530.36,1084.84,0,0,0,118,9,3039.34,2999.25,1291,1287
1,7,44,ECDSA-SHA3-512_signed-by_ECDSA-SHA384,ECDSA-SHA3-512_signed-by_ECDSA-SHA384,11.336,2527.82,1082.55,0.333333,0,0,118,16,3017.39,2987.98,1293,1289
1,5,50,ECDSA-SHA3-512_signed-by_ECDSA-SHA384,ECDSA-SHA3-512_signed-by_ECDSA-SHA384,9.891,2895.55,1240.72,0.444444,0,0,118,15,3016.44,2975.67,1291,1289
1,1,45,ECDSA-SHA3-512_signed-by_ECDSA-SHA384,ECDSA-SHA3-512_signed-by_ECDSA-SHA384,10.295,2781.9,1192.02,0.888889,0,0,118,24,2966.61,3014.4,1291,1289
1,2,48,ECDSA-SHA3-512_signed-by_ECDSA-SHA384,ECDSA-SHA3-512_signed-by_ECDSA-SHA384,9.528,3005.87,1314.86,1,0,0,110,24,3021.42,2982.59,1293,1287
1,8,46,ECDSA-SHA3-512_signed-by_ECDSA-SHA384,ECDSA-SHA3-512_signed-by_ECDSA-SHA384,11.388,2514.89,1249.01,1,2,0.153846,94,16,3033.07,2998.85,1291,1289
1,6,54,ECDSA-SHA3-512_signed-by_ECDSA-SHA384,ECDSA-SHA3-512_signed-by_ECDSA-SHA384,11.118,2574.52,1103.78,1,0,0,118,9,3130.47,3026.02,1291,1287
1,3,48,ECDSA-SHA3-512_signed-by_ECDSA-SHA384,ECDSA-SHA3-512_signed-by_ECDSA-SHA384,14.166,2022.24,1215.26,1,8,0.571429,106.571,24,3040.8,2975.9,1292,1289
1,7,45,ECDSA-SHA3-512_signed-by_ECDSA-SHA384,ECDSA-SHA3-512_signed-by_ECDSA-SHA384,12.738,2249.58,1003.58,1,0,0,103.455,16,2993.34,2994.78,1293,1289
1,1,46,ECDSA-SHA3-512_signed-by_ECDSA-SHA384,ECDSA-SHA3-512_signed-by_ECDSA-SHA384,11.995,2387.6,1519.26,0.583333,9,0.75,133.333,24,2988.78,2989.37,1291,1289
1,8,47,ECDSA-SHA3-512_signed-by_ECDSA-SHA384,ECDSA-SHA3-512_signed-by_ECDSA-SHA384,8.998,3182.6,1363.72,0.111111,0,0,118,16,2998.86,2959.62,1291,1289
1,2,49,ECDSA-SHA3-512_signed-by_ECDSA-SHA384,ECDSA-SHA3-512_signed-by_ECDSA-SHA384,11.572,2474.88,1092.27,0.0909091,0,0,100.909,24,3014.82,2975.92,1293,1287
1,6,55,ECDSA-SHA3-512_signed-by_ECDSA-SHA384,ECDSA-SHA3-512_signed-by_ECDSA-SHA384,9.164,3123.21,1339.02,1,0,0,118,9,3032.97,3002.9,1291,1287
1,3,49,ECDSA-SHA3-512_signed-by_ECDSA-SHA384,ECDSA-SHA3-512_signed-by_ECDSA-SHA384,8.46,3385.95,1495.83,0.818182,6,0.545455,103.455,24,3013.98,2979.14,1292,1289
1,7,46,ECDSA-SHA3-512_signed-by_ECDSA-SHA384,ECDSA-SHA3-512_signed-by_ECDSA-SHA384,10.18,2814.92,1390.96,0.692308,5,0.384615,97.6923,16,3008.75,3014.95,1293,1289
1,1,47,ECDSA-SHA3-512_signed-by_ECDSA-SHA384,ECDSA-SHA3-512_signed-by_ECDSA-SHA384,9.721,2946.19,1262.42,1,0,0,120.667,24,3037.01,2985.91,1291,1289
1,8,48,ECDSA-SHA3-512_signed-by_ECDSA-SHA384,ECDSA-SHA3-512_signed-by_ECDSA-SHA384,10.813,2648.61,1134.91,1,0,0,118,16,3027.55,2963.05,1291,1289
1,2,50,ECDSA-SHA3-512_signed-by_ECDSA-SHA384,ECDSA-SHA3-512_signed-by_ECDSA-SHA384,10.493,2729.4,1736.75,1,9,0.75,133.333,24,3029.97,2993.58,1293,1287
1,6,56,ECDSA-SHA3-512_signed-by_ECDSA-SHA384,ECDSA-SHA3-512_signed-by_ECDSA-SHA384,8.91,3212.54,1582.03,1,9,0.692308,97.6923,9,3056.68,3018.53,1291,1287
1,3,50,ECDSA-SHA3-512_signed-by_ECDSA-SHA384,ECDSA-SHA3-512_signed-by_ECDSA-SHA384,9.579,2990.66,1431.44,1,0,0,150.727,24,3128.44,2984.45,1292,1289
1,7,47,ECDSA-SHA3-512_signed-by_ECDSA-SHA384,ECDSA-SHA3-512_signed-by_ECDSA-SHA384,9.804,2922.86,1315.37,1,0,0,97.6667,16,3076.64,3003.89,1293,1289
1,8,49,ECDSA-SHA3-512_signed-by_ECDSA-SHA384,ECDSA-SHA3-512_signed-by_ECDSA-SHA384,9.927,2885.04,1273.28,1,0,0,100.909,16,3030.87,2971.28,1291,1289
1,2,51,ECDSA-SHA3-512_signed-by_ECDSA-SHA384,ECDSA-SHA3-512_signed-by_ECDSA-SHA384,11.581,2472.94,1612.24,1,10,0.714286,119.714,24,2994.23,2984.84,1293,1287
1,3,51,ECDSA-SHA3-512_signed-by_ECDSA-SHA384,ECDSA-SHA3-512_signed-by_ECDSA-SHA384,9.199,3114.22,1334.04,0.777778,0,0,118,24,2978.67,2965.29,1292,1289
1,6,57,ECDSA-SHA3-512_signed-by_ECDSA-SHA384,ECDSA-SHA3-512_signed-by_ECDSA-SHA384,11.8,2425.67,1178.26,0.75,2,0.166667,149.333,9,3046.66,2992.97,1291,1287
1,1,48,ECDSA-SHA3-512_signed-by_ECDSA-SHA384,ECDSA-SHA3-512_signed-by_ECDSA-SHA384,17.179,1667.14,1289.94,1,16,0.842105,106.211,24,3021.01,2987.82,1291,1289
1,8,50,ECDSA-SHA3-512_signed-by_ECDSA-SHA384,ECDSA-SHA3-512_signed-by_ECDSA-SHA384,9.107,3144.75,1375.61,0,0,0,107.6,16,3044.92,2989.3,1291,1289
1,7,48,ECDSA-SHA3-512_signed-by_ECDSA-SHA384,ECDSA-SHA3-512_signed-by_ECDSA-SHA384,14.261,2009.3,1295.78,1,9,0.692308,124.154,16,3021.81,2995.01,1293,1289
1,2,52,ECDSA-SHA3-512_signed-by_ECDSA-SHA384,ECDSA-SHA3-512_signed-by_ECDSA-SHA384,10.264,2790.31,1214.33,1,4,0.4,110,24,3201.13,2987.36,1293,1287
1,6,58,ECDSA-SHA3-512_signed-by_ECDSA-SHA384,ECDSA-SHA3-512_signed-by_ECDSA-SHA384,10.135,2824.26,1352.93,1,2,0.181818,106.364,9,3043.99,2975.35,1291,1287
1,3,52,ECDSA-SHA3-512_signed-by_ECDSA-SHA384,ECDSA-SHA3-512_signed-by_ECDSA-SHA384,11.598,2470.03,1058.09,1,0,0,118,24,3022.75,2969.47,1292,1289
1,7,49,ECDSA-SHA3-512_signed-by_ECDSA-SHA384,ECDSA-SHA3-512_signed-by_ECDSA-SHA384,7.126,4020.86,2530.16,1,8,0.533333,103.067,16,3034.52,3005.11,1293,1289
1,8,51,ECDSA-SHA3-512_signed-by_ECDSA-SHA384,ECDSA-SHA3-512_signed-by_ECDSA-SHA384,11.6,2468.92,1613.76,1,9,0.5625,98.5,16,3098.63,3006.07,1291,1289
1,1,49,ECDSA-SHA3-512_signed-by_ECDSA-SHA384,ECDSA-SHA3-512_signed-by_ECDSA-SHA384,18.483,1549.52,945.296,1,8,0.533333,102,24,3008.66,2977.26,1291,1289
1,3,53,ECDSA-SHA3-512_signed-by_ECDSA-SHA384,ECDSA-SHA3-512_signed-by_ECDSA-SHA384,9.545,3001.31,1783.52,1,7,0.538462,111.846,24,3016.87,2984.57,1292,1289
1,6,59,ECDSA-SHA3-512_signed-by_ECDSA-SHA384,ECDSA-SHA3-512_signed-by_ECDSA-SHA384,12.735,2247.58,983.71,1,0,0,110,9,3039.53,2996.75,1291,1287
1,7,50,ECDSA-SHA3-512_signed-by_ECDSA-SHA384,ECDSA-SHA3-512_signed-by_ECDSA-SHA384,10.193,2811.3,1222.78,1,4,0.4,110,16,3017.41,2976.57,1293,1289
1,2,53,ECDSA-SHA3-512_signed-by_ECDSA-SHA384,ECDSA-SHA3-512_signed-by_ECDSA-SHA384,16.136,1774.82,1207.67,1,16,0.8,112,24,3015.09,2998.3,1293,1287
1,8,52,ECDSA-SHA3-512_signed-by_ECDSA-SHA384,ECDSA-SHA3-512_signed-by_ECDSA-SHA384,10.979,2608.55,1573.87,1,7,0.5,104.857,16,3035.97,2969.86,1291,1289
1,1,50,ECDSA-SHA3-512_signed-by_ECDSA-SHA384,ECDSA-SHA3-512_signed-by_ECDSA-SHA384,9.455,3029.06,1325,1,0,0,107.6,24,2984.69,2994.49,1291,1289
1,6,60,ECDSA-SHA3-512_signed-by_ECDSA-SHA384,ECDSA-SHA3-512_signed-by_ECDSA-SHA384,7.343,3897.62,1686.28,1,0,0,109.6,9,3039.95,2974.22,1291,1287
1,2,54,ECDSA-SHA3-512_signed-by_ECDSA-SHA384,ECDSA-SHA3-512_signed-by_ECDSA-SHA384,11.805,2425.94,1966.5,0.947368,14,0.736842,131.474,24,3014.28,3013.01,1293,1287
1,5,51,ECDSA-SHA3-512_signed-by_ECDSA-SHA384,ECDSA-SHA3-512_signed-by_ECDSA-SHA384,76.791,372.956,490.676,1,43,1.48276,122.966,15,3018.78,3003.69,1291,1289
1,1,51,ECDSA-SHA3-512_signed-by_ECDSA-SHA384,ECDSA-SHA3-512_signed-by_ECDSA-SHA384,10.067,2844.83,1218.99,0.444444,0,0,118,24,3047.62,3007.94,1291,1289
1,8,53,ECDSA-SHA3-512_signed-by_ECDSA-SHA384,ECDSA-SHA3-512_signed-by_ECDSA-SHA384,12.126,2361.75,1637.39,1,14,0.933333,118,16,3055.6,2990.02,1291,1289
1,3,54,ECDSA-SHA3-512_signed-by_ECDSA-SHA384,ECDSA-SHA3-512_signed-by_ECDSA-SHA384,20.12,1423.82,1151.46,1,17,1,119.882,24,3029.92,2965.84,1292,1289
1,6,61,ECDSA-SHA3-512_signed-by_ECDSA-SHA384,ECDSA-SHA3-512_signed-by_ECDSA-SHA384,10.904,2625.01,1143.03,0.4,4,0.4,110,9,3030.52,2995.66,1291,1287
1,7,51,ECDSA-SHA3-512_signed-by_ECDSA-SHA384,ECDSA-SHA3-512_signed-by_ECDSA-SHA384,17.834,1606.8,2067.04,0.785714,25,0.892857,135.143,16,3032.22,3009.83,1293,1289
1,2,55,ECDSA-SHA3-512_signed-by_ECDSA-SHA384,ECDSA-SHA3-512_signed-by_ECDSA-SHA384,11.504,2489.53,1230.86,0.923077,5,0.384615,104.462,24,3022.7,2995.2,1293,1287
1,5,52,ECDSA-SHA3-512_signed-by_ECDSA-SHA384,ECDSA-SHA3-512_signed-by_ECDSA-SHA384,11.821,2422.78,1059.8,0.9,0,0,110,15,3009.91,2977.49,1291,1289
1,1,52,ECDSA-SHA3-512_signed-by_ECDSA-SHA384,ECDSA-SHA3-512_signed-by_ECDSA-SHA384,11.403,2511.59,1098.64,0.8,0,0,110,24,3013.8,2968.48,1291,1289
1,3,55,ECDSA-SHA3-512_signed-by_ECDSA-SHA384,ECDSA-SHA3-512_signed-by_ECDSA-SHA384,10.615,2698.8,1156.09,0.888889,0,0,118,24,3004.24,2965.62,1292,1289
1,8,54,ECDSA-SHA3-512_signed-by_ECDSA-SHA384,ECDSA-SHA3-512_signed-by_ECDSA-SHA384,12.231,2341.54,1003.33,0.888889,0,0,118,16,3038.6,2980.59,1291,1289
1,7,52,ECDSA-SHA3-512_signed-by_ECDSA-SHA384,ECDSA-SHA3-512_signed-by_ECDSA-SHA384,12.458,2300.14,985.04,1,0,0,118,16,3017.39,3012.22,1293,1289
1,6,62,ECDSA-SHA3-512_signed-by_ECDSA-SHA384,ECDSA-SHA3-512_signed-by_ECDSA-SHA384,15.391,1859.71,1383.61,0.882353,15,0.882353,172.118,9,3063.26,2998.02,1291,1287
1,2,56,ECDSA-SHA3-512_signed-by_ECDSA-SHA384,ECDSA-SHA3-512_signed-by_ECDSA-SHA384,10.204,2806.74,1227.75,0.8,0,0,118,24,3062.13,2986.39,1293,1287
1,5,53,ECDSA-SHA3-512_signed-by_ECDSA-SHA384,ECDSA-SHA3-512_signed-by_ECDSA-SHA384,10.972,2610.24,1118.47,0.888889,0,0,123.333,15,3025.37,2994.25,1291,1289
1,1,53,ECDSA-SHA3-512_signed-by_ECDSA-SHA384,ECDSA-SHA3-512_signed-by_ECDSA-SHA384,13.55,2113.58,924.545,1,0,0,110,24,3011.12,2977.26,1291,1289
1,7,53,ECDSA-SHA3-512_signed-by_ECDSA-SHA384,ECDSA-SHA3-512_signed-by_ECDSA-SHA384,12.012,2385.57,1042.94,0.8,0,0,110,16,3016.07,2987.41,1293,1289
1,8,55,ECDSA-SHA3-512_signed-by_ECDSA-SHA384,ECDSA-SHA3-512_signed-by_ECDSA-SHA384,15.158,1889.37,1219.12,0.923077,9,0.692308,126,16,3030.61,2954.2,1291,1289
1,3,56,ECDSA-SHA3-512_signed-by_ECDSA-SHA384,ECDSA-SHA3-512_signed-by_ECDSA-SHA384,17.116,1673.68,1005.8,0.857143,8,0.571429,106.571,24,2971.3,2994.89,1292,1289
1,6,63,ECDSA-SHA3-512_signed-by_ECDSA-SHA384,ECDSA-SHA3-512_signed-by_ECDSA-SHA384,12.797,2236.73,958.956,0.555556,0,0,118,9,3015.71,3019.45,1291,1287
1,2,57,ECDSA-SHA3-512_signed-by_ECDSA-SHA384,ECDSA-SHA3-512_signed-by_ECDSA-SHA384,12.394,2310.75,990.137,0.444444,0,0,126.889,24,3018,3009.37,1293,1287
1,5,54,ECDSA-SHA3-512_signed-by_ECDSA-SHA384,ECDSA-SHA3-512_signed-by_ECDSA-SHA384,12.722,2251.17,1432.45,0.833333,9,0.75,133.333,15,3034.26,3013.35,1291,1289
1,1,54,ECDSA-SHA3-512_signed-by_ECDSA-SHA384,ECDSA-SHA3-512_signed-by_ECDSA-SHA384,9.744,2938.96,1285.59,0.9,0,0,107.6,24,2985.57,3003.16,1291,1289
1,8,56,ECDSA-SHA3-512_signed-by_ECDSA-SHA384,ECDSA-SHA3-512_signed-by_ECDSA-SHA384,9.263,3091.54,1500.87,1,5,0.416667,102.667,16,3008.33,2982.76,1291,1289
1,6,64,ECDSA-SHA3-512_signed-by_ECDSA-SHA384,ECDSA-SHA3-512_signed-by_ECDSA-SHA384,9.973,2870.12,1615.55,1,2,0.181818,115.818,9,3030.31,2982.85,1291,1287
1,7,54,ECDSA-SHA3-512_signed-by_ECDSA-SHA384,ECDSA-SHA3-512_signed-by_ECDSA-SHA384,13.253,2162.16,1358.14,1,8,0.533333,101.467,16,3021.31,2977.77,1293,1289
1,5,55,ECDSA-SHA3-512_signed-by_ECDSA-SHA384,ECDSA-SHA3-512_signed-by_ECDSA-SHA384,10.694,2678.06,1147.53,1,0,0,118,15,3033.64,3012.83,1291,1289
1,3,57,ECDSA-SHA3-512_signed-by_ECDSA-SHA384,ECDSA-SHA3-512_signed-by_ECDSA-SHA384,17.23,1662.68,1093.9,1,13,0.764706,104.353,24,3015.86,3019.06,1292,1289
1,2,58,ECDSA-SHA3-512_signed-by_ECDSA-SHA384,ECDSA-SHA3-512_signed-by_ECDSA-SHA384,15.071,1900.24,1780.28,1,25,1.08696,104.957,24,3036.48,3027.51,1293,1287
1,1,55,ECDSA-SHA3-512_signed-by_ECDSA-SHA384,ECDSA-SHA3-512_signed-by_ECDSA-SHA384,12.913,2217.83,970.144,1,0,0,110,24,2998.2,3041.16,1291,1289
1,8,57,ECDSA-SHA3-512_signed-by_ECDSA-SHA384,ECDSA-SHA3-512_signed-by_ECDSA-SHA384,13.026,2198.58,1669.2,1,19,1,104.526,16,3033.68,2970.89,1291,1289
1,6,65,ECDSA-SHA3-512_signed-by_ECDSA-SHA384,ECDSA-SHA3-512_signed-by_ECDSA-SHA384,12.846,2228.14,1472.14,1,10,0.588235,94.9412,9,3070.61,3004.18,1291,1287
1,5,56,ECDSA-SHA3-512_signed-by_ECDSA-SHA384,ECDSA-SHA3-512_signed-by_ECDSA-SHA384,9.675,2960.16,1294.86,1,0,0,107.6,15,3017.83,2992.37,1291,1289
1,8,58,ECDSA-SHA3-512_signed-by_ECDSA-SHA384,ECDSA-SHA3-512_signed-by_ECDSA-SHA384,10.923,2621.87,1368.06,1,6,0.428571,92.8571,16,3042.53,2994.05,1291,1289
1,7,55,ECDSA-SHA3-512_signed-by_ECDSA-SHA384,ECDSA-SHA3-512_signed-by_ECDSA-SHA384,20.944,1368.17,902.947,1,11,0.647059,94.9412,16,3013.51,2977.45,1293,1289
1,6,66,ECDSA-SHA3-512_signed-by_ECDSA-SHA384,ECDSA-SHA3-512_signed-by_ECDSA-SHA384,9.292,3080.42,2035.25,0.647059,12,0.705882,97.7647,9,3028.17,3004.54,1291,1287
1,2,59,ECDSA-SHA3-512_signed-by_ECDSA-SHA384,ECDSA-SHA3-512_signed-by_ECDSA-SHA384,16.814,1703.33,1549.17,1,22,1.04762,171.333,24,3038.81,2983.91,1293,1287
1,3,58,ECDSA-SHA3-512_signed-by_ECDSA-SHA384,ECDSA-SHA3-512_signed-by_ECDSA-SHA384,20.502,1397.29,910.716,1,10,0.714286,128.857,24,3012.13,2988.53,1292,1289
1,5,57,ECDSA-SHA3-512_signed-by_ECDSA-SHA384,ECDSA-SHA3-512_signed-by_ECDSA-SHA384,13.817,2072.72,888.142,1,0,0,118,15,3052.89,2995.89,1291,1289
1,1,56,ECDSA-SHA3-512_signed-by_ECDSA-SHA384,ECDSA-SHA3-512_signed-by_ECDSA-SHA384,27.122,1055.97,1141.51,1,30,1.36364,159.091,24,3066.22,2996.67,1291,1289
1,8,59,ECDSA-SHA3-512_signed-by_ECDSA-SHA384,ECDSA-SHA3-512_signed-by_ECDSA-SHA384,14.495,1975.82,959.209,0.5,2,0.166667,149.333,16,3140.93,2996.68,1291,1289
1,7,56,ECDSA-SHA3-512_signed-by_ECDSA-SHA384,ECDSA-SHA3-512_signed-by_ECDSA-SHA384,14.942,1917.78,869.477,0.6,0,0,146,16,2994.09,2998.99,1293,1289
1,6,67,ECDSA-SHA3-512_signed-by_ECDSA-SHA384,ECDSA-SHA3-512_signed-by_ECDSA-SHA384,15.233,1879.04,805.603,0.666667,0,0,118,9,3027.19,3068.63,1291,1287
1,2,60,ECDSA-SHA3-512_signed-by_ECDSA-SHA384,ECDSA-SHA3-512_signed-by_ECDSA-SHA384,14.491,1976.38,1257.59,0.5,9,0.75,144,24,3020.79,2979.53,1293,1287
1,3,59,ECDSA-SHA3-512_signed-by_ECDSA-SHA384,ECDSA-SHA3-512_signed-by_ECDSA-SHA384,12.206,2346.87,1139.03,0.166667,5,0.416667,110,24,3017.24,2957.56,1292,1289
1,5,58,ECDSA-SHA3-512_signed-by_ECDSA-SHA384,ECDSA-SHA3-512_signed-by_ECDSA-SHA384,13.197,2170.18,949.304,0.8,0,0,110,15,2973.8,2997.45,1291,1289
1,1,57,ECDSA-SHA3-512_signed-by_ECDSA-SHA384,ECDSA-SHA3-512_signed-by_ECDSA-SHA384,9.668,2962.1,1269.23,1,0,0,123.333,24,3002.47,2977.13,1291,1289
1,8,60,ECDSA-SHA3-512_signed-by_ECDSA-SHA384,ECDSA-SHA3-512_signed-by_ECDSA-SHA384,10.873,2633.81,1128.57,1,0,0,118,16,3042.71,3003.61,1291,1289
1,3,60,ECDSA-SHA3-512_signed-by_ECDSA-SHA384,ECDSA-SHA3-512_signed-by_ECDSA-SHA384,11.345,2525.11,1081.68,1,0,0,126.889,24,3015.02,2996.51,1292,1289
1,6,68,ECDSA-SHA3-512_signed-by_ECDSA-SHA384,ECDSA-SHA3-512_signed-by_ECDSA-SHA384,13.305,2151.31,1298.72,1,7,0.5,104.857,9,3047.36,3013.37,1291,1287
1,2,61,ECDSA-SHA3-512_signed-by_ECDSA-SHA384,ECDSA-SHA3-512_signed-by_ECDSA-SHA384,13.26,2159.81,1642.18,1,14,0.823529,117.529,24,3007.43,2991.18,1293,1287
1,7,57,ECDSA-SHA3-512_signed-by_ECDSA-SHA384,ECDSA-SHA3-512_signed-by_ECDSA-SHA384,16.5,1736.65,1619.32,1,22,1,111.091,16,3043.33,2983.6,1293,1289
1,5,59,ECDSA-SHA3-512_signed-by_ECDSA-SHA384,ECDSA-SHA3-512_signed-by_ECDSA-SHA384,12.206,2346.31,1513.96,1,9,0.692308,126,15,3009.82,2971.16,1291,1289
1,1,58,ECDSA-SHA3-512_signed-by_ECDSA-SHA384,ECDSA-SHA3-512_signed-by_ECDSA-SHA384,15.597,1836.15,1394.04,1,19,1,105.789,24,3003.3,2975.13,1291,1289
1,8,61,ECDSA-SHA3-512_signed-by_ECDSA-SHA384,ECDSA-SHA3-512_signed-by_ECDSA-SHA384,13.677,2093.93,915.947,1,0,0,107.6,16,3044.66,2986.56,1291,1289
1,3,61,ECDSA-SHA3-512_signed-by_ECDSA-SHA384,ECDSA-SHA3-512_signed-by_ECDSA-SHA384,12.224,2343.5,1413.56,0.857143,7,0.5,114,24,3017.53,3001.22,1292,1289
1,6,69,ECDSA-SHA3-512_signed-by_ECDSA-SHA384,ECDSA-SHA3-512_signed-by_ECDSA-SHA384,13.299,2152.24,998.524,1,1,0.0909091,104.909,9,3031.65,3255.21,1291,1287
1,2,62,ECDSA-SHA3-512_signed-by_ECDSA-SHA384,ECDSA-SHA3-512_signed-by_ECDSA-SHA384,13.058,2193.19,1410.26,1,10,0.769231,135.846,24,2996.7,2997.71,1293,1287
1,5,60,ECDSA-SHA3-512_signed-by_ECDSA-SHA384,ECDSA-SHA3-512_signed-by_ECDSA-SHA384,11.896,2407.45,1031.57,1,0,0,118,15,3008.94,2987,1291,1289
1,7,58,ECDSA-SHA3-512_signed-by_ECDSA-SHA384,ECDSA-SHA3-512_signed-by_ECDSA-SHA384,13.353,2145.95,919.007,1,0,0,118,16,3000.27,2981.28,1293,1289
1,1,59,ECDSA-SHA3-512_signed-by_ECDSA-SHA384,ECDSA-SHA3-512_signed-by_ECDSA-SHA384,11.015,2600.03,1137.33,1,0,0,110,24,3022.06,2991.02,1291,1289
1,8,62,ECDSA-SHA3-512_signed-by_ECDSA-SHA384,ECDSA-SHA3-512_signed-by_ECDSA-SHA384,11.355,2522.18,1224.46,1,5,0.416667,102.667,16,3033.56,2977.22,1291,1289
1,3,62,ECDSA-SHA3-512_signed-by_ECDSA-SHA384,ECDSA-SHA3-512_signed-by_ECDSA-SHA384,10.765,2661.18,1315.36,1,5,0.384615,104.462,24,3039.61,2982.87,1292,1289
1,2,63,ECDSA-SHA3-512_signed-by_ECDSA-SHA384,ECDSA-SHA3-512_signed-by_ECDSA-SHA384,12.281,2331.99,1534.69,0.882353,16,0.941176,104.353,24,3020.14,2981.68,1293,1287
1,6,70,ECDSA-SHA3-512_signed-by_ECDSA-SHA384,ECDSA-SHA3-512_signed-by_ECDSA-SHA384,14.522,1970.99,1272.5,1,9,0.692308,126,9,3066.03,2997.11,1291,1287
1,7,59,ECDSA-SHA3-512_signed-by_ECDSA-SHA384,ECDSA-SHA3-512_signed-by_ECDSA-SHA384,13.76,2082.47,891.824,1,0,0,118,16,3020.07,2994.72,1293,1289
1,5,61,ECDSA-SHA3-512_signed-by_ECDSA-SHA384,ECDSA-SHA3-512_signed-by_ECDSA-SHA384,15.502,1847.42,1131.16,1,7,0.466667,102,15,2975.45,3015.52,1291,1289
1,1,60,ECDSA-SHA3-512_signed-by_ECDSA-SHA384,ECDSA-SHA3-512_signed-by_ECDSA-SHA384,11.119,2575.72,1103.67,1,0,0,118,24,3030.04,3003.76,1291,1289
1,8,63,ECDSA-SHA3-512_signed-by_ECDSA-SHA384,ECDSA-SHA3-512_signed-by_ECDSA-SHA384,11.235,2549.12,1102.24,1,0,0,109.6,16,3000.21,3006.05,1291,1289
1,3,63,ECDSA-SHA3-512_signed-by_ECDSA-SHA384,ECDSA-SHA3-512_signed-by_ECDSA-SHA384,11.228,2551.42,1115.76,1,0,0,118,24,3009.73,2974.77,1292,1289
1,6,71,ECDSA-SHA3-512_signed-by_ECDSA-SHA384,ECDSA-SHA3-512_signed-by_ECDSA-SHA384,9.51,3009.59,1943.03,0.692308,9,0.692308,126,9,3032.53,3045.23,1291,1287
1,7,60,ECDSA-SHA3-512_signed-by_ECDSA-SHA384,ECDSA-SHA3-512_signed-by_ECDSA-SHA384,10.009,2863.01,1226.09,0.444444,0,0,118,16,3018.55,2992.98,1293,1289
1,5,62,ECDSA-SHA3-512_signed-by_ECDSA-SHA384,ECDSA-SHA3-512_signed-by_ECDSA-SHA384,10.596,2702.87,1158.16,0.444444,0,0,118,15,3005.06,2996.91,1291,1289
1,2,64,ECDSA-SHA3-512_signed-by_ECDSA-SHA384,ECDSA-SHA3-512_signed-by_ECDSA-SHA384,15.852,1806.63,889.183,0.692308,3,0.230769,153.077,24,3010.55,3039.8,1293,1287
1,8,64,ECDSA-SHA3-512_signed-by_ECDSA-SHA384,ECDSA-SHA3-512_signed-by_ECDSA-SHA384,11.13,2573.16,1102.58,0.333333,0,0,126,16,3031.5,2995.63,1291,1289
1,1,61,ECDSA-SHA3-512_signed-by_ECDSA-SHA384,ECDSA-SHA3-512_signed-by_ECDSA-SHA384,12.748,2246.55,1429.51,1,9,0.75,133.333,24,3027.25,2984.41,1291,1289
1,3,64,ECDSA-SHA3-512_signed-by_ECDSA-SHA384,ECDSA-SHA3-512_signed-by_ECDSA-SHA384,11.402,2512.48,1076.27,1,0,0,126.889,24,3016.16,2986.98,1292,1289
1,7,61,ECDSA-SHA3-512_signed-by_ECDSA-SHA384,ECDSA-SHA3-512_signed-by_ECDSA-SHA384,8.925,3210.4,1374.86,1,0,0,118,16,3049.38,2969.22,1293,1289
1,6,72,ECDSA-SHA3-512_signed-by_ECDSA-SHA384,ECDSA-SHA3-512_signed-by_ECDSA-SHA384,13.875,2062.9,921.328,1,0,0,101.273,9,3052.17,2967.65,1291,1287
1,2,65,ECDSA-SHA3-512_signed-by_ECDSA-SHA384,ECDSA-SHA3-512_signed-by_ECDSA-SHA384,11.637,2461.04,1462.87,1,7,0.538462,119.846,24,3027.94,2979.52,1293,1287
1,1,62,ECDSA-SHA3-512_signed-by_ECDSA-SHA384,ECDSA-SHA3-512_signed-by_ECDSA-SHA384,10.545,2715.92,1728.18,0.583333,9,0.75,133.333,24,2989.99,2954.79,1291,1289
1,5,63,ECDSA-SHA3-512_signed-by_ECDSA-SHA384,ECDSA-SHA3-512_signed-by_ECDSA-SHA384,14.643,1955.79,1188.77,1,9,0.6,103.6,15,3007.98,3002.19,1291,1289
1,3,65,ECDSA-SHA3-512_signed-by_ECDSA-SHA384,ECDSA-SHA3-512_signed-by_ECDSA-SHA384,11.778,2432.26,1041.91,0,0,0,126.889,24,3010.34,2969.17,1292,1289
1,8,65,ECDSA-SHA3-512_signed-by_ECDSA-SHA384,ECDSA-SHA3-512_signed-by_ECDSA-SHA384,14.204,2016.26,1282.97,1,9,0.75,133.333,16,3037.44,2947.04,1291,1289
1,7,62,ECDSA-SHA3-512_signed-by_ECDSA-SHA384,ECDSA-SHA3-512_signed-by_ECDSA-SHA384,10.772,2660.17,1139.22,0,0,0,118,16,3015.73,2990.81,1293,1289
1,6,73,ECDSA-SHA3-512_signed-by_ECDSA-SHA384,ECDSA-SHA3-512_signed-by_ECDSA-SHA384,9.259,3091.15,1325.27,0.222222,0,0,118,9,3036,2976.23,1291,1287
1,2,66,ECDSA-SHA3-512_signed-by_ECDSA-SHA384,ECDSA-SHA3-512_signed-by_ECDSA-SHA384,9.479,3021.12,1294.52,0.222222,0,0,126.889,24,3026.69,2985.36,1293,1287
1,5,64,ECDSA-SHA3-512_signed-by_ECDSA-SHA384,ECDSA-SHA3-512_signed-by_ECDSA-SHA384,8.079,3544.66,1720.84,0.166667,5,0.416667,102.667,15,3019.14,2989.9,1291,1289
1,1,63,ECDSA-SHA3-512_signed-by_ECDSA-SHA384,ECDSA-SHA3-512_signed-by_ECDSA-SHA384,12.074,2372,1016.38,0.222222,0,0,118,24,2990.47,2969.88,1291,1289
1,8,66,ECDSA-SHA3-512_signed-by_ECDSA-SHA384,ECDSA-SHA3-512_signed-by_ECDSA-SHA384,10.317,2775.73,1189.38,0.222222,0,0,118,16,3048.09,3006.07,1291,1289
1,3,66,ECDSA-SHA3-512_signed-by_ECDSA-SHA384,ECDSA-SHA3-512_signed-by_ECDSA-SHA384,12.646,2265.35,990.656,0.2,0,0,118,24,3021.32,2967.57,1292,1289
1,7,63,ECDSA-SHA3-512_signed-by_ECDSA-SHA384,ECDSA-SHA3-512_signed-by_ECDSA-SHA384,11.18,2563.15,1097.67,0.222222,0,0,119.778,16,3047.74,2994.7,1293,1289
1,6,74,ECDSA-SHA3-512_signed-by_ECDSA-SHA384,ECDSA-SHA3-512_signed-by_ECDSA-SHA384,12.019,2381.55,1021.04,0.222222,0,0,118,9,3002.03,2976.85,1291,1287
1,5,65,ECDSA-SHA3-512_signed-by_ECDSA-SHA384,ECDSA-SHA3-512_signed-by_ECDSA-SHA384,10.326,2773.35,1346.39,0.166667,5,0.416667,102.667,15,3231.36,2998.48,1291,1289
1,2,67,ECDSA-SHA3-512_signed-by_ECDSA-SHA384,ECDSA-SHA3-512_signed-by_ECDSA-SHA384,11.696,2448.5,1049.16,0.222222,0,0,127.778,24,3017.6,3004.29,1293,1287
1,1,64,ECDSA-SHA3-512_signed-by_ECDSA-SHA384,ECDSA-SHA3-512_signed-by_ECDSA-SHA384,9.799,2922.51,1252.27,0.666667,0,0,118,24,3006.11,3001.55,1291,1289
1,8,67,ECDSA-SHA3-512_signed-by_ECDSA-SHA384,ECDSA-SHA3-512_signed-by_ECDSA-SHA384,10.797,2652.58,1160.32,1,0,0,110,16,3038.84,3000.02,1291,1289
1,3,67,ECDSA-SHA3-512_signed-by_ECDSA-SHA384,ECDSA-SHA3-512_signed-by_ECDSA-SHA384,13.014,2201.29,1068.37,1,5,0.416667,110,24,3019.04,2979.73,1292,1289
1,7,64,ECDSA-SHA3-512_signed-by_ECDSA-SHA384,ECDSA-SHA3-512_signed-by_ECDSA-SHA384,13.148,2179.46,933.359,1,0,0,118,16,2994.71,3030.62,1293,1289
1,6,75,ECDSA-SHA3-512_signed-by_ECDSA-SHA384,ECDSA-SHA3-512_signed-by_ECDSA-SHA384,12.182,2349.67,1162.36,1,5,0.384615,97.6923,9,3004.13,3034.28,1291,1287
1,5,66,ECDSA-SHA3-512_signed-by_ECDSA-SHA384,ECDSA-SHA3-512_signed-by_ECDSA-SHA384,12.243,2339.24,1002.35,1,0,0,118,15,3039.37,2995.59,1291,1289
1,8,68,ECDSA-SHA3-512_signed-by_ECDSA-SHA384,ECDSA-SHA3-512_signed-by_ECDSA-SHA384,9.615,2978.38,1377.71,1,1,0.0909091,104.909,16,3031.22,2980.45,1291,1289
1,7,65,ECDSA-SHA3-512_signed-by_ECDSA-SHA384,ECDSA-SHA3-512_signed-by_ECDSA-SHA384,9.578,2991.81,1307.98,1,0,0,110,16,3026.62,2999.16,1293,1289
1,6,76,ECDSA-SHA3-512_signed-by_ECDSA-SHA384,ECDSA-SHA3-512_signed-by_ECDSA-SHA384,9.668,2960.64,1315.66,0.636364,4,0.363636,182,9,3020.34,3002.48,1291,1287
1,3,68,ECDSA-SHA3-512_signed-by_ECDSA-SHA384,ECDSA-SHA3-512_signed-by_ECDSA-SHA384,12.345,2320.53,1491.73,1,10,0.769231,135.846,24,3018.71,2974.91,1292,1289
1,5,67,ECDSA-SHA3-512_signed-by_ECDSA-SHA384,ECDSA-SHA3-512_signed-by_ECDSA-SHA384,10.777,2657.46,1138.7,1,0,0,118,15,3101.99,2979.88,1291,1289
1,1,65,ECDSA-SHA3-512_signed-by_ECDSA-SHA384,ECDSA-SHA3-512_signed-by_ECDSA-SHA384,22.256,1286.82,1470.86,1,30,1.2,114.48,24,3010.71,2992.33,1291,1289
1,8,69,ECDSA-SHA3-512_signed-by_ECDSA-SHA384,ECDSA-SHA3-512_signed-by_ECDSA-SHA384,11.729,2441.75,1229.06,1,5,0.357143,93.4286,16,3108.97,2967.6,1291,1289
1,7,66,ECDSA-SHA3-512_signed-by_ECDSA-SHA384,ECDSA-SHA3-512_signed-by_ECDSA-SHA384,12.259,2337.48,1021.91,1,0,0,110,16,3031.93,2969.44,1293,1289
1,5,68,ECDSA-SHA3-512_signed-by_ECDSA-SHA384,ECDSA-SHA3-512_signed-by_ECDSA-SHA384,9.854,2906.42,1245.38,1,0,0,118,15,3015.91,2980.01,1291,1289
1,6,77,ECDSA-SHA3-512_signed-by_ECDSA-SHA384,ECDSA-SHA3-512_signed-by_ECDSA-SHA384,12.923,2214.91,1075.89,1,2,0.166667,141.333,9,3031.01,2989.05,1291,1287
1,2,68,ECDSA-SHA3-512_signed-by_ECDSA-SHA384,ECDSA-SHA3-512_signed-by_ECDSA-SHA384,33.116,864.825,760.466,1,24,1.09091,120.909,24,3021.16,2975.41,1293,1287
1,3,69,ECDSA-SHA3-512_signed-by_ECDSA-SHA384,ECDSA-SHA3-512_signed-by_ECDSA-SHA384,14.36,1994.91,1269.04,1,9,0.75,184,24,3012.99,2978.04,1292,1289
1,8,70,ECDSA-SHA3-512_signed-by_ECDSA-SHA384,ECDSA-SHA3-512_signed-by_ECDSA-SHA384,11.715,2444.66,1047.52,1,0,0,118,16,3032.77,3014.64,1291,1289
1,1,66,ECDSA-SHA3-512_signed-by_ECDSA-SHA384,ECDSA-SHA3-512_signed-by_ECDSA-SHA384,14.618,1959.14,1281.65,1,9,0.642857,118,24,3026.81,2991.66,1291,1289
1,7,67,ECDSA-SHA3-512_signed-by_ECDSA-SHA384,ECDSA-SHA3-512_signed-by_ECDSA-SHA384,11.392,2515.39,1599.68,1,9,0.75,133.333,17,3036.03,2998.06,1293,1289
1,5,69,ECDSA-SHA3-512_signed-by_ECDSA-SHA384,ECDSA-SHA3-512_signed-by_ECDSA-SHA384,12.337,2321.39,1036.19,1,0,0,103.455,15,3051.11,2983.86,1291,1289
1,6,78,ECDSA-SHA3-512_signed-by_ECDSA-SHA384,ECDSA-SHA3-512_signed-by_ECDSA-SHA384,12.503,2289.28,981.485,1,0,0,118,9,3043.12,2971.21,1291,1287
1,3,70,ECDSA-SHA3-512_signed-by_ECDSA-SHA384,ECDSA-SHA3-512_signed-by_ECDSA-SHA384,13.055,2194.32,1303.97,1,7,0.538462,119.846,24,3024.17,2968.07,1292,1289
1,8,71,ECDSA-SHA3-512_signed-by_ECDSA-SHA384,ECDSA-SHA3-512_signed-by_ECDSA-SHA384,13.141,2179.36,933.836,1,0,0,174,16,3035.39,2992.75,1291,1289
1,7,68,ECDSA-SHA3-512_signed-by_ECDSA-SHA384,ECDSA-SHA3-512_signed-by_ECDSA-SHA384,10.938,2619.78,1648.52,1,3,0.272727,134.727,17,2999.86,3000.54,1293,1289
1,5,70,ECDSA-SHA3-512_signed-by_ECDSA-SHA384,ECDSA-SHA3-512_signed-by_ECDSA-SHA384,9.527,3006.14,1288.11,1,0,0,118,15,3010.34,2986.84,1291,1289
1,1,67,ECDSA-SHA3-512_signed-by_ECDSA-SHA384,ECDSA-SHA3-512_signed-by_ECDSA-SHA384,17.059,1678.78,1291.44,1,14,0.777778,106.667,24,3009.72,3059.49,1291,1289
1,6,79,ECDSA-SHA3-512_signed-by_ECDSA-SHA384,ECDSA-SHA3-512_signed-by_ECDSA-SHA384,11.333,2525.66,1646.13,1,12,0.75,101.5,9,3027.35,3019.1,1291,1287
1,2,69,ECDSA-SHA3-512_signed-by_ECDSA-SHA384,ECDSA-SHA3-512_signed-by_ECDSA-SHA384,26.749,1070.69,1292.01,1,36,1.24138,127.793,24,3039.95,2992.73,1293,1287
1,3,71,ECDSA-SHA3-512_signed-by_ECDSA-SHA384,ECDSA-SHA3-512_signed-by_ECDSA-SHA384,16.882,1696.87,1079.44,1,9,0.75,144,24,3024.07,3007.39,1292,1289
1,7,69,ECDSA-SHA3-512_signed-by_ECDSA-SHA384,ECDSA-SHA3-512_signed-by_ECDSA-SHA384,13.182,2173.82,1382.46,1,9,0.75,134,17,3032.93,3002.86,1293,1289
1,5,71,ECDSA-SHA3-512_signed-by_ECDSA-SHA384,ECDSA-SHA3-512_signed-by_ECDSA-SHA384,12.899,2220.29,951.376,1,0,0,118,15,3016.8,2977.93,1291,1289
1,8,72,ECDSA-SHA3-512_signed-by_ECDSA-SHA384,ECDSA-SHA3-512_signed-by_ECDSA-SHA384,18.502,1547.87,1628.29,1,27,1.5,154,16,3040.9,3011.7,1291,1289
1,6,80,ECDSA-SHA3-512_signed-by_ECDSA-SHA384,ECDSA-SHA3-512_signed-by_ECDSA-SHA384,12.86,2225.79,1208.07,0.266667,10,0.666667,94,9,3039.16,2977.55,1291,1287
1,1,68,ECDSA-SHA3-512_signed-by_ECDSA-SHA384,ECDSA-SHA3-512_signed-by_ECDSA-SHA384,16.873,1697.33,1095.2,0.769231,9,0.692308,126,24,3019.61,2965.06,1291,1289
1,2,70,ECDSA-SHA3-512_signed-by_ECDSA-SHA384,ECDSA-SHA3-512_signed-by_ECDSA-SHA384,16.271,1760.14,754.207,1,0,0,136.667,24,3030.88,2989.28,1293,1287
1,4,0,ECDSA-SHA3-512_signed-by_ECDSA-SHA384,ECDSA-SHA3-512_signed-by_ECDSA-SHA384,1024.56,27.9535,8.65935,1,5,0.3125,176.375,24,3026.14,3023.21,1291,1289
1,6,81,ECDSA-SHA3-512_signed-by_ECDSA-SHA384,ECDSA-SHA3-512_signed-by_ECDSA-SHA384,15.567,1838.69,804.75,1,0,0,111.2,9,3044.79,3094.97,1291,1287
1,8,73,ECDSA-SHA3-512_signed-by_ECDSA-SHA384,ECDSA-SHA3-512_signed-by_ECDSA-SHA384,16.959,1688.71,1003.79,1,7,0.538462,111.846,16,3037.31,2983.5,1291,1289
1,3,72,ECDSA-SHA3-512_signed-by_ECDSA-SHA384,ECDSA-SHA3-512_signed-by_ECDSA-SHA384,21.909,1307.59,777.032,1,10,0.769231,119.846,24,3035.39,2980.46,1292,1289
1,1,69,ECDSA-SHA3-512_signed-by_ECDSA-SHA384,ECDSA-SHA3-512_signed-by_ECDSA-SHA384,14.484,1977.29,864.927,1,0,0,110,24,3016.53,3001.92,1291,1289
1,2,71,ECDSA-SHA3-512_signed-by_ECDSA-SHA384,ECDSA-SHA3-512_signed-by_ECDSA-SHA384,11.921,2402.44,1029.42,1,0,0,138,24,3038.99,2961.27,1293,1287
1,5,72,ECDSA-SHA3-512_signed-by_ECDSA-SHA384,ECDSA-SHA3-512_signed-by_ECDSA-SHA384,22.613,1266.52,1107.32,1,24,1.04348,96.4348,15,3027.63,2976.28,1291,1289
1,4,1,ECDSA-SHA3-512_signed-by_ECDSA-SHA384,ECDSA-SHA3-512_signed-by_ECDSA-SHA384,12.519,2287.63,1131.04,0.923077,2,0.153846,155.538,24,2987.58,2990.63,1291,1289
1,6,82,ECDSA-SHA3-512_signed-by_ECDSA-SHA384,ECDSA-SHA3-512_signed-by_ECDSA-SHA384,10.587,2703.63,1313.28,0.833333,5,0.416667,102.667,9,3042.26,2991.7,1291,1287
1,8,74,ECDSA-SHA3-512_signed-by_ECDSA-SHA384,ECDSA-SHA3-512_signed-by_ECDSA-SHA384,11.271,2540.95,1088.77,0.888889,0,0,118,16,3043.91,2983.86,1291,1289
1,7,70,ECDSA-SHA3-512_signed-by_ECDSA-SHA384,ECDSA-SHA3-512_signed-by_ECDSA-SHA384,33.284,860.944,953.239,1,29,1.07407,103.778,17,3028.26,2998.43,1293,1289
1,2,72,ECDSA-SHA3-512_signed-by_ECDSA-SHA384,ECDSA-SHA3-512_signed-by_ECDSA-SHA384,13.246,2162.05,926.419,0.777778,0,0,136.667,24,3006.61,3020.7,1293,1287
1,5,73,ECDSA-SHA3-512_signed-by_ECDSA-SHA384,ECDSA-SHA3-512_signed-by_ECDSA-SHA384,13.163,2175.7,932.267,1,0,0,118,15,2999.95,2969.79,1291,1289
1,3,73,ECDSA-SHA3-512_signed-by_ECDSA-SHA384,ECDSA-SHA3-512_signed-by_ECDSA-SHA384,18.162,1577.35,1051.86,1,10,0.555556,128.667,24,3016.5,3085.31,1292,1289
1,1,70,ECDSA-SHA3-512_signed-by_ECDSA-SHA384,ECDSA-SHA3-512_signed-by_ECDSA-SHA384,18.197,1573.87,1001.48,1,9,0.75,133.333,24,3005.8,3038.36,1291,1289
1,6,83,ECDSA-SHA3-512_signed-by_ECDSA-SHA384,ECDSA-SHA3-512_signed-by_ECDSA-SHA384,10.38,2757.58,1182.26,1,0,0,118,9,3029.53,2994.26,1291,1287
1,8,75,ECDSA-SHA3-512_signed-by_ECDSA-SHA384,ECDSA-SHA3-512_signed-by_ECDSA-SHA384,14.451,1981.8,1253.29,1,8,0.5,97.25,16,3031.67,3016.86,1291,1289
1,6,84,ECDSA-SHA3-512_signed-by_ECDSA-SHA384,ECDSA-SHA3-512_signed-by_ECDSA-SHA384,10.886,2629.37,1127.29,0.333333,0,0,123.333,9,3047.55,2994.5,1291,1287
1,7,71,ECDSA-SHA3-512_signed-by_ECDSA-SHA384,ECDSA-SHA3-512_signed-by_ECDSA-SHA384,18.241,1570.88,943.757,1,8,0.571429,106.571,17,3019.05,3172.85,1293,1289
1,4,2,ECDSA-SHA3-512_signed-by_ECDSA-SHA384,ECDSA-SHA3-512_signed-by_ECDSA-SHA384,23.576,1214.77,931.774,1,15,0.833333,145.556,24,3011.69,3154.28,1291,1289
1,1,71,ECDSA-SHA3-512_signed-by_ECDSA-SHA384,ECDSA-SHA3-512_signed-by_ECDSA-SHA384,14.483,1977.41,1271.51,1,10,0.769231,164.769,24,3018.44,3006.5,1291,1289
1,3,74,ECDSA-SHA3-512_signed-by_ECDSA-SHA384,ECDSA-SHA3-512_signed-by_ECDSA-SHA384,16.021,1788.06,1153.43,1,9,0.692308,135.846,24,3014.22,2967.34,1292,1289
1,2,73,ECDSA-SHA3-512_signed-by_ECDSA-SHA384,ECDSA-SHA3-512_signed-by_ECDSA-SHA384,21.066,1359.51,1156.72,1,19,1.1875,170,24,3028.53,2997.22,1293,1287
1,8,76,ECDSA-SHA3-512_signed-by_ECDSA-SHA384,ECDSA-SHA3-512_signed-by_ECDSA-SHA384,13.339,2146.99,919.967,0.666667,0,0,118,16,3027.64,3002.17,1291,1289
1,5,74,ECDSA-SHA3-512_signed-by_ECDSA-SHA384,ECDSA-SHA3-512_signed-by_ECDSA-SHA384,23.09,1240.33,1011.67,1,18,1,117.556,15,3038.51,2956.64,1291,1289
1,6,85,ECDSA-SHA3-512_signed-by_ECDSA-SHA384,ECDSA-SHA3-512_signed-by_ECDSA-SHA384,9.564,2992.86,1303.21,0.9,5,0.5,110,10,3036.54,3000.98,1291,1287
1,4,3,ECDSA-SHA3-512_signed-by_ECDSA-SHA384,ECDSA-SHA3-512_signed-by_ECDSA-SHA384,10.31,2777.78,1190.26,0.666667,0,0,136.667,24,3016.13,2981.53,1291,1289
1,3,75,ECDSA-SHA3-512_signed-by_ECDSA-SHA384,ECDSA-SHA3-512_signed-by_ECDSA-SHA384,10.215,2804.42,1201.33,1,0,0,126.889,24,2990.32,2999.72,1292,1289
1,1,72,ECDSA-SHA3-512_signed-by_ECDSA-SHA384,ECDSA-SHA3-512_signed-by_ECDSA-SHA384,12.413,2307.14,988.589,1,0,0,118,24,2994.95,2952.2,1291,1289
1,7,72,ECDSA-SHA3-512_signed-by_ECDSA-SHA384,ECDSA-SHA3-512_signed-by_ECDSA-SHA384,15.79,1814.81,1078.15,0.692308,7,0.538462,111.846,17,3007.38,3001.26,1293,1289
1,2,74,ECDSA-SHA3-512_signed-by_ECDSA-SHA384,ECDSA-SHA3-512_signed-by_ECDSA-SHA384,15.394,1860.37,1122.46,1,7,0.5,118,24,3040.11,3001.71,1293,1287
1,8,77,ECDSA-SHA3-512_signed-by_ECDSA-SHA384,ECDSA-SHA3-512_signed-by_ECDSA-SHA384,14.101,2030.98,870.256,1,0,0,120.667,16,3032.14,2990.82,1291,1289
1,5,75,ECDSA-SHA3-512_signed-by_ECDSA-SHA384,ECDSA-SHA3-512_signed-by_ECDSA-SHA384,14.413,1987.01,869.176,1,0,0,110,15,3040.2,3004.77,1291,1289
1,6,86,ECDSA-SHA3-512_signed-by_ECDSA-SHA384,ECDSA-SHA3-512_signed-by_ECDSA-SHA384,16.553,1729.13,1115.38,0.866667,7,0.466667,136.667,10,3031.61,2992.5,1291,1287
1,4,4,ECDSA-SHA3-512_signed-by_ECDSA-SHA384,ECDSA-SHA3-512_signed-by_ECDSA-SHA384,15.943,1796.31,1067.75,1,7,0.538462,128.462,24,3061.47,2982.33,1291,1289
1,3,76,ECDSA-SHA3-512_signed-by_ECDSA-SHA384,ECDSA-SHA3-512_signed-by_ECDSA-SHA384,14.801,1935.47,1150.15,0.769231,7,0.538462,243.538,24,3019.48,2971.69,1292,1289
1,1,73,ECDSA-SHA3-512_signed-by_ECDSA-SHA384,ECDSA-SHA3-512_signed-by_ECDSA-SHA384,15.018,1906.97,834.166,1,0,0,110,24,3005.67,2993.26,1291,1289
1,7,73,ECDSA-SHA3-512_signed-by_ECDSA-SHA384,ECDSA-SHA3-512_signed-by_ECDSA-SHA384,15.935,1798.24,786.163,1,0,0,110,17,3040.03,2998.22,1293,1289
1,2,75,ECDSA-SHA3-512_signed-by_ECDSA-SHA384,ECDSA-SHA3-512_signed-by_ECDSA-SHA384,13.808,2074.08,888.727,0.666667,0,0,126.889,24,3061.53,2991.02,1293,1287
1,5,76,ECDSA-SHA3-512_signed-by_ECDSA-SHA384,ECDSA-SHA3-512_signed-by_ECDSA-SHA384,12.62,2269.35,1101.71,0.333333,5,0.416667,102.667,15,3018.68,2987.04,1291,1289
1,8,78,ECDSA-SHA3-512_signed-by_ECDSA-SHA384,ECDSA-SHA3-512_signed-by_ECDSA-SHA384,16.909,1693.7,1077.72,1,9,0.75,133.333,16,3053.42,3190.19,1291,1289
1,6,87,ECDSA-SHA3-512_signed-by_ECDSA-SHA384,ECDSA-SHA3-512_signed-by_ECDSA-SHA384,13.532,2115.24,1055.85,1,10,0.714286,93.4286,10,3037.79,2992.75,1291,1287
1,4,5,ECDSA-SHA3-512_signed-by_ECDSA-SHA384,ECDSA-SHA3-512_signed-by_ECDSA-SHA384,13.613,2103.82,920.274,1,0,0,126.8,24,3084.15,2996.42,1291,1289
1,3,77,ECDSA-SHA3-512_signed-by_ECDSA-SHA384,ECDSA-SHA3-512_signed-by_ECDSA-SHA384,14.006,2045.34,1000.68,1,5,0.384615,104.154,24,3018.74,2972.94,1292,1289
1,2,76,ECDSA-SHA3-512_signed-by_ECDSA-SHA384,ECDSA-SHA3-512_signed-by_ECDSA-SHA384,14.511,1973.57,1500.57,1,14,0.823529,117.529,24,3028.37,2985.55,1293,1287
1,7,74,ECDSA-SHA3-512_signed-by_ECDSA-SHA384,ECDSA-SHA3-512_signed-by_ECDSA-SHA384,18.023,1589.95,1059.97,1,13,0.722222,94.4444,17,3019.09,2993.62,1293,1289
1,5,77,ECDSA-SHA3-512_signed-by_ECDSA-SHA384,ECDSA-SHA3-512_signed-by_ECDSA-SHA384,17.273,1658.05,849.405,1,5,0.333333,89.7333,15,3025.02,2987.55,1291,1289
1,4,6,ECDSA-SHA3-512_signed-by_ECDSA-SHA384,ECDSA-SHA3-512_signed-by_ECDSA-SHA384,11.923,2401.93,1029.21,1,0,0,130.444,24,3021.89,2977.3,1291,1289
1,8,79,ECDSA-SHA3-512_signed-by_ECDSA-SHA384,ECDSA-SHA3-512_signed-by_ECDSA-SHA384,15.985,1791.66,1449.34,1,17,1,119.412,16,3031.02,3012.47,1291,1289
1,3,78,ECDSA-SHA3-512_signed-by_ECDSA-SHA384,ECDSA-SHA3-512_signed-by_ECDSA-SHA384,12.879,2224.26,987.592,1,4,0.363636,110.727,24,3004.91,2982.54,1292,1289
1,6,88,ECDSA-SHA3-512_signed-by_ECDSA-SHA384,ECDSA-SHA3-512_signed-by_ECDSA-SHA384,19.43,1473.14,1170.94,1,11,0.578947,133.789,10,3057.17,3015.87,1291,1287
1,2,77,ECDSA-SHA3-512_signed-by_ECDSA-SHA384,ECDSA-SHA3-512_signed-by_ECDSA-SHA384,12.213,2344.95,1492.12,1,9,0.75,144,24,3009.54,2990.12,1293,1287
1,4,7,ECDSA-SHA3-512_signed-by_ECDSA-SHA384,ECDSA-SHA3-512_signed-by_ECDSA-SHA384,8.952,3198.94,1383.23,0.8,0,0,117.6,24,2996.56,2986.58,1291,1289
1,5,78,ECDSA-SHA3-512_signed-by_ECDSA-SHA384,ECDSA-SHA3-512_signed-by_ECDSA-SHA384,10.337,2770.6,1326.48,0.727273,2,0.181818,106.364,15,3028.21,3014.99,1291,1289
1,8,80,ECDSA-SHA3-512_signed-by_ECDSA-SHA384,ECDSA-SHA3-512_signed-by_ECDSA-SHA384,10.119,2830.31,1800.96,0.916667,9,0.75,133.333,16,3043.53,2982.26,1291,1289
1,7,75,ECDSA-SHA3-512_signed-by_ECDSA-SHA384,ECDSA-SHA3-512_signed-by_ECDSA-SHA384,16.379,1749.47,1136.03,1,11,0.785714,127.143,17,2994.29,3024.4,1293,1289
1,6,89,ECDSA-SHA3-512_signed-by_ECDSA-SHA384,ECDSA-SHA3-512_signed-by_ECDSA-SHA384,10.869,2633.54,1152.64,1,1,0.1,123.6,10,3045.74,2995.66,1291,1287
1,2,78,ECDSA-SHA3-512_signed-by_ECDSA-SHA384,ECDSA-SHA3-512_signed-by_ECDSA-SHA384,12.375,2314.16,1144.15,1,5,0.384615,104.462,24,3008.44,2989.73,1293,1287
1,4,8,ECDSA-SHA3-512_signed-by_ECDSA-SHA384,ECDSA-SHA3-512_signed-by_ECDSA-SHA384,12.526,2286.44,979.722,1,0,0,126.889,24,3005.56,2999.19,1291,1289
1,5,79,ECDSA-SHA3-512_signed-by_ECDSA-SHA384,ECDSA-SHA3-512_signed-by_ECDSA-SHA384,14.534,1970.51,1693.1,1,21,1.10526,119.684,15,3023.48,3011.12,1291,1289
1,8,81,ECDSA-SHA3-512_signed-by_ECDSA-SHA384,ECDSA-SHA3-512_signed-by_ECDSA-SHA384,16.101,1778.72,1368.32,1,14,0.777778,106,16,3033.73,3013.4,1291,1289
1,7,76,ECDSA-SHA3-512_signed-by_ECDSA-SHA384,ECDSA-SHA3-512_signed-by_ECDSA-SHA384,14.479,1979.1,1193.43,1,7,0.5,372.286,17,3001.18,3013.38,1293,1289
1,6,90,ECDSA-SHA3-512_signed-by_ECDSA-SHA384,ECDSA-SHA3-512_signed-by_ECDSA-SHA384,14.827,1930.47,1633.72,1,10,0.588235,152.118,10,3055.67,2991.78,1291,1287
1,2,79,ECDSA-SHA3-512_signed-by_ECDSA-SHA384,ECDSA-SHA3-512_signed-by_ECDSA-SHA384,11.915,2403.63,1428.75,1,7,0.538462,119.846,24,3021.07,2994.16,1293,1287
1,4,9,ECDSA-SHA3-512_signed-by_ECDSA-SHA384,ECDSA-SHA3-512_signed-by_ECDSA-SHA384,12.038,2379.06,1040.67,1,0,0,118,24,3007.65,2992.6,1291,1289
1,5,80,ECDSA-SHA3-512_signed-by_ECDSA-SHA384,ECDSA-SHA3-512_signed-by_ECDSA-SHA384,10.934,2619.3,1666.69,1,9,0.75,144,15,3003.47,2963.7,1291,1289
1,7,77,ECDSA-SHA3-512_signed-by_ECDSA-SHA384,ECDSA-SHA3-512_signed-by_ECDSA-SHA384,9.011,3180.11,1404.5,0.363636,6,0.545455,118.727,17,3037.86,2964.44,1293,1289
1,8,82,ECDSA-SHA3-512_signed-by_ECDSA-SHA384,ECDSA-SHA3-512_signed-by_ECDSA-SHA384,10.166,2817.21,1232.33,0.5,0,0,107.6,17,3041.91,2984.55,1291,1289
1,6,91,ECDSA-SHA3-512_signed-by_ECDSA-SHA384,ECDSA-SHA3-512_signed-by_ECDSA-SHA384,12.328,2321.69,1016.14,0.8,0,0,127.2,10,3027.01,2974.62,1291,1287
1,4,10,ECDSA-SHA3-512_signed-by_ECDSA-SHA384,ECDSA-SHA3-512_signed-by_ECDSA-SHA384,12.013,2383.89,1042.79,0.5,0,0,118,24,3012.28,3006.03,1291,1289
1,7,78,ECDSA-SHA3-512_signed-by_ECDSA-SHA384,ECDSA-SHA3-512_signed-by_ECDSA-SHA384,10.069,2845.74,1361.7,0.636364,0,0,176.909,17,3157.23,2992.62,1293,1289
1,8,83,ECDSA-SHA3-512_signed-by_ECDSA-SHA384,ECDSA-SHA3-512_signed-by_ECDSA-SHA384,11.129,2573.27,1167.32,0.6,1,0.1,123.2,17,3038.95,2967.04,1291,1289
1,5,81,ECDSA-SHA3-512_signed-by_ECDSA-SHA384,ECDSA-SHA3-512_signed-by_ECDSA-SHA384,14.648,1955.21,962.312,0.923077,10,0.769231,104.462,15,3011.79,3005.93,1291,1289
1,4,11,ECDSA-SHA3-512_signed-by_ECDSA-SHA384,ECDSA-SHA3-512_signed-by_ECDSA-SHA384,9.145,3131.44,1520.24,1,8,0.666667,110,24,3018.81,3007.85,1291,1289
1,6,92,ECDSA-SHA3-512_signed-by_ECDSA-SHA384,ECDSA-SHA3-512_signed-by_ECDSA-SHA384,11.768,2432.32,1203.24,1,5,0.384615,111.846,10,3030.53,3058.44,1291,1287
1,3,79,ECDSA-SHA3-512_signed-by_ECDSA-SHA384,ECDSA-SHA3-512_signed-by_ECDSA-SHA384,55.931,512.198,293.502,1,14,0.7,102.6,24,3012.33,2984.85,1292,1289
1,7,79,ECDSA-SHA3-512_signed-by_ECDSA-SHA384,ECDSA-SHA3-512_signed-by_ECDSA-SHA384,11.868,2414.5,1434.41,1,7,0.538462,128.462,17,3035.29,2978.13,1293,1289
1,8,84,ECDSA-SHA3-512_signed-by_ECDSA-SHA384,ECDSA-SHA3-512_signed-by_ECDSA-SHA384,11.203,2556.36,1118.23,1,0,0,110,17,3054.76,3006.72,1291,1289
1,5,82,ECDSA-SHA3-512_signed-by_ECDSA-SHA384,ECDSA-SHA3-512_signed-by_ECDSA-SHA384,12.311,2326.28,1134.55,1,0,0,144,15,3022.1,2986.82,1291,1289
1,4,12,ECDSA-SHA3-512_signed-by_ECDSA-SHA384,ECDSA-SHA3-512_signed-by_ECDSA-SHA384,11.656,2457.03,1192.82,0.833333,2,0.166667,162,24,3015.84,2995.49,1291,1289
1,2,80,ECDSA-SHA3-512_signed-by_ECDSA-SHA384,ECDSA-SHA3-512_signed-by_ECDSA-SHA384,35.987,795.829,791.828,1,27,1.125,113.667,24,3058.43,2984.24,1293,1287
1,6,93,ECDSA-SHA3-512_signed-by_ECDSA-SHA384,ECDSA-SHA3-512_signed-by_ECDSA-SHA384,13.759,2080.29,1029.1,0.923077,5,0.384615,111.846,10,3054.54,3000.07,1291,1287
1,8,85,ECDSA-SHA3-512_signed-by_ECDSA-SHA384,ECDSA-SHA3-512_signed-by_ECDSA-SHA384,10.584,2705.94,1159.47,0.444444,0,0,118,17,3053.84,3051.53,1291,1289
1,3,80,ECDSA-SHA3-512_signed-by_ECDSA-SHA384,ECDSA-SHA3-512_signed-by_ECDSA-SHA384,13.405,2137.04,1158.93,0.533333,7,0.466667,130.8,24,3022.48,2972.31,1292,1289
1,7,80,ECDSA-SHA3-512_signed-by_ECDSA-SHA384,ECDSA-SHA3-512_signed-by_ECDSA-SHA384,15.457,1853.84,1195.53,0.615385,9,0.692308,146.923,17,3051.12,2982.95,1293,1289
1,5,83,ECDSA-SHA3-512_signed-by_ECDSA-SHA384,ECDSA-SHA3-512_signed-by_ECDSA-SHA384,12.641,2265.58,991.035,0.4,0,0,118,15,3024.11,3006.21,1291,1289
1,2,81,ECDSA-SHA3-512_signed-by_ECDSA-SHA384,ECDSA-SHA3-512_signed-by_ECDSA-SHA384,10.548,2715.16,1163.42,0,0,0,126,24,3020.61,3006.23,1293,1287
1,4,13,ECDSA-SHA3-512_signed-by_ECDSA-SHA384,ECDSA-SHA3-512_signed-by_ECDSA-SHA384,13.665,2095.79,916.76,0.2,0,0,115.6,24,3051.6,2986.23,1291,1289
1,8,86,ECDSA-SHA3-512_signed-by_ECDSA-SHA384,ECDSA-SHA3-512_signed-by_ECDSA-SHA384,10.263,2790.57,1195.74,0.444444,0,0,118,17,3012.14,2969.06,1291,1289
1,6,94,ECDSA-SHA3-512_signed-by_ECDSA-SHA384,ECDSA-SHA3-512_signed-by_ECDSA-SHA384,12.204,2345.4,1005.55,0.444444,0,0,136.667,10,3027.84,2980.46,1291,1287
1,3,81,ECDSA-SHA3-512_signed-by_ECDSA-SHA384,ECDSA-SHA3-512_signed-by_ECDSA-SHA384,10.623,2696.76,1155.22,0.444444,0,0,118,24,3010.17,2960.35,1292,1289
1,7,81,ECDSA-SHA3-512_signed-by_ECDSA-SHA384,ECDSA-SHA3-512_signed-by_ECDSA-SHA384,12.271,2335.2,1020.92,1,0,0,123.6,17,2995.82,3187.2,1293,1289
1,5,84,ECDSA-SHA3-512_signed-by_ECDSA-SHA384,ECDSA-SHA3-512_signed-by_ECDSA-SHA384,11.842,2418.44,1118.7,1,1,0.0909091,110.364,15,3018.31,3030.47,1291,1289
1,2,82,ECDSA-SHA3-512_signed-by_ECDSA-SHA384,ECDSA-SHA3-512_signed-by_ECDSA-SHA384,10.103,2834.77,1214.68,1,0,0,118,24,3105.07,2998.57,1293,1287
1,4,14,ECDSA-SHA3-512_signed-by_ECDSA-SHA384,ECDSA-SHA3-512_signed-by_ECDSA-SHA384,12.988,2205.02,1568.15,1,14,0.823529,116.588,24,3036.02,3023.28,1291,1289
1,6,95,ECDSA-SHA3-512_signed-by_ECDSA-SHA384,ECDSA-SHA3-512_signed-by_ECDSA-SHA384,12.253,2335.99,1022.4,1,0,0,126.8,10,3023.54,2999.96,1291,1287
1,2,83,ECDSA-SHA3-512_signed-by_ECDSA-SHA384,ECDSA-SHA3-512_signed-by_ECDSA-SHA384,7.875,3636.77,1590.83,0.4,0,0,107.6,24,3063.16,2977.6,1293,1287
1,7,82,ECDSA-SHA3-512_signed-by_ECDSA-SHA384,ECDSA-SHA3-512_signed-by_ECDSA-SHA384,10.958,2614.94,1754.98,1,10,0.714286,138.286,17,3036.07,2996.65,1293,1289
1,3,82,ECDSA-SHA3-512_signed-by_ECDSA-SHA384,ECDSA-SHA3-512_signed-by_ECDSA-SHA384,17.748,1614.12,1587.53,1,24,1.09091,116.545,24,2976.26,2964.49,1292,1289
1,4,15,ECDSA-SHA3-512_signed-by_ECDSA-SHA384,ECDSA-SHA3-512_signed-by_ECDSA-SHA384,8.696,3293.4,1411.2,0.666667,0,0,126.889,24,3043.06,2998.87,1291,1289
1,6,96,ECDSA-SHA3-512_signed-by_ECDSA-SHA384,ECDSA-SHA3-512_signed-by_ECDSA-SHA384,9.529,3003.8,1287.82,0.666667,0,0,136.667,10,3037.81,2975.96,1291,1287
1,8,87,ECDSA-SHA3-512_signed-by_ECDSA-SHA384,ECDSA-SHA3-512_signed-by_ECDSA-SHA384,23.364,1225.77,756.008,1,9,0.5625,99.5,17,3030.83,3015.47,1291,1289
1,5,85,ECDSA-SHA3-512_signed-by_ECDSA-SHA384,ECDSA-SHA3-512_signed-by_ECDSA-SHA384,20.286,1411.78,929.881,1,11,0.733333,119.6,15,3054.47,3047.73,1291,1289
1,2,84,ECDSA-SHA3-512_signed-by_ECDSA-SHA384,ECDSA-SHA3-512_signed-by_ECDSA-SHA384,11.913,2404.05,1051.61,1,0,0,110,24,3029.03,3040.67,1293,1287
1,7,83,ECDSA-SHA3-512_signed-by_ECDSA-SHA384,ECDSA-SHA3-512_signed-by_ECDSA-SHA384,16.111,1778.61,793.471,1,0,0,118.727,17,3180.16,2985.41,1293,1289
1,4,16,ECDSA-SHA3-512_signed-by_ECDSA-SHA384,ECDSA-SHA3-512_signed-by_ECDSA-SHA384,12.982,2206.13,945.307,1,0,0,123.333,24,3056.41,2984.89,1291,1289
1,6,97,ECDSA-SHA3-512_signed-by_ECDSA-SHA384,ECDSA-SHA3-512_signed-by_ECDSA-SHA384,12.185,2348.94,1007.06,1,0,0,348.667,10,3050.18,2988.31,1291,1287
1,8,88,ECDSA-SHA3-512_signed-by_ECDSA-SHA384,ECDSA-SHA3-512_signed-by_ECDSA-SHA384,12.532,2285.34,979.251,1,0,0,118,17,3034.41,2963.99,1291,1289
1,5,86,ECDSA-SHA3-512_signed-by_ECDSA-SHA384,ECDSA-SHA3-512_signed-by_ECDSA-SHA384,11.626,2463.24,1605.92,0.928571,13,0.928571,128.857,15,3001.01,3008.8,1291,1289
1,2,85,ECDSA-SHA3-512_signed-by_ECDSA-SHA384,ECDSA-SHA3-512_signed-by_ECDSA-SHA384,10.646,2689.99,1176.68,0.9,0,0,107.6,24,3039.17,3027.32,1293,1287
1,7,84,ECDSA-SHA3-512_signed-by_ECDSA-SHA384,ECDSA-SHA3-512_signed-by_ECDSA-SHA384,10.807,2651.59,1686.3,1,9,0.75,156,17,3024.43,3012.41,1293,1289
1,6,98,ECDSA-SHA3-512_signed-by_ECDSA-SHA384,ECDSA-SHA3-512_signed-by_ECDSA-SHA384,10.131,2825.35,1805.13,1,2,0.166667,129.333,10,3037.47,2994.22,1291,1287
1,8,89,ECDSA-SHA3-512_signed-by_ECDSA-SHA384,ECDSA-SHA3-512_signed-by_ECDSA-SHA384,9.515,3009.96,1392.32,1,1,0.0909091,104.909,17,3036.27,2977.11,1291,1289
1,4,17,ECDSA-SHA3-512_signed-by_ECDSA-SHA384,ECDSA-SHA3-512_signed-by_ECDSA-SHA384,12.899,2220.26,1319.75,1,7,0.538462,111.846,24,3004.67,2986.97,1291,1289
1,5,87,ECDSA-SHA3-512_signed-by_ECDSA-SHA384,ECDSA-SHA3-512_signed-by_ECDSA-SHA384,13.418,2134.37,1036.18,1,2,0.166667,151.333,15,3023.91,2997.93,1291,1289
1,6,99,ECDSA-SHA3-512_signed-by_ECDSA-SHA384,ECDSA-SHA3-512_signed-by_ECDSA-SHA384,12.214,2343.46,1004.71,1,0,0,136.667,10,3063.92,3023.53,1291,1287
1,2,86,ECDSA-SHA3-512_signed-by_ECDSA-SHA384,ECDSA-SHA3-512_signed-by_ECDSA-SHA384,19.09,1500.24,1246.29,1,17,0.85,206,24,3036.46,3015.05,1293,1287
1,3,83,ECDSA-SHA3-512_signed-by_ECDSA-SHA384,ECDSA-SHA3-512_signed-by_ECDSA-SHA384,39.363,727.79,900.744,1,37,1.48,156.4,24,3010.22,2995.34,1292,1289
1,8,90,ECDSA-SHA3-512_signed-by_ECDSA-SHA384,ECDSA-SHA3-512_signed-by_ECDSA-SHA384,13.732,2085.56,1239.69,0.846154,7,0.538462,111.846,17,3042.83,2980.69,1291,1289
1,4,18,ECDSA-SHA3-512_signed-by_ECDSA-SHA384,ECDSA-SHA3-512_signed-by_ECDSA-SHA384,13.189,2171.43,949.849,1,0,0,110,24,3028.05,2967.74,1291,1289
1,5,88,ECDSA-SHA3-512_signed-by_ECDSA-SHA384,ECDSA-SHA3-512_signed-by_ECDSA-SHA384,12.063,2374.19,1152.61,1,5,0.416667,265.667,15,3028.76,2980.19,1291,1289
1,8,91,ECDSA-SHA3-512_signed-by_ECDSA-SHA384,ECDSA-SHA3-512_signed-by_ECDSA-SHA384,11.265,2542.36,1112.11,1,0,0,110,17,3064.89,3002.8,1291,1289
1,2,87,ECDSA-SHA3-512_signed-by_ECDSA-SHA384,ECDSA-SHA3-512_signed-by_ECDSA-SHA384,13.403,2136.79,1714.21,1,16,1,124.5,24,3023.02,2973.26,1293,1287
1,5,89,ECDSA-SHA3-512_signed-by_ECDSA-SHA384,ECDSA-SHA3-512_signed-by_ECDSA-SHA384,8.109,3531.86,1513.37,0.777778,0,0,118,15,3027.61,2970.55,1291,1289
1,3,84,ECDSA-SHA3-512_signed-by_ECDSA-SHA384,ECDSA-SHA3-512_signed-by_ECDSA-SHA384,13.714,2088.92,1241.34,1,7,0.538462,119.846,24,3011.98,2973.26,1292,1289
1,7,85,ECDSA-SHA3-512_signed-by_ECDSA-SHA384,ECDSA-SHA3-512_signed-by_ECDSA-SHA384,32.85,872.314,546.962,1,10,0.555556,98.6667,17,3029.12,2969.51,1293,1289
1,4,19,ECDSA-SHA3-512_signed-by_ECDSA-SHA384,ECDSA-SHA3-512_signed-by_ECDSA-SHA384,19,1507.29,1049.21,1,12,0.6,89.4,24,3026.05,2987.13,1291,1289
1,8,92,ECDSA-SHA3-512_signed-by_ECDSA-SHA384,ECDSA-SHA3-512_signed-by_ECDSA-SHA384,13.561,2111.86,1255.32,1,7,0.538462,111.846,17,3004.1,2983.39,1291,1289
1,2,88,ECDSA-SHA3-512_signed-by_ECDSA-SHA384,ECDSA-SHA3-512_signed-by_ECDSA-SHA384,14.538,1969.92,1271.09,1,9,0.692308,126,24,3024.05,3014.46,1293,1287
1,5,90,ECDSA-SHA3-512_signed-by_ECDSA-SHA384,ECDSA-SHA3-512_signed-by_ECDSA-SHA384,15.193,1884.99,1154.16,1,7,0.466667,102,15,3023.31,2981.06,1291,1289
1,7,86,ECDSA-SHA3-512_signed-by_ECDSA-SHA384,ECDSA-SHA3-512_signed-by_ECDSA-SHA384,11.295,2537,1103.47,0.9,5,0.5,126.8,17,3047.4,2990.5,1293,1289
1,4,20,ECDSA-SHA3-512_signed-by_ECDSA-SHA384,ECDSA-SHA3-512_signed-by_ECDSA-SHA384,9.293,3081.89,1320.56,0.555556,0,0,118,24,3027.2,3017.72,1291,1289
1,3,85,ECDSA-SHA3-512_signed-by_ECDSA-SHA384,ECDSA-SHA3-512_signed-by_ECDSA-SHA384,19.212,1491.15,1838.85,0.958333,35,1.45833,177.667,24,3012.44,2960.66,1292,1289
1,2,89,ECDSA-SHA3-512_signed-by_ECDSA-SHA384,ECDSA-SHA3-512_signed-by_ECDSA-SHA384,9.867,2902.34,1243.63,0.444444,0,0,118,24,3031.41,3004.05,1293,1287
1,8,93,ECDSA-SHA3-512_signed-by_ECDSA-SHA384,ECDSA-SHA3-512_signed-by_ECDSA-SHA384,12.531,2285.5,1109.55,0.5,5,0.416667,240.667,17,3061.82,2983.89,1291,1289
1,5,91,ECDSA-SHA3-512_signed-by_ECDSA-SHA384,ECDSA-SHA3-512_signed-by_ECDSA-SHA384,10.4,2753.6,1179.9,0.444444,0,0,118,15,3014.12,3010.56,1291,1289
1,4,21,ECDSA-SHA3-512_signed-by_ECDSA-SHA384,ECDSA-SHA3-512_signed-by_ECDSA-SHA384,9.535,3003.42,1286.94,0.777778,0,0,118,24,3013.99,2987.82,1291,1289
1,7,87,ECDSA-SHA3-512_signed-by_ECDSA-SHA384,ECDSA-SHA3-512_signed-by_ECDSA-SHA384,11.086,2584.66,1383.97,0.5,5,0.357143,152.286,17,3013.11,2971.23,1293,1289
1,3,86,ECDSA-SHA3-512_signed-by_ECDSA-SHA384,ECDSA-SHA3-512_signed-by_ECDSA-SHA384,12.84,2231.09,995.609,1,0,0,110.727,24,3024.7,2992.49,1292,1289
1,2,90,ECDSA-SHA3-512_signed-by_ECDSA-SHA384,ECDSA-SHA3-512_signed-by_ECDSA-SHA384,9.328,3070,1315.47,0.888889,0,0,118,24,2991.1,2982.82,1293,1287
1,8,94,ECDSA-SHA3-512_signed-by_ECDSA-SHA384,ECDSA-SHA3-512_signed-by_ECDSA-SHA384,9.955,2876.94,1710.09,1,7,0.538462,111.846,17,3045.23,2972.23,1291,1289
1,5,92,ECDSA-SHA3-512_signed-by_ECDSA-SHA384,ECDSA-SHA3-512_signed-by_ECDSA-SHA384,10.037,2853.43,1385.27,1,5,0.416667,102.667,15,3064.05,2958.6,1291,1289
1,4,22,ECDSA-SHA3-512_signed-by_ECDSA-SHA384,ECDSA-SHA3-512_signed-by_ECDSA-SHA384,10.17,2816.1,1206.67,1,0,0,118,24,3032.39,2973.83,1291,1289
1,3,87,ECDSA-SHA3-512_signed-by_ECDSA-SHA384,ECDSA-SHA3-512_signed-by_ECDSA-SHA384,10.9,2628.15,2015.33,0.833333,15,0.833333,110.444,24,3010.43,2983.74,1292,1289
1,5,93,ECDSA-SHA3-512_signed-by_ECDSA-SHA384,ECDSA-SHA3-512_signed-by_ECDSA-SHA384,9.198,3113.59,1334.15,1,0,0,118,15,3014.5,3000.99,1291,1289
1,8,95,ECDSA-SHA3-512_signed-by_ECDSA-SHA384,ECDSA-SHA3-512_signed-by_ECDSA-SHA384,10.577,2707.63,1680.55,1,8,0.571429,107.714,17,3001.96,2979.97,1291,1289
1,4,23,ECDSA-SHA3-512_signed-by_ECDSA-SHA384,ECDSA-SHA3-512_signed-by_ECDSA-SHA384,9.835,2911.92,1273.76,1,0,0,110,24,3031.84,2999.15,1291,1289
1,2,91,ECDSA-SHA3-512_signed-by_ECDSA-SHA384,ECDSA-SHA3-512_signed-by_ECDSA-SHA384,14.3,2002.69,1349.3,1,14,0.736842,91.4737,24,3016.65,2984.93,1293,1287
1,7,88,ECDSA-SHA3-512_signed-by_ECDSA-SHA384,ECDSA-SHA3-512_signed-by_ECDSA-SHA384,21.06,1360.65,1268.72,1,22,1,119.818,17,3010.65,2994.33,1293,1289
1,5,94,ECDSA-SHA3-512_signed-by_ECDSA-SHA384,ECDSA-SHA3-512_signed-by_ECDSA-SHA384,8.156,3511.15,1535.88,0.4,0,0,107.6,15,3014.61,2996.53,1291,1289
1,8,96,ECDSA-SHA3-512_signed-by_ECDSA-SHA384,ECDSA-SHA3-512_signed-by_ECDSA-SHA384,8.951,3199.29,1451.3,0.4,1,0.1,111.6,17,3003.05,3000.26,1291,1289
1,3,88,ECDSA-SHA3-512_signed-by_ECDSA-SHA384,ECDSA-SHA3-512_signed-by_ECDSA-SHA384,12.163,2355.27,1519.31,1,9,0.692308,135.846,24,3009.18,2998.2,1292,1289
1,4,24,ECDSA-SHA3-512_signed-by_ECDSA-SHA384,ECDSA-SHA3-512_signed-by_ECDSA-SHA384,10.536,2718.26,1164.75,0.888889,0,0,118,24,3025.28,2988.42,1291,1289
1,7,89,ECDSA-SHA3-512_signed-by_ECDSA-SHA384,ECDSA-SHA3-512_signed-by_ECDSA-SHA384,9.479,3023.08,1294.64,0.888889,0,0,134,17,3042.71,2967.98,1293,1289
1,8,97,ECDSA-SHA3-512_signed-by_ECDSA-SHA384,ECDSA-SHA3-512_signed-by_ECDSA-SHA384,9.085,3152.44,1378.97,0.7,0,0,110,17,3022.22,3035.41,1291,1289
1,2,92,ECDSA-SHA3-512_signed-by_ECDSA-SHA384,ECDSA-SHA3-512_signed-by_ECDSA-SHA384,17.211,1664.05,1291.27,0.578947,15,0.789474,102.632,24,3035.25,2984.35,1293,1287
1,5,95,ECDSA-SHA3-512_signed-by_ECDSA-SHA384,ECDSA-SHA3-512_signed-by_ECDSA-SHA384,12.51,2289.3,1376.14,0.5,8,0.571429,106.571,15,3017.99,2976.2,1291,1289
1,3,89,ECDSA-SHA3-512_signed-by_ECDSA-SHA384,ECDSA-SHA3-512_signed-by_ECDSA-SHA384,10.869,2635.72,1566.27,0.230769,7,0.538462,119.846,24,3035.48,2970.42,1292,1289
1,4,25,ECDSA-SHA3-512_signed-by_ECDSA-SHA384,ECDSA-SHA3-512_signed-by_ECDSA-SHA384,10.493,2729.41,1169.53,0.333333,0,0,118,24,3028.24,2991.02,1291,1289
1,7,90,ECDSA-SHA3-512_signed-by_ECDSA-SHA384,ECDSA-SHA3-512_signed-by_ECDSA-SHA384,10.205,2808.01,1766.96,0.272727,2,0.181818,140.545,17,3011.29,2981.4,1293,1289
1,8,98,ECDSA-SHA3-512_signed-by_ECDSA-SHA384,ECDSA-SHA3-512_signed-by_ECDSA-SHA384,8.302,3449.43,1508.88,0.4,0,0,107.6,17,3046.56,3076.56,1291,1289
1,5,96,ECDSA-SHA3-512_signed-by_ECDSA-SHA384,ECDSA-SHA3-512_signed-by_ECDSA-SHA384,8.544,3351.69,1436.17,0.444444,0,0,118,15,3007.07,2996.84,1291,1289
1,2,93,ECDSA-SHA3-512_signed-by_ECDSA-SHA384,ECDSA-SHA3-512_signed-by_ECDSA-SHA384,9.798,2923.04,1352.11,0.363636,1,0.0909091,104.909,24,3027.56,2982.62,1293,1287
1,4,26,ECDSA-SHA3-512_signed-by_ECDSA-SHA384,ECDSA-SHA3-512_signed-by_ECDSA-SHA384,9.723,2945.53,1288.46,0.6,0,0,107.6,24,3021.21,2968.49,1291,1289
1,7,91,ECDSA-SHA3-512_signed-by_ECDSA-SHA384,ECDSA-SHA3-512_signed-by_ECDSA-SHA384,10.181,2814.57,1365.64,0.75,5,0.416667,118,17,3017.74,2994.05,1293,1289
1,3,90,ECDSA-SHA3-512_signed-by_ECDSA-SHA384,ECDSA-SHA3-512_signed-by_ECDSA-SHA384,13.411,2136.07,1288.44,1,7,0.5,122.571,24,3110.31,3005.8,1292,1289
1,8,99,ECDSA-SHA3-512_signed-by_ECDSA-SHA384,ECDSA-SHA3-512_signed-by_ECDSA-SHA384,10.458,2738.48,1378.42,0.857143,5,0.357143,93.4286,17,3031.84,2982.42,1291,1289
1,5,97,ECDSA-SHA3-512_signed-by_ECDSA-SHA384,ECDSA-SHA3-512_signed-by_ECDSA-SHA384,9.195,3114.69,1334.62,1,0,0,126,15,3016,2999.44,1291,1289
1,2,94,ECDSA-SHA3-512_signed-by_ECDSA-SHA384,ECDSA-SHA3-512_signed-by_ECDSA-SHA384,12.468,2296.97,1496.24,1,12,0.75,101.5,24,3043.13,3029.78,1293,1287
1,3,91,ECDSA-SHA3-512_signed-by_ECDSA-SHA384,ECDSA-SHA3-512_signed-by_ECDSA-SHA384,9.318,3074.42,1344.47,0.6,0,0,118,24,3042.76,2991.01,1292,1289
1,4,27,ECDSA-SHA3-512_signed-by_ECDSA-SHA384,ECDSA-SHA3-512_signed-by_ECDSA-SHA384,12.93,2214.89,1135.91,1,3,0.230769,95.2308,24,3021.89,2963.85,1291,1289
1,7,92,ECDSA-SHA3-512_signed-by_ECDSA-SHA384,ECDSA-SHA3-512_signed-by_ECDSA-SHA384,12.407,2309.56,1584.84,1,11,0.785714,142,17,3031,2994.17,1293,1289
1,5,98,ECDSA-SHA3-512_signed-by_ECDSA-SHA384,ECDSA-SHA3-512_signed-by_ECDSA-SHA384,12.098,2367.26,1014.35,1,0,0,118,15,3018.56,3009.28,1291,1289
1,2,95,ECDSA-SHA3-512_signed-by_ECDSA-SHA384,ECDSA-SHA3-512_signed-by_ECDSA-SHA384,10.627,2694.98,1202.96,1,0,0,101.273,24,3029.95,3008.12,1293,1287
1,7,93,ECDSA-SHA3-512_signed-by_ECDSA-SHA384,ECDSA-SHA3-512_signed-by_ECDSA-SHA384,9.607,2982.8,1378.98,0.909091,1,0.0909091,117.636,17,3013.19,2976.76,1293,1289
1,4,28,ECDSA-SHA3-512_signed-by_ECDSA-SHA384,ECDSA-SHA3-512_signed-by_ECDSA-SHA384,12.927,2215.45,1904.79,0.941176,19,1.11765,131.647,24,3013.73,2977.88,1291,1289
1,5,99,ECDSA-SHA3-512_signed-by_ECDSA-SHA384,ECDSA-SHA3-512_signed-by_ECDSA-SHA384,8.249,3471.52,1605.82,0.727273,1,0.0909091,102.727,15,2996.43,2976.03,1291,1289
1,2,96,ECDSA-SHA3-512_signed-by_ECDSA-SHA384,ECDSA-SHA3-512_signed-by_ECDSA-SHA384,8.104,3533.65,2248.5,0.666667,9,0.75,133.333,24,3026.71,2974.62,1293,1287
1,3,92,ECDSA-SHA3-512_signed-by_ECDSA-SHA384,ECDSA-SHA3-512_signed-by_ECDSA-SHA384,18.541,1545.11,1027.77,1,12,0.75,130.5,24,3030.74,3074.79,1292,1289
1,7,94,ECDSA-SHA3-512_signed-by_ECDSA-SHA384,ECDSA-SHA3-512_signed-by_ECDSA-SHA384,10.838,2643.97,1612.07,0.466667,8,0.533333,110.8,17,3026.57,2969.81,1293,1289
1,4,29,ECDSA-SHA3-512_signed-by_ECDSA-SHA384,ECDSA-SHA3-512_signed-by_ECDSA-SHA384,10.365,2763.07,1782.88,0.538462,9,0.692308,126,24,3030.13,3015.91,1291,1289
1,2,97,ECDSA-SHA3-512_signed-by_ECDSA-SHA384,ECDSA-SHA3-512_signed-by_ECDSA-SHA384,9.023,3174.05,1915.07,0.214286,7,0.5,104.857,24,3011.16,2977.72,1293,1287
1,3,93,ECDSA-SHA3-512_signed-by_ECDSA-SHA384,ECDSA-SHA3-512_signed-by_ECDSA-SHA384,8.32,3443.23,1505.75,0,0,0,115.6,24,3015.96,2979.88,1292,1289
1,7,95,ECDSA-SHA3-512_signed-by_ECDSA-SHA384,ECDSA-SHA3-512_signed-by_ECDSA-SHA384,7.471,3835.2,1676.7,0,0,0,115.6,17,3045.91,2998.96,1293,1289
1,4,30,ECDSA-SHA3-512_signed-by_ECDSA-SHA384,ECDSA-SHA3-512_signed-by_ECDSA-SHA384,6.223,4601.8,2012.97,0,0,0,107.6,24,3044.86,2994.03,1291,1289
1,2,98,ECDSA-SHA3-512_signed-by_ECDSA-SHA384,ECDSA-SHA3-512_signed-by_ECDSA-SHA384,7.901,3624.41,1585.42,0,0,0,108,24,3019.07,2974.02,1293,1287
1,3,94,ECDSA-SHA3-512_signed-by_ECDSA-SHA384,ECDSA-SHA3-512_signed-by_ECDSA-SHA384,7.302,3922.81,1715.47,0,0,0,115.6,24,3024.71,3048.09,1292,1289
1,4,31,ECDSA-SHA3-512_signed-by_ECDSA-SHA384,ECDSA-SHA3-512_signed-by_ECDSA-SHA384,6.783,4221.7,1846.7,0,0,0,107.6,24,3012.53,2998.47,1291,1289
1,7,96,ECDSA-SHA3-512_signed-by_ECDSA-SHA384,ECDSA-SHA3-512_signed-by_ECDSA-SHA384,8.073,3549.54,1551.81,0,0,0,115.6,17,3024.6,2952,1293,1289
1,2,99,ECDSA-SHA3-512_signed-by_ECDSA-SHA384,ECDSA-SHA3-512_signed-by_ECDSA-SHA384,7.221,3966.17,1734.92,0.4,0,0,107.6,24,3047.68,2980.47,1293,1287
1,3,95,ECDSA-SHA3-512_signed-by_ECDSA-SHA384,ECDSA-SHA3-512_signed-by_ECDSA-SHA384,7.061,4057.2,1774.24,0.4,0,0,115.6,24,3007.87,3005.16,1292,1289
1,4,32,ECDSA-SHA3-512_signed-by_ECDSA-SHA384,ECDSA-SHA3-512_signed-by_ECDSA-SHA384,7.699,3719.95,1660.47,0.454545,0,0,101.273,24,3028.18,2989.6,1291,1289
1,7,97,ECDSA-SHA3-512_signed-by_ECDSA-SHA384,ECDSA-SHA3-512_signed-by_ECDSA-SHA384,7.855,3648.11,2199.87,0.357143,7,0.5,112.286,17,3033.08,3043.53,1293,1289
1,3,96,ECDSA-SHA3-512_signed-by_ECDSA-SHA384,ECDSA-SHA3-512_signed-by_ECDSA-SHA384,6.881,4162.9,1820.47,0.3,0,0,115.6,24,3015.92,2991.78,1292,1289
1,4,33,ECDSA-SHA3-512_signed-by_ECDSA-SHA384,ECDSA-SHA3-512_signed-by_ECDSA-SHA384,6.658,4301.15,2097.71,0.166667,2,0.166667,98.6667,24,3019.14,2981.98,1291,1289
1,7,98,ECDSA-SHA3-512_signed-by_ECDSA-SHA384,ECDSA-SHA3-512_signed-by_ECDSA-SHA384,7.252,3951.07,2398,0.181818,1,0.0909091,131.818,17,3029.91,2988.59,1293,1289
1,3,97,ECDSA-SHA3-512_signed-by_ECDSA-SHA384,ECDSA-SHA3-512_signed-by_ECDSA-SHA384,6.763,4235.63,1852.28,0,0,0,115.6,24,3016.16,3001.48,1292,1289
1,4,34,ECDSA-SHA3-512_signed-by_ECDSA-SHA384,ECDSA-SHA3-512_signed-by_ECDSA-SHA384,6.743,4247.04,1857.78,0.4,0,0,107.6,24,3004,2983.29,1291,1289
1,7,99,ECDSA-SHA3-512_signed-by_ECDSA-SHA384,ECDSA-SHA3-512_signed-by_ECDSA-SHA384,7.669,3736.32,1666.85,0.363636,0,0,110,17,3013.46,3011.82,1293,1289
1,3,98,ECDSA-SHA3-512_signed-by_ECDSA-SHA384,ECDSA-SHA3-512_signed-by_ECDSA-SHA384,7.568,3785.12,2441.67,0.384615,9,0.692308,134,24,3017.67,2999.43,1292,1289
1,4,35,ECDSA-SHA3-512_signed-by_ECDSA-SHA384,ECDSA-SHA3-512_signed-by_ECDSA-SHA384,6.946,4122.84,1803.46,0.1,0,0,107.6,24,3023.99,2977.03,1291,1289
1,3,99,ECDSA-SHA3-512_signed-by_ECDSA-SHA384,ECDSA-SHA3-512_signed-by_ECDSA-SHA384,6.259,4576.68,2001.42,0,0,0,115.6,24,2989.07,2977.16,1292,1289
1,4,36,ECDSA-SHA3-512_signed-by_ECDSA-SHA384,ECDSA-SHA3-512_signed-by_ECDSA-SHA384,6.287,4555.13,1992.55,0,0,0,107.6,24,3019.59,3006.93,1291,1289
1,4,37,ECDSA-SHA3-512_signed-by_ECDSA-SHA384,ECDSA-SHA3-512_signed-by_ECDSA-SHA384,6.262,4573.41,2000.55,0,0,0,107.6,24,3044.18,3020.59,1291,1289
1,4,38,ECDSA-SHA3-512_signed-by_ECDSA-SHA384,ECDSA-SHA3-512_signed-by_ECDSA-SHA384,6.262,4573.48,2000.58,0,0,0,107.6,24,3032.81,3004.93,1291,1289
1,4,39,ECDSA-SHA3-512_signed-by_ECDSA-SHA384,ECDSA-SHA3-512_signed-by_ECDSA-SHA384,6.241,4588.87,2007.31,0,0,0,107.6,24,3030.98,2993.68,1291,1289
1,4,40,ECDSA-SHA3-512_signed-by_ECDSA-SHA384,ECDSA-SHA3-512_signed-by_ECDSA-SHA384,6.207,4614,2018.3,0,0,0,107.6,24,3026.8,2989.87,1291,1289
1,4,41,ECDSA-SHA3-512_signed-by_ECDSA-SHA384,ECDSA-SHA3-512_signed-by_ECDSA-SHA384,6.211,4611.03,2017,0,0,0,107.6,24,3064.07,3012.51,1291,1289
1,4,42,ECDSA-SHA3-512_signed-by_ECDSA-SHA384,ECDSA-SHA3-512_signed-by_ECDSA-SHA384,6.251,4581.63,2004.14,0,0,0,107.6,24,3040.46,3003.2,1291,1289
1,4,43,ECDSA-SHA3-512_signed-by_ECDSA-SHA384,ECDSA-SHA3-512_signed-by_ECDSA-SHA384,6.417,4463.01,1952.26,0,0,0,107.6,24,3022.66,3056.39,1291,1289
1,4,44,ECDSA-SHA3-512_signed-by_ECDSA-SHA384,ECDSA-SHA3-512_signed-by_ECDSA-SHA384,6.218,4605.84,2014.73,0,0,0,107.6,24,3023.57,2990.56,1291,1289
1,4,45,ECDSA-SHA3-512_signed-by_ECDSA-SHA384,ECDSA-SHA3-512_signed-by_ECDSA-SHA384,6.321,4530.79,1981.9,0,0,0,107.6,24,3022.65,2986.67,1291,1289
1,4,46,ECDSA-SHA3-512_signed-by_ECDSA-SHA384,ECDSA-SHA3-512_signed-by_ECDSA-SHA384,6.263,4572.75,2000.26,0,0,0,107.6,24,3041.23,2989.55,1291,1289
1,4,47,ECDSA-SHA3-512_signed-by_ECDSA-SHA384,ECDSA-SHA3-512_signed-by_ECDSA-SHA384,6.214,4608.81,2016.03,0,0,0,107.6,24,3019.56,2982.48,1291,1289
1,4,48,ECDSA-SHA3-512_signed-by_ECDSA-SHA384,ECDSA-SHA3-512_signed-by_ECDSA-SHA384,6.314,4535.81,1984.1,0,0,0,107.6,24,3015.39,2994.57,1291,1289
1,4,49,ECDSA-SHA3-512_signed-by_ECDSA-SHA384,ECDSA-SHA3-512_signed-by_ECDSA-SHA384,6.231,4596.23,2010.53,0,0,0,107.6,24,3027.53,2984.62,1291,1289
1,4,50,ECDSA-SHA3-512_signed-by_ECDSA-SHA384,ECDSA-SHA3-512_signed-by_ECDSA-SHA384,6.212,4610.29,2016.68,0,0,0,107.6,24,3018.9,2989.36,1291,1289
1,4,51,ECDSA-SHA3-512_signed-by_ECDSA-SHA384,ECDSA-SHA3-512_signed-by_ECDSA-SHA384,6.252,4580.79,2003.78,0,0,0,107.6,24,3075.97,3003.59,1291,1289
1,4,52,ECDSA-SHA3-512_signed-by_ECDSA-SHA384,ECDSA-SHA3-512_signed-by_ECDSA-SHA384,6.305,4542.29,1986.93,0,0,0,107.6,24,3033.85,2992.94,1291,1289
1,4,53,ECDSA-SHA3-512_signed-by_ECDSA-SHA384,ECDSA-SHA3-512_signed-by_ECDSA-SHA384,6.28,4560.37,1994.84,0,0,0,107.6,24,3031.07,2990.26,1291,1289
1,4,54,ECDSA-SHA3-512_signed-by_ECDSA-SHA384,ECDSA-SHA3-512_signed-by_ECDSA-SHA384,6.309,4539.41,1985.67,0,0,0,107.6,24,3023.68,3073.21,1291,1289
1,4,55,ECDSA-SHA3-512_signed-by_ECDSA-SHA384,ECDSA-SHA3-512_signed-by_ECDSA-SHA384,6.324,4528.64,1980.96,0,0,0,107.6,24,3024.02,2986.3,1291,1289
1,4,56,ECDSA-SHA3-512_signed-by_ECDSA-SHA384,ECDSA-SHA3-512_signed-by_ECDSA-SHA384,6.286,4556.02,1992.94,0,0,0,107.6,24,3025.17,3013.94,1291,1289
1,4,57,ECDSA-SHA3-512_signed-by_ECDSA-SHA384,ECDSA-SHA3-512_signed-by_ECDSA-SHA384,6.245,4585.93,2006.02,0,0,0,107.6,24,3064.14,2992.15,1291,1289
1,4,58,ECDSA-SHA3-512_signed-by_ECDSA-SHA384,ECDSA-SHA3-512_signed-by_ECDSA-SHA384,7.766,3687.78,1613.15,0,0,0,107.6,24,3028.93,2999.49,1291,1289
1,4,59,ECDSA-SHA3-512_signed-by_ECDSA-SHA384,ECDSA-SHA3-512_signed-by_ECDSA-SHA384,6.107,4689.55,2051.35,0,0,0,107.6,24,3019.44,2990.66,1291,1289
1,4,60,ECDSA-SHA3-512_signed-by_ECDSA-SHA384,ECDSA-SHA3-512_signed-by_ECDSA-SHA384,6.239,4590.34,2007.95,0,0,0,107.6,24,3022.38,2994.6,1291,1289
1,4,61,ECDSA-SHA3-512_signed-by_ECDSA-SHA384,ECDSA-SHA3-512_signed-by_ECDSA-SHA384,6.178,4635.66,2027.78,0,0,0,107.6,24,3021.22,2981.82,1291,1289
1,4,62,ECDSA-SHA3-512_signed-by_ECDSA-SHA384,ECDSA-SHA3-512_signed-by_ECDSA-SHA384,6.316,4534.38,1983.47,0,0,0,107.6,24,3037.98,2994.2,1291,1289
1,4,63,ECDSA-SHA3-512_signed-by_ECDSA-SHA384,ECDSA-SHA3-512_signed-by_ECDSA-SHA384,6.191,4625.93,2023.52,0,0,0,107.6,24,3023.2,2997.06,1291,1289
1,4,64,ECDSA-SHA3-512_signed-by_ECDSA-SHA384,ECDSA-SHA3-512_signed-by_ECDSA-SHA384,6.396,4477.66,1958.67,0,0,0,107.6,24,3027.48,3188.83,1291,1289
1,4,65,ECDSA-SHA3-512_signed-by_ECDSA-SHA384,ECDSA-SHA3-512_signed-by_ECDSA-SHA384,6.161,4648.45,2033.37,0,0,0,107.6,24,3015.53,2990.35,1291,1289
1,4,66,ECDSA-SHA3-512_signed-by_ECDSA-SHA384,ECDSA-SHA3-512_signed-by_ECDSA-SHA384,6.251,4581.53,2004.1,0,0,0,107.6,24,3018.83,2988.34,1291,1289
1,4,67,ECDSA-SHA3-512_signed-by_ECDSA-SHA384,ECDSA-SHA3-512_signed-by_ECDSA-SHA384,6.187,4628.92,2024.83,0,0,0,107.6,24,3026.14,3003.32,1291,1289
1,4,68,ECDSA-SHA3-512_signed-by_ECDSA-SHA384,ECDSA-SHA3-512_signed-by_ECDSA-SHA384,6.153,4654.49,2036.02,0,0,0,107.6,24,3027.64,2990.33,1291,1289
1,4,69,ECDSA-SHA3-512_signed-by_ECDSA-SHA384,ECDSA-SHA3-512_signed-by_ECDSA-SHA384,6.277,4562.55,1995.8,0,0,0,107.6,24,3004.78,2988.36,1291,1289
1,4,70,ECDSA-SHA3-512_signed-by_ECDSA-SHA384,ECDSA-SHA3-512_signed-by_ECDSA-SHA384,6.237,4591.81,2008.6,0,0,0,107.6,24,3029.84,2998.61,1291,1289
1,4,71,ECDSA-SHA3-512_signed-by_ECDSA-SHA384,ECDSA-SHA3-512_signed-by_ECDSA-SHA384,6.275,4564,1996.43,0,0,0,107.6,24,3035.7,2997.59,1291,1289
1,4,72,ECDSA-SHA3-512_signed-by_ECDSA-SHA384,ECDSA-SHA3-512_signed-by_ECDSA-SHA384,6.143,4662.07,2039.33,0,0,0,107.6,24,3034.89,2990.46,1291,1289
1,4,73,ECDSA-SHA3-512_signed-by_ECDSA-SHA384,ECDSA-SHA3-512_signed-by_ECDSA-SHA384,6.23,4596.97,2010.85,0,0,0,107.6,24,3018.61,2995.66,1291,1289
1,4,74,ECDSA-SHA3-512_signed-by_ECDSA-SHA384,ECDSA-SHA3-512_signed-by_ECDSA-SHA384,7.499,3818.72,1670.42,0,0,0,107.6,24,3016.84,3010.34,1291,1289
1,4,75,ECDSA-SHA3-512_signed-by_ECDSA-SHA384,ECDSA-SHA3-512_signed-by_ECDSA-SHA384,6.215,4608.06,2015.71,0,0,0,107.6,24,3012.86,2993.27,1291,1289
1,4,76,ECDSA-SHA3-512_signed-by_ECDSA-SHA384,ECDSA-SHA3-512_signed-by_ECDSA-SHA384,6.217,4606.58,2015.06,0,0,0,107.6,24,3040.1,2996.9,1291,1289
1,4,77,ECDSA-SHA3-512_signed-by_ECDSA-SHA384,ECDSA-SHA3-512_signed-by_ECDSA-SHA384,6.308,4540.13,1985.99,0,0,0,107.6,24,3025.37,3012.44,1291,1289
1,4,78,ECDSA-SHA3-512_signed-by_ECDSA-SHA384,ECDSA-SHA3-512_signed-by_ECDSA-SHA384,6.25,4582.26,2004.42,0,0,0,107.6,24,3012.92,2988.99,1291,1289
1,4,79,ECDSA-SHA3-512_signed-by_ECDSA-SHA384,ECDSA-SHA3-512_signed-by_ECDSA-SHA384,6.235,4593.28,2009.24,0,0,0,107.6,24,3039.18,3043.99,1291,1289
1,4,80,ECDSA-SHA3-512_signed-by_ECDSA-SHA384,ECDSA-SHA3-512_signed-by_ECDSA-SHA384,6.215,4608.06,2015.71,0,0,0,107.6,24,3028.69,2989.05,1291,1289
1,4,81,ECDSA-SHA3-512_signed-by_ECDSA-SHA384,ECDSA-SHA3-512_signed-by_ECDSA-SHA384,6.221,4603.62,2013.76,0,0,0,107.6,24,3026.61,2991.36,1291,1289
1,4,82,ECDSA-SHA3-512_signed-by_ECDSA-SHA384,ECDSA-SHA3-512_signed-by_ECDSA-SHA384,6.314,4535.81,1984.1,0,0,0,107.6,24,3025.06,3003.55,1291,1289
1,4,83,ECDSA-SHA3-512_signed-by_ECDSA-SHA384,ECDSA-SHA3-512_signed-by_ECDSA-SHA384,6.184,4631.16,2025.81,0,0,0,107.6,24,3024.2,2985.88,1291,1289
1,4,84,ECDSA-SHA3-512_signed-by_ECDSA-SHA384,ECDSA-SHA3-512_signed-by_ECDSA-SHA384,6.172,4640.17,2029.75,0,0,0,107.6,24,3028.51,2981.65,1291,1289
1,4,85,ECDSA-SHA3-512_signed-by_ECDSA-SHA384,ECDSA-SHA3-512_signed-by_ECDSA-SHA384,6.202,4617.72,2019.93,0,0,0,107.6,24,3080.44,2993.49,1291,1289
1,4,86,ECDSA-SHA3-512_signed-by_ECDSA-SHA384,ECDSA-SHA3-512_signed-by_ECDSA-SHA384,6.201,4618.47,2020.26,0,0,0,107.6,24,3028.66,2993.87,1291,1289
1,4,87,ECDSA-SHA3-512_signed-by_ECDSA-SHA384,ECDSA-SHA3-512_signed-by_ECDSA-SHA384,6.143,4662.07,2039.33,0,0,0,107.6,24,3030.8,2991.27,1291,1289
1,4,88,ECDSA-SHA3-512_signed-by_ECDSA-SHA384,ECDSA-SHA3-512_signed-by_ECDSA-SHA384,6.307,4540.85,1986.3,0,0,0,107.6,24,3025.98,3001.52,1291,1289
1,4,89,ECDSA-SHA3-512_signed-by_ECDSA-SHA384,ECDSA-SHA3-512_signed-by_ECDSA-SHA384,6.22,4604.36,2014.09,0,0,0,107.6,24,3019.12,2996.98,1291,1289
1,4,90,ECDSA-SHA3-512_signed-by_ECDSA-SHA384,ECDSA-SHA3-512_signed-by_ECDSA-SHA384,6.336,4520.07,1977.21,0,0,0,107.6,24,3030.72,3000.86,1291,1289
1,4,91,ECDSA-SHA3-512_signed-by_ECDSA-SHA384,ECDSA-SHA3-512_signed-by_ECDSA-SHA384,6.185,4630.5,2025.52,0,0,0,107.6,24,3026.92,2988.73,1291,1289
1,4,92,ECDSA-SHA3-512_signed-by_ECDSA-SHA384,ECDSA-SHA3-512_signed-by_ECDSA-SHA384,6.333,4522.21,1978.15,0,0,0,107.6,24,3027.34,2991.91,1291,1289
1,4,93,ECDSA-SHA3-512_signed-by_ECDSA-SHA384,ECDSA-SHA3-512_signed-by_ECDSA-SHA384,6.132,4670.43,2042.99,0,0,0,107.6,24,3015.59,2984.46,1291,1289
1,4,94,ECDSA-SHA3-512_signed-by_ECDSA-SHA384,ECDSA-SHA3-512_signed-by_ECDSA-SHA384,6.343,4515.08,1975.03,0,0,0,107.6,24,3008.62,2991.84,1291,1289
1,4,95,ECDSA-SHA3-512_signed-by_ECDSA-SHA384,ECDSA-SHA3-512_signed-by_ECDSA-SHA384,6.254,4579.33,2003.14,0,0,0,107.6,24,3031.01,2996.86,1291,1289
1,4,96,ECDSA-SHA3-512_signed-by_ECDSA-SHA384,ECDSA-SHA3-512_signed-by_ECDSA-SHA384,6.234,4594.02,2009.56,0,0,0,107.6,24,3015.48,2993.43,1291,1289
1,4,97,ECDSA-SHA3-512_signed-by_ECDSA-SHA384,ECDSA-SHA3-512_signed-by_ECDSA-SHA384,6.203,4616.98,2019.61,0,0,0,107.6,24,3020.14,2997.35,1291,1289
1,4,98,ECDSA-SHA3-512_signed-by_ECDSA-SHA384,ECDSA-SHA3-512_signed-by_ECDSA-SHA384,6.361,4502.3,1969.44,0,0,0,107.6,24,3022.62,3203.83,1291,1289
1,4,99,ECDSA-SHA3-512_signed-by_ECDSA-SHA384,ECDSA-SHA3-512_signed-by_ECDSA-SHA384,6.168,4643.18,2031.07,0,0,0,107.6,24,3008.56,2990.86,1291,1289
1,1,74,ECDSA-SHA3-512_signed-by_ECDSA-SHA384,ECDSA-SHA3-512_signed-by_ECDSA-SHA384,1012.28,28.2924,30.853,1,28,0.933333,117.867,24,3020.47,3024.65,1291,1289
1,1,75,ECDSA-SHA3-512_signed-by_ECDSA-SHA384,ECDSA-SHA3-512_signed-by_ECDSA-SHA384,6.079,4711.15,1918.68,0,0,0,77.5556,24,3038.54,3017.69,1291,1289
1,1,76,ECDSA-SHA3-512_signed-by_ECDSA-SHA384,ECDSA-SHA3-512_signed-by_ECDSA-SHA384,6.493,4410.77,1929.41,0,0,0,107.6,24,3053.68,3071.63,1291,1289
1,1,77,ECDSA-SHA3-512_signed-by_ECDSA-SHA384,ECDSA-SHA3-512_signed-by_ECDSA-SHA384,8.093,3538.78,1547.97,0,0,0,479.6,24,3037.33,3026.45,1291,1289
1,1,78,ECDSA-SHA3-512_signed-by_ECDSA-SHA384,ECDSA-SHA3-512_signed-by_ECDSA-SHA384,6.265,4571.29,1999.62,0,0,0,107.6,24,3057.67,3014.78,1291,1289
1,1,79,ECDSA-SHA3-512_signed-by_ECDSA-SHA384,ECDSA-SHA3-512_signed-by_ECDSA-SHA384,6.206,4614.75,2018.63,0,0,0,107.6,24,3067.93,3020.68,1291,1289
1,1,80,ECDSA-SHA3-512_signed-by_ECDSA-SHA384,ECDSA-SHA3-512_signed-by_ECDSA-SHA384,6.232,4595.49,2010.21,0,0,0,107.6,24,3038.24,3006.24,1291,1289
1,1,81,ECDSA-SHA3-512_signed-by_ECDSA-SHA384,ECDSA-SHA3-512_signed-by_ECDSA-SHA384,6.325,4527.93,1980.65,0,0,0,107.6,24,3034.99,3013.1,1291,1289
1,1,82,ECDSA-SHA3-512_signed-by_ECDSA-SHA384,ECDSA-SHA3-512_signed-by_ECDSA-SHA384,6.237,4591.81,2008.6,0,0,0,110,24,3034.24,3003.22,1291,1289
1,1,83,ECDSA-SHA3-512_signed-by_ECDSA-SHA384,ECDSA-SHA3-512_signed-by_ECDSA-SHA384,6.289,4553.84,1991.99,0,0,0,107.6,24,3050.81,3004.29,1291,1289
1,1,84,ECDSA-SHA3-512_signed-by_ECDSA-SHA384,ECDSA-SHA3-512_signed-by_ECDSA-SHA384,6.295,4549.5,1990.09,0,0,0,107.6,24,3025.22,3004.32,1291,1289
1,1,85,ECDSA-SHA3-512_signed-by_ECDSA-SHA384,ECDSA-SHA3-512_signed-by_ECDSA-SHA384,6.3,4545.89,1988.51,0,0,0,107.6,24,3034.39,3006.56,1291,1289
1,1,86,ECDSA-SHA3-512_signed-by_ECDSA-SHA384,ECDSA-SHA3-512_signed-by_ECDSA-SHA384,7.37,3885.56,1699.66,0,0,0,107.6,24,3019.49,2997.22,1291,1289
1,1,87,ECDSA-SHA3-512_signed-by_ECDSA-SHA384,ECDSA-SHA3-512_signed-by_ECDSA-SHA384,6.288,4554.57,1992.31,0,0,0,107.6,24,3012.09,3003.9,1291,1289
1,1,88,ECDSA-SHA3-512_signed-by_ECDSA-SHA384,ECDSA-SHA3-512_signed-by_ECDSA-SHA384,6.189,4627.42,2024.17,0,0,0,108,24,3008.58,2996.99,1291,1289
1,1,89,ECDSA-SHA3-512_signed-by_ECDSA-SHA384,ECDSA-SHA3-512_signed-by_ECDSA-SHA384,6.267,4569.83,1998.98,0,0,0,107.6,24,3003.65,2998.91,1291,1289
1,1,90,ECDSA-SHA3-512_signed-by_ECDSA-SHA384,ECDSA-SHA3-512_signed-by_ECDSA-SHA384,6.289,4553.84,1991.99,0,0,0,107.6,24,3039.7,2987.36,1291,1289
1,1,91,ECDSA-SHA3-512_signed-by_ECDSA-SHA384,ECDSA-SHA3-512_signed-by_ECDSA-SHA384,6.279,4561.1,1995.16,0,0,0,107.6,24,3021.47,2987.13,1291,1289
1,1,92,ECDSA-SHA3-512_signed-by_ECDSA-SHA384,ECDSA-SHA3-512_signed-by_ECDSA-SHA384,6.294,4550.23,1990.41,0,0,0,107.6,24,3011.05,3001.38,1291,1289
1,1,93,ECDSA-SHA3-512_signed-by_ECDSA-SHA384,ECDSA-SHA3-512_signed-by_ECDSA-SHA384,6.154,4653.74,2035.69,0,0,0,107.6,24,3043.55,2993.55,1291,1289
1,1,94,ECDSA-SHA3-512_signed-by_ECDSA-SHA384,ECDSA-SHA3-512_signed-by_ECDSA-SHA384,6.248,4583.73,2005.06,0,0,0,107.6,24,3003.11,3007.48,1291,1289
1,1,95,ECDSA-SHA3-512_signed-by_ECDSA-SHA384,ECDSA-SHA3-512_signed-by_ECDSA-SHA384,6.14,4664.35,2040.33,0,0,0,107.6,24,3025.74,2999.59,1291,1289
1,1,96,ECDSA-SHA3-512_signed-by_ECDSA-SHA384,ECDSA-SHA3-512_signed-by_ECDSA-SHA384,6.268,4569.1,1998.66,0,0,0,107.6,24,3030.84,2983.66,1291,1289
1,1,97,ECDSA-SHA3-512_signed-by_ECDSA-SHA384,ECDSA-SHA3-512_signed-by_ECDSA-SHA384,6.334,4521.49,1977.84,0,0,0,107.6,24,3022.47,2984.75,1291,1289
1,1,98,ECDSA-SHA3-512_signed-by_ECDSA-SHA384,ECDSA-SHA3-512_signed-by_ECDSA-SHA384,6.204,4616.23,2019.28,0,0,0,107.6,24,3015.99,2987.1,1291,1289
1,1,99,ECDSA-SHA3-512_signed-by_ECDSA-SHA384,ECDSA-SHA3-512_signed-by_ECDSA-SHA384,6.318,4532.94,1982.85,0,0,0,107.6,24,2988.52,2988.42,1291,1289
