scenario,node_id,handshake_index,sta_cert_algo,ap_cert_algo,handshake_delay_ms,goodput_kbps,throughput_kbps,phy_frame_drop_rate,mac_retries,mac_retry_rate,tx_delay_us,prop_delay_ns,cert_verify_ap_us,cert_verify_sta_us,server_cert_msg_bytes,client_cert_msg_bytes
1,8,0,ECDSA-SHA3-512_signed-by_ECDSA-SHA224,ECDSA-SHA3-512_signed-by_ECDSA-SHA224,30.48,939.892,593.174,0.695652,18,0.782609,183.217,14,3068.68,3130.21,1292,1289
1,3,0,ECDSA-SHA3-512_signed-by_ECDSA-SHA224,ECDSA-SHA3-512_signed-by_ECDSA-SHA224,42.416,675.586,387.774,1,10,0.5,192.6,24,3041.46,3050.06,1291,1291
1,6,0,ECDSA-SHA3-512_signed-by_ECDSA-SHA224,ECDSA-SHA3-512_signed-by_ECDSA-SHA224,53.635,533.97,156.313,1,0,0,200,8,3053.01,3033.67,1292,1288
1,7,0,ECDSA-SHA3-512_signed-by_ECDSA-SHA224,ECDSA-SHA3-512_signed-by_ECDSA-SHA224,61.534,465.302,167.582,1,6,0.333333,161,16,3030.71,2996.47,1291,1288
1,5,0,ECDSA-SHA3-512_signed-by_ECDSA-SHA224,ECDSA-SHA3-512_signed-by_ECDSA-SHA224,66.079,433.782,147.338,1,3,0.176471,218.353,15,3038.93,3017.05,1293,1290
1,2,0,ECDSA-SHA3-512_signed-by_ECDSA-SHA224,ECDSA-SHA3-512_signed-by_ECDSA-SHA224,70.739,405.205,125.983,1,4,0.266667,172.933,24,3038.14,3088.61,1292,1291
1,1,0,ECDSA-SHA3-512_signed-by_ECDSA-SHA224,ECDSA-SHA3-512_signed-by_ECDSA-SHA224,75.394,380.08,118.205,1,1,0.0666667,196.667,24,3034.44,3023.91,1293,1289
1,8,1,ECDSA-SHA3-512_signed-by_ECDSA-SHA224,ECDSA-SHA3-512_signed-by_ECDSA-SHA224,45.355,631.631,469.534,0.705882,15,0.882353,700.118,14,3047.84,3022.45,1292,1289
1,3,1,ECDSA-SHA3-512_signed-by_ECDSA-SHA224,ECDSA-SHA3-512_signed-by_ECDSA-SHA224,36.577,783.433,335.507,1,0,0,119.333,24,3039.42,2964.26,1291,1291
1,6,1,ECDSA-SHA3-512_signed-by_ECDSA-SHA224,ECDSA-SHA3-512_signed-by_ECDSA-SHA224,27.196,1053.09,511.25,0.75,5,0.416667,575,8,3010.52,3005.45,1292,1288
1,7,1,ECDSA-SHA3-512_signed-by_ECDSA-SHA224,ECDSA-SHA3-512_signed-by_ECDSA-SHA224,21.308,1343.72,652.524,0.5,5,0.416667,110,16,3014.45,2997.94,1291,1288
1,5,1,ECDSA-SHA3-512_signed-by_ECDSA-SHA224,ECDSA-SHA3-512_signed-by_ECDSA-SHA224,19.7,1455.02,635.936,0.6,0,0,522.8,15,3011.83,3008.84,1293,1290
1,2,1,ECDSA-SHA3-512_signed-by_ECDSA-SHA224,ECDSA-SHA3-512_signed-by_ECDSA-SHA224,17.461,1641.59,810.945,0.538462,2,0.153846,193.692,24,3031.32,3006.15,1292,1291
1,8,2,ECDSA-SHA3-512_signed-by_ECDSA-SHA224,ECDSA-SHA3-512_signed-by_ECDSA-SHA224,13.751,2083.33,892.441,0.777778,0,0,126.889,14,3038.57,3012.33,1292,1289
1,1,1,ECDSA-SHA3-512_signed-by_ECDSA-SHA224,ECDSA-SHA3-512_signed-by_ECDSA-SHA224,15.808,1812.73,776.306,0.777778,0,0,126.889,24,3027.85,3066.43,1293,1289
1,3,2,ECDSA-SHA3-512_signed-by_ECDSA-SHA224,ECDSA-SHA3-512_signed-by_ECDSA-SHA224,14.544,1970.28,861.377,0.5,0,0,110,24,3031.13,2976.66,1291,1291
1,6,2,ECDSA-SHA3-512_signed-by_ECDSA-SHA224,ECDSA-SHA3-512_signed-by_ECDSA-SHA224,13.813,2073.39,888.431,1,0,0,118,8,3024.38,2981.76,1292,1288
1,7,2,ECDSA-SHA3-512_signed-by_ECDSA-SHA224,ECDSA-SHA3-512_signed-by_ECDSA-SHA224,13.515,2118.53,1273.84,0.928571,11,0.785714,114,16,3017.31,2989.02,1291,1288
1,5,2,ECDSA-SHA3-512_signed-by_ECDSA-SHA224,ECDSA-SHA3-512_signed-by_ECDSA-SHA224,12.451,2302.14,1247.77,1,13,0.866667,179.6,15,2994.03,3008.37,1293,1290
1,2,2,ECDSA-SHA3-512_signed-by_ECDSA-SHA224,ECDSA-SHA3-512_signed-by_ECDSA-SHA224,11.056,2592.39,1127.25,1,5,0.5,155.6,24,3042.17,3034.62,1292,1291
1,1,2,ECDSA-SHA3-512_signed-by_ECDSA-SHA224,ECDSA-SHA3-512_signed-by_ECDSA-SHA224,13.979,2049.88,932.804,1,0,0,104.667,24,3031.38,3015.63,1293,1289
1,8,3,ECDSA-SHA3-512_signed-by_ECDSA-SHA224,ECDSA-SHA3-512_signed-by_ECDSA-SHA224,19.366,1479.23,1298.71,1,14,0.736842,109.158,14,2998.51,3046.32,1292,1289
1,6,3,ECDSA-SHA3-512_signed-by_ECDSA-SHA224,ECDSA-SHA3-512_signed-by_ECDSA-SHA224,15.739,1819.61,779.689,1,0,0,118,8,3029.18,2997.03,1292,1288
1,7,3,ECDSA-SHA3-512_signed-by_ECDSA-SHA224,ECDSA-SHA3-512_signed-by_ECDSA-SHA224,14.865,1926.06,935.315,1,2,0.166667,152,16,3068.05,2999.05,1291,1288
1,3,3,ECDSA-SHA3-512_signed-by_ECDSA-SHA224,ECDSA-SHA3-512_signed-by_ECDSA-SHA224,18.341,1562.33,1017.13,1,12,0.75,101.5,24,3034.59,2986.42,1291,1291
1,5,3,ECDSA-SHA3-512_signed-by_ECDSA-SHA224,ECDSA-SHA3-512_signed-by_ECDSA-SHA224,14.725,1946.55,1072.43,0.8125,7,0.4375,234.75,15,3285.99,2979.89,1293,1290
1,2,3,ECDSA-SHA3-512_signed-by_ECDSA-SHA224,ECDSA-SHA3-512_signed-by_ECDSA-SHA224,16.705,1715.82,1293.93,0.722222,13,0.722222,322.444,24,3027.18,2973.54,1292,1291
1,1,3,ECDSA-SHA3-512_signed-by_ECDSA-SHA224,ECDSA-SHA3-512_signed-by_ECDSA-SHA224,14.465,1980.99,848.364,1,0,0,126.889,24,3020.18,3005.46,1293,1289
1,8,4,ECDSA-SHA3-512_signed-by_ECDSA-SHA224,ECDSA-SHA3-512_signed-by_ECDSA-SHA224,11.439,2504.39,1358.15,1,10,0.666667,100.4,14,3044.72,3031.93,1292,1289
1,6,4,ECDSA-SHA3-512_signed-by_ECDSA-SHA224,ECDSA-SHA3-512_signed-by_ECDSA-SHA224,14.069,2035.62,908.638,1,0,0,103.455,8,3044.36,2993.31,1292,1288
1,7,4,ECDSA-SHA3-512_signed-by_ECDSA-SHA224,ECDSA-SHA3-512_signed-by_ECDSA-SHA224,14.99,1910.02,818.655,1,0,0,126.889,16,3009.57,3051.45,1291,1288
1,3,4,ECDSA-SHA3-512_signed-by_ECDSA-SHA224,ECDSA-SHA3-512_signed-by_ECDSA-SHA224,14.755,1942.06,831.693,1,0,0,118,24,3083.08,2975.1,1291,1291
1,5,4,ECDSA-SHA3-512_signed-by_ECDSA-SHA224,ECDSA-SHA3-512_signed-by_ECDSA-SHA224,18.304,1565.94,1210.62,1,16,0.842105,218.211,15,3021.79,3005.86,1293,1290
1,1,4,ECDSA-SHA3-512_signed-by_ECDSA-SHA224,ECDSA-SHA3-512_signed-by_ECDSA-SHA224,14.647,1956.4,855.309,0.8,0,0,118,24,3063.32,2973.07,1293,1289
1,2,4,ECDSA-SHA3-512_signed-by_ECDSA-SHA224,ECDSA-SHA3-512_signed-by_ECDSA-SHA224,18.891,1517.27,1216.19,1,16,1,179.5,24,3011.6,2998.45,1292,1291
1,8,5,ECDSA-SHA3-512_signed-by_ECDSA-SHA224,ECDSA-SHA3-512_signed-by_ECDSA-SHA224,15.697,1825,1160.95,0.666667,9,0.75,143.333,14,3059.86,3038.75,1292,1289
1,6,5,ECDSA-SHA3-512_signed-by_ECDSA-SHA224,ECDSA-SHA3-512_signed-by_ECDSA-SHA224,12.733,2249.25,963.783,0.333333,0,0,118,8,3013.57,2998.89,1292,1288
1,7,5,ECDSA-SHA3-512_signed-by_ECDSA-SHA224,ECDSA-SHA3-512_signed-by_ECDSA-SHA224,12.067,2372.72,1016.98,0,0,0,124.222,16,3050.05,2990.26,1291,1288
1,3,5,ECDSA-SHA3-512_signed-by_ECDSA-SHA224,ECDSA-SHA3-512_signed-by_ECDSA-SHA224,12.912,2219.29,950.417,1,0,0,118,24,3017.66,2973.36,1291,1291
1,5,5,ECDSA-SHA3-512_signed-by_ECDSA-SHA224,ECDSA-SHA3-512_signed-by_ECDSA-SHA224,10.663,2688.15,1474.99,0.625,11,0.6875,170.75,15,3019.2,2988.59,1293,1290
1,1,5,ECDSA-SHA3-512_signed-by_ECDSA-SHA224,ECDSA-SHA3-512_signed-by_ECDSA-SHA224,15.946,1797.01,785.628,1,0,0,118,24,3045.39,2991.76,1293,1289
1,8,6,ECDSA-SHA3-512_signed-by_ECDSA-SHA224,ECDSA-SHA3-512_signed-by_ECDSA-SHA224,14.67,1952.79,836.522,1,0,0,126.889,14,3045.51,3024.91,1292,1289
1,2,5,ECDSA-SHA3-512_signed-by_ECDSA-SHA224,ECDSA-SHA3-512_signed-by_ECDSA-SHA224,17.028,1683.28,999.729,1,7,0.538462,158,24,3033.6,3000.72,1292,1291
1,7,6,ECDSA-SHA3-512_signed-by_ECDSA-SHA224,ECDSA-SHA3-512_signed-by_ECDSA-SHA224,14.092,2031.75,1324.98,1,10,0.714286,128.857,16,3026.06,2979.97,1291,1288
1,6,6,ECDSA-SHA3-512_signed-by_ECDSA-SHA224,ECDSA-SHA3-512_signed-by_ECDSA-SHA224,15.833,1808.83,1091.36,1,7,0.5,106.571,8,3011.26,2991.19,1292,1288
1,3,6,ECDSA-SHA3-512_signed-by_ECDSA-SHA224,ECDSA-SHA3-512_signed-by_ECDSA-SHA224,14.71,1948.01,834.242,1,0,0,118,24,3094.6,2974.93,1291,1291
1,5,6,ECDSA-SHA3-512_signed-by_ECDSA-SHA224,ECDSA-SHA3-512_signed-by_ECDSA-SHA224,14.069,2037.34,890.448,1,0,0,205.2,15,3007.78,2990.66,1293,1290
1,2,6,ECDSA-SHA3-512_signed-by_ECDSA-SHA224,ECDSA-SHA3-512_signed-by_ECDSA-SHA224,9.47,3026.55,1307.59,0.1,0,0,155.2,24,3003.24,3000.23,1292,1291
1,7,7,ECDSA-SHA3-512_signed-by_ECDSA-SHA224,ECDSA-SHA3-512_signed-by_ECDSA-SHA224,10.347,2766.91,1185.93,0.888889,0,0,126.889,16,3031.03,2979.13,1291,1288
1,8,7,ECDSA-SHA3-512_signed-by_ECDSA-SHA224,ECDSA-SHA3-512_signed-by_ECDSA-SHA224,12.843,2230.59,1418.95,1,9,0.75,143.333,14,3057.07,2994.85,1292,1289
1,6,7,ECDSA-SHA3-512_signed-by_ECDSA-SHA224,ECDSA-SHA3-512_signed-by_ECDSA-SHA224,11.856,2415.63,1188.92,0.615385,9,0.692308,97.6923,8,3028.2,2994.94,1292,1288
1,3,7,ECDSA-SHA3-512_signed-by_ECDSA-SHA224,ECDSA-SHA3-512_signed-by_ECDSA-SHA224,13.135,2181.62,953.775,1,0,0,110,24,3082.86,3010.16,1291,1291
1,5,7,ECDSA-SHA3-512_signed-by_ECDSA-SHA224,ECDSA-SHA3-512_signed-by_ECDSA-SHA224,12.909,2220.44,950.645,1,0,0,231.333,15,3031.74,2999.09,1293,1290
1,1,6,ECDSA-SHA3-512_signed-by_ECDSA-SHA224,ECDSA-SHA3-512_signed-by_ECDSA-SHA224,19.76,1450.15,931.949,1,10,0.769231,137.692,24,3079.31,3004.02,1293,1289
1,8,8,ECDSA-SHA3-512_signed-by_ECDSA-SHA224,ECDSA-SHA3-512_signed-by_ECDSA-SHA224,10.578,2708.06,1208.45,1,0,0,103.455,14,3047.55,3033.17,1292,1289
1,7,8,ECDSA-SHA3-512_signed-by_ECDSA-SHA224,ECDSA-SHA3-512_signed-by_ECDSA-SHA224,12.662,2261.25,1373.56,1,7,0.466667,106.533,16,3003.73,3013.14,1291,1288
1,1,7,ECDSA-SHA3-512_signed-by_ECDSA-SHA224,ECDSA-SHA3-512_signed-by_ECDSA-SHA224,9.623,2977.56,1768.91,1,7,0.538462,119.846,24,3021.08,3002.82,1293,1289
1,6,8,ECDSA-SHA3-512_signed-by_ECDSA-SHA224,ECDSA-SHA3-512_signed-by_ECDSA-SHA224,16.228,1764.8,1172.26,1,9,0.5,125.333,8,3024.03,3008.39,1292,1288
1,2,7,ECDSA-SHA3-512_signed-by_ECDSA-SHA224,ECDSA-SHA3-512_signed-by_ECDSA-SHA224,20.723,1383.14,907.166,1,16,1.06667,233.733,24,3026.81,3001.09,1292,1291
1,3,8,ECDSA-SHA3-512_signed-by_ECDSA-SHA224,ECDSA-SHA3-512_signed-by_ECDSA-SHA224,22.529,1271.95,1073.1,1,17,0.73913,97.6522,24,3036.91,2991.32,1291,1291
1,8,9,ECDSA-SHA3-512_signed-by_ECDSA-SHA224,ECDSA-SHA3-512_signed-by_ECDSA-SHA224,16.269,1760.82,1050.29,1,3,0.230769,103.231,14,3060.91,3009.29,1292,1289
1,7,9,ECDSA-SHA3-512_signed-by_ECDSA-SHA224,ECDSA-SHA3-512_signed-by_ECDSA-SHA224,17.827,1606.03,1313.9,1,17,0.944444,114.889,16,3021.73,2994.12,1291,1288
1,5,8,ECDSA-SHA3-512_signed-by_ECDSA-SHA224,ECDSA-SHA3-512_signed-by_ECDSA-SHA224,25.51,1123.62,736.954,1,12,0.8,278.533,15,3024.86,3001.44,1293,1290
1,6,9,ECDSA-SHA3-512_signed-by_ECDSA-SHA224,ECDSA-SHA3-512_signed-by_ECDSA-SHA224,14.173,2020.69,865.848,1,0,0,118,8,3027.67,3014.47,1292,1288
1,1,8,ECDSA-SHA3-512_signed-by_ECDSA-SHA224,ECDSA-SHA3-512_signed-by_ECDSA-SHA224,17.031,1682.52,1165.83,1,14,0.933333,127.067,24,3035.58,2971.53,1293,1289
1,2,8,ECDSA-SHA3-512_signed-by_ECDSA-SHA224,ECDSA-SHA3-512_signed-by_ECDSA-SHA224,15.356,1866.57,1802.49,0.75,30,1.25,271.333,24,3108.6,3039.65,1292,1291
1,3,9,ECDSA-SHA3-512_signed-by_ECDSA-SHA224,ECDSA-SHA3-512_signed-by_ECDSA-SHA224,10.113,2833.3,1374.73,0.666667,5,0.416667,102.667,24,3027.22,2997.24,1291,1291
1,8,10,ECDSA-SHA3-512_signed-by_ECDSA-SHA224,ECDSA-SHA3-512_signed-by_ECDSA-SHA224,13.867,2065.86,884.958,1,0,0,118,14,3033.91,3028,1292,1289
1,5,9,ECDSA-SHA3-512_signed-by_ECDSA-SHA224,ECDSA-SHA3-512_signed-by_ECDSA-SHA224,12.843,2231.83,995.383,0.909091,0,0,147.091,15,3001.38,3012.18,1293,1290
1,7,10,ECDSA-SHA3-512_signed-by_ECDSA-SHA224,ECDSA-SHA3-512_signed-by_ECDSA-SHA224,14.926,1918.21,1208.06,1,2,0.181818,120.909,16,3056.37,3001.82,1291,1288
1,6,10,ECDSA-SHA3-512_signed-by_ECDSA-SHA224,ECDSA-SHA3-512_signed-by_ECDSA-SHA224,13.749,2083.02,911.174,1,0,0,110,8,3037.48,3020.83,1292,1288
1,2,9,ECDSA-SHA3-512_signed-by_ECDSA-SHA224,ECDSA-SHA3-512_signed-by_ECDSA-SHA224,13.496,2123.84,1015.98,1,0,0,361.636,24,3048.65,3027.11,1292,1291
1,1,9,ECDSA-SHA3-512_signed-by_ECDSA-SHA224,ECDSA-SHA3-512_signed-by_ECDSA-SHA224,16.343,1753.35,1348.05,0.666667,14,0.777778,118.444,24,3036.8,2996.91,1293,1289
1,3,10,ECDSA-SHA3-512_signed-by_ECDSA-SHA224,ECDSA-SHA3-512_signed-by_ECDSA-SHA224,13.515,2120.28,908.017,1,0,0,118,24,3032.76,2995.34,1291,1291
1,8,11,ECDSA-SHA3-512_signed-by_ECDSA-SHA224,ECDSA-SHA3-512_signed-by_ECDSA-SHA224,10.368,2762.87,1340.93,0.5,5,0.416667,102.667,14,3032.6,3019.55,1292,1289
1,7,11,ECDSA-SHA3-512_signed-by_ECDSA-SHA224,ECDSA-SHA3-512_signed-by_ECDSA-SHA224,11.56,2476.79,1083.73,0.6,0,0,110,16,3003.24,2979.43,1291,1288
1,6,11,ECDSA-SHA3-512_signed-by_ECDSA-SHA224,ECDSA-SHA3-512_signed-by_ECDSA-SHA224,11.218,2553.02,1093.95,0.666667,0,0,118,8,3042.65,2989.81,1292,1288
1,2,10,ECDSA-SHA3-512_signed-by_ECDSA-SHA224,ECDSA-SHA3-512_signed-by_ECDSA-SHA224,10.312,2779.41,1189.96,0.444444,0,0,168.667,24,3007.77,2997.09,1292,1291
1,5,10,ECDSA-SHA3-512_signed-by_ECDSA-SHA224,ECDSA-SHA3-512_signed-by_ECDSA-SHA224,15.494,1849.95,1192.68,0.769231,9,0.692308,182.615,15,3058.09,2964.31,1293,1290
1,8,12,ECDSA-SHA3-512_signed-by_ECDSA-SHA224,ECDSA-SHA3-512_signed-by_ECDSA-SHA224,11.769,2434.16,1103.9,0.4,1,0.1,111.6,14,3243.4,3027.32,1292,1289
1,3,11,ECDSA-SHA3-512_signed-by_ECDSA-SHA224,ECDSA-SHA3-512_signed-by_ECDSA-SHA224,13.507,2121.51,927.494,0.4,0,0,107.6,24,3029.96,3010.17,1291,1291
1,7,12,ECDSA-SHA3-512_signed-by_ECDSA-SHA224,ECDSA-SHA3-512_signed-by_ECDSA-SHA224,9.692,2954.17,1266.19,0.444444,0,0,118,16,3005.42,2995.29,1291,1288
1,6,12,ECDSA-SHA3-512_signed-by_ECDSA-SHA224,ECDSA-SHA3-512_signed-by_ECDSA-SHA224,9.688,2956.21,1266.71,0.666667,0,0,118,8,3025.74,2987.31,1292,1288
1,2,11,ECDSA-SHA3-512_signed-by_ECDSA-SHA224,ECDSA-SHA3-512_signed-by_ECDSA-SHA224,11.072,2588.86,1255.78,0.5,5,0.416667,143.333,24,3048.82,3005.91,1292,1291
1,1,10,ECDSA-SHA3-512_signed-by_ECDSA-SHA224,ECDSA-SHA3-512_signed-by_ECDSA-SHA224,21.972,1304.19,806.838,0.9375,8,0.5,104.5,24,2998.29,2977.89,1293,1289
1,5,11,ECDSA-SHA3-512_signed-by_ECDSA-SHA224,ECDSA-SHA3-512_signed-by_ECDSA-SHA224,13.485,2125.57,1031.05,1,5,0.416667,143.333,15,3007.93,2979.51,1293,1290
1,3,12,ECDSA-SHA3-512_signed-by_ECDSA-SHA224,ECDSA-SHA3-512_signed-by_ECDSA-SHA224,15.788,1814.98,793.486,1,0,0,110,24,3028.9,2974.59,1291,1291
1,6,13,ECDSA-SHA3-512_signed-by_ECDSA-SHA224,ECDSA-SHA3-512_signed-by_ECDSA-SHA224,14.133,2026.43,886.42,1,0,0,110,8,3100.43,3027.66,1292,1288
1,7,13,ECDSA-SHA3-512_signed-by_ECDSA-SHA224,ECDSA-SHA3-512_signed-by_ECDSA-SHA224,15.615,1833.58,1394.53,1,14,0.823529,110,16,3015.2,2985.83,1291,1288
1,2,12,ECDSA-SHA3-512_signed-by_ECDSA-SHA224,ECDSA-SHA3-512_signed-by_ECDSA-SHA224,13.563,2113.35,1058.15,1,6,0.428571,128.286,24,3040.83,2974.2,1292,1291
1,8,13,ECDSA-SHA3-512_signed-by_ECDSA-SHA224,ECDSA-SHA3-512_signed-by_ECDSA-SHA224,19.897,1439.75,1034.08,1,15,0.9375,114,14,3067.36,3008.54,1292,1289
1,1,11,ECDSA-SHA3-512_signed-by_ECDSA-SHA224,ECDSA-SHA3-512_signed-by_ECDSA-SHA224,12.151,2358.31,1009.95,1,0,0,126.889,24,3008.52,2985.49,1293,1289
1,5,12,ECDSA-SHA3-512_signed-by_ECDSA-SHA224,ECDSA-SHA3-512_signed-by_ECDSA-SHA224,14.355,1996.75,872.709,0.7,0,0,153.2,15,3044.83,2995.55,1293,1290
1,6,14,ECDSA-SHA3-512_signed-by_ECDSA-SHA224,ECDSA-SHA3-512_signed-by_ECDSA-SHA224,11.846,2417.68,1035.96,0.666667,0,0,118,8,3016.63,3007.82,1292,1288
1,7,14,ECDSA-SHA3-512_signed-by_ECDSA-SHA224,ECDSA-SHA3-512_signed-by_ECDSA-SHA224,11.817,2422.93,1038.5,1,0,0,118,16,2991.31,2970.66,1291,1288
1,8,14,ECDSA-SHA3-512_signed-by_ECDSA-SHA224,ECDSA-SHA3-512_signed-by_ECDSA-SHA224,11.175,2563.58,1244.21,0.833333,5,0.416667,102.667,15,3076.02,3017.94,1292,1289
1,2,13,ECDSA-SHA3-512_signed-by_ECDSA-SHA224,ECDSA-SHA3-512_signed-by_ECDSA-SHA224,13.068,2193.42,1083.55,0.769231,5,0.384615,135.231,24,3038.72,2975.56,1292,1291
1,1,12,ECDSA-SHA3-512_signed-by_ECDSA-SHA224,ECDSA-SHA3-512_signed-by_ECDSA-SHA224,12.303,2329.17,1130.12,0.833333,5,0.416667,110,24,3047.93,2974.21,1293,1289
1,3,13,ECDSA-SHA3-512_signed-by_ECDSA-SHA224,ECDSA-SHA3-512_signed-by_ECDSA-SHA224,21.097,1358.24,888.049,1,9,0.642857,119.714,24,3039.81,3026.69,1291,1291
1,5,13,ECDSA-SHA3-512_signed-by_ECDSA-SHA224,ECDSA-SHA3-512_signed-by_ECDSA-SHA224,15.363,1865.73,815.441,1,0,0,155.6,15,3027.38,3018.96,1293,1290
1,8,15,ECDSA-SHA3-512_signed-by_ECDSA-SHA224,ECDSA-SHA3-512_signed-by_ECDSA-SHA224,13.612,2104.55,901.53,1,0,0,118,15,3045.17,3004.53,1292,1289
1,7,15,ECDSA-SHA3-512_signed-by_ECDSA-SHA224,ECDSA-SHA3-512_signed-by_ECDSA-SHA224,16.012,1788.08,782.378,1,0,0,110,16,3011.8,3006.86,1291,1288
1,2,14,ECDSA-SHA3-512_signed-by_ECDSA-SHA224,ECDSA-SHA3-512_signed-by_ECDSA-SHA224,14.334,1999.64,1187.61,1,7,0.538462,144.462,24,3027.24,2987.29,1292,1291
1,1,13,ECDSA-SHA3-512_signed-by_ECDSA-SHA224,ECDSA-SHA3-512_signed-by_ECDSA-SHA224,15.779,1815.99,1548.31,1,18,1.125,161.5,24,3041.56,2994.48,1293,1289
1,6,15,ECDSA-SHA3-512_signed-by_ECDSA-SHA224,ECDSA-SHA3-512_signed-by_ECDSA-SHA224,21.238,1348.51,894.238,1,9,0.6,114.267,8,3047.29,3003.05,1292,1288
1,3,14,ECDSA-SHA3-512_signed-by_ECDSA-SHA224,ECDSA-SHA3-512_signed-by_ECDSA-SHA224,16.62,1724.11,753.756,1,0,0,112.4,24,3039.35,2990.36,1291,1291
1,5,14,ECDSA-SHA3-512_signed-by_ECDSA-SHA224,ECDSA-SHA3-512_signed-by_ECDSA-SHA224,17.726,1616.97,1496.48,0.809524,21,1,166,15,3018.95,2981.4,1293,1290
1,7,16,ECDSA-SHA3-512_signed-by_ECDSA-SHA224,ECDSA-SHA3-512_signed-by_ECDSA-SHA224,12.668,2260.15,968.724,0.777778,0,0,118,16,2997.03,2988.54,1291,1288
1,8,16,ECDSA-SHA3-512_signed-by_ECDSA-SHA224,ECDSA-SHA3-512_signed-by_ECDSA-SHA224,15.132,1893.14,1204.29,1,9,0.75,133.333,15,3034.7,3012.69,1292,1289
1,2,15,ECDSA-SHA3-512_signed-by_ECDSA-SHA224,ECDSA-SHA3-512_signed-by_ECDSA-SHA224,13.628,2103.27,900.48,0.777778,0,0,156.222,24,3090.24,3004.57,1292,1291
1,1,14,ECDSA-SHA3-512_signed-by_ECDSA-SHA224,ECDSA-SHA3-512_signed-by_ECDSA-SHA224,12.527,2287.51,1454.76,0.333333,9,0.75,146,24,3040.67,2992.02,1293,1289
1,6,16,ECDSA-SHA3-512_signed-by_ECDSA-SHA224,ECDSA-SHA3-512_signed-by_ECDSA-SHA224,12.237,2340.41,1002.85,0.444444,0,0,118,8,2998.95,2983.82,1292,1288
1,3,15,ECDSA-SHA3-512_signed-by_ECDSA-SHA224,ECDSA-SHA3-512_signed-by_ECDSA-SHA224,10.076,2843.72,1217.83,0.555556,0,0,121.556,24,3041.98,3011.42,1291,1291
1,5,15,ECDSA-SHA3-512_signed-by_ECDSA-SHA224,ECDSA-SHA3-512_signed-by_ECDSA-SHA224,9.082,3155.86,1610.08,0.384615,6,0.461538,123.846,15,3037.86,2978.83,1293,1290
1,7,17,ECDSA-SHA3-512_signed-by_ECDSA-SHA224,ECDSA-SHA3-512_signed-by_ECDSA-SHA224,10.866,2634.99,1147.05,1,4,0.4,110,16,3020.12,2991.28,1291,1288
1,2,16,ECDSA-SHA3-512_signed-by_ECDSA-SHA224,ECDSA-SHA3-512_signed-by_ECDSA-SHA224,11.147,2571.42,1110.96,1,0,0,126.4,24,3036.32,2982.01,1292,1291
1,8,17,ECDSA-SHA3-512_signed-by_ECDSA-SHA224,ECDSA-SHA3-512_signed-by_ECDSA-SHA224,12.7,2255.69,966.275,1,0,0,118,15,3049.04,3029.17,1292,1289
1,6,17,ECDSA-SHA3-512_signed-by_ECDSA-SHA224,ECDSA-SHA3-512_signed-by_ECDSA-SHA224,11.391,2514.22,1140.53,1,1,0.1,111.6,8,3055.91,3004.7,1292,1288
1,3,16,ECDSA-SHA3-512_signed-by_ECDSA-SHA224,ECDSA-SHA3-512_signed-by_ECDSA-SHA224,10.865,2637.42,1279.69,0.833333,5,0.416667,110,24,3020.31,2986.22,1291,1291
1,1,15,ECDSA-SHA3-512_signed-by_ECDSA-SHA224,ECDSA-SHA3-512_signed-by_ECDSA-SHA224,16.462,1740.66,1118.65,1,10,0.769231,138.308,24,3030.44,2983.83,1293,1289
1,5,16,ECDSA-SHA3-512_signed-by_ECDSA-SHA224,ECDSA-SHA3-512_signed-by_ECDSA-SHA224,14.754,1942.72,1252.49,0.769231,9,0.692308,135.846,15,3012.81,2982.17,1293,1290
1,2,17,ECDSA-SHA3-512_signed-by_ECDSA-SHA224,ECDSA-SHA3-512_signed-by_ECDSA-SHA224,11.791,2430.96,1040.78,0.333333,0,0,136.667,24,3007.36,2997.53,1292,1291
1,7,18,ECDSA-SHA3-512_signed-by_ECDSA-SHA224,ECDSA-SHA3-512_signed-by_ECDSA-SHA224,14.218,2013.72,991.389,0.461538,3,0.230769,140.769,16,3075.62,2963.97,1291,1288
1,8,18,ECDSA-SHA3-512_signed-by_ECDSA-SHA224,ECDSA-SHA3-512_signed-by_ECDSA-SHA224,12.226,2343.17,1137.23,0.25,5,0.416667,102.667,15,3037.11,3007.3,1292,1289
1,3,17,ECDSA-SHA3-512_signed-by_ECDSA-SHA224,ECDSA-SHA3-512_signed-by_ECDSA-SHA224,10.334,2772.71,1187.42,0.333333,0,0,126.889,24,3022.62,3016.13,1291,1291
1,6,18,ECDSA-SHA3-512_signed-by_ECDSA-SHA224,ECDSA-SHA3-512_signed-by_ECDSA-SHA224,12.08,2370.82,1015.88,0.777778,0,0,118,8,3043.93,3006.36,1292,1288
1,1,16,ECDSA-SHA3-512_signed-by_ECDSA-SHA224,ECDSA-SHA3-512_signed-by_ECDSA-SHA224,11.957,2396.53,1423.73,1,7,0.538462,128.462,24,3011.97,3000.19,1293,1289
1,2,18,ECDSA-SHA3-512_signed-by_ECDSA-SHA224,ECDSA-SHA3-512_signed-by_ECDSA-SHA224,7.466,3838.84,1643.53,1,0,0,136.667,24,3038.06,3052.86,1292,1291
1,5,17,ECDSA-SHA3-512_signed-by_ECDSA-SHA224,ECDSA-SHA3-512_signed-by_ECDSA-SHA224,10.816,2650.12,1285.49,1,5,0.416667,110,15,3016.78,2986.57,1293,1290
1,8,19,ECDSA-SHA3-512_signed-by_ECDSA-SHA224,ECDSA-SHA3-512_signed-by_ECDSA-SHA224,12.684,2258.51,967.484,1,0,0,118,15,3039.89,3024.13,1292,1289
1,7,19,ECDSA-SHA3-512_signed-by_ECDSA-SHA224,ECDSA-SHA3-512_signed-by_ECDSA-SHA224,14.358,1994.07,1203.46,1,7,0.5,106.571,16,3000.12,2981.96,1291,1288
1,3,18,ECDSA-SHA3-512_signed-by_ECDSA-SHA224,ECDSA-SHA3-512_signed-by_ECDSA-SHA224,14.509,1974.97,1273.64,1,9,0.692308,135.846,24,3018.45,2975.95,1291,1291
1,5,18,ECDSA-SHA3-512_signed-by_ECDSA-SHA224,ECDSA-SHA3-512_signed-by_ECDSA-SHA224,9.877,2902.06,1242.47,0.777778,0,0,126.889,15,3039.71,2993.2,1293,1290
1,6,19,ECDSA-SHA3-512_signed-by_ECDSA-SHA224,ECDSA-SHA3-512_signed-by_ECDSA-SHA224,16.322,1754.61,1423.29,0.941176,16,0.941176,118,8,3011.27,3012.12,1292,1288
1,2,19,ECDSA-SHA3-512_signed-by_ECDSA-SHA224,ECDSA-SHA3-512_signed-by_ECDSA-SHA224,12.8,2239.32,1329.97,0.538462,7,0.538462,128.462,24,3049.31,2984.06,1292,1291
1,1,17,ECDSA-SHA3-512_signed-by_ECDSA-SHA224,ECDSA-SHA3-512_signed-by_ECDSA-SHA224,14.627,1959.05,1163.84,0.769231,7,0.538462,128.462,24,3023.41,3001.63,1293,1289
1,8,20,ECDSA-SHA3-512_signed-by_ECDSA-SHA224,ECDSA-SHA3-512_signed-by_ECDSA-SHA224,12.814,2235.65,1033.85,0.363636,1,0.0909091,102.727,15,3065.35,3020.91,1292,1289
1,7,20,ECDSA-SHA3-512_signed-by_ECDSA-SHA224,ECDSA-SHA3-512_signed-by_ECDSA-SHA224,12.911,2217.61,950.493,0.444444,0,0,118,16,3030.34,2987.88,1291,1288
1,3,19,ECDSA-SHA3-512_signed-by_ECDSA-SHA224,ECDSA-SHA3-512_signed-by_ECDSA-SHA224,14.343,1997.86,891.284,1,0,0,110.727,24,3042.55,2989,1291,1291
1,5,19,ECDSA-SHA3-512_signed-by_ECDSA-SHA224,ECDSA-SHA3-512_signed-by_ECDSA-SHA224,13.569,2112.44,1144.95,0.733333,10,0.666667,101.467,15,3018.61,3012.86,1293,1290
1,1,18,ECDSA-SHA3-512_signed-by_ECDSA-SHA224,ECDSA-SHA3-512_signed-by_ECDSA-SHA224,12.535,2286.06,994.327,1,4,0.4,126.8,24,3052.14,2984.72,1293,1289
1,2,20,ECDSA-SHA3-512_signed-by_ECDSA-SHA224,ECDSA-SHA3-512_signed-by_ECDSA-SHA224,14.145,2026.4,867.569,1,0,0,136.667,24,3176.73,2988.3,1292,1291
1,6,20,ECDSA-SHA3-512_signed-by_ECDSA-SHA224,ECDSA-SHA3-512_signed-by_ECDSA-SHA224,16.412,1745.01,1037.26,1,7,0.538462,112.462,8,3030.7,2995.93,1292,1288
1,8,21,ECDSA-SHA3-512_signed-by_ECDSA-SHA224,ECDSA-SHA3-512_signed-by_ECDSA-SHA224,12.989,2205.51,1055.64,1,2,0.181818,106.364,15,3066.51,3034.65,1292,1289
1,7,21,ECDSA-SHA3-512_signed-by_ECDSA-SHA224,ECDSA-SHA3-512_signed-by_ECDSA-SHA224,13.031,2197.16,1473.37,1,10,0.714286,119.143,16,3026.47,2994.24,1291,1288
1,5,20,ECDSA-SHA3-512_signed-by_ECDSA-SHA224,ECDSA-SHA3-512_signed-by_ECDSA-SHA224,10.92,2624.86,1123.79,1,0,0,129.556,15,3032.25,2984.57,1293,1290
1,3,20,ECDSA-SHA3-512_signed-by_ECDSA-SHA224,ECDSA-SHA3-512_signed-by_ECDSA-SHA224,13.176,2174.8,1292.01,1,7,0.538462,119.846,24,3056.68,2994.83,1291,1291
1,6,21,ECDSA-SHA3-512_signed-by_ECDSA-SHA224,ECDSA-SHA3-512_signed-by_ECDSA-SHA224,10.875,2633.51,1218.18,1,1,0.0909091,112.545,8,3019.03,2983.79,1292,1288
1,2,21,ECDSA-SHA3-512_signed-by_ECDSA-SHA224,ECDSA-SHA3-512_signed-by_ECDSA-SHA224,15.063,1902.85,1130.13,1,7,0.538462,124.154,24,3004.48,3001.38,1292,1291
1,7,22,ECDSA-SHA3-512_signed-by_ECDSA-SHA224,ECDSA-SHA3-512_signed-by_ECDSA-SHA224,10.504,2725.79,1759.31,1,9,0.692308,126,16,3000.8,2998.04,1291,1288
1,1,19,ECDSA-SHA3-512_signed-by_ECDSA-SHA224,ECDSA-SHA3-512_signed-by_ECDSA-SHA224,19.903,1439.77,956.631,1,11,0.611111,131.778,24,3157.42,2989.01,1293,1289
1,5,21,ECDSA-SHA3-512_signed-by_ECDSA-SHA224,ECDSA-SHA3-512_signed-by_ECDSA-SHA224,11.327,2530.55,1647.01,0.3125,12,0.75,108.5,15,3026.52,3027.64,1293,1290
1,3,21,ECDSA-SHA3-512_signed-by_ECDSA-SHA224,ECDSA-SHA3-512_signed-by_ECDSA-SHA224,11.988,2390.35,1023.67,1,0,0,126.889,24,3031.35,2993.12,1291,1291
1,8,22,ECDSA-SHA3-512_signed-by_ECDSA-SHA224,ECDSA-SHA3-512_signed-by_ECDSA-SHA224,17.369,1649.3,1049.18,1,9,0.75,133.333,15,3063.84,3019.77,1292,1289
1,6,22,ECDSA-SHA3-512_signed-by_ECDSA-SHA224,ECDSA-SHA3-512_signed-by_ECDSA-SHA224,11.208,2555.29,1263.37,1,5,0.384615,104.462,8,3028.49,3004.82,1292,1288
1,2,22,ECDSA-SHA3-512_signed-by_ECDSA-SHA224,ECDSA-SHA3-512_signed-by_ECDSA-SHA224,10.374,2762.81,1358.66,1,9,0.692308,111.846,24,3056.94,2995.18,1292,1291
1,7,23,ECDSA-SHA3-512_signed-by_ECDSA-SHA224,ECDSA-SHA3-512_signed-by_ECDSA-SHA224,10.022,2856.91,1224.51,1,0,0,118,16,3015.76,3000.72,1291,1288
1,1,20,ECDSA-SHA3-512_signed-by_ECDSA-SHA224,ECDSA-SHA3-512_signed-by_ECDSA-SHA224,11.198,2558.98,1128.75,1,0,0,118.364,24,3051.26,2964.79,1293,1289
1,6,23,ECDSA-SHA3-512_signed-by_ECDSA-SHA224,ECDSA-SHA3-512_signed-by_ECDSA-SHA224,9.83,2913.51,1845.76,1,2,0.166667,122.333,8,3034.34,2994.82,1292,1288
1,3,22,ECDSA-SHA3-512_signed-by_ECDSA-SHA224,ECDSA-SHA3-512_signed-by_ECDSA-SHA224,11.973,2393.32,1543.43,1,9,0.692308,134,24,3023.18,2971.01,1291,1291
1,2,23,ECDSA-SHA3-512_signed-by_ECDSA-SHA224,ECDSA-SHA3-512_signed-by_ECDSA-SHA224,14.908,1922.65,932.615,1,2,0.166667,197.333,24,3013.04,3014.29,1292,1291
1,7,24,ECDSA-SHA3-512_signed-by_ECDSA-SHA224,ECDSA-SHA3-512_signed-by_ECDSA-SHA224,13.836,2069.32,1004.88,0.916667,5,0.416667,102.667,16,2985.46,3122.17,1291,1288
1,1,21,ECDSA-SHA3-512_signed-by_ECDSA-SHA224,ECDSA-SHA3-512_signed-by_ECDSA-SHA224,12.331,2323.86,1015.96,1,0,0,122,24,3028.56,2994.2,1293,1289
1,8,23,ECDSA-SHA3-512_signed-by_ECDSA-SHA224,ECDSA-SHA3-512_signed-by_ECDSA-SHA224,21.944,1305.49,936.92,1,15,0.833333,104.667,15,3044.95,3022.3,1292,1289
1,5,22,ECDSA-SHA3-512_signed-by_ECDSA-SHA224,ECDSA-SHA3-512_signed-by_ECDSA-SHA224,26.735,1072.13,1158,1,30,1.36364,149.273,15,2990.34,2995.08,1293,1290
1,3,23,ECDSA-SHA3-512_signed-by_ECDSA-SHA224,ECDSA-SHA3-512_signed-by_ECDSA-SHA224,14.43,1985.82,1280.64,1,9,0.692308,135.231,24,3034.71,2981.57,1291,1291
1,6,24,ECDSA-SHA3-512_signed-by_ECDSA-SHA224,ECDSA-SHA3-512_signed-by_ECDSA-SHA224,15.436,1855.36,795.005,1,0,0,126.889,8,3046.15,3005.96,1292,1288
1,7,25,ECDSA-SHA3-512_signed-by_ECDSA-SHA224,ECDSA-SHA3-512_signed-by_ECDSA-SHA224,12.587,2274.69,974.96,1,0,0,118,16,3038.49,2983.55,1291,1288
1,8,24,ECDSA-SHA3-512_signed-by_ECDSA-SHA224,ECDSA-SHA3-512_signed-by_ECDSA-SHA224,12.703,2255.15,1793.54,1,9,0.6,114.8,15,3038.83,3014.07,1292,1289
1,5,23,ECDSA-SHA3-512_signed-by_ECDSA-SHA224,ECDSA-SHA3-512_signed-by_ECDSA-SHA224,14.482,1979.23,1228.52,1,1,0.0833333,115,15,3020.94,2971.98,1293,1290
1,2,24,ECDSA-SHA3-512_signed-by_ECDSA-SHA224,ECDSA-SHA3-512_signed-by_ECDSA-SHA224,21.425,1337.82,1034.26,1,16,0.842105,109.158,24,3067.04,3013.61,1292,1291
1,1,22,ECDSA-SHA3-512_signed-by_ECDSA-SHA224,ECDSA-SHA3-512_signed-by_ECDSA-SHA224,19.948,1436.47,1402.79,1,23,1.09524,131.714,24,3247.73,3005.32,1293,1289
1,3,24,ECDSA-SHA3-512_signed-by_ECDSA-SHA224,ECDSA-SHA3-512_signed-by_ECDSA-SHA224,15.306,1872.15,818.478,1,0,0,110,24,3055.86,2978.97,1291,1291
1,6,25,ECDSA-SHA3-512_signed-by_ECDSA-SHA224,ECDSA-SHA3-512_signed-by_ECDSA-SHA224,15.289,1873.18,802.643,1,0,0,126.889,8,3019.4,2978.14,1292,1288
1,7,26,ECDSA-SHA3-512_signed-by_ECDSA-SHA224,ECDSA-SHA3-512_signed-by_ECDSA-SHA224,16.332,1753.07,1495.92,1,18,1.125,137.5,16,3051.61,2978.74,1291,1288
1,8,25,ECDSA-SHA3-512_signed-by_ECDSA-SHA224,ECDSA-SHA3-512_signed-by_ECDSA-SHA224,13.771,2080.3,1236.21,0.769231,7,0.538462,111.846,15,3018.49,3028.69,1292,1289
1,5,24,ECDSA-SHA3-512_signed-by_ECDSA-SHA224,ECDSA-SHA3-512_signed-by_ECDSA-SHA224,11.625,2465.7,1099.69,0.909091,0,0,118.727,15,3014.14,3014.96,1293,1290
1,1,23,ECDSA-SHA3-512_signed-by_ECDSA-SHA224,ECDSA-SHA3-512_signed-by_ECDSA-SHA224,10.56,2713.63,1162.12,0.777778,0,0,118,24,3028.19,2951.89,1293,1289
1,2,25,ECDSA-SHA3-512_signed-by_ECDSA-SHA224,ECDSA-SHA3-512_signed-by_ECDSA-SHA224,12.353,2320.37,993.426,1,0,0,126.889,24,3025.98,3005.47,1292,1291
1,6,26,ECDSA-SHA3-512_signed-by_ECDSA-SHA224,ECDSA-SHA3-512_signed-by_ECDSA-SHA224,11.312,2531.79,1084.85,1,0,0,126.889,8,3049.38,2995.72,1292,1288
1,3,25,ECDSA-SHA3-512_signed-by_ECDSA-SHA224,ECDSA-SHA3-512_signed-by_ECDSA-SHA224,14.138,2026.82,1625.08,1,16,1,124.5,24,3028.26,2978.38,1291,1291
1,7,27,ECDSA-SHA3-512_signed-by_ECDSA-SHA224,ECDSA-SHA3-512_signed-by_ECDSA-SHA224,8.432,3395.3,1455.26,1,0,0,118,16,3042.61,2992.78,1291,1288
1,8,26,ECDSA-SHA3-512_signed-by_ECDSA-SHA224,ECDSA-SHA3-512_signed-by_ECDSA-SHA224,7.772,3685.71,1603.56,1,4,0.4,110,15,3056.42,3009.28,1292,1289
1,5,25,ECDSA-SHA3-512_signed-by_ECDSA-SHA224,ECDSA-SHA3-512_signed-by_ECDSA-SHA224,10.196,2811.03,1228.6,1,0,0,123.6,15,3042.09,2999.84,1293,1290
1,6,27,ECDSA-SHA3-512_signed-by_ECDSA-SHA224,ECDSA-SHA3-512_signed-by_ECDSA-SHA224,10.007,2861.99,1408.61,1,6,0.461538,104.462,8,3024.16,2998.55,1292,1288
1,3,26,ECDSA-SHA3-512_signed-by_ECDSA-SHA224,ECDSA-SHA3-512_signed-by_ECDSA-SHA224,11.363,2521.84,1246.14,0.923077,5,0.384615,97.6923,24,3054.34,2978.26,1291,1291
1,2,26,ECDSA-SHA3-512_signed-by_ECDSA-SHA224,ECDSA-SHA3-512_signed-by_ECDSA-SHA224,15.362,1865.84,1186.27,1,9,0.75,144,24,3068.11,3004.08,1292,1291
1,7,28,ECDSA-SHA3-512_signed-by_ECDSA-SHA224,ECDSA-SHA3-512_signed-by_ECDSA-SHA224,15.432,1855.31,811.795,1,0,0,110,16,3031.06,3012.95,1291,1288
1,1,24,ECDSA-SHA3-512_signed-by_ECDSA-SHA224,ECDSA-SHA3-512_signed-by_ECDSA-SHA224,22.684,1263.26,1275.25,1,25,1.31579,138.632,24,3034.77,2998.46,1293,1289
1,8,27,ECDSA-SHA3-512_signed-by_ECDSA-SHA224,ECDSA-SHA3-512_signed-by_ECDSA-SHA224,18.914,1514.58,1225.7,1,20,0.952381,153.048,15,3070.25,3023.66,1292,1289
1,5,26,ECDSA-SHA3-512_signed-by_ECDSA-SHA224,ECDSA-SHA3-512_signed-by_ECDSA-SHA224,15.595,1837.97,786.896,1,0,0,131.333,15,3015.61,3010.37,1293,1290
1,6,28,ECDSA-SHA3-512_signed-by_ECDSA-SHA224,ECDSA-SHA3-512_signed-by_ECDSA-SHA224,14.354,1995.23,922.932,1,1,0.0909091,112.545,9,3045.6,2992.12,1292,1288
1,3,27,ECDSA-SHA3-512_signed-by_ECDSA-SHA224,ECDSA-SHA3-512_signed-by_ECDSA-SHA224,12.329,2324.25,995.366,1,0,0,118.889,24,3019.09,2989.68,1291,1291
1,2,27,ECDSA-SHA3-512_signed-by_ECDSA-SHA224,ECDSA-SHA3-512_signed-by_ECDSA-SHA224,12.161,2357.02,1534.07,1,12,0.75,108.5,24,3039,2985.35,1292,1291
1,1,25,ECDSA-SHA3-512_signed-by_ECDSA-SHA224,ECDSA-SHA3-512_signed-by_ECDSA-SHA224,11.268,2543.06,1175.69,1,1,0.0909091,102.727,24,3000.73,2984.57,1293,1289
1,7,29,ECDSA-SHA3-512_signed-by_ECDSA-SHA224,ECDSA-SHA3-512_signed-by_ECDSA-SHA224,14.772,1938.17,1246.63,1,10,0.769231,126,16,3019.97,3007.75,1291,1288
1,6,29,ECDSA-SHA3-512_signed-by_ECDSA-SHA224,ECDSA-SHA3-512_signed-by_ECDSA-SHA224,10.585,2705.64,1183.53,0.7,0,0,118,9,3035.24,2984.5,1292,1288
1,8,28,ECDSA-SHA3-512_signed-by_ECDSA-SHA224,ECDSA-SHA3-512_signed-by_ECDSA-SHA224,13.3,2153.9,1512.12,0.9375,14,0.875,131,15,3043.95,3032.01,1292,1289
1,3,28,ECDSA-SHA3-512_signed-by_ECDSA-SHA224,ECDSA-SHA3-512_signed-by_ECDSA-SHA224,10.957,2615.24,1119.98,0.777778,0,0,126.889,24,3046.48,2966.74,1291,1291
1,1,26,ECDSA-SHA3-512_signed-by_ECDSA-SHA224,ECDSA-SHA3-512_signed-by_ECDSA-SHA224,8.418,3403.76,1457.67,1,0,0,118,24,3029.16,3000.8,1293,1289
1,2,28,ECDSA-SHA3-512_signed-by_ECDSA-SHA224,ECDSA-SHA3-512_signed-by_ECDSA-SHA224,14.221,2015.51,931.536,1,1,0.0909091,110,24,3031.59,3003.15,1292,1291
1,7,30,ECDSA-SHA3-512_signed-by_ECDSA-SHA224,ECDSA-SHA3-512_signed-by_ECDSA-SHA224,9.514,3009.45,1481.6,0.846154,9,0.692308,97.6923,16,3019.45,2976.23,1291,1288
1,5,27,ECDSA-SHA3-512_signed-by_ECDSA-SHA224,ECDSA-SHA3-512_signed-by_ECDSA-SHA224,20.862,1373.96,1110.52,1,17,1,131.647,15,3007.37,3009.11,1293,1290
1,6,30,ECDSA-SHA3-512_signed-by_ECDSA-SHA224,ECDSA-SHA3-512_signed-by_ECDSA-SHA224,11.289,2536.94,1109.73,1,0,0,118,9,3028.73,3001.29,1292,1288
1,3,29,ECDSA-SHA3-512_signed-by_ECDSA-SHA224,ECDSA-SHA3-512_signed-by_ECDSA-SHA224,12.069,2374.28,1038,1,0,0,118,24,3017.09,3015.24,1291,1291
1,1,27,ECDSA-SHA3-512_signed-by_ECDSA-SHA224,ECDSA-SHA3-512_signed-by_ECDSA-SHA224,12.175,2353.59,1553.29,1,12,0.705882,97.7647,24,3050.08,2992.23,1293,1289
1,2,29,ECDSA-SHA3-512_signed-by_ECDSA-SHA224,ECDSA-SHA3-512_signed-by_ECDSA-SHA224,12.58,2278.46,1053.06,1,1,0.0909091,110.364,24,3035.72,3051.67,1292,1291
1,7,31,ECDSA-SHA3-512_signed-by_ECDSA-SHA224,ECDSA-SHA3-512_signed-by_ECDSA-SHA224,12.169,2352.78,1554.06,0.764706,9,0.529412,130.706,16,3021.93,2998.93,1291,1288
1,5,28,ECDSA-SHA3-512_signed-by_ECDSA-SHA224,ECDSA-SHA3-512_signed-by_ECDSA-SHA224,11.659,2458.46,1568.53,1,2,0.166667,114,15,3015.65,2983.63,1293,1290
1,6,31,ECDSA-SHA3-512_signed-by_ECDSA-SHA224,ECDSA-SHA3-512_signed-by_ECDSA-SHA224,13.017,2200.11,1327.44,0.857143,7,0.5,112.286,9,3033.75,3016.51,1292,1288
1,3,30,ECDSA-SHA3-512_signed-by_ECDSA-SHA224,ECDSA-SHA3-512_signed-by_ECDSA-SHA224,10.771,2660.41,1229.94,0.454545,2,0.181818,110.364,24,3053.53,2977.43,1291,1291
1,8,29,ECDSA-SHA3-512_signed-by_ECDSA-SHA224,ECDSA-SHA3-512_signed-by_ECDSA-SHA224,25.806,1110.09,701.829,1,10,0.555556,100.667,15,3061.13,3006.88,1292,1289
1,1,28,ECDSA-SHA3-512_signed-by_ECDSA-SHA224,ECDSA-SHA3-512_signed-by_ECDSA-SHA224,9.999,2865.88,1227.32,0.222222,0,0,118,24,3149.46,2995.43,1293,1289
1,2,30,ECDSA-SHA3-512_signed-by_ECDSA-SHA224,ECDSA-SHA3-512_signed-by_ECDSA-SHA224,10.863,2638.65,1129.69,0.222222,0,0,126.889,24,3026.27,3007.98,1292,1291
1,5,29,ECDSA-SHA3-512_signed-by_ECDSA-SHA224,ECDSA-SHA3-512_signed-by_ECDSA-SHA224,9.864,2905.92,1244.12,0.222222,0,0,118,15,3020.26,2990.7,1293,1290
1,7,32,ECDSA-SHA3-512_signed-by_ECDSA-SHA224,ECDSA-SHA3-512_signed-by_ECDSA-SHA224,11.28,2538.28,1428.36,0.181818,2,0.181818,115.818,16,3021.43,3011.82,1291,1288
1,6,32,ECDSA-SHA3-512_signed-by_ECDSA-SHA224,ECDSA-SHA3-512_signed-by_ECDSA-SHA224,10.281,2785.47,1193.55,0.222222,0,0,126.889,9,3026.99,2987.57,1292,1288
1,3,31,ECDSA-SHA3-512_signed-by_ECDSA-SHA224,ECDSA-SHA3-512_signed-by_ECDSA-SHA224,11.46,2500.51,1276.09,0.153846,5,0.384615,125.385,24,3025.36,2990.24,1291,1291
1,8,30,ECDSA-SHA3-512_signed-by_ECDSA-SHA224,ECDSA-SHA3-512_signed-by_ECDSA-SHA224,10.06,2847.44,1219.76,0.444444,0,0,129.556,15,3027.92,3024.97,1292,1289
1,1,29,ECDSA-SHA3-512_signed-by_ECDSA-SHA224,ECDSA-SHA3-512_signed-by_ECDSA-SHA224,11.28,2540.39,1087.93,0.444444,0,0,118,24,3024.28,2987.36,1293,1289
1,2,31,ECDSA-SHA3-512_signed-by_ECDSA-SHA224,ECDSA-SHA3-512_signed-by_ECDSA-SHA224,10.541,2719.27,1319.03,0.5,8,0.666667,110,24,3022.29,2980.93,1292,1291
1,5,30,ECDSA-SHA3-512_signed-by_ECDSA-SHA224,ECDSA-SHA3-512_signed-by_ECDSA-SHA224,9.829,2916.26,1639.23,0.818182,2,0.181818,115.818,15,3011.66,3001.52,1293,1290
1,7,33,ECDSA-SHA3-512_signed-by_ECDSA-SHA224,ECDSA-SHA3-512_signed-by_ECDSA-SHA224,11.272,2540.05,1088.7,1,0,0,118,16,3015.34,2988.69,1291,1288
1,6,33,ECDSA-SHA3-512_signed-by_ECDSA-SHA224,ECDSA-SHA3-512_signed-by_ECDSA-SHA224,9.764,2933.19,1450.21,1,5,0.384615,103.231,9,3018.07,3013.9,1292,1288
1,3,32,ECDSA-SHA3-512_signed-by_ECDSA-SHA224,ECDSA-SHA3-512_signed-by_ECDSA-SHA224,10.56,2713.55,1636.31,1,7,0.5,114,24,3035.77,3016.91,1291,1291
1,1,30,ECDSA-SHA3-512_signed-by_ECDSA-SHA224,ECDSA-SHA3-512_signed-by_ECDSA-SHA224,10.733,2669.81,1313.29,1,9,0.692308,97.6923,24,3049.56,2985.6,1293,1289
1,2,32,ECDSA-SHA3-512_signed-by_ECDSA-SHA224,ECDSA-SHA3-512_signed-by_ECDSA-SHA224,10.35,2769.37,1343.34,1,2,0.166667,162.667,24,3045.88,2966.15,1292,1291
1,7,34,ECDSA-SHA3-512_signed-by_ECDSA-SHA224,ECDSA-SHA3-512_signed-by_ECDSA-SHA224,10.366,2762.03,1233.23,1,0,0,103.455,16,3010.32,2980.14,1291,1288
1,8,31,ECDSA-SHA3-512_signed-by_ECDSA-SHA224,ECDSA-SHA3-512_signed-by_ECDSA-SHA224,18.391,1557.71,939.583,1,7,0.5,106.571,15,3095.73,3014.23,1292,1289
1,5,31,ECDSA-SHA3-512_signed-by_ECDSA-SHA224,ECDSA-SHA3-512_signed-by_ECDSA-SHA224,20.777,1379.58,985.688,1,14,0.777778,104.444,15,3055.67,3004.31,1293,1290
1,6,34,ECDSA-SHA3-512_signed-by_ECDSA-SHA224,ECDSA-SHA3-512_signed-by_ECDSA-SHA224,18.033,1588.2,694.726,1,0,0,110,9,3026.2,3008.43,1292,1288
1,3,33,ECDSA-SHA3-512_signed-by_ECDSA-SHA224,ECDSA-SHA3-512_signed-by_ECDSA-SHA224,17.257,1660.46,1551.99,1,21,0.954545,108.182,24,3023.99,2998.43,1291,1291
1,1,31,ECDSA-SHA3-512_signed-by_ECDSA-SHA224,ECDSA-SHA3-512_signed-by_ECDSA-SHA224,15.759,1818.32,882.257,1,2,0.166667,149.333,24,3029.41,2984.02,1293,1289
1,7,35,ECDSA-SHA3-512_signed-by_ECDSA-SHA224,ECDSA-SHA3-512_signed-by_ECDSA-SHA224,13.736,2084.37,1326.68,1,9,0.75,133.333,16,3019.46,3021.46,1291,1288
1,8,32,ECDSA-SHA3-512_signed-by_ECDSA-SHA224,ECDSA-SHA3-512_signed-by_ECDSA-SHA224,11.843,2418.91,1036.2,0.555556,0,0,118,15,3065.63,2986.82,1292,1289
1,2,33,ECDSA-SHA3-512_signed-by_ECDSA-SHA224,ECDSA-SHA3-512_signed-by_ECDSA-SHA224,18.874,1518.63,1532.61,1,25,1.31579,146.632,24,3057.21,2992.63,1292,1291
1,5,32,ECDSA-SHA3-512_signed-by_ECDSA-SHA224,ECDSA-SHA3-512_signed-by_ECDSA-SHA224,9.986,2870.39,1392.34,0.5,5,0.416667,102.667,15,3017.42,3018.51,1293,1290
1,6,35,ECDSA-SHA3-512_signed-by_ECDSA-SHA224,ECDSA-SHA3-512_signed-by_ECDSA-SHA224,10.861,2636.9,1129.89,0.666667,0,0,118,9,3032.48,3043.83,1292,1288
1,3,34,ECDSA-SHA3-512_signed-by_ECDSA-SHA224,ECDSA-SHA3-512_signed-by_ECDSA-SHA224,10.596,2704.39,1182.32,0.6,0,0,118,24,3038.59,2977.82,1291,1291
1,1,32,ECDSA-SHA3-512_signed-by_ECDSA-SHA224,ECDSA-SHA3-512_signed-by_ECDSA-SHA224,11.606,2469,1079.41,0.8,0,0,110,24,3114.13,2986.57,1293,1289
1,8,33,ECDSA-SHA3-512_signed-by_ECDSA-SHA224,ECDSA-SHA3-512_signed-by_ECDSA-SHA224,11.8,2427.74,1178.28,0.666667,5,0.416667,102.667,15,3021.37,3044.79,1292,1289
1,7,36,ECDSA-SHA3-512_signed-by_ECDSA-SHA224,ECDSA-SHA3-512_signed-by_ECDSA-SHA224,13.059,2192.45,939.707,0.888889,0,0,118,16,3035.82,2974.72,1291,1288
1,2,34,ECDSA-SHA3-512_signed-by_ECDSA-SHA224,ECDSA-SHA3-512_signed-by_ECDSA-SHA224,12.965,2210.8,1425.33,0.769231,9,0.692308,135.846,24,3023.86,3011.49,1292,1291
1,5,33,ECDSA-SHA3-512_signed-by_ECDSA-SHA224,ECDSA-SHA3-512_signed-by_ECDSA-SHA224,11.828,2423.35,1037.52,0.666667,0,0,120.667,15,3004.68,2975.45,1293,1290
1,6,36,ECDSA-SHA3-512_signed-by_ECDSA-SHA224,ECDSA-SHA3-512_signed-by_ECDSA-SHA224,15.02,1906.73,817.02,0.888889,0,0,118,9,3044.38,3002.23,1292,1288
1,3,35,ECDSA-SHA3-512_signed-by_ECDSA-SHA224,ECDSA-SHA3-512_signed-by_ECDSA-SHA224,15.404,1860.23,813.268,0.8,0,0,118,24,2995.84,2987.81,1291,1291
1,1,33,ECDSA-SHA3-512_signed-by_ECDSA-SHA224,ECDSA-SHA3-512_signed-by_ECDSA-SHA224,14.637,1957.73,838.404,1,0,0,118,24,3038.73,2965.29,1293,1289
1,8,34,ECDSA-SHA3-512_signed-by_ECDSA-SHA224,ECDSA-SHA3-512_signed-by_ECDSA-SHA224,12.99,2205.37,1654.18,0.555556,19,1.05556,117.111,15,3091.7,3016.48,1292,1289
1,7,37,ECDSA-SHA3-512_signed-by_ECDSA-SHA224,ECDSA-SHA3-512_signed-by_ECDSA-SHA224,13.456,2127.8,931.022,1,0,0,110,16,3047.92,2974.9,1291,1288
1,2,35,ECDSA-SHA3-512_signed-by_ECDSA-SHA224,ECDSA-SHA3-512_signed-by_ECDSA-SHA224,12.189,2351.62,1140.7,0.5,5,0.416667,106.667,24,3033.87,3001.94,1292,1291
1,5,34,ECDSA-SHA3-512_signed-by_ECDSA-SHA224,ECDSA-SHA3-512_signed-by_ECDSA-SHA224,13.953,2054.28,916.197,0.545455,0,0,103.455,15,3017.2,2981.74,1293,1290
1,6,37,ECDSA-SHA3-512_signed-by_ECDSA-SHA224,ECDSA-SHA3-512_signed-by_ECDSA-SHA224,12.322,2324.25,995.92,0.444444,0,0,118,9,3025.63,2999.63,1292,1288
1,3,36,ECDSA-SHA3-512_signed-by_ECDSA-SHA224,ECDSA-SHA3-512_signed-by_ECDSA-SHA224,11.559,2479.07,1061.67,0.777778,0,0,126.889,24,3013.74,3008.61,1291,1291
1,1,34,ECDSA-SHA3-512_signed-by_ECDSA-SHA224,ECDSA-SHA3-512_signed-by_ECDSA-SHA224,10.798,2653.8,1136.5,0.333333,0,0,118,24,3002.03,2983.64,1293,1289
1,8,35,ECDSA-SHA3-512_signed-by_ECDSA-SHA224,ECDSA-SHA3-512_signed-by_ECDSA-SHA224,11.52,2486.77,1065.26,0.666667,0,0,118,15,3051.35,3015.04,1292,1289
1,7,38,ECDSA-SHA3-512_signed-by_ECDSA-SHA224,ECDSA-SHA3-512_signed-by_ECDSA-SHA224,10.713,2672.62,1145.51,0.666667,0,0,118,16,3008.67,2973.9,1291,1288
1,2,36,ECDSA-SHA3-512_signed-by_ECDSA-SHA224,ECDSA-SHA3-512_signed-by_ECDSA-SHA224,10.698,2679.36,1317.62,0.538462,6,0.461538,97.6923,24,3035.69,2999.46,1292,1291
1,5,35,ECDSA-SHA3-512_signed-by_ECDSA-SHA224,ECDSA-SHA3-512_signed-by_ECDSA-SHA224,13.221,2168,1002.01,0.818182,1,0.0909091,102.727,15,3029.5,2989.47,1293,1290
1,6,38,ECDSA-SHA3-512_signed-by_ECDSA-SHA224,ECDSA-SHA3-512_signed-by_ECDSA-SHA224,10.262,2790.85,1195.86,1,0,0,118,9,3010.59,3006.2,1292,1288
1,3,37,ECDSA-SHA3-512_signed-by_ECDSA-SHA224,ECDSA-SHA3-512_signed-by_ECDSA-SHA224,11.466,2499.15,1501.44,0.714286,8,0.571429,114,24,2988.47,2995.92,1291,1291
1,1,35,ECDSA-SHA3-512_signed-by_ECDSA-SHA224,ECDSA-SHA3-512_signed-by_ECDSA-SHA224,11.602,2469.86,1361.11,0.875,10,0.625,90.5,24,3044.99,2984.57,1293,1289
1,8,36,ECDSA-SHA3-512_signed-by_ECDSA-SHA224,ECDSA-SHA3-512_signed-by_ECDSA-SHA224,10.83,2645.19,1133.13,1,0,0,118,15,3041.46,3017.09,1292,1289
1,2,37,ECDSA-SHA3-512_signed-by_ECDSA-SHA224,ECDSA-SHA3-512_signed-by_ECDSA-SHA224,10.537,2720.27,1319.52,0.833333,5,0.416667,102.667,24,3028.95,3009.01,1292,1291
1,7,39,ECDSA-SHA3-512_signed-by_ECDSA-SHA224,ECDSA-SHA3-512_signed-by_ECDSA-SHA224,15.532,1843.33,887.93,1,1,0.0769231,94.6154,16,3020.36,3002.84,1291,1288
1,5,36,ECDSA-SHA3-512_signed-by_ECDSA-SHA224,ECDSA-SHA3-512_signed-by_ECDSA-SHA224,13.52,2120.06,926.602,1,0,0,110,15,3052.85,3010.63,1293,1290
1,6,39,ECDSA-SHA3-512_signed-by_ECDSA-SHA224,ECDSA-SHA3-512_signed-by_ECDSA-SHA224,15.198,1884.38,914.821,1,5,0.416667,102.667,9,3024.68,3009.97,1292,1288
1,1,36,ECDSA-SHA3-512_signed-by_ECDSA-SHA224,ECDSA-SHA3-512_signed-by_ECDSA-SHA224,14.102,2031.98,924.657,1,0,0,102,24,3046.43,3009.94,1293,1289
1,8,37,ECDSA-SHA3-512_signed-by_ECDSA-SHA224,ECDSA-SHA3-512_signed-by_ECDSA-SHA224,14.656,1954.62,837.304,1,0,0,118,15,3067.62,3010.78,1292,1289
1,3,38,ECDSA-SHA3-512_signed-by_ECDSA-SHA224,ECDSA-SHA3-512_signed-by_ECDSA-SHA224,16.471,1739.71,1683.37,1,23,1.15,126.8,24,3028.3,2973.89,1291,1291
1,2,38,ECDSA-SHA3-512_signed-by_ECDSA-SHA224,ECDSA-SHA3-512_signed-by_ECDSA-SHA224,15.418,1859.05,1120.72,1,7,0.5,106.571,24,3067.3,3016.23,1292,1291
1,7,40,ECDSA-SHA3-512_signed-by_ECDSA-SHA224,ECDSA-SHA3-512_signed-by_ECDSA-SHA224,12.793,2238.05,1552.07,0.866667,14,0.933333,118,16,3040.81,3009.93,1291,1288
1,5,37,ECDSA-SHA3-512_signed-by_ECDSA-SHA224,ECDSA-SHA3-512_signed-by_ECDSA-SHA224,10.188,2813.24,1204.44,1,0,0,118,15,3030.6,2982.68,1293,1290
1,6,40,ECDSA-SHA3-512_signed-by_ECDSA-SHA224,ECDSA-SHA3-512_signed-by_ECDSA-SHA224,8.859,3232.59,1591.01,1,6,0.461538,97.6923,9,3031.28,3012.58,1292,1288
1,8,38,ECDSA-SHA3-512_signed-by_ECDSA-SHA224,ECDSA-SHA3-512_signed-by_ECDSA-SHA224,9.073,3157.2,1532.31,1,5,0.416667,102.667,15,3076.31,3031.01,1292,1289
1,2,39,ECDSA-SHA3-512_signed-by_ECDSA-SHA224,ECDSA-SHA3-512_signed-by_ECDSA-SHA224,12.397,2312.1,1373.19,1,7,0.538462,111.846,24,3033.46,2991.8,1292,1291
1,1,37,ECDSA-SHA3-512_signed-by_ECDSA-SHA224,ECDSA-SHA3-512_signed-by_ECDSA-SHA224,16.048,1785.56,1151.49,1,9,0.692308,126,24,3046.33,2988.81,1293,1289
1,6,41,ECDSA-SHA3-512_signed-by_ECDSA-SHA224,ECDSA-SHA3-512_signed-by_ECDSA-SHA224,10.16,2818.79,1207.83,1,0,0,118,9,3013.45,2993.83,1292,1288
1,3,39,ECDSA-SHA3-512_signed-by_ECDSA-SHA224,ECDSA-SHA3-512_signed-by_ECDSA-SHA224,16.266,1761.62,1345.56,1,14,0.777778,110.222,24,3052.8,2973.95,1291,1291
1,5,38,ECDSA-SHA3-512_signed-by_ECDSA-SHA224,ECDSA-SHA3-512_signed-by_ECDSA-SHA224,12.929,2216.94,1854.97,1,11,0.785714,133.429,15,2991.86,2994.53,1293,1290
1,7,41,ECDSA-SHA3-512_signed-by_ECDSA-SHA224,ECDSA-SHA3-512_signed-by_ECDSA-SHA224,18.969,1509.39,984.333,1,10,0.714286,119.714,16,3003.42,3003.5,1291,1288
1,8,39,ECDSA-SHA3-512_signed-by_ECDSA-SHA224,ECDSA-SHA3-512_signed-by_ECDSA-SHA224,13.685,2093.29,1243.93,1,7,0.538462,111.846,15,3060.32,3003.61,1292,1289
1,2,40,ECDSA-SHA3-512_signed-by_ECDSA-SHA224,ECDSA-SHA3-512_signed-by_ECDSA-SHA224,11.954,2397.79,1660.99,0.8,14,0.933333,118,24,3018.01,3009.36,1292,1291
1,6,42,ECDSA-SHA3-512_signed-by_ECDSA-SHA224,ECDSA-SHA3-512_signed-by_ECDSA-SHA224,10.487,2730.97,1170.2,0.444444,0,0,118,9,3044.79,3017.64,1292,1288
1,3,40,ECDSA-SHA3-512_signed-by_ECDSA-SHA224,ECDSA-SHA3-512_signed-by_ECDSA-SHA224,10.247,2796.5,1356.87,0.333333,5,0.416667,110,24,3019.17,3007.97,1291,1291
1,1,38,ECDSA-SHA3-512_signed-by_ECDSA-SHA224,ECDSA-SHA3-512_signed-by_ECDSA-SHA224,12.718,2253.13,1432.89,1,9,0.75,133.333,24,3014.39,3149.27,1293,1289
1,5,39,ECDSA-SHA3-512_signed-by_ECDSA-SHA224,ECDSA-SHA3-512_signed-by_ECDSA-SHA224,12.649,2266.02,990.397,1,0,0,110,15,3009.72,2992.34,1293,1290
1,7,42,ECDSA-SHA3-512_signed-by_ECDSA-SHA224,ECDSA-SHA3-512_signed-by_ECDSA-SHA224,12.573,2277.18,1411.23,1,8,0.571429,107.714,16,3027.84,3010.07,1291,1288
1,8,40,ECDSA-SHA3-512_signed-by_ECDSA-SHA224,ECDSA-SHA3-512_signed-by_ECDSA-SHA224,13.719,2088.1,921.307,1,0,0,103.091,15,3036.81,3008.55,1292,1289
1,6,43,ECDSA-SHA3-512_signed-by_ECDSA-SHA224,ECDSA-SHA3-512_signed-by_ECDSA-SHA224,10.75,2664.11,1141.55,1,0,0,118,9,3015.82,3039.36,1292,1288
1,2,41,ECDSA-SHA3-512_signed-by_ECDSA-SHA224,ECDSA-SHA3-512_signed-by_ECDSA-SHA224,12.618,2271.6,1474.67,1,14,1,119.714,24,3032.75,2995.21,1292,1291
1,1,39,ECDSA-SHA3-512_signed-by_ECDSA-SHA224,ECDSA-SHA3-512_signed-by_ECDSA-SHA224,12.595,2275.1,1512.92,1,16,1,109.5,24,3034.17,2983.11,1293,1289
1,5,40,ECDSA-SHA3-512_signed-by_ECDSA-SHA224,ECDSA-SHA3-512_signed-by_ECDSA-SHA224,11.173,2565.42,1162.78,1,1,0.1,111.6,15,3049.36,2995.82,1293,1290
1,3,41,ECDSA-SHA3-512_signed-by_ECDSA-SHA224,ECDSA-SHA3-512_signed-by_ECDSA-SHA224,18.441,1553.92,1009.05,1,11,0.785714,125.429,24,3036.51,2990.62,1291,1291
1,7,43,ECDSA-SHA3-512_signed-by_ECDSA-SHA224,ECDSA-SHA3-512_signed-by_ECDSA-SHA224,11.753,2436.07,1143.5,1,5,0.416667,99.3333,16,3030.78,2995.51,1291,1288
1,6,44,ECDSA-SHA3-512_signed-by_ECDSA-SHA224,ECDSA-SHA3-512_signed-by_ECDSA-SHA224,11.018,2599.34,1192.21,1,1,0.0909091,104.545,9,3026.34,3021.36,1292,1288
1,1,40,ECDSA-SHA3-512_signed-by_ECDSA-SHA224,ECDSA-SHA3-512_signed-by_ECDSA-SHA224,9.139,3135.24,1512.48,1,0,0,141,24,3033.45,2991.32,1293,1289
1,3,42,ECDSA-SHA3-512_signed-by_ECDSA-SHA224,ECDSA-SHA3-512_signed-by_ECDSA-SHA224,9.434,3037.5,1300.82,0.333333,0,0,126.889,24,3035.1,2991,1291,1291
1,8,41,ECDSA-SHA3-512_signed-by_ECDSA-SHA224,ECDSA-SHA3-512_signed-by_ECDSA-SHA224,19.421,1475.09,1131.14,1,15,0.833333,123.333,15,3073.47,3040.05,1292,1289
1,5,41,ECDSA-SHA3-512_signed-by_ECDSA-SHA224,ECDSA-SHA3-512_signed-by_ECDSA-SHA224,16.765,1709.68,1725.42,1,25,1.31579,135.684,15,3013.05,2998.58,1293,1290
1,2,42,ECDSA-SHA3-512_signed-by_ECDSA-SHA224,ECDSA-SHA3-512_signed-by_ECDSA-SHA224,20.59,1392.12,1056.04,1,16,0.842105,163.053,24,3052.22,2999.72,1292,1291
1,7,44,ECDSA-SHA3-512_signed-by_ECDSA-SHA224,ECDSA-SHA3-512_signed-by_ECDSA-SHA224,14.119,2027.85,998.344,1,6,0.461538,140.769,16,3021.78,2998.79,1291,1288
1,1,41,ECDSA-SHA3-512_signed-by_ECDSA-SHA224,ECDSA-SHA3-512_signed-by_ECDSA-SHA224,12.102,2367.83,1014.03,1,0,0,118,24,3044.33,2978.31,1293,1289
1,6,45,ECDSA-SHA3-512_signed-by_ECDSA-SHA224,ECDSA-SHA3-512_signed-by_ECDSA-SHA224,13.58,2108.94,1023.84,1,5,0.416667,102.667,9,3017.26,2996.29,1292,1288
1,8,42,ECDSA-SHA3-512_signed-by_ECDSA-SHA224,ECDSA-SHA3-512_signed-by_ECDSA-SHA224,9.87,2902.26,1306.46,1,0,0,95.6667,15,3057.69,3017.02,1292,1289
1,3,43,ECDSA-SHA3-512_signed-by_ECDSA-SHA224,ECDSA-SHA3-512_signed-by_ECDSA-SHA224,12.902,2221.02,1432.31,1,9,0.692308,133.385,24,3022.3,2975.97,1291,1291
1,1,42,ECDSA-SHA3-512_signed-by_ECDSA-SHA224,ECDSA-SHA3-512_signed-by_ECDSA-SHA224,14.215,2015.83,917.311,1,0,0,98,24,3034.75,3023.79,1293,1289
1,6,46,ECDSA-SHA3-512_signed-by_ECDSA-SHA224,ECDSA-SHA3-512_signed-by_ECDSA-SHA224,16.043,1785.13,1369.27,1,15,0.833333,106,9,3030.41,3010.83,1292,1288
1,5,42,ECDSA-SHA3-512_signed-by_ECDSA-SHA224,ECDSA-SHA3-512_signed-by_ECDSA-SHA224,21.722,1319.57,868.42,1,11,0.733333,118.533,15,3024.81,3012.26,1293,1290
1,2,43,ECDSA-SHA3-512_signed-by_ECDSA-SHA224,ECDSA-SHA3-512_signed-by_ECDSA-SHA224,21.92,1307.65,857.656,1,12,0.8,118,24,2999.97,2975.36,1292,1291
1,8,43,ECDSA-SHA3-512_signed-by_ECDSA-SHA224,ECDSA-SHA3-512_signed-by_ECDSA-SHA224,16.031,1786.98,765.493,1,0,0,118,15,3050.75,2994.65,1292,1289
1,3,44,ECDSA-SHA3-512_signed-by_ECDSA-SHA224,ECDSA-SHA3-512_signed-by_ECDSA-SHA224,14.775,1939.44,1233.4,1,9,0.75,133.333,24,3025.91,2999.92,1291,1291
1,7,45,ECDSA-SHA3-512_signed-by_ECDSA-SHA224,ECDSA-SHA3-512_signed-by_ECDSA-SHA224,22.771,1257.37,1163.57,1,23,1,151.739,16,3034.08,2975.83,1291,1288
1,1,43,ECDSA-SHA3-512_signed-by_ECDSA-SHA224,ECDSA-SHA3-512_signed-by_ECDSA-SHA224,10.392,2757.48,1205.53,1,0,0,107.6,24,3040.16,3006.67,1293,1289
1,2,44,ECDSA-SHA3-512_signed-by_ECDSA-SHA224,ECDSA-SHA3-512_signed-by_ECDSA-SHA224,8.163,3511.07,1503.21,1,0,0,118,24,3055.51,2975.99,1292,1291
1,8,44,ECDSA-SHA3-512_signed-by_ECDSA-SHA224,ECDSA-SHA3-512_signed-by_ECDSA-SHA224,9.538,3003.54,1286.63,1,0,0,118,15,3037.53,3031.83,1292,1289
1,6,47,ECDSA-SHA3-512_signed-by_ECDSA-SHA224,ECDSA-SHA3-512_signed-by_ECDSA-SHA224,15.079,1899.24,1590.48,1,12,0.857143,144.286,9,3009.45,2996.75,1292,1288
1,5,43,ECDSA-SHA3-512_signed-by_ECDSA-SHA224,ECDSA-SHA3-512_signed-by_ECDSA-SHA224,14.485,1978.79,1503.29,0.764706,14,0.823529,121.765,15,3025.88,2975.29,1293,1290
1,3,45,ECDSA-SHA3-512_signed-by_ECDSA-SHA224,ECDSA-SHA3-512_signed-by_ECDSA-SHA224,12.503,2291.86,996.85,1,4,0.4,110,24,3015.09,2976.88,1291,1291
1,7,46,ECDSA-SHA3-512_signed-by_ECDSA-SHA224,ECDSA-SHA3-512_signed-by_ECDSA-SHA224,14.016,2042.74,1336.71,0.928571,9,0.642857,119.714,16,3042.75,2997.32,1291,1288
1,1,44,ECDSA-SHA3-512_signed-by_ECDSA-SHA224,ECDSA-SHA3-512_signed-by_ECDSA-SHA224,12.066,2374.91,1152.32,0.5,5,0.416667,102.667,24,3036.33,2977.02,1293,1289
1,2,45,ECDSA-SHA3-512_signed-by_ECDSA-SHA224,ECDSA-SHA3-512_signed-by_ECDSA-SHA224,11.591,2472.93,1058.74,1,0,0,118,24,3037.46,3000.57,1292,1291
1,8,45,ECDSA-SHA3-512_signed-by_ECDSA-SHA224,ECDSA-SHA3-512_signed-by_ECDSA-SHA224,11.668,2455.22,1073.69,0.7,0,0,110,16,3065.56,3019.05,1292,1289
1,6,48,ECDSA-SHA3-512_signed-by_ECDSA-SHA224,ECDSA-SHA3-512_signed-by_ECDSA-SHA224,11.1,2580.17,1105.58,0.666667,0,0,118,9,3024.72,2985.82,1292,1288
1,5,44,ECDSA-SHA3-512_signed-by_ECDSA-SHA224,ECDSA-SHA3-512_signed-by_ECDSA-SHA224,12.723,2252.88,964.53,0.888889,0,0,136.667,15,3015.62,2998.91,1293,1290
1,3,46,ECDSA-SHA3-512_signed-by_ECDSA-SHA224,ECDSA-SHA3-512_signed-by_ECDSA-SHA224,12.894,2222.38,1588.3,0.45,15,0.75,119.6,24,3072.91,2987.88,1291,1291
1,7,47,ECDSA-SHA3-512_signed-by_ECDSA-SHA224,ECDSA-SHA3-512_signed-by_ECDSA-SHA224,12.813,2234.54,977.728,0.8,0,0,110,16,3029.84,3023.89,1291,1288
1,1,45,ECDSA-SHA3-512_signed-by_ECDSA-SHA224,ECDSA-SHA3-512_signed-by_ECDSA-SHA224,12.84,2231.71,955.735,0.888889,0,0,118,24,3017,3008.5,1293,1289
1,2,46,ECDSA-SHA3-512_signed-by_ECDSA-SHA224,ECDSA-SHA3-512_signed-by_ECDSA-SHA224,12.841,2232.16,995.532,0.454545,0,0,103.455,24,3029.86,2980.58,1292,1291
1,6,49,ECDSA-SHA3-512_signed-by_ECDSA-SHA224,ECDSA-SHA3-512_signed-by_ECDSA-SHA224,11.368,2519.32,1079.51,0.555556,0,0,118,9,3027.06,3087.05,1292,1288
1,8,46,ECDSA-SHA3-512_signed-by_ECDSA-SHA224,ECDSA-SHA3-512_signed-by_ECDSA-SHA224,13.953,2053.12,1220.06,0.384615,7,0.538462,111.846,16,3067.6,2989.14,1292,1289
1,3,47,ECDSA-SHA3-512_signed-by_ECDSA-SHA224,ECDSA-SHA3-512_signed-by_ECDSA-SHA224,10.844,2642.54,1131.67,0,0,0,118.889,24,3036.71,2981.41,1291,1291
1,5,45,ECDSA-SHA3-512_signed-by_ECDSA-SHA224,ECDSA-SHA3-512_signed-by_ECDSA-SHA224,12.031,2382.48,1020.02,0.777778,0,0,136.667,15,3001.5,2980.51,1293,1290
1,7,48,ECDSA-SHA3-512_signed-by_ECDSA-SHA224,ECDSA-SHA3-512_signed-by_ECDSA-SHA224,10.325,2772.81,1188.46,0.444444,0,0,118,16,2997.27,2989.84,1291,1288
1,1,46,ECDSA-SHA3-512_signed-by_ECDSA-SHA224,ECDSA-SHA3-512_signed-by_ECDSA-SHA224,11.061,2590.69,1109.47,0.777778,0,0,118,24,3040.92,2987.07,1293,1289
1,2,47,ECDSA-SHA3-512_signed-by_ECDSA-SHA224,ECDSA-SHA3-512_signed-by_ECDSA-SHA224,10.616,2700.03,1174.06,1,5,0.5,110,24,3040.71,2992.19,1292,1291
1,6,50,ECDSA-SHA3-512_signed-by_ECDSA-SHA224,ECDSA-SHA3-512_signed-by_ECDSA-SHA224,9.319,3073.28,1492,1,5,0.416667,102.667,9,3051.25,3007.07,1292,1288
1,5,46,ECDSA-SHA3-512_signed-by_ECDSA-SHA224,ECDSA-SHA3-512_signed-by_ECDSA-SHA224,10.967,2613.59,1142.31,0.9,0,0,126.8,15,3029.45,2996.95,1293,1290
1,8,47,ECDSA-SHA3-512_signed-by_ECDSA-SHA224,ECDSA-SHA3-512_signed-by_ECDSA-SHA224,14.327,1999.5,1533.26,0.888889,15,0.833333,106,16,3023.25,3019.57,1292,1289
1,3,48,ECDSA-SHA3-512_signed-by_ECDSA-SHA224,ECDSA-SHA3-512_signed-by_ECDSA-SHA224,13.232,2165.58,1377.21,1,9,0.75,144,24,3026.39,2985.9,1291,1291
1,7,49,ECDSA-SHA3-512_signed-by_ECDSA-SHA224,ECDSA-SHA3-512_signed-by_ECDSA-SHA224,12.189,2348.92,1417.62,1,7,0.5,106.571,16,3099.32,2988.93,1291,1288
1,1,47,ECDSA-SHA3-512_signed-by_ECDSA-SHA224,ECDSA-SHA3-512_signed-by_ECDSA-SHA224,12.144,2359.62,1144.9,1,5,0.416667,102.667,24,3026.78,2967.42,1293,1289
1,2,48,ECDSA-SHA3-512_signed-by_ECDSA-SHA224,ECDSA-SHA3-512_signed-by_ECDSA-SHA224,10.605,2702.84,1403.09,1,6,0.428571,127.714,24,3051.82,3006.7,1292,1291
1,6,51,ECDSA-SHA3-512_signed-by_ECDSA-SHA224,ECDSA-SHA3-512_signed-by_ECDSA-SHA224,15.654,1829.47,908.601,1,2,0.153846,94,9,3031.54,2990.57,1292,1288
1,5,47,ECDSA-SHA3-512_signed-by_ECDSA-SHA224,ECDSA-SHA3-512_signed-by_ECDSA-SHA224,11.189,2561.73,1405.63,1,14,0.875,91,15,3028.53,2990.38,1293,1290
1,8,48,ECDSA-SHA3-512_signed-by_ECDSA-SHA224,ECDSA-SHA3-512_signed-by_ECDSA-SHA224,11.071,2587.6,1108.45,1,0,0,118,16,3038.52,2998.81,1292,1289
1,2,49,ECDSA-SHA3-512_signed-by_ECDSA-SHA224,ECDSA-SHA3-512_signed-by_ECDSA-SHA224,11.549,2481.83,1209.4,1,0,0,102.667,24,3034.34,3000.47,1292,1291
1,1,48,ECDSA-SHA3-512_signed-by_ECDSA-SHA224,ECDSA-SHA3-512_signed-by_ECDSA-SHA224,13.268,2159.65,1392.74,1,9,0.692308,124.154,24,3037.37,3009.93,1293,1289
1,3,49,ECDSA-SHA3-512_signed-by_ECDSA-SHA224,ECDSA-SHA3-512_signed-by_ECDSA-SHA224,15.89,1803.29,1533.45,1,19,1.1875,144,24,3031.78,2969.93,1291,1291
1,6,52,ECDSA-SHA3-512_signed-by_ECDSA-SHA224,ECDSA-SHA3-512_signed-by_ECDSA-SHA224,12.31,2326.46,1099.55,0.833333,1,0.0833333,97.3333,9,3030.72,3005.91,1292,1288
1,8,49,ECDSA-SHA3-512_signed-by_ECDSA-SHA224,ECDSA-SHA3-512_signed-by_ECDSA-SHA224,10.93,2620.95,1146.16,0.7,0,0,107.6,16,3012.39,3009.07,1292,1289
1,7,50,ECDSA-SHA3-512_signed-by_ECDSA-SHA224,ECDSA-SHA3-512_signed-by_ECDSA-SHA224,21.69,1320.01,863.043,1,10,0.625,100,16,3023.24,2993.43,1291,1288
1,5,48,ECDSA-SHA3-512_signed-by_ECDSA-SHA224,ECDSA-SHA3-512_signed-by_ECDSA-SHA224,13.51,2121.59,1043.33,0.692308,3,0.230769,133.385,15,2982.23,2979.16,1293,1290
1,3,50,ECDSA-SHA3-512_signed-by_ECDSA-SHA224,ECDSA-SHA3-512_signed-by_ECDSA-SHA224,10.603,2702.56,1205.66,0.272727,0,0,108.545,24,3095.55,2977.27,1291,1291
1,1,49,ECDSA-SHA3-512_signed-by_ECDSA-SHA224,ECDSA-SHA3-512_signed-by_ECDSA-SHA224,13.871,2065.81,903.145,0.3,0,0,107.6,24,3022.75,2995.99,1293,1289
1,2,50,ECDSA-SHA3-512_signed-by_ECDSA-SHA224,ECDSA-SHA3-512_signed-by_ECDSA-SHA224,17.176,1668.75,1337.61,0.4375,16,1,124.5,24,3015.33,3006.59,1292,1291
1,6,53,ECDSA-SHA3-512_signed-by_ECDSA-SHA224,ECDSA-SHA3-512_signed-by_ECDSA-SHA224,12.228,2342.1,1003.57,0,0,0,118,9,3035.89,3017.68,1292,1288
1,8,50,ECDSA-SHA3-512_signed-by_ECDSA-SHA224,ECDSA-SHA3-512_signed-by_ECDSA-SHA224,12.293,2330.37,998.263,0,0,0,118,16,3065.53,3029.31,1292,1289
1,7,51,ECDSA-SHA3-512_signed-by_ECDSA-SHA224,ECDSA-SHA3-512_signed-by_ECDSA-SHA224,12.554,2280.65,977.511,0.444444,0,0,118,16,3025.06,2977.46,1291,1288
1,5,49,ECDSA-SHA3-512_signed-by_ECDSA-SHA224,ECDSA-SHA3-512_signed-by_ECDSA-SHA224,12.527,2288.12,979.618,0.444444,0,0,118,15,3009.27,2967.49,1293,1290
1,3,51,ECDSA-SHA3-512_signed-by_ECDSA-SHA224,ECDSA-SHA3-512_signed-by_ECDSA-SHA224,10.65,2690.45,1152.19,0.666667,0,0,126.889,24,3018.68,2999.92,1291,1291
1,1,50,ECDSA-SHA3-512_signed-by_ECDSA-SHA224,ECDSA-SHA3-512_signed-by_ECDSA-SHA224,10.058,2849.06,1245.57,1,0,0,107.6,24,3022.91,3026.59,1293,1289
1,2,51,ECDSA-SHA3-512_signed-by_ECDSA-SHA224,ECDSA-SHA3-512_signed-by_ECDSA-SHA224,8.51,3367.93,1633.68,1,5,0.416667,102.667,24,3065.22,2984.9,1292,1291
1,6,54,ECDSA-SHA3-512_signed-by_ECDSA-SHA224,ECDSA-SHA3-512_signed-by_ECDSA-SHA224,13.48,2124.54,1704.38,1,16,1,124.5,9,3037.68,3000.65,1292,1288
1,7,52,ECDSA-SHA3-512_signed-by_ECDSA-SHA224,ECDSA-SHA3-512_signed-by_ECDSA-SHA224,12.544,2282.44,998.686,1,0,0,110,16,3041.72,3006.24,1291,1288
1,5,50,ECDSA-SHA3-512_signed-by_ECDSA-SHA224,ECDSA-SHA3-512_signed-by_ECDSA-SHA224,12.71,2255.14,1093.9,1,5,0.416667,104.667,15,3005.47,2974.88,1293,1290
1,8,51,ECDSA-SHA3-512_signed-by_ECDSA-SHA224,ECDSA-SHA3-512_signed-by_ECDSA-SHA224,16.036,1786.39,1164.32,1,10,0.714286,119.714,16,3026.94,2993.39,1292,1289
1,1,51,ECDSA-SHA3-512_signed-by_ECDSA-SHA224,ECDSA-SHA3-512_signed-by_ECDSA-SHA224,12.303,2329.11,1150.9,1,5,0.384615,97.6923,24,3006.2,2984.62,1293,1289
1,2,52,ECDSA-SHA3-512_signed-by_ECDSA-SHA224,ECDSA-SHA3-512_signed-by_ECDSA-SHA224,13.398,2139.32,1387.61,1,9,0.642857,119.429,24,3039.7,2989.95,1292,1291
1,3,52,ECDSA-SHA3-512_signed-by_ECDSA-SHA224,ECDSA-SHA3-512_signed-by_ECDSA-SHA224,17.018,1683.77,1070.8,1,9,0.75,144,24,3055.95,3017.64,1291,1291
1,6,55,ECDSA-SHA3-512_signed-by_ECDSA-SHA224,ECDSA-SHA3-512_signed-by_ECDSA-SHA224,11.863,2414.19,1034.46,1,0,0,118,9,3066.48,3019.01,1292,1288
1,5,51,ECDSA-SHA3-512_signed-by_ECDSA-SHA224,ECDSA-SHA3-512_signed-by_ECDSA-SHA224,12.647,2266.41,1010.81,1,0,0,103.455,15,2999.71,3002.65,1293,1290
1,8,52,ECDSA-SHA3-512_signed-by_ECDSA-SHA224,ECDSA-SHA3-512_signed-by_ECDSA-SHA224,12.55,2282.65,1128.26,1,5,0.384615,97.6923,16,3017.19,3001.32,1292,1289
1,1,52,ECDSA-SHA3-512_signed-by_ECDSA-SHA224,ECDSA-SHA3-512_signed-by_ECDSA-SHA224,12.724,2252.05,1432.21,1,9,0.75,133.333,24,3038.41,3019.49,1293,1289
1,7,53,ECDSA-SHA3-512_signed-by_ECDSA-SHA224,ECDSA-SHA3-512_signed-by_ECDSA-SHA224,17.517,1634.45,1333.5,1,18,1,114.889,16,3020.66,2996.89,1291,1288
1,3,53,ECDSA-SHA3-512_signed-by_ECDSA-SHA224,ECDSA-SHA3-512_signed-by_ECDSA-SHA224,12.425,2306.25,1008.26,1,0,0,118,24,3031.33,3007.75,1291,1291
1,6,56,ECDSA-SHA3-512_signed-by_ECDSA-SHA224,ECDSA-SHA3-512_signed-by_ECDSA-SHA224,11.138,2571.32,1101.79,0.888889,0,0,118,9,3042.29,3022.3,1292,1288
1,2,53,ECDSA-SHA3-512_signed-by_ECDSA-SHA224,ECDSA-SHA3-512_signed-by_ECDSA-SHA224,17.288,1657.95,1413.17,1,18,1.125,139,24,3003.12,3022.84,1292,1291
1,5,52,ECDSA-SHA3-512_signed-by_ECDSA-SHA224,ECDSA-SHA3-512_signed-by_ECDSA-SHA224,11.778,2433.6,1079.94,1,4,0.363636,103.455,15,3018.43,2979.21,1293,1290
1,8,53,ECDSA-SHA3-512_signed-by_ECDSA-SHA224,ECDSA-SHA3-512_signed-by_ECDSA-SHA224,11.252,2545.96,1619.57,0.916667,9,0.75,133.333,16,3046.79,3006.96,1292,1289
1,1,53,ECDSA-SHA3-512_signed-by_ECDSA-SHA224,ECDSA-SHA3-512_signed-by_ECDSA-SHA224,9.416,3043.31,1303.31,0.777778,0,0,118,24,3027.72,2997,1293,1289
1,3,54,ECDSA-SHA3-512_signed-by_ECDSA-SHA224,ECDSA-SHA3-512_signed-by_ECDSA-SHA224,10.661,2687.89,1151.09,0.333333,0,0,126.889,24,2994.08,2996.77,1291,1291
1,7,54,ECDSA-SHA3-512_signed-by_ECDSA-SHA224,ECDSA-SHA3-512_signed-by_ECDSA-SHA224,12.931,2214.14,1409.28,0.666667,9,0.75,133.333,16,3021.44,3011.23,1291,1288
1,6,57,ECDSA-SHA3-512_signed-by_ECDSA-SHA224,ECDSA-SHA3-512_signed-by_ECDSA-SHA224,9.326,3070.97,1945.52,0.333333,2,0.166667,113.667,9,3041.82,2999.86,1292,1288
1,2,54,ECDSA-SHA3-512_signed-by_ECDSA-SHA224,ECDSA-SHA3-512_signed-by_ECDSA-SHA224,10.103,2837.13,1240.01,0.2,0,0,107.6,24,3028.06,2981.45,1292,1291
1,8,54,ECDSA-SHA3-512_signed-by_ECDSA-SHA224,ECDSA-SHA3-512_signed-by_ECDSA-SHA224,10.38,2759.9,1206.93,0.5,0,0,110,16,3079.32,3024.92,1292,1289
1,1,54,ECDSA-SHA3-512_signed-by_ECDSA-SHA224,ECDSA-SHA3-512_signed-by_ECDSA-SHA224,11.052,2592.8,1110.37,0.555556,0,0,118,24,3047.76,2988.47,1293,1289
1,3,55,ECDSA-SHA3-512_signed-by_ECDSA-SHA224,ECDSA-SHA3-512_signed-by_ECDSA-SHA224,10.707,2676.35,1146.15,0.555556,0,0,126.889,24,3013.17,2964.47,1291,1291
1,7,55,ECDSA-SHA3-512_signed-by_ECDSA-SHA224,ECDSA-SHA3-512_signed-by_ECDSA-SHA224,11.896,2406.81,1053.11,0.4,0,0,110,16,2993.47,3000.12,1291,1288
1,6,58,ECDSA-SHA3-512_signed-by_ECDSA-SHA224,ECDSA-SHA3-512_signed-by_ECDSA-SHA224,12.064,2373.97,1017.22,0.444444,0,0,118,9,3027.38,2989.64,1292,1288
1,2,55,ECDSA-SHA3-512_signed-by_ECDSA-SHA224,ECDSA-SHA3-512_signed-by_ECDSA-SHA224,11.074,2588.4,1645.65,0.333333,9,0.75,133.333,24,3036.12,2980.8,1292,1291
1,5,53,ECDSA-SHA3-512_signed-by_ECDSA-SHA224,ECDSA-SHA3-512_signed-by_ECDSA-SHA224,20.986,1365.86,671.682,0.384615,3,0.230769,140.769,15,3021.48,3059.3,1293,1290
1,8,55,ECDSA-SHA3-512_signed-by_ECDSA-SHA224,ECDSA-SHA3-512_signed-by_ECDSA-SHA224,10.428,2747.22,1176.83,0,0,0,118,16,3049.75,3072.23,1292,1289
1,1,55,ECDSA-SHA3-512_signed-by_ECDSA-SHA224,ECDSA-SHA3-512_signed-by_ECDSA-SHA224,10.753,2664.9,1141.25,0,0,0,118,24,3037.43,2988.31,1293,1289
1,3,56,ECDSA-SHA3-512_signed-by_ECDSA-SHA224,ECDSA-SHA3-512_signed-by_ECDSA-SHA224,8.657,3309.82,1417.44,0,0,0,126.889,24,3056.65,2982.5,1291,1291
1,7,56,ECDSA-SHA3-512_signed-by_ECDSA-SHA224,ECDSA-SHA3-512_signed-by_ECDSA-SHA224,9.921,2885.98,1236.97,0,0,0,134,16,3012.21,3000.28,1291,1288
1,6,59,ECDSA-SHA3-512_signed-by_ECDSA-SHA224,ECDSA-SHA3-512_signed-by_ECDSA-SHA224,11.116,2576.41,1103.97,0.888889,0,0,118,9,3038.9,3004.24,1292,1288
1,2,56,ECDSA-SHA3-512_signed-by_ECDSA-SHA224,ECDSA-SHA3-512_signed-by_ECDSA-SHA224,10.626,2697.49,1154.89,0.888889,0,0,118,24,3010.98,2998.14,1292,1291
1,8,56,ECDSA-SHA3-512_signed-by_ECDSA-SHA224,ECDSA-SHA3-512_signed-by_ECDSA-SHA224,9.743,2940.36,1427.07,0.666667,5,0.416667,102.667,16,3060.78,3020.13,1292,1289
1,5,54,ECDSA-SHA3-512_signed-by_ECDSA-SHA224,ECDSA-SHA3-512_signed-by_ECDSA-SHA224,14.46,1982.22,866.357,0.8,0,0,110.8,15,2981.12,3023.01,1293,1290
1,1,56,ECDSA-SHA3-512_signed-by_ECDSA-SHA224,ECDSA-SHA3-512_signed-by_ECDSA-SHA224,13.38,2141.64,917.163,0.888889,0,0,118,24,3028.8,2981.6,1293,1289
1,3,57,ECDSA-SHA3-512_signed-by_ECDSA-SHA224,ECDSA-SHA3-512_signed-by_ECDSA-SHA224,13.904,2060.92,1584.53,0.555556,14,0.777778,110.444,24,2999.69,2979.44,1291,1291
1,7,57,ECDSA-SHA3-512_signed-by_ECDSA-SHA224,ECDSA-SHA3-512_signed-by_ECDSA-SHA224,12.098,2366.62,1014.36,1,0,0,118,16,3054.03,3029.63,1291,1288
1,6,60,ECDSA-SHA3-512_signed-by_ECDSA-SHA224,ECDSA-SHA3-512_signed-by_ECDSA-SHA224,10.544,2716.22,1163.88,0.777778,0,0,118,9,3031.97,3002.45,1292,1288
1,2,57,ECDSA-SHA3-512_signed-by_ECDSA-SHA224,ECDSA-SHA3-512_signed-by_ECDSA-SHA224,10.528,2722.62,1202.12,0.636364,5,0.454545,104.182,24,3030.21,3010.63,1292,1291
1,8,57,ECDSA-SHA3-512_signed-by_ECDSA-SHA224,ECDSA-SHA3-512_signed-by_ECDSA-SHA224,11.346,2524.89,1104.15,0.7,0,0,110,16,3069.66,2995.79,1292,1289
1,5,55,ECDSA-SHA3-512_signed-by_ECDSA-SHA224,ECDSA-SHA3-512_signed-by_ECDSA-SHA224,10.035,2856.38,1222.91,0.777778,0,0,126.889,15,3025.83,3005.74,1293,1290
1,1,57,ECDSA-SHA3-512_signed-by_ECDSA-SHA224,ECDSA-SHA3-512_signed-by_ECDSA-SHA224,11.352,2524.27,1499.62,0.538462,7,0.538462,111.846,24,3013.23,3006.39,1293,1289
1,3,58,ECDSA-SHA3-512_signed-by_ECDSA-SHA224,ECDSA-SHA3-512_signed-by_ECDSA-SHA224,10.248,2796.23,1222.47,0.5,0,0,118,24,3041.11,2990.27,1291,1291
1,6,61,ECDSA-SHA3-512_signed-by_ECDSA-SHA224,ECDSA-SHA3-512_signed-by_ECDSA-SHA224,9.312,3075.6,1317.87,0,0,0,118,9,3018.33,2993.59,1292,1288
1,7,58,ECDSA-SHA3-512_signed-by_ECDSA-SHA224,ECDSA-SHA3-512_signed-by_ECDSA-SHA224,10.792,2653.05,1670.85,0.818182,3,0.272727,128.182,16,3016.42,2999.1,1291,1288
1,5,56,ECDSA-SHA3-512_signed-by_ECDSA-SHA224,ECDSA-SHA3-512_signed-by_ECDSA-SHA224,7.613,3764.75,1611.82,1,0,0,126.889,15,3008.07,2974.69,1293,1290
1,8,58,ECDSA-SHA3-512_signed-by_ECDSA-SHA224,ECDSA-SHA3-512_signed-by_ECDSA-SHA224,12.823,2234.05,1033.12,1,1,0.0909091,102.727,16,3057.85,3016.57,1292,1289
1,2,58,ECDSA-SHA3-512_signed-by_ECDSA-SHA224,ECDSA-SHA3-512_signed-by_ECDSA-SHA224,18.13,1580.95,791.58,1,6,0.428571,142.571,24,3044.65,2996.01,1292,1291
1,7,59,ECDSA-SHA3-512_signed-by_ECDSA-SHA224,ECDSA-SHA3-512_signed-by_ECDSA-SHA224,13.135,2179.76,1008.57,1,1,0.0909091,102.727,16,2997.13,3056.51,1291,1288
1,1,58,ECDSA-SHA3-512_signed-by_ECDSA-SHA224,ECDSA-SHA3-512_signed-by_ECDSA-SHA224,17.792,1610.52,1026.02,1,8,0.5,97.5,24,3039.21,2977.52,1293,1289
1,8,59,ECDSA-SHA3-512_signed-by_ECDSA-SHA224,ECDSA-SHA3-512_signed-by_ECDSA-SHA224,10.647,2690.65,1693.59,1,2,0.181818,120.909,16,3071.96,3019.67,1292,1289
1,6,62,ECDSA-SHA3-512_signed-by_ECDSA-SHA224,ECDSA-SHA3-512_signed-by_ECDSA-SHA224,17.862,1603.32,1609.59,1,23,1.04545,105.636,9,3020.59,2986.58,1292,1288
1,3,59,ECDSA-SHA3-512_signed-by_ECDSA-SHA224,ECDSA-SHA3-512_signed-by_ECDSA-SHA224,19.993,1433.29,870.697,1,9,0.6,107.333,24,3022.31,2994.9,1291,1291
1,5,57,ECDSA-SHA3-512_signed-by_ECDSA-SHA224,ECDSA-SHA3-512_signed-by_ECDSA-SHA224,18.273,1568.57,1271.32,1,16,0.941176,128.353,15,3025.99,3009.34,1293,1290
1,2,59,ECDSA-SHA3-512_signed-by_ECDSA-SHA224,ECDSA-SHA3-512_signed-by_ECDSA-SHA224,15.05,1904.49,940.817,1,2,0.153846,133.385,24,3050.57,3022.71,1292,1291
1,7,60,ECDSA-SHA3-512_signed-by_ECDSA-SHA224,ECDSA-SHA3-512_signed-by_ECDSA-SHA224,12.385,2311.76,1006.35,1,4,0.4,110,16,3026.97,3010.33,1291,1288
1,1,59,ECDSA-SHA3-512_signed-by_ECDSA-SHA224,ECDSA-SHA3-512_signed-by_ECDSA-SHA224,10.946,2617.92,1121.13,1,0,0,118,24,3023.29,3011.19,1293,1289
1,6,63,ECDSA-SHA3-512_signed-by_ECDSA-SHA224,ECDSA-SHA3-512_signed-by_ECDSA-SHA224,10.802,2651.33,1136.07,0.666667,0,0,118,9,3005.86,3015.58,1292,1288
1,8,60,ECDSA-SHA3-512_signed-by_ECDSA-SHA224,ECDSA-SHA3-512_signed-by_ECDSA-SHA224,13.97,2050.61,1644.61,0.8125,16,1,124.5,16,3061.37,3023.19,1292,1289
1,3,60,ECDSA-SHA3-512_signed-by_ECDSA-SHA224,ECDSA-SHA3-512_signed-by_ECDSA-SHA224,12.492,2293.89,982.363,1,0,0,126.889,24,3049.61,3000.69,1291,1291
1,5,58,ECDSA-SHA3-512_signed-by_ECDSA-SHA224,ECDSA-SHA3-512_signed-by_ECDSA-SHA224,10.295,2784.23,1216.89,1,0,0,117.2,15,3038.74,2978.6,1293,1290
1,2,60,ECDSA-SHA3-512_signed-by_ECDSA-SHA224,ECDSA-SHA3-512_signed-by_ECDSA-SHA224,13.44,2132.65,1313.04,0.8125,7,0.4375,97.75,24,2998.26,3024.11,1292,1291
1,1,60,ECDSA-SHA3-512_signed-by_ECDSA-SHA224,ECDSA-SHA3-512_signed-by_ECDSA-SHA224,12.314,2327.03,1038.14,1,0,0,103.455,24,3037.16,2983.86,1293,1289
1,6,64,ECDSA-SHA3-512_signed-by_ECDSA-SHA224,ECDSA-SHA3-512_signed-by_ECDSA-SHA224,12.351,2318.78,1378.31,1,7,0.538462,111.846,9,3034.04,2983.09,1292,1288
1,8,61,ECDSA-SHA3-512_signed-by_ECDSA-SHA224,ECDSA-SHA3-512_signed-by_ECDSA-SHA224,11.951,2397.07,1036.21,1,0,0,109.6,16,3055.72,2976.45,1292,1289
1,3,61,ECDSA-SHA3-512_signed-by_ECDSA-SHA224,ECDSA-SHA3-512_signed-by_ECDSA-SHA224,12.061,2375.88,1017.48,1,0,0,126.889,24,3024.23,2988.01,1291,1291
1,5,59,ECDSA-SHA3-512_signed-by_ECDSA-SHA224,ECDSA-SHA3-512_signed-by_ECDSA-SHA224,11.601,2470.79,1057.83,1,0,0,118,15,3037.44,2984.92,1293,1290
1,2,61,ECDSA-SHA3-512_signed-by_ECDSA-SHA224,ECDSA-SHA3-512_signed-by_ECDSA-SHA224,11.238,2550.6,1537.62,0.928571,7,0.5,106.571,24,3036.75,2998.05,1292,1291
1,6,65,ECDSA-SHA3-512_signed-by_ECDSA-SHA224,ECDSA-SHA3-512_signed-by_ECDSA-SHA224,8.727,3281.43,1950.52,0.692308,7,0.538462,111.846,9,2997.23,2994.57,1292,1288
1,1,61,ECDSA-SHA3-512_signed-by_ECDSA-SHA224,ECDSA-SHA3-512_signed-by_ECDSA-SHA224,12.645,2266.13,1620.83,0.777778,16,0.888889,104.667,24,3044.28,2982.58,1293,1289
1,3,62,ECDSA-SHA3-512_signed-by_ECDSA-SHA224,ECDSA-SHA3-512_signed-by_ECDSA-SHA224,9.404,3047.19,1304.96,0.333333,0,0,126.889,24,3049.89,2960.14,1291,1291
1,8,62,ECDSA-SHA3-512_signed-by_ECDSA-SHA224,ECDSA-SHA3-512_signed-by_ECDSA-SHA224,10.672,2684.37,1149.91,1,0,0,118,16,3027.21,3026.89,1292,1289
1,7,61,ECDSA-SHA3-512_signed-by_ECDSA-SHA224,ECDSA-SHA3-512_signed-by_ECDSA-SHA224,28.32,1011.02,679.096,1,12,0.631579,123.474,16,3033.9,3012.06,1291,1288
1,5,60,ECDSA-SHA3-512_signed-by_ECDSA-SHA224,ECDSA-SHA3-512_signed-by_ECDSA-SHA224,11.151,2570.48,1100.51,1,0,0,118,15,3069.14,2966.88,1293,1290
1,2,62,ECDSA-SHA3-512_signed-by_ECDSA-SHA224,ECDSA-SHA3-512_signed-by_ECDSA-SHA224,10.607,2702.32,1181.09,1,0,0,110,24,3317.74,3009.02,1292,1291
1,6,66,ECDSA-SHA3-512_signed-by_ECDSA-SHA224,ECDSA-SHA3-512_signed-by_ECDSA-SHA224,12.222,2343.24,1454.38,0.857143,8,0.571429,107.714,9,3027.05,3028.1,1292,1288
1,1,62,ECDSA-SHA3-512_signed-by_ECDSA-SHA224,ECDSA-SHA3-512_signed-by_ECDSA-SHA224,12.791,2240.24,959.388,1,0,0,118,24,3070.36,2991.48,1293,1289
1,8,63,ECDSA-SHA3-512_signed-by_ECDSA-SHA224,ECDSA-SHA3-512_signed-by_ECDSA-SHA224,12.185,2351.01,1007.1,0.444444,0,0,118,16,3075.62,3007.05,1292,1289
1,7,62,ECDSA-SHA3-512_signed-by_ECDSA-SHA224,ECDSA-SHA3-512_signed-by_ECDSA-SHA224,11.394,2512.82,1494.07,0.307692,7,0.538462,113.077,16,3019.17,2994.43,1291,1288
1,3,63,ECDSA-SHA3-512_signed-by_ECDSA-SHA224,ECDSA-SHA3-512_signed-by_ECDSA-SHA224,13.8,2076.44,1678.78,0.647059,17,1,128.353,24,3034.9,3009.54,1291,1291
1,5,61,ECDSA-SHA3-512_signed-by_ECDSA-SHA224,ECDSA-SHA3-512_signed-by_ECDSA-SHA224,12.983,2207.71,964.909,0.4,0,0,110,15,3029.5,2980.91,1293,1290
1,2,63,ECDSA-SHA3-512_signed-by_ECDSA-SHA224,ECDSA-SHA3-512_signed-by_ECDSA-SHA224,10.041,2854.65,1247.67,0.7,0,0,107.6,24,3060.13,2988.16,1292,1291
1,6,67,ECDSA-SHA3-512_signed-by_ECDSA-SHA224,ECDSA-SHA3-512_signed-by_ECDSA-SHA224,9.428,3037.75,1301.65,1,0,0,118,9,3040.46,2980.03,1292,1288
1,1,63,ECDSA-SHA3-512_signed-by_ECDSA-SHA224,ECDSA-SHA3-512_signed-by_ECDSA-SHA224,9.2,3114.78,1511.3,0.916667,8,0.666667,102.667,24,3035.47,3009.03,1293,1289
1,8,64,ECDSA-SHA3-512_signed-by_ECDSA-SHA224,ECDSA-SHA3-512_signed-by_ECDSA-SHA224,10.497,2729.12,1193.46,1,0,0,160.4,16,3041,3024.36,1292,1289
1,3,64,ECDSA-SHA3-512_signed-by_ECDSA-SHA224,ECDSA-SHA3-512_signed-by_ECDSA-SHA224,10.48,2734.31,1170.97,1,0,0,126.889,24,3027.16,3179.23,1291,1291
1,7,63,ECDSA-SHA3-512_signed-by_ECDSA-SHA224,ECDSA-SHA3-512_signed-by_ECDSA-SHA224,12.704,2253.69,1525.13,0.941176,13,0.764706,100.824,16,3013.69,3003.9,1291,1288
1,2,64,ECDSA-SHA3-512_signed-by_ECDSA-SHA224,ECDSA-SHA3-512_signed-by_ECDSA-SHA224,10.988,2608.6,1180.89,0.75,4,0.333333,98,24,3031.28,2992.61,1292,1291
1,5,62,ECDSA-SHA3-512_signed-by_ECDSA-SHA224,ECDSA-SHA3-512_signed-by_ECDSA-SHA224,13.072,2192.69,1394.07,1,9,0.75,133.333,15,3019.8,3004.8,1293,1290
1,6,68,ECDSA-SHA3-512_signed-by_ECDSA-SHA224,ECDSA-SHA3-512_signed-by_ECDSA-SHA224,11.656,2457.02,1052.81,1,0,0,118,9,3019.59,3012.22,1292,1288
1,1,64,ECDSA-SHA3-512_signed-by_ECDSA-SHA224,ECDSA-SHA3-512_signed-by_ECDSA-SHA224,10.751,2665.35,1445.04,0.6,7,0.466667,130.8,24,3027.21,3018.09,1293,1289
1,8,65,ECDSA-SHA3-512_signed-by_ECDSA-SHA224,ECDSA-SHA3-512_signed-by_ECDSA-SHA224,11.686,2451.4,1189.76,0.583333,5,0.416667,102.667,16,3056.82,3030.01,1292,1289
1,3,65,ECDSA-SHA3-512_signed-by_ECDSA-SHA224,ECDSA-SHA3-512_signed-by_ECDSA-SHA224,12.857,2228.73,974.368,0.7,0,0,118,24,3033.19,2987.27,1291,1291
1,7,64,ECDSA-SHA3-512_signed-by_ECDSA-SHA224,ECDSA-SHA3-512_signed-by_ECDSA-SHA224,12.611,2270.32,993.386,1,0,0,126.8,16,3139.36,2994.11,1291,1288
1,5,63,ECDSA-SHA3-512_signed-by_ECDSA-SHA224,ECDSA-SHA3-512_signed-by_ECDSA-SHA224,12.008,2387.01,1293.77,0.933333,10,0.666667,94,15,3010.83,2988.76,1293,1290
1,2,65,ECDSA-SHA3-512_signed-by_ECDSA-SHA224,ECDSA-SHA3-512_signed-by_ECDSA-SHA224,13.549,2115.51,1045.06,1,2,0.153846,135.231,24,3030.38,3016.2,1292,1291
1,6,69,ECDSA-SHA3-512_signed-by_ECDSA-SHA224,ECDSA-SHA3-512_signed-by_ECDSA-SHA224,14.252,2009.46,861.036,1,0,0,118,9,3042.11,3003.8,1292,1288
1,1,65,ECDSA-SHA3-512_signed-by_ECDSA-SHA224,ECDSA-SHA3-512_signed-by_ECDSA-SHA224,12.807,2237.46,1085.62,1,5,0.416667,102.667,24,3026.34,2995.97,1293,1289
1,3,66,ECDSA-SHA3-512_signed-by_ECDSA-SHA224,ECDSA-SHA3-512_signed-by_ECDSA-SHA224,10.423,2749.24,1748.4,1,9,0.75,144,24,3186.5,2959.61,1291,1291
1,8,66,ECDSA-SHA3-512_signed-by_ECDSA-SHA224,ECDSA-SHA3-512_signed-by_ECDSA-SHA224,15.482,1850.32,842.23,1,0,0,96,16,3062.71,3009.06,1292,1289
1,2,66,ECDSA-SHA3-512_signed-by_ECDSA-SHA224,ECDSA-SHA3-512_signed-by_ECDSA-SHA224,12.282,2333.74,1132.02,0.25,5,0.416667,102.667,24,3036.26,3002.1,1292,1291
1,7,65,ECDSA-SHA3-512_signed-by_ECDSA-SHA224,ECDSA-SHA3-512_signed-by_ECDSA-SHA224,15.82,1809.77,1528.12,1,18,1.2,160.667,16,2984.65,2989.41,1291,1288
1,6,70,ECDSA-SHA3-512_signed-by_ECDSA-SHA224,ECDSA-SHA3-512_signed-by_ECDSA-SHA224,10.97,2610.71,1118.67,0.888889,0,0,118,9,3028.17,2999.62,1292,1288
1,1,66,ECDSA-SHA3-512_signed-by_ECDSA-SHA224,ECDSA-SHA3-512_signed-by_ECDSA-SHA224,11.981,2391.71,1024.25,0.888889,0,0,118,24,3029.24,2994.2,1293,1289
1,5,64,ECDSA-SHA3-512_signed-by_ECDSA-SHA224,ECDSA-SHA3-512_signed-by_ECDSA-SHA224,18.368,1560.46,1013.01,1,15,1.07143,119.714,15,3017.67,3040.21,1293,1290
1,3,67,ECDSA-SHA3-512_signed-by_ECDSA-SHA224,ECDSA-SHA3-512_signed-by_ECDSA-SHA224,13.207,2169.71,929.185,0.888889,0,0,126.889,24,3030.06,2983.05,1291,1291
1,8,67,ECDSA-SHA3-512_signed-by_ECDSA-SHA224,ECDSA-SHA3-512_signed-by_ECDSA-SHA224,12.262,2336.27,1000.79,1,0,0,118,16,3042.28,3014.32,1292,1289
1,2,67,ECDSA-SHA3-512_signed-by_ECDSA-SHA224,ECDSA-SHA3-512_signed-by_ECDSA-SHA224,11.183,2563.14,1097.37,1,0,0,118,24,3051.68,3019.31,1292,1291
1,7,66,ECDSA-SHA3-512_signed-by_ECDSA-SHA224,ECDSA-SHA3-512_signed-by_ECDSA-SHA224,12.721,2250.7,1432.55,1,9,0.75,156,16,3000.86,2999.27,1291,1288
1,6,71,ECDSA-SHA3-512_signed-by_ECDSA-SHA224,ECDSA-SHA3-512_signed-by_ECDSA-SHA224,12.318,2325,996.242,0.777778,0,0,118,9,3040.19,2989.06,1292,1288
1,1,67,ECDSA-SHA3-512_signed-by_ECDSA-SHA224,ECDSA-SHA3-512_signed-by_ECDSA-SHA224,11.691,2451.09,1049.68,0.777778,0,0,118,24,3034.87,2998.44,1293,1289
1,5,65,ECDSA-SHA3-512_signed-by_ECDSA-SHA224,ECDSA-SHA3-512_signed-by_ECDSA-SHA224,11.043,2595.61,1264.84,0.75,0,0,141.333,15,3026.06,3017.13,1293,1290
1,3,68,ECDSA-SHA3-512_signed-by_ECDSA-SHA224,ECDSA-SHA3-512_signed-by_ECDSA-SHA224,11.993,2389.32,1540.85,0.923077,9,0.692308,135.846,24,3017.79,3091.28,1291,1291
1,2,68,ECDSA-SHA3-512_signed-by_ECDSA-SHA224,ECDSA-SHA3-512_signed-by_ECDSA-SHA224,8.152,3515.8,1705.4,0.666667,5,0.416667,102.667,24,3030.28,2980.41,1292,1291
1,8,68,ECDSA-SHA3-512_signed-by_ECDSA-SHA224,ECDSA-SHA3-512_signed-by_ECDSA-SHA224,13.681,2093.91,1263.01,0.714286,7,0.5,106.571,16,3048.23,2999.59,1292,1289
1,7,67,ECDSA-SHA3-512_signed-by_ECDSA-SHA224,ECDSA-SHA3-512_signed-by_ECDSA-SHA224,11.917,2402.56,1166.71,0.583333,5,0.416667,118,16,3001.32,2998.21,1291,1288
1,6,72,ECDSA-SHA3-512_signed-by_ECDSA-SHA224,ECDSA-SHA3-512_signed-by_ECDSA-SHA224,12.014,2383.82,1416.98,0.538462,7,0.538462,111.846,9,3032.09,2999.81,1292,1288
1,1,68,ECDSA-SHA3-512_signed-by_ECDSA-SHA224,ECDSA-SHA3-512_signed-by_ECDSA-SHA224,11.69,2451.27,1049.76,0.777778,0,0,118,24,3036.85,2984.22,1293,1289
1,5,66,ECDSA-SHA3-512_signed-by_ECDSA-SHA224,ECDSA-SHA3-512_signed-by_ECDSA-SHA224,12.14,2361.04,1010.84,0.777778,0,0,118,15,2999.66,3029.05,1293,1290
1,2,69,ECDSA-SHA3-512_signed-by_ECDSA-SHA224,ECDSA-SHA3-512_signed-by_ECDSA-SHA224,10.771,2661.15,1180.92,0.545455,5,0.454545,103.455,24,3009.85,3019.69,1292,1291
1,3,69,ECDSA-SHA3-512_signed-by_ECDSA-SHA224,ECDSA-SHA3-512_signed-by_ECDSA-SHA224,12.758,2246.04,981.938,0.6,0,0,118,24,2998.29,2986.97,1291,1291
1,8,69,ECDSA-SHA3-512_signed-by_ECDSA-SHA224,ECDSA-SHA3-512_signed-by_ECDSA-SHA224,11.096,2581.79,1253.05,0.583333,5,0.416667,102.667,16,3057.02,3039.59,1292,1289
1,7,68,ECDSA-SHA3-512_signed-by_ECDSA-SHA224,ECDSA-SHA3-512_signed-by_ECDSA-SHA224,10.075,2841.86,1243.46,0.7,0,0,126.8,16,2999.06,2989.86,1291,1288
1,6,73,ECDSA-SHA3-512_signed-by_ECDSA-SHA224,ECDSA-SHA3-512_signed-by_ECDSA-SHA224,11.773,2432.62,1042.36,0.777778,0,0,186.444,9,3036.91,3017.49,1292,1288
1,1,69,ECDSA-SHA3-512_signed-by_ECDSA-SHA224,ECDSA-SHA3-512_signed-by_ECDSA-SHA224,12.176,2353.41,1007.85,1,0,0,118,24,3014.97,2985.35,1293,1289
1,5,67,ECDSA-SHA3-512_signed-by_ECDSA-SHA224,ECDSA-SHA3-512_signed-by_ECDSA-SHA224,11.477,2497.46,1085.97,0.8,4,0.4,110,15,3005.53,3008.64,1293,1290
1,2,70,ECDSA-SHA3-512_signed-by_ECDSA-SHA224,ECDSA-SHA3-512_signed-by_ECDSA-SHA224,14.255,2010.76,1295.24,0.466667,7,0.466667,136.667,24,3204.03,3005.66,1292,1291
1,3,70,ECDSA-SHA3-512_signed-by_ECDSA-SHA224,ECDSA-SHA3-512_signed-by_ECDSA-SHA224,14.951,1916.61,837.915,0.7,0,0,118,24,3022.8,3005.12,1291,1291
1,8,70,ECDSA-SHA3-512_signed-by_ECDSA-SHA224,ECDSA-SHA3-512_signed-by_ECDSA-SHA224,14.399,1989.53,852.26,1,0,0,118,16,3110.83,3010.68,1292,1289
1,7,69,ECDSA-SHA3-512_signed-by_ECDSA-SHA224,ECDSA-SHA3-512_signed-by_ECDSA-SHA224,13.208,2167.74,929.119,1,0,0,537.556,17,3093.13,2973.99,1291,1288
1,6,74,ECDSA-SHA3-512_signed-by_ECDSA-SHA224,ECDSA-SHA3-512_signed-by_ECDSA-SHA224,11.432,2505.25,1073.48,1,0,0,118,9,3007.33,3049.69,1292,1288
1,1,70,ECDSA-SHA3-512_signed-by_ECDSA-SHA224,ECDSA-SHA3-512_signed-by_ECDSA-SHA224,11.838,2420.67,1058.28,1,0,0,110,24,3050.55,2979.57,1293,1289
1,5,68,ECDSA-SHA3-512_signed-by_ECDSA-SHA224,ECDSA-SHA3-512_signed-by_ECDSA-SHA224,15.716,1823.83,1037.39,0.611111,5,0.277778,112.667,15,3020.82,2996.99,1293,1290
1,8,71,ECDSA-SHA3-512_signed-by_ECDSA-SHA224,ECDSA-SHA3-512_signed-by_ECDSA-SHA224,10.726,2670.86,1144.12,0.333333,0,0,118,16,3079.22,3027.98,1292,1289
1,7,70,ECDSA-SHA3-512_signed-by_ECDSA-SHA224,ECDSA-SHA3-512_signed-by_ECDSA-SHA224,10.765,2659.7,1139.98,0.333333,0,0,136.667,17,2997.27,2987.06,1291,1288
1,2,71,ECDSA-SHA3-512_signed-by_ECDSA-SHA224,ECDSA-SHA3-512_signed-by_ECDSA-SHA224,16.073,1783.29,1071.07,1,8,0.571429,107.429,24,3007.45,3001.02,1292,1291
1,3,71,ECDSA-SHA3-512_signed-by_ECDSA-SHA224,ECDSA-SHA3-512_signed-by_ECDSA-SHA224,14.505,1975.53,1368.86,0.933333,14,0.933333,127.067,24,3041.89,2994.11,1291,1291
1,6,75,ECDSA-SHA3-512_signed-by_ECDSA-SHA224,ECDSA-SHA3-512_signed-by_ECDSA-SHA224,13.027,2198.45,961.669,0.5,0,0,110,9,3036.82,3005.55,1292,1288
1,1,71,ECDSA-SHA3-512_signed-by_ECDSA-SHA224,ECDSA-SHA3-512_signed-by_ECDSA-SHA224,12.317,2326.49,1128.82,0.333333,5,0.416667,102.667,24,3035.9,2986.33,1293,1289
1,5,69,ECDSA-SHA3-512_signed-by_ECDSA-SHA224,ECDSA-SHA3-512_signed-by_ECDSA-SHA224,13.612,2105.72,920.335,0.8,0,0,110,15,3012.08,2993.77,1293,1290
1,8,72,ECDSA-SHA3-512_signed-by_ECDSA-SHA224,ECDSA-SHA3-512_signed-by_ECDSA-SHA224,14.326,1999.68,856.607,0.666667,0,0,118,16,3052.56,3012.84,1292,1289
1,7,71,ECDSA-SHA3-512_signed-by_ECDSA-SHA224,ECDSA-SHA3-512_signed-by_ECDSA-SHA224,15.28,1873.77,803.12,0.888889,0,0,136.667,17,3040.66,3013.75,1291,1288
1,2,72,ECDSA-SHA3-512_signed-by_ECDSA-SHA224,ECDSA-SHA3-512_signed-by_ECDSA-SHA224,14.982,1913.18,928.024,0.5,5,0.416667,102.667,24,3023.86,3010.19,1292,1291
1,4,0,ECDSA-SHA3-512_signed-by_ECDSA-SHA224,ECDSA-SHA3-512_signed-by_ECDSA-SHA224,1023.66,27.9859,8.44033,1,0,0,155.6,24,3074.19,3029.82,1292,1289
1,3,72,ECDSA-SHA3-512_signed-by_ECDSA-SHA224,ECDSA-SHA3-512_signed-by_ECDSA-SHA224,19.276,1486.56,636.622,1,0,0,126.889,24,3054.6,3013.56,1291,1291
1,6,76,ECDSA-SHA3-512_signed-by_ECDSA-SHA224,ECDSA-SHA3-512_signed-by_ECDSA-SHA224,19.344,1480.5,942.062,1,9,0.75,133.333,9,3014.34,3002.36,1292,1288
1,1,72,ECDSA-SHA3-512_signed-by_ECDSA-SHA224,ECDSA-SHA3-512_signed-by_ECDSA-SHA224,19.387,1478.04,939.973,1,9,0.75,142.667,24,3055.58,2994.29,1293,1289
1,5,70,ECDSA-SHA3-512_signed-by_ECDSA-SHA224,ECDSA-SHA3-512_signed-by_ECDSA-SHA224,16.5,1737.16,818.398,1,2,0.166667,97.3333,15,3028.83,3007.61,1293,1290
1,2,73,ECDSA-SHA3-512_signed-by_ECDSA-SHA224,ECDSA-SHA3-512_signed-by_ECDSA-SHA224,11.377,2519.44,1078.65,1,0,0,118,24,3065.34,3021.57,1292,1291
1,7,72,ECDSA-SHA3-512_signed-by_ECDSA-SHA224,ECDSA-SHA3-512_signed-by_ECDSA-SHA224,13.044,2194.98,960.419,1,2,0.2,123.6,17,3036.49,2988.24,1291,1288
1,8,73,ECDSA-SHA3-512_signed-by_ECDSA-SHA224,ECDSA-SHA3-512_signed-by_ECDSA-SHA224,18.449,1552.74,936.589,1,7,0.5,120.286,16,3042.89,3022.22,1292,1289
1,6,77,ECDSA-SHA3-512_signed-by_ECDSA-SHA224,ECDSA-SHA3-512_signed-by_ECDSA-SHA224,11.943,2398,1148.09,1,2,0.181818,107.455,9,3048.45,3009.49,1292,1288
1,3,73,ECDSA-SHA3-512_signed-by_ECDSA-SHA224,ECDSA-SHA3-512_signed-by_ECDSA-SHA224,13.657,2098.19,1334.36,1,9,0.75,144,24,3018.25,2987.8,1291,1291
1,7,73,ECDSA-SHA3-512_signed-by_ECDSA-SHA224,ECDSA-SHA3-512_signed-by_ECDSA-SHA224,9.389,3049.51,2455.62,0.9,10,0.5,166.8,17,3021.18,2992.56,1291,1288
1,5,71,ECDSA-SHA3-512_signed-by_ECDSA-SHA224,ECDSA-SHA3-512_signed-by_ECDSA-SHA224,15.788,1815.46,868.461,1,1,0.0909091,127.455,15,3021.9,3010.55,1293,1290
1,8,74,ECDSA-SHA3-512_signed-by_ECDSA-SHA224,ECDSA-SHA3-512_signed-by_ECDSA-SHA224,11.781,2431.63,1041.64,1,0,0,118,16,3058.98,3034.35,1292,1289
1,1,73,ECDSA-SHA3-512_signed-by_ECDSA-SHA224,ECDSA-SHA3-512_signed-by_ECDSA-SHA224,22,1302.51,791.252,1,12,0.8,103.6,24,3202.74,3000.1,1293,1289
1,2,74,ECDSA-SHA3-512_signed-by_ECDSA-SHA224,ECDSA-SHA3-512_signed-by_ECDSA-SHA224,21.702,1320.77,872.161,1,10,0.666667,114.8,24,3031.32,3000.13,1292,1291
1,6,78,ECDSA-SHA3-512_signed-by_ECDSA-SHA224,ECDSA-SHA3-512_signed-by_ECDSA-SHA224,16.045,1784.89,1123.78,1,2,0.181818,120.909,9,3011.3,3041.38,1292,1288
1,4,1,ECDSA-SHA3-512_signed-by_ECDSA-SHA224,ECDSA-SHA3-512_signed-by_ECDSA-SHA224,30.714,932.721,1199.7,1,40,1.6,193.2,24,3040.7,2978.78,1292,1289
1,7,74,ECDSA-SHA3-512_signed-by_ECDSA-SHA224,ECDSA-SHA3-512_signed-by_ECDSA-SHA224,14.501,1974.4,863.902,0.9,0,0,126.8,17,3026.41,2983.62,1291,1288
1,3,74,ECDSA-SHA3-512_signed-by_ECDSA-SHA224,ECDSA-SHA3-512_signed-by_ECDSA-SHA224,18.823,1522.38,1220.62,1,16,1,134,24,3017.06,3018.11,1291,1291
1,5,72,ECDSA-SHA3-512_signed-by_ECDSA-SHA224,ECDSA-SHA3-512_signed-by_ECDSA-SHA224,14.304,2003.83,926.134,1,1,0.0909091,102.727,15,3017.34,3003.51,1293,1290
1,1,74,ECDSA-SHA3-512_signed-by_ECDSA-SHA224,ECDSA-SHA3-512_signed-by_ECDSA-SHA224,12.679,2260.04,1096.58,1,2,0.166667,141.333,24,3033.62,2998.34,1293,1289
1,8,75,ECDSA-SHA3-512_signed-by_ECDSA-SHA224,ECDSA-SHA3-512_signed-by_ECDSA-SHA224,16.464,1739.94,1033.96,1,7,0.538462,111.846,16,3073.49,3027.41,1292,1289
1,6,79,ECDSA-SHA3-512_signed-by_ECDSA-SHA224,ECDSA-SHA3-512_signed-by_ECDSA-SHA224,12.855,2227.81,974.513,1,0,0,120.4,10,3013.85,3013.35,1292,1288
1,2,75,ECDSA-SHA3-512_signed-by_ECDSA-SHA224,ECDSA-SHA3-512_signed-by_ECDSA-SHA224,15.006,1910.05,1214.37,1,9,0.75,133.333,24,2995.11,2993.3,1292,1291
1,7,75,ECDSA-SHA3-512_signed-by_ECDSA-SHA224,ECDSA-SHA3-512_signed-by_ECDSA-SHA224,13.904,2059.15,882.573,1,0,0,147.333,17,3017.38,3009.75,1291,1288
1,4,2,ECDSA-SHA3-512_signed-by_ECDSA-SHA224,ECDSA-SHA3-512_signed-by_ECDSA-SHA224,15.883,1803.68,1163.5,0.846154,9,0.692308,146.923,24,3040.59,2985.36,1292,1289
1,3,75,ECDSA-SHA3-512_signed-by_ECDSA-SHA224,ECDSA-SHA3-512_signed-by_ECDSA-SHA224,13.852,2068.61,1315.55,0.583333,9,0.75,157.333,24,2999.22,2971.37,1291,1291
1,5,73,ECDSA-SHA3-512_signed-by_ECDSA-SHA224,ECDSA-SHA3-512_signed-by_ECDSA-SHA224,13.293,2156.21,923.146,0.333333,0,0,118,15,3128.68,3000.56,1293,1290
1,1,75,ECDSA-SHA3-512_signed-by_ECDSA-SHA224,ECDSA-SHA3-512_signed-by_ECDSA-SHA224,13.338,2148.34,1276.29,0.230769,7,0.538462,119.846,24,3023.82,2997.6,1293,1289
1,8,76,ECDSA-SHA3-512_signed-by_ECDSA-SHA224,ECDSA-SHA3-512_signed-by_ECDSA-SHA224,12.646,2265.28,970.384,0.333333,0,0,118,16,3068.05,3019.72,1292,1289
1,6,80,ECDSA-SHA3-512_signed-by_ECDSA-SHA224,ECDSA-SHA3-512_signed-by_ECDSA-SHA224,10.777,2657.46,1138.7,0,0,0,118,10,3038.7,3011.81,1292,1288
1,2,76,ECDSA-SHA3-512_signed-by_ECDSA-SHA224,ECDSA-SHA3-512_signed-by_ECDSA-SHA224,11.343,2526.97,1081.88,0.333333,0,0,118,24,3039.78,3022.65,1292,1291
1,7,76,ECDSA-SHA3-512_signed-by_ECDSA-SHA224,ECDSA-SHA3-512_signed-by_ECDSA-SHA224,12.01,2383.95,1021.79,0.555556,0,0,136.667,17,3031.61,2997.96,1291,1288
1,4,3,ECDSA-SHA3-512_signed-by_ECDSA-SHA224,ECDSA-SHA3-512_signed-by_ECDSA-SHA224,12.427,2305.24,987.499,0.555556,0,0,136.667,24,3027.96,2986.72,1292,1289
1,3,76,ECDSA-SHA3-512_signed-by_ECDSA-SHA224,ECDSA-SHA3-512_signed-by_ECDSA-SHA224,12.871,2226.33,1080.22,0.416667,5,0.416667,102.667,24,3029.55,2984.11,1291,1291
1,5,74,ECDSA-SHA3-512_signed-by_ECDSA-SHA224,ECDSA-SHA3-512_signed-by_ECDSA-SHA224,12.761,2246.16,981.714,0.7,0,0,110,15,3025,2974.74,1293,1290
1,1,76,ECDSA-SHA3-512_signed-by_ECDSA-SHA224,ECDSA-SHA3-512_signed-by_ECDSA-SHA224,14.516,1974.02,1172.73,0.769231,7,0.538462,119.846,24,3024.32,2975.12,1293,1289
1,8,77,ECDSA-SHA3-512_signed-by_ECDSA-SHA224,ECDSA-SHA3-512_signed-by_ECDSA-SHA224,12.884,2223.48,1079.14,0.833333,5,0.416667,102.667,16,3020.2,3020.59,1292,1289
1,6,81,ECDSA-SHA3-512_signed-by_ECDSA-SHA224,ECDSA-SHA3-512_signed-by_ECDSA-SHA224,13.727,2086.33,893.973,1,0,0,118,10,3050.45,3004.21,1292,1288
1,2,77,ECDSA-SHA3-512_signed-by_ECDSA-SHA224,ECDSA-SHA3-512_signed-by_ECDSA-SHA224,14.736,1945.07,960.865,0.923077,5,0.384615,97.6923,24,3051.91,3035.9,1292,1291
1,7,77,ECDSA-SHA3-512_signed-by_ECDSA-SHA224,ECDSA-SHA3-512_signed-by_ECDSA-SHA224,15.18,1886.08,842.123,1,0,0,118.727,17,3016.98,3011.95,1291,1288
1,4,4,ECDSA-SHA3-512_signed-by_ECDSA-SHA224,ECDSA-SHA3-512_signed-by_ECDSA-SHA224,14.601,1961.98,840.457,1,0,0,136.667,24,3031.74,2982.18,1292,1289
1,3,77,ECDSA-SHA3-512_signed-by_ECDSA-SHA224,ECDSA-SHA3-512_signed-by_ECDSA-SHA224,14.59,1964.01,1278.64,1,12,0.75,101.5,24,3055.46,3293.72,1291,1291
1,5,75,ECDSA-SHA3-512_signed-by_ECDSA-SHA224,ECDSA-SHA3-512_signed-by_ECDSA-SHA224,16.641,1722.4,1038.34,1,7,0.5,106.571,15,3012.27,3014.12,1293,1290
1,1,77,ECDSA-SHA3-512_signed-by_ECDSA-SHA224,ECDSA-SHA3-512_signed-by_ECDSA-SHA224,16.047,1785.65,1076.78,1,7,0.5,114,24,3038.21,3001.39,1293,1289
1,8,78,ECDSA-SHA3-512_signed-by_ECDSA-SHA224,ECDSA-SHA3-512_signed-by_ECDSA-SHA224,16.316,1755.72,774.653,1,0,0,103.091,16,3054.32,3003.96,1292,1289
1,6,82,ECDSA-SHA3-512_signed-by_ECDSA-SHA224,ECDSA-SHA3-512_signed-by_ECDSA-SHA224,15.395,1860.24,797.099,1,0,0,118,10,3023.51,2993.28,1292,1288
1,2,78,ECDSA-SHA3-512_signed-by_ECDSA-SHA224,ECDSA-SHA3-512_signed-by_ECDSA-SHA224,14.499,1976.88,1256.86,1,9,0.75,133.333,24,3014.53,2988.16,1292,1291
1,4,5,ECDSA-SHA3-512_signed-by_ECDSA-SHA224,ECDSA-SHA3-512_signed-by_ECDSA-SHA224,12.04,2379.34,1019.24,0.666667,0,0,134,24,3224.15,2976.16,1292,1289
1,3,78,ECDSA-SHA3-512_signed-by_ECDSA-SHA224,ECDSA-SHA3-512_signed-by_ECDSA-SHA224,12.063,2375.46,1017.29,0.666667,0,0,118,24,3030.06,2976.97,1291,1291
1,5,76,ECDSA-SHA3-512_signed-by_ECDSA-SHA224,ECDSA-SHA3-512_signed-by_ECDSA-SHA224,8.815,3251.42,1392.04,0.444444,0,0,118,15,3002.05,2968.6,1293,1290
1,1,78,ECDSA-SHA3-512_signed-by_ECDSA-SHA224,ECDSA-SHA3-512_signed-by_ECDSA-SHA224,10.707,2676.35,1237.31,1,1,0.0909091,110.364,24,3036.21,2995.45,1293,1289
1,8,79,ECDSA-SHA3-512_signed-by_ECDSA-SHA224,ECDSA-SHA3-512_signed-by_ECDSA-SHA224,10.991,2606.47,1413.5,0.933333,10,0.666667,94,16,3043.9,3027.69,1292,1289
1,2,79,ECDSA-SHA3-512_signed-by_ECDSA-SHA224,ECDSA-SHA3-512_signed-by_ECDSA-SHA224,12.416,2308.56,1029.61,1,0,0,103.455,24,3017.34,2993.6,1292,1291
1,4,6,ECDSA-SHA3-512_signed-by_ECDSA-SHA224,ECDSA-SHA3-512_signed-by_ECDSA-SHA224,14.749,1942.27,1154.19,1,7,0.538462,124.154,24,3022.99,3004.53,1292,1289
1,7,78,ECDSA-SHA3-512_signed-by_ECDSA-SHA224,ECDSA-SHA3-512_signed-by_ECDSA-SHA224,29.22,979.865,847.081,1,24,1.33333,134.444,17,3011.19,3011.11,1291,1288
1,6,83,ECDSA-SHA3-512_signed-by_ECDSA-SHA224,ECDSA-SHA3-512_signed-by_ECDSA-SHA224,20.319,1409.49,1202.4,1,18,1.125,142.5,10,3032.97,2994.11,1292,1288
1,5,77,ECDSA-SHA3-512_signed-by_ECDSA-SHA224,ECDSA-SHA3-512_signed-by_ECDSA-SHA224,16.107,1779.59,1414.54,1,9,0.6,114.8,15,3032.8,2972.36,1293,1290
1,3,79,ECDSA-SHA3-512_signed-by_ECDSA-SHA224,ECDSA-SHA3-512_signed-by_ECDSA-SHA224,21.74,1318.08,1001.62,1,14,0.823529,110,24,3020.77,2975.83,1291,1291
1,1,79,ECDSA-SHA3-512_signed-by_ECDSA-SHA224,ECDSA-SHA3-512_signed-by_ECDSA-SHA224,17.254,1660.82,1043.23,1,8,0.533333,108.667,24,3024.93,3005.55,1293,1289
1,8,80,ECDSA-SHA3-512_signed-by_ECDSA-SHA224,ECDSA-SHA3-512_signed-by_ECDSA-SHA224,16.712,1714.21,1018.67,1,7,0.538462,159.846,16,3037.48,2992.01,1292,1289
1,2,80,ECDSA-SHA3-512_signed-by_ECDSA-SHA224,ECDSA-SHA3-512_signed-by_ECDSA-SHA224,15.176,1888.67,1230.3,1,10,0.714286,119.714,24,3025.16,3052.44,1292,1291
1,7,79,ECDSA-SHA3-512_signed-by_ECDSA-SHA224,ECDSA-SHA3-512_signed-by_ECDSA-SHA224,10.625,2694.72,1308.58,0.333333,2,0.166667,165.333,17,3318.65,2971.45,1291,1288
1,5,78,ECDSA-SHA3-512_signed-by_ECDSA-SHA224,ECDSA-SHA3-512_signed-by_ECDSA-SHA224,12.478,2297.08,983.457,0.444444,0,0,118,15,3020.15,2987.74,1293,1290
1,6,84,ECDSA-SHA3-512_signed-by_ECDSA-SHA224,ECDSA-SHA3-512_signed-by_ECDSA-SHA224,14.588,1963.17,1249.19,0.916667,9,0.75,133.333,10,3020.73,3024.89,1292,1288
1,4,7,ECDSA-SHA3-512_signed-by_ECDSA-SHA224,ECDSA-SHA3-512_signed-by_ECDSA-SHA224,18.779,1525.51,1287.38,1,18,1.2,158,24,3066.26,2975.22,1292,1289
1,3,80,ECDSA-SHA3-512_signed-by_ECDSA-SHA224,ECDSA-SHA3-512_signed-by_ECDSA-SHA224,11.207,2556.94,1095.01,1,0,0,118,24,3021.5,2981.02,1291,1291
1,8,81,ECDSA-SHA3-512_signed-by_ECDSA-SHA224,ECDSA-SHA3-512_signed-by_ECDSA-SHA224,11.882,2410.97,1170.14,1,5,0.416667,102.667,16,3028.14,3009.41,1292,1289
1,1,80,ECDSA-SHA3-512_signed-by_ECDSA-SHA224,ECDSA-SHA3-512_signed-by_ECDSA-SHA224,13.991,2048.1,913.697,1,0,0,110.727,24,3042.61,3034.66,1293,1289
1,2,81,ECDSA-SHA3-512_signed-by_ECDSA-SHA224,ECDSA-SHA3-512_signed-by_ECDSA-SHA224,18.511,1548.44,1018.18,1,13,0.764706,104.353,24,3024.77,3005.82,1292,1291
1,5,79,ECDSA-SHA3-512_signed-by_ECDSA-SHA224,ECDSA-SHA3-512_signed-by_ECDSA-SHA224,14.969,1914.88,1150.1,1,11,0.785714,106.571,15,3020.5,2995.01,1293,1290
1,6,85,ECDSA-SHA3-512_signed-by_ECDSA-SHA224,ECDSA-SHA3-512_signed-by_ECDSA-SHA224,14.562,1966.76,860.321,1,0,0,305.6,10,3037.09,3005.26,1292,1288
1,7,80,ECDSA-SHA3-512_signed-by_ECDSA-SHA224,ECDSA-SHA3-512_signed-by_ECDSA-SHA224,20.169,1419.56,1226.4,1,12,0.8,149.733,17,2994.22,2997.01,1291,1288
1,4,8,ECDSA-SHA3-512_signed-by_ECDSA-SHA224,ECDSA-SHA3-512_signed-by_ECDSA-SHA224,14.991,1910.99,818.614,1,0,0,126.889,24,3020.68,2970.05,1292,1289
1,1,81,ECDSA-SHA3-512_signed-by_ECDSA-SHA224,ECDSA-SHA3-512_signed-by_ECDSA-SHA224,12.216,2345.6,1013.68,1,0,0,117.6,24,3064.36,2997.63,1293,1289
1,3,81,ECDSA-SHA3-512_signed-by_ECDSA-SHA224,ECDSA-SHA3-512_signed-by_ECDSA-SHA224,16.621,1724.04,1133.96,1,16,0.941176,97.7647,24,3039.85,3010.2,1291,1291
1,6,86,ECDSA-SHA3-512_signed-by_ECDSA-SHA224,ECDSA-SHA3-512_signed-by_ECDSA-SHA224,7.484,3826.36,1784.92,1,1,0.0833333,98,10,3026.88,3006.93,1292,1288
1,7,81,ECDSA-SHA3-512_signed-by_ECDSA-SHA224,ECDSA-SHA3-512_signed-by_ECDSA-SHA224,9.595,2984.03,1705.87,1,2,0.166667,122.667,17,3044,3027.7,1291,1288
1,1,82,ECDSA-SHA3-512_signed-by_ECDSA-SHA224,ECDSA-SHA3-512_signed-by_ECDSA-SHA224,14.859,1928.43,1162.88,1,7,0.5,248.571,24,3026.28,3023.35,1293,1289
1,8,82,ECDSA-SHA3-512_signed-by_ECDSA-SHA224,ECDSA-SHA3-512_signed-by_ECDSA-SHA224,29.431,973.367,827.947,1,24,0.96,109.36,17,3079.7,3039.23,1292,1289
1,3,82,ECDSA-SHA3-512_signed-by_ECDSA-SHA224,ECDSA-SHA3-512_signed-by_ECDSA-SHA224,17.649,1623.65,909.282,1,7,0.411765,150.471,24,3037.71,2995.83,1291,1291
1,6,87,ECDSA-SHA3-512_signed-by_ECDSA-SHA224,ECDSA-SHA3-512_signed-by_ECDSA-SHA224,14.818,1932.68,1216.83,1,2,0.181818,120.909,10,3012.64,3023.22,1292,1288
1,7,82,ECDSA-SHA3-512_signed-by_ECDSA-SHA224,ECDSA-SHA3-512_signed-by_ECDSA-SHA224,13.409,2135.17,942.6,1,0,0,118.364,17,3017.66,2984.61,1291,1288
1,5,80,ECDSA-SHA3-512_signed-by_ECDSA-SHA224,ECDSA-SHA3-512_signed-by_ECDSA-SHA224,25.359,1130.33,847.352,1,16,0.888889,170,15,3071.43,2987.27,1293,1290
1,4,9,ECDSA-SHA3-512_signed-by_ECDSA-SHA224,ECDSA-SHA3-512_signed-by_ECDSA-SHA224,22.991,1246.02,817.688,1,12,0.8,126.533,24,3047.06,2975.36,1292,1289
1,1,83,ECDSA-SHA3-512_signed-by_ECDSA-SHA224,ECDSA-SHA3-512_signed-by_ECDSA-SHA224,12.253,2338.6,1043.3,1,0,0,110.727,24,3048.6,3008.73,1293,1289
1,2,82,ECDSA-SHA3-512_signed-by_ECDSA-SHA224,ECDSA-SHA3-512_signed-by_ECDSA-SHA224,33.658,851.624,876.581,1,28,1.27273,124.909,24,3021.02,2999.19,1292,1291
1,8,83,ECDSA-SHA3-512_signed-by_ECDSA-SHA224,ECDSA-SHA3-512_signed-by_ECDSA-SHA224,14.534,1971,861.935,1,0,0,110,17,3073.55,3007.61,1292,1289
1,6,88,ECDSA-SHA3-512_signed-by_ECDSA-SHA224,ECDSA-SHA3-512_signed-by_ECDSA-SHA224,13.404,2136.59,915.51,1,3,0.333333,118,10,3028.25,3014.76,1292,1288
1,3,83,ECDSA-SHA3-512_signed-by_ECDSA-SHA224,ECDSA-SHA3-512_signed-by_ECDSA-SHA224,14.336,1998.8,1271.15,1,9,0.75,144,24,3040.17,2985.43,1291,1291
1,5,81,ECDSA-SHA3-512_signed-by_ECDSA-SHA224,ECDSA-SHA3-512_signed-by_ECDSA-SHA224,18.378,1559.69,681.685,1,0,0,160.4,15,3005.26,2977.91,1293,1290
1,7,83,ECDSA-SHA3-512_signed-by_ECDSA-SHA224,ECDSA-SHA3-512_signed-by_ECDSA-SHA224,19.714,1452.36,1165.46,1,16,1,143.5,17,3095.18,2984.14,1291,1288
1,4,10,ECDSA-SHA3-512_signed-by_ECDSA-SHA224,ECDSA-SHA3-512_signed-by_ECDSA-SHA224,19.923,1437.93,1391.75,1,23,1.15,129.2,24,3046.56,3017.7,1292,1289
1,1,84,ECDSA-SHA3-512_signed-by_ECDSA-SHA224,ECDSA-SHA3-512_signed-by_ECDSA-SHA224,16.205,1768.28,1136.4,1,13,1,135.846,24,3032.59,3002.28,1293,1289
1,8,84,ECDSA-SHA3-512_signed-by_ECDSA-SHA224,ECDSA-SHA3-512_signed-by_ECDSA-SHA224,16.811,1704.06,745.2,1,0,0,110,17,3066.53,3014.25,1292,1289
1,3,84,ECDSA-SHA3-512_signed-by_ECDSA-SHA224,ECDSA-SHA3-512_signed-by_ECDSA-SHA224,15.802,1813.38,1077.29,0.846154,7,0.538462,119.846,24,3035.62,2986.42,1291,1291
1,2,83,ECDSA-SHA3-512_signed-by_ECDSA-SHA224,ECDSA-SHA3-512_signed-by_ECDSA-SHA224,21.957,1305.45,775.325,1,7,0.538462,406.615,24,3026.47,2987.71,1292,1291
1,6,89,ECDSA-SHA3-512_signed-by_ECDSA-SHA224,ECDSA-SHA3-512_signed-by_ECDSA-SHA224,19.012,1506.35,981.229,1,9,0.5625,130.5,10,3042.71,3035.38,1292,1288
1,7,84,ECDSA-SHA3-512_signed-by_ECDSA-SHA224,ECDSA-SHA3-512_signed-by_ECDSA-SHA224,11.749,2436.92,1044.49,1,0,0,136.667,17,2985.38,2993.88,1291,1288
1,5,82,ECDSA-SHA3-512_signed-by_ECDSA-SHA224,ECDSA-SHA3-512_signed-by_ECDSA-SHA224,13.974,2051.17,1008.7,1,6,0.461538,97.6923,15,2996.42,3009.19,1293,1290
1,4,11,ECDSA-SHA3-512_signed-by_ECDSA-SHA224,ECDSA-SHA3-512_signed-by_ECDSA-SHA224,12.021,2383.1,1020.85,1,0,0,126,24,3047.1,2977.42,1292,1289
1,8,85,ECDSA-SHA3-512_signed-by_ECDSA-SHA224,ECDSA-SHA3-512_signed-by_ECDSA-SHA224,12.806,2236.97,978.245,1,0,0,110,17,3059.99,3015.86,1292,1289
1,3,85,ECDSA-SHA3-512_signed-by_ECDSA-SHA224,ECDSA-SHA3-512_signed-by_ECDSA-SHA224,13.797,2076.86,1247.74,1,8,0.571429,113.429,24,3035.34,2987.59,1291,1291
1,1,85,ECDSA-SHA3-512_signed-by_ECDSA-SHA224,ECDSA-SHA3-512_signed-by_ECDSA-SHA224,20.182,1419.85,1159.82,0.95,16,0.8,131.6,24,3006.78,3001.52,1293,1289
1,7,85,ECDSA-SHA3-512_signed-by_ECDSA-SHA224,ECDSA-SHA3-512_signed-by_ECDSA-SHA224,12.052,2375.6,1018.21,0.555556,0,0,136.667,17,3025.64,3003.06,1291,1288
1,4,12,ECDSA-SHA3-512_signed-by_ECDSA-SHA224,ECDSA-SHA3-512_signed-by_ECDSA-SHA224,10.924,2622.39,1123.36,0,0,0,126.889,24,3007.15,2979.46,1292,1289
1,6,90,ECDSA-SHA3-512_signed-by_ECDSA-SHA224,ECDSA-SHA3-512_signed-by_ECDSA-SHA224,13.972,2049.71,1304.26,0.75,9,0.75,133.333,10,3040.51,2994.48,1292,1288
1,5,83,ECDSA-SHA3-512_signed-by_ECDSA-SHA224,ECDSA-SHA3-512_signed-by_ECDSA-SHA224,13.419,2135.97,914.479,0.333333,0,0,118,15,3144.06,3018.51,1293,1290
1,2,84,ECDSA-SHA3-512_signed-by_ECDSA-SHA224,ECDSA-SHA3-512_signed-by_ECDSA-SHA224,16.44,1743.45,1120.13,1,10,0.769231,146.923,24,3040.77,2975.83,1292,1291
1,8,86,ECDSA-SHA3-512_signed-by_ECDSA-SHA224,ECDSA-SHA3-512_signed-by_ECDSA-SHA224,11.493,2492.58,1209.75,1,5,0.416667,106.667,17,3066.78,3067.48,1292,1289
1,3,86,ECDSA-SHA3-512_signed-by_ECDSA-SHA224,ECDSA-SHA3-512_signed-by_ECDSA-SHA224,9.773,2932.13,1255.69,1,0,0,118,24,3020.45,3013.95,1291,1291
1,4,13,ECDSA-SHA3-512_signed-by_ECDSA-SHA224,ECDSA-SHA3-512_signed-by_ECDSA-SHA224,12.202,2347.7,1170.9,1,11,0.785714,93.4286,24,3009.97,2988.99,1292,1289
1,1,86,ECDSA-SHA3-512_signed-by_ECDSA-SHA224,ECDSA-SHA3-512_signed-by_ECDSA-SHA224,14.691,1950.47,1183.78,1,7,0.466667,107.067,24,3038.4,2994.22,1293,1289
1,5,84,ECDSA-SHA3-512_signed-by_ECDSA-SHA224,ECDSA-SHA3-512_signed-by_ECDSA-SHA224,12.177,2353.83,1090.53,1,1,0.0909091,104.909,15,3016.74,3001.49,1293,1290
1,6,91,ECDSA-SHA3-512_signed-by_ECDSA-SHA224,ECDSA-SHA3-512_signed-by_ECDSA-SHA224,15.172,1887.58,1580.72,1,7,0.5,135.714,10,2982.81,2988.54,1292,1288
1,7,86,ECDSA-SHA3-512_signed-by_ECDSA-SHA224,ECDSA-SHA3-512_signed-by_ECDSA-SHA224,17.893,1600.16,997.923,1,8,0.533333,109.733,17,2990.48,2973.13,1291,1288
1,8,87,ECDSA-SHA3-512_signed-by_ECDSA-SHA224,ECDSA-SHA3-512_signed-by_ECDSA-SHA224,12.128,2362.05,1032.94,1,0,0,110,17,3065.39,3026.21,1292,1289
1,3,87,ECDSA-SHA3-512_signed-by_ECDSA-SHA224,ECDSA-SHA3-512_signed-by_ECDSA-SHA224,14.021,2043.69,893.472,1,0,0,110,24,3036.16,3009.85,1291,1291
1,4,14,ECDSA-SHA3-512_signed-by_ECDSA-SHA224,ECDSA-SHA3-512_signed-by_ECDSA-SHA224,10.835,2643.97,1265.5,0.454545,0,0,159.455,24,2997.27,3001.1,1292,1289
1,1,87,ECDSA-SHA3-512_signed-by_ECDSA-SHA224,ECDSA-SHA3-512_signed-by_ECDSA-SHA224,11.677,2454.02,1050.94,0.666667,0,0,126.889,24,3051.16,3007.66,1293,1289
1,5,85,ECDSA-SHA3-512_signed-by_ECDSA-SHA224,ECDSA-SHA3-512_signed-by_ECDSA-SHA224,12.968,2210.28,961.1,0.6,5,0.5,110,15,3053.74,3013.71,1293,1290
1,6,92,ECDSA-SHA3-512_signed-by_ECDSA-SHA224,ECDSA-SHA3-512_signed-by_ECDSA-SHA224,11.823,2422.31,1037.94,0.666667,0,0,136.667,10,2999.39,2996.24,1292,1288
1,7,87,ECDSA-SHA3-512_signed-by_ECDSA-SHA224,ECDSA-SHA3-512_signed-by_ECDSA-SHA224,13.031,2197.14,961.362,0.2,0,0,110,17,3028.12,2977.37,1291,1288
1,2,85,ECDSA-SHA3-512_signed-by_ECDSA-SHA224,ECDSA-SHA3-512_signed-by_ECDSA-SHA224,28.254,1014.5,876.042,1,21,1.16667,136.222,24,3056.27,2967.09,1292,1291
1,8,88,ECDSA-SHA3-512_signed-by_ECDSA-SHA224,ECDSA-SHA3-512_signed-by_ECDSA-SHA224,14.817,1933.38,828.206,0.666667,0,0,118,17,3043.11,3014.55,1292,1289
1,3,88,ECDSA-SHA3-512_signed-by_ECDSA-SHA224,ECDSA-SHA3-512_signed-by_ECDSA-SHA224,14.203,2017.54,871.9,1,0,0,109.6,24,3077.4,2977.3,1291,1291
1,4,15,ECDSA-SHA3-512_signed-by_ECDSA-SHA224,ECDSA-SHA3-512_signed-by_ECDSA-SHA224,16.946,1690.47,1015.89,0.714286,8,0.571429,106.571,24,2999.99,2996.02,1292,1289
1,1,88,ECDSA-SHA3-512_signed-by_ECDSA-SHA224,ECDSA-SHA3-512_signed-by_ECDSA-SHA224,15.923,1799.58,770.672,1,0,0,126.889,24,3046.69,2984.42,1293,1289
1,5,86,ECDSA-SHA3-512_signed-by_ECDSA-SHA224,ECDSA-SHA3-512_signed-by_ECDSA-SHA224,14.232,2013.99,963.433,1,0,0,150.727,15,3019.17,2982.25,1293,1290
1,6,93,ECDSA-SHA3-512_signed-by_ECDSA-SHA224,ECDSA-SHA3-512_signed-by_ECDSA-SHA224,14.59,1962.92,841.093,1,0,0,136.667,10,3012.87,3048.34,1292,1288
1,7,88,ECDSA-SHA3-512_signed-by_ECDSA-SHA224,ECDSA-SHA3-512_signed-by_ECDSA-SHA224,12.728,2249.47,984.262,1,0,0,110,17,3043.15,2967.34,1291,1288
1,2,86,ECDSA-SHA3-512_signed-by_ECDSA-SHA224,ECDSA-SHA3-512_signed-by_ECDSA-SHA224,13.673,2096.33,897.509,1,0,0,118,24,3035.31,2973.71,1292,1291
1,8,89,ECDSA-SHA3-512_signed-by_ECDSA-SHA224,ECDSA-SHA3-512_signed-by_ECDSA-SHA224,13.752,2083.1,1343.75,1,9,0.692308,126,17,3045.66,3022.69,1292,1289
1,3,89,ECDSA-SHA3-512_signed-by_ECDSA-SHA224,ECDSA-SHA3-512_signed-by_ECDSA-SHA224,12.894,2222.35,971.579,1,0,0,110,24,3028.32,3006.71,1291,1291
1,4,16,ECDSA-SHA3-512_signed-by_ECDSA-SHA224,ECDSA-SHA3-512_signed-by_ECDSA-SHA224,16.723,1713,1105.01,1,9,0.692308,126,24,3042.64,2995.84,1292,1289
1,1,89,ECDSA-SHA3-512_signed-by_ECDSA-SHA224,ECDSA-SHA3-512_signed-by_ECDSA-SHA224,16.182,1770.78,1051.98,1,7,0.538462,119.846,24,3036.57,2992.3,1293,1289
1,5,87,ECDSA-SHA3-512_signed-by_ECDSA-SHA224,ECDSA-SHA3-512_signed-by_ECDSA-SHA224,16.613,1725.31,836.895,1,5,0.416667,139.333,15,3015.08,3042.99,1293,1290
1,7,89,ECDSA-SHA3-512_signed-by_ECDSA-SHA224,ECDSA-SHA3-512_signed-by_ECDSA-SHA224,17.371,1648.18,979.977,1,7,0.538462,111.846,17,3058.86,2978.24,1291,1288
1,2,87,ECDSA-SHA3-512_signed-by_ECDSA-SHA224,ECDSA-SHA3-512_signed-by_ECDSA-SHA224,16.691,1717.25,750.55,1,0,0,110,24,3006,2994.68,1292,1291
1,6,94,ECDSA-SHA3-512_signed-by_ECDSA-SHA224,ECDSA-SHA3-512_signed-by_ECDSA-SHA224,20.263,1413.41,899.37,1,9,0.75,154.667,10,3023.76,3018.97,1292,1288
1,8,90,ECDSA-SHA3-512_signed-by_ECDSA-SHA224,ECDSA-SHA3-512_signed-by_ECDSA-SHA224,16.222,1765.93,1123.37,1,9,0.75,133.333,17,3073.14,2983.78,1292,1289
1,3,90,ECDSA-SHA3-512_signed-by_ECDSA-SHA224,ECDSA-SHA3-512_signed-by_ECDSA-SHA224,15.332,1868.97,817.088,1,0,0,482,24,3027.45,2986.87,1291,1291
1,4,17,ECDSA-SHA3-512_signed-by_ECDSA-SHA224,ECDSA-SHA3-512_signed-by_ECDSA-SHA224,13.56,2112.63,923.871,0.8,0,0,110,24,3019.35,2996.47,1292,1289
1,1,90,ECDSA-SHA3-512_signed-by_ECDSA-SHA224,ECDSA-SHA3-512_signed-by_ECDSA-SHA224,13.999,2046.94,876.608,0.888889,0,0,128.222,24,3064.68,2984.94,1293,1289
1,5,88,ECDSA-SHA3-512_signed-by_ECDSA-SHA224,ECDSA-SHA3-512_signed-by_ECDSA-SHA224,13.75,2084.6,892.486,1,0,0,118,15,3063.69,3000.97,1293,1290
1,7,90,ECDSA-SHA3-512_signed-by_ECDSA-SHA224,ECDSA-SHA3-512_signed-by_ECDSA-SHA224,13.212,2167.07,1398.69,0.769231,9,0.692308,126.615,17,3034.36,2989.41,1291,1288
1,2,88,ECDSA-SHA3-512_signed-by_ECDSA-SHA224,ECDSA-SHA3-512_signed-by_ECDSA-SHA224,13.226,2167.19,1051.24,0.75,5,0.416667,102.667,24,3042.25,2998,1292,1291
1,8,91,ECDSA-SHA3-512_signed-by_ECDSA-SHA224,ECDSA-SHA3-512_signed-by_ECDSA-SHA224,11.959,2395.47,1026.15,0.555556,0,0,118,17,3077.22,3024.58,1292,1289
1,3,91,ECDSA-SHA3-512_signed-by_ECDSA-SHA224,ECDSA-SHA3-512_signed-by_ECDSA-SHA224,13.149,2179.26,952.741,1,0,0,110,24,3018.39,2992.05,1291,1291
1,6,95,ECDSA-SHA3-512_signed-by_ECDSA-SHA224,ECDSA-SHA3-512_signed-by_ECDSA-SHA224,15.454,1853.17,1179.19,1,9,0.75,149.333,10,3021.7,3020.41,1292,1288
1,5,89,ECDSA-SHA3-512_signed-by_ECDSA-SHA224,ECDSA-SHA3-512_signed-by_ECDSA-SHA224,12.994,2205.85,953.014,1,0,0,109.6,15,3004.91,2995.47,1293,1290
1,4,18,ECDSA-SHA3-512_signed-by_ECDSA-SHA224,ECDSA-SHA3-512_signed-by_ECDSA-SHA224,15.215,1882.78,1443.77,0.777778,15,0.833333,106,24,3037.09,2983.34,1292,1289
1,1,91,ECDSA-SHA3-512_signed-by_ECDSA-SHA224,ECDSA-SHA3-512_signed-by_ECDSA-SHA224,15.523,1845.95,807.022,1,0,0,118,24,3024.65,2984.07,1293,1289
1,7,91,ECDSA-SHA3-512_signed-by_ECDSA-SHA224,ECDSA-SHA3-512_signed-by_ECDSA-SHA224,14.543,1968.7,843.805,1,0,0,118,17,3010.04,2982.76,1291,1288
1,2,89,ECDSA-SHA3-512_signed-by_ECDSA-SHA224,ECDSA-SHA3-512_signed-by_ECDSA-SHA224,14.286,2006.35,876.904,1,0,0,160.4,24,3052.03,2974.33,1292,1291
1,3,92,ECDSA-SHA3-512_signed-by_ECDSA-SHA224,ECDSA-SHA3-512_signed-by_ECDSA-SHA224,12.448,2301.98,985.827,0.555556,0,0,118,24,3030.02,2999.41,1291,1291
1,6,96,ECDSA-SHA3-512_signed-by_ECDSA-SHA224,ECDSA-SHA3-512_signed-by_ECDSA-SHA224,12.375,2314.27,1123.52,0.75,5,0.416667,102.667,10,3037.02,3006.25,1292,1288
1,8,92,ECDSA-SHA3-512_signed-by_ECDSA-SHA224,ECDSA-SHA3-512_signed-by_ECDSA-SHA224,19.672,1456.26,1567.28,0.952381,14,0.666667,102,17,3047.79,3047.2,1292,1289
1,5,90,ECDSA-SHA3-512_signed-by_ECDSA-SHA224,ECDSA-SHA3-512_signed-by_ECDSA-SHA224,13.327,2150.73,920.8,1,0,0,118,15,3024.39,2985.22,1293,1290
1,4,19,ECDSA-SHA3-512_signed-by_ECDSA-SHA224,ECDSA-SHA3-512_signed-by_ECDSA-SHA224,13.356,2144.87,918.8,1,0,0,118,24,3025.81,2978.88,1292,1289
1,1,92,ECDSA-SHA3-512_signed-by_ECDSA-SHA224,ECDSA-SHA3-512_signed-by_ECDSA-SHA224,13.42,2135.23,914.419,1,0,0,126.889,24,3025.71,3015.61,1293,1289
1,2,90,ECDSA-SHA3-512_signed-by_ECDSA-SHA224,ECDSA-SHA3-512_signed-by_ECDSA-SHA224,12.359,2319.19,1013.63,1,0,0,110,24,3019.16,2994.21,1292,1291
1,7,92,ECDSA-SHA3-512_signed-by_ECDSA-SHA224,ECDSA-SHA3-512_signed-by_ECDSA-SHA224,14.091,2031.83,1337.52,1,16,0.941176,97.7647,17,3021,2986.01,1291,1288
1,6,97,ECDSA-SHA3-512_signed-by_ECDSA-SHA224,ECDSA-SHA3-512_signed-by_ECDSA-SHA224,12.663,2261.61,969.079,1,0,0,118,10,3040.57,3030.13,1292,1288
1,3,93,ECDSA-SHA3-512_signed-by_ECDSA-SHA224,ECDSA-SHA3-512_signed-by_ECDSA-SHA224,14.64,1957.28,1244.75,1,9,0.75,133.333,24,3006.64,2961.66,1291,1291
1,5,91,ECDSA-SHA3-512_signed-by_ECDSA-SHA224,ECDSA-SHA3-512_signed-by_ECDSA-SHA224,9.846,2911.2,1443,1,9,0.642857,93.4286,15,3020.86,3010.85,1293,1290
1,2,91,ECDSA-SHA3-512_signed-by_ECDSA-SHA224,ECDSA-SHA3-512_signed-by_ECDSA-SHA224,8.329,3441.45,1753.86,1,8,0.533333,89.7333,24,3031.96,3014.87,1292,1291
1,8,93,ECDSA-SHA3-512_signed-by_ECDSA-SHA224,ECDSA-SHA3-512_signed-by_ECDSA-SHA224,20.131,1423.05,880.615,1,8,0.5,125,17,3083.2,3008.39,1292,1289
1,1,93,ECDSA-SHA3-512_signed-by_ECDSA-SHA224,ECDSA-SHA3-512_signed-by_ECDSA-SHA224,19.847,1443.83,1518,1,27,1.5,155.778,24,3032.25,2999.81,1293,1289
1,3,94,ECDSA-SHA3-512_signed-by_ECDSA-SHA224,ECDSA-SHA3-512_signed-by_ECDSA-SHA224,16.582,1728.05,740.041,0.888889,0,0,118,24,3044.95,2987.05,1291,1291
1,7,93,ECDSA-SHA3-512_signed-by_ECDSA-SHA224,ECDSA-SHA3-512_signed-by_ECDSA-SHA224,19.453,1471.85,724.613,1,3,0.230769,153.077,17,3029.88,2980.11,1291,1288
1,4,20,ECDSA-SHA3-512_signed-by_ECDSA-SHA224,ECDSA-SHA3-512_signed-by_ECDSA-SHA224,23.514,1218.31,783.174,1,10,0.769231,126,24,2992.74,3002.25,1292,1289
1,6,98,ECDSA-SHA3-512_signed-by_ECDSA-SHA224,ECDSA-SHA3-512_signed-by_ECDSA-SHA224,19.798,1446.6,1221.12,1,12,0.8,136.933,10,3026.49,2986.16,1292,1288
1,5,92,ECDSA-SHA3-512_signed-by_ECDSA-SHA224,ECDSA-SHA3-512_signed-by_ECDSA-SHA224,15.729,1822.3,896.145,0.538462,3,0.230769,150.615,15,3035.96,2987.58,1293,1290
1,2,92,ECDSA-SHA3-512_signed-by_ECDSA-SHA224,ECDSA-SHA3-512_signed-by_ECDSA-SHA224,15.027,1907.44,912.463,0.545455,2,0.181818,171.091,24,3044.87,2998.55,1292,1291
1,3,95,ECDSA-SHA3-512_signed-by_ECDSA-SHA224,ECDSA-SHA3-512_signed-by_ECDSA-SHA224,10.298,2782.62,1677.96,0.642857,7,0.5,106.571,24,3021.21,2993.38,1291,1291
1,8,94,ECDSA-SHA3-512_signed-by_ECDSA-SHA224,ECDSA-SHA3-512_signed-by_ECDSA-SHA224,16.779,1707.29,1014.55,0.846154,7,0.538462,111.846,17,3066.43,3012.49,1292,1289
1,1,94,ECDSA-SHA3-512_signed-by_ECDSA-SHA224,ECDSA-SHA3-512_signed-by_ECDSA-SHA224,13.185,2173.3,950.135,1,0,0,118,24,3022.22,3005.79,1293,1289
1,7,94,ECDSA-SHA3-512_signed-by_ECDSA-SHA224,ECDSA-SHA3-512_signed-by_ECDSA-SHA224,13.971,2049.32,995.174,1,5,0.416667,110,17,3031.21,3006.41,1291,1288
1,6,99,ECDSA-SHA3-512_signed-by_ECDSA-SHA224,ECDSA-SHA3-512_signed-by_ECDSA-SHA224,13.316,2150.73,921.571,0.777778,0,0,136.667,10,3031.39,2988.96,1292,1288
1,4,21,ECDSA-SHA3-512_signed-by_ECDSA-SHA224,ECDSA-SHA3-512_signed-by_ECDSA-SHA224,14.632,1957.83,1274.97,0.5625,15,0.9375,101.5,24,3099.91,2974.91,1292,1289
1,5,93,ECDSA-SHA3-512_signed-by_ECDSA-SHA224,ECDSA-SHA3-512_signed-by_ECDSA-SHA224,15.005,1910.23,834.892,1,0,0,110,15,3070.21,2972.64,1293,1290
1,2,93,ECDSA-SHA3-512_signed-by_ECDSA-SHA224,ECDSA-SHA3-512_signed-by_ECDSA-SHA224,15.222,1882.99,806.171,1,0,0,118,24,3043.11,2969.81,1292,1291
1,3,96,ECDSA-SHA3-512_signed-by_ECDSA-SHA224,ECDSA-SHA3-512_signed-by_ECDSA-SHA224,14.322,2000.79,874.716,1,0,0,113.2,24,3015.12,2978.3,1291,1291
1,8,95,ECDSA-SHA3-512_signed-by_ECDSA-SHA224,ECDSA-SHA3-512_signed-by_ECDSA-SHA224,14.907,1921.73,823.214,1,0,0,118,17,3051.2,3035.11,1292,1289
1,1,95,ECDSA-SHA3-512_signed-by_ECDSA-SHA224,ECDSA-SHA3-512_signed-by_ECDSA-SHA224,15.32,1870.45,834.442,1,0,0,110.727,24,3055.02,2977.97,1293,1289
1,7,95,ECDSA-SHA3-512_signed-by_ECDSA-SHA224,ECDSA-SHA3-512_signed-by_ECDSA-SHA224,13.739,2083.94,1312.43,1,2,0.181818,130.364,17,2980.61,2994.87,1291,1288
1,5,94,ECDSA-SHA3-512_signed-by_ECDSA-SHA224,ECDSA-SHA3-512_signed-by_ECDSA-SHA224,11.949,2398.81,1027.01,1,0,0,214,15,3042.41,2999.91,1293,1290
1,2,94,ECDSA-SHA3-512_signed-by_ECDSA-SHA224,ECDSA-SHA3-512_signed-by_ECDSA-SHA224,11.711,2447.57,1097.07,1,7,0.583333,98,24,3026.45,3038.17,1292,1291
1,3,97,ECDSA-SHA3-512_signed-by_ECDSA-SHA224,ECDSA-SHA3-512_signed-by_ECDSA-SHA224,9.422,3041.07,1806.64,1,7,0.538462,111.846,24,3012.35,2998.3,1291,1291
1,2,95,ECDSA-SHA3-512_signed-by_ECDSA-SHA224,ECDSA-SHA3-512_signed-by_ECDSA-SHA224,7.544,3799.08,1851.29,1,0,0,158,24,3037.92,3041.08,1292,1291
1,1,96,ECDSA-SHA3-512_signed-by_ECDSA-SHA224,ECDSA-SHA3-512_signed-by_ECDSA-SHA224,11.586,2473.24,1637.78,1,9,0.529412,102.941,24,3043.6,3007.12,1293,1289
1,8,96,ECDSA-SHA3-512_signed-by_ECDSA-SHA224,ECDSA-SHA3-512_signed-by_ECDSA-SHA224,15.982,1792.41,987.055,1,4,0.25,85.25,17,3032.31,3013.4,1292,1289
1,7,96,ECDSA-SHA3-512_signed-by_ECDSA-SHA224,ECDSA-SHA3-512_signed-by_ECDSA-SHA224,14.746,1941.57,1432.17,1,9,0.5625,113.5,17,3015.96,2983.67,1291,1288
1,5,95,ECDSA-SHA3-512_signed-by_ECDSA-SHA224,ECDSA-SHA3-512_signed-by_ECDSA-SHA224,17.19,1667.47,1793.59,1,28,1.33333,136.667,15,3013.48,3006.55,1293,1290
1,1,97,ECDSA-SHA3-512_signed-by_ECDSA-SHA224,ECDSA-SHA3-512_signed-by_ECDSA-SHA224,9.023,3175.86,2019.71,0.833333,9,0.75,144.667,24,3048.57,3006.76,1293,1289
1,2,96,ECDSA-SHA3-512_signed-by_ECDSA-SHA224,ECDSA-SHA3-512_signed-by_ECDSA-SHA224,11.17,2566.08,1261.91,0.846154,6,0.461538,97.6923,24,3299.14,3027.19,1292,1291
1,3,98,ECDSA-SHA3-512_signed-by_ECDSA-SHA224,ECDSA-SHA3-512_signed-by_ECDSA-SHA224,17.603,1627.88,1305.21,1,16,1,124.5,24,3048.05,2983.39,1291,1291
1,7,97,ECDSA-SHA3-512_signed-by_ECDSA-SHA224,ECDSA-SHA3-512_signed-by_ECDSA-SHA224,9.347,3063.18,1352.28,0.272727,0,0,110.364,17,3104.92,2982.9,1291,1288
1,8,97,ECDSA-SHA3-512_signed-by_ECDSA-SHA224,ECDSA-SHA3-512_signed-by_ECDSA-SHA224,11.099,2581.06,1624.6,0.545455,2,0.181818,120.909,17,3047.61,2998.24,1292,1289
1,5,96,ECDSA-SHA3-512_signed-by_ECDSA-SHA224,ECDSA-SHA3-512_signed-by_ECDSA-SHA224,9.2,3115.62,1333.9,1,0,0,118,15,3014.88,2983.78,1293,1290
1,1,98,ECDSA-SHA3-512_signed-by_ECDSA-SHA224,ECDSA-SHA3-512_signed-by_ECDSA-SHA224,8.52,3362.99,1654.27,0.692308,6,0.461538,104.462,24,3027.07,3021.38,1293,1289
1,2,97,ECDSA-SHA3-512_signed-by_ECDSA-SHA224,ECDSA-SHA3-512_signed-by_ECDSA-SHA224,9.004,3183.12,1362.8,1,0,0,123.333,24,3046.05,3081.5,1292,1291
1,8,98,ECDSA-SHA3-512_signed-by_ECDSA-SHA224,ECDSA-SHA3-512_signed-by_ECDSA-SHA224,9.327,3071.46,2156.28,1,14,0.875,113,17,3039.45,3028.53,1292,1289
1,3,99,ECDSA-SHA3-512_signed-by_ECDSA-SHA224,ECDSA-SHA3-512_signed-by_ECDSA-SHA224,11.45,2502.63,1094.12,1,0,0,110,24,3007.36,2990.58,1291,1291
1,7,98,ECDSA-SHA3-512_signed-by_ECDSA-SHA224,ECDSA-SHA3-512_signed-by_ECDSA-SHA224,13.288,2154.62,1549.59,1,8,0.5,104.5,17,3025.42,2984.13,1291,1288
1,5,97,ECDSA-SHA3-512_signed-by_ECDSA-SHA224,ECDSA-SHA3-512_signed-by_ECDSA-SHA224,10.629,2696.69,1246.36,1,1,0.0909091,102.727,15,3046.24,3010.91,1293,1290
1,8,99,ECDSA-SHA3-512_signed-by_ECDSA-SHA224,ECDSA-SHA3-512_signed-by_ECDSA-SHA224,9.161,3127.15,1964.84,0.4,8,0.533333,101.733,17,3008.6,3330.79,1292,1289
1,1,99,ECDSA-SHA3-512_signed-by_ECDSA-SHA224,ECDSA-SHA3-512_signed-by_ECDSA-SHA224,16.257,1762.58,1864.93,1,28,1.47368,169.789,24,3230.66,2999.34,1293,1289
1,7,99,ECDSA-SHA3-512_signed-by_ECDSA-SHA224,ECDSA-SHA3-512_signed-by_ECDSA-SHA224,9.062,3159.56,1382.47,0.1,0,0,118,17,3041.82,2992.79,1291,1288
1,5,98,ECDSA-SHA3-512_signed-by_ECDSA-SHA224,ECDSA-SHA3-512_signed-by_ECDSA-SHA224,8.673,3304.97,1414.96,0.111111,0,0,118,15,3020.7,2982.09,1293,1290
1,2,98,ECDSA-SHA3-512_signed-by_ECDSA-SHA224,ECDSA-SHA3-512_signed-by_ECDSA-SHA224,20.373,1406.93,925.908,1,11,0.733333,119.6,24,3035.99,2972.96,1292,1291
1,5,99,ECDSA-SHA3-512_signed-by_ECDSA-SHA224,ECDSA-SHA3-512_signed-by_ECDSA-SHA224,6.379,4493.11,1963.77,0,0,0,109.6,15,3002.24,2988.27,1293,1290
1,2,99,ECDSA-SHA3-512_signed-by_ECDSA-SHA224,ECDSA-SHA3-512_signed-by_ECDSA-SHA224,6.363,4504.52,1968.76,0,0,0,107.6,24,3011.2,2985.14,1292,1291
1,4,22,ECDSA-SHA3-512_signed-by_ECDSA-SHA224,ECDSA-SHA3-512_signed-by_ECDSA-SHA224,3005.94,9.53046,13.7541,1,36,1.09091,142.242,24,3043.9,3038.72,1292,1289
1,4,23,ECDSA-SHA3-512_signed-by_ECDSA-SHA224,ECDSA-SHA3-512_signed-by_ECDSA-SHA224,6.314,4537.08,1984.1,0,0,0,107.6,24,3056.73,3045.04,1292,1289
1,4,24,ECDSA-SHA3-512_signed-by_ECDSA-SHA224,ECDSA-SHA3-512_signed-by_ECDSA-SHA224,6.387,4485.23,1961.43,0,0,0,107.6,24,3058.55,3042.61,1292,1289
1,4,25,ECDSA-SHA3-512_signed-by_ECDSA-SHA224,ECDSA-SHA3-512_signed-by_ECDSA-SHA224,6.311,4539.24,1985.04,0,0,0,107.6,24,3078.95,3040.14,1292,1289
1,4,26,ECDSA-SHA3-512_signed-by_ECDSA-SHA224,ECDSA-SHA3-512_signed-by_ECDSA-SHA224,6.329,4526.33,1979.4,0,0,0,107.6,24,3052.88,3041.23,1292,1289
1,4,27,ECDSA-SHA3-512_signed-by_ECDSA-SHA224,ECDSA-SHA3-512_signed-by_ECDSA-SHA224,6.306,4542.84,1986.62,0,0,0,107.6,24,3058.71,3021.43,1292,1289
1,4,28,ECDSA-SHA3-512_signed-by_ECDSA-SHA224,ECDSA-SHA3-512_signed-by_ECDSA-SHA224,6.244,4587.94,2006.34,0,0,0,108,24,3079.56,3038.78,1292,1289
1,4,29,ECDSA-SHA3-512_signed-by_ECDSA-SHA224,ECDSA-SHA3-512_signed-by_ECDSA-SHA224,6.266,4571.84,1999.3,0,0,0,107.6,24,3235.87,3024.84,1292,1289
1,4,30,ECDSA-SHA3-512_signed-by_ECDSA-SHA224,ECDSA-SHA3-512_signed-by_ECDSA-SHA224,6.278,4563.1,1995.48,0,0,0,107.6,24,3063.85,3038.58,1292,1289
1,4,31,ECDSA-SHA3-512_signed-by_ECDSA-SHA224,ECDSA-SHA3-512_signed-by_ECDSA-SHA224,6.195,4624.23,2022.21,0,0,0,107.6,24,3055.29,3023.17,1292,1289
1,4,32,ECDSA-SHA3-512_signed-by_ECDSA-SHA224,ECDSA-SHA3-512_signed-by_ECDSA-SHA224,7.462,3839.09,1678.86,0,0,0,107.6,24,3069.87,3231.66,1292,1289
1,4,33,ECDSA-SHA3-512_signed-by_ECDSA-SHA224,ECDSA-SHA3-512_signed-by_ECDSA-SHA224,6.352,4509.94,1972.23,0,0,0,107.6,24,3058.02,3032.99,1292,1289
1,4,34,ECDSA-SHA3-512_signed-by_ECDSA-SHA224,ECDSA-SHA3-512_signed-by_ECDSA-SHA224,6.19,4627.97,2023.85,0,0,0,107.6,24,3060.51,3043.27,1292,1289
1,4,35,ECDSA-SHA3-512_signed-by_ECDSA-SHA224,ECDSA-SHA3-512_signed-by_ECDSA-SHA224,6.288,4555.84,1992.31,0,0,0,107.6,24,3059.99,3022.96,1292,1289
1,4,36,ECDSA-SHA3-512_signed-by_ECDSA-SHA224,ECDSA-SHA3-512_signed-by_ECDSA-SHA224,6.308,4541.4,1985.99,0,0,0,107.6,24,3067.91,3043.25,1292,1289
1,4,37,ECDSA-SHA3-512_signed-by_ECDSA-SHA224,ECDSA-SHA3-512_signed-by_ECDSA-SHA224,6.202,4619.01,2019.93,0,0,0,107.6,24,3054.19,3022.27,1292,1289
1,4,38,ECDSA-SHA3-512_signed-by_ECDSA-SHA224,ECDSA-SHA3-512_signed-by_ECDSA-SHA224,6.154,4655.04,2035.69,0,0,0,107.6,24,3076.76,3020.38,1292,1289
1,4,39,ECDSA-SHA3-512_signed-by_ECDSA-SHA224,ECDSA-SHA3-512_signed-by_ECDSA-SHA224,6.27,4568.92,1998.02,0,0,0,107.6,24,3069.26,3017.96,1292,1289
1,4,40,ECDSA-SHA3-512_signed-by_ECDSA-SHA224,ECDSA-SHA3-512_signed-by_ECDSA-SHA224,6.528,4388.35,1919.06,0,0,0,107.6,24,3078.37,3173.23,1292,1289
1,4,41,ECDSA-SHA3-512_signed-by_ECDSA-SHA224,ECDSA-SHA3-512_signed-by_ECDSA-SHA224,6.275,4565.28,1996.43,0,0,0,107.6,24,3062.27,3028.92,1292,1289
1,4,42,ECDSA-SHA3-512_signed-by_ECDSA-SHA224,ECDSA-SHA3-512_signed-by_ECDSA-SHA224,6.406,4471.92,1955.61,0,0,0,107.6,24,3055.89,3028,1292,1289
1,4,43,ECDSA-SHA3-512_signed-by_ECDSA-SHA224,ECDSA-SHA3-512_signed-by_ECDSA-SHA224,6.28,4561.64,1994.84,0,0,0,107.6,24,3068.59,3041.4,1292,1289
1,4,44,ECDSA-SHA3-512_signed-by_ECDSA-SHA224,ECDSA-SHA3-512_signed-by_ECDSA-SHA224,6.249,4584.27,2004.74,0,0,0,107.6,24,3057.93,3025.78,1292,1289
1,4,45,ECDSA-SHA3-512_signed-by_ECDSA-SHA224,ECDSA-SHA3-512_signed-by_ECDSA-SHA224,6.384,4487.33,1962.35,0,0,0,107.6,24,3071.5,3038.38,1292,1289
1,4,46,ECDSA-SHA3-512_signed-by_ECDSA-SHA224,ECDSA-SHA3-512_signed-by_ECDSA-SHA224,6.36,4504.27,1969.75,0,0,0,107.6,24,3062.68,3032.41,1292,1289
1,4,47,ECDSA-SHA3-512_signed-by_ECDSA-SHA224,ECDSA-SHA3-512_signed-by_ECDSA-SHA224,6.349,4512.07,1973.16,0,0,0,107.6,24,3064.59,3028.36,1292,1289
1,4,48,ECDSA-SHA3-512_signed-by_ECDSA-SHA224,ECDSA-SHA3-512_signed-by_ECDSA-SHA224,7.499,3820.21,1670.61,0,0,0,107.6,24,3065.58,3032.57,1292,1289
1,4,49,ECDSA-SHA3-512_signed-by_ECDSA-SHA224,ECDSA-SHA3-512_signed-by_ECDSA-SHA224,6.258,4577.68,2001.86,0,0,0,107.6,24,3073.92,3012.79,1292,1289
1,4,50,ECDSA-SHA3-512_signed-by_ECDSA-SHA224,ECDSA-SHA3-512_signed-by_ECDSA-SHA224,6.276,4564.55,1996.11,0,0,0,107.6,24,3060.82,3035.91,1292,1289
1,4,51,ECDSA-SHA3-512_signed-by_ECDSA-SHA224,ECDSA-SHA3-512_signed-by_ECDSA-SHA224,6.333,4523.47,1978.15,0,0,0,107.6,24,3060.7,3015.82,1292,1289
1,4,52,ECDSA-SHA3-512_signed-by_ECDSA-SHA224,ECDSA-SHA3-512_signed-by_ECDSA-SHA224,6.2,4620.5,2020.58,0,0,0,107.6,24,3064.06,3033.85,1292,1289
1,4,53,ECDSA-SHA3-512_signed-by_ECDSA-SHA224,ECDSA-SHA3-512_signed-by_ECDSA-SHA224,6.286,4557.29,1992.94,0,0,0,107.6,24,3054.5,3042.06,1292,1289
1,4,54,ECDSA-SHA3-512_signed-by_ECDSA-SHA224,ECDSA-SHA3-512_signed-by_ECDSA-SHA224,6.275,4565.28,1996.43,0,0,0,107.6,24,3069.3,3046.85,1292,1289
1,4,55,ECDSA-SHA3-512_signed-by_ECDSA-SHA224,ECDSA-SHA3-512_signed-by_ECDSA-SHA224,6.358,4505.68,1970.37,0,0,0,107.6,24,3072.84,3081.57,1292,1289
1,4,56,ECDSA-SHA3-512_signed-by_ECDSA-SHA224,ECDSA-SHA3-512_signed-by_ECDSA-SHA224,6.246,4586.47,2005.7,0,0,0,107.6,24,3062.35,3021.78,1292,1289
1,4,57,ECDSA-SHA3-512_signed-by_ECDSA-SHA224,ECDSA-SHA3-512_signed-by_ECDSA-SHA224,6.287,4556.57,1992.62,0,0,0,107.6,24,3063,3038.32,1292,1289
1,4,58,ECDSA-SHA3-512_signed-by_ECDSA-SHA224,ECDSA-SHA3-512_signed-by_ECDSA-SHA224,6.28,4561.64,1994.84,0,0,0,107.6,24,3054.23,3021.48,1292,1289
1,4,59,ECDSA-SHA3-512_signed-by_ECDSA-SHA224,ECDSA-SHA3-512_signed-by_ECDSA-SHA224,6.242,4589.41,2006.99,0,0,0,107.6,24,3054.83,3013.04,1292,1289
1,4,60,ECDSA-SHA3-512_signed-by_ECDSA-SHA224,ECDSA-SHA3-512_signed-by_ECDSA-SHA224,6.208,4614.55,2017.98,0,0,0,107.6,24,3047.05,3004.56,1292,1289
1,4,61,ECDSA-SHA3-512_signed-by_ECDSA-SHA224,ECDSA-SHA3-512_signed-by_ECDSA-SHA224,6.191,4627.22,2023.52,0,0,0,107.6,24,3048.13,3013.57,1292,1289
1,4,62,ECDSA-SHA3-512_signed-by_ECDSA-SHA224,ECDSA-SHA3-512_signed-by_ECDSA-SHA224,6.213,4610.83,2016.35,0,0,0,107.6,24,3041,3006.47,1292,1289
1,4,63,ECDSA-SHA3-512_signed-by_ECDSA-SHA224,ECDSA-SHA3-512_signed-by_ECDSA-SHA224,6.236,4593.83,2008.92,0,0,0,107.6,24,3041.93,3016.71,1292,1289
1,4,64,ECDSA-SHA3-512_signed-by_ECDSA-SHA224,ECDSA-SHA3-512_signed-by_ECDSA-SHA224,6.252,4582.07,2003.78,0,0,0,107.6,24,3067.49,3015.8,1292,1289
1,4,65,ECDSA-SHA3-512_signed-by_ECDSA-SHA224,ECDSA-SHA3-512_signed-by_ECDSA-SHA224,6.288,4555.93,1992.34,0,0,0,107.6,24,3135.61,3013.29,1292,1289
1,4,66,ECDSA-SHA3-512_signed-by_ECDSA-SHA224,ECDSA-SHA3-512_signed-by_ECDSA-SHA224,6.343,4516.34,1975.03,0,0,0,107.6,24,3050.63,3017.1,1292,1289
1,4,67,ECDSA-SHA3-512_signed-by_ECDSA-SHA224,ECDSA-SHA3-512_signed-by_ECDSA-SHA224,6.283,4559.47,1993.89,0,0,0,107.6,24,3050.16,3023.12,1292,1289
1,4,68,ECDSA-SHA3-512_signed-by_ECDSA-SHA224,ECDSA-SHA3-512_signed-by_ECDSA-SHA224,6.321,4532.06,1981.9,0,0,0,107.6,24,3221,3029.82,1292,1289
1,4,69,ECDSA-SHA3-512_signed-by_ECDSA-SHA224,ECDSA-SHA3-512_signed-by_ECDSA-SHA224,6.172,4641.46,2029.75,0,0,0,107.6,24,3031.34,3021.14,1292,1289
1,4,70,ECDSA-SHA3-512_signed-by_ECDSA-SHA224,ECDSA-SHA3-512_signed-by_ECDSA-SHA224,6.378,4491.55,1964.19,0,0,0,107.6,24,3036.57,3017.63,1292,1289
1,4,71,ECDSA-SHA3-512_signed-by_ECDSA-SHA224,ECDSA-SHA3-512_signed-by_ECDSA-SHA224,6.25,4583.54,2004.42,0,0,0,107.6,24,3021.57,2995.46,1292,1289
1,4,72,ECDSA-SHA3-512_signed-by_ECDSA-SHA224,ECDSA-SHA3-512_signed-by_ECDSA-SHA224,6.208,4614.55,2017.98,0,0,0,107.6,24,3025.21,2994.94,1292,1289
1,4,73,ECDSA-SHA3-512_signed-by_ECDSA-SHA224,ECDSA-SHA3-512_signed-by_ECDSA-SHA224,6.22,4605.65,2014.09,0,0,0,107.6,24,3035.02,3000.87,1292,1289
1,4,74,ECDSA-SHA3-512_signed-by_ECDSA-SHA224,ECDSA-SHA3-512_signed-by_ECDSA-SHA224,6.168,4644.47,2031.07,0,0,0,107.6,24,3027.82,2998.84,1292,1289
1,4,75,ECDSA-SHA3-512_signed-by_ECDSA-SHA224,ECDSA-SHA3-512_signed-by_ECDSA-SHA224,6.252,4582.07,2003.78,0,0,0,107.6,24,3025.32,2995.82,1292,1289
1,4,76,ECDSA-SHA3-512_signed-by_ECDSA-SHA224,ECDSA-SHA3-512_signed-by_ECDSA-SHA224,6.208,4614.55,2017.98,0,0,0,107.6,24,3036.32,2983.83,1292,1289
1,4,77,ECDSA-SHA3-512_signed-by_ECDSA-SHA224,ECDSA-SHA3-512_signed-by_ECDSA-SHA224,6.206,4616.04,2018.63,0,0,0,107.6,24,3029.33,2982.39,1292,1289
1,4,78,ECDSA-SHA3-512_signed-by_ECDSA-SHA224,ECDSA-SHA3-512_signed-by_ECDSA-SHA224,6.231,4597.52,2010.53,0,0,0,107.6,24,3038.31,2994.21,1292,1289
1,4,79,ECDSA-SHA3-512_signed-by_ECDSA-SHA224,ECDSA-SHA3-512_signed-by_ECDSA-SHA224,6.149,4658.82,2037.34,0,0,0,107.6,24,3021.04,2987.33,1292,1289
1,4,80,ECDSA-SHA3-512_signed-by_ECDSA-SHA224,ECDSA-SHA3-512_signed-by_ECDSA-SHA224,6.208,4614.55,2017.98,0,0,0,107.6,24,3040.89,2992.91,1292,1289
1,4,81,ECDSA-SHA3-512_signed-by_ECDSA-SHA224,ECDSA-SHA3-512_signed-by_ECDSA-SHA224,6.537,4382.36,1916.44,0,0,0,107.6,24,3035.66,3002.58,1292,1289
1,4,82,ECDSA-SHA3-512_signed-by_ECDSA-SHA224,ECDSA-SHA3-512_signed-by_ECDSA-SHA224,6.3,4547.16,1988.51,0,0,0,107.6,24,3026.25,2990.8,1292,1289
1,4,83,ECDSA-SHA3-512_signed-by_ECDSA-SHA224,ECDSA-SHA3-512_signed-by_ECDSA-SHA224,6.338,4519.9,1976.59,0,0,0,107.6,24,3035.8,2999.53,1292,1289
1,4,84,ECDSA-SHA3-512_signed-by_ECDSA-SHA224,ECDSA-SHA3-512_signed-by_ECDSA-SHA224,6.158,4652.01,2034.36,0,0,0,107.6,24,3048.07,2995.6,1292,1289
1,4,85,ECDSA-SHA3-512_signed-by_ECDSA-SHA224,ECDSA-SHA3-512_signed-by_ECDSA-SHA224,6.266,4571.84,1999.3,0,0,0,107.6,24,3023.15,2989.12,1292,1289
1,4,86,ECDSA-SHA3-512_signed-by_ECDSA-SHA224,ECDSA-SHA3-512_signed-by_ECDSA-SHA224,6.135,4669.45,2041.99,0,0,0,107.6,24,3018.74,2984.68,1292,1289
1,4,87,ECDSA-SHA3-512_signed-by_ECDSA-SHA224,ECDSA-SHA3-512_signed-by_ECDSA-SHA224,6.627,4322.8,1890.39,0,0,0,108.8,24,3038.75,2986.88,1292,1289
1,4,88,ECDSA-SHA3-512_signed-by_ECDSA-SHA224,ECDSA-SHA3-512_signed-by_ECDSA-SHA224,6.601,4339.82,1897.84,0,0,0,170,24,3022.37,2999.82,1292,1289
1,4,89,ECDSA-SHA3-512_signed-by_ECDSA-SHA224,ECDSA-SHA3-512_signed-by_ECDSA-SHA224,6.286,4557.29,1992.94,0,0,0,107.6,24,3027.88,2974.19,1292,1289
1,4,90,ECDSA-SHA3-512_signed-by_ECDSA-SHA224,ECDSA-SHA3-512_signed-by_ECDSA-SHA224,6.229,4598.99,2011.18,0,0,0,107.6,24,3022.93,2982.58,1292,1289
1,4,91,ECDSA-SHA3-512_signed-by_ECDSA-SHA224,ECDSA-SHA3-512_signed-by_ECDSA-SHA224,6.261,4575.49,2000.9,0,0,0,107.6,24,3031.71,3006.16,1292,1289
1,4,92,ECDSA-SHA3-512_signed-by_ECDSA-SHA224,ECDSA-SHA3-512_signed-by_ECDSA-SHA224,6.348,4512.78,1973.48,0,0,0,107.6,24,3024.97,2998.69,1292,1289
1,4,93,ECDSA-SHA3-512_signed-by_ECDSA-SHA224,ECDSA-SHA3-512_signed-by_ECDSA-SHA224,6.193,4625.72,2022.87,0,0,0,107.6,24,3032,2990.15,1292,1289
1,4,94,ECDSA-SHA3-512_signed-by_ECDSA-SHA224,ECDSA-SHA3-512_signed-by_ECDSA-SHA224,6.28,4561.64,1994.84,0,0,0,107.6,24,3073.11,3000.24,1292,1289
1,4,95,ECDSA-SHA3-512_signed-by_ECDSA-SHA224,ECDSA-SHA3-512_signed-by_ECDSA-SHA224,6.263,4574.03,2000.26,0,0,0,107.6,24,3012.51,3002.94,1292,1289
1,4,96,ECDSA-SHA3-512_signed-by_ECDSA-SHA224,ECDSA-SHA3-512_signed-by_ECDSA-SHA224,6.23,4598.25,2010.85,0,0,0,107.6,24,3023.39,3008.31,1292,1289
1,4,97,ECDSA-SHA3-512_signed-by_ECDSA-SHA224,ECDSA-SHA3-512_signed-by_ECDSA-SHA224,7.713,3714.16,1624.23,0,0,0,107.6,24,3032.75,2996.82,1292,1289
1,4,98,ECDSA-SHA3-512_signed-by_ECDSA-SHA224,ECDSA-SHA3-512_signed-by_ECDSA-SHA224,6.236,4593.83,2008.92,0,0,0,107.6,24,3030,2992.99,1292,1289
1,4,99,ECDSA-SHA3-512_signed-by_ECDSA-SHA224,ECDSA-SHA3-512_signed-by_ECDSA-SHA224,6.22,4605.65,2014.09,0,0,0,107.6,24,3008.19,2991.82,1292,1289
