scenario,node_id,handshake_index,sta_cert_algo,ap_cert_algo,handshake_delay_ms,goodput_kbps,throughput_kbps,phy_frame_drop_rate,mac_retries,mac_retry_rate,tx_delay_us,prop_delay_ns,cert_verify_ap_us,cert_verify_sta_us,server_cert_msg_bytes,client_cert_msg_bytes
1,8,0,ECDSA-SHA256_signed-by_RSA-SHA3-256,ECDSA-SHA256_signed-by_RSA-SHA3-256,29.718,1231.03,577.695,0.714286,14,0.666667,197.81,14,2190.73,2244.53,1788,1785
1,3,0,ECDSA-SHA256_signed-by_RSA-SHA3-256,ECDSA-SHA256_signed-by_RSA-SHA3-256,44.141,829.151,388.931,1,14,0.666667,188.286,24,2149.77,2143.36,1789,1786
1,2,0,ECDSA-SHA256_signed-by_RSA-SHA3-256,ECDSA-SHA256_signed-by_RSA-SHA3-256,55.351,661.234,174.017,1,1,0.0625,226.75,24,2182.83,2191.6,1789,1786
1,6,0,ECDSA-SHA256_signed-by_RSA-SHA3-256,ECDSA-SHA256_signed-by_RSA-SHA3-256,65.074,562.558,139.902,1,0,0,164.667,8,2174.05,2157.46,1789,1787
1,7,0,ECDSA-SHA256_signed-by_RSA-SHA3-256,ECDSA-SHA256_signed-by_RSA-SHA3-256,73.261,499.471,128.307,1,1,0.0625,176.625,16,2187.78,2231.76,1789,1785
1,8,1,ECDSA-SHA256_signed-by_RSA-SHA3-256,ECDSA-SHA256_signed-by_RSA-SHA3-256,44.748,817.545,576.733,1,27,1.125,833.5,14,2165.08,2136.14,1788,1785
1,5,0,ECDSA-SHA256_signed-by_RSA-SHA3-256,ECDSA-SHA256_signed-by_RSA-SHA3-256,79.85,458.459,149.079,1,7,0.269231,194.308,15,2174.59,2154.29,1789,1787
1,3,1,ECDSA-SHA256_signed-by_RSA-SHA3-256,ECDSA-SHA256_signed-by_RSA-SHA3-256,38.105,960.488,622.27,0.809524,20,0.952381,885.048,24,2150.91,2099.98,1789,1786
1,2,1,ECDSA-SHA256_signed-by_RSA-SHA3-256,ECDSA-SHA256_signed-by_RSA-SHA3-256,27.496,1331.1,472.503,0.7,0,0,838,24,2173.95,2128.12,1789,1786
1,1,0,ECDSA-SHA256_signed-by_RSA-SHA3-256,ECDSA-SHA256_signed-by_RSA-SHA3-256,86.483,423.017,145.322,1,7,0.318182,190.636,24,2181.06,2168.32,1788,1785
1,6,1,ECDSA-SHA256_signed-by_RSA-SHA3-256,ECDSA-SHA256_signed-by_RSA-SHA3-256,23.298,1571.27,557.634,1,0,0,130.8,8,2162.38,2154.8,1789,1787
1,7,1,ECDSA-SHA256_signed-by_RSA-SHA3-256,ECDSA-SHA256_signed-by_RSA-SHA3-256,15.918,2298.76,816.176,0.6,0,0,140.8,16,2148.19,2120.23,1789,1785
1,8,2,ECDSA-SHA256_signed-by_RSA-SHA3-256,ECDSA-SHA256_signed-by_RSA-SHA3-256,18.381,1990.27,706.8,1,0,0,140.8,14,2141.78,2139.09,1788,1785
1,5,1,ECDSA-SHA256_signed-by_RSA-SHA3-256,ECDSA-SHA256_signed-by_RSA-SHA3-256,14.315,2557.3,975.751,1,0,0,293,15,2165.22,2100.76,1789,1787
1,3,2,ECDSA-SHA256_signed-by_RSA-SHA3-256,ECDSA-SHA256_signed-by_RSA-SHA3-256,16.679,2194.32,950.631,1,7,0.4375,103.5,24,2167.26,2100.5,1789,1786
1,2,2,ECDSA-SHA256_signed-by_RSA-SHA3-256,ECDSA-SHA256_signed-by_RSA-SHA3-256,18.62,1965.55,1252.8,1,21,0.954545,158.727,24,2145.74,2129.99,1789,1786
1,6,2,ECDSA-SHA256_signed-by_RSA-SHA3-256,ECDSA-SHA256_signed-by_RSA-SHA3-256,15.247,2400.92,899.296,1,1,0.0909091,123.818,8,2139.97,2116.3,1789,1787
1,1,1,ECDSA-SHA256_signed-by_RSA-SHA3-256,ECDSA-SHA256_signed-by_RSA-SHA3-256,18.676,1958.81,1296.16,1,18,0.947368,139.263,24,2160.47,2134.83,1788,1785
1,8,3,ECDSA-SHA256_signed-by_RSA-SHA3-256,ECDSA-SHA256_signed-by_RSA-SHA3-256,12.869,2842.77,1009.55,1,0,0,140.8,14,2158.79,2130.71,1788,1785
1,5,2,ECDSA-SHA256_signed-by_RSA-SHA3-256,ECDSA-SHA256_signed-by_RSA-SHA3-256,13.047,2805.8,1290.08,1,2,0.166667,252.333,15,2185.13,2142.33,1789,1787
1,3,3,ECDSA-SHA256_signed-by_RSA-SHA3-256,ECDSA-SHA256_signed-by_RSA-SHA3-256,12.426,2945.41,1291.47,1,11,0.647059,99.6471,24,2165.07,2139.24,1789,1786
1,7,2,ECDSA-SHA256_signed-by_RSA-SHA3-256,ECDSA-SHA256_signed-by_RSA-SHA3-256,22.737,1609.35,800.102,1,8,0.5,118.75,16,2172.45,2134.18,1789,1785
1,1,2,ECDSA-SHA256_signed-by_RSA-SHA3-256,ECDSA-SHA256_signed-by_RSA-SHA3-256,12.472,2933.27,1041.69,1,0,0,140.8,24,2141.59,2228.34,1788,1785
1,8,4,ECDSA-SHA256_signed-by_RSA-SHA3-256,ECDSA-SHA256_signed-by_RSA-SHA3-256,15.751,2322.58,857.317,1,0,0,123.667,14,2147.42,2130.34,1788,1785
1,6,3,ECDSA-SHA256_signed-by_RSA-SHA3-256,ECDSA-SHA256_signed-by_RSA-SHA3-256,19.216,1905,1615.26,1,38,1.9,176,8,2169.35,2127.69,1789,1787
1,5,3,ECDSA-SHA256_signed-by_RSA-SHA3-256,ECDSA-SHA256_signed-by_RSA-SHA3-256,16.233,2255.1,1185.7,1,13,0.8125,219,15,2162.47,2120.12,1789,1787
1,7,3,ECDSA-SHA256_signed-by_RSA-SHA3-256,ECDSA-SHA256_signed-by_RSA-SHA3-256,12.417,2946.89,1256.33,1,11,0.733333,115.333,16,2148.18,2113.79,1789,1785
1,3,4,ECDSA-SHA256_signed-by_RSA-SHA3-256,ECDSA-SHA256_signed-by_RSA-SHA3-256,14.699,2489.9,2000.63,1,24,0.96,199.12,24,2159.85,2122.68,1789,1786
1,1,3,ECDSA-SHA256_signed-by_RSA-SHA3-256,ECDSA-SHA256_signed-by_RSA-SHA3-256,18.524,1974.9,957.868,1,7,0.5,130.286,24,2140.69,2122.09,1788,1785
1,2,3,ECDSA-SHA256_signed-by_RSA-SHA3-256,ECDSA-SHA256_signed-by_RSA-SHA3-256,37.524,975.374,422.556,1,3,0.1875,404.5,24,2156.64,2134.6,1789,1786
1,5,4,ECDSA-SHA256_signed-by_RSA-SHA3-256,ECDSA-SHA256_signed-by_RSA-SHA3-256,16.106,2272.92,1456.34,1,20,1,674,15,2192.31,2123.07,1789,1787
1,3,5,ECDSA-SHA256_signed-by_RSA-SHA3-256,ECDSA-SHA256_signed-by_RSA-SHA3-256,14.317,2556.23,907.39,1,0,0,130.8,24,2158.41,2109.44,1789,1786
1,6,4,ECDSA-SHA256_signed-by_RSA-SHA3-256,ECDSA-SHA256_signed-by_RSA-SHA3-256,22.14,1653.43,698.084,1,3,0.2,168.4,8,2175.07,2117,1789,1787
1,1,4,ECDSA-SHA256_signed-by_RSA-SHA3-256,ECDSA-SHA256_signed-by_RSA-SHA3-256,13.21,2769.39,983.489,0.6,0,0,140.8,24,2123.6,2114.71,1788,1785
1,7,4,ECDSA-SHA256_signed-by_RSA-SHA3-256,ECDSA-SHA256_signed-by_RSA-SHA3-256,25.91,1412.22,782.989,1,11,0.578947,281.158,16,2123.59,2145.69,1789,1785
1,8,5,ECDSA-SHA256_signed-by_RSA-SHA3-256,ECDSA-SHA256_signed-by_RSA-SHA3-256,29.531,1238.82,856.043,1,24,1.33333,174.222,14,2152.08,2121.27,1788,1785
1,5,5,ECDSA-SHA256_signed-by_RSA-SHA3-256,ECDSA-SHA256_signed-by_RSA-SHA3-256,12.303,2975.31,1055.92,0,0,0,264,15,2136.71,2103.34,1789,1787
1,2,4,ECDSA-SHA256_signed-by_RSA-SHA3-256,ECDSA-SHA256_signed-by_RSA-SHA3-256,13.72,2667.64,1380.76,0.384615,11,0.846154,227.538,24,2126.89,2140.59,1789,1786
1,3,6,ECDSA-SHA256_signed-by_RSA-SHA3-256,ECDSA-SHA256_signed-by_RSA-SHA3-256,13.664,2678.56,950.816,0,0,0,130.8,24,2156.84,2135.04,1789,1786
1,6,5,ECDSA-SHA256_signed-by_RSA-SHA3-256,ECDSA-SHA256_signed-by_RSA-SHA3-256,15.086,2426.58,861.182,0.4,0,0,130.8,8,2162.79,2138.48,1789,1787
1,7,5,ECDSA-SHA256_signed-by_RSA-SHA3-256,ECDSA-SHA256_signed-by_RSA-SHA3-256,11.103,3295.41,1170.04,0.9,0,0,138.4,16,2153.22,2118.65,1789,1785
1,8,6,ECDSA-SHA256_signed-by_RSA-SHA3-256,ECDSA-SHA256_signed-by_RSA-SHA3-256,11.119,3289.95,1595.7,1,7,0.5,125.714,14,2150.97,2119.98,1788,1785
1,5,6,ECDSA-SHA256_signed-by_RSA-SHA3-256,ECDSA-SHA256_signed-by_RSA-SHA3-256,11.588,3159.11,1130.82,1,0,0,200.909,15,2143.03,2137.12,1789,1787
1,2,5,ECDSA-SHA256_signed-by_RSA-SHA3-256,ECDSA-SHA256_signed-by_RSA-SHA3-256,15.663,2336.67,845.8,1,0,0,176.182,24,2161.06,2136.62,1789,1786
1,3,7,ECDSA-SHA256_signed-by_RSA-SHA3-256,ECDSA-SHA256_signed-by_RSA-SHA3-256,15.18,2411.04,855.852,1,0,0,130.8,24,2151.53,2123.09,1789,1786
1,1,5,ECDSA-SHA256_signed-by_RSA-SHA3-256,ECDSA-SHA256_signed-by_RSA-SHA3-256,20.463,1787.77,876.487,1,8,0.533333,124.133,24,2158.97,2109.83,1788,1785
1,7,6,ECDSA-SHA256_signed-by_RSA-SHA3-256,ECDSA-SHA256_signed-by_RSA-SHA3-256,13.773,2656.78,961.877,1,0,0,131.455,16,2343.66,2121.52,1789,1785
1,8,7,ECDSA-SHA256_signed-by_RSA-SHA3-256,ECDSA-SHA256_signed-by_RSA-SHA3-256,13.529,2704.1,960.302,0.8,0,0,139.6,14,2170.97,2132.83,1788,1785
1,6,6,ECDSA-SHA256_signed-by_RSA-SHA3-256,ECDSA-SHA256_signed-by_RSA-SHA3-256,16.509,2217.42,1508,1,22,1.375,171,8,2176.64,2118.74,1789,1787
1,5,7,ECDSA-SHA256_signed-by_RSA-SHA3-256,ECDSA-SHA256_signed-by_RSA-SHA3-256,13.933,2627.25,932.399,0.8,0,0,264,15,2132.9,2097.62,1789,1787
1,3,8,ECDSA-SHA256_signed-by_RSA-SHA3-256,ECDSA-SHA256_signed-by_RSA-SHA3-256,11.344,3226.37,1669.95,0.615385,11,0.846154,153.077,24,2137.33,2139.8,1789,1786
1,1,6,ECDSA-SHA256_signed-by_RSA-SHA3-256,ECDSA-SHA256_signed-by_RSA-SHA3-256,12.674,2886.49,1025.07,1,4,0.4,188.8,24,2142.68,2126.92,1788,1785
1,2,6,ECDSA-SHA256_signed-by_RSA-SHA3-256,ECDSA-SHA256_signed-by_RSA-SHA3-256,15.494,2362.14,1145.19,1,11,0.785714,180.857,24,2171.17,2132.51,1789,1786
1,7,7,ECDSA-SHA256_signed-by_RSA-SHA3-256,ECDSA-SHA256_signed-by_RSA-SHA3-256,9.51,3847.4,1613.32,0.642857,7,0.5,120.857,16,2155.14,2110.24,1789,1785
1,8,8,ECDSA-SHA256_signed-by_RSA-SHA3-256,ECDSA-SHA256_signed-by_RSA-SHA3-256,11.499,3181.47,1129.83,1,4,0.4,130.8,14,2172.91,2135.65,1788,1785
1,6,7,ECDSA-SHA256_signed-by_RSA-SHA3-256,ECDSA-SHA256_signed-by_RSA-SHA3-256,13.835,2645.99,939.048,1,0,0,130.8,8,2179.47,2200.94,1789,1787
1,5,8,ECDSA-SHA256_signed-by_RSA-SHA3-256,ECDSA-SHA256_signed-by_RSA-SHA3-256,13.769,2658.67,1114.36,1,7,0.5,193.429,15,2162.26,2121.51,1789,1787
1,3,9,ECDSA-SHA256_signed-by_RSA-SHA3-256,ECDSA-SHA256_signed-by_RSA-SHA3-256,16.237,2254.05,800.124,1,0,0,135.6,24,2149.32,2142.02,1789,1786
1,1,7,ECDSA-SHA256_signed-by_RSA-SHA3-256,ECDSA-SHA256_signed-by_RSA-SHA3-256,16.657,2196.26,951.888,1,3,0.1875,174,24,2157.8,2112.55,1788,1785
1,7,8,ECDSA-SHA256_signed-by_RSA-SHA3-256,ECDSA-SHA256_signed-by_RSA-SHA3-256,15.338,2385.65,847.026,1,0,0,130.8,16,2155.04,2134.9,1789,1785
1,8,9,ECDSA-SHA256_signed-by_RSA-SHA3-256,ECDSA-SHA256_signed-by_RSA-SHA3-256,14.851,2463.36,1033.18,1,3,0.214286,178,14,2155.42,2139.18,1788,1785
1,2,7,ECDSA-SHA256_signed-by_RSA-SHA3-256,ECDSA-SHA256_signed-by_RSA-SHA3-256,18.944,1931.94,1666.33,1,37,1.42308,468.462,24,2173.99,2143.14,1789,1786
1,5,9,ECDSA-SHA256_signed-by_RSA-SHA3-256,ECDSA-SHA256_signed-by_RSA-SHA3-256,16.069,2278.12,847.325,1,0,0,154.615,15,2147.81,2119.67,1789,1787
1,6,8,ECDSA-SHA256_signed-by_RSA-SHA3-256,ECDSA-SHA256_signed-by_RSA-SHA3-256,18.014,2032.14,1062.26,1,16,1.14286,144.857,8,2159.3,2379.27,1789,1787
1,3,10,ECDSA-SHA256_signed-by_RSA-SHA3-256,ECDSA-SHA256_signed-by_RSA-SHA3-256,12.394,2952.82,1427.68,1,18,1,106.889,24,2163.23,2113.36,1789,1786
1,1,8,ECDSA-SHA256_signed-by_RSA-SHA3-256,ECDSA-SHA256_signed-by_RSA-SHA3-256,15.664,2335.48,829.395,1,0,0,140.8,24,2126.65,2119.65,1788,1785
1,7,9,ECDSA-SHA256_signed-by_RSA-SHA3-256,ECDSA-SHA256_signed-by_RSA-SHA3-256,15.971,2291.08,1426.54,1,13,0.866667,146.8,16,2155.18,2119.06,1789,1785
1,8,10,ECDSA-SHA256_signed-by_RSA-SHA3-256,ECDSA-SHA256_signed-by_RSA-SHA3-256,15.502,2359.87,1234.38,1,16,1.14286,144.857,14,2130.65,2113.02,1788,1785
1,5,10,ECDSA-SHA256_signed-by_RSA-SHA3-256,ECDSA-SHA256_signed-by_RSA-SHA3-256,12.326,2969.92,1054.01,1,0,0,190,15,2133.88,2146.15,1789,1787
1,2,8,ECDSA-SHA256_signed-by_RSA-SHA3-256,ECDSA-SHA256_signed-by_RSA-SHA3-256,17.449,2097.46,1057.21,1,8,0.470588,150,24,2152.22,2129.83,1789,1786
1,6,9,ECDSA-SHA256_signed-by_RSA-SHA3-256,ECDSA-SHA256_signed-by_RSA-SHA3-256,13.682,2675.53,1749.39,1,12,0.6,154.8,8,2150.07,2140.23,1789,1787
1,7,10,ECDSA-SHA256_signed-by_RSA-SHA3-256,ECDSA-SHA256_signed-by_RSA-SHA3-256,15.846,2309.15,836.019,1,0,0,122.364,16,2150.33,2141.37,1789,1785
1,2,9,ECDSA-SHA256_signed-by_RSA-SHA3-256,ECDSA-SHA256_signed-by_RSA-SHA3-256,12.253,2986.97,1546.04,1,11,0.846154,227.538,24,2169.97,2128.86,1789,1786
1,3,11,ECDSA-SHA256_signed-by_RSA-SHA3-256,ECDSA-SHA256_signed-by_RSA-SHA3-256,25.692,1424.53,1115.34,1,28,1.07692,267.077,24,2156.22,2097.03,1789,1786
1,5,11,ECDSA-SHA256_signed-by_RSA-SHA3-256,ECDSA-SHA256_signed-by_RSA-SHA3-256,15.91,2300.86,1310.32,1,19,1,149.579,15,2167.58,2131.07,1789,1787
1,8,11,ECDSA-SHA256_signed-by_RSA-SHA3-256,ECDSA-SHA256_signed-by_RSA-SHA3-256,20.049,1824.65,1015.07,1,10,0.526316,153.789,14,2221.3,2102.63,1788,1785
1,6,10,ECDSA-SHA256_signed-by_RSA-SHA3-256,ECDSA-SHA256_signed-by_RSA-SHA3-256,16.373,2235.81,820.839,1,7,0.583333,115.333,8,2132.22,2166.01,1789,1787
1,1,9,ECDSA-SHA256_signed-by_RSA-SHA3-256,ECDSA-SHA256_signed-by_RSA-SHA3-256,25.071,1459.19,1324.22,1,32,1.28,170.32,24,2160.19,2126.56,1788,1785
1,2,10,ECDSA-SHA256_signed-by_RSA-SHA3-256,ECDSA-SHA256_signed-by_RSA-SHA3-256,15.465,2366.56,856.618,1,0,0,176.182,24,2165.88,2147.35,1789,1786
1,3,12,ECDSA-SHA256_signed-by_RSA-SHA3-256,ECDSA-SHA256_signed-by_RSA-SHA3-256,13.831,2646.18,1109.37,1,7,0.5,131.714,24,2151.45,2124.95,1789,1786
1,8,12,ECDSA-SHA256_signed-by_RSA-SHA3-256,ECDSA-SHA256_signed-by_RSA-SHA3-256,12.447,2939.14,1241.73,1,11,0.733333,107.6,14,2170.7,2131.02,1788,1785
1,1,10,ECDSA-SHA256_signed-by_RSA-SHA3-256,ECDSA-SHA256_signed-by_RSA-SHA3-256,12.525,2920.84,1093.48,1,5,0.384615,117.077,24,2181.4,2115.26,1788,1785
1,6,11,ECDSA-SHA256_signed-by_RSA-SHA3-256,ECDSA-SHA256_signed-by_RSA-SHA3-256,14.977,2444.22,1059.73,1,1,0.0714286,179.143,8,2162.7,2137.25,1789,1787
1,5,12,ECDSA-SHA256_signed-by_RSA-SHA3-256,ECDSA-SHA256_signed-by_RSA-SHA3-256,19.686,1859.53,1253.23,1,23,0.958333,333.667,15,2179.68,2115.49,1789,1787
1,2,11,ECDSA-SHA256_signed-by_RSA-SHA3-256,ECDSA-SHA256_signed-by_RSA-SHA3-256,10.58,3459.07,1227.87,0.7,0,0,190,24,2171.76,2126.51,1789,1786
1,3,13,ECDSA-SHA256_signed-by_RSA-SHA3-256,ECDSA-SHA256_signed-by_RSA-SHA3-256,11.494,3184.27,1169.3,0.666667,3,0.25,129,24,2156.49,2130.77,1789,1786
1,6,12,ECDSA-SHA256_signed-by_RSA-SHA3-256,ECDSA-SHA256_signed-by_RSA-SHA3-256,8.661,4226.36,1499.91,0.3,0,0,130.8,8,2171.53,2140.94,1789,1787
1,8,13,ECDSA-SHA256_signed-by_RSA-SHA3-256,ECDSA-SHA256_signed-by_RSA-SHA3-256,14.905,2454.41,1042.31,0.533333,4,0.266667,180.667,15,2182.63,2131.62,1788,1785
1,5,13,ECDSA-SHA256_signed-by_RSA-SHA3-256,ECDSA-SHA256_signed-by_RSA-SHA3-256,10.564,3465.33,1229.83,0.3,0,0,190,15,2156.89,2120.7,1789,1787
1,1,11,ECDSA-SHA256_signed-by_RSA-SHA3-256,ECDSA-SHA256_signed-by_RSA-SHA3-256,15.684,2332.49,994.612,0.4,3,0.2,183.067,24,2147.07,2146.84,1788,1785
1,2,12,ECDSA-SHA256_signed-by_RSA-SHA3-256,ECDSA-SHA256_signed-by_RSA-SHA3-256,13.153,2782.58,1007.2,0.363636,0,0,176.182,24,2124.19,2138.38,1789,1786
1,3,14,ECDSA-SHA256_signed-by_RSA-SHA3-256,ECDSA-SHA256_signed-by_RSA-SHA3-256,12.788,2862,1128.54,0.25,2,0.166667,203,24,2161.37,2118.54,1789,1786
1,6,13,ECDSA-SHA256_signed-by_RSA-SHA3-256,ECDSA-SHA256_signed-by_RSA-SHA3-256,12.618,2901.21,1406.22,0.214286,7,0.5,121.429,8,2164.06,2141.89,1789,1787
1,7,11,ECDSA-SHA256_signed-by_RSA-SHA3-256,ECDSA-SHA256_signed-by_RSA-SHA3-256,43.547,840.269,874.805,1,39,1.39286,132.571,16,2155,2112.93,1789,1785
1,5,14,ECDSA-SHA256_signed-by_RSA-SHA3-256,ECDSA-SHA256_signed-by_RSA-SHA3-256,10.756,3403.19,1207.78,1,4,0.4,190,15,2147.04,2135.88,1789,1787
1,8,14,ECDSA-SHA256_signed-by_RSA-SHA3-256,ECDSA-SHA256_signed-by_RSA-SHA3-256,12.617,2899.56,1029.71,1,0,0,130.8,15,2155.82,2093.83,1788,1785
1,1,12,ECDSA-SHA256_signed-by_RSA-SHA3-256,ECDSA-SHA256_signed-by_RSA-SHA3-256,18.411,1987.02,733.454,1,0,0,119.667,24,2232.58,2112.81,1788,1785
1,2,13,ECDSA-SHA256_signed-by_RSA-SHA3-256,ECDSA-SHA256_signed-by_RSA-SHA3-256,18.01,2032.15,1126.45,1,15,0.789474,163.053,24,2158.87,2134.62,1789,1786
1,7,12,ECDSA-SHA256_signed-by_RSA-SHA3-256,ECDSA-SHA256_signed-by_RSA-SHA3-256,16.841,2172.73,1128.64,1,3,0.230769,135.846,16,2181.53,2119.33,1789,1785
1,8,15,ECDSA-SHA256_signed-by_RSA-SHA3-256,ECDSA-SHA256_signed-by_RSA-SHA3-256,15.364,2381.09,907.034,1,5,0.416667,116.667,15,2137.72,2111.62,1788,1785
1,5,15,ECDSA-SHA256_signed-by_RSA-SHA3-256,ECDSA-SHA256_signed-by_RSA-SHA3-256,18.001,2033.6,1458.54,1,34,1.30769,322.154,15,2135.94,2101.05,1789,1787
1,3,15,ECDSA-SHA256_signed-by_RSA-SHA3-256,ECDSA-SHA256_signed-by_RSA-SHA3-256,22.056,1659.35,887.886,1,13,0.8125,140.5,24,2188.29,2155.91,1789,1786
1,1,13,ECDSA-SHA256_signed-by_RSA-SHA3-256,ECDSA-SHA256_signed-by_RSA-SHA3-256,17.848,2049.65,1008.46,1,7,0.466667,144.933,24,2130.1,2122.39,1788,1785
1,6,14,ECDSA-SHA256_signed-by_RSA-SHA3-256,ECDSA-SHA256_signed-by_RSA-SHA3-256,31.024,1179.99,737.493,1,16,0.8,109.6,8,2154.48,2135.97,1789,1787
1,7,13,ECDSA-SHA256_signed-by_RSA-SHA3-256,ECDSA-SHA256_signed-by_RSA-SHA3-256,16.488,2219.21,818.983,1,0,0,115.333,16,2159.2,2122.93,1789,1785
1,2,14,ECDSA-SHA256_signed-by_RSA-SHA3-256,ECDSA-SHA256_signed-by_RSA-SHA3-256,20.224,1809.73,902.687,1,7,0.4375,157,24,2165,2121.4,1789,1786
1,3,16,ECDSA-SHA256_signed-by_RSA-SHA3-256,ECDSA-SHA256_signed-by_RSA-SHA3-256,16.314,2243.37,1172.93,1,12,0.857143,159.714,24,2157.81,2116.42,1789,1786
1,5,16,ECDSA-SHA256_signed-by_RSA-SHA3-256,ECDSA-SHA256_signed-by_RSA-SHA3-256,18.353,1994.56,2036.41,1,32,1.06667,364,15,2143.63,2134.12,1789,1787
1,8,16,ECDSA-SHA256_signed-by_RSA-SHA3-256,ECDSA-SHA256_signed-by_RSA-SHA3-256,24.86,1471.57,1608.98,1,54,1.63636,253.758,15,2157.02,2153.07,1788,1785
1,6,15,ECDSA-SHA256_signed-by_RSA-SHA3-256,ECDSA-SHA256_signed-by_RSA-SHA3-256,13.933,2627.38,1281.54,1,7,0.466667,115.6,8,2156.53,2135.73,1789,1787
1,1,14,ECDSA-SHA256_signed-by_RSA-SHA3-256,ECDSA-SHA256_signed-by_RSA-SHA3-256,16.139,2266.75,1405.75,1,15,0.789474,145.579,24,2170.6,2178.51,1788,1785
1,7,14,ECDSA-SHA256_signed-by_RSA-SHA3-256,ECDSA-SHA256_signed-by_RSA-SHA3-256,13.96,2621.16,930.644,1,0,0,130.8,16,2166.27,2122.85,1789,1785
1,2,15,ECDSA-SHA256_signed-by_RSA-SHA3-256,ECDSA-SHA256_signed-by_RSA-SHA3-256,15.195,2408.64,871.847,1,0,0,176.182,24,2162.6,2113.98,1789,1786
1,3,17,ECDSA-SHA256_signed-by_RSA-SHA3-256,ECDSA-SHA256_signed-by_RSA-SHA3-256,15.831,2311.88,1196.62,1,11,0.846154,153.077,24,2154.17,2119.13,1789,1786
1,5,17,ECDSA-SHA256_signed-by_RSA-SHA3-256,ECDSA-SHA256_signed-by_RSA-SHA3-256,16.848,2172.79,1150.97,1,12,0.8,148.667,15,2152.11,2115.92,1789,1787
1,8,17,ECDSA-SHA256_signed-by_RSA-SHA3-256,ECDSA-SHA256_signed-by_RSA-SHA3-256,13.781,2654.66,942.743,1,0,0,130.8,15,2151.71,2130.02,1788,1785
1,1,15,ECDSA-SHA256_signed-by_RSA-SHA3-256,ECDSA-SHA256_signed-by_RSA-SHA3-256,14.583,2508.55,908.411,1,4,0.363636,131.455,24,2144.64,2124.13,1788,1785
1,7,15,ECDSA-SHA256_signed-by_RSA-SHA3-256,ECDSA-SHA256_signed-by_RSA-SHA3-256,14.087,2597.43,935.849,1,7,0.636364,122.364,16,2150.86,2132.01,1789,1785
1,6,16,ECDSA-SHA256_signed-by_RSA-SHA3-256,ECDSA-SHA256_signed-by_RSA-SHA3-256,17.534,2087.71,1351.36,1,18,1.05882,140.118,8,2136.51,2136.87,1789,1787
1,5,18,ECDSA-SHA256_signed-by_RSA-SHA3-256,ECDSA-SHA256_signed-by_RSA-SHA3-256,11.739,3118.29,1106.67,1,0,0,140.8,15,2156.95,2169.4,1789,1787
1,2,16,ECDSA-SHA256_signed-by_RSA-SHA3-256,ECDSA-SHA256_signed-by_RSA-SHA3-256,17.197,2128.26,1054.13,1,9,0.5625,202,24,2177.38,2132.36,1789,1786
1,1,16,ECDSA-SHA256_signed-by_RSA-SHA3-256,ECDSA-SHA256_signed-by_RSA-SHA3-256,8.278,4418.94,1853.38,1,3,0.214286,193.429,24,2160.61,2118,1788,1785
1,8,18,ECDSA-SHA256_signed-by_RSA-SHA3-256,ECDSA-SHA256_signed-by_RSA-SHA3-256,18.546,1972.55,984.332,1,7,0.4375,111,15,2151.91,2126.12,1788,1785
1,5,19,ECDSA-SHA256_signed-by_RSA-SHA3-256,ECDSA-SHA256_signed-by_RSA-SHA3-256,10.592,3456.13,1693.32,1,12,0.8,124.133,15,2155.43,2136.42,1789,1787
1,3,18,ECDSA-SHA256_signed-by_RSA-SHA3-256,ECDSA-SHA256_signed-by_RSA-SHA3-256,25.92,1412.02,1693.81,1,62,2.06667,166.267,24,2179,2119.31,1789,1786
1,7,16,ECDSA-SHA256_signed-by_RSA-SHA3-256,ECDSA-SHA256_signed-by_RSA-SHA3-256,18.216,2008.78,1301.71,1,24,1.14286,216.095,16,2146.76,2144.97,1789,1785
1,2,17,ECDSA-SHA256_signed-by_RSA-SHA3-256,ECDSA-SHA256_signed-by_RSA-SHA3-256,13.303,2751.16,1333.79,1,7,0.5,174,24,2158.38,2127.4,1789,1786
1,6,17,ECDSA-SHA256_signed-by_RSA-SHA3-256,ECDSA-SHA256_signed-by_RSA-SHA3-256,19.196,1907.06,996.87,1,12,0.857143,144.857,8,2158.36,2185.44,1789,1787
1,1,17,ECDSA-SHA256_signed-by_RSA-SHA3-256,ECDSA-SHA256_signed-by_RSA-SHA3-256,14.11,2592.68,920.733,1,0,0,140.8,24,2148.56,2120.28,1788,1785
1,3,19,ECDSA-SHA256_signed-by_RSA-SHA3-256,ECDSA-SHA256_signed-by_RSA-SHA3-256,12.909,2835.19,1208.44,1,3,0.2,195.333,24,2123.61,2118.79,1789,1786
1,2,18,ECDSA-SHA256_signed-by_RSA-SHA3-256,ECDSA-SHA256_signed-by_RSA-SHA3-256,11.358,3222.4,1143.86,0,0,0,190,24,2140.52,2140.91,1789,1786
1,8,19,ECDSA-SHA256_signed-by_RSA-SHA3-256,ECDSA-SHA256_signed-by_RSA-SHA3-256,17.502,2090.2,1422.41,1,22,1.375,176.75,15,2147.03,2104.27,1788,1785
1,6,18,ECDSA-SHA256_signed-by_RSA-SHA3-256,ECDSA-SHA256_signed-by_RSA-SHA3-256,11.865,3085.37,1094.98,0,0,0,130.8,8,2142.92,2112.46,1789,1787
1,1,18,ECDSA-SHA256_signed-by_RSA-SHA3-256,ECDSA-SHA256_signed-by_RSA-SHA3-256,11.811,3097.44,1099.99,0,0,0,140.8,24,2232.42,2114.4,1788,1785
1,5,20,ECDSA-SHA256_signed-by_RSA-SHA3-256,ECDSA-SHA256_signed-by_RSA-SHA3-256,18.506,1978.1,829.108,1,3,0.214286,195.143,15,2156.18,2108.13,1789,1787
1,7,17,ECDSA-SHA256_signed-by_RSA-SHA3-256,ECDSA-SHA256_signed-by_RSA-SHA3-256,16.792,2179.09,1385.39,0.421053,17,0.894737,234.842,16,2155.38,2132.92,1789,1785
1,3,20,ECDSA-SHA256_signed-by_RSA-SHA3-256,ECDSA-SHA256_signed-by_RSA-SHA3-256,10.982,3332.44,1182.92,0,0,0,130.8,24,2154.99,2128.12,1789,1786
1,8,20,ECDSA-SHA256_signed-by_RSA-SHA3-256,ECDSA-SHA256_signed-by_RSA-SHA3-256,10.276,3559.84,1264.2,0,0,0,130.8,15,2161.9,2142.93,1788,1785
1,2,19,ECDSA-SHA256_signed-by_RSA-SHA3-256,ECDSA-SHA256_signed-by_RSA-SHA3-256,12.536,2919.58,1036.37,0.5,0,0,190,24,2216.44,2124.81,1789,1786
1,6,19,ECDSA-SHA256_signed-by_RSA-SHA3-256,ECDSA-SHA256_signed-by_RSA-SHA3-256,11.784,3106.58,1102.51,0.5,0,0,130.8,8,2156.87,2090.07,1789,1787
1,1,19,ECDSA-SHA256_signed-by_RSA-SHA3-256,ECDSA-SHA256_signed-by_RSA-SHA3-256,11.449,3195.12,1134.68,0.5,0,0,140.8,24,2170.82,2118.27,1788,1785
1,5,21,ECDSA-SHA256_signed-by_RSA-SHA3-256,ECDSA-SHA256_signed-by_RSA-SHA3-256,11.922,3070.61,1089.74,1,0,0,140.8,15,2162.28,2340.03,1789,1787
1,7,18,ECDSA-SHA256_signed-by_RSA-SHA3-256,ECDSA-SHA256_signed-by_RSA-SHA3-256,15.597,2346.03,865.786,0.833333,0,0,115.333,16,2160.39,2126.63,1789,1785
1,8,21,ECDSA-SHA256_signed-by_RSA-SHA3-256,ECDSA-SHA256_signed-by_RSA-SHA3-256,12.815,2854.73,1013.8,1,0,0,130.8,15,2131.05,2129.23,1788,1785
1,2,20,ECDSA-SHA256_signed-by_RSA-SHA3-256,ECDSA-SHA256_signed-by_RSA-SHA3-256,12.325,2969.53,1069.68,0.727273,7,0.636364,165.273,24,2172.72,2128.22,1789,1786
1,1,20,ECDSA-SHA256_signed-by_RSA-SHA3-256,ECDSA-SHA256_signed-by_RSA-SHA3-256,11.801,3100.04,1605.27,0.615385,11,0.846154,165.692,24,2160.58,2127.07,1788,1785
1,5,22,ECDSA-SHA256_signed-by_RSA-SHA3-256,ECDSA-SHA256_signed-by_RSA-SHA3-256,10.704,3420.03,1213.75,0.3,0,0,140.8,15,2153.67,2100.39,1789,1787
1,6,20,ECDSA-SHA256_signed-by_RSA-SHA3-256,ECDSA-SHA256_signed-by_RSA-SHA3-256,13.985,2617.6,928.975,0.8,0,0,130.8,8,2145.67,2114.93,1789,1787
1,3,21,ECDSA-SHA256_signed-by_RSA-SHA3-256,ECDSA-SHA256_signed-by_RSA-SHA3-256,18.381,1991.12,1030.59,1,11,0.846154,153.077,24,2178.43,2118.74,1789,1786
1,7,19,ECDSA-SHA256_signed-by_RSA-SHA3-256,ECDSA-SHA256_signed-by_RSA-SHA3-256,11.315,3233.92,1148.2,1,0,0,130.8,16,2152.75,2128.41,1789,1785
1,8,22,ECDSA-SHA256_signed-by_RSA-SHA3-256,ECDSA-SHA256_signed-by_RSA-SHA3-256,9.871,3705.9,1316.07,1,0,0,130.8,15,2144.15,2124.83,1788,1785
1,1,21,ECDSA-SHA256_signed-by_RSA-SHA3-256,ECDSA-SHA256_signed-by_RSA-SHA3-256,12.899,2836.16,1395.44,0.933333,7,0.466667,129.467,24,2144.86,2145.03,1788,1785
1,2,21,ECDSA-SHA256_signed-by_RSA-SHA3-256,ECDSA-SHA256_signed-by_RSA-SHA3-256,14.525,2519.75,1205.07,0.823529,7,0.411765,225.529,24,2169.87,2139.48,1789,1786
1,5,23,ECDSA-SHA256_signed-by_RSA-SHA3-256,ECDSA-SHA256_signed-by_RSA-SHA3-256,14.229,2572.72,931.038,1,0,0,131.455,15,2130.11,2116.08,1789,1787
1,6,21,ECDSA-SHA256_signed-by_RSA-SHA3-256,ECDSA-SHA256_signed-by_RSA-SHA3-256,14.806,2472.45,1198.41,1,7,0.5,121.429,8,2137.7,2134.88,1789,1787
1,3,22,ECDSA-SHA256_signed-by_RSA-SHA3-256,ECDSA-SHA256_signed-by_RSA-SHA3-256,14.773,2477.43,1282.31,1,11,0.846154,153.077,24,2163.7,2151.19,1789,1786
1,7,20,ECDSA-SHA256_signed-by_RSA-SHA3-256,ECDSA-SHA256_signed-by_RSA-SHA3-256,13.746,2661.95,945.126,1,0,0,130.8,16,2138.16,2133.65,1789,1785
1,8,23,ECDSA-SHA256_signed-by_RSA-SHA3-256,ECDSA-SHA256_signed-by_RSA-SHA3-256,15.487,2362.16,1145.69,0.928571,7,0.5,121.429,15,2156.49,2130.63,1788,1785
1,5,24,ECDSA-SHA256_signed-by_RSA-SHA3-256,ECDSA-SHA256_signed-by_RSA-SHA3-256,9.848,3717.3,1319.25,1,0,0,140.8,15,2132.62,2123.39,1789,1787
1,2,22,ECDSA-SHA256_signed-by_RSA-SHA3-256,ECDSA-SHA256_signed-by_RSA-SHA3-256,13.724,2666.77,965.285,1,0,0,131.455,24,2154.89,2142.45,1789,1786
1,3,23,ECDSA-SHA256_signed-by_RSA-SHA3-256,ECDSA-SHA256_signed-by_RSA-SHA3-256,10.816,3383.84,1201.17,1,0,0,133.2,24,2141.3,2121.05,1789,1786
1,6,22,ECDSA-SHA256_signed-by_RSA-SHA3-256,ECDSA-SHA256_signed-by_RSA-SHA3-256,13.256,2761.55,1429.05,1,11,0.846154,153.077,8,2162.49,2128.9,1789,1787
1,1,22,ECDSA-SHA256_signed-by_RSA-SHA3-256,ECDSA-SHA256_signed-by_RSA-SHA3-256,19.128,1912.5,1003.72,1,11,0.785714,156.571,24,2138.99,2120.34,1788,1785
1,7,21,ECDSA-SHA256_signed-by_RSA-SHA3-256,ECDSA-SHA256_signed-by_RSA-SHA3-256,16.065,2277.67,1416.2,1,14,0.736842,113.368,16,2171.71,2147.75,1789,1785
1,6,23,ECDSA-SHA256_signed-by_RSA-SHA3-256,ECDSA-SHA256_signed-by_RSA-SHA3-256,15.469,2366.49,889.503,1,0,0,109.385,9,2145.12,2143.18,1789,1787
1,2,23,ECDSA-SHA256_signed-by_RSA-SHA3-256,ECDSA-SHA256_signed-by_RSA-SHA3-256,18.376,1991.67,1817.1,1,39,1.5,141.538,24,2176.39,2289.35,1789,1786
1,5,25,ECDSA-SHA256_signed-by_RSA-SHA3-256,ECDSA-SHA256_signed-by_RSA-SHA3-256,21.765,1681.9,1088.68,1,18,1.05882,151.176,15,2127.59,2124.27,1789,1787
1,8,24,ECDSA-SHA256_signed-by_RSA-SHA3-256,ECDSA-SHA256_signed-by_RSA-SHA3-256,23.527,1554.91,1322,1,33,1.65,176,15,2153.44,2115.3,1788,1785
1,3,24,ECDSA-SHA256_signed-by_RSA-SHA3-256,ECDSA-SHA256_signed-by_RSA-SHA3-256,19.62,1865.39,965.518,1,11,0.846154,153.077,24,2167.64,2219.72,1789,1786
1,1,23,ECDSA-SHA256_signed-by_RSA-SHA3-256,ECDSA-SHA256_signed-by_RSA-SHA3-256,16.854,2170.6,782.233,1,7,0.636364,131.455,24,2140.97,2118.99,1788,1785
1,7,22,ECDSA-SHA256_signed-by_RSA-SHA3-256,ECDSA-SHA256_signed-by_RSA-SHA3-256,14.567,2511.96,891.872,1,0,0,130.8,16,2224.46,2113.09,1789,1785
1,6,24,ECDSA-SHA256_signed-by_RSA-SHA3-256,ECDSA-SHA256_signed-by_RSA-SHA3-256,11.542,3171.46,1125.54,1,0,0,130.8,9,2160.31,2131.01,1789,1787
1,2,24,ECDSA-SHA256_signed-by_RSA-SHA3-256,ECDSA-SHA256_signed-by_RSA-SHA3-256,12.479,2932.91,1214.19,1,0,0,205.385,24,2162.49,2133.5,1789,1786
1,5,26,ECDSA-SHA256_signed-by_RSA-SHA3-256,ECDSA-SHA256_signed-by_RSA-SHA3-256,12.814,2856.86,1033.86,1,0,0,131.455,15,2177.52,2120.09,1789,1787
1,8,25,ECDSA-SHA256_signed-by_RSA-SHA3-256,ECDSA-SHA256_signed-by_RSA-SHA3-256,14.012,2610.88,945.466,1,0,0,122.364,15,2143.53,2113.16,1788,1785
1,3,25,ECDSA-SHA256_signed-by_RSA-SHA3-256,ECDSA-SHA256_signed-by_RSA-SHA3-256,13.92,2629.28,1271.25,1,14,0.777778,104.222,24,2148.84,2129.62,1789,1786
1,1,24,ECDSA-SHA256_signed-by_RSA-SHA3-256,ECDSA-SHA256_signed-by_RSA-SHA3-256,17.651,2072.57,1777.52,1,34,1.36,339.76,24,2150.96,2117.96,1788,1785
1,6,25,ECDSA-SHA256_signed-by_RSA-SHA3-256,ECDSA-SHA256_signed-by_RSA-SHA3-256,12.749,2871.39,1243.68,1,7,0.4375,103.5,9,2151.14,2168.63,1789,1787
1,7,23,ECDSA-SHA256_signed-by_RSA-SHA3-256,ECDSA-SHA256_signed-by_RSA-SHA3-256,23.21,1576.55,1029.2,1,19,1.05556,134.444,16,2188.67,2232.55,1789,1785
1,2,25,ECDSA-SHA256_signed-by_RSA-SHA3-256,ECDSA-SHA256_signed-by_RSA-SHA3-256,15.943,2295.61,1188.2,1,11,0.846154,165.692,24,2150.54,2127,1789,1786
1,8,26,ECDSA-SHA256_signed-by_RSA-SHA3-256,ECDSA-SHA256_signed-by_RSA-SHA3-256,14.057,2602.47,924.212,1,0,0,130.8,15,2163.3,2119.56,1788,1785
1,3,26,ECDSA-SHA256_signed-by_RSA-SHA3-256,ECDSA-SHA256_signed-by_RSA-SHA3-256,13.67,2677.33,1297.99,1,7,0.5,130.286,24,2155.79,2118.67,1789,1786
1,5,27,ECDSA-SHA256_signed-by_RSA-SHA3-256,ECDSA-SHA256_signed-by_RSA-SHA3-256,17.558,2084.9,1108.06,1,11,0.733333,149.733,15,2153.17,2107.95,1789,1787
1,6,26,ECDSA-SHA256_signed-by_RSA-SHA3-256,ECDSA-SHA256_signed-by_RSA-SHA3-256,11.268,3248.84,1153,0.1,0,0,130.8,9,2141.97,2146.54,1789,1787
1,1,25,ECDSA-SHA256_signed-by_RSA-SHA3-256,ECDSA-SHA256_signed-by_RSA-SHA3-256,15.377,2379.07,1682.47,0.611111,23,1.27778,174.444,24,2114.99,2109.68,1788,1785
1,7,24,ECDSA-SHA256_signed-by_RSA-SHA3-256,ECDSA-SHA256_signed-by_RSA-SHA3-256,10.338,3539.26,1256.62,0.6,0,0,130.8,16,2168.96,2176.36,1789,1785
1,8,27,ECDSA-SHA256_signed-by_RSA-SHA3-256,ECDSA-SHA256_signed-by_RSA-SHA3-256,11.004,3324.31,1180.56,0.6,0,0,130.8,15,2152.86,2150.49,1788,1785
1,3,27,ECDSA-SHA256_signed-by_RSA-SHA3-256,ECDSA-SHA256_signed-by_RSA-SHA3-256,10.986,3331.21,1182.49,0.5,0,0,140.8,24,2157.12,2112.41,1789,1786
1,2,26,ECDSA-SHA256_signed-by_RSA-SHA3-256,ECDSA-SHA256_signed-by_RSA-SHA3-256,14.584,2509.54,890.818,0.9,0,0,140.8,24,2135.42,2101.91,1789,1786
1,6,27,ECDSA-SHA256_signed-by_RSA-SHA3-256,ECDSA-SHA256_signed-by_RSA-SHA3-256,9.812,3730.59,1323.97,0.8,0,0,130.8,9,2159.49,2143.3,1789,1787
1,7,25,ECDSA-SHA256_signed-by_RSA-SHA3-256,ECDSA-SHA256_signed-by_RSA-SHA3-256,10.978,3333.17,1183.44,0.3,0,0,130.8,16,2175.15,2141.57,1789,1785
1,5,28,ECDSA-SHA256_signed-by_RSA-SHA3-256,ECDSA-SHA256_signed-by_RSA-SHA3-256,18.727,1954.74,1201.21,0.444444,14,0.777778,125.778,15,2345.62,2130.88,1789,1787
1,8,28,ECDSA-SHA256_signed-by_RSA-SHA3-256,ECDSA-SHA256_signed-by_RSA-SHA3-256,10.737,3407.26,1210.01,0.6,0,0,130.8,15,2279.76,2216.43,1788,1785
1,1,26,ECDSA-SHA256_signed-by_RSA-SHA3-256,ECDSA-SHA256_signed-by_RSA-SHA3-256,15.866,2305.73,1222.19,0.733333,18,1.2,162.533,24,2216.72,2113.61,1788,1785
1,3,28,ECDSA-SHA256_signed-by_RSA-SHA3-256,ECDSA-SHA256_signed-by_RSA-SHA3-256,11.698,3128.69,1110.6,0.6,0,0,140.8,24,2123.71,2125.79,1789,1786
1,2,27,ECDSA-SHA256_signed-by_RSA-SHA3-256,ECDSA-SHA256_signed-by_RSA-SHA3-256,11.716,3123.9,1108.9,0.3,0,0,140.8,24,2167.5,2117.43,1789,1786
1,6,28,ECDSA-SHA256_signed-by_RSA-SHA3-256,ECDSA-SHA256_signed-by_RSA-SHA3-256,13.186,2776.21,1004.68,0.272727,0,0,122.364,9,2130.6,2137.23,1789,1787
1,7,26,ECDSA-SHA256_signed-by_RSA-SHA3-256,ECDSA-SHA256_signed-by_RSA-SHA3-256,11.033,3316.58,1177.55,0.3,0,0,130.8,16,2161.46,2108.34,1789,1785
1,5,29,ECDSA-SHA256_signed-by_RSA-SHA3-256,ECDSA-SHA256_signed-by_RSA-SHA3-256,11.874,3083.01,1094.15,0.3,0,0,140.8,15,2160.84,2130.38,1789,1787
1,8,29,ECDSA-SHA256_signed-by_RSA-SHA3-256,ECDSA-SHA256_signed-by_RSA-SHA3-256,12.041,3038.26,1078.97,0.5,0,0,130.8,15,2114.56,2154.34,1788,1785
1,1,27,ECDSA-SHA256_signed-by_RSA-SHA3-256,ECDSA-SHA256_signed-by_RSA-SHA3-256,11.71,3124.16,1293.94,0.384615,0,0,226,24,2171.07,2180.55,1788,1785
1,3,29,ECDSA-SHA256_signed-by_RSA-SHA3-256,ECDSA-SHA256_signed-by_RSA-SHA3-256,11.847,3089.38,1096.64,1,0,0,140.8,24,2178.36,2129.98,1789,1786
1,2,28,ECDSA-SHA256_signed-by_RSA-SHA3-256,ECDSA-SHA256_signed-by_RSA-SHA3-256,11.356,3222.96,1580.83,1,14,0.736842,110.421,24,2161.97,2127.14,1789,1786
1,6,29,ECDSA-SHA256_signed-by_RSA-SHA3-256,ECDSA-SHA256_signed-by_RSA-SHA3-256,18.585,1969.76,1349.91,1,13,0.684211,108.737,9,2157.14,2139.9,1789,1787
1,7,27,ECDSA-SHA256_signed-by_RSA-SHA3-256,ECDSA-SHA256_signed-by_RSA-SHA3-256,16.964,2156.94,1359.05,1,15,0.714286,106,16,2130.4,2139.03,1789,1785
1,8,30,ECDSA-SHA256_signed-by_RSA-SHA3-256,ECDSA-SHA256_signed-by_RSA-SHA3-256,15.683,2332.6,861.015,1,0,0,117.333,15,2161.6,2108.16,1788,1785
1,5,30,ECDSA-SHA256_signed-by_RSA-SHA3-256,ECDSA-SHA256_signed-by_RSA-SHA3-256,17.712,2066.74,1405.53,1,22,1.375,186.25,15,2128.97,2103.22,1789,1787
1,3,30,ECDSA-SHA256_signed-by_RSA-SHA3-256,ECDSA-SHA256_signed-by_RSA-SHA3-256,16.384,2233.77,1446.22,1,18,1.05882,151.176,24,2171.91,2177.23,1789,1786
1,2,29,ECDSA-SHA256_signed-by_RSA-SHA3-256,ECDSA-SHA256_signed-by_RSA-SHA3-256,15.637,2340.49,1754.73,1,30,1.42857,164.476,24,2212.28,2116.65,1789,1786
1,7,28,ECDSA-SHA256_signed-by_RSA-SHA3-256,ECDSA-SHA256_signed-by_RSA-SHA3-256,9.183,3984.38,1442.53,1,0,0,122.364,16,2124.19,2133.47,1789,1785
1,6,30,ECDSA-SHA256_signed-by_RSA-SHA3-256,ECDSA-SHA256_signed-by_RSA-SHA3-256,11.228,3260.41,1871.03,1,22,1.1,103.2,9,2201.34,2138.11,1789,1787
1,3,31,ECDSA-SHA256_signed-by_RSA-SHA3-256,ECDSA-SHA256_signed-by_RSA-SHA3-256,8.674,4219.07,1768.78,1,7,0.5,120.857,24,2163.79,2121.49,1789,1786
1,7,29,ECDSA-SHA256_signed-by_RSA-SHA3-256,ECDSA-SHA256_signed-by_RSA-SHA3-256,8.198,4463.06,1598.27,1,0,0,122,16,2156.14,2129.97,1789,1785
1,5,31,ECDSA-SHA256_signed-by_RSA-SHA3-256,ECDSA-SHA256_signed-by_RSA-SHA3-256,17.193,2129.15,1389.34,1,19,1.05556,144.889,15,2149.17,2120.91,1789,1787
1,3,32,ECDSA-SHA256_signed-by_RSA-SHA3-256,ECDSA-SHA256_signed-by_RSA-SHA3-256,8.704,4204.54,1492.5,0.6,0,0,140.8,24,2148.31,2201.5,1789,1786
1,8,31,ECDSA-SHA256_signed-by_RSA-SHA3-256,ECDSA-SHA256_signed-by_RSA-SHA3-256,19.867,1841.36,1221.67,1,21,1.05,132,15,2119.32,2135.11,1788,1785
1,2,30,ECDSA-SHA256_signed-by_RSA-SHA3-256,ECDSA-SHA256_signed-by_RSA-SHA3-256,19.695,1858.26,1284.33,1,22,0.916667,115.667,24,2168.09,2206.87,1789,1786
1,6,31,ECDSA-SHA256_signed-by_RSA-SHA3-256,ECDSA-SHA256_signed-by_RSA-SHA3-256,14.818,2470.45,2104.42,0.875,16,0.666667,182.167,9,2186.03,2134.51,1789,1787
1,7,30,ECDSA-SHA256_signed-by_RSA-SHA3-256,ECDSA-SHA256_signed-by_RSA-SHA3-256,15.747,2323.69,857.542,1,0,0,115.333,16,2157.99,2130.63,1789,1785
1,5,32,ECDSA-SHA256_signed-by_RSA-SHA3-256,ECDSA-SHA256_signed-by_RSA-SHA3-256,14.838,2467.14,875.575,1,0,0,140.8,15,2160.76,2138.28,1789,1787
1,3,33,ECDSA-SHA256_signed-by_RSA-SHA3-256,ECDSA-SHA256_signed-by_RSA-SHA3-256,13.937,2626.08,1133.09,1,12,0.75,110.5,24,2146.45,2130.44,1789,1786
1,8,32,ECDSA-SHA256_signed-by_RSA-SHA3-256,ECDSA-SHA256_signed-by_RSA-SHA3-256,14.49,2524.74,1662.92,1,26,1.13043,115.043,15,2160.38,2112.76,1788,1785
1,2,31,ECDSA-SHA256_signed-by_RSA-SHA3-256,ECDSA-SHA256_signed-by_RSA-SHA3-256,15.927,2297.92,831.771,1,0,0,143.091,24,2123.56,2119.81,1789,1786
1,6,32,ECDSA-SHA256_signed-by_RSA-SHA3-256,ECDSA-SHA256_signed-by_RSA-SHA3-256,15.574,2350.52,1845.08,1,24,1.33333,181.111,9,2157,2126.28,1789,1787
1,5,33,ECDSA-SHA256_signed-by_RSA-SHA3-256,ECDSA-SHA256_signed-by_RSA-SHA3-256,9.562,3828.14,1358.59,0.5,0,0,140.8,15,2140.54,2141.62,1789,1787
1,7,31,ECDSA-SHA256_signed-by_RSA-SHA3-256,ECDSA-SHA256_signed-by_RSA-SHA3-256,13.338,2743.4,1439.47,1,11,0.785714,144.857,16,2162.13,2123.88,1789,1785
1,3,34,ECDSA-SHA256_signed-by_RSA-SHA3-256,ECDSA-SHA256_signed-by_RSA-SHA3-256,12.1,3024.77,1268.09,0.928571,3,0.214286,180.571,24,2160.86,2130.52,1789,1786
1,8,33,ECDSA-SHA256_signed-by_RSA-SHA3-256,ECDSA-SHA256_signed-by_RSA-SHA3-256,11.827,3093.25,1098.5,1,0,0,130.8,15,2151.74,2125.78,1788,1785
1,6,33,ECDSA-SHA256_signed-by_RSA-SHA3-256,ECDSA-SHA256_signed-by_RSA-SHA3-256,11.89,3078.88,1135.74,1,0,0,117.333,9,2159.76,2145.08,1789,1787
1,5,34,ECDSA-SHA256_signed-by_RSA-SHA3-256,ECDSA-SHA256_signed-by_RSA-SHA3-256,9.679,3781.9,1342.18,1,0,0,138.4,15,2130.09,2118.57,1789,1787
1,2,32,ECDSA-SHA256_signed-by_RSA-SHA3-256,ECDSA-SHA256_signed-by_RSA-SHA3-256,14.648,2498.59,1938.8,0.96,32,1.28,135.76,24,2144.87,2111.13,1789,1786
1,3,35,ECDSA-SHA256_signed-by_RSA-SHA3-256,ECDSA-SHA256_signed-by_RSA-SHA3-256,11.49,3185.35,1352.12,1,8,0.533333,115.333,24,2127.26,2139.77,1789,1786
1,7,32,ECDSA-SHA256_signed-by_RSA-SHA3-256,ECDSA-SHA256_signed-by_RSA-SHA3-256,12.575,2909.86,1506.46,1,11,0.846154,153.077,16,2141.35,2162.26,1789,1785
1,8,34,ECDSA-SHA256_signed-by_RSA-SHA3-256,ECDSA-SHA256_signed-by_RSA-SHA3-256,13.922,2627.71,1556.05,1,18,0.947368,122.842,15,2163.5,2125.59,1788,1785
1,5,35,ECDSA-SHA256_signed-by_RSA-SHA3-256,ECDSA-SHA256_signed-by_RSA-SHA3-256,9.327,3924.54,1644.95,1,7,0.5,112.857,15,2153.17,2134.73,1789,1787
1,6,34,ECDSA-SHA256_signed-by_RSA-SHA3-256,ECDSA-SHA256_signed-by_RSA-SHA3-256,10.713,3417.14,1750.39,1,2,0.166667,131.333,9,2168.25,2162.85,1789,1787
1,7,33,ECDSA-SHA256_signed-by_RSA-SHA3-256,ECDSA-SHA256_signed-by_RSA-SHA3-256,9.026,4053.64,2045.43,0.666667,8,0.533333,116.933,16,2131.89,2119.74,1789,1785
1,3,36,ECDSA-SHA256_signed-by_RSA-SHA3-256,ECDSA-SHA256_signed-by_RSA-SHA3-256,11.37,3218.95,1872.97,0.882353,18,1.05882,143.412,24,2122.59,2115.37,1789,1786
1,8,35,ECDSA-SHA256_signed-by_RSA-SHA3-256,ECDSA-SHA256_signed-by_RSA-SHA3-256,10.321,3544.6,1258.79,0.8,0,0,130.8,15,2139.05,2106.49,1788,1785
1,5,36,ECDSA-SHA256_signed-by_RSA-SHA3-256,ECDSA-SHA256_signed-by_RSA-SHA3-256,10.655,3435.73,1219.32,0.7,0,0,130.8,15,2150.39,2129.83,1789,1787
1,6,35,ECDSA-SHA256_signed-by_RSA-SHA3-256,ECDSA-SHA256_signed-by_RSA-SHA3-256,13.066,2801.67,1013.89,0.909091,0,0,122.364,9,2164.99,2139.8,1789,1787
1,2,33,ECDSA-SHA256_signed-by_RSA-SHA3-256,ECDSA-SHA256_signed-by_RSA-SHA3-256,23.239,1574.91,1055.45,1,21,1,136.857,24,2127.1,2136.38,1789,1786
1,7,34,ECDSA-SHA256_signed-by_RSA-SHA3-256,ECDSA-SHA256_signed-by_RSA-SHA3-256,11.711,3124.52,1131.22,0.636364,0,0,122.364,16,2145.35,2141,1789,1785
1,3,37,ECDSA-SHA256_signed-by_RSA-SHA3-256,ECDSA-SHA256_signed-by_RSA-SHA3-256,11.262,3249.82,1575.54,0.714286,7,0.5,130.286,24,2133.41,2121.91,1789,1786
1,8,36,ECDSA-SHA256_signed-by_RSA-SHA3-256,ECDSA-SHA256_signed-by_RSA-SHA3-256,10.628,3442.2,1222.42,0.9,0,0,130.8,15,2157.77,2136.19,1788,1785
1,5,37,ECDSA-SHA256_signed-by_RSA-SHA3-256,ECDSA-SHA256_signed-by_RSA-SHA3-256,10.171,3599.24,1739.84,0.5,14,0.777778,103.556,15,2173.84,2116.95,1789,1787
1,6,36,ECDSA-SHA256_signed-by_RSA-SHA3-256,ECDSA-SHA256_signed-by_RSA-SHA3-256,10.524,3478.51,1234.51,1,4,0.4,130.8,9,2167.33,2164.68,1789,1787
1,7,35,ECDSA-SHA256_signed-by_RSA-SHA3-256,ECDSA-SHA256_signed-by_RSA-SHA3-256,11.158,3279.38,1801.01,1,14,0.777778,109.556,16,2169.47,2128.35,1789,1785
1,3,38,ECDSA-SHA256_signed-by_RSA-SHA3-256,ECDSA-SHA256_signed-by_RSA-SHA3-256,12.049,3037.53,1120.73,1,0,0,119.667,24,2185.23,2096.45,1789,1786
1,2,34,ECDSA-SHA256_signed-by_RSA-SHA3-256,ECDSA-SHA256_signed-by_RSA-SHA3-256,15.624,2342.46,1472.55,1,14,0.7,120,24,2173.67,2127.67,1789,1786
1,6,37,ECDSA-SHA256_signed-by_RSA-SHA3-256,ECDSA-SHA256_signed-by_RSA-SHA3-256,13.237,2765.48,1301.76,1,6,0.333333,146,9,2142.31,2139.23,1789,1787
1,3,39,ECDSA-SHA256_signed-by_RSA-SHA3-256,ECDSA-SHA256_signed-by_RSA-SHA3-256,8.559,4275.72,1822.44,0.933333,7,0.466667,115.333,24,2164,2137.78,1789,1786
1,2,35,ECDSA-SHA256_signed-by_RSA-SHA3-256,ECDSA-SHA256_signed-by_RSA-SHA3-256,8.688,4212.24,1495.23,1,0,0,145.2,24,2172.42,2123.89,1789,1786
1,7,36,ECDSA-SHA256_signed-by_RSA-SHA3-256,ECDSA-SHA256_signed-by_RSA-SHA3-256,12.537,2918.66,1508.46,1,9,0.529412,104.824,16,2162.93,2123.95,1789,1785
1,6,38,ECDSA-SHA256_signed-by_RSA-SHA3-256,ECDSA-SHA256_signed-by_RSA-SHA3-256,8.282,4419.73,1599.45,0.272727,0,0,118,9,2173.61,2150.93,1789,1787
1,3,40,ECDSA-SHA256_signed-by_RSA-SHA3-256,ECDSA-SHA256_signed-by_RSA-SHA3-256,7.964,4595.21,1631.17,0.3,0,0,140.8,24,2169.53,2131.54,1789,1786
1,2,36,ECDSA-SHA256_signed-by_RSA-SHA3-256,ECDSA-SHA256_signed-by_RSA-SHA3-256,7.957,4599.26,1632.61,0.3,0,0,130.8,24,2186.14,2131.38,1789,1786
1,8,37,ECDSA-SHA256_signed-by_RSA-SHA3-256,ECDSA-SHA256_signed-by_RSA-SHA3-256,28.638,1277.42,938.58,1,28,1.12,113.2,15,2150.19,2143.72,1788,1785
1,7,37,ECDSA-SHA256_signed-by_RSA-SHA3-256,ECDSA-SHA256_signed-by_RSA-SHA3-256,8.329,4392.9,1559.7,1,0,0,130.8,16,2160.7,2134.18,1789,1785
1,6,39,ECDSA-SHA256_signed-by_RSA-SHA3-256,ECDSA-SHA256_signed-by_RSA-SHA3-256,7.865,4654.18,1775.83,0.75,1,0.0833333,116.667,9,2160.81,2285.87,1789,1787
1,3,41,ECDSA-SHA256_signed-by_RSA-SHA3-256,ECDSA-SHA256_signed-by_RSA-SHA3-256,7.296,5016.06,2431.83,0.642857,7,0.5,130.286,24,2121.82,2111.45,1789,1786
1,7,38,ECDSA-SHA256_signed-by_RSA-SHA3-256,ECDSA-SHA256_signed-by_RSA-SHA3-256,7.43,4924.42,1797.94,0.5,0,0,111,16,2198.61,2108.2,1789,1785
1,8,38,ECDSA-SHA256_signed-by_RSA-SHA3-256,ECDSA-SHA256_signed-by_RSA-SHA3-256,11.147,3281.94,1211.44,0.5,0,0,111.333,15,2160.85,2125.01,1788,1785
1,3,42,ECDSA-SHA256_signed-by_RSA-SHA3-256,ECDSA-SHA256_signed-by_RSA-SHA3-256,10.108,3620.55,1873.98,0.615385,11,0.846154,165.692,24,2127.02,2111.03,1789,1786
1,2,37,ECDSA-SHA256_signed-by_RSA-SHA3-256,ECDSA-SHA256_signed-by_RSA-SHA3-256,17.47,2094.96,1229.96,0.944444,19,1.05556,127.778,24,2140.28,2130.21,1789,1786
1,6,40,ECDSA-SHA256_signed-by_RSA-SHA3-256,ECDSA-SHA256_signed-by_RSA-SHA3-256,12.151,3012.73,1069.2,0.8,0,0,130.8,9,2145.08,2127.01,1789,1787
1,7,39,ECDSA-SHA256_signed-by_RSA-SHA3-256,ECDSA-SHA256_signed-by_RSA-SHA3-256,10.671,3428.82,1241.39,0.272727,0,0,122.364,16,2148.68,2330.46,1789,1785
1,3,43,ECDSA-SHA256_signed-by_RSA-SHA3-256,ECDSA-SHA256_signed-by_RSA-SHA3-256,6.215,5888.49,2090.25,0,0,0,140.8,24,2163.5,2178.84,1789,1786
1,8,39,ECDSA-SHA256_signed-by_RSA-SHA3-256,ECDSA-SHA256_signed-by_RSA-SHA3-256,11.511,3177.91,1150.8,0.363636,0,0,118,15,2244.36,2123.87,1788,1785
1,2,38,ECDSA-SHA256_signed-by_RSA-SHA3-256,ECDSA-SHA256_signed-by_RSA-SHA3-256,11.024,3320.01,1248.18,0.461538,0,0,105.692,24,2171.21,2137.15,1789,1786
1,7,40,ECDSA-SHA256_signed-by_RSA-SHA3-256,ECDSA-SHA256_signed-by_RSA-SHA3-256,9.579,3819.64,1356.16,0.6,0,0,130.8,16,2134.64,2127.62,1789,1785
1,6,41,ECDSA-SHA256_signed-by_RSA-SHA3-256,ECDSA-SHA256_signed-by_RSA-SHA3-256,11.509,3180.78,1213.65,0.916667,1,0.0833333,112.667,9,2155.58,2122.67,1789,1787
1,3,44,ECDSA-SHA256_signed-by_RSA-SHA3-256,ECDSA-SHA256_signed-by_RSA-SHA3-256,11.977,3055.81,1603.05,1,11,0.785714,156.571,24,2169.86,2121.05,1789,1786
1,8,40,ECDSA-SHA256_signed-by_RSA-SHA3-256,ECDSA-SHA256_signed-by_RSA-SHA3-256,12.285,2977.9,1078.37,1,0,0,127.091,15,2228.03,2118.69,1788,1785
1,6,42,ECDSA-SHA256_signed-by_RSA-SHA3-256,ECDSA-SHA256_signed-by_RSA-SHA3-256,8.898,4113.79,1774.61,0.5,8,0.5,103.5,9,2168.54,2150.57,1789,1787
1,2,39,ECDSA-SHA256_signed-by_RSA-SHA3-256,ECDSA-SHA256_signed-by_RSA-SHA3-256,11.942,3064.79,1130.79,1,0,0,111.333,24,2162.99,2132.61,1789,1786
1,7,41,ECDSA-SHA256_signed-by_RSA-SHA3-256,ECDSA-SHA256_signed-by_RSA-SHA3-256,12.682,2885.31,2077.88,0.73913,26,1.13043,118.522,16,2163.88,2125.14,1789,1785
1,8,41,ECDSA-SHA256_signed-by_RSA-SHA3-256,ECDSA-SHA256_signed-by_RSA-SHA3-256,10.494,3486.17,1486.56,0.866667,7,0.466667,115.333,15,2168.26,2132.81,1788,1785
1,3,45,ECDSA-SHA256_signed-by_RSA-SHA3-256,ECDSA-SHA256_signed-by_RSA-SHA3-256,11.786,3105.34,1345.31,0.8125,6,0.375,104.5,24,2150.37,2112.28,1789,1786
1,6,43,ECDSA-SHA256_signed-by_RSA-SHA3-256,ECDSA-SHA256_signed-by_RSA-SHA3-256,10.459,3500.1,1242.17,0.9,0,0,130.8,9,2144.37,2131.87,1789,1787
1,2,40,ECDSA-SHA256_signed-by_RSA-SHA3-256,ECDSA-SHA256_signed-by_RSA-SHA3-256,9.958,3675.41,1330.38,0.818182,0,0,122.364,24,2180.66,2134.48,1789,1786
1,7,42,ECDSA-SHA256_signed-by_RSA-SHA3-256,ECDSA-SHA256_signed-by_RSA-SHA3-256,9.858,3711.89,1317.91,1,0,0,130.8,16,2149.06,2111.27,1789,1785
1,8,42,ECDSA-SHA256_signed-by_RSA-SHA3-256,ECDSA-SHA256_signed-by_RSA-SHA3-256,8.041,4549.23,1647.39,1,0,0,127.091,15,2157.31,2162.17,1788,1785
1,3,46,ECDSA-SHA256_signed-by_RSA-SHA3-256,ECDSA-SHA256_signed-by_RSA-SHA3-256,13.422,2726.77,2044.33,1,22,0.956522,129.13,24,2130.79,2165.52,1789,1786
1,7,43,ECDSA-SHA256_signed-by_RSA-SHA3-256,ECDSA-SHA256_signed-by_RSA-SHA3-256,9.639,3796.23,1965.34,1,11,0.846154,153.077,16,2146.23,2141.27,1789,1785
1,6,44,ECDSA-SHA256_signed-by_RSA-SHA3-256,ECDSA-SHA256_signed-by_RSA-SHA3-256,12.882,2841.74,1475.52,1,2,0.153846,124.154,9,2154.22,2140.06,1789,1787
1,8,43,ECDSA-SHA256_signed-by_RSA-SHA3-256,ECDSA-SHA256_signed-by_RSA-SHA3-256,8.835,4140.34,1470.35,0.3,0,0,140.8,16,2154.38,2137.24,1788,1785
1,2,41,ECDSA-SHA256_signed-by_RSA-SHA3-256,ECDSA-SHA256_signed-by_RSA-SHA3-256,14.309,2557.75,2089.81,1,29,1.38095,148.476,24,2152.94,2138.19,1789,1786
1,7,44,ECDSA-SHA256_signed-by_RSA-SHA3-256,ECDSA-SHA256_signed-by_RSA-SHA3-256,7.639,4789.74,1700.6,0.3,0,0,130.8,16,2160.37,2130.57,1789,1785
1,3,47,ECDSA-SHA256_signed-by_RSA-SHA3-256,ECDSA-SHA256_signed-by_RSA-SHA3-256,9.762,3748.91,1356.98,0.363636,0,0,127.091,24,2154.68,2130.07,1789,1786
1,8,44,ECDSA-SHA256_signed-by_RSA-SHA3-256,ECDSA-SHA256_signed-by_RSA-SHA3-256,7.276,5027.62,1785.45,0.4,0,0,140.8,16,2176.55,2117.37,1788,1785
1,6,45,ECDSA-SHA256_signed-by_RSA-SHA3-256,ECDSA-SHA256_signed-by_RSA-SHA3-256,10.462,3498.81,1720.35,0.6,7,0.466667,112.667,9,2163.52,2154,1789,1787
1,2,42,ECDSA-SHA256_signed-by_RSA-SHA3-256,ECDSA-SHA256_signed-by_RSA-SHA3-256,9.851,3715,1417.79,0.583333,1,0.0833333,112.667,24,2158.18,2109.05,1789,1786
1,7,45,ECDSA-SHA256_signed-by_RSA-SHA3-256,ECDSA-SHA256_signed-by_RSA-SHA3-256,8.322,4396.54,1874.34,1,7,0.466667,107.867,16,2167.51,2127.39,1789,1785
1,3,48,ECDSA-SHA256_signed-by_RSA-SHA3-256,ECDSA-SHA256_signed-by_RSA-SHA3-256,7.912,4625.39,1641.89,1,0,0,140.8,24,2140.55,2112.26,1789,1786
1,6,46,ECDSA-SHA256_signed-by_RSA-SHA3-256,ECDSA-SHA256_signed-by_RSA-SHA3-256,10.777,3396.82,1299.05,1,1,0.0833333,116.667,9,2131.29,2131,1789,1787
1,8,45,ECDSA-SHA256_signed-by_RSA-SHA3-256,ECDSA-SHA256_signed-by_RSA-SHA3-256,13.703,2669.7,1396.44,1,12,0.857143,156.571,16,2115.2,2118.78,1788,1785
1,7,46,ECDSA-SHA256_signed-by_RSA-SHA3-256,ECDSA-SHA256_signed-by_RSA-SHA3-256,8.199,4462.59,1584.44,0.3,0,0,130.8,16,2154.46,2116.93,1789,1785
1,2,43,ECDSA-SHA256_signed-by_RSA-SHA3-256,ECDSA-SHA256_signed-by_RSA-SHA3-256,11.403,3209.67,2078.04,0.647059,18,1.05882,140.118,24,2165.79,2131.99,1789,1786
1,3,49,ECDSA-SHA256_signed-by_RSA-SHA3-256,ECDSA-SHA256_signed-by_RSA-SHA3-256,9.125,4010.58,1423.65,0.8,0,0,140.8,24,2169.95,2118.55,1789,1786
1,8,46,ECDSA-SHA256_signed-by_RSA-SHA3-256,ECDSA-SHA256_signed-by_RSA-SHA3-256,8.022,4560.08,1651.32,0.727273,0,0,131.455,16,2176.24,2101.74,1788,1785
1,6,47,ECDSA-SHA256_signed-by_RSA-SHA3-256,ECDSA-SHA256_signed-by_RSA-SHA3-256,10.026,3651.02,1321.26,0.727273,0,0,118,9,2155.78,2137.93,1789,1787
1,7,47,ECDSA-SHA256_signed-by_RSA-SHA3-256,ECDSA-SHA256_signed-by_RSA-SHA3-256,10.996,3327.75,1613.68,0.785714,7,0.5,121.429,16,2171.81,2152.28,1789,1785
1,2,44,ECDSA-SHA256_signed-by_RSA-SHA3-256,ECDSA-SHA256_signed-by_RSA-SHA3-256,11.576,3161.7,1675.18,0.733333,18,1.2,137.733,24,2146.71,2132.36,1789,1786
1,3,50,ECDSA-SHA256_signed-by_RSA-SHA3-256,ECDSA-SHA256_signed-by_RSA-SHA3-256,11.086,3301.17,1194.91,0.545455,0,0,121.273,24,2172.26,2112.73,1789,1786
1,8,47,ECDSA-SHA256_signed-by_RSA-SHA3-256,ECDSA-SHA256_signed-by_RSA-SHA3-256,8.384,4363.1,2037.96,0.230769,2,0.153846,124.462,16,2160.57,2140.37,1788,1785
1,6,48,ECDSA-SHA256_signed-by_RSA-SHA3-256,ECDSA-SHA256_signed-by_RSA-SHA3-256,9.45,3873.85,1401.9,0.272727,0,0,118,9,2143.2,2125.18,1789,1787
1,7,48,ECDSA-SHA256_signed-by_RSA-SHA3-256,ECDSA-SHA256_signed-by_RSA-SHA3-256,8.706,4202.64,1492.15,0.3,0,0,130.8,16,2181.85,2120.51,1789,1785
1,2,45,ECDSA-SHA256_signed-by_RSA-SHA3-256,ECDSA-SHA256_signed-by_RSA-SHA3-256,8.714,4199.69,2008.51,0.176471,7,0.411765,160.353,24,2139.53,2150.01,1789,1786
1,3,51,ECDSA-SHA256_signed-by_RSA-SHA3-256,ECDSA-SHA256_signed-by_RSA-SHA3-256,9.781,3741.94,1354.46,0.272727,0,0,131.455,24,2175.69,2126.11,1789,1786
1,8,48,ECDSA-SHA256_signed-by_RSA-SHA3-256,ECDSA-SHA256_signed-by_RSA-SHA3-256,8.241,4438.82,1576.35,0.6,0,0,140.8,16,2286.74,2126.03,1788,1785
1,6,49,ECDSA-SHA256_signed-by_RSA-SHA3-256,ECDSA-SHA256_signed-by_RSA-SHA3-256,10.149,3606.72,1305.23,0.545455,0,0,118,9,2176.54,2216.15,1789,1787
1,7,49,ECDSA-SHA256_signed-by_RSA-SHA3-256,ECDSA-SHA256_signed-by_RSA-SHA3-256,8.687,4211.89,1524.9,0.363636,0,0,118,16,2167.51,2128.28,1789,1785
1,3,52,ECDSA-SHA256_signed-by_RSA-SHA3-256,ECDSA-SHA256_signed-by_RSA-SHA3-256,10.248,3571.14,1267.66,1,0,0,140.8,24,2155.4,2113.86,1789,1786
1,8,49,ECDSA-SHA256_signed-by_RSA-SHA3-256,ECDSA-SHA256_signed-by_RSA-SHA3-256,10.496,3485.25,1237.71,0.7,0,0,140.8,16,2142.23,2125.63,1788,1785
1,2,46,ECDSA-SHA256_signed-by_RSA-SHA3-256,ECDSA-SHA256_signed-by_RSA-SHA3-256,13.396,2732.14,1573,0.5,15,0.75,103.2,24,2169.96,2147.66,1789,1786
1,6,50,ECDSA-SHA256_signed-by_RSA-SHA3-256,ECDSA-SHA256_signed-by_RSA-SHA3-256,10.058,3639.39,1889.68,1,2,0.153846,120.462,9,2176.51,2149.96,1789,1787
1,7,50,ECDSA-SHA256_signed-by_RSA-SHA3-256,ECDSA-SHA256_signed-by_RSA-SHA3-256,11.916,3070.58,1488.97,1,7,0.5,121.429,16,2188.84,2128.41,1789,1785
1,3,53,ECDSA-SHA256_signed-by_RSA-SHA3-256,ECDSA-SHA256_signed-by_RSA-SHA3-256,8.51,4300.43,1641.21,0.666667,1,0.0833333,121.333,24,2151.22,2132.42,1789,1786
1,8,50,ECDSA-SHA256_signed-by_RSA-SHA3-256,ECDSA-SHA256_signed-by_RSA-SHA3-256,8.252,4432.94,1661.51,0.727273,1,0.0909091,133.273,16,2156.4,2115.92,1788,1785
1,6,51,ECDSA-SHA256_signed-by_RSA-SHA3-256,ECDSA-SHA256_signed-by_RSA-SHA3-256,8.872,4125.89,1574.26,0.333333,1,0.0833333,112.667,9,2151.24,2129.78,1789,1787
1,7,51,ECDSA-SHA256_signed-by_RSA-SHA3-256,ECDSA-SHA256_signed-by_RSA-SHA3-256,6.825,5361.01,1940.93,0.272727,0,0,118,16,2121.98,2129.9,1789,1785
1,3,54,ECDSA-SHA256_signed-by_RSA-SHA3-256,ECDSA-SHA256_signed-by_RSA-SHA3-256,8.534,4288.34,2079.03,0.571429,7,0.5,130.286,24,2155.35,2127.34,1789,1786
1,8,51,ECDSA-SHA256_signed-by_RSA-SHA3-256,ECDSA-SHA256_signed-by_RSA-SHA3-256,10.795,3388.96,1227.23,1,0,0,131.455,16,2135.29,2132.49,1788,1785
1,2,47,ECDSA-SHA256_signed-by_RSA-SHA3-256,ECDSA-SHA256_signed-by_RSA-SHA3-256,20.52,1783.54,954.342,1,13,0.8125,135.5,24,2118.26,2129.41,1789,1786
1,6,52,ECDSA-SHA256_signed-by_RSA-SHA3-256,ECDSA-SHA256_signed-by_RSA-SHA3-256,9.338,3919.94,1411.73,0.727273,7,0.636364,122.364,9,2121.94,2121.18,1789,1787
1,7,52,ECDSA-SHA256_signed-by_RSA-SHA3-256,ECDSA-SHA256_signed-by_RSA-SHA3-256,9.668,3784.49,1985.74,0.571429,11,0.785714,144.857,16,2152.94,2132.69,1789,1785
1,3,55,ECDSA-SHA256_signed-by_RSA-SHA3-256,ECDSA-SHA256_signed-by_RSA-SHA3-256,8.101,4517.54,1635.2,0.272727,0,0,127.091,24,2156.57,2099.66,1789,1786
1,8,52,ECDSA-SHA256_signed-by_RSA-SHA3-256,ECDSA-SHA256_signed-by_RSA-SHA3-256,8.408,4350.7,1545.06,0,0,0,140.8,16,2155.3,2122.88,1788,1785
1,2,48,ECDSA-SHA256_signed-by_RSA-SHA3-256,ECDSA-SHA256_signed-by_RSA-SHA3-256,7.893,4636.61,1645.87,0,0,0,130.8,24,2165.74,2126.7,1789,1786
1,6,53,ECDSA-SHA256_signed-by_RSA-SHA3-256,ECDSA-SHA256_signed-by_RSA-SHA3-256,9.112,4017.18,1662.71,0,0,0,188.769,9,2148.98,2182.81,1789,1787
1,7,53,ECDSA-SHA256_signed-by_RSA-SHA3-256,ECDSA-SHA256_signed-by_RSA-SHA3-256,9.094,4023.39,1428.51,0.2,0,0,130.8,16,2161.55,2115.88,1789,1785
1,3,56,ECDSA-SHA256_signed-by_RSA-SHA3-256,ECDSA-SHA256_signed-by_RSA-SHA3-256,8.676,4218.16,1497.33,0.2,0,0,140.8,24,2190.32,2119.05,1789,1786
1,8,53,ECDSA-SHA256_signed-by_RSA-SHA3-256,ECDSA-SHA256_signed-by_RSA-SHA3-256,7.658,4776.78,1942.88,0.142857,5,0.357143,112.571,16,2261.93,2131.3,1788,1785
1,2,49,ECDSA-SHA256_signed-by_RSA-SHA3-256,ECDSA-SHA256_signed-by_RSA-SHA3-256,8.153,4488.74,1593.38,0.2,0,0,130.8,24,2157.62,2137.36,1789,1786
1,6,54,ECDSA-SHA256_signed-by_RSA-SHA3-256,ECDSA-SHA256_signed-by_RSA-SHA3-256,9.1,4022.5,1427.57,0.2,0,0,130.8,9,2185.97,2123.03,1789,1787
1,7,54,ECDSA-SHA256_signed-by_RSA-SHA3-256,ECDSA-SHA256_signed-by_RSA-SHA3-256,9.089,4025.6,1429.29,0.3,0,0,130.8,16,2148.81,2118.24,1789,1785
1,3,57,ECDSA-SHA256_signed-by_RSA-SHA3-256,ECDSA-SHA256_signed-by_RSA-SHA3-256,9.855,3713.53,1318.2,0.3,0,0,140.8,24,2159.95,2206.63,1789,1786
1,8,54,ECDSA-SHA256_signed-by_RSA-SHA3-256,ECDSA-SHA256_signed-by_RSA-SHA3-256,8.439,4334.76,1562.15,0.545455,7,0.636364,131.455,16,2156.51,2118.13,1788,1785
1,2,50,ECDSA-SHA256_signed-by_RSA-SHA3-256,ECDSA-SHA256_signed-by_RSA-SHA3-256,8.066,4537.17,1642.31,1,0,0,118,24,2166.89,2140.97,1789,1786
1,7,55,ECDSA-SHA256_signed-by_RSA-SHA3-256,ECDSA-SHA256_signed-by_RSA-SHA3-256,8.449,4330.46,1567.83,1,0,0,122.364,16,2139.96,2192.34,1789,1785
1,3,58,ECDSA-SHA256_signed-by_RSA-SHA3-256,ECDSA-SHA256_signed-by_RSA-SHA3-256,10.609,3449.85,1672.52,1,7,0.5,130.286,24,2152.94,2130.86,1789,1786
1,6,55,ECDSA-SHA256_signed-by_RSA-SHA3-256,ECDSA-SHA256_signed-by_RSA-SHA3-256,14.324,2555.64,2036.25,1,17,0.772727,106.727,9,2150.99,2204.42,1789,1787
1,2,51,ECDSA-SHA256_signed-by_RSA-SHA3-256,ECDSA-SHA256_signed-by_RSA-SHA3-256,10.086,3628.79,1313.5,1,0,0,122.364,24,2198.01,2114.88,1789,1786
1,8,55,ECDSA-SHA256_signed-by_RSA-SHA3-256,ECDSA-SHA256_signed-by_RSA-SHA3-256,14.056,2602.66,2449.56,1,46,1.4375,208.625,16,2159.73,2122.26,1788,1785
1,7,56,ECDSA-SHA256_signed-by_RSA-SHA3-256,ECDSA-SHA256_signed-by_RSA-SHA3-256,9.877,3704.45,1579.29,1,7,0.466667,107.867,16,2154.01,2125.55,1789,1785
1,6,56,ECDSA-SHA256_signed-by_RSA-SHA3-256,ECDSA-SHA256_signed-by_RSA-SHA3-256,10.163,3601.75,1328.62,1,0,0,111.333,9,2156.44,2109.27,1789,1787
1,3,59,ECDSA-SHA256_signed-by_RSA-SHA3-256,ECDSA-SHA256_signed-by_RSA-SHA3-256,12.423,2946.12,1676.87,1,16,0.941176,136.588,24,2161.53,2157.02,1789,1786
1,8,56,ECDSA-SHA256_signed-by_RSA-SHA3-256,ECDSA-SHA256_signed-by_RSA-SHA3-256,10.336,3539.46,1880.8,0.823529,7,0.411765,154.941,16,2116.06,2174.16,1788,1785
1,7,57,ECDSA-SHA256_signed-by_RSA-SHA3-256,ECDSA-SHA256_signed-by_RSA-SHA3-256,10.652,3435.18,1335.32,1,1,0.0769231,106.923,16,2153.72,2123.16,1789,1785
1,2,52,ECDSA-SHA256_signed-by_RSA-SHA3-256,ECDSA-SHA256_signed-by_RSA-SHA3-256,16.72,2188.9,1428.65,1,19,1.05556,134.444,24,2156.96,2127.77,1789,1786
1,6,57,ECDSA-SHA256_signed-by_RSA-SHA3-256,ECDSA-SHA256_signed-by_RSA-SHA3-256,8.43,4342.12,1541,0.6,0,0,130.8,9,2150.71,2138.45,1789,1787
1,3,60,ECDSA-SHA256_signed-by_RSA-SHA3-256,ECDSA-SHA256_signed-by_RSA-SHA3-256,11.059,3309.44,1801.2,0.933333,12,0.8,150,24,2147.44,2138.27,1789,1786
1,8,57,ECDSA-SHA256_signed-by_RSA-SHA3-256,ECDSA-SHA256_signed-by_RSA-SHA3-256,9.944,3678.98,1370.87,0.692308,6,0.461538,113.385,16,2154.67,2105.28,1788,1785
1,7,58,ECDSA-SHA256_signed-by_RSA-SHA3-256,ECDSA-SHA256_signed-by_RSA-SHA3-256,8.187,4469.05,1840.77,1,9,0.6,100.4,16,2161.25,2114.26,1789,1785
1,2,53,ECDSA-SHA256_signed-by_RSA-SHA3-256,ECDSA-SHA256_signed-by_RSA-SHA3-256,8.493,4308.97,1559.71,1,0,0,122.364,24,2152.82,2141.59,1789,1786
1,6,58,ECDSA-SHA256_signed-by_RSA-SHA3-256,ECDSA-SHA256_signed-by_RSA-SHA3-256,12.339,2966.79,1115.14,1,0,0,105.692,9,2166.51,2128.26,1789,1787
1,3,61,ECDSA-SHA256_signed-by_RSA-SHA3-256,ECDSA-SHA256_signed-by_RSA-SHA3-256,11.921,3070.18,1111.3,1,0,0,131.455,24,2153.41,2133.43,1789,1786
1,2,54,ECDSA-SHA256_signed-by_RSA-SHA3-256,ECDSA-SHA256_signed-by_RSA-SHA3-256,9.039,4048.75,1437.19,0.4,4,0.4,130.8,24,2138.39,2123.71,1789,1786
1,7,59,ECDSA-SHA256_signed-by_RSA-SHA3-256,ECDSA-SHA256_signed-by_RSA-SHA3-256,12.089,3026.83,1299.67,0.6875,3,0.1875,145,16,2139.68,2121.13,1789,1785
1,8,58,ECDSA-SHA256_signed-by_RSA-SHA3-256,ECDSA-SHA256_signed-by_RSA-SHA3-256,13.024,2808.91,2243.19,0.818182,30,1.36364,281.455,16,2163.11,2103.24,1788,1785
1,6,59,ECDSA-SHA256_signed-by_RSA-SHA3-256,ECDSA-SHA256_signed-by_RSA-SHA3-256,8.649,4232.18,1531.58,0.727273,0,0,118,9,2161.61,2143.96,1789,1787
1,3,62,ECDSA-SHA256_signed-by_RSA-SHA3-256,ECDSA-SHA256_signed-by_RSA-SHA3-256,7.933,4613.13,1637.53,0.5,0,0,140.8,24,2182.64,2105.43,1789,1786
1,2,55,ECDSA-SHA256_signed-by_RSA-SHA3-256,ECDSA-SHA256_signed-by_RSA-SHA3-256,9.039,4048.69,2007.09,0.75,11,0.55,142,24,2148.59,2124.33,1789,1786
1,8,59,ECDSA-SHA256_signed-by_RSA-SHA3-256,ECDSA-SHA256_signed-by_RSA-SHA3-256,13.092,2794.32,992.342,1,0,0,134.4,16,2125.54,2150.97,1788,1785
1,6,60,ECDSA-SHA256_signed-by_RSA-SHA3-256,ECDSA-SHA256_signed-by_RSA-SHA3-256,11.507,3181.34,1129.04,1,0,0,130.8,9,2124.08,2139.82,1789,1787
1,7,60,ECDSA-SHA256_signed-by_RSA-SHA3-256,ECDSA-SHA256_signed-by_RSA-SHA3-256,15.832,2311.19,1212.7,1,11,0.785714,144.857,16,2135.82,2100.41,1789,1785
1,2,56,ECDSA-SHA256_signed-by_RSA-SHA3-256,ECDSA-SHA256_signed-by_RSA-SHA3-256,8.803,4157.31,1475.73,0,0,0,130.8,24,2158.51,2207.03,1789,1786
1,3,63,ECDSA-SHA256_signed-by_RSA-SHA3-256,ECDSA-SHA256_signed-by_RSA-SHA3-256,11.304,3237.51,1692.71,0.714286,12,0.857143,156.571,24,2167.08,2114.77,1789,1786
1,8,60,ECDSA-SHA256_signed-by_RSA-SHA3-256,ECDSA-SHA256_signed-by_RSA-SHA3-256,6.652,5499.19,1991.4,0.454545,0,0,127.091,16,2145.35,2134.94,1788,1785
1,6,61,ECDSA-SHA256_signed-by_RSA-SHA3-256,ECDSA-SHA256_signed-by_RSA-SHA3-256,8.587,4262.77,1542.65,0.454545,0,0,118,9,2157.94,2145.48,1789,1787
1,7,61,ECDSA-SHA256_signed-by_RSA-SHA3-256,ECDSA-SHA256_signed-by_RSA-SHA3-256,10.089,3626.57,1312.99,0.454545,0,0,122.364,16,2172.86,2122.04,1789,1785
1,2,57,ECDSA-SHA256_signed-by_RSA-SHA3-256,ECDSA-SHA256_signed-by_RSA-SHA3-256,11.415,3206.27,1659.55,0.692308,11,0.846154,153.077,24,2167.6,2125.54,1789,1786
1,8,61,ECDSA-SHA256_signed-by_RSA-SHA3-256,ECDSA-SHA256_signed-by_RSA-SHA3-256,8.795,4159.24,1477.06,0.4,0,0,140.8,16,2150.1,2121.29,1788,1785
1,3,64,ECDSA-SHA256_signed-by_RSA-SHA3-256,ECDSA-SHA256_signed-by_RSA-SHA3-256,13.825,2647.19,939.681,0.9,0,0,140.8,24,2148.07,6137.9,1789,1786
1,6,62,ECDSA-SHA256_signed-by_RSA-SHA3-256,ECDSA-SHA256_signed-by_RSA-SHA3-256,9.116,4015.46,1946.3,0.357143,7,0.5,121.429,9,2158.89,2152.74,1789,1787
1,7,62,ECDSA-SHA256_signed-by_RSA-SHA3-256,ECDSA-SHA256_signed-by_RSA-SHA3-256,7.332,4990.32,1841.64,0.416667,0,0,111.333,16,2181.97,2095.08,1789,1785
1,2,58,ECDSA-SHA256_signed-by_RSA-SHA3-256,ECDSA-SHA256_signed-by_RSA-SHA3-256,9.724,3763.53,1362.28,0.0909091,0,0,122.364,24,2177.67,2128.11,1789,1786
1,8,62,ECDSA-SHA256_signed-by_RSA-SHA3-256,ECDSA-SHA256_signed-by_RSA-SHA3-256,9.832,3720.56,1420.53,0.333333,1,0.0833333,121.333,16,2140.43,2117.05,1788,1785
1,3,65,ECDSA-SHA256_signed-by_RSA-SHA3-256,ECDSA-SHA256_signed-by_RSA-SHA3-256,9.274,3946.44,1421.58,0.363636,7,0.636364,131.455,24,2158.78,2107.71,1789,1786
1,6,63,ECDSA-SHA256_signed-by_RSA-SHA3-256,ECDSA-SHA256_signed-by_RSA-SHA3-256,8.349,4384.31,1555.97,0.3,0,0,130.8,9,2176.91,2141.84,1789,1787
1,7,63,ECDSA-SHA256_signed-by_RSA-SHA3-256,ECDSA-SHA256_signed-by_RSA-SHA3-256,10.248,3570.33,1292.62,0.272727,0,0,122.364,16,2164,2116.61,1789,1785
1,2,59,ECDSA-SHA256_signed-by_RSA-SHA3-256,ECDSA-SHA256_signed-by_RSA-SHA3-256,9.016,4059.16,1440.89,0.3,0,0,130.8,24,2193.47,2144.15,1789,1786
1,8,63,ECDSA-SHA256_signed-by_RSA-SHA3-256,ECDSA-SHA256_signed-by_RSA-SHA3-256,9.271,3945.78,1401.26,0,0,0,140.8,16,2149.64,2129.98,1788,1785
1,3,66,ECDSA-SHA256_signed-by_RSA-SHA3-256,ECDSA-SHA256_signed-by_RSA-SHA3-256,8.332,4392.39,1818.4,0,0,0,205.385,24,2137.51,2109.24,1789,1786
1,6,64,ECDSA-SHA256_signed-by_RSA-SHA3-256,ECDSA-SHA256_signed-by_RSA-SHA3-256,8.447,4333.54,1537.95,0,0,0,130.8,9,2159.34,2111.71,1789,1787
1,7,64,ECDSA-SHA256_signed-by_RSA-SHA3-256,ECDSA-SHA256_signed-by_RSA-SHA3-256,8.572,4268.45,1545.38,0,0,0,118,16,2179.32,2137.35,1789,1785
1,2,60,ECDSA-SHA256_signed-by_RSA-SHA3-256,ECDSA-SHA256_signed-by_RSA-SHA3-256,7.219,5069.58,1799.56,1,0,0,130.8,24,2169.76,2246.01,1789,1786
1,8,64,ECDSA-SHA256_signed-by_RSA-SHA3-256,ECDSA-SHA256_signed-by_RSA-SHA3-256,11.602,3153.22,1248.05,1,1,0.0714286,109.429,16,2174.21,2138.66,1788,1785
1,6,65,ECDSA-SHA256_signed-by_RSA-SHA3-256,ECDSA-SHA256_signed-by_RSA-SHA3-256,10.635,3442.2,1245.69,1,0,0,118,9,2130.56,2117.72,1789,1787
1,3,67,ECDSA-SHA256_signed-by_RSA-SHA3-256,ECDSA-SHA256_signed-by_RSA-SHA3-256,12.846,2849.08,1751.17,0.777778,14,0.777778,123.111,24,2155.27,2127.34,1789,1786
1,7,65,ECDSA-SHA256_signed-by_RSA-SHA3-256,ECDSA-SHA256_signed-by_RSA-SHA3-256,10.457,3499.25,2036.51,0.823529,18,1.05882,133.059,16,2156.66,2116.21,1789,1785
1,2,61,ECDSA-SHA256_signed-by_RSA-SHA3-256,ECDSA-SHA256_signed-by_RSA-SHA3-256,9.286,3941.41,1426.66,0.272727,0,0,118,24,2153.23,2155.76,1789,1786
1,6,66,ECDSA-SHA256_signed-by_RSA-SHA3-256,ECDSA-SHA256_signed-by_RSA-SHA3-256,8.041,4552.18,1615.54,0,0,0,130.8,9,2145.57,2138.62,1789,1787
1,8,65,ECDSA-SHA256_signed-by_RSA-SHA3-256,ECDSA-SHA256_signed-by_RSA-SHA3-256,8.888,4115.69,1461.59,0,0,0,140.8,16,2145.92,2110.24,1788,1785
1,3,68,ECDSA-SHA256_signed-by_RSA-SHA3-256,ECDSA-SHA256_signed-by_RSA-SHA3-256,8.333,4391.74,1558.95,0,0,0,140.8,24,2147.61,2165.65,1789,1786
1,7,66,ECDSA-SHA256_signed-by_RSA-SHA3-256,ECDSA-SHA256_signed-by_RSA-SHA3-256,8.317,4399.23,1561.95,0.5,0,0,130.8,16,2171.66,2107.79,1789,1785
1,2,62,ECDSA-SHA256_signed-by_RSA-SHA3-256,ECDSA-SHA256_signed-by_RSA-SHA3-256,9.757,3750.8,1357.66,0.454545,0,0,118,24,2146.72,2130.06,1789,1786
1,6,67,ECDSA-SHA256_signed-by_RSA-SHA3-256,ECDSA-SHA256_signed-by_RSA-SHA3-256,8.176,4477.09,1588.9,1,0,0,130.8,9,2174.94,2136.63,1789,1787
1,8,66,ECDSA-SHA256_signed-by_RSA-SHA3-256,ECDSA-SHA256_signed-by_RSA-SHA3-256,8.682,4213.4,1525.78,0.909091,0,0,131.455,16,2163.7,2134.93,1788,1785
1,3,69,ECDSA-SHA256_signed-by_RSA-SHA3-256,ECDSA-SHA256_signed-by_RSA-SHA3-256,11.59,3157.84,1656.57,1,11,0.785714,153.143,24,2154.01,2118.03,1789,1786
1,7,67,ECDSA-SHA256_signed-by_RSA-SHA3-256,ECDSA-SHA256_signed-by_RSA-SHA3-256,11.414,3205.84,1554.56,0.642857,7,0.5,121.429,16,2139.28,2131.35,1789,1785
1,2,63,ECDSA-SHA256_signed-by_RSA-SHA3-256,ECDSA-SHA256_signed-by_RSA-SHA3-256,11.872,3082.85,1617.23,0.642857,11,0.785714,144.857,24,2130.69,2128.94,1789,1786
1,6,68,ECDSA-SHA256_signed-by_RSA-SHA3-256,ECDSA-SHA256_signed-by_RSA-SHA3-256,10.934,3348.08,1640.39,0.266667,8,0.533333,115.867,9,2122.83,2122.61,1789,1787
1,8,67,ECDSA-SHA256_signed-by_RSA-SHA3-256,ECDSA-SHA256_signed-by_RSA-SHA3-256,11.744,3115.09,1106.26,0.7,0,0,140.8,16,2158.36,2165.51,1788,1785
1,3,70,ECDSA-SHA256_signed-by_RSA-SHA3-256,ECDSA-SHA256_signed-by_RSA-SHA3-256,8.726,4194.04,1758.29,0.214286,7,0.5,120.857,24,2153.31,2122.82,1789,1786
1,7,68,ECDSA-SHA256_signed-by_RSA-SHA3-256,ECDSA-SHA256_signed-by_RSA-SHA3-256,8.464,4322.91,1534.85,0.3,0,0,130.8,16,2150.15,2124.72,1789,1785
1,2,64,ECDSA-SHA256_signed-by_RSA-SHA3-256,ECDSA-SHA256_signed-by_RSA-SHA3-256,10.162,3601.33,1303.56,0.545455,0,0,122.364,24,2168.66,2129.49,1789,1786
1,6,69,ECDSA-SHA256_signed-by_RSA-SHA3-256,ECDSA-SHA256_signed-by_RSA-SHA3-256,8.566,4273.27,1516.56,0.6,0,0,130.8,9,2252.98,2125.4,1789,1787
1,8,68,ECDSA-SHA256_signed-by_RSA-SHA3-256,ECDSA-SHA256_signed-by_RSA-SHA3-256,11.616,3149.43,1549.58,0.733333,7,0.466667,120.933,16,2149.66,2138.49,1788,1785
1,3,71,ECDSA-SHA256_signed-by_RSA-SHA3-256,ECDSA-SHA256_signed-by_RSA-SHA3-256,11.137,3286.05,1212.43,1,0,0,119.333,24,2134.96,2133.22,1789,1786
1,7,69,ECDSA-SHA256_signed-by_RSA-SHA3-256,ECDSA-SHA256_signed-by_RSA-SHA3-256,12.216,2995.37,1164.36,0.923077,1,0.0769231,145.692,16,2165.37,2121.64,1789,1785
1,2,65,ECDSA-SHA256_signed-by_RSA-SHA3-256,ECDSA-SHA256_signed-by_RSA-SHA3-256,10.764,3400.2,1850.6,0.6,12,0.8,135.6,24,2163.16,2123.07,1789,1786
1,6,70,ECDSA-SHA256_signed-by_RSA-SHA3-256,ECDSA-SHA256_signed-by_RSA-SHA3-256,11.771,3109.98,1529.16,0.6,7,0.466667,112.667,9,2137.09,2149.74,1789,1787
1,8,69,ECDSA-SHA256_signed-by_RSA-SHA3-256,ECDSA-SHA256_signed-by_RSA-SHA3-256,8.496,4305.6,1529.04,0.1,0,0,140.8,16,2145.39,2121.49,1788,1785
1,7,70,ECDSA-SHA256_signed-by_RSA-SHA3-256,ECDSA-SHA256_signed-by_RSA-SHA3-256,7.482,4890.23,1736.28,0,0,0,130.8,16,2161.36,2137.81,1789,1785
1,3,72,ECDSA-SHA256_signed-by_RSA-SHA3-256,ECDSA-SHA256_signed-by_RSA-SHA3-256,11.752,3114.2,1305.58,0.642857,11,0.785714,120.857,24,2162.91,2111.1,1789,1786
1,2,66,ECDSA-SHA256_signed-by_RSA-SHA3-256,ECDSA-SHA256_signed-by_RSA-SHA3-256,10.929,3348.73,1212.13,1,0,0,122.364,24,2150.45,2134.71,1789,1786
1,8,70,ECDSA-SHA256_signed-by_RSA-SHA3-256,ECDSA-SHA256_signed-by_RSA-SHA3-256,8.348,4382.21,1837.98,1,7,0.5,120.857,16,2136.7,2116.53,1788,1785
1,6,71,ECDSA-SHA256_signed-by_RSA-SHA3-256,ECDSA-SHA256_signed-by_RSA-SHA3-256,11.193,3270.45,1526.59,1,2,0.153846,133.385,9,2158.65,2136.47,1789,1787
1,7,71,ECDSA-SHA256_signed-by_RSA-SHA3-256,ECDSA-SHA256_signed-by_RSA-SHA3-256,14.109,2593.37,1702.08,1,9,0.5,110.889,16,2144.16,2130.49,1789,1785
1,2,67,ECDSA-SHA256_signed-by_RSA-SHA3-256,ECDSA-SHA256_signed-by_RSA-SHA3-256,10.917,3352.54,2280.46,1,22,1.375,171,24,2158.56,2188.07,1789,1786
1,8,71,ECDSA-SHA256_signed-by_RSA-SHA3-256,ECDSA-SHA256_signed-by_RSA-SHA3-256,11.382,3214.15,1163.92,1,0,0,127.091,16,2162.47,2128.39,1788,1785
1,6,72,ECDSA-SHA256_signed-by_RSA-SHA3-256,ECDSA-SHA256_signed-by_RSA-SHA3-256,10.694,3423.2,1214.88,0.2,0,0,130.8,9,2143.12,2133,1789,1787
1,3,73,ECDSA-SHA256_signed-by_RSA-SHA3-256,ECDSA-SHA256_signed-by_RSA-SHA3-256,16.79,2179.78,1520.84,0.96,26,1.04,292.88,24,2151.41,2116.06,1789,1786
1,7,72,ECDSA-SHA256_signed-by_RSA-SHA3-256,ECDSA-SHA256_signed-by_RSA-SHA3-256,8.151,4488.73,1625.13,0.454545,0,0,118,16,2171.4,2164.79,1789,1785
1,2,68,ECDSA-SHA256_signed-by_RSA-SHA3-256,ECDSA-SHA256_signed-by_RSA-SHA3-256,8.309,4404.42,1617.36,0.75,4,0.333333,111.333,24,2168.22,2135.94,1789,1786
1,6,73,ECDSA-SHA256_signed-by_RSA-SHA3-256,ECDSA-SHA256_signed-by_RSA-SHA3-256,10.043,3645.12,1892.66,0.769231,2,0.153846,121.385,9,2141.75,2160.84,1789,1787
1,7,73,ECDSA-SHA256_signed-by_RSA-SHA3-256,ECDSA-SHA256_signed-by_RSA-SHA3-256,8.836,4140.85,2172.72,0.714286,8,0.571429,118,16,2167.32,2141.09,1789,1785
1,8,72,ECDSA-SHA256_signed-by_RSA-SHA3-256,ECDSA-SHA256_signed-by_RSA-SHA3-256,13.941,2624.15,1286.54,0.866667,12,0.8,206.8,16,2156.25,2145.54,1788,1785
1,2,69,ECDSA-SHA256_signed-by_RSA-SHA3-256,ECDSA-SHA256_signed-by_RSA-SHA3-256,9.876,3705.61,1525.98,0.4,7,0.466667,140.933,24,2180.81,2119.47,1789,1786
1,6,74,ECDSA-SHA256_signed-by_RSA-SHA3-256,ECDSA-SHA256_signed-by_RSA-SHA3-256,8.413,4350.94,1574.55,1,0,0,118,9,2199.84,2159.2,1789,1787
1,3,74,ECDSA-SHA256_signed-by_RSA-SHA3-256,ECDSA-SHA256_signed-by_RSA-SHA3-256,19.025,1923.7,1202.57,1,22,1.1,116.4,24,2164.78,2106.07,1789,1786
1,7,74,ECDSA-SHA256_signed-by_RSA-SHA3-256,ECDSA-SHA256_signed-by_RSA-SHA3-256,9.612,3806.52,1378.14,1,0,0,143.091,17,2158.33,2125.42,1789,1785
1,8,73,ECDSA-SHA256_signed-by_RSA-SHA3-256,ECDSA-SHA256_signed-by_RSA-SHA3-256,9.862,3709.57,2268.09,0.818182,13,0.590909,154.727,16,2149.65,2122.17,1788,1785
1,3,75,ECDSA-SHA256_signed-by_RSA-SHA3-256,ECDSA-SHA256_signed-by_RSA-SHA3-256,8.419,4346.84,1829.95,0.357143,0,0,178,24,2177.97,2115.34,1789,1786
1,6,75,ECDSA-SHA256_signed-by_RSA-SHA3-256,ECDSA-SHA256_signed-by_RSA-SHA3-256,10.05,3642.58,1318.21,0.545455,0,0,118,9,2145.97,2123.67,1789,1787
1,2,70,ECDSA-SHA256_signed-by_RSA-SHA3-256,ECDSA-SHA256_signed-by_RSA-SHA3-256,13.991,2615.88,1573.53,1,16,0.888889,202.889,24,2149.3,2127.33,1789,1786
1,7,75,ECDSA-SHA256_signed-by_RSA-SHA3-256,ECDSA-SHA256_signed-by_RSA-SHA3-256,9.73,3760.38,2208.22,0.888889,23,1.27778,150.444,17,2145.78,2147.1,1789,1785
1,8,74,ECDSA-SHA256_signed-by_RSA-SHA3-256,ECDSA-SHA256_signed-by_RSA-SHA3-256,9.819,3725.49,1349.1,1,0,0,131.455,16,2143.53,2115.24,1788,1785
1,3,76,ECDSA-SHA256_signed-by_RSA-SHA3-256,ECDSA-SHA256_signed-by_RSA-SHA3-256,7.67,4771.42,1727.1,1,0,0,122.364,24,2169.54,2115.99,1789,1786
1,6,76,ECDSA-SHA256_signed-by_RSA-SHA3-256,ECDSA-SHA256_signed-by_RSA-SHA3-256,11.151,3282.92,1591.24,1,7,0.5,121.429,9,2162.83,2147.68,1789,1787
1,7,76,ECDSA-SHA256_signed-by_RSA-SHA3-256,ECDSA-SHA256_signed-by_RSA-SHA3-256,8.991,4069.48,1718.9,0.466667,3,0.2,174,17,2137.29,2125.28,1789,1785
1,8,75,ECDSA-SHA256_signed-by_RSA-SHA3-256,ECDSA-SHA256_signed-by_RSA-SHA3-256,8.737,4186.85,1508.84,0.636364,7,0.636364,131.455,16,2151.24,2111.61,1788,1785
1,2,71,ECDSA-SHA256_signed-by_RSA-SHA3-256,ECDSA-SHA256_signed-by_RSA-SHA3-256,12.766,2866.97,1871.21,0.833333,19,1.05556,134.444,24,2151.2,2137.28,1789,1786
1,3,77,ECDSA-SHA256_signed-by_RSA-SHA3-256,ECDSA-SHA256_signed-by_RSA-SHA3-256,10.93,3348.28,1188.55,0.3,0,0,130.8,24,2209.38,2153.44,1789,1786
1,6,77,ECDSA-SHA256_signed-by_RSA-SHA3-256,ECDSA-SHA256_signed-by_RSA-SHA3-256,7.621,4803.19,1704.63,0,0,0,134.4,9,2156.31,2134.54,1789,1787
1,7,77,ECDSA-SHA256_signed-by_RSA-SHA3-256,ECDSA-SHA256_signed-by_RSA-SHA3-256,8.828,4144.65,1471.56,0,0,0,153.6,17,2162.73,2178.83,1789,1785
1,8,76,ECDSA-SHA256_signed-by_RSA-SHA3-256,ECDSA-SHA256_signed-by_RSA-SHA3-256,9.021,4055.08,1679.49,0,0,0,205.385,16,2147.7,2147.64,1788,1785
1,2,72,ECDSA-SHA256_signed-by_RSA-SHA3-256,ECDSA-SHA256_signed-by_RSA-SHA3-256,10.015,3654.23,1297.15,0,0,0,132,24,2164.77,2126.1,1789,1786
1,3,78,ECDSA-SHA256_signed-by_RSA-SHA3-256,ECDSA-SHA256_signed-by_RSA-SHA3-256,8.914,4105.62,1457.38,0,0,0,156,24,2139.36,2117.59,1789,1786
1,6,78,ECDSA-SHA256_signed-by_RSA-SHA3-256,ECDSA-SHA256_signed-by_RSA-SHA3-256,10.331,3543.24,1257.48,0.5,0,0,130.8,9,2148.51,2122.41,1789,1787
1,7,78,ECDSA-SHA256_signed-by_RSA-SHA3-256,ECDSA-SHA256_signed-by_RSA-SHA3-256,9.391,3896.21,1383.35,0.5,0,0,153.6,17,2153.25,2117.88,1789,1785
1,8,77,ECDSA-SHA256_signed-by_RSA-SHA3-256,ECDSA-SHA256_signed-by_RSA-SHA3-256,10.836,3375.89,1246.12,0.5,0,0,119.667,16,2159.81,2113.51,1788,1785
1,2,73,ECDSA-SHA256_signed-by_RSA-SHA3-256,ECDSA-SHA256_signed-by_RSA-SHA3-256,9.121,4012.38,1424.28,1,0,0,130.8,24,2164.11,2151.86,1789,1786
1,3,79,ECDSA-SHA256_signed-by_RSA-SHA3-256,ECDSA-SHA256_signed-by_RSA-SHA3-256,11.364,3220.66,1775.41,1,12,0.75,129.5,24,2165.48,2142.95,1789,1786
1,6,79,ECDSA-SHA256_signed-by_RSA-SHA3-256,ECDSA-SHA256_signed-by_RSA-SHA3-256,10.529,3476.84,1282.54,1,0,0,111.333,9,2132.72,2128.4,1789,1787
1,7,79,ECDSA-SHA256_signed-by_RSA-SHA3-256,ECDSA-SHA256_signed-by_RSA-SHA3-256,11.122,3290.02,1214.16,1,0,0,129,17,2146.52,2128.15,1789,1785
1,3,80,ECDSA-SHA256_signed-by_RSA-SHA3-256,ECDSA-SHA256_signed-by_RSA-SHA3-256,8.641,4235.62,2083.09,1,7,0.466667,115.867,24,2159.4,2125.11,1789,1786
1,8,78,ECDSA-SHA256_signed-by_RSA-SHA3-256,ECDSA-SHA256_signed-by_RSA-SHA3-256,14.688,2490.64,1630.66,1,18,1,145.778,16,2154.51,2111.37,1788,1785
1,6,80,ECDSA-SHA256_signed-by_RSA-SHA3-256,ECDSA-SHA256_signed-by_RSA-SHA3-256,9.21,3974.42,1466.09,0.833333,0,0,112.333,9,2149.04,2122.25,1789,1787
1,7,80,ECDSA-SHA256_signed-by_RSA-SHA3-256,ECDSA-SHA256_signed-by_RSA-SHA3-256,11.446,3196.89,1677.42,0.642857,11,0.785714,303.143,17,2151.51,2125.49,1789,1785
1,3,81,ECDSA-SHA256_signed-by_RSA-SHA3-256,ECDSA-SHA256_signed-by_RSA-SHA3-256,6.51,5621.74,1995.56,0.3,0,0,130.8,24,2181.99,2117.7,1789,1786
1,6,81,ECDSA-SHA256_signed-by_RSA-SHA3-256,ECDSA-SHA256_signed-by_RSA-SHA3-256,9.245,3959.48,1432.89,0.272727,0,0,118,9,2180.41,2132.96,1789,1787
1,7,81,ECDSA-SHA256_signed-by_RSA-SHA3-256,ECDSA-SHA256_signed-by_RSA-SHA3-256,9.851,3714.27,1318.75,0.1,0,0,153.6,17,2155.51,2114.33,1789,1785
1,8,79,ECDSA-SHA256_signed-by_RSA-SHA3-256,ECDSA-SHA256_signed-by_RSA-SHA3-256,15.745,2323.51,1143.21,0.266667,7,0.466667,120.933,16,2117.24,2132.96,1788,1785
1,3,82,ECDSA-SHA256_signed-by_RSA-SHA3-256,ECDSA-SHA256_signed-by_RSA-SHA3-256,10.656,3434.42,1243.15,0.0909091,0,0,118,24,2142.65,2122.62,1789,1786
1,2,74,ECDSA-SHA256_signed-by_RSA-SHA3-256,ECDSA-SHA256_signed-by_RSA-SHA3-256,32.59,1123.04,988.276,1,36,1.56522,255.043,24,2159.76,2141.91,1789,1786
1,6,82,ECDSA-SHA256_signed-by_RSA-SHA3-256,ECDSA-SHA256_signed-by_RSA-SHA3-256,10.173,3598.54,1302.27,0.545455,0,0,118,10,2167,2155.76,1789,1787
1,7,82,ECDSA-SHA256_signed-by_RSA-SHA3-256,ECDSA-SHA256_signed-by_RSA-SHA3-256,8.988,4070.77,1466.69,1,5,0.454545,143.091,17,2160.59,2123.83,1789,1785
1,8,80,ECDSA-SHA256_signed-by_RSA-SHA3-256,ECDSA-SHA256_signed-by_RSA-SHA3-256,11.84,3089.83,1621.6,1,11,0.785714,156.571,16,2118.15,2136.89,1788,1785
1,3,83,ECDSA-SHA256_signed-by_RSA-SHA3-256,ECDSA-SHA256_signed-by_RSA-SHA3-256,11.943,3064.52,1586.18,1,11,0.846154,153.077,24,2173.6,2111.28,1789,1786
1,2,75,ECDSA-SHA256_signed-by_RSA-SHA3-256,ECDSA-SHA256_signed-by_RSA-SHA3-256,9.932,3684.75,2023.19,1,14,0.777778,113.556,24,2163.01,2118.31,1789,1786
1,6,83,ECDSA-SHA256_signed-by_RSA-SHA3-256,ECDSA-SHA256_signed-by_RSA-SHA3-256,10.656,3435.13,1954.78,1,16,0.941176,266.706,10,2163.92,2141.21,1789,1787
1,3,84,ECDSA-SHA256_signed-by_RSA-SHA3-256,ECDSA-SHA256_signed-by_RSA-SHA3-256,8.316,4400.71,1679.49,0.666667,1,0.0833333,112.667,24,2142.69,2114.47,1789,1786
1,8,81,ECDSA-SHA256_signed-by_RSA-SHA3-256,ECDSA-SHA256_signed-by_RSA-SHA3-256,10.21,3583.14,1880.5,0.928571,11,0.785714,153.143,16,2120.36,2122.52,1788,1785
1,2,76,ECDSA-SHA256_signed-by_RSA-SHA3-256,ECDSA-SHA256_signed-by_RSA-SHA3-256,9.865,3710.09,2037.1,0.388889,14,0.777778,109.556,24,2171.94,2109.67,1789,1786
1,6,84,ECDSA-SHA256_signed-by_RSA-SHA3-256,ECDSA-SHA256_signed-by_RSA-SHA3-256,8.139,4497.42,1596.11,1,0,0,130.8,10,2180.59,2133.63,1789,1787
1,3,85,ECDSA-SHA256_signed-by_RSA-SHA3-256,ECDSA-SHA256_signed-by_RSA-SHA3-256,7.777,4705.72,1736.23,0.5,0,0,111.333,24,2152.84,2123.88,1789,1786
1,8,82,ECDSA-SHA256_signed-by_RSA-SHA3-256,ECDSA-SHA256_signed-by_RSA-SHA3-256,9.116,4012.85,2204.3,0.388889,14,0.777778,117.778,16,2177.47,2103.61,1788,1785
1,7,83,ECDSA-SHA256_signed-by_RSA-SHA3-256,ECDSA-SHA256_signed-by_RSA-SHA3-256,27.833,1314.67,565.074,1,5,0.3125,160.5,17,2134.9,2167.11,1789,1785
1,2,77,ECDSA-SHA256_signed-by_RSA-SHA3-256,ECDSA-SHA256_signed-by_RSA-SHA3-256,13.368,2737.84,1400.34,0.625,8,0.5,109,24,2164.72,2130.45,1789,1786
1,6,85,ECDSA-SHA256_signed-by_RSA-SHA3-256,ECDSA-SHA256_signed-by_RSA-SHA3-256,13.697,2672.64,948.508,0.7,0,0,130.8,10,2161.4,2135.83,1789,1787
1,3,86,ECDSA-SHA256_signed-by_RSA-SHA3-256,ECDSA-SHA256_signed-by_RSA-SHA3-256,10.42,3512.17,1271.29,0.818182,0,0,122.364,24,2149.16,2119.77,1789,1786
1,7,84,ECDSA-SHA256_signed-by_RSA-SHA3-256,ECDSA-SHA256_signed-by_RSA-SHA3-256,6.666,5488.79,1948.8,0.5,0,0,130.8,17,2137.54,2134.61,1789,1785
1,8,83,ECDSA-SHA256_signed-by_RSA-SHA3-256,ECDSA-SHA256_signed-by_RSA-SHA3-256,12.524,2921.05,1416.77,0.642857,7,0.5,130.286,16,2159.79,2266.17,1788,1785
1,2,78,ECDSA-SHA256_signed-by_RSA-SHA3-256,ECDSA-SHA256_signed-by_RSA-SHA3-256,8.36,4377.58,1584.54,0.545455,0,0,122.364,24,2155.94,2125.78,1789,1786
1,3,87,ECDSA-SHA256_signed-by_RSA-SHA3-256,ECDSA-SHA256_signed-by_RSA-SHA3-256,8.282,4418.75,1686.37,0.75,1,0.0833333,116.667,24,2144.62,2124.47,1789,1786
1,6,86,ECDSA-SHA256_signed-by_RSA-SHA3-256,ECDSA-SHA256_signed-by_RSA-SHA3-256,10.614,3449.01,1876.75,1,12,0.8,138.8,10,2179.49,2148.86,1789,1787
1,7,85,ECDSA-SHA256_signed-by_RSA-SHA3-256,ECDSA-SHA256_signed-by_RSA-SHA3-256,11.47,3190.19,1654.38,0.941176,8,0.470588,104.824,17,2165.43,2119.99,1789,1785
1,8,84,ECDSA-SHA256_signed-by_RSA-SHA3-256,ECDSA-SHA256_signed-by_RSA-SHA3-256,11.957,3059.54,1600.36,1,18,1.28571,156.571,16,2140.36,2136.61,1788,1785
1,6,87,ECDSA-SHA256_signed-by_RSA-SHA3-256,ECDSA-SHA256_signed-by_RSA-SHA3-256,8.396,4359.7,1827.34,0.5,7,0.5,112.857,10,2173.52,2116.87,1789,1787
1,2,79,ECDSA-SHA256_signed-by_RSA-SHA3-256,ECDSA-SHA256_signed-by_RSA-SHA3-256,12.41,2949.15,1450.4,1,7,0.466667,115.867,24,2149.59,2129.86,1789,1786
1,3,88,ECDSA-SHA256_signed-by_RSA-SHA3-256,ECDSA-SHA256_signed-by_RSA-SHA3-256,10.889,3361.16,1409.12,1,7,0.5,272.857,24,2143.19,2100.61,1789,1786
1,7,86,ECDSA-SHA256_signed-by_RSA-SHA3-256,ECDSA-SHA256_signed-by_RSA-SHA3-256,9.244,3958.44,1947.2,1,7,0.466667,115.867,17,2154.8,2124.02,1789,1785
1,8,85,ECDSA-SHA256_signed-by_RSA-SHA3-256,ECDSA-SHA256_signed-by_RSA-SHA3-256,9.418,3884.08,2383.28,1,19,0.863636,192,16,2133.68,2126.8,1788,1785
1,6,88,ECDSA-SHA256_signed-by_RSA-SHA3-256,ECDSA-SHA256_signed-by_RSA-SHA3-256,10.924,3351.12,1312.33,1,1,0.0714286,105.143,10,2196.34,2155.55,1789,1787
1,2,80,ECDSA-SHA256_signed-by_RSA-SHA3-256,ECDSA-SHA256_signed-by_RSA-SHA3-256,11.203,3266.93,1690.95,1,11,0.846154,153.077,24,2154.31,2138.28,1789,1786
1,3,89,ECDSA-SHA256_signed-by_RSA-SHA3-256,ECDSA-SHA256_signed-by_RSA-SHA3-256,14.683,2492.57,1325.01,1,11,0.733333,134.533,24,2144.13,2125.6,1789,1786
1,8,86,ECDSA-SHA256_signed-by_RSA-SHA3-256,ECDSA-SHA256_signed-by_RSA-SHA3-256,9.92,3687.89,1808.06,0.6,10,0.666667,179.867,16,2152.75,2124.78,1788,1785
1,6,89,ECDSA-SHA256_signed-by_RSA-SHA3-256,ECDSA-SHA256_signed-by_RSA-SHA3-256,12.161,3010.05,1068.25,0.9,0,0,134.4,10,2172.38,2159.52,1789,1787
1,2,81,ECDSA-SHA256_signed-by_RSA-SHA3-256,ECDSA-SHA256_signed-by_RSA-SHA3-256,12.899,2837.21,1026.98,0.818182,0,0,122.364,24,2159.14,2123.24,1789,1786
1,7,87,ECDSA-SHA256_signed-by_RSA-SHA3-256,ECDSA-SHA256_signed-by_RSA-SHA3-256,20.854,1754.61,1385.58,0.956522,26,1.13043,126,17,2139.14,2135.33,1789,1785
1,3,90,ECDSA-SHA256_signed-by_RSA-SHA3-256,ECDSA-SHA256_signed-by_RSA-SHA3-256,11.738,3117.86,1106.75,0.3,0,0,130.8,24,2142.74,2112.93,1789,1786
1,8,87,ECDSA-SHA256_signed-by_RSA-SHA3-256,ECDSA-SHA256_signed-by_RSA-SHA3-256,11.325,3230.15,1757.41,0.352941,7,0.411765,181.529,16,2165.7,2111.97,1788,1785
1,6,90,ECDSA-SHA256_signed-by_RSA-SHA3-256,ECDSA-SHA256_signed-by_RSA-SHA3-256,8.346,4385.84,1556.51,0.3,4,0.4,130.8,10,2154.62,2155.23,1789,1787
1,2,82,ECDSA-SHA256_signed-by_RSA-SHA3-256,ECDSA-SHA256_signed-by_RSA-SHA3-256,8.73,4192.03,1517.38,1,0,0,128.182,24,2170.15,2153.63,1789,1786
1,8,88,ECDSA-SHA256_signed-by_RSA-SHA3-256,ECDSA-SHA256_signed-by_RSA-SHA3-256,9.598,3811.32,1380.17,1,0,0,131.455,17,2152.64,2132.11,1788,1785
1,7,88,ECDSA-SHA256_signed-by_RSA-SHA3-256,ECDSA-SHA256_signed-by_RSA-SHA3-256,12.72,2876.72,1021.38,1,0,0,130.8,17,2164.75,2123.4,1789,1785
1,3,91,ECDSA-SHA256_signed-by_RSA-SHA3-256,ECDSA-SHA256_signed-by_RSA-SHA3-256,13.044,2805.87,1070.83,1,1,0.0833333,113.667,24,2159.07,2132.3,1789,1786
1,2,83,ECDSA-SHA256_signed-by_RSA-SHA3-256,ECDSA-SHA256_signed-by_RSA-SHA3-256,13.316,2748.54,1441.86,0.857143,11,0.785714,144.857,24,2135.97,2133.56,1789,1786
1,6,91,ECDSA-SHA256_signed-by_RSA-SHA3-256,ECDSA-SHA256_signed-by_RSA-SHA3-256,16.161,2265.16,1467.2,1,20,0.952381,225.429,10,2159.32,2134.64,1789,1787
1,8,89,ECDSA-SHA256_signed-by_RSA-SHA3-256,ECDSA-SHA256_signed-by_RSA-SHA3-256,10.195,3588.09,1759.13,1,8,0.533333,124.133,17,2176.49,2105.84,1788,1785
1,7,89,ECDSA-SHA256_signed-by_RSA-SHA3-256,ECDSA-SHA256_signed-by_RSA-SHA3-256,10.769,3397.59,1671.31,1,7,0.466667,120.133,17,2175.37,2154.59,1789,1785
1,3,92,ECDSA-SHA256_signed-by_RSA-SHA3-256,ECDSA-SHA256_signed-by_RSA-SHA3-256,11.098,3297.61,1405.54,1,7,0.466667,107.867,24,2154.1,2112.12,1789,1786
1,6,92,ECDSA-SHA256_signed-by_RSA-SHA3-256,ECDSA-SHA256_signed-by_RSA-SHA3-256,10.136,3611.33,1800.93,1,6,0.375,105.5,10,2145.62,2157.13,1789,1787
1,2,84,ECDSA-SHA256_signed-by_RSA-SHA3-256,ECDSA-SHA256_signed-by_RSA-SHA3-256,12.371,2958.49,1531.3,1,11,0.846154,153.077,24,2177.41,2143.59,1789,1786
1,8,90,ECDSA-SHA256_signed-by_RSA-SHA3-256,ECDSA-SHA256_signed-by_RSA-SHA3-256,10.118,3615.4,1309.23,1,0,0,131.455,17,2143.46,2098.91,1788,1785
1,3,93,ECDSA-SHA256_signed-by_RSA-SHA3-256,ECDSA-SHA256_signed-by_RSA-SHA3-256,10.288,3557.52,2444.78,1,22,1.29412,160.353,24,2126.77,2128.45,1789,1786
1,6,93,ECDSA-SHA256_signed-by_RSA-SHA3-256,ECDSA-SHA256_signed-by_RSA-SHA3-256,6.873,5325.92,2032.14,0.416667,1,0.0833333,116.667,10,2166.26,2167.48,1789,1787
1,2,85,ECDSA-SHA256_signed-by_RSA-SHA3-256,ECDSA-SHA256_signed-by_RSA-SHA3-256,8.276,4421.96,1623.8,1,4,0.333333,111.333,24,2168.16,2132.22,1789,1786
1,7,90,ECDSA-SHA256_signed-by_RSA-SHA3-256,ECDSA-SHA256_signed-by_RSA-SHA3-256,18.561,1971.35,1090.41,1,15,0.882353,135.412,17,2128.19,2109.97,1789,1785
1,8,91,ECDSA-SHA256_signed-by_RSA-SHA3-256,ECDSA-SHA256_signed-by_RSA-SHA3-256,11.182,3271.66,1694.13,0.923077,11,0.846154,165.692,17,2171.16,2141.51,1788,1785
1,6,94,ECDSA-SHA256_signed-by_RSA-SHA3-256,ECDSA-SHA256_signed-by_RSA-SHA3-256,7.671,4771.77,2477.65,0.769231,2,0.153846,120.462,10,2170.49,2128.61,1789,1787
1,3,94,ECDSA-SHA256_signed-by_RSA-SHA3-256,ECDSA-SHA256_signed-by_RSA-SHA3-256,14.744,2482.29,1281.57,1,12,0.631579,96.9474,24,2115.56,2119.37,1789,1786
1,7,91,ECDSA-SHA256_signed-by_RSA-SHA3-256,ECDSA-SHA256_signed-by_RSA-SHA3-256,9.816,3727.47,1807.5,1,7,0.5,121.429,17,2160.5,2109.63,1789,1785
1,8,92,ECDSA-SHA256_signed-by_RSA-SHA3-256,ECDSA-SHA256_signed-by_RSA-SHA3-256,9.469,3863.22,1383.76,1,0,0,131.091,17,2176.04,2150.06,1788,1785
1,6,95,ECDSA-SHA256_signed-by_RSA-SHA3-256,ECDSA-SHA256_signed-by_RSA-SHA3-256,9.346,3916.61,2038.76,0.928571,11,0.785714,144.571,10,2160.11,2144.38,1789,1787
1,3,95,ECDSA-SHA256_signed-by_RSA-SHA3-256,ECDSA-SHA256_signed-by_RSA-SHA3-256,6.744,5426.5,2222.79,0.0666667,2,0.133333,143.867,24,2149.01,2135.44,1789,1786
1,8,93,ECDSA-SHA256_signed-by_RSA-SHA3-256,ECDSA-SHA256_signed-by_RSA-SHA3-256,6.832,5354.29,1929.56,0.363636,5,0.454545,131.455,17,2124.78,2143.96,1788,1785
1,7,92,ECDSA-SHA256_signed-by_RSA-SHA3-256,ECDSA-SHA256_signed-by_RSA-SHA3-256,8.261,4429.08,1603.53,0.363636,0,0,127.091,17,2155.27,2110.72,1789,1785
1,6,96,ECDSA-SHA256_signed-by_RSA-SHA3-256,ECDSA-SHA256_signed-by_RSA-SHA3-256,7.753,4721.35,1708.6,0.363636,0,0,122.364,10,2162.45,2129.17,1789,1787
1,2,86,ECDSA-SHA256_signed-by_RSA-SHA3-256,ECDSA-SHA256_signed-by_RSA-SHA3-256,25.387,1441.67,788.426,1,11,0.55,128.4,24,2201.87,2175.86,1789,1786
1,3,96,ECDSA-SHA256_signed-by_RSA-SHA3-256,ECDSA-SHA256_signed-by_RSA-SHA3-256,9.099,4022.06,1483.99,1,0,0,111.333,24,2155.5,2136.18,1789,1786
1,7,93,ECDSA-SHA256_signed-by_RSA-SHA3-256,ECDSA-SHA256_signed-by_RSA-SHA3-256,10.702,3419.17,1237.9,1,0,0,131.455,17,2165.71,2136.93,1789,1785
1,6,97,ECDSA-SHA256_signed-by_RSA-SHA3-256,ECDSA-SHA256_signed-by_RSA-SHA3-256,11.277,3246.19,1583.37,1,7,0.466667,179.6,10,2158.16,2195.22,1789,1787
1,2,87,ECDSA-SHA256_signed-by_RSA-SHA3-256,ECDSA-SHA256_signed-by_RSA-SHA3-256,10.117,3617.66,1309.48,1,0,0,122.364,24,2145.04,2110.07,1789,1786
1,3,97,ECDSA-SHA256_signed-by_RSA-SHA3-256,ECDSA-SHA256_signed-by_RSA-SHA3-256,10.914,3353.45,1625.78,0.928571,7,0.5,121.429,24,2173.57,2120.97,1789,1786
1,8,94,ECDSA-SHA256_signed-by_RSA-SHA3-256,ECDSA-SHA256_signed-by_RSA-SHA3-256,19.59,1867.48,1718.42,0.774194,35,1.12903,177.742,17,2173.73,2139.13,1788,1785
1,7,94,ECDSA-SHA256_signed-by_RSA-SHA3-256,ECDSA-SHA256_signed-by_RSA-SHA3-256,9.983,3665.39,1327.04,0.363636,0,0,132.909,17,2134.25,2123.31,1789,1785
1,6,98,ECDSA-SHA256_signed-by_RSA-SHA3-256,ECDSA-SHA256_signed-by_RSA-SHA3-256,9.253,3955.92,1403.94,0.4,0,0,130.8,10,2154.13,2146.49,1789,1787
1,3,98,ECDSA-SHA256_signed-by_RSA-SHA3-256,ECDSA-SHA256_signed-by_RSA-SHA3-256,8.259,4430.99,1691.04,0.583333,1,0.0833333,112.667,24,2136.5,2113.7,1789,1786
1,2,88,ECDSA-SHA256_signed-by_RSA-SHA3-256,ECDSA-SHA256_signed-by_RSA-SHA3-256,10.903,3356.8,1650.88,0.466667,7,0.466667,119.6,24,2160.62,2128.9,1789,1786
1,8,95,ECDSA-SHA256_signed-by_RSA-SHA3-256,ECDSA-SHA256_signed-by_RSA-SHA3-256,10.16,3600.77,1303.93,0.363636,0,0,131.455,17,2181.96,2281.6,1788,1785
1,7,95,ECDSA-SHA256_signed-by_RSA-SHA3-256,ECDSA-SHA256_signed-by_RSA-SHA3-256,9.485,3857.88,1369.74,0.3,0,0,140.8,17,2169.11,2113.42,1789,1785
1,6,99,ECDSA-SHA256_signed-by_RSA-SHA3-256,ECDSA-SHA256_signed-by_RSA-SHA3-256,9.169,3992.18,1935.02,0.571429,7,0.5,121.429,10,2134.37,2126.89,1789,1787
1,3,99,ECDSA-SHA256_signed-by_RSA-SHA3-256,ECDSA-SHA256_signed-by_RSA-SHA3-256,12.203,2999.25,1085.63,0.636364,0,0,118,24,2199.66,2138.29,1789,1786
1,2,89,ECDSA-SHA256_signed-by_RSA-SHA3-256,ECDSA-SHA256_signed-by_RSA-SHA3-256,11.355,3223.25,1183.62,0.583333,5,0.416667,114.333,24,2148.78,2134.97,1789,1786
1,8,96,ECDSA-SHA256_signed-by_RSA-SHA3-256,ECDSA-SHA256_signed-by_RSA-SHA3-256,9.368,3904.86,1414.05,0.636364,0,0,131.455,17,2165.85,2126.77,1788,1785
1,7,96,ECDSA-SHA256_signed-by_RSA-SHA3-256,ECDSA-SHA256_signed-by_RSA-SHA3-256,9.844,3716.83,1950.24,0.5,11,0.785714,153.143,17,2159.91,2127.2,1789,1785
1,2,90,ECDSA-SHA256_signed-by_RSA-SHA3-256,ECDSA-SHA256_signed-by_RSA-SHA3-256,6.347,5765.8,2570.98,0.3125,5,0.3125,149.75,24,2157.31,2160.72,1789,1786
1,8,97,ECDSA-SHA256_signed-by_RSA-SHA3-256,ECDSA-SHA256_signed-by_RSA-SHA3-256,7.1,5152,1865.67,0.454545,0,0,127.091,17,2155.11,2144.78,1788,1785
1,7,97,ECDSA-SHA256_signed-by_RSA-SHA3-256,ECDSA-SHA256_signed-by_RSA-SHA3-256,8.41,4350.99,2140.3,0.333333,7,0.466667,120.933,17,2153.62,2117.62,1789,1785
1,2,91,ECDSA-SHA256_signed-by_RSA-SHA3-256,ECDSA-SHA256_signed-by_RSA-SHA3-256,6.275,5832.05,2111.01,0,0,0,127.091,24,2169.81,2129.03,1789,1786
1,8,98,ECDSA-SHA256_signed-by_RSA-SHA3-256,ECDSA-SHA256_signed-by_RSA-SHA3-256,6.146,5951.96,2155.36,0,0,0,127.091,17,2160.85,2152.84,1788,1785
1,7,98,ECDSA-SHA256_signed-by_RSA-SHA3-256,ECDSA-SHA256_signed-by_RSA-SHA3-256,8.77,4172.17,1510.52,0,0,0,127.091,17,2147.12,2124.95,1789,1785
1,8,99,ECDSA-SHA256_signed-by_RSA-SHA3-256,ECDSA-SHA256_signed-by_RSA-SHA3-256,6.482,5643.65,2004.22,0,0,0,140.8,17,2147.42,2148.9,1788,1785
1,2,92,ECDSA-SHA256_signed-by_RSA-SHA3-256,ECDSA-SHA256_signed-by_RSA-SHA3-256,9.081,4030.16,1458.79,0,0,0,127.091,24,2150.74,2128.66,1789,1786
1,7,99,ECDSA-SHA256_signed-by_RSA-SHA3-256,ECDSA-SHA256_signed-by_RSA-SHA3-256,5.587,6549.06,2371.06,0,0,0,127.091,17,2136.15,2148.17,1789,1785
1,2,93,ECDSA-SHA256_signed-by_RSA-SHA3-256,ECDSA-SHA256_signed-by_RSA-SHA3-256,6.403,5715.69,2068.89,0,0,0,127.091,24,2162.46,2132.22,1789,1786
1,2,94,ECDSA-SHA256_signed-by_RSA-SHA3-256,ECDSA-SHA256_signed-by_RSA-SHA3-256,5.517,6633.73,2401.19,0,0,0,127.091,24,2161.03,2140.5,1789,1786
1,2,95,ECDSA-SHA256_signed-by_RSA-SHA3-256,ECDSA-SHA256_signed-by_RSA-SHA3-256,5.548,6596.74,2387.8,0,0,0,127.091,24,2159.19,2140.64,1789,1786
1,2,96,ECDSA-SHA256_signed-by_RSA-SHA3-256,ECDSA-SHA256_signed-by_RSA-SHA3-256,5.479,6679.82,2417.87,0,0,0,127.091,24,2150.19,2127.76,1789,1786
1,2,97,ECDSA-SHA256_signed-by_RSA-SHA3-256,ECDSA-SHA256_signed-by_RSA-SHA3-256,5.541,6605.08,2390.82,0,0,0,127.091,24,2166.94,2154.36,1789,1786
1,2,98,ECDSA-SHA256_signed-by_RSA-SHA3-256,ECDSA-SHA256_signed-by_RSA-SHA3-256,5.598,6537.83,2366.48,0,0,0,127.091,24,2158.5,2130.78,1789,1786
1,2,99,ECDSA-SHA256_signed-by_RSA-SHA3-256,ECDSA-SHA256_signed-by_RSA-SHA3-256,5.638,6491.44,2349.69,0,0,0,127.091,24,2131.87,2143.11,1789,1786
1,4,0,ECDSA-SHA256_signed-by_RSA-SHA3-256,ECDSA-SHA256_signed-by_RSA-SHA3-256,2010.02,18.2048,4.52931,1,0,0,161.2,24,2198.37,2219.47,1788,1786
1,4,1,ECDSA-SHA256_signed-by_RSA-SHA3-256,ECDSA-SHA256_signed-by_RSA-SHA3-256,5.703,6416.06,2322.91,0,0,0,137.273,24,2187.47,2152.28,1788,1786
1,4,2,ECDSA-SHA256_signed-by_RSA-SHA3-256,ECDSA-SHA256_signed-by_RSA-SHA3-256,5.686,6435.24,2329.85,0,0,0,137.273,24,2182.74,2159.56,1788,1786
1,4,3,ECDSA-SHA256_signed-by_RSA-SHA3-256,ECDSA-SHA256_signed-by_RSA-SHA3-256,5.729,6386.94,2312.37,0,0,0,137.273,24,2197.51,2152.81,1788,1786
1,4,4,ECDSA-SHA256_signed-by_RSA-SHA3-256,ECDSA-SHA256_signed-by_RSA-SHA3-256,5.698,6421.69,2324.95,0,0,0,137.273,24,2218.1,2163.75,1788,1786
1,4,5,ECDSA-SHA256_signed-by_RSA-SHA3-256,ECDSA-SHA256_signed-by_RSA-SHA3-256,5.749,6364.72,2304.32,0,0,0,137.273,24,2170.47,2165.58,1788,1786
1,4,6,ECDSA-SHA256_signed-by_RSA-SHA3-256,ECDSA-SHA256_signed-by_RSA-SHA3-256,5.664,6460.23,2338.9,0,0,0,137.273,24,2187.87,2153.01,1788,1786
1,4,7,ECDSA-SHA256_signed-by_RSA-SHA3-256,ECDSA-SHA256_signed-by_RSA-SHA3-256,5.621,6509.65,2356.8,0,0,0,137.273,24,2184.24,2165.59,1788,1786
1,4,8,ECDSA-SHA256_signed-by_RSA-SHA3-256,ECDSA-SHA256_signed-by_RSA-SHA3-256,5.647,6479.68,2345.94,0,0,0,137.273,24,2172.06,2152.81,1788,1786
1,4,9,ECDSA-SHA256_signed-by_RSA-SHA3-256,ECDSA-SHA256_signed-by_RSA-SHA3-256,5.599,6535.23,2366.06,0,0,0,124.909,24,2180.14,2153.1,1788,1786
1,4,10,ECDSA-SHA256_signed-by_RSA-SHA3-256,ECDSA-SHA256_signed-by_RSA-SHA3-256,5.685,6436.37,2330.26,0,0,0,127.091,24,2171.97,2152.66,1788,1786
1,4,11,ECDSA-SHA256_signed-by_RSA-SHA3-256,ECDSA-SHA256_signed-by_RSA-SHA3-256,5.541,6603.63,2390.82,0,0,0,127.091,24,2185.82,2150.22,1788,1786
1,4,12,ECDSA-SHA256_signed-by_RSA-SHA3-256,ECDSA-SHA256_signed-by_RSA-SHA3-256,5.604,6529.4,2363.94,0,0,0,127.091,24,2164.04,2168.66,1788,1786
1,4,13,ECDSA-SHA256_signed-by_RSA-SHA3-256,ECDSA-SHA256_signed-by_RSA-SHA3-256,5.489,6666.19,2413.47,0,0,0,127.091,24,2187.97,2164.57,1788,1786
1,4,14,ECDSA-SHA256_signed-by_RSA-SHA3-256,ECDSA-SHA256_signed-by_RSA-SHA3-256,5.595,6539.9,2367.75,0,0,0,124.909,24,2162.1,2147.84,1788,1786
1,4,15,ECDSA-SHA256_signed-by_RSA-SHA3-256,ECDSA-SHA256_signed-by_RSA-SHA3-256,5.604,6529.4,2363.94,0,0,0,127.091,24,2176.21,2155.5,1788,1786
1,4,16,ECDSA-SHA256_signed-by_RSA-SHA3-256,ECDSA-SHA256_signed-by_RSA-SHA3-256,5.535,6610.79,2393.41,0,0,0,127.091,24,2188.31,2158.29,1788,1786
1,4,17,ECDSA-SHA256_signed-by_RSA-SHA3-256,ECDSA-SHA256_signed-by_RSA-SHA3-256,5.665,6459.09,2338.49,0,0,0,127.091,24,2179.52,2153.54,1788,1786
1,4,18,ECDSA-SHA256_signed-by_RSA-SHA3-256,ECDSA-SHA256_signed-by_RSA-SHA3-256,5.531,6615.57,2395.14,0,0,0,118,24,2191.29,2146.39,1788,1786
1,4,19,ECDSA-SHA256_signed-by_RSA-SHA3-256,ECDSA-SHA256_signed-by_RSA-SHA3-256,5.532,6614.38,2394.71,0,0,0,118,24,2280.17,2145.11,1788,1786
1,4,20,ECDSA-SHA256_signed-by_RSA-SHA3-256,ECDSA-SHA256_signed-by_RSA-SHA3-256,5.535,6610.79,2393.41,0,0,0,118,24,2184.26,2162.59,1788,1786
1,4,21,ECDSA-SHA256_signed-by_RSA-SHA3-256,ECDSA-SHA256_signed-by_RSA-SHA3-256,5.69,6430.71,2328.22,0,0,0,118,24,2197.07,2152.07,1788,1786
1,4,22,ECDSA-SHA256_signed-by_RSA-SHA3-256,ECDSA-SHA256_signed-by_RSA-SHA3-256,5.57,6569.25,2378.37,0,0,0,118,24,2185.16,2195.14,1788,1786
1,4,23,ECDSA-SHA256_signed-by_RSA-SHA3-256,ECDSA-SHA256_signed-by_RSA-SHA3-256,5.578,6559.83,2374.96,0,0,0,118,24,2173.36,2148.18,1788,1786
1,4,24,ECDSA-SHA256_signed-by_RSA-SHA3-256,ECDSA-SHA256_signed-by_RSA-SHA3-256,5.571,6568.07,2377.95,0,0,0,118,24,2166.66,2137.23,1788,1786
1,4,25,ECDSA-SHA256_signed-by_RSA-SHA3-256,ECDSA-SHA256_signed-by_RSA-SHA3-256,5.54,6604.83,2391.25,0,0,0,118,24,2206.34,2148.44,1788,1786
1,4,26,ECDSA-SHA256_signed-by_RSA-SHA3-256,ECDSA-SHA256_signed-by_RSA-SHA3-256,5.511,6639.58,2403.84,0,0,0,118,24,2188.05,2135.11,1788,1786
1,4,27,ECDSA-SHA256_signed-by_RSA-SHA3-256,ECDSA-SHA256_signed-by_RSA-SHA3-256,5.675,6447.71,2334.37,0,0,0,118,24,2164.83,2352.53,1788,1786
1,4,28,ECDSA-SHA256_signed-by_RSA-SHA3-256,ECDSA-SHA256_signed-by_RSA-SHA3-256,5.469,6690.57,2422.3,0,0,0,118,24,2161.44,2126.05,1788,1786
1,4,29,ECDSA-SHA256_signed-by_RSA-SHA3-256,ECDSA-SHA256_signed-by_RSA-SHA3-256,5.455,6707.74,2428.51,0,0,0,118,24,2174.96,2133.3,1788,1786
1,4,30,ECDSA-SHA256_signed-by_RSA-SHA3-256,ECDSA-SHA256_signed-by_RSA-SHA3-256,6.209,5893.02,2133.54,0,0,0,118,24,2156.93,2139.57,1788,1786
1,4,31,ECDSA-SHA256_signed-by_RSA-SHA3-256,ECDSA-SHA256_signed-by_RSA-SHA3-256,5.493,6661.34,2411.71,0,0,0,118,24,2166.88,2129.02,1788,1786
1,4,32,ECDSA-SHA256_signed-by_RSA-SHA3-256,ECDSA-SHA256_signed-by_RSA-SHA3-256,5.602,6531.73,2364.79,0,0,0,118,24,2159.85,2171.84,1788,1786
1,4,33,ECDSA-SHA256_signed-by_RSA-SHA3-256,ECDSA-SHA256_signed-by_RSA-SHA3-256,5.475,6683.24,2419.64,0,0,0,118,24,2158.07,2129.23,1788,1786
1,4,34,ECDSA-SHA256_signed-by_RSA-SHA3-256,ECDSA-SHA256_signed-by_RSA-SHA3-256,5.611,6521.25,2361,0,0,0,118,24,2166.78,2143.85,1788,1786
1,4,35,ECDSA-SHA256_signed-by_RSA-SHA3-256,ECDSA-SHA256_signed-by_RSA-SHA3-256,5.581,6556.31,2373.69,0,0,0,118,24,2158.04,2124.89,1788,1786
1,4,36,ECDSA-SHA256_signed-by_RSA-SHA3-256,ECDSA-SHA256_signed-by_RSA-SHA3-256,5.531,6615.57,2395.14,0,0,0,118,24,2154.88,2130.83,1788,1786
1,4,37,ECDSA-SHA256_signed-by_RSA-SHA3-256,ECDSA-SHA256_signed-by_RSA-SHA3-256,5.522,6626.35,2399.05,0,0,0,118,24,2154.51,2121.29,1788,1786
1,4,38,ECDSA-SHA256_signed-by_RSA-SHA3-256,ECDSA-SHA256_signed-by_RSA-SHA3-256,5.482,6674.7,2416.55,0,0,0,118,24,2177.68,2144.44,1788,1786
1,4,39,ECDSA-SHA256_signed-by_RSA-SHA3-256,ECDSA-SHA256_signed-by_RSA-SHA3-256,5.47,6689.34,2421.85,0,0,0,118,24,2151.84,2115.56,1788,1786
1,4,40,ECDSA-SHA256_signed-by_RSA-SHA3-256,ECDSA-SHA256_signed-by_RSA-SHA3-256,5.604,6529.4,2363.94,0,0,0,118,24,2147.72,2123.45,1788,1786
1,4,41,ECDSA-SHA256_signed-by_RSA-SHA3-256,ECDSA-SHA256_signed-by_RSA-SHA3-256,5.534,6611.99,2393.85,0,0,0,118,24,2158.9,2140.27,1788,1786
1,4,42,ECDSA-SHA256_signed-by_RSA-SHA3-256,ECDSA-SHA256_signed-by_RSA-SHA3-256,5.548,6595.3,2387.8,0,0,0,118,24,2156.15,2138.65,1788,1786
1,4,43,ECDSA-SHA256_signed-by_RSA-SHA3-256,ECDSA-SHA256_signed-by_RSA-SHA3-256,5.59,6545.75,2369.86,0,0,0,118,24,2162.66,2128.07,1788,1786
1,4,44,ECDSA-SHA256_signed-by_RSA-SHA3-256,ECDSA-SHA256_signed-by_RSA-SHA3-256,5.683,6438.64,2331.08,0,0,0,118,24,2214.18,2245.46,1788,1786
1,4,45,ECDSA-SHA256_signed-by_RSA-SHA3-256,ECDSA-SHA256_signed-by_RSA-SHA3-256,5.559,6582.25,2383.08,0,0,0,118,24,2208.41,2169.5,1788,1786
1,4,46,ECDSA-SHA256_signed-by_RSA-SHA3-256,ECDSA-SHA256_signed-by_RSA-SHA3-256,5.568,6571.61,2379.23,0,0,0,118,24,2166.46,2137.22,1788,1786
1,4,47,ECDSA-SHA256_signed-by_RSA-SHA3-256,ECDSA-SHA256_signed-by_RSA-SHA3-256,5.643,6484.27,2347.61,0,0,0,118,24,2159.2,2126.84,1788,1786
1,4,48,ECDSA-SHA256_signed-by_RSA-SHA3-256,ECDSA-SHA256_signed-by_RSA-SHA3-256,6.375,5739.79,2037.91,0,0,0,130.8,24,2171.32,2150.4,1788,1786
1,4,49,ECDSA-SHA256_signed-by_RSA-SHA3-256,ECDSA-SHA256_signed-by_RSA-SHA3-256,5.448,6716.36,2431.63,0,0,0,118,24,2153.97,2125.2,1788,1786
1,4,50,ECDSA-SHA256_signed-by_RSA-SHA3-256,ECDSA-SHA256_signed-by_RSA-SHA3-256,5.495,6658.91,2410.83,0,0,0,118,24,2203.98,2132.32,1788,1786
1,4,51,ECDSA-SHA256_signed-by_RSA-SHA3-256,ECDSA-SHA256_signed-by_RSA-SHA3-256,5.521,6627.55,2399.48,0,0,0,118,24,2150.98,2153.05,1788,1786
1,4,52,ECDSA-SHA256_signed-by_RSA-SHA3-256,ECDSA-SHA256_signed-by_RSA-SHA3-256,5.566,6573.97,2380.08,0,0,0,118,24,2148.95,2129.82,1788,1786
1,4,53,ECDSA-SHA256_signed-by_RSA-SHA3-256,ECDSA-SHA256_signed-by_RSA-SHA3-256,5.534,6611.99,2393.85,0,0,0,118,24,2159.86,2122.74,1788,1786
1,4,54,ECDSA-SHA256_signed-by_RSA-SHA3-256,ECDSA-SHA256_signed-by_RSA-SHA3-256,5.574,6564.54,2376.67,0,0,0,118,24,2163.46,2157.85,1788,1786
1,4,55,ECDSA-SHA256_signed-by_RSA-SHA3-256,ECDSA-SHA256_signed-by_RSA-SHA3-256,5.426,6743.59,2441.49,0,0,0,118,24,2166.09,2135.6,1788,1786
1,4,56,ECDSA-SHA256_signed-by_RSA-SHA3-256,ECDSA-SHA256_signed-by_RSA-SHA3-256,5.621,6509.65,2356.8,0,0,0,118,24,2155.19,2138.02,1788,1786
1,4,57,ECDSA-SHA256_signed-by_RSA-SHA3-256,ECDSA-SHA256_signed-by_RSA-SHA3-256,5.629,6500.4,2353.45,0,0,0,118,24,2183.01,2128.72,1788,1786
1,4,58,ECDSA-SHA256_signed-by_RSA-SHA3-256,ECDSA-SHA256_signed-by_RSA-SHA3-256,5.578,6559.83,2374.96,0,0,0,118,24,2175.88,2119.31,1788,1786
1,4,59,ECDSA-SHA256_signed-by_RSA-SHA3-256,ECDSA-SHA256_signed-by_RSA-SHA3-256,5.56,6581.07,2382.65,0,0,0,118,24,2149.62,2122.45,1788,1786
1,4,60,ECDSA-SHA256_signed-by_RSA-SHA3-256,ECDSA-SHA256_signed-by_RSA-SHA3-256,5.618,6513.13,2358.05,0,0,0,118,24,2157.86,2139.45,1788,1786
1,4,61,ECDSA-SHA256_signed-by_RSA-SHA3-256,ECDSA-SHA256_signed-by_RSA-SHA3-256,5.448,6716.36,2431.63,0,0,0,118,24,2160.66,2126.63,1788,1786
1,4,62,ECDSA-SHA256_signed-by_RSA-SHA3-256,ECDSA-SHA256_signed-by_RSA-SHA3-256,5.496,6657.7,2410.4,0,0,0,118,24,2143.72,2127.22,1788,1786
1,4,63,ECDSA-SHA256_signed-by_RSA-SHA3-256,ECDSA-SHA256_signed-by_RSA-SHA3-256,5.474,6684.46,2420.08,0,0,0,118,24,2165.93,2171.65,1788,1786
1,4,64,ECDSA-SHA256_signed-by_RSA-SHA3-256,ECDSA-SHA256_signed-by_RSA-SHA3-256,5.586,6550.44,2371.56,0,0,0,118,24,2166.56,2140.35,1788,1786
1,4,65,ECDSA-SHA256_signed-by_RSA-SHA3-256,ECDSA-SHA256_signed-by_RSA-SHA3-256,5.629,6500.4,2353.45,0,0,0,118,24,2156.99,2146.79,1788,1786
1,4,66,ECDSA-SHA256_signed-by_RSA-SHA3-256,ECDSA-SHA256_signed-by_RSA-SHA3-256,5.613,6518.93,2360.15,0,0,0,118,24,2153.53,2132.04,1788,1786
1,4,67,ECDSA-SHA256_signed-by_RSA-SHA3-256,ECDSA-SHA256_signed-by_RSA-SHA3-256,5.453,6710.27,2429.43,0,0,0,118,24,2167.66,2135.46,1788,1786
1,4,68,ECDSA-SHA256_signed-by_RSA-SHA3-256,ECDSA-SHA256_signed-by_RSA-SHA3-256,5.433,6734.9,2438.35,0,0,0,118,24,2152.97,2131.99,1788,1786
1,4,69,ECDSA-SHA256_signed-by_RSA-SHA3-256,ECDSA-SHA256_signed-by_RSA-SHA3-256,5.477,6680.8,2418.76,0,0,0,118,24,2162.39,2137.59,1788,1786
1,4,70,ECDSA-SHA256_signed-by_RSA-SHA3-256,ECDSA-SHA256_signed-by_RSA-SHA3-256,5.519,6629.96,2400.35,0,0,0,118,24,2173.64,2143.04,1788,1786
1,4,71,ECDSA-SHA256_signed-by_RSA-SHA3-256,ECDSA-SHA256_signed-by_RSA-SHA3-256,5.425,6744.83,2441.94,0,0,0,118,24,2158.25,2131.42,1788,1786
1,4,72,ECDSA-SHA256_signed-by_RSA-SHA3-256,ECDSA-SHA256_signed-by_RSA-SHA3-256,5.435,6732.42,2437.45,0,0,0,118,24,2153.87,2123.54,1788,1786
1,4,73,ECDSA-SHA256_signed-by_RSA-SHA3-256,ECDSA-SHA256_signed-by_RSA-SHA3-256,5.445,6720.06,2432.97,0,0,0,118,24,2167.2,2132.37,1788,1786
1,4,74,ECDSA-SHA256_signed-by_RSA-SHA3-256,ECDSA-SHA256_signed-by_RSA-SHA3-256,5.556,6585.81,2384.37,0,0,0,118,24,2161.68,2124.1,1788,1786
1,4,75,ECDSA-SHA256_signed-by_RSA-SHA3-256,ECDSA-SHA256_signed-by_RSA-SHA3-256,5.425,6744.83,2441.94,0,0,0,118,24,2164.65,2126.66,1788,1786
1,4,76,ECDSA-SHA256_signed-by_RSA-SHA3-256,ECDSA-SHA256_signed-by_RSA-SHA3-256,5.502,6650.44,2407.77,0,0,0,118,24,2153.97,2179.72,1788,1786
1,4,77,ECDSA-SHA256_signed-by_RSA-SHA3-256,ECDSA-SHA256_signed-by_RSA-SHA3-256,5.599,6535.23,2366.06,0,0,0,118,24,2155.07,2143.73,1788,1786
1,4,78,ECDSA-SHA256_signed-by_RSA-SHA3-256,ECDSA-SHA256_signed-by_RSA-SHA3-256,5.633,6495.78,2351.77,0,0,0,118,24,2160.76,2167.99,1788,1786
1,4,79,ECDSA-SHA256_signed-by_RSA-SHA3-256,ECDSA-SHA256_signed-by_RSA-SHA3-256,5.513,6637.17,2402.96,0,0,0,118,24,2151.99,2131.5,1788,1786
1,4,80,ECDSA-SHA256_signed-by_RSA-SHA3-256,ECDSA-SHA256_signed-by_RSA-SHA3-256,5.539,6606.02,2391.68,0,0,0,118,24,2165.78,2154.62,1788,1786
1,4,81,ECDSA-SHA256_signed-by_RSA-SHA3-256,ECDSA-SHA256_signed-by_RSA-SHA3-256,5.541,6603.63,2390.82,0,0,0,118,24,2156.53,2136.82,1788,1786
1,4,82,ECDSA-SHA256_signed-by_RSA-SHA3-256,ECDSA-SHA256_signed-by_RSA-SHA3-256,5.618,6513.13,2358.05,0,0,0,118,24,2165.16,2125.34,1788,1786
1,4,83,ECDSA-SHA256_signed-by_RSA-SHA3-256,ECDSA-SHA256_signed-by_RSA-SHA3-256,5.532,6614.38,2394.71,0,0,0,118,24,2149.63,2139.43,1788,1786
1,4,84,ECDSA-SHA256_signed-by_RSA-SHA3-256,ECDSA-SHA256_signed-by_RSA-SHA3-256,5.462,6699.14,2425.4,0,0,0,118,24,2160.54,2132.81,1788,1786
1,4,85,ECDSA-SHA256_signed-by_RSA-SHA3-256,ECDSA-SHA256_signed-by_RSA-SHA3-256,7.158,5111.91,1850.75,0,0,0,118,24,2162.69,2145.83,1788,1786
1,4,86,ECDSA-SHA256_signed-by_RSA-SHA3-256,ECDSA-SHA256_signed-by_RSA-SHA3-256,5.465,6695.46,2424.07,0,0,0,118,24,2154.66,2127.59,1788,1786
1,4,87,ECDSA-SHA256_signed-by_RSA-SHA3-256,ECDSA-SHA256_signed-by_RSA-SHA3-256,5.523,6625.15,2398.61,0,0,0,118,24,2166.21,2117.37,1788,1786
1,4,88,ECDSA-SHA256_signed-by_RSA-SHA3-256,ECDSA-SHA256_signed-by_RSA-SHA3-256,5.507,6644.4,2405.58,0,0,0,118,24,2149.94,2139.77,1788,1786
1,4,89,ECDSA-SHA256_signed-by_RSA-SHA3-256,ECDSA-SHA256_signed-by_RSA-SHA3-256,5.583,6553.96,2372.84,0,0,0,118,24,2164.83,2156.1,1788,1786
1,4,90,ECDSA-SHA256_signed-by_RSA-SHA3-256,ECDSA-SHA256_signed-by_RSA-SHA3-256,5.515,6634.76,2402.09,0,0,0,118,24,2160.37,2134.14,1788,1786
1,4,91,ECDSA-SHA256_signed-by_RSA-SHA3-256,ECDSA-SHA256_signed-by_RSA-SHA3-256,5.558,6583.44,2383.51,0,0,0,118,24,2149.74,2132.94,1788,1786
1,4,92,ECDSA-SHA256_signed-by_RSA-SHA3-256,ECDSA-SHA256_signed-by_RSA-SHA3-256,5.605,6528.23,2363.52,0,0,0,118,24,2163.83,2131.62,1788,1786
1,4,93,ECDSA-SHA256_signed-by_RSA-SHA3-256,ECDSA-SHA256_signed-by_RSA-SHA3-256,5.582,6555.13,2373.26,0,0,0,118,24,2149.25,2110.48,1788,1786
1,4,94,ECDSA-SHA256_signed-by_RSA-SHA3-256,ECDSA-SHA256_signed-by_RSA-SHA3-256,5.571,6568.07,2377.95,0,0,0,118,24,2149.96,2129.01,1788,1786
1,4,95,ECDSA-SHA256_signed-by_RSA-SHA3-256,ECDSA-SHA256_signed-by_RSA-SHA3-256,5.753,6360.3,2302.72,0,0,0,118,24,2160.22,2250.64,1788,1786
1,4,96,ECDSA-SHA256_signed-by_RSA-SHA3-256,ECDSA-SHA256_signed-by_RSA-SHA3-256,5.475,6683.24,2419.64,0,0,0,118,24,2157.78,2125.43,1788,1786
1,4,97,ECDSA-SHA256_signed-by_RSA-SHA3-256,ECDSA-SHA256_signed-by_RSA-SHA3-256,5.54,6604.83,2391.25,0,0,0,118,24,2151.86,2122.28,1788,1786
1,4,98,ECDSA-SHA256_signed-by_RSA-SHA3-256,ECDSA-SHA256_signed-by_RSA-SHA3-256,5.625,6505.02,2355.12,0,0,0,118,24,2155.89,2128.8,1788,1786
1,4,99,ECDSA-SHA256_signed-by_RSA-SHA3-256,ECDSA-SHA256_signed-by_RSA-SHA3-256,5.524,6623.96,2398.18,0,0,0,118,24,2131.78,2127.77,1788,1786
1,1,28,ECDSA-SHA256_signed-by_RSA-SHA3-256,ECDSA-SHA256_signed-by_RSA-SHA3-256,3006.15,12.1697,14.8788,1,39,1.34483,150.276,24,2177.93,2160.06,1788,1785
1,1,29,ECDSA-SHA256_signed-by_RSA-SHA3-256,ECDSA-SHA256_signed-by_RSA-SHA3-256,5.838,6266.32,2269.2,0,0,0,137.273,24,2167.78,2187.98,1788,1785
1,1,30,ECDSA-SHA256_signed-by_RSA-SHA3-256,ECDSA-SHA256_signed-by_RSA-SHA3-256,5.595,6538.47,2367.75,0,0,0,137.273,24,2166,2154.62,1788,1785
1,1,31,ECDSA-SHA256_signed-by_RSA-SHA3-256,ECDSA-SHA256_signed-by_RSA-SHA3-256,5.652,6472.53,2343.87,0,0,0,137.273,24,2181.12,2137.5,1788,1785
1,1,32,ECDSA-SHA256_signed-by_RSA-SHA3-256,ECDSA-SHA256_signed-by_RSA-SHA3-256,5.593,6540.81,2368.59,0,0,0,137.273,24,2166.93,2135.47,1788,1785
1,1,33,ECDSA-SHA256_signed-by_RSA-SHA3-256,ECDSA-SHA256_signed-by_RSA-SHA3-256,5.514,6634.52,2402.53,0,0,0,124.182,24,2165.6,2134.46,1788,1785
1,1,34,ECDSA-SHA256_signed-by_RSA-SHA3-256,ECDSA-SHA256_signed-by_RSA-SHA3-256,5.698,6420.28,2324.95,0,0,0,137.273,24,2190.65,2196.11,1788,1785
1,1,35,ECDSA-SHA256_signed-by_RSA-SHA3-256,ECDSA-SHA256_signed-by_RSA-SHA3-256,5.814,6292.19,2278.56,0,0,0,137.273,24,2168.23,2221.36,1788,1785
1,1,36,ECDSA-SHA256_signed-by_RSA-SHA3-256,ECDSA-SHA256_signed-by_RSA-SHA3-256,5.595,6538.47,2367.75,0,0,0,137.273,24,2167.82,2126.12,1788,1785
1,1,37,ECDSA-SHA256_signed-by_RSA-SHA3-256,ECDSA-SHA256_signed-by_RSA-SHA3-256,5.606,6525.64,2363.1,0,0,0,131.091,24,2171.79,2138.35,1788,1785
1,1,38,ECDSA-SHA256_signed-by_RSA-SHA3-256,ECDSA-SHA256_signed-by_RSA-SHA3-256,5.547,6595.05,2388.24,0,0,0,123.818,24,2162.69,2130.14,1788,1785
1,1,39,ECDSA-SHA256_signed-by_RSA-SHA3-256,ECDSA-SHA256_signed-by_RSA-SHA3-256,5.605,6526.81,2363.52,0,0,0,118,24,2138.03,2131.38,1788,1785
1,1,40,ECDSA-SHA256_signed-by_RSA-SHA3-256,ECDSA-SHA256_signed-by_RSA-SHA3-256,5.568,6570.18,2379.23,0,0,0,118,24,2156.27,2126.03,1788,1785
1,1,41,ECDSA-SHA256_signed-by_RSA-SHA3-256,ECDSA-SHA256_signed-by_RSA-SHA3-256,5.498,6653.82,2409.52,0,0,0,118,24,2220.53,2128.62,1788,1785
1,1,42,ECDSA-SHA256_signed-by_RSA-SHA3-256,ECDSA-SHA256_signed-by_RSA-SHA3-256,5.489,6664.73,2413.47,0,0,0,118.727,24,2353.93,2127.69,1788,1785
1,1,43,ECDSA-SHA256_signed-by_RSA-SHA3-256,ECDSA-SHA256_signed-by_RSA-SHA3-256,5.518,6629.71,2400.79,0,0,0,118,24,2147.04,2162.17,1788,1785
1,1,44,ECDSA-SHA256_signed-by_RSA-SHA3-256,ECDSA-SHA256_signed-by_RSA-SHA3-256,5.462,6697.68,2425.4,0,0,0,118,24,2158.33,2110.39,1788,1785
1,1,45,ECDSA-SHA256_signed-by_RSA-SHA3-256,ECDSA-SHA256_signed-by_RSA-SHA3-256,5.887,6214.06,2250.27,0,0,0,118,24,2151.4,2129.08,1788,1785
1,5,38,ECDSA-SHA256_signed-by_RSA-SHA3-256,ECDSA-SHA256_signed-by_RSA-SHA3-256,3005.2,12.1815,16.9333,1,51,1.54545,141.758,17,2157.82,2125.38,1789,1787
1,1,46,ECDSA-SHA256_signed-by_RSA-SHA3-256,ECDSA-SHA256_signed-by_RSA-SHA3-256,6.945,5267.46,1870.62,0,0,0,130.8,24,2160.49,2156.24,1788,1785
1,5,39,ECDSA-SHA256_signed-by_RSA-SHA3-256,ECDSA-SHA256_signed-by_RSA-SHA3-256,6.804,5380.14,1909.39,0,0,0,130.8,17,2164.07,2119.08,1789,1787
1,1,47,ECDSA-SHA256_signed-by_RSA-SHA3-256,ECDSA-SHA256_signed-by_RSA-SHA3-256,6.382,5731.98,2075.69,0,0,0,118,24,2152.64,2129.7,1788,1785
1,5,40,ECDSA-SHA256_signed-by_RSA-SHA3-256,ECDSA-SHA256_signed-by_RSA-SHA3-256,6.542,5595.46,2024.93,0,0,0,118,17,2164.27,2119.8,1789,1787
1,5,41,ECDSA-SHA256_signed-by_RSA-SHA3-256,ECDSA-SHA256_signed-by_RSA-SHA3-256,5.57,6572,2398.44,0.333333,0,0,111,17,2161.52,2127.84,1789,1787
1,1,48,ECDSA-SHA256_signed-by_RSA-SHA3-256,ECDSA-SHA256_signed-by_RSA-SHA3-256,7.911,4624.16,2299.44,0.25,8,0.5,108,24,2161.41,2121,1788,1785
1,5,42,ECDSA-SHA256_signed-by_RSA-SHA3-256,ECDSA-SHA256_signed-by_RSA-SHA3-256,6.294,5815.97,2104.73,0,0,0,118,17,2148.75,2124.58,1789,1787
1,1,49,ECDSA-SHA256_signed-by_RSA-SHA3-256,ECDSA-SHA256_signed-by_RSA-SHA3-256,5.767,6343.28,2297.06,0,0,0,118,24,2176.78,2120.74,1788,1785
1,5,43,ECDSA-SHA256_signed-by_RSA-SHA3-256,ECDSA-SHA256_signed-by_RSA-SHA3-256,5.661,6466.29,2340.07,0,0,0,118,17,2160.64,2126.3,1789,1787
1,1,50,ECDSA-SHA256_signed-by_RSA-SHA3-256,ECDSA-SHA256_signed-by_RSA-SHA3-256,6.12,5977.39,2164.57,0,0,0,118.727,24,2169.61,2129.43,1788,1785
1,5,44,ECDSA-SHA256_signed-by_RSA-SHA3-256,ECDSA-SHA256_signed-by_RSA-SHA3-256,5.908,6195.93,2242.23,0,0,0,118,17,2160.02,2113.44,1789,1787
1,1,51,ECDSA-SHA256_signed-by_RSA-SHA3-256,ECDSA-SHA256_signed-by_RSA-SHA3-256,5.969,6128.6,2219.32,0,0,0,118,24,2164.09,2118.77,1788,1785
1,5,45,ECDSA-SHA256_signed-by_RSA-SHA3-256,ECDSA-SHA256_signed-by_RSA-SHA3-256,5.971,6130.56,2218.58,0,0,0,120.182,17,2185.29,2122.16,1789,1787
1,1,52,ECDSA-SHA256_signed-by_RSA-SHA3-256,ECDSA-SHA256_signed-by_RSA-SHA3-256,6.32,5788.26,2096.08,0,0,0,118,24,2157.36,2327.57,1788,1785
1,5,46,ECDSA-SHA256_signed-by_RSA-SHA3-256,ECDSA-SHA256_signed-by_RSA-SHA3-256,5.658,6469.81,2341.35,0,0,0,118,17,2165.28,2241.11,1789,1787
1,1,53,ECDSA-SHA256_signed-by_RSA-SHA3-256,ECDSA-SHA256_signed-by_RSA-SHA3-256,6.138,5959.93,2158.24,0,0,0,118,24,2162.28,2117.97,1788,1785
1,5,47,ECDSA-SHA256_signed-by_RSA-SHA3-256,ECDSA-SHA256_signed-by_RSA-SHA3-256,5.485,6673.8,2415.17,0,0,0,118,17,2165.37,2126.9,1789,1787
1,1,54,ECDSA-SHA256_signed-by_RSA-SHA3-256,ECDSA-SHA256_signed-by_RSA-SHA3-256,5.396,6779.42,2455,0,0,0,118,24,2154.55,2116.46,1788,1785
1,5,48,ECDSA-SHA256_signed-by_RSA-SHA3-256,ECDSA-SHA256_signed-by_RSA-SHA3-256,5.619,6514.66,2357.58,0,0,0,118,17,2149.89,2121.92,1789,1787
1,1,55,ECDSA-SHA256_signed-by_RSA-SHA3-256,ECDSA-SHA256_signed-by_RSA-SHA3-256,5.691,6428,2327.74,0,0,0,118,24,2171.17,2126.3,1788,1785
1,5,49,ECDSA-SHA256_signed-by_RSA-SHA3-256,ECDSA-SHA256_signed-by_RSA-SHA3-256,5.6,6536.74,2365.57,0,0,0,118,17,2199.52,2125.81,1789,1787
1,1,56,ECDSA-SHA256_signed-by_RSA-SHA3-256,ECDSA-SHA256_signed-by_RSA-SHA3-256,5.572,6565.3,2377.46,0,0,0,123.818,24,2156.87,2122.15,1788,1785
1,5,50,ECDSA-SHA256_signed-by_RSA-SHA3-256,ECDSA-SHA256_signed-by_RSA-SHA3-256,5.561,6582.6,2382.16,0,0,0,118,17,2153.07,2130.43,1789,1787
1,1,57,ECDSA-SHA256_signed-by_RSA-SHA3-256,ECDSA-SHA256_signed-by_RSA-SHA3-256,5.56,6579.45,2382.59,0,0,0,118,24,2161.07,2124.15,1788,1785
1,5,51,ECDSA-SHA256_signed-by_RSA-SHA3-256,ECDSA-SHA256_signed-by_RSA-SHA3-256,5.556,6588.5,2384.3,0,0,0,118,17,2159.4,2111.78,1789,1787
1,1,58,ECDSA-SHA256_signed-by_RSA-SHA3-256,ECDSA-SHA256_signed-by_RSA-SHA3-256,5.616,6513.86,2358.84,0,0,0,118,24,2147.64,2120.54,1788,1785
1,5,52,ECDSA-SHA256_signed-by_RSA-SHA3-256,ECDSA-SHA256_signed-by_RSA-SHA3-256,5.757,6358.51,2301.07,0,0,0,118,17,2158.57,2124.89,1789,1787
1,1,59,ECDSA-SHA256_signed-by_RSA-SHA3-256,ECDSA-SHA256_signed-by_RSA-SHA3-256,5.818,6287.7,2276.94,0,0,0,118,24,2157.41,2118.92,1788,1785
1,5,53,ECDSA-SHA256_signed-by_RSA-SHA3-256,ECDSA-SHA256_signed-by_RSA-SHA3-256,5.636,6494.99,2350.46,0,0,0,118,17,2162.94,2111.9,1789,1787
1,1,60,ECDSA-SHA256_signed-by_RSA-SHA3-256,ECDSA-SHA256_signed-by_RSA-SHA3-256,5.728,6386.51,2312.72,0,0,0,118,24,2160.81,2114.74,1788,1785
1,5,54,ECDSA-SHA256_signed-by_RSA-SHA3-256,ECDSA-SHA256_signed-by_RSA-SHA3-256,5.542,6605.17,2390.33,0,0,0,118,17,2164.46,2124.6,1789,1787
1,1,61,ECDSA-SHA256_signed-by_RSA-SHA3-256,ECDSA-SHA256_signed-by_RSA-SHA3-256,5.532,6612.77,2394.65,0,0,0,118,24,2157.2,2140.93,1788,1785
1,5,55,ECDSA-SHA256_signed-by_RSA-SHA3-256,ECDSA-SHA256_signed-by_RSA-SHA3-256,5.493,6664.08,2411.65,0,0,0,118,17,2162.34,2134.43,1789,1787
1,1,62,ECDSA-SHA256_signed-by_RSA-SHA3-256,ECDSA-SHA256_signed-by_RSA-SHA3-256,5.467,6691.39,2423.12,0,0,0,118,24,2162.62,2121.45,1788,1785
1,5,56,ECDSA-SHA256_signed-by_RSA-SHA3-256,ECDSA-SHA256_signed-by_RSA-SHA3-256,5.476,6684.77,2419.14,0,0,0,118,17,2122.72,2117.14,1789,1787
1,1,63,ECDSA-SHA256_signed-by_RSA-SHA3-256,ECDSA-SHA256_signed-by_RSA-SHA3-256,5.498,6653.66,2409.46,0,0,0,123.818,24,2164.58,2117.24,1788,1785
1,5,57,ECDSA-SHA256_signed-by_RSA-SHA3-256,ECDSA-SHA256_signed-by_RSA-SHA3-256,7.212,5075.65,1836.82,0,0,0,118,17,2153.79,2124.21,1789,1787
1,1,64,ECDSA-SHA256_signed-by_RSA-SHA3-256,ECDSA-SHA256_signed-by_RSA-SHA3-256,5.546,6595.98,2388.57,0,0,0,118,24,2169.19,2128.8,1788,1785
1,5,58,ECDSA-SHA256_signed-by_RSA-SHA3-256,ECDSA-SHA256_signed-by_RSA-SHA3-256,6.02,6080.7,2200.53,0,0,0,118,17,2120.73,2131.55,1789,1787
1,1,65,ECDSA-SHA256_signed-by_RSA-SHA3-256,ECDSA-SHA256_signed-by_RSA-SHA3-256,6.262,5841.92,2115.51,0,0,0,118,24,2171.31,2227.88,1788,1785
1,5,59,ECDSA-SHA256_signed-by_RSA-SHA3-256,ECDSA-SHA256_signed-by_RSA-SHA3-256,5.684,6440.16,2330.62,0,0,0,118,17,2166.41,2134.14,1789,1787
1,1,66,ECDSA-SHA256_signed-by_RSA-SHA3-256,ECDSA-SHA256_signed-by_RSA-SHA3-256,6.273,5831.63,2111.78,0,0,0,118,24,2182.06,2144.9,1788,1785
1,5,60,ECDSA-SHA256_signed-by_RSA-SHA3-256,ECDSA-SHA256_signed-by_RSA-SHA3-256,6.698,5465.18,2016,0.416667,0,0,111.333,17,2176.25,2118.08,1789,1787
1,1,67,ECDSA-SHA256_signed-by_RSA-SHA3-256,ECDSA-SHA256_signed-by_RSA-SHA3-256,7.038,5197.76,2727.89,0.357143,11,0.785714,141.429,24,2145.14,2113.42,1788,1785
1,5,61,ECDSA-SHA256_signed-by_RSA-SHA3-256,ECDSA-SHA256_signed-by_RSA-SHA3-256,5.51,6643.58,2404.23,0,0,0,118,17,2165.84,2148.81,1789,1787
1,1,68,ECDSA-SHA256_signed-by_RSA-SHA3-256,ECDSA-SHA256_signed-by_RSA-SHA3-256,6.009,6087.85,2204.57,0,0,0,118,24,2154.73,2114.02,1788,1785
1,5,62,ECDSA-SHA256_signed-by_RSA-SHA3-256,ECDSA-SHA256_signed-by_RSA-SHA3-256,5.633,6498.45,2351.71,0,0,0,118,17,2155.94,2156.88,1789,1787
1,1,69,ECDSA-SHA256_signed-by_RSA-SHA3-256,ECDSA-SHA256_signed-by_RSA-SHA3-256,5.519,6628.34,2400.29,0,0,0,118,24,2168.17,2111.64,1788,1785
1,5,63,ECDSA-SHA256_signed-by_RSA-SHA3-256,ECDSA-SHA256_signed-by_RSA-SHA3-256,5.461,6703.13,2425.78,0,0,0,118,17,2156.58,2105.12,1789,1787
1,1,70,ECDSA-SHA256_signed-by_RSA-SHA3-256,ECDSA-SHA256_signed-by_RSA-SHA3-256,5.492,6660.93,2412.09,0,0,0,118.364,24,2154.59,2119.54,1788,1785
1,5,64,ECDSA-SHA256_signed-by_RSA-SHA3-256,ECDSA-SHA256_signed-by_RSA-SHA3-256,5.487,6671.37,2414.29,0,0,0,118,17,2157.34,2107.02,1789,1787
1,1,71,ECDSA-SHA256_signed-by_RSA-SHA3-256,ECDSA-SHA256_signed-by_RSA-SHA3-256,5.464,6695.06,2424.45,0,0,0,118,24,2160.67,2140.9,1788,1785
1,5,65,ECDSA-SHA256_signed-by_RSA-SHA3-256,ECDSA-SHA256_signed-by_RSA-SHA3-256,5.468,6694.55,2422.68,0,0,0,118,17,2178.11,2113.19,1789,1787
1,1,72,ECDSA-SHA256_signed-by_RSA-SHA3-256,ECDSA-SHA256_signed-by_RSA-SHA3-256,5.442,6722.12,2434.25,0,0,0,118,24,2162,2117.84,1788,1785
1,5,66,ECDSA-SHA256_signed-by_RSA-SHA3-256,ECDSA-SHA256_signed-by_RSA-SHA3-256,5.502,6653.18,2407.71,0,0,0,118,17,2167.83,2127.86,1789,1787
1,1,73,ECDSA-SHA256_signed-by_RSA-SHA3-256,ECDSA-SHA256_signed-by_RSA-SHA3-256,5.523,6623.54,2398.55,0,0,0,118,24,2158.27,2142.48,1788,1785
1,5,67,ECDSA-SHA256_signed-by_RSA-SHA3-256,ECDSA-SHA256_signed-by_RSA-SHA3-256,5.462,6701.9,2425.34,0,0,0,118,17,2168.01,2109.18,1789,1787
1,1,74,ECDSA-SHA256_signed-by_RSA-SHA3-256,ECDSA-SHA256_signed-by_RSA-SHA3-256,5.481,6674.29,2416.93,0,0,0,118,24,2171.68,2119.22,1788,1785
1,5,68,ECDSA-SHA256_signed-by_RSA-SHA3-256,ECDSA-SHA256_signed-by_RSA-SHA3-256,5.448,6719.13,2431.57,0,0,0,118,17,2155.47,2112.92,1789,1787
1,1,75,ECDSA-SHA256_signed-by_RSA-SHA3-256,ECDSA-SHA256_signed-by_RSA-SHA3-256,5.527,6618.75,2396.82,0,0,0,118,24,2169.96,2140.44,1788,1785
1,5,69,ECDSA-SHA256_signed-by_RSA-SHA3-256,ECDSA-SHA256_signed-by_RSA-SHA3-256,5.598,6539.1,2366.42,0,0,0,118,17,2159.02,2110.25,1789,1787
1,1,76,ECDSA-SHA256_signed-by_RSA-SHA3-256,ECDSA-SHA256_signed-by_RSA-SHA3-256,5.405,6768.14,2450.92,0,0,0,118,24,2156.37,2107.84,1788,1785
1,5,70,ECDSA-SHA256_signed-by_RSA-SHA3-256,ECDSA-SHA256_signed-by_RSA-SHA3-256,5.556,6588.52,2384.31,0,0,0,118,17,2174.08,2120.85,1789,1787
1,1,77,ECDSA-SHA256_signed-by_RSA-SHA3-256,ECDSA-SHA256_signed-by_RSA-SHA3-256,5.687,6432.55,2329.39,0,0,0,118,24,2183.94,2117.31,1788,1785
1,5,71,ECDSA-SHA256_signed-by_RSA-SHA3-256,ECDSA-SHA256_signed-by_RSA-SHA3-256,5.546,6600.4,2388.61,0,0,0,118,17,2163.29,2122.31,1789,1787
1,1,78,ECDSA-SHA256_signed-by_RSA-SHA3-256,ECDSA-SHA256_signed-by_RSA-SHA3-256,5.589,6545.33,2370.23,0,0,0,118,24,2164.4,2116.7,1788,1785
1,5,72,ECDSA-SHA256_signed-by_RSA-SHA3-256,ECDSA-SHA256_signed-by_RSA-SHA3-256,5.472,6689.66,2420.91,0,0,0,118,17,2193.09,2118.81,1789,1787
1,1,79,ECDSA-SHA256_signed-by_RSA-SHA3-256,ECDSA-SHA256_signed-by_RSA-SHA3-256,5.549,6592.51,2387.32,0,0,0,118,24,2162.09,2114.11,1788,1785
1,5,73,ECDSA-SHA256_signed-by_RSA-SHA3-256,ECDSA-SHA256_signed-by_RSA-SHA3-256,5.515,6637.5,2402.03,0,0,0,118,17,2161.28,2105.64,1789,1787
1,1,80,ECDSA-SHA256_signed-by_RSA-SHA3-256,ECDSA-SHA256_signed-by_RSA-SHA3-256,5.554,6586.58,2385.17,0,0,0,118,24,2184.81,2118.56,1788,1785
1,5,74,ECDSA-SHA256_signed-by_RSA-SHA3-256,ECDSA-SHA256_signed-by_RSA-SHA3-256,5.406,6771.32,2450.46,0,0,0,118,17,2152.58,2108.64,1789,1787
1,1,81,ECDSA-SHA256_signed-by_RSA-SHA3-256,ECDSA-SHA256_signed-by_RSA-SHA3-256,6.921,5285.73,1914.1,0,0,0,118,24,2176.07,2341.39,1788,1785
1,5,75,ECDSA-SHA256_signed-by_RSA-SHA3-256,ECDSA-SHA256_signed-by_RSA-SHA3-256,6.569,5572.56,2016.64,0,0,0,118,17,2194.68,2102.8,1789,1787
1,1,82,ECDSA-SHA256_signed-by_RSA-SHA3-256,ECDSA-SHA256_signed-by_RSA-SHA3-256,5.466,6692.55,2423.54,0,0,0,118,24,2161.95,2122.42,1788,1785
1,5,76,ECDSA-SHA256_signed-by_RSA-SHA3-256,ECDSA-SHA256_signed-by_RSA-SHA3-256,5.779,6334.27,2292.3,0,0,0,118,17,2161.59,2124.27,1789,1787
1,1,83,ECDSA-SHA256_signed-by_RSA-SHA3-256,ECDSA-SHA256_signed-by_RSA-SHA3-256,5.527,6618.71,2396.8,0,0,0,118,24,2161.81,2113.64,1788,1785
1,5,77,ECDSA-SHA256_signed-by_RSA-SHA3-256,ECDSA-SHA256_signed-by_RSA-SHA3-256,5.588,6550.8,2370.66,0,0,0,118,17,2166.25,2163.77,1789,1787
1,1,84,ECDSA-SHA256_signed-by_RSA-SHA3-256,ECDSA-SHA256_signed-by_RSA-SHA3-256,5.639,6487.3,2349.22,0,0,0,118,24,2153.91,2120.94,1788,1785
1,5,78,ECDSA-SHA256_signed-by_RSA-SHA3-256,ECDSA-SHA256_signed-by_RSA-SHA3-256,5.517,6635.1,2401.16,0,0,0,118,17,2164.55,2105.25,1789,1787
1,1,85,ECDSA-SHA256_signed-by_RSA-SHA3-256,ECDSA-SHA256_signed-by_RSA-SHA3-256,5.551,6590.13,2386.46,0,0,0,118,24,2170.48,2130.64,1788,1785
1,5,79,ECDSA-SHA256_signed-by_RSA-SHA3-256,ECDSA-SHA256_signed-by_RSA-SHA3-256,5.573,6568.43,2377.04,0,0,0,118,17,2153.23,2108.86,1789,1787
1,1,86,ECDSA-SHA256_signed-by_RSA-SHA3-256,ECDSA-SHA256_signed-by_RSA-SHA3-256,5.502,6648.82,2407.71,0,0,0,118,24,2160.61,2112.76,1788,1785
1,5,80,ECDSA-SHA256_signed-by_RSA-SHA3-256,ECDSA-SHA256_signed-by_RSA-SHA3-256,5.658,6469.76,2341.33,0,0,0,118,17,2168.53,2122.06,1789,1787
1,1,87,ECDSA-SHA256_signed-by_RSA-SHA3-256,ECDSA-SHA256_signed-by_RSA-SHA3-256,5.489,6664.57,2413.41,0,0,0,118,24,2160.81,2114.65,1788,1785
1,5,81,ECDSA-SHA256_signed-by_RSA-SHA3-256,ECDSA-SHA256_signed-by_RSA-SHA3-256,5.55,6595.65,2386.89,0,0,0,118,17,2159.88,2122.18,1789,1787
1,1,88,ECDSA-SHA256_signed-by_RSA-SHA3-256,ECDSA-SHA256_signed-by_RSA-SHA3-256,5.491,6662.14,2412.53,0,0,0,118,24,2165.65,2121.7,1788,1785
1,5,82,ECDSA-SHA256_signed-by_RSA-SHA3-256,ECDSA-SHA256_signed-by_RSA-SHA3-256,5.58,6560.19,2374.05,0,0,0,118,17,2159.43,2124.7,1789,1787
1,1,89,ECDSA-SHA256_signed-by_RSA-SHA3-256,ECDSA-SHA256_signed-by_RSA-SHA3-256,5.469,6688.94,2422.24,0,0,0,118,24,2180.1,2107.95,1788,1785
1,5,83,ECDSA-SHA256_signed-by_RSA-SHA3-256,ECDSA-SHA256_signed-by_RSA-SHA3-256,5.458,6706.82,2427.12,0,0,0,118,17,2175.41,2116.36,1789,1787
1,1,90,ECDSA-SHA256_signed-by_RSA-SHA3-256,ECDSA-SHA256_signed-by_RSA-SHA3-256,5.524,6622.34,2398.12,0,0,0,118,24,2285.32,2121.36,1788,1785
1,5,84,ECDSA-SHA256_signed-by_RSA-SHA3-256,ECDSA-SHA256_signed-by_RSA-SHA3-256,5.493,6664.08,2411.65,0,0,0,118,17,2183.13,2116.13,1789,1787
1,1,91,ECDSA-SHA256_signed-by_RSA-SHA3-256,ECDSA-SHA256_signed-by_RSA-SHA3-256,5.416,6754.39,2445.94,0,0,0,118,24,2162.96,2116.42,1788,1785
1,5,85,ECDSA-SHA256_signed-by_RSA-SHA3-256,ECDSA-SHA256_signed-by_RSA-SHA3-256,5.631,6500.78,2352.55,0,0,0,118,17,2169.23,2111.09,1789,1787
1,1,92,ECDSA-SHA256_signed-by_RSA-SHA3-256,ECDSA-SHA256_signed-by_RSA-SHA3-256,5.575,6561.77,2376.18,0,0,0,118,24,2178.59,2171.33,1788,1785
1,5,86,ECDSA-SHA256_signed-by_RSA-SHA3-256,ECDSA-SHA256_signed-by_RSA-SHA3-256,5.402,6776.34,2452.28,0,0,0,118,17,2161.86,2113.92,1789,1787
1,1,93,ECDSA-SHA256_signed-by_RSA-SHA3-256,ECDSA-SHA256_signed-by_RSA-SHA3-256,5.591,6542.99,2369.38,0,0,0,118,24,2166.15,2122.02,1788,1785
1,5,87,ECDSA-SHA256_signed-by_RSA-SHA3-256,ECDSA-SHA256_signed-by_RSA-SHA3-256,5.475,6685.99,2419.58,0,0,0,118,17,2155.04,2121.28,1789,1787
1,1,94,ECDSA-SHA256_signed-by_RSA-SHA3-256,ECDSA-SHA256_signed-by_RSA-SHA3-256,5.491,6662.14,2412.53,0,0,0,118,24,2154.16,2112.66,1788,1785
1,5,88,ECDSA-SHA256_signed-by_RSA-SHA3-256,ECDSA-SHA256_signed-by_RSA-SHA3-256,5.537,6611.13,2392.49,0,0,0,118,17,2147.88,2124.14,1789,1787
1,1,95,ECDSA-SHA256_signed-by_RSA-SHA3-256,ECDSA-SHA256_signed-by_RSA-SHA3-256,5.551,6590.13,2386.46,0,0,0,118,24,2169.25,2109.44,1788,1785
1,5,89,ECDSA-SHA256_signed-by_RSA-SHA3-256,ECDSA-SHA256_signed-by_RSA-SHA3-256,5.512,6641.11,2403.34,0,0,0,118,17,2173.85,2118.54,1789,1787
1,1,96,ECDSA-SHA256_signed-by_RSA-SHA3-256,ECDSA-SHA256_signed-by_RSA-SHA3-256,5.655,6468.94,2342.57,0,0,0,118,24,2162.44,2129.67,1788,1785
1,5,90,ECDSA-SHA256_signed-by_RSA-SHA3-256,ECDSA-SHA256_signed-by_RSA-SHA3-256,5.5,6655.6,2408.58,0,0,0,118,17,2158.05,2114.69,1789,1787
1,1,97,ECDSA-SHA256_signed-by_RSA-SHA3-256,ECDSA-SHA256_signed-by_RSA-SHA3-256,5.588,6546.5,2370.66,0,0,0,118,24,2161.95,2124.28,1788,1785
1,5,91,ECDSA-SHA256_signed-by_RSA-SHA3-256,ECDSA-SHA256_signed-by_RSA-SHA3-256,5.789,6323.36,2288.35,0,0,0,118,16,2159.07,2112.47,1789,1787
1,1,98,ECDSA-SHA256_signed-by_RSA-SHA3-256,ECDSA-SHA256_signed-by_RSA-SHA3-256,5.456,6704.88,2428.01,0,0,0,118,24,2163.86,2117.59,1788,1785
1,5,92,ECDSA-SHA256_signed-by_RSA-SHA3-256,ECDSA-SHA256_signed-by_RSA-SHA3-256,5.53,6619.51,2395.52,0,0,0,118,16,2168.76,2135.62,1789,1787
1,1,99,ECDSA-SHA256_signed-by_RSA-SHA3-256,ECDSA-SHA256_signed-by_RSA-SHA3-256,5.472,6685.28,2420.91,0,0,0,118,24,2143.03,2120.07,1788,1785
1,5,93,ECDSA-SHA256_signed-by_RSA-SHA3-256,ECDSA-SHA256_signed-by_RSA-SHA3-256,7.115,5144.89,1861.87,0,0,0,118,16,2187.56,2139.62,1789,1787
1,5,94,ECDSA-SHA256_signed-by_RSA-SHA3-256,ECDSA-SHA256_signed-by_RSA-SHA3-256,5.519,6632.85,2400.35,0,0,0,118,16,2161.15,2146.1,1789,1787
1,5,95,ECDSA-SHA256_signed-by_RSA-SHA3-256,ECDSA-SHA256_signed-by_RSA-SHA3-256,5.744,6373.12,2306.36,0,0,0,118,16,2147.96,2372.28,1789,1787
1,5,96,ECDSA-SHA256_signed-by_RSA-SHA3-256,ECDSA-SHA256_signed-by_RSA-SHA3-256,5.609,6526.5,2361.86,0,0,0,118,16,2146.07,2128.81,1789,1787
1,5,97,ECDSA-SHA256_signed-by_RSA-SHA3-256,ECDSA-SHA256_signed-by_RSA-SHA3-256,5.512,6641.36,2403.43,0,0,0,118,16,2175.76,2113.82,1789,1787
1,5,98,ECDSA-SHA256_signed-by_RSA-SHA3-256,ECDSA-SHA256_signed-by_RSA-SHA3-256,5.643,6487.18,2347.63,0,0,0,118,16,2162.01,2157.09,1789,1787
1,5,99,ECDSA-SHA256_signed-by_RSA-SHA3-256,ECDSA-SHA256_signed-by_RSA-SHA3-256,5.477,6683.79,2418.79,0,0,0,118,16,2139.02,2123.45,1789,1787
