scenario,node_id,handshake_index,sta_cert_algo,ap_cert_algo,handshake_delay_ms,goodput_kbps,throughput_kbps,phy_frame_drop_rate,mac_retries,mac_retry_rate,tx_delay_us,prop_delay_ns,cert_verify_ap_us,cert_verify_sta_us,server_cert_msg_bytes,client_cert_msg_bytes
1,8,0,ECDSA-SHA3-512_signed-by_RSA-SHA3-384,ECDSA-SHA3-512_signed-by_RSA-SHA3-384,29.736,1231.1,577.346,0.714286,14,0.666667,197.81,14,2185.99,2251.91,1789,1787
1,3,0,ECDSA-SHA3-512_signed-by_RSA-SHA3-384,ECDSA-SHA3-512_signed-by_RSA-SHA3-384,44.155,828.889,388.808,1,14,0.666667,188.286,24,2149.72,2151.53,1789,1786
1,2,0,ECDSA-SHA3-512_signed-by_RSA-SHA3-384,ECDSA-SHA3-512_signed-by_RSA-SHA3-384,55.339,661.377,174.054,1,1,0.0625,226.75,24,2172.25,2177.76,1788,1787
1,6,0,ECDSA-SHA3-512_signed-by_RSA-SHA3-384,ECDSA-SHA3-512_signed-by_RSA-SHA3-384,65.075,562.426,139.9,1,0,0,164.667,8,2185.31,2150.56,1789,1786
1,7,0,ECDSA-SHA3-512_signed-by_RSA-SHA3-384,ECDSA-SHA3-512_signed-by_RSA-SHA3-384,73.201,500.099,128.413,1,1,0.0625,176.625,16,2172.78,2175.85,1790,1786
1,8,1,ECDSA-SHA3-512_signed-by_RSA-SHA3-384,ECDSA-SHA3-512_signed-by_RSA-SHA3-384,44.73,818.411,576.965,1,27,1.125,834.333,14,2151.81,2124.56,1789,1787
1,5,0,ECDSA-SHA3-512_signed-by_RSA-SHA3-384,ECDSA-SHA3-512_signed-by_RSA-SHA3-384,79.862,458.29,149.057,1,7,0.269231,194.308,15,2172.12,2155.14,1788,1787
1,3,1,ECDSA-SHA3-512_signed-by_RSA-SHA3-384,ECDSA-SHA3-512_signed-by_RSA-SHA3-384,38.105,960.488,622.27,0.809524,20,0.952381,885.048,24,2157.86,2108.66,1789,1786
1,2,1,ECDSA-SHA3-512_signed-by_RSA-SHA3-384,ECDSA-SHA3-512_signed-by_RSA-SHA3-384,27.499,1330.95,472.451,0.7,0,0,838,24,2207.22,2115.01,1788,1787
1,1,0,ECDSA-SHA3-512_signed-by_RSA-SHA3-384,ECDSA-SHA3-512_signed-by_RSA-SHA3-384,86.581,422.538,145.158,1,7,0.318182,190.636,24,2173.19,2150.14,1788,1785
1,6,1,ECDSA-SHA3-512_signed-by_RSA-SHA3-384,ECDSA-SHA3-512_signed-by_RSA-SHA3-384,23.278,1572.27,558.113,1,0,0,130.8,8,2163.37,2129.32,1789,1786
1,7,1,ECDSA-SHA3-512_signed-by_RSA-SHA3-384,ECDSA-SHA3-512_signed-by_RSA-SHA3-384,16.005,2287.27,811.74,0.6,0,0,140.8,16,2180.03,2143.57,1790,1786
1,8,2,ECDSA-SHA3-512_signed-by_RSA-SHA3-384,ECDSA-SHA3-512_signed-by_RSA-SHA3-384,18.395,1990.06,706.262,1,0,0,140.8,14,2159.17,2145.36,1789,1787
1,5,1,ECDSA-SHA3-512_signed-by_RSA-SHA3-384,ECDSA-SHA3-512_signed-by_RSA-SHA3-384,14.327,2554.6,974.934,0.916667,0,0,293,15,2156.58,2117.96,1788,1787
1,3,2,ECDSA-SHA3-512_signed-by_RSA-SHA3-384,ECDSA-SHA3-512_signed-by_RSA-SHA3-384,15.28,2395.23,866.993,1,0,0,122.364,24,2147.39,2124.29,1789,1786
1,2,2,ECDSA-SHA3-512_signed-by_RSA-SHA3-384,ECDSA-SHA3-512_signed-by_RSA-SHA3-384,16.469,2222.3,1365.92,1,14,0.777778,185.556,24,2154.05,2130.55,1788,1787
1,1,1,ECDSA-SHA3-512_signed-by_RSA-SHA3-384,ECDSA-SHA3-512_signed-by_RSA-SHA3-384,13.914,2629.24,1379.87,1,11,0.785714,156.571,24,2153.76,2118.55,1788,1785
1,6,2,ECDSA-SHA3-512_signed-by_RSA-SHA3-384,ECDSA-SHA3-512_signed-by_RSA-SHA3-384,13.961,2621.51,948.902,1,4,0.363636,122.364,8,2173.63,2137.53,1789,1786
1,7,2,ECDSA-SHA3-512_signed-by_RSA-SHA3-384,ECDSA-SHA3-512_signed-by_RSA-SHA3-384,16.774,2182.35,805.027,1,4,0.333333,123.667,16,2150.49,2127.83,1790,1786
1,8,3,ECDSA-SHA3-512_signed-by_RSA-SHA3-384,ECDSA-SHA3-512_signed-by_RSA-SHA3-384,13.637,2684.43,960.902,1,0,0,131.091,14,2145.32,2121.87,1789,1787
1,5,2,ECDSA-SHA3-512_signed-by_RSA-SHA3-384,ECDSA-SHA3-512_signed-by_RSA-SHA3-384,16.139,2267.73,1185.67,1,12,0.857143,300,15,2157.44,2138.49,1788,1787
1,1,2,ECDSA-SHA3-512_signed-by_RSA-SHA3-384,ECDSA-SHA3-512_signed-by_RSA-SHA3-384,11.947,3062.19,1087.47,1,0,0,140.8,24,2154.41,2118.66,1788,1785
1,3,3,ECDSA-SHA3-512_signed-by_RSA-SHA3-384,ECDSA-SHA3-512_signed-by_RSA-SHA3-384,17.561,2084.1,1439.51,1,24,1.33333,173.556,24,2157.11,2103.42,1789,1786
1,6,3,ECDSA-SHA3-512_signed-by_RSA-SHA3-384,ECDSA-SHA3-512_signed-by_RSA-SHA3-384,14.944,2449.1,1026.75,0.428571,3,0.214286,178,8,2162.75,2108.51,1789,1786
1,2,3,ECDSA-SHA3-512_signed-by_RSA-SHA3-384,ECDSA-SHA3-512_signed-by_RSA-SHA3-384,19.004,1925.84,996.805,1,11,0.846154,227.538,24,2162.79,2157.01,1788,1787
1,8,4,ECDSA-SHA3-512_signed-by_RSA-SHA3-384,ECDSA-SHA3-512_signed-by_RSA-SHA3-384,13.166,2780.45,1006.21,0.545455,0,0,131.455,14,2157.81,2123.45,1789,1787
1,7,3,ECDSA-SHA3-512_signed-by_RSA-SHA3-384,ECDSA-SHA3-512_signed-by_RSA-SHA3-384,14.673,2494.87,1369.56,0.333333,10,0.555556,173.556,16,2164.74,2128.82,1790,1786
1,5,3,ECDSA-SHA3-512_signed-by_RSA-SHA3-384,ECDSA-SHA3-512_signed-by_RSA-SHA3-384,13.943,2624.92,931.773,0.6,0,0,264,15,2134.32,2152.58,1788,1787
1,3,4,ECDSA-SHA3-512_signed-by_RSA-SHA3-384,ECDSA-SHA3-512_signed-by_RSA-SHA3-384,12.165,3008.59,1089.01,0.545455,0,0,122.364,24,2156.21,2130.19,1789,1786
1,1,3,ECDSA-SHA3-512_signed-by_RSA-SHA3-384,ECDSA-SHA3-512_signed-by_RSA-SHA3-384,19.895,1838.79,1141.15,0.521739,21,0.913043,124.261,24,2167.58,2113.78,1788,1785
1,6,4,ECDSA-SHA3-512_signed-by_RSA-SHA3-384,ECDSA-SHA3-512_signed-by_RSA-SHA3-384,15.641,2339.96,830.623,1,0,0,130.8,8,2148.04,2123.61,1789,1786
1,2,4,ECDSA-SHA3-512_signed-by_RSA-SHA3-384,ECDSA-SHA3-512_signed-by_RSA-SHA3-384,15.678,2334.43,844.989,1,0,0,176.182,24,2158.22,2117.33,1788,1787
1,8,5,ECDSA-SHA3-512_signed-by_RSA-SHA3-384,ECDSA-SHA3-512_signed-by_RSA-SHA3-384,15.04,2434.01,863.819,0.9,0,0,140.8,14,2142.98,2105.65,1789,1787
1,7,4,ECDSA-SHA3-512_signed-by_RSA-SHA3-384,ECDSA-SHA3-512_signed-by_RSA-SHA3-384,16.995,2153.99,1044.05,0.642857,7,0.5,130.286,16,2140.76,2146.36,1790,1786
1,5,4,ECDSA-SHA3-512_signed-by_RSA-SHA3-384,ECDSA-SHA3-512_signed-by_RSA-SHA3-384,16.025,2283.88,810.716,1,0,0,264,15,2132.44,2125.8,1788,1787
1,3,5,ECDSA-SHA3-512_signed-by_RSA-SHA3-384,ECDSA-SHA3-512_signed-by_RSA-SHA3-384,13.851,2642.39,1107.78,0.857143,7,0.5,112.857,24,2401.98,2130.32,1789,1786
1,1,4,ECDSA-SHA3-512_signed-by_RSA-SHA3-384,ECDSA-SHA3-512_signed-by_RSA-SHA3-384,10.265,3563.63,1265.55,0.6,0,0,140.8,24,2153.71,2100.43,1788,1785
1,6,5,ECDSA-SHA3-512_signed-by_RSA-SHA3-384,ECDSA-SHA3-512_signed-by_RSA-SHA3-384,12.887,2840.01,1008.13,1,0,0,130.8,8,2156.22,2136.69,1789,1786
1,8,6,ECDSA-SHA3-512_signed-by_RSA-SHA3-384,ECDSA-SHA3-512_signed-by_RSA-SHA3-384,12.689,2884.97,1038.99,1,5,0.454545,125.636,14,2173.88,2152.35,1789,1787
1,7,5,ECDSA-SHA3-512_signed-by_RSA-SHA3-384,ECDSA-SHA3-512_signed-by_RSA-SHA3-384,10.352,3536,1482.09,1,7,0.5,119.143,16,2170.51,2098.77,1790,1786
1,2,5,ECDSA-SHA3-512_signed-by_RSA-SHA3-384,ECDSA-SHA3-512_signed-by_RSA-SHA3-384,14.691,2491.26,1207.79,1,7,0.5,174,24,2171.18,2117.36,1788,1787
1,1,5,ECDSA-SHA3-512_signed-by_RSA-SHA3-384,ECDSA-SHA3-512_signed-by_RSA-SHA3-384,13.463,2717.33,964.999,1,0,0,140.8,24,2122.31,2125.4,1788,1785
1,5,5,ECDSA-SHA3-512_signed-by_RSA-SHA3-384,ECDSA-SHA3-512_signed-by_RSA-SHA3-384,18.007,2032.48,996.026,1,8,0.533333,226.267,15,2165.93,2101.76,1788,1787
1,3,6,ECDSA-SHA3-512_signed-by_RSA-SHA3-384,ECDSA-SHA3-512_signed-by_RSA-SHA3-384,18.054,2027.19,747.955,1,0,0,115.333,24,2163.51,2119.81,1789,1786
1,6,6,ECDSA-SHA3-512_signed-by_RSA-SHA3-384,ECDSA-SHA3-512_signed-by_RSA-SHA3-384,13.968,2620.25,930.119,1,0,0,130.8,8,2109.69,2145.99,1789,1786
1,8,7,ECDSA-SHA3-512_signed-by_RSA-SHA3-384,ECDSA-SHA3-512_signed-by_RSA-SHA3-384,13.742,2663.93,1116.57,0.428571,3,0.214286,193.429,14,2148.29,2123.72,1789,1787
1,7,6,ECDSA-SHA3-512_signed-by_RSA-SHA3-384,ECDSA-SHA3-512_signed-by_RSA-SHA3-384,13.681,2675.81,949.632,0.6,0,0,140.8,16,2154.69,2121.25,1790,1786
1,2,6,ECDSA-SHA3-512_signed-by_RSA-SHA3-384,ECDSA-SHA3-512_signed-by_RSA-SHA3-384,15.214,2405.65,1245.15,0.692308,11,0.846154,241.385,24,2172.89,2111.3,1788,1787
1,6,7,ECDSA-SHA3-512_signed-by_RSA-SHA3-384,ECDSA-SHA3-512_signed-by_RSA-SHA3-384,10.44,3505.43,1244.33,0.3,0,0,130.8,8,2122.18,2130.59,1789,1786
1,5,6,ECDSA-SHA3-512_signed-by_RSA-SHA3-384,ECDSA-SHA3-512_signed-by_RSA-SHA3-384,12.626,2898.77,1405.35,0.214286,7,0.5,266,15,2161.58,2123.93,1788,1787
1,1,6,ECDSA-SHA3-512_signed-by_RSA-SHA3-384,ECDSA-SHA3-512_signed-by_RSA-SHA3-384,15.868,2305.48,1118.2,0.214286,7,0.5,225.143,24,2138.78,2122.14,1788,1785
1,3,7,ECDSA-SHA3-512_signed-by_RSA-SHA3-384,ECDSA-SHA3-512_signed-by_RSA-SHA3-384,13.854,2641.79,937.765,0.8,0,0,130.8,24,2153.91,2121.29,1789,1786
1,8,8,ECDSA-SHA3-512_signed-by_RSA-SHA3-384,ECDSA-SHA3-512_signed-by_RSA-SHA3-384,12.921,2833.17,1005.48,0.8,0,0,140.8,14,2143.44,2127.41,1789,1787
1,7,7,ECDSA-SHA3-512_signed-by_RSA-SHA3-384,ECDSA-SHA3-512_signed-by_RSA-SHA3-384,14.928,2452.25,887.441,1,0,0,131.455,16,2166.84,2139.19,1790,1786
1,2,7,ECDSA-SHA3-512_signed-by_RSA-SHA3-384,ECDSA-SHA3-512_signed-by_RSA-SHA3-384,13.214,2769.75,1161.17,0.571429,7,0.5,160.286,24,2165.14,2113.83,1788,1787
1,8,9,ECDSA-SHA3-512_signed-by_RSA-SHA3-384,ECDSA-SHA3-512_signed-by_RSA-SHA3-384,9.514,3847.46,1365.45,1,0,0,130.8,14,2168.21,2131.78,1789,1787
1,5,7,ECDSA-SHA3-512_signed-by_RSA-SHA3-384,ECDSA-SHA3-512_signed-by_RSA-SHA3-384,13.758,2660.21,962.909,1,0,0,243.455,15,2159.32,2154.59,1788,1787
1,1,7,ECDSA-SHA3-512_signed-by_RSA-SHA3-384,ECDSA-SHA3-512_signed-by_RSA-SHA3-384,13.901,2631.68,934.582,1,0,0,140.8,24,2161.08,2124.53,1788,1785
1,3,8,ECDSA-SHA3-512_signed-by_RSA-SHA3-384,ECDSA-SHA3-512_signed-by_RSA-SHA3-384,14.231,2571.78,1260.31,1,12,0.8,115.867,24,2147.01,2118.73,1789,1786
1,7,8,ECDSA-SHA3-512_signed-by_RSA-SHA3-384,ECDSA-SHA3-512_signed-by_RSA-SHA3-384,11.221,3262.41,1407.34,1,8,0.5,105,16,2161.69,2123.57,1790,1786
1,6,8,ECDSA-SHA3-512_signed-by_RSA-SHA3-384,ECDSA-SHA3-512_signed-by_RSA-SHA3-384,22.309,1640.59,1070.77,1,19,1.05556,134.444,8,2128.59,2133.8,1789,1786
1,2,8,ECDSA-SHA3-512_signed-by_RSA-SHA3-384,ECDSA-SHA3-512_signed-by_RSA-SHA3-384,16.452,2224.56,1158.23,1,11,0.785714,213.714,24,2141.66,2129.45,1788,1787
1,8,10,ECDSA-SHA3-512_signed-by_RSA-SHA3-384,ECDSA-SHA3-512_signed-by_RSA-SHA3-384,10.54,3473.23,1243.26,1,0,0,122,14,2150.72,2119.24,1789,1787
1,1,8,ECDSA-SHA3-512_signed-by_RSA-SHA3-384,ECDSA-SHA3-512_signed-by_RSA-SHA3-384,11.297,3238.35,1172.69,0.272727,0,0,127.091,24,2148.94,2124.18,1788,1785
1,7,9,ECDSA-SHA3-512_signed-by_RSA-SHA3-384,ECDSA-SHA3-512_signed-by_RSA-SHA3-384,11.337,3229.03,1145.97,0.5,0,0,130.8,16,2150.99,2134.98,1790,1786
1,3,9,ECDSA-SHA3-512_signed-by_RSA-SHA3-384,ECDSA-SHA3-512_signed-by_RSA-SHA3-384,12.873,2843.1,1191.93,0.428571,3,0.214286,181.429,24,2155.42,2127.88,1789,1786
1,6,9,ECDSA-SHA3-512_signed-by_RSA-SHA3-384,ECDSA-SHA3-512_signed-by_RSA-SHA3-384,12.705,2880.7,1022.57,0.5,0,0,130.8,8,2166.63,2133.88,1789,1786
1,2,9,ECDSA-SHA3-512_signed-by_RSA-SHA3-384,ECDSA-SHA3-512_signed-by_RSA-SHA3-384,12.563,2913.27,1034.13,0.5,0,0,190,24,2151.65,2147.26,1788,1787
1,8,11,ECDSA-SHA3-512_signed-by_RSA-SHA3-384,ECDSA-SHA3-512_signed-by_RSA-SHA3-384,13.999,2614.98,928.045,0.5,0,0,130.8,14,2166.74,2130.09,1789,1787
1,5,8,ECDSA-SHA3-512_signed-by_RSA-SHA3-384,ECDSA-SHA3-512_signed-by_RSA-SHA3-384,25.921,1411.96,753.045,0.8125,14,0.875,355.25,15,2155.86,2114.89,1788,1787
1,3,10,ECDSA-SHA3-512_signed-by_RSA-SHA3-384,ECDSA-SHA3-512_signed-by_RSA-SHA3-384,11.614,3151.11,1118.56,0,0,0,130.8,24,2126.6,2146.12,1789,1786
1,1,9,ECDSA-SHA3-512_signed-by_RSA-SHA3-384,ECDSA-SHA3-512_signed-by_RSA-SHA3-384,15.958,2292.46,1187.09,0.846154,11,0.846154,165.692,24,2143.25,2088.37,1788,1785
1,7,10,ECDSA-SHA3-512_signed-by_RSA-SHA3-384,ECDSA-SHA3-512_signed-by_RSA-SHA3-384,16.222,2256.63,812.704,1,7,0.636364,122.364,16,2156.61,2108.09,1790,1786
1,6,10,ECDSA-SHA3-512_signed-by_RSA-SHA3-384,ECDSA-SHA3-512_signed-by_RSA-SHA3-384,11.631,3146.51,1116.92,1,0,0,130.8,8,2167.14,2181.64,1789,1786
1,2,10,ECDSA-SHA3-512_signed-by_RSA-SHA3-384,ECDSA-SHA3-512_signed-by_RSA-SHA3-384,11.83,3093.57,1119.77,1,0,0,176.182,24,2162.84,2116.93,1788,1787
1,8,12,ECDSA-SHA3-512_signed-by_RSA-SHA3-384,ECDSA-SHA3-512_signed-by_RSA-SHA3-384,14.451,2533.19,1227.85,1,7,0.5,121.429,14,2151.2,2140.02,1789,1787
1,5,9,ECDSA-SHA3-512_signed-by_RSA-SHA3-384,ECDSA-SHA3-512_signed-by_RSA-SHA3-384,13.244,2763.47,989.411,1,0,0,243.091,15,2153.22,2134.83,1788,1787
1,3,11,ECDSA-SHA3-512_signed-by_RSA-SHA3-384,ECDSA-SHA3-512_signed-by_RSA-SHA3-384,14.104,2594.95,939.288,1,4,0.363636,122.364,24,2167.79,2128.16,1789,1786
1,6,11,ECDSA-SHA3-512_signed-by_RSA-SHA3-384,ECDSA-SHA3-512_signed-by_RSA-SHA3-384,10.196,3589.31,1274.11,1,0,0,130.8,8,2164.98,2136.58,1789,1786
1,1,10,ECDSA-SHA3-512_signed-by_RSA-SHA3-384,ECDSA-SHA3-512_signed-by_RSA-SHA3-384,19.31,1894.51,1014.16,1,17,1.0625,141.75,24,2150.09,2131.46,1788,1785
1,7,11,ECDSA-SHA3-512_signed-by_RSA-SHA3-384,ECDSA-SHA3-512_signed-by_RSA-SHA3-384,23.174,1579.65,1569.98,1,41,1.36667,230,16,2159.38,2116.66,1790,1786
1,6,12,ECDSA-SHA3-512_signed-by_RSA-SHA3-384,ECDSA-SHA3-512_signed-by_RSA-SHA3-384,12.499,2928.04,1039.38,1,0,0,130.8,8,2123.08,2129.32,1789,1786
1,2,11,ECDSA-SHA3-512_signed-by_RSA-SHA3-384,ECDSA-SHA3-512_signed-by_RSA-SHA3-384,22.425,1632.05,858.299,1,12,0.8,202,24,2125.08,2120.57,1788,1787
1,8,13,ECDSA-SHA3-512_signed-by_RSA-SHA3-384,ECDSA-SHA3-512_signed-by_RSA-SHA3-384,19.155,1911.11,936.342,1,12,0.8,115.867,14,2127.33,2099.01,1789,1787
1,3,12,ECDSA-SHA3-512_signed-by_RSA-SHA3-384,ECDSA-SHA3-512_signed-by_RSA-SHA3-384,17.177,2130.72,904.452,1,4,0.266667,168.667,24,2165.96,2131.62,1789,1786
1,1,11,ECDSA-SHA3-512_signed-by_RSA-SHA3-384,ECDSA-SHA3-512_signed-by_RSA-SHA3-384,12.231,2991.08,1254.51,0.928571,3,0.214286,630.571,24,2159.58,2136.06,1788,1785
1,7,12,ECDSA-SHA3-512_signed-by_RSA-SHA3-384,ECDSA-SHA3-512_signed-by_RSA-SHA3-384,9.177,3988.71,1415.57,1,0,0,130.8,16,2145.02,2138.42,1790,1786
1,6,13,ECDSA-SHA3-512_signed-by_RSA-SHA3-384,ECDSA-SHA3-512_signed-by_RSA-SHA3-384,9.513,3846.97,1971,1,2,0.166667,131.333,8,2162.04,2127.05,1789,1786
1,1,12,ECDSA-SHA3-512_signed-by_RSA-SHA3-384,ECDSA-SHA3-512_signed-by_RSA-SHA3-384,8.924,4099.48,1484.53,0.909091,0,0,136.909,24,2147.69,2115.49,1788,1785
1,2,12,ECDSA-SHA3-512_signed-by_RSA-SHA3-384,ECDSA-SHA3-512_signed-by_RSA-SHA3-384,14.318,2556.11,1270.51,1,8,0.5,151.75,24,2139.29,2114.67,1788,1787
1,8,14,ECDSA-SHA3-512_signed-by_RSA-SHA3-384,ECDSA-SHA3-512_signed-by_RSA-SHA3-384,13.559,2699.8,1203.58,1,4,0.25,158.5,15,2167.22,2122.6,1789,1787
1,3,13,ECDSA-SHA3-512_signed-by_RSA-SHA3-384,ECDSA-SHA3-512_signed-by_RSA-SHA3-384,13.177,2777.46,1616.09,1,18,1.05882,133.059,24,2224.25,2103.53,1789,1786
1,6,14,ECDSA-SHA3-512_signed-by_RSA-SHA3-384,ECDSA-SHA3-512_signed-by_RSA-SHA3-384,12.362,2960.59,1050.93,1,0,0,130.8,8,2164.22,2163.2,1789,1786
1,5,10,ECDSA-SHA3-512_signed-by_RSA-SHA3-384,ECDSA-SHA3-512_signed-by_RSA-SHA3-384,39.539,925.655,615.484,1,12,0.6,229.8,15,2163.05,2128.54,1788,1787
1,7,13,ECDSA-SHA3-512_signed-by_RSA-SHA3-384,ECDSA-SHA3-512_signed-by_RSA-SHA3-384,18.185,2012.99,1055.76,1,11,0.785714,144.857,16,2158.8,2107.59,1790,1786
1,1,13,ECDSA-SHA3-512_signed-by_RSA-SHA3-384,ECDSA-SHA3-512_signed-by_RSA-SHA3-384,13.305,2749.59,976.456,1,0,0,140.8,24,2159.04,2130.24,1788,1785
1,8,15,ECDSA-SHA3-512_signed-by_RSA-SHA3-384,ECDSA-SHA3-512_signed-by_RSA-SHA3-384,16.972,2156.9,780.555,1,0,0,122.364,15,2164.54,2122.4,1789,1787
1,3,14,ECDSA-SHA3-512_signed-by_RSA-SHA3-384,ECDSA-SHA3-512_signed-by_RSA-SHA3-384,17.034,2148.58,1123.37,1,12,0.857143,147.429,24,2158.46,2105.11,1789,1786
1,2,13,ECDSA-SHA3-512_signed-by_RSA-SHA3-384,ECDSA-SHA3-512_signed-by_RSA-SHA3-384,19.08,1918.17,1304.77,1,22,1.375,280,24,2160.18,2122.04,1788,1787
1,6,15,ECDSA-SHA3-512_signed-by_RSA-SHA3-384,ECDSA-SHA3-512_signed-by_RSA-SHA3-384,15.29,2393.67,1177.22,0.733333,11,0.733333,115.867,8,2156,2136.45,1789,1786
1,5,11,ECDSA-SHA3-512_signed-by_RSA-SHA3-384,ECDSA-SHA3-512_signed-by_RSA-SHA3-384,13.948,2624.01,1526.8,0.647059,18,1.05882,270.706,15,2123.97,2187.11,1788,1787
1,7,14,ECDSA-SHA3-512_signed-by_RSA-SHA3-384,ECDSA-SHA3-512_signed-by_RSA-SHA3-384,13.186,2776.26,985.282,0.7,0,0,130.8,16,2162.32,2105.19,1790,1786
1,1,14,ECDSA-SHA3-512_signed-by_RSA-SHA3-384,ECDSA-SHA3-512_signed-by_RSA-SHA3-384,13.827,2645.82,939.603,0.4,0,0,140.8,24,2153.8,2147.93,1788,1785
1,8,16,ECDSA-SHA3-512_signed-by_RSA-SHA3-384,ECDSA-SHA3-512_signed-by_RSA-SHA3-384,11.166,3278.25,1163.44,0.4,0,0,130.8,15,2148.2,2127.43,1789,1787
1,3,15,ECDSA-SHA3-512_signed-by_RSA-SHA3-384,ECDSA-SHA3-512_signed-by_RSA-SHA3-384,13.331,2745.43,993.757,0.636364,0,0,143.091,24,2111.35,2118.59,1789,1786
1,2,14,ECDSA-SHA3-512_signed-by_RSA-SHA3-384,ECDSA-SHA3-512_signed-by_RSA-SHA3-384,14.273,2564.22,910.229,0.7,0,0,186.4,24,2150.89,2127.67,1788,1787
1,5,12,ECDSA-SHA3-512_signed-by_RSA-SHA3-384,ECDSA-SHA3-512_signed-by_RSA-SHA3-384,12.615,2901.25,1029.86,1,0,0,234,15,2150.38,2229.08,1788,1787
1,7,15,ECDSA-SHA3-512_signed-by_RSA-SHA3-384,ECDSA-SHA3-512_signed-by_RSA-SHA3-384,12.313,2973.06,1246.14,0.857143,7,0.5,112.857,16,2158.04,2130.2,1790,1786
1,1,15,ECDSA-SHA3-512_signed-by_RSA-SHA3-384,ECDSA-SHA3-512_signed-by_RSA-SHA3-384,12.426,2944.08,1436.96,1,7,0.466667,123.867,24,2152.33,2128.39,1788,1785
1,6,16,ECDSA-SHA3-512_signed-by_RSA-SHA3-384,ECDSA-SHA3-512_signed-by_RSA-SHA3-384,18.664,1960.92,846.089,1,4,0.25,160.5,8,2165.22,2126.3,1789,1786
1,8,17,ECDSA-SHA3-512_signed-by_RSA-SHA3-384,ECDSA-SHA3-512_signed-by_RSA-SHA3-384,15.592,2347.79,1137.98,1,11,0.785714,121.429,15,2168.14,2151.15,1789,1787
1,5,13,ECDSA-SHA3-512_signed-by_RSA-SHA3-384,ECDSA-SHA3-512_signed-by_RSA-SHA3-384,10.737,3408.46,1233.75,1,0,0,243.455,15,2187.97,2120.81,1788,1787
1,3,16,ECDSA-SHA3-512_signed-by_RSA-SHA3-384,ECDSA-SHA3-512_signed-by_RSA-SHA3-384,15.459,2367.48,1176.75,1,14,0.875,128.25,24,2169.81,2169.8,1789,1786
1,7,16,ECDSA-SHA3-512_signed-by_RSA-SHA3-384,ECDSA-SHA3-512_signed-by_RSA-SHA3-384,12.714,2879.28,1395.6,1,7,0.5,121.429,16,2189.39,2141.06,1790,1786
1,6,17,ECDSA-SHA3-512_signed-by_RSA-SHA3-384,ECDSA-SHA3-512_signed-by_RSA-SHA3-384,11.64,3144.27,1138.12,1,0,0,122.364,8,2162.2,2124.49,1789,1786
1,1,16,ECDSA-SHA3-512_signed-by_RSA-SHA3-384,ECDSA-SHA3-512_signed-by_RSA-SHA3-384,16.35,2237.48,1085.23,1,7,0.5,130.286,24,2150.05,2109.93,1788,1785
1,2,15,ECDSA-SHA3-512_signed-by_RSA-SHA3-384,ECDSA-SHA3-512_signed-by_RSA-SHA3-384,22.661,1615.1,1054.14,1,19,1.05556,157.778,24,2141.75,2139.11,1788,1787
1,8,18,ECDSA-SHA3-512_signed-by_RSA-SHA3-384,ECDSA-SHA3-512_signed-by_RSA-SHA3-384,13.698,2672.46,1305.86,0.947368,11,0.578947,147.474,15,2148.69,2111.45,1789,1787
1,3,17,ECDSA-SHA3-512_signed-by_RSA-SHA3-384,ECDSA-SHA3-512_signed-by_RSA-SHA3-384,11.905,3074.33,1470.3,0.764706,7,0.411765,190.941,24,2368.58,2125.68,1789,1786
1,5,14,ECDSA-SHA3-512_signed-by_RSA-SHA3-384,ECDSA-SHA3-512_signed-by_RSA-SHA3-384,17.646,2074.05,1073.52,1,11,0.846154,308.154,15,2162.41,2129.1,1788,1787
1,7,17,ECDSA-SHA3-512_signed-by_RSA-SHA3-384,ECDSA-SHA3-512_signed-by_RSA-SHA3-384,15.034,2434.97,864.157,1,0,0,130.8,16,2171.32,2136.78,1790,1786
1,6,18,ECDSA-SHA3-512_signed-by_RSA-SHA3-384,ECDSA-SHA3-512_signed-by_RSA-SHA3-384,14.789,2474.76,908.764,1,5,0.416667,115.333,8,2160.83,2148.08,1789,1786
1,1,17,ECDSA-SHA3-512_signed-by_RSA-SHA3-384,ECDSA-SHA3-512_signed-by_RSA-SHA3-384,15.429,2371.06,1260.97,1,11,0.733333,148.667,24,2159.1,2120.11,1788,1785
1,2,16,ECDSA-SHA3-512_signed-by_RSA-SHA3-384,ECDSA-SHA3-512_signed-by_RSA-SHA3-384,15.179,2411.17,1248.01,0.923077,11,0.846154,181.692,24,2162.18,2144.94,1788,1787
1,8,19,ECDSA-SHA3-512_signed-by_RSA-SHA3-384,ECDSA-SHA3-512_signed-by_RSA-SHA3-384,14.284,2562.83,909.535,0.4,0,0,130.8,15,2172.51,2088.77,1789,1787
1,3,18,ECDSA-SHA3-512_signed-by_RSA-SHA3-384,ECDSA-SHA3-512_signed-by_RSA-SHA3-384,13.673,2676.77,950.182,0.4,0,0,153.6,24,2135.47,2115.87,1789,1786
1,5,15,ECDSA-SHA3-512_signed-by_RSA-SHA3-384,ECDSA-SHA3-512_signed-by_RSA-SHA3-384,12.562,2913.33,1034.15,0.4,0,0,140.8,15,2159,2155.79,1788,1787
1,7,18,ECDSA-SHA3-512_signed-by_RSA-SHA3-384,ECDSA-SHA3-512_signed-by_RSA-SHA3-384,16.814,2177.21,787.906,0.636364,0,0,122.364,16,2206.73,2126.45,1790,1786
1,6,19,ECDSA-SHA3-512_signed-by_RSA-SHA3-384,ECDSA-SHA3-512_signed-by_RSA-SHA3-384,15.12,2420.48,1170.3,0.333333,10,0.555556,153.556,8,2147.28,2121.23,1789,1786
1,2,17,ECDSA-SHA3-512_signed-by_RSA-SHA3-384,ECDSA-SHA3-512_signed-by_RSA-SHA3-384,13.175,2777.78,1015.18,1,8,0.666667,134.333,24,2162.26,2111.85,1788,1787
1,1,18,ECDSA-SHA3-512_signed-by_RSA-SHA3-384,ECDSA-SHA3-512_signed-by_RSA-SHA3-384,15.167,2412.06,1169.9,1,7,0.5,130.286,24,2148.85,2129.15,1788,1785
1,8,20,ECDSA-SHA3-512_signed-by_RSA-SHA3-384,ECDSA-SHA3-512_signed-by_RSA-SHA3-384,14.219,2574.57,927.204,1,7,0.636364,122.364,15,2144.14,2152.22,1789,1787
1,3,19,ECDSA-SHA3-512_signed-by_RSA-SHA3-384,ECDSA-SHA3-512_signed-by_RSA-SHA3-384,17.604,2079.02,792.528,1,5,0.357143,120.571,24,2177.7,2143.67,1789,1786
1,5,16,ECDSA-SHA3-512_signed-by_RSA-SHA3-384,ECDSA-SHA3-512_signed-by_RSA-SHA3-384,17.301,2115.43,1025.58,1,7,0.5,130.286,15,2125.13,2137.69,1788,1787
1,2,18,ECDSA-SHA3-512_signed-by_RSA-SHA3-384,ECDSA-SHA3-512_signed-by_RSA-SHA3-384,10.521,3478.75,1440.17,0.692308,0,0,226,24,2118.37,2151.37,1788,1787
1,6,20,ECDSA-SHA3-512_signed-by_RSA-SHA3-384,ECDSA-SHA3-512_signed-by_RSA-SHA3-384,13.409,2729.44,1323.26,1,10,0.714286,115.143,8,2148.12,2141.62,1789,1786
1,1,19,ECDSA-SHA3-512_signed-by_RSA-SHA3-384,ECDSA-SHA3-512_signed-by_RSA-SHA3-384,11.04,3313.76,1176.81,1,0,0,140.8,24,2156.64,2128.45,1788,1785
1,8,21,ECDSA-SHA3-512_signed-by_RSA-SHA3-384,ECDSA-SHA3-512_signed-by_RSA-SHA3-384,12.712,2879.75,1397.08,0.944444,7,0.388889,153.556,15,2121.59,2136.68,1789,1787
1,7,19,ECDSA-SHA3-512_signed-by_RSA-SHA3-384,ECDSA-SHA3-512_signed-by_RSA-SHA3-384,19.289,1897.79,1113.96,1,19,1.05556,127.778,16,2158.53,2110.41,1790,1786
1,2,19,ECDSA-SHA3-512_signed-by_RSA-SHA3-384,ECDSA-SHA3-512_signed-by_RSA-SHA3-384,12.679,2886.61,1044.86,0.909091,0,0,140.909,24,2168.74,2150.23,1788,1787
1,6,21,ECDSA-SHA3-512_signed-by_RSA-SHA3-384,ECDSA-SHA3-512_signed-by_RSA-SHA3-384,12.681,2886.16,1203.67,0.714286,0,0,177.714,8,2166.17,2126.85,1789,1786
1,5,17,ECDSA-SHA3-512_signed-by_RSA-SHA3-384,ECDSA-SHA3-512_signed-by_RSA-SHA3-384,15.521,2358.03,1172.06,1,8,0.5,118.75,15,2117.92,2107.39,1788,1787
1,1,20,ECDSA-SHA3-512_signed-by_RSA-SHA3-384,ECDSA-SHA3-512_signed-by_RSA-SHA3-384,13.304,2749.81,976.534,1,0,0,143.2,24,2126.62,2217.27,1788,1785
1,8,22,ECDSA-SHA3-512_signed-by_RSA-SHA3-384,ECDSA-SHA3-512_signed-by_RSA-SHA3-384,11.324,3232.76,1147.29,1,0,0,130.8,15,2143.89,2121.93,1789,1787
1,3,20,ECDSA-SHA3-512_signed-by_RSA-SHA3-384,ECDSA-SHA3-512_signed-by_RSA-SHA3-384,20.632,1773.86,762.277,1,9,0.5625,165.75,24,2158.6,2126.82,1789,1786
1,7,20,ECDSA-SHA3-512_signed-by_RSA-SHA3-384,ECDSA-SHA3-512_signed-by_RSA-SHA3-384,11.162,3279.68,1163.94,1,0,0,130.8,16,2154.13,2126.3,1790,1786
1,5,18,ECDSA-SHA3-512_signed-by_RSA-SHA3-384,ECDSA-SHA3-512_signed-by_RSA-SHA3-384,11.035,3316.69,1177.34,1,0,0,140.8,15,2272.94,2142.3,1788,1787
1,6,22,ECDSA-SHA3-512_signed-by_RSA-SHA3-384,ECDSA-SHA3-512_signed-by_RSA-SHA3-384,12.782,2863.36,1388.18,1,7,0.5,122.286,8,2149.17,2201.3,1789,1786
1,1,21,ECDSA-SHA3-512_signed-by_RSA-SHA3-384,ECDSA-SHA3-512_signed-by_RSA-SHA3-384,12.845,2848.06,1031.35,1,0,0,131.455,24,2145.81,2106.26,1788,1785
1,7,21,ECDSA-SHA3-512_signed-by_RSA-SHA3-384,ECDSA-SHA3-512_signed-by_RSA-SHA3-384,11.401,3210.92,1139.54,1,0,0,130.8,16,2170.3,2121.02,1790,1786
1,8,23,ECDSA-SHA3-512_signed-by_RSA-SHA3-384,ECDSA-SHA3-512_signed-by_RSA-SHA3-384,13.765,2659.45,1376.22,1,11,0.846154,153.077,15,2111.79,2126.36,1789,1787
1,3,21,ECDSA-SHA3-512_signed-by_RSA-SHA3-384,ECDSA-SHA3-512_signed-by_RSA-SHA3-384,14.363,2548.16,1633.05,1,20,1,240.2,24,2137.38,2105.88,1789,1786
1,5,19,ECDSA-SHA3-512_signed-by_RSA-SHA3-384,ECDSA-SHA3-512_signed-by_RSA-SHA3-384,9.684,3779.07,1341.46,1,0,0,140.8,15,2152.58,2132.12,1788,1787
1,6,23,ECDSA-SHA3-512_signed-by_RSA-SHA3-384,ECDSA-SHA3-512_signed-by_RSA-SHA3-384,9.856,3713.1,2001.42,1,3,0.214286,128.286,8,2213.63,2121.68,1789,1786
1,7,22,ECDSA-SHA3-512_signed-by_RSA-SHA3-384,ECDSA-SHA3-512_signed-by_RSA-SHA3-384,11.084,3302.73,2143.6,1,25,1.13636,117.273,16,2176.17,2140.12,1790,1786
1,3,22,ECDSA-SHA3-512_signed-by_RSA-SHA3-384,ECDSA-SHA3-512_signed-by_RSA-SHA3-384,10.07,3634.5,1315.57,1,0,0,143.091,24,2149.6,2115.09,1789,1786
1,5,20,ECDSA-SHA3-512_signed-by_RSA-SHA3-384,ECDSA-SHA3-512_signed-by_RSA-SHA3-384,10.399,3519.52,1273.95,1,0,0,159.818,15,2150.62,2142.11,1788,1787
1,6,24,ECDSA-SHA3-512_signed-by_RSA-SHA3-384,ECDSA-SHA3-512_signed-by_RSA-SHA3-384,11.07,3306.15,1602.85,1,7,0.5,130.286,8,2132.25,2131.95,1789,1786
1,7,23,ECDSA-SHA3-512_signed-by_RSA-SHA3-384,ECDSA-SHA3-512_signed-by_RSA-SHA3-384,9.002,4066.21,2104.19,1,11,0.846154,153.077,16,2151.45,2119.48,1790,1786
1,3,23,ECDSA-SHA3-512_signed-by_RSA-SHA3-384,ECDSA-SHA3-512_signed-by_RSA-SHA3-384,11.637,3145.09,1666.38,1,16,1.06667,162.533,24,2144.66,2114.91,1789,1786
1,8,24,ECDSA-SHA3-512_signed-by_RSA-SHA3-384,ECDSA-SHA3-512_signed-by_RSA-SHA3-384,23.89,1532.33,813.714,1,13,0.8125,137.5,15,2120.8,2128.58,1789,1787
1,5,21,ECDSA-SHA3-512_signed-by_RSA-SHA3-384,ECDSA-SHA3-512_signed-by_RSA-SHA3-384,9.185,3984.43,2010.07,0.933333,8,0.533333,125.467,15,2158.42,2122,1788,1787
1,6,25,ECDSA-SHA3-512_signed-by_RSA-SHA3-384,ECDSA-SHA3-512_signed-by_RSA-SHA3-384,10.896,3358.76,1262.75,1,0,0,113.385,8,2144.46,2181.09,1789,1786
1,7,24,ECDSA-SHA3-512_signed-by_RSA-SHA3-384,ECDSA-SHA3-512_signed-by_RSA-SHA3-384,12.034,3042.04,1160.71,1,1,0.0833333,112.667,16,2206.62,2100.89,1790,1786
1,3,24,ECDSA-SHA3-512_signed-by_RSA-SHA3-384,ECDSA-SHA3-512_signed-by_RSA-SHA3-384,10.104,3622.02,1543.81,0.8,3,0.2,200.933,24,2138.6,2113.53,1789,1786
1,5,22,ECDSA-SHA3-512_signed-by_RSA-SHA3-384,ECDSA-SHA3-512_signed-by_RSA-SHA3-384,9.704,3771.3,1338.71,0.6,0,0,140.8,15,2118.37,2145.28,1788,1787
1,8,25,ECDSA-SHA3-512_signed-by_RSA-SHA3-384,ECDSA-SHA3-512_signed-by_RSA-SHA3-384,11.994,3052.19,2075.7,0.75,22,1.375,177.25,15,2162.73,2127.43,1789,1787
1,6,26,ECDSA-SHA3-512_signed-by_RSA-SHA3-384,ECDSA-SHA3-512_signed-by_RSA-SHA3-384,7.869,4650.8,1650.91,0,0,0,140.8,8,2157.37,2136.39,1789,1786
1,3,25,ECDSA-SHA3-512_signed-by_RSA-SHA3-384,ECDSA-SHA3-512_signed-by_RSA-SHA3-384,7.591,4821.16,1711.38,1,0,0,153.6,24,2161.48,2115.48,1789,1786
1,7,25,ECDSA-SHA3-512_signed-by_RSA-SHA3-384,ECDSA-SHA3-512_signed-by_RSA-SHA3-384,12.041,3040.28,1137.45,1,4,0.307692,105.692,16,2152.53,2100.31,1790,1786
1,5,23,ECDSA-SHA3-512_signed-by_RSA-SHA3-384,ECDSA-SHA3-512_signed-by_RSA-SHA3-384,9.908,3693.66,1790.72,1,7,0.5,130.286,15,2158.86,2130.36,1788,1787
1,1,22,ECDSA-SHA3-512_signed-by_RSA-SHA3-384,ECDSA-SHA3-512_signed-by_RSA-SHA3-384,47.125,776.311,792.099,1,42,1.27273,117.879,24,2149.93,2118.3,1788,1785
1,6,27,ECDSA-SHA3-512_signed-by_RSA-SHA3-384,ECDSA-SHA3-512_signed-by_RSA-SHA3-384,10.489,3489.06,1262.92,1,0,0,131.455,8,2168.22,2135.65,1789,1786
1,8,26,ECDSA-SHA3-512_signed-by_RSA-SHA3-384,ECDSA-SHA3-512_signed-by_RSA-SHA3-384,13.048,2805.61,1359.89,1,7,0.5,130.286,15,2161.1,2138.19,1789,1787
1,7,26,ECDSA-SHA3-512_signed-by_RSA-SHA3-384,ECDSA-SHA3-512_signed-by_RSA-SHA3-384,11.552,3168.96,1677.28,0.176471,9,0.529412,145.765,16,2175.12,2138.59,1790,1786
1,3,26,ECDSA-SHA3-512_signed-by_RSA-SHA3-384,ECDSA-SHA3-512_signed-by_RSA-SHA3-384,14.915,2453.83,1287.25,0.785714,11,0.785714,166.286,24,2153.34,2152.91,1789,1786
1,1,23,ECDSA-SHA3-512_signed-by_RSA-SHA3-384,ECDSA-SHA3-512_signed-by_RSA-SHA3-384,12.88,2840.35,1191.3,0.214286,3,0.214286,212.571,24,2179.76,2145.07,1788,1785
1,5,24,ECDSA-SHA3-512_signed-by_RSA-SHA3-384,ECDSA-SHA3-512_signed-by_RSA-SHA3-384,14.389,2543.58,902.901,0.3,0,0,140.8,15,2140.16,2126.78,1788,1787
1,6,28,ECDSA-SHA3-512_signed-by_RSA-SHA3-384,ECDSA-SHA3-512_signed-by_RSA-SHA3-384,13.42,2727.25,968.1,0.3,0,0,140.8,9,2167.29,2098.32,1789,1786
1,8,27,ECDSA-SHA3-512_signed-by_RSA-SHA3-384,ECDSA-SHA3-512_signed-by_RSA-SHA3-384,12.219,2995.75,1063.18,0,0,0,140.8,15,2220.51,2100.41,1789,1787
1,7,27,ECDSA-SHA3-512_signed-by_RSA-SHA3-384,ECDSA-SHA3-512_signed-by_RSA-SHA3-384,9.884,3703.49,1552.29,0.214286,7,0.5,112.857,16,2140.4,2144.52,1790,1786
1,1,24,ECDSA-SHA3-512_signed-by_RSA-SHA3-384,ECDSA-SHA3-512_signed-by_RSA-SHA3-384,9.027,4052.42,1439.13,0.8,0,0,153.6,24,2147.71,2124.38,1788,1785
1,3,27,ECDSA-SHA3-512_signed-by_RSA-SHA3-384,ECDSA-SHA3-512_signed-by_RSA-SHA3-384,12.577,2909.87,1032.92,0.8,0,0,130.8,24,2145.24,2142.21,1789,1786
1,5,25,ECDSA-SHA3-512_signed-by_RSA-SHA3-384,ECDSA-SHA3-512_signed-by_RSA-SHA3-384,11.846,3089.41,1118.26,1,0,0,131.455,15,2144.32,2139.39,1788,1787
1,6,29,ECDSA-SHA3-512_signed-by_RSA-SHA3-384,ECDSA-SHA3-512_signed-by_RSA-SHA3-384,11.009,3324.29,1180.03,1,0,0,140.8,9,2153.2,2139.25,1789,1786
1,8,28,ECDSA-SHA3-512_signed-by_RSA-SHA3-384,ECDSA-SHA3-512_signed-by_RSA-SHA3-384,12.048,3038.27,1099.51,1,0,0,131.455,15,2156.28,2104.44,1789,1787
1,7,28,ECDSA-SHA3-512_signed-by_RSA-SHA3-384,ECDSA-SHA3-512_signed-by_RSA-SHA3-384,9.655,3791.33,1961.95,1,11,0.846154,153.077,16,2147.78,2120.67,1790,1786
1,3,28,ECDSA-SHA3-512_signed-by_RSA-SHA3-384,ECDSA-SHA3-512_signed-by_RSA-SHA3-384,10.992,3329.41,1723.29,1,11,0.846154,153.077,24,2170.58,2140.39,1789,1786
1,6,30,ECDSA-SHA3-512_signed-by_RSA-SHA3-384,ECDSA-SHA3-512_signed-by_RSA-SHA3-384,10.497,3486.38,1237.57,1,0,0,140.8,9,2200.85,2127.36,1789,1786
1,5,26,ECDSA-SHA3-512_signed-by_RSA-SHA3-384,ECDSA-SHA3-512_signed-by_RSA-SHA3-384,12.868,2844.23,1581.58,0.842105,14,0.736842,117.158,15,2150.73,2155.34,1788,1787
1,1,25,ECDSA-SHA3-512_signed-by_RSA-SHA3-384,ECDSA-SHA3-512_signed-by_RSA-SHA3-384,16.972,2155.49,1116.16,1,11,0.846154,181.692,24,2121.21,2091.79,1788,1785
1,7,29,ECDSA-SHA3-512_signed-by_RSA-SHA3-384,ECDSA-SHA3-512_signed-by_RSA-SHA3-384,12.351,2963.96,1278.6,1,8,0.5,103.5,16,2145.28,2108.95,1790,1786
1,8,29,ECDSA-SHA3-512_signed-by_RSA-SHA3-384,ECDSA-SHA3-512_signed-by_RSA-SHA3-384,14.899,2457.04,1670.96,1,22,1.375,186.25,15,2146.39,2145.18,1789,1787
1,6,31,ECDSA-SHA3-512_signed-by_RSA-SHA3-384,ECDSA-SHA3-512_signed-by_RSA-SHA3-384,10.94,3345.25,1402.44,1,7,0.5,120.857,9,2150.72,2125.82,1789,1786
1,5,27,ECDSA-SHA3-512_signed-by_RSA-SHA3-384,ECDSA-SHA3-512_signed-by_RSA-SHA3-384,11.389,3213.35,1179.98,1,5,0.416667,123.667,15,2152.96,2105.65,1788,1787
1,3,29,ECDSA-SHA3-512_signed-by_RSA-SHA3-384,ECDSA-SHA3-512_signed-by_RSA-SHA3-384,16.924,2162.54,1059.76,1,8,0.533333,115.867,24,2173.19,2132.35,1789,1786
1,7,30,ECDSA-SHA3-512_signed-by_RSA-SHA3-384,ECDSA-SHA3-512_signed-by_RSA-SHA3-384,10.109,3620.99,1517.71,0.857143,7,0.5,112.857,16,2170.36,2145.46,1790,1786
1,1,26,ECDSA-SHA3-512_signed-by_RSA-SHA3-384,ECDSA-SHA3-512_signed-by_RSA-SHA3-384,13.47,2715.93,1599.98,1,18,1,150.444,24,2151.65,2122.26,1788,1785
1,8,30,ECDSA-SHA3-512_signed-by_RSA-SHA3-384,ECDSA-SHA3-512_signed-by_RSA-SHA3-384,12.473,2934.92,1230.15,1,7,0.5,120.857,15,2149.35,2126.18,1789,1787
1,6,32,ECDSA-SHA3-512_signed-by_RSA-SHA3-384,ECDSA-SHA3-512_signed-by_RSA-SHA3-384,9.739,3757.71,1360.17,1,0,0,131.455,9,2144.33,2225.12,1789,1786
1,3,30,ECDSA-SHA3-512_signed-by_RSA-SHA3-384,ECDSA-SHA3-512_signed-by_RSA-SHA3-384,10.377,3527.01,1276.66,1,0,0,125.636,24,2148.58,2169.31,1789,1786
1,1,27,ECDSA-SHA3-512_signed-by_RSA-SHA3-384,ECDSA-SHA3-512_signed-by_RSA-SHA3-384,10.433,3506.55,1700.75,0.285714,7,0.5,130.857,24,2139.91,2131.93,1788,1785
1,8,31,ECDSA-SHA3-512_signed-by_RSA-SHA3-384,ECDSA-SHA3-512_signed-by_RSA-SHA3-384,8.938,4095.39,1453.44,0.1,0,0,139.6,15,2158.71,2115.42,1789,1787
1,7,31,ECDSA-SHA3-512_signed-by_RSA-SHA3-384,ECDSA-SHA3-512_signed-by_RSA-SHA3-384,14.001,2614.61,1353.02,1,11,0.846154,153.077,16,2163.78,2105.91,1790,1786
1,6,33,ECDSA-SHA3-512_signed-by_RSA-SHA3-384,ECDSA-SHA3-512_signed-by_RSA-SHA3-384,8.899,4112.47,1459.81,0.3,0,0,140.8,9,2164.09,2141.08,1789,1786
1,3,31,ECDSA-SHA3-512_signed-by_RSA-SHA3-384,ECDSA-SHA3-512_signed-by_RSA-SHA3-384,9.254,3954.7,1431.47,0.272727,0,0,131.455,24,2165.54,2116.46,1789,1786
1,1,28,ECDSA-SHA3-512_signed-by_RSA-SHA3-384,ECDSA-SHA3-512_signed-by_RSA-SHA3-384,9.095,4022.08,1950.79,0.214286,7,0.5,141.143,24,2149.24,2126.36,1788,1785
1,8,32,ECDSA-SHA3-512_signed-by_RSA-SHA3-384,ECDSA-SHA3-512_signed-by_RSA-SHA3-384,8.993,4070.36,1444.55,0.3,0,0,140.8,15,2164.64,2149.89,1789,1787
1,7,32,ECDSA-SHA3-512_signed-by_RSA-SHA3-384,ECDSA-SHA3-512_signed-by_RSA-SHA3-384,8.48,4316.6,1531.94,0,0,0,130.8,16,2177.01,2138.16,1790,1786
1,6,34,ECDSA-SHA3-512_signed-by_RSA-SHA3-384,ECDSA-SHA3-512_signed-by_RSA-SHA3-384,8.253,4434.36,1574.08,1,0,0,140.8,9,2148.28,2115.38,1789,1786
1,3,32,ECDSA-SHA3-512_signed-by_RSA-SHA3-384,ECDSA-SHA3-512_signed-by_RSA-SHA3-384,7.904,4630.15,1675.96,1,0,0,127.091,24,2127.95,2124.42,1789,1786
1,1,29,ECDSA-SHA3-512_signed-by_RSA-SHA3-384,ECDSA-SHA3-512_signed-by_RSA-SHA3-384,8.881,4118.95,1462.75,1,0,0,153.6,24,2153.39,2127.36,1788,1785
1,5,28,ECDSA-SHA3-512_signed-by_RSA-SHA3-384,ECDSA-SHA3-512_signed-by_RSA-SHA3-384,31.788,1151.34,572.274,1,12,0.571429,158.19,15,2143.48,2159.8,1788,1787
1,6,35,ECDSA-SHA3-512_signed-by_RSA-SHA3-384,ECDSA-SHA3-512_signed-by_RSA-SHA3-384,13.587,2693.66,1394.23,1,11,0.846154,165.692,9,2151.41,2129.19,1789,1786
1,7,33,ECDSA-SHA3-512_signed-by_RSA-SHA3-384,ECDSA-SHA3-512_signed-by_RSA-SHA3-384,15.749,2324.37,2031.79,1,36,1.5,141.667,16,2162.23,2172.76,1790,1786
1,3,33,ECDSA-SHA3-512_signed-by_RSA-SHA3-384,ECDSA-SHA3-512_signed-by_RSA-SHA3-384,12.085,3028.48,1588.71,1,11,0.785714,156.571,24,2154.08,2093.03,1789,1786
1,8,33,ECDSA-SHA3-512_signed-by_RSA-SHA3-384,ECDSA-SHA3-512_signed-by_RSA-SHA3-384,18.223,2008.8,1050.05,1,12,0.857143,154,15,2137.95,2140.68,1789,1787
1,5,29,ECDSA-SHA3-512_signed-by_RSA-SHA3-384,ECDSA-SHA3-512_signed-by_RSA-SHA3-384,12,3049.94,1163.98,1,1,0.0833333,125.333,15,2171.44,2124.86,1788,1787
1,3,34,ECDSA-SHA3-512_signed-by_RSA-SHA3-384,ECDSA-SHA3-512_signed-by_RSA-SHA3-384,8.573,4268.84,1545.18,1,0,0,131.455,24,2155.24,2124.67,1789,1786
1,6,36,ECDSA-SHA3-512_signed-by_RSA-SHA3-384,ECDSA-SHA3-512_signed-by_RSA-SHA3-384,11.921,3070.17,1589.11,1,11,0.846154,165.692,9,2149.29,2125.3,1789,1786
1,1,30,ECDSA-SHA3-512_signed-by_RSA-SHA3-384,ECDSA-SHA3-512_signed-by_RSA-SHA3-384,21.113,1732.76,1590.66,1,34,1.25926,136.963,24,2172.92,2125.18,1788,1785
1,8,34,ECDSA-SHA3-512_signed-by_RSA-SHA3-384,ECDSA-SHA3-512_signed-by_RSA-SHA3-384,11.304,3238.46,1586.68,1,12,0.8,115.867,15,2203.47,2127.81,1789,1787
1,5,30,ECDSA-SHA3-512_signed-by_RSA-SHA3-384,ECDSA-SHA3-512_signed-by_RSA-SHA3-384,11.086,3301.45,1182.03,1,0,0,142.727,15,2166.61,2108.89,1788,1787
1,7,34,ECDSA-SHA3-512_signed-by_RSA-SHA3-384,ECDSA-SHA3-512_signed-by_RSA-SHA3-384,15.972,2291.95,1483.55,1,11,0.647059,126.941,16,2166.31,2132.97,1790,1786
1,3,35,ECDSA-SHA3-512_signed-by_RSA-SHA3-384,ECDSA-SHA3-512_signed-by_RSA-SHA3-384,8.941,4093.09,1481.56,1,0,0,127.091,24,2192.11,2111.94,1789,1786
1,6,37,ECDSA-SHA3-512_signed-by_RSA-SHA3-384,ECDSA-SHA3-512_signed-by_RSA-SHA3-384,10.163,3600.96,1844.95,1,2,0.166667,141.667,9,2147.53,2130.11,1789,1786
1,1,31,ECDSA-SHA3-512_signed-by_RSA-SHA3-384,ECDSA-SHA3-512_signed-by_RSA-SHA3-384,10.703,3417.8,1213.76,1,0,0,130.8,24,2168.44,2117.16,1788,1785
1,8,35,ECDSA-SHA3-512_signed-by_RSA-SHA3-384,ECDSA-SHA3-512_signed-by_RSA-SHA3-384,17.569,2083.61,887.901,1,3,0.2,168.667,15,2118.29,2126.42,1789,1787
1,6,38,ECDSA-SHA3-512_signed-by_RSA-SHA3-384,ECDSA-SHA3-512_signed-by_RSA-SHA3-384,11.437,3199.88,1158.25,1,0,0,131.455,9,2149.52,2121.91,1789,1786
1,3,36,ECDSA-SHA3-512_signed-by_RSA-SHA3-384,ECDSA-SHA3-512_signed-by_RSA-SHA3-384,14.637,2500.48,1212.25,1,7,0.5,130.286,24,2121.06,2109.34,1789,1786
1,7,35,ECDSA-SHA3-512_signed-by_RSA-SHA3-384,ECDSA-SHA3-512_signed-by_RSA-SHA3-384,17.979,2036.09,1332.18,1,18,1,134.444,16,2151,2117.74,1790,1786
1,1,32,ECDSA-SHA3-512_signed-by_RSA-SHA3-384,ECDSA-SHA3-512_signed-by_RSA-SHA3-384,11.501,3180.69,1129.55,0.8,0,0,130.8,24,2160.45,2132.35,1788,1785
1,5,31,ECDSA-SHA3-512_signed-by_RSA-SHA3-384,ECDSA-SHA3-512_signed-by_RSA-SHA3-384,19.995,1830.39,1850,1,45,1.95652,208.609,15,2159.65,2098,1788,1787
1,6,39,ECDSA-SHA3-512_signed-by_RSA-SHA3-384,ECDSA-SHA3-512_signed-by_RSA-SHA3-384,8.222,4451.08,1667.57,0.818182,1,0.0909091,133.273,9,2197.53,2131.74,1789,1786
1,8,36,ECDSA-SHA3-512_signed-by_RSA-SHA3-384,ECDSA-SHA3-512_signed-by_RSA-SHA3-384,10.726,3412.71,1211.16,1,0,0,130.8,15,2135.72,2134.44,1789,1787
1,7,36,ECDSA-SHA3-512_signed-by_RSA-SHA3-384,ECDSA-SHA3-512_signed-by_RSA-SHA3-384,8.298,4411.26,1565.53,1,0,0,130.8,16,2174.56,2113.22,1790,1786
1,3,37,ECDSA-SHA3-512_signed-by_RSA-SHA3-384,ECDSA-SHA3-512_signed-by_RSA-SHA3-384,10.393,3521.6,1725.78,1,12,0.8,124.133,24,2164.2,2125.97,1789,1786
1,5,32,ECDSA-SHA3-512_signed-by_RSA-SHA3-384,ECDSA-SHA3-512_signed-by_RSA-SHA3-384,9.151,3999.16,1526.24,0.833333,1,0.0833333,133.667,15,2147.37,2113.73,1788,1787
1,6,40,ECDSA-SHA3-512_signed-by_RSA-SHA3-384,ECDSA-SHA3-512_signed-by_RSA-SHA3-384,8.807,4155.38,1504.11,1,0,0,131.455,9,2117.61,2161.88,1789,1786
1,1,33,ECDSA-SHA3-512_signed-by_RSA-SHA3-384,ECDSA-SHA3-512_signed-by_RSA-SHA3-384,16.276,2247.64,1175.68,1,12,0.857143,144.857,24,2144.95,2143.22,1788,1785
1,8,37,ECDSA-SHA3-512_signed-by_RSA-SHA3-384,ECDSA-SHA3-512_signed-by_RSA-SHA3-384,11.182,3273.8,1161.85,1,0,0,130.8,15,2151.9,2142.26,1789,1787
1,7,37,ECDSA-SHA3-512_signed-by_RSA-SHA3-384,ECDSA-SHA3-512_signed-by_RSA-SHA3-384,12.331,2968.73,1536.26,1,11,0.846154,153.077,16,2163.58,2136.14,1790,1786
1,3,38,ECDSA-SHA3-512_signed-by_RSA-SHA3-384,ECDSA-SHA3-512_signed-by_RSA-SHA3-384,13.219,2768.68,1986.19,0.884615,32,1.23077,188.308,24,2121.66,2138.79,1789,1786
1,5,33,ECDSA-SHA3-512_signed-by_RSA-SHA3-384,ECDSA-SHA3-512_signed-by_RSA-SHA3-384,13.12,2789.58,1443.88,1,11,0.846154,181.692,15,2169,2120.66,1788,1787
1,6,41,ECDSA-SHA3-512_signed-by_RSA-SHA3-384,ECDSA-SHA3-512_signed-by_RSA-SHA3-384,10.716,3415.42,1655.83,1,7,0.5,130.286,9,2151.14,2122.67,1789,1786
1,1,34,ECDSA-SHA3-512_signed-by_RSA-SHA3-384,ECDSA-SHA3-512_signed-by_RSA-SHA3-384,11.649,3140.48,1199.05,1,1,0.0833333,116.667,24,2177.37,2117.43,1788,1785
1,7,38,ECDSA-SHA3-512_signed-by_RSA-SHA3-384,ECDSA-SHA3-512_signed-by_RSA-SHA3-384,8.813,4153.44,1474.03,1,0,0,130.8,16,2148.63,2137.43,1790,1786
1,8,38,ECDSA-SHA3-512_signed-by_RSA-SHA3-384,ECDSA-SHA3-512_signed-by_RSA-SHA3-384,12.725,2876.8,1941.34,1,13,0.866667,150.533,15,2143.1,2120.25,1789,1787
1,5,34,ECDSA-SHA3-512_signed-by_RSA-SHA3-384,ECDSA-SHA3-512_signed-by_RSA-SHA3-384,10.449,3502.7,1267.86,0.454545,0,0,143.091,15,2152.45,2115.62,1788,1787
1,3,39,ECDSA-SHA3-512_signed-by_RSA-SHA3-384,ECDSA-SHA3-512_signed-by_RSA-SHA3-384,12.488,2930.76,1228.68,0.428571,3,0.214286,180.571,24,2146.41,2128.53,1789,1786
1,6,42,ECDSA-SHA3-512_signed-by_RSA-SHA3-384,ECDSA-SHA3-512_signed-by_RSA-SHA3-384,10.467,3496.37,1241.12,0.5,0,0,140.8,9,2164.78,2110.45,1789,1786
1,1,35,ECDSA-SHA3-512_signed-by_RSA-SHA3-384,ECDSA-SHA3-512_signed-by_RSA-SHA3-384,9.978,3666.14,1898.41,0.384615,11,0.846154,153.077,24,2120.6,2102.2,1788,1785
1,7,39,ECDSA-SHA3-512_signed-by_RSA-SHA3-384,ECDSA-SHA3-512_signed-by_RSA-SHA3-384,11.26,3251.15,1153.82,0,0,0,130.8,16,2143.45,2154.01,1790,1786
1,8,39,ECDSA-SHA3-512_signed-by_RSA-SHA3-384,ECDSA-SHA3-512_signed-by_RSA-SHA3-384,10.401,3519.34,1249,0,0,0,133.2,15,2159.56,2141.51,1789,1787
1,5,35,ECDSA-SHA3-512_signed-by_RSA-SHA3-384,ECDSA-SHA3-512_signed-by_RSA-SHA3-384,9.612,3807.4,1351.52,0,0,0,153.6,15,2122.78,2119.52,1788,1787
1,3,40,ECDSA-SHA3-512_signed-by_RSA-SHA3-384,ECDSA-SHA3-512_signed-by_RSA-SHA3-384,9.858,3712.39,1317.8,0.6,0,0,134.4,24,2161.78,2135.62,1789,1786
1,6,43,ECDSA-SHA3-512_signed-by_RSA-SHA3-384,ECDSA-SHA3-512_signed-by_RSA-SHA3-384,9.626,3801.85,1349.55,0.6,0,0,140.8,9,2150.63,2119.61,1789,1786
1,1,36,ECDSA-SHA3-512_signed-by_RSA-SHA3-384,ECDSA-SHA3-512_signed-by_RSA-SHA3-384,9.754,3750.31,1331.84,1,0,0,137.2,24,2131.68,2125.59,1788,1785
1,7,40,ECDSA-SHA3-512_signed-by_RSA-SHA3-384,ECDSA-SHA3-512_signed-by_RSA-SHA3-384,11.563,3165.94,1534.54,1,7,0.5,121.429,16,2155.66,2138.99,1790,1786
1,8,40,ECDSA-SHA3-512_signed-by_RSA-SHA3-384,ECDSA-SHA3-512_signed-by_RSA-SHA3-384,11.084,3302.77,1813.06,0.944444,14,0.777778,109.556,15,2144.76,2128.32,1789,1787
1,5,36,ECDSA-SHA3-512_signed-by_RSA-SHA3-384,ECDSA-SHA3-512_signed-by_RSA-SHA3-384,11.831,3093.55,1318.56,1,7,0.466667,125.467,15,2162.24,2122.53,1788,1787
1,3,41,ECDSA-SHA3-512_signed-by_RSA-SHA3-384,ECDSA-SHA3-512_signed-by_RSA-SHA3-384,12.977,2820.35,1020.87,1,0,0,131.455,24,2145.79,2098.35,1789,1786
1,6,44,ECDSA-SHA3-512_signed-by_RSA-SHA3-384,ECDSA-SHA3-512_signed-by_RSA-SHA3-384,13.766,2658.7,1565.58,0.944444,18,1,137.556,9,2153.71,2119.8,1789,1786
1,1,37,ECDSA-SHA3-512_signed-by_RSA-SHA3-384,ECDSA-SHA3-512_signed-by_RSA-SHA3-384,13.433,2723.42,1142.25,0.857143,7,0.5,112.857,24,2159.18,2139.53,1788,1785
1,7,41,ECDSA-SHA3-512_signed-by_RSA-SHA3-384,ECDSA-SHA3-512_signed-by_RSA-SHA3-384,12.16,3010.28,1068.33,1,0,0,130.8,16,2154.72,2135.14,1790,1786
1,8,41,ECDSA-SHA3-512_signed-by_RSA-SHA3-384,ECDSA-SHA3-512_signed-by_RSA-SHA3-384,12.182,3004.85,1087.42,1,0,0,122.364,15,2151.01,2134.08,1789,1787
1,5,37,ECDSA-SHA3-512_signed-by_RSA-SHA3-384,ECDSA-SHA3-512_signed-by_RSA-SHA3-384,11.843,3090.43,1118.63,1,0,0,143.091,15,2164.55,2147.09,1788,1787
1,6,45,ECDSA-SHA3-512_signed-by_RSA-SHA3-384,ECDSA-SHA3-512_signed-by_RSA-SHA3-384,9.71,3768.94,1364.23,1,0,0,127.091,9,2154.72,2106.08,1789,1786
1,3,42,ECDSA-SHA3-512_signed-by_RSA-SHA3-384,ECDSA-SHA3-512_signed-by_RSA-SHA3-384,12.898,2837.61,1390.58,1,14,0.933333,124.133,24,2180.82,2134.25,1789,1786
1,1,38,ECDSA-SHA3-512_signed-by_RSA-SHA3-384,ECDSA-SHA3-512_signed-by_RSA-SHA3-384,11.209,3263.78,1690.06,1,11,0.846154,153.077,24,2139.52,2102.66,1788,1785
1,7,42,ECDSA-SHA3-512_signed-by_RSA-SHA3-384,ECDSA-SHA3-512_signed-by_RSA-SHA3-384,11.415,3206.97,1138.14,0.8,0,0,130.8,16,2149.73,2120.05,1790,1786
1,8,42,ECDSA-SHA3-512_signed-by_RSA-SHA3-384,ECDSA-SHA3-512_signed-by_RSA-SHA3-384,11.236,3258.06,1156.27,0.8,0,0,140.8,15,2161.94,2133.71,1789,1787
1,5,38,ECDSA-SHA3-512_signed-by_RSA-SHA3-384,ECDSA-SHA3-512_signed-by_RSA-SHA3-384,11.861,3085.7,1602.54,0.846154,2,0.153846,145.385,15,2123.24,2145.97,1788,1787
1,3,43,ECDSA-SHA3-512_signed-by_RSA-SHA3-384,ECDSA-SHA3-512_signed-by_RSA-SHA3-384,11.161,3279.25,1380.51,0.785714,0,0,120.857,24,2194.82,2118.55,1789,1786
1,6,46,ECDSA-SHA3-512_signed-by_RSA-SHA3-384,ECDSA-SHA3-512_signed-by_RSA-SHA3-384,14.568,2512.28,1300.35,1,11,0.846154,165.692,9,2137.58,2140.83,1789,1786
1,1,39,ECDSA-SHA3-512_signed-by_RSA-SHA3-384,ECDSA-SHA3-512_signed-by_RSA-SHA3-384,13.762,2658.28,1289.32,1,7,0.5,121.429,24,2315.74,2121.83,1788,1785
1,8,43,ECDSA-SHA3-512_signed-by_RSA-SHA3-384,ECDSA-SHA3-512_signed-by_RSA-SHA3-384,11.757,3113.69,1126.81,1,0,0,131.455,15,2173.57,2144.03,1789,1787
1,7,43,ECDSA-SHA3-512_signed-by_RSA-SHA3-384,ECDSA-SHA3-512_signed-by_RSA-SHA3-384,13.878,2637.79,1466.46,0.736842,14,0.736842,105.789,16,2165.78,2127.88,1790,1786
1,5,39,ECDSA-SHA3-512_signed-by_RSA-SHA3-384,ECDSA-SHA3-512_signed-by_RSA-SHA3-384,14.322,2555.48,1340.58,0.785714,11,0.785714,168.857,15,2152.32,2157.84,1788,1787
1,3,44,ECDSA-SHA3-512_signed-by_RSA-SHA3-384,ECDSA-SHA3-512_signed-by_RSA-SHA3-384,12.359,2961.18,1051.14,1,0,0,140.8,24,2158.29,2124.97,1789,1786
1,6,47,ECDSA-SHA3-512_signed-by_RSA-SHA3-384,ECDSA-SHA3-512_signed-by_RSA-SHA3-384,13.864,2639.93,1106.75,1,7,0.5,112.857,9,2148.27,2144.08,1789,1786
1,1,40,ECDSA-SHA3-512_signed-by_RSA-SHA3-384,ECDSA-SHA3-512_signed-by_RSA-SHA3-384,14.613,2503.51,906.584,1,0,0,122.364,24,2191.05,2133,1788,1785
1,7,44,ECDSA-SHA3-512_signed-by_RSA-SHA3-384,ECDSA-SHA3-512_signed-by_RSA-SHA3-384,12.666,2890.06,1226.51,1,14,0.933333,107.867,16,2160.83,2116.1,1790,1786
1,8,44,ECDSA-SHA3-512_signed-by_RSA-SHA3-384,ECDSA-SHA3-512_signed-by_RSA-SHA3-384,15.218,2405.56,1182.8,1,7,0.466667,124.133,15,2147.45,2128.75,1789,1787
1,5,40,ECDSA-SHA3-512_signed-by_RSA-SHA3-384,ECDSA-SHA3-512_signed-by_RSA-SHA3-384,13.383,2734.77,1448.98,1,12,0.8,158.267,15,2157.14,2149.85,1788,1787
1,6,48,ECDSA-SHA3-512_signed-by_RSA-SHA3-384,ECDSA-SHA3-512_signed-by_RSA-SHA3-384,10.874,3365.8,1655.31,1,11,0.733333,115.867,9,2161.6,2154.24,1789,1786
1,3,45,ECDSA-SHA3-512_signed-by_RSA-SHA3-384,ECDSA-SHA3-512_signed-by_RSA-SHA3-384,17.215,2125.97,1321.59,1,14,0.736842,118.632,24,2137.22,2122.92,1789,1786
1,7,45,ECDSA-SHA3-512_signed-by_RSA-SHA3-384,ECDSA-SHA3-512_signed-by_RSA-SHA3-384,12.665,2890.4,1417.41,1,8,0.421053,272.316,16,2155.36,2140.59,1790,1786
1,1,41,ECDSA-SHA3-512_signed-by_RSA-SHA3-384,ECDSA-SHA3-512_signed-by_RSA-SHA3-384,14.595,2506.53,1866.88,1,21,0.954545,117.273,24,2143.58,2118.8,1788,1785
1,5,41,ECDSA-SHA3-512_signed-by_RSA-SHA3-384,ECDSA-SHA3-512_signed-by_RSA-SHA3-384,10.892,3360.25,2193.16,1,19,1.05556,157.778,15,2184.68,2127.99,1788,1787
1,6,49,ECDSA-SHA3-512_signed-by_RSA-SHA3-384,ECDSA-SHA3-512_signed-by_RSA-SHA3-384,11.609,3152.7,1343.77,0.533333,3,0.2,168.667,9,2143.8,2133.64,1789,1786
1,3,46,ECDSA-SHA3-512_signed-by_RSA-SHA3-384,ECDSA-SHA3-512_signed-by_RSA-SHA3-384,9.66,3788.48,1344.81,0.8,0,0,140.8,24,2146.77,2140.16,1789,1786
1,7,46,ECDSA-SHA3-512_signed-by_RSA-SHA3-384,ECDSA-SHA3-512_signed-by_RSA-SHA3-384,10.046,3643.71,1885.56,1,11,0.846154,153.077,16,2153.76,2138.29,1790,1786
1,8,45,ECDSA-SHA3-512_signed-by_RSA-SHA3-384,ECDSA-SHA3-512_signed-by_RSA-SHA3-384,22.733,1610.33,1112.03,1,24,1.33333,167.778,15,2157.54,2136.7,1789,1787
1,1,42,ECDSA-SHA3-512_signed-by_RSA-SHA3-384,ECDSA-SHA3-512_signed-by_RSA-SHA3-384,10.783,3392.45,1204.75,1,0,0,133.2,24,2154.63,2121.69,1788,1785
1,5,42,ECDSA-SHA3-512_signed-by_RSA-SHA3-384,ECDSA-SHA3-512_signed-by_RSA-SHA3-384,12.687,2884.79,1793.3,0.842105,14,0.736842,129.789,15,2143.8,2118.84,1788,1787
1,7,47,ECDSA-SHA3-512_signed-by_RSA-SHA3-384,ECDSA-SHA3-512_signed-by_RSA-SHA3-384,7.629,4798.04,1801.36,0.909091,1,0.0909091,123.818,16,2146.17,2120.05,1790,1786
1,8,46,ECDSA-SHA3-512_signed-by_RSA-SHA3-384,ECDSA-SHA3-512_signed-by_RSA-SHA3-384,8.612,4250.36,2084.31,0.789474,18,0.947368,100.105,16,2119.6,2131.8,1789,1787
1,6,50,ECDSA-SHA3-512_signed-by_RSA-SHA3-384,ECDSA-SHA3-512_signed-by_RSA-SHA3-384,15.217,2405.14,2181.71,1,31,1.34783,130.174,9,2170.75,2111.72,1789,1786
1,1,43,ECDSA-SHA3-512_signed-by_RSA-SHA3-384,ECDSA-SHA3-512_signed-by_RSA-SHA3-384,11.543,3169.3,1965.48,1,21,1.10526,114.632,24,2161.48,2138.28,1788,1785
1,5,43,ECDSA-SHA3-512_signed-by_RSA-SHA3-384,ECDSA-SHA3-512_signed-by_RSA-SHA3-384,9.11,4017.15,1684.13,1,7,0.5,112.857,15,2151.25,2122.45,1788,1787
1,7,48,ECDSA-SHA3-512_signed-by_RSA-SHA3-384,ECDSA-SHA3-512_signed-by_RSA-SHA3-384,12.06,3035.43,1487.2,1,8,0.533333,115.867,16,2176.72,2151.75,1790,1786
1,3,47,ECDSA-SHA3-512_signed-by_RSA-SHA3-384,ECDSA-SHA3-512_signed-by_RSA-SHA3-384,26.228,1395.42,746.663,1,13,0.8125,135.5,24,2183.18,2130.66,1789,1786
1,6,51,ECDSA-SHA3-512_signed-by_RSA-SHA3-384,ECDSA-SHA3-512_signed-by_RSA-SHA3-384,13.366,2738.2,1133.58,1,0,0,205.385,9,2279.4,2134.81,1789,1786
1,1,44,ECDSA-SHA3-512_signed-by_RSA-SHA3-384,ECDSA-SHA3-512_signed-by_RSA-SHA3-384,11.348,3223.79,2050.03,0.578947,17,0.894737,234.842,24,2146.17,2095.51,1788,1785
1,8,47,ECDSA-SHA3-512_signed-by_RSA-SHA3-384,ECDSA-SHA3-512_signed-by_RSA-SHA3-384,15.741,2325.56,1288.82,0.947368,11,0.578947,163.263,16,2136.93,2120.26,1789,1787
1,5,44,ECDSA-SHA3-512_signed-by_RSA-SHA3-384,ECDSA-SHA3-512_signed-by_RSA-SHA3-384,11.709,3125.79,1131.43,0.272727,0,0,122.364,15,2156.8,2114.61,1788,1787
1,7,49,ECDSA-SHA3-512_signed-by_RSA-SHA3-384,ECDSA-SHA3-512_signed-by_RSA-SHA3-384,8.478,4317.64,1532.31,0.8,0,0,130.8,16,2156.33,2136.21,1790,1786
1,3,48,ECDSA-SHA3-512_signed-by_RSA-SHA3-384,ECDSA-SHA3-512_signed-by_RSA-SHA3-384,10.332,3542.11,1257.35,0.8,0,0,130.8,24,2139.78,2126.11,1789,1786
1,6,52,ECDSA-SHA3-512_signed-by_RSA-SHA3-384,ECDSA-SHA3-512_signed-by_RSA-SHA3-384,10.528,3476.15,1685.27,1,7,0.5,130.286,9,2149.48,2153.95,1789,1786
1,8,48,ECDSA-SHA3-512_signed-by_RSA-SHA3-384,ECDSA-SHA3-512_signed-by_RSA-SHA3-384,9.646,3794.81,1346.76,1,0,0,130.8,16,2136.63,2101.37,1789,1787
1,1,45,ECDSA-SHA3-512_signed-by_RSA-SHA3-384,ECDSA-SHA3-512_signed-by_RSA-SHA3-384,11.642,3142.41,1339.97,1,7,0.466667,107.867,24,2164.72,2130,1788,1785
1,5,45,ECDSA-SHA3-512_signed-by_RSA-SHA3-384,ECDSA-SHA3-512_signed-by_RSA-SHA3-384,10.966,3337.58,1727.52,1,11,0.846154,154.923,15,2160.95,2116.97,1788,1787
1,7,50,ECDSA-SHA3-512_signed-by_RSA-SHA3-384,ECDSA-SHA3-512_signed-by_RSA-SHA3-384,9.517,3846.23,1440.66,1,1,0.0909091,123.818,16,2167.44,2144.55,1790,1786
1,8,49,ECDSA-SHA3-512_signed-by_RSA-SHA3-384,ECDSA-SHA3-512_signed-by_RSA-SHA3-384,7.739,4729.86,1711.68,0.545455,0,0,122.364,16,2160.96,2115.64,1789,1787
1,6,53,ECDSA-SHA3-512_signed-by_RSA-SHA3-384,ECDSA-SHA3-512_signed-by_RSA-SHA3-384,10.233,3576.33,1269.5,0.6,0,0,140.8,9,2177.14,2127.81,1789,1786
1,1,46,ECDSA-SHA3-512_signed-by_RSA-SHA3-384,ECDSA-SHA3-512_signed-by_RSA-SHA3-384,10.7,3418.75,1214.1,0.5,0,0,130.8,24,2144.5,2101.79,1788,1785
1,7,51,ECDSA-SHA3-512_signed-by_RSA-SHA3-384,ECDSA-SHA3-512_signed-by_RSA-SHA3-384,9.997,3661.56,1299.47,0,0,0,130.8,16,2122.69,2132.48,1790,1786
1,3,49,ECDSA-SHA3-512_signed-by_RSA-SHA3-384,ECDSA-SHA3-512_signed-by_RSA-SHA3-384,16.298,2245.61,1174.1,1,12,0.857143,144.857,24,2170.27,2108.45,1789,1786
1,5,46,ECDSA-SHA3-512_signed-by_RSA-SHA3-384,ECDSA-SHA3-512_signed-by_RSA-SHA3-384,13.206,2771.44,1434.48,0.384615,11,0.846154,153.077,15,2151.48,2125.51,1788,1787
1,8,50,ECDSA-SHA3-512_signed-by_RSA-SHA3-384,ECDSA-SHA3-512_signed-by_RSA-SHA3-384,9.592,3816.23,1354.36,0.6,0,0,130.8,16,2138.08,2135.45,1789,1787
1,6,54,ECDSA-SHA3-512_signed-by_RSA-SHA3-384,ECDSA-SHA3-512_signed-by_RSA-SHA3-384,9.835,3721.1,1799.14,0.333333,14,0.777778,109.111,9,2160.16,2149.74,1789,1786
1,1,47,ECDSA-SHA3-512_signed-by_RSA-SHA3-384,ECDSA-SHA3-512_signed-by_RSA-SHA3-384,10.204,3584.97,1298.21,0.545455,0,0,122.364,24,2120.9,2110.56,1788,1785
1,7,52,ECDSA-SHA3-512_signed-by_RSA-SHA3-384,ECDSA-SHA3-512_signed-by_RSA-SHA3-384,11.128,3289.45,1167.41,0.6,0,0,130.8,16,2148.45,2115.31,1790,1786
1,3,50,ECDSA-SHA3-512_signed-by_RSA-SHA3-384,ECDSA-SHA3-512_signed-by_RSA-SHA3-384,11.144,3284.01,1165.73,0.6,0,0,130.8,24,2131.22,2127.05,1789,1786
1,8,51,ECDSA-SHA3-512_signed-by_RSA-SHA3-384,ECDSA-SHA3-512_signed-by_RSA-SHA3-384,9.604,3811.38,1352.64,0.3,0,0,132,16,2156.09,2128.6,1789,1787
1,6,55,ECDSA-SHA3-512_signed-by_RSA-SHA3-384,ECDSA-SHA3-512_signed-by_RSA-SHA3-384,8.058,4541.67,1612.17,0.8,0,0,140.8,9,2159.96,2105.05,1789,1786
1,5,47,ECDSA-SHA3-512_signed-by_RSA-SHA3-384,ECDSA-SHA3-512_signed-by_RSA-SHA3-384,13.75,2661.77,1115.91,1,7,0.5,112.857,15,2141.91,2132.58,1788,1787
1,1,48,ECDSA-SHA3-512_signed-by_RSA-SHA3-384,ECDSA-SHA3-512_signed-by_RSA-SHA3-384,10.011,3654.03,1297.65,1,4,0.4,130.8,24,2162.49,2122.46,1788,1785
1,7,53,ECDSA-SHA3-512_signed-by_RSA-SHA3-384,ECDSA-SHA3-512_signed-by_RSA-SHA3-384,13.581,2695.49,975.465,1,0,0,122.364,16,2156.06,2148.33,1790,1786
1,3,51,ECDSA-SHA3-512_signed-by_RSA-SHA3-384,ECDSA-SHA3-512_signed-by_RSA-SHA3-384,13.947,2624.17,1440.86,0.944444,14,0.777778,109.556,24,2157.97,2113.47,1789,1786
1,6,56,ECDSA-SHA3-512_signed-by_RSA-SHA3-384,ECDSA-SHA3-512_signed-by_RSA-SHA3-384,12.375,2957.55,1086.05,1,7,0.583333,123.667,9,2138.73,2121.54,1789,1786
1,5,48,ECDSA-SHA3-512_signed-by_RSA-SHA3-384,ECDSA-SHA3-512_signed-by_RSA-SHA3-384,12.051,3037.07,1078.08,1,0,0,130.8,15,2161.34,2259.06,1788,1787
1,8,52,ECDSA-SHA3-512_signed-by_RSA-SHA3-384,ECDSA-SHA3-512_signed-by_RSA-SHA3-384,14.755,2481.01,1443.28,1,18,1.05882,133.059,16,2173.74,2120.88,1789,1787
1,1,49,ECDSA-SHA3-512_signed-by_RSA-SHA3-384,ECDSA-SHA3-512_signed-by_RSA-SHA3-384,10.435,3505.59,1470.31,0.785714,3,0.214286,178,24,2137.4,2255.1,1788,1785
1,3,52,ECDSA-SHA3-512_signed-by_RSA-SHA3-384,ECDSA-SHA3-512_signed-by_RSA-SHA3-384,8.348,4383.85,1556.15,0.8,0,0,130.8,24,2127.53,2101.01,1789,1786
1,6,57,ECDSA-SHA3-512_signed-by_RSA-SHA3-384,ECDSA-SHA3-512_signed-by_RSA-SHA3-384,8.326,4395.46,1819.67,0,0,0,205.385,9,2106.39,2122.36,1789,1786
1,7,54,ECDSA-SHA3-512_signed-by_RSA-SHA3-384,ECDSA-SHA3-512_signed-by_RSA-SHA3-384,13.426,2726.61,1410.97,0.615385,11,0.846154,153.077,16,2145.9,2134.96,1790,1786
1,5,49,ECDSA-SHA3-512_signed-by_RSA-SHA3-384,ECDSA-SHA3-512_signed-by_RSA-SHA3-384,10.703,3419.32,1213.77,0,0,0,130.8,15,2155.58,2138.61,1788,1787
1,8,53,ECDSA-SHA3-512_signed-by_RSA-SHA3-384,ECDSA-SHA3-512_signed-by_RSA-SHA3-384,11.092,3300.12,1171.2,0,0,0,130.8,16,2145.89,2150.54,1789,1787
1,1,50,ECDSA-SHA3-512_signed-by_RSA-SHA3-384,ECDSA-SHA3-512_signed-by_RSA-SHA3-384,11.408,3206.61,1138.76,0,0,0,130.8,24,2141.71,2117,1788,1785
1,3,53,ECDSA-SHA3-512_signed-by_RSA-SHA3-384,ECDSA-SHA3-512_signed-by_RSA-SHA3-384,9.901,3696.32,1312.09,0.3,0,0,130.8,24,2109.09,2131.56,1789,1786
1,7,55,ECDSA-SHA3-512_signed-by_RSA-SHA3-384,ECDSA-SHA3-512_signed-by_RSA-SHA3-384,7.966,4595.15,1630.8,0.3,0,0,130.8,16,2145.96,2148.33,1790,1786
1,6,58,ECDSA-SHA3-512_signed-by_RSA-SHA3-384,ECDSA-SHA3-512_signed-by_RSA-SHA3-384,11.114,3292.89,1380.5,0.214286,7,0.5,120.857,9,2158.73,2124.05,1789,1786
1,5,50,ECDSA-SHA3-512_signed-by_RSA-SHA3-384,ECDSA-SHA3-512_signed-by_RSA-SHA3-384,9.961,3674.01,1323.45,0.818182,7,0.636364,122.364,15,2161.79,2112.67,1788,1787
1,1,51,ECDSA-SHA3-512_signed-by_RSA-SHA3-384,ECDSA-SHA3-512_signed-by_RSA-SHA3-384,8.386,4362.12,1549.11,0.9,0,0,130.8,24,2159.64,2141.49,1788,1785
1,3,54,ECDSA-SHA3-512_signed-by_RSA-SHA3-384,ECDSA-SHA3-512_signed-by_RSA-SHA3-384,7.221,5068.08,1799.03,1,0,0,130.8,24,2140.79,2114.36,1789,1786
1,8,54,ECDSA-SHA3-512_signed-by_RSA-SHA3-384,ECDSA-SHA3-512_signed-by_RSA-SHA3-384,14.587,2509.56,1703.39,0.772727,21,0.954545,110.727,16,2152.76,2135.2,1789,1787
1,7,56,ECDSA-SHA3-512_signed-by_RSA-SHA3-384,ECDSA-SHA3-512_signed-by_RSA-SHA3-384,11.801,3102.06,1100.9,1,0,0,130.8,16,2142.64,2153.49,1790,1786
1,6,59,ECDSA-SHA3-512_signed-by_RSA-SHA3-384,ECDSA-SHA3-512_signed-by_RSA-SHA3-384,13.556,2699.83,1362.01,1,8,0.533333,125.467,9,2144.03,2113.38,1789,1786
1,1,52,ECDSA-SHA3-512_signed-by_RSA-SHA3-384,ECDSA-SHA3-512_signed-by_RSA-SHA3-384,11.026,3317.93,1201.51,1,0,0,122.364,24,2153.08,2111.76,1788,1785
1,5,51,ECDSA-SHA3-512_signed-by_RSA-SHA3-384,ECDSA-SHA3-512_signed-by_RSA-SHA3-384,14.48,2527.52,1803.24,1,18,0.857143,124.095,15,2133.94,2154.62,1788,1787
1,3,55,ECDSA-SHA3-512_signed-by_RSA-SHA3-384,ECDSA-SHA3-512_signed-by_RSA-SHA3-384,13.492,2712.63,1000.86,1,0,0,111.333,24,2164.14,2105.32,1789,1786
1,1,53,ECDSA-SHA3-512_signed-by_RSA-SHA3-384,ECDSA-SHA3-512_signed-by_RSA-SHA3-384,8.959,4083.46,2009.14,0.733333,7,0.466667,112.667,24,2142.06,2121.25,1788,1785
1,6,60,ECDSA-SHA3-512_signed-by_RSA-SHA3-384,ECDSA-SHA3-512_signed-by_RSA-SHA3-384,9.998,3660.68,1299.44,1,0,0,140.8,9,2167.36,2117.13,1789,1786
1,7,57,ECDSA-SHA3-512_signed-by_RSA-SHA3-384,ECDSA-SHA3-512_signed-by_RSA-SHA3-384,12.787,2862.82,2052.02,0.909091,26,1.18182,122.364,16,2110.39,2117.05,1790,1786
1,5,52,ECDSA-SHA3-512_signed-by_RSA-SHA3-384,ECDSA-SHA3-512_signed-by_RSA-SHA3-384,9.612,3807.72,1378.27,0.545455,0,0,122.364,15,2212.16,2138.25,1788,1787
1,8,55,ECDSA-SHA3-512_signed-by_RSA-SHA3-384,ECDSA-SHA3-512_signed-by_RSA-SHA3-384,20.227,1809.84,896.221,1,9,0.5625,117.25,16,2169.56,2120.82,1789,1787
1,3,56,ECDSA-SHA3-512_signed-by_RSA-SHA3-384,ECDSA-SHA3-512_signed-by_RSA-SHA3-384,11.804,3100.58,1503.19,0.428571,7,0.5,121.429,24,2129.5,2108.54,1789,1786
1,6,61,ECDSA-SHA3-512_signed-by_RSA-SHA3-384,ECDSA-SHA3-512_signed-by_RSA-SHA3-384,8.951,4088.55,1451.32,0,0,0,140.8,9,2120.75,2123.44,1789,1786
1,1,54,ECDSA-SHA3-512_signed-by_RSA-SHA3-384,ECDSA-SHA3-512_signed-by_RSA-SHA3-384,10.228,3576.53,1270.12,0,0,0,130.8,24,2165.08,2110.62,1788,1785
1,7,58,ECDSA-SHA3-512_signed-by_RSA-SHA3-384,ECDSA-SHA3-512_signed-by_RSA-SHA3-384,11.415,3206.99,1138.14,0.5,0,0,130.8,16,2162.76,2107.92,1790,1786
1,5,53,ECDSA-SHA3-512_signed-by_RSA-SHA3-384,ECDSA-SHA3-512_signed-by_RSA-SHA3-384,9.464,3866.96,1372.66,0.5,0,0,130.8,15,2147.47,2125.82,1788,1787
1,8,56,ECDSA-SHA3-512_signed-by_RSA-SHA3-384,ECDSA-SHA3-512_signed-by_RSA-SHA3-384,9.58,3820.96,1356.04,1,0,0,140.8,16,2143.97,2103.64,1789,1787
1,3,57,ECDSA-SHA3-512_signed-by_RSA-SHA3-384,ECDSA-SHA3-512_signed-by_RSA-SHA3-384,8.324,4396.56,1560.66,1,0,0,130.8,24,2166.01,2140.24,1789,1786
1,6,62,ECDSA-SHA3-512_signed-by_RSA-SHA3-384,ECDSA-SHA3-512_signed-by_RSA-SHA3-384,10.777,3395.82,1757.66,0.769231,11,0.846154,165.692,9,2171.47,2122.43,1789,1786
1,7,59,ECDSA-SHA3-512_signed-by_RSA-SHA3-384,ECDSA-SHA3-512_signed-by_RSA-SHA3-384,10.154,3604.96,1304.59,0.727273,0,0,122.364,16,2168.01,2110.82,1790,1786
1,5,54,ECDSA-SHA3-512_signed-by_RSA-SHA3-384,ECDSA-SHA3-512_signed-by_RSA-SHA3-384,10.4,3518.92,1249.12,0.8,0,0,130.8,15,2147.86,2119.04,1788,1787
1,8,57,ECDSA-SHA3-512_signed-by_RSA-SHA3-384,ECDSA-SHA3-512_signed-by_RSA-SHA3-384,9.718,3766.72,1578.79,0.571429,7,0.5,120.857,16,2187.21,2117.56,1789,1787
1,3,58,ECDSA-SHA3-512_signed-by_RSA-SHA3-384,ECDSA-SHA3-512_signed-by_RSA-SHA3-384,9.415,3887.06,1379.8,0.8,0,0,130.8,24,2137.5,2105.86,1789,1786
1,1,55,ECDSA-SHA3-512_signed-by_RSA-SHA3-384,ECDSA-SHA3-512_signed-by_RSA-SHA3-384,19.676,1859.25,1265.25,1,22,1.375,171,24,2316.39,2117.88,1788,1785
1,6,63,ECDSA-SHA3-512_signed-by_RSA-SHA3-384,ECDSA-SHA3-512_signed-by_RSA-SHA3-384,12.004,3048.95,1124.95,1,0,0,123.667,9,2165.87,2109.35,1789,1786
1,8,58,ECDSA-SHA3-512_signed-by_RSA-SHA3-384,ECDSA-SHA3-512_signed-by_RSA-SHA3-384,8.72,4197.75,1489.76,0.9,0,0,140.8,16,2163.84,2149.05,1789,1787
1,7,60,ECDSA-SHA3-512_signed-by_RSA-SHA3-384,ECDSA-SHA3-512_signed-by_RSA-SHA3-384,11.156,3281.17,1164.47,1,4,0.4,181.2,16,2140.56,2123.19,1790,1786
1,5,55,ECDSA-SHA3-512_signed-by_RSA-SHA3-384,ECDSA-SHA3-512_signed-by_RSA-SHA3-384,11.354,3223.53,1875.64,1,22,1.29412,133.059,15,2166.57,2123.29,1788,1787
1,3,59,ECDSA-SHA3-512_signed-by_RSA-SHA3-384,ECDSA-SHA3-512_signed-by_RSA-SHA3-384,10.269,3563.81,1265.06,1,0,0,130.8,24,2160.16,2116.13,1789,1786
1,1,56,ECDSA-SHA3-512_signed-by_RSA-SHA3-384,ECDSA-SHA3-512_signed-by_RSA-SHA3-384,13.119,2788.58,1367.15,1,8,0.533333,115.867,24,2136.78,2114.42,1788,1785
1,6,64,ECDSA-SHA3-512_signed-by_RSA-SHA3-384,ECDSA-SHA3-512_signed-by_RSA-SHA3-384,11.566,3164.43,1643.43,1,2,0.153846,133.692,9,2170.46,2137.29,1789,1786
1,8,59,ECDSA-SHA3-512_signed-by_RSA-SHA3-384,ECDSA-SHA3-512_signed-by_RSA-SHA3-384,11.698,3129.4,2415.44,0.55,17,0.85,126.8,16,2168.22,2119.74,1789,1787
1,7,61,ECDSA-SHA3-512_signed-by_RSA-SHA3-384,ECDSA-SHA3-512_signed-by_RSA-SHA3-384,11.927,3069.32,1307.95,0.733333,3,0.2,168.667,16,2152.66,2121.58,1790,1786
1,3,60,ECDSA-SHA3-512_signed-by_RSA-SHA3-384,ECDSA-SHA3-512_signed-by_RSA-SHA3-384,10.881,3363.66,1194.01,0.7,0,0,130.8,24,2162.01,2121.65,1789,1786
1,5,56,ECDSA-SHA3-512_signed-by_RSA-SHA3-384,ECDSA-SHA3-512_signed-by_RSA-SHA3-384,12.676,2887.32,1225.61,0.733333,4,0.266667,180.667,15,2145.22,2111.59,1788,1787
1,6,65,ECDSA-SHA3-512_signed-by_RSA-SHA3-384,ECDSA-SHA3-512_signed-by_RSA-SHA3-384,8.961,4084.05,1490.79,0.416667,0,0,119.333,9,2179.4,2127.03,1789,1786
1,3,61,ECDSA-SHA3-512_signed-by_RSA-SHA3-384,ECDSA-SHA3-512_signed-by_RSA-SHA3-384,7.457,4907.75,1742.12,0.1,0,0,130.8,24,2132.61,2128.96,1789,1786
1,8,60,ECDSA-SHA3-512_signed-by_RSA-SHA3-384,ECDSA-SHA3-512_signed-by_RSA-SHA3-384,11.313,3235.7,1657.45,0.416667,2,0.166667,131.333,16,2164.28,2117.86,1789,1787
1,7,62,ECDSA-SHA3-512_signed-by_RSA-SHA3-384,ECDSA-SHA3-512_signed-by_RSA-SHA3-384,12.02,3045.37,1080.79,0.1,0,0,130.8,16,2168.78,2123.55,1790,1786
1,5,57,ECDSA-SHA3-512_signed-by_RSA-SHA3-384,ECDSA-SHA3-512_signed-by_RSA-SHA3-384,11.483,3187.09,1131.33,1,0,0,130.8,15,2157.64,2106.45,1788,1787
1,3,62,ECDSA-SHA3-512_signed-by_RSA-SHA3-384,ECDSA-SHA3-512_signed-by_RSA-SHA3-384,9.947,3679.18,1542.44,1,11,0.785714,112.857,24,2154.68,2115.1,1789,1786
1,6,66,ECDSA-SHA3-512_signed-by_RSA-SHA3-384,ECDSA-SHA3-512_signed-by_RSA-SHA3-384,12.041,3039.61,1109.54,1,0,0,119.333,9,2164.7,2131.33,1789,1786
1,8,61,ECDSA-SHA3-512_signed-by_RSA-SHA3-384,ECDSA-SHA3-512_signed-by_RSA-SHA3-384,10.205,3586.92,1309.04,1,0,0,115,16,2152.32,2123.6,1789,1787
1,1,57,ECDSA-SHA3-512_signed-by_RSA-SHA3-384,ECDSA-SHA3-512_signed-by_RSA-SHA3-384,26.068,1403.4,887.522,1,16,0.761905,107.333,24,2161.28,2111.36,1788,1785
1,7,63,ECDSA-SHA3-512_signed-by_RSA-SHA3-384,ECDSA-SHA3-512_signed-by_RSA-SHA3-384,12.084,3029.44,1778.2,1,19,1.05556,127.778,16,2162.06,2142.91,1790,1786
1,5,58,ECDSA-SHA3-512_signed-by_RSA-SHA3-384,ECDSA-SHA3-512_signed-by_RSA-SHA3-384,11.409,3207.98,1138.75,1,0,0,130.8,15,2163.4,2138.97,1788,1787
1,3,63,ECDSA-SHA3-512_signed-by_RSA-SHA3-384,ECDSA-SHA3-512_signed-by_RSA-SHA3-384,12.459,2937.63,1252.11,1,3,0.2,180.667,24,2115.03,2135.09,1789,1786
1,6,67,ECDSA-SHA3-512_signed-by_RSA-SHA3-384,ECDSA-SHA3-512_signed-by_RSA-SHA3-384,13.883,2636.27,1142.1,1,7,0.4375,110.5,9,2126.07,2127.89,1789,1786
1,8,62,ECDSA-SHA3-512_signed-by_RSA-SHA3-384,ECDSA-SHA3-512_signed-by_RSA-SHA3-384,14.681,2493.51,1243.49,1,7,0.4375,111,16,2155.53,2118.05,1789,1787
1,7,64,ECDSA-SHA3-512_signed-by_RSA-SHA3-384,ECDSA-SHA3-512_signed-by_RSA-SHA3-384,11.928,3069.05,1110.65,1,0,0,122.364,16,2149.12,2129.95,1790,1786
1,1,58,ECDSA-SHA3-512_signed-by_RSA-SHA3-384,ECDSA-SHA3-512_signed-by_RSA-SHA3-384,14.831,2466.66,1453.14,1,18,1,127.778,24,2186.79,2099.9,1788,1785
1,5,59,ECDSA-SHA3-512_signed-by_RSA-SHA3-384,ECDSA-SHA3-512_signed-by_RSA-SHA3-384,16.756,2184.22,1145.82,1,11,0.785714,144.857,15,2164.92,2122.22,1788,1787
1,3,64,ECDSA-SHA3-512_signed-by_RSA-SHA3-384,ECDSA-SHA3-512_signed-by_RSA-SHA3-384,16.191,2260.45,1185.81,1,11,0.785714,144.857,24,2159.87,2109.06,1789,1786
1,8,63,ECDSA-SHA3-512_signed-by_RSA-SHA3-384,ECDSA-SHA3-512_signed-by_RSA-SHA3-384,12.112,3022.45,1464.99,0.857143,7,0.5,121.429,16,2168.21,2114.49,1789,1787
1,7,65,ECDSA-SHA3-512_signed-by_RSA-SHA3-384,ECDSA-SHA3-512_signed-by_RSA-SHA3-384,12.316,2972.39,1075.67,1,0,0,122.364,16,2164.19,2132.69,1790,1786
1,6,68,ECDSA-SHA3-512_signed-by_RSA-SHA3-384,ECDSA-SHA3-512_signed-by_RSA-SHA3-384,16.06,2278.92,1337.96,1,19,1.05556,137.556,9,2150.12,2102.51,1789,1786
1,1,59,ECDSA-SHA3-512_signed-by_RSA-SHA3-384,ECDSA-SHA3-512_signed-by_RSA-SHA3-384,12.874,2841.48,1226.57,1,14,0.875,103.5,24,2151.31,2137.97,1788,1785
1,5,60,ECDSA-SHA3-512_signed-by_RSA-SHA3-384,ECDSA-SHA3-512_signed-by_RSA-SHA3-384,17.53,2087.78,2164.9,1,39,1.34483,124.345,15,2118.02,2160.54,1788,1787
1,8,64,ECDSA-SHA3-512_signed-by_RSA-SHA3-384,ECDSA-SHA3-512_signed-by_RSA-SHA3-384,12.006,3049.12,1082.12,1,0,0,130.8,16,2140.86,2114.59,1789,1787
1,7,66,ECDSA-SHA3-512_signed-by_RSA-SHA3-384,ECDSA-SHA3-512_signed-by_RSA-SHA3-384,12.053,3037.23,1093.83,1,7,0.636364,122.364,16,2142.3,2106.29,1790,1786
1,3,65,ECDSA-SHA3-512_signed-by_RSA-SHA3-384,ECDSA-SHA3-512_signed-by_RSA-SHA3-384,14.125,2591.11,1292.44,1,7,0.4375,111,24,2160.12,2105.43,1789,1786
1,6,69,ECDSA-SHA3-512_signed-by_RSA-SHA3-384,ECDSA-SHA3-512_signed-by_RSA-SHA3-384,12.99,2817.52,1463.26,1,2,0.153846,133.692,9,2161.01,2136.88,1789,1786
1,1,60,ECDSA-SHA3-512_signed-by_RSA-SHA3-384,ECDSA-SHA3-512_signed-by_RSA-SHA3-384,11.605,3152.42,1305.64,1,0,0,202.615,24,2157.88,2103.79,1788,1785
1,5,61,ECDSA-SHA3-512_signed-by_RSA-SHA3-384,ECDSA-SHA3-512_signed-by_RSA-SHA3-384,10.652,3435.72,1219.59,1,0,0,130.8,15,2134.73,2140.8,1788,1787
1,3,66,ECDSA-SHA3-512_signed-by_RSA-SHA3-384,ECDSA-SHA3-512_signed-by_RSA-SHA3-384,10.964,3337.91,1231.56,1,0,0,115.333,24,2145.55,2120.94,1789,1786
1,8,65,ECDSA-SHA3-512_signed-by_RSA-SHA3-384,ECDSA-SHA3-512_signed-by_RSA-SHA3-384,13.315,2749.35,1422.74,1,11,0.846154,153.077,16,2162.6,2138.47,1789,1787
1,6,70,ECDSA-SHA3-512_signed-by_RSA-SHA3-384,ECDSA-SHA3-512_signed-by_RSA-SHA3-384,11.571,3163.07,1122.8,1,0,0,140.8,9,2153.92,2134.38,1789,1786
1,7,67,ECDSA-SHA3-512_signed-by_RSA-SHA3-384,ECDSA-SHA3-512_signed-by_RSA-SHA3-384,14.382,2545.37,2358.47,0.933333,42,1.4,298.667,16,2158.76,2118.19,1790,1786
1,1,61,ECDSA-SHA3-512_signed-by_RSA-SHA3-384,ECDSA-SHA3-512_signed-by_RSA-SHA3-384,12.594,2904.85,1408.91,1,7,0.5,121.429,24,2165.36,2123.13,1788,1785
1,5,62,ECDSA-SHA3-512_signed-by_RSA-SHA3-384,ECDSA-SHA3-512_signed-by_RSA-SHA3-384,11.168,3277.21,1186.24,0.909091,0,0,122.364,15,2128.18,2138.21,1788,1787
1,8,66,ECDSA-SHA3-512_signed-by_RSA-SHA3-384,ECDSA-SHA3-512_signed-by_RSA-SHA3-384,8.376,4370.22,1831.75,1,7,0.5,112.857,16,2158.76,2131.8,1789,1787
1,6,71,ECDSA-SHA3-512_signed-by_RSA-SHA3-384,ECDSA-SHA3-512_signed-by_RSA-SHA3-384,9.124,4011.03,1436.08,1,0,0,131.091,9,2117.25,2142.4,1789,1786
1,3,67,ECDSA-SHA3-512_signed-by_RSA-SHA3-384,ECDSA-SHA3-512_signed-by_RSA-SHA3-384,12.4,2951.57,1063.21,1,7,0.636364,122.364,24,2155.25,2147.9,1789,1786
1,7,68,ECDSA-SHA3-512_signed-by_RSA-SHA3-384,ECDSA-SHA3-512_signed-by_RSA-SHA3-384,12.414,2948.89,1465.42,1,8,0.5,134.5,16,2160.87,2117.77,1790,1786
1,1,62,ECDSA-SHA3-512_signed-by_RSA-SHA3-384,ECDSA-SHA3-512_signed-by_RSA-SHA3-384,12.747,2869.96,1019.2,1,0,0,130.8,24,2157.21,2141.62,1788,1785
1,6,72,ECDSA-SHA3-512_signed-by_RSA-SHA3-384,ECDSA-SHA3-512_signed-by_RSA-SHA3-384,10.037,3646.15,1319.79,0.636364,0,0,131.455,9,2188.69,2132.25,1789,1786
1,8,67,ECDSA-SHA3-512_signed-by_RSA-SHA3-384,ECDSA-SHA3-512_signed-by_RSA-SHA3-384,12.194,3002.09,1553.53,1,11,0.846154,153.077,16,2152.18,2127.66,1789,1787
1,5,63,ECDSA-SHA3-512_signed-by_RSA-SHA3-384,ECDSA-SHA3-512_signed-by_RSA-SHA3-384,14.55,2515.39,1332.75,1,12,0.8,151.6,15,2147.41,2108.93,1788,1787
1,1,63,ECDSA-SHA3-512_signed-by_RSA-SHA3-384,ECDSA-SHA3-512_signed-by_RSA-SHA3-384,8.193,4464.82,1585.58,0.4,0,0,130.8,24,2171.7,2176.6,1788,1785
1,7,69,ECDSA-SHA3-512_signed-by_RSA-SHA3-384,ECDSA-SHA3-512_signed-by_RSA-SHA3-384,10.443,3505.5,1313.03,0.363636,1,0.0909091,123.818,16,2148.88,2137.48,1790,1786
1,3,68,ECDSA-SHA3-512_signed-by_RSA-SHA3-384,ECDSA-SHA3-512_signed-by_RSA-SHA3-384,14.014,2611.63,1773.05,0.318182,15,0.681818,150,24,2169.72,2098.58,1789,1786
1,6,73,ECDSA-SHA3-512_signed-by_RSA-SHA3-384,ECDSA-SHA3-512_signed-by_RSA-SHA3-384,9.391,3897.01,1383.33,0.5,0,0,140.8,9,2131.16,2158.21,1789,1786
1,8,68,ECDSA-SHA3-512_signed-by_RSA-SHA3-384,ECDSA-SHA3-512_signed-by_RSA-SHA3-384,10.995,3329.49,1181.62,0.5,0,0,130.8,16,2147.72,2097.56,1789,1787
1,5,64,ECDSA-SHA3-512_signed-by_RSA-SHA3-384,ECDSA-SHA3-512_signed-by_RSA-SHA3-384,10.685,3425.36,1215.91,0.8,0,0,130.8,15,2156.97,2133.51,1788,1787
1,1,64,ECDSA-SHA3-512_signed-by_RSA-SHA3-384,ECDSA-SHA3-512_signed-by_RSA-SHA3-384,11.284,3242.08,1174.04,0.727273,0,0,122.364,24,2143.74,2123.94,1788,1785
1,7,70,ECDSA-SHA3-512_signed-by_RSA-SHA3-384,ECDSA-SHA3-512_signed-by_RSA-SHA3-384,10.697,3422.26,1434.42,0.571429,7,0.5,112.857,16,2149.27,2106.73,1790,1786
1,3,69,ECDSA-SHA3-512_signed-by_RSA-SHA3-384,ECDSA-SHA3-512_signed-by_RSA-SHA3-384,14.071,2601.06,1513.45,1,22,1.29412,133.059,24,2154.37,2142.5,1789,1786
1,8,69,ECDSA-SHA3-512_signed-by_RSA-SHA3-384,ECDSA-SHA3-512_signed-by_RSA-SHA3-384,11.064,3308.48,1174.16,1,0,0,130.8,16,2113.34,2142.12,1789,1787
1,6,74,ECDSA-SHA3-512_signed-by_RSA-SHA3-384,ECDSA-SHA3-512_signed-by_RSA-SHA3-384,13.934,2626.63,1119.55,1,7,0.466667,115.333,9,2174.12,2159.17,1789,1786
1,5,65,ECDSA-SHA3-512_signed-by_RSA-SHA3-384,ECDSA-SHA3-512_signed-by_RSA-SHA3-384,13.557,2699.69,977.2,1,0,0,122.364,15,2246.38,2139.14,1788,1787
1,1,65,ECDSA-SHA3-512_signed-by_RSA-SHA3-384,ECDSA-SHA3-512_signed-by_RSA-SHA3-384,14.936,2449.36,886.975,1,0,0,122.364,24,2139.3,2113.63,1788,1785
1,3,70,ECDSA-SHA3-512_signed-by_RSA-SHA3-384,ECDSA-SHA3-512_signed-by_RSA-SHA3-384,11.593,3157.08,1340.12,0.266667,4,0.266667,214.267,24,2141.51,2114.08,1789,1786
1,7,71,ECDSA-SHA3-512_signed-by_RSA-SHA3-384,ECDSA-SHA3-512_signed-by_RSA-SHA3-384,16.668,2196.26,1482.09,1,13,0.866667,150.533,16,2155.13,2133.81,1790,1786
1,6,75,ECDSA-SHA3-512_signed-by_RSA-SHA3-384,ECDSA-SHA3-512_signed-by_RSA-SHA3-384,9.853,3714.29,1318.47,0,0,0,218.4,9,2166.14,2305.3,1789,1786
1,8,70,ECDSA-SHA3-512_signed-by_RSA-SHA3-384,ECDSA-SHA3-512_signed-by_RSA-SHA3-384,11.334,3229.66,1146.19,0,0,0,130.8,16,2156.77,2124.16,1789,1787
1,5,66,ECDSA-SHA3-512_signed-by_RSA-SHA3-384,ECDSA-SHA3-512_signed-by_RSA-SHA3-384,10.911,3354.11,1190.62,0.3,0,0,130.8,15,2156.49,2164.56,1788,1787
1,1,66,ECDSA-SHA3-512_signed-by_RSA-SHA3-384,ECDSA-SHA3-512_signed-by_RSA-SHA3-384,9.386,3897.37,1384.06,0.3,0,0,130.8,24,2118.21,2121.18,1788,1785
1,3,71,ECDSA-SHA3-512_signed-by_RSA-SHA3-384,ECDSA-SHA3-512_signed-by_RSA-SHA3-384,9.286,3941.05,1652.22,0.214286,7,0.5,112.857,24,2151.56,2127.18,1789,1786
1,7,72,ECDSA-SHA3-512_signed-by_RSA-SHA3-384,ECDSA-SHA3-512_signed-by_RSA-SHA3-384,10.955,3341.67,1209.31,0.545455,0,0,122.364,16,2197.97,2126.19,1790,1786
1,6,76,ECDSA-SHA3-512_signed-by_RSA-SHA3-384,ECDSA-SHA3-512_signed-by_RSA-SHA3-384,10.786,3392.97,1422.45,0.428571,7,0.5,120.857,9,2189.32,2149.16,1789,1786
1,8,71,ECDSA-SHA3-512_signed-by_RSA-SHA3-384,ECDSA-SHA3-512_signed-by_RSA-SHA3-384,12.565,2913.47,1054.35,0.818182,0,0,122.364,16,2145.99,2198.77,1789,1787
1,5,67,ECDSA-SHA3-512_signed-by_RSA-SHA3-384,ECDSA-SHA3-512_signed-by_RSA-SHA3-384,12.25,2987.74,1060.57,1,0,0,130.8,15,2137.96,2122.96,1788,1787
1,1,67,ECDSA-SHA3-512_signed-by_RSA-SHA3-384,ECDSA-SHA3-512_signed-by_RSA-SHA3-384,13.118,2788.82,1352.63,1,7,0.5,121.429,24,2149.23,2113.22,1788,1785
1,3,72,ECDSA-SHA3-512_signed-by_RSA-SHA3-384,ECDSA-SHA3-512_signed-by_RSA-SHA3-384,12.193,3001.71,1086.52,1,0,0,122.364,24,2144.92,2109.53,1789,1786
1,7,73,ECDSA-SHA3-512_signed-by_RSA-SHA3-384,ECDSA-SHA3-512_signed-by_RSA-SHA3-384,10.598,3453.93,1482.41,1,7,0.4375,108.5,16,2159.57,2142.63,1790,1786
1,6,77,ECDSA-SHA3-512_signed-by_RSA-SHA3-384,ECDSA-SHA3-512_signed-by_RSA-SHA3-384,10.659,3433.42,1218.77,1,0,0,142,9,2206.35,2097.75,1789,1786
1,3,73,ECDSA-SHA3-512_signed-by_RSA-SHA3-384,ECDSA-SHA3-512_signed-by_RSA-SHA3-384,7.379,4959.5,1760.49,1,0,0,130.8,24,2163.13,2130.66,1789,1786
1,1,68,ECDSA-SHA3-512_signed-by_RSA-SHA3-384,ECDSA-SHA3-512_signed-by_RSA-SHA3-384,8.718,4195.95,1519.46,0.909091,0,0,118,24,2147.97,2112.74,1788,1785
1,5,68,ECDSA-SHA3-512_signed-by_RSA-SHA3-384,ECDSA-SHA3-512_signed-by_RSA-SHA3-384,12.969,2822.06,1460.68,1,11,0.846154,153.077,15,2143.85,2137.34,1788,1787
1,6,78,ECDSA-SHA3-512_signed-by_RSA-SHA3-384,ECDSA-SHA3-512_signed-by_RSA-SHA3-384,9.962,3673.95,1323.42,0.636364,5,0.454545,131.455,9,2147.58,2145.65,1789,1786
1,7,74,ECDSA-SHA3-512_signed-by_RSA-SHA3-384,ECDSA-SHA3-512_signed-by_RSA-SHA3-384,11.326,3232.18,1672.6,1,11,0.846154,153.077,17,2157.97,2094.1,1790,1786
1,1,69,ECDSA-SHA3-512_signed-by_RSA-SHA3-384,ECDSA-SHA3-512_signed-by_RSA-SHA3-384,9.038,4047.78,1494.13,1,0,0,111.333,24,2140.53,2122.95,1788,1785
1,5,69,ECDSA-SHA3-512_signed-by_RSA-SHA3-384,ECDSA-SHA3-512_signed-by_RSA-SHA3-384,7.868,4651.23,2397.29,1,2,0.153846,125.692,15,2133,2118.69,1788,1787
1,8,72,ECDSA-SHA3-512_signed-by_RSA-SHA3-384,ECDSA-SHA3-512_signed-by_RSA-SHA3-384,25.49,1436.13,1449.31,1,44,1.51724,140.759,16,2156,2102.89,1789,1787
1,3,74,ECDSA-SHA3-512_signed-by_RSA-SHA3-384,ECDSA-SHA3-512_signed-by_RSA-SHA3-384,13.258,2760.49,1372.1,1,8,0.5,108,24,2163.09,2164.1,1789,1786
1,1,70,ECDSA-SHA3-512_signed-by_RSA-SHA3-384,ECDSA-SHA3-512_signed-by_RSA-SHA3-384,9.736,3757.59,1520.13,0.357143,2,0.142857,106.571,24,2151.4,2138.08,1788,1785
1,5,70,ECDSA-SHA3-512_signed-by_RSA-SHA3-384,ECDSA-SHA3-512_signed-by_RSA-SHA3-384,10.512,3481.69,1235.9,1,0,0,130.8,15,2204.84,2137.68,1788,1787
1,7,75,ECDSA-SHA3-512_signed-by_RSA-SHA3-384,ECDSA-SHA3-512_signed-by_RSA-SHA3-384,19.687,1859.49,911.054,1,8,0.533333,115.867,17,2157.32,2142.48,1790,1786
1,8,73,ECDSA-SHA3-512_signed-by_RSA-SHA3-384,ECDSA-SHA3-512_signed-by_RSA-SHA3-384,13.542,2703.24,987.723,1,7,0.583333,116.333,16,2226.17,2135.55,1789,1787
1,3,75,ECDSA-SHA3-512_signed-by_RSA-SHA3-384,ECDSA-SHA3-512_signed-by_RSA-SHA3-384,14.628,2502,905.643,1,0,0,122.364,24,2153.65,2169.16,1789,1786
1,6,79,ECDSA-SHA3-512_signed-by_RSA-SHA3-384,ECDSA-SHA3-512_signed-by_RSA-SHA3-384,24.242,1509.75,670.56,1,5,0.3125,161.5,9,2176.49,2157.53,1789,1786
1,4,0,ECDSA-SHA3-512_signed-by_RSA-SHA3-384,ECDSA-SHA3-512_signed-by_RSA-SHA3-384,1023.16,35.7716,9.7033,1,2,0.117647,178.588,24,2172.93,2166.41,1789,1786
1,5,71,ECDSA-SHA3-512_signed-by_RSA-SHA3-384,ECDSA-SHA3-512_signed-by_RSA-SHA3-384,16.388,2233.3,936.277,1,7,0.5,112.857,15,2142.74,2165.29,1788,1787
1,7,76,ECDSA-SHA3-512_signed-by_RSA-SHA3-384,ECDSA-SHA3-512_signed-by_RSA-SHA3-384,13.444,2722.98,966.372,1,0,0,130.8,17,2139.65,2133.6,1790,1786
1,1,71,ECDSA-SHA3-512_signed-by_RSA-SHA3-384,ECDSA-SHA3-512_signed-by_RSA-SHA3-384,20.903,1750.11,1203.23,1,22,1.29412,163.176,24,2153.39,2095.13,1788,1785
1,8,74,ECDSA-SHA3-512_signed-by_RSA-SHA3-384,ECDSA-SHA3-512_signed-by_RSA-SHA3-384,16.137,2268.53,805.089,1,0,0,130.8,16,2145.85,2129.21,1789,1787
1,3,76,ECDSA-SHA3-512_signed-by_RSA-SHA3-384,ECDSA-SHA3-512_signed-by_RSA-SHA3-384,14.537,2517.67,1220.59,0.785714,7,0.5,121.429,24,2123.05,2123.5,1789,1786
1,6,80,ECDSA-SHA3-512_signed-by_RSA-SHA3-384,ECDSA-SHA3-512_signed-by_RSA-SHA3-384,14.877,2460.13,890.487,1,0,0,122.364,9,2180.43,2143.69,1789,1786
1,5,72,ECDSA-SHA3-512_signed-by_RSA-SHA3-384,ECDSA-SHA3-512_signed-by_RSA-SHA3-384,10.031,3648.36,1295.07,0.3,0,0,130.8,15,2133.71,2135.91,1788,1787
1,4,1,ECDSA-SHA3-512_signed-by_RSA-SHA3-384,ECDSA-SHA3-512_signed-by_RSA-SHA3-384,14.476,2528.26,1308.62,0.846154,11,0.846154,181.692,24,2205.22,2105.27,1789,1786
1,7,77,ECDSA-SHA3-512_signed-by_RSA-SHA3-384,ECDSA-SHA3-512_signed-by_RSA-SHA3-384,12.297,2976.97,1247.78,0.214286,7,0.5,112.857,17,2164.96,2141.04,1790,1786
1,1,72,ECDSA-SHA3-512_signed-by_RSA-SHA3-384,ECDSA-SHA3-512_signed-by_RSA-SHA3-384,12.074,3029.74,1097.15,0.727273,0,0,122.364,24,2158.06,2131.74,1788,1785
1,8,75,ECDSA-SHA3-512_signed-by_RSA-SHA3-384,ECDSA-SHA3-512_signed-by_RSA-SHA3-384,12.598,2905.84,1031.27,1,0,0,130.8,16,2162.79,2143.89,1789,1787
1,3,77,ECDSA-SHA3-512_signed-by_RSA-SHA3-384,ECDSA-SHA3-512_signed-by_RSA-SHA3-384,14.488,2526.18,1076.73,0.733333,7,0.466667,111.067,24,2192.22,2105.39,1789,1786
1,6,81,ECDSA-SHA3-512_signed-by_RSA-SHA3-384,ECDSA-SHA3-512_signed-by_RSA-SHA3-384,15.396,2377.18,843.834,1,0,0,134.4,9,2170.07,2116.24,1789,1786
1,5,73,ECDSA-SHA3-512_signed-by_RSA-SHA3-384,ECDSA-SHA3-512_signed-by_RSA-SHA3-384,14.556,2514.39,1054.12,1,7,0.5,112.857,15,2131.2,2213.05,1788,1787
1,4,2,ECDSA-SHA3-512_signed-by_RSA-SHA3-384,ECDSA-SHA3-512_signed-by_RSA-SHA3-384,14.982,2442.88,884.243,1,0,0,143.091,24,2126.85,2118.6,1789,1786
1,6,82,ECDSA-SHA3-512_signed-by_RSA-SHA3-384,ECDSA-SHA3-512_signed-by_RSA-SHA3-384,8.249,4436.45,1574.82,1,0,0,130.8,9,2165.49,2138.12,1789,1786
1,1,73,ECDSA-SHA3-512_signed-by_RSA-SHA3-384,ECDSA-SHA3-512_signed-by_RSA-SHA3-384,15.216,2404.23,1166.1,1,7,0.5,121.429,24,2144.63,2138.13,1788,1785
1,8,76,ECDSA-SHA3-512_signed-by_RSA-SHA3-384,ECDSA-SHA3-512_signed-by_RSA-SHA3-384,17.01,2152.06,1058.16,1,7,0.466667,115.867,16,2119.73,2129.94,1789,1787
1,3,78,ECDSA-SHA3-512_signed-by_RSA-SHA3-384,ECDSA-SHA3-512_signed-by_RSA-SHA3-384,15.687,2333.06,860.809,1,0,0,115.333,24,2190.89,2124.32,1789,1786
1,5,74,ECDSA-SHA3-512_signed-by_RSA-SHA3-384,ECDSA-SHA3-512_signed-by_RSA-SHA3-384,10.916,3352.83,1190.16,1,0,0,130.8,15,2140.49,2095.91,1788,1787
1,4,3,ECDSA-SHA3-512_signed-by_RSA-SHA3-384,ECDSA-SHA3-512_signed-by_RSA-SHA3-384,14.713,2487.48,1322.3,1,11,0.733333,158.267,24,2124.81,2135.24,1789,1786
1,8,77,ECDSA-SHA3-512_signed-by_RSA-SHA3-384,ECDSA-SHA3-512_signed-by_RSA-SHA3-384,8.003,4573.73,1623.19,1,0,0,130.8,16,2170.39,2132.33,1789,1787
1,7,78,ECDSA-SHA3-512_signed-by_RSA-SHA3-384,ECDSA-SHA3-512_signed-by_RSA-SHA3-384,31.109,1176.76,782.278,1,20,1,132,17,2149.05,2106.57,1790,1786
1,6,83,ECDSA-SHA3-512_signed-by_RSA-SHA3-384,ECDSA-SHA3-512_signed-by_RSA-SHA3-384,15.683,2333.64,1434.36,1,14,0.777778,118.889,10,2140.86,2144.9,1789,1786
1,1,74,ECDSA-SHA3-512_signed-by_RSA-SHA3-384,ECDSA-SHA3-512_signed-by_RSA-SHA3-384,19.568,1869.58,1172.52,1,15,0.75,111.4,24,2164.01,2118.78,1788,1785
1,5,75,ECDSA-SHA3-512_signed-by_RSA-SHA3-384,ECDSA-SHA3-512_signed-by_RSA-SHA3-384,17.004,2152.33,1129.09,1,11,0.785714,144.857,15,2180.75,2141.12,1788,1787
1,8,78,ECDSA-SHA3-512_signed-by_RSA-SHA3-384,ECDSA-SHA3-512_signed-by_RSA-SHA3-384,12.532,2921.11,1036.69,1,0,0,130.8,16,2153.55,2140.34,1789,1787
1,6,84,ECDSA-SHA3-512_signed-by_RSA-SHA3-384,ECDSA-SHA3-512_signed-by_RSA-SHA3-384,9.918,3689.89,1309.81,0.9,0,0,130.8,10,2147.16,2117.32,1789,1786
1,4,4,ECDSA-SHA3-512_signed-by_RSA-SHA3-384,ECDSA-SHA3-512_signed-by_RSA-SHA3-384,17.148,2134.26,1396.72,1,18,1,157.778,24,2158.71,2139.05,1789,1786
1,7,79,ECDSA-SHA3-512_signed-by_RSA-SHA3-384,ECDSA-SHA3-512_signed-by_RSA-SHA3-384,16.82,2176.36,1081.52,1,12,0.75,111,17,2176.12,2134.92,1790,1786
1,1,75,ECDSA-SHA3-512_signed-by_RSA-SHA3-384,ECDSA-SHA3-512_signed-by_RSA-SHA3-384,12.962,2822.34,1022.04,1,0,0,122.364,24,2140.66,2130.37,1788,1785
1,3,79,ECDSA-SHA3-512_signed-by_RSA-SHA3-384,ECDSA-SHA3-512_signed-by_RSA-SHA3-384,28.881,1267.27,1403.83,1,48,1.71429,181.143,24,2202.66,2121.59,1789,1786
1,8,79,ECDSA-SHA3-512_signed-by_RSA-SHA3-384,ECDSA-SHA3-512_signed-by_RSA-SHA3-384,11.596,3156.88,1120.36,1,0,0,174,16,2156.21,2134.36,1789,1787
1,6,85,ECDSA-SHA3-512_signed-by_RSA-SHA3-384,ECDSA-SHA3-512_signed-by_RSA-SHA3-384,14.646,2498.87,1228.95,1,7,0.466667,115.867,10,2123.62,2150.83,1789,1786
1,4,5,ECDSA-SHA3-512_signed-by_RSA-SHA3-384,ECDSA-SHA3-512_signed-by_RSA-SHA3-384,12.852,2847.74,1395.55,0.933333,8,0.533333,164.133,24,2167.49,2129.14,1789,1786
1,1,76,ECDSA-SHA3-512_signed-by_RSA-SHA3-384,ECDSA-SHA3-512_signed-by_RSA-SHA3-384,9.174,3987.78,1416.17,1,0,0,130.8,24,2156.42,2125.05,1788,1785
1,5,76,ECDSA-SHA3-512_signed-by_RSA-SHA3-384,ECDSA-SHA3-512_signed-by_RSA-SHA3-384,20.96,1746.16,1091.59,1,16,0.8,115.6,15,2157.81,2126.01,1788,1787
1,7,80,ECDSA-SHA3-512_signed-by_RSA-SHA3-384,ECDSA-SHA3-512_signed-by_RSA-SHA3-384,14.951,2448.44,1518.5,1,17,0.73913,138.87,17,2195.4,2117.29,1790,1786
1,8,80,ECDSA-SHA3-512_signed-by_RSA-SHA3-384,ECDSA-SHA3-512_signed-by_RSA-SHA3-384,10.481,3492.78,1239.57,1,4,0.4,130.8,16,2163.94,2136.61,1789,1787
1,3,80,ECDSA-SHA3-512_signed-by_RSA-SHA3-384,ECDSA-SHA3-512_signed-by_RSA-SHA3-384,21.494,1702.79,849.346,1,7,0.4375,111,24,2156.65,2124.79,1789,1786
1,6,86,ECDSA-SHA3-512_signed-by_RSA-SHA3-384,ECDSA-SHA3-512_signed-by_RSA-SHA3-384,16.233,2254.6,945.206,1,7,0.5,112.857,10,2166.9,2126.43,1789,1786
1,7,81,ECDSA-SHA3-512_signed-by_RSA-SHA3-384,ECDSA-SHA3-512_signed-by_RSA-SHA3-384,15.606,2345.69,832.473,1,0,0,145.2,17,2125.32,2114.55,1790,1786
1,1,77,ECDSA-SHA3-512_signed-by_RSA-SHA3-384,ECDSA-SHA3-512_signed-by_RSA-SHA3-384,20.353,1797.39,1235.73,1,22,1.29412,167.882,24,2157.65,2128.67,1788,1785
1,8,81,ECDSA-SHA3-512_signed-by_RSA-SHA3-384,ECDSA-SHA3-512_signed-by_RSA-SHA3-384,16.385,2234.16,936.435,0.928571,3,0.214286,178,16,2134.61,2114.36,1789,1787
1,4,6,ECDSA-SHA3-512_signed-by_RSA-SHA3-384,ECDSA-SHA3-512_signed-by_RSA-SHA3-384,22.739,1609.56,1618.35,1,44,2,326.182,24,2123.87,2096.18,1789,1786
1,5,77,ECDSA-SHA3-512_signed-by_RSA-SHA3-384,ECDSA-SHA3-512_signed-by_RSA-SHA3-384,22.342,1638.16,876.55,1,13,0.8125,140.5,15,2166.63,2130.99,1788,1787
1,6,87,ECDSA-SHA3-512_signed-by_RSA-SHA3-384,ECDSA-SHA3-512_signed-by_RSA-SHA3-384,10.14,3609.12,1300.07,1,5,0.454545,122.364,10,2156.33,2128.45,1789,1786
1,3,81,ECDSA-SHA3-512_signed-by_RSA-SHA3-384,ECDSA-SHA3-512_signed-by_RSA-SHA3-384,12.988,2817.94,1473.34,1,18,1.28571,144.857,24,2161.04,2111.59,1789,1786
1,7,82,ECDSA-SHA3-512_signed-by_RSA-SHA3-384,ECDSA-SHA3-512_signed-by_RSA-SHA3-384,10.125,3615.6,1430.12,1,1,0.0714286,103.714,17,2161.58,2138.5,1790,1786
1,8,82,ECDSA-SHA3-512_signed-by_RSA-SHA3-384,ECDSA-SHA3-512_signed-by_RSA-SHA3-384,9.342,3918.64,1495.18,1,1,0.0833333,112.667,16,2172.54,2147.65,1789,1787
1,4,7,ECDSA-SHA3-512_signed-by_RSA-SHA3-384,ECDSA-SHA3-512_signed-by_RSA-SHA3-384,17.369,2107.08,1721.59,1,29,1.38095,230.19,24,2155.71,2122.61,1789,1786
1,1,78,ECDSA-SHA3-512_signed-by_RSA-SHA3-384,ECDSA-SHA3-512_signed-by_RSA-SHA3-384,21.745,1682.38,903.548,1,12,0.75,131.5,24,2154.44,2121.06,1788,1785
1,8,83,ECDSA-SHA3-512_signed-by_RSA-SHA3-384,ECDSA-SHA3-512_signed-by_RSA-SHA3-384,13.085,2797.61,992.858,1,0,0,130.8,16,2151.11,2138.53,1789,1787
1,6,88,ECDSA-SHA3-512_signed-by_RSA-SHA3-384,ECDSA-SHA3-512_signed-by_RSA-SHA3-384,24.028,1523.2,976.183,1,20,1,335.6,10,2132.82,2138.5,1789,1786
1,3,82,ECDSA-SHA3-512_signed-by_RSA-SHA3-384,ECDSA-SHA3-512_signed-by_RSA-SHA3-384,22.912,1597.4,1574.71,1,48,1.45455,226.97,24,2182.29,2106.98,1789,1786
1,5,78,ECDSA-SHA3-512_signed-by_RSA-SHA3-384,ECDSA-SHA3-512_signed-by_RSA-SHA3-384,31.94,1145.87,804.987,1,23,1.15,148.2,15,2159.67,2127.09,1788,1787
1,7,83,ECDSA-SHA3-512_signed-by_RSA-SHA3-384,ECDSA-SHA3-512_signed-by_RSA-SHA3-384,26.921,1359.82,717.944,1,19,1.26667,162.533,17,2143.89,2118.68,1790,1786
1,1,79,ECDSA-SHA3-512_signed-by_RSA-SHA3-384,ECDSA-SHA3-512_signed-by_RSA-SHA3-384,18.136,2017.17,716.352,1,0,0,130.8,24,2163.09,2162.11,1788,1785
1,4,8,ECDSA-SHA3-512_signed-by_RSA-SHA3-384,ECDSA-SHA3-512_signed-by_RSA-SHA3-384,22.435,1631.33,844.367,1,11,0.846154,181.692,24,2151.89,2123.37,1789,1786
1,8,84,ECDSA-SHA3-512_signed-by_RSA-SHA3-384,ECDSA-SHA3-512_signed-by_RSA-SHA3-384,19.083,1918.32,949.937,1,15,0.9375,111,17,2138.75,2104.85,1789,1787
1,3,83,ECDSA-SHA3-512_signed-by_RSA-SHA3-384,ECDSA-SHA3-512_signed-by_RSA-SHA3-384,13.782,2655.59,1113.32,1,7,0.5,112.857,24,2139.51,2117.82,1789,1786
1,6,89,ECDSA-SHA3-512_signed-by_RSA-SHA3-384,ECDSA-SHA3-512_signed-by_RSA-SHA3-384,17.36,2108.21,1117.01,1,12,0.8,137.733,10,2162.51,2150.32,1789,1786
1,5,79,ECDSA-SHA3-512_signed-by_RSA-SHA3-384,ECDSA-SHA3-512_signed-by_RSA-SHA3-384,12.433,2943.7,1044.93,1,0,0,137.2,15,2162.56,2133.16,1788,1787
1,7,84,ECDSA-SHA3-512_signed-by_RSA-SHA3-384,ECDSA-SHA3-512_signed-by_RSA-SHA3-384,12.382,2956.47,1223.68,1,0,0,226,17,2144.06,2126.34,1790,1786
1,8,85,ECDSA-SHA3-512_signed-by_RSA-SHA3-384,ECDSA-SHA3-512_signed-by_RSA-SHA3-384,9.192,3982.58,1669.27,0.642857,5,0.357143,178,17,2133.48,2129.65,1789,1787
1,1,80,ECDSA-SHA3-512_signed-by_RSA-SHA3-384,ECDSA-SHA3-512_signed-by_RSA-SHA3-384,15.031,2433.83,1260.29,1,11,0.846154,155.846,24,2124.25,2126.3,1788,1785
1,4,9,ECDSA-SHA3-512_signed-by_RSA-SHA3-384,ECDSA-SHA3-512_signed-by_RSA-SHA3-384,14.424,2537.37,1063.75,0.857143,7,0.5,131.714,24,2202.74,2134.51,1789,1786
1,3,84,ECDSA-SHA3-512_signed-by_RSA-SHA3-384,ECDSA-SHA3-512_signed-by_RSA-SHA3-384,13.437,2723.76,966.86,1,0,0,217.2,24,2151.82,2114.6,1789,1786
1,6,90,ECDSA-SHA3-512_signed-by_RSA-SHA3-384,ECDSA-SHA3-512_signed-by_RSA-SHA3-384,12.948,2826.65,1037.98,1,7,0.583333,123.667,10,2155.98,2109.7,1789,1786
1,7,85,ECDSA-SHA3-512_signed-by_RSA-SHA3-384,ECDSA-SHA3-512_signed-by_RSA-SHA3-384,13.127,2788.69,1009.19,1,0,0,143.091,17,2161.55,2135.52,1790,1786
1,5,80,ECDSA-SHA3-512_signed-by_RSA-SHA3-384,ECDSA-SHA3-512_signed-by_RSA-SHA3-384,15.484,2363.66,1223.42,1,11,0.846154,153.077,15,2159.33,2107.93,1788,1787
1,8,86,ECDSA-SHA3-512_signed-by_RSA-SHA3-384,ECDSA-SHA3-512_signed-by_RSA-SHA3-384,13.379,2736.18,1146.85,1,3,0.214286,196,17,2163.16,2114.47,1789,1787
1,4,10,ECDSA-SHA3-512_signed-by_RSA-SHA3-384,ECDSA-SHA3-512_signed-by_RSA-SHA3-384,13.425,2726.18,967.719,1,0,0,153.6,24,2165.03,2120.99,1789,1786
1,3,85,ECDSA-SHA3-512_signed-by_RSA-SHA3-384,ECDSA-SHA3-512_signed-by_RSA-SHA3-384,13.777,2656.53,1375.01,0.461538,11,0.846154,153.077,24,2147.9,2251.93,1789,1786
1,6,91,ECDSA-SHA3-512_signed-by_RSA-SHA3-384,ECDSA-SHA3-512_signed-by_RSA-SHA3-384,12.224,2994.07,1239.51,0,0,0,205.385,10,2150.79,2266.16,1789,1786
1,1,81,ECDSA-SHA3-512_signed-by_RSA-SHA3-384,ECDSA-SHA3-512_signed-by_RSA-SHA3-384,16.68,2193.2,1147.2,1,12,0.857143,156.571,24,2146.09,2136.15,1788,1785
1,7,86,ECDSA-SHA3-512_signed-by_RSA-SHA3-384,ECDSA-SHA3-512_signed-by_RSA-SHA3-384,12.037,3041.25,1079.32,0.8,0,0,153.6,17,2166.06,2222.29,1790,1786
1,5,81,ECDSA-SHA3-512_signed-by_RSA-SHA3-384,ECDSA-SHA3-512_signed-by_RSA-SHA3-384,10.698,3421.19,1214.43,0.8,4,0.4,130.8,15,2158.62,2121.65,1788,1787
1,8,87,ECDSA-SHA3-512_signed-by_RSA-SHA3-384,ECDSA-SHA3-512_signed-by_RSA-SHA3-384,18.277,2002.9,738.831,1,0,0,115.333,17,2136.85,2122.16,1789,1787
1,4,11,ECDSA-SHA3-512_signed-by_RSA-SHA3-384,ECDSA-SHA3-512_signed-by_RSA-SHA3-384,14.878,2459.99,873.228,1,0,0,150,24,2149.71,2120.55,1789,1786
1,3,86,ECDSA-SHA3-512_signed-by_RSA-SHA3-384,ECDSA-SHA3-512_signed-by_RSA-SHA3-384,16.572,2208.49,925.876,1,7,0.5,112.857,24,2120.53,2151.02,1789,1786
1,7,87,ECDSA-SHA3-512_signed-by_RSA-SHA3-384,ECDSA-SHA3-512_signed-by_RSA-SHA3-384,15.763,2322.36,1218.02,0.785714,11,0.785714,171.429,17,2168.02,2128.54,1790,1786
1,5,82,ECDSA-SHA3-512_signed-by_RSA-SHA3-384,ECDSA-SHA3-512_signed-by_RSA-SHA3-384,16.161,2264.68,949.432,0.785714,3,0.214286,178,15,2171.28,2149.22,1788,1787
1,6,92,ECDSA-SHA3-512_signed-by_RSA-SHA3-384,ECDSA-SHA3-512_signed-by_RSA-SHA3-384,20.457,1789.06,1507.9,1,13,0.684211,124.947,10,2211.97,2264.93,1789,1786
1,1,82,ECDSA-SHA3-512_signed-by_RSA-SHA3-384,ECDSA-SHA3-512_signed-by_RSA-SHA3-384,20.482,1786.1,924.883,1,11,0.846154,542.923,24,2209.61,2109.17,1788,1785
1,8,88,ECDSA-SHA3-512_signed-by_RSA-SHA3-384,ECDSA-SHA3-512_signed-by_RSA-SHA3-384,13.648,2682.25,951.917,1,0,0,130.8,17,2145.99,2121.34,1789,1787
1,3,87,ECDSA-SHA3-512_signed-by_RSA-SHA3-384,ECDSA-SHA3-512_signed-by_RSA-SHA3-384,10.663,3432.14,1438.87,0.857143,7,0.5,112.857,24,2213.9,2112.12,1789,1786
1,7,88,ECDSA-SHA3-512_signed-by_RSA-SHA3-384,ECDSA-SHA3-512_signed-by_RSA-SHA3-384,10.632,3443.17,1467.26,0.8,7,0.466667,184.667,17,2149.3,2141.16,1790,1786
1,5,83,ECDSA-SHA3-512_signed-by_RSA-SHA3-384,ECDSA-SHA3-512_signed-by_RSA-SHA3-384,12.554,2915.34,1055.26,1,0,0,122.364,15,2152.9,2109.92,1788,1787
1,6,93,ECDSA-SHA3-512_signed-by_RSA-SHA3-384,ECDSA-SHA3-512_signed-by_RSA-SHA3-384,12.476,2933.57,1041.34,0.9,0,0,140.8,10,2143.59,2146.04,1789,1786
1,4,12,ECDSA-SHA3-512_signed-by_RSA-SHA3-384,ECDSA-SHA3-512_signed-by_RSA-SHA3-384,20.103,1820.54,1118.99,0.666667,14,0.777778,158,24,2160,2108.9,1789,1786
1,1,83,ECDSA-SHA3-512_signed-by_RSA-SHA3-384,ECDSA-SHA3-512_signed-by_RSA-SHA3-384,13.463,2717.3,964.989,0.6,0,0,140.8,24,2154.56,2113.16,1788,1785
1,3,88,ECDSA-SHA3-512_signed-by_RSA-SHA3-384,ECDSA-SHA3-512_signed-by_RSA-SHA3-384,10.881,3363.63,1194,0.5,0,0,132,24,2164.11,2109.21,1789,1786
1,8,89,ECDSA-SHA3-512_signed-by_RSA-SHA3-384,ECDSA-SHA3-512_signed-by_RSA-SHA3-384,12.632,2897.98,1028.48,0.9,0,0,130.8,17,2117.91,2166.68,1789,1787
1,7,89,ECDSA-SHA3-512_signed-by_RSA-SHA3-384,ECDSA-SHA3-512_signed-by_RSA-SHA3-384,10.456,3500.83,1279.15,0.5,8,0.666667,134.333,17,2161.1,2106.97,1790,1786
1,4,13,ECDSA-SHA3-512_signed-by_RSA-SHA3-384,ECDSA-SHA3-512_signed-by_RSA-SHA3-384,10.211,3584.32,1272.34,1,0,0,130.8,24,2142.04,2139.24,1789,1786
1,6,94,ECDSA-SHA3-512_signed-by_RSA-SHA3-384,ECDSA-SHA3-512_signed-by_RSA-SHA3-384,13.84,2644.42,990.72,1,1,0.0909091,133.273,10,2145.55,2136.83,1789,1786
1,5,84,ECDSA-SHA3-512_signed-by_RSA-SHA3-384,ECDSA-SHA3-512_signed-by_RSA-SHA3-384,15.301,2391.92,849.067,1,0,0,130.8,15,2166.36,2143.75,1788,1787
1,3,89,ECDSA-SHA3-512_signed-by_RSA-SHA3-384,ECDSA-SHA3-512_signed-by_RSA-SHA3-384,10.476,3493.69,1240.16,1,0,0,130.8,24,2157.46,2108.56,1789,1786
1,8,90,ECDSA-SHA3-512_signed-by_RSA-SHA3-384,ECDSA-SHA3-512_signed-by_RSA-SHA3-384,14.01,2612.9,963.848,1,0,0,115.333,17,2156.21,2138.82,1789,1787
1,1,84,ECDSA-SHA3-512_signed-by_RSA-SHA3-384,ECDSA-SHA3-512_signed-by_RSA-SHA3-384,18.47,1980.63,1025.61,1,11,0.846154,165.692,24,2164.88,2108.72,1788,1785
1,7,90,ECDSA-SHA3-512_signed-by_RSA-SHA3-384,ECDSA-SHA3-512_signed-by_RSA-SHA3-384,15.409,2375.66,1526.32,1,17,0.85,240.2,17,2178.37,2112.08,1790,1786
1,4,14,ECDSA-SHA3-512_signed-by_RSA-SHA3-384,ECDSA-SHA3-512_signed-by_RSA-SHA3-384,15.052,2431.49,1275.54,1,11,0.785714,144.857,24,2166.01,2137.91,1789,1786
1,6,95,ECDSA-SHA3-512_signed-by_RSA-SHA3-384,ECDSA-SHA3-512_signed-by_RSA-SHA3-384,12.538,2919.06,1036.19,1,0,0,139.6,10,2157.41,2136.46,1789,1786
1,3,90,ECDSA-SHA3-512_signed-by_RSA-SHA3-384,ECDSA-SHA3-512_signed-by_RSA-SHA3-384,13.128,2787.85,989.612,0.8,0,0,130.8,24,2140.72,2113.26,1789,1786
1,5,85,ECDSA-SHA3-512_signed-by_RSA-SHA3-384,ECDSA-SHA3-512_signed-by_RSA-SHA3-384,14.167,2583.39,1503.16,0.764706,18,1.05882,190.235,15,2176.2,2088.86,1788,1787
1,8,91,ECDSA-SHA3-512_signed-by_RSA-SHA3-384,ECDSA-SHA3-512_signed-by_RSA-SHA3-384,17.523,2089.1,875.633,1,7,0.5,112.857,17,2150.7,2142.82,1789,1787
1,7,91,ECDSA-SHA3-512_signed-by_RSA-SHA3-384,ECDSA-SHA3-512_signed-by_RSA-SHA3-384,21.577,1696.62,846.083,1,7,0.4375,128.25,17,2143.66,2141.74,1790,1786
1,6,96,ECDSA-SHA3-512_signed-by_RSA-SHA3-384,ECDSA-SHA3-512_signed-by_RSA-SHA3-384,18.12,2019.79,716.971,1,0,0,140.8,10,2155.43,2128.3,1789,1786
1,4,15,ECDSA-SHA3-512_signed-by_RSA-SHA3-384,ECDSA-SHA3-512_signed-by_RSA-SHA3-384,19.215,1904.69,1045.81,1,14,0.777778,109.556,24,2155.22,2119.07,1789,1786
1,3,91,ECDSA-SHA3-512_signed-by_RSA-SHA3-384,ECDSA-SHA3-512_signed-by_RSA-SHA3-384,18.19,2012.02,989.516,1,7,0.466667,451.333,24,2147.88,2111.76,1789,1786
1,5,86,ECDSA-SHA3-512_signed-by_RSA-SHA3-384,ECDSA-SHA3-512_signed-by_RSA-SHA3-384,18.628,1964.7,952.505,1,7,0.5,121.429,15,2160.52,2108.75,1788,1787
1,1,85,ECDSA-SHA3-512_signed-by_RSA-SHA3-384,ECDSA-SHA3-512_signed-by_RSA-SHA3-384,32.392,1129.41,1195.36,1,39,1.21875,147.875,24,2157.52,2122.11,1788,1785
1,8,92,ECDSA-SHA3-512_signed-by_RSA-SHA3-384,ECDSA-SHA3-512_signed-by_RSA-SHA3-384,17.229,2124.68,1120.84,1,11,0.733333,137.467,17,2153.66,2115.38,1789,1787
1,6,97,ECDSA-SHA3-512_signed-by_RSA-SHA3-384,ECDSA-SHA3-512_signed-by_RSA-SHA3-384,11.591,3157.6,1120.86,1,0,0,140.8,10,2126.66,2192.02,1789,1786
1,4,16,ECDSA-SHA3-512_signed-by_RSA-SHA3-384,ECDSA-SHA3-512_signed-by_RSA-SHA3-384,12.406,2950.14,1047.22,1,0,0,130.8,24,2166.4,2140.23,1789,1786
1,5,87,ECDSA-SHA3-512_signed-by_RSA-SHA3-384,ECDSA-SHA3-512_signed-by_RSA-SHA3-384,10.858,3370.49,1196.43,1,0,0,130.8,15,2135.81,2149.73,1788,1787
1,3,92,ECDSA-SHA3-512_signed-by_RSA-SHA3-384,ECDSA-SHA3-512_signed-by_RSA-SHA3-384,15.408,2375.32,1229.46,1,11,0.846154,153.077,24,2146.79,2133.77,1789,1786
1,1,86,ECDSA-SHA3-512_signed-by_RSA-SHA3-384,ECDSA-SHA3-512_signed-by_RSA-SHA3-384,14.63,2500.52,923,1,0,0,123.667,24,2161.48,2123.52,1788,1785
1,6,98,ECDSA-SHA3-512_signed-by_RSA-SHA3-384,ECDSA-SHA3-512_signed-by_RSA-SHA3-384,13.09,2795.95,1012.04,1,0,0,131.455,10,2142.32,2136.2,1789,1786
1,5,88,ECDSA-SHA3-512_signed-by_RSA-SHA3-384,ECDSA-SHA3-512_signed-by_RSA-SHA3-384,13.88,2636.8,1008.61,1,1,0.0833333,116.667,15,2156.41,2125.74,1788,1787
1,8,93,ECDSA-SHA3-512_signed-by_RSA-SHA3-384,ECDSA-SHA3-512_signed-by_RSA-SHA3-384,18.743,1953.06,1338.46,1,23,1.35294,163.176,17,2141.24,2152.12,1789,1787
1,4,17,ECDSA-SHA3-512_signed-by_RSA-SHA3-384,ECDSA-SHA3-512_signed-by_RSA-SHA3-384,16.862,2170.47,1134.81,1,12,0.857143,144.857,24,2136.3,2095.04,1789,1786
1,7,92,ECDSA-SHA3-512_signed-by_RSA-SHA3-384,ECDSA-SHA3-512_signed-by_RSA-SHA3-384,31.724,1153.95,996.593,1,37,1.6087,191.217,17,2189.18,2129.75,1790,1786
1,3,93,ECDSA-SHA3-512_signed-by_RSA-SHA3-384,ECDSA-SHA3-512_signed-by_RSA-SHA3-384,16.067,2277.88,1116.29,0.8,12,0.8,115.867,24,2147.84,2108.53,1789,1786
1,1,87,ECDSA-SHA3-512_signed-by_RSA-SHA3-384,ECDSA-SHA3-512_signed-by_RSA-SHA3-384,11.4,3209.12,1139.65,0.7,0,0,140.8,24,2165.34,2114.35,1788,1785
1,6,99,ECDSA-SHA3-512_signed-by_RSA-SHA3-384,ECDSA-SHA3-512_signed-by_RSA-SHA3-384,11.43,3202.1,1146.46,0.727273,0,0,132.182,10,2142.48,2119.81,1789,1786
1,5,89,ECDSA-SHA3-512_signed-by_RSA-SHA3-384,ECDSA-SHA3-512_signed-by_RSA-SHA3-384,12.928,2831.02,1013.6,1,0,0,122,15,2176.92,2125.09,1788,1787
1,4,18,ECDSA-SHA3-512_signed-by_RSA-SHA3-384,ECDSA-SHA3-512_signed-by_RSA-SHA3-384,12.413,2948.48,1067.25,1,0,0,122.364,24,2140.99,2123.24,1789,1786
1,7,93,ECDSA-SHA3-512_signed-by_RSA-SHA3-384,ECDSA-SHA3-512_signed-by_RSA-SHA3-384,12.628,2898.91,1484.93,1,6,0.5,154.333,17,2188.76,2145.61,1790,1786
1,1,88,ECDSA-SHA3-512_signed-by_RSA-SHA3-384,ECDSA-SHA3-512_signed-by_RSA-SHA3-384,9.956,3674.2,1324.09,0.727273,7,0.636364,131.455,24,2162.4,2114.29,1788,1785
1,3,94,ECDSA-SHA3-512_signed-by_RSA-SHA3-384,ECDSA-SHA3-512_signed-by_RSA-SHA3-384,11.695,3129.5,1312,0.785714,3,0.214286,178,24,2197.37,2113.15,1789,1786
1,8,94,ECDSA-SHA3-512_signed-by_RSA-SHA3-384,ECDSA-SHA3-512_signed-by_RSA-SHA3-384,18.556,1972.76,966.549,1,8,0.533333,127.067,17,2157.03,2116.14,1789,1787
1,4,19,ECDSA-SHA3-512_signed-by_RSA-SHA3-384,ECDSA-SHA3-512_signed-by_RSA-SHA3-384,9.415,3887.36,1379.91,1,0,0,130.8,24,2165.8,2123.52,1789,1786
1,5,90,ECDSA-SHA3-512_signed-by_RSA-SHA3-384,ECDSA-SHA3-512_signed-by_RSA-SHA3-384,13.057,2802.99,1539.04,0.666667,14,0.777778,109.556,15,2239.92,2124.07,1788,1787
1,1,89,ECDSA-SHA3-512_signed-by_RSA-SHA3-384,ECDSA-SHA3-512_signed-by_RSA-SHA3-384,10.018,3651.75,1538,0.642857,0,0,142.286,24,2155.5,2119.69,1788,1785
1,7,94,ECDSA-SHA3-512_signed-by_RSA-SHA3-384,ECDSA-SHA3-512_signed-by_RSA-SHA3-384,11.411,3208.04,1344.63,0.642857,3,0.214286,212.571,17,2165.77,2136.57,1790,1786
1,3,95,ECDSA-SHA3-512_signed-by_RSA-SHA3-384,ECDSA-SHA3-512_signed-by_RSA-SHA3-384,11.999,3050.13,1082.71,1,0,0,130.8,24,2146.33,2126.09,1789,1786
1,8,95,ECDSA-SHA3-512_signed-by_RSA-SHA3-384,ECDSA-SHA3-512_signed-by_RSA-SHA3-384,11.167,3278.11,1757.97,0.611111,12,0.666667,103.333,17,2131.42,2133.71,1789,1787
1,4,20,ECDSA-SHA3-512_signed-by_RSA-SHA3-384,ECDSA-SHA3-512_signed-by_RSA-SHA3-384,9.918,3690.25,1547.08,0.642857,7,0.5,114.571,24,2185.29,2120.24,1789,1786
1,5,91,ECDSA-SHA3-512_signed-by_RSA-SHA3-384,ECDSA-SHA3-512_signed-by_RSA-SHA3-384,8.503,4303.93,1527.78,1,0,0,174,15,2159.26,2139.85,1788,1787
1,8,96,ECDSA-SHA3-512_signed-by_RSA-SHA3-384,ECDSA-SHA3-512_signed-by_RSA-SHA3-384,8.831,4145.37,1471.17,1,0,0,130.8,17,2135.51,2126.14,1789,1787
1,7,95,ECDSA-SHA3-512_signed-by_RSA-SHA3-384,ECDSA-SHA3-512_signed-by_RSA-SHA3-384,13.668,2678.26,1006.69,1,0,0,122,17,2161.41,2117.11,1790,1786
1,3,96,ECDSA-SHA3-512_signed-by_RSA-SHA3-384,ECDSA-SHA3-512_signed-by_RSA-SHA3-384,12.261,2984.98,1139.19,1,4,0.333333,112.667,24,2132.21,2109.27,1789,1786
1,5,92,ECDSA-SHA3-512_signed-by_RSA-SHA3-384,ECDSA-SHA3-512_signed-by_RSA-SHA3-384,10.516,3480.3,1600.56,1,2,0.166667,126.667,15,2118.37,2152.53,1788,1787
1,4,21,ECDSA-SHA3-512_signed-by_RSA-SHA3-384,ECDSA-SHA3-512_signed-by_RSA-SHA3-384,12.878,2841.93,1948.04,1,27,1.58824,167.882,24,2164.31,2123.58,1789,1786
1,1,90,ECDSA-SHA3-512_signed-by_RSA-SHA3-384,ECDSA-SHA3-512_signed-by_RSA-SHA3-384,20.834,1755.94,999.884,1,18,1.05882,138,24,2167.33,2123.3,1788,1785
1,8,97,ECDSA-SHA3-512_signed-by_RSA-SHA3-384,ECDSA-SHA3-512_signed-by_RSA-SHA3-384,10.418,3513.89,1340.74,1,1,0.0833333,112.667,17,2140.07,2132.81,1789,1787
1,7,96,ECDSA-SHA3-512_signed-by_RSA-SHA3-384,ECDSA-SHA3-512_signed-by_RSA-SHA3-384,10.495,3488.1,1341.58,0.923077,1,0.0769231,123.231,17,2148.2,2137.86,1790,1786
1,5,93,ECDSA-SHA3-512_signed-by_RSA-SHA3-384,ECDSA-SHA3-512_signed-by_RSA-SHA3-384,7.78,4703.91,1735.56,0.416667,0,0,111.333,15,2163.73,2118.46,1788,1787
1,1,91,ECDSA-SHA3-512_signed-by_RSA-SHA3-384,ECDSA-SHA3-512_signed-by_RSA-SHA3-384,9.391,3895.27,1633.75,1,3,0.214286,209.143,24,2144.93,2205.5,1788,1785
1,8,98,ECDSA-SHA3-512_signed-by_RSA-SHA3-384,ECDSA-SHA3-512_signed-by_RSA-SHA3-384,14.768,2478.72,879.686,1,0,0,130.8,17,2156.57,2146.42,1789,1787
1,3,97,ECDSA-SHA3-512_signed-by_RSA-SHA3-384,ECDSA-SHA3-512_signed-by_RSA-SHA3-384,23.826,1536.08,837.374,1,12,0.6,136.8,24,2155.78,2134.62,1789,1786
1,7,97,ECDSA-SHA3-512_signed-by_RSA-SHA3-384,ECDSA-SHA3-512_signed-by_RSA-SHA3-384,15.307,2391.58,882.21,1,0,0,134.333,17,2170.37,2105.05,1790,1786
1,5,94,ECDSA-SHA3-512_signed-by_RSA-SHA3-384,ECDSA-SHA3-512_signed-by_RSA-SHA3-384,15.121,2420.32,859.148,1,0,0,130.8,15,2151.2,2108.77,1788,1787
1,1,92,ECDSA-SHA3-512_signed-by_RSA-SHA3-384,ECDSA-SHA3-512_signed-by_RSA-SHA3-384,11.451,3194.67,1134.52,0.5,0,0,140.8,24,2149.22,2140.13,1788,1785
1,4,22,ECDSA-SHA3-512_signed-by_RSA-SHA3-384,ECDSA-SHA3-512_signed-by_RSA-SHA3-384,22.95,1594.72,1392.2,1,39,1.39286,250.857,24,2153.66,2115.87,1789,1786
1,5,95,ECDSA-SHA3-512_signed-by_RSA-SHA3-384,ECDSA-SHA3-512_signed-by_RSA-SHA3-384,9.82,3727.06,1448.46,1,1,0.0769231,110.615,15,2155.39,2145.62,1788,1787
1,3,98,ECDSA-SHA3-512_signed-by_RSA-SHA3-384,ECDSA-SHA3-512_signed-by_RSA-SHA3-384,12.946,2827.05,1185.2,1,7,0.5,112.857,24,2140.16,2128.53,1789,1786
1,8,99,ECDSA-SHA3-512_signed-by_RSA-SHA3-384,ECDSA-SHA3-512_signed-by_RSA-SHA3-384,14.531,2519.22,955.72,1,6,0.428571,104.286,17,2151.11,2131.38,1789,1787
1,1,93,ECDSA-SHA3-512_signed-by_RSA-SHA3-384,ECDSA-SHA3-512_signed-by_RSA-SHA3-384,11.759,3111.1,1610.99,1,11,0.846154,165.692,24,2125.97,2104.03,1788,1785
1,7,98,ECDSA-SHA3-512_signed-by_RSA-SHA3-384,ECDSA-SHA3-512_signed-by_RSA-SHA3-384,14.297,2560.45,1821.86,1,25,1.19048,148.095,17,2176.01,2128.6,1790,1786
1,4,23,ECDSA-SHA3-512_signed-by_RSA-SHA3-384,ECDSA-SHA3-512_signed-by_RSA-SHA3-384,15.05,2431.76,1221.46,1,9,0.529412,110.235,24,2157.67,2135.12,1789,1786
1,2,20,ECDSA-SHA3-512_signed-by_RSA-SHA3-384,ECDSA-SHA3-512_signed-by_RSA-SHA3-384,1018.87,35.9223,41.1752,1,46,1.31429,128.171,24,2117.2,2120.22,1788,1787
1,5,96,ECDSA-SHA3-512_signed-by_RSA-SHA3-384,ECDSA-SHA3-512_signed-by_RSA-SHA3-384,11.444,3198.08,1340.75,1,7,0.5,112.857,15,2163.76,2095.57,1788,1787
1,1,94,ECDSA-SHA3-512_signed-by_RSA-SHA3-384,ECDSA-SHA3-512_signed-by_RSA-SHA3-384,13.87,2637.46,1293.06,0.933333,8,0.533333,125.733,24,2115.03,2127.18,1788,1785
1,7,99,ECDSA-SHA3-512_signed-by_RSA-SHA3-384,ECDSA-SHA3-512_signed-by_RSA-SHA3-384,13.909,2631.81,952.42,1,0,0,143.091,17,2143.56,2126.59,1790,1786
1,3,99,ECDSA-SHA3-512_signed-by_RSA-SHA3-384,ECDSA-SHA3-512_signed-by_RSA-SHA3-384,17.758,2061.01,1359.59,1,19,1,132.526,24,2133.5,2112.64,1789,1786
1,4,24,ECDSA-SHA3-512_signed-by_RSA-SHA3-384,ECDSA-SHA3-512_signed-by_RSA-SHA3-384,12.388,2954.36,1254.07,1,8,0.533333,115.333,24,2159.49,2123.08,1789,1786
1,2,21,ECDSA-SHA3-512_signed-by_RSA-SHA3-384,ECDSA-SHA3-512_signed-by_RSA-SHA3-384,11.408,3208.19,1584.81,1,5,0.416667,96.6667,24,2164.61,2130.59,1788,1787
1,5,97,ECDSA-SHA3-512_signed-by_RSA-SHA3-384,ECDSA-SHA3-512_signed-by_RSA-SHA3-384,10.317,3547.5,1259.26,1,0,0,130.8,15,2155.91,2103.8,1788,1787
1,4,25,ECDSA-SHA3-512_signed-by_RSA-SHA3-384,ECDSA-SHA3-512_signed-by_RSA-SHA3-384,7.999,4575.04,1656.02,1,0,0,131.455,24,2161.43,2121.08,1789,1786
1,5,98,ECDSA-SHA3-512_signed-by_RSA-SHA3-384,ECDSA-SHA3-512_signed-by_RSA-SHA3-384,8.829,4145.3,1582.01,0.916667,1,0.0833333,112.667,15,2139.97,2133.49,1788,1787
1,2,22,ECDSA-SHA3-512_signed-by_RSA-SHA3-384,ECDSA-SHA3-512_signed-by_RSA-SHA3-384,11.52,3176.95,1666.6,1,11,0.785714,153.143,24,2171.2,2110.76,1788,1787
1,1,95,ECDSA-SHA3-512_signed-by_RSA-SHA3-384,ECDSA-SHA3-512_signed-by_RSA-SHA3-384,16.352,2237.16,1870.74,1,30,1.15385,131.385,24,2131.48,2086.63,1788,1785
1,4,26,ECDSA-SHA3-512_signed-by_RSA-SHA3-384,ECDSA-SHA3-512_signed-by_RSA-SHA3-384,10.577,3460.29,1725.98,1,7,0.4375,115.75,24,2155.21,2123.96,1789,1786
1,5,99,ECDSA-SHA3-512_signed-by_RSA-SHA3-384,ECDSA-SHA3-512_signed-by_RSA-SHA3-384,8.014,4566.6,1621.02,1,0,0,130.8,15,2133.33,2115.67,1788,1787
1,2,23,ECDSA-SHA3-512_signed-by_RSA-SHA3-384,ECDSA-SHA3-512_signed-by_RSA-SHA3-384,9.72,3765.42,2523.45,0.809524,21,1,131.143,24,2155.53,2136.19,1788,1787
1,1,96,ECDSA-SHA3-512_signed-by_RSA-SHA3-384,ECDSA-SHA3-512_signed-by_RSA-SHA3-384,12.019,3043.76,1613.4,0.8,12,0.8,230.267,24,2136.12,2143.36,1788,1785
1,4,27,ECDSA-SHA3-512_signed-by_RSA-SHA3-384,ECDSA-SHA3-512_signed-by_RSA-SHA3-384,8.152,4489.69,1625.12,0,0,0,127.091,24,2164.69,2118.34,1789,1786
1,2,24,ECDSA-SHA3-512_signed-by_RSA-SHA3-384,ECDSA-SHA3-512_signed-by_RSA-SHA3-384,6.301,5807.94,2102.29,0,0,0,127.091,24,2162.3,2154.42,1788,1787
1,1,97,ECDSA-SHA3-512_signed-by_RSA-SHA3-384,ECDSA-SHA3-512_signed-by_RSA-SHA3-384,6.607,5536.6,2004.94,0,0,0,137.273,24,2150.05,2121.29,1788,1785
1,4,28,ECDSA-SHA3-512_signed-by_RSA-SHA3-384,ECDSA-SHA3-512_signed-by_RSA-SHA3-384,6.313,5796.96,2057.76,0,0,0,140.8,24,2160.71,2116.28,1789,1786
1,2,25,ECDSA-SHA3-512_signed-by_RSA-SHA3-384,ECDSA-SHA3-512_signed-by_RSA-SHA3-384,6.564,5575.29,2018.07,0,0,0,126.364,24,2145.86,2115,1788,1787
1,1,98,ECDSA-SHA3-512_signed-by_RSA-SHA3-384,ECDSA-SHA3-512_signed-by_RSA-SHA3-384,6.877,5319.15,1926.2,0,0,0,137.273,24,2140.4,2147.98,1788,1785
1,4,29,ECDSA-SHA3-512_signed-by_RSA-SHA3-384,ECDSA-SHA3-512_signed-by_RSA-SHA3-384,6.979,5243.68,1898.04,0,0,0,127.091,24,2124.99,2118.93,1789,1786
1,2,26,ECDSA-SHA3-512_signed-by_RSA-SHA3-384,ECDSA-SHA3-512_signed-by_RSA-SHA3-384,6.537,5598.22,2026.37,0.272727,0,0,123.818,24,2159.41,2167,1788,1787
1,1,99,ECDSA-SHA3-512_signed-by_RSA-SHA3-384,ECDSA-SHA3-512_signed-by_RSA-SHA3-384,5.731,6382.81,2311.38,0.272727,0,0,137.273,24,2131.9,2131.64,1788,1785
1,4,30,ECDSA-SHA3-512_signed-by_RSA-SHA3-384,ECDSA-SHA3-512_signed-by_RSA-SHA3-384,6.797,5384.06,2647.9,0.2,7,0.466667,120.933,24,2153.89,2164.91,1789,1786
1,2,27,ECDSA-SHA3-512_signed-by_RSA-SHA3-384,ECDSA-SHA3-512_signed-by_RSA-SHA3-384,6.14,5960.16,2157.38,0,0,0,118,24,2174,2130.43,1788,1787
1,4,31,ECDSA-SHA3-512_signed-by_RSA-SHA3-384,ECDSA-SHA3-512_signed-by_RSA-SHA3-384,6.234,5870.49,2240.41,0.0833333,1,0.0833333,125.333,24,2157.26,2122.74,1789,1786
1,2,28,ECDSA-SHA3-512_signed-by_RSA-SHA3-384,ECDSA-SHA3-512_signed-by_RSA-SHA3-384,6.273,5834,2152.52,0.0833333,0,0,111.333,24,2161.36,2124.69,1788,1787
1,4,32,ECDSA-SHA3-512_signed-by_RSA-SHA3-384,ECDSA-SHA3-512_signed-by_RSA-SHA3-384,5.918,6184.12,2238.45,0,0,0,127.091,24,2156.66,2118.81,1789,1786
1,2,29,ECDSA-SHA3-512_signed-by_RSA-SHA3-384,ECDSA-SHA3-512_signed-by_RSA-SHA3-384,5.939,6162.26,2230.53,0,0,0,118,24,2182.2,2127.77,1788,1787
1,4,33,ECDSA-SHA3-512_signed-by_RSA-SHA3-384,ECDSA-SHA3-512_signed-by_RSA-SHA3-384,5.99,6109.79,2211.54,0,0,0,127.091,24,2150.65,2124.91,1789,1786
1,2,30,ECDSA-SHA3-512_signed-by_RSA-SHA3-384,ECDSA-SHA3-512_signed-by_RSA-SHA3-384,5.967,6133.34,2220.07,0,0,0,118,24,2166.24,2117.36,1788,1787
1,4,34,ECDSA-SHA3-512_signed-by_RSA-SHA3-384,ECDSA-SHA3-512_signed-by_RSA-SHA3-384,6.066,6032.99,2183.74,0,0,0,127.091,24,2149.05,2135.8,1789,1786
1,2,31,ECDSA-SHA3-512_signed-by_RSA-SHA3-384,ECDSA-SHA3-512_signed-by_RSA-SHA3-384,6.083,6016.13,2177.64,0,0,0,118,24,2164.64,2128.35,1788,1787
1,4,35,ECDSA-SHA3-512_signed-by_RSA-SHA3-384,ECDSA-SHA3-512_signed-by_RSA-SHA3-384,5.76,6353.74,2299.85,0,0,0,127.091,24,2153.44,2132.13,1789,1786
1,2,32,ECDSA-SHA3-512_signed-by_RSA-SHA3-384,ECDSA-SHA3-512_signed-by_RSA-SHA3-384,6.554,5584.01,2021.23,0,0,0,118,24,2168.04,2148.48,1788,1787
1,4,36,ECDSA-SHA3-512_signed-by_RSA-SHA3-384,ECDSA-SHA3-512_signed-by_RSA-SHA3-384,6.641,5510.84,2033.29,0.416667,0,0,119.667,24,2153.29,2107.71,1789,1786
1,2,33,ECDSA-SHA3-512_signed-by_RSA-SHA3-384,ECDSA-SHA3-512_signed-by_RSA-SHA3-384,6.622,5526.61,2899.2,0.357143,11,0.785714,141.429,24,2171.08,2125.68,1788,1787
1,4,37,ECDSA-SHA3-512_signed-by_RSA-SHA3-384,ECDSA-SHA3-512_signed-by_RSA-SHA3-384,5.908,6194.54,2242.22,0,0,0,127.091,24,2156.24,2115.78,1789,1786
1,2,34,ECDSA-SHA3-512_signed-by_RSA-SHA3-384,ECDSA-SHA3-512_signed-by_RSA-SHA3-384,6.148,5952.71,2154.69,0,0,0,118,24,2141.33,2099.08,1788,1787
1,4,38,ECDSA-SHA3-512_signed-by_RSA-SHA3-384,ECDSA-SHA3-512_signed-by_RSA-SHA3-384,5.472,6688.09,2420.87,0,0,0,127.091,24,2161.11,2132.27,1789,1786
1,2,35,ECDSA-SHA3-512_signed-by_RSA-SHA3-384,ECDSA-SHA3-512_signed-by_RSA-SHA3-384,5.834,6273.13,2270.67,0,0,0,118,24,2167.68,2112.49,1788,1787
1,4,39,ECDSA-SHA3-512_signed-by_RSA-SHA3-384,ECDSA-SHA3-512_signed-by_RSA-SHA3-384,5.596,6539.91,2367.23,0,0,0,127.091,24,2158.95,2184.87,1789,1786
1,2,36,ECDSA-SHA3-512_signed-by_RSA-SHA3-384,ECDSA-SHA3-512_signed-by_RSA-SHA3-384,5.652,6475.14,2343.79,0,0,0,118,24,2154.26,2116.96,1788,1787
1,4,40,ECDSA-SHA3-512_signed-by_RSA-SHA3-384,ECDSA-SHA3-512_signed-by_RSA-SHA3-384,5.662,6463.71,2339.65,0,0,0,127.091,24,2165.55,2124.68,1789,1786
1,2,37,ECDSA-SHA3-512_signed-by_RSA-SHA3-384,ECDSA-SHA3-512_signed-by_RSA-SHA3-384,5.803,6306.67,2282.81,0,0,0,118,24,2142.18,2114.15,1788,1787
1,4,41,ECDSA-SHA3-512_signed-by_RSA-SHA3-384,ECDSA-SHA3-512_signed-by_RSA-SHA3-384,5.546,6598.89,2388.58,0,0,0,127.091,24,2175.74,2122.14,1789,1786
1,2,38,ECDSA-SHA3-512_signed-by_RSA-SHA3-384,ECDSA-SHA3-512_signed-by_RSA-SHA3-384,5.618,6514.33,2357.97,0,0,0,118,24,2171.91,2186.38,1788,1787
1,4,42,ECDSA-SHA3-512_signed-by_RSA-SHA3-384,ECDSA-SHA3-512_signed-by_RSA-SHA3-384,5.534,6613.2,2393.76,0,0,0,127.091,24,2165.74,2125.86,1789,1786
1,2,39,ECDSA-SHA3-512_signed-by_RSA-SHA3-384,ECDSA-SHA3-512_signed-by_RSA-SHA3-384,5.604,6530.6,2363.86,0,0,0,118,24,2170.7,2120.22,1788,1787
1,4,43,ECDSA-SHA3-512_signed-by_RSA-SHA3-384,ECDSA-SHA3-512_signed-by_RSA-SHA3-384,5.554,6589.39,2385.14,0,0,0,127.091,24,2177.39,2112.81,1789,1786
1,2,40,ECDSA-SHA3-512_signed-by_RSA-SHA3-384,ECDSA-SHA3-512_signed-by_RSA-SHA3-384,5.496,6658.92,2410.31,0,0,0,118,24,2169.95,2114.91,1788,1787
1,4,44,ECDSA-SHA3-512_signed-by_RSA-SHA3-384,ECDSA-SHA3-512_signed-by_RSA-SHA3-384,5.55,6594.14,2386.86,0,0,0,127.091,24,2158.55,2119.94,1789,1786
1,2,41,ECDSA-SHA3-512_signed-by_RSA-SHA3-384,ECDSA-SHA3-512_signed-by_RSA-SHA3-384,5.493,6662.56,2411.63,0,0,0,118,24,2179.24,2114.96,1788,1787
1,4,45,ECDSA-SHA3-512_signed-by_RSA-SHA3-384,ECDSA-SHA3-512_signed-by_RSA-SHA3-384,5.586,6551.64,2371.48,0,0,0,127.091,24,2164.75,2111.73,1789,1786
1,2,42,ECDSA-SHA3-512_signed-by_RSA-SHA3-384,ECDSA-SHA3-512_signed-by_RSA-SHA3-384,5.53,6617.99,2395.49,0,0,0,118,24,2158.82,2125.55,1788,1787
1,4,46,ECDSA-SHA3-512_signed-by_RSA-SHA3-384,ECDSA-SHA3-512_signed-by_RSA-SHA3-384,5.5,6654.08,2408.56,0,0,0,127.091,24,2167.91,2112.39,1789,1786
1,2,43,ECDSA-SHA3-512_signed-by_RSA-SHA3-384,ECDSA-SHA3-512_signed-by_RSA-SHA3-384,5.581,6557.51,2373.6,0,0,0,118,24,2158.99,2115.68,1788,1787
1,4,47,ECDSA-SHA3-512_signed-by_RSA-SHA3-384,ECDSA-SHA3-512_signed-by_RSA-SHA3-384,5.591,6545.79,2369.36,0,0,0,127.091,24,2151.53,2116.8,1789,1786
1,2,44,ECDSA-SHA3-512_signed-by_RSA-SHA3-384,ECDSA-SHA3-512_signed-by_RSA-SHA3-384,5.594,6542.28,2368.09,0,0,0,118,24,2156.68,2135.93,1788,1787
1,4,48,ECDSA-SHA3-512_signed-by_RSA-SHA3-384,ECDSA-SHA3-512_signed-by_RSA-SHA3-384,5.56,6582.28,2382.57,0,0,0,127.091,24,2145.37,2135.67,1789,1786
1,2,45,ECDSA-SHA3-512_signed-by_RSA-SHA3-384,ECDSA-SHA3-512_signed-by_RSA-SHA3-384,5.477,6682.02,2418.67,0,0,0,118,24,2154.26,2136.54,1788,1787
1,4,49,ECDSA-SHA3-512_signed-by_RSA-SHA3-384,ECDSA-SHA3-512_signed-by_RSA-SHA3-384,5.639,6490.07,2349.19,0,0,0,127.091,24,2166.74,2106.75,1789,1786
1,2,46,ECDSA-SHA3-512_signed-by_RSA-SHA3-384,ECDSA-SHA3-512_signed-by_RSA-SHA3-384,5.591,6545.79,2369.36,0,0,0,118,24,2188.53,2119.04,1788,1787
1,4,50,ECDSA-SHA3-512_signed-by_RSA-SHA3-384,ECDSA-SHA3-512_signed-by_RSA-SHA3-384,5.658,6468.28,2341.3,0,0,0,127.091,24,2155.63,2125.92,1789,1786
1,2,47,ECDSA-SHA3-512_signed-by_RSA-SHA3-384,ECDSA-SHA3-512_signed-by_RSA-SHA3-384,5.602,6532.93,2364.71,0,0,0,118,24,2149.03,2123.66,1788,1787
1,4,51,ECDSA-SHA3-512_signed-by_RSA-SHA3-384,ECDSA-SHA3-512_signed-by_RSA-SHA3-384,5.546,6598.89,2388.58,0,0,0,127.091,24,2171.66,2121.56,1789,1786
1,2,48,ECDSA-SHA3-512_signed-by_RSA-SHA3-384,ECDSA-SHA3-512_signed-by_RSA-SHA3-384,6.999,5229,1892.73,0,0,0,118,24,2334.99,2120.02,1788,1787
1,4,52,ECDSA-SHA3-512_signed-by_RSA-SHA3-384,ECDSA-SHA3-512_signed-by_RSA-SHA3-384,6.163,5938.3,2149.47,0,0,0,127.091,24,2138.7,2139.54,1789,1786
1,2,49,ECDSA-SHA3-512_signed-by_RSA-SHA3-384,ECDSA-SHA3-512_signed-by_RSA-SHA3-384,5.594,6542.33,2368.11,0,0,0,118,24,2161.77,2187.44,1788,1787
1,4,53,ECDSA-SHA3-512_signed-by_RSA-SHA3-384,ECDSA-SHA3-512_signed-by_RSA-SHA3-384,5.857,6248.47,2261.74,0,0,0,127.091,24,2147.45,2116.06,1789,1786
1,2,50,ECDSA-SHA3-512_signed-by_RSA-SHA3-384,ECDSA-SHA3-512_signed-by_RSA-SHA3-384,5.609,6524.72,2652.67,0.142857,5,0.357143,104.857,24,2180.64,2140.76,1788,1787
1,4,54,ECDSA-SHA3-512_signed-by_RSA-SHA3-384,ECDSA-SHA3-512_signed-by_RSA-SHA3-384,6.327,5784.27,2134.17,0.166667,0,0,119.667,24,2229.8,2141.04,1789,1786
1,2,51,ECDSA-SHA3-512_signed-by_RSA-SHA3-384,ECDSA-SHA3-512_signed-by_RSA-SHA3-384,5.707,6412.61,2321.15,0,0,0,118,24,2170.82,2129.97,1788,1787
1,4,55,ECDSA-SHA3-512_signed-by_RSA-SHA3-384,ECDSA-SHA3-512_signed-by_RSA-SHA3-384,5.524,6625.17,2398.1,0,0,0,127.091,24,2153.46,2116.3,1789,1786
1,2,52,ECDSA-SHA3-512_signed-by_RSA-SHA3-384,ECDSA-SHA3-512_signed-by_RSA-SHA3-384,5.527,6621.58,3779,0.1875,0,0,105,24,2187.61,2124.64,1788,1787
1,4,56,ECDSA-SHA3-512_signed-by_RSA-SHA3-384,ECDSA-SHA3-512_signed-by_RSA-SHA3-384,7.178,5098.47,2471.78,0.214286,7,0.5,130.286,24,2150.59,2160.98,1789,1786
1,2,53,ECDSA-SHA3-512_signed-by_RSA-SHA3-384,ECDSA-SHA3-512_signed-by_RSA-SHA3-384,5.669,6455.56,2463.7,0,0,0,122,24,2177.56,2126.05,1788,1787
1,4,57,ECDSA-SHA3-512_signed-by_RSA-SHA3-384,ECDSA-SHA3-512_signed-by_RSA-SHA3-384,5.98,6120.01,2488.13,0.142857,5,0.357143,112.571,24,2131.89,2116.46,1789,1786
1,2,54,ECDSA-SHA3-512_signed-by_RSA-SHA3-384,ECDSA-SHA3-512_signed-by_RSA-SHA3-384,6.199,5903.79,2136.98,0.181818,0,0,122.364,24,2161.29,2123.02,1788,1787
1,4,58,ECDSA-SHA3-512_signed-by_RSA-SHA3-384,ECDSA-SHA3-512_signed-by_RSA-SHA3-384,5.93,6171.5,2509.07,0.214286,5,0.357143,112.571,24,2160.51,2114.97,1789,1786
1,2,55,ECDSA-SHA3-512_signed-by_RSA-SHA3-384,ECDSA-SHA3-512_signed-by_RSA-SHA3-384,5.768,6344.85,2421.44,0.25,1,0.0833333,112.667,24,2148.76,2132.14,1788,1787
1,4,59,ECDSA-SHA3-512_signed-by_RSA-SHA3-384,ECDSA-SHA3-512_signed-by_RSA-SHA3-384,5.842,6264.46,2267.53,0,0,0,127.091,24,2152.82,2119.58,1789,1786
1,2,56,ECDSA-SHA3-512_signed-by_RSA-SHA3-384,ECDSA-SHA3-512_signed-by_RSA-SHA3-384,6.58,5561.86,2013.21,0,0,0,118,24,2192.97,2115.92,1788,1787
1,4,60,ECDSA-SHA3-512_signed-by_RSA-SHA3-384,ECDSA-SHA3-512_signed-by_RSA-SHA3-384,6.326,5785.25,2094.07,0,0,0,127.091,24,2160.24,2111.75,1789,1786
1,2,57,ECDSA-SHA3-512_signed-by_RSA-SHA3-384,ECDSA-SHA3-512_signed-by_RSA-SHA3-384,5.483,6674.71,2416.03,0,0,0,118,24,2164.69,2115.55,1788,1787
1,4,61,ECDSA-SHA3-512_signed-by_RSA-SHA3-384,ECDSA-SHA3-512_signed-by_RSA-SHA3-384,7.01,5220.72,1926.25,0.25,0,0,119.667,24,2154.36,2124.62,1789,1786
1,2,58,ECDSA-SHA3-512_signed-by_RSA-SHA3-384,ECDSA-SHA3-512_signed-by_RSA-SHA3-384,7.11,5147.3,2531.46,0.2,7,0.466667,112.667,24,2163.05,2138.48,1788,1787
1,4,62,ECDSA-SHA3-512_signed-by_RSA-SHA3-384,ECDSA-SHA3-512_signed-by_RSA-SHA3-384,5.676,6447.77,2333.88,0,0,0,127.091,24,2160.69,2119.08,1789,1786
1,2,59,ECDSA-SHA3-512_signed-by_RSA-SHA3-384,ECDSA-SHA3-512_signed-by_RSA-SHA3-384,6.434,5688.15,2058.92,0,0,0,118,24,2174.1,2126.69,1788,1787
1,4,63,ECDSA-SHA3-512_signed-by_RSA-SHA3-384,ECDSA-SHA3-512_signed-by_RSA-SHA3-384,6.093,6006.47,2174.14,0,0,0,127.091,24,2149.49,2124.31,1789,1786
1,2,60,ECDSA-SHA3-512_signed-by_RSA-SHA3-384,ECDSA-SHA3-512_signed-by_RSA-SHA3-384,5.859,6246.31,2260.96,0,0,0,118,24,2170.29,2127.91,1788,1787
1,4,64,ECDSA-SHA3-512_signed-by_RSA-SHA3-384,ECDSA-SHA3-512_signed-by_RSA-SHA3-384,6.689,5471.26,2262.65,0.4,5,0.333333,107.6,24,2157.3,2126.92,1789,1786
1,2,61,ECDSA-SHA3-512_signed-by_RSA-SHA3-384,ECDSA-SHA3-512_signed-by_RSA-SHA3-384,7.152,5117.02,2543.41,0.375,8,0.5,108,24,2161.44,2119.17,1788,1787
1,4,65,ECDSA-SHA3-512_signed-by_RSA-SHA3-384,ECDSA-SHA3-512_signed-by_RSA-SHA3-384,5.575,6564.48,2376.13,0,0,0,127.091,24,2166.33,2160.19,1789,1786
1,2,62,ECDSA-SHA3-512_signed-by_RSA-SHA3-384,ECDSA-SHA3-512_signed-by_RSA-SHA3-384,6.048,6051.2,2190.34,0,0,0,118,24,2159.26,2122.99,1788,1787
1,4,66,ECDSA-SHA3-512_signed-by_RSA-SHA3-384,ECDSA-SHA3-512_signed-by_RSA-SHA3-384,5.576,6563.39,2375.73,0,0,0,127.091,24,2180.45,2144.09,1789,1786
1,2,63,ECDSA-SHA3-512_signed-by_RSA-SHA3-384,ECDSA-SHA3-512_signed-by_RSA-SHA3-384,5.565,6576.37,2380.43,0,0,0,118,24,2158.83,2125.13,1788,1787
1,4,67,ECDSA-SHA3-512_signed-by_RSA-SHA3-384,ECDSA-SHA3-512_signed-by_RSA-SHA3-384,5.531,6616.79,2395.06,0,0,0,127.091,24,2160.57,2110.14,1789,1786
1,2,64,ECDSA-SHA3-512_signed-by_RSA-SHA3-384,ECDSA-SHA3-512_signed-by_RSA-SHA3-384,5.626,6505.07,2354.62,0,0,0,118,24,2160.38,2248.18,1788,1787
1,4,68,ECDSA-SHA3-512_signed-by_RSA-SHA3-384,ECDSA-SHA3-512_signed-by_RSA-SHA3-384,5.605,6529.44,2363.44,0,0,0,127.091,24,2163.56,2113.66,1789,1786
1,2,65,ECDSA-SHA3-512_signed-by_RSA-SHA3-384,ECDSA-SHA3-512_signed-by_RSA-SHA3-384,6.189,5913.08,2098.98,0,0,0,130.8,24,2174.03,2126.3,1788,1787
1,4,69,ECDSA-SHA3-512_signed-by_RSA-SHA3-384,ECDSA-SHA3-512_signed-by_RSA-SHA3-384,5.755,6358.95,2301.73,0,0,0,127.091,24,2157.37,2125.74,1789,1786
1,2,66,ECDSA-SHA3-512_signed-by_RSA-SHA3-384,ECDSA-SHA3-512_signed-by_RSA-SHA3-384,5.507,6645.62,2405.5,0,0,0,118,24,2158.99,2121.57,1788,1787
1,4,70,ECDSA-SHA3-512_signed-by_RSA-SHA3-384,ECDSA-SHA3-512_signed-by_RSA-SHA3-384,5.802,6307.75,2283.2,0,0,0,127.091,24,2152.31,2116.58,1789,1786
1,2,67,ECDSA-SHA3-512_signed-by_RSA-SHA3-384,ECDSA-SHA3-512_signed-by_RSA-SHA3-384,5.476,6683.24,2419.11,0,0,0,118,24,2151.99,2112.61,1788,1787
1,4,71,ECDSA-SHA3-512_signed-by_RSA-SHA3-384,ECDSA-SHA3-512_signed-by_RSA-SHA3-384,5.5,6654.08,2408.56,0,0,0,127.091,24,2155.9,2116.43,1789,1786
1,2,68,ECDSA-SHA3-512_signed-by_RSA-SHA3-384,ECDSA-SHA3-512_signed-by_RSA-SHA3-384,5.596,6539.94,2367.24,0,0,0,118,24,2147.63,2114.64,1788,1787
1,4,72,ECDSA-SHA3-512_signed-by_RSA-SHA3-384,ECDSA-SHA3-512_signed-by_RSA-SHA3-384,5.637,6492.37,2350.03,0,0,0,127.091,24,2154.61,2120.16,1789,1786
1,2,69,ECDSA-SHA3-512_signed-by_RSA-SHA3-384,ECDSA-SHA3-512_signed-by_RSA-SHA3-384,5.565,6576.37,2380.43,0,0,0,118,24,2153.24,2114.71,1788,1787
1,4,73,ECDSA-SHA3-512_signed-by_RSA-SHA3-384,ECDSA-SHA3-512_signed-by_RSA-SHA3-384,5.501,6652.87,2408.12,0,0,0,127.091,24,2153.67,2144.05,1789,1786
1,2,70,ECDSA-SHA3-512_signed-by_RSA-SHA3-384,ECDSA-SHA3-512_signed-by_RSA-SHA3-384,5.51,6642.01,2404.19,0,0,0,118,24,2173.11,2118.72,1788,1787
1,4,74,ECDSA-SHA3-512_signed-by_RSA-SHA3-384,ECDSA-SHA3-512_signed-by_RSA-SHA3-384,5.452,6712.66,2429.76,0,0,0,127.091,24,2167.26,2121.52,1789,1786
1,2,71,ECDSA-SHA3-512_signed-by_RSA-SHA3-384,ECDSA-SHA3-512_signed-by_RSA-SHA3-384,5.505,6648.04,2406.37,0,0,0,118,24,2155.45,2110.66,1788,1787
1,4,75,ECDSA-SHA3-512_signed-by_RSA-SHA3-384,ECDSA-SHA3-512_signed-by_RSA-SHA3-384,5.534,6613.2,2393.76,0,0,0,127.091,24,2149.84,2112.07,1789,1786
1,2,72,ECDSA-SHA3-512_signed-by_RSA-SHA3-384,ECDSA-SHA3-512_signed-by_RSA-SHA3-384,5.453,6711.43,2429.32,0,0,0,118,24,2157.29,2123.33,1788,1787
1,4,76,ECDSA-SHA3-512_signed-by_RSA-SHA3-384,ECDSA-SHA3-512_signed-by_RSA-SHA3-384,5.664,6461.43,2338.82,0,0,0,127.091,24,2177.13,2110.22,1789,1786
1,2,73,ECDSA-SHA3-512_signed-by_RSA-SHA3-384,ECDSA-SHA3-512_signed-by_RSA-SHA3-384,5.644,6484.32,2347.11,0,0,0,118,24,2162.95,2126.93,1788,1787
1,4,77,ECDSA-SHA3-512_signed-by_RSA-SHA3-384,ECDSA-SHA3-512_signed-by_RSA-SHA3-384,5.459,6704.05,2426.65,0,0,0,127.091,24,2154.8,2113.18,1789,1786
1,2,74,ECDSA-SHA3-512_signed-by_RSA-SHA3-384,ECDSA-SHA3-512_signed-by_RSA-SHA3-384,5.473,6686.91,2420.44,0,0,0,118,24,2163.25,2113.67,1788,1787
1,4,78,ECDSA-SHA3-512_signed-by_RSA-SHA3-384,ECDSA-SHA3-512_signed-by_RSA-SHA3-384,5.432,6737.37,2438.71,0,0,0,127.091,24,2298.58,2108.92,1789,1786
1,2,75,ECDSA-SHA3-512_signed-by_RSA-SHA3-384,ECDSA-SHA3-512_signed-by_RSA-SHA3-384,5.545,6600.08,2389.01,0,0,0,118,24,2176.62,2104.14,1788,1787
1,4,79,ECDSA-SHA3-512_signed-by_RSA-SHA3-384,ECDSA-SHA3-512_signed-by_RSA-SHA3-384,5.664,6461.43,2338.82,0,0,0,127.091,24,2155.04,2127.26,1789,1786
1,2,76,ECDSA-SHA3-512_signed-by_RSA-SHA3-384,ECDSA-SHA3-512_signed-by_RSA-SHA3-384,5.52,6629.97,2399.83,0,0,0,118,24,2188.96,2116.44,1788,1787
1,4,80,ECDSA-SHA3-512_signed-by_RSA-SHA3-384,ECDSA-SHA3-512_signed-by_RSA-SHA3-384,5.671,6453.45,2335.94,0,0,0,127.091,24,2146.15,2118.63,1789,1786
1,2,77,ECDSA-SHA3-512_signed-by_RSA-SHA3-384,ECDSA-SHA3-512_signed-by_RSA-SHA3-384,5.596,6539.94,2367.24,0,0,0,118,24,2125.78,2120.11,1788,1787
1,4,81,ECDSA-SHA3-512_signed-by_RSA-SHA3-384,ECDSA-SHA3-512_signed-by_RSA-SHA3-384,5.678,6445.5,2907.87,0.823529,10,0.588235,102.706,24,2164.12,2122.06,1789,1786
1,2,78,ECDSA-SHA3-512_signed-by_RSA-SHA3-384,ECDSA-SHA3-512_signed-by_RSA-SHA3-384,8.767,4174.34,3083.99,0.904762,27,1.28571,139.714,24,2146.85,2122.61,1788,1787
1,4,82,ECDSA-SHA3-512_signed-by_RSA-SHA3-384,ECDSA-SHA3-512_signed-by_RSA-SHA3-384,7.182,5095.47,2505.97,0.333333,7,0.466667,124.133,24,2164.7,2118.77,1789,1786
1,2,79,ECDSA-SHA3-512_signed-by_RSA-SHA3-384,ECDSA-SHA3-512_signed-by_RSA-SHA3-384,6.162,5939.17,2149.78,0,0,0,118,24,2146.28,2137.57,1788,1787
1,4,83,ECDSA-SHA3-512_signed-by_RSA-SHA3-384,ECDSA-SHA3-512_signed-by_RSA-SHA3-384,5.645,6483.17,2346.7,0,0,0,127.091,24,2161.6,2123.15,1789,1786
1,2,80,ECDSA-SHA3-512_signed-by_RSA-SHA3-384,ECDSA-SHA3-512_signed-by_RSA-SHA3-384,5.963,6137.48,2221.57,0.454545,0,0,122.364,24,2164.24,2109.66,1788,1787
1,4,84,ECDSA-SHA3-512_signed-by_RSA-SHA3-384,ECDSA-SHA3-512_signed-by_RSA-SHA3-384,6.838,5352.06,2807.64,0.357143,11,0.785714,153.143,24,2153.68,2130.37,1789,1786
1,2,81,ECDSA-SHA3-512_signed-by_RSA-SHA3-384,ECDSA-SHA3-512_signed-by_RSA-SHA3-384,6.036,6063.16,2194.66,0,0,0,118,24,2192.58,2152.12,1788,1787
1,4,85,ECDSA-SHA3-512_signed-by_RSA-SHA3-384,ECDSA-SHA3-512_signed-by_RSA-SHA3-384,6.228,5876.32,2127.04,0,0,0,127.091,24,2153.01,2098.04,1789,1786
1,2,82,ECDSA-SHA3-512_signed-by_RSA-SHA3-384,ECDSA-SHA3-512_signed-by_RSA-SHA3-384,5.521,6628.83,2399.42,0,0,0,118,24,2171.66,2124.31,1788,1787
1,4,86,ECDSA-SHA3-512_signed-by_RSA-SHA3-384,ECDSA-SHA3-512_signed-by_RSA-SHA3-384,6.979,5244.02,1898.16,0,0,0,127.091,24,2166.31,2146.08,1789,1786
1,2,83,ECDSA-SHA3-512_signed-by_RSA-SHA3-384,ECDSA-SHA3-512_signed-by_RSA-SHA3-384,6.16,5941.19,2150.52,0,0,0,118,24,2174.26,2173.17,1788,1787
1,4,87,ECDSA-SHA3-512_signed-by_RSA-SHA3-384,ECDSA-SHA3-512_signed-by_RSA-SHA3-384,5.608,6525.94,2362.18,0,0,0,127.091,24,2152.42,2116.02,1789,1786
1,2,84,ECDSA-SHA3-512_signed-by_RSA-SHA3-384,ECDSA-SHA3-512_signed-by_RSA-SHA3-384,5.507,6645.62,2405.5,0,0,0,118,24,2166.7,2123.18,1788,1787
1,4,88,ECDSA-SHA3-512_signed-by_RSA-SHA3-384,ECDSA-SHA3-512_signed-by_RSA-SHA3-384,5.58,6558.69,2374.03,0,0,0,127.091,24,2146.54,2121.81,1789,1786
1,2,85,ECDSA-SHA3-512_signed-by_RSA-SHA3-384,ECDSA-SHA3-512_signed-by_RSA-SHA3-384,5.656,6470.53,2342.12,0,0,0,118,24,2160.41,2114.94,1788,1787
1,4,89,ECDSA-SHA3-512_signed-by_RSA-SHA3-384,ECDSA-SHA3-512_signed-by_RSA-SHA3-384,5.499,6655.26,2408.99,0,0,0,127.091,24,2167.62,2109.39,1789,1786
1,2,86,ECDSA-SHA3-512_signed-by_RSA-SHA3-384,ECDSA-SHA3-512_signed-by_RSA-SHA3-384,5.63,6500.44,2352.95,0,0,0,118,24,2160.47,2114.23,1788,1787
1,4,90,ECDSA-SHA3-512_signed-by_RSA-SHA3-384,ECDSA-SHA3-512_signed-by_RSA-SHA3-384,5.513,6638.39,2402.88,0,0,0,127.091,24,2171.52,2117.48,1789,1786
1,2,87,ECDSA-SHA3-512_signed-by_RSA-SHA3-384,ECDSA-SHA3-512_signed-by_RSA-SHA3-384,5.457,6706.51,2427.54,0,0,0,118,24,2191.19,2123.48,1788,1787
1,4,91,ECDSA-SHA3-512_signed-by_RSA-SHA3-384,ECDSA-SHA3-512_signed-by_RSA-SHA3-384,5.553,6590.58,2385.57,0,0,0,127.091,24,2156.26,2125.16,1789,1786
1,2,88,ECDSA-SHA3-512_signed-by_RSA-SHA3-384,ECDSA-SHA3-512_signed-by_RSA-SHA3-384,5.454,6710.2,2428.87,0,0,0,118,24,2157.96,2129.4,1788,1787
1,4,92,ECDSA-SHA3-512_signed-by_RSA-SHA3-384,ECDSA-SHA3-512_signed-by_RSA-SHA3-384,5.555,6588.2,2384.71,0,0,0,127.091,24,2152.37,2122.02,1789,1786
1,2,89,ECDSA-SHA3-512_signed-by_RSA-SHA3-384,ECDSA-SHA3-512_signed-by_RSA-SHA3-384,5.622,6509.69,2356.3,0,0,0,118,24,2171.68,2114.61,1788,1787
1,4,93,ECDSA-SHA3-512_signed-by_RSA-SHA3-384,ECDSA-SHA3-512_signed-by_RSA-SHA3-384,5.538,6608.43,2392.03,0,0,0,127.091,24,2159.11,2124.7,1789,1786
1,2,90,ECDSA-SHA3-512_signed-by_RSA-SHA3-384,ECDSA-SHA3-512_signed-by_RSA-SHA3-384,5.583,6555.16,2372.75,0,0,0,118,24,2168.07,2121.18,1788,1787
1,4,94,ECDSA-SHA3-512_signed-by_RSA-SHA3-384,ECDSA-SHA3-512_signed-by_RSA-SHA3-384,5.666,6459.15,2338,0,0,0,127.091,24,2156.13,2121.53,1789,1786
1,2,91,ECDSA-SHA3-512_signed-by_RSA-SHA3-384,ECDSA-SHA3-512_signed-by_RSA-SHA3-384,5.609,6524.78,2361.76,0,0,0,118,24,2163.46,2114.04,1788,1787
1,4,95,ECDSA-SHA3-512_signed-by_RSA-SHA3-384,ECDSA-SHA3-512_signed-by_RSA-SHA3-384,5.498,6656.5,2409.44,0,0,0,127.091,24,2167.84,2114.87,1789,1786
1,2,92,ECDSA-SHA3-512_signed-by_RSA-SHA3-384,ECDSA-SHA3-512_signed-by_RSA-SHA3-384,5.622,6509.69,2356.3,0,0,0,118,24,2157.85,2112.12,1788,1787
1,4,96,ECDSA-SHA3-512_signed-by_RSA-SHA3-384,ECDSA-SHA3-512_signed-by_RSA-SHA3-384,5.619,6513.17,2357.55,0,0,0,127.091,24,2142.53,2124.46,1789,1786
1,2,93,ECDSA-SHA3-512_signed-by_RSA-SHA3-384,ECDSA-SHA3-512_signed-by_RSA-SHA3-384,5.435,6733.65,2437.36,0,0,0,118,24,2202.36,2121.53,1788,1787
1,4,97,ECDSA-SHA3-512_signed-by_RSA-SHA3-384,ECDSA-SHA3-512_signed-by_RSA-SHA3-384,5.576,6563.39,2375.73,0,0,0,127.091,24,2160.38,2118.03,1789,1786
1,2,94,ECDSA-SHA3-512_signed-by_RSA-SHA3-384,ECDSA-SHA3-512_signed-by_RSA-SHA3-384,6.011,6088.45,2203.82,0,0,0,118,24,2174.15,2129.08,1788,1787
1,4,98,ECDSA-SHA3-512_signed-by_RSA-SHA3-384,ECDSA-SHA3-512_signed-by_RSA-SHA3-384,5.512,6639.6,2403.32,0,0,0,127.091,24,2163.39,2123.7,1789,1786
1,2,95,ECDSA-SHA3-512_signed-by_RSA-SHA3-384,ECDSA-SHA3-512_signed-by_RSA-SHA3-384,5.475,6684.46,2419.56,0,0,0,118,24,2167.24,2120.33,1788,1787
1,4,99,ECDSA-SHA3-512_signed-by_RSA-SHA3-384,ECDSA-SHA3-512_signed-by_RSA-SHA3-384,5.461,6701.6,2425.76,0,0,0,127.091,24,2126.44,2108,1789,1786
1,2,96,ECDSA-SHA3-512_signed-by_RSA-SHA3-384,ECDSA-SHA3-512_signed-by_RSA-SHA3-384,5.418,6754.78,2445.01,0,0,0,118,24,2155.73,2118.67,1788,1787
1,2,97,ECDSA-SHA3-512_signed-by_RSA-SHA3-384,ECDSA-SHA3-512_signed-by_RSA-SHA3-384,5.507,6645.74,2405.54,0,0,0,118,24,2166.97,2115.74,1788,1787
1,2,98,ECDSA-SHA3-512_signed-by_RSA-SHA3-384,ECDSA-SHA3-512_signed-by_RSA-SHA3-384,5.567,6574.23,2379.66,0,0,0,118,24,2178.97,2121.46,1788,1787
1,2,99,ECDSA-SHA3-512_signed-by_RSA-SHA3-384,ECDSA-SHA3-512_signed-by_RSA-SHA3-384,5.482,6676.16,2416.55,0,0,0,118,24,2128.32,2127.09,1788,1787
