scenario,node_id,handshake_index,sta_cert_algo,ap_cert_algo,handshake_delay_ms,goodput_kbps,throughput_kbps,phy_frame_drop_rate,mac_retries,mac_retry_rate,tx_delay_us,prop_delay_ns,cert_verify_ap_us,cert_verify_sta_us,server_cert_msg_bytes,client_cert_msg_bytes
1,8,0,ED448_signed-by_ECDSA-SHA3-512,ED448_signed-by_ECDSA-SHA3-512,28.595,982.546,575.204,0.7,13,0.65,200.6,14,1552.83,2120.34,1258,1254
1,3,0,ED448_signed-by_ECDSA-SHA3-512,ED448_signed-by_ECDSA-SHA3-512,41.087,684.003,400.316,1,13,0.65,192.6,24,1542.33,1508.46,1258,1255
1,2,0,ED448_signed-by_ECDSA-SHA3-512,ED448_signed-by_ECDSA-SHA3-512,52.105,539.218,171.039,1,1,0.0666667,199.867,24,1556.32,1544.05,1258,1254
1,6,0,ED448_signed-by_ECDSA-SHA3-512,ED448_signed-by_ECDSA-SHA3-512,60.111,467.4,139.475,1,0,0,200,8,1561.75,1747.49,1258,1254
1,7,0,ED448_signed-by_ECDSA-SHA3-512,ED448_signed-by_ECDSA-SHA3-512,69.144,406.338,125.534,1,1,0.0666667,181.333,16,1552.71,1532.64,1258,1254
1,5,0,ED448_signed-by_ECDSA-SHA3-512,ED448_signed-by_ECDSA-SHA3-512,71.144,394.915,141.009,1,4,0.222222,213.333,15,1541.37,1608.52,1258,1254
1,8,1,ED448_signed-by_ECDSA-SHA3-512,ED448_signed-by_ECDSA-SHA3-512,46.68,601.876,456.206,1,15,0.882353,688.824,14,1527.71,1517.13,1258,1254
1,1,0,ED448_signed-by_ECDSA-SHA3-512,ED448_signed-by_ECDSA-SHA3-512,80.82,347.636,136.402,1,5,0.263158,183.263,24,1546.23,1531.46,1258,1254
1,2,1,ED448_signed-by_ECDSA-SHA3-512,ED448_signed-by_ECDSA-SHA3-512,29.452,953.956,416.677,1,0,0,743.778,24,1541.76,1529.03,1258,1254
1,6,1,ED448_signed-by_ECDSA-SHA3-512,ED448_signed-by_ECDSA-SHA3-512,25.954,1082.51,712.016,1,9,0.692308,124.769,8,1530.73,1499.24,1258,1254
1,3,1,ED448_signed-by_ECDSA-SHA3-512,ED448_signed-by_ECDSA-SHA3-512,45.742,614.4,579.247,1,23,1,497.478,24,1534.26,1489.11,1258,1255
1,7,1,ED448_signed-by_ECDSA-SHA3-512,ED448_signed-by_ECDSA-SHA3-512,18.18,1545.41,1002.41,1,9,0.75,142.667,16,1552.63,1494.78,1258,1254
1,8,2,ED448_signed-by_ECDSA-SHA3-512,ED448_signed-by_ECDSA-SHA3-512,12.886,2180.35,952.35,1,0,0,126,14,1520.4,1504.33,1258,1254
1,5,1,ED448_signed-by_ECDSA-SHA3-512,ED448_signed-by_ECDSA-SHA3-512,18.714,1501.31,1231.14,1,12,0.75,209.5,15,1524.23,1627.56,1258,1254
1,2,2,ED448_signed-by_ECDSA-SHA3-512,ED448_signed-by_ECDSA-SHA3-512,13.653,2057.82,1334.77,1,9,0.75,192,24,1532.99,1505.1,1258,1254
1,8,3,ED448_signed-by_ECDSA-SHA3-512,ED448_signed-by_ECDSA-SHA3-512,7.919,3547.6,1581.88,1,0,0,117.2,14,1522.89,1487.84,1258,1254
1,7,2,ED448_signed-by_ECDSA-SHA3-512,ED448_signed-by_ECDSA-SHA3-512,13.429,2092.15,985.312,1,5,0.384615,98.9231,16,1520.83,1504.81,1258,1254
1,3,2,ED448_signed-by_ECDSA-SHA3-512,ED448_signed-by_ECDSA-SHA3-512,14.413,1949.86,851.435,1,0,0,117.111,24,1537.97,1478.93,1258,1255
1,6,2,ED448_signed-by_ECDSA-SHA3-512,ED448_signed-by_ECDSA-SHA3-512,16.219,1732.24,1139.37,1,9,0.692308,124.769,8,1517.06,1481.44,1258,1254
1,5,2,ED448_signed-by_ECDSA-SHA3-512,ED448_signed-by_ECDSA-SHA3-512,14.605,1923.68,1339.78,1,14,0.777778,236.889,15,1519.63,1506.69,1258,1254
1,1,1,ED448_signed-by_ECDSA-SHA3-512,ED448_signed-by_ECDSA-SHA3-512,24.596,1142.29,957.546,1,19,1,162.211,24,1513.66,1480.69,1258,1254
1,8,4,ED448_signed-by_ECDSA-SHA3-512,ED448_signed-by_ECDSA-SHA3-512,14.579,1927.12,760.531,1,0,0,129,14,1538.23,1506.69,1258,1254
1,3,3,ED448_signed-by_ECDSA-SHA3-512,ED448_signed-by_ECDSA-SHA3-512,14.618,1922.54,874.527,1,0,0,102.727,24,1526.79,1498.37,1258,1255
1,7,3,ED448_signed-by_ECDSA-SHA3-512,ED448_signed-by_ECDSA-SHA3-512,16.04,1751.59,1315.69,1,13,0.8125,265.5,16,1533.35,1489.58,1258,1254
1,6,3,ED448_signed-by_ECDSA-SHA3-512,ED448_signed-by_ECDSA-SHA3-512,15.517,1810.63,790.863,1,0,0,117.111,8,1518.45,1525.06,1258,1254
1,1,2,ED448_signed-by_ECDSA-SHA3-512,ED448_signed-by_ECDSA-SHA3-512,14.066,1997.42,890.649,1,0,0,117.2,24,1567.68,1502.14,1258,1254
1,2,3,ED448_signed-by_ECDSA-SHA3-512,ED448_signed-by_ECDSA-SHA3-512,25.602,1097.41,726.815,1,14,1,218,24,1547.78,1483.64,1258,1254
1,5,3,ED448_signed-by_ECDSA-SHA3-512,ED448_signed-by_ECDSA-SHA3-512,17.511,1604.44,1309.32,0.75,20,1,421,15,1547.78,1513.58,1258,1254
1,8,5,ED448_signed-by_ECDSA-SHA3-512,ED448_signed-by_ECDSA-SHA3-512,17.808,1577.69,1371.04,0.722222,16,0.888889,126,14,1516.44,1503.33,1258,1254
1,3,4,ED448_signed-by_ECDSA-SHA3-512,ED448_signed-by_ECDSA-SHA3-512,13.825,2032.82,887.66,1,0,0,117.111,24,1515.17,1490.63,1258,1255
1,6,4,ED448_signed-by_ECDSA-SHA3-512,ED448_signed-by_ECDSA-SHA3-512,13.141,2138.03,1295.48,0.692308,10,0.769231,111.231,8,1512.83,1508.33,1258,1254
1,7,4,ED448_signed-by_ECDSA-SHA3-512,ED448_signed-by_ECDSA-SHA3-512,15.176,1851.32,713.748,1,0,0,142,16,1525.41,1511.54,1258,1254
1,1,3,ED448_signed-by_ECDSA-SHA3-512,ED448_signed-by_ECDSA-SHA3-512,13.75,2043.33,906.465,1,4,0.4,117.2,24,1525.67,1506.66,1258,1254
1,5,4,ED448_signed-by_ECDSA-SHA3-512,ED448_signed-by_ECDSA-SHA3-512,16.438,1709.16,1108.62,1,9,0.75,266.333,15,1531.22,1516.32,1258,1254
1,2,4,ED448_signed-by_ECDSA-SHA3-512,ED448_signed-by_ECDSA-SHA3-512,18.23,1541.15,1023.34,1,9,0.5625,187.5,24,1531.85,1492.45,1258,1254
1,8,6,ED448_signed-by_ECDSA-SHA3-512,ED448_signed-by_ECDSA-SHA3-512,11.867,2367.56,1055.69,1,0,0,112.4,14,1529.62,1506.27,1258,1254
1,3,5,ED448_signed-by_ECDSA-SHA3-512,ED448_signed-by_ECDSA-SHA3-512,15.395,1825.49,826.225,1,5,0.454545,102.727,24,1543.32,1495.11,1258,1255
1,6,5,ED448_signed-by_ECDSA-SHA3-512,ED448_signed-by_ECDSA-SHA3-512,15.23,1844.74,920.27,1,2,0.153846,131.846,8,1534.03,1537.12,1258,1254
1,5,5,ED448_signed-by_ECDSA-SHA3-512,ED448_signed-by_ECDSA-SHA3-512,13.197,2128.95,929.899,1,0,0,228.667,15,1531.04,1511.85,1258,1254
1,1,4,ED448_signed-by_ECDSA-SHA3-512,ED448_signed-by_ECDSA-SHA3-512,20.066,1400.13,1432.02,0.814815,26,0.962963,279.481,24,1578.42,1493.36,1258,1254
1,2,5,ED448_signed-by_ECDSA-SHA3-512,ED448_signed-by_ECDSA-SHA3-512,15.574,1804,1093.08,1,7,0.538462,156.769,24,1535.39,1498.13,1258,1254
1,7,5,ED448_signed-by_ECDSA-SHA3-512,ED448_signed-by_ECDSA-SHA3-512,24.186,1161.66,899.03,1,15,0.789474,229.158,16,1524.88,1537.21,1258,1254
1,8,7,ED448_signed-by_ECDSA-SHA3-512,ED448_signed-by_ECDSA-SHA3-512,16.286,1725.12,1118.97,1,7,0.583333,128,14,1539.15,1528.7,1258,1254
1,3,6,ED448_signed-by_ECDSA-SHA3-512,ED448_signed-by_ECDSA-SHA3-512,14.857,1891.61,940.15,0.916667,0,0,140,24,1528.49,1496.11,1258,1255
1,6,6,ED448_signed-by_ECDSA-SHA3-512,ED448_signed-by_ECDSA-SHA3-512,15.608,1800.08,1167.59,0.833333,9,0.75,132,8,1524.27,1518.14,1258,1254
1,5,6,ED448_signed-by_ECDSA-SHA3-512,ED448_signed-by_ECDSA-SHA3-512,16.095,1745.63,794.28,0.636364,0,0,179.818,15,1523.11,1517.82,1258,1254
1,1,5,ED448_signed-by_ECDSA-SHA3-512,ED448_signed-by_ECDSA-SHA3-512,15.608,1800.1,786.262,0.777778,0,0,126,24,1517.65,1498.88,1258,1254
1,2,6,ED448_signed-by_ECDSA-SHA3-512,ED448_signed-by_ECDSA-SHA3-512,16.077,1747.58,763.324,0.777778,0,0,171.333,24,1521.27,1498.64,1258,1254
1,8,8,ED448_signed-by_ECDSA-SHA3-512,ED448_signed-by_ECDSA-SHA3-512,14.517,1935.27,957.714,0.333333,2,0.166667,150,14,1518.57,1492.6,1258,1254
1,7,6,ED448_signed-by_ECDSA-SHA3-512,ED448_signed-by_ECDSA-SHA3-512,16.443,1708.68,1047.01,0.285714,8,0.571429,113.429,16,1533.28,1515.31,1258,1254
1,3,7,ED448_signed-by_ECDSA-SHA3-512,ED448_signed-by_ECDSA-SHA3-512,14.399,1951.67,852.224,0.777778,0,0,117.111,24,1544.74,1489.35,1258,1255
1,6,7,ED448_signed-by_ECDSA-SHA3-512,ED448_signed-by_ECDSA-SHA3-512,15.254,1841.85,804.5,1,3,0.333333,120.667,8,1532.19,1510.47,1258,1254
1,5,7,ED448_signed-by_ECDSA-SHA3-512,ED448_signed-by_ECDSA-SHA3-512,13.106,2143.7,1298.92,0.615385,7,0.538462,210.308,15,1522.11,1485.21,1258,1254
1,2,7,ED448_signed-by_ECDSA-SHA3-512,ED448_signed-by_ECDSA-SHA3-512,10.563,2659.81,1161.77,0.888889,0,0,166.889,24,1526.04,1482.64,1258,1254
1,8,9,ED448_signed-by_ECDSA-SHA3-512,ED448_signed-by_ECDSA-SHA3-512,11.218,2504.48,1116.75,0.8,0,0,109.2,14,1524.84,1493.73,1258,1254
1,1,6,ED448_signed-by_ECDSA-SHA3-512,ED448_signed-by_ECDSA-SHA3-512,14.452,1944.03,1096.01,0.666667,7,0.583333,120.667,24,1510.24,1501.62,1258,1254
1,7,7,ED448_signed-by_ECDSA-SHA3-512,ED448_signed-by_ECDSA-SHA3-512,11.395,2465.59,1076.94,0.888889,0,0,117.111,16,1533.81,1480.32,1258,1254
1,3,8,ED448_signed-by_ECDSA-SHA3-512,ED448_signed-by_ECDSA-SHA3-512,13.296,2113.67,922.962,0.555556,0,0,117.111,24,1536.25,1538.07,1258,1255
1,6,8,ED448_signed-by_ECDSA-SHA3-512,ED448_signed-by_ECDSA-SHA3-512,11.263,2494.52,1234.48,0,2,0.166667,150.667,8,1536.86,1509.28,1258,1254
1,8,10,ED448_signed-by_ECDSA-SHA3-512,ED448_signed-by_ECDSA-SHA3-512,9.626,2918.51,1274.77,0,0,0,117.111,14,1517.31,1518.93,1258,1254
1,2,8,ED448_signed-by_ECDSA-SHA3-512,ED448_signed-by_ECDSA-SHA3-512,11.441,2455.72,1072.63,0,0,0,166.889,24,1524.87,1519.57,1258,1254
1,5,8,ED448_signed-by_ECDSA-SHA3-512,ED448_signed-by_ECDSA-SHA3-512,13.882,2023.88,884.008,0,0,0,166.889,15,1529.64,1521.72,1258,1254
1,1,7,ED448_signed-by_ECDSA-SHA3-512,ED448_signed-by_ECDSA-SHA3-512,12.789,2196.88,1072.17,0,0,0,344.182,24,1515.24,1502,1258,1254
1,7,8,ED448_signed-by_ECDSA-SHA3-512,ED448_signed-by_ECDSA-SHA3-512,13.799,2036.07,903.244,0.3,3,0.3,109.2,16,1535.18,1483.56,1258,1254
1,3,9,ED448_signed-by_ECDSA-SHA3-512,ED448_signed-by_ECDSA-SHA3-512,10.675,2632.46,1149.5,0.333333,0,0,122.444,24,1544.27,1506.47,1258,1255
1,6,9,ED448_signed-by_ECDSA-SHA3-512,ED448_signed-by_ECDSA-SHA3-512,11.591,2423.95,1090.5,0.272727,0,0,109.636,8,1522.09,1512.75,1258,1254
1,8,11,ED448_signed-by_ECDSA-SHA3-512,ED448_signed-by_ECDSA-SHA3-512,11.913,2358.24,1030.05,0.666667,0,0,117.111,14,1542.65,1503.36,1258,1254
1,2,9,ED448_signed-by_ECDSA-SHA3-512,ED448_signed-by_ECDSA-SHA3-512,12.261,2291.47,1021.77,0.6,0,0,154,24,1525.89,1499.4,1258,1254
1,5,9,ED448_signed-by_ECDSA-SHA3-512,ED448_signed-by_ECDSA-SHA3-512,12.148,2312.79,1010.2,0.666667,0,0,166.889,15,1529.22,1500.99,1258,1254
1,1,8,ED448_signed-by_ECDSA-SHA3-512,ED448_signed-by_ECDSA-SHA3-512,12.226,2298.03,1003.75,0.888889,3,0.333333,126,24,1523.69,1488.66,1258,1254
1,3,10,ED448_signed-by_ECDSA-SHA3-512,ED448_signed-by_ECDSA-SHA3-512,12.639,2223.57,1367.18,0.5,7,0.5,106,24,1531.09,1514.19,1258,1255
1,6,10,ED448_signed-by_ECDSA-SHA3-512,ED448_signed-by_ECDSA-SHA3-512,12.581,2233.19,1234.87,0.6,10,0.666667,98.8,8,1523.93,1508.07,1258,1254
1,7,9,ED448_signed-by_ECDSA-SHA3-512,ED448_signed-by_ECDSA-SHA3-512,17.739,1583.8,702.609,1,3,0.3,154.8,16,1556.01,1526.21,1258,1254
1,8,12,ED448_signed-by_ECDSA-SHA3-512,ED448_signed-by_ECDSA-SHA3-512,12.726,2207.74,964.314,1,0,0,117.111,14,1512.08,1531.01,1258,1254
1,5,10,ED448_signed-by_ECDSA-SHA3-512,ED448_signed-by_ECDSA-SHA3-512,12.316,2281.24,996.42,1,0,0,166.889,15,1536.11,1530.04,1258,1254
1,2,10,ED448_signed-by_ECDSA-SHA3-512,ED448_signed-by_ECDSA-SHA3-512,15.126,1857.43,1159.31,1,10,0.666667,140.933,24,1523.35,1495.72,1258,1254
1,1,9,ED448_signed-by_ECDSA-SHA3-512,ED448_signed-by_ECDSA-SHA3-512,13.033,2155.74,1066.82,1,2,0.166667,150.667,24,1545.79,1514.15,1258,1254
1,6,11,ED448_signed-by_ECDSA-SHA3-512,ED448_signed-by_ECDSA-SHA3-512,12.962,2167.51,1313.35,1,7,0.538462,119.231,8,1515.4,1513.57,1258,1254
1,7,10,ED448_signed-by_ECDSA-SHA3-512,ED448_signed-by_ECDSA-SHA3-512,11.226,2502.73,1093.16,1,0,0,167.778,16,1555.54,1501.71,1258,1254
1,3,11,ED448_signed-by_ECDSA-SHA3-512,ED448_signed-by_ECDSA-SHA3-512,19.393,1449.13,887.71,1,8,0.571429,106,24,1537.79,1491.32,1258,1255
1,1,10,ED448_signed-by_ECDSA-SHA3-512,ED448_signed-by_ECDSA-SHA3-512,10.026,2802.07,1817.51,1,9,0.75,142.667,24,1516.64,1504.89,1258,1254
1,2,11,ED448_signed-by_ECDSA-SHA3-512,ED448_signed-by_ECDSA-SHA3-512,12.485,2250.35,1113.64,1,2,0.166667,205.333,24,1535.38,1518.6,1258,1254
1,8,13,ED448_signed-by_ECDSA-SHA3-512,ED448_signed-by_ECDSA-SHA3-512,19.613,1432.46,881.013,1,7,0.5,106,14,1523.76,1553.98,1258,1254
1,5,11,ED448_signed-by_ECDSA-SHA3-512,ED448_signed-by_ECDSA-SHA3-512,17.984,1562.22,1221.48,0.944444,15,0.833333,155.111,15,1529.38,1548.29,1258,1254
1,7,11,ED448_signed-by_ECDSA-SHA3-512,ED448_signed-by_ECDSA-SHA3-512,11.583,2425.61,1205.9,0.5,0,0,140,16,1540.85,1506.52,1258,1254
1,6,12,ED448_signed-by_ECDSA-SHA3-512,ED448_signed-by_ECDSA-SHA3-512,13.779,2039.01,840.684,0.875,1,0.125,131.5,8,1513.21,1530.06,1258,1254
1,3,12,ED448_signed-by_ECDSA-SHA3-512,ED448_signed-by_ECDSA-SHA3-512,10.461,2686.53,1173.11,0.666667,0,0,117.111,24,1517.7,1478.27,1258,1255
1,1,11,ED448_signed-by_ECDSA-SHA3-512,ED448_signed-by_ECDSA-SHA3-512,10.566,2659.06,1161.45,1,3,0.333333,126,24,1517.29,1489.06,1258,1254
1,7,12,ED448_signed-by_ECDSA-SHA3-512,ED448_signed-by_ECDSA-SHA3-512,7.177,3914.31,1709.72,1,0,0,117.111,16,1530.09,1530.99,1258,1254
1,2,12,ED448_signed-by_ECDSA-SHA3-512,ED448_signed-by_ECDSA-SHA3-512,14.097,1992.97,1207.59,1,7,0.538462,156.769,24,1538.78,1487.84,1258,1254
1,6,13,ED448_signed-by_ECDSA-SHA3-512,ED448_signed-by_ECDSA-SHA3-512,8.326,3374.12,1473.78,1,0,0,126,8,1525.12,1503.55,1258,1254
1,8,14,ED448_signed-by_ECDSA-SHA3-512,ED448_signed-by_ECDSA-SHA3-512,12.094,2323.07,1550.48,1,4,0.333333,127.333,14,1533.91,1503.94,1258,1254
1,5,12,ED448_signed-by_ECDSA-SHA3-512,ED448_signed-by_ECDSA-SHA3-512,12.655,2220.09,1345.2,1,7,0.538462,154.923,15,1537.39,1518.35,1258,1254
1,1,12,ED448_signed-by_ECDSA-SHA3-512,ED448_signed-by_ECDSA-SHA3-512,12.251,2293.3,1150.57,0.230769,7,0.538462,142,24,1521.22,1509.58,1258,1254
1,2,13,ED448_signed-by_ECDSA-SHA3-512,ED448_signed-by_ECDSA-SHA3-512,8.627,3256.41,1422.36,0.222222,0,0,156.222,24,1535.57,1505.31,1258,1254
1,7,13,ED448_signed-by_ECDSA-SHA3-512,ED448_signed-by_ECDSA-SHA3-512,10.235,2745.07,1199.01,0.222222,0,0,117.111,16,1517.54,1485.19,1258,1254
1,3,13,ED448_signed-by_ECDSA-SHA3-512,ED448_signed-by_ECDSA-SHA3-512,16.469,1706.39,1118.16,0.923077,10,0.769231,124.769,24,1548.22,1519.7,1258,1255
1,6,14,ED448_signed-by_ECDSA-SHA3-512,ED448_signed-by_ECDSA-SHA3-512,10.679,2630.92,1284,0.545455,0,0,115.818,8,1519.13,1495.47,1258,1254
1,8,15,ED448_signed-by_ECDSA-SHA3-512,ED448_signed-by_ECDSA-SHA3-512,11.026,2548.11,1112.99,0.666667,0,0,117.111,15,1503.49,1508.38,1258,1254
1,5,13,ED448_signed-by_ECDSA-SHA3-512,ED448_signed-by_ECDSA-SHA3-512,12.488,2249.77,982.674,0.666667,0,0,166.889,15,1534.18,1531.79,1258,1254
1,1,13,ED448_signed-by_ECDSA-SHA3-512,ED448_signed-by_ECDSA-SHA3-512,9.96,2820.86,1402.4,0.333333,0,0,150.667,24,1506.33,1514.56,1258,1254
1,2,14,ED448_signed-by_ECDSA-SHA3-512,ED448_signed-by_ECDSA-SHA3-512,10.919,2573.1,1123.9,0.444444,0,0,166.889,24,1521.49,1520,1258,1254
1,7,14,ED448_signed-by_ECDSA-SHA3-512,ED448_signed-by_ECDSA-SHA3-512,11.17,2515.28,1098.64,0.444444,0,0,117.111,16,1531.53,1494.17,1258,1254
1,6,15,ED448_signed-by_ECDSA-SHA3-512,ED448_signed-by_ECDSA-SHA3-512,9.322,3013.65,1161.87,0,0,0,142,8,1523.24,1493.79,1258,1254
1,3,14,ED448_signed-by_ECDSA-SHA3-512,ED448_signed-by_ECDSA-SHA3-512,11.95,2351.76,1525,0.333333,9,0.75,133.333,24,1542.11,1478.73,1258,1255
1,8,16,ED448_signed-by_ECDSA-SHA3-512,ED448_signed-by_ECDSA-SHA3-512,11.502,2442.68,1066.93,0.777778,0,0,117.111,15,1532.23,1516.34,1258,1254
1,5,14,ED448_signed-by_ECDSA-SHA3-512,ED448_signed-by_ECDSA-SHA3-512,11.965,2348.14,1025.64,0.777778,0,0,166.889,15,1513.75,1528.77,1258,1254
1,2,15,ED448_signed-by_ECDSA-SHA3-512,ED448_signed-by_ECDSA-SHA3-512,9.285,3025.64,1321.56,1,0,0,166.889,24,1523.96,1491.85,1258,1254
1,1,14,ED448_signed-by_ECDSA-SHA3-512,ED448_signed-by_ECDSA-SHA3-512,11.863,2368.33,1435.03,0.846154,7,0.538462,166,24,1522,1510.51,1258,1254
1,6,16,ED448_signed-by_ECDSA-SHA3-512,ED448_signed-by_ECDSA-SHA3-512,12.053,2330.99,1137.62,1,0,0,160.909,8,1536.27,1507.64,1258,1254
1,7,15,ED448_signed-by_ECDSA-SHA3-512,ED448_signed-by_ECDSA-SHA3-512,13.141,2137.99,933.847,1,0,0,117.111,16,1519.92,1483.6,1258,1254
1,8,17,ED448_signed-by_ECDSA-SHA3-512,ED448_signed-by_ECDSA-SHA3-512,12.277,2288.44,1020.41,1,3,0.3,109.2,15,1505.71,1504.9,1258,1254
1,3,15,ED448_signed-by_ECDSA-SHA3-512,ED448_signed-by_ECDSA-SHA3-512,14.619,1922.35,1246.55,1,9,0.75,154.667,24,1537.36,1491.78,1258,1255
1,2,16,ED448_signed-by_ECDSA-SHA3-512,ED448_signed-by_ECDSA-SHA3-512,10.101,2781.47,1401.83,0.846154,5,0.384615,134,24,1538.65,1506.39,1258,1254
1,5,15,ED448_signed-by_ECDSA-SHA3-512,ED448_signed-by_ECDSA-SHA3-512,14.174,1982.15,1556.59,1,11,0.785714,185.429,15,1542.98,1537.77,1258,1254
1,1,15,ED448_signed-by_ECDSA-SHA3-512,ED448_signed-by_ECDSA-SHA3-512,13.017,2158.34,1307.79,0.846154,7,0.538462,119.231,24,1522.89,1489.17,1258,1254
1,6,17,ED448_signed-by_ECDSA-SHA3-512,ED448_signed-by_ECDSA-SHA3-512,12.705,2211.34,986.034,1,3,0.3,117.2,8,1533.95,1499.53,1258,1254
1,7,16,ED448_signed-by_ECDSA-SHA3-512,ED448_signed-by_ECDSA-SHA3-512,13.343,2105.59,1384.94,1,9,0.692308,124.769,16,1534.05,1496.62,1258,1254
1,3,16,ED448_signed-by_ECDSA-SHA3-512,ED448_signed-by_ECDSA-SHA3-512,12.999,2161.96,963.744,0.7,0,0,126,24,1528.39,1497.72,1258,1255
1,8,18,ED448_signed-by_ECDSA-SHA3-512,ED448_signed-by_ECDSA-SHA3-512,14.381,1953.63,966.802,0.583333,2,0.166667,140,15,1523.04,1497.35,1258,1254
1,2,17,ED448_signed-by_ECDSA-SHA3-512,ED448_signed-by_ECDSA-SHA3-512,12.597,2230.34,974.186,1,0,0,135.778,24,1521.11,1491.78,1258,1254
1,5,16,ED448_signed-by_ECDSA-SHA3-512,ED448_signed-by_ECDSA-SHA3-512,10.519,2670.74,1166.55,1,0,0,126,15,1522.48,1564.29,1258,1254
1,1,16,ED448_signed-by_ECDSA-SHA3-512,ED448_signed-by_ECDSA-SHA3-512,14.372,1954.87,1184.5,1,7,0.538462,119.231,24,1529.09,1497.71,1258,1254
1,6,18,ED448_signed-by_ECDSA-SHA3-512,ED448_signed-by_ECDSA-SHA3-512,12.315,2281.43,1129.02,0.916667,2,0.166667,150.667,8,1548.89,1543.94,1258,1254
1,7,17,ED448_signed-by_ECDSA-SHA3-512,ED448_signed-by_ECDSA-SHA3-512,14.099,1992.71,906.708,0.727273,0,0,102.727,16,1523.94,1495.65,1258,1254
1,3,17,ED448_signed-by_ECDSA-SHA3-512,ED448_signed-by_ECDSA-SHA3-512,11.393,2466.76,1077.14,0.888889,0,0,135.778,24,1526.68,1485.43,1258,1255
1,8,19,ED448_signed-by_ECDSA-SHA3-512,ED448_signed-by_ECDSA-SHA3-512,11.857,2369.54,1536.96,0.833333,9,0.75,132,15,1517.57,1521.48,1258,1254
1,2,18,ED448_signed-by_ECDSA-SHA3-512,ED448_signed-by_ECDSA-SHA3-512,11.969,2347.36,1522.58,0.5,12,1,154.667,24,1535.46,1502.12,1258,1254
1,5,17,ED448_signed-by_ECDSA-SHA3-512,ED448_signed-by_ECDSA-SHA3-512,12.961,2167.68,966.569,0.2,0,0,117.2,15,1541.49,1484.84,1258,1254
1,1,17,ED448_signed-by_ECDSA-SHA3-512,ED448_signed-by_ECDSA-SHA3-512,10.24,2743.75,1198.44,0.666667,0,0,126,24,1538.31,1512.11,1258,1254
1,6,19,ED448_signed-by_ECDSA-SHA3-512,ED448_signed-by_ECDSA-SHA3-512,12.53,2242.24,979.385,1,0,0,126,8,1532.95,1511.97,1258,1254
1,7,18,ED448_signed-by_ECDSA-SHA3-512,ED448_signed-by_ECDSA-SHA3-512,11.1,2531.15,1128.64,0.9,0,0,109.2,16,1549.73,1501.33,1258,1254
1,8,20,ED448_signed-by_ECDSA-SHA3-512,ED448_signed-by_ECDSA-SHA3-512,10.45,2688.6,1198.85,0.9,0,0,109.2,15,1633.52,1497.04,1258,1254
1,2,19,ED448_signed-by_ECDSA-SHA3-512,ED448_signed-by_ECDSA-SHA3-512,10.941,2567.92,1305.9,0.714286,8,0.571429,146,24,1526.93,1507.82,1258,1254
1,3,18,ED448_signed-by_ECDSA-SHA3-512,ED448_signed-by_ECDSA-SHA3-512,13.962,2012.83,1573.37,0.833333,15,0.833333,116.222,24,1537.26,1531.3,1258,1255
1,5,18,ED448_signed-by_ECDSA-SHA3-512,ED448_signed-by_ECDSA-SHA3-512,11.24,2499.59,963.68,1,0,0,142,15,1534.62,1512.04,1258,1254
1,1,18,ED448_signed-by_ECDSA-SHA3-512,ED448_signed-by_ECDSA-SHA3-512,13.867,2026.04,921.871,1,0,0,110,24,1551.77,1507.29,1258,1254
1,6,20,ED448_signed-by_ECDSA-SHA3-512,ED448_signed-by_ECDSA-SHA3-512,15.389,1825.66,1153,1,8,0.571429,114.857,8,1493.58,1578.17,1258,1254
1,8,21,ED448_signed-by_ECDSA-SHA3-512,ED448_signed-by_ECDSA-SHA3-512,13.255,2119.61,925.819,1,0,0,117.111,15,1520.79,1519.73,1258,1254
1,3,19,ED448_signed-by_ECDSA-SHA3-512,ED448_signed-by_ECDSA-SHA3-512,11.589,2425.04,1058.93,1,0,0,135.778,24,1534.8,1486.95,1258,1255
1,2,20,ED448_signed-by_ECDSA-SHA3-512,ED448_signed-by_ECDSA-SHA3-512,13.676,2054.35,1002.61,1,0,0,175.455,24,1513.49,1507.67,1258,1254
1,7,19,ED448_signed-by_ECDSA-SHA3-512,ED448_signed-by_ECDSA-SHA3-512,17.118,1641.25,1053.36,1,3,0.272727,126.727,16,1524.51,1512.01,1258,1254
1,5,19,ED448_signed-by_ECDSA-SHA3-512,ED448_signed-by_ECDSA-SHA3-512,14.13,1988.35,1519.57,1,16,0.888889,169.778,15,1529.99,1521.14,1258,1254
1,1,19,ED448_signed-by_ECDSA-SHA3-512,ED448_signed-by_ECDSA-SHA3-512,15.791,1779.17,1166.19,1,10,0.769231,134.615,24,1507.88,1730.95,1258,1254
1,3,20,ED448_signed-by_ECDSA-SHA3-512,ED448_signed-by_ECDSA-SHA3-512,10.208,2753.11,1202.18,1,0,0,135.778,24,1531.33,1513.96,1258,1255
1,2,21,ED448_signed-by_ECDSA-SHA3-512,ED448_signed-by_ECDSA-SHA3-512,9.698,2897.09,1265.41,0.888889,0,0,126,24,1528.43,1487.94,1258,1254
1,7,20,ED448_signed-by_ECDSA-SHA3-512,ED448_signed-by_ECDSA-SHA3-512,9.68,2902.45,1267.76,0.666667,0,0,117.111,16,1529.77,1513.84,1258,1254
1,6,21,ED448_signed-by_ECDSA-SHA3-512,ED448_signed-by_ECDSA-SHA3-512,15.424,1821.5,1198.08,1,9,0.692308,134.615,8,1531.03,1499.13,1258,1254
1,8,22,ED448_signed-by_ECDSA-SHA3-512,ED448_signed-by_ECDSA-SHA3-512,17.176,1635.69,1265.89,1,17,0.894737,102,15,1530.22,1491.04,1258,1254
1,5,20,ED448_signed-by_ECDSA-SHA3-512,ED448_signed-by_ECDSA-SHA3-512,13.629,2061.41,1562.49,1,15,0.882353,207.882,15,1542.37,1501.29,1258,1254
1,1,20,ED448_signed-by_ECDSA-SHA3-512,ED448_signed-by_ECDSA-SHA3-512,12.147,2312.91,1792.64,1,14,0.823529,148.118,24,1535.56,1517.26,1258,1254
1,6,22,ED448_signed-by_ECDSA-SHA3-512,ED448_signed-by_ECDSA-SHA3-512,10.03,2801.15,1223.51,1,0,0,126,8,1522.59,1489.57,1258,1254
1,3,21,ED448_signed-by_ECDSA-SHA3-512,ED448_signed-by_ECDSA-SHA3-512,14.454,1944.29,866.711,1,0,0,126,24,1532.25,1489.85,1258,1255
1,2,22,ED448_signed-by_ECDSA-SHA3-512,ED448_signed-by_ECDSA-SHA3-512,14.44,1945.62,1192.19,1,8,0.571429,113.429,24,1532.32,1488.93,1258,1254
1,5,21,ED448_signed-by_ECDSA-SHA3-512,ED448_signed-by_ECDSA-SHA3-512,9.059,3101.43,1354.67,1,3,0.333333,132.222,15,1551.79,1514.29,1258,1254
1,8,23,ED448_signed-by_ECDSA-SHA3-512,ED448_signed-by_ECDSA-SHA3-512,11.033,2546.49,1135.48,1,3,0.3,109.2,15,1509.36,1547.26,1258,1254
1,7,21,ED448_signed-by_ECDSA-SHA3-512,ED448_signed-by_ECDSA-SHA3-512,17.51,1604.48,1484.78,1,24,1.26316,124.737,16,1523.45,1489.14,1258,1254
1,1,21,ED448_signed-by_ECDSA-SHA3-512,ED448_signed-by_ECDSA-SHA3-512,11.642,2413.28,1076.08,1,0,0,117.2,24,1528.01,1488.22,1258,1254
1,2,23,ED448_signed-by_ECDSA-SHA3-512,ED448_signed-by_ECDSA-SHA3-512,9.711,2893.2,1263.72,1,0,0,126,24,1534.77,1505.22,1258,1254
1,5,22,ED448_signed-by_ECDSA-SHA3-512,ED448_signed-by_ECDSA-SHA3-512,11.734,2394.36,1228.54,0.714286,2,0.142857,134.571,15,1519.77,1504.13,1258,1254
1,6,23,ED448_signed-by_ECDSA-SHA3-512,ED448_signed-by_ECDSA-SHA3-512,14.817,1896.13,1242.85,1,10,0.769231,134.615,8,1522.74,1499.6,1258,1254
1,7,22,ED448_signed-by_ECDSA-SHA3-512,ED448_signed-by_ECDSA-SHA3-512,10.578,2656.06,1160.14,0.777778,3,0.333333,117.111,16,1539.5,1509.85,1258,1254
1,1,22,ED448_signed-by_ECDSA-SHA3-512,ED448_signed-by_ECDSA-SHA3-512,8.72,3221.71,1407.21,0.666667,0,0,126,24,1532.67,1510.67,1258,1254
1,8,24,ED448_signed-by_ECDSA-SHA3-512,ED448_signed-by_ECDSA-SHA3-512,15.833,1774.45,1190.38,0.705882,10,0.588235,124.588,15,1513.61,1513.49,1258,1254
1,2,24,ED448_signed-by_ECDSA-SHA3-512,ED448_signed-by_ECDSA-SHA3-512,9.93,2829.4,1261.63,0.6,0,0,117.2,24,1554.82,1510.75,1258,1254
1,5,23,ED448_signed-by_ECDSA-SHA3-512,ED448_signed-by_ECDSA-SHA3-512,8.239,3409.78,1512.65,1,5,0.5,117.2,15,1526.98,1509.57,1258,1254
1,7,23,ED448_signed-by_ECDSA-SHA3-512,ED448_signed-by_ECDSA-SHA3-512,6.965,4033.46,1996.05,0.75,2,0.166667,140,16,1526.23,1502.81,1258,1254
1,6,24,ED448_signed-by_ECDSA-SHA3-512,ED448_signed-by_ECDSA-SHA3-512,12.243,2294.79,1002.34,1,0,0,126,8,1532.96,1499.16,1258,1254
1,1,23,ED448_signed-by_ECDSA-SHA3-512,ED448_signed-by_ECDSA-SHA3-512,10.928,2570.95,1180.06,1,0,0,103.667,24,1526.93,1523.88,1258,1254
1,5,24,ED448_signed-by_ECDSA-SHA3-512,ED448_signed-by_ECDSA-SHA3-512,10.57,2658.01,1345.66,1,0,0,142,15,1517.78,1511.59,1258,1254
1,7,24,ED448_signed-by_ECDSA-SHA3-512,ED448_signed-by_ECDSA-SHA3-512,11.146,2520.64,1594.78,1,8,0.571429,107.143,16,1543.92,1489.96,1258,1254
1,2,25,ED448_signed-by_ECDSA-SHA3-512,ED448_signed-by_ECDSA-SHA3-512,14.214,1976.54,1643.37,1,21,1.16667,125.556,24,1527.49,1495.34,1258,1254
1,8,25,ED448_signed-by_ECDSA-SHA3-512,ED448_signed-by_ECDSA-SHA3-512,17.549,1601,1413.19,1,22,1.1,117.2,15,1494.97,1511.05,1258,1254
1,6,25,ED448_signed-by_ECDSA-SHA3-512,ED448_signed-by_ECDSA-SHA3-512,13.243,2121.49,1680.52,1,12,0.8,131.333,8,1512.4,1511.92,1258,1254
1,1,24,ED448_signed-by_ECDSA-SHA3-512,ED448_signed-by_ECDSA-SHA3-512,12.124,2317.31,1503.09,1,9,0.75,142.667,24,1520.53,1491.98,1258,1254
1,3,22,ED448_signed-by_ECDSA-SHA3-512,ED448_signed-by_ECDSA-SHA3-512,41.838,671.723,596.195,1,22,1.15789,139.053,24,1527.17,1509.98,1258,1255
1,5,25,ED448_signed-by_ECDSA-SHA3-512,ED448_signed-by_ECDSA-SHA3-512,10.94,2568.15,1121.74,1,3,0.333333,126,15,1548.26,1516.64,1258,1254
1,7,25,ED448_signed-by_ECDSA-SHA3-512,ED448_signed-by_ECDSA-SHA3-512,10.518,2671.2,1191.09,1,0,0,109.2,16,1536.47,1501.17,1258,1254
1,2,26,ED448_signed-by_ECDSA-SHA3-512,ED448_signed-by_ECDSA-SHA3-512,12.04,2333.49,1549.46,1,9,0.5625,139,24,1536.59,1507.72,1258,1254
1,6,26,ED448_signed-by_ECDSA-SHA3-512,ED448_signed-by_ECDSA-SHA3-512,7.679,3658.43,1597.96,1,0,0,126,8,1525.82,1506.04,1258,1254
1,8,26,ED448_signed-by_ECDSA-SHA3-512,ED448_signed-by_ECDSA-SHA3-512,13.851,2028.37,1419.63,1,11,0.785714,130.571,15,1528.71,1492.68,1258,1254
1,7,26,ED448_signed-by_ECDSA-SHA3-512,ED448_signed-by_ECDSA-SHA3-512,7.893,3559.25,1554.64,1,0,0,117.111,16,1541.04,1490.46,1258,1254
1,2,27,ED448_signed-by_ECDSA-SHA3-512,ED448_signed-by_ECDSA-SHA3-512,6.821,4118.64,1798.97,0.777778,0,0,126,24,1532.46,1497.9,1258,1254
1,6,27,ED448_signed-by_ECDSA-SHA3-512,ED448_signed-by_ECDSA-SHA3-512,8.286,3390.44,1511.79,0.7,0,0,117.2,8,1525.43,1503.07,1258,1254
1,8,27,ED448_signed-by_ECDSA-SHA3-512,ED448_signed-by_ECDSA-SHA3-512,7.992,3515.19,1559.42,0.4,5,0.5,117.2,15,1518.15,1514.51,1258,1254
1,3,23,ED448_signed-by_ECDSA-SHA3-512,ED448_signed-by_ECDSA-SHA3-512,18.136,1549.56,1447.67,1,24,1.2,143.6,24,1533.92,1555.9,1258,1255
1,7,27,ED448_signed-by_ECDSA-SHA3-512,ED448_signed-by_ECDSA-SHA3-512,9.49,2960.32,1372.27,0.6,1,0.1,110.8,16,1543.1,1496.8,1258,1254
1,2,28,ED448_signed-by_ECDSA-SHA3-512,ED448_signed-by_ECDSA-SHA3-512,11.02,2549.54,1136.84,0.5,0,0,117.2,24,1533.01,1524.5,1258,1254
1,6,28,ED448_signed-by_ECDSA-SHA3-512,ED448_signed-by_ECDSA-SHA3-512,9.969,2818.08,1230.9,0.444444,0,0,126,8,1510.19,1503.68,1258,1254
1,8,28,ED448_signed-by_ECDSA-SHA3-512,ED448_signed-by_ECDSA-SHA3-512,9.421,2981.96,1455.32,0.181818,0,0,160.909,15,1526.23,1509.03,1258,1254
1,3,24,ED448_signed-by_ECDSA-SHA3-512,ED448_signed-by_ECDSA-SHA3-512,7.931,3543.18,1547.18,0,0,0,135.778,24,1523.31,1500.81,1258,1255
1,1,25,ED448_signed-by_ECDSA-SHA3-512,ED448_signed-by_ECDSA-SHA3-512,27.876,1007.86,674.396,1,12,0.8,182,24,1525.02,1494.26,1258,1254
1,7,28,ED448_signed-by_ECDSA-SHA3-512,ED448_signed-by_ECDSA-SHA3-512,12.252,2293.11,1022.5,1,0,0,109.2,16,1552.75,1513.63,1258,1254
1,2,29,ED448_signed-by_ECDSA-SHA3-512,ED448_signed-by_ECDSA-SHA3-512,9.715,2892.01,1263.2,1,0,0,120.667,24,1518.73,1502.76,1258,1254
1,6,29,ED448_signed-by_ECDSA-SHA3-512,ED448_signed-by_ECDSA-SHA3-512,13.411,2094.95,1269.38,1,7,0.538462,118.615,9,1510.76,1506.73,1258,1254
1,8,29,ED448_signed-by_ECDSA-SHA3-512,ED448_signed-by_ECDSA-SHA3-512,13.644,2059.18,1247.7,1,10,0.769231,111.846,15,1521.5,1536.82,1258,1254
1,5,26,ED448_signed-by_ECDSA-SHA3-512,ED448_signed-by_ECDSA-SHA3-512,40.763,689.237,626.044,1,20,0.8,142,15,1534.8,1524.35,1258,1254
1,1,26,ED448_signed-by_ECDSA-SHA3-512,ED448_signed-by_ECDSA-SHA3-512,16.097,1745.37,1132.1,1,9,0.75,142.667,24,1529.33,1496.04,1258,1254
1,2,30,ED448_signed-by_ECDSA-SHA3-512,ED448_signed-by_ECDSA-SHA3-512,13.345,2105.32,957.947,1,0,0,109.273,24,1529.27,1493.9,1258,1254
1,7,29,ED448_signed-by_ECDSA-SHA3-512,ED448_signed-by_ECDSA-SHA3-512,14.696,1911.78,1158.39,1,7,0.538462,111.231,16,1536.28,1485.07,1258,1254
1,3,25,ED448_signed-by_ECDSA-SHA3-512,ED448_signed-by_ECDSA-SHA3-512,21.276,1320.87,1088.88,1,17,1,137.294,24,1525.7,1505.02,1258,1255
1,6,30,ED448_signed-by_ECDSA-SHA3-512,ED448_signed-by_ECDSA-SHA3-512,13.86,2027.07,1319.44,1,2,0.166667,113.333,9,1523.33,1525.84,1258,1254
1,5,27,ED448_signed-by_ECDSA-SHA3-512,ED448_signed-by_ECDSA-SHA3-512,10.445,2689.88,1199.42,0.8,0,0,120.4,15,1558.33,1505.5,1258,1254
1,8,30,ED448_signed-by_ECDSA-SHA3-512,ED448_signed-by_ECDSA-SHA3-512,14.93,1881.78,1439.2,0.944444,16,0.888889,170,15,1516.57,1509.65,1258,1254
1,1,27,ED448_signed-by_ECDSA-SHA3-512,ED448_signed-by_ECDSA-SHA3-512,12.062,2329.24,1017.39,1,3,0.333333,128.667,24,1508.19,1494.72,1258,1254
1,7,30,ED448_signed-by_ECDSA-SHA3-512,ED448_signed-by_ECDSA-SHA3-512,9.883,2842.84,1241.72,0.666667,0,0,117.111,16,1540.83,1511.92,1258,1254
1,2,31,ED448_signed-by_ECDSA-SHA3-512,ED448_signed-by_ECDSA-SHA3-512,13.514,2078.97,1348.49,1,9,0.75,132,24,1533.93,1565.06,1258,1254
1,3,26,ED448_signed-by_ECDSA-SHA3-512,ED448_signed-by_ECDSA-SHA3-512,13.212,2127.08,1379.3,1,9,0.75,154.667,24,1546.82,1505.22,1258,1255
1,6,31,ED448_signed-by_ECDSA-SHA3-512,ED448_signed-by_ECDSA-SHA3-512,11.694,2402.53,1058.98,0.9,0,0,108.8,9,1530.88,1499.4,1258,1254
1,1,28,ED448_signed-by_ECDSA-SHA3-512,ED448_signed-by_ECDSA-SHA3-512,8.977,3129.77,1548.84,0.583333,2,0.166667,256,24,1521.59,1503.38,1258,1254
1,7,31,ED448_signed-by_ECDSA-SHA3-512,ED448_signed-by_ECDSA-SHA3-512,9.576,2933.96,1281.52,0.777778,0,0,117.111,16,1528.73,1498.77,1258,1254
1,5,28,ED448_signed-by_ECDSA-SHA3-512,ED448_signed-by_ECDSA-SHA3-512,14.895,1886.19,1529.57,0.866667,9,0.6,128.667,15,1538.67,1667.52,1258,1254
1,8,31,ED448_signed-by_ECDSA-SHA3-512,ED448_signed-by_ECDSA-SHA3-512,14.017,2004.35,1246.44,1,8,0.533333,101.467,15,1533.55,1531.89,1258,1254
1,2,32,ED448_signed-by_ECDSA-SHA3-512,ED448_signed-by_ECDSA-SHA3-512,9.728,2888.14,1261.51,1,0,0,117.111,24,1528.24,1484.7,1258,1254
1,3,27,ED448_signed-by_ECDSA-SHA3-512,ED448_signed-by_ECDSA-SHA3-512,12.51,2246.45,980.943,1,0,0,135.778,24,1535.93,1498.15,1258,1255
1,6,32,ED448_signed-by_ECDSA-SHA3-512,ED448_signed-by_ECDSA-SHA3-512,10.611,2647.79,1156.52,1,0,0,117.111,9,1536.32,1501.52,1258,1254
1,1,29,ED448_signed-by_ECDSA-SHA3-512,ED448_signed-by_ECDSA-SHA3-512,13.344,2105.44,957.999,1,3,0.272727,110,24,1522.76,1509.79,1258,1254
1,8,32,ED448_signed-by_ECDSA-SHA3-512,ED448_signed-by_ECDSA-SHA3-512,9.258,3034.75,1346.28,1,4,0.4,109.2,15,1519.44,1506.61,1258,1254
1,7,32,ED448_signed-by_ECDSA-SHA3-512,ED448_signed-by_ECDSA-SHA3-512,12.909,2176.4,1411.68,1,9,0.75,132,16,1530.04,1488.45,1258,1254
1,2,33,ED448_signed-by_ECDSA-SHA3-512,ED448_signed-by_ECDSA-SHA3-512,11.776,2385.78,1569.24,1,9,0.692308,124.769,24,1533.24,1519.59,1258,1254
1,3,28,ED448_signed-by_ECDSA-SHA3-512,ED448_signed-by_ECDSA-SHA3-512,7.986,3518.74,1356.21,1,0,0,153.429,24,1537.26,1490.09,1258,1255
1,6,33,ED448_signed-by_ECDSA-SHA3-512,ED448_signed-by_ECDSA-SHA3-512,8.48,3313.2,1447.17,1,0,0,117.111,9,1519.34,1490.44,1258,1254
1,5,29,ED448_signed-by_ECDSA-SHA3-512,ED448_signed-by_ECDSA-SHA3-512,17.592,1597.09,1598,1,29,1.31818,126.727,15,1541.24,1505.63,1258,1254
1,6,34,ED448_signed-by_ECDSA-SHA3-512,ED448_signed-by_ECDSA-SHA3-512,5.834,4815.22,2103.23,1,0,0,112.667,9,1520.38,1515.67,1258,1254
1,7,33,ED448_signed-by_ECDSA-SHA3-512,ED448_signed-by_ECDSA-SHA3-512,11.84,2372.88,1058.07,1,0,0,109.2,16,1540.54,1486.24,1258,1254
1,2,34,ED448_signed-by_ECDSA-SHA3-512,ED448_signed-by_ECDSA-SHA3-512,10.762,2610.6,1140.28,1,0,0,117.111,24,1550.09,1496.63,1258,1254
1,3,29,ED448_signed-by_ECDSA-SHA3-512,ED448_signed-by_ECDSA-SHA3-512,11.362,2473.43,2043.23,0.684211,14,0.736842,145.368,24,1535.85,1508.52,1258,1255
1,8,33,ED448_signed-by_ECDSA-SHA3-512,ED448_signed-by_ECDSA-SHA3-512,17.663,1590.66,787.176,1,2,0.166667,140,15,1535.41,1501.16,1258,1254
1,5,30,ED448_signed-by_ECDSA-SHA3-512,ED448_signed-by_ECDSA-SHA3-512,11.016,2550.41,1244.7,0.909091,0,0,175.455,15,1538.39,1496.97,1258,1254
1,1,30,ED448_signed-by_ECDSA-SHA3-512,ED448_signed-by_ECDSA-SHA3-512,20.665,1359.57,1151.3,1,18,0.818182,137.091,24,1533.47,1511.61,1258,1254
1,6,35,ED448_signed-by_ECDSA-SHA3-512,ED448_signed-by_ECDSA-SHA3-512,10.514,2672.23,1030.24,1,0,0,131.714,9,1521.22,1506.9,1258,1254
1,7,34,ED448_signed-by_ECDSA-SHA3-512,ED448_signed-by_ECDSA-SHA3-512,9.696,2897.67,1265.67,1,3,0.333333,117.111,16,1541.62,1504.04,1258,1254
1,3,30,ED448_signed-by_ECDSA-SHA3-512,ED448_signed-by_ECDSA-SHA3-512,9.896,2839.91,1720.28,1,7,0.538462,127.846,24,1527.69,1503.31,1258,1255
1,8,34,ED448_signed-by_ECDSA-SHA3-512,ED448_signed-by_ECDSA-SHA3-512,9.203,3052.91,1361.29,1,0,0,109.2,15,1536.46,1523.9,1258,1254
1,2,35,ED448_signed-by_ECDSA-SHA3-512,ED448_signed-by_ECDSA-SHA3-512,14.785,1900.22,1164.37,1,11,0.785714,106,24,1523.17,1492.04,1258,1254
1,5,31,ED448_signed-by_ECDSA-SHA3-512,ED448_signed-by_ECDSA-SHA3-512,10.979,2559.02,1683.18,1,9,0.692308,124.769,15,1538.19,1493.98,1258,1254
1,6,36,ED448_signed-by_ECDSA-SHA3-512,ED448_signed-by_ECDSA-SHA3-512,9.541,2944.75,1463.99,1,0,0,140,9,1531.55,1537.85,1258,1254
1,1,31,ED448_signed-by_ECDSA-SHA3-512,ED448_signed-by_ECDSA-SHA3-512,14.065,1997.5,1633.49,1,16,1,133,24,1521.28,1507.22,1258,1254
1,8,35,ED448_signed-by_ECDSA-SHA3-512,ED448_signed-by_ECDSA-SHA3-512,7.867,3571.01,1598.41,0.727273,4,0.363636,102.364,15,1508.41,1496.44,1258,1254
1,3,31,ED448_signed-by_ECDSA-SHA3-512,ED448_signed-by_ECDSA-SHA3-512,12.497,2248.79,1473.59,1,13,1,145.692,24,1541.15,1508.24,1258,1255
1,5,32,ED448_signed-by_ECDSA-SHA3-512,ED448_signed-by_ECDSA-SHA3-512,8.934,3144.83,1373.62,1,0,0,117.111,15,1531.11,1510.43,1258,1254
1,2,36,ED448_signed-by_ECDSA-SHA3-512,ED448_signed-by_ECDSA-SHA3-512,13.151,2136.32,1096.14,1,5,0.357143,125.429,24,1539.34,1516.7,1258,1254
1,6,37,ED448_signed-by_ECDSA-SHA3-512,ED448_signed-by_ECDSA-SHA3-512,11.885,2363.89,1694.84,1,7,0.5,108.286,9,1506.68,1499.57,1258,1254
1,1,32,ED448_signed-by_ECDSA-SHA3-512,ED448_signed-by_ECDSA-SHA3-512,9.334,3010.01,1851.26,1,7,0.5,113.429,24,1531.04,1522.54,1258,1254
1,8,36,ED448_signed-by_ECDSA-SHA3-512,ED448_signed-by_ECDSA-SHA3-512,10.666,2634.09,1480.55,1,7,0.4375,118,15,1529.58,1508.73,1258,1254
1,5,33,ED448_signed-by_ECDSA-SHA3-512,ED448_signed-by_ECDSA-SHA3-512,10.263,2737.53,1730.44,1,10,0.833333,128.667,15,1532.09,1525.91,1258,1254
1,6,38,ED448_signed-by_ECDSA-SHA3-512,ED448_signed-by_ECDSA-SHA3-512,7.171,3917.59,1746.85,1,0,0,109.2,9,1532.75,1570.34,1258,1254
1,1,33,ED448_signed-by_ECDSA-SHA3-512,ED448_signed-by_ECDSA-SHA3-512,6.839,4107.74,1583.68,1,0,0,142,24,1518.98,1535.94,1258,1254
1,3,32,ED448_signed-by_ECDSA-SHA3-512,ED448_signed-by_ECDSA-SHA3-512,14.781,1901.26,2288.22,1,40,1.42857,166.857,24,1544.76,1485.23,1258,1255
1,2,37,ED448_signed-by_ECDSA-SHA3-512,ED448_signed-by_ECDSA-SHA3-512,15.849,1772.64,1264.88,1,16,1,175,24,1528.1,1521.22,1258,1254
1,5,34,ED448_signed-by_ECDSA-SHA3-512,ED448_signed-by_ECDSA-SHA3-512,10.968,2561.63,1250.18,0.727273,0,0,149.273,15,1531.26,1519.74,1258,1254
1,6,39,ED448_signed-by_ECDSA-SHA3-512,ED448_signed-by_ECDSA-SHA3-512,11.102,2530.69,1105.38,0.888889,0,0,117.111,9,1520.39,1502.7,1258,1254
1,8,37,ED448_signed-by_ECDSA-SHA3-512,ED448_signed-by_ECDSA-SHA3-512,16.853,1667.05,1107.89,1,12,0.857143,118.571,15,1521.52,1486.01,1258,1254
1,1,34,ED448_signed-by_ECDSA-SHA3-512,ED448_signed-by_ECDSA-SHA3-512,12.878,2181.67,1064.74,0.909091,0,0,160.909,24,1526.55,1488.44,1258,1254
1,3,33,ED448_signed-by_ECDSA-SHA3-512,ED448_signed-by_ECDSA-SHA3-512,13.012,2159.81,1636.61,0.470588,15,0.882353,181.529,24,1536.56,1501.37,1258,1255
1,7,35,ED448_signed-by_ECDSA-SHA3-512,ED448_signed-by_ECDSA-SHA3-512,44.226,635.27,331.744,1,6,0.375,120.5,16,1533.14,1492.01,1258,1254
1,2,38,ED448_signed-by_ECDSA-SHA3-512,ED448_signed-by_ECDSA-SHA3-512,10.99,2556.51,1270.97,0.416667,0,0,140.667,24,1524.95,1500.54,1258,1254
1,5,35,ED448_signed-by_ECDSA-SHA3-512,ED448_signed-by_ECDSA-SHA3-512,10.462,2685.49,1172.99,0.666667,0,0,117.111,15,1534.42,1514.88,1258,1254
1,6,40,ED448_signed-by_ECDSA-SHA3-512,ED448_signed-by_ECDSA-SHA3-512,10.883,2581.59,1127.61,0.666667,0,0,117.111,9,1519.59,1505.94,1258,1254
1,8,38,ED448_signed-by_ECDSA-SHA3-512,ED448_signed-by_ECDSA-SHA3-512,11.829,2375.12,1159.16,0.363636,2,0.181818,149.273,15,1557.62,1495.68,1258,1254
1,3,34,ED448_signed-by_ECDSA-SHA3-512,ED448_signed-by_ECDSA-SHA3-512,10.049,2796.66,1221.2,0.444444,0,0,135.778,24,1526.06,1520.42,1258,1255
1,1,35,ED448_signed-by_ECDSA-SHA3-512,ED448_signed-by_ECDSA-SHA3-512,12.32,2280.44,1397.36,0.285714,8,0.571429,117.429,24,1518.69,1477.78,1258,1254
1,7,36,ED448_signed-by_ECDSA-SHA3-512,ED448_signed-by_ECDSA-SHA3-512,10.416,2697.35,1202.75,1,0,0,109.2,16,1543.74,1499.71,1258,1254
1,2,39,ED448_signed-by_ECDSA-SHA3-512,ED448_signed-by_ECDSA-SHA3-512,10.278,2733.58,1193.99,1,0,0,117.111,24,1537.85,1508.42,1258,1254
1,5,36,ED448_signed-by_ECDSA-SHA3-512,ED448_signed-by_ECDSA-SHA3-512,11.687,2403.98,1050.03,0.888889,0,0,122.444,15,1554.67,1496.35,1258,1254
1,6,41,ED448_signed-by_ECDSA-SHA3-512,ED448_signed-by_ECDSA-SHA3-512,10.722,2620.37,1144.55,1,0,0,117.111,9,1511.23,1491.94,1258,1254
1,8,39,ED448_signed-by_ECDSA-SHA3-512,ED448_signed-by_ECDSA-SHA3-512,9.53,2948.15,1287.72,1,0,0,119.778,15,1545.31,1510.96,1258,1254
1,7,37,ED448_signed-by_ECDSA-SHA3-512,ED448_signed-by_ECDSA-SHA3-512,9.668,2906.07,1269.34,0.666667,0,0,117.111,16,1544.78,1516.72,1258,1254
1,2,40,ED448_signed-by_ECDSA-SHA3-512,ED448_signed-by_ECDSA-SHA3-512,9.382,2994.65,1308.03,1,0,0,117.111,24,1545.1,1508.38,1258,1254
1,3,35,ED448_signed-by_ECDSA-SHA3-512,ED448_signed-by_ECDSA-SHA3-512,13.485,2084.02,1703.76,1,16,1,177.5,24,1533.22,1508.89,1258,1255
1,1,36,ED448_signed-by_ECDSA-SHA3-512,ED448_signed-by_ECDSA-SHA3-512,17.609,1595.46,1034.87,1,9,0.75,142.667,24,1535.95,1496.2,1258,1254
1,8,40,ED448_signed-by_ECDSA-SHA3-512,ED448_signed-by_ECDSA-SHA3-512,10.937,2568.82,1145.43,0.8,0,0,109.2,15,1519.54,1501.93,1258,1254
1,5,37,ED448_signed-by_ECDSA-SHA3-512,ED448_signed-by_ECDSA-SHA3-512,14.13,1988.3,2033.6,0.944444,17,0.944444,129.111,15,1514.02,1501.4,1258,1254
1,6,42,ED448_signed-by_ECDSA-SHA3-512,ED448_signed-by_ECDSA-SHA3-512,14.259,1970.32,1278.01,1,9,0.75,132,9,1515.42,1513.76,1258,1254
1,3,36,ED448_signed-by_ECDSA-SHA3-512,ED448_signed-by_ECDSA-SHA3-512,9.02,3115.74,1360.53,1,3,0.333333,166.889,24,1536,1511.89,1258,1255
1,7,38,ED448_signed-by_ECDSA-SHA3-512,ED448_signed-by_ECDSA-SHA3-512,11.203,2507.85,1626.67,1,9,0.75,132,16,1557.49,1483.46,1258,1254
1,1,37,ED448_signed-by_ECDSA-SHA3-512,ED448_signed-by_ECDSA-SHA3-512,9.247,3038.38,1327.13,0.555556,0,0,126.889,24,1529,1497.96,1258,1254
1,2,41,ED448_signed-by_ECDSA-SHA3-512,ED448_signed-by_ECDSA-SHA3-512,14.901,1885.42,1541.84,0.5625,16,1,123.5,24,1535.8,1534.85,1258,1254
1,8,41,ED448_signed-by_ECDSA-SHA3-512,ED448_signed-by_ECDSA-SHA3-512,9.504,2956.21,1291.24,0.555556,0,0,117.111,15,1503.51,1499.45,1258,1254
1,6,43,ED448_signed-by_ECDSA-SHA3-512,ED448_signed-by_ECDSA-SHA3-512,8.573,3276.89,1431.3,0.555556,3,0.333333,117.111,9,1537.75,1513.72,1258,1254
1,5,38,ED448_signed-by_ECDSA-SHA3-512,ED448_signed-by_ECDSA-SHA3-512,12.675,2216.58,1442.8,0.5,2,0.166667,113.333,15,1526.37,1500.51,1258,1254
1,7,39,ED448_signed-by_ECDSA-SHA3-512,ED448_signed-by_ECDSA-SHA3-512,11.319,2482.14,1084.17,0.888889,0,0,117.111,16,1552.72,1498.32,1258,1254
1,3,37,ED448_signed-by_ECDSA-SHA3-512,ED448_signed-by_ECDSA-SHA3-512,16.26,1728.33,1174.85,1,10,0.555556,170.889,24,1524.76,1518.66,1258,1255
1,2,42,ED448_signed-by_ECDSA-SHA3-512,ED448_signed-by_ECDSA-SHA3-512,11.71,2399.27,1047.97,1,0,0,117.111,24,1533.35,1491.7,1258,1254
1,1,38,ED448_signed-by_ECDSA-SHA3-512,ED448_signed-by_ECDSA-SHA3-512,13.133,2139.28,934.412,1,0,0,135.778,24,1524.33,1489.4,1258,1254
1,6,44,ED448_signed-by_ECDSA-SHA3-512,ED448_signed-by_ECDSA-SHA3-512,12.587,2232.1,1482.13,0.9375,9,0.5625,129.5,9,1507.22,1511.73,1258,1254
1,8,42,ED448_signed-by_ECDSA-SHA3-512,ED448_signed-by_ECDSA-SHA3-512,14.002,2006.52,1234.08,1,7,0.5,106,15,1524.14,1486.04,1258,1254
1,7,40,ED448_signed-by_ECDSA-SHA3-512,ED448_signed-by_ECDSA-SHA3-512,10.252,2740.53,1197.03,1,0,0,117.111,16,1537.08,1495.77,1258,1254
1,5,39,ED448_signed-by_ECDSA-SHA3-512,ED448_signed-by_ECDSA-SHA3-512,14.47,1941.61,1670.71,0.933333,18,1.2,147.867,15,1509.71,1519.05,1258,1254
1,3,38,ED448_signed-by_ECDSA-SHA3-512,ED448_signed-by_ECDSA-SHA3-512,9.708,2894.66,1263.99,0,0,0,166.889,24,1534.09,1508.48,1258,1255
1,2,43,ED448_signed-by_ECDSA-SHA3-512,ED448_signed-by_ECDSA-SHA3-512,10.195,2755.6,1203.61,0,0,0,117.111,24,1536.93,1506.74,1258,1254
1,1,39,ED448_signed-by_ECDSA-SHA3-512,ED448_signed-by_ECDSA-SHA3-512,11.073,2537.32,1108.27,0,0,0,135.778,24,1538.09,1495.41,1258,1254
1,8,43,ED448_signed-by_ECDSA-SHA3-512,ED448_signed-by_ECDSA-SHA3-512,9.848,2852.95,1246.13,0,0,0,117.111,15,1507.99,1512.34,1258,1254
1,6,45,ED448_signed-by_ECDSA-SHA3-512,ED448_signed-by_ECDSA-SHA3-512,11.01,2551.84,1114.61,0,0,0,117.111,9,1528.12,1512.52,1258,1254
1,7,41,ED448_signed-by_ECDSA-SHA3-512,ED448_signed-by_ECDSA-SHA3-512,11.976,2345.97,1024.69,0.222222,0,0,117.111,16,1536.35,1499.79,1258,1254
1,5,40,ED448_signed-by_ECDSA-SHA3-512,ED448_signed-by_ECDSA-SHA3-512,9.579,2932.78,1451.36,0.333333,8,0.666667,102,15,1533.1,1503.16,1258,1254
1,3,39,ED448_signed-by_ECDSA-SHA3-512,ED448_signed-by_ECDSA-SHA3-512,12.039,2334.36,1040.6,0.6,0,0,150.8,24,1545.36,1493.81,1258,1255
1,2,44,ED448_signed-by_ECDSA-SHA3-512,ED448_signed-by_ECDSA-SHA3-512,11.703,2400.71,1188.05,0.833333,8,0.666667,102,24,1535.18,1500.31,1258,1254
1,1,40,ED448_signed-by_ECDSA-SHA3-512,ED448_signed-by_ECDSA-SHA3-512,11.499,2443.3,1231.39,0.769231,5,0.384615,111.231,24,1530.51,1494.24,1258,1254
1,8,44,ED448_signed-by_ECDSA-SHA3-512,ED448_signed-by_ECDSA-SHA3-512,11.334,2478.87,1105.33,1,3,0.3,109.2,15,1534.26,1517.8,1258,1254
1,6,46,ED448_signed-by_ECDSA-SHA3-512,ED448_signed-by_ECDSA-SHA3-512,13.013,2159,962.697,1,0,0,109.2,9,1524.02,1500.48,1258,1254
1,7,42,ED448_signed-by_ECDSA-SHA3-512,ED448_signed-by_ECDSA-SHA3-512,11.563,2429.77,1061.29,1,0,0,117.111,16,1539,1498.31,1258,1254
1,5,41,ED448_signed-by_ECDSA-SHA3-512,ED448_signed-by_ECDSA-SHA3-512,12.558,2237.23,1107.15,1,2,0.166667,148,15,1532.61,1511.92,1258,1254
1,3,40,ED448_signed-by_ECDSA-SHA3-512,ED448_signed-by_ECDSA-SHA3-512,11.012,2552.07,1114.4,1,0,0,118,24,1522.37,1486.22,1258,1255
1,2,45,ED448_signed-by_ECDSA-SHA3-512,ED448_signed-by_ECDSA-SHA3-512,11.072,2537.52,1255.75,0.833333,2,0.166667,158.667,24,1518.36,1499.06,1258,1254
1,1,41,ED448_signed-by_ECDSA-SHA3-512,ED448_signed-by_ECDSA-SHA3-512,10.347,2715.34,1186.03,1,0,0,134,24,1529.08,1511.63,1258,1254
1,6,47,ED448_signed-by_ECDSA-SHA3-512,ED448_signed-by_ECDSA-SHA3-512,10.325,2721.14,1188.56,1,3,0.333333,117.111,9,1684.07,1506.35,1258,1254
1,8,45,ED448_signed-by_ECDSA-SHA3-512,ED448_signed-by_ECDSA-SHA3-512,13.627,2061.72,1387.78,1,9,0.529412,124.118,15,1534.42,1559.49,1258,1254
1,3,41,ED448_signed-by_ECDSA-SHA3-512,ED448_signed-by_ECDSA-SHA3-512,9.635,2916.83,1326.81,1,0,0,102.727,24,1533.94,1499.09,1258,1255
1,5,42,ED448_signed-by_ECDSA-SHA3-512,ED448_signed-by_ECDSA-SHA3-512,12.202,2302.5,1800.31,1,15,0.833333,105.556,15,1515.3,1501.03,1258,1254
1,7,43,ED448_signed-by_ECDSA-SHA3-512,ED448_signed-by_ECDSA-SHA3-512,14.582,1926.67,1463.66,1,12,0.8,120.133,16,1522.43,1495.24,1258,1254
1,1,42,ED448_signed-by_ECDSA-SHA3-512,ED448_signed-by_ECDSA-SHA3-512,10.931,2570.23,1992.07,1,14,0.823529,117.059,24,1518.55,1511.95,1258,1254
1,6,48,ED448_signed-by_ECDSA-SHA3-512,ED448_signed-by_ECDSA-SHA3-512,11.638,2414.01,1194.63,1,2,0.166667,140,9,1533.29,1508.33,1258,1254
1,3,42,ED448_signed-by_ECDSA-SHA3-512,ED448_signed-by_ECDSA-SHA3-512,11.324,2481.68,1106.26,1,0,0,109.2,24,1532.91,1512.4,1258,1255
1,8,46,ED448_signed-by_ECDSA-SHA3-512,ED448_signed-by_ECDSA-SHA3-512,17.1,1643.01,1076.94,1,10,0.769231,124.769,15,1518.01,1513.89,1258,1254
1,1,43,ED448_signed-by_ECDSA-SHA3-512,ED448_signed-by_ECDSA-SHA3-512,11.516,2439.61,1087.82,1,0,0,109.2,24,1515.9,1501.06,1258,1254
1,5,43,ED448_signed-by_ECDSA-SHA3-512,ED448_signed-by_ECDSA-SHA3-512,15.186,1850.01,1199.98,1,9,0.75,132,15,1517.56,1489.39,1258,1254
1,7,44,ED448_signed-by_ECDSA-SHA3-512,ED448_signed-by_ECDSA-SHA3-512,15.41,1823.12,1182.54,1,9,0.75,132,16,1506.06,1509.48,1258,1254
1,2,46,ED448_signed-by_ECDSA-SHA3-512,ED448_signed-by_ECDSA-SHA3-512,26.467,1061.54,927.941,1,20,1.17647,141.529,24,1517.82,1486.56,1258,1254
1,6,49,ED448_signed-by_ECDSA-SHA3-512,ED448_signed-by_ECDSA-SHA3-512,11.884,2364.17,2034.32,1,18,1.2,144.133,9,1505.75,1506.89,1258,1254
1,8,47,ED448_signed-by_ECDSA-SHA3-512,ED448_signed-by_ECDSA-SHA3-512,10.586,2653.83,1313.31,1,5,0.416667,102,15,1538.46,1525.16,1258,1254
1,3,43,ED448_signed-by_ECDSA-SHA3-512,ED448_signed-by_ECDSA-SHA3-512,14.22,1976.32,1228.66,1,8,0.533333,101.467,24,1534.93,1503.33,1258,1255
1,1,44,ED448_signed-by_ECDSA-SHA3-512,ED448_signed-by_ECDSA-SHA3-512,11.612,2419.55,1078.88,1,0,0,109.2,24,1519.49,1521,1258,1254
1,5,44,ED448_signed-by_ECDSA-SHA3-512,ED448_signed-by_ECDSA-SHA3-512,10.728,2618.93,1154.36,1,0,0,108.8,15,1523.25,1504.7,1258,1254
1,7,45,ED448_signed-by_ECDSA-SHA3-512,ED448_signed-by_ECDSA-SHA3-512,10.923,2572.17,991.661,1,0,0,131.714,16,1525.23,1493.74,1258,1254
1,2,47,ED448_signed-by_ECDSA-SHA3-512,ED448_signed-by_ECDSA-SHA3-512,10.41,2698.93,1750.62,1,9,0.75,142.667,24,1534.18,1503.61,1258,1254
1,1,45,ED448_signed-by_ECDSA-SHA3-512,ED448_signed-by_ECDSA-SHA3-512,9.076,3095.31,1351.99,0.888889,0,0,117.111,24,1515.2,1519.01,1258,1254
1,8,48,ED448_signed-by_ECDSA-SHA3-512,ED448_signed-by_ECDSA-SHA3-512,11.602,2421.61,1489.37,0.571429,7,0.5,106,15,1510.47,1489.4,1258,1254
1,6,50,ED448_signed-by_ECDSA-SHA3-512,ED448_signed-by_ECDSA-SHA3-512,17.556,1600.29,1063.52,1,10,0.714286,118.571,9,1519.53,1494.48,1258,1254
1,7,46,ED448_signed-by_ECDSA-SHA3-512,ED448_signed-by_ECDSA-SHA3-512,10.089,2784.81,1359.1,0.363636,0,0,149.273,16,1549.11,1517.51,1258,1254
1,5,45,ED448_signed-by_ECDSA-SHA3-512,ED448_signed-by_ECDSA-SHA3-512,12.174,2307.83,1008.03,0.888889,0,0,117.111,15,1531.66,1511.78,1258,1254
1,2,48,ED448_signed-by_ECDSA-SHA3-512,ED448_signed-by_ECDSA-SHA3-512,11.963,2348.54,1025.82,0.444444,0,0,126,24,1516.15,1495.25,1258,1254
1,3,44,ED448_signed-by_ECDSA-SHA3-512,ED448_signed-by_ECDSA-SHA3-512,15.209,1847.8,1210.83,0.615385,10,0.769231,134.615,24,1564.53,1484.07,1258,1255
1,1,46,ED448_signed-by_ECDSA-SHA3-512,ED448_signed-by_ECDSA-SHA3-512,12.409,2264.11,1009.57,1,0,0,109.2,24,1534.19,1521.46,1258,1254
1,6,51,ED448_signed-by_ECDSA-SHA3-512,ED448_signed-by_ECDSA-SHA3-512,11.505,2442.03,1066.65,1,0,0,117.111,9,1539.74,1502.62,1258,1254
1,8,49,ED448_signed-by_ECDSA-SHA3-512,ED448_signed-by_ECDSA-SHA3-512,13.739,2044.91,1257.69,0.714286,7,0.5,106,16,1560.51,1582.32,1258,1254
1,5,46,ED448_signed-by_ECDSA-SHA3-512,ED448_signed-by_ECDSA-SHA3-512,11.847,2371.51,1057.46,1,0,0,109.2,15,1546.92,1507.72,1258,1254
1,7,47,ED448_signed-by_ECDSA-SHA3-512,ED448_signed-by_ECDSA-SHA3-512,13.58,2068.86,1267.71,1,11,0.785714,106,16,1534.26,1550.98,1258,1254
1,2,49,ED448_signed-by_ECDSA-SHA3-512,ED448_signed-by_ECDSA-SHA3-512,11.633,2415.14,1054.9,1,0,0,126,24,1533.39,1496.38,1258,1254
1,3,45,ED448_signed-by_ECDSA-SHA3-512,ED448_signed-by_ECDSA-SHA3-512,14.652,1918.02,1261.21,1,9,0.692308,134.615,24,1538.28,1512.57,1258,1255
1,6,52,ED448_signed-by_ECDSA-SHA3-512,ED448_signed-by_ECDSA-SHA3-512,12.313,2281.74,996.636,1,0,0,117.111,9,1495.99,1500.09,1258,1254
1,8,50,ED448_signed-by_ECDSA-SHA3-512,ED448_signed-by_ECDSA-SHA3-512,11.614,2419.08,1569.1,1,9,0.75,132,16,1547,1493.38,1258,1254
1,1,47,ED448_signed-by_ECDSA-SHA3-512,ED448_signed-by_ECDSA-SHA3-512,14.304,1964.12,1421.64,1,14,0.933333,116.933,24,1515.93,1499.47,1258,1254
1,2,50,ED448_signed-by_ECDSA-SHA3-512,ED448_signed-by_ECDSA-SHA3-512,10.67,2633.11,1039.15,0.75,0,0,129,24,1539.65,1497.44,1258,1254
1,5,47,ED448_signed-by_ECDSA-SHA3-512,ED448_signed-by_ECDSA-SHA3-512,12.827,2190.31,1420.71,1,9,0.75,132,15,1548.47,1509.74,1258,1254
1,7,48,ED448_signed-by_ECDSA-SHA3-512,ED448_signed-by_ECDSA-SHA3-512,13.689,2052.37,1015.67,0.916667,2,0.166667,140,16,1559.29,1492.98,1258,1254
1,3,46,ED448_signed-by_ECDSA-SHA3-512,ED448_signed-by_ECDSA-SHA3-512,10.247,2742.62,1216.34,0.7,5,0.5,117.2,24,1532.45,1500.7,1258,1255
1,1,48,ED448_signed-by_ECDSA-SHA3-512,ED448_signed-by_ECDSA-SHA3-512,11.119,2526.79,1266.27,1,0,0,131.846,24,1561.36,1508.77,1258,1254
1,6,53,ED448_signed-by_ECDSA-SHA3-512,ED448_signed-by_ECDSA-SHA3-512,13.317,2109.71,1351.61,1,8,0.533333,102.533,9,1502.63,1501.72,1258,1254
1,2,51,ED448_signed-by_ECDSA-SHA3-512,ED448_signed-by_ECDSA-SHA3-512,11.898,2361.35,1152.44,1,0,0,160.909,24,1551.02,1487.38,1258,1254
1,7,49,ED448_signed-by_ECDSA-SHA3-512,ED448_signed-by_ECDSA-SHA3-512,9.966,2819.14,1820.56,1,2,0.166667,113,16,1542.13,1502.95,1258,1254
1,3,47,ED448_signed-by_ECDSA-SHA3-512,ED448_signed-by_ECDSA-SHA3-512,11.821,2377.39,1699.97,0.833333,12,0.666667,126,24,1572.71,1511.12,1258,1255
1,5,48,ED448_signed-by_ECDSA-SHA3-512,ED448_signed-by_ECDSA-SHA3-512,15.888,1768.29,1908.26,1,14,0.736842,107.053,15,1547.36,1521.5,1258,1254
1,6,54,ED448_signed-by_ECDSA-SHA3-512,ED448_signed-by_ECDSA-SHA3-512,7.587,3702.77,1617.33,0.777778,0,0,117.111,9,1535.62,1510.11,1258,1254
1,2,52,ED448_signed-by_ECDSA-SHA3-512,ED448_signed-by_ECDSA-SHA3-512,7.447,3772.37,1647.73,0.777778,3,0.333333,126,24,1530.92,1496.89,1258,1254
1,1,49,ED448_signed-by_ECDSA-SHA3-512,ED448_signed-by_ECDSA-SHA3-512,10.347,2715.35,1670.03,0.5,7,0.5,106,24,1529.11,1507.7,1258,1254
1,7,50,ED448_signed-by_ECDSA-SHA3-512,ED448_signed-by_ECDSA-SHA3-512,9.496,2958.71,1292.33,0.777778,0,0,117.111,16,1535.61,1495.86,1258,1254
1,8,51,ED448_signed-by_ECDSA-SHA3-512,ED448_signed-by_ECDSA-SHA3-512,26.775,1049.3,951.301,1,17,0.809524,98.9524,16,1533.7,1520.87,1258,1254
1,3,48,ED448_signed-by_ECDSA-SHA3-512,ED448_signed-by_ECDSA-SHA3-512,12.863,2184.77,954.01,1,0,0,126,24,1534.67,1514.27,1258,1255
1,5,49,ED448_signed-by_ECDSA-SHA3-512,ED448_signed-by_ECDSA-SHA3-512,11.792,2382.55,1062.38,1,3,0.3,110,15,1532.83,1515.67,1258,1254
1,6,55,ED448_signed-by_ECDSA-SHA3-512,ED448_signed-by_ECDSA-SHA3-512,10.577,2656.26,1160.22,1,0,0,117.111,9,1522.29,1492.57,1258,1254
1,1,50,ED448_signed-by_ECDSA-SHA3-512,ED448_signed-by_ECDSA-SHA3-512,8.974,3130.8,1367.49,1,0,0,117.111,24,1531.5,1511.14,1258,1254
1,8,52,ED448_signed-by_ECDSA-SHA3-512,ED448_signed-by_ECDSA-SHA3-512,12.84,2188.04,975.646,1,0,0,109.2,16,1522.79,1545.71,1258,1254
1,7,51,ED448_signed-by_ECDSA-SHA3-512,ED448_signed-by_ECDSA-SHA3-512,16.839,1668.49,1462.3,1,19,1.11765,131.647,16,1543.12,1495.5,1258,1254
1,2,53,ED448_signed-by_ECDSA-SHA3-512,ED448_signed-by_ECDSA-SHA3-512,20.268,1386.19,1636.43,1,30,1.03448,119.379,24,1583.37,1496.12,1258,1254
1,6,56,ED448_signed-by_ECDSA-SHA3-512,ED448_signed-by_ECDSA-SHA3-512,10.937,2568.82,1122.03,1,0,0,117.111,9,1540.84,1516.21,1258,1254
1,1,51,ED448_signed-by_ECDSA-SHA3-512,ED448_signed-by_ECDSA-SHA3-512,11.15,2519.75,1123.56,1,0,0,114,24,1532.31,1530.36,1258,1254
1,5,50,ED448_signed-by_ECDSA-SHA3-512,ED448_signed-by_ECDSA-SHA3-512,14.363,1956.05,867.748,1,2,0.2,177.2,15,1539.53,1532.77,1258,1254
1,3,49,ED448_signed-by_ECDSA-SHA3-512,ED448_signed-by_ECDSA-SHA3-512,19.623,1432.13,1554.84,1,29,1.45,144.8,24,1524.61,1500.19,1258,1255
1,8,53,ED448_signed-by_ECDSA-SHA3-512,ED448_signed-by_ECDSA-SHA3-512,11.596,2422.74,1080.3,0.4,0,0,109.2,16,1512.61,1514.41,1258,1254
1,7,52,ED448_signed-by_ECDSA-SHA3-512,ED448_signed-by_ECDSA-SHA3-512,12.171,2308.27,1008.23,0.444444,0,0,117.111,16,1532.79,1503.12,1258,1254
1,2,54,ED448_signed-by_ECDSA-SHA3-512,ED448_signed-by_ECDSA-SHA3-512,12.137,2314.73,1011.05,0.444444,0,0,126,24,1529.87,1512.72,1258,1254
1,1,52,ED448_signed-by_ECDSA-SHA3-512,ED448_signed-by_ECDSA-SHA3-512,11.305,2485.07,1085.45,0.444444,0,0,117.111,24,1529.51,1495.26,1258,1254
1,5,51,ED448_signed-by_ECDSA-SHA3-512,ED448_signed-by_ECDSA-SHA3-512,10.223,2748.09,1200.33,0,0,0,167.778,15,1556.04,1497.62,1258,1254
1,6,57,ED448_signed-by_ECDSA-SHA3-512,ED448_signed-by_ECDSA-SHA3-512,14.726,1907.89,1237.52,0.333333,9,0.75,132,9,1535.13,1495.23,1258,1254
1,3,50,ED448_signed-by_ECDSA-SHA3-512,ED448_signed-by_ECDSA-SHA3-512,12.19,2305.44,1006.7,1,0,0,126,24,1550.42,1520.03,1258,1255
1,8,54,ED448_signed-by_ECDSA-SHA3-512,ED448_signed-by_ECDSA-SHA3-512,13.256,2119.42,945.05,1,0,0,109.2,16,1521.25,1502.57,1258,1254
1,2,55,ED448_signed-by_ECDSA-SHA3-512,ED448_signed-by_ECDSA-SHA3-512,11.884,2364.13,1048.78,1,3,0.3,114.8,24,1530.59,1522.19,1258,1254
1,7,53,ED448_signed-by_ECDSA-SHA3-512,ED448_signed-by_ECDSA-SHA3-512,13.458,2087.61,1283.95,1,7,0.5,106,16,1541,1506.64,1258,1254
1,5,52,ED448_signed-by_ECDSA-SHA3-512,ED448_signed-by_ECDSA-SHA3-512,11.765,2388.05,1585.69,1,12,0.75,101,15,1691.54,1511.67,1258,1254
1,1,53,ED448_signed-by_ECDSA-SHA3-512,ED448_signed-by_ECDSA-SHA3-512,15.39,1825.53,1139.4,1,7,0.466667,101.467,24,1547.63,1500.96,1258,1254
1,6,58,ED448_signed-by_ECDSA-SHA3-512,ED448_signed-by_ECDSA-SHA3-512,13.897,2021.66,1566.9,0.941176,14,0.823529,109.529,9,1532.81,1508.53,1258,1254
1,3,51,ED448_signed-by_ECDSA-SHA3-512,ED448_signed-by_ECDSA-SHA3-512,12.54,2241.09,978.603,0.777778,0,0,125.111,24,1552.7,1502.73,1258,1255
1,8,55,ED448_signed-by_ECDSA-SHA3-512,ED448_signed-by_ECDSA-SHA3-512,10.153,2767.23,1208.7,0.222222,0,0,117.111,16,1519.18,1508.25,1258,1254
1,7,54,ED448_signed-by_ECDSA-SHA3-512,ED448_signed-by_ECDSA-SHA3-512,9.628,2918.14,1274.61,0,0,0,117.111,16,1545.94,1511.99,1258,1254
1,2,56,ED448_signed-by_ECDSA-SHA3-512,ED448_signed-by_ECDSA-SHA3-512,12.104,2321.16,1132.82,0.181818,2,0.181818,160.909,24,1514.45,1491.22,1258,1254
1,5,53,ED448_signed-by_ECDSA-SHA3-512,ED448_signed-by_ECDSA-SHA3-512,11.25,2497.37,1218.82,0,0,0,149.273,15,1534.44,1502.85,1258,1254
1,1,54,ED448_signed-by_ECDSA-SHA3-512,ED448_signed-by_ECDSA-SHA3-512,9.881,2843.42,1241.97,0,0,0,117.111,24,1524.21,1515.34,1258,1254
1,6,59,ED448_signed-by_ECDSA-SHA3-512,ED448_signed-by_ECDSA-SHA3-512,10.359,2712.19,1184.65,0.333333,0,0,117.111,9,1529.27,1501.56,1258,1254
1,8,56,ED448_signed-by_ECDSA-SHA3-512,ED448_signed-by_ECDSA-SHA3-512,8.261,3400.66,1485.37,0.333333,0,0,117.111,16,1541.08,1527.4,1258,1254
1,2,57,ED448_signed-by_ECDSA-SHA3-512,ED448_signed-by_ECDSA-SHA3-512,7.922,3546.14,1573.15,0.6,4,0.4,117.2,24,1522.3,1517.16,1258,1254
1,5,54,ED448_signed-by_ECDSA-SHA3-512,ED448_signed-by_ECDSA-SHA3-512,8.292,3388.32,1479.98,1,3,0.333333,117.111,15,1535.02,1515.84,1258,1254
1,3,52,ED448_signed-by_ECDSA-SHA3-512,ED448_signed-by_ECDSA-SHA3-512,13.496,2082.32,1275.59,0.928571,12,0.857143,113.429,24,1532.33,1510.23,1258,1255
1,1,55,ED448_signed-by_ECDSA-SHA3-512,ED448_signed-by_ECDSA-SHA3-512,10.155,2766.65,1252.56,1,5,0.454545,102.727,24,1564.27,1504.06,1258,1254
1,7,55,ED448_signed-by_ECDSA-SHA3-512,ED448_signed-by_ECDSA-SHA3-512,15.142,1855.41,1124.24,1,7,0.538462,111.231,16,1551.31,1497.58,1258,1254
1,6,60,ED448_signed-by_ECDSA-SHA3-512,ED448_signed-by_ECDSA-SHA3-512,14.319,1962.05,1406.73,1,7,0.5,108.286,9,1541,1509.86,1258,1254
1,8,57,ED448_signed-by_ECDSA-SHA3-512,ED448_signed-by_ECDSA-SHA3-512,12.607,2228.52,1469.6,1,9,0.6,103.6,16,1510.62,1492.58,1258,1254
1,2,58,ED448_signed-by_ECDSA-SHA3-512,ED448_signed-by_ECDSA-SHA3-512,11.884,2364.12,1213.02,1,2,0.142857,134.571,24,1519.73,1509.56,1258,1254
1,5,55,ED448_signed-by_ECDSA-SHA3-512,ED448_signed-by_ECDSA-SHA3-512,11.86,2368.91,1210.09,1,7,0.5,125.429,15,1549.54,1518.16,1258,1254
1,3,53,ED448_signed-by_ECDSA-SHA3-512,ED448_signed-by_ECDSA-SHA3-512,14.201,1978.94,983.556,1,0,0,150.667,24,1539.23,1522.09,1258,1255
1,7,56,ED448_signed-by_ECDSA-SHA3-512,ED448_signed-by_ECDSA-SHA3-512,14.507,1936.64,1256.17,1,9,0.75,132,16,1537,1524.35,1258,1254
1,1,56,ED448_signed-by_ECDSA-SHA3-512,ED448_signed-by_ECDSA-SHA3-512,16.907,1661.71,1114.75,1,9,0.529412,125.529,24,1524.04,1509.29,1258,1254
1,2,59,ED448_signed-by_ECDSA-SHA3-512,ED448_signed-by_ECDSA-SHA3-512,9.98,2815.21,1111.02,1,0,0,129,24,1530.4,1487.47,1258,1254
1,8,58,ED448_signed-by_ECDSA-SHA3-512,ED448_signed-by_ECDSA-SHA3-512,12.098,2322.31,1407.14,1,7,0.538462,111.231,16,1526.16,1506.51,1258,1254
1,5,56,ED448_signed-by_ECDSA-SHA3-512,ED448_signed-by_ECDSA-SHA3-512,11.341,2477.32,1295.09,1,1,0.0769231,133.385,15,1522.5,1514.3,1258,1254
1,6,61,ED448_signed-by_ECDSA-SHA3-512,ED448_signed-by_ECDSA-SHA3-512,16.392,1713.92,1130.25,1,9,0.6,103.6,9,1538.08,1507.2,1258,1254
1,3,54,ED448_signed-by_ECDSA-SHA3-512,ED448_signed-by_ECDSA-SHA3-512,10.94,2568.84,1121.72,1,0,0,126,24,1540.73,1497.6,1258,1255
1,7,57,ED448_signed-by_ECDSA-SHA3-512,ED448_signed-by_ECDSA-SHA3-512,11.394,2465.78,1099.49,1,0,0,109.2,16,1539.18,1517.86,1258,1254
1,8,59,ED448_signed-by_ECDSA-SHA3-512,ED448_signed-by_ECDSA-SHA3-512,10.145,2769.39,1209.64,0.666667,0,0,117.111,16,1530.33,1509.94,1258,1254
1,2,60,ED448_signed-by_ECDSA-SHA3-512,ED448_signed-by_ECDSA-SHA3-512,12.788,2196.99,1571.42,0.444444,15,0.833333,131.333,24,1526.99,1506.31,1258,1254
1,1,57,ED448_signed-by_ECDSA-SHA3-512,ED448_signed-by_ECDSA-SHA3-512,14.483,1939.85,1604.02,0.823529,16,0.941176,118.471,24,1530.73,1503,1258,1254
1,5,57,ED448_signed-by_ECDSA-SHA3-512,ED448_signed-by_ECDSA-SHA3-512,11.941,2352.86,1027.7,0.888889,0,0,117.111,15,1528.06,1490.72,1258,1254
1,6,62,ED448_signed-by_ECDSA-SHA3-512,ED448_signed-by_ECDSA-SHA3-512,10.666,2634.16,1150.57,0.888889,0,0,117.111,9,1539.58,1502.49,1258,1254
1,3,55,ED448_signed-by_ECDSA-SHA3-512,ED448_signed-by_ECDSA-SHA3-512,12.469,2253.88,984.187,0.555556,0,0,126,24,1555.77,1486.34,1258,1255
1,7,58,ED448_signed-by_ECDSA-SHA3-512,ED448_signed-by_ECDSA-SHA3-512,10.012,2806.01,1225.63,0.777778,0,0,117.111,16,1562.31,1523.45,1258,1254
1,8,60,ED448_signed-by_ECDSA-SHA3-512,ED448_signed-by_ECDSA-SHA3-512,11.39,2466.51,1087.17,0.7,0,0,113.6,16,1525.85,1497.32,1258,1254
1,1,58,ED448_signed-by_ECDSA-SHA3-512,ED448_signed-by_ECDSA-SHA3-512,9.498,2957.83,1291.95,0.555556,0,0,117.111,24,1518,1526.41,1258,1254
1,2,61,ED448_signed-by_ECDSA-SHA3-512,ED448_signed-by_ECDSA-SHA3-512,10.875,2583.31,1278.42,0.416667,2,0.166667,150.667,24,1531.7,1500.27,1258,1254
1,5,58,ED448_signed-by_ECDSA-SHA3-512,ED448_signed-by_ECDSA-SHA3-512,11.251,2497.17,1113.49,0.7,0,0,109.2,15,1541.88,1520.64,1258,1254
1,6,63,ED448_signed-by_ECDSA-SHA3-512,ED448_signed-by_ECDSA-SHA3-512,11.846,2371.73,1173.71,0.916667,5,0.416667,102,9,1525.35,1531.26,1258,1254
1,7,59,ED448_signed-by_ECDSA-SHA3-512,ED448_signed-by_ECDSA-SHA3-512,10.845,2590.65,1131.57,1,0,0,117.111,16,1546.11,1513.16,1258,1254
1,8,61,ED448_signed-by_ECDSA-SHA3-512,ED448_signed-by_ECDSA-SHA3-512,11.116,2527.5,1167.31,1,4,0.333333,97.3333,16,1579.09,1515.63,1258,1254
1,3,56,ED448_signed-by_ECDSA-SHA3-512,ED448_signed-by_ECDSA-SHA3-512,16.79,1673.78,1096.8,1,10,0.769231,134.615,24,1533.24,1498.05,1258,1255
1,1,59,ED448_signed-by_ECDSA-SHA3-512,ED448_signed-by_ECDSA-SHA3-512,12.41,2263.92,988.853,1,0,0,117.111,24,1512.46,1520.24,1258,1254
1,2,62,ED448_signed-by_ECDSA-SHA3-512,ED448_signed-by_ECDSA-SHA3-512,12.401,2265.56,989.571,1,0,0,126,24,1528.5,1530.37,1258,1254
1,5,59,ED448_signed-by_ECDSA-SHA3-512,ED448_signed-by_ECDSA-SHA3-512,13.674,2054.63,2407.98,0.884615,31,1.19231,116.462,15,1599.45,1508.49,1258,1254
1,7,60,ED448_signed-by_ECDSA-SHA3-512,ED448_signed-by_ECDSA-SHA3-512,12.945,2170.34,947.981,1,0,0,117.111,16,1554.99,1501.53,1258,1254
1,3,57,ED448_signed-by_ECDSA-SHA3-512,ED448_signed-by_ECDSA-SHA3-512,10.169,2763.65,1225.67,0.9,4,0.4,117.2,24,1541.24,1510.77,1258,1255
1,6,64,ED448_signed-by_ECDSA-SHA3-512,ED448_signed-by_ECDSA-SHA3-512,19.042,1475.4,757.864,1,3,0.25,101.333,9,1532.42,1497.67,1258,1254
1,1,60,ED448_signed-by_ECDSA-SHA3-512,ED448_signed-by_ECDSA-SHA3-512,11.17,2515.28,1098.64,1,3,0.333333,117.111,24,1538.36,1510.71,1258,1254
1,2,63,ED448_signed-by_ECDSA-SHA3-512,ED448_signed-by_ECDSA-SHA3-512,11.61,2419.94,1095.59,1,4,0.363636,110,24,1521.8,1499.83,1258,1254
1,8,62,ED448_signed-by_ECDSA-SHA3-512,ED448_signed-by_ECDSA-SHA3-512,14.792,1899.34,1439.64,0.941176,15,0.882353,177.765,16,1528.56,1504.86,1258,1254
1,5,60,ED448_signed-by_ECDSA-SHA3-512,ED448_signed-by_ECDSA-SHA3-512,10.753,2612.85,1141.26,1,0,0,119.778,15,1527.88,1523.47,1258,1254
1,7,61,ED448_signed-by_ECDSA-SHA3-512,ED448_signed-by_ECDSA-SHA3-512,9.47,2966.55,1386.98,1,4,0.363636,103.818,16,1523.44,1498.48,1258,1254
1,6,65,ED448_signed-by_ECDSA-SHA3-512,ED448_signed-by_ECDSA-SHA3-512,8.174,3436.92,1624.51,1,1,0.0909091,104.182,9,1540.34,1515.56,1258,1254
1,8,63,ED448_signed-by_ECDSA-SHA3-512,ED448_signed-by_ECDSA-SHA3-512,7.456,3767.85,1645.75,1,0,0,117.111,16,1523.41,1514.15,1258,1254
1,1,61,ED448_signed-by_ECDSA-SHA3-512,ED448_signed-by_ECDSA-SHA3-512,10.577,2656.31,2031.56,1,19,1.05556,162.889,24,1527.55,1486.57,1258,1254
1,7,62,ED448_signed-by_ECDSA-SHA3-512,ED448_signed-by_ECDSA-SHA3-512,8.052,3488.98,1758.4,0.769231,2,0.153846,132.154,16,1529.13,1525.48,1258,1254
1,6,66,ED448_signed-by_ECDSA-SHA3-512,ED448_signed-by_ECDSA-SHA3-512,7.887,3561.94,1555.81,1,0,0,117.111,9,1533.17,1487.9,1258,1254
1,5,61,ED448_signed-by_ECDSA-SHA3-512,ED448_signed-by_ECDSA-SHA3-512,12.864,2184.04,1902.95,1,23,1.35294,134.706,15,1534.58,1545.58,1258,1254
1,8,64,ED448_signed-by_ECDSA-SHA3-512,ED448_signed-by_ECDSA-SHA3-512,7.776,3612.84,1578.05,1,0,0,117.111,16,1515.48,1496.71,1258,1254
1,1,62,ED448_signed-by_ECDSA-SHA3-512,ED448_signed-by_ECDSA-SHA3-512,12.193,2304.26,1767.56,1,15,0.833333,162.889,24,1524.56,1528.18,1258,1254
1,6,67,ED448_signed-by_ECDSA-SHA3-512,ED448_signed-by_ECDSA-SHA3-512,8.041,3493.82,1526.06,0.888889,0,0,117.111,9,1526.71,1494.22,1258,1254
1,7,63,ED448_signed-by_ECDSA-SHA3-512,ED448_signed-by_ECDSA-SHA3-512,9.864,2848.12,1847.38,1,9,0.75,158.667,16,1553.8,1492.01,1258,1254
1,8,65,ED448_signed-by_ECDSA-SHA3-512,ED448_signed-by_ECDSA-SHA3-512,8.218,3418.58,1493.19,0.666667,0,0,117.111,16,1513.99,1513.24,1258,1254
1,5,62,ED448_signed-by_ECDSA-SHA3-512,ED448_signed-by_ECDSA-SHA3-512,10.084,2785.98,2092.66,0.375,13,0.8125,210.5,15,1534.51,1512.95,1258,1254
1,6,68,ED448_signed-by_ECDSA-SHA3-512,ED448_signed-by_ECDSA-SHA3-512,7.256,3871.74,1916.03,0.75,5,0.416667,102,9,1546.67,1519.64,1258,1254
1,8,66,ED448_signed-by_ECDSA-SHA3-512,ED448_signed-by_ECDSA-SHA3-512,8.498,3305.83,1443.95,1,0,0,117.111,16,1526.85,1501.29,1258,1254
1,2,64,ED448_signed-by_ECDSA-SHA3-512,ED448_signed-by_ECDSA-SHA3-512,33.128,848.102,431.295,1,7,0.5,146,24,1535.86,1499.35,1258,1254
1,7,64,ED448_signed-by_ECDSA-SHA3-512,ED448_signed-by_ECDSA-SHA3-512,10.383,2705.95,1639.6,1,7,0.538462,111.231,16,1532.41,1490.73,1258,1254
1,1,63,ED448_signed-by_ECDSA-SHA3-512,ED448_signed-by_ECDSA-SHA3-512,12.161,2310.31,1806.41,0.944444,18,1,105.556,24,1533.61,1484.53,1258,1254
1,5,63,ED448_signed-by_ECDSA-SHA3-512,ED448_signed-by_ECDSA-SHA3-512,9.473,2965.9,1930.54,1,2,0.166667,113.333,15,1535.3,1502.04,1258,1254
1,6,69,ED448_signed-by_ECDSA-SHA3-512,ED448_signed-by_ECDSA-SHA3-512,12.482,2250.84,1003.65,1,0,0,109.2,9,1525.09,1524.25,1258,1254
1,2,65,ED448_signed-by_ECDSA-SHA3-512,ED448_signed-by_ECDSA-SHA3-512,9.946,2824.8,1397.92,0.833333,2,0.166667,164,24,1526.37,1502.32,1258,1254
1,1,64,ED448_signed-by_ECDSA-SHA3-512,ED448_signed-by_ECDSA-SHA3-512,10.231,2746.11,1384,0.461538,2,0.153846,132.154,24,1617.3,1538.35,1258,1254
1,5,64,ED448_signed-by_ECDSA-SHA3-512,ED448_signed-by_ECDSA-SHA3-512,10.198,2755.01,1062.15,0.857143,0,0,131.714,15,1537.19,1569.53,1258,1254
1,8,67,ED448_signed-by_ECDSA-SHA3-512,ED448_signed-by_ECDSA-SHA3-512,13.769,2040.46,1581.47,0.823529,14,0.823529,122.706,16,1524.94,1511.95,1258,1254
1,7,65,ED448_signed-by_ECDSA-SHA3-512,ED448_signed-by_ECDSA-SHA3-512,13.211,2126.65,1398.79,0.769231,9,0.692308,124.769,16,1525.64,1520.61,1258,1254
1,3,58,ED448_signed-by_ECDSA-SHA3-512,ED448_signed-by_ECDSA-SHA3-512,51.164,549.282,283.006,1,5,0.333333,121.733,24,1534.82,1513.8,1258,1255
1,6,70,ED448_signed-by_ECDSA-SHA3-512,ED448_signed-by_ECDSA-SHA3-512,9.703,2895.34,1264.65,0,0,0,117.111,9,1514.41,1520.42,1258,1254
1,2,66,ED448_signed-by_ECDSA-SHA3-512,ED448_signed-by_ECDSA-SHA3-512,9.911,2834.58,1238.11,0,0,0,135.778,24,1504.97,1503.38,1258,1254
1,5,65,ED448_signed-by_ECDSA-SHA3-512,ED448_signed-by_ECDSA-SHA3-512,8.933,3144.91,1534.84,0,0,0,149.273,15,1525.03,1539.29,1258,1254
1,1,65,ED448_signed-by_ECDSA-SHA3-512,ED448_signed-by_ECDSA-SHA3-512,10.869,2584.74,1128.98,0.666667,3,0.333333,117.111,24,1514.43,1516.3,1258,1254
1,8,68,ED448_signed-by_ECDSA-SHA3-512,ED448_signed-by_ECDSA-SHA3-512,10.837,2592.6,1156.04,0.6,0,0,109.2,16,1511.47,1506.68,1258,1254
1,7,66,ED448_signed-by_ECDSA-SHA3-512,ED448_signed-by_ECDSA-SHA3-512,10.721,2620.65,1144.67,0.666667,0,0,117.111,16,1547.63,1494.13,1258,1254
1,3,59,ED448_signed-by_ECDSA-SHA3-512,ED448_signed-by_ECDSA-SHA3-512,12.776,2199.69,960.527,0.666667,0,0,126,24,1540.8,1495.26,1258,1255
1,6,71,ED448_signed-by_ECDSA-SHA3-512,ED448_signed-by_ECDSA-SHA3-512,10.102,2781.21,1214.8,1,0,0,117.111,9,1527.42,1504.13,1258,1254
1,2,67,ED448_signed-by_ECDSA-SHA3-512,ED448_signed-by_ECDSA-SHA3-512,10.318,2722.97,1189.36,1,0,0,135.778,24,1527.39,1511.74,1258,1254
1,1,66,ED448_signed-by_ECDSA-SHA3-512,ED448_signed-by_ECDSA-SHA3-512,10.214,2750.7,1361.25,0.833333,2,0.166667,140,24,1536.62,1720.83,1258,1254
1,5,66,ED448_signed-by_ECDSA-SHA3-512,ED448_signed-by_ECDSA-SHA3-512,11.875,2365.92,1550.78,1,10,0.769231,124.769,15,1531.49,1528.72,1258,1254
1,6,72,ED448_signed-by_ECDSA-SHA3-512,ED448_signed-by_ECDSA-SHA3-512,6.566,4278.53,1907.79,0.7,0,0,109.2,9,1565.92,1492.67,1258,1254
1,8,69,ED448_signed-by_ECDSA-SHA3-512,ED448_signed-by_ECDSA-SHA3-512,14.132,1988.02,1877.07,1,24,1.14286,119.905,16,1529.15,1536.4,1258,1254
1,3,60,ED448_signed-by_ECDSA-SHA3-512,ED448_signed-by_ECDSA-SHA3-512,13.781,2039.25,927.619,1,0,0,110,24,1534.22,1504.83,1258,1255
1,2,68,ED448_signed-by_ECDSA-SHA3-512,ED448_signed-by_ECDSA-SHA3-512,12.077,2326.35,1016.12,1,0,0,135.778,24,1561.63,1490.32,1258,1254
1,5,67,ED448_signed-by_ECDSA-SHA3-512,ED448_signed-by_ECDSA-SHA3-512,10.428,2694.25,1632.5,1,7,0.538462,111.231,15,1524.68,1502.65,1258,1254
1,7,67,ED448_signed-by_ECDSA-SHA3-512,ED448_signed-by_ECDSA-SHA3-512,20.78,1352.04,846.951,1,13,0.8125,99,16,1547.43,1513.67,1258,1254
1,6,73,ED448_signed-by_ECDSA-SHA3-512,ED448_signed-by_ECDSA-SHA3-512,13.66,2056.73,1320.01,1,2,0.181818,120.182,9,1542.82,1518.48,1258,1254
1,1,67,ED448_signed-by_ECDSA-SHA3-512,ED448_signed-by_ECDSA-SHA3-512,19.641,1430.46,1360.4,1,22,1,106.364,24,1529.81,1502.4,1258,1254
1,8,70,ED448_signed-by_ECDSA-SHA3-512,ED448_signed-by_ECDSA-SHA3-512,14.512,1935.97,1186.28,1,9,0.642857,138.571,16,1497.38,1494.4,1258,1254
1,3,61,ED448_signed-by_ECDSA-SHA3-512,ED448_signed-by_ECDSA-SHA3-512,11.695,2403.01,1477.51,1,7,0.5,113.429,24,1553.53,1496.77,1258,1255
1,2,69,ED448_signed-by_ECDSA-SHA3-512,ED448_signed-by_ECDSA-SHA3-512,12.199,2303.06,1042.67,1,5,0.454545,118,24,1518.67,1512.59,1258,1254
1,5,68,ED448_signed-by_ECDSA-SHA3-512,ED448_signed-by_ECDSA-SHA3-512,12.688,2214.3,967.182,1,0,0,117.111,15,1525.83,1529.53,1258,1254
1,7,68,ED448_signed-by_ECDSA-SHA3-512,ED448_signed-by_ECDSA-SHA3-512,11.725,2396.19,1816.25,0.823529,15,0.882353,170.235,16,1541.7,1489.34,1258,1254
1,6,74,ED448_signed-by_ECDSA-SHA3-512,ED448_signed-by_ECDSA-SHA3-512,10.11,2779,1239.15,0.9,0,0,109.2,9,1523.23,1524.29,1258,1254
1,1,68,ED448_signed-by_ECDSA-SHA3-512,ED448_signed-by_ECDSA-SHA3-512,11.83,2374.95,1037.35,1,0,0,118.889,24,1536.65,1511.13,1258,1254
1,8,71,ED448_signed-by_ECDSA-SHA3-512,ED448_signed-by_ECDSA-SHA3-512,12.437,2259.02,1484.57,0.6,7,0.466667,135.6,16,1531.12,1527.15,1258,1254
1,2,70,ED448_signed-by_ECDSA-SHA3-512,ED448_signed-by_ECDSA-SHA3-512,11.779,2385.23,1185.82,0.583333,0,0,164,24,1543.63,1502.2,1258,1254
1,5,69,ED448_signed-by_ECDSA-SHA3-512,ED448_signed-by_ECDSA-SHA3-512,11.996,2342.07,1022.99,0.777778,0,0,117.111,15,1545.26,1611.68,1258,1254
1,3,62,ED448_signed-by_ECDSA-SHA3-512,ED448_signed-by_ECDSA-SHA3-512,15.491,1814.15,1098.92,0.538462,7,0.538462,119.231,24,1526.47,1492.89,1258,1255
1,7,69,ED448_signed-by_ECDSA-SHA3-512,ED448_signed-by_ECDSA-SHA3-512,12.411,2263.77,988.787,0.444444,0,0,117.111,16,1546.42,1481.87,1258,1254
1,6,75,ED448_signed-by_ECDSA-SHA3-512,ED448_signed-by_ECDSA-SHA3-512,12.257,2292.22,1001.21,0,0,0,117.111,9,1528.97,1516.97,1258,1254
1,1,69,ED448_signed-by_ECDSA-SHA3-512,ED448_signed-by_ECDSA-SHA3-512,9.948,2824.01,1233.5,0,0,0,135.778,24,1511.35,1513.09,1258,1254
1,8,72,ED448_signed-by_ECDSA-SHA3-512,ED448_signed-by_ECDSA-SHA3-512,10.207,2752.36,1202.2,0,0,0,117.111,16,1525.1,1491.71,1258,1254
1,2,71,ED448_signed-by_ECDSA-SHA3-512,ED448_signed-by_ECDSA-SHA3-512,9.633,2916.36,1273.83,0.444444,0,0,135.778,24,1535.23,1508.98,1258,1254
1,5,70,ED448_signed-by_ECDSA-SHA3-512,ED448_signed-by_ECDSA-SHA3-512,9.378,2995.64,1308.46,0.888889,0,0,117.111,15,1550.38,1527.25,1258,1254
1,3,63,ED448_signed-by_ECDSA-SHA3-512,ED448_signed-by_ECDSA-SHA3-512,11.877,2366.21,1033.24,1,0,0,126,24,1549.56,1496.32,1258,1255
1,7,70,ED448_signed-by_ECDSA-SHA3-512,ED448_signed-by_ECDSA-SHA3-512,12.125,2317.15,1012.1,1,0,0,118.889,16,1534.96,1519.64,1258,1254
1,6,76,ED448_signed-by_ECDSA-SHA3-512,ED448_signed-by_ECDSA-SHA3-512,13.299,2112.57,1083.96,0.785714,5,0.357143,136.286,9,1512.52,1502.29,1258,1254
1,8,73,ED448_signed-by_ECDSA-SHA3-512,ED448_signed-by_ECDSA-SHA3-512,11.362,2472.76,1102.6,1,0,0,109.2,16,1513.53,1514.75,1258,1254
1,2,72,ED448_signed-by_ECDSA-SHA3-512,ED448_signed-by_ECDSA-SHA3-512,12.724,2208.04,964.446,0.777778,0,0,135.778,24,1541.39,1513.52,1258,1254
1,5,71,ED448_signed-by_ECDSA-SHA3-512,ED448_signed-by_ECDSA-SHA3-512,12.31,2282.32,996.891,0.333333,0,0,117.111,15,1536.06,1501.54,1258,1254
1,1,70,ED448_signed-by_ECDSA-SHA3-512,ED448_signed-by_ECDSA-SHA3-512,17.918,1567.95,1359.9,0.9375,22,1.375,151.5,24,1529.26,1535.15,1258,1254
1,3,64,ED448_signed-by_ECDSA-SHA3-512,ED448_signed-by_ECDSA-SHA3-512,11.662,2409.84,1052.29,0.666667,0,0,126,24,1535.79,1492.47,1258,1255
1,7,71,ED448_signed-by_ECDSA-SHA3-512,ED448_signed-by_ECDSA-SHA3-512,11.366,2471.89,1096.59,0.6,5,0.5,109.2,16,1544.15,1493.31,1258,1254
1,6,77,ED448_signed-by_ECDSA-SHA3-512,ED448_signed-by_ECDSA-SHA3-512,12.12,2318.12,1012.53,0.888889,0,0,118.444,9,1522.92,1512.08,1258,1254
1,8,74,ED448_signed-by_ECDSA-SHA3-512,ED448_signed-by_ECDSA-SHA3-512,12.708,2210.83,1005.95,1,0,0,103.455,16,1520.46,1525.28,1258,1254
1,2,73,ED448_signed-by_ECDSA-SHA3-512,ED448_signed-by_ECDSA-SHA3-512,12.244,2294.63,1023.17,1,3,0.3,126,24,1536.28,1491.18,1258,1254
1,5,72,ED448_signed-by_ECDSA-SHA3-512,ED448_signed-by_ECDSA-SHA3-512,11.856,2369.72,1035.07,1,0,0,117.111,15,1538.14,1514.33,1258,1254
1,6,78,ED448_signed-by_ECDSA-SHA3-512,ED448_signed-by_ECDSA-SHA3-512,6.382,4401.84,1922.67,1,0,0,117.111,9,1528.76,1511.79,1258,1254
1,7,72,ED448_signed-by_ECDSA-SHA3-512,ED448_signed-by_ECDSA-SHA3-512,14.448,1944.53,1295.62,1,10,0.625,129.5,17,1536.95,1496.79,1258,1254
1,3,65,ED448_signed-by_ECDSA-SHA3-512,ED448_signed-by_ECDSA-SHA3-512,15.628,1798.21,1546.88,1,18,1.2,149.467,24,1542.49,1489.18,1258,1255
1,1,71,ED448_signed-by_ECDSA-SHA3-512,ED448_signed-by_ECDSA-SHA3-512,17.932,1566.8,1584.64,1,23,0.92,129.2,24,1520.77,1526.51,1258,1254
1,2,74,ED448_signed-by_ECDSA-SHA3-512,ED448_signed-by_ECDSA-SHA3-512,11.596,2422.8,1237.61,1,6,0.428571,146,24,1533.6,1514.12,1258,1254
1,6,79,ED448_signed-by_ECDSA-SHA3-512,ED448_signed-by_ECDSA-SHA3-512,10.001,2809.25,1278.24,1,0,0,102.727,9,1522.8,1509.22,1258,1254
1,3,66,ED448_signed-by_ECDSA-SHA3-512,ED448_signed-by_ECDSA-SHA3-512,8.649,3249.39,1461.44,1,0,0,109.636,24,1535.08,1506.07,1258,1255
1,7,73,ED448_signed-by_ECDSA-SHA3-512,ED448_signed-by_ECDSA-SHA3-512,10.296,2728.77,1229.19,1,3,0.272727,144.182,17,1547.63,1494.7,1258,1254
1,1,72,ED448_signed-by_ECDSA-SHA3-512,ED448_signed-by_ECDSA-SHA3-512,9.492,2959.95,1292.87,1,0,0,135.778,24,1539.49,1492.8,1258,1254
1,5,73,ED448_signed-by_ECDSA-SHA3-512,ED448_signed-by_ECDSA-SHA3-512,20.191,1391.48,1216.36,1,20,1.17647,134.471,15,1549.33,1504.34,1258,1254
1,6,80,ED448_signed-by_ECDSA-SHA3-512,ED448_signed-by_ECDSA-SHA3-512,12.026,2336.22,1515.35,0.583333,9,0.75,132,9,1533.52,1515.31,1258,1254
1,2,75,ED448_signed-by_ECDSA-SHA3-512,ED448_signed-by_ECDSA-SHA3-512,13.335,2106.88,1042.64,0.583333,5,0.416667,164,24,1571.66,1491.43,1258,1254
1,7,74,ED448_signed-by_ECDSA-SHA3-512,ED448_signed-by_ECDSA-SHA3-512,12.458,2255.23,1100.65,0.454545,0,0,107.818,17,1529.5,1504.66,1258,1254
1,3,67,ED448_signed-by_ECDSA-SHA3-512,ED448_signed-by_ECDSA-SHA3-512,14.021,2004.38,875.241,0.555556,0,0,126,24,1522.06,1497.44,1258,1255
1,1,73,ED448_signed-by_ECDSA-SHA3-512,ED448_signed-by_ECDSA-SHA3-512,12.326,2279.39,995.612,0.777778,3,0.333333,135.778,24,1530.42,1482.08,1258,1254
1,5,74,ED448_signed-by_ECDSA-SHA3-512,ED448_signed-by_ECDSA-SHA3-512,11.892,2362.41,1062.82,0.727273,0,0,102.364,15,1524.24,1539.43,1258,1254
1,4,0,ED448_signed-by_ECDSA-SHA3-512,ED448_signed-by_ECDSA-SHA3-512,1019.38,27.5617,10.1159,1,6,0.333333,165,24,1530.52,1515.04,1258,1254
1,7,75,ED448_signed-by_ECDSA-SHA3-512,ED448_signed-by_ECDSA-SHA3-512,11.777,2385.48,1041.95,1,0,0,135.778,17,1539.39,1509.58,1258,1254
1,6,81,ED448_signed-by_ECDSA-SHA3-512,ED448_signed-by_ECDSA-SHA3-512,17.589,1597.33,1280.78,0.777778,15,0.833333,106.444,9,1531.14,1508.64,1258,1254
1,3,68,ED448_signed-by_ECDSA-SHA3-512,ED448_signed-by_ECDSA-SHA3-512,12.806,2194.6,978.291,1,0,0,117.2,24,1512.14,1481.8,1258,1255
1,1,74,ED448_signed-by_ECDSA-SHA3-512,ED448_signed-by_ECDSA-SHA3-512,13.384,2099.21,1038.85,0.833333,2,0.166667,164,24,1522.97,1492.2,1258,1254
1,5,75,ED448_signed-by_ECDSA-SHA3-512,ED448_signed-by_ECDSA-SHA3-512,11.762,2388.52,1043.28,1,0,0,128.667,15,1518.44,1514.95,1258,1254
1,4,1,ED448_signed-by_ECDSA-SHA3-512,ED448_signed-by_ECDSA-SHA3-512,10.363,2710.94,1184.11,0.333333,0,0,135.778,24,1520.46,1489.52,1258,1254
1,7,76,ED448_signed-by_ECDSA-SHA3-512,ED448_signed-by_ECDSA-SHA3-512,10.441,2690.91,1331.66,1,5,0.416667,117.333,17,1542.72,1532.17,1258,1254
1,6,82,ED448_signed-by_ECDSA-SHA3-512,ED448_signed-by_ECDSA-SHA3-512,10.706,2624.28,1146.25,1,0,0,122.444,9,1511.19,1513.74,1258,1254
1,1,75,ED448_signed-by_ECDSA-SHA3-512,ED448_signed-by_ECDSA-SHA3-512,10.584,2654.52,1183.65,1,0,0,126,24,1508.91,1495.53,1258,1254
1,3,69,ED448_signed-by_ECDSA-SHA3-512,ED448_signed-by_ECDSA-SHA3-512,12.691,2214.41,1341.38,0.923077,7,0.538462,119.231,24,1552.64,1507.5,1258,1255
1,4,2,ED448_signed-by_ECDSA-SHA3-512,ED448_signed-by_ECDSA-SHA3-512,10.587,2653.76,1159.13,1,0,0,135.778,24,1520.57,1503.16,1258,1254
1,5,76,ED448_signed-by_ECDSA-SHA3-512,ED448_signed-by_ECDSA-SHA3-512,13.281,2115.42,1639.57,0.882353,14,0.823529,116.588,15,1527.49,1523.85,1258,1254
1,2,76,ED448_signed-by_ECDSA-SHA3-512,ED448_signed-by_ECDSA-SHA3-512,34.102,823.875,432.112,1,5,0.3125,114.5,24,1534.75,1499.7,1258,1254
1,6,83,ED448_signed-by_ECDSA-SHA3-512,ED448_signed-by_ECDSA-SHA3-512,12.376,2270.14,991.569,1,3,0.333333,117.111,9,1543.66,1509.34,1258,1254
1,7,77,ED448_signed-by_ECDSA-SHA3-512,ED448_signed-by_ECDSA-SHA3-512,14.416,1948.86,1194.18,0.928571,11,0.785714,121.429,17,1525.65,1498.37,1258,1254
1,1,76,ED448_signed-by_ECDSA-SHA3-512,ED448_signed-by_ECDSA-SHA3-512,12.117,2318.66,1055.02,1,0,0,118,24,1506.42,1498.1,1258,1254
1,4,3,ED448_signed-by_ECDSA-SHA3-512,ED448_signed-by_ECDSA-SHA3-512,10.861,2586.83,1129.9,1,3,0.333333,135.778,24,1538.22,1494.37,1258,1254
1,5,77,ED448_signed-by_ECDSA-SHA3-512,ED448_signed-by_ECDSA-SHA3-512,10.577,2656.29,1184.44,1,0,0,109.2,15,1531.94,1587,1258,1254
1,3,70,ED448_signed-by_ECDSA-SHA3-512,ED448_signed-by_ECDSA-SHA3-512,14.2,1979.08,1212.35,1,8,0.571429,113.429,24,1541.27,1515.64,1258,1255
1,1,77,ED448_signed-by_ECDSA-SHA3-512,ED448_signed-by_ECDSA-SHA3-512,6.89,4077.34,1780.93,1,0,0,135.778,24,1537.24,1508.76,1258,1254
1,5,78,ED448_signed-by_ECDSA-SHA3-512,ED448_signed-by_ECDSA-SHA3-512,9.444,2974.97,1380.75,1,0,0,97.3333,15,1555.27,1548.69,1258,1254
1,7,78,ED448_signed-by_ECDSA-SHA3-512,ED448_signed-by_ECDSA-SHA3-512,12.418,2262.45,1251.04,1,7,0.466667,143.6,17,1545.88,1498.2,1258,1254
1,2,77,ED448_signed-by_ECDSA-SHA3-512,ED448_signed-by_ECDSA-SHA3-512,22.079,1272.5,779.729,1,8,0.571429,106,24,1539.06,1498.07,1258,1254
1,6,84,ED448_signed-by_ECDSA-SHA3-512,ED448_signed-by_ECDSA-SHA3-512,18.359,1530.35,2069.81,0.965517,29,1,141.448,10,1511.98,1492.57,1258,1254
1,1,78,ED448_signed-by_ECDSA-SHA3-512,ED448_signed-by_ECDSA-SHA3-512,11.41,2462.33,971.751,0.75,0,0,139,24,1526.81,1505.77,1258,1254
1,3,71,ED448_signed-by_ECDSA-SHA3-512,ED448_signed-by_ECDSA-SHA3-512,15.903,1767.12,1079.49,1,11,0.916667,203.333,24,1533.04,1522.95,1258,1255
1,4,4,ED448_signed-by_ECDSA-SHA3-512,ED448_signed-by_ECDSA-SHA3-512,18.493,1519.27,1084.08,1,16,1,318.5,24,1523.79,1496.1,1258,1254
1,5,79,ED448_signed-by_ECDSA-SHA3-512,ED448_signed-by_ECDSA-SHA3-512,11.871,2366.73,1055.32,0.9,0,0,109.2,15,1521.36,1517.08,1258,1254
1,7,79,ED448_signed-by_ECDSA-SHA3-512,ED448_signed-by_ECDSA-SHA3-512,11.755,2390.08,1182.79,0.75,5,0.416667,276.333,17,1532.95,1492.13,1258,1254
1,2,78,ED448_signed-by_ECDSA-SHA3-512,ED448_signed-by_ECDSA-SHA3-512,12.322,2280.08,995.912,1,0,0,117.111,24,1555.82,1507.74,1258,1254
1,1,79,ED448_signed-by_ECDSA-SHA3-512,ED448_signed-by_ECDSA-SHA3-512,11.431,2457.81,1615.21,0.6,7,0.466667,158,24,1525.75,1495.08,1258,1254
1,4,5,ED448_signed-by_ECDSA-SHA3-512,ED448_signed-by_ECDSA-SHA3-512,11.069,2538.2,1238.75,1,0,0,175.455,24,1510.84,1484.65,1258,1254
1,3,72,ED448_signed-by_ECDSA-SHA3-512,ED448_signed-by_ECDSA-SHA3-512,12.101,2322.39,1154.25,0.916667,3,0.25,150.667,24,1530.58,1487.77,1258,1255
1,6,85,ED448_signed-by_ECDSA-SHA3-512,ED448_signed-by_ECDSA-SHA3-512,14.571,1928.14,1250.65,0.916667,12,1,154.667,10,1524.95,1527.21,1258,1254
1,5,80,ED448_signed-by_ECDSA-SHA3-512,ED448_signed-by_ECDSA-SHA3-512,9.667,2906.36,1269.46,0.555556,0,0,117.111,15,1520.74,1489.78,1258,1254
1,7,80,ED448_signed-by_ECDSA-SHA3-512,ED448_signed-by_ECDSA-SHA3-512,10.422,2695.78,1177.48,1,3,0.333333,135.778,17,1550.6,1515.32,1258,1254
1,1,80,ED448_signed-by_ECDSA-SHA3-512,ED448_signed-by_ECDSA-SHA3-512,9.067,3098.68,1381.7,1,0,0,126,24,1540.14,1497.15,1258,1254
1,2,79,ED448_signed-by_ECDSA-SHA3-512,ED448_signed-by_ECDSA-SHA3-512,14.198,1978.77,1217.01,1,7,0.5,106,24,1526.12,1491.76,1258,1254
1,4,6,ED448_signed-by_ECDSA-SHA3-512,ED448_signed-by_ECDSA-SHA3-512,12.71,2210.45,1713.22,0.941176,14,0.823529,150,24,1519.18,1550.45,1258,1254
1,6,86,ED448_signed-by_ECDSA-SHA3-512,ED448_signed-by_ECDSA-SHA3-512,12.113,2319.4,1742.19,1,7,0.4375,193.5,10,1516.91,1504.37,1258,1254
1,3,73,ED448_signed-by_ECDSA-SHA3-512,ED448_signed-by_ECDSA-SHA3-512,14.227,1975.3,1311.25,1,9,0.5625,139,24,1521.42,1509.29,1258,1255
1,7,81,ED448_signed-by_ECDSA-SHA3-512,ED448_signed-by_ECDSA-SHA3-512,12.772,2199.72,1667.33,0.764706,15,0.882353,181.529,17,1550.55,1489.86,1258,1254
1,5,81,ED448_signed-by_ECDSA-SHA3-512,ED448_signed-by_ECDSA-SHA3-512,15.645,1795.76,1181.15,1,9,0.692308,124.769,15,1538.14,1520.43,1258,1254
1,1,81,ED448_signed-by_ECDSA-SHA3-512,ED448_signed-by_ECDSA-SHA3-512,10.91,2575.24,1274.42,0.75,5,0.416667,117.333,24,1529.49,1506.89,1258,1254
1,2,80,ED448_signed-by_ECDSA-SHA3-512,ED448_signed-by_ECDSA-SHA3-512,13.657,2057.19,1246.5,0.692308,7,0.538462,111.231,24,1527.18,1515,1258,1254
1,4,7,ED448_signed-by_ECDSA-SHA3-512,ED448_signed-by_ECDSA-SHA3-512,12.837,2188.61,975.902,0.9,0,0,126,24,1527.63,1493.35,1258,1254
1,6,87,ED448_signed-by_ECDSA-SHA3-512,ED448_signed-by_ECDSA-SHA3-512,12.891,2179.45,951.956,1,0,0,137.111,10,1519.72,1513.28,1258,1254
1,7,82,ED448_signed-by_ECDSA-SHA3-512,ED448_signed-by_ECDSA-SHA3-512,10.934,2569.57,1122.36,0.555556,0,0,135.778,17,1540.72,1480.85,1258,1254
1,3,74,ED448_signed-by_ECDSA-SHA3-512,ED448_signed-by_ECDSA-SHA3-512,13.535,2076.33,1346.4,1,9,0.75,142,24,1509.85,1512.79,1258,1255
1,5,82,ED448_signed-by_ECDSA-SHA3-512,ED448_signed-by_ECDSA-SHA3-512,10.916,2573.79,1124.2,1,0,0,117.111,15,1524.98,1493.89,1258,1254
1,1,82,ED448_signed-by_ECDSA-SHA3-512,ED448_signed-by_ECDSA-SHA3-512,11.612,2419.5,1078.86,1,0,0,126,24,1542.85,1518.5,1258,1254
1,6,88,ED448_signed-by_ECDSA-SHA3-512,ED448_signed-by_ECDSA-SHA3-512,12.55,2238.66,1118.05,1,2,0.166667,273.667,10,1528.86,1520.13,1258,1254
1,4,8,ED448_signed-by_ECDSA-SHA3-512,ED448_signed-by_ECDSA-SHA3-512,14.849,1892.05,746.692,1,0,0,139,24,1516.08,1529.52,1258,1254
1,5,83,ED448_signed-by_ECDSA-SHA3-512,ED448_signed-by_ECDSA-SHA3-512,12.051,2331.37,1018.32,1,3,0.333333,119.778,15,1529.46,1520.23,1258,1254
1,2,81,ED448_signed-by_ECDSA-SHA3-512,ED448_signed-by_ECDSA-SHA3-512,16.925,1659.96,1005.81,1,7,0.538462,111.231,24,1539.29,1486.8,1258,1254
1,3,75,ED448_signed-by_ECDSA-SHA3-512,ED448_signed-by_ECDSA-SHA3-512,14.042,2001.36,1649.86,1,17,1,118.471,24,1529.43,1517.43,1258,1255
1,1,83,ED448_signed-by_ECDSA-SHA3-512,ED448_signed-by_ECDSA-SHA3-512,15.541,1807.79,822.564,1,0,0,118,24,1508.12,1495.19,1258,1254
1,7,83,ED448_signed-by_ECDSA-SHA3-512,ED448_signed-by_ECDSA-SHA3-512,19.982,1406.06,921.627,1,10,0.769231,145.692,17,1539.53,1486.26,1258,1254
1,8,75,ED448_signed-by_ECDSA-SHA3-512,ED448_signed-by_ECDSA-SHA3-512,146.797,191.393,156.188,1,20,0.869565,91.913,16,1514.31,1503.17,1258,1254
1,2,82,ED448_signed-by_ECDSA-SHA3-512,ED448_signed-by_ECDSA-SHA3-512,10.562,2660.1,1161.9,0.111111,0,0,117.111,24,1537.69,1517.21,1258,1254
1,6,89,ED448_signed-by_ECDSA-SHA3-512,ED448_signed-by_ECDSA-SHA3-512,14.32,1961.96,1674.82,0.785714,7,0.5,135.143,10,1531.33,1516.17,1258,1254
1,4,9,ED448_signed-by_ECDSA-SHA3-512,ED448_signed-by_ECDSA-SHA3-512,13.366,2102,1578.89,0.5625,13,0.8125,204.5,24,1515.46,1518.9,1258,1254
1,3,76,ED448_signed-by_ECDSA-SHA3-512,ED448_signed-by_ECDSA-SHA3-512,13.034,2156.15,941.513,0.666667,0,0,117.111,24,1524.87,1510.56,1258,1255
1,5,84,ED448_signed-by_ECDSA-SHA3-512,ED448_signed-by_ECDSA-SHA3-512,14.978,1875.75,941.081,0.846154,6,0.461538,132.154,15,1563.31,1509.32,1258,1254
1,1,84,ED448_signed-by_ECDSA-SHA3-512,ED448_signed-by_ECDSA-SHA3-512,13.727,2046.71,931.276,1,0,0,118,24,1532.81,1496.82,1258,1254
1,7,84,ED448_signed-by_ECDSA-SHA3-512,ED448_signed-by_ECDSA-SHA3-512,13.509,2079.74,908.405,1,0,0,135.778,17,1517.22,1491.68,1258,1254
1,8,76,ED448_signed-by_ECDSA-SHA3-512,ED448_signed-by_ECDSA-SHA3-512,13.948,2014.27,776.574,1,0,0,131.714,16,1526.37,1527.56,1258,1254
1,2,83,ED448_signed-by_ECDSA-SHA3-512,ED448_signed-by_ECDSA-SHA3-512,16.53,1699.64,742.383,1,0,0,169.111,24,1545.31,1504.94,1258,1254
1,5,85,ED448_signed-by_ECDSA-SHA3-512,ED448_signed-by_ECDSA-SHA3-512,17.105,1642.51,812.838,0.833333,2,0.166667,140,15,1524.47,1525.34,1258,1254
1,3,77,ED448_signed-by_ECDSA-SHA3-512,ED448_signed-by_ECDSA-SHA3-512,19.087,1472.36,1266.58,1,18,1.2,144.133,24,1554.94,1501.86,1258,1255
1,6,90,ED448_signed-by_ECDSA-SHA3-512,ED448_signed-by_ECDSA-SHA3-512,21.952,1279.83,1308.98,1,19,1.05556,155.778,10,1519.47,1509.65,1258,1254
1,1,85,ED448_signed-by_ECDSA-SHA3-512,ED448_signed-by_ECDSA-SHA3-512,16.947,1657.84,739.228,1,3,0.3,126,24,1533.31,1515.85,1258,1254
1,7,85,ED448_signed-by_ECDSA-SHA3-512,ED448_signed-by_ECDSA-SHA3-512,19.421,1446.63,658.233,1,0,0,118,17,1545.44,1500.46,1258,1254
1,4,10,ED448_signed-by_ECDSA-SHA3-512,ED448_signed-by_ECDSA-SHA3-512,26.972,1041.65,807.342,1,14,0.823529,150.941,24,1537.23,1489.28,1258,1254
1,8,77,ED448_signed-by_ECDSA-SHA3-512,ED448_signed-by_ECDSA-SHA3-512,19.234,1460.7,712.881,1,3,0.272727,149.273,17,1510.77,1502.16,1258,1254
1,2,84,ED448_signed-by_ECDSA-SHA3-512,ED448_signed-by_ECDSA-SHA3-512,17.139,1639.25,993.256,1,7,0.538462,111.231,24,1533.15,1511.31,1258,1254
1,3,78,ED448_signed-by_ECDSA-SHA3-512,ED448_signed-by_ECDSA-SHA3-512,13.228,2124.54,1051.08,1,8,0.666667,102,24,1545.05,1511.24,1258,1255
1,5,86,ED448_signed-by_ECDSA-SHA3-512,ED448_signed-by_ECDSA-SHA3-512,16.887,1663.7,1094.29,1,9,0.692308,124.769,15,1517.78,1525.69,1258,1254
1,6,91,ED448_signed-by_ECDSA-SHA3-512,ED448_signed-by_ECDSA-SHA3-512,15.936,1762.98,770.049,1,0,0,117.111,10,1513.55,1508.87,1258,1254
1,1,86,ED448_signed-by_ECDSA-SHA3-512,ED448_signed-by_ECDSA-SHA3-512,14.634,1919.84,963.201,1,5,0.384615,301.077,24,1536.02,1526.86,1258,1254
1,7,86,ED448_signed-by_ECDSA-SHA3-512,ED448_signed-by_ECDSA-SHA3-512,14.554,1930.41,1269.71,1,9,0.692308,202.308,17,1531.38,1496.44,1258,1254
1,4,11,ED448_signed-by_ECDSA-SHA3-512,ED448_signed-by_ECDSA-SHA3-512,14.459,1943.09,848.718,1,0,0,135.778,24,1530.33,1500.64,1258,1254
1,8,78,ED448_signed-by_ECDSA-SHA3-512,ED448_signed-by_ECDSA-SHA3-512,14.401,1950.91,983.232,0.769231,2,0.153846,132.154,17,1519.9,1491.99,1258,1254
1,2,85,ED448_signed-by_ECDSA-SHA3-512,ED448_signed-by_ECDSA-SHA3-512,15.372,1827.66,1185.48,1,9,0.75,132,24,1554.48,1507.8,1258,1254
1,6,92,ED448_signed-by_ECDSA-SHA3-512,ED448_signed-by_ECDSA-SHA3-512,12.501,2247.43,981.65,0.444444,0,0,117.111,10,1503.24,1515.46,1258,1254
1,5,87,ED448_signed-by_ECDSA-SHA3-512,ED448_signed-by_ECDSA-SHA3-512,14.612,1922.72,1165.02,0.769231,7,0.538462,111.231,15,1520.75,1502.2,1258,1254
1,1,87,ED448_signed-by_ECDSA-SHA3-512,ED448_signed-by_ECDSA-SHA3-512,13.361,2102.77,1045.4,0.666667,2,0.166667,164,24,1512.39,1492.75,1258,1254
1,7,87,ED448_signed-by_ECDSA-SHA3-512,ED448_signed-by_ECDSA-SHA3-512,11.544,2433.76,1085.21,1,0,0,126,17,1538.86,1505.55,1258,1254
1,4,12,ED448_signed-by_ECDSA-SHA3-512,ED448_signed-by_ECDSA-SHA3-512,11.977,2345.77,1024.61,1,3,0.333333,135.778,24,1513.77,1505.36,1258,1254
1,3,79,ED448_signed-by_ECDSA-SHA3-512,ED448_signed-by_ECDSA-SHA3-512,21.03,1336.36,896.234,0.941176,10,0.588235,246.235,24,1538.9,1490.65,1258,1255
1,8,79,ED448_signed-by_ECDSA-SHA3-512,ED448_signed-by_ECDSA-SHA3-512,13.669,2055.39,897.77,1,0,0,117.111,17,1557.22,1525.43,1258,1254
1,2,86,ED448_signed-by_ECDSA-SHA3-512,ED448_signed-by_ECDSA-SHA3-512,13.714,2048.63,894.816,1,0,0,117.111,24,1587.32,1533.49,1258,1254
1,5,88,ED448_signed-by_ECDSA-SHA3-512,ED448_signed-by_ECDSA-SHA3-512,11.807,2379.52,1039.35,0.666667,0,0,117.111,15,1526.39,1507.06,1258,1254
1,7,88,ED448_signed-by_ECDSA-SHA3-512,ED448_signed-by_ECDSA-SHA3-512,10.889,2580.14,1126.97,0,0,0,135.778,17,1541.43,1498.66,1258,1254
1,6,93,ED448_signed-by_ECDSA-SHA3-512,ED448_signed-by_ECDSA-SHA3-512,14.231,1974.2,1685.27,0.714286,11,0.785714,132.857,10,1515.21,1518.65,1258,1254
1,1,88,ED448_signed-by_ECDSA-SHA3-512,ED448_signed-by_ECDSA-SHA3-512,13.433,2091.48,1356.6,0.833333,9,0.75,154.667,24,1526.42,1521.5,1258,1254
1,3,80,ED448_signed-by_ECDSA-SHA3-512,ED448_signed-by_ECDSA-SHA3-512,10.67,2633.85,1150.11,1,3,0.333333,117.111,24,1548.7,1545.4,1258,1255
1,8,80,ED448_signed-by_ECDSA-SHA3-512,ED448_signed-by_ECDSA-SHA3-512,13.07,2149.55,958.486,1,0,0,109.2,17,1533.44,1490.5,1258,1254
1,4,13,ED448_signed-by_ECDSA-SHA3-512,ED448_signed-by_ECDSA-SHA3-512,15.902,1766.73,874.308,1,2,0.166667,160,24,1517.26,1482.1,1258,1254
1,2,87,ED448_signed-by_ECDSA-SHA3-512,ED448_signed-by_ECDSA-SHA3-512,13.544,2074.33,906.041,1,0,0,117.111,24,1524.78,1501.67,1258,1254
1,7,89,ED448_signed-by_ECDSA-SHA3-512,ED448_signed-by_ECDSA-SHA3-512,11.695,2402.32,1049.31,1,0,0,135.778,17,1537.61,1497.04,1258,1254
1,6,94,ED448_signed-by_ECDSA-SHA3-512,ED448_signed-by_ECDSA-SHA3-512,14.296,1965.19,1282.52,1,9,0.692308,125.077,10,1537.54,1499.94,1258,1254
1,4,14,ED448_signed-by_ECDSA-SHA3-512,ED448_signed-by_ECDSA-SHA3-512,9.804,2865.66,1277.8,1,0,0,126,24,1538.36,1502.45,1258,1254
1,1,89,ED448_signed-by_ECDSA-SHA3-512,ED448_signed-by_ECDSA-SHA3-512,15.515,1810.89,1480.89,1,16,1,143.5,24,1545.13,1609.36,1258,1254
1,8,81,ED448_signed-by_ECDSA-SHA3-512,ED448_signed-by_ECDSA-SHA3-512,13.704,2050.08,1348.43,1,9,0.692308,124.769,17,1522.47,1540.95,1258,1254
1,3,81,ED448_signed-by_ECDSA-SHA3-512,ED448_signed-by_ECDSA-SHA3-512,17.746,1583.66,1319.04,1,16,0.8,124.4,24,1541.85,1504.04,1258,1255
1,2,88,ED448_signed-by_ECDSA-SHA3-512,ED448_signed-by_ECDSA-SHA3-512,10.327,2720.55,1231.68,1,4,0.363636,102.727,24,1533.6,1504.38,1258,1254
1,7,90,ED448_signed-by_ECDSA-SHA3-512,ED448_signed-by_ECDSA-SHA3-512,11.255,2496.21,1090.32,1,0,0,135.778,17,1564.39,1502.95,1258,1254
1,5,89,ED448_signed-by_ECDSA-SHA3-512,ED448_signed-by_ECDSA-SHA3-512,25.73,1091.95,861.247,1,16,0.842105,102,15,1537.55,1521.37,1258,1254
1,4,15,ED448_signed-by_ECDSA-SHA3-512,ED448_signed-by_ECDSA-SHA3-512,11.641,2413.46,1565.45,1,9,0.75,153.333,24,1519.56,1555.57,1258,1254
1,6,95,ED448_signed-by_ECDSA-SHA3-512,ED448_signed-by_ECDSA-SHA3-512,14.215,1976.41,1215.56,1,7,0.5,113.429,10,1590.44,1514.32,1258,1254
1,8,82,ED448_signed-by_ECDSA-SHA3-512,ED448_signed-by_ECDSA-SHA3-512,12.327,2279.15,995.504,1,0,0,173.111,17,1506.65,1487.58,1258,1254
1,1,90,ED448_signed-by_ECDSA-SHA3-512,ED448_signed-by_ECDSA-SHA3-512,16.652,1687.17,1094.35,1,9,0.75,154.667,24,1525.97,1515.03,1258,1254
1,7,91,ED448_signed-by_ECDSA-SHA3-512,ED448_signed-by_ECDSA-SHA3-512,11.168,2515.73,1098.84,1,0,0,135.778,17,1535.01,1492.62,1258,1254
1,3,82,ED448_signed-by_ECDSA-SHA3-512,ED448_signed-by_ECDSA-SHA3-512,15.739,1785.54,1174.1,1,12,0.923077,125.692,24,1553.05,1508.88,1258,1255
1,5,90,ED448_signed-by_ECDSA-SHA3-512,ED448_signed-by_ECDSA-SHA3-512,12.716,2209.44,1041.81,1,2,0.181818,282,15,1530.51,1512.22,1258,1254
1,6,96,ED448_signed-by_ECDSA-SHA3-512,ED448_signed-by_ECDSA-SHA3-512,11.976,2345.96,1024.69,1,0,0,126,10,1526.74,1503.88,1258,1254
1,2,89,ED448_signed-by_ECDSA-SHA3-512,ED448_signed-by_ECDSA-SHA3-512,20.178,1392.39,1055.39,1,18,1.05882,170.235,24,1516.36,1490.02,1258,1254
1,8,83,ED448_signed-by_ECDSA-SHA3-512,ED448_signed-by_ECDSA-SHA3-512,10.487,2679.09,1170.19,1,0,0,117.111,17,1523.53,1487.29,1258,1254
1,7,92,ED448_signed-by_ECDSA-SHA3-512,ED448_signed-by_ECDSA-SHA3-512,10.974,2560.13,1118.23,1,0,0,135.778,17,1542.27,1511.19,1258,1254
1,1,91,ED448_signed-by_ECDSA-SHA3-512,ED448_signed-by_ECDSA-SHA3-512,12.242,2294.94,1002.4,1,0,0,135.778,24,1537.04,1494.29,1258,1254
1,4,16,ED448_signed-by_ECDSA-SHA3-512,ED448_signed-by_ECDSA-SHA3-512,19.364,1450.92,1134.46,0.666667,15,0.833333,106.889,24,1524.64,1487.98,1258,1254
1,3,83,ED448_signed-by_ECDSA-SHA3-512,ED448_signed-by_ECDSA-SHA3-512,12.621,2226.66,1116.82,0.307692,3,0.230769,132.154,24,1523.89,1487.9,1258,1255
1,5,91,ED448_signed-by_ECDSA-SHA3-512,ED448_signed-by_ECDSA-SHA3-512,12.639,2222.86,913.955,0.25,0,0,150.5,15,1531.92,1515.75,1258,1254
1,6,97,ED448_signed-by_ECDSA-SHA3-512,ED448_signed-by_ECDSA-SHA3-512,12.398,2266.15,873.68,0,0,0,147.143,10,1556,1510.94,1258,1254
1,8,84,ED448_signed-by_ECDSA-SHA3-512,ED448_signed-by_ECDSA-SHA3-512,15.21,1847.17,806.822,0,0,0,117.111,17,1520.15,1506.31,1258,1254
1,2,90,ED448_signed-by_ECDSA-SHA3-512,ED448_signed-by_ECDSA-SHA3-512,16.647,1687.7,835.202,0,2,0.166667,140,24,1538.42,1562.31,1258,1254
1,7,93,ED448_signed-by_ECDSA-SHA3-512,ED448_signed-by_ECDSA-SHA3-512,15.941,1762.46,769.823,0.444444,0,0,135.778,17,1542.03,1500.15,1258,1254
1,1,92,ED448_signed-by_ECDSA-SHA3-512,ED448_signed-by_ECDSA-SHA3-512,15.844,1773.26,774.537,0.444444,3,0.333333,135.778,24,1522.99,1504.01,1258,1254
1,4,17,ED448_signed-by_ECDSA-SHA3-512,ED448_signed-by_ECDSA-SHA3-512,15.62,1798.69,785.645,1,3,0.333333,117.111,24,1512.69,1488.95,1258,1254
1,3,84,ED448_signed-by_ECDSA-SHA3-512,ED448_signed-by_ECDSA-SHA3-512,14.66,1917.03,837.098,1,0,0,117.111,24,1539.09,1505.29,1258,1255
1,5,92,ED448_signed-by_ECDSA-SHA3-512,ED448_signed-by_ECDSA-SHA3-512,16.69,1683.36,821.548,1,0,0,149.273,15,1540.94,1513.27,1258,1254
1,6,98,ED448_signed-by_ECDSA-SHA3-512,ED448_signed-by_ECDSA-SHA3-512,14.801,1898.17,926.387,1,0,0,160.909,10,1524.82,1507.71,1258,1254
1,8,85,ED448_signed-by_ECDSA-SHA3-512,ED448_signed-by_ECDSA-SHA3-512,14.519,1935.02,880.457,1,0,0,102.727,17,1508.19,1513.42,1258,1254
1,2,91,ED448_signed-by_ECDSA-SHA3-512,ED448_signed-by_ECDSA-SHA3-512,14.626,1920.87,950.59,1,8,0.666667,106,24,1540.1,1495.37,1258,1254
1,7,94,ED448_signed-by_ECDSA-SHA3-512,ED448_signed-by_ECDSA-SHA3-512,12.715,2209.59,965.125,1,0,0,142,17,1526.43,1512.27,1258,1254
1,1,93,ED448_signed-by_ECDSA-SHA3-512,ED448_signed-by_ECDSA-SHA3-512,15.487,1814.09,1387.42,1,20,1.11111,174.222,24,1540.77,1520.93,1258,1254
1,3,85,ED448_signed-by_ECDSA-SHA3-512,ED448_signed-by_ECDSA-SHA3-512,17.31,1623.49,1082.33,1,9,0.642857,118.571,24,1534.07,1499.65,1258,1255
1,4,18,ED448_signed-by_ECDSA-SHA3-512,ED448_signed-by_ECDSA-SHA3-512,20.112,1396.96,962.601,1,10,0.526316,115.053,24,1519.86,1509.94,1258,1254
1,5,93,ED448_signed-by_ECDSA-SHA3-512,ED448_signed-by_ECDSA-SHA3-512,17.226,1630.94,1072.74,1,9,0.692308,124.769,15,1536.81,1497.99,1258,1254
1,6,99,ED448_signed-by_ECDSA-SHA3-512,ED448_signed-by_ECDSA-SHA3-512,17.19,1634.36,1048.93,1,2,0.181818,129.636,10,1545.52,1512.55,1258,1254
1,8,86,ED448_signed-by_ECDSA-SHA3-512,ED448_signed-by_ECDSA-SHA3-512,16.661,1686.25,1033.26,1,8,0.571429,106,17,1533.01,1506,1258,1254
1,7,95,ED448_signed-by_ECDSA-SHA3-512,ED448_signed-by_ECDSA-SHA3-512,15.603,1800.6,891.071,1,5,0.416667,117.333,17,1552.53,1500.75,1258,1254
1,2,92,ED448_signed-by_ECDSA-SHA3-512,ED448_signed-by_ECDSA-SHA3-512,19.287,1456.73,720.897,1,2,0.166667,158.667,24,1517.1,1505.28,1258,1254
1,3,86,ED448_signed-by_ECDSA-SHA3-512,ED448_signed-by_ECDSA-SHA3-512,12.188,2305.79,1006.85,0.444444,0,0,129.556,24,1524.91,1484.28,1258,1255
1,1,94,ED448_signed-by_ECDSA-SHA3-512,ED448_signed-by_ECDSA-SHA3-512,16.565,1696.02,1720.16,0.904762,29,1.38095,198.381,24,1524.93,1496.64,1258,1254
1,4,19,ED448_signed-by_ECDSA-SHA3-512,ED448_signed-by_ECDSA-SHA3-512,12.496,2248.32,1002.53,0.4,0,0,109.2,24,1529.35,1507.87,1258,1254
1,5,94,ED448_signed-by_ECDSA-SHA3-512,ED448_signed-by_ECDSA-SHA3-512,12.024,2336.6,1041.89,0.4,0,0,109.2,15,1537.06,1514.09,1258,1254
1,8,87,ED448_signed-by_ECDSA-SHA3-512,ED448_signed-by_ECDSA-SHA3-512,11.775,2386,1042.18,1,0,0,117.111,17,1521.89,1523.87,1258,1254
1,7,96,ED448_signed-by_ECDSA-SHA3-512,ED448_signed-by_ECDSA-SHA3-512,12.282,2287.5,999.152,1,0,0,135.778,17,1549.87,1506.33,1258,1254
1,3,87,ED448_signed-by_ECDSA-SHA3-512,ED448_signed-by_ECDSA-SHA3-512,12.903,2178.01,970.897,1,0,0,109.2,24,1519.88,1490.29,1258,1255
1,2,93,ED448_signed-by_ECDSA-SHA3-512,ED448_signed-by_ECDSA-SHA3-512,14.269,1968.94,877.948,1,0,0,109.2,24,1533.82,1494.98,1258,1254
1,1,95,ED448_signed-by_ECDSA-SHA3-512,ED448_signed-by_ECDSA-SHA3-512,13.1,2144.65,1424.07,1,9,0.5625,150.5,24,1559.99,1490.6,1258,1254
1,5,95,ED448_signed-by_ECDSA-SHA3-512,ED448_signed-by_ECDSA-SHA3-512,15.02,1870.48,1546.66,1,16,0.941176,118.471,15,1555.37,1503.67,1258,1254
1,4,20,ED448_signed-by_ECDSA-SHA3-512,ED448_signed-by_ECDSA-SHA3-512,17.383,1616.2,1263.69,1,15,0.833333,106.889,24,1530.52,1500.53,1258,1254
1,7,97,ED448_signed-by_ECDSA-SHA3-512,ED448_signed-by_ECDSA-SHA3-512,11.497,2443.73,1209.34,0.583333,5,0.416667,117.333,17,1543.85,1508.17,1258,1254
1,8,88,ED448_signed-by_ECDSA-SHA3-512,ED448_signed-by_ECDSA-SHA3-512,16.798,1672.51,1439.15,1,8,0.533333,132.667,17,1536.24,1514.93,1258,1254
1,1,96,ED448_signed-by_ECDSA-SHA3-512,ED448_signed-by_ECDSA-SHA3-512,12.178,2307.05,1028.71,0.5,0,0,207.6,24,1529.84,1511.53,1258,1254
1,2,94,ED448_signed-by_ECDSA-SHA3-512,ED448_signed-by_ECDSA-SHA3-512,14.073,1996.37,871.99,0.555556,0,0,117.111,24,1523.5,1500.89,1258,1254
1,3,88,ED448_signed-by_ECDSA-SHA3-512,ED448_signed-by_ECDSA-SHA3-512,16.339,1719.97,1115.31,0.75,9,0.75,132,24,1519.62,1509.97,1258,1255
1,5,96,ED448_signed-by_ECDSA-SHA3-512,ED448_signed-by_ECDSA-SHA3-512,11.11,2528.85,1532.28,0.384615,7,0.538462,111.231,15,1544.48,1514.62,1258,1254
1,4,21,ED448_signed-by_ECDSA-SHA3-512,ED448_signed-by_ECDSA-SHA3-512,11.047,2543.25,1134.03,0.6,0,0,109.2,24,1510.7,1482.28,1258,1254
1,7,98,ED448_signed-by_ECDSA-SHA3-512,ED448_signed-by_ECDSA-SHA3-512,11.438,2456.29,1072.88,0.666667,0,0,135.778,17,1563.73,1513.27,1258,1254
1,2,95,ED448_signed-by_ECDSA-SHA3-512,ED448_signed-by_ECDSA-SHA3-512,9.931,2829.02,1261.46,1,0,0,109.2,24,1540.97,1511.02,1258,1254
1,1,97,ED448_signed-by_ECDSA-SHA3-512,ED448_signed-by_ECDSA-SHA3-512,12.312,2281.88,1398.24,1,8,0.571429,121.429,24,1529.41,1506.57,1258,1254
1,3,89,ED448_signed-by_ECDSA-SHA3-512,ED448_signed-by_ECDSA-SHA3-512,10.84,2592.51,1282.6,1,5,0.416667,102,24,1518.71,1513.77,1258,1255
1,5,97,ED448_signed-by_ECDSA-SHA3-512,ED448_signed-by_ECDSA-SHA3-512,11.801,2380.7,1039.86,1,0,0,222,15,1525.04,1508.07,1258,1254
1,4,22,ED448_signed-by_ECDSA-SHA3-512,ED448_signed-by_ECDSA-SHA3-512,13.369,2101.47,937.044,1,0,0,111.6,24,1525.32,1506.53,1258,1254
1,7,99,ED448_signed-by_ECDSA-SHA3-512,ED448_signed-by_ECDSA-SHA3-512,12.722,2208.35,1521.7,1,12,0.8,125.733,17,1529,1492.79,1258,1254
1,8,89,ED448_signed-by_ECDSA-SHA3-512,ED448_signed-by_ECDSA-SHA3-512,22.344,1257.39,779.066,1,9,0.6,103.867,17,1520.82,1508.41,1258,1254
1,1,98,ED448_signed-by_ECDSA-SHA3-512,ED448_signed-by_ECDSA-SHA3-512,12.485,2250.31,982.908,0.777778,0,0,135.778,24,1515.37,1574.06,1258,1254
1,2,96,ED448_signed-by_ECDSA-SHA3-512,ED448_signed-by_ECDSA-SHA3-512,15.326,1833.14,1594.08,0.9375,18,1.125,137.5,24,1524.03,1521.2,1258,1254
1,5,98,ED448_signed-by_ECDSA-SHA3-512,ED448_signed-by_ECDSA-SHA3-512,12.133,2315.61,1145.94,0.416667,5,0.416667,102,15,1530.52,1499.52,1258,1254
1,3,90,ED448_signed-by_ECDSA-SHA3-512,ED448_signed-by_ECDSA-SHA3-512,16.367,1717.03,765.407,1,0,0,109.2,24,1533.26,1505.88,1258,1255
1,4,23,ED448_signed-by_ECDSA-SHA3-512,ED448_signed-by_ECDSA-SHA3-512,12.71,2210.48,965.511,0.777778,3,0.333333,117.111,24,1522.24,1492.57,1258,1254
1,8,90,ED448_signed-by_ECDSA-SHA3-512,ED448_signed-by_ECDSA-SHA3-512,10.665,2634.35,1596.21,0.538462,7,0.538462,119.231,17,1535.38,1490.4,1258,1254
1,1,99,ED448_signed-by_ECDSA-SHA3-512,ED448_signed-by_ECDSA-SHA3-512,9.663,2907.53,1269.98,0.444444,0,0,135.778,24,1509.94,1494.05,1258,1254
1,2,97,ED448_signed-by_ECDSA-SHA3-512,ED448_signed-by_ECDSA-SHA3-512,9.607,2924.48,1304.03,0.2,0,0,109.2,24,1556.28,1513.56,1258,1254
1,5,99,ED448_signed-by_ECDSA-SHA3-512,ED448_signed-by_ECDSA-SHA3-512,10.308,2725.58,1050.81,0.285714,0,0,131.714,15,1521.28,1498.93,1258,1254
1,3,91,ED448_signed-by_ECDSA-SHA3-512,ED448_signed-by_ECDSA-SHA3-512,9.849,2853.47,1246.01,0.222222,3,0.333333,117.111,24,1532.61,1493.53,1258,1255
1,8,91,ED448_signed-by_ECDSA-SHA3-512,ED448_signed-by_ECDSA-SHA3-512,9.955,2822.28,1232.74,0.222222,0,0,126,17,1520.85,1492.06,1258,1254
1,4,24,ED448_signed-by_ECDSA-SHA3-512,ED448_signed-by_ECDSA-SHA3-512,13.27,2117.19,1047.74,0.25,2,0.166667,140,24,1514.35,1497.33,1258,1254
1,2,98,ED448_signed-by_ECDSA-SHA3-512,ED448_signed-by_ECDSA-SHA3-512,9.77,2875.46,1255.97,0.333333,0,0,117.111,24,1530.58,1525.5,1258,1254
1,3,92,ED448_signed-by_ECDSA-SHA3-512,ED448_signed-by_ECDSA-SHA3-512,7.216,3894.22,1962.08,0.0769231,2,0.153846,132.154,24,1524.42,1480.6,1258,1255
1,8,92,ED448_signed-by_ECDSA-SHA3-512,ED448_signed-by_ECDSA-SHA3-512,6.854,4098.75,1790.29,1,0,0,126,17,1516.52,1490.22,1258,1254
1,4,25,ED448_signed-by_ECDSA-SHA3-512,ED448_signed-by_ECDSA-SHA3-512,6.376,4406,2669.7,0.923077,7,0.538462,111.231,24,1518.53,1565.96,1258,1254
1,8,93,ED448_signed-by_ECDSA-SHA3-512,ED448_signed-by_ECDSA-SHA3-512,5.6,5016.53,2211.16,0.3,0,0,116.8,17,1512.81,1504.94,1258,1254
1,3,93,ED448_signed-by_ECDSA-SHA3-512,ED448_signed-by_ECDSA-SHA3-512,7.727,3636.71,2412.05,1,10,0.666667,112.667,24,1535.57,1502.96,1258,1255
1,4,26,ED448_signed-by_ECDSA-SHA3-512,ED448_signed-by_ECDSA-SHA3-512,5.328,5272.72,2609.34,0.333333,5,0.416667,102,24,1524.03,1502.14,1258,1254
1,8,94,ED448_signed-by_ECDSA-SHA3-512,ED448_signed-by_ECDSA-SHA3-512,6.121,4589.59,2046.5,0.8,0,0,117.2,17,1519.83,1506.6,1258,1254
1,2,99,ED448_signed-by_ECDSA-SHA3-512,ED448_signed-by_ECDSA-SHA3-512,14.061,1998.07,1251.64,1,10,0.625,102,24,1529.9,1501.62,1258,1254
1,3,94,ED448_signed-by_ECDSA-SHA3-512,ED448_signed-by_ECDSA-SHA3-512,6.366,4414.17,2673.88,0.461538,7,0.538462,111.231,24,1532.54,1492.34,1258,1255
1,4,27,ED448_signed-by_ECDSA-SHA3-512,ED448_signed-by_ECDSA-SHA3-512,7.78,3610.86,2237.25,1,13,0.866667,105.2,24,1524.56,1503.9,1258,1254
1,8,95,ED448_signed-by_ECDSA-SHA3-512,ED448_signed-by_ECDSA-SHA3-512,4.692,5987.28,2697,0.818182,6,0.545455,110,17,1525.84,1497.36,1258,1254
1,4,28,ED448_signed-by_ECDSA-SHA3-512,ED448_signed-by_ECDSA-SHA3-512,4.313,6513.4,3178.81,0,0,0,160.909,24,1577.4,1502.24,1258,1254
1,8,96,ED448_signed-by_ECDSA-SHA3-512,ED448_signed-by_ECDSA-SHA3-512,4.527,6205.52,3028.55,0,0,0,160.909,17,1516.49,1503.11,1258,1254
1,3,95,ED448_signed-by_ECDSA-SHA3-512,ED448_signed-by_ECDSA-SHA3-512,8.681,3237.38,2150.88,0.642857,10,0.714286,118.571,24,1527.98,1513.83,1258,1255
1,4,29,ED448_signed-by_ECDSA-SHA3-512,ED448_signed-by_ECDSA-SHA3-512,4.685,5996.38,2967.46,0.416667,5,0.416667,109.333,24,1515.4,1519.02,1258,1254
1,8,97,ED448_signed-by_ECDSA-SHA3-512,ED448_signed-by_ECDSA-SHA3-512,4.004,7016.3,3112.58,0.5,4,0.4,117.2,17,1510.9,1497.96,1258,1254
1,4,30,ED448_signed-by_ECDSA-SHA3-512,ED448_signed-by_ECDSA-SHA3-512,3.787,7418.12,3337.31,0.363636,0,0,109.636,24,1520.01,1554.18,1258,1254
1,3,96,ED448_signed-by_ECDSA-SHA3-512,ED448_signed-by_ECDSA-SHA3-512,7.509,3742.28,2509.76,0.529412,13,0.764706,97.2941,24,1562.21,1506.01,1258,1255
1,8,98,ED448_signed-by_ECDSA-SHA3-512,ED448_signed-by_ECDSA-SHA3-512,7.409,3792.14,1902.55,0.307692,3,0.230769,148.769,17,1504.62,1506.61,1258,1254
1,4,31,ED448_signed-by_ECDSA-SHA3-512,ED448_signed-by_ECDSA-SHA3-512,5.062,5549.65,2424.02,0,0,0,126,24,1516.03,1498.22,1258,1254
1,3,97,ED448_signed-by_ECDSA-SHA3-512,ED448_signed-by_ECDSA-SHA3-512,4.761,5902.23,2577.29,0,0,0,117.111,24,1534,1504.25,1258,1255
1,8,99,ED448_signed-by_ECDSA-SHA3-512,ED448_signed-by_ECDSA-SHA3-512,4.468,6287.61,2803.65,0,0,0,114.8,17,1494.49,1486.53,1258,1254
1,4,32,ED448_signed-by_ECDSA-SHA3-512,ED448_signed-by_ECDSA-SHA3-512,5.239,5362.33,2342.2,0,0,0,126,24,1534.64,1489.68,1258,1254
1,3,98,ED448_signed-by_ECDSA-SHA3-512,ED448_signed-by_ECDSA-SHA3-512,5.191,5413.47,2363.86,0,0,0,117.111,24,1525.37,1492.35,1258,1255
1,4,33,ED448_signed-by_ECDSA-SHA3-512,ED448_signed-by_ECDSA-SHA3-512,3.392,8282.1,3692.98,0,0,0,114.8,24,1506.9,1519.12,1258,1254
1,3,99,ED448_signed-by_ECDSA-SHA3-512,ED448_signed-by_ECDSA-SHA3-512,4.252,6608.77,2946.01,0,0,0,106.8,24,1547.87,1522.16,1258,1255
1,4,34,ED448_signed-by_ECDSA-SHA3-512,ED448_signed-by_ECDSA-SHA3-512,3.676,7642.04,3407.59,0,0,0,114.8,24,1517.44,1501.87,1258,1254
1,4,35,ED448_signed-by_ECDSA-SHA3-512,ED448_signed-by_ECDSA-SHA3-512,3.394,8277.44,3690.91,0,0,0,114.8,24,1522.46,1494.92,1258,1254
1,4,36,ED448_signed-by_ECDSA-SHA3-512,ED448_signed-by_ECDSA-SHA3-512,3.541,7934.05,3537.79,0,0,0,114.8,24,1519.99,1511.26,1258,1254
1,4,37,ED448_signed-by_ECDSA-SHA3-512,ED448_signed-by_ECDSA-SHA3-512,3.558,7896.15,3520.89,0,0,0,114.8,24,1521.72,1505.81,1258,1254
1,4,38,ED448_signed-by_ECDSA-SHA3-512,ED448_signed-by_ECDSA-SHA3-512,3.809,7375.75,3545.06,0.0833333,1,0.0833333,105.667,24,1522.58,1497.98,1258,1254
1,4,39,ED448_signed-by_ECDSA-SHA3-512,ED448_signed-by_ECDSA-SHA3-512,3.322,8457.07,3771,0,0,0,117.2,24,1532.25,1505.58,1258,1254
1,4,40,ED448_signed-by_ECDSA-SHA3-512,ED448_signed-by_ECDSA-SHA3-512,3.108,9039.34,4030.64,0,0,0,117.2,24,1525.67,1493.88,1258,1254
1,4,41,ED448_signed-by_ECDSA-SHA3-512,ED448_signed-by_ECDSA-SHA3-512,3.485,8061.54,3594.64,0,0,0,114.8,24,1513.99,1499.41,1258,1254
1,4,42,ED448_signed-by_ECDSA-SHA3-512,ED448_signed-by_ECDSA-SHA3-512,3.433,8183.64,3649.08,0,0,0,114.8,24,1519.07,1493.61,1258,1254
1,4,43,ED448_signed-by_ECDSA-SHA3-512,ED448_signed-by_ECDSA-SHA3-512,3.251,8641.75,3853.36,0,0,0,117.2,24,1527.96,1499.4,1258,1254
1,4,44,ED448_signed-by_ECDSA-SHA3-512,ED448_signed-by_ECDSA-SHA3-512,3.533,7952.02,3545.8,0,0,0,114.8,24,1515.14,1507.14,1258,1254
1,4,45,ED448_signed-by_ECDSA-SHA3-512,ED448_signed-by_ECDSA-SHA3-512,3.387,8294.78,3698.64,0,0,0,114.8,24,1515.11,1518.66,1258,1254
1,4,46,ED448_signed-by_ECDSA-SHA3-512,ED448_signed-by_ECDSA-SHA3-512,3.433,8183.64,3649.08,0,0,0,114.8,24,1524.58,1568.81,1258,1254
1,4,47,ED448_signed-by_ECDSA-SHA3-512,ED448_signed-by_ECDSA-SHA3-512,3.49,8049.99,3589.49,0,0,0,114.8,24,1532.24,1502.51,1258,1254
1,4,48,ED448_signed-by_ECDSA-SHA3-512,ED448_signed-by_ECDSA-SHA3-512,5.032,5582.77,2489.36,0,0,0,114.8,24,1523.12,1505.16,1258,1254
1,4,49,ED448_signed-by_ECDSA-SHA3-512,ED448_signed-by_ECDSA-SHA3-512,3.441,8164.61,3640.6,0,0,0,114.8,24,1518.46,1500.77,1258,1254
1,4,50,ED448_signed-by_ECDSA-SHA3-512,ED448_signed-by_ECDSA-SHA3-512,3.297,8521.19,3799.6,0,0,0,114.8,24,1519.42,1505.45,1258,1254
1,4,51,ED448_signed-by_ECDSA-SHA3-512,ED448_signed-by_ECDSA-SHA3-512,3.399,8265.49,3685.58,0,0,0,114.8,24,1512.34,1503.95,1258,1254
1,4,52,ED448_signed-by_ECDSA-SHA3-512,ED448_signed-by_ECDSA-SHA3-512,3.358,8366.41,3730.58,0,0,0,114.8,24,1520.02,1500.19,1258,1254
1,4,53,ED448_signed-by_ECDSA-SHA3-512,ED448_signed-by_ECDSA-SHA3-512,3.471,8094.05,3609.13,0,0,0,114.8,24,1512.28,1505.86,1258,1254
1,4,54,ED448_signed-by_ECDSA-SHA3-512,ED448_signed-by_ECDSA-SHA3-512,3.476,8082.41,3603.94,0,0,0,114.8,24,1524.32,1499.19,1258,1254
1,4,55,ED448_signed-by_ECDSA-SHA3-512,ED448_signed-by_ECDSA-SHA3-512,3.399,8265.49,3685.58,0,0,0,114.8,24,1519.04,1506.39,1258,1254
1,4,56,ED448_signed-by_ECDSA-SHA3-512,ED448_signed-by_ECDSA-SHA3-512,3.498,8031.58,3581.28,0,0,0,114.8,24,1517.94,1503.91,1258,1254
1,4,57,ED448_signed-by_ECDSA-SHA3-512,ED448_signed-by_ECDSA-SHA3-512,3.397,8270.36,3687.75,0,0,0,114.8,24,1527.07,1506.1,1258,1254
1,4,58,ED448_signed-by_ECDSA-SHA3-512,ED448_signed-by_ECDSA-SHA3-512,3.402,8258.21,3682.33,0,0,0,114.8,24,1528.35,1511.26,1258,1254
1,4,59,ED448_signed-by_ECDSA-SHA3-512,ED448_signed-by_ECDSA-SHA3-512,3.404,8253.35,3680.17,0,0,0,114.8,24,1514.68,1499.54,1258,1254
1,4,60,ED448_signed-by_ECDSA-SHA3-512,ED448_signed-by_ECDSA-SHA3-512,3.936,7137.69,3430.64,0.0833333,1,0.0833333,103.667,24,1514.76,1511.92,1258,1254
1,4,61,ED448_signed-by_ECDSA-SHA3-512,ED448_signed-by_ECDSA-SHA3-512,3.371,8334.14,3716.19,0,0,0,114.8,24,1525.32,1506.27,1258,1254
1,4,62,ED448_signed-by_ECDSA-SHA3-512,ED448_signed-by_ECDSA-SHA3-512,3.427,8197.96,3655.47,0,0,0,114.8,24,1566.57,1496.59,1258,1254
1,4,63,ED448_signed-by_ECDSA-SHA3-512,ED448_signed-by_ECDSA-SHA3-512,3.596,7812.71,3483.68,0,0,0,114.8,24,1513.54,1502.16,1258,1254
1,4,64,ED448_signed-by_ECDSA-SHA3-512,ED448_signed-by_ECDSA-SHA3-512,3.385,8299.68,3700.82,0,0,0,114.8,24,1516.79,1504,1258,1254
1,4,65,ED448_signed-by_ECDSA-SHA3-512,ED448_signed-by_ECDSA-SHA3-512,3.45,8143.31,3631.1,0,0,0,114.8,24,1524.32,1508.77,1258,1254
1,4,66,ED448_signed-by_ECDSA-SHA3-512,ED448_signed-by_ECDSA-SHA3-512,3.403,8255.78,3681.25,0,0,0,114.8,24,1536.91,1506.04,1258,1254
1,4,67,ED448_signed-by_ECDSA-SHA3-512,ED448_signed-by_ECDSA-SHA3-512,3.573,7863,3506.11,0,0,0,114.8,24,1516.65,1507.44,1258,1254
1,4,68,ED448_signed-by_ECDSA-SHA3-512,ED448_signed-by_ECDSA-SHA3-512,3.406,8248.51,3678.01,0,0,0,114.8,24,1525.31,1510.34,1258,1254
1,4,69,ED448_signed-by_ECDSA-SHA3-512,ED448_signed-by_ECDSA-SHA3-512,3.587,7832.31,3492.43,0,0,0,114.8,24,1520.61,1500.92,1258,1254
1,4,70,ED448_signed-by_ECDSA-SHA3-512,ED448_signed-by_ECDSA-SHA3-512,3.353,8378.88,3736.14,0,0,0,114.8,24,1510.36,1502.14,1258,1254
1,4,71,ED448_signed-by_ECDSA-SHA3-512,ED448_signed-by_ECDSA-SHA3-512,3.351,8383.88,3738.37,0,0,0,114.8,24,1513.53,1496.41,1258,1254
1,4,72,ED448_signed-by_ECDSA-SHA3-512,ED448_signed-by_ECDSA-SHA3-512,3.495,8038.47,3584.35,0,0,0,114.8,24,1514.86,1517.54,1258,1254
1,4,73,ED448_signed-by_ECDSA-SHA3-512,ED448_signed-by_ECDSA-SHA3-512,3.503,8020.11,3576.17,0,0,0,114.8,24,1518.92,1492.96,1258,1254
1,4,74,ED448_signed-by_ECDSA-SHA3-512,ED448_signed-by_ECDSA-SHA3-512,3.504,8017.83,3575.15,0,0,0,114.8,24,1522.74,1505.92,1258,1254
1,4,75,ED448_signed-by_ECDSA-SHA3-512,ED448_signed-by_ECDSA-SHA3-512,3.225,8711.42,3884.42,0,0,0,117.2,24,1523.02,1529.67,1258,1254
1,4,76,ED448_signed-by_ECDSA-SHA3-512,ED448_signed-by_ECDSA-SHA3-512,3.492,8045.38,3587.43,0,0,0,114.8,24,1515.13,1503.27,1258,1254
1,4,77,ED448_signed-by_ECDSA-SHA3-512,ED448_signed-by_ECDSA-SHA3-512,5.032,5583.2,2489.55,0,0,0,114.8,24,1514.32,1510.02,1258,1254
1,4,78,ED448_signed-by_ECDSA-SHA3-512,ED448_signed-by_ECDSA-SHA3-512,3.438,8171.74,3643.78,0,0,0,114.8,24,1521.51,1500.56,1258,1254
1,4,79,ED448_signed-by_ECDSA-SHA3-512,ED448_signed-by_ECDSA-SHA3-512,3.412,8234,3671.54,0,0,0,114.8,24,1511.37,1502.41,1258,1254
1,4,80,ED448_signed-by_ECDSA-SHA3-512,ED448_signed-by_ECDSA-SHA3-512,3.408,8243.67,3675.85,0,0,0,114.8,24,1524.6,1543.44,1258,1254
1,4,81,ED448_signed-by_ECDSA-SHA3-512,ED448_signed-by_ECDSA-SHA3-512,3.167,8870.95,3955.55,0,0,0,117.2,24,1518.64,1510.94,1258,1254
1,4,82,ED448_signed-by_ECDSA-SHA3-512,ED448_signed-by_ECDSA-SHA3-512,3.25,8644.41,3854.54,0,0,0,117.2,24,1526.12,1498.12,1258,1254
1,4,83,ED448_signed-by_ECDSA-SHA3-512,ED448_signed-by_ECDSA-SHA3-512,3.326,8446.9,3766.47,0,0,0,114.8,24,1524.71,1516.33,1258,1254
1,4,84,ED448_signed-by_ECDSA-SHA3-512,ED448_signed-by_ECDSA-SHA3-512,3.411,8236.42,3672.62,0,0,0,114.8,24,1518.01,1507.38,1258,1254
1,4,85,ED448_signed-by_ECDSA-SHA3-512,ED448_signed-by_ECDSA-SHA3-512,3.43,8190.8,3652.27,0,0,0,114.8,24,1734.98,1498.28,1258,1254
1,4,86,ED448_signed-by_ECDSA-SHA3-512,ED448_signed-by_ECDSA-SHA3-512,3.443,8159.87,3638.48,0,0,0,114.8,24,1516.86,1522.65,1258,1254
1,4,87,ED448_signed-by_ECDSA-SHA3-512,ED448_signed-by_ECDSA-SHA3-512,3.36,8361.43,3728.36,0,0,0,114.8,24,1555.26,1496.76,1258,1254
1,4,88,ED448_signed-by_ECDSA-SHA3-512,ED448_signed-by_ECDSA-SHA3-512,3.417,8221.96,3666.17,0,0,0,114.8,24,1522.37,1512.19,1258,1254
1,4,89,ED448_signed-by_ECDSA-SHA3-512,ED448_signed-by_ECDSA-SHA3-512,3.406,8248.51,3678.01,0,0,0,114.8,24,1512.01,1498.43,1258,1254
1,4,90,ED448_signed-by_ECDSA-SHA3-512,ED448_signed-by_ECDSA-SHA3-512,3.401,8260.63,3683.41,0,0,0,114.8,24,1527.56,1499.58,1258,1254
1,4,91,ED448_signed-by_ECDSA-SHA3-512,ED448_signed-by_ECDSA-SHA3-512,3.172,8856.97,3949.32,0,0,0,117.2,24,1521.27,1496.24,1258,1254
1,4,92,ED448_signed-by_ECDSA-SHA3-512,ED448_signed-by_ECDSA-SHA3-512,3.389,8289.88,3696.46,0,0,0,114.8,24,1523.69,1503.04,1258,1254
1,4,93,ED448_signed-by_ECDSA-SHA3-512,ED448_signed-by_ECDSA-SHA3-512,3.428,8195.57,3654.4,0,0,0,114.8,24,1516.34,1503.44,1258,1254
1,4,94,ED448_signed-by_ECDSA-SHA3-512,ED448_signed-by_ECDSA-SHA3-512,3.313,8480.04,3781.25,0,0,0,117.2,24,1507.24,1512.47,1258,1254
1,4,95,ED448_signed-by_ECDSA-SHA3-512,ED448_signed-by_ECDSA-SHA3-512,3.338,8416.53,3752.93,0,0,0,117.2,24,1547.05,1503.73,1258,1254
1,4,96,ED448_signed-by_ECDSA-SHA3-512,ED448_signed-by_ECDSA-SHA3-512,3.354,8376.38,3735.03,0,0,0,114.8,24,1512.49,1503.01,1258,1254
1,4,97,ED448_signed-by_ECDSA-SHA3-512,ED448_signed-by_ECDSA-SHA3-512,3.49,8049.99,3589.49,0,0,0,114.8,24,1518.53,1500.92,1258,1254
1,4,98,ED448_signed-by_ECDSA-SHA3-512,ED448_signed-by_ECDSA-SHA3-512,3.383,8304.58,3703.01,0,0,0,114.8,24,1518.54,1492.68,1258,1254
1,4,99,ED448_signed-by_ECDSA-SHA3-512,ED448_signed-by_ECDSA-SHA3-512,3.365,8349,3722.82,0,0,0,114.8,24,1544.24,1494,1258,1254
