scenario,node_id,handshake_index,sta_cert_algo,ap_cert_algo,handshake_delay_ms,goodput_kbps,throughput_kbps,phy_frame_drop_rate,mac_retries,mac_retry_rate,tx_delay_us,prop_delay_ns,cert_verify_ap_us,cert_verify_sta_us,server_cert_msg_bytes,client_cert_msg_bytes
1,8,0,ECDSA-SHA3-384_signed-by_RSA-SHA3-256,ECDSA-SHA3-384_signed-by_RSA-SHA3-256,29.734,1230.91,577.384,0.714286,14,0.666667,197.81,14,2195.35,2253.04,1789,1786
1,3,0,ECDSA-SHA3-384_signed-by_RSA-SHA3-256,ECDSA-SHA3-384_signed-by_RSA-SHA3-256,44.148,828.658,388.869,1,14,0.666667,188.286,24,2142.46,2147.6,1788,1785
1,2,0,ECDSA-SHA3-384_signed-by_RSA-SHA3-256,ECDSA-SHA3-384_signed-by_RSA-SHA3-256,55.33,661.485,174.083,1,1,0.0625,226.75,24,2177.06,2162.55,1789,1786
1,6,0,ECDSA-SHA3-384_signed-by_RSA-SHA3-256,ECDSA-SHA3-384_signed-by_RSA-SHA3-256,65.088,562.191,139.872,1,0,0,164.667,8,2186.56,2167.18,1788,1786
1,7,0,ECDSA-SHA3-384_signed-by_RSA-SHA3-256,ECDSA-SHA3-384_signed-by_RSA-SHA3-256,73.193,499.935,128.427,1,1,0.0625,176.625,16,2159.53,2169.23,1789,1785
1,8,1,ECDSA-SHA3-384_signed-by_RSA-SHA3-256,ECDSA-SHA3-384_signed-by_RSA-SHA3-256,44.773,817.446,576.411,1,27,1.125,834.333,14,2154.78,2158.23,1789,1786
1,5,0,ECDSA-SHA3-384_signed-by_RSA-SHA3-256,ECDSA-SHA3-384_signed-by_RSA-SHA3-256,79.891,458.124,149.003,1,7,0.269231,194.308,15,2178.86,2197.53,1789,1786
1,3,1,ECDSA-SHA3-384_signed-by_RSA-SHA3-256,ECDSA-SHA3-384_signed-by_RSA-SHA3-256,38.099,960.219,622.368,0.809524,20,0.952381,884.095,24,2152.53,2104.38,1788,1785
1,2,1,ECDSA-SHA3-384_signed-by_RSA-SHA3-256,ECDSA-SHA3-384_signed-by_RSA-SHA3-256,27.495,1331.14,472.52,0.7,0,0,838,24,2157.52,2105.54,1789,1786
1,1,0,ECDSA-SHA3-384_signed-by_RSA-SHA3-256,ECDSA-SHA3-384_signed-by_RSA-SHA3-256,86.491,423.255,145.309,1,7,0.318182,190.636,24,2177.18,2184.26,1790,1786
1,6,1,ECDSA-SHA3-384_signed-by_RSA-SHA3-256,ECDSA-SHA3-384_signed-by_RSA-SHA3-256,23.283,1571.59,557.994,1,0,0,130.8,8,2147.02,2149.79,1788,1786
1,7,1,ECDSA-SHA3-384_signed-by_RSA-SHA3-256,ECDSA-SHA3-384_signed-by_RSA-SHA3-256,15.968,2291.56,813.621,0.6,0,0,140.8,16,2150.22,2110.87,1789,1785
1,8,2,ECDSA-SHA3-384_signed-by_RSA-SHA3-256,ECDSA-SHA3-384_signed-by_RSA-SHA3-256,18.35,1994.5,707.994,1,0,0,140.8,14,2142.71,2137.6,1789,1786
1,5,1,ECDSA-SHA3-384_signed-by_RSA-SHA3-256,ECDSA-SHA3-384_signed-by_RSA-SHA3-256,14.278,2563.36,978.28,1,0,0,293,15,2152.37,2108.14,1789,1786
1,3,2,ECDSA-SHA3-384_signed-by_RSA-SHA3-256,ECDSA-SHA3-384_signed-by_RSA-SHA3-256,16.681,2193.1,950.517,1,7,0.4375,103.5,24,2151.35,2106.71,1788,1785
1,2,2,ECDSA-SHA3-384_signed-by_RSA-SHA3-256,ECDSA-SHA3-384_signed-by_RSA-SHA3-256,18.641,1963.34,1251.39,1,21,0.954545,158.727,24,2147.42,2123.82,1789,1786
1,6,2,ECDSA-SHA3-384_signed-by_RSA-SHA3-256,ECDSA-SHA3-384_signed-by_RSA-SHA3-256,15.245,2400.19,899.414,1,1,0.0909091,123.818,8,2158.75,2116.58,1788,1786
1,1,1,ECDSA-SHA3-384_signed-by_RSA-SHA3-256,ECDSA-SHA3-384_signed-by_RSA-SHA3-256,18.699,1957.68,1294.57,1,18,0.947368,139.263,24,2181.83,2144.2,1790,1786
1,8,3,ECDSA-SHA3-384_signed-by_RSA-SHA3-256,ECDSA-SHA3-384_signed-by_RSA-SHA3-256,12.866,2844.68,1009.78,1,0,0,140.8,14,2146.7,2120.3,1789,1786
1,5,2,ECDSA-SHA3-384_signed-by_RSA-SHA3-256,ECDSA-SHA3-384_signed-by_RSA-SHA3-256,13.247,2762.84,1270.6,1,2,0.166667,252.333,15,2156.27,2344.88,1789,1786
1,3,3,ECDSA-SHA3-384_signed-by_RSA-SHA3-256,ECDSA-SHA3-384_signed-by_RSA-SHA3-256,12.411,2947.68,1293.03,1,11,0.647059,99.6471,24,2152.22,2128.4,1788,1785
1,7,2,ECDSA-SHA3-384_signed-by_RSA-SHA3-256,ECDSA-SHA3-384_signed-by_RSA-SHA3-256,22.73,1609.85,800.348,1,8,0.5,118.75,16,2139.93,2115.27,1789,1785
1,1,2,ECDSA-SHA3-384_signed-by_RSA-SHA3-256,ECDSA-SHA3-384_signed-by_RSA-SHA3-256,12.347,2964.91,1052.23,1,0,0,140.8,24,2153.74,2129.84,1790,1786
1,8,4,ECDSA-SHA3-384_signed-by_RSA-SHA3-256,ECDSA-SHA3-384_signed-by_RSA-SHA3-256,15.772,2320.5,856.175,1,0,0,123.667,14,2115.75,2153.48,1789,1786
1,6,3,ECDSA-SHA3-384_signed-by_RSA-SHA3-256,ECDSA-SHA3-384_signed-by_RSA-SHA3-256,19.217,1904.07,1615.17,1,38,1.9,176,8,2170.46,2121.77,1788,1786
1,5,3,ECDSA-SHA3-384_signed-by_RSA-SHA3-256,ECDSA-SHA3-384_signed-by_RSA-SHA3-256,16.003,2287.01,1202.74,1,13,0.8125,219,15,2162.94,2115.86,1789,1786
1,7,3,ECDSA-SHA3-384_signed-by_RSA-SHA3-256,ECDSA-SHA3-384_signed-by_RSA-SHA3-256,12.425,2945,1255.52,1,11,0.733333,115.333,16,2142.39,2103.29,1789,1785
1,3,4,ECDSA-SHA3-384_signed-by_RSA-SHA3-256,ECDSA-SHA3-384_signed-by_RSA-SHA3-256,14.921,2451.79,1970.87,1,24,0.96,199.12,24,2150.59,2332.53,1788,1785
1,1,3,ECDSA-SHA3-384_signed-by_RSA-SHA3-256,ECDSA-SHA3-384_signed-by_RSA-SHA3-256,18.607,1967.38,953.596,1,7,0.5,130.286,24,2167.4,2111.29,1790,1786
1,2,3,ECDSA-SHA3-384_signed-by_RSA-SHA3-256,ECDSA-SHA3-384_signed-by_RSA-SHA3-256,37.467,976.858,423.198,1,3,0.1875,404.5,24,2138.84,2114.02,1789,1786
1,5,4,ECDSA-SHA3-384_signed-by_RSA-SHA3-256,ECDSA-SHA3-384_signed-by_RSA-SHA3-256,16.136,2268.2,1453.63,1,20,1,674,15,2163.65,2139.65,1789,1786
1,3,5,ECDSA-SHA3-384_signed-by_RSA-SHA3-256,ECDSA-SHA3-384_signed-by_RSA-SHA3-256,14.126,2589.65,919.658,1,0,0,130.8,24,2145.65,2122.57,1788,1785
1,6,4,ECDSA-SHA3-384_signed-by_RSA-SHA3-256,ECDSA-SHA3-384_signed-by_RSA-SHA3-256,22.095,1656.08,699.506,1,3,0.2,168.4,8,2184.14,2113.53,1788,1786
1,1,4,ECDSA-SHA3-384_signed-by_RSA-SHA3-256,ECDSA-SHA3-384_signed-by_RSA-SHA3-256,13.224,2768.28,982.447,0.6,0,0,140.8,24,2118.24,2111.61,1790,1786
1,7,4,ECDSA-SHA3-384_signed-by_RSA-SHA3-256,ECDSA-SHA3-384_signed-by_RSA-SHA3-256,26.022,1406.14,779.619,1,11,0.578947,281.158,16,2131.16,2242.07,1789,1785
1,8,5,ECDSA-SHA3-384_signed-by_RSA-SHA3-256,ECDSA-SHA3-384_signed-by_RSA-SHA3-256,29.532,1239.32,856.014,1,24,1.33333,174.222,14,2158.16,2133.66,1789,1786
1,5,5,ECDSA-SHA3-384_signed-by_RSA-SHA3-256,ECDSA-SHA3-384_signed-by_RSA-SHA3-256,12.256,2986.07,1059.97,0,0,0,264,15,2126.47,2093.86,1789,1786
1,2,4,ECDSA-SHA3-384_signed-by_RSA-SHA3-256,ECDSA-SHA3-384_signed-by_RSA-SHA3-256,13.742,2663.37,1378.55,0.384615,11,0.846154,227.538,24,2132.66,2110.86,1789,1786
1,3,6,ECDSA-SHA3-384_signed-by_RSA-SHA3-256,ECDSA-SHA3-384_signed-by_RSA-SHA3-256,13.666,2677,950.677,0,0,0,130.8,24,2157.18,2145.1,1788,1785
1,6,5,ECDSA-SHA3-384_signed-by_RSA-SHA3-256,ECDSA-SHA3-384_signed-by_RSA-SHA3-256,15.165,2412.89,856.696,0.4,0,0,130.8,8,2154.56,2127.43,1788,1786
1,7,5,ECDSA-SHA3-384_signed-by_RSA-SHA3-256,ECDSA-SHA3-384_signed-by_RSA-SHA3-256,11.025,3318.73,1178.32,0.9,0,0,138.4,16,2162.33,2123.5,1789,1785
1,8,6,ECDSA-SHA3-384_signed-by_RSA-SHA3-256,ECDSA-SHA3-384_signed-by_RSA-SHA3-256,11.311,3235.51,1568.61,1,7,0.5,125.714,14,2139.36,2106.72,1789,1786
1,5,6,ECDSA-SHA3-384_signed-by_RSA-SHA3-256,ECDSA-SHA3-384_signed-by_RSA-SHA3-256,11.702,3127.65,1119.8,1,0,0,200.909,15,2152.2,2138.36,1789,1786
1,2,5,ECDSA-SHA3-384_signed-by_RSA-SHA3-256,ECDSA-SHA3-384_signed-by_RSA-SHA3-256,15.787,2318.32,839.157,1,0,0,176.182,24,2157.16,2102.42,1789,1786
1,3,7,ECDSA-SHA3-384_signed-by_RSA-SHA3-256,ECDSA-SHA3-384_signed-by_RSA-SHA3-256,15.19,2408.4,1010.13,1,7,0.5,112.857,24,2125.77,2118.34,1788,1785
1,1,5,ECDSA-SHA3-384_signed-by_RSA-SHA3-256,ECDSA-SHA3-384_signed-by_RSA-SHA3-256,20.453,1789.82,876.916,1,8,0.533333,124.133,24,2156.71,2120.62,1790,1786
1,7,6,ECDSA-SHA3-384_signed-by_RSA-SHA3-256,ECDSA-SHA3-384_signed-by_RSA-SHA3-256,13.255,2760.61,999.469,1,0,0,131.455,16,2153.1,2128.65,1789,1785
1,8,7,ECDSA-SHA3-384_signed-by_RSA-SHA3-256,ECDSA-SHA3-384_signed-by_RSA-SHA3-256,13.007,2813.87,998.846,0.9,0,0,139.6,14,2147.21,2121.85,1789,1786
1,5,7,ECDSA-SHA3-384_signed-by_RSA-SHA3-256,ECDSA-SHA3-384_signed-by_RSA-SHA3-256,14.722,2486.05,882.478,1,0,0,264,15,2159.46,2126.38,1789,1786
1,6,6,ECDSA-SHA3-384_signed-by_RSA-SHA3-256,ECDSA-SHA3-384_signed-by_RSA-SHA3-256,18.686,1958.2,1586.6,1,29,1.45,156.4,8,2159.41,2163.7,1788,1786
1,2,6,ECDSA-SHA3-384_signed-by_RSA-SHA3-256,ECDSA-SHA3-384_signed-by_RSA-SHA3-256,12.835,2851.54,1040.89,1,0,0,172.333,24,2155.98,2100.63,1789,1786
1,1,6,ECDSA-SHA3-384_signed-by_RSA-SHA3-256,ECDSA-SHA3-384_signed-by_RSA-SHA3-256,12.278,2981.55,1058.14,0.9,0,0,188.8,24,2151.2,2145.66,1790,1786
1,7,7,ECDSA-SHA3-384_signed-by_RSA-SHA3-256,ECDSA-SHA3-384_signed-by_RSA-SHA3-256,12.947,2826.24,1003.46,0.8,0,0,140.8,16,2149.34,2128.04,1789,1785
1,3,8,ECDSA-SHA3-384_signed-by_RSA-SHA3-256,ECDSA-SHA3-384_signed-by_RSA-SHA3-256,19.632,1863.41,1216.73,0.777778,19,1.05556,134.444,24,2152.12,2126.69,1788,1785
1,8,8,ECDSA-SHA3-384_signed-by_RSA-SHA3-256,ECDSA-SHA3-384_signed-by_RSA-SHA3-256,15.154,2415.13,1266.95,0.571429,11,0.785714,144.857,14,2154.49,2139.12,1789,1786
1,5,8,ECDSA-SHA3-384_signed-by_RSA-SHA3-256,ECDSA-SHA3-384_signed-by_RSA-SHA3-256,12.822,2854.43,1013.24,0.3,0,0,236.4,15,2178.14,2105.47,1789,1786
1,6,7,ECDSA-SHA3-384_signed-by_RSA-SHA3-256,ECDSA-SHA3-384_signed-by_RSA-SHA3-256,13.234,2764.96,981.699,0.3,0,0,130.8,8,2147.71,2132.17,1788,1786
1,2,7,ECDSA-SHA3-384_signed-by_RSA-SHA3-256,ECDSA-SHA3-384_signed-by_RSA-SHA3-256,12.265,2984.06,1059.26,0.3,0,0,190,24,2176.48,2101.79,1789,1786
1,1,7,ECDSA-SHA3-384_signed-by_RSA-SHA3-256,ECDSA-SHA3-384_signed-by_RSA-SHA3-256,12.04,3040.5,1274.41,0.214286,7,0.5,120.857,24,2163.27,2125.32,1790,1786
1,7,8,ECDSA-SHA3-384_signed-by_RSA-SHA3-256,ECDSA-SHA3-384_signed-by_RSA-SHA3-256,12.943,2827.13,1023.55,0.545455,0,0,122.364,16,2162.39,2138.69,1789,1785
1,8,9,ECDSA-SHA3-384_signed-by_RSA-SHA3-256,ECDSA-SHA3-384_signed-by_RSA-SHA3-256,12.2,2999.95,1064.9,0.6,0,0,130.8,14,2142.09,2121.73,1789,1786
1,3,9,ECDSA-SHA3-384_signed-by_RSA-SHA3-256,ECDSA-SHA3-384_signed-by_RSA-SHA3-256,14.844,2464.48,875.206,0.9,0,0,135.6,24,2128.71,2126.15,1788,1785
1,5,9,ECDSA-SHA3-384_signed-by_RSA-SHA3-256,ECDSA-SHA3-384_signed-by_RSA-SHA3-256,13.828,2646.73,939.517,0.9,0,0,190,15,2127.14,2094.51,1789,1786
1,6,8,ECDSA-SHA3-384_signed-by_RSA-SHA3-256,ECDSA-SHA3-384_signed-by_RSA-SHA3-256,13.456,2719.31,965.491,0.9,0,0,130.8,8,2158.05,2125.96,1788,1786
1,2,8,ECDSA-SHA3-384_signed-by_RSA-SHA3-256,ECDSA-SHA3-384_signed-by_RSA-SHA3-256,12.929,2830.78,1372.39,0.428571,11,0.785714,174,24,2131.25,2166.48,1789,1786
1,1,8,ECDSA-SHA3-384_signed-by_RSA-SHA3-256,ECDSA-SHA3-384_signed-by_RSA-SHA3-256,13.687,2674.58,967.9,1,0,0,131.455,24,2145.33,2101.72,1790,1786
1,7,9,ECDSA-SHA3-384_signed-by_RSA-SHA3-256,ECDSA-SHA3-384_signed-by_RSA-SHA3-256,11.715,3123.47,1125.38,1,7,0.636364,122.364,16,2151.56,2164.69,1789,1785
1,8,10,ECDSA-SHA3-384_signed-by_RSA-SHA3-256,ECDSA-SHA3-384_signed-by_RSA-SHA3-256,10.569,3462.66,1229.15,1,0,0,130.8,14,2141.91,2116.18,1789,1786
1,5,10,ECDSA-SHA3-384_signed-by_RSA-SHA3-256,ECDSA-SHA3-384_signed-by_RSA-SHA3-256,11.86,3085.74,1116.94,1,0,0,176.182,15,2122.55,2142.62,1789,1786
1,6,9,ECDSA-SHA3-384_signed-by_RSA-SHA3-256,ECDSA-SHA3-384_signed-by_RSA-SHA3-256,13.036,2806.97,1541.56,1,14,0.777778,109.556,8,2141.69,2137.2,1788,1786
1,3,10,ECDSA-SHA3-384_signed-by_RSA-SHA3-256,ECDSA-SHA3-384_signed-by_RSA-SHA3-256,17.421,2099.93,1029.53,1,8,0.533333,115.867,24,2146.75,2105.56,1788,1785
1,1,9,ECDSA-SHA3-384_signed-by_RSA-SHA3-256,ECDSA-SHA3-384_signed-by_RSA-SHA3-256,17.077,2143.64,775.758,1,0,0,131.455,24,2154.72,2135.62,1790,1786
1,2,9,ECDSA-SHA3-384_signed-by_RSA-SHA3-256,ECDSA-SHA3-384_signed-by_RSA-SHA3-256,19.664,1861.2,1205.81,1,20,0.952381,380.667,24,2188.73,2247.77,1789,1786
1,7,10,ECDSA-SHA3-384_signed-by_RSA-SHA3-256,ECDSA-SHA3-384_signed-by_RSA-SHA3-256,14.849,2464.22,1020.38,1,0,0,188.769,16,2127.17,2167.16,1789,1785
1,8,11,ECDSA-SHA3-384_signed-by_RSA-SHA3-256,ECDSA-SHA3-384_signed-by_RSA-SHA3-256,18.697,1957.47,1074.79,1,18,1,109.556,14,2116.3,2121.13,1789,1786
1,5,11,ECDSA-SHA3-384_signed-by_RSA-SHA3-256,ECDSA-SHA3-384_signed-by_RSA-SHA3-256,16.362,2236.84,1445.27,1,25,1.19048,178.19,15,2148.04,2124.75,1789,1786
1,6,10,ECDSA-SHA3-384_signed-by_RSA-SHA3-256,ECDSA-SHA3-384_signed-by_RSA-SHA3-256,18.525,1975.2,1590.01,1,14,0.736842,119.684,8,2164.51,2146.54,1788,1786
1,3,11,ECDSA-SHA3-384_signed-by_RSA-SHA3-256,ECDSA-SHA3-384_signed-by_RSA-SHA3-256,17.272,2118.05,766.999,1,0,0,143.091,24,2120.03,2120.75,1788,1785
1,1,10,ECDSA-SHA3-384_signed-by_RSA-SHA3-256,ECDSA-SHA3-384_signed-by_RSA-SHA3-256,14.479,2528.29,932.639,1,0,0,123.667,24,2128.32,2093.19,1790,1786
1,2,10,ECDSA-SHA3-384_signed-by_RSA-SHA3-256,ECDSA-SHA3-384_signed-by_RSA-SHA3-256,15.143,2416.9,857.934,1,0,0,190,24,2185.56,2116.75,1789,1786
1,7,11,ECDSA-SHA3-384_signed-by_RSA-SHA3-256,ECDSA-SHA3-384_signed-by_RSA-SHA3-256,14.779,2475.9,892.059,1,7,0.636364,122.364,16,2155.16,2116.57,1789,1785
1,5,12,ECDSA-SHA3-384_signed-by_RSA-SHA3-256,ECDSA-SHA3-384_signed-by_RSA-SHA3-256,12.27,2982.81,1543.89,1,11,0.846154,218.308,15,2165.87,2150.12,1789,1786
1,6,11,ECDSA-SHA3-384_signed-by_RSA-SHA3-256,ECDSA-SHA3-384_signed-by_RSA-SHA3-256,11.528,3174.15,1149.19,1,0,0,122.364,8,2169.72,2235.24,1788,1786
1,3,12,ECDSA-SHA3-384_signed-by_RSA-SHA3-256,ECDSA-SHA3-384_signed-by_RSA-SHA3-256,12.326,2967.98,1054.01,1,0,0,153.6,24,2203.49,2094.11,1788,1785
1,7,12,ECDSA-SHA3-384_signed-by_RSA-SHA3-256,ECDSA-SHA3-384_signed-by_RSA-SHA3-256,14.042,2605.82,1656.69,0.842105,17,0.894737,234.842,16,2169.17,2128.18,1789,1785
1,2,11,ECDSA-SHA3-384_signed-by_RSA-SHA3-256,ECDSA-SHA3-384_signed-by_RSA-SHA3-256,16.338,2240.09,1462.06,0.888889,19,1.05556,196.222,24,2167.89,2140.18,1789,1786
1,5,13,ECDSA-SHA3-384_signed-by_RSA-SHA3-256,ECDSA-SHA3-384_signed-by_RSA-SHA3-256,13.465,2718.08,983.856,1,0,0,176.182,15,2126.39,2143.92,1789,1786
1,6,12,ECDSA-SHA3-384_signed-by_RSA-SHA3-256,ECDSA-SHA3-384_signed-by_RSA-SHA3-256,11.441,3198.29,1135.55,1,0,0,130.8,8,2157.3,2109.08,1788,1786
1,1,11,ECDSA-SHA3-384_signed-by_RSA-SHA3-256,ECDSA-SHA3-384_signed-by_RSA-SHA3-256,21.151,1730.79,1186.13,1,23,1.35294,246.706,24,2112.06,2110.48,1790,1786
1,3,13,ECDSA-SHA3-384_signed-by_RSA-SHA3-256,ECDSA-SHA3-384_signed-by_RSA-SHA3-256,10.934,3345.86,1420.88,1,12,0.8,125.467,24,2164.38,2130.19,1788,1785
1,7,13,ECDSA-SHA3-384_signed-by_RSA-SHA3-256,ECDSA-SHA3-384_signed-by_RSA-SHA3-256,11.865,3083.99,1116.55,1,0,0,122.364,16,2148.59,2120.41,1789,1785
1,5,14,ECDSA-SHA3-384_signed-by_RSA-SHA3-256,ECDSA-SHA3-384_signed-by_RSA-SHA3-256,9.422,3884.18,1378.78,1,0,0,190,15,2143.16,2102.83,1789,1786
1,8,12,ECDSA-SHA3-384_signed-by_RSA-SHA3-256,ECDSA-SHA3-384_signed-by_RSA-SHA3-256,37.561,974.397,766.312,1,30,1.11111,192.963,15,2157.74,2126.37,1789,1786
1,3,14,ECDSA-SHA3-384_signed-by_RSA-SHA3-256,ECDSA-SHA3-384_signed-by_RSA-SHA3-256,15.207,2405.64,1025.81,1,3,0.2,174.267,24,2122.74,2133.38,1788,1785
1,6,13,ECDSA-SHA3-384_signed-by_RSA-SHA3-256,ECDSA-SHA3-384_signed-by_RSA-SHA3-256,18.494,1978.49,1105.6,1,13,0.866667,139.867,8,2137.15,2139.14,1788,1786
1,2,12,ECDSA-SHA3-384_signed-by_RSA-SHA3-256,ECDSA-SHA3-384_signed-by_RSA-SHA3-256,21.553,1698.13,1328.81,1,26,1.18182,193.091,24,2159.33,2095.84,1789,1786
1,1,12,ECDSA-SHA3-384_signed-by_RSA-SHA3-256,ECDSA-SHA3-384_signed-by_RSA-SHA3-256,19.672,1860.83,1224.02,1,20,1.05263,207.684,24,2187.51,2138.45,1790,1786
1,5,15,ECDSA-SHA3-384_signed-by_RSA-SHA3-256,ECDSA-SHA3-384_signed-by_RSA-SHA3-256,12.464,2936.39,1423.59,1,7,0.5,174,15,2161.7,2102.28,1789,1786
1,7,14,ECDSA-SHA3-384_signed-by_RSA-SHA3-256,ECDSA-SHA3-384_signed-by_RSA-SHA3-256,14.497,2524.03,1293.47,1,3,0.25,144,16,2160.27,2145,1789,1785
1,8,13,ECDSA-SHA3-384_signed-by_RSA-SHA3-256,ECDSA-SHA3-384_signed-by_RSA-SHA3-256,15.33,2387.4,864.162,1,0,0,122.364,15,2149.56,2293.49,1789,1786
1,3,15,ECDSA-SHA3-384_signed-by_RSA-SHA3-256,ECDSA-SHA3-384_signed-by_RSA-SHA3-256,15.403,2375.06,1029.38,1,7,0.4375,120,24,2166.54,2131.61,1788,1785
1,2,13,ECDSA-SHA3-384_signed-by_RSA-SHA3-256,ECDSA-SHA3-384_signed-by_RSA-SHA3-256,14.148,2586.87,936.364,1,0,0,164.182,24,2159.85,2118.36,1789,1786
1,6,14,ECDSA-SHA3-384_signed-by_RSA-SHA3-256,ECDSA-SHA3-384_signed-by_RSA-SHA3-256,18.633,1963.74,724.704,1,0,0,115.333,8,2158.9,2136.25,1788,1786
1,5,16,ECDSA-SHA3-384_signed-by_RSA-SHA3-256,ECDSA-SHA3-384_signed-by_RSA-SHA3-256,17.406,2102.64,887.934,1,7,0.466667,135.867,15,2144.2,2118.13,1789,1786
1,7,15,ECDSA-SHA3-384_signed-by_RSA-SHA3-256,ECDSA-SHA3-384_signed-by_RSA-SHA3-256,16.698,2191.32,1445.87,1,19,1,129.368,16,2158.23,2112.81,1789,1785
1,1,13,ECDSA-SHA3-384_signed-by_RSA-SHA3-256,ECDSA-SHA3-384_signed-by_RSA-SHA3-256,19.493,1877.93,1479.03,1,33,1.43478,154.696,24,2150.81,2119.06,1790,1786
1,3,16,ECDSA-SHA3-384_signed-by_RSA-SHA3-256,ECDSA-SHA3-384_signed-by_RSA-SHA3-256,11.31,3234.63,1148.71,0.9,0,0,153.6,24,2158.56,2123.81,1788,1785
1,2,14,ECDSA-SHA3-384_signed-by_RSA-SHA3-256,ECDSA-SHA3-384_signed-by_RSA-SHA3-256,13.094,2795.13,992.194,1,0,0,153.6,24,2121.54,2115.7,1789,1786
1,8,14,ECDSA-SHA3-384_signed-by_RSA-SHA3-256,ECDSA-SHA3-384_signed-by_RSA-SHA3-256,22.203,1648.41,1398,1,34,1.7,176.8,15,2140.72,2130.37,1789,1786
1,6,15,ECDSA-SHA3-384_signed-by_RSA-SHA3-256,ECDSA-SHA3-384_signed-by_RSA-SHA3-256,12.045,3037.92,2146.6,1,16,0.8,112,8,2246.73,2098.7,1788,1786
1,5,17,ECDSA-SHA3-384_signed-by_RSA-SHA3-256,ECDSA-SHA3-384_signed-by_RSA-SHA3-256,11.828,3094.33,1318.89,1,7,0.466667,115.333,15,2161.62,2161.28,1789,1786
1,7,16,ECDSA-SHA3-384_signed-by_RSA-SHA3-256,ECDSA-SHA3-384_signed-by_RSA-SHA3-256,16.614,2202.39,781.96,1,0,0,130.8,16,2161.08,2139.92,1789,1785
1,1,14,ECDSA-SHA3-384_signed-by_RSA-SHA3-256,ECDSA-SHA3-384_signed-by_RSA-SHA3-256,18.55,1973.38,1595.61,0.807692,22,0.846154,190,24,2148.39,2129.8,1790,1786
1,3,17,ECDSA-SHA3-384_signed-by_RSA-SHA3-256,ECDSA-SHA3-384_signed-by_RSA-SHA3-256,15.549,2352.73,1003.24,1,7,0.466667,125.467,24,2187.91,2153.74,1788,1785
1,6,16,ECDSA-SHA3-384_signed-by_RSA-SHA3-256,ECDSA-SHA3-384_signed-by_RSA-SHA3-256,10.951,3341.4,1186.37,0.4,0,0,130.8,8,2139.02,2120.29,1788,1786
1,2,15,ECDSA-SHA3-384_signed-by_RSA-SHA3-256,ECDSA-SHA3-384_signed-by_RSA-SHA3-256,14.737,2483.46,881.561,1,0,0,153.6,24,2395.51,2116.93,1789,1786
1,8,15,ECDSA-SHA3-384_signed-by_RSA-SHA3-256,ECDSA-SHA3-384_signed-by_RSA-SHA3-256,14.682,2492.76,1682.55,1,7,0.466667,129.733,15,2159.85,2143.83,1789,1786
1,5,18,ECDSA-SHA3-384_signed-by_RSA-SHA3-256,ECDSA-SHA3-384_signed-by_RSA-SHA3-256,12.308,2973.62,1114.05,0.818182,1,0.0909091,163.455,15,2177.34,2094.64,1789,1786
1,7,17,ECDSA-SHA3-384_signed-by_RSA-SHA3-256,ECDSA-SHA3-384_signed-by_RSA-SHA3-256,15.402,2375.72,1168.64,1,11,0.733333,115.867,16,2149.19,2131.92,1789,1785
1,3,18,ECDSA-SHA3-384_signed-by_RSA-SHA3-256,ECDSA-SHA3-384_signed-by_RSA-SHA3-256,12.664,2888.79,1034.73,1,4,0.363636,142.727,24,2114.82,2122.03,1788,1785
1,6,17,ECDSA-SHA3-384_signed-by_RSA-SHA3-256,ECDSA-SHA3-384_signed-by_RSA-SHA3-256,13.922,2628.33,946.979,1,7,0.636364,122.364,8,2160.1,2114.35,1788,1786
1,1,15,ECDSA-SHA3-384_signed-by_RSA-SHA3-256,ECDSA-SHA3-384_signed-by_RSA-SHA3-256,16.302,2245.57,1100.21,1,14,0.933333,128.133,24,2188.55,2125.66,1790,1786
1,8,16,ECDSA-SHA3-384_signed-by_RSA-SHA3-256,ECDSA-SHA3-384_signed-by_RSA-SHA3-256,15.163,2413.73,881.077,1,0,0,115,15,2170.7,2111.14,1789,1786
1,5,19,ECDSA-SHA3-384_signed-by_RSA-SHA3-256,ECDSA-SHA3-384_signed-by_RSA-SHA3-256,17.651,2073.48,1019.74,1,7,0.466667,124.133,15,2187.04,2134.73,1789,1786
1,2,16,ECDSA-SHA3-384_signed-by_RSA-SHA3-256,ECDSA-SHA3-384_signed-by_RSA-SHA3-256,21.002,1742.63,1023.1,1,23,1.27778,150.444,24,2150.57,2107.98,1789,1786
1,6,18,ECDSA-SHA3-384_signed-by_RSA-SHA3-256,ECDSA-SHA3-384_signed-by_RSA-SHA3-256,10.592,3454.67,1903.32,1,7,0.388889,160.222,8,2157.99,2181.27,1788,1786
1,8,17,ECDSA-SHA3-384_signed-by_RSA-SHA3-256,ECDSA-SHA3-384_signed-by_RSA-SHA3-256,10.926,3349.75,1230.07,1,5,0.416667,115.333,15,2116.19,2133.03,1789,1786
1,1,16,ECDSA-SHA3-384_signed-by_RSA-SHA3-256,ECDSA-SHA3-384_signed-by_RSA-SHA3-256,15.019,2437.35,1350.77,1,15,0.789474,228.526,24,2162.24,2127.23,1790,1786
1,5,20,ECDSA-SHA3-384_signed-by_RSA-SHA3-256,ECDSA-SHA3-384_signed-by_RSA-SHA3-256,11.172,3275.98,1396.32,1,11,0.733333,116.933,15,2162.76,2142.19,1789,1786
1,7,18,ECDSA-SHA3-384_signed-by_RSA-SHA3-256,ECDSA-SHA3-384_signed-by_RSA-SHA3-256,25.155,1454.64,1194.49,1,25,0.892857,135.429,16,2161,2118.34,1789,1785
1,6,19,ECDSA-SHA3-384_signed-by_RSA-SHA3-256,ECDSA-SHA3-384_signed-by_RSA-SHA3-256,12.318,2970.53,1366.42,1,2,0.166667,126.667,8,2153.68,2115.28,1788,1786
1,2,17,ECDSA-SHA3-384_signed-by_RSA-SHA3-256,ECDSA-SHA3-384_signed-by_RSA-SHA3-256,15.676,2334.68,978.778,1,3,0.214286,259.714,24,2351.84,2112.83,1789,1786
1,3,19,ECDSA-SHA3-384_signed-by_RSA-SHA3-256,ECDSA-SHA3-384_signed-by_RSA-SHA3-256,28.095,1302.12,1595.12,1,69,1.81579,257.263,24,2157.64,2149.61,1788,1785
1,8,18,ECDSA-SHA3-384_signed-by_RSA-SHA3-256,ECDSA-SHA3-384_signed-by_RSA-SHA3-256,12.641,2895.29,1213.81,1,7,0.5,178,15,2176.1,2125.1,1789,1786
1,5,21,ECDSA-SHA3-384_signed-by_RSA-SHA3-256,ECDSA-SHA3-384_signed-by_RSA-SHA3-256,11.458,3194.24,1339.14,1,3,0.214286,256.286,15,2168.27,2121.13,1789,1786
1,7,19,ECDSA-SHA3-384_signed-by_RSA-SHA3-256,ECDSA-SHA3-384_signed-by_RSA-SHA3-256,12.509,2925.18,1116.61,1,1,0.0833333,116.667,16,2147.92,2170.78,1789,1785
1,1,17,ECDSA-SHA3-384_signed-by_RSA-SHA3-256,ECDSA-SHA3-384_signed-by_RSA-SHA3-256,20.558,1780.7,1199.33,1,14,0.666667,150.381,24,2136,2123.09,1790,1786
1,6,20,ECDSA-SHA3-384_signed-by_RSA-SHA3-256,ECDSA-SHA3-384_signed-by_RSA-SHA3-256,14.384,2543.85,1233.55,1,7,0.5,121.429,8,2215.02,2133.34,1788,1786
1,3,20,ECDSA-SHA3-384_signed-by_RSA-SHA3-256,ECDSA-SHA3-384_signed-by_RSA-SHA3-256,12.39,2952.64,1627.09,1,7,0.388889,130.889,24,2112.62,2097.69,1788,1785
1,8,19,ECDSA-SHA3-384_signed-by_RSA-SHA3-256,ECDSA-SHA3-384_signed-by_RSA-SHA3-256,13.586,2693.88,1129.37,1,3,0.214286,178,15,2161.6,2126.21,1789,1786
1,5,22,ECDSA-SHA3-384_signed-by_RSA-SHA3-256,ECDSA-SHA3-384_signed-by_RSA-SHA3-256,13.248,2762.61,980.653,1,0,0,140.8,15,2133.96,2138.27,1789,1786
1,6,21,ECDSA-SHA3-384_signed-by_RSA-SHA3-256,ECDSA-SHA3-384_signed-by_RSA-SHA3-256,7.484,4888.98,1750.8,1,0,0,122,8,2167.03,2139.53,1788,1786
1,7,20,ECDSA-SHA3-384_signed-by_RSA-SHA3-256,ECDSA-SHA3-384_signed-by_RSA-SHA3-256,11.496,3182.78,1130.05,1,0,0,130.8,16,2167.85,2137.01,1789,1785
1,2,18,ECDSA-SHA3-384_signed-by_RSA-SHA3-256,ECDSA-SHA3-384_signed-by_RSA-SHA3-256,25.466,1437.18,1194.35,1,33,1.375,180.833,24,2154.79,2111.38,1789,1786
1,3,21,ECDSA-SHA3-384_signed-by_RSA-SHA3-256,ECDSA-SHA3-384_signed-by_RSA-SHA3-256,12.022,3043.05,1475.94,1,11,0.785714,141.143,24,2149.29,2112.34,1788,1785
1,8,20,ECDSA-SHA3-384_signed-by_RSA-SHA3-256,ECDSA-SHA3-384_signed-by_RSA-SHA3-256,11.848,3089.11,1497.63,1,7,0.5,121.429,15,2162.28,2355.04,1789,1786
1,5,23,ECDSA-SHA3-384_signed-by_RSA-SHA3-256,ECDSA-SHA3-384_signed-by_RSA-SHA3-256,12.144,3013.79,1559.92,0.846154,11,0.846154,165.692,15,2169.38,2131.42,1789,1786
1,6,22,ECDSA-SHA3-384_signed-by_RSA-SHA3-256,ECDSA-SHA3-384_signed-by_RSA-SHA3-256,11.266,3247.95,1175.91,1,0,0,122.364,8,2154.49,2114.77,1788,1786
1,7,21,ECDSA-SHA3-384_signed-by_RSA-SHA3-256,ECDSA-SHA3-384_signed-by_RSA-SHA3-256,11.509,3179.37,1128.84,1,0,0,130.8,16,2186.57,2135.81,1789,1785
1,1,18,ECDSA-SHA3-384_signed-by_RSA-SHA3-256,ECDSA-SHA3-384_signed-by_RSA-SHA3-256,23.753,1541.18,915.413,1,19,1,177.789,24,2146.25,2115.99,1790,1786
1,2,19,ECDSA-SHA3-384_signed-by_RSA-SHA3-256,ECDSA-SHA3-384_signed-by_RSA-SHA3-256,13.453,2720.53,965.713,1,0,0,153.6,24,2164.36,2125.94,1789,1786
1,3,22,ECDSA-SHA3-384_signed-by_RSA-SHA3-256,ECDSA-SHA3-384_signed-by_RSA-SHA3-256,13.448,2720.34,1508.59,1,17,0.894737,181.789,24,2135.54,2118.87,1788,1785
1,8,21,ECDSA-SHA3-384_signed-by_RSA-SHA3-256,ECDSA-SHA3-384_signed-by_RSA-SHA3-256,15.058,2430.52,879.769,1,0,0,122.364,15,2163.79,2155.76,1789,1786
1,6,23,ECDSA-SHA3-384_signed-by_RSA-SHA3-256,ECDSA-SHA3-384_signed-by_RSA-SHA3-256,13.354,2740.08,1099.87,1,2,0.153846,111.846,8,2167.56,2123.54,1788,1786
1,1,19,ECDSA-SHA3-384_signed-by_RSA-SHA3-256,ECDSA-SHA3-384_signed-by_RSA-SHA3-256,12.358,2962.23,1087.53,1,7,0.583333,164.667,24,2164.17,2123.33,1790,1786
1,2,20,ECDSA-SHA3-384_signed-by_RSA-SHA3-256,ECDSA-SHA3-384_signed-by_RSA-SHA3-256,11.297,3239.76,1686.8,1,11,0.785714,169.429,24,2164.74,2111.18,1789,1786
1,8,22,ECDSA-SHA3-384_signed-by_RSA-SHA3-256,ECDSA-SHA3-384_signed-by_RSA-SHA3-256,10.409,3516.13,1272.72,1,0,0,118,15,2150.96,2121.44,1789,1786
1,6,24,ECDSA-SHA3-384_signed-by_RSA-SHA3-256,ECDSA-SHA3-384_signed-by_RSA-SHA3-256,9.316,3927.46,1449.4,1,0,0,111.333,8,2165.86,2135.39,1788,1786
1,5,24,ECDSA-SHA3-384_signed-by_RSA-SHA3-256,ECDSA-SHA3-384_signed-by_RSA-SHA3-256,26.379,1387.43,920.1,1,25,1.25,136.6,15,2157.96,2114.26,1789,1786
1,3,23,ECDSA-SHA3-384_signed-by_RSA-SHA3-256,ECDSA-SHA3-384_signed-by_RSA-SHA3-256,18.933,1932.19,2099.08,1,51,1.59375,341.125,24,2141.65,2110.43,1788,1785
1,2,21,ECDSA-SHA3-384_signed-by_RSA-SHA3-256,ECDSA-SHA3-384_signed-by_RSA-SHA3-256,15.882,2304.39,1567.49,1,22,1.375,213.75,24,2118.97,2108.05,1789,1786
1,7,22,ECDSA-SHA3-384_signed-by_RSA-SHA3-256,ECDSA-SHA3-384_signed-by_RSA-SHA3-256,33.124,1104.68,553.066,1,10,0.588235,108.118,16,2371.96,2141.32,1789,1785
1,6,25,ECDSA-SHA3-384_signed-by_RSA-SHA3-256,ECDSA-SHA3-384_signed-by_RSA-SHA3-256,14.569,2511.55,1060.85,1,7,0.466667,107.6,8,2161.36,2138.14,1788,1786
1,8,23,ECDSA-SHA3-384_signed-by_RSA-SHA3-256,ECDSA-SHA3-384_signed-by_RSA-SHA3-256,18.674,1959.85,1657.84,1,33,1.65,175.8,15,2137.2,2116.78,1789,1786
1,5,25,ECDSA-SHA3-384_signed-by_RSA-SHA3-256,ECDSA-SHA3-384_signed-by_RSA-SHA3-256,16.731,2187.46,950.531,1,4,0.235294,168.588,15,2174.49,2150.55,1789,1786
1,1,20,ECDSA-SHA3-384_signed-by_RSA-SHA3-256,ECDSA-SHA3-384_signed-by_RSA-SHA3-256,26.63,1374.65,1161.97,1,34,1.13333,224.4,24,2164.82,2110.4,1790,1786
1,3,24,ECDSA-SHA3-384_signed-by_RSA-SHA3-256,ECDSA-SHA3-384_signed-by_RSA-SHA3-256,20.982,1743.52,915.034,1,11,0.785714,171.429,24,2161.98,2151.17,1788,1785
1,7,23,ECDSA-SHA3-384_signed-by_RSA-SHA3-256,ECDSA-SHA3-384_signed-by_RSA-SHA3-256,15.831,2311.37,820.652,1,0,0,130.8,16,2146.31,2122.38,1789,1785
1,6,26,ECDSA-SHA3-384_signed-by_RSA-SHA3-256,ECDSA-SHA3-384_signed-by_RSA-SHA3-256,15.452,2368.07,840.783,1,0,0,130.8,9,2150.32,2115.15,1788,1786
1,2,22,ECDSA-SHA3-384_signed-by_RSA-SHA3-256,ECDSA-SHA3-384_signed-by_RSA-SHA3-256,19.533,1873.69,989.473,1,13,0.866667,178,24,2149.8,2121.58,1789,1786
1,5,26,ECDSA-SHA3-384_signed-by_RSA-SHA3-256,ECDSA-SHA3-384_signed-by_RSA-SHA3-256,13.477,2715.73,1419.9,1,16,1.14286,171.429,15,2152.81,2137.92,1789,1786
1,3,25,ECDSA-SHA3-384_signed-by_RSA-SHA3-256,ECDSA-SHA3-384_signed-by_RSA-SHA3-256,10.997,3326.7,1418.56,1,7,0.466667,125.467,24,2156.64,2117.14,1788,1785
1,1,21,ECDSA-SHA3-384_signed-by_RSA-SHA3-256,ECDSA-SHA3-384_signed-by_RSA-SHA3-256,19.385,1888.4,1588.8,1,32,1.28,170.16,24,2147.91,2145.61,1790,1786
1,7,24,ECDSA-SHA3-384_signed-by_RSA-SHA3-256,ECDSA-SHA3-384_signed-by_RSA-SHA3-256,13.63,2684.58,967.247,1,5,0.454545,122.364,16,2137.06,2175.77,1789,1785
1,8,24,ECDSA-SHA3-384_signed-by_RSA-SHA3-256,ECDSA-SHA3-384_signed-by_RSA-SHA3-256,25.004,1463.75,1105.09,1,31,1.40909,140.182,15,2141.24,2129.44,1789,1786
1,6,27,ECDSA-SHA3-384_signed-by_RSA-SHA3-256,ECDSA-SHA3-384_signed-by_RSA-SHA3-256,13.368,2737.2,1327.31,1,7,0.5,121.429,9,2166.24,2181.86,1788,1786
1,5,27,ECDSA-SHA3-384_signed-by_RSA-SHA3-256,ECDSA-SHA3-384_signed-by_RSA-SHA3-256,13.148,2783.59,1166.98,1,3,0.214286,209.143,15,2130.68,2130.5,1789,1786
1,2,23,ECDSA-SHA3-384_signed-by_RSA-SHA3-256,ECDSA-SHA3-384_signed-by_RSA-SHA3-256,15.74,2325.17,1445.42,1,14,0.736842,132.947,24,2183.45,2127.57,1789,1786
1,3,26,ECDSA-SHA3-384_signed-by_RSA-SHA3-256,ECDSA-SHA3-384_signed-by_RSA-SHA3-256,14.671,2493.52,902.968,1,0,0,143.091,24,2160.64,2109.07,1788,1785
1,1,22,ECDSA-SHA3-384_signed-by_RSA-SHA3-256,ECDSA-SHA3-384_signed-by_RSA-SHA3-256,11.702,3128.29,1311.2,0.571429,7,0.5,133.429,24,2169.5,2106.58,1790,1786
1,8,25,ECDSA-SHA3-384_signed-by_RSA-SHA3-256,ECDSA-SHA3-384_signed-by_RSA-SHA3-256,14.636,2500.58,1229.79,0.866667,7,0.466667,115.867,15,2160.76,2130.34,1789,1786
1,6,28,ECDSA-SHA3-384_signed-by_RSA-SHA3-256,ECDSA-SHA3-384_signed-by_RSA-SHA3-256,14.29,2560.57,1325.63,1,11,0.846154,153.077,9,2172.88,2118.77,1788,1786
1,7,25,ECDSA-SHA3-384_signed-by_RSA-SHA3-256,ECDSA-SHA3-384_signed-by_RSA-SHA3-256,16.984,2154.4,903.398,0.928571,3,0.214286,178,16,2147.51,2114.57,1789,1785
1,5,28,ECDSA-SHA3-384_signed-by_RSA-SHA3-256,ECDSA-SHA3-384_signed-by_RSA-SHA3-256,14.384,2544.42,903.201,0.8,0,0,134.4,15,2128.49,2102.21,1789,1786
1,2,24,ECDSA-SHA3-384_signed-by_RSA-SHA3-256,ECDSA-SHA3-384_signed-by_RSA-SHA3-256,14.588,2508.86,890.575,0.8,0,0,140.8,24,2157.56,2126.23,1789,1786
1,3,27,ECDSA-SHA3-384_signed-by_RSA-SHA3-256,ECDSA-SHA3-384_signed-by_RSA-SHA3-256,12.191,3000.87,1065.69,0.5,0,0,153.6,24,2158.24,2117.05,1788,1785
1,1,23,ECDSA-SHA3-384_signed-by_RSA-SHA3-256,ECDSA-SHA3-384_signed-by_RSA-SHA3-256,14.661,2496.91,1292.1,0.769231,11,0.846154,227.538,24,2127.99,2107.7,1790,1786
1,8,26,ECDSA-SHA3-384_signed-by_RSA-SHA3-256,ECDSA-SHA3-384_signed-by_RSA-SHA3-256,10.884,3362.46,1193.58,0.5,0,0,130.8,15,2171.46,2144.16,1789,1786
1,6,29,ECDSA-SHA3-384_signed-by_RSA-SHA3-256,ECDSA-SHA3-384_signed-by_RSA-SHA3-256,11.577,3160.48,1122.13,1,0,0,130.8,9,2158.48,2142.54,1788,1786
1,7,26,ECDSA-SHA3-384_signed-by_RSA-SHA3-256,ECDSA-SHA3-384_signed-by_RSA-SHA3-256,12.476,2932.97,1041.35,1,0,0,130.8,16,2155.65,2125.68,1789,1785
1,5,29,ECDSA-SHA3-384_signed-by_RSA-SHA3-256,ECDSA-SHA3-384_signed-by_RSA-SHA3-256,13.148,2783.66,1027.06,1,0,0,123.667,15,2148.64,2156.43,1789,1786
1,2,25,ECDSA-SHA3-384_signed-by_RSA-SHA3-256,ECDSA-SHA3-384_signed-by_RSA-SHA3-256,13.731,2665.44,974.124,1,6,0.5,123.667,24,2159.64,2100.2,1789,1786
1,3,28,ECDSA-SHA3-384_signed-by_RSA-SHA3-256,ECDSA-SHA3-384_signed-by_RSA-SHA3-256,15.546,2353.21,1235.01,1,11,0.785714,171.429,24,2125.38,2131.89,1788,1785
1,1,24,ECDSA-SHA3-384_signed-by_RSA-SHA3-256,ECDSA-SHA3-384_signed-by_RSA-SHA3-256,13.422,2727.41,967.946,1,0,0,190,24,2149.02,2125.27,1790,1786
1,6,30,ECDSA-SHA3-384_signed-by_RSA-SHA3-256,ECDSA-SHA3-384_signed-by_RSA-SHA3-256,10.811,3384.4,1201.63,1,0,0,130.8,9,2167.06,2123.14,1788,1786
1,8,27,ECDSA-SHA3-384_signed-by_RSA-SHA3-256,ECDSA-SHA3-384_signed-by_RSA-SHA3-256,13.898,2633.43,1363.05,1,11,0.846154,153.077,15,2280.15,2140.22,1789,1786
1,7,27,ECDSA-SHA3-384_signed-by_RSA-SHA3-256,ECDSA-SHA3-384_signed-by_RSA-SHA3-256,14.872,2460.41,1290.99,1,10,0.714286,140.286,16,2171.49,2119.26,1789,1785
1,5,30,ECDSA-SHA3-384_signed-by_RSA-SHA3-256,ECDSA-SHA3-384_signed-by_RSA-SHA3-256,14.566,2512.65,1300.53,1,11,0.846154,165.692,15,2163.39,2138.92,1789,1786
1,3,29,ECDSA-SHA3-384_signed-by_RSA-SHA3-256,ECDSA-SHA3-384_signed-by_RSA-SHA3-256,12.79,2860.31,1015.78,1,0,0,153.6,24,2147.1,2116.32,1788,1785
1,1,25,ECDSA-SHA3-384_signed-by_RSA-SHA3-256,ECDSA-SHA3-384_signed-by_RSA-SHA3-256,12.968,2822.89,1460.8,1,11,0.846154,153.077,24,2147.07,2121.35,1790,1786
1,6,31,ECDSA-SHA3-384_signed-by_RSA-SHA3-256,ECDSA-SHA3-384_signed-by_RSA-SHA3-256,13.038,2806.51,1541.31,0.944444,14,0.777778,109.556,9,2148.27,2132.81,1788,1786
1,2,26,ECDSA-SHA3-384_signed-by_RSA-SHA3-256,ECDSA-SHA3-384_signed-by_RSA-SHA3-256,21.148,1730.66,962.358,1,10,0.526316,178,24,2174.71,2140.2,1789,1786
1,8,28,ECDSA-SHA3-384_signed-by_RSA-SHA3-256,ECDSA-SHA3-384_signed-by_RSA-SHA3-256,15.262,2398.03,1162.59,1,7,0.5,121.429,15,2141.14,2127.7,1789,1786
1,5,31,ECDSA-SHA3-384_signed-by_RSA-SHA3-256,ECDSA-SHA3-384_signed-by_RSA-SHA3-256,11.652,3141.01,1136.94,1,0,0,122.364,15,2148.99,2126.15,1789,1786
1,7,28,ECDSA-SHA3-384_signed-by_RSA-SHA3-256,ECDSA-SHA3-384_signed-by_RSA-SHA3-256,16.539,2212.36,1360.11,1,14,0.777778,117.556,16,2126.13,2132.9,1789,1785
1,3,30,ECDSA-SHA3-384_signed-by_RSA-SHA3-256,ECDSA-SHA3-384_signed-by_RSA-SHA3-256,12.89,2838.09,1489.49,0.714286,11,0.785714,171.429,24,2128.1,2117.67,1788,1785
1,1,26,ECDSA-SHA3-384_signed-by_RSA-SHA3-256,ECDSA-SHA3-384_signed-by_RSA-SHA3-256,12.94,2829,1004,0.8,0,0,130.8,24,2149.6,2114.8,1790,1786
1,2,27,ECDSA-SHA3-384_signed-by_RSA-SHA3-256,ECDSA-SHA3-384_signed-by_RSA-SHA3-256,11.221,3261.71,1157.82,0.3,0,0,140.8,24,2158.25,2107.18,1789,1786
1,8,29,ECDSA-SHA3-384_signed-by_RSA-SHA3-256,ECDSA-SHA3-384_signed-by_RSA-SHA3-256,11.299,3239.2,1357.98,0.214286,7,0.5,112.857,15,2148.37,2130.46,1789,1786
1,6,32,ECDSA-SHA3-384_signed-by_RSA-SHA3-256,ECDSA-SHA3-384_signed-by_RSA-SHA3-256,16.665,2195.65,1136.7,1,11,0.846154,153.077,9,2118.59,2134.82,1788,1786
1,5,32,ECDSA-SHA3-384_signed-by_RSA-SHA3-256,ECDSA-SHA3-384_signed-by_RSA-SHA3-256,12.615,2901.26,1029.87,1,0,0,130.8,15,2158.74,2118.58,1789,1786
1,7,29,ECDSA-SHA3-384_signed-by_RSA-SHA3-256,ECDSA-SHA3-384_signed-by_RSA-SHA3-256,10.465,3496.29,1241.36,1,0,0,130.8,16,2159.59,2115.42,1789,1785
1,3,31,ECDSA-SHA3-384_signed-by_RSA-SHA3-256,ECDSA-SHA3-384_signed-by_RSA-SHA3-256,13.335,2743.4,974.257,1,0,0,153.6,24,2144.91,2113.38,1788,1785
1,1,27,ECDSA-SHA3-384_signed-by_RSA-SHA3-256,ECDSA-SHA3-384_signed-by_RSA-SHA3-256,12.954,2825.94,1002.91,1,0,0,130.8,24,2157.51,2130.58,1790,1786
1,2,28,ECDSA-SHA3-384_signed-by_RSA-SHA3-256,ECDSA-SHA3-384_signed-by_RSA-SHA3-256,13.328,2746.03,993.974,1,0,0,130.364,24,2164.79,2107.49,1789,1786
1,8,30,ECDSA-SHA3-384_signed-by_RSA-SHA3-256,ECDSA-SHA3-384_signed-by_RSA-SHA3-256,13.782,2655.56,1388.44,0.928571,18,1.28571,144.857,15,2171.81,2172.11,1789,1786
1,6,33,ECDSA-SHA3-384_signed-by_RSA-SHA3-256,ECDSA-SHA3-384_signed-by_RSA-SHA3-256,12.736,2873.06,1487.41,1,15,1.15385,153.077,9,2170.81,2130.16,1788,1786
1,5,33,ECDSA-SHA3-384_signed-by_RSA-SHA3-256,ECDSA-SHA3-384_signed-by_RSA-SHA3-256,11.735,3118.85,923.042,1,0,0,153.429,15,2149.96,2120.58,1789,1786
1,7,30,ECDSA-SHA3-384_signed-by_RSA-SHA3-256,ECDSA-SHA3-384_signed-by_RSA-SHA3-256,15.873,2305.24,818.477,1,0,0,130.8,16,2114.53,2127.55,1789,1785
1,3,32,ECDSA-SHA3-384_signed-by_RSA-SHA3-256,ECDSA-SHA3-384_signed-by_RSA-SHA3-256,13.72,2666.44,1137.01,1,11,0.733333,125.467,24,2144.19,2115.68,1788,1785
1,1,28,ECDSA-SHA3-384_signed-by_RSA-SHA3-256,ECDSA-SHA3-384_signed-by_RSA-SHA3-256,13.939,2626.25,932.044,1,0,0,130.8,24,2155.09,2147.24,1790,1786
1,6,34,ECDSA-SHA3-384_signed-by_RSA-SHA3-256,ECDSA-SHA3-384_signed-by_RSA-SHA3-256,10.769,3397.6,1435.11,1,3,0.2,168.4,9,2171.66,2119.32,1788,1786
1,2,29,ECDSA-SHA3-384_signed-by_RSA-SHA3-256,ECDSA-SHA3-384_signed-by_RSA-SHA3-256,17.533,2087.42,1291.23,1,22,0.956522,106.696,24,2256.57,2123.31,1789,1786
1,8,31,ECDSA-SHA3-384_signed-by_RSA-SHA3-256,ECDSA-SHA3-384_signed-by_RSA-SHA3-256,20.945,1747.43,1888.37,1,39,1.25806,237.355,15,2160.56,2112.59,1789,1786
1,5,34,ECDSA-SHA3-384_signed-by_RSA-SHA3-256,ECDSA-SHA3-384_signed-by_RSA-SHA3-256,20.601,1776.61,1033.73,1,12,0.705882,133.059,15,2164.03,2116.17,1789,1786
1,7,31,ECDSA-SHA3-384_signed-by_RSA-SHA3-256,ECDSA-SHA3-384_signed-by_RSA-SHA3-256,15.93,2296.94,1221.29,1,11,0.733333,137.733,16,2127.61,2118.09,1789,1785
1,3,33,ECDSA-SHA3-384_signed-by_RSA-SHA3-256,ECDSA-SHA3-384_signed-by_RSA-SHA3-256,14.018,2609.69,1433.53,0.5,10,0.555556,167.556,24,2156.75,2092.9,1788,1785
1,6,35,ECDSA-SHA3-384_signed-by_RSA-SHA3-256,ECDSA-SHA3-384_signed-by_RSA-SHA3-256,13.174,2777.5,986.153,1,0,0,130.8,9,2161.51,2145.57,1788,1786
1,1,29,ECDSA-SHA3-384_signed-by_RSA-SHA3-256,ECDSA-SHA3-384_signed-by_RSA-SHA3-256,15.115,2421.87,876.447,1,4,0.363636,125.636,24,2118.2,2141.64,1790,1786
1,2,30,ECDSA-SHA3-384_signed-by_RSA-SHA3-256,ECDSA-SHA3-384_signed-by_RSA-SHA3-256,9.713,3768.14,1337.59,1,0,0,140.8,24,2170.01,2106.65,1789,1786
1,5,35,ECDSA-SHA3-384_signed-by_RSA-SHA3-256,ECDSA-SHA3-384_signed-by_RSA-SHA3-256,9.596,3813.74,1700.55,1,8,0.5,104.5,15,2163.23,2131.32,1789,1786
1,6,36,ECDSA-SHA3-384_signed-by_RSA-SHA3-256,ECDSA-SHA3-384_signed-by_RSA-SHA3-256,7.786,4699.27,1668.48,1,0,0,130.8,9,2147.77,2141.42,1788,1786
1,8,32,ECDSA-SHA3-384_signed-by_RSA-SHA3-256,ECDSA-SHA3-384_signed-by_RSA-SHA3-256,14.892,2457.63,1208.67,1,7,0.466667,116.667,15,2164.38,2121.42,1789,1786
1,2,31,ECDSA-SHA3-384_signed-by_RSA-SHA3-256,ECDSA-SHA3-384_signed-by_RSA-SHA3-256,11.648,3142.12,1115.37,1,0,0,130.8,24,2140.7,2128.52,1789,1786
1,7,32,ECDSA-SHA3-384_signed-by_RSA-SHA3-256,ECDSA-SHA3-384_signed-by_RSA-SHA3-256,18.209,2009.47,1180.02,1,19,1.05556,127.778,16,2146.05,2123.66,1789,1785
1,6,37,ECDSA-SHA3-384_signed-by_RSA-SHA3-256,ECDSA-SHA3-384_signed-by_RSA-SHA3-256,10.837,3376.54,1637.33,1,7,0.5,121.429,9,2140.44,2116.39,1788,1786
1,1,30,ECDSA-SHA3-384_signed-by_RSA-SHA3-256,ECDSA-SHA3-384_signed-by_RSA-SHA3-256,20.958,1746.72,1137.5,1,22,1,248,24,2155.98,2120.91,1790,1786
1,8,33,ECDSA-SHA3-384_signed-by_RSA-SHA3-256,ECDSA-SHA3-384_signed-by_RSA-SHA3-256,10.937,3346.4,1198.12,0.727273,0,0,122,15,2145.43,2164.72,1789,1786
1,2,32,ECDSA-SHA3-384_signed-by_RSA-SHA3-256,ECDSA-SHA3-384_signed-by_RSA-SHA3-256,10.376,3527.37,1262.91,0.727273,0,0,122,24,2162.8,2116.47,1789,1786
1,3,34,ECDSA-SHA3-384_signed-by_RSA-SHA3-256,ECDSA-SHA3-384_signed-by_RSA-SHA3-256,28.055,1303.97,1332.2,1,47,1.88,214.48,24,2145.23,2137.36,1788,1785
1,7,33,ECDSA-SHA3-384_signed-by_RSA-SHA3-256,ECDSA-SHA3-384_signed-by_RSA-SHA3-256,11.73,3119.46,1129.39,1,0,0,122.364,16,2158.33,2120.78,1789,1785
1,5,36,ECDSA-SHA3-384_signed-by_RSA-SHA3-256,ECDSA-SHA3-384_signed-by_RSA-SHA3-256,23.297,1570.99,984.83,1,15,0.75,109.6,15,2153.5,2177.16,1789,1786
1,6,38,ECDSA-SHA3-384_signed-by_RSA-SHA3-256,ECDSA-SHA3-384_signed-by_RSA-SHA3-256,14.985,2441.82,1501.18,0.944444,14,0.777778,117.556,9,2165.76,2149.11,1788,1786
1,1,31,ECDSA-SHA3-384_signed-by_RSA-SHA3-256,ECDSA-SHA3-384_signed-by_RSA-SHA3-256,13.231,2766.76,1360.4,1,7,0.466667,115.867,24,2151.36,2128.38,1790,1786
1,8,34,ECDSA-SHA3-384_signed-by_RSA-SHA3-256,ECDSA-SHA3-384_signed-by_RSA-SHA3-256,13.717,2668.14,1293.54,1,7,0.5,121.429,15,2143.33,2252.26,1789,1786
1,2,33,ECDSA-SHA3-384_signed-by_RSA-SHA3-256,ECDSA-SHA3-384_signed-by_RSA-SHA3-256,13.563,2698.42,976.741,1,0,0,122.364,24,2387.78,2130.02,1789,1786
1,3,35,ECDSA-SHA3-384_signed-by_RSA-SHA3-256,ECDSA-SHA3-384_signed-by_RSA-SHA3-256,11.453,3194.23,1339.72,1,7,0.5,131.714,24,2154.01,2122.99,1788,1785
1,7,34,ECDSA-SHA3-384_signed-by_RSA-SHA3-256,ECDSA-SHA3-384_signed-by_RSA-SHA3-256,11.13,3287.67,1167.29,1,0,0,130.8,16,2158.23,2104.15,1789,1785
1,1,32,ECDSA-SHA3-384_signed-by_RSA-SHA3-256,ECDSA-SHA3-384_signed-by_RSA-SHA3-256,12.271,2983.22,1079.59,1,0,0,122.364,24,2185.61,2141.63,1790,1786
1,5,37,ECDSA-SHA3-384_signed-by_RSA-SHA3-256,ECDSA-SHA3-384_signed-by_RSA-SHA3-256,17.673,2070.86,2408.08,1,34,1.41667,152.167,15,2144.97,2107.85,1789,1786
1,8,35,ECDSA-SHA3-384_signed-by_RSA-SHA3-256,ECDSA-SHA3-384_signed-by_RSA-SHA3-256,12.678,2886.82,1679.72,1,18,1.05882,133.059,15,2156.07,2128.44,1789,1786
1,3,36,ECDSA-SHA3-384_signed-by_RSA-SHA3-256,ECDSA-SHA3-384_signed-by_RSA-SHA3-256,13.2,2771.45,1003.61,0.727273,0,0,143.091,24,2315.78,2134.74,1788,1785
1,6,39,ECDSA-SHA3-384_signed-by_RSA-SHA3-256,ECDSA-SHA3-384_signed-by_RSA-SHA3-256,19.736,1853.99,1261.39,1,22,1.375,171,9,2162.02,2132.66,1788,1786
1,7,35,ECDSA-SHA3-384_signed-by_RSA-SHA3-256,ECDSA-SHA3-384_signed-by_RSA-SHA3-256,14.693,2490.37,986.564,1,2,0.166667,118,16,2149.42,2113.54,1789,1785
1,2,34,ECDSA-SHA3-384_signed-by_RSA-SHA3-256,ECDSA-SHA3-384_signed-by_RSA-SHA3-256,20.326,1800.64,954.046,1,12,0.8,137.733,24,2130.82,2132.04,1789,1786
1,5,38,ECDSA-SHA3-384_signed-by_RSA-SHA3-256,ECDSA-SHA3-384_signed-by_RSA-SHA3-256,11.251,3253.02,1577.09,1,7,0.5,121.429,15,2169.06,2133.76,1789,1786
1,1,33,ECDSA-SHA3-384_signed-by_RSA-SHA3-256,ECDSA-SHA3-384_signed-by_RSA-SHA3-256,15.247,2400.91,1629.64,1,21,0.954545,108.545,24,2149.45,2172.57,1790,1786
1,7,36,ECDSA-SHA3-384_signed-by_RSA-SHA3-256,ECDSA-SHA3-384_signed-by_RSA-SHA3-256,11.507,3179.84,1541.95,1,7,0.5,121.429,16,2154.78,2159.14,1789,1785
1,6,40,ECDSA-SHA3-384_signed-by_RSA-SHA3-256,ECDSA-SHA3-384_signed-by_RSA-SHA3-256,13.541,2702.19,1170.91,1,7,0.4375,103.5,9,2160.1,2143.24,1788,1786
1,8,36,ECDSA-SHA3-384_signed-by_RSA-SHA3-256,ECDSA-SHA3-384_signed-by_RSA-SHA3-256,22.508,1626.07,808.235,1,8,0.5,111,15,2121.72,2119.2,1789,1786
1,3,37,ECDSA-SHA3-384_signed-by_RSA-SHA3-256,ECDSA-SHA3-384_signed-by_RSA-SHA3-256,20.727,1765.03,1222.75,1,23,1.27778,173.333,24,2160.71,2131.97,1788,1785
1,2,35,ECDSA-SHA3-384_signed-by_RSA-SHA3-256,ECDSA-SHA3-384_signed-by_RSA-SHA3-256,15.695,2331.87,827.751,1,0,0,130.8,24,2147.3,2122.9,1789,1786
1,5,39,ECDSA-SHA3-384_signed-by_RSA-SHA3-256,ECDSA-SHA3-384_signed-by_RSA-SHA3-256,14.79,2474.57,878.403,1,0,0,130.8,15,2149.32,2097.23,1789,1786
1,1,34,ECDSA-SHA3-384_signed-by_RSA-SHA3-256,ECDSA-SHA3-384_signed-by_RSA-SHA3-256,14.638,2500.82,1311.62,1,11,0.785714,141.429,24,2148.83,2137.88,1790,1786
1,7,37,ECDSA-SHA3-384_signed-by_RSA-SHA3-256,ECDSA-SHA3-384_signed-by_RSA-SHA3-256,13.137,2785.4,1461.51,0.571429,11,0.785714,141.429,16,2149.55,2106.08,1789,1785
1,6,41,ECDSA-SHA3-384_signed-by_RSA-SHA3-256,ECDSA-SHA3-384_signed-by_RSA-SHA3-256,13.188,2774.63,985.133,0.3,0,0,130.8,9,2173.95,2153.41,1788,1786
1,8,37,ECDSA-SHA3-384_signed-by_RSA-SHA3-256,ECDSA-SHA3-384_signed-by_RSA-SHA3-256,14.388,2543.76,920.756,0.727273,0,0,122.364,15,2148.09,2130.41,1789,1786
1,3,38,ECDSA-SHA3-384_signed-by_RSA-SHA3-256,ECDSA-SHA3-384_signed-by_RSA-SHA3-256,15.288,2392.94,849.801,0.8,0,0,153.6,24,2129.58,2115.9,1788,1785
1,2,36,ECDSA-SHA3-384_signed-by_RSA-SHA3-256,ECDSA-SHA3-384_signed-by_RSA-SHA3-256,15.062,2429.91,1178.04,0.571429,7,0.5,121.429,24,2161.26,2093.45,1789,1786
1,5,40,ECDSA-SHA3-384_signed-by_RSA-SHA3-256,ECDSA-SHA3-384_signed-by_RSA-SHA3-256,15.188,2409.74,855.393,1,0,0,130.8,15,2159.42,2139.1,1789,1786
1,1,35,ECDSA-SHA3-384_signed-by_RSA-SHA3-256,ECDSA-SHA3-384_signed-by_RSA-SHA3-256,13.471,2717.52,1139.03,0.928571,7,0.5,112.857,24,2152.21,2122.61,1790,1786
1,7,38,ECDSA-SHA3-384_signed-by_RSA-SHA3-256,ECDSA-SHA3-384_signed-by_RSA-SHA3-256,16.073,2276.56,1132.81,1,14,0.7,97,16,2148.02,2108.69,1789,1785
1,6,42,ECDSA-SHA3-384_signed-by_RSA-SHA3-256,ECDSA-SHA3-384_signed-by_RSA-SHA3-256,15.666,2335.71,1209.22,1,11,0.846154,153.077,9,2170.89,2141.83,1788,1786
1,8,38,ECDSA-SHA3-384_signed-by_RSA-SHA3-256,ECDSA-SHA3-384_signed-by_RSA-SHA3-256,15.792,2317.55,822.666,1,0,0,130.8,15,2126.75,2124.55,1789,1786
1,3,39,ECDSA-SHA3-384_signed-by_RSA-SHA3-256,ECDSA-SHA3-384_signed-by_RSA-SHA3-256,14.938,2448.98,1187.81,1,7,0.5,141.143,24,2144.03,2121.74,1788,1785
1,2,37,ECDSA-SHA3-384_signed-by_RSA-SHA3-256,ECDSA-SHA3-384_signed-by_RSA-SHA3-256,15.003,2439.44,1262.64,1,11,0.846154,153.077,24,2157.97,2121.22,1789,1786
1,5,41,ECDSA-SHA3-384_signed-by_RSA-SHA3-256,ECDSA-SHA3-384_signed-by_RSA-SHA3-256,15.472,2365.48,1163.35,1,7,0.466667,115.867,15,2143.37,2096.85,1789,1786
1,1,36,ECDSA-SHA3-384_signed-by_RSA-SHA3-256,ECDSA-SHA3-384_signed-by_RSA-SHA3-256,15.284,2395.1,1177.66,1,7,0.466667,115.867,24,2169.45,2129.2,1790,1786
1,6,43,ECDSA-SHA3-384_signed-by_RSA-SHA3-256,ECDSA-SHA3-384_signed-by_RSA-SHA3-256,11.712,3124.26,1310.08,0.785714,7,0.5,114.571,9,2169.16,2121.88,1788,1786
1,7,39,ECDSA-SHA3-384_signed-by_RSA-SHA3-256,ECDSA-SHA3-384_signed-by_RSA-SHA3-256,13.894,2633.59,1381.85,1,11,0.785714,144.857,16,2162.19,2126.96,1789,1785
1,8,39,ECDSA-SHA3-384_signed-by_RSA-SHA3-256,ECDSA-SHA3-384_signed-by_RSA-SHA3-256,12.156,3010.82,1068.76,0.8,0,0,130.8,15,2145.31,2122.89,1789,1786
1,3,40,ECDSA-SHA3-384_signed-by_RSA-SHA3-256,ECDSA-SHA3-384_signed-by_RSA-SHA3-256,11.899,3074.5,1113.35,1,0,0,143.091,24,2160.49,2104.3,1788,1785
1,2,38,ECDSA-SHA3-384_signed-by_RSA-SHA3-256,ECDSA-SHA3-384_signed-by_RSA-SHA3-256,12.6,2904.7,1031.09,1,0,0,130.8,24,2171.3,2110.64,1789,1786
1,5,42,ECDSA-SHA3-384_signed-by_RSA-SHA3-256,ECDSA-SHA3-384_signed-by_RSA-SHA3-256,12.429,2944.68,1234.51,1,8,0.571429,112.857,15,2155.86,2205.79,1789,1786
1,1,37,ECDSA-SHA3-384_signed-by_RSA-SHA3-256,ECDSA-SHA3-384_signed-by_RSA-SHA3-256,11.852,3088.73,1614.56,1,16,1.14286,144.857,24,2171.57,2142.22,1790,1786
1,7,40,ECDSA-SHA3-384_signed-by_RSA-SHA3-256,ECDSA-SHA3-384_signed-by_RSA-SHA3-256,13.399,2730.87,1473.5,1,12,0.631579,99.6842,16,2162.27,2140.78,1789,1785
1,6,44,ECDSA-SHA3-384_signed-by_RSA-SHA3-256,ECDSA-SHA3-384_signed-by_RSA-SHA3-256,17.2,2127.34,1046.46,1,7,0.466667,112.667,9,2155.58,2118.68,1788,1786
1,5,43,ECDSA-SHA3-384_signed-by_RSA-SHA3-256,ECDSA-SHA3-384_signed-by_RSA-SHA3-256,12.327,2969.01,1249.91,0.357143,2,0.142857,129.429,15,2168.44,2123.77,1789,1786
1,2,39,ECDSA-SHA3-384_signed-by_RSA-SHA3-256,ECDSA-SHA3-384_signed-by_RSA-SHA3-256,14.259,2566.72,1328.52,0.769231,11,0.846154,153.077,24,2173.84,2107.21,1789,1786
1,1,38,ECDSA-SHA3-384_signed-by_RSA-SHA3-256,ECDSA-SHA3-384_signed-by_RSA-SHA3-256,12.847,2849.45,1194.33,1,3,0.214286,178,24,2164.6,2112.08,1790,1786
1,8,40,ECDSA-SHA3-384_signed-by_RSA-SHA3-256,ECDSA-SHA3-384_signed-by_RSA-SHA3-256,17.926,2041.63,1399.46,1,23,1.35294,163.176,16,2116.01,2109.69,1789,1786
1,7,41,ECDSA-SHA3-384_signed-by_RSA-SHA3-256,ECDSA-SHA3-384_signed-by_RSA-SHA3-256,10.814,3383.71,1201.39,1,0,0,130.8,16,2152.59,2119.11,1789,1785
1,3,41,ECDSA-SHA3-384_signed-by_RSA-SHA3-256,ECDSA-SHA3-384_signed-by_RSA-SHA3-256,23.459,1559.46,823.892,1,13,0.866667,147.333,24,2142.34,2139.43,1788,1785
1,6,45,ECDSA-SHA3-384_signed-by_RSA-SHA3-256,ECDSA-SHA3-384_signed-by_RSA-SHA3-256,15.897,2301.74,833.335,1,0,0,123.455,9,2175.44,2135.92,1788,1786
1,1,39,ECDSA-SHA3-384_signed-by_RSA-SHA3-256,ECDSA-SHA3-384_signed-by_RSA-SHA3-256,10.993,3330.11,1181.84,0,0,0,130.8,24,2152.29,2130.47,1790,1786
1,8,41,ECDSA-SHA3-384_signed-by_RSA-SHA3-256,ECDSA-SHA3-384_signed-by_RSA-SHA3-256,11.159,3279.86,1164.26,0,0,0,130.8,16,2175.46,2097.41,1789,1786
1,5,44,ECDSA-SHA3-384_signed-by_RSA-SHA3-256,ECDSA-SHA3-384_signed-by_RSA-SHA3-256,14.233,2571.43,1330.96,1,11,0.846154,153.077,15,2152.39,2126.84,1789,1786
1,2,40,ECDSA-SHA3-384_signed-by_RSA-SHA3-256,ECDSA-SHA3-384_signed-by_RSA-SHA3-256,14.256,2567.29,1746.32,0.9375,22,1.375,171,24,2160.62,2122.42,1789,1786
1,7,42,ECDSA-SHA3-384_signed-by_RSA-SHA3-256,ECDSA-SHA3-384_signed-by_RSA-SHA3-256,13.167,2779.04,986.7,1,0,0,130.8,16,2172.63,2202.46,1789,1785
1,3,42,ECDSA-SHA3-384_signed-by_RSA-SHA3-256,ECDSA-SHA3-384_signed-by_RSA-SHA3-256,11.421,3203.18,1365.89,1,11,0.733333,107.867,24,2142.98,2135.47,1788,1785
1,8,42,ECDSA-SHA3-384_signed-by_RSA-SHA3-256,ECDSA-SHA3-384_signed-by_RSA-SHA3-256,7.966,4594.04,2227.23,1,7,0.5,126.571,16,2149.37,2149.63,1789,1786
1,1,40,ECDSA-SHA3-384_signed-by_RSA-SHA3-256,ECDSA-SHA3-384_signed-by_RSA-SHA3-256,12.814,2856.77,1384.68,1,7,0.5,121.429,24,2159.1,2159.14,1790,1786
1,7,43,ECDSA-SHA3-384_signed-by_RSA-SHA3-256,ECDSA-SHA3-384_signed-by_RSA-SHA3-256,12.677,2886.35,1044.99,1,0,0,122.364,16,2117.54,2136.3,1789,1785
1,6,46,ECDSA-SHA3-384_signed-by_RSA-SHA3-256,ECDSA-SHA3-384_signed-by_RSA-SHA3-256,18.789,1947.52,1363.35,1,14,0.736842,121.158,9,2159.46,2116.29,1788,1786
1,2,41,ECDSA-SHA3-384_signed-by_RSA-SHA3-256,ECDSA-SHA3-384_signed-by_RSA-SHA3-256,17.241,2122.73,1389.17,1,18,1,134.444,24,2149.78,2112.58,1789,1786
1,8,43,ECDSA-SHA3-384_signed-by_RSA-SHA3-256,ECDSA-SHA3-384_signed-by_RSA-SHA3-256,13.301,2751.6,976.742,1,0,0,130.8,16,2152.95,2117.62,1789,1786
1,3,43,ECDSA-SHA3-384_signed-by_RSA-SHA3-256,ECDSA-SHA3-384_signed-by_RSA-SHA3-256,15.696,2330.7,1494.34,1,20,1,256,24,2151.99,2122.43,1788,1785
1,1,41,ECDSA-SHA3-384_signed-by_RSA-SHA3-256,ECDSA-SHA3-384_signed-by_RSA-SHA3-256,11.171,3276.78,1162.91,0.3,0,0,130.8,24,2156.73,2119.59,1790,1786
1,5,45,ECDSA-SHA3-384_signed-by_RSA-SHA3-256,ECDSA-SHA3-384_signed-by_RSA-SHA3-256,23.075,1586.11,1594.78,1,44,2,189.273,15,2163.22,2105.54,1789,1786
1,6,47,ECDSA-SHA3-384_signed-by_RSA-SHA3-256,ECDSA-SHA3-384_signed-by_RSA-SHA3-256,11.681,3132.6,1112.23,0.9,0,0,140.8,9,2182.7,2123.61,1788,1786
1,7,44,ECDSA-SHA3-384_signed-by_RSA-SHA3-256,ECDSA-SHA3-384_signed-by_RSA-SHA3-256,15.167,2412.54,1324.94,0.666667,14,0.777778,109.556,16,2145.45,2120.74,1789,1785
1,8,44,ECDSA-SHA3-384_signed-by_RSA-SHA3-256,ECDSA-SHA3-384_signed-by_RSA-SHA3-256,12.29,2977.95,1098.75,1,0,0,115.333,16,2171.35,2124.4,1789,1786
1,2,42,ECDSA-SHA3-384_signed-by_RSA-SHA3-256,ECDSA-SHA3-384_signed-by_RSA-SHA3-256,15.858,2307.9,835.383,1,0,0,122.364,24,2163.24,2151.22,1789,1786
1,3,44,ECDSA-SHA3-384_signed-by_RSA-SHA3-256,ECDSA-SHA3-384_signed-by_RSA-SHA3-256,13.54,2701.84,1310.45,1,7,0.5,121.429,24,2162.67,2110.88,1788,1785
1,5,46,ECDSA-SHA3-384_signed-by_RSA-SHA3-256,ECDSA-SHA3-384_signed-by_RSA-SHA3-256,12.572,2911.16,1033.38,1,0,0,132,15,2163.35,2132.97,1789,1786
1,1,42,ECDSA-SHA3-384_signed-by_RSA-SHA3-256,ECDSA-SHA3-384_signed-by_RSA-SHA3-256,15.16,2414.69,1199.96,1,12,0.75,111,24,2147.84,2179.16,1790,1786
1,6,48,ECDSA-SHA3-384_signed-by_RSA-SHA3-256,ECDSA-SHA3-384_signed-by_RSA-SHA3-256,14.896,2456.44,1030.05,1,11,0.785714,120.857,9,2185.77,2136.79,1788,1786
1,7,45,ECDSA-SHA3-384_signed-by_RSA-SHA3-256,ECDSA-SHA3-384_signed-by_RSA-SHA3-256,12.666,2888.77,1025.66,1,0,0,130.8,16,2148.83,2115.45,1789,1785
1,8,45,ECDSA-SHA3-384_signed-by_RSA-SHA3-256,ECDSA-SHA3-384_signed-by_RSA-SHA3-256,14.882,2459.34,924.603,1,0,0,109.385,16,2140.57,2139.99,1789,1786
1,3,45,ECDSA-SHA3-384_signed-by_RSA-SHA3-256,ECDSA-SHA3-384_signed-by_RSA-SHA3-256,14.017,2609.96,926.87,1,0,0,137.2,24,2176.86,2136.63,1788,1785
1,5,47,ECDSA-SHA3-384_signed-by_RSA-SHA3-256,ECDSA-SHA3-384_signed-by_RSA-SHA3-256,14.301,2559.24,926.359,1,0,0,122.364,15,2166.46,2110.17,1789,1786
1,1,43,ECDSA-SHA3-384_signed-by_RSA-SHA3-256,ECDSA-SHA3-384_signed-by_RSA-SHA3-256,15.026,2436.26,1021.14,1,3,0.214286,178,24,2211.39,2124.52,1790,1786
1,6,49,ECDSA-SHA3-384_signed-by_RSA-SHA3-256,ECDSA-SHA3-384_signed-by_RSA-SHA3-256,12.364,2959.5,1261.7,0.666667,3,0.2,168.667,9,2138.8,2113.85,1788,1786
1,2,43,ECDSA-SHA3-384_signed-by_RSA-SHA3-256,ECDSA-SHA3-384_signed-by_RSA-SHA3-256,23.59,1551.5,1415.51,1,33,1.26923,124.154,24,2156.08,2111.07,1789,1786
1,8,46,ECDSA-SHA3-384_signed-by_RSA-SHA3-256,ECDSA-SHA3-384_signed-by_RSA-SHA3-256,10.363,3531.77,1253.68,0.3,0,0,130.8,16,2153.68,2118.36,1789,1786
1,3,46,ECDSA-SHA3-384_signed-by_RSA-SHA3-256,ECDSA-SHA3-384_signed-by_RSA-SHA3-256,10.419,3511.26,1246.95,0.3,0,0,130.8,24,2166.63,2130,1788,1785
1,7,46,ECDSA-SHA3-384_signed-by_RSA-SHA3-256,ECDSA-SHA3-384_signed-by_RSA-SHA3-256,17.067,2143.95,1318.05,0.666667,14,0.777778,117.556,16,2111.6,2118.55,1789,1785
1,5,48,ECDSA-SHA3-384_signed-by_RSA-SHA3-256,ECDSA-SHA3-384_signed-by_RSA-SHA3-256,11.774,3108.51,1103.44,0.6,0,0,130.8,15,2149.62,2114.31,1789,1786
1,1,44,ECDSA-SHA3-384_signed-by_RSA-SHA3-256,ECDSA-SHA3-384_signed-by_RSA-SHA3-256,12.456,2938.94,1073.84,0.666667,6,0.5,115.333,24,2141.83,2127.09,1790,1786
1,2,44,ECDSA-SHA3-384_signed-by_RSA-SHA3-256,ECDSA-SHA3-384_signed-by_RSA-SHA3-256,10.769,3398.35,1230.09,1,0,0,122.364,24,2167.48,2169.75,1789,1786
1,6,50,ECDSA-SHA3-384_signed-by_RSA-SHA3-256,ECDSA-SHA3-384_signed-by_RSA-SHA3-256,14.199,2577.03,1249.64,0.785714,7,0.5,121.429,9,2273.11,2159.78,1788,1786
1,8,47,ECDSA-SHA3-384_signed-by_RSA-SHA3-256,ECDSA-SHA3-384_signed-by_RSA-SHA3-256,11.911,3072.77,1172.69,1,1,0.0833333,116.667,16,2400.36,2123.55,1789,1786
1,3,47,ECDSA-SHA3-384_signed-by_RSA-SHA3-256,ECDSA-SHA3-384_signed-by_RSA-SHA3-256,11.387,3212.78,1347.5,0.857143,7,0.5,112.857,24,2183.52,2105.78,1788,1785
1,7,47,ECDSA-SHA3-384_signed-by_RSA-SHA3-256,ECDSA-SHA3-384_signed-by_RSA-SHA3-256,14.986,2441.69,901.087,0.833333,0,0,115.333,16,2168.65,2126.9,1789,1785
1,5,49,ECDSA-SHA3-384_signed-by_RSA-SHA3-256,ECDSA-SHA3-384_signed-by_RSA-SHA3-256,13.896,2633.81,934.932,1,0,0,130.8,15,2140.74,2113.61,1789,1786
1,8,48,ECDSA-SHA3-384_signed-by_RSA-SHA3-256,ECDSA-SHA3-384_signed-by_RSA-SHA3-256,9.488,3857.13,1369.17,0.3,0,0,130.8,16,2186.37,2164.01,1789,1786
1,2,45,ECDSA-SHA3-384_signed-by_RSA-SHA3-256,ECDSA-SHA3-384_signed-by_RSA-SHA3-256,11.758,3112.74,1326.74,0.266667,6,0.4,101.467,24,2132.05,2101.43,1789,1786
1,3,48,ECDSA-SHA3-384_signed-by_RSA-SHA3-256,ECDSA-SHA3-384_signed-by_RSA-SHA3-256,10.884,3361.21,1217.18,0.545455,0,0,122.364,24,2147.59,2132.72,1788,1785
1,6,51,ECDSA-SHA3-384_signed-by_RSA-SHA3-256,ECDSA-SHA3-384_signed-by_RSA-SHA3-256,13.153,2781.96,1007.2,0.636364,0,0,118,9,2172.53,2109.64,1788,1786
1,7,48,ECDSA-SHA3-384_signed-by_RSA-SHA3-256,ECDSA-SHA3-384_signed-by_RSA-SHA3-256,10.446,3502.91,1243.71,1,0,0,130.8,16,2160.53,2159.06,1789,1785
1,8,49,ECDSA-SHA3-384_signed-by_RSA-SHA3-256,ECDSA-SHA3-384_signed-by_RSA-SHA3-256,8.84,4139.86,1764.53,0.6,7,0.466667,111.067,16,2140.97,2125.27,1789,1786
1,5,50,ECDSA-SHA3-384_signed-by_RSA-SHA3-256,ECDSA-SHA3-384_signed-by_RSA-SHA3-256,15.256,2398.95,1474.5,0.611111,14,0.777778,118.889,15,2146.8,2104.9,1789,1786
1,2,46,ECDSA-SHA3-384_signed-by_RSA-SHA3-256,ECDSA-SHA3-384_signed-by_RSA-SHA3-256,11.899,3075.84,1113.35,1,0,0,128.182,24,2165.24,2133.8,1789,1786
1,6,52,ECDSA-SHA3-384_signed-by_RSA-SHA3-256,ECDSA-SHA3-384_signed-by_RSA-SHA3-256,11.107,3294.47,1169.7,1,0,0,130.8,9,2181.39,2116.73,1788,1786
1,3,49,ECDSA-SHA3-384_signed-by_RSA-SHA3-256,ECDSA-SHA3-384_signed-by_RSA-SHA3-256,12.47,2933.72,1419.06,1,14,0.777778,105.556,24,2118.46,2099.63,1788,1785
1,7,49,ECDSA-SHA3-384_signed-by_RSA-SHA3-256,ECDSA-SHA3-384_signed-by_RSA-SHA3-256,12.638,2895.31,1084.95,1,1,0.0909091,123.818,16,2149.71,2128.14,1789,1785
1,1,45,ECDSA-SHA3-384_signed-by_RSA-SHA3-256,ECDSA-SHA3-384_signed-by_RSA-SHA3-256,35.691,1025.67,449.629,1,4,0.235294,163.882,24,2163.73,2127.53,1790,1786
1,8,50,ECDSA-SHA3-384_signed-by_RSA-SHA3-256,ECDSA-SHA3-384_signed-by_RSA-SHA3-256,12.632,2897.31,1214.65,1,7,0.5,112.857,16,2170.24,2111.12,1789,1786
1,5,51,ECDSA-SHA3-384_signed-by_RSA-SHA3-256,ECDSA-SHA3-384_signed-by_RSA-SHA3-256,13.549,2701.21,977.748,1,0,0,122.364,15,2166.24,2145.22,1789,1786
1,6,53,ECDSA-SHA3-384_signed-by_RSA-SHA3-256,ECDSA-SHA3-384_signed-by_RSA-SHA3-256,14.54,2516.54,1320.44,1,11,0.785714,144.857,9,2157.25,2159.33,1788,1786
1,2,47,ECDSA-SHA3-384_signed-by_RSA-SHA3-256,ECDSA-SHA3-384_signed-by_RSA-SHA3-256,17.668,2071.43,1434.38,1,23,1.27778,160.667,24,2130.88,2184.15,1789,1786
1,3,50,ECDSA-SHA3-384_signed-by_RSA-SHA3-256,ECDSA-SHA3-384_signed-by_RSA-SHA3-256,16.642,2198.18,1138.27,1,11,0.846154,165.692,24,2150.39,2120.98,1788,1785
1,7,50,ECDSA-SHA3-384_signed-by_RSA-SHA3-256,ECDSA-SHA3-384_signed-by_RSA-SHA3-256,13.135,2785.76,989.086,0.9,0,0,130.8,16,2187.35,2134.84,1789,1785
1,8,51,ECDSA-SHA3-384_signed-by_RSA-SHA3-256,ECDSA-SHA3-384_signed-by_RSA-SHA3-256,13.167,2779.6,986.681,1,0,0,130.8,16,2171.75,2300.28,1789,1786
1,1,46,ECDSA-SHA3-384_signed-by_RSA-SHA3-256,ECDSA-SHA3-384_signed-by_RSA-SHA3-256,14.442,2534.74,1338.27,1,19,1.26667,137.733,24,2155.24,2218.11,1790,1786
1,5,52,ECDSA-SHA3-384_signed-by_RSA-SHA3-256,ECDSA-SHA3-384_signed-by_RSA-SHA3-256,12.291,2977.73,1057.01,1,0,0,130.8,15,2148.8,2184.33,1789,1786
1,6,54,ECDSA-SHA3-384_signed-by_RSA-SHA3-256,ECDSA-SHA3-384_signed-by_RSA-SHA3-256,12.168,3007.16,1130.81,1,0,0,109.385,9,2149.46,2156.66,1788,1786
1,2,48,ECDSA-SHA3-384_signed-by_RSA-SHA3-256,ECDSA-SHA3-384_signed-by_RSA-SHA3-256,13.743,2663.08,1291.08,1,7,0.5,121.429,24,2157.87,2106.75,1789,1786
1,8,52,ECDSA-SHA3-384_signed-by_RSA-SHA3-256,ECDSA-SHA3-384_signed-by_RSA-SHA3-256,11.63,3146.97,1117.09,1,0,0,130.8,16,2126.43,2119.17,1789,1786
1,7,51,ECDSA-SHA3-384_signed-by_RSA-SHA3-256,ECDSA-SHA3-384_signed-by_RSA-SHA3-256,15.189,2409.02,1247.17,1,11,0.846154,153.077,16,2151.18,2150.08,1789,1785
1,5,53,ECDSA-SHA3-384_signed-by_RSA-SHA3-256,ECDSA-SHA3-384_signed-by_RSA-SHA3-256,10.421,3512.11,1496.96,1,11,0.733333,107.867,15,2135.86,2114.59,1789,1786
1,3,51,ECDSA-SHA3-384_signed-by_RSA-SHA3-256,ECDSA-SHA3-384_signed-by_RSA-SHA3-256,22.463,1628.61,1362.58,1,30,1.25,141.833,24,2165.29,2121.68,1788,1785
1,1,47,ECDSA-SHA3-384_signed-by_RSA-SHA3-256,ECDSA-SHA3-384_signed-by_RSA-SHA3-256,21.278,1720.44,1558.02,1,33,1.13793,184.345,24,2143.55,2140.17,1790,1786
1,6,55,ECDSA-SHA3-384_signed-by_RSA-SHA3-256,ECDSA-SHA3-384_signed-by_RSA-SHA3-256,17.33,2111.39,1154.02,1,13,0.8125,132.25,9,2148.41,2125.67,1788,1786
1,8,53,ECDSA-SHA3-384_signed-by_RSA-SHA3-256,ECDSA-SHA3-384_signed-by_RSA-SHA3-256,12.342,2965.44,1052.65,1,0,0,130.8,16,2152.85,2141.38,1789,1786
1,2,49,ECDSA-SHA3-384_signed-by_RSA-SHA3-256,ECDSA-SHA3-384_signed-by_RSA-SHA3-256,16.246,2252.78,1033.08,1,11,1.1,175.6,24,2156.87,2126.28,1789,1786
1,7,52,ECDSA-SHA3-384_signed-by_RSA-SHA3-256,ECDSA-SHA3-384_signed-by_RSA-SHA3-256,13.88,2636.24,1364.81,1,15,1.15385,153.077,16,2163.3,2104.01,1789,1785
1,3,52,ECDSA-SHA3-384_signed-by_RSA-SHA3-256,ECDSA-SHA3-384_signed-by_RSA-SHA3-256,13.002,2813.69,999.219,1,0,0,140.8,24,2155.49,2119.22,1788,1785
1,1,48,ECDSA-SHA3-384_signed-by_RSA-SHA3-256,ECDSA-SHA3-384_signed-by_RSA-SHA3-256,11.802,3101.84,1100.83,1,4,0.4,130.8,24,2172.56,2111.6,1790,1786
1,5,54,ECDSA-SHA3-384_signed-by_RSA-SHA3-256,ECDSA-SHA3-384_signed-by_RSA-SHA3-256,22.046,1660.16,733.735,1,12,0.666667,156.889,15,2163.85,2116.97,1789,1786
1,2,50,ECDSA-SHA3-384_signed-by_RSA-SHA3-256,ECDSA-SHA3-384_signed-by_RSA-SHA3-256,11.004,3325.78,1590.56,0.411765,7,0.411765,160.353,24,2159.09,2108.81,1789,1786
1,6,56,ECDSA-SHA3-384_signed-by_RSA-SHA3-256,ECDSA-SHA3-384_signed-by_RSA-SHA3-256,13.599,2690.76,1393.03,1,11,0.846154,153.077,9,2144.03,2126.59,1788,1786
1,8,54,ECDSA-SHA3-384_signed-by_RSA-SHA3-256,ECDSA-SHA3-384_signed-by_RSA-SHA3-256,13.352,2741.14,973.028,0.7,0,0,130.8,16,2146.53,2116.25,1789,1786
1,7,53,ECDSA-SHA3-384_signed-by_RSA-SHA3-256,ECDSA-SHA3-384_signed-by_RSA-SHA3-256,12.292,2976.88,1248.28,1,3,0.214286,188.286,16,2146.75,2116.91,1789,1785
1,3,53,ECDSA-SHA3-384_signed-by_RSA-SHA3-256,ECDSA-SHA3-384_signed-by_RSA-SHA3-256,12.083,3027.68,1075.21,1,0,0,140.8,24,2186.36,2129.25,1788,1785
1,5,55,ECDSA-SHA3-384_signed-by_RSA-SHA3-256,ECDSA-SHA3-384_signed-by_RSA-SHA3-256,10.639,3440.17,1424.19,1,0,0,188.769,15,2146.47,2130.1,1789,1786
1,6,57,ECDSA-SHA3-384_signed-by_RSA-SHA3-256,ECDSA-SHA3-384_signed-by_RSA-SHA3-256,11.734,3118.39,1307.62,1,11,0.785714,112.857,9,2219.17,2137.13,1788,1786
1,7,54,ECDSA-SHA3-384_signed-by_RSA-SHA3-256,ECDSA-SHA3-384_signed-by_RSA-SHA3-256,10.564,3463.8,1229.82,1,0,0,130.8,16,2139.7,2144.06,1789,1785
1,8,55,ECDSA-SHA3-384_signed-by_RSA-SHA3-256,ECDSA-SHA3-384_signed-by_RSA-SHA3-256,12.304,2974.57,1114.41,1,1,0.0909091,123.818,16,2169.23,2117.53,1789,1786
1,1,49,ECDSA-SHA3-384_signed-by_RSA-SHA3-256,ECDSA-SHA3-384_signed-by_RSA-SHA3-256,20.775,1762.11,1181.42,1,27,1.08,187.6,24,2166.49,2124.56,1790,1786
1,3,54,ECDSA-SHA3-384_signed-by_RSA-SHA3-256,ECDSA-SHA3-384_signed-by_RSA-SHA3-256,11.039,3314.02,1176.9,1,0,0,140.8,24,2151.76,2116.36,1788,1785
1,2,51,ECDSA-SHA3-384_signed-by_RSA-SHA3-256,ECDSA-SHA3-384_signed-by_RSA-SHA3-256,20.015,1828.63,1048.81,1,16,0.727273,96.5455,24,2157.09,2123.53,1789,1786
1,5,56,ECDSA-SHA3-384_signed-by_RSA-SHA3-256,ECDSA-SHA3-384_signed-by_RSA-SHA3-256,15.405,2375.75,1229.68,1,11,0.846154,153.077,15,2155.04,2131.27,1789,1786
1,6,58,ECDSA-SHA3-384_signed-by_RSA-SHA3-256,ECDSA-SHA3-384_signed-by_RSA-SHA3-256,15.396,2376.62,1025.68,1,4,0.25,171.75,9,2161.11,2142.33,1788,1786
1,8,56,ECDSA-SHA3-384_signed-by_RSA-SHA3-256,ECDSA-SHA3-384_signed-by_RSA-SHA3-256,16.559,2210.17,1086.97,1,7,0.466667,120.133,16,2150.29,2116.35,1789,1786
1,1,50,ECDSA-SHA3-384_signed-by_RSA-SHA3-256,ECDSA-SHA3-384_signed-by_RSA-SHA3-256,12.139,3015.66,1263.99,1,3,0.214286,178,24,2158.44,2111.7,1790,1786
1,7,55,ECDSA-SHA3-384_signed-by_RSA-SHA3-256,ECDSA-SHA3-384_signed-by_RSA-SHA3-256,18.437,1984.61,821.785,1,3,0.230769,113.077,16,2148.98,2143.74,1789,1785
1,3,55,ECDSA-SHA3-384_signed-by_RSA-SHA3-256,ECDSA-SHA3-384_signed-by_RSA-SHA3-256,14.176,2580.61,1336.3,1,11,0.846154,165.692,24,2140.26,2109.73,1788,1785
1,5,57,ECDSA-SHA3-384_signed-by_RSA-SHA3-256,ECDSA-SHA3-384_signed-by_RSA-SHA3-256,13.111,2791.49,990.902,1,0,0,130.8,15,2116.14,2127.34,1789,1786
1,2,52,ECDSA-SHA3-384_signed-by_RSA-SHA3-256,ECDSA-SHA3-384_signed-by_RSA-SHA3-256,18.681,1959.12,1342.9,1,27,1.58824,163.176,24,2161.88,2117.2,1789,1786
1,6,59,ECDSA-SHA3-384_signed-by_RSA-SHA3-256,ECDSA-SHA3-384_signed-by_RSA-SHA3-256,13.135,2785.8,1047.57,1,0,0,109.385,9,2149.99,2136.93,1788,1786
1,1,51,ECDSA-SHA3-384_signed-by_RSA-SHA3-256,ECDSA-SHA3-384_signed-by_RSA-SHA3-256,13.201,2773.07,984.149,1,0,0,130.8,24,2164.47,2140.82,1790,1786
1,7,56,ECDSA-SHA3-384_signed-by_RSA-SHA3-256,ECDSA-SHA3-384_signed-by_RSA-SHA3-256,14.031,2607.87,925.926,1,0,0,130.8,16,2160.05,2120.54,1789,1785
1,3,56,ECDSA-SHA3-384_signed-by_RSA-SHA3-256,ECDSA-SHA3-384_signed-by_RSA-SHA3-256,12.85,2846.96,1380.83,1,7,0.5,130.286,24,2158.28,2097.21,1788,1785
1,8,57,ECDSA-SHA3-384_signed-by_RSA-SHA3-256,ECDSA-SHA3-384_signed-by_RSA-SHA3-256,16.808,2177.47,1496.38,1,22,1.29412,167.882,16,2149.42,2121.67,1789,1786
1,5,58,ECDSA-SHA3-384_signed-by_RSA-SHA3-256,ECDSA-SHA3-384_signed-by_RSA-SHA3-256,11.941,3065.04,1783.42,1,18,1.05882,133.059,15,2155.95,2129.36,1789,1786
1,6,60,ECDSA-SHA3-384_signed-by_RSA-SHA3-256,ECDSA-SHA3-384_signed-by_RSA-SHA3-256,11,3326.53,1204.36,1,0,0,122.364,9,2152.11,2128.95,1788,1786
1,2,53,ECDSA-SHA3-384_signed-by_RSA-SHA3-256,ECDSA-SHA3-384_signed-by_RSA-SHA3-256,17.623,2076.74,1161.16,1,10,0.5,147.8,24,2174.16,2145.49,1789,1786
1,8,58,ECDSA-SHA3-384_signed-by_RSA-SHA3-256,ECDSA-SHA3-384_signed-by_RSA-SHA3-256,11.689,3131.08,1164.83,1,0,0,109.077,16,2145.26,2146.19,1789,1786
1,3,57,ECDSA-SHA3-384_signed-by_RSA-SHA3-256,ECDSA-SHA3-384_signed-by_RSA-SHA3-256,14.925,2451.09,870.45,1,0,0,140.8,24,2183.23,2112.59,1788,1785
1,7,57,ECDSA-SHA3-384_signed-by_RSA-SHA3-256,ECDSA-SHA3-384_signed-by_RSA-SHA3-256,16.191,2259.92,1783.63,0.88,24,0.96,110.32,16,2141.76,2120.43,1789,1785
1,1,52,ECDSA-SHA3-384_signed-by_RSA-SHA3-256,ECDSA-SHA3-384_signed-by_RSA-SHA3-256,19.902,1839.41,1213.14,1,19,1,129.368,24,2156.22,2099.17,1790,1786
1,5,59,ECDSA-SHA3-384_signed-by_RSA-SHA3-256,ECDSA-SHA3-384_signed-by_RSA-SHA3-256,15.118,2420.85,1173.65,1,7,0.5,126,15,2154.25,2129.15,1789,1786
1,6,61,ECDSA-SHA3-384_signed-by_RSA-SHA3-256,ECDSA-SHA3-384_signed-by_RSA-SHA3-256,14.584,2508.95,908.357,0.818182,0,0,122.364,9,2147.8,2133.02,1788,1786
1,2,54,ECDSA-SHA3-384_signed-by_RSA-SHA3-256,ECDSA-SHA3-384_signed-by_RSA-SHA3-256,12.406,2950.1,1047.2,0.8,0,0,130.8,24,2166.62,2114.3,1789,1786
1,3,58,ECDSA-SHA3-384_signed-by_RSA-SHA3-256,ECDSA-SHA3-384_signed-by_RSA-SHA3-256,8.849,4133.84,1468.04,0.5,0,0,140.8,24,2116.51,2134.63,1788,1785
1,8,59,ECDSA-SHA3-384_signed-by_RSA-SHA3-256,ECDSA-SHA3-384_signed-by_RSA-SHA3-256,13.859,2640.81,955.888,0.909091,0,0,122.364,16,2169.53,2115.08,1789,1786
1,7,58,ECDSA-SHA3-384_signed-by_RSA-SHA3-256,ECDSA-SHA3-384_signed-by_RSA-SHA3-256,11.597,3155.28,1120.28,1,0,0,130.8,16,2149.39,2142.76,1789,1785
1,1,53,ECDSA-SHA3-384_signed-by_RSA-SHA3-256,ECDSA-SHA3-384_signed-by_RSA-SHA3-256,14.02,2611.07,926.656,1,0,0,130.8,24,2166.43,2126.49,1790,1786
1,6,62,ECDSA-SHA3-384_signed-by_RSA-SHA3-256,ECDSA-SHA3-384_signed-by_RSA-SHA3-256,12.838,2850.24,1031.92,0.909091,0,0,122.364,9,2120.74,2130.05,1788,1786
1,5,60,ECDSA-SHA3-384_signed-by_RSA-SHA3-256,ECDSA-SHA3-384_signed-by_RSA-SHA3-256,15.532,2356.36,1219.64,1,11,0.846154,155.846,15,2148.62,2121.84,1789,1786
1,3,59,ECDSA-SHA3-384_signed-by_RSA-SHA3-256,ECDSA-SHA3-384_signed-by_RSA-SHA3-256,12.688,2883.35,1493.06,0.615385,11,0.846154,165.692,24,2126.62,2142.46,1788,1785
1,2,55,ECDSA-SHA3-384_signed-by_RSA-SHA3-256,ECDSA-SHA3-384_signed-by_RSA-SHA3-256,14.831,2467.77,888.935,0.727273,7,0.636364,122.364,24,2183.26,2133.22,1789,1786
1,8,60,ECDSA-SHA3-384_signed-by_RSA-SHA3-256,ECDSA-SHA3-384_signed-by_RSA-SHA3-256,11.889,3078.47,1092.77,0.3,0,0,130.8,16,2161.43,2134.52,1789,1786
1,7,59,ECDSA-SHA3-384_signed-by_RSA-SHA3-256,ECDSA-SHA3-384_signed-by_RSA-SHA3-256,12.718,2877.17,1021.54,0.8,0,0,181.2,16,2144.49,2113.02,1789,1785
1,1,54,ECDSA-SHA3-384_signed-by_RSA-SHA3-256,ECDSA-SHA3-384_signed-by_RSA-SHA3-256,12.344,2965.63,1073.23,1,0,0,122.364,24,2158.57,2124.09,1790,1786
1,6,63,ECDSA-SHA3-384_signed-by_RSA-SHA3-256,ECDSA-SHA3-384_signed-by_RSA-SHA3-256,12.017,3044.77,1081.05,1,0,0,130.8,9,2154.51,2133.46,1788,1786
1,5,61,ECDSA-SHA3-384_signed-by_RSA-SHA3-256,ECDSA-SHA3-384_signed-by_RSA-SHA3-256,11.416,3205.75,1137.95,0.8,0,0,140.8,15,2145.3,2149.16,1789,1786
1,3,60,ECDSA-SHA3-384_signed-by_RSA-SHA3-256,ECDSA-SHA3-384_signed-by_RSA-SHA3-256,15.159,2413.32,873.926,1,0,0,131.455,24,2162.71,2125.7,1788,1785
1,7,60,ECDSA-SHA3-384_signed-by_RSA-SHA3-256,ECDSA-SHA3-384_signed-by_RSA-SHA3-256,13.719,2667.24,947.004,1,0,0,130.8,16,2149.33,2129.28,1789,1785
1,8,61,ECDSA-SHA3-384_signed-by_RSA-SHA3-256,ECDSA-SHA3-384_signed-by_RSA-SHA3-256,15.702,2330.88,1509.09,1,18,1.05882,140.118,16,2148.23,2088.16,1789,1786
1,2,56,ECDSA-SHA3-384_signed-by_RSA-SHA3-256,ECDSA-SHA3-384_signed-by_RSA-SHA3-256,17.391,2104.49,1155.52,1,14,0.777778,160.222,24,2161.09,2142.29,1789,1786
1,1,55,ECDSA-SHA3-384_signed-by_RSA-SHA3-256,ECDSA-SHA3-384_signed-by_RSA-SHA3-256,13.065,2801.78,1013.93,1,0,0,122.364,24,2161.49,2133.94,1790,1786
1,6,64,ECDSA-SHA3-384_signed-by_RSA-SHA3-256,ECDSA-SHA3-384_signed-by_RSA-SHA3-256,14.67,2494.31,885.607,1,0,0,174,9,2161.93,2133.23,1788,1786
1,5,62,ECDSA-SHA3-384_signed-by_RSA-SHA3-256,ECDSA-SHA3-384_signed-by_RSA-SHA3-256,19.666,1861.01,999.048,1,12,0.75,141.75,15,2150.43,2136.68,1789,1786
1,7,61,ECDSA-SHA3-384_signed-by_RSA-SHA3-256,ECDSA-SHA3-384_signed-by_RSA-SHA3-256,13.137,2785.34,1003.55,1,7,0.636364,122.364,16,2139.62,2139.62,1789,1785
1,2,57,ECDSA-SHA3-384_signed-by_RSA-SHA3-256,ECDSA-SHA3-384_signed-by_RSA-SHA3-256,13.008,2813.58,1184.47,1,0,0,178,24,2171.84,2110.98,1789,1786
1,3,61,ECDSA-SHA3-384_signed-by_RSA-SHA3-256,ECDSA-SHA3-384_signed-by_RSA-SHA3-256,16.967,2156.1,1325.82,1,14,0.777778,123.111,24,2133.25,2092.19,1788,1785
1,1,56,ECDSA-SHA3-384_signed-by_RSA-SHA3-256,ECDSA-SHA3-384_signed-by_RSA-SHA3-256,13.066,2801.7,994.31,1,0,0,130.8,24,2160.09,2161.84,1790,1786
1,6,65,ECDSA-SHA3-384_signed-by_RSA-SHA3-256,ECDSA-SHA3-384_signed-by_RSA-SHA3-256,11.293,3240.19,1214.19,0.909091,1,0.0909091,123.818,9,2161.56,2124.46,1788,1786
1,5,63,ECDSA-SHA3-384_signed-by_RSA-SHA3-256,ECDSA-SHA3-384_signed-by_RSA-SHA3-256,8.272,4424.14,1570.45,0.5,0,0,140.8,15,2166.73,2120.5,1789,1786
1,7,62,ECDSA-SHA3-384_signed-by_RSA-SHA3-256,ECDSA-SHA3-384_signed-by_RSA-SHA3-256,9.394,3894.87,1863.13,0.294118,7,0.411765,160.353,16,2134.9,2128.1,1789,1785
1,2,58,ECDSA-SHA3-384_signed-by_RSA-SHA3-256,ECDSA-SHA3-384_signed-by_RSA-SHA3-256,10.726,3412.25,1211.25,1,0,0,130.8,24,2149.4,2288.08,1789,1786
1,3,62,ECDSA-SHA3-384_signed-by_RSA-SHA3-256,ECDSA-SHA3-384_signed-by_RSA-SHA3-256,10.565,3462.73,1229.71,1,0,0,140.8,24,2120.93,2114.21,1788,1785
1,1,57,ECDSA-SHA3-384_signed-by_RSA-SHA3-256,ECDSA-SHA3-384_signed-by_RSA-SHA3-256,11.964,3059.77,1085.9,1,0,0,130.8,24,2161.7,2150.04,1790,1786
1,6,66,ECDSA-SHA3-384_signed-by_RSA-SHA3-256,ECDSA-SHA3-384_signed-by_RSA-SHA3-256,11.667,3136.29,1113.54,1,0,0,130.8,9,2141.17,2138.69,1788,1786
1,8,62,ECDSA-SHA3-384_signed-by_RSA-SHA3-256,ECDSA-SHA3-384_signed-by_RSA-SHA3-256,30.425,1202.95,1372.02,1,38,1.40741,140.815,16,2122.71,2102.02,1789,1786
1,5,64,ECDSA-SHA3-384_signed-by_RSA-SHA3-256,ECDSA-SHA3-384_signed-by_RSA-SHA3-256,12.046,3038.28,1136.95,1,7,0.538462,117.077,15,2167.77,2137.5,1789,1786
1,7,63,ECDSA-SHA3-384_signed-by_RSA-SHA3-256,ECDSA-SHA3-384_signed-by_RSA-SHA3-256,15.487,2362.67,1607.48,1,22,1.375,190.5,17,2138.64,2138.58,1789,1785
1,2,59,ECDSA-SHA3-384_signed-by_RSA-SHA3-256,ECDSA-SHA3-384_signed-by_RSA-SHA3-256,14.464,2530.36,1327.4,0.785714,11,0.785714,145.714,24,2163.29,2128.34,1789,1786
1,3,63,ECDSA-SHA3-384_signed-by_RSA-SHA3-256,ECDSA-SHA3-384_signed-by_RSA-SHA3-256,15.596,2345.65,983.81,1,7,0.5,120.857,24,2142.31,2121.98,1788,1785
1,6,67,ECDSA-SHA3-384_signed-by_RSA-SHA3-256,ECDSA-SHA3-384_signed-by_RSA-SHA3-256,12.696,2882.15,1223.68,0.8,11,0.733333,107.867,9,2162.03,2103.6,1788,1786
1,1,58,ECDSA-SHA3-384_signed-by_RSA-SHA3-256,ECDSA-SHA3-384_signed-by_RSA-SHA3-256,14.315,2557.28,907.567,1,4,0.4,130.8,24,2148.07,2104.08,1790,1786
1,5,65,ECDSA-SHA3-384_signed-by_RSA-SHA3-256,ECDSA-SHA3-384_signed-by_RSA-SHA3-256,11.351,3224.13,1334.75,0.692308,0,0,205.385,15,2156.63,2114.32,1789,1786
1,8,63,ECDSA-SHA3-384_signed-by_RSA-SHA3-256,ECDSA-SHA3-384_signed-by_RSA-SHA3-256,15.841,2310.41,852.454,1,0,0,185.333,16,2432.21,2110.37,1789,1786
1,7,64,ECDSA-SHA3-384_signed-by_RSA-SHA3-256,ECDSA-SHA3-384_signed-by_RSA-SHA3-256,14.212,2574.66,914.133,1,0,0,130.8,17,2156.73,2136.22,1789,1785
1,2,60,ECDSA-SHA3-384_signed-by_RSA-SHA3-256,ECDSA-SHA3-384_signed-by_RSA-SHA3-256,13.561,2698.84,976.891,1,0,0,122.364,24,2159.86,2109.84,1789,1786
1,6,68,ECDSA-SHA3-384_signed-by_RSA-SHA3-256,ECDSA-SHA3-384_signed-by_RSA-SHA3-256,12.046,3037.64,1257.82,1,3,0.230769,202.615,9,2178.1,2115.04,1788,1786
1,3,64,ECDSA-SHA3-384_signed-by_RSA-SHA3-256,ECDSA-SHA3-384_signed-by_RSA-SHA3-256,14.274,2562.92,928.098,1,4,0.363636,169.636,24,2156.84,2103.09,1788,1785
1,5,66,ECDSA-SHA3-384_signed-by_RSA-SHA3-256,ECDSA-SHA3-384_signed-by_RSA-SHA3-256,12.668,2889.11,1049.55,1,7,0.583333,123.333,15,2143.37,2104.11,1789,1786
1,1,59,ECDSA-SHA3-384_signed-by_RSA-SHA3-256,ECDSA-SHA3-384_signed-by_RSA-SHA3-256,15.79,2318.35,1634.4,1,27,1.125,198.833,24,2150.04,2108.87,1790,1786
1,8,64,ECDSA-SHA3-384_signed-by_RSA-SHA3-256,ECDSA-SHA3-384_signed-by_RSA-SHA3-256,19.654,1862.13,973.6,1,12,0.857143,144.857,16,2136.29,2139.76,1789,1786
1,2,61,ECDSA-SHA3-384_signed-by_RSA-SHA3-256,ECDSA-SHA3-384_signed-by_RSA-SHA3-256,15.196,2408.48,854.944,1,0,0,130.8,24,2140.78,2105.05,1789,1786
1,7,65,ECDSA-SHA3-384_signed-by_RSA-SHA3-256,ECDSA-SHA3-384_signed-by_RSA-SHA3-256,16.996,2152.92,779.457,1,0,0,122.364,17,2127.69,2115.61,1789,1785
1,4,0,ECDSA-SHA3-384_signed-by_RSA-SHA3-256,ECDSA-SHA3-384_signed-by_RSA-SHA3-256,1024.61,35.721,11.1809,1,7,0.368421,143.474,24,2157.29,2174.02,1789,1786
1,6,69,ECDSA-SHA3-384_signed-by_RSA-SHA3-256,ECDSA-SHA3-384_signed-by_RSA-SHA3-256,19.184,1907.37,677.212,1,0,0,130.8,9,2143.99,2149.26,1788,1786
1,3,65,ECDSA-SHA3-384_signed-by_RSA-SHA3-256,ECDSA-SHA3-384_signed-by_RSA-SHA3-256,19.553,1870.96,807.627,1,8,0.5,162.75,24,2169.78,2113.1,1788,1785
1,5,67,ECDSA-SHA3-384_signed-by_RSA-SHA3-256,ECDSA-SHA3-384_signed-by_RSA-SHA3-256,20.244,1807.88,1045.61,1,13,0.590909,158.727,15,2120.49,2138.53,1789,1786
1,1,60,ECDSA-SHA3-384_signed-by_RSA-SHA3-256,ECDSA-SHA3-384_signed-by_RSA-SHA3-256,19.459,1881.23,667.641,1,0,0,132,24,2168.09,2119.23,1790,1786
1,8,65,ECDSA-SHA3-384_signed-by_RSA-SHA3-256,ECDSA-SHA3-384_signed-by_RSA-SHA3-256,19.073,1918.88,681.149,1,0,0,130.8,16,2142.69,2132.62,1789,1786
1,7,66,ECDSA-SHA3-384_signed-by_RSA-SHA3-256,ECDSA-SHA3-384_signed-by_RSA-SHA3-256,17.192,2128.36,1101.87,1,11,0.846154,153.077,17,2159.8,2135.1,1789,1785
1,6,70,ECDSA-SHA3-384_signed-by_RSA-SHA3-256,ECDSA-SHA3-384_signed-by_RSA-SHA3-256,14.069,2600.83,923.425,0.4,0,0,132,9,2161.65,2145.26,1788,1786
1,2,62,ECDSA-SHA3-384_signed-by_RSA-SHA3-256,ECDSA-SHA3-384_signed-by_RSA-SHA3-256,20.036,1826.64,945.463,1,11,0.846154,153.077,24,2157.75,2120.65,1789,1786
1,5,68,ECDSA-SHA3-384_signed-by_RSA-SHA3-256,ECDSA-SHA3-384_signed-by_RSA-SHA3-256,12.725,2876.17,1041.08,0.818182,0,0,131.455,15,2146.72,2128.1,1789,1786
1,4,1,ECDSA-SHA3-384_signed-by_RSA-SHA3-256,ECDSA-SHA3-384_signed-by_RSA-SHA3-256,18.011,2032.01,1326.25,1,19,1.05556,157.778,24,2163.23,2146.32,1789,1786
1,3,66,ECDSA-SHA3-384_signed-by_RSA-SHA3-256,ECDSA-SHA3-384_signed-by_RSA-SHA3-256,15.58,2348.06,984.821,0.642857,3,0.214286,193.429,24,2168.58,2105.48,1788,1785
1,1,61,ECDSA-SHA3-384_signed-by_RSA-SHA3-256,ECDSA-SHA3-384_signed-by_RSA-SHA3-256,14.32,2556.33,907.23,1,0,0,130.8,24,2164.07,2106.48,1790,1786
1,7,67,ECDSA-SHA3-384_signed-by_RSA-SHA3-256,ECDSA-SHA3-384_signed-by_RSA-SHA3-256,13.874,2637.4,1306.59,1,15,0.9375,171,17,2110.21,2109.37,1789,1785
1,6,71,ECDSA-SHA3-384_signed-by_RSA-SHA3-256,ECDSA-SHA3-384_signed-by_RSA-SHA3-256,15.622,2342.26,1275.08,1,12,0.8,160.4,9,2161.13,2125.56,1788,1786
1,2,63,ECDSA-SHA3-384_signed-by_RSA-SHA3-256,ECDSA-SHA3-384_signed-by_RSA-SHA3-256,15.366,2381.8,845.474,1,0,0,130.8,24,2155.5,2131.21,1789,1786
1,3,67,ECDSA-SHA3-384_signed-by_RSA-SHA3-256,ECDSA-SHA3-384_signed-by_RSA-SHA3-256,15.77,2319.76,1229.63,1,18,1.2,148.667,24,2155.67,2140.4,1788,1785
1,8,66,ECDSA-SHA3-384_signed-by_RSA-SHA3-256,ECDSA-SHA3-384_signed-by_RSA-SHA3-256,24.041,1522.38,1074.81,1,30,1.66667,161.556,16,2152.73,2121.88,1789,1786
1,1,62,ECDSA-SHA3-384_signed-by_RSA-SHA3-256,ECDSA-SHA3-384_signed-by_RSA-SHA3-256,17.621,2077.43,1021.47,1,11,0.733333,115.867,24,2135.21,2128.42,1790,1786
1,5,69,ECDSA-SHA3-384_signed-by_RSA-SHA3-256,ECDSA-SHA3-384_signed-by_RSA-SHA3-256,28.22,1296.95,855.562,1,19,1,139.263,15,2158.12,2146.75,1789,1786
1,6,72,ECDSA-SHA3-384_signed-by_RSA-SHA3-256,ECDSA-SHA3-384_signed-by_RSA-SHA3-256,15.522,2357.31,853.454,1,0,0,122.364,10,2120.26,2127.7,1788,1786
1,7,68,ECDSA-SHA3-384_signed-by_RSA-SHA3-256,ECDSA-SHA3-384_signed-by_RSA-SHA3-256,19.042,1921.62,1221.71,1,17,0.894737,359.053,17,2137.27,2114.2,1789,1785
1,4,2,ECDSA-SHA3-384_signed-by_RSA-SHA3-256,ECDSA-SHA3-384_signed-by_RSA-SHA3-256,29.978,1220.89,843.279,1,30,1.66667,246.222,24,2135.95,2097.31,1789,1786
1,2,64,ECDSA-SHA3-384_signed-by_RSA-SHA3-256,ECDSA-SHA3-384_signed-by_RSA-SHA3-256,16.996,2153.33,1114.55,1,11,0.846154,153.077,24,2171.43,2099.86,1789,1786
1,8,67,ECDSA-SHA3-384_signed-by_RSA-SHA3-256,ECDSA-SHA3-384_signed-by_RSA-SHA3-256,12.423,2946.05,1219.63,0.923077,0,0,188.769,16,2161.53,2123.12,1789,1786
1,1,63,ECDSA-SHA3-384_signed-by_RSA-SHA3-256,ECDSA-SHA3-384_signed-by_RSA-SHA3-256,13.618,2688.1,1126.7,0.857143,3,0.214286,178,24,2165.43,2132.6,1790,1786
1,3,68,ECDSA-SHA3-384_signed-by_RSA-SHA3-256,ECDSA-SHA3-384_signed-by_RSA-SHA3-256,20.382,1794.9,1153.95,1,17,0.85,226.8,24,2152.01,2135.43,1788,1785
1,5,70,ECDSA-SHA3-384_signed-by_RSA-SHA3-256,ECDSA-SHA3-384_signed-by_RSA-SHA3-256,14.19,2579.21,915.549,1,0,0,140.8,15,2133.13,2132.86,1789,1786
1,6,73,ECDSA-SHA3-384_signed-by_RSA-SHA3-256,ECDSA-SHA3-384_signed-by_RSA-SHA3-256,14.86,2462.37,874.267,1,0,0,130.8,10,2165.66,2118.67,1788,1786
1,7,69,ECDSA-SHA3-384_signed-by_RSA-SHA3-256,ECDSA-SHA3-384_signed-by_RSA-SHA3-256,14.598,2506.57,1051.07,1,7,0.5,112.857,17,2127.47,2117.77,1789,1785
1,2,65,ECDSA-SHA3-384_signed-by_RSA-SHA3-256,ECDSA-SHA3-384_signed-by_RSA-SHA3-256,16.023,2284.13,810.803,1,0,0,130.8,24,2157.68,2125.6,1789,1786
1,4,3,ECDSA-SHA3-384_signed-by_RSA-SHA3-256,ECDSA-SHA3-384_signed-by_RSA-SHA3-256,18.013,2031.78,1302.11,0.9,18,0.9,425,24,2165.06,2112.23,1789,1786
1,8,68,ECDSA-SHA3-384_signed-by_RSA-SHA3-256,ECDSA-SHA3-384_signed-by_RSA-SHA3-256,16.746,2185.51,1059.55,0.642857,11,0.785714,121.429,16,2145.8,2110.19,1789,1786
1,1,64,ECDSA-SHA3-384_signed-by_RSA-SHA3-256,ECDSA-SHA3-384_signed-by_RSA-SHA3-256,15.9,2302.31,1115.94,0.642857,7,0.5,121.429,24,2173.83,2113.34,1790,1786
1,3,69,ECDSA-SHA3-384_signed-by_RSA-SHA3-256,ECDSA-SHA3-384_signed-by_RSA-SHA3-256,16.463,2222.11,820.232,1,0,0,123.667,24,2165.09,2138.75,1788,1785
1,5,71,ECDSA-SHA3-384_signed-by_RSA-SHA3-256,ECDSA-SHA3-384_signed-by_RSA-SHA3-256,13.755,2660.77,944.5,1,0,0,130.8,15,2168.79,2111.16,1789,1786
1,7,70,ECDSA-SHA3-384_signed-by_RSA-SHA3-256,ECDSA-SHA3-384_signed-by_RSA-SHA3-256,16.707,2190.12,792.924,1,0,0,122.364,17,2153.25,2156.52,1789,1785
1,2,66,ECDSA-SHA3-384_signed-by_RSA-SHA3-256,ECDSA-SHA3-384_signed-by_RSA-SHA3-256,14.635,2500.78,905.199,0.909091,0,0,122.364,24,2163.22,2126.5,1789,1786
1,4,4,ECDSA-SHA3-384_signed-by_RSA-SHA3-256,ECDSA-SHA3-384_signed-by_RSA-SHA3-256,14.473,2528.76,915.329,0.909091,0,0,143.091,24,2182.32,2135.25,1789,1786
1,8,69,ECDSA-SHA3-384_signed-by_RSA-SHA3-256,ECDSA-SHA3-384_signed-by_RSA-SHA3-256,14.938,2450.03,1027.14,0.714286,7,0.5,180.571,16,2143.14,2114.97,1789,1786
1,6,74,ECDSA-SHA3-384_signed-by_RSA-SHA3-256,ECDSA-SHA3-384_signed-by_RSA-SHA3-256,20.744,1763.97,864.632,1,8,0.533333,115.867,10,2164.55,2156.23,1788,1786
1,1,65,ECDSA-SHA3-384_signed-by_RSA-SHA3-256,ECDSA-SHA3-384_signed-by_RSA-SHA3-256,16.122,2270.59,1100.56,1,7,0.5,121.429,24,2173.79,2105.34,1790,1786
1,3,70,ECDSA-SHA3-384_signed-by_RSA-SHA3-256,ECDSA-SHA3-384_signed-by_RSA-SHA3-256,13.52,2705.85,1308.84,0.666667,14,0.777778,109.111,24,2155.33,2118.94,1788,1785
1,5,72,ECDSA-SHA3-384_signed-by_RSA-SHA3-256,ECDSA-SHA3-384_signed-by_RSA-SHA3-256,15.869,2306.3,834.805,0.818182,0,0,122.364,15,2158.76,2130.39,1789,1786
1,7,71,ECDSA-SHA3-384_signed-by_RSA-SHA3-256,ECDSA-SHA3-384_signed-by_RSA-SHA3-256,13.643,2682.05,952.264,1,0,0,130.8,17,2139.87,2122.97,1789,1785
1,4,5,ECDSA-SHA3-384_signed-by_RSA-SHA3-256,ECDSA-SHA3-384_signed-by_RSA-SHA3-256,14.494,2525.1,1058.61,0.857143,7,0.5,131.714,24,2168.34,2124.12,1789,1786
1,2,67,ECDSA-SHA3-384_signed-by_RSA-SHA3-256,ECDSA-SHA3-384_signed-by_RSA-SHA3-256,17.182,2130.05,771.009,1,0,0,122.364,24,2131.73,2125.73,1789,1786
1,6,75,ECDSA-SHA3-384_signed-by_RSA-SHA3-256,ECDSA-SHA3-384_signed-by_RSA-SHA3-256,15.646,2338.66,830.343,1,0,0,130.8,10,2148.75,2125.74,1788,1786
1,3,71,ECDSA-SHA3-384_signed-by_RSA-SHA3-256,ECDSA-SHA3-384_signed-by_RSA-SHA3-256,13.777,2655.37,956.931,1,5,0.454545,131.455,24,2151.26,2133.33,1788,1785
1,1,66,ECDSA-SHA3-384_signed-by_RSA-SHA3-256,ECDSA-SHA3-384_signed-by_RSA-SHA3-256,20.158,1815.96,892.902,1,7,0.466667,115.867,24,2176.6,2120.55,1790,1786
1,8,70,ECDSA-SHA3-384_signed-by_RSA-SHA3-256,ECDSA-SHA3-384_signed-by_RSA-SHA3-256,22.856,1601.32,679.728,1,4,0.266667,239.333,16,2149.78,2117.96,1789,1786
1,5,73,ECDSA-SHA3-384_signed-by_RSA-SHA3-256,ECDSA-SHA3-384_signed-by_RSA-SHA3-256,17.849,2050.44,1079.22,1,6,0.428571,118,15,2139.63,2145.01,1789,1786
1,6,76,ECDSA-SHA3-384_signed-by_RSA-SHA3-256,ECDSA-SHA3-384_signed-by_RSA-SHA3-256,11.6,3154.4,1569.62,1,14,0.7,97,10,2141,2145.26,1788,1786
1,7,72,ECDSA-SHA3-384_signed-by_RSA-SHA3-256,ECDSA-SHA3-384_signed-by_RSA-SHA3-256,17.621,2076.51,1017.83,1,14,0.933333,115.867,17,2147.09,2133.94,1789,1785
1,2,68,ECDSA-SHA3-384_signed-by_RSA-SHA3-256,ECDSA-SHA3-384_signed-by_RSA-SHA3-256,13.73,2665.6,1292.31,1,7,0.5,121.429,24,2179.24,2110.89,1789,1786
1,4,6,ECDSA-SHA3-384_signed-by_RSA-SHA3-256,ECDSA-SHA3-384_signed-by_RSA-SHA3-256,22.771,1607.29,1093.31,1,22,1.375,267.75,24,2160.43,2122.84,1789,1786
1,1,67,ECDSA-SHA3-384_signed-by_RSA-SHA3-256,ECDSA-SHA3-384_signed-by_RSA-SHA3-256,18.462,1982.78,717.544,1,0,0,209.636,24,2210.83,2121.08,1790,1786
1,5,74,ECDSA-SHA3-384_signed-by_RSA-SHA3-256,ECDSA-SHA3-384_signed-by_RSA-SHA3-256,16.45,2224.84,932.731,1,3,0.214286,317.714,15,2162.03,2141.12,1789,1786
1,8,71,ECDSA-SHA3-384_signed-by_RSA-SHA3-256,ECDSA-SHA3-384_signed-by_RSA-SHA3-256,19.924,1836.97,950.809,1,11,0.846154,153.077,16,2150.16,2120.72,1789,1786
1,7,73,ECDSA-SHA3-384_signed-by_RSA-SHA3-256,ECDSA-SHA3-384_signed-by_RSA-SHA3-256,15.378,2379.43,985.274,0.615385,0,0,188.769,17,2154.71,2120.45,1789,1785
1,2,69,ECDSA-SHA3-384_signed-by_RSA-SHA3-256,ECDSA-SHA3-384_signed-by_RSA-SHA3-256,15.391,2377.94,844.104,1,0,0,130.8,24,2142.94,2132.45,1789,1786
1,6,77,ECDSA-SHA3-384_signed-by_RSA-SHA3-256,ECDSA-SHA3-384_signed-by_RSA-SHA3-256,19.145,1911.24,678.587,1,4,0.4,130.8,10,2176.91,2200.93,1788,1786
1,3,72,ECDSA-SHA3-384_signed-by_RSA-SHA3-256,ECDSA-SHA3-384_signed-by_RSA-SHA3-256,32.093,1139.93,1007.57,1,47,1.56667,289.867,24,2137.89,2118.64,1788,1785
1,8,72,ECDSA-SHA3-384_signed-by_RSA-SHA3-256,ECDSA-SHA3-384_signed-by_RSA-SHA3-256,13.209,2770.74,983.539,1,0,0,130.8,17,2181.22,2127.84,1789,1786
1,4,7,ECDSA-SHA3-384_signed-by_RSA-SHA3-256,ECDSA-SHA3-384_signed-by_RSA-SHA3-256,22.012,1662.71,806.096,1,7,0.5,141.143,24,2158.82,2150.6,1789,1786
1,1,68,ECDSA-SHA3-384_signed-by_RSA-SHA3-256,ECDSA-SHA3-384_signed-by_RSA-SHA3-256,18.165,2015.21,1252.46,1,14,0.736842,113.368,24,2162.05,2199.29,1790,1786
1,5,75,ECDSA-SHA3-384_signed-by_RSA-SHA3-256,ECDSA-SHA3-384_signed-by_RSA-SHA3-256,17.482,2093.49,1083.58,1,11,0.846154,153.077,15,2137.1,2136.32,1789,1786
1,2,70,ECDSA-SHA3-384_signed-by_RSA-SHA3-256,ECDSA-SHA3-384_signed-by_RSA-SHA3-256,16.791,2179.64,788.958,1,0,0,122.364,24,2149.4,2103.76,1789,1786
1,6,78,ECDSA-SHA3-384_signed-by_RSA-SHA3-256,ECDSA-SHA3-384_signed-by_RSA-SHA3-256,14.643,2498.82,1047.82,1,3,0.214286,180.571,10,2141.39,2161.82,1788,1786
1,3,73,ECDSA-SHA3-384_signed-by_RSA-SHA3-256,ECDSA-SHA3-384_signed-by_RSA-SHA3-256,13.81,2648.99,1097.13,1,4,0.307692,354,24,2135.8,2120.98,1788,1785
1,7,74,ECDSA-SHA3-384_signed-by_RSA-SHA3-256,ECDSA-SHA3-384_signed-by_RSA-SHA3-256,19.586,1868.27,1097.11,1,19,1.05556,132.444,17,2153.83,2100.86,1789,1785
1,8,73,ECDSA-SHA3-384_signed-by_RSA-SHA3-256,ECDSA-SHA3-384_signed-by_RSA-SHA3-256,18.432,1985.59,846.316,1,7,0.466667,108.667,17,2159.37,2147.52,1789,1786
1,1,69,ECDSA-SHA3-384_signed-by_RSA-SHA3-256,ECDSA-SHA3-384_signed-by_RSA-SHA3-256,16.171,2263.71,819.211,1,0,0,122.364,24,2133.67,2133.87,1790,1786
1,4,8,ECDSA-SHA3-384_signed-by_RSA-SHA3-256,ECDSA-SHA3-384_signed-by_RSA-SHA3-256,18.203,2010.56,1235.78,1,14,0.777778,180,24,2160.81,2104.58,1789,1786
1,2,71,ECDSA-SHA3-384_signed-by_RSA-SHA3-256,ECDSA-SHA3-384_signed-by_RSA-SHA3-256,16.41,2230.25,818.976,1,5,0.416667,115.333,24,2165.6,2099.33,1789,1786
1,7,75,ECDSA-SHA3-384_signed-by_RSA-SHA3-256,ECDSA-SHA3-384_signed-by_RSA-SHA3-256,15.243,2400.47,899.522,1,2,0.181818,123.818,17,2156.03,2126.51,1789,1785
1,3,74,ECDSA-SHA3-384_signed-by_RSA-SHA3-256,ECDSA-SHA3-384_signed-by_RSA-SHA3-256,17.287,2116.17,898.667,1,8,0.533333,183.067,24,2141.12,2117.32,1788,1785
1,6,79,ECDSA-SHA3-384_signed-by_RSA-SHA3-256,ECDSA-SHA3-384_signed-by_RSA-SHA3-256,19.085,1917.22,1178.67,1,14,0.777778,117.556,10,2146.37,2129.28,1788,1786
1,5,76,ECDSA-SHA3-384_signed-by_RSA-SHA3-256,ECDSA-SHA3-384_signed-by_RSA-SHA3-256,23.532,1555.3,1372.06,1,27,1.17391,130.87,15,2190.92,2117.4,1789,1786
1,1,70,ECDSA-SHA3-384_signed-by_RSA-SHA3-256,ECDSA-SHA3-384_signed-by_RSA-SHA3-256,11.732,3120.26,1729.23,1,15,0.789474,105.789,24,2145.03,2143.63,1790,1786
1,8,74,ECDSA-SHA3-384_signed-by_RSA-SHA3-256,ECDSA-SHA3-384_signed-by_RSA-SHA3-256,14.686,2492.05,1233.22,1,7,0.4375,107.75,17,2166.01,2117.11,1789,1786
1,4,9,ECDSA-SHA3-384_signed-by_RSA-SHA3-256,ECDSA-SHA3-384_signed-by_RSA-SHA3-256,14.037,2607.28,925.513,1,0,0,153.6,24,2151.01,2136.69,1789,1786
1,6,80,ECDSA-SHA3-384_signed-by_RSA-SHA3-256,ECDSA-SHA3-384_signed-by_RSA-SHA3-256,12.669,2888.17,1211.09,1,7,0.5,112.857,10,2118.56,2138,1788,1786
1,2,72,ECDSA-SHA3-384_signed-by_RSA-SHA3-256,ECDSA-SHA3-384_signed-by_RSA-SHA3-256,18.254,2005.03,1111.42,1,15,0.789474,153.789,24,2111.8,2115.92,1789,1786
1,7,76,ECDSA-SHA3-384_signed-by_RSA-SHA3-256,ECDSA-SHA3-384_signed-by_RSA-SHA3-256,17.798,2055.96,891.784,1,3,0.214286,130.571,17,2108.37,2115.56,1789,1785
1,5,77,ECDSA-SHA3-384_signed-by_RSA-SHA3-256,ECDSA-SHA3-384_signed-by_RSA-SHA3-256,15.418,2373.72,859.209,1,0,0,143.091,15,2149.86,2108.84,1789,1786
1,3,75,ECDSA-SHA3-384_signed-by_RSA-SHA3-256,ECDSA-SHA3-384_signed-by_RSA-SHA3-256,19.756,1851.77,1187.27,1,20,1,226.8,24,2148.6,2205.77,1788,1785
1,1,71,ECDSA-SHA3-384_signed-by_RSA-SHA3-256,ECDSA-SHA3-384_signed-by_RSA-SHA3-256,16.414,2230.19,1080.98,1,7,0.5,121.429,24,2142.03,2140.42,1790,1786
1,4,10,ECDSA-SHA3-384_signed-by_RSA-SHA3-256,ECDSA-SHA3-384_signed-by_RSA-SHA3-256,14.577,2510.72,891.237,1,0,0,153.6,24,2132.68,2122.51,1789,1786
1,8,75,ECDSA-SHA3-384_signed-by_RSA-SHA3-256,ECDSA-SHA3-384_signed-by_RSA-SHA3-256,16.931,2161.62,1118.85,1,11,0.846154,153.077,17,2155.84,2111.13,1789,1786
1,6,81,ECDSA-SHA3-384_signed-by_RSA-SHA3-256,ECDSA-SHA3-384_signed-by_RSA-SHA3-256,13.348,2741.34,973.312,1,0,0,132,10,2154.19,2140.34,1788,1786
1,2,73,ECDSA-SHA3-384_signed-by_RSA-SHA3-256,ECDSA-SHA3-384_signed-by_RSA-SHA3-256,17.279,2118.11,1357.45,1,20,1,273,24,2150.81,2133.82,1789,1786
1,5,78,ECDSA-SHA3-384_signed-by_RSA-SHA3-256,ECDSA-SHA3-384_signed-by_RSA-SHA3-256,16.246,2252.81,1181.8,1,11,0.785714,171.429,15,2181.98,2346.46,1789,1786
1,3,76,ECDSA-SHA3-384_signed-by_RSA-SHA3-256,ECDSA-SHA3-384_signed-by_RSA-SHA3-256,16.07,2276.48,808.441,1,0,0,140.8,24,2155.33,2141.96,1788,1785
1,7,77,ECDSA-SHA3-384_signed-by_RSA-SHA3-256,ECDSA-SHA3-384_signed-by_RSA-SHA3-256,23.122,1582.55,827.604,1,12,0.857143,144.857,17,2130.89,2144.12,1789,1785
1,8,76,ECDSA-SHA3-384_signed-by_RSA-SHA3-256,ECDSA-SHA3-384_signed-by_RSA-SHA3-256,14.646,2498.92,1047.63,1,7,0.5,272.857,17,2140.2,2122.07,1789,1786
1,4,11,ECDSA-SHA3-384_signed-by_RSA-SHA3-256,ECDSA-SHA3-384_signed-by_RSA-SHA3-256,18.569,1970.95,1245.9,1,22,1.04762,159.714,24,2171.58,2114.58,1789,1786
1,1,72,ECDSA-SHA3-384_signed-by_RSA-SHA3-256,ECDSA-SHA3-384_signed-by_RSA-SHA3-256,20.952,1747.15,874.341,1,14,0.823529,106.706,24,2128.27,2138.34,1790,1786
1,6,82,ECDSA-SHA3-384_signed-by_RSA-SHA3-256,ECDSA-SHA3-384_signed-by_RSA-SHA3-256,19.871,1841.39,810.792,1,7,0.411765,115.176,10,2155.14,2131.71,1788,1786
1,2,74,ECDSA-SHA3-384_signed-by_RSA-SHA3-256,ECDSA-SHA3-384_signed-by_RSA-SHA3-256,18.941,1932.22,1037.27,1,12,0.75,131.5,24,2133.91,2121.21,1789,1786
1,3,77,ECDSA-SHA3-384_signed-by_RSA-SHA3-256,ECDSA-SHA3-384_signed-by_RSA-SHA3-256,16.455,2223.18,1294.14,1,18,1.05882,143.412,24,2159.05,2109.38,1788,1785
1,7,78,ECDSA-SHA3-384_signed-by_RSA-SHA3-256,ECDSA-SHA3-384_signed-by_RSA-SHA3-256,13.503,2709.85,962.133,1,0,0,130.8,17,2162.98,2101.72,1789,1785
1,8,77,ECDSA-SHA3-384_signed-by_RSA-SHA3-256,ECDSA-SHA3-384_signed-by_RSA-SHA3-256,16.509,2216.87,1117.4,1,6,0.461538,115.846,17,2152.22,2150.95,1789,1786
1,6,83,ECDSA-SHA3-384_signed-by_RSA-SHA3-256,ECDSA-SHA3-384_signed-by_RSA-SHA3-256,11.983,3053.58,1144.26,1,1,0.0909091,144.909,10,2164.09,2132.49,1788,1786
1,1,73,ECDSA-SHA3-384_signed-by_RSA-SHA3-256,ECDSA-SHA3-384_signed-by_RSA-SHA3-256,19.588,1868.88,806.2,1,4,0.25,171.75,24,2183.08,2122.48,1790,1786
1,3,78,ECDSA-SHA3-384_signed-by_RSA-SHA3-256,ECDSA-SHA3-384_signed-by_RSA-SHA3-256,12.686,2883.69,1024.08,1,0,0,140.8,24,2140.05,2106.51,1788,1785
1,5,79,ECDSA-SHA3-384_signed-by_RSA-SHA3-256,ECDSA-SHA3-384_signed-by_RSA-SHA3-256,31.005,1180.44,750.321,1,18,0.818182,114.545,15,2158.68,2107.94,1789,1786
1,4,12,ECDSA-SHA3-384_signed-by_RSA-SHA3-256,ECDSA-SHA3-384_signed-by_RSA-SHA3-256,23.524,1555.82,854.255,1,12,0.666667,170.444,24,2148.51,2154.29,1789,1786
1,7,79,ECDSA-SHA3-384_signed-by_RSA-SHA3-256,ECDSA-SHA3-384_signed-by_RSA-SHA3-256,16.382,2233.57,1226.66,1,14,0.777778,109.556,17,2155,2118.25,1789,1785
1,2,75,ECDSA-SHA3-384_signed-by_RSA-SHA3-256,ECDSA-SHA3-384_signed-by_RSA-SHA3-256,22.116,1654.89,1125.69,1,22,1.375,171,24,2160.1,2125.6,1789,1786
1,6,84,ECDSA-SHA3-384_signed-by_RSA-SHA3-256,ECDSA-SHA3-384_signed-by_RSA-SHA3-256,16.408,2230.05,791.78,1,0,0,246,10,2161.66,2132.27,1788,1786
1,8,78,ECDSA-SHA3-384_signed-by_RSA-SHA3-256,ECDSA-SHA3-384_signed-by_RSA-SHA3-256,21.441,1707,727.574,0.933333,3,0.2,168.667,17,2108.17,2168.21,1789,1786
1,5,80,ECDSA-SHA3-384_signed-by_RSA-SHA3-256,ECDSA-SHA3-384_signed-by_RSA-SHA3-256,14.547,2515.92,1698.18,0.933333,7,0.466667,196.667,15,2155.1,2125.02,1789,1786
1,1,74,ECDSA-SHA3-384_signed-by_RSA-SHA3-256,ECDSA-SHA3-384_signed-by_RSA-SHA3-256,17.66,2072.86,735.647,1,0,0,130.8,24,2173.87,2121.73,1790,1786
1,7,80,ECDSA-SHA3-384_signed-by_RSA-SHA3-256,ECDSA-SHA3-384_signed-by_RSA-SHA3-256,12.842,2849.33,1011.66,0.3,4,0.4,134.4,17,2196.99,2139.33,1789,1785
1,3,79,ECDSA-SHA3-384_signed-by_RSA-SHA3-256,ECDSA-SHA3-384_signed-by_RSA-SHA3-256,18.946,1930.88,999.854,1,15,1.15385,165.692,24,2170.47,2129.76,1788,1785
1,4,13,ECDSA-SHA3-384_signed-by_RSA-SHA3-256,ECDSA-SHA3-384_signed-by_RSA-SHA3-256,18.521,1976.06,838.799,1,8,0.533333,200.933,24,2167.22,2128.49,1789,1786
1,2,76,ECDSA-SHA3-384_signed-by_RSA-SHA3-256,ECDSA-SHA3-384_signed-by_RSA-SHA3-256,12.83,2852.63,1057.5,1,9,0.692308,109.385,24,2150.35,2137.7,1789,1786
1,6,85,ECDSA-SHA3-384_signed-by_RSA-SHA3-256,ECDSA-SHA3-384_signed-by_RSA-SHA3-256,13.287,2753.91,1266.77,1,2,0.166667,147.667,10,2223.33,2116.97,1788,1786
1,8,79,ECDSA-SHA3-384_signed-by_RSA-SHA3-256,ECDSA-SHA3-384_signed-by_RSA-SHA3-256,17.682,2069.82,1283.06,1,15,0.789474,113.368,17,2157.26,2127.6,1789,1786
1,5,81,ECDSA-SHA3-384_signed-by_RSA-SHA3-256,ECDSA-SHA3-384_signed-by_RSA-SHA3-256,19.673,1860.42,686.423,1,0,0,134.333,15,2148.92,2135.28,1789,1786
1,1,75,ECDSA-SHA3-384_signed-by_RSA-SHA3-256,ECDSA-SHA3-384_signed-by_RSA-SHA3-256,19.907,1838.86,652.602,1,0,0,130.8,24,2174.18,2141.14,1790,1786
1,7,81,ECDSA-SHA3-384_signed-by_RSA-SHA3-256,ECDSA-SHA3-384_signed-by_RSA-SHA3-256,20.024,1827.41,1013.18,1,11,0.578947,209.579,17,2154.88,2095.03,1789,1785
1,2,77,ECDSA-SHA3-384_signed-by_RSA-SHA3-256,ECDSA-SHA3-384_signed-by_RSA-SHA3-256,16.216,2256.94,950.136,1,0,0,190.857,24,2149.16,2123.65,1789,1786
1,3,80,ECDSA-SHA3-384_signed-by_RSA-SHA3-256,ECDSA-SHA3-384_signed-by_RSA-SHA3-256,21.136,1730.81,1118.8,1,21,1,236.857,24,2130.59,2102.83,1788,1785
1,4,14,ECDSA-SHA3-384_signed-by_RSA-SHA3-256,ECDSA-SHA3-384_signed-by_RSA-SHA3-256,20.764,1762.59,1151.18,1,21,0.954545,508.545,24,2193.24,2130.82,1789,1786
1,6,86,ECDSA-SHA3-384_signed-by_RSA-SHA3-256,ECDSA-SHA3-384_signed-by_RSA-SHA3-256,19.706,1856.82,900.401,1,7,0.5,141.143,10,2162.75,2138.74,1788,1786
1,8,80,ECDSA-SHA3-384_signed-by_RSA-SHA3-256,ECDSA-SHA3-384_signed-by_RSA-SHA3-256,15.228,2403.4,853.141,1,0,0,130.8,17,2159.11,2149.32,1789,1786
1,7,82,ECDSA-SHA3-384_signed-by_RSA-SHA3-256,ECDSA-SHA3-384_signed-by_RSA-SHA3-256,11.316,3233.64,1182.04,1,8,0.666667,115.333,17,2170.51,2141.6,1789,1785
1,5,82,ECDSA-SHA3-384_signed-by_RSA-SHA3-256,ECDSA-SHA3-384_signed-by_RSA-SHA3-256,16.329,2241.34,839.705,1,1,0.0909091,144.909,15,2173.01,2135.87,1789,1786
1,1,76,ECDSA-SHA3-384_signed-by_RSA-SHA3-256,ECDSA-SHA3-384_signed-by_RSA-SHA3-256,17.396,2104.3,1088.94,1,11,0.846154,178,24,2151.46,2137.53,1790,1786
1,2,78,ECDSA-SHA3-384_signed-by_RSA-SHA3-256,ECDSA-SHA3-384_signed-by_RSA-SHA3-256,18.136,2017.98,1372.67,1,22,1.375,171,24,2161.47,2115.86,1789,1786
1,3,81,ECDSA-SHA3-384_signed-by_RSA-SHA3-256,ECDSA-SHA3-384_signed-by_RSA-SHA3-256,19.495,1876.56,923.302,1,7,0.466667,124.133,24,2121.63,2128.28,1788,1785
1,8,81,ECDSA-SHA3-384_signed-by_RSA-SHA3-256,ECDSA-SHA3-384_signed-by_RSA-SHA3-256,13.905,2632.03,934.299,1,0,0,130.8,17,2158.27,2141.82,1789,1786
1,7,83,ECDSA-SHA3-384_signed-by_RSA-SHA3-256,ECDSA-SHA3-384_signed-by_RSA-SHA3-256,12.531,2920.03,1396.81,1,7,0.411765,160.353,17,2152.53,2109.07,1789,1785
1,4,15,ECDSA-SHA3-384_signed-by_RSA-SHA3-256,ECDSA-SHA3-384_signed-by_RSA-SHA3-256,20.842,1756.04,1258.98,1,26,1.18182,143.091,24,2162.32,2112.57,1789,1786
1,6,87,ECDSA-SHA3-384_signed-by_RSA-SHA3-256,ECDSA-SHA3-384_signed-by_RSA-SHA3-256,20.541,1781.39,1100.61,1,14,0.736842,126.421,10,2161.72,2115.89,1788,1786
1,5,83,ECDSA-SHA3-384_signed-by_RSA-SHA3-256,ECDSA-SHA3-384_signed-by_RSA-SHA3-256,14.397,2542.09,1169.09,1,2,0.166667,147.667,15,2145.65,2127.77,1789,1786
1,7,84,ECDSA-SHA3-384_signed-by_RSA-SHA3-256,ECDSA-SHA3-384_signed-by_RSA-SHA3-256,10.901,3356.65,1275.44,1,8,0.666667,116.667,17,2191.72,2135.93,1789,1785
1,8,82,ECDSA-SHA3-384_signed-by_RSA-SHA3-256,ECDSA-SHA3-384_signed-by_RSA-SHA3-256,15.265,2397.51,1345.75,1,15,0.75,112,17,2162.39,2135.37,1789,1786
1,4,16,ECDSA-SHA3-384_signed-by_RSA-SHA3-256,ECDSA-SHA3-384_signed-by_RSA-SHA3-256,14.552,2514.98,1301.74,1,11,0.846154,181.692,24,2152.66,2112.24,1789,1786
1,2,79,ECDSA-SHA3-384_signed-by_RSA-SHA3-256,ECDSA-SHA3-384_signed-by_RSA-SHA3-256,24.524,1492.37,1090.82,1,26,1.08333,118.333,24,2153.12,2110.69,1789,1786
1,6,88,ECDSA-SHA3-384_signed-by_RSA-SHA3-256,ECDSA-SHA3-384_signed-by_RSA-SHA3-256,17.748,2061.74,1318.9,1,16,0.8,123.2,10,2117.07,2136.3,1788,1786
1,1,77,ECDSA-SHA3-384_signed-by_RSA-SHA3-256,ECDSA-SHA3-384_signed-by_RSA-SHA3-256,29.257,1251.24,1151.71,1,34,1.21429,148.714,24,2141.99,2094.38,1790,1786
1,5,84,ECDSA-SHA3-384_signed-by_RSA-SHA3-256,ECDSA-SHA3-384_signed-by_RSA-SHA3-256,18.249,2005.57,1166.96,1,18,1.05882,157.059,15,2158.45,2145.68,1789,1786
1,3,82,ECDSA-SHA3-384_signed-by_RSA-SHA3-256,ECDSA-SHA3-384_signed-by_RSA-SHA3-256,24.957,1465.83,766.734,1,12,0.857143,154,24,2165.32,2116.73,1788,1785
1,7,85,ECDSA-SHA3-384_signed-by_RSA-SHA3-256,ECDSA-SHA3-384_signed-by_RSA-SHA3-256,16.062,2278.06,1089.72,1,7,0.411765,160.353,17,2219.77,2136.72,1789,1785
1,8,83,ECDSA-SHA3-384_signed-by_RSA-SHA3-256,ECDSA-SHA3-384_signed-by_RSA-SHA3-256,16.747,2185.35,1146.42,1,11,0.785714,144.857,17,2145.31,2137.63,1789,1786
1,6,89,ECDSA-SHA3-384_signed-by_RSA-SHA3-256,ECDSA-SHA3-384_signed-by_RSA-SHA3-256,12.628,2897.58,1085.8,1,1,0.0909091,144.909,10,2121.31,2128.22,1788,1786
1,2,80,ECDSA-SHA3-384_signed-by_RSA-SHA3-256,ECDSA-SHA3-384_signed-by_RSA-SHA3-256,14.658,2496.82,893.942,1,0,0,131.091,24,2146.08,2133.54,1789,1786
1,4,17,ECDSA-SHA3-384_signed-by_RSA-SHA3-256,ECDSA-SHA3-384_signed-by_RSA-SHA3-256,19.363,1890.19,926.294,1,8,0.533333,134.267,24,2148.39,2108.44,1789,1786
1,5,85,ECDSA-SHA3-384_signed-by_RSA-SHA3-256,ECDSA-SHA3-384_signed-by_RSA-SHA3-256,14.083,2598.78,1597.33,1,14,0.777778,144.889,15,2152.74,2115.99,1789,1786
1,8,84,ECDSA-SHA3-384_signed-by_RSA-SHA3-256,ECDSA-SHA3-384_signed-by_RSA-SHA3-256,9.047,4045.12,1435.91,1,0,0,130.8,17,2158.55,2139.45,1789,1786
1,6,90,ECDSA-SHA3-384_signed-by_RSA-SHA3-256,ECDSA-SHA3-384_signed-by_RSA-SHA3-256,10.592,3454.65,1699.38,0.933333,7,0.466667,134.267,10,2170.97,2136.1,1788,1786
1,7,86,ECDSA-SHA3-384_signed-by_RSA-SHA3-256,ECDSA-SHA3-384_signed-by_RSA-SHA3-256,16.965,2156.8,1099.62,1,9,0.5625,112,17,2154.65,2140.69,1789,1785
1,3,83,ECDSA-SHA3-384_signed-by_RSA-SHA3-256,ECDSA-SHA3-384_signed-by_RSA-SHA3-256,22.958,1593.49,1101.12,1,28,1.55556,156.222,24,2169.47,2112.67,1788,1785
1,5,86,ECDSA-SHA3-384_signed-by_RSA-SHA3-256,ECDSA-SHA3-384_signed-by_RSA-SHA3-256,11.549,3169.1,1124.94,0.7,0,0,153.6,15,2141.97,2122.06,1789,1786
1,1,78,ECDSA-SHA3-384_signed-by_RSA-SHA3-256,ECDSA-SHA3-384_signed-by_RSA-SHA3-256,27.876,1313.21,675.543,1,10,0.526316,100.737,24,2158.79,2131.45,1790,1786
1,6,91,ECDSA-SHA3-384_signed-by_RSA-SHA3-256,ECDSA-SHA3-384_signed-by_RSA-SHA3-256,11.606,3152.84,1119.42,1,0,0,153.6,10,2162.59,2134.88,1788,1786
1,8,85,ECDSA-SHA3-384_signed-by_RSA-SHA3-256,ECDSA-SHA3-384_signed-by_RSA-SHA3-256,16.798,2178.77,795.309,1,0,0,115,17,2152.15,2107.21,1789,1786
1,7,87,ECDSA-SHA3-384_signed-by_RSA-SHA3-256,ECDSA-SHA3-384_signed-by_RSA-SHA3-256,18.114,2020.04,1165.04,1,9,0.5625,122.25,17,2161.49,2139.1,1789,1785
1,1,79,ECDSA-SHA3-384_signed-by_RSA-SHA3-256,ECDSA-SHA3-384_signed-by_RSA-SHA3-256,16.167,2264.28,803.583,1,0,0,130.8,24,2119.64,2137.32,1790,1786
1,5,87,ECDSA-SHA3-384_signed-by_RSA-SHA3-256,ECDSA-SHA3-384_signed-by_RSA-SHA3-256,18.585,1969.24,1019.27,1,11,0.846154,181.692,15,2151.66,2120.72,1789,1786
1,2,81,ECDSA-SHA3-384_signed-by_RSA-SHA3-256,ECDSA-SHA3-384_signed-by_RSA-SHA3-256,33.42,1095.15,720.524,1,20,1.05263,147.474,24,2165.93,2105.55,1789,1786
1,3,84,ECDSA-SHA3-384_signed-by_RSA-SHA3-256,ECDSA-SHA3-384_signed-by_RSA-SHA3-256,22.259,1643.55,922.948,0.9,11,0.55,148,24,2156.76,2113.88,1788,1785
1,8,86,ECDSA-SHA3-384_signed-by_RSA-SHA3-256,ECDSA-SHA3-384_signed-by_RSA-SHA3-256,12.366,2959.69,1050.61,0.3,0,0,130.8,17,2155.04,2117.76,1789,1786
1,6,92,ECDSA-SHA3-384_signed-by_RSA-SHA3-256,ECDSA-SHA3-384_signed-by_RSA-SHA3-256,19.247,1901.14,684.976,1,5,0.454545,133.273,10,2155.92,2127.22,1788,1786
1,4,18,ECDSA-SHA3-384_signed-by_RSA-SHA3-256,ECDSA-SHA3-384_signed-by_RSA-SHA3-256,40.721,898.791,824.726,1,42,1.68,353.2,24,2167.25,2217.15,1789,1786
1,1,80,ECDSA-SHA3-384_signed-by_RSA-SHA3-256,ECDSA-SHA3-384_signed-by_RSA-SHA3-256,16.048,2281.11,809.556,1,0,0,130.8,24,2125.12,2115.93,1790,1786
1,7,88,ECDSA-SHA3-384_signed-by_RSA-SHA3-256,ECDSA-SHA3-384_signed-by_RSA-SHA3-256,21.029,1740,617.786,1,0,0,130.8,17,2186.44,2174.67,1789,1785
1,8,87,ECDSA-SHA3-384_signed-by_RSA-SHA3-256,ECDSA-SHA3-384_signed-by_RSA-SHA3-256,15.237,2402.01,869.45,1,0,0,122.364,17,2192.3,2117.72,1789,1786
1,2,82,ECDSA-SHA3-384_signed-by_RSA-SHA3-256,ECDSA-SHA3-384_signed-by_RSA-SHA3-256,20.226,1809.49,889.913,1,7,0.466667,115.867,24,2172.78,2116.25,1789,1786
1,5,88,ECDSA-SHA3-384_signed-by_RSA-SHA3-256,ECDSA-SHA3-384_signed-by_RSA-SHA3-256,21.766,1681.46,873.257,1,4,0.307692,174.923,15,2148.9,2115.49,1789,1786
1,3,85,ECDSA-SHA3-384_signed-by_RSA-SHA3-256,ECDSA-SHA3-384_signed-by_RSA-SHA3-256,21.202,1725.44,902.525,1,12,0.857143,144.857,24,2157.36,2114.97,1788,1785
1,4,19,ECDSA-SHA3-384_signed-by_RSA-SHA3-256,ECDSA-SHA3-384_signed-by_RSA-SHA3-256,14.913,2454.14,871.154,1,0,0,150,24,2157.76,2106.48,1789,1786
1,6,93,ECDSA-SHA3-384_signed-by_RSA-SHA3-256,ECDSA-SHA3-384_signed-by_RSA-SHA3-256,17.098,2140.05,1175.3,1,10,0.555556,189.778,10,2136.77,2118.19,1788,1786
1,8,88,ECDSA-SHA3-384_signed-by_RSA-SHA3-256,ECDSA-SHA3-384_signed-by_RSA-SHA3-256,11.005,3325.73,1245.97,1,1,0.0909091,123.818,17,2146.76,2109.55,1789,1786
1,7,89,ECDSA-SHA3-384_signed-by_RSA-SHA3-256,ECDSA-SHA3-384_signed-by_RSA-SHA3-256,14.141,2587.59,932.302,1,5,0.454545,122.364,17,2139.44,2123.18,1789,1785
1,1,81,ECDSA-SHA3-384_signed-by_RSA-SHA3-256,ECDSA-SHA3-384_signed-by_RSA-SHA3-256,16.19,2261.07,1479.38,1,18,1,131.778,24,2153.19,2099.47,1790,1786
1,5,89,ECDSA-SHA3-384_signed-by_RSA-SHA3-256,ECDSA-SHA3-384_signed-by_RSA-SHA3-256,15.941,2295.9,814.983,1,0,0,153.6,15,2153.33,2129.37,1789,1786
1,4,20,ECDSA-SHA3-384_signed-by_RSA-SHA3-256,ECDSA-SHA3-384_signed-by_RSA-SHA3-256,17.046,2147.06,762.147,1,0,0,153.6,24,2174.92,2120.99,1789,1786
1,6,94,ECDSA-SHA3-384_signed-by_RSA-SHA3-256,ECDSA-SHA3-384_signed-by_RSA-SHA3-256,17.938,2039.84,855.359,1,7,0.5,131.714,10,2169.86,2130.4,1788,1786
1,8,89,ECDSA-SHA3-384_signed-by_RSA-SHA3-256,ECDSA-SHA3-384_signed-by_RSA-SHA3-256,15.433,2371.5,865.661,1,0,0,534.333,17,2159.21,2197.06,1789,1786
1,3,86,ECDSA-SHA3-384_signed-by_RSA-SHA3-256,ECDSA-SHA3-384_signed-by_RSA-SHA3-256,22.762,1607.23,792.898,1,14,0.875,110.75,24,2154.91,2127,1788,1785
1,1,82,ECDSA-SHA3-384_signed-by_RSA-SHA3-256,ECDSA-SHA3-384_signed-by_RSA-SHA3-256,17.566,2083.96,1010.1,1,7,0.5,121.429,24,2151.97,2138.29,1790,1786
1,2,83,ECDSA-SHA3-384_signed-by_RSA-SHA3-256,ECDSA-SHA3-384_signed-by_RSA-SHA3-256,29.512,1240.14,1064.76,1,36,1.63636,224.182,24,2151.72,2113.88,1789,1786
1,5,90,ECDSA-SHA3-384_signed-by_RSA-SHA3-256,ECDSA-SHA3-384_signed-by_RSA-SHA3-256,15.265,2397.57,867.842,1,0,0,143.091,15,2154.15,2112.22,1789,1786
1,4,21,ECDSA-SHA3-384_signed-by_RSA-SHA3-256,ECDSA-SHA3-384_signed-by_RSA-SHA3-256,14.984,2442.54,867.034,1,0,0,153.6,24,2142.34,2117.14,1789,1786
1,6,95,ECDSA-SHA3-384_signed-by_RSA-SHA3-256,ECDSA-SHA3-384_signed-by_RSA-SHA3-256,14.305,2557.92,1488.67,1,18,1.05882,133.059,10,2157.96,2139.35,1788,1786
1,8,90,ECDSA-SHA3-384_signed-by_RSA-SHA3-256,ECDSA-SHA3-384_signed-by_RSA-SHA3-256,17.751,2061.78,999.567,1,7,0.5,121.429,17,2150.57,2127.52,1789,1786
1,3,87,ECDSA-SHA3-384_signed-by_RSA-SHA3-256,ECDSA-SHA3-384_signed-by_RSA-SHA3-256,17.225,2123.81,894.48,1,0,0,196,24,2168.36,2113.78,1788,1785
1,1,83,ECDSA-SHA3-384_signed-by_RSA-SHA3-256,ECDSA-SHA3-384_signed-by_RSA-SHA3-256,15.256,2399.51,868.356,1,0,0,122.364,24,2148.64,2127.59,1790,1786
1,7,90,ECDSA-SHA3-384_signed-by_RSA-SHA3-256,ECDSA-SHA3-384_signed-by_RSA-SHA3-256,34.605,1057.42,591.82,1,12,0.6,201,18,2158.03,2112.12,1789,1785
1,2,84,ECDSA-SHA3-384_signed-by_RSA-SHA3-256,ECDSA-SHA3-384_signed-by_RSA-SHA3-256,17.637,2075.11,751.12,1,0,0,122.364,24,2158.4,2128.62,1789,1786
1,5,91,ECDSA-SHA3-384_signed-by_RSA-SHA3-256,ECDSA-SHA3-384_signed-by_RSA-SHA3-256,16.157,2265.2,1318.02,1,18,1.05882,157.059,15,2125.27,2123.75,1789,1786
1,6,96,ECDSA-SHA3-384_signed-by_RSA-SHA3-256,ECDSA-SHA3-384_signed-by_RSA-SHA3-256,14.277,2562.94,927.905,0.727273,0,0,122.364,10,2162.07,2122.47,1788,1786
1,4,22,ECDSA-SHA3-384_signed-by_RSA-SHA3-256,ECDSA-SHA3-384_signed-by_RSA-SHA3-256,18.032,2029.65,1064.74,0.928571,11,0.785714,168.857,24,2146.91,2135.95,1789,1786
1,3,88,ECDSA-SHA3-384_signed-by_RSA-SHA3-256,ECDSA-SHA3-384_signed-by_RSA-SHA3-256,12.923,2830.89,1005.33,0.3,0,0,130.8,24,2175.02,2131.11,1788,1785
1,8,91,ECDSA-SHA3-384_signed-by_RSA-SHA3-256,ECDSA-SHA3-384_signed-by_RSA-SHA3-256,15.962,2292.88,1186.79,0.615385,11,0.846154,153.077,17,2104.75,2130.18,1789,1786
1,1,84,ECDSA-SHA3-384_signed-by_RSA-SHA3-256,ECDSA-SHA3-384_signed-by_RSA-SHA3-256,15.217,2405.68,866.381,0.636364,5,0.454545,122.364,24,2153.16,2143.86,1790,1786
1,7,91,ECDSA-SHA3-384_signed-by_RSA-SHA3-256,ECDSA-SHA3-384_signed-by_RSA-SHA3-256,16.469,2221.83,788.861,1,0,0,130.8,18,2117.85,2135.9,1789,1785
1,2,85,ECDSA-SHA3-384_signed-by_RSA-SHA3-256,ECDSA-SHA3-384_signed-by_RSA-SHA3-256,15.052,2431.54,863.131,1,4,0.4,130.8,24,2262.17,2119.4,1789,1786
1,5,92,ECDSA-SHA3-384_signed-by_RSA-SHA3-256,ECDSA-SHA3-384_signed-by_RSA-SHA3-256,14.438,2534.96,899.841,1,4,0.4,153.6,15,2147.31,2109.76,1789,1786
1,6,97,ECDSA-SHA3-384_signed-by_RSA-SHA3-256,ECDSA-SHA3-384_signed-by_RSA-SHA3-256,13.99,2615.57,928.66,1,0,0,130.8,10,2173.6,2151.76,1788,1786
1,3,89,ECDSA-SHA3-384_signed-by_RSA-SHA3-256,ECDSA-SHA3-384_signed-by_RSA-SHA3-256,19.488,1877.24,679.797,1,0,0,122.364,24,2144.15,2123.43,1788,1785
1,7,92,ECDSA-SHA3-384_signed-by_RSA-SHA3-256,ECDSA-SHA3-384_signed-by_RSA-SHA3-256,16.179,2261.69,1242.1,1,14,0.777778,109.556,18,2158.34,2129.48,1789,1785
1,4,23,ECDSA-SHA3-384_signed-by_RSA-SHA3-256,ECDSA-SHA3-384_signed-by_RSA-SHA3-256,24.231,1510.43,1132.41,1,22,0.956522,111.739,24,2234.2,2117.15,1789,1786
1,8,92,ECDSA-SHA3-384_signed-by_RSA-SHA3-256,ECDSA-SHA3-384_signed-by_RSA-SHA3-256,20.753,1763.58,1783.24,1,29,1.07407,124.815,17,2162.3,2133.34,1789,1786
1,1,85,ECDSA-SHA3-384_signed-by_RSA-SHA3-256,ECDSA-SHA3-384_signed-by_RSA-SHA3-256,20.957,1746.79,1639.14,1,35,1.16667,147.733,24,2155.22,2138.72,1790,1786
1,5,93,ECDSA-SHA3-384_signed-by_RSA-SHA3-256,ECDSA-SHA3-384_signed-by_RSA-SHA3-256,17.155,2133.47,1367.29,1,20,1,249.2,15,2163.28,2122.37,1789,1786
1,6,98,ECDSA-SHA3-384_signed-by_RSA-SHA3-256,ECDSA-SHA3-384_signed-by_RSA-SHA3-256,17.892,2045.14,1058.79,1,11,0.846154,153.077,10,2193.03,2123.83,1788,1786
1,2,86,ECDSA-SHA3-384_signed-by_RSA-SHA3-256,ECDSA-SHA3-384_signed-by_RSA-SHA3-256,20.188,1812.93,769.553,1,4,0.266667,168.667,24,2165.8,2091.1,1789,1786
1,3,90,ECDSA-SHA3-384_signed-by_RSA-SHA3-256,ECDSA-SHA3-384_signed-by_RSA-SHA3-256,13.521,2705.64,975.049,1,5,0.454545,122.364,24,2130.88,2120.33,1788,1785
1,4,24,ECDSA-SHA3-384_signed-by_RSA-SHA3-256,ECDSA-SHA3-384_signed-by_RSA-SHA3-256,12.98,2819.64,1040.34,1,0,0,115.333,24,2151.81,2143.6,1789,1786
1,5,94,ECDSA-SHA3-384_signed-by_RSA-SHA3-256,ECDSA-SHA3-384_signed-by_RSA-SHA3-256,12.882,2841.1,1008.51,1,0,0,153.6,15,2147.33,2132.13,1789,1786
1,8,93,ECDSA-SHA3-384_signed-by_RSA-SHA3-256,ECDSA-SHA3-384_signed-by_RSA-SHA3-256,15.712,2329.34,843.145,1,0,0,122.364,17,2140.63,2143.99,1789,1786
1,7,93,ECDSA-SHA3-384_signed-by_RSA-SHA3-256,ECDSA-SHA3-384_signed-by_RSA-SHA3-256,18.098,2021.79,1439.21,1,21,1,108.476,18,2162.41,2115.92,1789,1785
1,6,99,ECDSA-SHA3-384_signed-by_RSA-SHA3-256,ECDSA-SHA3-384_signed-by_RSA-SHA3-256,16.147,2266.08,874.924,1,9,0.692308,111.538,10,2132.98,2151.99,1788,1786
1,2,87,ECDSA-SHA3-384_signed-by_RSA-SHA3-256,ECDSA-SHA3-384_signed-by_RSA-SHA3-256,16.777,2181.46,774.358,1,0,0,130.8,24,2165.25,2127.09,1789,1786
1,1,86,ECDSA-SHA3-384_signed-by_RSA-SHA3-256,ECDSA-SHA3-384_signed-by_RSA-SHA3-256,24.977,1465.64,1281.79,1,38,1.35714,313,24,2141.12,2120.49,1790,1786
1,4,25,ECDSA-SHA3-384_signed-by_RSA-SHA3-256,ECDSA-SHA3-384_signed-by_RSA-SHA3-256,16.121,2270.26,821.76,1,0,0,122.364,24,2167.42,2141.28,1789,1786
1,3,91,ECDSA-SHA3-384_signed-by_RSA-SHA3-256,ECDSA-SHA3-384_signed-by_RSA-SHA3-256,19.309,1894.58,794.62,1,3,0.214286,178,24,2154.3,2120.2,1788,1785
1,5,95,ECDSA-SHA3-384_signed-by_RSA-SHA3-256,ECDSA-SHA3-384_signed-by_RSA-SHA3-256,15.46,2367.33,840.337,1,0,0,145.2,15,2158.41,2141.49,1789,1786
1,7,94,ECDSA-SHA3-384_signed-by_RSA-SHA3-256,ECDSA-SHA3-384_signed-by_RSA-SHA3-256,14.209,2575.2,1093.36,0.8,8,0.533333,239.333,18,2166.05,2105.53,1789,1785
1,8,94,ECDSA-SHA3-384_signed-by_RSA-SHA3-256,ECDSA-SHA3-384_signed-by_RSA-SHA3-256,15.898,2302.1,1565.93,1,22,1.375,171,17,2159.66,2091.45,1789,1786
1,2,88,ECDSA-SHA3-384_signed-by_RSA-SHA3-256,ECDSA-SHA3-384_signed-by_RSA-SHA3-256,11.757,3113.02,1105.04,1,0,0,130.8,24,2143.07,2131.29,1789,1786
1,4,26,ECDSA-SHA3-384_signed-by_RSA-SHA3-256,ECDSA-SHA3-384_signed-by_RSA-SHA3-256,9.677,3782.15,1342.56,1,0,0,130.8,24,2163.39,2267.95,1789,1786
1,1,87,ECDSA-SHA3-384_signed-by_RSA-SHA3-256,ECDSA-SHA3-384_signed-by_RSA-SHA3-256,17.366,2107.92,1101.87,1,12,0.857143,150,24,2158.32,2128.68,1790,1786
1,8,95,ECDSA-SHA3-384_signed-by_RSA-SHA3-256,ECDSA-SHA3-384_signed-by_RSA-SHA3-256,13.022,2810.52,997.658,1,0,0,261.2,17,2122.34,2137.83,1789,1786
1,3,92,ECDSA-SHA3-384_signed-by_RSA-SHA3-256,ECDSA-SHA3-384_signed-by_RSA-SHA3-256,16.686,2192.39,1515.93,0.791667,22,0.916667,102.667,24,2160.49,2109.57,1788,1785
1,5,96,ECDSA-SHA3-384_signed-by_RSA-SHA3-256,ECDSA-SHA3-384_signed-by_RSA-SHA3-256,18.467,1981.81,745.073,1,0,0,109.385,15,2157.29,2185.61,1789,1786
1,2,89,ECDSA-SHA3-384_signed-by_RSA-SHA3-256,ECDSA-SHA3-384_signed-by_RSA-SHA3-256,16.622,2201.8,781.578,1,0,0,130.8,24,2125.42,2146.91,1789,1786
1,7,95,ECDSA-SHA3-384_signed-by_RSA-SHA3-256,ECDSA-SHA3-384_signed-by_RSA-SHA3-256,19.647,1862.47,1203.64,0.857143,21,1,258,18,2146.25,2111.42,1789,1785
1,4,27,ECDSA-SHA3-384_signed-by_RSA-SHA3-256,ECDSA-SHA3-384_signed-by_RSA-SHA3-256,13.485,2714.06,963.416,0.3,0,0,132,24,2349.08,2116.99,1789,1786
1,1,88,ECDSA-SHA3-384_signed-by_RSA-SHA3-256,ECDSA-SHA3-384_signed-by_RSA-SHA3-256,10.787,3393.7,1204.41,0,0,0,130.8,24,2146.1,2132.06,1790,1786
1,8,96,ECDSA-SHA3-384_signed-by_RSA-SHA3-256,ECDSA-SHA3-384_signed-by_RSA-SHA3-256,10.558,3466.55,1230.53,0,0,0,130.8,17,2159.97,2128.78,1789,1786
1,3,93,ECDSA-SHA3-384_signed-by_RSA-SHA3-256,ECDSA-SHA3-384_signed-by_RSA-SHA3-256,11.8,3100.29,1101,0.6,0,0,130.8,24,2151.34,2155.9,1788,1785
1,5,97,ECDSA-SHA3-384_signed-by_RSA-SHA3-256,ECDSA-SHA3-384_signed-by_RSA-SHA3-256,11.525,3175.64,1149.48,1,0,0,122.364,15,2166.37,2122.54,1789,1786
1,2,90,ECDSA-SHA3-384_signed-by_RSA-SHA3-256,ECDSA-SHA3-384_signed-by_RSA-SHA3-256,13.003,2814.66,1033.58,1,5,0.416667,115.333,24,2154.9,2091.7,1789,1786
1,4,28,ECDSA-SHA3-384_signed-by_RSA-SHA3-256,ECDSA-SHA3-384_signed-by_RSA-SHA3-256,11.881,3080.48,1291.45,1,7,0.5,112.857,24,2146.72,2112.62,1789,1786
1,7,96,ECDSA-SHA3-384_signed-by_RSA-SHA3-256,ECDSA-SHA3-384_signed-by_RSA-SHA3-256,13.566,2697.25,957.659,1,0,0,137.2,18,2153.83,2141.7,1789,1785
1,1,89,ECDSA-SHA3-384_signed-by_RSA-SHA3-256,ECDSA-SHA3-384_signed-by_RSA-SHA3-256,17.973,2036.83,1012.18,1,14,0.875,111,24,2156.61,2107.04,1790,1786
1,3,94,ECDSA-SHA3-384_signed-by_RSA-SHA3-256,ECDSA-SHA3-384_signed-by_RSA-SHA3-256,16.823,2174.52,802.666,1,0,0,121.333,24,2183.19,2118.6,1788,1785
1,5,98,ECDSA-SHA3-384_signed-by_RSA-SHA3-256,ECDSA-SHA3-384_signed-by_RSA-SHA3-256,14.798,2473.19,1293.09,1,12,0.857143,144.857,15,2151.82,2103.32,1789,1786
1,8,97,ECDSA-SHA3-384_signed-by_RSA-SHA3-256,ECDSA-SHA3-384_signed-by_RSA-SHA3-256,22.504,1626.34,1483.79,1,41,1.70833,203.333,17,2164.59,2184.42,1789,1786
1,4,29,ECDSA-SHA3-384_signed-by_RSA-SHA3-256,ECDSA-SHA3-384_signed-by_RSA-SHA3-256,16.47,2222.09,1150.14,1,11,0.846154,153.077,24,2160.33,2105.49,1789,1786
1,7,97,ECDSA-SHA3-384_signed-by_RSA-SHA3-256,ECDSA-SHA3-384_signed-by_RSA-SHA3-256,17.192,2128.42,1448.1,1,22,1.375,171,18,2330.59,2132.61,1789,1785
1,2,91,ECDSA-SHA3-384_signed-by_RSA-SHA3-256,ECDSA-SHA3-384_signed-by_RSA-SHA3-256,24.358,1502.54,983.96,1,20,0.909091,208,24,2167.7,2136.62,1789,1786
1,1,90,ECDSA-SHA3-384_signed-by_RSA-SHA3-256,ECDSA-SHA3-384_signed-by_RSA-SHA3-256,15.357,2383.72,986.62,1,0,0,188.769,24,2153.74,2120.25,1790,1786
1,3,95,ECDSA-SHA3-384_signed-by_RSA-SHA3-256,ECDSA-SHA3-384_signed-by_RSA-SHA3-256,14.316,2555.4,907.494,1,0,0,130.8,24,2174.76,2122.47,1788,1785
1,5,99,ECDSA-SHA3-384_signed-by_RSA-SHA3-256,ECDSA-SHA3-384_signed-by_RSA-SHA3-256,14.72,2486.34,1218.44,1,11,0.733333,115.867,15,2254,2096.99,1789,1786
1,8,98,ECDSA-SHA3-384_signed-by_RSA-SHA3-256,ECDSA-SHA3-384_signed-by_RSA-SHA3-256,13.646,2682.06,952.059,1,0,0,130.8,17,2366.3,2109.72,1789,1786
1,7,98,ECDSA-SHA3-384_signed-by_RSA-SHA3-256,ECDSA-SHA3-384_signed-by_RSA-SHA3-256,14.05,2604.35,1435.98,1,12,0.75,129.5,18,2370.46,2143.62,1789,1785
1,4,30,ECDSA-SHA3-384_signed-by_RSA-SHA3-256,ECDSA-SHA3-384_signed-by_RSA-SHA3-256,18.14,2017.55,978.125,1,7,0.5,121.429,24,2159.6,2153.47,1789,1786
1,2,92,ECDSA-SHA3-384_signed-by_RSA-SHA3-256,ECDSA-SHA3-384_signed-by_RSA-SHA3-256,12.75,2870.51,1018.95,1,0,0,130.8,24,2163.14,2167.88,1789,1786
1,3,96,ECDSA-SHA3-384_signed-by_RSA-SHA3-256,ECDSA-SHA3-384_signed-by_RSA-SHA3-256,12.084,3027.37,1096.29,1,0,0,122.364,24,2179.88,2119.21,1788,1785
1,8,99,ECDSA-SHA3-384_signed-by_RSA-SHA3-256,ECDSA-SHA3-384_signed-by_RSA-SHA3-256,12.734,2874.1,1502.7,1,12,0.857143,144.857,17,2175.19,2130.51,1789,1786
1,4,31,ECDSA-SHA3-384_signed-by_RSA-SHA3-256,ECDSA-SHA3-384_signed-by_RSA-SHA3-256,9.446,3874.6,1478.7,1,1,0.0833333,112.667,24,2159.69,2152.82,1789,1786
1,3,97,ECDSA-SHA3-384_signed-by_RSA-SHA3-256,ECDSA-SHA3-384_signed-by_RSA-SHA3-256,9.143,4001.24,2147.18,1,15,0.833333,103.333,24,2112.1,2136.12,1788,1785
1,1,91,ECDSA-SHA3-384_signed-by_RSA-SHA3-256,ECDSA-SHA3-384_signed-by_RSA-SHA3-256,22.763,1608.17,1330.54,1,31,1.34783,172.609,24,2168.07,2116.37,1790,1786
1,4,32,ECDSA-SHA3-384_signed-by_RSA-SHA3-256,ECDSA-SHA3-384_signed-by_RSA-SHA3-256,7.183,5095.34,2198.51,1,7,0.4375,97.5,24,2150.68,2129.31,1789,1786
1,1,92,ECDSA-SHA3-384_signed-by_RSA-SHA3-256,ECDSA-SHA3-384_signed-by_RSA-SHA3-256,7.454,4911.14,1777.28,1,0,0,118,24,2123.87,2164.12,1790,1786
1,3,98,ECDSA-SHA3-384_signed-by_RSA-SHA3-256,ECDSA-SHA3-384_signed-by_RSA-SHA3-256,9.738,3756.69,2360.97,0.6,18,0.9,261.6,24,2148.49,2169.39,1788,1785
1,4,33,ECDSA-SHA3-384_signed-by_RSA-SHA3-256,ECDSA-SHA3-384_signed-by_RSA-SHA3-256,7.209,5076.32,1801.95,0.2,0,0,130.8,24,2203.53,2131.69,1789,1786
1,2,93,ECDSA-SHA3-384_signed-by_RSA-SHA3-256,ECDSA-SHA3-384_signed-by_RSA-SHA3-256,25.454,1437.87,1244.58,1,39,1.69565,191.043,24,2159.72,2133.55,1789,1786
1,1,93,ECDSA-SHA3-384_signed-by_RSA-SHA3-256,ECDSA-SHA3-384_signed-by_RSA-SHA3-256,10.15,3606.63,1330.42,1,0,0,116.333,24,2176.06,2123.14,1790,1786
1,3,99,ECDSA-SHA3-384_signed-by_RSA-SHA3-256,ECDSA-SHA3-384_signed-by_RSA-SHA3-256,9.006,4062.18,1442.59,1,0,0,130.8,24,2205.99,2129.6,1788,1785
1,4,34,ECDSA-SHA3-384_signed-by_RSA-SHA3-256,ECDSA-SHA3-384_signed-by_RSA-SHA3-256,12.583,2908.59,3246.18,1,57,1.96552,158.414,24,2156.12,2149.04,1789,1786
1,2,94,ECDSA-SHA3-384_signed-by_RSA-SHA3-256,ECDSA-SHA3-384_signed-by_RSA-SHA3-256,11.17,3276.57,1542.67,0.888889,9,0.5,141.111,24,2179.35,2146.79,1789,1786
1,1,94,ECDSA-SHA3-384_signed-by_RSA-SHA3-256,ECDSA-SHA3-384_signed-by_RSA-SHA3-256,9.069,4036.59,2117.09,1,11,0.785714,144.857,24,2157.78,2117.95,1790,1786
1,4,35,ECDSA-SHA3-384_signed-by_RSA-SHA3-256,ECDSA-SHA3-384_signed-by_RSA-SHA3-256,7.335,4989.12,2161.41,0.4375,3,0.1875,168.75,24,2160.03,2119.14,1789,1786
1,2,95,ECDSA-SHA3-384_signed-by_RSA-SHA3-256,ECDSA-SHA3-384_signed-by_RSA-SHA3-256,7.241,5054.54,2810.66,0.368421,14,0.736842,105.789,24,2155.55,2150.46,1789,1786
1,1,95,ECDSA-SHA3-384_signed-by_RSA-SHA3-256,ECDSA-SHA3-384_signed-by_RSA-SHA3-256,7.239,5056.36,1829.84,0.363636,0,0,118,24,2159.35,2117.57,1790,1786
1,4,36,ECDSA-SHA3-384_signed-by_RSA-SHA3-256,ECDSA-SHA3-384_signed-by_RSA-SHA3-256,6.798,5383.28,1948.57,0,0,0,118,24,2156.87,2111.96,1789,1786
1,2,96,ECDSA-SHA3-384_signed-by_RSA-SHA3-256,ECDSA-SHA3-384_signed-by_RSA-SHA3-256,5.689,6432.77,2283.46,0,0,0,130.8,24,2165.78,2115.73,1789,1786
1,1,96,ECDSA-SHA3-384_signed-by_RSA-SHA3-256,ECDSA-SHA3-384_signed-by_RSA-SHA3-256,6.976,5247.21,1898.9,0.363636,0,0,118,24,2152.17,2107.13,1790,1786
1,4,37,ECDSA-SHA3-384_signed-by_RSA-SHA3-256,ECDSA-SHA3-384_signed-by_RSA-SHA3-256,7.455,4909.01,1845.57,0.307692,0,0,105.692,24,2172.99,2122.08,1789,1786
1,2,97,ECDSA-SHA3-384_signed-by_RSA-SHA3-256,ECDSA-SHA3-384_signed-by_RSA-SHA3-256,8.904,4110.08,2042.91,0.25,8,0.5,108,24,2155.97,2109.65,1789,1786
1,1,97,ECDSA-SHA3-384_signed-by_RSA-SHA3-256,ECDSA-SHA3-384_signed-by_RSA-SHA3-256,7.21,5076.8,1837.23,0,0,0,118,24,2151.35,2109.23,1790,1786
1,4,38,ECDSA-SHA3-384_signed-by_RSA-SHA3-256,ECDSA-SHA3-384_signed-by_RSA-SHA3-256,5.703,6417,2322.74,0,0,0,118,24,2153.5,2208.97,1789,1786
1,2,98,ECDSA-SHA3-384_signed-by_RSA-SHA3-256,ECDSA-SHA3-384_signed-by_RSA-SHA3-256,6.909,5296.91,2153.5,0.714286,5,0.357143,104.857,24,2164.42,2139.5,1789,1786
1,1,98,ECDSA-SHA3-384_signed-by_RSA-SHA3-256,ECDSA-SHA3-384_signed-by_RSA-SHA3-256,6.867,5330.47,1956.99,0.833333,4,0.333333,111.333,24,2146.6,2114.11,1790,1786
1,7,99,ECDSA-SHA3-384_signed-by_RSA-SHA3-256,ECDSA-SHA3-384_signed-by_RSA-SHA3-256,72.016,508.105,263.273,1,12,0.6,95.2,18,2249.39,2116.89,1789,1785
1,4,39,ECDSA-SHA3-384_signed-by_RSA-SHA3-256,ECDSA-SHA3-384_signed-by_RSA-SHA3-256,10.034,3647.5,1913.44,0.928571,11,0.785714,144.857,24,2122.44,2113.81,1789,1786
1,2,99,ECDSA-SHA3-384_signed-by_RSA-SHA3-256,ECDSA-SHA3-384_signed-by_RSA-SHA3-256,7.879,4645.23,2252.05,0.214286,7,0.5,121.429,24,2151.69,2120.64,1789,1786
1,1,99,ECDSA-SHA3-384_signed-by_RSA-SHA3-256,ECDSA-SHA3-384_signed-by_RSA-SHA3-256,8.533,4290.1,1713.79,0.230769,2,0.153846,160.462,24,2271.56,2102.79,1790,1786
1,4,40,ECDSA-SHA3-384_signed-by_RSA-SHA3-256,ECDSA-SHA3-384_signed-by_RSA-SHA3-256,5.771,6341.38,2295.37,0,0,0,118,24,2164.11,2128.5,1789,1786
1,4,41,ECDSA-SHA3-384_signed-by_RSA-SHA3-256,ECDSA-SHA3-384_signed-by_RSA-SHA3-256,5.599,6536.49,2365.99,0,0,0,118,24,2181.73,2126.02,1789,1786
1,4,42,ECDSA-SHA3-384_signed-by_RSA-SHA3-256,ECDSA-SHA3-384_signed-by_RSA-SHA3-256,5.572,6568.35,2377.53,0,0,0,118,24,2155.51,2122.04,1789,1786
1,4,43,ECDSA-SHA3-384_signed-by_RSA-SHA3-256,ECDSA-SHA3-384_signed-by_RSA-SHA3-256,5.535,6612.24,2393.41,0,0,0,118,24,2153.09,2132.21,1789,1786
1,4,44,ECDSA-SHA3-384_signed-by_RSA-SHA3-256,ECDSA-SHA3-384_signed-by_RSA-SHA3-256,5.637,6492.59,2350.11,0,0,0,118,24,2154.45,2134.46,1789,1786
1,4,45,ECDSA-SHA3-384_signed-by_RSA-SHA3-256,ECDSA-SHA3-384_signed-by_RSA-SHA3-256,5.552,6591.99,2386.08,0,0,0,118,24,2160.23,2146.09,1789,1786
1,4,46,ECDSA-SHA3-384_signed-by_RSA-SHA3-256,ECDSA-SHA3-384_signed-by_RSA-SHA3-256,5.523,6626.6,2398.61,0,0,0,118,24,2166.4,2130.87,1789,1786
1,4,47,ECDSA-SHA3-384_signed-by_RSA-SHA3-256,ECDSA-SHA3-384_signed-by_RSA-SHA3-256,5.483,6674.94,2416.11,0,0,0,118,24,2152.36,2133.08,1789,1786
1,4,48,ECDSA-SHA3-384_signed-by_RSA-SHA3-256,ECDSA-SHA3-384_signed-by_RSA-SHA3-256,5.552,6591.99,2386.08,0,0,0,118,24,2145.8,2120.75,1789,1786
1,4,49,ECDSA-SHA3-384_signed-by_RSA-SHA3-256,ECDSA-SHA3-384_signed-by_RSA-SHA3-256,5.571,6569.51,2377.95,0,0,0,118,24,2155.4,2125.64,1789,1786
1,4,50,ECDSA-SHA3-384_signed-by_RSA-SHA3-256,ECDSA-SHA3-384_signed-by_RSA-SHA3-256,5.51,6642.24,2404.27,0,0,0,118,24,2161.85,2130.68,1789,1786
1,4,51,ECDSA-SHA3-384_signed-by_RSA-SHA3-256,ECDSA-SHA3-384_signed-by_RSA-SHA3-256,5.46,6703.06,2426.29,0,0,0,118,24,2163.42,2129.74,1789,1786
1,4,52,ECDSA-SHA3-384_signed-by_RSA-SHA3-256,ECDSA-SHA3-384_signed-by_RSA-SHA3-256,5.437,6731.42,2436.55,0,0,0,118,24,2150.02,2114.25,1789,1786
1,4,53,ECDSA-SHA3-384_signed-by_RSA-SHA3-256,ECDSA-SHA3-384_signed-by_RSA-SHA3-256,5.549,6595.55,2387.37,0,0,0,118,24,2154.08,2144.37,1789,1786
1,4,54,ECDSA-SHA3-384_signed-by_RSA-SHA3-256,ECDSA-SHA3-384_signed-by_RSA-SHA3-256,5.432,6737.61,2438.79,0,0,0,118,24,2156.51,2129.81,1789,1786
1,4,55,ECDSA-SHA3-384_signed-by_RSA-SHA3-256,ECDSA-SHA3-384_signed-by_RSA-SHA3-256,5.49,6666.43,2413.03,0,0,0,118,24,2162.03,2129.25,1789,1786
1,4,56,ECDSA-SHA3-384_signed-by_RSA-SHA3-256,ECDSA-SHA3-384_signed-by_RSA-SHA3-256,5.561,6581.32,2382.22,0,0,0,118,24,2192.36,2124.79,1789,1786
1,4,57,ECDSA-SHA3-384_signed-by_RSA-SHA3-256,ECDSA-SHA3-384_signed-by_RSA-SHA3-256,5.481,6677.38,2416.99,0,0,0,118,24,2270.69,2129.67,1789,1786
1,4,58,ECDSA-SHA3-384_signed-by_RSA-SHA3-256,ECDSA-SHA3-384_signed-by_RSA-SHA3-256,5.47,6690.81,2421.85,0,0,0,118,24,2147.9,2129.61,1789,1786
1,4,59,ECDSA-SHA3-384_signed-by_RSA-SHA3-256,ECDSA-SHA3-384_signed-by_RSA-SHA3-256,5.487,6670.08,2414.35,0,0,0,118,24,2171.29,2136.16,1789,1786
1,4,60,ECDSA-SHA3-384_signed-by_RSA-SHA3-256,ECDSA-SHA3-384_signed-by_RSA-SHA3-256,6.856,5337.93,1932.16,0,0,0,118,24,2153.58,2141.19,1789,1786
1,4,61,ECDSA-SHA3-384_signed-by_RSA-SHA3-256,ECDSA-SHA3-384_signed-by_RSA-SHA3-256,5.575,6564.8,2376.24,0,0,0,118,24,2208.68,2156.27,1789,1786
1,4,62,ECDSA-SHA3-384_signed-by_RSA-SHA3-256,ECDSA-SHA3-384_signed-by_RSA-SHA3-256,5.482,6676.16,2416.55,0,0,0,118,24,2159.78,2141.93,1789,1786
1,4,63,ECDSA-SHA3-384_signed-by_RSA-SHA3-256,ECDSA-SHA3-384_signed-by_RSA-SHA3-256,5.512,6639.83,2403.4,0,0,0,118,24,2145.46,2132.53,1789,1786
1,4,64,ECDSA-SHA3-384_signed-by_RSA-SHA3-256,ECDSA-SHA3-384_signed-by_RSA-SHA3-256,5.388,6792.63,2458.71,0,0,0,118,24,2158.93,2125.96,1789,1786
1,4,65,ECDSA-SHA3-384_signed-by_RSA-SHA3-256,ECDSA-SHA3-384_signed-by_RSA-SHA3-256,5.427,6743.82,2441.04,0,0,0,118,24,2166.16,2123.05,1789,1786
1,4,66,ECDSA-SHA3-384_signed-by_RSA-SHA3-256,ECDSA-SHA3-384_signed-by_RSA-SHA3-256,5.527,6621.81,2396.88,0,0,0,118,24,2185.78,2132.77,1789,1786
1,4,67,ECDSA-SHA3-384_signed-by_RSA-SHA3-256,ECDSA-SHA3-384_signed-by_RSA-SHA3-256,5.488,6668.86,2413.91,0,0,0,118,24,2150.86,2121.58,1789,1786
1,4,68,ECDSA-SHA3-384_signed-by_RSA-SHA3-256,ECDSA-SHA3-384_signed-by_RSA-SHA3-256,5.554,6589.62,2385.23,0,0,0,118,24,2148.41,2121.53,1789,1786
1,4,69,ECDSA-SHA3-384_signed-by_RSA-SHA3-256,ECDSA-SHA3-384_signed-by_RSA-SHA3-256,5.412,6762.51,2447.81,0,0,0,118,24,2161.67,2122.61,1789,1786
1,4,70,ECDSA-SHA3-384_signed-by_RSA-SHA3-256,ECDSA-SHA3-384_signed-by_RSA-SHA3-256,5.518,6632.61,2400.79,0,0,0,118,24,2160.73,2152.59,1789,1786
1,4,71,ECDSA-SHA3-384_signed-by_RSA-SHA3-256,ECDSA-SHA3-384_signed-by_RSA-SHA3-256,5.482,6676.16,2416.55,0,0,0,118,24,2148.78,2122.46,1789,1786
1,4,72,ECDSA-SHA3-384_signed-by_RSA-SHA3-256,ECDSA-SHA3-384_signed-by_RSA-SHA3-256,5.618,6514.55,2358.05,0,0,0,118,24,2153.19,2135.14,1789,1786
1,4,73,ECDSA-SHA3-384_signed-by_RSA-SHA3-256,ECDSA-SHA3-384_signed-by_RSA-SHA3-256,5.55,6594.37,2386.94,0,0,0,118,24,2156.81,2141.12,1789,1786
1,4,74,ECDSA-SHA3-384_signed-by_RSA-SHA3-256,ECDSA-SHA3-384_signed-by_RSA-SHA3-256,5.537,6609.85,2392.55,0,0,0,118,24,2155.59,2201.84,1789,1786
1,4,75,ECDSA-SHA3-384_signed-by_RSA-SHA3-256,ECDSA-SHA3-384_signed-by_RSA-SHA3-256,5.482,6676.16,2416.55,0,0,0,118,24,2182.78,2124.96,1789,1786
1,4,76,ECDSA-SHA3-384_signed-by_RSA-SHA3-256,ECDSA-SHA3-384_signed-by_RSA-SHA3-256,5.487,6670.08,2414.35,0,0,0,118,24,2159.51,2128.08,1789,1786
1,4,77,ECDSA-SHA3-384_signed-by_RSA-SHA3-256,ECDSA-SHA3-384_signed-by_RSA-SHA3-256,5.428,6742.58,2440.59,0,0,0,118,24,2151.35,2134.79,1789,1786
1,4,78,ECDSA-SHA3-384_signed-by_RSA-SHA3-256,ECDSA-SHA3-384_signed-by_RSA-SHA3-256,5.584,6554.22,2372.41,0,0,0,118,24,2164.23,2140.27,1789,1786
1,4,79,ECDSA-SHA3-384_signed-by_RSA-SHA3-256,ECDSA-SHA3-384_signed-by_RSA-SHA3-256,5.421,6750.67,2443.52,0,0,0,118,24,2163.08,2114.89,1789,1786
1,4,80,ECDSA-SHA3-384_signed-by_RSA-SHA3-256,ECDSA-SHA3-384_signed-by_RSA-SHA3-256,5.566,6575.41,2380.08,0,0,0,118,24,2140.28,2131.76,1789,1786
1,4,81,ECDSA-SHA3-384_signed-by_RSA-SHA3-256,ECDSA-SHA3-384_signed-by_RSA-SHA3-256,5.453,6711.67,2429.4,0,0,0,118,24,2188.21,2114.11,1789,1786
1,4,82,ECDSA-SHA3-384_signed-by_RSA-SHA3-256,ECDSA-SHA3-384_signed-by_RSA-SHA3-256,5.654,6473.07,2343.04,0,0,0,118,24,2150,2159.55,1789,1786
1,4,83,ECDSA-SHA3-384_signed-by_RSA-SHA3-256,ECDSA-SHA3-384_signed-by_RSA-SHA3-256,5.436,6732.65,2437,0,0,0,118,24,2159.94,2135.67,1789,1786
1,4,84,ECDSA-SHA3-384_signed-by_RSA-SHA3-256,ECDSA-SHA3-384_signed-by_RSA-SHA3-256,5.617,6515.71,2358.47,0,0,0,118,24,2157.23,2130.79,1789,1786
1,4,85,ECDSA-SHA3-384_signed-by_RSA-SHA3-256,ECDSA-SHA3-384_signed-by_RSA-SHA3-256,5.523,6626.6,2398.61,0,0,0,118,24,2152.62,2129.91,1789,1786
1,4,86,ECDSA-SHA3-384_signed-by_RSA-SHA3-256,ECDSA-SHA3-384_signed-by_RSA-SHA3-256,5.503,6650.69,2407.33,0,0,0,118,24,2151.02,2115,1789,1786
1,4,87,ECDSA-SHA3-384_signed-by_RSA-SHA3-256,ECDSA-SHA3-384_signed-by_RSA-SHA3-256,6.139,5961.7,2157.94,0,0,0,119.091,24,2154.55,2134.77,1789,1786
1,4,88,ECDSA-SHA3-384_signed-by_RSA-SHA3-256,ECDSA-SHA3-384_signed-by_RSA-SHA3-256,5.439,6728.94,2435.66,0,0,0,118,24,2160.94,2144.57,1789,1786
1,4,89,ECDSA-SHA3-384_signed-by_RSA-SHA3-256,ECDSA-SHA3-384_signed-by_RSA-SHA3-256,5.448,6717.82,2431.63,0,0,0,118,24,2158.78,2126.18,1789,1786
1,4,90,ECDSA-SHA3-384_signed-by_RSA-SHA3-256,ECDSA-SHA3-384_signed-by_RSA-SHA3-256,5.548,6596.74,2387.8,0,0,0,118,24,2159.45,2124.86,1789,1786
1,4,91,ECDSA-SHA3-384_signed-by_RSA-SHA3-256,ECDSA-SHA3-384_signed-by_RSA-SHA3-256,5.593,6543.67,2368.59,0,0,0,118,24,2157.25,2117.37,1789,1786
1,4,92,ECDSA-SHA3-384_signed-by_RSA-SHA3-256,ECDSA-SHA3-384_signed-by_RSA-SHA3-256,5.457,6706.75,2427.62,0,0,0,118,24,2152.29,2116.87,1789,1786
1,4,93,ECDSA-SHA3-384_signed-by_RSA-SHA3-256,ECDSA-SHA3-384_signed-by_RSA-SHA3-256,5.456,6707.98,2428.07,0,0,0,118,24,2157.51,2130.62,1789,1786
1,4,94,ECDSA-SHA3-384_signed-by_RSA-SHA3-256,ECDSA-SHA3-384_signed-by_RSA-SHA3-256,5.502,6651.89,2407.77,0,0,0,118,24,2160.68,2129.22,1789,1786
1,4,95,ECDSA-SHA3-384_signed-by_RSA-SHA3-256,ECDSA-SHA3-384_signed-by_RSA-SHA3-256,5.559,6583.69,2383.08,0,0,0,118,24,2179.86,2138.68,1789,1786
1,4,96,ECDSA-SHA3-384_signed-by_RSA-SHA3-256,ECDSA-SHA3-384_signed-by_RSA-SHA3-256,6.104,5995.88,2170.31,0,0,0,295.818,24,2171.75,2136.05,1789,1786
1,4,97,ECDSA-SHA3-384_signed-by_RSA-SHA3-256,ECDSA-SHA3-384_signed-by_RSA-SHA3-256,7.172,5103.04,1847.13,0,0,0,118,24,2161.04,2289.79,1789,1786
1,4,98,ECDSA-SHA3-384_signed-by_RSA-SHA3-256,ECDSA-SHA3-384_signed-by_RSA-SHA3-256,5.53,6618.22,2395.58,0,0,0,118,24,2149.21,2127.49,1789,1786
1,4,99,ECDSA-SHA3-384_signed-by_RSA-SHA3-256,ECDSA-SHA3-384_signed-by_RSA-SHA3-256,5.518,6632.61,2400.79,0,0,0,118,24,2120.57,2121.28,1789,1786
