scenario,node_id,handshake_index,sta_cert_algo,ap_cert_algo,handshake_delay_ms,goodput_kbps,throughput_kbps,phy_frame_drop_rate,mac_retries,mac_retry_rate,tx_delay_us,prop_delay_ns,cert_verify_ap_us,cert_verify_sta_us,server_cert_msg_bytes,client_cert_msg_bytes
1,8,0,ED25519_signed-by_RSA-SHA256,ED25519_signed-by_RSA-SHA256,26.769,1298.51,560.647,0.666667,10,0.555556,213.778,14,324.766,391.121,1674,1671
1,3,0,ED25519_signed-by_RSA-SHA256,ED25519_signed-by_RSA-SHA256,40.95,848.829,366.491,1,10,0.555556,206.667,24,309.374,296.265,1674,1671
1,6,0,ED25519_signed-by_RSA-SHA256,ED25519_signed-by_RSA-SHA256,52.724,659.27,131.702,1,0,0,186.333,8,305.465,310.575,1674,1671
1,7,0,ED25519_signed-by_RSA-SHA256,ED25519_signed-by_RSA-SHA256,62.043,560.254,151.507,1,1,0.0625,176.625,16,333.573,305.15,1674,1671
1,5,0,ED25519_signed-by_RSA-SHA256,ED25519_signed-by_RSA-SHA256,66.494,522.751,129.214,1,4,0.25,227.25,15,329.042,338.434,1674,1671
1,2,0,ED25519_signed-by_RSA-SHA256,ED25519_signed-by_RSA-SHA256,72.27,480.971,103.389,1,1,0.0769231,187.231,24,292.532,321.155,1674,1671
1,8,1,ED25519_signed-by_RSA-SHA256,ED25519_signed-by_RSA-SHA256,47.566,730.766,714.116,1,41,1.57692,843.077,14,297.293,283.208,1674,1671
1,1,0,ED25519_signed-by_RSA-SHA256,ED25519_signed-by_RSA-SHA256,77.904,446.186,157.526,1,6,0.285714,176.476,24,292.898,289.203,1674,1671
1,3,1,ED25519_signed-by_RSA-SHA256,ED25519_signed-by_RSA-SHA256,39.47,880.659,589.403,1,17,0.894737,219.684,24,288.841,263.783,1674,1671
1,6,1,ED25519_signed-by_RSA-SHA256,ED25519_signed-by_RSA-SHA256,28.324,1227.23,543.991,0.928571,4,0.285714,660.571,8,289.737,261.423,1674,1671
1,7,1,ED25519_signed-by_RSA-SHA256,ED25519_signed-by_RSA-SHA256,22.437,1549.22,482.773,1,0,0,161.429,16,284.136,261.371,1674,1671
1,5,1,ED25519_signed-by_RSA-SHA256,ED25519_signed-by_RSA-SHA256,20.969,1657.67,631.785,1,0,0,1459.45,15,285.195,255.078,1674,1671
1,2,1,ED25519_signed-by_RSA-SHA256,ED25519_signed-by_RSA-SHA256,15.706,2213.16,976.948,1,7,0.5,260.571,24,323.624,264.797,1674,1671
1,1,1,ED25519_signed-by_RSA-SHA256,ED25519_signed-by_RSA-SHA256,13.532,2568.55,960.028,1,0,0,137.6,24,297.839,289.531,1674,1671
1,8,2,ED25519_signed-by_RSA-SHA256,ED25519_signed-by_RSA-SHA256,18.534,1875.45,984.988,1,7,0.4375,177.25,14,301.558,270.335,1674,1671
1,6,2,ED25519_signed-by_RSA-SHA256,ED25519_signed-by_RSA-SHA256,17.564,1979,847.167,1,5,0.357143,167.429,8,297.245,262.622,1674,1671
1,7,2,ED25519_signed-by_RSA-SHA256,ED25519_signed-by_RSA-SHA256,14.894,2333.8,1191.34,1,7,0.5,197.143,16,288.961,268.274,1674,1671
1,3,2,ED25519_signed-by_RSA-SHA256,ED25519_signed-by_RSA-SHA256,21.639,1606.31,1324.23,1,32,1.23077,218,24,293.603,263.066,1674,1671
1,2,2,ED25519_signed-by_RSA-SHA256,ED25519_signed-by_RSA-SHA256,15.426,2253.3,1368.06,1,17,1.0625,379.5,24,283.769,265.712,1674,1671
1,5,2,ED25519_signed-by_RSA-SHA256,ED25519_signed-by_RSA-SHA256,16.744,2075.92,806.481,1,0,0,400,15,282.093,273.683,1674,1671
1,1,2,ED25519_signed-by_RSA-SHA256,ED25519_signed-by_RSA-SHA256,15.266,2276.91,1265.01,1,11,0.733333,144.133,24,308.737,269.483,1674,1671
1,8,3,ED25519_signed-by_RSA-SHA256,ED25519_signed-by_RSA-SHA256,16.302,2132.19,1803.9,1,35,1.52174,279.913,14,281.253,268.752,1674,1671
1,6,3,ED25519_signed-by_RSA-SHA256,ED25519_signed-by_RSA-SHA256,11.651,2983.18,1115,1,0,0,216,8,273.814,276.871,1674,1671
1,3,3,ED25519_signed-by_RSA-SHA256,ED25519_signed-by_RSA-SHA256,9.187,3783.27,1178.95,1,0,0,150,24,298.154,269.624,1674,1671
1,7,3,ED25519_signed-by_RSA-SHA256,ED25519_signed-by_RSA-SHA256,14.011,2480.88,1660.39,0.947368,17,0.894737,237.789,16,280.344,256.728,1674,1671
1,1,3,ED25519_signed-by_RSA-SHA256,ED25519_signed-by_RSA-SHA256,7.908,4395.18,1642.76,0.5,4,0.4,137.6,24,287.766,256.109,1674,1671
1,5,3,ED25519_signed-by_RSA-SHA256,ED25519_signed-by_RSA-SHA256,11.488,3025.52,1130.83,0.9,0,0,472.4,15,282.484,268.093,1674,1671
1,8,4,ED25519_signed-by_RSA-SHA256,ED25519_signed-by_RSA-SHA256,10.593,3281.14,1430.26,0.615385,0,0,124.769,14,299.513,269.464,1674,1671
1,3,4,ED25519_signed-by_RSA-SHA256,ED25519_signed-by_RSA-SHA256,10.067,3452.6,1315.88,0.636364,0,0,199.818,24,290.651,265.954,1674,1671
1,7,4,ED25519_signed-by_RSA-SHA256,ED25519_signed-by_RSA-SHA256,9.763,3560.1,1330.63,0.7,0,0,137.6,16,276.64,264.74,1674,1671
1,6,4,ED25519_signed-by_RSA-SHA256,ED25519_signed-by_RSA-SHA256,13.64,2548.38,1005.28,1,1,0.0909091,148.182,8,288.431,267.873,1674,1671
1,1,4,ED25519_signed-by_RSA-SHA256,ED25519_signed-by_RSA-SHA256,12.19,2851.43,1081.51,0.727273,3,0.272727,216.545,24,296.027,263.299,1674,1671
1,5,4,ED25519_signed-by_RSA-SHA256,ED25519_signed-by_RSA-SHA256,14.628,2376.17,1048.9,0.357143,7,0.5,368.857,15,283.251,269.733,1674,1671
1,8,5,ED25519_signed-by_RSA-SHA256,ED25519_signed-by_RSA-SHA256,12.207,2847.48,1064.28,1,4,0.4,137.6,14,304.832,259.424,1674,1671
1,3,5,ED25519_signed-by_RSA-SHA256,ED25519_signed-by_RSA-SHA256,14.721,2361.15,882.51,1,0,0,216,24,302.442,270.415,1674,1671
1,6,5,ED25519_signed-by_RSA-SHA256,ED25519_signed-by_RSA-SHA256,14.093,2466.36,1596.18,0.722222,14,0.777778,164.889,8,281.006,266.734,1674,1671
1,2,3,ED25519_signed-by_RSA-SHA256,ED25519_signed-by_RSA-SHA256,35.157,988.698,623.938,1,20,1,436.6,24,275.542,263.32,1674,1671
1,1,5,ED25519_signed-by_RSA-SHA256,ED25519_signed-by_RSA-SHA256,13.675,2541.84,1474.21,0.722222,7,0.388889,169.111,24,285.107,259.108,1674,1671
1,7,5,ED25519_signed-by_RSA-SHA256,ED25519_signed-by_RSA-SHA256,18.818,1847.07,891.867,1,11,1.1,184.4,16,291.67,257.738,1674,1671
1,5,5,ED25519_signed-by_RSA-SHA256,ED25519_signed-by_RSA-SHA256,14.342,2423.63,923.714,1,0,0,432.909,15,278.417,258.314,1674,1671
1,8,6,ED25519_signed-by_RSA-SHA256,ED25519_signed-by_RSA-SHA256,13.527,2569.66,974.639,1,3,0.272727,216.545,14,282.19,265.542,1674,1671
1,3,6,ED25519_signed-by_RSA-SHA256,ED25519_signed-by_RSA-SHA256,13.911,2498.59,1089.14,1,0,0,184.154,24,282.069,264.722,1674,1671
1,6,6,ED25519_signed-by_RSA-SHA256,ED25519_signed-by_RSA-SHA256,14.324,2426.55,924.824,1,0,0,199.818,8,274.509,264.446,1674,1671
1,2,4,ED25519_signed-by_RSA-SHA256,ED25519_signed-by_RSA-SHA256,14.505,2396.27,895.635,1,0,0,330.4,24,285.235,268.225,1674,1671
1,1,6,ED25519_signed-by_RSA-SHA256,ED25519_signed-by_RSA-SHA256,13.585,2558.55,956.291,1,0,0,137.6,24,293.268,256.313,1674,1671
1,7,6,ED25519_signed-by_RSA-SHA256,ED25519_signed-by_RSA-SHA256,14.756,2355.51,1430.11,1,17,1.0625,387,16,288.504,262.56,1674,1671
1,5,6,ED25519_signed-by_RSA-SHA256,ED25519_signed-by_RSA-SHA256,13.361,2601.44,1133.97,0.615385,0,0,228.462,15,282.823,258.146,1674,1671
1,8,7,ED25519_signed-by_RSA-SHA256,ED25519_signed-by_RSA-SHA256,14.087,2467.37,1651.35,0.421053,17,0.894737,236.526,14,286.067,259.138,1674,1671
1,3,7,ED25519_signed-by_RSA-SHA256,ED25519_signed-by_RSA-SHA256,11.905,2919.58,909.807,0,0,0,150,24,282.666,280.912,1674,1671
1,6,7,ED25519_signed-by_RSA-SHA256,ED25519_signed-by_RSA-SHA256,12.35,2814.38,1226.8,0,0,0,184.154,8,272.034,264.713,1674,1671
1,1,7,ED25519_signed-by_RSA-SHA256,ED25519_signed-by_RSA-SHA256,11.347,3063.15,954.548,0,0,0,330.571,24,289.719,271.876,1674,1671
1,2,5,ED25519_signed-by_RSA-SHA256,ED25519_signed-by_RSA-SHA256,13.789,2520.68,1098.77,0.230769,4,0.307692,277.692,24,280.955,257.397,1674,1671
1,7,7,ED25519_signed-by_RSA-SHA256,ED25519_signed-by_RSA-SHA256,10.756,3231.46,1408.6,0.230769,0,0,199.231,16,289.798,263.029,1674,1671
1,5,7,ED25519_signed-by_RSA-SHA256,ED25519_signed-by_RSA-SHA256,11.206,3101.68,966.554,0.428571,0,0,309.429,15,288.648,260.12,1674,1671
1,8,8,ED25519_signed-by_RSA-SHA256,ED25519_signed-by_RSA-SHA256,10.16,3420.99,1278.64,0.3,0,0,128.4,14,276.408,259.803,1674,1671
1,3,8,ED25519_signed-by_RSA-SHA256,ED25519_signed-by_RSA-SHA256,12.06,2882.05,1077.2,0.3,0,0,216,24,289.064,270.526,1674,1671
1,6,8,ED25519_signed-by_RSA-SHA256,ED25519_signed-by_RSA-SHA256,11.014,3155.74,983.401,0.857143,0,0,150,8,283.445,265.146,1674,1671
1,1,8,ED25519_signed-by_RSA-SHA256,ED25519_signed-by_RSA-SHA256,10.819,3212.62,1200.76,0.6,0,0,234.4,24,288.974,260.15,1674,1671
1,7,8,ED25519_signed-by_RSA-SHA256,ED25519_signed-by_RSA-SHA256,9.437,3683.08,1147.73,0.428571,0,0,161.429,16,283.698,261.988,1674,1671
1,5,8,ED25519_signed-by_RSA-SHA256,ED25519_signed-by_RSA-SHA256,10.991,3162.32,1378.47,0.692308,4,0.307692,373.077,15,296.263,262.371,1674,1671
1,3,9,ED25519_signed-by_RSA-SHA256,ED25519_signed-by_RSA-SHA256,7.731,4495.72,1680.33,1,0,0,216,24,294.423,268.367,1674,1671
1,6,9,ED25519_signed-by_RSA-SHA256,ED25519_signed-by_RSA-SHA256,8.507,4085.66,1780.95,1,4,0.307692,184.154,8,284.715,262.207,1674,1671
1,2,6,ED25519_signed-by_RSA-SHA256,ED25519_signed-by_RSA-SHA256,18.06,1924.63,1386.45,1,21,0.913043,222.87,24,293.843,284.095,1674,1671
1,7,9,ED25519_signed-by_RSA-SHA256,ED25519_signed-by_RSA-SHA256,10.992,3162.26,1820.94,1,7,0.388889,168.889,16,279.627,265.583,1674,1671
1,5,9,ED25519_signed-by_RSA-SHA256,ED25519_signed-by_RSA-SHA256,10.899,3189.28,1299.2,1,4,0.307692,264.769,15,302.146,265.147,1674,1671
1,8,9,ED25519_signed-by_RSA-SHA256,ED25519_signed-by_RSA-SHA256,23.772,1462.22,954.396,1,15,0.789474,112.105,14,288.582,267.156,1674,1671
1,1,9,ED25519_signed-by_RSA-SHA256,ED25519_signed-by_RSA-SHA256,18.904,1838.7,1189.97,1,14,0.777778,203.556,24,294.518,266.788,1674,1671
1,2,7,ED25519_signed-by_RSA-SHA256,ED25519_signed-by_RSA-SHA256,13.316,2610.36,998.486,1,4,0.333333,281.333,24,280.605,273.666,1674,1671
1,7,10,ED25519_signed-by_RSA-SHA256,ED25519_signed-by_RSA-SHA256,11.796,2946.54,918.21,1,0,0,161.429,16,291.137,258.601,1674,1671
1,3,10,ED25519_signed-by_RSA-SHA256,ED25519_signed-by_RSA-SHA256,19.664,1767.64,1151.3,1,16,0.695652,142.522,24,282.538,261.114,1674,1671
1,5,10,ED25519_signed-by_RSA-SHA256,ED25519_signed-by_RSA-SHA256,11.599,2996.57,1328.28,0.571429,0,0,260.571,15,281.098,261.016,1674,1671
1,6,10,ED25519_signed-by_RSA-SHA256,ED25519_signed-by_RSA-SHA256,19.484,1783.97,686.489,1,4,0.333333,186.333,8,291.964,266.688,1674,1671
1,8,10,ED25519_signed-by_RSA-SHA256,ED25519_signed-by_RSA-SHA256,12.673,2742.83,1025.17,0.8,0,0,128.4,14,292.462,267.429,1674,1671
1,1,10,ED25519_signed-by_RSA-SHA256,ED25519_signed-by_RSA-SHA256,12.672,2743.04,1665.39,0.8125,17,1.0625,267,24,283.79,272.001,1674,1671
1,2,8,ED25519_signed-by_RSA-SHA256,ED25519_signed-by_RSA-SHA256,13.309,2611.73,1157.7,0.571429,0,0,260.571,24,291.036,263.526,1674,1671
1,7,11,ED25519_signed-by_RSA-SHA256,ED25519_signed-by_RSA-SHA256,12.606,2757.39,1201.96,0.615385,0,0,199.231,16,280.055,265.243,1674,1671
1,3,11,ED25519_signed-by_RSA-SHA256,ED25519_signed-by_RSA-SHA256,11.785,2949.5,1124.14,0.727273,0,0,124.545,24,287.702,262.873,1674,1671
1,5,11,ED25519_signed-by_RSA-SHA256,ED25519_signed-by_RSA-SHA256,13.487,2577.26,803.134,1,0,0,220.857,15,279.598,278.127,1674,1671
1,6,11,ED25519_signed-by_RSA-SHA256,ED25519_signed-by_RSA-SHA256,13.362,2601.38,1327.93,0.571429,7,0.5,182.286,8,288.304,365.659,1674,1671
1,8,11,ED25519_signed-by_RSA-SHA256,ED25519_signed-by_RSA-SHA256,13.442,2585.9,1248.61,1,11,1.1,170.8,14,282.029,268.333,1674,1671
1,1,11,ED25519_signed-by_RSA-SHA256,ED25519_signed-by_RSA-SHA256,12.652,2747.38,1197.59,1,4,0.307692,124.769,24,294.041,273.764,1674,1671
1,7,12,ED25519_signed-by_RSA-SHA256,ED25519_signed-by_RSA-SHA256,12.164,2857.61,932.586,1,0,0,134,16,292.785,272.398,1674,1671
1,3,12,ED25519_signed-by_RSA-SHA256,ED25519_signed-by_RSA-SHA256,15.713,2212.16,1008.07,1,7,0.583333,123.333,24,296.338,271.62,1674,1671
1,2,9,ED25519_signed-by_RSA-SHA256,ED25519_signed-by_RSA-SHA256,19.34,1797.28,805.775,1,7,0.636364,229.273,24,281.73,316.847,1674,1671
1,5,12,ED25519_signed-by_RSA-SHA256,ED25519_signed-by_RSA-SHA256,15.179,2289.99,1181.63,1,8,0.533333,258.533,15,282.3,264.307,1674,1671
1,6,12,ED25519_signed-by_RSA-SHA256,ED25519_signed-by_RSA-SHA256,17.523,1983.64,1204.34,1,17,1.0625,245.5,8,270.565,274.566,1674,1671
1,8,12,ED25519_signed-by_RSA-SHA256,ED25519_signed-by_RSA-SHA256,15.671,2218.08,829.037,1,0,0,216,14,299.639,266.164,1674,1671
1,1,12,ED25519_signed-by_RSA-SHA256,ED25519_signed-by_RSA-SHA256,17.097,2033.07,1256.81,0.833333,21,1.16667,427.556,24,284.151,266.002,1674,1671
1,7,13,ED25519_signed-by_RSA-SHA256,ED25519_signed-by_RSA-SHA256,13.624,2551.21,1126.17,0,7,0.5,187.714,16,294.053,262.061,1674,1671
1,3,13,ED25519_signed-by_RSA-SHA256,ED25519_signed-by_RSA-SHA256,10.775,3225.74,1205.66,0.4,0,0,216,24,279.711,265.307,1674,1671
1,5,13,ED25519_signed-by_RSA-SHA256,ED25519_signed-by_RSA-SHA256,10.48,3316.52,1239.59,0.4,0,0,330.4,15,289.098,258.62,1674,1671
1,6,13,ED25519_signed-by_RSA-SHA256,ED25519_signed-by_RSA-SHA256,10.518,3304.52,1440.45,0.538462,0,0,184.154,8,289.94,271.245,1674,1671
1,8,13,ED25519_signed-by_RSA-SHA256,ED25519_signed-by_RSA-SHA256,12.343,2816.16,1248.32,0.857143,0,0,173.714,14,284.592,348.158,1674,1671
1,2,10,ED25519_signed-by_RSA-SHA256,ED25519_signed-by_RSA-SHA256,17.707,1963.01,1134.89,0.666667,8,0.444444,232.444,24,299.463,273.468,1674,1671
1,1,13,ED25519_signed-by_RSA-SHA256,ED25519_signed-by_RSA-SHA256,13.075,2658.49,1541.86,0.944444,7,0.388889,169.111,24,274.019,262.294,1674,1671
1,7,14,ED25519_signed-by_RSA-SHA256,ED25519_signed-by_RSA-SHA256,13.338,2606.07,1587.03,1,7,0.4375,268.25,16,283.062,265.834,1674,1671
1,3,14,ED25519_signed-by_RSA-SHA256,ED25519_signed-by_RSA-SHA256,14.33,2425.65,906.618,1,0,0,216,24,292.733,260.601,1674,1671
1,5,14,ED25519_signed-by_RSA-SHA256,ED25519_signed-by_RSA-SHA256,12.599,2758.94,1202.63,1,4,0.307692,166,15,282.273,267.939,1674,1671
1,6,14,ED25519_signed-by_RSA-SHA256,ED25519_signed-by_RSA-SHA256,11.838,2936.07,1600.14,1,11,0.846154,149.385,8,291.48,280.269,1674,1671
1,2,11,ED25519_signed-by_RSA-SHA256,ED25519_signed-by_RSA-SHA256,12.423,2798.02,1087.01,1,0,0,160.667,24,299.405,263.418,1674,1671
1,1,14,ED25519_signed-by_RSA-SHA256,ED25519_signed-by_RSA-SHA256,11.723,2964.86,923.918,1,0,0,161.429,24,295.334,258.558,1674,1671
1,7,15,ED25519_signed-by_RSA-SHA256,ED25519_signed-by_RSA-SHA256,12.257,2835.92,1059.96,1,0,0,234.4,16,282.945,257.988,1674,1671
1,8,14,ED25519_signed-by_RSA-SHA256,ED25519_signed-by_RSA-SHA256,18.111,1919.22,1189.08,1,18,1.28571,150,15,304.536,256.014,1674,1671
1,3,15,ED25519_signed-by_RSA-SHA256,ED25519_signed-by_RSA-SHA256,14.536,2391.26,1451.81,1,17,1.0625,245.5,24,294.608,275.121,1674,1671
1,5,15,ED25519_signed-by_RSA-SHA256,ED25519_signed-by_RSA-SHA256,15.673,2217.77,1007.57,1,4,0.25,232.75,15,289.685,263.135,1674,1671
1,2,12,ED25519_signed-by_RSA-SHA256,ED25519_signed-by_RSA-SHA256,11.011,3156.58,1179.81,0.3,0,0,185.2,24,293.926,260.871,1674,1671
1,6,15,ED25519_signed-by_RSA-SHA256,ED25519_signed-by_RSA-SHA256,15.815,2197.87,1073.39,0.818182,12,1.09091,158.727,8,289.384,265.861,1674,1671
1,7,16,ED25519_signed-by_RSA-SHA256,ED25519_signed-by_RSA-SHA256,11.365,3058.27,1143.07,0.3,0,0,234.4,16,297.746,257.056,1674,1671
1,8,15,ED25519_signed-by_RSA-SHA256,ED25519_signed-by_RSA-SHA256,11.122,3125.09,1395.32,0.8,0,0,164.4,15,318.319,266.716,1674,1671
1,1,15,ED25519_signed-by_RSA-SHA256,ED25519_signed-by_RSA-SHA256,15.197,2287.26,1309.71,0.705882,7,0.411765,137.294,24,281.131,265.284,1674,1671
1,3,16,ED25519_signed-by_RSA-SHA256,ED25519_signed-by_RSA-SHA256,12.428,2796.9,1045.38,1,0,0,216,24,289.344,262.353,1674,1671
1,5,16,ED25519_signed-by_RSA-SHA256,ED25519_signed-by_RSA-SHA256,11.659,2981.38,929.067,1,0,0,220.857,15,282.585,272.619,1674,1671
1,2,13,ED25519_signed-by_RSA-SHA256,ED25519_signed-by_RSA-SHA256,13.461,2582.23,823.698,1,0,0,198,24,283.184,267.094,1674,1671
1,6,16,ED25519_signed-by_RSA-SHA256,ED25519_signed-by_RSA-SHA256,13.503,2574.19,962.136,1,0,0,216,8,295.142,277.805,1674,1671
1,8,16,ED25519_signed-by_RSA-SHA256,ED25519_signed-by_RSA-SHA256,11.838,2936.27,1097.47,1,0,0,128.4,15,292.671,270.734,1674,1671
1,1,16,ED25519_signed-by_RSA-SHA256,ED25519_signed-by_RSA-SHA256,11.847,2934.04,1438.32,1,11,1,171.091,24,275.877,262.762,1674,1671
1,7,17,ED25519_signed-by_RSA-SHA256,ED25519_signed-by_RSA-SHA256,15.299,2271.99,1843.73,0.833333,25,1.04167,207.167,16,278.817,258.432,1674,1671
1,5,17,ED25519_signed-by_RSA-SHA256,ED25519_signed-by_RSA-SHA256,10.627,3270.63,1669.56,1,7,0.5,197.143,15,287.171,271.16,1674,1671
1,3,17,ED25519_signed-by_RSA-SHA256,ED25519_signed-by_RSA-SHA256,13.262,2620.99,979.63,1,0,0,128.4,24,492.537,271.616,1674,1671
1,2,14,ED25519_signed-by_RSA-SHA256,ED25519_signed-by_RSA-SHA256,11.161,3114.17,1163.96,1,0,0,330.4,24,287.889,267.491,1674,1671
1,6,17,ED25519_signed-by_RSA-SHA256,ED25519_signed-by_RSA-SHA256,11.967,2904.42,1085.56,1,0,0,234.4,8,288.007,259.393,1674,1671
1,8,17,ED25519_signed-by_RSA-SHA256,ED25519_signed-by_RSA-SHA256,12.266,2833.84,941.786,1,1,0.125,138.5,15,294.712,270.04,1674,1671
1,1,17,ED25519_signed-by_RSA-SHA256,ED25519_signed-by_RSA-SHA256,13.086,2656.25,1777.76,1,17,0.894737,237.789,24,282.361,257.055,1674,1671
1,7,18,ED25519_signed-by_RSA-SHA256,ED25519_signed-by_RSA-SHA256,14.89,2334.41,1285.14,1,12,0.857143,152,16,303.742,271.145,1674,1671
1,3,18,ED25519_signed-by_RSA-SHA256,ED25519_signed-by_RSA-SHA256,11.957,2907.08,1961.7,0.65,18,0.9,210,24,286.227,274.774,1674,1671
1,2,15,ED25519_signed-by_RSA-SHA256,ED25519_signed-by_RSA-SHA256,10.117,3435.53,1497.56,0.307692,0,0,277.692,24,289.093,266.513,1674,1671
1,5,18,ED25519_signed-by_RSA-SHA256,ED25519_signed-by_RSA-SHA256,17.927,1938.92,1208.42,1,18,0.947368,230.632,15,296.267,265.649,1674,1671
1,6,18,ED25519_signed-by_RSA-SHA256,ED25519_signed-by_RSA-SHA256,15.077,2305.45,1202.33,0.6875,9,0.5625,175.75,8,286.475,265.901,1674,1671
1,1,18,ED25519_signed-by_RSA-SHA256,ED25519_signed-by_RSA-SHA256,13.135,2646.33,1205.92,0.916667,7,0.583333,132,24,285.657,270.073,1674,1671
1,2,16,ED25519_signed-by_RSA-SHA256,ED25519_signed-by_RSA-SHA256,10.198,3408.18,1062.07,1,0,0,220.857,24,285.773,262.319,1674,1671
1,8,18,ED25519_signed-by_RSA-SHA256,ED25519_signed-by_RSA-SHA256,17.476,1988.96,1168.2,0.894737,11,0.578947,150.632,15,301.295,262.758,1674,1671
1,7,19,ED25519_signed-by_RSA-SHA256,ED25519_signed-by_RSA-SHA256,13.841,2511.34,782.59,1,0,0,161.429,16,291.252,268.717,1674,1671
1,3,19,ED25519_signed-by_RSA-SHA256,ED25519_signed-by_RSA-SHA256,16.562,2098.72,956.378,1,7,0.583333,129.333,24,287.356,270.814,1674,1671
1,5,19,ED25519_signed-by_RSA-SHA256,ED25519_signed-by_RSA-SHA256,15.484,2244.82,1145.92,1,7,0.5,197.143,15,279.884,265.619,1674,1671
1,6,19,ED25519_signed-by_RSA-SHA256,ED25519_signed-by_RSA-SHA256,14.201,2447.66,1249.46,1,7,0.5,197.143,8,292.333,279.144,1674,1671
1,1,19,ED25519_signed-by_RSA-SHA256,ED25519_signed-by_RSA-SHA256,12.359,2812.49,1051.2,1,0,0,234.4,24,292.193,262.207,1674,1671
1,2,17,ED25519_signed-by_RSA-SHA256,ED25519_signed-by_RSA-SHA256,11.909,2918.76,1112.42,1,0,0,295.091,24,294.355,270.404,1674,1671
1,7,20,ED25519_signed-by_RSA-SHA256,ED25519_signed-by_RSA-SHA256,14.128,2460.32,919.576,1,0,0,137.6,16,288.094,255.976,1674,1671
1,8,19,ED25519_signed-by_RSA-SHA256,ED25519_signed-by_RSA-SHA256,15.997,2172.86,1347.22,1,20,1.11111,242.444,15,282.985,266.349,1674,1671
1,3,20,ED25519_signed-by_RSA-SHA256,ED25519_signed-by_RSA-SHA256,14.248,2439.59,1481.16,1,17,1.0625,245.5,24,302.648,265.49,1674,1671
1,1,20,ED25519_signed-by_RSA-SHA256,ED25519_signed-by_RSA-SHA256,10.553,3293.57,1231.02,0.8,0,0,234.4,24,297.825,272.079,1674,1671
1,6,20,ED25519_signed-by_RSA-SHA256,ED25519_signed-by_RSA-SHA256,12.14,2863.26,1248.1,1,4,0.307692,198.308,8,289.678,265.791,1674,1671
1,5,20,ED25519_signed-by_RSA-SHA256,ED25519_signed-by_RSA-SHA256,14.855,2339.92,1420.65,1,17,1.0625,267,15,283.44,266.748,1674,1671
1,2,18,ED25519_signed-by_RSA-SHA256,ED25519_signed-by_RSA-SHA256,15.187,2288.75,872.308,1,0,0,303.818,24,271.959,273.76,1674,1671
1,8,20,ED25519_signed-by_RSA-SHA256,ED25519_signed-by_RSA-SHA256,10.303,3373.75,1740.84,1,8,0.533333,172.667,15,294.971,271.11,1674,1671
1,3,21,ED25519_signed-by_RSA-SHA256,ED25519_signed-by_RSA-SHA256,11.871,2928.09,1959.69,1,17,0.894737,223.474,24,287.086,314.14,1674,1671
1,7,21,ED25519_signed-by_RSA-SHA256,ED25519_signed-by_RSA-SHA256,16.574,2097.18,1082.13,1,8,0.533333,186.533,16,283.907,271.139,1674,1671
1,1,21,ED25519_signed-by_RSA-SHA256,ED25519_signed-by_RSA-SHA256,12.921,2690.14,1648.14,1,18,1.05882,253.529,24,313.291,266.377,1674,1671
1,5,21,ED25519_signed-by_RSA-SHA256,ED25519_signed-by_RSA-SHA256,12.271,2832.65,1895.82,0.894737,17,0.894737,237.789,15,288.361,267.562,1674,1671
1,2,19,ED25519_signed-by_RSA-SHA256,ED25519_signed-by_RSA-SHA256,9.694,3585.4,1340.09,0.5,0,0,256.8,24,280.7,265.54,1674,1671
1,8,21,ED25519_signed-by_RSA-SHA256,ED25519_signed-by_RSA-SHA256,11.763,2955.02,1288.1,0.615385,4,0.307692,184.154,15,285.985,262.687,1674,1671
1,6,21,ED25519_signed-by_RSA-SHA256,ED25519_signed-by_RSA-SHA256,18.21,1908.77,1179.97,1,21,1.16667,231.333,8,290.916,281.599,1674,1671
1,3,22,ED25519_signed-by_RSA-SHA256,ED25519_signed-by_RSA-SHA256,11.112,3127.88,997.754,1,0,0,158,24,277.637,276.162,1674,1671
1,5,22,ED25519_signed-by_RSA-SHA256,ED25519_signed-by_RSA-SHA256,13.171,2639.05,1654.49,1,18,1.2,153.2,15,277.139,273.835,1674,1671
1,1,22,ED25519_signed-by_RSA-SHA256,ED25519_signed-by_RSA-SHA256,15.204,2286.15,1792.09,1,21,0.954545,174.182,24,289.268,264.167,1674,1671
1,6,22,ED25519_signed-by_RSA-SHA256,ED25519_signed-by_RSA-SHA256,9.324,3727.97,2270.25,0.8125,5,0.3125,190.5,8,284.782,261.545,1674,1671
1,7,22,ED25519_signed-by_RSA-SHA256,ED25519_signed-by_RSA-SHA256,18.417,1887.3,973.841,1,8,0.533333,186.533,16,284.637,276.64,1674,1671
1,2,20,ED25519_signed-by_RSA-SHA256,ED25519_signed-by_RSA-SHA256,15.952,2178.96,1124.33,1,8,0.533333,203.067,24,282.328,257.265,1674,1671
1,8,22,ED25519_signed-by_RSA-SHA256,ED25519_signed-by_RSA-SHA256,14.737,2358.62,956.474,1,5,0.384615,176.154,15,289.761,258.555,1674,1671
1,3,23,ED25519_signed-by_RSA-SHA256,ED25519_signed-by_RSA-SHA256,11.94,2911.19,1486.08,0.5,7,0.5,214.857,24,295.341,259.311,1674,1671
1,1,23,ED25519_signed-by_RSA-SHA256,ED25519_signed-by_RSA-SHA256,8.793,3952.84,1723.06,0,0,0,199.231,24,284.695,263.371,1674,1671
1,5,23,ED25519_signed-by_RSA-SHA256,ED25519_signed-by_RSA-SHA256,11.521,3016.87,1127.59,0,0,0,234.4,15,275.067,268.605,1674,1671
1,7,23,ED25519_signed-by_RSA-SHA256,ED25519_signed-by_RSA-SHA256,10.089,3445.08,1287.64,0,0,0,234.4,16,286.008,268.708,1674,1671
1,6,23,ED25519_signed-by_RSA-SHA256,ED25519_signed-by_RSA-SHA256,12.653,2746.98,1026.72,0,0,0,216,8,276.299,258.361,1674,1671
1,2,21,ED25519_signed-by_RSA-SHA256,ED25519_signed-by_RSA-SHA256,10.678,3255.05,1216.62,0,0,0,256.8,24,283.005,269.707,1674,1671
1,3,24,ED25519_signed-by_RSA-SHA256,ED25519_signed-by_RSA-SHA256,9.058,3837.2,1434.2,0,0,0,256.8,24,285.644,260.874,1674,1671
1,8,23,ED25519_signed-by_RSA-SHA256,ED25519_signed-by_RSA-SHA256,12.123,2867.06,1249.76,0,0,0,184.154,15,293.875,279.378,1674,1671
1,1,24,ED25519_signed-by_RSA-SHA256,ED25519_signed-by_RSA-SHA256,11.776,2951.55,919.768,0.714286,0,0,161.429,24,294.344,268.536,1674,1671
1,7,24,ED25519_signed-by_RSA-SHA256,ED25519_signed-by_RSA-SHA256,10.456,3324.14,1242.44,0.5,0,0,234.4,16,274.265,263.697,1674,1671
1,5,24,ED25519_signed-by_RSA-SHA256,ED25519_signed-by_RSA-SHA256,11.866,2929.15,1116.38,0.454545,0,0,216.545,15,288.819,270.207,1674,1671
1,6,24,ED25519_signed-by_RSA-SHA256,ED25519_signed-by_RSA-SHA256,10.284,3379.73,1263.22,0.5,0,0,216,8,285.787,267.902,1674,1671
1,2,22,ED25519_signed-by_RSA-SHA256,ED25519_signed-by_RSA-SHA256,10.268,3385,1265.19,0.5,0,0,256.8,24,281.638,260.467,1674,1671
1,3,25,ED25519_signed-by_RSA-SHA256,ED25519_signed-by_RSA-SHA256,12.573,2764.65,1053.69,1,0,0,236.909,24,294.83,268.855,1674,1671
1,8,24,ED25519_signed-by_RSA-SHA256,ED25519_signed-by_RSA-SHA256,11.306,3074.21,1484.4,1,11,1.1,170.8,15,297.384,262.74,1674,1671
1,1,25,ED25519_signed-by_RSA-SHA256,ED25519_signed-by_RSA-SHA256,11.66,2981.13,1114.23,1,0,0,256.8,24,290.899,272.531,1674,1671
1,7,25,ED25519_signed-by_RSA-SHA256,ED25519_signed-by_RSA-SHA256,11.904,2920.01,1294.35,1,0,0,202,16,289.086,262.879,1674,1671
1,6,25,ED25519_signed-by_RSA-SHA256,ED25519_signed-by_RSA-SHA256,12.188,2851.97,1243.18,1,0,0,184.154,8,280.801,274.436,1674,1671
1,5,25,ED25519_signed-by_RSA-SHA256,ED25519_signed-by_RSA-SHA256,13.565,2562.45,1116.98,1,4,0.307692,199.231,15,293.064,276.044,1674,1671
1,2,23,ED25519_signed-by_RSA-SHA256,ED25519_signed-by_RSA-SHA256,13.475,2579.57,1726.44,1,17,0.894737,261.368,24,279.339,260.472,1674,1671
1,8,25,ED25519_signed-by_RSA-SHA256,ED25519_signed-by_RSA-SHA256,11.033,3150.28,1177.46,1,0,0,216,15,291.715,263.872,1674,1671
1,3,26,ED25519_signed-by_RSA-SHA256,ED25519_signed-by_RSA-SHA256,13.661,2544.44,1702.93,0.578947,17,0.894737,256.947,24,315.228,263.862,1674,1671
1,1,26,ED25519_signed-by_RSA-SHA256,ED25519_signed-by_RSA-SHA256,10.581,3284.86,1431.88,0.615385,0,0,218.308,24,370.122,269.347,1674,1671
1,2,24,ED25519_signed-by_RSA-SHA256,ED25519_signed-by_RSA-SHA256,7.7,4513.83,1406.61,1,0,0,175.143,24,325.184,276.313,1674,1671
1,6,26,ED25519_signed-by_RSA-SHA256,ED25519_signed-by_RSA-SHA256,10.297,3375.44,1261.61,1,0,0,128.4,8,307.419,297.278,1674,1671
1,8,26,ED25519_signed-by_RSA-SHA256,ED25519_signed-by_RSA-SHA256,8.67,4008.85,1747.47,0.769231,4,0.307692,184.154,15,290.007,263.705,1674,1671
1,5,26,ED25519_signed-by_RSA-SHA256,ED25519_signed-by_RSA-SHA256,12.347,2815.23,1301.03,0.666667,4,0.266667,179.067,15,386.698,289.263,1674,1671
1,7,26,ED25519_signed-by_RSA-SHA256,ED25519_signed-by_RSA-SHA256,16.477,2109.56,1076.87,0.928571,7,0.5,128,16,301.936,297.42,1674,1671
1,1,27,ED25519_signed-by_RSA-SHA256,ED25519_signed-by_RSA-SHA256,12.675,2742.33,1229.47,1,7,0.636364,151.455,24,297.317,274.124,1674,1671
1,6,27,ED25519_signed-by_RSA-SHA256,ED25519_signed-by_RSA-SHA256,10.841,3206.3,1198.4,1,0,0,128.4,8,288.058,280.813,1674,1671
1,7,27,ED25519_signed-by_RSA-SHA256,ED25519_signed-by_RSA-SHA256,7.062,4921.53,1533.66,1,0,0,161.429,16,339.195,275.148,1674,1671
1,5,27,ED25519_signed-by_RSA-SHA256,ED25519_signed-by_RSA-SHA256,10.474,3318.67,1377.88,1,6,0.5,126.333,15,311.382,294.421,1674,1671
1,3,27,ED25519_signed-by_RSA-SHA256,ED25519_signed-by_RSA-SHA256,19.845,1751.49,1223.02,1,21,1.05,128.8,24,313.585,297.868,1674,1671
1,8,27,ED25519_signed-by_RSA-SHA256,ED25519_signed-by_RSA-SHA256,13.315,2610.54,990.141,1,3,0.272727,199.818,15,327.837,280.154,1674,1671
1,6,28,ED25519_signed-by_RSA-SHA256,ED25519_signed-by_RSA-SHA256,10.417,3336.62,1039.77,1,0,0,150,8,290.401,271.177,1674,1671
1,7,28,ED25519_signed-by_RSA-SHA256,ED25519_signed-by_RSA-SHA256,12.291,2828.08,1232.77,1,0,0,201.077,16,284.897,274.347,1674,1671
1,2,25,ED25519_signed-by_RSA-SHA256,ED25519_signed-by_RSA-SHA256,25.344,1371.51,987.992,1,16,0.695652,169.13,24,282.174,269.683,1674,1671
1,8,28,ED25519_signed-by_RSA-SHA256,ED25519_signed-by_RSA-SHA256,11.72,2965.85,1698.28,0.352941,7,0.411765,163.882,15,292.865,264.222,1674,1671
1,5,28,ED25519_signed-by_RSA-SHA256,ED25519_signed-by_RSA-SHA256,14.327,2426.15,1070.97,0.428571,3,0.214286,247.714,15,274,265.492,1674,1671
1,3,28,ED25519_signed-by_RSA-SHA256,ED25519_signed-by_RSA-SHA256,14.364,2419.9,1084.92,0.545455,7,0.636364,131.091,24,294.766,265.948,1674,1671
1,1,28,ED25519_signed-by_RSA-SHA256,ED25519_signed-by_RSA-SHA256,20.897,1663.35,1410.3,1,34,1.47826,289.652,24,310.464,268.082,1674,1671
1,6,29,ED25519_signed-by_RSA-SHA256,ED25519_signed-by_RSA-SHA256,11.567,3005.09,1123.19,1,0,0,216,9,299.49,262.515,1674,1671
1,7,29,ED25519_signed-by_RSA-SHA256,ED25519_signed-by_RSA-SHA256,10.953,3173.31,1400.78,0.571429,7,0.5,205.429,16,299.38,262.995,1674,1671
1,2,26,ED25519_signed-by_RSA-SHA256,ED25519_signed-by_RSA-SHA256,12.735,2729.47,850.564,1,0,0,175.143,24,290.506,268.237,1674,1671
1,8,29,ED25519_signed-by_RSA-SHA256,ED25519_signed-by_RSA-SHA256,12.183,2853.15,1066.4,1,0,0,128.4,15,291.221,260.54,1674,1671
1,1,29,ED25519_signed-by_RSA-SHA256,ED25519_signed-by_RSA-SHA256,10.3,3374.44,1286.09,0.545455,0,0,236.909,24,293.672,270.841,1674,1671
1,3,29,ED25519_signed-by_RSA-SHA256,ED25519_signed-by_RSA-SHA256,12.821,2711.15,1814.5,0.736842,17,0.894737,220.947,24,288.432,265.969,1674,1671
1,6,30,ED25519_signed-by_RSA-SHA256,ED25519_signed-by_RSA-SHA256,10.202,3406.87,1273.36,0.9,0,0,216,9,293.682,269.859,1674,1671
1,7,30,ED25519_signed-by_RSA-SHA256,ED25519_signed-by_RSA-SHA256,9.888,3515.06,1095.37,1,0,0,175.143,16,292.217,260.916,1674,1671
1,5,29,ED25519_signed-by_RSA-SHA256,ED25519_signed-by_RSA-SHA256,18.592,1869.56,1093.77,1,14,0.933333,138.8,15,288.946,262.895,1674,1671
1,8,30,ED25519_signed-by_RSA-SHA256,ED25519_signed-by_RSA-SHA256,10.984,3164.59,1182.81,0.9,0,0,128.4,15,297.456,266.215,1674,1671
1,1,30,ED25519_signed-by_RSA-SHA256,ED25519_signed-by_RSA-SHA256,10.68,3254.39,1216.37,0.9,0,0,256.8,24,289.159,261.075,1674,1671
1,2,27,ED25519_signed-by_RSA-SHA256,ED25519_signed-by_RSA-SHA256,15.928,2182.26,1547.93,0.571429,18,0.857143,180.476,24,311.358,272.44,1674,1671
1,3,30,ED25519_signed-by_RSA-SHA256,ED25519_signed-by_RSA-SHA256,12.246,2838.46,1272.57,1,7,0.636364,140.545,24,287.074,275.098,1674,1671
1,6,31,ED25519_signed-by_RSA-SHA256,ED25519_signed-by_RSA-SHA256,11.281,3081.02,1174.26,0.818182,0,0,199.818,9,275.633,261.186,1674,1671
1,7,31,ED25519_signed-by_RSA-SHA256,ED25519_signed-by_RSA-SHA256,11.051,3145.14,1175.54,0.9,0,0,256.8,16,310.451,270.143,1674,1671
1,5,30,ED25519_signed-by_RSA-SHA256,ED25519_signed-by_RSA-SHA256,12.154,2859.95,1898.29,0.5,5,0.277778,194.444,15,305.865,265.02,1674,1671
1,8,31,ED25519_signed-by_RSA-SHA256,ED25519_signed-by_RSA-SHA256,9.569,3632.27,1357.61,0.3,0,0,128.4,15,290.408,275.077,1674,1671
1,1,31,ED25519_signed-by_RSA-SHA256,ED25519_signed-by_RSA-SHA256,11.061,3142.3,1174.47,0.3,0,0,256.8,24,283.511,269.579,1674,1671
1,3,31,ED25519_signed-by_RSA-SHA256,ED25519_signed-by_RSA-SHA256,10.467,3320.6,1447.46,0.615385,0,0,199.231,24,299.09,271.795,1674,1671
1,6,32,ED25519_signed-by_RSA-SHA256,ED25519_signed-by_RSA-SHA256,11.232,3094.7,1156.68,1,0,0,216,9,286.873,269.547,1674,1671
1,7,32,ED25519_signed-by_RSA-SHA256,ED25519_signed-by_RSA-SHA256,13.641,2548.13,1129.51,1,4,0.285714,205.429,16,285.959,257.299,1674,1671
1,2,28,ED25519_signed-by_RSA-SHA256,ED25519_signed-by_RSA-SHA256,16.799,2069.1,913.354,1,3,0.214286,251.143,24,285.852,260.713,1674,1671
1,5,31,ED25519_signed-by_RSA-SHA256,ED25519_signed-by_RSA-SHA256,12.975,2678.94,854.549,1,0,0,146,15,299.888,258.26,1674,1671
1,8,32,ED25519_signed-by_RSA-SHA256,ED25519_signed-by_RSA-SHA256,14.182,2450.94,1098.83,1,7,0.636364,131.091,15,292.24,279.342,1674,1671
1,6,33,ED25519_signed-by_RSA-SHA256,ED25519_signed-by_RSA-SHA256,11.037,3149.4,1177.13,1,0,0,216,9,281.899,277.607,1674,1671
1,3,32,ED25519_signed-by_RSA-SHA256,ED25519_signed-by_RSA-SHA256,13.026,2668.46,1288.48,1,11,1.1,184.4,24,279.825,271.892,1674,1671
1,1,32,ED25519_signed-by_RSA-SHA256,ED25519_signed-by_RSA-SHA256,15.758,2205.79,2368.75,1,51,1.82143,305.429,24,282.206,262.278,1674,1671
1,2,29,ED25519_signed-by_RSA-SHA256,ED25519_signed-by_RSA-SHA256,10.278,3381.68,1263.95,0,0,0,149.6,24,276.148,261.364,1674,1671
1,5,32,ED25519_signed-by_RSA-SHA256,ED25519_signed-by_RSA-SHA256,9.662,3597.28,1344.53,0,0,0,234.4,15,286.81,268.13,1674,1671
1,7,33,ED25519_signed-by_RSA-SHA256,ED25519_signed-by_RSA-SHA256,12.101,2872.48,1089.49,0,3,0.272727,236.909,16,280.304,260.634,1674,1671
1,8,33,ED25519_signed-by_RSA-SHA256,ED25519_signed-by_RSA-SHA256,11.961,2906.09,1086.19,0.8,0,0,216,15,274.102,265.058,1674,1671
1,6,34,ED25519_signed-by_RSA-SHA256,ED25519_signed-by_RSA-SHA256,10.702,3247.7,1415.69,1,0,0,184.154,9,290.416,276.345,1674,1671
1,1,33,ED25519_signed-by_RSA-SHA256,ED25519_signed-by_RSA-SHA256,12.092,2874.58,1253.04,1,0,0,218.308,24,287.775,276.692,1674,1671
1,3,33,ED25519_signed-by_RSA-SHA256,ED25519_signed-by_RSA-SHA256,13.739,2529.97,964.241,1,0,0,216.545,24,288.825,267.82,1674,1671
1,2,30,ED25519_signed-by_RSA-SHA256,ED25519_signed-by_RSA-SHA256,12.917,2690.98,1574.33,1,14,0.933333,146.8,24,293.353,272.508,1674,1671
1,7,34,ED25519_signed-by_RSA-SHA256,ED25519_signed-by_RSA-SHA256,12.208,2847.27,1630.38,1,7,0.411765,188.588,16,282.527,261.409,1674,1671
1,5,33,ED25519_signed-by_RSA-SHA256,ED25519_signed-by_RSA-SHA256,14.722,2361.03,1450.85,1,17,1,253.529,15,278.943,258.234,1674,1671
1,6,35,ED25519_signed-by_RSA-SHA256,ED25519_signed-by_RSA-SHA256,10.629,3270.29,1019.1,0.428571,0,0,150,9,287.08,265.071,1674,1671
1,8,34,ED25519_signed-by_RSA-SHA256,ED25519_signed-by_RSA-SHA256,13.833,2512.77,1539.47,1,18,1.05882,233.294,15,290.952,271.482,1674,1671
1,3,34,ED25519_signed-by_RSA-SHA256,ED25519_signed-by_RSA-SHA256,11.341,3064.98,1336.03,0.615385,0,0,199.231,24,293.084,267.967,1674,1671
1,1,34,ED25519_signed-by_RSA-SHA256,ED25519_signed-by_RSA-SHA256,13.22,2629.32,982.741,0.8,0,0,147.2,24,293.18,258.887,1674,1671
1,2,31,ED25519_signed-by_RSA-SHA256,ED25519_signed-by_RSA-SHA256,11.59,2999.13,1120.96,0.8,0,0,256.8,24,283.858,258.006,1674,1671
1,7,35,ED25519_signed-by_RSA-SHA256,ED25519_signed-by_RSA-SHA256,12.95,2684.14,1203.38,1,7,0.636364,151.455,16,284.924,272.508,1674,1671
1,5,34,ED25519_signed-by_RSA-SHA256,ED25519_signed-by_RSA-SHA256,11.739,2961.05,1334.35,0.733333,0,0,177.733,15,279.946,274.072,1674,1671
1,8,35,ED25519_signed-by_RSA-SHA256,ED25519_signed-by_RSA-SHA256,11.662,2980.6,1114.04,0.4,0,0,216,15,293.337,278.867,1674,1671
1,1,35,ED25519_signed-by_RSA-SHA256,ED25519_signed-by_RSA-SHA256,9.259,3753.86,1169.79,0.571429,0,0,175.143,24,287.023,262.544,1674,1671
1,3,35,ED25519_signed-by_RSA-SHA256,ED25519_signed-by_RSA-SHA256,10.976,3166.63,986.794,0.571429,0,0,161.429,24,295.583,270.699,1674,1671
1,6,36,ED25519_signed-by_RSA-SHA256,ED25519_signed-by_RSA-SHA256,17.21,2019.7,2099.18,0.413793,24,0.827586,157.31,9,290.339,267.135,1674,1671
1,2,32,ED25519_signed-by_RSA-SHA256,ED25519_signed-by_RSA-SHA256,11.489,3025.25,1341,0.285714,0,0,205.429,24,279.378,258.696,1674,1671
1,7,36,ED25519_signed-by_RSA-SHA256,ED25519_signed-by_RSA-SHA256,10.349,3358.51,1463.99,0.461538,0,0,218.308,16,290.336,264.447,1674,1671
1,5,35,ED25519_signed-by_RSA-SHA256,ED25519_signed-by_RSA-SHA256,11.891,2922.99,910.869,0.857143,0,0,161.429,15,276.888,272.491,1674,1671
1,8,36,ED25519_signed-by_RSA-SHA256,ED25519_signed-by_RSA-SHA256,13.329,2607.67,993.854,0.727273,0,0,199.818,15,295.666,267.569,1674,1671
1,1,36,ED25519_signed-by_RSA-SHA256,ED25519_signed-by_RSA-SHA256,13.575,2560.4,1307.01,0.571429,7,0.5,214.857,24,298.088,262.766,1674,1671
1,3,36,ED25519_signed-by_RSA-SHA256,ED25519_signed-by_RSA-SHA256,14.318,2427.71,925.266,0.727273,0,0,216.545,24,273.408,257.702,1674,1671
1,6,37,ED25519_signed-by_RSA-SHA256,ED25519_signed-by_RSA-SHA256,13.137,2645.77,824.482,1,0,0,150,9,273.632,261.238,1674,1671
1,2,33,ED25519_signed-by_RSA-SHA256,ED25519_signed-by_RSA-SHA256,13.494,2575.77,1403.78,0.615385,11,0.846154,175.538,24,285.435,280.499,1674,1671
1,7,37,ED25519_signed-by_RSA-SHA256,ED25519_signed-by_RSA-SHA256,14,2482.85,773.712,0.428571,0,0,175.143,16,287.073,261.837,1674,1671
1,5,36,ED25519_signed-by_RSA-SHA256,ED25519_signed-by_RSA-SHA256,12.363,2811.4,1225.5,0.230769,0,0,198.308,15,287.174,270.817,1674,1671
1,8,37,ED25519_signed-by_RSA-SHA256,ED25519_signed-by_RSA-SHA256,11.408,3046.97,1138.84,0.3,0,0,216,15,289.274,268.514,1674,1671
1,1,37,ED25519_signed-by_RSA-SHA256,ED25519_signed-by_RSA-SHA256,10.987,3163.73,1182.49,0.3,0,0,256.8,24,282.098,265.377,1674,1671
1,3,37,ED25519_signed-by_RSA-SHA256,ED25519_signed-by_RSA-SHA256,10.498,3310.8,1443.19,0.846154,0,0,199.231,24,304.716,265.794,1674,1671
1,6,38,ED25519_signed-by_RSA-SHA256,ED25519_signed-by_RSA-SHA256,11.699,2971.18,1317.03,0.785714,0,0,173.714,9,301.482,267.018,1674,1671
1,7,38,ED25519_signed-by_RSA-SHA256,ED25519_signed-by_RSA-SHA256,9.661,3597.64,1371.16,1,0,0,236.909,16,286.355,297.642,1674,1671
1,2,34,ED25519_signed-by_RSA-SHA256,ED25519_signed-by_RSA-SHA256,13.063,2660.93,1212.57,1,7,0.583333,142,24,303.829,264.491,1674,1671
1,5,37,ED25519_signed-by_RSA-SHA256,ED25519_signed-by_RSA-SHA256,12.648,2748.23,856.412,1,0,0,161.429,15,289.781,267.254,1674,1671
1,8,38,ED25519_signed-by_RSA-SHA256,ED25519_signed-by_RSA-SHA256,12.374,2809.11,1049.94,1,0,0,216,15,309.93,284.308,1674,1671
1,3,38,ED25519_signed-by_RSA-SHA256,ED25519_signed-by_RSA-SHA256,12.775,2720.92,847.902,1,0,0,161.429,24,284.531,274.092,1674,1671
1,6,39,ED25519_signed-by_RSA-SHA256,ED25519_signed-by_RSA-SHA256,12.185,2852.67,1456.21,1,7,0.5,119.714,9,289.508,259.006,1674,1671
1,7,39,ED25519_signed-by_RSA-SHA256,ED25519_signed-by_RSA-SHA256,13.084,2656.65,1560.36,1,7,0.368421,176.526,16,281.742,273.557,1674,1671
1,5,38,ED25519_signed-by_RSA-SHA256,ED25519_signed-by_RSA-SHA256,11.318,3071.21,1147.9,1,0,0,216,15,286.81,258.2,1674,1671
1,1,38,ED25519_signed-by_RSA-SHA256,ED25519_signed-by_RSA-SHA256,19.578,1775.41,2016.89,1,55,1.77419,318.129,24,295.6,258.955,1674,1671
1,8,39,ED25519_signed-by_RSA-SHA256,ED25519_signed-by_RSA-SHA256,10.839,3206.66,1198.53,0.8,0,0,216,15,290.598,276.837,1674,1671
1,2,35,ED25519_signed-by_RSA-SHA256,ED25519_signed-by_RSA-SHA256,18.233,1906.37,981.046,0.894737,9,0.473684,203.263,24,289.749,262.677,1674,1671
1,3,39,ED25519_signed-by_RSA-SHA256,ED25519_signed-by_RSA-SHA256,12.279,2830.62,1254.73,0.571429,0,0,176.286,24,281.077,263.641,1674,1671
1,6,40,ED25519_signed-by_RSA-SHA256,ED25519_signed-by_RSA-SHA256,11.859,2930.88,1415.19,1,11,1.1,170.8,9,282.579,265.002,1674,1671
1,7,40,ED25519_signed-by_RSA-SHA256,ED25519_signed-by_RSA-SHA256,12.215,2845.45,886.708,1,0,0,175.143,16,283.989,265.165,1674,1671
1,5,39,ED25519_signed-by_RSA-SHA256,ED25519_signed-by_RSA-SHA256,11.504,3021.32,1129.26,0.8,0,0,216,15,276.728,262.097,1674,1671
1,1,39,ED25519_signed-by_RSA-SHA256,ED25519_signed-by_RSA-SHA256,12.001,2896.21,1098.49,0.727273,3,0.272727,236.909,24,294.723,264.752,1674,1671
1,8,40,ED25519_signed-by_RSA-SHA256,ED25519_signed-by_RSA-SHA256,12.349,2814.79,1268.44,0.733333,0,0,164.667,15,288.841,265.732,1674,1671
1,2,36,ED25519_signed-by_RSA-SHA256,ED25519_signed-by_RSA-SHA256,12.566,2766.16,1240.16,1,7,0.636364,151.455,24,290.557,275.932,1674,1671
1,6,41,ED25519_signed-by_RSA-SHA256,ED25519_signed-by_RSA-SHA256,11.013,3156.24,1179.69,1,0,0,216,9,280.518,266,1674,1671
1,3,40,ED25519_signed-by_RSA-SHA256,ED25519_signed-by_RSA-SHA256,14.225,2443.52,1665.76,1,18,1.05882,147.412,24,290.182,264.534,1674,1671
1,1,40,ED25519_signed-by_RSA-SHA256,ED25519_signed-by_RSA-SHA256,9.228,3766.4,1407.74,1,0,0,149.6,24,285.09,273.894,1674,1671
1,7,41,ED25519_signed-by_RSA-SHA256,ED25519_signed-by_RSA-SHA256,15.262,2277.49,1320.89,1,7,0.388889,184.222,16,280.092,266.758,1674,1671
1,5,40,ED25519_signed-by_RSA-SHA256,ED25519_signed-by_RSA-SHA256,15.265,2277.04,1162.36,1,7,0.5,182.286,15,285.195,258.162,1674,1671
1,8,41,ED25519_signed-by_RSA-SHA256,ED25519_signed-by_RSA-SHA256,12.307,2824.39,1055.65,1,0,0,128.4,15,280.73,266.008,1674,1671
1,6,42,ED25519_signed-by_RSA-SHA256,ED25519_signed-by_RSA-SHA256,11.632,2988.31,1116.92,1,0,0,216,9,285.696,267.232,1674,1671
1,2,37,ED25519_signed-by_RSA-SHA256,ED25519_signed-by_RSA-SHA256,13.77,2524.29,943.485,1,0,0,144.8,24,292.712,279.759,1674,1671
1,3,41,ED25519_signed-by_RSA-SHA256,ED25519_signed-by_RSA-SHA256,13.152,2642.93,1748.16,0.928571,22,1.57143,190.571,24,279.354,264.345,1674,1671
1,1,41,ED25519_signed-by_RSA-SHA256,ED25519_signed-by_RSA-SHA256,14.169,2453.21,934.986,1,0,0,236.909,24,280.895,280.184,1674,1671
1,7,42,ED25519_signed-by_RSA-SHA256,ED25519_signed-by_RSA-SHA256,12.626,2753.04,1028.98,1,0,0,149.6,16,286.363,257.259,1674,1671
1,5,41,ED25519_signed-by_RSA-SHA256,ED25519_signed-by_RSA-SHA256,13.097,2654.03,1156.9,0.846154,0,0,116.769,15,288.143,258.057,1674,1671
1,8,42,ED25519_signed-by_RSA-SHA256,ED25519_signed-by_RSA-SHA256,13.043,2665.02,1194.81,1,7,0.636364,131.091,15,298.96,264.056,1674,1671
1,6,43,ED25519_signed-by_RSA-SHA256,ED25519_signed-by_RSA-SHA256,12.295,2826.94,1232.27,1,4,0.307692,184.154,9,286.204,267.067,1674,1671
1,2,38,ED25519_signed-by_RSA-SHA256,ED25519_signed-by_RSA-SHA256,12.986,2676.72,1000.46,1,0,0,256.8,24,298.389,272.907,1674,1671
1,3,42,ED25519_signed-by_RSA-SHA256,ED25519_signed-by_RSA-SHA256,12.697,2737.63,1662.11,1,17,1.0625,267,24,292.67,272.02,1674,1671
1,5,42,ED25519_signed-by_RSA-SHA256,ED25519_signed-by_RSA-SHA256,9.959,3490.3,1564.81,0.727273,7,0.636364,131.091,15,280.139,265.773,1674,1671
1,7,43,ED25519_signed-by_RSA-SHA256,ED25519_signed-by_RSA-SHA256,12.271,2832.66,1000.07,0.888889,2,0.222222,143.778,16,276.398,267.15,1674,1671
1,8,43,ED25519_signed-by_RSA-SHA256,ED25519_signed-by_RSA-SHA256,10.251,3390.89,1292.36,0.727273,0,0,120.182,15,292.087,264.14,1674,1671
1,2,39,ED25519_signed-by_RSA-SHA256,ED25519_signed-by_RSA-SHA256,8.435,4120.54,1540.1,0,0,0,252,24,270.803,262.093,1674,1671
1,1,42,ED25519_signed-by_RSA-SHA256,ED25519_signed-by_RSA-SHA256,17.028,2041.28,1053.29,0.533333,8,0.533333,203.067,24,286.381,271.93,1674,1671
1,6,44,ED25519_signed-by_RSA-SHA256,ED25519_signed-by_RSA-SHA256,11.226,3096.37,1174.41,0.454545,3,0.272727,199.818,9,278.332,266.16,1674,1671
1,3,43,ED25519_signed-by_RSA-SHA256,ED25519_signed-by_RSA-SHA256,9.932,3499.51,1307.99,0,0,0,234.4,24,303.158,265.769,1674,1671
1,5,43,ED25519_signed-by_RSA-SHA256,ED25519_signed-by_RSA-SHA256,9.971,3485.85,1302.88,0,0,0,216,15,296.459,263.458,1674,1671
1,7,44,ED25519_signed-by_RSA-SHA256,ED25519_signed-by_RSA-SHA256,10.821,3212.03,1400.13,0,0,0,218.308,16,287.668,263.531,1674,1671
1,8,44,ED25519_signed-by_RSA-SHA256,ED25519_signed-by_RSA-SHA256,11.114,3127.35,1386.26,0.357143,0,0,173.714,15,288.97,283.935,1674,1671
1,2,40,ED25519_signed-by_RSA-SHA256,ED25519_signed-by_RSA-SHA256,11.147,3118.09,1165.43,0.5,0,0,216,24,278.337,260.277,1674,1671
1,1,43,ED25519_signed-by_RSA-SHA256,ED25519_signed-by_RSA-SHA256,12.089,2875.12,1253.27,0.615385,4,0.307692,218.308,24,282.82,264.785,1674,1671
1,6,45,ED25519_signed-by_RSA-SHA256,ED25519_signed-by_RSA-SHA256,12.099,2872.74,1252.24,0.615385,0,0,184.154,9,291.417,276.776,1674,1671
1,3,44,ED25519_signed-by_RSA-SHA256,ED25519_signed-by_RSA-SHA256,9.695,3585.07,1339.97,0.8,0,0,234.4,24,293.853,265.892,1674,1671
1,5,44,ED25519_signed-by_RSA-SHA256,ED25519_signed-by_RSA-SHA256,12.15,2860.69,1069.22,1,0,0,216,15,294.082,271.61,1674,1671
1,2,41,ED25519_signed-by_RSA-SHA256,ED25519_signed-by_RSA-SHA256,11.42,3043.78,1137.65,1,0,0,216,24,302.21,267.12,1674,1671
1,7,45,ED25519_signed-by_RSA-SHA256,ED25519_signed-by_RSA-SHA256,16.719,2079.01,1432.58,1,18,1,153.333,16,286.639,270.435,1674,1671
1,8,45,ED25519_signed-by_RSA-SHA256,ED25519_signed-by_RSA-SHA256,17.431,1994.08,1181.31,1,14,0.875,118.5,15,294.019,266.289,1674,1671
1,3,45,ED25519_signed-by_RSA-SHA256,ED25519_signed-by_RSA-SHA256,13.236,2626.13,1000.89,1,0,0,216.545,24,284.982,259.927,1674,1671
1,1,44,ED25519_signed-by_RSA-SHA256,ED25519_signed-by_RSA-SHA256,18.043,1926.45,744.863,1,3,0.25,220.333,24,287.906,261.461,1674,1671
1,5,45,ED25519_signed-by_RSA-SHA256,ED25519_signed-by_RSA-SHA256,12.383,2807.04,1069.84,1,0,0,120.182,15,287.868,259.486,1674,1671
1,6,46,ED25519_signed-by_RSA-SHA256,ED25519_signed-by_RSA-SHA256,21.642,1606.14,1214.67,1,17,0.944444,120.222,9,311.602,273.793,1674,1671
1,8,46,ED25519_signed-by_RSA-SHA256,ED25519_signed-by_RSA-SHA256,10.94,3177.32,1234.37,1,0,0,186.333,15,282.491,269.509,1674,1671
1,3,46,ED25519_signed-by_RSA-SHA256,ED25519_signed-by_RSA-SHA256,11.023,3153.4,1178.62,1,0,0,234.4,24,286.32,262.151,1674,1671
1,2,42,ED25519_signed-by_RSA-SHA256,ED25519_signed-by_RSA-SHA256,17.262,2013.61,2092.85,1,41,1.41379,230.414,24,278.684,256.612,1674,1671
1,7,46,ED25519_signed-by_RSA-SHA256,ED25519_signed-by_RSA-SHA256,15.696,2214.52,1069.29,1,11,1.1,201.2,16,302.607,270.511,1674,1671
1,5,46,ED25519_signed-by_RSA-SHA256,ED25519_signed-by_RSA-SHA256,9.851,3528.26,1318.73,1,0,0,216,15,292.524,260.113,1674,1671
1,1,45,ED25519_signed-by_RSA-SHA256,ED25519_signed-by_RSA-SHA256,12.307,2824.39,1231.16,0.846154,0,0,190.615,24,283.313,257.886,1674,1671
1,6,47,ED25519_signed-by_RSA-SHA256,ED25519_signed-by_RSA-SHA256,12.902,2694.15,1803.13,0.631579,17,0.894737,219.053,9,282.6,272.833,1674,1671
1,8,47,ED25519_signed-by_RSA-SHA256,ED25519_signed-by_RSA-SHA256,11.349,3062.59,1334.99,0.307692,0,0,184.154,15,274.552,257.866,1674,1671
1,2,43,ED25519_signed-by_RSA-SHA256,ED25519_signed-by_RSA-SHA256,10.03,3465.35,1105.4,0.5,0,0,136,24,279.368,264.189,1674,1671
1,3,47,ED25519_signed-by_RSA-SHA256,ED25519_signed-by_RSA-SHA256,12.513,2777.7,1417.94,0.285714,7,0.5,197.143,24,281.011,258.243,1674,1671
1,5,47,ED25519_signed-by_RSA-SHA256,ED25519_signed-by_RSA-SHA256,10.812,3214.7,1201.54,0.4,0,0,216,15,304.391,259.04,1674,1671
1,7,47,ED25519_signed-by_RSA-SHA256,ED25519_signed-by_RSA-SHA256,12.34,2816.65,1227.79,0.307692,0,0,218.308,16,286.301,271.426,1674,1671
1,1,46,ED25519_signed-by_RSA-SHA256,ED25519_signed-by_RSA-SHA256,11.078,3137.52,1172.69,0.4,0,0,146,24,292.429,258.655,1674,1671
1,6,48,ED25519_signed-by_RSA-SHA256,ED25519_signed-by_RSA-SHA256,11.399,3049.16,1139.66,0.5,0,0,128.4,9,282.559,267.96,1674,1671
1,8,48,ED25519_signed-by_RSA-SHA256,ED25519_signed-by_RSA-SHA256,11.648,2983.98,951.85,1,0,0,136,16,307.255,283.134,1674,1671
1,2,44,ED25519_signed-by_RSA-SHA256,ED25519_signed-by_RSA-SHA256,11.466,3031.34,1321.37,0.615385,0,0,184.154,24,300.684,267.247,1674,1671
1,3,48,ED25519_signed-by_RSA-SHA256,ED25519_signed-by_RSA-SHA256,11.687,2974.01,1111.58,0.8,0,0,234.4,24,286.433,278.631,1674,1671
1,7,48,ED25519_signed-by_RSA-SHA256,ED25519_signed-by_RSA-SHA256,10.149,3424.7,1067.21,1,0,0,175.143,16,277.95,268.092,1674,1671
1,5,48,ED25519_signed-by_RSA-SHA256,ED25519_signed-by_RSA-SHA256,11.679,2976.06,1112.34,0.8,0,0,216,15,289.003,259.451,1674,1671
1,6,49,ED25519_signed-by_RSA-SHA256,ED25519_signed-by_RSA-SHA256,9.586,3625.79,1355.18,1,4,0.4,128.4,9,270.355,264.582,1674,1671
1,8,49,ED25519_signed-by_RSA-SHA256,ED25519_signed-by_RSA-SHA256,10.07,3451.53,1315.47,1,0,0,199.818,16,285.448,270.538,1674,1671
1,1,47,ED25519_signed-by_RSA-SHA256,ED25519_signed-by_RSA-SHA256,17.335,2005.13,1253.38,1,19,1.26667,142.533,24,291.594,260.241,1674,1671
1,3,49,ED25519_signed-by_RSA-SHA256,ED25519_signed-by_RSA-SHA256,11.839,2936.03,1279.83,1,0,0,199.231,24,296.942,257.976,1674,1671
1,2,45,ED25519_signed-by_RSA-SHA256,ED25519_signed-by_RSA-SHA256,16.736,2076.89,1009.53,1,11,1,158.364,24,289.273,271.368,1674,1671
1,6,50,ED25519_signed-by_RSA-SHA256,ED25519_signed-by_RSA-SHA256,10.792,3220.63,1221.54,1,3,0.272727,199.818,9,290.323,262.211,1674,1671
1,7,49,ED25519_signed-by_RSA-SHA256,ED25519_signed-by_RSA-SHA256,17.329,2005.82,1060.84,1,9,0.529412,180.824,16,280.357,264.222,1674,1671
1,8,50,ED25519_signed-by_RSA-SHA256,ED25519_signed-by_RSA-SHA256,11.465,3031.58,1343.8,0.428571,0,0,173.714,16,288.815,264.727,1674,1671
1,1,48,ED25519_signed-by_RSA-SHA256,ED25519_signed-by_RSA-SHA256,11.73,2963.09,1107.49,0.6,0,0,216,24,279.157,266.886,1674,1671
1,5,49,ED25519_signed-by_RSA-SHA256,ED25519_signed-by_RSA-SHA256,21.44,1621.2,1850.67,1,52,1.625,246.75,15,276.4,271.11,1674,1671
1,3,50,ED25519_signed-by_RSA-SHA256,ED25519_signed-by_RSA-SHA256,12.987,2676.51,1312.07,0.909091,11,1,171.091,24,285.734,273.365,1674,1671
1,2,46,ED25519_signed-by_RSA-SHA256,ED25519_signed-by_RSA-SHA256,11.765,2954.3,1287.79,0.384615,0,0,184.154,24,284.956,262.583,1674,1671
1,6,51,ED25519_signed-by_RSA-SHA256,ED25519_signed-by_RSA-SHA256,10.804,3217.09,1202.43,0.5,0,0,216,9,285.358,278.019,1674,1671
1,7,50,ED25519_signed-by_RSA-SHA256,ED25519_signed-by_RSA-SHA256,10.657,3261.46,1219.01,1,0,0,216,16,302.8,261.023,1674,1671
1,8,51,ED25519_signed-by_RSA-SHA256,ED25519_signed-by_RSA-SHA256,13.148,2643.74,823.847,1,0,0,150,16,288.302,302.536,1674,1671
1,1,49,ED25519_signed-by_RSA-SHA256,ED25519_signed-by_RSA-SHA256,12.91,2692.47,1006.35,1,0,0,216,24,283.812,282.042,1674,1671
1,5,50,ED25519_signed-by_RSA-SHA256,ED25519_signed-by_RSA-SHA256,13.032,2667.26,1473.29,1,11,0.785714,141.429,15,285.955,261.286,1674,1671
1,3,51,ED25519_signed-by_RSA-SHA256,ED25519_signed-by_RSA-SHA256,11.577,3002.25,1131.8,1,0,0,216.182,24,278.392,265.138,1674,1671
1,7,51,ED25519_signed-by_RSA-SHA256,ED25519_signed-by_RSA-SHA256,10.373,3350.72,2015.83,0.4,7,0.466667,252.667,16,290.553,262.658,1674,1671
1,2,47,ED25519_signed-by_RSA-SHA256,ED25519_signed-by_RSA-SHA256,12.342,2816.39,1359.9,1,11,1.1,170.8,24,284.06,273.98,1674,1671
1,6,52,ED25519_signed-by_RSA-SHA256,ED25519_signed-by_RSA-SHA256,13.907,2499.41,1531.29,0.823529,18,1.05882,233.294,9,280.223,264.91,1674,1671
1,8,52,ED25519_signed-by_RSA-SHA256,ED25519_signed-by_RSA-SHA256,9.574,3630.34,1582.48,0,0,0,184.154,16,289.104,270.72,1674,1671
1,1,50,ED25519_signed-by_RSA-SHA256,ED25519_signed-by_RSA-SHA256,10.786,3222.41,1404.66,0,0,0,184.154,24,277.066,258.546,1674,1671
1,5,51,ED25519_signed-by_RSA-SHA256,ED25519_signed-by_RSA-SHA256,10.602,3278.35,1225.32,0.5,0,0,128.4,15,304.647,268.762,1674,1671
1,3,52,ED25519_signed-by_RSA-SHA256,ED25519_signed-by_RSA-SHA256,10.371,3351.38,1460.88,0.384615,0,0,199.231,24,298.265,270.338,1674,1671
1,2,48,ED25519_signed-by_RSA-SHA256,ED25519_signed-by_RSA-SHA256,10.552,3294.16,1231.24,0.8,0,0,216,24,282.483,268.752,1674,1671
1,7,52,ED25519_signed-by_RSA-SHA256,ED25519_signed-by_RSA-SHA256,15.221,2283.62,1324.44,0.777778,7,0.388889,156.889,16,297.874,267.827,1674,1671
1,8,53,ED25519_signed-by_RSA-SHA256,ED25519_signed-by_RSA-SHA256,12.298,2826.45,1267.18,1,7,0.636364,131.091,16,298.96,268.422,1674,1671
1,6,53,ED25519_signed-by_RSA-SHA256,ED25519_signed-by_RSA-SHA256,15.614,2226.18,993.966,1,0,0,164.4,9,311.156,258.744,1674,1671
1,5,52,ED25519_signed-by_RSA-SHA256,ED25519_signed-by_RSA-SHA256,12.858,2703.17,842.37,1,0,0,150,15,287.581,262.517,1674,1671
1,3,53,ED25519_signed-by_RSA-SHA256,ED25519_signed-by_RSA-SHA256,14.052,2473.66,942.78,1,0,0,128.545,24,275.326,273.271,1674,1671
1,1,51,ED25519_signed-by_RSA-SHA256,ED25519_signed-by_RSA-SHA256,17.328,2005.97,1242.82,1,18,1.28571,150,24,278.798,268.798,1674,1671
1,6,54,ED25519_signed-by_RSA-SHA256,ED25519_signed-by_RSA-SHA256,9.157,3795.65,1182.81,1,0,0,150,9,286.343,276.574,1674,1671
1,2,49,ED25519_signed-by_RSA-SHA256,ED25519_signed-by_RSA-SHA256,17.22,2018.53,1041.55,1,8,0.533333,172.667,24,304.62,266.926,1674,1671
1,1,52,ED25519_signed-by_RSA-SHA256,ED25519_signed-by_RSA-SHA256,8.061,4311.66,1611.54,1,0,0,216,24,287.591,261.591,1674,1671
1,8,54,ED25519_signed-by_RSA-SHA256,ED25519_signed-by_RSA-SHA256,16.266,2136.93,1223.63,1,7,0.411765,163.882,16,285.555,266.769,1674,1671
1,5,53,ED25519_signed-by_RSA-SHA256,ED25519_signed-by_RSA-SHA256,15.888,2187.73,1427.94,1,15,0.789474,158.211,15,298.164,266.319,1674,1671
1,7,53,ED25519_signed-by_RSA-SHA256,ED25519_signed-by_RSA-SHA256,22.348,1555.39,1554.32,1,51,1.7,232,16,290.321,272.9,1674,1671
1,3,54,ED25519_signed-by_RSA-SHA256,ED25519_signed-by_RSA-SHA256,17.988,1932.3,1528.94,1,21,0.913043,113.652,24,286.787,263.206,1674,1671
1,6,55,ED25519_signed-by_RSA-SHA256,ED25519_signed-by_RSA-SHA256,12.956,2682.84,1633.79,1,5,0.3125,190.5,9,275.416,267.675,1674,1671
1,8,55,ED25519_signed-by_RSA-SHA256,ED25519_signed-by_RSA-SHA256,9.156,3796,1182.92,1,0,0,150,16,292.149,266,1674,1671
1,2,50,ED25519_signed-by_RSA-SHA256,ED25519_signed-by_RSA-SHA256,15.935,2181.28,2143.63,1,42,1.55556,246.148,24,291.1,265.46,1674,1671
1,7,54,ED25519_signed-by_RSA-SHA256,ED25519_signed-by_RSA-SHA256,8.51,4084.26,1526.54,1,0,0,216,16,292.896,258.897,1674,1671
1,8,56,ED25519_signed-by_RSA-SHA256,ED25519_signed-by_RSA-SHA256,9.655,3600.19,2185.8,1,17,1.0625,245.5,16,331.962,268.758,1674,1671
1,3,55,ED25519_signed-by_RSA-SHA256,ED25519_signed-by_RSA-SHA256,12.3,2825.95,1442.57,1,7,0.5,128,24,288.392,277.383,1674,1671
1,6,56,ED25519_signed-by_RSA-SHA256,ED25519_signed-by_RSA-SHA256,12.677,2741.92,1684.91,1,17,1,233.294,9,286.14,259.089,1674,1671
1,1,53,ED25519_signed-by_RSA-SHA256,ED25519_signed-by_RSA-SHA256,24.118,1441.22,1245.85,1,23,0.821429,135,24,288.533,267.698,1674,1671
1,2,51,ED25519_signed-by_RSA-SHA256,ED25519_signed-by_RSA-SHA256,11.685,2974.71,1340.5,0.733333,0,0,164.667,24,287.9,267.76,1674,1671
1,7,55,ED25519_signed-by_RSA-SHA256,ED25519_signed-by_RSA-SHA256,11.979,2901.71,1105.92,0.818182,0,0,199.818,16,290.281,262.34,1674,1671
1,5,54,ED25519_signed-by_RSA-SHA256,ED25519_signed-by_RSA-SHA256,24.015,1447.41,654.916,1,9,0.5625,166.75,15,300.764,272.259,1674,1671
1,6,57,ED25519_signed-by_RSA-SHA256,ED25519_signed-by_RSA-SHA256,8.113,4284.12,1881.27,1,0,0,173.429,9,287.975,255.438,1674,1671
1,2,52,ED25519_signed-by_RSA-SHA256,ED25519_signed-by_RSA-SHA256,7.732,4495.2,1400.81,1,0,0,150,24,280.363,266.743,1674,1671
1,5,55,ED25519_signed-by_RSA-SHA256,ED25519_signed-by_RSA-SHA256,6.86,5066.44,2208.48,0.153846,0,0,184.154,15,284.624,267.162,1674,1671
1,6,58,ED25519_signed-by_RSA-SHA256,ED25519_signed-by_RSA-SHA256,6.782,5124.77,1915.45,0.7,4,0.4,128.4,9,293.024,259.008,1674,1671
1,3,56,ED25519_signed-by_RSA-SHA256,ED25519_signed-by_RSA-SHA256,18.36,1893.18,990.813,1,12,0.75,116.75,24,292.523,264.517,1674,1671
1,8,57,ED25519_signed-by_RSA-SHA256,ED25519_signed-by_RSA-SHA256,20.208,1720.04,994.417,1,8,0.444444,156.889,16,284.956,265.954,1674,1671
1,1,54,ED25519_signed-by_RSA-SHA256,ED25519_signed-by_RSA-SHA256,17.672,1966.88,1082.8,1,12,0.857143,141.429,24,303.014,259.776,1674,1671
1,2,53,ED25519_signed-by_RSA-SHA256,ED25519_signed-by_RSA-SHA256,10.223,3400.17,1270.86,0.9,0,0,216,24,292.03,261.847,1674,1671
1,7,56,ED25519_signed-by_RSA-SHA256,ED25519_signed-by_RSA-SHA256,17.706,1963.1,1500.9,1,25,1.19048,208.286,16,291.121,262.068,1674,1671
1,6,59,ED25519_signed-by_RSA-SHA256,ED25519_signed-by_RSA-SHA256,9.686,3588.35,1583.99,1,4,0.285714,173.714,9,291.302,274.038,1674,1671
1,8,58,ED25519_signed-by_RSA-SHA256,ED25519_signed-by_RSA-SHA256,8.547,4066.53,1519.92,1,1,0.1,128.4,16,295.667,257.631,1674,1671
1,1,55,ED25519_signed-by_RSA-SHA256,ED25519_signed-by_RSA-SHA256,8.024,4331.58,1349.82,1,0,0,150,24,274.415,274.199,1674,1671
1,7,57,ED25519_signed-by_RSA-SHA256,ED25519_signed-by_RSA-SHA256,6.132,5668.07,2118.51,0.8,0,0,216,16,286.277,256.696,1674,1671
1,5,56,ED25519_signed-by_RSA-SHA256,ED25519_signed-by_RSA-SHA256,19.922,1744.73,1030.37,1,15,0.9375,118.5,15,289.924,264.894,1674,1671
1,3,57,ED25519_signed-by_RSA-SHA256,ED25519_signed-by_RSA-SHA256,16.744,2075.89,1354.94,1,17,0.894737,169.158,24,287.934,262.077,1674,1671
1,8,59,ED25519_signed-by_RSA-SHA256,ED25519_signed-by_RSA-SHA256,10.956,3172.66,1054.39,1,0,0,174.5,16,290.096,272.558,1674,1671
1,6,60,ED25519_signed-by_RSA-SHA256,ED25519_signed-by_RSA-SHA256,13.184,2636.48,895.613,1,0,0,159.333,9,289.985,260.977,1674,1671
1,1,56,ED25519_signed-by_RSA-SHA256,ED25519_signed-by_RSA-SHA256,12.089,2875.31,1074.68,1,0,0,128.4,24,280.818,259.587,1674,1671
1,2,54,ED25519_signed-by_RSA-SHA256,ED25519_signed-by_RSA-SHA256,19.382,1793.34,1108.61,1,19,1.05556,278,24,289.46,269.41,1674,1671
1,7,58,ED25519_signed-by_RSA-SHA256,ED25519_signed-by_RSA-SHA256,13.38,2597.85,1757.81,0.8,17,0.85,222.6,16,284.966,266.627,1674,1671
1,3,58,ED25519_signed-by_RSA-SHA256,ED25519_signed-by_RSA-SHA256,9.729,3572.51,2168.99,0.5,17,1.0625,267,24,298.165,258.103,1674,1671
1,5,57,ED25519_signed-by_RSA-SHA256,ED25519_signed-by_RSA-SHA256,12.492,2782.54,1040.01,0.8,0,0,216,15,285.899,263.258,1674,1671
1,6,61,ED25519_signed-by_RSA-SHA256,ED25519_signed-by_RSA-SHA256,9.608,3617.48,1352.08,0,0,0,216,9,272.752,262.482,1674,1671
1,8,60,ED25519_signed-by_RSA-SHA256,ED25519_signed-by_RSA-SHA256,10.742,3235.61,1209.35,0,0,0,216,16,297.207,260.481,1674,1671
1,2,55,ED25519_signed-by_RSA-SHA256,ED25519_signed-by_RSA-SHA256,9.813,3541.9,1543.93,0.230769,0,0,184.154,24,283.218,261.057,1674,1671
1,1,57,ED25519_signed-by_RSA-SHA256,ED25519_signed-by_RSA-SHA256,11.29,3078.81,1342.06,0.230769,0,0,184.154,24,285.546,263.462,1674,1671
1,7,59,ED25519_signed-by_RSA-SHA256,ED25519_signed-by_RSA-SHA256,11.395,3050.43,950.582,1,0,0,150,16,314.467,261.281,1674,1671
1,3,59,ED25519_signed-by_RSA-SHA256,ED25519_signed-by_RSA-SHA256,11.545,3010.79,1312.42,1,0,0,199.231,24,304.054,268.126,1674,1671
1,6,62,ED25519_signed-by_RSA-SHA256,ED25519_signed-by_RSA-SHA256,11.473,3029.67,1342.96,1,0,0,173.714,9,282.439,266.904,1674,1671
1,2,56,ED25519_signed-by_RSA-SHA256,ED25519_signed-by_RSA-SHA256,10.551,3294.44,1249.54,1,7,0.636364,199.818,24,277.852,263.545,1674,1671
1,8,61,ED25519_signed-by_RSA-SHA256,ED25519_signed-by_RSA-SHA256,13.519,2571.12,1663.98,1,14,0.777778,164.889,16,284.399,264.229,1674,1671
1,5,58,ED25519_signed-by_RSA-SHA256,ED25519_signed-by_RSA-SHA256,17.182,2022.97,1184.45,0.947368,8,0.421053,150.632,15,293.769,259.168,1674,1671
1,1,58,ED25519_signed-by_RSA-SHA256,ED25519_signed-by_RSA-SHA256,13.18,2637.26,1476.14,1,11,0.733333,134.533,24,289.535,266.652,1674,1671
1,7,60,ED25519_signed-by_RSA-SHA256,ED25519_signed-by_RSA-SHA256,14.005,2481.94,1081.89,0.538462,0,0,184.154,16,289.032,258.109,1674,1671
1,3,60,ED25519_signed-by_RSA-SHA256,ED25519_signed-by_RSA-SHA256,12.858,2703.36,842.429,1,0,0,161.429,24,286.544,272.857,1674,1671
1,6,63,ED25519_signed-by_RSA-SHA256,ED25519_signed-by_RSA-SHA256,12.227,2842.67,885.84,0.428571,0,0,150,9,289.184,266.776,1674,1671
1,2,57,ED25519_signed-by_RSA-SHA256,ED25519_signed-by_RSA-SHA256,12.606,2757.41,1030.62,0.3,0,0,216,24,281.361,266.271,1674,1671
1,8,62,ED25519_signed-by_RSA-SHA256,ED25519_signed-by_RSA-SHA256,12.794,2716.89,1224.32,0.4,0,0,164.667,16,288.846,280.547,1674,1671
1,5,59,ED25519_signed-by_RSA-SHA256,ED25519_signed-by_RSA-SHA256,12.807,2714.13,845.785,0.857143,0,0,150,15,279.705,259.174,1674,1671
1,1,59,ED25519_signed-by_RSA-SHA256,ED25519_signed-by_RSA-SHA256,13.328,2608.02,812.719,0.857143,0,0,150,24,286.126,268.013,1674,1671
1,3,61,ED25519_signed-by_RSA-SHA256,ED25519_signed-by_RSA-SHA256,10.479,3317.11,1670.39,0.352941,11,0.647059,169.059,24,288.243,258.969,1674,1671
1,7,61,ED25519_signed-by_RSA-SHA256,ED25519_signed-by_RSA-SHA256,12.727,2731.15,1394.18,0.642857,7,0.5,119.714,16,286.767,264.483,1674,1671
1,6,64,ED25519_signed-by_RSA-SHA256,ED25519_signed-by_RSA-SHA256,10.857,3201.33,1220.12,1,0,0,199.818,9,292.292,273.602,1674,1671
1,8,63,ED25519_signed-by_RSA-SHA256,ED25519_signed-by_RSA-SHA256,9.752,3564.09,1110.65,1,0,0,150,16,281.474,280.835,1674,1671
1,2,58,ED25519_signed-by_RSA-SHA256,ED25519_signed-by_RSA-SHA256,11.868,2928.87,1094.7,1,0,0,216,24,277.951,279.253,1674,1671
1,5,60,ED25519_signed-by_RSA-SHA256,ED25519_signed-by_RSA-SHA256,12.012,2893.76,1261.4,0.615385,0,0,184.154,15,281.738,265.066,1674,1671
1,1,60,ED25519_signed-by_RSA-SHA256,ED25519_signed-by_RSA-SHA256,11.578,3002.25,1308.69,0.615385,0,0,184.154,24,285.848,268.475,1674,1671
1,3,62,ED25519_signed-by_RSA-SHA256,ED25519_signed-by_RSA-SHA256,12.364,2811.37,1241.01,0.357143,3,0.214286,187.714,24,286.101,265.64,1674,1671
1,7,62,ED25519_signed-by_RSA-SHA256,ED25519_signed-by_RSA-SHA256,11.628,2989.09,1629.04,0.384615,11,0.846154,149.385,16,286.852,264.804,1674,1671
1,6,65,ED25519_signed-by_RSA-SHA256,ED25519_signed-by_RSA-SHA256,10.586,3283.31,1227.18,0.5,0,0,216,9,276.632,267.288,1674,1671
1,8,64,ED25519_signed-by_RSA-SHA256,ED25519_signed-by_RSA-SHA256,12.012,2893.77,1261.4,0.384615,0,0,185.077,16,282.431,264.628,1674,1671
1,2,59,ED25519_signed-by_RSA-SHA256,ED25519_signed-by_RSA-SHA256,11.959,2906.36,1086.29,0.5,0,0,216,24,282.027,266.258,1674,1671
1,1,61,ED25519_signed-by_RSA-SHA256,ED25519_signed-by_RSA-SHA256,10.365,3353.31,1044.97,0.714286,0,0,150,24,291.623,262.456,1674,1671
1,5,61,ED25519_signed-by_RSA-SHA256,ED25519_signed-by_RSA-SHA256,12.657,2746.29,876.033,0.625,0,0,136,15,290.428,259.08,1674,1671
1,7,63,ED25519_signed-by_RSA-SHA256,ED25519_signed-by_RSA-SHA256,11.022,3153.42,982.677,0.714286,0,0,150,16,274.804,263.973,1674,1671
1,6,66,ED25519_signed-by_RSA-SHA256,ED25519_signed-by_RSA-SHA256,10.689,3251.67,1215.35,0,0,0,216,9,280.567,260.796,1674,1671
1,3,63,ED25519_signed-by_RSA-SHA256,ED25519_signed-by_RSA-SHA256,14.211,2445.97,1181.04,0.5,11,1.1,184.4,24,276.577,258.748,1674,1671
1,8,65,ED25519_signed-by_RSA-SHA256,ED25519_signed-by_RSA-SHA256,10.083,3447.12,1074.2,0,0,0,150,16,276.306,268.307,1674,1671
1,2,60,ED25519_signed-by_RSA-SHA256,ED25519_signed-by_RSA-SHA256,10.345,3359.81,1255.77,0,0,0,216,24,279.615,259.98,1674,1671
1,1,62,ED25519_signed-by_RSA-SHA256,ED25519_signed-by_RSA-SHA256,10.167,3418.64,1490.2,0,0,0,184.154,24,290.642,260.824,1674,1671
1,5,62,ED25519_signed-by_RSA-SHA256,ED25519_signed-by_RSA-SHA256,9.651,3601.43,1346.08,0,0,0,216,15,301.146,267.33,1674,1671
1,7,64,ED25519_signed-by_RSA-SHA256,ED25519_signed-by_RSA-SHA256,10.261,3387.31,1476.54,0.384615,0,0,184.154,16,280.128,278.489,1674,1671
1,6,67,ED25519_signed-by_RSA-SHA256,ED25519_signed-by_RSA-SHA256,11.126,3123.95,1384.75,0.571429,0,0,173.714,9,292.831,257.592,1674,1671
1,3,64,ED25519_signed-by_RSA-SHA256,ED25519_signed-by_RSA-SHA256,11.375,3055.56,1142.06,0.8,0,0,234.4,24,290.198,263.95,1674,1671
1,8,66,ED25519_signed-by_RSA-SHA256,ED25519_signed-by_RSA-SHA256,11.702,2970.42,1294.82,0.615385,0,0,184.154,16,287.438,266.04,1674,1671
1,5,63,ED25519_signed-by_RSA-SHA256,ED25519_signed-by_RSA-SHA256,9.867,3522.54,2119.2,0.533333,7,0.466667,252.667,15,289.941,257.48,1674,1671
1,2,61,ED25519_signed-by_RSA-SHA256,ED25519_signed-by_RSA-SHA256,13.331,2607.42,1331.02,0.571429,7,0.5,196,24,280.633,268.433,1674,1671
1,1,63,ED25519_signed-by_RSA-SHA256,ED25519_signed-by_RSA-SHA256,13.586,2558.48,1235.37,0.8,11,1.1,170.8,24,274.588,263.815,1674,1671
1,6,68,ED25519_signed-by_RSA-SHA256,ED25519_signed-by_RSA-SHA256,8.956,3880.88,1209.37,0,0,0,150,9,277.59,262.517,1674,1671
1,7,65,ED25519_signed-by_RSA-SHA256,ED25519_signed-by_RSA-SHA256,12.302,2825.33,1056,0.6,4,0.4,128.4,16,300.209,286.403,1674,1671
1,3,65,ED25519_signed-by_RSA-SHA256,ED25519_signed-by_RSA-SHA256,10.576,3286.41,1228.34,0.9,0,0,234.4,24,288.782,265.899,1674,1671
1,8,67,ED25519_signed-by_RSA-SHA256,ED25519_signed-by_RSA-SHA256,11.039,3148.57,981.165,1,0,0,150,16,288.309,272.86,1674,1671
1,5,64,ED25519_signed-by_RSA-SHA256,ED25519_signed-by_RSA-SHA256,12.189,2851.73,1086.87,1,0,0,199.818,15,279.445,263.337,1674,1671
1,1,64,ED25519_signed-by_RSA-SHA256,ED25519_signed-by_RSA-SHA256,9.97,3486.15,1303,1,0,0,216,24,282.504,261.311,1674,1671
1,2,62,ED25519_signed-by_RSA-SHA256,ED25519_signed-by_RSA-SHA256,12.827,2709.88,1383.32,1,7,0.5,182.286,24,275.966,266.504,1674,1671
1,6,69,ED25519_signed-by_RSA-SHA256,ED25519_signed-by_RSA-SHA256,11.683,2975.26,1195.58,1,1,0.0833333,187.667,9,281.977,275.232,1674,1671
1,7,66,ED25519_signed-by_RSA-SHA256,ED25519_signed-by_RSA-SHA256,11.737,2961.57,1123.28,1,3,0.272727,199.818,16,295.676,269.143,1674,1671
1,3,66,ED25519_signed-by_RSA-SHA256,ED25519_signed-by_RSA-SHA256,12.788,2718.14,1849.21,0.714286,25,1.19048,258.762,24,274.755,288.124,1674,1671
1,8,68,ED25519_signed-by_RSA-SHA256,ED25519_signed-by_RSA-SHA256,12,2896.64,1478.65,0.5,7,0.5,182.286,16,285.413,268.798,1674,1671
1,1,65,ED25519_signed-by_RSA-SHA256,ED25519_signed-by_RSA-SHA256,10.336,3362.7,1465.81,0.461538,0,0,184.154,24,283.617,264.936,1674,1671
1,5,65,ED25519_signed-by_RSA-SHA256,ED25519_signed-by_RSA-SHA256,11.624,2990.36,1117.69,0.6,0,0,216,15,279.685,267.435,1674,1671
1,6,70,ED25519_signed-by_RSA-SHA256,ED25519_signed-by_RSA-SHA256,9.426,3687.35,1882.29,0.571429,7,0.5,182.286,9,302.355,269.663,1674,1671
1,2,63,ED25519_signed-by_RSA-SHA256,ED25519_signed-by_RSA-SHA256,14.015,2480.15,1420.17,0.647059,7,0.411765,163.882,24,287.71,272.438,1674,1671
1,7,67,ED25519_signed-by_RSA-SHA256,ED25519_signed-by_RSA-SHA256,11.646,2984.69,1115.57,0.8,0,0,216,16,283.737,259.819,1674,1671
1,3,67,ED25519_signed-by_RSA-SHA256,ED25519_signed-by_RSA-SHA256,10.917,3183.75,1189.97,0.5,0,0,234.4,24,304.602,266.554,1674,1671
1,8,69,ED25519_signed-by_RSA-SHA256,ED25519_signed-by_RSA-SHA256,11.13,3122.84,1167.2,0.5,0,0,216,16,296.895,261.777,1674,1671
1,6,71,ED25519_signed-by_RSA-SHA256,ED25519_signed-by_RSA-SHA256,10.026,3466.67,1511.13,0,0,0,184.154,9,295.404,269.103,1674,1671
1,5,66,ED25519_signed-by_RSA-SHA256,ED25519_signed-by_RSA-SHA256,11.788,2948.51,1957.08,0.277778,7,0.388889,223.556,15,281.66,260.656,1674,1671
1,1,66,ED25519_signed-by_RSA-SHA256,ED25519_signed-by_RSA-SHA256,14.677,2368.29,1143.54,1,11,1.1,170.8,24,285.389,270.573,1674,1671
1,2,64,ED25519_signed-by_RSA-SHA256,ED25519_signed-by_RSA-SHA256,12.022,2891.36,901.012,0.714286,0,0,150,24,283.489,260.139,1674,1671
1,7,68,ED25519_signed-by_RSA-SHA256,ED25519_signed-by_RSA-SHA256,11.917,2916.6,1271.36,0.615385,4,0.307692,184.154,16,293.967,259.329,1674,1671
1,3,68,ED25519_signed-by_RSA-SHA256,ED25519_signed-by_RSA-SHA256,10.923,3182.01,1189.32,0.8,0,0,234.4,24,280.985,258.78,1674,1671
1,8,70,ED25519_signed-by_RSA-SHA256,ED25519_signed-by_RSA-SHA256,10.474,3318.42,1264.74,0.727273,0,0,199.818,16,277.189,280.067,1674,1671
1,6,72,ED25519_signed-by_RSA-SHA256,ED25519_signed-by_RSA-SHA256,10.949,3174.46,989.233,1,0,0,150,9,288.973,265.453,1674,1671
1,5,67,ED25519_signed-by_RSA-SHA256,ED25519_signed-by_RSA-SHA256,15.393,2258.09,1230.65,1,11,0.846154,149.385,15,274.86,271.885,1674,1671
1,8,71,ED25519_signed-by_RSA-SHA256,ED25519_signed-by_RSA-SHA256,9.271,3748.92,1401.21,1,0,0,216,16,297.428,266.196,1674,1671
1,3,69,ED25519_signed-by_RSA-SHA256,ED25519_signed-by_RSA-SHA256,12.569,2765.48,1411.7,1,7,0.5,197.143,24,283.897,259.251,1674,1671
1,7,69,ED25519_signed-by_RSA-SHA256,ED25519_signed-by_RSA-SHA256,14.462,2403.47,929.306,1,3,0.25,186.333,16,286.752,274.054,1674,1671
1,6,73,ED25519_signed-by_RSA-SHA256,ED25519_signed-by_RSA-SHA256,12.914,2691.6,2163.19,1,12,0.521739,159.565,9,291.775,271.984,1674,1671
1,5,68,ED25519_signed-by_RSA-SHA256,ED25519_signed-by_RSA-SHA256,8.326,4174.56,1300.89,1,0,0,150,15,286.364,278.052,1674,1671
1,8,72,ED25519_signed-by_RSA-SHA256,ED25519_signed-by_RSA-SHA256,9.705,3581.36,2396.92,1,21,1.10526,219.053,16,307.515,264.642,1674,1671
1,7,70,ED25519_signed-by_RSA-SHA256,ED25519_signed-by_RSA-SHA256,8.145,4267.25,1594.94,0.8,0,0,216,16,281.253,262.649,1674,1671
1,3,70,ED25519_signed-by_RSA-SHA256,ED25519_signed-by_RSA-SHA256,13.579,2559.82,1573.01,1,17,1,314.706,24,287.612,258.215,1674,1671
1,1,67,ED25519_signed-by_RSA-SHA256,ED25519_signed-by_RSA-SHA256,31.092,1117.95,1047.71,1,31,1.06897,133.31,24,283.8,264.681,1674,1671
1,2,65,ED25519_signed-by_RSA-SHA256,ED25519_signed-by_RSA-SHA256,30.97,1122.35,961.944,1,23,0.851852,140.37,24,287.146,264.861,1674,1671
1,5,69,ED25519_signed-by_RSA-SHA256,ED25519_signed-by_RSA-SHA256,13.376,2598.68,1132.77,0.230769,0,0,184.154,15,271.488,265.81,1674,1671
1,6,74,ED25519_signed-by_RSA-SHA256,ED25519_signed-by_RSA-SHA256,15.131,2297.25,1109.24,0.8,11,1.1,170.8,9,279.701,267.931,1674,1671
1,8,73,ED25519_signed-by_RSA-SHA256,ED25519_signed-by_RSA-SHA256,15.38,2260.07,857.213,0,3,0.272727,200.909,16,286.755,263.188,1674,1671
1,7,71,ED25519_signed-by_RSA-SHA256,ED25519_signed-by_RSA-SHA256,14.777,2352.3,1025.38,0.230769,4,0.307692,484.154,16,286.832,266.287,1674,1671
1,3,71,ED25519_signed-by_RSA-SHA256,ED25519_signed-by_RSA-SHA256,12.15,2860.7,1268.06,0.5,4,0.285714,187.714,24,380.614,264.407,1674,1671
1,1,68,ED25519_signed-by_RSA-SHA256,ED25519_signed-by_RSA-SHA256,13.197,2633.93,984.464,0.7,0,0,216,24,278.283,277.433,1674,1671
1,2,66,ED25519_signed-by_RSA-SHA256,ED25519_signed-by_RSA-SHA256,12.433,2795.57,871.162,1,0,0,150,24,280.704,270.537,1674,1671
1,6,75,ED25519_signed-by_RSA-SHA256,ED25519_signed-by_RSA-SHA256,12.972,2679.42,1001.47,0.7,0,0,817.2,9,295.181,264.338,1674,1671
1,5,70,ED25519_signed-by_RSA-SHA256,ED25519_signed-by_RSA-SHA256,14.952,2324.76,868.909,1,0,0,128.4,15,285.578,260.087,1674,1671
1,8,74,ED25519_signed-by_RSA-SHA256,ED25519_signed-by_RSA-SHA256,12.164,2857.39,1067.99,1,0,0,216,16,291.953,272.083,1674,1671
1,3,72,ED25519_signed-by_RSA-SHA256,ED25519_signed-by_RSA-SHA256,12.159,2858.78,1105.35,0.916667,3,0.25,201.667,24,285.485,266.596,1674,1671
1,1,69,ED25519_signed-by_RSA-SHA256,ED25519_signed-by_RSA-SHA256,12.252,2837.08,1081.29,1,0,0,199.818,24,281.892,268.419,1674,1671
1,2,67,ED25519_signed-by_RSA-SHA256,ED25519_signed-by_RSA-SHA256,13.819,2515.34,940.141,1,0,0,216,24,282.51,258.813,1674,1671
1,8,75,ED25519_signed-by_RSA-SHA256,ED25519_signed-by_RSA-SHA256,9.291,3740.88,1425.75,1,0,0,245.636,16,297.284,265.569,1674,1671
1,6,76,ED25519_signed-by_RSA-SHA256,ED25519_signed-by_RSA-SHA256,14.144,2457.5,1254.49,1,7,0.5,182.286,9,283.897,277.64,1674,1671
1,7,72,ED25519_signed-by_RSA-SHA256,ED25519_signed-by_RSA-SHA256,23.65,1469.76,573.696,1,5,0.384615,187.231,17,293.743,267.801,1674,1671
1,5,71,ED25519_signed-by_RSA-SHA256,ED25519_signed-by_RSA-SHA256,15.961,2177.72,1631.91,1,31,1.47619,215.143,15,279.802,265.676,1674,1671
1,1,70,ED25519_signed-by_RSA-SHA256,ED25519_signed-by_RSA-SHA256,9.902,3510.39,1530.19,0.230769,0,0,184.154,24,289.918,263.96,1674,1671
1,3,73,ED25519_signed-by_RSA-SHA256,ED25519_signed-by_RSA-SHA256,13.48,2578.57,1584.53,0.823529,17,1,253.529,24,298.585,258.1,1674,1671
1,2,68,ED25519_signed-by_RSA-SHA256,ED25519_signed-by_RSA-SHA256,11.143,3119.43,1165.93,0.3,0,0,216,24,271.149,266.25,1674,1671
1,8,76,ED25519_signed-by_RSA-SHA256,ED25519_signed-by_RSA-SHA256,10.014,3470.81,1297.26,0,0,0,216,16,277.945,261.583,1674,1671
1,6,77,ED25519_signed-by_RSA-SHA256,ED25519_signed-by_RSA-SHA256,12.672,2743.02,1025.24,0.3,0,0,216,9,304.204,276.04,1674,1671
1,7,73,ED25519_signed-by_RSA-SHA256,ED25519_signed-by_RSA-SHA256,13.533,2568.49,1119.62,0.230769,0,0,184.154,17,295.479,270.945,1674,1671
1,1,71,ED25519_signed-by_RSA-SHA256,ED25519_signed-by_RSA-SHA256,14.684,2367.17,884.76,0.3,0,0,129.6,24,282.853,266.447,1674,1671
1,5,72,ED25519_signed-by_RSA-SHA256,ED25519_signed-by_RSA-SHA256,16.252,2138.78,1283.76,0.533333,7,0.466667,174.8,15,287.597,270.198,1674,1671
1,3,74,ED25519_signed-by_RSA-SHA256,ED25519_signed-by_RSA-SHA256,16.699,2081.52,938.001,0.533333,0,0,177.733,24,276.879,259.679,1674,1671
1,2,69,ED25519_signed-by_RSA-SHA256,ED25519_signed-by_RSA-SHA256,15.486,2244.57,838.938,0.8,0,0,216,24,295.01,270.249,1674,1671
1,8,77,ED25519_signed-by_RSA-SHA256,ED25519_signed-by_RSA-SHA256,17.248,2015.26,878.458,0.846154,0,0,184.154,16,290.643,261.551,1674,1671
1,4,0,ED25519_signed-by_RSA-SHA256,ED25519_signed-by_RSA-SHA256,1026.24,33.8711,7.56934,1,2,0.142857,197.571,24,313.525,309.483,1674,1671
1,7,74,ED25519_signed-by_RSA-SHA256,ED25519_signed-by_RSA-SHA256,17.293,2010.02,766.075,0.818182,0,0,120.182,17,284.154,269.87,1674,1671
1,6,78,ED25519_signed-by_RSA-SHA256,ED25519_signed-by_RSA-SHA256,20.706,1678.69,961.238,0.529412,7,0.411765,112.353,9,276.613,263.854,1674,1671
1,5,73,ED25519_signed-by_RSA-SHA256,ED25519_signed-by_RSA-SHA256,14.853,2340.23,874.693,0.4,0,0,216,15,283.931,265.054,1674,1671
1,1,72,ED25519_signed-by_RSA-SHA256,ED25519_signed-by_RSA-SHA256,17.264,2013.4,972.177,0.9,11,1.1,170.8,24,293.813,260.39,1674,1671
1,3,75,ED25519_signed-by_RSA-SHA256,ED25519_signed-by_RSA-SHA256,15.566,2233.03,851.07,1,0,0,128.545,24,303.434,266.679,1674,1671
1,2,70,ED25519_signed-by_RSA-SHA256,ED25519_signed-by_RSA-SHA256,15.915,2184.05,952.035,1,4,0.307692,184.154,24,290.93,266.105,1674,1671
1,8,78,ED25519_signed-by_RSA-SHA256,ED25519_signed-by_RSA-SHA256,18.326,1896.68,719.387,1,6,0.545455,120.182,16,303.553,259.857,1674,1671
1,4,1,ED25519_signed-by_RSA-SHA256,ED25519_signed-by_RSA-SHA256,15.584,2230.41,833.646,1,0,0,149.6,24,291.161,259.96,1674,1671
1,7,75,ED25519_signed-by_RSA-SHA256,ED25519_signed-by_RSA-SHA256,15.095,2302.68,768.443,1,0,0,116.4,17,297.092,271.013,1674,1671
1,5,74,ED25519_signed-by_RSA-SHA256,ED25519_signed-by_RSA-SHA256,16.631,2089.99,781.162,1,0,0,216,15,296.489,263.979,1674,1671
1,6,79,ED25519_signed-by_RSA-SHA256,ED25519_signed-by_RSA-SHA256,17.91,1940.74,604.779,1,0,0,150,9,292.315,268.697,1674,1671
1,3,76,ED25519_signed-by_RSA-SHA256,ED25519_signed-by_RSA-SHA256,14.667,2369.87,1697.36,1,22,1.375,171.75,24,281.799,269.507,1674,1671
1,1,73,ED25519_signed-by_RSA-SHA256,ED25519_signed-by_RSA-SHA256,18.756,1853.2,1267.6,1,21,1,202.952,24,290.903,266.866,1674,1671
1,2,71,ED25519_signed-by_RSA-SHA256,ED25519_signed-by_RSA-SHA256,16.663,2085.99,1289.52,1,21,1.16667,346.889,24,282.713,267.068,1674,1671
1,8,79,ED25519_signed-by_RSA-SHA256,ED25519_signed-by_RSA-SHA256,13.939,2493.68,777.087,1,0,0,150,16,282.078,263.957,1674,1671
1,7,76,ED25519_signed-by_RSA-SHA256,ED25519_signed-by_RSA-SHA256,12.247,2838.23,1081.73,1,0,0,199.818,17,283.614,272.192,1674,1671
1,4,2,ED25519_signed-by_RSA-SHA256,ED25519_signed-by_RSA-SHA256,16.996,2045.11,902.769,1,7,0.5,205.429,24,290.287,258.481,1674,1671
1,8,80,ED25519_signed-by_RSA-SHA256,ED25519_signed-by_RSA-SHA256,7.679,4526.1,2747.95,1,17,1.0625,245.5,16,276.033,275.188,1674,1671
1,5,75,ED25519_signed-by_RSA-SHA256,ED25519_signed-by_RSA-SHA256,16.349,2126.03,1302.53,1,18,1.05882,233.294,15,280.389,260.892,1674,1671
1,6,80,ED25519_signed-by_RSA-SHA256,ED25519_signed-by_RSA-SHA256,16.368,2123.56,1084.02,1,7,0.5,182.286,10,290.327,261.504,1674,1671
1,7,77,ED25519_signed-by_RSA-SHA256,ED25519_signed-by_RSA-SHA256,9.487,3663.94,1369.45,1,0,0,216,17,276.915,258.634,1674,1671
1,1,74,ED25519_signed-by_RSA-SHA256,ED25519_signed-by_RSA-SHA256,16.05,2165.63,1425.48,1,18,0.9,152.2,24,282.507,256.421,1674,1671
1,2,72,ED25519_signed-by_RSA-SHA256,ED25519_signed-by_RSA-SHA256,17.146,2027.19,1034.82,1,7,0.5,207.143,24,291.084,264.842,1674,1671
1,3,77,ED25519_signed-by_RSA-SHA256,ED25519_signed-by_RSA-SHA256,22.393,1552.25,800.952,1,8,0.533333,122,24,289.324,264.651,1674,1671
1,4,3,ED25519_signed-by_RSA-SHA256,ED25519_signed-by_RSA-SHA256,14.329,2425.75,1472.76,1,17,1.0625,293.5,24,287.888,269.625,1674,1671
1,8,81,ED25519_signed-by_RSA-SHA256,ED25519_signed-by_RSA-SHA256,11.886,2924.39,1274.75,0.384615,0,0,184.154,16,287.63,268.878,1674,1671
1,5,76,ED25519_signed-by_RSA-SHA256,ED25519_signed-by_RSA-SHA256,11.575,3002.99,1309.02,0.384615,0,0,184.154,15,276.233,257.09,1674,1671
1,6,81,ED25519_signed-by_RSA-SHA256,ED25519_signed-by_RSA-SHA256,12.743,2727.72,1189.02,0.384615,0,0,184.154,10,287.368,260.228,1674,1671
1,1,75,ED25519_signed-by_RSA-SHA256,ED25519_signed-by_RSA-SHA256,11.347,3063.33,1144.96,0.5,0,0,216,24,288.504,267.001,1674,1671
1,7,78,ED25519_signed-by_RSA-SHA256,ED25519_signed-by_RSA-SHA256,13.681,2540.69,1296.95,0.357143,7,0.5,182.286,17,282.702,266.722,1674,1671
1,2,73,ED25519_signed-by_RSA-SHA256,ED25519_signed-by_RSA-SHA256,13.062,2661.08,1159.97,1,4,0.307692,116.769,24,285.418,274.018,1674,1671
1,4,4,ED25519_signed-by_RSA-SHA256,ED25519_signed-by_RSA-SHA256,10.561,3291.31,1434.7,1,4,0.307692,218.308,24,291.459,275.501,1674,1671
1,5,77,ED25519_signed-by_RSA-SHA256,ED25519_signed-by_RSA-SHA256,8.876,3915.74,1220.23,1,0,0,150,15,299.786,273.356,1674,1671
1,6,82,ED25519_signed-by_RSA-SHA256,ED25519_signed-by_RSA-SHA256,8.488,4094.74,1560.62,1,1,0.0909091,120.182,10,278.62,257.175,1674,1671
1,8,82,ED25519_signed-by_RSA-SHA256,ED25519_signed-by_RSA-SHA256,15.324,2268.26,1174.59,1,7,0.466667,114.267,16,295.336,264.77,1674,1671
1,1,76,ED25519_signed-by_RSA-SHA256,ED25519_signed-by_RSA-SHA256,15.788,2201.57,1424.82,1,14,0.777778,164.889,24,282.182,267.505,1674,1671
1,5,78,ED25519_signed-by_RSA-SHA256,ED25519_signed-by_RSA-SHA256,10.543,3296.97,1256.57,1,0,0,199.818,15,284.76,262.845,1674,1671
1,2,74,ED25519_signed-by_RSA-SHA256,ED25519_signed-by_RSA-SHA256,14.325,2426.46,920.324,1,3,0.272727,199.818,24,275.224,261.424,1674,1671
1,6,83,ED25519_signed-by_RSA-SHA256,ED25519_signed-by_RSA-SHA256,11.766,2954.25,981.803,1,0,0,237,10,270.235,274.353,1674,1671
1,4,5,ED25519_signed-by_RSA-SHA256,ED25519_signed-by_RSA-SHA256,14.749,2356.72,893.872,1,3,0.272727,236.909,24,276.938,256.644,1674,1671
1,3,78,ED25519_signed-by_RSA-SHA256,ED25519_signed-by_RSA-SHA256,28.815,1206.28,835.654,1,20,1.05263,134.632,24,293.74,262.528,1674,1671
1,8,83,ED25519_signed-by_RSA-SHA256,ED25519_signed-by_RSA-SHA256,11.87,2928.38,1094.52,0,0,0,128.4,16,288.061,270.615,1674,1671
1,7,79,ED25519_signed-by_RSA-SHA256,ED25519_signed-by_RSA-SHA256,24.346,1427.73,1296.62,1,35,1.34615,235.692,17,285.969,262.996,1674,1671
1,1,77,ED25519_signed-by_RSA-SHA256,ED25519_signed-by_RSA-SHA256,12.864,2702.1,1177.86,0,0,0,184.154,24,275.474,276.202,1674,1671
1,5,79,ED25519_signed-by_RSA-SHA256,ED25519_signed-by_RSA-SHA256,13.012,2671.37,998.46,0,0,0,216,15,277.737,268.429,1674,1671
1,2,75,ED25519_signed-by_RSA-SHA256,ED25519_signed-by_RSA-SHA256,12.472,2787.04,1041.69,0,0,0,216,24,286.945,262.248,1674,1671
1,6,84,ED25519_signed-by_RSA-SHA256,ED25519_signed-by_RSA-SHA256,13.267,2620.02,979.265,0,0,0,216,10,279.821,258.541,1674,1671
1,4,6,ED25519_signed-by_RSA-SHA256,ED25519_signed-by_RSA-SHA256,12.919,2690.6,1005.65,0,0,0,256.8,24,288.905,261.178,1674,1671
1,3,79,ED25519_signed-by_RSA-SHA256,ED25519_signed-by_RSA-SHA256,11.876,2926.91,912.091,0,0,0,230,24,283.247,259.76,1674,1671
1,8,84,ED25519_signed-by_RSA-SHA256,ED25519_signed-by_RSA-SHA256,12.558,2767.94,862.552,1,0,0,150,16,292.594,277.122,1674,1671
1,7,80,ED25519_signed-by_RSA-SHA256,ED25519_signed-by_RSA-SHA256,13.718,2533.86,947.064,1,0,0,128.4,17,300.285,264.413,1674,1671
1,1,78,ED25519_signed-by_RSA-SHA256,ED25519_signed-by_RSA-SHA256,12.661,2745.42,864.38,1,0,0,135.5,24,290.794,273.007,1674,1671
1,5,80,ED25519_signed-by_RSA-SHA256,ED25519_signed-by_RSA-SHA256,14.127,2460.49,1108.78,1,4,0.266667,164.667,15,303.943,257.941,1674,1671
1,6,85,ED25519_signed-by_RSA-SHA256,ED25519_signed-by_RSA-SHA256,12.087,2875.79,1253.57,1,1,0.0769231,184.154,10,271.643,270.252,1674,1671
1,2,76,ED25519_signed-by_RSA-SHA256,ED25519_signed-by_RSA-SHA256,14.441,2406.99,899.643,1,0,0,216,24,291.154,271.736,1674,1671
1,4,7,ED25519_signed-by_RSA-SHA256,ED25519_signed-by_RSA-SHA256,17.038,2040.07,1670.56,1,25,1,218.32,24,279.296,266.411,1674,1671
1,8,85,ED25519_signed-by_RSA-SHA256,ED25519_signed-by_RSA-SHA256,17.059,2037.54,1192.98,1,8,0.421053,466.421,16,290.806,273.838,1674,1671
1,6,86,ED25519_signed-by_RSA-SHA256,ED25519_signed-by_RSA-SHA256,12.437,2794.67,1505.07,1,7,0.4375,131,10,294.605,281.199,1674,1671
1,7,81,ED25519_signed-by_RSA-SHA256,ED25519_signed-by_RSA-SHA256,20.999,1655.25,1326.48,1,29,1.52632,151.895,17,289.324,274.867,1674,1671
1,5,81,ED25519_signed-by_RSA-SHA256,ED25519_signed-by_RSA-SHA256,21.13,1645,676.172,1,6,0.428571,177.714,15,291.858,268.464,1674,1671
1,2,77,ED25519_signed-by_RSA-SHA256,ED25519_signed-by_RSA-SHA256,20.945,1659.53,1007.56,1,17,1.0625,245.5,24,292.369,260.329,1674,1671
1,4,8,ED25519_signed-by_RSA-SHA256,ED25519_signed-by_RSA-SHA256,18.435,1885.5,601.45,1,0,0,158,24,291.593,270.065,1674,1671
1,6,87,ED25519_signed-by_RSA-SHA256,ED25519_signed-by_RSA-SHA256,12.31,2823.7,879.929,1,0,0,150,10,277.667,267.516,1674,1671
1,1,79,ED25519_signed-by_RSA-SHA256,ED25519_signed-by_RSA-SHA256,30.901,1124.86,1220.39,1,53,1.76667,373.6,24,286.015,273.469,1674,1671
1,7,82,ED25519_signed-by_RSA-SHA256,ED25519_signed-by_RSA-SHA256,14.861,2338.98,874.223,1,0,0,216,17,293.209,259.077,1674,1671
1,8,86,ED25519_signed-by_RSA-SHA256,ED25519_signed-by_RSA-SHA256,23.344,1488.99,1066.45,1,22,1.375,166,17,284.526,272.627,1674,1671
1,3,80,ED25519_signed-by_RSA-SHA256,ED25519_signed-by_RSA-SHA256,43.546,798.224,866.013,1,53,1.76667,337.467,24,291.725,258.391,1674,1671
1,5,82,ED25519_signed-by_RSA-SHA256,ED25519_signed-by_RSA-SHA256,12.814,2712.65,1013.89,1,0,0,216,15,288.619,267.372,1674,1671
1,2,78,ED25519_signed-by_RSA-SHA256,ED25519_signed-by_RSA-SHA256,15.771,2204,823.774,1,0,0,217.2,24,391.184,260.752,1674,1671
1,4,9,ED25519_signed-by_RSA-SHA256,ED25519_signed-by_RSA-SHA256,15.997,2172.86,1335.22,0.941176,17,1,278.471,24,284.037,271.637,1674,1671
1,6,88,ED25519_signed-by_RSA-SHA256,ED25519_signed-by_RSA-SHA256,15.761,2205.39,1476.01,0.842105,17,0.894737,219.053,10,279.569,270.717,1674,1671
1,1,80,ED25519_signed-by_RSA-SHA256,ED25519_signed-by_RSA-SHA256,14.89,2334.4,889.703,1,0,0,199.818,24,284.162,271.66,1674,1671
1,7,83,ED25519_signed-by_RSA-SHA256,ED25519_signed-by_RSA-SHA256,14.388,2415.85,1053.08,1,4,0.307692,184.154,17,281.478,267.251,1674,1671
1,5,83,ED25519_signed-by_RSA-SHA256,ED25519_signed-by_RSA-SHA256,12.395,2804.31,1048.15,1,0,0,216,15,292.714,272.144,1674,1671
1,8,87,ED25519_signed-by_RSA-SHA256,ED25519_signed-by_RSA-SHA256,16.432,2115.32,674.76,1,0,0,136,17,289.467,269.52,1674,1671
1,2,79,ED25519_signed-by_RSA-SHA256,ED25519_signed-by_RSA-SHA256,13.683,2540.29,1107.32,1,0,0,184.154,24,286.668,267.307,1674,1671
1,3,81,ED25519_signed-by_RSA-SHA256,ED25519_signed-by_RSA-SHA256,21.36,1627.33,1546.06,1,31,1.10714,196.714,24,294.42,261.816,1674,1671
1,6,89,ED25519_signed-by_RSA-SHA256,ED25519_signed-by_RSA-SHA256,14.358,2420.87,1168.93,1,11,1.1,170.8,10,280.788,270.859,1674,1671
1,4,10,ED25519_signed-by_RSA-SHA256,ED25519_signed-by_RSA-SHA256,18.18,1911.91,975.974,1,7,0.5,214.857,24,295.506,267.961,1674,1671
1,1,81,ED25519_signed-by_RSA-SHA256,ED25519_signed-by_RSA-SHA256,18.841,1844.91,965.55,1,8,0.5,164.25,24,277.487,261.476,1674,1671
1,8,88,ED25519_signed-by_RSA-SHA256,ED25519_signed-by_RSA-SHA256,14.809,2347.12,1369.92,1,15,0.789474,150.632,17,279.654,262.511,1674,1671
1,7,84,ED25519_signed-by_RSA-SHA256,ED25519_signed-by_RSA-SHA256,18.693,1859.42,739.489,1,5,0.357143,176.571,17,288.622,261.904,1674,1671
1,5,84,ED25519_signed-by_RSA-SHA256,ED25519_signed-by_RSA-SHA256,18.697,1859.03,1254.47,1,13,0.65,166,15,288.896,258.852,1674,1671
1,2,80,ED25519_signed-by_RSA-SHA256,ED25519_signed-by_RSA-SHA256,14.789,2350.33,1217.09,1,7,0.466667,114.267,24,283.687,255.51,1674,1671
1,3,82,ED25519_signed-by_RSA-SHA256,ED25519_signed-by_RSA-SHA256,13.139,2645.5,824.397,1,0,0,161.429,24,278.543,260.957,1674,1671
1,6,90,ED25519_signed-by_RSA-SHA256,ED25519_signed-by_RSA-SHA256,13.156,2642.07,987.509,1,0,0,128.4,10,281.278,286.75,1674,1671
1,1,82,ED25519_signed-by_RSA-SHA256,ED25519_signed-by_RSA-SHA256,13.026,2668.48,1182.85,1,4,0.285714,173.714,24,281.199,268.78,1674,1671
1,8,89,ED25519_signed-by_RSA-SHA256,ED25519_signed-by_RSA-SHA256,13.535,2568.13,959.87,1,0,0,216,17,292.005,276.231,1674,1671
1,2,81,ED25519_signed-by_RSA-SHA256,ED25519_signed-by_RSA-SHA256,11.159,3114.97,1174.3,1,0,0,297.636,24,297.341,257.548,1674,1671
1,5,85,ED25519_signed-by_RSA-SHA256,ED25519_signed-by_RSA-SHA256,13.566,2562.26,1116.9,1,4,0.307692,184.154,15,301.269,268.001,1674,1671
1,4,11,ED25519_signed-by_RSA-SHA256,ED25519_signed-by_RSA-SHA256,20.64,1684.03,1261.96,1,25,1.19048,225.048,24,309.458,279.87,1674,1671
1,3,83,ED25519_signed-by_RSA-SHA256,ED25519_signed-by_RSA-SHA256,12.428,2796.88,1045.37,1,0,0,234.4,24,287.129,266.284,1674,1671
1,7,85,ED25519_signed-by_RSA-SHA256,ED25519_signed-by_RSA-SHA256,18.854,1843.58,1132.88,1,17,1,233.294,17,292.217,260.664,1674,1671
1,6,91,ED25519_signed-by_RSA-SHA256,ED25519_signed-by_RSA-SHA256,14.646,2373.3,1490.07,1,18,1.05882,240.353,10,302.023,261.185,1674,1671
1,3,84,ED25519_signed-by_RSA-SHA256,ED25519_signed-by_RSA-SHA256,11.02,3154.21,1178.93,1,0,0,234.4,24,282.474,271.113,1674,1671
1,8,90,ED25519_signed-by_RSA-SHA256,ED25519_signed-by_RSA-SHA256,18.729,1855.85,961.028,1,7,0.466667,172.667,17,279.889,263.606,1674,1671
1,4,12,ED25519_signed-by_RSA-SHA256,ED25519_signed-by_RSA-SHA256,16.233,2141.22,1306.91,1,17,1,253.294,24,284.569,264.193,1674,1671
1,7,86,ED25519_signed-by_RSA-SHA256,ED25519_signed-by_RSA-SHA256,13.848,2510.02,1295.16,1,8,0.533333,172.667,17,284.854,257.507,1674,1671
1,1,83,ED25519_signed-by_RSA-SHA256,ED25519_signed-by_RSA-SHA256,21.859,1590.18,829.31,1,11,0.6875,164.25,24,279.515,267.28,1674,1671
1,6,92,ED25519_signed-by_RSA-SHA256,ED25519_signed-by_RSA-SHA256,15.359,2263.08,845.854,1,0,0,216,10,299.164,261.145,1674,1671
1,5,86,ED25519_signed-by_RSA-SHA256,ED25519_signed-by_RSA-SHA256,21.778,1596.09,1567.07,1,31,1.14815,304.667,15,288.022,265.191,1674,1671
1,2,82,ED25519_signed-by_RSA-SHA256,ED25519_signed-by_RSA-SHA256,27.643,1257.42,1152.95,1,37,1.54167,143.667,24,292.265,271.745,1674,1671
1,8,91,ED25519_signed-by_RSA-SHA256,ED25519_signed-by_RSA-SHA256,12.113,2869.6,1072.55,0.6,0,0,216,17,276.414,272.247,1674,1671
1,3,85,ED25519_signed-by_RSA-SHA256,ED25519_signed-by_RSA-SHA256,16.691,2082.48,1549.04,1,24,1.2,234.4,24,415.964,262.892,1674,1671
1,4,13,ED25519_signed-by_RSA-SHA256,ED25519_signed-by_RSA-SHA256,13.666,2543.48,969.392,0.545455,0,0,216.545,24,281.5,263.914,1674,1671
1,7,87,ED25519_signed-by_RSA-SHA256,ED25519_signed-by_RSA-SHA256,13.293,2614.85,1139.82,0.461538,0,0,184.154,17,283.927,266.592,1674,1671
1,1,84,ED25519_signed-by_RSA-SHA256,ED25519_signed-by_RSA-SHA256,13.456,2583.18,965.497,0.6,0,0,216,24,292.352,263.67,1674,1671
1,5,87,ED25519_signed-by_RSA-SHA256,ED25519_signed-by_RSA-SHA256,11.753,2957.5,1105.41,1,4,0.4,128.4,15,286.039,264.853,1674,1671
1,6,93,ED25519_signed-by_RSA-SHA256,ED25519_signed-by_RSA-SHA256,15.914,2184.17,1114.96,1,7,0.5,182.286,10,279.227,266.24,1674,1671
1,2,83,ED25519_signed-by_RSA-SHA256,ED25519_signed-by_RSA-SHA256,12.388,2805.93,874.391,1,0,0,150,24,294.008,275.715,1674,1671
1,8,92,ED25519_signed-by_RSA-SHA256,ED25519_signed-by_RSA-SHA256,12.515,2777.44,1038.1,1,0,0,216,17,286.98,266.138,1674,1671
1,3,86,ED25519_signed-by_RSA-SHA256,ED25519_signed-by_RSA-SHA256,13.144,2644.52,1152.76,0.846154,0,0,199.231,24,289.418,260.307,1674,1671
1,4,14,ED25519_signed-by_RSA-SHA256,ED25519_signed-by_RSA-SHA256,13.006,2672.58,998.911,1,0,0,234.4,24,300.61,265.402,1674,1671
1,7,88,ED25519_signed-by_RSA-SHA256,ED25519_signed-by_RSA-SHA256,12.975,2678.97,834.826,1,0,0,150,17,288.355,266.719,1674,1671
1,5,88,ED25519_signed-by_RSA-SHA256,ED25519_signed-by_RSA-SHA256,12.851,2704.8,1025.9,1,3,0.272727,199.818,15,284.045,264.631,1674,1671
1,6,94,ED25519_signed-by_RSA-SHA256,ED25519_signed-by_RSA-SHA256,12.548,2770.1,1414.06,1,7,0.5,182.286,10,294.371,272.262,1674,1671
1,2,84,ED25519_signed-by_RSA-SHA256,ED25519_signed-by_RSA-SHA256,13.697,2537.73,948.508,1,0,0,216,24,289.899,266.231,1674,1671
1,1,85,ED25519_signed-by_RSA-SHA256,ED25519_signed-by_RSA-SHA256,21.671,1603.98,1201.97,1,25,1.19048,331.333,24,293.094,269.541,1674,1671
1,8,93,ED25519_signed-by_RSA-SHA256,ED25519_signed-by_RSA-SHA256,15.329,2267.53,1005.13,1,0,0,173.714,17,290.743,269.001,1674,1671
1,3,87,ED25519_signed-by_RSA-SHA256,ED25519_signed-by_RSA-SHA256,16.094,2159.74,1102.49,1,7,0.5,128,24,284.368,271.107,1674,1671
1,7,89,ED25519_signed-by_RSA-SHA256,ED25519_signed-by_RSA-SHA256,15.053,2309.11,880.065,1,0,0,199.818,17,296.945,275.545,1674,1671
1,5,89,ED25519_signed-by_RSA-SHA256,ED25519_signed-by_RSA-SHA256,15.475,2246.14,856.065,1,0,0,199.818,15,292.139,263.558,1674,1671
1,6,95,ED25519_signed-by_RSA-SHA256,ED25519_signed-by_RSA-SHA256,13.974,2487.43,929.71,1,0,0,216,10,286.191,279.159,1674,1671
1,4,15,ED25519_signed-by_RSA-SHA256,ED25519_signed-by_RSA-SHA256,21.47,1618.93,1104.38,1,18,0.857143,218.762,24,293.282,260.63,1674,1671
1,1,86,ED25519_signed-by_RSA-SHA256,ED25519_signed-by_RSA-SHA256,13.928,2495.66,1515.2,1,17,1.0625,245.5,24,278.754,275.137,1674,1671
1,3,88,ED25519_signed-by_RSA-SHA256,ED25519_signed-by_RSA-SHA256,11.149,3117.5,971.483,1,0,0,164.857,24,301.163,269.066,1674,1671
1,8,94,ED25519_signed-by_RSA-SHA256,ED25519_signed-by_RSA-SHA256,15.109,2300.55,1191.31,1,7,0.466667,125.467,17,290.142,269.741,1674,1671
1,7,90,ED25519_signed-by_RSA-SHA256,ED25519_signed-by_RSA-SHA256,14.037,2476.25,1643.62,1,7,0.388889,206.889,17,288.633,260.973,1674,1671
1,5,90,ED25519_signed-by_RSA-SHA256,ED25519_signed-by_RSA-SHA256,13.027,2668.26,1785.8,1,17,0.894737,219.053,15,283.173,257.641,1674,1671
1,4,16,ED25519_signed-by_RSA-SHA256,ED25519_signed-by_RSA-SHA256,10.268,3385.27,1054.93,1,0,0,161.429,24,284.622,262.615,1674,1671
1,6,96,ED25519_signed-by_RSA-SHA256,ED25519_signed-by_RSA-SHA256,14.723,2360.88,1205.16,1,7,0.5,182.286,10,295.33,258.202,1674,1671
1,2,85,ED25519_signed-by_RSA-SHA256,ED25519_signed-by_RSA-SHA256,27.05,1285,845.824,1,16,0.8,112,24,285.835,272.702,1674,1671
1,3,89,ED25519_signed-by_RSA-SHA256,ED25519_signed-by_RSA-SHA256,12.782,2719.38,1388.17,0.428571,7,0.5,197.143,24,282.917,268.013,1674,1671
1,8,95,ED25519_signed-by_RSA-SHA256,ED25519_signed-by_RSA-SHA256,12.44,2794.17,1064.94,0.272727,0,0,120.182,17,292.653,266.195,1674,1671
1,1,87,ED25519_signed-by_RSA-SHA256,ED25519_signed-by_RSA-SHA256,17.13,2029.11,1231.94,0.875,17,1.0625,245.5,24,285.627,265.916,1674,1671
1,7,91,ED25519_signed-by_RSA-SHA256,ED25519_signed-by_RSA-SHA256,13.394,2595.13,808.7,0.428571,0,0,150,17,285.277,273.387,1674,1671
1,4,17,ED25519_signed-by_RSA-SHA256,ED25519_signed-by_RSA-SHA256,11.785,2949.46,1285.68,0.230769,0,0,197.385,24,280.437,263.131,1674,1671
1,5,91,ED25519_signed-by_RSA-SHA256,ED25519_signed-by_RSA-SHA256,13.703,2536.61,790.465,0.428571,0,0,150,15,284.23,261.805,1674,1671
1,6,97,ED25519_signed-by_RSA-SHA256,ED25519_signed-by_RSA-SHA256,12.723,2732.01,1021.12,0,0,0,129.6,10,282.289,261.174,1674,1671
1,2,86,ED25519_signed-by_RSA-SHA256,ED25519_signed-by_RSA-SHA256,12.804,2714.73,1034.66,0.272727,0,0,199.818,24,294.026,268.75,1674,1671
1,3,90,ED25519_signed-by_RSA-SHA256,ED25519_signed-by_RSA-SHA256,13.559,2563.54,1117.46,0.461538,4,0.307692,199.231,24,294.23,267.258,1674,1671
1,1,88,ED25519_signed-by_RSA-SHA256,ED25519_signed-by_RSA-SHA256,13.319,2609.73,1156.81,0.428571,0,0,111.143,24,288.137,265.53,1674,1671
1,8,96,ED25519_signed-by_RSA-SHA256,ED25519_signed-by_RSA-SHA256,14.937,2327.03,1187.88,0.428571,7,0.5,119.714,17,299.44,297.822,1674,1671
1,7,92,ED25519_signed-by_RSA-SHA256,ED25519_signed-by_RSA-SHA256,14.665,2370.19,903.346,1,0,0,199.818,17,279.197,261.918,1674,1671
1,4,18,ED25519_signed-by_RSA-SHA256,ED25519_signed-by_RSA-SHA256,14.678,2368.09,737.952,1,0,0,161.429,24,286.381,262.709,1674,1671
1,5,92,ED25519_signed-by_RSA-SHA256,ED25519_signed-by_RSA-SHA256,14.882,2335.63,872.971,1,0,0,216,15,280.012,257.119,1674,1671
1,6,98,ED25519_signed-by_RSA-SHA256,ED25519_signed-by_RSA-SHA256,14.409,2412.3,901.628,1,0,0,216,10,275.405,264.296,1674,1671
1,2,87,ED25519_signed-by_RSA-SHA256,ED25519_signed-by_RSA-SHA256,13.92,2497.06,1274.68,0.785714,7,0.5,182.286,24,308.662,276.248,1674,1671
1,3,91,ED25519_signed-by_RSA-SHA256,ED25519_signed-by_RSA-SHA256,14.766,2353.99,892.835,1,3,0.272727,216.545,24,288.297,268.404,1674,1671
1,8,97,ED25519_signed-by_RSA-SHA256,ED25519_signed-by_RSA-SHA256,12.43,2796.4,871.423,1,0,0,150,17,303.973,263.767,1674,1671
1,1,89,ED25519_signed-by_RSA-SHA256,ED25519_signed-by_RSA-SHA256,16.154,2151.71,1348.97,1,18,1.2,142.533,24,277.063,264.208,1674,1671
1,5,93,ED25519_signed-by_RSA-SHA256,ED25519_signed-by_RSA-SHA256,12.104,2871.71,1073.34,1,0,0,216,15,292.086,272.852,1674,1671
1,6,99,ED25519_signed-by_RSA-SHA256,ED25519_signed-by_RSA-SHA256,11.612,2993.39,1118.82,1,0,0,216,10,279.971,274.081,1674,1671
1,2,88,ED25519_signed-by_RSA-SHA256,ED25519_signed-by_RSA-SHA256,15.16,2292.75,1876.41,1,25,1.19048,145.238,24,288.664,268.047,1674,1671
1,7,93,ED25519_signed-by_RSA-SHA256,ED25519_signed-by_RSA-SHA256,21.326,1629.91,1478.74,1,25,0.961538,145.077,17,297.014,260.804,1674,1671
1,3,92,ED25519_signed-by_RSA-SHA256,ED25519_signed-by_RSA-SHA256,13.05,2663.5,1359.64,1,7,0.5,197.143,24,285.082,271.345,1674,1671
1,8,98,ED25519_signed-by_RSA-SHA256,ED25519_signed-by_RSA-SHA256,14.048,2474.27,1292.66,1,8,0.470588,102,17,286.351,275.205,1674,1671
1,5,94,ED25519_signed-by_RSA-SHA256,ED25519_signed-by_RSA-SHA256,12.532,2773.61,1876.74,1,21,1.05,210,15,281.866,265.871,1674,1671
1,1,90,ED25519_signed-by_RSA-SHA256,ED25519_signed-by_RSA-SHA256,15.01,2315.67,1658.54,1,22,1.375,170.5,24,287.568,269.203,1674,1671
1,2,89,ED25519_signed-by_RSA-SHA256,ED25519_signed-by_RSA-SHA256,9.512,3654.32,2218.66,1,17,1.0625,245.5,24,279.887,262.046,1674,1671
1,3,93,ED25519_signed-by_RSA-SHA256,ED25519_signed-by_RSA-SHA256,10.513,3306.3,2025.63,1,16,0.941176,139.647,24,297.133,266.352,1674,1671
1,1,91,ED25519_signed-by_RSA-SHA256,ED25519_signed-by_RSA-SHA256,6.752,5147.36,2281.66,0.428571,0,0,111.143,24,277.558,274.778,1674,1671
1,8,99,ED25519_signed-by_RSA-SHA256,ED25519_signed-by_RSA-SHA256,12.098,2873.06,1284.12,1,8,0.533333,164.667,17,291.673,269.314,1674,1671
1,5,95,ED25519_signed-by_RSA-SHA256,ED25519_signed-by_RSA-SHA256,10.54,3297.81,1455.74,0.785714,3,0.214286,173.714,15,280.134,260.878,1674,1671
1,2,90,ED25519_signed-by_RSA-SHA256,ED25519_signed-by_RSA-SHA256,9.614,3615.52,1377.97,1,0,0,199.818,24,284.992,266.739,1674,1671
1,4,19,ED25519_signed-by_RSA-SHA256,ED25519_signed-by_RSA-SHA256,41.012,847.544,615.225,1,17,0.708333,148.833,24,293.813,262.192,1674,1671
1,3,94,ED25519_signed-by_RSA-SHA256,ED25519_signed-by_RSA-SHA256,13.411,2591.8,983.035,1,3,0.272727,216.545,24,291.232,267.618,1674,1671
1,5,96,ED25519_signed-by_RSA-SHA256,ED25519_signed-by_RSA-SHA256,11.29,3078.76,1638.23,1,8,0.533333,115.333,15,286.892,262.266,1674,1671
1,2,91,ED25519_signed-by_RSA-SHA256,ED25519_signed-by_RSA-SHA256,9.683,3589.78,1368.16,1,0,0,199.818,24,278.651,276.157,1674,1671
1,1,92,ED25519_signed-by_RSA-SHA256,ED25519_signed-by_RSA-SHA256,16.064,2163.77,1427.24,1,23,1.64286,180.857,24,289.868,266.029,1674,1671
1,4,20,ED25519_signed-by_RSA-SHA256,ED25519_signed-by_RSA-SHA256,11.223,3096.95,965.079,1,0,0,150,24,284.839,269.296,1674,1671
1,7,94,ED25519_signed-by_RSA-SHA256,ED25519_signed-by_RSA-SHA256,33.27,1044.77,722.321,1,23,1,201.478,17,283.099,259.799,1674,1671
1,3,95,ED25519_signed-by_RSA-SHA256,ED25519_signed-by_RSA-SHA256,10.654,3262.37,1219.35,0,0,0,234.4,24,286.215,266.176,1674,1671
1,5,97,ED25519_signed-by_RSA-SHA256,ED25519_signed-by_RSA-SHA256,10.602,3278.37,1225.33,0,0,0,128.4,15,274.14,268.22,1674,1671
1,2,92,ED25519_signed-by_RSA-SHA256,ED25519_signed-by_RSA-SHA256,10.561,3291.09,1230.09,0,0,0,252,24,276.889,262.826,1674,1671
1,4,21,ED25519_signed-by_RSA-SHA256,ED25519_signed-by_RSA-SHA256,7.461,4658.45,1741.15,0,0,0,216,24,283.214,260.89,1674,1671
1,7,95,ED25519_signed-by_RSA-SHA256,ED25519_signed-by_RSA-SHA256,6.16,5642.36,1758.29,0,0,0,150,17,310.365,265.407,1674,1671
1,1,93,ED25519_signed-by_RSA-SHA256,ED25519_signed-by_RSA-SHA256,12.786,2718.58,1185.04,0.230769,4,0.307692,184.154,24,303.723,264.396,1674,1671
1,3,96,ED25519_signed-by_RSA-SHA256,ED25519_signed-by_RSA-SHA256,9.471,3669.78,1371.63,0.3,0,0,234.4,24,288.438,264.715,1674,1671
1,5,98,ED25519_signed-by_RSA-SHA256,ED25519_signed-by_RSA-SHA256,8.009,4339.69,1622.02,0.6,4,0.4,128.4,15,290.496,267.869,1674,1671
1,4,22,ED25519_signed-by_RSA-SHA256,ED25519_signed-by_RSA-SHA256,9.217,3770.92,1409.43,0.6,0,0,216,24,285.592,265.16,1674,1671
1,2,93,ED25519_signed-by_RSA-SHA256,ED25519_signed-by_RSA-SHA256,11.013,3156.24,1375.82,0.461538,0,0,184.154,24,287.174,258.845,1674,1671
1,7,96,ED25519_signed-by_RSA-SHA256,ED25519_signed-by_RSA-SHA256,11.129,3123.34,1361.48,0.461538,0,0,184.154,17,292.049,258.596,1674,1671
1,1,94,ED25519_signed-by_RSA-SHA256,ED25519_signed-by_RSA-SHA256,10.223,3400.17,1314.68,0.5,3,0.25,186.333,24,295.459,266.839,1674,1671
1,3,97,ED25519_signed-by_RSA-SHA256,ED25519_signed-by_RSA-SHA256,10.648,3264.16,1220.02,0.7,0,0,234.4,24,280.761,266.101,1674,1671
1,5,99,ED25519_signed-by_RSA-SHA256,ED25519_signed-by_RSA-SHA256,10.885,3193.38,1246.49,0.307692,8,0.615385,174.923,15,273.548,269.431,1674,1671
1,4,23,ED25519_signed-by_RSA-SHA256,ED25519_signed-by_RSA-SHA256,9.894,3512.93,1313,0.4,0,0,216,24,278.992,256.513,1674,1671
1,2,94,ED25519_signed-by_RSA-SHA256,ED25519_signed-by_RSA-SHA256,9.171,3789.89,1181.01,0.571429,0,0,150,24,298.83,260.639,1674,1671
1,7,97,ED25519_signed-by_RSA-SHA256,ED25519_signed-by_RSA-SHA256,10.01,3472.21,1133.16,1,0,0,125.111,17,301.991,273.194,1674,1671
1,3,98,ED25519_signed-by_RSA-SHA256,ED25519_signed-by_RSA-SHA256,9.001,3861.41,1471.69,1,0,0,216.545,24,278.658,273.826,1674,1671
1,7,98,ED25519_signed-by_RSA-SHA256,ED25519_signed-by_RSA-SHA256,5.882,5908.83,2208.5,1,0,0,216,17,281.241,282.111,1674,1671
1,4,24,ED25519_signed-by_RSA-SHA256,ED25519_signed-by_RSA-SHA256,9.383,3704.52,2755.59,1,24,1.2,216,24,282.498,277.842,1674,1671
1,7,99,ED25519_signed-by_RSA-SHA256,ED25519_signed-by_RSA-SHA256,6.629,5242.85,3031.08,0.777778,8,0.444444,156.889,17,286.018,285.088,1674,1671
1,3,99,ED25519_signed-by_RSA-SHA256,ED25519_signed-by_RSA-SHA256,9.063,3835.27,2118.45,1,11,0.785714,152,24,273.688,258.829,1674,1671
1,1,95,ED25519_signed-by_RSA-SHA256,ED25519_signed-by_RSA-SHA256,22.046,1576.67,1161.91,1,25,0.961538,201.538,24,288.606,253.524,1674,1671
1,4,25,ED25519_signed-by_RSA-SHA256,ED25519_signed-by_RSA-SHA256,8.874,3917.02,2634.19,0.7,17,0.85,209.8,24,278.759,256.383,1674,1671
1,2,95,ED25519_signed-by_RSA-SHA256,ED25519_signed-by_RSA-SHA256,18.476,1881.34,1859.26,1,43,1.53571,234.714,24,278.118,272.443,1674,1671
1,1,96,ED25519_signed-by_RSA-SHA256,ED25519_signed-by_RSA-SHA256,6.092,5705.17,2486.9,0,0,0,184.154,24,297.183,275.126,1674,1671
1,4,26,ED25519_signed-by_RSA-SHA256,ED25519_signed-by_RSA-SHA256,4.961,7005.78,2618.5,0,0,0,128.4,24,296.756,269.396,1674,1671
1,2,96,ED25519_signed-by_RSA-SHA256,ED25519_signed-by_RSA-SHA256,4.877,7126.43,3106.44,0.615385,4,0.307692,184.154,24,290.646,265.567,1674,1671
1,4,27,ED25519_signed-by_RSA-SHA256,ED25519_signed-by_RSA-SHA256,4.666,7448.87,2376.1,1,0,0,136,24,279.053,264.702,1674,1671
1,2,97,ED25519_signed-by_RSA-SHA256,ED25519_signed-by_RSA-SHA256,4.52,7689.45,2916.5,0.454545,3,0.272727,199.818,24,279.395,269.271,1674,1671
1,1,97,ED25519_signed-by_RSA-SHA256,ED25519_signed-by_RSA-SHA256,8.467,4104.89,2684.95,1,22,1.69231,191.846,24,274.833,276.21,1674,1671
1,4,28,ED25519_signed-by_RSA-SHA256,ED25519_signed-by_RSA-SHA256,3.868,8985.4,3358.41,0,0,0,216,24,271.825,272.811,1674,1671
1,2,98,ED25519_signed-by_RSA-SHA256,ED25519_signed-by_RSA-SHA256,4.345,7998.99,2989.73,0,0,0,216,24,279.972,261.227,1674,1671
1,4,29,ED25519_signed-by_RSA-SHA256,ED25519_signed-by_RSA-SHA256,3.692,9413.96,4103.58,0.923077,0,0,184.154,24,287.255,260.587,1674,1671
1,2,99,ED25519_signed-by_RSA-SHA256,ED25519_signed-by_RSA-SHA256,5.722,6074.08,4895.61,0.913043,28,1.21739,198,24,292.926,277.51,1674,1671
1,1,98,ED25519_signed-by_RSA-SHA256,ED25519_signed-by_RSA-SHA256,8.232,4222.07,2178.57,1,8,0.533333,172.667,24,289.191,258.793,1674,1671
1,4,30,ED25519_signed-by_RSA-SHA256,ED25519_signed-by_RSA-SHA256,6.593,5271.55,2729.8,0.6,7,0.466667,114.267,24,287.812,271.73,1674,1671
1,1,99,ED25519_signed-by_RSA-SHA256,ED25519_signed-by_RSA-SHA256,4.034,8615.65,3755.59,0.230769,4,0.307692,184.154,24,283.802,265.798,1674,1671
1,4,31,ED25519_signed-by_RSA-SHA256,ED25519_signed-by_RSA-SHA256,2.182,15928.9,4963.82,0.428571,0,0,150,24,281.212,261.913,1674,1671
1,4,32,ED25519_signed-by_RSA-SHA256,ED25519_signed-by_RSA-SHA256,3.181,10925.9,6256.3,0.235294,7,0.411765,163.882,24,284.669,263.298,1674,1671
1,4,33,ED25519_signed-by_RSA-SHA256,ED25519_signed-by_RSA-SHA256,1.918,18121.7,6773.21,0,0,0,128.4,24,284.738,261.364,1674,1671
1,4,34,ED25519_signed-by_RSA-SHA256,ED25519_signed-by_RSA-SHA256,1.616,21508,8038.89,0,0,0,128.4,24,292.201,260.998,1674,1671
1,4,35,ED25519_signed-by_RSA-SHA256,ED25519_signed-by_RSA-SHA256,1.87,18586.8,6947.06,0,0,0,128.4,24,294.537,269.38,1674,1671
1,4,36,ED25519_signed-by_RSA-SHA256,ED25519_signed-by_RSA-SHA256,1.848,18808.1,7029.76,0,0,0,128.4,24,290.059,272.161,1674,1671
1,4,37,ED25519_signed-by_RSA-SHA256,ED25519_signed-by_RSA-SHA256,1.591,21845.9,8165.19,0,0,0,128.4,24,288.463,261.657,1674,1671
1,4,38,ED25519_signed-by_RSA-SHA256,ED25519_signed-by_RSA-SHA256,1.677,20725.7,7746.5,0,0,0,128.4,24,289.055,268.198,1674,1671
1,4,39,ED25519_signed-by_RSA-SHA256,ED25519_signed-by_RSA-SHA256,1.666,20862.5,7797.65,0,0,0,128.4,24,283.173,266.578,1674,1671
1,4,40,ED25519_signed-by_RSA-SHA256,ED25519_signed-by_RSA-SHA256,1.641,21180.3,7916.43,0,0,0,128.4,24,287.001,263.051,1674,1671
1,4,41,ED25519_signed-by_RSA-SHA256,ED25519_signed-by_RSA-SHA256,1.715,20266.5,7574.87,0,0,0,128.4,24,301.863,262.185,1674,1671
1,4,42,ED25519_signed-by_RSA-SHA256,ED25519_signed-by_RSA-SHA256,1.78,19526.5,7298.29,0,0,0,128.4,24,302.115,259.556,1674,1671
1,4,43,ED25519_signed-by_RSA-SHA256,ED25519_signed-by_RSA-SHA256,1.649,21077.6,7878.03,0,0,0,128.4,24,289.435,262.186,1674,1671
1,4,44,ED25519_signed-by_RSA-SHA256,ED25519_signed-by_RSA-SHA256,1.95,17824.3,6662.07,0,0,0,128.4,24,288.686,261.921,1674,1671
1,4,45,ED25519_signed-by_RSA-SHA256,ED25519_signed-by_RSA-SHA256,1.8,19309.6,7217.2,0,0,0,128.4,24,284.505,279.063,1674,1671
1,4,46,ED25519_signed-by_RSA-SHA256,ED25519_signed-by_RSA-SHA256,1.662,20912.7,7816.41,0,0,0,128.4,24,322.49,270.306,1674,1671
1,4,47,ED25519_signed-by_RSA-SHA256,ED25519_signed-by_RSA-SHA256,1.89,18390.1,5730.78,0,0,0,150,24,298.404,271.784,1674,1671
1,4,48,ED25519_signed-by_RSA-SHA256,ED25519_signed-by_RSA-SHA256,3.058,11366.4,4954.64,0,0,0,184.154,24,290.499,264.648,1674,1671
1,4,49,ED25519_signed-by_RSA-SHA256,ED25519_signed-by_RSA-SHA256,1.84,18889.8,7060.32,0,0,0,128.4,24,287.866,260.096,1674,1671
1,4,50,ED25519_signed-by_RSA-SHA256,ED25519_signed-by_RSA-SHA256,1.765,19692.4,7360.31,0,0,0,128.4,24,287.896,262.137,1674,1671
1,4,51,ED25519_signed-by_RSA-SHA256,ED25519_signed-by_RSA-SHA256,1.684,20639.6,7714.3,0,0,0,128.4,24,288.249,264.993,1674,1671
1,4,52,ED25519_signed-by_RSA-SHA256,ED25519_signed-by_RSA-SHA256,1.725,20149,7530.97,0,0,0,128.4,24,281.575,280.949,1674,1671
1,4,53,ED25519_signed-by_RSA-SHA256,ED25519_signed-by_RSA-SHA256,1.675,20750.5,7755.75,0,0,0,128.4,24,286.956,273.658,1674,1671
1,4,54,ED25519_signed-by_RSA-SHA256,ED25519_signed-by_RSA-SHA256,1.745,19918.1,7444.66,0,0,0,128.4,24,291.225,272.374,1674,1671
1,4,55,ED25519_signed-by_RSA-SHA256,ED25519_signed-by_RSA-SHA256,1.775,19581.5,7318.84,0,0,0,128.4,24,285.457,261.239,1674,1671
1,4,56,ED25519_signed-by_RSA-SHA256,ED25519_signed-by_RSA-SHA256,1.754,19815.9,7406.46,0,0,0,128.4,24,284.064,267.307,1674,1671
1,4,57,ED25519_signed-by_RSA-SHA256,ED25519_signed-by_RSA-SHA256,1.65,21064.8,7873.25,0,0,0,128.4,24,294.941,261.641,1674,1671
1,4,58,ED25519_signed-by_RSA-SHA256,ED25519_signed-by_RSA-SHA256,1.813,19171.1,7165.45,0,0,0,128.4,24,285.341,260.75,1674,1671
1,4,59,ED25519_signed-by_RSA-SHA256,ED25519_signed-by_RSA-SHA256,1.927,18037.1,6741.58,0,0,0,128.4,24,294.328,260.61,1674,1671
1,4,60,ED25519_signed-by_RSA-SHA256,ED25519_signed-by_RSA-SHA256,1.698,20469.4,7650.71,0,0,0,128.4,24,282.141,259.824,1674,1671
1,4,61,ED25519_signed-by_RSA-SHA256,ED25519_signed-by_RSA-SHA256,1.729,20102.4,7513.54,0,0,0,128.4,24,312.579,269.642,1674,1671
1,4,62,ED25519_signed-by_RSA-SHA256,ED25519_signed-by_RSA-SHA256,1.659,20950.6,7830.54,0,0,0,128.4,24,327.04,263.3,1674,1671
1,4,63,ED25519_signed-by_RSA-SHA256,ED25519_signed-by_RSA-SHA256,1.708,20349.6,7605.92,0,0,0,128.4,24,282.399,263.127,1674,1671
1,4,64,ED25519_signed-by_RSA-SHA256,ED25519_signed-by_RSA-SHA256,1.742,19952.4,7457.48,0,0,0,128.4,24,294.443,268.946,1674,1671
1,4,65,ED25519_signed-by_RSA-SHA256,ED25519_signed-by_RSA-SHA256,1.71,20325.8,7597.02,0,0,0,128.4,24,284.824,261.011,1674,1671
1,4,66,ED25519_signed-by_RSA-SHA256,ED25519_signed-by_RSA-SHA256,1.826,19034.6,7114.44,0,0,0,128.4,24,294.375,262.899,1674,1671
1,4,67,ED25519_signed-by_RSA-SHA256,ED25519_signed-by_RSA-SHA256,1.872,18566.9,6939.64,0,0,0,128.4,24,285.497,280.793,1674,1671
1,4,68,ED25519_signed-by_RSA-SHA256,ED25519_signed-by_RSA-SHA256,1.827,19024.2,7110.55,0,0,0,128.4,24,294.084,265.479,1674,1671
1,4,69,ED25519_signed-by_RSA-SHA256,ED25519_signed-by_RSA-SHA256,1.782,19504.6,7290.1,0,0,0,128.4,24,284.971,266.245,1674,1671
1,4,70,ED25519_signed-by_RSA-SHA256,ED25519_signed-by_RSA-SHA256,1.578,22025.9,8232.46,0,0,0,128.4,24,293.73,267.464,1674,1671
1,4,71,ED25519_signed-by_RSA-SHA256,ED25519_signed-by_RSA-SHA256,1.724,20160.7,7535.33,0,0,0,128.4,24,284.874,265.435,1674,1671
1,4,72,ED25519_signed-by_RSA-SHA256,ED25519_signed-by_RSA-SHA256,1.867,18616.7,6958.22,0,0,0,128.4,24,287.527,261.313,1674,1671
1,4,73,ED25519_signed-by_RSA-SHA256,ED25519_signed-by_RSA-SHA256,1.742,19952.4,7457.48,0,0,0,128.4,24,291.33,268.248,1674,1671
1,4,74,ED25519_signed-by_RSA-SHA256,ED25519_signed-by_RSA-SHA256,2.01,17292.3,6463.22,0,0,0,128.4,24,283.626,270.23,1674,1671
1,4,75,ED25519_signed-by_RSA-SHA256,ED25519_signed-by_RSA-SHA256,1.825,19045.1,7118.34,0,0,0,128.4,24,287.332,261.483,1674,1671
1,4,76,ED25519_signed-by_RSA-SHA256,ED25519_signed-by_RSA-SHA256,1.731,20079.2,7504.86,0,0,0,128.4,24,288.544,275.561,1674,1671
1,4,77,ED25519_signed-by_RSA-SHA256,ED25519_signed-by_RSA-SHA256,1.795,19363.3,7237.3,0,0,0,128.4,24,286.784,263.055,1674,1671
1,4,78,ED25519_signed-by_RSA-SHA256,ED25519_signed-by_RSA-SHA256,1.924,18065.2,6752.09,0,0,0,128.4,24,284.65,285.838,1674,1671
1,4,79,ED25519_signed-by_RSA-SHA256,ED25519_signed-by_RSA-SHA256,1.641,21180.3,7916.43,0,0,0,128.4,24,287.888,264.606,1674,1671
1,4,80,ED25519_signed-by_RSA-SHA256,ED25519_signed-by_RSA-SHA256,1.759,19759.6,7385.41,0,0,0,128.4,24,289.697,261.928,1674,1671
1,4,81,ED25519_signed-by_RSA-SHA256,ED25519_signed-by_RSA-SHA256,1.883,18458.5,6899.1,0,0,0,128.4,24,303.128,263.337,1674,1671
1,4,82,ED25519_signed-by_RSA-SHA256,ED25519_signed-by_RSA-SHA256,1.769,19647.9,7343.66,0,0,0,128.4,24,290.078,261.402,1674,1671
1,4,83,ED25519_signed-by_RSA-SHA256,ED25519_signed-by_RSA-SHA256,1.886,18429.1,6888.13,0,0,0,128.4,24,294.324,268.114,1674,1671
1,4,84,ED25519_signed-by_RSA-SHA256,ED25519_signed-by_RSA-SHA256,1.764,19703.6,7364.48,0,0,0,128.4,24,291.336,260.377,1674,1671
1,4,85,ED25519_signed-by_RSA-SHA256,ED25519_signed-by_RSA-SHA256,1.749,19872.6,7427.63,0,0,0,128.4,24,280.156,263.15,1674,1671
1,4,86,ED25519_signed-by_RSA-SHA256,ED25519_signed-by_RSA-SHA256,1.859,18696.8,6988.16,0,0,0,128.4,24,296.641,271.348,1674,1671
1,4,87,ED25519_signed-by_RSA-SHA256,ED25519_signed-by_RSA-SHA256,1.711,20313.9,7592.58,0,0,0,128.4,24,289.815,269.45,1674,1671
1,4,88,ED25519_signed-by_RSA-SHA256,ED25519_signed-by_RSA-SHA256,1.74,19975.4,7466.05,0,0,0,128.4,24,298.931,264.519,1674,1671
1,4,89,ED25519_signed-by_RSA-SHA256,ED25519_signed-by_RSA-SHA256,1.696,20493.5,7659.73,0,0,0,128.4,24,284.163,261.937,1674,1671
1,4,90,ED25519_signed-by_RSA-SHA256,ED25519_signed-by_RSA-SHA256,1.857,18716.9,6995.69,0,0,0,128.4,24,292.206,274.113,1674,1671
1,4,91,ED25519_signed-by_RSA-SHA256,ED25519_signed-by_RSA-SHA256,1.732,20067.6,7500.53,0,0,0,128.4,24,283.029,261.854,1674,1671
1,4,92,ED25519_signed-by_RSA-SHA256,ED25519_signed-by_RSA-SHA256,1.564,22223,8306.14,0,0,0,128.4,24,285.839,260.897,1674,1671
1,4,93,ED25519_signed-by_RSA-SHA256,ED25519_signed-by_RSA-SHA256,1.646,21116,7892.38,0,0,0,128.4,24,284.504,269.744,1674,1671
1,4,94,ED25519_signed-by_RSA-SHA256,ED25519_signed-by_RSA-SHA256,1.702,20421.3,7632.73,0,0,0,128.4,24,286.769,262.799,1674,1671
1,4,95,ED25519_signed-by_RSA-SHA256,ED25519_signed-by_RSA-SHA256,1.745,19918.1,7444.66,0,0,0,128.4,24,286.078,279.839,1674,1671
1,4,96,ED25519_signed-by_RSA-SHA256,ED25519_signed-by_RSA-SHA256,1.697,20481.5,7655.21,0,0,0,128.4,24,288.118,267.315,1674,1671
1,4,97,ED25519_signed-by_RSA-SHA256,ED25519_signed-by_RSA-SHA256,1.657,20975.8,7839.99,0,0,0,128.4,24,283.2,261.885,1674,1671
1,4,98,ED25519_signed-by_RSA-SHA256,ED25519_signed-by_RSA-SHA256,1.769,19647.9,7343.66,0,0,0,128.4,24,290.577,285.165,1674,1671
1,4,99,ED25519_signed-by_RSA-SHA256,ED25519_signed-by_RSA-SHA256,1.7,20445.3,7641.71,0,0,0,128.4,24,270.846,268.416,1674,1671
