scenario,node_id,handshake_index,sta_cert_algo,ap_cert_algo,handshake_delay_ms,goodput_kbps,throughput_kbps,phy_frame_drop_rate,mac_retries,mac_retry_rate,tx_delay_us,prop_delay_ns,cert_verify_ap_us,cert_verify_sta_us,server_cert_msg_bytes,client_cert_msg_bytes
1,8,0,ED25519_signed-by_ECDSA-SHA384,ED25519_signed-by_ECDSA-SHA384,28.053,955.046,586.317,0.7,13,0.65,200.6,14,1221.53,1805.08,1176,1173
1,3,0,ED25519_signed-by_ECDSA-SHA384,ED25519_signed-by_ECDSA-SHA384,40.371,663.636,371.747,1,10,0.555556,206.667,24,1219.63,1192.68,1176,1173
1,6,0,ED25519_signed-by_ECDSA-SHA384,ED25519_signed-by_ECDSA-SHA384,51.867,516.697,161.641,1,0,0,200,8,1228.3,1202.82,1176,1174
1,7,0,ED25519_signed-by_ECDSA-SHA384,ED25519_signed-by_ECDSA-SHA384,60.251,444.804,144.063,1,1,0.0666667,181.333,16,1209.51,1195.47,1176,1174
1,2,0,ED25519_signed-by_ECDSA-SHA384,ED25519_signed-by_ECDSA-SHA384,65.672,407.964,113.777,1,1,0.0769231,188.154,24,1196.79,1189.87,1176,1173
1,5,0,ED25519_signed-by_ECDSA-SHA384,ED25519_signed-by_ECDSA-SHA384,70.351,380.829,151.126,1,8,0.380952,209.714,15,1207.52,1187.01,1176,1173
1,8,1,ED25519_signed-by_ECDSA-SHA384,ED25519_signed-by_ECDSA-SHA384,42.72,627.144,576.021,1,22,1.15789,611.895,14,1178.19,1150.55,1176,1173
1,1,0,ED25519_signed-by_ECDSA-SHA384,ED25519_signed-by_ECDSA-SHA384,74.979,357.536,150.974,1,6,0.3,207.1,24,1194.25,1191.98,1176,1175
1,3,1,ED25519_signed-by_ECDSA-SHA384,ED25519_signed-by_ECDSA-SHA384,35.702,750.424,389.44,0.75,5,0.416667,137,24,1186.05,1164.33,1176,1173
1,6,1,ED25519_signed-by_ECDSA-SHA384,ED25519_signed-by_ECDSA-SHA384,26.062,1028.31,470.875,1,0,0,716.667,8,1195.33,1172.59,1176,1174
1,7,1,ED25519_signed-by_ECDSA-SHA384,ED25519_signed-by_ECDSA-SHA384,19.804,1353.26,619.672,1,0,0,123.333,16,1194.57,1168.82,1176,1174
1,2,1,ED25519_signed-by_ECDSA-SHA384,ED25519_signed-by_ECDSA-SHA384,17.113,1565.58,801.255,1,0,0,184.909,24,1185.43,1203.38,1176,1173
1,8,2,ED25519_signed-by_ECDSA-SHA384,ED25519_signed-by_ECDSA-SHA384,14.615,1833.17,1280.86,0.9375,7,0.4375,136,14,1190.08,1174.57,1176,1173
1,1,1,ED25519_signed-by_ECDSA-SHA384,ED25519_signed-by_ECDSA-SHA384,11.605,2310.02,1074.01,1,5,0.5,367.6,24,1179.67,1157.84,1176,1175
1,5,1,ED25519_signed-by_ECDSA-SHA384,ED25519_signed-by_ECDSA-SHA384,18.047,1484.53,1023.08,1,9,0.6,266.8,15,1300.2,1176.37,1176,1173
1,6,2,ED25519_signed-by_ECDSA-SHA384,ED25519_signed-by_ECDSA-SHA384,13.808,1940.86,1232.88,0.692308,7,0.538462,110,8,1200.17,1181.89,1176,1174
1,7,2,ED25519_signed-by_ECDSA-SHA384,ED25519_signed-by_ECDSA-SHA384,13.618,1967.94,814.199,1,0,0,126,16,1176.88,1158.97,1176,1174
1,2,2,ED25519_signed-by_ECDSA-SHA384,ED25519_signed-by_ECDSA-SHA384,12.418,2157.51,988.239,1,0,0,163.333,24,1182.17,1185.68,1176,1173
1,3,2,ED25519_signed-by_ECDSA-SHA384,ED25519_signed-by_ECDSA-SHA384,21.721,1233.41,1286.07,1,29,1.16,132.08,24,1199.07,1156.33,1176,1173
1,8,3,ED25519_signed-by_ECDSA-SHA384,ED25519_signed-by_ECDSA-SHA384,12.958,2067.59,947.053,1,0,0,123.333,14,1187.56,1166.6,1176,1173
1,5,2,ED25519_signed-by_ECDSA-SHA384,ED25519_signed-by_ECDSA-SHA384,12.76,2099.67,981.813,1,0,0,204.8,15,1202.26,1170.2,1176,1173
1,1,2,ED25519_signed-by_ECDSA-SHA384,ED25519_signed-by_ECDSA-SHA384,15.252,1757.64,899.014,1,0,0,556.545,24,1166.95,1167.04,1176,1175
1,6,3,ED25519_signed-by_ECDSA-SHA384,ED25519_signed-by_ECDSA-SHA384,12.457,2151.39,890.097,1,0,0,118,8,1204.57,1186.85,1176,1174
1,7,3,ED25519_signed-by_ECDSA-SHA384,ED25519_signed-by_ECDSA-SHA384,14.083,1902.97,1525.78,1,19,1.05556,164.667,16,1190.47,1185.13,1176,1174
1,2,3,ED25519_signed-by_ECDSA-SHA384,ED25519_signed-by_ECDSA-SHA384,16.28,1645.65,1061.39,1,7,0.5,146,24,1178.44,1188.19,1176,1173
1,8,4,ED25519_signed-by_ECDSA-SHA384,ED25519_signed-by_ECDSA-SHA384,13.827,1937.63,887.524,1,0,0,123.333,14,1187.65,1165.56,1176,1173
1,3,3,ED25519_signed-by_ECDSA-SHA384,ED25519_signed-by_ECDSA-SHA384,15.034,1782.06,1240.89,0.8125,12,0.75,162.5,24,1201.54,1171.81,1176,1173
1,5,3,ED25519_signed-by_ECDSA-SHA384,ED25519_signed-by_ECDSA-SHA384,12.213,2193.72,886.919,1,0,0,258,15,1190.11,1184.31,1176,1173
1,1,3,ED25519_signed-by_ECDSA-SHA384,ED25519_signed-by_ECDSA-SHA384,14.806,1810.58,766.158,1,0,0,375.778,24,1187.76,1161.07,1176,1175
1,6,4,ED25519_signed-by_ECDSA-SHA384,ED25519_signed-by_ECDSA-SHA384,13.773,1945.81,1340.58,1,10,0.666667,132.4,8,1203.71,1186.18,1176,1174
1,7,4,ED25519_signed-by_ECDSA-SHA384,ED25519_signed-by_ECDSA-SHA384,12.199,2196.74,1447.88,1,2,0.142857,141.143,16,1188.62,1177.14,1176,1174
1,8,5,ED25519_signed-by_ECDSA-SHA384,ED25519_signed-by_ECDSA-SHA384,12.246,2187.82,1002.12,1,0,0,123.333,14,1220.86,1221.41,1176,1173
1,2,4,ED25519_signed-by_ECDSA-SHA384,ED25519_signed-by_ECDSA-SHA384,17.45,1535.32,717.92,1,0,0,150.8,24,1175.69,1174.94,1176,1173
1,5,4,ED25519_signed-by_ECDSA-SHA384,ED25519_signed-by_ECDSA-SHA384,16.476,1626.09,1280.87,1,13,0.8125,353.25,15,1197.06,1172.61,1176,1173
1,3,4,ED25519_signed-by_ECDSA-SHA384,ED25519_signed-by_ECDSA-SHA384,17.827,1502.85,699.147,1,2,0.2,150,24,1199.83,1170.21,1176,1173
1,1,4,ED25519_signed-by_ECDSA-SHA384,ED25519_signed-by_ECDSA-SHA384,16.367,1637.9,1579.73,1,20,1,596.8,24,1184.11,1168.75,1176,1175
1,8,6,ED25519_signed-by_ECDSA-SHA384,ED25519_signed-by_ECDSA-SHA384,14.055,1906.21,909.562,1,0,0,105.636,14,1196.26,1171.98,1176,1173
1,6,5,ED25519_signed-by_ECDSA-SHA384,ED25519_signed-by_ECDSA-SHA384,22.944,1168.02,1028.55,1,17,0.809524,118,8,1193.84,1171.05,1176,1174
1,7,5,ED25519_signed-by_ECDSA-SHA384,ED25519_signed-by_ECDSA-SHA384,21.472,1248.09,1291.31,1,23,1.15,138.6,16,1182.73,1162.14,1176,1174
1,3,5,ED25519_signed-by_ECDSA-SHA384,ED25519_signed-by_ECDSA-SHA384,13.107,2044.08,1046.15,1,0,0,144.909,24,1188.45,1158.14,1176,1173
1,5,5,ED25519_signed-by_ECDSA-SHA384,ED25519_signed-by_ECDSA-SHA384,14.978,1788.72,1216.7,1,9,0.75,258.333,15,1219.89,1164.96,1176,1173
1,2,5,ED25519_signed-by_ECDSA-SHA384,ED25519_signed-by_ECDSA-SHA384,17.533,1528.05,1061.29,1,11,0.785714,211.143,24,1176.34,1285.87,1176,1173
1,1,5,ED25519_signed-by_ECDSA-SHA384,ED25519_signed-by_ECDSA-SHA384,14.692,1824.64,1158.71,0.538462,7,0.538462,376.462,24,1185.18,1170.45,1176,1175
1,8,7,ED25519_signed-by_ECDSA-SHA384,ED25519_signed-by_ECDSA-SHA384,13.04,2054.59,941.101,0.333333,0,0,123.333,14,1194.8,1174.58,1176,1173
1,6,6,ED25519_signed-by_ECDSA-SHA384,ED25519_signed-by_ECDSA-SHA384,12.024,2228.7,1020.54,0.444444,0,0,115.333,8,1206.35,1185.44,1176,1174
1,7,6,ED25519_signed-by_ECDSA-SHA384,ED25519_signed-by_ECDSA-SHA384,14.023,1911.12,875.121,0.444444,0,0,123.333,16,1217.68,1185.51,1176,1174
1,3,6,ED25519_signed-by_ECDSA-SHA384,ED25519_signed-by_ECDSA-SHA384,12.943,2070,948.157,0.888889,0,0,115.333,24,1211.5,1184.21,1176,1173
1,5,6,ED25519_signed-by_ECDSA-SHA384,ED25519_signed-by_ECDSA-SHA384,14.249,1880.25,879.211,0.8,0,0,204.8,15,1186.01,1164.69,1176,1173
1,2,6,ED25519_signed-by_ECDSA-SHA384,ED25519_signed-by_ECDSA-SHA384,13.339,2008.54,920.004,1,0,0,183.333,24,1189.68,1166.98,1176,1173
1,1,6,ED25519_signed-by_ECDSA-SHA384,ED25519_signed-by_ECDSA-SHA384,14.918,1796.99,856.936,1,3,0.272727,336.909,24,1178.15,1170.87,1176,1175
1,6,7,ED25519_signed-by_ECDSA-SHA384,ED25519_signed-by_ECDSA-SHA384,12.236,2190.25,1002.94,1,0,0,115.333,8,1187.26,1218.68,1176,1174
1,8,8,ED25519_signed-by_ECDSA-SHA384,ED25519_signed-by_ECDSA-SHA384,14.435,1856.02,1262.47,1,9,0.75,138,14,1224.86,1166.79,1176,1173
1,7,7,ED25519_signed-by_ECDSA-SHA384,ED25519_signed-by_ECDSA-SHA384,14.253,1880.28,1195.52,1,9,0.818182,142,16,1179.99,1162.72,1176,1174
1,3,7,ED25519_signed-by_ECDSA-SHA384,ED25519_signed-by_ECDSA-SHA384,16.216,1652.18,756.774,1,0,0,115.333,24,1187.16,1167.79,1176,1173
1,2,7,ED25519_signed-by_ECDSA-SHA384,ED25519_signed-by_ECDSA-SHA384,14.568,1839.09,743.545,1,0,0,186.571,24,1197.56,1178.33,1176,1173
1,5,7,ED25519_signed-by_ECDSA-SHA384,ED25519_signed-by_ECDSA-SHA384,15.763,1699.66,1156.12,1,9,0.75,312.333,15,1205.4,1174.5,1176,1173
1,8,9,ED25519_signed-by_ECDSA-SHA384,ED25519_signed-by_ECDSA-SHA384,15.397,1740.06,1196.06,1,10,0.769231,122.308,14,1193.19,1192.65,1176,1173
1,7,8,ED25519_signed-by_ECDSA-SHA384,ED25519_signed-by_ECDSA-SHA384,12.809,2092.28,1667.58,0.764706,13,0.764706,173.529,16,1174.64,1177.03,1176,1174
1,6,8,ED25519_signed-by_ECDSA-SHA384,ED25519_signed-by_ECDSA-SHA384,18.534,1445.95,905.553,1,9,0.9,142,8,1188.78,1169.07,1176,1174
1,1,7,ED25519_signed-by_ECDSA-SHA384,ED25519_signed-by_ECDSA-SHA384,21.88,1225.19,1124.64,1,22,1.15789,881.158,24,1163.5,1174.36,1176,1175
1,3,8,ED25519_signed-by_ECDSA-SHA384,ED25519_signed-by_ECDSA-SHA384,12.826,2088.86,844.524,1,0,0,129.429,24,1200.6,1172.56,1176,1173
1,2,8,ED25519_signed-by_ECDSA-SHA384,ED25519_signed-by_ECDSA-SHA384,13.093,2046.27,1047.27,0.636364,0,0,213.273,24,1184.19,1182.77,1176,1173
1,5,8,ED25519_signed-by_ECDSA-SHA384,ED25519_signed-by_ECDSA-SHA384,13.809,1940.15,1319.7,0.583333,9,0.75,258.333,15,1202.63,1177.88,1176,1173
1,8,10,ED25519_signed-by_ECDSA-SHA384,ED25519_signed-by_ECDSA-SHA384,11.396,2350.99,1093.71,0.2,5,0.5,107.6,14,1187.84,1180.97,1176,1173
1,6,9,ED25519_signed-by_ECDSA-SHA384,ED25519_signed-by_ECDSA-SHA384,10.813,2478.5,1268.1,0.818182,0,0,144.909,8,1185.9,1192.19,1176,1174
1,7,9,ED25519_signed-by_ECDSA-SHA384,ED25519_signed-by_ECDSA-SHA384,12.982,2064.37,945.296,1,0,0,123.333,16,1190.52,1159.91,1176,1174
1,1,8,ED25519_signed-by_ECDSA-SHA384,ED25519_signed-by_ECDSA-SHA384,13.742,1950.78,1016.43,1,0,0,513.333,24,1188.44,1156.7,1176,1175
1,3,9,ED25519_signed-by_ECDSA-SHA384,ED25519_signed-by_ECDSA-SHA384,13.651,1962.6,898.965,1,0,0,162.444,24,1182.64,1171.76,1176,1173
1,2,9,ED25519_signed-by_ECDSA-SHA384,ED25519_signed-by_ECDSA-SHA384,13.542,1978.4,906.201,1,0,0,163.333,24,1178.6,1191.95,1176,1173
1,5,9,ED25519_signed-by_ECDSA-SHA384,ED25519_signed-by_ECDSA-SHA384,14.562,1839.82,1199.81,1,8,0.533333,186.8,15,1197.23,1180.48,1176,1173
1,8,11,ED25519_signed-by_ECDSA-SHA384,ED25519_signed-by_ECDSA-SHA384,13.775,1944.94,1427.49,1,9,0.642857,120.286,14,1209.2,1178.17,1176,1173
1,7,10,ED25519_signed-by_ECDSA-SHA384,ED25519_signed-by_ECDSA-SHA384,11.548,2320.75,937.998,0.857143,0,0,138.571,16,1173.04,1163.45,1176,1174
1,6,10,ED25519_signed-by_ECDSA-SHA384,ED25519_signed-by_ECDSA-SHA384,13.596,1971.15,1704.01,0.705882,20,1.17647,116.588,8,1180.95,1180.21,1176,1174
1,3,10,ED25519_signed-by_ECDSA-SHA384,ED25519_signed-by_ECDSA-SHA384,9.623,2783.92,1275.17,0.888889,0,0,162.444,24,1197.72,1183.38,1176,1173
1,1,9,ED25519_signed-by_ECDSA-SHA384,ED25519_signed-by_ECDSA-SHA384,14.153,1894.12,903.256,0.818182,0,0,336.909,24,1191.48,1162.53,1176,1175
1,5,10,ED25519_signed-by_ECDSA-SHA384,ED25519_signed-by_ECDSA-SHA384,10.895,2458.89,1126.29,0.888889,3,0.333333,223.333,15,1204.04,1187.06,1176,1173
1,8,12,ED25519_signed-by_ECDSA-SHA384,ED25519_signed-by_ECDSA-SHA384,13.078,2048.58,828.242,1,0,0,129.429,14,1193.43,1185.19,1176,1173
1,3,11,ED25519_signed-by_ECDSA-SHA384,ED25519_signed-by_ECDSA-SHA384,11.814,2267.78,1298.78,0.642857,5,0.357143,102.571,24,1175.3,1182.31,1176,1173
1,7,11,ED25519_signed-by_ECDSA-SHA384,ED25519_signed-by_ECDSA-SHA384,15.227,1759.97,1049.68,0.823529,11,0.647059,118.471,16,1194.07,1185.69,1176,1174
1,2,10,ED25519_signed-by_ECDSA-SHA384,ED25519_signed-by_ECDSA-SHA384,21.724,1233.28,1285.2,0.952381,27,1.28571,168.095,24,1209.86,1179.18,1176,1173
1,6,11,ED25519_signed-by_ECDSA-SHA384,ED25519_signed-by_ECDSA-SHA384,16.352,1638.88,868.85,0.928571,3,0.214286,128.571,8,1197.67,1196.39,1176,1174
1,1,10,ED25519_signed-by_ECDSA-SHA384,ED25519_signed-by_ECDSA-SHA384,13.292,2016.79,923.232,1,3,0.333333,403.333,24,1191.01,1170.47,1176,1175
1,5,11,ED25519_signed-by_ECDSA-SHA384,ED25519_signed-by_ECDSA-SHA384,12.69,2111.21,1095.63,1,2,0.166667,277,15,1218.32,1206.23,1176,1173
1,3,12,ED25519_signed-by_ECDSA-SHA384,ED25519_signed-by_ECDSA-SHA384,11.925,2246.69,1050.56,1,0,0,107.6,24,1196.15,1181.83,1176,1173
1,8,13,ED25519_signed-by_ECDSA-SHA384,ED25519_signed-by_ECDSA-SHA384,17.896,1497.05,951.245,1,7,0.538462,142.615,14,1187.11,1176.88,1176,1173
1,6,12,ED25519_signed-by_ECDSA-SHA384,ED25519_signed-by_ECDSA-SHA384,13.453,1992.11,805.169,1,0,0,138.571,8,1201.71,1168.68,1176,1174
1,2,11,ED25519_signed-by_ECDSA-SHA384,ED25519_signed-by_ECDSA-SHA384,15.835,1691.91,1478.21,1,16,0.8,181.8,24,1180.56,1169.79,1176,1173
1,7,12,ED25519_signed-by_ECDSA-SHA384,ED25519_signed-by_ECDSA-SHA384,18.678,1434.8,1270.33,1,17,0.809524,139.524,16,1187.31,1181.91,1176,1174
1,8,14,ED25519_signed-by_ECDSA-SHA384,ED25519_signed-by_ECDSA-SHA384,7.232,3704.34,1895.86,1,3,0.272727,144.909,14,1200.48,1162,1176,1173
1,5,12,ED25519_signed-by_ECDSA-SHA384,ED25519_signed-by_ECDSA-SHA384,18.415,1454.86,1278.06,1,16,0.8,208.8,15,1205.18,1157.85,1176,1173
1,1,11,ED25519_signed-by_ECDSA-SHA384,ED25519_signed-by_ECDSA-SHA384,25.248,1061.78,943.589,1,22,0.916667,649.667,24,1205.44,1176.44,1176,1175
1,2,12,ED25519_signed-by_ECDSA-SHA384,ED25519_signed-by_ECDSA-SHA384,15.674,1709.27,1389.26,0.941176,14,0.823529,160.118,24,1176.58,1201.85,1176,1173
1,3,13,ED25519_signed-by_ECDSA-SHA384,ED25519_signed-by_ECDSA-SHA384,21.908,1222.93,785.831,1,8,0.571429,104.857,24,1188.63,1163.25,1176,1173
1,6,13,ED25519_signed-by_ECDSA-SHA384,ED25519_signed-by_ECDSA-SHA384,17.532,1528.56,1203.69,1,13,0.8125,180.5,8,1193.47,1166.34,1176,1174
1,7,13,ED25519_signed-by_ECDSA-SHA384,ED25519_signed-by_ECDSA-SHA384,15.434,1736.36,900.835,0.916667,2,0.166667,148.667,16,1198.64,1173.86,1176,1174
1,5,13,ED25519_signed-by_ECDSA-SHA384,ED25519_signed-by_ECDSA-SHA384,12.18,2199.61,889.303,0.285714,0,0,215.143,15,1206.47,1184.37,1176,1173
1,8,15,ED25519_signed-by_ECDSA-SHA384,ED25519_signed-by_ECDSA-SHA384,14.183,1888.96,896.819,0.727273,2,0.181818,139.818,15,1191.4,1200.58,1176,1173
1,2,13,ED25519_signed-by_ECDSA-SHA384,ED25519_signed-by_ECDSA-SHA384,10.258,2611.56,1221.17,0.9,0,0,141.2,24,1175.88,1186.06,1176,1173
1,1,12,ED25519_signed-by_ECDSA-SHA384,ED25519_signed-by_ECDSA-SHA384,14.055,1907.32,1108.76,0.818182,7,0.636364,415.455,24,1186.41,1172.52,1176,1175
1,6,14,ED25519_signed-by_ECDSA-SHA384,ED25519_signed-by_ECDSA-SHA384,10.214,2623.61,1060.41,1,0,0,138.571,8,1186.53,1188.71,1176,1174
1,3,14,ED25519_signed-by_ECDSA-SHA384,ED25519_signed-by_ECDSA-SHA384,13.975,1917.1,878.122,1,0,0,115.333,24,1186.32,1165.45,1176,1173
1,7,14,ED25519_signed-by_ECDSA-SHA384,ED25519_signed-by_ECDSA-SHA384,13.256,2021.7,925.758,1,0,0,123.333,16,1178.28,1171.21,1176,1174
1,8,16,ED25519_signed-by_ECDSA-SHA384,ED25519_signed-by_ECDSA-SHA384,12.451,2151.76,1503.47,0.5625,7,0.4375,126.5,15,1193.38,1198.03,1176,1173
1,5,14,ED25519_signed-by_ECDSA-SHA384,ED25519_signed-by_ECDSA-SHA384,16.033,1671,1151.59,0.8,7,0.466667,266.8,15,1198.9,1183.88,1176,1173
1,1,13,ED25519_signed-by_ECDSA-SHA384,ED25519_signed-by_ECDSA-SHA384,11.197,2394.19,1224.6,0.272727,0,0,556.545,24,1184.37,1166.22,1176,1175
1,6,15,ED25519_signed-by_ECDSA-SHA384,ED25519_signed-by_ECDSA-SHA384,11.277,2376.5,1215.92,0.545455,0,0,156.545,8,1193.71,1167.14,1176,1174
1,2,14,ED25519_signed-by_ECDSA-SHA384,ED25519_signed-by_ECDSA-SHA384,15.885,1686.58,1087.79,0.714286,7,0.5,146,24,1188.09,1193.33,1176,1173
1,7,15,ED25519_signed-by_ECDSA-SHA384,ED25519_signed-by_ECDSA-SHA384,11.888,2254.35,1032.29,0.777778,0,0,123.333,16,1197.88,1156.93,1176,1174
1,3,15,ED25519_signed-by_ECDSA-SHA384,ED25519_signed-by_ECDSA-SHA384,14.072,1903.88,872.067,1,0,0,115.333,24,1195.99,1206.31,1176,1173
1,8,17,ED25519_signed-by_ECDSA-SHA384,ED25519_signed-by_ECDSA-SHA384,12.673,2114.08,1229.69,0.636364,7,0.636364,118,15,1189.28,1188.26,1176,1173
1,5,15,ED25519_signed-by_ECDSA-SHA384,ED25519_signed-by_ECDSA-SHA384,14.113,1898.35,869.535,1,0,0,216.222,15,1194.61,1179.94,1176,1173
1,1,14,ED25519_signed-by_ECDSA-SHA384,ED25519_signed-by_ECDSA-SHA384,12.006,2232.88,1022.15,1,0,0,385.556,24,1180.88,1165.34,1176,1175
1,6,16,ED25519_signed-by_ECDSA-SHA384,ED25519_signed-by_ECDSA-SHA384,12.143,2207.02,1500.77,0.833333,12,1,138.667,8,1191.54,1185.99,1176,1174
1,7,16,ED25519_signed-by_ECDSA-SHA384,ED25519_signed-by_ECDSA-SHA384,12.079,2218.7,1025.24,0.9,0,0,114.4,16,1184.88,1175.42,1176,1174
1,3,16,ED25519_signed-by_ECDSA-SHA384,ED25519_signed-by_ECDSA-SHA384,11.547,2320.24,1062.78,1,0,0,115.333,24,1197.88,1160.6,1176,1173
1,2,15,ED25519_signed-by_ECDSA-SHA384,ED25519_signed-by_ECDSA-SHA384,16.882,1586.97,1301.23,0.5,15,0.833333,152.444,24,1174.22,1162.98,1176,1173
1,8,18,ED25519_signed-by_ECDSA-SHA384,ED25519_signed-by_ECDSA-SHA384,13.876,1930.79,1543.94,0.529412,5,0.294118,153.294,15,1182.32,1155.39,1176,1173
1,5,16,ED25519_signed-by_ECDSA-SHA384,ED25519_signed-by_ECDSA-SHA384,11.07,2420.04,1108.49,0.555556,0,0,123.333,15,1204.52,1173.04,1176,1173
1,1,15,ED25519_signed-by_ECDSA-SHA384,ED25519_signed-by_ECDSA-SHA384,11.477,2335.61,943.725,0.714286,0,0,472.286,24,1180.06,1182.81,1176,1175
1,6,17,ED25519_signed-by_ECDSA-SHA384,ED25519_signed-by_ECDSA-SHA384,12.667,2115.73,1097.65,0.25,2,0.166667,146.667,8,1193.31,1163.53,1176,1174
1,7,17,ED25519_signed-by_ECDSA-SHA384,ED25519_signed-by_ECDSA-SHA384,10.108,2651.17,1214,0,0,0,123.333,16,1183.68,1155.67,1176,1174
1,3,17,ED25519_signed-by_ECDSA-SHA384,ED25519_signed-by_ECDSA-SHA384,11.683,2293.07,1050.33,0,0,0,118,24,1205.61,1164.69,1176,1173
1,2,16,ED25519_signed-by_ECDSA-SHA384,ED25519_signed-by_ECDSA-SHA384,9.663,2772.41,1269.89,0.666667,0,0,133.111,24,1183.64,1212.31,1176,1173
1,5,17,ED25519_signed-by_ECDSA-SHA384,ED25519_signed-by_ECDSA-SHA384,9.299,2880.93,1340.25,1,4,0.4,114.8,15,1204.28,1246.06,1176,1173
1,8,19,ED25519_signed-by_ECDSA-SHA384,ED25519_signed-by_ECDSA-SHA384,11.018,2431.46,1113.72,1,0,0,115.333,15,1179.43,1185.06,1176,1173
1,1,16,ED25519_signed-by_ECDSA-SHA384,ED25519_signed-by_ECDSA-SHA384,11.587,2313.59,1183.38,1,0,0,214.727,24,1203.89,1160.91,1176,1175
1,6,18,ED25519_signed-by_ECDSA-SHA384,ED25519_signed-by_ECDSA-SHA384,14.492,1849.22,1187.92,1,8,0.571429,111.714,8,1187.51,1200.24,1176,1174
1,3,18,ED25519_signed-by_ECDSA-SHA384,ED25519_signed-by_ECDSA-SHA384,11.875,2256.09,1556.16,1,9,0.692308,122.308,24,1194.22,1190.57,1176,1173
1,8,20,ED25519_signed-by_ECDSA-SHA384,ED25519_signed-by_ECDSA-SHA384,10,2679.13,1246.37,1,5,0.5,107.6,15,1183.44,1161.1,1176,1173
1,5,18,ED25519_signed-by_ECDSA-SHA384,ED25519_signed-by_ECDSA-SHA384,11.493,2331.08,1209.74,1,5,0.416667,146.667,15,1192.76,1173.22,1176,1173
1,2,17,ED25519_signed-by_ECDSA-SHA384,ED25519_signed-by_ECDSA-SHA384,13.509,1983.19,2230.13,1,27,1.5,186,24,1183.51,1193.35,1176,1173
1,1,17,ED25519_signed-by_ECDSA-SHA384,ED25519_signed-by_ECDSA-SHA384,9.587,2796.28,1625.53,1,7,0.636364,167.455,24,1189.51,1167.1,1176,1175
1,6,19,ED25519_signed-by_ECDSA-SHA384,ED25519_signed-by_ECDSA-SHA384,8.565,3128.66,1516.7,1,1,0.1,116.8,8,1196.66,1176.84,1176,1174
1,7,18,ED25519_signed-by_ECDSA-SHA384,ED25519_signed-by_ECDSA-SHA384,22.571,1187.34,986.729,1,16,0.8,114.6,16,1169.62,1185.25,1176,1174
1,8,21,ED25519_signed-by_ECDSA-SHA384,ED25519_signed-by_ECDSA-SHA384,8.761,3057.77,1564.95,0.727273,3,0.272727,147.818,15,1198.27,1176.3,1176,1173
1,1,18,ED25519_signed-by_ECDSA-SHA384,ED25519_signed-by_ECDSA-SHA384,7.253,3695.7,1890.31,0.272727,0,0,148.545,24,1187.86,1153.62,1176,1175
1,2,18,ED25519_signed-by_ECDSA-SHA384,ED25519_signed-by_ECDSA-SHA384,12.636,2120.26,1477.66,0.642857,14,1,134.571,24,1176.44,1171.14,1176,1173
1,3,19,ED25519_signed-by_ECDSA-SHA384,ED25519_signed-by_ECDSA-SHA384,18.608,1439.74,989.635,1,13,1,122.923,24,1201.4,1181.06,1176,1173
1,6,20,ED25519_signed-by_ECDSA-SHA384,ED25519_signed-by_ECDSA-SHA384,12.159,2204.1,1009.28,1,1,0.111111,122.444,8,1205.3,1253.67,1176,1174
1,7,19,ED25519_signed-by_ECDSA-SHA384,ED25519_signed-by_ECDSA-SHA384,13.871,1932.04,921.611,1,0,0,107.818,16,1188.62,1160.51,1176,1174
1,8,22,ED25519_signed-by_ECDSA-SHA384,ED25519_signed-by_ECDSA-SHA384,13.442,1993.11,1034.35,1,2,0.166667,146.667,15,1190.35,1166.45,1176,1173
1,5,19,ED25519_signed-by_ECDSA-SHA384,ED25519_signed-by_ECDSA-SHA384,22.31,1200.88,672.695,1,5,0.333333,206.267,15,1204.43,1177.21,1176,1173
1,1,19,ED25519_signed-by_ECDSA-SHA384,ED25519_signed-by_ECDSA-SHA384,20.067,1335.86,880.209,1,9,0.5625,177.5,24,1208.83,1163.72,1176,1175
1,6,21,ED25519_signed-by_ECDSA-SHA384,ED25519_signed-by_ECDSA-SHA384,12.731,2105.04,1060.69,1,0,0,115.667,8,1194.3,1169.23,1176,1174
1,2,19,ED25519_signed-by_ECDSA-SHA384,ED25519_signed-by_ECDSA-SHA384,17.736,1510.52,1119.47,1,14,0.933333,227.867,24,1177.42,1170.06,1176,1173
1,8,23,ED25519_signed-by_ECDSA-SHA384,ED25519_signed-by_ECDSA-SHA384,10.875,2463.61,1146.1,1,4,0.4,114.8,15,1187.76,1190.69,1176,1173
1,3,20,ED25519_signed-by_ECDSA-SHA384,ED25519_signed-by_ECDSA-SHA384,17.558,1525.85,1534.51,1,24,0.96,134.96,24,1208.34,1185.75,1176,1173
1,5,20,ED25519_signed-by_ECDSA-SHA384,ED25519_signed-by_ECDSA-SHA384,14.617,1832.88,1164.63,1,7,0.538462,117.385,15,1187.65,1177.26,1176,1173
1,7,20,ED25519_signed-by_ECDSA-SHA384,ED25519_signed-by_ECDSA-SHA384,17.115,1565.81,1087.19,1,11,0.785714,139.714,16,1181.33,1164.61,1176,1174
1,1,20,ED25519_signed-by_ECDSA-SHA384,ED25519_signed-by_ECDSA-SHA384,11.184,2396.97,968.516,1,0,0,186.571,24,1188.41,1155.65,1176,1175
1,6,22,ED25519_signed-by_ECDSA-SHA384,ED25519_signed-by_ECDSA-SHA384,10.774,2487.46,1139.04,0.888889,0,0,115.333,8,1196.55,1176.99,1176,1174
1,8,24,ED25519_signed-by_ECDSA-SHA384,ED25519_signed-by_ECDSA-SHA384,11.437,2342.55,1215.69,0.0833333,2,0.166667,146.667,15,1195.78,1176.66,1176,1173
1,3,21,ED25519_signed-by_ECDSA-SHA384,ED25519_signed-by_ECDSA-SHA384,10.077,2658.73,1217.82,0,0,0,123.333,24,1185.02,1163.5,1176,1173
1,2,20,ED25519_signed-by_ECDSA-SHA384,ED25519_signed-by_ECDSA-SHA384,14.884,1800,1334.01,0.8,14,0.933333,204.4,24,1171.57,1242.13,1176,1173
1,5,21,ED25519_signed-by_ECDSA-SHA384,ED25519_signed-by_ECDSA-SHA384,10.231,2618.71,1224.51,0.4,0,0,117.2,15,1187.52,1174.61,1176,1173
1,7,21,ED25519_signed-by_ECDSA-SHA384,ED25519_signed-by_ECDSA-SHA384,9.993,2681.63,1083.86,0.571429,0,0,146.571,16,1179.51,1227.02,1176,1174
1,6,23,ED25519_signed-by_ECDSA-SHA384,ED25519_signed-by_ECDSA-SHA384,8.323,3219.71,1474.34,0.444444,0,0,115.333,8,1179,1182.24,1176,1174
1,1,21,ED25519_signed-by_ECDSA-SHA384,ED25519_signed-by_ECDSA-SHA384,10.938,2450.69,1253.5,0.727273,0,0,218.364,24,1182.78,1177.87,1176,1175
1,3,22,ED25519_signed-by_ECDSA-SHA384,ED25519_signed-by_ECDSA-SHA384,12.263,2184.75,1000.72,1,0,0,123.333,24,1186.2,1172.95,1176,1173
1,2,21,ED25519_signed-by_ECDSA-SHA384,ED25519_signed-by_ECDSA-SHA384,11.125,2408.26,1255.54,0.583333,0,0,158,24,1178.47,1175.76,1176,1173
1,5,22,ED25519_signed-by_ECDSA-SHA384,ED25519_signed-by_ECDSA-SHA384,10.697,2504.62,1591.47,0.538462,7,0.538462,117.385,15,1214.05,1152.19,1176,1173
1,7,22,ED25519_signed-by_ECDSA-SHA384,ED25519_signed-by_ECDSA-SHA384,11.049,2425.53,1133.85,1,0,0,162,16,1184.44,1178.49,1176,1174
1,8,25,ED25519_signed-by_ECDSA-SHA384,ED25519_signed-by_ECDSA-SHA384,16.163,1657.55,1127.47,1,9,0.75,138,15,1183.3,1177.91,1176,1173
1,6,24,ED25519_signed-by_ECDSA-SHA384,ED25519_signed-by_ECDSA-SHA384,11.864,2258.9,1536.05,0.916667,9,0.75,129.333,8,1193.05,1166.6,1176,1174
1,1,22,ED25519_signed-by_ECDSA-SHA384,ED25519_signed-by_ECDSA-SHA384,11.485,2334.14,943.13,1,0,0,186.571,24,1182.71,1173.22,1176,1175
1,2,22,ED25519_signed-by_ECDSA-SHA384,ED25519_signed-by_ECDSA-SHA384,12.857,2083.77,974.375,1,0,0,123.6,24,1187.27,1186.99,1176,1173
1,7,23,ED25519_signed-by_ECDSA-SHA384,ED25519_signed-by_ECDSA-SHA384,11.998,2233.64,1538.88,1,7,0.466667,154.8,16,1187.04,1167.29,1176,1174
1,3,23,ED25519_signed-by_ECDSA-SHA384,ED25519_signed-by_ECDSA-SHA384,14.662,1827.23,1908.53,1,23,1.09524,119.524,24,1181.45,1163.35,1176,1173
1,6,25,ED25519_signed-by_ECDSA-SHA384,ED25519_signed-by_ECDSA-SHA384,10.778,2486.49,1886.76,1,14,0.933333,114.267,8,1189.07,1163.06,1176,1174
1,1,23,ED25519_signed-by_ECDSA-SHA384,ED25519_signed-by_ECDSA-SHA384,10.658,2515.24,1185.94,1,0,0,206.364,24,1202.46,1167.64,1176,1175
1,5,23,ED25519_signed-by_ECDSA-SHA384,ED25519_signed-by_ECDSA-SHA384,16.337,1639.88,1406.31,1,16,1,130,15,1206.47,1154.48,1176,1173
1,7,24,ED25519_signed-by_ECDSA-SHA384,ED25519_signed-by_ECDSA-SHA384,7.512,3567.25,1633.48,0.444444,0,0,133.111,16,1188.18,1176.04,1176,1174
1,3,24,ED25519_signed-by_ECDSA-SHA384,ED25519_signed-by_ECDSA-SHA384,8.819,3037.68,1391.4,0,0,0,118.889,24,1186.41,1159.56,1176,1173
1,6,26,ED25519_signed-by_ECDSA-SHA384,ED25519_signed-by_ECDSA-SHA384,9.059,2958.09,1513.48,0,0,0,144.909,8,1195.62,1174.67,1176,1174
1,1,24,ED25519_signed-by_ECDSA-SHA384,ED25519_signed-by_ECDSA-SHA384,8.56,3131.48,1433.51,0,0,0,244.222,24,1177.32,1145.19,1176,1175
1,8,26,ED25519_signed-by_ECDSA-SHA384,ED25519_signed-by_ECDSA-SHA384,21.884,1224.26,729.657,1,9,0.692308,107.538,15,1193.14,1181.87,1176,1173
1,5,24,ED25519_signed-by_ECDSA-SHA384,ED25519_signed-by_ECDSA-SHA384,8.513,3146.89,1441.42,0.666667,0,0,123.333,15,1197.14,1170.93,1176,1173
1,2,23,ED25519_signed-by_ECDSA-SHA384,ED25519_signed-by_ECDSA-SHA384,14.222,1883.8,1281.37,1,9,0.75,148,24,1193.91,1174.32,1176,1173
1,3,25,ED25519_signed-by_ECDSA-SHA384,ED25519_signed-by_ECDSA-SHA384,11.186,2395.07,1097.06,1,0,0,123.333,24,1173.73,1177.93,1176,1173
1,6,27,ED25519_signed-by_ECDSA-SHA384,ED25519_signed-by_ECDSA-SHA384,11.027,2430.33,1652.63,1,9,0.75,129.333,8,1190.19,1167.37,1176,1174
1,8,27,ED25519_signed-by_ECDSA-SHA384,ED25519_signed-by_ECDSA-SHA384,10.934,2450.27,1930.07,1,13,0.8125,166.5,15,1188.35,1200.42,1176,1173
1,1,25,ED25519_signed-by_ECDSA-SHA384,ED25519_signed-by_ECDSA-SHA384,12.203,2196.76,1513.02,1,10,0.666667,193.2,24,1170.57,1171.81,1176,1175
1,2,24,ED25519_signed-by_ECDSA-SHA384,ED25519_signed-by_ECDSA-SHA384,10.904,2457,1694.74,0.846154,9,0.692308,130.923,24,1184.4,1163.84,1176,1173
1,7,25,ED25519_signed-by_ECDSA-SHA384,ED25519_signed-by_ECDSA-SHA384,17.709,1513.28,1254.9,1,18,0.947368,112.105,16,1182.09,1168.27,1176,1174
1,5,25,ED25519_signed-by_ECDSA-SHA384,ED25519_signed-by_ECDSA-SHA384,16.326,1640.98,1131.88,1,9,0.692308,130.923,15,1252.79,1233.11,1176,1173
1,3,26,ED25519_signed-by_ECDSA-SHA384,ED25519_signed-by_ECDSA-SHA384,10.879,2462.52,1127.95,1,0,0,123.333,24,1196.61,1180.17,1176,1173
1,6,28,ED25519_signed-by_ECDSA-SHA384,ED25519_signed-by_ECDSA-SHA384,11.272,2377.37,1088.62,1,3,0.333333,115.333,8,1204.86,1165.01,1176,1174
1,8,28,ED25519_signed-by_ECDSA-SHA384,ED25519_signed-by_ECDSA-SHA384,12.466,2149.18,984.426,1,0,0,115.333,15,1189.02,1189.39,1176,1173
1,7,26,ED25519_signed-by_ECDSA-SHA384,ED25519_signed-by_ECDSA-SHA384,10.399,2576.94,1336.93,0.916667,2,0.166667,160,16,1189.27,1159.86,1176,1174
1,2,25,ED25519_signed-by_ECDSA-SHA384,ED25519_signed-by_ECDSA-SHA384,12.21,2194.26,1394.26,0.846154,7,0.538462,117.385,24,1181.69,1196.31,1176,1173
1,1,26,ED25519_signed-by_ECDSA-SHA384,ED25519_signed-by_ECDSA-SHA384,15.355,1745.84,1214.95,0.8125,9,0.5625,183.5,24,1280.31,1170.19,1176,1175
1,5,26,ED25519_signed-by_ECDSA-SHA384,ED25519_signed-by_ECDSA-SHA384,12.454,2151.25,1408.04,1,7,0.466667,106.8,15,1222.39,1179.14,1176,1173
1,3,27,ED25519_signed-by_ECDSA-SHA384,ED25519_signed-by_ECDSA-SHA384,12.421,2156.98,987.997,1,0,0,123.333,24,1191.93,1181.95,1176,1173
1,6,29,ED25519_signed-by_ECDSA-SHA384,ED25519_signed-by_ECDSA-SHA384,14.688,1824.58,1057.71,1,7,0.466667,120.133,9,1191.61,1184.53,1176,1174
1,8,29,ED25519_signed-by_ECDSA-SHA384,ED25519_signed-by_ECDSA-SHA384,14.191,1887.93,882.799,1,0,0,114,15,1187.3,1181.91,1176,1173
1,2,26,ED25519_signed-by_ECDSA-SHA384,ED25519_signed-by_ECDSA-SHA384,15.047,1780.51,823,1,0,0,114.4,24,1174.97,1178.3,1176,1173
1,7,27,ED25519_signed-by_ECDSA-SHA384,ED25519_signed-by_ECDSA-SHA384,17.001,1576.32,1012.61,1,8,0.571429,119.714,16,1181.07,1165.84,1176,1174
1,5,27,ED25519_signed-by_ECDSA-SHA384,ED25519_signed-by_ECDSA-SHA384,15.241,1757.84,1116.96,1,7,0.538462,117.385,15,1201.94,1182.01,1176,1173
1,1,27,ED25519_signed-by_ECDSA-SHA384,ED25519_signed-by_ECDSA-SHA384,18.466,1451.69,1323.03,1,18,1.125,210.5,24,1178.49,1162.92,1176,1175
1,6,30,ED25519_signed-by_ECDSA-SHA384,ED25519_signed-by_ECDSA-SHA384,11.784,2274.25,1063.13,0.7,0,0,107.6,9,1171.57,1184.29,1176,1174
1,3,28,ED25519_signed-by_ECDSA-SHA384,ED25519_signed-by_ECDSA-SHA384,15.633,1713.76,1177.98,1,10,0.769231,128.462,24,1187.65,1176.36,1176,1173
1,8,30,ED25519_signed-by_ECDSA-SHA384,ED25519_signed-by_ECDSA-SHA384,11.773,2275.69,1042.37,0.444444,0,0,123.333,15,1177.96,1197.91,1176,1173
1,2,27,ED25519_signed-by_ECDSA-SHA384,ED25519_signed-by_ECDSA-SHA384,10.093,2654.27,1805.44,0.333333,9,0.75,138.667,24,1191.82,1181.51,1176,1173
1,7,28,ED25519_signed-by_ECDSA-SHA384,ED25519_signed-by_ECDSA-SHA384,11.183,2396.48,1114.54,0.6,5,0.5,122,16,1203.53,1185.38,1176,1174
1,5,28,ED25519_signed-by_ECDSA-SHA384,ED25519_signed-by_ECDSA-SHA384,12.863,2082.83,1080.91,1,5,0.416667,112,15,1195.17,1180.99,1176,1173
1,1,28,ED25519_signed-by_ECDSA-SHA384,ED25519_signed-by_ECDSA-SHA384,12.746,2103.21,962.793,1,3,0.333333,163.333,24,1185.98,1163.06,1176,1175
1,6,31,ED25519_signed-by_ECDSA-SHA384,ED25519_signed-by_ECDSA-SHA384,13.73,1951.87,968.361,1,0,0,91.5385,9,1187.27,1187.01,1176,1174
1,3,29,ED25519_signed-by_ECDSA-SHA384,ED25519_signed-by_ECDSA-SHA384,14.583,1837.13,742.752,1,0,0,129.429,24,1197.03,1185.77,1176,1173
1,2,28,ED25519_signed-by_ECDSA-SHA384,ED25519_signed-by_ECDSA-SHA384,15.186,1764.19,1233.72,1,9,0.642857,124.286,24,1178.54,1166.95,1176,1173
1,8,31,ED25519_signed-by_ECDSA-SHA384,ED25519_signed-by_ECDSA-SHA384,17.183,1559.14,1013.05,1,12,0.8,108.4,15,1194.92,1172.55,1176,1173
1,7,29,ED25519_signed-by_ECDSA-SHA384,ED25519_signed-by_ECDSA-SHA384,14.564,1840.09,1771.98,1,23,1.27778,141.111,16,1197.59,1170.44,1176,1174
1,5,29,ED25519_signed-by_ECDSA-SHA384,ED25519_signed-by_ECDSA-SHA384,12.575,2130.52,881.724,1,0,0,126,15,1199.23,1180.55,1176,1173
1,6,32,ED25519_signed-by_ECDSA-SHA384,ED25519_signed-by_ECDSA-SHA384,9.017,2971.85,1360.84,1,0,0,115.333,9,1204.22,1167.42,1176,1174
1,3,30,ED25519_signed-by_ECDSA-SHA384,ED25519_signed-by_ECDSA-SHA384,13.087,2047.17,1191.99,1,5,0.333333,120.133,24,1198.19,1216.71,1176,1173
1,1,29,ED25519_signed-by_ECDSA-SHA384,ED25519_signed-by_ECDSA-SHA384,19.753,1357.15,1651.58,1,35,1.2069,216.345,24,1179.64,1164.2,1176,1175
1,7,30,ED25519_signed-by_ECDSA-SHA384,ED25519_signed-by_ECDSA-SHA384,12.673,2114.65,1951.79,1,11,0.578947,157.579,16,1176.8,1184.65,1176,1174
1,8,32,ED25519_signed-by_ECDSA-SHA384,ED25519_signed-by_ECDSA-SHA384,15.797,1695.94,896.333,1,2,0.153846,137.692,15,1184.6,1177.93,1176,1173
1,6,33,ED25519_signed-by_ECDSA-SHA384,ED25519_signed-by_ECDSA-SHA384,12.888,2079.4,1399.09,1,3,0.272727,132.545,9,1181.59,1186.32,1176,1174
1,2,29,ED25519_signed-by_ECDSA-SHA384,ED25519_signed-by_ECDSA-SHA384,18.588,1441.29,1300.56,1,21,1.4,148.933,24,1176.23,1180.46,1176,1173
1,3,31,ED25519_signed-by_ECDSA-SHA384,ED25519_signed-by_ECDSA-SHA384,10.948,2447.19,1120.93,1,0,0,115.333,24,1224.29,1176.09,1176,1173
1,5,30,ED25519_signed-by_ECDSA-SHA384,ED25519_signed-by_ECDSA-SHA384,18.424,1454.12,1098.51,1,16,0.941176,196.588,15,1202.76,1187.6,1176,1173
1,7,31,ED25519_signed-by_ECDSA-SHA384,ED25519_signed-by_ECDSA-SHA384,9.416,2845.95,2241.08,1,16,1,198.5,16,1192.57,1163.31,1176,1174
1,6,34,ED25519_signed-by_ECDSA-SHA384,ED25519_signed-by_ECDSA-SHA384,7.263,3689.55,1704.9,1,0,0,107.2,9,1187.94,1202.32,1176,1174
1,8,33,ED25519_signed-by_ECDSA-SHA384,ED25519_signed-by_ECDSA-SHA384,11.543,2321.01,1484.51,1,7,0.5,104.571,15,1190.87,1156.26,1176,1173
1,1,30,ED25519_signed-by_ECDSA-SHA384,ED25519_signed-by_ECDSA-SHA384,16.89,1587.15,1019.26,1,8,0.571429,144.857,24,1220.17,1160.3,1176,1175
1,3,32,ED25519_signed-by_ECDSA-SHA384,ED25519_signed-by_ECDSA-SHA384,10.634,2519.43,1196.15,1,5,0.454545,101.273,24,1209.68,1176.89,1176,1173
1,2,30,ED25519_signed-by_ECDSA-SHA384,ED25519_signed-by_ECDSA-SHA384,16.203,1653.45,1326.11,1,16,0.888889,171.778,24,1184.87,1178.39,1176,1173
1,6,35,ED25519_signed-by_ECDSA-SHA384,ED25519_signed-by_ECDSA-SHA384,10.605,2527.08,1157.18,1,0,0,115.333,9,1193.48,1172.39,1176,1174
1,7,32,ED25519_signed-by_ECDSA-SHA384,ED25519_signed-by_ECDSA-SHA384,13.707,1955.15,1033.02,1,2,0.153846,150.615,16,1200.05,1190.48,1176,1174
1,5,31,ED25519_signed-by_ECDSA-SHA384,ED25519_signed-by_ECDSA-SHA384,16.843,1590.61,1279.52,1,14,0.777778,166.444,15,1201.36,1178.94,1176,1173
1,8,34,ED25519_signed-by_ECDSA-SHA384,ED25519_signed-by_ECDSA-SHA384,12.084,2217.1,896.374,1,0,0,129.429,15,1186.43,1167.35,1176,1173
1,1,31,ED25519_signed-by_ECDSA-SHA384,ED25519_signed-by_ECDSA-SHA384,11.493,2332.51,1585.63,1,12,1,186.667,24,1178.94,1150.25,1176,1175
1,3,33,ED25519_signed-by_ECDSA-SHA384,ED25519_signed-by_ECDSA-SHA384,11.24,2383.58,1642.67,1,7,0.466667,132.4,24,1186.08,1163.74,1176,1173
1,6,36,ED25519_signed-by_ECDSA-SHA384,ED25519_signed-by_ECDSA-SHA384,10.181,2632.32,1205.37,1,0,0,115.333,9,1221.26,1189.47,1176,1174
1,5,32,ED25519_signed-by_ECDSA-SHA384,ED25519_signed-by_ECDSA-SHA384,9.265,2891.73,1196.76,1,0,0,136,15,1199.15,1175.05,1176,1173
1,8,35,ED25519_signed-by_ECDSA-SHA384,ED25519_signed-by_ECDSA-SHA384,9.063,2956.18,1512.96,1,0,0,144.909,15,1216.87,1155.16,1176,1173
1,7,33,ED25519_signed-by_ECDSA-SHA384,ED25519_signed-by_ECDSA-SHA384,14.477,1851.13,1175.88,1,7,0.538462,126,16,1191.65,1158.23,1176,1174
1,2,31,ED25519_signed-by_ECDSA-SHA384,ED25519_signed-by_ECDSA-SHA384,20.132,1330.8,1672.94,1,32,1.3913,136.087,24,1187.73,1175.85,1176,1173
1,6,37,ED25519_signed-by_ECDSA-SHA384,ED25519_signed-by_ECDSA-SHA384,9.754,2747.56,1258.14,0.333333,0,0,115.333,9,1189.15,1171.05,1176,1174
1,3,34,ED25519_signed-by_ECDSA-SHA384,ED25519_signed-by_ECDSA-SHA384,13.763,1946.6,1233.41,1,10,0.909091,132.545,24,1188.47,1186.37,1176,1173
1,1,32,ED25519_signed-by_ECDSA-SHA384,ED25519_signed-by_ECDSA-SHA384,16.71,1604.23,1728.22,1,32,1.3913,308.261,24,1193.88,1156.88,1176,1175
1,8,36,ED25519_signed-by_ECDSA-SHA384,ED25519_signed-by_ECDSA-SHA384,9.373,2858.12,1309.15,1,3,0.333333,115.333,15,1189.94,1179.99,1176,1173
1,5,33,ED25519_signed-by_ECDSA-SHA384,ED25519_signed-by_ECDSA-SHA384,10.938,2449.41,1935.25,0.75,4,0.25,166.5,15,1191.6,1167.69,1176,1173
1,7,34,ED25519_signed-by_ECDSA-SHA384,ED25519_signed-by_ECDSA-SHA384,9.473,2829.08,1295.47,1,0,0,133.111,16,1199.16,1177.63,1176,1174
1,8,37,ED25519_signed-by_ECDSA-SHA384,ED25519_signed-by_ECDSA-SHA384,7.889,3395.74,1762.25,0.5,2,0.166667,136,15,1199.79,1180.29,1176,1173
1,6,38,ED25519_signed-by_ECDSA-SHA384,ED25519_signed-by_ECDSA-SHA384,11.958,2241.12,927.222,1,0,0,118,9,1186.19,1174.53,1176,1174
1,3,35,ED25519_signed-by_ECDSA-SHA384,ED25519_signed-by_ECDSA-SHA384,14.631,1831.13,937.164,1,0,0,106.364,24,1171.26,1167.22,1176,1173
1,5,34,ED25519_signed-by_ECDSA-SHA384,ED25519_signed-by_ECDSA-SHA384,12.34,2171.13,994.48,1,0,0,133.111,15,1187.09,1171.4,1176,1173
1,2,32,ED25519_signed-by_ECDSA-SHA384,ED25519_signed-by_ECDSA-SHA384,17.913,1495.62,1017.32,1,9,0.75,138.667,24,1184.99,1186.3,1176,1173
1,7,35,ED25519_signed-by_ECDSA-SHA384,ED25519_signed-by_ECDSA-SHA384,12.749,2102.1,962.574,1,0,0,133.111,16,1181.77,1172.23,1176,1174
1,1,33,ED25519_signed-by_ECDSA-SHA384,ED25519_signed-by_ECDSA-SHA384,20.024,1338.73,1170.54,1,20,0.909091,174.727,24,1200.85,1169.89,1176,1175
1,8,38,ED25519_signed-by_ECDSA-SHA384,ED25519_signed-by_ECDSA-SHA384,15.698,1706.66,1160.87,1,9,0.75,129.333,15,1179.72,1182.15,1176,1173
1,6,39,ED25519_signed-by_ECDSA-SHA384,ED25519_signed-by_ECDSA-SHA384,15.916,1683.78,1624.48,1,20,1,152.8,9,1183.61,1177.04,1176,1174
1,3,36,ED25519_signed-by_ECDSA-SHA384,ED25519_signed-by_ECDSA-SHA384,12.386,2163.03,1395.09,1,7,0.5,105.429,24,1221.05,1174.96,1176,1173
1,2,33,ED25519_signed-by_ECDSA-SHA384,ED25519_signed-by_ECDSA-SHA384,11.732,2283.62,1077.37,1,0,0,107.455,24,1185.9,1184.47,1176,1173
1,5,35,ED25519_signed-by_ECDSA-SHA384,ED25519_signed-by_ECDSA-SHA384,13.919,1924.79,881.643,1,0,0,126,15,1189.47,1178.74,1176,1173
1,7,36,ED25519_signed-by_ECDSA-SHA384,ED25519_signed-by_ECDSA-SHA384,13.642,1964.46,899.548,1,0,0,127.778,16,1195.15,1186.22,1176,1174
1,1,34,ED25519_signed-by_ECDSA-SHA384,ED25519_signed-by_ECDSA-SHA384,13.786,1944.51,1767.53,0.75,19,1.1875,163.5,24,1192.55,1175.97,1176,1175
1,6,40,ED25519_signed-by_ECDSA-SHA384,ED25519_signed-by_ECDSA-SHA384,8.755,3060.8,1401.57,0,0,0,115.333,9,1183.46,1189.93,1176,1174
1,8,39,ED25519_signed-by_ECDSA-SHA384,ED25519_signed-by_ECDSA-SHA384,11.117,2409.99,1103.89,0.555556,3,0.333333,115.333,15,1196.34,1184.94,1176,1173
1,3,37,ED25519_signed-by_ECDSA-SHA384,ED25519_signed-by_ECDSA-SHA384,10.181,2631.56,1205.38,0.555556,0,0,123.333,24,1195.31,1195.25,1176,1173
1,2,34,ED25519_signed-by_ECDSA-SHA384,ED25519_signed-by_ECDSA-SHA384,10.332,2593.1,1206.34,1,4,0.4,114.8,24,1185.53,1188.13,1176,1173
1,5,36,ED25519_signed-by_ECDSA-SHA384,ED25519_signed-by_ECDSA-SHA384,9.469,2829.15,1295.89,1,3,0.333333,115.333,15,1204.71,1172.68,1176,1173
1,6,41,ED25519_signed-by_ECDSA-SHA384,ED25519_signed-by_ECDSA-SHA384,6.721,3987.12,1825.74,1,3,0.333333,115.333,9,1191.71,1178.09,1176,1174
1,1,35,ED25519_signed-by_ECDSA-SHA384,ED25519_signed-by_ECDSA-SHA384,9.179,2920.27,1854.47,1,10,0.769231,126,24,1184.57,1175.57,1176,1175
1,5,37,ED25519_signed-by_ECDSA-SHA384,ED25519_signed-by_ECDSA-SHA384,7.16,3741.44,1776.32,1,2,0.181818,139.818,15,1231.05,1184.82,1176,1173
1,3,38,ED25519_signed-by_ECDSA-SHA384,ED25519_signed-by_ECDSA-SHA384,8.953,2992.51,2566.28,1,16,1,131,24,1238.18,1159.91,1176,1173
1,7,37,ED25519_signed-by_ECDSA-SHA384,ED25519_signed-by_ECDSA-SHA384,19.483,1375.55,1127.54,1,15,0.833333,122.889,16,1190.11,1178.4,1176,1174
1,2,35,ED25519_signed-by_ECDSA-SHA384,ED25519_signed-by_ECDSA-SHA384,17.065,1569.91,1123.17,1,9,0.5,125.111,24,1180.1,1185.44,1176,1173
1,5,38,ED25519_signed-by_ECDSA-SHA384,ED25519_signed-by_ECDSA-SHA384,10.544,2540.92,1300.43,1,0,0,144.909,15,1191.11,1185.72,1176,1173
1,1,36,ED25519_signed-by_ECDSA-SHA384,ED25519_signed-by_ECDSA-SHA384,14.062,1906.32,1006.92,1,2,0.153846,150.615,24,1198.59,1155.78,1176,1175
1,3,39,ED25519_signed-by_ECDSA-SHA384,ED25519_signed-by_ECDSA-SHA384,12.01,2230.74,1021.78,1,3,0.333333,123.333,24,1289.92,1175.84,1176,1173
1,6,42,ED25519_signed-by_ECDSA-SHA384,ED25519_signed-by_ECDSA-SHA384,17.141,1563.41,1950.77,1,38,1.46154,167.538,9,1200.75,1176.34,1176,1174
1,8,40,ED25519_signed-by_ECDSA-SHA384,ED25519_signed-by_ECDSA-SHA384,23.072,1161.21,950.742,1,17,0.85,150.4,15,1183.95,1177.13,1176,1173
1,7,38,ED25519_signed-by_ECDSA-SHA384,ED25519_signed-by_ECDSA-SHA384,12.439,2154.46,986.55,1,0,0,131.333,16,1188.73,1167.55,1176,1174
1,5,39,ED25519_signed-by_ECDSA-SHA384,ED25519_signed-by_ECDSA-SHA384,11.91,2249.47,1051.86,1,0,0,107.6,15,1186.18,1175.09,1176,1173
1,2,36,ED25519_signed-by_ECDSA-SHA384,ED25519_signed-by_ECDSA-SHA384,13.794,1942.22,1252.67,1,7,0.5,111.714,24,1174.81,1176.78,1176,1173
1,1,37,ED25519_signed-by_ECDSA-SHA384,ED25519_signed-by_ECDSA-SHA384,12.048,2225.04,1018.57,1,0,0,133.111,24,1182.74,1179.13,1176,1175
1,8,41,ED25519_signed-by_ECDSA-SHA384,ED25519_signed-by_ECDSA-SHA384,12.148,2205.39,1422.41,1,7,0.5,119.714,15,1207.64,1156.55,1176,1173
1,6,43,ED25519_signed-by_ECDSA-SHA384,ED25519_signed-by_ECDSA-SHA384,13.276,2018.61,1081.01,1,5,0.357143,122,9,1196.06,1161.73,1176,1174
1,3,40,ED25519_signed-by_ECDSA-SHA384,ED25519_signed-by_ECDSA-SHA384,14.631,1831.11,1599.83,1,19,0.95,130.8,24,1205.84,1157.53,1176,1173
1,7,39,ED25519_signed-by_ECDSA-SHA384,ED25519_signed-by_ECDSA-SHA384,12.462,2150.47,1462.32,1,9,0.75,129.333,16,1193.47,1177.25,1176,1174
1,5,40,ED25519_signed-by_ECDSA-SHA384,ED25519_signed-by_ECDSA-SHA384,10.655,2514.47,1151.75,1,0,0,115.333,15,1194.86,1170.1,1176,1173
1,1,38,ED25519_signed-by_ECDSA-SHA384,ED25519_signed-by_ECDSA-SHA384,10.473,2559.7,1034.27,1,0,0,142,24,1190.97,1159.59,1176,1175
1,6,44,ED25519_signed-by_ECDSA-SHA384,ED25519_signed-by_ECDSA-SHA384,8.872,3020.42,1792.41,1,8,0.571429,131.429,9,1195.37,1338,1176,1174
1,8,42,ED25519_signed-by_ECDSA-SHA384,ED25519_signed-by_ECDSA-SHA384,10.493,2553.3,1694.07,1,8,0.571429,121.143,15,1186.78,1202.64,1176,1173
1,2,37,ED25519_signed-by_ECDSA-SHA384,ED25519_signed-by_ECDSA-SHA384,15.674,1709.26,1174.9,1,10,0.769231,130.923,24,1176.62,1172.81,1176,1173
1,7,40,ED25519_signed-by_ECDSA-SHA384,ED25519_signed-by_ECDSA-SHA384,10.265,2610.79,1055.23,1,0,0,129.429,16,1169.21,1159.62,1176,1174
1,3,41,ED25519_signed-by_ECDSA-SHA384,ED25519_signed-by_ECDSA-SHA384,13.852,1934.09,1537.34,0.705882,15,0.882353,181.529,24,1203.22,1164.78,1176,1173
1,5,41,ED25519_signed-by_ECDSA-SHA384,ED25519_signed-by_ECDSA-SHA384,10.145,2640.65,1234.77,0.9,0,0,107.6,15,1188.08,1160.66,1176,1173
1,6,45,ED25519_signed-by_ECDSA-SHA384,ED25519_signed-by_ECDSA-SHA384,10.091,2655.82,1377.85,0.833333,2,0.166667,137.333,9,1181.98,1182.15,1176,1174
1,8,43,ED25519_signed-by_ECDSA-SHA384,ED25519_signed-by_ECDSA-SHA384,10.815,2477.27,1134.71,1,0,0,133.111,15,1201.1,1177.35,1176,1173
1,2,38,ED25519_signed-by_ECDSA-SHA384,ED25519_signed-by_ECDSA-SHA384,9.034,2965.38,1358.28,1,0,0,123.333,24,1173.51,1174.94,1176,1173
1,1,39,ED25519_signed-by_ECDSA-SHA384,ED25519_signed-by_ECDSA-SHA384,14.587,1837.74,1673.77,0.888889,20,1.11111,192.667,24,1175.54,1171.72,1176,1175
1,3,42,ED25519_signed-by_ECDSA-SHA384,ED25519_signed-by_ECDSA-SHA384,8.912,3005.98,1376.88,1,0,0,133.111,24,1205.02,1166.26,1176,1173
1,7,41,ED25519_signed-by_ECDSA-SHA384,ED25519_signed-by_ECDSA-SHA384,12.319,2175.45,1498.79,0.666667,7,0.466667,132.4,16,1196.2,1166.58,1176,1174
1,5,42,ED25519_signed-by_ECDSA-SHA384,ED25519_signed-by_ECDSA-SHA384,11.894,2252.52,1532.17,0.583333,9,0.75,129.333,15,1201.4,1183.52,1176,1173
1,2,39,ED25519_signed-by_ECDSA-SHA384,ED25519_signed-by_ECDSA-SHA384,7.724,3468.31,1588.65,0,0,0,123.333,24,1191.64,1168.28,1176,1173
1,6,46,ED25519_signed-by_ECDSA-SHA384,ED25519_signed-by_ECDSA-SHA384,12.071,2220.15,1016.63,0.333333,0,0,115.333,9,1174.46,1167.6,1176,1174
1,8,44,ED25519_signed-by_ECDSA-SHA384,ED25519_signed-by_ECDSA-SHA384,11.048,2425.02,1133.94,0.3,0,0,123.6,15,1178.2,1165.56,1176,1173
1,1,40,ED25519_signed-by_ECDSA-SHA384,ED25519_signed-by_ECDSA-SHA384,10.251,2615.14,1337.62,0.272727,0,0,170.364,24,1177.4,1168.9,1176,1175
1,3,43,ED25519_signed-by_ECDSA-SHA384,ED25519_signed-by_ECDSA-SHA384,10.283,2605.45,1193.42,0.444444,0,0,133.111,24,1207.95,1168.45,1176,1173
1,5,43,ED25519_signed-by_ECDSA-SHA384,ED25519_signed-by_ECDSA-SHA384,9.267,2891.12,1351.89,0.7,0,0,108.4,15,1210.15,1176.6,1176,1173
1,8,45,ED25519_signed-by_ECDSA-SHA384,ED25519_signed-by_ECDSA-SHA384,7.249,3695.55,1692.74,0.666667,0,0,133.111,15,1193,1189.28,1176,1173
1,6,47,ED25519_signed-by_ECDSA-SHA384,ED25519_signed-by_ECDSA-SHA384,9.044,2962.98,1197.57,0.857143,0,0,129.429,9,1178.44,1167.46,1176,1174
1,3,44,ED25519_signed-by_ECDSA-SHA384,ED25519_signed-by_ECDSA-SHA384,8.907,3007.71,1377.67,0.555556,0,0,133.111,24,1209.24,1181.23,1176,1173
1,1,41,ED25519_signed-by_ECDSA-SHA384,ED25519_signed-by_ECDSA-SHA384,10.967,2444.21,1118.9,0.666667,0,0,123.333,24,1199.69,1373.71,1176,1175
1,5,44,ED25519_signed-by_ECDSA-SHA384,ED25519_signed-by_ECDSA-SHA384,9.913,2702.48,1478.33,0.538462,6,0.461538,97.0769,15,1203.3,1178.33,1176,1173
1,8,46,ED25519_signed-by_ECDSA-SHA384,ED25519_signed-by_ECDSA-SHA384,11.194,2393.42,1096.3,0.555556,0,0,133.111,15,1187.19,1163.89,1176,1173
1,7,42,ED25519_signed-by_ECDSA-SHA384,ED25519_signed-by_ECDSA-SHA384,25.314,1058.68,687.668,0.933333,9,0.6,103.6,16,1197.26,1155.65,1176,1174
1,6,48,ED25519_signed-by_ECDSA-SHA384,ED25519_signed-by_ECDSA-SHA384,11.2,2392.86,1648.57,0.466667,10,0.666667,132.4,9,1206.15,1163.32,1176,1174
1,3,45,ED25519_signed-by_ECDSA-SHA384,ED25519_signed-by_ECDSA-SHA384,10.589,2530.14,1207.28,0.636364,0,0,115.818,24,1187.12,1164.77,1176,1173
1,2,40,ED25519_signed-by_ECDSA-SHA384,ED25519_signed-by_ECDSA-SHA384,25.077,1068.37,694.17,1,9,0.6,108.4,24,1175.56,1168.18,1176,1173
1,1,42,ED25519_signed-by_ECDSA-SHA384,ED25519_signed-by_ECDSA-SHA384,11.527,2325.63,1086.82,0.7,0,0,114.8,24,1184.74,1159.65,1176,1175
1,5,45,ED25519_signed-by_ECDSA-SHA384,ED25519_signed-by_ECDSA-SHA384,10.951,2446.51,1120.62,0.555556,0,0,115.333,15,1316.19,1183.77,1176,1173
1,7,43,ED25519_signed-by_ECDSA-SHA384,ED25519_signed-by_ECDSA-SHA384,9.974,2686.98,1256.06,0.6,0,0,107.6,16,1177.05,1163.05,1176,1174
1,8,47,ED25519_signed-by_ECDSA-SHA384,ED25519_signed-by_ECDSA-SHA384,11.307,2369.48,1085.33,0.666667,0,0,133.111,15,1196.95,1192.31,1176,1173
1,6,49,ED25519_signed-by_ECDSA-SHA384,ED25519_signed-by_ECDSA-SHA384,11.017,2432.59,1272.21,0.307692,2,0.153846,133.077,9,1191.7,1177.1,1176,1174
1,3,46,ED25519_signed-by_ECDSA-SHA384,ED25519_signed-by_ECDSA-SHA384,9.826,2726.38,1102.28,0.571429,0,0,150,24,1186.98,1167.54,1176,1173
1,1,43,ED25519_signed-by_ECDSA-SHA384,ED25519_signed-by_ECDSA-SHA384,10.05,2667.21,1240.08,1,5,0.5,114.8,24,1190.36,1159.17,1176,1175
1,5,46,ED25519_signed-by_ECDSA-SHA384,ED25519_signed-by_ECDSA-SHA384,8.783,3050.14,1426.25,0.9,0,0,107.6,15,1197.98,1173.94,1176,1173
1,2,41,ED25519_signed-by_ECDSA-SHA384,ED25519_signed-by_ECDSA-SHA384,15.56,1721.78,1106.38,0.857143,8,0.571429,111.714,24,1176.08,1188.66,1176,1173
1,7,44,ED25519_signed-by_ECDSA-SHA384,ED25519_signed-by_ECDSA-SHA384,10.425,2570.71,1632.98,0.615385,7,0.538462,115.538,16,1183.55,1175.26,1176,1174
1,6,50,ED25519_signed-by_ECDSA-SHA384,ED25519_signed-by_ECDSA-SHA384,10.154,2639.32,1369.29,0.833333,5,0.416667,115.333,9,1193.11,1199.62,1176,1174
1,8,48,ED25519_signed-by_ECDSA-SHA384,ED25519_signed-by_ECDSA-SHA384,13.251,2021.84,1380.09,0.833333,2,0.166667,129.333,15,1199.23,1182.81,1176,1173
1,1,44,ED25519_signed-by_ECDSA-SHA384,ED25519_signed-by_ECDSA-SHA384,10.091,2656.59,1358.82,0.454545,0,0,113.636,24,1180.89,1152.69,1176,1175
1,5,47,ED25519_signed-by_ECDSA-SHA384,ED25519_signed-by_ECDSA-SHA384,13.724,1952.11,1240.4,1,7,0.538462,110,15,1196.08,1193.01,1176,1173
1,3,47,ED25519_signed-by_ECDSA-SHA384,ED25519_signed-by_ECDSA-SHA384,19.192,1395.98,1070.43,1,13,0.65,125.6,24,1195.06,1166.01,1176,1173
1,7,45,ED25519_signed-by_ECDSA-SHA384,ED25519_signed-by_ECDSA-SHA384,11.75,2280.8,1044.4,1,0,0,115.333,16,1178.03,1181.71,1176,1174
1,2,42,ED25519_signed-by_ECDSA-SHA384,ED25519_signed-by_ECDSA-SHA384,15.945,1680.2,1083.68,1,7,0.5,111.714,24,1180.43,1202.05,1176,1173
1,1,45,ED25519_signed-by_ECDSA-SHA384,ED25519_signed-by_ECDSA-SHA384,10.85,2470.72,1131.03,1,0,0,118,24,1184.9,1154.5,1176,1175
1,6,51,ED25519_signed-by_ECDSA-SHA384,ED25519_signed-by_ECDSA-SHA384,14.824,1807.8,1468.91,1,14,0.823529,119.412,9,1193.05,1180.94,1176,1174
1,5,48,ED25519_signed-by_ECDSA-SHA384,ED25519_signed-by_ECDSA-SHA384,9.302,2880.24,1331.32,0.7,0,0,107.2,15,1216.86,1171.37,1176,1173
1,3,48,ED25519_signed-by_ECDSA-SHA384,ED25519_signed-by_ECDSA-SHA384,10.568,2535.17,1185.45,0.9,0,0,123.6,24,1194.43,1160.83,1176,1173
1,8,49,ED25519_signed-by_ECDSA-SHA384,ED25519_signed-by_ECDSA-SHA384,18.575,1442.36,1196.44,1,18,0.947368,110,16,1192.03,1157.85,1176,1173
1,7,46,ED25519_signed-by_ECDSA-SHA384,ED25519_signed-by_ECDSA-SHA384,11.601,2310.11,1057.82,0.888889,0,0,115.333,16,1177.25,1181.04,1176,1174
1,2,43,ED25519_signed-by_ECDSA-SHA384,ED25519_signed-by_ECDSA-SHA384,9.92,2700.79,1237.09,0.888889,0,0,123.333,24,1173.96,1168.11,1176,1173
1,6,52,ED25519_signed-by_ECDSA-SHA384,ED25519_signed-by_ECDSA-SHA384,9.472,2829.12,1295.48,0.444444,0,0,133.111,9,1181.17,1185.07,1176,1174
1,5,49,ED25519_signed-by_ECDSA-SHA384,ED25519_signed-by_ECDSA-SHA384,10.71,2501.58,1145.84,0.555556,0,0,115.333,15,1187.09,1184.95,1176,1173
1,3,49,ED25519_signed-by_ECDSA-SHA384,ED25519_signed-by_ECDSA-SHA384,10.131,2644.3,1211.21,0.333333,0,0,133.111,24,1177.47,1173.24,1176,1173
1,8,50,ED25519_signed-by_ECDSA-SHA384,ED25519_signed-by_ECDSA-SHA384,10.764,2489.03,1733.18,0.1875,9,0.5625,139.5,16,1198.74,1185.05,1176,1173
1,2,44,ED25519_signed-by_ECDSA-SHA384,ED25519_signed-by_ECDSA-SHA384,8.93,2999.93,1402.77,0.3,0,0,114.8,24,1192.46,1167.35,1176,1173
1,7,47,ED25519_signed-by_ECDSA-SHA384,ED25519_signed-by_ECDSA-SHA384,11.334,2364.53,1082.74,1,3,0.333333,115.333,16,1180.98,1170.77,1176,1174
1,1,46,ED25519_signed-by_ECDSA-SHA384,ED25519_signed-by_ECDSA-SHA384,21.092,1270.99,894.358,1,11,0.733333,113.733,24,1184.24,1171.37,1176,1175
1,6,53,ED25519_signed-by_ECDSA-SHA384,ED25519_signed-by_ECDSA-SHA384,11.633,2303.75,1054.91,1,0,0,133.111,9,1183.95,1180.44,1176,1174
1,5,50,ED25519_signed-by_ECDSA-SHA384,ED25519_signed-by_ECDSA-SHA384,10.357,2586.84,1184.9,0.777778,0,0,115.333,15,1201.45,1170.3,1176,1173
1,3,50,ED25519_signed-by_ECDSA-SHA384,ED25519_signed-by_ECDSA-SHA384,10.025,2672.26,1224.02,0.777778,0,0,133.111,24,1188.37,1170.58,1176,1173
1,2,45,ED25519_signed-by_ECDSA-SHA384,ED25519_signed-by_ECDSA-SHA384,10.812,2477.97,1135.03,1,0,0,123.333,24,1177.01,1189.58,1176,1173
1,7,48,ED25519_signed-by_ECDSA-SHA384,ED25519_signed-by_ECDSA-SHA384,10.169,2635.22,1367.17,0.833333,2,0.166667,136,16,1190.66,1167.87,1176,1174
1,1,47,ED25519_signed-by_ECDSA-SHA384,ED25519_signed-by_ECDSA-SHA384,9.925,2700.8,1236.36,1,0,0,115.333,24,1194.61,1169.56,1176,1175
1,6,54,ED25519_signed-by_ECDSA-SHA384,ED25519_signed-by_ECDSA-SHA384,10.115,2649.52,1213.24,1,3,0.333333,133.111,9,1185.25,1177.92,1176,1174
1,7,49,ED25519_signed-by_ECDSA-SHA384,ED25519_signed-by_ECDSA-SHA384,7.127,3759.88,1721.69,1,0,0,115.333,16,1165.81,1203.09,1176,1174
1,8,51,ED25519_signed-by_ECDSA-SHA384,ED25519_signed-by_ECDSA-SHA384,19.571,1368.96,1426.6,1,24,1.14286,128.667,16,1186.9,1163.08,1176,1173
1,2,46,ED25519_signed-by_ECDSA-SHA384,ED25519_signed-by_ECDSA-SHA384,9.669,2770.9,1315.54,1,4,0.363636,101.273,24,1172.28,1192.4,1176,1173
1,5,51,ED25519_signed-by_ECDSA-SHA384,ED25519_signed-by_ECDSA-SHA384,14.637,1830.37,1176.16,1,8,0.571429,105.429,15,1198.86,1184.58,1176,1173
1,3,51,ED25519_signed-by_ECDSA-SHA384,ED25519_signed-by_ECDSA-SHA384,14.619,1832.62,1246.55,1,9,0.75,150.667,24,1203.43,1154.43,1176,1173
1,6,55,ED25519_signed-by_ECDSA-SHA384,ED25519_signed-by_ECDSA-SHA384,10.105,2652.15,1233.45,1,2,0.2,177.2,9,1196.73,1176.32,1176,1174
1,1,48,ED25519_signed-by_ECDSA-SHA384,ED25519_signed-by_ECDSA-SHA384,12.98,2065.28,1678.85,1,16,1.06667,123.333,24,1176.41,1190.21,1176,1175
1,8,52,ED25519_signed-by_ECDSA-SHA384,ED25519_signed-by_ECDSA-SHA384,9.864,2715.88,1098.03,1,0,0,150,16,1169.5,1189.99,1176,1173
1,5,52,ED25519_signed-by_ECDSA-SHA384,ED25519_signed-by_ECDSA-SHA384,7.703,3477.76,1406.06,1,0,0,129.429,15,1199.38,1157.36,1176,1173
1,3,52,ED25519_signed-by_ECDSA-SHA384,ED25519_signed-by_ECDSA-SHA384,7.319,3660.23,1676.56,1,3,0.333333,133.111,24,1191.48,1165.28,1176,1173
1,7,50,ED25519_signed-by_ECDSA-SHA384,ED25519_signed-by_ECDSA-SHA384,14.492,1849.25,1404.33,1,9,0.5625,100,16,1193.94,1162.61,1176,1174
1,6,56,ED25519_signed-by_ECDSA-SHA384,ED25519_signed-by_ECDSA-SHA384,9.976,2686.45,1374.5,1,0,0,171.091,9,1187.14,1171.98,1176,1174
1,8,53,ED25519_signed-by_ECDSA-SHA384,ED25519_signed-by_ECDSA-SHA384,9.286,2884.9,1321.42,0.555556,0,0,192.667,16,1193.79,1184.31,1176,1173
1,1,49,ED25519_signed-by_ECDSA-SHA384,ED25519_signed-by_ECDSA-SHA384,16.162,1658.65,1599.75,0.6,20,1,154.4,24,1165.02,1183.16,1176,1175
1,5,53,ED25519_signed-by_ECDSA-SHA384,ED25519_signed-by_ECDSA-SHA384,12.903,2076.4,1082.53,0.416667,0,0,136,15,1238.69,1172.09,1176,1173
1,3,53,ED25519_signed-by_ECDSA-SHA384,ED25519_signed-by_ECDSA-SHA384,12.757,2100.17,1089.9,0.583333,2,0.166667,160,24,1188.41,1162.71,1176,1173
1,2,47,ED25519_signed-by_ECDSA-SHA384,ED25519_signed-by_ECDSA-SHA384,23.248,1152.44,606.329,1,3,0.230769,135.846,24,1178.25,1185.4,1176,1173
1,7,51,ED25519_signed-by_ECDSA-SHA384,ED25519_signed-by_ECDSA-SHA384,13.855,1934.28,885.728,0.777778,0,0,115.333,16,1185.32,1178.31,1176,1174
1,6,57,ED25519_signed-by_ECDSA-SHA384,ED25519_signed-by_ECDSA-SHA384,13.419,1997.14,914.511,1,0,0,133.111,9,1211.26,1158.36,1176,1174
1,8,54,ED25519_signed-by_ECDSA-SHA384,ED25519_signed-by_ECDSA-SHA384,12.942,2070.15,1087.92,1,0,0,150.308,16,1199.83,1169.27,1176,1173
1,2,48,ED25519_signed-by_ECDSA-SHA384,ED25519_signed-by_ECDSA-SHA384,8.795,3045.96,1395.19,1,3,0.333333,115.333,24,1171.85,1189.69,1176,1173
1,6,58,ED25519_signed-by_ECDSA-SHA384,ED25519_signed-by_ECDSA-SHA384,7.348,3646.82,1669.92,1,0,0,133.111,9,1196.27,1192.3,1176,1174
1,3,54,ED25519_signed-by_ECDSA-SHA384,ED25519_signed-by_ECDSA-SHA384,13.937,1922.28,1239.81,1,7,0.5,119.714,24,1201.84,1211.73,1176,1173
1,1,50,ED25519_signed-by_ECDSA-SHA384,ED25519_signed-by_ECDSA-SHA384,17.351,1544.96,1623.8,1,24,1.09091,110.727,24,1184.08,1162.17,1176,1175
1,5,54,ED25519_signed-by_ECDSA-SHA384,ED25519_signed-by_ECDSA-SHA384,17.775,1507.2,1330.34,1,15,0.882353,105.765,15,1196.98,1166.02,1176,1173
1,8,55,ED25519_signed-by_ECDSA-SHA384,ED25519_signed-by_ECDSA-SHA384,10.182,2631.26,1205.24,1,0,0,133.111,16,1195.15,1177.8,1176,1173
1,7,52,ED25519_signed-by_ECDSA-SHA384,ED25519_signed-by_ECDSA-SHA384,15.335,1747.56,1890.5,1,18,0.947368,119.684,16,1177.23,1157.85,1176,1174
1,6,59,ED25519_signed-by_ECDSA-SHA384,ED25519_signed-by_ECDSA-SHA384,9.888,2710.32,1241.08,0,0,0,133.111,9,1185.78,1172.15,1176,1174
1,2,49,ED25519_signed-by_ECDSA-SHA384,ED25519_signed-by_ECDSA-SHA384,14.958,1791.06,942.323,1,6,0.461538,128.462,24,1185.41,1197.73,1176,1173
1,3,55,ED25519_signed-by_ECDSA-SHA384,ED25519_signed-by_ECDSA-SHA384,11.393,2351.59,1077.14,0.666667,0,0,133.111,24,1205.1,1169.56,1176,1173
1,1,51,ED25519_signed-by_ECDSA-SHA384,ED25519_signed-by_ECDSA-SHA384,9.986,2684.29,1084.61,0.857143,0,0,129.429,24,1168.07,1177.62,1176,1175
1,5,55,ED25519_signed-by_ECDSA-SHA384,ED25519_signed-by_ECDSA-SHA384,9.576,2797.54,1431.77,0.545455,0,0,144.909,15,1191.85,1179.2,1176,1173
1,8,56,ED25519_signed-by_ECDSA-SHA384,ED25519_signed-by_ECDSA-SHA384,10.353,2587.82,1185.34,0.666667,0,0,133.111,16,1188.52,1166.12,1176,1173
1,7,53,ED25519_signed-by_ECDSA-SHA384,ED25519_signed-by_ECDSA-SHA384,10.749,2493.22,1522.72,0.75,2,0.166667,107.333,16,1187.14,1164.54,1176,1174
1,6,60,ED25519_signed-by_ECDSA-SHA384,ED25519_signed-by_ECDSA-SHA384,11.725,2285.67,1570.63,1,14,1.07692,142,9,1215.46,1187.2,1176,1174
1,3,56,ED25519_signed-by_ECDSA-SHA384,ED25519_signed-by_ECDSA-SHA384,12.389,2162.5,1374.08,1,7,0.538462,129.692,24,1246.89,1186.36,1176,1173
1,8,57,ED25519_signed-by_ECDSA-SHA384,ED25519_signed-by_ECDSA-SHA384,9.476,2827.35,1295.06,1,0,0,133.111,16,1212.2,1162.73,1176,1173
1,5,56,ED25519_signed-by_ECDSA-SHA384,ED25519_signed-by_ECDSA-SHA384,12.357,2168.1,993.093,1,0,0,115.333,15,1195.65,1175.12,1176,1173
1,2,50,ED25519_signed-by_ECDSA-SHA384,ED25519_signed-by_ECDSA-SHA384,16.418,1631.8,1437.38,0.857143,17,0.809524,118,24,1172.06,1189.05,1176,1173
1,7,54,ED25519_signed-by_ECDSA-SHA384,ED25519_signed-by_ECDSA-SHA384,11.954,2241.87,1112.24,1,0,0,91.5385,16,1208.71,1168.5,1176,1174
1,6,61,ED25519_signed-by_ECDSA-SHA384,ED25519_signed-by_ECDSA-SHA384,10.339,2592.12,1326.24,1,0,0,171.091,9,1205.66,1189,1176,1174
1,3,57,ED25519_signed-by_ECDSA-SHA384,ED25519_signed-by_ECDSA-SHA384,6.763,3961.17,1842.79,1,4,0.4,123.6,24,1187.53,1176.58,1176,1173
1,8,58,ED25519_signed-by_ECDSA-SHA384,ED25519_signed-by_ECDSA-SHA384,9.819,2728.58,1301.96,1,0,0,115.818,16,1187.35,1211.07,1176,1173
1,2,51,ED25519_signed-by_ECDSA-SHA384,ED25519_signed-by_ECDSA-SHA384,8.803,3043.17,1288.51,1,0,0,109.111,24,1176.28,1194.8,1176,1173
1,5,57,ED25519_signed-by_ECDSA-SHA384,ED25519_signed-by_ECDSA-SHA384,13.755,1947.73,1634.26,1,18,0.9,98,15,1211.14,1171.57,1176,1173
1,1,52,ED25519_signed-by_ECDSA-SHA384,ED25519_signed-by_ECDSA-SHA384,30.165,888.703,639.675,1,10,0.526316,115.053,24,1177.92,1169.66,1176,1175
1,3,58,ED25519_signed-by_ECDSA-SHA384,ED25519_signed-by_ECDSA-SHA384,12.405,2159.7,1136.28,1,5,0.384615,150.615,24,1193.73,1165.86,1176,1173
1,8,59,ED25519_signed-by_ECDSA-SHA384,ED25519_signed-by_ECDSA-SHA384,9.329,2871.9,1342.91,1,0,0,123.6,16,1193.63,1167.48,1176,1173
1,2,52,ED25519_signed-by_ECDSA-SHA384,ED25519_signed-by_ECDSA-SHA384,10.446,2564.76,1312.63,1,0,0,144.909,24,1177.55,1178.15,1176,1173
1,5,58,ED25519_signed-by_ECDSA-SHA384,ED25519_signed-by_ECDSA-SHA384,10.002,2678.58,1415.67,1,5,0.384615,128.462,15,1228.58,1176.25,1176,1173
1,1,53,ED25519_signed-by_ECDSA-SHA384,ED25519_signed-by_ECDSA-SHA384,7.105,3772.63,2564.62,0.916667,12,1,138.667,24,1184.33,1159.46,1176,1175
1,3,59,ED25519_signed-by_ECDSA-SHA384,ED25519_signed-by_ECDSA-SHA384,7.709,3475.41,1591.9,1,2,0.222222,192.667,24,1196.69,1178.14,1176,1173
1,2,53,ED25519_signed-by_ECDSA-SHA384,ED25519_signed-by_ECDSA-SHA384,5.271,5082.21,2327.89,1,0,0,115.333,24,1228.44,1178.36,1176,1173
1,8,60,ED25519_signed-by_ECDSA-SHA384,ED25519_signed-by_ECDSA-SHA384,11.085,2416.86,1558.8,0.714286,7,0.5,112.857,16,1199.76,1175.15,1176,1173
1,6,62,ED25519_signed-by_ECDSA-SHA384,ED25519_signed-by_ECDSA-SHA384,27.381,978.771,1394.82,1,21,0.875,114.667,9,1197.37,1191.23,1176,1174
1,1,54,ED25519_signed-by_ECDSA-SHA384,ED25519_signed-by_ECDSA-SHA384,10.46,2562.83,1329.22,0.75,2,0.166667,148,24,1190.77,1181.6,1176,1175
1,3,60,ED25519_signed-by_ECDSA-SHA384,ED25519_signed-by_ECDSA-SHA384,9.696,2763.14,1904.25,0.4,7,0.466667,154.8,24,1181.62,1163.5,1176,1173
1,2,54,ED25519_signed-by_ECDSA-SHA384,ED25519_signed-by_ECDSA-SHA384,9.752,2747.27,1745.65,0.461538,7,0.538462,110,24,1184.39,1183.81,1176,1173
1,5,59,ED25519_signed-by_ECDSA-SHA384,ED25519_signed-by_ECDSA-SHA384,13.765,1946.29,1024,0.692308,3,0.230769,128.462,15,1193.7,1178.61,1176,1173
1,8,61,ED25519_signed-by_ECDSA-SHA384,ED25519_signed-by_ECDSA-SHA384,9.657,2774.33,1270.77,1,0,0,133.111,16,1194.05,1178.44,1176,1173
1,6,63,ED25519_signed-by_ECDSA-SHA384,ED25519_signed-by_ECDSA-SHA384,10.331,2594.09,1187.86,1,0,0,133.111,9,1183.16,1191.07,1176,1174
1,1,55,ED25519_signed-by_ECDSA-SHA384,ED25519_signed-by_ECDSA-SHA384,9.822,2729.37,1286.9,0.818182,0,0,107.455,24,1174.42,1158.71,1176,1175
1,3,61,ED25519_signed-by_ECDSA-SHA384,ED25519_signed-by_ECDSA-SHA384,10.188,2629.75,1204.55,1,0,0,133.111,24,1190.13,1157.85,1176,1173
1,2,55,ED25519_signed-by_ECDSA-SHA384,ED25519_signed-by_ECDSA-SHA384,10.17,2634.4,1206.68,1,0,0,115.333,24,1185.16,1182.84,1176,1173
1,5,60,ED25519_signed-by_ECDSA-SHA384,ED25519_signed-by_ECDSA-SHA384,9.81,2731.08,1857.69,0.75,9,0.75,129.333,15,1211.54,1167.67,1176,1173
1,8,62,ED25519_signed-by_ECDSA-SHA384,ED25519_signed-by_ECDSA-SHA384,12.537,2136.95,1468.88,0.384615,10,0.769231,142,16,1184.35,1177.07,1176,1173
1,6,64,ED25519_signed-by_ECDSA-SHA384,ED25519_signed-by_ECDSA-SHA384,10.005,2678.61,1226.56,0.444444,0,0,133.111,9,1185.89,1176.88,1176,1174
1,1,56,ED25519_signed-by_ECDSA-SHA384,ED25519_signed-by_ECDSA-SHA384,8.415,3185.37,1458.18,0.444444,0,0,123.333,24,1180.29,1163.44,1176,1175
1,3,62,ED25519_signed-by_ECDSA-SHA384,ED25519_signed-by_ECDSA-SHA384,9.795,2735.24,1279,0.4,0,0,123.6,24,1193.89,1163.9,1176,1173
1,2,56,ED25519_signed-by_ECDSA-SHA384,ED25519_signed-by_ECDSA-SHA384,9.567,2800.44,1132.22,0.571429,0,0,129.429,24,1222.02,1163.77,1176,1173
1,5,61,ED25519_signed-by_ECDSA-SHA384,ED25519_signed-by_ECDSA-SHA384,9.59,2793.72,1279.66,1,0,0,115.333,15,1196.05,1166.24,1176,1173
1,6,65,ED25519_signed-by_ECDSA-SHA384,ED25519_signed-by_ECDSA-SHA384,11.241,2384.12,1091.71,1,0,0,133.111,9,1192.26,1186.95,1176,1174
1,1,57,ED25519_signed-by_ECDSA-SHA384,ED25519_signed-by_ECDSA-SHA384,13.576,1974.62,936.928,1,5,0.454545,107.818,24,1185.02,1171.47,1176,1175
1,8,63,ED25519_signed-by_ECDSA-SHA384,ED25519_signed-by_ECDSA-SHA384,15.466,1732.27,1178.29,1,12,1,150.667,16,1201.5,1165.22,1176,1173
1,2,57,ED25519_signed-by_ECDSA-SHA384,ED25519_signed-by_ECDSA-SHA384,11.684,2293.04,2089.68,1,19,1.05556,115.333,24,1179.93,1178.9,1176,1173
1,3,63,ED25519_signed-by_ECDSA-SHA384,ED25519_signed-by_ECDSA-SHA384,16.092,1664.87,1102.62,1,10,0.714286,129.429,24,1314.77,1164.85,1176,1173
1,5,62,ED25519_signed-by_ECDSA-SHA384,ED25519_signed-by_ECDSA-SHA384,15.075,1777.19,1208.85,1,9,0.75,131.333,15,1205.4,1170.33,1176,1173
1,6,66,ED25519_signed-by_ECDSA-SHA384,ED25519_signed-by_ECDSA-SHA384,11.439,2342.8,1072.79,1,0,0,133.111,9,1202.63,1190,1176,1174
1,8,64,ED25519_signed-by_ECDSA-SHA384,ED25519_signed-by_ECDSA-SHA384,10.309,2598.85,2047.11,0.5625,7,0.4375,190.5,16,1182.61,1191.59,1176,1173
1,1,58,ED25519_signed-by_ECDSA-SHA384,ED25519_signed-by_ECDSA-SHA384,11.544,2322.19,1474.67,1,7,0.538462,151.231,24,1185.19,1180.21,1176,1175
1,2,58,ED25519_signed-by_ECDSA-SHA384,ED25519_signed-by_ECDSA-SHA384,11.211,2389.74,1922.35,0.722222,15,0.833333,157.556,24,1168.1,1184.41,1176,1173
1,3,64,ED25519_signed-by_ECDSA-SHA384,ED25519_signed-by_ECDSA-SHA384,9.061,2956.84,1541.55,0.666667,0,0,115.333,24,1206.2,1178.28,1176,1173
1,5,63,ED25519_signed-by_ECDSA-SHA384,ED25519_signed-by_ECDSA-SHA384,10.361,2585.79,1195.22,1,0,0,107.2,15,1195.13,1209.72,1176,1173
1,6,67,ED25519_signed-by_ECDSA-SHA384,ED25519_signed-by_ECDSA-SHA384,8.672,3090.06,1796.85,1,7,0.636364,135.455,9,1194.53,1188.22,1176,1174
1,2,59,ED25519_signed-by_ECDSA-SHA384,ED25519_signed-by_ECDSA-SHA384,7.19,3725.86,1706.62,1,0,0,115.333,24,1188.28,1192.64,1176,1173
1,1,59,ED25519_signed-by_ECDSA-SHA384,ED25519_signed-by_ECDSA-SHA384,9.44,2839.8,1452.52,0.909091,0,0,146.364,24,1180.8,1176.34,1176,1175
1,8,65,ED25519_signed-by_ECDSA-SHA384,ED25519_signed-by_ECDSA-SHA384,12.406,2159.54,2095.7,0.842105,24,1.26316,136.105,16,1199.42,1159.09,1176,1173
1,5,64,ED25519_signed-by_ECDSA-SHA384,ED25519_signed-by_ECDSA-SHA384,10.16,2637,1281.89,0.3,1,0.1,125.6,15,1198.69,1185.97,1176,1173
1,6,68,ED25519_signed-by_ECDSA-SHA384,ED25519_signed-by_ECDSA-SHA384,9.395,2852.3,1459.36,0.181818,0,0,171.091,9,1188.55,1159.26,1176,1174
1,3,65,ED25519_signed-by_ECDSA-SHA384,ED25519_signed-by_ECDSA-SHA384,16.029,1671.4,1180.81,0.933333,10,0.666667,128.133,24,1194.36,1172.83,1176,1173
1,2,60,ED25519_signed-by_ECDSA-SHA384,ED25519_signed-by_ECDSA-SHA384,11.158,2401.13,1099.83,0.555556,0,0,115.333,24,1170.32,1170.99,1176,1173
1,1,60,ED25519_signed-by_ECDSA-SHA384,ED25519_signed-by_ECDSA-SHA384,11.157,2402.59,1099.84,0.555556,0,0,115.333,24,1191.76,1174.81,1176,1175
1,8,66,ED25519_signed-by_ECDSA-SHA384,ED25519_signed-by_ECDSA-SHA384,10.421,2570.73,1633.48,0.538462,7,0.538462,126,16,1164.8,1182.39,1176,1173
1,5,65,ED25519_signed-by_ECDSA-SHA384,ED25519_signed-by_ECDSA-SHA384,9.154,2926.53,1361.46,1,4,0.4,123.6,15,1198,1181.57,1176,1173
1,6,69,ED25519_signed-by_ECDSA-SHA384,ED25519_signed-by_ECDSA-SHA384,10.858,2468.2,1130.21,1,0,0,133.111,9,1204.45,1196.63,1176,1174
1,2,61,ED25519_signed-by_ECDSA-SHA384,ED25519_signed-by_ECDSA-SHA384,9.478,2826.73,1348.79,1,0,0,101.273,24,1184.48,1184.65,1176,1173
1,1,61,ED25519_signed-by_ECDSA-SHA384,ED25519_signed-by_ECDSA-SHA384,8.473,3163.92,2683.34,1,18,1.38462,151.846,24,1195.44,1158.86,1176,1175
1,8,67,ED25519_signed-by_ECDSA-SHA384,ED25519_signed-by_ECDSA-SHA384,9.587,2794.59,1463.63,1,2,0.166667,112.667,16,1178.55,1162.03,1176,1173
1,3,66,ED25519_signed-by_ECDSA-SHA384,ED25519_signed-by_ECDSA-SHA384,14.674,1825.75,1190.63,1,8,0.533333,113.2,24,1192.29,1184.7,1176,1173
1,6,70,ED25519_signed-by_ECDSA-SHA384,ED25519_signed-by_ECDSA-SHA384,9.669,2771.46,1760.5,0.230769,7,0.538462,120.462,9,1196.94,1191.36,1176,1174
1,5,66,ED25519_signed-by_ECDSA-SHA384,ED25519_signed-by_ECDSA-SHA384,12.784,2095.69,1215.24,0.333333,7,0.466667,140.4,15,1199.01,1162.55,1176,1173
1,2,62,ED25519_signed-by_ECDSA-SHA384,ED25519_signed-by_ECDSA-SHA384,11.539,2321.84,1063.51,0.888889,0,0,115.333,24,1183.9,1182.54,1176,1173
1,1,62,ED25519_signed-by_ECDSA-SHA384,ED25519_signed-by_ECDSA-SHA384,11.43,2345.38,1199.64,1,0,0,146.364,24,1189.84,1157.12,1176,1175
1,8,68,ED25519_signed-by_ECDSA-SHA384,ED25519_signed-by_ECDSA-SHA384,11.867,2257.65,1472.3,0.666667,12,0.8,160.133,16,1216.89,1167.32,1176,1173
1,3,67,ED25519_signed-by_ECDSA-SHA384,ED25519_signed-by_ECDSA-SHA384,11.076,2418.9,1131.08,1,0,0,123.6,24,1193.44,1158.23,1176,1173
1,5,67,ED25519_signed-by_ECDSA-SHA384,ED25519_signed-by_ECDSA-SHA384,10.104,2651.6,1214.56,0.888889,0,0,133.111,15,1192.25,1171.42,1176,1173
1,6,71,ED25519_signed-by_ECDSA-SHA384,ED25519_signed-by_ECDSA-SHA384,12.236,2190.2,1995.37,0.777778,17,0.944444,118.889,9,1207.03,1178,1176,1174
1,2,63,ED25519_signed-by_ECDSA-SHA384,ED25519_signed-by_ECDSA-SHA384,11.153,2402.2,1123.27,1,0,0,107.6,24,1184.49,1187.11,1176,1173
1,1,63,ED25519_signed-by_ECDSA-SHA384,ED25519_signed-by_ECDSA-SHA384,11.099,2415.33,1105.67,0.888889,3,0.333333,115.333,24,1196.26,1153.89,1176,1175
1,8,69,ED25519_signed-by_ECDSA-SHA384,ED25519_signed-by_ECDSA-SHA384,9.33,2871.3,1524.38,0.615385,0,0,95.8462,16,1191.94,1201.78,1176,1173
1,3,68,ED25519_signed-by_ECDSA-SHA384,ED25519_signed-by_ECDSA-SHA384,12.339,2171.27,1036.04,1,0,0,115.818,24,1205.61,1181.72,1176,1173
1,6,72,ED25519_signed-by_ECDSA-SHA384,ED25519_signed-by_ECDSA-SHA384,10.822,2476.4,1284.77,1,2,0.166667,149.333,9,1194.87,1181.87,1176,1174
1,2,64,ED25519_signed-by_ECDSA-SHA384,ED25519_signed-by_ECDSA-SHA384,9.326,2872.78,1315.87,1,0,0,115.333,24,1156.96,1188.01,1176,1173
1,5,68,ED25519_signed-by_ECDSA-SHA384,ED25519_signed-by_ECDSA-SHA384,16.039,1670.34,2010,1,25,1.08696,107.565,15,1215.89,1191.81,1176,1173
1,1,64,ED25519_signed-by_ECDSA-SHA384,ED25519_signed-by_ECDSA-SHA384,13.447,1993.5,1639.54,1,17,0.809524,146.381,24,1185.92,1164.15,1176,1175
1,3,69,ED25519_signed-by_ECDSA-SHA384,ED25519_signed-by_ECDSA-SHA384,11.294,2372.14,1928.03,0.529412,14,0.823529,120.824,24,1202.8,1171.94,1176,1173
1,2,65,ED25519_signed-by_ECDSA-SHA384,ED25519_signed-by_ECDSA-SHA384,8.097,3308.48,1515.44,0.555556,0,0,115.333,24,1177.22,1193.22,1176,1173
1,8,70,ED25519_signed-by_ECDSA-SHA384,ED25519_signed-by_ECDSA-SHA384,17.647,1518.2,1718.12,1,28,1.47368,156.316,16,1178.91,1165.12,1176,1173
1,6,73,ED25519_signed-by_ECDSA-SHA384,ED25519_signed-by_ECDSA-SHA384,12.733,2104.67,1770.44,0.75,7,0.583333,143.333,9,1195.28,1171.2,1176,1174
1,5,69,ED25519_signed-by_ECDSA-SHA384,ED25519_signed-by_ECDSA-SHA384,9.387,2854.13,1481.18,0,2,0.166667,146.667,15,1195.14,1172.39,1176,1173
1,1,65,ED25519_signed-by_ECDSA-SHA384,ED25519_signed-by_ECDSA-SHA384,9.23,2904.42,1329.57,0.222222,3,0.333333,115.333,24,1179.49,1164.3,1176,1175
1,3,70,ED25519_signed-by_ECDSA-SHA384,ED25519_signed-by_ECDSA-SHA384,8.527,3141.67,1439.03,0.444444,3,0.333333,133.111,24,1194.07,1175.18,1176,1173
1,8,71,ED25519_signed-by_ECDSA-SHA384,ED25519_signed-by_ECDSA-SHA384,7.157,3743.09,1750.28,0.4,0,0,107.6,16,1180.48,1196.36,1176,1173
1,2,66,ED25519_signed-by_ECDSA-SHA384,ED25519_signed-by_ECDSA-SHA384,9.742,2750.14,1259.69,0.444444,0,0,115.333,24,1184,1177.94,1176,1173
1,6,74,ED25519_signed-by_ECDSA-SHA384,ED25519_signed-by_ECDSA-SHA384,7.597,3527.37,2310.17,0.307692,2,0.153846,162.923,9,1187.92,1196.44,1176,1174
1,5,70,ED25519_signed-by_ECDSA-SHA384,ED25519_signed-by_ECDSA-SHA384,8.954,2991.88,1370.42,0.444444,0,0,123.333,15,1199.06,1169.62,1176,1173
1,1,66,ED25519_signed-by_ECDSA-SHA384,ED25519_signed-by_ECDSA-SHA384,11.742,2283.07,1184.12,0.166667,2,0.166667,137.333,24,1190.32,1181.21,1176,1175
1,2,67,ED25519_signed-by_ECDSA-SHA384,ED25519_signed-by_ECDSA-SHA384,8.099,3307.77,1515.12,0,0,0,115.333,24,1182.08,1158.77,1176,1173
1,3,71,ED25519_signed-by_ECDSA-SHA384,ED25519_signed-by_ECDSA-SHA384,11.681,2293.62,1190.3,0.333333,2,0.166667,160,24,1198.23,1173.88,1176,1173
1,8,72,ED25519_signed-by_ECDSA-SHA384,ED25519_signed-by_ECDSA-SHA384,11.51,2327.7,1088.44,0.4,0,0,107.6,16,1190.18,1184.78,1176,1173
1,6,75,ED25519_signed-by_ECDSA-SHA384,ED25519_signed-by_ECDSA-SHA384,10.818,2477.35,1134.41,0.666667,3,0.333333,133.111,9,1209.63,1173.23,1176,1174
1,5,71,ED25519_signed-by_ECDSA-SHA384,ED25519_signed-by_ECDSA-SHA384,12.158,2203.63,1009.37,0.666667,0,0,120.667,15,1201.72,1177.02,1176,1173
1,1,67,ED25519_signed-by_ECDSA-SHA384,ED25519_signed-by_ECDSA-SHA384,10.477,2558.72,1195.75,1,0,0,107.6,24,1184.13,1184.43,1176,1175
1,3,72,ED25519_signed-by_ECDSA-SHA384,ED25519_signed-by_ECDSA-SHA384,8.977,2984.2,1206.51,0.857143,0,0,150,24,1197.34,1155.81,1176,1173
1,8,73,ED25519_signed-by_ECDSA-SHA384,ED25519_signed-by_ECDSA-SHA384,8.794,3046.31,1231.62,0.857143,0,0,129.429,16,1179.62,1173.39,1176,1173
1,2,68,ED25519_signed-by_ECDSA-SHA384,ED25519_signed-by_ECDSA-SHA384,12.809,2091.6,1442.7,0.769231,9,0.692308,122.308,24,1175.7,1180.16,1176,1173
1,6,76,ED25519_signed-by_ECDSA-SHA384,ED25519_signed-by_ECDSA-SHA384,10.94,2449.7,1270.92,0.333333,2,0.166667,160,9,1261.12,1194.11,1176,1174
1,5,72,ED25519_signed-by_ECDSA-SHA384,ED25519_signed-by_ECDSA-SHA384,10.581,2532.05,1722.31,0.333333,9,0.75,138.667,15,1204.58,1178.71,1176,1173
1,3,73,ED25519_signed-by_ECDSA-SHA384,ED25519_signed-by_ECDSA-SHA384,7.99,3352.89,1715.99,0,0,0,171.091,24,1196.04,1272.62,1176,1173
1,1,68,ED25519_signed-by_ECDSA-SHA384,ED25519_signed-by_ECDSA-SHA384,9.127,2936.95,1344.46,0,0,0,115.333,24,1172.03,1154.16,1176,1175
1,8,74,ED25519_signed-by_ECDSA-SHA384,ED25519_signed-by_ECDSA-SHA384,9.336,2869.47,1468.58,0,0,0,144.909,16,1231.11,1184.44,1176,1173
1,2,69,ED25519_signed-by_ECDSA-SHA384,ED25519_signed-by_ECDSA-SHA384,9.073,2952.64,1352.45,0.222222,3,0.333333,115.333,24,1185.47,1172.09,1176,1173
1,6,77,ED25519_signed-by_ECDSA-SHA384,ED25519_signed-by_ECDSA-SHA384,8.956,2992.1,1370.11,1,0,0,152.667,9,1193.09,1180.34,1176,1174
1,5,73,ED25519_signed-by_ECDSA-SHA384,ED25519_signed-by_ECDSA-SHA384,8.113,3302,1512.47,1,0,0,123.333,15,1203.13,1182.03,1176,1173
1,3,74,ED25519_signed-by_ECDSA-SHA384,ED25519_signed-by_ECDSA-SHA384,8.22,3258.99,1492.77,1,0,0,122.444,24,1196.88,1176.85,1176,1173
1,1,69,ED25519_signed-by_ECDSA-SHA384,ED25519_signed-by_ECDSA-SHA384,10.118,2649.47,1682.51,1,7,0.538462,110.615,24,1198.37,1164.88,1176,1175
1,8,75,ED25519_signed-by_ECDSA-SHA384,ED25519_signed-by_ECDSA-SHA384,10.996,2436.43,1663.09,1,2,0.166667,112,16,1190.22,1183.12,1176,1173
1,6,78,ED25519_signed-by_ECDSA-SHA384,ED25519_signed-by_ECDSA-SHA384,8.981,2984.02,1206.08,1,0,0,151.714,9,1186.84,1154.75,1176,1174
1,5,74,ED25519_signed-by_ECDSA-SHA384,ED25519_signed-by_ECDSA-SHA384,7.884,3397.85,1556.37,1,3,0.333333,133.111,15,1208.22,1184.55,1176,1173
1,2,70,ED25519_signed-by_ECDSA-SHA384,ED25519_signed-by_ECDSA-SHA384,12.188,2198.14,2353.7,1,28,1.27273,180.182,24,1188.18,1167.35,1176,1173
1,1,70,ED25519_signed-by_ECDSA-SHA384,ED25519_signed-by_ECDSA-SHA384,9.54,2809.99,1921.96,1,9,0.692308,122,24,1181.98,1194.36,1176,1175
1,2,71,ED25519_signed-by_ECDSA-SHA384,ED25519_signed-by_ECDSA-SHA384,5.389,4970.93,2276.92,0.555556,0,0,119.778,24,1179.14,1176.15,1176,1173
1,3,75,ED25519_signed-by_ECDSA-SHA384,ED25519_signed-by_ECDSA-SHA384,13.397,1999.75,1517.87,1,14,0.933333,125.467,24,1210.55,1169.87,1176,1173
1,6,79,ED25519_signed-by_ECDSA-SHA384,ED25519_signed-by_ECDSA-SHA384,9.509,2818.32,2199.13,0.631579,10,0.526316,138.421,9,1202.59,1185.64,1176,1174
1,8,76,ED25519_signed-by_ECDSA-SHA384,ED25519_signed-by_ECDSA-SHA384,11.72,2285.93,1346.03,1,8,0.666667,111.333,16,1191.17,1396.35,1176,1173
1,1,71,ED25519_signed-by_ECDSA-SHA384,ED25519_signed-by_ECDSA-SHA384,7.116,3766.85,1724.37,0.555556,0,0,115.333,24,1178.99,1156.8,1176,1175
1,2,72,ED25519_signed-by_ECDSA-SHA384,ED25519_signed-by_ECDSA-SHA384,8.985,2981.83,1894.69,0.769231,7,0.538462,110,24,1173.03,1183.33,1176,1173
1,3,76,ED25519_signed-by_ECDSA-SHA384,ED25519_signed-by_ECDSA-SHA384,9.79,2736.62,1593.44,0.533333,5,0.333333,140.4,24,1203.71,1211.89,1176,1173
1,5,75,ED25519_signed-by_ECDSA-SHA384,ED25519_signed-by_ECDSA-SHA384,17.389,1540.73,1094.94,1,11,0.611111,128.222,15,1205.61,1180.32,1176,1173
1,6,80,ED25519_signed-by_ECDSA-SHA384,ED25519_signed-by_ECDSA-SHA384,9.206,2911.12,1333.03,1,3,0.333333,133.111,9,1199.98,1161.5,1176,1174
1,8,77,ED25519_signed-by_ECDSA-SHA384,ED25519_signed-by_ECDSA-SHA384,11.598,2309.98,1608.5,1,8,0.5,127.5,16,1195.41,1176,1176,1173
1,3,77,ED25519_signed-by_ECDSA-SHA384,ED25519_signed-by_ECDSA-SHA384,10.265,2610,1105.1,1,0,0,125.111,24,1180.25,1171.69,1176,1173
1,6,81,ED25519_signed-by_ECDSA-SHA384,ED25519_signed-by_ECDSA-SHA384,11.013,2433.44,1285.73,0.923077,5,0.384615,150.615,9,1196.52,1184.05,1176,1174
1,2,73,ED25519_signed-by_ECDSA-SHA384,ED25519_signed-by_ECDSA-SHA384,14.873,1801.31,1255.38,1,13,0.928571,116.286,24,1184.34,1180.04,1176,1173
1,5,76,ED25519_signed-by_ECDSA-SHA384,ED25519_signed-by_ECDSA-SHA384,13.256,2021.06,1892.52,0.842105,21,1.10526,122.211,15,1207.42,1173.82,1176,1173
1,1,72,ED25519_signed-by_ECDSA-SHA384,ED25519_signed-by_ECDSA-SHA384,23.11,1160,1073.8,1,24,1.33333,126.444,24,1189.97,1170.64,1176,1175
1,4,0,ED25519_signed-by_ECDSA-SHA384,ED25519_signed-by_ECDSA-SHA384,1021.12,26.2457,8.2106,1,0,0,166,24,1204.45,1222,1176,1174
1,8,78,ED25519_signed-by_ECDSA-SHA384,ED25519_signed-by_ECDSA-SHA384,19.959,1342.3,852.916,1,10,0.769231,110,16,1186.72,1187.18,1176,1173
1,3,78,ED25519_signed-by_ECDSA-SHA384,ED25519_signed-by_ECDSA-SHA384,17.405,1539.29,1075.52,1,10,0.625,114,24,1198.31,1170.08,1176,1173
1,5,77,ED25519_signed-by_ECDSA-SHA384,ED25519_signed-by_ECDSA-SHA384,14.597,1835.43,952.515,1,5,0.416667,160,15,1197.08,1156.83,1176,1173
1,6,82,ED25519_signed-by_ECDSA-SHA384,ED25519_signed-by_ECDSA-SHA384,19.039,1407.59,768.083,1,3,0.230769,152.154,9,1234.89,1180.86,1176,1174
1,1,73,ED25519_signed-by_ECDSA-SHA384,ED25519_signed-by_ECDSA-SHA384,17.909,1496.86,779.922,1,0,0,137.333,24,1220.88,1182.15,1176,1175
1,4,1,ED25519_signed-by_ECDSA-SHA384,ED25519_signed-by_ECDSA-SHA384,15.261,1756.08,804.127,1,0,0,135.778,24,1190.01,1166.79,1176,1174
1,2,74,ED25519_signed-by_ECDSA-SHA384,ED25519_signed-by_ECDSA-SHA384,27.472,975.241,729.756,1,16,1,177,24,1184.27,1176.69,1176,1173
1,8,79,ED25519_signed-by_ECDSA-SHA384,ED25519_signed-by_ECDSA-SHA384,16.788,1595.87,1677.35,0.916667,26,1.08333,129,16,1178.31,1166.96,1176,1173
1,3,79,ED25519_signed-by_ECDSA-SHA384,ED25519_signed-by_ECDSA-SHA384,15.262,1755.45,957.134,1,6,0.4,131.333,24,1191.79,1183.13,1176,1173
1,5,78,ED25519_signed-by_ECDSA-SHA384,ED25519_signed-by_ECDSA-SHA384,14.814,1808.53,925.598,1,3,0.272727,165.273,15,1199.82,1171.52,1176,1173
1,6,83,ED25519_signed-by_ECDSA-SHA384,ED25519_signed-by_ECDSA-SHA384,13.183,2032.92,1074.11,1,5,0.384615,109.385,9,1203.98,1193.57,1176,1174
1,4,2,ED25519_signed-by_ECDSA-SHA384,ED25519_signed-by_ECDSA-SHA384,14.726,1819.88,850.726,1,0,0,127.2,24,1201.45,1176.85,1176,1174
1,6,84,ED25519_signed-by_ECDSA-SHA384,ED25519_signed-by_ECDSA-SHA384,10.128,2645.9,1307.94,0.636364,1,0.0909091,113.273,9,1179.13,1169.62,1176,1174
1,5,79,ED25519_signed-by_ECDSA-SHA384,ED25519_signed-by_ECDSA-SHA384,12.33,2172.89,1127.65,1,2,0.166667,136,15,1220.25,1181.76,1176,1173
1,3,80,ED25519_signed-by_ECDSA-SHA384,ED25519_signed-by_ECDSA-SHA384,13.302,2014.11,1045.24,1,5,0.416667,136,24,1209.82,1248.24,1176,1173
1,2,75,ED25519_signed-by_ECDSA-SHA384,ED25519_signed-by_ECDSA-SHA384,16.342,1639.41,1303.11,1,17,1,158.941,24,1179.75,1189.01,1176,1173
1,5,80,ED25519_signed-by_ECDSA-SHA384,ED25519_signed-by_ECDSA-SHA384,4.676,5729.04,2624.17,0.777778,1,0.111111,115.333,15,1204.2,1187.25,1176,1173
1,6,85,ED25519_signed-by_ECDSA-SHA384,ED25519_signed-by_ECDSA-SHA384,6.535,4100.55,2759,0.818182,2,0.181818,137.636,9,1199.72,1181.33,1176,1174
1,4,3,ED25519_signed-by_ECDSA-SHA384,ED25519_signed-by_ECDSA-SHA384,9.503,2819.88,1291.25,1,0,0,135.778,24,1195.76,1172.38,1176,1174
1,8,80,ED25519_signed-by_ECDSA-SHA384,ED25519_signed-by_ECDSA-SHA384,22.287,1202.13,1393.46,1,30,1.15385,163.846,16,1203.65,1174.54,1176,1173
1,5,81,ED25519_signed-by_ECDSA-SHA384,ED25519_signed-by_ECDSA-SHA384,8.462,3165.88,2323.6,1,11,0.785714,151.714,15,1200.5,1180.03,1176,1173
1,6,86,ED25519_signed-by_ECDSA-SHA384,ED25519_signed-by_ECDSA-SHA384,8.546,3135.69,1435.87,1,3,0.333333,133.111,10,1195.94,1164.97,1176,1174
1,2,76,ED25519_signed-by_ECDSA-SHA384,ED25519_signed-by_ECDSA-SHA384,16.321,1641.51,1320.46,0.833333,15,0.833333,157.556,24,1167.38,1169.71,1176,1173
1,1,74,ED25519_signed-by_ECDSA-SHA384,ED25519_signed-by_ECDSA-SHA384,36.928,725.947,761.259,1,25,1.13636,110.727,24,1185.82,1153.32,1176,1175
1,4,4,ED25519_signed-by_ECDSA-SHA384,ED25519_signed-by_ECDSA-SHA384,13.042,2054.84,1416.92,1,12,0.923077,143.846,24,1191.74,1170.34,1176,1174
1,8,81,ED25519_signed-by_ECDSA-SHA384,ED25519_signed-by_ECDSA-SHA384,13.76,1947.02,1442.97,1,15,1,166,16,1203.08,1190.8,1176,1173
1,6,87,ED25519_signed-by_ECDSA-SHA384,ED25519_signed-by_ECDSA-SHA384,9.956,2691.8,1396.52,0.916667,2,0.166667,160,10,1218.9,1194.14,1176,1174
1,5,82,ED25519_signed-by_ECDSA-SHA384,ED25519_signed-by_ECDSA-SHA384,11.321,2366.51,1083.98,1,3,0.333333,115.333,15,1204,1174.77,1176,1173
1,2,77,ED25519_signed-by_ECDSA-SHA384,ED25519_signed-by_ECDSA-SHA384,7.555,3545.82,1433.58,1,0,0,129.429,24,1219.2,1178.05,1176,1173
1,8,82,ED25519_signed-by_ECDSA-SHA384,ED25519_signed-by_ECDSA-SHA384,7.151,3746.17,2709.23,1,10,0.588235,142.235,16,1190.91,1174.59,1176,1173
1,6,88,ED25519_signed-by_ECDSA-SHA384,ED25519_signed-by_ECDSA-SHA384,7.033,3810.12,3382.47,1,8,0.615385,156.462,10,1193.51,1180.15,1176,1174
1,1,75,ED25519_signed-by_ECDSA-SHA384,ED25519_signed-by_ECDSA-SHA384,15.224,1760.8,1454.46,1,14,0.736842,102.211,24,1192.47,1168.3,1176,1175
1,3,81,ED25519_signed-by_ECDSA-SHA384,ED25519_signed-by_ECDSA-SHA384,33.793,792.81,985.272,1,35,1.16667,128.4,24,1212.75,1166.69,1176,1173
1,8,83,ED25519_signed-by_ECDSA-SHA384,ED25519_signed-by_ECDSA-SHA384,6.827,3923.98,1907.51,0.8,4,0.4,125.6,16,1191.35,1191.84,1176,1173
1,6,89,ED25519_signed-by_ECDSA-SHA384,ED25519_signed-by_ECDSA-SHA384,9.778,2740.79,1421.94,0.916667,5,0.416667,160,10,1204.29,1181.81,1176,1174
1,4,5,ED25519_signed-by_ECDSA-SHA384,ED25519_signed-by_ECDSA-SHA384,21.518,1245.43,960.655,1,16,0.761905,146.571,24,1184.89,1207.48,1176,1174
1,2,78,ED25519_signed-by_ECDSA-SHA384,ED25519_signed-by_ECDSA-SHA384,17.992,1489.08,1381.92,1,17,0.85,107.6,24,1172.71,1188.4,1176,1173
1,1,76,ED25519_signed-by_ECDSA-SHA384,ED25519_signed-by_ECDSA-SHA384,14.047,1908.34,910.033,1,0,0,101.273,24,1187.16,1173.73,1176,1175
1,8,84,ED25519_signed-by_ECDSA-SHA384,ED25519_signed-by_ECDSA-SHA384,11.93,2245.65,1165.41,1,2,0.166667,160,16,1174.2,1163.72,1176,1173
1,5,83,ED25519_signed-by_ECDSA-SHA384,ED25519_signed-by_ECDSA-SHA384,24.637,1087.47,965.701,1,18,0.818182,128.182,15,1204.12,1184.67,1176,1173
1,3,82,ED25519_signed-by_ECDSA-SHA384,ED25519_signed-by_ECDSA-SHA384,16.645,1609.61,1120.82,1,9,0.5625,130,24,1206.05,1169.44,1176,1173
1,6,90,ED25519_signed-by_ECDSA-SHA384,ED25519_signed-by_ECDSA-SHA384,13.348,2007.72,1595.39,0.823529,12,0.705882,181.529,10,1199.23,1204.08,1176,1174
1,2,79,ED25519_signed-by_ECDSA-SHA384,ED25519_signed-by_ECDSA-SHA384,13.131,2040.32,954.057,0.2,0,0,107.6,24,1181.46,1172.31,1176,1173
1,4,6,ED25519_signed-by_ECDSA-SHA384,ED25519_signed-by_ECDSA-SHA384,15.005,1786,1214.48,1,9,0.75,213.333,24,1192.71,1154.97,1176,1174
1,1,77,ED25519_signed-by_ECDSA-SHA384,ED25519_signed-by_ECDSA-SHA384,11.557,2319.61,1084.01,0.6,0,0,107.6,24,1191.97,1155.13,1176,1175
1,8,85,ED25519_signed-by_ECDSA-SHA384,ED25519_signed-by_ECDSA-SHA384,11.537,2322.24,1063.7,0.666667,0,0,122.444,16,1196.8,1162.19,1176,1173
1,5,84,ED25519_signed-by_ECDSA-SHA384,ED25519_signed-by_ECDSA-SHA384,11.985,2235.42,1023.93,1,0,0,123.333,15,1204.15,1169.79,1176,1173
1,3,83,ED25519_signed-by_ECDSA-SHA384,ED25519_signed-by_ECDSA-SHA384,11.842,2262.42,1036.29,1,0,0,123.333,24,1185.95,1214.03,1176,1173
1,6,91,ED25519_signed-by_ECDSA-SHA384,ED25519_signed-by_ECDSA-SHA384,12.331,2173.31,1132.72,0.833333,0,0,160,10,1207.74,1167.21,1176,1174
1,2,80,ED25519_signed-by_ECDSA-SHA384,ED25519_signed-by_ECDSA-SHA384,12.279,2181.87,1484.11,0.833333,9,0.75,129.333,24,1189.47,1177.1,1176,1173
1,4,7,ED25519_signed-by_ECDSA-SHA384,ED25519_signed-by_ECDSA-SHA384,12.488,2145.99,1003.17,0.6,0,0,123.6,24,1186.53,1172.61,1176,1174
1,1,78,ED25519_signed-by_ECDSA-SHA384,ED25519_signed-by_ECDSA-SHA384,11.584,2314.17,1059.37,0.666667,0,0,118.889,24,1181.1,1159.94,1176,1175
1,8,86,ED25519_signed-by_ECDSA-SHA384,ED25519_signed-by_ECDSA-SHA384,11.646,2300.48,1564.79,0.5,9,0.75,129.333,16,1192.53,1185.87,1176,1173
1,5,85,ED25519_signed-by_ECDSA-SHA384,ED25519_signed-by_ECDSA-SHA384,11.875,2256.12,1033.41,0.222222,0,0,123.333,15,1202.29,1186.04,1176,1173
1,3,84,ED25519_signed-by_ECDSA-SHA384,ED25519_signed-by_ECDSA-SHA384,11.318,2367.17,1228.47,0.333333,5,0.416667,146.667,24,1202.89,1178.12,1176,1173
1,2,81,ED25519_signed-by_ECDSA-SHA384,ED25519_signed-by_ECDSA-SHA384,10.213,2623.27,1251.71,0.636364,0,0,101.273,24,1176.76,1191.14,1176,1173
1,4,8,ED25519_signed-by_ECDSA-SHA384,ED25519_signed-by_ECDSA-SHA384,10.248,2615.09,1197.48,0.777778,0,0,133.111,24,1202.03,1218.9,1176,1174
1,1,79,ED25519_signed-by_ECDSA-SHA384,ED25519_signed-by_ECDSA-SHA384,10.071,2661.85,1237.59,1,4,0.4,114.8,24,1195.15,1183.68,1176,1175
1,8,87,ED25519_signed-by_ECDSA-SHA384,ED25519_signed-by_ECDSA-SHA384,10.506,2550.09,1168.06,1,0,0,115.333,16,1198.87,1184.39,1176,1173
1,6,92,ED25519_signed-by_ECDSA-SHA384,ED25519_signed-by_ECDSA-SHA384,16.114,1663.07,978.979,1,8,0.666667,163.333,10,1187.65,1164.73,1176,1174
1,5,86,ED25519_signed-by_ECDSA-SHA384,ED25519_signed-by_ECDSA-SHA384,10.006,2677.54,1082.53,1,0,0,138.571,15,1208.09,1160.2,1176,1173
1,3,85,ED25519_signed-by_ECDSA-SHA384,ED25519_signed-by_ECDSA-SHA384,9.465,2830.59,1646.46,1,7,0.636364,126,24,1195.9,1173.28,1176,1173
1,2,82,ED25519_signed-by_ECDSA-SHA384,ED25519_signed-by_ECDSA-SHA384,12.005,2231.65,1052.85,1,3,0.272727,100.909,24,1194.56,1188.16,1176,1173
1,5,87,ED25519_signed-by_ECDSA-SHA384,ED25519_signed-by_ECDSA-SHA384,8.81,3041.04,1392.94,1,0,0,175.778,15,1197.21,1188.24,1176,1173
1,6,93,ED25519_signed-by_ECDSA-SHA384,ED25519_signed-by_ECDSA-SHA384,9.713,2759.13,1411.69,1,0,0,156.545,10,1195.07,1161.93,1176,1174
1,8,88,ED25519_signed-by_ECDSA-SHA384,ED25519_signed-by_ECDSA-SHA384,11.045,2425.65,1564.47,1,10,0.714286,104.857,16,1205.91,1180.51,1176,1173
1,4,9,ED25519_signed-by_ECDSA-SHA384,ED25519_signed-by_ECDSA-SHA384,19.104,1402.84,1464.81,1,23,1.09524,151.905,24,1197.83,1169.32,1176,1174
1,1,80,ED25519_signed-by_ECDSA-SHA384,ED25519_signed-by_ECDSA-SHA384,18.957,1414.14,1394.31,1,24,1.04348,141.652,24,1179.1,1166.76,1176,1175
1,3,86,ED25519_signed-by_ECDSA-SHA384,ED25519_signed-by_ECDSA-SHA384,18.342,1460.69,1020.61,1,7,0.4375,106.5,24,1211.94,1160.99,1176,1173
1,6,94,ED25519_signed-by_ECDSA-SHA384,ED25519_signed-by_ECDSA-SHA384,14.007,1913.26,1166.23,1,8,0.666667,120.333,10,1192.89,1183.89,1176,1174
1,8,89,ED25519_signed-by_ECDSA-SHA384,ED25519_signed-by_ECDSA-SHA384,13.607,1968.92,1021.79,1,2,0.166667,136,17,1187.38,1166.03,1176,1173
1,2,83,ED25519_signed-by_ECDSA-SHA384,ED25519_signed-by_ECDSA-SHA384,16.897,1585.54,1541.51,1,22,1.04762,151.905,24,1179.56,1205.94,1176,1173
1,5,88,ED25519_signed-by_ECDSA-SHA384,ED25519_signed-by_ECDSA-SHA384,17.551,1526.46,1634.48,1,30,1.36364,191.818,15,1200.78,1172.87,1176,1173
1,4,10,ED25519_signed-by_ECDSA-SHA384,ED25519_signed-by_ECDSA-SHA384,10.876,2464.11,1151.88,1,0,0,123.6,24,1210.3,1158.66,1176,1174
1,1,81,ED25519_signed-by_ECDSA-SHA384,ED25519_signed-by_ECDSA-SHA384,12.749,2102.72,962.572,1,0,0,123.333,24,1186.57,1175.33,1176,1175
1,3,87,ED25519_signed-by_ECDSA-SHA384,ED25519_signed-by_ECDSA-SHA384,11.706,2288.73,1070.22,1,0,0,114.8,24,1203.13,1169.78,1176,1173
1,6,95,ED25519_signed-by_ECDSA-SHA384,ED25519_signed-by_ECDSA-SHA384,9.882,2711.77,1387.46,1,0,0,113.636,10,1198.35,1175.58,1176,1174
1,8,90,ED25519_signed-by_ECDSA-SHA384,ED25519_signed-by_ECDSA-SHA384,12.841,2086.4,964.391,1,0,0,107.2,17,1197.64,1196.74,1176,1173
1,3,88,ED25519_signed-by_ECDSA-SHA384,ED25519_signed-by_ECDSA-SHA384,9.023,2969.27,1360.06,1,0,0,170.444,24,1197.54,1159.37,1176,1173
1,4,11,ED25519_signed-by_ECDSA-SHA384,ED25519_signed-by_ECDSA-SHA384,16.986,1577.7,1438.29,1,18,1.125,204,24,1187.04,1160.3,1176,1174
1,1,82,ED25519_signed-by_ECDSA-SHA384,ED25519_signed-by_ECDSA-SHA384,14.966,1791.17,1785.29,1,22,1,146,24,1177.68,1167.51,1176,1175
1,2,84,ED25519_signed-by_ECDSA-SHA384,ED25519_signed-by_ECDSA-SHA384,20.591,1301.14,1192.74,1,23,1.35294,365.529,24,1178.82,1181.33,1176,1173
1,6,96,ED25519_signed-by_ECDSA-SHA384,ED25519_signed-by_ECDSA-SHA384,13.846,1935.49,1971.31,1,18,1.125,144,10,1206.03,1182.3,1176,1174
1,8,91,ED25519_signed-by_ECDSA-SHA384,ED25519_signed-by_ECDSA-SHA384,12.739,2103.07,972.098,1,0,0,150.4,17,1194.35,1173.05,1176,1173
1,3,89,ED25519_signed-by_ECDSA-SHA384,ED25519_signed-by_ECDSA-SHA384,12.511,2141.4,980.863,1,3,0.333333,123.333,24,1200.49,1169.6,1176,1173
1,5,89,ED25519_signed-by_ECDSA-SHA384,ED25519_signed-by_ECDSA-SHA384,27.505,974.044,804.481,1,18,0.857143,142.381,15,1210.37,1194.69,1176,1173
1,4,12,ED25519_signed-by_ECDSA-SHA384,ED25519_signed-by_ECDSA-SHA384,13.293,2016.02,942.414,1,0,0,118.8,24,1193.54,1160.93,1176,1174
1,6,97,ED25519_signed-by_ECDSA-SHA384,ED25519_signed-by_ECDSA-SHA384,11.549,2320.47,1203.88,1,5,0.416667,115.333,10,1189.78,1179.14,1176,1174
1,8,92,ED25519_signed-by_ECDSA-SHA384,ED25519_signed-by_ECDSA-SHA384,10.909,2455.9,1124.92,1,0,0,115.333,17,1202.47,1198.89,1176,1173
1,2,85,ED25519_signed-by_ECDSA-SHA384,ED25519_signed-by_ECDSA-SHA384,15.915,1683.36,2120.16,0.892857,36,1.28571,158.143,24,1348.25,1209.06,1176,1173
1,1,83,ED25519_signed-by_ECDSA-SHA384,ED25519_signed-by_ECDSA-SHA384,17.453,1536.01,1066.18,1,11,0.785714,128.286,24,1227.88,1158.59,1176,1175
1,5,90,ED25519_signed-by_ECDSA-SHA384,ED25519_signed-by_ECDSA-SHA384,10.282,2605.65,1705.46,1,2,0.181818,118.727,15,1230.11,1173.61,1176,1173
1,3,90,ED25519_signed-by_ECDSA-SHA384,ED25519_signed-by_ECDSA-SHA384,13.904,1926.84,1013.76,1,3,0.230769,138.308,24,1186.16,1165.82,1176,1173
1,6,98,ED25519_signed-by_ECDSA-SHA384,ED25519_signed-by_ECDSA-SHA384,8.996,2979.07,1376.6,1,0,0,174.4,10,1191.79,1184.41,1176,1174
1,4,13,ED25519_signed-by_ECDSA-SHA384,ED25519_signed-by_ECDSA-SHA384,11.24,2384.25,1537.31,1,7,0.5,119.714,24,1204.22,1165.32,1176,1174
1,8,93,ED25519_signed-by_ECDSA-SHA384,ED25519_signed-by_ECDSA-SHA384,11.166,2399.33,1099.01,1,0,0,115.333,17,1197.99,1176.96,1176,1173
1,1,84,ED25519_signed-by_ECDSA-SHA384,ED25519_signed-by_ECDSA-SHA384,12.786,2096.55,1331.38,1,7,0.538462,117.385,24,1183.88,1165.2,1176,1175
1,5,91,ED25519_signed-by_ECDSA-SHA384,ED25519_signed-by_ECDSA-SHA384,11.261,2379.08,961.862,1,0,0,138.571,15,1200.22,1168.55,1176,1173
1,6,99,ED25519_signed-by_ECDSA-SHA384,ED25519_signed-by_ECDSA-SHA384,11.133,2407.25,1248.89,0.583333,4,0.333333,163,10,1162.94,1171.87,1176,1174
1,3,91,ED25519_signed-by_ECDSA-SHA384,ED25519_signed-by_ECDSA-SHA384,14.276,1876.65,885.373,1,3,0.272727,107.455,24,1201.23,1163.18,1176,1173
1,2,86,ED25519_signed-by_ECDSA-SHA384,ED25519_signed-by_ECDSA-SHA384,19.529,1371.9,1100.31,1,19,1.05556,157.556,24,1184.61,1174.07,1176,1173
1,4,14,ED25519_signed-by_ECDSA-SHA384,ED25519_signed-by_ECDSA-SHA384,13.783,1944.38,908.924,1,3,0.3,123.6,24,1229.29,1200.89,1176,1174
1,5,92,ED25519_signed-by_ECDSA-SHA384,ED25519_signed-by_ECDSA-SHA384,10.797,2481.43,1649.35,1,2,0.142857,141.429,15,1198.9,1195.06,1176,1173
1,1,85,ED25519_signed-by_ECDSA-SHA384,ED25519_signed-by_ECDSA-SHA384,12.993,2063.22,944.488,1,0,0,122,24,1189.15,1178.91,1176,1175
1,3,92,ED25519_signed-by_ECDSA-SHA384,ED25519_signed-by_ECDSA-SHA384,8.761,3058.01,1422.63,1,2,0.2,162,24,1185.37,1179.33,1176,1173
1,8,94,ED25519_signed-by_ECDSA-SHA384,ED25519_signed-by_ECDSA-SHA384,19.424,1379.32,1437.39,1,24,1.14286,114.19,17,1202.27,1162.78,1176,1173
1,5,93,ED25519_signed-by_ECDSA-SHA384,ED25519_signed-by_ECDSA-SHA384,9.756,2746.11,1284.09,1,0,0,114.8,15,1200.87,1189.63,1176,1173
1,1,86,ED25519_signed-by_ECDSA-SHA384,ED25519_signed-by_ECDSA-SHA384,9.286,2886.85,1166.46,1,0,0,135.143,24,1182.58,1167.19,1176,1175
1,4,15,ED25519_signed-by_ECDSA-SHA384,ED25519_signed-by_ECDSA-SHA384,16.341,1640.03,1521.55,1,22,1.1,262.4,24,1179.36,1180.11,1176,1174
1,2,87,ED25519_signed-by_ECDSA-SHA384,ED25519_signed-by_ECDSA-SHA384,17.852,1500.75,1217.09,1,17,1.13333,123.333,24,1180.11,1171.85,1176,1173
1,3,93,ED25519_signed-by_ECDSA-SHA384,ED25519_signed-by_ECDSA-SHA384,10.57,2534.66,2220.57,0.65,14,0.7,128.4,24,1199.12,1174.52,1176,1173
1,5,94,ED25519_signed-by_ECDSA-SHA384,ED25519_signed-by_ECDSA-SHA384,7.105,3770.4,1727.02,0.333333,0,0,123.333,15,1200.19,1177.88,1176,1173
1,8,95,ED25519_signed-by_ECDSA-SHA384,ED25519_signed-by_ECDSA-SHA384,13.331,2009.63,1276.95,1,7,0.538462,110,17,1270.73,1167.92,1176,1173
1,1,87,ED25519_signed-by_ECDSA-SHA384,ED25519_signed-by_ECDSA-SHA384,8.225,3259.32,1667.11,0,0,0,146.364,24,1185.74,1171.16,1176,1175
1,4,16,ED25519_signed-by_ECDSA-SHA384,ED25519_signed-by_ECDSA-SHA384,7.778,3445.6,1762.91,0,0,0,144.909,24,1180.92,1165.56,1176,1174
1,2,88,ED25519_signed-by_ECDSA-SHA384,ED25519_signed-by_ECDSA-SHA384,8.65,3097.3,1585.18,0,0,0,144.909,24,1194.68,1190.21,1176,1173
1,3,94,ED25519_signed-by_ECDSA-SHA384,ED25519_signed-by_ECDSA-SHA384,8.459,3167.25,1450.75,0.333333,0,0,123.333,24,1188.76,1161.66,1176,1173
1,1,88,ED25519_signed-by_ECDSA-SHA384,ED25519_signed-by_ECDSA-SHA384,6.668,4019.93,1840.22,0.333333,0,0,115.333,24,1184.34,1184.82,1176,1175
1,5,95,ED25519_signed-by_ECDSA-SHA384,ED25519_signed-by_ECDSA-SHA384,10.361,2585.77,1643.03,0.230769,7,0.538462,150,15,1248.54,1190,1176,1173
1,8,96,ED25519_signed-by_ECDSA-SHA384,ED25519_signed-by_ECDSA-SHA384,10.683,2507.84,1172.67,0.7,0,0,107.6,17,1199.51,1173.97,1176,1173
1,4,17,ED25519_signed-by_ECDSA-SHA384,ED25519_signed-by_ECDSA-SHA384,13.352,2007.14,1079.66,0.928571,5,0.357143,91.7143,24,1194.23,1160.25,1176,1174
1,2,89,ED25519_signed-by_ECDSA-SHA384,ED25519_signed-by_ECDSA-SHA384,14.052,1906.58,905.183,1,5,0.454545,101.273,24,1185.27,1169.95,1176,1173
1,3,95,ED25519_signed-by_ECDSA-SHA384,ED25519_signed-by_ECDSA-SHA384,14.285,1875.47,859.056,1,0,0,123.333,24,1202,1167.69,1176,1173
1,8,97,ED25519_signed-by_ECDSA-SHA384,ED25519_signed-by_ECDSA-SHA384,10.508,2549.67,1167.87,1,0,0,115.333,17,1201.02,1175.5,1176,1173
1,5,96,ED25519_signed-by_ECDSA-SHA384,ED25519_signed-by_ECDSA-SHA384,14.005,1912.98,1726.2,1,18,1.2,151.6,15,1186.79,1169.71,1176,1173
1,1,89,ED25519_signed-by_ECDSA-SHA384,ED25519_signed-by_ECDSA-SHA384,15.977,1677.84,975.362,1,7,0.636364,118,24,1183.04,1158.01,1176,1175
1,4,18,ED25519_signed-by_ECDSA-SHA384,ED25519_signed-by_ECDSA-SHA384,8.951,2994.05,1371.01,0.555556,0,0,115.333,24,1199.71,1163.17,1176,1174
1,2,90,ED25519_signed-by_ECDSA-SHA384,ED25519_signed-by_ECDSA-SHA384,8.349,3208.63,1642.16,0,0,0,144.909,24,1183.59,1178.09,1176,1173
1,3,96,ED25519_signed-by_ECDSA-SHA384,ED25519_signed-by_ECDSA-SHA384,8.466,3164.29,1449.4,0,0,0,143.778,24,1193.91,1157.45,1176,1173
1,8,98,ED25519_signed-by_ECDSA-SHA384,ED25519_signed-by_ECDSA-SHA384,9.239,2899.58,1328.15,0.444444,3,0.333333,151.333,17,1192.58,1207.63,1176,1173
1,5,97,ED25519_signed-by_ECDSA-SHA384,ED25519_signed-by_ECDSA-SHA384,7.582,3533.27,1833.63,0.333333,5,0.416667,107.333,15,1195.8,1160.5,1176,1173
1,1,90,ED25519_signed-by_ECDSA-SHA384,ED25519_signed-by_ECDSA-SHA384,8.61,3113.25,1425.16,0.444444,0,0,164.222,24,1189.07,1176.71,1176,1175
1,4,19,ED25519_signed-by_ECDSA-SHA384,ED25519_signed-by_ECDSA-SHA384,8.423,3181.41,1456.8,0.555556,0,0,115.333,24,1184.06,1161.93,1176,1174
1,3,97,ED25519_signed-by_ECDSA-SHA384,ED25519_signed-by_ECDSA-SHA384,6.47,4140.47,1673.99,0.714286,0,0,138.571,24,1181.65,1156.04,1176,1173
1,2,91,ED25519_signed-by_ECDSA-SHA384,ED25519_signed-by_ECDSA-SHA384,10.293,2602.89,1217.12,1,0,0,107.6,24,1195.73,1174.92,1176,1173
1,1,91,ED25519_signed-by_ECDSA-SHA384,ED25519_signed-by_ECDSA-SHA384,7.505,3571.57,1826.82,0.909091,0,0,146.364,24,1192.89,1161.11,1176,1175
1,5,98,ED25519_signed-by_ECDSA-SHA384,ED25519_signed-by_ECDSA-SHA384,10.1,2652.61,1685.5,0.769231,7,0.538462,117.385,15,1190.22,1303.06,1176,1173
1,4,20,ED25519_signed-by_ECDSA-SHA384,ED25519_signed-by_ECDSA-SHA384,9.074,2953.46,1352.42,1,0,0,115.333,24,1200.73,1200.3,1176,1174
1,3,98,ED25519_signed-by_ECDSA-SHA384,ED25519_signed-by_ECDSA-SHA384,10.545,2540.66,1324.57,1,0,0,146.667,24,1197.33,1158.34,1176,1173
1,2,92,ED25519_signed-by_ECDSA-SHA384,ED25519_signed-by_ECDSA-SHA384,9.275,2888.6,1323.12,0.444444,0,0,115.333,24,1219.95,1205.28,1176,1173
1,8,99,ED25519_signed-by_ECDSA-SHA384,ED25519_signed-by_ECDSA-SHA384,17.442,1536.06,1231.96,0.777778,16,0.888889,164.667,17,1174.44,1175.93,1176,1173
1,4,21,ED25519_signed-by_ECDSA-SHA384,ED25519_signed-by_ECDSA-SHA384,6.686,4007.96,1835.29,0,0,0,116.222,24,1193.58,1166.89,1176,1174
1,5,99,ED25519_signed-by_ECDSA-SHA384,ED25519_signed-by_ECDSA-SHA384,8.851,3026.69,2058.76,0.333333,9,0.75,138.667,15,1178.45,1187.58,1176,1173
1,1,92,ED25519_signed-by_ECDSA-SHA384,ED25519_signed-by_ECDSA-SHA384,11.345,2362.94,1081.69,0.444444,0,0,116.222,24,1187.04,1166.77,1176,1175
1,3,99,ED25519_signed-by_ECDSA-SHA384,ED25519_signed-by_ECDSA-SHA384,9.509,2817.53,1290.56,0.333333,0,0,123.333,24,1175.47,1161.58,1176,1173
1,2,93,ED25519_signed-by_ECDSA-SHA384,ED25519_signed-by_ECDSA-SHA384,9.65,2776.33,1298.22,0.4,0,0,108.4,24,1210.37,1186.18,1176,1173
1,4,22,ED25519_signed-by_ECDSA-SHA384,ED25519_signed-by_ECDSA-SHA384,8.937,2998.73,1904.87,0.307692,7,0.538462,110,24,1200.41,1180.23,1176,1174
1,1,93,ED25519_signed-by_ECDSA-SHA384,ED25519_signed-by_ECDSA-SHA384,8.249,3249.79,1518.7,0.4,0,0,107.6,24,1191.54,1167.48,1176,1175
1,2,94,ED25519_signed-by_ECDSA-SHA384,ED25519_signed-by_ECDSA-SHA384,5.123,5229.03,2395.14,0,0,0,115.333,24,1177.52,1181.73,1176,1173
1,4,23,ED25519_signed-by_ECDSA-SHA384,ED25519_signed-by_ECDSA-SHA384,4.137,6477.3,2966.02,0.333333,0,0,115.333,24,1189.74,1182.66,1176,1174
1,1,94,ED25519_signed-by_ECDSA-SHA384,ED25519_signed-by_ECDSA-SHA384,5.069,5288.03,3358.08,0.230769,7,0.538462,110,24,1270.4,1178.16,1176,1175
1,2,95,ED25519_signed-by_ECDSA-SHA384,ED25519_signed-by_ECDSA-SHA384,5.294,5060.24,2366.18,0.3,0,0,107.6,24,1192.69,1178.6,1176,1173
1,4,24,ED25519_signed-by_ECDSA-SHA384,ED25519_signed-by_ECDSA-SHA384,4.696,5706.3,2612.98,0,0,0,115.333,24,1193.85,1171.56,1176,1174
1,1,95,ED25519_signed-by_ECDSA-SHA384,ED25519_signed-by_ECDSA-SHA384,5.074,5282.86,2418.36,0,0,0,116.667,24,1187.42,1154.92,1176,1175
1,2,96,ED25519_signed-by_ECDSA-SHA384,ED25519_signed-by_ECDSA-SHA384,4.651,5759.9,2638.3,0,0,0,115.333,24,1183.41,1159.71,1176,1173
1,4,25,ED25519_signed-by_ECDSA-SHA384,ED25519_signed-by_ECDSA-SHA384,5.697,4703.66,2153.85,0,0,0,115.333,24,1193.05,1158.35,1176,1174
1,1,96,ED25519_signed-by_ECDSA-SHA384,ED25519_signed-by_ECDSA-SHA384,4.365,6140.8,2811.1,0.222222,0,0,115.333,24,1184.54,1157.96,1176,1175
1,2,97,ED25519_signed-by_ECDSA-SHA384,ED25519_signed-by_ECDSA-SHA384,4.568,5864.44,3043.41,0.166667,5,0.416667,100.667,24,1182.72,1175.31,1176,1173
1,1,97,ED25519_signed-by_ECDSA-SHA384,ED25519_signed-by_ECDSA-SHA384,3.993,6712.98,3073.03,0,0,0,115.333,24,1201.88,1170.22,1176,1175
1,4,26,ED25519_signed-by_ECDSA-SHA384,ED25519_signed-by_ECDSA-SHA384,6.37,4206.76,1966.5,0.2,0,0,107.6,24,1186.93,1155.8,1176,1174
1,2,98,ED25519_signed-by_ECDSA-SHA384,ED25519_signed-by_ECDSA-SHA384,4.635,5779.67,2647.36,0,0,0,115.333,24,1186.67,1185.33,1176,1173
1,4,27,ED25519_signed-by_ECDSA-SHA384,ED25519_signed-by_ECDSA-SHA384,3.44,7789.72,3566.99,0,0,0,115.333,24,1194.6,1189.54,1176,1174
1,1,98,ED25519_signed-by_ECDSA-SHA384,ED25519_signed-by_ECDSA-SHA384,4.543,5900.26,2700.98,0,0,0,115.333,24,1186.42,1169.17,1176,1175
1,2,99,ED25519_signed-by_ECDSA-SHA384,ED25519_signed-by_ECDSA-SHA384,5.607,4777.72,2188.42,0,0,0,115.333,24,1187.01,1179.55,1176,1173
1,4,28,ED25519_signed-by_ECDSA-SHA384,ED25519_signed-by_ECDSA-SHA384,4.213,6360.44,2958.08,0.6,4,0.4,107.6,24,1180.08,1165.81,1176,1174
1,1,99,ED25519_signed-by_ECDSA-SHA384,ED25519_signed-by_ECDSA-SHA384,4.455,6016.67,2779.41,0.6,0,0,107.2,24,1165.59,1167.83,1176,1175
1,4,29,ED25519_signed-by_ECDSA-SHA384,ED25519_signed-by_ECDSA-SHA384,4.641,5773.88,2995.52,0,2,0.166667,136,24,1196.35,1169.08,1176,1174
1,4,30,ED25519_signed-by_ECDSA-SHA384,ED25519_signed-by_ECDSA-SHA384,2.434,11010,5041.61,0,0,0,115.333,24,1187.42,1175.94,1176,1174
1,4,31,ED25519_signed-by_ECDSA-SHA384,ED25519_signed-by_ECDSA-SHA384,2.635,10170.2,4657.05,0,0,0,115.333,24,1197.62,1357.81,1176,1174
1,4,32,ED25519_signed-by_ECDSA-SHA384,ED25519_signed-by_ECDSA-SHA384,2.429,11032.7,5051.99,0,0,0,115.333,24,1191.66,1173.49,1176,1174
1,4,33,ED25519_signed-by_ECDSA-SHA384,ED25519_signed-by_ECDSA-SHA384,2.357,11369.7,5206.3,0,0,0,115.333,24,1188.16,1167.53,1176,1174
1,4,34,ED25519_signed-by_ECDSA-SHA384,ED25519_signed-by_ECDSA-SHA384,2.377,11274,5162.5,0,0,0,115.333,24,1188.68,1172.77,1176,1174
1,4,35,ED25519_signed-by_ECDSA-SHA384,ED25519_signed-by_ECDSA-SHA384,2.56,10468.2,4793.48,0,0,0,115.333,24,1201.84,1174.36,1176,1174
1,4,36,ED25519_signed-by_ECDSA-SHA384,ED25519_signed-by_ECDSA-SHA384,2.464,10876,4980.23,0,0,0,115.333,24,1188.88,1182.7,1176,1174
1,4,37,ED25519_signed-by_ECDSA-SHA384,ED25519_signed-by_ECDSA-SHA384,2.455,10915.9,4998.48,0,0,0,115.333,24,1191.12,1168.17,1176,1174
1,4,38,ED25519_signed-by_ECDSA-SHA384,ED25519_signed-by_ECDSA-SHA384,2.497,10732.3,4914.41,0,0,0,115.333,24,1200.01,1172.18,1176,1174
1,4,39,ED25519_signed-by_ECDSA-SHA384,ED25519_signed-by_ECDSA-SHA384,3.477,7705.61,3528.48,0,0,0,115.333,24,1218.26,1167.35,1176,1174
1,4,40,ED25519_signed-by_ECDSA-SHA384,ED25519_signed-by_ECDSA-SHA384,2.455,10915.9,4998.48,0,0,0,115.333,24,1209.08,1169.36,1176,1174
1,4,41,ED25519_signed-by_ECDSA-SHA384,ED25519_signed-by_ECDSA-SHA384,2.483,10792.8,4942.12,0,0,0,115.333,24,1189.57,1171.26,1176,1174
1,4,42,ED25519_signed-by_ECDSA-SHA384,ED25519_signed-by_ECDSA-SHA384,2.466,10867.2,4976.19,0,0,0,115.333,24,1187.33,1167.19,1176,1174
1,4,43,ED25519_signed-by_ECDSA-SHA384,ED25519_signed-by_ECDSA-SHA384,2.502,10710.8,4904.59,0,0,0,115.333,24,1191.66,1188.41,1176,1174
1,4,44,ED25519_signed-by_ECDSA-SHA384,ED25519_signed-by_ECDSA-SHA384,2.374,11288.3,5169.02,0,0,0,115.333,24,1192.62,1181.22,1176,1174
1,4,45,ED25519_signed-by_ECDSA-SHA384,ED25519_signed-by_ECDSA-SHA384,2.454,10920.3,5000.52,0,0,0,115.333,24,1193.8,1173.53,1176,1174
1,4,46,ED25519_signed-by_ECDSA-SHA384,ED25519_signed-by_ECDSA-SHA384,2.43,11028.2,5049.91,0,0,0,115.333,24,1190.97,1176.85,1176,1174
1,4,47,ED25519_signed-by_ECDSA-SHA384,ED25519_signed-by_ECDSA-SHA384,2.56,10468.2,4793.48,0,0,0,115.333,24,1201.16,1229.74,1176,1174
1,4,48,ED25519_signed-by_ECDSA-SHA384,ED25519_signed-by_ECDSA-SHA384,2.48,10805.8,4948.1,0,0,0,115.333,24,1201.27,1175.14,1176,1174
1,4,49,ED25519_signed-by_ECDSA-SHA384,ED25519_signed-by_ECDSA-SHA384,2.438,10992,5033.34,0,0,0,115.333,24,1196.1,1170.67,1176,1174
1,4,50,ED25519_signed-by_ECDSA-SHA384,ED25519_signed-by_ECDSA-SHA384,2.427,11041.8,5056.15,0,0,0,115.333,24,1186.8,1171.57,1176,1174
1,4,51,ED25519_signed-by_ECDSA-SHA384,ED25519_signed-by_ECDSA-SHA384,2.45,10938.1,5008.69,0,0,0,115.333,24,1192.68,1169.95,1176,1174
1,4,52,ED25519_signed-by_ECDSA-SHA384,ED25519_signed-by_ECDSA-SHA384,2.441,10978.5,5027.15,0,0,0,115.333,24,1193.61,1174.8,1176,1174
1,4,53,ED25519_signed-by_ECDSA-SHA384,ED25519_signed-by_ECDSA-SHA384,2.553,10496.9,4806.62,0,0,0,115.333,24,1199.83,1175.88,1176,1174
1,4,54,ED25519_signed-by_ECDSA-SHA384,ED25519_signed-by_ECDSA-SHA384,2.373,11293,5171.2,0,0,0,115.333,24,1192.87,1176.18,1176,1174
1,4,55,ED25519_signed-by_ECDSA-SHA384,ED25519_signed-by_ECDSA-SHA384,2.448,10947.1,5012.78,0,0,0,115.333,24,1189.84,1171.74,1176,1174
1,4,56,ED25519_signed-by_ECDSA-SHA384,ED25519_signed-by_ECDSA-SHA384,2.374,11288.3,5169.02,0,0,0,115.333,24,1196.31,1174.97,1176,1174
1,4,57,ED25519_signed-by_ECDSA-SHA384,ED25519_signed-by_ECDSA-SHA384,2.444,10965,5020.98,0,0,0,115.333,24,1204.66,1177.06,1176,1174
1,4,58,ED25519_signed-by_ECDSA-SHA384,ED25519_signed-by_ECDSA-SHA384,2.561,10464.1,4791.61,0,0,0,115.333,24,1208.58,1173.67,1176,1174
1,4,59,ED25519_signed-by_ECDSA-SHA384,ED25519_signed-by_ECDSA-SHA384,2.526,10609.1,4858,0,0,0,115.333,24,1194.97,1192.21,1176,1174
1,4,60,ED25519_signed-by_ECDSA-SHA384,ED25519_signed-by_ECDSA-SHA384,2.595,10327,4728.83,0,0,0,115.333,24,1186.24,1166.16,1176,1174
1,4,61,ED25519_signed-by_ECDSA-SHA384,ED25519_signed-by_ECDSA-SHA384,2.468,10858.4,4972.16,0,0,0,115.333,24,1187.81,1169.08,1176,1174
1,4,62,ED25519_signed-by_ECDSA-SHA384,ED25519_signed-by_ECDSA-SHA384,2.45,10938.1,5008.69,0,0,0,115.333,24,1191.07,1177.1,1176,1174
1,4,63,ED25519_signed-by_ECDSA-SHA384,ED25519_signed-by_ECDSA-SHA384,2.433,11014.6,5043.68,0,0,0,115.333,24,1194.33,1173.24,1176,1174
1,4,64,ED25519_signed-by_ECDSA-SHA384,ED25519_signed-by_ECDSA-SHA384,2.425,11050.9,5060.32,0,0,0,115.333,24,1196.52,1172.74,1176,1174
1,4,65,ED25519_signed-by_ECDSA-SHA384,ED25519_signed-by_ECDSA-SHA384,2.62,10228.4,4683.71,0,0,0,115.333,24,1200.23,1169.56,1176,1174
1,4,66,ED25519_signed-by_ECDSA-SHA384,ED25519_signed-by_ECDSA-SHA384,2.549,10513.3,4814.17,0,0,0,115.333,24,1191.67,1200.57,1176,1174
1,4,67,ED25519_signed-by_ECDSA-SHA384,ED25519_signed-by_ECDSA-SHA384,2.454,10920.3,5000.52,0,0,0,115.333,24,1189.96,1175.17,1176,1174
1,4,68,ED25519_signed-by_ECDSA-SHA384,ED25519_signed-by_ECDSA-SHA384,2.42,11073.7,5070.77,0,0,0,115.333,24,1227.45,1169.34,1176,1174
1,4,69,ED25519_signed-by_ECDSA-SHA384,ED25519_signed-by_ECDSA-SHA384,2.421,11069.1,5068.68,0,0,0,115.333,24,1190.6,1180.64,1176,1174
1,4,70,ED25519_signed-by_ECDSA-SHA384,ED25519_signed-by_ECDSA-SHA384,2.353,11389,5215.15,0,0,0,115.333,24,1202.71,1173.23,1176,1174
1,4,71,ED25519_signed-by_ECDSA-SHA384,ED25519_signed-by_ECDSA-SHA384,2.457,10907,4994.42,0,0,0,115.333,24,1187.87,1167.05,1176,1174
1,4,72,ED25519_signed-by_ECDSA-SHA384,ED25519_signed-by_ECDSA-SHA384,2.424,11055.4,5062.41,0,0,0,115.333,24,1193.81,1165.4,1176,1174
1,4,73,ED25519_signed-by_ECDSA-SHA384,ED25519_signed-by_ECDSA-SHA384,2.498,10728,4912.45,0,0,0,115.333,24,1211.04,1192.88,1176,1174
1,4,74,ED25519_signed-by_ECDSA-SHA384,ED25519_signed-by_ECDSA-SHA384,2.374,11288.3,5169.02,0,0,0,115.333,24,1202.4,1165.53,1176,1174
1,4,75,ED25519_signed-by_ECDSA-SHA384,ED25519_signed-by_ECDSA-SHA384,2.502,10710.8,4904.59,0,0,0,115.333,24,1191.82,1188.64,1176,1174
1,4,76,ED25519_signed-by_ECDSA-SHA384,ED25519_signed-by_ECDSA-SHA384,2.613,10255.8,4696.26,0,0,0,115.333,24,1198.29,1177.07,1176,1174
1,4,77,ED25519_signed-by_ECDSA-SHA384,ED25519_signed-by_ECDSA-SHA384,2.401,11161.3,5110.9,0,0,0,115.333,24,1191.9,1172.85,1176,1174
1,4,78,ED25519_signed-by_ECDSA-SHA384,ED25519_signed-by_ECDSA-SHA384,2.487,10775.4,4934.17,0,0,0,115.333,24,1201.79,1169.84,1176,1174
1,4,79,ED25519_signed-by_ECDSA-SHA384,ED25519_signed-by_ECDSA-SHA384,2.499,10723.7,4910.48,0,0,0,115.333,24,1303.41,1169.14,1176,1174
1,4,80,ED25519_signed-by_ECDSA-SHA384,ED25519_signed-by_ECDSA-SHA384,3.571,7504.4,3436.34,0,0,0,115.333,24,1198.13,1172.8,1176,1174
1,4,81,ED25519_signed-by_ECDSA-SHA384,ED25519_signed-by_ECDSA-SHA384,2.453,10924.8,5002.56,0,0,0,115.333,24,1200.49,1178.43,1176,1174
1,4,82,ED25519_signed-by_ECDSA-SHA384,ED25519_signed-by_ECDSA-SHA384,2.508,10685.2,4892.86,0,0,0,115.333,24,1193.53,1188.36,1176,1174
1,4,83,ED25519_signed-by_ECDSA-SHA384,ED25519_signed-by_ECDSA-SHA384,2.362,11345.6,5195.28,0,0,0,115.333,24,1209.3,1167.2,1176,1174
1,4,84,ED25519_signed-by_ECDSA-SHA384,ED25519_signed-by_ECDSA-SHA384,2.548,10517.5,4816.05,0,0,0,115.333,24,1186,1183.41,1176,1174
1,4,85,ED25519_signed-by_ECDSA-SHA384,ED25519_signed-by_ECDSA-SHA384,2.559,10472.3,4795.35,0,0,0,115.333,24,1186.74,1164.65,1176,1174
1,4,86,ED25519_signed-by_ECDSA-SHA384,ED25519_signed-by_ECDSA-SHA384,2.377,11274,5162.5,0,0,0,115.333,24,1187.55,1168.86,1176,1174
1,4,87,ED25519_signed-by_ECDSA-SHA384,ED25519_signed-by_ECDSA-SHA384,2.501,10715.1,4906.55,0,0,0,115.333,24,1196.65,1171.85,1176,1174
1,4,88,ED25519_signed-by_ECDSA-SHA384,ED25519_signed-by_ECDSA-SHA384,2.569,10431.5,4776.69,0,0,0,115.333,24,1199.39,1170.1,1176,1174
1,4,89,ED25519_signed-by_ECDSA-SHA384,ED25519_signed-by_ECDSA-SHA384,2.398,11175.3,5117.29,0,0,0,115.333,24,1196.24,1169.32,1176,1174
1,4,90,ED25519_signed-by_ECDSA-SHA384,ED25519_signed-by_ECDSA-SHA384,2.46,10893.7,4988.33,0,0,0,115.333,24,1188.46,1175.18,1176,1174
1,4,91,ED25519_signed-by_ECDSA-SHA384,ED25519_signed-by_ECDSA-SHA384,2.582,10379,4752.64,0,0,0,115.333,24,1200.27,1215.29,1176,1174
1,4,92,ED25519_signed-by_ECDSA-SHA384,ED25519_signed-by_ECDSA-SHA384,2.446,10956,5016.88,0,0,0,115.333,24,1214.55,1171.37,1176,1174
1,4,93,ED25519_signed-by_ECDSA-SHA384,ED25519_signed-by_ECDSA-SHA384,2.428,11037.2,5054.07,0,0,0,115.333,24,1201.2,1174.7,1176,1174
1,4,94,ED25519_signed-by_ECDSA-SHA384,ED25519_signed-by_ECDSA-SHA384,2.472,10840.8,4964.11,0,0,0,115.333,24,1183.11,1166.53,1176,1174
1,4,95,ED25519_signed-by_ECDSA-SHA384,ED25519_signed-by_ECDSA-SHA384,2.433,11014.6,5043.68,0,0,0,115.333,24,1186.41,1163.81,1176,1174
1,4,96,ED25519_signed-by_ECDSA-SHA384,ED25519_signed-by_ECDSA-SHA384,2.438,10992,5033.34,0,0,0,115.333,24,1188.64,1167.94,1176,1174
1,4,97,ED25519_signed-by_ECDSA-SHA384,ED25519_signed-by_ECDSA-SHA384,2.425,11050.9,5060.32,0,0,0,115.333,24,1188.43,1166.16,1176,1174
1,4,98,ED25519_signed-by_ECDSA-SHA384,ED25519_signed-by_ECDSA-SHA384,2.471,10845.2,4966.12,0,0,0,115.333,24,1199.2,1167.86,1176,1174
1,4,99,ED25519_signed-by_ECDSA-SHA384,ED25519_signed-by_ECDSA-SHA384,2.396,11184.6,5121.56,0,0,0,115.333,24,1180.89,1162.53,1176,1174
1,7,55,ED25519_signed-by_ECDSA-SHA384,ED25519_signed-by_ECDSA-SHA384,3002.18,8.92683,16.1482,1,42,1.35484,122.258,17,1196.61,1203.17,1176,1174
1,7,56,ED25519_signed-by_ECDSA-SHA384,ED25519_signed-by_ECDSA-SHA384,2.511,10672.6,4887.1,0,0,0,127.778,17,1204.94,1189.73,1176,1174
1,7,57,ED25519_signed-by_ECDSA-SHA384,ED25519_signed-by_ECDSA-SHA384,2.484,10788.6,4940.22,0,0,0,115.333,17,1207.51,1195.44,1176,1174
1,7,58,ED25519_signed-by_ECDSA-SHA384,ED25519_signed-by_ECDSA-SHA384,2.533,10579.9,4844.65,0,0,0,115.333,17,1199.83,1188.47,1176,1174
1,7,59,ED25519_signed-by_ECDSA-SHA384,ED25519_signed-by_ECDSA-SHA384,2.754,9730.94,4455.9,0,0,0,115.333,17,1211.44,1410.23,1176,1174
1,7,60,ED25519_signed-by_ECDSA-SHA384,ED25519_signed-by_ECDSA-SHA384,2.492,10754,4924.36,0,0,0,115.333,17,1214.92,1188.77,1176,1174
1,7,61,ED25519_signed-by_ECDSA-SHA384,ED25519_signed-by_ECDSA-SHA384,2.488,10771.3,4932.27,0,0,0,115.333,17,1206.05,1222.72,1176,1174
1,7,62,ED25519_signed-by_ECDSA-SHA384,ED25519_signed-by_ECDSA-SHA384,2.46,10893.9,4988.41,0,0,0,115.333,17,1203.51,1192.26,1176,1174
1,7,63,ED25519_signed-by_ECDSA-SHA384,ED25519_signed-by_ECDSA-SHA384,2.429,11032.9,5052.07,0,0,0,115.333,17,1205.19,1194.29,1176,1174
1,7,64,ED25519_signed-by_ECDSA-SHA384,ED25519_signed-by_ECDSA-SHA384,2.454,10920.5,5000.61,0,0,0,115.333,17,1209.95,1190.07,1176,1174
1,7,65,ED25519_signed-by_ECDSA-SHA384,ED25519_signed-by_ECDSA-SHA384,3.515,7624.29,3491.24,0,0,0,115.333,17,1202.37,1188.62,1176,1174
1,7,66,ED25519_signed-by_ECDSA-SHA384,ED25519_signed-by_ECDSA-SHA384,2.628,10197.5,4669.53,0,0,0,115.333,17,1207.16,1186,1176,1174
1,7,67,ED25519_signed-by_ECDSA-SHA384,ED25519_signed-by_ECDSA-SHA384,2.62,10228.6,4683.79,0,0,0,115.333,17,1206.04,1188.95,1176,1174
1,7,68,ED25519_signed-by_ECDSA-SHA384,ED25519_signed-by_ECDSA-SHA384,2.576,10403.3,4763.79,0,0,0,115.333,17,1246.77,1195.9,1176,1174
1,7,69,ED25519_signed-by_ECDSA-SHA384,ED25519_signed-by_ECDSA-SHA384,2.489,10766.9,4930.29,0,0,0,115.333,17,1202.28,1187.61,1176,1174
1,7,70,ED25519_signed-by_ECDSA-SHA384,ED25519_signed-by_ECDSA-SHA384,2.478,10814.7,4952.18,0,0,0,115.333,17,1205.99,1185.9,1176,1174
1,7,71,ED25519_signed-by_ECDSA-SHA384,ED25519_signed-by_ECDSA-SHA384,2.475,10827.8,4958.18,0,0,0,115.333,17,1200.51,1180.38,1176,1174
1,7,72,ED25519_signed-by_ECDSA-SHA384,ED25519_signed-by_ECDSA-SHA384,2.439,10987.7,5031.36,0,0,0,115.333,17,1200.18,1185.64,1176,1174
1,7,73,ED25519_signed-by_ECDSA-SHA384,ED25519_signed-by_ECDSA-SHA384,2.508,10685.4,4892.94,0,0,0,115.333,17,1193.32,1186.63,1176,1174
1,7,74,ED25519_signed-by_ECDSA-SHA384,ED25519_signed-by_ECDSA-SHA384,2.424,11055.6,5062.49,0,0,0,115.333,17,1195.25,1184.69,1176,1174
1,7,75,ED25519_signed-by_ECDSA-SHA384,ED25519_signed-by_ECDSA-SHA384,3.21,8348.64,3822.93,0,0,0,332.667,17,1195.35,1189.88,1176,1174
1,7,76,ED25519_signed-by_ECDSA-SHA384,ED25519_signed-by_ECDSA-SHA384,2.422,11064.8,5066.67,0,0,0,115.333,17,1198.77,1195.35,1176,1174
1,7,77,ED25519_signed-by_ECDSA-SHA384,ED25519_signed-by_ECDSA-SHA384,2.462,10885,4984.36,0,0,0,115.333,17,1303.56,1185.45,1176,1174
1,7,78,ED25519_signed-by_ECDSA-SHA384,ED25519_signed-by_ECDSA-SHA384,2.364,11336.2,5190.98,0,0,0,115.333,17,1210.37,1184.83,1176,1174
1,7,79,ED25519_signed-by_ECDSA-SHA384,ED25519_signed-by_ECDSA-SHA384,2.656,10090,4620.3,0,0,0,115.333,17,1195.9,1183.09,1176,1174
1,7,80,ED25519_signed-by_ECDSA-SHA384,ED25519_signed-by_ECDSA-SHA384,2.484,10788.6,4940.22,0,0,0,115.333,17,1204.47,1186.2,1176,1174
1,7,81,ED25519_signed-by_ECDSA-SHA384,ED25519_signed-by_ECDSA-SHA384,2.444,10965.2,5021.07,0,0,0,115.333,17,1196.48,1194.15,1176,1174
1,7,82,ED25519_signed-by_ECDSA-SHA384,ED25519_signed-by_ECDSA-SHA384,2.51,10676.9,4889.04,0,0,0,163.333,17,1206.44,1187.84,1176,1174
1,7,83,ED25519_signed-by_ECDSA-SHA384,ED25519_signed-by_ECDSA-SHA384,2.543,10538.3,4825.6,0,0,0,115.333,17,1202.23,1187.01,1176,1174
1,7,84,ED25519_signed-by_ECDSA-SHA384,ED25519_signed-by_ECDSA-SHA384,2.875,9321.41,4268.37,0,0,0,115.333,17,1201.13,1188.28,1176,1174
1,7,85,ED25519_signed-by_ECDSA-SHA384,ED25519_signed-by_ECDSA-SHA384,2.446,10956.2,5016.96,0,0,0,115.333,17,1218.97,1188.38,1176,1174
1,7,86,ED25519_signed-by_ECDSA-SHA384,ED25519_signed-by_ECDSA-SHA384,2.484,10788.6,4940.22,0,0,0,115.333,17,1207.72,1186.54,1176,1174
1,7,87,ED25519_signed-by_ECDSA-SHA384,ED25519_signed-by_ECDSA-SHA384,2.404,11147.6,5104.61,0,0,0,115.333,17,1200.7,1180.89,1176,1174
1,7,88,ED25519_signed-by_ECDSA-SHA384,ED25519_signed-by_ECDSA-SHA384,2.44,10983.1,5029.3,0,0,0,115.333,17,1188.23,1185.9,1176,1174
1,7,89,ED25519_signed-by_ECDSA-SHA384,ED25519_signed-by_ECDSA-SHA384,2.513,10664.1,4883.21,0,0,0,115.333,17,1205.86,1182.04,1176,1174
1,7,90,ED25519_signed-by_ECDSA-SHA384,ED25519_signed-by_ECDSA-SHA384,2.529,10596.6,4852.32,0,0,0,115.333,17,1223.62,1176.6,1176,1174
1,7,91,ED25519_signed-by_ECDSA-SHA384,ED25519_signed-by_ECDSA-SHA384,2.556,10484.7,4801.06,0,0,0,115.333,17,1193.49,1181.22,1176,1174
1,7,92,ED25519_signed-by_ECDSA-SHA384,ED25519_signed-by_ECDSA-SHA384,2.399,11170.8,5115.25,0,0,0,115.333,17,1447.46,1174.35,1176,1174
1,7,93,ED25519_signed-by_ECDSA-SHA384,ED25519_signed-by_ECDSA-SHA384,2.511,10672.6,4887.1,0,0,0,115.333,17,1195.5,1193.25,1176,1174
1,7,94,ED25519_signed-by_ECDSA-SHA384,ED25519_signed-by_ECDSA-SHA384,2.467,10862.9,4974.26,0,0,0,115.333,17,1197.19,1180.91,1176,1174
1,7,95,ED25519_signed-by_ECDSA-SHA384,ED25519_signed-by_ECDSA-SHA384,2.398,11175.5,5117.38,0,0,0,115.333,17,1184.4,1180.74,1176,1174
1,7,96,ED25519_signed-by_ECDSA-SHA384,ED25519_signed-by_ECDSA-SHA384,2.605,10287.5,4710.76,0,0,0,115.333,17,1194.64,1206.58,1176,1174
1,7,97,ED25519_signed-by_ECDSA-SHA384,ED25519_signed-by_ECDSA-SHA384,2.366,11326.6,5186.59,0,0,0,115.333,17,1184.29,1172.8,1176,1174
1,7,98,ED25519_signed-by_ECDSA-SHA384,ED25519_signed-by_ECDSA-SHA384,2.519,10638.7,4871.58,0,0,0,115.333,17,1192.12,1172.61,1176,1174
1,7,99,ED25519_signed-by_ECDSA-SHA384,ED25519_signed-by_ECDSA-SHA384,2.426,11046.5,5058.32,0,0,0,115.333,17,1167.99,1184.12,1176,1174
