scenario,node_id,handshake_index,sta_cert_algo,ap_cert_algo,handshake_delay_ms,goodput_kbps,throughput_kbps,phy_frame_drop_rate,mac_retries,mac_retry_rate,tx_delay_us,prop_delay_ns,cert_verify_ap_us,cert_verify_sta_us,server_cert_msg_bytes,client_cert_msg_bytes
1,8,0,ECDSA-SHA3-512_signed-by_ECDSA-SHA3-224,ECDSA-SHA3-512_signed-by_ECDSA-SHA3-224,30.502,941.575,592.746,0.695652,18,0.782609,183.217,14,3042.85,3149.57,1297,1293
1,3,0,ECDSA-SHA3-512_signed-by_ECDSA-SHA3-224,ECDSA-SHA3-512_signed-by_ECDSA-SHA3-224,42.416,677.284,387.774,1,10,0.5,192.6,24,3015.25,3046.41,1297,1294
1,6,0,ECDSA-SHA3-512_signed-by_ECDSA-SHA3-224,ECDSA-SHA3-512_signed-by_ECDSA-SHA3-224,53.667,535.142,156.22,1,0,0,200,8,3048.41,3056.06,1296,1294
1,7,0,ECDSA-SHA3-512_signed-by_ECDSA-SHA3-224,ECDSA-SHA3-512_signed-by_ECDSA-SHA3-224,61.589,466.316,167.432,1,6,0.333333,161,16,3033.64,3027.2,1297,1293
1,5,0,ECDSA-SHA3-512_signed-by_ECDSA-SHA3-224,ECDSA-SHA3-512_signed-by_ECDSA-SHA3-224,66.132,434.402,147.22,1,3,0.176471,218.353,15,3030.35,3049.77,1296,1295
1,2,0,ECDSA-SHA3-512_signed-by_ECDSA-SHA3-224,ECDSA-SHA3-512_signed-by_ECDSA-SHA3-224,69.428,413.778,128.362,1,4,0.266667,172.133,24,3167.46,3004.47,1297,1294
1,1,0,ECDSA-SHA3-512_signed-by_ECDSA-SHA3-224,ECDSA-SHA3-512_signed-by_ECDSA-SHA3-224,72.647,395.333,122.674,1,1,0.0666667,197.467,24,3031.85,3017.12,1296,1294
1,8,1,ECDSA-SHA3-512_signed-by_ECDSA-SHA3-224,ECDSA-SHA3-512_signed-by_ECDSA-SHA3-224,42.576,674.549,500.181,0.705882,15,0.882353,702,14,3021.78,2991.4,1297,1293
1,3,1,ECDSA-SHA3-512_signed-by_ECDSA-SHA3-224,ECDSA-SHA3-512_signed-by_ECDSA-SHA3-224,36.788,780.894,333.582,0.777778,0,0,119.333,24,3034.85,3006.15,1297,1294
1,6,1,ECDSA-SHA3-512_signed-by_ECDSA-SHA3-224,ECDSA-SHA3-512_signed-by_ECDSA-SHA3-224,26.983,1064.37,515.284,0.583333,5,0.416667,576.333,8,3044.74,3023.86,1296,1294
1,7,1,ECDSA-SHA3-512_signed-by_ECDSA-SHA3-224,ECDSA-SHA3-512_signed-by_ECDSA-SHA3-224,21.667,1325.51,566.386,0.888889,0,0,126.889,16,2990.18,3002.42,1297,1293
1,5,1,ECDSA-SHA3-512_signed-by_ECDSA-SHA3-224,ECDSA-SHA3-512_signed-by_ECDSA-SHA3-224,18.683,1537.64,656.848,0.666667,0,0,578.444,15,2993.55,3029.07,1296,1295
1,2,1,ECDSA-SHA3-512_signed-by_ECDSA-SHA3-224,ECDSA-SHA3-512_signed-by_ECDSA-SHA3-224,16.434,1748.08,1060.24,0.315789,12,0.631579,159.263,24,3091.09,3001.82,1297,1294
1,8,2,ECDSA-SHA3-512_signed-by_ECDSA-SHA3-224,ECDSA-SHA3-512_signed-by_ECDSA-SHA3-224,13.327,2154.88,920.775,0.666667,0,0,126.889,14,3017.13,2979.62,1297,1293
1,1,1,ECDSA-SHA3-512_signed-by_ECDSA-SHA3-224,ECDSA-SHA3-512_signed-by_ECDSA-SHA3-224,14.61,1965.77,839.971,1,0,0,126.889,24,3030.62,2990.42,1296,1294
1,3,2,ECDSA-SHA3-512_signed-by_ECDSA-SHA3-224,ECDSA-SHA3-512_signed-by_ECDSA-SHA3-224,12.619,2276.56,992.784,1,0,0,110,24,3021.16,3001.16,1297,1294
1,6,2,ECDSA-SHA3-512_signed-by_ECDSA-SHA3-224,ECDSA-SHA3-512_signed-by_ECDSA-SHA3-224,14.333,2003.71,856.182,1,0,0,118,8,3036.15,3009.84,1296,1294
1,7,2,ECDSA-SHA3-512_signed-by_ECDSA-SHA3-224,ECDSA-SHA3-512_signed-by_ECDSA-SHA3-224,12.496,2298.3,1243.26,1,10,0.666667,104.133,16,3006.15,2978.6,1297,1293
1,5,2,ECDSA-SHA3-512_signed-by_ECDSA-SHA3-224,ECDSA-SHA3-512_signed-by_ECDSA-SHA3-224,14.567,1972.06,1168.63,1,7,0.538462,215.231,15,3016.37,3025.26,1296,1295
1,2,2,ECDSA-SHA3-512_signed-by_ECDSA-SHA3-224,ECDSA-SHA3-512_signed-by_ECDSA-SHA3-224,14.742,1948.64,973.507,1,9,0.642857,128.857,24,3030.99,3001.13,1297,1294
1,8,3,ECDSA-SHA3-512_signed-by_ECDSA-SHA3-224,ECDSA-SHA3-512_signed-by_ECDSA-SHA3-224,15.018,1912.29,925.785,1,5,0.416667,110,14,3022.91,2993.34,1297,1293
1,1,2,ECDSA-SHA3-512_signed-by_ECDSA-SHA3-224,ECDSA-SHA3-512_signed-by_ECDSA-SHA3-224,16.345,1757.03,1146.23,1,9,0.642857,128.857,24,3009.78,2971.17,1296,1294
1,3,3,ECDSA-SHA3-512_signed-by_ECDSA-SHA3-224,ECDSA-SHA3-512_signed-by_ECDSA-SHA3-224,13.565,2117.73,1343.41,1,9,0.75,133.333,24,3004.95,3023.92,1297,1294
1,7,3,ECDSA-SHA3-512_signed-by_ECDSA-SHA3-224,ECDSA-SHA3-512_signed-by_ECDSA-SHA3-224,11.249,2553.07,1113.68,1,0,0,118,16,2986.72,3011.77,1297,1293
1,6,3,ECDSA-SHA3-512_signed-by_ECDSA-SHA3-224,ECDSA-SHA3-512_signed-by_ECDSA-SHA3-224,13.647,2104.43,1247.42,1,7,0.538462,111.846,8,3028.89,2989.3,1296,1294
1,5,3,ECDSA-SHA3-512_signed-by_ECDSA-SHA3-224,ECDSA-SHA3-512_signed-by_ECDSA-SHA3-224,18.703,1535.94,1242.09,1,16,0.941176,236.588,15,2972.59,3037.82,1296,1295
1,2,3,ECDSA-SHA3-512_signed-by_ECDSA-SHA3-224,ECDSA-SHA3-512_signed-by_ECDSA-SHA3-224,18.665,1539.06,1019.18,1,9,0.5,258.222,24,3064.85,3030.27,1297,1294
1,8,4,ECDSA-SHA3-512_signed-by_ECDSA-SHA3-224,ECDSA-SHA3-512_signed-by_ECDSA-SHA3-224,18.504,1552.02,1306.47,1,18,1.2,158,14,2998.92,2989.1,1297,1293
1,3,4,ECDSA-SHA3-512_signed-by_ECDSA-SHA3-224,ECDSA-SHA3-512_signed-by_ECDSA-SHA3-224,15.383,1867.45,1201.29,1,9,0.692308,126,24,3018.6,2984.82,1297,1294
1,6,4,ECDSA-SHA3-512_signed-by_ECDSA-SHA3-224,ECDSA-SHA3-512_signed-by_ECDSA-SHA3-224,12.785,2246.34,959.857,1,0,0,118,8,3015.41,3010.75,1296,1294
1,7,4,ECDSA-SHA3-512_signed-by_ECDSA-SHA3-224,ECDSA-SHA3-512_signed-by_ECDSA-SHA3-224,19.896,1443.45,935.224,1,11,0.785714,170,16,3020.16,3024.14,1297,1293
1,8,5,ECDSA-SHA3-512_signed-by_ECDSA-SHA3-224,ECDSA-SHA3-512_signed-by_ECDSA-SHA3-224,10.69,2686.6,1147.98,0.444444,0,0,126.889,14,3021.35,3024.72,1297,1293
1,1,3,ECDSA-SHA3-512_signed-by_ECDSA-SHA3-224,ECDSA-SHA3-512_signed-by_ECDSA-SHA3-224,29.189,983.9,759.165,1,16,0.842105,123.684,24,3041.03,3095.54,1296,1294
1,5,4,ECDSA-SHA3-512_signed-by_ECDSA-SHA3-224,ECDSA-SHA3-512_signed-by_ECDSA-SHA3-224,15.585,1843.25,1104.61,0.714286,8,0.571429,202.571,15,2975.38,3023.56,1296,1295
1,3,5,ECDSA-SHA3-512_signed-by_ECDSA-SHA3-224,ECDSA-SHA3-512_signed-by_ECDSA-SHA3-224,14.757,1946.67,848.924,1,0,0,110,24,2975.4,3005.81,1297,1294
1,2,4,ECDSA-SHA3-512_signed-by_ECDSA-SHA3-224,ECDSA-SHA3-512_signed-by_ECDSA-SHA3-224,16.739,1716.17,1111.61,1,15,1.07143,172.286,24,3033.59,2998.72,1297,1294
1,6,5,ECDSA-SHA3-512_signed-by_ECDSA-SHA3-224,ECDSA-SHA3-512_signed-by_ECDSA-SHA3-224,15.552,1846.63,1276.7,1,14,0.933333,118,8,3044.56,3018.33,1296,1294
1,7,5,ECDSA-SHA3-512_signed-by_ECDSA-SHA3-224,ECDSA-SHA3-512_signed-by_ECDSA-SHA3-224,11.311,2539.07,1084.94,1,0,0,121.556,16,3115.02,3004.33,1297,1293
1,1,4,ECDSA-SHA3-512_signed-by_ECDSA-SHA3-224,ECDSA-SHA3-512_signed-by_ECDSA-SHA3-224,12.177,2358.5,1016.98,1,0,0,117.6,24,3013.69,2983.28,1296,1294
1,5,5,ECDSA-SHA3-512_signed-by_ECDSA-SHA3-224,ECDSA-SHA3-512_signed-by_ECDSA-SHA3-224,12.502,2297.83,981.585,1,0,0,231.333,15,3010.69,3002.09,1296,1295
1,8,6,ECDSA-SHA3-512_signed-by_ECDSA-SHA3-224,ECDSA-SHA3-512_signed-by_ECDSA-SHA3-224,17.331,1657.09,1004.41,1,9,0.6,107.333,14,3026.5,3021.28,1297,1293
1,3,6,ECDSA-SHA3-512_signed-by_ECDSA-SHA3-224,ECDSA-SHA3-512_signed-by_ECDSA-SHA3-224,13.204,2175.67,948.789,1,0,0,110,24,3027.91,2992.84,1297,1294
1,2,5,ECDSA-SHA3-512_signed-by_ECDSA-SHA3-224,ECDSA-SHA3-512_signed-by_ECDSA-SHA3-224,13.701,2096.75,1554.32,1,14,0.823529,158.941,24,3038.98,2995.49,1297,1294
1,7,6,ECDSA-SHA3-512_signed-by_ECDSA-SHA3-224,ECDSA-SHA3-512_signed-by_ECDSA-SHA3-224,13.152,2183.68,933.081,1,0,0,126.889,16,3012.7,3006.34,1297,1293
1,6,6,ECDSA-SHA3-512_signed-by_ECDSA-SHA3-224,ECDSA-SHA3-512_signed-by_ECDSA-SHA3-224,15.421,1862.35,1181.74,1,12,1,133.333,8,3032.12,3068.24,1296,1294
1,5,6,ECDSA-SHA3-512_signed-by_ECDSA-SHA3-224,ECDSA-SHA3-512_signed-by_ECDSA-SHA3-224,10.227,2808.8,1199.86,1,0,0,211.333,15,3028.21,3024.2,1296,1295
1,3,7,ECDSA-SHA3-512_signed-by_ECDSA-SHA3-224,ECDSA-SHA3-512_signed-by_ECDSA-SHA3-224,10.546,2724.06,1614.26,1,7,0.538462,111.846,24,3003.21,3008.66,1297,1294
1,8,7,ECDSA-SHA3-512_signed-by_ECDSA-SHA3-224,ECDSA-SHA3-512_signed-by_ECDSA-SHA3-224,13.973,2055.35,905.729,1,6,0.545455,110.727,14,3024.52,2996.84,1297,1293
1,7,7,ECDSA-SHA3-512_signed-by_ECDSA-SHA3-224,ECDSA-SHA3-512_signed-by_ECDSA-SHA3-224,11.022,2605.68,1148.24,1,5,0.454545,110.727,16,2984.7,2977.07,1297,1293
1,6,7,ECDSA-SHA3-512_signed-by_ECDSA-SHA3-224,ECDSA-SHA3-512_signed-by_ECDSA-SHA3-224,10.53,2727.19,1320.3,1,2,0.166667,141.333,8,3023.09,3017.53,1296,1294
1,1,5,ECDSA-SHA3-512_signed-by_ECDSA-SHA3-224,ECDSA-SHA3-512_signed-by_ECDSA-SHA3-224,19.267,1490.59,1507.19,1,25,1.25,167,24,3030.3,3027.11,1296,1294
1,5,7,ECDSA-SHA3-512_signed-by_ECDSA-SHA3-224,ECDSA-SHA3-512_signed-by_ECDSA-SHA3-224,12.026,2388.63,1177.35,1,8,0.615385,181.692,15,3048.43,3015.44,1296,1295
1,3,8,ECDSA-SHA3-512_signed-by_ECDSA-SHA3-224,ECDSA-SHA3-512_signed-by_ECDSA-SHA3-224,12.742,2254.58,963.11,1,0,0,119.778,24,3017.89,2993.73,1297,1294
1,6,8,ECDSA-SHA3-512_signed-by_ECDSA-SHA3-224,ECDSA-SHA3-512_signed-by_ECDSA-SHA3-224,11.795,2434.89,1040.42,1,0,0,118,8,3020.43,3012.53,1296,1294
1,8,8,ECDSA-SHA3-512_signed-by_ECDSA-SHA3-224,ECDSA-SHA3-512_signed-by_ECDSA-SHA3-224,14.871,1931.23,1351.32,1,12,0.666667,98,14,3014.88,3006.37,1297,1293
1,7,8,ECDSA-SHA3-512_signed-by_ECDSA-SHA3-224,ECDSA-SHA3-512_signed-by_ECDSA-SHA3-224,15.074,1905.22,1237.6,1,9,0.5625,220.5,16,3027.17,2979.56,1297,1293
1,5,8,ECDSA-SHA3-512_signed-by_ECDSA-SHA3-224,ECDSA-SHA3-512_signed-by_ECDSA-SHA3-224,13.465,2133.47,1168.03,1,8,0.5,380.25,15,2996.88,3033.8,1296,1295
1,2,6,ECDSA-SHA3-512_signed-by_ECDSA-SHA3-224,ECDSA-SHA3-512_signed-by_ECDSA-SHA3-224,35.171,816.8,721.04,1,23,1,170,24,3033.27,2977.13,1297,1294
1,3,9,ECDSA-SHA3-512_signed-by_ECDSA-SHA3-224,ECDSA-SHA3-512_signed-by_ECDSA-SHA3-224,13.602,2111.97,921.011,1,0,0,110,24,3008.74,3003.66,1297,1294
1,1,6,ECDSA-SHA3-512_signed-by_ECDSA-SHA3-224,ECDSA-SHA3-512_signed-by_ECDSA-SHA3-224,23.529,1220.6,1006.4,1,17,0.894737,120.105,24,3025.92,3016.1,1296,1294
1,6,9,ECDSA-SHA3-512_signed-by_ECDSA-SHA3-224,ECDSA-SHA3-512_signed-by_ECDSA-SHA3-224,15.974,1797.86,1261,1,7,0.5,108.857,8,3017.31,3016.49,1296,1294
1,8,9,ECDSA-SHA3-512_signed-by_ECDSA-SHA3-224,ECDSA-SHA3-512_signed-by_ECDSA-SHA3-224,15.311,1875.71,1190.21,1,9,0.75,133.333,14,3021.19,2999.62,1297,1293
1,7,9,ECDSA-SHA3-512_signed-by_ECDSA-SHA3-224,ECDSA-SHA3-512_signed-by_ECDSA-SHA3-224,16.348,1756.71,1114.7,1,9,0.75,133.333,16,3032.24,3002.75,1297,1293
1,5,9,ECDSA-SHA3-512_signed-by_ECDSA-SHA3-224,ECDSA-SHA3-512_signed-by_ECDSA-SHA3-224,12.597,2280.49,1446.66,1,9,0.75,194.667,15,3011.51,3000.9,1296,1295
1,6,10,ECDSA-SHA3-512_signed-by_ECDSA-SHA3-224,ECDSA-SHA3-512_signed-by_ECDSA-SHA3-224,9.605,2990.1,1304.32,1,0,0,110,8,3035.7,3019.42,1296,1294
1,3,10,ECDSA-SHA3-512_signed-by_ECDSA-SHA3-224,ECDSA-SHA3-512_signed-by_ECDSA-SHA3-224,15.733,1825.9,1098.28,1,7,0.5,104.857,24,3045.65,3001.31,1297,1294
1,8,10,ECDSA-SHA3-512_signed-by_ECDSA-SHA3-224,ECDSA-SHA3-512_signed-by_ECDSA-SHA3-224,9.971,2880.34,1230.76,0.444444,0,0,118,14,2994.14,3019.97,1297,1293
1,2,7,ECDSA-SHA3-512_signed-by_ECDSA-SHA3-224,ECDSA-SHA3-512_signed-by_ECDSA-SHA3-224,18.088,1588.16,1203.84,0.941176,14,0.823529,194.235,24,3021.78,3033.61,1297,1294
1,1,7,ECDSA-SHA3-512_signed-by_ECDSA-SHA3-224,ECDSA-SHA3-512_signed-by_ECDSA-SHA3-224,16.106,1783.12,1056.96,1,7,0.538462,119.846,24,3013.19,3017.22,1296,1294
1,7,10,ECDSA-SHA3-512_signed-by_ECDSA-SHA3-224,ECDSA-SHA3-512_signed-by_ECDSA-SHA3-224,11.616,2472.42,1056.46,1,0,0,118,16,3018.81,2970.46,1297,1293
1,5,10,ECDSA-SHA3-512_signed-by_ECDSA-SHA3-224,ECDSA-SHA3-512_signed-by_ECDSA-SHA3-224,12.402,2316.37,1469.42,1,9,0.75,194.667,15,3006.62,3000.82,1296,1295
1,2,8,ECDSA-SHA3-512_signed-by_ECDSA-SHA3-224,ECDSA-SHA3-512_signed-by_ECDSA-SHA3-224,9.494,3025.6,1319.43,1,0,0,155.6,24,3057.27,2998.65,1297,1294
1,3,11,ECDSA-SHA3-512_signed-by_ECDSA-SHA3-224,ECDSA-SHA3-512_signed-by_ECDSA-SHA3-224,12.719,2258.62,1358.57,0.785714,7,0.5,106.571,24,3028.36,2999.93,1297,1294
1,6,11,ECDSA-SHA3-512_signed-by_ECDSA-SHA3-224,ECDSA-SHA3-512_signed-by_ECDSA-SHA3-224,14.544,1974.65,1170.49,1,7,0.538462,111.846,8,2992.3,3081.28,1296,1294
1,1,8,ECDSA-SHA3-512_signed-by_ECDSA-SHA3-224,ECDSA-SHA3-512_signed-by_ECDSA-SHA3-224,11.856,2422.37,1035.07,1,0,0,126.889,24,3002.59,2979.47,1296,1294
1,8,11,ECDSA-SHA3-512_signed-by_ECDSA-SHA3-224,ECDSA-SHA3-512_signed-by_ECDSA-SHA3-224,14.428,1990.52,1263.07,1,9,0.75,133.333,14,2997.3,2984.38,1297,1293
1,7,11,ECDSA-SHA3-512_signed-by_ECDSA-SHA3-224,ECDSA-SHA3-512_signed-by_ECDSA-SHA3-224,11.704,2453.83,1048.52,1,0,0,118,16,3021.73,2989.31,1297,1293
1,5,11,ECDSA-SHA3-512_signed-by_ECDSA-SHA3-224,ECDSA-SHA3-512_signed-by_ECDSA-SHA3-224,11.331,2535.32,1083.04,1,0,0,168.667,15,3000.2,3002.17,1296,1295
1,6,12,ECDSA-SHA3-512_signed-by_ECDSA-SHA3-224,ECDSA-SHA3-512_signed-by_ECDSA-SHA3-224,9.623,2984.22,1301.75,1,0,0,107.6,8,3024.78,3007.12,1296,1294
1,1,9,ECDSA-SHA3-512_signed-by_ECDSA-SHA3-224,ECDSA-SHA3-512_signed-by_ECDSA-SHA3-224,9.273,3096.86,1428.52,0.909091,1,0.0909091,110.364,24,3001.4,2990.04,1296,1294
1,8,12,ECDSA-SHA3-512_signed-by_ECDSA-SHA3-224,ECDSA-SHA3-512_signed-by_ECDSA-SHA3-224,10.493,2737.04,1193.93,0.4,0,0,110,14,3029.25,3016.88,1297,1293
1,5,12,ECDSA-SHA3-512_signed-by_ECDSA-SHA3-224,ECDSA-SHA3-512_signed-by_ECDSA-SHA3-224,10.04,2861.34,1222.3,0.333333,0,0,168.667,15,3021.55,2995.43,1296,1295
1,3,12,ECDSA-SHA3-512_signed-by_ECDSA-SHA3-224,ECDSA-SHA3-512_signed-by_ECDSA-SHA3-224,18.238,1575.1,1325.52,1,18,1.2,149.467,24,3020.25,2994.45,1297,1294
1,7,12,ECDSA-SHA3-512_signed-by_ECDSA-SHA3-224,ECDSA-SHA3-512_signed-by_ECDSA-SHA3-224,17.602,1631.55,967.115,0.923077,7,0.538462,111.846,16,2987.91,3064.49,1297,1293
1,2,9,ECDSA-SHA3-512_signed-by_ECDSA-SHA3-224,ECDSA-SHA3-512_signed-by_ECDSA-SHA3-224,24.786,1159.02,826.903,1,16,0.888889,200,24,3035.15,3026.11,1297,1294
1,1,10,ECDSA-SHA3-512_signed-by_ECDSA-SHA3-224,ECDSA-SHA3-512_signed-by_ECDSA-SHA3-224,12.746,2253.19,962.786,1,0,0,126.889,24,3034.82,3013.14,1296,1294
1,6,13,ECDSA-SHA3-512_signed-by_ECDSA-SHA3-224,ECDSA-SHA3-512_signed-by_ECDSA-SHA3-224,13.759,2087.3,905.853,1,5,0.5,110,8,3004.34,3028.77,1296,1294
1,5,13,ECDSA-SHA3-512_signed-by_ECDSA-SHA3-224,ECDSA-SHA3-512_signed-by_ECDSA-SHA3-224,11.638,2468.41,1064.08,1,0,0,129.6,15,3003.39,3006.36,1296,1295
1,8,13,ECDSA-SHA3-512_signed-by_ECDSA-SHA3-224,ECDSA-SHA3-512_signed-by_ECDSA-SHA3-224,13.436,2137.48,1034.8,1,6,0.5,102.667,14,3020.05,2975.49,1297,1293
1,3,13,ECDSA-SHA3-512_signed-by_ECDSA-SHA3-224,ECDSA-SHA3-512_signed-by_ECDSA-SHA3-224,16.746,1715.44,1134.07,1,9,0.6,112.667,24,3021.74,2984.07,1297,1294
1,7,13,ECDSA-SHA3-512_signed-by_ECDSA-SHA3-224,ECDSA-SHA3-512_signed-by_ECDSA-SHA3-224,14.868,1931.6,1144.97,1,7,0.538462,111.846,16,3022.84,2995.37,1297,1293
1,6,14,ECDSA-SHA3-512_signed-by_ECDSA-SHA3-224,ECDSA-SHA3-512_signed-by_ECDSA-SHA3-224,14.738,1948.63,1252.77,1,7,0.466667,140.4,8,3034.1,3014.38,1296,1294
1,8,14,ECDSA-SHA3-512_signed-by_ECDSA-SHA3-224,ECDSA-SHA3-512_signed-by_ECDSA-SHA3-224,13.514,2125.13,961.342,1,0,0,135.6,15,3009.24,3011.01,1297,1293
1,5,14,ECDSA-SHA3-512_signed-by_ECDSA-SHA3-224,ECDSA-SHA3-512_signed-by_ECDSA-SHA3-224,15.695,1830.31,798.182,1,0,0,118,15,3008.21,3021.01,1296,1295
1,2,10,ECDSA-SHA3-512_signed-by_ECDSA-SHA3-224,ECDSA-SHA3-512_signed-by_ECDSA-SHA3-224,20.47,1403.41,1490.56,1,29,1.45,247.8,24,3032.97,3013.17,1297,1294
1,1,11,ECDSA-SHA3-512_signed-by_ECDSA-SHA3-224,ECDSA-SHA3-512_signed-by_ECDSA-SHA3-224,22.207,1293.27,1328.57,1,28,1.27273,150.364,24,3025.34,3188.38,1296,1294
1,3,14,ECDSA-SHA3-512_signed-by_ECDSA-SHA3-224,ECDSA-SHA3-512_signed-by_ECDSA-SHA3-224,12.801,2244.15,998.652,1,0,0,105.636,24,3011.3,3005.04,1297,1294
1,7,14,ECDSA-SHA3-512_signed-by_ECDSA-SHA3-224,ECDSA-SHA3-512_signed-by_ECDSA-SHA3-224,15.967,1798.66,768.562,1,0,0,118,16,3043.8,2996.72,1297,1293
1,6,15,ECDSA-SHA3-512_signed-by_ECDSA-SHA3-224,ECDSA-SHA3-512_signed-by_ECDSA-SHA3-224,14.431,1990.11,868.108,0.8,0,0,118,8,3034.83,3033.61,1296,1294
1,8,15,ECDSA-SHA3-512_signed-by_ECDSA-SHA3-224,ECDSA-SHA3-512_signed-by_ECDSA-SHA3-224,13.856,2072.7,885.663,0.888889,0,0,118,15,3019.72,2987.14,1297,1293
1,5,15,ECDSA-SHA3-512_signed-by_ECDSA-SHA3-224,ECDSA-SHA3-512_signed-by_ECDSA-SHA3-224,13.622,2108.9,1337.81,0.666667,9,0.75,144,15,3014.41,3012.1,1296,1295
1,2,11,ECDSA-SHA3-512_signed-by_ECDSA-SHA3-224,ECDSA-SHA3-512_signed-by_ECDSA-SHA3-224,12.688,2264.16,1436.3,0.583333,9,0.75,270.333,24,3051.67,3002.47,1297,1294
1,1,12,ECDSA-SHA3-512_signed-by_ECDSA-SHA3-224,ECDSA-SHA3-512_signed-by_ECDSA-SHA3-224,11.592,2477.55,1058.65,0.777778,0,0,126.889,24,3023.54,2982.92,1296,1294
1,3,15,ECDSA-SHA3-512_signed-by_ECDSA-SHA3-224,ECDSA-SHA3-512_signed-by_ECDSA-SHA3-224,10.81,2657.52,1135.24,0.777778,0,0,118,24,3014.99,3007.64,1297,1294
1,7,15,ECDSA-SHA3-512_signed-by_ECDSA-SHA3-224,ECDSA-SHA3-512_signed-by_ECDSA-SHA3-224,11.507,2495.83,1066.46,1,0,0,118,16,3012.36,3101.45,1297,1293
1,6,16,ECDSA-SHA3-512_signed-by_ECDSA-SHA3-224,ECDSA-SHA3-512_signed-by_ECDSA-SHA3-224,11.179,2569.08,1522.84,1,7,0.538462,119.846,8,3038.47,3011.57,1296,1294
1,8,16,ECDSA-SHA3-512_signed-by_ECDSA-SHA3-224,ECDSA-SHA3-512_signed-by_ECDSA-SHA3-224,13.084,2194.98,977.043,1,0,0,103.455,15,3018.27,2993.06,1297,1293
1,5,16,ECDSA-SHA3-512_signed-by_ECDSA-SHA3-224,ECDSA-SHA3-512_signed-by_ECDSA-SHA3-224,13.487,2129.98,1262.21,1,7,0.538462,119.846,15,3009.11,3062.43,1296,1295
1,1,13,ECDSA-SHA3-512_signed-by_ECDSA-SHA3-224,ECDSA-SHA3-512_signed-by_ECDSA-SHA3-224,12.556,2287.29,997.742,1,0,0,118,24,3028.11,2988.6,1296,1294
1,2,12,ECDSA-SHA3-512_signed-by_ECDSA-SHA3-224,ECDSA-SHA3-512_signed-by_ECDSA-SHA3-224,15.432,1861.5,1566.55,1,18,1.2,270.8,24,3032.2,2992.86,1297,1294
1,3,16,ECDSA-SHA3-512_signed-by_ECDSA-SHA3-224,ECDSA-SHA3-512_signed-by_ECDSA-SHA3-224,14.084,2039.7,1307.54,1,10,0.769231,128.462,24,3021.08,3003.5,1297,1294
1,7,16,ECDSA-SHA3-512_signed-by_ECDSA-SHA3-224,ECDSA-SHA3-512_signed-by_ECDSA-SHA3-224,10.99,2613.24,1265.13,0.5,5,0.416667,102.667,16,3012.77,3015.33,1297,1293
1,6,17,ECDSA-SHA3-512_signed-by_ECDSA-SHA3-224,ECDSA-SHA3-512_signed-by_ECDSA-SHA3-224,12.719,2257.98,1093.14,0.833333,5,0.416667,110,8,3018.4,2994.16,1296,1294
1,8,17,ECDSA-SHA3-512_signed-by_ECDSA-SHA3-224,ECDSA-SHA3-512_signed-by_ECDSA-SHA3-224,10.909,2632.67,1124.93,1,0,0,118,15,3005.86,2979.54,1297,1293
1,5,17,ECDSA-SHA3-512_signed-by_ECDSA-SHA3-224,ECDSA-SHA3-512_signed-by_ECDSA-SHA3-224,12.934,2221.07,1094.76,1,5,0.384615,104.462,15,3017.86,3026.69,1296,1295
1,1,14,ECDSA-SHA3-512_signed-by_ECDSA-SHA3-224,ECDSA-SHA3-512_signed-by_ECDSA-SHA3-224,13.184,2178.36,950.225,1,0,0,126.8,24,3018.71,3010.47,1296,1294
1,2,13,ECDSA-SHA3-512_signed-by_ECDSA-SHA3-224,ECDSA-SHA3-512_signed-by_ECDSA-SHA3-224,13.184,2178.96,930.807,1,0,0,200.667,24,3020.61,2984.18,1297,1294
1,3,17,ECDSA-SHA3-512_signed-by_ECDSA-SHA3-224,ECDSA-SHA3-512_signed-by_ECDSA-SHA3-224,13.443,2136.97,1598.41,1,19,1.05556,116.222,24,3005.82,3047.76,1297,1294
1,7,17,ECDSA-SHA3-512_signed-by_ECDSA-SHA3-224,ECDSA-SHA3-512_signed-by_ECDSA-SHA3-224,16.542,1736.11,1117.11,1,9,0.692308,126,16,3015.57,2983.8,1297,1293
1,6,18,ECDSA-SHA3-512_signed-by_ECDSA-SHA3-224,ECDSA-SHA3-512_signed-by_ECDSA-SHA3-224,13.989,2052.98,877.235,1,0,0,126.889,8,3034.7,3033.88,1296,1294
1,8,18,ECDSA-SHA3-512_signed-by_ECDSA-SHA3-224,ECDSA-SHA3-512_signed-by_ECDSA-SHA3-224,14.88,1930.04,1334.36,1,14,0.933333,118,15,3202.62,2981.42,1297,1293
1,5,18,ECDSA-SHA3-512_signed-by_ECDSA-SHA3-224,ECDSA-SHA3-512_signed-by_ECDSA-SHA3-224,14.297,2009.31,858.336,1,0,0,126.889,15,3136.28,3006.47,1296,1295
1,2,14,ECDSA-SHA3-512_signed-by_ECDSA-SHA3-224,ECDSA-SHA3-512_signed-by_ECDSA-SHA3-224,12.014,2391.18,1042.77,0.9,0,0,212,24,3021.22,3000.49,1297,1294
1,1,15,ECDSA-SHA3-512_signed-by_ECDSA-SHA3-224,ECDSA-SHA3-512_signed-by_ECDSA-SHA3-224,14.811,1939.04,1230.4,1,9,0.75,156,24,3041.38,3019.45,1296,1294
1,3,18,ECDSA-SHA3-512_signed-by_ECDSA-SHA3-224,ECDSA-SHA3-512_signed-by_ECDSA-SHA3-224,12.804,2243.65,958.439,1,0,0,126.889,24,3024.67,2972.99,1297,1294
1,8,19,ECDSA-SHA3-512_signed-by_ECDSA-SHA3-224,ECDSA-SHA3-512_signed-by_ECDSA-SHA3-224,9.969,2880.67,1230.91,1,0,0,118,15,3018.14,3011.9,1297,1293
1,7,18,ECDSA-SHA3-512_signed-by_ECDSA-SHA3-224,ECDSA-SHA3-512_signed-by_ECDSA-SHA3-224,17.433,1647.39,1020.55,1,7,0.4375,96.5,16,3042.91,3019.77,1297,1293
1,6,19,ECDSA-SHA3-512_signed-by_ECDSA-SHA3-224,ECDSA-SHA3-512_signed-by_ECDSA-SHA3-224,17.883,1605.93,1231.96,1,14,0.777778,110.444,8,3039.89,3012.04,1296,1294
1,1,16,ECDSA-SHA3-512_signed-by_ECDSA-SHA3-224,ECDSA-SHA3-512_signed-by_ECDSA-SHA3-224,13.036,2203.08,1397.94,1,9,0.75,156,24,3106.75,2982.12,1296,1294
1,2,15,ECDSA-SHA3-512_signed-by_ECDSA-SHA3-224,ECDSA-SHA3-512_signed-by_ECDSA-SHA3-224,14.608,1966.54,1779.8,1,27,1.42105,228.526,24,3000.19,3000.38,1297,1294
1,3,19,ECDSA-SHA3-512_signed-by_ECDSA-SHA3-224,ECDSA-SHA3-512_signed-by_ECDSA-SHA3-224,14.059,2043.32,1296.21,1,9,0.75,144,24,3021.64,2990.98,1297,1294
1,5,19,ECDSA-SHA3-512_signed-by_ECDSA-SHA3-224,ECDSA-SHA3-512_signed-by_ECDSA-SHA3-224,18.272,1572.18,1412.38,1,23,1.27778,151.333,15,3015.61,2986.13,1296,1295
1,8,20,ECDSA-SHA3-512_signed-by_ECDSA-SHA3-224,ECDSA-SHA3-512_signed-by_ECDSA-SHA3-224,12.309,2333.2,996.972,1,0,0,118,15,3014.24,2992.74,1297,1293
1,7,19,ECDSA-SHA3-512_signed-by_ECDSA-SHA3-224,ECDSA-SHA3-512_signed-by_ECDSA-SHA3-224,14.068,2041.48,908.716,1,0,0,101.273,16,3003.45,2998.49,1297,1293
1,6,20,ECDSA-SHA3-512_signed-by_ECDSA-SHA3-224,ECDSA-SHA3-512_signed-by_ECDSA-SHA3-224,13.391,2144.7,1365.68,1,2,0.166667,120.667,8,3033.38,3022.44,1296,1294
1,3,20,ECDSA-SHA3-512_signed-by_ECDSA-SHA3-224,ECDSA-SHA3-512_signed-by_ECDSA-SHA3-224,12.75,2253.15,1090.5,1,5,0.416667,110,24,3017.37,3004.07,1297,1294
1,2,16,ECDSA-SHA3-512_signed-by_ECDSA-SHA3-224,ECDSA-SHA3-512_signed-by_ECDSA-SHA3-224,14.531,1976.96,1149.51,1,12,0.666667,150.222,24,3085.1,2985.61,1297,1294
1,5,20,ECDSA-SHA3-512_signed-by_ECDSA-SHA3-224,ECDSA-SHA3-512_signed-by_ECDSA-SHA3-224,14.464,1986.12,883.825,1,0,0,108.545,15,3044.47,3000.32,1296,1295
1,8,21,ECDSA-SHA3-512_signed-by_ECDSA-SHA3-224,ECDSA-SHA3-512_signed-by_ECDSA-SHA3-224,14.39,1995.78,1253.06,1,2,0.181818,120.909,15,2999.97,3018.2,1297,1293
1,7,20,ECDSA-SHA3-512_signed-by_ECDSA-SHA3-224,ECDSA-SHA3-512_signed-by_ECDSA-SHA3-224,10.927,2628.31,2763.03,1,12,0.666667,111.333,16,3009.62,3015.16,1297,1293
1,6,21,ECDSA-SHA3-512_signed-by_ECDSA-SHA3-224,ECDSA-SHA3-512_signed-by_ECDSA-SHA3-224,11.527,2491.49,1086.82,1,0,0,115.6,8,3019.56,3031.33,1296,1294
1,2,17,ECDSA-SHA3-512_signed-by_ECDSA-SHA3-224,ECDSA-SHA3-512_signed-by_ECDSA-SHA3-224,11.178,2570.03,1243.86,0.75,2,0.166667,198.667,24,3085.64,3000.24,1297,1294
1,3,21,ECDSA-SHA3-512_signed-by_ECDSA-SHA3-224,ECDSA-SHA3-512_signed-by_ECDSA-SHA3-224,12.58,2283.58,1937,0.875,19,1.1875,144,24,3018.63,2998.78,1297,1294
1,8,22,ECDSA-SHA3-512_signed-by_ECDSA-SHA3-224,ECDSA-SHA3-512_signed-by_ECDSA-SHA3-224,9.676,2967.88,1605.47,0.8,10,0.666667,94,15,3002.65,2995.49,1297,1293
1,5,21,ECDSA-SHA3-512_signed-by_ECDSA-SHA3-224,ECDSA-SHA3-512_signed-by_ECDSA-SHA3-224,13.491,2129.39,1350.81,1,9,0.75,144,15,3007.14,3004.01,1296,1295
1,7,21,ECDSA-SHA3-512_signed-by_ECDSA-SHA3-224,ECDSA-SHA3-512_signed-by_ECDSA-SHA3-224,9.629,2982.38,1300.95,1,0,0,110,16,3252.11,3002.27,1297,1293
1,6,22,ECDSA-SHA3-512_signed-by_ECDSA-SHA3-224,ECDSA-SHA3-512_signed-by_ECDSA-SHA3-224,10.388,2764.73,1299.96,1,1,0.0833333,106.333,8,3055.56,3007.33,1296,1294
1,8,23,ECDSA-SHA3-512_signed-by_ECDSA-SHA3-224,ECDSA-SHA3-512_signed-by_ECDSA-SHA3-224,8.557,3355.98,1815.41,0.666667,10,0.666667,94,15,3007.02,3000.27,1297,1293
1,3,22,ECDSA-SHA3-512_signed-by_ECDSA-SHA3-224,ECDSA-SHA3-512_signed-by_ECDSA-SHA3-224,10.074,2851.7,1905.9,1,10,0.714286,128.571,24,3035.9,2993.11,1297,1294
1,2,18,ECDSA-SHA3-512_signed-by_ECDSA-SHA3-224,ECDSA-SHA3-512_signed-by_ECDSA-SHA3-224,12.878,2230.72,1434.97,1,9,0.692308,146.923,24,3032.12,3000.24,1297,1294
1,7,22,ECDSA-SHA3-512_signed-by_ECDSA-SHA3-224,ECDSA-SHA3-512_signed-by_ECDSA-SHA3-224,9.291,3091.11,1320.83,1,0,0,118,16,3018.39,3017.32,1297,1293
1,6,23,ECDSA-SHA3-512_signed-by_ECDSA-SHA3-224,ECDSA-SHA3-512_signed-by_ECDSA-SHA3-224,14.006,2050.44,1572.95,1,14,0.777778,110.444,8,3024.36,3037.82,1296,1294
1,3,23,ECDSA-SHA3-512_signed-by_ECDSA-SHA3-224,ECDSA-SHA3-512_signed-by_ECDSA-SHA3-224,10.419,2757.18,1749.06,1,9,0.75,144,24,2985.46,2998.65,1297,1294
1,2,19,ECDSA-SHA3-512_signed-by_ECDSA-SHA3-224,ECDSA-SHA3-512_signed-by_ECDSA-SHA3-224,12.295,2336.45,1018.9,1,0,0,126.8,24,3040.09,2994.49,1297,1294
1,1,17,ECDSA-SHA3-512_signed-by_ECDSA-SHA3-224,ECDSA-SHA3-512_signed-by_ECDSA-SHA3-224,52.357,548.537,551.592,1,32,1.23077,111.538,24,3038.72,3089.85,1296,1294
1,7,23,ECDSA-SHA3-512_signed-by_ECDSA-SHA3-224,ECDSA-SHA3-512_signed-by_ECDSA-SHA3-224,12.216,2350.92,1593.91,1,5,0.384615,122.308,16,3033.28,2997.03,1297,1293
1,5,22,ECDSA-SHA3-512_signed-by_ECDSA-SHA3-224,ECDSA-SHA3-512_signed-by_ECDSA-SHA3-224,22.427,1280.92,1371.16,1,25,1.08696,116.957,15,3000.6,2988.29,1296,1295
1,8,24,ECDSA-SHA3-512_signed-by_ECDSA-SHA3-224,ECDSA-SHA3-512_signed-by_ECDSA-SHA3-224,24.056,1193.88,1273.69,1,27,1.125,115.333,15,3145.67,2980.64,1297,1293
1,6,24,ECDSA-SHA3-512_signed-by_ECDSA-SHA3-224,ECDSA-SHA3-512_signed-by_ECDSA-SHA3-224,13.831,2076.39,991.346,1,2,0.181818,114.364,8,3007.94,3025.02,1296,1294
1,3,24,ECDSA-SHA3-512_signed-by_ECDSA-SHA3-224,ECDSA-SHA3-512_signed-by_ECDSA-SHA3-224,16.287,1763.85,1092.4,1,7,0.4375,104.5,24,2986.08,3004.91,1297,1294
1,7,24,ECDSA-SHA3-512_signed-by_ECDSA-SHA3-224,ECDSA-SHA3-512_signed-by_ECDSA-SHA3-224,11.686,2457.54,1066.53,1,5,0.5,110,16,3015.36,2998.58,1297,1293
1,5,23,ECDSA-SHA3-512_signed-by_ECDSA-SHA3-224,ECDSA-SHA3-512_signed-by_ECDSA-SHA3-224,12.161,2362.2,1009.08,1,0,0,127.778,15,3027.52,3007.09,1296,1295
1,1,18,ECDSA-SHA3-512_signed-by_ECDSA-SHA3-224,ECDSA-SHA3-512_signed-by_ECDSA-SHA3-224,14.052,2043.72,1631.56,1,20,1,171.6,24,3096.35,3000.38,1296,1294
1,2,20,ECDSA-SHA3-512_signed-by_ECDSA-SHA3-224,ECDSA-SHA3-512_signed-by_ECDSA-SHA3-224,17.526,1639.15,1650.57,1,25,1.31579,164.737,24,3056.54,3018.43,1297,1294
1,6,25,ECDSA-SHA3-512_signed-by_ECDSA-SHA3-224,ECDSA-SHA3-512_signed-by_ECDSA-SHA3-224,10.282,2793.17,1193.52,1,0,0,126.889,8,3032.95,3002.24,1296,1294
1,8,25,ECDSA-SHA3-512_signed-by_ECDSA-SHA3-224,ECDSA-SHA3-512_signed-by_ECDSA-SHA3-224,13.215,2173.2,1417.72,1,9,0.642857,139.143,15,3014.43,2997.49,1297,1293
1,7,25,ECDSA-SHA3-512_signed-by_ECDSA-SHA3-224,ECDSA-SHA3-512_signed-by_ECDSA-SHA3-224,12.534,2291.28,1473.06,1,7,0.466667,136.667,16,3017.15,3036.73,1297,1293
1,5,24,ECDSA-SHA3-512_signed-by_ECDSA-SHA3-224,ECDSA-SHA3-512_signed-by_ECDSA-SHA3-224,13.081,2196.07,1301.37,1,7,0.538462,128.462,15,3032.88,3190.32,1296,1295
1,1,19,ECDSA-SHA3-512_signed-by_ECDSA-SHA3-224,ECDSA-SHA3-512_signed-by_ECDSA-SHA3-224,13.953,2058.23,1314.06,1,9,0.692308,146.615,24,3025.97,2989.39,1296,1294
1,6,26,ECDSA-SHA3-512_signed-by_ECDSA-SHA3-224,ECDSA-SHA3-512_signed-by_ECDSA-SHA3-224,9.623,2984.47,1275.26,1,0,0,126.889,8,3033.72,3023.08,1296,1294
1,2,21,ECDSA-SHA3-512_signed-by_ECDSA-SHA3-224,ECDSA-SHA3-512_signed-by_ECDSA-SHA3-224,15.152,1895.88,1587.03,1,21,0.913043,110.696,24,3040.33,2987.85,1297,1294
1,8,26,ECDSA-SHA3-512_signed-by_ECDSA-SHA3-224,ECDSA-SHA3-512_signed-by_ECDSA-SHA3-224,12.993,2210.34,1022.05,1,1,0.0909091,120.545,15,3049.68,3055.07,1297,1293
1,7,26,ECDSA-SHA3-512_signed-by_ECDSA-SHA3-224,ECDSA-SHA3-512_signed-by_ECDSA-SHA3-224,10.475,2741.72,1171.53,1,0,0,118,16,3022.32,3047.6,1297,1293
1,5,25,ECDSA-SHA3-512_signed-by_ECDSA-SHA3-224,ECDSA-SHA3-512_signed-by_ECDSA-SHA3-224,11.182,2569.06,1243.39,0.416667,5,0.416667,118,15,3010.8,3007.99,1296,1295
1,1,20,ECDSA-SHA3-512_signed-by_ECDSA-SHA3-224,ECDSA-SHA3-512_signed-by_ECDSA-SHA3-224,12.523,2293.32,979.932,0.222222,0,0,136.667,24,3008.35,2993.28,1296,1294
1,6,27,ECDSA-SHA3-512_signed-by_ECDSA-SHA3-224,ECDSA-SHA3-512_signed-by_ECDSA-SHA3-224,12.291,2336.61,998.428,0.222222,0,0,126.889,8,3042.11,3002.38,1296,1294
1,2,22,ECDSA-SHA3-512_signed-by_ECDSA-SHA3-224,ECDSA-SHA3-512_signed-by_ECDSA-SHA3-224,11.082,2592.28,1107.37,0.777778,0,0,136.667,24,3036.71,3008.65,1297,1294
1,3,25,ECDSA-SHA3-512_signed-by_ECDSA-SHA3-224,ECDSA-SHA3-512_signed-by_ECDSA-SHA3-224,32.473,884.659,1142.59,1,40,1.53846,142.615,24,3027.49,2999.26,1297,1294
1,8,27,ECDSA-SHA3-512_signed-by_ECDSA-SHA3-224,ECDSA-SHA3-512_signed-by_ECDSA-SHA3-224,10.556,2720.72,1162.56,1,0,0,136.667,15,3008.99,3008.97,1297,1293
1,7,27,ECDSA-SHA3-512_signed-by_ECDSA-SHA3-224,ECDSA-SHA3-512_signed-by_ECDSA-SHA3-224,10.061,2854.32,1257.81,1,6,0.545455,103.455,16,3033.11,3019.6,1297,1293
1,6,28,ECDSA-SHA3-512_signed-by_ECDSA-SHA3-224,ECDSA-SHA3-512_signed-by_ECDSA-SHA3-224,8.241,3484.66,1520.05,1,0,0,118,8,3031.5,3022.64,1296,1294
1,1,21,ECDSA-SHA3-512_signed-by_ECDSA-SHA3-224,ECDSA-SHA3-512_signed-by_ECDSA-SHA3-224,10.917,2630.74,1171.01,1,0,0,109.273,24,3032.91,3016.93,1296,1294
1,5,26,ECDSA-SHA3-512_signed-by_ECDSA-SHA3-224,ECDSA-SHA3-512_signed-by_ECDSA-SHA3-224,16.807,1709.21,1307.02,1,15,0.833333,118,15,3022.42,3012.58,1296,1295
1,3,26,ECDSA-SHA3-512_signed-by_ECDSA-SHA3-224,ECDSA-SHA3-512_signed-by_ECDSA-SHA3-224,11.141,2578.53,1101.5,0.666667,0,0,126.889,24,3004.01,3053.01,1297,1294
1,2,23,ECDSA-SHA3-512_signed-by_ECDSA-SHA3-224,ECDSA-SHA3-512_signed-by_ECDSA-SHA3-224,13.735,2091.52,1445.6,1,14,0.933333,137.2,24,3056.57,2999.73,1297,1294
1,7,28,ECDSA-SHA3-512_signed-by_ECDSA-SHA3-224,ECDSA-SHA3-512_signed-by_ECDSA-SHA3-224,11.605,2474.73,1322.15,1,8,0.571429,130.571,16,3037.21,2997.98,1297,1293
1,8,28,ECDSA-SHA3-512_signed-by_ECDSA-SHA3-224,ECDSA-SHA3-512_signed-by_ECDSA-SHA3-224,14.755,1946.4,1235.07,1,9,0.75,150.667,15,3016.49,2991.06,1297,1293
1,6,29,ECDSA-SHA3-512_signed-by_ECDSA-SHA3-224,ECDSA-SHA3-512_signed-by_ECDSA-SHA3-224,12.607,2278.06,1102.86,1,5,0.416667,110,9,3008.24,3020.79,1296,1294
1,1,22,ECDSA-SHA3-512_signed-by_ECDSA-SHA3-224,ECDSA-SHA3-512_signed-by_ECDSA-SHA3-224,13.387,2145.3,1038.59,1,5,0.416667,118,24,3020.16,3034.94,1296,1294
1,2,24,ECDSA-SHA3-512_signed-by_ECDSA-SHA3-224,ECDSA-SHA3-512_signed-by_ECDSA-SHA3-224,12.5,2298.17,1002.21,1,0,0,118,24,3018.97,3032.58,1297,1294
1,5,27,ECDSA-SHA3-512_signed-by_ECDSA-SHA3-224,ECDSA-SHA3-512_signed-by_ECDSA-SHA3-224,15.329,1874.01,1439.3,1,11,0.785714,139.143,15,3005.93,3006.12,1296,1295
1,3,27,ECDSA-SHA3-512_signed-by_ECDSA-SHA3-224,ECDSA-SHA3-512_signed-by_ECDSA-SHA3-224,17.013,1688.51,1086.17,1,9,0.692308,133.385,24,3105.48,2992.62,1297,1294
1,7,29,ECDSA-SHA3-512_signed-by_ECDSA-SHA3-224,ECDSA-SHA3-512_signed-by_ECDSA-SHA3-224,16.149,1778.36,1342.44,1,17,0.894737,158.842,16,3031.79,3020.7,1297,1293
1,6,30,ECDSA-SHA3-512_signed-by_ECDSA-SHA3-224,ECDSA-SHA3-512_signed-by_ECDSA-SHA3-224,12.365,2322.6,1473.78,1,9,0.75,144,9,2990.05,3014.81,1296,1294
1,8,29,ECDSA-SHA3-512_signed-by_ECDSA-SHA3-224,ECDSA-SHA3-512_signed-by_ECDSA-SHA3-224,15.877,1808.81,1175.98,1,10,0.714286,130.571,15,3004.66,2970.91,1297,1293
1,1,23,ECDSA-SHA3-512_signed-by_ECDSA-SHA3-224,ECDSA-SHA3-512_signed-by_ECDSA-SHA3-224,11.32,2537.06,1084.08,0.888889,0,0,136.667,24,3024.68,2955.72,1296,1294
1,2,25,ECDSA-SHA3-512_signed-by_ECDSA-SHA3-224,ECDSA-SHA3-512_signed-by_ECDSA-SHA3-224,12.954,2217.67,967.103,1,0,0,118,24,3031.03,2996.46,1297,1294
1,3,28,ECDSA-SHA3-512_signed-by_ECDSA-SHA3-224,ECDSA-SHA3-512_signed-by_ECDSA-SHA3-224,10.517,2731.34,1166.77,1,0,0,118,24,2999.75,2998.11,1297,1294
1,5,28,ECDSA-SHA3-512_signed-by_ECDSA-SHA3-224,ECDSA-SHA3-512_signed-by_ECDSA-SHA3-224,13.605,2111.54,1339.49,1,9,0.75,156,15,2994.32,3000.99,1296,1295
1,7,30,ECDSA-SHA3-512_signed-by_ECDSA-SHA3-224,ECDSA-SHA3-512_signed-by_ECDSA-SHA3-224,11.603,2475.22,1587.17,1,13,1,126,16,3017.37,3011.29,1297,1293
1,6,31,ECDSA-SHA3-512_signed-by_ECDSA-SHA3-224,ECDSA-SHA3-512_signed-by_ECDSA-SHA3-224,11.386,2522.18,1221.04,1,5,0.416667,110,9,3024.5,3018.95,1296,1294
1,1,24,ECDSA-SHA3-512_signed-by_ECDSA-SHA3-224,ECDSA-SHA3-512_signed-by_ECDSA-SHA3-224,9.946,2887.33,1233.75,1,0,0,136.667,24,3048.09,2988.05,1296,1294
1,8,30,ECDSA-SHA3-512_signed-by_ECDSA-SHA3-224,ECDSA-SHA3-512_signed-by_ECDSA-SHA3-224,13.056,2199.71,1687.47,1,14,0.777778,106,15,3020.72,2958.82,1297,1293
1,3,29,ECDSA-SHA3-512_signed-by_ECDSA-SHA3-224,ECDSA-SHA3-512_signed-by_ECDSA-SHA3-224,11.262,2550.83,1112.39,0.8,0,0,110,24,3012.03,2994.99,1297,1294
1,5,29,ECDSA-SHA3-512_signed-by_ECDSA-SHA3-224,ECDSA-SHA3-512_signed-by_ECDSA-SHA3-224,13.433,2138.54,1286.34,0.571429,7,0.5,122,15,3023.5,3032.88,1296,1295
1,6,32,ECDSA-SHA3-512_signed-by_ECDSA-SHA3-224,ECDSA-SHA3-512_signed-by_ECDSA-SHA3-224,11.513,2494.52,1065.9,0.777778,0,0,126.889,9,3019.48,2996.41,1296,1294
1,2,26,ECDSA-SHA3-512_signed-by_ECDSA-SHA3-224,ECDSA-SHA3-512_signed-by_ECDSA-SHA3-224,15.991,1796.44,1151.6,0.923077,10,0.769231,135.846,24,3038.76,2986.66,1297,1294
1,7,31,ECDSA-SHA3-512_signed-by_ECDSA-SHA3-224,ECDSA-SHA3-512_signed-by_ECDSA-SHA3-224,14.442,1988.57,962.712,0.583333,2,0.166667,141.333,16,3046.07,3019.7,1297,1293
1,1,25,ECDSA-SHA3-512_signed-by_ECDSA-SHA3-224,ECDSA-SHA3-512_signed-by_ECDSA-SHA3-224,13.786,2083.2,1321.88,0.666667,9,0.75,150.667,24,3025.77,2974.87,1296,1294
1,8,31,ECDSA-SHA3-512_signed-by_ECDSA-SHA3-224,ECDSA-SHA3-512_signed-by_ECDSA-SHA3-224,11.675,2459.92,1051.12,0.111111,0,0,118,15,3027.22,2975.42,1297,1293
1,3,30,ECDSA-SHA3-512_signed-by_ECDSA-SHA3-224,ECDSA-SHA3-512_signed-by_ECDSA-SHA3-224,9.472,3032.64,1474.52,0.25,3,0.25,98.6667,24,3006.88,3010.14,1297,1294
1,5,30,ECDSA-SHA3-512_signed-by_ECDSA-SHA3-224,ECDSA-SHA3-512_signed-by_ECDSA-SHA3-224,8.509,3375.88,1442.11,0.666667,0,0,136.667,15,3017.78,3027.99,1296,1295
1,6,33,ECDSA-SHA3-512_signed-by_ECDSA-SHA3-224,ECDSA-SHA3-512_signed-by_ECDSA-SHA3-224,10.09,2846.12,1227.24,0.9,0,0,117.6,9,3007.5,3005.88,1296,1294
1,2,27,ECDSA-SHA3-512_signed-by_ECDSA-SHA3-224,ECDSA-SHA3-512_signed-by_ECDSA-SHA3-224,11.026,2605.47,1113,1,0,0,126.889,24,3046.56,3043.97,1297,1294
1,7,32,ECDSA-SHA3-512_signed-by_ECDSA-SHA3-224,ECDSA-SHA3-512_signed-by_ECDSA-SHA3-224,12.378,2320.22,1012.11,1,0,0,110,16,3023.09,3002.3,1297,1293
1,8,32,ECDSA-SHA3-512_signed-by_ECDSA-SHA3-224,ECDSA-SHA3-512_signed-by_ECDSA-SHA3-224,11.735,2447.36,1045.75,1,0,0,118,15,3013.97,2965.8,1297,1293
1,1,26,ECDSA-SHA3-512_signed-by_ECDSA-SHA3-224,ECDSA-SHA3-512_signed-by_ECDSA-SHA3-224,15.241,1884.33,1428.73,1,14,0.823529,111.412,24,3041.68,2990.56,1296,1294
1,5,31,ECDSA-SHA3-512_signed-by_ECDSA-SHA3-224,ECDSA-SHA3-512_signed-by_ECDSA-SHA3-224,10.647,2698.21,1459.19,1,10,0.666667,106.267,15,3022.75,3015.26,1296,1295
1,3,31,ECDSA-SHA3-512_signed-by_ECDSA-SHA3-224,ECDSA-SHA3-512_signed-by_ECDSA-SHA3-224,14.319,2006.24,943.059,1,0,0,118.667,24,3020.71,3002.57,1297,1294
1,8,33,ECDSA-SHA3-512_signed-by_ECDSA-SHA3-224,ECDSA-SHA3-512_signed-by_ECDSA-SHA3-224,8.858,3241.94,1385.27,1,0,0,118,15,3026.84,2989.43,1297,1293
1,6,34,ECDSA-SHA3-512_signed-by_ECDSA-SHA3-224,ECDSA-SHA3-512_signed-by_ECDSA-SHA3-224,13.994,2052.25,1320.53,1,9,0.692308,134,9,3032.91,2990.42,1296,1294
1,5,32,ECDSA-SHA3-512_signed-by_ECDSA-SHA3-224,ECDSA-SHA3-512_signed-by_ECDSA-SHA3-224,7.743,3709.75,1584.73,0,0,0,136.667,15,3005.14,3014.11,1296,1295
1,2,28,ECDSA-SHA3-512_signed-by_ECDSA-SHA3-224,ECDSA-SHA3-512_signed-by_ECDSA-SHA3-224,15.189,1891.28,1433.61,1,14,0.823529,117.059,24,3029.88,2972.86,1297,1294
1,3,32,ECDSA-SHA3-512_signed-by_ECDSA-SHA3-224,ECDSA-SHA3-512_signed-by_ECDSA-SHA3-224,10.349,2775.87,1185.79,0.444444,0,0,118,24,3048.04,3006.55,1297,1294
1,1,27,ECDSA-SHA3-512_signed-by_ECDSA-SHA3-224,ECDSA-SHA3-512_signed-by_ECDSA-SHA3-224,14.115,2034.64,1291.06,0.916667,9,0.75,133.333,24,3026.09,3004.79,1296,1294
1,7,33,ECDSA-SHA3-512_signed-by_ECDSA-SHA3-224,ECDSA-SHA3-512_signed-by_ECDSA-SHA3-224,18.192,1578.64,1012.26,1,10,0.769231,126,16,3016.69,3015.98,1297,1293
1,8,34,ECDSA-SHA3-512_signed-by_ECDSA-SHA3-224,ECDSA-SHA3-512_signed-by_ECDSA-SHA3-224,9.415,3050.44,1303.45,0.444444,0,0,118,15,3151.8,2981.58,1297,1293
1,6,35,ECDSA-SHA3-512_signed-by_ECDSA-SHA3-224,ECDSA-SHA3-512_signed-by_ECDSA-SHA3-224,10.607,2707.59,1156.95,0.888889,0,0,126.889,9,3040.06,3021.27,1296,1294
1,5,33,ECDSA-SHA3-512_signed-by_ECDSA-SHA3-224,ECDSA-SHA3-512_signed-by_ECDSA-SHA3-224,10.856,2646.26,1678.69,0.666667,9,0.75,156,15,3004.54,3012.55,1296,1295
1,2,29,ECDSA-SHA3-512_signed-by_ECDSA-SHA3-224,ECDSA-SHA3-512_signed-by_ECDSA-SHA3-224,12.783,2247.32,1445.64,0.615385,9,0.692308,135.846,24,3004.73,3002.56,1297,1294
1,3,33,ECDSA-SHA3-512_signed-by_ECDSA-SHA3-224,ECDSA-SHA3-512_signed-by_ECDSA-SHA3-224,10.675,2691.12,1149.59,0.444444,0,0,118,24,2985.52,3004.25,1297,1294
1,1,28,ECDSA-SHA3-512_signed-by_ECDSA-SHA3-224,ECDSA-SHA3-512_signed-by_ECDSA-SHA3-224,10.846,2647.95,1131.46,0.888889,0,0,118,24,3030.58,2972.27,1296,1294
1,7,34,ECDSA-SHA3-512_signed-by_ECDSA-SHA3-224,ECDSA-SHA3-512_signed-by_ECDSA-SHA3-224,11.215,2560.81,1094.23,0.888889,0,0,118,16,2995.01,3006.86,1297,1293
1,6,36,ECDSA-SHA3-512_signed-by_ECDSA-SHA3-224,ECDSA-SHA3-512_signed-by_ECDSA-SHA3-224,10.9,2634.84,1125.86,0.444444,0,0,126.889,9,3023.32,3020.15,1296,1294
1,8,35,ECDSA-SHA3-512_signed-by_ECDSA-SHA3-224,ECDSA-SHA3-512_signed-by_ECDSA-SHA3-224,13.006,2208.16,1401.16,0.833333,9,0.75,133.333,15,3003.31,2985.41,1297,1293
1,2,30,ECDSA-SHA3-512_signed-by_ECDSA-SHA3-224,ECDSA-SHA3-512_signed-by_ECDSA-SHA3-224,10.062,2855.04,1276.86,0.75,7,0.583333,104.667,24,3035.57,3019.26,1297,1294
1,5,34,ECDSA-SHA3-512_signed-by_ECDSA-SHA3-224,ECDSA-SHA3-512_signed-by_ECDSA-SHA3-224,13.826,2077.75,1301.85,0.6,8,0.533333,108.667,15,3013.2,3008.3,1296,1295
1,1,29,ECDSA-SHA3-512_signed-by_ECDSA-SHA3-224,ECDSA-SHA3-512_signed-by_ECDSA-SHA3-224,9.047,3174.19,1356.33,0.555556,0,0,118,24,2986.47,2990.23,1296,1294
1,3,34,ECDSA-SHA3-512_signed-by_ECDSA-SHA3-224,ECDSA-SHA3-512_signed-by_ECDSA-SHA3-224,12.181,2358.36,1496.06,0.75,9,0.75,133.333,24,3070.05,2988.79,1297,1294
1,8,36,ECDSA-SHA3-512_signed-by_ECDSA-SHA3-224,ECDSA-SHA3-512_signed-by_ECDSA-SHA3-224,10.266,2797.53,1195.38,0.666667,0,0,118.889,15,3019.98,3021.96,1297,1293
1,6,37,ECDSA-SHA3-512_signed-by_ECDSA-SHA3-224,ECDSA-SHA3-512_signed-by_ECDSA-SHA3-224,11.873,2418.87,1055.14,1,0,0,118,9,3039.51,3006.45,1296,1294
1,2,31,ECDSA-SHA3-512_signed-by_ECDSA-SHA3-224,ECDSA-SHA3-512_signed-by_ECDSA-SHA3-224,8.027,3578.58,1708.07,0.636364,0,0,175.455,24,3039.18,2997.25,1297,1294
1,7,35,ECDSA-SHA3-512_signed-by_ECDSA-SHA3-224,ECDSA-SHA3-512_signed-by_ECDSA-SHA3-224,16.707,1718.97,836.021,1,2,0.166667,100.667,16,3061.54,3011.78,1297,1293
1,5,35,ECDSA-SHA3-512_signed-by_ECDSA-SHA3-224,ECDSA-SHA3-512_signed-by_ECDSA-SHA3-224,14.056,2043.79,1211.13,0.538462,7,0.538462,128.462,15,3026.3,3043.39,1296,1295
1,1,30,ECDSA-SHA3-512_signed-by_ECDSA-SHA3-224,ECDSA-SHA3-512_signed-by_ECDSA-SHA3-224,15.557,1846.06,805.274,0.7,0,0,114.8,24,3024.29,2996.96,1296,1294
1,3,35,ECDSA-SHA3-512_signed-by_ECDSA-SHA3-224,ECDSA-SHA3-512_signed-by_ECDSA-SHA3-224,14.381,1997.59,853.329,0.777778,0,0,118,24,3027.07,2985.97,1297,1294
1,8,37,ECDSA-SHA3-512_signed-by_ECDSA-SHA3-224,ECDSA-SHA3-512_signed-by_ECDSA-SHA3-224,12.92,2222.88,1410.51,0.333333,9,0.75,133.333,15,3019.15,3021.3,1297,1293
1,6,38,ECDSA-SHA3-512_signed-by_ECDSA-SHA3-224,ECDSA-SHA3-512_signed-by_ECDSA-SHA3-224,13.091,2193.84,937.425,0.333333,0,0,126.889,9,3046.71,2979.49,1296,1294
1,2,32,ECDSA-SHA3-512_signed-by_ECDSA-SHA3-224,ECDSA-SHA3-512_signed-by_ECDSA-SHA3-224,13.346,2152.52,919.514,0.333333,0,0,126,24,3019.37,3001.07,1297,1294
1,7,36,ECDSA-SHA3-512_signed-by_ECDSA-SHA3-224,ECDSA-SHA3-512_signed-by_ECDSA-SHA3-224,11.613,2473.08,1056.74,1,0,0,118,16,3022.25,3018.82,1297,1293
1,5,36,ECDSA-SHA3-512_signed-by_ECDSA-SHA3-224,ECDSA-SHA3-512_signed-by_ECDSA-SHA3-224,11.041,2601.89,1134.66,1,0,0,118,15,3023.04,3017.62,1296,1295
1,3,36,ECDSA-SHA3-512_signed-by_ECDSA-SHA3-224,ECDSA-SHA3-512_signed-by_ECDSA-SHA3-224,10.846,2648.67,1569.58,1,7,0.538462,111.846,24,3029.96,2990.51,1297,1294
1,6,39,ECDSA-SHA3-512_signed-by_ECDSA-SHA3-224,ECDSA-SHA3-512_signed-by_ECDSA-SHA3-224,11.603,2475.12,1220.33,1,5,0.384615,104.462,9,3057.39,3033.48,1296,1294
1,8,38,ECDSA-SHA3-512_signed-by_ECDSA-SHA3-224,ECDSA-SHA3-512_signed-by_ECDSA-SHA3-224,15.434,1860.73,1131.99,1,8,0.533333,102,15,2985.93,3168.62,1297,1293
1,1,31,ECDSA-SHA3-512_signed-by_ECDSA-SHA3-224,ECDSA-SHA3-512_signed-by_ECDSA-SHA3-224,18.177,1580.01,1473.5,1,21,0.954545,107.818,24,3019.72,3041.06,1296,1294
1,2,33,ECDSA-SHA3-512_signed-by_ECDSA-SHA3-224,ECDSA-SHA3-512_signed-by_ECDSA-SHA3-224,14.881,1930.41,1241.78,1,9,0.692308,126,24,3027.71,2997.57,1297,1294
1,7,37,ECDSA-SHA3-512_signed-by_ECDSA-SHA3-224,ECDSA-SHA3-512_signed-by_ECDSA-SHA3-224,15.146,1896.11,1136.61,1,8,0.571429,106.571,16,3123.36,2991.42,1297,1293
1,5,37,ECDSA-SHA3-512_signed-by_ECDSA-SHA3-224,ECDSA-SHA3-512_signed-by_ECDSA-SHA3-224,13.549,2120.21,1045.05,0.846154,5,0.384615,97.6923,15,3007.75,3001.75,1296,1295
1,3,37,ECDSA-SHA3-512_signed-by_ECDSA-SHA3-224,ECDSA-SHA3-512_signed-by_ECDSA-SHA3-224,13.011,2207.9,1308.39,1,7,0.538462,111.846,24,3009.16,2998.27,1297,1294
1,6,40,ECDSA-SHA3-512_signed-by_ECDSA-SHA3-224,ECDSA-SHA3-512_signed-by_ECDSA-SHA3-224,12.489,2299.58,1003.1,1,0,0,118,9,3036.75,3002.62,1296,1294
1,8,39,ECDSA-SHA3-512_signed-by_ECDSA-SHA3-224,ECDSA-SHA3-512_signed-by_ECDSA-SHA3-224,11.13,2580.38,1249.22,1,5,0.416667,102.667,15,3014.79,2996.73,1297,1293
1,2,34,ECDSA-SHA3-512_signed-by_ECDSA-SHA3-224,ECDSA-SHA3-512_signed-by_ECDSA-SHA3-224,11.64,2467.99,1565.6,1,9,0.75,133.333,24,3055.33,2969.9,1297,1294
1,1,32,ECDSA-SHA3-512_signed-by_ECDSA-SHA3-224,ECDSA-SHA3-512_signed-by_ECDSA-SHA3-224,16.132,1780.23,1098.88,1,11,0.6875,98,24,3019.51,3005.02,1296,1294
1,5,38,ECDSA-SHA3-512_signed-by_ECDSA-SHA3-224,ECDSA-SHA3-512_signed-by_ECDSA-SHA3-224,13.246,2168.73,965.089,1,0,0,103.455,15,3021.66,3029.49,1296,1295
1,7,38,ECDSA-SHA3-512_signed-by_ECDSA-SHA3-224,ECDSA-SHA3-512_signed-by_ECDSA-SHA3-224,16.304,1761.45,1044.12,1,7,0.538462,111.846,16,3008.8,2998.86,1297,1293
1,3,38,ECDSA-SHA3-512_signed-by_ECDSA-SHA3-224,ECDSA-SHA3-512_signed-by_ECDSA-SHA3-224,13.064,2198.96,1317.78,0.785714,8,0.571429,106.571,24,3044.07,2987.59,1297,1294
1,6,41,ECDSA-SHA3-512_signed-by_ECDSA-SHA3-224,ECDSA-SHA3-512_signed-by_ECDSA-SHA3-224,12.063,2380.77,1519.98,0.615385,9,0.692308,135.538,9,3009.67,3026.2,1296,1294
1,8,40,ECDSA-SHA3-512_signed-by_ECDSA-SHA3-224,ECDSA-SHA3-512_signed-by_ECDSA-SHA3-224,12.195,2355,1006.29,1,0,0,118,15,3013.7,3008.31,1297,1293
1,2,35,ECDSA-SHA3-512_signed-by_ECDSA-SHA3-224,ECDSA-SHA3-512_signed-by_ECDSA-SHA3-224,10.739,2675.09,1142.74,1,0,0,118,24,3035.32,2986.35,1297,1294
1,5,39,ECDSA-SHA3-512_signed-by_ECDSA-SHA3-224,ECDSA-SHA3-512_signed-by_ECDSA-SHA3-224,9.825,2923.93,1275.1,1,0,0,110.8,15,3021.46,3023.07,1296,1295
1,1,33,ECDSA-SHA3-512_signed-by_ECDSA-SHA3-224,ECDSA-SHA3-512_signed-by_ECDSA-SHA3-224,13.737,2090.62,1101.79,1,3,0.2,120.133,24,3023.15,2985.14,1296,1294
1,7,39,ECDSA-SHA3-512_signed-by_ECDSA-SHA3-224,ECDSA-SHA3-512_signed-by_ECDSA-SHA3-224,13.568,2116.64,1604.88,0.882353,14,0.823529,110,16,2979.36,3015.07,1297,1293
1,6,42,ECDSA-SHA3-512_signed-by_ECDSA-SHA3-224,ECDSA-SHA3-512_signed-by_ECDSA-SHA3-224,11.767,2440.64,1042.88,1,0,0,126.889,9,3019.79,3027.92,1296,1294
1,3,39,ECDSA-SHA3-512_signed-by_ECDSA-SHA3-224,ECDSA-SHA3-512_signed-by_ECDSA-SHA3-224,14.048,2044.88,1563.7,1,15,0.833333,106,24,3011.43,2996.01,1297,1294
1,2,36,ECDSA-SHA3-512_signed-by_ECDSA-SHA3-224,ECDSA-SHA3-512_signed-by_ECDSA-SHA3-224,12.363,2323.6,992.595,1,0,0,118,24,3045.95,2988.84,1297,1294
1,8,41,ECDSA-SHA3-512_signed-by_ECDSA-SHA3-224,ECDSA-SHA3-512_signed-by_ECDSA-SHA3-224,13.438,2137.12,1356.09,1,9,0.75,133.333,15,3020.5,2997.15,1297,1293
1,5,40,ECDSA-SHA3-512_signed-by_ECDSA-SHA3-224,ECDSA-SHA3-512_signed-by_ECDSA-SHA3-224,9.99,2875.66,1228.42,1,0,0,118,15,2994.97,3030.94,1296,1295
1,6,43,ECDSA-SHA3-512_signed-by_ECDSA-SHA3-224,ECDSA-SHA3-512_signed-by_ECDSA-SHA3-224,9.436,3043.34,1327.54,0.9,0,0,115.6,9,3045.12,2995.72,1296,1294
1,7,40,ECDSA-SHA3-512_signed-by_ECDSA-SHA3-224,ECDSA-SHA3-512_signed-by_ECDSA-SHA3-224,11.353,2529.69,1166.9,1,1,0.0909091,102.727,16,3017.57,3013.58,1297,1293
1,1,34,ECDSA-SHA3-512_signed-by_ECDSA-SHA3-224,ECDSA-SHA3-512_signed-by_ECDSA-SHA3-224,13.954,2058.12,1233.73,0.928571,8,0.571429,106.571,24,3035.12,2998.56,1296,1294
1,2,37,ECDSA-SHA3-512_signed-by_ECDSA-SHA3-224,ECDSA-SHA3-512_signed-by_ECDSA-SHA3-224,9.894,2903.29,1266.09,0.5,0,0,110,24,3034.46,3009.04,1297,1294
1,8,42,ECDSA-SHA3-512_signed-by_ECDSA-SHA3-224,ECDSA-SHA3-512_signed-by_ECDSA-SHA3-224,13.305,2158.51,1298.71,0.571429,7,0.5,104.857,15,3052.84,3053.27,1297,1293
1,3,40,ECDSA-SHA3-512_signed-by_ECDSA-SHA3-224,ECDSA-SHA3-512_signed-by_ECDSA-SHA3-224,16.699,1720.26,1149.71,0.928571,10,0.714286,119.429,24,3016.38,2993.89,1297,1294
1,5,41,ECDSA-SHA3-512_signed-by_ECDSA-SHA3-224,ECDSA-SHA3-512_signed-by_ECDSA-SHA3-224,14.812,1939.42,863.044,0.636364,0,0,101.273,15,2991.12,3002.59,1296,1295
1,6,44,ECDSA-SHA3-512_signed-by_ECDSA-SHA3-224,ECDSA-SHA3-512_signed-by_ECDSA-SHA3-224,11.619,2471.76,1056.18,1,0,0,126.889,9,3129.79,3057.81,1296,1294
1,7,41,ECDSA-SHA3-512_signed-by_ECDSA-SHA3-224,ECDSA-SHA3-512_signed-by_ECDSA-SHA3-224,11.515,2494.09,1478.39,0.769231,7,0.538462,111.846,16,3025.52,3032.3,1297,1293
1,1,35,ECDSA-SHA3-512_signed-by_ECDSA-SHA3-224,ECDSA-SHA3-512_signed-by_ECDSA-SHA3-224,11.278,2546.5,1088.12,1,0,0,118,24,3019.03,2955.21,1296,1294
1,2,38,ECDSA-SHA3-512_signed-by_ECDSA-SHA3-224,ECDSA-SHA3-512_signed-by_ECDSA-SHA3-224,11.114,2584.81,1104.18,1,0,0,118,24,3040.92,3016.76,1297,1294
1,3,41,ECDSA-SHA3-512_signed-by_ECDSA-SHA3-224,ECDSA-SHA3-512_signed-by_ECDSA-SHA3-224,9.745,2947.96,1433.34,1,2,0.166667,98.6667,24,3028.99,3004.5,1297,1294
1,1,36,ECDSA-SHA3-512_signed-by_ECDSA-SHA3-224,ECDSA-SHA3-512_signed-by_ECDSA-SHA3-224,8.675,3310.58,1984.5,1,11,0.785714,106.571,24,3023.09,3019.73,1296,1294
1,2,39,ECDSA-SHA3-512_signed-by_ECDSA-SHA3-224,ECDSA-SHA3-512_signed-by_ECDSA-SHA3-224,9.018,3185.5,1524,1,6,0.428571,90.2857,24,3033.62,2988.03,1297,1294
1,8,43,ECDSA-SHA3-512_signed-by_ECDSA-SHA3-224,ECDSA-SHA3-512_signed-by_ECDSA-SHA3-224,16.534,1737.02,1415.75,1,19,0.95,102,15,2998.95,3016.13,1297,1293
1,6,45,ECDSA-SHA3-512_signed-by_ECDSA-SHA3-224,ECDSA-SHA3-512_signed-by_ECDSA-SHA3-224,12.986,2211.5,1846.82,1,7,0.5,126,9,3028.24,3017.06,1296,1294
1,7,42,ECDSA-SHA3-512_signed-by_ECDSA-SHA3-224,ECDSA-SHA3-512_signed-by_ECDSA-SHA3-224,13.21,2173.99,1466.69,1,13,0.764706,98.7059,16,3016.82,3002.92,1297,1293
1,5,42,ECDSA-SHA3-512_signed-by_ECDSA-SHA3-224,ECDSA-SHA3-512_signed-by_ECDSA-SHA3-224,17.886,1606.16,1002.79,1,9,0.6,103.067,15,3016.41,3105.93,1296,1295
1,3,42,ECDSA-SHA3-512_signed-by_ECDSA-SHA3-224,ECDSA-SHA3-512_signed-by_ECDSA-SHA3-224,10.349,2775.83,1196.6,1,0,0,109.6,24,3022.3,3001.23,1297,1294
1,1,37,ECDSA-SHA3-512_signed-by_ECDSA-SHA3-224,ECDSA-SHA3-512_signed-by_ECDSA-SHA3-224,9.596,2992.9,1448.93,0.666667,2,0.166667,141.333,24,3230.35,2980.58,1296,1294
1,8,44,ECDSA-SHA3-512_signed-by_ECDSA-SHA3-224,ECDSA-SHA3-512_signed-by_ECDSA-SHA3-224,10.913,2631.69,1291.65,0.615385,6,0.461538,97.6923,15,3011.96,2983.44,1297,1293
1,6,46,ECDSA-SHA3-512_signed-by_ECDSA-SHA3-224,ECDSA-SHA3-512_signed-by_ECDSA-SHA3-224,11.309,2539.53,1107.77,0.8,0,0,118,9,3026.96,3051.65,1296,1294
1,7,43,ECDSA-SHA3-512_signed-by_ECDSA-SHA3-224,ECDSA-SHA3-512_signed-by_ECDSA-SHA3-224,16.021,1792.59,813.906,1,0,0,98,16,3036.73,2993.79,1297,1293
1,3,43,ECDSA-SHA3-512_signed-by_ECDSA-SHA3-224,ECDSA-SHA3-512_signed-by_ECDSA-SHA3-224,14.621,1964.8,950.94,0.833333,5,0.416667,102.667,24,3047.86,3027.44,1297,1294
1,2,40,ECDSA-SHA3-512_signed-by_ECDSA-SHA3-224,ECDSA-SHA3-512_signed-by_ECDSA-SHA3-224,21.025,1366.31,673.453,1,2,0.153846,142,24,3043.29,3002.32,1297,1294
1,1,38,ECDSA-SHA3-512_signed-by_ECDSA-SHA3-224,ECDSA-SHA3-512_signed-by_ECDSA-SHA3-224,14.437,1989.29,850.019,1,0,0,118,24,3028.54,3007.79,1296,1294
1,5,43,ECDSA-SHA3-512_signed-by_ECDSA-SHA3-224,ECDSA-SHA3-512_signed-by_ECDSA-SHA3-224,18.418,1559.72,1088.46,1,15,0.9375,113,15,3023.37,2991.56,1296,1295
1,8,45,ECDSA-SHA3-512_signed-by_ECDSA-SHA3-224,ECDSA-SHA3-512_signed-by_ECDSA-SHA3-224,12.132,2367.28,1032.64,1,0,0,110,15,3010.41,2996.33,1297,1293
1,6,47,ECDSA-SHA3-512_signed-by_ECDSA-SHA3-224,ECDSA-SHA3-512_signed-by_ECDSA-SHA3-224,11.247,2553.36,1620.21,1,9,0.75,144,9,3014.27,2999.7,1296,1294
1,2,41,ECDSA-SHA3-512_signed-by_ECDSA-SHA3-224,ECDSA-SHA3-512_signed-by_ECDSA-SHA3-224,8.736,3288.44,1463.36,1,0,0,103.455,24,3019.8,2990.02,1297,1294
1,7,44,ECDSA-SHA3-512_signed-by_ECDSA-SHA3-224,ECDSA-SHA3-512_signed-by_ECDSA-SHA3-224,12.878,2230.09,1448.62,1,12,0.75,101.5,16,3014.08,3002.54,1297,1293
1,5,44,ECDSA-SHA3-512_signed-by_ECDSA-SHA3-224,ECDSA-SHA3-512_signed-by_ECDSA-SHA3-224,11.974,2399.12,1046.23,0.6,0,0,110,15,3008.36,3022.97,1296,1295
1,8,46,ECDSA-SHA3-512_signed-by_ECDSA-SHA3-224,ECDSA-SHA3-512_signed-by_ECDSA-SHA3-224,12.2,2354.02,1005.87,0.666667,0,0,123.333,15,3004.56,3016.3,1297,1293
1,1,39,ECDSA-SHA3-512_signed-by_ECDSA-SHA3-224,ECDSA-SHA3-512_signed-by_ECDSA-SHA3-224,14.235,2017.48,1280.17,0.916667,9,0.75,133.333,24,3027.47,3005.39,1296,1294
1,3,44,ECDSA-SHA3-512_signed-by_ECDSA-SHA3-224,ECDSA-SHA3-512_signed-by_ECDSA-SHA3-224,17.672,1625.53,1042.04,1,10,0.769231,126,24,3024.57,2982.96,1297,1294
1,6,48,ECDSA-SHA3-512_signed-by_ECDSA-SHA3-224,ECDSA-SHA3-512_signed-by_ECDSA-SHA3-224,14.572,1970.82,1250.56,0.833333,9,0.75,144,9,3028.45,3012.69,1296,1294
1,2,42,ECDSA-SHA3-512_signed-by_ECDSA-SHA3-224,ECDSA-SHA3-512_signed-by_ECDSA-SHA3-224,9.91,2898.62,1238.23,0.666667,0,0,118,24,3168.8,3015.06,1297,1294
1,7,45,ECDSA-SHA3-512_signed-by_ECDSA-SHA3-224,ECDSA-SHA3-512_signed-by_ECDSA-SHA3-224,11.598,2476.27,1080.18,1,0,0,107.6,16,3005,3022.37,1297,1293
1,8,47,ECDSA-SHA3-512_signed-by_ECDSA-SHA3-224,ECDSA-SHA3-512_signed-by_ECDSA-SHA3-224,8.22,3493.6,1786.7,1,3,0.230769,97.0769,15,3026.97,3014.9,1297,1293
1,3,45,ECDSA-SHA3-512_signed-by_ECDSA-SHA3-224,ECDSA-SHA3-512_signed-by_ECDSA-SHA3-224,9.681,2967.19,1293.96,1,0,0,110,24,3024.06,3004.29,1297,1294
1,6,49,ECDSA-SHA3-512_signed-by_ECDSA-SHA3-224,ECDSA-SHA3-512_signed-by_ECDSA-SHA3-224,8.91,3223.04,1377.2,1,0,0,126.889,9,3044.65,3002.61,1296,1294
1,2,43,ECDSA-SHA3-512_signed-by_ECDSA-SHA3-224,ECDSA-SHA3-512_signed-by_ECDSA-SHA3-224,11.698,2455.77,1142.06,1,2,0.166667,97,24,3035.97,3014.07,1297,1294
1,8,48,ECDSA-SHA3-512_signed-by_ECDSA-SHA3-224,ECDSA-SHA3-512_signed-by_ECDSA-SHA3-224,7.781,3690.66,1716.83,0.583333,1,0.0833333,97,15,3033.53,3080.71,1297,1293
1,5,45,ECDSA-SHA3-512_signed-by_ECDSA-SHA3-224,ECDSA-SHA3-512_signed-by_ECDSA-SHA3-224,20.457,1404.31,860.338,1,10,0.625,99.5,15,3026.47,3003.98,1296,1295
1,3,46,ECDSA-SHA3-512_signed-by_ECDSA-SHA3-224,ECDSA-SHA3-512_signed-by_ECDSA-SHA3-224,9.089,3160.4,1578.88,1,10,0.714286,93.4286,24,3015.29,3029.5,1297,1294
1,6,50,ECDSA-SHA3-512_signed-by_ECDSA-SHA3-224,ECDSA-SHA3-512_signed-by_ECDSA-SHA3-224,9.905,2899.52,1238.96,1,0,0,126.889,9,3033.76,3009.19,1296,1294
1,8,49,ECDSA-SHA3-512_signed-by_ECDSA-SHA3-224,ECDSA-SHA3-512_signed-by_ECDSA-SHA3-224,12.271,2340.39,1041.77,1,0,0,101.273,16,3030.88,3023.03,1297,1293
1,7,46,ECDSA-SHA3-512_signed-by_ECDSA-SHA3-224,ECDSA-SHA3-512_signed-by_ECDSA-SHA3-224,21.514,1334.92,1507.45,1,27,1.22727,123.818,16,3026.85,2985.84,1297,1293
1,2,44,ECDSA-SHA3-512_signed-by_ECDSA-SHA3-224,ECDSA-SHA3-512_signed-by_ECDSA-SHA3-224,14.091,2038.65,1272.81,1,8,0.533333,118.533,24,3029.98,3010.21,1297,1294
1,5,46,ECDSA-SHA3-512_signed-by_ECDSA-SHA3-224,ECDSA-SHA3-512_signed-by_ECDSA-SHA3-224,11.228,2558.54,1261.1,1,5,0.384615,97.6923,15,3021.65,3028.32,1296,1295
1,3,47,ECDSA-SHA3-512_signed-by_ECDSA-SHA3-224,ECDSA-SHA3-512_signed-by_ECDSA-SHA3-224,12.676,2266.26,1715.31,1,18,0.947368,164.737,24,3012.52,3022.61,1297,1294
1,6,51,ECDSA-SHA3-512_signed-by_ECDSA-SHA3-224,ECDSA-SHA3-512_signed-by_ECDSA-SHA3-224,12.18,2357.9,1511.95,1,13,1,135.846,9,3028.02,2993.95,1296,1294
1,7,47,ECDSA-SHA3-512_signed-by_ECDSA-SHA3-224,ECDSA-SHA3-512_signed-by_ECDSA-SHA3-224,11.328,2535.23,1105.9,1,0,0,110,16,2990.16,2990.16,1297,1293
1,1,40,ECDSA-SHA3-512_signed-by_ECDSA-SHA3-224,ECDSA-SHA3-512_signed-by_ECDSA-SHA3-224,40.138,715.524,479.541,1,13,0.764706,108.118,24,3072.27,2994.66,1296,1294
1,5,47,ECDSA-SHA3-512_signed-by_ECDSA-SHA3-224,ECDSA-SHA3-512_signed-by_ECDSA-SHA3-224,10.928,2628.78,1122.96,1,0,0,120.667,15,3002.99,3015.85,1296,1295
1,2,45,ECDSA-SHA3-512_signed-by_ECDSA-SHA3-224,ECDSA-SHA3-512_signed-by_ECDSA-SHA3-224,14.309,2007.6,1273.55,1,9,0.75,133.333,24,3015.75,3022.83,1297,1294
1,3,48,ECDSA-SHA3-512_signed-by_ECDSA-SHA3-224,ECDSA-SHA3-512_signed-by_ECDSA-SHA3-224,12.35,2326.06,1770.94,1,22,1.1,158.4,24,3013.38,3018.08,1297,1294
1,8,50,ECDSA-SHA3-512_signed-by_ECDSA-SHA3-224,ECDSA-SHA3-512_signed-by_ECDSA-SHA3-224,19.59,1466.04,1659.6,1,29,1.03571,105.429,16,3054.21,3025.7,1297,1293
1,6,52,ECDSA-SHA3-512_signed-by_ECDSA-SHA3-224,ECDSA-SHA3-512_signed-by_ECDSA-SHA3-224,16.122,1781.32,1353.6,1,7,0.411765,151.647,9,3026.22,3014.4,1296,1294
1,7,48,ECDSA-SHA3-512_signed-by_ECDSA-SHA3-224,ECDSA-SHA3-512_signed-by_ECDSA-SHA3-224,11.93,2407.32,1050.1,1,0,0,110,16,3027.52,2994.19,1297,1293
1,1,41,ECDSA-SHA3-512_signed-by_ECDSA-SHA3-224,ECDSA-SHA3-512_signed-by_ECDSA-SHA3-224,13.015,2206.61,1509.59,1,14,0.875,110.5,24,3024.65,3030.62,1296,1294
1,8,51,ECDSA-SHA3-512_signed-by_ECDSA-SHA3-224,ECDSA-SHA3-512_signed-by_ECDSA-SHA3-224,9.223,3113.93,1982.85,1,2,0.166667,114,16,3023.71,3002.78,1297,1293
1,2,46,ECDSA-SHA3-512_signed-by_ECDSA-SHA3-224,ECDSA-SHA3-512_signed-by_ECDSA-SHA3-224,15.338,1872.91,1122.39,1,8,0.571429,106.571,24,3058.32,3018.96,1297,1294
1,6,53,ECDSA-SHA3-512_signed-by_ECDSA-SHA3-224,ECDSA-SHA3-512_signed-by_ECDSA-SHA3-224,10.832,2651.35,1166.89,0.909091,0,0,110.364,9,3049.61,3018,1296,1294
1,3,49,ECDSA-SHA3-512_signed-by_ECDSA-SHA3-224,ECDSA-SHA3-512_signed-by_ECDSA-SHA3-224,16.373,1754.52,1300.62,1,14,0.823529,240.353,24,3017.22,2999.8,1297,1294
1,7,49,ECDSA-SHA3-512_signed-by_ECDSA-SHA3-224,ECDSA-SHA3-512_signed-by_ECDSA-SHA3-224,10.786,2662.68,1137.76,0.444444,0,0,118,16,3054.59,2980.76,1297,1293
1,5,48,ECDSA-SHA3-512_signed-by_ECDSA-SHA3-224,ECDSA-SHA3-512_signed-by_ECDSA-SHA3-224,23.054,1246.09,1271.42,1,27,1.28571,134,15,3015.62,3004.1,1296,1295
1,8,52,ECDSA-SHA3-512_signed-by_ECDSA-SHA3-224,ECDSA-SHA3-512_signed-by_ECDSA-SHA3-224,10.013,2867.99,1225.48,0.888889,0,0,118,16,2992,3018.9,1297,1293
1,1,42,ECDSA-SHA3-512_signed-by_ECDSA-SHA3-224,ECDSA-SHA3-512_signed-by_ECDSA-SHA3-224,14.954,1920.49,929.754,1,2,0.166667,150.667,24,3006.53,3018.6,1296,1294
1,2,47,ECDSA-SHA3-512_signed-by_ECDSA-SHA3-224,ECDSA-SHA3-512_signed-by_ECDSA-SHA3-224,12.335,2328.94,994.876,1,0,0,118,24,3018.73,3066.74,1297,1294
1,6,54,ECDSA-SHA3-512_signed-by_ECDSA-SHA3-224,ECDSA-SHA3-512_signed-by_ECDSA-SHA3-224,11.747,2444.85,1205.4,1,5,0.384615,104.462,9,3020.68,3030.19,1296,1294
1,3,50,ECDSA-SHA3-512_signed-by_ECDSA-SHA3-224,ECDSA-SHA3-512_signed-by_ECDSA-SHA3-224,11.859,2422.43,1072.59,1,5,0.454545,103.455,24,2982.65,3015.3,1297,1294
1,5,49,ECDSA-SHA3-512_signed-by_ECDSA-SHA3-224,ECDSA-SHA3-512_signed-by_ECDSA-SHA3-224,10.242,2804.65,1198.09,1,0,0,118,15,3004.18,3027.53,1296,1295
1,7,50,ECDSA-SHA3-512_signed-by_ECDSA-SHA3-224,ECDSA-SHA3-512_signed-by_ECDSA-SHA3-224,14.004,2050.78,1726.31,1,18,1.2,145.733,16,3028.61,3011.93,1297,1293
1,8,53,ECDSA-SHA3-512_signed-by_ECDSA-SHA3-224,ECDSA-SHA3-512_signed-by_ECDSA-SHA3-224,10.807,2657.52,1135.55,1,0,0,118,16,3017.16,3037.47,1297,1293
1,1,43,ECDSA-SHA3-512_signed-by_ECDSA-SHA3-224,ECDSA-SHA3-512_signed-by_ECDSA-SHA3-224,14.449,1987.62,1213.61,1,7,0.466667,100.4,24,3030.62,3017.31,1296,1294
1,6,55,ECDSA-SHA3-512_signed-by_ECDSA-SHA3-224,ECDSA-SHA3-512_signed-by_ECDSA-SHA3-224,11.766,2440.89,1064.75,1,0,0,115.6,9,3014.39,2994.2,1296,1294
1,3,51,ECDSA-SHA3-512_signed-by_ECDSA-SHA3-224,ECDSA-SHA3-512_signed-by_ECDSA-SHA3-224,12.354,2325.35,1109.9,1,0,0,150.727,24,3010.51,2988.68,1297,1294
1,5,50,ECDSA-SHA3-512_signed-by_ECDSA-SHA3-224,ECDSA-SHA3-512_signed-by_ECDSA-SHA3-224,11.989,2396.15,1039.6,1,5,0.5,110,15,3022.26,3027.49,1296,1295
1,7,51,ECDSA-SHA3-512_signed-by_ECDSA-SHA3-224,ECDSA-SHA3-512_signed-by_ECDSA-SHA3-224,12.902,2225.96,1432.3,1,9,0.692308,126,16,3016.5,3002.15,1297,1293
1,2,48,ECDSA-SHA3-512_signed-by_ECDSA-SHA3-224,ECDSA-SHA3-512_signed-by_ECDSA-SHA3-224,22.899,1254.53,1315.66,1,27,1.5,154,24,3016.03,3002.77,1297,1294
1,6,56,ECDSA-SHA3-512_signed-by_ECDSA-SHA3-224,ECDSA-SHA3-512_signed-by_ECDSA-SHA3-224,11.019,2606.34,1113.68,0.777778,0,0,126.889,9,3019.3,3014.35,1296,1294
1,1,44,ECDSA-SHA3-512_signed-by_ECDSA-SHA3-224,ECDSA-SHA3-512_signed-by_ECDSA-SHA3-224,12.467,2303.61,1365.48,0.538462,7,0.538462,111.846,24,3018.88,2995,1296,1294
1,8,54,ECDSA-SHA3-512_signed-by_ECDSA-SHA3-224,ECDSA-SHA3-512_signed-by_ECDSA-SHA3-224,19.227,1493.73,971.133,1,10,0.714286,119.714,16,2975.6,2994.64,1297,1293
1,3,52,ECDSA-SHA3-512_signed-by_ECDSA-SHA3-224,ECDSA-SHA3-512_signed-by_ECDSA-SHA3-224,12.353,2325.52,993.413,1,0,0,118,24,3010.42,3047.56,1297,1294
1,7,52,ECDSA-SHA3-512_signed-by_ECDSA-SHA3-224,ECDSA-SHA3-512_signed-by_ECDSA-SHA3-224,10.267,2797.26,1195.26,0.444444,0,0,118,16,3012.3,3007.18,1297,1293
1,5,51,ECDSA-SHA3-512_signed-by_ECDSA-SHA3-224,ECDSA-SHA3-512_signed-by_ECDSA-SHA3-224,13.024,2205.7,1529.43,0.533333,9,0.6,116.4,15,3030.77,2976.46,1296,1295
1,2,49,ECDSA-SHA3-512_signed-by_ECDSA-SHA3-224,ECDSA-SHA3-512_signed-by_ECDSA-SHA3-224,9.508,3021.14,1290.57,1,0,0,118,24,3046.09,3016.95,1297,1294
1,8,55,ECDSA-SHA3-512_signed-by_ECDSA-SHA3-224,ECDSA-SHA3-512_signed-by_ECDSA-SHA3-224,10.919,2630.18,1279.19,1,2,0.166667,98.6667,16,2998.98,2987.34,1297,1293
1,3,53,ECDSA-SHA3-512_signed-by_ECDSA-SHA3-224,ECDSA-SHA3-512_signed-by_ECDSA-SHA3-224,11.045,2600.89,1222.59,1,1,0.0833333,97.3333,24,3021.48,2994.34,1297,1294
1,7,53,ECDSA-SHA3-512_signed-by_ECDSA-SHA3-224,ECDSA-SHA3-512_signed-by_ECDSA-SHA3-224,10.659,2694.34,1169.3,1,4,0.4,110,16,3043.68,2979.68,1297,1293
1,1,45,ECDSA-SHA3-512_signed-by_ECDSA-SHA3-224,ECDSA-SHA3-512_signed-by_ECDSA-SHA3-224,16.088,1785.07,1389.27,0.8,21,1.05,99.2,24,3016.08,3010.59,1296,1294
1,6,57,ECDSA-SHA3-512_signed-by_ECDSA-SHA3-224,ECDSA-SHA3-512_signed-by_ECDSA-SHA3-224,17.451,1645.75,1262.5,0.888889,14,0.777778,110.444,9,3026.57,3015.51,1296,1294
1,5,52,ECDSA-SHA3-512_signed-by_ECDSA-SHA3-224,ECDSA-SHA3-512_signed-by_ECDSA-SHA3-224,13.67,2101.43,1333.07,1,9,0.75,133.333,15,3026.23,2996.1,1296,1295
1,2,50,ECDSA-SHA3-512_signed-by_ECDSA-SHA3-224,ECDSA-SHA3-512_signed-by_ECDSA-SHA3-224,10.749,2672.54,1141.65,0.444444,0,0,123.333,24,3004.82,3012.11,1297,1294
1,8,56,ECDSA-SHA3-512_signed-by_ECDSA-SHA3-224,ECDSA-SHA3-512_signed-by_ECDSA-SHA3-224,9.881,2906.52,1318.06,1,1,0.1,112,16,3016.4,2977.26,1297,1293
1,3,54,ECDSA-SHA3-512_signed-by_ECDSA-SHA3-224,ECDSA-SHA3-512_signed-by_ECDSA-SHA3-224,10.078,2850.51,1457.41,0.923077,3,0.230769,95.2308,24,3012.16,2997.9,1297,1294
1,1,46,ECDSA-SHA3-512_signed-by_ECDSA-SHA3-224,ECDSA-SHA3-512_signed-by_ECDSA-SHA3-224,8.769,3275.16,1563.69,1,0,0,150.727,24,3042.51,3028.12,1296,1294
1,7,54,ECDSA-SHA3-512_signed-by_ECDSA-SHA3-224,ECDSA-SHA3-512_signed-by_ECDSA-SHA3-224,13.905,2065.36,999.888,1,2,0.166667,141.333,16,3020.65,3011.94,1297,1293
1,5,53,ECDSA-SHA3-512_signed-by_ECDSA-SHA3-224,ECDSA-SHA3-512_signed-by_ECDSA-SHA3-224,11.024,2605.88,1113.18,1,0,0,118,15,3004.89,2991.16,1296,1295
1,6,58,ECDSA-SHA3-512_signed-by_ECDSA-SHA3-224,ECDSA-SHA3-512_signed-by_ECDSA-SHA3-224,14.459,1986.22,856.455,1,0,0,117.6,9,3012.94,3024.82,1296,1294
1,2,51,ECDSA-SHA3-512_signed-by_ECDSA-SHA3-224,ECDSA-SHA3-512_signed-by_ECDSA-SHA3-224,15.12,1899.92,1325.87,1,15,0.9375,113,24,3031.72,3030.55,1297,1294
1,8,57,ECDSA-SHA3-512_signed-by_ECDSA-SHA3-224,ECDSA-SHA3-512_signed-by_ECDSA-SHA3-224,12.756,2251.45,1428.64,1,9,0.75,133.333,16,2999.59,2969.62,1297,1293
1,1,47,ECDSA-SHA3-512_signed-by_ECDSA-SHA3-224,ECDSA-SHA3-512_signed-by_ECDSA-SHA3-224,11.538,2489.13,1085.79,1,0,0,110,24,3007.02,3017,1296,1294
1,5,54,ECDSA-SHA3-512_signed-by_ECDSA-SHA3-224,ECDSA-SHA3-512_signed-by_ECDSA-SHA3-224,12.355,2325.13,1212.1,1,3,0.214286,91.1429,15,3014.34,3031.83,1296,1295
1,7,55,ECDSA-SHA3-512_signed-by_ECDSA-SHA3-224,ECDSA-SHA3-512_signed-by_ECDSA-SHA3-224,13.155,2183.12,1387.71,1,8,0.5,97.5,16,3009.77,2984.06,1297,1293
1,8,58,ECDSA-SHA3-512_signed-by_ECDSA-SHA3-224,ECDSA-SHA3-512_signed-by_ECDSA-SHA3-224,10.869,2642.25,1859.14,1,11,0.6875,110,16,3034.73,3019.69,1297,1293
1,6,59,ECDSA-SHA3-512_signed-by_ECDSA-SHA3-224,ECDSA-SHA3-512_signed-by_ECDSA-SHA3-224,16.404,1750.78,1694.21,1,16,0.8,112.8,9,3013.27,3045.02,1296,1294
1,3,55,ECDSA-SHA3-512_signed-by_ECDSA-SHA3-224,ECDSA-SHA3-512_signed-by_ECDSA-SHA3-224,24.747,1160.82,1102.96,1,25,1,103.28,24,3019.74,2980,1297,1294
1,1,48,ECDSA-SHA3-512_signed-by_ECDSA-SHA3-224,ECDSA-SHA3-512_signed-by_ECDSA-SHA3-224,14.24,2016.74,1697.66,1,18,1.2,145.733,24,2996.86,2987.66,1296,1294
1,5,55,ECDSA-SHA3-512_signed-by_ECDSA-SHA3-224,ECDSA-SHA3-512_signed-by_ECDSA-SHA3-224,10.249,2802.94,1197.36,0.777778,0,0,118,15,3027.85,2988.62,1296,1295
1,7,56,ECDSA-SHA3-512_signed-by_ECDSA-SHA3-224,ECDSA-SHA3-512_signed-by_ECDSA-SHA3-224,10.685,2687.82,1148.5,1,0,0,118,16,3034.48,3015.64,1297,1293
1,2,52,ECDSA-SHA3-512_signed-by_ECDSA-SHA3-224,ECDSA-SHA3-512_signed-by_ECDSA-SHA3-224,21.904,1311.51,852.426,1,10,0.714286,119.714,24,3023.44,3014.52,1297,1294
1,6,60,ECDSA-SHA3-512_signed-by_ECDSA-SHA3-224,ECDSA-SHA3-512_signed-by_ECDSA-SHA3-224,11.504,2496.51,1584.14,1,9,0.75,143.333,9,3018.75,3008.46,1296,1294
1,1,49,ECDSA-SHA3-512_signed-by_ECDSA-SHA3-224,ECDSA-SHA3-512_signed-by_ECDSA-SHA3-224,9.041,3176.35,1357.25,1,0,0,118,24,3029.69,2990.02,1296,1294
1,3,56,ECDSA-SHA3-512_signed-by_ECDSA-SHA3-224,ECDSA-SHA3-512_signed-by_ECDSA-SHA3-224,12.962,2216.29,946.751,1,0,0,118,24,3006.35,2994.57,1297,1294
1,7,57,ECDSA-SHA3-512_signed-by_ECDSA-SHA3-224,ECDSA-SHA3-512_signed-by_ECDSA-SHA3-224,9.938,2889.9,1234.85,0.666667,0,0,118,16,3073.14,3005.04,1297,1293
1,5,56,ECDSA-SHA3-512_signed-by_ECDSA-SHA3-224,ECDSA-SHA3-512_signed-by_ECDSA-SHA3-224,14.211,2021.47,1777.72,0.944444,19,1.05556,127.111,15,3020.33,3013.29,1296,1295
1,2,53,ECDSA-SHA3-512_signed-by_ECDSA-SHA3-224,ECDSA-SHA3-512_signed-by_ECDSA-SHA3-224,11.972,2399.51,1106.54,0.727273,1,0.0909091,102.727,24,3041.85,3009.48,1297,1294
1,8,59,ECDSA-SHA3-512_signed-by_ECDSA-SHA3-224,ECDSA-SHA3-512_signed-by_ECDSA-SHA3-224,23.21,1237.38,1036.09,1,21,0.913043,93.6522,16,3014.76,3181.45,1297,1293
1,1,50,ECDSA-SHA3-512_signed-by_ECDSA-SHA3-224,ECDSA-SHA3-512_signed-by_ECDSA-SHA3-224,10.754,2670.57,1141.13,0.777778,0,0,118,24,3047.88,2986.38,1296,1294
1,6,61,ECDSA-SHA3-512_signed-by_ECDSA-SHA3-224,ECDSA-SHA3-512_signed-by_ECDSA-SHA3-224,12.44,2308.61,1007.04,0.7,0,0,110,9,3036.92,2981.54,1296,1294
1,7,58,ECDSA-SHA3-512_signed-by_ECDSA-SHA3-224,ECDSA-SHA3-512_signed-by_ECDSA-SHA3-224,11.454,2507.35,1071.38,0.777778,0,0,118,16,3001.67,3196.48,1297,1293
1,5,57,ECDSA-SHA3-512_signed-by_ECDSA-SHA3-224,ECDSA-SHA3-512_signed-by_ECDSA-SHA3-224,9.007,3189.49,1362.48,0.333333,0,0,118,15,3024.49,3040.03,1296,1295
1,3,57,ECDSA-SHA3-512_signed-by_ECDSA-SHA3-224,ECDSA-SHA3-512_signed-by_ECDSA-SHA3-224,13.919,2063.85,1241.41,0.5,7,0.5,106.571,24,3008.73,3035.02,1297,1294
1,2,54,ECDSA-SHA3-512_signed-by_ECDSA-SHA3-224,ECDSA-SHA3-512_signed-by_ECDSA-SHA3-224,9.221,3115.48,1330.87,0,0,0,118,24,3024.91,2985.08,1297,1294
1,8,60,ECDSA-SHA3-512_signed-by_ECDSA-SHA3-224,ECDSA-SHA3-512_signed-by_ECDSA-SHA3-224,11.319,2537.26,1084.17,0.777778,0,0,118,16,3050.92,3006.59,1297,1293
1,1,51,ECDSA-SHA3-512_signed-by_ECDSA-SHA3-224,ECDSA-SHA3-512_signed-by_ECDSA-SHA3-224,10.71,2681.56,1145.83,0.777778,0,0,118,24,3036.97,3017.77,1296,1294
1,6,62,ECDSA-SHA3-512_signed-by_ECDSA-SHA3-224,ECDSA-SHA3-512_signed-by_ECDSA-SHA3-224,11.449,2508.46,1094.22,0.7,0,0,110,9,3034.18,3019.6,1296,1294
1,5,58,ECDSA-SHA3-512_signed-by_ECDSA-SHA3-224,ECDSA-SHA3-512_signed-by_ECDSA-SHA3-224,11.462,2506.33,1092.98,0.7,0,0,110,15,3024.05,2991.52,1296,1295
1,7,59,ECDSA-SHA3-512_signed-by_ECDSA-SHA3-224,ECDSA-SHA3-512_signed-by_ECDSA-SHA3-224,12.992,2210.53,944.555,0.777778,0,0,225.556,16,3027.61,2995.01,1297,1293
1,3,58,ECDSA-SHA3-512_signed-by_ECDSA-SHA3-224,ECDSA-SHA3-512_signed-by_ECDSA-SHA3-224,14.174,2026.76,1201.05,0.538462,7,0.538462,111.846,24,3018.29,2990.29,1297,1294
1,2,55,ECDSA-SHA3-512_signed-by_ECDSA-SHA3-224,ECDSA-SHA3-512_signed-by_ECDSA-SHA3-224,14.829,1937.24,1228.91,0.75,9,0.75,133.333,24,2989.62,3007.17,1297,1294
1,8,61,ECDSA-SHA3-512_signed-by_ECDSA-SHA3-224,ECDSA-SHA3-512_signed-by_ECDSA-SHA3-224,13.008,2207.85,943.408,0.222222,0,0,118,16,3098.67,2988.6,1297,1293
1,1,52,ECDSA-SHA3-512_signed-by_ECDSA-SHA3-224,ECDSA-SHA3-512_signed-by_ECDSA-SHA3-224,12.486,2300.16,982.855,0.222222,0,0,118,24,3038.76,3041.91,1296,1294
1,6,63,ECDSA-SHA3-512_signed-by_ECDSA-SHA3-224,ECDSA-SHA3-512_signed-by_ECDSA-SHA3-224,12.179,2358.16,1141.64,0.166667,5,0.416667,102.667,9,3047.98,3018,1296,1294
1,5,59,ECDSA-SHA3-512_signed-by_ECDSA-SHA3-224,ECDSA-SHA3-512_signed-by_ECDSA-SHA3-224,11.168,2572.12,1098.76,0.222222,0,0,118,15,3023.26,3045.13,1296,1295
1,7,60,ECDSA-SHA3-512_signed-by_ECDSA-SHA3-224,ECDSA-SHA3-512_signed-by_ECDSA-SHA3-224,11.366,2526.62,1079.62,0.222222,0,0,118,16,3036.41,3018.78,1297,1293
1,3,59,ECDSA-SHA3-512_signed-by_ECDSA-SHA3-224,ECDSA-SHA3-512_signed-by_ECDSA-SHA3-224,9.064,3169.15,1382.04,0.2,0,0,112.4,24,3021.44,2968.32,1297,1294
1,2,56,ECDSA-SHA3-512_signed-by_ECDSA-SHA3-224,ECDSA-SHA3-512_signed-by_ECDSA-SHA3-224,10.336,2779.38,1345.19,0.916667,5,0.416667,102.667,24,3039.57,3017.49,1297,1294
1,8,62,ECDSA-SHA3-512_signed-by_ECDSA-SHA3-224,ECDSA-SHA3-512_signed-by_ECDSA-SHA3-224,10.826,2652.82,1343.41,0.866667,11,0.733333,89.7333,16,3024.18,2998.51,1297,1293
1,1,53,ECDSA-SHA3-512_signed-by_ECDSA-SHA3-224,ECDSA-SHA3-512_signed-by_ECDSA-SHA3-224,10.816,2655.27,1134.59,1,0,0,118,24,3029.43,3046.86,1296,1294
1,6,64,ECDSA-SHA3-512_signed-by_ECDSA-SHA3-224,ECDSA-SHA3-512_signed-by_ECDSA-SHA3-224,10.38,2766.8,1182.25,1,0,0,118,9,3021.64,3009.72,1296,1294
1,5,60,ECDSA-SHA3-512_signed-by_ECDSA-SHA3-224,ECDSA-SHA3-512_signed-by_ECDSA-SHA3-224,12.293,2336.86,1019.08,1,0,0,107.6,15,3018.93,2999.18,1296,1295
1,3,60,ECDSA-SHA3-512_signed-by_ECDSA-SHA3-224,ECDSA-SHA3-512_signed-by_ECDSA-SHA3-224,12.475,2302.75,1135.02,1,5,0.384615,97.6923,24,3018.42,3011.12,1297,1294
1,2,57,ECDSA-SHA3-512_signed-by_ECDSA-SHA3-224,ECDSA-SHA3-512_signed-by_ECDSA-SHA3-224,13.108,2191.54,1099.74,1,5,0.357143,93.4286,24,3049.67,3010.22,1297,1294
1,1,54,ECDSA-SHA3-512_signed-by_ECDSA-SHA3-224,ECDSA-SHA3-512_signed-by_ECDSA-SHA3-224,13.604,2111.03,920.855,1,0,0,110,24,3034.8,3050.46,1296,1294
1,7,61,ECDSA-SHA3-512_signed-by_ECDSA-SHA3-224,ECDSA-SHA3-512_signed-by_ECDSA-SHA3-224,20.572,1396.03,1193.82,1,20,1.17647,135.882,16,3027.52,2982.76,1297,1293
1,6,65,ECDSA-SHA3-512_signed-by_ECDSA-SHA3-224,ECDSA-SHA3-512_signed-by_ECDSA-SHA3-224,14.627,1963.37,1289.59,1,11,0.733333,119.6,9,3022.12,3001.33,1296,1294
1,8,63,ECDSA-SHA3-512_signed-by_ECDSA-SHA3-224,ECDSA-SHA3-512_signed-by_ECDSA-SHA3-224,17.401,1650.46,1483.12,1,13,0.65,134.8,16,3026.47,2989.05,1297,1293
1,3,61,ECDSA-SHA3-512_signed-by_ECDSA-SHA3-224,ECDSA-SHA3-512_signed-by_ECDSA-SHA3-224,11.659,2463.91,1052.53,1,0,0,118,24,3030.53,3033.36,1297,1294
1,5,61,ECDSA-SHA3-512_signed-by_ECDSA-SHA3-224,ECDSA-SHA3-512_signed-by_ECDSA-SHA3-224,13.435,2138.18,1356.38,1,9,0.75,133.333,15,2983.52,3010.02,1296,1295
1,2,58,ECDSA-SHA3-512_signed-by_ECDSA-SHA3-224,ECDSA-SHA3-512_signed-by_ECDSA-SHA3-224,9.267,3099.98,1351.87,1,0,0,110,24,3210.74,3006.24,1297,1294
1,7,62,ECDSA-SHA3-512_signed-by_ECDSA-SHA3-224,ECDSA-SHA3-512_signed-by_ECDSA-SHA3-224,11.053,2598.35,1156.59,1,0,0,103.455,16,3027.25,3010.19,1297,1293
1,6,66,ECDSA-SHA3-512_signed-by_ECDSA-SHA3-224,ECDSA-SHA3-512_signed-by_ECDSA-SHA3-224,11.273,2547.64,1510.14,1,7,0.538462,119.846,9,3029.24,3015.08,1296,1294
1,1,55,ECDSA-SHA3-512_signed-by_ECDSA-SHA3-224,ECDSA-SHA3-512_signed-by_ECDSA-SHA3-224,15.055,1907.6,1210.45,1,9,0.75,133.333,24,3009.58,2981.93,1296,1294
1,8,64,ECDSA-SHA3-512_signed-by_ECDSA-SHA3-224,ECDSA-SHA3-512_signed-by_ECDSA-SHA3-224,12.684,2264.23,982.638,1,4,0.4,110,16,3047.84,3034.48,1297,1293
1,5,62,ECDSA-SHA3-512_signed-by_ECDSA-SHA3-224,ECDSA-SHA3-512_signed-by_ECDSA-SHA3-224,11.374,2525.75,1078.95,1,0,0,118,15,3029.01,2996.15,1296,1295
1,3,62,ECDSA-SHA3-512_signed-by_ECDSA-SHA3-224,ECDSA-SHA3-512_signed-by_ECDSA-SHA3-224,12.665,2268.27,1438.91,1,9,0.75,133.333,24,3004.09,2986.59,1297,1294
1,2,59,ECDSA-SHA3-512_signed-by_ECDSA-SHA3-224,ECDSA-SHA3-512_signed-by_ECDSA-SHA3-224,11.591,2478.46,1068.41,1,0,0,109.6,24,3037.19,3019.27,1297,1294
1,6,67,ECDSA-SHA3-512_signed-by_ECDSA-SHA3-224,ECDSA-SHA3-512_signed-by_ECDSA-SHA3-224,7.927,3622.77,1685.24,1,1,0.0833333,104,9,3046.43,3026.47,1296,1294
1,5,63,ECDSA-SHA3-512_signed-by_ECDSA-SHA3-224,ECDSA-SHA3-512_signed-by_ECDSA-SHA3-224,13.035,2203.84,1086.27,1,5,0.384615,97.6923,15,2980.61,3032.28,1296,1295
1,3,63,ECDSA-SHA3-512_signed-by_ECDSA-SHA3-224,ECDSA-SHA3-512_signed-by_ECDSA-SHA3-224,13.507,2126.82,908.535,1,0,0,118,24,3000.65,3136.71,1297,1294
1,2,60,ECDSA-SHA3-512_signed-by_ECDSA-SHA3-224,ECDSA-SHA3-512_signed-by_ECDSA-SHA3-224,13.555,2119.29,905.316,1,0,0,118,24,3005.97,3007.09,1297,1294
1,7,63,ECDSA-SHA3-512_signed-by_ECDSA-SHA3-224,ECDSA-SHA3-512_signed-by_ECDSA-SHA3-224,21.002,1367.48,1682.11,1,35,1.45833,183,16,3012.1,2985.72,1297,1293
1,1,56,ECDSA-SHA3-512_signed-by_ECDSA-SHA3-224,ECDSA-SHA3-512_signed-by_ECDSA-SHA3-224,17.887,1605.56,1376.58,1,19,1.11765,133.059,24,3027.32,2998.3,1296,1294
1,6,68,ECDSA-SHA3-512_signed-by_ECDSA-SHA3-224,ECDSA-SHA3-512_signed-by_ECDSA-SHA3-224,12.97,2214.25,1091.71,1,5,0.384615,104.462,9,3027.68,3032.9,1296,1294
1,8,65,ECDSA-SHA3-512_signed-by_ECDSA-SHA3-224,ECDSA-SHA3-512_signed-by_ECDSA-SHA3-224,20.95,1370.87,1050.11,1,16,0.8,171.2,16,2995.11,3019.73,1297,1293
1,5,64,ECDSA-SHA3-512_signed-by_ECDSA-SHA3-224,ECDSA-SHA3-512_signed-by_ECDSA-SHA3-224,11.461,2506.52,1093.07,0.6,0,0,107.6,15,3075.49,3031.64,1296,1295
1,3,64,ECDSA-SHA3-512_signed-by_ECDSA-SHA3-224,ECDSA-SHA3-512_signed-by_ECDSA-SHA3-224,11.259,2551.5,1089.95,0.444444,0,0,118,24,3022.79,3003.81,1297,1294
1,1,57,ECDSA-SHA3-512_signed-by_ECDSA-SHA3-224,ECDSA-SHA3-512_signed-by_ECDSA-SHA3-224,9.888,2904.5,1241.09,0,0,0,118,24,3032.48,3006.22,1296,1294
1,7,64,ECDSA-SHA3-512_signed-by_ECDSA-SHA3-224,ECDSA-SHA3-512_signed-by_ECDSA-SHA3-224,11.183,2568.12,1097.35,0,0,0,118,16,3026.72,3006.27,1297,1293
1,6,69,ECDSA-SHA3-512_signed-by_ECDSA-SHA3-224,ECDSA-SHA3-512_signed-by_ECDSA-SHA3-224,9.958,2884.08,1232.36,0,0,0,126.889,9,3044.03,3012.57,1296,1294
1,2,61,ECDSA-SHA3-512_signed-by_ECDSA-SHA3-224,ECDSA-SHA3-512_signed-by_ECDSA-SHA3-224,14.353,2001.46,1269.65,0.75,9,0.75,133.333,24,3053.8,2983.12,1297,1294
1,8,66,ECDSA-SHA3-512_signed-by_ECDSA-SHA3-224,ECDSA-SHA3-512_signed-by_ECDSA-SHA3-224,10.954,2621.8,1143.66,0.9,0,0,107.6,16,3018.2,3051.84,1297,1293
1,5,65,ECDSA-SHA3-512_signed-by_ECDSA-SHA3-224,ECDSA-SHA3-512_signed-by_ECDSA-SHA3-224,9.137,3144.13,1449.93,0.818182,1,0.0909091,102.727,15,3022.11,3004.51,1296,1295
1,3,65,ECDSA-SHA3-512_signed-by_ECDSA-SHA3-224,ECDSA-SHA3-512_signed-by_ECDSA-SHA3-224,10.086,2848.26,1313.48,1,1,0.0909091,104.909,24,3008.54,3004.61,1297,1294
1,6,70,ECDSA-SHA3-512_signed-by_ECDSA-SHA3-224,ECDSA-SHA3-512_signed-by_ECDSA-SHA3-224,8.927,3217.18,1579.02,1,10,0.769231,104.462,9,3223.99,3021.75,1296,1294
1,2,62,ECDSA-SHA3-512_signed-by_ECDSA-SHA3-224,ECDSA-SHA3-512_signed-by_ECDSA-SHA3-224,10.095,2845.7,1215.62,1,0,0,118,24,3012.35,3023.49,1297,1294
1,7,65,ECDSA-SHA3-512_signed-by_ECDSA-SHA3-224,ECDSA-SHA3-512_signed-by_ECDSA-SHA3-224,17.117,1677.85,1217.03,1,15,0.882353,112.353,16,3014.23,3013.72,1297,1293
1,8,67,ECDSA-SHA3-512_signed-by_ECDSA-SHA3-224,ECDSA-SHA3-512_signed-by_ECDSA-SHA3-224,14.753,1946.62,1153.87,1,7,0.538462,111.846,16,3023.32,3003.23,1297,1293
1,1,58,ECDSA-SHA3-512_signed-by_ECDSA-SHA3-224,ECDSA-SHA3-512_signed-by_ECDSA-SHA3-224,20.432,1405.61,1670.28,1,33,1.32,122.8,24,3040.13,3006.77,1296,1294
1,5,66,ECDSA-SHA3-512_signed-by_ECDSA-SHA3-224,ECDSA-SHA3-512_signed-by_ECDSA-SHA3-224,15.063,1907.08,1222.53,1,10,0.769231,126,15,3030.9,3041.25,1296,1295
1,6,71,ECDSA-SHA3-512_signed-by_ECDSA-SHA3-224,ECDSA-SHA3-512_signed-by_ECDSA-SHA3-224,12.7,2261.32,1249.71,1,3,0.214286,133.143,9,3053.05,2994.68,1296,1294
1,3,66,ECDSA-SHA3-512_signed-by_ECDSA-SHA3-224,ECDSA-SHA3-512_signed-by_ECDSA-SHA3-224,15.572,1844.75,1564.77,1,19,1.1875,139,24,3023.94,3003.29,1297,1294
1,7,66,ECDSA-SHA3-512_signed-by_ECDSA-SHA3-224,ECDSA-SHA3-512_signed-by_ECDSA-SHA3-224,9.131,3145,1343.85,0.666667,0,0,118,16,3044.37,3000.66,1297,1293
1,2,63,ECDSA-SHA3-512_signed-by_ECDSA-SHA3-224,ECDSA-SHA3-512_signed-by_ECDSA-SHA3-224,14.675,1957.52,1366.07,0.8125,15,0.9375,113,24,3041.3,3006.95,1297,1294
1,8,68,ECDSA-SHA3-512_signed-by_ECDSA-SHA3-224,ECDSA-SHA3-512_signed-by_ECDSA-SHA3-224,11.483,2501.04,1068.69,0.888889,0,0,118,16,3026.89,2983.08,1297,1293
1,1,59,ECDSA-SHA3-512_signed-by_ECDSA-SHA3-224,ECDSA-SHA3-512_signed-by_ECDSA-SHA3-224,12.253,2343.85,1001.52,1,0,0,118,24,3035.61,3017.58,1296,1294
1,5,67,ECDSA-SHA3-512_signed-by_ECDSA-SHA3-224,ECDSA-SHA3-512_signed-by_ECDSA-SHA3-224,12.894,2227.95,951.732,1,0,0,118,15,3017.15,3027.55,1296,1295
1,6,72,ECDSA-SHA3-512_signed-by_ECDSA-SHA3-224,ECDSA-SHA3-512_signed-by_ECDSA-SHA3-224,12.471,2302.88,984.018,1,0,0,126.889,9,3039.81,3042.83,1296,1294
1,7,67,ECDSA-SHA3-512_signed-by_ECDSA-SHA3-224,ECDSA-SHA3-512_signed-by_ECDSA-SHA3-224,9.875,2908.34,1242.73,0.888889,0,0,118,16,3032.5,2998.36,1297,1293
1,3,67,ECDSA-SHA3-512_signed-by_ECDSA-SHA3-224,ECDSA-SHA3-512_signed-by_ECDSA-SHA3-224,15.002,1914.85,1531.45,1,16,1,124.5,24,3015.97,3018.93,1297,1294
1,2,64,ECDSA-SHA3-512_signed-by_ECDSA-SHA3-224,ECDSA-SHA3-512_signed-by_ECDSA-SHA3-224,12.977,2213.67,1071.39,1,5,0.416667,150.667,24,3019.53,3008.94,1297,1294
1,8,69,ECDSA-SHA3-512_signed-by_ECDSA-SHA3-224,ECDSA-SHA3-512_signed-by_ECDSA-SHA3-224,11.735,2447.29,1067.54,1,0,0,110,16,3004.71,2981.22,1297,1293
1,1,60,ECDSA-SHA3-512_signed-by_ECDSA-SHA3-224,ECDSA-SHA3-512_signed-by_ECDSA-SHA3-224,10.744,2673.05,1584.47,0.846154,7,0.538462,111.846,24,3039.78,3152.09,1296,1294
1,5,68,ECDSA-SHA3-512_signed-by_ECDSA-SHA3-224,ECDSA-SHA3-512_signed-by_ECDSA-SHA3-224,13.269,2164.98,939.302,1,3,0.3,110,15,3160.21,3017.89,1296,1295
1,6,73,ECDSA-SHA3-512_signed-by_ECDSA-SHA3-224,ECDSA-SHA3-512_signed-by_ECDSA-SHA3-224,13.207,2174.53,929.174,1,0,0,126.889,9,3035.6,2998.76,1296,1294
1,7,68,ECDSA-SHA3-512_signed-by_ECDSA-SHA3-224,ECDSA-SHA3-512_signed-by_ECDSA-SHA3-224,14.04,2045.5,1316.18,1,9,0.692308,126,16,2987.61,3011.28,1297,1293
1,3,68,ECDSA-SHA3-512_signed-by_ECDSA-SHA3-224,ECDSA-SHA3-512_signed-by_ECDSA-SHA3-224,12.682,2265.2,1436.96,1,9,0.75,275.333,24,3032.91,3060.69,1297,1294
1,1,61,ECDSA-SHA3-512_signed-by_ECDSA-SHA3-224,ECDSA-SHA3-512_signed-by_ECDSA-SHA3-224,10.907,2633.12,1158.87,1,0,0,103.091,24,3063.61,2999.92,1296,1294
1,8,70,ECDSA-SHA3-512_signed-by_ECDSA-SHA3-224,ECDSA-SHA3-512_signed-by_ECDSA-SHA3-224,11.987,2395.87,1436.19,1,11,0.785714,175.714,16,3036.6,2990.73,1297,1293
1,6,74,ECDSA-SHA3-512_signed-by_ECDSA-SHA3-224,ECDSA-SHA3-512_signed-by_ECDSA-SHA3-224,10.078,2849.68,1308.16,1,6,0.545455,118.364,9,3020.6,3044.67,1296,1294
1,5,69,ECDSA-SHA3-512_signed-by_ECDSA-SHA3-224,ECDSA-SHA3-512_signed-by_ECDSA-SHA3-224,11.216,2561.25,1663.28,1,10,0.625,130.5,15,2996.18,3008.41,1296,1295
1,7,69,ECDSA-SHA3-512_signed-by_ECDSA-SHA3-224,ECDSA-SHA3-512_signed-by_ECDSA-SHA3-224,9.922,2894.53,1760.91,1,11,0.733333,102,16,3028.04,3027.98,1297,1293
1,2,65,ECDSA-SHA3-512_signed-by_ECDSA-SHA3-224,ECDSA-SHA3-512_signed-by_ECDSA-SHA3-224,20.478,1402.86,840.699,1,8,0.571429,107.143,24,3042.87,3026.77,1297,1294
1,3,69,ECDSA-SHA3-512_signed-by_ECDSA-SHA3-224,ECDSA-SHA3-512_signed-by_ECDSA-SHA3-224,10.238,2805.96,1223.65,1,0,0,110,24,3010.63,2984.29,1297,1294
1,8,71,ECDSA-SHA3-512_signed-by_ECDSA-SHA3-224,ECDSA-SHA3-512_signed-by_ECDSA-SHA3-224,10.906,2633.33,1490.51,0.75,11,0.6875,120,16,3004.16,2995.67,1297,1293
1,1,62,ECDSA-SHA3-512_signed-by_ECDSA-SHA3-224,ECDSA-SHA3-512_signed-by_ECDSA-SHA3-224,13.987,2053.24,1235.37,1,7,0.5,114,24,3030.79,2999.34,1296,1294
1,6,75,ECDSA-SHA3-512_signed-by_ECDSA-SHA3-224,ECDSA-SHA3-512_signed-by_ECDSA-SHA3-224,11.953,2402.7,1168.56,1,0,0,145,9,3021.48,3106.64,1296,1294
1,5,70,ECDSA-SHA3-512_signed-by_ECDSA-SHA3-224,ECDSA-SHA3-512_signed-by_ECDSA-SHA3-224,15.207,1889.05,947.946,1,8,0.571429,93.4286,15,3005.55,3014.32,1296,1295
1,7,70,ECDSA-SHA3-512_signed-by_ECDSA-SHA3-224,ECDSA-SHA3-512_signed-by_ECDSA-SHA3-224,14.765,1945.07,941.651,1,2,0.166667,146.667,17,3052.23,3013.29,1297,1293
1,3,70,ECDSA-SHA3-512_signed-by_ECDSA-SHA3-224,ECDSA-SHA3-512_signed-by_ECDSA-SHA3-224,13.893,2067.74,1014.58,1,9,0.692308,97.6923,24,3014.03,2979.45,1297,1294
1,2,66,ECDSA-SHA3-512_signed-by_ECDSA-SHA3-224,ECDSA-SHA3-512_signed-by_ECDSA-SHA3-224,16.958,1694,1111.41,1,17,1,105.059,24,3038.64,2982.07,1297,1294
1,1,63,ECDSA-SHA3-512_signed-by_ECDSA-SHA3-224,ECDSA-SHA3-512_signed-by_ECDSA-SHA3-224,13.263,2165.39,925.267,1,0,0,118,24,3037.07,2978.14,1296,1294
1,6,76,ECDSA-SHA3-512_signed-by_ECDSA-SHA3-224,ECDSA-SHA3-512_signed-by_ECDSA-SHA3-224,12.449,2306.95,1006.32,1,0,0,118,9,3036.39,3037.25,1296,1294
1,8,72,ECDSA-SHA3-512_signed-by_ECDSA-SHA3-224,ECDSA-SHA3-512_signed-by_ECDSA-SHA3-224,18.326,1567.11,1431.78,1,23,1.04545,187.455,16,3025.11,2998.36,1297,1293
1,5,71,ECDSA-SHA3-512_signed-by_ECDSA-SHA3-224,ECDSA-SHA3-512_signed-by_ECDSA-SHA3-224,12.307,2334.24,1150.54,1,2,0.153846,142,15,3031.16,3005.47,1296,1295
1,7,71,ECDSA-SHA3-512_signed-by_ECDSA-SHA3-224,ECDSA-SHA3-512_signed-by_ECDSA-SHA3-224,14.314,2006.35,1189.28,1,7,0.538462,128.462,17,3025.86,3009.97,1297,1293
1,2,67,ECDSA-SHA3-512_signed-by_ECDSA-SHA3-224,ECDSA-SHA3-512_signed-by_ECDSA-SHA3-224,14.588,1969.2,939.906,1,0,0,153.636,24,3043.32,3011.04,1297,1294
1,3,71,ECDSA-SHA3-512_signed-by_ECDSA-SHA3-224,ECDSA-SHA3-512_signed-by_ECDSA-SHA3-224,22.688,1266.21,624.113,1,2,0.153846,142,24,3017.96,3010.45,1297,1294
1,1,64,ECDSA-SHA3-512_signed-by_ECDSA-SHA3-224,ECDSA-SHA3-512_signed-by_ECDSA-SHA3-224,19.696,1458.1,938.221,1,9,0.692308,126,24,3009.65,3015.01,1296,1294
1,6,77,ECDSA-SHA3-512_signed-by_ECDSA-SHA3-224,ECDSA-SHA3-512_signed-by_ECDSA-SHA3-224,18.481,1553.97,1243.18,1,16,1,134,9,3123.14,2993.69,1296,1294
1,8,73,ECDSA-SHA3-512_signed-by_ECDSA-SHA3-224,ECDSA-SHA3-512_signed-by_ECDSA-SHA3-224,18.745,1532.08,918.396,1,8,0.571429,106.571,16,3021.73,2997.74,1297,1293
1,4,0,ECDSA-SHA3-512_signed-by_ECDSA-SHA3-224,ECDSA-SHA3-512_signed-by_ECDSA-SHA3-224,1024.86,28.0311,12.0289,1,17,0.73913,145.391,24,3015.23,3009.05,1297,1294
1,5,72,ECDSA-SHA3-512_signed-by_ECDSA-SHA3-224,ECDSA-SHA3-512_signed-by_ECDSA-SHA3-224,20.963,1370.36,812.065,1,7,0.538462,111.846,15,3009.78,3026.86,1296,1295
1,7,72,ECDSA-SHA3-512_signed-by_ECDSA-SHA3-224,ECDSA-SHA3-512_signed-by_ECDSA-SHA3-224,22.886,1254.91,752.246,1,8,0.571429,134.571,17,2991.62,3019.11,1297,1293
1,3,72,ECDSA-SHA3-512_signed-by_ECDSA-SHA3-224,ECDSA-SHA3-512_signed-by_ECDSA-SHA3-224,14.851,1934.35,826.313,1,0,0,118,24,3003.25,2993.8,1297,1294
1,1,65,ECDSA-SHA3-512_signed-by_ECDSA-SHA3-224,ECDSA-SHA3-512_signed-by_ECDSA-SHA3-224,13.378,2146.75,917.302,1,0,0,118,24,2992.91,3001.45,1296,1294
1,8,74,ECDSA-SHA3-512_signed-by_ECDSA-SHA3-224,ECDSA-SHA3-512_signed-by_ECDSA-SHA3-224,12.943,2218.9,967.909,1,0,0,110,16,2983.35,2991.35,1297,1293
1,2,68,ECDSA-SHA3-512_signed-by_ECDSA-SHA3-224,ECDSA-SHA3-512_signed-by_ECDSA-SHA3-224,23.515,1221.68,1136.29,1,22,1,109.636,24,3171.11,3003.91,1297,1294
1,6,78,ECDSA-SHA3-512_signed-by_ECDSA-SHA3-224,ECDSA-SHA3-512_signed-by_ECDSA-SHA3-224,15.551,1846.76,789.116,1,0,0,126.889,9,3036.27,3011.85,1296,1294
1,4,1,ECDSA-SHA3-512_signed-by_ECDSA-SHA3-224,ECDSA-SHA3-512_signed-by_ECDSA-SHA3-224,14.551,1974.22,959.899,1,0,0,166.667,24,3017.31,2995.36,1297,1294
1,5,73,ECDSA-SHA3-512_signed-by_ECDSA-SHA3-224,ECDSA-SHA3-512_signed-by_ECDSA-SHA3-224,16.896,1700.19,1385.34,1,19,0.95,102,15,3016.4,3015.93,1296,1295
1,3,73,ECDSA-SHA3-512_signed-by_ECDSA-SHA3-224,ECDSA-SHA3-512_signed-by_ECDSA-SHA3-224,13.474,2132.03,1282.42,1,7,0.5,106.571,24,3042.29,3027.61,1297,1294
1,7,73,ECDSA-SHA3-512_signed-by_ECDSA-SHA3-224,ECDSA-SHA3-512_signed-by_ECDSA-SHA3-224,15.488,1854.26,1111.52,1,8,0.571429,122,17,3011.23,2993.97,1297,1293
1,1,66,ECDSA-SHA3-512_signed-by_ECDSA-SHA3-224,ECDSA-SHA3-512_signed-by_ECDSA-SHA3-224,14.727,1950.06,850.64,1,0,0,110,24,3001.86,3024.38,1296,1294
1,6,79,ECDSA-SHA3-512_signed-by_ECDSA-SHA3-224,ECDSA-SHA3-512_signed-by_ECDSA-SHA3-224,13.507,2126.2,927.473,1,3,0.3,118,9,3048.98,3001.81,1296,1294
1,2,69,ECDSA-SHA3-512_signed-by_ECDSA-SHA3-224,ECDSA-SHA3-512_signed-by_ECDSA-SHA3-224,14.989,1916.5,1215.76,1,9,0.75,142.667,24,3000.87,2979.47,1297,1294
1,8,75,ECDSA-SHA3-512_signed-by_ECDSA-SHA3-224,ECDSA-SHA3-512_signed-by_ECDSA-SHA3-224,18.238,1574.65,947.422,1,7,0.5,106.571,16,3024.99,2989.15,1297,1293
1,7,74,ECDSA-SHA3-512_signed-by_ECDSA-SHA3-224,ECDSA-SHA3-512_signed-by_ECDSA-SHA3-224,12.328,2329.58,1280.94,1,10,0.625,101.5,17,3032.86,2998.02,1297,1293
1,5,74,ECDSA-SHA3-512_signed-by_ECDSA-SHA3-224,ECDSA-SHA3-512_signed-by_ECDSA-SHA3-224,16.35,1756.97,1152.72,1,16,0.941176,97.7647,15,2996.81,3027.99,1296,1295
1,1,67,ECDSA-SHA3-512_signed-by_ECDSA-SHA3-224,ECDSA-SHA3-512_signed-by_ECDSA-SHA3-224,14.467,1985.13,896.905,1,4,0.333333,98,24,3015.77,3033.36,1296,1294
1,3,74,ECDSA-SHA3-512_signed-by_ECDSA-SHA3-224,ECDSA-SHA3-512_signed-by_ECDSA-SHA3-224,17.341,1656.56,707.648,1,0,0,118,24,3017.21,3032.86,1297,1294
1,2,70,ECDSA-SHA3-512_signed-by_ECDSA-SHA3-224,ECDSA-SHA3-512_signed-by_ECDSA-SHA3-224,13.884,2069.07,1312.54,1,9,0.75,156,24,3033.56,2985.07,1297,1294
1,6,80,ECDSA-SHA3-512_signed-by_ECDSA-SHA3-224,ECDSA-SHA3-512_signed-by_ECDSA-SHA3-224,15.761,1822.14,882.137,1,2,0.166667,153.333,10,3070.35,3011.56,1296,1294
1,4,2,ECDSA-SHA3-512_signed-by_ECDSA-SHA3-224,ECDSA-SHA3-512_signed-by_ECDSA-SHA3-224,26.894,1068.19,644.303,1,8,0.533333,116.133,24,3012.21,3006.51,1297,1294
1,8,76,ECDSA-SHA3-512_signed-by_ECDSA-SHA3-224,ECDSA-SHA3-512_signed-by_ECDSA-SHA3-224,14.783,1942.68,856.078,1,5,0.454545,103.455,16,2980.24,2984.77,1297,1293
1,7,75,ECDSA-SHA3-512_signed-by_ECDSA-SHA3-224,ECDSA-SHA3-512_signed-by_ECDSA-SHA3-224,12.748,2252.82,971.411,1,0,0,126.4,17,3040,2987.46,1297,1293
1,5,75,ECDSA-SHA3-512_signed-by_ECDSA-SHA3-224,ECDSA-SHA3-512_signed-by_ECDSA-SHA3-224,13.034,2204,1086.35,1,2,0.153846,142,15,3019.75,2999.94,1296,1295
1,3,75,ECDSA-SHA3-512_signed-by_ECDSA-SHA3-224,ECDSA-SHA3-512_signed-by_ECDSA-SHA3-224,10.929,2628.55,1140.43,1,4,0.4,160.4,24,3018.5,2998.4,1297,1294
1,6,81,ECDSA-SHA3-512_signed-by_ECDSA-SHA3-224,ECDSA-SHA3-512_signed-by_ECDSA-SHA3-224,10.996,2611.8,1139.3,1,0,0,118,10,3019.04,2998.91,1296,1294
1,4,3,ECDSA-SHA3-512_signed-by_ECDSA-SHA3-224,ECDSA-SHA3-512_signed-by_ECDSA-SHA3-224,11.596,2477.33,1067.92,1,0,0,126.4,24,3027.7,3046.33,1297,1294
1,1,68,ECDSA-SHA3-512_signed-by_ECDSA-SHA3-224,ECDSA-SHA3-512_signed-by_ECDSA-SHA3-224,17.28,1661.94,1232.34,1,15,0.882353,180.588,24,3039.86,2985.02,1296,1294
1,2,71,ECDSA-SHA3-512_signed-by_ECDSA-SHA3-224,ECDSA-SHA3-512_signed-by_ECDSA-SHA3-224,20.051,1432.72,1308.64,1,26,1.18182,121.636,24,3025.07,3021.7,1297,1294
1,7,76,ECDSA-SHA3-512_signed-by_ECDSA-SHA3-224,ECDSA-SHA3-512_signed-by_ECDSA-SHA3-224,16.239,1768.48,1164.54,1,12,0.705882,111.412,17,2989.87,3005.19,1297,1293
1,5,76,ECDSA-SHA3-512_signed-by_ECDSA-SHA3-224,ECDSA-SHA3-512_signed-by_ECDSA-SHA3-224,16.824,1707.47,841.609,1,5,0.384615,97.6923,15,3017.28,3014.74,1296,1295
1,8,77,ECDSA-SHA3-512_signed-by_ECDSA-SHA3-224,ECDSA-SHA3-512_signed-by_ECDSA-SHA3-224,24.165,1188.45,604.49,1,3,0.2,175.067,16,3024.89,2980.66,1297,1293
1,6,82,ECDSA-SHA3-512_signed-by_ECDSA-SHA3-224,ECDSA-SHA3-512_signed-by_ECDSA-SHA3-224,17.49,1642.08,1056.6,1,9,0.692308,135.846,10,3028.78,3010.69,1296,1294
1,3,76,ECDSA-SHA3-512_signed-by_ECDSA-SHA3-224,ECDSA-SHA3-512_signed-by_ECDSA-SHA3-224,20.243,1419.14,1132.62,1,20,1,155.6,24,3023.28,3045.4,1297,1294
1,4,4,ECDSA-SHA3-512_signed-by_ECDSA-SHA3-224,ECDSA-SHA3-512_signed-by_ECDSA-SHA3-224,17.963,1599.29,697.433,1,0,0,126.8,24,2988.84,2987.82,1297,1294
1,1,69,ECDSA-SHA3-512_signed-by_ECDSA-SHA3-224,ECDSA-SHA3-512_signed-by_ECDSA-SHA3-224,18.486,1553.6,1345.01,1,21,1.05,112,24,3087.87,3025.59,1296,1294
1,7,77,ECDSA-SHA3-512_signed-by_ECDSA-SHA3-224,ECDSA-SHA3-512_signed-by_ECDSA-SHA3-224,11.433,2512,1073.37,1,0,0,136.667,17,3022.76,3032.58,1297,1293
1,2,72,ECDSA-SHA3-512_signed-by_ECDSA-SHA3-224,ECDSA-SHA3-512_signed-by_ECDSA-SHA3-224,16.365,1755.37,1125.28,1,10,0.769231,146.923,24,3029.7,2996.58,1297,1294
1,5,77,ECDSA-SHA3-512_signed-by_ECDSA-SHA3-224,ECDSA-SHA3-512_signed-by_ECDSA-SHA3-224,12.037,2386.58,1019.5,1,0,0,118,15,3012.63,2992.44,1296,1295
1,8,78,ECDSA-SHA3-512_signed-by_ECDSA-SHA3-224,ECDSA-SHA3-512_signed-by_ECDSA-SHA3-224,11.168,2571.6,1098.84,1,0,0,118,16,3034.16,2998.15,1297,1293
1,6,83,ECDSA-SHA3-512_signed-by_ECDSA-SHA3-224,ECDSA-SHA3-512_signed-by_ECDSA-SHA3-224,12.908,2224.91,1431.63,1,9,0.692308,136.462,10,3036.09,3010.88,1296,1294
1,1,70,ECDSA-SHA3-512_signed-by_ECDSA-SHA3-224,ECDSA-SHA3-512_signed-by_ECDSA-SHA3-224,11.623,2470.9,1464.65,1,7,0.538462,111.846,24,3019.23,2997.56,1296,1294
1,7,78,ECDSA-SHA3-512_signed-by_ECDSA-SHA3-224,ECDSA-SHA3-512_signed-by_ECDSA-SHA3-224,12.719,2257.95,1093.12,1,5,0.416667,118,17,3023.07,3010.08,1297,1293
1,4,5,ECDSA-SHA3-512_signed-by_ECDSA-SHA3-224,ECDSA-SHA3-512_signed-by_ECDSA-SHA3-224,16.936,1696.18,1183.69,1,15,0.9375,131,24,3048.07,3143.96,1297,1294
1,3,77,ECDSA-SHA3-512_signed-by_ECDSA-SHA3-224,ECDSA-SHA3-512_signed-by_ECDSA-SHA3-224,18.962,1515.02,971.196,1,10,0.769231,126,24,3027.39,3000.84,1297,1294
1,8,79,ECDSA-SHA3-512_signed-by_ECDSA-SHA3-224,ECDSA-SHA3-512_signed-by_ECDSA-SHA3-224,12.388,2318.27,1374.17,1,7,0.538462,111.846,16,3008.95,3001.09,1297,1293
1,2,73,ECDSA-SHA3-512_signed-by_ECDSA-SHA3-224,ECDSA-SHA3-512_signed-by_ECDSA-SHA3-224,17.504,1641.21,1327.23,1,19,1.11765,138.235,24,3044.55,3001.01,1297,1294
1,6,84,ECDSA-SHA3-512_signed-by_ECDSA-SHA3-224,ECDSA-SHA3-512_signed-by_ECDSA-SHA3-224,14.365,1999.2,981.225,1,6,0.461538,105.385,10,3022.82,2982.18,1296,1294
1,1,71,ECDSA-SHA3-512_signed-by_ECDSA-SHA3-224,ECDSA-SHA3-512_signed-by_ECDSA-SHA3-224,15.747,1823.73,1184.66,1,12,0.75,101.5,24,3028.8,3025.09,1296,1294
1,7,79,ECDSA-SHA3-512_signed-by_ECDSA-SHA3-224,ECDSA-SHA3-512_signed-by_ECDSA-SHA3-224,14.829,1936.65,852.341,1,0,0,118.364,17,3010.74,3000.51,1297,1293
1,3,78,ECDSA-SHA3-512_signed-by_ECDSA-SHA3-224,ECDSA-SHA3-512_signed-by_ECDSA-SHA3-224,14.75,1947.55,831.954,1,0,0,118,24,3024.24,2983.38,1297,1294
1,8,80,ECDSA-SHA3-512_signed-by_ECDSA-SHA3-224,ECDSA-SHA3-512_signed-by_ECDSA-SHA3-224,15.375,1867.85,1481.79,1,9,0.6,114.8,16,3007.14,2995.65,1297,1293
1,2,74,ECDSA-SHA3-512_signed-by_ECDSA-SHA3-224,ECDSA-SHA3-512_signed-by_ECDSA-SHA3-224,13.337,2153.91,1398.75,1,9,0.5625,152.5,24,3438.94,2992.92,1297,1294
1,4,6,ECDSA-SHA3-512_signed-by_ECDSA-SHA3-224,ECDSA-SHA3-512_signed-by_ECDSA-SHA3-224,18.608,1543.82,1309.52,1,19,1.1875,211,24,3024.42,2988.67,1297,1294
1,6,85,ECDSA-SHA3-512_signed-by_ECDSA-SHA3-224,ECDSA-SHA3-512_signed-by_ECDSA-SHA3-224,16.165,1776.67,1084.81,1,7,0.466667,107.333,10,3081.56,3035.62,1296,1294
1,5,78,ECDSA-SHA3-512_signed-by_ECDSA-SHA3-224,ECDSA-SHA3-512_signed-by_ECDSA-SHA3-224,37.992,756.146,595.062,1,17,0.809524,96.2857,15,2998.47,3029.87,1296,1295
1,7,80,ECDSA-SHA3-512_signed-by_ECDSA-SHA3-224,ECDSA-SHA3-512_signed-by_ECDSA-SHA3-224,15.302,1876.76,867.805,1,1,0.0909091,120.545,17,3021.22,3000.02,1297,1293
1,3,79,ECDSA-SHA3-512_signed-by_ECDSA-SHA3-224,ECDSA-SHA3-512_signed-by_ECDSA-SHA3-224,15.588,1842.84,1409.2,1,18,1,107.333,24,3027.62,3006.43,1297,1294
1,1,72,ECDSA-SHA3-512_signed-by_ECDSA-SHA3-224,ECDSA-SHA3-512_signed-by_ECDSA-SHA3-224,19.986,1436.98,934.236,1,10,0.714286,119.714,24,3021.73,2988.77,1296,1294
1,8,81,ECDSA-SHA3-512_signed-by_ECDSA-SHA3-224,ECDSA-SHA3-512_signed-by_ECDSA-SHA3-224,16.521,1738.32,1030.4,1,7,0.538462,111.846,16,3032.9,3004.59,1297,1293
1,4,7,ECDSA-SHA3-512_signed-by_ECDSA-SHA3-224,ECDSA-SHA3-512_signed-by_ECDSA-SHA3-224,20.02,1434.95,651.344,1,0,0,112,24,3040.07,3001.84,1297,1294
1,2,75,ECDSA-SHA3-512_signed-by_ECDSA-SHA3-224,ECDSA-SHA3-512_signed-by_ECDSA-SHA3-224,21.015,1367.01,867.18,1,9,0.75,153.333,24,3060.5,2991.86,1297,1294
1,6,86,ECDSA-SHA3-512_signed-by_ECDSA-SHA3-224,ECDSA-SHA3-512_signed-by_ECDSA-SHA3-224,19.804,1450.15,1181.93,0.85,19,0.95,113.6,10,3013.11,3016.62,1296,1294
1,5,79,ECDSA-SHA3-512_signed-by_ECDSA-SHA3-224,ECDSA-SHA3-512_signed-by_ECDSA-SHA3-224,18.635,1541.55,658.519,1,0,0,335.333,15,3019.99,3096.24,1296,1295
1,7,81,ECDSA-SHA3-512_signed-by_ECDSA-SHA3-224,ECDSA-SHA3-512_signed-by_ECDSA-SHA3-224,17.47,1643.9,717.089,1,0,0,126.8,17,3014.56,2976.45,1297,1293
1,3,80,ECDSA-SHA3-512_signed-by_ECDSA-SHA3-224,ECDSA-SHA3-512_signed-by_ECDSA-SHA3-224,17.974,1598.25,864.327,1,7,0.466667,124.4,24,3010.71,2989.01,1297,1294
1,8,82,ECDSA-SHA3-512_signed-by_ECDSA-SHA3-224,ECDSA-SHA3-512_signed-by_ECDSA-SHA3-224,16.301,1761.79,752.808,1,0,0,118,17,3012.49,2986.29,1297,1293
1,1,73,ECDSA-SHA3-512_signed-by_ECDSA-SHA3-224,ECDSA-SHA3-512_signed-by_ECDSA-SHA3-224,18.556,1547.68,1248.49,1,17,1,119.412,24,3035.26,3006.42,1296,1294
1,4,8,ECDSA-SHA3-512_signed-by_ECDSA-SHA3-224,ECDSA-SHA3-512_signed-by_ECDSA-SHA3-224,13.868,2071.47,903.348,1,0,0,126.8,24,3011.86,3022.03,1297,1294
1,2,76,ECDSA-SHA3-512_signed-by_ECDSA-SHA3-224,ECDSA-SHA3-512_signed-by_ECDSA-SHA3-224,15.63,1837.93,801.503,1,0,0,118,24,3039.91,3010.99,1297,1294
1,6,87,ECDSA-SHA3-512_signed-by_ECDSA-SHA3-224,ECDSA-SHA3-512_signed-by_ECDSA-SHA3-224,14.336,2003.25,924.063,1,1,0.0909091,112.545,10,3017.69,3001.47,1296,1294
1,3,81,ECDSA-SHA3-512_signed-by_ECDSA-SHA3-224,ECDSA-SHA3-512_signed-by_ECDSA-SHA3-224,11.824,2429.55,1037.85,1,0,0,118,24,3031.77,3010.9,1297,1294
1,8,83,ECDSA-SHA3-512_signed-by_ECDSA-SHA3-224,ECDSA-SHA3-512_signed-by_ECDSA-SHA3-224,11.454,2507.33,1071.38,0.666667,0,0,118,17,2991.12,3010.16,1297,1293
1,5,80,ECDSA-SHA3-512_signed-by_ECDSA-SHA3-224,ECDSA-SHA3-512_signed-by_ECDSA-SHA3-224,17.743,1619.11,973.899,1,7,0.5,106.571,15,3019.66,3039.03,1296,1295
1,7,82,ECDSA-SHA3-512_signed-by_ECDSA-SHA3-224,ECDSA-SHA3-512_signed-by_ECDSA-SHA3-224,17.423,1648.39,1398.61,1,19,1.1875,153,17,2991.9,2994.36,1297,1293
1,1,74,ECDSA-SHA3-512_signed-by_ECDSA-SHA3-224,ECDSA-SHA3-512_signed-by_ECDSA-SHA3-224,14.089,2038.37,870.993,0.888889,0,0,118,24,3038.32,3018.91,1296,1294
1,2,77,ECDSA-SHA3-512_signed-by_ECDSA-SHA3-224,ECDSA-SHA3-512_signed-by_ECDSA-SHA3-224,12.132,2367.88,1027.33,0.5,5,0.5,118,24,3032.81,3012.76,1297,1294
1,4,9,ECDSA-SHA3-512_signed-by_ECDSA-SHA3-224,ECDSA-SHA3-512_signed-by_ECDSA-SHA3-224,16.079,1786.59,1074.64,1,7,0.5,122,24,3025.25,2998.45,1297,1294
1,6,88,ECDSA-SHA3-512_signed-by_ECDSA-SHA3-224,ECDSA-SHA3-512_signed-by_ECDSA-SHA3-224,16.973,1692.03,819.15,1,5,0.416667,110,10,3040.36,3006.33,1296,1294
1,3,82,ECDSA-SHA3-512_signed-by_ECDSA-SHA3-224,ECDSA-SHA3-512_signed-by_ECDSA-SHA3-224,14.969,1919.11,819.805,1,0,0,118,24,3018.49,3012.24,1297,1294
1,8,84,ECDSA-SHA3-512_signed-by_ECDSA-SHA3-224,ECDSA-SHA3-512_signed-by_ECDSA-SHA3-224,16.403,1750.84,763.737,1,0,0,172.4,17,3008.1,3008.42,1297,1293
1,5,81,ECDSA-SHA3-512_signed-by_ECDSA-SHA3-224,ECDSA-SHA3-512_signed-by_ECDSA-SHA3-224,15.944,1801.75,776.695,1,0,0,109.6,15,2993.02,2996.26,1296,1295
1,7,83,ECDSA-SHA3-512_signed-by_ECDSA-SHA3-224,ECDSA-SHA3-512_signed-by_ECDSA-SHA3-224,17.465,1644.37,796.079,1,5,0.416667,420,17,3006.14,2996.82,1297,1293
1,4,10,ECDSA-SHA3-512_signed-by_ECDSA-SHA3-224,ECDSA-SHA3-512_signed-by_ECDSA-SHA3-224,17.063,1683.57,997.673,1,7,0.538462,128.462,24,3039.86,3005.78,1297,1294
1,1,75,ECDSA-SHA3-512_signed-by_ECDSA-SHA3-224,ECDSA-SHA3-512_signed-by_ECDSA-SHA3-224,21.083,1362.23,873.5,1,10,0.769231,126,24,3020.82,2997.84,1296,1294
1,6,89,ECDSA-SHA3-512_signed-by_ECDSA-SHA3-224,ECDSA-SHA3-512_signed-by_ECDSA-SHA3-224,11.965,2400.29,1025.64,0.222222,0,0,305.556,10,3025.93,3028.88,1296,1294
1,3,83,ECDSA-SHA3-512_signed-by_ECDSA-SHA3-224,ECDSA-SHA3-512_signed-by_ECDSA-SHA3-224,13.746,2089.85,911.363,0.8,0,0,112.4,24,3008.53,2974.36,1297,1294
1,8,85,ECDSA-SHA3-512_signed-by_ECDSA-SHA3-224,ECDSA-SHA3-512_signed-by_ECDSA-SHA3-224,12.223,2349.61,1003.99,0.888889,0,0,118,17,3026.39,2981.61,1297,1293
1,2,78,ECDSA-SHA3-512_signed-by_ECDSA-SHA3-224,ECDSA-SHA3-512_signed-by_ECDSA-SHA3-224,24.595,1168.02,1166.39,1,27,1.22727,260.909,24,3099.79,3032.12,1297,1294
1,5,82,ECDSA-SHA3-512_signed-by_ECDSA-SHA3-224,ECDSA-SHA3-512_signed-by_ECDSA-SHA3-224,14.254,2015.37,878.883,1,0,0,110,15,2987.39,3009.06,1296,1295
1,7,84,ECDSA-SHA3-512_signed-by_ECDSA-SHA3-224,ECDSA-SHA3-512_signed-by_ECDSA-SHA3-224,13.101,2192.14,936.698,1,0,0,136.667,17,3024.36,3001.83,1297,1293
1,1,76,ECDSA-SHA3-512_signed-by_ECDSA-SHA3-224,ECDSA-SHA3-512_signed-by_ECDSA-SHA3-224,15.255,1882.59,885.183,1,1,0.0833333,101.333,24,3029.24,2996.19,1296,1294
1,3,84,ECDSA-SHA3-512_signed-by_ECDSA-SHA3-224,ECDSA-SHA3-512_signed-by_ECDSA-SHA3-224,13.64,2106.09,937.212,1,0,0,103.455,24,3023.31,2994.83,1297,1294
1,6,90,ECDSA-SHA3-512_signed-by_ECDSA-SHA3-224,ECDSA-SHA3-512_signed-by_ECDSA-SHA3-224,18.266,1572.24,1103.63,1,14,0.777778,102.889,10,3017.74,3045.41,1296,1294
1,8,86,ECDSA-SHA3-512_signed-by_ECDSA-SHA3-224,ECDSA-SHA3-512_signed-by_ECDSA-SHA3-224,17.007,1688.64,928.516,1,13,0.8125,92,17,3014.2,3010.07,1297,1293
1,2,79,ECDSA-SHA3-512_signed-by_ECDSA-SHA3-224,ECDSA-SHA3-512_signed-by_ECDSA-SHA3-224,16.972,1692.6,1073.72,1,12,1,144,24,3036.72,2982.85,1297,1294
1,5,83,ECDSA-SHA3-512_signed-by_ECDSA-SHA3-224,ECDSA-SHA3-512_signed-by_ECDSA-SHA3-224,16.914,1698.4,1133.21,1,12,0.666667,94.4444,15,3014.05,3020.63,1296,1295
1,4,11,ECDSA-SHA3-512_signed-by_ECDSA-SHA3-224,ECDSA-SHA3-512_signed-by_ECDSA-SHA3-224,25.061,1146.3,752.705,1,11,0.733333,235.867,24,3018.6,2983.9,1297,1294
1,7,85,ECDSA-SHA3-512_signed-by_ECDSA-SHA3-224,ECDSA-SHA3-512_signed-by_ECDSA-SHA3-224,17.329,1657.26,982.352,1,7,0.538462,128.462,17,3023.32,3017,1297,1293
1,1,77,ECDSA-SHA3-512_signed-by_ECDSA-SHA3-224,ECDSA-SHA3-512_signed-by_ECDSA-SHA3-224,17.201,1669.58,728.292,1,0,0,110,24,3028.19,3000.25,1296,1294
1,3,85,ECDSA-SHA3-512_signed-by_ECDSA-SHA3-224,ECDSA-SHA3-512_signed-by_ECDSA-SHA3-224,16.371,1754.73,849.269,1,5,0.416667,102.667,24,3019.38,2999.12,1297,1294
1,2,80,ECDSA-SHA3-512_signed-by_ECDSA-SHA3-224,ECDSA-SHA3-512_signed-by_ECDSA-SHA3-224,13.702,2096.53,1014.69,0.916667,2,0.166667,153.333,24,3038.28,3064.66,1297,1294
1,6,91,ECDSA-SHA3-512_signed-by_ECDSA-SHA3-224,ECDSA-SHA3-512_signed-by_ECDSA-SHA3-224,17.578,1633.77,1321.58,1,16,0.941176,128.353,10,3058.95,3380.67,1296,1294
1,5,84,ECDSA-SHA3-512_signed-by_ECDSA-SHA3-224,ECDSA-SHA3-512_signed-by_ECDSA-SHA3-224,12.93,2221.72,949.071,0.555556,0,0,118,15,2999.52,3024.76,1296,1295
1,4,12,ECDSA-SHA3-512_signed-by_ECDSA-SHA3-224,ECDSA-SHA3-512_signed-by_ECDSA-SHA3-224,13.646,2105.13,918.027,0.5,0,0,122,24,3013.65,2986.47,1297,1294
1,7,86,ECDSA-SHA3-512_signed-by_ECDSA-SHA3-224,ECDSA-SHA3-512_signed-by_ECDSA-SHA3-224,12.728,2256.35,964.135,0.555556,0,0,136.667,17,3008.85,3168.07,1297,1293
1,8,87,ECDSA-SHA3-512_signed-by_ECDSA-SHA3-224,ECDSA-SHA3-512_signed-by_ECDSA-SHA3-224,18.792,1528.3,1133.24,0.882353,15,0.882353,239.882,17,3027.23,3009.84,1297,1293
1,3,86,ECDSA-SHA3-512_signed-by_ECDSA-SHA3-224,ECDSA-SHA3-512_signed-by_ECDSA-SHA3-224,10.082,2849.39,1217.2,1,0,0,118,24,3026.71,3175.95,1297,1294
1,1,78,ECDSA-SHA3-512_signed-by_ECDSA-SHA3-224,ECDSA-SHA3-512_signed-by_ECDSA-SHA3-224,12.59,2281.1,974.711,1,0,0,118,24,3020.01,3018.37,1296,1294
1,2,81,ECDSA-SHA3-512_signed-by_ECDSA-SHA3-224,ECDSA-SHA3-512_signed-by_ECDSA-SHA3-224,10.253,2801.9,1196.91,1,0,0,126.889,24,3087.42,2994.01,1297,1294
1,5,85,ECDSA-SHA3-512_signed-by_ECDSA-SHA3-224,ECDSA-SHA3-512_signed-by_ECDSA-SHA3-224,11.192,2566.77,1096.47,1,0,0,139.333,15,3019.19,2984.15,1296,1295
1,6,92,ECDSA-SHA3-512_signed-by_ECDSA-SHA3-224,ECDSA-SHA3-512_signed-by_ECDSA-SHA3-224,12.468,2303.43,1004.78,1,0,0,155.6,10,3047.24,3015.55,1296,1294
1,4,13,ECDSA-SHA3-512_signed-by_ECDSA-SHA3-224,ECDSA-SHA3-512_signed-by_ECDSA-SHA3-224,16.498,1741.2,1414.88,1,16,0.888889,130.667,24,3037.37,2994.78,1297,1294
1,2,82,ECDSA-SHA3-512_signed-by_ECDSA-SHA3-224,ECDSA-SHA3-512_signed-by_ECDSA-SHA3-224,12.299,2335.71,997.766,1,0,0,126.889,24,3111.66,3023.31,1297,1294
1,7,87,ECDSA-SHA3-512_signed-by_ECDSA-SHA3-224,ECDSA-SHA3-512_signed-by_ECDSA-SHA3-224,22.643,1268.35,1076.16,1,19,1.1875,170.5,17,3031.62,2981.35,1297,1293
1,1,79,ECDSA-SHA3-512_signed-by_ECDSA-SHA3-224,ECDSA-SHA3-512_signed-by_ECDSA-SHA3-224,17.139,1675.62,1015.64,1,12,0.8,102,24,2995.01,3006.13,1296,1294
1,5,86,ECDSA-SHA3-512_signed-by_ECDSA-SHA3-224,ECDSA-SHA3-512_signed-by_ECDSA-SHA3-224,14.883,1930.18,824.532,1,0,0,118,15,2971.12,3047.98,1296,1295
1,6,93,ECDSA-SHA3-512_signed-by_ECDSA-SHA3-224,ECDSA-SHA3-512_signed-by_ECDSA-SHA3-224,15.007,1913.69,817.716,1,0,0,168.667,10,3018.59,3015.17,1296,1294
1,8,88,ECDSA-SHA3-512_signed-by_ECDSA-SHA3-224,ECDSA-SHA3-512_signed-by_ECDSA-SHA3-224,24.894,1153.66,978.843,1,19,1.1875,139,17,3030.65,2985.29,1297,1293
1,4,14,ECDSA-SHA3-512_signed-by_ECDSA-SHA3-224,ECDSA-SHA3-512_signed-by_ECDSA-SHA3-224,10.55,2722.79,1317.8,1,5,0.416667,118,24,3011.8,2960.84,1297,1294
1,3,87,ECDSA-SHA3-512_signed-by_ECDSA-SHA3-224,ECDSA-SHA3-512_signed-by_ECDSA-SHA3-224,24.076,1193.19,1353.67,1,38,1.52,146.8,24,3022.86,2992.64,1297,1294
1,7,88,ECDSA-SHA3-512_signed-by_ECDSA-SHA3-224,ECDSA-SHA3-512_signed-by_ECDSA-SHA3-224,11.799,2434.03,1040.06,1,0,0,136.667,17,3038.14,3011.63,1297,1293
1,5,87,ECDSA-SHA3-512_signed-by_ECDSA-SHA3-224,ECDSA-SHA3-512_signed-by_ECDSA-SHA3-224,13.919,2063.85,918.418,0.818182,0,0,103.455,15,3034.13,3031.31,1296,1295
1,6,94,ECDSA-SHA3-512_signed-by_ECDSA-SHA3-224,ECDSA-SHA3-512_signed-by_ECDSA-SHA3-224,16.315,1760.29,752.166,1,0,0,172.667,10,3014.02,3003.08,1296,1294
1,8,89,ECDSA-SHA3-512_signed-by_ECDSA-SHA3-224,ECDSA-SHA3-512_signed-by_ECDSA-SHA3-224,18.364,1563.87,682.178,1,0,0,110,17,3028.09,2998.89,1297,1293
1,1,80,ECDSA-SHA3-512_signed-by_ECDSA-SHA3-224,ECDSA-SHA3-512_signed-by_ECDSA-SHA3-224,21.446,1339.18,660.263,1,2,0.153846,133.385,24,3010.09,2984.18,1296,1294
1,2,83,ECDSA-SHA3-512_signed-by_ECDSA-SHA3-224,ECDSA-SHA3-512_signed-by_ECDSA-SHA3-224,25.886,1109.77,1124.91,1,26,1.3,136,24,3037.72,2986.84,1297,1294
1,4,15,ECDSA-SHA3-512_signed-by_ECDSA-SHA3-224,ECDSA-SHA3-512_signed-by_ECDSA-SHA3-224,19.974,1438.2,614.37,1,0,0,134.889,24,3033.87,3017.23,1297,1294
1,3,88,ECDSA-SHA3-512_signed-by_ECDSA-SHA3-224,ECDSA-SHA3-512_signed-by_ECDSA-SHA3-224,18.821,1526.32,738.72,1,2,0.166667,150.667,24,3034.68,2970.12,1297,1294
1,7,89,ECDSA-SHA3-512_signed-by_ECDSA-SHA3-224,ECDSA-SHA3-512_signed-by_ECDSA-SHA3-224,15.928,1803.07,831.723,1,2,0.181818,113.273,17,3019.3,2985.2,1297,1293
1,6,95,ECDSA-SHA3-512_signed-by_ECDSA-SHA3-224,ECDSA-SHA3-512_signed-by_ECDSA-SHA3-224,10.023,2865.4,1224.38,1,0,0,134,10,3030.61,3107.65,1296,1294
1,5,88,ECDSA-SHA3-512_signed-by_ECDSA-SHA3-224,ECDSA-SHA3-512_signed-by_ECDSA-SHA3-224,14.787,1942.75,1298.41,1,10,0.714286,119.143,15,3006.68,3021.47,1296,1295
1,4,16,ECDSA-SHA3-512_signed-by_ECDSA-SHA3-224,ECDSA-SHA3-512_signed-by_ECDSA-SHA3-224,10.198,2816.91,2530.59,1,23,1.27778,134,24,3000.1,3013.28,1297,1294
1,3,89,ECDSA-SHA3-512_signed-by_ECDSA-SHA3-224,ECDSA-SHA3-512_signed-by_ECDSA-SHA3-224,10.862,2644.71,1717.48,1,12,0.75,101.5,24,3030.87,3012.82,1297,1294
1,8,90,ECDSA-SHA3-512_signed-by_ECDSA-SHA3-224,ECDSA-SHA3-512_signed-by_ECDSA-SHA3-224,23.06,1245.39,1276.62,1,25,1.19048,126.381,17,3001.55,3035.69,1297,1293
1,2,84,ECDSA-SHA3-512_signed-by_ECDSA-SHA3-224,ECDSA-SHA3-512_signed-by_ECDSA-SHA3-224,22.39,1283.02,1099.73,1,19,1.11765,137.765,24,3056.52,2996.02,1297,1294
1,1,81,ECDSA-SHA3-512_signed-by_ECDSA-SHA3-224,ECDSA-SHA3-512_signed-by_ECDSA-SHA3-224,25.218,1138.86,968.821,1,18,1.125,139,24,3014.23,2996.67,1296,1294
1,7,90,ECDSA-SHA3-512_signed-by_ECDSA-SHA3-224,ECDSA-SHA3-512_signed-by_ECDSA-SHA3-224,20.2,1421.74,1303.72,1,22,1.22222,227.778,17,3045.97,2972.34,1297,1293
1,4,17,ECDSA-SHA3-512_signed-by_ECDSA-SHA3-224,ECDSA-SHA3-512_signed-by_ECDSA-SHA3-224,14.893,1928.86,823.968,1,0,0,118,24,3019.27,2981.35,1297,1294
1,5,89,ECDSA-SHA3-512_signed-by_ECDSA-SHA3-224,ECDSA-SHA3-512_signed-by_ECDSA-SHA3-224,19.306,1488,973.766,1,15,1,114.267,15,3013.9,3037.53,1296,1295
1,6,96,ECDSA-SHA3-512_signed-by_ECDSA-SHA3-224,ECDSA-SHA3-512_signed-by_ECDSA-SHA3-224,23.652,1214.23,1403.64,1,22,0.956522,105.826,10,3017.87,2999.62,1296,1294
1,3,90,ECDSA-SHA3-512_signed-by_ECDSA-SHA3-224,ECDSA-SHA3-512_signed-by_ECDSA-SHA3-224,18.832,1525.49,1169.92,1,14,0.777778,106,24,3019.41,3007.3,1297,1294
1,8,91,ECDSA-SHA3-512_signed-by_ECDSA-SHA3-224,ECDSA-SHA3-512_signed-by_ECDSA-SHA3-224,17.547,1636.69,806.947,1,5,0.384615,97.6923,17,3043.34,3021.09,1297,1293
1,1,82,ECDSA-SHA3-512_signed-by_ECDSA-SHA3-224,ECDSA-SHA3-512_signed-by_ECDSA-SHA3-224,18.385,1562.08,716.209,1,5,0.384615,102,24,3015.78,2988.24,1296,1294
1,7,91,ECDSA-SHA3-512_signed-by_ECDSA-SHA3-224,ECDSA-SHA3-512_signed-by_ECDSA-SHA3-224,18.72,1534.13,693.991,1,1,0.1,111.6,17,3029.7,3028.1,1297,1293
1,4,18,ECDSA-SHA3-512_signed-by_ECDSA-SHA3-224,ECDSA-SHA3-512_signed-by_ECDSA-SHA3-224,20.509,1400.69,1178.75,1,18,1.2,149.467,24,3022.09,2992.77,1297,1294
1,2,85,ECDSA-SHA3-512_signed-by_ECDSA-SHA3-224,ECDSA-SHA3-512_signed-by_ECDSA-SHA3-224,24.674,1164.29,748.956,1,9,0.692308,415.231,24,3053.22,3008.25,1297,1294
1,6,97,ECDSA-SHA3-512_signed-by_ECDSA-SHA3-224,ECDSA-SHA3-512_signed-by_ECDSA-SHA3-224,18.023,1593.44,1011.1,1,9,0.75,133.333,10,3029.15,3038.83,1296,1294
1,3,91,ECDSA-SHA3-512_signed-by_ECDSA-SHA3-224,ECDSA-SHA3-512_signed-by_ECDSA-SHA3-224,17.419,1649.17,1071.89,1,13,0.928571,389.429,24,3017.22,2999.65,1297,1294
1,5,90,ECDSA-SHA3-512_signed-by_ECDSA-SHA3-224,ECDSA-SHA3-512_signed-by_ECDSA-SHA3-224,23.043,1246.7,682.546,1,11,0.6875,134,15,2998.72,2981.7,1296,1295
1,8,92,ECDSA-SHA3-512_signed-by_ECDSA-SHA3-224,ECDSA-SHA3-512_signed-by_ECDSA-SHA3-224,12.827,2238.97,956.706,1,0,0,118,17,3034.05,2999.96,1297,1293
1,7,92,ECDSA-SHA3-512_signed-by_ECDSA-SHA3-224,ECDSA-SHA3-512_signed-by_ECDSA-SHA3-224,10.605,2708.12,1157.18,1,0,0,118,17,3054.97,3009.33,1297,1293
1,2,86,ECDSA-SHA3-512_signed-by_ECDSA-SHA3-224,ECDSA-SHA3-512_signed-by_ECDSA-SHA3-224,10.049,2858.72,1694.06,0.769231,7,0.538462,119.846,24,3039.47,2998.27,1297,1294
1,1,83,ECDSA-SHA3-512_signed-by_ECDSA-SHA3-224,ECDSA-SHA3-512_signed-by_ECDSA-SHA3-224,15.089,1903.28,1236.34,1,9,0.5625,137.5,24,3033.27,2993.94,1296,1294
1,4,19,ECDSA-SHA3-512_signed-by_ECDSA-SHA3-224,ECDSA-SHA3-512_signed-by_ECDSA-SHA3-224,12.697,2262.49,1435.24,1,9,0.75,133.333,24,3001.09,3011.62,1297,1294
1,6,98,ECDSA-SHA3-512_signed-by_ECDSA-SHA3-224,ECDSA-SHA3-512_signed-by_ECDSA-SHA3-224,12.415,2313.21,1067.04,0.818182,1,0.0909091,102.727,10,3040.94,3000.08,1296,1294
1,8,93,ECDSA-SHA3-512_signed-by_ECDSA-SHA3-224,ECDSA-SHA3-512_signed-by_ECDSA-SHA3-224,13.673,2100.39,944.299,1,4,0.333333,99,17,3005.98,3011.13,1297,1293
1,7,93,ECDSA-SHA3-512_signed-by_ECDSA-SHA3-224,ECDSA-SHA3-512_signed-by_ECDSA-SHA3-224,14.543,1974.71,856.992,1,5,0.5,110,17,3014.85,3045.84,1297,1293
1,5,91,ECDSA-SHA3-512_signed-by_ECDSA-SHA3-224,ECDSA-SHA3-512_signed-by_ECDSA-SHA3-224,19.637,1462.92,754.476,0.928571,4,0.285714,144.857,15,3177.11,3013.76,1296,1295
1,1,84,ECDSA-SHA3-512_signed-by_ECDSA-SHA3-224,ECDSA-SHA3-512_signed-by_ECDSA-SHA3-224,12.719,2257.95,964.818,1,0,0,118,24,3031.79,2987.95,1296,1294
1,2,87,ECDSA-SHA3-512_signed-by_ECDSA-SHA3-224,ECDSA-SHA3-512_signed-by_ECDSA-SHA3-224,14.327,2005.07,1188.19,0.846154,7,0.538462,119.846,24,3039.95,3014.05,1297,1294
1,3,92,ECDSA-SHA3-512_signed-by_ECDSA-SHA3-224,ECDSA-SHA3-512_signed-by_ECDSA-SHA3-224,23.017,1248.08,827.185,1,11,0.611111,133.556,24,3005.61,2986.88,1297,1294
1,6,99,ECDSA-SHA3-512_signed-by_ECDSA-SHA3-224,ECDSA-SHA3-512_signed-by_ECDSA-SHA3-224,12.682,2264.55,967.64,1,0,0,118,10,3055.78,3038.57,1296,1294
1,4,20,ECDSA-SHA3-512_signed-by_ECDSA-SHA3-224,ECDSA-SHA3-512_signed-by_ECDSA-SHA3-224,16.942,1695.6,739.433,1,0,0,110.8,24,3011.75,3024.99,1297,1294
1,1,85,ECDSA-SHA3-512_signed-by_ECDSA-SHA3-224,ECDSA-SHA3-512_signed-by_ECDSA-SHA3-224,12.509,2295.89,1497.77,1,9,0.642857,118,24,3020.97,3001.3,1296,1294
1,3,93,ECDSA-SHA3-512_signed-by_ECDSA-SHA3-224,ECDSA-SHA3-512_signed-by_ECDSA-SHA3-224,12.514,2295.6,1456.24,1,9,0.75,133.333,24,3012.4,2990.23,1297,1294
1,7,94,ECDSA-SHA3-512_signed-by_ECDSA-SHA3-224,ECDSA-SHA3-512_signed-by_ECDSA-SHA3-224,16.938,1695.51,1160.88,1,9,0.642857,123.714,17,3013.64,3012.2,1297,1293
1,5,92,ECDSA-SHA3-512_signed-by_ECDSA-SHA3-224,ECDSA-SHA3-512_signed-by_ECDSA-SHA3-224,17.266,1663.77,1008.18,1,9,0.6,169.733,15,3031.14,3014.26,1296,1295
1,4,21,ECDSA-SHA3-512_signed-by_ECDSA-SHA3-224,ECDSA-SHA3-512_signed-by_ECDSA-SHA3-224,10.992,2613.44,1116.41,0.444444,0,0,118,24,3014.44,2982.3,1297,1294
1,2,88,ECDSA-SHA3-512_signed-by_ECDSA-SHA3-224,ECDSA-SHA3-512_signed-by_ECDSA-SHA3-224,16.41,1750.56,1122.19,1,10,0.769231,135.846,24,3069.62,2983.66,1297,1294
1,3,94,ECDSA-SHA3-512_signed-by_ECDSA-SHA3-224,ECDSA-SHA3-512_signed-by_ECDSA-SHA3-224,9.687,2965.58,1319.69,0.818182,0,0,101.273,24,3010.88,2996.69,1297,1294
1,8,94,ECDSA-SHA3-512_signed-by_ECDSA-SHA3-224,ECDSA-SHA3-512_signed-by_ECDSA-SHA3-224,29.29,980.526,481.25,1,4,0.307692,142,17,3012.32,2999.67,1297,1293
1,7,95,ECDSA-SHA3-512_signed-by_ECDSA-SHA3-224,ECDSA-SHA3-512_signed-by_ECDSA-SHA3-224,10.233,2806.56,1358.72,1,5,0.416667,102.667,17,3011.84,3007.13,1297,1293
1,1,86,ECDSA-SHA3-512_signed-by_ECDSA-SHA3-224,ECDSA-SHA3-512_signed-by_ECDSA-SHA3-224,13.638,2105.79,1262.3,1,11,0.785714,106.571,24,3043.22,2993.75,1296,1294
1,5,93,ECDSA-SHA3-512_signed-by_ECDSA-SHA3-224,ECDSA-SHA3-512_signed-by_ECDSA-SHA3-224,11.376,2525.23,1078.72,1,0,0,118,15,3023.9,3018.26,1296,1295
1,4,22,ECDSA-SHA3-512_signed-by_ECDSA-SHA3-224,ECDSA-SHA3-512_signed-by_ECDSA-SHA3-224,11.32,2537.72,1228.23,1,5,0.416667,106,24,3017.84,2975.57,1297,1294
1,2,89,ECDSA-SHA3-512_signed-by_ECDSA-SHA3-224,ECDSA-SHA3-512_signed-by_ECDSA-SHA3-224,12.251,2344.86,1487.49,1,9,0.75,144,24,3023.05,2988.5,1297,1294
1,7,96,ECDSA-SHA3-512_signed-by_ECDSA-SHA3-224,ECDSA-SHA3-512_signed-by_ECDSA-SHA3-224,7.372,3895.33,1762.12,0.3,1,0.1,111.6,17,3020.02,2997.61,1297,1293
1,8,95,ECDSA-SHA3-512_signed-by_ECDSA-SHA3-224,ECDSA-SHA3-512_signed-by_ECDSA-SHA3-224,9.291,3091.13,1320.83,0.333333,0,0,118,17,3012.49,3018.42,1297,1293
1,5,94,ECDSA-SHA3-512_signed-by_ECDSA-SHA3-224,ECDSA-SHA3-512_signed-by_ECDSA-SHA3-224,9.659,2974.16,1345.04,0.4,1,0.1,111.6,15,3012.73,3040.71,1296,1295
1,3,95,ECDSA-SHA3-512_signed-by_ECDSA-SHA3-224,ECDSA-SHA3-512_signed-by_ECDSA-SHA3-224,13.897,2067.11,1325.11,0.923077,10,0.769231,126,24,3015.68,2997.44,1297,1294
1,4,23,ECDSA-SHA3-512_signed-by_ECDSA-SHA3-224,ECDSA-SHA3-512_signed-by_ECDSA-SHA3-224,10.096,2845.42,1215.5,0.444444,0,0,126.889,24,3045.6,2997.01,1297,1294
1,2,90,ECDSA-SHA3-512_signed-by_ECDSA-SHA3-224,ECDSA-SHA3-512_signed-by_ECDSA-SHA3-224,9.825,2923.91,1268.57,0.3,5,0.5,118,24,3025.6,3149.61,1297,1294
1,8,96,ECDSA-SHA3-512_signed-by_ECDSA-SHA3-224,ECDSA-SHA3-512_signed-by_ECDSA-SHA3-224,8.455,3396.41,1905.4,0.545455,2,0.181818,115.818,17,3017.31,3085.14,1297,1293
1,7,97,ECDSA-SHA3-512_signed-by_ECDSA-SHA3-224,ECDSA-SHA3-512_signed-by_ECDSA-SHA3-224,10.677,2689.83,1240.77,0.545455,1,0.0909091,104.909,17,3020.84,3026.95,1297,1293
1,5,95,ECDSA-SHA3-512_signed-by_ECDSA-SHA3-224,ECDSA-SHA3-512_signed-by_ECDSA-SHA3-224,9.794,2933.16,1738.17,0.538462,7,0.538462,111.846,15,3020.68,3019.1,1296,1295
1,2,91,ECDSA-SHA3-512_signed-by_ECDSA-SHA3-224,ECDSA-SHA3-512_signed-by_ECDSA-SHA3-224,8.56,3356.05,1601.86,0.636364,0,0,163.818,24,3007.56,3032.66,1297,1294
1,4,24,ECDSA-SHA3-512_signed-by_ECDSA-SHA3-224,ECDSA-SHA3-512_signed-by_ECDSA-SHA3-224,10.779,2665.11,1138.48,0.777778,0,0,126.889,24,3023.38,2994.68,1297,1294
1,3,96,ECDSA-SHA3-512_signed-by_ECDSA-SHA3-224,ECDSA-SHA3-512_signed-by_ECDSA-SHA3-224,12.096,2374.92,1035.68,1,0,0,110,24,3010.73,2998.18,1297,1294
1,8,97,ECDSA-SHA3-512_signed-by_ECDSA-SHA3-224,ECDSA-SHA3-512_signed-by_ECDSA-SHA3-224,10.659,2694.36,1199.33,1,0,0,101.273,17,3027.05,3021.03,1297,1293
1,1,87,ECDSA-SHA3-512_signed-by_ECDSA-SHA3-224,ECDSA-SHA3-512_signed-by_ECDSA-SHA3-224,30.216,950.467,472.85,1,4,0.285714,143.714,24,3041.36,3004.9,1296,1294
1,7,98,ECDSA-SHA3-512_signed-by_ECDSA-SHA3-224,ECDSA-SHA3-512_signed-by_ECDSA-SHA3-224,13.692,2097.47,1243.29,1,7,0.538462,111.846,17,3010.64,3014.85,1297,1293
1,2,92,ECDSA-SHA3-512_signed-by_ECDSA-SHA3-224,ECDSA-SHA3-512_signed-by_ECDSA-SHA3-224,10.649,2697.64,1358.21,1,6,0.4,101.733,24,3015.93,3001.17,1297,1294
1,3,97,ECDSA-SHA3-512_signed-by_ECDSA-SHA3-224,ECDSA-SHA3-512_signed-by_ECDSA-SHA3-224,10.67,2692.31,1174.09,1,0,0,110,24,3015.65,2996.04,1297,1294
1,4,25,ECDSA-SHA3-512_signed-by_ECDSA-SHA3-224,ECDSA-SHA3-512_signed-by_ECDSA-SHA3-224,12.599,2280.05,1446.38,1,9,0.75,144,24,3057.31,2999.1,1297,1294
1,8,98,ECDSA-SHA3-512_signed-by_ECDSA-SHA3-224,ECDSA-SHA3-512_signed-by_ECDSA-SHA3-224,11.617,2472.1,1773.85,0.875,15,0.9375,114,17,3025.35,3001.1,1297,1293
1,7,99,ECDSA-SHA3-512_signed-by_ECDSA-SHA3-224,ECDSA-SHA3-512_signed-by_ECDSA-SHA3-224,10.712,2680.97,1169.47,0.6,0,0,110,17,2994.41,3008.82,1297,1293
1,1,88,ECDSA-SHA3-512_signed-by_ECDSA-SHA3-224,ECDSA-SHA3-512_signed-by_ECDSA-SHA3-224,12.422,2311.9,1466.99,0.75,9,0.75,133.333,24,3032.74,3014.24,1296,1294
1,5,96,ECDSA-SHA3-512_signed-by_ECDSA-SHA3-224,ECDSA-SHA3-512_signed-by_ECDSA-SHA3-224,23.486,1223.19,741.206,1,9,0.6,106,15,3145.02,3019.97,1296,1295
1,2,93,ECDSA-SHA3-512_signed-by_ECDSA-SHA3-224,ECDSA-SHA3-512_signed-by_ECDSA-SHA3-224,12.329,2329.98,1016.08,0.7,0,0,118,24,3034.36,2982.15,1297,1294
1,3,98,ECDSA-SHA3-512_signed-by_ECDSA-SHA3-224,ECDSA-SHA3-512_signed-by_ECDSA-SHA3-224,11.589,2478.79,1058.89,0.777778,0,0,118,24,3027.6,3019.37,1297,1294
1,4,26,ECDSA-SHA3-512_signed-by_ECDSA-SHA3-224,ECDSA-SHA3-512_signed-by_ECDSA-SHA3-224,12.05,2383.96,1055.55,0.545455,5,0.454545,110.727,24,3029.11,2988.5,1297,1294
1,8,99,ECDSA-SHA3-512_signed-by_ECDSA-SHA3-224,ECDSA-SHA3-512_signed-by_ECDSA-SHA3-224,10.426,2754.56,1270.63,1,1,0.0909091,102.727,17,2985.11,3009.46,1297,1293
1,1,89,ECDSA-SHA3-512_signed-by_ECDSA-SHA3-224,ECDSA-SHA3-512_signed-by_ECDSA-SHA3-224,11.154,2574.78,1100.2,1,0,0,335.333,24,3017.11,3007.59,1296,1294
1,5,97,ECDSA-SHA3-512_signed-by_ECDSA-SHA3-224,ECDSA-SHA3-512_signed-by_ECDSA-SHA3-224,12.249,2345.23,1043.63,0.818182,0,0,109.273,15,2986.42,3009.78,1296,1295
1,2,94,ECDSA-SHA3-512_signed-by_ECDSA-SHA3-224,ECDSA-SHA3-512_signed-by_ECDSA-SHA3-224,12.255,2344.08,1001.34,1,0,0,126.889,24,3032.89,2970.69,1297,1294
1,3,99,ECDSA-SHA3-512_signed-by_ECDSA-SHA3-224,ECDSA-SHA3-512_signed-by_ECDSA-SHA3-224,11.964,2401.1,1162.1,0.833333,5,0.416667,104.667,24,2997.95,2983.3,1297,1294
1,4,27,ECDSA-SHA3-512_signed-by_ECDSA-SHA3-224,ECDSA-SHA3-512_signed-by_ECDSA-SHA3-224,10.898,2636,1936.44,0.5625,13,0.8125,183.5,24,3019.4,2987.65,1297,1294
1,1,90,ECDSA-SHA3-512_signed-by_ECDSA-SHA3-224,ECDSA-SHA3-512_signed-by_ECDSA-SHA3-224,6.875,4176.87,1926.71,0.0909091,1,0.0909091,102.727,24,3022.04,3153.46,1296,1294
1,5,98,ECDSA-SHA3-512_signed-by_ECDSA-SHA3-224,ECDSA-SHA3-512_signed-by_ECDSA-SHA3-224,7.269,3951.63,1688.05,0.111111,0,0,136.667,15,2982.01,3001.48,1296,1295
1,2,95,ECDSA-SHA3-512_signed-by_ECDSA-SHA3-224,ECDSA-SHA3-512_signed-by_ECDSA-SHA3-224,8.058,3565.11,1522.94,0,0,0,126.889,24,3043.39,3031.02,1297,1294
1,4,28,ECDSA-SHA3-512_signed-by_ECDSA-SHA3-224,ECDSA-SHA3-512_signed-by_ECDSA-SHA3-224,7.734,3714.48,1586.75,0,0,0,126.889,24,3021.28,2999.88,1297,1294
1,1,91,ECDSA-SHA3-512_signed-by_ECDSA-SHA3-224,ECDSA-SHA3-512_signed-by_ECDSA-SHA3-224,7.647,3755.25,1638.08,0.4,0,0,107.6,24,3028.02,3006.74,1296,1294
1,5,99,ECDSA-SHA3-512_signed-by_ECDSA-SHA3-224,ECDSA-SHA3-512_signed-by_ECDSA-SHA3-224,7.763,3700.16,1706.34,0.363636,1,0.0909091,120.545,15,3044.32,3191.57,1296,1295
1,4,29,ECDSA-SHA3-512_signed-by_ECDSA-SHA3-224,ECDSA-SHA3-512_signed-by_ECDSA-SHA3-224,7.537,3811.12,2417.64,0.333333,9,0.75,144,24,3020.87,2981.98,1297,1294
1,2,96,ECDSA-SHA3-512_signed-by_ECDSA-SHA3-224,ECDSA-SHA3-512_signed-by_ECDSA-SHA3-224,8.923,3219.52,1404,0.4,0,0,115.6,24,3040.48,3000.83,1297,1294
1,1,92,ECDSA-SHA3-512_signed-by_ECDSA-SHA3-224,ECDSA-SHA3-512_signed-by_ECDSA-SHA3-224,7.953,3610.79,1575.07,0,0,0,107.6,24,3034.9,3132.75,1296,1294
1,4,30,ECDSA-SHA3-512_signed-by_ECDSA-SHA3-224,ECDSA-SHA3-512_signed-by_ECDSA-SHA3-224,7.496,3832.24,1637.05,1,0,0,126.889,24,3008.7,3008.48,1297,1294
1,1,93,ECDSA-SHA3-512_signed-by_ECDSA-SHA3-224,ECDSA-SHA3-512_signed-by_ECDSA-SHA3-224,7.743,3708.88,2479.48,0.642857,10,0.714286,120.857,24,3021.14,3021.3,1296,1294
1,2,97,ECDSA-SHA3-512_signed-by_ECDSA-SHA3-224,ECDSA-SHA3-512_signed-by_ECDSA-SHA3-224,10.727,2677.88,1628.65,0.6,8,0.533333,107.333,24,3063.49,2980.14,1297,1294
1,4,31,ECDSA-SHA3-512_signed-by_ECDSA-SHA3-224,ECDSA-SHA3-512_signed-by_ECDSA-SHA3-224,6.247,4598.16,2005.21,0.1,0,0,115.6,24,3022.81,3003.07,1297,1294
1,1,94,ECDSA-SHA3-512_signed-by_ECDSA-SHA3-224,ECDSA-SHA3-512_signed-by_ECDSA-SHA3-224,6.817,4212.62,1943.2,0.545455,1,0.0909091,102.727,24,3034.63,3021.67,1296,1294
1,2,98,ECDSA-SHA3-512_signed-by_ECDSA-SHA3-224,ECDSA-SHA3-512_signed-by_ECDSA-SHA3-224,6.581,4364.89,2012.88,0.545455,1,0.0909091,112.545,24,3041.7,2997.26,1297,1294
1,4,32,ECDSA-SHA3-512_signed-by_ECDSA-SHA3-224,ECDSA-SHA3-512_signed-by_ECDSA-SHA3-224,7.735,3713.67,2388.91,0.384615,9,0.692308,134,24,3017.47,3173.18,1297,1294
1,1,95,ECDSA-SHA3-512_signed-by_ECDSA-SHA3-224,ECDSA-SHA3-512_signed-by_ECDSA-SHA3-224,7.015,4093.64,1785.69,0,0,0,107.6,24,3063.75,2993.03,1296,1294
1,2,99,ECDSA-SHA3-512_signed-by_ECDSA-SHA3-224,ECDSA-SHA3-512_signed-by_ECDSA-SHA3-224,7.301,3934.39,1715.75,0,0,0,113.2,24,3036.19,3003.04,1297,1294
1,4,33,ECDSA-SHA3-512_signed-by_ECDSA-SHA3-224,ECDSA-SHA3-512_signed-by_ECDSA-SHA3-224,6.2,4633.08,2020.44,0,0,0,115.6,24,3031.71,2968.3,1297,1294
1,1,96,ECDSA-SHA3-512_signed-by_ECDSA-SHA3-224,ECDSA-SHA3-512_signed-by_ECDSA-SHA3-224,6.563,4375.67,1908.72,0,0,0,108,24,3032.38,2997.54,1296,1294
1,4,34,ECDSA-SHA3-512_signed-by_ECDSA-SHA3-224,ECDSA-SHA3-512_signed-by_ECDSA-SHA3-224,6.363,4514.48,1968.72,0,0,0,115.6,24,3023.28,3100.41,1297,1294
1,1,97,ECDSA-SHA3-512_signed-by_ECDSA-SHA3-224,ECDSA-SHA3-512_signed-by_ECDSA-SHA3-224,6.202,4630.48,2019.87,0,0,0,107.6,24,3034.68,2979.36,1296,1294
1,4,35,ECDSA-SHA3-512_signed-by_ECDSA-SHA3-224,ECDSA-SHA3-512_signed-by_ECDSA-SHA3-224,6.389,4496.21,1960.75,0,0,0,115.6,24,3031.05,2974.72,1297,1294
1,1,98,ECDSA-SHA3-512_signed-by_ECDSA-SHA3-224,ECDSA-SHA3-512_signed-by_ECDSA-SHA3-224,6.287,4567.88,1992.56,0,0,0,107.6,24,3035.55,2982.58,1296,1294
1,4,36,ECDSA-SHA3-512_signed-by_ECDSA-SHA3-224,ECDSA-SHA3-512_signed-by_ECDSA-SHA3-224,6.328,4539.55,1979.65,0,0,0,115.6,24,3032.53,3008.86,1297,1294
1,1,99,ECDSA-SHA3-512_signed-by_ECDSA-SHA3-224,ECDSA-SHA3-512_signed-by_ECDSA-SHA3-224,6.342,4528.27,1975.28,0,0,0,107.6,24,3013.01,3002.9,1296,1294
1,4,37,ECDSA-SHA3-512_signed-by_ECDSA-SHA3-224,ECDSA-SHA3-512_signed-by_ECDSA-SHA3-224,6.279,4574.97,1995.1,0,0,0,115.6,24,3064.87,3002.59,1297,1294
1,4,38,ECDSA-SHA3-512_signed-by_ECDSA-SHA3-224,ECDSA-SHA3-512_signed-by_ECDSA-SHA3-224,6.283,4572.13,1993.86,0,0,0,115.6,24,3031.38,3044.1,1297,1294
1,4,39,ECDSA-SHA3-512_signed-by_ECDSA-SHA3-224,ECDSA-SHA3-512_signed-by_ECDSA-SHA3-224,6.313,4550.47,1984.42,0,0,0,115.6,24,3044.62,3000.02,1297,1294
1,4,40,ECDSA-SHA3-512_signed-by_ECDSA-SHA3-224,ECDSA-SHA3-512_signed-by_ECDSA-SHA3-224,6.214,4622.97,2016.03,0,0,0,115.6,24,3044.23,3008.48,1297,1294
1,4,41,ECDSA-SHA3-512_signed-by_ECDSA-SHA3-224,ECDSA-SHA3-512_signed-by_ECDSA-SHA3-224,6.282,4572.93,1994.21,0,0,0,115.6,24,3008.8,3012.88,1297,1294
1,4,42,ECDSA-SHA3-512_signed-by_ECDSA-SHA3-224,ECDSA-SHA3-512_signed-by_ECDSA-SHA3-224,6.268,4583.14,1998.66,0,0,0,115.6,24,3021.16,3014.01,1297,1294
1,4,43,ECDSA-SHA3-512_signed-by_ECDSA-SHA3-224,ECDSA-SHA3-512_signed-by_ECDSA-SHA3-224,6.397,4490.72,1958.36,0,0,0,115.6,24,3037.83,3015.03,1297,1294
1,4,44,ECDSA-SHA3-512_signed-by_ECDSA-SHA3-224,ECDSA-SHA3-512_signed-by_ECDSA-SHA3-224,6.342,4529.66,1975.34,0,0,0,115.6,24,3036.57,3008.56,1297,1294
1,4,45,ECDSA-SHA3-512_signed-by_ECDSA-SHA3-224,ECDSA-SHA3-512_signed-by_ECDSA-SHA3-224,6.394,4492.83,1959.28,0,0,0,115.6,24,3020.78,3008.31,1297,1294
1,4,46,ECDSA-SHA3-512_signed-by_ECDSA-SHA3-224,ECDSA-SHA3-512_signed-by_ECDSA-SHA3-224,7.803,3681.57,1605.5,0,0,0,115.6,24,3020.5,3007.45,1297,1294
1,4,47,ECDSA-SHA3-512_signed-by_ECDSA-SHA3-224,ECDSA-SHA3-512_signed-by_ECDSA-SHA3-224,6.335,4534.67,1977.52,0,0,0,115.6,24,3016.57,3010.62,1297,1294
1,4,48,ECDSA-SHA3-512_signed-by_ECDSA-SHA3-224,ECDSA-SHA3-512_signed-by_ECDSA-SHA3-224,6.268,4583.14,1998.66,0,0,0,115.6,24,3042.06,2993.74,1297,1294
1,4,49,ECDSA-SHA3-512_signed-by_ECDSA-SHA3-224,ECDSA-SHA3-512_signed-by_ECDSA-SHA3-224,6.359,4517.56,1970.06,0,0,0,115.6,24,3043.72,3011.89,1297,1294
1,4,50,ECDSA-SHA3-512_signed-by_ECDSA-SHA3-224,ECDSA-SHA3-512_signed-by_ECDSA-SHA3-224,6.241,4602.97,2007.31,0,0,0,115.6,24,3013.21,3013.26,1297,1294
1,4,51,ECDSA-SHA3-512_signed-by_ECDSA-SHA3-224,ECDSA-SHA3-512_signed-by_ECDSA-SHA3-224,6.268,4583.14,1998.66,0,0,0,115.6,24,3024.37,3004.99,1297,1294
1,4,52,ECDSA-SHA3-512_signed-by_ECDSA-SHA3-224,ECDSA-SHA3-512_signed-by_ECDSA-SHA3-224,6.222,4617.02,2013.44,0,0,0,115.6,24,3028.44,3018.3,1297,1294
1,4,53,ECDSA-SHA3-512_signed-by_ECDSA-SHA3-224,ECDSA-SHA3-512_signed-by_ECDSA-SHA3-224,6.278,4575.84,1995.48,0,0,0,115.6,24,3015.66,3020.19,1297,1294
1,4,54,ECDSA-SHA3-512_signed-by_ECDSA-SHA3-224,ECDSA-SHA3-512_signed-by_ECDSA-SHA3-224,6.277,4576.57,1995.8,0,0,0,115.6,24,3082.36,3010.58,1297,1294
1,4,55,ECDSA-SHA3-512_signed-by_ECDSA-SHA3-224,ECDSA-SHA3-512_signed-by_ECDSA-SHA3-224,6.253,4594.13,2003.46,0,0,0,115.6,24,3024.34,3011.59,1297,1294
1,4,56,ECDSA-SHA3-512_signed-by_ECDSA-SHA3-224,ECDSA-SHA3-512_signed-by_ECDSA-SHA3-224,6.565,4375.81,1908.25,0,0,0,115.6,24,3020.92,3032.49,1297,1294
1,4,57,ECDSA-SHA3-512_signed-by_ECDSA-SHA3-224,ECDSA-SHA3-512_signed-by_ECDSA-SHA3-224,6.256,4591.93,2002.5,0,0,0,115.6,24,3012.48,3005.48,1297,1294
1,4,58,ECDSA-SHA3-512_signed-by_ECDSA-SHA3-224,ECDSA-SHA3-512_signed-by_ECDSA-SHA3-224,6.21,4625.94,2017.33,0,0,0,115.6,24,3026.19,3010.78,1297,1294
1,4,59,ECDSA-SHA3-512_signed-by_ECDSA-SHA3-224,ECDSA-SHA3-512_signed-by_ECDSA-SHA3-224,6.254,4593.4,2003.14,0,0,0,115.6,24,3045.17,2992.14,1297,1294
1,4,60,ECDSA-SHA3-512_signed-by_ECDSA-SHA3-224,ECDSA-SHA3-512_signed-by_ECDSA-SHA3-224,6.29,4567.11,1991.67,0,0,0,115.6,24,3019.02,3007.63,1297,1294
1,4,61,ECDSA-SHA3-512_signed-by_ECDSA-SHA3-224,ECDSA-SHA3-512_signed-by_ECDSA-SHA3-224,6.54,4392.53,1915.54,0,0,0,115.6,24,3029.2,3276.89,1297,1294
1,4,62,ECDSA-SHA3-512_signed-by_ECDSA-SHA3-224,ECDSA-SHA3-512_signed-by_ECDSA-SHA3-224,7.78,3692.45,1610.24,0,0,0,115.6,24,3018.39,3003.05,1297,1294
1,4,63,ECDSA-SHA3-512_signed-by_ECDSA-SHA3-224,ECDSA-SHA3-512_signed-by_ECDSA-SHA3-224,6.371,4509.05,1966.35,0,0,0,115.6,24,3019.86,3020.39,1297,1294
1,4,64,ECDSA-SHA3-512_signed-by_ECDSA-SHA3-224,ECDSA-SHA3-512_signed-by_ECDSA-SHA3-224,6.272,4580.22,1997.39,0,0,0,115.6,24,3027.98,3001.46,1297,1294
1,4,65,ECDSA-SHA3-512_signed-by_ECDSA-SHA3-224,ECDSA-SHA3-512_signed-by_ECDSA-SHA3-224,6.374,4506.92,1965.43,0,0,0,115.6,24,3023.05,3013.73,1297,1294
1,4,66,ECDSA-SHA3-512_signed-by_ECDSA-SHA3-224,ECDSA-SHA3-512_signed-by_ECDSA-SHA3-224,6.246,4599.28,2005.7,0,0,0,115.6,24,3027.64,3006.12,1297,1294
1,4,67,ECDSA-SHA3-512_signed-by_ECDSA-SHA3-224,ECDSA-SHA3-512_signed-by_ECDSA-SHA3-224,6.357,4518.98,1970.68,0,0,0,115.6,24,3019.01,3040.72,1297,1294
1,4,68,ECDSA-SHA3-512_signed-by_ECDSA-SHA3-224,ECDSA-SHA3-512_signed-by_ECDSA-SHA3-224,6.261,4588.26,2000.9,0,0,0,115.6,24,3014.03,3032.71,1297,1294
1,4,69,ECDSA-SHA3-512_signed-by_ECDSA-SHA3-224,ECDSA-SHA3-512_signed-by_ECDSA-SHA3-224,6.324,4542.56,1980.96,0,0,0,115.6,24,3020.54,3031.23,1297,1294
1,4,70,ECDSA-SHA3-512_signed-by_ECDSA-SHA3-224,ECDSA-SHA3-512_signed-by_ECDSA-SHA3-224,6.31,4552.63,1985.36,0,0,0,115.6,24,3030.68,3016.33,1297,1294
1,4,71,ECDSA-SHA3-512_signed-by_ECDSA-SHA3-224,ECDSA-SHA3-512_signed-by_ECDSA-SHA3-224,6.222,4617.02,2013.44,0,0,0,115.6,24,3021.51,3012.26,1297,1294
1,4,72,ECDSA-SHA3-512_signed-by_ECDSA-SHA3-224,ECDSA-SHA3-512_signed-by_ECDSA-SHA3-224,6.208,4627.43,2017.98,0,0,0,115.6,24,3022.18,3001.74,1297,1294
1,4,73,ECDSA-SHA3-512_signed-by_ECDSA-SHA3-224,ECDSA-SHA3-512_signed-by_ECDSA-SHA3-224,6.268,4583.14,1998.66,0,0,0,115.6,24,3008.54,3001.02,1297,1294
1,4,74,ECDSA-SHA3-512_signed-by_ECDSA-SHA3-224,ECDSA-SHA3-512_signed-by_ECDSA-SHA3-224,6.332,4536.82,1978.46,0,0,0,115.6,24,3016.62,3098.39,1297,1294
1,4,75,ECDSA-SHA3-512_signed-by_ECDSA-SHA3-224,ECDSA-SHA3-512_signed-by_ECDSA-SHA3-224,6.225,4614.8,2012.47,0,0,0,115.6,24,3029.79,3003.36,1297,1294
1,4,76,ECDSA-SHA3-512_signed-by_ECDSA-SHA3-224,ECDSA-SHA3-512_signed-by_ECDSA-SHA3-224,6.315,4549.03,1983.79,0,0,0,115.6,24,3021.41,3009.17,1297,1294
1,4,77,ECDSA-SHA3-512_signed-by_ECDSA-SHA3-224,ECDSA-SHA3-512_signed-by_ECDSA-SHA3-224,6.211,4625.2,2017,0,0,0,115.6,24,3028.53,3005.18,1297,1294
1,4,78,ECDSA-SHA3-512_signed-by_ECDSA-SHA3-224,ECDSA-SHA3-512_signed-by_ECDSA-SHA3-224,7.777,3693.71,1610.79,0,0,0,115.6,24,3040.55,3017.12,1297,1294
1,4,79,ECDSA-SHA3-512_signed-by_ECDSA-SHA3-224,ECDSA-SHA3-512_signed-by_ECDSA-SHA3-224,6.26,4589,2001.22,0,0,0,115.6,24,3037.96,3005.96,1297,1294
1,4,80,ECDSA-SHA3-512_signed-by_ECDSA-SHA3-224,ECDSA-SHA3-512_signed-by_ECDSA-SHA3-224,6.352,4522.53,1972.23,0,0,0,115.6,24,3015.53,3050.7,1297,1294
1,4,81,ECDSA-SHA3-512_signed-by_ECDSA-SHA3-224,ECDSA-SHA3-512_signed-by_ECDSA-SHA3-224,6.218,4619.99,2014.73,0,0,0,115.6,24,3024.3,3014.69,1297,1294
1,4,82,ECDSA-SHA3-512_signed-by_ECDSA-SHA3-224,ECDSA-SHA3-512_signed-by_ECDSA-SHA3-224,6.415,4478.12,1952.86,0,0,0,115.6,24,3012.28,3019.8,1297,1294
1,4,83,ECDSA-SHA3-512_signed-by_ECDSA-SHA3-224,ECDSA-SHA3-512_signed-by_ECDSA-SHA3-224,6.286,4570.02,1992.94,0,0,0,115.6,24,3008.7,3014.51,1297,1294
1,4,84,ECDSA-SHA3-512_signed-by_ECDSA-SHA3-224,ECDSA-SHA3-512_signed-by_ECDSA-SHA3-224,6.205,4629.67,2018.95,0,0,0,115.6,24,3020.99,2999.14,1297,1294
1,4,85,ECDSA-SHA3-512_signed-by_ECDSA-SHA3-224,ECDSA-SHA3-512_signed-by_ECDSA-SHA3-224,6.34,4531.09,1975.97,0,0,0,115.6,24,3038.94,3013.34,1297,1294
1,4,86,ECDSA-SHA3-512_signed-by_ECDSA-SHA3-224,ECDSA-SHA3-512_signed-by_ECDSA-SHA3-224,6.383,4500.57,1962.65,0,0,0,115.6,24,3023.67,3014.11,1297,1294
1,4,87,ECDSA-SHA3-512_signed-by_ECDSA-SHA3-224,ECDSA-SHA3-512_signed-by_ECDSA-SHA3-224,6.265,4585.33,1999.62,0,0,0,115.6,24,3008.06,3020.78,1297,1294
1,4,88,ECDSA-SHA3-512_signed-by_ECDSA-SHA3-224,ECDSA-SHA3-512_signed-by_ECDSA-SHA3-224,6.337,4533.24,1976.9,0,0,0,115.6,24,3038.8,3007.13,1297,1294
1,4,89,ECDSA-SHA3-512_signed-by_ECDSA-SHA3-224,ECDSA-SHA3-512_signed-by_ECDSA-SHA3-224,6.326,4541.12,1980.34,0,0,0,115.6,24,3022.4,3002.86,1297,1294
1,4,90,ECDSA-SHA3-512_signed-by_ECDSA-SHA3-224,ECDSA-SHA3-512_signed-by_ECDSA-SHA3-224,6.353,4521.82,1971.92,0,0,0,117.2,24,3016.36,3082.36,1297,1294
1,4,91,ECDSA-SHA3-512_signed-by_ECDSA-SHA3-224,ECDSA-SHA3-512_signed-by_ECDSA-SHA3-224,6.363,4514.72,1968.82,0,0,0,115.6,24,3022.83,3031.89,1297,1294
1,4,92,ECDSA-SHA3-512_signed-by_ECDSA-SHA3-224,ECDSA-SHA3-512_signed-by_ECDSA-SHA3-224,6.246,4599.28,2005.7,0,0,0,115.6,24,3024.83,3001.81,1297,1294
1,4,93,ECDSA-SHA3-512_signed-by_ECDSA-SHA3-224,ECDSA-SHA3-512_signed-by_ECDSA-SHA3-224,6.304,4556.97,1987.25,0,0,0,115.6,24,3023.82,3012.36,1297,1294
1,4,94,ECDSA-SHA3-512_signed-by_ECDSA-SHA3-224,ECDSA-SHA3-512_signed-by_ECDSA-SHA3-224,6.873,4179.75,1785.5,0,0,0,126.889,24,3010.37,3014.54,1297,1294
1,4,95,ECDSA-SHA3-512_signed-by_ECDSA-SHA3-224,ECDSA-SHA3-512_signed-by_ECDSA-SHA3-224,6.335,4534.67,1977.52,0,0,0,115.6,24,3038.04,3029.39,1297,1294
1,4,96,ECDSA-SHA3-512_signed-by_ECDSA-SHA3-224,ECDSA-SHA3-512_signed-by_ECDSA-SHA3-224,6.235,4607.4,2009.24,0,0,0,115.6,24,3023.71,2998.28,1297,1294
1,4,97,ECDSA-SHA3-512_signed-by_ECDSA-SHA3-224,ECDSA-SHA3-512_signed-by_ECDSA-SHA3-224,6.23,4611.09,2010.85,0,0,0,115.6,24,3019.25,3013.04,1297,1294
1,4,98,ECDSA-SHA3-512_signed-by_ECDSA-SHA3-224,ECDSA-SHA3-512_signed-by_ECDSA-SHA3-224,6.291,4566.38,1991.36,0,0,0,115.6,24,3017.81,3006.91,1297,1294
1,4,99,ECDSA-SHA3-512_signed-by_ECDSA-SHA3-224,ECDSA-SHA3-512_signed-by_ECDSA-SHA3-224,6.237,4605.92,2008.6,0,0,0,115.6,24,3263.11,3001.05,1297,1294
