scenario,node_id,handshake_index,sta_cert_algo,ap_cert_algo,handshake_delay_ms,goodput_kbps,throughput_kbps,phy_frame_drop_rate,mac_retries,mac_retry_rate,tx_delay_us,prop_delay_ns,cert_verify_ap_us,cert_verify_sta_us,server_cert_msg_bytes,client_cert_msg_bytes
1,8,0,RSA-SHA3-224_signed-by_ECDSA-SHA384,RSA-SHA3-224_signed-by_ECDSA-SHA384,29.434,1150.5,583.269,0.714286,14,0.666667,197.81,14,2101,2130.26,1618,1615
1,3,0,RSA-SHA3-224_signed-by_ECDSA-SHA384,RSA-SHA3-224_signed-by_ECDSA-SHA384,43.512,778.627,394.553,1,14,0.666667,188.286,24,2089.45,2033.37,1618,1617
1,6,0,RSA-SHA3-224_signed-by_ECDSA-SHA384,RSA-SHA3-224_signed-by_ECDSA-SHA384,55.285,612.669,164.671,1,0,0,228.667,8,2078.76,2060.48,1618,1616
1,7,0,RSA-SHA3-224_signed-by_ECDSA-SHA384,RSA-SHA3-224_signed-by_ECDSA-SHA384,64.503,525.121,145.729,1,1,0.0625,176.625,16,2071.85,2043.24,1618,1616
1,5,0,RSA-SHA3-224_signed-by_ECDSA-SHA384,RSA-SHA3-224_signed-by_ECDSA-SHA384,68.473,494.674,157.025,1,4,0.210526,254.211,15,2051.35,2054.73,1618,1616
1,2,0,RSA-SHA3-224_signed-by_ECDSA-SHA384,RSA-SHA3-224_signed-by_ECDSA-SHA384,72.021,470.193,139.07,1,9,0.5,156.444,24,2075.59,2045.56,1618,1615
1,8,1,RSA-SHA3-224_signed-by_ECDSA-SHA384,RSA-SHA3-224_signed-by_ECDSA-SHA384,45.269,748.052,628.767,1,27,1.08,762.96,14,2035.94,1994.87,1618,1615
1,1,0,RSA-SHA3-224_signed-by_ECDSA-SHA384,RSA-SHA3-224_signed-by_ECDSA-SHA384,80.511,420.807,152.425,1,6,0.285714,176.476,24,2066.05,2033.57,1618,1617
1,3,1,RSA-SHA3-224_signed-by_ECDSA-SHA384,RSA-SHA3-224_signed-by_ECDSA-SHA384,38.311,884.329,400.506,1,3,0.214286,171.714,24,2041.54,2035.56,1618,1617
1,6,1,RSA-SHA3-224_signed-by_ECDSA-SHA384,RSA-SHA3-224_signed-by_ECDSA-SHA384,27.021,1253.54,480.809,1,0,0,592.4,8,2035.63,1998.05,1618,1616
1,7,1,RSA-SHA3-224_signed-by_ECDSA-SHA384,RSA-SHA3-224_signed-by_ECDSA-SHA384,20.634,1641.55,629.638,1,0,0,136,16,2059.31,2025.72,1618,1616
1,5,1,RSA-SHA3-224_signed-by_ECDSA-SHA384,RSA-SHA3-224_signed-by_ECDSA-SHA384,18.976,1784.96,1311.95,1,22,1.375,418,15,2048.47,1988.85,1618,1616
1,8,2,RSA-SHA3-224_signed-by_ECDSA-SHA384,RSA-SHA3-224_signed-by_ECDSA-SHA384,13.604,2489.09,954.944,0.8,0,0,136,14,2041.24,1998.19,1618,1615
1,2,1,RSA-SHA3-224_signed-by_ECDSA-SHA384,RSA-SHA3-224_signed-by_ECDSA-SHA384,17.454,1940.16,1140.35,0.470588,7,0.411765,240.353,24,2050.77,1989.87,1618,1615
1,1,1,RSA-SHA3-224_signed-by_ECDSA-SHA384,RSA-SHA3-224_signed-by_ECDSA-SHA384,12.591,2690.8,1504.56,0.615385,11,0.846154,158.308,24,2034.81,2006.11,1618,1617
1,6,2,RSA-SHA3-224_signed-by_ECDSA-SHA384,RSA-SHA3-224_signed-by_ECDSA-SHA384,12.786,2649.12,1016.1,0,0,0,126.8,8,2056.21,1989.6,1618,1616
1,3,2,RSA-SHA3-224_signed-by_ECDSA-SHA384,RSA-SHA3-224_signed-by_ECDSA-SHA384,14.122,2399.06,919.97,0,0,0,126.8,24,2026.16,1995,1618,1617
1,5,2,RSA-SHA3-224_signed-by_ECDSA-SHA384,RSA-SHA3-224_signed-by_ECDSA-SHA384,9.656,3507.6,1345.38,0,0,0,253.6,15,2017.76,1991.09,1618,1616
1,7,2,RSA-SHA3-224_signed-by_ECDSA-SHA384,RSA-SHA3-224_signed-by_ECDSA-SHA384,13.286,2549.43,977.863,0.8,0,0,136,16,2041.04,2013.82,1618,1616
1,8,3,RSA-SHA3-224_signed-by_ECDSA-SHA384,RSA-SHA3-224_signed-by_ECDSA-SHA384,11.835,2861.1,1113.89,0.727273,7,0.636364,127.091,14,2041.92,2015.93,1618,1615
1,2,2,RSA-SHA3-224_signed-by_ECDSA-SHA384,RSA-SHA3-224_signed-by_ECDSA-SHA384,13.828,2448.9,939.527,1,0,0,182.8,24,2067.28,2011.36,1618,1615
1,1,2,RSA-SHA3-224_signed-by_ECDSA-SHA384,RSA-SHA3-224_signed-by_ECDSA-SHA384,13.722,2468.97,946.779,1,4,0.4,136,24,2029.09,2028.62,1618,1617
1,6,3,RSA-SHA3-224_signed-by_ECDSA-SHA384,RSA-SHA3-224_signed-by_ECDSA-SHA384,13.308,2545.2,995.476,1,0,0,118.727,8,2044.64,1998.7,1618,1616
1,3,3,RSA-SHA3-224_signed-by_ECDSA-SHA384,RSA-SHA3-224_signed-by_ECDSA-SHA384,13.477,2513.87,1330.84,1,8,0.533333,113.2,24,2028.88,2058.97,1618,1617
1,7,3,RSA-SHA3-224_signed-by_ECDSA-SHA384,RSA-SHA3-224_signed-by_ECDSA-SHA384,12.248,2765.49,1081.64,1,0,0,127.091,16,2037.7,2006.57,1618,1616
1,8,4,RSA-SHA3-224_signed-by_ECDSA-SHA384,RSA-SHA3-224_signed-by_ECDSA-SHA384,15.894,2130.56,969.399,1,0,0,184.857,14,2053.22,1987.54,1618,1615
1,5,3,RSA-SHA3-224_signed-by_ECDSA-SHA384,RSA-SHA3-224_signed-by_ECDSA-SHA384,19.64,1724.58,1206.48,1,18,1.05882,274.706,15,2061.37,1988.41,1618,1616
1,6,4,RSA-SHA3-224_signed-by_ECDSA-SHA384,RSA-SHA3-224_signed-by_ECDSA-SHA384,10.825,3128.77,1200.08,1,0,0,126.8,8,2041.11,2024.15,1618,1616
1,7,4,RSA-SHA3-224_signed-by_ECDSA-SHA384,RSA-SHA3-224_signed-by_ECDSA-SHA384,10.789,3139.21,1662.29,1,14,0.933333,120.933,16,2046.76,2001.08,1618,1616
1,8,5,RSA-SHA3-224_signed-by_ECDSA-SHA384,RSA-SHA3-224_signed-by_ECDSA-SHA384,9.786,3460.12,1353.64,1,0,0,122.727,14,2052.62,1991.3,1618,1615
1,6,5,RSA-SHA3-224_signed-by_ECDSA-SHA384,RSA-SHA3-224_signed-by_ECDSA-SHA384,7.21,4697.51,1937.14,0.75,1,0.0833333,109.333,8,2033.05,1992.47,1618,1616
1,5,4,RSA-SHA3-224_signed-by_ECDSA-SHA384,RSA-SHA3-224_signed-by_ECDSA-SHA384,12.943,2616.99,1370.92,1,7,0.5,232.286,15,2035.5,2024.9,1618,1616
1,3,4,RSA-SHA3-224_signed-by_ECDSA-SHA384,RSA-SHA3-224_signed-by_ECDSA-SHA384,23.524,1440.23,1177.35,1,22,0.916667,111,24,2058.45,2007.22,1618,1617
1,7,5,RSA-SHA3-224_signed-by_ECDSA-SHA384,RSA-SHA3-224_signed-by_ECDSA-SHA384,12.031,2815.16,1259.31,1,0,0,194.308,16,2046.84,2022.75,1618,1616
1,1,3,RSA-SHA3-224_signed-by_ECDSA-SHA384,RSA-SHA3-224_signed-by_ECDSA-SHA384,29.405,1152.17,972.337,1,29,1.11538,443.692,24,2046.03,2013.36,1618,1617
1,2,3,RSA-SHA3-224_signed-by_ECDSA-SHA384,RSA-SHA3-224_signed-by_ECDSA-SHA384,34.927,969.564,667.907,1,17,0.772727,172.182,24,2054.7,1981.16,1618,1615
1,6,6,RSA-SHA3-224_signed-by_ECDSA-SHA384,RSA-SHA3-224_signed-by_ECDSA-SHA384,12.541,2700.9,1338.33,1,9,0.5625,103,8,2019.19,1986.2,1618,1616
1,7,6,RSA-SHA3-224_signed-by_ECDSA-SHA384,RSA-SHA3-224_signed-by_ECDSA-SHA384,9.906,3419.02,1548.82,1,7,0.5,117.429,16,2042.48,2020.26,1618,1616
1,3,5,RSA-SHA3-224_signed-by_ECDSA-SHA384,RSA-SHA3-224_signed-by_ECDSA-SHA384,17.317,1956.36,1437.59,1,22,1.375,181,24,2046.83,2001.54,1618,1617
1,1,4,RSA-SHA3-224_signed-by_ECDSA-SHA384,RSA-SHA3-224_signed-by_ECDSA-SHA384,14.66,2310.95,1227.78,1,7,0.466667,120.933,24,2041.99,2031.44,1618,1617
1,5,5,RSA-SHA3-224_signed-by_ECDSA-SHA384,RSA-SHA3-224_signed-by_ECDSA-SHA384,22.075,1534.38,821.188,1,9,0.5625,241.75,15,2058.15,1998.8,1618,1616
1,2,4,RSA-SHA3-224_signed-by_ECDSA-SHA384,RSA-SHA3-224_signed-by_ECDSA-SHA384,14.969,2262.18,1502.78,1,14,0.777778,181.556,24,2066.2,1989,1618,1615
1,6,7,RSA-SHA3-224_signed-by_ECDSA-SHA384,RSA-SHA3-224_signed-by_ECDSA-SHA384,15.152,2235.39,1096.05,1,12,0.705882,98.2353,8,2040.31,2002.37,1618,1616
1,8,6,RSA-SHA3-224_signed-by_ECDSA-SHA384,RSA-SHA3-224_signed-by_ECDSA-SHA384,29.085,1164.28,677.72,1,21,1.23529,130.941,14,2032.36,2010.36,1618,1615
1,7,7,RSA-SHA3-224_signed-by_ECDSA-SHA384,RSA-SHA3-224_signed-by_ECDSA-SHA384,13.92,2433.26,1360.88,1,11,0.846154,158.308,16,2031.61,2021.9,1618,1616
1,3,6,RSA-SHA3-224_signed-by_ECDSA-SHA384,RSA-SHA3-224_signed-by_ECDSA-SHA384,12.41,2730.05,1046.89,1,0,0,126.8,24,2044.11,2011.65,1618,1617
1,5,6,RSA-SHA3-224_signed-by_ECDSA-SHA384,RSA-SHA3-224_signed-by_ECDSA-SHA384,12.114,2796.1,1072.48,1,0,0,235.6,15,2020.05,1995.08,1618,1616
1,2,5,RSA-SHA3-224_signed-by_ECDSA-SHA384,RSA-SHA3-224_signed-by_ECDSA-SHA384,12.573,2693.36,1506.71,0.384615,11,0.846154,216.462,24,2036.96,2016.67,1618,1615
1,8,7,RSA-SHA3-224_signed-by_ECDSA-SHA384,RSA-SHA3-224_signed-by_ECDSA-SHA384,11.323,2990.72,1338.16,0,0,0,196.154,14,2038.5,1981.42,1618,1615
1,1,5,RSA-SHA3-224_signed-by_ECDSA-SHA384,RSA-SHA3-224_signed-by_ECDSA-SHA384,16.922,2002.07,1119.46,1,11,0.846154,158.308,24,2049.66,2205.8,1618,1617
1,6,8,RSA-SHA3-224_signed-by_ECDSA-SHA384,RSA-SHA3-224_signed-by_ECDSA-SHA384,14.823,2285.05,1035.13,0,3,0.214286,182.286,8,2101.39,2016.57,1618,1616
1,7,8,RSA-SHA3-224_signed-by_ECDSA-SHA384,RSA-SHA3-224_signed-by_ECDSA-SHA384,13.569,2496.24,957.46,0.5,0,0,136,16,2042.42,2023.73,1618,1616
1,3,7,RSA-SHA3-224_signed-by_ECDSA-SHA384,RSA-SHA3-224_signed-by_ECDSA-SHA384,12.711,2665.38,1207.13,0.785714,11,0.785714,110,24,2066.39,2010.99,1618,1617
1,5,7,RSA-SHA3-224_signed-by_ECDSA-SHA384,RSA-SHA3-224_signed-by_ECDSA-SHA384,12.956,2614.37,1032.41,1,8,0.666667,209.667,15,2020.41,2005.01,1618,1616
1,2,6,RSA-SHA3-224_signed-by_ECDSA-SHA384,RSA-SHA3-224_signed-by_ECDSA-SHA384,11.886,2849.06,1093.05,1,0,0,192.4,24,2047.81,1987.59,1618,1615
1,8,8,RSA-SHA3-224_signed-by_ECDSA-SHA384,RSA-SHA3-224_signed-by_ECDSA-SHA384,12.05,2810.29,1099.42,1,0,0,127.091,14,2075.14,1983.85,1618,1615
1,1,6,RSA-SHA3-224_signed-by_ECDSA-SHA384,RSA-SHA3-224_signed-by_ECDSA-SHA384,15.472,2189.72,856.238,1,0,0,148.909,24,2034.71,2035.49,1618,1617
1,7,9,RSA-SHA3-224_signed-by_ECDSA-SHA384,RSA-SHA3-224_signed-by_ECDSA-SHA384,14.582,2322.81,1216.82,0.785714,7,0.5,118.571,16,2066.22,2011.18,1618,1616
1,6,9,RSA-SHA3-224_signed-by_ECDSA-SHA384,RSA-SHA3-224_signed-by_ECDSA-SHA384,17.428,1943.48,1417.45,1,13,0.866667,145.2,8,2037.09,2009.79,1618,1616
1,5,8,RSA-SHA3-224_signed-by_ECDSA-SHA384,RSA-SHA3-224_signed-by_ECDSA-SHA384,10.511,3222.24,1441.41,0,0,0,273.077,15,2036.05,1991.48,1618,1616
1,3,8,RSA-SHA3-224_signed-by_ECDSA-SHA384,RSA-SHA3-224_signed-by_ECDSA-SHA384,13.088,2588.61,1187.03,0.333333,4,0.266667,227.333,24,2055.27,2004.33,1618,1617
1,2,7,RSA-SHA3-224_signed-by_ECDSA-SHA384,RSA-SHA3-224_signed-by_ECDSA-SHA384,12.149,2787.38,1069.38,0,0,0,182.8,24,2050.65,2006.5,1618,1615
1,8,9,RSA-SHA3-224_signed-by_ECDSA-SHA384,RSA-SHA3-224_signed-by_ECDSA-SHA384,13.258,2554.21,979.927,0,0,0,136,14,2041.48,2007.75,1618,1615
1,1,7,RSA-SHA3-224_signed-by_ECDSA-SHA384,RSA-SHA3-224_signed-by_ECDSA-SHA384,13.303,2546.75,1153.41,0.214286,7,0.5,117.429,24,2044.06,2007.98,1618,1617
1,7,10,RSA-SHA3-224_signed-by_ECDSA-SHA384,RSA-SHA3-224_signed-by_ECDSA-SHA384,12.472,2715.82,1062.21,0.272727,0,0,118.727,16,2058.1,2029.21,1618,1616
1,6,10,RSA-SHA3-224_signed-by_ECDSA-SHA384,RSA-SHA3-224_signed-by_ECDSA-SHA384,12.38,2736,1049.42,0.3,0,0,126.8,8,2034.02,1979.22,1618,1616
1,5,9,RSA-SHA3-224_signed-by_ECDSA-SHA384,RSA-SHA3-224_signed-by_ECDSA-SHA384,12.744,2657.84,1019.45,0.8,0,0,182.8,15,2051.29,1995.08,1618,1616
1,3,9,RSA-SHA3-224_signed-by_ECDSA-SHA384,RSA-SHA3-224_signed-by_ECDSA-SHA384,12.628,2682.89,1028.81,1,0,0,131.6,24,2039,2005.44,1618,1617
1,2,8,RSA-SHA3-224_signed-by_ECDSA-SHA384,RSA-SHA3-224_signed-by_ECDSA-SHA384,12.605,2686.52,1030.69,1,0,0,182.8,24,2058.37,1984.73,1618,1615
1,8,10,RSA-SHA3-224_signed-by_ECDSA-SHA384,RSA-SHA3-224_signed-by_ECDSA-SHA384,15.791,2144.45,838.936,1,0,0,127.091,14,2055.44,1999.84,1618,1615
1,1,8,RSA-SHA3-224_signed-by_ECDSA-SHA384,RSA-SHA3-224_signed-by_ECDSA-SHA384,16.984,1994.78,903.42,1,7,0.5,117.429,24,2041.36,2042.14,1618,1617
1,7,11,RSA-SHA3-224_signed-by_ECDSA-SHA384,RSA-SHA3-224_signed-by_ECDSA-SHA384,16.21,2089.53,1106.46,1,8,0.533333,113.2,16,2042.39,2010.01,1618,1616
1,3,10,RSA-SHA3-224_signed-by_ECDSA-SHA384,RSA-SHA3-224_signed-by_ECDSA-SHA384,15.114,2241.59,876.523,1,0,0,118.727,24,2046.7,1988.18,1618,1617
1,6,11,RSA-SHA3-224_signed-by_ECDSA-SHA384,RSA-SHA3-224_signed-by_ECDSA-SHA384,18.067,1874.75,1377.94,1,22,1.375,163,8,2058.73,2040.59,1618,1616
1,2,9,RSA-SHA3-224_signed-by_ECDSA-SHA384,RSA-SHA3-224_signed-by_ECDSA-SHA384,14.919,2269.83,1282.64,1,16,1.14286,203.714,24,2048.29,2015.83,1618,1615
1,5,10,RSA-SHA3-224_signed-by_ECDSA-SHA384,RSA-SHA3-224_signed-by_ECDSA-SHA384,18.865,1795.44,1319.65,1,22,1.375,264.5,15,2057.04,1983.78,1618,1616
1,8,11,RSA-SHA3-224_signed-by_ECDSA-SHA384,RSA-SHA3-224_signed-by_ECDSA-SHA384,12.182,2779.84,1087.51,1,0,0,127.091,14,2112.85,1991.23,1618,1615
1,7,12,RSA-SHA3-224_signed-by_ECDSA-SHA384,RSA-SHA3-224_signed-by_ECDSA-SHA384,9.325,3632.05,1393.12,1,0,0,126.8,16,2032.34,2009.23,1618,1616
1,6,12,RSA-SHA3-224_signed-by_ECDSA-SHA384,RSA-SHA3-224_signed-by_ECDSA-SHA384,10.032,3376.11,1306.11,1,0,0,118.364,8,2089.65,2012.57,1618,1616
1,3,11,RSA-SHA3-224_signed-by_ECDSA-SHA384,RSA-SHA3-224_signed-by_ECDSA-SHA384,13.283,2550.6,1350.28,0.933333,14,0.933333,113.2,24,2046.01,2007.16,1618,1617
1,1,9,RSA-SHA3-224_signed-by_ECDSA-SHA384,RSA-SHA3-224_signed-by_ECDSA-SHA384,19.856,1706.23,954.037,1,11,0.846154,158.308,24,2043.59,2023.23,1618,1617
1,5,11,RSA-SHA3-224_signed-by_ECDSA-SHA384,RSA-SHA3-224_signed-by_ECDSA-SHA384,15.436,2194.32,841.656,1,0,0,182.8,15,2029.22,1995.12,1618,1616
1,8,12,RSA-SHA3-224_signed-by_ECDSA-SHA384,RSA-SHA3-224_signed-by_ECDSA-SHA384,15.857,2135.55,819.308,1,0,0,136,14,2043.39,1995.38,1618,1615
1,2,10,RSA-SHA3-224_signed-by_ECDSA-SHA384,RSA-SHA3-224_signed-by_ECDSA-SHA384,18.827,1798.64,1245.84,0.7,20,1,375.8,24,2060.74,1988.96,1618,1615
1,7,13,RSA-SHA3-224_signed-by_ECDSA-SHA384,RSA-SHA3-224_signed-by_ECDSA-SHA384,14.198,2385.68,933.086,0.818182,0,0,118.727,16,2030.27,2043.07,1618,1616
1,6,13,RSA-SHA3-224_signed-by_ECDSA-SHA384,RSA-SHA3-224_signed-by_ECDSA-SHA384,15.271,2218.03,850.751,0.9,0,0,126.8,8,2035.24,2033.75,1618,1616
1,3,12,RSA-SHA3-224_signed-by_ECDSA-SHA384,RSA-SHA3-224_signed-by_ECDSA-SHA384,13.382,2531.58,1132.19,0.461538,0,0,187.538,24,2044.9,2004.29,1618,1617
1,1,10,RSA-SHA3-224_signed-by_ECDSA-SHA384,RSA-SHA3-224_signed-by_ECDSA-SHA384,9.952,3404.08,1305.36,0.9,0,0,136,24,2035.03,1987.7,1618,1617
1,5,12,RSA-SHA3-224_signed-by_ECDSA-SHA384,RSA-SHA3-224_signed-by_ECDSA-SHA384,11.012,3075.92,1213.22,0.75,4,0.333333,158.333,15,2030.66,2014.25,1618,1616
1,2,11,RSA-SHA3-224_signed-by_ECDSA-SHA384,RSA-SHA3-224_signed-by_ECDSA-SHA384,10.832,3126.29,1223.04,0.909091,0,0,169.636,24,2052.41,2011.2,1618,1615
1,7,14,RSA-SHA3-224_signed-by_ECDSA-SHA384,RSA-SHA3-224_signed-by_ECDSA-SHA384,10.033,3375.74,1294.8,0.4,0,0,126.8,16,2075.01,1989.01,1618,1616
1,8,13,RSA-SHA3-224_signed-by_ECDSA-SHA384,RSA-SHA3-224_signed-by_ECDSA-SHA384,15.936,2124.94,1200.77,1,12,0.857143,148.857,14,2032.16,2004.19,1618,1615
1,6,14,RSA-SHA3-224_signed-by_ECDSA-SHA384,RSA-SHA3-224_signed-by_ECDSA-SHA384,10.88,3113.22,1277.93,1,6,0.5,113.333,8,2039.99,2326.19,1618,1616
1,1,11,RSA-SHA3-224_signed-by_ECDSA-SHA384,RSA-SHA3-224_signed-by_ECDSA-SHA384,13.221,2562.51,1002.01,1,0,0,127.091,24,2038.78,2006.83,1618,1617
1,3,13,RSA-SHA3-224_signed-by_ECDSA-SHA384,RSA-SHA3-224_signed-by_ECDSA-SHA384,14.544,2329.4,893.259,1,0,0,148,24,2054.13,2003.64,1618,1617
1,2,12,RSA-SHA3-224_signed-by_ECDSA-SHA384,RSA-SHA3-224_signed-by_ECDSA-SHA384,12.705,2665.37,1800.84,0.85,22,1.1,157.8,24,2040.52,2008.59,1618,1615
1,7,15,RSA-SHA3-224_signed-by_ECDSA-SHA384,RSA-SHA3-224_signed-by_ECDSA-SHA384,14.279,2372.1,909.846,1,0,0,126.8,16,2492.3,2462.85,1618,1616
1,5,13,RSA-SHA3-224_signed-by_ECDSA-SHA384,RSA-SHA3-224_signed-by_ECDSA-SHA384,17.682,1915.55,1326.5,1,10,0.5,248.8,15,2109.28,2008,1618,1616
1,8,14,RSA-SHA3-224_signed-by_ECDSA-SHA384,RSA-SHA3-224_signed-by_ECDSA-SHA384,13.78,2457.41,1287.63,1,7,0.5,126.857,15,2039.06,2027.55,1618,1615
1,6,15,RSA-SHA3-224_signed-by_ECDSA-SHA384,RSA-SHA3-224_signed-by_ECDSA-SHA384,13.599,2490.72,1128.3,1,3,0.214286,170.857,8,2499.07,2481.4,1618,1616
1,1,12,RSA-SHA3-224_signed-by_ECDSA-SHA384,RSA-SHA3-224_signed-by_ECDSA-SHA384,10.809,3134.14,1237.38,1,6,0.5,119.667,24,2026.94,1987.35,1618,1617
1,7,16,RSA-SHA3-224_signed-by_ECDSA-SHA384,RSA-SHA3-224_signed-by_ECDSA-SHA384,9.721,3484.39,1604.76,1,7,0.466667,105.2,16,2023.26,2026.86,1618,1616
1,5,14,RSA-SHA3-224_signed-by_ECDSA-SHA384,RSA-SHA3-224_signed-by_ECDSA-SHA384,10.952,3092.73,1186.25,1,0,0,182.8,15,2004.92,1985.32,1618,1616
1,2,13,RSA-SHA3-224_signed-by_ECDSA-SHA384,RSA-SHA3-224_signed-by_ECDSA-SHA384,15.12,2239.61,1316.36,1,7,0.411765,238.235,24,2066.22,2009.02,1618,1615
1,3,14,RSA-SHA3-224_signed-by_ECDSA-SHA384,RSA-SHA3-224_signed-by_ECDSA-SHA384,18.097,1872.06,991.063,1,12,0.8,130.533,24,2043.98,1999.05,1618,1617
1,8,15,RSA-SHA3-224_signed-by_ECDSA-SHA384,RSA-SHA3-224_signed-by_ECDSA-SHA384,14.485,2337.83,1474.61,1,10,0.588235,113.294,15,2479.95,2468.09,1618,1615
1,6,16,RSA-SHA3-224_signed-by_ECDSA-SHA384,RSA-SHA3-224_signed-by_ECDSA-SHA384,15.373,2203.27,1232.25,1,11,0.846154,146.923,8,2035.57,2003.89,1618,1616
1,7,17,RSA-SHA3-224_signed-by_ECDSA-SHA384,RSA-SHA3-224_signed-by_ECDSA-SHA384,10.854,3120.43,1196.88,1,0,0,126.8,16,2088.24,2006.81,1618,1616
1,5,15,RSA-SHA3-224_signed-by_ECDSA-SHA384,RSA-SHA3-224_signed-by_ECDSA-SHA384,10.014,3382.18,1297.27,0.6,0,0,176.8,15,2522.46,2489.97,1618,1616
1,2,14,RSA-SHA3-224_signed-by_ECDSA-SHA384,RSA-SHA3-224_signed-by_ECDSA-SHA384,11.378,2976.02,1164.26,0.545455,0,0,169.636,24,2056.14,1978.58,1618,1615
1,1,13,RSA-SHA3-224_signed-by_ECDSA-SHA384,RSA-SHA3-224_signed-by_ECDSA-SHA384,22.823,1484.46,1036.14,0.952381,21,1,533.81,24,2027.27,2025.48,1618,1617
1,8,16,RSA-SHA3-224_signed-by_ECDSA-SHA384,RSA-SHA3-224_signed-by_ECDSA-SHA384,11.861,2855.03,1095.34,0.8,0,0,126.8,15,2015.24,2010.19,1618,1615
1,6,17,RSA-SHA3-224_signed-by_ECDSA-SHA384,RSA-SHA3-224_signed-by_ECDSA-SHA384,11.049,3065.36,1193.13,1,7,0.636364,118.727,8,2028.75,1999.4,1618,1616
1,7,18,RSA-SHA3-224_signed-by_ECDSA-SHA384,RSA-SHA3-224_signed-by_ECDSA-SHA384,11.296,2998.33,1150.04,1,4,0.4,126.8,16,2049.67,2016.25,1618,1616
1,5,16,RSA-SHA3-224_signed-by_ECDSA-SHA384,RSA-SHA3-224_signed-by_ECDSA-SHA384,10.727,3157.37,1430.29,1,7,0.5,117.429,15,2054.09,2015.51,1618,1616
1,2,15,RSA-SHA3-224_signed-by_ECDSA-SHA384,RSA-SHA3-224_signed-by_ECDSA-SHA384,11.736,2885.45,1128.82,1,0,0,166.364,24,2506.57,2487.6,1618,1615
1,3,15,RSA-SHA3-224_signed-by_ECDSA-SHA384,RSA-SHA3-224_signed-by_ECDSA-SHA384,22.92,1478.18,901.918,1,17,0.809524,138,24,2512.9,2478.11,1618,1617
1,1,14,RSA-SHA3-224_signed-by_ECDSA-SHA384,RSA-SHA3-224_signed-by_ECDSA-SHA384,12.537,2702.34,1531.43,1,11,0.785714,149.714,24,2000.09,2002.72,1618,1617
1,5,17,RSA-SHA3-224_signed-by_ECDSA-SHA384,RSA-SHA3-224_signed-by_ECDSA-SHA384,10.567,3205.38,1229.46,0.8,0,0,136,15,2021.13,1993.68,1618,1616
1,8,17,RSA-SHA3-224_signed-by_ECDSA-SHA384,RSA-SHA3-224_signed-by_ECDSA-SHA384,14.926,2268.71,1282.01,1,12,0.857143,139.143,15,2036.02,2007.3,1618,1615
1,6,18,RSA-SHA3-224_signed-by_ECDSA-SHA384,RSA-SHA3-224_signed-by_ECDSA-SHA384,13.896,2437.46,1363.23,0.473684,9,0.473684,143.895,8,2060.23,2002.87,1618,1616
1,7,19,RSA-SHA3-224_signed-by_ECDSA-SHA384,RSA-SHA3-224_signed-by_ECDSA-SHA384,16.384,2067.3,1091.75,0.684211,11,0.578947,142.211,16,2068.29,2012.97,1618,1616
1,2,16,RSA-SHA3-224_signed-by_ECDSA-SHA384,RSA-SHA3-224_signed-by_ECDSA-SHA384,12.814,2642.67,1013.87,0.8,0,0,148,24,2045.89,1999.1,1618,1615
1,3,16,RSA-SHA3-224_signed-by_ECDSA-SHA384,RSA-SHA3-224_signed-by_ECDSA-SHA384,16.223,2088.3,961.557,0.533333,3,0.2,162.8,24,2053.96,1988.52,1618,1617
1,1,15,RSA-SHA3-224_signed-by_ECDSA-SHA384,RSA-SHA3-224_signed-by_ECDSA-SHA384,14.214,2383.51,932.018,1,0,0,127.091,24,2504,2484.35,1618,1617
1,5,18,RSA-SHA3-224_signed-by_ECDSA-SHA384,RSA-SHA3-224_signed-by_ECDSA-SHA384,13.234,2559.44,996.209,1,5,0.454545,127.091,15,2031.51,1991.53,1618,1616
1,8,18,RSA-SHA3-224_signed-by_ECDSA-SHA384,RSA-SHA3-224_signed-by_ECDSA-SHA384,12.836,2638.18,1027.1,1,7,0.636364,118.727,15,2036.5,1982.56,1618,1615
1,6,19,RSA-SHA3-224_signed-by_ECDSA-SHA384,RSA-SHA3-224_signed-by_ECDSA-SHA384,12.932,2619.21,1910.28,1,7,0.466667,122.8,8,2068.36,1991.65,1618,1616
1,7,20,RSA-SHA3-224_signed-by_ECDSA-SHA384,RSA-SHA3-224_signed-by_ECDSA-SHA384,10.227,3311.74,1270.26,1,0,0,126.8,16,2037.15,2024.18,1618,1616
1,2,17,RSA-SHA3-224_signed-by_ECDSA-SHA384,RSA-SHA3-224_signed-by_ECDSA-SHA384,10.957,3090.37,1185.63,1,0,0,148,24,2054.45,2019.22,1618,1615
1,6,20,RSA-SHA3-224_signed-by_ECDSA-SHA384,RSA-SHA3-224_signed-by_ECDSA-SHA384,9.172,3692.98,1416.48,0.1,0,0,130.4,8,2043.12,2011.36,1618,1616
1,8,19,RSA-SHA3-224_signed-by_ECDSA-SHA384,RSA-SHA3-224_signed-by_ECDSA-SHA384,11.611,2916.51,1304.95,0.923077,0,0,181.077,15,2038.59,1993.8,1618,1615
1,1,16,RSA-SHA3-224_signed-by_ECDSA-SHA384,RSA-SHA3-224_signed-by_ECDSA-SHA384,14.31,2367.51,1739.72,1,26,1.625,244.75,24,2031.98,1987.8,1618,1617
1,2,18,RSA-SHA3-224_signed-by_ECDSA-SHA384,RSA-SHA3-224_signed-by_ECDSA-SHA384,11.88,2850.48,1109.76,0.727273,5,0.454545,138,24,2021,1998.62,1618,1615
1,3,17,RSA-SHA3-224_signed-by_ECDSA-SHA384,RSA-SHA3-224_signed-by_ECDSA-SHA384,22.161,1528.75,820.871,1,8,0.5,108.5,24,2059.17,1999.5,1618,1617
1,7,21,RSA-SHA3-224_signed-by_ECDSA-SHA384,RSA-SHA3-224_signed-by_ECDSA-SHA384,17.206,1968.56,935.462,1,12,0.8,106.267,16,2041.23,2000.99,1618,1616
1,5,19,RSA-SHA3-224_signed-by_ECDSA-SHA384,RSA-SHA3-224_signed-by_ECDSA-SHA384,19.563,1731.38,784.314,1,3,0.214286,184.857,15,2033.28,1998.44,1618,1616
1,6,21,RSA-SHA3-224_signed-by_ECDSA-SHA384,RSA-SHA3-224_signed-by_ECDSA-SHA384,15.382,2202.01,1291.88,1,3,0.2,118.8,8,2033.64,2004.43,1618,1616
1,2,19,RSA-SHA3-224_signed-by_ECDSA-SHA384,RSA-SHA3-224_signed-by_ECDSA-SHA384,14.405,2350.76,1096.25,1,10,0.625,182,24,2052.22,2023.62,1618,1615
1,8,20,RSA-SHA3-224_signed-by_ECDSA-SHA384,RSA-SHA3-224_signed-by_ECDSA-SHA384,18.386,1841.76,1237.41,1,14,0.736842,111.263,15,2036.27,2008.2,1618,1615
1,1,17,RSA-SHA3-224_signed-by_ECDSA-SHA384,RSA-SHA3-224_signed-by_ECDSA-SHA384,18.634,1818.11,1333.42,1,17,0.772727,160.909,24,2008.58,2032.06,1618,1617
1,3,18,RSA-SHA3-224_signed-by_ECDSA-SHA384,RSA-SHA3-224_signed-by_ECDSA-SHA384,13.817,2451.97,2058.85,1,25,1.19048,133.429,24,2034.21,1990.59,1618,1617
1,5,20,RSA-SHA3-224_signed-by_ECDSA-SHA384,RSA-SHA3-224_signed-by_ECDSA-SHA384,13.146,2576.51,988.25,1,0,0,136,15,2041.81,1996.18,1618,1616
1,7,22,RSA-SHA3-224_signed-by_ECDSA-SHA384,RSA-SHA3-224_signed-by_ECDSA-SHA384,14.526,2331.73,1073.89,1,3,0.2,172.667,16,2018.16,2014.49,1618,1616
1,6,22,RSA-SHA3-224_signed-by_ECDSA-SHA384,RSA-SHA3-224_signed-by_ECDSA-SHA384,11.341,2986.66,1168.14,1,0,0,127.091,8,2043.11,2019.61,1618,1616
1,2,20,RSA-SHA3-224_signed-by_ECDSA-SHA384,RSA-SHA3-224_signed-by_ECDSA-SHA384,14.428,2347.04,1625.69,1,18,0.9,277.2,24,2027.39,2002.18,1618,1615
1,5,21,RSA-SHA3-224_signed-by_ECDSA-SHA384,RSA-SHA3-224_signed-by_ECDSA-SHA384,11.672,2901.95,1314.58,0.714286,7,0.5,119.143,15,2019.98,1998.63,1618,1616
1,7,23,RSA-SHA3-224_signed-by_ECDSA-SHA384,RSA-SHA3-224_signed-by_ECDSA-SHA384,12.516,2706.26,1118.55,0.833333,1,0.0833333,113.333,16,2046.03,1996.23,1618,1616
1,3,19,RSA-SHA3-224_signed-by_ECDSA-SHA384,RSA-SHA3-224_signed-by_ECDSA-SHA384,14.874,2277.74,1290.81,1,11,0.785714,149.714,24,2138.35,1996.29,1618,1617
1,8,21,RSA-SHA3-224_signed-by_ECDSA-SHA384,RSA-SHA3-224_signed-by_ECDSA-SHA384,18.079,1873.04,1383.21,1,22,1.29412,155.412,15,2042.4,1988.15,1618,1615
1,6,23,RSA-SHA3-224_signed-by_ECDSA-SHA384,RSA-SHA3-224_signed-by_ECDSA-SHA384,13.103,2585.01,1445.75,0.692308,11,0.846154,158.308,8,2035.83,2007.13,1618,1616
1,5,22,RSA-SHA3-224_signed-by_ECDSA-SHA384,RSA-SHA3-224_signed-by_ECDSA-SHA384,10.297,3289.22,1261.62,0,0,0,136,15,2257.45,2002.38,1618,1616
1,2,21,RSA-SHA3-224_signed-by_ECDSA-SHA384,RSA-SHA3-224_signed-by_ECDSA-SHA384,12.472,2715.17,1041.68,0,0,0,145.6,24,2064.75,2002.51,1618,1615
1,7,24,RSA-SHA3-224_signed-by_ECDSA-SHA384,RSA-SHA3-224_signed-by_ECDSA-SHA384,10.995,3080.67,1181.63,0.5,0,0,126.8,16,2007.17,2002.19,1618,1616
1,3,20,RSA-SHA3-224_signed-by_ECDSA-SHA384,RSA-SHA3-224_signed-by_ECDSA-SHA384,11.624,2914.65,1117.68,1,0,0,136,24,2046.31,1982.6,1618,1617
1,8,22,RSA-SHA3-224_signed-by_ECDSA-SHA384,RSA-SHA3-224_signed-by_ECDSA-SHA384,10.65,3179.44,1440.63,0.785714,7,0.5,110,15,2038.63,2002.61,1618,1615
1,1,18,RSA-SHA3-224_signed-by_ECDSA-SHA384,RSA-SHA3-224_signed-by_ECDSA-SHA384,28.927,1171.2,674.787,1,14,0.875,153.75,24,2043.47,2018.11,1618,1617
1,6,24,RSA-SHA3-224_signed-by_ECDSA-SHA384,RSA-SHA3-224_signed-by_ECDSA-SHA384,11.77,2877.79,1125.56,1,0,0,126,8,2048.34,2004.06,1618,1616
1,5,23,RSA-SHA3-224_signed-by_ECDSA-SHA384,RSA-SHA3-224_signed-by_ECDSA-SHA384,9.938,3408.01,1332.94,1,0,0,127.091,15,2041.76,1989.87,1618,1616
1,3,21,RSA-SHA3-224_signed-by_ECDSA-SHA384,RSA-SHA3-224_signed-by_ECDSA-SHA384,15.445,2193.5,1202.67,1,10,0.555556,108.444,24,2045.54,2006.46,1618,1617
1,1,19,RSA-SHA3-224_signed-by_ECDSA-SHA384,RSA-SHA3-224_signed-by_ECDSA-SHA384,14.491,2337.91,949.517,1,0,0,113.385,24,2033.89,2012.27,1618,1617
1,2,22,RSA-SHA3-224_signed-by_ECDSA-SHA384,RSA-SHA3-224_signed-by_ECDSA-SHA384,19.046,1777.93,1004.68,1,12,0.857143,163.429,24,2269.53,2003.88,1618,1615
1,8,23,RSA-SHA3-224_signed-by_ECDSA-SHA384,RSA-SHA3-224_signed-by_ECDSA-SHA384,16.901,2003.58,1484.34,1,23,1.35294,155.647,15,2015.09,1982.26,1618,1615
1,5,24,RSA-SHA3-224_signed-by_ECDSA-SHA384,RSA-SHA3-224_signed-by_ECDSA-SHA384,12.371,2737.96,1050.18,1,0,0,136,15,2044.72,1984.21,1618,1616
1,7,25,RSA-SHA3-224_signed-by_ECDSA-SHA384,RSA-SHA3-224_signed-by_ECDSA-SHA384,20.423,1658.44,1274.58,1,31,1.63158,144.105,16,2006.52,1999.41,1618,1616
1,6,25,RSA-SHA3-224_signed-by_ECDSA-SHA384,RSA-SHA3-224_signed-by_ECDSA-SHA384,16.613,2038.81,1151.83,1,12,0.857143,139.143,8,2063.92,2001.46,1618,1616
1,1,20,RSA-SHA3-224_signed-by_ECDSA-SHA384,RSA-SHA3-224_signed-by_ECDSA-SHA384,9.81,3453.28,1497.1,1,2,0.153846,116.462,24,2041.04,2003.02,1618,1617
1,5,25,RSA-SHA3-224_signed-by_ECDSA-SHA384,RSA-SHA3-224_signed-by_ECDSA-SHA384,10.873,3115.19,1655.45,1,11,0.733333,120.933,15,2037.45,2017.06,1618,1616
1,2,23,RSA-SHA3-224_signed-by_ECDSA-SHA384,RSA-SHA3-224_signed-by_ECDSA-SHA384,13.238,2558.02,1608.66,1,18,1.05882,146.235,24,2039.27,1993.05,1618,1615
1,3,22,RSA-SHA3-224_signed-by_ECDSA-SHA384,RSA-SHA3-224_signed-by_ECDSA-SHA384,15.904,2130.2,1191.1,1,11,0.846154,158.308,24,2049.57,1980,1618,1617
1,6,26,RSA-SHA3-224_signed-by_ECDSA-SHA384,RSA-SHA3-224_signed-by_ECDSA-SHA384,12.503,2709.02,1117.13,1,1,0.0833333,113.333,8,2029.26,2044,1618,1616
1,7,26,RSA-SHA3-224_signed-by_ECDSA-SHA384,RSA-SHA3-224_signed-by_ECDSA-SHA384,14.282,2371.56,1743.11,1,26,1.18182,200.545,16,2037.35,2017.32,1618,1616
1,8,24,RSA-SHA3-224_signed-by_ECDSA-SHA384,RSA-SHA3-224_signed-by_ECDSA-SHA384,18.23,1857.51,1008.4,1,9,0.529412,105.765,15,2035.24,2008.61,1618,1615
1,1,21,RSA-SHA3-224_signed-by_ECDSA-SHA384,RSA-SHA3-224_signed-by_ECDSA-SHA384,12.604,2687.96,1030.76,1,0,0,138.4,24,2036.65,1997.46,1618,1617
1,2,24,RSA-SHA3-224_signed-by_ECDSA-SHA384,RSA-SHA3-224_signed-by_ECDSA-SHA384,10.824,3128.55,1200.28,1,0,0,136,24,2035.58,1993.27,1618,1615
1,7,27,RSA-SHA3-224_signed-by_ECDSA-SHA384,RSA-SHA3-224_signed-by_ECDSA-SHA384,9.089,3726.3,1666.89,0.692308,4,0.307692,181.077,16,2053.11,2007.97,1618,1616
1,5,26,RSA-SHA3-224_signed-by_ECDSA-SHA384,RSA-SHA3-224_signed-by_ECDSA-SHA384,14.383,2354.91,1397.15,0.944444,10,0.555556,166.889,15,2025.43,1987.5,1618,1616
1,6,27,RSA-SHA3-224_signed-by_ECDSA-SHA384,RSA-SHA3-224_signed-by_ECDSA-SHA384,12.497,2710.35,1060.07,1,0,0,118.727,8,2051.46,2015.33,1618,1616
1,8,25,RSA-SHA3-224_signed-by_ECDSA-SHA384,RSA-SHA3-224_signed-by_ECDSA-SHA384,10.267,3298.3,1284.1,1,5,0.454545,118.727,15,2056.43,2004.78,1618,1615
1,3,23,RSA-SHA3-224_signed-by_ECDSA-SHA384,RSA-SHA3-224_signed-by_ECDSA-SHA384,19.372,1748.91,1295.06,1,23,1.35294,161.059,24,2054.65,1983.49,1618,1617
1,1,22,RSA-SHA3-224_signed-by_ECDSA-SHA384,RSA-SHA3-224_signed-by_ECDSA-SHA384,14.222,2382.16,931.488,1,0,0,127.091,24,2033.1,2002.49,1618,1617
1,2,25,RSA-SHA3-224_signed-by_ECDSA-SHA384,RSA-SHA3-224_signed-by_ECDSA-SHA384,13.018,2601.28,997.986,0.9,0,0,136,24,2041.19,2012.16,1618,1615
1,5,27,RSA-SHA3-224_signed-by_ECDSA-SHA384,RSA-SHA3-224_signed-by_ECDSA-SHA384,11.378,2976.71,1664.82,0.692308,11,0.846154,158.308,15,2036.51,1991.44,1618,1616
1,7,28,RSA-SHA3-224_signed-by_ECDSA-SHA384,RSA-SHA3-224_signed-by_ECDSA-SHA384,13.612,2488.35,1127.22,0.642857,3,0.214286,170.857,16,2037.32,2001.85,1618,1616
1,6,28,RSA-SHA3-224_signed-by_ECDSA-SHA384,RSA-SHA3-224_signed-by_ECDSA-SHA384,13.596,2491.25,955.546,0,0,0,126.8,9,2042.72,2011.05,1618,1616
1,8,26,RSA-SHA3-224_signed-by_ECDSA-SHA384,RSA-SHA3-224_signed-by_ECDSA-SHA384,14.485,2337.8,1059.27,0,3,0.214286,170.857,15,2024.82,1989.96,1618,1615
1,3,24,RSA-SHA3-224_signed-by_ECDSA-SHA384,RSA-SHA3-224_signed-by_ECDSA-SHA384,13.234,2560.01,981.688,0,0,0,136,24,2052.4,2021.53,1618,1617
1,2,26,RSA-SHA3-224_signed-by_ECDSA-SHA384,RSA-SHA3-224_signed-by_ECDSA-SHA384,11.854,2856.69,1095.98,0.5,0,0,136,24,2050.79,2034.55,1618,1615
1,1,23,RSA-SHA3-224_signed-by_ECDSA-SHA384,RSA-SHA3-224_signed-by_ECDSA-SHA384,13.624,2486.72,953.583,0.5,0,0,136,24,2034.72,1993.96,1618,1617
1,7,29,RSA-SHA3-224_signed-by_ECDSA-SHA384,RSA-SHA3-224_signed-by_ECDSA-SHA384,11.377,2977.2,1141.94,0.5,0,0,126.8,16,2041.84,2028.49,1618,1616
1,5,28,RSA-SHA3-224_signed-by_ECDSA-SHA384,RSA-SHA3-224_signed-by_ECDSA-SHA384,13.934,2430.82,932.369,1,0,0,132.4,15,2028.15,2018.67,1618,1616
1,6,29,RSA-SHA3-224_signed-by_ECDSA-SHA384,RSA-SHA3-224_signed-by_ECDSA-SHA384,16.29,2079.26,860.384,1,0,0,101.429,9,2109.43,1987.05,1618,1616
1,8,27,RSA-SHA3-224_signed-by_ECDSA-SHA384,RSA-SHA3-224_signed-by_ECDSA-SHA384,15.83,2139.18,836.871,1,0,0,118.727,15,2045.89,2009.79,1618,1615
1,2,27,RSA-SHA3-224_signed-by_ECDSA-SHA384,RSA-SHA3-224_signed-by_ECDSA-SHA384,13.188,2567.76,985.128,1,0,0,136,24,2046.25,2004,1618,1615
1,1,24,RSA-SHA3-224_signed-by_ECDSA-SHA384,RSA-SHA3-224_signed-by_ECDSA-SHA384,13.42,2524.55,968.092,1,0,0,148,24,2036.61,2021.66,1618,1617
1,3,25,RSA-SHA3-224_signed-by_ECDSA-SHA384,RSA-SHA3-224_signed-by_ECDSA-SHA384,16.862,2009.19,1829.38,1,33,1.73684,175.895,24,2050.62,2002.4,1618,1617
1,7,30,RSA-SHA3-224_signed-by_ECDSA-SHA384,RSA-SHA3-224_signed-by_ECDSA-SHA384,14.514,2333.69,1305.19,1,11,0.846154,146.923,16,2033.17,2012.85,1618,1616
1,5,29,RSA-SHA3-224_signed-by_ECDSA-SHA384,RSA-SHA3-224_signed-by_ECDSA-SHA384,14.141,2395.25,1339.62,0.692308,11,0.846154,146.923,15,2033.18,2007.8,1618,1616
1,6,30,RSA-SHA3-224_signed-by_ECDSA-SHA384,RSA-SHA3-224_signed-by_ECDSA-SHA384,11.757,2880.97,1305.08,0.5,7,0.5,110,9,2085.48,2040.03,1618,1616
1,8,28,RSA-SHA3-224_signed-by_ECDSA-SHA384,RSA-SHA3-224_signed-by_ECDSA-SHA384,13.354,2535.79,972.862,0.7,0,0,126.8,15,2066.18,2033.5,1618,1615
1,1,25,RSA-SHA3-224_signed-by_ECDSA-SHA384,RSA-SHA3-224_signed-by_ECDSA-SHA384,10.474,3234.65,1240.4,0.7,0,0,148,24,2045.96,2007.35,1618,1617
1,3,26,RSA-SHA3-224_signed-by_ECDSA-SHA384,RSA-SHA3-224_signed-by_ECDSA-SHA384,11.335,2988.93,1168.75,0.636364,0,0,127.091,24,2049.71,1984.15,1618,1617
1,2,28,RSA-SHA3-224_signed-by_ECDSA-SHA384,RSA-SHA3-224_signed-by_ECDSA-SHA384,13.913,2433.91,1289.11,0.466667,8,0.533333,120.933,24,2057.21,2076.34,1618,1615
1,7,31,RSA-SHA3-224_signed-by_ECDSA-SHA384,RSA-SHA3-224_signed-by_ECDSA-SHA384,12.91,2623.64,1452.48,1,3,0.25,140.667,16,2510.64,2456.97,1618,1616
1,5,30,RSA-SHA3-224_signed-by_ECDSA-SHA384,RSA-SHA3-224_signed-by_ECDSA-SHA384,11.921,2841.31,1089.82,0.8,0,0,126.8,15,2027.96,1985.53,1618,1616
1,6,31,RSA-SHA3-224_signed-by_ECDSA-SHA384,RSA-SHA3-224_signed-by_ECDSA-SHA384,13.581,2494,956.601,0.8,0,0,126.8,9,2509.15,2466.37,1618,1616
1,8,29,RSA-SHA3-224_signed-by_ECDSA-SHA384,RSA-SHA3-224_signed-by_ECDSA-SHA384,11.017,3073.76,1202.49,0.727273,0,0,120.909,15,2056.18,2043.88,1618,1615
1,1,26,RSA-SHA3-224_signed-by_ECDSA-SHA384,RSA-SHA3-224_signed-by_ECDSA-SHA384,12.495,2711.42,1039.75,0.8,0,0,148,24,2044.48,2004.77,1618,1617
1,3,27,RSA-SHA3-224_signed-by_ECDSA-SHA384,RSA-SHA3-224_signed-by_ECDSA-SHA384,12.105,2798.78,1073.25,1,0,0,136,24,2045.92,2005.61,1618,1617
1,7,32,RSA-SHA3-224_signed-by_ECDSA-SHA384,RSA-SHA3-224_signed-by_ECDSA-SHA384,10.184,3325.97,1275.71,0.8,0,0,126.8,16,2014.04,1993.06,1618,1616
1,5,31,RSA-SHA3-224_signed-by_ECDSA-SHA384,RSA-SHA3-224_signed-by_ECDSA-SHA384,11.522,2939.74,1127.57,0.8,0,0,126.8,15,2497.52,2481.48,1618,1616
1,2,29,RSA-SHA3-224_signed-by_ECDSA-SHA384,RSA-SHA3-224_signed-by_ECDSA-SHA384,14.594,2320.32,1641.17,0.722222,18,1,140.444,24,2049.3,2002.73,1618,1615
1,6,32,RSA-SHA3-224_signed-by_ECDSA-SHA384,RSA-SHA3-224_signed-by_ECDSA-SHA384,11.393,2972.99,1346.76,0.857143,7,0.5,110,9,2039.32,2009.45,1618,1616
1,8,30,RSA-SHA3-224_signed-by_ECDSA-SHA384,RSA-SHA3-224_signed-by_ECDSA-SHA384,12.947,2615.51,1018.28,1,5,0.454545,118.727,15,2029.08,1985.64,1618,1615
1,3,28,RSA-SHA3-224_signed-by_ECDSA-SHA384,RSA-SHA3-224_signed-by_ECDSA-SHA384,10.905,3106.77,1191.36,1,0,0,133.6,24,2081.88,2013.84,1618,1617
1,7,33,RSA-SHA3-224_signed-by_ECDSA-SHA384,RSA-SHA3-224_signed-by_ECDSA-SHA384,10.962,3089.89,1185.16,1,0,0,126.8,16,2036.63,1992.08,1618,1616
1,5,32,RSA-SHA3-224_signed-by_ECDSA-SHA384,RSA-SHA3-224_signed-by_ECDSA-SHA384,10.744,3152.57,1300.05,1,1,0.0833333,113.333,15,2042.29,2010.14,1618,1616
1,2,30,RSA-SHA3-224_signed-by_ECDSA-SHA384,RSA-SHA3-224_signed-by_ECDSA-SHA384,12.676,2671.44,1230.64,1,7,0.466667,112.133,24,2042.39,2002.23,1618,1615
1,3,29,RSA-SHA3-224_signed-by_ECDSA-SHA384,RSA-SHA3-224_signed-by_ECDSA-SHA384,8.603,3937.76,1510.02,1,0,0,136,24,2035.29,2026.86,1618,1617
1,8,31,RSA-SHA3-224_signed-by_ECDSA-SHA384,RSA-SHA3-224_signed-by_ECDSA-SHA384,11.45,2957.5,1362.42,1,3,0.2,158.8,15,2514.3,2496.04,1618,1615
1,5,33,RSA-SHA3-224_signed-by_ECDSA-SHA384,RSA-SHA3-224_signed-by_ECDSA-SHA384,8.293,4083.95,1566.45,1,0,0,126.8,15,2034.15,1996.99,1618,1616
1,7,34,RSA-SHA3-224_signed-by_ECDSA-SHA384,RSA-SHA3-224_signed-by_ECDSA-SHA384,10.136,3341.72,1281.76,1,0,0,126.8,16,2040.77,1986.84,1618,1616
1,3,30,RSA-SHA3-224_signed-by_ECDSA-SHA384,RSA-SHA3-224_signed-by_ECDSA-SHA384,9.352,3622.69,1917.84,1,14,0.933333,120.933,24,2059.45,2006.78,1618,1617
1,6,33,RSA-SHA3-224_signed-by_ECDSA-SHA384,RSA-SHA3-224_signed-by_ECDSA-SHA384,22.124,1530.97,1394.29,1,25,1.31579,153.368,9,2054.4,1995.1,1618,1616
1,5,34,RSA-SHA3-224_signed-by_ECDSA-SHA384,RSA-SHA3-224_signed-by_ECDSA-SHA384,9.105,3720.12,1426.89,1,0,0,126.8,15,2039.81,2004.98,1618,1616
1,7,35,RSA-SHA3-224_signed-by_ECDSA-SHA384,RSA-SHA3-224_signed-by_ECDSA-SHA384,9.45,3584.29,1644,1,12,0.8,105.2,16,2030.85,1996.46,1618,1616
1,8,32,RSA-SHA3-224_signed-by_ECDSA-SHA384,RSA-SHA3-224_signed-by_ECDSA-SHA384,10.756,3148.3,1341.73,1,2,0.166667,114.667,15,2037.89,1975.32,1618,1615
1,6,34,RSA-SHA3-224_signed-by_ECDSA-SHA384,RSA-SHA3-224_signed-by_ECDSA-SHA384,8.619,3929.5,1529.48,1,5,0.454545,118.727,9,2040.32,2023.51,1618,1616
1,2,31,RSA-SHA3-224_signed-by_ECDSA-SHA384,RSA-SHA3-224_signed-by_ECDSA-SHA384,23.589,1435.54,1616.97,1,40,1.33333,126.133,24,2474.99,2486.64,1618,1615
1,5,35,RSA-SHA3-224_signed-by_ECDSA-SHA384,RSA-SHA3-224_signed-by_ECDSA-SHA384,10.064,3365.61,1302.05,0.545455,0,0,118.364,15,2017.7,1992.25,1618,1616
1,3,31,RSA-SHA3-224_signed-by_ECDSA-SHA384,RSA-SHA3-224_signed-by_ECDSA-SHA384,13.132,2579.88,2408.7,0.961538,34,1.30769,232.462,24,2517.75,2541.23,1618,1617
1,8,33,RSA-SHA3-224_signed-by_ECDSA-SHA384,RSA-SHA3-224_signed-by_ECDSA-SHA384,10.539,3213.14,1243.35,1,0,0,118.364,15,2123.77,1998.93,1618,1615
1,7,36,RSA-SHA3-224_signed-by_ECDSA-SHA384,RSA-SHA3-224_signed-by_ECDSA-SHA384,15.825,2140.32,1142.45,0.7,12,0.6,145,16,2022.38,2089.95,1618,1616
1,6,35,RSA-SHA3-224_signed-by_ECDSA-SHA384,RSA-SHA3-224_signed-by_ECDSA-SHA384,10.103,3352.34,1543.94,1,3,0.2,162,9,2018.47,2096.55,1618,1616
1,2,32,RSA-SHA3-224_signed-by_ECDSA-SHA384,RSA-SHA3-224_signed-by_ECDSA-SHA384,10.153,3335.05,1298.41,1,5,0.454545,127.091,24,2021.04,2162.3,1618,1615
1,5,36,RSA-SHA3-224_signed-by_ECDSA-SHA384,RSA-SHA3-224_signed-by_ECDSA-SHA384,11.416,2967.06,1388.93,1,7,0.4375,101,15,2033.01,2002.55,1618,1616
1,8,34,RSA-SHA3-224_signed-by_ECDSA-SHA384,RSA-SHA3-224_signed-by_ECDSA-SHA384,14.533,2330.01,1073.36,1,7,0.466667,105.2,15,2057.39,2008.63,1618,1615
1,3,32,RSA-SHA3-224_signed-by_ECDSA-SHA384,RSA-SHA3-224_signed-by_ECDSA-SHA384,15.404,2199.29,1575.59,1,27,1.35,129.4,24,2050.5,2006.83,1618,1617
1,6,36,RSA-SHA3-224_signed-by_ECDSA-SHA384,RSA-SHA3-224_signed-by_ECDSA-SHA384,12.491,2711.55,1574.16,1,12,0.857143,140.286,9,2019.31,2011.39,1618,1616
1,5,37,RSA-SHA3-224_signed-by_ECDSA-SHA384,RSA-SHA3-224_signed-by_ECDSA-SHA384,10.054,3368.83,1292.16,1,0,0,126.8,15,2026.7,1991.19,1618,1616
1,7,37,RSA-SHA3-224_signed-by_ECDSA-SHA384,RSA-SHA3-224_signed-by_ECDSA-SHA384,15.417,2196.92,1627.2,1,27,1.58824,155.647,16,2028.24,1995.98,1618,1616
1,3,33,RSA-SHA3-224_signed-by_ECDSA-SHA384,RSA-SHA3-224_signed-by_ECDSA-SHA384,8.189,4136.83,2057.18,0.4375,2,0.125,169,24,2050.82,2065.51,1618,1617
1,8,35,RSA-SHA3-224_signed-by_ECDSA-SHA384,RSA-SHA3-224_signed-by_ECDSA-SHA384,9.703,3489.71,1487.23,0.583333,2,0.166667,114.667,15,2020.43,1996.85,1618,1615
1,6,37,RSA-SHA3-224_signed-by_ECDSA-SHA384,RSA-SHA3-224_signed-by_ECDSA-SHA384,6.931,4886.59,1874.31,0.2,0,0,126.8,9,2013.14,1980.75,1618,1616
1,5,38,RSA-SHA3-224_signed-by_ECDSA-SHA384,RSA-SHA3-224_signed-by_ECDSA-SHA384,8.396,4033.94,1547.27,0,0,0,126.8,15,2059.8,2000.3,1618,1616
1,7,38,RSA-SHA3-224_signed-by_ECDSA-SHA384,RSA-SHA3-224_signed-by_ECDSA-SHA384,8.606,3935.5,1782.78,0,3,0.214286,170.857,16,2045.16,2020.5,1618,1616
1,3,34,RSA-SHA3-224_signed-by_ECDSA-SHA384,RSA-SHA3-224_signed-by_ECDSA-SHA384,7.436,4555.83,1747.03,0,0,0,136,24,2070.8,1995.77,1618,1617
1,8,36,RSA-SHA3-224_signed-by_ECDSA-SHA384,RSA-SHA3-224_signed-by_ECDSA-SHA384,8.399,4031.56,1826.73,0.928571,7,0.5,110,15,2072.7,1993.72,1618,1615
1,6,38,RSA-SHA3-224_signed-by_ECDSA-SHA384,RSA-SHA3-224_signed-by_ECDSA-SHA384,7.995,4236.28,1919.03,0.928571,7,0.5,110,9,2034.29,1996.44,1618,1616
1,5,39,RSA-SHA3-224_signed-by_ECDSA-SHA384,RSA-SHA3-224_signed-by_ECDSA-SHA384,7.924,4274.16,1671.71,1,0,0,114.364,15,2046.61,2020.38,1618,1616
1,7,39,RSA-SHA3-224_signed-by_ECDSA-SHA384,RSA-SHA3-224_signed-by_ECDSA-SHA384,12.079,2804.14,1468.96,1,7,0.5,118.571,16,2042.29,2002.13,1618,1616
1,3,35,RSA-SHA3-224_signed-by_ECDSA-SHA384,RSA-SHA3-224_signed-by_ECDSA-SHA384,10.655,3179.68,2336.52,1,22,1.375,176.75,24,2048.25,1983.85,1618,1617
1,8,37,RSA-SHA3-224_signed-by_ECDSA-SHA384,RSA-SHA3-224_signed-by_ECDSA-SHA384,9.661,3505.19,1397.77,0.416667,0,0,108,15,2037.38,1989.98,1618,1615
1,5,40,RSA-SHA3-224_signed-by_ECDSA-SHA384,RSA-SHA3-224_signed-by_ECDSA-SHA384,10.09,3356.97,1520.7,0.428571,7,0.5,110,15,2060.28,1984.34,1618,1616
1,6,39,RSA-SHA3-224_signed-by_ECDSA-SHA384,RSA-SHA3-224_signed-by_ECDSA-SHA384,13.271,2552.25,1427.43,1,11,0.846154,146.923,9,2065.47,2000.02,1618,1616
1,2,33,RSA-SHA3-224_signed-by_ECDSA-SHA384,RSA-SHA3-224_signed-by_ECDSA-SHA384,40.065,845.217,451.261,1,12,0.6,157.4,24,2053.78,1988.7,1618,1615
1,7,40,RSA-SHA3-224_signed-by_ECDSA-SHA384,RSA-SHA3-224_signed-by_ECDSA-SHA384,9.993,3389.55,1535.47,1,7,0.5,110,16,2010.87,2018.44,1618,1616
1,3,36,RSA-SHA3-224_signed-by_ECDSA-SHA384,RSA-SHA3-224_signed-by_ECDSA-SHA384,11.083,3056.87,1195.32,1,0,0,122,24,2043.22,1995.49,1618,1617
1,8,38,RSA-SHA3-224_signed-by_ECDSA-SHA384,RSA-SHA3-224_signed-by_ECDSA-SHA384,13.756,2461.69,1289.87,1,7,0.5,118.571,15,2109.81,2014.28,1618,1615
1,6,40,RSA-SHA3-224_signed-by_ECDSA-SHA384,RSA-SHA3-224_signed-by_ECDSA-SHA384,11.434,2962.32,1774.31,0.789474,15,0.789474,103.684,9,2038.67,1984.31,1618,1616
1,2,34,RSA-SHA3-224_signed-by_ECDSA-SHA384,RSA-SHA3-224_signed-by_ECDSA-SHA384,13.484,2511.34,1001.45,1,0,0,119.667,24,2049.49,2002.74,1618,1615
1,5,41,RSA-SHA3-224_signed-by_ECDSA-SHA384,RSA-SHA3-224_signed-by_ECDSA-SHA384,15.842,2138.04,1571.46,1,22,1.375,163,15,2049.18,1989.88,1618,1616
1,7,41,RSA-SHA3-224_signed-by_ECDSA-SHA384,RSA-SHA3-224_signed-by_ECDSA-SHA384,11.893,2848.04,1092.4,0.6,0,0,126.8,16,2043.2,2058.55,1618,1616
1,3,37,RSA-SHA3-224_signed-by_ECDSA-SHA384,RSA-SHA3-224_signed-by_ECDSA-SHA384,10.838,3125.78,1216.36,1,7,0.636364,127.091,24,2049.94,1980.61,1618,1617
1,6,41,RSA-SHA3-224_signed-by_ECDSA-SHA384,RSA-SHA3-224_signed-by_ECDSA-SHA384,10.148,3337.5,1316.4,0.833333,0,0,107.667,9,2051.34,1992.4,1618,1616
1,8,39,RSA-SHA3-224_signed-by_ECDSA-SHA384,RSA-SHA3-224_signed-by_ECDSA-SHA384,13.365,2533.74,1332.42,0.928571,3,0.214286,108.857,15,2021.67,1974.19,1618,1615
1,2,35,RSA-SHA3-224_signed-by_ECDSA-SHA384,RSA-SHA3-224_signed-by_ECDSA-SHA384,9.755,3471.13,1331.71,1,0,0,136,24,2047.3,1984.44,1618,1615
1,7,42,RSA-SHA3-224_signed-by_ECDSA-SHA384,RSA-SHA3-224_signed-by_ECDSA-SHA384,9.563,3541.97,1358.56,1,0,0,126.8,16,2039.02,2000.88,1618,1616
1,3,38,RSA-SHA3-224_signed-by_ECDSA-SHA384,RSA-SHA3-224_signed-by_ECDSA-SHA384,11.426,2965.11,1326.07,0.307692,0,0,196.154,24,2079.65,2059.5,1618,1617
1,5,42,RSA-SHA3-224_signed-by_ECDSA-SHA384,RSA-SHA3-224_signed-by_ECDSA-SHA384,14.285,2371.09,1672.2,0.555556,19,1.05556,130,15,2035,1993.22,1618,1616
1,6,42,RSA-SHA3-224_signed-by_ECDSA-SHA384,RSA-SHA3-224_signed-by_ECDSA-SHA384,9.159,3697.86,1418.36,0.7,0,0,126.8,9,2012.28,1996.37,1618,1616
1,8,40,RSA-SHA3-224_signed-by_ECDSA-SHA384,RSA-SHA3-224_signed-by_ECDSA-SHA384,9.188,3685.32,1455.67,0.416667,6,0.5,112,15,2076.84,1977.49,1618,1615
1,2,36,RSA-SHA3-224_signed-by_ECDSA-SHA384,RSA-SHA3-224_signed-by_ECDSA-SHA384,8.79,3852.2,1767.3,0.533333,8,0.533333,108.4,24,2050.43,2020.41,1618,1615
1,7,43,RSA-SHA3-224_signed-by_ECDSA-SHA384,RSA-SHA3-224_signed-by_ECDSA-SHA384,9.707,3489.12,1580.57,0.571429,7,0.5,110,16,2003.67,2020.53,1618,1616
1,3,39,RSA-SHA3-224_signed-by_ECDSA-SHA384,RSA-SHA3-224_signed-by_ECDSA-SHA384,10.653,3180.32,1243.59,1,0,0,126,24,2050.16,2012.25,1618,1617
1,5,43,RSA-SHA3-224_signed-by_ECDSA-SHA384,RSA-SHA3-224_signed-by_ECDSA-SHA384,12.049,2811.14,1099.49,1,0,0,119.818,15,2037.15,2005.21,1618,1616
1,2,37,RSA-SHA3-224_signed-by_ECDSA-SHA384,RSA-SHA3-224_signed-by_ECDSA-SHA384,9.599,3527.87,1380.14,1,0,0,127.091,24,2048.48,2018.43,1618,1615
1,8,41,RSA-SHA3-224_signed-by_ECDSA-SHA384,RSA-SHA3-224_signed-by_ECDSA-SHA384,12.182,2779.78,1259.53,1,3,0.214286,182.286,15,2041.8,2000.83,1618,1615
1,6,43,RSA-SHA3-224_signed-by_ECDSA-SHA384,RSA-SHA3-224_signed-by_ECDSA-SHA384,14.147,2394.23,1267.8,1,8,0.533333,113.2,9,2045.5,2015.97,1618,1616
1,3,40,RSA-SHA3-224_signed-by_ECDSA-SHA384,RSA-SHA3-224_signed-by_ECDSA-SHA384,10.046,3372.17,1293.13,0.3,0,0,126.8,24,2034.25,1988.8,1618,1617
1,7,44,RSA-SHA3-224_signed-by_ECDSA-SHA384,RSA-SHA3-224_signed-by_ECDSA-SHA384,13.926,2432.22,1956.58,1,29,1.45,144,16,2026.1,2006.26,1618,1616
1,5,44,RSA-SHA3-224_signed-by_ECDSA-SHA384,RSA-SHA3-224_signed-by_ECDSA-SHA384,9.747,3474.79,1352.49,1,5,0.454545,118.727,15,2037.81,1985.49,1618,1616
1,2,38,RSA-SHA3-224_signed-by_ECDSA-SHA384,RSA-SHA3-224_signed-by_ECDSA-SHA384,10.449,3240.88,1468.46,1,11,0.785714,115.714,24,2057.98,2023.19,1618,1615
1,8,42,RSA-SHA3-224_signed-by_ECDSA-SHA384,RSA-SHA3-224_signed-by_ECDSA-SHA384,10.954,3091.46,1232.79,1,0,0,112,15,2031.89,2007.33,1618,1615
1,6,44,RSA-SHA3-224_signed-by_ECDSA-SHA384,RSA-SHA3-224_signed-by_ECDSA-SHA384,13.335,2540,1794.92,1,16,0.8,107.2,9,2039.23,2018.14,1618,1616
1,7,45,RSA-SHA3-224_signed-by_ECDSA-SHA384,RSA-SHA3-224_signed-by_ECDSA-SHA384,11.446,2959.22,1157.41,1,0,0,118.727,16,2078.92,2008.85,1618,1616
1,3,41,RSA-SHA3-224_signed-by_ECDSA-SHA384,RSA-SHA3-224_signed-by_ECDSA-SHA384,14.515,2334.06,1715.13,1,22,1.375,163,24,2051.9,2006.23,1618,1617
1,2,39,RSA-SHA3-224_signed-by_ECDSA-SHA384,RSA-SHA3-224_signed-by_ECDSA-SHA384,11.128,3043.09,1401.85,0.2,3,0.2,172.667,24,2042.13,2008.97,1618,1615
1,8,43,RSA-SHA3-224_signed-by_ECDSA-SHA384,RSA-SHA3-224_signed-by_ECDSA-SHA384,10.367,3266.51,1253.2,0.3,0,0,126.8,15,2049.2,2008.57,1618,1615
1,5,45,RSA-SHA3-224_signed-by_ECDSA-SHA384,RSA-SHA3-224_signed-by_ECDSA-SHA384,14.702,2303.84,1043.64,0.571429,3,0.214286,170.857,15,2041.58,2039.26,1618,1616
1,6,45,RSA-SHA3-224_signed-by_ECDSA-SHA384,RSA-SHA3-224_signed-by_ECDSA-SHA384,9.488,3569.68,1369.19,1,0,0,126.8,9,2026.24,1991.57,1618,1616
1,7,46,RSA-SHA3-224_signed-by_ECDSA-SHA384,RSA-SHA3-224_signed-by_ECDSA-SHA384,10.547,3211.27,1231.72,1,0,0,126.8,16,2038.42,2030.66,1618,1616
1,3,42,RSA-SHA3-224_signed-by_ECDSA-SHA384,RSA-SHA3-224_signed-by_ECDSA-SHA384,10.502,3225.77,1236.99,1,0,0,126.8,24,2049.85,1995.02,1618,1617
1,2,40,RSA-SHA3-224_signed-by_ECDSA-SHA384,RSA-SHA3-224_signed-by_ECDSA-SHA384,11.89,2848.07,1146.5,1,6,0.461538,106.308,24,2045.66,2003.23,1618,1615
1,6,46,RSA-SHA3-224_signed-by_ECDSA-SHA384,RSA-SHA3-224_signed-by_ECDSA-SHA384,8.555,3958.91,2073.89,1,7,0.5,118.571,9,2032.42,1991.77,1618,1616
1,7,47,RSA-SHA3-224_signed-by_ECDSA-SHA384,RSA-SHA3-224_signed-by_ECDSA-SHA384,7.773,4357.21,2562.46,1,12,0.8,133.467,16,2492.46,2582.82,1618,1616
1,5,46,RSA-SHA3-224_signed-by_ECDSA-SHA384,RSA-SHA3-224_signed-by_ECDSA-SHA384,16.551,2046.44,1531.21,1,23,1.27778,150.444,15,2037.62,2047.37,1618,1616
1,3,43,RSA-SHA3-224_signed-by_ECDSA-SHA384,RSA-SHA3-224_signed-by_ECDSA-SHA384,9.889,3425.7,1832.97,0.5625,15,0.9375,108.5,24,2056.26,1990.74,1618,1617
1,6,47,RSA-SHA3-224_signed-by_ECDSA-SHA384,RSA-SHA3-224_signed-by_ECDSA-SHA384,8.265,4097.9,1602.77,1,0,0,114.364,9,2511.36,2445.97,1618,1616
1,7,48,RSA-SHA3-224_signed-by_ECDSA-SHA384,RSA-SHA3-224_signed-by_ECDSA-SHA384,7.36,4601.7,1765.03,1,0,0,126.8,16,2027.74,2001.89,1618,1616
1,2,41,RSA-SHA3-224_signed-by_ECDSA-SHA384,RSA-SHA3-224_signed-by_ECDSA-SHA384,15.076,2246.15,1017.74,1,7,0.5,182.286,24,2028.09,2024.37,1618,1615
1,5,47,RSA-SHA3-224_signed-by_ECDSA-SHA384,RSA-SHA3-224_signed-by_ECDSA-SHA384,9.78,3463.05,1328.29,1,0,0,126.8,15,2481.04,2475.21,1618,1616
1,6,48,RSA-SHA3-224_signed-by_ECDSA-SHA384,RSA-SHA3-224_signed-by_ECDSA-SHA384,9.369,3615.31,1490.87,1,1,0.0833333,113.333,9,2040.94,2030.07,1618,1616
1,7,49,RSA-SHA3-224_signed-by_ECDSA-SHA384,RSA-SHA3-224_signed-by_ECDSA-SHA384,8.752,3869.83,2358.09,1,13,0.8125,128.5,16,2059.58,2257.95,1618,1616
1,2,42,RSA-SHA3-224_signed-by_ECDSA-SHA384,RSA-SHA3-224_signed-by_ECDSA-SHA384,8.109,4175.67,2923.86,0.571429,20,0.952381,203.333,24,2062.24,1985.28,1618,1615
1,5,48,RSA-SHA3-224_signed-by_ECDSA-SHA384,RSA-SHA3-224_signed-by_ECDSA-SHA384,8.687,3898.71,1694.29,0.307692,2,0.153846,108.769,15,2019.16,1986.45,1618,1616
1,6,49,RSA-SHA3-224_signed-by_ECDSA-SHA384,RSA-SHA3-224_signed-by_ECDSA-SHA384,7.877,4299.65,1888.84,0.214286,5,0.357143,102,9,2053.38,2009.25,1618,1616
1,7,50,RSA-SHA3-224_signed-by_ECDSA-SHA384,RSA-SHA3-224_signed-by_ECDSA-SHA384,7.212,4696.11,1801.25,0.3,0,0,126.8,16,2158.47,2021.56,1618,1616
1,3,44,RSA-SHA3-224_signed-by_ECDSA-SHA384,RSA-SHA3-224_signed-by_ECDSA-SHA384,22.987,1473.85,1246.6,1,26,1,183.538,24,2056.88,1995.02,1618,1617
1,2,43,RSA-SHA3-224_signed-by_ECDSA-SHA384,RSA-SHA3-224_signed-by_ECDSA-SHA384,8.501,3983.15,1558.26,0.909091,0,0,114.364,24,2056.18,1997.36,1618,1615
1,5,49,RSA-SHA3-224_signed-by_ECDSA-SHA384,RSA-SHA3-224_signed-by_ECDSA-SHA384,9.548,3547.24,1360.59,1,0,0,126.8,15,2034.75,2016.93,1618,1616
1,7,51,RSA-SHA3-224_signed-by_ECDSA-SHA384,RSA-SHA3-224_signed-by_ECDSA-SHA384,9.86,3434.97,1317.52,1,0,0,126.8,16,2020.28,2004.28,1618,1616
1,8,44,RSA-SHA3-224_signed-by_ECDSA-SHA384,RSA-SHA3-224_signed-by_ECDSA-SHA384,48.799,693.937,773.774,1,49,1.81481,158.741,16,2083.72,2007.13,1618,1615
1,6,50,RSA-SHA3-224_signed-by_ECDSA-SHA384,RSA-SHA3-224_signed-by_ECDSA-SHA384,13.598,2490.91,1323.7,0.666667,7,0.466667,113.2,9,2037.12,2007.47,1618,1616
1,2,44,RSA-SHA3-224_signed-by_ECDSA-SHA384,RSA-SHA3-224_signed-by_ECDSA-SHA384,8.857,3823.11,1466.74,0,0,0,126.8,24,2079.71,2096.24,1618,1615
1,3,45,RSA-SHA3-224_signed-by_ECDSA-SHA384,RSA-SHA3-224_signed-by_ECDSA-SHA384,12.471,2716.68,1519.03,1,11,0.846154,146.923,24,2053.76,2010.69,1618,1617
1,7,52,RSA-SHA3-224_signed-by_ECDSA-SHA384,RSA-SHA3-224_signed-by_ECDSA-SHA384,8.379,4042.12,1831.08,0.714286,7,0.5,110,16,2042.63,2003.28,1618,1616
1,5,50,RSA-SHA3-224_signed-by_ECDSA-SHA384,RSA-SHA3-224_signed-by_ECDSA-SHA384,10.785,3140.38,1422.59,0.714286,7,0.5,110,15,2031.13,1982.14,1618,1616
1,6,51,RSA-SHA3-224_signed-by_ECDSA-SHA384,RSA-SHA3-224_signed-by_ECDSA-SHA384,9.649,3510.06,1366.22,1,7,0.636364,118.727,9,2010.52,2020.61,1618,1616
1,2,45,RSA-SHA3-224_signed-by_ECDSA-SHA384,RSA-SHA3-224_signed-by_ECDSA-SHA384,10.355,3270.25,1373.61,1,4,0.307692,103.846,24,2075.62,2022.85,1618,1615
1,8,45,RSA-SHA3-224_signed-by_ECDSA-SHA384,RSA-SHA3-224_signed-by_ECDSA-SHA384,13.471,2513.77,1331.42,1,12,0.8,125.733,16,2114.5,1995.03,1618,1615
1,3,46,RSA-SHA3-224_signed-by_ECDSA-SHA384,RSA-SHA3-224_signed-by_ECDSA-SHA384,9.081,3730.86,1430.68,1,4,0.4,126.8,24,2051.94,2005.57,1618,1617
1,5,51,RSA-SHA3-224_signed-by_ECDSA-SHA384,RSA-SHA3-224_signed-by_ECDSA-SHA384,10.381,3262.84,1918.87,1,12,0.8,133.467,15,2031.82,2014.3,1618,1616
1,6,52,RSA-SHA3-224_signed-by_ECDSA-SHA384,RSA-SHA3-224_signed-by_ECDSA-SHA384,9.169,3693.81,3500.13,0.692308,24,0.923077,160.923,9,2028.36,1986.54,1618,1616
1,2,46,RSA-SHA3-224_signed-by_ECDSA-SHA384,RSA-SHA3-224_signed-by_ECDSA-SHA384,9.556,3543.39,1556.98,0.714286,2,0.142857,142.571,24,2043.85,2021.16,1618,1615
1,7,53,RSA-SHA3-224_signed-by_ECDSA-SHA384,RSA-SHA3-224_signed-by_ECDSA-SHA384,16.698,2028.41,1358.66,1,15,0.789474,111.263,16,2028.26,2026.01,1618,1616
1,8,46,RSA-SHA3-224_signed-by_ECDSA-SHA384,RSA-SHA3-224_signed-by_ECDSA-SHA384,12.845,2636.3,1250.58,0.933333,4,0.266667,192.667,16,2048.07,2006.98,1618,1615
1,5,52,RSA-SHA3-224_signed-by_ECDSA-SHA384,RSA-SHA3-224_signed-by_ECDSA-SHA384,10.336,3277.08,1256.96,1,0,0,126.8,15,2045.76,1990.78,1618,1616
1,6,53,RSA-SHA3-224_signed-by_ECDSA-SHA384,RSA-SHA3-224_signed-by_ECDSA-SHA384,9.247,3662.65,2152.26,1,7,0.411765,161.529,9,2063.25,2000.16,1618,1616
1,3,47,RSA-SHA3-224_signed-by_ECDSA-SHA384,RSA-SHA3-224_signed-by_ECDSA-SHA384,21.61,1567.78,962.512,1,11,0.52381,138.571,24,2494.74,2457.95,1618,1617
1,2,47,RSA-SHA3-224_signed-by_ECDSA-SHA384,RSA-SHA3-224_signed-by_ECDSA-SHA384,14.393,2352.75,1333.95,1,11,0.785714,139.143,24,2530.89,2466.64,1618,1615
1,7,54,RSA-SHA3-224_signed-by_ECDSA-SHA384,RSA-SHA3-224_signed-by_ECDSA-SHA384,13.609,2488.89,1303.82,1,7,0.5,118.571,16,2037.46,2004.34,1618,1616
1,6,54,RSA-SHA3-224_signed-by_ECDSA-SHA384,RSA-SHA3-224_signed-by_ECDSA-SHA384,10.257,3302.04,1266.54,0.3,0,0,126.8,9,2046.07,2015.18,1618,1616
1,8,47,RSA-SHA3-224_signed-by_ECDSA-SHA384,RSA-SHA3-224_signed-by_ECDSA-SHA384,15.03,2253.05,2368.55,1,40,1.73913,177.652,16,2512.86,2467.71,1618,1615
1,5,53,RSA-SHA3-224_signed-by_ECDSA-SHA384,RSA-SHA3-224_signed-by_ECDSA-SHA384,14.39,2353.81,1334.23,1,11,0.785714,139.143,15,2051.09,1991.24,1618,1616
1,3,48,RSA-SHA3-224_signed-by_ECDSA-SHA384,RSA-SHA3-224_signed-by_ECDSA-SHA384,9.684,3498.24,1341.47,0.6,0,0,134.8,24,2059.28,1999.26,1618,1617
1,7,55,RSA-SHA3-224_signed-by_ECDSA-SHA384,RSA-SHA3-224_signed-by_ECDSA-SHA384,10.413,3252.55,1290.57,0.583333,5,0.416667,112,16,2023.53,2024.78,1618,1616
1,2,48,RSA-SHA3-224_signed-by_ECDSA-SHA384,RSA-SHA3-224_signed-by_ECDSA-SHA384,11.475,2951.09,1546.31,0.714286,7,0.5,118.571,24,2053.16,1997.27,1618,1615
1,6,55,RSA-SHA3-224_signed-by_ECDSA-SHA384,RSA-SHA3-224_signed-by_ECDSA-SHA384,10.418,3251.29,1316.18,0.909091,1,0.0909091,120.182,9,2025.6,1980.97,1618,1616
1,8,48,RSA-SHA3-224_signed-by_ECDSA-SHA384,RSA-SHA3-224_signed-by_ECDSA-SHA384,11.172,3031.12,1185.81,0.636364,0,0,138,16,2048.96,1991.39,1618,1615
1,5,54,RSA-SHA3-224_signed-by_ECDSA-SHA384,RSA-SHA3-224_signed-by_ECDSA-SHA384,12.442,2722.35,1446.69,0.466667,7,0.466667,113.2,15,2042.89,1982.44,1618,1616
1,2,49,RSA-SHA3-224_signed-by_ECDSA-SHA384,RSA-SHA3-224_signed-by_ECDSA-SHA384,8.812,3842.59,1474.22,0,0,0,126.8,24,2042.6,2022.55,1618,1615
1,3,49,RSA-SHA3-224_signed-by_ECDSA-SHA384,RSA-SHA3-224_signed-by_ECDSA-SHA384,13.843,2447.42,938.515,0.8,0,0,136,24,2056.01,1979.97,1618,1617
1,7,56,RSA-SHA3-224_signed-by_ECDSA-SHA384,RSA-SHA3-224_signed-by_ECDSA-SHA384,13.334,2540.25,1165.13,0.8,8,0.533333,162,16,2020.27,2008.29,1618,1616
1,6,56,RSA-SHA3-224_signed-by_ECDSA-SHA384,RSA-SHA3-224_signed-by_ECDSA-SHA384,11.85,2858.17,1178.64,0.75,1,0.0833333,113.333,9,2062.42,1988.75,1618,1616
1,8,49,RSA-SHA3-224_signed-by_ECDSA-SHA384,RSA-SHA3-224_signed-by_ECDSA-SHA384,14.816,2285.58,894.145,1,0,0,130.364,16,2027.99,2013.41,1618,1615
1,5,55,RSA-SHA3-224_signed-by_ECDSA-SHA384,RSA-SHA3-224_signed-by_ECDSA-SHA384,13.897,2437.31,948.673,1,4,0.363636,118.727,15,2030.79,2000.06,1618,1616
1,2,50,RSA-SHA3-224_signed-by_ECDSA-SHA384,RSA-SHA3-224_signed-by_ECDSA-SHA384,12.543,2699.8,1414.64,1,7,0.5,118.571,24,2046.2,2006.58,1618,1615
1,7,57,RSA-SHA3-224_signed-by_ECDSA-SHA384,RSA-SHA3-224_signed-by_ECDSA-SHA384,9.706,3489.8,1580.88,0.857143,3,0.214286,170.857,16,2035.56,2007.52,1618,1616
1,3,50,RSA-SHA3-224_signed-by_ECDSA-SHA384,RSA-SHA3-224_signed-by_ECDSA-SHA384,11.843,2860.71,2199.4,0.809524,25,1.19048,131.333,24,2055.91,2008.07,1618,1617
1,6,57,RSA-SHA3-224_signed-by_ECDSA-SHA384,RSA-SHA3-224_signed-by_ECDSA-SHA384,9.683,3497.73,1341.6,1,0,0,126.8,9,2039.78,1974.44,1618,1616
1,8,50,RSA-SHA3-224_signed-by_ECDSA-SHA384,RSA-SHA3-224_signed-by_ECDSA-SHA384,8.038,4212.58,1932.63,0.466667,8,0.533333,105.2,16,2056.04,1991.51,1618,1615
1,2,51,RSA-SHA3-224_signed-by_ECDSA-SHA384,RSA-SHA3-224_signed-by_ECDSA-SHA384,10.218,3314.15,1271.48,0.4,0,0,126.8,24,2040.51,1991.79,1618,1615
1,7,58,RSA-SHA3-224_signed-by_ECDSA-SHA384,RSA-SHA3-224_signed-by_ECDSA-SHA384,10.867,3116.94,1219.1,0.636364,0,0,118.727,16,2039.16,2010.45,1618,1616
1,3,51,RSA-SHA3-224_signed-by_ECDSA-SHA384,RSA-SHA3-224_signed-by_ECDSA-SHA384,10.752,3151.01,1232.13,0.636364,0,0,126,24,2029.52,1983.89,1618,1617
1,5,56,RSA-SHA3-224_signed-by_ECDSA-SHA384,RSA-SHA3-224_signed-by_ECDSA-SHA384,13.675,2476.87,1122.02,0.5,4,0.285714,173.429,15,2053.55,1983.58,1618,1616
1,6,58,RSA-SHA3-224_signed-by_ECDSA-SHA384,RSA-SHA3-224_signed-by_ECDSA-SHA384,11.713,2891.79,1309.98,0.5,7,0.5,110,9,2035.62,2171.33,1618,1616
1,8,51,RSA-SHA3-224_signed-by_ECDSA-SHA384,RSA-SHA3-224_signed-by_ECDSA-SHA384,11.235,3014.14,1388.51,0.4,7,0.466667,105.2,16,2033.48,2032.92,1618,1615
1,2,52,RSA-SHA3-224_signed-by_ECDSA-SHA384,RSA-SHA3-224_signed-by_ECDSA-SHA384,10.706,3163.08,1237.43,0.818182,0,0,118.727,24,2060.8,2038.89,1618,1615
1,7,59,RSA-SHA3-224_signed-by_ECDSA-SHA384,RSA-SHA3-224_signed-by_ECDSA-SHA384,10.211,3317.21,1272.35,1,0,0,126.8,16,2039.51,2006.06,1618,1616
1,3,52,RSA-SHA3-224_signed-by_ECDSA-SHA384,RSA-SHA3-224_signed-by_ECDSA-SHA384,10.476,3233.75,1258.38,1,7,0.636364,118.727,24,2025.93,1973.72,1618,1617
1,6,59,RSA-SHA3-224_signed-by_ECDSA-SHA384,RSA-SHA3-224_signed-by_ECDSA-SHA384,9.725,3482.64,1335.81,1,0,0,126.8,9,2053.03,1992.65,1618,1616
1,5,57,RSA-SHA3-224_signed-by_ECDSA-SHA384,RSA-SHA3-224_signed-by_ECDSA-SHA384,11.263,3007.36,1362.33,1,7,0.5,117.429,15,2184.83,2096.4,1618,1616
1,8,52,RSA-SHA3-224_signed-by_ECDSA-SHA384,RSA-SHA3-224_signed-by_ECDSA-SHA384,12.914,2622.25,1025.86,1,0,0,118.727,16,2010.69,1988.78,1618,1615
1,7,60,RSA-SHA3-224_signed-by_ECDSA-SHA384,RSA-SHA3-224_signed-by_ECDSA-SHA384,11.056,3063.43,1175.01,1,0,0,126.8,16,2041.13,2015.11,1618,1616
1,3,53,RSA-SHA3-224_signed-by_ECDSA-SHA384,RSA-SHA3-224_signed-by_ECDSA-SHA384,10.831,3127.81,1398.83,0.769231,0,0,181.077,24,2075.66,2010.45,1618,1617
1,2,53,RSA-SHA3-224_signed-by_ECDSA-SHA384,RSA-SHA3-224_signed-by_ECDSA-SHA384,13.834,2447.85,1369.36,1,11,0.846154,146.923,24,2045.56,1994.56,1618,1615
1,5,58,RSA-SHA3-224_signed-by_ECDSA-SHA384,RSA-SHA3-224_signed-by_ECDSA-SHA384,11.484,2949.24,1131.22,1,0,0,136,15,2224.98,1975.08,1618,1616
1,6,60,RSA-SHA3-224_signed-by_ECDSA-SHA384,RSA-SHA3-224_signed-by_ECDSA-SHA384,12.805,2645.21,1944.23,1,22,1.375,163,9,2042.17,2010.02,1618,1616
1,7,61,RSA-SHA3-224_signed-by_ECDSA-SHA384,RSA-SHA3-224_signed-by_ECDSA-SHA384,10.383,3261.95,1325.12,1,0,0,102.615,16,2035.87,2011.53,1618,1616
1,2,54,RSA-SHA3-224_signed-by_ECDSA-SHA384,RSA-SHA3-224_signed-by_ECDSA-SHA384,9.784,3460.83,1568.13,1,7,0.5,110,24,2051.84,1997.64,1618,1615
1,8,53,RSA-SHA3-224_signed-by_ECDSA-SHA384,RSA-SHA3-224_signed-by_ECDSA-SHA384,14.736,2297.98,1243.18,1,16,0.941176,105.059,16,2043.34,1985.8,1618,1615
1,5,59,RSA-SHA3-224_signed-by_ECDSA-SHA384,RSA-SHA3-224_signed-by_ECDSA-SHA384,11.815,2866.81,1099.6,1,0,0,136,15,2041.26,2013.98,1618,1616
1,6,61,RSA-SHA3-224_signed-by_ECDSA-SHA384,RSA-SHA3-224_signed-by_ECDSA-SHA384,12.856,2634.66,1945.2,0.823529,22,1.29412,157.529,9,2039.28,1986.32,1618,1616
1,3,54,RSA-SHA3-224_signed-by_ECDSA-SHA384,RSA-SHA3-224_signed-by_ECDSA-SHA384,16.031,2113.33,1193.65,1,12,0.857143,139.143,24,2071.89,1971.66,1618,1617
1,2,55,RSA-SHA3-224_signed-by_ECDSA-SHA384,RSA-SHA3-224_signed-by_ECDSA-SHA384,9.497,3565.41,1394.83,1,0,0,118.727,24,2064.18,2014.67,1618,1615
1,7,62,RSA-SHA3-224_signed-by_ECDSA-SHA384,RSA-SHA3-224_signed-by_ECDSA-SHA384,12.592,2689.92,1087.66,1,4,0.307692,102.615,16,2041.92,2001.24,1618,1616
1,8,54,RSA-SHA3-224_signed-by_ECDSA-SHA384,RSA-SHA3-224_signed-by_ECDSA-SHA384,11.495,2945.95,1351.53,1,8,0.533333,186,16,2040.55,1984.81,1618,1615
1,5,60,RSA-SHA3-224_signed-by_ECDSA-SHA384,RSA-SHA3-224_signed-by_ECDSA-SHA384,12.958,2613.93,1403.89,1,8,0.5,112.75,15,2080.42,1990.88,1618,1616
1,6,62,RSA-SHA3-224_signed-by_ECDSA-SHA384,RSA-SHA3-224_signed-by_ECDSA-SHA384,11.865,2854.74,1596.6,1,11,0.846154,146.923,9,2035.08,1992.63,1618,1616
1,2,56,RSA-SHA3-224_signed-by_ECDSA-SHA384,RSA-SHA3-224_signed-by_ECDSA-SHA384,8.1,4180.33,1617.62,1,0,0,118.364,24,2043.9,1987.56,1618,1615
1,3,55,RSA-SHA3-224_signed-by_ECDSA-SHA384,RSA-SHA3-224_signed-by_ECDSA-SHA384,12.848,2636.93,1381.04,1,7,0.5,118.571,24,2034.33,1971.04,1618,1617
1,8,55,RSA-SHA3-224_signed-by_ECDSA-SHA384,RSA-SHA3-224_signed-by_ECDSA-SHA384,9.271,3652.68,1674.04,0.866667,0,0,161.733,16,2056.3,2021.38,1618,1615
1,5,61,RSA-SHA3-224_signed-by_ECDSA-SHA384,RSA-SHA3-224_signed-by_ECDSA-SHA384,8.491,3988.77,1560.08,1,0,0,127.091,15,2037.25,2013.1,1618,1616
1,6,63,RSA-SHA3-224_signed-by_ECDSA-SHA384,RSA-SHA3-224_signed-by_ECDSA-SHA384,9.447,3585.12,1375.11,1,0,0,126.8,9,2491.68,2478.91,1618,1616
1,2,57,RSA-SHA3-224_signed-by_ECDSA-SHA384,RSA-SHA3-224_signed-by_ECDSA-SHA384,10.848,3121.64,1221.22,1,0,0,118.727,24,2046.33,1989.4,1618,1615
1,3,56,RSA-SHA3-224_signed-by_ECDSA-SHA384,RSA-SHA3-224_signed-by_ECDSA-SHA384,12.162,2785.66,1578.65,1,11,0.785714,139.143,24,2021.93,2021.57,1618,1617
1,7,63,RSA-SHA3-224_signed-by_ECDSA-SHA384,RSA-SHA3-224_signed-by_ECDSA-SHA384,22.291,1519.52,996.264,1,18,0.947368,184.947,16,2498.06,2489.14,1618,1616
1,5,62,RSA-SHA3-224_signed-by_ECDSA-SHA384,RSA-SHA3-224_signed-by_ECDSA-SHA384,9.96,3400.79,1323.69,1,7,0.636364,127.091,15,2044.4,2010.91,1618,1616
1,8,56,RSA-SHA3-224_signed-by_ECDSA-SHA384,RSA-SHA3-224_signed-by_ECDSA-SHA384,15.77,2147.28,1217.45,1,15,1.07143,139.143,16,2017.17,2014.14,1618,1615
1,2,58,RSA-SHA3-224_signed-by_ECDSA-SHA384,RSA-SHA3-224_signed-by_ECDSA-SHA384,9,3762.27,1486.07,1,6,0.5,112,24,2065.26,2001.81,1618,1615
1,6,64,RSA-SHA3-224_signed-by_ECDSA-SHA384,RSA-SHA3-224_signed-by_ECDSA-SHA384,13.27,2552.45,1804.92,1,18,1,130,9,2052.98,1995.08,1618,1616
1,5,63,RSA-SHA3-224_signed-by_ECDSA-SHA384,RSA-SHA3-224_signed-by_ECDSA-SHA384,8.445,4010.54,2400.26,0.8,2,0.133333,182,15,2494.09,2470.9,1618,1616
1,3,57,RSA-SHA3-224_signed-by_ECDSA-SHA384,RSA-SHA3-224_signed-by_ECDSA-SHA384,13.942,2430,1785.63,1,22,1.375,163,24,2024.97,1989.65,1618,1617
1,7,64,RSA-SHA3-224_signed-by_ECDSA-SHA384,RSA-SHA3-224_signed-by_ECDSA-SHA384,11.204,3023.18,1369.5,1,11,0.785714,134.571,16,2029.24,1985.66,1618,1616
1,8,57,RSA-SHA3-224_signed-by_ECDSA-SHA384,RSA-SHA3-224_signed-by_ECDSA-SHA384,10.078,3360.18,1774.95,1,11,0.578947,142.211,16,2132.06,1991.31,1618,1615
1,6,65,RSA-SHA3-224_signed-by_ECDSA-SHA384,RSA-SHA3-224_signed-by_ECDSA-SHA384,15.984,2119.02,844.806,1,0,0,115,9,2070.6,2008.44,1618,1616
1,5,64,RSA-SHA3-224_signed-by_ECDSA-SHA384,RSA-SHA3-224_signed-by_ECDSA-SHA384,13.181,2569.67,985.627,1,0,0,136,15,2026.82,2011.32,1618,1616
1,3,58,RSA-SHA3-224_signed-by_ECDSA-SHA384,RSA-SHA3-224_signed-by_ECDSA-SHA384,12.391,2734.17,1528.81,1,15,1.15385,146.923,24,2048.19,1986.8,1618,1617
1,2,59,RSA-SHA3-224_signed-by_ECDSA-SHA384,RSA-SHA3-224_signed-by_ECDSA-SHA384,19.877,1703.59,771.909,1,3,0.214286,182.286,24,2046.39,1999.61,1618,1615
1,8,58,RSA-SHA3-224_signed-by_ECDSA-SHA384,RSA-SHA3-224_signed-by_ECDSA-SHA384,10.779,3141.65,1423.5,0.428571,7,0.5,110,16,2054.3,1981.33,1618,1615
1,7,65,RSA-SHA3-224_signed-by_ECDSA-SHA384,RSA-SHA3-224_signed-by_ECDSA-SHA384,15.591,2172.46,1533.14,1,21,0.954545,298,16,2064.25,2014.56,1618,1616
1,5,65,RSA-SHA3-224_signed-by_ECDSA-SHA384,RSA-SHA3-224_signed-by_ECDSA-SHA384,10.39,3260.05,1275.07,1,0,0,127.091,15,2044.79,2017.39,1618,1616
1,6,66,RSA-SHA3-224_signed-by_ECDSA-SHA384,RSA-SHA3-224_signed-by_ECDSA-SHA384,12.558,2697.2,1791.34,0.833333,14,0.777778,128.444,9,2037.64,2025.23,1618,1616
1,3,59,RSA-SHA3-224_signed-by_ECDSA-SHA384,RSA-SHA3-224_signed-by_ECDSA-SHA384,12.218,2772.91,1255.83,1,3,0.214286,170.857,24,2053.16,1979.73,1618,1617
1,7,66,RSA-SHA3-224_signed-by_ECDSA-SHA384,RSA-SHA3-224_signed-by_ECDSA-SHA384,9.164,3696.2,1417.72,0.9,0,0,126.8,16,2034.96,2025.72,1618,1616
1,2,60,RSA-SHA3-224_signed-by_ECDSA-SHA384,RSA-SHA3-224_signed-by_ECDSA-SHA384,15.396,2199.45,1803,0.75,21,0.875,105,24,2063.35,1992.1,1618,1615
1,5,66,RSA-SHA3-224_signed-by_ECDSA-SHA384,RSA-SHA3-224_signed-by_ECDSA-SHA384,8.895,3807.98,1460.59,1,0,0,136,15,2030.57,2001.38,1618,1616
1,8,59,RSA-SHA3-224_signed-by_ECDSA-SHA384,RSA-SHA3-224_signed-by_ECDSA-SHA384,18.055,1875.5,1003.99,1,9,0.5625,111.5,16,2044.1,2006.34,1618,1615
1,7,67,RSA-SHA3-224_signed-by_ECDSA-SHA384,RSA-SHA3-224_signed-by_ECDSA-SHA384,6.783,4993.1,1915.16,1,0,0,126.8,16,2024.87,2079.91,1618,1616
1,6,67,RSA-SHA3-224_signed-by_ECDSA-SHA384,RSA-SHA3-224_signed-by_ECDSA-SHA384,12.285,2757.11,1598,0.944444,12,0.666667,115.556,9,2052.65,2242.83,1618,1616
1,3,60,RSA-SHA3-224_signed-by_ECDSA-SHA384,RSA-SHA3-224_signed-by_ECDSA-SHA384,13.111,2584,1730.39,1,15,0.789474,111.263,24,2037.35,1997,1618,1617
1,2,61,RSA-SHA3-224_signed-by_ECDSA-SHA384,RSA-SHA3-224_signed-by_ECDSA-SHA384,11.71,2891.81,1617.72,1,11,0.846154,146.923,24,2056.29,1988.4,1618,1615
1,5,67,RSA-SHA3-224_signed-by_ECDSA-SHA384,RSA-SHA3-224_signed-by_ECDSA-SHA384,12.217,2772.45,1094.84,1,8,0.666667,119.667,15,2049.97,2017.86,1618,1616
1,8,60,RSA-SHA3-224_signed-by_ECDSA-SHA384,RSA-SHA3-224_signed-by_ECDSA-SHA384,12.783,2649.06,1388.05,1,7,0.5,118.571,16,2039.03,1996.56,1618,1615
1,7,68,RSA-SHA3-224_signed-by_ECDSA-SHA384,RSA-SHA3-224_signed-by_ECDSA-SHA384,14.175,2389.46,1520.36,1,18,1,123.333,16,2024.63,2173.05,1618,1616
1,6,68,RSA-SHA3-224_signed-by_ECDSA-SHA384,RSA-SHA3-224_signed-by_ECDSA-SHA384,11.489,2948.14,1654.41,1,2,0.153846,141.077,9,2037.06,2004.11,1618,1616
1,3,61,RSA-SHA3-224_signed-by_ECDSA-SHA384,RSA-SHA3-224_signed-by_ECDSA-SHA384,11.909,2844.84,1590.69,1,11,0.846154,146.923,24,2056.44,1996.93,1618,1617
1,2,62,RSA-SHA3-224_signed-by_ECDSA-SHA384,RSA-SHA3-224_signed-by_ECDSA-SHA384,12.426,2725.19,1734.39,1,18,1,123.333,24,2043.48,2001.6,1618,1615
1,5,68,RSA-SHA3-224_signed-by_ECDSA-SHA384,RSA-SHA3-224_signed-by_ECDSA-SHA384,10.767,3145.9,1417.66,1,0,0,117.143,15,2018.34,2015.79,1618,1616
1,7,69,RSA-SHA3-224_signed-by_ECDSA-SHA384,RSA-SHA3-224_signed-by_ECDSA-SHA384,9.086,3727.61,1429.77,1,0,0,126.8,16,2022.66,2016.93,1618,1616
1,6,69,RSA-SHA3-224_signed-by_ECDSA-SHA384,RSA-SHA3-224_signed-by_ECDSA-SHA384,9.599,3528.38,1353.35,1,0,0,148,9,2054.82,1992.25,1618,1616
1,8,61,RSA-SHA3-224_signed-by_ECDSA-SHA384,RSA-SHA3-224_signed-by_ECDSA-SHA384,17.042,1987.01,1116.26,1,9,0.5,100,16,2047.4,2000.24,1618,1615
1,2,63,RSA-SHA3-224_signed-by_ECDSA-SHA384,RSA-SHA3-224_signed-by_ECDSA-SHA384,10.052,3368.57,1765.06,1,7,0.5,118.571,24,2523.42,2459.7,1618,1615
1,5,69,RSA-SHA3-224_signed-by_ECDSA-SHA384,RSA-SHA3-224_signed-by_ECDSA-SHA384,8.54,3965.9,1551.14,1,0,0,127.091,15,2033.52,1990.01,1618,1616
1,7,70,RSA-SHA3-224_signed-by_ECDSA-SHA384,RSA-SHA3-224_signed-by_ECDSA-SHA384,10.223,3313.3,1878.11,1,11,0.785714,141.714,16,2092.85,2026.78,1618,1616
1,6,70,RSA-SHA3-224_signed-by_ECDSA-SHA384,RSA-SHA3-224_signed-by_ECDSA-SHA384,13.933,2431,987.556,1,0,0,117.692,9,2066.59,2015.19,1618,1616
1,2,64,RSA-SHA3-224_signed-by_ECDSA-SHA384,RSA-SHA3-224_signed-by_ECDSA-SHA384,11.282,3001.53,1174.23,1,0,0,118.727,24,2038.92,2012.79,1618,1615
1,7,71,RSA-SHA3-224_signed-by_ECDSA-SHA384,RSA-SHA3-224_signed-by_ECDSA-SHA384,9.891,3424.51,1339.39,0.636364,0,0,118.727,16,2036.98,2013.88,1618,1616
1,5,70,RSA-SHA3-224_signed-by_ECDSA-SHA384,RSA-SHA3-224_signed-by_ECDSA-SHA384,14.48,2339.14,2130.31,1,33,1.73684,175.895,15,2013.7,2020.49,1618,1616
1,8,62,RSA-SHA3-224_signed-by_ECDSA-SHA384,RSA-SHA3-224_signed-by_ECDSA-SHA384,16.823,2012.87,1464.6,1,20,1.05263,146.632,16,2072.72,1989.33,1618,1615
1,6,71,RSA-SHA3-224_signed-by_ECDSA-SHA384,RSA-SHA3-224_signed-by_ECDSA-SHA384,8.577,3948.78,1514.6,1,0,0,148,9,2063.31,1976.08,1618,1616
1,3,62,RSA-SHA3-224_signed-by_ECDSA-SHA384,RSA-SHA3-224_signed-by_ECDSA-SHA384,30.513,1110.31,1003.08,1,38,1.52,131.28,24,2047.62,2001.07,1618,1617
1,5,71,RSA-SHA3-224_signed-by_ECDSA-SHA384,RSA-SHA3-224_signed-by_ECDSA-SHA384,8.508,3980.83,2098.54,1,7,0.466667,130.267,15,2015.41,2020.5,1618,1616
1,8,63,RSA-SHA3-224_signed-by_ECDSA-SHA384,RSA-SHA3-224_signed-by_ECDSA-SHA384,9.046,3743.2,2094,1,11,0.846154,173.077,16,2515.09,2460.47,1618,1615
1,6,72,RSA-SHA3-224_signed-by_ECDSA-SHA384,RSA-SHA3-224_signed-by_ECDSA-SHA384,8.218,4121.27,1580.76,0.8,0,0,148,9,2041.11,1980.49,1618,1616
1,7,72,RSA-SHA3-224_signed-by_ECDSA-SHA384,RSA-SHA3-224_signed-by_ECDSA-SHA384,13.283,2549.98,1350.27,1,8,0.533333,115.6,16,2035.77,2011.42,1618,1616
1,2,65,RSA-SHA3-224_signed-by_ECDSA-SHA384,RSA-SHA3-224_signed-by_ECDSA-SHA384,15.492,2185.84,1170.12,1,9,0.5625,110,24,2042.26,1993.87,1618,1615
1,3,63,RSA-SHA3-224_signed-by_ECDSA-SHA384,RSA-SHA3-224_signed-by_ECDSA-SHA384,15.941,2125.27,978.576,0.533333,3,0.2,167.6,24,2517.03,2474.34,1618,1617
1,5,72,RSA-SHA3-224_signed-by_ECDSA-SHA384,RSA-SHA3-224_signed-by_ECDSA-SHA384,11.39,2973.81,1140.64,1,0,0,148,15,2039.16,2010.26,1618,1616
1,6,73,RSA-SHA3-224_signed-by_ECDSA-SHA384,RSA-SHA3-224_signed-by_ECDSA-SHA384,9.834,3444.06,1321.01,0.8,0,0,148,9,2121.37,1993.44,1618,1616
1,8,64,RSA-SHA3-224_signed-by_ECDSA-SHA384,RSA-SHA3-224_signed-by_ECDSA-SHA384,10.748,3150.72,1780.42,0.928571,15,1.07143,163.429,16,2030.98,1973.03,1618,1615
1,7,73,RSA-SHA3-224_signed-by_ECDSA-SHA384,RSA-SHA3-224_signed-by_ECDSA-SHA384,9.977,3394.7,1321.32,0.727273,4,0.363636,138,16,2025.73,2002.49,1618,1616
1,2,66,RSA-SHA3-224_signed-by_ECDSA-SHA384,RSA-SHA3-224_signed-by_ECDSA-SHA384,12.537,2701.1,1056.7,1,4,0.363636,127.091,24,2075.93,2015.05,1618,1615
1,6,74,RSA-SHA3-224_signed-by_ECDSA-SHA384,RSA-SHA3-224_signed-by_ECDSA-SHA384,12.225,2770.5,1130.71,1,1,0.0833333,131,9,2023.62,2017.79,1618,1616
1,8,65,RSA-SHA3-224_signed-by_ECDSA-SHA384,RSA-SHA3-224_signed-by_ECDSA-SHA384,12.347,2742.48,1438.29,1,10,0.555556,170.667,16,2044.02,1993.88,1618,1615
1,5,73,RSA-SHA3-224_signed-by_ECDSA-SHA384,RSA-SHA3-224_signed-by_ECDSA-SHA384,14.007,2418.21,1452.98,1,14,0.736842,119.263,15,2089.25,1996.96,1618,1616
1,3,64,RSA-SHA3-224_signed-by_ECDSA-SHA384,RSA-SHA3-224_signed-by_ECDSA-SHA384,18.41,1840.26,1366.18,1,22,1.29412,172.353,24,2054.35,2006.46,1618,1617
1,2,67,RSA-SHA3-224_signed-by_ECDSA-SHA384,RSA-SHA3-224_signed-by_ECDSA-SHA384,13.771,2459.07,1114.22,1,3,0.214286,184.857,24,2043.65,2001.02,1618,1615
1,6,75,RSA-SHA3-224_signed-by_ECDSA-SHA384,RSA-SHA3-224_signed-by_ECDSA-SHA384,9.307,3639.12,1395.83,0.9,0,0,187.6,9,2037.36,2009.75,1618,1616
1,7,74,RSA-SHA3-224_signed-by_ECDSA-SHA384,RSA-SHA3-224_signed-by_ECDSA-SHA384,20.631,1641.75,1167.14,1,20,1.05263,138.842,16,2034.41,2012.83,1618,1616
1,5,74,RSA-SHA3-224_signed-by_ECDSA-SHA384,RSA-SHA3-224_signed-by_ECDSA-SHA384,10.481,3231.46,1300.52,0.769231,8,0.615385,122.615,15,2037.51,1984.26,1618,1616
1,8,66,RSA-SHA3-224_signed-by_ECDSA-SHA384,RSA-SHA3-224_signed-by_ECDSA-SHA384,14.115,2399.12,1257.09,0.714286,7,0.5,123.714,16,2073.2,2017.11,1618,1615
1,3,65,RSA-SHA3-224_signed-by_ECDSA-SHA384,RSA-SHA3-224_signed-by_ECDSA-SHA384,11.358,2982.67,1143.77,0.4,0,0,148,24,2057.38,1994.32,1618,1617
1,2,68,RSA-SHA3-224_signed-by_ECDSA-SHA384,RSA-SHA3-224_signed-by_ECDSA-SHA384,11.466,2953.18,1155.32,0.818182,0,0,127.091,24,2065.78,1996.6,1618,1615
1,6,76,RSA-SHA3-224_signed-by_ECDSA-SHA384,RSA-SHA3-224_signed-by_ECDSA-SHA384,9.885,3426.32,1314.21,0.6,0,0,148,9,2038.12,2044.77,1618,1616
1,7,75,RSA-SHA3-224_signed-by_ECDSA-SHA384,RSA-SHA3-224_signed-by_ECDSA-SHA384,11.669,2902.73,1336.87,0.533333,7,0.466667,121.733,16,2060.8,1988.13,1618,1616
1,5,75,RSA-SHA3-224_signed-by_ECDSA-SHA384,RSA-SHA3-224_signed-by_ECDSA-SHA384,10.175,3328.68,1489.02,1,0,0,211.538,15,2045.08,1986.88,1618,1616
1,8,67,RSA-SHA3-224_signed-by_ECDSA-SHA384,RSA-SHA3-224_signed-by_ECDSA-SHA384,10.801,3135,1226.45,1,0,0,118.727,16,2003.59,2012.74,1618,1615
1,3,66,RSA-SHA3-224_signed-by_ECDSA-SHA384,RSA-SHA3-224_signed-by_ECDSA-SHA384,11.957,2833.49,1605.75,1,11,0.785714,140,24,2104.04,1994.25,1618,1617
1,2,69,RSA-SHA3-224_signed-by_ECDSA-SHA384,RSA-SHA3-224_signed-by_ECDSA-SHA384,11.424,2964.04,1137.16,1,0,0,136,24,2047.67,2025.65,1618,1615
1,7,76,RSA-SHA3-224_signed-by_ECDSA-SHA384,RSA-SHA3-224_signed-by_ECDSA-SHA384,11.487,2948.71,2245.31,1,30,1.5,152.2,17,2030.99,2019.36,1618,1616
1,6,77,RSA-SHA3-224_signed-by_ECDSA-SHA384,RSA-SHA3-224_signed-by_ECDSA-SHA384,15.494,2186.07,1366.16,1,5,0.3125,125.5,9,2060.66,2029.34,1618,1616
1,5,76,RSA-SHA3-224_signed-by_ECDSA-SHA384,RSA-SHA3-224_signed-by_ECDSA-SHA384,16.636,2035.99,1172.36,1,12,0.75,132.5,15,2014.68,1990.6,1618,1616
1,8,68,RSA-SHA3-224_signed-by_ECDSA-SHA384,RSA-SHA3-224_signed-by_ECDSA-SHA384,14.184,2387.42,1333.3,1,9,0.529412,102.471,16,2015.22,1994.59,1618,1615
1,7,77,RSA-SHA3-224_signed-by_ECDSA-SHA384,RSA-SHA3-224_signed-by_ECDSA-SHA384,8.6,3938.26,2035.17,0.294118,7,0.411765,182.706,17,2056.89,2006.04,1618,1616
1,6,78,RSA-SHA3-224_signed-by_ECDSA-SHA384,RSA-SHA3-224_signed-by_ECDSA-SHA384,8.17,4145.56,1590.08,0.4,0,0,148,9,2044.49,2014.68,1618,1616
1,2,70,RSA-SHA3-224_signed-by_ECDSA-SHA384,RSA-SHA3-224_signed-by_ECDSA-SHA384,16.203,2089.91,1536.45,1,22,1.375,168.75,24,2050.61,2001.51,1618,1615
1,5,77,RSA-SHA3-224_signed-by_ECDSA-SHA384,RSA-SHA3-224_signed-by_ECDSA-SHA384,9.768,3467.38,1596.93,0.6,7,0.466667,112.133,15,2031.35,2020.71,1618,1616
1,8,69,RSA-SHA3-224_signed-by_ECDSA-SHA384,RSA-SHA3-224_signed-by_ECDSA-SHA384,10.275,3295.51,1264.33,0.9,0,0,126.8,16,2038.25,2070.42,1618,1615
1,7,78,RSA-SHA3-224_signed-by_ECDSA-SHA384,RSA-SHA3-224_signed-by_ECDSA-SHA384,9.584,3533.92,1382.19,0.545455,0,0,222,17,2051.74,2019.22,1618,1616
1,6,79,RSA-SHA3-224_signed-by_ECDSA-SHA384,RSA-SHA3-224_signed-by_ECDSA-SHA384,11.932,2838.55,1110.21,0.545455,0,0,133.273,9,2514.54,2495.94,1618,1616
1,2,71,RSA-SHA3-224_signed-by_ECDSA-SHA384,RSA-SHA3-224_signed-by_ECDSA-SHA384,17.134,1976.4,1105.63,1,11,0.846154,158.308,24,2051.95,2069.07,1618,1615
1,5,78,RSA-SHA3-224_signed-by_ECDSA-SHA384,RSA-SHA3-224_signed-by_ECDSA-SHA384,15.215,2226.22,866.513,1,7,0.636364,127.091,15,2072.88,1991.06,1618,1616
1,7,79,RSA-SHA3-224_signed-by_ECDSA-SHA384,RSA-SHA3-224_signed-by_ECDSA-SHA384,13.641,2482.95,1124.77,1,7,0.5,127.714,17,2495.35,2463.61,1618,1616
1,8,70,RSA-SHA3-224_signed-by_ECDSA-SHA384,RSA-SHA3-224_signed-by_ECDSA-SHA384,14.948,2265.45,869.146,1,0,0,126.8,16,2047.36,1988.68,1618,1615
1,4,0,RSA-SHA3-224_signed-by_ECDSA-SHA384,RSA-SHA3-224_signed-by_ECDSA-SHA384,1025.62,33.0179,9.70335,1,2,0.111111,190.667,24,2077.59,2035.01,1618,1615
1,3,67,RSA-SHA3-224_signed-by_ECDSA-SHA384,RSA-SHA3-224_signed-by_ECDSA-SHA384,46.885,722.605,675.683,1,36,1.56522,185.304,24,2056.8,2011.44,1618,1617
1,6,80,RSA-SHA3-224_signed-by_ECDSA-SHA384,RSA-SHA3-224_signed-by_ECDSA-SHA384,20.664,1639.13,858.664,1,7,0.5,137.143,9,2052.67,1989.15,1618,1616
1,2,72,RSA-SHA3-224_signed-by_ECDSA-SHA384,RSA-SHA3-224_signed-by_ECDSA-SHA384,15.272,2217.34,1161.84,0.714286,7,0.5,126.857,24,2042.45,1991.24,1618,1615
1,5,79,RSA-SHA3-224_signed-by_ECDSA-SHA384,RSA-SHA3-224_signed-by_ECDSA-SHA384,15.162,2233.96,999.322,0.769231,0,0,193.385,15,2507.73,2493.18,1618,1616
1,7,80,RSA-SHA3-224_signed-by_ECDSA-SHA384,RSA-SHA3-224_signed-by_ECDSA-SHA384,15.085,2245.36,861.236,0.8,0,0,148,17,2036.86,2006.26,1618,1616
1,8,71,RSA-SHA3-224_signed-by_ECDSA-SHA384,RSA-SHA3-224_signed-by_ECDSA-SHA384,16.098,2103.57,1176.77,0.615385,11,0.846154,146.923,16,2051.41,1999.64,1618,1615
1,4,1,RSA-SHA3-224_signed-by_ECDSA-SHA384,RSA-SHA3-224_signed-by_ECDSA-SHA384,10.083,3358.26,1288.4,0.5,0,0,148,24,2016.85,1988.79,1618,1615
1,6,81,RSA-SHA3-224_signed-by_ECDSA-SHA384,RSA-SHA3-224_signed-by_ECDSA-SHA384,10.224,3312.72,1295.67,0.454545,0,0,138,9,2026.56,2011.7,1618,1616
1,3,68,RSA-SHA3-224_signed-by_ECDSA-SHA384,RSA-SHA3-224_signed-by_ECDSA-SHA384,12.509,2708.45,1038.61,0.8,0,0,136,24,2038.19,1991.21,1618,1617
1,2,73,RSA-SHA3-224_signed-by_ECDSA-SHA384,RSA-SHA3-224_signed-by_ECDSA-SHA384,10.968,3087.28,1184.44,0.8,0,0,136,24,2068.97,2001.55,1618,1615
1,5,80,RSA-SHA3-224_signed-by_ECDSA-SHA384,RSA-SHA3-224_signed-by_ECDSA-SHA384,10.948,3093.89,1204.23,1,5,0.454545,118.727,15,2044.88,1990.41,1618,1616
1,8,72,RSA-SHA3-224_signed-by_ECDSA-SHA384,RSA-SHA3-224_signed-by_ECDSA-SHA384,12.109,2796.55,1564.43,1,11,0.846154,146.923,16,2042.59,2028.42,1618,1615
1,7,81,RSA-SHA3-224_signed-by_ECDSA-SHA384,RSA-SHA3-224_signed-by_ECDSA-SHA384,14.734,2298.83,1041.37,1,7,0.5,127.714,17,2236.9,2027.03,1618,1616
1,4,2,RSA-SHA3-224_signed-by_ECDSA-SHA384,RSA-SHA3-224_signed-by_ECDSA-SHA384,14.87,2277.25,1240.57,1,11,0.647059,115.882,24,2047.4,2020.04,1618,1615
1,3,69,RSA-SHA3-224_signed-by_ECDSA-SHA384,RSA-SHA3-224_signed-by_ECDSA-SHA384,13.737,2466.25,1370.85,1,8,0.470588,112.118,24,2032.54,1997.46,1618,1617
1,6,82,RSA-SHA3-224_signed-by_ECDSA-SHA384,RSA-SHA3-224_signed-by_ECDSA-SHA384,16.567,2044.46,1391.62,1,15,0.714286,143.143,9,2050.87,2019.7,1618,1616
1,8,73,RSA-SHA3-224_signed-by_ECDSA-SHA384,RSA-SHA3-224_signed-by_ECDSA-SHA384,10.784,3140.15,1669.11,1,7,0.466667,190.533,16,2047.41,2000.55,1618,1615
1,6,83,RSA-SHA3-224_signed-by_ECDSA-SHA384,RSA-SHA3-224_signed-by_ECDSA-SHA384,8.978,3772.39,1446.95,1,0,0,148,10,2023.6,2000.98,1618,1616
1,5,81,RSA-SHA3-224_signed-by_ECDSA-SHA384,RSA-SHA3-224_signed-by_ECDSA-SHA384,24.04,1408.96,884.51,1,12,0.571429,146.381,15,2035.07,1997.02,1618,1616
1,3,70,RSA-SHA3-224_signed-by_ECDSA-SHA384,RSA-SHA3-224_signed-by_ECDSA-SHA384,13.372,2533.6,990.705,1,0,0,127.091,24,2070.01,2006.22,1618,1617
1,4,3,RSA-SHA3-224_signed-by_ECDSA-SHA384,RSA-SHA3-224_signed-by_ECDSA-SHA384,18.622,1818.42,1206.26,1,22,1.1,322.2,24,2040.29,2042.31,1618,1615
1,7,82,RSA-SHA3-224_signed-by_ECDSA-SHA384,RSA-SHA3-224_signed-by_ECDSA-SHA384,23.327,1452.03,1227.75,1,26,1.18182,141.818,17,2029.31,2022.6,1618,1616
1,8,74,RSA-SHA3-224_signed-by_ECDSA-SHA384,RSA-SHA3-224_signed-by_ECDSA-SHA384,15.018,2254.84,1657.7,1,22,1.375,181,16,2052.77,1990.84,1618,1615
1,6,84,RSA-SHA3-224_signed-by_ECDSA-SHA384,RSA-SHA3-224_signed-by_ECDSA-SHA384,8.926,3794.42,1455.39,1,0,0,148,10,2019.09,2006.93,1618,1616
1,5,82,RSA-SHA3-224_signed-by_ECDSA-SHA384,RSA-SHA3-224_signed-by_ECDSA-SHA384,9.775,3464.82,1328.97,1,0,0,128,15,2055.34,2016.36,1618,1616
1,8,75,RSA-SHA3-224_signed-by_ECDSA-SHA384,RSA-SHA3-224_signed-by_ECDSA-SHA384,7.749,4369.62,1701.19,1,7,0.636364,118.727,16,2090.93,2014.96,1618,1615
1,2,74,RSA-SHA3-224_signed-by_ECDSA-SHA384,RSA-SHA3-224_signed-by_ECDSA-SHA384,39.889,848.953,554.738,1,21,1,116.095,24,2067.43,2002.63,1618,1615
1,3,71,RSA-SHA3-224_signed-by_ECDSA-SHA384,RSA-SHA3-224_signed-by_ECDSA-SHA384,14.813,2287.09,1629.85,1,22,1.15789,131.684,24,2070.71,2000.75,1618,1617
1,5,83,RSA-SHA3-224_signed-by_ECDSA-SHA384,RSA-SHA3-224_signed-by_ECDSA-SHA384,9.847,3439.77,1371.36,1,0,0,115.667,15,2065.43,1993.46,1618,1616
1,6,85,RSA-SHA3-224_signed-by_ECDSA-SHA384,RSA-SHA3-224_signed-by_ECDSA-SHA384,16.617,2038.28,1124.57,1,9,0.5625,126,10,2047.33,2230.27,1618,1616
1,2,75,RSA-SHA3-224_signed-by_ECDSA-SHA384,RSA-SHA3-224_signed-by_ECDSA-SHA384,14.308,2366.68,925.874,1,0,0,127.091,24,2057.87,1996.91,1618,1615
1,7,83,RSA-SHA3-224_signed-by_ECDSA-SHA384,RSA-SHA3-224_signed-by_ECDSA-SHA384,25.261,1340.84,725.205,1,10,0.588235,114.706,17,2043.58,2009.11,1618,1616
1,8,76,RSA-SHA3-224_signed-by_ECDSA-SHA384,RSA-SHA3-224_signed-by_ECDSA-SHA384,17.327,1954.3,1493.08,1,24,1,223.833,16,2039.36,1991.7,1618,1615
1,4,4,RSA-SHA3-224_signed-by_ECDSA-SHA384,RSA-SHA3-224_signed-by_ECDSA-SHA384,28.388,1192.89,1286.17,1,45,1.45161,340.839,24,2041.23,2002.26,1618,1615
1,3,72,RSA-SHA3-224_signed-by_ECDSA-SHA384,RSA-SHA3-224_signed-by_ECDSA-SHA384,20.096,1685.9,1116.23,1,17,0.708333,124.333,24,2040.01,1996.77,1618,1617
1,5,84,RSA-SHA3-224_signed-by_ECDSA-SHA384,RSA-SHA3-224_signed-by_ECDSA-SHA384,18.408,1839.99,1053.41,1,12,0.8,142.267,15,2060.71,1992.31,1618,1616
1,6,86,RSA-SHA3-224_signed-by_ECDSA-SHA384,RSA-SHA3-224_signed-by_ECDSA-SHA384,17.676,1916.2,1071.7,1,11,0.846154,173.077,10,2032.9,1987.53,1618,1616
1,2,76,RSA-SHA3-224_signed-by_ECDSA-SHA384,RSA-SHA3-224_signed-by_ECDSA-SHA384,14.036,2412.61,943.843,1,0,0,127.091,24,2036.5,2038.08,1618,1615
1,7,84,RSA-SHA3-224_signed-by_ECDSA-SHA384,RSA-SHA3-224_signed-by_ECDSA-SHA384,13.962,2425.97,944.262,1,7,0.636364,118.727,17,2029.18,2006.15,1618,1616
1,4,5,RSA-SHA3-224_signed-by_ECDSA-SHA384,RSA-SHA3-224_signed-by_ECDSA-SHA384,13.586,2492.52,956.262,1,0,0,148,24,2057.47,1988.82,1618,1615
1,8,77,RSA-SHA3-224_signed-by_ECDSA-SHA384,RSA-SHA3-224_signed-by_ECDSA-SHA384,16.162,2095.23,1172.1,1,11,0.846154,146.923,16,2049.28,2013.33,1618,1615
1,3,73,RSA-SHA3-224_signed-by_ECDSA-SHA384,RSA-SHA3-224_signed-by_ECDSA-SHA384,12.649,2678.44,1027.11,1,0,0,251.2,24,2054.06,2015.54,1618,1617
1,7,85,RSA-SHA3-224_signed-by_ECDSA-SHA384,RSA-SHA3-224_signed-by_ECDSA-SHA384,9.069,3734.91,1778.36,1,1,0.0666667,196.667,17,2043.58,2003.08,1618,1616
1,5,85,RSA-SHA3-224_signed-by_ECDSA-SHA384,RSA-SHA3-224_signed-by_ECDSA-SHA384,18.933,1789.03,1462.83,1,30,1.36364,139.091,15,2055.41,1999.99,1618,1616
1,3,74,RSA-SHA3-224_signed-by_ECDSA-SHA384,RSA-SHA3-224_signed-by_ECDSA-SHA384,10.815,3132.53,1272.25,1,0,0,109.692,24,2043.14,2011.96,1618,1617
1,8,78,RSA-SHA3-224_signed-by_ECDSA-SHA384,RSA-SHA3-224_signed-by_ECDSA-SHA384,13.662,2478.55,1674.62,1,20,1,108.8,16,2069.41,2015.3,1618,1615
1,2,77,RSA-SHA3-224_signed-by_ECDSA-SHA384,RSA-SHA3-224_signed-by_ECDSA-SHA384,17.841,1898.07,1527.25,1,21,0.954545,116.364,24,2041.42,2032.79,1618,1615
1,6,87,RSA-SHA3-224_signed-by_ECDSA-SHA384,RSA-SHA3-224_signed-by_ECDSA-SHA384,21.101,1605.19,943.249,1,10,0.588235,123.176,10,2024.55,2025.96,1618,1616
1,7,86,RSA-SHA3-224_signed-by_ECDSA-SHA384,RSA-SHA3-224_signed-by_ECDSA-SHA384,12.719,2662.96,1301.92,1,7,0.538462,116.769,17,2043.98,2032.21,1618,1616
1,3,75,RSA-SHA3-224_signed-by_ECDSA-SHA384,RSA-SHA3-224_signed-by_ECDSA-SHA384,6.362,5324.77,1855.81,0.777778,1,0.111111,134.444,24,2052.16,1997.42,1618,1617
1,6,88,RSA-SHA3-224_signed-by_ECDSA-SHA384,RSA-SHA3-224_signed-by_ECDSA-SHA384,13.13,2579.71,989.479,1,0,0,602,10,2050.47,2001.92,1618,1616
1,8,79,RSA-SHA3-224_signed-by_ECDSA-SHA384,RSA-SHA3-224_signed-by_ECDSA-SHA384,19.451,1740.92,815.144,1,3,0.1875,164.75,16,2506.03,2460.8,1618,1615
1,7,87,RSA-SHA3-224_signed-by_ECDSA-SHA384,RSA-SHA3-224_signed-by_ECDSA-SHA384,14.815,2286.29,974.129,1,0,0,164,17,2033.87,2015.81,1618,1616
1,2,78,RSA-SHA3-224_signed-by_ECDSA-SHA384,RSA-SHA3-224_signed-by_ECDSA-SHA384,19.951,1697.29,1270.26,1,23,1.27778,154.222,24,2066.55,1992.53,1618,1615
1,4,6,RSA-SHA3-224_signed-by_ECDSA-SHA384,RSA-SHA3-224_signed-by_ECDSA-SHA384,36.262,933.848,512.26,1,10,0.555556,136.889,24,2062.09,1986.33,1618,1615
1,5,86,RSA-SHA3-224_signed-by_ECDSA-SHA384,RSA-SHA3-224_signed-by_ECDSA-SHA384,24.862,1362.38,1254.26,1,34,1.25926,121.852,15,2023.68,1977.26,1618,1616
1,3,76,RSA-SHA3-224_signed-by_ECDSA-SHA384,RSA-SHA3-224_signed-by_ECDSA-SHA384,21.621,1566.94,1208.41,1,24,0.96,191.92,24,2071.23,1994.49,1618,1617
1,6,89,RSA-SHA3-224_signed-by_ECDSA-SHA384,RSA-SHA3-224_signed-by_ECDSA-SHA384,17.711,1912.4,1001.82,0.857143,7,0.5,137.143,10,2047.6,2010.52,1618,1616
1,8,80,RSA-SHA3-224_signed-by_ECDSA-SHA384,RSA-SHA3-224_signed-by_ECDSA-SHA384,13.902,2435.86,952.938,0.818182,0,0,118.727,17,2036.9,2009.2,1618,1615
1,7,88,RSA-SHA3-224_signed-by_ECDSA-SHA384,RSA-SHA3-224_signed-by_ECDSA-SHA384,14.466,2341.44,1226.57,1,7,0.5,118.571,17,2067.95,2014.22,1618,1616
1,2,79,RSA-SHA3-224_signed-by_ECDSA-SHA384,RSA-SHA3-224_signed-by_ECDSA-SHA384,14.792,2289.3,895.6,1,4,0.363636,127.091,24,2543.58,2424.98,1618,1615
1,4,7,RSA-SHA3-224_signed-by_ECDSA-SHA384,RSA-SHA3-224_signed-by_ECDSA-SHA384,14.52,2332.17,907.966,1,7,0.636364,138,24,2049.49,2000.51,1618,1615
1,5,87,RSA-SHA3-224_signed-by_ECDSA-SHA384,RSA-SHA3-224_signed-by_ECDSA-SHA384,15.686,2159.31,828.228,1,0,0,148,15,2044.47,2023.7,1618,1616
1,3,77,RSA-SHA3-224_signed-by_ECDSA-SHA384,RSA-SHA3-224_signed-by_ECDSA-SHA384,10.916,3103.66,1190.16,0.8,0,0,136,24,2044.03,1978.46,1618,1617
1,8,81,RSA-SHA3-224_signed-by_ECDSA-SHA384,RSA-SHA3-224_signed-by_ECDSA-SHA384,9.23,3668.53,1419.57,0.727273,0,0,118.364,17,2054.86,1999.98,1618,1615
1,6,90,RSA-SHA3-224_signed-by_ECDSA-SHA384,RSA-SHA3-224_signed-by_ECDSA-SHA384,10.927,3099.84,1188.98,1,0,0,148,10,2031.83,1998.45,1618,1616
1,7,89,RSA-SHA3-224_signed-by_ECDSA-SHA384,RSA-SHA3-224_signed-by_ECDSA-SHA384,10.066,3364.66,1290.56,1,0,0,126.8,17,2043.98,2030.33,1618,1616
1,4,8,RSA-SHA3-224_signed-by_ECDSA-SHA384,RSA-SHA3-224_signed-by_ECDSA-SHA384,10.555,3208.32,1435.52,1,4,0.307692,211.538,24,2020.21,2012.61,1618,1615
1,5,88,RSA-SHA3-224_signed-by_ECDSA-SHA384,RSA-SHA3-224_signed-by_ECDSA-SHA384,10.206,3318.52,1346.53,1,1,0.0909091,139.818,15,2037.8,2017.35,1618,1616
1,3,78,RSA-SHA3-224_signed-by_ECDSA-SHA384,RSA-SHA3-224_signed-by_ECDSA-SHA384,10.873,3115.69,1194.78,1,0,0,136,24,2068.33,1988.43,1618,1617
1,8,82,RSA-SHA3-224_signed-by_ECDSA-SHA384,RSA-SHA3-224_signed-by_ECDSA-SHA384,13.701,2471.6,966.918,1,0,0,118.727,17,2034.23,2006.57,1618,1615
1,6,91,RSA-SHA3-224_signed-by_ECDSA-SHA384,RSA-SHA3-224_signed-by_ECDSA-SHA384,13.913,2434.5,933.782,0.8,0,0,148,10,2039.76,2010.84,1618,1616
1,7,90,RSA-SHA3-224_signed-by_ECDSA-SHA384,RSA-SHA3-224_signed-by_ECDSA-SHA384,14.42,2348.91,900.951,0.8,0,0,126.8,17,2027.11,2011.22,1618,1616
1,4,9,RSA-SHA3-224_signed-by_ECDSA-SHA384,RSA-SHA3-224_signed-by_ECDSA-SHA384,13.303,2545.56,1153.41,0.571429,3,0.214286,184.857,24,2033.27,2002.35,1618,1615
1,5,89,RSA-SHA3-224_signed-by_ECDSA-SHA384,RSA-SHA3-224_signed-by_ECDSA-SHA384,12.96,2613.56,1002.46,0,0,0,148,15,2050.62,2013.32,1618,1616
1,2,80,RSA-SHA3-224_signed-by_ECDSA-SHA384,RSA-SHA3-224_signed-by_ECDSA-SHA384,26.125,1296.21,1223.02,0.928571,39,1.39286,423.143,24,2063.45,2007.69,1618,1615
1,3,79,RSA-SHA3-224_signed-by_ECDSA-SHA384,RSA-SHA3-224_signed-by_ECDSA-SHA384,15.142,2237.44,857.994,0.8,0,0,220,24,2509.34,2446.04,1618,1617
1,8,83,RSA-SHA3-224_signed-by_ECDSA-SHA384,RSA-SHA3-224_signed-by_ECDSA-SHA384,11.981,2826.25,1084.3,1,0,0,126.8,17,2043.61,2146.71,1618,1615
1,6,92,RSA-SHA3-224_signed-by_ECDSA-SHA384,RSA-SHA3-224_signed-by_ECDSA-SHA384,13.467,2515.15,983.723,1,0,0,138,10,2040.93,2017.62,1618,1616
1,7,91,RSA-SHA3-224_signed-by_ECDSA-SHA384,RSA-SHA3-224_signed-by_ECDSA-SHA384,13.375,2532.44,1326.63,1,7,0.5,118.571,17,2038.61,2001.72,1618,1616
1,2,81,RSA-SHA3-224_signed-by_ECDSA-SHA384,RSA-SHA3-224_signed-by_ECDSA-SHA384,11.491,2946.97,1335.29,1,7,0.5,117.429,24,2050.31,2083.02,1618,1615
1,5,90,RSA-SHA3-224_signed-by_ECDSA-SHA384,RSA-SHA3-224_signed-by_ECDSA-SHA384,13.284,2549.76,1603.09,1,18,1.05882,150.471,15,2043.51,2001.08,1618,1616
1,4,10,RSA-SHA3-224_signed-by_ECDSA-SHA384,RSA-SHA3-224_signed-by_ECDSA-SHA384,15.278,2216.45,1190.7,1,8,0.5,115.75,24,2049.38,1988.41,1618,1615
1,3,80,RSA-SHA3-224_signed-by_ECDSA-SHA384,RSA-SHA3-224_signed-by_ECDSA-SHA384,14.139,2396.11,1353.36,1,16,1.14286,149.714,24,2052.81,2008.08,1618,1617
1,8,84,RSA-SHA3-224_signed-by_ECDSA-SHA384,RSA-SHA3-224_signed-by_ECDSA-SHA384,14.717,2300.9,1382.82,1,14,0.736842,103.684,17,2037.62,1998.46,1618,1615
1,6,93,RSA-SHA3-224_signed-by_ECDSA-SHA384,RSA-SHA3-224_signed-by_ECDSA-SHA384,13.103,2584.96,1354.14,1,7,0.5,137.143,10,2031.51,1998.13,1618,1616
1,2,82,RSA-SHA3-224_signed-by_ECDSA-SHA384,RSA-SHA3-224_signed-by_ECDSA-SHA384,14.574,2323.45,908.963,1,0,0,124.909,24,2041.88,2031.27,1618,1615
1,5,91,RSA-SHA3-224_signed-by_ECDSA-SHA384,RSA-SHA3-224_signed-by_ECDSA-SHA384,14.745,2297.06,1284.71,1,11,0.846154,173.077,15,2047.89,1988.38,1618,1616
1,7,92,RSA-SHA3-224_signed-by_ECDSA-SHA384,RSA-SHA3-224_signed-by_ECDSA-SHA384,17.597,1924.86,1289.3,1,15,0.789474,121.368,17,2063.15,2009.62,1618,1616
1,4,11,RSA-SHA3-224_signed-by_ECDSA-SHA384,RSA-SHA3-224_signed-by_ECDSA-SHA384,16.145,2097.36,1613.28,1,25,1.19048,131.333,24,2039.4,2014.75,1618,1615
1,3,81,RSA-SHA3-224_signed-by_ECDSA-SHA384,RSA-SHA3-224_signed-by_ECDSA-SHA384,14.429,2347.93,1098.84,1,3,0.1875,166.5,24,2057.35,1990.6,1618,1617
1,6,94,RSA-SHA3-224_signed-by_ECDSA-SHA384,RSA-SHA3-224_signed-by_ECDSA-SHA384,9.423,3594.56,1399.11,1,7,0.636364,135.818,10,2057.35,1998.88,1618,1616
1,8,85,RSA-SHA3-224_signed-by_ECDSA-SHA384,RSA-SHA3-224_signed-by_ECDSA-SHA384,16.364,2069.31,1157.6,1,11,0.846154,146.923,17,2071.98,2000.24,1618,1615
1,7,93,RSA-SHA3-224_signed-by_ECDSA-SHA384,RSA-SHA3-224_signed-by_ECDSA-SHA384,13.722,2468.35,984.077,1,0,0,112,17,2039.56,2008.68,1618,1616
1,3,82,RSA-SHA3-224_signed-by_ECDSA-SHA384,RSA-SHA3-224_signed-by_ECDSA-SHA384,11.766,2879.42,1104.17,1,0,0,136,24,2053.95,2012,1618,1617
1,5,92,RSA-SHA3-224_signed-by_ECDSA-SHA384,RSA-SHA3-224_signed-by_ECDSA-SHA384,16.389,2066.66,1155.84,1,11,0.846154,250.615,15,2034.28,1994.93,1618,1616
1,4,12,RSA-SHA3-224_signed-by_ECDSA-SHA384,RSA-SHA3-224_signed-by_ECDSA-SHA384,14.77,2292.68,1685.52,1,22,1.375,176.75,24,2040.7,1982.18,1618,1615
1,2,83,RSA-SHA3-224_signed-by_ECDSA-SHA384,RSA-SHA3-224_signed-by_ECDSA-SHA384,18.725,1808.41,957.819,1,8,0.533333,120.933,24,2042.55,1979.32,1618,1615
1,6,95,RSA-SHA3-224_signed-by_ECDSA-SHA384,RSA-SHA3-224_signed-by_ECDSA-SHA384,15.186,2230.4,1531.89,0.736842,17,0.894737,289.789,10,2524.94,2486.13,1618,1616
1,8,86,RSA-SHA3-224_signed-by_ECDSA-SHA384,RSA-SHA3-224_signed-by_ECDSA-SHA384,10.242,3306.08,1268.38,0,0,0,131.6,17,2051.49,2006.4,1618,1615
1,7,94,RSA-SHA3-224_signed-by_ECDSA-SHA384,RSA-SHA3-224_signed-by_ECDSA-SHA384,10.289,3291.78,1262.6,0.3,0,0,126.8,17,2042.35,2005.13,1618,1616
1,3,83,RSA-SHA3-224_signed-by_ECDSA-SHA384,RSA-SHA3-224_signed-by_ECDSA-SHA384,10.694,3167.85,1214.78,0.3,4,0.4,136,24,2047.99,2009.56,1618,1617
1,2,84,RSA-SHA3-224_signed-by_ECDSA-SHA384,RSA-SHA3-224_signed-by_ECDSA-SHA384,9.214,3674.93,1409.89,0.3,0,0,136,24,2032.56,2003.39,1618,1615
1,5,93,RSA-SHA3-224_signed-by_ECDSA-SHA384,RSA-SHA3-224_signed-by_ECDSA-SHA384,11.14,3040.57,1166.25,0.3,0,0,148,15,2044.43,2044.59,1618,1616
1,4,13,RSA-SHA3-224_signed-by_ECDSA-SHA384,RSA-SHA3-224_signed-by_ECDSA-SHA384,11.407,2968.68,1138.94,0.3,0,0,130.4,24,2054.06,1997.66,1618,1615
1,6,96,RSA-SHA3-224_signed-by_ECDSA-SHA384,RSA-SHA3-224_signed-by_ECDSA-SHA384,12.229,2769.75,1083.3,0.727273,0,0,132.182,10,2039.87,1987.65,1618,1616
1,8,87,RSA-SHA3-224_signed-by_ECDSA-SHA384,RSA-SHA3-224_signed-by_ECDSA-SHA384,13.4,2527.1,988.633,1,0,0,118.727,17,2043.64,1980.16,1618,1615
1,7,95,RSA-SHA3-224_signed-by_ECDSA-SHA384,RSA-SHA3-224_signed-by_ECDSA-SHA384,13.796,2455.17,969.542,1,8,0.666667,112,17,2501.83,2482.09,1618,1616
1,2,85,RSA-SHA3-224_signed-by_ECDSA-SHA384,RSA-SHA3-224_signed-by_ECDSA-SHA384,15.028,2253.36,1194.55,1,14,0.736842,104.737,24,2051.34,2004.45,1618,1615
1,5,94,RSA-SHA3-224_signed-by_ECDSA-SHA384,RSA-SHA3-224_signed-by_ECDSA-SHA384,16.289,2079.4,829.009,1,0,0,129.667,15,2047.86,1998.09,1618,1616
1,4,14,RSA-SHA3-224_signed-by_ECDSA-SHA384,RSA-SHA3-224_signed-by_ECDSA-SHA384,17.877,1894.22,1325.46,1,18,1.05882,145.529,24,2041.27,1995.46,1618,1615
1,6,97,RSA-SHA3-224_signed-by_ECDSA-SHA384,RSA-SHA3-224_signed-by_ECDSA-SHA384,15.813,2142,1064.42,1,2,0.166667,143,10,2047.12,1994.01,1618,1616
1,3,84,RSA-SHA3-224_signed-by_ECDSA-SHA384,RSA-SHA3-224_signed-by_ECDSA-SHA384,22.599,1499.12,906.195,1,12,0.6,152.8,24,2057.56,1988.71,1618,1617
1,8,88,RSA-SHA3-224_signed-by_ECDSA-SHA384,RSA-SHA3-224_signed-by_ECDSA-SHA384,17.814,1900.92,743.663,1,0,0,118.727,17,2026.79,2013.84,1618,1615
1,7,96,RSA-SHA3-224_signed-by_ECDSA-SHA384,RSA-SHA3-224_signed-by_ECDSA-SHA384,14.456,2343.05,1048.12,1,0,0,181.077,17,2038.11,2008.46,1618,1616
1,2,86,RSA-SHA3-224_signed-by_ECDSA-SHA384,RSA-SHA3-224_signed-by_ECDSA-SHA384,14.432,2346.39,1427.9,0.75,14,0.7,106.8,24,2087.4,1998.5,1618,1615
1,5,95,RSA-SHA3-224_signed-by_ECDSA-SHA384,RSA-SHA3-224_signed-by_ECDSA-SHA384,15.001,2257.91,1056.96,1,7,0.4375,116.5,15,2479.45,2467.68,1618,1616
1,4,15,RSA-SHA3-224_signed-by_ECDSA-SHA384,RSA-SHA3-224_signed-by_ECDSA-SHA384,16.085,2105.23,1115.03,1,8,0.533333,120.133,24,2493.55,2499.25,1618,1615
1,3,85,RSA-SHA3-224_signed-by_ECDSA-SHA384,RSA-SHA3-224_signed-by_ECDSA-SHA384,15.216,2226.5,870.623,1,0,0,127.091,24,2017.17,2007.87,1618,1617
1,8,89,RSA-SHA3-224_signed-by_ECDSA-SHA384,RSA-SHA3-224_signed-by_ECDSA-SHA384,12.66,2674.8,1026.19,1,0,0,126.8,17,2051.31,2008.59,1618,1615
1,7,97,RSA-SHA3-224_signed-by_ECDSA-SHA384,RSA-SHA3-224_signed-by_ECDSA-SHA384,12.127,2793.03,1071.3,1,0,0,126.8,17,2012.28,2022.38,1618,1616
1,6,98,RSA-SHA3-224_signed-by_ECDSA-SHA384,RSA-SHA3-224_signed-by_ECDSA-SHA384,19.237,1760.77,1094.56,1,8,0.5,121.75,10,2048.35,2008.79,1618,1616
1,2,87,RSA-SHA3-224_signed-by_ECDSA-SHA384,RSA-SHA3-224_signed-by_ECDSA-SHA384,12.439,2722.32,1522.9,0.384615,11,0.846154,158.308,24,2047.07,2007.25,1618,1615
1,5,96,RSA-SHA3-224_signed-by_ECDSA-SHA384,RSA-SHA3-224_signed-by_ECDSA-SHA384,13.232,2559.75,981.822,0,0,0,148,15,2042.02,2015.53,1618,1616
1,3,86,RSA-SHA3-224_signed-by_ECDSA-SHA384,RSA-SHA3-224_signed-by_ECDSA-SHA384,9.825,3448.01,1322.21,0,0,0,328,24,2053.54,2002.92,1618,1617
1,4,16,RSA-SHA3-224_signed-by_ECDSA-SHA384,RSA-SHA3-224_signed-by_ECDSA-SHA384,12.013,2818.89,1081.47,0,0,0,126.8,24,2024.89,1987.81,1618,1615
1,8,90,RSA-SHA3-224_signed-by_ECDSA-SHA384,RSA-SHA3-224_signed-by_ECDSA-SHA384,11.943,2835.43,1087.82,1,0,0,126.8,17,2040.9,2003.39,1618,1615
1,7,98,RSA-SHA3-224_signed-by_ECDSA-SHA384,RSA-SHA3-224_signed-by_ECDSA-SHA384,11.9,2846.35,1091.75,1,0,0,126.8,17,2035.66,2028.81,1618,1616
1,6,99,RSA-SHA3-224_signed-by_ECDSA-SHA384,RSA-SHA3-224_signed-by_ECDSA-SHA384,10.923,3100.97,1189.41,1,0,0,136,10,2009.68,2037.57,1618,1616
1,2,88,RSA-SHA3-224_signed-by_ECDSA-SHA384,RSA-SHA3-224_signed-by_ECDSA-SHA384,10.945,3093.99,1187.02,1,0,0,136,24,2049.41,1998.21,1618,1615
1,5,97,RSA-SHA3-224_signed-by_ECDSA-SHA384,RSA-SHA3-224_signed-by_ECDSA-SHA384,8.229,4115.78,1578.66,1,0,0,148,15,2048.54,1995.33,1618,1616
1,7,99,RSA-SHA3-224_signed-by_ECDSA-SHA384,RSA-SHA3-224_signed-by_ECDSA-SHA384,7.514,4507.42,1728.87,1,0,0,131.6,17,2003.56,2034.07,1618,1616
1,8,91,RSA-SHA3-224_signed-by_ECDSA-SHA384,RSA-SHA3-224_signed-by_ECDSA-SHA384,8.585,3944.19,1535.56,1,4,0.363636,118.727,17,2045.8,1985.69,1618,1615
1,5,98,RSA-SHA3-224_signed-by_ECDSA-SHA384,RSA-SHA3-224_signed-by_ECDSA-SHA384,8.022,4222.01,2058.16,1,12,0.705882,225.294,15,2066.93,2008.78,1618,1616
1,2,89,RSA-SHA3-224_signed-by_ECDSA-SHA384,RSA-SHA3-224_signed-by_ECDSA-SHA384,9.719,3483.99,1437.05,1,1,0.0833333,117.333,24,2051.75,2021.07,1618,1615
1,5,99,RSA-SHA3-224_signed-by_ECDSA-SHA384,RSA-SHA3-224_signed-by_ECDSA-SHA384,6.539,5179.42,2356.06,0.285714,3,0.214286,242.286,15,2047.26,1995.93,1618,1616
1,2,90,RSA-SHA3-224_signed-by_ECDSA-SHA384,RSA-SHA3-224_signed-by_ECDSA-SHA384,7.069,4789.97,1837.68,0.4,0,0,136,24,2049.75,1990.62,1618,1615
1,8,92,RSA-SHA3-224_signed-by_ECDSA-SHA384,RSA-SHA3-224_signed-by_ECDSA-SHA384,13.737,2465.07,1744.71,0.909091,21,0.954545,205.273,17,2062.62,1990.88,1618,1615
1,3,87,RSA-SHA3-224_signed-by_ECDSA-SHA384,RSA-SHA3-224_signed-by_ECDSA-SHA384,27.323,1239.94,881.28,1,20,1.05263,128.105,24,2056.29,1984.66,1618,1617
1,4,17,RSA-SHA3-224_signed-by_ECDSA-SHA384,RSA-SHA3-224_signed-by_ECDSA-SHA384,30.09,1125.42,933.199,1,32,1.33333,126.333,24,2037.02,2131,1618,1615
1,2,91,RSA-SHA3-224_signed-by_ECDSA-SHA384,RSA-SHA3-224_signed-by_ECDSA-SHA384,8.555,3957.94,1518.47,1,0,0,329.2,24,2082.14,2017.41,1618,1615
1,8,93,RSA-SHA3-224_signed-by_ECDSA-SHA384,RSA-SHA3-224_signed-by_ECDSA-SHA384,8.141,4159.22,2358.17,1,11,0.785714,135.714,17,2047.8,2000.18,1618,1615
1,3,88,RSA-SHA3-224_signed-by_ECDSA-SHA384,RSA-SHA3-224_signed-by_ECDSA-SHA384,10.567,3206.16,1841.18,0.933333,11,0.733333,129.2,24,2034.7,2115.92,1618,1617
1,4,18,RSA-SHA3-224_signed-by_ECDSA-SHA384,RSA-SHA3-224_signed-by_ECDSA-SHA384,8.726,3880.77,1518.2,0.545455,0,0,114.364,24,2050.91,2142.77,1618,1615
1,8,94,RSA-SHA3-224_signed-by_ECDSA-SHA384,RSA-SHA3-224_signed-by_ECDSA-SHA384,6.57,5153.72,1977.24,0,0,0,126.8,17,2040.1,2006.71,1618,1615
1,2,92,RSA-SHA3-224_signed-by_ECDSA-SHA384,RSA-SHA3-224_signed-by_ECDSA-SHA384,11.317,2992.21,1713.47,0.8,12,0.8,139.067,24,2052.28,2015.96,1618,1615
1,3,89,RSA-SHA3-224_signed-by_ECDSA-SHA384,RSA-SHA3-224_signed-by_ECDSA-SHA384,7.55,4486.92,1788.41,0.5,0,0,108,24,2049.98,2002.82,1618,1617
1,4,19,RSA-SHA3-224_signed-by_ECDSA-SHA384,RSA-SHA3-224_signed-by_ECDSA-SHA384,9.005,3760.19,2124.82,0.428571,12,0.857143,139.143,24,2026.21,2008.33,1618,1615
1,8,95,RSA-SHA3-224_signed-by_ECDSA-SHA384,RSA-SHA3-224_signed-by_ECDSA-SHA384,9.737,3477.53,1360.45,0.545455,0,0,114.364,17,2503.78,2450.56,1618,1615
1,2,93,RSA-SHA3-224_signed-by_ECDSA-SHA384,RSA-SHA3-224_signed-by_ECDSA-SHA384,7.332,4618.22,1771.79,0,0,0,136,24,2050.25,1992.14,1618,1615
1,3,90,RSA-SHA3-224_signed-by_ECDSA-SHA384,RSA-SHA3-224_signed-by_ECDSA-SHA384,7.102,4770,1865.2,0.545455,0,0,117.636,24,2046.64,1992.53,1618,1617
1,4,20,RSA-SHA3-224_signed-by_ECDSA-SHA384,RSA-SHA3-224_signed-by_ECDSA-SHA384,5.802,5835.95,2440.26,1,6,0.461538,107.538,24,2071.7,1997.43,1618,1615
1,8,96,RSA-SHA3-224_signed-by_ECDSA-SHA384,RSA-SHA3-224_signed-by_ECDSA-SHA384,6.286,5386.48,2107.26,1,0,0,118.727,17,2054.14,2006.03,1618,1615
1,2,94,RSA-SHA3-224_signed-by_ECDSA-SHA384,RSA-SHA3-224_signed-by_ECDSA-SHA384,7.805,4338.75,2459.96,1,11,0.785714,146.286,24,2038.75,2027.13,1618,1615
1,3,91,RSA-SHA3-224_signed-by_ECDSA-SHA384,RSA-SHA3-224_signed-by_ECDSA-SHA384,8.698,3895.14,2207.4,1,11,0.785714,146.286,24,2060.62,2006.97,1618,1617
1,8,97,RSA-SHA3-224_signed-by_ECDSA-SHA384,RSA-SHA3-224_signed-by_ECDSA-SHA384,5.982,5660.42,2171.63,0.6,0,0,126.8,17,2055.73,1992.64,1618,1615
1,2,95,RSA-SHA3-224_signed-by_ECDSA-SHA384,RSA-SHA3-224_signed-by_ECDSA-SHA384,9.75,3472.94,1969.06,0.928571,11,0.785714,146.286,24,2531.05,2477.84,1618,1615
1,3,92,RSA-SHA3-224_signed-by_ECDSA-SHA384,RSA-SHA3-224_signed-by_ECDSA-SHA384,10.146,3338.96,1412.85,0.857143,1,0.0714286,126.286,24,2115.16,2096.64,1618,1617
1,8,98,RSA-SHA3-224_signed-by_ECDSA-SHA384,RSA-SHA3-224_signed-by_ECDSA-SHA384,10.908,3104.26,1760.03,0.928571,11,0.785714,144,17,2026.79,1997.6,1618,1615
1,2,96,RSA-SHA3-224_signed-by_ECDSA-SHA384,RSA-SHA3-224_signed-by_ECDSA-SHA384,8.772,3860.12,2292.55,0.5625,19,1.1875,137.75,24,2056.54,2023.27,1618,1615
1,3,93,RSA-SHA3-224_signed-by_ECDSA-SHA384,RSA-SHA3-224_signed-by_ECDSA-SHA384,5.875,5766.32,2254.79,0.363636,0,0,122.727,24,2057.69,2011.52,1618,1617
1,8,99,RSA-SHA3-224_signed-by_ECDSA-SHA384,RSA-SHA3-224_signed-by_ECDSA-SHA384,6.602,5128.82,2878.83,0.230769,2,0.153846,117.385,17,2028.45,1996.46,1618,1615
1,2,97,RSA-SHA3-224_signed-by_ECDSA-SHA384,RSA-SHA3-224_signed-by_ECDSA-SHA384,6.648,5093.26,2562.88,0.117647,5,0.294118,150.471,24,2126.59,2021.74,1618,1615
1,3,94,RSA-SHA3-224_signed-by_ECDSA-SHA384,RSA-SHA3-224_signed-by_ECDSA-SHA384,6.799,4982.45,1964.74,0.166667,0,0,115.333,24,2069.61,1994.78,1618,1617
1,2,98,RSA-SHA3-224_signed-by_ECDSA-SHA384,RSA-SHA3-224_signed-by_ECDSA-SHA384,7.184,4713.22,1843.87,1,0,0,127.091,24,2052.22,2061.5,1618,1615
1,4,21,RSA-SHA3-224_signed-by_ECDSA-SHA384,RSA-SHA3-224_signed-by_ECDSA-SHA384,36.289,933.155,695.292,1,19,0.791667,143.167,24,2043.21,1998.16,1618,1615
1,3,95,RSA-SHA3-224_signed-by_ECDSA-SHA384,RSA-SHA3-224_signed-by_ECDSA-SHA384,8.939,3789.74,2147.67,1,11,0.785714,146.286,24,2615.43,2467.27,1618,1617
1,2,99,RSA-SHA3-224_signed-by_ECDSA-SHA384,RSA-SHA3-224_signed-by_ECDSA-SHA384,6.318,5359.35,3106.98,0.833333,12,0.666667,108,24,2043.89,2010.26,1618,1615
1,4,22,RSA-SHA3-224_signed-by_ECDSA-SHA384,RSA-SHA3-224_signed-by_ECDSA-SHA384,6.795,4983.17,2787.65,1,11,0.846154,146.923,24,2039.46,2010.64,1618,1615
1,3,96,RSA-SHA3-224_signed-by_ECDSA-SHA384,RSA-SHA3-224_signed-by_ECDSA-SHA384,7.201,4704.32,2665.96,0.571429,11,0.785714,146.286,24,2148.52,1992.2,1618,1617
1,4,23,RSA-SHA3-224_signed-by_ECDSA-SHA384,RSA-SHA3-224_signed-by_ECDSA-SHA384,5.434,6231.05,2437.66,0,0,0,114.364,24,2042.25,2006.71,1618,1615
1,3,97,RSA-SHA3-224_signed-by_ECDSA-SHA384,RSA-SHA3-224_signed-by_ECDSA-SHA384,5.156,6570.35,2569.19,0,0,0,122.727,24,2060.14,2002.34,1618,1617
1,4,24,RSA-SHA3-224_signed-by_ECDSA-SHA384,RSA-SHA3-224_signed-by_ECDSA-SHA384,5.08,6665.64,2607.68,0,0,0,114.364,24,2080.64,2058.03,1618,1615
1,3,98,RSA-SHA3-224_signed-by_ECDSA-SHA384,RSA-SHA3-224_signed-by_ECDSA-SHA384,5.12,6616.69,2587.31,0,0,0,122.727,24,2064.08,1996.88,1618,1617
1,4,25,RSA-SHA3-224_signed-by_ECDSA-SHA384,RSA-SHA3-224_signed-by_ECDSA-SHA384,5.454,6208.58,2428.87,0,0,0,114.364,24,2051.66,2000.34,1618,1615
1,3,99,RSA-SHA3-224_signed-by_ECDSA-SHA384,RSA-SHA3-224_signed-by_ECDSA-SHA384,5.069,6683.26,2613.34,0,0,0,122.727,24,2025.2,2001.67,1618,1617
1,4,26,RSA-SHA3-224_signed-by_ECDSA-SHA384,RSA-SHA3-224_signed-by_ECDSA-SHA384,5.066,6684.06,2614.88,0,0,0,114.364,24,2075.32,2001.47,1618,1615
1,4,27,RSA-SHA3-224_signed-by_ECDSA-SHA384,RSA-SHA3-224_signed-by_ECDSA-SHA384,5.156,6567.52,2569.29,0,0,0,114.364,24,2058.62,2007.72,1618,1615
1,4,28,RSA-SHA3-224_signed-by_ECDSA-SHA384,RSA-SHA3-224_signed-by_ECDSA-SHA384,5.143,6584.24,2575.83,0,0,0,114.364,24,2041.24,2007.04,1618,1615
1,4,29,RSA-SHA3-224_signed-by_ECDSA-SHA384,RSA-SHA3-224_signed-by_ECDSA-SHA384,5.076,6671.14,2609.83,0,0,0,114.364,24,2036.92,2011.84,1618,1615
1,4,30,RSA-SHA3-224_signed-by_ECDSA-SHA384,RSA-SHA3-224_signed-by_ECDSA-SHA384,5.11,6626.76,2592.47,0,0,0,114.364,24,2051.08,2043.31,1618,1615
1,4,31,RSA-SHA3-224_signed-by_ECDSA-SHA384,RSA-SHA3-224_signed-by_ECDSA-SHA384,5.528,6125.69,2396.44,0,0,0,114.364,24,2514.51,2476.44,1618,1615
1,4,32,RSA-SHA3-224_signed-by_ECDSA-SHA384,RSA-SHA3-224_signed-by_ECDSA-SHA384,5.167,6553.66,2563.87,0,0,0,116.545,24,2039.85,1996.54,1618,1615
1,4,33,RSA-SHA3-224_signed-by_ECDSA-SHA384,RSA-SHA3-224_signed-by_ECDSA-SHA384,5.077,6669.83,2609.32,0,0,0,114.364,24,2039.47,2004.91,1618,1615
1,4,34,RSA-SHA3-224_signed-by_ECDSA-SHA384,RSA-SHA3-224_signed-by_ECDSA-SHA384,5.042,6716.13,2627.43,0,0,0,114.364,24,2091.11,1997.8,1618,1615
1,4,35,RSA-SHA3-224_signed-by_ECDSA-SHA384,RSA-SHA3-224_signed-by_ECDSA-SHA384,5.098,6642.35,2598.57,0,0,0,114.364,24,2031.77,2005.6,1618,1615
1,4,36,RSA-SHA3-224_signed-by_ECDSA-SHA384,RSA-SHA3-224_signed-by_ECDSA-SHA384,6.192,5468.94,2139.51,0,0,0,114.364,24,2049.38,2017.02,1618,1615
1,4,37,RSA-SHA3-224_signed-by_ECDSA-SHA384,RSA-SHA3-224_signed-by_ECDSA-SHA384,5.166,6554.92,2564.36,0,0,0,114.364,24,2037.92,1997.57,1618,1615
1,4,38,RSA-SHA3-224_signed-by_ECDSA-SHA384,RSA-SHA3-224_signed-by_ECDSA-SHA384,5.053,6701.51,2621.71,0,0,0,119.455,24,2040.91,2000.05,1618,1615
1,4,39,RSA-SHA3-224_signed-by_ECDSA-SHA384,RSA-SHA3-224_signed-by_ECDSA-SHA384,5.193,6520.84,2551.03,0,0,0,114.364,24,2041.89,2002.33,1618,1615
1,4,40,RSA-SHA3-224_signed-by_ECDSA-SHA384,RSA-SHA3-224_signed-by_ECDSA-SHA384,5.158,6565.09,2568.34,0,0,0,114.364,24,2079.14,2001.81,1618,1615
1,4,41,RSA-SHA3-224_signed-by_ECDSA-SHA384,RSA-SHA3-224_signed-by_ECDSA-SHA384,5.147,6579.12,2573.83,0,0,0,114.364,24,2057.65,2005.01,1618,1615
1,1,27,RSA-SHA3-224_signed-by_ECDSA-SHA384,RSA-SHA3-224_signed-by_ECDSA-SHA384,1010.22,33.5374,37.4573,1,40,1.17647,114.941,24,1981.52,1993.82,1618,1617
1,4,42,RSA-SHA3-224_signed-by_ECDSA-SHA384,RSA-SHA3-224_signed-by_ECDSA-SHA384,5.836,5802.13,2269.86,0,0,0,114.364,24,2044.18,1994.06,1618,1615
1,1,28,RSA-SHA3-224_signed-by_ECDSA-SHA384,RSA-SHA3-224_signed-by_ECDSA-SHA384,5.082,6666.1,2436.63,0,0,0,86.8,24,2038.63,1998.24,1618,1617
1,4,43,RSA-SHA3-224_signed-by_ECDSA-SHA384,RSA-SHA3-224_signed-by_ECDSA-SHA384,5.717,5922.94,2317.12,0,0,0,114.364,24,2048.64,2007.17,1618,1615
1,1,29,RSA-SHA3-224_signed-by_ECDSA-SHA384,RSA-SHA3-224_signed-by_ECDSA-SHA384,5.714,5928.85,2318.34,0,0,0,132.182,24,2034.27,2005.21,1618,1617
1,4,44,RSA-SHA3-224_signed-by_ECDSA-SHA384,RSA-SHA3-224_signed-by_ECDSA-SHA384,5.495,6162.16,2410.71,0,0,0,114.364,24,2043.98,2001.16,1618,1615
1,1,30,RSA-SHA3-224_signed-by_ECDSA-SHA384,RSA-SHA3-224_signed-by_ECDSA-SHA384,5.785,5856.04,2289.87,0.0909091,0,0,132.182,24,2035.51,2001.21,1618,1617
1,4,45,RSA-SHA3-224_signed-by_ECDSA-SHA384,RSA-SHA3-224_signed-by_ECDSA-SHA384,6.093,5557.37,2334.28,0.0769231,1,0.0769231,103.846,24,2047.55,2006.76,1618,1615
1,1,31,RSA-SHA3-224_signed-by_ECDSA-SHA384,RSA-SHA3-224_signed-by_ECDSA-SHA384,6.34,5343.4,2089.42,0,0,0,132.182,24,2026.3,2497.26,1618,1617
1,4,46,RSA-SHA3-224_signed-by_ECDSA-SHA384,RSA-SHA3-224_signed-by_ECDSA-SHA384,5.571,6078.1,2377.82,0,0,0,114.364,24,2042.55,2007.24,1618,1615
1,1,32,RSA-SHA3-224_signed-by_ECDSA-SHA384,RSA-SHA3-224_signed-by_ECDSA-SHA384,6.085,5567.31,2176.97,0,0,0,120.545,24,2024.4,2003.14,1618,1617
1,4,47,RSA-SHA3-224_signed-by_ECDSA-SHA384,RSA-SHA3-224_signed-by_ECDSA-SHA384,6.068,5580.31,2183.08,0,0,0,114.364,24,2521.7,2463.08,1618,1615
1,1,33,RSA-SHA3-224_signed-by_ECDSA-SHA384,RSA-SHA3-224_signed-by_ECDSA-SHA384,5.607,6041.98,2362.58,0,0,0,132.182,24,2066.51,2001.27,1618,1617
1,4,48,RSA-SHA3-224_signed-by_ECDSA-SHA384,RSA-SHA3-224_signed-by_ECDSA-SHA384,5.653,5989.99,2343.36,0,0,0,114.364,24,2048.27,2000.51,1618,1615
1,1,34,RSA-SHA3-224_signed-by_ECDSA-SHA384,RSA-SHA3-224_signed-by_ECDSA-SHA384,5.444,6222.87,2433.31,0.272727,0,0,132.182,24,2041.23,1999.4,1618,1617
1,4,49,RSA-SHA3-224_signed-by_ECDSA-SHA384,RSA-SHA3-224_signed-by_ECDSA-SHA384,6.246,5421.25,2881.6,0.2,7,0.466667,110,24,2093.02,1997.42,1618,1615
1,1,35,RSA-SHA3-224_signed-by_ECDSA-SHA384,RSA-SHA3-224_signed-by_ECDSA-SHA384,5.834,5806.81,2270.62,0,0,0,132.182,24,2043.77,2002.1,1618,1617
1,4,50,RSA-SHA3-224_signed-by_ECDSA-SHA384,RSA-SHA3-224_signed-by_ECDSA-SHA384,5.639,6004.86,2349.17,0,0,0,114.364,24,2064.58,2003.08,1618,1615
1,1,36,RSA-SHA3-224_signed-by_ECDSA-SHA384,RSA-SHA3-224_signed-by_ECDSA-SHA384,5.926,5716.76,2235.41,0,0,0,126,24,2031.64,2003.74,1618,1617
1,4,51,RSA-SHA3-224_signed-by_ECDSA-SHA384,RSA-SHA3-224_signed-by_ECDSA-SHA384,5.323,6361.31,2488.62,0,0,0,114.364,24,2056.01,1997.61,1618,1615
1,1,37,RSA-SHA3-224_signed-by_ECDSA-SHA384,RSA-SHA3-224_signed-by_ECDSA-SHA384,5.46,6204.64,2426.18,0,0,0,114.364,24,2014.3,1995.06,1618,1617
1,4,52,RSA-SHA3-224_signed-by_ECDSA-SHA384,RSA-SHA3-224_signed-by_ECDSA-SHA384,5.464,6197.17,2424.41,0,0,0,114.364,24,2063.27,1997.61,1618,1615
1,1,38,RSA-SHA3-224_signed-by_ECDSA-SHA384,RSA-SHA3-224_signed-by_ECDSA-SHA384,5.5,6159.52,2705.24,0.285714,5,0.357143,104.857,24,2055.22,2004.58,1618,1617
1,4,53,RSA-SHA3-224_signed-by_ECDSA-SHA384,RSA-SHA3-224_signed-by_ECDSA-SHA384,5.305,6382.95,2804.7,0.285714,5,0.357143,102,24,2039.43,2037.8,1618,1615
1,1,39,RSA-SHA3-224_signed-by_ECDSA-SHA384,RSA-SHA3-224_signed-by_ECDSA-SHA384,5.544,6110.53,2389.38,0,0,0,114.364,24,2046.26,2116.89,1618,1617
1,4,54,RSA-SHA3-224_signed-by_ECDSA-SHA384,RSA-SHA3-224_signed-by_ECDSA-SHA384,6.285,5387.57,2107.68,0,0,0,114.364,24,2048.89,2009.59,1618,1615
1,1,40,RSA-SHA3-224_signed-by_ECDSA-SHA384,RSA-SHA3-224_signed-by_ECDSA-SHA384,5.719,5923.67,2316.32,0,0,0,114.364,24,2038.87,1999.89,1618,1617
1,4,55,RSA-SHA3-224_signed-by_ECDSA-SHA384,RSA-SHA3-224_signed-by_ECDSA-SHA384,5.821,5817.13,2275.73,0,0,0,114.364,24,2040.56,2004.58,1618,1615
1,1,41,RSA-SHA3-224_signed-by_ECDSA-SHA384,RSA-SHA3-224_signed-by_ECDSA-SHA384,5.406,6266.67,2450.44,0,0,0,114.364,24,2049.35,1988.42,1618,1617
1,4,56,RSA-SHA3-224_signed-by_ECDSA-SHA384,RSA-SHA3-224_signed-by_ECDSA-SHA384,5.661,5981.47,2340.02,0,0,0,114.364,24,2030.94,2024.2,1618,1615
1,1,42,RSA-SHA3-224_signed-by_ECDSA-SHA384,RSA-SHA3-224_signed-by_ECDSA-SHA384,5.112,6626.98,2591.33,0,0,0,114.727,24,2057.86,2010.84,1618,1617
1,4,57,RSA-SHA3-224_signed-by_ECDSA-SHA384,RSA-SHA3-224_signed-by_ECDSA-SHA384,5.45,6213.14,2430.65,0,0,0,114.364,24,2044.48,1993.96,1618,1615
1,1,43,RSA-SHA3-224_signed-by_ECDSA-SHA384,RSA-SHA3-224_signed-by_ECDSA-SHA384,5.053,6704.42,2621.61,0,0,0,114.364,24,2039.97,1995.53,1618,1617
1,4,58,RSA-SHA3-224_signed-by_ECDSA-SHA384,RSA-SHA3-224_signed-by_ECDSA-SHA384,4.959,6828.27,2671.3,0,0,0,114.364,24,2040.55,1989.99,1618,1615
1,1,44,RSA-SHA3-224_signed-by_ECDSA-SHA384,RSA-SHA3-224_signed-by_ECDSA-SHA384,5.058,6697.79,2619.02,0,0,0,114.364,24,2052.26,2002.03,1618,1617
1,4,59,RSA-SHA3-224_signed-by_ECDSA-SHA384,RSA-SHA3-224_signed-by_ECDSA-SHA384,5.233,6470.77,2531.44,0,0,0,114.364,24,2060.9,2000.23,1618,1615
1,1,45,RSA-SHA3-224_signed-by_ECDSA-SHA384,RSA-SHA3-224_signed-by_ECDSA-SHA384,5.021,6747.14,2638.32,0,0,0,114.364,24,2098.26,1995.27,1618,1617
1,4,60,RSA-SHA3-224_signed-by_ECDSA-SHA384,RSA-SHA3-224_signed-by_ECDSA-SHA384,4.986,6791.29,2656.84,0,0,0,114.364,24,2053.53,1988.48,1618,1615
1,1,46,RSA-SHA3-224_signed-by_ECDSA-SHA384,RSA-SHA3-224_signed-by_ECDSA-SHA384,5.01,6761.96,2644.11,0,0,0,114.364,24,2041.92,1994.27,1618,1617
1,4,61,RSA-SHA3-224_signed-by_ECDSA-SHA384,RSA-SHA3-224_signed-by_ECDSA-SHA384,5.04,6718.54,2628.37,0,0,0,114.364,24,2054.01,1998.47,1618,1615
1,1,47,RSA-SHA3-224_signed-by_ECDSA-SHA384,RSA-SHA3-224_signed-by_ECDSA-SHA384,5.613,6035.57,2360.07,0,0,0,114.364,24,2037.03,2469.78,1618,1617
1,4,62,RSA-SHA3-224_signed-by_ECDSA-SHA384,RSA-SHA3-224_signed-by_ECDSA-SHA384,5.156,6567.39,2569.24,0,0,0,114.364,24,2033.69,1997.35,1618,1615
1,1,48,RSA-SHA3-224_signed-by_ECDSA-SHA384,RSA-SHA3-224_signed-by_ECDSA-SHA384,5.557,6096.39,2383.86,0,0,0,114.364,24,2051.65,2022.03,1618,1617
1,4,63,RSA-SHA3-224_signed-by_ECDSA-SHA384,RSA-SHA3-224_signed-by_ECDSA-SHA384,5.999,5644.53,2208.21,0,0,0,114.364,24,2493.79,2469.99,1618,1615
1,1,49,RSA-SHA3-224_signed-by_ECDSA-SHA384,RSA-SHA3-224_signed-by_ECDSA-SHA384,5.149,6579.37,2572.71,0,0,0,115.091,24,2039.99,1996.16,1618,1617
1,4,64,RSA-SHA3-224_signed-by_ECDSA-SHA384,RSA-SHA3-224_signed-by_ECDSA-SHA384,5.18,6536.97,2557.34,0,0,0,114.364,24,2052.37,1997.24,1618,1615
1,1,50,RSA-SHA3-224_signed-by_ECDSA-SHA384,RSA-SHA3-224_signed-by_ECDSA-SHA384,5.198,6517.41,2548.48,0,0,0,114.364,24,2037,2000.72,1618,1617
1,4,65,RSA-SHA3-224_signed-by_ECDSA-SHA384,RSA-SHA3-224_signed-by_ECDSA-SHA384,5.268,6427.78,2514.62,0,0,0,114.364,24,2053.76,2000.02,1618,1615
1,1,51,RSA-SHA3-224_signed-by_ECDSA-SHA384,RSA-SHA3-224_signed-by_ECDSA-SHA384,5.126,6608.95,2584.28,0,0,0,114.364,24,2039.5,2006.02,1618,1617
1,4,66,RSA-SHA3-224_signed-by_ECDSA-SHA384,RSA-SHA3-224_signed-by_ECDSA-SHA384,5.178,6539.49,2558.33,0,0,0,114.364,24,2059.25,1999.46,1618,1615
1,1,52,RSA-SHA3-224_signed-by_ECDSA-SHA384,RSA-SHA3-224_signed-by_ECDSA-SHA384,5.092,6653.07,2601.53,0,0,0,114.364,24,2042.44,2018.75,1618,1617
1,4,67,RSA-SHA3-224_signed-by_ECDSA-SHA384,RSA-SHA3-224_signed-by_ECDSA-SHA384,5.084,6660.39,2605.63,0,0,0,114.364,24,2039.7,1999.19,1618,1615
1,1,53,RSA-SHA3-224_signed-by_ECDSA-SHA384,RSA-SHA3-224_signed-by_ECDSA-SHA384,5.087,6659.61,2604.09,0,0,0,114.364,24,2045.75,1997.24,1618,1617
1,4,68,RSA-SHA3-224_signed-by_ECDSA-SHA384,RSA-SHA3-224_signed-by_ECDSA-SHA384,5.028,6734.57,2634.64,0,0,0,114.364,24,2042.2,1993.39,1618,1615
1,1,54,RSA-SHA3-224_signed-by_ECDSA-SHA384,RSA-SHA3-224_signed-by_ECDSA-SHA384,5.159,6566.68,2567.75,0,0,0,114.727,24,2036.31,2013.93,1618,1617
1,4,69,RSA-SHA3-224_signed-by_ECDSA-SHA384,RSA-SHA3-224_signed-by_ECDSA-SHA384,5.007,6762.81,2645.69,0,0,0,114.364,24,2046.48,2004.7,1618,1615
1,1,55,RSA-SHA3-224_signed-by_ECDSA-SHA384,RSA-SHA3-224_signed-by_ECDSA-SHA384,5.108,6632.23,2593.38,0,0,0,114.364,24,2038.43,1997.45,1618,1617
1,4,70,RSA-SHA3-224_signed-by_ECDSA-SHA384,RSA-SHA3-224_signed-by_ECDSA-SHA384,5.226,6479.43,2534.83,0,0,0,114.364,24,2054.66,1990.43,1618,1615
1,1,56,RSA-SHA3-224_signed-by_ECDSA-SHA384,RSA-SHA3-224_signed-by_ECDSA-SHA384,5.059,6696.47,2618.5,0,0,0,114.364,24,2040.69,2019.61,1618,1617
1,4,71,RSA-SHA3-224_signed-by_ECDSA-SHA384,RSA-SHA3-224_signed-by_ECDSA-SHA384,4.971,6811.79,2664.85,0,0,0,114.364,24,2080.62,1998.71,1618,1615
1,1,57,RSA-SHA3-224_signed-by_ECDSA-SHA384,RSA-SHA3-224_signed-by_ECDSA-SHA384,5.082,6666.16,2606.65,0,0,0,114.364,24,2101.28,2001.13,1618,1617
1,4,72,RSA-SHA3-224_signed-by_ECDSA-SHA384,RSA-SHA3-224_signed-by_ECDSA-SHA384,5.239,6463.36,2528.54,0,0,0,114.364,24,2039.55,1995.71,1618,1615
1,1,58,RSA-SHA3-224_signed-by_ECDSA-SHA384,RSA-SHA3-224_signed-by_ECDSA-SHA384,5.147,6581.98,2573.73,0,0,0,114.364,24,2045.24,2001.7,1618,1617
1,4,73,RSA-SHA3-224_signed-by_ECDSA-SHA384,RSA-SHA3-224_signed-by_ECDSA-SHA384,5.073,6674.83,2611.27,0,0,0,114.364,24,2026.19,2011.6,1618,1615
1,1,59,RSA-SHA3-224_signed-by_ECDSA-SHA384,RSA-SHA3-224_signed-by_ECDSA-SHA384,5.011,6760.61,2643.58,0,0,0,114.364,24,2074.12,2000.91,1618,1617
1,4,74,RSA-SHA3-224_signed-by_ECDSA-SHA384,RSA-SHA3-224_signed-by_ECDSA-SHA384,6.785,4990.49,1952.34,0,0,0,114.364,24,2054.37,1997.52,1618,1615
1,1,60,RSA-SHA3-224_signed-by_ECDSA-SHA384,RSA-SHA3-224_signed-by_ECDSA-SHA384,5.696,5947.3,2325.56,0,0,0,114.364,24,2045.33,2000.97,1618,1617
1,4,75,RSA-SHA3-224_signed-by_ECDSA-SHA384,RSA-SHA3-224_signed-by_ECDSA-SHA384,5.767,5871.54,2297.02,0,0,0,114.364,24,2015.73,2276.1,1618,1615
1,1,61,RSA-SHA3-224_signed-by_ECDSA-SHA384,RSA-SHA3-224_signed-by_ECDSA-SHA384,5.467,6196.64,2423.05,0,0,0,119.455,24,2110.19,1999.65,1618,1617
1,4,76,RSA-SHA3-224_signed-by_ECDSA-SHA384,RSA-SHA3-224_signed-by_ECDSA-SHA384,5.3,6388.86,2499.4,0,0,0,114.364,24,2069.01,2016.96,1618,1615
1,1,62,RSA-SHA3-224_signed-by_ECDSA-SHA384,RSA-SHA3-224_signed-by_ECDSA-SHA384,5.598,6051.59,2366.34,0,0,0,114.364,24,2066.36,2012.74,1618,1617
1,4,77,RSA-SHA3-224_signed-by_ECDSA-SHA384,RSA-SHA3-224_signed-by_ECDSA-SHA384,5.474,6185.74,2419.93,0,0,0,114.364,24,2055.57,1999.12,1618,1615
1,1,63,RSA-SHA3-224_signed-by_ECDSA-SHA384,RSA-SHA3-224_signed-by_ECDSA-SHA384,5.955,5688.88,2224.51,0,0,0,114.364,24,2034.01,2460.99,1618,1617
1,4,78,RSA-SHA3-224_signed-by_ECDSA-SHA384,RSA-SHA3-224_signed-by_ECDSA-SHA384,4.981,6798.11,2659.5,0,0,0,114.364,24,2047.38,2000.72,1618,1615
1,1,64,RSA-SHA3-224_signed-by_ECDSA-SHA384,RSA-SHA3-224_signed-by_ECDSA-SHA384,5.858,5783.12,3135.31,0,0,0,114.615,24,2050.28,2053.6,1618,1617
1,4,79,RSA-SHA3-224_signed-by_ECDSA-SHA384,RSA-SHA3-224_signed-by_ECDSA-SHA384,5.607,6039.13,2362.58,0,0,0,114.364,24,2520.59,2457.29,1618,1615
1,1,65,RSA-SHA3-224_signed-by_ECDSA-SHA384,RSA-SHA3-224_signed-by_ECDSA-SHA384,5.262,6438.09,2826.07,0,0,0,128.286,24,2039.62,1999.47,1618,1617
1,4,80,RSA-SHA3-224_signed-by_ECDSA-SHA384,RSA-SHA3-224_signed-by_ECDSA-SHA384,5.15,6574.98,2572.21,0,0,0,114.364,24,2044.44,2031.19,1618,1615
1,1,66,RSA-SHA3-224_signed-by_ECDSA-SHA384,RSA-SHA3-224_signed-by_ECDSA-SHA384,5.072,6679.31,2611.79,0,0,0,114.364,24,2037.31,2000.2,1618,1617
1,4,81,RSA-SHA3-224_signed-by_ECDSA-SHA384,RSA-SHA3-224_signed-by_ECDSA-SHA384,5.057,6695.95,2619.54,0,0,0,114.364,24,2049.11,1993.1,1618,1615
1,1,67,RSA-SHA3-224_signed-by_ECDSA-SHA384,RSA-SHA3-224_signed-by_ECDSA-SHA384,5.147,6581.98,2573.73,0,0,0,114.364,24,2035.22,2004.27,1618,1617
1,4,82,RSA-SHA3-224_signed-by_ECDSA-SHA384,RSA-SHA3-224_signed-by_ECDSA-SHA384,5.134,6595.53,2580.25,0,0,0,114.364,24,2054.87,1996.05,1618,1615
1,1,68,RSA-SHA3-224_signed-by_ECDSA-SHA384,RSA-SHA3-224_signed-by_ECDSA-SHA384,5.037,6725.71,2629.94,0,0,0,114.364,24,2053.1,1993.35,1618,1617
1,4,83,RSA-SHA3-224_signed-by_ECDSA-SHA384,RSA-SHA3-224_signed-by_ECDSA-SHA384,5.07,6678.78,2612.82,0,0,0,114.364,24,2059.12,2000.29,1618,1615
1,1,69,RSA-SHA3-224_signed-by_ECDSA-SHA384,RSA-SHA3-224_signed-by_ECDSA-SHA384,5.002,6772.77,2648.34,0,0,0,114.364,24,2061.4,1996.19,1618,1617
1,4,84,RSA-SHA3-224_signed-by_ECDSA-SHA384,RSA-SHA3-224_signed-by_ECDSA-SHA384,5.17,6549.61,2562.29,0,0,0,114.364,24,2044.51,2000.01,1618,1615
1,1,70,RSA-SHA3-224_signed-by_ECDSA-SHA384,RSA-SHA3-224_signed-by_ECDSA-SHA384,5.3,6391.99,2499.44,0,0,0,114.364,24,2059.74,1996.25,1618,1617
1,4,85,RSA-SHA3-224_signed-by_ECDSA-SHA384,RSA-SHA3-224_signed-by_ECDSA-SHA384,5.286,6405.89,2506.06,0,0,0,114.364,24,2067.69,2164.89,1618,1615
1,1,71,RSA-SHA3-224_signed-by_ECDSA-SHA384,RSA-SHA3-224_signed-by_ECDSA-SHA384,5.002,6772.77,2648.34,0,0,0,114.364,24,2041.08,1994.91,1618,1617
1,4,86,RSA-SHA3-224_signed-by_ECDSA-SHA384,RSA-SHA3-224_signed-by_ECDSA-SHA384,5.177,6540.75,2558.82,0,0,0,114.364,24,2046.53,2001.18,1618,1615
1,1,72,RSA-SHA3-224_signed-by_ECDSA-SHA384,RSA-SHA3-224_signed-by_ECDSA-SHA384,5.359,6321.62,2471.93,0,0,0,114.364,24,2046.17,1995.47,1618,1617
1,4,87,RSA-SHA3-224_signed-by_ECDSA-SHA384,RSA-SHA3-224_signed-by_ECDSA-SHA384,5.009,6760.11,2644.64,0,0,0,114.364,24,2037.78,1993.69,1618,1615
1,1,73,RSA-SHA3-224_signed-by_ECDSA-SHA384,RSA-SHA3-224_signed-by_ECDSA-SHA384,5.13,6603.79,2582.26,0,0,0,114.364,24,2034.37,1997.77,1618,1617
1,4,88,RSA-SHA3-224_signed-by_ECDSA-SHA384,RSA-SHA3-224_signed-by_ECDSA-SHA384,5.126,6605.83,2584.28,0,0,0,114.364,24,2054.2,2027.28,1618,1615
1,1,74,RSA-SHA3-224_signed-by_ECDSA-SHA384,RSA-SHA3-224_signed-by_ECDSA-SHA384,5.132,6601.22,2581.26,0,0,0,114.364,24,2051.35,2023.36,1618,1617
1,4,89,RSA-SHA3-224_signed-by_ECDSA-SHA384,RSA-SHA3-224_signed-by_ECDSA-SHA384,5.174,6544.55,2560.3,0,0,0,114.364,24,2043.56,2000.36,1618,1615
1,1,75,RSA-SHA3-224_signed-by_ECDSA-SHA384,RSA-SHA3-224_signed-by_ECDSA-SHA384,5.194,6522.43,2550.45,0,0,0,114.364,24,2040.35,2000.09,1618,1617
1,4,90,RSA-SHA3-224_signed-by_ECDSA-SHA384,RSA-SHA3-224_signed-by_ECDSA-SHA384,5.046,6710.55,2625.25,0,0,0,114.364,24,2041.67,2028.93,1618,1615
1,1,76,RSA-SHA3-224_signed-by_ECDSA-SHA384,RSA-SHA3-224_signed-by_ECDSA-SHA384,5.057,6699.12,2619.54,0,0,0,114.364,24,2069.99,2003.88,1618,1617
1,4,91,RSA-SHA3-224_signed-by_ECDSA-SHA384,RSA-SHA3-224_signed-by_ECDSA-SHA384,5.1,6639.5,2597.45,0,0,0,114.364,24,2043.74,1993.54,1618,1615
1,1,77,RSA-SHA3-224_signed-by_ECDSA-SHA384,RSA-SHA3-224_signed-by_ECDSA-SHA384,5.081,6667.47,2607.16,0,0,0,114.364,24,2090.36,2007.01,1618,1617
1,4,92,RSA-SHA3-224_signed-by_ECDSA-SHA384,RSA-SHA3-224_signed-by_ECDSA-SHA384,5.17,6549.61,2562.29,0,0,0,114.364,24,2044.61,2036.57,1618,1615
1,1,78,RSA-SHA3-224_signed-by_ECDSA-SHA384,RSA-SHA3-224_signed-by_ECDSA-SHA384,5.024,6743.12,2636.74,0,0,0,114.364,24,2075.77,1994.34,1618,1617
1,4,93,RSA-SHA3-224_signed-by_ECDSA-SHA384,RSA-SHA3-224_signed-by_ECDSA-SHA384,6.698,5055.52,2221.42,0.357143,5,0.357143,102,24,2046.76,2021.35,1618,1615
1,1,79,RSA-SHA3-224_signed-by_ECDSA-SHA384,RSA-SHA3-224_signed-by_ECDSA-SHA384,7.814,4335.47,2303.38,0.333333,7,0.466667,111.6,24,2519.66,2509.15,1618,1617
1,4,94,RSA-SHA3-224_signed-by_ECDSA-SHA384,RSA-SHA3-224_signed-by_ECDSA-SHA384,5.525,6128.59,2397.58,0,0,0,114.364,24,2026.32,2025.69,1618,1615
1,1,80,RSA-SHA3-224_signed-by_ECDSA-SHA384,RSA-SHA3-224_signed-by_ECDSA-SHA384,5.067,6685.9,2936.43,0.357143,5,0.357143,102.571,24,2039.14,2018.59,1618,1617
1,4,95,RSA-SHA3-224_signed-by_ECDSA-SHA384,RSA-SHA3-224_signed-by_ECDSA-SHA384,6.161,5496.04,2921.35,0.333333,7,0.466667,110,24,2518.51,2480.51,1618,1615
1,1,81,RSA-SHA3-224_signed-by_ECDSA-SHA384,RSA-SHA3-224_signed-by_ECDSA-SHA384,5.16,6565.22,2567.18,0,0,0,114.364,24,2048.8,1986.59,1618,1617
1,4,96,RSA-SHA3-224_signed-by_ECDSA-SHA384,RSA-SHA3-224_signed-by_ECDSA-SHA384,5.066,6684.06,2614.88,0,0,0,114.364,24,2042.72,2016.58,1618,1615
1,1,82,RSA-SHA3-224_signed-by_ECDSA-SHA384,RSA-SHA3-224_signed-by_ECDSA-SHA384,5.414,6257.41,2446.82,0,0,0,114.364,24,2049.3,1999.76,1618,1617
1,4,97,RSA-SHA3-224_signed-by_ECDSA-SHA384,RSA-SHA3-224_signed-by_ECDSA-SHA384,5.117,6617.44,2588.82,0,0,0,114.364,24,2055.72,1997.89,1618,1615
1,1,83,RSA-SHA3-224_signed-by_ECDSA-SHA384,RSA-SHA3-224_signed-by_ECDSA-SHA384,5.196,6519.92,2549.47,0,0,0,114.364,24,2053.94,2027.88,1618,1617
1,4,98,RSA-SHA3-224_signed-by_ECDSA-SHA384,RSA-SHA3-224_signed-by_ECDSA-SHA384,5.181,6535.71,2556.85,0,0,0,114.364,24,2086.2,2018.45,1618,1615
1,1,84,RSA-SHA3-224_signed-by_ECDSA-SHA384,RSA-SHA3-224_signed-by_ECDSA-SHA384,5.244,6460.24,2526.13,0,0,0,115.091,24,2068.46,2005.47,1618,1617
1,4,99,RSA-SHA3-224_signed-by_ECDSA-SHA384,RSA-SHA3-224_signed-by_ECDSA-SHA384,5.132,6598.1,2581.26,0,0,0,114.364,24,2014.15,2000.01,1618,1615
1,1,85,RSA-SHA3-224_signed-by_ECDSA-SHA384,RSA-SHA3-224_signed-by_ECDSA-SHA384,5.049,6709.73,2623.69,0,0,0,114.364,24,2035.03,1997.93,1618,1617
1,1,86,RSA-SHA3-224_signed-by_ECDSA-SHA384,RSA-SHA3-224_signed-by_ECDSA-SHA384,5.017,6752.65,2640.47,0,0,0,114.364,24,2063.54,2010.3,1618,1617
1,1,87,RSA-SHA3-224_signed-by_ECDSA-SHA384,RSA-SHA3-224_signed-by_ECDSA-SHA384,5.121,6615.65,2586.9,0,0,0,114.364,24,2050.97,1999.88,1618,1617
1,1,88,RSA-SHA3-224_signed-by_ECDSA-SHA384,RSA-SHA3-224_signed-by_ECDSA-SHA384,5.17,6552.95,2562.38,0,0,0,114.364,24,2035.54,2010.53,1618,1617
1,1,89,RSA-SHA3-224_signed-by_ECDSA-SHA384,RSA-SHA3-224_signed-by_ECDSA-SHA384,5.153,6574.57,2570.83,0,0,0,114.364,24,2055.01,2000.81,1618,1617
1,1,90,RSA-SHA3-224_signed-by_ECDSA-SHA384,RSA-SHA3-224_signed-by_ECDSA-SHA384,5.073,6678.24,2611.37,0,0,0,114.364,24,2057.51,2006.97,1618,1617
1,1,91,RSA-SHA3-224_signed-by_ECDSA-SHA384,RSA-SHA3-224_signed-by_ECDSA-SHA384,5.076,6674.29,2609.83,0,0,0,115.091,24,2032.37,2005.79,1618,1617
1,1,92,RSA-SHA3-224_signed-by_ECDSA-SHA384,RSA-SHA3-224_signed-by_ECDSA-SHA384,5.104,6637.68,2595.51,0,0,0,114.364,24,2041.36,2000.43,1618,1617
1,1,93,RSA-SHA3-224_signed-by_ECDSA-SHA384,RSA-SHA3-224_signed-by_ECDSA-SHA384,5.082,6666.41,2606.75,0,0,0,114.364,24,2034.8,2006.05,1618,1617
1,1,94,RSA-SHA3-224_signed-by_ECDSA-SHA384,RSA-SHA3-224_signed-by_ECDSA-SHA384,5.002,6773.03,2648.44,0,0,0,114.364,24,2057.26,2005.43,1618,1617
1,1,95,RSA-SHA3-224_signed-by_ECDSA-SHA384,RSA-SHA3-224_signed-by_ECDSA-SHA384,5.572,6080.19,2377.52,0,0,0,114.364,24,2535.36,2484.73,1618,1617
1,1,96,RSA-SHA3-224_signed-by_ECDSA-SHA384,RSA-SHA3-224_signed-by_ECDSA-SHA384,5.11,6629.89,2592.47,0,0,0,114.364,24,2058.47,2006.7,1618,1617
1,1,97,RSA-SHA3-224_signed-by_ECDSA-SHA384,RSA-SHA3-224_signed-by_ECDSA-SHA384,5.021,6747.4,2638.42,0,0,0,114.364,24,2060.11,2002.83,1618,1617
1,1,98,RSA-SHA3-224_signed-by_ECDSA-SHA384,RSA-SHA3-224_signed-by_ECDSA-SHA384,6.184,5478.48,2142.24,0,0,0,114.364,24,2042.11,2012.64,1618,1617
1,1,99,RSA-SHA3-224_signed-by_ECDSA-SHA384,RSA-SHA3-224_signed-by_ECDSA-SHA384,5.107,6633.78,2593.99,0,0,0,114.364,24,2008.82,2012.59,1618,1617
