scenario,node_id,handshake_index,sta_cert_algo,ap_cert_algo,handshake_delay_ms,goodput_kbps,throughput_kbps,phy_frame_drop_rate,mac_retries,mac_retry_rate,tx_delay_us,prop_delay_ns,cert_verify_ap_us,cert_verify_sta_us,server_cert_msg_bytes,client_cert_msg_bytes
1,8,0,RSA-SHA224_signed-by_RSA-SHA256,RSA-SHA224_signed-by_RSA-SHA256,28.638,1460.71,599.481,0.714286,14,0.666667,197.81,14,1179.93,1234.37,2116,2113
1,3,0,RSA-SHA224_signed-by_RSA-SHA256,RSA-SHA224_signed-by_RSA-SHA256,43.751,956.127,392.398,1,14,0.666667,188.286,24,1202.73,1146.99,2116,2113
1,2,0,RSA-SHA224_signed-by_RSA-SHA256,RSA-SHA224_signed-by_RSA-SHA256,54.813,763.177,175.725,1,1,0.0625,226.75,24,1193.48,1198.86,2116,2113
1,6,0,RSA-SHA224_signed-by_RSA-SHA256,RSA-SHA224_signed-by_RSA-SHA256,64.837,645.186,140.413,1,0,0,164.667,8,1173.9,1174.79,2116,2113
1,7,0,RSA-SHA224_signed-by_RSA-SHA256,RSA-SHA224_signed-by_RSA-SHA256,68.331,612.194,133.233,1,0,0,155.867,16,1288.05,1152.05,2116,2113
1,5,0,RSA-SHA224_signed-by_RSA-SHA256,RSA-SHA224_signed-by_RSA-SHA256,72.655,575.759,147.986,1,8,0.421053,212.526,15,1138.7,1178.98,2116,2113
1,8,1,RSA-SHA224_signed-by_RSA-SHA256,RSA-SHA224_signed-by_RSA-SHA256,48.387,864.519,490.043,1,20,0.952381,1052.29,14,1137.93,1189.42,2116,2113
1,6,1,RSA-SHA224_signed-by_RSA-SHA256,RSA-SHA224_signed-by_RSA-SHA256,14.174,2951.19,916.567,1,0,0,138.8,8,1145.02,1233.54,2116,2113
1,3,1,RSA-SHA224_signed-by_RSA-SHA256,RSA-SHA224_signed-by_RSA-SHA256,36.76,1137.97,638.079,1,20,1,1036.8,24,1292.11,1099.12,2116,2113
1,2,1,RSA-SHA224_signed-by_RSA-SHA256,RSA-SHA224_signed-by_RSA-SHA256,27.188,1538.56,477.841,1,0,0,918.8,24,1157.48,1113.34,2116,2113
1,5,1,RSA-SHA224_signed-by_RSA-SHA256,RSA-SHA224_signed-by_RSA-SHA256,18.855,2218.56,1075.98,0.947368,11,0.578947,347.263,15,1255.69,1113.55,2116,2113
1,7,1,RSA-SHA224_signed-by_RSA-SHA256,RSA-SHA224_signed-by_RSA-SHA256,24.245,1725.35,1037.39,1,22,1.29412,240.588,16,1104.92,1116.03,2116,2113
1,6,2,RSA-SHA224_signed-by_RSA-SHA256,RSA-SHA224_signed-by_RSA-SHA256,14.096,2967.63,768.44,1,0,0,164.857,8,1156.14,1107.88,2116,2113
1,3,2,RSA-SHA224_signed-by_RSA-SHA256,RSA-SHA224_signed-by_RSA-SHA256,14.927,2802.4,870.357,1,4,0.4,138.8,24,1156.45,1244.97,2116,2113
1,1,0,RSA-SHA224_signed-by_RSA-SHA256,RSA-SHA224_signed-by_RSA-SHA256,100.006,418.294,170.229,1,13,0.5,239.231,24,1270.88,1173.42,2116,2113
1,8,2,RSA-SHA224_signed-by_RSA-SHA256,RSA-SHA224_signed-by_RSA-SHA256,23.492,1780.65,965.751,0.947368,15,0.789474,125.789,14,1143.81,1102.53,2116,2113
1,2,2,RSA-SHA224_signed-by_RSA-SHA256,RSA-SHA224_signed-by_RSA-SHA256,26.924,1553.66,659.022,1,7,0.5,183.714,24,1147.14,1217.41,2116,2113
1,5,2,RSA-SHA224_signed-by_RSA-SHA256,RSA-SHA224_signed-by_RSA-SHA256,22.26,1879.21,1019.21,1,15,0.789474,255.684,15,1257.49,1159.59,2116,2113
1,6,3,RSA-SHA224_signed-by_RSA-SHA256,RSA-SHA224_signed-by_RSA-SHA256,21.622,1934.65,724.432,1,0,0,182,8,1158.62,1100.42,2116,2113
1,3,3,RSA-SHA224_signed-by_RSA-SHA256,RSA-SHA224_signed-by_RSA-SHA256,20.412,2049.35,984.501,1,10,0.555556,171.333,24,1244.49,1117.89,2116,2113
1,8,3,RSA-SHA224_signed-by_RSA-SHA256,RSA-SHA224_signed-by_RSA-SHA256,17.441,2398.44,759.576,1,4,0.363636,139.455,14,1145.75,1111.36,2116,2113
1,2,3,RSA-SHA224_signed-by_RSA-SHA256,RSA-SHA224_signed-by_RSA-SHA256,10.054,4160.36,1292.11,1,0,0,203.6,24,1149.08,1106.46,2116,2113
1,6,4,RSA-SHA224_signed-by_RSA-SHA256,RSA-SHA224_signed-by_RSA-SHA256,6.926,6039.37,1912.64,0.727273,0,0,125.273,8,1158.93,1097.12,2116,2113
1,1,1,RSA-SHA224_signed-by_RSA-SHA256,RSA-SHA224_signed-by_RSA-SHA256,26.117,1601.66,795.775,1,15,0.882353,806.706,24,1145.32,1157.14,2116,2113
1,8,4,RSA-SHA224_signed-by_RSA-SHA256,RSA-SHA224_signed-by_RSA-SHA256,10.317,4054.41,1277.81,1,3,0.272727,243.818,14,1174.46,1176.59,2116,2113
1,2,4,RSA-SHA224_signed-by_RSA-SHA256,RSA-SHA224_signed-by_RSA-SHA256,9.946,4205.62,1394.64,1,8,0.533333,148.667,24,1152.34,1139.76,2116,2113
1,6,5,RSA-SHA224_signed-by_RSA-SHA256,RSA-SHA224_signed-by_RSA-SHA256,17.188,2433.68,797.731,1,1,0.0909091,131.091,8,1135.81,1131.15,2116,2113
1,8,5,RSA-SHA224_signed-by_RSA-SHA256,RSA-SHA224_signed-by_RSA-SHA256,20.955,1996.18,974.232,0.947368,7,0.368421,175.474,14,1224.63,1099.34,2116,2113
1,3,4,RSA-SHA224_signed-by_RSA-SHA256,RSA-SHA224_signed-by_RSA-SHA256,34.538,1211.16,629.552,1,18,0.947368,126.421,24,1148.17,1114.64,2116,2113
1,1,2,RSA-SHA224_signed-by_RSA-SHA256,RSA-SHA224_signed-by_RSA-SHA256,30.273,1381.79,1201.83,1,41,1.36667,1839.6,24,1161.84,1149.58,2116,2113
1,5,3,RSA-SHA224_signed-by_RSA-SHA256,RSA-SHA224_signed-by_RSA-SHA256,43.492,961.815,450.282,1,13,0.8125,392.25,15,1229.62,1149.2,2116,2113
1,2,5,RSA-SHA224_signed-by_RSA-SHA256,RSA-SHA224_signed-by_RSA-SHA256,29.275,1428.89,524.119,1,3,0.214286,504,24,1130.97,1104.82,2116,2113
1,6,6,RSA-SHA224_signed-by_RSA-SHA256,RSA-SHA224_signed-by_RSA-SHA256,20.756,2015.37,912.677,0.846154,11,0.846154,165.385,8,1180.64,1098.37,2116,2113
1,8,6,RSA-SHA224_signed-by_RSA-SHA256,RSA-SHA224_signed-by_RSA-SHA256,12.083,3462.05,1075.23,0.3,0,0,147.2,14,1140.83,1137.67,2116,2113
1,3,5,RSA-SHA224_signed-by_RSA-SHA256,RSA-SHA224_signed-by_RSA-SHA256,12.248,3415.4,1060.74,0,0,0,138.8,24,1182.06,1199.82,2116,2113
1,1,3,RSA-SHA224_signed-by_RSA-SHA256,RSA-SHA224_signed-by_RSA-SHA256,11.627,3597.54,1117.31,0.3,0,0,149.6,24,1115.54,1221.73,2116,2113
1,5,4,RSA-SHA224_signed-by_RSA-SHA256,RSA-SHA224_signed-by_RSA-SHA256,11.883,3520.04,1093.24,0.3,0,0,284,15,1175.77,1189.75,2116,2113
1,2,6,RSA-SHA224_signed-by_RSA-SHA256,RSA-SHA224_signed-by_RSA-SHA256,11.667,3585.22,1113.48,0.3,0,0,213.2,24,1167.03,1115.63,2116,2113
1,6,7,RSA-SHA224_signed-by_RSA-SHA256,RSA-SHA224_signed-by_RSA-SHA256,12.025,3478.48,1295.87,0.272727,7,0.636364,140.545,8,1144.21,1167.07,2116,2113
1,8,7,RSA-SHA224_signed-by_RSA-SHA256,RSA-SHA224_signed-by_RSA-SHA256,12.377,3379.55,1070.29,0.272727,0,0,139.455,14,1108.68,1117.28,2116,2113
1,3,6,RSA-SHA224_signed-by_RSA-SHA256,RSA-SHA224_signed-by_RSA-SHA256,12.44,3362.43,1044.29,0.3,0,0,138.8,24,1162.63,1109,2116,2113
1,1,4,RSA-SHA224_signed-by_RSA-SHA256,RSA-SHA224_signed-by_RSA-SHA256,11.376,3676.97,1141.98,0,0,0,149.6,24,1327.14,1150.68,2116,2113
1,5,5,RSA-SHA224_signed-by_RSA-SHA256,RSA-SHA224_signed-by_RSA-SHA256,11.321,3694.82,1147.52,0,0,0,284,15,1158.4,1147.76,2116,2113
1,2,7,RSA-SHA224_signed-by_RSA-SHA256,RSA-SHA224_signed-by_RSA-SHA256,11.656,3588.64,1114.54,0.3,0,0,203.6,24,1280.82,1115.13,2116,2113
1,7,2,RSA-SHA224_signed-by_RSA-SHA256,RSA-SHA224_signed-by_RSA-SHA256,90.017,464.712,207.783,1,16,0.842105,126.421,16,1142.93,1130.73,2116,2113
1,6,8,RSA-SHA224_signed-by_RSA-SHA256,RSA-SHA224_signed-by_RSA-SHA256,14.7,2845.7,1208.16,0.666667,7,0.388889,164.667,8,1230.56,1109.93,2116,2113
1,8,8,RSA-SHA224_signed-by_RSA-SHA256,RSA-SHA224_signed-by_RSA-SHA256,15.88,2634.24,834.251,1,0,0,129.636,14,1142.19,1124.23,2116,2113
1,3,7,RSA-SHA224_signed-by_RSA-SHA256,RSA-SHA224_signed-by_RSA-SHA256,15.48,2702.31,991.21,1,7,0.5,118.571,24,1170.8,1117.66,2116,2113
1,1,5,RSA-SHA224_signed-by_RSA-SHA256,RSA-SHA224_signed-by_RSA-SHA256,16.775,2493.66,789.731,1,0,0,139.455,24,1137.53,1171.12,2116,2113
1,7,3,RSA-SHA224_signed-by_RSA-SHA256,RSA-SHA224_signed-by_RSA-SHA256,14.686,2848.39,1062.22,0.6,3,0.2,197.733,16,1156.58,1148.01,2116,2113
1,5,6,RSA-SHA224_signed-by_RSA-SHA256,RSA-SHA224_signed-by_RSA-SHA256,17.373,2407.82,1090.4,1,11,0.846154,343.538,15,1141.49,1118.99,2116,2113
1,6,9,RSA-SHA224_signed-by_RSA-SHA256,RSA-SHA224_signed-by_RSA-SHA256,12.671,3301.39,1025.33,1,4,0.4,138.8,8,1112.93,1199.92,2116,2113
1,2,8,RSA-SHA224_signed-by_RSA-SHA256,RSA-SHA224_signed-by_RSA-SHA256,19.098,2190.33,929.077,1,7,0.5,183.714,24,1240,1115.11,2116,2113
1,8,9,RSA-SHA224_signed-by_RSA-SHA256,RSA-SHA224_signed-by_RSA-SHA256,12.313,3397.37,1055.14,1,0,0,138.8,14,1161.49,1089.23,2116,2113
1,3,8,RSA-SHA224_signed-by_RSA-SHA256,RSA-SHA224_signed-by_RSA-SHA256,12.302,3400.4,1056.08,1,0,0,138.8,24,1239.97,1139.16,2116,2113
1,1,6,RSA-SHA224_signed-by_RSA-SHA256,RSA-SHA224_signed-by_RSA-SHA256,10.559,3961.38,1254.55,1,0,0,161.273,24,1242.52,1104.95,2116,2113
1,8,10,RSA-SHA224_signed-by_RSA-SHA256,RSA-SHA224_signed-by_RSA-SHA256,11.821,3538.75,1130.18,1,0,0,121.667,14,1137.07,1132.55,2116,2113
1,5,7,RSA-SHA224_signed-by_RSA-SHA256,RSA-SHA224_signed-by_RSA-SHA256,18.089,2312.49,1254.2,1,15,0.789474,175.053,15,1235.4,1166.8,2116,2113
1,6,10,RSA-SHA224_signed-by_RSA-SHA256,RSA-SHA224_signed-by_RSA-SHA256,19.127,2186.99,1226.29,1,16,0.8,198,8,1111.11,1225.36,2116,2113
1,7,4,RSA-SHA224_signed-by_RSA-SHA256,RSA-SHA224_signed-by_RSA-SHA256,22.263,1878.92,879.632,1,13,0.8125,208.25,16,1129.94,1116.25,2116,2113
1,1,7,RSA-SHA224_signed-by_RSA-SHA256,RSA-SHA224_signed-by_RSA-SHA256,13.863,3017.51,937.165,0.8,0,0,149.6,24,1148.45,1165.46,2116,2113
1,3,9,RSA-SHA224_signed-by_RSA-SHA256,RSA-SHA224_signed-by_RSA-SHA256,18.382,2275.63,1354.33,1,22,1.375,246,24,1139.24,1147.85,2116,2113
1,2,9,RSA-SHA224_signed-by_RSA-SHA256,RSA-SHA224_signed-by_RSA-SHA256,22.444,1863.77,852.578,1,12,0.857143,233.429,24,1149.74,1107.72,2116,2113
1,8,11,RSA-SHA224_signed-by_RSA-SHA256,RSA-SHA224_signed-by_RSA-SHA256,13.093,3194.75,992.211,0.3,0,0,138.8,14,1143.83,1261.63,2116,2113
1,5,8,RSA-SHA224_signed-by_RSA-SHA256,RSA-SHA224_signed-by_RSA-SHA256,15.6,2681.51,832.81,0.3,0,0,203.6,15,1140.29,1142.49,2116,2113
1,6,11,RSA-SHA224_signed-by_RSA-SHA256,RSA-SHA224_signed-by_RSA-SHA256,14.205,2944.87,1066.66,0,0,0,204.154,8,1372.54,1112.93,2116,2113
1,1,8,RSA-SHA224_signed-by_RSA-SHA256,RSA-SHA224_signed-by_RSA-SHA256,12.637,3310.04,1028.02,0,0,0,149.6,24,1137.44,1128.73,2116,2113
1,7,5,RSA-SHA224_signed-by_RSA-SHA256,RSA-SHA224_signed-by_RSA-SHA256,14.332,2918.78,906.502,0,0,0,147.2,16,1166.48,1102.24,2116,2113
1,3,10,RSA-SHA224_signed-by_RSA-SHA256,RSA-SHA224_signed-by_RSA-SHA256,15.592,2682.89,833.241,0,0,0,138.8,24,1132.52,1103.07,2116,2113
1,2,10,RSA-SHA224_signed-by_RSA-SHA256,RSA-SHA224_signed-by_RSA-SHA256,14.994,2789.9,866.475,0,0,0,203.6,24,1204.58,1098.57,2116,2113
1,8,12,RSA-SHA224_signed-by_RSA-SHA256,RSA-SHA224_signed-by_RSA-SHA256,14.166,2952.98,917.123,0.6,4,0.4,138.8,14,1203.09,1198.39,2116,2113
1,5,9,RSA-SHA224_signed-by_RSA-SHA256,RSA-SHA224_signed-by_RSA-SHA256,11.032,3791.61,1177.58,0.6,0,0,203.6,15,1136.39,1109.02,2116,2113
1,6,12,RSA-SHA224_signed-by_RSA-SHA256,RSA-SHA224_signed-by_RSA-SHA256,11.249,3718.46,1154.86,0.6,0,0,138.8,8,1137.11,1165.37,2116,2113
1,1,9,RSA-SHA224_signed-by_RSA-SHA256,RSA-SHA224_signed-by_RSA-SHA256,11.39,3672.41,1140.56,0.6,0,0,149.6,24,1196.29,1188.59,2116,2113
1,3,11,RSA-SHA224_signed-by_RSA-SHA256,RSA-SHA224_signed-by_RSA-SHA256,9.963,4198.34,1303.9,0.9,4,0.4,138.8,24,1121.76,1168.54,2116,2113
1,7,6,RSA-SHA224_signed-by_RSA-SHA256,RSA-SHA224_signed-by_RSA-SHA256,15.887,2633.03,1264.9,0.666667,14,0.777778,114,16,1129.69,1132.72,2116,2113
1,2,11,RSA-SHA224_signed-by_RSA-SHA256,RSA-SHA224_signed-by_RSA-SHA256,12.83,3260.44,1012.61,1,0,0,203.6,24,1229.62,1115.24,2116,2113
1,5,10,RSA-SHA224_signed-by_RSA-SHA256,RSA-SHA224_signed-by_RSA-SHA256,12.167,3438.11,1067.79,0.6,0,0,203.6,15,1174.28,1151.25,2116,2113
1,6,13,RSA-SHA224_signed-by_RSA-SHA256,RSA-SHA224_signed-by_RSA-SHA256,12.105,3455.72,1390.48,0.5,2,0.166667,133.333,8,1139.66,1118.83,2116,2113
1,1,10,RSA-SHA224_signed-by_RSA-SHA256,RSA-SHA224_signed-by_RSA-SHA256,12.134,3447.47,1070.7,1,4,0.4,149.6,24,1140.81,1143.85,2116,2113
1,8,13,RSA-SHA224_signed-by_RSA-SHA256,RSA-SHA224_signed-by_RSA-SHA256,16.871,2479.45,1093.44,0.789474,11,0.578947,162.632,15,1149.75,1172.36,2116,2113
1,7,7,RSA-SHA224_signed-by_RSA-SHA256,RSA-SHA224_signed-by_RSA-SHA256,9.877,4234.95,1315.27,1,0,0,138.8,16,1180.77,1118.58,2116,2113
1,3,12,RSA-SHA224_signed-by_RSA-SHA256,RSA-SHA224_signed-by_RSA-SHA256,14.404,2904.15,1228.53,0.833333,10,0.555556,164.667,24,1214.46,1087.88,2116,2113
1,2,12,RSA-SHA224_signed-by_RSA-SHA256,RSA-SHA224_signed-by_RSA-SHA256,16.369,2555.48,1099.6,1,7,0.466667,174,24,1176.21,1128.39,2116,2113
1,5,11,RSA-SHA224_signed-by_RSA-SHA256,RSA-SHA224_signed-by_RSA-SHA256,13.667,3060.75,988.055,1,0,0,176,15,1165.35,1118.75,2116,2113
1,1,11,RSA-SHA224_signed-by_RSA-SHA256,RSA-SHA224_signed-by_RSA-SHA256,12.491,3348.93,1228.39,1,3,0.214286,209.143,24,1146.46,1169.78,2116,2113
1,7,8,RSA-SHA224_signed-by_RSA-SHA256,RSA-SHA224_signed-by_RSA-SHA256,14.098,2967.17,1088.36,1,7,0.5,118.571,16,1241.37,1130.25,2116,2113
1,3,13,RSA-SHA224_signed-by_RSA-SHA256,RSA-SHA224_signed-by_RSA-SHA256,15.149,2761.28,874.485,1,0,0,129.636,24,1147.05,1127.09,2116,2113
1,8,14,RSA-SHA224_signed-by_RSA-SHA256,RSA-SHA224_signed-by_RSA-SHA256,19.275,2170.18,796.023,1,4,0.285714,192.286,15,1226.17,1109.86,2116,2113
1,6,14,RSA-SHA224_signed-by_RSA-SHA256,RSA-SHA224_signed-by_RSA-SHA256,23.023,1816.96,1444.81,1,23,0.92,116.72,8,1144.71,1125.28,2116,2113
1,5,12,RSA-SHA224_signed-by_RSA-SHA256,RSA-SHA224_signed-by_RSA-SHA256,11.327,3692.81,1169.49,1,0,0,188.545,15,1215.73,1171.1,2116,2113
1,2,13,RSA-SHA224_signed-by_RSA-SHA256,RSA-SHA224_signed-by_RSA-SHA256,13.614,3072.69,1317.46,1,12,0.8,155.867,24,1145.32,1311.73,2116,2113
1,1,12,RSA-SHA224_signed-by_RSA-SHA256,RSA-SHA224_signed-by_RSA-SHA256,12.94,3232.74,1004.01,1,0,0,149.6,24,1166.29,1113.74,2116,2113
1,8,15,RSA-SHA224_signed-by_RSA-SHA256,RSA-SHA224_signed-by_RSA-SHA256,12.013,3481.96,1298.49,1,7,0.466667,113.2,15,1671.57,1649.25,2116,2113
1,3,14,RSA-SHA224_signed-by_RSA-SHA256,RSA-SHA224_signed-by_RSA-SHA256,15.191,2753.7,1352.36,1,15,0.75,106.4,24,1149.51,1176.89,2116,2113
1,5,13,RSA-SHA224_signed-by_RSA-SHA256,RSA-SHA224_signed-by_RSA-SHA256,15.76,2654.25,840.588,1,0,0,155.818,15,1138.2,1120.19,2116,2113
1,6,15,RSA-SHA224_signed-by_RSA-SHA256,RSA-SHA224_signed-by_RSA-SHA256,17.873,2340.45,807.453,1,2,0.166667,124.667,8,1609.93,1578.56,2116,2113
1,1,13,RSA-SHA224_signed-by_RSA-SHA256,RSA-SHA224_signed-by_RSA-SHA256,18.517,2259.03,715.424,1,0,0,150.364,24,1117.7,1113.77,2116,2113
1,7,9,RSA-SHA224_signed-by_RSA-SHA256,RSA-SHA224_signed-by_RSA-SHA256,27.858,1501.59,866.667,1,19,1,137.789,16,1144.5,1098.86,2116,2113
1,2,14,RSA-SHA224_signed-by_RSA-SHA256,RSA-SHA224_signed-by_RSA-SHA256,21.506,1945.05,1099.56,1,21,1,419.714,24,1156.17,1090.35,2116,2113
1,8,16,RSA-SHA224_signed-by_RSA-SHA256,RSA-SHA224_signed-by_RSA-SHA256,14.278,2929.78,909.918,0.9,0,0,138.8,15,1130.38,1259.68,2116,2113
1,3,15,RSA-SHA224_signed-by_RSA-SHA256,RSA-SHA224_signed-by_RSA-SHA256,14.664,2852.66,1210.02,0.642857,11,0.785714,128,24,1806.58,1646.73,2116,2113
1,5,14,RSA-SHA224_signed-by_RSA-SHA256,RSA-SHA224_signed-by_RSA-SHA256,14.344,2916.3,905.731,1,0,0,197.6,15,1126.62,1125.33,2116,2113
1,1,14,RSA-SHA224_signed-by_RSA-SHA256,RSA-SHA224_signed-by_RSA-SHA256,10.901,3837.12,1407.46,1,11,0.785714,127.143,24,1122.9,1135.06,2116,2113
1,7,10,RSA-SHA224_signed-by_RSA-SHA256,RSA-SHA224_signed-by_RSA-SHA256,10.884,3843.11,1245.02,1,7,0.538462,115.231,16,1138.88,1124.08,2116,2113
1,6,16,RSA-SHA224_signed-by_RSA-SHA256,RSA-SHA224_signed-by_RSA-SHA256,18.359,2278.47,966.466,1,7,0.5,127.143,8,1124.46,1119.45,2116,2113
1,8,17,RSA-SHA224_signed-by_RSA-SHA256,RSA-SHA224_signed-by_RSA-SHA256,12.663,3303.44,1480.83,1,2,0.166667,138,15,1127.33,1082.28,2116,2113
1,3,16,RSA-SHA224_signed-by_RSA-SHA256,RSA-SHA224_signed-by_RSA-SHA256,13.224,3163.29,1199.01,1,3,0.1875,246.75,24,1185.92,1131.15,2116,2113
1,7,11,RSA-SHA224_signed-by_RSA-SHA256,RSA-SHA224_signed-by_RSA-SHA256,10.475,3993.13,1539.52,1,1,0.0666667,183.067,16,1132.46,1126.97,2116,2113
1,5,15,RSA-SHA224_signed-by_RSA-SHA256,RSA-SHA224_signed-by_RSA-SHA256,17.295,2418.64,1051.83,1,8,0.5,121.25,15,1635.61,1590.08,2116,2113
1,2,15,RSA-SHA224_signed-by_RSA-SHA256,RSA-SHA224_signed-by_RSA-SHA256,25.381,1648.14,901.448,1,16,0.8,152.6,24,1653.07,1585.96,2116,2113
1,3,17,RSA-SHA224_signed-by_RSA-SHA256,RSA-SHA224_signed-by_RSA-SHA256,13.568,3083.07,976.392,0.363636,0,0,129.636,24,1134.11,1213.24,2116,2113
1,1,15,RSA-SHA224_signed-by_RSA-SHA256,RSA-SHA224_signed-by_RSA-SHA256,23.201,1803.02,1027.54,1,22,1,282.364,24,1630.53,1769.64,2116,2113
1,6,17,RSA-SHA224_signed-by_RSA-SHA256,RSA-SHA224_signed-by_RSA-SHA256,20.452,2045.3,1498.87,1,18,1,153.333,8,1118.27,1118.78,2116,2113
1,7,12,RSA-SHA224_signed-by_RSA-SHA256,RSA-SHA224_signed-by_RSA-SHA256,13.812,3028.64,940.623,0.3,0,0,138.8,16,1145.35,1093.99,2116,2113
1,8,18,RSA-SHA224_signed-by_RSA-SHA256,RSA-SHA224_signed-by_RSA-SHA256,23.399,1787.76,836.956,1,13,0.8125,146,15,1226.24,1162.02,2116,2113
1,5,16,RSA-SHA224_signed-by_RSA-SHA256,RSA-SHA224_signed-by_RSA-SHA256,13.647,3065.28,952.001,0.3,0,0,149.6,15,1109.86,1102.24,2116,2113
1,2,16,RSA-SHA224_signed-by_RSA-SHA256,RSA-SHA224_signed-by_RSA-SHA256,15.327,2729.26,1157.68,0.214286,7,0.5,148,24,1193.45,1138.49,2116,2113
1,3,18,RSA-SHA224_signed-by_RSA-SHA256,RSA-SHA224_signed-by_RSA-SHA256,12.155,3441.27,1262.26,0.642857,7,0.5,118.571,24,1122.27,1184.8,2116,2113
1,1,16,RSA-SHA224_signed-by_RSA-SHA256,RSA-SHA224_signed-by_RSA-SHA256,12.267,3410.09,1059.09,0.9,0,0,149.6,24,1236.42,1100.34,2116,2113
1,6,18,RSA-SHA224_signed-by_RSA-SHA256,RSA-SHA224_signed-by_RSA-SHA256,12.473,3353.78,1041.6,0.9,0,0,149.6,8,1191.29,1104.77,2116,2113
1,7,13,RSA-SHA224_signed-by_RSA-SHA256,RSA-SHA224_signed-by_RSA-SHA256,11.975,3493.27,1084.92,1,0,0,138.8,16,1181.44,1113.07,2116,2113
1,8,19,RSA-SHA224_signed-by_RSA-SHA256,RSA-SHA224_signed-by_RSA-SHA256,14.241,2937.39,930.258,1,0,0,129.636,15,1140.86,1121.99,2116,2113
1,5,17,RSA-SHA224_signed-by_RSA-SHA256,RSA-SHA224_signed-by_RSA-SHA256,16.462,2541.05,1077.85,1,7,0.5,136.571,15,1194.41,1265.45,2116,2113
1,2,17,RSA-SHA224_signed-by_RSA-SHA256,RSA-SHA224_signed-by_RSA-SHA256,14.582,2868.69,908.5,1,0,0,151.818,24,1154.54,1118.08,2116,2113
1,3,19,RSA-SHA224_signed-by_RSA-SHA256,RSA-SHA224_signed-by_RSA-SHA256,13.527,3092.45,1134.31,0.785714,7,0.5,276.571,24,1182.47,1089.69,2116,2113
1,1,17,RSA-SHA224_signed-by_RSA-SHA256,RSA-SHA224_signed-by_RSA-SHA256,12.186,3432.79,1066.14,1,4,0.4,149.6,24,1158.99,1096.81,2116,2113
1,7,14,RSA-SHA224_signed-by_RSA-SHA256,RSA-SHA224_signed-by_RSA-SHA256,14.683,2848.96,902.252,0.272727,0,0,129.636,16,1199.76,1140.29,2116,2113
1,6,19,RSA-SHA224_signed-by_RSA-SHA256,RSA-SHA224_signed-by_RSA-SHA256,16.234,2576.76,1166.91,1,11,0.846154,179.231,8,1138.67,1136.42,2116,2113
1,8,20,RSA-SHA224_signed-by_RSA-SHA256,RSA-SHA224_signed-by_RSA-SHA256,14.163,2953.56,917.304,1,0,0,138.8,15,1135.02,1110.12,2116,2113
1,5,18,RSA-SHA224_signed-by_RSA-SHA256,RSA-SHA224_signed-by_RSA-SHA256,11.237,3722.38,1173.17,1,5,0.454545,139.455,15,1125.38,1115.32,2116,2113
1,3,20,RSA-SHA224_signed-by_RSA-SHA256,RSA-SHA224_signed-by_RSA-SHA256,10.981,3809.16,1200.52,1,7,0.636364,129.636,24,1117.86,1094.33,2116,2113
1,6,20,RSA-SHA224_signed-by_RSA-SHA256,RSA-SHA224_signed-by_RSA-SHA256,8.757,4776.51,1607.7,1,1,0.0769231,125.077,8,1146.35,1113.56,2116,2113
1,7,15,RSA-SHA224_signed-by_RSA-SHA256,RSA-SHA224_signed-by_RSA-SHA256,11.269,3711.8,2596.63,1,17,0.944444,146,16,1593.65,1564.42,2116,2113
1,6,21,RSA-SHA224_signed-by_RSA-SHA256,RSA-SHA224_signed-by_RSA-SHA256,5.824,7182.09,2230.58,0.3,0,0,149.6,8,1143.42,1121.99,2116,2113
1,8,21,RSA-SHA224_signed-by_RSA-SHA256,RSA-SHA224_signed-by_RSA-SHA256,12.011,3482.79,1718.42,1,13,0.8125,140.5,15,1128.92,1088.85,2116,2113
1,2,18,RSA-SHA224_signed-by_RSA-SHA256,RSA-SHA224_signed-by_RSA-SHA256,23.024,1816.88,908.269,1,17,0.944444,141.556,24,1130.82,1116.36,2116,2113
1,5,19,RSA-SHA224_signed-by_RSA-SHA256,RSA-SHA224_signed-by_RSA-SHA256,15.454,2706.82,1009.43,1,3,0.2,197.733,15,1143.71,1093.22,2116,2113
1,7,16,RSA-SHA224_signed-by_RSA-SHA256,RSA-SHA224_signed-by_RSA-SHA256,13.713,3050.47,1132.92,0.8,4,0.266667,182,16,1120.03,1101.63,2116,2113
1,3,21,RSA-SHA224_signed-by_RSA-SHA256,RSA-SHA224_signed-by_RSA-SHA256,19.814,2111.15,1193.45,1,19,0.904762,282.762,24,1126.53,1104.82,2116,2113
1,8,22,RSA-SHA224_signed-by_RSA-SHA256,RSA-SHA224_signed-by_RSA-SHA256,10.352,4040.59,1279.64,1,0,0,139.455,15,1138.02,1094,2116,2113
1,6,22,RSA-SHA224_signed-by_RSA-SHA256,RSA-SHA224_signed-by_RSA-SHA256,12.849,3255.64,1380.95,1,11,0.785714,136.571,8,1142.76,1082.89,2116,2113
1,2,19,RSA-SHA224_signed-by_RSA-SHA256,RSA-SHA224_signed-by_RSA-SHA256,13.078,3198.62,1178.15,1,0,0,229.714,24,1137.17,1110.71,2116,2113
1,5,20,RSA-SHA224_signed-by_RSA-SHA256,RSA-SHA224_signed-by_RSA-SHA256,14.032,2981.11,1350.02,1,11,0.846154,179.231,15,1155.89,1105.38,2116,2113
1,7,17,RSA-SHA224_signed-by_RSA-SHA256,RSA-SHA224_signed-by_RSA-SHA256,10.43,4010.4,1245.53,1,0,0,138.8,16,1124.72,1096.62,2116,2113
1,8,23,RSA-SHA224_signed-by_RSA-SHA256,RSA-SHA224_signed-by_RSA-SHA256,11.356,3683.39,1584.93,0.4,7,0.466667,130,15,1125.01,1119.49,2116,2113
1,3,22,RSA-SHA224_signed-by_RSA-SHA256,RSA-SHA224_signed-by_RSA-SHA256,14.242,2937.19,1348.11,0.785714,11,0.785714,156.286,24,1130.54,1111.63,2116,2113
1,1,18,RSA-SHA224_signed-by_RSA-SHA256,RSA-SHA224_signed-by_RSA-SHA256,45.994,909.51,449.45,1,13,0.619048,170.381,24,1119.92,1087.13,2116,2113
1,6,23,RSA-SHA224_signed-by_RSA-SHA256,RSA-SHA224_signed-by_RSA-SHA256,15.67,2669.5,1298.76,0.631579,10,0.526316,178,8,1129.19,1115.8,2116,2113
1,2,20,RSA-SHA224_signed-by_RSA-SHA256,RSA-SHA224_signed-by_RSA-SHA256,14.269,2931.63,910.493,0.9,4,0.4,160.8,24,1128.76,1106.41,2116,2113
1,5,21,RSA-SHA224_signed-by_RSA-SHA256,RSA-SHA224_signed-by_RSA-SHA256,10.838,3859.46,1198.65,0.6,0,0,158.4,15,1126.91,1091.13,2116,2113
1,7,18,RSA-SHA224_signed-by_RSA-SHA256,RSA-SHA224_signed-by_RSA-SHA256,12.733,3285.32,1450.09,0.666667,8,0.533333,122.267,16,1155.83,1106.5,2116,2113
1,8,24,RSA-SHA224_signed-by_RSA-SHA256,RSA-SHA224_signed-by_RSA-SHA256,10.966,3814.39,1184.66,1,0,0,149.6,15,1140.3,1100.9,2116,2113
1,3,23,RSA-SHA224_signed-by_RSA-SHA256,RSA-SHA224_signed-by_RSA-SHA256,11.827,3536.71,1098.42,1,0,0,143.6,24,1138.35,1127.35,2116,2113
1,6,24,RSA-SHA224_signed-by_RSA-SHA256,RSA-SHA224_signed-by_RSA-SHA256,12.447,3360.77,1064.34,0.909091,0,0,139.455,8,1103.91,1110.5,2116,2113
1,1,19,RSA-SHA224_signed-by_RSA-SHA256,RSA-SHA224_signed-by_RSA-SHA256,15.908,2629.56,1712.81,0.590909,21,0.954545,135.636,24,1127.32,1091.08,2116,2113
1,5,22,RSA-SHA224_signed-by_RSA-SHA256,RSA-SHA224_signed-by_RSA-SHA256,14.57,2871.04,909.244,0.909091,0,0,139.455,15,1108.99,1118.31,2116,2113
1,7,19,RSA-SHA224_signed-by_RSA-SHA256,RSA-SHA224_signed-by_RSA-SHA256,13.277,3150.66,1412.34,0.5,2,0.166667,138,16,1127.11,1086.34,2116,2113
1,2,21,RSA-SHA224_signed-by_RSA-SHA256,RSA-SHA224_signed-by_RSA-SHA256,17.607,2375.8,882.347,0.666667,4,0.266667,266.267,24,1103.3,1106.54,2116,2113
1,8,25,RSA-SHA224_signed-by_RSA-SHA256,RSA-SHA224_signed-by_RSA-SHA256,14.214,2942.96,914.011,0.8,0,0,149.6,15,1133.02,1111.19,2116,2113
1,3,24,RSA-SHA224_signed-by_RSA-SHA256,RSA-SHA224_signed-by_RSA-SHA256,12.356,3385.53,1051.46,0.5,0,0,138.8,24,1144.85,1089.5,2116,2113
1,6,25,RSA-SHA224_signed-by_RSA-SHA256,RSA-SHA224_signed-by_RSA-SHA256,13.262,3154.21,979.622,1,0,0,148.4,8,1136,1145.62,2116,2113
1,1,20,RSA-SHA224_signed-by_RSA-SHA256,RSA-SHA224_signed-by_RSA-SHA256,15.45,2707.42,857.428,1,4,0.363636,139.455,24,1126.35,1102.68,2116,2113
1,5,23,RSA-SHA224_signed-by_RSA-SHA256,RSA-SHA224_signed-by_RSA-SHA256,14.046,2978.07,943.139,1,0,0,139.455,15,1103.8,1099.6,2116,2113
1,3,25,RSA-SHA224_signed-by_RSA-SHA256,RSA-SHA224_signed-by_RSA-SHA256,12.581,3324.82,1526.02,1,11,0.785714,162.286,24,1141.22,1132.02,2116,2113
1,6,26,RSA-SHA224_signed-by_RSA-SHA256,RSA-SHA224_signed-by_RSA-SHA256,8.652,4834.78,1501.57,1,0,0,138.8,9,1134.17,1106.78,2116,2113
1,2,22,RSA-SHA224_signed-by_RSA-SHA256,RSA-SHA224_signed-by_RSA-SHA256,19.592,2135.12,941.591,1,8,0.470588,128.588,24,1136.25,1124.57,2116,2113
1,8,26,RSA-SHA224_signed-by_RSA-SHA256,RSA-SHA224_signed-by_RSA-SHA256,22.929,1824.37,691.51,1,10,0.625,111.5,15,1167.84,1122.21,2116,2113
1,5,24,RSA-SHA224_signed-by_RSA-SHA256,RSA-SHA224_signed-by_RSA-SHA256,15.702,2664.03,1206.43,1,11,0.846154,179.231,15,1123.65,1102.58,2116,2113
1,1,21,RSA-SHA224_signed-by_RSA-SHA256,RSA-SHA224_signed-by_RSA-SHA256,19.021,2199.16,1243.2,1,25,1.19048,294,24,1097.4,1107.85,2116,2113
1,3,26,RSA-SHA224_signed-by_RSA-SHA256,RSA-SHA224_signed-by_RSA-SHA256,16.227,2577.85,1167.4,1,11,0.846154,196.462,24,1131.15,1105.97,2116,2113
1,2,23,RSA-SHA224_signed-by_RSA-SHA256,RSA-SHA224_signed-by_RSA-SHA256,14.989,2790.79,2058,1,33,1.73684,260.105,24,1127.15,1099.87,2116,2113
1,5,25,RSA-SHA224_signed-by_RSA-SHA256,RSA-SHA224_signed-by_RSA-SHA256,11.538,3625.53,1126,1,0,0,149.6,15,1135.43,1137.1,2116,2113
1,6,27,RSA-SHA224_signed-by_RSA-SHA256,RSA-SHA224_signed-by_RSA-SHA256,23.817,1756.38,1311.32,1,35,1.66667,185.429,9,1128.21,1104.16,2116,2113
1,8,27,RSA-SHA224_signed-by_RSA-SHA256,RSA-SHA224_signed-by_RSA-SHA256,16.646,2512.93,1254.3,1,8,0.421053,179.053,15,1136.92,1092.46,2116,2113
1,7,20,RSA-SHA224_signed-by_RSA-SHA256,RSA-SHA224_signed-by_RSA-SHA256,44.397,942.214,847.614,1,47,1.80769,179.231,16,1102.03,1103.21,2116,2113
1,1,22,RSA-SHA224_signed-by_RSA-SHA256,RSA-SHA224_signed-by_RSA-SHA256,15.068,2776.15,1018.29,0.785714,3,0.214286,210.857,24,1134.44,1088.88,2116,2113
1,2,24,RSA-SHA224_signed-by_RSA-SHA256,RSA-SHA224_signed-by_RSA-SHA256,12.714,3290.19,1021.85,0.8,0,0,163.2,24,1125.96,1104.49,2116,2113
1,3,27,RSA-SHA224_signed-by_RSA-SHA256,RSA-SHA224_signed-by_RSA-SHA256,20.552,2035.33,931.059,1,12,0.857143,185.143,24,1108.41,1122.29,2116,2113
1,8,28,RSA-SHA224_signed-by_RSA-SHA256,RSA-SHA224_signed-by_RSA-SHA256,12.195,3430.22,1086.33,0.272727,0,0,139.455,15,1103.44,1087.11,2116,2113
1,6,28,RSA-SHA224_signed-by_RSA-SHA256,RSA-SHA224_signed-by_RSA-SHA256,15.086,2772.84,1255.71,1,11,0.846154,165.385,9,1107.91,1101.76,2116,2113
1,5,26,RSA-SHA224_signed-by_RSA-SHA256,RSA-SHA224_signed-by_RSA-SHA256,17.475,2393.76,1030.02,0.866667,7,0.466667,130,15,1131.73,1097.77,2116,2113
1,7,21,RSA-SHA224_signed-by_RSA-SHA256,RSA-SHA224_signed-by_RSA-SHA256,13.659,3062.56,951.156,0.8,0,0,138.8,16,1129.21,1110.86,2116,2113
1,1,23,RSA-SHA224_signed-by_RSA-SHA256,RSA-SHA224_signed-by_RSA-SHA256,14.149,2956.49,918.215,1,0,0,149.6,24,1125.43,1109.76,2116,2113
1,2,25,RSA-SHA224_signed-by_RSA-SHA256,RSA-SHA224_signed-by_RSA-SHA256,12.527,3339.34,1037.12,0.8,4,0.4,163.2,24,1124.58,1105.72,2116,2113
1,3,28,RSA-SHA224_signed-by_RSA-SHA256,RSA-SHA224_signed-by_RSA-SHA256,12.429,3365.41,1045.21,0.8,0,0,163.2,24,1128.74,1117.92,2116,2113
1,6,29,RSA-SHA224_signed-by_RSA-SHA256,RSA-SHA224_signed-by_RSA-SHA256,10.36,4037.53,1253.96,0.3,0,0,140,9,1246.7,1095.18,2116,2113
1,8,29,RSA-SHA224_signed-by_RSA-SHA256,RSA-SHA224_signed-by_RSA-SHA256,13.99,2990.12,1354.1,0.615385,11,0.846154,178.308,15,1133,1147.77,2116,2113
1,5,27,RSA-SHA224_signed-by_RSA-SHA256,RSA-SHA224_signed-by_RSA-SHA256,12.793,3269.89,1015.55,0.8,0,0,148.4,15,1109.16,1106.72,2116,2113
1,7,22,RSA-SHA224_signed-by_RSA-SHA256,RSA-SHA224_signed-by_RSA-SHA256,13.414,3118.51,987.616,0.727273,0,0,129.636,16,1124.62,1090.81,2116,2113
1,2,26,RSA-SHA224_signed-by_RSA-SHA256,RSA-SHA224_signed-by_RSA-SHA256,13.202,3168.57,1162.23,0.357143,3,0.214286,229.714,24,1130.06,1107,2116,2113
1,1,24,RSA-SHA224_signed-by_RSA-SHA256,RSA-SHA224_signed-by_RSA-SHA256,15.518,2695.65,837.202,1,0,0,149.6,24,1123.35,1103.66,2116,2113
1,3,29,RSA-SHA224_signed-by_RSA-SHA256,RSA-SHA224_signed-by_RSA-SHA256,14.654,2854.6,1047.07,1,7,0.5,138.571,24,1131.06,1112.11,2116,2113
1,6,30,RSA-SHA224_signed-by_RSA-SHA256,RSA-SHA224_signed-by_RSA-SHA256,15.593,2682.67,996.32,1,8,0.533333,113.2,9,1128.76,1124.73,2116,2113
1,8,30,RSA-SHA224_signed-by_RSA-SHA256,RSA-SHA224_signed-by_RSA-SHA256,17.998,2324.17,1132.53,1,13,0.866667,150.533,15,1135.1,1121.76,2116,2113
1,5,28,RSA-SHA224_signed-by_RSA-SHA256,RSA-SHA224_signed-by_RSA-SHA256,16.446,2543.51,805.519,1,0,0,139.455,15,1146.04,1123.45,2116,2113
1,7,23,RSA-SHA224_signed-by_RSA-SHA256,RSA-SHA224_signed-by_RSA-SHA256,15.617,2678.53,848.279,1,0,0,129.636,16,1126.78,1097.38,2116,2113
1,2,27,RSA-SHA224_signed-by_RSA-SHA256,RSA-SHA224_signed-by_RSA-SHA256,16.215,2579.75,1195.89,1,12,0.8,175.333,24,1131.27,1106.52,2116,2113
1,1,25,RSA-SHA224_signed-by_RSA-SHA256,RSA-SHA224_signed-by_RSA-SHA256,15.627,2676.82,994.147,1,12,0.8,121.2,24,1110.03,1112.14,2116,2113
1,3,30,RSA-SHA224_signed-by_RSA-SHA256,RSA-SHA224_signed-by_RSA-SHA256,12.433,3364.54,1523.66,1,11,0.846154,196.462,24,1129.97,1099.27,2116,2113
1,6,31,RSA-SHA224_signed-by_RSA-SHA256,RSA-SHA224_signed-by_RSA-SHA256,12.972,3224.74,1313.58,1,9,0.529412,106.235,9,1612.18,1605.79,2116,2113
1,8,31,RSA-SHA224_signed-by_RSA-SHA256,RSA-SHA224_signed-by_RSA-SHA256,13.115,3189.58,1100.4,1,2,0.166667,124.667,15,1577.48,1573.04,2116,2113
1,5,29,RSA-SHA224_signed-by_RSA-SHA256,RSA-SHA224_signed-by_RSA-SHA256,12.344,3388.81,1088.78,1,5,0.416667,122,15,1164.94,1091.03,2116,2113
1,7,24,RSA-SHA224_signed-by_RSA-SHA256,RSA-SHA224_signed-by_RSA-SHA256,14.54,2876.96,968.339,1,1,0.0769231,112.769,16,1135.81,1147.2,2116,2113
1,6,32,RSA-SHA224_signed-by_RSA-SHA256,RSA-SHA224_signed-by_RSA-SHA256,8.051,5195.34,1637.39,1,4,0.363636,129.636,9,1128.78,1112.64,2116,2113
1,8,32,RSA-SHA224_signed-by_RSA-SHA256,RSA-SHA224_signed-by_RSA-SHA256,16.323,2562.69,871.385,1,1,0.0769231,116.769,15,1139.15,1133.78,2116,2113
1,3,31,RSA-SHA224_signed-by_RSA-SHA256,RSA-SHA224_signed-by_RSA-SHA256,28.019,1492.96,1331.64,1,44,1.83333,211.5,24,1582.18,1578.41,2116,2113
1,6,33,RSA-SHA224_signed-by_RSA-SHA256,RSA-SHA224_signed-by_RSA-SHA256,17.651,2369.88,1275.36,1,17,0.772727,152.545,9,1136.51,1121.19,2116,2113
1,1,26,RSA-SHA224_signed-by_RSA-SHA256,RSA-SHA224_signed-by_RSA-SHA256,31.085,1345.7,826.102,1,26,1,190.923,24,1149.08,1131.44,2116,2113
1,7,25,RSA-SHA224_signed-by_RSA-SHA256,RSA-SHA224_signed-by_RSA-SHA256,23.146,1807.24,840.544,1,11,0.733333,148.4,16,1130.25,1110.18,2116,2113
1,5,30,RSA-SHA224_signed-by_RSA-SHA256,RSA-SHA224_signed-by_RSA-SHA256,26.694,1567.08,1056.71,1,27,1.125,221.333,15,1126.9,1113.53,2116,2113
1,2,28,RSA-SHA224_signed-by_RSA-SHA256,RSA-SHA224_signed-by_RSA-SHA256,37.498,1115.57,659.232,1,22,1,181.091,24,1150.58,1099.24,2116,2113
1,8,33,RSA-SHA224_signed-by_RSA-SHA256,RSA-SHA224_signed-by_RSA-SHA256,17.867,2341.23,1074.58,1,11,0.785714,156.286,15,1126.35,1111.8,2116,2113
1,3,32,RSA-SHA224_signed-by_RSA-SHA256,RSA-SHA224_signed-by_RSA-SHA256,14.273,2930.81,1327.24,1,11,0.846154,196.462,24,1146.14,1196.56,2116,2113
1,1,27,RSA-SHA224_signed-by_RSA-SHA256,RSA-SHA224_signed-by_RSA-SHA256,12.53,3338.52,1209.25,0.384615,0,0,244.462,24,1098.55,1107.5,2116,2113
1,6,34,RSA-SHA224_signed-by_RSA-SHA256,RSA-SHA224_signed-by_RSA-SHA256,16.202,2581.84,1169.21,0.769231,11,0.846154,165.385,9,1124.28,1149.38,2116,2113
1,7,26,RSA-SHA224_signed-by_RSA-SHA256,RSA-SHA224_signed-by_RSA-SHA256,13.478,3103.67,1405.53,0.384615,11,0.846154,165.385,16,1141.42,1100.34,2116,2113
1,5,31,RSA-SHA224_signed-by_RSA-SHA256,RSA-SHA224_signed-by_RSA-SHA256,14.481,2888.71,1059.58,0.928571,7,0.5,118.571,15,1618.72,1559.81,2116,2113
1,2,29,RSA-SHA224_signed-by_RSA-SHA256,RSA-SHA224_signed-by_RSA-SHA256,12.718,3289.17,1021.54,0.8,0,0,147.2,24,1128.67,1089.22,2116,2113
1,8,34,RSA-SHA224_signed-by_RSA-SHA256,RSA-SHA224_signed-by_RSA-SHA256,14.139,2958.59,936.97,1,0,0,129.636,15,1123.93,1168.73,2116,2113
1,3,33,RSA-SHA224_signed-by_RSA-SHA256,RSA-SHA224_signed-by_RSA-SHA256,14.402,2904.55,902.084,1,0,0,163.2,24,1132.06,1108.18,2116,2113
1,1,28,RSA-SHA224_signed-by_RSA-SHA256,RSA-SHA224_signed-by_RSA-SHA256,14.712,2843.35,1042.94,1,11,0.785714,138.571,24,1125.18,1133.93,2116,2113
1,6,35,RSA-SHA224_signed-by_RSA-SHA256,RSA-SHA224_signed-by_RSA-SHA256,15.982,2617.38,1407.55,1,14,0.777778,122,9,1124.67,1117.31,2116,2113
1,7,27,RSA-SHA224_signed-by_RSA-SHA256,RSA-SHA224_signed-by_RSA-SHA256,16.048,2606.61,1196.38,1,15,1.07143,156.286,16,1124.95,1107.48,2116,2113
1,5,32,RSA-SHA224_signed-by_RSA-SHA256,RSA-SHA224_signed-by_RSA-SHA256,15.932,2625.58,1201.07,1,18,1.28571,156.286,15,1127.19,1194.24,2116,2113
1,2,30,RSA-SHA224_signed-by_RSA-SHA256,RSA-SHA224_signed-by_RSA-SHA256,18.279,2288.45,1050.35,1,11,0.785714,185.143,24,1148.55,1120.43,2116,2113
1,8,35,RSA-SHA224_signed-by_RSA-SHA256,RSA-SHA224_signed-by_RSA-SHA256,13.696,3054.26,948.58,1,4,0.4,138.8,15,1137.93,1112.19,2116,2113
1,6,36,RSA-SHA224_signed-by_RSA-SHA256,RSA-SHA224_signed-by_RSA-SHA256,10.07,4153.76,1290.06,1,0,0,138.8,9,1127,1092.35,2116,2113
1,7,28,RSA-SHA224_signed-by_RSA-SHA256,RSA-SHA224_signed-by_RSA-SHA256,10.063,4156.62,1524.65,1,3,0.214286,192.286,16,1267.69,1109.29,2116,2113
1,5,33,RSA-SHA224_signed-by_RSA-SHA256,RSA-SHA224_signed-by_RSA-SHA256,13.047,3206.18,1200.55,1,0,0,182,15,1155.23,1108.28,2116,2113
1,2,31,RSA-SHA224_signed-by_RSA-SHA256,RSA-SHA224_signed-by_RSA-SHA256,11.577,3613.34,1131.89,1,0,0,129.273,24,1607,1586.02,2116,2113
1,1,29,RSA-SHA224_signed-by_RSA-SHA256,RSA-SHA224_signed-by_RSA-SHA256,21.879,1911.96,1298.04,1,28,1.12,227.28,24,1122.61,1201.57,2116,2113
1,3,34,RSA-SHA224_signed-by_RSA-SHA256,RSA-SHA224_signed-by_RSA-SHA256,23.199,1803.16,1242.8,1,27,1.17391,150.522,24,1129.32,1103.05,2116,2113
1,8,36,RSA-SHA224_signed-by_RSA-SHA256,RSA-SHA224_signed-by_RSA-SHA256,15.425,2711.86,994.714,0.928571,3,0.214286,192.286,15,1131.4,1106.04,2116,2113
1,7,29,RSA-SHA224_signed-by_RSA-SHA256,RSA-SHA224_signed-by_RSA-SHA256,12.483,3351.07,1040.76,1,0,0,138.8,16,1157.14,1108.07,2116,2113
1,6,37,RSA-SHA224_signed-by_RSA-SHA256,RSA-SHA224_signed-by_RSA-SHA256,17.11,2444.77,1122.1,1,11,0.785714,156.286,9,1120.96,1113.75,2116,2113
1,2,32,RSA-SHA224_signed-by_RSA-SHA256,RSA-SHA224_signed-by_RSA-SHA256,10.668,3921.18,1217.82,1,4,0.4,138.8,24,1132.1,1084.32,2116,2113
1,3,35,RSA-SHA224_signed-by_RSA-SHA256,RSA-SHA224_signed-by_RSA-SHA256,11.366,3680.4,1165.57,1,0,0,151.818,24,1122.34,1117.22,2116,2113
1,1,30,RSA-SHA224_signed-by_RSA-SHA256,RSA-SHA224_signed-by_RSA-SHA256,13.282,3149.44,978.14,1,0,0,147.2,24,1126.91,1086.8,2116,2113
1,5,34,RSA-SHA224_signed-by_RSA-SHA256,RSA-SHA224_signed-by_RSA-SHA256,19.432,2152.65,1353.59,1,25,1.13636,129.636,15,1130.59,1099.63,2116,2113
1,8,37,RSA-SHA224_signed-by_RSA-SHA256,RSA-SHA224_signed-by_RSA-SHA256,17.04,2454.83,1137.98,1,18,1.2,148.4,15,1133.18,1107,2116,2113
1,7,30,RSA-SHA224_signed-by_RSA-SHA256,RSA-SHA224_signed-by_RSA-SHA256,17.669,2367.43,1070.3,1,9,0.529412,112.353,16,1116.88,1095.52,2116,2113
1,6,38,RSA-SHA224_signed-by_RSA-SHA256,RSA-SHA224_signed-by_RSA-SHA256,15.994,2615.4,812.28,1,4,0.4,138.8,9,1124.62,1120.26,2116,2113
1,1,31,RSA-SHA224_signed-by_RSA-SHA256,RSA-SHA224_signed-by_RSA-SHA256,13.393,3123.37,989.158,1,0,0,151.818,24,1582.43,1586.26,2116,2113
1,2,33,RSA-SHA224_signed-by_RSA-SHA256,RSA-SHA224_signed-by_RSA-SHA256,17.544,2384.32,1416.28,1,17,0.772727,160.182,24,1100.87,1116.41,2116,2113
1,5,35,RSA-SHA224_signed-by_RSA-SHA256,RSA-SHA224_signed-by_RSA-SHA256,11.42,3662.99,1137.64,1,0,0,138.8,15,1138.53,1085.17,2116,2113
1,3,36,RSA-SHA224_signed-by_RSA-SHA256,RSA-SHA224_signed-by_RSA-SHA256,18.239,2293.47,1309.68,1,19,1.05556,171.111,24,1131.46,1116.68,2116,2113
1,8,38,RSA-SHA224_signed-by_RSA-SHA256,RSA-SHA224_signed-by_RSA-SHA256,12.602,3319.46,1202.34,0.461538,0,0,204.154,15,1125.32,1107.42,2116,2113
1,7,31,RSA-SHA224_signed-by_RSA-SHA256,RSA-SHA224_signed-by_RSA-SHA256,14.404,2904.15,1231.86,0.428571,7,0.5,127.143,16,1602.43,1595.21,2116,2113
1,6,39,RSA-SHA224_signed-by_RSA-SHA256,RSA-SHA224_signed-by_RSA-SHA256,13.874,3015.1,1124.39,0.4,3,0.2,182,9,1123.85,1104,2116,2113
1,1,32,RSA-SHA224_signed-by_RSA-SHA256,RSA-SHA224_signed-by_RSA-SHA256,12.465,3355.94,1042.27,0.6,4,0.4,159.6,24,1134.81,1093.05,2116,2113
1,2,34,RSA-SHA224_signed-by_RSA-SHA256,RSA-SHA224_signed-by_RSA-SHA256,12.886,3246.3,1008.22,0.6,0,0,138.8,24,1129.25,1145.34,2116,2113
1,5,36,RSA-SHA224_signed-by_RSA-SHA256,RSA-SHA224_signed-by_RSA-SHA256,13.059,3203.31,829.466,0.857143,0,0,175.143,15,1129.93,1112.57,2116,2113
1,3,37,RSA-SHA224_signed-by_RSA-SHA256,RSA-SHA224_signed-by_RSA-SHA256,14.033,2980.97,925.817,1,0,0,163.2,24,1127.87,1108.86,2116,2113
1,6,40,RSA-SHA224_signed-by_RSA-SHA256,RSA-SHA224_signed-by_RSA-SHA256,10.987,3807.17,1182.41,0.9,0,0,138.8,9,1108.43,1104.91,2116,2113
1,2,35,RSA-SHA224_signed-by_RSA-SHA256,RSA-SHA224_signed-by_RSA-SHA256,10.532,3971.64,1233.5,0.9,0,0,138.8,24,1140.41,1087.43,2116,2113
1,7,32,RSA-SHA224_signed-by_RSA-SHA256,RSA-SHA224_signed-by_RSA-SHA256,13.574,3081.58,1335.41,0.5625,9,0.5625,117.5,16,1145.17,1095.7,2116,2113
1,5,37,RSA-SHA224_signed-by_RSA-SHA256,RSA-SHA224_signed-by_RSA-SHA256,10.647,3928.75,1447.08,0.642857,0,0,192.286,15,1118.57,1101.82,2116,2113
1,3,38,RSA-SHA224_signed-by_RSA-SHA256,RSA-SHA224_signed-by_RSA-SHA256,9.539,4385.04,1361.89,1,0,0,163.2,24,1125.38,1098.47,2116,2113
1,6,41,RSA-SHA224_signed-by_RSA-SHA256,RSA-SHA224_signed-by_RSA-SHA256,11.74,3563.17,1527.75,1,12,0.8,121.2,9,1131.24,1106.76,2116,2113
1,2,36,RSA-SHA224_signed-by_RSA-SHA256,RSA-SHA224_signed-by_RSA-SHA256,11.545,3623.33,2185.5,1,23,0.958333,107,24,1125.72,1086.76,2116,2113
1,7,33,RSA-SHA224_signed-by_RSA-SHA256,RSA-SHA224_signed-by_RSA-SHA256,12.215,3424.55,1093.71,1,0,0,121.667,16,1129.95,1103.82,2116,2113
1,1,33,RSA-SHA224_signed-by_RSA-SHA256,RSA-SHA224_signed-by_RSA-SHA256,25.161,1662.56,625.09,1,5,0.3125,200.5,24,1153.38,1110.66,2116,2113
1,5,38,RSA-SHA224_signed-by_RSA-SHA256,RSA-SHA224_signed-by_RSA-SHA256,15.828,2642.78,1952.9,1,25,1.31579,185.789,15,1177.77,1135.52,2116,2113
1,3,39,RSA-SHA224_signed-by_RSA-SHA256,RSA-SHA224_signed-by_RSA-SHA256,19.124,2187.4,1424.8,1,21,0.954545,159.273,24,1126.38,1106.64,2116,2113
1,2,37,RSA-SHA224_signed-by_RSA-SHA256,RSA-SHA224_signed-by_RSA-SHA256,12.917,3238.46,1045.42,1,0,0,122,24,1126.98,1121.58,2116,2113
1,8,39,RSA-SHA224_signed-by_RSA-SHA256,RSA-SHA224_signed-by_RSA-SHA256,42.034,995.177,394.721,1,5,0.333333,111.333,15,1137.2,1095.18,2116,2113
1,7,34,RSA-SHA224_signed-by_RSA-SHA256,RSA-SHA224_signed-by_RSA-SHA256,13.81,3029.05,802.882,1,0,0,149,16,1130.52,1111.02,2116,2113
1,1,34,RSA-SHA224_signed-by_RSA-SHA256,RSA-SHA224_signed-by_RSA-SHA256,13.676,3058.74,949.969,1,0,0,138.8,24,1256.29,1086.13,2116,2113
1,5,39,RSA-SHA224_signed-by_RSA-SHA256,RSA-SHA224_signed-by_RSA-SHA256,15.89,2632.53,1192.16,1,11,0.846154,165.385,15,1097.25,1158.38,2116,2113
1,6,42,RSA-SHA224_signed-by_RSA-SHA256,RSA-SHA224_signed-by_RSA-SHA256,25.547,1637.42,1476.15,1,41,1.28125,192,9,1117.05,1118,2116,2113
1,3,40,RSA-SHA224_signed-by_RSA-SHA256,RSA-SHA224_signed-by_RSA-SHA256,14.429,2899.1,918.133,1,4,0.363636,151.818,24,1133.25,1116.77,2116,2113
1,8,40,RSA-SHA224_signed-by_RSA-SHA256,RSA-SHA224_signed-by_RSA-SHA256,11.734,3564.73,1107.12,1,4,0.4,149.6,16,1125.02,1092.45,2116,2113
1,1,35,RSA-SHA224_signed-by_RSA-SHA256,RSA-SHA224_signed-by_RSA-SHA256,11.161,3747.74,1163.96,0.6,0,0,138.8,24,1098.36,1106.12,2116,2113
1,7,35,RSA-SHA224_signed-by_RSA-SHA256,RSA-SHA224_signed-by_RSA-SHA256,13.074,3199.62,1158.94,0.846154,0,0,204.154,16,1133.83,1098.86,2116,2113
1,2,38,RSA-SHA224_signed-by_RSA-SHA256,RSA-SHA224_signed-by_RSA-SHA256,17.506,2389.51,1422.1,1,26,1.625,196.5,24,1184.81,1111.78,2116,2113
1,5,40,RSA-SHA224_signed-by_RSA-SHA256,RSA-SHA224_signed-by_RSA-SHA256,13.838,3022.94,938.851,1,0,0,138.8,15,1211.08,1163.09,2116,2113
1,6,43,RSA-SHA224_signed-by_RSA-SHA256,RSA-SHA224_signed-by_RSA-SHA256,12.203,3428,1454.07,0.714286,11,0.785714,127.143,9,1180.57,1152.5,2116,2113
1,3,41,RSA-SHA224_signed-by_RSA-SHA256,RSA-SHA224_signed-by_RSA-SHA256,12.183,3433.62,1280.47,0.666667,3,0.2,216.933,24,1174.16,1175.78,2116,2113
1,7,36,RSA-SHA224_signed-by_RSA-SHA256,RSA-SHA224_signed-by_RSA-SHA256,10.44,4006.87,1268.96,1,0,0,129.636,16,1164.33,1225.86,2116,2113
1,1,36,RSA-SHA224_signed-by_RSA-SHA256,RSA-SHA224_signed-by_RSA-SHA256,12.769,3276.01,1017.45,1,0,0,138.8,24,1137.55,1128.83,2116,2113
1,8,41,RSA-SHA224_signed-by_RSA-SHA256,RSA-SHA224_signed-by_RSA-SHA256,17.438,2398.83,1061.56,1,7,0.368421,176.737,16,1199.34,1125.93,2116,2113
1,2,39,RSA-SHA224_signed-by_RSA-SHA256,RSA-SHA224_signed-by_RSA-SHA256,15.842,2640.52,980.663,1,4,0.266667,182,24,1275.32,1133.63,2116,2113
1,3,42,RSA-SHA224_signed-by_RSA-SHA256,RSA-SHA224_signed-by_RSA-SHA256,12.4,3373.54,1047.74,1,0,0,163.2,24,1175.53,1170.55,2116,2113
1,5,41,RSA-SHA224_signed-by_RSA-SHA256,RSA-SHA224_signed-by_RSA-SHA256,15.464,2705.07,1163.97,0.8,7,0.466667,121.2,15,1106.91,1098.13,2116,2113
1,7,37,RSA-SHA224_signed-by_RSA-SHA256,RSA-SHA224_signed-by_RSA-SHA256,13.493,3100.27,962.867,1,0,0,138.8,16,1168.67,1112.37,2116,2113
1,1,37,RSA-SHA224_signed-by_RSA-SHA256,RSA-SHA224_signed-by_RSA-SHA256,13.002,3217.34,1013.99,1,4,0.363636,129.636,24,1164.35,1170.25,2116,2113
1,6,44,RSA-SHA224_signed-by_RSA-SHA256,RSA-SHA224_signed-by_RSA-SHA256,18.95,2207.43,1261.39,0.954545,21,0.954545,236.909,9,1149.03,1176.58,2116,2113
1,8,42,RSA-SHA224_signed-by_RSA-SHA256,RSA-SHA224_signed-by_RSA-SHA256,12.632,3311.58,1037.36,0.818182,0,0,139.091,16,1301.63,1140.27,2116,2113
1,2,40,RSA-SHA224_signed-by_RSA-SHA256,RSA-SHA224_signed-by_RSA-SHA256,12.928,3235.74,1004.94,1,4,0.4,138.8,24,1249.62,1122.01,2116,2113
1,3,43,RSA-SHA224_signed-by_RSA-SHA256,RSA-SHA224_signed-by_RSA-SHA256,11.256,3716.11,1154.13,1,0,0,154.4,24,1117.13,1127.24,2116,2113
1,5,42,RSA-SHA224_signed-by_RSA-SHA256,RSA-SHA224_signed-by_RSA-SHA256,12.573,3327.12,1033.32,1,0,0,138.8,15,1152.49,1160.21,2116,2113
1,1,38,RSA-SHA224_signed-by_RSA-SHA256,RSA-SHA224_signed-by_RSA-SHA256,11.465,3648.36,1321.48,0.384615,3,0.230769,204.154,24,1167.77,1158.4,2116,2113
1,6,45,RSA-SHA224_signed-by_RSA-SHA256,RSA-SHA224_signed-by_RSA-SHA256,9.708,4308.66,1349.7,0.363636,0,0,188.182,9,1129.82,1094.08,2116,2113
1,7,38,RSA-SHA224_signed-by_RSA-SHA256,RSA-SHA224_signed-by_RSA-SHA256,15.114,2767.71,1123.17,1,12,1.09091,177.636,16,1122.08,1117.9,2116,2113
1,8,43,RSA-SHA224_signed-by_RSA-SHA256,RSA-SHA224_signed-by_RSA-SHA256,12.072,3465.2,1092.11,0.818182,5,0.454545,139.455,16,1144.29,1092.99,2116,2113
1,3,44,RSA-SHA224_signed-by_RSA-SHA256,RSA-SHA224_signed-by_RSA-SHA256,13.002,3217.32,999.221,1,0,0,163.2,24,1144.63,1125.62,2116,2113
1,5,43,RSA-SHA224_signed-by_RSA-SHA256,RSA-SHA224_signed-by_RSA-SHA256,13.436,3113.39,966.942,1,0,0,138.8,15,1141.16,1118.07,2116,2113
1,2,41,RSA-SHA224_signed-by_RSA-SHA256,RSA-SHA224_signed-by_RSA-SHA256,18.983,2203.58,942.286,0.789474,11,0.578947,158,24,1243.13,1113.45,2116,2113
1,6,46,RSA-SHA224_signed-by_RSA-SHA256,RSA-SHA224_signed-by_RSA-SHA256,13.389,3124.33,970.341,1,0,0,203.6,9,1149.98,1085.47,2116,2113
1,7,39,RSA-SHA224_signed-by_RSA-SHA256,RSA-SHA224_signed-by_RSA-SHA256,15.162,2758.96,1483.69,0.5,14,0.777778,179.333,16,1187.16,1124.79,2116,2113
1,1,39,RSA-SHA224_signed-by_RSA-SHA256,RSA-SHA224_signed-by_RSA-SHA256,20.262,2064.5,947.561,1,11,0.785714,157.143,24,1148.89,1119.3,2116,2113
1,8,44,RSA-SHA224_signed-by_RSA-SHA256,RSA-SHA224_signed-by_RSA-SHA256,19.916,2100.36,783.267,0.6,3,0.2,197.733,16,1162.18,1118.4,2116,2113
1,3,45,RSA-SHA224_signed-by_RSA-SHA256,RSA-SHA224_signed-by_RSA-SHA256,15.144,2762.26,857.89,0.6,0,0,163.2,24,1154.13,1117.38,2116,2113
1,5,44,RSA-SHA224_signed-by_RSA-SHA256,RSA-SHA224_signed-by_RSA-SHA256,13.188,3171.73,985.063,0.6,0,0,138.8,15,1181.33,1162.83,2116,2113
1,2,42,RSA-SHA224_signed-by_RSA-SHA256,RSA-SHA224_signed-by_RSA-SHA256,12.989,3220.32,1181.22,0.428571,7,0.5,118.571,24,1143.23,1120.84,2116,2113
1,6,47,RSA-SHA224_signed-by_RSA-SHA256,RSA-SHA224_signed-by_RSA-SHA256,16.708,2503.65,792.893,0.545455,0,0,188.545,9,1607,1758.56,2116,2113
1,7,40,RSA-SHA224_signed-by_RSA-SHA256,RSA-SHA224_signed-by_RSA-SHA256,13.035,3209.17,1162.39,0.461538,0,0,204.154,16,1229.97,1126.55,2116,2113
1,1,40,RSA-SHA224_signed-by_RSA-SHA256,RSA-SHA224_signed-by_RSA-SHA256,13.081,3197.81,1356.43,0.642857,11,0.785714,127.143,24,1152.19,1121.77,2116,2113
1,8,45,RSA-SHA224_signed-by_RSA-SHA256,RSA-SHA224_signed-by_RSA-SHA256,9.875,4236.11,1315.63,0.9,4,0.4,149.6,16,1107.53,1118.17,2116,2113
1,3,46,RSA-SHA224_signed-by_RSA-SHA256,RSA-SHA224_signed-by_RSA-SHA256,11.449,3653.71,1134.75,1,4,0.4,163.2,24,1141.3,1207.52,2116,2113
1,5,45,RSA-SHA224_signed-by_RSA-SHA256,RSA-SHA224_signed-by_RSA-SHA256,10.705,3907.67,1213.63,1,4,0.4,138.8,15,1147.89,1128.78,2116,2113
1,2,43,RSA-SHA224_signed-by_RSA-SHA256,RSA-SHA224_signed-by_RSA-SHA256,11.228,3725.62,1179.89,0.909091,0,0,129.636,24,1275.41,1090.73,2116,2113
1,7,41,RSA-SHA224_signed-by_RSA-SHA256,RSA-SHA224_signed-by_RSA-SHA256,13.06,3203,1014.37,1,0,0,129.636,16,1169.69,1108.91,2116,2113
1,3,47,RSA-SHA224_signed-by_RSA-SHA256,RSA-SHA224_signed-by_RSA-SHA256,12.876,3248.79,1191.66,1,3,0.214286,226.286,24,1629.33,1693.95,2116,2113
1,8,46,RSA-SHA224_signed-by_RSA-SHA256,RSA-SHA224_signed-by_RSA-SHA256,15.595,2682.33,983.88,1,3,0.214286,209.143,16,1128.91,1150.9,2116,2113
1,6,48,RSA-SHA224_signed-by_RSA-SHA256,RSA-SHA224_signed-by_RSA-SHA256,19.286,2168.94,929.962,1,8,0.533333,174,9,1128.22,1120.83,2116,2113
1,1,41,RSA-SHA224_signed-by_RSA-SHA256,RSA-SHA224_signed-by_RSA-SHA256,18.251,2291.97,1295.67,1,25,1.19048,247.524,24,1134.76,1094.23,2116,2113
1,5,46,RSA-SHA224_signed-by_RSA-SHA256,RSA-SHA224_signed-by_RSA-SHA256,15.837,2641.35,1481.05,1,24,1.2,246,15,1166.57,1109.61,2116,2113
1,2,44,RSA-SHA224_signed-by_RSA-SHA256,RSA-SHA224_signed-by_RSA-SHA256,18.163,2303.07,1057.06,1,15,1.07143,156.286,24,1161.16,1103.2,2116,2113
1,7,42,RSA-SHA224_signed-by_RSA-SHA256,RSA-SHA224_signed-by_RSA-SHA256,14.275,2930.42,928.05,1,0,0,129.636,16,1156.96,1113.98,2116,2113
1,1,42,RSA-SHA224_signed-by_RSA-SHA256,RSA-SHA224_signed-by_RSA-SHA256,12.129,3448.9,1286.16,1,3,0.2,182,24,1209.95,1118.01,2116,2113
1,8,47,RSA-SHA224_signed-by_RSA-SHA256,RSA-SHA224_signed-by_RSA-SHA256,15.64,2674.64,1134.51,1,7,0.5,136.571,16,1649.03,1594.98,2116,2113
1,3,48,RSA-SHA224_signed-by_RSA-SHA256,RSA-SHA224_signed-by_RSA-SHA256,16.006,2613.47,1199.53,1,11,0.785714,169.143,24,1146.06,1085.15,2116,2113
1,6,49,RSA-SHA224_signed-by_RSA-SHA256,RSA-SHA224_signed-by_RSA-SHA256,16.784,2492.3,1128.66,1,11,0.846154,248.462,9,1147,1133.3,2116,2113
1,5,47,RSA-SHA224_signed-by_RSA-SHA256,RSA-SHA224_signed-by_RSA-SHA256,18.949,2207.54,947.353,1,10,0.526316,158,15,1702.75,1612.66,2116,2113
1,7,43,RSA-SHA224_signed-by_RSA-SHA256,RSA-SHA224_signed-by_RSA-SHA256,15.327,2729.21,864.329,1,0,0,129.636,16,1119.65,1140.66,2116,2113
1,2,45,RSA-SHA224_signed-by_RSA-SHA256,RSA-SHA224_signed-by_RSA-SHA256,19.05,2195.82,1231.24,1,20,1,258,24,1135.91,1097.92,2116,2113
1,3,49,RSA-SHA224_signed-by_RSA-SHA256,RSA-SHA224_signed-by_RSA-SHA256,12.433,3364.54,1044.95,1,0,0,149.6,24,1155.01,1114.26,2116,2113
1,1,43,RSA-SHA224_signed-by_RSA-SHA256,RSA-SHA224_signed-by_RSA-SHA256,15.92,2627.56,1420.06,1,14,0.736842,117.368,24,1145.69,1300.24,2116,2113
1,6,50,RSA-SHA224_signed-by_RSA-SHA256,RSA-SHA224_signed-by_RSA-SHA256,15.184,2754.95,1108.51,1,2,0.166667,194,9,1108.62,1114.85,2116,2113
1,5,48,RSA-SHA224_signed-by_RSA-SHA256,RSA-SHA224_signed-by_RSA-SHA256,12.462,3356.71,1042.51,1,0,0,140,15,1129.87,1186.61,2116,2113
1,7,44,RSA-SHA224_signed-by_RSA-SHA256,RSA-SHA224_signed-by_RSA-SHA256,12.121,3451.19,1092.98,0.909091,0,0,129.636,16,1131.44,1098.41,2116,2113
1,2,46,RSA-SHA224_signed-by_RSA-SHA256,RSA-SHA224_signed-by_RSA-SHA256,12.873,3249.55,1009.23,1,0,0,138.8,24,1126.85,1141.43,2116,2113
1,3,50,RSA-SHA224_signed-by_RSA-SHA256,RSA-SHA224_signed-by_RSA-SHA256,12.346,3388.28,1570.7,0.933333,12,0.8,160.4,24,1173.23,1111.75,2116,2113
1,1,44,RSA-SHA224_signed-by_RSA-SHA256,RSA-SHA224_signed-by_RSA-SHA256,13.393,3123.39,989.165,0.727273,0,0,129.636,24,1149.36,1135.58,2116,2113
1,8,48,RSA-SHA224_signed-by_RSA-SHA256,RSA-SHA224_signed-by_RSA-SHA256,28.834,1450.76,835.108,1,20,1.05263,147.263,16,1132.2,1106.96,2116,2113
1,6,51,RSA-SHA224_signed-by_RSA-SHA256,RSA-SHA224_signed-by_RSA-SHA256,15.426,2711.71,1150.23,1,7,0.5,183.714,9,1152.42,1120.16,2116,2113
1,5,49,RSA-SHA224_signed-by_RSA-SHA256,RSA-SHA224_signed-by_RSA-SHA256,14.775,2831.2,879.302,1,0,0,138.8,15,1194.35,1143.63,2116,2113
1,2,47,RSA-SHA224_signed-by_RSA-SHA256,RSA-SHA224_signed-by_RSA-SHA256,11.929,3506.46,1089.02,1,4,0.4,140,24,1660.19,1570.37,2116,2113
1,3,51,RSA-SHA224_signed-by_RSA-SHA256,RSA-SHA224_signed-by_RSA-SHA256,11.43,3659.53,947.601,1,0,0,175.143,24,1182.4,1089.33,2116,2113
1,7,45,RSA-SHA224_signed-by_RSA-SHA256,RSA-SHA224_signed-by_RSA-SHA256,16.332,2561.28,1450.85,1,18,1.05882,149.529,16,1175.24,1130.38,2116,2113
1,8,49,RSA-SHA224_signed-by_RSA-SHA256,RSA-SHA224_signed-by_RSA-SHA256,11.917,3510.26,1412.43,0.333333,2,0.166667,141.333,16,1165.9,1148.14,2116,2113
1,6,52,RSA-SHA224_signed-by_RSA-SHA256,RSA-SHA224_signed-by_RSA-SHA256,10.662,3923.13,1015.86,1,0,0,247.143,9,1151.88,1130.87,2116,2113
1,5,50,RSA-SHA224_signed-by_RSA-SHA256,RSA-SHA224_signed-by_RSA-SHA256,10.843,3857.63,1414.98,1,7,0.5,118.571,15,1169.81,1206.62,2116,2113
1,1,45,RSA-SHA224_signed-by_RSA-SHA256,RSA-SHA224_signed-by_RSA-SHA256,17.196,2432.58,1112.78,1,12,0.857143,156.286,24,1208.66,1105.89,2116,2113
1,2,48,RSA-SHA224_signed-by_RSA-SHA256,RSA-SHA224_signed-by_RSA-SHA256,15.307,2732.78,1002.38,1,3,0.214286,223.714,24,1133.58,1171.6,2116,2113
1,3,52,RSA-SHA224_signed-by_RSA-SHA256,RSA-SHA224_signed-by_RSA-SHA256,15.78,2650.85,1273.46,1,8,0.444444,122,24,1140.95,1116.47,2116,2113
1,7,46,RSA-SHA224_signed-by_RSA-SHA256,RSA-SHA224_signed-by_RSA-SHA256,16.142,2591.4,1099.2,1,7,0.5,127.143,16,1153.88,1082.19,2116,2113
1,8,50,RSA-SHA224_signed-by_RSA-SHA256,RSA-SHA224_signed-by_RSA-SHA256,13.71,3051.12,808.732,1,0,0,158,16,1136.64,1147.78,2116,2113
1,5,51,RSA-SHA224_signed-by_RSA-SHA256,RSA-SHA224_signed-by_RSA-SHA256,10.444,4005.36,1037.15,0,0,0,164.857,15,1196.69,1130.83,2116,2113
1,1,46,RSA-SHA224_signed-by_RSA-SHA256,RSA-SHA224_signed-by_RSA-SHA256,16.073,2602.58,840.153,0.75,0,0,123,24,1144.98,1132.9,2116,2113
1,6,53,RSA-SHA224_signed-by_RSA-SHA256,RSA-SHA224_signed-by_RSA-SHA256,19.826,2109.9,1173.37,1,17,0.894737,382,9,1133.73,1189.85,2116,2113
1,2,49,RSA-SHA224_signed-by_RSA-SHA256,RSA-SHA224_signed-by_RSA-SHA256,16.827,2485.97,772.081,1,0,0,138.8,24,1136.17,1162.37,2116,2113
1,8,51,RSA-SHA224_signed-by_RSA-SHA256,RSA-SHA224_signed-by_RSA-SHA256,13.332,3137.5,1136.44,0.923077,0,0,204.154,16,1113.01,1111.36,2116,2113
1,3,53,RSA-SHA224_signed-by_RSA-SHA256,RSA-SHA224_signed-by_RSA-SHA256,17.046,2454.03,762.163,1,0,0,149.6,24,1140.65,1128.98,2116,2113
1,7,47,RSA-SHA224_signed-by_RSA-SHA256,RSA-SHA224_signed-by_RSA-SHA256,18.237,2293.76,983.478,1,14,0.933333,121.2,16,1587.56,1606.66,2116,2113
1,5,52,RSA-SHA224_signed-by_RSA-SHA256,RSA-SHA224_signed-by_RSA-SHA256,16.832,2485.22,1408.72,1,18,0.857143,226.571,15,1098.81,1144.37,2116,2113
1,1,47,RSA-SHA224_signed-by_RSA-SHA256,RSA-SHA224_signed-by_RSA-SHA256,11.862,3526.55,1111.45,1,5,0.454545,129.636,24,1684.82,1585.32,2116,2113
1,6,54,RSA-SHA224_signed-by_RSA-SHA256,RSA-SHA224_signed-by_RSA-SHA256,12.111,3454.01,1081.98,1,0,0,188.182,9,1156.32,1116.15,2116,2113
1,8,52,RSA-SHA224_signed-by_RSA-SHA256,RSA-SHA224_signed-by_RSA-SHA256,12.641,3309.14,1418.84,1,8,0.533333,121.2,16,1180.95,1110.18,2116,2113
1,2,50,RSA-SHA224_signed-by_RSA-SHA256,RSA-SHA224_signed-by_RSA-SHA256,14.936,2800.65,1200.81,1,12,0.8,121.2,24,1157.52,1169.34,2116,2113
1,7,48,RSA-SHA224_signed-by_RSA-SHA256,RSA-SHA224_signed-by_RSA-SHA256,11.372,3678.42,1957.04,0.809524,14,0.666667,158,16,1149.24,1117.05,2116,2113
1,5,53,RSA-SHA224_signed-by_RSA-SHA256,RSA-SHA224_signed-by_RSA-SHA256,12.783,3272.37,1016.32,1,1,0.1,138.8,15,1129.67,1116.93,2116,2113
1,1,48,RSA-SHA224_signed-by_RSA-SHA256,RSA-SHA224_signed-by_RSA-SHA256,13.19,3171.37,1523.52,1,14,0.777778,171.333,24,1104.83,1097.7,2116,2113
1,6,55,RSA-SHA224_signed-by_RSA-SHA256,RSA-SHA224_signed-by_RSA-SHA256,11.638,3594.36,1116.32,1,4,0.4,196.4,9,1166.8,1106.1,2116,2113
1,3,54,RSA-SHA224_signed-by_RSA-SHA256,RSA-SHA224_signed-by_RSA-SHA256,19.761,2116.9,1225.04,1,18,0.947368,148.526,24,1150.32,1126.38,2116,2113
1,8,53,RSA-SHA224_signed-by_RSA-SHA256,RSA-SHA224_signed-by_RSA-SHA256,10.576,3955.36,1228.44,1,0,0,138.8,16,1319.5,1182.17,2116,2113
1,7,49,RSA-SHA224_signed-by_RSA-SHA256,RSA-SHA224_signed-by_RSA-SHA256,9.188,4552.46,1413.88,0.7,0,0,164,16,1197.38,1159.35,2116,2113
1,5,54,RSA-SHA224_signed-by_RSA-SHA256,RSA-SHA224_signed-by_RSA-SHA256,10.61,3942.36,1902.95,0.642857,3,0.214286,158.857,15,1175.76,1191.55,2116,2113
1,1,49,RSA-SHA224_signed-by_RSA-SHA256,RSA-SHA224_signed-by_RSA-SHA256,12.373,3380.87,1240.1,0.5,3,0.214286,192.286,24,1139.06,1132.9,2116,2113
1,2,51,RSA-SHA224_signed-by_RSA-SHA256,RSA-SHA224_signed-by_RSA-SHA256,18.438,2268.69,852.983,1,9,0.5625,173,24,1138.15,1114.51,2116,2113
1,6,56,RSA-SHA224_signed-by_RSA-SHA256,RSA-SHA224_signed-by_RSA-SHA256,15.048,2779.82,1036.65,1,7,0.466667,182,9,1137.95,1209.88,2116,2113
1,8,54,RSA-SHA224_signed-by_RSA-SHA256,RSA-SHA224_signed-by_RSA-SHA256,15.787,2649.68,1156.35,1,7,0.4375,116,16,1135.23,1161.98,2116,2113
1,7,50,RSA-SHA224_signed-by_RSA-SHA256,RSA-SHA224_signed-by_RSA-SHA256,15.324,2729.75,894.777,1,1,0.0909091,131.091,16,1149.79,1095.54,2116,2113
1,5,55,RSA-SHA224_signed-by_RSA-SHA256,RSA-SHA224_signed-by_RSA-SHA256,12.988,3220.74,1000.28,1,4,0.4,142.4,15,1103.17,1084.32,2116,2113
1,3,55,RSA-SHA224_signed-by_RSA-SHA256,RSA-SHA224_signed-by_RSA-SHA256,22.53,1856.71,1018.37,1,15,0.75,121.4,24,1142.93,1110.54,2116,2113
1,6,57,RSA-SHA224_signed-by_RSA-SHA256,RSA-SHA224_signed-by_RSA-SHA256,14.028,2981.94,1432.52,0.833333,10,0.555556,171.333,9,1110.09,1107.01,2116,2113
1,2,52,RSA-SHA224_signed-by_RSA-SHA256,RSA-SHA224_signed-by_RSA-SHA256,16.562,2525.68,1213.33,1,10,0.555556,171.333,24,1128.4,1103.64,2116,2113
1,1,50,RSA-SHA224_signed-by_RSA-SHA256,RSA-SHA224_signed-by_RSA-SHA256,19.373,2159.19,1298.24,1,22,1.29412,185.059,24,1123.82,1096.24,2116,2113
1,8,55,RSA-SHA224_signed-by_RSA-SHA256,RSA-SHA224_signed-by_RSA-SHA256,12.312,3397.6,1055.21,0.6,0,0,138.8,16,1098.55,1109.06,2116,2113
1,7,51,RSA-SHA224_signed-by_RSA-SHA256,RSA-SHA224_signed-by_RSA-SHA256,13.738,3044.91,807.085,0.75,0,0,149,16,1130.25,1149.12,2116,2113
1,5,56,RSA-SHA224_signed-by_RSA-SHA256,RSA-SHA224_signed-by_RSA-SHA256,13.437,3113.13,1156.18,0.6,8,0.533333,197.733,15,1114.38,1108.59,2116,2113
1,3,56,RSA-SHA224_signed-by_RSA-SHA256,RSA-SHA224_signed-by_RSA-SHA256,13.525,3092.87,1400.63,1,15,1.15385,179.231,24,1136.21,1111.65,2116,2113
1,2,53,RSA-SHA224_signed-by_RSA-SHA256,RSA-SHA224_signed-by_RSA-SHA256,11.934,3505.22,1088.64,1,0,0,138.8,24,1104.05,1377.08,2116,2113
1,7,52,RSA-SHA224_signed-by_RSA-SHA256,RSA-SHA224_signed-by_RSA-SHA256,10.072,4153.22,1559.94,1,5,0.3125,172.75,16,1116.77,1118.55,2116,2113
1,1,51,RSA-SHA224_signed-by_RSA-SHA256,RSA-SHA224_signed-by_RSA-SHA256,15.039,2781.45,1196.84,1,7,0.466667,130,24,1130.02,1104.11,2116,2113
1,8,56,RSA-SHA224_signed-by_RSA-SHA256,RSA-SHA224_signed-by_RSA-SHA256,15.565,2687.46,1474.02,1,15,0.75,113.6,16,1312.15,1099.3,2116,2113
1,5,57,RSA-SHA224_signed-by_RSA-SHA256,RSA-SHA224_signed-by_RSA-SHA256,14.123,2961.86,1104.54,1,7,0.466667,197.733,15,1144.72,1119.94,2116,2113
1,6,58,RSA-SHA224_signed-by_RSA-SHA256,RSA-SHA224_signed-by_RSA-SHA256,28.673,1458.89,881.638,1,14,0.7,122.6,9,1127.27,1117.96,2116,2113
1,3,57,RSA-SHA224_signed-by_RSA-SHA256,RSA-SHA224_signed-by_RSA-SHA256,22.126,1890.59,1982.07,1,45,1.18421,144,24,1130.36,1113.9,2116,2113
1,7,53,RSA-SHA224_signed-by_RSA-SHA256,RSA-SHA224_signed-by_RSA-SHA256,16.926,2471.37,906.501,1,3,0.214286,192.286,16,1155.48,1096.3,2116,2113
1,2,54,RSA-SHA224_signed-by_RSA-SHA256,RSA-SHA224_signed-by_RSA-SHA256,20.53,2037.6,972.622,1,11,0.647059,135.412,24,1203.9,1093.6,2116,2113
1,8,57,RSA-SHA224_signed-by_RSA-SHA256,RSA-SHA224_signed-by_RSA-SHA256,15.333,2728.14,847.294,1,0,0,164,16,1151.98,1130.35,2116,2113
1,5,58,RSA-SHA224_signed-by_RSA-SHA256,RSA-SHA224_signed-by_RSA-SHA256,15.925,2626.72,1111.17,1,10,0.555556,178.444,15,1169.08,1101.09,2116,2113
1,1,52,RSA-SHA224_signed-by_RSA-SHA256,RSA-SHA224_signed-by_RSA-SHA256,20.773,2013.68,1484.94,1,33,1.73684,202.842,24,1125.27,1130.8,2116,2113
1,6,59,RSA-SHA224_signed-by_RSA-SHA256,RSA-SHA224_signed-by_RSA-SHA256,15.557,2688.89,835.103,1,0,0,163.2,9,1144.35,1210.21,2116,2113
1,7,54,RSA-SHA224_signed-by_RSA-SHA256,RSA-SHA224_signed-by_RSA-SHA256,14.452,2894.51,1241.06,1,8,0.533333,121.2,16,1133.7,1112.27,2116,2113
1,3,58,RSA-SHA224_signed-by_RSA-SHA256,RSA-SHA224_signed-by_RSA-SHA256,17.193,2433.03,770.53,1,0,0,139.455,24,1121.39,1113.39,2116,2113
1,5,59,RSA-SHA224_signed-by_RSA-SHA256,RSA-SHA224_signed-by_RSA-SHA256,15.265,2740.34,1162.38,1,7,0.5,127.143,15,1116.55,1116.02,2116,2113
1,8,58,RSA-SHA224_signed-by_RSA-SHA256,RSA-SHA224_signed-by_RSA-SHA256,18.056,2316.73,1063.33,1,11,0.785714,156.286,16,1156.55,1096.55,2116,2113
1,1,53,RSA-SHA224_signed-by_RSA-SHA256,RSA-SHA224_signed-by_RSA-SHA256,16.251,2574.07,799.442,0.9,0,0,148.4,24,1130.79,1107.17,2116,2113
1,2,55,RSA-SHA224_signed-by_RSA-SHA256,RSA-SHA224_signed-by_RSA-SHA256,22.621,1849.18,1111.84,1,22,1.29412,182.941,24,1140.4,1110.29,2116,2113
1,6,60,RSA-SHA224_signed-by_RSA-SHA256,RSA-SHA224_signed-by_RSA-SHA256,15.639,2674.78,830.722,1,0,0,163.2,9,1132.92,1107.87,2116,2113
1,7,55,RSA-SHA224_signed-by_RSA-SHA256,RSA-SHA224_signed-by_RSA-SHA256,13.956,2997.36,1371.14,0.857143,16,1.14286,156.286,16,1101.29,1104.08,2116,2113
1,3,59,RSA-SHA224_signed-by_RSA-SHA256,RSA-SHA224_signed-by_RSA-SHA256,15.046,2780.21,880.479,1,0,0,139.455,24,1126.84,1105.76,2116,2113
1,5,60,RSA-SHA224_signed-by_RSA-SHA256,RSA-SHA224_signed-by_RSA-SHA256,13.141,3183.29,1529.24,0.944444,14,0.777778,114,15,1127.78,1101.14,2116,2113
1,8,59,RSA-SHA224_signed-by_RSA-SHA256,RSA-SHA224_signed-by_RSA-SHA256,13.879,3014.02,954.525,1,0,0,129.636,16,1127.57,1121,2116,2113
1,1,54,RSA-SHA224_signed-by_RSA-SHA256,RSA-SHA224_signed-by_RSA-SHA256,14.174,2951.28,1082.53,1,7,0.5,127.143,24,1129.81,1109.52,2116,2113
1,2,56,RSA-SHA224_signed-by_RSA-SHA256,RSA-SHA224_signed-by_RSA-SHA256,14.251,2935.33,911.641,1,0,0,140,24,1135.06,1101.89,2116,2113
1,6,61,RSA-SHA224_signed-by_RSA-SHA256,RSA-SHA224_signed-by_RSA-SHA256,16.016,2611.81,1123.84,1,7,0.466667,140.667,9,1120.44,1112.74,2116,2113
1,3,60,RSA-SHA224_signed-by_RSA-SHA256,RSA-SHA224_signed-by_RSA-SHA256,13.386,3124.98,970.543,1,0,0,142.4,24,1137.06,1099.41,2116,2113
1,7,56,RSA-SHA224_signed-by_RSA-SHA256,RSA-SHA224_signed-by_RSA-SHA256,16.669,2509.48,1407.12,1,20,1,246,16,1142.77,1085.05,2116,2113
1,5,61,RSA-SHA224_signed-by_RSA-SHA256,RSA-SHA224_signed-by_RSA-SHA256,14.211,2943.55,914.194,1,0,0,138.8,15,1123.52,1088.04,2116,2113
1,8,60,RSA-SHA224_signed-by_RSA-SHA256,RSA-SHA224_signed-by_RSA-SHA256,17.185,2434.11,800.665,1,0,0,115.538,16,1136.19,1136.84,2116,2113
1,1,55,RSA-SHA224_signed-by_RSA-SHA256,RSA-SHA224_signed-by_RSA-SHA256,15.788,2649.51,1199.85,1,11,0.846154,179.231,24,1132.87,1104.87,2116,2113
1,6,62,RSA-SHA224_signed-by_RSA-SHA256,RSA-SHA224_signed-by_RSA-SHA256,14.281,2929.1,1352.24,1,11,0.733333,171.067,9,1127.83,1114.23,2116,2113
1,5,62,RSA-SHA224_signed-by_RSA-SHA256,RSA-SHA224_signed-by_RSA-SHA256,12.328,3393.16,1439.29,1,7,0.5,127.143,15,1130.83,1104.92,2116,2113
1,7,57,RSA-SHA224_signed-by_RSA-SHA256,RSA-SHA224_signed-by_RSA-SHA256,14.777,2830.77,1603.51,1,18,1.05882,179.176,17,1121.33,1085.32,2116,2113
1,3,61,RSA-SHA224_signed-by_RSA-SHA256,RSA-SHA224_signed-by_RSA-SHA256,16.223,2578.45,1253.48,1,14,0.933333,137.2,24,1130.43,1116.07,2116,2113
1,2,57,RSA-SHA224_signed-by_RSA-SHA256,RSA-SHA224_signed-by_RSA-SHA256,23.282,1796.72,1434.21,1,33,1.26923,150.615,24,1121.66,1127.95,2116,2113
1,8,61,RSA-SHA224_signed-by_RSA-SHA256,RSA-SHA224_signed-by_RSA-SHA256,13.721,3048.66,965.496,0.818182,0,0,129.636,16,1135.31,1101.99,2116,2113
1,1,56,RSA-SHA224_signed-by_RSA-SHA256,RSA-SHA224_signed-by_RSA-SHA256,13.433,3114.03,967.142,0.3,0,0,148.4,24,1136.38,1094.69,2116,2113
1,5,63,RSA-SHA224_signed-by_RSA-SHA256,RSA-SHA224_signed-by_RSA-SHA256,12.154,3441.78,1068.93,0.8,0,0,138.8,15,1594.94,1595.28,2116,2113
1,6,63,RSA-SHA224_signed-by_RSA-SHA256,RSA-SHA224_signed-by_RSA-SHA256,13.703,3052.7,948.094,0.8,0,0,163.2,9,1612.7,1600.09,2116,2113
1,3,62,RSA-SHA224_signed-by_RSA-SHA256,RSA-SHA224_signed-by_RSA-SHA256,11.26,3715.07,1362.69,0.571429,7,0.5,209.143,24,1142.95,1089.93,2116,2113
1,7,58,RSA-SHA224_signed-by_RSA-SHA256,RSA-SHA224_signed-by_RSA-SHA256,16.56,2526.02,815.439,1,0,0,122,17,1121.3,1093.28,2116,2113
1,2,58,RSA-SHA224_signed-by_RSA-SHA256,RSA-SHA224_signed-by_RSA-SHA256,17.672,2367.07,749.641,1,0,0,130.727,24,1135.01,1110.99,2116,2113
1,8,62,RSA-SHA224_signed-by_RSA-SHA256,RSA-SHA224_signed-by_RSA-SHA256,19.717,2121.56,658.904,1,0,0,138.8,16,1130.19,1106.14,2116,2113
1,1,57,RSA-SHA224_signed-by_RSA-SHA256,RSA-SHA224_signed-by_RSA-SHA256,19.645,2129.33,964.288,1,11,0.846154,165.385,24,1099.64,1102.29,2116,2113
1,5,64,RSA-SHA224_signed-by_RSA-SHA256,RSA-SHA224_signed-by_RSA-SHA256,15.725,2660.2,826.192,0.8,0,0,138.8,15,1100.78,1084.93,2116,2113
1,6,64,RSA-SHA224_signed-by_RSA-SHA256,RSA-SHA224_signed-by_RSA-SHA256,16.546,2528.2,927.345,1,11,0.785714,138.571,9,1141.26,1136.04,2116,2113
1,3,63,RSA-SHA224_signed-by_RSA-SHA256,RSA-SHA224_signed-by_RSA-SHA256,17.15,2439.16,1493.63,0.73913,24,1.04348,226.174,24,1625.37,1582.45,2116,2113
1,4,0,RSA-SHA224_signed-by_RSA-SHA256,RSA-SHA224_signed-by_RSA-SHA256,1029.97,40.6148,8.8391,1,0,0,161.2,24,1164.71,1195.86,2116,2113
1,7,59,RSA-SHA224_signed-by_RSA-SHA256,RSA-SHA224_signed-by_RSA-SHA256,18.289,2287.24,710.361,0.9,0,0,138.8,17,1139.08,1136.77,2116,2113
1,2,59,RSA-SHA224_signed-by_RSA-SHA256,RSA-SHA224_signed-by_RSA-SHA256,19.931,2098.79,677.521,1,0,0,131,24,1129.87,1107.35,2116,2113
1,1,58,RSA-SHA224_signed-by_RSA-SHA256,RSA-SHA224_signed-by_RSA-SHA256,15.285,2736.77,849.974,1,0,0,138.8,24,1095.87,1086.83,2116,2113
1,8,63,RSA-SHA224_signed-by_RSA-SHA256,RSA-SHA224_signed-by_RSA-SHA256,17.367,2408.66,748.071,1,0,0,138.8,16,1600.03,1581.15,2116,2113
1,5,65,RSA-SHA224_signed-by_RSA-SHA256,RSA-SHA224_signed-by_RSA-SHA256,17.705,2362.67,748.246,1,0,0,129.636,15,1132.72,1110.61,2116,2113
1,6,65,RSA-SHA224_signed-by_RSA-SHA256,RSA-SHA224_signed-by_RSA-SHA256,17.361,2409.48,883.799,0.571429,3,0.214286,198.286,9,1133.44,1093.29,2116,2113
1,3,64,RSA-SHA224_signed-by_RSA-SHA256,RSA-SHA224_signed-by_RSA-SHA256,17.278,2421.05,751.921,0.8,0,0,149.6,24,1167.34,1108.81,2116,2113
1,4,1,RSA-SHA224_signed-by_RSA-SHA256,RSA-SHA224_signed-by_RSA-SHA256,16.39,2552.21,792.654,1,0,0,163.2,24,1134.23,1113.57,2116,2113
1,7,60,RSA-SHA224_signed-by_RSA-SHA256,RSA-SHA224_signed-by_RSA-SHA256,17.333,2413.34,1092.9,1,15,1.15385,165.385,17,1134.68,1092,2116,2113
1,8,64,RSA-SHA224_signed-by_RSA-SHA256,RSA-SHA224_signed-by_RSA-SHA256,15.745,2656.77,825.128,1,0,0,141.2,16,1098.72,1097.92,2116,2113
1,2,60,RSA-SHA224_signed-by_RSA-SHA256,RSA-SHA224_signed-by_RSA-SHA256,19.703,2123.05,1051.58,1,16,0.941176,124.118,24,1240.78,1218.23,2116,2113
1,1,59,RSA-SHA224_signed-by_RSA-SHA256,RSA-SHA224_signed-by_RSA-SHA256,18.927,2210.1,956.905,1,7,0.4375,115.75,24,1112.2,1092.22,2116,2113
1,6,66,RSA-SHA224_signed-by_RSA-SHA256,RSA-SHA224_signed-by_RSA-SHA256,14.542,2876.57,893.394,1,4,0.4,163.2,9,1158.93,1091.47,2116,2113
1,3,65,RSA-SHA224_signed-by_RSA-SHA256,RSA-SHA224_signed-by_RSA-SHA256,20.561,2034.44,656.749,1,0,0,131,24,1146.48,1281.9,2116,2113
1,5,66,RSA-SHA224_signed-by_RSA-SHA256,RSA-SHA224_signed-by_RSA-SHA256,23.803,1757.42,753.514,1,8,0.533333,121.2,15,1149.09,1161.5,2116,2113
1,7,61,RSA-SHA224_signed-by_RSA-SHA256,RSA-SHA224_signed-by_RSA-SHA256,17.347,2411.41,895.576,1,4,0.266667,182,17,1125.7,1225.86,2116,2113
1,8,65,RSA-SHA224_signed-by_RSA-SHA256,RSA-SHA224_signed-by_RSA-SHA256,15.481,2702.06,855.73,1,0,0,129.636,16,1119.17,1103.16,2116,2113
1,4,2,RSA-SHA224_signed-by_RSA-SHA256,RSA-SHA224_signed-by_RSA-SHA256,24.715,1692.55,935.449,1,24,1.6,309.467,24,1165.63,1110.26,2116,2113
1,6,67,RSA-SHA224_signed-by_RSA-SHA256,RSA-SHA224_signed-by_RSA-SHA256,16.81,2488.42,1195.43,1,10,0.555556,203.111,10,1146.95,1106.44,2116,2113
1,3,66,RSA-SHA224_signed-by_RSA-SHA256,RSA-SHA224_signed-by_RSA-SHA256,14.539,2877.15,911.18,1,0,0,139.455,24,1119.3,1110.84,2116,2113
1,5,67,RSA-SHA224_signed-by_RSA-SHA256,RSA-SHA224_signed-by_RSA-SHA256,15.606,2680.42,832.472,1,0,0,138.8,15,1134.61,1132.24,2116,2113
1,2,61,RSA-SHA224_signed-by_RSA-SHA256,RSA-SHA224_signed-by_RSA-SHA256,25.489,1641.15,1922.05,1,65,1.66667,255.949,24,1136.16,1111.15,2116,2113
1,1,60,RSA-SHA224_signed-by_RSA-SHA256,RSA-SHA224_signed-by_RSA-SHA256,30.337,1378.87,833.28,1,24,1.33333,170,24,1142.35,1225.28,2116,2113
1,8,66,RSA-SHA224_signed-by_RSA-SHA256,RSA-SHA224_signed-by_RSA-SHA256,17.842,2344.5,728.145,1,0,0,138.8,16,1141.34,1206.23,2116,2113
1,7,62,RSA-SHA224_signed-by_RSA-SHA256,RSA-SHA224_signed-by_RSA-SHA256,21.974,1903.7,1132.97,1,22,1.375,186.5,17,1150.24,1225.06,2116,2113
1,4,3,RSA-SHA224_signed-by_RSA-SHA256,RSA-SHA224_signed-by_RSA-SHA256,20.302,2060.4,1171.07,1,17,0.809524,272.476,24,1133.8,1185.31,2116,2113
1,6,68,RSA-SHA224_signed-by_RSA-SHA256,RSA-SHA224_signed-by_RSA-SHA256,19.64,2129.85,964.521,1,11,0.846154,196.462,10,1134.82,1200.05,2116,2113
1,5,68,RSA-SHA224_signed-by_RSA-SHA256,RSA-SHA224_signed-by_RSA-SHA256,15.437,2709.78,858.176,1,0,0,129.636,15,1170.83,1131.24,2116,2113
1,3,67,RSA-SHA224_signed-by_RSA-SHA256,RSA-SHA224_signed-by_RSA-SHA256,19.436,2152.21,997.696,1,12,0.8,176.4,24,1149.08,1119.2,2116,2113
1,2,62,RSA-SHA224_signed-by_RSA-SHA256,RSA-SHA224_signed-by_RSA-SHA256,18.547,2255.38,956.673,1,7,0.5,136.571,24,1178.21,1121.76,2116,2113
1,1,61,RSA-SHA224_signed-by_RSA-SHA256,RSA-SHA224_signed-by_RSA-SHA256,14.441,2896.7,899.645,1,0,0,138.8,24,1222.44,1093.69,2116,2113
1,8,67,RSA-SHA224_signed-by_RSA-SHA256,RSA-SHA224_signed-by_RSA-SHA256,18.078,2313.89,732.799,1,0,0,129.636,16,1267.4,1125.03,2116,2113
1,7,63,RSA-SHA224_signed-by_RSA-SHA256,RSA-SHA224_signed-by_RSA-SHA256,18.751,2230.85,1010.26,1,11,0.846154,165.385,17,1638.9,1601.79,2116,2113
1,6,69,RSA-SHA224_signed-by_RSA-SHA256,RSA-SHA224_signed-by_RSA-SHA256,14.511,2882.75,895.312,0.8,0,0,244.8,10,1202.17,1174.72,2116,2113
1,4,4,RSA-SHA224_signed-by_RSA-SHA256,RSA-SHA224_signed-by_RSA-SHA256,22.494,1859.64,847.134,1,11,0.785714,184.857,24,1203.21,1157.71,2116,2113
1,5,69,RSA-SHA224_signed-by_RSA-SHA256,RSA-SHA224_signed-by_RSA-SHA256,19.944,2097.42,889.668,0.642857,7,0.5,127.143,15,1154.33,1164.76,2116,2113
1,3,68,RSA-SHA224_signed-by_RSA-SHA256,RSA-SHA224_signed-by_RSA-SHA256,18.772,2228.38,692.08,0.9,0,0,149.6,24,1141.57,1227.99,2116,2113
1,2,63,RSA-SHA224_signed-by_RSA-SHA256,RSA-SHA224_signed-by_RSA-SHA256,19.101,2190,680.16,1,0,0,149.6,24,1610.89,1599.7,2116,2113
1,1,62,RSA-SHA224_signed-by_RSA-SHA256,RSA-SHA224_signed-by_RSA-SHA256,19.765,2116.42,789.256,0.8,7,0.466667,113.2,24,1175.58,1099.37,2116,2113
1,8,68,RSA-SHA224_signed-by_RSA-SHA256,RSA-SHA224_signed-by_RSA-SHA256,16.634,2514.81,781.04,1,0,0,138.8,16,1143.67,1126.87,2116,2113
1,6,70,RSA-SHA224_signed-by_RSA-SHA256,RSA-SHA224_signed-by_RSA-SHA256,19.482,2147.16,666.856,1,0,0,163.2,10,1288.45,1164.87,2116,2113
1,7,64,RSA-SHA224_signed-by_RSA-SHA256,RSA-SHA224_signed-by_RSA-SHA256,20.987,1993.17,911.773,1,12,0.857143,572.857,17,1150.37,1105.67,2116,2113
1,4,5,RSA-SHA224_signed-by_RSA-SHA256,RSA-SHA224_signed-by_RSA-SHA256,14.477,2889.5,897.408,0.9,0,0,163.2,24,1106.99,1150.23,2116,2113
1,5,70,RSA-SHA224_signed-by_RSA-SHA256,RSA-SHA224_signed-by_RSA-SHA256,16.123,2594.49,1395.24,0.777778,14,0.777778,122,15,1201.02,1122.84,2116,2113
1,3,69,RSA-SHA224_signed-by_RSA-SHA256,RSA-SHA224_signed-by_RSA-SHA256,16.826,2486.08,674.175,1,0,0,147.333,24,1131.02,1098.35,2116,2113
1,2,64,RSA-SHA224_signed-by_RSA-SHA256,RSA-SHA224_signed-by_RSA-SHA256,16.487,2537.2,787.993,1,0,0,149.6,24,1253.49,1127.96,2116,2113
1,1,63,RSA-SHA224_signed-by_RSA-SHA256,RSA-SHA224_signed-by_RSA-SHA256,15.711,2662.54,826.92,1,0,0,140,24,1621.13,1609.59,2116,2113
1,8,69,RSA-SHA224_signed-by_RSA-SHA256,RSA-SHA224_signed-by_RSA-SHA256,16.152,2589.83,804.339,1,0,0,138.8,16,1146.4,1122.89,2116,2113
1,4,6,RSA-SHA224_signed-by_RSA-SHA256,RSA-SHA224_signed-by_RSA-SHA256,13.648,3065,1388.01,1,11,0.846154,293.077,24,1163.9,1158.52,2116,2113
1,5,71,RSA-SHA224_signed-by_RSA-SHA256,RSA-SHA224_signed-by_RSA-SHA256,13.2,3169,984.214,1,4,0.4,138.8,15,1124.11,1205.54,2116,2113
1,6,71,RSA-SHA224_signed-by_RSA-SHA256,RSA-SHA224_signed-by_RSA-SHA256,18.218,2296.09,973.937,1,7,0.5,148,10,1179.78,1121.02,2116,2113
1,7,65,RSA-SHA224_signed-by_RSA-SHA256,RSA-SHA224_signed-by_RSA-SHA256,19.294,2168.03,1165.9,1,14,0.777778,122,17,1147.66,1119.43,2116,2113
1,1,64,RSA-SHA224_signed-by_RSA-SHA256,RSA-SHA224_signed-by_RSA-SHA256,11.666,3585.71,1135.58,1,0,0,129.636,24,1171.68,1113.96,2116,2113
1,2,65,RSA-SHA224_signed-by_RSA-SHA256,RSA-SHA224_signed-by_RSA-SHA256,20.722,2018.72,994.496,1,14,0.7,113.6,24,1181.24,1116.78,2116,2113
1,8,70,RSA-SHA224_signed-by_RSA-SHA256,RSA-SHA224_signed-by_RSA-SHA256,19.023,2198.92,696.387,1,0,0,129.636,17,1129.17,1097.53,2116,2113
1,3,70,RSA-SHA224_signed-by_RSA-SHA256,RSA-SHA224_signed-by_RSA-SHA256,31.533,1326.58,870.688,1,22,0.814815,150.296,24,1171.7,1109.49,2116,2113
1,6,72,RSA-SHA224_signed-by_RSA-SHA256,RSA-SHA224_signed-by_RSA-SHA256,24.297,1721.69,779.683,1,11,0.846154,197.385,10,1110.19,1125.66,2116,2113
1,1,65,RSA-SHA224_signed-by_RSA-SHA256,RSA-SHA224_signed-by_RSA-SHA256,23.262,1798.3,762.789,1,7,0.5,127.143,24,1183.63,1196.38,2116,2113
1,7,66,RSA-SHA224_signed-by_RSA-SHA256,RSA-SHA224_signed-by_RSA-SHA256,24.657,1696.55,778.68,1,11,0.785714,156.286,17,1122.73,1112.13,2116,2113
1,4,7,RSA-SHA224_signed-by_RSA-SHA256,RSA-SHA224_signed-by_RSA-SHA256,30.597,1367.16,977.326,1,33,1.57143,252.286,24,1277.28,1107.73,2116,2113
1,2,66,RSA-SHA224_signed-by_RSA-SHA256,RSA-SHA224_signed-by_RSA-SHA256,18.948,2207.64,936.422,1,7,0.5,136.571,24,1178.07,1099.64,2116,2113
1,5,72,RSA-SHA224_signed-by_RSA-SHA256,RSA-SHA224_signed-by_RSA-SHA256,31.263,1338.04,764.592,1,21,0.954545,228.182,15,1174.06,1093.24,2116,2113
1,8,71,RSA-SHA224_signed-by_RSA-SHA256,RSA-SHA224_signed-by_RSA-SHA256,19.938,2098.02,651.594,1,0,0,714.8,17,1142.43,1229.58,2116,2113
1,3,71,RSA-SHA224_signed-by_RSA-SHA256,RSA-SHA224_signed-by_RSA-SHA256,15.604,2680.72,1137.09,0.642857,7,0.5,136.571,24,1147.58,1133.21,2116,2113
1,6,73,RSA-SHA224_signed-by_RSA-SHA256,RSA-SHA224_signed-by_RSA-SHA256,13.375,3127.53,985.688,0.909091,7,0.636364,151.818,10,1193.02,1132.39,2116,2113
1,1,66,RSA-SHA224_signed-by_RSA-SHA256,RSA-SHA224_signed-by_RSA-SHA256,13.745,3043.32,945.182,1,0,0,138.8,24,1178.44,1117.47,2116,2113
1,7,67,RSA-SHA224_signed-by_RSA-SHA256,RSA-SHA224_signed-by_RSA-SHA256,14.08,2970.91,922.693,1,0,0,138.8,17,1116.35,1200.93,2116,2113
1,4,8,RSA-SHA224_signed-by_RSA-SHA256,RSA-SHA224_signed-by_RSA-SHA256,12.932,3234.67,1186.48,0.642857,3,0.214286,229.714,24,1259.76,1208.38,2116,2113
1,2,67,RSA-SHA224_signed-by_RSA-SHA256,RSA-SHA224_signed-by_RSA-SHA256,13.127,3186.63,989.689,1,4,0.4,149.6,24,1126.24,1197.86,2116,2113
1,8,72,RSA-SHA224_signed-by_RSA-SHA256,RSA-SHA224_signed-by_RSA-SHA256,13.086,3196.59,992.783,1,0,0,138.8,17,1157.7,1240.05,2116,2113
1,5,73,RSA-SHA224_signed-by_RSA-SHA256,RSA-SHA224_signed-by_RSA-SHA256,20.02,2089.5,895.898,1,8,0.533333,121.2,15,1131,1127.25,2116,2113
1,3,72,RSA-SHA224_signed-by_RSA-SHA256,RSA-SHA224_signed-by_RSA-SHA256,16.843,2483.52,771.322,1,0,0,149.6,24,1125.1,1101.14,2116,2113
1,6,74,RSA-SHA224_signed-by_RSA-SHA256,RSA-SHA224_signed-by_RSA-SHA256,17.85,2343.41,877.492,1,0,0,216.933,10,1127.39,1136.13,2116,2113
1,4,9,RSA-SHA224_signed-by_RSA-SHA256,RSA-SHA224_signed-by_RSA-SHA256,15.422,2712.39,842.401,1,0,0,163.2,24,1139.3,1103.03,2116,2113
1,1,67,RSA-SHA224_signed-by_RSA-SHA256,RSA-SHA224_signed-by_RSA-SHA256,17.847,2343.82,1082.94,1,13,0.866667,153.2,24,1137.11,1093.9,2116,2113
1,8,73,RSA-SHA224_signed-by_RSA-SHA256,RSA-SHA224_signed-by_RSA-SHA256,15.645,2673.76,1227.2,0.714286,11,0.785714,156.286,17,1152.58,1100.43,2116,2113
1,2,68,RSA-SHA224_signed-by_RSA-SHA256,RSA-SHA224_signed-by_RSA-SHA256,20.178,2073.06,1162.4,1,20,1,247.8,24,1134.95,1120.55,2116,2113
1,7,68,RSA-SHA224_signed-by_RSA-SHA256,RSA-SHA224_signed-by_RSA-SHA256,22.835,1831.92,1189.05,1,25,1.31579,165.579,17,1141.69,1120.33,2116,2113
1,5,74,RSA-SHA224_signed-by_RSA-SHA256,RSA-SHA224_signed-by_RSA-SHA256,15.728,2659.65,826.023,1,4,0.4,138.8,15,1125.69,1102.24,2116,2113
1,3,73,RSA-SHA224_signed-by_RSA-SHA256,RSA-SHA224_signed-by_RSA-SHA256,15.195,2752.95,854.999,1,0,0,149.6,24,1160.61,1092.38,2116,2113
1,6,75,RSA-SHA224_signed-by_RSA-SHA256,RSA-SHA224_signed-by_RSA-SHA256,13.038,3208.44,1461.56,1,11,0.785714,184.857,10,1164.9,1111.4,2116,2113
1,1,68,RSA-SHA224_signed-by_RSA-SHA256,RSA-SHA224_signed-by_RSA-SHA256,18.287,2287.45,738.423,1,4,0.333333,122,24,1133.9,1113.95,2116,2113
1,8,74,RSA-SHA224_signed-by_RSA-SHA256,RSA-SHA224_signed-by_RSA-SHA256,15.41,2714.52,843.065,1,0,0,138.8,17,1127.71,1092.73,2116,2113
1,7,69,RSA-SHA224_signed-by_RSA-SHA256,RSA-SHA224_signed-by_RSA-SHA256,14.46,2892.88,929.439,1,5,0.416667,122,17,1132.41,1113.09,2116,2113
1,4,10,RSA-SHA224_signed-by_RSA-SHA256,RSA-SHA224_signed-by_RSA-SHA256,23.619,1771.05,971.382,1,19,0.95,153,24,1105.6,1111.81,2116,2113
1,6,76,RSA-SHA224_signed-by_RSA-SHA256,RSA-SHA224_signed-by_RSA-SHA256,13.966,2995.24,930.247,1,0,0,243.2,10,1115.18,1116.85,2116,2113
1,3,74,RSA-SHA224_signed-by_RSA-SHA256,RSA-SHA224_signed-by_RSA-SHA256,18.478,2263.79,1361.13,1,22,1.29412,184.118,24,1129.2,1119.24,2116,2113
1,1,69,RSA-SHA224_signed-by_RSA-SHA256,RSA-SHA224_signed-by_RSA-SHA256,15.985,2616.85,975.878,1,3,0.2,184.4,24,1131.31,1097.68,2116,2113
1,4,11,RSA-SHA224_signed-by_RSA-SHA256,RSA-SHA224_signed-by_RSA-SHA256,12.541,3335.5,1223.46,0.928571,3,0.214286,229.714,24,1144.24,1105.24,2116,2113
1,2,69,RSA-SHA224_signed-by_RSA-SHA256,RSA-SHA224_signed-by_RSA-SHA256,30.781,1358.98,782.276,1,20,1.05263,148.526,24,1328.83,1098.82,2116,2113
1,5,75,RSA-SHA224_signed-by_RSA-SHA256,RSA-SHA224_signed-by_RSA-SHA256,30.325,1379.41,1205.57,1,45,1.25,194,15,1122.85,1111.74,2116,2113
1,6,77,RSA-SHA224_signed-by_RSA-SHA256,RSA-SHA224_signed-by_RSA-SHA256,15.423,2712.2,842.345,1,0,0,163.2,10,1129.79,1087.29,2116,2113
1,7,70,RSA-SHA224_signed-by_RSA-SHA256,RSA-SHA224_signed-by_RSA-SHA256,23.741,1761.98,654.384,1,4,0.266667,198.533,17,1126.91,1113.47,2116,2113
1,3,75,RSA-SHA224_signed-by_RSA-SHA256,RSA-SHA224_signed-by_RSA-SHA256,18.099,2311.19,1120.9,1,21,1.10526,117.579,24,1138.82,1106.72,2116,2113
1,1,70,RSA-SHA224_signed-by_RSA-SHA256,RSA-SHA224_signed-by_RSA-SHA256,16.355,2557.63,677.925,1,0,0,402.5,24,1138.14,1111.32,2116,2113
1,8,75,RSA-SHA224_signed-by_RSA-SHA256,RSA-SHA224_signed-by_RSA-SHA256,36.146,1157.29,830.838,1,31,1.40909,160.909,17,1167.68,1110.19,2116,2113
1,2,70,RSA-SHA224_signed-by_RSA-SHA256,RSA-SHA224_signed-by_RSA-SHA256,19.989,2092.74,1283.9,1,22,1.15789,168.737,24,1115.49,1085.71,2116,2113
1,4,12,RSA-SHA224_signed-by_RSA-SHA256,RSA-SHA224_signed-by_RSA-SHA256,22.105,1892.4,1035.05,1,16,0.8,153.4,24,1100.09,1146.19,2116,2113
1,6,78,RSA-SHA224_signed-by_RSA-SHA256,RSA-SHA224_signed-by_RSA-SHA256,18.398,2273.61,720.041,1,0,0,151.818,10,1132.12,1109.77,2116,2113
1,5,76,RSA-SHA224_signed-by_RSA-SHA256,RSA-SHA224_signed-by_RSA-SHA256,22.822,1832.94,891.76,1,10,0.526316,178,15,1123.17,1099.73,2116,2113
1,3,76,RSA-SHA224_signed-by_RSA-SHA256,RSA-SHA224_signed-by_RSA-SHA256,16.661,2510.67,909.392,1,0,0,206.923,24,1234.46,1093.26,2116,2113
1,7,71,RSA-SHA224_signed-by_RSA-SHA256,RSA-SHA224_signed-by_RSA-SHA256,20.344,2056.23,872.197,1,7,0.5,129.714,17,1337.86,1102.4,2116,2113
1,1,71,RSA-SHA224_signed-by_RSA-SHA256,RSA-SHA224_signed-by_RSA-SHA256,14.578,2869.48,891.192,1,0,0,264.4,24,1407.16,1105.7,2116,2113
1,6,79,RSA-SHA224_signed-by_RSA-SHA256,RSA-SHA224_signed-by_RSA-SHA256,16.747,2497.83,775.765,0.8,0,0,163.2,10,1603.31,1611.41,2116,2113
1,8,76,RSA-SHA224_signed-by_RSA-SHA256,RSA-SHA224_signed-by_RSA-SHA256,21.555,1940.63,890.71,1,11,0.785714,156.286,17,1126.66,1471.15,2116,2113
1,2,71,RSA-SHA224_signed-by_RSA-SHA256,RSA-SHA224_signed-by_RSA-SHA256,21.521,1943.71,1054.19,0.684211,15,0.789474,123.263,24,1148.08,1129.13,2116,2113
1,4,13,RSA-SHA224_signed-by_RSA-SHA256,RSA-SHA224_signed-by_RSA-SHA256,21.095,1982.97,898.005,1,11,0.846154,193.692,24,1145.21,1172.73,2116,2113
1,5,77,RSA-SHA224_signed-by_RSA-SHA256,RSA-SHA224_signed-by_RSA-SHA256,17.675,2366.69,735.037,1,0,0,149.6,15,1232.94,1108.28,2116,2113
1,3,77,RSA-SHA224_signed-by_RSA-SHA256,RSA-SHA224_signed-by_RSA-SHA256,18.604,2248.5,698.329,1,0,0,718.4,24,1155.91,1107.48,2116,2113
1,7,72,RSA-SHA224_signed-by_RSA-SHA256,RSA-SHA224_signed-by_RSA-SHA256,20.436,2046.93,1383.41,1,3,0.214286,167.429,17,1167.65,1155.17,2116,2113
1,1,72,RSA-SHA224_signed-by_RSA-SHA256,RSA-SHA224_signed-by_RSA-SHA256,20.43,2047.53,741.637,1,0,0,222.308,24,1143.32,1234.03,2116,2113
1,6,80,RSA-SHA224_signed-by_RSA-SHA256,RSA-SHA224_signed-by_RSA-SHA256,15.644,2673.94,922.507,1,3,0.25,145.667,10,1141.67,1154.19,2116,2113
1,5,78,RSA-SHA224_signed-by_RSA-SHA256,RSA-SHA224_signed-by_RSA-SHA256,15.862,2637.14,864.421,1,1,0.0909091,218.364,15,1128.41,1119.14,2116,2113
1,3,78,RSA-SHA224_signed-by_RSA-SHA256,RSA-SHA224_signed-by_RSA-SHA256,14.94,2799.9,886.714,1,0,0,139.455,24,1111.74,1118.94,2116,2113
1,2,72,RSA-SHA224_signed-by_RSA-SHA256,RSA-SHA224_signed-by_RSA-SHA256,20.577,2032.95,1124.36,1,16,0.761905,115.143,24,1126.44,1111.48,2116,2113
1,7,73,RSA-SHA224_signed-by_RSA-SHA256,RSA-SHA224_signed-by_RSA-SHA256,19.605,2133.66,688.778,1,0,0,142.333,17,1254.14,1117.13,2116,2113
1,4,14,RSA-SHA224_signed-by_RSA-SHA256,RSA-SHA224_signed-by_RSA-SHA256,26.973,1550.87,1318.05,1,39,1.34483,201.034,24,1148.36,1109.5,2116,2113
1,1,73,RSA-SHA224_signed-by_RSA-SHA256,RSA-SHA224_signed-by_RSA-SHA256,20.837,2007.5,635.766,1,0,0,139.455,24,1159.35,1189.62,2116,2113
1,8,77,RSA-SHA224_signed-by_RSA-SHA256,RSA-SHA224_signed-by_RSA-SHA256,30.931,1352.4,586.067,1,9,0.5625,137.75,17,1137.99,1116.99,2116,2113
1,6,81,RSA-SHA224_signed-by_RSA-SHA256,RSA-SHA224_signed-by_RSA-SHA256,19.982,2093.42,803.898,1,7,0.466667,162,10,1233.68,1260.94,2116,2113
1,3,79,RSA-SHA224_signed-by_RSA-SHA256,RSA-SHA224_signed-by_RSA-SHA256,18.689,2238.28,695.154,1,0,0,149.6,24,1602.19,1640.61,2116,2113
1,2,73,RSA-SHA224_signed-by_RSA-SHA256,RSA-SHA224_signed-by_RSA-SHA256,17.309,2416.74,750.58,1,4,0.4,718.4,24,1182.49,1112.02,2116,2113
1,5,79,RSA-SHA224_signed-by_RSA-SHA256,RSA-SHA224_signed-by_RSA-SHA256,21.096,1982.88,897.964,1,11,0.846154,165.385,15,1866.54,1584.78,2116,2113
1,4,15,RSA-SHA224_signed-by_RSA-SHA256,RSA-SHA224_signed-by_RSA-SHA256,13.916,3005.99,984.174,1,5,0.384615,134.308,24,1651.05,1581.83,2116,2113
1,7,74,RSA-SHA224_signed-by_RSA-SHA256,RSA-SHA224_signed-by_RSA-SHA256,16.062,2604.33,808.842,1,0,0,163.2,17,1181.46,1106.01,2116,2113
1,1,74,RSA-SHA224_signed-by_RSA-SHA256,RSA-SHA224_signed-by_RSA-SHA256,15.477,2702.77,846.652,1,0,0,139.091,24,1134.35,1224.74,2116,2113
1,6,82,RSA-SHA224_signed-by_RSA-SHA256,RSA-SHA224_signed-by_RSA-SHA256,13.978,2992.63,774.913,1,0,0,194.571,10,1146.97,1170.14,2116,2113
1,3,80,RSA-SHA224_signed-by_RSA-SHA256,RSA-SHA224_signed-by_RSA-SHA256,10.714,3904.4,1212.61,1,0,0,149.6,24,1240.33,1101.82,2116,2113
1,8,78,RSA-SHA224_signed-by_RSA-SHA256,RSA-SHA224_signed-by_RSA-SHA256,21.61,1935.69,885.481,1,12,0.857143,157.143,17,1121.88,1107.58,2116,2113
1,5,80,RSA-SHA224_signed-by_RSA-SHA256,RSA-SHA224_signed-by_RSA-SHA256,16.991,2461.93,764.616,1,0,0,138.8,15,1150.41,1231.84,2116,2113
1,4,16,RSA-SHA224_signed-by_RSA-SHA256,RSA-SHA224_signed-by_RSA-SHA256,15.452,2707.14,992.979,0.928571,3,0.214286,223.714,24,1142.33,1122.89,2116,2113
1,7,75,RSA-SHA224_signed-by_RSA-SHA256,RSA-SHA224_signed-by_RSA-SHA256,18.998,2201.82,736.888,1,1,0.0833333,144,17,1120.28,1098.47,2116,2113
1,2,74,RSA-SHA224_signed-by_RSA-SHA256,RSA-SHA224_signed-by_RSA-SHA256,24.661,1696.26,966.698,1,22,1,228.182,24,1133.57,1097.59,2116,2113
1,6,83,RSA-SHA224_signed-by_RSA-SHA256,RSA-SHA224_signed-by_RSA-SHA256,15.72,2661,963.843,0.461538,0,0,391.231,10,1145.19,1102.07,2116,2113
1,3,81,RSA-SHA224_signed-by_RSA-SHA256,RSA-SHA224_signed-by_RSA-SHA256,16.062,2604.34,808.846,0.6,0,0,149.6,24,1131.73,1118.14,2116,2113
1,1,75,RSA-SHA224_signed-by_RSA-SHA256,RSA-SHA224_signed-by_RSA-SHA256,21.65,1932.11,883.841,0.785714,12,0.857143,169.143,24,1132.19,1115.6,2116,2113
1,8,79,RSA-SHA224_signed-by_RSA-SHA256,RSA-SHA224_signed-by_RSA-SHA256,18.507,2260.25,715.81,0.818182,0,0,129.636,17,1631.29,1769.11,2116,2113
1,4,17,RSA-SHA224_signed-by_RSA-SHA256,RSA-SHA224_signed-by_RSA-SHA256,15.239,2745,852.529,0.4,0,0,138.8,24,1122.28,1127.48,2116,2113
1,5,81,RSA-SHA224_signed-by_RSA-SHA256,RSA-SHA224_signed-by_RSA-SHA256,17.724,2360.1,1068.79,0.692308,11,0.846154,165.385,15,1135.75,1117.52,2116,2113
1,7,76,RSA-SHA224_signed-by_RSA-SHA256,RSA-SHA224_signed-by_RSA-SHA256,13.26,3154.72,979.779,0.7,4,0.4,190.8,17,1157.93,1329.38,2116,2113
1,2,75,RSA-SHA224_signed-by_RSA-SHA256,RSA-SHA224_signed-by_RSA-SHA256,12.975,3224.01,1001.3,0.7,4,0.4,138.8,24,1164.7,1091.71,2116,2113
1,3,82,RSA-SHA224_signed-by_RSA-SHA256,RSA-SHA224_signed-by_RSA-SHA256,14.476,2889.71,915.159,1,0,0,139.455,24,1141.92,1102.18,2116,2113
1,6,84,RSA-SHA224_signed-by_RSA-SHA256,RSA-SHA224_signed-by_RSA-SHA256,15.867,2636.37,1118.28,1,7,0.5,148,10,1140.17,1090.54,2116,2113
1,1,76,RSA-SHA224_signed-by_RSA-SHA256,RSA-SHA224_signed-by_RSA-SHA256,18.262,2290.58,725.416,1,0,0,139.455,24,1137.69,1133.48,2116,2113
1,8,80,RSA-SHA224_signed-by_RSA-SHA256,RSA-SHA224_signed-by_RSA-SHA256,16.547,2527.99,785.133,1,0,0,138.8,17,1145.88,1124.82,2116,2113
1,4,18,RSA-SHA224_signed-by_RSA-SHA256,RSA-SHA224_signed-by_RSA-SHA256,16.956,2467.02,766.195,1,0,0,138.8,24,1256.77,1227.94,2116,2113
1,5,82,RSA-SHA224_signed-by_RSA-SHA256,RSA-SHA224_signed-by_RSA-SHA256,16.664,2510.25,779.624,1,0,0,138.8,15,1145.71,1093.23,2116,2113
1,6,85,RSA-SHA224_signed-by_RSA-SHA256,RSA-SHA224_signed-by_RSA-SHA256,12.672,3301.06,1025.23,1,4,0.4,163.2,10,1136.68,1102.49,2116,2113
1,7,77,RSA-SHA224_signed-by_RSA-SHA256,RSA-SHA224_signed-by_RSA-SHA256,18.67,2240.52,1395.99,0.88,27,1.08,223.6,17,1188.87,1108.22,2116,2113
1,3,83,RSA-SHA224_signed-by_RSA-SHA256,RSA-SHA224_signed-by_RSA-SHA256,17.617,2374.44,1089.82,1,11,0.785714,169.143,24,1303.39,1110.54,2116,2113
1,2,76,RSA-SHA224_signed-by_RSA-SHA256,RSA-SHA224_signed-by_RSA-SHA256,21.522,1943.61,933.706,1,10,0.555556,171.333,24,1204.73,1105.9,2116,2113
1,1,77,RSA-SHA224_signed-by_RSA-SHA256,RSA-SHA224_signed-by_RSA-SHA256,16.292,2567.56,797.422,1,0,0,149.6,24,1108.77,1230.55,2116,2113
1,8,81,RSA-SHA224_signed-by_RSA-SHA256,RSA-SHA224_signed-by_RSA-SHA256,16.963,2466,653.637,1,0,0,149,17,1139.37,1144.19,2116,2113
1,4,19,RSA-SHA224_signed-by_RSA-SHA256,RSA-SHA224_signed-by_RSA-SHA256,17.738,2358.26,732.417,1,0,0,138.8,24,1134.14,1140.11,2116,2113
1,5,83,RSA-SHA224_signed-by_RSA-SHA256,RSA-SHA224_signed-by_RSA-SHA256,17.025,2457.03,763.094,0.8,0,0,138.8,15,1129.14,1096.64,2116,2113
1,6,86,RSA-SHA224_signed-by_RSA-SHA256,RSA-SHA224_signed-by_RSA-SHA256,16.696,2505.45,919.001,0.357143,3,0.214286,229.714,10,1122.33,1094.94,2116,2113
1,2,77,RSA-SHA224_signed-by_RSA-SHA256,RSA-SHA224_signed-by_RSA-SHA256,12.807,3266.31,1014.43,0,0,0,138.8,24,1102.92,1118.89,2116,2113
1,7,78,RSA-SHA224_signed-by_RSA-SHA256,RSA-SHA224_signed-by_RSA-SHA256,17.311,2416.43,1094.3,0.384615,11,0.846154,196.462,17,1149.94,1113.4,2116,2113
1,3,84,RSA-SHA224_signed-by_RSA-SHA256,RSA-SHA224_signed-by_RSA-SHA256,17.362,2409.33,748.278,0,0,0,149.6,24,1100.99,1110.19,2116,2113
1,1,78,RSA-SHA224_signed-by_RSA-SHA256,RSA-SHA224_signed-by_RSA-SHA256,15.33,2728.71,859.996,0.272727,4,0.363636,365.636,24,1137.3,1117.45,2116,2113
1,8,82,RSA-SHA224_signed-by_RSA-SHA256,RSA-SHA224_signed-by_RSA-SHA256,18.539,2256.37,817.281,0.692308,0,0,204.154,17,1153.25,1111.28,2116,2113
1,4,20,RSA-SHA224_signed-by_RSA-SHA256,RSA-SHA224_signed-by_RSA-SHA256,15.935,2625.11,815.296,1,0,0,138.8,24,1130.62,1107.68,2116,2113
1,5,84,RSA-SHA224_signed-by_RSA-SHA256,RSA-SHA224_signed-by_RSA-SHA256,17.623,2373.65,766.25,1,0,0,122,15,1111.32,1118.85,2116,2113
1,2,78,RSA-SHA224_signed-by_RSA-SHA256,RSA-SHA224_signed-by_RSA-SHA256,16.89,2476.67,1050.53,1,7,0.5,127.143,24,1138.24,1088.83,2116,2113
1,6,87,RSA-SHA224_signed-by_RSA-SHA256,RSA-SHA224_signed-by_RSA-SHA256,18.784,2226.93,944.605,1,7,0.5,148,10,1128.06,1116.71,2116,2113
1,7,79,RSA-SHA224_signed-by_RSA-SHA256,RSA-SHA224_signed-by_RSA-SHA256,18.026,2320.59,734.921,1,0,0,151.818,17,1607.46,1676.98,2116,2113
1,3,85,RSA-SHA224_signed-by_RSA-SHA256,RSA-SHA224_signed-by_RSA-SHA256,15.652,2672.59,692.042,1,0,0,534,24,2216.28,1120.32,2116,2113
1,1,79,RSA-SHA224_signed-by_RSA-SHA256,RSA-SHA224_signed-by_RSA-SHA256,20.752,2015.75,742.463,1,3,0.214286,209.143,24,1609.44,1565.56,2116,2113
1,5,85,RSA-SHA224_signed-by_RSA-SHA256,RSA-SHA224_signed-by_RSA-SHA256,15.181,2755.51,855.793,1,0,0,288.4,15,1102.05,1121.52,2116,2113
1,4,21,RSA-SHA224_signed-by_RSA-SHA256,RSA-SHA224_signed-by_RSA-SHA256,18.105,2310.46,717.572,1,0,0,138.8,24,1123.12,1094.41,2116,2113
1,8,83,RSA-SHA224_signed-by_RSA-SHA256,RSA-SHA224_signed-by_RSA-SHA256,20.526,2037.93,932.248,1,18,1.28571,156.286,17,1119.55,1088.06,2116,2113
1,2,79,RSA-SHA224_signed-by_RSA-SHA256,RSA-SHA224_signed-by_RSA-SHA256,18.756,2230.27,1149.04,1,18,1,136.667,24,1573.57,1591.7,2116,2113
1,6,88,RSA-SHA224_signed-by_RSA-SHA256,RSA-SHA224_signed-by_RSA-SHA256,19.921,2099.81,806.354,1,8,0.533333,218.267,10,1122.24,1107.85,2116,2113
1,3,86,RSA-SHA224_signed-by_RSA-SHA256,RSA-SHA224_signed-by_RSA-SHA256,18.885,2215.01,1117.46,1,17,1.0625,304.5,24,1130.06,1181.08,2116,2113
1,7,80,RSA-SHA224_signed-by_RSA-SHA256,RSA-SHA224_signed-by_RSA-SHA256,20.199,2070.91,1241.99,1,27,1.58824,201.529,18,1107.87,1103.2,2116,2113
1,1,80,RSA-SHA224_signed-by_RSA-SHA256,RSA-SHA224_signed-by_RSA-SHA256,16.07,2603.01,970.714,1,7,0.466667,121.2,24,1124.6,1112,2116,2113
1,5,86,RSA-SHA224_signed-by_RSA-SHA256,RSA-SHA224_signed-by_RSA-SHA256,14.502,2884.47,895.846,1,0,0,138.8,15,1134.01,1112.08,2116,2113
1,8,84,RSA-SHA224_signed-by_RSA-SHA256,RSA-SHA224_signed-by_RSA-SHA256,14.474,2890.06,1046.81,1,4,0.307692,209.692,17,1136.1,1208.16,2116,2113
1,4,22,RSA-SHA224_signed-by_RSA-SHA256,RSA-SHA224_signed-by_RSA-SHA256,16.298,2566.59,1088.68,1,11,0.785714,127.143,24,1141.29,1108.32,2116,2113
1,2,80,RSA-SHA224_signed-by_RSA-SHA256,RSA-SHA224_signed-by_RSA-SHA256,13.271,3152.04,1006.68,1,0,0,121.667,24,1150.99,1085.33,2116,2113
1,3,87,RSA-SHA224_signed-by_RSA-SHA256,RSA-SHA224_signed-by_RSA-SHA256,15.231,2746.41,1028.39,1,0,0,121.2,24,1141.59,1126.74,2116,2113
1,6,89,RSA-SHA224_signed-by_RSA-SHA256,RSA-SHA224_signed-by_RSA-SHA256,16.679,2507.97,1124.25,1,2,0.166667,162.333,10,1165.35,1106.82,2116,2113
1,7,81,RSA-SHA224_signed-by_RSA-SHA256,RSA-SHA224_signed-by_RSA-SHA256,19.032,2197.88,854.1,1,5,0.3125,207,18,1141.29,1107.93,2116,2113
1,5,87,RSA-SHA224_signed-by_RSA-SHA256,RSA-SHA224_signed-by_RSA-SHA256,14.179,2950.21,924.163,1,0,0,129.273,15,1139.71,1097.73,2116,2113
1,8,85,RSA-SHA224_signed-by_RSA-SHA256,RSA-SHA224_signed-by_RSA-SHA256,15.409,2714.7,1012.37,1,7,0.466667,211.333,17,1109.42,1102.75,2116,2113
1,3,88,RSA-SHA224_signed-by_RSA-SHA256,RSA-SHA224_signed-by_RSA-SHA256,9.417,4441.76,1379.5,1,0,0,149.6,24,1137.02,1095.2,2116,2113
1,6,90,RSA-SHA224_signed-by_RSA-SHA256,RSA-SHA224_signed-by_RSA-SHA256,10.165,4115.28,1888.83,1,7,0.5,144.571,10,1127.48,1094.4,2116,2113
1,5,88,RSA-SHA224_signed-by_RSA-SHA256,RSA-SHA224_signed-by_RSA-SHA256,14.145,2957.25,944.466,1,0,0,121.667,15,1129.51,1095.6,2116,2113
1,7,82,RSA-SHA224_signed-by_RSA-SHA256,RSA-SHA224_signed-by_RSA-SHA256,20.141,2076.93,1245.6,1,23,1.35294,197.294,18,1103.9,1110.97,2116,2113
1,4,23,RSA-SHA224_signed-by_RSA-SHA256,RSA-SHA224_signed-by_RSA-SHA256,32.469,1288.35,1007.71,1,35,1.02941,129.059,24,1131.16,1097.09,2116,2113
1,6,91,RSA-SHA224_signed-by_RSA-SHA256,RSA-SHA224_signed-by_RSA-SHA256,17.625,2373.43,1371.68,1,25,1.19048,252.476,10,1124.52,1104,2116,2113
1,1,81,RSA-SHA224_signed-by_RSA-SHA256,RSA-SHA224_signed-by_RSA-SHA256,40.414,1035.08,487.748,1,15,0.882353,141.765,24,1129.93,1108.34,2116,2113
1,8,86,RSA-SHA224_signed-by_RSA-SHA256,RSA-SHA224_signed-by_RSA-SHA256,21.434,1951.63,1121.19,1,29,1.26087,229.304,17,1135.77,1097.91,2116,2113
1,2,81,RSA-SHA224_signed-by_RSA-SHA256,RSA-SHA224_signed-by_RSA-SHA256,35.665,1172.89,1008.92,1,42,1.68,228.72,24,1126.93,1089.75,2116,2113
1,3,89,RSA-SHA224_signed-by_RSA-SHA256,RSA-SHA224_signed-by_RSA-SHA256,22.145,1888.96,1070.01,1,18,1.05882,161.529,24,1131.83,1101.13,2116,2113
1,5,89,RSA-SHA224_signed-by_RSA-SHA256,RSA-SHA224_signed-by_RSA-SHA256,17.251,2424.79,767.919,1,0,0,129.636,15,1101.83,1097.84,2116,2113
1,7,83,RSA-SHA224_signed-by_RSA-SHA256,RSA-SHA224_signed-by_RSA-SHA256,16.445,2543.64,1078.94,1,7,0.5,145.429,18,1112.49,1121.25,2116,2113
1,1,82,RSA-SHA224_signed-by_RSA-SHA256,RSA-SHA224_signed-by_RSA-SHA256,13.193,3170.7,984.742,1,0,0,149.6,24,1144.87,1089.08,2116,2113
1,3,90,RSA-SHA224_signed-by_RSA-SHA256,RSA-SHA224_signed-by_RSA-SHA256,11.854,3528.87,1095.98,1,0,0,149.6,24,1112.78,1097.7,2116,2113
1,8,87,RSA-SHA224_signed-by_RSA-SHA256,RSA-SHA224_signed-by_RSA-SHA256,15.048,2779.82,1023.89,1,0,0,192.286,17,1147.29,1103.21,2116,2113
1,2,82,RSA-SHA224_signed-by_RSA-SHA256,RSA-SHA224_signed-by_RSA-SHA256,17.012,2458.89,1042.99,1,7,0.5,128,24,1132.24,1120.14,2116,2113
1,4,24,RSA-SHA224_signed-by_RSA-SHA256,RSA-SHA224_signed-by_RSA-SHA256,22.767,1837.39,946.63,1,18,1,136.667,24,1134.96,1143.71,2116,2113
1,6,92,RSA-SHA224_signed-by_RSA-SHA256,RSA-SHA224_signed-by_RSA-SHA256,28.445,1470.61,873.537,1,17,0.772727,186.727,10,1128.58,1117.09,2116,2113
1,7,84,RSA-SHA224_signed-by_RSA-SHA256,RSA-SHA224_signed-by_RSA-SHA256,18.213,2296.77,727.376,1,0,0,151.818,18,1132.78,1159.7,2116,2113
1,5,90,RSA-SHA224_signed-by_RSA-SHA256,RSA-SHA224_signed-by_RSA-SHA256,24.447,1711.12,785.37,1,11,0.785714,156.286,15,1132.55,1099.37,2116,2113
1,1,83,RSA-SHA224_signed-by_RSA-SHA256,RSA-SHA224_signed-by_RSA-SHA256,20.277,2062.97,640.709,1,0,0,149.6,24,1127.01,1087.5,2116,2113
1,8,88,RSA-SHA224_signed-by_RSA-SHA256,RSA-SHA224_signed-by_RSA-SHA256,18.485,2262.98,840.449,1,12,0.8,113.2,17,1141.09,1110.18,2116,2113
1,3,91,RSA-SHA224_signed-by_RSA-SHA256,RSA-SHA224_signed-by_RSA-SHA256,20.961,1995.65,903.749,1,15,1.15385,179.231,24,1132.23,1088.08,2116,2113
1,2,83,RSA-SHA224_signed-by_RSA-SHA256,RSA-SHA224_signed-by_RSA-SHA256,21.451,1950.05,617.572,1,0,0,129.636,24,1136.96,1100,2116,2113
1,4,25,RSA-SHA224_signed-by_RSA-SHA256,RSA-SHA224_signed-by_RSA-SHA256,20.855,2005.79,850.8,1,7,0.5,127.143,24,1136.87,1200.25,2116,2113
1,6,93,RSA-SHA224_signed-by_RSA-SHA256,RSA-SHA224_signed-by_RSA-SHA256,19.063,2194.3,708.354,1,0,0,126,10,1127.78,1125.13,2116,2113
1,7,85,RSA-SHA224_signed-by_RSA-SHA256,RSA-SHA224_signed-by_RSA-SHA256,17.119,2443.52,758.897,1,0,0,163.2,18,1126.51,1105.84,2116,2113
1,3,92,RSA-SHA224_signed-by_RSA-SHA256,RSA-SHA224_signed-by_RSA-SHA256,13.927,3003.58,1115.5,0.866667,8,0.533333,197.733,24,1105.4,1102.06,2116,2113
1,5,91,RSA-SHA224_signed-by_RSA-SHA256,RSA-SHA224_signed-by_RSA-SHA256,19.987,2092.89,1306.4,1,16,0.761905,146.571,15,1127.44,1109.7,2116,2113
1,1,84,RSA-SHA224_signed-by_RSA-SHA256,RSA-SHA224_signed-by_RSA-SHA256,21.169,1976.01,906.949,1,11,0.785714,169.143,24,1101.43,1135,2116,2113
1,8,89,RSA-SHA224_signed-by_RSA-SHA256,RSA-SHA224_signed-by_RSA-SHA256,21.568,1939.46,1163.9,0.695652,17,0.73913,162.522,17,1123.98,1094.73,2116,2113
1,2,84,RSA-SHA224_signed-by_RSA-SHA256,RSA-SHA224_signed-by_RSA-SHA256,16.872,2479.3,770.012,1,0,0,138.8,24,1127.93,1098.02,2116,2113
1,4,26,RSA-SHA224_signed-by_RSA-SHA256,RSA-SHA224_signed-by_RSA-SHA256,17.958,2329.37,723.445,1,0,0,138.8,24,1140.84,1107.7,2116,2113
1,3,93,RSA-SHA224_signed-by_RSA-SHA256,RSA-SHA224_signed-by_RSA-SHA256,14.388,2907.38,1066.43,0.571429,3,0.214286,209.143,24,1125.37,1136.24,2116,2113
1,7,86,RSA-SHA224_signed-by_RSA-SHA256,RSA-SHA224_signed-by_RSA-SHA256,17.324,2414.62,749.921,1,0,0,138.8,18,1132.55,1088.67,2116,2113
1,5,92,RSA-SHA224_signed-by_RSA-SHA256,RSA-SHA224_signed-by_RSA-SHA256,13.944,2999.93,931.706,0.5,0,0,138.8,15,1121.31,1089.15,2116,2113
1,6,94,RSA-SHA224_signed-by_RSA-SHA256,RSA-SHA224_signed-by_RSA-SHA256,20.699,2020.9,857.21,0.857143,7,0.5,127.143,10,1157.85,1087.15,2116,2113
1,1,85,RSA-SHA224_signed-by_RSA-SHA256,RSA-SHA224_signed-by_RSA-SHA256,13.296,3146.17,977.123,0.5,0,0,238.4,24,1132.34,1111.2,2116,2113
1,8,90,RSA-SHA224_signed-by_RSA-SHA256,RSA-SHA224_signed-by_RSA-SHA256,14.385,2907.96,903.142,0.5,0,0,138.8,17,1218.65,1203.28,2116,2113
1,4,27,RSA-SHA224_signed-by_RSA-SHA256,RSA-SHA224_signed-by_RSA-SHA256,12.97,3225.22,1001.67,0,0,0,138.8,24,1170.53,1084.78,2116,2113
1,2,85,RSA-SHA224_signed-by_RSA-SHA256,RSA-SHA224_signed-by_RSA-SHA256,17.987,2325.59,1063.84,0.642857,16,1.14286,156.286,24,1111.36,1107.22,2116,2113
1,3,94,RSA-SHA224_signed-by_RSA-SHA256,RSA-SHA224_signed-by_RSA-SHA256,14.167,2952.72,917.044,0.7,0,0,149.6,24,1142.64,1121.59,2116,2113
1,7,87,RSA-SHA224_signed-by_RSA-SHA256,RSA-SHA224_signed-by_RSA-SHA256,13.642,3066.36,952.338,0.7,4,0.4,138.8,18,1143.28,1109.73,2116,2113
1,5,93,RSA-SHA224_signed-by_RSA-SHA256,RSA-SHA224_signed-by_RSA-SHA256,15.322,2730.13,864.621,1,4,0.363636,129.636,15,1136.16,1148.73,2116,2113
1,6,95,RSA-SHA224_signed-by_RSA-SHA256,RSA-SHA224_signed-by_RSA-SHA256,15.518,2695.66,837.205,1,0,0,138.8,10,1636.24,1761.69,2116,2113
1,1,86,RSA-SHA224_signed-by_RSA-SHA256,RSA-SHA224_signed-by_RSA-SHA256,15.358,2723.73,853.218,1,4,0.363636,139.091,24,1141.32,1096.99,2116,2113
1,8,91,RSA-SHA224_signed-by_RSA-SHA256,RSA-SHA224_signed-by_RSA-SHA256,13.951,2998.46,931.249,1,0,0,138.8,17,1120.1,1187.31,2116,2113
1,4,28,RSA-SHA224_signed-by_RSA-SHA256,RSA-SHA224_signed-by_RSA-SHA256,14.996,2789.49,722.312,1,0,0,164.857,24,1138.07,1120.24,2116,2113
1,2,86,RSA-SHA224_signed-by_RSA-SHA256,RSA-SHA224_signed-by_RSA-SHA256,16.085,2600.64,953.916,1,3,0.214286,192.286,24,1136.97,1139.49,2116,2113
1,3,95,RSA-SHA224_signed-by_RSA-SHA256,RSA-SHA224_signed-by_RSA-SHA256,15.097,2770.85,860.559,1,0,0,149.6,24,1771.27,1571.37,2116,2113
1,6,96,RSA-SHA224_signed-by_RSA-SHA256,RSA-SHA224_signed-by_RSA-SHA256,12.864,3251.81,1009.93,1,0,0,138.8,10,1122.45,1119.58,2116,2113
1,7,88,RSA-SHA224_signed-by_RSA-SHA256,RSA-SHA224_signed-by_RSA-SHA256,18.32,2283.33,1539.69,1,31,1.29167,231.333,18,1098.23,1117.08,2116,2113
1,4,29,RSA-SHA224_signed-by_RSA-SHA256,RSA-SHA224_signed-by_RSA-SHA256,11.447,3654.39,1323.66,1,4,0.307692,204.154,24,1128.29,1093.16,2116,2113
1,8,92,RSA-SHA224_signed-by_RSA-SHA256,RSA-SHA224_signed-by_RSA-SHA256,14.239,2937.79,912.405,1,4,0.4,225.2,17,1111.85,1099.58,2116,2113
1,2,87,RSA-SHA224_signed-by_RSA-SHA256,RSA-SHA224_signed-by_RSA-SHA256,9.862,4241.71,1343.33,1,0,0,168.909,24,1096.91,1116.61,2116,2113
1,5,94,RSA-SHA224_signed-by_RSA-SHA256,RSA-SHA224_signed-by_RSA-SHA256,21.892,1910.82,1110.9,1,14,0.636364,158.364,15,1124.78,1115.64,2116,2113
1,6,97,RSA-SHA224_signed-by_RSA-SHA256,RSA-SHA224_signed-by_RSA-SHA256,10.277,4070.43,1299.98,1,0,0,121.667,10,1374.45,1123.36,2116,2113
1,4,30,RSA-SHA224_signed-by_RSA-SHA256,RSA-SHA224_signed-by_RSA-SHA256,13.211,3166.33,1161.41,1,3,0.214286,192.286,24,1180.74,1176.73,2116,2113
1,7,89,RSA-SHA224_signed-by_RSA-SHA256,RSA-SHA224_signed-by_RSA-SHA256,15.99,2616.02,1466.85,1,20,1,258,18,1185.88,1218.29,2116,2113
1,5,95,RSA-SHA224_signed-by_RSA-SHA256,RSA-SHA224_signed-by_RSA-SHA256,10.37,4033.57,1332.95,0.583333,0,0,151.667,15,1688.91,1713.8,2116,2113
1,1,87,RSA-SHA224_signed-by_RSA-SHA256,RSA-SHA224_signed-by_RSA-SHA256,30.516,1370.82,671.123,1,12,0.6,169.2,24,1192.26,1310.63,2116,2113
1,8,93,RSA-SHA224_signed-by_RSA-SHA256,RSA-SHA224_signed-by_RSA-SHA256,19.364,2160.29,815.532,1,4,0.25,173,17,1169.55,1165.76,2116,2113
1,3,96,RSA-SHA224_signed-by_RSA-SHA256,RSA-SHA224_signed-by_RSA-SHA256,26.237,1594.34,956.179,1,23,1.35294,184.118,24,1139.37,1102.25,2116,2113
1,6,98,RSA-SHA224_signed-by_RSA-SHA256,RSA-SHA224_signed-by_RSA-SHA256,14.089,2969.04,922.112,0.7,0,0,138.8,10,1231.58,1087.08,2116,2113
1,7,90,RSA-SHA224_signed-by_RSA-SHA256,RSA-SHA224_signed-by_RSA-SHA256,13.295,3146.36,977.184,0.7,0,0,138.8,18,1117.41,1124.21,2116,2113
1,4,31,RSA-SHA224_signed-by_RSA-SHA256,RSA-SHA224_signed-by_RSA-SHA256,16.249,2574.36,1322.38,1,25,1.38889,136.667,24,1604.87,1664.53,2116,2113
1,5,96,RSA-SHA224_signed-by_RSA-SHA256,RSA-SHA224_signed-by_RSA-SHA256,14.219,2941.89,761.775,1,0,0,164.857,15,1132.74,1112.87,2116,2113
1,2,88,RSA-SHA224_signed-by_RSA-SHA256,RSA-SHA224_signed-by_RSA-SHA256,29.006,1442.14,675.149,1,13,0.8125,146,24,1149.44,1107.57,2116,2113
1,1,88,RSA-SHA224_signed-by_RSA-SHA256,RSA-SHA224_signed-by_RSA-SHA256,17.844,2344.22,994.356,1,7,0.5,127.143,24,1146.25,1158.58,2116,2113
1,8,94,RSA-SHA224_signed-by_RSA-SHA256,RSA-SHA224_signed-by_RSA-SHA256,14.446,2895.68,899.328,1,0,0,138.8,17,1145.49,1171.78,2116,2113
1,3,97,RSA-SHA224_signed-by_RSA-SHA256,RSA-SHA224_signed-by_RSA-SHA256,14.453,2894.27,898.89,1,0,0,149.6,24,1136.87,1142.81,2116,2113
1,6,99,RSA-SHA224_signed-by_RSA-SHA256,RSA-SHA224_signed-by_RSA-SHA256,13.948,2999.07,931.438,1,4,0.4,138.8,10,1121.34,1143.06,2116,2113
1,4,32,RSA-SHA224_signed-by_RSA-SHA256,RSA-SHA224_signed-by_RSA-SHA256,13.602,3075.32,1113.91,0.769231,0,0,238,24,1135.95,1119.26,2116,2113
1,2,89,RSA-SHA224_signed-by_RSA-SHA256,RSA-SHA224_signed-by_RSA-SHA256,11.846,3531.23,1096.71,1,0,0,138.8,24,1142.27,1111.83,2116,2113
1,1,89,RSA-SHA224_signed-by_RSA-SHA256,RSA-SHA224_signed-by_RSA-SHA256,10.546,3966.54,1231.91,1,0,0,138.8,24,1295.88,1082.85,2116,2113
1,5,97,RSA-SHA224_signed-by_RSA-SHA256,RSA-SHA224_signed-by_RSA-SHA256,15.522,2694.9,1294.62,1,8,0.444444,180.667,15,1254.94,1113.95,2116,2113
1,3,98,RSA-SHA224_signed-by_RSA-SHA256,RSA-SHA224_signed-by_RSA-SHA256,11.051,3785.27,1175.61,1,0,0,149.6,24,1145.95,1173.42,2116,2113
1,8,95,RSA-SHA224_signed-by_RSA-SHA256,RSA-SHA224_signed-by_RSA-SHA256,14.426,2899.64,1063.59,1,7,0.5,118.571,17,1602.92,1607.35,2116,2113
1,7,91,RSA-SHA224_signed-by_RSA-SHA256,RSA-SHA224_signed-by_RSA-SHA256,21.987,1902.56,1089.36,1,18,1,143.333,18,1128.99,1107.22,2116,2113
1,4,33,RSA-SHA224_signed-by_RSA-SHA256,RSA-SHA224_signed-by_RSA-SHA256,10.597,3947.49,1268.27,1,5,0.416667,122,24,1151.05,1095.13,2116,2113
1,7,92,RSA-SHA224_signed-by_RSA-SHA256,RSA-SHA224_signed-by_RSA-SHA256,9.499,4403.79,1406.45,1,0,0,121.667,18,1203.28,1158.46,2116,2113
1,3,99,RSA-SHA224_signed-by_RSA-SHA256,RSA-SHA224_signed-by_RSA-SHA256,14.42,2900.86,1313.68,1,11,0.846154,179.231,24,1134.66,1090.58,2116,2113
1,8,96,RSA-SHA224_signed-by_RSA-SHA256,RSA-SHA224_signed-by_RSA-SHA256,14.326,2919.88,924.714,1,0,0,129.636,17,1236.94,1130.99,2116,2113
1,5,98,RSA-SHA224_signed-by_RSA-SHA256,RSA-SHA224_signed-by_RSA-SHA256,19.198,2178.86,1119.23,1,19,1.05556,136.667,15,1138.8,1125.68,2116,2113
1,2,90,RSA-SHA224_signed-by_RSA-SHA256,RSA-SHA224_signed-by_RSA-SHA256,26.298,1590.65,1182.72,1,33,1.65,192.8,24,1129.1,1137.63,2116,2113
1,1,90,RSA-SHA224_signed-by_RSA-SHA256,RSA-SHA224_signed-by_RSA-SHA256,28.163,1485.31,906.694,1,24,1.26316,163.053,24,1154.4,1125.07,2116,2113
1,4,34,RSA-SHA224_signed-by_RSA-SHA256,RSA-SHA224_signed-by_RSA-SHA256,19.904,2101.59,1426.78,0.84,28,1.12,226.48,24,1145.92,1102.08,2116,2113
1,7,93,RSA-SHA224_signed-by_RSA-SHA256,RSA-SHA224_signed-by_RSA-SHA256,14.869,2813.3,873.742,1,0,0,138.8,18,1110.14,1149.16,2116,2113
1,5,99,RSA-SHA224_signed-by_RSA-SHA256,RSA-SHA224_signed-by_RSA-SHA256,11.063,3781.24,1174.36,0.4,0,0,138.8,15,1135.44,1101.71,2116,2113
1,8,97,RSA-SHA224_signed-by_RSA-SHA256,RSA-SHA224_signed-by_RSA-SHA256,14.427,2899.51,1313.07,0.692308,11,0.846154,165.385,18,1213.2,1157.52,2116,2113
1,1,91,RSA-SHA224_signed-by_RSA-SHA256,RSA-SHA224_signed-by_RSA-SHA256,9.147,4572.89,1420.23,0,0,0,138.8,24,1129.49,1181.19,2116,2113
1,2,91,RSA-SHA224_signed-by_RSA-SHA256,RSA-SHA224_signed-by_RSA-SHA256,12.498,3347.05,866.688,0.428571,0,0,164.857,24,1154.15,1100.22,2116,2113
1,4,35,RSA-SHA224_signed-by_RSA-SHA256,RSA-SHA224_signed-by_RSA-SHA256,9.331,4482.72,1392.22,0.3,0,0,138.8,24,1145.52,1091.68,2116,2113
1,7,94,RSA-SHA224_signed-by_RSA-SHA256,RSA-SHA224_signed-by_RSA-SHA256,9.204,4544.59,1411.44,0.3,0,0,140,18,1182.21,1152.3,2116,2113
1,8,98,RSA-SHA224_signed-by_RSA-SHA256,RSA-SHA224_signed-by_RSA-SHA256,9.342,4477.41,1467.64,0.636364,1,0.0909091,131.091,18,1126.35,1151.48,2116,2113
1,1,92,RSA-SHA224_signed-by_RSA-SHA256,RSA-SHA224_signed-by_RSA-SHA256,9.276,4509.7,1455.8,0.583333,0,0,122,24,1260.31,1107.88,2116,2113
1,4,36,RSA-SHA224_signed-by_RSA-SHA256,RSA-SHA224_signed-by_RSA-SHA256,8.851,4725.73,1223.68,1,0,0,164.857,24,1154.35,1116.22,2116,2113
1,7,95,RSA-SHA224_signed-by_RSA-SHA256,RSA-SHA224_signed-by_RSA-SHA256,12.496,3347.6,1450.69,1,15,0.9375,116,18,1677.02,1594.27,2116,2113
1,2,92,RSA-SHA224_signed-by_RSA-SHA256,RSA-SHA224_signed-by_RSA-SHA256,16.299,2566.46,1404.7,1,16,0.666667,143,24,1198.05,1207.53,2116,2113
1,4,37,RSA-SHA224_signed-by_RSA-SHA256,RSA-SHA224_signed-by_RSA-SHA256,7.562,5531.47,2003.56,1,0,0,204.154,24,1135.31,1209.72,2116,2113
1,7,96,RSA-SHA224_signed-by_RSA-SHA256,RSA-SHA224_signed-by_RSA-SHA256,6.852,6104.4,2211.08,0.307692,0,0,204.154,18,1109.22,1160.19,2116,2113
1,1,93,RSA-SHA224_signed-by_RSA-SHA256,RSA-SHA224_signed-by_RSA-SHA256,12.63,3312.1,1971.17,1,22,1.375,186.5,24,1157.19,1117.2,2116,2113
1,4,38,RSA-SHA224_signed-by_RSA-SHA256,RSA-SHA224_signed-by_RSA-SHA256,6.259,6682.66,2231.39,0.583333,1,0.0833333,119.333,24,1133.77,1159.51,2116,2113
1,8,99,RSA-SHA224_signed-by_RSA-SHA256,RSA-SHA224_signed-by_RSA-SHA256,23.414,1786.59,977.174,1,16,0.8,113.6,18,1104.69,1116.56,2116,2113
1,1,94,RSA-SHA224_signed-by_RSA-SHA256,RSA-SHA224_signed-by_RSA-SHA256,8.314,5031.45,2134.2,0.714286,7,0.5,127.143,24,1167.37,1270.31,2116,2113
1,2,93,RSA-SHA224_signed-by_RSA-SHA256,RSA-SHA224_signed-by_RSA-SHA256,13.894,3010.64,1788.31,0.909091,25,1.13636,112.182,24,1145.02,1141.19,2116,2113
1,7,97,RSA-SHA224_signed-by_RSA-SHA256,RSA-SHA224_signed-by_RSA-SHA256,10.351,4041.22,1304.57,1,4,0.333333,122,18,1148.52,1098.57,2116,2113
1,4,39,RSA-SHA224_signed-by_RSA-SHA256,RSA-SHA224_signed-by_RSA-SHA256,9.879,4234.36,1341,1,0,0,129.636,24,1121.12,1255.66,2116,2113
1,2,94,RSA-SHA224_signed-by_RSA-SHA256,RSA-SHA224_signed-by_RSA-SHA256,7.921,5281.09,1969.43,0.6,3,0.2,193.467,24,1161.3,1093.41,2116,2113
1,1,95,RSA-SHA224_signed-by_RSA-SHA256,RSA-SHA224_signed-by_RSA-SHA256,10.103,4140.44,1781.6,1,7,0.466667,118,24,1640.4,1588.47,2116,2113
1,7,98,RSA-SHA224_signed-by_RSA-SHA256,RSA-SHA224_signed-by_RSA-SHA256,11.957,3498.38,1462.51,1,6,0.315789,150.842,18,1106.11,1135.04,2116,2113
1,4,40,RSA-SHA224_signed-by_RSA-SHA256,RSA-SHA224_signed-by_RSA-SHA256,11.505,3635.81,2059.53,1,18,1.05882,149.529,24,1257.98,1158.47,2116,2113
1,1,96,RSA-SHA224_signed-by_RSA-SHA256,RSA-SHA224_signed-by_RSA-SHA256,5.805,7205.31,2642.91,0.214286,7,0.5,126.286,24,1239.62,1112.05,2116,2113
1,2,95,RSA-SHA224_signed-by_RSA-SHA256,RSA-SHA224_signed-by_RSA-SHA256,12.912,3239.65,1486.93,1,11,0.785714,156.286,24,1674.93,1597.67,2116,2113
1,1,97,RSA-SHA224_signed-by_RSA-SHA256,RSA-SHA224_signed-by_RSA-SHA256,5.99,6982.79,2200.73,0.909091,7,0.636364,129.636,24,1144.37,1100.01,2116,2113
1,4,41,RSA-SHA224_signed-by_RSA-SHA256,RSA-SHA224_signed-by_RSA-SHA256,7.428,5631.04,2422.99,0.666667,7,0.466667,121.2,24,1139.82,1098.5,2116,2113
1,7,99,RSA-SHA224_signed-by_RSA-SHA256,RSA-SHA224_signed-by_RSA-SHA256,12.458,3357.71,1460.21,1,8,0.5,113,18,1348.44,1105.68,2116,2113
1,2,96,RSA-SHA224_signed-by_RSA-SHA256,RSA-SHA224_signed-by_RSA-SHA256,6.282,6658.11,2108.59,0.545455,0,0,125.273,24,1138.36,1111.96,2116,2113
1,1,98,RSA-SHA224_signed-by_RSA-SHA256,RSA-SHA224_signed-by_RSA-SHA256,8.248,5071.7,2413.15,0.352941,7,0.411765,179.176,24,1151.48,1131.29,2116,2113
1,4,42,RSA-SHA224_signed-by_RSA-SHA256,RSA-SHA224_signed-by_RSA-SHA256,8.936,4681.18,2014.28,0.866667,7,0.466667,118,24,1255.75,1090.18,2116,2113
1,2,97,RSA-SHA224_signed-by_RSA-SHA256,RSA-SHA224_signed-by_RSA-SHA256,5.884,7108.59,2495.96,1,2,0.153846,118,24,1143.62,1122.54,2116,2113
1,4,43,RSA-SHA224_signed-by_RSA-SHA256,RSA-SHA224_signed-by_RSA-SHA256,7.829,5342.59,2719.83,1,18,1.05882,143.882,24,1136.75,1185.2,2116,2113
1,2,98,RSA-SHA224_signed-by_RSA-SHA256,RSA-SHA224_signed-by_RSA-SHA256,6.132,6821.15,2160.23,0.818182,0,0,129.636,24,1138.91,1149.77,2116,2113
1,1,99,RSA-SHA224_signed-by_RSA-SHA256,RSA-SHA224_signed-by_RSA-SHA256,10.276,4070.79,3068.86,1,34,1.41667,151,24,1125.61,1216.4,2116,2113
1,4,44,RSA-SHA224_signed-by_RSA-SHA256,RSA-SHA224_signed-by_RSA-SHA256,6.063,6898.55,2184.74,0,0,0,125.273,24,1242.25,1118.57,2116,2113
1,2,99,RSA-SHA224_signed-by_RSA-SHA256,RSA-SHA224_signed-by_RSA-SHA256,6.123,6830.96,2163.33,0,0,0,125.273,24,1175.19,1100.79,2116,2113
1,4,45,RSA-SHA224_signed-by_RSA-SHA256,RSA-SHA224_signed-by_RSA-SHA256,4.995,8374.12,2652.05,0,0,0,125.273,24,1240.32,1115.01,2116,2113
1,4,46,RSA-SHA224_signed-by_RSA-SHA256,RSA-SHA224_signed-by_RSA-SHA256,4.385,9539.38,3021.08,0,0,0,125.273,24,1314.48,1113.58,2116,2113
1,4,47,RSA-SHA224_signed-by_RSA-SHA256,RSA-SHA224_signed-by_RSA-SHA256,4.806,8703.77,2756.44,0,0,0,125.273,24,1622.03,1602.09,2116,2113
1,4,48,RSA-SHA224_signed-by_RSA-SHA256,RSA-SHA224_signed-by_RSA-SHA256,4.481,9335.02,2956.36,0,0,0,128.545,24,1149.42,1118.72,2116,2113
1,4,49,RSA-SHA224_signed-by_RSA-SHA256,RSA-SHA224_signed-by_RSA-SHA256,4.348,9620.55,3046.78,0,0,0,135.091,24,1131.07,1110.11,2116,2113
1,4,50,RSA-SHA224_signed-by_RSA-SHA256,RSA-SHA224_signed-by_RSA-SHA256,4.675,8947.65,2833.68,0,0,0,135.091,24,1144.58,1165.07,2116,2113
1,4,51,RSA-SHA224_signed-by_RSA-SHA256,RSA-SHA224_signed-by_RSA-SHA256,4.507,9281.17,2939.3,0,0,0,135.091,24,1149.29,1112.12,2116,2113
1,4,52,RSA-SHA224_signed-by_RSA-SHA256,RSA-SHA224_signed-by_RSA-SHA256,4.371,9569.93,3030.75,0,0,0,135.091,24,1224.61,1157.12,2116,2113
1,4,53,RSA-SHA224_signed-by_RSA-SHA256,RSA-SHA224_signed-by_RSA-SHA256,4.608,9077.64,2874.85,0,0,0,135.091,24,1174.34,1180.5,2116,2113
1,4,54,RSA-SHA224_signed-by_RSA-SHA256,RSA-SHA224_signed-by_RSA-SHA256,4.425,9453.15,2993.77,0,0,0,135.091,24,1141.3,1119.11,2116,2113
1,4,55,RSA-SHA224_signed-by_RSA-SHA256,RSA-SHA224_signed-by_RSA-SHA256,4.399,9509.02,3011.46,0,0,0,135.091,24,1231.35,1174.07,2116,2113
1,4,56,RSA-SHA224_signed-by_RSA-SHA256,RSA-SHA224_signed-by_RSA-SHA256,4.307,9712.13,3075.79,0,0,0,135.091,24,1130.86,1105.09,2116,2113
1,4,57,RSA-SHA224_signed-by_RSA-SHA256,RSA-SHA224_signed-by_RSA-SHA256,4.447,9406.38,2978.96,0,0,0,135.091,24,1131.04,1110.88,2116,2113
1,4,58,RSA-SHA224_signed-by_RSA-SHA256,RSA-SHA224_signed-by_RSA-SHA256,4.313,9698.62,3071.51,0,0,0,135.091,24,1133.2,1118.78,2116,2113
1,4,59,RSA-SHA224_signed-by_RSA-SHA256,RSA-SHA224_signed-by_RSA-SHA256,4.358,9598.48,3039.79,0,0,0,135.091,24,1186.97,1117.81,2116,2113
1,4,60,RSA-SHA224_signed-by_RSA-SHA256,RSA-SHA224_signed-by_RSA-SHA256,4.35,9616.13,3045.38,0,0,0,135.091,24,1138.09,1115.95,2116,2113
1,4,61,RSA-SHA224_signed-by_RSA-SHA256,RSA-SHA224_signed-by_RSA-SHA256,4.406,9493.91,3006.68,0,0,0,135.091,24,1310.01,1116.78,2116,2113
1,4,62,RSA-SHA224_signed-by_RSA-SHA256,RSA-SHA224_signed-by_RSA-SHA256,4.465,9368.47,2966.95,0,0,0,135.091,24,1169.26,1103.48,2116,2113
1,4,63,RSA-SHA224_signed-by_RSA-SHA256,RSA-SHA224_signed-by_RSA-SHA256,4.816,8685.7,2750.72,0,0,0,135.091,24,1702.37,1582.05,2116,2113
1,4,64,RSA-SHA224_signed-by_RSA-SHA256,RSA-SHA224_signed-by_RSA-SHA256,4.358,9598.48,3039.79,0,0,0,135.091,24,1135.7,1108.58,2116,2113
1,4,65,RSA-SHA224_signed-by_RSA-SHA256,RSA-SHA224_signed-by_RSA-SHA256,4.406,9493.91,3006.68,0,0,0,135.091,24,1159.5,1122.28,2116,2113
1,4,66,RSA-SHA224_signed-by_RSA-SHA256,RSA-SHA224_signed-by_RSA-SHA256,4.422,9459.56,2995.8,0,0,0,135.091,24,1144.05,1110.78,2116,2113
1,4,67,RSA-SHA224_signed-by_RSA-SHA256,RSA-SHA224_signed-by_RSA-SHA256,4.419,9465.98,2997.83,0,0,0,135.091,24,1223.36,1109.16,2116,2113
1,4,68,RSA-SHA224_signed-by_RSA-SHA256,RSA-SHA224_signed-by_RSA-SHA256,4.505,9285.29,2940.61,0,0,0,135.091,24,1133.15,1114.21,2116,2113
1,4,69,RSA-SHA224_signed-by_RSA-SHA256,RSA-SHA224_signed-by_RSA-SHA256,4.474,9349.62,2960.98,0,0,0,135.091,24,1146.67,1149.45,2116,2113
1,4,70,RSA-SHA224_signed-by_RSA-SHA256,RSA-SHA224_signed-by_RSA-SHA256,4.342,9633.84,3050.99,0,0,0,135.091,24,1179.44,1102.47,2116,2113
1,4,71,RSA-SHA224_signed-by_RSA-SHA256,RSA-SHA224_signed-by_RSA-SHA256,4.294,9741.53,3085.1,0,0,0,135.091,24,1185.63,1116.73,2116,2113
1,4,72,RSA-SHA224_signed-by_RSA-SHA256,RSA-SHA224_signed-by_RSA-SHA256,4.308,9709.87,3075.07,0,0,0,135.091,24,1132.38,1118.77,2116,2113
1,4,73,RSA-SHA224_signed-by_RSA-SHA256,RSA-SHA224_signed-by_RSA-SHA256,4.513,9268.83,2935.39,0,0,0,135.091,24,1143.03,1115.83,2116,2113
1,4,74,RSA-SHA224_signed-by_RSA-SHA256,RSA-SHA224_signed-by_RSA-SHA256,4.398,9511.18,3012.15,0,0,0,135.091,24,1140.71,1108.76,2116,2113
1,4,75,RSA-SHA224_signed-by_RSA-SHA256,RSA-SHA224_signed-by_RSA-SHA256,4.435,9431.84,2987.02,0,0,0,135.091,24,1138.05,1126.09,2116,2113
1,4,76,RSA-SHA224_signed-by_RSA-SHA256,RSA-SHA224_signed-by_RSA-SHA256,4.407,9490.6,3005.63,0,0,0,135.091,24,1145.29,1119.24,2116,2113
1,4,77,RSA-SHA224_signed-by_RSA-SHA256,RSA-SHA224_signed-by_RSA-SHA256,4.355,9605.09,3041.89,0,0,0,135.091,24,1216.26,1104.49,2116,2113
1,4,78,RSA-SHA224_signed-by_RSA-SHA256,RSA-SHA224_signed-by_RSA-SHA256,4.536,9221.83,2920.51,0,0,0,135.091,24,1167.25,1118.08,2116,2113
1,4,79,RSA-SHA224_signed-by_RSA-SHA256,RSA-SHA224_signed-by_RSA-SHA256,4.9,8536.81,2703.57,0,0,0,135.091,24,1595.36,1583.71,2116,2113
1,4,80,RSA-SHA224_signed-by_RSA-SHA256,RSA-SHA224_signed-by_RSA-SHA256,4.423,9457.42,2995.12,0,0,0,135.091,24,1140.16,1196.06,2116,2113
1,4,81,RSA-SHA224_signed-by_RSA-SHA256,RSA-SHA224_signed-by_RSA-SHA256,4.328,9665.01,3060.86,0,0,0,135.091,24,1132.93,1114.37,2116,2113
1,4,82,RSA-SHA224_signed-by_RSA-SHA256,RSA-SHA224_signed-by_RSA-SHA256,4.475,9347.53,2960.32,0,0,0,135.091,24,1137.32,1112.89,2116,2113
1,4,83,RSA-SHA224_signed-by_RSA-SHA256,RSA-SHA224_signed-by_RSA-SHA256,4.314,9696.37,3070.8,0,0,0,136.545,24,1148.47,1121.41,2116,2113
1,4,84,RSA-SHA224_signed-by_RSA-SHA256,RSA-SHA224_signed-by_RSA-SHA256,4.367,9578.69,3033.53,0,0,0,135.091,24,1152.17,1109.45,2116,2113
1,4,85,RSA-SHA224_signed-by_RSA-SHA256,RSA-SHA224_signed-by_RSA-SHA256,4.439,9423.34,2984.33,0,0,0,135.091,24,1148.26,1136.08,2116,2113
1,4,86,RSA-SHA224_signed-by_RSA-SHA256,RSA-SHA224_signed-by_RSA-SHA256,5.092,8214.93,2601.63,0,0,0,136.182,24,1133.55,1118.1,2116,2113
1,4,87,RSA-SHA224_signed-by_RSA-SHA256,RSA-SHA224_signed-by_RSA-SHA256,4.497,9301.8,2945.84,0,0,0,135.091,24,1138.44,1206.77,2116,2113
1,4,88,RSA-SHA224_signed-by_RSA-SHA256,RSA-SHA224_signed-by_RSA-SHA256,4.361,9591.87,3037.7,0,0,0,135.091,24,1143.64,1111.14,2116,2113
1,4,89,RSA-SHA224_signed-by_RSA-SHA256,RSA-SHA224_signed-by_RSA-SHA256,4.356,9602.88,3041.19,0,0,0,135.091,24,1127.1,1128.22,2116,2113
1,4,90,RSA-SHA224_signed-by_RSA-SHA256,RSA-SHA224_signed-by_RSA-SHA256,4.692,8915.24,2823.41,0,0,0,135.091,24,1145.46,1195.77,2116,2113
1,4,91,RSA-SHA224_signed-by_RSA-SHA256,RSA-SHA224_signed-by_RSA-SHA256,4.47,9357.99,2963.63,0,0,0,135.091,24,1150.42,1108.98,2116,2113
1,4,92,RSA-SHA224_signed-by_RSA-SHA256,RSA-SHA224_signed-by_RSA-SHA256,4.462,9374.76,2968.94,0,0,0,135.091,24,1325.38,1119.11,2116,2113
1,4,93,RSA-SHA224_signed-by_RSA-SHA256,RSA-SHA224_signed-by_RSA-SHA256,4.571,9151.22,2898.15,0,0,0,135.091,24,1133.58,1147.46,2116,2113
1,4,94,RSA-SHA224_signed-by_RSA-SHA256,RSA-SHA224_signed-by_RSA-SHA256,5.027,8321.15,2635.27,0,0,0,310.727,24,1129.82,1120.03,2116,2113
1,4,95,RSA-SHA224_signed-by_RSA-SHA256,RSA-SHA224_signed-by_RSA-SHA256,5.154,8116.11,2570.33,0,0,0,135.091,24,1737.02,1623.62,2116,2113
1,4,96,RSA-SHA224_signed-by_RSA-SHA256,RSA-SHA224_signed-by_RSA-SHA256,4.595,9103.43,2883.01,0,0,0,135.091,24,1127.96,1130.13,2116,2113
1,4,97,RSA-SHA224_signed-by_RSA-SHA256,RSA-SHA224_signed-by_RSA-SHA256,4.311,9703.12,3072.93,0,0,0,135.091,24,1190.22,1117.11,2116,2113
1,4,98,RSA-SHA224_signed-by_RSA-SHA256,RSA-SHA224_signed-by_RSA-SHA256,5.947,7033.05,2227.33,0,0,0,135.091,24,1145.85,1104.61,2116,2113
1,4,99,RSA-SHA224_signed-by_RSA-SHA256,RSA-SHA224_signed-by_RSA-SHA256,4.425,9453.15,2993.77,0,0,0,135.091,24,1111.94,1119.6,2116,2113
