scenario,node_id,handshake_index,sta_cert_algo,ap_cert_algo,handshake_delay_ms,goodput_kbps,throughput_kbps,phy_frame_drop_rate,mac_retries,mac_retry_rate,tx_delay_us,prop_delay_ns,cert_verify_ap_us,cert_verify_sta_us,server_cert_msg_bytes,client_cert_msg_bytes
1,8,0,RSA-SHA3-512_signed-by_ECDSA-SHA512,RSA-SHA3-512_signed-by_ECDSA-SHA512,29.448,1150.23,582.992,0.714286,14,0.666667,197.81,14,2080.43,2141.65,1619,1615
1,3,0,RSA-SHA3-512_signed-by_ECDSA-SHA512,RSA-SHA3-512_signed-by_ECDSA-SHA512,43.522,778.264,394.462,1,14,0.666667,188.286,24,2090.61,2042.55,1619,1615
1,6,0,RSA-SHA3-512_signed-by_ECDSA-SHA512,RSA-SHA3-512_signed-by_ECDSA-SHA512,55.284,612.825,164.674,1,0,0,228.667,8,2178.95,2050.54,1619,1616
1,7,0,RSA-SHA3-512_signed-by_ECDSA-SHA512,RSA-SHA3-512_signed-by_ECDSA-SHA512,64.53,524.901,145.668,1,1,0.0625,176.625,16,2069.36,2059.3,1619,1615
1,5,0,RSA-SHA3-512_signed-by_ECDSA-SHA512,RSA-SHA3-512_signed-by_ECDSA-SHA512,68.472,494.682,157.027,1,4,0.210526,254.211,15,2058.22,2053.16,1619,1615
1,2,0,RSA-SHA3-512_signed-by_ECDSA-SHA512,RSA-SHA3-512_signed-by_ECDSA-SHA512,72.03,470.467,139.052,1,9,0.5,156.444,24,2066.5,2046.66,1619,1617
1,8,1,RSA-SHA3-512_signed-by_ECDSA-SHA512,RSA-SHA3-512_signed-by_ECDSA-SHA512,45.267,748.262,628.795,1,27,1.08,762.96,14,2038.62,2012.12,1619,1615
1,1,0,RSA-SHA3-512_signed-by_ECDSA-SHA512,RSA-SHA3-512_signed-by_ECDSA-SHA512,80.574,420.478,152.305,1,6,0.285714,176.476,24,2067.11,2077.38,1619,1616
1,3,1,RSA-SHA3-512_signed-by_ECDSA-SHA512,RSA-SHA3-512_signed-by_ECDSA-SHA512,38.269,885.091,400.946,1,3,0.214286,171.714,24,2030.58,1996.59,1619,1615
1,6,1,RSA-SHA3-512_signed-by_ECDSA-SHA512,RSA-SHA3-512_signed-by_ECDSA-SHA512,27.017,1254.02,480.881,1,0,0,592.4,8,2035.13,2003.83,1619,1616
1,7,1,RSA-SHA3-512_signed-by_ECDSA-SHA512,RSA-SHA3-512_signed-by_ECDSA-SHA512,20.6,1644.26,630.677,1,0,0,136,16,2078.34,2019.23,1619,1615
1,5,1,RSA-SHA3-512_signed-by_ECDSA-SHA512,RSA-SHA3-512_signed-by_ECDSA-SHA512,18.981,1784.49,1311.61,1,22,1.375,418,15,2046.4,1989.02,1619,1615
1,8,2,RSA-SHA3-512_signed-by_ECDSA-SHA512,RSA-SHA3-512_signed-by_ECDSA-SHA512,13.607,2489.13,954.733,0.8,0,0,136,14,2034.83,2012.5,1619,1615
1,2,1,RSA-SHA3-512_signed-by_ECDSA-SHA512,RSA-SHA3-512_signed-by_ECDSA-SHA512,17.461,1940.76,1139.9,0.470588,7,0.411765,240.353,24,2091.77,2007.4,1619,1617
1,1,1,RSA-SHA3-512_signed-by_ECDSA-SHA512,RSA-SHA3-512_signed-by_ECDSA-SHA512,12.544,2700.89,1510.2,0.615385,11,0.846154,158.308,24,2028.08,2023.21,1619,1616
1,6,2,RSA-SHA3-512_signed-by_ECDSA-SHA512,RSA-SHA3-512_signed-by_ECDSA-SHA512,12.796,2647.68,1015.31,0,0,0,126.8,8,2034.11,1994.56,1619,1616
1,3,2,RSA-SHA3-512_signed-by_ECDSA-SHA512,RSA-SHA3-512_signed-by_ECDSA-SHA512,14.163,2391.55,917.307,0,0,0,126.8,24,2006.04,1995.8,1619,1615
1,5,2,RSA-SHA3-512_signed-by_ECDSA-SHA512,RSA-SHA3-512_signed-by_ECDSA-SHA512,9.66,3506.14,1344.82,0,0,0,253.6,15,2016.87,1995.29,1619,1615
1,7,2,RSA-SHA3-512_signed-by_ECDSA-SHA512,RSA-SHA3-512_signed-by_ECDSA-SHA512,13.283,2550,978.083,0.8,0,0,136,16,2074.43,2012.21,1619,1615
1,8,3,RSA-SHA3-512_signed-by_ECDSA-SHA512,RSA-SHA3-512_signed-by_ECDSA-SHA512,11.844,2859.6,1113.04,0.727273,7,0.636364,127.091,14,2041.45,2038.31,1619,1615
1,2,2,RSA-SHA3-512_signed-by_ECDSA-SHA512,RSA-SHA3-512_signed-by_ECDSA-SHA512,13.804,2454.9,941.161,1,0,0,182.8,24,2034.02,2013.7,1619,1617
1,1,2,RSA-SHA3-512_signed-by_ECDSA-SHA512,RSA-SHA3-512_signed-by_ECDSA-SHA512,13.697,2473.48,948.507,1,4,0.4,136,24,2031.82,2018.18,1619,1616
1,6,3,RSA-SHA3-512_signed-by_ECDSA-SHA512,RSA-SHA3-512_signed-by_ECDSA-SHA512,13.464,2516.3,983.942,1,0,0,118.727,8,2029.66,2162.95,1619,1616
1,3,3,RSA-SHA3-512_signed-by_ECDSA-SHA512,RSA-SHA3-512_signed-by_ECDSA-SHA512,13.409,2526.02,1337.59,1,8,0.533333,113.2,24,2020.66,1997.11,1619,1615
1,7,3,RSA-SHA3-512_signed-by_ECDSA-SHA512,RSA-SHA3-512_signed-by_ECDSA-SHA512,12.278,2758.73,1078.99,1,0,0,127.091,16,2027.09,2023.29,1619,1615
1,8,4,RSA-SHA3-512_signed-by_ECDSA-SHA512,RSA-SHA3-512_signed-by_ECDSA-SHA512,16.494,2053.55,918.615,1,0,0,196.154,14,2054.46,1998.65,1619,1615
1,5,3,RSA-SHA3-512_signed-by_ECDSA-SHA512,RSA-SHA3-512_signed-by_ECDSA-SHA512,20.323,1666.63,1165.93,1,18,1.05882,274.706,15,2053.91,2005.51,1619,1615
1,2,3,RSA-SHA3-512_signed-by_ECDSA-SHA512,RSA-SHA3-512_signed-by_ECDSA-SHA512,18.909,1792.11,714.135,1,0,0,158.667,24,2052.37,1997.42,1619,1617
1,1,3,RSA-SHA3-512_signed-by_ECDSA-SHA512,RSA-SHA3-512_signed-by_ECDSA-SHA512,15.934,2126.23,1488.11,1,20,0.952381,487.714,24,2046.83,1998.83,1619,1616
1,3,4,RSA-SHA3-512_signed-by_ECDSA-SHA512,RSA-SHA3-512_signed-by_ECDSA-SHA512,14.344,2361.37,1237.01,0.642857,7,0.5,118.571,24,2035.46,2002.84,1619,1615
1,7,4,RSA-SHA3-512_signed-by_ECDSA-SHA512,RSA-SHA3-512_signed-by_ECDSA-SHA512,13.821,2450.73,953.899,0.818182,7,0.636364,127.091,16,2063.49,1995.53,1619,1615
1,6,4,RSA-SHA3-512_signed-by_ECDSA-SHA512,RSA-SHA3-512_signed-by_ECDSA-SHA512,20.959,1616.44,1130.55,1,18,1.05882,135.412,8,2039.02,1991.39,1619,1616
1,8,5,RSA-SHA3-512_signed-by_ECDSA-SHA512,RSA-SHA3-512_signed-by_ECDSA-SHA512,15.869,2134.42,818.682,1,0,0,136,14,2043.58,2018.65,1619,1615
1,2,4,RSA-SHA3-512_signed-by_ECDSA-SHA512,RSA-SHA3-512_signed-by_ECDSA-SHA512,13.164,2574.26,995.429,1,0,0,169.273,24,2032.98,1998.06,1619,1617
1,1,4,RSA-SHA3-512_signed-by_ECDSA-SHA512,RSA-SHA3-512_signed-by_ECDSA-SHA512,14.228,2381.17,913.111,1,0,0,136,24,2035.9,1999.12,1619,1616
1,5,4,RSA-SHA3-512_signed-by_ECDSA-SHA512,RSA-SHA3-512_signed-by_ECDSA-SHA512,20.482,1653.67,849.88,1,8,0.533333,202.533,15,2037.32,1991.17,1619,1615
1,7,5,RSA-SHA3-512_signed-by_ECDSA-SHA512,RSA-SHA3-512_signed-by_ECDSA-SHA512,16.15,2097.29,969.884,1,0,0,173.467,16,2026.89,1998.58,1619,1615
1,3,5,RSA-SHA3-512_signed-by_ECDSA-SHA512,RSA-SHA3-512_signed-by_ECDSA-SHA512,20.784,1629.66,1222.44,1,22,1.22222,165.111,24,2022.95,2016.3,1619,1615
1,6,5,RSA-SHA3-512_signed-by_ECDSA-SHA512,RSA-SHA3-512_signed-by_ECDSA-SHA512,17.011,1991.6,1113.6,1,11,0.846154,146.923,8,2039.99,1987.06,1619,1616
1,8,6,RSA-SHA3-512_signed-by_ECDSA-SHA512,RSA-SHA3-512_signed-by_ECDSA-SHA512,17.006,1991.72,763.946,1,0,0,133.6,14,2033.28,2051.35,1619,1615
1,2,5,RSA-SHA3-512_signed-by_ECDSA-SHA512,RSA-SHA3-512_signed-by_ECDSA-SHA512,17.308,1957.9,1245.18,1,18,1,177.556,24,2002.37,2010.41,1619,1617
1,5,5,RSA-SHA3-512_signed-by_ECDSA-SHA512,RSA-SHA3-512_signed-by_ECDSA-SHA512,15.797,2144.18,822.426,1,0,0,253.6,15,2012.91,1998.01,1619,1615
1,1,5,RSA-SHA3-512_signed-by_ECDSA-SHA512,RSA-SHA3-512_signed-by_ECDSA-SHA512,17.71,1913.01,1080.5,1,12,0.857143,149.714,24,2065.8,1986.65,1619,1616
1,7,6,RSA-SHA3-512_signed-by_ECDSA-SHA512,RSA-SHA3-512_signed-by_ECDSA-SHA512,15.425,2195.88,1150.32,1,7,0.5,126.857,16,2050,2000.21,1619,1615
1,3,6,RSA-SHA3-512_signed-by_ECDSA-SHA512,RSA-SHA3-512_signed-by_ECDSA-SHA512,16.624,2037.49,934.533,1,8,0.533333,105.2,24,2040.38,2126.06,1619,1615
1,6,6,RSA-SHA3-512_signed-by_ECDSA-SHA512,RSA-SHA3-512_signed-by_ECDSA-SHA512,19.092,1774.49,1131.32,1,23,1.21053,118.632,8,2047.69,2002.46,1619,1616
1,2,6,RSA-SHA3-512_signed-by_ECDSA-SHA512,RSA-SHA3-512_signed-by_ECDSA-SHA512,15.547,2179.64,852.097,1,0,0,178.364,24,2033.24,2009.6,1619,1617
1,8,7,RSA-SHA3-512_signed-by_ECDSA-SHA512,RSA-SHA3-512_signed-by_ECDSA-SHA512,20.928,1618.43,1550.39,1,29,1.03571,112,14,2027.66,1985.62,1619,1615
1,1,6,RSA-SHA3-512_signed-by_ECDSA-SHA512,RSA-SHA3-512_signed-by_ECDSA-SHA512,16.618,2038.68,1369.07,1,14,0.736842,174.632,24,2020.5,2060.43,1619,1616
1,7,7,RSA-SHA3-512_signed-by_ECDSA-SHA512,RSA-SHA3-512_signed-by_ECDSA-SHA512,16.626,2037.22,1150.93,1,12,0.857143,148.857,16,2031.86,1989.39,1619,1615
1,3,7,RSA-SHA3-512_signed-by_ECDSA-SHA512,RSA-SHA3-512_signed-by_ECDSA-SHA512,12.406,2730.23,1236.79,1,7,0.5,110,24,2067.16,2015.27,1619,1615
1,6,7,RSA-SHA3-512_signed-by_ECDSA-SHA512,RSA-SHA3-512_signed-by_ECDSA-SHA512,11.882,2851.35,1614.53,1,5,0.3125,175.5,8,2040.9,2011.16,1619,1616
1,2,7,RSA-SHA3-512_signed-by_ECDSA-SHA512,RSA-SHA3-512_signed-by_ECDSA-SHA512,10.084,3360.28,1288.26,1,4,0.4,182.8,24,2012.05,1995.11,1619,1617
1,8,8,RSA-SHA3-512_signed-by_ECDSA-SHA512,RSA-SHA3-512_signed-by_ECDSA-SHA512,10.606,3193.36,1273.12,1,0,0,112,14,2035.93,2025.58,1619,1615
1,7,8,RSA-SHA3-512_signed-by_ECDSA-SHA512,RSA-SHA3-512_signed-by_ECDSA-SHA512,11.879,2851.39,1197.4,1,1,0.0769231,105.692,16,2032.78,2031.22,1619,1615
1,3,8,RSA-SHA3-512_signed-by_ECDSA-SHA512,RSA-SHA3-512_signed-by_ECDSA-SHA512,12.414,2728.5,1046.55,1,4,0.4,126.8,24,2041.52,2002.17,1619,1615
1,1,7,RSA-SHA3-512_signed-by_ECDSA-SHA512,RSA-SHA3-512_signed-by_ECDSA-SHA512,22.225,1524.4,886.206,1,13,0.764706,248.353,24,2046.66,2029.15,1619,1616
1,5,6,RSA-SHA3-512_signed-by_ECDSA-SHA512,RSA-SHA3-512_signed-by_ECDSA-SHA512,40.438,837.61,788.153,1,37,1.54167,322,15,2013.41,2003.94,1619,1615
1,6,8,RSA-SHA3-512_signed-by_ECDSA-SHA512,RSA-SHA3-512_signed-by_ECDSA-SHA512,18.536,1827.72,957.235,1,7,0.5,126.857,8,2011.03,2001.18,1619,1616
1,2,8,RSA-SHA3-512_signed-by_ECDSA-SHA512,RSA-SHA3-512_signed-by_ECDSA-SHA512,18.441,1837.57,1100.11,1,17,0.894737,219.053,24,2075.88,2007.83,1619,1617
1,8,9,RSA-SHA3-512_signed-by_ECDSA-SHA512,RSA-SHA3-512_signed-by_ECDSA-SHA512,16.243,2085.27,1104.2,1,8,0.533333,113.2,14,2041.19,2013.76,1619,1615
1,3,9,RSA-SHA3-512_signed-by_ECDSA-SHA512,RSA-SHA3-512_signed-by_ECDSA-SHA512,20.276,1670.47,1000.55,1,11,0.578947,158.632,24,2026.85,2012.43,1619,1615
1,7,9,RSA-SHA3-512_signed-by_ECDSA-SHA512,RSA-SHA3-512_signed-by_ECDSA-SHA512,23.776,1424.61,1068.63,1,22,1.22222,150.444,16,2007.7,1996.56,1619,1615
1,5,7,RSA-SHA3-512_signed-by_ECDSA-SHA512,RSA-SHA3-512_signed-by_ECDSA-SHA512,14.789,2290.29,878.467,1,0,0,253.6,15,2030.29,2002.44,1619,1615
1,6,9,RSA-SHA3-512_signed-by_ECDSA-SHA512,RSA-SHA3-512_signed-by_ECDSA-SHA512,14.297,2369.68,926.609,1,0,0,127.091,8,2045.78,2049.55,1619,1616
1,1,8,RSA-SHA3-512_signed-by_ECDSA-SHA512,RSA-SHA3-512_signed-by_ECDSA-SHA512,17.521,1933.62,1081.18,1,15,1.15385,158.308,24,2044.16,2013.12,1619,1616
1,2,9,RSA-SHA3-512_signed-by_ECDSA-SHA512,RSA-SHA3-512_signed-by_ECDSA-SHA512,15.177,2232.8,1795.31,1,27,1.35,228.8,24,2035.39,2170.79,1619,1617
1,8,10,RSA-SHA3-512_signed-by_ECDSA-SHA512,RSA-SHA3-512_signed-by_ECDSA-SHA512,14.982,2260.79,1264.42,1,11,0.846154,146.923,14,2097.37,2033.15,1619,1615
1,3,10,RSA-SHA3-512_signed-by_ECDSA-SHA512,RSA-SHA3-512_signed-by_ECDSA-SHA512,12.357,2741.09,1542.11,0.857143,11,0.785714,138.857,24,2082.08,1995.73,1619,1615
1,5,8,RSA-SHA3-512_signed-by_ECDSA-SHA512,RSA-SHA3-512_signed-by_ECDSA-SHA512,11.464,2954.63,1133.28,1,0,0,253.6,15,2022.2,2016.38,1619,1615
1,7,10,RSA-SHA3-512_signed-by_ECDSA-SHA512,RSA-SHA3-512_signed-by_ECDSA-SHA512,13.259,2554.6,979.847,1,4,0.4,126.8,16,2013.31,2024.52,1619,1615
1,6,10,RSA-SHA3-512_signed-by_ECDSA-SHA512,RSA-SHA3-512_signed-by_ECDSA-SHA512,12.283,2758.24,1270.03,0.8,11,0.733333,112.133,8,2048.42,1997.71,1619,1616
1,1,9,RSA-SHA3-512_signed-by_ECDSA-SHA512,RSA-SHA3-512_signed-by_ECDSA-SHA512,12.523,2705.37,1225.24,1,7,0.5,184.857,24,2044.25,2036.9,1619,1616
1,8,11,RSA-SHA3-512_signed-by_ECDSA-SHA512,RSA-SHA3-512_signed-by_ECDSA-SHA512,11.876,2852.09,1093.95,1,4,0.4,126.8,14,2061.62,1992.35,1619,1615
1,2,10,RSA-SHA3-512_signed-by_ECDSA-SHA512,RSA-SHA3-512_signed-by_ECDSA-SHA512,12.823,2642.7,1196.58,1,3,0.214286,256.286,24,2078.61,1999.45,1619,1617
1,5,9,RSA-SHA3-512_signed-by_ECDSA-SHA512,RSA-SHA3-512_signed-by_ECDSA-SHA512,15.849,2137.11,876.244,1,8,0.571429,192,15,2042.42,2010.3,1619,1615
1,6,11,RSA-SHA3-512_signed-by_ECDSA-SHA512,RSA-SHA3-512_signed-by_ECDSA-SHA512,14.376,2356.66,1631.58,1,20,1,207.8,8,2084.99,1995.84,1619,1616
1,7,11,RSA-SHA3-512_signed-by_ECDSA-SHA512,RSA-SHA3-512_signed-by_ECDSA-SHA512,16.641,2035.39,1070.1,1,10,0.526316,142,16,2007.75,1999.22,1619,1615
1,3,11,RSA-SHA3-512_signed-by_ECDSA-SHA512,RSA-SHA3-512_signed-by_ECDSA-SHA512,20.41,1659.51,928.132,1,11,0.846154,146.923,24,2069.55,1995.4,1619,1615
1,2,11,RSA-SHA3-512_signed-by_ECDSA-SHA512,RSA-SHA3-512_signed-by_ECDSA-SHA512,15.175,2233.09,856.122,1,0,0,182.8,24,2048.31,2030.05,1619,1617
1,8,12,RSA-SHA3-512_signed-by_ECDSA-SHA512,RSA-SHA3-512_signed-by_ECDSA-SHA512,25.756,1315.09,1395.84,1,43,1.22857,156.4,14,2060.8,2027.42,1619,1615
1,3,12,RSA-SHA3-512_signed-by_ECDSA-SHA512,RSA-SHA3-512_signed-by_ECDSA-SHA512,11.88,2851.13,1158.23,1,0,0,106.308,24,2034.12,2231.3,1619,1615
1,1,10,RSA-SHA3-512_signed-by_ECDSA-SHA512,RSA-SHA3-512_signed-by_ECDSA-SHA512,28.487,1189.28,1212.59,1,32,1.03226,169.871,24,2234.02,2002.81,1619,1616
1,5,10,RSA-SHA3-512_signed-by_ECDSA-SHA512,RSA-SHA3-512_signed-by_ECDSA-SHA512,16.933,2000.26,2331.91,1,28,0.903226,390.903,15,2018.4,2021.75,1619,1615
1,6,12,RSA-SHA3-512_signed-by_ECDSA-SHA512,RSA-SHA3-512_signed-by_ECDSA-SHA512,16.726,2025.5,866.635,1,2,0.166667,123,8,2043.9,2005.61,1619,1616
1,2,12,RSA-SHA3-512_signed-by_ECDSA-SHA512,RSA-SHA3-512_signed-by_ECDSA-SHA512,14.999,2259.27,1896.59,1,25,1.19048,193.619,24,2035.18,1995.11,1619,1617
1,8,13,RSA-SHA3-512_signed-by_ECDSA-SHA512,RSA-SHA3-512_signed-by_ECDSA-SHA512,10.741,3153.5,1651.98,1,7,0.5,118.571,15,2036.97,2043.32,1619,1615
1,5,11,RSA-SHA3-512_signed-by_ECDSA-SHA512,RSA-SHA3-512_signed-by_ECDSA-SHA512,8.051,4206.81,1613.57,1,0,0,238,15,2038.05,2007.82,1619,1615
1,3,13,RSA-SHA3-512_signed-by_ECDSA-SHA512,RSA-SHA3-512_signed-by_ECDSA-SHA512,12.548,2699.32,1429.35,1,8,0.533333,113.2,24,2038.11,1984.98,1619,1615
1,6,13,RSA-SHA3-512_signed-by_ECDSA-SHA512,RSA-SHA3-512_signed-by_ECDSA-SHA512,15.32,2211.41,1158.19,1,7,0.5,126.857,8,2033.39,2038.07,1619,1616
1,1,11,RSA-SHA3-512_signed-by_ECDSA-SHA512,RSA-SHA3-512_signed-by_ECDSA-SHA512,18.589,1822.51,1544.07,1,25,1.13636,155.273,24,2033.77,2021.62,1619,1616
1,2,13,RSA-SHA3-512_signed-by_ECDSA-SHA512,RSA-SHA3-512_signed-by_ECDSA-SHA512,16.713,2027.57,1164.08,1,11,0.733333,190.267,24,2090.92,2005.02,1619,1617
1,8,14,RSA-SHA3-512_signed-by_ECDSA-SHA512,RSA-SHA3-512_signed-by_ECDSA-SHA512,11.911,2843.71,1090.74,0.9,4,0.4,126.8,15,2036.59,2013.12,1619,1615
1,5,12,RSA-SHA3-512_signed-by_ECDSA-SHA512,RSA-SHA3-512_signed-by_ECDSA-SHA512,12.343,2744.18,1052.56,1,0,0,253.6,15,2057.39,1992.72,1619,1615
1,3,14,RSA-SHA3-512_signed-by_ECDSA-SHA512,RSA-SHA3-512_signed-by_ECDSA-SHA512,12.748,2657.02,1039.21,0.363636,0,0,118.727,24,2065.2,2034.78,1619,1615
1,7,12,RSA-SHA3-512_signed-by_ECDSA-SHA512,RSA-SHA3-512_signed-by_ECDSA-SHA512,42.21,802.463,465.103,1,14,0.823529,124.353,16,2051.32,2011.42,1619,1615
1,1,12,RSA-SHA3-512_signed-by_ECDSA-SHA512,RSA-SHA3-512_signed-by_ECDSA-SHA512,10.647,3181.88,1238.19,0.636364,7,0.636364,127.091,24,2055.35,1997.75,1619,1616
1,6,14,RSA-SHA3-512_signed-by_ECDSA-SHA512,RSA-SHA3-512_signed-by_ECDSA-SHA512,13.708,2471.54,966.438,1,0,0,127.091,8,2024.57,2007.9,1619,1616
1,2,14,RSA-SHA3-512_signed-by_ECDSA-SHA512,RSA-SHA3-512_signed-by_ECDSA-SHA512,11.797,2872.38,1101.21,1,0,0,179.2,24,2023.57,1986.25,1619,1617
1,5,13,RSA-SHA3-512_signed-by_ECDSA-SHA512,RSA-SHA3-512_signed-by_ECDSA-SHA512,14.866,2278.46,873.93,1,0,0,253.6,15,2042.42,2028.82,1619,1615
1,3,15,RSA-SHA3-512_signed-by_ECDSA-SHA512,RSA-SHA3-512_signed-by_ECDSA-SHA512,18.443,1836.53,732.181,1,0,0,113,24,2506.2,2447.99,1619,1615
1,7,13,RSA-SHA3-512_signed-by_ECDSA-SHA512,RSA-SHA3-512_signed-by_ECDSA-SHA512,14.594,2320.91,907.753,1,0,0,118.727,16,2051.2,1997.19,1619,1615
1,5,14,RSA-SHA3-512_signed-by_ECDSA-SHA512,RSA-SHA3-512_signed-by_ECDSA-SHA512,10.682,3170.89,1258.17,1,5,0.416667,115.667,15,2080.73,2002.65,1619,1615
1,2,15,RSA-SHA3-512_signed-by_ECDSA-SHA512,RSA-SHA3-512_signed-by_ECDSA-SHA512,18.767,1805.72,1212.34,1,14,0.736842,131.263,24,2482.09,2485.02,1619,1617
1,8,15,RSA-SHA3-512_signed-by_ECDSA-SHA512,RSA-SHA3-512_signed-by_ECDSA-SHA512,30.925,1095.26,1116.99,1,32,1.03226,130.516,15,2512.26,2470.38,1619,1615
1,1,13,RSA-SHA3-512_signed-by_ECDSA-SHA512,RSA-SHA3-512_signed-by_ECDSA-SHA512,22.693,1492.95,2158.87,1,65,1.66667,558.923,24,2071.21,2006.55,1619,1616
1,3,16,RSA-SHA3-512_signed-by_ECDSA-SHA512,RSA-SHA3-512_signed-by_ECDSA-SHA512,9.987,3391.51,1300.85,0.3,0,0,126.8,24,2049.99,1980.54,1619,1615
1,6,15,RSA-SHA3-512_signed-by_ECDSA-SHA512,RSA-SHA3-512_signed-by_ECDSA-SHA512,23.258,1456.68,1018.81,1,18,1.05882,145.529,8,2476.9,2468.58,1619,1616
1,7,14,RSA-SHA3-512_signed-by_ECDSA-SHA512,RSA-SHA3-512_signed-by_ECDSA-SHA512,11.678,2900.4,1112.48,1,0,0,126.8,16,2037.89,1999.41,1619,1615
1,2,16,RSA-SHA3-512_signed-by_ECDSA-SHA512,RSA-SHA3-512_signed-by_ECDSA-SHA512,12.841,2638.96,1401.72,1,7,0.466667,130.533,24,2045.27,2001.75,1619,1617
1,1,14,RSA-SHA3-512_signed-by_ECDSA-SHA512,RSA-SHA3-512_signed-by_ECDSA-SHA512,11.734,2887.28,1512.16,1,7,0.5,147.429,24,2040.7,2002.2,1619,1616
1,3,17,RSA-SHA3-512_signed-by_ECDSA-SHA512,RSA-SHA3-512_signed-by_ECDSA-SHA512,14.444,2344.97,1346.94,1,11,0.733333,132.4,24,2035.96,2013.65,1619,1615
1,5,15,RSA-SHA3-512_signed-by_ECDSA-SHA512,RSA-SHA3-512_signed-by_ECDSA-SHA512,21.168,1600.13,924.405,1,9,0.5,162.444,15,2515.77,2461.44,1619,1615
1,8,16,RSA-SHA3-512_signed-by_ECDSA-SHA512,RSA-SHA3-512_signed-by_ECDSA-SHA512,17.507,1934.68,1241.96,1,23,1.21053,118.842,15,2183.62,1996.32,1619,1615
1,6,16,RSA-SHA3-512_signed-by_ECDSA-SHA512,RSA-SHA3-512_signed-by_ECDSA-SHA512,15.602,2171.43,1595.63,1,22,1.375,168.75,8,2037.68,2001.52,1619,1616
1,7,15,RSA-SHA3-512_signed-by_ECDSA-SHA512,RSA-SHA3-512_signed-by_ECDSA-SHA512,15.928,2126.5,1412.31,1,14,0.777778,115.333,16,2491.45,2486.53,1619,1615
1,2,17,RSA-SHA3-512_signed-by_ECDSA-SHA512,RSA-SHA3-512_signed-by_ECDSA-SHA512,13.022,2602.33,1543.21,0.666667,14,0.777778,123.778,24,2035.29,2016.21,1619,1617
1,1,15,RSA-SHA3-512_signed-by_ECDSA-SHA512,RSA-SHA3-512_signed-by_ECDSA-SHA512,14.911,2272.09,888.451,1,0,0,127.091,24,2504.8,2465.9,1619,1616
1,3,18,RSA-SHA3-512_signed-by_ECDSA-SHA512,RSA-SHA3-512_signed-by_ECDSA-SHA512,12.359,2740.65,1051.21,1,0,0,126.8,24,2036.33,2019.71,1619,1615
1,5,16,RSA-SHA3-512_signed-by_ECDSA-SHA512,RSA-SHA3-512_signed-by_ECDSA-SHA512,13.493,2510.3,962.855,1,4,0.4,136,15,2028.68,2011.1,1619,1615
1,6,17,RSA-SHA3-512_signed-by_ECDSA-SHA512,RSA-SHA3-512_signed-by_ECDSA-SHA512,12.747,2657.86,1034.27,1,7,0.636364,127.091,8,2023.38,2034.49,1619,1616
1,8,17,RSA-SHA3-512_signed-by_ECDSA-SHA512,RSA-SHA3-512_signed-by_ECDSA-SHA512,14.764,2294.18,1056.6,1,3,0.2,172.667,15,2047.46,1995.63,1619,1615
1,7,16,RSA-SHA3-512_signed-by_ECDSA-SHA512,RSA-SHA3-512_signed-by_ECDSA-SHA512,13.898,2437.14,934.792,1,0,0,126.8,16,2050.1,2008.12,1619,1615
1,3,19,RSA-SHA3-512_signed-by_ECDSA-SHA512,RSA-SHA3-512_signed-by_ECDSA-SHA512,11.945,2835.63,1607.35,1,11,0.785714,149.714,24,2022.55,2008.52,1619,1615
1,1,16,RSA-SHA3-512_signed-by_ECDSA-SHA512,RSA-SHA3-512_signed-by_ECDSA-SHA512,13.208,2565.05,1482.7,1,17,1.0625,135.75,24,2037.42,2002.58,1619,1616
1,5,17,RSA-SHA3-512_signed-by_ECDSA-SHA512,RSA-SHA3-512_signed-by_ECDSA-SHA512,12.172,2782.7,1319.71,1,4,0.266667,176.4,15,2013.69,1999.62,1619,1615
1,6,18,RSA-SHA3-512_signed-by_ECDSA-SHA512,RSA-SHA3-512_signed-by_ECDSA-SHA512,12.311,2751.92,1230.73,1,4,0.307692,196.154,8,2041.85,2026.38,1619,1616
1,8,18,RSA-SHA3-512_signed-by_ECDSA-SHA512,RSA-SHA3-512_signed-by_ECDSA-SHA512,11.632,2911.9,1628.57,1,11,0.846154,146.923,15,2029.94,2020.61,1619,1615
1,7,17,RSA-SHA3-512_signed-by_ECDSA-SHA512,RSA-SHA3-512_signed-by_ECDSA-SHA512,12.67,2673.31,1251.42,1,7,0.4375,101,16,2036.52,2017.51,1619,1615
1,2,18,RSA-SHA3-512_signed-by_ECDSA-SHA512,RSA-SHA3-512_signed-by_ECDSA-SHA512,23.181,1461.87,1180.26,1,21,0.913043,131.565,24,2030.52,1993.23,1619,1617
1,3,20,RSA-SHA3-512_signed-by_ECDSA-SHA512,RSA-SHA3-512_signed-by_ECDSA-SHA512,10.839,3125,1222.25,1,3,0.272727,122.727,24,2407.08,1993.59,1619,1615
1,6,19,RSA-SHA3-512_signed-by_ECDSA-SHA512,RSA-SHA3-512_signed-by_ECDSA-SHA512,9.13,3710.52,1680.47,0.857143,3,0.214286,184.857,8,2039.59,2029.54,1619,1616
1,7,18,RSA-SHA3-512_signed-by_ECDSA-SHA512,RSA-SHA3-512_signed-by_ECDSA-SHA512,9.987,3391.34,1409.72,0.923077,1,0.0769231,107.231,16,2063.4,2042.4,1619,1615
1,8,19,RSA-SHA3-512_signed-by_ECDSA-SHA512,RSA-SHA3-512_signed-by_ECDSA-SHA512,13.958,2426.67,1298.73,1,13,0.8125,111.5,15,2007.37,1994.04,1619,1615
1,5,18,RSA-SHA3-512_signed-by_ECDSA-SHA512,RSA-SHA3-512_signed-by_ECDSA-SHA512,17.909,1891.28,1093.49,1,13,0.8125,180.75,15,2040.88,2015.09,1619,1615
1,1,17,RSA-SHA3-512_signed-by_ECDSA-SHA512,RSA-SHA3-512_signed-by_ECDSA-SHA512,22.889,1480.18,681.545,1,3,0.2,404.4,24,2052.86,2000.03,1619,1616
1,6,20,RSA-SHA3-512_signed-by_ECDSA-SHA512,RSA-SHA3-512_signed-by_ECDSA-SHA512,12.86,2634.47,1010.24,1,0,0,136,8,2045.59,2006.07,1619,1616
1,2,19,RSA-SHA3-512_signed-by_ECDSA-SHA512,RSA-SHA3-512_signed-by_ECDSA-SHA512,21.873,1549.3,895.346,1,17,1.0625,147.75,24,2040.08,1999.28,1619,1617
1,7,19,RSA-SHA3-512_signed-by_ECDSA-SHA512,RSA-SHA3-512_signed-by_ECDSA-SHA512,14.541,2329.33,893.443,1,0,0,126.8,16,2034.39,2053.8,1619,1615
1,3,21,RSA-SHA3-512_signed-by_ECDSA-SHA512,RSA-SHA3-512_signed-by_ECDSA-SHA512,20.262,1671.62,1101.52,1,18,0.9,179.2,24,2043.71,1997.59,1619,1615
1,8,20,RSA-SHA3-512_signed-by_ECDSA-SHA512,RSA-SHA3-512_signed-by_ECDSA-SHA512,14.004,2418.66,1109.36,1,8,0.533333,163.6,15,2136.98,1992.48,1619,1615
1,5,19,RSA-SHA3-512_signed-by_ECDSA-SHA512,RSA-SHA3-512_signed-by_ECDSA-SHA512,12.08,2803.93,1075.48,1,4,0.4,148,15,2065.08,2017.8,1619,1615
1,1,18,RSA-SHA3-512_signed-by_ECDSA-SHA512,RSA-SHA3-512_signed-by_ECDSA-SHA512,12.702,2667.24,1511.54,1,11,0.785714,203.714,24,2030.3,2001.22,1619,1616
1,6,21,RSA-SHA3-512_signed-by_ECDSA-SHA512,RSA-SHA3-512_signed-by_ECDSA-SHA512,11.75,2883.37,1105.69,1,0,0,136,8,2037.36,2032.61,1619,1616
1,3,22,RSA-SHA3-512_signed-by_ECDSA-SHA512,RSA-SHA3-512_signed-by_ECDSA-SHA512,7.734,4379.16,1679.68,0,0,0,136,24,2015.55,2001.02,1619,1615
1,7,20,RSA-SHA3-512_signed-by_ECDSA-SHA512,RSA-SHA3-512_signed-by_ECDSA-SHA512,10.271,3297.81,1844.4,0.692308,11,0.846154,146.923,16,2066.52,1998.9,1619,1615
1,2,20,RSA-SHA3-512_signed-by_ECDSA-SHA512,RSA-SHA3-512_signed-by_ECDSA-SHA512,13.514,2507.57,1135.39,0.857143,3,0.214286,202.571,24,2079.77,1989.62,1619,1617
1,5,20,RSA-SHA3-512_signed-by_ECDSA-SHA512,RSA-SHA3-512_signed-by_ECDSA-SHA512,13.416,2524.7,1158,0.533333,8,0.533333,175.067,15,2030.72,2028.05,1619,1615
1,8,21,RSA-SHA3-512_signed-by_ECDSA-SHA512,RSA-SHA3-512_signed-by_ECDSA-SHA512,14.743,2297.44,1040.74,0.571429,3,0.214286,173.429,15,1999.89,2032.07,1619,1615
1,1,19,RSA-SHA3-512_signed-by_ECDSA-SHA512,RSA-SHA3-512_signed-by_ECDSA-SHA512,12.514,2707.32,1038.18,1,0,0,182.8,24,2045.92,2016.37,1619,1616
1,6,22,RSA-SHA3-512_signed-by_ECDSA-SHA512,RSA-SHA3-512_signed-by_ECDSA-SHA512,13.232,2560.41,1159.59,0.785714,7,0.5,117.429,8,2024.87,1990.62,1619,1616
1,3,23,RSA-SHA3-512_signed-by_ECDSA-SHA512,RSA-SHA3-512_signed-by_ECDSA-SHA512,14.351,2360.22,1254.25,1,7,0.466667,120.933,24,2035.16,1995.48,1619,1615
1,7,21,RSA-SHA3-512_signed-by_ECDSA-SHA512,RSA-SHA3-512_signed-by_ECDSA-SHA512,13.22,2562.16,982.748,1,0,0,126.8,16,2048.84,2019.3,1619,1615
1,2,21,RSA-SHA3-512_signed-by_ECDSA-SHA512,RSA-SHA3-512_signed-by_ECDSA-SHA512,15.001,2259.01,1262.83,1,11,0.846154,217.385,24,2047.31,2013.12,1619,1617
1,5,21,RSA-SHA3-512_signed-by_ECDSA-SHA512,RSA-SHA3-512_signed-by_ECDSA-SHA512,14.838,2282.72,1034.07,1,3,0.214286,184.857,15,2012.68,2019.34,1619,1615
1,6,23,RSA-SHA3-512_signed-by_ECDSA-SHA512,RSA-SHA3-512_signed-by_ECDSA-SHA512,11.349,2985.28,1876.46,1,18,1.05882,137.765,8,2029.81,2023.5,1619,1616
1,3,24,RSA-SHA3-512_signed-by_ECDSA-SHA512,RSA-SHA3-512_signed-by_ECDSA-SHA512,10.435,3245.98,1269.57,1,0,0,127.091,24,2029.3,2008.37,1619,1615
1,7,22,RSA-SHA3-512_signed-by_ECDSA-SHA512,RSA-SHA3-512_signed-by_ECDSA-SHA512,10.263,3300.38,1276.81,1,0,0,118.364,16,2067.65,2044.18,1619,1615
1,1,20,RSA-SHA3-512_signed-by_ECDSA-SHA512,RSA-SHA3-512_signed-by_ECDSA-SHA512,19.566,1731.5,919.924,1,7,0.466667,160.133,24,2028.35,2003.43,1619,1616
1,8,22,RSA-SHA3-512_signed-by_ECDSA-SHA512,RSA-SHA3-512_signed-by_ECDSA-SHA512,22.947,1476.08,792.776,1,8,0.5,124.75,15,2046.58,1990.08,1619,1615
1,5,22,RSA-SHA3-512_signed-by_ECDSA-SHA512,RSA-SHA3-512_signed-by_ECDSA-SHA512,13.429,2522.25,967.438,1,0,0,136,15,2045.8,2037.8,1619,1615
1,3,25,RSA-SHA3-512_signed-by_ECDSA-SHA512,RSA-SHA3-512_signed-by_ECDSA-SHA512,12.226,2770.45,1062.64,0.3,0,0,136,24,2038.75,2001.02,1619,1615
1,7,23,RSA-SHA3-512_signed-by_ECDSA-SHA512,RSA-SHA3-512_signed-by_ECDSA-SHA512,12.623,2683.31,1029.21,0.3,0,0,126.8,16,2003.64,1998.23,1619,1615
1,6,24,RSA-SHA3-512_signed-by_ECDSA-SHA512,RSA-SHA3-512_signed-by_ECDSA-SHA512,16.688,2030.13,1503.3,0.764706,29,1.70588,161.059,8,2022.34,1995.03,1619,1616
1,2,22,RSA-SHA3-512_signed-by_ECDSA-SHA512,RSA-SHA3-512_signed-by_ECDSA-SHA512,21.864,1549.93,1422.6,1,33,1.65,256.2,24,2035.71,2018.56,1619,1617
1,1,21,RSA-SHA3-512_signed-by_ECDSA-SHA512,RSA-SHA3-512_signed-by_ECDSA-SHA512,13.255,2555.98,980.144,0.6,0,0,182.8,24,2039.06,2034.03,1619,1616
1,8,23,RSA-SHA3-512_signed-by_ECDSA-SHA512,RSA-SHA3-512_signed-by_ECDSA-SHA512,12.722,2662.45,1021.21,0.6,0,0,148,15,2038.48,1985.44,1619,1615
1,5,23,RSA-SHA3-512_signed-by_ECDSA-SHA512,RSA-SHA3-512_signed-by_ECDSA-SHA512,14.067,2407.84,941.755,1,0,0,127.091,15,2092.55,2012.21,1619,1615
1,7,24,RSA-SHA3-512_signed-by_ECDSA-SHA512,RSA-SHA3-512_signed-by_ECDSA-SHA512,13.844,2446.64,1295.55,1,12,0.8,113.2,16,2097.55,2012.92,1619,1615
1,6,25,RSA-SHA3-512_signed-by_ECDSA-SHA512,RSA-SHA3-512_signed-by_ECDSA-SHA512,14.356,2359.95,1386.44,1,7,0.411765,174.471,9,2039.43,2031.38,1619,1616
1,3,26,RSA-SHA3-512_signed-by_ECDSA-SHA512,RSA-SHA3-512_signed-by_ECDSA-SHA512,20.11,1684.28,1131.34,1,18,0.947368,116.105,24,2059.02,2160.09,1619,1615
1,2,23,RSA-SHA3-512_signed-by_ECDSA-SHA512,RSA-SHA3-512_signed-by_ECDSA-SHA512,17.105,1981.13,897.026,1,7,0.5,127.714,24,2030.79,1995.16,1619,1617
1,8,24,RSA-SHA3-512_signed-by_ECDSA-SHA512,RSA-SHA3-512_signed-by_ECDSA-SHA512,15.84,2138.34,1120.18,1,7,0.5,137.143,15,2034.71,1991.06,1619,1615
1,1,22,RSA-SHA3-512_signed-by_ECDSA-SHA512,RSA-SHA3-512_signed-by_ECDSA-SHA512,17.399,1947.19,1019.81,1,7,0.5,163.714,24,2034.85,1993.03,1619,1616
1,5,24,RSA-SHA3-512_signed-by_ECDSA-SHA512,RSA-SHA3-512_signed-by_ECDSA-SHA512,17.849,1897.65,1090.01,1,11,0.733333,142.267,15,2019.37,2101.73,1619,1615
1,7,25,RSA-SHA3-512_signed-by_ECDSA-SHA512,RSA-SHA3-512_signed-by_ECDSA-SHA512,16.735,2023.98,916.863,1,3,0.214286,170.857,16,2028.19,2006.54,1619,1615
1,6,26,RSA-SHA3-512_signed-by_ECDSA-SHA512,RSA-SHA3-512_signed-by_ECDSA-SHA512,15.2,2228.9,1009.45,1,7,0.5,117.429,9,2035.34,1992.62,1619,1616
1,2,24,RSA-SHA3-512_signed-by_ECDSA-SHA512,RSA-SHA3-512_signed-by_ECDSA-SHA512,11.156,3037.64,1164.57,0.3,0,0,148,24,2023.88,1980.89,1619,1617
1,8,25,RSA-SHA3-512_signed-by_ECDSA-SHA512,RSA-SHA3-512_signed-by_ECDSA-SHA512,13.536,2502.33,978.709,0.545455,0,0,127.091,15,2059.25,2038.99,1619,1615
1,3,27,RSA-SHA3-512_signed-by_ECDSA-SHA512,RSA-SHA3-512_signed-by_ECDSA-SHA512,16.651,2034.18,1431.71,1,28,1.27273,199.636,24,2040.97,2010.97,1619,1615
1,1,23,RSA-SHA3-512_signed-by_ECDSA-SHA512,RSA-SHA3-512_signed-by_ECDSA-SHA512,15.611,2170.22,999.273,0.933333,7,0.466667,147.333,24,2052.81,1987.81,1619,1616
1,5,25,RSA-SHA3-512_signed-by_ECDSA-SHA512,RSA-SHA3-512_signed-by_ECDSA-SHA512,14.611,2318.2,1312.96,1,9,0.5625,116.5,15,2045.97,2006.52,1619,1615
1,7,26,RSA-SHA3-512_signed-by_ECDSA-SHA512,RSA-SHA3-512_signed-by_ECDSA-SHA512,14.876,2276.91,1209.98,1,7,0.466667,113.2,16,2025.61,2022.46,1619,1615
1,2,25,RSA-SHA3-512_signed-by_ECDSA-SHA512,RSA-SHA3-512_signed-by_ECDSA-SHA512,14.813,2287.67,877.047,1,0,0,148,24,2026.23,1986.35,1619,1617
1,6,27,RSA-SHA3-512_signed-by_ECDSA-SHA512,RSA-SHA3-512_signed-by_ECDSA-SHA512,16.241,2086.02,815.691,1,0,0,127.091,9,2067.92,2043.21,1619,1616
1,3,28,RSA-SHA3-512_signed-by_ECDSA-SHA512,RSA-SHA3-512_signed-by_ECDSA-SHA512,12.762,2654.09,1187.26,1,0,0,196.154,24,2013.3,1999.86,1619,1615
1,8,26,RSA-SHA3-512_signed-by_ECDSA-SHA512,RSA-SHA3-512_signed-by_ECDSA-SHA512,14.793,2289.68,1439.57,1,18,1.05882,137.765,15,2033.62,2015.13,1619,1615
1,1,24,RSA-SHA3-512_signed-by_ECDSA-SHA512,RSA-SHA3-512_signed-by_ECDSA-SHA512,15.869,2134.92,850.943,1,0,0,152.667,24,2117.61,1993.13,1619,1616
1,5,26,RSA-SHA3-512_signed-by_ECDSA-SHA512,RSA-SHA3-512_signed-by_ECDSA-SHA512,12.26,2762.78,1251.54,1,7,0.5,122.571,15,2024.04,2018.71,1619,1615
1,7,27,RSA-SHA3-512_signed-by_ECDSA-SHA512,RSA-SHA3-512_signed-by_ECDSA-SHA512,12.748,2657,1019.12,1,0,0,126.8,16,2053.54,2005.22,1619,1615
1,8,27,RSA-SHA3-512_signed-by_ECDSA-SHA512,RSA-SHA3-512_signed-by_ECDSA-SHA512,9.623,3519.87,1350.09,1,0,0,136,15,2040.02,2021.76,1619,1615
1,6,28,RSA-SHA3-512_signed-by_ECDSA-SHA512,RSA-SHA3-512_signed-by_ECDSA-SHA512,13.654,2481.26,1492.86,1,13,0.866667,144.933,9,2026.65,1992.22,1619,1616
1,2,26,RSA-SHA3-512_signed-by_ECDSA-SHA512,RSA-SHA3-512_signed-by_ECDSA-SHA512,15.564,2177.26,1152.36,1,8,0.533333,130.533,24,2214.4,2002.34,1619,1617
1,3,29,RSA-SHA3-512_signed-by_ECDSA-SHA512,RSA-SHA3-512_signed-by_ECDSA-SHA512,14.373,2356.56,1247.85,0.733333,8,0.533333,120.933,24,2060.72,2016.68,1619,1615
1,1,25,RSA-SHA3-512_signed-by_ECDSA-SHA512,RSA-SHA3-512_signed-by_ECDSA-SHA512,11.461,2956.06,1133.56,0.3,0,0,126.8,24,2064.36,1991.69,1619,1616
1,5,27,RSA-SHA3-512_signed-by_ECDSA-SHA512,RSA-SHA3-512_signed-by_ECDSA-SHA512,11.654,2906.41,1114.79,0.3,0,0,136,15,2034.67,2015.55,1619,1615
1,7,28,RSA-SHA3-512_signed-by_ECDSA-SHA512,RSA-SHA3-512_signed-by_ECDSA-SHA512,12.075,2805.08,1097.12,0.363636,0,0,118.727,16,2014.28,2003.02,1619,1615
1,8,28,RSA-SHA3-512_signed-by_ECDSA-SHA512,RSA-SHA3-512_signed-by_ECDSA-SHA512,11.612,2916.97,1180.84,0.363636,1,0.0909091,127.818,15,2061.3,2017.64,1619,1615
1,6,29,RSA-SHA3-512_signed-by_ECDSA-SHA512,RSA-SHA3-512_signed-by_ECDSA-SHA512,11.154,3037.47,1164.78,0.4,0,0,136,9,2068.66,1997.8,1619,1616
1,3,30,RSA-SHA3-512_signed-by_ECDSA-SHA512,RSA-SHA3-512_signed-by_ECDSA-SHA512,10.803,3135.41,1202.62,0.4,0,0,136,24,2059.76,2044.34,1619,1615
1,2,27,RSA-SHA3-512_signed-by_ECDSA-SHA512,RSA-SHA3-512_signed-by_ECDSA-SHA512,13.926,2433.38,1456.81,0.526316,15,0.789474,119.263,24,2052.94,2004.09,1619,1617
1,1,26,RSA-SHA3-512_signed-by_ECDSA-SHA512,RSA-SHA3-512_signed-by_ECDSA-SHA512,11.963,2832.03,1102.05,1,5,0.454545,118.727,24,2183.99,2012.58,1619,1616
1,5,28,RSA-SHA3-512_signed-by_ECDSA-SHA512,RSA-SHA3-512_signed-by_ECDSA-SHA512,11.282,3002.27,1215.37,0.727273,1,0.0909091,128.909,15,2016.35,2016.61,1619,1615
1,7,29,RSA-SHA3-512_signed-by_ECDSA-SHA512,RSA-SHA3-512_signed-by_ECDSA-SHA512,11.102,3050.95,1170.23,0.7,0,0,126.8,16,2058.54,1996.8,1619,1615
1,8,29,RSA-SHA3-512_signed-by_ECDSA-SHA512,RSA-SHA3-512_signed-by_ECDSA-SHA512,11.296,2998.54,1150.13,0.7,0,0,136,15,2040.97,2056.35,1619,1615
1,3,31,RSA-SHA3-512_signed-by_ECDSA-SHA512,RSA-SHA3-512_signed-by_ECDSA-SHA512,10.887,3111.21,1193.34,1,0,0,136,24,2545.32,2455.85,1619,1615
1,6,30,RSA-SHA3-512_signed-by_ECDSA-SHA512,RSA-SHA3-512_signed-by_ECDSA-SHA512,12.765,2654.06,1202,0.714286,7,0.5,117.429,9,2084.95,2011.31,1619,1616
1,2,28,RSA-SHA3-512_signed-by_ECDSA-SHA512,RSA-SHA3-512_signed-by_ECDSA-SHA512,11.381,2977.54,1141.53,0.7,0,0,144.4,24,2031.9,1983.78,1619,1617
1,1,27,RSA-SHA3-512_signed-by_ECDSA-SHA512,RSA-SHA3-512_signed-by_ECDSA-SHA512,11.456,2957.34,1339.36,0.5,3,0.214286,170.857,24,2058.98,2023.63,1619,1616
1,5,29,RSA-SHA3-512_signed-by_ECDSA-SHA512,RSA-SHA3-512_signed-by_ECDSA-SHA512,14.743,2297.42,1203.51,0.5,7,0.5,137.143,15,2040.97,2007.53,1619,1615
1,7,30,RSA-SHA3-512_signed-by_ECDSA-SHA512,RSA-SHA3-512_signed-by_ECDSA-SHA512,13.536,2502.3,959.785,1,0,0,126.8,16,2010.55,2010.22,1619,1615
1,8,30,RSA-SHA3-512_signed-by_ECDSA-SHA512,RSA-SHA3-512_signed-by_ECDSA-SHA512,13.817,2451.4,1298.07,0.666667,8,0.533333,120.933,15,2039.71,1994.31,1619,1615
1,3,32,RSA-SHA3-512_signed-by_ECDSA-SHA512,RSA-SHA3-512_signed-by_ECDSA-SHA512,12.082,2803.45,1096.48,0.636364,4,0.363636,127.091,24,2102.98,2005.69,1619,1615
1,6,31,RSA-SHA3-512_signed-by_ECDSA-SHA512,RSA-SHA3-512_signed-by_ECDSA-SHA512,14.263,2375.31,910.864,1,0,0,136,9,2500.89,2445.7,1619,1616
1,2,29,RSA-SHA3-512_signed-by_ECDSA-SHA512,RSA-SHA3-512_signed-by_ECDSA-SHA512,12.045,2813.41,1078.61,1,0,0,148,24,2039.6,2014.64,1619,1617
1,1,28,RSA-SHA3-512_signed-by_ECDSA-SHA512,RSA-SHA3-512_signed-by_ECDSA-SHA512,11.713,2892.48,1109.18,1,0,0,126.8,24,2040.16,2014.99,1619,1616
1,5,30,RSA-SHA3-512_signed-by_ECDSA-SHA512,RSA-SHA3-512_signed-by_ECDSA-SHA512,10.317,3283.12,1817.58,1,2,0.166667,149.667,15,2045.32,2005.76,1619,1615
1,7,31,RSA-SHA3-512_signed-by_ECDSA-SHA512,RSA-SHA3-512_signed-by_ECDSA-SHA512,12.497,2710.37,1248.28,0.733333,7,0.466667,105.2,16,2490.63,2482.15,1619,1615
1,8,31,RSA-SHA3-512_signed-by_ECDSA-SHA512,RSA-SHA3-512_signed-by_ECDSA-SHA512,14.008,2418,927.453,1,0,0,136,15,2477.7,2476.82,1619,1615
1,6,32,RSA-SHA3-512_signed-by_ECDSA-SHA512,RSA-SHA3-512_signed-by_ECDSA-SHA512,11.431,2963.84,1136.55,0.3,0,0,136,9,2047.3,2022.49,1619,1616
1,2,30,RSA-SHA3-512_signed-by_ECDSA-SHA512,RSA-SHA3-512_signed-by_ECDSA-SHA512,12.423,2727.81,1045.79,0.3,0,0,148,24,2029.7,2218.56,1619,1617
1,1,29,RSA-SHA3-512_signed-by_ECDSA-SHA512,RSA-SHA3-512_signed-by_ECDSA-SHA512,12.595,2689.91,1051.83,0.272727,0,0,118.727,24,2106.86,1991.92,1619,1616
1,3,33,RSA-SHA3-512_signed-by_ECDSA-SHA512,RSA-SHA3-512_signed-by_ECDSA-SHA512,16.575,2043.49,1415.1,0.8,20,1,215.8,24,2050.6,2037.16,1619,1615
1,5,31,RSA-SHA3-512_signed-by_ECDSA-SHA512,RSA-SHA3-512_signed-by_ECDSA-SHA512,11.939,2837.08,1088.19,1,0,0,148,15,2527.27,2560.55,1619,1615
1,7,32,RSA-SHA3-512_signed-by_ECDSA-SHA512,RSA-SHA3-512_signed-by_ECDSA-SHA512,12.638,2680.07,1027.97,1,0,0,126.8,16,2050.83,2002.08,1619,1615
1,6,33,RSA-SHA3-512_signed-by_ECDSA-SHA512,RSA-SHA3-512_signed-by_ECDSA-SHA512,11.878,2852.22,1291.75,0.928571,7,0.5,117.429,9,2046.64,2028.22,1619,1616
1,8,32,RSA-SHA3-512_signed-by_ECDSA-SHA512,RSA-SHA3-512_signed-by_ECDSA-SHA512,15.396,2199.94,889.538,1,7,0.538462,113.385,15,2029.23,2024.75,1619,1615
1,1,30,RSA-SHA3-512_signed-by_ECDSA-SHA512,RSA-SHA3-512_signed-by_ECDSA-SHA512,14.173,2390.36,1082.58,1,7,0.5,117.714,24,2053.39,2003.05,1619,1616
1,3,34,RSA-SHA3-512_signed-by_ECDSA-SHA512,RSA-SHA3-512_signed-by_ECDSA-SHA512,14.288,2370.56,1325.81,1,11,0.846154,158.308,24,2047.14,1981.97,1619,1615
1,5,32,RSA-SHA3-512_signed-by_ECDSA-SHA512,RSA-SHA3-512_signed-by_ECDSA-SHA512,12.996,2606.23,1008.27,1,0,0,126,15,2029.82,2007.18,1619,1615
1,7,33,RSA-SHA3-512_signed-by_ECDSA-SHA512,RSA-SHA3-512_signed-by_ECDSA-SHA512,13.069,2591.72,994.084,1,0,0,126.8,16,2039.11,2021.49,1619,1615
1,6,34,RSA-SHA3-512_signed-by_ECDSA-SHA512,RSA-SHA3-512_signed-by_ECDSA-SHA512,11.845,2860.24,1317,1,6,0.4,105.733,9,2039.67,1991.35,1619,1616
1,2,31,RSA-SHA3-512_signed-by_ECDSA-SHA512,RSA-SHA3-512_signed-by_ECDSA-SHA512,24.752,1369.06,965.063,1,19,1.05556,149.556,24,2497.02,2457.74,1619,1617
1,1,31,RSA-SHA3-512_signed-by_ECDSA-SHA512,RSA-SHA3-512_signed-by_ECDSA-SHA512,11.822,2865.78,1098.94,0.5,0,0,126.8,24,2506.06,2464.01,1619,1616
1,8,33,RSA-SHA3-512_signed-by_ECDSA-SHA512,RSA-SHA3-512_signed-by_ECDSA-SHA512,13.25,2556.3,1502.14,0.294118,7,0.411765,174.471,15,2040.88,2005.03,1619,1615
1,3,35,RSA-SHA3-512_signed-by_ECDSA-SHA512,RSA-SHA3-512_signed-by_ECDSA-SHA512,12.79,2648.24,1035.78,0.454545,0,0,127.091,24,2059.55,1992.72,1619,1615
1,5,33,RSA-SHA3-512_signed-by_ECDSA-SHA512,RSA-SHA3-512_signed-by_ECDSA-SHA512,12.087,2802.28,1074.85,0.2,0,0,139.6,15,2057.66,1995.24,1619,1615
1,7,34,RSA-SHA3-512_signed-by_ECDSA-SHA512,RSA-SHA3-512_signed-by_ECDSA-SHA512,9.731,3480.48,1334.98,0,0,0,126.8,16,2030.99,1993.94,1619,1615
1,6,35,RSA-SHA3-512_signed-by_ECDSA-SHA512,RSA-SHA3-512_signed-by_ECDSA-SHA512,11.337,2988.41,1145.97,0,0,0,136,9,2064.38,2016.81,1619,1616
1,2,32,RSA-SHA3-512_signed-by_ECDSA-SHA512,RSA-SHA3-512_signed-by_ECDSA-SHA512,10.829,3129.35,1199.73,0,0,0,126.8,24,2034,1988.31,1619,1617
1,8,34,RSA-SHA3-512_signed-by_ECDSA-SHA512,RSA-SHA3-512_signed-by_ECDSA-SHA512,10.005,3385.17,1298.42,0,0,0,136,15,2034,2013.55,1619,1615
1,1,32,RSA-SHA3-512_signed-by_ECDSA-SHA512,RSA-SHA3-512_signed-by_ECDSA-SHA512,10.657,3179.11,1219.1,0,0,0,126.8,24,2045.39,2004.02,1619,1616
1,3,36,RSA-SHA3-512_signed-by_ECDSA-SHA512,RSA-SHA3-512_signed-by_ECDSA-SHA512,10.573,3203.33,1228.68,0,0,0,136,24,2034.27,1996.27,1619,1615
1,5,34,RSA-SHA3-512_signed-by_ECDSA-SHA512,RSA-SHA3-512_signed-by_ECDSA-SHA512,11.456,2956.69,1134.07,0,0,0,126.8,15,2051.98,2013.36,1619,1615
1,7,35,RSA-SHA3-512_signed-by_ECDSA-SHA512,RSA-SHA3-512_signed-by_ECDSA-SHA512,11.906,2844.94,1091.21,1,0,0,126.8,16,2056.09,1985.91,1619,1615
1,6,36,RSA-SHA3-512_signed-by_ECDSA-SHA512,RSA-SHA3-512_signed-by_ECDSA-SHA512,11.069,3060.77,1173.72,1,0,0,136,9,2040.66,2021.77,1619,1616
1,2,33,RSA-SHA3-512_signed-by_ECDSA-SHA512,RSA-SHA3-512_signed-by_ECDSA-SHA512,13.708,2472.06,955.909,1,0,0,118.364,24,2010.92,2008.18,1619,1617
1,8,35,RSA-SHA3-512_signed-by_ECDSA-SHA512,RSA-SHA3-512_signed-by_ECDSA-SHA512,13.436,2520.93,1334.89,1,8,0.533333,120.933,15,2038.86,2003.59,1619,1615
1,1,33,RSA-SHA3-512_signed-by_ECDSA-SHA512,RSA-SHA3-512_signed-by_ECDSA-SHA512,13.445,2519.84,1334,1,8,0.533333,113.2,24,2047.1,2003.96,1619,1616
1,3,37,RSA-SHA3-512_signed-by_ECDSA-SHA512,RSA-SHA3-512_signed-by_ECDSA-SHA512,12.835,2638.98,1052.1,1,0,0,119.667,24,2045.8,1991.75,1619,1615
1,7,36,RSA-SHA3-512_signed-by_ECDSA-SHA512,RSA-SHA3-512_signed-by_ECDSA-SHA512,11.702,2894.5,1132.09,1,0,0,118.727,16,2035.8,2022.77,1619,1615
1,6,37,RSA-SHA3-512_signed-by_ECDSA-SHA512,RSA-SHA3-512_signed-by_ECDSA-SHA512,13.896,2438.05,934.92,1,0,0,136,9,2022.98,2006.74,1619,1616
1,2,34,RSA-SHA3-512_signed-by_ECDSA-SHA512,RSA-SHA3-512_signed-by_ECDSA-SHA512,11.05,3066.78,1198.91,1,0,0,118.727,24,2045.39,2002.53,1619,1617
1,5,35,RSA-SHA3-512_signed-by_ECDSA-SHA512,RSA-SHA3-512_signed-by_ECDSA-SHA512,21.181,1599.16,1193.52,1,28,1.55556,153.111,15,2017.81,2030.37,1619,1615
1,1,34,RSA-SHA3-512_signed-by_ECDSA-SHA512,RSA-SHA3-512_signed-by_ECDSA-SHA512,11.704,2894.7,1110.03,0.9,0,0,126.8,24,2045.93,1994.03,1619,1616
1,8,36,RSA-SHA3-512_signed-by_ECDSA-SHA512,RSA-SHA3-512_signed-by_ECDSA-SHA512,13.744,2464.44,1378.32,1,11,0.846154,158.308,15,2031.15,1981.2,1619,1615
1,3,38,RSA-SHA3-512_signed-by_ECDSA-SHA512,RSA-SHA3-512_signed-by_ECDSA-SHA512,13.314,2544.04,1437.26,0.857143,12,0.857143,149.714,24,2031.01,2011.61,1619,1615
1,7,37,RSA-SHA3-512_signed-by_ECDSA-SHA512,RSA-SHA3-512_signed-by_ECDSA-SHA512,12.255,2763.89,1060.12,0.6,0,0,126.8,16,2042.89,1998.91,1619,1615
1,2,35,RSA-SHA3-512_signed-by_ECDSA-SHA512,RSA-SHA3-512_signed-by_ECDSA-SHA512,11.483,2951.14,1545.24,0.214286,7,0.5,118.571,24,2041.94,2019.23,1619,1617
1,6,38,RSA-SHA3-512_signed-by_ECDSA-SHA512,RSA-SHA3-512_signed-by_ECDSA-SHA512,13.906,2436.31,1366.86,0.461538,2,0.153846,130,9,2115.89,1999.98,1619,1616
1,1,35,RSA-SHA3-512_signed-by_ECDSA-SHA512,RSA-SHA3-512_signed-by_ECDSA-SHA512,11.065,3061.64,1174.05,0.3,0,0,126.8,24,2071.57,2001.6,1619,1616
1,5,36,RSA-SHA3-512_signed-by_ECDSA-SHA512,RSA-SHA3-512_signed-by_ECDSA-SHA512,12.515,2706.49,1226.04,0.214286,3,0.214286,170.857,15,2046.29,2004.9,1619,1615
1,8,37,RSA-SHA3-512_signed-by_ECDSA-SHA512,RSA-SHA3-512_signed-by_ECDSA-SHA512,11.806,2869.03,1100.45,0.8,0,0,126.8,15,2035.76,1994.04,1619,1615
1,3,39,RSA-SHA3-512_signed-by_ECDSA-SHA512,RSA-SHA3-512_signed-by_ECDSA-SHA512,11.969,2829.96,1085.46,0.8,0,0,136,24,2028.85,2011.38,1619,1615
1,7,38,RSA-SHA3-512_signed-by_ECDSA-SHA512,RSA-SHA3-512_signed-by_ECDSA-SHA512,10.813,3132.25,1436.66,0.933333,14,0.933333,105.2,16,2020.72,2009.63,1619,1615
1,6,39,RSA-SHA3-512_signed-by_ECDSA-SHA512,RSA-SHA3-512_signed-by_ECDSA-SHA512,9.647,3511.63,1384.75,1,0,0,119.333,9,2038.88,2015.62,1619,1616
1,8,38,RSA-SHA3-512_signed-by_ECDSA-SHA512,RSA-SHA3-512_signed-by_ECDSA-SHA512,9.318,3635.09,1924.86,1,8,0.533333,113.2,15,2053.58,2026.25,1619,1615
1,5,37,RSA-SHA3-512_signed-by_ECDSA-SHA512,RSA-SHA3-512_signed-by_ECDSA-SHA512,12.235,2768.38,1450.23,1,7,0.5,118.571,15,2111.05,1994.59,1619,1615
1,7,39,RSA-SHA3-512_signed-by_ECDSA-SHA512,RSA-SHA3-512_signed-by_ECDSA-SHA512,9.82,3449.25,1616.28,0.857143,1,0.0714286,183.429,16,2028.63,1994.55,1619,1615
1,1,36,RSA-SHA3-512_signed-by_ECDSA-SHA512,RSA-SHA3-512_signed-by_ECDSA-SHA512,14.425,2348.63,1313.23,1,11,0.846154,146.923,24,2044.14,2008.64,1619,1616
1,3,40,RSA-SHA3-512_signed-by_ECDSA-SHA512,RSA-SHA3-512_signed-by_ECDSA-SHA512,14.968,2262.87,1278.41,1,12,0.857143,149.714,24,2012.8,1996.12,1619,1615
1,6,40,RSA-SHA3-512_signed-by_ECDSA-SHA512,RSA-SHA3-512_signed-by_ECDSA-SHA512,11.108,3050.01,1215.68,0.583333,0,0,115.667,9,2038.86,2007.48,1619,1616
1,8,39,RSA-SHA3-512_signed-by_ECDSA-SHA512,RSA-SHA3-512_signed-by_ECDSA-SHA512,9.32,3634.01,1426.48,0.916667,5,0.416667,111.667,15,2042.22,1996.67,1619,1615
1,5,38,RSA-SHA3-512_signed-by_ECDSA-SHA512,RSA-SHA3-512_signed-by_ECDSA-SHA512,10.454,3240.08,1253.48,1,0,0,118.364,15,2046.6,2026.76,1619,1615
1,1,37,RSA-SHA3-512_signed-by_ECDSA-SHA512,RSA-SHA3-512_signed-by_ECDSA-SHA512,10.942,3096.29,1204.89,1,5,0.454545,118.727,24,2056.97,2005.48,1619,1616
1,2,36,RSA-SHA3-512_signed-by_ECDSA-SHA512,RSA-SHA3-512_signed-by_ECDSA-SHA512,27.893,1214.89,997.498,1,24,0.96,106.16,24,2043.52,1986.45,1619,1617
1,3,41,RSA-SHA3-512_signed-by_ECDSA-SHA512,RSA-SHA3-512_signed-by_ECDSA-SHA512,10.837,3125.58,1222.48,1,0,0,127.091,24,2028.73,2016.51,1619,1615
1,6,41,RSA-SHA3-512_signed-by_ECDSA-SHA512,RSA-SHA3-512_signed-by_ECDSA-SHA512,10.09,3357.46,1877.33,1,7,0.538462,130,9,2054.03,2003.17,1619,1616
1,7,40,RSA-SHA3-512_signed-by_ECDSA-SHA512,RSA-SHA3-512_signed-by_ECDSA-SHA512,16.948,1998.51,1361.29,1,23,1.09524,104.286,16,2052.2,2022.44,1619,1615
1,5,39,RSA-SHA3-512_signed-by_ECDSA-SHA512,RSA-SHA3-512_signed-by_ECDSA-SHA512,15.669,2161.68,1232.47,1,11,0.733333,132.133,15,2068.11,1995.17,1619,1615
1,7,41,RSA-SHA3-512_signed-by_ECDSA-SHA512,RSA-SHA3-512_signed-by_ECDSA-SHA512,14.73,2299.48,1205.68,1,7,0.388889,148,16,2042.08,2017.51,1619,1615
1,2,37,RSA-SHA3-512_signed-by_ECDSA-SHA512,RSA-SHA3-512_signed-by_ECDSA-SHA512,20.324,1667.33,1178.46,1,18,1,134,24,2037.82,2049.5,1619,1617
1,3,42,RSA-SHA3-512_signed-by_ECDSA-SHA512,RSA-SHA3-512_signed-by_ECDSA-SHA512,19.07,1776.13,1006.78,1,11,0.785714,149.714,24,2251.6,1993.03,1619,1615
1,8,40,RSA-SHA3-512_signed-by_ECDSA-SHA512,RSA-SHA3-512_signed-by_ECDSA-SHA512,28.435,1191.18,553.11,1,11,0.6875,176.75,15,2029.26,2018.11,1619,1615
1,1,38,RSA-SHA3-512_signed-by_ECDSA-SHA512,RSA-SHA3-512_signed-by_ECDSA-SHA512,24.903,1360.47,965.018,1,23,1,191.043,24,2056.11,2002.58,1619,1616
1,6,42,RSA-SHA3-512_signed-by_ECDSA-SHA512,RSA-SHA3-512_signed-by_ECDSA-SHA512,21.679,1562.74,1842.07,1,54,1.63636,296.061,9,2046.15,2012.62,1619,1616
1,5,40,RSA-SHA3-512_signed-by_ECDSA-SHA512,RSA-SHA3-512_signed-by_ECDSA-SHA512,13.551,2499.55,1309.4,1,7,0.5,118.571,15,2059.43,2029.68,1619,1615
1,7,42,RSA-SHA3-512_signed-by_ECDSA-SHA512,RSA-SHA3-512_signed-by_ECDSA-SHA512,12.492,2711.47,1040.02,1,0,0,126.8,16,2033.35,2044.54,1619,1615
1,2,38,RSA-SHA3-512_signed-by_ECDSA-SHA512,RSA-SHA3-512_signed-by_ECDSA-SHA512,13.463,2517.08,964.998,1,0,0,126.8,24,2131.78,2000.43,1619,1617
1,3,43,RSA-SHA3-512_signed-by_ECDSA-SHA512,RSA-SHA3-512_signed-by_ECDSA-SHA512,12.115,2795.86,1072.38,1,0,0,136,24,2005.62,1994.52,1619,1615
1,8,41,RSA-SHA3-512_signed-by_ECDSA-SHA512,RSA-SHA3-512_signed-by_ECDSA-SHA512,13.137,2578.32,1192.34,1,0,0,162,15,2042.91,2006.61,1619,1615
1,1,39,RSA-SHA3-512_signed-by_ECDSA-SHA512,RSA-SHA3-512_signed-by_ECDSA-SHA512,12.807,2645.39,1198.08,1,11,0.785714,110,24,2043.39,2011.8,1619,1616
1,6,43,RSA-SHA3-512_signed-by_ECDSA-SHA512,RSA-SHA3-512_signed-by_ECDSA-SHA512,12.128,2793.51,1561.99,1,11,0.846154,158.308,9,2018.58,2021.3,1619,1616
1,5,41,RSA-SHA3-512_signed-by_ECDSA-SHA512,RSA-SHA3-512_signed-by_ECDSA-SHA512,15.13,2238.67,1268.97,1,11,0.785714,139.143,15,2039.82,2011.07,1619,1615
1,3,44,RSA-SHA3-512_signed-by_ECDSA-SHA512,RSA-SHA3-512_signed-by_ECDSA-SHA512,11.076,3058.1,1172.97,1,0,0,136,24,2052.37,2020.82,1619,1615
1,7,43,RSA-SHA3-512_signed-by_ECDSA-SHA512,RSA-SHA3-512_signed-by_ECDSA-SHA512,15.046,2251.14,1192.03,0.933333,8,0.533333,113.2,16,2035.66,2001.63,1619,1615
1,8,42,RSA-SHA3-512_signed-by_ECDSA-SHA512,RSA-SHA3-512_signed-by_ECDSA-SHA512,11.149,3038.08,1188.25,0.454545,0,0,118.727,15,2059.43,1992.63,1619,1615
1,6,44,RSA-SHA3-512_signed-by_ECDSA-SHA512,RSA-SHA3-512_signed-by_ECDSA-SHA512,10.974,3087.25,1262.6,0.416667,1,0.0833333,121,9,2027.47,2030.23,1619,1616
1,1,40,RSA-SHA3-512_signed-by_ECDSA-SHA512,RSA-SHA3-512_signed-by_ECDSA-SHA512,12.447,2721.88,1232.72,0.357143,3,0.214286,184.857,24,2049.6,1995.23,1619,1616
1,2,39,RSA-SHA3-512_signed-by_ECDSA-SHA512,RSA-SHA3-512_signed-by_ECDSA-SHA512,18.125,1869.6,989.531,1,8,0.533333,113.2,24,2019.45,2108.03,1619,1617
1,5,42,RSA-SHA3-512_signed-by_ECDSA-SHA512,RSA-SHA3-512_signed-by_ECDSA-SHA512,12.63,2681.8,1214.85,1,7,0.5,110,15,2047.09,2016.24,1619,1615
1,7,44,RSA-SHA3-512_signed-by_ECDSA-SHA512,RSA-SHA3-512_signed-by_ECDSA-SHA512,10.446,3242.58,1337.16,1,1,0.0833333,113.333,16,2060.22,2011.15,1619,1615
1,8,43,RSA-SHA3-512_signed-by_ECDSA-SHA512,RSA-SHA3-512_signed-by_ECDSA-SHA512,10.955,3091.91,1185.94,1,0,0,126.8,16,2030.87,1998.8,1619,1615
1,3,45,RSA-SHA3-512_signed-by_ECDSA-SHA512,RSA-SHA3-512_signed-by_ECDSA-SHA512,16.211,2089.36,1106.37,1,8,0.533333,120.933,24,2180.77,2028.37,1619,1615
1,1,41,RSA-SHA3-512_signed-by_ECDSA-SHA512,RSA-SHA3-512_signed-by_ECDSA-SHA512,13.564,2497.72,1396.6,1,11,0.846154,146.923,24,2037.04,2136.65,1619,1616
1,6,45,RSA-SHA3-512_signed-by_ECDSA-SHA512,RSA-SHA3-512_signed-by_ECDSA-SHA512,15.163,2234.32,1187.06,1,7,0.466667,122.533,9,2037.57,2118.89,1619,1616
1,2,40,RSA-SHA3-512_signed-by_ECDSA-SHA512,RSA-SHA3-512_signed-by_ECDSA-SHA512,12.48,2715.33,1041,0.3,0,0,126.8,24,2203.91,2101.28,1619,1617
1,5,43,RSA-SHA3-512_signed-by_ECDSA-SHA512,RSA-SHA3-512_signed-by_ECDSA-SHA512,10.661,3177.18,1218.65,0.5,0,0,126.8,15,2045.69,2091.63,1619,1615
1,7,45,RSA-SHA3-512_signed-by_ECDSA-SHA512,RSA-SHA3-512_signed-by_ECDSA-SHA512,13.956,2427,963.004,1,7,0.583333,112,16,2042.61,1999.35,1619,1615
1,8,44,RSA-SHA3-512_signed-by_ECDSA-SHA512,RSA-SHA3-512_signed-by_ECDSA-SHA512,13.397,2528.27,969.747,1,0,0,126.8,16,2041.72,2019.8,1619,1615
1,1,42,RSA-SHA3-512_signed-by_ECDSA-SHA512,RSA-SHA3-512_signed-by_ECDSA-SHA512,11.341,2987.35,1564.56,1,7,0.5,118.571,24,2044.86,2005.87,1619,1616
1,3,46,RSA-SHA3-512_signed-by_ECDSA-SHA512,RSA-SHA3-512_signed-by_ECDSA-SHA512,14.088,2404.25,1273.1,1,8,0.533333,120.933,24,2054.54,2008.47,1619,1615
1,2,41,RSA-SHA3-512_signed-by_ECDSA-SHA512,RSA-SHA3-512_signed-by_ECDSA-SHA512,12.233,2770.14,1569.49,1,11,0.785714,139.143,24,2036.66,1998.73,1619,1617
1,6,46,RSA-SHA3-512_signed-by_ECDSA-SHA512,RSA-SHA3-512_signed-by_ECDSA-SHA512,13.933,2431.57,1345.83,1,8,0.666667,166.333,9,2052.68,2141.58,1619,1616
1,5,44,RSA-SHA3-512_signed-by_ECDSA-SHA512,RSA-SHA3-512_signed-by_ECDSA-SHA512,13.785,2457.09,1558.75,1,25,1.38889,123.333,15,2040.83,2022.88,1619,1615
1,7,46,RSA-SHA3-512_signed-by_ECDSA-SHA512,RSA-SHA3-512_signed-by_ECDSA-SHA512,11.43,2963.38,1325.61,1,0,0,181.077,16,2046.02,1995.68,1619,1615
1,8,45,RSA-SHA3-512_signed-by_ECDSA-SHA512,RSA-SHA3-512_signed-by_ECDSA-SHA512,12.408,2729.79,1047.04,1,0,0,132.4,16,2042.78,2067.55,1619,1615
1,1,43,RSA-SHA3-512_signed-by_ECDSA-SHA512,RSA-SHA3-512_signed-by_ECDSA-SHA512,10.827,3129.21,1199.96,1,0,0,126.8,24,2043.85,1995.73,1619,1616
1,3,47,RSA-SHA3-512_signed-by_ECDSA-SHA512,RSA-SHA3-512_signed-by_ECDSA-SHA512,12.363,2739.76,1532.3,1,11,0.846154,158.308,24,2514.07,2474.21,1619,1615
1,6,47,RSA-SHA3-512_signed-by_ECDSA-SHA512,RSA-SHA3-512_signed-by_ECDSA-SHA512,12.805,2645.8,1233.25,1,4,0.25,169.5,9,2493.24,2471.74,1619,1616
1,5,45,RSA-SHA3-512_signed-by_ECDSA-SHA512,RSA-SHA3-512_signed-by_ECDSA-SHA512,13.884,2439.59,1452,1,7,0.388889,163.556,15,2037.29,1996.74,1619,1615
1,2,42,RSA-SHA3-512_signed-by_ECDSA-SHA512,RSA-SHA3-512_signed-by_ECDSA-SHA512,17.07,1985.17,1132.24,1,19,1.26667,132.4,24,2038.34,2012.7,1619,1617
1,8,46,RSA-SHA3-512_signed-by_ECDSA-SHA512,RSA-SHA3-512_signed-by_ECDSA-SHA512,9.777,3464.14,1814.71,1,7,0.5,118.571,16,2038.05,2003.17,1619,1615
1,1,44,RSA-SHA3-512_signed-by_ECDSA-SHA512,RSA-SHA3-512_signed-by_ECDSA-SHA512,13.394,2529.44,1324.75,1,7,0.5,118.571,24,2042.91,2014.19,1619,1616
1,3,48,RSA-SHA3-512_signed-by_ECDSA-SHA512,RSA-SHA3-512_signed-by_ECDSA-SHA512,13.181,2569.69,1005.06,1,0,0,127.091,24,2025.19,2011.57,1619,1615
1,6,48,RSA-SHA3-512_signed-by_ECDSA-SHA512,RSA-SHA3-512_signed-by_ECDSA-SHA512,12.893,2627.71,1469.28,1,11,0.846154,173.077,9,2042.16,2016.74,1619,1616
1,5,46,RSA-SHA3-512_signed-by_ECDSA-SHA512,RSA-SHA3-512_signed-by_ECDSA-SHA512,11.487,2948.68,1131,1,0,0,126.8,15,2044.07,2005.26,1619,1615
1,8,47,RSA-SHA3-512_signed-by_ECDSA-SHA512,RSA-SHA3-512_signed-by_ECDSA-SHA512,11.459,2955.9,1133.77,0.9,0,0,126.8,16,2502.12,2481.71,1619,1615
1,7,47,RSA-SHA3-512_signed-by_ECDSA-SHA512,RSA-SHA3-512_signed-by_ECDSA-SHA512,24.265,1395.9,1279.19,1,34,1.7,164.4,16,2492.11,2466.48,1619,1615
1,2,43,RSA-SHA3-512_signed-by_ECDSA-SHA512,RSA-SHA3-512_signed-by_ECDSA-SHA512,13.542,2502.37,1717.87,1,17,0.894737,233.789,24,2025.32,2003.93,1619,1617
1,1,45,RSA-SHA3-512_signed-by_ECDSA-SHA512,RSA-SHA3-512_signed-by_ECDSA-SHA512,14.434,2347.18,900.076,1,0,0,126.8,24,2049.68,2008.68,1619,1616
1,3,49,RSA-SHA3-512_signed-by_ECDSA-SHA512,RSA-SHA3-512_signed-by_ECDSA-SHA512,16.829,2012.65,1209.3,1,14,0.736842,110.421,24,2029.2,2002.52,1619,1615
1,8,48,RSA-SHA3-512_signed-by_ECDSA-SHA512,RSA-SHA3-512_signed-by_ECDSA-SHA512,13.209,2564.25,1434.14,1,11,0.846154,146.923,16,1999.96,1994.2,1619,1615
1,5,47,RSA-SHA3-512_signed-by_ECDSA-SHA512,RSA-SHA3-512_signed-by_ECDSA-SHA512,16.418,2063.04,1520.24,1,7,0.4375,117.5,15,2500,2464.54,1619,1615
1,2,44,RSA-SHA3-512_signed-by_ECDSA-SHA512,RSA-SHA3-512_signed-by_ECDSA-SHA512,14.085,2405.91,922.379,1,0,0,126.8,24,2041.24,2003.55,1619,1617
1,7,48,RSA-SHA3-512_signed-by_ECDSA-SHA512,RSA-SHA3-512_signed-by_ECDSA-SHA512,15.515,2183.1,988.945,1,7,0.5,110,16,2036.15,2000.72,1619,1615
1,6,49,RSA-SHA3-512_signed-by_ECDSA-SHA512,RSA-SHA3-512_signed-by_ECDSA-SHA512,21.152,1601.67,1751.81,1,44,1.91304,193.652,9,2043.86,2039.34,1619,1616
1,1,46,RSA-SHA3-512_signed-by_ECDSA-SHA512,RSA-SHA3-512_signed-by_ECDSA-SHA512,12.507,2708.83,1038.76,0.6,0,0,126.8,24,2050.3,1994.44,1619,1616
1,3,50,RSA-SHA3-512_signed-by_ECDSA-SHA512,RSA-SHA3-512_signed-by_ECDSA-SHA512,11.835,2862,1296.49,0.857143,7,0.5,117.429,24,2040.67,2083.85,1619,1615
1,8,49,RSA-SHA3-512_signed-by_ECDSA-SHA512,RSA-SHA3-512_signed-by_ECDSA-SHA512,11.818,2866.12,1099.33,1,0,0,126.8,16,2026.51,2012.93,1619,1615
1,5,48,RSA-SHA3-512_signed-by_ECDSA-SHA512,RSA-SHA3-512_signed-by_ECDSA-SHA512,10.721,3159.41,1431.21,0.642857,7,0.5,110,15,2032.25,2013.42,1619,1615
1,2,45,RSA-SHA3-512_signed-by_ECDSA-SHA512,RSA-SHA3-512_signed-by_ECDSA-SHA512,13.597,2492.28,974.318,1,0,0,118.727,24,2035.29,2029.81,1619,1617
1,7,49,RSA-SHA3-512_signed-by_ECDSA-SHA512,RSA-SHA3-512_signed-by_ECDSA-SHA512,14.19,2386.99,929.088,1,7,0.636364,118.727,16,2057.28,1998.54,1619,1615
1,6,50,RSA-SHA3-512_signed-by_ECDSA-SHA512,RSA-SHA3-512_signed-by_ECDSA-SHA512,13.012,2603.72,1564.07,1,14,0.736842,119.263,9,2029.11,2033.17,1619,1616
1,1,47,RSA-SHA3-512_signed-by_ECDSA-SHA512,RSA-SHA3-512_signed-by_ECDSA-SHA512,17.035,1988.79,777.67,1,0,0,118.727,24,2515.29,2473.45,1619,1616
1,3,51,RSA-SHA3-512_signed-by_ECDSA-SHA512,RSA-SHA3-512_signed-by_ECDSA-SHA512,13.117,2582.25,990.452,1,0,0,136,24,2005.47,2000.75,1619,1615
1,5,49,RSA-SHA3-512_signed-by_ECDSA-SHA512,RSA-SHA3-512_signed-by_ECDSA-SHA512,12.476,2714.93,1041.34,1,0,0,126.8,15,2042.82,1993.76,1619,1615
1,8,50,RSA-SHA3-512_signed-by_ECDSA-SHA512,RSA-SHA3-512_signed-by_ECDSA-SHA512,14.11,2400.51,920.744,1,0,0,126.8,16,2041.8,1990.11,1619,1615
1,2,46,RSA-SHA3-512_signed-by_ECDSA-SHA512,RSA-SHA3-512_signed-by_ECDSA-SHA512,11.519,2941.9,1127.87,1,4,0.4,129.2,24,2117.26,2023.04,1619,1617
1,7,50,RSA-SHA3-512_signed-by_ECDSA-SHA512,RSA-SHA3-512_signed-by_ECDSA-SHA512,10.502,3225,2215,1,18,0.947368,223.263,16,2039.18,2012.99,1619,1615
1,6,51,RSA-SHA3-512_signed-by_ECDSA-SHA512,RSA-SHA3-512_signed-by_ECDSA-SHA512,16.711,2027.32,1065.6,1,3,0.214286,124.857,9,2055.46,2006.78,1619,1616
1,3,52,RSA-SHA3-512_signed-by_ECDSA-SHA512,RSA-SHA3-512_signed-by_ECDSA-SHA512,12.969,2611.68,1368.14,1,7,0.5,126.857,24,2046.42,2003.91,1619,1615
1,8,51,RSA-SHA3-512_signed-by_ECDSA-SHA512,RSA-SHA3-512_signed-by_ECDSA-SHA512,13.856,2444.46,993.026,1,0,0,106.308,16,2035.77,2011.48,1619,1615
1,2,47,RSA-SHA3-512_signed-by_ECDSA-SHA512,RSA-SHA3-512_signed-by_ECDSA-SHA512,14.719,2302.21,1382.63,1,10,0.526316,148.526,24,2495.69,2507.53,1619,1617
1,7,51,RSA-SHA3-512_signed-by_ECDSA-SHA512,RSA-SHA3-512_signed-by_ECDSA-SHA512,14.872,2277.45,1241.46,1,7,0.466667,133.2,16,2039.4,2020.25,1619,1615
1,1,48,RSA-SHA3-512_signed-by_ECDSA-SHA512,RSA-SHA3-512_signed-by_ECDSA-SHA512,20.705,1636.3,1224.04,1,23,1.27778,153.111,24,2037.61,1980.81,1619,1616
1,5,50,RSA-SHA3-512_signed-by_ECDSA-SHA512,RSA-SHA3-512_signed-by_ECDSA-SHA512,22.187,1526.63,1616.05,1,40,1.66667,155.667,15,2070.64,1999.39,1619,1615
1,6,52,RSA-SHA3-512_signed-by_ECDSA-SHA512,RSA-SHA3-512_signed-by_ECDSA-SHA512,13.099,2586.38,991.804,0.6,0,0,148,9,2028.76,2002.33,1619,1616
1,3,53,RSA-SHA3-512_signed-by_ECDSA-SHA512,RSA-SHA3-512_signed-by_ECDSA-SHA512,12.831,2639.78,1382.86,0.428571,7,0.5,126.857,24,2042.08,2012.15,1619,1615
1,8,52,RSA-SHA3-512_signed-by_ECDSA-SHA512,RSA-SHA3-512_signed-by_ECDSA-SHA512,12.416,2728.04,1046.37,0.8,0,0,126.8,16,2025.68,2029.29,1619,1615
1,2,48,RSA-SHA3-512_signed-by_ECDSA-SHA512,RSA-SHA3-512_signed-by_ECDSA-SHA512,10.948,3095.34,1186.69,1,0,0,126.8,24,2031.26,2024.59,1619,1617
1,1,49,RSA-SHA3-512_signed-by_ECDSA-SHA512,RSA-SHA3-512_signed-by_ECDSA-SHA512,10.911,3105.07,1190.7,1,0,0,129.2,24,2026.47,1996.04,1619,1616
1,7,52,RSA-SHA3-512_signed-by_ECDSA-SHA512,RSA-SHA3-512_signed-by_ECDSA-SHA512,13.525,2504.33,979.492,1,4,0.363636,118.727,16,2066.86,2024.24,1619,1615
1,5,51,RSA-SHA3-512_signed-by_ECDSA-SHA512,RSA-SHA3-512_signed-by_ECDSA-SHA512,11.185,3028.29,1184.42,1,0,0,118.727,15,2038.91,2030.66,1619,1615
1,3,54,RSA-SHA3-512_signed-by_ECDSA-SHA512,RSA-SHA3-512_signed-by_ECDSA-SHA512,11.832,2862.67,1601.04,1,11,0.846154,158.308,24,2036.35,2028.62,1619,1615
1,2,49,RSA-SHA3-512_signed-by_ECDSA-SHA512,RSA-SHA3-512_signed-by_ECDSA-SHA512,11.557,2932.14,1168.43,1,4,0.333333,113,24,2044.69,2012.7,1619,1617
1,6,53,RSA-SHA3-512_signed-by_ECDSA-SHA512,RSA-SHA3-512_signed-by_ECDSA-SHA512,16.781,2018.84,1057.33,1,7,0.5,137.143,9,2059.7,2021.41,1619,1616
1,8,53,RSA-SHA3-512_signed-by_ECDSA-SHA512,RSA-SHA3-512_signed-by_ECDSA-SHA512,15.141,2237,1263.8,1,12,0.857143,139.143,16,2049.64,2005.39,1619,1615
1,1,50,RSA-SHA3-512_signed-by_ECDSA-SHA512,RSA-SHA3-512_signed-by_ECDSA-SHA512,12.461,2718.8,1042.58,1,0,0,126.8,24,2013.19,2008.74,1619,1616
1,7,53,RSA-SHA3-512_signed-by_ECDSA-SHA512,RSA-SHA3-512_signed-by_ECDSA-SHA512,12.646,2678.37,2040.73,0.708333,27,1.125,189.667,16,2038.82,1983.57,1619,1615
1,5,52,RSA-SHA3-512_signed-by_ECDSA-SHA512,RSA-SHA3-512_signed-by_ECDSA-SHA512,12.676,2672.05,1210.44,1,7,0.5,110,15,2024.21,2012.01,1619,1615
1,3,55,RSA-SHA3-512_signed-by_ECDSA-SHA512,RSA-SHA3-512_signed-by_ECDSA-SHA512,12.914,2622.8,1188.13,1,7,0.5,117.429,24,2028.85,2019.22,1619,1615
1,2,50,RSA-SHA3-512_signed-by_ECDSA-SHA512,RSA-SHA3-512_signed-by_ECDSA-SHA512,13.499,2510.33,1155.6,1,3,0.2,175.067,24,2036.7,2015.6,1619,1617
1,6,54,RSA-SHA3-512_signed-by_ECDSA-SHA512,RSA-SHA3-512_signed-by_ECDSA-SHA512,14.296,2369.8,926.655,1,0,0,138,9,2038.83,2000.38,1619,1616
1,8,54,RSA-SHA3-512_signed-by_ECDSA-SHA512,RSA-SHA3-512_signed-by_ECDSA-SHA512,12.9,2625.65,1007.1,1,0,0,126.8,16,2043.35,2068.14,1619,1615
1,1,51,RSA-SHA3-512_signed-by_ECDSA-SHA512,RSA-SHA3-512_signed-by_ECDSA-SHA512,14.453,2344.05,916.586,1,0,0,118.727,24,2041.65,1991.51,1619,1616
1,7,54,RSA-SHA3-512_signed-by_ECDSA-SHA512,RSA-SHA3-512_signed-by_ECDSA-SHA512,14.024,2415.21,1775.18,1,22,1.375,163,16,2040.13,2053.2,1619,1615
1,5,53,RSA-SHA3-512_signed-by_ECDSA-SHA512,RSA-SHA3-512_signed-by_ECDSA-SHA512,14.485,2338.31,1470.14,1,18,1.05882,128.353,15,2067.1,1995.05,1619,1615
1,2,51,RSA-SHA3-512_signed-by_ECDSA-SHA512,RSA-SHA3-512_signed-by_ECDSA-SHA512,10.666,3177.14,1462.57,1,7,0.466667,112.133,24,2038.44,2016.85,1619,1617
1,3,56,RSA-SHA3-512_signed-by_ECDSA-SHA512,RSA-SHA3-512_signed-by_ECDSA-SHA512,16.745,2022.7,1059.6,1,7,0.5,126.857,24,2030.52,2021.31,1619,1615
1,8,55,RSA-SHA3-512_signed-by_ECDSA-SHA512,RSA-SHA3-512_signed-by_ECDSA-SHA512,14.707,2303.04,900.763,1,0,0,118.727,16,2024.22,2021.38,1619,1615
1,1,52,RSA-SHA3-512_signed-by_ECDSA-SHA512,RSA-SHA3-512_signed-by_ECDSA-SHA512,13.616,2488.18,972.945,1,0,0,118.727,24,2049.17,2020.46,1619,1616
1,7,55,RSA-SHA3-512_signed-by_ECDSA-SHA512,RSA-SHA3-512_signed-by_ECDSA-SHA512,13.711,2470.34,1381.62,1,11,0.846154,158,16,2041.27,1989.7,1619,1615
1,6,55,RSA-SHA3-512_signed-by_ECDSA-SHA512,RSA-SHA3-512_signed-by_ECDSA-SHA512,19.126,1771.41,1100.91,1,8,0.5,126.75,9,2041.61,2018.04,1619,1616
1,5,54,RSA-SHA3-512_signed-by_ECDSA-SHA512,RSA-SHA3-512_signed-by_ECDSA-SHA512,14.616,2317.39,1296.07,1,11,0.846154,146.923,15,2050.78,2021.59,1619,1615
1,2,52,RSA-SHA3-512_signed-by_ECDSA-SHA512,RSA-SHA3-512_signed-by_ECDSA-SHA512,12.055,2811.07,1087,0.636364,0,0,126.727,24,2029.13,1993.93,1619,1617
1,8,56,RSA-SHA3-512_signed-by_ECDSA-SHA512,RSA-SHA3-512_signed-by_ECDSA-SHA512,10.727,3157.6,1748.09,0.833333,2,0.166667,128,16,2038.13,2007.56,1619,1615
1,7,56,RSA-SHA3-512_signed-by_ECDSA-SHA512,RSA-SHA3-512_signed-by_ECDSA-SHA512,8.962,3779.14,1711.95,0.5,7,0.5,130.571,16,2041.92,2070.49,1619,1615
1,6,56,RSA-SHA3-512_signed-by_ECDSA-SHA512,RSA-SHA3-512_signed-by_ECDSA-SHA512,7.933,4270.38,1637.57,0.6,0,0,148,9,2034.94,2004.29,1619,1616
1,1,53,RSA-SHA3-512_signed-by_ECDSA-SHA512,RSA-SHA3-512_signed-by_ECDSA-SHA512,14.791,2290.5,1199.61,1,7,0.5,118.571,24,2208.32,2012.34,1619,1616
1,3,57,RSA-SHA3-512_signed-by_ECDSA-SHA512,RSA-SHA3-512_signed-by_ECDSA-SHA512,20.331,1665.95,997.839,1,15,0.789474,110.421,24,2061.68,1996.14,1619,1615
1,5,55,RSA-SHA3-512_signed-by_ECDSA-SHA512,RSA-SHA3-512_signed-by_ECDSA-SHA512,12.409,2729.58,1257.13,1,7,0.466667,105.2,15,2029.14,2009.96,1619,1615
1,2,53,RSA-SHA3-512_signed-by_ECDSA-SHA512,RSA-SHA3-512_signed-by_ECDSA-SHA512,13.271,2553.48,978.956,1,0,0,136,24,2038.2,1992.97,1619,1617
1,7,57,RSA-SHA3-512_signed-by_ECDSA-SHA512,RSA-SHA3-512_signed-by_ECDSA-SHA512,12.61,2686.05,1030.26,1,0,0,182.8,16,2017.96,2004.83,1619,1615
1,8,57,RSA-SHA3-512_signed-by_ECDSA-SHA512,RSA-SHA3-512_signed-by_ECDSA-SHA512,15.356,2205.69,1464.9,0.944444,14,0.777778,115.333,16,2028.61,2008.14,1619,1615
1,6,57,RSA-SHA3-512_signed-by_ECDSA-SHA512,RSA-SHA3-512_signed-by_ECDSA-SHA512,15.266,2219.21,884.541,1,0,0,127.667,9,2061.65,2025.2,1619,1616
1,3,58,RSA-SHA3-512_signed-by_ECDSA-SHA512,RSA-SHA3-512_signed-by_ECDSA-SHA512,10.763,3147.03,1207.08,0.3,0,0,136,24,2041.71,2000.74,1619,1615
1,1,54,RSA-SHA3-512_signed-by_ECDSA-SHA512,RSA-SHA3-512_signed-by_ECDSA-SHA512,13.316,2544.24,1422.61,1,11,0.846154,146.923,24,2034.43,2009.49,1619,1616
1,5,56,RSA-SHA3-512_signed-by_ECDSA-SHA512,RSA-SHA3-512_signed-by_ECDSA-SHA512,12.549,2699.12,1035.28,1,0,0,133.6,15,2045.84,2091.92,1619,1615
1,2,54,RSA-SHA3-512_signed-by_ECDSA-SHA512,RSA-SHA3-512_signed-by_ECDSA-SHA512,11.832,2864.04,1114.24,1,5,0.454545,127.091,24,2044.21,1997.79,1619,1617
1,7,58,RSA-SHA3-512_signed-by_ECDSA-SHA512,RSA-SHA3-512_signed-by_ECDSA-SHA512,13.837,2447.87,938.909,1,0,0,182.8,16,2068.03,2002.13,1619,1615
1,8,58,RSA-SHA3-512_signed-by_ECDSA-SHA512,RSA-SHA3-512_signed-by_ECDSA-SHA512,13.943,2429.27,1613.39,1,14,0.777778,117.333,16,2027.41,1998.12,1619,1615
1,6,58,RSA-SHA3-512_signed-by_ECDSA-SHA512,RSA-SHA3-512_signed-by_ECDSA-SHA512,13.994,2420.99,1376.56,1,4,0.285714,161.143,9,2019.21,2036.06,1619,1616
1,5,57,RSA-SHA3-512_signed-by_ECDSA-SHA512,RSA-SHA3-512_signed-by_ECDSA-SHA512,12.115,2795.84,1072.38,1,0,0,136,15,2016.6,1996.04,1619,1615
1,1,55,RSA-SHA3-512_signed-by_ECDSA-SHA512,RSA-SHA3-512_signed-by_ECDSA-SHA512,14.081,2406.03,1345.33,1,15,1.15385,146.923,24,2051.72,2004.44,1619,1616
1,3,59,RSA-SHA3-512_signed-by_ECDSA-SHA512,RSA-SHA3-512_signed-by_ECDSA-SHA512,15.947,2123.98,1199.94,1,16,1.14286,149.714,24,2056.38,1997.35,1619,1615
1,2,55,RSA-SHA3-512_signed-by_ECDSA-SHA512,RSA-SHA3-512_signed-by_ECDSA-SHA512,13.154,2576.21,1345.28,1,10,0.555556,159.556,24,2026.81,2012.78,1619,1617
1,7,59,RSA-SHA3-512_signed-by_ECDSA-SHA512,RSA-SHA3-512_signed-by_ECDSA-SHA512,15.129,2238.81,875.643,1,0,0,169.636,16,2056.71,2019.44,1619,1615
1,8,59,RSA-SHA3-512_signed-by_ECDSA-SHA512,RSA-SHA3-512_signed-by_ECDSA-SHA512,13.404,2526.95,969.242,1,0,0,126.8,16,2189.14,2002.43,1619,1615
1,6,59,RSA-SHA3-512_signed-by_ECDSA-SHA512,RSA-SHA3-512_signed-by_ECDSA-SHA512,13.41,2526.42,1412.65,1,11,0.846154,173.077,9,2026.93,2003.73,1619,1616
1,5,58,RSA-SHA3-512_signed-by_ECDSA-SHA512,RSA-SHA3-512_signed-by_ECDSA-SHA512,12.452,2720.16,1043.35,0.1,0,0,136,15,2039.55,1983.48,1619,1615
1,2,56,RSA-SHA3-512_signed-by_ECDSA-SHA512,RSA-SHA3-512_signed-by_ECDSA-SHA512,11.591,2923.61,1120.85,0,0,0,136,24,2031.26,2006.44,1619,1617
1,3,60,RSA-SHA3-512_signed-by_ECDSA-SHA512,RSA-SHA3-512_signed-by_ECDSA-SHA512,13.457,2517,1140.2,0.0714286,3,0.214286,184.857,24,2033.87,1987.43,1619,1615
1,1,56,RSA-SHA3-512_signed-by_ECDSA-SHA512,RSA-SHA3-512_signed-by_ECDSA-SHA512,14.932,2268.89,1040.42,0.0666667,4,0.266667,162.8,24,2044.62,2009.99,1619,1616
1,7,60,RSA-SHA3-512_signed-by_ECDSA-SHA512,RSA-SHA3-512_signed-by_ECDSA-SHA512,9.593,3530.61,1354.21,0.9,0,0,182.8,16,2021.95,2018.95,1619,1615
1,8,60,RSA-SHA3-512_signed-by_ECDSA-SHA512,RSA-SHA3-512_signed-by_ECDSA-SHA512,10.731,3156.46,1210.7,0.9,0,0,126.8,16,2046.63,2004.33,1619,1615
1,6,60,RSA-SHA3-512_signed-by_ECDSA-SHA512,RSA-SHA3-512_signed-by_ECDSA-SHA512,12.177,2782.25,1076.11,0.818182,0,0,137.636,9,2065.28,2006.46,1619,1616
1,5,59,RSA-SHA3-512_signed-by_ECDSA-SHA512,RSA-SHA3-512_signed-by_ECDSA-SHA512,13.229,2560.38,1355.78,0.666667,8,0.533333,120.933,15,2028.7,1987.71,1619,1615
1,3,61,RSA-SHA3-512_signed-by_ECDSA-SHA512,RSA-SHA3-512_signed-by_ECDSA-SHA512,12.24,2767.28,1061.42,1,0,0,136,24,2033.03,1994.89,1619,1615
1,1,57,RSA-SHA3-512_signed-by_ECDSA-SHA512,RSA-SHA3-512_signed-by_ECDSA-SHA512,12.661,2675.89,1505.07,1,11,0.785714,138.857,24,2034.82,1992.47,1619,1616
1,7,61,RSA-SHA3-512_signed-by_ECDSA-SHA512,RSA-SHA3-512_signed-by_ECDSA-SHA512,9.587,3532.8,1375.07,1,7,0.636364,250.364,16,2073.63,2020.78,1619,1615
1,6,61,RSA-SHA3-512_signed-by_ECDSA-SHA512,RSA-SHA3-512_signed-by_ECDSA-SHA512,7.538,4494.26,1723.42,1,0,0,148,9,2030.81,2036.17,1619,1616
1,8,61,RSA-SHA3-512_signed-by_ECDSA-SHA512,RSA-SHA3-512_signed-by_ECDSA-SHA512,13.253,2555.77,1338.85,1,7,0.5,118.571,16,2032.52,2035.68,1619,1615
1,3,62,RSA-SHA3-512_signed-by_ECDSA-SHA512,RSA-SHA3-512_signed-by_ECDSA-SHA512,10.551,3210.01,1255.5,1,0,0,127.091,24,2088.48,2004.12,1619,1615
1,1,58,RSA-SHA3-512_signed-by_ECDSA-SHA512,RSA-SHA3-512_signed-by_ECDSA-SHA512,9.991,3390.73,1345.08,1,7,0.583333,112,24,2039.76,2018.99,1619,1616
1,5,60,RSA-SHA3-512_signed-by_ECDSA-SHA512,RSA-SHA3-512_signed-by_ECDSA-SHA512,14.306,2367.62,1337.59,1,12,0.857143,153.143,15,2029.14,1999.42,1619,1615
1,2,57,RSA-SHA3-512_signed-by_ECDSA-SHA512,RSA-SHA3-512_signed-by_ECDSA-SHA512,28.541,1187.31,641.866,1,16,0.941176,109.059,24,2043.83,2019.03,1619,1617
1,6,62,RSA-SHA3-512_signed-by_ECDSA-SHA512,RSA-SHA3-512_signed-by_ECDSA-SHA512,11.402,2971.33,1156.26,1,5,0.454545,138,9,2014.67,2025.26,1619,1616
1,8,62,RSA-SHA3-512_signed-by_ECDSA-SHA512,RSA-SHA3-512_signed-by_ECDSA-SHA512,10.529,3216.98,1233.91,1,0,0,126.8,16,2036.28,2002.71,1619,1615
1,3,63,RSA-SHA3-512_signed-by_ECDSA-SHA512,RSA-SHA3-512_signed-by_ECDSA-SHA512,12.797,2646.8,1015.21,1,0,0,136,24,2531.59,2456.22,1619,1615
1,1,59,RSA-SHA3-512_signed-by_ECDSA-SHA512,RSA-SHA3-512_signed-by_ECDSA-SHA512,12.769,2653.22,1558.73,1,7,0.411765,113.529,24,2045.16,2186.73,1619,1616
1,5,61,RSA-SHA3-512_signed-by_ECDSA-SHA512,RSA-SHA3-512_signed-by_ECDSA-SHA512,12.446,2721.44,1043.84,1,0,0,148,15,2029.29,1998.45,1619,1615
1,7,62,RSA-SHA3-512_signed-by_ECDSA-SHA512,RSA-SHA3-512_signed-by_ECDSA-SHA512,24.049,1408.42,1323.27,1,35,1.2963,298.593,16,2048.54,2016.11,1619,1615
1,6,63,RSA-SHA3-512_signed-by_ECDSA-SHA512,RSA-SHA3-512_signed-by_ECDSA-SHA512,12.254,2764.76,1252.14,0.571429,3,0.214286,202.571,9,2533.72,2482.08,1619,1616
1,2,58,RSA-SHA3-512_signed-by_ECDSA-SHA512,RSA-SHA3-512_signed-by_ECDSA-SHA512,14.613,2318.95,1591.95,0.842105,17,0.894737,223.263,24,2032,1992.69,1619,1617
1,8,63,RSA-SHA3-512_signed-by_ECDSA-SHA512,RSA-SHA3-512_signed-by_ECDSA-SHA512,18.216,1859.39,974.051,0.357143,7,0.5,118.571,16,2516.6,2499.31,1619,1615
1,1,60,RSA-SHA3-512_signed-by_ECDSA-SHA512,RSA-SHA3-512_signed-by_ECDSA-SHA512,13.525,2504.94,960.574,0,0,0,148,24,2018.95,2003.76,1619,1616
1,5,62,RSA-SHA3-512_signed-by_ECDSA-SHA512,RSA-SHA3-512_signed-by_ECDSA-SHA512,12.883,2629.18,1008.45,0,0,0,148,15,2015.12,2007.04,1619,1615
1,7,63,RSA-SHA3-512_signed-by_ECDSA-SHA512,RSA-SHA3-512_signed-by_ECDSA-SHA512,12.88,2629.81,1008.69,0,0,0,182.8,16,2500.67,2451.52,1619,1615
1,3,64,RSA-SHA3-512_signed-by_ECDSA-SHA512,RSA-SHA3-512_signed-by_ECDSA-SHA512,16.383,2067.45,1156.29,0.384615,11,0.846154,158.308,24,2027.04,2000.67,1619,1615
1,6,64,RSA-SHA3-512_signed-by_ECDSA-SHA512,RSA-SHA3-512_signed-by_ECDSA-SHA512,12.416,2728.72,1046.39,0.5,0,0,143.2,9,2037.45,2017.08,1619,1616
1,2,59,RSA-SHA3-512_signed-by_ECDSA-SHA512,RSA-SHA3-512_signed-by_ECDSA-SHA512,12.593,2690.81,1031.6,0.5,0,0,126.8,24,2031.37,1984.13,1619,1617
1,8,64,RSA-SHA3-512_signed-by_ECDSA-SHA512,RSA-SHA3-512_signed-by_ECDSA-SHA512,10.808,3133.69,1219.73,0.818182,7,0.636364,118.727,16,2048.72,2005.45,1619,1615
1,1,61,RSA-SHA3-512_signed-by_ECDSA-SHA512,RSA-SHA3-512_signed-by_ECDSA-SHA512,11.661,2905.39,1136.09,0.818182,0,0,138,24,2051.22,2024.18,1619,1616
1,5,63,RSA-SHA3-512_signed-by_ECDSA-SHA512,RSA-SHA3-512_signed-by_ECDSA-SHA512,12.357,2741.09,1051.38,1,0,0,135.2,15,2519.06,2468.73,1619,1615
1,6,65,RSA-SHA3-512_signed-by_ECDSA-SHA512,RSA-SHA3-512_signed-by_ECDSA-SHA512,10.43,3248.3,1245.63,1,0,0,148,9,2031.2,2020.84,1619,1616
1,2,60,RSA-SHA3-512_signed-by_ECDSA-SHA512,RSA-SHA3-512_signed-by_ECDSA-SHA512,9.708,3490.72,1377.83,0.833333,6,0.5,112,24,2045.59,1998.37,1619,1617
1,7,64,RSA-SHA3-512_signed-by_ECDSA-SHA512,RSA-SHA3-512_signed-by_ECDSA-SHA512,16.28,2080.53,1179.32,1,11,0.785714,203.714,16,2080.93,1999.73,1619,1615
1,8,65,RSA-SHA3-512_signed-by_ECDSA-SHA512,RSA-SHA3-512_signed-by_ECDSA-SHA512,12.777,2650.97,1185.86,0.538462,0,0,181.077,16,2035.72,2007.82,1619,1615
1,1,62,RSA-SHA3-512_signed-by_ECDSA-SHA512,RSA-SHA3-512_signed-by_ECDSA-SHA512,11.8,2871.19,1101.02,1,0,0,148,24,2089.16,2055.47,1619,1616
1,6,66,RSA-SHA3-512_signed-by_ECDSA-SHA512,RSA-SHA3-512_signed-by_ECDSA-SHA512,10.837,3126.05,1198.75,1,0,0,148,9,2054.26,2008.33,1619,1616
1,2,61,RSA-SHA3-512_signed-by_ECDSA-SHA512,RSA-SHA3-512_signed-by_ECDSA-SHA512,10.928,3100.76,1414.23,0.666667,3,0.2,172.4,24,2041.18,1986.45,1619,1617
1,5,64,RSA-SHA3-512_signed-by_ECDSA-SHA512,RSA-SHA3-512_signed-by_ECDSA-SHA512,15.289,2215.4,1255.78,1,9,0.642857,141.429,15,2049.22,2015.03,1619,1615
1,7,65,RSA-SHA3-512_signed-by_ECDSA-SHA512,RSA-SHA3-512_signed-by_ECDSA-SHA512,13.709,2470.72,1308.3,0.933333,8,0.533333,160.133,17,2042.65,2047.37,1619,1615
1,1,63,RSA-SHA3-512_signed-by_ECDSA-SHA512,RSA-SHA3-512_signed-by_ECDSA-SHA512,10.88,3113.96,1217.64,0.454545,0,0,138,24,2495.36,2489.1,1619,1616
1,8,66,RSA-SHA3-512_signed-by_ECDSA-SHA512,RSA-SHA3-512_signed-by_ECDSA-SHA512,12.542,2700.65,1510.42,1,11,0.846154,146.923,16,2038.69,2028.48,1619,1615
1,6,67,RSA-SHA3-512_signed-by_ECDSA-SHA512,RSA-SHA3-512_signed-by_ECDSA-SHA512,12.093,2801.61,1074.34,1,0,0,148,9,2053.1,1986.46,1619,1616
1,2,62,RSA-SHA3-512_signed-by_ECDSA-SHA512,RSA-SHA3-512_signed-by_ECDSA-SHA512,12.106,2799.26,1564.84,0.846154,11,0.846154,158.308,24,2044.08,2034.86,1619,1617
1,5,65,RSA-SHA3-512_signed-by_ECDSA-SHA512,RSA-SHA3-512_signed-by_ECDSA-SHA512,10.172,3329.63,1277.12,0.9,0,0,126.8,15,2050.09,2015.67,1619,1615
1,6,68,RSA-SHA3-512_signed-by_ECDSA-SHA512,RSA-SHA3-512_signed-by_ECDSA-SHA512,6.057,5593.04,2144.77,0.6,0,0,148,9,2097.01,1996.48,1619,1616
1,1,64,RSA-SHA3-512_signed-by_ECDSA-SHA512,RSA-SHA3-512_signed-by_ECDSA-SHA512,11.63,2913.12,1525.69,0.857143,7,0.5,137.143,24,2040.26,2023.33,1619,1616
1,7,66,RSA-SHA3-512_signed-by_ECDSA-SHA512,RSA-SHA3-512_signed-by_ECDSA-SHA512,15.489,2186.78,1178.61,0.75,7,0.4375,152.5,17,2011.73,2017.42,1619,1615
1,2,63,RSA-SHA3-512_signed-by_ECDSA-SHA512,RSA-SHA3-512_signed-by_ECDSA-SHA512,11.311,2995.98,1171.23,0.818182,0,0,127.091,24,2515.07,2449.01,1619,1617
1,5,66,RSA-SHA3-512_signed-by_ECDSA-SHA512,RSA-SHA3-512_signed-by_ECDSA-SHA512,10.382,3262.55,1251.39,0.6,0,0,126.8,15,2037.07,1998.44,1619,1615
1,8,67,RSA-SHA3-512_signed-by_ECDSA-SHA512,RSA-SHA3-512_signed-by_ECDSA-SHA512,15.119,2240.3,1265.66,1,16,1.14286,139.143,16,2016.72,2005.61,1619,1615
1,6,69,RSA-SHA3-512_signed-by_ECDSA-SHA512,RSA-SHA3-512_signed-by_ECDSA-SHA512,11.452,2958.39,1173.58,1,7,0.583333,129.667,9,2054.55,2020.35,1619,1616
1,1,65,RSA-SHA3-512_signed-by_ECDSA-SHA512,RSA-SHA3-512_signed-by_ECDSA-SHA512,10.154,3336.34,1279.39,1,0,0,148,24,2073.07,2022.4,1619,1616
1,7,67,RSA-SHA3-512_signed-by_ECDSA-SHA512,RSA-SHA3-512_signed-by_ECDSA-SHA512,9.875,3429.79,1341.46,1,0,0,169.636,17,2042.12,2040.47,1619,1615
1,2,64,RSA-SHA3-512_signed-by_ECDSA-SHA512,RSA-SHA3-512_signed-by_ECDSA-SHA512,13.949,2429.39,1268.6,1,14,0.777778,106.444,24,2035.7,2005.52,1619,1617
1,5,67,RSA-SHA3-512_signed-by_ECDSA-SHA512,RSA-SHA3-512_signed-by_ECDSA-SHA512,17.773,1905.73,1112.65,1,12,0.8,133.2,15,2017.81,1999.32,1619,1615
1,6,70,RSA-SHA3-512_signed-by_ECDSA-SHA512,RSA-SHA3-512_signed-by_ECDSA-SHA512,13.485,2512.37,1123.6,1,0,0,216.154,9,2041.96,2010.82,1619,1616
1,7,68,RSA-SHA3-512_signed-by_ECDSA-SHA512,RSA-SHA3-512_signed-by_ECDSA-SHA512,10.956,3091.62,1232.56,1,0,0,188.667,17,2061.51,2016.12,1619,1615
1,8,68,RSA-SHA3-512_signed-by_ECDSA-SHA512,RSA-SHA3-512_signed-by_ECDSA-SHA512,22.946,1476.14,1311.58,1,30,1.07143,174.857,16,2047.51,1997.17,1619,1615
1,1,66,RSA-SHA3-512_signed-by_ECDSA-SHA512,RSA-SHA3-512_signed-by_ECDSA-SHA512,17.624,1922.29,1017.65,1,8,0.533333,130.533,24,2057.43,1992.14,1619,1616
1,5,68,RSA-SHA3-512_signed-by_ECDSA-SHA512,RSA-SHA3-512_signed-by_ECDSA-SHA512,9.175,3691.37,2043.59,0.833333,2,0.166667,128,15,2030.11,2006.29,1619,1615
1,2,65,RSA-SHA3-512_signed-by_ECDSA-SHA512,RSA-SHA3-512_signed-by_ECDSA-SHA512,13.816,2452.7,1284.25,1,7,0.5,126.857,24,2026.31,2005.23,1619,1617
1,6,71,RSA-SHA3-512_signed-by_ECDSA-SHA512,RSA-SHA3-512_signed-by_ECDSA-SHA512,11.202,3024.39,1182.62,1,0,0,138,9,2054.88,1996.32,1619,1616
1,7,69,RSA-SHA3-512_signed-by_ECDSA-SHA512,RSA-SHA3-512_signed-by_ECDSA-SHA512,13.85,2445.55,970.363,1,7,0.583333,158.667,17,2064.09,2019.09,1619,1615
1,3,65,RSA-SHA3-512_signed-by_ECDSA-SHA512,RSA-SHA3-512_signed-by_ECDSA-SHA512,82.505,410.541,284.295,1,19,0.826087,115.043,24,2053.84,2066.54,1619,1615
1,8,69,RSA-SHA3-512_signed-by_ECDSA-SHA512,RSA-SHA3-512_signed-by_ECDSA-SHA512,15.884,2132.38,1352.76,1,23,1.27778,132.222,16,2009.24,2006.46,1619,1615
1,2,66,RSA-SHA3-512_signed-by_ECDSA-SHA512,RSA-SHA3-512_signed-by_ECDSA-SHA512,15.463,2191.48,856.726,1,0,0,127.091,24,2015.29,1999.22,1619,1617
1,1,67,RSA-SHA3-512_signed-by_ECDSA-SHA512,RSA-SHA3-512_signed-by_ECDSA-SHA512,18.84,1798.22,941.783,1,7,0.5,134.571,24,2045.62,2017.31,1619,1616
1,6,72,RSA-SHA3-512_signed-by_ECDSA-SHA512,RSA-SHA3-512_signed-by_ECDSA-SHA512,14.556,2327.51,892.531,1,0,0,342.4,9,2217.8,2002.28,1619,1616
1,5,69,RSA-SHA3-512_signed-by_ECDSA-SHA512,RSA-SHA3-512_signed-by_ECDSA-SHA512,19.355,1749.96,978.722,1,11,0.846154,146.923,15,2025.96,2029.33,1619,1615
1,7,70,RSA-SHA3-512_signed-by_ECDSA-SHA512,RSA-SHA3-512_signed-by_ECDSA-SHA512,13.685,2475.06,1107.17,1,4,0.307692,164.154,17,2067.82,2022.21,1619,1615
1,4,0,RSA-SHA3-512_signed-by_ECDSA-SHA512,RSA-SHA3-512_signed-by_ECDSA-SHA512,1056.09,32.0729,16.9834,1,14,0.56,135.92,24,2067.13,2034.34,1619,1615
1,3,66,RSA-SHA3-512_signed-by_ECDSA-SHA512,RSA-SHA3-512_signed-by_ECDSA-SHA512,19.703,1719.07,659.37,1,0,0,136,24,2056.34,1992.28,1619,1615
1,8,70,RSA-SHA3-512_signed-by_ECDSA-SHA512,RSA-SHA3-512_signed-by_ECDSA-SHA512,20.556,1647.74,746.425,1,3,0.214286,173.429,16,2031.65,2038.33,1619,1615
1,2,67,RSA-SHA3-512_signed-by_ECDSA-SHA512,RSA-SHA3-512_signed-by_ECDSA-SHA512,18.842,1798.49,689.505,1,0,0,136,24,2077.34,1998.9,1619,1617
1,7,71,RSA-SHA3-512_signed-by_ECDSA-SHA512,RSA-SHA3-512_signed-by_ECDSA-SHA512,15.499,2185.4,1006.5,1,3,0.2,241.733,17,2045.83,1995.89,1619,1615
1,6,73,RSA-SHA3-512_signed-by_ECDSA-SHA512,RSA-SHA3-512_signed-by_ECDSA-SHA512,18.932,1789.51,937.22,1,7,0.5,137.143,10,2026.68,1995.42,1619,1616
1,5,70,RSA-SHA3-512_signed-by_ECDSA-SHA512,RSA-SHA3-512_signed-by_ECDSA-SHA512,18.087,1872.68,1061.51,1,11,0.785714,140.857,15,2044.24,1997.77,1619,1615
1,1,68,RSA-SHA3-512_signed-by_ECDSA-SHA512,RSA-SHA3-512_signed-by_ECDSA-SHA512,21.597,1568.68,877.126,1,15,1.15385,146.923,24,2034.48,2016.78,1619,1616
1,7,72,RSA-SHA3-512_signed-by_ECDSA-SHA512,RSA-SHA3-512_signed-by_ECDSA-SHA512,6.693,5060.31,1979.19,0.818182,0,0,169.636,17,2033.25,2001.17,1619,1615
1,4,1,RSA-SHA3-512_signed-by_ECDSA-SHA512,RSA-SHA3-512_signed-by_ECDSA-SHA512,16.968,1996.14,1396.45,1,18,1.05882,158.235,24,2042.89,2021.41,1619,1615
1,5,71,RSA-SHA3-512_signed-by_ECDSA-SHA512,RSA-SHA3-512_signed-by_ECDSA-SHA512,9.862,3434.59,1343.34,0.636364,4,0.363636,118.727,15,2040.91,2005.27,1619,1615
1,6,74,RSA-SHA3-512_signed-by_ECDSA-SHA512,RSA-SHA3-512_signed-by_ECDSA-SHA512,11.984,2827.06,1586.09,1,2,0.153846,141.077,10,2021.7,2012.89,1619,1616
1,2,68,RSA-SHA3-512_signed-by_ECDSA-SHA512,RSA-SHA3-512_signed-by_ECDSA-SHA512,14.802,2289.35,877.691,1,0,0,136,24,2030.1,1989.49,1619,1617
1,8,71,RSA-SHA3-512_signed-by_ECDSA-SHA512,RSA-SHA3-512_signed-by_ECDSA-SHA512,19.032,1779.74,932.323,1,7,0.5,126,16,2022.72,2025.19,1619,1615
1,7,73,RSA-SHA3-512_signed-by_ECDSA-SHA512,RSA-SHA3-512_signed-by_ECDSA-SHA512,12.163,2784.76,1068.13,1,4,0.4,182.8,17,2055.68,2002.31,1619,1615
1,3,67,RSA-SHA3-512_signed-by_ECDSA-SHA512,RSA-SHA3-512_signed-by_ECDSA-SHA512,26.313,1287.23,1050.1,1,27,1.125,129.333,24,2004.73,1997.99,1619,1615
1,4,2,RSA-SHA3-512_signed-by_ECDSA-SHA512,RSA-SHA3-512_signed-by_ECDSA-SHA512,15.717,2155.01,842.866,1,4,0.363636,138,24,2061.87,2017.29,1619,1615
1,6,75,RSA-SHA3-512_signed-by_ECDSA-SHA512,RSA-SHA3-512_signed-by_ECDSA-SHA512,12.6,2688.79,1274.87,1,9,0.6,123.067,10,2020.81,1994.25,1619,1616
1,2,69,RSA-SHA3-512_signed-by_ECDSA-SHA512,RSA-SHA3-512_signed-by_ECDSA-SHA512,12.168,2784.9,1067.68,1,4,0.4,136,24,2060.33,2009.69,1619,1617
1,5,72,RSA-SHA3-512_signed-by_ECDSA-SHA512,RSA-SHA3-512_signed-by_ECDSA-SHA512,16.024,2113.71,1266.03,1,11,0.578947,151.684,15,2049.08,2001.61,1619,1615
1,7,74,RSA-SHA3-512_signed-by_ECDSA-SHA512,RSA-SHA3-512_signed-by_ECDSA-SHA512,11.784,2874.29,1478.56,1,10,0.526316,197.158,17,2027.54,2009.24,1619,1615
1,3,68,RSA-SHA3-512_signed-by_ECDSA-SHA512,RSA-SHA3-512_signed-by_ECDSA-SHA512,14.326,2364.27,1071.01,1,3,0.214286,184.857,24,2040.22,2019.48,1619,1615
1,5,73,RSA-SHA3-512_signed-by_ECDSA-SHA512,RSA-SHA3-512_signed-by_ECDSA-SHA512,10.03,3376.75,1306.36,1,0,0,126.727,15,2049.25,2004.26,1619,1615
1,6,76,RSA-SHA3-512_signed-by_ECDSA-SHA512,RSA-SHA3-512_signed-by_ECDSA-SHA512,12.982,2609.71,1111.67,1,1,0.0833333,162.667,10,2050.81,2000.52,1619,1616
1,2,70,RSA-SHA3-512_signed-by_ECDSA-SHA512,RSA-SHA3-512_signed-by_ECDSA-SHA512,13.307,2546.57,1167.48,1,4,0.266667,175.067,24,2036.41,2003.81,1619,1617
1,4,3,RSA-SHA3-512_signed-by_ECDSA-SHA512,RSA-SHA3-512_signed-by_ECDSA-SHA512,17.874,1894.96,1820.66,1,38,1.35714,473,24,2042.08,2010.22,1619,1615
1,2,71,RSA-SHA3-512_signed-by_ECDSA-SHA512,RSA-SHA3-512_signed-by_ECDSA-SHA512,7.843,4320.77,1713.62,1,5,0.416667,119.667,24,2031.94,2002.58,1619,1617
1,6,77,RSA-SHA3-512_signed-by_ECDSA-SHA512,RSA-SHA3-512_signed-by_ECDSA-SHA512,9.617,3522.86,1377.53,1,0,0,131.818,10,2055.75,2033.35,1619,1616
1,1,69,RSA-SHA3-512_signed-by_ECDSA-SHA512,RSA-SHA3-512_signed-by_ECDSA-SHA512,46.17,733.808,859.43,1,41,1.10811,125.568,24,2050.17,2013.59,1619,1616
1,4,4,RSA-SHA3-512_signed-by_ECDSA-SHA512,RSA-SHA3-512_signed-by_ECDSA-SHA512,8.543,3964.79,1634.98,1,1,0.0833333,126,24,2036.01,2078.66,1619,1615
1,7,75,RSA-SHA3-512_signed-by_ECDSA-SHA512,RSA-SHA3-512_signed-by_ECDSA-SHA512,21.369,1585.07,1361.95,1,22,0.846154,194.308,17,2053.61,2001.22,1619,1615
1,6,78,RSA-SHA3-512_signed-by_ECDSA-SHA512,RSA-SHA3-512_signed-by_ECDSA-SHA512,11.213,3021.4,1181.45,1,0,0,138,10,2067.34,1999.61,1619,1616
1,8,72,RSA-SHA3-512_signed-by_ECDSA-SHA512,RSA-SHA3-512_signed-by_ECDSA-SHA512,43.791,773.492,1236.42,1,38,1.05556,105.222,16,2039.8,2008.23,1619,1615
1,1,70,RSA-SHA3-512_signed-by_ECDSA-SHA512,RSA-SHA3-512_signed-by_ECDSA-SHA512,14.86,2279.84,1274.77,1,11,0.846154,158.308,24,2132.45,2010.7,1619,1616
1,7,76,RSA-SHA3-512_signed-by_ECDSA-SHA512,RSA-SHA3-512_signed-by_ECDSA-SHA512,13.531,2503.21,1133.95,0.928571,3,0.214286,197.714,17,2005.6,2008.46,1619,1615
1,4,5,RSA-SHA3-512_signed-by_ECDSA-SHA512,RSA-SHA3-512_signed-by_ECDSA-SHA512,15.627,2167.45,1593.08,1,22,1.375,255.25,24,2100.66,2025.71,1619,1615
1,2,72,RSA-SHA3-512_signed-by_ECDSA-SHA512,RSA-SHA3-512_signed-by_ECDSA-SHA512,20.676,1638.98,1526.78,1,37,1.42308,238.615,24,2020.64,1997.92,1619,1617
1,5,74,RSA-SHA3-512_signed-by_ECDSA-SHA512,RSA-SHA3-512_signed-by_ECDSA-SHA512,32.151,1053.51,1044.55,1,46,1.84,150.32,15,2030.95,2027.73,1619,1615
1,6,79,RSA-SHA3-512_signed-by_ECDSA-SHA512,RSA-SHA3-512_signed-by_ECDSA-SHA512,11.896,2847.79,1305.88,0.933333,8,0.533333,122.533,10,2512.21,2472.48,1619,1616
1,8,73,RSA-SHA3-512_signed-by_ECDSA-SHA512,RSA-SHA3-512_signed-by_ECDSA-SHA512,15.111,2241.48,859.745,1,0,0,126.8,16,2031.62,1995.36,1619,1615
1,1,71,RSA-SHA3-512_signed-by_ECDSA-SHA512,RSA-SHA3-512_signed-by_ECDSA-SHA512,15.517,2183.34,870.241,1,0,0,119.667,24,2080.25,2027.86,1619,1616
1,7,77,RSA-SHA3-512_signed-by_ECDSA-SHA512,RSA-SHA3-512_signed-by_ECDSA-SHA512,15.443,2193.28,841.258,1,0,0,182.8,17,2066.18,2001.3,1619,1615
1,2,73,RSA-SHA3-512_signed-by_ECDSA-SHA512,RSA-SHA3-512_signed-by_ECDSA-SHA512,13.943,2430.39,1358.63,1,11,0.846154,158.308,24,2033.73,1997.67,1619,1617
1,4,6,RSA-SHA3-512_signed-by_ECDSA-SHA512,RSA-SHA3-512_signed-by_ECDSA-SHA512,15.845,2137.63,819.913,1,0,0,148,24,2039.91,2016.97,1619,1615
1,5,75,RSA-SHA3-512_signed-by_ECDSA-SHA512,RSA-SHA3-512_signed-by_ECDSA-SHA512,13.45,2518.28,1333.49,0.933333,10,0.666667,176.4,15,2044.72,2002.07,1619,1615
1,3,69,RSA-SHA3-512_signed-by_ECDSA-SHA512,RSA-SHA3-512_signed-by_ECDSA-SHA512,51.008,664.047,499.368,1,29,1.52632,145.158,24,2123.14,1998.86,1619,1615
1,6,80,RSA-SHA3-512_signed-by_ECDSA-SHA512,RSA-SHA3-512_signed-by_ECDSA-SHA512,14.814,2286.93,876.971,1,4,0.4,148,10,2026.97,2019.8,1619,1616
1,7,78,RSA-SHA3-512_signed-by_ECDSA-SHA512,RSA-SHA3-512_signed-by_ECDSA-SHA512,14.26,2375.24,1768.25,1,7,0.411765,155.176,17,2133.89,2018.14,1619,1615
1,5,76,RSA-SHA3-512_signed-by_ECDSA-SHA512,RSA-SHA3-512_signed-by_ECDSA-SHA512,13.1,2585.59,1687.9,1,9,0.409091,157.636,15,2053.31,2038.7,1619,1615
1,1,72,RSA-SHA3-512_signed-by_ECDSA-SHA512,RSA-SHA3-512_signed-by_ECDSA-SHA512,17.987,1883.5,986.446,1,7,0.5,126.857,24,2059.61,1990.11,1619,1616
1,8,74,RSA-SHA3-512_signed-by_ECDSA-SHA512,RSA-SHA3-512_signed-by_ECDSA-SHA512,21.816,1552.61,1248.98,1,25,1.13636,120.909,17,2031.57,1996.01,1619,1615
1,6,81,RSA-SHA3-512_signed-by_ECDSA-SHA512,RSA-SHA3-512_signed-by_ECDSA-SHA512,18.246,1856.75,925.966,1,5,0.294118,175.647,10,2046.25,2000.33,1619,1616
1,3,70,RSA-SHA3-512_signed-by_ECDSA-SHA512,RSA-SHA3-512_signed-by_ECDSA-SHA512,21.663,1563.58,1486.76,1,39,1.34483,282.69,24,2039.06,1995.26,1619,1615
1,5,77,RSA-SHA3-512_signed-by_ECDSA-SHA512,RSA-SHA3-512_signed-by_ECDSA-SHA512,13.494,2510.07,1333.88,1,7,0.466667,126,15,2056.44,2013.22,1619,1615
1,1,73,RSA-SHA3-512_signed-by_ECDSA-SHA512,RSA-SHA3-512_signed-by_ECDSA-SHA512,14.53,2331.65,1713.36,1,22,1.375,168.75,24,2033.53,2012.82,1619,1616
1,7,79,RSA-SHA3-512_signed-by_ECDSA-SHA512,RSA-SHA3-512_signed-by_ECDSA-SHA512,17.595,1925.01,1289.4,1,19,1,148.316,17,2503.01,2474.73,1619,1615
1,2,74,RSA-SHA3-512_signed-by_ECDSA-SHA512,RSA-SHA3-512_signed-by_ECDSA-SHA512,30.782,1100.9,981.869,1,36,1.56522,138,24,2034.38,1999.76,1619,1617
1,6,82,RSA-SHA3-512_signed-by_ECDSA-SHA512,RSA-SHA3-512_signed-by_ECDSA-SHA512,13.683,2475.99,1542.31,1,10,0.625,143.5,10,2037.3,1998.64,1619,1616
1,3,71,RSA-SHA3-512_signed-by_ECDSA-SHA512,RSA-SHA3-512_signed-by_ECDSA-SHA512,14.992,2259.24,1065.06,1,7,0.411765,103.176,24,2135.44,2047.12,1619,1615
1,5,78,RSA-SHA3-512_signed-by_ECDSA-SHA512,RSA-SHA3-512_signed-by_ECDSA-SHA512,11.721,2889.81,1664,1,5,0.384615,159.846,15,2022.53,2006.88,1619,1615
1,1,74,RSA-SHA3-512_signed-by_ECDSA-SHA512,RSA-SHA3-512_signed-by_ECDSA-SHA512,11.219,3019.83,1158.02,1,0,0,136,24,2048.02,2009.08,1619,1616
1,8,75,RSA-SHA3-512_signed-by_ECDSA-SHA512,RSA-SHA3-512_signed-by_ECDSA-SHA512,25.683,1318.82,612.374,1,5,0.3125,164.25,17,2112.54,1989.3,1619,1615
1,7,80,RSA-SHA3-512_signed-by_ECDSA-SHA512,RSA-SHA3-512_signed-by_ECDSA-SHA512,16.043,2111.23,995.281,1,3,0.176471,217.529,17,2049.86,2136.18,1619,1615
1,5,79,RSA-SHA3-512_signed-by_ECDSA-SHA512,RSA-SHA3-512_signed-by_ECDSA-SHA512,11.911,2843.7,1090.73,1,0,0,139.6,15,2478.53,2498.31,1619,1615
1,6,83,RSA-SHA3-512_signed-by_ECDSA-SHA512,RSA-SHA3-512_signed-by_ECDSA-SHA512,16.924,2001.8,782.756,1,0,0,138,10,2028.15,2012.81,1619,1616
1,3,72,RSA-SHA3-512_signed-by_ECDSA-SHA512,RSA-SHA3-512_signed-by_ECDSA-SHA512,14.282,2371.58,1326.38,1,11,0.846154,158.308,24,2019.11,1997.11,1619,1615
1,1,75,RSA-SHA3-512_signed-by_ECDSA-SHA512,RSA-SHA3-512_signed-by_ECDSA-SHA512,13.162,2574,995.565,1,0,0,126.727,24,2024.69,2004.1,1619,1616
1,8,76,RSA-SHA3-512_signed-by_ECDSA-SHA512,RSA-SHA3-512_signed-by_ECDSA-SHA512,13.779,2458.15,942.853,1,0,0,126.8,17,2033.08,1986.8,1619,1615
1,2,75,RSA-SHA3-512_signed-by_ECDSA-SHA512,RSA-SHA3-512_signed-by_ECDSA-SHA512,28.587,1185.4,1135.58,1,39,1.3,206.533,24,2049.06,1995.14,1619,1617
1,7,81,RSA-SHA3-512_signed-by_ECDSA-SHA512,RSA-SHA3-512_signed-by_ECDSA-SHA512,19.083,1774.98,939.891,1,8,0.533333,160.133,17,2045.5,2004.47,1619,1615
1,6,84,RSA-SHA3-512_signed-by_ECDSA-SHA512,RSA-SHA3-512_signed-by_ECDSA-SHA512,13.892,2438.74,935.186,1,0,0,212.8,10,2045.28,2012.56,1619,1616
1,3,73,RSA-SHA3-512_signed-by_ECDSA-SHA512,RSA-SHA3-512_signed-by_ECDSA-SHA512,13.865,2442.91,937.007,1,0,0,130.4,24,2027.45,2008.74,1619,1615
1,1,76,RSA-SHA3-512_signed-by_ECDSA-SHA512,RSA-SHA3-512_signed-by_ECDSA-SHA512,13.731,2467.34,960.137,1,5,0.454545,127.091,24,2042,1985.58,1619,1616
1,5,80,RSA-SHA3-512_signed-by_ECDSA-SHA512,RSA-SHA3-512_signed-by_ECDSA-SHA512,17.883,1894.01,1286.53,0.95,14,0.7,108.8,15,2102.2,1990.89,1619,1615
1,4,7,RSA-SHA3-512_signed-by_ECDSA-SHA512,RSA-SHA3-512_signed-by_ECDSA-SHA512,70.656,479.392,542.345,1,50,1.66667,194.8,24,2042.6,2039.38,1619,1615
1,8,77,RSA-SHA3-512_signed-by_ECDSA-SHA512,RSA-SHA3-512_signed-by_ECDSA-SHA512,16.954,1997.81,905.006,1,7,0.5,110,17,2014.52,1999.09,1619,1615
1,2,76,RSA-SHA3-512_signed-by_ECDSA-SHA512,RSA-SHA3-512_signed-by_ECDSA-SHA512,14.464,2342.87,1309.7,1,11,0.846154,156.462,24,2035.25,1999.46,1619,1617
1,7,82,RSA-SHA3-512_signed-by_ECDSA-SHA512,RSA-SHA3-512_signed-by_ECDSA-SHA512,12.256,2763.69,1060.05,1,0,0,179.2,17,2043.12,2177.99,1619,1615
1,6,85,RSA-SHA3-512_signed-by_ECDSA-SHA512,RSA-SHA3-512_signed-by_ECDSA-SHA512,12.108,2798.14,1073,1,0,0,148,10,2034.2,2016.11,1619,1616
1,3,74,RSA-SHA3-512_signed-by_ECDSA-SHA512,RSA-SHA3-512_signed-by_ECDSA-SHA512,15.131,2238.52,875.531,1,0,0,127.091,24,2021.06,1995.18,1619,1615
1,4,8,RSA-SHA3-512_signed-by_ECDSA-SHA512,RSA-SHA3-512_signed-by_ECDSA-SHA512,13.052,2595.1,995.381,1,0,0,136,24,2019.28,2007.38,1619,1615
1,5,81,RSA-SHA3-512_signed-by_ECDSA-SHA512,RSA-SHA3-512_signed-by_ECDSA-SHA512,15.857,2136.02,1510.45,1,18,1,130,15,2030.93,2009.8,1619,1615
1,2,77,RSA-SHA3-512_signed-by_ECDSA-SHA512,RSA-SHA3-512_signed-by_ECDSA-SHA512,13.89,2439.67,949.143,1,7,0.636364,127.091,24,2027.74,2046.94,1619,1617
1,1,77,RSA-SHA3-512_signed-by_ECDSA-SHA512,RSA-SHA3-512_signed-by_ECDSA-SHA512,20.959,1616.42,853.437,1,11,0.578947,159.263,24,2046.5,2023.13,1619,1616
1,6,86,RSA-SHA3-512_signed-by_ECDSA-SHA512,RSA-SHA3-512_signed-by_ECDSA-SHA512,12.685,2670.77,1024.16,1,0,0,148,10,2046.64,2030.22,1619,1616
1,7,83,RSA-SHA3-512_signed-by_ECDSA-SHA512,RSA-SHA3-512_signed-by_ECDSA-SHA512,15.267,2218.55,1162.2,1,7,0.5,137.143,17,2074.98,1996.12,1619,1615
1,4,9,RSA-SHA3-512_signed-by_ECDSA-SHA512,RSA-SHA3-512_signed-by_ECDSA-SHA512,12.683,2670.53,1398.97,1,7,0.5,126.857,24,2044.67,2055.12,1619,1615
1,2,78,RSA-SHA3-512_signed-by_ECDSA-SHA512,RSA-SHA3-512_signed-by_ECDSA-SHA512,10.86,3120.31,1395.15,0.769231,4,0.307692,196.154,24,2220.9,1994.39,1619,1617
1,8,78,RSA-SHA3-512_signed-by_ECDSA-SHA512,RSA-SHA3-512_signed-by_ECDSA-SHA512,26.667,1270.18,1152.58,1,31,1.06897,103.931,17,2018.41,1984.47,1619,1615
1,5,82,RSA-SHA3-512_signed-by_ECDSA-SHA512,RSA-SHA3-512_signed-by_ECDSA-SHA512,14.961,2263.89,1198.78,1,11,0.733333,113.2,15,2047.57,2142.97,1619,1615
1,3,75,RSA-SHA3-512_signed-by_ECDSA-SHA512,RSA-SHA3-512_signed-by_ECDSA-SHA512,19.685,1720.68,975.348,1,11,0.785714,149.714,24,2058.68,2019.16,1619,1615
1,1,78,RSA-SHA3-512_signed-by_ECDSA-SHA512,RSA-SHA3-512_signed-by_ECDSA-SHA512,14.283,2371.92,909.562,1,0,0,126.8,24,2073.79,2014.21,1619,1616
1,6,87,RSA-SHA3-512_signed-by_ECDSA-SHA512,RSA-SHA3-512_signed-by_ECDSA-SHA512,14.002,2419.56,927.832,0.9,0,0,148,10,2053.48,2094.9,1619,1616
1,7,84,RSA-SHA3-512_signed-by_ECDSA-SHA512,RSA-SHA3-512_signed-by_ECDSA-SHA512,18.559,1825.04,700.015,1,0,0,148,17,2047.47,2023.28,1619,1615
1,2,79,RSA-SHA3-512_signed-by_ECDSA-SHA512,RSA-SHA3-512_signed-by_ECDSA-SHA512,15.804,2144.25,970.886,1,3,0.214286,184.857,24,2493.44,2574.41,1619,1617
1,4,10,RSA-SHA3-512_signed-by_ECDSA-SHA512,RSA-SHA3-512_signed-by_ECDSA-SHA512,19.832,1707.89,917.272,1,8,0.5,115.75,24,2030.34,2029.32,1619,1615
1,5,83,RSA-SHA3-512_signed-by_ECDSA-SHA512,RSA-SHA3-512_signed-by_ECDSA-SHA512,17.397,1946.95,885.647,1,3,0.214286,170.857,15,2055.19,2016.55,1619,1615
1,8,79,RSA-SHA3-512_signed-by_ECDSA-SHA512,RSA-SHA3-512_signed-by_ECDSA-SHA512,19.788,1711.7,909.617,1,7,0.466667,113.2,17,2489.37,2471.88,1619,1615
1,1,79,RSA-SHA3-512_signed-by_ECDSA-SHA512,RSA-SHA3-512_signed-by_ECDSA-SHA512,17.358,1951.8,1022.22,1,7,0.5,119.429,24,2506.44,2509.13,1619,1616
1,6,88,RSA-SHA3-512_signed-by_ECDSA-SHA512,RSA-SHA3-512_signed-by_ECDSA-SHA512,15.418,2197.41,1199.63,0.866667,8,0.533333,131.867,10,2025.32,2017.97,1619,1616
1,3,76,RSA-SHA3-512_signed-by_ECDSA-SHA512,RSA-SHA3-512_signed-by_ECDSA-SHA512,19.788,1711.7,896.68,1,7,0.5,126.857,24,2036.32,2015.53,1619,1615
1,7,85,RSA-SHA3-512_signed-by_ECDSA-SHA512,RSA-SHA3-512_signed-by_ECDSA-SHA512,15.352,2206.32,846.259,0,0,0,148,17,2053.7,1999.55,1619,1615
1,4,11,RSA-SHA3-512_signed-by_ECDSA-SHA512,RSA-SHA3-512_signed-by_ECDSA-SHA512,14.255,2376.12,911.39,0.3,0,0,134.8,24,2028.63,2028.5,1619,1615
1,2,80,RSA-SHA3-512_signed-by_ECDSA-SHA512,RSA-SHA3-512_signed-by_ECDSA-SHA512,17.311,1957.53,750.48,0.4,0,0,136,24,2032.13,2004.55,1619,1617
1,8,80,RSA-SHA3-512_signed-by_ECDSA-SHA512,RSA-SHA3-512_signed-by_ECDSA-SHA512,13.872,2441.72,936.549,1,0,0,126.8,17,2060.61,2217.24,1619,1615
1,5,84,RSA-SHA3-512_signed-by_ECDSA-SHA512,RSA-SHA3-512_signed-by_ECDSA-SHA512,15.675,2160.85,841.068,1,5,0.454545,542,15,2022.41,1980.1,1619,1615
1,6,89,RSA-SHA3-512_signed-by_ECDSA-SHA512,RSA-SHA3-512_signed-by_ECDSA-SHA512,13.119,2582.49,1045.19,1,1,0.0909091,139.818,10,2030.66,1987.05,1619,1616
1,3,77,RSA-SHA3-512_signed-by_ECDSA-SHA512,RSA-SHA3-512_signed-by_ECDSA-SHA512,12.564,2695.94,1034.06,1,4,0.4,136,24,2050.21,2017.88,1619,1615
1,1,80,RSA-SHA3-512_signed-by_ECDSA-SHA512,RSA-SHA3-512_signed-by_ECDSA-SHA512,21.015,1612.16,986.713,1,16,0.761905,99.7143,24,2046.08,2003.99,1619,1616
1,4,12,RSA-SHA3-512_signed-by_ECDSA-SHA512,RSA-SHA3-512_signed-by_ECDSA-SHA512,11.521,2939.92,1144.31,1,7,0.636364,127.091,24,2044.48,2002.98,1619,1615
1,7,86,RSA-SHA3-512_signed-by_ECDSA-SHA512,RSA-SHA3-512_signed-by_ECDSA-SHA512,17.185,1971,1382.59,1,9,0.529412,133.765,17,2037.58,2020.44,1619,1615
1,2,81,RSA-SHA3-512_signed-by_ECDSA-SHA512,RSA-SHA3-512_signed-by_ECDSA-SHA512,15.093,2245.16,1569.92,1,18,1.05882,145.529,24,2027.35,1985.24,1619,1617
1,8,81,RSA-SHA3-512_signed-by_ECDSA-SHA512,RSA-SHA3-512_signed-by_ECDSA-SHA512,19.186,1765.43,1125.81,1,19,1,128.316,17,2045.46,2036.79,1619,1615
1,3,78,RSA-SHA3-512_signed-by_ECDSA-SHA512,RSA-SHA3-512_signed-by_ECDSA-SHA512,18.169,1864.25,1290.97,1,20,1,215.8,24,2020.16,2016.77,1619,1615
1,6,90,RSA-SHA3-512_signed-by_ECDSA-SHA512,RSA-SHA3-512_signed-by_ECDSA-SHA512,20.007,1693.38,1042.02,1,15,0.789474,127.684,10,2035.55,2013.62,1619,1616
1,4,13,RSA-SHA3-512_signed-by_ECDSA-SHA512,RSA-SHA3-512_signed-by_ECDSA-SHA512,13.19,2567.94,1182.69,1,5,0.333333,175.067,24,2050.04,2054.72,1619,1615
1,5,85,RSA-SHA3-512_signed-by_ECDSA-SHA512,RSA-SHA3-512_signed-by_ECDSA-SHA512,23.676,1430.61,771.054,1,7,0.388889,152.889,15,2042.87,2033.07,1619,1615
1,7,87,RSA-SHA3-512_signed-by_ECDSA-SHA512,RSA-SHA3-512_signed-by_ECDSA-SHA512,15.038,2252.37,905.415,1,0,0,122.308,17,2045.17,1994.99,1619,1615
1,8,82,RSA-SHA3-512_signed-by_ECDSA-SHA512,RSA-SHA3-512_signed-by_ECDSA-SHA512,14.146,2394.39,1447.72,1,22,1.1,100.4,17,2046.99,2017.84,1619,1615
1,6,91,RSA-SHA3-512_signed-by_ECDSA-SHA512,RSA-SHA3-512_signed-by_ECDSA-SHA512,12.817,2643.31,1022.37,1,0,0,137.636,10,2077.17,2004.26,1619,1616
1,4,14,RSA-SHA3-512_signed-by_ECDSA-SHA512,RSA-SHA3-512_signed-by_ECDSA-SHA512,15.441,2193.55,1010.26,1,3,0.2,174.267,24,2017.93,2017.81,1619,1615
1,1,81,RSA-SHA3-512_signed-by_ECDSA-SHA512,RSA-SHA3-512_signed-by_ECDSA-SHA512,30.25,1120,789.684,1,19,1.05556,139.556,24,2052.51,2001.7,1619,1616
1,5,86,RSA-SHA3-512_signed-by_ECDSA-SHA512,RSA-SHA3-512_signed-by_ECDSA-SHA512,15.72,2154.62,1144.99,1,7,0.466667,113.2,15,2076.73,1998.14,1619,1615
1,7,88,RSA-SHA3-512_signed-by_ECDSA-SHA512,RSA-SHA3-512_signed-by_ECDSA-SHA512,13.799,2454.58,1285.84,1,7,0.5,137.143,17,2046.2,1996.63,1619,1615
1,3,79,RSA-SHA3-512_signed-by_ECDSA-SHA512,RSA-SHA3-512_signed-by_ECDSA-SHA512,24.824,1364.46,980.325,1,20,1,140.2,24,2508.22,2446.92,1619,1615
1,8,83,RSA-SHA3-512_signed-by_ECDSA-SHA512,RSA-SHA3-512_signed-by_ECDSA-SHA512,11.485,2949.2,1319.27,1,0,0,121.077,17,2025.74,1993.15,1619,1615
1,6,92,RSA-SHA3-512_signed-by_ECDSA-SHA512,RSA-SHA3-512_signed-by_ECDSA-SHA512,11.986,2826.57,1083.91,1,0,0,148,10,2035.75,2016.4,1619,1616
1,2,82,RSA-SHA3-512_signed-by_ECDSA-SHA512,RSA-SHA3-512_signed-by_ECDSA-SHA512,35.238,961.67,1067.92,1,47,1.80769,208.615,24,2024.95,2021.81,1619,1617
1,1,82,RSA-SHA3-512_signed-by_ECDSA-SHA512,RSA-SHA3-512_signed-by_ECDSA-SHA512,15.454,2192.19,1254.75,1,12,0.8,142.267,24,2037.29,1999.56,1619,1616
1,4,15,RSA-SHA3-512_signed-by_ECDSA-SHA512,RSA-SHA3-512_signed-by_ECDSA-SHA512,17.331,1954.3,1239.79,1,19,1.05556,123.333,24,2496.07,2455.22,1619,1615
1,7,89,RSA-SHA3-512_signed-by_ECDSA-SHA512,RSA-SHA3-512_signed-by_ECDSA-SHA512,15.498,2185.46,1161.38,1,7,0.466667,122,17,2058.4,2061.11,1619,1615
1,8,84,RSA-SHA3-512_signed-by_ECDSA-SHA512,RSA-SHA3-512_signed-by_ECDSA-SHA512,13.142,2577.25,988.535,1,0,0,126.8,17,2040.58,2001.03,1619,1615
1,6,93,RSA-SHA3-512_signed-by_ECDSA-SHA512,RSA-SHA3-512_signed-by_ECDSA-SHA512,15.429,2195.75,956.07,1,2,0.153846,125.692,10,2084.36,2020.13,1619,1616
1,3,80,RSA-SHA3-512_signed-by_ECDSA-SHA512,RSA-SHA3-512_signed-by_ECDSA-SHA512,18.499,1830.99,1034.42,1,12,0.857143,149.714,24,2037.47,2034.41,1619,1615
1,5,87,RSA-SHA3-512_signed-by_ECDSA-SHA512,RSA-SHA3-512_signed-by_ECDSA-SHA512,25.551,1325.62,756.421,1,17,1.13333,136.133,15,2056.28,2001.32,1619,1615
1,2,83,RSA-SHA3-512_signed-by_ECDSA-SHA512,RSA-SHA3-512_signed-by_ECDSA-SHA512,16.858,2010.09,1123.68,1,11,0.846154,231.231,24,2010.05,2002.07,1619,1617
1,1,83,RSA-SHA3-512_signed-by_ECDSA-SHA512,RSA-SHA3-512_signed-by_ECDSA-SHA512,13.292,2548.83,977.402,0.6,0,0,126.8,24,2049.48,2003.44,1619,1616
1,7,90,RSA-SHA3-512_signed-by_ECDSA-SHA512,RSA-SHA3-512_signed-by_ECDSA-SHA512,12.737,2659.26,1040.09,1,0,0,138,17,2051.46,2023.99,1619,1615
1,4,16,RSA-SHA3-512_signed-by_ECDSA-SHA512,RSA-SHA3-512_signed-by_ECDSA-SHA512,14.738,2298.18,1363.49,1,14,0.777778,107.333,24,2036.75,1997.78,1619,1615
1,8,85,RSA-SHA3-512_signed-by_ECDSA-SHA512,RSA-SHA3-512_signed-by_ECDSA-SHA512,13.414,2525.05,968.512,1,0,0,126.8,17,2028.96,2014,1619,1615
1,3,81,RSA-SHA3-512_signed-by_ECDSA-SHA512,RSA-SHA3-512_signed-by_ECDSA-SHA512,17.434,1942.87,1290.35,1,14,0.777778,120.444,24,2033.87,2036.07,1619,1615
1,5,88,RSA-SHA3-512_signed-by_ECDSA-SHA512,RSA-SHA3-512_signed-by_ECDSA-SHA512,15.869,2134.37,999.13,1,7,0.4375,156.5,15,2046.79,2031.72,1619,1615
1,1,84,RSA-SHA3-512_signed-by_ECDSA-SHA512,RSA-SHA3-512_signed-by_ECDSA-SHA512,14.3,2369.12,926.392,1,0,0,118.727,24,2022.07,2006.89,1619,1616
1,6,94,RSA-SHA3-512_signed-by_ECDSA-SHA512,RSA-SHA3-512_signed-by_ECDSA-SHA512,21.439,1580.27,1058.24,1,15,0.789474,123.684,10,2029.59,2048.93,1619,1616
1,2,84,RSA-SHA3-512_signed-by_ECDSA-SHA512,RSA-SHA3-512_signed-by_ECDSA-SHA512,17.299,1958.86,1300.35,1,14,0.777778,123.111,24,2005.64,2076.72,1619,1617
1,7,91,RSA-SHA3-512_signed-by_ECDSA-SHA512,RSA-SHA3-512_signed-by_ECDSA-SHA512,15.615,2169.09,831.981,1,0,0,148,17,2071.82,1997.99,1619,1615
1,4,17,RSA-SHA3-512_signed-by_ECDSA-SHA512,RSA-SHA3-512_signed-by_ECDSA-SHA512,16.428,2061.74,790.806,1,0,0,126.8,24,2042.85,1996.41,1619,1615
1,3,82,RSA-SHA3-512_signed-by_ECDSA-SHA512,RSA-SHA3-512_signed-by_ECDSA-SHA512,14.569,2324.85,926.864,1,0,0,112,24,2018.32,1998.11,1619,1615
1,6,95,RSA-SHA3-512_signed-by_ECDSA-SHA512,RSA-SHA3-512_signed-by_ECDSA-SHA512,13.692,2474.36,957.026,1,0,0,137.636,10,2526.81,2470.26,1619,1616
1,8,86,RSA-SHA3-512_signed-by_ECDSA-SHA512,RSA-SHA3-512_signed-by_ECDSA-SHA512,25.408,1333.08,1002.49,1,31,1.63158,158.421,17,2044.41,2002.16,1619,1615
1,7,92,RSA-SHA3-512_signed-by_ECDSA-SHA512,RSA-SHA3-512_signed-by_ECDSA-SHA512,13.058,2593.9,1444.6,1,4,0.307692,170.308,17,2042.58,1993.08,1619,1615
1,2,85,RSA-SHA3-512_signed-by_ECDSA-SHA512,RSA-SHA3-512_signed-by_ECDSA-SHA512,14.786,2291.82,1440.23,1,18,1.05882,137.765,24,2038.99,1991.99,1619,1617
1,1,85,RSA-SHA3-512_signed-by_ECDSA-SHA512,RSA-SHA3-512_signed-by_ECDSA-SHA512,19.059,1777.55,951.105,1,13,0.8125,108.5,24,2194.34,2010.25,1619,1616
1,4,18,RSA-SHA3-512_signed-by_ECDSA-SHA512,RSA-SHA3-512_signed-by_ECDSA-SHA512,17.29,1958.96,1121.52,1,12,0.8,132.4,24,2023.27,2020.69,1619,1615
1,5,89,RSA-SHA3-512_signed-by_ECDSA-SHA512,RSA-SHA3-512_signed-by_ECDSA-SHA512,25.8,1312.83,924.006,1,22,1,192.364,15,2055.89,2013.15,1619,1615
1,8,87,RSA-SHA3-512_signed-by_ECDSA-SHA512,RSA-SHA3-512_signed-by_ECDSA-SHA512,10.931,3098.66,1386.13,0.923077,0,0,181.077,17,2044.18,2013.64,1619,1615
1,6,96,RSA-SHA3-512_signed-by_ECDSA-SHA512,RSA-SHA3-512_signed-by_ECDSA-SHA512,12.581,2692.88,1410.34,1,7,0.5,137.143,10,2038.67,2032.41,1619,1616
1,3,83,RSA-SHA3-512_signed-by_ECDSA-SHA512,RSA-SHA3-512_signed-by_ECDSA-SHA512,15.651,2164.14,1133.69,1,11,0.785714,118.571,24,2041.83,2021.66,1619,1615
1,7,93,RSA-SHA3-512_signed-by_ECDSA-SHA512,RSA-SHA3-512_signed-by_ECDSA-SHA512,15.507,2184.24,837.79,1,0,0,148,17,2039.58,1986.73,1619,1615
1,2,86,RSA-SHA3-512_signed-by_ECDSA-SHA512,RSA-SHA3-512_signed-by_ECDSA-SHA512,18.812,1801.32,1020.58,1,11,0.785714,149.714,24,2039.59,1988.44,1619,1617
1,1,86,RSA-SHA3-512_signed-by_ECDSA-SHA512,RSA-SHA3-512_signed-by_ECDSA-SHA512,16.637,2036.35,922.249,0.714286,3,0.214286,170.857,24,2035.77,2001.26,1619,1616
1,4,19,RSA-SHA3-512_signed-by_ECDSA-SHA512,RSA-SHA3-512_signed-by_ECDSA-SHA512,15.257,2220.04,868.3,0.909091,0,0,118.727,24,2020.82,2179.04,1619,1615
1,8,88,RSA-SHA3-512_signed-by_ECDSA-SHA512,RSA-SHA3-512_signed-by_ECDSA-SHA512,14.148,2394.08,918.277,1,0,0,334,17,2038.44,2005.48,1619,1615
1,5,90,RSA-SHA3-512_signed-by_ECDSA-SHA512,RSA-SHA3-512_signed-by_ECDSA-SHA512,16.306,2077.22,940.981,0.928571,7,0.5,117.429,15,2038.14,2014.34,1619,1615
1,3,84,RSA-SHA3-512_signed-by_ECDSA-SHA512,RSA-SHA3-512_signed-by_ECDSA-SHA512,15.545,2178.91,987.045,0.357143,3,0.214286,170.857,24,2046.26,1998.57,1619,1615
1,7,94,RSA-SHA3-512_signed-by_ECDSA-SHA512,RSA-SHA3-512_signed-by_ECDSA-SHA512,16.746,2022.63,775.805,0.3,0,0,148,17,2033.96,2017.68,1619,1615
1,2,87,RSA-SHA3-512_signed-by_ECDSA-SHA512,RSA-SHA3-512_signed-by_ECDSA-SHA512,15.146,2237.39,874.673,0.272727,0,0,128.182,24,2036.47,1984.1,1619,1617
1,6,97,RSA-SHA3-512_signed-by_ECDSA-SHA512,RSA-SHA3-512_signed-by_ECDSA-SHA512,25.09,1350.34,770.345,0.666667,13,0.866667,147.067,10,2038.34,2016.22,1619,1616
1,1,87,RSA-SHA3-512_signed-by_ECDSA-SHA512,RSA-SHA3-512_signed-by_ECDSA-SHA512,16.887,2006.23,769.331,0.3,0,0,222.8,24,2053.84,1997.43,1619,1616
1,4,20,RSA-SHA3-512_signed-by_ECDSA-SHA512,RSA-SHA3-512_signed-by_ECDSA-SHA512,15.736,2152.48,825.608,0.6,0,0,126.8,24,2018.55,2077.45,1619,1615
1,8,89,RSA-SHA3-512_signed-by_ECDSA-SHA512,RSA-SHA3-512_signed-by_ECDSA-SHA512,15.632,2166.8,843.383,0.727273,7,0.636364,118.727,17,2034.35,2002.19,1619,1615
1,5,91,RSA-SHA3-512_signed-by_ECDSA-SHA512,RSA-SHA3-512_signed-by_ECDSA-SHA512,18.134,1867.82,758.772,1,0,0,268.462,15,2021.46,2020.32,1619,1615
1,3,85,RSA-SHA3-512_signed-by_ECDSA-SHA512,RSA-SHA3-512_signed-by_ECDSA-SHA512,16.537,2048.22,785.617,1,0,0,126.8,24,2070.79,1993.06,1619,1615
1,7,95,RSA-SHA3-512_signed-by_ECDSA-SHA512,RSA-SHA3-512_signed-by_ECDSA-SHA512,14.609,2318.53,889.299,1,0,0,148,17,2510.36,2459.68,1619,1615
1,2,88,RSA-SHA3-512_signed-by_ECDSA-SHA512,RSA-SHA3-512_signed-by_ECDSA-SHA512,16.549,2047.65,785.03,1,0,0,136,24,2043.1,1997.62,1619,1617
1,1,88,RSA-SHA3-512_signed-by_ECDSA-SHA512,RSA-SHA3-512_signed-by_ECDSA-SHA512,15.296,2214.88,849.341,1,0,0,126.8,24,2074.76,2001.54,1619,1616
1,4,21,RSA-SHA3-512_signed-by_ECDSA-SHA512,RSA-SHA3-512_signed-by_ECDSA-SHA512,15.327,2209.88,847.624,1,0,0,126.8,24,2033.72,1998.67,1619,1615
1,6,98,RSA-SHA3-512_signed-by_ECDSA-SHA512,RSA-SHA3-512_signed-by_ECDSA-SHA512,17.274,1961.25,1232.79,1,18,1.05882,128.353,10,2069.8,1996.46,1619,1616
1,8,90,RSA-SHA3-512_signed-by_ECDSA-SHA512,RSA-SHA3-512_signed-by_ECDSA-SHA512,15.646,2164.84,1503.22,1,21,1.05,224,17,2048.09,2022.84,1619,1615
1,5,92,RSA-SHA3-512_signed-by_ECDSA-SHA512,RSA-SHA3-512_signed-by_ECDSA-SHA512,14.087,2404.43,922.247,1,0,0,136,15,2036,1997.7,1619,1615
1,7,96,RSA-SHA3-512_signed-by_ECDSA-SHA512,RSA-SHA3-512_signed-by_ECDSA-SHA512,15.27,2218.1,850.776,1,0,0,149.2,18,2024.17,2032.21,1619,1615
1,1,89,RSA-SHA3-512_signed-by_ECDSA-SHA512,RSA-SHA3-512_signed-by_ECDSA-SHA512,12.641,2680.07,1027.73,1,0,0,126.8,24,2026.07,2036.21,1619,1616
1,4,22,RSA-SHA3-512_signed-by_ECDSA-SHA512,RSA-SHA3-512_signed-by_ECDSA-SHA512,13.171,2571.61,1347.15,0.857143,7,0.5,118.571,24,2024.55,1998.55,1619,1615
1,6,99,RSA-SHA3-512_signed-by_ECDSA-SHA512,RSA-SHA3-512_signed-by_ECDSA-SHA512,13.011,2603.84,998.499,0.9,0,0,126.8,10,2016.68,1996.38,1619,1616
1,2,89,RSA-SHA3-512_signed-by_ECDSA-SHA512,RSA-SHA3-512_signed-by_ECDSA-SHA512,16.923,2002.39,1130.71,1,12,0.857143,149.714,24,2001.98,2010.8,1619,1617
1,8,91,RSA-SHA3-512_signed-by_ECDSA-SHA512,RSA-SHA3-512_signed-by_ECDSA-SHA512,13.811,2452.41,1129.47,0.6,3,0.2,162,17,2041.86,2053,1619,1615
1,5,93,RSA-SHA3-512_signed-by_ECDSA-SHA512,RSA-SHA3-512_signed-by_ECDSA-SHA512,13.742,2464.73,945.378,0.6,0,0,136,15,2039.21,1992.73,1619,1615
1,7,97,RSA-SHA3-512_signed-by_ECDSA-SHA512,RSA-SHA3-512_signed-by_ECDSA-SHA512,11.786,2873.85,1301.85,0.214286,7,0.5,127.714,18,2034.88,2001.7,1619,1615
1,1,90,RSA-SHA3-512_signed-by_ECDSA-SHA512,RSA-SHA3-512_signed-by_ECDSA-SHA512,10.175,3329.41,1276.73,0.3,0,0,126.8,24,2041.58,2018.93,1619,1616
1,4,23,RSA-SHA3-512_signed-by_ECDSA-SHA512,RSA-SHA3-512_signed-by_ECDSA-SHA512,10.902,3106.92,1191.7,0.6,0,0,126.8,24,2031.37,2024.93,1619,1615
1,2,90,RSA-SHA3-512_signed-by_ECDSA-SHA512,RSA-SHA3-512_signed-by_ECDSA-SHA512,10.358,3271.64,1481.35,0.428571,7,0.5,118.286,24,2043.99,2015.9,1619,1617
1,8,92,RSA-SHA3-512_signed-by_ECDSA-SHA512,RSA-SHA3-512_signed-by_ECDSA-SHA512,11.132,3042.71,1167.07,0.6,0,0,126.8,17,2035.97,1995.93,1619,1615
1,5,94,RSA-SHA3-512_signed-by_ECDSA-SHA512,RSA-SHA3-512_signed-by_ECDSA-SHA512,13.592,2491.98,974.664,0.272727,0,0,127.091,15,2021.94,2016.44,1619,1615
1,7,98,RSA-SHA3-512_signed-by_ECDSA-SHA512,RSA-SHA3-512_signed-by_ECDSA-SHA512,12.897,2626.29,1007.35,0.3,0,0,148,18,2041.92,2019.04,1619,1615
1,1,91,RSA-SHA3-512_signed-by_ECDSA-SHA512,RSA-SHA3-512_signed-by_ECDSA-SHA512,12.778,2651.37,1016.72,0.3,0,0,126.8,24,2223.58,2001.22,1619,1616
1,4,24,RSA-SHA3-512_signed-by_ECDSA-SHA512,RSA-SHA3-512_signed-by_ECDSA-SHA512,11.62,2914.95,1118.06,0.3,0,0,126.8,24,2110.4,1994.66,1619,1615
1,2,91,RSA-SHA3-512_signed-by_ECDSA-SHA512,RSA-SHA3-512_signed-by_ECDSA-SHA512,11.076,3059.59,1190.32,0.363636,5,0.454545,127.091,24,2049.61,1995.79,1619,1617
1,8,93,RSA-SHA3-512_signed-by_ECDSA-SHA512,RSA-SHA3-512_signed-by_ECDSA-SHA512,10.056,3368.07,1291.86,0.4,0,0,126.8,17,2028.69,1994.5,1619,1615
1,5,95,RSA-SHA3-512_signed-by_ECDSA-SHA512,RSA-SHA3-512_signed-by_ECDSA-SHA512,9.529,3554.34,1363.31,1,0,0,136,15,2516.42,2498.05,1619,1615
1,1,92,RSA-SHA3-512_signed-by_ECDSA-SHA512,RSA-SHA3-512_signed-by_ECDSA-SHA512,7.877,4300.75,1947.78,1,7,0.5,110,24,2032.76,2000.91,1619,1616
1,7,99,RSA-SHA3-512_signed-by_ECDSA-SHA512,RSA-SHA3-512_signed-by_ECDSA-SHA512,10.766,3146.2,1741.78,1,3,0.25,165.667,18,2009.26,2002.16,1619,1615
1,8,94,RSA-SHA3-512_signed-by_ECDSA-SHA512,RSA-SHA3-512_signed-by_ECDSA-SHA512,10.709,3162.86,1223.61,1,0,0,118.364,17,2049.18,1988.33,1619,1615
1,4,25,RSA-SHA3-512_signed-by_ECDSA-SHA512,RSA-SHA3-512_signed-by_ECDSA-SHA512,14.959,2264.23,950.829,1,1,0.0769231,103.846,24,2065.46,2057.57,1619,1615
1,5,96,RSA-SHA3-512_signed-by_ECDSA-SHA512,RSA-SHA3-512_signed-by_ECDSA-SHA512,10.991,3081.69,1637.65,0.866667,7,0.466667,120.933,15,2041.68,2012.08,1619,1615
1,2,92,RSA-SHA3-512_signed-by_ECDSA-SHA512,RSA-SHA3-512_signed-by_ECDSA-SHA512,17.331,1955.24,1364.42,1,21,1,224.476,24,2049.73,2007.98,1619,1617
1,4,26,RSA-SHA3-512_signed-by_ECDSA-SHA512,RSA-SHA3-512_signed-by_ECDSA-SHA512,7.325,4623.59,1808.38,0.636364,0,0,118.727,24,2030.56,2001.82,1619,1615
1,1,93,RSA-SHA3-512_signed-by_ECDSA-SHA512,RSA-SHA3-512_signed-by_ECDSA-SHA512,16.242,2085.83,1518.93,1,19,1,123.474,24,2043.25,2003.31,1619,1616
1,8,95,RSA-SHA3-512_signed-by_ECDSA-SHA512,RSA-SHA3-512_signed-by_ECDSA-SHA512,11.722,2889.54,1191.58,1,1,0.0833333,110,17,2495.84,2453.89,1619,1615
1,2,93,RSA-SHA3-512_signed-by_ECDSA-SHA512,RSA-SHA3-512_signed-by_ECDSA-SHA512,10.899,3109.21,1215.5,0.454545,0,0,127.091,24,2030.65,1994.43,1619,1617
1,5,97,RSA-SHA3-512_signed-by_ECDSA-SHA512,RSA-SHA3-512_signed-by_ECDSA-SHA512,12.315,2750.4,1538.25,0.846154,11,0.846154,195.231,15,2031.61,1993.31,1619,1615
1,4,27,RSA-SHA3-512_signed-by_ECDSA-SHA512,RSA-SHA3-512_signed-by_ECDSA-SHA512,9.64,3513.36,1964.96,0.384615,11,0.846154,146.923,24,2032.22,2010.42,1619,1615
1,1,94,RSA-SHA3-512_signed-by_ECDSA-SHA512,RSA-SHA3-512_signed-by_ECDSA-SHA512,9.823,3448.73,1322.49,0.3,0,0,334,24,2053.15,2019.73,1619,1616
1,8,96,RSA-SHA3-512_signed-by_ECDSA-SHA512,RSA-SHA3-512_signed-by_ECDSA-SHA512,9.795,3457.76,1326.27,0.3,0,0,126.8,17,2041.86,1984.61,1619,1615
1,2,94,RSA-SHA3-512_signed-by_ECDSA-SHA512,RSA-SHA3-512_signed-by_ECDSA-SHA512,8.125,4170.42,1630.36,0.272727,0,0,122.727,24,2027.38,2006.45,1619,1617
1,4,28,RSA-SHA3-512_signed-by_ECDSA-SHA512,RSA-SHA3-512_signed-by_ECDSA-SHA512,7.018,4825.89,1851.03,0.3,0,0,126.8,24,2038.76,1998.89,1619,1615
1,1,95,RSA-SHA3-512_signed-by_ECDSA-SHA512,RSA-SHA3-512_signed-by_ECDSA-SHA512,7.174,4722.08,1810.78,0,0,0,126.8,24,2519.34,2460.35,1619,1616
1,5,98,RSA-SHA3-512_signed-by_ECDSA-SHA512,RSA-SHA3-512_signed-by_ECDSA-SHA512,11.243,3012.66,1578.2,0.214286,7,0.5,126.857,15,2038.17,2025.12,1619,1615
1,8,97,RSA-SHA3-512_signed-by_ECDSA-SHA512,RSA-SHA3-512_signed-by_ECDSA-SHA512,9.029,3751.44,1438.91,0.4,0,0,126.8,17,2029.38,2044.07,1619,1615
1,2,95,RSA-SHA3-512_signed-by_ECDSA-SHA512,RSA-SHA3-512_signed-by_ECDSA-SHA512,8.096,4185.32,1604.57,0.4,0,0,136,24,2505.88,2467.84,1619,1617
1,4,29,RSA-SHA3-512_signed-by_ECDSA-SHA512,RSA-SHA3-512_signed-by_ECDSA-SHA512,7.537,4493.58,1853.04,0.583333,1,0.0833333,113.333,24,2048.88,2020.15,1619,1615
1,5,99,RSA-SHA3-512_signed-by_ECDSA-SHA512,RSA-SHA3-512_signed-by_ECDSA-SHA512,8.627,3926.25,1565.31,1,0,0,115.667,15,2029.26,1996.19,1619,1615
1,1,96,RSA-SHA3-512_signed-by_ECDSA-SHA512,RSA-SHA3-512_signed-by_ECDSA-SHA512,10.853,3121.62,1658.48,1,7,0.466667,113.2,24,2046.71,2023.84,1619,1616
1,8,98,RSA-SHA3-512_signed-by_ECDSA-SHA512,RSA-SHA3-512_signed-by_ECDSA-SHA512,11.252,3010.19,1727.63,0.823529,9,0.529412,106.235,17,2023.76,2015.63,1619,1615
1,2,96,RSA-SHA3-512_signed-by_ECDSA-SHA512,RSA-SHA3-512_signed-by_ECDSA-SHA512,10.333,3279.48,1257.29,1,0,0,136,24,2081.81,2019.09,1619,1617
1,4,30,RSA-SHA3-512_signed-by_ECDSA-SHA512,RSA-SHA3-512_signed-by_ECDSA-SHA512,9.797,3457.34,1953.23,1,12,0.857143,139.143,24,2046.14,2008.48,1619,1615
1,1,97,RSA-SHA3-512_signed-by_ECDSA-SHA512,RSA-SHA3-512_signed-by_ECDSA-SHA512,9.627,3519.23,1402.7,0.5,0,0,108,24,2048.59,2055.39,1619,1616
1,8,99,RSA-SHA3-512_signed-by_ECDSA-SHA512,RSA-SHA3-512_signed-by_ECDSA-SHA512,6.949,4873.84,1869.42,0.6,0,0,126.8,17,2017.77,1997.96,1619,1615
1,2,97,RSA-SHA3-512_signed-by_ECDSA-SHA512,RSA-SHA3-512_signed-by_ECDSA-SHA512,10.371,3267.51,1920.7,0.4,12,0.8,140.4,24,2036.38,1989,1619,1617
1,4,31,RSA-SHA3-512_signed-by_ECDSA-SHA512,RSA-SHA3-512_signed-by_ECDSA-SHA512,9.634,3515.84,1401.69,0.0833333,0,0,108,24,2481.21,2482.81,1619,1615
1,1,98,RSA-SHA3-512_signed-by_ECDSA-SHA512,RSA-SHA3-512_signed-by_ECDSA-SHA512,7.407,4573.5,1788.36,0,0,0,114.364,24,2062.92,2031.57,1619,1616
1,4,32,RSA-SHA3-512_signed-by_ECDSA-SHA512,RSA-SHA3-512_signed-by_ECDSA-SHA512,6.175,5484.66,2103.71,0,0,0,126.8,24,2030.18,2019.43,1619,1615
1,2,98,RSA-SHA3-512_signed-by_ECDSA-SHA512,RSA-SHA3-512_signed-by_ECDSA-SHA512,7.268,4662.11,1822.58,0,0,0,133.636,24,2030.36,1996.17,1619,1617
1,1,99,RSA-SHA3-512_signed-by_ECDSA-SHA512,RSA-SHA3-512_signed-by_ECDSA-SHA512,6.043,5605.93,2192.07,0.545455,0,0,116.909,24,2024.88,1995.7,1619,1616
1,4,33,RSA-SHA3-512_signed-by_ECDSA-SHA512,RSA-SHA3-512_signed-by_ECDSA-SHA512,5.124,6609.9,2725.76,0.5,1,0.0833333,109.333,24,2038.89,2031.31,1619,1615
1,2,99,RSA-SHA3-512_signed-by_ECDSA-SHA512,RSA-SHA3-512_signed-by_ECDSA-SHA512,8.706,3892.1,2234.56,0.733333,11,0.733333,139.067,24,2030.72,1995.14,1619,1617
1,4,34,RSA-SHA3-512_signed-by_ECDSA-SHA512,RSA-SHA3-512_signed-by_ECDSA-SHA512,6.79,4988.02,2827.41,0.357143,11,0.785714,135.714,24,2034.76,2190.59,1619,1615
1,4,35,RSA-SHA3-512_signed-by_ECDSA-SHA512,RSA-SHA3-512_signed-by_ECDSA-SHA512,5.154,6571.62,2570.29,0,0,0,114.364,24,2041.68,2006.8,1619,1615
1,4,36,RSA-SHA3-512_signed-by_ECDSA-SHA512,RSA-SHA3-512_signed-by_ECDSA-SHA512,5.098,6643.92,2598.57,0,0,0,114.364,24,2181.68,2005.44,1619,1615
1,4,37,RSA-SHA3-512_signed-by_ECDSA-SHA512,RSA-SHA3-512_signed-by_ECDSA-SHA512,5.154,6570.97,2570.03,0,0,0,114.364,24,2030.69,2028.84,1619,1615
1,4,38,RSA-SHA3-512_signed-by_ECDSA-SHA512,RSA-SHA3-512_signed-by_ECDSA-SHA512,5.04,6720.38,2628.47,0,0,0,114.364,24,2031.5,2000.5,1619,1615
1,4,39,RSA-SHA3-512_signed-by_ECDSA-SHA512,RSA-SHA3-512_signed-by_ECDSA-SHA512,5.08,6667.46,2607.78,0,0,0,114.364,24,2032.06,2009.6,1619,1615
1,4,40,RSA-SHA3-512_signed-by_ECDSA-SHA512,RSA-SHA3-512_signed-by_ECDSA-SHA512,5.078,6670.09,2608.8,0,0,0,114.364,24,2033.03,2017.57,1619,1615
1,4,41,RSA-SHA3-512_signed-by_ECDSA-SHA512,RSA-SHA3-512_signed-by_ECDSA-SHA512,5.089,6655.67,2603.16,0,0,0,114.364,24,2179.87,2019.49,1619,1615
1,4,42,RSA-SHA3-512_signed-by_ECDSA-SHA512,RSA-SHA3-512_signed-by_ECDSA-SHA512,5.003,6770.08,2647.91,0,0,0,114.364,24,2029.32,2005.64,1619,1615
1,4,43,RSA-SHA3-512_signed-by_ECDSA-SHA512,RSA-SHA3-512_signed-by_ECDSA-SHA512,5.072,6677.98,2611.89,0,0,0,114.364,24,2041.73,2006.44,1619,1615
1,4,44,RSA-SHA3-512_signed-by_ECDSA-SHA512,RSA-SHA3-512_signed-by_ECDSA-SHA512,5.104,6636.11,2595.51,0,0,0,114.364,24,2035.15,2006.19,1619,1615
1,4,45,RSA-SHA3-512_signed-by_ECDSA-SHA512,RSA-SHA3-512_signed-by_ECDSA-SHA512,5.12,6615.38,2587.4,0,0,0,114.364,24,2031.64,2001.94,1619,1615
1,4,46,RSA-SHA3-512_signed-by_ECDSA-SHA512,RSA-SHA3-512_signed-by_ECDSA-SHA512,5.175,6545.07,2559.91,0,0,0,114.364,24,2070.91,2004.96,1619,1615
1,4,47,RSA-SHA3-512_signed-by_ECDSA-SHA512,RSA-SHA3-512_signed-by_ECDSA-SHA512,5.523,6132.69,2398.61,0,0,0,114.364,24,2505.95,2462.67,1619,1615
1,4,48,RSA-SHA3-512_signed-by_ECDSA-SHA512,RSA-SHA3-512_signed-by_ECDSA-SHA512,5.155,6570.46,2569.84,0,0,0,114.364,24,2046.53,2006.47,1619,1615
1,4,49,RSA-SHA3-512_signed-by_ECDSA-SHA512,RSA-SHA3-512_signed-by_ECDSA-SHA512,5.001,6772.79,2648.97,0,0,0,114.364,24,2062.43,2008.25,1619,1615
1,4,50,RSA-SHA3-512_signed-by_ECDSA-SHA512,RSA-SHA3-512_signed-by_ECDSA-SHA512,5.139,6590.92,2577.84,0,0,0,114.364,24,2037.27,2013.15,1619,1615
1,4,51,RSA-SHA3-512_signed-by_ECDSA-SHA512,RSA-SHA3-512_signed-by_ECDSA-SHA512,5.083,6663.53,2606.24,0,0,0,114.364,24,2039.4,2002.84,1619,1615
1,4,52,RSA-SHA3-512_signed-by_ECDSA-SHA512,RSA-SHA3-512_signed-by_ECDSA-SHA512,5.043,6716.38,2626.91,0,0,0,114.364,24,2029.75,2001.53,1619,1615
1,4,53,RSA-SHA3-512_signed-by_ECDSA-SHA512,RSA-SHA3-512_signed-by_ECDSA-SHA512,5.16,6564.1,2567.35,0,0,0,114.364,24,2030.31,2008.77,1619,1615
1,4,54,RSA-SHA3-512_signed-by_ECDSA-SHA512,RSA-SHA3-512_signed-by_ECDSA-SHA512,5.005,6767.37,2646.85,0,0,0,114.364,24,2036.34,2006.13,1619,1615
1,4,55,RSA-SHA3-512_signed-by_ECDSA-SHA512,RSA-SHA3-512_signed-by_ECDSA-SHA512,4.992,6785,2653.74,0,0,0,114.364,24,2041.67,2003.85,1619,1615
1,4,56,RSA-SHA3-512_signed-by_ECDSA-SHA512,RSA-SHA3-512_signed-by_ECDSA-SHA512,5.075,6674.03,2610.34,0,0,0,114.364,24,2056.03,2004.61,1619,1615
1,4,57,RSA-SHA3-512_signed-by_ECDSA-SHA512,RSA-SHA3-512_signed-by_ECDSA-SHA512,5.095,6647.63,2600.02,0,0,0,114.364,24,2031.99,2004.99,1619,1615
1,4,58,RSA-SHA3-512_signed-by_ECDSA-SHA512,RSA-SHA3-512_signed-by_ECDSA-SHA512,5.041,6719.05,2627.95,0,0,0,114.364,24,2040.69,2005.39,1619,1615
1,4,59,RSA-SHA3-512_signed-by_ECDSA-SHA512,RSA-SHA3-512_signed-by_ECDSA-SHA512,5.056,6699.11,2620.15,0,0,0,114.364,24,2035.93,2036.64,1619,1615
1,4,60,RSA-SHA3-512_signed-by_ECDSA-SHA512,RSA-SHA3-512_signed-by_ECDSA-SHA512,5.088,6656.98,2603.68,0,0,0,114.364,24,2068.37,2000.87,1619,1615
1,4,61,RSA-SHA3-512_signed-by_ECDSA-SHA512,RSA-SHA3-512_signed-by_ECDSA-SHA512,5.128,6605.06,2583.37,0,0,0,114.364,24,2048.52,2006.88,1619,1615
1,4,62,RSA-SHA3-512_signed-by_ECDSA-SHA512,RSA-SHA3-512_signed-by_ECDSA-SHA512,5.069,6681.93,2613.43,0,0,0,114.364,24,2036.5,2007.94,1619,1615
1,4,63,RSA-SHA3-512_signed-by_ECDSA-SHA512,RSA-SHA3-512_signed-by_ECDSA-SHA512,5.604,6044.05,2363.94,0,0,0,114.364,24,2497.19,2484.42,1619,1615
1,4,64,RSA-SHA3-512_signed-by_ECDSA-SHA512,RSA-SHA3-512_signed-by_ECDSA-SHA512,5.052,6704.42,2622.23,0,0,0,114.364,24,2034.93,2005.98,1619,1615
1,4,65,RSA-SHA3-512_signed-by_ECDSA-SHA512,RSA-SHA3-512_signed-by_ECDSA-SHA512,5.216,6493.63,2539.78,0,0,0,114.364,24,2028.74,2000.85,1619,1615
1,4,66,RSA-SHA3-512_signed-by_ECDSA-SHA512,RSA-SHA3-512_signed-by_ECDSA-SHA512,5.042,6717.71,2627.43,0,0,0,114.364,24,2056.85,2015.18,1619,1615
1,4,67,RSA-SHA3-512_signed-by_ECDSA-SHA512,RSA-SHA3-512_signed-by_ECDSA-SHA512,5.224,6483.68,2535.89,0,0,0,114.364,24,2043.36,2009.61,1619,1615
1,4,68,RSA-SHA3-512_signed-by_ECDSA-SHA512,RSA-SHA3-512_signed-by_ECDSA-SHA512,5.091,6653.06,2602.14,0,0,0,114.364,24,2022.7,2012.24,1619,1615
1,4,69,RSA-SHA3-512_signed-by_ECDSA-SHA512,RSA-SHA3-512_signed-by_ECDSA-SHA512,5.16,6564.1,2567.35,0,0,0,114.364,24,2040.25,2001.44,1619,1615
1,4,70,RSA-SHA3-512_signed-by_ECDSA-SHA512,RSA-SHA3-512_signed-by_ECDSA-SHA512,4.998,6776.85,2650.56,0,0,0,114.364,24,2039.42,2009.25,1619,1615
1,4,71,RSA-SHA3-512_signed-by_ECDSA-SHA512,RSA-SHA3-512_signed-by_ECDSA-SHA512,5.213,6497.36,2541.25,0,0,0,114.364,24,2033.74,2002.68,1619,1615
1,4,72,RSA-SHA3-512_signed-by_ECDSA-SHA512,RSA-SHA3-512_signed-by_ECDSA-SHA512,5.233,6472.53,2531.53,0,0,0,114.364,24,2040.93,2027.62,1619,1615
1,4,73,RSA-SHA3-512_signed-by_ECDSA-SHA512,RSA-SHA3-512_signed-by_ECDSA-SHA512,5.07,6680.61,2612.92,0,0,0,114.364,24,2034.62,2002.4,1619,1615
1,4,74,RSA-SHA3-512_signed-by_ECDSA-SHA512,RSA-SHA3-512_signed-by_ECDSA-SHA512,5.037,6724.38,2630.04,0,0,0,114.364,24,2039.02,2005.33,1619,1615
1,4,75,RSA-SHA3-512_signed-by_ECDSA-SHA512,RSA-SHA3-512_signed-by_ECDSA-SHA512,5.041,6719.05,2627.95,0,0,0,114.364,24,2045.91,2009.72,1619,1615
1,4,76,RSA-SHA3-512_signed-by_ECDSA-SHA512,RSA-SHA3-512_signed-by_ECDSA-SHA512,5.129,6603.77,2582.86,0,0,0,114.364,24,2039.5,2016.35,1619,1615
1,4,77,RSA-SHA3-512_signed-by_ECDSA-SHA512,RSA-SHA3-512_signed-by_ECDSA-SHA512,5.185,6532.25,2554.89,0,0,0,114.364,24,2032.24,2009.03,1619,1615
1,4,78,RSA-SHA3-512_signed-by_ECDSA-SHA512,RSA-SHA3-512_signed-by_ECDSA-SHA512,5.1,6641.32,2597.55,0,0,0,114.364,24,2077.96,2002.85,1619,1615
1,4,79,RSA-SHA3-512_signed-by_ECDSA-SHA512,RSA-SHA3-512_signed-by_ECDSA-SHA512,5.495,6163.93,2410.83,0,0,0,114.364,24,2499.78,2482.42,1619,1615
1,4,80,RSA-SHA3-512_signed-by_ECDSA-SHA512,RSA-SHA3-512_signed-by_ECDSA-SHA512,5.099,6642.62,2598.06,0,0,0,114.364,24,2026.87,2008.98,1619,1615
1,4,81,RSA-SHA3-512_signed-by_ECDSA-SHA512,RSA-SHA3-512_signed-by_ECDSA-SHA512,4.986,6793.16,2656.94,0,0,0,114.364,24,2034.2,2006.57,1619,1615
1,4,82,RSA-SHA3-512_signed-by_ECDSA-SHA512,RSA-SHA3-512_signed-by_ECDSA-SHA512,5.103,6637.41,2596.02,0,0,0,114.364,24,2028.27,2011.67,1619,1615
1,4,83,RSA-SHA3-512_signed-by_ECDSA-SHA512,RSA-SHA3-512_signed-by_ECDSA-SHA512,5.179,6540.02,2557.93,0,0,0,114.364,24,2030.46,2003.8,1619,1615
1,4,84,RSA-SHA3-512_signed-by_ECDSA-SHA512,RSA-SHA3-512_signed-by_ECDSA-SHA512,5.143,6585.79,2575.83,0,0,0,114.364,24,2124.77,2005.78,1619,1615
1,4,85,RSA-SHA3-512_signed-by_ECDSA-SHA512,RSA-SHA3-512_signed-by_ECDSA-SHA512,5.155,6570.46,2569.84,0,0,0,114.364,24,2035.13,2024.21,1619,1615
1,4,86,RSA-SHA3-512_signed-by_ECDSA-SHA512,RSA-SHA3-512_signed-by_ECDSA-SHA512,5.109,6629.62,2592.97,0,0,0,114.364,24,2031.33,2010.6,1619,1615
1,4,87,RSA-SHA3-512_signed-by_ECDSA-SHA512,RSA-SHA3-512_signed-by_ECDSA-SHA512,5.034,6728.39,2631.6,0,0,0,114.364,24,2044.81,2002.39,1619,1615
1,4,88,RSA-SHA3-512_signed-by_ECDSA-SHA512,RSA-SHA3-512_signed-by_ECDSA-SHA512,5.061,6692.49,2617.57,0,0,0,114.364,24,2057.74,2038.89,1619,1615
1,4,89,RSA-SHA3-512_signed-by_ECDSA-SHA512,RSA-SHA3-512_signed-by_ECDSA-SHA512,4.976,6806.81,2662.28,0,0,0,114.364,24,2049.14,2006.43,1619,1615
1,4,90,RSA-SHA3-512_signed-by_ECDSA-SHA512,RSA-SHA3-512_signed-by_ECDSA-SHA512,4.993,6783.64,2653.21,0,0,0,114.364,24,2036.64,2002.84,1619,1615
1,4,91,RSA-SHA3-512_signed-by_ECDSA-SHA512,RSA-SHA3-512_signed-by_ECDSA-SHA512,5.14,6589.64,2577.34,0,0,0,114.364,24,2028.4,2001.5,1619,1615
1,4,92,RSA-SHA3-512_signed-by_ECDSA-SHA512,RSA-SHA3-512_signed-by_ECDSA-SHA512,5.074,6675.35,2610.86,0,0,0,114.364,24,2036.34,2008.87,1619,1615
1,4,93,RSA-SHA3-512_signed-by_ECDSA-SHA512,RSA-SHA3-512_signed-by_ECDSA-SHA512,5.122,6612.79,2586.39,0,0,0,114.364,24,2032.13,2002.4,1619,1615
1,4,94,RSA-SHA3-512_signed-by_ECDSA-SHA512,RSA-SHA3-512_signed-by_ECDSA-SHA512,5.167,6555.2,2563.87,0,0,0,114.364,24,2033.18,2005.86,1619,1615
1,4,95,RSA-SHA3-512_signed-by_ECDSA-SHA512,RSA-SHA3-512_signed-by_ECDSA-SHA512,5.523,6132.69,2398.61,0,0,0,114.364,24,2509.88,2480.28,1619,1615
1,4,96,RSA-SHA3-512_signed-by_ECDSA-SHA512,RSA-SHA3-512_signed-by_ECDSA-SHA512,5.06,6693.82,2618.08,0,0,0,114.364,24,2044.41,2000.5,1619,1615
1,4,97,RSA-SHA3-512_signed-by_ECDSA-SHA512,RSA-SHA3-512_signed-by_ECDSA-SHA512,5.163,6560.08,2565.78,0,0,0,114.364,24,2035.65,2069.07,1619,1615
1,4,98,RSA-SHA3-512_signed-by_ECDSA-SHA512,RSA-SHA3-512_signed-by_ECDSA-SHA512,5.092,6651.75,2601.63,0,0,0,114.364,24,2033.45,2003.54,1619,1615
1,4,99,RSA-SHA3-512_signed-by_ECDSA-SHA512,RSA-SHA3-512_signed-by_ECDSA-SHA512,5.196,6518.62,2549.56,0,0,0,114.364,24,2009.6,2003.19,1619,1615
1,3,86,RSA-SHA3-512_signed-by_ECDSA-SHA512,RSA-SHA3-512_signed-by_ECDSA-SHA512,1010.5,33.5199,36.6866,1,36,1.2,196.933,24,2045.28,2032.77,1619,1615
1,3,87,RSA-SHA3-512_signed-by_ECDSA-SHA512,RSA-SHA3-512_signed-by_ECDSA-SHA512,4.873,6950.68,2541.25,0,0,0,77.6,24,2088.66,2028.4,1619,1615
1,3,88,RSA-SHA3-512_signed-by_ECDSA-SHA512,RSA-SHA3-512_signed-by_ECDSA-SHA512,5.16,6564.1,2567.35,0,0,0,114.364,24,2078.34,2025.59,1619,1615
1,3,89,RSA-SHA3-512_signed-by_ECDSA-SHA512,RSA-SHA3-512_signed-by_ECDSA-SHA512,5.127,6606.35,2583.87,0,0,0,114.364,24,2069.49,2023.96,1619,1615
1,3,90,RSA-SHA3-512_signed-by_ECDSA-SHA512,RSA-SHA3-512_signed-by_ECDSA-SHA512,5.149,6578.12,2572.83,0,0,0,115.091,24,2058.21,2027.96,1619,1615
1,3,91,RSA-SHA3-512_signed-by_ECDSA-SHA512,RSA-SHA3-512_signed-by_ECDSA-SHA512,5.231,6475.01,2532.5,0,0,0,114.364,24,2058.91,2020.09,1619,1615
1,3,92,RSA-SHA3-512_signed-by_ECDSA-SHA512,RSA-SHA3-512_signed-by_ECDSA-SHA512,5.233,6472.53,2531.53,0,0,0,114.364,24,2055.7,2060.39,1619,1615
1,3,93,RSA-SHA3-512_signed-by_ECDSA-SHA512,RSA-SHA3-512_signed-by_ECDSA-SHA512,5.154,6571.74,2570.33,0,0,0,114.364,24,2048.49,2025.76,1619,1615
1,3,94,RSA-SHA3-512_signed-by_ECDSA-SHA512,RSA-SHA3-512_signed-by_ECDSA-SHA512,5.138,6592.2,2578.34,0,0,0,114.364,24,2053.17,2020.53,1619,1615
1,3,95,RSA-SHA3-512_signed-by_ECDSA-SHA512,RSA-SHA3-512_signed-by_ECDSA-SHA512,5.571,6079.85,2377.95,0,0,0,131.818,24,2067.54,2476.49,1619,1615
1,3,96,RSA-SHA3-512_signed-by_ECDSA-SHA512,RSA-SHA3-512_signed-by_ECDSA-SHA512,7.038,4812.6,1882.3,0,0,0,114.364,24,2050.77,2024.16,1619,1615
1,3,97,RSA-SHA3-512_signed-by_ECDSA-SHA512,RSA-SHA3-512_signed-by_ECDSA-SHA512,5.1,6641.32,2597.55,0,0,0,114.364,24,2052.89,2022.85,1619,1615
1,3,98,RSA-SHA3-512_signed-by_ECDSA-SHA512,RSA-SHA3-512_signed-by_ECDSA-SHA512,5.188,6528.67,2553.49,0,0,0,114.364,24,2046.63,2020.77,1619,1615
1,3,99,RSA-SHA3-512_signed-by_ECDSA-SHA512,RSA-SHA3-512_signed-by_ECDSA-SHA512,5.311,6377.48,2494.36,0,0,0,114.364,24,2037.15,2120.77,1619,1615
