scenario,node_id,handshake_index,sta_cert_algo,ap_cert_algo,handshake_delay_ms,goodput_kbps,throughput_kbps,phy_frame_drop_rate,mac_retries,mac_retry_rate,tx_delay_us,prop_delay_ns,cert_verify_ap_us,cert_verify_sta_us,server_cert_msg_bytes,client_cert_msg_bytes
1,8,0,RSA-SHA384_signed-by_RSA-SHA3-512,RSA-SHA384_signed-by_RSA-SHA3-512,28.634,1460.92,599.565,0.714286,14,0.666667,197.81,14,1169.5,1232.18,2116,2113
1,3,0,RSA-SHA384_signed-by_RSA-SHA3-512,RSA-SHA384_signed-by_RSA-SHA3-512,43.75,956.149,392.407,1,14,0.666667,188.286,24,1153.85,1155.52,2116,2113
1,2,0,RSA-SHA384_signed-by_RSA-SHA3-512,RSA-SHA384_signed-by_RSA-SHA3-512,54.773,763.734,175.853,1,1,0.0625,226.75,24,1170.56,1162.24,2116,2113
1,6,0,RSA-SHA384_signed-by_RSA-SHA3-512,RSA-SHA384_signed-by_RSA-SHA3-512,64.815,645.405,140.461,1,0,0,164.667,8,1162.73,1156.6,2116,2113
1,7,0,RSA-SHA384_signed-by_RSA-SHA3-512,RSA-SHA384_signed-by_RSA-SHA3-512,68.327,612.23,133.241,1,0,0,155.867,16,1181.04,1155.71,2116,2113
1,5,0,RSA-SHA384_signed-by_RSA-SHA3-512,RSA-SHA384_signed-by_RSA-SHA3-512,72.613,576.092,148.072,1,8,0.421053,212.526,15,1133.45,1162.07,2116,2113
1,8,1,RSA-SHA384_signed-by_RSA-SHA3-512,RSA-SHA384_signed-by_RSA-SHA3-512,48.305,865.987,490.875,1,20,0.952381,1052.29,14,1146.48,1114.32,2116,2113
1,6,1,RSA-SHA384_signed-by_RSA-SHA3-512,RSA-SHA384_signed-by_RSA-SHA3-512,14.032,2981.05,925.842,1,0,0,138.8,8,1134.62,1099.37,2116,2113
1,3,1,RSA-SHA384_signed-by_RSA-SHA3-512,RSA-SHA384_signed-by_RSA-SHA3-512,36.812,1136.36,637.178,1,20,1,1036.8,24,1127.87,1126.36,2116,2113
1,2,1,RSA-SHA384_signed-by_RSA-SHA3-512,RSA-SHA384_signed-by_RSA-SHA3-512,27.203,1537.72,477.577,1,0,0,918.8,24,1141.7,1091.3,2116,2113
1,5,1,RSA-SHA384_signed-by_RSA-SHA3-512,RSA-SHA384_signed-by_RSA-SHA3-512,18.89,2214.45,1073.98,0.947368,11,0.578947,347.263,15,1145.52,1109,2116,2113
1,7,1,RSA-SHA384_signed-by_RSA-SHA3-512,RSA-SHA384_signed-by_RSA-SHA3-512,24.217,1727.34,1038.59,1,22,1.29412,240.588,16,1102.36,1101.66,2116,2113
1,6,2,RSA-SHA384_signed-by_RSA-SHA3-512,RSA-SHA384_signed-by_RSA-SHA3-512,14.304,2924.48,757.266,1,0,0,164.857,8,1146.07,1108.91,2116,2113
1,3,2,RSA-SHA384_signed-by_RSA-SHA3-512,RSA-SHA384_signed-by_RSA-SHA3-512,14.745,2836.99,881.1,1,4,0.4,138.8,24,1101.63,1118.81,2116,2113
1,1,0,RSA-SHA384_signed-by_RSA-SHA3-512,RSA-SHA384_signed-by_RSA-SHA3-512,99.971,418.44,170.289,1,13,0.5,239.231,24,1154.31,1183.81,2116,2113
1,8,2,RSA-SHA384_signed-by_RSA-SHA3-512,RSA-SHA384_signed-by_RSA-SHA3-512,23.512,1779.13,964.929,1,15,0.789474,125.789,14,1140.03,1108.25,2116,2113
1,2,2,RSA-SHA384_signed-by_RSA-SHA3-512,RSA-SHA384_signed-by_RSA-SHA3-512,29.179,1433.6,608.092,1,7,0.5,183.714,24,1130.49,1112.27,2116,2113
1,5,2,RSA-SHA384_signed-by_RSA-SHA3-512,RSA-SHA384_signed-by_RSA-SHA3-512,22.112,1891.8,802.449,0.785714,7,0.5,254,15,1119.54,1127.02,2116,2113
1,6,3,RSA-SHA384_signed-by_RSA-SHA3-512,RSA-SHA384_signed-by_RSA-SHA3-512,22.875,1828.69,673.564,0.785714,0,0,192.286,8,1154.48,1113.92,2116,2113
1,3,3,RSA-SHA384_signed-by_RSA-SHA3-512,RSA-SHA384_signed-by_RSA-SHA3-512,21.4,1954.75,717.002,0.571429,3,0.214286,192.286,24,1135.3,1109.06,2116,2113
1,7,2,RSA-SHA384_signed-by_RSA-SHA3-512,RSA-SHA384_signed-by_RSA-SHA3-512,24.933,1677.75,521.067,1,0,0,149.6,16,1131.15,1098.31,2116,2113
1,8,3,RSA-SHA384_signed-by_RSA-SHA3-512,RSA-SHA384_signed-by_RSA-SHA3-512,19.389,2157.49,558.663,0.714286,0,0,178.571,14,1134.83,1134.86,2116,2113
1,1,1,RSA-SHA384_signed-by_RSA-SHA3-512,RSA-SHA384_signed-by_RSA-SHA3-512,21.188,1974.3,792.136,1,11,1.1,1541.6,24,1144.34,1095.03,2116,2113
1,2,3,RSA-SHA384_signed-by_RSA-SHA3-512,RSA-SHA384_signed-by_RSA-SHA3-512,21.164,1976.53,625.958,1,0,0,188.545,24,1160.45,1111.89,2116,2113
1,5,3,RSA-SHA384_signed-by_RSA-SHA3-512,RSA-SHA384_signed-by_RSA-SHA3-512,21.537,1942.3,615.119,1,0,0,261.636,15,1171.84,1133.32,2116,2113
1,7,3,RSA-SHA384_signed-by_RSA-SHA3-512,RSA-SHA384_signed-by_RSA-SHA3-512,18.477,2263.99,970.714,1,12,0.8,130,16,1157.67,1112.85,2116,2113
1,3,4,RSA-SHA384_signed-by_RSA-SHA3-512,RSA-SHA384_signed-by_RSA-SHA3-512,28.958,1444.53,680.69,1,11,0.6875,141.5,24,1137.09,1227.33,2116,2113
1,6,4,RSA-SHA384_signed-by_RSA-SHA3-512,RSA-SHA384_signed-by_RSA-SHA3-512,30.179,1386.09,627.702,1,11,0.846154,165.385,8,1127.06,1131.2,2116,2113
1,1,2,RSA-SHA384_signed-by_RSA-SHA3-512,RSA-SHA384_signed-by_RSA-SHA3-512,26.229,1594.84,758.836,1,7,0.411765,746,24,1141.76,1129.47,2116,2113
1,8,4,RSA-SHA384_signed-by_RSA-SHA3-512,RSA-SHA384_signed-by_RSA-SHA3-512,30.831,1356.81,1480.07,1,55,1.48649,240.054,14,1135.12,1143.07,2116,2113
1,5,4,RSA-SHA384_signed-by_RSA-SHA3-512,RSA-SHA384_signed-by_RSA-SHA3-512,17.383,2406.45,1089.78,1,11,0.846154,350.923,15,1131.39,1111.09,2116,2113
1,2,4,RSA-SHA384_signed-by_RSA-SHA3-512,RSA-SHA384_signed-by_RSA-SHA3-512,24.525,1705.62,1274.08,1,33,1.22222,188.519,24,1178.74,1114.58,2116,2113
1,7,4,RSA-SHA384_signed-by_RSA-SHA3-512,RSA-SHA384_signed-by_RSA-SHA3-512,21.509,1944.8,722.278,1,4,0.266667,197.733,16,1133.14,1130.13,2116,2113
1,3,5,RSA-SHA384_signed-by_RSA-SHA3-512,RSA-SHA384_signed-by_RSA-SHA3-512,13.746,3043.16,945.133,1,0,0,138.8,24,1129.52,1113.37,2116,2113
1,1,3,RSA-SHA384_signed-by_RSA-SHA3-512,RSA-SHA384_signed-by_RSA-SHA3-512,14.921,2803.5,1346.79,1,14,0.777778,122,24,1137.11,1111.39,2116,2113
1,8,5,RSA-SHA384_signed-by_RSA-SHA3-512,RSA-SHA384_signed-by_RSA-SHA3-512,13.103,3192.52,1006.17,1,7,0.636364,139.455,14,1127.07,1209.34,2116,2113
1,6,5,RSA-SHA384_signed-by_RSA-SHA3-512,RSA-SHA384_signed-by_RSA-SHA3-512,18.023,2320.97,1370.65,1,10,0.666667,151.067,8,1137.76,1097.02,2116,2113
1,5,5,RSA-SHA384_signed-by_RSA-SHA3-512,RSA-SHA384_signed-by_RSA-SHA3-512,13.6,3075.83,974.102,1,0,0,261.636,15,1127.3,1133.5,2116,2113
1,3,6,RSA-SHA384_signed-by_RSA-SHA3-512,RSA-SHA384_signed-by_RSA-SHA3-512,12.161,3439.83,1068.33,1,0,0,138.8,24,1139.81,1102.63,2116,2113
1,8,6,RSA-SHA384_signed-by_RSA-SHA3-512,RSA-SHA384_signed-by_RSA-SHA3-512,11.522,3630.58,2012.13,0.421053,5,0.263158,200.526,14,1117.59,1107.97,2116,2113
1,6,6,RSA-SHA384_signed-by_RSA-SHA3-512,RSA-SHA384_signed-by_RSA-SHA3-512,11.895,3516.74,1155.43,0.454545,1,0.0909091,131.091,8,1138.53,1101.11,2116,2113
1,2,5,RSA-SHA384_signed-by_RSA-SHA3-512,RSA-SHA384_signed-by_RSA-SHA3-512,19.953,2096.45,1146.65,1,20,1,178.4,24,1123.97,1092.91,2116,2113
1,7,5,RSA-SHA384_signed-by_RSA-SHA3-512,RSA-SHA384_signed-by_RSA-SHA3-512,21.449,1950.23,904.065,1,12,0.8,158.8,16,1128.25,1108.94,2116,2113
1,5,6,RSA-SHA384_signed-by_RSA-SHA3-512,RSA-SHA384_signed-by_RSA-SHA3-512,13.799,3031.5,941.511,0.7,0,0,274.4,15,1229.51,1114.7,2116,2113
1,1,4,RSA-SHA384_signed-by_RSA-SHA3-512,RSA-SHA384_signed-by_RSA-SHA3-512,20.131,2077.92,941.004,1,11,0.846154,179.231,24,1136.16,1121.23,2116,2113
1,3,7,RSA-SHA384_signed-by_RSA-SHA3-512,RSA-SHA384_signed-by_RSA-SHA3-512,17.034,2455.75,1041.66,0.928571,7,0.5,127.143,24,1134.04,1111.88,2116,2113
1,8,7,RSA-SHA384_signed-by_RSA-SHA3-512,RSA-SHA384_signed-by_RSA-SHA3-512,14.645,2856.21,887.069,1,0,0,148.4,14,1141.72,1108.34,2116,2113
1,2,6,RSA-SHA384_signed-by_RSA-SHA3-512,RSA-SHA384_signed-by_RSA-SHA3-512,14.471,2890.74,1078.02,0.866667,7,0.466667,281.467,24,1131.55,1095.9,2116,2113
1,6,7,RSA-SHA384_signed-by_RSA-SHA3-512,RSA-SHA384_signed-by_RSA-SHA3-512,15.726,2660.04,1454.91,0.65,22,1.1,113.6,8,1130.95,1116.66,2116,2113
1,7,6,RSA-SHA384_signed-by_RSA-SHA3-512,RSA-SHA384_signed-by_RSA-SHA3-512,14.047,2978,943.119,1,0,0,139.455,16,1212.46,1098.08,2116,2113
1,5,7,RSA-SHA384_signed-by_RSA-SHA3-512,RSA-SHA384_signed-by_RSA-SHA3-512,13.86,3018.18,937.374,1,0,0,256.4,15,1121.1,1162.56,2116,2113
1,1,5,RSA-SHA384_signed-by_RSA-SHA3-512,RSA-SHA384_signed-by_RSA-SHA3-512,12.426,3366.25,1045.47,1,4,0.4,149.6,24,1137.14,1111.5,2116,2113
1,3,8,RSA-SHA384_signed-by_RSA-SHA3-512,RSA-SHA384_signed-by_RSA-SHA3-512,18.42,2270.99,719.213,1,0,0,129.636,24,1137.66,1112.63,2116,2113
1,8,8,RSA-SHA384_signed-by_RSA-SHA3-512,RSA-SHA384_signed-by_RSA-SHA3-512,17.892,2338.01,726.13,1,0,0,138.8,14,1102.66,1132.68,2116,2113
1,5,8,RSA-SHA384_signed-by_RSA-SHA3-512,RSA-SHA384_signed-by_RSA-SHA3-512,15.037,2781.77,863.95,1,4,0.4,203.6,15,1126.45,1100.16,2116,2113
1,7,7,RSA-SHA384_signed-by_RSA-SHA3-512,RSA-SHA384_signed-by_RSA-SHA3-512,17.196,2432.64,755.519,1,0,0,149.6,16,1137.57,1103.39,2116,2113
1,6,8,RSA-SHA384_signed-by_RSA-SHA3-512,RSA-SHA384_signed-by_RSA-SHA3-512,18.876,2216.12,842.542,1,4,0.285714,198.571,8,1133.48,1113.02,2116,2113
1,2,7,RSA-SHA384_signed-by_RSA-SHA3-512,RSA-SHA384_signed-by_RSA-SHA3-512,20.803,2010.83,737.572,1,3,0.214286,504,24,1129.06,1088.34,2116,2113
1,1,6,RSA-SHA384_signed-by_RSA-SHA3-512,RSA-SHA384_signed-by_RSA-SHA3-512,24.869,1682.04,950.87,1,21,1,1012.48,24,1134.38,1119.06,2116,2113
1,6,9,RSA-SHA384_signed-by_RSA-SHA3-512,RSA-SHA384_signed-by_RSA-SHA3-512,13.144,3182.49,1774.74,1,5,0.263158,186.421,8,1136.39,1110.6,2116,2113
1,2,8,RSA-SHA384_signed-by_RSA-SHA3-512,RSA-SHA384_signed-by_RSA-SHA3-512,12.344,3388.76,1052.47,1,0,0,203.6,24,1132.63,1103.65,2116,2113
1,8,9,RSA-SHA384_signed-by_RSA-SHA3-512,RSA-SHA384_signed-by_RSA-SHA3-512,17.719,2360.75,1537.72,1,21,0.954545,118.727,14,1132.49,1201.43,2116,2113
1,3,9,RSA-SHA384_signed-by_RSA-SHA3-512,RSA-SHA384_signed-by_RSA-SHA3-512,20.196,2071.2,1151.06,1,22,1.46667,215.6,24,1146.63,1131.43,2116,2113
1,7,8,RSA-SHA384_signed-by_RSA-SHA3-512,RSA-SHA384_signed-by_RSA-SHA3-512,18.541,2256.09,1725.83,1,28,1.07692,144.154,16,1122.73,1089.64,2116,2113
1,5,9,RSA-SHA384_signed-by_RSA-SHA3-512,RSA-SHA384_signed-by_RSA-SHA3-512,23.662,1767.89,667.397,1,4,0.25,260.25,15,1134.27,1105.78,2116,2113
1,1,7,RSA-SHA384_signed-by_RSA-SHA3-512,RSA-SHA384_signed-by_RSA-SHA3-512,13.595,3077,955.642,1,0,0,149.6,24,1137.97,1214.31,2116,2113
1,2,9,RSA-SHA384_signed-by_RSA-SHA3-512,RSA-SHA384_signed-by_RSA-SHA3-512,16.485,2537.54,1076.36,1,7,0.5,183.714,24,1106.35,1154.24,2116,2113
1,6,10,RSA-SHA384_signed-by_RSA-SHA3-512,RSA-SHA384_signed-by_RSA-SHA3-512,18.439,2268.62,1230.41,1,15,0.789474,117.579,8,1135.25,1114.45,2116,2113
1,3,10,RSA-SHA384_signed-by_RSA-SHA3-512,RSA-SHA384_signed-by_RSA-SHA3-512,17.023,2457.34,905.112,1,0,0,192.286,24,1105.19,1102.52,2116,2113
1,7,9,RSA-SHA384_signed-by_RSA-SHA3-512,RSA-SHA384_signed-by_RSA-SHA3-512,16.832,2485.23,771.851,1,4,0.4,138.8,16,1147.62,1091.04,2116,2113
1,8,10,RSA-SHA384_signed-by_RSA-SHA3-512,RSA-SHA384_signed-by_RSA-SHA3-512,20.596,2031.02,919.767,1,11,0.846154,165.385,14,1103.25,1123.33,2116,2113
1,5,10,RSA-SHA384_signed-by_RSA-SHA3-512,RSA-SHA384_signed-by_RSA-SHA3-512,14.465,2891.91,1309.63,1,11,0.846154,248.462,15,1138.97,1110.74,2116,2113
1,1,8,RSA-SHA384_signed-by_RSA-SHA3-512,RSA-SHA384_signed-by_RSA-SHA3-512,14.222,2941.32,1345.5,0.714286,12,0.857143,169.143,24,1134.09,1089.45,2116,2113
1,6,11,RSA-SHA384_signed-by_RSA-SHA3-512,RSA-SHA384_signed-by_RSA-SHA3-512,12.558,3331.08,1034.55,1,0,0,138.8,8,1138.43,1116.2,2116,2113
1,3,11,RSA-SHA384_signed-by_RSA-SHA3-512,RSA-SHA384_signed-by_RSA-SHA3-512,12.451,3359.71,1043.44,1,4,0.4,138.8,24,1127.55,1107.38,2116,2113
1,2,10,RSA-SHA384_signed-by_RSA-SHA3-512,RSA-SHA384_signed-by_RSA-SHA3-512,16.613,2517.96,1354.08,1,14,0.777778,193.111,24,1132.4,1115.74,2116,2113
1,5,11,RSA-SHA384_signed-by_RSA-SHA3-512,RSA-SHA384_signed-by_RSA-SHA3-512,13.985,2991.13,965.582,1,0,0,176,15,1101.28,1109.15,2116,2113
1,8,11,RSA-SHA384_signed-by_RSA-SHA3-512,RSA-SHA384_signed-by_RSA-SHA3-512,15.833,2642,1143.91,1,7,0.4375,115.75,15,1111.48,1119.16,2116,2113
1,1,9,RSA-SHA384_signed-by_RSA-SHA3-512,RSA-SHA384_signed-by_RSA-SHA3-512,15.298,2734.4,865.971,1,0,0,139.455,24,1128.17,1097.17,2116,2113
1,7,10,RSA-SHA384_signed-by_RSA-SHA3-512,RSA-SHA384_signed-by_RSA-SHA3-512,18.747,2231.32,1425.24,1,20,0.909091,159.818,16,1141.2,1109.66,2116,2113
1,6,12,RSA-SHA384_signed-by_RSA-SHA3-512,RSA-SHA384_signed-by_RSA-SHA3-512,10.887,3842.04,994.861,1,0,0,164.857,8,1150.62,1203.43,2116,2113
1,2,11,RSA-SHA384_signed-by_RSA-SHA3-512,RSA-SHA384_signed-by_RSA-SHA3-512,12.117,3452.3,1072.2,1,0,0,203.6,24,1132.73,1109.81,2116,2113
1,1,10,RSA-SHA384_signed-by_RSA-SHA3-512,RSA-SHA384_signed-by_RSA-SHA3-512,10.49,3987.43,1262.8,1,0,0,139.455,24,1132.25,1102.38,2116,2113
1,3,12,RSA-SHA384_signed-by_RSA-SHA3-512,RSA-SHA384_signed-by_RSA-SHA3-512,19.057,2195.03,815.212,1,4,0.266667,184.4,24,1131.29,1138.25,2116,2113
1,6,13,RSA-SHA384_signed-by_RSA-SHA3-512,RSA-SHA384_signed-by_RSA-SHA3-512,14.617,2861.79,1036.57,1,0,0,124.769,8,1129.83,1108.37,2116,2113
1,7,11,RSA-SHA384_signed-by_RSA-SHA3-512,RSA-SHA384_signed-by_RSA-SHA3-512,17.396,2404.61,1803.57,0.96,34,1.36,276.4,16,1132.71,1091.82,2116,2113
1,8,12,RSA-SHA384_signed-by_RSA-SHA3-512,RSA-SHA384_signed-by_RSA-SHA3-512,20.262,2064.47,934.915,1,11,0.846154,165.385,15,1133.41,1094.52,2116,2113
1,5,12,RSA-SHA384_signed-by_RSA-SHA3-512,RSA-SHA384_signed-by_RSA-SHA3-512,22.15,1888.5,895.673,1,13,0.764706,230,15,1102.7,1092.13,2116,2113
1,2,12,RSA-SHA384_signed-by_RSA-SHA3-512,RSA-SHA384_signed-by_RSA-SHA3-512,14.607,2863.78,1392.19,0.933333,14,0.933333,211.333,24,1146.95,1090.62,2116,2113
1,1,11,RSA-SHA384_signed-by_RSA-SHA3-512,RSA-SHA384_signed-by_RSA-SHA3-512,16.373,2554.88,809.117,1,0,0,139.455,24,1171.55,1107.01,2116,2113
1,3,13,RSA-SHA384_signed-by_RSA-SHA3-512,RSA-SHA384_signed-by_RSA-SHA3-512,16.196,2582.79,1095.55,0.785714,7,0.5,148,24,1144.31,1114.36,2116,2113
1,8,13,RSA-SHA384_signed-by_RSA-SHA3-512,RSA-SHA384_signed-by_RSA-SHA3-512,11.65,3590.44,1115.1,0.6,0,0,138.8,15,1140.01,1110.95,2116,2113
1,5,13,RSA-SHA384_signed-by_RSA-SHA3-512,RSA-SHA384_signed-by_RSA-SHA3-512,11.647,3591.38,1115.39,0.6,4,0.4,185.6,15,1147.82,1148.88,2116,2113
1,2,13,RSA-SHA384_signed-by_RSA-SHA3-512,RSA-SHA384_signed-by_RSA-SHA3-512,11.143,3753.84,1359.68,0.230769,0,0,308.769,24,1109.42,1196.45,2116,2113
1,7,12,RSA-SHA384_signed-by_RSA-SHA3-512,RSA-SHA384_signed-by_RSA-SHA3-512,15.856,2638.2,1194.73,0.923077,11,0.846154,165.385,16,1139.79,1119.4,2116,2113
1,6,14,RSA-SHA384_signed-by_RSA-SHA3-512,RSA-SHA384_signed-by_RSA-SHA3-512,20.605,2030.13,919.361,0.923077,11,0.846154,165.385,8,1133.93,1117.66,2116,2113
1,1,12,RSA-SHA384_signed-by_RSA-SHA3-512,RSA-SHA384_signed-by_RSA-SHA3-512,12.532,3338.01,1036.7,0.4,0,0,149.6,24,1138.4,1093.21,2116,2113
1,3,14,RSA-SHA384_signed-by_RSA-SHA3-512,RSA-SHA384_signed-by_RSA-SHA3-512,13.949,2998.88,949.732,0.363636,0,0,151.818,24,1128.08,1109.74,2116,2113
1,8,14,RSA-SHA384_signed-by_RSA-SHA3-512,RSA-SHA384_signed-by_RSA-SHA3-512,12.788,3271.17,1015.94,0.1,0,0,138.8,15,1141.07,1099.01,2116,2113
1,2,14,RSA-SHA384_signed-by_RSA-SHA3-512,RSA-SHA384_signed-by_RSA-SHA3-512,12.07,3465.76,1076.38,0.1,0,0,203.6,24,1104.8,1090.97,2116,2113
1,7,13,RSA-SHA384_signed-by_RSA-SHA3-512,RSA-SHA384_signed-by_RSA-SHA3-512,11.621,3599.4,932.03,1,0,0,164.857,16,1103.07,1125.52,2116,2113
1,5,14,RSA-SHA384_signed-by_RSA-SHA3-512,RSA-SHA384_signed-by_RSA-SHA3-512,15.92,2627.58,840.184,0.833333,4,0.333333,226.667,15,1131.61,1089.9,2116,2113
1,6,15,RSA-SHA384_signed-by_RSA-SHA3-512,RSA-SHA384_signed-by_RSA-SHA3-512,12.281,3405.98,1057.81,1,0,0,138.8,8,1639.7,1601.68,2116,2113
1,3,15,RSA-SHA384_signed-by_RSA-SHA3-512,RSA-SHA384_signed-by_RSA-SHA3-512,12.849,3255.42,1011.05,1,0,0,163.2,24,1606.37,1612.71,2116,2113
1,1,13,RSA-SHA384_signed-by_RSA-SHA3-512,RSA-SHA384_signed-by_RSA-SHA3-512,17.319,2415.31,1035.6,1,8,0.533333,154,24,1158.98,1137.24,2116,2113
1,8,15,RSA-SHA384_signed-by_RSA-SHA3-512,RSA-SHA384_signed-by_RSA-SHA3-512,14.834,2819.96,893.067,1,0,0,136.182,15,1712.93,1587.62,2116,2113
1,7,14,RSA-SHA384_signed-by_RSA-SHA3-512,RSA-SHA384_signed-by_RSA-SHA3-512,14.206,2944.61,1098.1,1,7,0.466667,182,16,1102.11,1110.81,2116,2113
1,2,15,RSA-SHA384_signed-by_RSA-SHA3-512,RSA-SHA384_signed-by_RSA-SHA3-512,16.955,2467.17,1117.28,1,11,0.846154,248.462,24,1606.78,1590.6,2116,2113
1,5,15,RSA-SHA384_signed-by_RSA-SHA3-512,RSA-SHA384_signed-by_RSA-SHA3-512,14.378,2909.39,1618,0.842105,17,0.894737,269.368,15,1608.06,1561.38,2116,2113
1,6,16,RSA-SHA384_signed-by_RSA-SHA3-512,RSA-SHA384_signed-by_RSA-SHA3-512,15.632,2675.95,1211.83,0.615385,11,0.846154,165.385,8,1140.35,1223.12,2116,2113
1,3,16,RSA-SHA384_signed-by_RSA-SHA3-512,RSA-SHA384_signed-by_RSA-SHA3-512,11.653,3589.73,951.496,0.375,0,0,175,24,1150.37,1104.72,2116,2113
1,1,14,RSA-SHA384_signed-by_RSA-SHA3-512,RSA-SHA384_signed-by_RSA-SHA3-512,15.325,2729.6,847.747,0.6,0,0,149.6,24,1179.65,1107.22,2116,2113
1,8,16,RSA-SHA384_signed-by_RSA-SHA3-512,RSA-SHA384_signed-by_RSA-SHA3-512,13.957,2997.17,930.848,0.6,0,0,138.8,15,1133.14,1103.46,2116,2113
1,7,15,RSA-SHA384_signed-by_RSA-SHA3-512,RSA-SHA384_signed-by_RSA-SHA3-512,13.219,3164.53,1324.15,0.176471,7,0.411765,172.118,16,1603.23,1555.72,2116,2113
1,5,16,RSA-SHA384_signed-by_RSA-SHA3-512,RSA-SHA384_signed-by_RSA-SHA3-512,14.929,2802.01,883.096,0.545455,7,0.636364,139.455,15,1174.46,1104.81,2116,2113
1,2,16,RSA-SHA384_signed-by_RSA-SHA3-512,RSA-SHA384_signed-by_RSA-SHA3-512,16.408,2549.43,791.79,0.6,0,0,203.6,24,1135.93,1106.86,2116,2113
1,6,17,RSA-SHA384_signed-by_RSA-SHA3-512,RSA-SHA384_signed-by_RSA-SHA3-512,15.092,2771.74,1033.64,0.6,7,0.466667,113.2,8,1131.79,1116.62,2116,2113
1,3,17,RSA-SHA384_signed-by_RSA-SHA3-512,RSA-SHA384_signed-by_RSA-SHA3-512,15.601,2681.32,1275.79,0.529412,7,0.411765,137.765,24,1132.66,1146.81,2116,2113
1,1,15,RSA-SHA384_signed-by_RSA-SHA3-512,RSA-SHA384_signed-by_RSA-SHA3-512,13.143,3182.79,988.498,0.6,0,0,149.6,24,1645.63,1678.34,2116,2113
1,8,17,RSA-SHA384_signed-by_RSA-SHA3-512,RSA-SHA384_signed-by_RSA-SHA3-512,14.098,2967.17,921.53,0.6,0,0,138.8,15,1124.07,1088.72,2116,2113
1,7,16,RSA-SHA384_signed-by_RSA-SHA3-512,RSA-SHA384_signed-by_RSA-SHA3-512,14.047,2977.93,943.095,0.545455,0,0,129.636,16,1121.27,1155.59,2116,2113
1,5,17,RSA-SHA384_signed-by_RSA-SHA3-512,RSA-SHA384_signed-by_RSA-SHA3-512,12.923,3236.98,1172.47,0.615385,0,0,134,15,1122.06,1113.1,2116,2113
1,2,17,RSA-SHA384_signed-by_RSA-SHA3-512,RSA-SHA384_signed-by_RSA-SHA3-512,13.754,3041.39,944.58,0.8,0,0,163.2,24,1126.68,1105.55,2116,2113
1,6,18,RSA-SHA384_signed-by_RSA-SHA3-512,RSA-SHA384_signed-by_RSA-SHA3-512,12.856,3253.88,1010.58,0.5,0,0,138.8,8,1137.16,1109.19,2116,2113
1,3,18,RSA-SHA384_signed-by_RSA-SHA3-512,RSA-SHA384_signed-by_RSA-SHA3-512,12.919,3238.01,1025.46,0.454545,0,0,151.818,24,1131.11,1114.88,2116,2113
1,1,16,RSA-SHA384_signed-by_RSA-SHA3-512,RSA-SHA384_signed-by_RSA-SHA3-512,14.06,2975.2,924.024,0.5,0,0,149.6,24,1149.16,1101.07,2116,2113
1,8,18,RSA-SHA384_signed-by_RSA-SHA3-512,RSA-SHA384_signed-by_RSA-SHA3-512,13.372,3128.3,971.574,1,0,0,138.8,15,1138.48,1099.17,2116,2113
1,5,18,RSA-SHA384_signed-by_RSA-SHA3-512,RSA-SHA384_signed-by_RSA-SHA3-512,11.301,3701.31,1149.54,1,4,0.4,149.6,15,1200.34,1200.05,2116,2113
1,2,18,RSA-SHA384_signed-by_RSA-SHA3-512,RSA-SHA384_signed-by_RSA-SHA3-512,10.091,4145.14,1287.38,1,0,0,163.2,24,1106.71,1116.61,2116,2113
1,7,17,RSA-SHA384_signed-by_RSA-SHA3-512,RSA-SHA384_signed-by_RSA-SHA3-512,15.579,2685.11,1215.98,1,11,0.846154,165.385,16,1147.94,1094.81,2116,2113
1,3,19,RSA-SHA384_signed-by_RSA-SHA3-512,RSA-SHA384_signed-by_RSA-SHA3-512,11.244,3720.36,1155.45,1,0,0,163.2,24,1133.83,1157.55,2116,2113
1,6,19,RSA-SHA384_signed-by_RSA-SHA3-512,RSA-SHA384_signed-by_RSA-SHA3-512,14.11,2964.65,1257.52,1,7,0.5,127.143,8,1137.48,1103.39,2116,2113
1,2,19,RSA-SHA384_signed-by_RSA-SHA3-512,RSA-SHA384_signed-by_RSA-SHA3-512,7.415,5640.96,1751.94,1,0,0,163.2,24,1153.14,1091.3,2116,2113
1,7,18,RSA-SHA384_signed-by_RSA-SHA3-512,RSA-SHA384_signed-by_RSA-SHA3-512,10.435,4008.76,1740.27,1,12,0.705882,110.941,16,1102.65,1111.69,2116,2113
1,3,20,RSA-SHA384_signed-by_RSA-SHA3-512,RSA-SHA384_signed-by_RSA-SHA3-512,10.13,4129.49,1933.26,1,13,0.8125,156.75,24,1143.34,1117.14,2116,2113
1,6,20,RSA-SHA384_signed-by_RSA-SHA3-512,RSA-SHA384_signed-by_RSA-SHA3-512,9.939,4208.85,1089.84,1,0,0,164.857,8,1235.12,1112.18,2116,2113
1,1,17,RSA-SHA384_signed-by_RSA-SHA3-512,RSA-SHA384_signed-by_RSA-SHA3-512,20.263,2064.45,1306.82,1,26,1.36842,161.789,24,1184.9,1101.8,2116,2113
1,5,19,RSA-SHA384_signed-by_RSA-SHA3-512,RSA-SHA384_signed-by_RSA-SHA3-512,24.692,1694.11,1391.19,1,35,1.16667,161.067,15,1147.01,1141.57,2116,2113
1,6,21,RSA-SHA384_signed-by_RSA-SHA3-512,RSA-SHA384_signed-by_RSA-SHA3-512,9.304,4495.7,1733.28,0.466667,1,0.0666667,183.067,8,1122.04,1142.75,2116,2113
1,1,18,RSA-SHA384_signed-by_RSA-SHA3-512,RSA-SHA384_signed-by_RSA-SHA3-512,8.935,4681.37,1695.64,0.769231,4,0.307692,134,24,1143.22,1129.28,2116,2113
1,2,20,RSA-SHA384_signed-by_RSA-SHA3-512,RSA-SHA384_signed-by_RSA-SHA3-512,19.748,2118.18,978.683,1,13,0.866667,191.867,24,1133.08,1114.44,2116,2113
1,3,21,RSA-SHA384_signed-by_RSA-SHA3-512,RSA-SHA384_signed-by_RSA-SHA3-512,13.427,3115.45,1410.86,1,11,0.846154,196.462,24,1138.2,1111.61,2116,2113
1,8,19,RSA-SHA384_signed-by_RSA-SHA3-512,RSA-SHA384_signed-by_RSA-SHA3-512,32.476,1288.08,614.849,1,19,1.05556,134,15,1142.35,1104.03,2116,2113
1,7,19,RSA-SHA384_signed-by_RSA-SHA3-512,RSA-SHA384_signed-by_RSA-SHA3-512,24.616,1699.34,1035.4,1,19,0.76,152.56,16,1139.04,1109.42,2116,2113
1,6,22,RSA-SHA384_signed-by_RSA-SHA3-512,RSA-SHA384_signed-by_RSA-SHA3-512,11.825,3537.51,1098.66,1,0,0,138.8,8,1131.58,1115.57,2116,2113
1,2,21,RSA-SHA384_signed-by_RSA-SHA3-512,RSA-SHA384_signed-by_RSA-SHA3-512,11.393,3671.66,1140.33,0.8,0,0,149.6,24,1127.49,1091,2116,2113
1,3,22,RSA-SHA384_signed-by_RSA-SHA3-512,RSA-SHA384_signed-by_RSA-SHA3-512,11.178,3742.29,1162.26,0,0,0,163.2,24,1123.6,1109.65,2116,2113
1,1,19,RSA-SHA384_signed-by_RSA-SHA3-512,RSA-SHA384_signed-by_RSA-SHA3-512,15.44,2709.22,1519.11,0.55,20,1,306.8,24,1135.73,1100.16,2116,2113
1,5,20,RSA-SHA384_signed-by_RSA-SHA3-512,RSA-SHA384_signed-by_RSA-SHA3-512,18.731,2233.21,829.391,0.933333,4,0.266667,197.733,15,1123.05,1118.61,2116,2113
1,8,20,RSA-SHA384_signed-by_RSA-SHA3-512,RSA-SHA384_signed-by_RSA-SHA3-512,14.41,2902.91,1064.79,0,3,0.214286,192.286,15,1127.76,1110.5,2116,2113
1,7,20,RSA-SHA384_signed-by_RSA-SHA3-512,RSA-SHA384_signed-by_RSA-SHA3-512,11.201,3734.37,1159.81,0,0,0,138.8,16,1138.66,1112.87,2116,2113
1,6,23,RSA-SHA384_signed-by_RSA-SHA3-512,RSA-SHA384_signed-by_RSA-SHA3-512,12.758,3278.88,1018.34,0,0,0,138.8,8,1151.32,1156.42,2116,2113
1,3,23,RSA-SHA384_signed-by_RSA-SHA3-512,RSA-SHA384_signed-by_RSA-SHA3-512,10.419,4014.66,1246.86,0,0,0,163.2,24,1125.36,1112.36,2116,2113
1,2,22,RSA-SHA384_signed-by_RSA-SHA3-512,RSA-SHA384_signed-by_RSA-SHA3-512,12.663,3303.47,1025.98,0,0,0,149.6,24,1133.8,1087.94,2116,2113
1,1,20,RSA-SHA384_signed-by_RSA-SHA3-512,RSA-SHA384_signed-by_RSA-SHA3-512,11.578,3612.77,1122.04,0.3,4,0.4,149.6,24,1144.52,1110.79,2116,2113
1,5,21,RSA-SHA384_signed-by_RSA-SHA3-512,RSA-SHA384_signed-by_RSA-SHA3-512,11.941,3502.94,1087.93,0.4,0,0,149.6,15,1138.52,1197.32,2116,2113
1,8,21,RSA-SHA384_signed-by_RSA-SHA3-512,RSA-SHA384_signed-by_RSA-SHA3-512,13.067,3201.33,994.255,0.4,0,0,138.8,15,1131.53,1118.84,2116,2113
1,7,21,RSA-SHA384_signed-by_RSA-SHA3-512,RSA-SHA384_signed-by_RSA-SHA3-512,13.013,3214.6,1018.05,0.363636,0,0,129.636,16,1130.67,1117.03,2116,2113
1,6,24,RSA-SHA384_signed-by_RSA-SHA3-512,RSA-SHA384_signed-by_RSA-SHA3-512,12.606,3318.39,1030.61,0.4,0,0,138.8,8,1124.26,1102.81,2116,2113
1,3,24,RSA-SHA384_signed-by_RSA-SHA3-512,RSA-SHA384_signed-by_RSA-SHA3-512,13.355,3132.27,972.808,0.4,0,0,159.6,24,1126.96,1090.25,2116,2113
1,2,23,RSA-SHA384_signed-by_RSA-SHA3-512,RSA-SHA384_signed-by_RSA-SHA3-512,13.581,3080.15,956.619,0.4,0,0,149.6,24,1131.94,1099.34,2116,2113
1,1,21,RSA-SHA384_signed-by_RSA-SHA3-512,RSA-SHA384_signed-by_RSA-SHA3-512,11.963,3496.5,1298.57,0.266667,4,0.266667,199.333,24,1131.18,1113.82,2116,2113
1,5,22,RSA-SHA384_signed-by_RSA-SHA3-512,RSA-SHA384_signed-by_RSA-SHA3-512,12.668,3302.17,855.066,0.571429,0,0,178.571,15,1138.61,1114.76,2116,2113
1,7,22,RSA-SHA384_signed-by_RSA-SHA3-512,RSA-SHA384_signed-by_RSA-SHA3-512,13.816,3027.75,1284.29,0.714286,7,0.5,127.143,16,1166.15,1109.79,2116,2113
1,8,22,RSA-SHA384_signed-by_RSA-SHA3-512,RSA-SHA384_signed-by_RSA-SHA3-512,16.982,2463.23,1056.14,0.666667,8,0.533333,121.2,15,1217.36,1139.42,2116,2113
1,6,25,RSA-SHA384_signed-by_RSA-SHA3-512,RSA-SHA384_signed-by_RSA-SHA3-512,13.668,3060.54,987.988,0.833333,0,0,122,9,1134.93,1092.37,2116,2113
1,3,25,RSA-SHA384_signed-by_RSA-SHA3-512,RSA-SHA384_signed-by_RSA-SHA3-512,13.127,3186.68,989.704,1,0,0,140,24,1121.47,1121.26,2116,2113
1,2,24,RSA-SHA384_signed-by_RSA-SHA3-512,RSA-SHA384_signed-by_RSA-SHA3-512,12.908,3240.74,1006.5,1,0,0,149.6,24,1133.76,1091.6,2116,2113
1,5,23,RSA-SHA384_signed-by_RSA-SHA3-512,RSA-SHA384_signed-by_RSA-SHA3-512,11.57,3615.51,1122.89,1,0,0,288.4,15,1129.82,1100.43,2116,2113
1,1,22,RSA-SHA384_signed-by_RSA-SHA3-512,RSA-SHA384_signed-by_RSA-SHA3-512,19.742,2118.83,921.441,1,8,0.5,124.25,24,1138.55,1113.59,2116,2113
1,8,23,RSA-SHA384_signed-by_RSA-SHA3-512,RSA-SHA384_signed-by_RSA-SHA3-512,11.261,3714.71,1186.38,1,0,0,121.667,15,1156.19,1119.99,2116,2113
1,6,26,RSA-SHA384_signed-by_RSA-SHA3-512,RSA-SHA384_signed-by_RSA-SHA3-512,11.44,3656.58,1135.65,1,0,0,138.8,9,1134.28,1095.25,2116,2113
1,3,26,RSA-SHA384_signed-by_RSA-SHA3-512,RSA-SHA384_signed-by_RSA-SHA3-512,11.528,3628.66,1126.97,1,0,0,138.8,24,1120.99,1107.94,2116,2113
1,5,24,RSA-SHA384_signed-by_RSA-SHA3-512,RSA-SHA384_signed-by_RSA-SHA3-512,10.803,3872.22,1402.56,0.307692,0,0,222.308,15,1128.25,1102.19,2116,2113
1,2,25,RSA-SHA384_signed-by_RSA-SHA3-512,RSA-SHA384_signed-by_RSA-SHA3-512,15.028,2783.51,1576.73,0.764706,18,1.05882,161.529,24,1149.23,1111.94,2116,2113
1,7,23,RSA-SHA384_signed-by_RSA-SHA3-512,RSA-SHA384_signed-by_RSA-SHA3-512,22.143,1889.16,864.194,1,12,0.857143,156.286,16,1128.42,1110.18,2116,2113
1,1,23,RSA-SHA384_signed-by_RSA-SHA3-512,RSA-SHA384_signed-by_RSA-SHA3-512,12.577,3326.03,1032.98,0.3,0,0,152,24,1131.7,1097.59,2116,2113
1,8,24,RSA-SHA384_signed-by_RSA-SHA3-512,RSA-SHA384_signed-by_RSA-SHA3-512,12.294,3402.6,1443.29,0.214286,7,0.5,127.143,15,1129.74,1107.79,2116,2113
1,3,27,RSA-SHA384_signed-by_RSA-SHA3-512,RSA-SHA384_signed-by_RSA-SHA3-512,12.458,3357.79,1042.85,0.8,0,0,138.8,24,1146.34,1113.35,2116,2113
1,6,27,RSA-SHA384_signed-by_RSA-SHA3-512,RSA-SHA384_signed-by_RSA-SHA3-512,14.407,2903.52,937.301,0.666667,0,0,122,9,1135.41,1092.45,2116,2113
1,5,25,RSA-SHA384_signed-by_RSA-SHA3-512,RSA-SHA384_signed-by_RSA-SHA3-512,13.272,3151.84,993.35,1,7,0.636364,139.455,15,1134.88,1139.63,2116,2113
1,2,26,RSA-SHA384_signed-by_RSA-SHA3-512,RSA-SHA384_signed-by_RSA-SHA3-512,14.269,2931.61,910.487,1,0,0,149.6,24,1140.23,1112.99,2116,2113
1,7,24,RSA-SHA384_signed-by_RSA-SHA3-512,RSA-SHA384_signed-by_RSA-SHA3-512,14.54,2876.95,911.116,1,0,0,129.636,16,1129.94,1102.32,2116,2113
1,1,24,RSA-SHA384_signed-by_RSA-SHA3-512,RSA-SHA384_signed-by_RSA-SHA3-512,14.177,2950.62,916.392,1,0,0,163.2,24,1133.66,1113.15,2116,2113
1,3,28,RSA-SHA384_signed-by_RSA-SHA3-512,RSA-SHA384_signed-by_RSA-SHA3-512,11.825,3537.57,1098.68,1,0,0,138.8,24,1130.7,1102.96,2116,2113
1,5,26,RSA-SHA384_signed-by_RSA-SHA3-512,RSA-SHA384_signed-by_RSA-SHA3-512,10.611,3941.97,1451.95,0.5,0,0,127.143,15,1134.3,1113.3,2116,2113
1,6,28,RSA-SHA384_signed-by_RSA-SHA3-512,RSA-SHA384_signed-by_RSA-SHA3-512,13.3,3145.23,1334.12,0.714286,7,0.5,127.143,9,1128.38,1115.66,2116,2113
1,8,25,RSA-SHA384_signed-by_RSA-SHA3-512,RSA-SHA384_signed-by_RSA-SHA3-512,18.5,2261.11,1280.82,0.882353,18,1.05882,149.529,15,1141.37,1107.74,2116,2113
1,2,27,RSA-SHA384_signed-by_RSA-SHA3-512,RSA-SHA384_signed-by_RSA-SHA3-512,12.012,3482.51,1081.58,1,0,0,149.6,24,1138.61,1103.84,2116,2113
1,7,25,RSA-SHA384_signed-by_RSA-SHA3-512,RSA-SHA384_signed-by_RSA-SHA3-512,13.373,3128.08,971.505,1,0,0,138.8,16,1101.96,1108.21,2116,2113
1,1,25,RSA-SHA384_signed-by_RSA-SHA3-512,RSA-SHA384_signed-by_RSA-SHA3-512,14.19,2947.95,951.643,0.833333,0,0,142.333,24,1133.36,1118.11,2116,2113
1,3,29,RSA-SHA384_signed-by_RSA-SHA3-512,RSA-SHA384_signed-by_RSA-SHA3-512,13.948,2999.1,931.447,1,0,0,138.8,24,1134.03,1113.7,2116,2113
1,5,27,RSA-SHA384_signed-by_RSA-SHA3-512,RSA-SHA384_signed-by_RSA-SHA3-512,14.749,2836.19,880.853,1,4,0.4,149.6,15,1284.05,1128.69,2116,2113
1,6,29,RSA-SHA384_signed-by_RSA-SHA3-512,RSA-SHA384_signed-by_RSA-SHA3-512,15.008,2787.25,882.708,1,0,0,129.636,9,1136.8,1131.31,2116,2113
1,2,28,RSA-SHA384_signed-by_RSA-SHA3-512,RSA-SHA384_signed-by_RSA-SHA3-512,12.462,3356.72,1042.51,1,0,0,147.2,24,1132.71,1118.48,2116,2113
1,8,26,RSA-SHA384_signed-by_RSA-SHA3-512,RSA-SHA384_signed-by_RSA-SHA3-512,19.366,2160.01,1311.95,1,22,1.22222,170,15,1143.12,1116.34,2116,2113
1,7,26,RSA-SHA384_signed-by_RSA-SHA3-512,RSA-SHA384_signed-by_RSA-SHA3-512,16.516,2532.78,786.619,1,0,0,138.8,16,1123.46,1105.88,2116,2113
1,1,26,RSA-SHA384_signed-by_RSA-SHA3-512,RSA-SHA384_signed-by_RSA-SHA3-512,15.544,2691.18,1141.52,1,7,0.5,148,24,1128.05,1109.67,2116,2113
1,3,30,RSA-SHA384_signed-by_RSA-SHA3-512,RSA-SHA384_signed-by_RSA-SHA3-512,15.668,2669.88,845.538,1,0,0,129.636,24,1127.99,1089.4,2116,2113
1,2,29,RSA-SHA384_signed-by_RSA-SHA3-512,RSA-SHA384_signed-by_RSA-SHA3-512,12.172,3436.49,1067.29,0.8,0,0,138.8,24,1137.22,1127.83,2116,2113
1,5,28,RSA-SHA384_signed-by_RSA-SHA3-512,RSA-SHA384_signed-by_RSA-SHA3-512,17.339,2412.56,1352.77,1,20,1,271,15,1128.26,1113.54,2116,2113
1,6,30,RSA-SHA384_signed-by_RSA-SHA3-512,RSA-SHA384_signed-by_RSA-SHA3-512,16.8,2489.96,1621.88,0.95,29,1.45,162.8,9,1150.21,1094.11,2116,2113
1,7,27,RSA-SHA384_signed-by_RSA-SHA3-512,RSA-SHA384_signed-by_RSA-SHA3-512,10.776,3881.94,1205.64,0.6,0,0,138.8,16,1129.72,1111.06,2116,2113
1,3,31,RSA-SHA384_signed-by_RSA-SHA3-512,RSA-SHA384_signed-by_RSA-SHA3-512,11.794,3546.85,1101.57,1,0,0,138.8,24,1629.59,1578.33,2116,2113
1,8,27,RSA-SHA384_signed-by_RSA-SHA3-512,RSA-SHA384_signed-by_RSA-SHA3-512,17.854,2342.92,1259.95,1,18,1,123.333,15,1135.13,1109.97,2116,2113
1,1,27,RSA-SHA384_signed-by_RSA-SHA3-512,RSA-SHA384_signed-by_RSA-SHA3-512,14.004,2987.08,945.994,1,4,0.363636,151.818,24,1150.77,1305.1,2116,2113
1,2,30,RSA-SHA384_signed-by_RSA-SHA3-512,RSA-SHA384_signed-by_RSA-SHA3-512,12.624,3313.64,1029.14,1,4,0.4,138.8,24,1110.05,1095.76,2116,2113
1,5,29,RSA-SHA384_signed-by_RSA-SHA3-512,RSA-SHA384_signed-by_RSA-SHA3-512,11.624,3598.74,1117.68,1,0,0,163.2,15,1137.32,1090.94,2116,2113
1,6,31,RSA-SHA384_signed-by_RSA-SHA3-512,RSA-SHA384_signed-by_RSA-SHA3-512,11.366,3680.44,1143.06,1,0,0,138.8,9,1607.67,1612.45,2116,2113
1,3,32,RSA-SHA384_signed-by_RSA-SHA3-512,RSA-SHA384_signed-by_RSA-SHA3-512,12.331,3392.33,1074.33,1,0,0,129.636,24,1102.33,1118.24,2116,2113
1,1,28,RSA-SHA384_signed-by_RSA-SHA3-512,RSA-SHA384_signed-by_RSA-SHA3-512,12.273,3408.36,1911.13,0.7,20,1,269.8,24,1127,1101.48,2116,2113
1,2,31,RSA-SHA384_signed-by_RSA-SHA3-512,RSA-SHA384_signed-by_RSA-SHA3-512,13.177,3174.53,1525.04,0.777778,10,0.555556,171.333,24,1613.17,1585.2,2116,2113
1,7,28,RSA-SHA384_signed-by_RSA-SHA3-512,RSA-SHA384_signed-by_RSA-SHA3-512,18.098,2311.31,937.962,1,12,1.09091,177.636,16,1138.02,1108.28,2116,2113
1,5,30,RSA-SHA384_signed-by_RSA-SHA3-512,RSA-SHA384_signed-by_RSA-SHA3-512,15.926,2626.56,1114.12,0.428571,7,0.5,142.857,15,1176.58,1107.54,2116,2113
1,6,32,RSA-SHA384_signed-by_RSA-SHA3-512,RSA-SHA384_signed-by_RSA-SHA3-512,15.73,2659.29,842.185,0.545455,0,0,129.636,9,1132.43,1103.76,2116,2113
1,8,28,RSA-SHA384_signed-by_RSA-SHA3-512,RSA-SHA384_signed-by_RSA-SHA3-512,20.898,2001.64,743.389,1,4,0.266667,182,15,1142.42,1099.93,2116,2113
1,2,32,RSA-SHA384_signed-by_RSA-SHA3-512,RSA-SHA384_signed-by_RSA-SHA3-512,11.51,3634.4,1128.76,1,0,0,138.8,24,1128.61,1100.27,2116,2113
1,7,29,RSA-SHA384_signed-by_RSA-SHA3-512,RSA-SHA384_signed-by_RSA-SHA3-512,11.671,3583.98,1320.09,0.857143,0,0,192.286,16,1160.41,1100.45,2116,2113
1,3,33,RSA-SHA384_signed-by_RSA-SHA3-512,RSA-SHA384_signed-by_RSA-SHA3-512,15.821,2644.03,1121.52,0.857143,7,0.5,127.143,24,1135.86,1095.17,2116,2113
1,1,29,RSA-SHA384_signed-by_RSA-SHA3-512,RSA-SHA384_signed-by_RSA-SHA3-512,15.195,2752.97,1167.74,0.857143,7,0.5,148,24,1131.58,1114.23,2116,2113
1,5,31,RSA-SHA384_signed-by_RSA-SHA3-512,RSA-SHA384_signed-by_RSA-SHA3-512,11.988,3489.47,1083.74,1,4,0.4,163.2,15,1597.96,1777.45,2116,2113
1,8,29,RSA-SHA384_signed-by_RSA-SHA3-512,RSA-SHA384_signed-by_RSA-SHA3-512,11.083,3774.4,1172.24,0.5,0,0,138.8,15,1137.21,1113.18,2116,2113
1,6,33,RSA-SHA384_signed-by_RSA-SHA3-512,RSA-SHA384_signed-by_RSA-SHA3-512,14.955,2797.1,1266.69,1,15,1.15385,165.385,9,1135.06,1125.64,2116,2113
1,3,34,RSA-SHA384_signed-by_RSA-SHA3-512,RSA-SHA384_signed-by_RSA-SHA3-512,9.101,4595.99,1427.4,1,0,0,138.8,24,1163.4,1110.59,2116,2113
1,2,33,RSA-SHA384_signed-by_RSA-SHA3-512,RSA-SHA384_signed-by_RSA-SHA3-512,11.432,3659.2,1136.46,1,0,0,138.8,24,1224.12,1121.03,2116,2113
1,7,30,RSA-SHA384_signed-by_RSA-SHA3-512,RSA-SHA384_signed-by_RSA-SHA3-512,12.137,3446.63,1070.44,1,4,0.4,138.8,16,1127.53,1107.86,2116,2113
1,5,32,RSA-SHA384_signed-by_RSA-SHA3-512,RSA-SHA384_signed-by_RSA-SHA3-512,11.83,3536.07,1313.26,1,10,0.666667,216.933,15,1161.26,1114.4,2116,2113
1,1,30,RSA-SHA384_signed-by_RSA-SHA3-512,RSA-SHA384_signed-by_RSA-SHA3-512,15.356,2724.08,1240.92,1,11,0.785714,182.286,24,1140.44,1097.78,2116,2113
1,6,34,RSA-SHA384_signed-by_RSA-SHA3-512,RSA-SHA384_signed-by_RSA-SHA3-512,10.632,3934.21,1443.07,1,3,0.214286,192.286,9,1135.59,1106.41,2116,2113
1,3,35,RSA-SHA384_signed-by_RSA-SHA3-512,RSA-SHA384_signed-by_RSA-SHA3-512,12.162,3439.55,1089.29,1,0,0,129.636,24,1126.27,1109.31,2116,2113
1,2,34,RSA-SHA384_signed-by_RSA-SHA3-512,RSA-SHA384_signed-by_RSA-SHA3-512,13.902,3009.02,1276.34,1,7,0.5,127.143,24,1129.07,1111.08,2116,2113
1,1,31,RSA-SHA384_signed-by_RSA-SHA3-512,RSA-SHA384_signed-by_RSA-SHA3-512,9.402,4448.89,1381.72,1,0,0,138.8,24,1616.03,1632.95,2116,2113
1,7,31,RSA-SHA384_signed-by_RSA-SHA3-512,RSA-SHA384_signed-by_RSA-SHA3-512,19.352,2161.56,1467.49,1,28,1.12,214,16,1603.49,1593.81,2116,2113
1,5,33,RSA-SHA384_signed-by_RSA-SHA3-512,RSA-SHA384_signed-by_RSA-SHA3-512,16.911,2473.57,1274.39,1,12,0.666667,161.111,15,1138.78,1118.99,2116,2113
1,6,35,RSA-SHA384_signed-by_RSA-SHA3-512,RSA-SHA384_signed-by_RSA-SHA3-512,14.968,2794.69,1265.6,1,11,0.846154,165.385,9,1124.62,1098.53,2116,2113
1,8,30,RSA-SHA384_signed-by_RSA-SHA3-512,RSA-SHA384_signed-by_RSA-SHA3-512,29.993,1394.69,650.803,1,18,1.125,146,15,1128.42,1107.69,2116,2113
1,3,36,RSA-SHA384_signed-by_RSA-SHA3-512,RSA-SHA384_signed-by_RSA-SHA3-512,15.381,2719.67,861.305,1,0,0,129.636,24,1143.5,1123.97,2116,2113
1,2,35,RSA-SHA384_signed-by_RSA-SHA3-512,RSA-SHA384_signed-by_RSA-SHA3-512,13.746,3043.17,1378.13,1,11,0.846154,165.385,24,1136.11,1109.28,2116,2113
1,1,32,RSA-SHA384_signed-by_RSA-SHA3-512,RSA-SHA384_signed-by_RSA-SHA3-512,16.667,2509.78,1091.46,0.625,8,0.5,116,24,1139.2,1111.23,2116,2113
1,5,34,RSA-SHA384_signed-by_RSA-SHA3-512,RSA-SHA384_signed-by_RSA-SHA3-512,11.454,3651.87,1134.18,0.7,0,0,163.2,15,1132.76,1104.78,2116,2113
1,6,36,RSA-SHA384_signed-by_RSA-SHA3-512,RSA-SHA384_signed-by_RSA-SHA3-512,12.248,3415.41,1060.74,1,0,0,138.8,9,1142.4,1119.07,2116,2113
1,7,32,RSA-SHA384_signed-by_RSA-SHA3-512,RSA-SHA384_signed-by_RSA-SHA3-512,17.373,2407.8,1410.88,0.888889,10,0.555556,118.889,16,1142.03,1115.11,2116,2113
1,8,31,RSA-SHA384_signed-by_RSA-SHA3-512,RSA-SHA384_signed-by_RSA-SHA3-512,15.839,2641.03,968.731,0.857143,3,0.214286,192.286,15,1602.15,1552.69,2116,2113
1,3,37,RSA-SHA384_signed-by_RSA-SHA3-512,RSA-SHA384_signed-by_RSA-SHA3-512,13.737,3045.17,1116.97,0.857143,7,0.5,118.571,24,1141.83,1126.96,2116,2113
1,2,36,RSA-SHA384_signed-by_RSA-SHA3-512,RSA-SHA384_signed-by_RSA-SHA3-512,15.825,2643.34,860.386,1,4,0.307692,115.231,24,1134.7,1098.35,2116,2113
1,1,33,RSA-SHA384_signed-by_RSA-SHA3-512,RSA-SHA384_signed-by_RSA-SHA3-512,11.889,3518.54,1092.77,1,0,0,138.8,24,1138.76,1113.87,2116,2113
1,6,37,RSA-SHA384_signed-by_RSA-SHA3-512,RSA-SHA384_signed-by_RSA-SHA3-512,11.884,3519.97,1093.22,0.7,0,0,138.8,9,1116.28,1156.35,2116,2113
1,7,33,RSA-SHA384_signed-by_RSA-SHA3-512,RSA-SHA384_signed-by_RSA-SHA3-512,9.766,4283.01,1330.2,1,0,0,138.8,16,1136.91,1088.11,2116,2113
1,8,32,RSA-SHA384_signed-by_RSA-SHA3-512,RSA-SHA384_signed-by_RSA-SHA3-512,8.665,4827.17,1499.2,0.8,4,0.4,138.8,15,1104.85,1095.63,2116,2113
1,3,38,RSA-SHA384_signed-by_RSA-SHA3-512,RSA-SHA384_signed-by_RSA-SHA3-512,11.194,3736.97,1200.63,0.916667,7,0.583333,122,24,1131.87,1108.3,2116,2113
1,2,37,RSA-SHA384_signed-by_RSA-SHA3-512,RSA-SHA384_signed-by_RSA-SHA3-512,12.811,3265.24,1197.69,0.857143,3,0.214286,192.286,24,1143.21,1110.35,2116,2113
1,1,34,RSA-SHA384_signed-by_RSA-SHA3-512,RSA-SHA384_signed-by_RSA-SHA3-512,14.444,2896.07,934.896,1,0,0,122,24,1117.76,1134.68,2116,2113
1,7,34,RSA-SHA384_signed-by_RSA-SHA3-512,RSA-SHA384_signed-by_RSA-SHA3-512,12.442,3362.12,1044.19,0.8,0,0,138.8,16,1105.04,1111.17,2116,2113
1,6,38,RSA-SHA384_signed-by_RSA-SHA3-512,RSA-SHA384_signed-by_RSA-SHA3-512,14.324,2920.36,959.492,1,1,0.0909091,131.091,9,1140.61,1109.19,2116,2113
1,8,33,RSA-SHA384_signed-by_RSA-SHA3-512,RSA-SHA384_signed-by_RSA-SHA3-512,13.889,3011.83,1104.74,0.571429,3,0.214286,192.286,15,1136.32,1090.51,2116,2113
1,3,39,RSA-SHA384_signed-by_RSA-SHA3-512,RSA-SHA384_signed-by_RSA-SHA3-512,13.187,3172.17,1148.99,0.615385,4,0.307692,124.769,24,1134.08,1127.29,2116,2113
1,5,35,RSA-SHA384_signed-by_RSA-SHA3-512,RSA-SHA384_signed-by_RSA-SHA3-512,33.176,1260.87,767.761,1,25,1.31579,179.684,15,1134.88,1091.36,2116,2113
1,2,38,RSA-SHA384_signed-by_RSA-SHA3-512,RSA-SHA384_signed-by_RSA-SHA3-512,12.649,3307.12,1027.11,0.3,0,0,138.8,24,1130.73,1112.85,2116,2113
1,1,35,RSA-SHA384_signed-by_RSA-SHA3-512,RSA-SHA384_signed-by_RSA-SHA3-512,12.009,3483.37,1081.85,0.3,0,0,138.8,24,1134.22,1113.94,2116,2113
1,7,35,RSA-SHA384_signed-by_RSA-SHA3-512,RSA-SHA384_signed-by_RSA-SHA3-512,10.927,3827.98,1188.88,0.3,0,0,138.8,16,1137.46,1123.52,2116,2113
1,6,39,RSA-SHA384_signed-by_RSA-SHA3-512,RSA-SHA384_signed-by_RSA-SHA3-512,11.711,3572,1109.38,0.3,0,0,138.8,9,1144.07,1096.95,2116,2113
1,8,34,RSA-SHA384_signed-by_RSA-SHA3-512,RSA-SHA384_signed-by_RSA-SHA3-512,14.332,2918.73,924.349,0.727273,0,0,136.182,15,1131.31,1132.45,2116,2113
1,3,40,RSA-SHA384_signed-by_RSA-SHA3-512,RSA-SHA384_signed-by_RSA-SHA3-512,13.592,3077.64,1128.88,0.571429,3,0.214286,192.286,24,1130.96,1111.21,2116,2113
1,5,36,RSA-SHA384_signed-by_RSA-SHA3-512,RSA-SHA384_signed-by_RSA-SHA3-512,13.102,3192.76,991.593,0.8,0,0,163.2,15,1163.89,1113.51,2116,2113
1,2,39,RSA-SHA384_signed-by_RSA-SHA3-512,RSA-SHA384_signed-by_RSA-SHA3-512,13.788,3033.81,785.576,1,0,0,164.857,24,1168.23,1125.05,2116,2113
1,1,36,RSA-SHA384_signed-by_RSA-SHA3-512,RSA-SHA384_signed-by_RSA-SHA3-512,13.723,3048.18,946.69,0.8,0,0,138.8,24,1147.54,1102.71,2116,2113
1,6,40,RSA-SHA384_signed-by_RSA-SHA3-512,RSA-SHA384_signed-by_RSA-SHA3-512,15.338,2727.2,1544.84,0.470588,18,1.05882,149.529,9,1101.44,1109.54,2116,2113
1,7,36,RSA-SHA384_signed-by_RSA-SHA3-512,RSA-SHA384_signed-by_RSA-SHA3-512,18.026,2320.64,984.352,0.571429,7,0.5,127.143,16,1105.37,1090.49,2116,2113
1,8,35,RSA-SHA384_signed-by_RSA-SHA3-512,RSA-SHA384_signed-by_RSA-SHA3-512,13.31,3142.74,976.057,0.3,0,0,138.8,15,1122.91,1102.72,2116,2113
1,3,41,RSA-SHA384_signed-by_RSA-SHA3-512,RSA-SHA384_signed-by_RSA-SHA3-512,12.744,3282.35,1019.42,0,0,0,138.8,24,1138.51,1110.77,2116,2113
1,5,37,RSA-SHA384_signed-by_RSA-SHA3-512,RSA-SHA384_signed-by_RSA-SHA3-512,12.335,3391.19,1053.22,0,0,0,163.2,15,1119.21,1110.46,2116,2113
1,2,40,RSA-SHA384_signed-by_RSA-SHA3-512,RSA-SHA384_signed-by_RSA-SHA3-512,12.633,3311.29,1219.65,0.642857,0,0,192.286,24,1131.46,1109.86,2116,2113
1,1,37,RSA-SHA384_signed-by_RSA-SHA3-512,RSA-SHA384_signed-by_RSA-SHA3-512,14.333,2918.51,924.279,1,0,0,131.818,24,1124.03,1122.57,2116,2113
1,6,41,RSA-SHA384_signed-by_RSA-SHA3-512,RSA-SHA384_signed-by_RSA-SHA3-512,11.987,3489.77,1083.84,1,0,0,138.8,9,1122.1,1201.49,2116,2113
1,7,37,RSA-SHA384_signed-by_RSA-SHA3-512,RSA-SHA384_signed-by_RSA-SHA3-512,11.775,3552.59,919.909,1,0,0,164.857,16,1104.68,1121.88,2116,2113
1,8,36,RSA-SHA384_signed-by_RSA-SHA3-512,RSA-SHA384_signed-by_RSA-SHA3-512,12.116,3452.6,1286.22,1,7,0.636364,140.545,15,1124.6,1114.76,2116,2113
1,3,42,RSA-SHA384_signed-by_RSA-SHA3-512,RSA-SHA384_signed-by_RSA-SHA3-512,11.571,3615.22,1122.8,1,0,0,138.8,24,1138.72,1101.22,2116,2113
1,5,38,RSA-SHA384_signed-by_RSA-SHA3-512,RSA-SHA384_signed-by_RSA-SHA3-512,16.43,2545.97,1164.65,1,12,0.857143,167.429,15,1174.83,1107.38,2116,2113
1,6,42,RSA-SHA384_signed-by_RSA-SHA3-512,RSA-SHA384_signed-by_RSA-SHA3-512,9.077,4608.12,1431.17,0.3,0,0,138.8,9,1103.97,1110.85,2116,2113
1,1,38,RSA-SHA384_signed-by_RSA-SHA3-512,RSA-SHA384_signed-by_RSA-SHA3-512,11.829,3536.34,1098.3,0.3,0,0,138.8,24,1107.14,1112.48,2116,2113
1,2,41,RSA-SHA384_signed-by_RSA-SHA3-512,RSA-SHA384_signed-by_RSA-SHA3-512,17.409,2402.8,1372.11,0.611111,25,1.38889,143.333,24,1157.37,1303.93,2116,2113
1,7,38,RSA-SHA384_signed-by_RSA-SHA3-512,RSA-SHA384_signed-by_RSA-SHA3-512,13.161,3178.42,1170.71,0.428571,0,0,192.286,16,1137.13,1100.8,2116,2113
1,3,43,RSA-SHA384_signed-by_RSA-SHA3-512,RSA-SHA384_signed-by_RSA-SHA3-512,12.369,3381.94,1050.35,0.9,0,0,138.8,24,1128.44,1197.7,2116,2113
1,8,37,RSA-SHA384_signed-by_RSA-SHA3-512,RSA-SHA384_signed-by_RSA-SHA3-512,17.154,2438.53,1248.88,1,2,0.117647,115.647,15,1136.27,1117.44,2116,2113
1,5,39,RSA-SHA384_signed-by_RSA-SHA3-512,RSA-SHA384_signed-by_RSA-SHA3-512,13.825,3025.79,1010.33,1,1,0.0833333,144,15,1131.13,1106.97,2116,2113
1,6,43,RSA-SHA384_signed-by_RSA-SHA3-512,RSA-SHA384_signed-by_RSA-SHA3-512,14.066,2973.94,1261.47,1,7,0.5,127.143,9,1130.97,1088.52,2116,2113
1,2,42,RSA-SHA384_signed-by_RSA-SHA3-512,RSA-SHA384_signed-by_RSA-SHA3-512,11.863,3525.97,1277.14,1,0,0,204.154,24,1141.81,1222.27,2116,2113
1,7,39,RSA-SHA384_signed-by_RSA-SHA3-512,RSA-SHA384_signed-by_RSA-SHA3-512,11.478,3644.25,1131.81,1,0,0,138.8,16,1134.83,1093.51,2116,2113
1,8,38,RSA-SHA384_signed-by_RSA-SHA3-512,RSA-SHA384_signed-by_RSA-SHA3-512,11.309,3698.94,1235.1,1,1,0.0833333,119.333,16,1133.02,1110.23,2116,2113
1,3,44,RSA-SHA384_signed-by_RSA-SHA3-512,RSA-SHA384_signed-by_RSA-SHA3-512,16.539,2529.21,1432.69,1,18,1.05882,149.529,24,1137.8,1114.01,2116,2113
1,1,39,RSA-SHA384_signed-by_RSA-SHA3-512,RSA-SHA384_signed-by_RSA-SHA3-512,22.287,1876.96,707.854,1,8,0.666667,132,24,1132.3,1106.94,2116,2113
1,5,40,RSA-SHA384_signed-by_RSA-SHA3-512,RSA-SHA384_signed-by_RSA-SHA3-512,11.603,3605.22,1616.11,1,2,0.166667,162.333,15,1127.51,1108.37,2116,2113
1,6,44,RSA-SHA384_signed-by_RSA-SHA3-512,RSA-SHA384_signed-by_RSA-SHA3-512,13.196,3169.97,1058.48,1,1,0.0833333,123.333,9,1172.28,1112.44,2116,2113
1,7,40,RSA-SHA384_signed-by_RSA-SHA3-512,RSA-SHA384_signed-by_RSA-SHA3-512,11.942,3502.88,1087.91,1,0,0,138.8,16,1158.85,1089.01,2116,2113
1,3,45,RSA-SHA384_signed-by_RSA-SHA3-512,RSA-SHA384_signed-by_RSA-SHA3-512,10.771,3883.43,1206.1,1,0,0,149.6,24,1121.66,1118.26,2116,2113
1,1,40,RSA-SHA384_signed-by_RSA-SHA3-512,RSA-SHA384_signed-by_RSA-SHA3-512,10.649,3927.93,1422.74,1,0,0,204.154,24,1134.66,1124.67,2116,2113
1,8,39,RSA-SHA384_signed-by_RSA-SHA3-512,RSA-SHA384_signed-by_RSA-SHA3-512,13.903,3008.82,1276.26,1,7,0.5,127.143,16,1127.3,1117.14,2116,2113
1,5,41,RSA-SHA384_signed-by_RSA-SHA3-512,RSA-SHA384_signed-by_RSA-SHA3-512,14.595,2866.16,925.238,1,0,0,142.333,15,1133.52,1110.35,2116,2113
1,6,45,RSA-SHA384_signed-by_RSA-SHA3-512,RSA-SHA384_signed-by_RSA-SHA3-512,13.447,3110.86,1394.5,1,2,0.166667,138,9,1103.17,1093.85,2116,2113
1,3,46,RSA-SHA384_signed-by_RSA-SHA3-512,RSA-SHA384_signed-by_RSA-SHA3-512,9.212,4540.65,1410.21,0.5,0,0,149.6,24,1132.9,1114.37,2116,2113
1,7,41,RSA-SHA384_signed-by_RSA-SHA3-512,RSA-SHA384_signed-by_RSA-SHA3-512,16.087,2600.3,1484.89,0.611111,19,1.05556,143.333,16,1101.74,1110.34,2116,2113
1,8,40,RSA-SHA384_signed-by_RSA-SHA3-512,RSA-SHA384_signed-by_RSA-SHA3-512,10.572,3956.54,1228.81,0,0,0,138.8,16,1140.84,1196.12,2116,2113
1,1,41,RSA-SHA384_signed-by_RSA-SHA3-512,RSA-SHA384_signed-by_RSA-SHA3-512,12.357,3385.02,1051.31,0.5,0,0,138.8,24,1145.12,1099.71,2116,2113
1,2,43,RSA-SHA384_signed-by_RSA-SHA3-512,RSA-SHA384_signed-by_RSA-SHA3-512,32.668,1280.48,888.429,1,28,1.16667,129.5,24,1137.07,1120.33,2116,2113
1,5,42,RSA-SHA384_signed-by_RSA-SHA3-512,RSA-SHA384_signed-by_RSA-SHA3-512,12.835,3259.18,1027.18,0.545455,7,0.636364,151.818,15,1112.96,1105.26,2116,2113
1,6,46,RSA-SHA384_signed-by_RSA-SHA3-512,RSA-SHA384_signed-by_RSA-SHA3-512,12.87,3250.33,1009.47,0.6,0,0,138.8,9,1128.81,1237.33,2116,2113
1,3,47,RSA-SHA384_signed-by_RSA-SHA3-512,RSA-SHA384_signed-by_RSA-SHA3-512,12.461,3356.77,869.204,0.857143,0,0,178.571,24,1604.12,1591.96,2116,2113
1,7,42,RSA-SHA384_signed-by_RSA-SHA3-512,RSA-SHA384_signed-by_RSA-SHA3-512,11.238,3722.07,1155.98,0.6,0,0,138.8,16,1129.43,1112.02,2116,2113
1,1,42,RSA-SHA384_signed-by_RSA-SHA3-512,RSA-SHA384_signed-by_RSA-SHA3-512,11.038,3789.81,1177.02,0.6,0,0,138.8,24,1104.5,1127.83,2116,2113
1,8,41,RSA-SHA384_signed-by_RSA-SHA3-512,RSA-SHA384_signed-by_RSA-SHA3-512,13.634,3068.16,1301.43,0.428571,7,0.5,127.143,16,1163.47,1102.3,2116,2113
1,2,44,RSA-SHA384_signed-by_RSA-SHA3-512,RSA-SHA384_signed-by_RSA-SHA3-512,13.539,3089.68,959.58,0.6,0,0,163.2,24,1131.29,1170.34,2116,2113
1,5,43,RSA-SHA384_signed-by_RSA-SHA3-512,RSA-SHA384_signed-by_RSA-SHA3-512,10.87,3848.37,1393.92,0,0,0,244.462,15,1137.31,1149.35,2116,2113
1,6,47,RSA-SHA384_signed-by_RSA-SHA3-512,RSA-SHA384_signed-by_RSA-SHA3-512,11.166,3746.36,1163.53,0,0,0,138.8,9,1620.71,1577.66,2116,2113
1,3,48,RSA-SHA384_signed-by_RSA-SHA3-512,RSA-SHA384_signed-by_RSA-SHA3-512,10.826,3864,1399.58,0,0,0,134,24,1133.34,1104.21,2116,2113
1,7,43,RSA-SHA384_signed-by_RSA-SHA3-512,RSA-SHA384_signed-by_RSA-SHA3-512,12.542,3335.28,1051.17,1,5,0.454545,129.636,16,1133.6,1111.59,2116,2113
1,1,43,RSA-SHA384_signed-by_RSA-SHA3-512,RSA-SHA384_signed-by_RSA-SHA3-512,13.282,3149.45,997.415,1,0,0,129.636,24,1187.77,1117.18,2116,2113
1,8,42,RSA-SHA384_signed-by_RSA-SHA3-512,RSA-SHA384_signed-by_RSA-SHA3-512,13.801,3030.99,784.847,1,0,0,164.857,16,1137.47,1116.33,2116,2113
1,2,45,RSA-SHA384_signed-by_RSA-SHA3-512,RSA-SHA384_signed-by_RSA-SHA3-512,16.45,2542.91,1094.19,1,7,0.466667,140.667,24,1152.55,1097.31,2116,2113
1,5,44,RSA-SHA384_signed-by_RSA-SHA3-512,RSA-SHA384_signed-by_RSA-SHA3-512,16.294,2567.27,797.33,1,0,0,163.2,15,1105.7,1111.98,2116,2113
1,6,48,RSA-SHA384_signed-by_RSA-SHA3-512,RSA-SHA384_signed-by_RSA-SHA3-512,15.512,2696.69,837.527,1,0,0,138.8,9,1142.77,1112.23,2116,2113
1,3,49,RSA-SHA384_signed-by_RSA-SHA3-512,RSA-SHA384_signed-by_RSA-SHA3-512,19.061,2194.57,1017.33,1,12,0.8,160.4,24,1151.97,1175.99,2116,2113
1,1,44,RSA-SHA384_signed-by_RSA-SHA3-512,RSA-SHA384_signed-by_RSA-SHA3-512,15.618,2678.41,831.85,1,0,0,146,24,1102.84,1114.6,2116,2113
1,7,44,RSA-SHA384_signed-by_RSA-SHA3-512,RSA-SHA384_signed-by_RSA-SHA3-512,19.67,2126.63,780.049,0.785714,3,0.214286,192.286,16,1186.26,1218.92,2116,2113
1,8,43,RSA-SHA384_signed-by_RSA-SHA3-512,RSA-SHA384_signed-by_RSA-SHA3-512,15.839,2641.06,1768.78,0.478261,24,1.04348,220.609,16,1137.03,1096.89,2116,2113
1,2,46,RSA-SHA384_signed-by_RSA-SHA3-512,RSA-SHA384_signed-by_RSA-SHA3-512,11.744,3561.7,1106.18,0.3,0,0,163.2,24,1135.79,1111.26,2116,2113
1,5,45,RSA-SHA384_signed-by_RSA-SHA3-512,RSA-SHA384_signed-by_RSA-SHA3-512,12.214,3424.65,1063.61,1,0,0,163.2,15,1157.36,1113.91,2116,2113
1,6,49,RSA-SHA384_signed-by_RSA-SHA3-512,RSA-SHA384_signed-by_RSA-SHA3-512,14.646,2856.17,904.535,1,0,0,129.636,9,1131.63,1101.17,2116,2113
1,1,45,RSA-SHA384_signed-by_RSA-SHA3-512,RSA-SHA384_signed-by_RSA-SHA3-512,11.817,3539.98,1121.09,1,0,0,129.636,24,1127.39,1108.61,2116,2113
1,7,45,RSA-SHA384_signed-by_RSA-SHA3-512,RSA-SHA384_signed-by_RSA-SHA3-512,12.589,3322.85,1032,1,0,0,138.8,16,1137.1,1116.53,2116,2113
1,5,46,RSA-SHA384_signed-by_RSA-SHA3-512,RSA-SHA384_signed-by_RSA-SHA3-512,10.826,3864,1749.85,1,9,0.692308,149.077,15,1132.31,1246.48,2116,2113
1,8,44,RSA-SHA384_signed-by_RSA-SHA3-512,RSA-SHA384_signed-by_RSA-SHA3-512,17.358,2409.89,1463.72,1,22,1.22222,170,16,1115.24,1118.39,2116,2113
1,2,47,RSA-SHA384_signed-by_RSA-SHA3-512,RSA-SHA384_signed-by_RSA-SHA3-512,17.987,2325.61,1458.79,1,32,1.45455,147.455,24,1604.59,1591.36,2116,2113
1,3,50,RSA-SHA384_signed-by_RSA-SHA3-512,RSA-SHA384_signed-by_RSA-SHA3-512,24.534,1705.05,741.498,1,8,0.5,124.25,24,1130.71,1097.17,2116,2113
1,6,50,RSA-SHA384_signed-by_RSA-SHA3-512,RSA-SHA384_signed-by_RSA-SHA3-512,15.506,2697.72,837.847,1,0,0,138.8,9,1137.91,1114.94,2116,2113
1,1,46,RSA-SHA384_signed-by_RSA-SHA3-512,RSA-SHA384_signed-by_RSA-SHA3-512,14.448,2895.3,899.209,1,0,0,138.8,24,1130.99,1114.46,2116,2113
1,7,46,RSA-SHA384_signed-by_RSA-SHA3-512,RSA-SHA384_signed-by_RSA-SHA3-512,14.492,2886.52,1320.43,1,18,1.28571,156.286,16,1127.33,1114.77,2116,2113
1,5,47,RSA-SHA384_signed-by_RSA-SHA3-512,RSA-SHA384_signed-by_RSA-SHA3-512,16.103,2597.71,1444.66,1,17,0.894737,280.105,15,1580.27,1583.06,2116,2113
1,8,45,RSA-SHA384_signed-by_RSA-SHA3-512,RSA-SHA384_signed-by_RSA-SHA3-512,12.698,3294.32,1023.13,0.5,0,0,138.8,16,1147.03,1109.98,2116,2113
1,2,48,RSA-SHA384_signed-by_RSA-SHA3-512,RSA-SHA384_signed-by_RSA-SHA3-512,12.365,3383.03,1225.37,0.615385,0,0,238,24,1131.86,1207.83,2116,2113
1,3,51,RSA-SHA384_signed-by_RSA-SHA3-512,RSA-SHA384_signed-by_RSA-SHA3-512,11.273,3710.8,1152.49,0.8,0,0,149.6,24,1128.77,1096.29,2116,2113
1,6,51,RSA-SHA384_signed-by_RSA-SHA3-512,RSA-SHA384_signed-by_RSA-SHA3-512,13.085,3196.89,1192.19,0.933333,7,0.466667,113.2,9,1130.57,1111.12,2116,2113
1,1,47,RSA-SHA384_signed-by_RSA-SHA3-512,RSA-SHA384_signed-by_RSA-SHA3-512,15.233,2746.08,1243.59,1,11,0.846154,165.385,24,1630.04,1587.23,2116,2113
1,5,48,RSA-SHA384_signed-by_RSA-SHA3-512,RSA-SHA384_signed-by_RSA-SHA3-512,12.142,3445.19,1112.16,1,0,0,122,15,1110.08,1118.01,2116,2113
1,8,46,RSA-SHA384_signed-by_RSA-SHA3-512,RSA-SHA384_signed-by_RSA-SHA3-512,12.864,3251.8,1029.83,1,0,0,129.636,16,1147.72,1141.46,2116,2113
1,2,49,RSA-SHA384_signed-by_RSA-SHA3-512,RSA-SHA384_signed-by_RSA-SHA3-512,12.732,3285.51,1020.4,1,0,0,138.8,24,1129.94,1110.11,2116,2113
1,6,52,RSA-SHA384_signed-by_RSA-SHA3-512,RSA-SHA384_signed-by_RSA-SHA3-512,11.058,3782.9,1198.03,1,0,0,125.273,9,1116.92,1108.97,2116,2113
1,3,52,RSA-SHA384_signed-by_RSA-SHA3-512,RSA-SHA384_signed-by_RSA-SHA3-512,18.36,2278.31,1569.42,1,25,1.08696,139.565,24,1102.96,1113.71,2116,2113
1,7,47,RSA-SHA384_signed-by_RSA-SHA3-512,RSA-SHA384_signed-by_RSA-SHA3-512,25.845,1618.54,784.97,1,9,0.473684,165.579,16,1601.93,1561.51,2116,2113
1,1,48,RSA-SHA384_signed-by_RSA-SHA3-512,RSA-SHA384_signed-by_RSA-SHA3-512,13.711,3050.86,980.195,1,5,0.416667,122,24,1128.55,1133,2116,2113
1,5,49,RSA-SHA384_signed-by_RSA-SHA3-512,RSA-SHA384_signed-by_RSA-SHA3-512,13.445,3111.24,974.605,1,0,0,129.273,15,1145.59,1107.12,2116,2113
1,8,47,RSA-SHA384_signed-by_RSA-SHA3-512,RSA-SHA384_signed-by_RSA-SHA3-512,15.194,2753.09,2030.2,1,33,1.73684,200.947,16,1621.19,1570.59,2116,2113
1,2,50,RSA-SHA384_signed-by_RSA-SHA3-512,RSA-SHA384_signed-by_RSA-SHA3-512,15.242,2744.4,1164.1,1,7,0.5,127.143,24,1143.91,1101.82,2116,2113
1,3,53,RSA-SHA384_signed-by_RSA-SHA3-512,RSA-SHA384_signed-by_RSA-SHA3-512,12.077,3463.72,1096.94,0.818182,0,0,139.455,24,1128.97,1214.22,2116,2113
1,7,48,RSA-SHA384_signed-by_RSA-SHA3-512,RSA-SHA384_signed-by_RSA-SHA3-512,11.486,3641.92,1131.09,0.2,0,0,164,16,1132.37,1097.55,2116,2113
1,6,53,RSA-SHA384_signed-by_RSA-SHA3-512,RSA-SHA384_signed-by_RSA-SHA3-512,18.916,2211.36,1091.09,0.9375,14,0.875,143.5,9,1130.72,1113.01,2116,2113
1,5,50,RSA-SHA384_signed-by_RSA-SHA3-512,RSA-SHA384_signed-by_RSA-SHA3-512,12.32,3395.42,1054.54,0,0,0,138.8,15,1145.75,1110.62,2116,2113
1,8,48,RSA-SHA384_signed-by_RSA-SHA3-512,RSA-SHA384_signed-by_RSA-SHA3-512,10.962,3815.76,1220.11,0.333333,8,0.666667,122,16,1136.71,1126.01,2116,2113
1,1,49,RSA-SHA384_signed-by_RSA-SHA3-512,RSA-SHA384_signed-by_RSA-SHA3-512,18.321,2283.19,854.069,0.375,4,0.25,185.25,24,1146.17,1100.66,2116,2113
1,2,51,RSA-SHA384_signed-by_RSA-SHA3-512,RSA-SHA384_signed-by_RSA-SHA3-512,13.492,3100.48,962.933,0.7,0,0,138.8,24,1134.9,1092.73,2116,2113
1,3,54,RSA-SHA384_signed-by_RSA-SHA3-512,RSA-SHA384_signed-by_RSA-SHA3-512,11.135,3756.51,1166.68,0.7,4,0.4,149.6,24,1131.77,1096.33,2116,2113
1,7,49,RSA-SHA384_signed-by_RSA-SHA3-512,RSA-SHA384_signed-by_RSA-SHA3-512,13.372,3128.31,990.722,0.636364,0,0,129.636,16,1110.47,1102.44,2116,2113
1,6,54,RSA-SHA384_signed-by_RSA-SHA3-512,RSA-SHA384_signed-by_RSA-SHA3-512,14.176,2950.87,916.468,0.7,0,0,138.8,9,1139.81,1104.56,2116,2113
1,8,49,RSA-SHA384_signed-by_RSA-SHA3-512,RSA-SHA384_signed-by_RSA-SHA3-512,12.408,3371.34,1221.14,0.461538,0,0,204.154,16,1158,1134.8,2116,2113
1,5,51,RSA-SHA384_signed-by_RSA-SHA3-512,RSA-SHA384_signed-by_RSA-SHA3-512,15.397,2716.84,843.784,1,0,0,138.8,15,1101.94,1125.73,2116,2113
1,1,50,RSA-SHA384_signed-by_RSA-SHA3-512,RSA-SHA384_signed-by_RSA-SHA3-512,11.978,3492.11,1100.59,0.545455,7,0.636364,129.636,24,1132.62,1090.12,2116,2113
1,2,52,RSA-SHA384_signed-by_RSA-SHA3-512,RSA-SHA384_signed-by_RSA-SHA3-512,12.558,3331.09,862.553,0.428571,0,0,164.857,24,1163.8,1114.19,2116,2113
1,3,55,RSA-SHA384_signed-by_RSA-SHA3-512,RSA-SHA384_signed-by_RSA-SHA3-512,12.593,3321.83,1218.45,0.214286,3,0.214286,209.143,24,1131.67,1107.86,2116,2113
1,7,50,RSA-SHA384_signed-by_RSA-SHA3-512,RSA-SHA384_signed-by_RSA-SHA3-512,14.122,2961.98,938.044,0.545455,0,0,129.636,16,1132.52,1110.11,2116,2113
1,6,55,RSA-SHA384_signed-by_RSA-SHA3-512,RSA-SHA384_signed-by_RSA-SHA3-512,14.877,2811.84,873.288,1,0,0,138.8,9,1108.74,1121.47,2116,2113
1,8,50,RSA-SHA384_signed-by_RSA-SHA3-512,RSA-SHA384_signed-by_RSA-SHA3-512,13.392,3123.44,970.064,0.9,0,0,138.8,16,1134.83,1101.5,2116,2113
1,5,52,RSA-SHA384_signed-by_RSA-SHA3-512,RSA-SHA384_signed-by_RSA-SHA3-512,14.233,2939.07,1264.66,0.8,7,0.466667,121.2,15,1138.52,1105.67,2116,2113
1,1,51,RSA-SHA384_signed-by_RSA-SHA3-512,RSA-SHA384_signed-by_RSA-SHA3-512,14.476,2889.74,1077.64,0.866667,5,0.333333,182,24,1132.14,1109.49,2116,2113
1,2,53,RSA-SHA384_signed-by_RSA-SHA3-512,RSA-SHA384_signed-by_RSA-SHA3-512,16.199,2582.33,1519.08,0.76,21,0.84,145.04,24,1128.51,1115.36,2116,2113
1,3,56,RSA-SHA384_signed-by_RSA-SHA3-512,RSA-SHA384_signed-by_RSA-SHA3-512,19.375,2159,934.78,1,7,0.4375,124,24,1111.09,1107.85,2116,2113
1,7,51,RSA-SHA384_signed-by_RSA-SHA3-512,RSA-SHA384_signed-by_RSA-SHA3-512,15.337,2727.44,863.766,1,0,0,129.636,16,1152.57,1103.84,2116,2113
1,6,56,RSA-SHA384_signed-by_RSA-SHA3-512,RSA-SHA384_signed-by_RSA-SHA3-512,13.693,3054.93,948.786,1,0,0,138.8,9,1138.95,1107.45,2116,2113
1,8,51,RSA-SHA384_signed-by_RSA-SHA3-512,RSA-SHA384_signed-by_RSA-SHA3-512,13.72,3048.91,984.234,1,0,0,122,16,1136.1,1127.63,2116,2113
1,5,53,RSA-SHA384_signed-by_RSA-SHA3-512,RSA-SHA384_signed-by_RSA-SHA3-512,13.953,2998,1054.95,1,2,0.153846,118,15,1148.55,1106.91,2116,2113
1,3,57,RSA-SHA384_signed-by_RSA-SHA3-512,RSA-SHA384_signed-by_RSA-SHA3-512,9.063,4615.27,1433.39,0.4,0,0,149.6,24,1125.37,1113.76,2116,2113
1,7,52,RSA-SHA384_signed-by_RSA-SHA3-512,RSA-SHA384_signed-by_RSA-SHA3-512,9.298,4498.6,1164.87,1,0,0,164.857,16,1124.91,1094.42,2116,2113
1,1,52,RSA-SHA384_signed-by_RSA-SHA3-512,RSA-SHA384_signed-by_RSA-SHA3-512,19.206,2177.97,1046.29,1,14,0.777778,171.333,24,1132.36,1096.22,2116,2113
1,6,57,RSA-SHA384_signed-by_RSA-SHA3-512,RSA-SHA384_signed-by_RSA-SHA3-512,10.36,4037.46,1253.94,1,0,0,138.8,9,1131.64,1241.85,2116,2113
1,8,52,RSA-SHA384_signed-by_RSA-SHA3-512,RSA-SHA384_signed-by_RSA-SHA3-512,9.822,4258.63,1322.63,1,0,0,138.8,16,1190.19,1142.13,2116,2113
1,8,53,RSA-SHA384_signed-by_RSA-SHA3-512,RSA-SHA384_signed-by_RSA-SHA3-512,8.755,4777.54,2026.5,0.357143,7,0.5,127.143,16,1134.51,1110.71,2116,2113
1,6,58,RSA-SHA384_signed-by_RSA-SHA3-512,RSA-SHA384_signed-by_RSA-SHA3-512,10.473,3994.24,1275.65,1,0,0,121.667,9,1111.37,1107.71,2116,2113
1,5,54,RSA-SHA384_signed-by_RSA-SHA3-512,RSA-SHA384_signed-by_RSA-SHA3-512,18.465,2265.37,977.373,1,8,0.5,115.75,15,1135.96,1101.43,2116,2113
1,3,58,RSA-SHA384_signed-by_RSA-SHA3-512,RSA-SHA384_signed-by_RSA-SHA3-512,15.846,2639.83,1207.59,1,12,0.857143,169.143,24,1135.45,1146.55,2116,2113
1,7,53,RSA-SHA384_signed-by_RSA-SHA3-512,RSA-SHA384_signed-by_RSA-SHA3-512,15.68,2667.78,1645.87,1,29,1.20833,216.333,16,1131.86,1090.2,2116,2113
1,1,53,RSA-SHA384_signed-by_RSA-SHA3-512,RSA-SHA384_signed-by_RSA-SHA3-512,16.718,2502.14,1418.31,1,20,0.952381,236.095,24,1132.6,1119.76,2116,2113
1,3,59,RSA-SHA384_signed-by_RSA-SHA3-512,RSA-SHA384_signed-by_RSA-SHA3-512,7.235,5781.38,1795.55,0.2,0,0,149.6,24,1136.35,1111.44,2116,2113
1,6,59,RSA-SHA384_signed-by_RSA-SHA3-512,RSA-SHA384_signed-by_RSA-SHA3-512,10.427,4011.57,1245.9,1,0,0,138.8,9,1144.16,1103.59,2116,2113
1,5,55,RSA-SHA384_signed-by_RSA-SHA3-512,RSA-SHA384_signed-by_RSA-SHA3-512,10.051,4161.63,1884.63,1,11,0.846154,167.231,15,1124.93,1100.26,2116,2113
1,7,54,RSA-SHA384_signed-by_RSA-SHA3-512,RSA-SHA384_signed-by_RSA-SHA3-512,11.402,3668.52,1568.71,1,11,0.578947,158,16,1140.05,1105.28,2116,2113
1,1,54,RSA-SHA384_signed-by_RSA-SHA3-512,RSA-SHA384_signed-by_RSA-SHA3-512,12.849,3255.59,1045.97,1,7,0.583333,122,24,1133.43,1123.48,2116,2113
1,8,54,RSA-SHA384_signed-by_RSA-SHA3-512,RSA-SHA384_signed-by_RSA-SHA3-512,19.704,2122.94,1231.79,1,25,1.25,132.8,16,1132.24,1107.39,2116,2113
1,3,60,RSA-SHA384_signed-by_RSA-SHA3-512,RSA-SHA384_signed-by_RSA-SHA3-512,12.674,3300.55,1065.47,1,0,0,131,24,1167.31,1140.82,2116,2113
1,6,60,RSA-SHA384_signed-by_RSA-SHA3-512,RSA-SHA384_signed-by_RSA-SHA3-512,12.15,3442.9,1069.28,1,0,0,138.8,9,1140.53,1109.31,2116,2113
1,2,54,RSA-SHA384_signed-by_RSA-SHA3-512,RSA-SHA384_signed-by_RSA-SHA3-512,49.904,838.238,494.062,1,23,1.04545,133.636,24,1147.96,1090.3,2116,2113
1,1,55,RSA-SHA384_signed-by_RSA-SHA3-512,RSA-SHA384_signed-by_RSA-SHA3-512,9.477,4413.61,1777.6,1,2,0.125,110.5,24,1136.63,1114.49,2116,2113
1,8,55,RSA-SHA384_signed-by_RSA-SHA3-512,RSA-SHA384_signed-by_RSA-SHA3-512,13.535,3090.53,1517.78,1,11,0.55,158,16,1157.89,1103.41,2116,2113
1,2,55,RSA-SHA384_signed-by_RSA-SHA3-512,RSA-SHA384_signed-by_RSA-SHA3-512,10.639,3931.86,1798.63,1,12,0.857143,156.286,24,1129.7,1108.79,2116,2113
1,6,61,RSA-SHA384_signed-by_RSA-SHA3-512,RSA-SHA384_signed-by_RSA-SHA3-512,13.432,3114.22,967.202,1,0,0,138.8,9,1138.58,1118.69,2116,2113
1,1,56,RSA-SHA384_signed-by_RSA-SHA3-512,RSA-SHA384_signed-by_RSA-SHA3-512,12.936,3233.64,1004.29,1,0,0,138.8,24,1136.82,1105.11,2116,2113
1,3,61,RSA-SHA384_signed-by_RSA-SHA3-512,RSA-SHA384_signed-by_RSA-SHA3-512,19.367,2159.95,929.41,1,7,0.466667,130,24,1105.23,1107.08,2116,2113
1,7,55,RSA-SHA384_signed-by_RSA-SHA3-512,RSA-SHA384_signed-by_RSA-SHA3-512,28.563,1464.55,1295.1,1,49,2.13043,200.783,16,1107.68,1110.54,2116,2113
1,5,56,RSA-SHA384_signed-by_RSA-SHA3-512,RSA-SHA384_signed-by_RSA-SHA3-512,32.637,1281.72,978.508,1,36,1.5,167.667,15,1151.24,1111.12,2116,2113
1,6,62,RSA-SHA384_signed-by_RSA-SHA3-512,RSA-SHA384_signed-by_RSA-SHA3-512,10.034,4168.63,1294.67,1,0,0,138.8,9,1125.27,1113.81,2116,2113
1,8,56,RSA-SHA384_signed-by_RSA-SHA3-512,RSA-SHA384_signed-by_RSA-SHA3-512,14.522,2880.51,1304.46,1,11,0.846154,165.385,16,1126.53,1138.79,2116,2113
1,2,56,RSA-SHA384_signed-by_RSA-SHA3-512,RSA-SHA384_signed-by_RSA-SHA3-512,17.572,2380.5,1363.02,1,18,1,150.667,24,1127.06,1143.16,2116,2113
1,3,62,RSA-SHA384_signed-by_RSA-SHA3-512,RSA-SHA384_signed-by_RSA-SHA3-512,13.025,3211.59,1017.1,1,0,0,139.455,24,1104.23,1111.59,2116,2113
1,7,56,RSA-SHA384_signed-by_RSA-SHA3-512,RSA-SHA384_signed-by_RSA-SHA3-512,13.668,3060.49,1122.59,1,3,0.214286,206.571,16,1100.93,1121.67,2116,2113
1,1,57,RSA-SHA384_signed-by_RSA-SHA3-512,RSA-SHA384_signed-by_RSA-SHA3-512,16.767,2494.8,1141.24,1,12,0.857143,156.286,24,1131.71,1148.94,2116,2113
1,8,57,RSA-SHA384_signed-by_RSA-SHA3-512,RSA-SHA384_signed-by_RSA-SHA3-512,11.267,3712.73,961.377,1,0,0,164.857,16,1125.95,1104.96,2116,2113
1,5,57,RSA-SHA384_signed-by_RSA-SHA3-512,RSA-SHA384_signed-by_RSA-SHA3-512,16.348,2558.74,1049.14,1,11,0.916667,165.667,15,1133.05,1108.66,2116,2113
1,6,63,RSA-SHA384_signed-by_RSA-SHA3-512,RSA-SHA384_signed-by_RSA-SHA3-512,21.086,1983.79,1123.73,0.823529,18,1.05882,149.529,9,1596.75,1606.42,2116,2113
1,3,63,RSA-SHA384_signed-by_RSA-SHA3-512,RSA-SHA384_signed-by_RSA-SHA3-512,14.327,2919.79,906.814,0,0,0,149.6,24,1604.23,1590.53,2116,2113
1,7,57,RSA-SHA384_signed-by_RSA-SHA3-512,RSA-SHA384_signed-by_RSA-SHA3-512,12.151,3442.44,1069.14,0,0,0,138.8,16,1124.03,1132.05,2116,2113
1,1,58,RSA-SHA384_signed-by_RSA-SHA3-512,RSA-SHA384_signed-by_RSA-SHA3-512,12.343,3388.89,1052.51,0,0,0,138.8,24,1123.98,1120.39,2116,2113
1,2,57,RSA-SHA384_signed-by_RSA-SHA3-512,RSA-SHA384_signed-by_RSA-SHA3-512,19.628,2131.18,974.907,1,16,1.14286,185.143,24,1152.78,1097.69,2116,2113
1,8,58,RSA-SHA384_signed-by_RSA-SHA3-512,RSA-SHA384_signed-by_RSA-SHA3-512,15.884,2633.57,986.141,0.933333,0,0,182,16,1131.89,1093.99,2116,2113
1,5,58,RSA-SHA384_signed-by_RSA-SHA3-512,RSA-SHA384_signed-by_RSA-SHA3-512,15.058,2778.05,1006.24,1,4,0.307692,204.154,15,1107.67,1102.04,2116,2113
1,6,64,RSA-SHA384_signed-by_RSA-SHA3-512,RSA-SHA384_signed-by_RSA-SHA3-512,12.46,3357.28,1042.69,1,0,0,182,9,1124.53,1113.75,2116,2113
1,3,64,RSA-SHA384_signed-by_RSA-SHA3-512,RSA-SHA384_signed-by_RSA-SHA3-512,12.973,3224.51,1001.45,1,0,0,149.6,24,1129.04,1107.85,2116,2113
1,7,58,RSA-SHA384_signed-by_RSA-SHA3-512,RSA-SHA384_signed-by_RSA-SHA3-512,14.041,2979.23,1602.14,1,14,0.777778,122,16,1136.94,1088.49,2116,2113
1,2,58,RSA-SHA384_signed-by_RSA-SHA3-512,RSA-SHA384_signed-by_RSA-SHA3-512,12.793,3269.87,1219.4,1,3,0.2,216.933,24,1136.73,1110.97,2116,2113
1,8,59,RSA-SHA384_signed-by_RSA-SHA3-512,RSA-SHA384_signed-by_RSA-SHA3-512,13.036,3208.9,1016.24,1,0,0,129.636,16,1103.88,1111.04,2116,2113
1,1,59,RSA-SHA384_signed-by_RSA-SHA3-512,RSA-SHA384_signed-by_RSA-SHA3-512,19.888,2103.29,1191.42,1,18,1.05882,149.529,24,1130.01,1111.86,2116,2113
1,5,59,RSA-SHA384_signed-by_RSA-SHA3-512,RSA-SHA384_signed-by_RSA-SHA3-512,16.705,2504.09,941.486,1,9,0.5625,173,15,1138.06,1113,2116,2113
1,6,65,RSA-SHA384_signed-by_RSA-SHA3-512,RSA-SHA384_signed-by_RSA-SHA3-512,14.561,2872.84,1295.5,1,2,0.153846,130,9,1121.83,1113.82,2116,2113
1,3,65,RSA-SHA384_signed-by_RSA-SHA3-512,RSA-SHA384_signed-by_RSA-SHA3-512,14.027,2982.21,926.201,1,0,0,233.6,24,1131.45,1096,2116,2113
1,2,59,RSA-SHA384_signed-by_RSA-SHA3-512,RSA-SHA384_signed-by_RSA-SHA3-512,14.868,2813.5,1206.32,0.866667,8,0.533333,138.267,24,1140.87,1105.8,2116,2113
1,7,59,RSA-SHA384_signed-by_RSA-SHA3-512,RSA-SHA384_signed-by_RSA-SHA3-512,16.302,2566,1250.37,1,13,0.866667,150.533,17,1133.01,1104.91,2116,2113
1,8,60,RSA-SHA384_signed-by_RSA-SHA3-512,RSA-SHA384_signed-by_RSA-SHA3-512,15.04,2781.32,1192.53,1,12,0.8,220.933,16,1165.53,1110.17,2116,2113
1,6,66,RSA-SHA384_signed-by_RSA-SHA3-512,RSA-SHA384_signed-by_RSA-SHA3-512,10.21,4097.12,1297.54,1,0,0,129.636,9,1135.55,1106.28,2116,2113
1,3,66,RSA-SHA384_signed-by_RSA-SHA3-512,RSA-SHA384_signed-by_RSA-SHA3-512,9.723,4302.37,1336.21,1,0,0,149.6,24,1134.96,1129.93,2116,2113
1,1,60,RSA-SHA384_signed-by_RSA-SHA3-512,RSA-SHA384_signed-by_RSA-SHA3-512,16.715,2502.57,1073.01,1,8,0.533333,122,24,1137.46,1110.8,2116,2113
1,2,60,RSA-SHA384_signed-by_RSA-SHA3-512,RSA-SHA384_signed-by_RSA-SHA3-512,10.174,4111.6,1276.96,0.7,0,0,138.8,24,1131.15,1109.54,2116,2113
1,5,60,RSA-SHA384_signed-by_RSA-SHA3-512,RSA-SHA384_signed-by_RSA-SHA3-512,19.183,2180.58,1295.25,0.681818,17,0.772727,159.091,15,1108.11,1113.51,2116,2113
1,7,60,RSA-SHA384_signed-by_RSA-SHA3-512,RSA-SHA384_signed-by_RSA-SHA3-512,13.232,3161.34,981.835,1,0,0,138.8,17,1162.18,1090.41,2116,2113
1,6,67,RSA-SHA384_signed-by_RSA-SHA3-512,RSA-SHA384_signed-by_RSA-SHA3-512,10.5,3983.99,1237.33,0.9,0,0,138.8,9,1127.22,1118.9,2116,2113
1,3,67,RSA-SHA384_signed-by_RSA-SHA3-512,RSA-SHA384_signed-by_RSA-SHA3-512,13.263,3153.96,998.846,1,0,0,139.455,24,1125.36,1109.23,2116,2113
1,2,61,RSA-SHA384_signed-by_RSA-SHA3-512,RSA-SHA384_signed-by_RSA-SHA3-512,10.965,3815.04,1184.86,1,0,0,141.2,24,1129.25,1101.29,2116,2113
1,8,61,RSA-SHA384_signed-by_RSA-SHA3-512,RSA-SHA384_signed-by_RSA-SHA3-512,18.151,2304.57,1236.68,0.545455,17,0.772727,152.545,16,1132.13,1098.66,2116,2113
1,1,61,RSA-SHA384_signed-by_RSA-SHA3-512,RSA-SHA384_signed-by_RSA-SHA3-512,16.224,2578.31,1121.26,1,8,0.5,124.25,24,1133.16,1121.05,2116,2113
1,5,61,RSA-SHA384_signed-by_RSA-SHA3-512,RSA-SHA384_signed-by_RSA-SHA3-512,13.712,3050.68,947.468,1,0,0,138.8,15,1130.98,1115.41,2116,2113
1,6,68,RSA-SHA384_signed-by_RSA-SHA3-512,RSA-SHA384_signed-by_RSA-SHA3-512,13.759,3040.28,944.236,1,0,0,138.8,9,1131.56,1110.09,2116,2113
1,8,62,RSA-SHA384_signed-by_RSA-SHA3-512,RSA-SHA384_signed-by_RSA-SHA3-512,13.229,3162.09,982.068,1,0,0,138.8,16,1109.73,1110.98,2116,2113
1,7,61,RSA-SHA384_signed-by_RSA-SHA3-512,RSA-SHA384_signed-by_RSA-SHA3-512,22.382,1868.99,985.071,0.909091,17,0.772727,145.818,17,1177.21,1099.04,2116,2113
1,3,68,RSA-SHA384_signed-by_RSA-SHA3-512,RSA-SHA384_signed-by_RSA-SHA3-512,18.761,2229.65,850.242,1,7,0.538462,133.692,24,1143.96,1112.79,2116,2113
1,4,0,RSA-SHA384_signed-by_RSA-SHA3-512,RSA-SHA384_signed-by_RSA-SHA3-512,1024.24,40.8419,8.88852,1,0,0,161.2,24,1164.91,1148.59,2116,2113
1,5,62,RSA-SHA384_signed-by_RSA-SHA3-512,RSA-SHA384_signed-by_RSA-SHA3-512,17.557,2382.59,739.973,0.9,0,0,138.8,15,1134.64,1130.39,2116,2113
1,1,62,RSA-SHA384_signed-by_RSA-SHA3-512,RSA-SHA384_signed-by_RSA-SHA3-512,20.764,2014.58,854.53,0.714286,7,0.5,136.571,24,1139.71,1121.9,2116,2113
1,2,62,RSA-SHA384_signed-by_RSA-SHA3-512,RSA-SHA384_signed-by_RSA-SHA3-512,27.314,1531.51,700.586,1,12,0.857143,156.286,24,1131.79,1103.01,2116,2113
1,6,69,RSA-SHA384_signed-by_RSA-SHA3-512,RSA-SHA384_signed-by_RSA-SHA3-512,19.263,2171.56,674.435,0.9,4,0.4,138.8,9,1134.34,1109.27,2116,2113
1,8,63,RSA-SHA384_signed-by_RSA-SHA3-512,RSA-SHA384_signed-by_RSA-SHA3-512,16.221,2578.85,800.927,0.4,0,0,138.8,16,1613.4,1612.21,2116,2113
1,7,62,RSA-SHA384_signed-by_RSA-SHA3-512,RSA-SHA384_signed-by_RSA-SHA3-512,16.343,2559.6,794.949,0.4,0,0,138.8,17,1140.31,1085.95,2116,2113
1,3,69,RSA-SHA384_signed-by_RSA-SHA3-512,RSA-SHA384_signed-by_RSA-SHA3-512,15.466,2704.74,979.687,0.307692,0,0,222.308,24,1156.94,1097.78,2116,2113
1,4,1,RSA-SHA384_signed-by_RSA-SHA3-512,RSA-SHA384_signed-by_RSA-SHA3-512,13.689,3055.86,949.075,0.4,0,0,163.2,24,1135.25,1196.32,2116,2113
1,1,63,RSA-SHA384_signed-by_RSA-SHA3-512,RSA-SHA384_signed-by_RSA-SHA3-512,13.942,3000.38,950.206,0.636364,0,0,139.455,24,1598.71,1576.36,2116,2113
1,5,63,RSA-SHA384_signed-by_RSA-SHA3-512,RSA-SHA384_signed-by_RSA-SHA3-512,17.731,2359.18,1011.53,1,8,0.533333,121.2,15,1603.47,1581.87,2116,2113
1,2,63,RSA-SHA384_signed-by_RSA-SHA3-512,RSA-SHA384_signed-by_RSA-SHA3-512,14.125,2961.51,919.772,1,0,0,149.6,24,1789.72,1580.66,2116,2113
1,6,70,RSA-SHA384_signed-by_RSA-SHA3-512,RSA-SHA384_signed-by_RSA-SHA3-512,15.55,2690.08,1153.4,1,10,0.666667,190,9,1139.83,1136.22,2116,2113
1,8,64,RSA-SHA384_signed-by_RSA-SHA3-512,RSA-SHA384_signed-by_RSA-SHA3-512,19.207,2177.88,716.382,1,4,0.307692,115.538,16,1120.12,1113.45,2116,2113
1,7,63,RSA-SHA384_signed-by_RSA-SHA3-512,RSA-SHA384_signed-by_RSA-SHA3-512,20.256,2065.09,885.435,1,8,0.533333,121.2,17,1621.62,1599.15,2116,2113
1,3,70,RSA-SHA384_signed-by_RSA-SHA3-512,RSA-SHA384_signed-by_RSA-SHA3-512,19.06,2194.69,951.073,1,15,0.9375,124.25,24,1159.08,1147.49,2116,2113
1,1,64,RSA-SHA384_signed-by_RSA-SHA3-512,RSA-SHA384_signed-by_RSA-SHA3-512,20.102,2080.92,967.831,1,11,0.733333,148.4,24,1106,1108.76,2116,2113
1,2,64,RSA-SHA384_signed-by_RSA-SHA3-512,RSA-SHA384_signed-by_RSA-SHA3-512,17.622,2373.8,737.244,1,0,0,149.6,24,1131.36,1091.17,2116,2113
1,5,64,RSA-SHA384_signed-by_RSA-SHA3-512,RSA-SHA384_signed-by_RSA-SHA3-512,19.708,2122.53,659.208,1,0,0,138.8,15,1130.68,1110.23,2116,2113
1,4,2,RSA-SHA384_signed-by_RSA-SHA3-512,RSA-SHA384_signed-by_RSA-SHA3-512,26.831,1559.08,675.631,1,13,0.8125,162.75,24,1259.49,1110,2116,2113
1,6,71,RSA-SHA384_signed-by_RSA-SHA3-512,RSA-SHA384_signed-by_RSA-SHA3-512,19.246,2173.5,1468.95,1,24,1,216,10,1138.51,1094.82,2116,2113
1,8,65,RSA-SHA384_signed-by_RSA-SHA3-512,RSA-SHA384_signed-by_RSA-SHA3-512,19.156,2183.67,800.97,1,3,0.214286,192.286,16,1136.89,1111.61,2116,2113
1,3,71,RSA-SHA384_signed-by_RSA-SHA3-512,RSA-SHA384_signed-by_RSA-SHA3-512,17.12,2443.38,885.017,1,0,0,222.308,24,1142.17,1113.9,2116,2113
1,7,64,RSA-SHA384_signed-by_RSA-SHA3-512,RSA-SHA384_signed-by_RSA-SHA3-512,18.716,2235.01,1330.15,1,22,1.375,186.5,17,1131.12,1093.93,2116,2113
1,1,65,RSA-SHA384_signed-by_RSA-SHA3-512,RSA-SHA384_signed-by_RSA-SHA3-512,14.778,2830.63,913.771,1,0,0,122,24,1108.5,1107.88,2116,2113
1,5,65,RSA-SHA384_signed-by_RSA-SHA3-512,RSA-SHA384_signed-by_RSA-SHA3-512,14.801,2826.2,1279.87,1,11,0.846154,165.385,15,1135.96,1113.73,2116,2113
1,6,72,RSA-SHA384_signed-by_RSA-SHA3-512,RSA-SHA384_signed-by_RSA-SHA3-512,13.972,2993.89,929.83,1,4,0.4,138.8,10,1134.34,1104.01,2116,2113
1,2,65,RSA-SHA384_signed-by_RSA-SHA3-512,RSA-SHA384_signed-by_RSA-SHA3-512,18.467,2265.13,1605.38,1,29,1.45,175.4,24,1137.34,1115.14,2116,2113
1,4,3,RSA-SHA384_signed-by_RSA-SHA3-512,RSA-SHA384_signed-by_RSA-SHA3-512,19.965,2095.26,781.364,1,3,0.2,216.933,24,1105.45,1102.25,2116,2113
1,8,66,RSA-SHA384_signed-by_RSA-SHA3-512,RSA-SHA384_signed-by_RSA-SHA3-512,14.199,2946.05,914.971,1,0,0,138.8,16,1122.68,1089.18,2116,2113
1,3,72,RSA-SHA384_signed-by_RSA-SHA3-512,RSA-SHA384_signed-by_RSA-SHA3-512,14.497,2885.48,896.16,1,0,0,149.6,24,1140.09,1117.3,2116,2113
1,7,65,RSA-SHA384_signed-by_RSA-SHA3-512,RSA-SHA384_signed-by_RSA-SHA3-512,14.216,2942.52,1079.32,0.785714,7,0.5,118.571,17,1133.87,1103.55,2116,2113
1,1,66,RSA-SHA384_signed-by_RSA-SHA3-512,RSA-SHA384_signed-by_RSA-SHA3-512,16.535,2529.81,797.308,1,5,0.454545,129.636,24,1134.87,1122.92,2116,2113
1,5,66,RSA-SHA384_signed-by_RSA-SHA3-512,RSA-SHA384_signed-by_RSA-SHA3-512,15.4,2716.28,1230.09,1,11,0.846154,165.385,15,1156.27,1096.55,2116,2113
1,2,66,RSA-SHA384_signed-by_RSA-SHA3-512,RSA-SHA384_signed-by_RSA-SHA3-512,15.509,2697.19,854.189,0.636364,0,0,139.455,24,1114.02,1105.37,2116,2113
1,6,73,RSA-SHA384_signed-by_RSA-SHA3-512,RSA-SHA384_signed-by_RSA-SHA3-512,18.007,2323.01,852.08,0.5,3,0.214286,192.286,10,1147.38,1097.66,2116,2113
1,4,4,RSA-SHA384_signed-by_RSA-SHA3-512,RSA-SHA384_signed-by_RSA-SHA3-512,13.838,3022.93,938.847,0.7,0,0,163.2,24,1131.97,1107.84,2116,2113
1,8,67,RSA-SHA384_signed-by_RSA-SHA3-512,RSA-SHA384_signed-by_RSA-SHA3-512,13.912,3006.85,941.905,0.909091,0,0,207.818,16,1141.52,1109.31,2116,2113
1,7,66,RSA-SHA384_signed-by_RSA-SHA3-512,RSA-SHA384_signed-by_RSA-SHA3-512,16.125,2594.15,821.556,0.909091,0,0,129.636,17,1136.86,1108.8,2116,2113
1,3,73,RSA-SHA384_signed-by_RSA-SHA3-512,RSA-SHA384_signed-by_RSA-SHA3-512,17.652,2369.73,735.982,1,0,0,197.6,24,1188.89,1106.01,2116,2113
1,1,67,RSA-SHA384_signed-by_RSA-SHA3-512,RSA-SHA384_signed-by_RSA-SHA3-512,17.162,2437.38,1447.79,0.272727,17,0.772727,161.818,24,1136.87,1110.08,2116,2113
1,5,67,RSA-SHA384_signed-by_RSA-SHA3-512,RSA-SHA384_signed-by_RSA-SHA3-512,16.525,2531.34,786.174,0.6,0,0,138.8,15,1129.82,1106.88,2116,2113
1,2,67,RSA-SHA384_signed-by_RSA-SHA3-512,RSA-SHA384_signed-by_RSA-SHA3-512,14.46,2892.87,898.454,0.6,0,0,149.6,24,1098.37,1090.75,2116,2113
1,4,5,RSA-SHA384_signed-by_RSA-SHA3-512,RSA-SHA384_signed-by_RSA-SHA3-512,13.945,2999.7,945.401,0.818182,7,0.636364,151.818,24,1106.58,1104.93,2116,2113
1,6,74,RSA-SHA384_signed-by_RSA-SHA3-512,RSA-SHA384_signed-by_RSA-SHA3-512,16.773,2493.91,789.81,1,4,0.363636,129.636,10,1132.18,1126.29,2116,2113
1,8,68,RSA-SHA384_signed-by_RSA-SHA3-512,RSA-SHA384_signed-by_RSA-SHA3-512,18.061,2316.06,1038.22,1,3,0.25,150.667,16,1156.8,1119.41,2116,2113
1,3,74,RSA-SHA384_signed-by_RSA-SHA3-512,RSA-SHA384_signed-by_RSA-SHA3-512,15.238,2745.17,852.582,1,0,0,149.6,24,1129.93,1104.24,2116,2113
1,7,67,RSA-SHA384_signed-by_RSA-SHA3-512,RSA-SHA384_signed-by_RSA-SHA3-512,18.394,2274.12,706.286,1,0,0,138.8,17,1133.04,1131.43,2116,2113
1,1,68,RSA-SHA384_signed-by_RSA-SHA3-512,RSA-SHA384_signed-by_RSA-SHA3-512,16.567,2524.94,799.638,1,0,0,139.455,24,1139.75,1106.39,2116,2113
1,4,6,RSA-SHA384_signed-by_RSA-SHA3-512,RSA-SHA384_signed-by_RSA-SHA3-512,14.213,2943.17,1802.26,0.826087,24,1.04348,419.043,24,1133.99,1108.13,2116,2113
1,6,75,RSA-SHA384_signed-by_RSA-SHA3-512,RSA-SHA384_signed-by_RSA-SHA3-512,16.041,2607.75,956.526,1,3,0.214286,193.143,10,1114.55,1116.82,2116,2113
1,5,68,RSA-SHA384_signed-by_RSA-SHA3-512,RSA-SHA384_signed-by_RSA-SHA3-512,23.033,1816.17,987.797,1,14,0.736842,117.579,15,1099.6,1121.78,2116,2113
1,2,68,RSA-SHA384_signed-by_RSA-SHA3-512,RSA-SHA384_signed-by_RSA-SHA3-512,24.694,1694,734.099,1,9,0.5625,122.75,24,1156.5,1110.9,2116,2113
1,3,75,RSA-SHA384_signed-by_RSA-SHA3-512,RSA-SHA384_signed-by_RSA-SHA3-512,16.413,2548.63,798.365,1,0,0,139.091,24,1142.42,1112.38,2116,2113
1,8,69,RSA-SHA384_signed-by_RSA-SHA3-512,RSA-SHA384_signed-by_RSA-SHA3-512,19.935,2098.33,1141.26,1,14,0.736842,117.579,16,1135.34,1110.81,2116,2113
1,7,68,RSA-SHA384_signed-by_RSA-SHA3-512,RSA-SHA384_signed-by_RSA-SHA3-512,16.578,2523.28,829.029,1,1,0.0909091,131.091,17,1134.28,1089.1,2116,2113
1,1,69,RSA-SHA384_signed-by_RSA-SHA3-512,RSA-SHA384_signed-by_RSA-SHA3-512,16.658,2511.14,921.089,0.857143,7,0.5,127.143,24,1119.24,1108.71,2116,2113
1,6,76,RSA-SHA384_signed-by_RSA-SHA3-512,RSA-SHA384_signed-by_RSA-SHA3-512,14.356,2913.8,904.956,0.3,0,0,138.8,10,1135.99,1117.21,2116,2113
1,4,7,RSA-SHA384_signed-by_RSA-SHA3-512,RSA-SHA384_signed-by_RSA-SHA3-512,19.45,2150.64,872.759,1,12,1.09091,192.909,24,1117.54,1127.95,2116,2113
1,5,69,RSA-SHA384_signed-by_RSA-SHA3-512,RSA-SHA384_signed-by_RSA-SHA3-512,13.981,2991.96,929.231,1,0,0,138.8,15,1133.4,1100.43,2116,2113
1,2,69,RSA-SHA384_signed-by_RSA-SHA3-512,RSA-SHA384_signed-by_RSA-SHA3-512,14.411,2902.67,937.027,1,0,0,122,24,1104.5,1109.11,2116,2113
1,3,76,RSA-SHA384_signed-by_RSA-SHA3-512,RSA-SHA384_signed-by_RSA-SHA3-512,16.382,2553.45,808.664,1,0,0,139.455,24,1136.02,1101.51,2116,2113
1,8,70,RSA-SHA384_signed-by_RSA-SHA3-512,RSA-SHA384_signed-by_RSA-SHA3-512,15.487,2701.02,885.361,1,2,0.181818,131.091,17,1107.68,1114.22,2116,2113
1,7,69,RSA-SHA384_signed-by_RSA-SHA3-512,RSA-SHA384_signed-by_RSA-SHA3-512,17.042,2454.54,1056.17,1,7,0.466667,126,17,1122.94,1100.51,2116,2113
1,1,70,RSA-SHA384_signed-by_RSA-SHA3-512,RSA-SHA384_signed-by_RSA-SHA3-512,15.884,2633.5,817.902,1,4,0.4,149.6,24,1105.3,1109.29,2116,2113
1,6,77,RSA-SHA384_signed-by_RSA-SHA3-512,RSA-SHA384_signed-by_RSA-SHA3-512,14.866,2813.87,728.624,1,0,0,164.857,10,1133.83,1097.72,2116,2113
1,5,70,RSA-SHA384_signed-by_RSA-SHA3-512,RSA-SHA384_signed-by_RSA-SHA3-512,13.868,3016.38,936.813,0.8,0,0,138.8,15,1124.5,1119.36,2116,2113
1,2,70,RSA-SHA384_signed-by_RSA-SHA3-512,RSA-SHA384_signed-by_RSA-SHA3-512,12.396,3374.6,1048.07,0.8,0,0,138.8,24,1136.1,1152.1,2116,2113
1,8,71,RSA-SHA384_signed-by_RSA-SHA3-512,RSA-SHA384_signed-by_RSA-SHA3-512,12.467,3355.34,1099.84,1,0,0,162.364,17,1151.49,1099.26,2116,2113
1,7,70,RSA-SHA384_signed-by_RSA-SHA3-512,RSA-SHA384_signed-by_RSA-SHA3-512,14.012,2985.34,1262.87,1,14,0.777778,108,17,1136.03,1108.96,2116,2113
1,3,77,RSA-SHA384_signed-by_RSA-SHA3-512,RSA-SHA384_signed-by_RSA-SHA3-512,20.646,2026.15,871.836,1,7,0.466667,130,24,1151.03,1113.15,2116,2113
1,4,8,RSA-SHA384_signed-by_RSA-SHA3-512,RSA-SHA384_signed-by_RSA-SHA3-512,27.67,1511.78,1019.42,1,25,1.04167,232.167,24,1123.75,1096.61,2116,2113
1,1,71,RSA-SHA384_signed-by_RSA-SHA3-512,RSA-SHA384_signed-by_RSA-SHA3-512,16.549,2527.66,942.617,0.866667,3,0.2,197.733,24,1139.39,1088.77,2116,2113
1,5,71,RSA-SHA384_signed-by_RSA-SHA3-512,RSA-SHA384_signed-by_RSA-SHA3-512,15.234,2745.87,860.153,1,0,0,129.273,15,1131.91,1122.49,2116,2113
1,2,71,RSA-SHA384_signed-by_RSA-SHA3-512,RSA-SHA384_signed-by_RSA-SHA3-512,15.244,2744.07,852.242,1,0,0,138.8,24,1132.83,1102.64,2116,2113
1,6,78,RSA-SHA384_signed-by_RSA-SHA3-512,RSA-SHA384_signed-by_RSA-SHA3-512,18.079,2313.75,1111.52,0.722222,8,0.444444,172,10,1124.69,1104.99,2116,2113
1,8,72,RSA-SHA384_signed-by_RSA-SHA3-512,RSA-SHA384_signed-by_RSA-SHA3-512,16.533,2530.12,829.341,1,2,0.181818,131.091,17,1136.41,1109.99,2116,2113
1,7,71,RSA-SHA384_signed-by_RSA-SHA3-512,RSA-SHA384_signed-by_RSA-SHA3-512,16.253,2573.69,811.139,1,5,0.454545,129.636,17,1128.46,1110.97,2116,2113
1,1,72,RSA-SHA384_signed-by_RSA-SHA3-512,RSA-SHA384_signed-by_RSA-SHA3-512,12.011,3482.71,1298.77,1,7,0.466667,121.2,24,1138.64,1102.91,2116,2113
1,2,72,RSA-SHA384_signed-by_RSA-SHA3-512,RSA-SHA384_signed-by_RSA-SHA3-512,12.359,3384.6,1071.89,1,0,0,129.636,24,1120.01,1123,2116,2113
1,5,72,RSA-SHA384_signed-by_RSA-SHA3-512,RSA-SHA384_signed-by_RSA-SHA3-512,15.356,2724.01,1172.12,1,7,0.466667,121.2,15,1136.06,1100.93,2116,2113
1,6,79,RSA-SHA384_signed-by_RSA-SHA3-512,RSA-SHA384_signed-by_RSA-SHA3-512,14.603,2864.5,907.173,1,0,0,129.636,10,1592.06,1586.18,2116,2113
1,3,78,RSA-SHA384_signed-by_RSA-SHA3-512,RSA-SHA384_signed-by_RSA-SHA3-512,25.226,1658.26,1361.75,1,35,1.16667,113.2,24,1134.37,1127.17,2116,2113
1,1,73,RSA-SHA384_signed-by_RSA-SHA3-512,RSA-SHA384_signed-by_RSA-SHA3-512,14.913,2804.99,1206.97,1,7,0.466667,126.8,24,1140.36,1116.28,2116,2113
1,5,73,RSA-SHA384_signed-by_RSA-SHA3-512,RSA-SHA384_signed-by_RSA-SHA3-512,11.756,3558.35,1105.14,1,0,0,234.8,15,1170.85,1100.86,2116,2113
1,2,73,RSA-SHA384_signed-by_RSA-SHA3-512,RSA-SHA384_signed-by_RSA-SHA3-512,13.942,3000.39,1272.68,1,7,0.5,538.571,24,1129.58,1099.12,2116,2113
1,6,80,RSA-SHA384_signed-by_RSA-SHA3-512,RSA-SHA384_signed-by_RSA-SHA3-512,15.99,2616.05,1235.73,1,7,0.5,124.857,10,1155.9,1115.81,2116,2113
1,8,73,RSA-SHA384_signed-by_RSA-SHA3-512,RSA-SHA384_signed-by_RSA-SHA3-512,28.121,1487.53,839.206,1,22,1.04762,150.571,17,1149.48,1105.16,2116,2113
1,3,79,RSA-SHA384_signed-by_RSA-SHA3-512,RSA-SHA384_signed-by_RSA-SHA3-512,17.078,2449.36,1050.19,1,8,0.533333,193.2,24,1626.35,1589,2116,2113
1,5,74,RSA-SHA384_signed-by_RSA-SHA3-512,RSA-SHA384_signed-by_RSA-SHA3-512,14.794,2827.54,895.469,1,0,0,129.636,15,1134.92,1116.83,2116,2113
1,4,9,RSA-SHA384_signed-by_RSA-SHA3-512,RSA-SHA384_signed-by_RSA-SHA3-512,44.661,936.645,516.597,1,21,1,118.571,24,1188.07,1110.5,2116,2113
1,1,74,RSA-SHA384_signed-by_RSA-SHA3-512,RSA-SHA384_signed-by_RSA-SHA3-512,17.941,2331.54,1055.86,1,11,0.846154,213.692,24,1108.81,1090.2,2116,2113
1,2,74,RSA-SHA384_signed-by_RSA-SHA3-512,RSA-SHA384_signed-by_RSA-SHA3-512,16.936,2469.91,1118.52,1,11,0.846154,165.385,24,1130.81,1115.21,2116,2113
1,7,72,RSA-SHA384_signed-by_RSA-SHA3-512,RSA-SHA384_signed-by_RSA-SHA3-512,35.006,1194.98,681.019,1,22,1,236.182,17,1130.77,1090.83,2116,2113
1,6,81,RSA-SHA384_signed-by_RSA-SHA3-512,RSA-SHA384_signed-by_RSA-SHA3-512,13.869,3016.14,1106.32,1,3,0.214286,192.286,10,1128.46,1097.74,2116,2113
1,8,74,RSA-SHA384_signed-by_RSA-SHA3-512,RSA-SHA384_signed-by_RSA-SHA3-512,14.489,2887.06,1592.33,0.888889,5,0.277778,194.667,17,1122.12,1117.65,2116,2113
1,3,80,RSA-SHA384_signed-by_RSA-SHA3-512,RSA-SHA384_signed-by_RSA-SHA3-512,11.88,3521.16,1093.59,1,0,0,149.6,24,1131.43,1137.51,2116,2113
1,6,82,RSA-SHA384_signed-by_RSA-SHA3-512,RSA-SHA384_signed-by_RSA-SHA3-512,9.249,4522.39,1482.38,1,1,0.0909091,131.091,10,1136.76,1110.14,2116,2113
1,2,75,RSA-SHA384_signed-by_RSA-SHA3-512,RSA-SHA384_signed-by_RSA-SHA3-512,12.043,3473.49,1594.26,1,15,1.07143,156.286,24,1148.94,1101.5,2116,2113
1,8,75,RSA-SHA384_signed-by_RSA-SHA3-512,RSA-SHA384_signed-by_RSA-SHA3-512,12.91,3240.16,1026.14,1,0,0,130.727,17,1138.13,1104.64,2116,2113
1,7,73,RSA-SHA384_signed-by_RSA-SHA3-512,RSA-SHA384_signed-by_RSA-SHA3-512,20.028,2088.66,1123.22,1,14,0.777778,122,17,1140.34,1110.84,2116,2113
1,3,81,RSA-SHA384_signed-by_RSA-SHA3-512,RSA-SHA384_signed-by_RSA-SHA3-512,15.286,2736.48,866.632,1,0,0,151.818,24,1131.29,1099.02,2116,2113
1,5,75,RSA-SHA384_signed-by_RSA-SHA3-512,RSA-SHA384_signed-by_RSA-SHA3-512,25.397,1647.08,798.813,1,15,0.789474,164.316,15,1126.67,1099.67,2116,2113
1,6,83,RSA-SHA384_signed-by_RSA-SHA3-512,RSA-SHA384_signed-by_RSA-SHA3-512,13.657,3062.93,988.759,1,0,0,122,10,1102.34,1117.33,2116,2113
1,2,76,RSA-SHA384_signed-by_RSA-SHA3-512,RSA-SHA384_signed-by_RSA-SHA3-512,14.36,2912.98,1068.48,0.857143,3,0.214286,192.286,24,1138.08,1100.84,2116,2113
1,1,75,RSA-SHA384_signed-by_RSA-SHA3-512,RSA-SHA384_signed-by_RSA-SHA3-512,28.205,1483.09,889.458,1,23,1.35294,209.529,24,1165.07,1114.58,2116,2113
1,8,76,RSA-SHA384_signed-by_RSA-SHA3-512,RSA-SHA384_signed-by_RSA-SHA3-512,17.662,2368.39,1019.1,1,7,0.466667,121.2,17,1145.7,1135.85,2116,2113
1,5,76,RSA-SHA384_signed-by_RSA-SHA3-512,RSA-SHA384_signed-by_RSA-SHA3-512,12.678,3299.56,1024.76,1,0,0,138.8,15,1124.02,1104.56,2116,2113
1,3,82,RSA-SHA384_signed-by_RSA-SHA3-512,RSA-SHA384_signed-by_RSA-SHA3-512,14.412,2902.54,901.458,1,0,0,163.2,24,1124.87,1088.98,2116,2113
1,6,84,RSA-SHA384_signed-by_RSA-SHA3-512,RSA-SHA384_signed-by_RSA-SHA3-512,16.051,2606.12,1150.3,1,8,0.533333,145.467,10,1128.45,1103.87,2116,2113
1,7,74,RSA-SHA384_signed-by_RSA-SHA3-512,RSA-SHA384_signed-by_RSA-SHA3-512,21.6,1936.66,839.258,1,9,0.5625,117.5,17,1134.57,1094.98,2116,2113
1,1,76,RSA-SHA384_signed-by_RSA-SHA3-512,RSA-SHA384_signed-by_RSA-SHA3-512,15.431,2710.83,1149.86,1,7,0.5,136.571,24,1126.62,1098.72,2116,2113
1,2,77,RSA-SHA384_signed-by_RSA-SHA3-512,RSA-SHA384_signed-by_RSA-SHA3-512,18.515,2259.27,1050.78,1,11,0.733333,148.4,24,1130.75,1117.92,2116,2113
1,8,77,RSA-SHA384_signed-by_RSA-SHA3-512,RSA-SHA384_signed-by_RSA-SHA3-512,11.319,3695.69,1147.79,1,0,0,138.8,17,1129.46,1113.06,2116,2113
1,5,77,RSA-SHA384_signed-by_RSA-SHA3-512,RSA-SHA384_signed-by_RSA-SHA3-512,12.34,3389.87,1360.1,1,11,1.1,191.6,15,1157.74,1132.97,2116,2113
1,3,83,RSA-SHA384_signed-by_RSA-SHA3-512,RSA-SHA384_signed-by_RSA-SHA3-512,16.896,2475.74,1050.14,1,7,0.5,148,24,1134.18,1125.77,2116,2113
1,1,77,RSA-SHA384_signed-by_RSA-SHA3-512,RSA-SHA384_signed-by_RSA-SHA3-512,16.212,2580.23,801.357,1,0,0,149.6,24,1140.14,1110.94,2116,2113
1,6,85,RSA-SHA384_signed-by_RSA-SHA3-512,RSA-SHA384_signed-by_RSA-SHA3-512,19.059,2194.79,1309.57,1,10,0.625,144,10,1131.64,1140.76,2116,2113
1,2,78,RSA-SHA384_signed-by_RSA-SHA3-512,RSA-SHA384_signed-by_RSA-SHA3-512,15.552,2689.75,1010.26,1,7,0.4375,108.25,24,1126.11,1089.14,2116,2113
1,8,78,RSA-SHA384_signed-by_RSA-SHA3-512,RSA-SHA384_signed-by_RSA-SHA3-512,17.978,2326.76,722.633,1,0,0,138.8,17,1126.86,1114.91,2116,2113
1,7,75,RSA-SHA384_signed-by_RSA-SHA3-512,RSA-SHA384_signed-by_RSA-SHA3-512,22.746,1839.09,855.356,1,11,0.733333,148.4,17,1133.31,1127.56,2116,2113
1,5,78,RSA-SHA384_signed-by_RSA-SHA3-512,RSA-SHA384_signed-by_RSA-SHA3-512,18.096,2311.59,2640.94,1,69,1.81579,429.579,15,1133.27,1098.69,2116,2113
1,3,84,RSA-SHA384_signed-by_RSA-SHA3-512,RSA-SHA384_signed-by_RSA-SHA3-512,18.028,2320.33,984.221,1,7,0.5,148,24,1145.52,1112.39,2116,2113
1,1,78,RSA-SHA384_signed-by_RSA-SHA3-512,RSA-SHA384_signed-by_RSA-SHA3-512,12.933,3234.48,1004.55,1,0,0,149.6,24,1149.94,1110.99,2116,2113
1,6,86,RSA-SHA384_signed-by_RSA-SHA3-512,RSA-SHA384_signed-by_RSA-SHA3-512,15.204,2751.32,888.166,1,0,0,122,10,1142.13,1121.48,2116,2113
1,2,79,RSA-SHA384_signed-by_RSA-SHA3-512,RSA-SHA384_signed-by_RSA-SHA3-512,15.983,2617.21,812.843,1,0,0,138.8,24,1608.69,1595.03,2116,2113
1,7,76,RSA-SHA384_signed-by_RSA-SHA3-512,RSA-SHA384_signed-by_RSA-SHA3-512,11.841,3532.52,1097.11,1,0,0,138.8,17,1135.31,1130.62,2116,2113
1,8,79,RSA-SHA384_signed-by_RSA-SHA3-512,RSA-SHA384_signed-by_RSA-SHA3-512,14.52,2880.96,1714.58,1,22,1.375,186.5,17,1614.2,1555.58,2116,2113
1,1,79,RSA-SHA384_signed-by_RSA-SHA3-512,RSA-SHA384_signed-by_RSA-SHA3-512,11.682,3580.63,1313.38,0.928571,7,0.5,127.143,24,1607.24,1614.71,2116,2113
1,7,77,RSA-SHA384_signed-by_RSA-SHA3-512,RSA-SHA384_signed-by_RSA-SHA3-512,8.805,4750.43,1517.16,0.833333,0,0,121.667,17,1146.34,1115.58,2116,2113
1,2,80,RSA-SHA384_signed-by_RSA-SHA3-512,RSA-SHA384_signed-by_RSA-SHA3-512,10.778,3881.19,1205.4,1,4,0.4,155.6,24,1139.42,1105.65,2116,2113
1,8,80,RSA-SHA384_signed-by_RSA-SHA3-512,RSA-SHA384_signed-by_RSA-SHA3-512,9.602,4356.57,1353.04,0.7,0,0,138.8,17,1136.74,1121.76,2116,2113
1,3,85,RSA-SHA384_signed-by_RSA-SHA3-512,RSA-SHA384_signed-by_RSA-SHA3-512,17.574,2380.25,1427.51,1,23,1.35294,201.529,24,1143.07,1133.91,2116,2113
1,6,87,RSA-SHA384_signed-by_RSA-SHA3-512,RSA-SHA384_signed-by_RSA-SHA3-512,18.625,2245.95,962.977,1,8,0.533333,122,10,1102.45,1099.92,2116,2113
1,5,79,RSA-SHA384_signed-by_RSA-SHA3-512,RSA-SHA384_signed-by_RSA-SHA3-512,29.94,1397.17,611.882,1,10,0.588235,112.824,15,1609.15,1696.37,2116,2113
1,1,80,RSA-SHA384_signed-by_RSA-SHA3-512,RSA-SHA384_signed-by_RSA-SHA3-512,12.622,3314.19,1029.31,1,0,0,233.6,24,1137.55,1120.01,2116,2113
1,2,81,RSA-SHA384_signed-by_RSA-SHA3-512,RSA-SHA384_signed-by_RSA-SHA3-512,14.229,2939.89,1104.22,1,3,0.1875,185.25,24,1138.59,1115.62,2116,2113
1,3,86,RSA-SHA384_signed-by_RSA-SHA3-512,RSA-SHA384_signed-by_RSA-SHA3-512,13.511,3096.12,961.578,1,4,0.4,163.2,24,1108.5,1108.8,2116,2113
1,6,88,RSA-SHA384_signed-by_RSA-SHA3-512,RSA-SHA384_signed-by_RSA-SHA3-512,10.581,3953.46,1238.43,1,0,0,129.273,10,1128.33,1109.73,2116,2113
1,1,81,RSA-SHA384_signed-by_RSA-SHA3-512,RSA-SHA384_signed-by_RSA-SHA3-512,11.231,3724.58,1642.55,1,8,0.470588,116.353,24,1126.7,1117.27,2116,2113
1,5,80,RSA-SHA384_signed-by_RSA-SHA3-512,RSA-SHA384_signed-by_RSA-SHA3-512,13.105,3191.94,1474.8,1,13,0.866667,159.067,15,1142.77,1088,2116,2113
1,2,82,RSA-SHA384_signed-by_RSA-SHA3-512,RSA-SHA384_signed-by_RSA-SHA3-512,11.657,3588.46,1544.09,0.866667,7,0.466667,118,24,1113.92,1111,2116,2113
1,6,89,RSA-SHA384_signed-by_RSA-SHA3-512,RSA-SHA384_signed-by_RSA-SHA3-512,9.971,4195.31,1302.96,1,0,0,138.8,10,1121.06,1105.46,2116,2113
1,3,87,RSA-SHA384_signed-by_RSA-SHA3-512,RSA-SHA384_signed-by_RSA-SHA3-512,13.75,3042.21,1475.43,0.684211,11,0.578947,198.211,24,1131.04,1107.99,2116,2113
1,2,83,RSA-SHA384_signed-by_RSA-SHA3-512,RSA-SHA384_signed-by_RSA-SHA3-512,10.038,4167.01,1345.17,1,0,0,122,24,1122.08,1113.73,2116,2113
1,6,90,RSA-SHA384_signed-by_RSA-SHA3-512,RSA-SHA384_signed-by_RSA-SHA3-512,10.103,4140.23,1285.86,1,0,0,714.8,10,1113.84,1089.68,2116,2113
1,1,82,RSA-SHA384_signed-by_RSA-SHA3-512,RSA-SHA384_signed-by_RSA-SHA3-512,19.07,2193.52,1255.96,1,18,1,154.667,24,1134.39,1113.3,2116,2113
1,8,81,RSA-SHA384_signed-by_RSA-SHA3-512,RSA-SHA384_signed-by_RSA-SHA3-512,38.997,1072.68,715.122,1,23,0.92,130,17,1145.17,1178.85,2116,2113
1,2,84,RSA-SHA384_signed-by_RSA-SHA3-512,RSA-SHA384_signed-by_RSA-SHA3-512,7.49,5584.57,1734.43,0,0,0,138.8,24,1135.54,1106.58,2116,2113
1,5,81,RSA-SHA384_signed-by_RSA-SHA3-512,RSA-SHA384_signed-by_RSA-SHA3-512,23.614,1771.48,676.203,1,9,0.692308,243.538,15,1144.65,1119.13,2116,2113
1,6,91,RSA-SHA384_signed-by_RSA-SHA3-512,RSA-SHA384_signed-by_RSA-SHA3-512,8.767,4771.09,1481.78,0.5,0,0,138.8,10,1125.64,1120.15,2116,2113
1,1,83,RSA-SHA384_signed-by_RSA-SHA3-512,RSA-SHA384_signed-by_RSA-SHA3-512,10.463,3997.77,1266.08,0.454545,0,0,139.455,24,1132.15,1103.57,2116,2113
1,8,82,RSA-SHA384_signed-by_RSA-SHA3-512,RSA-SHA384_signed-by_RSA-SHA3-512,10.884,3843.14,1193.58,0.5,0,0,138.8,17,1120.27,1105.41,2116,2113
1,5,82,RSA-SHA384_signed-by_RSA-SHA3-512,RSA-SHA384_signed-by_RSA-SHA3-512,9.32,4488.05,1625.62,0,0,0,204.154,15,1163.73,1111.73,2116,2113
1,7,78,RSA-SHA384_signed-by_RSA-SHA3-512,RSA-SHA384_signed-by_RSA-SHA3-512,57.596,726.297,321.41,1,11,0.611111,108.667,17,1102.56,1100.55,2116,2113
1,6,92,RSA-SHA384_signed-by_RSA-SHA3-512,RSA-SHA384_signed-by_RSA-SHA3-512,11.611,3602.76,1118.93,0,0,0,138.8,10,1131.41,1098.83,2116,2113
1,3,88,RSA-SHA384_signed-by_RSA-SHA3-512,RSA-SHA384_signed-by_RSA-SHA3-512,29.987,1394.97,572.502,1,13,1.08333,189.333,24,1126.58,1099.37,2116,2113
1,2,85,RSA-SHA384_signed-by_RSA-SHA3-512,RSA-SHA384_signed-by_RSA-SHA3-512,16.244,2575.14,1166.18,1,15,1.15385,165.385,24,1132.52,1123.78,2116,2113
1,8,83,RSA-SHA384_signed-by_RSA-SHA3-512,RSA-SHA384_signed-by_RSA-SHA3-512,9.401,4449.7,1381.97,1,0,0,138.8,17,1125.59,1088.22,2116,2113
1,1,84,RSA-SHA384_signed-by_RSA-SHA3-512,RSA-SHA384_signed-by_RSA-SHA3-512,14.812,2824.09,907.339,1,7,0.583333,131,24,1150.58,1137.76,2116,2113
1,5,83,RSA-SHA384_signed-by_RSA-SHA3-512,RSA-SHA384_signed-by_RSA-SHA3-512,14.237,2938.16,912.52,1,0,0,138.8,15,1132.74,1113.85,2116,2113
1,6,93,RSA-SHA384_signed-by_RSA-SHA3-512,RSA-SHA384_signed-by_RSA-SHA3-512,11.979,3492.07,1084.55,1,0,0,138.8,10,1135.35,1108.9,2116,2113
1,2,86,RSA-SHA384_signed-by_RSA-SHA3-512,RSA-SHA384_signed-by_RSA-SHA3-512,10.742,3894.24,1428.41,0.571429,3,0.214286,192.286,24,1130.74,1096.8,2116,2113
1,7,79,RSA-SHA384_signed-by_RSA-SHA3-512,RSA-SHA384_signed-by_RSA-SHA3-512,15.528,2693.89,836.657,1,0,0,138.8,17,1639.12,1588.34,2116,2113
1,8,84,RSA-SHA384_signed-by_RSA-SHA3-512,RSA-SHA384_signed-by_RSA-SHA3-512,16.74,2498.86,806.67,1,0,0,122,17,1135.93,1111.79,2116,2113
1,3,89,RSA-SHA384_signed-by_RSA-SHA3-512,RSA-SHA384_signed-by_RSA-SHA3-512,18.798,2225.27,1237.54,1,17,0.894737,297.158,24,1141.01,1104.21,2116,2113
1,1,85,RSA-SHA384_signed-by_RSA-SHA3-512,RSA-SHA384_signed-by_RSA-SHA3-512,14.46,2892.91,1078.82,1,5,0.333333,121.2,24,1113.33,1095.79,2116,2113
1,5,84,RSA-SHA384_signed-by_RSA-SHA3-512,RSA-SHA384_signed-by_RSA-SHA3-512,14.708,2844.15,883.325,1,0,0,138.8,15,1139.94,1123.7,2116,2113
1,7,80,RSA-SHA384_signed-by_RSA-SHA3-512,RSA-SHA384_signed-by_RSA-SHA3-512,15.418,2713.15,859.241,1,0,0,216.909,17,1137.79,1109.36,2116,2113
1,2,87,RSA-SHA384_signed-by_RSA-SHA3-512,RSA-SHA384_signed-by_RSA-SHA3-512,18.477,2263.94,1039.1,1,11,0.785714,192.286,24,1103.99,1107.3,2116,2113
1,3,90,RSA-SHA384_signed-by_RSA-SHA3-512,RSA-SHA384_signed-by_RSA-SHA3-512,12.595,3321.27,1031.51,0.9,0,0,158.4,24,1101.86,1099.04,2116,2113
1,6,94,RSA-SHA384_signed-by_RSA-SHA3-512,RSA-SHA384_signed-by_RSA-SHA3-512,22.573,1853.11,856.208,1,13,0.866667,177.2,10,1130.77,1160.17,2116,2113
1,8,85,RSA-SHA384_signed-by_RSA-SHA3-512,RSA-SHA384_signed-by_RSA-SHA3-512,16.121,2594.79,1481.75,1,23,1.27778,143.333,17,1162.06,1133.31,2116,2113
1,1,86,RSA-SHA384_signed-by_RSA-SHA3-512,RSA-SHA384_signed-by_RSA-SHA3-512,14.798,2826.79,1036.87,0.785714,3,0.214286,209.143,24,1132.94,1100.85,2116,2113
1,5,85,RSA-SHA384_signed-by_RSA-SHA3-512,RSA-SHA384_signed-by_RSA-SHA3-512,14.493,2886.26,1224.27,0.785714,7,0.5,127.143,15,1129.24,1106.77,2116,2113
1,7,81,RSA-SHA384_signed-by_RSA-SHA3-512,RSA-SHA384_signed-by_RSA-SHA3-512,12.465,3355.89,1042.26,1,0,0,138.8,17,1125.13,1101.03,2116,2113
1,2,88,RSA-SHA384_signed-by_RSA-SHA3-512,RSA-SHA384_signed-by_RSA-SHA3-512,11.518,3631.83,1661.38,0.857143,16,1.14286,156.286,24,1122.99,1127.78,2116,2113
1,3,91,RSA-SHA384_signed-by_RSA-SHA3-512,RSA-SHA384_signed-by_RSA-SHA3-512,14.626,2860.03,923.259,1,0,0,131,24,1128.68,1108.48,2116,2113
1,6,95,RSA-SHA384_signed-by_RSA-SHA3-512,RSA-SHA384_signed-by_RSA-SHA3-512,14.337,2917.71,906.168,1,0,0,138.8,10,1594.7,1575.21,2116,2113
1,1,87,RSA-SHA384_signed-by_RSA-SHA3-512,RSA-SHA384_signed-by_RSA-SHA3-512,14.416,2901.71,918.957,1,0,0,166.727,24,1128.33,1115.3,2116,2113
1,8,86,RSA-SHA384_signed-by_RSA-SHA3-512,RSA-SHA384_signed-by_RSA-SHA3-512,16.216,2579.6,1239.23,0.888889,10,0.555556,171.333,17,1146.3,1103.49,2116,2113
1,5,86,RSA-SHA384_signed-by_RSA-SHA3-512,RSA-SHA384_signed-by_RSA-SHA3-512,13.579,3080.6,956.76,1,0,0,138.8,15,1139.27,1114.74,2116,2113
1,7,82,RSA-SHA384_signed-by_RSA-SHA3-512,RSA-SHA384_signed-by_RSA-SHA3-512,13.659,3062.55,969.895,1,0,0,129.636,17,1105.93,1100.62,2116,2113
1,2,89,RSA-SHA384_signed-by_RSA-SHA3-512,RSA-SHA384_signed-by_RSA-SHA3-512,15.597,2681.96,1520.24,1,24,1.14286,236.095,24,1145.72,1117.62,2116,2113
1,1,88,RSA-SHA384_signed-by_RSA-SHA3-512,RSA-SHA384_signed-by_RSA-SHA3-512,12.413,3369.9,1067.23,1,0,0,139.455,24,1143.64,1109.97,2116,2113
1,5,87,RSA-SHA384_signed-by_RSA-SHA3-512,RSA-SHA384_signed-by_RSA-SHA3-512,11.444,3655.26,1174.38,1,7,0.583333,122,15,1145.16,1116.19,2116,2113
1,6,96,RSA-SHA384_signed-by_RSA-SHA3-512,RSA-SHA384_signed-by_RSA-SHA3-512,20.212,2069.64,1125.66,1,14,0.736842,123.895,10,1137.89,1113.06,2116,2113
1,7,83,RSA-SHA384_signed-by_RSA-SHA3-512,RSA-SHA384_signed-by_RSA-SHA3-512,14.169,2952.23,1336.95,1,11,0.846154,165.385,18,1131.2,1098.8,2116,2113
1,3,92,RSA-SHA384_signed-by_RSA-SHA3-512,RSA-SHA384_signed-by_RSA-SHA3-512,22.825,1832.7,1410.36,1,33,1.22222,131.333,24,1126.06,1087.61,2116,2113
1,8,87,RSA-SHA384_signed-by_RSA-SHA3-512,RSA-SHA384_signed-by_RSA-SHA3-512,19.593,2135.03,1209.4,1,18,1.05882,149.529,17,1130.98,1143.83,2116,2113
1,2,90,RSA-SHA384_signed-by_RSA-SHA3-512,RSA-SHA384_signed-by_RSA-SHA3-512,15.384,2719.08,997.362,1,3,0.214286,192.286,24,1129.02,1112.14,2116,2113
1,8,88,RSA-SHA384_signed-by_RSA-SHA3-512,RSA-SHA384_signed-by_RSA-SHA3-512,6.646,6293.63,1993.16,0.818182,0,0,131.818,17,1125.12,1102.3,2116,2113
1,5,88,RSA-SHA384_signed-by_RSA-SHA3-512,RSA-SHA384_signed-by_RSA-SHA3-512,13.186,3172.37,1149.07,0.923077,0,0,204.154,15,1108.38,1103.53,2116,2113
1,1,89,RSA-SHA384_signed-by_RSA-SHA3-512,RSA-SHA384_signed-by_RSA-SHA3-512,16.689,2506.46,1491.7,1,22,1.375,193.25,24,1131.4,1090.66,2116,2113
1,7,84,RSA-SHA384_signed-by_RSA-SHA3-512,RSA-SHA384_signed-by_RSA-SHA3-512,10.751,3890.94,1007.52,1,0,0,164.857,18,1131.47,1105.87,2116,2113
1,6,97,RSA-SHA384_signed-by_RSA-SHA3-512,RSA-SHA384_signed-by_RSA-SHA3-512,11.995,3487.4,1563.3,1,2,0.166667,151.333,10,1140.05,1093.54,2116,2113
1,2,91,RSA-SHA384_signed-by_RSA-SHA3-512,RSA-SHA384_signed-by_RSA-SHA3-512,17.528,2386.46,1294.32,1,19,1,117.579,24,1132.88,1114.07,2116,2113
1,8,89,RSA-SHA384_signed-by_RSA-SHA3-512,RSA-SHA384_signed-by_RSA-SHA3-512,15.851,2638.99,1207.2,1,12,0.857143,156.286,17,1134.17,1127.38,2116,2113
1,6,98,RSA-SHA384_signed-by_RSA-SHA3-512,RSA-SHA384_signed-by_RSA-SHA3-512,13.583,3079.65,1394.65,1,9,0.692308,130.308,10,1136.51,1102.22,2116,2113
1,1,90,RSA-SHA384_signed-by_RSA-SHA3-512,RSA-SHA384_signed-by_RSA-SHA3-512,17.873,2340.42,1074.2,1,11,0.785714,169.143,24,1108.89,1108.49,2116,2113
1,7,85,RSA-SHA384_signed-by_RSA-SHA3-512,RSA-SHA384_signed-by_RSA-SHA3-512,18.524,2258.17,1280.02,1,24,1.14286,226.571,18,1135.16,1091.1,2116,2113
1,5,89,RSA-SHA384_signed-by_RSA-SHA3-512,RSA-SHA384_signed-by_RSA-SHA3-512,22.698,1842.98,812.757,1,8,0.470588,112.118,15,1135.1,1299.89,2116,2113
1,3,93,RSA-SHA384_signed-by_RSA-SHA3-512,RSA-SHA384_signed-by_RSA-SHA3-512,33.128,1262.73,1107.94,1,50,1.5625,330.5,24,1105.22,1106.08,2116,2113
1,2,92,RSA-SHA384_signed-by_RSA-SHA3-512,RSA-SHA384_signed-by_RSA-SHA3-512,15.87,2635.89,982.976,0.733333,3,0.2,182,24,1130.58,1113.35,2116,2113
1,8,90,RSA-SHA384_signed-by_RSA-SHA3-512,RSA-SHA384_signed-by_RSA-SHA3-512,14.036,2980.32,925.613,0.8,0,0,138.8,17,1128.82,1111.25,2116,2113
1,1,91,RSA-SHA384_signed-by_RSA-SHA3-512,RSA-SHA384_signed-by_RSA-SHA3-512,12.275,3407.63,1058.33,0.5,0,0,149.6,24,1140.03,1117,2116,2113
1,6,99,RSA-SHA384_signed-by_RSA-SHA3-512,RSA-SHA384_signed-by_RSA-SHA3-512,17.118,2443.68,969.248,0.866667,2,0.133333,186.533,10,1167.89,1140.46,2116,2113
1,7,86,RSA-SHA384_signed-by_RSA-SHA3-512,RSA-SHA384_signed-by_RSA-SHA3-512,13.393,3123.4,1306.94,0.941176,11,0.647059,172.118,18,1138.14,1119.68,2116,2113
1,5,90,RSA-SHA384_signed-by_RSA-SHA3-512,RSA-SHA384_signed-by_RSA-SHA3-512,12.848,3255.88,1194.26,1,11,0.785714,118.571,15,1138.55,1106.57,2116,2113
1,3,94,RSA-SHA384_signed-by_RSA-SHA3-512,RSA-SHA384_signed-by_RSA-SHA3-512,14.135,2959.39,1251.9,1,10,0.555556,178.444,24,1116.5,1101.23,2116,2113
1,2,93,RSA-SHA384_signed-by_RSA-SHA3-512,RSA-SHA384_signed-by_RSA-SHA3-512,17.301,2417.84,750.923,1,0,0,142.4,24,1113.48,1114.53,2116,2113
1,8,91,RSA-SHA384_signed-by_RSA-SHA3-512,RSA-SHA384_signed-by_RSA-SHA3-512,17.909,2335.75,725.426,1,0,0,138.8,17,1146.95,1089.25,2116,2113
1,7,87,RSA-SHA384_signed-by_RSA-SHA3-512,RSA-SHA384_signed-by_RSA-SHA3-512,14.403,2904.37,1065.32,0.642857,3,0.214286,206.571,18,1136.46,1121.22,2116,2113
1,5,91,RSA-SHA384_signed-by_RSA-SHA3-512,RSA-SHA384_signed-by_RSA-SHA3-512,15.467,2704.54,992.028,0.785714,3,0.214286,223.714,15,1147.47,1109.73,2116,2113
1,3,95,RSA-SHA384_signed-by_RSA-SHA3-512,RSA-SHA384_signed-by_RSA-SHA3-512,14.272,2931.04,910.311,1,4,0.4,149.6,24,1722.26,1583.46,2116,2113
1,1,92,RSA-SHA384_signed-by_RSA-SHA3-512,RSA-SHA384_signed-by_RSA-SHA3-512,22.103,1892.52,1241.41,1,30,1.42857,162.571,24,1135.76,1118.85,2116,2113
1,8,92,RSA-SHA384_signed-by_RSA-SHA3-512,RSA-SHA384_signed-by_RSA-SHA3-512,8.227,5084.18,1579.02,1,0,0,138.8,17,1134.57,1111.6,2116,2113
1,7,88,RSA-SHA384_signed-by_RSA-SHA3-512,RSA-SHA384_signed-by_RSA-SHA3-512,9.746,4292.2,1924.06,0.833333,2,0.166667,138,18,1141.87,1135.22,2116,2113
1,5,92,RSA-SHA384_signed-by_RSA-SHA3-512,RSA-SHA384_signed-by_RSA-SHA3-512,8.808,4748.8,1474.86,0.3,0,0,138.8,15,1182.76,1114.63,2116,2113
1,2,94,RSA-SHA384_signed-by_RSA-SHA3-512,RSA-SHA384_signed-by_RSA-SHA3-512,15.842,2640.46,1132.13,1,8,0.533333,121.2,24,1152.11,1114.67,2116,2113
1,3,96,RSA-SHA384_signed-by_RSA-SHA3-512,RSA-SHA384_signed-by_RSA-SHA3-512,11.663,3586.66,1337.54,0.333333,3,0.2,197.733,24,1155.92,1107.64,2116,2113
1,1,93,RSA-SHA384_signed-by_RSA-SHA3-512,RSA-SHA384_signed-by_RSA-SHA3-512,12.386,3377.29,1048.9,0.5,0,0,149.6,24,1135.31,1108.92,2116,2113
1,8,93,RSA-SHA384_signed-by_RSA-SHA3-512,RSA-SHA384_signed-by_RSA-SHA3-512,11.358,3683.01,1143.85,0.5,0,0,138.8,17,1135.06,1103.32,2116,2113
1,7,89,RSA-SHA384_signed-by_RSA-SHA3-512,RSA-SHA384_signed-by_RSA-SHA3-512,14.283,2928.78,1087.72,0.733333,14,0.933333,113.2,18,1133.93,1108.99,2116,2113
1,5,93,RSA-SHA384_signed-by_RSA-SHA3-512,RSA-SHA384_signed-by_RSA-SHA3-512,15.536,2692.56,1219.35,0.846154,11,0.846154,165.385,15,1131.36,1108.63,2116,2113
1,2,95,RSA-SHA384_signed-by_RSA-SHA3-512,RSA-SHA384_signed-by_RSA-SHA3-512,15.44,2709.3,1149.21,0.428571,7,0.5,127.143,24,1600.43,1589.34,2116,2113
1,3,97,RSA-SHA384_signed-by_RSA-SHA3-512,RSA-SHA384_signed-by_RSA-SHA3-512,12.729,3286.11,1040.69,0.545455,0,0,139.455,24,1128.06,1112.21,2116,2113
1,1,94,RSA-SHA384_signed-by_RSA-SHA3-512,RSA-SHA384_signed-by_RSA-SHA3-512,12.826,3261.25,1012.87,0.6,0,0,718.4,24,1144.36,1202.16,2116,2113
1,8,94,RSA-SHA384_signed-by_RSA-SHA3-512,RSA-SHA384_signed-by_RSA-SHA3-512,13.429,3115.03,967.452,1,0,0,138.8,17,1118.18,1099.68,2116,2113
1,7,90,RSA-SHA384_signed-by_RSA-SHA3-512,RSA-SHA384_signed-by_RSA-SHA3-512,9.956,4201.67,1304.94,1,0,0,262,18,1143.39,1111.32,2116,2113
1,5,94,RSA-SHA384_signed-by_RSA-SHA3-512,RSA-SHA384_signed-by_RSA-SHA3-512,15.059,2777.81,1191.02,1,8,0.533333,121.2,15,1129.51,1108.28,2116,2113
1,8,95,RSA-SHA384_signed-by_RSA-SHA3-512,RSA-SHA384_signed-by_RSA-SHA3-512,13.832,3024.25,957.767,1,0,0,653.273,17,1607.74,1585.89,2116,2113
1,1,95,RSA-SHA384_signed-by_RSA-SHA3-512,RSA-SHA384_signed-by_RSA-SHA3-512,16.402,2550.35,1298.34,1,18,1.05882,153.765,24,1633.76,1602.3,2116,2113
1,7,91,RSA-SHA384_signed-by_RSA-SHA3-512,RSA-SHA384_signed-by_RSA-SHA3-512,14.354,2914.24,1638.53,1,17,0.85,236,18,1107.31,1101.67,2116,2113
1,2,96,RSA-SHA384_signed-by_RSA-SHA3-512,RSA-SHA384_signed-by_RSA-SHA3-512,21.439,1951.21,1070.2,1,15,0.75,114.8,24,1139.12,1117.23,2116,2113
1,3,98,RSA-SHA384_signed-by_RSA-SHA3-512,RSA-SHA384_signed-by_RSA-SHA3-512,21.719,1926.05,1158.06,1,22,1.29412,184.118,24,1142.25,1109.68,2116,2113
1,5,95,RSA-SHA384_signed-by_RSA-SHA3-512,RSA-SHA384_signed-by_RSA-SHA3-512,13.017,3213.57,998.056,1,0,0,138.8,15,1613.51,1598.74,2116,2113
1,8,96,RSA-SHA384_signed-by_RSA-SHA3-512,RSA-SHA384_signed-by_RSA-SHA3-512,11.757,3557.97,1126.79,1,4,0.363636,129.636,17,1138.31,1117.49,2116,2113
1,1,96,RSA-SHA384_signed-by_RSA-SHA3-512,RSA-SHA384_signed-by_RSA-SHA3-512,11.536,3626.14,1330.07,0.857143,7,0.5,127.143,24,1130.21,1105.82,2116,2113
1,2,97,RSA-SHA384_signed-by_RSA-SHA3-512,RSA-SHA384_signed-by_RSA-SHA3-512,9.113,4589.9,1453.6,0.636364,0,0,130.727,24,1143.83,1095.25,2116,2113
1,7,92,RSA-SHA384_signed-by_RSA-SHA3-512,RSA-SHA384_signed-by_RSA-SHA3-512,12.413,3369.95,1908.93,0.705882,18,1.05882,149.529,18,1128.9,1093.46,2116,2113
1,3,99,RSA-SHA384_signed-by_RSA-SHA3-512,RSA-SHA384_signed-by_RSA-SHA3-512,10.185,4107.2,1275.6,0.7,0,0,149.6,24,1110.42,1108.9,2116,2113
1,5,96,RSA-SHA384_signed-by_RSA-SHA3-512,RSA-SHA384_signed-by_RSA-SHA3-512,12.247,3415.57,1060.79,0.3,0,0,138.8,15,1181.5,1114.88,2116,2113
1,1,97,RSA-SHA384_signed-by_RSA-SHA3-512,RSA-SHA384_signed-by_RSA-SHA3-512,11.457,3651.18,1133.97,0.3,0,0,149.6,24,1129.46,1115.52,2116,2113
1,2,98,RSA-SHA384_signed-by_RSA-SHA3-512,RSA-SHA384_signed-by_RSA-SHA3-512,11.512,3633.73,1145.23,0.272727,7,0.636364,129.636,24,1130.05,1095.29,2116,2113
1,8,97,RSA-SHA384_signed-by_RSA-SHA3-512,RSA-SHA384_signed-by_RSA-SHA3-512,14.172,2951.67,1082.67,0.214286,3,0.214286,192.286,17,1225.97,1096.83,2116,2113
1,7,93,RSA-SHA384_signed-by_RSA-SHA3-512,RSA-SHA384_signed-by_RSA-SHA3-512,11.927,3507.31,1110.75,1,0,0,129.636,18,1134.63,1102.95,2116,2113
1,5,97,RSA-SHA384_signed-by_RSA-SHA3-512,RSA-SHA384_signed-by_RSA-SHA3-512,8.551,4891.7,1519.24,1,4,0.4,138.8,15,1147,1106.96,2116,2113
1,1,98,RSA-SHA384_signed-by_RSA-SHA3-512,RSA-SHA384_signed-by_RSA-SHA3-512,7.792,5368.07,1667.19,1,0,0,149.6,24,1132.26,1208.58,2116,2113
1,7,94,RSA-SHA384_signed-by_RSA-SHA3-512,RSA-SHA384_signed-by_RSA-SHA3-512,10.805,3871.46,1677.71,1,13,0.8125,116,18,1154.52,1117.79,2116,2113
1,2,99,RSA-SHA384_signed-by_RSA-SHA3-512,RSA-SHA384_signed-by_RSA-SHA3-512,14.455,2893.84,1658.05,1,22,1,227.091,24,1143.94,1122.85,2116,2113
1,5,98,RSA-SHA384_signed-by_RSA-SHA3-512,RSA-SHA384_signed-by_RSA-SHA3-512,10.163,4116.06,1760.09,1,11,0.578947,158,15,1132.38,1130.01,2116,2113
1,8,98,RSA-SHA384_signed-by_RSA-SHA3-512,RSA-SHA384_signed-by_RSA-SHA3-512,17.778,2353.02,2284.17,1,47,1.67857,164.857,17,1134.21,1102.38,2116,2113
1,1,99,RSA-SHA384_signed-by_RSA-SHA3-512,RSA-SHA384_signed-by_RSA-SHA3-512,13.725,3047.73,1652.97,1,15,0.789474,123.263,24,1130.04,1116.26,2116,2113
1,5,99,RSA-SHA384_signed-by_RSA-SHA3-512,RSA-SHA384_signed-by_RSA-SHA3-512,6.38,6555.95,2036.12,0.4,0,0,146,15,1105.03,1087.03,2116,2113
1,8,99,RSA-SHA384_signed-by_RSA-SHA3-512,RSA-SHA384_signed-by_RSA-SHA3-512,5.151,8120.48,2851.25,0.307692,2,0.153846,118,17,1121.34,1104.18,2116,2113
1,7,95,RSA-SHA384_signed-by_RSA-SHA3-512,RSA-SHA384_signed-by_RSA-SHA3-512,17.454,2396.6,1176.99,0.8,11,0.55,165.6,18,1606.68,1602.46,2116,2113
1,7,96,RSA-SHA384_signed-by_RSA-SHA3-512,RSA-SHA384_signed-by_RSA-SHA3-512,4.36,9594.18,3038.43,0,0,0,125.273,18,1128.75,1105.71,2116,2113
1,7,97,RSA-SHA384_signed-by_RSA-SHA3-512,RSA-SHA384_signed-by_RSA-SHA3-512,4.303,9721.26,3078.68,0,0,0,125.273,18,1137.15,1108.65,2116,2113
1,7,98,RSA-SHA384_signed-by_RSA-SHA3-512,RSA-SHA384_signed-by_RSA-SHA3-512,4.313,9698.73,3071.54,0,0,0,125.273,18,1144.58,1105.52,2116,2113
1,7,99,RSA-SHA384_signed-by_RSA-SHA3-512,RSA-SHA384_signed-by_RSA-SHA3-512,4.396,9515.61,3013.55,0,0,0,125.273,18,1110.96,1136.84,2116,2113
1,4,10,RSA-SHA384_signed-by_RSA-SHA3-512,RSA-SHA384_signed-by_RSA-SHA3-512,1012.45,41.3178,37.9438,1,36,1,134.778,24,1117.63,1118.74,2116,2113
1,4,11,RSA-SHA384_signed-by_RSA-SHA3-512,RSA-SHA384_signed-by_RSA-SHA3-512,4.105,10190,3016.67,0,0,0,82,24,1141.65,1116.01,2116,2113
1,4,12,RSA-SHA384_signed-by_RSA-SHA3-512,RSA-SHA384_signed-by_RSA-SHA3-512,4.266,9805.47,3105.35,0,0,0,132.909,24,1146.84,1120.61,2116,2113
1,4,13,RSA-SHA384_signed-by_RSA-SHA3-512,RSA-SHA384_signed-by_RSA-SHA3-512,4.326,9669.47,3062.28,0,0,0,135.091,24,1144.62,1107.8,2116,2113
1,4,14,RSA-SHA384_signed-by_RSA-SHA3-512,RSA-SHA384_signed-by_RSA-SHA3-512,4.351,9613.92,3044.68,0,0,0,135.091,24,1155.26,1107.06,2116,2113
1,4,15,RSA-SHA384_signed-by_RSA-SHA3-512,RSA-SHA384_signed-by_RSA-SHA3-512,4.796,8721.92,2762.19,0,0,0,135.091,24,1143.5,1579.5,2116,2113
1,4,16,RSA-SHA384_signed-by_RSA-SHA3-512,RSA-SHA384_signed-by_RSA-SHA3-512,4.846,8631.93,2733.69,0,0,0,135.091,24,1144.46,1122.96,2116,2113
1,4,17,RSA-SHA384_signed-by_RSA-SHA3-512,RSA-SHA384_signed-by_RSA-SHA3-512,4.345,9627.19,3048.89,0,0,0,132.909,24,1138.98,1110.72,2116,2113
1,4,18,RSA-SHA384_signed-by_RSA-SHA3-512,RSA-SHA384_signed-by_RSA-SHA3-512,4.327,9667.24,3061.57,0,0,0,135.091,24,1140.06,1106.39,2116,2113
1,4,19,RSA-SHA384_signed-by_RSA-SHA3-512,RSA-SHA384_signed-by_RSA-SHA3-512,4.459,9381.07,2970.94,0,0,0,135.091,24,1139.34,1107.94,2116,2113
1,4,20,RSA-SHA384_signed-by_RSA-SHA3-512,RSA-SHA384_signed-by_RSA-SHA3-512,4.486,9324.61,2953.06,0,0,0,135.091,24,1158.21,1110.05,2116,2113
1,4,21,RSA-SHA384_signed-by_RSA-SHA3-512,RSA-SHA384_signed-by_RSA-SHA3-512,4.709,8883.26,2813.29,0,0,0,135.091,24,1135.49,1107,2116,2113
1,4,22,RSA-SHA384_signed-by_RSA-SHA3-512,RSA-SHA384_signed-by_RSA-SHA3-512,4.413,9478.85,3001.91,0,0,0,125.273,24,1154.38,1109.49,2116,2113
1,4,23,RSA-SHA384_signed-by_RSA-SHA3-512,RSA-SHA384_signed-by_RSA-SHA3-512,4.479,9339.18,2957.68,0,0,0,125.273,24,1138.4,1153.1,2116,2113
1,4,24,RSA-SHA384_signed-by_RSA-SHA3-512,RSA-SHA384_signed-by_RSA-SHA3-512,4.19,9983.31,3161.67,0,0,0,125.273,24,1142.97,1108.79,2116,2113
1,4,25,RSA-SHA384_signed-by_RSA-SHA3-512,RSA-SHA384_signed-by_RSA-SHA3-512,4.412,9481,3002.59,0,0,0,125.273,24,1131.14,1105.93,2116,2113
1,4,26,RSA-SHA384_signed-by_RSA-SHA3-512,RSA-SHA384_signed-by_RSA-SHA3-512,4.418,9468.13,2998.51,0,0,0,125.273,24,1134.02,1106.82,2116,2113
1,4,27,RSA-SHA384_signed-by_RSA-SHA3-512,RSA-SHA384_signed-by_RSA-SHA3-512,4.435,9431.84,2987.02,0,0,0,125.273,24,1133.23,1106.64,2116,2113
1,4,28,RSA-SHA384_signed-by_RSA-SHA3-512,RSA-SHA384_signed-by_RSA-SHA3-512,4.307,9712.13,3075.79,0,0,0,125.273,24,1154.96,1106.47,2116,2113
1,4,29,RSA-SHA384_signed-by_RSA-SHA3-512,RSA-SHA384_signed-by_RSA-SHA3-512,4.254,9833.12,3114.1,0,0,0,125.273,24,1144.05,1105.78,2116,2113
1,4,30,RSA-SHA384_signed-by_RSA-SHA3-512,RSA-SHA384_signed-by_RSA-SHA3-512,4.239,9867.92,3125.12,0,0,0,125.273,24,1132.46,1108.52,2116,2113
1,4,31,RSA-SHA384_signed-by_RSA-SHA3-512,RSA-SHA384_signed-by_RSA-SHA3-512,4.791,8731.02,2765.07,0,0,0,125.273,24,1134.34,1583.7,2116,2113
1,4,32,RSA-SHA384_signed-by_RSA-SHA3-512,RSA-SHA384_signed-by_RSA-SHA3-512,4.754,8798.97,2786.59,0,0,0,125.273,24,1141.18,1104.56,2116,2113
1,4,33,RSA-SHA384_signed-by_RSA-SHA3-512,RSA-SHA384_signed-by_RSA-SHA3-512,4.306,9714.38,3076.5,0,0,0,125.273,24,1136.39,1108.38,2116,2113
1,4,34,RSA-SHA384_signed-by_RSA-SHA3-512,RSA-SHA384_signed-by_RSA-SHA3-512,4.427,9448.88,2992.42,0,0,0,125.273,24,1136.19,1109.21,2116,2113
1,4,35,RSA-SHA384_signed-by_RSA-SHA3-512,RSA-SHA384_signed-by_RSA-SHA3-512,4.329,9662.77,3060.16,0,0,0,125.273,24,1140.4,1140.25,2116,2113
1,4,36,RSA-SHA384_signed-by_RSA-SHA3-512,RSA-SHA384_signed-by_RSA-SHA3-512,4.402,9502.54,3009.41,0,0,0,125.273,24,1130.48,1267.77,2116,2113
1,4,37,RSA-SHA384_signed-by_RSA-SHA3-512,RSA-SHA384_signed-by_RSA-SHA3-512,4.351,9613.92,3044.68,0,0,0,125.273,24,1134.83,1123.62,2116,2113
1,4,38,RSA-SHA384_signed-by_RSA-SHA3-512,RSA-SHA384_signed-by_RSA-SHA3-512,4.274,9787.11,3099.53,0,0,0,125.273,24,1130.81,1117.31,2116,2113
1,4,39,RSA-SHA384_signed-by_RSA-SHA3-512,RSA-SHA384_signed-by_RSA-SHA3-512,4.293,9743.8,3085.82,0,0,0,125.273,24,1131.49,1103.05,2116,2113
1,4,40,RSA-SHA384_signed-by_RSA-SHA3-512,RSA-SHA384_signed-by_RSA-SHA3-512,4.317,9689.63,3068.66,0,0,0,125.273,24,1137.77,1103.28,2116,2113
1,4,41,RSA-SHA384_signed-by_RSA-SHA3-512,RSA-SHA384_signed-by_RSA-SHA3-512,4.23,9888.91,3131.77,0,0,0,125.273,24,1131.81,1106.09,2116,2113
1,4,42,RSA-SHA384_signed-by_RSA-SHA3-512,RSA-SHA384_signed-by_RSA-SHA3-512,4.328,9665.01,3060.86,0,0,0,125.273,24,1128.52,1105.09,2116,2113
1,4,43,RSA-SHA384_signed-by_RSA-SHA3-512,RSA-SHA384_signed-by_RSA-SHA3-512,4.394,9519.84,3014.89,0,0,0,125.273,24,1133.94,1120.74,2116,2113
1,4,44,RSA-SHA384_signed-by_RSA-SHA3-512,RSA-SHA384_signed-by_RSA-SHA3-512,5.819,7188.63,2276.6,0,0,0,125.273,24,1145.9,1107.6,2116,2113
1,4,45,RSA-SHA384_signed-by_RSA-SHA3-512,RSA-SHA384_signed-by_RSA-SHA3-512,4.275,9784.82,3098.81,0,0,0,125.273,24,1130.49,1101.75,2116,2113
1,4,46,RSA-SHA384_signed-by_RSA-SHA3-512,RSA-SHA384_signed-by_RSA-SHA3-512,4.316,9691.88,3069.37,0,0,0,125.273,24,1130.49,1110.81,2116,2113
1,4,47,RSA-SHA384_signed-by_RSA-SHA3-512,RSA-SHA384_signed-by_RSA-SHA3-512,4.848,8628.37,2732.57,0,0,0,125.273,24,1165.63,1579.75,2116,2113
1,4,48,RSA-SHA384_signed-by_RSA-SHA3-512,RSA-SHA384_signed-by_RSA-SHA3-512,4.719,8864.23,2807.26,0,0,0,125.273,24,1160.88,1108.73,2116,2113
1,4,49,RSA-SHA384_signed-by_RSA-SHA3-512,RSA-SHA384_signed-by_RSA-SHA3-512,4.311,9703.12,3072.93,0,0,0,125.273,24,1136.51,1125.45,2116,2113
1,4,50,RSA-SHA384_signed-by_RSA-SHA3-512,RSA-SHA384_signed-by_RSA-SHA3-512,4.411,9483.15,3003.27,0,0,0,125.273,24,1131.43,1103.23,2116,2113
1,4,51,RSA-SHA384_signed-by_RSA-SHA3-512,RSA-SHA384_signed-by_RSA-SHA3-512,4.324,9673.95,3063.69,0,0,0,125.273,24,1133.09,1116.96,2116,2113
1,4,52,RSA-SHA384_signed-by_RSA-SHA3-512,RSA-SHA384_signed-by_RSA-SHA3-512,4.36,9594.07,3038.4,0,0,0,125.273,24,1129.8,1101.5,2116,2113
1,4,53,RSA-SHA384_signed-by_RSA-SHA3-512,RSA-SHA384_signed-by_RSA-SHA3-512,4.393,9522.01,3015.58,0,0,0,125.273,24,1137.46,1130.61,2116,2113
1,4,54,RSA-SHA384_signed-by_RSA-SHA3-512,RSA-SHA384_signed-by_RSA-SHA3-512,4.275,9784.82,3098.81,0,0,0,125.273,24,1132.41,1107.31,2116,2113
1,4,55,RSA-SHA384_signed-by_RSA-SHA3-512,RSA-SHA384_signed-by_RSA-SHA3-512,4.318,9687.39,3067.95,0,0,0,125.273,24,1133.7,1122.73,2116,2113
1,4,56,RSA-SHA384_signed-by_RSA-SHA3-512,RSA-SHA384_signed-by_RSA-SHA3-512,4.559,9175.21,5262.28,0,0,0,161.2,24,1131.1,1120.88,2116,2113
1,4,57,RSA-SHA384_signed-by_RSA-SHA3-512,RSA-SHA384_signed-by_RSA-SHA3-512,4.271,9793.99,3101.71,0,0,0,125.273,24,1138.02,1102.51,2116,2113
1,4,58,RSA-SHA384_signed-by_RSA-SHA3-512,RSA-SHA384_signed-by_RSA-SHA3-512,4.24,9865.59,3124.39,0,0,0,125.273,24,1176.94,1110.17,2116,2113
1,4,59,RSA-SHA384_signed-by_RSA-SHA3-512,RSA-SHA384_signed-by_RSA-SHA3-512,4.33,9660.54,3059.45,0,0,0,125.273,24,1156.66,1107.8,2116,2113
1,4,60,RSA-SHA384_signed-by_RSA-SHA3-512,RSA-SHA384_signed-by_RSA-SHA3-512,4.309,9707.62,3074.36,0,0,0,125.273,24,1139.73,1105.17,2116,2113
1,4,61,RSA-SHA384_signed-by_RSA-SHA3-512,RSA-SHA384_signed-by_RSA-SHA3-512,4.301,9725.68,3080.08,0,0,0,125.273,24,1135.5,1108.78,2116,2113
1,4,62,RSA-SHA384_signed-by_RSA-SHA3-512,RSA-SHA384_signed-by_RSA-SHA3-512,4.411,9483.15,3003.27,0,0,0,125.273,24,1135.55,1106.41,2116,2113
1,4,63,RSA-SHA384_signed-by_RSA-SHA3-512,RSA-SHA384_signed-by_RSA-SHA3-512,4.842,8639.06,2735.95,0,0,0,125.273,24,1608.48,1578.76,2116,2113
1,4,64,RSA-SHA384_signed-by_RSA-SHA3-512,RSA-SHA384_signed-by_RSA-SHA3-512,4.399,9509.02,3011.46,0,0,0,125.273,24,1128.9,1136.92,2116,2113
1,4,65,RSA-SHA384_signed-by_RSA-SHA3-512,RSA-SHA384_signed-by_RSA-SHA3-512,4.246,9851.65,3119.97,0,0,0,125.273,24,1128.3,1111.69,2116,2113
1,4,66,RSA-SHA384_signed-by_RSA-SHA3-512,RSA-SHA384_signed-by_RSA-SHA3-512,4.37,9572.12,3031.45,0,0,0,125.273,24,1137.64,1103.31,2116,2113
1,4,67,RSA-SHA384_signed-by_RSA-SHA3-512,RSA-SHA384_signed-by_RSA-SHA3-512,5.719,7314.17,2316.36,0,0,0,125.273,24,1132.65,1101.04,2116,2113
1,4,68,RSA-SHA384_signed-by_RSA-SHA3-512,RSA-SHA384_signed-by_RSA-SHA3-512,4.313,9698.62,3071.51,0,0,0,125.273,24,1130.46,1104.13,2116,2113
1,4,69,RSA-SHA384_signed-by_RSA-SHA3-512,RSA-SHA384_signed-by_RSA-SHA3-512,4.286,9759.71,3090.86,0,0,0,125.273,24,1140.19,1101.42,2116,2113
1,4,70,RSA-SHA384_signed-by_RSA-SHA3-512,RSA-SHA384_signed-by_RSA-SHA3-512,4.3,9727.94,3080.79,0,0,0,125.273,24,1131.94,1103.1,2116,2113
1,4,71,RSA-SHA384_signed-by_RSA-SHA3-512,RSA-SHA384_signed-by_RSA-SHA3-512,4.228,9893.59,3133.25,0,0,0,125.273,24,1128.2,1100.41,2116,2113
1,4,72,RSA-SHA384_signed-by_RSA-SHA3-512,RSA-SHA384_signed-by_RSA-SHA3-512,4.303,9721.16,3078.64,0,0,0,125.273,24,1131.71,1108.51,2116,2113
1,4,73,RSA-SHA384_signed-by_RSA-SHA3-512,RSA-SHA384_signed-by_RSA-SHA3-512,4.44,9421.21,2983.65,0,0,0,125.273,24,1138.04,1104.64,2116,2113
1,4,74,RSA-SHA384_signed-by_RSA-SHA3-512,RSA-SHA384_signed-by_RSA-SHA3-512,4.435,9431.84,2987.02,0,0,0,125.273,24,1132.83,1119.03,2116,2113
1,4,75,RSA-SHA384_signed-by_RSA-SHA3-512,RSA-SHA384_signed-by_RSA-SHA3-512,4.427,9448.88,2992.42,0,0,0,125.273,24,1132.84,1138.39,2116,2113
1,4,76,RSA-SHA384_signed-by_RSA-SHA3-512,RSA-SHA384_signed-by_RSA-SHA3-512,4.366,9580.89,3034.22,0,0,0,125.273,24,1134.3,1114.38,2116,2113
1,4,77,RSA-SHA384_signed-by_RSA-SHA3-512,RSA-SHA384_signed-by_RSA-SHA3-512,4.3,9727.94,3080.79,0,0,0,125.273,24,1147.97,1111.9,2116,2113
1,4,78,RSA-SHA384_signed-by_RSA-SHA3-512,RSA-SHA384_signed-by_RSA-SHA3-512,4.296,9736.99,3083.66,0,0,0,125.273,24,1148.43,1109.41,2116,2113
1,4,79,RSA-SHA384_signed-by_RSA-SHA3-512,RSA-SHA384_signed-by_RSA-SHA3-512,4.739,8826.82,2795.41,0,0,0,125.273,24,1616.63,1575.64,2116,2113
1,4,80,RSA-SHA384_signed-by_RSA-SHA3-512,RSA-SHA384_signed-by_RSA-SHA3-512,4.261,9816.97,3108.99,0,0,0,125.273,24,1142.6,1105.09,2116,2113
1,4,81,RSA-SHA384_signed-by_RSA-SHA3-512,RSA-SHA384_signed-by_RSA-SHA3-512,4.27,9796.28,3102.44,0,0,0,125.273,24,1132.2,1104.95,2116,2113
1,4,82,RSA-SHA384_signed-by_RSA-SHA3-512,RSA-SHA384_signed-by_RSA-SHA3-512,4.38,9550.27,3024.52,0,0,0,125.273,24,1142.46,1113.99,2116,2113
1,4,83,RSA-SHA384_signed-by_RSA-SHA3-512,RSA-SHA384_signed-by_RSA-SHA3-512,4.334,9651.63,3056.63,0,0,0,125.273,24,1133.95,1103.32,2116,2113
1,4,84,RSA-SHA384_signed-by_RSA-SHA3-512,RSA-SHA384_signed-by_RSA-SHA3-512,4.196,9969.04,3157.15,0,0,0,125.273,24,1133.94,1108.5,2116,2113
1,4,85,RSA-SHA384_signed-by_RSA-SHA3-512,RSA-SHA384_signed-by_RSA-SHA3-512,4.23,9888.91,3131.77,0,0,0,125.273,24,1134.09,1103.22,2116,2113
1,4,86,RSA-SHA384_signed-by_RSA-SHA3-512,RSA-SHA384_signed-by_RSA-SHA3-512,4.255,9830.81,3113.37,0,0,0,125.273,24,1129.65,1104.16,2116,2113
1,4,87,RSA-SHA384_signed-by_RSA-SHA3-512,RSA-SHA384_signed-by_RSA-SHA3-512,4.335,9649.4,3055.92,0,0,0,125.273,24,1187.05,1110.27,2116,2113
1,4,88,RSA-SHA384_signed-by_RSA-SHA3-512,RSA-SHA384_signed-by_RSA-SHA3-512,4.425,9453.15,2993.77,0,0,0,125.273,24,1174.7,1105.69,2116,2113
1,4,89,RSA-SHA384_signed-by_RSA-SHA3-512,RSA-SHA384_signed-by_RSA-SHA3-512,4.249,9844.7,3117.77,0,0,0,125.273,24,1134.41,1134.12,2116,2113
1,4,90,RSA-SHA384_signed-by_RSA-SHA3-512,RSA-SHA384_signed-by_RSA-SHA3-512,5.319,7863.7,2625.75,0.0833333,1,0.0833333,123.333,24,1135.91,1126.79,2116,2113
1,4,91,RSA-SHA384_signed-by_RSA-SHA3-512,RSA-SHA384_signed-by_RSA-SHA3-512,4.251,9840.06,3116.3,0,0,0,125.273,24,1138.64,1110.84,2116,2113
1,4,92,RSA-SHA384_signed-by_RSA-SHA3-512,RSA-SHA384_signed-by_RSA-SHA3-512,4.345,9627.19,3048.89,0,0,0,125.273,24,1132.14,1104.28,2116,2113
1,4,93,RSA-SHA384_signed-by_RSA-SHA3-512,RSA-SHA384_signed-by_RSA-SHA3-512,4.29,9750.61,3087.97,0,0,0,125.273,24,1145.38,1108.36,2116,2113
1,4,94,RSA-SHA384_signed-by_RSA-SHA3-512,RSA-SHA384_signed-by_RSA-SHA3-512,4.283,9766.55,3093.02,0,0,0,125.273,24,1135.87,1105.36,2116,2113
1,4,95,RSA-SHA384_signed-by_RSA-SHA3-512,RSA-SHA384_signed-by_RSA-SHA3-512,4.798,8718.28,2761.04,0,0,0,125.273,24,1601.72,1558.41,2116,2113
1,4,96,RSA-SHA384_signed-by_RSA-SHA3-512,RSA-SHA384_signed-by_RSA-SHA3-512,4.298,9732.46,3082.23,0,0,0,125.273,24,1130.64,1133.43,2116,2113
1,4,97,RSA-SHA384_signed-by_RSA-SHA3-512,RSA-SHA384_signed-by_RSA-SHA3-512,4.244,9856.29,3121.44,0,0,0,125.273,24,1145.21,1106.93,2116,2113
1,4,98,RSA-SHA384_signed-by_RSA-SHA3-512,RSA-SHA384_signed-by_RSA-SHA3-512,4.247,9849.33,3119.24,0,0,0,125.273,24,1144.63,1100.68,2116,2113
1,4,99,RSA-SHA384_signed-by_RSA-SHA3-512,RSA-SHA384_signed-by_RSA-SHA3-512,4.276,9782.54,3098.08,0,0,0,125.273,24,1110.65,1103.1,2116,2113
