scenario,node_id,handshake_index,sta_cert_algo,ap_cert_algo,handshake_delay_ms,goodput_kbps,throughput_kbps,phy_frame_drop_rate,mac_retries,mac_retry_rate,tx_delay_us,prop_delay_ns,cert_verify_ap_us,cert_verify_sta_us,server_cert_msg_bytes,client_cert_msg_bytes
1,8,0,RSA-SHA3-256_signed-by_ECDSA-SHA384,RSA-SHA3-256_signed-by_ECDSA-SHA384,29.428,1151.55,583.388,0.714286,14,0.666667,197.81,14,2087.88,2122.05,1619,1617
1,3,0,RSA-SHA3-256_signed-by_ECDSA-SHA384,RSA-SHA3-256_signed-by_ECDSA-SHA384,43.51,778.662,394.571,1,14,0.666667,188.286,24,2076.82,2026.74,1619,1616
1,6,0,RSA-SHA3-256_signed-by_ECDSA-SHA384,RSA-SHA3-256_signed-by_ECDSA-SHA384,55.249,613.213,164.778,1,0,0,228.667,8,2072.98,2021.22,1619,1616
1,7,0,RSA-SHA3-256_signed-by_ECDSA-SHA384,RSA-SHA3-256_signed-by_ECDSA-SHA384,64.507,525.212,145.72,1,1,0.0625,176.625,16,2037.86,2032.43,1619,1616
1,5,0,RSA-SHA3-256_signed-by_ECDSA-SHA384,RSA-SHA3-256_signed-by_ECDSA-SHA384,68.503,494.458,156.956,1,4,0.210526,254.211,15,2064.83,2058.84,1619,1615
1,2,0,RSA-SHA3-256_signed-by_ECDSA-SHA384,RSA-SHA3-256_signed-by_ECDSA-SHA384,71.627,473.003,134.474,1,1,0.0625,171.25,24,2071.82,2044.63,1619,1616
1,8,1,RSA-SHA3-256_signed-by_ECDSA-SHA384,RSA-SHA3-256_signed-by_ECDSA-SHA384,45.49,744.944,625.711,1,27,1.08,763.76,14,2073.41,2016.74,1619,1617
1,1,0,RSA-SHA3-256_signed-by_ECDSA-SHA384,RSA-SHA3-256_signed-by_ECDSA-SHA384,83.407,406.2,178.881,1,14,0.538462,172.231,24,2073.9,2034.51,1619,1616
1,3,1,RSA-SHA3-256_signed-by_ECDSA-SHA384,RSA-SHA3-256_signed-by_ECDSA-SHA384,39.953,847.979,391.652,1,8,0.5,154.75,24,2047.12,2002.39,1619,1616
1,7,1,RSA-SHA3-256_signed-by_ECDSA-SHA384,RSA-SHA3-256_signed-by_ECDSA-SHA384,19.878,1704.38,653.582,1,0,0,136,16,2047.05,2015.01,1619,1616
1,6,1,RSA-SHA3-256_signed-by_ECDSA-SHA384,RSA-SHA3-256_signed-by_ECDSA-SHA384,29.893,1133.36,776.624,1,16,0.842105,357.158,8,2029.1,2001.31,1619,1616
1,8,2,RSA-SHA3-256_signed-by_ECDSA-SHA384,RSA-SHA3-256_signed-by_ECDSA-SHA384,15.671,2162.44,845.375,1,0,0,127.091,14,2041.21,1999.33,1619,1617
1,5,1,RSA-SHA3-256_signed-by_ECDSA-SHA384,RSA-SHA3-256_signed-by_ECDSA-SHA384,22.755,1488.51,1355.62,1,33,1.73684,427.053,15,2034.28,2023.62,1619,1615
1,1,1,RSA-SHA3-256_signed-by_ECDSA-SHA384,RSA-SHA3-256_signed-by_ECDSA-SHA384,12.281,2758.7,1057.88,0.4,0,0,136,24,2020.72,1996.25,1619,1616
1,7,2,RSA-SHA3-256_signed-by_ECDSA-SHA384,RSA-SHA3-256_signed-by_ECDSA-SHA384,12.508,2708.64,1038.69,0.1,0,0,136,16,2039.22,1996.9,1619,1616
1,2,1,RSA-SHA3-256_signed-by_ECDSA-SHA384,RSA-SHA3-256_signed-by_ECDSA-SHA384,26.506,1278.19,953.739,1,24,1.33333,264.667,24,2028.64,1995.19,1619,1616
1,6,2,RSA-SHA3-256_signed-by_ECDSA-SHA384,RSA-SHA3-256_signed-by_ECDSA-SHA384,14.968,2263.44,964.167,0.333333,1,0.0833333,138.333,8,2037.4,1997.4,1619,1616
1,3,2,RSA-SHA3-256_signed-by_ECDSA-SHA384,RSA-SHA3-256_signed-by_ECDSA-SHA384,17.865,1896.38,880.352,0.4375,9,0.5625,215.5,24,2030.73,2008.42,1619,1616
1,8,3,RSA-SHA3-256_signed-by_ECDSA-SHA384,RSA-SHA3-256_signed-by_ECDSA-SHA384,11.21,3023,1158.96,0.3,0,0,136,14,2033.83,1997.1,1619,1617
1,5,2,RSA-SHA3-256_signed-by_ECDSA-SHA384,RSA-SHA3-256_signed-by_ECDSA-SHA384,12.091,2801.39,1074.51,1,0,0,253.6,15,2016.8,1990.1,1619,1615
1,1,2,RSA-SHA3-256_signed-by_ECDSA-SHA384,RSA-SHA3-256_signed-by_ECDSA-SHA384,10.014,3382.97,1297.27,1,4,0.4,136,24,2045.28,1997.71,1619,1616
1,6,3,RSA-SHA3-256_signed-by_ECDSA-SHA384,RSA-SHA3-256_signed-by_ECDSA-SHA384,8.441,4013.41,1539.03,1,0,0,126.8,8,2044.14,2001.42,1619,1616
1,2,2,RSA-SHA3-256_signed-by_ECDSA-SHA384,RSA-SHA3-256_signed-by_ECDSA-SHA384,11.67,2903.16,1196.91,1,4,0.333333,154,24,2052.92,1998.12,1619,1616
1,7,3,RSA-SHA3-256_signed-by_ECDSA-SHA384,RSA-SHA3-256_signed-by_ECDSA-SHA384,15.543,2179.7,1158.05,1,7,0.466667,120.933,16,2031.41,2003.46,1619,1616
1,8,4,RSA-SHA3-256_signed-by_ECDSA-SHA384,RSA-SHA3-256_signed-by_ECDSA-SHA384,15.628,2168.35,1240.81,1,18,1.2,142.267,14,2034.61,2004.31,1619,1617
1,1,3,RSA-SHA3-256_signed-by_ECDSA-SHA384,RSA-SHA3-256_signed-by_ECDSA-SHA384,12.28,2758.92,1249.49,1,7,0.5,184.857,24,2045.21,1992.98,1619,1616
1,5,3,RSA-SHA3-256_signed-by_ECDSA-SHA384,RSA-SHA3-256_signed-by_ECDSA-SHA384,16.429,2061.64,1456.88,1,16,0.8,236,15,2024.25,1988.85,1619,1615
1,2,3,RSA-SHA3-256_signed-by_ECDSA-SHA384,RSA-SHA3-256_signed-by_ECDSA-SHA384,11.13,3044,1313.92,1,2,0.153846,228.769,24,2032.32,2030.78,1619,1616
1,3,3,RSA-SHA3-256_signed-by_ECDSA-SHA384,RSA-SHA3-256_signed-by_ECDSA-SHA384,21.064,1608.43,1131.79,1,22,1,235.273,24,2045.18,2001.35,1619,1616
1,7,4,RSA-SHA3-256_signed-by_ECDSA-SHA384,RSA-SHA3-256_signed-by_ECDSA-SHA384,13.414,2525.67,1360.94,1,7,0.4375,115.75,16,2027.84,2021.23,1619,1616
1,5,4,RSA-SHA3-256_signed-by_ECDSA-SHA384,RSA-SHA3-256_signed-by_ECDSA-SHA384,12.415,2728.09,1046.39,1,0,0,253.6,15,2006.65,2042.76,1619,1615
1,8,5,RSA-SHA3-256_signed-by_ECDSA-SHA384,RSA-SHA3-256_signed-by_ECDSA-SHA384,15.562,2177.57,1278.99,0.705882,7,0.411765,174.471,14,2027.74,2005.37,1619,1617
1,2,4,RSA-SHA3-256_signed-by_ECDSA-SHA384,RSA-SHA3-256_signed-by_ECDSA-SHA384,13.557,2499.06,985.46,0.916667,0,0,158.333,24,2040.2,1999.14,1619,1616
1,3,4,RSA-SHA3-256_signed-by_ECDSA-SHA384,RSA-SHA3-256_signed-by_ECDSA-SHA384,13.63,2485.67,953.184,0.9,0,0,126.8,24,2036,2024.53,1619,1616
1,6,4,RSA-SHA3-256_signed-by_ECDSA-SHA384,RSA-SHA3-256_signed-by_ECDSA-SHA384,28.927,1171.2,1073.03,1,24,1.2,163.6,8,2034.33,2000.36,1619,1616
1,1,4,RSA-SHA3-256_signed-by_ECDSA-SHA384,RSA-SHA3-256_signed-by_ECDSA-SHA384,21.452,1579.28,736.127,1,4,0.25,166.5,24,2035.11,2001.69,1619,1616
1,7,5,RSA-SHA3-256_signed-by_ECDSA-SHA384,RSA-SHA3-256_signed-by_ECDSA-SHA384,14.73,2300.04,1217.64,1,8,0.533333,117.2,16,2036.96,2007.97,1619,1616
1,5,5,RSA-SHA3-256_signed-by_ECDSA-SHA384,RSA-SHA3-256_signed-by_ECDSA-SHA384,13.418,2524.33,987.316,1,0,0,234,15,2046.39,1997.64,1619,1615
1,3,5,RSA-SHA3-256_signed-by_ECDSA-SHA384,RSA-SHA3-256_signed-by_ECDSA-SHA384,11.099,3052.26,1810.46,0.611111,14,0.777778,107.333,24,2041.75,2000.88,1619,1616
1,2,5,RSA-SHA3-256_signed-by_ECDSA-SHA384,RSA-SHA3-256_signed-by_ECDSA-SHA384,13.866,2443.34,955.413,1,0,0,169.636,24,2035.03,2008.17,1619,1616
1,6,5,RSA-SHA3-256_signed-by_ECDSA-SHA384,RSA-SHA3-256_signed-by_ECDSA-SHA384,13.652,2481.63,951.635,1,0,0,126.8,8,2040.41,2006.06,1619,1616
1,8,6,RSA-SHA3-256_signed-by_ECDSA-SHA384,RSA-SHA3-256_signed-by_ECDSA-SHA384,18.717,1810.48,1012.09,1,11,0.846154,156.462,14,2034.67,2018.7,1619,1617
1,7,6,RSA-SHA3-256_signed-by_ECDSA-SHA384,RSA-SHA3-256_signed-by_ECDSA-SHA384,13.224,2561.97,982.443,0.3,0,0,136,16,2018.34,1989.95,1619,1616
1,1,5,RSA-SHA3-256_signed-by_ECDSA-SHA384,RSA-SHA3-256_signed-by_ECDSA-SHA384,15.591,2173,1215.04,0.846154,11,0.846154,158.308,24,2039.18,2020.46,1619,1616
1,5,6,RSA-SHA3-256_signed-by_ECDSA-SHA384,RSA-SHA3-256_signed-by_ECDSA-SHA384,12.13,2792.19,1070.98,0,0,0,210.4,15,2026.83,2005.39,1619,1615
1,3,6,RSA-SHA3-256_signed-by_ECDSA-SHA384,RSA-SHA3-256_signed-by_ECDSA-SHA384,12.879,2630.44,1008.7,0,0,0,126.8,24,2035.09,1997.14,1619,1616
1,2,6,RSA-SHA3-256_signed-by_ECDSA-SHA384,RSA-SHA3-256_signed-by_ECDSA-SHA384,12.329,2747.8,1053.7,0,0,0,200.8,24,2025.57,1999.86,1619,1616
1,6,6,RSA-SHA3-256_signed-by_ECDSA-SHA384,RSA-SHA3-256_signed-by_ECDSA-SHA384,11.973,2829.5,1085.03,1,0,0,126.8,8,2038.83,2007.1,1619,1616
1,8,7,RSA-SHA3-256_signed-by_ECDSA-SHA384,RSA-SHA3-256_signed-by_ECDSA-SHA384,11.951,2835.38,1087.03,1,0,0,134.8,14,2035.03,2001.67,1619,1617
1,1,6,RSA-SHA3-256_signed-by_ECDSA-SHA384,RSA-SHA3-256_signed-by_ECDSA-SHA384,13.218,2563.15,1002.26,1,0,0,127.091,24,2072.16,1989.94,1619,1616
1,7,7,RSA-SHA3-256_signed-by_ECDSA-SHA384,RSA-SHA3-256_signed-by_ECDSA-SHA384,15.653,2164.41,829.989,1,0,0,136,16,2024.83,2026.85,1619,1616
1,5,7,RSA-SHA3-256_signed-by_ECDSA-SHA384,RSA-SHA3-256_signed-by_ECDSA-SHA384,15.29,2215.27,1331.05,1,14,0.736842,196.316,15,2027.59,1991.06,1619,1615
1,2,7,RSA-SHA3-256_signed-by_ECDSA-SHA384,RSA-SHA3-256_signed-by_ECDSA-SHA384,13.552,2499.98,1412.03,1,16,1.14286,203.714,24,2052.95,2016.93,1619,1616
1,8,8,RSA-SHA3-256_signed-by_ECDSA-SHA384,RSA-SHA3-256_signed-by_ECDSA-SHA384,12.363,2741.06,1071.58,1,0,0,118.727,14,2038.79,2004.8,1619,1617
1,3,7,RSA-SHA3-256_signed-by_ECDSA-SHA384,RSA-SHA3-256_signed-by_ECDSA-SHA384,18.02,1880.08,1325.6,1,19,1.05556,130,24,2047.75,1990.57,1619,1616
1,6,7,RSA-SHA3-256_signed-by_ECDSA-SHA384,RSA-SHA3-256_signed-by_ECDSA-SHA384,15.436,2194.83,1301.87,1,14,0.777778,107.333,8,2030.52,1989.38,1619,1616
1,7,8,RSA-SHA3-256_signed-by_ECDSA-SHA384,RSA-SHA3-256_signed-by_ECDSA-SHA384,14.001,2419.77,927.912,1,0,0,126.8,16,2043.55,2026.97,1619,1616
1,1,7,RSA-SHA3-256_signed-by_ECDSA-SHA384,RSA-SHA3-256_signed-by_ECDSA-SHA384,19.22,1762.68,949.809,1,7,0.4375,187.75,24,2019.54,2017.95,1619,1616
1,8,9,RSA-SHA3-256_signed-by_ECDSA-SHA384,RSA-SHA3-256_signed-by_ECDSA-SHA384,13.941,2430.75,931.904,1,4,0.4,126.8,14,2035.01,2016.14,1619,1617
1,2,8,RSA-SHA3-256_signed-by_ECDSA-SHA384,RSA-SHA3-256_signed-by_ECDSA-SHA384,18.089,1872.87,848.209,1,3,0.214286,256.286,24,2049.85,2014.1,1619,1616
1,6,8,RSA-SHA3-256_signed-by_ECDSA-SHA384,RSA-SHA3-256_signed-by_ECDSA-SHA384,14.467,2341.8,1309.42,1,11,0.846154,146.923,8,2045.29,2057.23,1619,1616
1,5,8,RSA-SHA3-256_signed-by_ECDSA-SHA384,RSA-SHA3-256_signed-by_ECDSA-SHA384,20.713,1635.3,1293.1,1,17,0.772727,156.727,15,2028.81,2037.52,1619,1615
1,7,9,RSA-SHA3-256_signed-by_ECDSA-SHA384,RSA-SHA3-256_signed-by_ECDSA-SHA384,13.584,2494.05,1402.79,1,11,0.785714,138.857,16,2033.84,2002.98,1619,1616
1,3,8,RSA-SHA3-256_signed-by_ECDSA-SHA384,RSA-SHA3-256_signed-by_ECDSA-SHA384,23.916,1416.6,1743.41,1,55,1.66667,141.515,24,2102.87,2013.04,1619,1616
1,1,8,RSA-SHA3-256_signed-by_ECDSA-SHA384,RSA-SHA3-256_signed-by_ECDSA-SHA384,15.295,2215.03,1238.53,1,11,0.846154,158.308,24,2056.55,2004.25,1619,1616
1,6,9,RSA-SHA3-256_signed-by_ECDSA-SHA384,RSA-SHA3-256_signed-by_ECDSA-SHA384,11.109,3049.51,1597.12,0.642857,7,0.5,118.571,8,2029.82,1984.9,1619,1616
1,8,10,RSA-SHA3-256_signed-by_ECDSA-SHA384,RSA-SHA3-256_signed-by_ECDSA-SHA384,15.956,2123.78,1001.73,1,5,0.294118,156.824,14,2032.87,2025.92,1619,1617
1,5,9,RSA-SHA3-256_signed-by_ECDSA-SHA384,RSA-SHA3-256_signed-by_ECDSA-SHA384,14.337,2362.53,906.175,1,0,0,182.8,15,2032.31,1983.39,1619,1615
1,2,9,RSA-SHA3-256_signed-by_ECDSA-SHA384,RSA-SHA3-256_signed-by_ECDSA-SHA384,16.514,2051.55,1147.12,1,11,0.846154,216.462,24,2031.75,1994.43,1619,1616
1,7,10,RSA-SHA3-256_signed-by_ECDSA-SHA384,RSA-SHA3-256_signed-by_ECDSA-SHA384,13.01,2604.14,1018.29,1,0,0,118.727,16,2083.39,1994.93,1619,1616
1,6,10,RSA-SHA3-256_signed-by_ECDSA-SHA384,RSA-SHA3-256_signed-by_ECDSA-SHA384,10.463,3237.82,1266.07,1,0,0,114.364,8,2022.79,2037.29,1619,1616
1,8,11,RSA-SHA3-256_signed-by_ECDSA-SHA384,RSA-SHA3-256_signed-by_ECDSA-SHA384,9.859,3436.99,1317.68,1,0,0,126.8,14,2042.92,1994.2,1619,1617
1,5,10,RSA-SHA3-256_signed-by_ECDSA-SHA384,RSA-SHA3-256_signed-by_ECDSA-SHA384,10.469,3235.17,1694.76,1,7,0.5,168.857,15,2053.53,1999.54,1619,1615
1,3,9,RSA-SHA3-256_signed-by_ECDSA-SHA384,RSA-SHA3-256_signed-by_ECDSA-SHA384,17.791,1904.28,1528.82,1,24,0.923077,175.846,24,2039.68,2033.27,1619,1616
1,2,10,RSA-SHA3-256_signed-by_ECDSA-SHA384,RSA-SHA3-256_signed-by_ECDSA-SHA384,17.185,1971.4,1450.5,1,19,0.95,170.4,24,2037.28,1995.86,1619,1616
1,6,11,RSA-SHA3-256_signed-by_ECDSA-SHA384,RSA-SHA3-256_signed-by_ECDSA-SHA384,11.903,2846.28,1173.46,1,1,0.0833333,109.333,8,2009.96,2017.36,1619,1616
1,1,9,RSA-SHA3-256_signed-by_ECDSA-SHA384,RSA-SHA3-256_signed-by_ECDSA-SHA384,25.453,1331.06,906.44,1,17,0.809524,156.286,24,2072.3,1994.18,1619,1616
1,5,11,RSA-SHA3-256_signed-by_ECDSA-SHA384,RSA-SHA3-256_signed-by_ECDSA-SHA384,10.601,3195.12,1786.97,0.615385,11,0.846154,216.462,15,2038.68,2016.84,1619,1615
1,3,10,RSA-SHA3-256_signed-by_ECDSA-SHA384,RSA-SHA3-256_signed-by_ECDSA-SHA384,12.462,2718.62,1057.92,0.363636,7,0.636364,133.636,24,2061.8,2010.86,1619,1616
1,8,12,RSA-SHA3-256_signed-by_ECDSA-SHA384,RSA-SHA3-256_signed-by_ECDSA-SHA384,18.116,1870.53,1045.66,1,11,0.846154,146.923,14,2019.46,2013.98,1619,1617
1,7,11,RSA-SHA3-256_signed-by_ECDSA-SHA384,RSA-SHA3-256_signed-by_ECDSA-SHA384,25.594,1323.72,1032.72,1,27,1.17391,116.261,16,2063.58,2011.88,1619,1616
1,2,11,RSA-SHA3-256_signed-by_ECDSA-SHA384,RSA-SHA3-256_signed-by_ECDSA-SHA384,14.93,2269.2,1044.85,1,7,0.466667,147.333,24,2057.24,2051,1619,1616
1,1,10,RSA-SHA3-256_signed-by_ECDSA-SHA384,RSA-SHA3-256_signed-by_ECDSA-SHA384,15.762,2149.41,824.236,1,0,0,136,24,2040.32,2025.13,1619,1616
1,5,12,RSA-SHA3-256_signed-by_ECDSA-SHA384,RSA-SHA3-256_signed-by_ECDSA-SHA384,16.761,2020.81,1145.48,1,9,0.642857,143.143,15,2094.95,2003.95,1619,1615
1,6,12,RSA-SHA3-256_signed-by_ECDSA-SHA384,RSA-SHA3-256_signed-by_ECDSA-SHA384,20.189,1678.07,1349.59,1,25,1.13636,113.273,8,2063.19,2014.44,1619,1616
1,8,13,RSA-SHA3-256_signed-by_ECDSA-SHA384,RSA-SHA3-256_signed-by_ECDSA-SHA384,13.286,2550.59,997.114,1,0,0,118.727,14,2046.7,2015.33,1619,1617
1,3,11,RSA-SHA3-256_signed-by_ECDSA-SHA384,RSA-SHA3-256_signed-by_ECDSA-SHA384,16.808,2015.62,1697.21,1,24,0.96,201.68,24,2043.75,2011.96,1619,1616
1,2,12,RSA-SHA3-256_signed-by_ECDSA-SHA384,RSA-SHA3-256_signed-by_ECDSA-SHA384,8.823,3839.59,1485.06,1,0,0,166,24,2044.33,2070.01,1619,1616
1,5,13,RSA-SHA3-256_signed-by_ECDSA-SHA384,RSA-SHA3-256_signed-by_ECDSA-SHA384,7.414,4568.21,2043.5,1,0,0,273.077,15,2030.83,1994.3,1619,1615
1,8,14,RSA-SHA3-256_signed-by_ECDSA-SHA384,RSA-SHA3-256_signed-by_ECDSA-SHA384,12.531,2704.22,1603.63,1,18,1,107.333,15,2034.65,2018.73,1619,1617
1,1,11,RSA-SHA3-256_signed-by_ECDSA-SHA384,RSA-SHA3-256_signed-by_ECDSA-SHA384,16.51,2051.98,1162.87,1,11,0.785714,149.714,24,2051.83,2005.55,1619,1616
1,6,13,RSA-SHA3-256_signed-by_ECDSA-SHA384,RSA-SHA3-256_signed-by_ECDSA-SHA384,14.623,2316.79,1062.39,1,8,0.533333,162,8,2047.29,1994.74,1619,1616
1,7,12,RSA-SHA3-256_signed-by_ECDSA-SHA384,RSA-SHA3-256_signed-by_ECDSA-SHA384,26.58,1274.6,1039.54,1,23,0.958333,106,16,2013.62,2006.06,1619,1616
1,2,13,RSA-SHA3-256_signed-by_ECDSA-SHA384,RSA-SHA3-256_signed-by_ECDSA-SHA384,13.322,2543.05,1421.95,1,11,0.846154,216.462,24,2045.87,2018.81,1619,1616
1,3,12,RSA-SHA3-256_signed-by_ECDSA-SHA384,RSA-SHA3-256_signed-by_ECDSA-SHA384,15.06,2249.57,1493.69,1,18,1,128.444,24,2061.56,2011.63,1619,1616
1,5,14,RSA-SHA3-256_signed-by_ECDSA-SHA384,RSA-SHA3-256_signed-by_ECDSA-SHA384,11.883,2850.38,1118.88,1,5,0.416667,158.333,15,2038.33,2002.12,1619,1615
1,8,15,RSA-SHA3-256_signed-by_ECDSA-SHA384,RSA-SHA3-256_signed-by_ECDSA-SHA384,10.468,3236.99,1465.66,1,3,0.214286,182.286,15,2527.08,2461.52,1619,1617
1,2,14,RSA-SHA3-256_signed-by_ECDSA-SHA384,RSA-SHA3-256_signed-by_ECDSA-SHA384,11.29,3000.87,1173.42,0.636364,0,0,169.636,24,2055.07,2003.1,1619,1616
1,7,13,RSA-SHA3-256_signed-by_ECDSA-SHA384,RSA-SHA3-256_signed-by_ECDSA-SHA384,12.896,2627.13,1468.96,1,11,0.846154,146.923,16,2029.35,2000.46,1619,1616
1,5,15,RSA-SHA3-256_signed-by_ECDSA-SHA384,RSA-SHA3-256_signed-by_ECDSA-SHA384,12.961,2613.34,1203.59,0.666667,3,0.2,241.733,15,2484.16,2498.2,1619,1615
1,6,14,RSA-SHA3-256_signed-by_ECDSA-SHA384,RSA-SHA3-256_signed-by_ECDSA-SHA384,18.35,1846.26,850.106,1,3,0.2,162,8,2047.76,1991.22,1619,1616
1,1,12,RSA-SHA3-256_signed-by_ECDSA-SHA384,RSA-SHA3-256_signed-by_ECDSA-SHA384,20.08,1687.18,1258.12,1,22,1.22222,221.556,24,2033.67,1993.64,1619,1616
1,3,13,RSA-SHA3-256_signed-by_ECDSA-SHA384,RSA-SHA3-256_signed-by_ECDSA-SHA384,18.165,1865.06,865.811,1,5,0.3125,159.5,24,2033.96,2002.92,1619,1616
1,2,15,RSA-SHA3-256_signed-by_ECDSA-SHA384,RSA-SHA3-256_signed-by_ECDSA-SHA384,11.259,3008.91,1153.83,1,0,0,179.2,24,2512.27,2475.9,1619,1616
1,5,16,RSA-SHA3-256_signed-by_ECDSA-SHA384,RSA-SHA3-256_signed-by_ECDSA-SHA384,8.146,4157.74,1594.75,1,0,0,182.8,15,2032.29,1997.53,1619,1615
1,8,16,RSA-SHA3-256_signed-by_ECDSA-SHA384,RSA-SHA3-256_signed-by_ECDSA-SHA384,21.364,1586.15,839.506,1,8,0.533333,113.2,15,2022.34,2026.81,1619,1617
1,6,15,RSA-SHA3-256_signed-by_ECDSA-SHA384,RSA-SHA3-256_signed-by_ECDSA-SHA384,12.912,2623.88,1467.14,1,11,0.846154,146.923,8,2491.23,2466.96,1619,1616
1,1,13,RSA-SHA3-256_signed-by_ECDSA-SHA384,RSA-SHA3-256_signed-by_ECDSA-SHA384,14.175,2390.07,952.643,1,0,0,129.667,24,2057.18,1999.51,1619,1616
1,3,14,RSA-SHA3-256_signed-by_ECDSA-SHA384,RSA-SHA3-256_signed-by_ECDSA-SHA384,13.175,2571.49,1164.61,0.928571,7,0.5,127.714,24,2034.87,2074.4,1619,1616
1,5,17,RSA-SHA3-256_signed-by_ECDSA-SHA384,RSA-SHA3-256_signed-by_ECDSA-SHA384,9.565,3540.92,1358.16,0.8,0,0,182.8,15,2036.14,2011.56,1619,1615
1,6,16,RSA-SHA3-256_signed-by_ECDSA-SHA384,RSA-SHA3-256_signed-by_ECDSA-SHA384,8.549,3962.6,1549.49,0.909091,0,0,118.727,8,2041.82,1989.95,1619,1616
1,8,17,RSA-SHA3-256_signed-by_ECDSA-SHA384,RSA-SHA3-256_signed-by_ECDSA-SHA384,10.261,3302.29,2075.23,0.588235,10,0.588235,108.588,15,2093.12,1992.84,1619,1617
1,2,16,RSA-SHA3-256_signed-by_ECDSA-SHA384,RSA-SHA3-256_signed-by_ECDSA-SHA384,18.594,1822,978.333,0.9375,8,0.5,124.75,24,2040.96,2038.13,1619,1616
1,1,14,RSA-SHA3-256_signed-by_ECDSA-SHA384,RSA-SHA3-256_signed-by_ECDSA-SHA384,12.018,2819.05,1081.03,1,0,0,136,24,2041.54,2005.29,1619,1616
1,7,14,RSA-SHA3-256_signed-by_ECDSA-SHA384,RSA-SHA3-256_signed-by_ECDSA-SHA384,32.432,1044.65,1433.64,1,59,1.90323,154.645,16,2030.52,2034.26,1619,1616
1,5,18,RSA-SHA3-256_signed-by_ECDSA-SHA384,RSA-SHA3-256_signed-by_ECDSA-SHA384,13.498,2509.35,962.489,1,0,0,182.8,15,2021.65,2004.86,1619,1615
1,3,15,RSA-SHA3-256_signed-by_ECDSA-SHA384,RSA-SHA3-256_signed-by_ECDSA-SHA384,16.034,2112.94,834.199,1,8,0.666667,129.667,24,2709.21,2486.32,1619,1616
1,6,17,RSA-SHA3-256_signed-by_ECDSA-SHA384,RSA-SHA3-256_signed-by_ECDSA-SHA384,11.103,3051.15,1381.84,0.928571,7,0.5,110,8,2081.75,1995.43,1619,1616
1,8,18,RSA-SHA3-256_signed-by_ECDSA-SHA384,RSA-SHA3-256_signed-by_ECDSA-SHA384,11.668,2904.34,1520.73,0.928571,7,0.5,118.571,15,2045.07,1988.8,1619,1617
1,1,15,RSA-SHA3-256_signed-by_ECDSA-SHA384,RSA-SHA3-256_signed-by_ECDSA-SHA384,10.254,3303.77,1285.62,1,5,0.454545,127.091,24,2509.07,2480.8,1619,1616
1,2,17,RSA-SHA3-256_signed-by_ECDSA-SHA384,RSA-SHA3-256_signed-by_ECDSA-SHA384,14.818,2286.33,1197.42,1,7,0.5,137.143,24,2296.55,1995.16,1619,1616
1,3,16,RSA-SHA3-256_signed-by_ECDSA-SHA384,RSA-SHA3-256_signed-by_ECDSA-SHA384,9.272,3654,1634.16,1,0,0,215.231,24,2092.94,2019.36,1619,1616
1,7,15,RSA-SHA3-256_signed-by_ECDSA-SHA384,RSA-SHA3-256_signed-by_ECDSA-SHA384,16.51,2052.01,1105.71,1,7,0.4375,108.5,16,2506.57,2519.88,1619,1616
1,6,18,RSA-SHA3-256_signed-by_ECDSA-SHA384,RSA-SHA3-256_signed-by_ECDSA-SHA384,12.525,2704.92,1037.26,1,0,0,126.8,8,2022.17,2013.82,1619,1616
1,8,19,RSA-SHA3-256_signed-by_ECDSA-SHA384,RSA-SHA3-256_signed-by_ECDSA-SHA384,12.458,2720.11,1100.63,1,1,0.0909091,120.182,15,2066.12,2000.49,1619,1617
1,5,19,RSA-SHA3-256_signed-by_ECDSA-SHA384,RSA-SHA3-256_signed-by_ECDSA-SHA384,17.099,1980.86,1092.89,1,9,0.5625,154,15,2038.64,2019.55,1619,1615
1,2,18,RSA-SHA3-256_signed-by_ECDSA-SHA384,RSA-SHA3-256_signed-by_ECDSA-SHA384,12.366,2739.74,1916.2,0.705882,18,1.05882,158.235,24,2308.09,2004.87,1619,1616
1,7,16,RSA-SHA3-256_signed-by_ECDSA-SHA384,RSA-SHA3-256_signed-by_ECDSA-SHA384,11.771,2878.25,1164.89,1,1,0.0909091,120.182,16,2037.67,2023.38,1619,1616
1,6,19,RSA-SHA3-256_signed-by_ECDSA-SHA384,RSA-SHA3-256_signed-by_ECDSA-SHA384,12.183,2780.7,1087.33,1,0,0,118.727,8,2054.6,2128.09,1619,1616
1,8,20,RSA-SHA3-256_signed-by_ECDSA-SHA384,RSA-SHA3-256_signed-by_ECDSA-SHA384,11.827,2865.07,1098.41,1,0,0,126.8,15,2030.36,2079.26,1619,1617
1,5,20,RSA-SHA3-256_signed-by_ECDSA-SHA384,RSA-SHA3-256_signed-by_ECDSA-SHA384,12.447,2721.29,1043.78,1,0,0,175.6,15,2040.3,2034.04,1619,1615
1,2,19,RSA-SHA3-256_signed-by_ECDSA-SHA384,RSA-SHA3-256_signed-by_ECDSA-SHA384,9.984,3393.13,1301.17,1,0,0,145.6,24,2038,2008.8,1619,1616
1,1,16,RSA-SHA3-256_signed-by_ECDSA-SHA384,RSA-SHA3-256_signed-by_ECDSA-SHA384,27.833,1217.23,856.517,1,22,1,281.455,24,2037.43,2033.65,1619,1616
1,7,17,RSA-SHA3-256_signed-by_ECDSA-SHA384,RSA-SHA3-256_signed-by_ECDSA-SHA384,10.67,3175.22,1217.61,0.3,0,0,126.8,16,2030.26,2037.38,1619,1616
1,6,20,RSA-SHA3-256_signed-by_ECDSA-SHA384,RSA-SHA3-256_signed-by_ECDSA-SHA384,10.53,3217.43,1258.1,0.272727,0,0,108.545,8,2025.7,1994.93,1619,1616
1,3,17,RSA-SHA3-256_signed-by_ECDSA-SHA384,RSA-SHA3-256_signed-by_ECDSA-SHA384,27.562,1229.21,839.401,0.904762,16,0.761905,111.524,24,2026.17,2033.1,1619,1616
1,8,21,RSA-SHA3-256_signed-by_ECDSA-SHA384,RSA-SHA3-256_signed-by_ECDSA-SHA384,11.836,2863.07,1097.65,1,4,0.4,126.8,15,2207.67,2003.25,1619,1617
1,5,21,RSA-SHA3-256_signed-by_ECDSA-SHA384,RSA-SHA3-256_signed-by_ECDSA-SHA384,11.252,3010.27,1218.61,1,1,0.0909091,171.818,15,2041.74,2002.14,1619,1615
1,2,20,RSA-SHA3-256_signed-by_ECDSA-SHA384,RSA-SHA3-256_signed-by_ECDSA-SHA384,11.698,2896.17,1132.48,1,4,0.363636,138,24,2035.81,2019.62,1619,1616
1,1,17,RSA-SHA3-256_signed-by_ECDSA-SHA384,RSA-SHA3-256_signed-by_ECDSA-SHA384,12.231,2769.95,1482.1,1,9,0.5625,123.25,24,2022.65,2012.27,1619,1616
1,7,18,RSA-SHA3-256_signed-by_ECDSA-SHA384,RSA-SHA3-256_signed-by_ECDSA-SHA384,13.253,2556.32,980.275,1,0,0,126.8,16,2049.66,2002.37,1619,1616
1,6,21,RSA-SHA3-256_signed-by_ECDSA-SHA384,RSA-SHA3-256_signed-by_ECDSA-SHA384,12.832,2640.2,1012.44,1,0,0,126.8,8,2039.42,2030.62,1619,1616
1,8,22,RSA-SHA3-256_signed-by_ECDSA-SHA384,RSA-SHA3-256_signed-by_ECDSA-SHA384,12.175,2783.33,1260.25,1,3,0.214286,170.857,15,2035.68,1982.19,1619,1617
1,5,22,RSA-SHA3-256_signed-by_ECDSA-SHA384,RSA-SHA3-256_signed-by_ECDSA-SHA384,12.627,2682.42,1405.2,1,7,0.5,168.857,15,2132.82,2015.74,1619,1615
1,3,18,RSA-SHA3-256_signed-by_ECDSA-SHA384,RSA-SHA3-256_signed-by_ECDSA-SHA384,18.129,1868.73,1080.2,1,13,0.8125,161.25,24,2041.34,2027.07,1619,1616
1,2,21,RSA-SHA3-256_signed-by_ECDSA-SHA384,RSA-SHA3-256_signed-by_ECDSA-SHA384,15.47,2189.95,1315.52,1,10,0.526316,174.421,24,2064.85,2006.84,1619,1616
1,1,18,RSA-SHA3-256_signed-by_ECDSA-SHA384,RSA-SHA3-256_signed-by_ECDSA-SHA384,16.087,2105.95,1134.78,1,7,0.4375,115.75,24,2043.58,2025.91,1619,1616
1,7,19,RSA-SHA3-256_signed-by_ECDSA-SHA384,RSA-SHA3-256_signed-by_ECDSA-SHA384,14.467,2341.81,1624.61,1,10,0.625,130,16,2024.48,1994.48,1619,1616
1,8,23,RSA-SHA3-256_signed-by_ECDSA-SHA384,RSA-SHA3-256_signed-by_ECDSA-SHA384,13.521,2506.25,960.847,1,0,0,126.8,15,2090.51,1985.33,1619,1617
1,6,22,RSA-SHA3-256_signed-by_ECDSA-SHA384,RSA-SHA3-256_signed-by_ECDSA-SHA384,15.744,2151.85,1203.21,1,11,0.846154,146.923,8,2055.86,1995.4,1619,1616
1,5,23,RSA-SHA3-256_signed-by_ECDSA-SHA384,RSA-SHA3-256_signed-by_ECDSA-SHA384,14.581,2322.95,1216.89,1,7,0.5,168.857,15,2040.7,1993.17,1619,1615
1,3,19,RSA-SHA3-256_signed-by_ECDSA-SHA384,RSA-SHA3-256_signed-by_ECDSA-SHA384,13.718,2469.7,965.719,1,0,0,138,24,2042.11,1991.33,1619,1616
1,1,19,RSA-SHA3-256_signed-by_ECDSA-SHA384,RSA-SHA3-256_signed-by_ECDSA-SHA384,9.594,3531.06,1354.06,1,0,0,136,24,2054.76,2066.05,1619,1616
1,6,23,RSA-SHA3-256_signed-by_ECDSA-SHA384,RSA-SHA3-256_signed-by_ECDSA-SHA384,10.806,3135.26,1642.03,0.785714,7,0.5,118.571,8,2071.94,2034.3,1619,1616
1,7,20,RSA-SHA3-256_signed-by_ECDSA-SHA384,RSA-SHA3-256_signed-by_ECDSA-SHA384,13.738,2466.08,1305.54,1,8,0.533333,113.2,16,2043.14,2001.71,1619,1616
1,2,22,RSA-SHA3-256_signed-by_ECDSA-SHA384,RSA-SHA3-256_signed-by_ECDSA-SHA384,20.138,1682.31,1422.12,1,26,1.18182,147.273,24,2040,1992.45,1619,1616
1,5,24,RSA-SHA3-256_signed-by_ECDSA-SHA384,RSA-SHA3-256_signed-by_ECDSA-SHA384,12.301,2753.55,1545.21,1,3,0.230769,159.231,15,2005,1994.62,1619,1615
1,8,24,RSA-SHA3-256_signed-by_ECDSA-SHA384,RSA-SHA3-256_signed-by_ECDSA-SHA384,15.74,2152.92,1215.72,1,16,1.14286,139.143,15,2047.57,2005.69,1619,1617
1,3,20,RSA-SHA3-256_signed-by_ECDSA-SHA384,RSA-SHA3-256_signed-by_ECDSA-SHA384,12.517,2706.66,1037.92,1,0,0,148,24,2053.96,1991.24,1619,1616
1,1,20,RSA-SHA3-256_signed-by_ECDSA-SHA384,RSA-SHA3-256_signed-by_ECDSA-SHA384,11.912,2844.15,1090.65,1,0,0,136,24,2035.02,1991.89,1619,1616
1,6,24,RSA-SHA3-256_signed-by_ECDSA-SHA384,RSA-SHA3-256_signed-by_ECDSA-SHA384,9.082,3730.12,1430.39,1,0,0,126.8,8,2044.02,2023.04,1619,1616
1,8,25,RSA-SHA3-256_signed-by_ECDSA-SHA384,RSA-SHA3-256_signed-by_ECDSA-SHA384,9.567,3541.82,1603.68,1,3,0.214286,170.857,15,2025.98,2005.33,1619,1617
1,3,21,RSA-SHA3-256_signed-by_ECDSA-SHA384,RSA-SHA3-256_signed-by_ECDSA-SHA384,9.318,3635.62,1421.63,1,4,0.363636,138,24,2056.06,1999.22,1619,1616
1,6,25,RSA-SHA3-256_signed-by_ECDSA-SHA384,RSA-SHA3-256_signed-by_ECDSA-SHA384,7.969,4251.02,1925.26,1,7,0.5,110,8,2070.44,2010.11,1619,1616
1,7,21,RSA-SHA3-256_signed-by_ECDSA-SHA384,RSA-SHA3-256_signed-by_ECDSA-SHA384,16.75,2022.61,1441.38,1,19,1,125.158,16,2031.7,2000.04,1619,1616
1,1,21,RSA-SHA3-256_signed-by_ECDSA-SHA384,RSA-SHA3-256_signed-by_ECDSA-SHA384,14.241,2378.96,1681.84,1,18,1,147.556,24,2073.59,2005.83,1619,1616
1,5,25,RSA-SHA3-256_signed-by_ECDSA-SHA384,RSA-SHA3-256_signed-by_ECDSA-SHA384,19.78,1712.35,1608.82,1,23,1.09524,124.476,15,2023.76,2003.03,1619,1615
1,7,22,RSA-SHA3-256_signed-by_ECDSA-SHA384,RSA-SHA3-256_signed-by_ECDSA-SHA384,9.896,3423.6,1312.85,1,0,0,126.8,16,2023.55,2011.91,1619,1616
1,6,26,RSA-SHA3-256_signed-by_ECDSA-SHA384,RSA-SHA3-256_signed-by_ECDSA-SHA384,14.113,2400.52,1612.06,1,14,0.736842,111.263,8,2033.25,2017.49,1619,1616
1,8,26,RSA-SHA3-256_signed-by_ECDSA-SHA384,RSA-SHA3-256_signed-by_ECDSA-SHA384,18.331,1848.67,1061.37,1,15,1,132.4,15,2039.71,1991.65,1619,1617
1,2,23,RSA-SHA3-256_signed-by_ECDSA-SHA384,RSA-SHA3-256_signed-by_ECDSA-SHA384,30.982,1093.53,904.261,1,29,1.11538,107.077,24,2048.03,2036.53,1619,1616
1,3,22,RSA-SHA3-256_signed-by_ECDSA-SHA384,RSA-SHA3-256_signed-by_ECDSA-SHA384,18.265,1854.91,1554.89,1,28,1.12,201.68,24,2046.45,1982.77,1619,1616
1,1,22,RSA-SHA3-256_signed-by_ECDSA-SHA384,RSA-SHA3-256_signed-by_ECDSA-SHA384,12.031,2815.99,1101.13,0.818182,0,0,127.091,24,2027.38,2001.8,1619,1616
1,5,26,RSA-SHA3-256_signed-by_ECDSA-SHA384,RSA-SHA3-256_signed-by_ECDSA-SHA384,12.35,2742.6,1051.96,0.6,0,0,126.8,15,2027.57,1983.04,1619,1615
1,7,23,RSA-SHA3-256_signed-by_ECDSA-SHA384,RSA-SHA3-256_signed-by_ECDSA-SHA384,10.284,3294.4,1263.31,0.3,0,0,126.8,16,2010.9,2007.08,1619,1616
1,6,27,RSA-SHA3-256_signed-by_ECDSA-SHA384,RSA-SHA3-256_signed-by_ECDSA-SHA384,8.458,4005.33,1535.93,0.3,0,0,126.8,8,2040.62,1996.03,1619,1616
1,3,23,RSA-SHA3-256_signed-by_ECDSA-SHA384,RSA-SHA3-256_signed-by_ECDSA-SHA384,11.028,3072.16,1178.08,0.3,0,0,148,24,2056.72,2035.7,1619,1616
1,8,27,RSA-SHA3-256_signed-by_ECDSA-SHA384,RSA-SHA3-256_signed-by_ECDSA-SHA384,13.227,2561.99,1160.03,0.214286,3,0.214286,173.429,15,2029.93,2006.73,1619,1617
1,2,24,RSA-SHA3-256_signed-by_ECDSA-SHA384,RSA-SHA3-256_signed-by_ECDSA-SHA384,13.708,2471.5,1465.98,0.166667,10,0.555556,166.889,24,2059.02,1992.4,1619,1616
1,1,23,RSA-SHA3-256_signed-by_ECDSA-SHA384,RSA-SHA3-256_signed-by_ECDSA-SHA384,15.607,2170.78,999.532,0.4,7,0.466667,112.133,24,2034.37,2010.19,1619,1616
1,5,27,RSA-SHA3-256_signed-by_ECDSA-SHA384,RSA-SHA3-256_signed-by_ECDSA-SHA384,16.65,2034.3,795.655,0.818182,0,0,118.727,15,2032.83,2101.52,1619,1615
1,7,24,RSA-SHA3-256_signed-by_ECDSA-SHA384,RSA-SHA3-256_signed-by_ECDSA-SHA384,14.427,2348.35,900.523,0.9,0,0,126.8,16,2030.17,1998.96,1619,1616
1,6,28,RSA-SHA3-256_signed-by_ECDSA-SHA384,RSA-SHA3-256_signed-by_ECDSA-SHA384,13.876,2441.61,1105.78,0.428571,7,0.5,110,9,2074.77,2012.65,1619,1616
1,3,24,RSA-SHA3-256_signed-by_ECDSA-SHA384,RSA-SHA3-256_signed-by_ECDSA-SHA384,12.951,2616.01,1003.16,0.6,0,0,148,24,2036.49,1991.54,1619,1616
1,2,25,RSA-SHA3-256_signed-by_ECDSA-SHA384,RSA-SHA3-256_signed-by_ECDSA-SHA384,13.351,2537.62,1197.21,1,13,0.764706,103.412,24,2047.65,2011.27,1619,1616
1,8,28,RSA-SHA3-256_signed-by_ECDSA-SHA384,RSA-SHA3-256_signed-by_ECDSA-SHA384,15.579,2175.21,984.902,1,7,0.5,113.429,15,2030.39,2008.58,1619,1617
1,1,24,RSA-SHA3-256_signed-by_ECDSA-SHA384,RSA-SHA3-256_signed-by_ECDSA-SHA384,12.114,2796.74,1072.47,1,0,0,136,24,2032.37,2017.15,1619,1616
1,5,28,RSA-SHA3-256_signed-by_ECDSA-SHA384,RSA-SHA3-256_signed-by_ECDSA-SHA384,11.547,2933.39,1125.14,1,0,0,126.8,15,2064.25,2014.77,1619,1615
1,7,25,RSA-SHA3-256_signed-by_ECDSA-SHA384,RSA-SHA3-256_signed-by_ECDSA-SHA384,11.24,3013.97,1189.93,1,8,0.666667,112,16,2033.53,1996.81,1619,1616
1,6,29,RSA-SHA3-256_signed-by_ECDSA-SHA384,RSA-SHA3-256_signed-by_ECDSA-SHA384,10.746,3152.52,1208.9,1,0,0,126.8,9,2054.18,2006.49,1619,1616
1,8,29,RSA-SHA3-256_signed-by_ECDSA-SHA384,RSA-SHA3-256_signed-by_ECDSA-SHA384,8.006,4232.44,1744.53,0.583333,1,0.0833333,117.333,15,2051.89,2004.8,1619,1617
1,5,29,RSA-SHA3-256_signed-by_ECDSA-SHA384,RSA-SHA3-256_signed-by_ECDSA-SHA384,8.013,4226.74,1621.22,1,0,0,126.8,15,1997.9,1991.34,1619,1615
1,7,26,RSA-SHA3-256_signed-by_ECDSA-SHA384,RSA-SHA3-256_signed-by_ECDSA-SHA384,9.236,3667.89,1640.38,0.923077,0,0,181.077,16,2078.65,1999.31,1619,1616
1,6,30,RSA-SHA3-256_signed-by_ECDSA-SHA384,RSA-SHA3-256_signed-by_ECDSA-SHA384,10.405,3256.12,1248.63,1,0,0,126.8,9,2038.13,2042.51,1619,1616
1,1,25,RSA-SHA3-256_signed-by_ECDSA-SHA384,RSA-SHA3-256_signed-by_ECDSA-SHA384,14.493,2337.61,1320.32,1,12,0.857143,149.714,24,2031.24,2019.02,1619,1616
1,8,30,RSA-SHA3-256_signed-by_ECDSA-SHA384,RSA-SHA3-256_signed-by_ECDSA-SHA384,9.855,3438.64,1318.31,1,0,0,136,15,2034.5,1983.88,1619,1617
1,3,25,RSA-SHA3-256_signed-by_ECDSA-SHA384,RSA-SHA3-256_signed-by_ECDSA-SHA384,22.891,1480.05,1051.93,1,20,1.05263,145.579,24,2039.15,2044.6,1619,1616
1,5,30,RSA-SHA3-256_signed-by_ECDSA-SHA384,RSA-SHA3-256_signed-by_ECDSA-SHA384,10.889,3110.62,1193.12,0.3,0,0,126.8,15,2043.37,2022.88,1619,1615
1,7,27,RSA-SHA3-256_signed-by_ECDSA-SHA384,RSA-SHA3-256_signed-by_ECDSA-SHA384,12.216,2773.36,1063.51,0.6,0,0,126.8,16,2031.47,2048.84,1619,1616
1,2,26,RSA-SHA3-256_signed-by_ECDSA-SHA384,RSA-SHA3-256_signed-by_ECDSA-SHA384,25.795,1313.41,1000.49,1,27,1.125,206.667,24,2040.04,2057.82,1619,1616
1,6,31,RSA-SHA3-256_signed-by_ECDSA-SHA384,RSA-SHA3-256_signed-by_ECDSA-SHA384,13.842,2447.55,1281.86,0.857143,7,0.5,118.571,9,2507.32,2451.84,1619,1616
1,1,26,RSA-SHA3-256_signed-by_ECDSA-SHA384,RSA-SHA3-256_signed-by_ECDSA-SHA384,12.731,2661.15,1040.58,1,0,0,127.091,24,2038.06,2036.83,1619,1616
1,8,31,RSA-SHA3-256_signed-by_ECDSA-SHA384,RSA-SHA3-256_signed-by_ECDSA-SHA384,12.547,2700.83,1035.45,1,0,0,136,15,2519.47,2547.8,1619,1617
1,3,26,RSA-SHA3-256_signed-by_ECDSA-SHA384,RSA-SHA3-256_signed-by_ECDSA-SHA384,11.536,2936.85,1126.2,1,0,0,148,24,2057.74,2014.52,1619,1616
1,5,31,RSA-SHA3-256_signed-by_ECDSA-SHA384,RSA-SHA3-256_signed-by_ECDSA-SHA384,13.517,2505.83,1052.28,0.923077,1,0.0769231,107.538,15,2508.98,2461.67,1619,1615
1,7,28,RSA-SHA3-256_signed-by_ECDSA-SHA384,RSA-SHA3-256_signed-by_ECDSA-SHA384,12.61,2686.7,1407.11,0.857143,7,0.5,118.571,16,2052.77,1988.96,1619,1616
1,1,27,RSA-SHA3-256_signed-by_ECDSA-SHA384,RSA-SHA3-256_signed-by_ECDSA-SHA384,11.834,2862.91,1119.48,0.545455,0,0,127.091,24,2034.74,2014.83,1619,1616
1,6,32,RSA-SHA3-256_signed-by_ECDSA-SHA384,RSA-SHA3-256_signed-by_ECDSA-SHA384,13.246,2557.7,980.804,0.6,0,0,126.8,9,2025.43,2012.12,1619,1616
1,8,32,RSA-SHA3-256_signed-by_ECDSA-SHA384,RSA-SHA3-256_signed-by_ECDSA-SHA384,11.653,2908.06,1114.89,0.3,0,0,126.8,15,2034.88,2001.2,1619,1617
1,2,27,RSA-SHA3-256_signed-by_ECDSA-SHA384,RSA-SHA3-256_signed-by_ECDSA-SHA384,18.512,1830.08,1033.66,0.857143,12,0.857143,149.714,24,2037.08,2023.8,1619,1616
1,3,27,RSA-SHA3-256_signed-by_ECDSA-SHA384,RSA-SHA3-256_signed-by_ECDSA-SHA384,13.169,2572.67,1347.39,0.214286,7,0.5,137.143,24,2038.27,2004.54,1619,1616
1,5,32,RSA-SHA3-256_signed-by_ECDSA-SHA384,RSA-SHA3-256_signed-by_ECDSA-SHA384,11.747,2883.44,1105.98,0.3,0,0,126.8,15,2028.89,2003.91,1619,1615
1,7,29,RSA-SHA3-256_signed-by_ECDSA-SHA384,RSA-SHA3-256_signed-by_ECDSA-SHA384,11.906,2845.62,1091.21,0,0,0,126.8,16,2020.26,1981.73,1619,1616
1,1,28,RSA-SHA3-256_signed-by_ECDSA-SHA384,RSA-SHA3-256_signed-by_ECDSA-SHA384,11.018,3074.72,1179.07,0.3,0,0,129.2,24,2040.73,1994.88,1619,1616
1,6,33,RSA-SHA3-256_signed-by_ECDSA-SHA384,RSA-SHA3-256_signed-by_ECDSA-SHA384,11.143,3040.24,1165.84,0.3,0,0,126.8,9,2046.78,2018.19,1619,1616
1,8,33,RSA-SHA3-256_signed-by_ECDSA-SHA384,RSA-SHA3-256_signed-by_ECDSA-SHA384,12.097,2801.13,1268.31,0.428571,7,0.5,110,15,2040.92,2009.04,1619,1617
1,2,28,RSA-SHA3-256_signed-by_ECDSA-SHA384,RSA-SHA3-256_signed-by_ECDSA-SHA384,11.395,2972.99,1140.06,0.6,0,0,143.2,24,2045.21,2016.53,1619,1616
1,3,28,RSA-SHA3-256_signed-by_ECDSA-SHA384,RSA-SHA3-256_signed-by_ECDSA-SHA384,13.495,2510.53,1333.81,0.4,7,0.466667,130.533,24,2038.86,2009.44,1619,1616
1,5,33,RSA-SHA3-256_signed-by_ECDSA-SHA384,RSA-SHA3-256_signed-by_ECDSA-SHA384,12.293,2755.37,1077.68,0.818182,0,0,118.727,15,2041.9,2055.86,1619,1615
1,7,30,RSA-SHA3-256_signed-by_ECDSA-SHA384,RSA-SHA3-256_signed-by_ECDSA-SHA384,11.82,2866.31,1099.15,1,0,0,126.8,16,2034.85,2022.78,1619,1616
1,8,34,RSA-SHA3-256_signed-by_ECDSA-SHA384,RSA-SHA3-256_signed-by_ECDSA-SHA384,11.302,2998.37,1172.17,1,0,0,118.727,15,2066.79,2003.62,1619,1617
1,3,29,RSA-SHA3-256_signed-by_ECDSA-SHA384,RSA-SHA3-256_signed-by_ECDSA-SHA384,8.938,3790.15,1453.41,1,0,0,148,24,2030.21,2011.05,1619,1616
1,6,34,RSA-SHA3-256_signed-by_ECDSA-SHA384,RSA-SHA3-256_signed-by_ECDSA-SHA384,15.426,2196.2,1458.26,0.888889,14,0.777778,115.333,9,2042.22,2024.53,1619,1616
1,5,34,RSA-SHA3-256_signed-by_ECDSA-SHA384,RSA-SHA3-256_signed-by_ECDSA-SHA384,10.88,3113.17,1194.09,1,0,0,126.8,15,2038.2,1996.61,1619,1615
1,1,29,RSA-SHA3-256_signed-by_ECDSA-SHA384,RSA-SHA3-256_signed-by_ECDSA-SHA384,20.404,1660.45,879.04,1,8,0.533333,113.2,24,2047.22,1995.82,1619,1616
1,2,29,RSA-SHA3-256_signed-by_ECDSA-SHA384,RSA-SHA3-256_signed-by_ECDSA-SHA384,17.292,1959.2,1575.69,0.590909,21,0.954545,129.455,24,2024.69,1986.7,1619,1616
1,7,31,RSA-SHA3-256_signed-by_ECDSA-SHA384,RSA-SHA3-256_signed-by_ECDSA-SHA384,13.764,2461.41,962.478,1,0,0,118.727,16,2510.19,2444.58,1619,1616
1,8,35,RSA-SHA3-256_signed-by_ECDSA-SHA384,RSA-SHA3-256_signed-by_ECDSA-SHA384,10.699,3167.36,1238.23,0.727273,0,0,118.727,15,2031.27,2016.08,1619,1617
1,3,30,RSA-SHA3-256_signed-by_ECDSA-SHA384,RSA-SHA3-256_signed-by_ECDSA-SHA384,12.943,2617.57,1023.54,1,0,0,138,24,2031.95,2010.87,1619,1616
1,6,35,RSA-SHA3-256_signed-by_ECDSA-SHA384,RSA-SHA3-256_signed-by_ECDSA-SHA384,13.606,2490.02,1127.71,1,11,0.785714,110,9,2038.49,1998.08,1619,1616
1,5,35,RSA-SHA3-256_signed-by_ECDSA-SHA384,RSA-SHA3-256_signed-by_ECDSA-SHA384,13.264,2553.62,1357.03,0.933333,7,0.466667,113.2,15,2006.95,2093.12,1619,1615
1,1,30,RSA-SHA3-256_signed-by_ECDSA-SHA384,RSA-SHA3-256_signed-by_ECDSA-SHA384,12.721,2663.26,1021.28,1,0,0,126.8,24,2038.27,2008.4,1619,1616
1,7,32,RSA-SHA3-256_signed-by_ECDSA-SHA384,RSA-SHA3-256_signed-by_ECDSA-SHA384,11.254,3010.45,1154.42,0.9,0,0,126.8,16,2050.01,1995.35,1619,1616
1,2,30,RSA-SHA3-256_signed-by_ECDSA-SHA384,RSA-SHA3-256_signed-by_ECDSA-SHA384,14.749,2297.04,1284.39,1,11,0.846154,158.308,24,2048.07,1992.65,1619,1616
1,8,36,RSA-SHA3-256_signed-by_ECDSA-SHA384,RSA-SHA3-256_signed-by_ECDSA-SHA384,16.995,1993.96,794.572,0.916667,0,0,112,15,2018.41,1997.16,1619,1617
1,3,31,RSA-SHA3-256_signed-by_ECDSA-SHA384,RSA-SHA3-256_signed-by_ECDSA-SHA384,15.836,2139.41,820.403,1,0,0,148,24,2514.1,2450.11,1619,1616
1,6,36,RSA-SHA3-256_signed-by_ECDSA-SHA384,RSA-SHA3-256_signed-by_ECDSA-SHA384,15.279,2217.4,1340.39,0.5,12,0.6,152.2,9,2045.38,2021.08,1619,1616
1,5,36,RSA-SHA3-256_signed-by_ECDSA-SHA384,RSA-SHA3-256_signed-by_ECDSA-SHA384,14.065,2408.09,923.651,1,0,0,126.8,15,2027.92,1993.93,1619,1615
1,1,31,RSA-SHA3-256_signed-by_ECDSA-SHA384,RSA-SHA3-256_signed-by_ECDSA-SHA384,14.663,2310.42,903.438,0.909091,0,0,118.727,24,2498.06,2473.01,1619,1616
1,7,33,RSA-SHA3-256_signed-by_ECDSA-SHA384,RSA-SHA3-256_signed-by_ECDSA-SHA384,13.465,2515.98,964.804,0.7,0,0,126.8,16,2033.9,1987.24,1619,1616
1,2,31,RSA-SHA3-256_signed-by_ECDSA-SHA384,RSA-SHA3-256_signed-by_ECDSA-SHA384,13.361,2535.56,972.315,1,0,0,136,24,2505.45,2464.41,1619,1616
1,6,37,RSA-SHA3-256_signed-by_ECDSA-SHA384,RSA-SHA3-256_signed-by_ECDSA-SHA384,9.453,3583.71,1623.04,1,7,0.5,110,9,2065.98,2009.21,1619,1616
1,3,32,RSA-SHA3-256_signed-by_ECDSA-SHA384,RSA-SHA3-256_signed-by_ECDSA-SHA384,14.667,2309.87,920.674,1,0,0,129.667,24,2035.23,2007.65,1619,1616
1,8,37,RSA-SHA3-256_signed-by_ECDSA-SHA384,RSA-SHA3-256_signed-by_ECDSA-SHA384,17.192,1971.07,1101.87,1,11,0.846154,146.923,15,2039.36,2001.77,1619,1617
1,2,32,RSA-SHA3-256_signed-by_ECDSA-SHA384,RSA-SHA3-256_signed-by_ECDSA-SHA384,11.194,3026.57,1160.6,1,0,0,136,24,2048.51,2000.32,1619,1616
1,7,34,RSA-SHA3-256_signed-by_ECDSA-SHA384,RSA-SHA3-256_signed-by_ECDSA-SHA384,12.819,2642.89,1384.17,1,7,0.5,118.571,16,2046.12,2037.15,1619,1616
1,5,37,RSA-SHA3-256_signed-by_ECDSA-SHA384,RSA-SHA3-256_signed-by_ECDSA-SHA384,15.818,2141.27,1121.71,1,7,0.5,118.571,15,2004.88,1991.37,1619,1615
1,1,32,RSA-SHA3-256_signed-by_ECDSA-SHA384,RSA-SHA3-256_signed-by_ECDSA-SHA384,15.342,2208.23,1561.14,1,18,1,130,24,2051.6,1996.36,1619,1616
1,7,35,RSA-SHA3-256_signed-by_ECDSA-SHA384,RSA-SHA3-256_signed-by_ECDSA-SHA384,9.33,3631.26,1392.48,1,0,0,126.8,16,2020.4,2020.82,1619,1616
1,2,33,RSA-SHA3-256_signed-by_ECDSA-SHA384,RSA-SHA3-256_signed-by_ECDSA-SHA384,11.557,2931.48,1349.8,1,7,0.466667,112.133,24,2012.98,2027.52,1619,1616
1,5,38,RSA-SHA3-256_signed-by_ECDSA-SHA384,RSA-SHA3-256_signed-by_ECDSA-SHA384,12.13,2792.33,1071.03,1,0,0,126.8,15,2033.22,2017.68,1619,1615
1,6,38,RSA-SHA3-256_signed-by_ECDSA-SHA384,RSA-SHA3-256_signed-by_ECDSA-SHA384,19.71,1718.91,909.985,1,8,0.533333,113.2,9,2044.11,1994.11,1619,1616
1,1,33,RSA-SHA3-256_signed-by_ECDSA-SHA384,RSA-SHA3-256_signed-by_ECDSA-SHA384,12.688,2670.15,1508.15,0.785714,18,1.28571,139.143,24,2010.65,2016.86,1619,1616
1,8,38,RSA-SHA3-256_signed-by_ECDSA-SHA384,RSA-SHA3-256_signed-by_ECDSA-SHA384,16.893,2005.94,1612.9,1,29,1.45,144,15,2037.9,1980.8,1619,1617
1,3,33,RSA-SHA3-256_signed-by_ECDSA-SHA384,RSA-SHA3-256_signed-by_ECDSA-SHA384,18.841,1798.21,1650.87,1,33,1.65,176.8,24,2042.22,1993.42,1619,1616
1,2,34,RSA-SHA3-256_signed-by_ECDSA-SHA384,RSA-SHA3-256_signed-by_ECDSA-SHA384,10.451,3241.77,1243.12,0.3,0,0,133.6,24,2063.21,2004.97,1619,1616
1,7,36,RSA-SHA3-256_signed-by_ECDSA-SHA384,RSA-SHA3-256_signed-by_ECDSA-SHA384,13.292,2548.82,977.399,1,0,0,126.8,16,2025.82,2001.05,1619,1616
1,5,39,RSA-SHA3-256_signed-by_ECDSA-SHA384,RSA-SHA3-256_signed-by_ECDSA-SHA384,10.746,3152.04,1209,0.8,0,0,126.8,15,2026.09,1987.89,1619,1615
1,6,39,RSA-SHA3-256_signed-by_ECDSA-SHA384,RSA-SHA3-256_signed-by_ECDSA-SHA384,11.245,3012.86,1364.5,0.571429,7,0.5,110,9,2036.28,2056.78,1619,1616
1,1,34,RSA-SHA3-256_signed-by_ECDSA-SHA384,RSA-SHA3-256_signed-by_ECDSA-SHA384,11.749,2883.59,1311.41,0.571429,0,0,170.857,24,2062.37,1994.56,1619,1616
1,8,39,RSA-SHA3-256_signed-by_ECDSA-SHA384,RSA-SHA3-256_signed-by_ECDSA-SHA384,13.16,2575,987.204,1,0,0,130.4,15,2039.8,2022.13,1619,1617
1,3,34,RSA-SHA3-256_signed-by_ECDSA-SHA384,RSA-SHA3-256_signed-by_ECDSA-SHA384,14.831,2284.3,1354.94,1,14,0.777778,123.778,24,2059.49,2019.41,1619,1616
1,7,37,RSA-SHA3-256_signed-by_ECDSA-SHA384,RSA-SHA3-256_signed-by_ECDSA-SHA384,13.073,2591.52,1021.92,1,0,0,111.667,16,2028.78,1991.21,1619,1616
1,5,40,RSA-SHA3-256_signed-by_ECDSA-SHA384,RSA-SHA3-256_signed-by_ECDSA-SHA384,12.61,2686.04,1403.29,1,14,0.777778,101.333,15,2038.95,2000.05,1619,1615
1,6,40,RSA-SHA3-256_signed-by_ECDSA-SHA384,RSA-SHA3-256_signed-by_ECDSA-SHA384,13.409,2526.56,987.952,1,0,0,118.727,9,2045.59,2000.89,1619,1616
1,8,40,RSA-SHA3-256_signed-by_ECDSA-SHA384,RSA-SHA3-256_signed-by_ECDSA-SHA384,12.222,2772.63,1534.24,1,2,0.166667,149.667,15,2068.85,1997.21,1619,1617
1,2,35,RSA-SHA3-256_signed-by_ECDSA-SHA384,RSA-SHA3-256_signed-by_ECDSA-SHA384,24.878,1361.81,1465.03,1,41,1.24242,122.485,24,2037.88,2021.03,1619,1616
1,3,35,RSA-SHA3-256_signed-by_ECDSA-SHA384,RSA-SHA3-256_signed-by_ECDSA-SHA384,15.253,2221.13,1163.27,1,7,0.5,137.143,24,2028.78,2002.82,1619,1616
1,7,38,RSA-SHA3-256_signed-by_ECDSA-SHA384,RSA-SHA3-256_signed-by_ECDSA-SHA384,12.106,2798.56,1094.31,1,0,0,118.727,16,2041.04,1994.1,1619,1616
1,5,41,RSA-SHA3-256_signed-by_ECDSA-SHA384,RSA-SHA3-256_signed-by_ECDSA-SHA384,12.755,2655.52,1634.46,1,19,1,104.526,15,2028.51,1994.1,1619,1615
1,6,41,RSA-SHA3-256_signed-by_ECDSA-SHA384,RSA-SHA3-256_signed-by_ECDSA-SHA384,11.539,2936.11,1554.37,1,8,0.533333,113.2,9,2029.9,2035.77,1619,1616
1,8,41,RSA-SHA3-256_signed-by_ECDSA-SHA384,RSA-SHA3-256_signed-by_ECDSA-SHA384,11.752,2883.57,1143.63,1,5,0.416667,129.667,15,2037.49,2022.22,1619,1617
1,1,35,RSA-SHA3-256_signed-by_ECDSA-SHA384,RSA-SHA3-256_signed-by_ECDSA-SHA384,29.762,1138.36,1021.97,1,39,1.625,132.333,24,2028.63,2012.82,1619,1616
1,2,36,RSA-SHA3-256_signed-by_ECDSA-SHA384,RSA-SHA3-256_signed-by_ECDSA-SHA384,11.217,3020.35,1581.85,1,7,0.5,118.571,24,2229.39,2038.51,1619,1616
1,3,36,RSA-SHA3-256_signed-by_ECDSA-SHA384,RSA-SHA3-256_signed-by_ECDSA-SHA384,12.079,2804.79,1312.65,1,7,0.4375,116.5,24,2060.67,1994.6,1619,1616
1,5,42,RSA-SHA3-256_signed-by_ECDSA-SHA384,RSA-SHA3-256_signed-by_ECDSA-SHA384,14.742,2297.55,1621.42,1,21,0.954545,198,15,2029.75,1988.33,1619,1615
1,6,42,RSA-SHA3-256_signed-by_ECDSA-SHA384,RSA-SHA3-256_signed-by_ECDSA-SHA384,14.615,2318.06,1711.04,1,11,0.611111,113.111,9,2039.64,1990.63,1619,1616
1,2,37,RSA-SHA3-256_signed-by_ECDSA-SHA384,RSA-SHA3-256_signed-by_ECDSA-SHA384,9.722,3484.83,1336.33,0.8,0,0,126.8,24,2028.28,2018.09,1619,1616
1,7,39,RSA-SHA3-256_signed-by_ECDSA-SHA384,RSA-SHA3-256_signed-by_ECDSA-SHA384,19.95,1698.23,968.811,1,13,0.866667,136.133,16,2033.05,2009.5,1619,1616
1,8,42,RSA-SHA3-256_signed-by_ECDSA-SHA384,RSA-SHA3-256_signed-by_ECDSA-SHA384,15.803,2144.29,1496.34,1,25,1.19048,202,15,2030.83,1996.47,1619,1617
1,3,37,RSA-SHA3-256_signed-by_ECDSA-SHA384,RSA-SHA3-256_signed-by_ECDSA-SHA384,10.888,3111.62,1193.22,0.8,0,0,126.8,24,2046.09,1984.59,1619,1616
1,1,36,RSA-SHA3-256_signed-by_ECDSA-SHA384,RSA-SHA3-256_signed-by_ECDSA-SHA384,16.279,2081.11,1573.49,1,24,1.04348,196.261,24,2055.54,1990.18,1619,1616
1,6,43,RSA-SHA3-256_signed-by_ECDSA-SHA384,RSA-SHA3-256_signed-by_ECDSA-SHA384,9.804,3455.7,1565.06,1,7,0.5,110,9,2029.24,1996.92,1619,1616
1,5,43,RSA-SHA3-256_signed-by_ECDSA-SHA384,RSA-SHA3-256_signed-by_ECDSA-SHA384,15.406,2198.52,1229.59,1,11,0.846154,146.923,15,2035.58,2000.43,1619,1615
1,2,38,RSA-SHA3-256_signed-by_ECDSA-SHA384,RSA-SHA3-256_signed-by_ECDSA-SHA384,14.492,2337.77,1224.36,1,7,0.5,118.571,24,2021.74,2006.11,1619,1616
1,7,40,RSA-SHA3-256_signed-by_ECDSA-SHA384,RSA-SHA3-256_signed-by_ECDSA-SHA384,14.699,2304.85,1207.12,1,7,0.5,118.571,16,2048.36,2009.02,1619,1616
1,3,38,RSA-SHA3-256_signed-by_ECDSA-SHA384,RSA-SHA3-256_signed-by_ECDSA-SHA384,13.68,2476.55,968.398,1,0,0,118.727,24,2063.12,1991.07,1619,1616
1,8,43,RSA-SHA3-256_signed-by_ECDSA-SHA384,RSA-SHA3-256_signed-by_ECDSA-SHA384,16.887,2006.68,908.595,1,3,0.214286,202.571,15,2037.37,2027.44,1619,1617
1,1,37,RSA-SHA3-256_signed-by_ECDSA-SHA384,RSA-SHA3-256_signed-by_ECDSA-SHA384,14.46,2342.97,1310.07,0.769231,11,0.846154,146.923,24,2046.83,2042.49,1619,1616
1,6,44,RSA-SHA3-256_signed-by_ECDSA-SHA384,RSA-SHA3-256_signed-by_ECDSA-SHA384,13.876,2441.59,936.279,0.5,0,0,126.8,9,2011.68,2006.11,1619,1616
1,5,44,RSA-SHA3-256_signed-by_ECDSA-SHA384,RSA-SHA3-256_signed-by_ECDSA-SHA384,11.304,2996.24,1569.59,1,7,0.5,118.571,15,2036.65,2005.56,1619,1615
1,7,41,RSA-SHA3-256_signed-by_ECDSA-SHA384,RSA-SHA3-256_signed-by_ECDSA-SHA384,10.956,3092.35,1185.83,1,0,0,126.8,16,2015.3,2013.93,1619,1616
1,3,39,RSA-SHA3-256_signed-by_ECDSA-SHA384,RSA-SHA3-256_signed-by_ECDSA-SHA384,13.011,2603.9,998.519,1,0,0,126.8,24,2038.5,2015.56,1619,1616
1,2,39,RSA-SHA3-256_signed-by_ECDSA-SHA384,RSA-SHA3-256_signed-by_ECDSA-SHA384,15.797,2144.65,1231.59,1,11,0.733333,132.4,24,2043.7,1999.11,1619,1616
1,8,44,RSA-SHA3-256_signed-by_ECDSA-SHA384,RSA-SHA3-256_signed-by_ECDSA-SHA384,14.582,2323.88,908.486,1,0,0,138,15,2313.31,2010.85,1619,1617
1,1,38,RSA-SHA3-256_signed-by_ECDSA-SHA384,RSA-SHA3-256_signed-by_ECDSA-SHA384,14.595,2321.26,1297.93,1,11,0.846154,146.923,24,2038.72,1986.57,1619,1616
1,5,45,RSA-SHA3-256_signed-by_ECDSA-SHA384,RSA-SHA3-256_signed-by_ECDSA-SHA384,11.735,2886.35,1614.29,0.615385,11,0.846154,150.615,15,2032.66,2000.99,1619,1615
1,6,45,RSA-SHA3-256_signed-by_ECDSA-SHA384,RSA-SHA3-256_signed-by_ECDSA-SHA384,14.944,2267.05,1280.47,1,12,0.857143,139.143,9,2030.22,2015.9,1619,1616
1,7,42,RSA-SHA3-256_signed-by_ECDSA-SHA384,RSA-SHA3-256_signed-by_ECDSA-SHA384,11.586,2924.19,1121.34,0.3,0,0,126.8,16,2042.84,1994.38,1619,1616
1,3,40,RSA-SHA3-256_signed-by_ECDSA-SHA384,RSA-SHA3-256_signed-by_ECDSA-SHA384,10.338,3277.22,1256.72,0.6,0,0,126.8,24,2065.01,1999.26,1619,1616
1,8,45,RSA-SHA3-256_signed-by_ECDSA-SHA384,RSA-SHA3-256_signed-by_ECDSA-SHA384,9.217,3676.31,1430.26,0.909091,5,0.454545,138,15,2035.42,1981.24,1619,1617
1,2,40,RSA-SHA3-256_signed-by_ECDSA-SHA384,RSA-SHA3-256_signed-by_ECDSA-SHA384,12.998,2606.48,1546.04,0.555556,14,0.777778,107.333,24,2042.82,2022.17,1619,1616
1,5,46,RSA-SHA3-256_signed-by_ECDSA-SHA384,RSA-SHA3-256_signed-by_ECDSA-SHA384,10.84,3124.66,1198.5,1,0,0,126.8,15,2052.03,2024.72,1619,1615
1,1,39,RSA-SHA3-256_signed-by_ECDSA-SHA384,RSA-SHA3-256_signed-by_ECDSA-SHA384,11.89,2849.39,1492.31,1,7,0.5,118.571,24,2035.51,2015.66,1619,1616
1,6,46,RSA-SHA3-256_signed-by_ECDSA-SHA384,RSA-SHA3-256_signed-by_ECDSA-SHA384,15.168,2233.55,903.969,1,1,0.0909091,120.182,9,2047.55,2015.56,1619,1616
1,7,43,RSA-SHA3-256_signed-by_ECDSA-SHA384,RSA-SHA3-256_signed-by_ECDSA-SHA384,13.933,2431.55,950.803,1,0,0,118.727,16,2041.26,2008.64,1619,1616
1,3,41,RSA-SHA3-256_signed-by_ECDSA-SHA384,RSA-SHA3-256_signed-by_ECDSA-SHA384,14.097,2403.26,957.899,1,0,0,112,24,2043.19,1990.04,1619,1616
1,2,41,RSA-SHA3-256_signed-by_ECDSA-SHA384,RSA-SHA3-256_signed-by_ECDSA-SHA384,12.719,2663.67,1977.47,0.823529,22,1.29412,155.647,24,2038.47,2001.96,1619,1616
1,8,46,RSA-SHA3-256_signed-by_ECDSA-SHA384,RSA-SHA3-256_signed-by_ECDSA-SHA384,15.23,2225,1007.45,1,3,0.214286,199.143,16,2013.61,2040.47,1619,1617
1,1,40,RSA-SHA3-256_signed-by_ECDSA-SHA384,RSA-SHA3-256_signed-by_ECDSA-SHA384,11.69,2898.17,1111.37,0.8,0,0,126.8,24,2055.99,1982.39,1619,1616
1,5,47,RSA-SHA3-256_signed-by_ECDSA-SHA384,RSA-SHA3-256_signed-by_ECDSA-SHA384,14.46,2342.41,1227.08,0.928571,7,0.5,118.571,15,2466.55,2479.92,1619,1615
1,6,47,RSA-SHA3-256_signed-by_ECDSA-SHA384,RSA-SHA3-256_signed-by_ECDSA-SHA384,11.083,3056.67,1172.14,1,0,0,126.8,9,2494.31,2499.26,1619,1616
1,7,44,RSA-SHA3-256_signed-by_ECDSA-SHA384,RSA-SHA3-256_signed-by_ECDSA-SHA384,13.471,2514.97,1317.17,1,7,0.5,118.571,16,2258.66,2033.57,1619,1616
1,3,42,RSA-SHA3-256_signed-by_ECDSA-SHA384,RSA-SHA3-256_signed-by_ECDSA-SHA384,13.658,2480.55,951.217,1,0,0,126.8,24,2040.65,2100.5,1619,1616
1,8,47,RSA-SHA3-256_signed-by_ECDSA-SHA384,RSA-SHA3-256_signed-by_ECDSA-SHA384,13.22,2563.34,1002.1,1,0,0,138,16,2545.85,2559.48,1619,1617
1,2,42,RSA-SHA3-256_signed-by_ECDSA-SHA384,RSA-SHA3-256_signed-by_ECDSA-SHA384,14.828,2284.81,1294.81,1,11,0.785714,139.143,24,2037.23,2037.79,1619,1616
1,1,41,RSA-SHA3-256_signed-by_ECDSA-SHA384,RSA-SHA3-256_signed-by_ECDSA-SHA384,13.452,2518.53,1408.23,1,11,0.846154,146.923,24,2045.27,2003.06,1619,1616
1,5,48,RSA-SHA3-256_signed-by_ECDSA-SHA384,RSA-SHA3-256_signed-by_ECDSA-SHA384,14.491,2337.37,914.192,0.909091,0,0,118.727,15,2042.01,2018.47,1619,1615
1,6,48,RSA-SHA3-256_signed-by_ECDSA-SHA384,RSA-SHA3-256_signed-by_ECDSA-SHA384,13.329,2541.76,1421.23,0.769231,11,0.846154,146.923,9,2049.08,1999.51,1619,1616
1,7,45,RSA-SHA3-256_signed-by_ECDSA-SHA384,RSA-SHA3-256_signed-by_ECDSA-SHA384,11.053,3065.22,1175.42,0.5,0,0,126.8,16,2023.93,1991.64,1619,1616
1,3,43,RSA-SHA3-256_signed-by_ECDSA-SHA384,RSA-SHA3-256_signed-by_ECDSA-SHA384,12.168,2784.31,1556.84,0.846154,11,0.846154,161.077,24,2041.44,2008.48,1619,1616
1,8,48,RSA-SHA3-256_signed-by_ECDSA-SHA384,RSA-SHA3-256_signed-by_ECDSA-SHA384,10.435,3247.52,1263.44,0.545455,7,0.636364,138,16,2033.88,2010.46,1619,1617
1,2,43,RSA-SHA3-256_signed-by_ECDSA-SHA384,RSA-SHA3-256_signed-by_ECDSA-SHA384,11.003,3079.13,1180.76,0.6,0,0,126.8,24,2035.56,1984.47,1619,1616
1,1,42,RSA-SHA3-256_signed-by_ECDSA-SHA384,RSA-SHA3-256_signed-by_ECDSA-SHA384,12.313,2751.49,1055.12,0.6,0,0,126.8,24,2038.67,1997.69,1619,1616
1,5,49,RSA-SHA3-256_signed-by_ECDSA-SHA384,RSA-SHA3-256_signed-by_ECDSA-SHA384,11.118,3046.54,1595.94,0.785714,7,0.5,118.571,15,2021.1,1980.34,1619,1615
1,6,49,RSA-SHA3-256_signed-by_ECDSA-SHA384,RSA-SHA3-256_signed-by_ECDSA-SHA384,11.701,2895.42,1110.31,1,0,0,126.8,9,2037.31,2068.75,1619,1616
1,7,46,RSA-SHA3-256_signed-by_ECDSA-SHA384,RSA-SHA3-256_signed-by_ECDSA-SHA384,13.35,2537.73,973.148,1,0,0,126.8,16,2026.45,1997.97,1619,1616
1,3,44,RSA-SHA3-256_signed-by_ECDSA-SHA384,RSA-SHA3-256_signed-by_ECDSA-SHA384,11.691,2897.89,1111.26,0.5,0,0,126.8,24,2144.84,2000.52,1619,1616
1,8,49,RSA-SHA3-256_signed-by_ECDSA-SHA384,RSA-SHA3-256_signed-by_ECDSA-SHA384,11.927,2841.2,1291.82,0.571429,0,0,202.571,16,2023.95,1997.82,1619,1617
1,2,44,RSA-SHA3-256_signed-by_ECDSA-SHA384,RSA-SHA3-256_signed-by_ECDSA-SHA384,12.685,2670.79,1209.58,0.785714,7,0.5,110,24,2043.39,1997.61,1619,1616
1,1,43,RSA-SHA3-256_signed-by_ECDSA-SHA384,RSA-SHA3-256_signed-by_ECDSA-SHA384,14.393,2353.83,1351.71,1,11,0.733333,132.4,24,2029.32,1990.39,1619,1616
1,5,50,RSA-SHA3-256_signed-by_ECDSA-SHA384,RSA-SHA3-256_signed-by_ECDSA-SHA384,13.069,2591.7,994.077,1,0,0,126.8,15,2036.45,1997.49,1619,1615
1,6,50,RSA-SHA3-256_signed-by_ECDSA-SHA384,RSA-SHA3-256_signed-by_ECDSA-SHA384,12.709,2665.75,1022.24,1,0,0,126.8,9,2043.67,2005.68,1619,1616
1,7,47,RSA-SHA3-256_signed-by_ECDSA-SHA384,RSA-SHA3-256_signed-by_ECDSA-SHA384,15.419,2197.22,1183.96,1,7,0.4375,108.5,16,2476.09,2476.54,1619,1616
1,8,50,RSA-SHA3-256_signed-by_ECDSA-SHA384,RSA-SHA3-256_signed-by_ECDSA-SHA384,12.89,2628.97,1376.55,1,7,0.5,137.143,16,2029.2,2004.09,1619,1617
1,3,45,RSA-SHA3-256_signed-by_ECDSA-SHA384,RSA-SHA3-256_signed-by_ECDSA-SHA384,18.726,1809.16,1110.7,1,15,0.714286,97.4286,24,2025.98,1988.39,1619,1616
1,2,45,RSA-SHA3-256_signed-by_ECDSA-SHA384,RSA-SHA3-256_signed-by_ECDSA-SHA384,16.59,2042.12,783.094,1,0,0,126.8,24,2040.9,1992.12,1619,1616
1,6,51,RSA-SHA3-256_signed-by_ECDSA-SHA384,RSA-SHA3-256_signed-by_ECDSA-SHA384,12.325,2748.84,1054.1,1,0,0,126.8,9,2091.43,1992.32,1619,1616
1,5,51,RSA-SHA3-256_signed-by_ECDSA-SHA384,RSA-SHA3-256_signed-by_ECDSA-SHA384,13.497,2509.55,976.791,1,7,0.636364,119.818,15,2081.39,1987.81,1619,1615
1,1,44,RSA-SHA3-256_signed-by_ECDSA-SHA384,RSA-SHA3-256_signed-by_ECDSA-SHA384,14.831,2284.35,1610.64,1,22,1.22222,130,24,2064.01,1999.22,1619,1616
1,8,51,RSA-SHA3-256_signed-by_ECDSA-SHA384,RSA-SHA3-256_signed-by_ECDSA-SHA384,15.582,2174.76,850.188,0.909091,0,0,134.727,16,2012.34,2012.03,1619,1617
1,7,48,RSA-SHA3-256_signed-by_ECDSA-SHA384,RSA-SHA3-256_signed-by_ECDSA-SHA384,17.172,1972.91,1103.15,1,11,0.846154,146.923,16,1997.59,2023.99,1619,1616
1,2,46,RSA-SHA3-256_signed-by_ECDSA-SHA384,RSA-SHA3-256_signed-by_ECDSA-SHA384,11.617,2916.17,1118.26,0.1,0,0,126.8,24,2035.33,1993.6,1619,1616
1,3,46,RSA-SHA3-256_signed-by_ECDSA-SHA384,RSA-SHA3-256_signed-by_ECDSA-SHA384,13.625,2486.56,953.525,0.7,0,0,126.8,24,2040.64,2016.93,1619,1616
1,6,52,RSA-SHA3-256_signed-by_ECDSA-SHA384,RSA-SHA3-256_signed-by_ECDSA-SHA384,12.328,2748.21,1114.86,0.0909091,1,0.0909091,120.182,9,2018.97,2001.27,1619,1616
1,5,52,RSA-SHA3-256_signed-by_ECDSA-SHA384,RSA-SHA3-256_signed-by_ECDSA-SHA384,13.031,2599.33,1162.76,0.0769231,0,0,208.769,15,2057.88,2014.31,1619,1615
1,1,45,RSA-SHA3-256_signed-by_ECDSA-SHA384,RSA-SHA3-256_signed-by_ECDSA-SHA384,13.974,2424.48,1098.03,0,4,0.285714,170.857,24,2041.4,2007.16,1619,1616
1,8,52,RSA-SHA3-256_signed-by_ECDSA-SHA384,RSA-SHA3-256_signed-by_ECDSA-SHA384,10.454,3241.35,1242.67,0.3,0,0,126.8,16,2192.72,2007.54,1619,1617
1,2,47,RSA-SHA3-256_signed-by_ECDSA-SHA384,RSA-SHA3-256_signed-by_ECDSA-SHA384,10.575,3203.49,1252.65,0.272727,0,0,118.727,24,2481.78,2466.66,1619,1616
1,7,49,RSA-SHA3-256_signed-by_ECDSA-SHA384,RSA-SHA3-256_signed-by_ECDSA-SHA384,11.577,2926.47,1122.22,0.3,0,0,126.8,16,2023.66,1990.07,1619,1616
1,6,53,RSA-SHA3-256_signed-by_ECDSA-SHA384,RSA-SHA3-256_signed-by_ECDSA-SHA384,9.865,3434.05,1316.86,0.3,0,0,126.8,9,2011.74,1990.45,1619,1616
1,5,53,RSA-SHA3-256_signed-by_ECDSA-SHA384,RSA-SHA3-256_signed-by_ECDSA-SHA384,10.63,3186.43,1222.19,0.3,0,0,126.8,15,2017.76,2023.05,1619,1615
1,3,47,RSA-SHA3-256_signed-by_ECDSA-SHA384,RSA-SHA3-256_signed-by_ECDSA-SHA384,14.131,2397.52,1255.65,0.428571,7,0.5,118.571,24,2494.66,2505.29,1619,1616
1,1,46,RSA-SHA3-256_signed-by_ECDSA-SHA384,RSA-SHA3-256_signed-by_ECDSA-SHA384,12.269,2761.38,1058.91,1,0,0,126.8,24,2048.86,2010.76,1619,1616
1,8,53,RSA-SHA3-256_signed-by_ECDSA-SHA384,RSA-SHA3-256_signed-by_ECDSA-SHA384,12.004,2822.98,1082.28,1,0,0,126.8,16,2043.07,1996.93,1619,1617
1,2,48,RSA-SHA3-256_signed-by_ECDSA-SHA384,RSA-SHA3-256_signed-by_ECDSA-SHA384,11.099,3052.46,1598.67,1,11,0.785714,118.571,24,2039.61,2012.4,1619,1616
1,6,54,RSA-SHA3-256_signed-by_ECDSA-SHA384,RSA-SHA3-256_signed-by_ECDSA-SHA384,11.123,3045.88,1168.01,1,0,0,126.8,9,2008.93,2001.82,1619,1616
1,1,47,RSA-SHA3-256_signed-by_ECDSA-SHA384,RSA-SHA3-256_signed-by_ECDSA-SHA384,8.212,4125.2,1613.06,1,0,0,118.727,24,2516.53,2523.07,1619,1616
1,5,54,RSA-SHA3-256_signed-by_ECDSA-SHA384,RSA-SHA3-256_signed-by_ECDSA-SHA384,13.972,2424.18,1269.92,1,7,0.5,118.571,15,2029.81,1994.15,1619,1615
1,3,48,RSA-SHA3-256_signed-by_ECDSA-SHA384,RSA-SHA3-256_signed-by_ECDSA-SHA384,13.101,2585.97,1914.9,1,23,1.35294,172.588,24,2041.5,2009.06,1619,1616
1,7,50,RSA-SHA3-256_signed-by_ECDSA-SHA384,RSA-SHA3-256_signed-by_ECDSA-SHA384,19.606,1728.03,1402.83,1,21,0.913043,110,16,2009.21,2030.77,1619,1616
1,8,54,RSA-SHA3-256_signed-by_ECDSA-SHA384,RSA-SHA3-256_signed-by_ECDSA-SHA384,13.309,2546.16,1060.3,1,1,0.0769231,107.231,16,2041.5,2030.39,1619,1617
1,6,55,RSA-SHA3-256_signed-by_ECDSA-SHA384,RSA-SHA3-256_signed-by_ECDSA-SHA384,12.443,2722.74,1044.09,1,0,0,126.8,9,2055.01,2002.16,1619,1616
1,1,48,RSA-SHA3-256_signed-by_ECDSA-SHA384,RSA-SHA3-256_signed-by_ECDSA-SHA384,10.872,3116.22,1434.86,1,7,0.466667,105.2,24,2046.31,1999.26,1619,1616
1,3,49,RSA-SHA3-256_signed-by_ECDSA-SHA384,RSA-SHA3-256_signed-by_ECDSA-SHA384,13.391,2529.97,970.172,1,0,0,130.4,24,2028.71,2008.27,1619,1616
1,5,55,RSA-SHA3-256_signed-by_ECDSA-SHA384,RSA-SHA3-256_signed-by_ECDSA-SHA384,14.913,2271.23,1270.26,1,11,0.846154,146.923,15,2045.63,2010.59,1619,1615
1,7,51,RSA-SHA3-256_signed-by_ECDSA-SHA384,RSA-SHA3-256_signed-by_ECDSA-SHA384,13.543,2501.58,959.283,1,0,0,126.8,16,2058.49,2000.76,1619,1616
1,2,49,RSA-SHA3-256_signed-by_ECDSA-SHA384,RSA-SHA3-256_signed-by_ECDSA-SHA384,23.444,1445.12,1027.79,1,22,0.956522,198,24,2072.97,2035.01,1619,1616
1,6,56,RSA-SHA3-256_signed-by_ECDSA-SHA384,RSA-SHA3-256_signed-by_ECDSA-SHA384,11.475,2952.46,1132.18,0.5,0,0,126.8,9,2250.7,2015.91,1619,1616
1,1,49,RSA-SHA3-256_signed-by_ECDSA-SHA384,RSA-SHA3-256_signed-by_ECDSA-SHA384,11.496,2947.07,1647.85,0.384615,11,0.846154,146.923,24,2028.62,2011.8,1619,1616
1,8,55,RSA-SHA3-256_signed-by_ECDSA-SHA384,RSA-SHA3-256_signed-by_ECDSA-SHA384,13.88,2441.44,1779.79,1,15,1,178.267,16,2056.22,2010,1619,1617
1,5,56,RSA-SHA3-256_signed-by_ECDSA-SHA384,RSA-SHA3-256_signed-by_ECDSA-SHA384,10.35,3272.63,1255.26,0.8,0,0,126.8,15,2032.15,2001.04,1619,1615
1,2,50,RSA-SHA3-256_signed-by_ECDSA-SHA384,RSA-SHA3-256_signed-by_ECDSA-SHA384,8.57,3952.94,1538.24,1,7,0.636364,118.727,24,2037.44,2003.15,1619,1616
1,3,50,RSA-SHA3-256_signed-by_ECDSA-SHA384,RSA-SHA3-256_signed-by_ECDSA-SHA384,12.86,2634.47,1010.24,1,0,0,126.8,24,2053.82,2002.66,1619,1616
1,7,52,RSA-SHA3-256_signed-by_ECDSA-SHA384,RSA-SHA3-256_signed-by_ECDSA-SHA384,12.06,2809.23,1098.49,1,0,0,118.727,16,2007.49,2032.78,1619,1616
1,6,57,RSA-SHA3-256_signed-by_ECDSA-SHA384,RSA-SHA3-256_signed-by_ECDSA-SHA384,12.733,2660.73,1205.02,1,7,0.5,110,9,2033.35,2023.17,1619,1616
1,8,56,RSA-SHA3-256_signed-by_ECDSA-SHA384,RSA-SHA3-256_signed-by_ECDSA-SHA384,14.883,2276.84,1226.57,1,11,0.6875,108.5,16,2052.12,2027.27,1619,1617
1,1,50,RSA-SHA3-256_signed-by_ECDSA-SHA384,RSA-SHA3-256_signed-by_ECDSA-SHA384,16.741,2023.66,1430.66,1,22,1.22222,130,24,2006.62,1992.14,1619,1616
1,2,51,RSA-SHA3-256_signed-by_ECDSA-SHA384,RSA-SHA3-256_signed-by_ECDSA-SHA384,11.602,2920.09,1315.59,1,4,0.285714,170.571,24,2047.31,1985.52,1619,1616
1,5,57,RSA-SHA3-256_signed-by_ECDSA-SHA384,RSA-SHA3-256_signed-by_ECDSA-SHA384,14.899,2273.34,1208.08,1,7,0.466667,113.2,15,2032.07,1990.54,1619,1615
1,7,53,RSA-SHA3-256_signed-by_ECDSA-SHA384,RSA-SHA3-256_signed-by_ECDSA-SHA384,11.954,2834.12,2098.65,1,23,1.35294,164.118,16,2039.18,1992.77,1619,1616
1,6,58,RSA-SHA3-256_signed-by_ECDSA-SHA384,RSA-SHA3-256_signed-by_ECDSA-SHA384,10.005,3386.25,1317.72,1,7,0.636364,118.727,9,2041.54,2025.24,1619,1616
1,8,57,RSA-SHA3-256_signed-by_ECDSA-SHA384,RSA-SHA3-256_signed-by_ECDSA-SHA384,13.034,2599.89,1177.19,1,3,0.214286,170.857,16,2036.64,2035.53,1619,1617
1,3,51,RSA-SHA3-256_signed-by_ECDSA-SHA384,RSA-SHA3-256_signed-by_ECDSA-SHA384,23.532,1439.69,1182.35,1,28,1.12,121.04,24,2037.13,2003.15,1619,1616
1,1,51,RSA-SHA3-256_signed-by_ECDSA-SHA384,RSA-SHA3-256_signed-by_ECDSA-SHA384,16.206,2090.47,994.146,1,3,0.176471,147.412,24,2044.03,1988.61,1619,1616
1,2,52,RSA-SHA3-256_signed-by_ECDSA-SHA384,RSA-SHA3-256_signed-by_ECDSA-SHA384,15.619,2169.05,1513.98,1,25,1.19048,205.619,24,2053.65,2013.15,1619,1616
1,5,58,RSA-SHA3-256_signed-by_ECDSA-SHA384,RSA-SHA3-256_signed-by_ECDSA-SHA384,14.426,2347.88,1313.12,1,11,0.846154,146.923,15,2006.07,2050.57,1619,1615
1,6,59,RSA-SHA3-256_signed-by_ECDSA-SHA384,RSA-SHA3-256_signed-by_ECDSA-SHA384,13.196,2567.35,1148.18,1,0,0,181.077,9,2057.2,1997.32,1619,1616
1,7,54,RSA-SHA3-256_signed-by_ECDSA-SHA384,RSA-SHA3-256_signed-by_ECDSA-SHA384,15.316,2211.96,1283.83,1,12,0.857143,140.286,16,2051.83,2048.61,1619,1616
1,8,58,RSA-SHA3-256_signed-by_ECDSA-SHA384,RSA-SHA3-256_signed-by_ECDSA-SHA384,12.262,2763.58,1139.09,1,1,0.0833333,109.333,16,2055.62,1998.67,1619,1617
1,5,59,RSA-SHA3-256_signed-by_ECDSA-SHA384,RSA-SHA3-256_signed-by_ECDSA-SHA384,7.618,4445.83,1814.45,1,1,0.0833333,113,15,2037.69,2008.3,1619,1615
1,7,55,RSA-SHA3-256_signed-by_ECDSA-SHA384,RSA-SHA3-256_signed-by_ECDSA-SHA384,8.388,4038.64,1579.22,0.818182,0,0,114.364,16,2063.26,1976.12,1619,1616
1,6,60,RSA-SHA3-256_signed-by_ECDSA-SHA384,RSA-SHA3-256_signed-by_ECDSA-SHA384,10.163,3333.64,1745.93,0.642857,7,0.5,118.571,9,2043.91,2015.95,1619,1616
1,8,59,RSA-SHA3-256_signed-by_ECDSA-SHA384,RSA-SHA3-256_signed-by_ECDSA-SHA384,9.517,3560.5,1391.92,0.545455,0,0,114.364,16,2046.5,2005.66,1619,1617
1,5,60,RSA-SHA3-256_signed-by_ECDSA-SHA384,RSA-SHA3-256_signed-by_ECDSA-SHA384,12.962,2613.15,1022.05,0.636364,0,0,122,15,2010.65,2041.7,1619,1615
1,6,61,RSA-SHA3-256_signed-by_ECDSA-SHA384,RSA-SHA3-256_signed-by_ECDSA-SHA384,10.655,3179.46,1243.25,0.636364,0,0,118.727,9,2036.9,2010.39,1619,1616
1,2,53,RSA-SHA3-256_signed-by_ECDSA-SHA384,RSA-SHA3-256_signed-by_ECDSA-SHA384,23.053,1469.65,880.053,1,11,0.578947,156.947,24,2043.45,1999.4,1619,1616
1,7,56,RSA-SHA3-256_signed-by_ECDSA-SHA384,RSA-SHA3-256_signed-by_ECDSA-SHA384,12.594,2690.17,1031.6,1,0,0,126.8,16,2055.59,1992.36,1619,1616
1,3,52,RSA-SHA3-256_signed-by_ECDSA-SHA384,RSA-SHA3-256_signed-by_ECDSA-SHA384,27.666,1224.58,1205.21,1,36,1.2,181.2,24,2032.8,2000.28,1619,1616
1,8,60,RSA-SHA3-256_signed-by_ECDSA-SHA384,RSA-SHA3-256_signed-by_ECDSA-SHA384,10.043,3373.97,1390.69,1,1,0.0833333,113.333,16,2029.91,1985.71,1619,1617
1,1,52,RSA-SHA3-256_signed-by_ECDSA-SHA384,RSA-SHA3-256_signed-by_ECDSA-SHA384,30.714,1103.08,602.721,1,11,0.611111,102,24,2266.64,2015.99,1619,1616
1,2,54,RSA-SHA3-256_signed-by_ECDSA-SHA384,RSA-SHA3-256_signed-by_ECDSA-SHA384,10.63,3187.14,1246.26,1,0,0,118.727,24,2042.67,2008.82,1619,1616
1,7,57,RSA-SHA3-256_signed-by_ECDSA-SHA384,RSA-SHA3-256_signed-by_ECDSA-SHA384,14.885,2276.02,1222.12,1,8,0.5,108.5,16,2036.03,2002.46,1619,1616
1,5,61,RSA-SHA3-256_signed-by_ECDSA-SHA384,RSA-SHA3-256_signed-by_ECDSA-SHA384,17.522,1933.03,1110.33,1,11,0.733333,155.067,15,2069.72,2000.68,1619,1615
1,8,61,RSA-SHA3-256_signed-by_ECDSA-SHA384,RSA-SHA3-256_signed-by_ECDSA-SHA384,13.555,2499.96,977.323,1,0,0,118.727,16,2037.34,2001.57,1619,1617
1,6,62,RSA-SHA3-256_signed-by_ECDSA-SHA384,RSA-SHA3-256_signed-by_ECDSA-SHA384,18.869,1795.45,1138.74,1,19,1.05556,123.333,9,2038.87,1992.33,1619,1616
1,3,53,RSA-SHA3-256_signed-by_ECDSA-SHA384,RSA-SHA3-256_signed-by_ECDSA-SHA384,19.12,1771.88,1362.28,1,25,1.19048,122.571,24,2049.24,2017.84,1619,1616
1,1,53,RSA-SHA3-256_signed-by_ECDSA-SHA384,RSA-SHA3-256_signed-by_ECDSA-SHA384,15.323,2211,1236.28,1,11,0.846154,146.923,24,2093.34,1990.74,1619,1616
1,2,55,RSA-SHA3-256_signed-by_ECDSA-SHA384,RSA-SHA3-256_signed-by_ECDSA-SHA384,14.294,2370.17,926.803,0.545455,0,0,118.727,24,2059.03,2041.85,1619,1616
1,7,58,RSA-SHA3-256_signed-by_ECDSA-SHA384,RSA-SHA3-256_signed-by_ECDSA-SHA384,11.581,2925.47,1143.94,0.545455,0,0,118.727,16,2039.76,1996,1619,1616
1,5,62,RSA-SHA3-256_signed-by_ECDSA-SHA384,RSA-SHA3-256_signed-by_ECDSA-SHA384,11.762,2879.76,1104.56,0.3,0,0,148,15,2129.45,2015.7,1619,1615
1,8,62,RSA-SHA3-256_signed-by_ECDSA-SHA384,RSA-SHA3-256_signed-by_ECDSA-SHA384,12.246,2767.22,1060.9,0.3,0,0,132.4,16,2029.6,2001.29,1619,1617
1,6,63,RSA-SHA3-256_signed-by_ECDSA-SHA384,RSA-SHA3-256_signed-by_ECDSA-SHA384,12.588,2691.41,1032.08,0.6,0,0,126.8,9,2516.36,2518.76,1619,1616
1,3,54,RSA-SHA3-256_signed-by_ECDSA-SHA384,RSA-SHA3-256_signed-by_ECDSA-SHA384,11.495,2947.33,1130.22,0.6,4,0.4,126.8,24,2037.85,1991.01,1619,1616
1,1,54,RSA-SHA3-256_signed-by_ECDSA-SHA384,RSA-SHA3-256_signed-by_ECDSA-SHA384,10.864,3118.51,1195.86,1,0,0,126.8,24,2070.75,1992.54,1619,1616
1,2,56,RSA-SHA3-256_signed-by_ECDSA-SHA384,RSA-SHA3-256_signed-by_ECDSA-SHA384,9.764,3469.88,1369.93,1,8,0.666667,112,24,2037.59,2011.54,1619,1616
1,5,63,RSA-SHA3-256_signed-by_ECDSA-SHA384,RSA-SHA3-256_signed-by_ECDSA-SHA384,11.491,2947.64,1130.6,1,0,0,148,15,2503.38,2446.85,1619,1615
1,8,63,RSA-SHA3-256_signed-by_ECDSA-SHA384,RSA-SHA3-256_signed-by_ECDSA-SHA384,12.511,2708.58,1246.87,1,7,0.466667,105.2,16,2506.05,2460.94,1619,1617
1,1,55,RSA-SHA3-256_signed-by_ECDSA-SHA384,RSA-SHA3-256_signed-by_ECDSA-SHA384,12.381,2736.34,1530.03,1,11,0.846154,146.923,24,2042.9,2049.53,1619,1616
1,6,64,RSA-SHA3-256_signed-by_ECDSA-SHA384,RSA-SHA3-256_signed-by_ECDSA-SHA384,15.29,2215.71,1781.99,1,29,1.45,144,9,2032.22,2014.63,1619,1616
1,7,59,RSA-SHA3-256_signed-by_ECDSA-SHA384,RSA-SHA3-256_signed-by_ECDSA-SHA384,20.052,1689.59,894.465,1,8,0.533333,156.4,16,2037.53,1993.38,1619,1616
1,2,57,RSA-SHA3-256_signed-by_ECDSA-SHA384,RSA-SHA3-256_signed-by_ECDSA-SHA384,14.61,2318.86,1379.82,0.833333,7,0.388889,107.333,24,2057.61,2004.26,1619,1616
1,3,55,RSA-SHA3-256_signed-by_ECDSA-SHA384,RSA-SHA3-256_signed-by_ECDSA-SHA384,20.375,1662.81,1188.9,1,20,0.869565,199.739,24,2034.31,2024.72,1619,1616
1,5,64,RSA-SHA3-256_signed-by_ECDSA-SHA384,RSA-SHA3-256_signed-by_ECDSA-SHA384,14.408,2350.83,919.455,1,0,0,134.727,15,2033.99,2005.67,1619,1615
1,8,64,RSA-SHA3-256_signed-by_ECDSA-SHA384,RSA-SHA3-256_signed-by_ECDSA-SHA384,15.688,2160.02,1147.32,1,7,0.466667,113.2,16,2038.99,1999.11,1619,1617
1,1,56,RSA-SHA3-256_signed-by_ECDSA-SHA384,RSA-SHA3-256_signed-by_ECDSA-SHA384,12.912,2623.87,1006.18,1,0,0,126.8,24,2038.69,1986.83,1619,1616
1,6,65,RSA-SHA3-256_signed-by_ECDSA-SHA384,RSA-SHA3-256_signed-by_ECDSA-SHA384,13.367,2534.54,971.922,1,0,0,126.8,9,2073.59,1986.95,1619,1616
1,7,60,RSA-SHA3-256_signed-by_ECDSA-SHA384,RSA-SHA3-256_signed-by_ECDSA-SHA384,12.964,2613.33,1476.05,1,12,0.857143,139.143,16,2175.25,1981.85,1619,1616
1,2,58,RSA-SHA3-256_signed-by_ECDSA-SHA384,RSA-SHA3-256_signed-by_ECDSA-SHA384,13.114,2583.42,1623.87,1,18,1.05882,128.353,24,2046.75,2008.4,1619,1616
1,5,65,RSA-SHA3-256_signed-by_ECDSA-SHA384,RSA-SHA3-256_signed-by_ECDSA-SHA384,11.218,3019.36,1158.11,0.7,0,0,132.4,15,2033.44,1996.38,1619,1615
1,8,65,RSA-SHA3-256_signed-by_ECDSA-SHA384,RSA-SHA3-256_signed-by_ECDSA-SHA384,10.293,3292.32,1262.21,0.7,0,0,126.8,16,2032.23,2007.88,1619,1617
1,6,66,RSA-SHA3-256_signed-by_ECDSA-SHA384,RSA-SHA3-256_signed-by_ECDSA-SHA384,10.152,3337.27,1290.78,0.909091,0,0,118.364,9,2032.14,2005.59,1619,1616
1,1,57,RSA-SHA3-256_signed-by_ECDSA-SHA384,RSA-SHA3-256_signed-by_ECDSA-SHA384,12.068,2807.39,1076.55,1,0,0,126.8,24,2041.1,1990.46,1619,1616
1,3,56,RSA-SHA3-256_signed-by_ECDSA-SHA384,RSA-SHA3-256_signed-by_ECDSA-SHA384,18.401,1841.12,1425.94,0.909091,26,1.18182,118.727,24,2032.55,2021.81,1619,1616
1,7,61,RSA-SHA3-256_signed-by_ECDSA-SHA384,RSA-SHA3-256_signed-by_ECDSA-SHA384,14.369,2357.8,939.779,0.75,0,0,112,16,2038.67,2024.86,1619,1616
1,2,59,RSA-SHA3-256_signed-by_ECDSA-SHA384,RSA-SHA3-256_signed-by_ECDSA-SHA384,14.326,2364.9,906.87,1,0,0,126.8,24,2047.15,2085.69,1619,1616
1,5,66,RSA-SHA3-256_signed-by_ECDSA-SHA384,RSA-SHA3-256_signed-by_ECDSA-SHA384,16.277,2080.92,813.889,1,0,0,118.727,15,2025.29,1994.87,1619,1615
1,8,66,RSA-SHA3-256_signed-by_ECDSA-SHA384,RSA-SHA3-256_signed-by_ECDSA-SHA384,14.094,2404.4,921.801,1,0,0,126.8,16,2031.63,1997.91,1619,1617
1,1,58,RSA-SHA3-256_signed-by_ECDSA-SHA384,RSA-SHA3-256_signed-by_ECDSA-SHA384,12.343,2744.86,1052.57,1,0,0,126.8,24,2050.14,1997.13,1619,1616
1,6,67,RSA-SHA3-256_signed-by_ECDSA-SHA384,RSA-SHA3-256_signed-by_ECDSA-SHA384,14.002,2419.63,1692.31,0.941176,18,1.05882,163.176,9,2062.18,1986.86,1619,1616
1,3,57,RSA-SHA3-256_signed-by_ECDSA-SHA384,RSA-SHA3-256_signed-by_ECDSA-SHA384,13.587,2493.53,975.039,1,4,0.363636,119.818,24,2052.28,2015.22,1619,1616
1,7,62,RSA-SHA3-256_signed-by_ECDSA-SHA384,RSA-SHA3-256_signed-by_ECDSA-SHA384,12.84,2638.61,1031.77,1,0,0,118.727,16,2035.88,2010.09,1619,1616
1,2,60,RSA-SHA3-256_signed-by_ECDSA-SHA384,RSA-SHA3-256_signed-by_ECDSA-SHA384,13.458,2517.42,1407.61,1,11,0.846154,146.923,24,2099.01,2012.47,1619,1616
1,8,67,RSA-SHA3-256_signed-by_ECDSA-SHA384,RSA-SHA3-256_signed-by_ECDSA-SHA384,9.416,3598.67,1379.66,1,4,0.4,126.8,16,2026.59,2024.65,1619,1617
1,1,59,RSA-SHA3-256_signed-by_ECDSA-SHA384,RSA-SHA3-256_signed-by_ECDSA-SHA384,9.629,3518.22,1349.14,1,4,0.4,126.8,24,2040.5,1989.13,1619,1616
1,6,68,RSA-SHA3-256_signed-by_ECDSA-SHA384,RSA-SHA3-256_signed-by_ECDSA-SHA384,11.987,2826.17,1083.75,1,0,0,126.8,9,2092.05,2014.11,1619,1616
1,7,63,RSA-SHA3-256_signed-by_ECDSA-SHA384,RSA-SHA3-256_signed-by_ECDSA-SHA384,9.448,3585.67,1375,0.4,0,0,126.8,16,2496.31,2477.5,1619,1616
1,5,67,RSA-SHA3-256_signed-by_ECDSA-SHA384,RSA-SHA3-256_signed-by_ECDSA-SHA384,16.374,2068.6,1083.64,1,7,0.5,118.571,15,2039.59,1987.44,1619,1615
1,2,61,RSA-SHA3-256_signed-by_ECDSA-SHA384,RSA-SHA3-256_signed-by_ECDSA-SHA384,12.313,2751.56,1055.14,0.3,0,0,126.8,24,2036.37,2001.89,1619,1616
1,1,60,RSA-SHA3-256_signed-by_ECDSA-SHA384,RSA-SHA3-256_signed-by_ECDSA-SHA384,11.925,2841.09,1286.71,0.357143,3,0.214286,170.857,24,2033.21,2015.63,1619,1616
1,3,58,RSA-SHA3-256_signed-by_ECDSA-SHA384,RSA-SHA3-256_signed-by_ECDSA-SHA384,20.848,1625.03,1134.26,1,21,1,319.905,24,2030.9,2179.46,1619,1616
1,8,68,RSA-SHA3-256_signed-by_ECDSA-SHA384,RSA-SHA3-256_signed-by_ECDSA-SHA384,15.228,2225.32,1024.41,1,3,0.2,162,16,2058.75,2005.93,1619,1617
1,6,69,RSA-SHA3-256_signed-by_ECDSA-SHA384,RSA-SHA3-256_signed-by_ECDSA-SHA384,11.85,2859.05,1096.36,1,0,0,126.8,9,2053.13,2012.89,1619,1616
1,7,64,RSA-SHA3-256_signed-by_ECDSA-SHA384,RSA-SHA3-256_signed-by_ECDSA-SHA384,11.389,2974.77,1140.74,1,1,0.1,126.8,16,2032.18,2004.04,1619,1616
1,5,68,RSA-SHA3-256_signed-by_ECDSA-SHA384,RSA-SHA3-256_signed-by_ECDSA-SHA384,11.689,2897.75,1111.47,1,0,0,126.8,15,2037.63,2017.72,1619,1615
1,6,70,RSA-SHA3-256_signed-by_ECDSA-SHA384,RSA-SHA3-256_signed-by_ECDSA-SHA384,9.839,3443.11,1320.33,0.6,0,0,126.8,9,2035.35,2037.99,1619,1616
1,1,61,RSA-SHA3-256_signed-by_ECDSA-SHA384,RSA-SHA3-256_signed-by_ECDSA-SHA384,14.082,2405.86,1345.23,1,11,0.846154,146.923,24,2033.34,2003.48,1619,1616
1,7,65,RSA-SHA3-256_signed-by_ECDSA-SHA384,RSA-SHA3-256_signed-by_ECDSA-SHA384,12.572,2694.8,1131.37,0.692308,0,0,129.385,16,2029.3,2012.74,1619,1616
1,8,69,RSA-SHA3-256_signed-by_ECDSA-SHA384,RSA-SHA3-256_signed-by_ECDSA-SHA384,14.393,2354.41,1316.16,1,15,1.15385,185.692,16,2043.31,2034.56,1619,1617
1,5,69,RSA-SHA3-256_signed-by_ECDSA-SHA384,RSA-SHA3-256_signed-by_ECDSA-SHA384,12.258,2763.2,1059.86,0.9,0,0,126.8,15,2060.04,2039.26,1619,1615
1,3,59,RSA-SHA3-256_signed-by_ECDSA-SHA384,RSA-SHA3-256_signed-by_ECDSA-SHA384,17.632,1921.42,1085.25,1,12,0.857143,139.143,24,2060.14,1978.86,1619,1616
1,2,62,RSA-SHA3-256_signed-by_ECDSA-SHA384,RSA-SHA3-256_signed-by_ECDSA-SHA384,21.507,1575.3,1452.17,1,39,1.85714,197.048,24,2056.62,1996.96,1619,1616
1,7,66,RSA-SHA3-256_signed-by_ECDSA-SHA384,RSA-SHA3-256_signed-by_ECDSA-SHA384,10.8,3137.01,1327.4,1,1,0.0714286,98.8571,17,2040.1,1996.96,1619,1616
1,8,70,RSA-SHA3-256_signed-by_ECDSA-SHA384,RSA-SHA3-256_signed-by_ECDSA-SHA384,11.707,2894.65,1327.06,1,4,0.266667,162,16,2034.42,2007.61,1619,1617
1,1,62,RSA-SHA3-256_signed-by_ECDSA-SHA384,RSA-SHA3-256_signed-by_ECDSA-SHA384,15.027,2254.53,1193.54,1,12,0.8,113.2,24,2037.14,1982.02,1619,1616
1,6,71,RSA-SHA3-256_signed-by_ECDSA-SHA384,RSA-SHA3-256_signed-by_ECDSA-SHA384,17.675,1916.74,1340.59,1,10,0.588235,115.647,9,2048.22,1998.93,1619,1616
1,5,70,RSA-SHA3-256_signed-by_ECDSA-SHA384,RSA-SHA3-256_signed-by_ECDSA-SHA384,14.034,2413.5,1349.83,1,11,0.846154,146.923,15,2032.41,1986.82,1619,1615
1,2,63,RSA-SHA3-256_signed-by_ECDSA-SHA384,RSA-SHA3-256_signed-by_ECDSA-SHA384,14.293,2370.32,1073.5,1,3,0.214286,328,24,2509.45,2464.89,1619,1616
1,3,60,RSA-SHA3-256_signed-by_ECDSA-SHA384,RSA-SHA3-256_signed-by_ECDSA-SHA384,19.529,1734.77,979.828,1,12,0.857143,139.143,24,2045.97,1991.95,1619,1616
1,7,67,RSA-SHA3-256_signed-by_ECDSA-SHA384,RSA-SHA3-256_signed-by_ECDSA-SHA384,12.648,2678.63,1047.42,1,4,0.363636,118.727,17,2034.63,1999.34,1619,1616
1,8,71,RSA-SHA3-256_signed-by_ECDSA-SHA384,RSA-SHA3-256_signed-by_ECDSA-SHA384,12.305,2753.93,1076.61,1,4,0.363636,118.727,16,2020.71,2043.61,1619,1617
1,6,72,RSA-SHA3-256_signed-by_ECDSA-SHA384,RSA-SHA3-256_signed-by_ECDSA-SHA384,11.572,2927.69,1139.27,1,7,0.636364,118.727,9,2061.55,2048.4,1619,1616
1,1,63,RSA-SHA3-256_signed-by_ECDSA-SHA384,RSA-SHA3-256_signed-by_ECDSA-SHA384,16.417,2063.62,1251.33,1,17,0.85,143,24,2516.53,2470.59,1619,1616
1,2,64,RSA-SHA3-256_signed-by_ECDSA-SHA384,RSA-SHA3-256_signed-by_ECDSA-SHA384,13.884,2440.13,1447.37,1,14,0.777778,107.333,24,2058.5,1999.38,1619,1616
1,5,71,RSA-SHA3-256_signed-by_ECDSA-SHA384,RSA-SHA3-256_signed-by_ECDSA-SHA384,18.158,1865.31,1646.79,1,29,1.38095,148.095,15,2035.93,1999.39,1619,1615
1,3,61,RSA-SHA3-256_signed-by_ECDSA-SHA384,RSA-SHA3-256_signed-by_ECDSA-SHA384,13.987,2422.17,928.831,1,0,0,126.8,24,2033.05,2034.22,1619,1616
1,7,68,RSA-SHA3-256_signed-by_ECDSA-SHA384,RSA-SHA3-256_signed-by_ECDSA-SHA384,15.035,2253.32,1560.03,1,20,1,214,17,2067.05,2003.37,1619,1616
1,8,72,RSA-SHA3-256_signed-by_ECDSA-SHA384,RSA-SHA3-256_signed-by_ECDSA-SHA384,15.417,2198.01,1007.68,1,10,0.666667,162,16,2042.19,2012.91,1619,1617
1,6,73,RSA-SHA3-256_signed-by_ECDSA-SHA384,RSA-SHA3-256_signed-by_ECDSA-SHA384,19.386,1747.58,958.175,1,4,0.210526,162.632,9,2055.25,1998.63,1619,1616
1,1,64,RSA-SHA3-256_signed-by_ECDSA-SHA384,RSA-SHA3-256_signed-by_ECDSA-SHA384,17.21,1968.55,880.385,1,0,0,181.077,24,2044.81,1999.04,1619,1616
1,4,0,RSA-SHA3-256_signed-by_ECDSA-SHA384,RSA-SHA3-256_signed-by_ECDSA-SHA384,1023.49,33.1025,8.89506,1,0,0,161.2,24,2067.96,2046.2,1619,1616
1,2,65,RSA-SHA3-256_signed-by_ECDSA-SHA384,RSA-SHA3-256_signed-by_ECDSA-SHA384,23.164,1462.6,867.544,1,14,0.777778,107.333,24,2047.33,2016.74,1619,1616
1,5,72,RSA-SHA3-256_signed-by_ECDSA-SHA384,RSA-SHA3-256_signed-by_ECDSA-SHA384,22.105,1532.32,963.398,1,18,1.05882,128.353,15,2022.89,2009.04,1619,1615
1,7,69,RSA-SHA3-256_signed-by_ECDSA-SHA384,RSA-SHA3-256_signed-by_ECDSA-SHA384,20.253,1672.76,901.354,1,7,0.4375,168.5,17,2022.37,2015,1619,1616
1,8,73,RSA-SHA3-256_signed-by_ECDSA-SHA384,RSA-SHA3-256_signed-by_ECDSA-SHA384,20.253,1673.16,982.726,1,7,0.411765,161.529,16,2021.39,1994.09,1619,1617
1,3,62,RSA-SHA3-256_signed-by_ECDSA-SHA384,RSA-SHA3-256_signed-by_ECDSA-SHA384,24.945,1358.17,960.18,1,18,1,130,24,2041.16,1987.43,1619,1616
1,1,65,RSA-SHA3-256_signed-by_ECDSA-SHA384,RSA-SHA3-256_signed-by_ECDSA-SHA384,15.414,2197.95,842.849,1,0,0,126.8,24,2053.9,2017.58,1619,1616
1,6,74,RSA-SHA3-256_signed-by_ECDSA-SHA384,RSA-SHA3-256_signed-by_ECDSA-SHA384,17.013,1991.36,1463.31,1,22,1.375,163,9,2016.31,1982.15,1619,1616
1,4,1,RSA-SHA3-256_signed-by_ECDSA-SHA384,RSA-SHA3-256_signed-by_ECDSA-SHA384,14.356,2359.93,904.965,1,0,0,148,24,2049.82,2120.96,1619,1616
1,7,70,RSA-SHA3-256_signed-by_ECDSA-SHA384,RSA-SHA3-256_signed-by_ECDSA-SHA384,11.369,2979.78,1152.51,0.818182,0,0,118.364,17,2034.98,2024.04,1619,1616
1,5,73,RSA-SHA3-256_signed-by_ECDSA-SHA384,RSA-SHA3-256_signed-by_ECDSA-SHA384,16.384,2067.32,1082.97,0.642857,7,0.5,123.714,15,2044.71,1991.9,1619,1615
1,3,63,RSA-SHA3-256_signed-by_ECDSA-SHA384,RSA-SHA3-256_signed-by_ECDSA-SHA384,10.735,3155.75,1210.14,0.9,0,0,126.8,24,2518.82,2477.72,1619,1616
1,1,66,RSA-SHA3-256_signed-by_ECDSA-SHA384,RSA-SHA3-256_signed-by_ECDSA-SHA384,10.468,3236.23,1059.13,0.75,0,0,134,24,2157.44,1982.47,1619,1616
1,6,75,RSA-SHA3-256_signed-by_ECDSA-SHA384,RSA-SHA3-256_signed-by_ECDSA-SHA384,10.715,3161.92,1282.69,0.545455,1,0.0909091,120.182,9,2028.76,1997.09,1619,1616
1,4,2,RSA-SHA3-256_signed-by_ECDSA-SHA384,RSA-SHA3-256_signed-by_ECDSA-SHA384,10.754,3150.44,1208.1,1,4,0.4,148,24,2033.4,2024.26,1619,1616
1,8,74,RSA-SHA3-256_signed-by_ECDSA-SHA384,RSA-SHA3-256_signed-by_ECDSA-SHA384,21.457,1579.28,847.798,1,8,0.5,108.5,16,2082.7,1996.77,1619,1617
1,7,71,RSA-SHA3-256_signed-by_ECDSA-SHA384,RSA-SHA3-256_signed-by_ECDSA-SHA384,12.401,2732.02,1068.29,1,0,0,114.364,17,2033.08,1994.3,1619,1616
1,1,67,RSA-SHA3-256_signed-by_ECDSA-SHA384,RSA-SHA3-256_signed-by_ECDSA-SHA384,12.144,2789.83,1268.76,1,4,0.285714,170.857,24,2030.97,2052.42,1619,1616
1,3,64,RSA-SHA3-256_signed-by_ECDSA-SHA384,RSA-SHA3-256_signed-by_ECDSA-SHA384,14.683,2307.37,1307.6,1,11,0.785714,200.857,24,2039.27,1997.12,1619,1616
1,4,3,RSA-SHA3-256_signed-by_ECDSA-SHA384,RSA-SHA3-256_signed-by_ECDSA-SHA384,13.203,2566.04,1162.14,1,3,0.214286,202.571,24,2006.56,2017.36,1619,1616
1,7,72,RSA-SHA3-256_signed-by_ECDSA-SHA384,RSA-SHA3-256_signed-by_ECDSA-SHA384,6.862,4936.8,2035.34,1,1,0.0833333,113.333,17,2029.41,2001.04,1619,1616
1,6,76,RSA-SHA3-256_signed-by_ECDSA-SHA384,RSA-SHA3-256_signed-by_ECDSA-SHA384,20.378,1662.57,1235.05,1,25,1.13636,111.636,10,2054.35,1998.4,1619,1616
1,1,68,RSA-SHA3-256_signed-by_ECDSA-SHA384,RSA-SHA3-256_signed-by_ECDSA-SHA384,14.111,2400.85,1437.67,1,11,0.578947,148.526,24,2042.21,2002.95,1619,1616
1,2,66,RSA-SHA3-256_signed-by_ECDSA-SHA384,RSA-SHA3-256_signed-by_ECDSA-SHA384,46.527,728.17,393.745,1,10,0.588235,105.765,24,2095.93,2003.7,1619,1616
1,8,75,RSA-SHA3-256_signed-by_ECDSA-SHA384,RSA-SHA3-256_signed-by_ECDSA-SHA384,20.145,1682.19,949.903,1,12,0.857143,139.143,16,2042.92,2017.96,1619,1617
1,5,74,RSA-SHA3-256_signed-by_ECDSA-SHA384,RSA-SHA3-256_signed-by_ECDSA-SHA384,30.985,1093.17,846.856,1,26,1.18182,118.727,15,2022.1,1991.04,1619,1615
1,7,73,RSA-SHA3-256_signed-by_ECDSA-SHA384,RSA-SHA3-256_signed-by_ECDSA-SHA384,15.848,2137.71,835.901,1,0,0,118.727,17,2036.58,2003.69,1619,1616
1,6,77,RSA-SHA3-256_signed-by_ECDSA-SHA384,RSA-SHA3-256_signed-by_ECDSA-SHA384,14.522,2332.92,1011.39,0.769231,0,0,154.308,10,2037.85,2005.13,1619,1616
1,3,65,RSA-SHA3-256_signed-by_ECDSA-SHA384,RSA-SHA3-256_signed-by_ECDSA-SHA384,23.272,1455.79,1333.76,1,34,1.7,217.6,24,2046.14,2003.94,1619,1616
1,4,4,RSA-SHA3-256_signed-by_ECDSA-SHA384,RSA-SHA3-256_signed-by_ECDSA-SHA384,24.396,1388.71,1274.92,1,37,1.85,300.2,24,2011.26,2006.66,1619,1616
1,2,67,RSA-SHA3-256_signed-by_ECDSA-SHA384,RSA-SHA3-256_signed-by_ECDSA-SHA384,12.578,2693.51,1048.15,1,7,0.636364,118.727,24,2034.09,2002.51,1619,1616
1,8,76,RSA-SHA3-256_signed-by_ECDSA-SHA384,RSA-SHA3-256_signed-by_ECDSA-SHA384,12.679,2672.68,1024.65,1,0,0,143.6,16,2041.48,1999.86,1619,1617
1,1,69,RSA-SHA3-256_signed-by_ECDSA-SHA384,RSA-SHA3-256_signed-by_ECDSA-SHA384,16.713,2027.07,1202.36,1,14,0.777778,107.333,24,2029.9,2013.25,1619,1616
1,7,74,RSA-SHA3-256_signed-by_ECDSA-SHA384,RSA-SHA3-256_signed-by_ECDSA-SHA384,11.811,2868.43,1099.96,1,0,0,126.8,17,2031.1,2021.85,1619,1616
1,5,75,RSA-SHA3-256_signed-by_ECDSA-SHA384,RSA-SHA3-256_signed-by_ECDSA-SHA384,15.347,2206.97,1465.75,1,14,0.777778,116.667,15,2015.24,2004.69,1619,1615
1,6,78,RSA-SHA3-256_signed-by_ECDSA-SHA384,RSA-SHA3-256_signed-by_ECDSA-SHA384,17.783,1905.18,984.304,1,10,0.588235,101.294,10,2038.61,2014.01,1619,1616
1,1,70,RSA-SHA3-256_signed-by_ECDSA-SHA384,RSA-SHA3-256_signed-by_ECDSA-SHA384,12.075,2805.7,1118.31,1,0,0,112,24,2037.34,2013.72,1619,1616
1,3,66,RSA-SHA3-256_signed-by_ECDSA-SHA384,RSA-SHA3-256_signed-by_ECDSA-SHA384,18.502,1831.14,969.404,1,8,0.533333,113.2,24,2042.3,1988.3,1619,1616
1,8,77,RSA-SHA3-256_signed-by_ECDSA-SHA384,RSA-SHA3-256_signed-by_ECDSA-SHA384,14.503,2336.53,895.781,1,0,0,126.8,16,2018.47,2008,1619,1617
1,4,5,RSA-SHA3-256_signed-by_ECDSA-SHA384,RSA-SHA3-256_signed-by_ECDSA-SHA384,21.821,1552.62,723.7,1,4,0.25,182,24,2028.48,1997.66,1619,1616
1,7,75,RSA-SHA3-256_signed-by_ECDSA-SHA384,RSA-SHA3-256_signed-by_ECDSA-SHA384,17.522,1933.49,741.438,1,0,0,126.8,17,2038.97,2018.34,1619,1616
1,2,68,RSA-SHA3-256_signed-by_ECDSA-SHA384,RSA-SHA3-256_signed-by_ECDSA-SHA384,21.427,1581.18,1085.73,1,17,0.894737,223.263,24,2056.29,1996.46,1619,1616
1,5,76,RSA-SHA3-256_signed-by_ECDSA-SHA384,RSA-SHA3-256_signed-by_ECDSA-SHA384,17.993,1882.44,722.033,1,0,0,126.8,15,2046,1985.95,1619,1615
1,6,79,RSA-SHA3-256_signed-by_ECDSA-SHA384,RSA-SHA3-256_signed-by_ECDSA-SHA384,15.093,2244.74,1649.5,1,22,1.375,181,10,2503.2,2468.3,1619,1616
1,3,67,RSA-SHA3-256_signed-by_ECDSA-SHA384,RSA-SHA3-256_signed-by_ECDSA-SHA384,13.59,2492.99,1129.06,1,11,0.785714,110,24,2054.27,2013.73,1619,1616
1,8,78,RSA-SHA3-256_signed-by_ECDSA-SHA384,RSA-SHA3-256_signed-by_ECDSA-SHA384,14.909,2272.95,871.403,1,0,0,126.8,16,2043.7,2011.82,1619,1617
1,1,71,RSA-SHA3-256_signed-by_ECDSA-SHA384,RSA-SHA3-256_signed-by_ECDSA-SHA384,19.049,1778.51,1021.33,1,15,1,132.4,24,2056.08,2000.21,1619,1616
1,4,6,RSA-SHA3-256_signed-by_ECDSA-SHA384,RSA-SHA3-256_signed-by_ECDSA-SHA384,14.453,2344.09,1408.12,1,14,0.736842,142.421,24,2038.36,1995.99,1619,1616
1,7,76,RSA-SHA3-256_signed-by_ECDSA-SHA384,RSA-SHA3-256_signed-by_ECDSA-SHA384,15.319,2211.56,1187.51,1,12,0.75,119,17,2020.73,2018.91,1619,1616
1,3,68,RSA-SHA3-256_signed-by_ECDSA-SHA384,RSA-SHA3-256_signed-by_ECDSA-SHA384,13.262,2554.55,1165.38,1,3,0.2,308.4,24,2035.69,2019.58,1619,1616
1,6,80,RSA-SHA3-256_signed-by_ECDSA-SHA384,RSA-SHA3-256_signed-by_ECDSA-SHA384,14.663,2310.44,885.988,1,0,0,126.8,10,2031.22,1996.2,1619,1616
1,5,77,RSA-SHA3-256_signed-by_ECDSA-SHA384,RSA-SHA3-256_signed-by_ECDSA-SHA384,20.439,1657.2,890.051,1,8,0.5,108.5,15,2112.06,2026.06,1619,1615
1,2,69,RSA-SHA3-256_signed-by_ECDSA-SHA384,RSA-SHA3-256_signed-by_ECDSA-SHA384,22.211,1525.34,1095.65,1,20,1,120.8,24,2041.48,1988.59,1619,1616
1,8,79,RSA-SHA3-256_signed-by_ECDSA-SHA384,RSA-SHA3-256_signed-by_ECDSA-SHA384,14.775,2293.5,879.284,1,0,0,126.8,16,2525.7,2475.25,1619,1617
1,1,72,RSA-SHA3-256_signed-by_ECDSA-SHA384,RSA-SHA3-256_signed-by_ECDSA-SHA384,12.264,2762.46,1251.1,0.928571,3,0.214286,170.857,24,2044.45,2008.48,1619,1616
1,4,7,RSA-SHA3-256_signed-by_ECDSA-SHA384,RSA-SHA3-256_signed-by_ECDSA-SHA384,12.033,2815.47,1095.61,1,5,0.454545,138,24,2051.89,2017.1,1619,1616
1,7,77,RSA-SHA3-256_signed-by_ECDSA-SHA384,RSA-SHA3-256_signed-by_ECDSA-SHA384,14.622,2316.94,1049.33,1,3,0.214286,170.857,17,2027.16,2013.58,1619,1616
1,6,81,RSA-SHA3-256_signed-by_ECDSA-SHA384,RSA-SHA3-256_signed-by_ECDSA-SHA384,11.564,2929.71,1660.28,1,11,0.785714,139.143,10,2063.99,2018.11,1619,1616
1,2,70,RSA-SHA3-256_signed-by_ECDSA-SHA384,RSA-SHA3-256_signed-by_ECDSA-SHA384,10.059,3368.09,1291.56,1,0,0,222.8,24,2034.69,2010.82,1619,1616
1,3,69,RSA-SHA3-256_signed-by_ECDSA-SHA384,RSA-SHA3-256_signed-by_ECDSA-SHA384,13.696,2473.63,1554.85,1,18,1.05882,128.353,24,2034.14,1995.31,1619,1616
1,8,80,RSA-SHA3-256_signed-by_ECDSA-SHA384,RSA-SHA3-256_signed-by_ECDSA-SHA384,11.075,3059.79,1240.96,1,1,0.0909091,120.182,16,2049.11,1992.07,1619,1617
1,5,78,RSA-SHA3-256_signed-by_ECDSA-SHA384,RSA-SHA3-256_signed-by_ECDSA-SHA384,15.865,2134.91,1705.31,1,14,0.736842,111.263,15,2036.3,2058.94,1619,1615
1,7,78,RSA-SHA3-256_signed-by_ECDSA-SHA384,RSA-SHA3-256_signed-by_ECDSA-SHA384,10.923,3101.63,1015.08,1,0,0,134,17,2030.54,2010.5,1619,1616
1,6,82,RSA-SHA3-256_signed-by_ECDSA-SHA384,RSA-SHA3-256_signed-by_ECDSA-SHA384,9.737,3479.49,1334.28,0.6,0,0,126.8,10,2039.2,1998.43,1619,1616
1,2,71,RSA-SHA3-256_signed-by_ECDSA-SHA384,RSA-SHA3-256_signed-by_ECDSA-SHA384,13.735,2466.64,954.041,0.545455,0,0,118.364,24,2041.19,1994.66,1619,1616
1,8,81,RSA-SHA3-256_signed-by_ECDSA-SHA384,RSA-SHA3-256_signed-by_ECDSA-SHA384,13.696,2474.25,948.579,0.1,0,0,126.8,17,2017.55,1980.61,1619,1617
1,5,79,RSA-SHA3-256_signed-by_ECDSA-SHA384,RSA-SHA3-256_signed-by_ECDSA-SHA384,14.003,2418.87,927.786,0,0,0,222.8,15,2493.51,2454.2,1619,1615
1,3,70,RSA-SHA3-256_signed-by_ECDSA-SHA384,RSA-SHA3-256_signed-by_ECDSA-SHA384,17.967,1885.61,1054.34,0.461538,11,0.846154,146.923,24,2045.31,2004.61,1619,1616
1,4,8,RSA-SHA3-256_signed-by_ECDSA-SHA384,RSA-SHA3-256_signed-by_ECDSA-SHA384,27.136,1248.49,572.509,0.8,4,0.266667,395.6,24,2028.35,2006.76,1619,1616
1,7,79,RSA-SHA3-256_signed-by_ECDSA-SHA384,RSA-SHA3-256_signed-by_ECDSA-SHA384,14.518,2333.62,1043.65,0.230769,0,0,115.538,17,2518.79,2472.41,1619,1616
1,6,83,RSA-SHA3-256_signed-by_ECDSA-SHA384,RSA-SHA3-256_signed-by_ECDSA-SHA384,14.61,2318.91,889.234,0.3,0,0,128,10,2024.67,1998.06,1619,1616
1,1,73,RSA-SHA3-256_signed-by_ECDSA-SHA384,RSA-SHA3-256_signed-by_ECDSA-SHA384,34.117,993.038,572.14,1,14,0.875,140.5,24,2037.99,2013.23,1619,1616
1,2,72,RSA-SHA3-256_signed-by_ECDSA-SHA384,RSA-SHA3-256_signed-by_ECDSA-SHA384,12.642,2679.89,1027.66,0.9,0,0,126.8,24,2038.03,1994.28,1619,1616
1,3,71,RSA-SHA3-256_signed-by_ECDSA-SHA384,RSA-SHA3-256_signed-by_ECDSA-SHA384,13.189,2568.71,985.028,1,0,0,322.4,24,2010.37,2021.48,1619,1616
1,8,82,RSA-SHA3-256_signed-by_ECDSA-SHA384,RSA-SHA3-256_signed-by_ECDSA-SHA384,17.777,1906.18,1008.89,0.8,8,0.533333,118,17,2039.37,2016.06,1619,1617
1,4,9,RSA-SHA3-256_signed-by_ECDSA-SHA384,RSA-SHA3-256_signed-by_ECDSA-SHA384,14.604,2319.82,889.585,1,0,0,148,24,2016.96,1988.82,1619,1616
1,5,80,RSA-SHA3-256_signed-by_ECDSA-SHA384,RSA-SHA3-256_signed-by_ECDSA-SHA384,17.405,1946.01,1034.13,1,7,0.466667,113.2,15,2010.3,2012.06,1619,1615
1,7,80,RSA-SHA3-256_signed-by_ECDSA-SHA384,RSA-SHA3-256_signed-by_ECDSA-SHA384,15.126,2239.76,875.809,1,0,0,118.727,17,2030.73,2009.76,1619,1616
1,1,74,RSA-SHA3-256_signed-by_ECDSA-SHA384,RSA-SHA3-256_signed-by_ECDSA-SHA384,13.605,2490.19,1127.79,0.428571,7,0.5,110,24,2050.38,1994.3,1619,1616
1,2,73,RSA-SHA3-256_signed-by_ECDSA-SHA384,RSA-SHA3-256_signed-by_ECDSA-SHA384,13.008,2604.49,998.746,0.6,0,0,126.8,24,2042.48,2023.83,1619,1616
1,6,84,RSA-SHA3-256_signed-by_ECDSA-SHA384,RSA-SHA3-256_signed-by_ECDSA-SHA384,16.779,2019.11,1128.98,1,11,0.846154,146.923,10,2076.27,2022.67,1619,1616
1,3,72,RSA-SHA3-256_signed-by_ECDSA-SHA384,RSA-SHA3-256_signed-by_ECDSA-SHA384,17.229,1966.38,754.048,1,0,0,126.8,24,2038.55,2016.27,1619,1616
1,8,83,RSA-SHA3-256_signed-by_ECDSA-SHA384,RSA-SHA3-256_signed-by_ECDSA-SHA384,17.07,1985.16,1054.44,1,7,0.466667,113.2,17,2032.74,2002.36,1619,1617
1,5,81,RSA-SHA3-256_signed-by_ECDSA-SHA384,RSA-SHA3-256_signed-by_ECDSA-SHA384,16.514,2051.04,786.699,1,0,0,126.8,15,2031.31,2027.66,1619,1615
1,4,10,RSA-SHA3-256_signed-by_ECDSA-SHA384,RSA-SHA3-256_signed-by_ECDSA-SHA384,19.746,1715.71,898.569,1,7,0.5,137.143,24,2034.4,2011.66,1619,1616
1,1,75,RSA-SHA3-256_signed-by_ECDSA-SHA384,RSA-SHA3-256_signed-by_ECDSA-SHA384,17.16,1974.28,786.914,1,0,0,112,24,2096.18,2004.44,1619,1616
1,7,81,RSA-SHA3-256_signed-by_ECDSA-SHA384,RSA-SHA3-256_signed-by_ECDSA-SHA384,19.194,1765.05,1185.32,1,14,0.736842,117.579,17,2033.12,1990.83,1619,1616
1,6,85,RSA-SHA3-256_signed-by_ECDSA-SHA384,RSA-SHA3-256_signed-by_ECDSA-SHA384,17.193,1970.5,755.63,1,0,0,592.4,10,2055.74,1999.62,1619,1616
1,2,74,RSA-SHA3-256_signed-by_ECDSA-SHA384,RSA-SHA3-256_signed-by_ECDSA-SHA384,19.89,1703.3,1191.3,1,18,1.05882,135.412,24,2035.52,2002.95,1619,1616
1,3,73,RSA-SHA3-256_signed-by_ECDSA-SHA384,RSA-SHA3-256_signed-by_ECDSA-SHA384,14.406,2351.74,919.593,1,0,0,118.727,24,2023.4,2006.72,1619,1616
1,8,84,RSA-SHA3-256_signed-by_ECDSA-SHA384,RSA-SHA3-256_signed-by_ECDSA-SHA384,15.612,2170.57,1229.78,0.785714,11,0.785714,139.143,17,2042.16,2010.59,1619,1617
1,5,82,RSA-SHA3-256_signed-by_ECDSA-SHA384,RSA-SHA3-256_signed-by_ECDSA-SHA384,14.818,2285.8,876.746,0.6,0,0,126.8,15,2027.19,2012.22,1619,1615
1,1,76,RSA-SHA3-256_signed-by_ECDSA-SHA384,RSA-SHA3-256_signed-by_ECDSA-SHA384,12.561,2697.2,1034.3,0.6,0,0,126.8,24,2025.4,1990.16,1619,1616
1,7,82,RSA-SHA3-256_signed-by_ECDSA-SHA384,RSA-SHA3-256_signed-by_ECDSA-SHA384,12.824,2641.88,1013.08,0.6,0,0,126.8,17,2036.9,1992.09,1619,1616
1,4,11,RSA-SHA3-256_signed-by_ECDSA-SHA384,RSA-SHA3-256_signed-by_ECDSA-SHA384,16.69,2029.89,1347.83,1,14,0.777778,156.889,24,2019.43,2057.53,1619,1616
1,6,86,RSA-SHA3-256_signed-by_ECDSA-SHA384,RSA-SHA3-256_signed-by_ECDSA-SHA384,14.19,2387.54,1094.83,1,14,0.933333,105.2,10,2041.68,2014.15,1619,1616
1,2,75,RSA-SHA3-256_signed-by_ECDSA-SHA384,RSA-SHA3-256_signed-by_ECDSA-SHA384,13.225,2561.76,1160.2,1,7,0.5,110,24,2043.01,1998.95,1619,1616
1,3,74,RSA-SHA3-256_signed-by_ECDSA-SHA384,RSA-SHA3-256_signed-by_ECDSA-SHA384,18.631,1818.38,724.777,1,0,0,112,24,2042.56,2019.57,1619,1616
1,4,12,RSA-SHA3-256_signed-by_ECDSA-SHA384,RSA-SHA3-256_signed-by_ECDSA-SHA384,12.176,2782.43,1066.98,1,0,0,148,24,2037.77,2012.71,1619,1616
1,7,83,RSA-SHA3-256_signed-by_ECDSA-SHA384,RSA-SHA3-256_signed-by_ECDSA-SHA384,14.912,2271.88,1240.28,1,8,0.533333,116.667,17,2029.26,2001.11,1619,1616
1,8,85,RSA-SHA3-256_signed-by_ECDSA-SHA384,RSA-SHA3-256_signed-by_ECDSA-SHA384,18.85,1797.77,961.695,1,9,0.5625,110.75,17,2037.53,2001.77,1619,1617
1,5,83,RSA-SHA3-256_signed-by_ECDSA-SHA384,RSA-SHA3-256_signed-by_ECDSA-SHA384,18.424,1838.37,973.46,1,8,0.533333,113.2,15,2036.81,2032.25,1619,1615
1,2,76,RSA-SHA3-256_signed-by_ECDSA-SHA384,RSA-SHA3-256_signed-by_ECDSA-SHA384,13.948,2428.91,1272.09,1,7,0.5,118.571,24,2033.78,1987.61,1619,1616
1,1,77,RSA-SHA3-256_signed-by_ECDSA-SHA384,RSA-SHA3-256_signed-by_ECDSA-SHA384,19.404,1746.02,1329.2,1,24,1.2,138,24,2038.55,1980.91,1619,1616
1,3,75,RSA-SHA3-256_signed-by_ECDSA-SHA384,RSA-SHA3-256_signed-by_ECDSA-SHA384,13.768,2460.7,962.199,1,0,0,118.727,24,2049.92,2001.27,1619,1616
1,8,86,RSA-SHA3-256_signed-by_ECDSA-SHA384,RSA-SHA3-256_signed-by_ECDSA-SHA384,12.712,2665.78,1081.16,0.818182,1,0.0909091,120.182,17,2026.71,2003.62,1619,1617
1,6,87,RSA-SHA3-256_signed-by_ECDSA-SHA384,RSA-SHA3-256_signed-by_ECDSA-SHA384,27.371,1237.76,658.777,1,4,0.235294,208.824,10,2113.76,2024.92,1619,1616
1,7,84,RSA-SHA3-256_signed-by_ECDSA-SHA384,RSA-SHA3-256_signed-by_ECDSA-SHA384,16.512,2051.77,1090.08,0.8,7,0.466667,113.2,17,2021.47,2023.56,1619,1616
1,2,77,RSA-SHA3-256_signed-by_ECDSA-SHA384,RSA-SHA3-256_signed-by_ECDSA-SHA384,15.338,2208.82,847.018,1,0,0,177.2,24,2045.14,1987.79,1619,1616
1,5,84,RSA-SHA3-256_signed-by_ECDSA-SHA384,RSA-SHA3-256_signed-by_ECDSA-SHA384,16.644,2035.02,780.554,1,0,0,126.8,15,2032.37,2031.3,1619,1615
1,1,78,RSA-SHA3-256_signed-by_ECDSA-SHA384,RSA-SHA3-256_signed-by_ECDSA-SHA384,15.317,2211.86,860.718,1,5,0.454545,118.727,24,2044.01,2001.95,1619,1616
1,4,13,RSA-SHA3-256_signed-by_ECDSA-SHA384,RSA-SHA3-256_signed-by_ECDSA-SHA384,20.696,1636.95,1212.16,1,23,1.35294,351.647,24,2041.1,1990.23,1619,1616
1,6,88,RSA-SHA3-256_signed-by_ECDSA-SHA384,RSA-SHA3-256_signed-by_ECDSA-SHA384,10.191,3324.46,1274.83,1,0,0,126.8,10,2057.81,2012.04,1619,1616
1,3,76,RSA-SHA3-256_signed-by_ECDSA-SHA384,RSA-SHA3-256_signed-by_ECDSA-SHA384,13.943,2429.83,1127.99,0.875,15,0.9375,101,24,2041.31,2002.63,1619,1616
1,8,87,RSA-SHA3-256_signed-by_ECDSA-SHA384,RSA-SHA3-256_signed-by_ECDSA-SHA384,18.143,1867.82,978.005,1,7,0.5,118.571,17,2105.56,2000.89,1619,1617
1,7,85,RSA-SHA3-256_signed-by_ECDSA-SHA384,RSA-SHA3-256_signed-by_ECDSA-SHA384,16.13,2100.32,837.152,1,0,0,112,17,2029.71,2005.19,1619,1616
1,2,78,RSA-SHA3-256_signed-by_ECDSA-SHA384,RSA-SHA3-256_signed-by_ECDSA-SHA384,15.982,2119.77,812.871,1,0,0,126.8,24,2032.5,1993.77,1619,1616
1,5,85,RSA-SHA3-256_signed-by_ECDSA-SHA384,RSA-SHA3-256_signed-by_ECDSA-SHA384,17.861,1896.4,783.821,1,1,0.0833333,149.333,15,2004.71,2006.56,1619,1615
1,1,79,RSA-SHA3-256_signed-by_ECDSA-SHA384,RSA-SHA3-256_signed-by_ECDSA-SHA384,18.575,1823.94,826.047,1,3,0.214286,170.857,24,2511.4,2477.61,1619,1616
1,3,77,RSA-SHA3-256_signed-by_ECDSA-SHA384,RSA-SHA3-256_signed-by_ECDSA-SHA384,12.447,2721.83,1237.84,0.714286,0,0,328,24,2045.47,2021.97,1619,1616
1,4,14,RSA-SHA3-256_signed-by_ECDSA-SHA384,RSA-SHA3-256_signed-by_ECDSA-SHA384,19.86,1705.91,893.436,1,7,0.5,137.143,24,2050.17,2023.95,1619,1616
1,6,89,RSA-SHA3-256_signed-by_ECDSA-SHA384,RSA-SHA3-256_signed-by_ECDSA-SHA384,15.16,2234.71,1325.53,1,14,0.777778,107.333,10,2038.1,1981.32,1619,1616
1,8,88,RSA-SHA3-256_signed-by_ECDSA-SHA384,RSA-SHA3-256_signed-by_ECDSA-SHA384,14.838,2283.77,1195.8,1,7,0.5,118.571,17,2043.22,2022.49,1619,1617
1,7,86,RSA-SHA3-256_signed-by_ECDSA-SHA384,RSA-SHA3-256_signed-by_ECDSA-SHA384,14.723,2301.07,1205.14,1,7,0.5,118.571,17,2033.34,1995.09,1619,1616
1,2,79,RSA-SHA3-256_signed-by_ECDSA-SHA384,RSA-SHA3-256_signed-by_ECDSA-SHA384,18.824,1799.74,730.943,1,0,0,106.308,24,2512.2,2456.95,1619,1616
1,5,86,RSA-SHA3-256_signed-by_ECDSA-SHA384,RSA-SHA3-256_signed-by_ECDSA-SHA384,16.27,2081.79,798.495,1,0,0,126.8,15,2034.25,1997.86,1619,1615
1,1,80,RSA-SHA3-256_signed-by_ECDSA-SHA384,RSA-SHA3-256_signed-by_ECDSA-SHA384,15.702,2157.59,827.375,1,0,0,131.6,24,2040.68,2014.01,1619,1616
1,4,15,RSA-SHA3-256_signed-by_ECDSA-SHA384,RSA-SHA3-256_signed-by_ECDSA-SHA384,14.867,2278.8,873.853,0.9,0,0,148,24,2499.91,2459.52,1619,1616
1,6,90,RSA-SHA3-256_signed-by_ECDSA-SHA384,RSA-SHA3-256_signed-by_ECDSA-SHA384,15.092,2244.8,1490.53,0.5,14,0.777778,122,10,2050.45,2029.49,1619,1616
1,3,78,RSA-SHA3-256_signed-by_ECDSA-SHA384,RSA-SHA3-256_signed-by_ECDSA-SHA384,19.378,1748.36,1357.41,1,25,1.13636,143.818,24,2066.55,1983.49,1619,1616
1,8,89,RSA-SHA3-256_signed-by_ECDSA-SHA384,RSA-SHA3-256_signed-by_ECDSA-SHA384,11.733,2888.2,1107.28,1,0,0,222.8,17,2033.3,1984.59,1619,1617
1,7,87,RSA-SHA3-256_signed-by_ECDSA-SHA384,RSA-SHA3-256_signed-by_ECDSA-SHA384,12.817,2643.3,1013.63,1,0,0,126.8,17,2041.38,1983.85,1619,1616
1,5,87,RSA-SHA3-256_signed-by_ECDSA-SHA384,RSA-SHA3-256_signed-by_ECDSA-SHA384,13.148,2576.12,988.101,1,4,0.4,126.8,15,2003.83,2025.92,1619,1615
1,1,81,RSA-SHA3-256_signed-by_ECDSA-SHA384,RSA-SHA3-256_signed-by_ECDSA-SHA384,15.074,2247.49,861.848,1,4,0.4,128,24,2009.3,1999.57,1619,1616
1,6,91,RSA-SHA3-256_signed-by_ECDSA-SHA384,RSA-SHA3-256_signed-by_ECDSA-SHA384,13.496,2510.31,1015.98,1,2,0.181818,198.727,10,2036.69,2017.68,1619,1616
1,2,80,RSA-SHA3-256_signed-by_ECDSA-SHA384,RSA-SHA3-256_signed-by_ECDSA-SHA384,18.597,1821.8,978.22,1,12,0.75,108.5,24,2109.61,1999.63,1619,1616
1,7,88,RSA-SHA3-256_signed-by_ECDSA-SHA384,RSA-SHA3-256_signed-by_ECDSA-SHA384,12.603,2688.13,1732.85,1,9,0.529412,112.118,17,2036.93,2033.07,1619,1616
1,8,90,RSA-SHA3-256_signed-by_ECDSA-SHA384,RSA-SHA3-256_signed-by_ECDSA-SHA384,16.784,2018.95,1400.3,1,15,0.75,108.4,17,2065.63,1991.85,1619,1617
1,3,79,RSA-SHA3-256_signed-by_ECDSA-SHA384,RSA-SHA3-256_signed-by_ECDSA-SHA384,20.662,1639.7,1331.12,1,21,0.913043,112.087,24,2535.96,2467.94,1619,1616
1,4,16,RSA-SHA3-256_signed-by_ECDSA-SHA384,RSA-SHA3-256_signed-by_ECDSA-SHA384,25.13,1348.14,1431.86,1,42,1.68,250.64,24,2018.62,1993.93,1619,1616
1,6,92,RSA-SHA3-256_signed-by_ECDSA-SHA384,RSA-SHA3-256_signed-by_ECDSA-SHA384,12.291,2756.37,1136.39,1,0,0,137,10,2030.35,1999.35,1619,1616
1,7,89,RSA-SHA3-256_signed-by_ECDSA-SHA384,RSA-SHA3-256_signed-by_ECDSA-SHA384,14.783,2291.72,891.794,1,7,0.636364,138,17,2001.97,2009.1,1619,1616
1,8,91,RSA-SHA3-256_signed-by_ECDSA-SHA384,RSA-SHA3-256_signed-by_ECDSA-SHA384,14.258,2376.69,929.131,1,0,0,118.727,17,2043.45,2017.14,1619,1617
1,5,88,RSA-SHA3-256_signed-by_ECDSA-SHA384,RSA-SHA3-256_signed-by_ECDSA-SHA384,24.638,1374.74,640.94,1,4,0.25,154.25,15,2077.5,2011.83,1619,1615
1,1,82,RSA-SHA3-256_signed-by_ECDSA-SHA384,RSA-SHA3-256_signed-by_ECDSA-SHA384,22.398,1512.6,1055.78,1,25,1.19048,244.667,24,2075.97,2038.77,1619,1616
1,3,80,RSA-SHA3-256_signed-by_ECDSA-SHA384,RSA-SHA3-256_signed-by_ECDSA-SHA384,13.48,2513.28,963.769,1,0,0,126.8,24,2046.4,1997.48,1619,1616
1,4,17,RSA-SHA3-256_signed-by_ECDSA-SHA384,RSA-SHA3-256_signed-by_ECDSA-SHA384,13.116,2583.05,990.524,1,4,0.4,148,24,2037.41,2003.1,1619,1616
1,2,81,RSA-SHA3-256_signed-by_ECDSA-SHA384,RSA-SHA3-256_signed-by_ECDSA-SHA384,22.057,1535.99,1546.5,1,45,1.45161,279.935,24,2039.38,1983.48,1619,1616
1,6,93,RSA-SHA3-256_signed-by_ECDSA-SHA384,RSA-SHA3-256_signed-by_ECDSA-SHA384,17.124,1978.4,803.507,1,0,0,106.308,10,2046.04,2007.16,1619,1616
1,7,90,RSA-SHA3-256_signed-by_ECDSA-SHA384,RSA-SHA3-256_signed-by_ECDSA-SHA384,14.788,2290.93,1024.56,1,0,0,215.231,17,2033.74,2047.94,1619,1616
1,5,89,RSA-SHA3-256_signed-by_ECDSA-SHA384,RSA-SHA3-256_signed-by_ECDSA-SHA384,12.922,2621.15,1014.04,1,4,0.363636,118.364,15,2019.33,2004.47,1619,1615
1,8,92,RSA-SHA3-256_signed-by_ECDSA-SHA384,RSA-SHA3-256_signed-by_ECDSA-SHA384,15.18,2232.3,903.249,1,1,0.0909091,120.182,17,2067.46,1976.26,1619,1617
1,1,83,RSA-SHA3-256_signed-by_ECDSA-SHA384,RSA-SHA3-256_signed-by_ECDSA-SHA384,14.318,2366.14,1071.61,1,3,0.214286,176.857,24,2008.49,1993.35,1619,1616
1,4,18,RSA-SHA3-256_signed-by_ECDSA-SHA384,RSA-SHA3-256_signed-by_ECDSA-SHA384,13.944,2429.6,1100.35,1,3,0.214286,202.571,24,2031.33,2031.72,1619,1616
1,3,81,RSA-SHA3-256_signed-by_ECDSA-SHA384,RSA-SHA3-256_signed-by_ECDSA-SHA384,17.628,1921.93,1095.52,1,11,0.733333,132.133,24,2043.7,2018.74,1619,1616
1,6,94,RSA-SHA3-256_signed-by_ECDSA-SHA384,RSA-SHA3-256_signed-by_ECDSA-SHA384,16.782,2018.72,1140.21,1,12,0.857143,141.714,10,2030.51,2082.39,1619,1616
1,2,82,RSA-SHA3-256_signed-by_ECDSA-SHA384,RSA-SHA3-256_signed-by_ECDSA-SHA384,22.967,1475.12,1307.58,1,31,1.40909,140.909,24,2032.22,2019.17,1619,1616
1,7,91,RSA-SHA3-256_signed-by_ECDSA-SHA384,RSA-SHA3-256_signed-by_ECDSA-SHA384,13.886,2439.8,935.592,0.6,0,0,148,17,2027.32,1987.92,1619,1616
1,1,84,RSA-SHA3-256_signed-by_ECDSA-SHA384,RSA-SHA3-256_signed-by_ECDSA-SHA384,12.183,2780.85,1087.39,0.454545,0,0,138,24,2050.53,1981.06,1619,1616
1,8,93,RSA-SHA3-256_signed-by_ECDSA-SHA384,RSA-SHA3-256_signed-by_ECDSA-SHA384,13.893,2439.13,1277.14,0.714286,7,0.5,118.571,17,2029.76,1993.05,1619,1617
1,5,90,RSA-SHA3-256_signed-by_ECDSA-SHA384,RSA-SHA3-256_signed-by_ECDSA-SHA384,17.29,1958.97,898.515,0.933333,4,0.266667,162,15,2011.72,2019.87,1619,1615
1,4,19,RSA-SHA3-256_signed-by_ECDSA-SHA384,RSA-SHA3-256_signed-by_ECDSA-SHA384,15.349,2207.23,863.085,1,0,0,138,24,2040.6,2024.31,1619,1616
1,3,82,RSA-SHA3-256_signed-by_ECDSA-SHA384,RSA-SHA3-256_signed-by_ECDSA-SHA384,13.037,2598.7,1011.26,0.727273,7,0.636364,118.727,24,2041.01,1979.41,1619,1616
1,6,95,RSA-SHA3-256_signed-by_ECDSA-SHA384,RSA-SHA3-256_signed-by_ECDSA-SHA384,13.772,2460.02,961.933,1,4,0.363636,118.727,10,2504.01,2501.61,1619,1616
1,2,83,RSA-SHA3-256_signed-by_ECDSA-SHA384,RSA-SHA3-256_signed-by_ECDSA-SHA384,13.395,2529.24,969.891,1,0,0,126.8,24,2031.6,2040.17,1619,1616
1,8,94,RSA-SHA3-256_signed-by_ECDSA-SHA384,RSA-SHA3-256_signed-by_ECDSA-SHA384,13.135,2579.96,989.105,0.9,0,0,126.8,17,2026.19,2101.28,1619,1617
1,7,92,RSA-SHA3-256_signed-by_ECDSA-SHA384,RSA-SHA3-256_signed-by_ECDSA-SHA384,16.071,2108.08,808.389,1,0,0,148,17,2035.7,2041.58,1619,1616
1,5,91,RSA-SHA3-256_signed-by_ECDSA-SHA384,RSA-SHA3-256_signed-by_ECDSA-SHA384,13.701,2472.2,966.924,1,0,0,118.727,15,2036.39,2186.95,1619,1615
1,1,85,RSA-SHA3-256_signed-by_ECDSA-SHA384,RSA-SHA3-256_signed-by_ECDSA-SHA384,19.98,1695.63,973.736,1,11,0.733333,155.067,24,2090.12,2013.05,1619,1616
1,4,20,RSA-SHA3-256_signed-by_ECDSA-SHA384,RSA-SHA3-256_signed-by_ECDSA-SHA384,16.964,1997.11,765.834,1,0,0,135.2,24,2043.01,1989.03,1619,1616
1,2,84,RSA-SHA3-256_signed-by_ECDSA-SHA384,RSA-SHA3-256_signed-by_ECDSA-SHA384,16.055,2110.19,809.197,1,0,0,128,24,2046.99,2031.6,1619,1616
1,3,83,RSA-SHA3-256_signed-by_ECDSA-SHA384,RSA-SHA3-256_signed-by_ECDSA-SHA384,23.49,1442.31,855.507,1,8,0.444444,154.667,24,2047.82,2009,1619,1616
1,6,96,RSA-SHA3-256_signed-by_ECDSA-SHA384,RSA-SHA3-256_signed-by_ECDSA-SHA384,17.875,1895.32,858.375,1,3,0.214286,170.857,10,2024.81,1996.75,1619,1616
1,7,93,RSA-SHA3-256_signed-by_ECDSA-SHA384,RSA-SHA3-256_signed-by_ECDSA-SHA384,16.361,2070.7,1374.93,0.833333,14,0.777778,128.444,17,2049.98,2023.63,1619,1616
1,8,95,RSA-SHA3-256_signed-by_ECDSA-SHA384,RSA-SHA3-256_signed-by_ECDSA-SHA384,18.798,1802.67,1160.07,1,18,0.947368,164.316,17,2498.63,2475.66,1619,1617
1,1,86,RSA-SHA3-256_signed-by_ECDSA-SHA384,RSA-SHA3-256_signed-by_ECDSA-SHA384,13.172,2572.06,986.311,1,0,0,148,24,2044.43,1996.04,1619,1616
1,4,21,RSA-SHA3-256_signed-by_ECDSA-SHA384,RSA-SHA3-256_signed-by_ECDSA-SHA384,16.27,2082.29,841.765,1,7,0.538462,119.846,24,2080.33,1994.35,1619,1616
1,5,92,RSA-SHA3-256_signed-by_ECDSA-SHA384,RSA-SHA3-256_signed-by_ECDSA-SHA384,21.384,1583.98,829.777,1,7,0.5,136.571,15,2027.72,1992.93,1619,1615
1,2,85,RSA-SHA3-256_signed-by_ECDSA-SHA384,RSA-SHA3-256_signed-by_ECDSA-SHA384,16.077,2107.27,824.001,1,0,0,118.727,24,2019.06,2042.75,1619,1616
1,3,84,RSA-SHA3-256_signed-by_ECDSA-SHA384,RSA-SHA3-256_signed-by_ECDSA-SHA384,16.479,2055.86,788.361,1,0,0,126.8,24,2027.19,2012.89,1619,1616
1,6,97,RSA-SHA3-256_signed-by_ECDSA-SHA384,RSA-SHA3-256_signed-by_ECDSA-SHA384,17.304,1957.84,1427.58,1,7,0.466667,122.8,10,2016.88,1995.11,1619,1616
1,7,94,RSA-SHA3-256_signed-by_ECDSA-SHA384,RSA-SHA3-256_signed-by_ECDSA-SHA384,16.472,2056.75,788.703,1,0,0,148,17,2077.64,1999.03,1619,1616
1,1,87,RSA-SHA3-256_signed-by_ECDSA-SHA384,RSA-SHA3-256_signed-by_ECDSA-SHA384,15.495,2186.44,838.436,0.8,0,0,338.8,24,2027.44,2003.24,1619,1616
1,8,96,RSA-SHA3-256_signed-by_ECDSA-SHA384,RSA-SHA3-256_signed-by_ECDSA-SHA384,16.811,2015.74,1480.87,0.8125,22,1.375,163,17,2039.88,2012.72,1619,1617
1,4,22,RSA-SHA3-256_signed-by_ECDSA-SHA384,RSA-SHA3-256_signed-by_ECDSA-SHA384,13.101,2586,1156.53,0,0,0,181.077,24,2050.05,1991.77,1619,1616
1,5,93,RSA-SHA3-256_signed-by_ECDSA-SHA384,RSA-SHA3-256_signed-by_ECDSA-SHA384,13.957,2426.82,930.834,0,0,0,126.8,15,2034.94,1988.84,1619,1615
1,2,86,RSA-SHA3-256_signed-by_ECDSA-SHA384,RSA-SHA3-256_signed-by_ECDSA-SHA384,13.234,2560.02,981.694,0,0,0,126.8,24,2042.8,2010.8,1619,1616
1,3,85,RSA-SHA3-256_signed-by_ECDSA-SHA384,RSA-SHA3-256_signed-by_ECDSA-SHA384,12.574,2694.41,1033.23,0,0,0,129.2,24,2039.93,2000.81,1619,1616
1,6,98,RSA-SHA3-256_signed-by_ECDSA-SHA384,RSA-SHA3-256_signed-by_ECDSA-SHA384,12.115,2796.48,1072.37,0,0,0,129.2,10,2031.21,2007.43,1619,1616
1,7,95,RSA-SHA3-256_signed-by_ECDSA-SHA384,RSA-SHA3-256_signed-by_ECDSA-SHA384,12.877,2630.99,1008.91,0,0,0,148,17,2532.66,2485.75,1619,1616
1,1,88,RSA-SHA3-256_signed-by_ECDSA-SHA384,RSA-SHA3-256_signed-by_ECDSA-SHA384,12.461,2718.82,1042.59,0.8,0,0,148,24,2016.2,1992,1619,1616
1,8,97,RSA-SHA3-256_signed-by_ECDSA-SHA384,RSA-SHA3-256_signed-by_ECDSA-SHA384,12.772,2653.24,1201.35,0.571429,7,0.5,110,17,2045.05,1999.22,1619,1617
1,4,23,RSA-SHA3-256_signed-by_ECDSA-SHA384,RSA-SHA3-256_signed-by_ECDSA-SHA384,12.371,2738.59,1050.17,0.8,0,0,126.8,24,2019.54,1976.58,1619,1616
1,5,94,RSA-SHA3-256_signed-by_ECDSA-SHA384,RSA-SHA3-256_signed-by_ECDSA-SHA384,13.001,2605.27,999.283,1,0,0,126.8,15,2005.93,1980.18,1619,1615
1,2,87,RSA-SHA3-256_signed-by_ECDSA-SHA384,RSA-SHA3-256_signed-by_ECDSA-SHA384,13.173,2571.83,986.224,1,0,0,126.8,24,2003.58,1995.48,1619,1616
1,6,99,RSA-SHA3-256_signed-by_ECDSA-SHA384,RSA-SHA3-256_signed-by_ECDSA-SHA384,13.008,2604.45,1372.64,1,7,0.466667,112.933,10,2005.68,2002.44,1619,1616
1,3,86,RSA-SHA3-256_signed-by_ECDSA-SHA384,RSA-SHA3-256_signed-by_ECDSA-SHA384,16.301,2078.29,1403.52,1,22,1.1,122.6,24,2035.56,1992.33,1619,1616
1,8,98,RSA-SHA3-256_signed-by_ECDSA-SHA384,RSA-SHA3-256_signed-by_ECDSA-SHA384,12.742,2659.45,1392.51,1,7,0.5,118.571,17,2075.43,2007.03,1619,1617
1,7,96,RSA-SHA3-256_signed-by_ECDSA-SHA384,RSA-SHA3-256_signed-by_ECDSA-SHA384,16.783,2018.59,1505.25,1,22,1.22222,164.667,17,2028.15,2001.14,1619,1616
1,1,89,RSA-SHA3-256_signed-by_ECDSA-SHA384,RSA-SHA3-256_signed-by_ECDSA-SHA384,21.186,1599.14,1079.94,1,16,0.8,119.4,24,2242.41,2027.45,1619,1616
1,5,95,RSA-SHA3-256_signed-by_ECDSA-SHA384,RSA-SHA3-256_signed-by_ECDSA-SHA384,20.354,1664.11,774.279,1,3,0.2,100.4,15,2506.82,2455.13,1619,1615
1,4,24,RSA-SHA3-256_signed-by_ECDSA-SHA384,RSA-SHA3-256_signed-by_ECDSA-SHA384,23.24,1457.79,831.647,1,13,0.866667,140.933,24,2064.01,1991.76,1619,1616
1,3,87,RSA-SHA3-256_signed-by_ECDSA-SHA384,RSA-SHA3-256_signed-by_ECDSA-SHA384,12.81,2644.73,1366.39,1,7,0.411765,157.294,24,2047.17,1988.53,1619,1616
1,7,97,RSA-SHA3-256_signed-by_ECDSA-SHA384,RSA-SHA3-256_signed-by_ECDSA-SHA384,13.86,2444.33,1431.39,1,19,1.11765,141.294,18,2021.43,2014.36,1619,1616
1,2,88,RSA-SHA3-256_signed-by_ECDSA-SHA384,RSA-SHA3-256_signed-by_ECDSA-SHA384,21.93,1544.87,910.507,1,15,0.833333,119.778,24,2041.36,2001.66,1619,1616
1,3,88,RSA-SHA3-256_signed-by_ECDSA-SHA384,RSA-SHA3-256_signed-by_ECDSA-SHA384,7.807,4339.62,1696.91,1,0,0,122.727,24,2042.36,2014.72,1619,1616
1,1,90,RSA-SHA3-256_signed-by_ECDSA-SHA384,RSA-SHA3-256_signed-by_ECDSA-SHA384,17.561,1929.25,1295.58,1,14,0.736842,123.684,24,2023.59,2012.71,1619,1616
1,5,96,RSA-SHA3-256_signed-by_ECDSA-SHA384,RSA-SHA3-256_signed-by_ECDSA-SHA384,16.823,2013.41,1081.36,1,8,0.5,108.5,15,2018.91,2011.68,1619,1615
1,7,98,RSA-SHA3-256_signed-by_ECDSA-SHA384,RSA-SHA3-256_signed-by_ECDSA-SHA384,11.339,2987.81,1358.8,1,0,0,202.571,18,2035.38,2015.56,1619,1616
1,4,25,RSA-SHA3-256_signed-by_ECDSA-SHA384,RSA-SHA3-256_signed-by_ECDSA-SHA384,16.979,1995.39,1280.63,1,19,1,118.842,24,2084.28,2017.16,1619,1616
1,8,99,RSA-SHA3-256_signed-by_ECDSA-SHA384,RSA-SHA3-256_signed-by_ECDSA-SHA384,32.36,1047.19,839.039,1,23,1,112.783,17,2034.26,1995.92,1619,1617
1,2,89,RSA-SHA3-256_signed-by_ECDSA-SHA384,RSA-SHA3-256_signed-by_ECDSA-SHA384,16.042,2111.85,1187.82,1,11,0.785714,138.857,24,2042.13,1991.69,1619,1616
1,3,89,RSA-SHA3-256_signed-by_ECDSA-SHA384,RSA-SHA3-256_signed-by_ECDSA-SHA384,17.083,1983.17,1131.37,0.666667,13,0.866667,138.533,24,2044.62,2010.46,1619,1616
1,1,91,RSA-SHA3-256_signed-by_ECDSA-SHA384,RSA-SHA3-256_signed-by_ECDSA-SHA384,13.378,2532.45,971.122,0.3,0,0,148,24,2032.14,1996.41,1619,1616
1,5,97,RSA-SHA3-256_signed-by_ECDSA-SHA384,RSA-SHA3-256_signed-by_ECDSA-SHA384,11.562,2929.57,1123.67,0,0,0,126.8,15,2018.14,1983.11,1619,1615
1,7,99,RSA-SHA3-256_signed-by_ECDSA-SHA384,RSA-SHA3-256_signed-by_ECDSA-SHA384,11.877,2852.55,1093.87,0.5,0,0,148,18,2014.92,2000.21,1619,1616
1,4,26,RSA-SHA3-256_signed-by_ECDSA-SHA384,RSA-SHA3-256_signed-by_ECDSA-SHA384,14.829,2284.67,876.104,1,0,0,126.8,24,2037.5,2003.21,1619,1616
1,2,90,RSA-SHA3-256_signed-by_ECDSA-SHA384,RSA-SHA3-256_signed-by_ECDSA-SHA384,14.239,2379.32,1246.12,0.857143,7,0.5,118.571,24,2012.12,1993.36,1619,1616
1,1,92,RSA-SHA3-256_signed-by_ECDSA-SHA384,RSA-SHA3-256_signed-by_ECDSA-SHA384,10.486,3230.97,1692.16,0.857143,7,0.5,137.143,24,2035.92,1993.44,1619,1616
1,5,98,RSA-SHA3-256_signed-by_ECDSA-SHA384,RSA-SHA3-256_signed-by_ECDSA-SHA384,11.412,2968.06,1659.98,0.923077,11,0.846154,146.923,15,2025.35,2010.64,1619,1615
1,3,90,RSA-SHA3-256_signed-by_ECDSA-SHA384,RSA-SHA3-256_signed-by_ECDSA-SHA384,14.244,2378.47,1343.4,0.857143,12,0.857143,149.714,24,2046.14,2006.5,1619,1616
1,4,27,RSA-SHA3-256_signed-by_ECDSA-SHA384,RSA-SHA3-256_signed-by_ECDSA-SHA384,8.397,4034.77,1547.22,0.5,0,0,126.8,24,2045.27,2008.62,1619,1616
1,1,93,RSA-SHA3-256_signed-by_ECDSA-SHA384,RSA-SHA3-256_signed-by_ECDSA-SHA384,8.774,3861.4,1539.09,0.916667,0,0,126.333,24,2026.54,2004.96,1619,1616
1,2,91,RSA-SHA3-256_signed-by_ECDSA-SHA384,RSA-SHA3-256_signed-by_ECDSA-SHA384,11.318,2993.35,1170.48,1,0,0,118.727,24,2044.61,1995.46,1619,1616
1,5,99,RSA-SHA3-256_signed-by_ECDSA-SHA384,RSA-SHA3-256_signed-by_ECDSA-SHA384,9.49,3569.18,1369,1,0,0,126.8,15,2013.39,2001.72,1619,1615
1,4,28,RSA-SHA3-256_signed-by_ECDSA-SHA384,RSA-SHA3-256_signed-by_ECDSA-SHA384,9.482,3573.04,1370.16,0.6,0,0,129.2,24,2240.15,2012.69,1619,1616
1,3,91,RSA-SHA3-256_signed-by_ECDSA-SHA384,RSA-SHA3-256_signed-by_ECDSA-SHA384,11.19,3027.63,2241.95,0.647059,23,1.35294,161.059,24,2034.93,2009.28,1619,1616
1,1,94,RSA-SHA3-256_signed-by_ECDSA-SHA384,RSA-SHA3-256_signed-by_ECDSA-SHA384,8,4234.52,1623.82,0.7,0,0,148,24,2048.15,2056.03,1619,1616
1,2,92,RSA-SHA3-256_signed-by_ECDSA-SHA384,RSA-SHA3-256_signed-by_ECDSA-SHA384,7.572,4473.96,1715.63,1,0,0,126.8,24,2042.68,1994.42,1619,1616
1,3,92,RSA-SHA3-256_signed-by_ECDSA-SHA384,RSA-SHA3-256_signed-by_ECDSA-SHA384,7.189,4712.17,2496.84,0.947368,14,0.736842,102.842,24,2040.13,2001.2,1619,1616
1,4,29,RSA-SHA3-256_signed-by_ECDSA-SHA384,RSA-SHA3-256_signed-by_ECDSA-SHA384,8.966,3778.7,2509.02,1,14,0.777778,115.333,24,2038.17,2008.09,1619,1616
1,1,95,RSA-SHA3-256_signed-by_ECDSA-SHA384,RSA-SHA3-256_signed-by_ECDSA-SHA384,9.586,3534.24,1408.69,1,0,0,124.333,24,2510.48,2459.65,1619,1616
1,4,30,RSA-SHA3-256_signed-by_ECDSA-SHA384,RSA-SHA3-256_signed-by_ECDSA-SHA384,7.273,4658.2,1920.48,0.916667,1,0.0833333,109.333,24,2049.72,2010.37,1619,1616
1,2,93,RSA-SHA3-256_signed-by_ECDSA-SHA384,RSA-SHA3-256_signed-by_ECDSA-SHA384,11.434,2962.9,2157.64,1,19,1,126,24,2037.38,2021.74,1619,1616
1,1,96,RSA-SHA3-256_signed-by_ECDSA-SHA384,RSA-SHA3-256_signed-by_ECDSA-SHA384,6.015,5631.69,2202.15,0.181818,0,0,132.182,24,2232.59,1995.37,1619,1616
1,3,93,RSA-SHA3-256_signed-by_ECDSA-SHA384,RSA-SHA3-256_signed-by_ECDSA-SHA384,12.59,2690.85,1936.65,0.590909,19,0.863636,106.182,24,2029.54,1992.08,1619,1616
1,4,31,RSA-SHA3-256_signed-by_ECDSA-SHA384,RSA-SHA3-256_signed-by_ECDSA-SHA384,7.822,4330.85,1693.48,0.181818,0,0,114.364,24,2498.88,2491.92,1619,1616
1,2,94,RSA-SHA3-256_signed-by_ECDSA-SHA384,RSA-SHA3-256_signed-by_ECDSA-SHA384,8.049,4209.22,1645.92,0.272727,0,0,114.364,24,2048.13,1986.59,1619,1616
1,1,97,RSA-SHA3-256_signed-by_ECDSA-SHA384,RSA-SHA3-256_signed-by_ECDSA-SHA384,7.364,4600.17,1798.79,0.363636,0,0,132.182,24,2045.13,2002.63,1619,1616
1,3,94,RSA-SHA3-256_signed-by_ECDSA-SHA384,RSA-SHA3-256_signed-by_ECDSA-SHA384,8.397,4034.73,1663.43,0.333333,1,0.0833333,121.333,24,2042.52,2006.44,1619,1616
1,4,32,RSA-SHA3-256_signed-by_ECDSA-SHA384,RSA-SHA3-256_signed-by_ECDSA-SHA384,7.591,4462.61,1778.72,0.333333,0,0,112,24,2000.91,1991.08,1619,1616
1,2,95,RSA-SHA3-256_signed-by_ECDSA-SHA384,RSA-SHA3-256_signed-by_ECDSA-SHA384,8.175,4143.88,2170.28,0.214286,7,0.5,118.571,24,2529.98,2460.22,1619,1616
1,1,98,RSA-SHA3-256_signed-by_ECDSA-SHA384,RSA-SHA3-256_signed-by_ECDSA-SHA384,7.708,4394.91,1718.53,0,0,0,132.182,24,2044.4,2016.43,1619,1616
1,3,95,RSA-SHA3-256_signed-by_ECDSA-SHA384,RSA-SHA3-256_signed-by_ECDSA-SHA384,7.301,4639.96,1779.29,0,0,0,136,24,2497.95,2468.05,1619,1616
1,4,33,RSA-SHA3-256_signed-by_ECDSA-SHA384,RSA-SHA3-256_signed-by_ECDSA-SHA384,7.813,4335.85,1695.43,0.545455,0,0,114.364,24,2007.79,1993.87,1619,1616
1,2,96,RSA-SHA3-256_signed-by_ECDSA-SHA384,RSA-SHA3-256_signed-by_ECDSA-SHA384,6.851,4944.59,1933.47,0.545455,0,0,114.364,24,2039.3,2037.7,1619,1616
1,1,99,RSA-SHA3-256_signed-by_ECDSA-SHA384,RSA-SHA3-256_signed-by_ECDSA-SHA384,6.972,4858.8,1899.92,0.545455,0,0,138,24,2021.67,2002.68,1619,1616
1,3,96,RSA-SHA3-256_signed-by_ECDSA-SHA384,RSA-SHA3-256_signed-by_ECDSA-SHA384,8.413,4027.01,2274.53,0.5,12,0.857143,149.714,24,2045.01,2025.09,1619,1616
1,2,97,RSA-SHA3-256_signed-by_ECDSA-SHA384,RSA-SHA3-256_signed-by_ECDSA-SHA384,6.679,5071.97,1944.95,0.1,0,0,126.8,24,2058.36,2004.47,1619,1616
1,4,34,RSA-SHA3-256_signed-by_ECDSA-SHA384,RSA-SHA3-256_signed-by_ECDSA-SHA384,8.226,4118.63,1579.37,0.1,0,0,126.8,24,2039.33,2004.09,1619,1616
1,3,97,RSA-SHA3-256_signed-by_ECDSA-SHA384,RSA-SHA3-256_signed-by_ECDSA-SHA384,5.559,6093.96,2382.9,0.272727,0,0,122.727,24,2058.71,2000.7,1619,1616
1,2,98,RSA-SHA3-256_signed-by_ECDSA-SHA384,RSA-SHA3-256_signed-by_ECDSA-SHA384,7.631,4439.26,2358.52,0.2,7,0.466667,110,24,2039.25,1995.43,1619,1616
1,4,35,RSA-SHA3-256_signed-by_ECDSA-SHA384,RSA-SHA3-256_signed-by_ECDSA-SHA384,7.053,4803.05,1914.41,0.25,0,0,108,24,2036.34,1985.19,1619,1616
1,3,98,RSA-SHA3-256_signed-by_ECDSA-SHA384,RSA-SHA3-256_signed-by_ECDSA-SHA384,6.219,5447.16,2129.99,0,0,0,122.727,24,2066.93,1991.48,1619,1616
1,2,99,RSA-SHA3-256_signed-by_ECDSA-SHA384,RSA-SHA3-256_signed-by_ECDSA-SHA384,6.284,5390.89,2107.99,0,0,0,114.364,24,2022.96,1993.47,1619,1616
1,4,36,RSA-SHA3-256_signed-by_ECDSA-SHA384,RSA-SHA3-256_signed-by_ECDSA-SHA384,6.55,5171.99,2022.39,0,0,0,114.364,24,2042.21,1989.05,1619,1616
1,3,99,RSA-SHA3-256_signed-by_ECDSA-SHA384,RSA-SHA3-256_signed-by_ECDSA-SHA384,6.474,5232.7,2046.13,0.0909091,0,0,122.727,24,2032.84,1992.58,1619,1616
1,4,37,RSA-SHA3-256_signed-by_ECDSA-SHA384,RSA-SHA3-256_signed-by_ECDSA-SHA384,6.223,5443.73,2169.78,0.0833333,0,0,108,24,2047.72,1997.46,1619,1616
1,4,38,RSA-SHA3-256_signed-by_ECDSA-SHA384,RSA-SHA3-256_signed-by_ECDSA-SHA384,5.059,6696.72,2618.6,0,0,0,114.364,24,2037.68,2004.11,1619,1616
1,4,39,RSA-SHA3-256_signed-by_ECDSA-SHA384,RSA-SHA3-256_signed-by_ECDSA-SHA384,5.165,6559.29,2564.86,0,0,0,114.364,24,2039.21,2002.42,1619,1616
1,4,40,RSA-SHA3-256_signed-by_ECDSA-SHA384,RSA-SHA3-256_signed-by_ECDSA-SHA384,6.594,5137.85,2009.04,0,0,0,114.364,24,2035.29,2007.79,1619,1616
1,4,41,RSA-SHA3-256_signed-by_ECDSA-SHA384,RSA-SHA3-256_signed-by_ECDSA-SHA384,5.054,6703.35,2621.19,0,0,0,114.364,24,2039.92,1998.05,1619,1616
1,4,42,RSA-SHA3-256_signed-by_ECDSA-SHA384,RSA-SHA3-256_signed-by_ECDSA-SHA384,5.14,6591.19,2577.34,0,0,0,114.364,24,2044.73,2004.23,1619,1616
1,4,43,RSA-SHA3-256_signed-by_ECDSA-SHA384,RSA-SHA3-256_signed-by_ECDSA-SHA384,5.028,6738.01,2634.74,0,0,0,114.364,24,2062.51,2002.26,1619,1616
1,4,44,RSA-SHA3-256_signed-by_ECDSA-SHA384,RSA-SHA3-256_signed-by_ECDSA-SHA384,5.005,6768.97,2646.85,0,0,0,114.364,24,2118.84,1999.66,1619,1616
1,4,45,RSA-SHA3-256_signed-by_ECDSA-SHA384,RSA-SHA3-256_signed-by_ECDSA-SHA384,5.078,6671.67,2608.8,0,0,0,114.364,24,2037.37,1999.89,1619,1616
1,4,46,RSA-SHA3-256_signed-by_ECDSA-SHA384,RSA-SHA3-256_signed-by_ECDSA-SHA384,5.13,6604.04,2582.36,0,0,0,114.364,24,2046.37,2005.88,1619,1616
1,4,47,RSA-SHA3-256_signed-by_ECDSA-SHA384,RSA-SHA3-256_signed-by_ECDSA-SHA384,5.556,6097.7,2384.37,0,0,0,114.364,24,2501.66,2481.93,1619,1616
1,4,48,RSA-SHA3-256_signed-by_ECDSA-SHA384,RSA-SHA3-256_signed-by_ECDSA-SHA384,5.235,6471.59,2530.57,0,0,0,114.364,24,2121.2,2006.19,1619,1616
1,4,49,RSA-SHA3-256_signed-by_ECDSA-SHA384,RSA-SHA3-256_signed-by_ECDSA-SHA384,5.072,6679.56,2611.89,0,0,0,114.364,24,2046.76,1999.11,1619,1616
1,4,50,RSA-SHA3-256_signed-by_ECDSA-SHA384,RSA-SHA3-256_signed-by_ECDSA-SHA384,5.142,6588.63,2576.33,0,0,0,114.364,24,2049.99,2001.73,1619,1616
1,4,51,RSA-SHA3-256_signed-by_ECDSA-SHA384,RSA-SHA3-256_signed-by_ECDSA-SHA384,5.084,6663.79,2605.72,0,0,0,114.364,24,2042.05,1996.13,1619,1616
1,4,52,RSA-SHA3-256_signed-by_ECDSA-SHA384,RSA-SHA3-256_signed-by_ECDSA-SHA384,5.028,6738.01,2634.74,0,0,0,114.364,24,2046.19,2023.91,1619,1616
1,4,53,RSA-SHA3-256_signed-by_ECDSA-SHA384,RSA-SHA3-256_signed-by_ECDSA-SHA384,5.059,6696.72,2618.6,0,0,0,114.364,24,2059.7,2015.55,1619,1616
1,4,54,RSA-SHA3-256_signed-by_ECDSA-SHA384,RSA-SHA3-256_signed-by_ECDSA-SHA384,5.059,6696.72,2618.6,0,0,0,114.364,24,2114.16,2003.57,1619,1616
1,4,55,RSA-SHA3-256_signed-by_ECDSA-SHA384,RSA-SHA3-256_signed-by_ECDSA-SHA384,5.225,6483.97,2535.41,0,0,0,114.364,24,2047.08,2005.04,1619,1616
1,4,56,RSA-SHA3-256_signed-by_ECDSA-SHA384,RSA-SHA3-256_signed-by_ECDSA-SHA384,5.069,6683.51,2613.43,0,0,0,114.364,24,2049.39,1995.24,1619,1616
1,4,57,RSA-SHA3-256_signed-by_ECDSA-SHA384,RSA-SHA3-256_signed-by_ECDSA-SHA384,5.054,6703.35,2621.19,0,0,0,114.364,24,2051.52,2000.28,1619,1616
1,4,58,RSA-SHA3-256_signed-by_ECDSA-SHA384,RSA-SHA3-256_signed-by_ECDSA-SHA384,5.068,6684.83,2613.95,0,0,0,114.364,24,2068.53,1997.74,1619,1616
1,4,59,RSA-SHA3-256_signed-by_ECDSA-SHA384,RSA-SHA3-256_signed-by_ECDSA-SHA384,5.16,6565.65,2567.35,0,0,0,114.364,24,2055.28,2003.87,1619,1616
1,4,60,RSA-SHA3-256_signed-by_ECDSA-SHA384,RSA-SHA3-256_signed-by_ECDSA-SHA384,5.25,6452.73,2523.19,0,0,0,114.364,24,2035.72,2007.57,1619,1616
1,4,61,RSA-SHA3-256_signed-by_ECDSA-SHA384,RSA-SHA3-256_signed-by_ECDSA-SHA384,5.158,6568.19,2568.34,0,0,0,114.364,24,2051.16,2023.53,1619,1616
1,4,62,RSA-SHA3-256_signed-by_ECDSA-SHA384,RSA-SHA3-256_signed-by_ECDSA-SHA384,5.139,6592.48,2577.84,0,0,0,114.364,24,2039.93,1997.51,1619,1616
1,4,63,RSA-SHA3-256_signed-by_ECDSA-SHA384,RSA-SHA3-256_signed-by_ECDSA-SHA384,5.55,6104.29,2386.94,0,0,0,114.364,24,2507.35,2482.65,1619,1616
1,4,64,RSA-SHA3-256_signed-by_ECDSA-SHA384,RSA-SHA3-256_signed-by_ECDSA-SHA384,5.155,6572.02,2569.84,0,0,0,114.364,24,2037.74,2001.62,1619,1616
1,4,65,RSA-SHA3-256_signed-by_ECDSA-SHA384,RSA-SHA3-256_signed-by_ECDSA-SHA384,5.041,6720.63,2627.95,0,0,0,114.364,24,2044.74,1999.04,1619,1616
1,4,66,RSA-SHA3-256_signed-by_ECDSA-SHA384,RSA-SHA3-256_signed-by_ECDSA-SHA384,5.095,6649.41,2600.1,0,0,0,114.364,24,2047.95,2059.94,1619,1616
1,4,67,RSA-SHA3-256_signed-by_ECDSA-SHA384,RSA-SHA3-256_signed-by_ECDSA-SHA384,5.08,6669.04,2607.78,0,0,0,114.364,24,2044.99,2015.68,1619,1616
1,4,68,RSA-SHA3-256_signed-by_ECDSA-SHA384,RSA-SHA3-256_signed-by_ECDSA-SHA384,5.192,6525.18,2551.52,0,0,0,114.364,24,2033.57,2004.33,1619,1616
1,4,69,RSA-SHA3-256_signed-by_ECDSA-SHA384,RSA-SHA3-256_signed-by_ECDSA-SHA384,5.224,6485.21,2535.89,0,0,0,114.364,24,2041.04,2001.73,1619,1616
1,4,70,RSA-SHA3-256_signed-by_ECDSA-SHA384,RSA-SHA3-256_signed-by_ECDSA-SHA384,5.016,6754.13,2641.05,0,0,0,114.364,24,2044.05,2005.45,1619,1616
1,4,71,RSA-SHA3-256_signed-by_ECDSA-SHA384,RSA-SHA3-256_signed-by_ECDSA-SHA384,4.994,6783.88,2652.68,0,0,0,114.364,24,2039.58,2001.37,1619,1616
1,4,72,RSA-SHA3-256_signed-by_ECDSA-SHA384,RSA-SHA3-256_signed-by_ECDSA-SHA384,5.099,6644.19,2598.06,0,0,0,114.364,24,2035.6,2004.61,1619,1616
1,4,73,RSA-SHA3-256_signed-by_ECDSA-SHA384,RSA-SHA3-256_signed-by_ECDSA-SHA384,5.116,6622.11,2589.43,0,0,0,114.364,24,2040.24,2056.76,1619,1616
1,4,74,RSA-SHA3-256_signed-by_ECDSA-SHA384,RSA-SHA3-256_signed-by_ECDSA-SHA384,5.077,6672.98,2609.32,0,0,0,114.364,24,2037.04,2011.6,1619,1616
1,4,75,RSA-SHA3-256_signed-by_ECDSA-SHA384,RSA-SHA3-256_signed-by_ECDSA-SHA384,5.058,6698.05,2619.12,0,0,0,114.364,24,2057.62,1998.28,1619,1616
1,4,76,RSA-SHA3-256_signed-by_ECDSA-SHA384,RSA-SHA3-256_signed-by_ECDSA-SHA384,5.018,6751.44,2639.99,0,0,0,114.364,24,2043.89,1997.09,1619,1616
1,4,77,RSA-SHA3-256_signed-by_ECDSA-SHA384,RSA-SHA3-256_signed-by_ECDSA-SHA384,5.028,6738.01,2634.74,0,0,0,114.364,24,2033.04,2003.93,1619,1616
1,4,78,RSA-SHA3-256_signed-by_ECDSA-SHA384,RSA-SHA3-256_signed-by_ECDSA-SHA384,5.066,6687.47,2614.98,0,0,0,114.364,24,2037.03,1998.83,1619,1616
1,4,79,RSA-SHA3-256_signed-by_ECDSA-SHA384,RSA-SHA3-256_signed-by_ECDSA-SHA384,5.552,6102.09,2386.08,0,0,0,114.364,24,2523.05,2470.91,1619,1616
1,4,80,RSA-SHA3-256_signed-by_ECDSA-SHA384,RSA-SHA3-256_signed-by_ECDSA-SHA384,5.108,6632.28,2593.4,0,0,0,114.364,24,2049.9,2006.42,1619,1616
1,4,81,RSA-SHA3-256_signed-by_ECDSA-SHA384,RSA-SHA3-256_signed-by_ECDSA-SHA384,5.127,6607.91,2583.87,0,0,0,114.364,24,2042.83,2021.47,1619,1616
1,4,82,RSA-SHA3-256_signed-by_ECDSA-SHA384,RSA-SHA3-256_signed-by_ECDSA-SHA384,5.121,6615.65,2586.9,0,0,0,114.364,24,2040.15,2001.32,1619,1616
1,4,83,RSA-SHA3-256_signed-by_ECDSA-SHA384,RSA-SHA3-256_signed-by_ECDSA-SHA384,5.21,6502.64,2542.71,0,0,0,114.364,24,2041,2005.25,1619,1616
1,4,84,RSA-SHA3-256_signed-by_ECDSA-SHA384,RSA-SHA3-256_signed-by_ECDSA-SHA384,5.057,6699.37,2619.64,0,0,0,114.364,24,2039.78,2001.06,1619,1616
1,4,85,RSA-SHA3-256_signed-by_ECDSA-SHA384,RSA-SHA3-256_signed-by_ECDSA-SHA384,5.067,6686.15,2614.47,0,0,0,114.364,24,2034.69,1998.27,1619,1616
1,4,86,RSA-SHA3-256_signed-by_ECDSA-SHA384,RSA-SHA3-256_signed-by_ECDSA-SHA384,5.142,6588.63,2576.33,0,0,0,114.364,24,2046.75,2067.68,1619,1616
1,4,87,RSA-SHA3-256_signed-by_ECDSA-SHA384,RSA-SHA3-256_signed-by_ECDSA-SHA384,5.048,6711.31,2624.31,0,0,0,114.364,24,2037.79,2012.17,1619,1616
1,4,88,RSA-SHA3-256_signed-by_ECDSA-SHA384,RSA-SHA3-256_signed-by_ECDSA-SHA384,4.998,6778.45,2650.56,0,0,0,114.364,24,2035.08,1995.63,1619,1616
1,4,89,RSA-SHA3-256_signed-by_ECDSA-SHA384,RSA-SHA3-256_signed-by_ECDSA-SHA384,5.061,6694.08,2617.57,0,0,0,114.364,24,2036.89,2012.58,1619,1616
1,4,90,RSA-SHA3-256_signed-by_ECDSA-SHA384,RSA-SHA3-256_signed-by_ECDSA-SHA384,5.192,6525.18,2551.52,0,0,0,114.364,24,2054.98,1999.31,1619,1616
1,4,91,RSA-SHA3-256_signed-by_ECDSA-SHA384,RSA-SHA3-256_signed-by_ECDSA-SHA384,5.21,6502.64,2542.71,0,0,0,114.364,24,2036.71,2001.9,1619,1616
1,4,92,RSA-SHA3-256_signed-by_ECDSA-SHA384,RSA-SHA3-256_signed-by_ECDSA-SHA384,5.043,6717.97,2626.91,0,0,0,114.364,24,2037.35,1995.27,1619,1616
1,4,93,RSA-SHA3-256_signed-by_ECDSA-SHA384,RSA-SHA3-256_signed-by_ECDSA-SHA384,5.031,6733.99,2633.17,0,0,0,114.364,24,2046.26,2011.76,1619,1616
1,4,94,RSA-SHA3-256_signed-by_ECDSA-SHA384,RSA-SHA3-256_signed-by_ECDSA-SHA384,5.038,6724.63,2629.51,0,0,0,114.364,24,2027.88,2007.33,1619,1616
1,4,95,RSA-SHA3-256_signed-by_ECDSA-SHA384,RSA-SHA3-256_signed-by_ECDSA-SHA384,5.538,6117.52,2392.12,0,0,0,116.182,24,2541.89,2457.22,1619,1616
1,4,96,RSA-SHA3-256_signed-by_ECDSA-SHA384,RSA-SHA3-256_signed-by_ECDSA-SHA384,5.123,6613.06,2585.89,0,0,0,114.364,24,2033.49,2002.11,1619,1616
1,4,97,RSA-SHA3-256_signed-by_ECDSA-SHA384,RSA-SHA3-256_signed-by_ECDSA-SHA384,5.122,6614.36,2586.39,0,0,0,114.364,24,2044,2002.23,1619,1616
1,4,98,RSA-SHA3-256_signed-by_ECDSA-SHA384,RSA-SHA3-256_signed-by_ECDSA-SHA384,4.981,6801.58,2659.6,0,0,0,114.364,24,2036.3,2001.93,1619,1616
1,4,99,RSA-SHA3-256_signed-by_ECDSA-SHA384,RSA-SHA3-256_signed-by_ECDSA-SHA384,5.137,6595.04,2578.84,0,0,0,114.364,24,2039.15,2020.84,1619,1616
