scenario,node_id,handshake_index,sta_cert_algo,ap_cert_algo,handshake_delay_ms,goodput_kbps,throughput_kbps,phy_frame_drop_rate,mac_retries,mac_retry_rate,tx_delay_us,prop_delay_ns,cert_verify_ap_us,cert_verify_sta_us,server_cert_msg_bytes,client_cert_msg_bytes
1,8,0,RSA-SHA256_signed-by_ED25519,RSA-SHA256_signed-by_ED25519,28.583,1088.48,575.445,0.7,13,0.65,200.6,14,1280.58,1329.58,1446,1443
1,3,0,RSA-SHA256_signed-by_ED25519,RSA-SHA256_signed-by_ED25519,41.978,741.141,391.819,1,13,0.65,192.6,24,1253.56,1248.02,1446,1443
1,2,0,RSA-SHA256_signed-by_ED25519,RSA-SHA256_signed-by_ED25519,53.052,586.443,167.986,1,1,0.0666667,199.867,24,1273.59,1265.49,1446,1443
1,6,0,RSA-SHA256_signed-by_ED25519,RSA-SHA256_signed-by_ED25519,61.415,506.585,136.513,1,0,0,200,8,1269.6,1311.13,1446,1443
1,7,0,RSA-SHA256_signed-by_ED25519,RSA-SHA256_signed-by_ED25519,67.316,462.175,124.546,1,0,0,159.429,16,1295.73,1243.99,1446,1443
1,5,0,RSA-SHA256_signed-by_ED25519,RSA-SHA256_signed-by_ED25519,71.035,437.978,141.225,1,4,0.222222,213.333,15,1283.32,1278.11,1446,1443
1,8,1,RSA-SHA256_signed-by_ED25519,RSA-SHA256_signed-by_ED25519,44.531,698.649,482.533,1,20,1.11111,712.222,14,1221.84,1202.12,1446,1443
1,1,0,RSA-SHA256_signed-by_ED25519,RSA-SHA256_signed-by_ED25519,77.514,401.368,142.218,1,8,0.421053,182.632,24,1257.91,1232.59,1446,1443
1,3,1,RSA-SHA256_signed-by_ED25519,RSA-SHA256_signed-by_ED25519,37.365,832.636,569.935,1,15,0.882353,705.059,24,1230.06,1204.11,1446,1443
1,6,1,RSA-SHA256_signed-by_ED25519,RSA-SHA256_signed-by_ED25519,19.324,1610.01,719.517,1,5,0.416667,106,8,1302.15,1203.17,1446,1443
1,7,1,RSA-SHA256_signed-by_ED25519,RSA-SHA256_signed-by_ED25519,17.888,1739.24,700.347,1,0,0,122,16,1231.1,1222.27,1446,1443
1,2,1,RSA-SHA256_signed-by_ED25519,RSA-SHA256_signed-by_ED25519,32.876,946.323,523.653,1,8,0.571429,685.143,24,1200.82,1212.16,1446,1443
1,5,1,RSA-SHA256_signed-by_ED25519,RSA-SHA256_signed-by_ED25519,16.719,1860.84,1389.53,1,16,0.941176,245.529,15,1239.48,1217.79,1446,1443
1,8,2,RSA-SHA256_signed-by_ED25519,RSA-SHA256_signed-by_ED25519,18.69,1664.59,938.232,1,7,0.466667,148.933,14,1235.75,1209.11,1446,1443
1,1,1,RSA-SHA256_signed-by_ED25519,RSA-SHA256_signed-by_ED25519,14.786,2104.11,1063.69,1,11,0.6875,134,24,1204.4,1212.54,1446,1443
1,3,2,RSA-SHA256_signed-by_ED25519,RSA-SHA256_signed-by_ED25519,16.203,1920.1,773.173,1,0,0,114,24,1231.21,1213.6,1446,1443
1,6,2,RSA-SHA256_signed-by_ED25519,RSA-SHA256_signed-by_ED25519,15.9,1956.68,771.804,1,0,0,122.444,8,1231.63,1210.42,1446,1443
1,5,2,RSA-SHA256_signed-by_ED25519,RSA-SHA256_signed-by_ED25519,14.717,2113.97,851.241,1,0,0,220.8,15,1228.19,1215.6,1446,1443
1,7,2,RSA-SHA256_signed-by_ED25519,RSA-SHA256_signed-by_ED25519,18.777,1656.86,906.609,1,7,0.538462,122.923,16,1238.41,1211.86,1446,1443
1,8,3,RSA-SHA256_signed-by_ED25519,RSA-SHA256_signed-by_ED25519,12.828,2425.28,1547.22,0.875,4,0.25,156.5,14,1200.75,1209.97,1446,1443
1,2,2,RSA-SHA256_signed-by_ED25519,RSA-SHA256_signed-by_ED25519,20.818,1494.41,1407.19,1,25,1.19048,223.333,24,1227.16,1197.31,1446,1443
1,1,2,RSA-SHA256_signed-by_ED25519,RSA-SHA256_signed-by_ED25519,15.143,2054.49,918.156,0.916667,2,0.166667,483.333,24,1231.7,1214.85,1446,1443
1,3,3,RSA-SHA256_signed-by_ED25519,RSA-SHA256_signed-by_ED25519,13.062,2381.83,939.502,0.888889,0,0,122.444,24,1247.35,1208.2,1446,1443
1,6,3,RSA-SHA256_signed-by_ED25519,RSA-SHA256_signed-by_ED25519,12.431,2502.75,987.199,0.888889,0,0,122.444,8,1250.54,1204.79,1446,1443
1,7,3,RSA-SHA256_signed-by_ED25519,RSA-SHA256_signed-by_ED25519,10.036,3099.74,1222.68,1,0,0,131.333,16,1230.47,1214.78,1446,1443
1,8,4,RSA-SHA256_signed-by_ED25519,RSA-SHA256_signed-by_ED25519,13.387,2324.01,935.821,1,0,0,122,14,1278.34,1202.57,1446,1443
1,3,4,RSA-SHA256_signed-by_ED25519,RSA-SHA256_signed-by_ED25519,10.098,3080.73,1215.18,1,3,0.333333,122.444,24,1230.13,1197.33,1446,1443
1,2,3,RSA-SHA256_signed-by_ED25519,RSA-SHA256_signed-by_ED25519,12.595,2470.17,1119.17,1,10,0.769231,140.154,24,1224.58,1206.96,1446,1443
1,6,4,RSA-SHA256_signed-by_ED25519,RSA-SHA256_signed-by_ED25519,14.551,2138.09,1252.4,1,9,0.75,140,8,1223.67,1204.49,1446,1443
1,7,4,RSA-SHA256_signed-by_ED25519,RSA-SHA256_signed-by_ED25519,10.237,3038.95,1198.7,0.777778,0,0,131.333,16,1227.68,1204.28,1446,1443
1,5,3,RSA-SHA256_signed-by_ED25519,RSA-SHA256_signed-by_ED25519,22.483,1383.74,1519.31,1,30,1.42857,356.286,15,1233.49,1186.47,1446,1443
1,8,5,RSA-SHA256_signed-by_ED25519,RSA-SHA256_signed-by_ED25519,12.201,2549.75,1005.74,0.222222,0,0,131.333,14,1233.12,1205.85,1446,1443
1,3,5,RSA-SHA256_signed-by_ED25519,RSA-SHA256_signed-by_ED25519,12.899,2411.96,1077.91,0,2,0.166667,148,24,1229.99,1200.93,1446,1443
1,2,4,RSA-SHA256_signed-by_ED25519,RSA-SHA256_signed-by_ED25519,14.569,2135.46,941.161,0.181818,3,0.272727,384.909,24,1238.43,1215.6,1446,1443
1,5,4,RSA-SHA256_signed-by_ED25519,RSA-SHA256_signed-by_ED25519,9.452,3291.3,1470.89,0.166667,5,0.416667,201,15,1205.85,1205.04,1446,1443
1,1,3,RSA-SHA256_signed-by_ED25519,RSA-SHA256_signed-by_ED25519,27.706,1122.92,628.304,1,9,0.6,167.6,24,1234.31,1191.23,1446,1443
1,6,5,RSA-SHA256_signed-by_ED25519,RSA-SHA256_signed-by_ED25519,15.413,2018.51,812.804,0.7,0,0,114,8,1234.62,1216.66,1446,1443
1,7,5,RSA-SHA256_signed-by_ED25519,RSA-SHA256_signed-by_ED25519,16.962,1834.17,738.575,0.7,0,0,117.2,16,1226.83,1207.32,1446,1443
1,8,6,RSA-SHA256_signed-by_ED25519,RSA-SHA256_signed-by_ED25519,12.974,2397.99,945.877,0.777778,0,0,128.667,14,1235.06,1212.6,1446,1443
1,3,6,RSA-SHA256_signed-by_ED25519,RSA-SHA256_signed-by_ED25519,14.636,2125.68,838.467,0.777778,0,0,122.444,24,1239.36,1210.24,1446,1443
1,2,5,RSA-SHA256_signed-by_ED25519,RSA-SHA256_signed-by_ED25519,12.864,2418.52,1080.84,0.416667,2,0.166667,217.333,24,1231.05,1210.05,1446,1443
1,1,4,RSA-SHA256_signed-by_ED25519,RSA-SHA256_signed-by_ED25519,12.539,2481.19,978.697,1,0,0,131.333,24,1209.22,1192.89,1446,1443
1,5,5,RSA-SHA256_signed-by_ED25519,RSA-SHA256_signed-by_ED25519,14.552,2137.95,1291.9,0.6,15,1,235.6,15,1226.19,1192.81,1446,1443
1,6,6,RSA-SHA256_signed-by_ED25519,RSA-SHA256_signed-by_ED25519,11.772,2642.66,1181.01,0.5,5,0.416667,106,8,1223.84,1207.16,1446,1443
1,7,6,RSA-SHA256_signed-by_ED25519,RSA-SHA256_signed-by_ED25519,12.104,2570.39,1013.88,0.666667,0,0,131.333,16,1238.07,1217.91,1446,1443
1,8,7,RSA-SHA256_signed-by_ED25519,RSA-SHA256_signed-by_ED25519,12.316,2526.13,1017.21,0.8,0,0,122,14,1224.04,1219.76,1446,1443
1,3,7,RSA-SHA256_signed-by_ED25519,RSA-SHA256_signed-by_ED25519,12.051,2581.67,1039.57,0.8,0,0,114,24,1220.78,1226.39,1446,1443
1,1,5,RSA-SHA256_signed-by_ED25519,RSA-SHA256_signed-by_ED25519,11.71,2656.87,1047.99,0.444444,0,0,131.333,24,1202.37,1209.92,1446,1443
1,2,6,RSA-SHA256_signed-by_ED25519,RSA-SHA256_signed-by_ED25519,13.816,2251.84,1319.03,0.666667,9,0.75,204,24,1241.97,1212.07,1446,1443
1,6,7,RSA-SHA256_signed-by_ED25519,RSA-SHA256_signed-by_ED25519,10.898,2854.58,1258.1,0.818182,2,0.181818,110,8,1253.63,1215.91,1446,1443
1,7,7,RSA-SHA256_signed-by_ED25519,RSA-SHA256_signed-by_ED25519,9.317,3338.95,1317.03,1,0,0,131.333,16,1226.82,1206.31,1446,1443
1,8,8,RSA-SHA256_signed-by_ED25519,RSA-SHA256_signed-by_ED25519,9.469,3285.37,1316.18,1,5,0.5,122,14,1213.02,1218.11,1446,1443
1,1,6,RSA-SHA256_signed-by_ED25519,RSA-SHA256_signed-by_ED25519,7.557,4116.54,1786.76,1,1,0.0833333,109.667,24,1232.95,1206.01,1446,1443
1,8,9,RSA-SHA256_signed-by_ED25519,RSA-SHA256_signed-by_ED25519,10.162,3061.32,1349.22,1,0,0,168.182,14,1235.87,1207.03,1446,1443
1,1,7,RSA-SHA256_signed-by_ED25519,RSA-SHA256_signed-by_ED25519,9.511,3270.88,1317.1,0.9,3,0.3,222,24,1230.16,1192.94,1446,1443
1,6,8,RSA-SHA256_signed-by_ED25519,RSA-SHA256_signed-by_ED25519,15.349,2026.91,1496.86,1,16,1,129.5,8,1223.01,1321.04,1446,1443
1,5,6,RSA-SHA256_signed-by_ED25519,RSA-SHA256_signed-by_ED25519,28.984,1073.39,486.325,1,3,0.230769,463.231,15,1208.04,1198.35,1446,1443
1,7,8,RSA-SHA256_signed-by_ED25519,RSA-SHA256_signed-by_ED25519,16.797,1852.17,1394.48,1,17,0.944444,124.667,16,1233.98,1207.73,1446,1443
1,8,10,RSA-SHA256_signed-by_ED25519,RSA-SHA256_signed-by_ED25519,7.697,4041.7,1594.23,0.222222,0,0,122.444,14,1236.21,1213.06,1446,1443
1,2,7,RSA-SHA256_signed-by_ED25519,RSA-SHA256_signed-by_ED25519,23.124,1345.43,1250.98,1,25,1.31579,263.263,24,1227.46,1201.88,1446,1443
1,5,7,RSA-SHA256_signed-by_ED25519,RSA-SHA256_signed-by_ED25519,8.142,3820.82,1507.11,0.333333,0,0,241.111,15,1268.51,1218.45,1446,1443
1,6,9,RSA-SHA256_signed-by_ED25519,RSA-SHA256_signed-by_ED25519,10.231,3040.67,1199.38,0.444444,0,0,122.444,8,1236.96,1205.37,1446,1443
1,8,11,RSA-SHA256_signed-by_ED25519,RSA-SHA256_signed-by_ED25519,7.85,3962.95,1595.78,0.5,0,0,114,14,1206.16,1211.5,1446,1443
1,7,9,RSA-SHA256_signed-by_ED25519,RSA-SHA256_signed-by_ED25519,12.497,2489.53,1362.23,0.384615,7,0.538462,114.923,16,1226.52,1192.89,1446,1443
1,2,8,RSA-SHA256_signed-by_ED25519,RSA-SHA256_signed-by_ED25519,8.878,3504.08,1382.17,1,0,0,174.889,24,1221.04,1198.48,1446,1443
1,5,8,RSA-SHA256_signed-by_ED25519,RSA-SHA256_signed-by_ED25519,7.827,3974.64,1567.78,1,0,0,241.111,15,1237.36,1192.92,1446,1443
1,6,10,RSA-SHA256_signed-by_ED25519,RSA-SHA256_signed-by_ED25519,11.759,2645.79,1107.57,0.8,1,0.1,115.6,8,1231.97,1217.08,1446,1443
1,3,8,RSA-SHA256_signed-by_ED25519,RSA-SHA256_signed-by_ED25519,42.185,737.497,417.201,1,10,0.625,109.5,24,1234.56,1193.23,1446,1443
1,1,8,RSA-SHA256_signed-by_ED25519,RSA-SHA256_signed-by_ED25519,26.169,1188.87,909.154,0.545455,18,0.818182,172.545,24,1226.45,1210.22,1446,1443
1,8,12,RSA-SHA256_signed-by_ED25519,RSA-SHA256_signed-by_ED25519,13.036,2386.59,980.656,0.636364,0,0,107.091,14,1233.47,1209.6,1446,1443
1,2,9,RSA-SHA256_signed-by_ED25519,RSA-SHA256_signed-by_ED25519,11.593,2683.67,1058.56,0.333333,0,0,174.889,24,1198.1,1190.89,1446,1443
1,5,9,RSA-SHA256_signed-by_ED25519,RSA-SHA256_signed-by_ED25519,11.991,2594.58,1023.42,0,0,0,241.111,15,1230.05,1209.96,1446,1443
1,7,10,RSA-SHA256_signed-by_ED25519,RSA-SHA256_signed-by_ED25519,14.84,2096.45,1228.01,0.583333,9,0.75,140,16,1238.12,1214.19,1446,1443
1,6,11,RSA-SHA256_signed-by_ED25519,RSA-SHA256_signed-by_ED25519,9.83,3164.72,1248.31,0,0,0,122.444,8,1226.99,1215.88,1446,1443
1,3,9,RSA-SHA256_signed-by_ED25519,RSA-SHA256_signed-by_ED25519,11.38,2733.92,1078.38,0.333333,0,0,127.778,24,1232.19,1205.71,1446,1443
1,1,9,RSA-SHA256_signed-by_ED25519,RSA-SHA256_signed-by_ED25519,11.081,2807.68,1107.48,0.333333,0,0,131.333,24,1237,1214.12,1446,1443
1,2,10,RSA-SHA256_signed-by_ED25519,RSA-SHA256_signed-by_ED25519,10.221,3043.64,1200.55,0.333333,0,0,174.889,24,1261.88,1212.51,1446,1443
1,5,10,RSA-SHA256_signed-by_ED25519,RSA-SHA256_signed-by_ED25519,10.837,2870.88,1156.03,0.9,0,0,220.8,15,1205.78,1210.07,1446,1443
1,8,13,RSA-SHA256_signed-by_ED25519,RSA-SHA256_signed-by_ED25519,14.606,2130.03,1183.04,0.642857,7,0.5,109.429,14,1265.08,1226.3,1446,1443
1,7,11,RSA-SHA256_signed-by_ED25519,RSA-SHA256_signed-by_ED25519,12.04,2584.01,1154.8,1,5,0.416667,106,16,1224.32,1196.48,1446,1443
1,6,12,RSA-SHA256_signed-by_ED25519,RSA-SHA256_signed-by_ED25519,15.81,1967.79,776.187,1,0,0,122.444,8,1223.12,1210.3,1446,1443
1,3,10,RSA-SHA256_signed-by_ED25519,RSA-SHA256_signed-by_ED25519,14.214,2188.76,1215.67,0.928571,7,0.5,109.429,24,1226.64,1195.02,1446,1443
1,1,10,RSA-SHA256_signed-by_ED25519,RSA-SHA256_signed-by_ED25519,13.956,2229.23,794.473,1,0,0,135,24,1234,1206.38,1446,1443
1,5,11,RSA-SHA256_signed-by_ED25519,RSA-SHA256_signed-by_ED25519,11.643,2672.14,1054.01,1,3,0.333333,236.667,15,1239.41,1215.56,1446,1443
1,2,11,RSA-SHA256_signed-by_ED25519,RSA-SHA256_signed-by_ED25519,16.336,1904.45,1491.63,1,22,1.375,257.5,24,1236.93,1223.36,1446,1443
1,8,14,RSA-SHA256_signed-by_ED25519,RSA-SHA256_signed-by_ED25519,13.73,2265.95,893.795,1,0,0,122.444,14,1236.26,1190.23,1446,1443
1,5,12,RSA-SHA256_signed-by_ED25519,RSA-SHA256_signed-by_ED25519,9.269,3356.28,1527.54,1,2,0.153846,203.538,15,1236.37,1210.33,1446,1443
1,6,13,RSA-SHA256_signed-by_ED25519,RSA-SHA256_signed-by_ED25519,13.41,2320.04,1415.05,1,6,0.461538,112.462,8,1224.48,1196.8,1446,1443
1,1,11,RSA-SHA256_signed-by_ED25519,RSA-SHA256_signed-by_ED25519,13.403,2321.24,2069.96,1,25,1.04167,160,24,1232.64,1219.29,1446,1443
1,2,12,RSA-SHA256_signed-by_ED25519,RSA-SHA256_signed-by_ED25519,10.835,2871.41,1433.86,1,7,0.466667,187.333,24,1220.9,1233.9,1446,1443
1,7,12,RSA-SHA256_signed-by_ED25519,RSA-SHA256_signed-by_ED25519,26.144,1190,1067.91,1,18,0.857143,107.333,16,1205.4,1206.98,1446,1443
1,8,15,RSA-SHA256_signed-by_ED25519,RSA-SHA256_signed-by_ED25519,15.76,1974.03,1562.37,1,23,1.35294,140.118,14,1709.39,1698.36,1446,1443
1,5,13,RSA-SHA256_signed-by_ED25519,RSA-SHA256_signed-by_ED25519,11.018,2823.7,1113.8,1,0,0,147.333,15,1247.09,1209.83,1446,1443
1,6,14,RSA-SHA256_signed-by_ED25519,RSA-SHA256_signed-by_ED25519,11.211,2775.08,1418.58,0.714286,5,0.357143,141.714,8,1300.04,1197.03,1446,1443
1,1,12,RSA-SHA256_signed-by_ED25519,RSA-SHA256_signed-by_ED25519,9.767,3185.4,1256.47,0.666667,0,0,131.333,24,1235.52,1192.64,1446,1443
1,2,13,RSA-SHA256_signed-by_ED25519,RSA-SHA256_signed-by_ED25519,10.651,2921,1152.18,1,0,0,173.111,24,1233.08,1247.6,1446,1443
1,7,13,RSA-SHA256_signed-by_ED25519,RSA-SHA256_signed-by_ED25519,13.096,2375.62,2131.89,1,24,1.14286,120.286,16,1244.46,1222.13,1446,1443
1,8,16,RSA-SHA256_signed-by_ED25519,RSA-SHA256_signed-by_ED25519,10.982,2832.96,1746.83,1,8,0.5,136.5,15,1225.79,1207.39,1446,1443
1,6,15,RSA-SHA256_signed-by_ED25519,RSA-SHA256_signed-by_ED25519,11.099,2803.09,1105.67,1,0,0,122.444,8,1702.71,1670.91,1446,1443
1,1,13,RSA-SHA256_signed-by_ED25519,RSA-SHA256_signed-by_ED25519,9.578,3248.26,1281.26,1,0,0,131.333,24,1220.07,1213.94,1446,1443
1,5,14,RSA-SHA256_signed-by_ED25519,RSA-SHA256_signed-by_ED25519,14.655,2122.89,988.027,1,2,0.142857,129.429,15,1230.53,1219.18,1446,1443
1,3,11,RSA-SHA256_signed-by_ED25519,RSA-SHA256_signed-by_ED25519,42.876,725.622,581.766,1,22,1.15789,132.737,24,1203.49,1207.8,1446,1443
1,7,14,RSA-SHA256_signed-by_ED25519,RSA-SHA256_signed-by_ED25519,11.606,2680.65,1570.2,0.583333,9,0.75,140,16,1234.87,1208.85,1446,1443
1,8,17,RSA-SHA256_signed-by_ED25519,RSA-SHA256_signed-by_ED25519,12.402,2508.58,1010.14,0.9,0,0,114,15,1230.33,1220.82,1446,1443
1,1,14,RSA-SHA256_signed-by_ED25519,RSA-SHA256_signed-by_ED25519,11.412,2726.24,1075.35,0.555556,3,0.333333,158.889,24,1229.97,1204.9,1446,1443
1,2,14,RSA-SHA256_signed-by_ED25519,RSA-SHA256_signed-by_ED25519,21.779,1428.52,866.148,1,11,0.733333,220.933,24,1232.21,1205.85,1446,1443
1,6,16,RSA-SHA256_signed-by_ED25519,RSA-SHA256_signed-by_ED25519,14.348,2168.33,855.29,1,0,0,122.444,8,1230.14,1240.23,1446,1443
1,5,15,RSA-SHA256_signed-by_ED25519,RSA-SHA256_signed-by_ED25519,12.484,2492.12,1363.65,0.692308,7,0.538462,162.308,15,1711.24,1676.58,1446,1443
1,3,12,RSA-SHA256_signed-by_ED25519,RSA-SHA256_signed-by_ED25519,12.852,2420.74,974.771,1,0,0,114,24,1236.54,1223.05,1446,1443
1,7,15,RSA-SHA256_signed-by_ED25519,RSA-SHA256_signed-by_ED25519,13.476,2308.65,910.636,1,0,0,122.444,16,1698.49,1679.48,1446,1443
1,1,15,RSA-SHA256_signed-by_ED25519,RSA-SHA256_signed-by_ED25519,11.949,2603.69,1163.59,0.833333,5,0.416667,160,24,1709.87,1663.67,1446,1443
1,8,18,RSA-SHA256_signed-by_ED25519,RSA-SHA256_signed-by_ED25519,12.601,2468.96,973.871,1,0,0,122.444,15,1259.19,1195.47,1446,1443
1,5,16,RSA-SHA256_signed-by_ED25519,RSA-SHA256_signed-by_ED25519,8.865,3509.14,1413.04,1,0,0,122,15,1210.87,1221.57,1446,1443
1,2,15,RSA-SHA256_signed-by_ED25519,RSA-SHA256_signed-by_ED25519,12.217,2546.57,1512.62,1,9,0.692308,191.231,24,1708.06,1666.95,1446,1443
1,6,17,RSA-SHA256_signed-by_ED25519,RSA-SHA256_signed-by_ED25519,12.176,2555.13,1413.9,1,12,0.857143,109.429,8,1237.35,1219.94,1446,1443
1,5,17,RSA-SHA256_signed-by_ED25519,RSA-SHA256_signed-by_ED25519,8.62,3608.91,1482.91,1,0,0,114.364,15,1234.16,1195.47,1446,1443
1,3,13,RSA-SHA256_signed-by_ED25519,RSA-SHA256_signed-by_ED25519,13.611,2285.74,901.602,1,0,0,122.444,24,1221.06,1211.56,1446,1443
1,2,16,RSA-SHA256_signed-by_ED25519,RSA-SHA256_signed-by_ED25519,11.426,2722.89,1074.03,0.555556,0,0,173.111,24,1222.68,1236.6,1446,1443
1,6,18,RSA-SHA256_signed-by_ED25519,RSA-SHA256_signed-by_ED25519,11.789,2639.03,1163.1,0.454545,0,0,158,8,1228.04,1209.35,1446,1443
1,1,16,RSA-SHA256_signed-by_ED25519,RSA-SHA256_signed-by_ED25519,15.989,1945.77,1331.87,1,15,0.882353,321.294,24,1203.39,1206.87,1446,1443
1,8,19,RSA-SHA256_signed-by_ED25519,RSA-SHA256_signed-by_ED25519,17.351,1793.03,1404.36,1,19,1.1875,152,15,1222.85,1200.89,1446,1443
1,5,18,RSA-SHA256_signed-by_ED25519,RSA-SHA256_signed-by_ED25519,10.142,3067.35,1209.9,1,0,0,131.333,15,1231.32,1216.14,1446,1443
1,7,16,RSA-SHA256_signed-by_ED25519,RSA-SHA256_signed-by_ED25519,21.201,1467.47,1373.52,1,26,1.3,136.8,16,1228.91,1204.97,1446,1443
1,2,17,RSA-SHA256_signed-by_ED25519,RSA-SHA256_signed-by_ED25519,9.927,3134.04,1714.9,0.538462,7,0.538462,132.154,24,1220.76,1231.53,1446,1443
1,6,19,RSA-SHA256_signed-by_ED25519,RSA-SHA256_signed-by_ED25519,9.893,3144.84,1240.47,0.777778,0,0,122.444,8,1212.33,1210.84,1446,1443
1,3,14,RSA-SHA256_signed-by_ED25519,RSA-SHA256_signed-by_ED25519,14.322,2172.25,1202.03,0.5,8,0.571429,109.429,24,1235.15,1201.34,1446,1443
1,1,17,RSA-SHA256_signed-by_ED25519,RSA-SHA256_signed-by_ED25519,10.894,2855.85,1126.48,1,0,0,131.333,24,1221.28,1205.07,1446,1443
1,8,20,RSA-SHA256_signed-by_ED25519,RSA-SHA256_signed-by_ED25519,10.407,2989.49,1197.64,0.7,5,0.5,114,15,1223.84,1211.39,1446,1443
1,5,19,RSA-SHA256_signed-by_ED25519,RSA-SHA256_signed-by_ED25519,10.52,2957.39,1166.53,0.666667,0,0,131.333,15,1235.92,1216.45,1446,1443
1,7,17,RSA-SHA256_signed-by_ED25519,RSA-SHA256_signed-by_ED25519,14.047,2214.78,891.833,0.6,0,0,114,16,1237.72,1211.1,1446,1443
1,2,18,RSA-SHA256_signed-by_ED25519,RSA-SHA256_signed-by_ED25519,11.256,2764.03,1090.26,0.666667,0,0,142,24,1275.71,1203.66,1446,1443
1,6,20,RSA-SHA256_signed-by_ED25519,RSA-SHA256_signed-by_ED25519,11.071,2810.21,1108.48,1,0,0,122.444,8,1238.87,1188.56,1446,1443
1,3,15,RSA-SHA256_signed-by_ED25519,RSA-SHA256_signed-by_ED25519,11.223,2771.92,1623.66,0.833333,9,0.75,140.667,24,1693.28,1677.18,1446,1443
1,1,18,RSA-SHA256_signed-by_ED25519,RSA-SHA256_signed-by_ED25519,12.517,2485.55,1000.87,0.4,0,0,122,24,1223.58,1219.64,1446,1443
1,8,21,RSA-SHA256_signed-by_ED25519,RSA-SHA256_signed-by_ED25519,12.716,2446.66,1078.32,0.363636,0,0,158,15,1228.97,1204.14,1446,1443
1,5,20,RSA-SHA256_signed-by_ED25519,RSA-SHA256_signed-by_ED25519,11.686,2662.32,1050.14,0.444444,0,0,132.222,15,1230.72,1200.88,1446,1443
1,7,18,RSA-SHA256_signed-by_ED25519,RSA-SHA256_signed-by_ED25519,9.01,3452.75,1361.92,0.777778,0,0,122.444,16,1237.36,1206.97,1446,1443
1,2,19,RSA-SHA256_signed-by_ED25519,RSA-SHA256_signed-by_ED25519,10.424,2984.38,1748.11,0.916667,9,0.75,164,24,1240.94,1219.3,1446,1443
1,6,21,RSA-SHA256_signed-by_ED25519,RSA-SHA256_signed-by_ED25519,14.249,2183.4,861.232,0.777778,0,0,123.333,8,1253.88,1222.72,1446,1443
1,1,19,RSA-SHA256_signed-by_ED25519,RSA-SHA256_signed-by_ED25519,11.811,2634.12,1039.02,1,3,0.333333,131.333,24,1212.81,1214.88,1446,1443
1,8,22,RSA-SHA256_signed-by_ED25519,RSA-SHA256_signed-by_ED25519,11.368,2736.77,1079.51,1,0,0,122.444,15,1227.15,1200.17,1446,1443
1,3,16,RSA-SHA256_signed-by_ED25519,RSA-SHA256_signed-by_ED25519,15.264,2038.19,1115.27,0.692308,7,0.538462,114.923,24,1230.65,1230.54,1446,1443
1,5,21,RSA-SHA256_signed-by_ED25519,RSA-SHA256_signed-by_ED25519,13.254,2347.3,945.198,1,0,0,122,15,1235.76,1219.9,1446,1443
1,2,20,RSA-SHA256_signed-by_ED25519,RSA-SHA256_signed-by_ED25519,12.792,2432.07,988.087,0.818182,0,0,122,24,1229.03,1209.07,1446,1443
1,7,19,RSA-SHA256_signed-by_ED25519,RSA-SHA256_signed-by_ED25519,15.444,2014.42,1179.96,1,9,0.75,140,16,1232.61,1213.12,1446,1443
1,6,22,RSA-SHA256_signed-by_ED25519,RSA-SHA256_signed-by_ED25519,9.369,3320.39,1483.89,0.75,5,0.416667,113.333,8,1227.14,1187.37,1446,1443
1,8,23,RSA-SHA256_signed-by_ED25519,RSA-SHA256_signed-by_ED25519,11.001,2828.07,1138.79,0.7,0,0,114,15,1236.94,1215.6,1446,1443
1,1,20,RSA-SHA256_signed-by_ED25519,RSA-SHA256_signed-by_ED25519,12.192,2551.79,1140.4,0.583333,2,0.166667,160,24,1227.55,1200.91,1446,1443
1,5,22,RSA-SHA256_signed-by_ED25519,RSA-SHA256_signed-by_ED25519,11.885,2617.7,1032.54,0.666667,0,0,131.333,15,1223.58,1219.85,1446,1443
1,3,17,RSA-SHA256_signed-by_ED25519,RSA-SHA256_signed-by_ED25519,15.125,2056.91,1217.54,1,10,0.769231,132.154,24,1244.18,1196.25,1446,1443
1,2,21,RSA-SHA256_signed-by_ED25519,RSA-SHA256_signed-by_ED25519,10.09,3083.16,1216.14,1,0,0,138.444,24,1224.22,1188.5,1446,1443
1,7,20,RSA-SHA256_signed-by_ED25519,RSA-SHA256_signed-by_ED25519,11.543,2695.27,1063.14,1,0,0,122.444,16,1229.92,1216.4,1446,1443
1,6,23,RSA-SHA256_signed-by_ED25519,RSA-SHA256_signed-by_ED25519,12.094,2572.47,1407.62,1,7,0.538462,122.923,8,1228.82,1212.29,1446,1443
1,2,22,RSA-SHA256_signed-by_ED25519,RSA-SHA256_signed-by_ED25519,8.828,3523.86,2093.11,1,9,0.692308,142,24,1226.34,1214.89,1446,1443
1,5,23,RSA-SHA256_signed-by_ED25519,RSA-SHA256_signed-by_ED25519,12.359,2517.3,1474.52,1,9,0.75,150.667,15,1245.45,1208.5,1446,1443
1,8,24,RSA-SHA256_signed-by_ED25519,RSA-SHA256_signed-by_ED25519,17.033,1826.49,1300.94,1,16,0.842105,104.526,15,1234.44,1215.78,1446,1443
1,3,18,RSA-SHA256_signed-by_ED25519,RSA-SHA256_signed-by_ED25519,13.223,2352.81,1842.8,1,22,1.375,150.5,24,1242.06,1188.08,1446,1443
1,7,21,RSA-SHA256_signed-by_ED25519,RSA-SHA256_signed-by_ED25519,10.869,2862.44,1345.47,1,7,0.538462,100.154,16,1238.78,1195.38,1446,1443
1,6,24,RSA-SHA256_signed-by_ED25519,RSA-SHA256_signed-by_ED25519,10.958,2839.19,1663.07,1,9,0.75,150.667,8,1235.07,1229.15,1446,1443
1,2,23,RSA-SHA256_signed-by_ED25519,RSA-SHA256_signed-by_ED25519,8.488,3665.07,1528.61,1,4,0.333333,108,24,1230.39,1241.57,1446,1443
1,3,19,RSA-SHA256_signed-by_ED25519,RSA-SHA256_signed-by_ED25519,7.996,3890.54,1770.7,1,2,0.153846,140.154,24,1229.95,1221.23,1446,1443
1,6,25,RSA-SHA256_signed-by_ED25519,RSA-SHA256_signed-by_ED25519,7.888,3943.75,2249.23,0.5,8,0.571429,118.286,8,1228.02,1206.35,1446,1443
1,7,22,RSA-SHA256_signed-by_ED25519,RSA-SHA256_signed-by_ED25519,11.316,2749.34,2091.17,0.647059,13,0.764706,134.706,16,1234.43,1216.64,1446,1443
1,8,25,RSA-SHA256_signed-by_ED25519,RSA-SHA256_signed-by_ED25519,14.372,2164.7,1281.34,1,10,0.769231,132.154,15,1202.82,1203.31,1446,1443
1,2,24,RSA-SHA256_signed-by_ED25519,RSA-SHA256_signed-by_ED25519,9.055,3435.53,1535.35,0.333333,2,0.166667,160,24,1224.03,1196.93,1446,1443
1,1,21,RSA-SHA256_signed-by_ED25519,RSA-SHA256_signed-by_ED25519,33.583,926.408,531.69,1,10,0.588235,110,24,1229.77,1217.03,1446,1443
1,3,20,RSA-SHA256_signed-by_ED25519,RSA-SHA256_signed-by_ED25519,10.007,3109.02,1226.34,1,3,0.333333,131.333,24,1237.87,1203.16,1446,1443
1,8,26,RSA-SHA256_signed-by_ED25519,RSA-SHA256_signed-by_ED25519,9.463,3287.71,1323.88,1,0,0,114,15,1228.28,1211.77,1446,1443
1,6,26,RSA-SHA256_signed-by_ED25519,RSA-SHA256_signed-by_ED25519,13.881,2241.26,1641.32,1,12,0.8,126,8,1232.05,1207.67,1446,1443
1,2,25,RSA-SHA256_signed-by_ED25519,RSA-SHA256_signed-by_ED25519,10.318,3015.27,1214.17,1,0,0,122,24,1230.53,1188.88,1446,1443
1,7,23,RSA-SHA256_signed-by_ED25519,RSA-SHA256_signed-by_ED25519,12.747,2440.65,1192.4,1,9,0.5625,121.5,16,1205.74,1207.86,1446,1443
1,5,24,RSA-SHA256_signed-by_ED25519,RSA-SHA256_signed-by_ED25519,27.33,1138.35,944.28,1,11,0.611111,112.222,15,1209.91,1216.2,1446,1443
1,1,22,RSA-SHA256_signed-by_ED25519,RSA-SHA256_signed-by_ED25519,11.151,2789.98,2018.78,1,17,1.0625,136.25,24,1235.46,1205.36,1446,1443
1,2,26,RSA-SHA256_signed-by_ED25519,RSA-SHA256_signed-by_ED25519,9.786,3179.16,2833.37,1,23,1.15,133.2,24,1236.57,1221.77,1446,1443
1,5,25,RSA-SHA256_signed-by_ED25519,RSA-SHA256_signed-by_ED25519,9.753,3189.91,1310.74,1,3,0.272727,114.364,15,1229.06,1202.4,1446,1443
1,6,27,RSA-SHA256_signed-by_ED25519,RSA-SHA256_signed-by_ED25519,13.543,2297.17,1045.51,1,2,0.153846,150.615,8,1217.59,1196.12,1446,1443
1,8,27,RSA-SHA256_signed-by_ED25519,RSA-SHA256_signed-by_ED25519,14.837,2096.83,1248.71,1,10,0.714286,125.143,15,1243.92,1206.08,1446,1443
1,1,23,RSA-SHA256_signed-by_ED25519,RSA-SHA256_signed-by_ED25519,10.949,2841.48,1686.33,1,10,0.666667,189.467,24,1244.84,1221.83,1446,1443
1,2,27,RSA-SHA256_signed-by_ED25519,RSA-SHA256_signed-by_ED25519,8.61,3613.06,1484.61,1,0,0,112.182,24,1231.61,1203.09,1446,1443
1,3,21,RSA-SHA256_signed-by_ED25519,RSA-SHA256_signed-by_ED25519,26.618,1168.82,736.94,1,14,0.666667,113.81,24,1223.7,1211.31,1446,1443
1,6,28,RSA-SHA256_signed-by_ED25519,RSA-SHA256_signed-by_ED25519,9.533,3263.59,1785.79,0.692308,7,0.538462,122.923,8,1235.51,1218.86,1446,1443
1,8,28,RSA-SHA256_signed-by_ED25519,RSA-SHA256_signed-by_ED25519,9.641,3227.03,1299.44,1,0,0,114,15,1238.84,1216.81,1446,1443
1,1,24,RSA-SHA256_signed-by_ED25519,RSA-SHA256_signed-by_ED25519,11.359,2738.9,1224.02,0.833333,2,0.166667,160,24,1222.11,1222.24,1446,1443
1,5,26,RSA-SHA256_signed-by_ED25519,RSA-SHA256_signed-by_ED25519,16.594,1874.81,1294.87,1,16,0.888889,189.111,15,1217.3,1221.22,1446,1443
1,3,22,RSA-SHA256_signed-by_ED25519,RSA-SHA256_signed-by_ED25519,10.166,3060.11,1207.05,0.888889,0,0,131.333,24,1264.46,1219.67,1446,1443
1,7,24,RSA-SHA256_signed-by_ED25519,RSA-SHA256_signed-by_ED25519,30.92,1006.19,459.501,1,3,0.214286,140,16,1234.41,1206.35,1446,1443
1,6,29,RSA-SHA256_signed-by_ED25519,RSA-SHA256_signed-by_ED25519,10.685,2911.72,1603.73,0.571429,7,0.5,116.571,8,1209.7,1216.59,1446,1443
1,8,29,RSA-SHA256_signed-by_ED25519,RSA-SHA256_signed-by_ED25519,11.182,2782.28,1097.46,0.555556,0,0,123.333,15,1230.27,1196.03,1446,1443
1,2,28,RSA-SHA256_signed-by_ED25519,RSA-SHA256_signed-by_ED25519,17.802,1747.59,1244.75,0.421053,16,0.842105,110,24,1227.93,1204.62,1446,1443
1,1,25,RSA-SHA256_signed-by_ED25519,RSA-SHA256_signed-by_ED25519,12.422,2504.55,987.909,0.888889,0,0,131.333,24,1238.99,1212.26,1446,1443
1,5,27,RSA-SHA256_signed-by_ED25519,RSA-SHA256_signed-by_ED25519,11.552,2693.2,1084.48,0.4,0,0,122,15,1240.26,1204.16,1446,1443
1,3,23,RSA-SHA256_signed-by_ED25519,RSA-SHA256_signed-by_ED25519,11.143,2792.05,1101.31,0.888889,0,0,131.333,24,1230.82,1214.01,1446,1443
1,7,25,RSA-SHA256_signed-by_ED25519,RSA-SHA256_signed-by_ED25519,12.002,2592.21,1059.81,1,5,0.454545,107.091,16,1236.27,1210.11,1446,1443
1,6,30,RSA-SHA256_signed-by_ED25519,RSA-SHA256_signed-by_ED25519,15.076,2063.64,813.994,1,0,0,130.444,9,1207.21,1203.6,1446,1443
1,8,30,RSA-SHA256_signed-by_ED25519,RSA-SHA256_signed-by_ED25519,14.343,2169.12,882.371,1,6,0.545455,107.091,15,1227.36,1209.19,1446,1443
1,1,26,RSA-SHA256_signed-by_ED25519,RSA-SHA256_signed-by_ED25519,11.992,2594.39,1023.35,1,0,0,131.333,24,1238.81,1206.43,1446,1443
1,2,29,RSA-SHA256_signed-by_ED25519,RSA-SHA256_signed-by_ED25519,15.35,2026.79,1187.2,1,12,1,150.667,24,1229.49,1211.79,1446,1443
1,7,26,RSA-SHA256_signed-by_ED25519,RSA-SHA256_signed-by_ED25519,10.072,3088.67,1386.69,0.666667,0,0,148,16,1232.09,1205.74,1446,1443
1,3,24,RSA-SHA256_signed-by_ED25519,RSA-SHA256_signed-by_ED25519,14.62,2127.98,1371.23,0.9375,15,0.9375,126.5,24,1235.45,1220.5,1446,1443
1,5,28,RSA-SHA256_signed-by_ED25519,RSA-SHA256_signed-by_ED25519,19.092,1629.51,1216.79,1,16,0.941176,132.588,15,1235.14,1214,1446,1443
1,6,31,RSA-SHA256_signed-by_ED25519,RSA-SHA256_signed-by_ED25519,12.467,2495.5,984.338,1,0,0,122.444,9,1785.43,1678.77,1446,1443
1,8,31,RSA-SHA256_signed-by_ED25519,RSA-SHA256_signed-by_ED25519,12.707,2448.36,1094.18,0.916667,5,0.416667,148,15,1712.71,1691.54,1446,1443
1,1,27,RSA-SHA256_signed-by_ED25519,RSA-SHA256_signed-by_ED25519,12.008,2590.89,1021.97,1,0,0,131.333,24,1206.57,1202.8,1446,1443
1,2,30,RSA-SHA256_signed-by_ED25519,RSA-SHA256_signed-by_ED25519,12.422,2504.54,1119.28,1,2,0.166667,160,24,1237.18,1215.51,1446,1443
1,7,27,RSA-SHA256_signed-by_ED25519,RSA-SHA256_signed-by_ED25519,12.494,2490.1,982.209,1,0,0,122.444,16,1229.59,1285.39,1446,1443
1,3,25,RSA-SHA256_signed-by_ED25519,RSA-SHA256_signed-by_ED25519,13.229,2351.75,955.455,1,0,0,114,24,1246.4,1212.25,1446,1443
1,6,32,RSA-SHA256_signed-by_ED25519,RSA-SHA256_signed-by_ED25519,12.907,2410.42,1338.78,1,7,0.5,109.429,9,1301.13,1246.14,1446,1443
1,1,28,RSA-SHA256_signed-by_ED25519,RSA-SHA256_signed-by_ED25519,12.205,2549.07,1493.13,1,12,1,150.667,24,1241.89,1256.47,1446,1443
1,5,29,RSA-SHA256_signed-by_ED25519,RSA-SHA256_signed-by_ED25519,16.082,1934.52,1428.63,1,16,1,129.5,15,1404.27,1241.35,1446,1443
1,8,32,RSA-SHA256_signed-by_ED25519,RSA-SHA256_signed-by_ED25519,14.152,2198.35,1568.07,1,14,0.736842,167.895,15,1243.31,1230.38,1446,1443
1,7,28,RSA-SHA256_signed-by_ED25519,RSA-SHA256_signed-by_ED25519,10.457,2974.97,1173.46,0.777778,0,0,122.444,16,1233.83,1258.92,1446,1443
1,3,26,RSA-SHA256_signed-by_ED25519,RSA-SHA256_signed-by_ED25519,7.75,4014.09,1583.34,0.666667,0,0,131.333,24,1229.56,1259.04,1446,1443
1,6,33,RSA-SHA256_signed-by_ED25519,RSA-SHA256_signed-by_ED25519,10.497,2963.88,1621.79,0.615385,7,0.538462,114.923,9,1213.96,1222.49,1446,1443
1,1,29,RSA-SHA256_signed-by_ED25519,RSA-SHA256_signed-by_ED25519,10.612,2931.77,1310.21,0.666667,2,0.166667,160,24,1223.04,1210.64,1446,1443
1,5,30,RSA-SHA256_signed-by_ED25519,RSA-SHA256_signed-by_ED25519,10.584,2939.53,1650.79,0.533333,8,0.533333,104.667,15,1234.65,1199.6,1446,1443
1,8,33,RSA-SHA256_signed-by_ED25519,RSA-SHA256_signed-by_ED25519,10.48,2968.43,1170.88,1,0,0,122.444,15,1229.43,1192.84,1446,1443
1,7,29,RSA-SHA256_signed-by_ED25519,RSA-SHA256_signed-by_ED25519,10.093,3082.25,1215.78,1,0,0,122.444,16,1236.21,1190.82,1446,1443
1,3,27,RSA-SHA256_signed-by_ED25519,RSA-SHA256_signed-by_ED25519,9.929,3133.18,1235.87,0.666667,3,0.333333,131.333,24,1234.08,1219.91,1446,1443
1,6,34,RSA-SHA256_signed-by_ED25519,RSA-SHA256_signed-by_ED25519,9.736,3195.29,1260.37,0.888889,0,0,122.444,9,1234.01,1208.08,1446,1443
1,5,31,RSA-SHA256_signed-by_ED25519,RSA-SHA256_signed-by_ED25519,10.498,2963.34,1717.5,0.727273,2,0.181818,124.545,15,1678.5,1782.31,1446,1443
1,8,34,RSA-SHA256_signed-by_ED25519,RSA-SHA256_signed-by_ED25519,9.971,3119.95,1230.65,0.666667,0,0,122.444,15,1233.74,1221.13,1446,1443
1,1,30,RSA-SHA256_signed-by_ED25519,RSA-SHA256_signed-by_ED25519,12.402,2508.61,1010.15,0.8,0,0,119.6,24,1230.9,1249.01,1446,1443
1,3,28,RSA-SHA256_signed-by_ED25519,RSA-SHA256_signed-by_ED25519,10.513,2959.1,1358.95,0.928571,4,0.285714,134.571,24,1231.82,1199.26,1446,1443
1,7,30,RSA-SHA256_signed-by_ED25519,RSA-SHA256_signed-by_ED25519,12.295,2530.44,1482.22,1,9,0.75,140,16,1231.36,1199.49,1446,1443
1,6,35,RSA-SHA256_signed-by_ED25519,RSA-SHA256_signed-by_ED25519,11.31,2750.82,1505.2,1,7,0.538462,114.923,9,1244.71,1221.03,1446,1443
1,5,32,RSA-SHA256_signed-by_ED25519,RSA-SHA256_signed-by_ED25519,9.702,3206.46,1291.16,1,3,0.3,114,15,1238.69,1208.16,1446,1443
1,3,29,RSA-SHA256_signed-by_ED25519,RSA-SHA256_signed-by_ED25519,8.81,3531.09,1932.16,0.615385,7,0.538462,122.923,24,1255.36,1357.82,1446,1443
1,1,31,RSA-SHA256_signed-by_ED25519,RSA-SHA256_signed-by_ED25519,13.29,2340.96,1748.04,0.882353,16,0.941176,133.059,24,1725.45,1769.5,1446,1443
1,8,35,RSA-SHA256_signed-by_ED25519,RSA-SHA256_signed-by_ED25519,14.49,2147.08,1275.33,1,9,0.692308,132.154,15,1234.43,1203.16,1446,1443
1,7,31,RSA-SHA256_signed-by_ED25519,RSA-SHA256_signed-by_ED25519,12.722,2445.48,964.611,1,0,0,122.444,16,1705.57,1688.47,1446,1443
1,6,36,RSA-SHA256_signed-by_ED25519,RSA-SHA256_signed-by_ED25519,10.088,3084.05,1241.87,1,0,0,114,9,1253.15,1203.75,1446,1443
1,2,31,RSA-SHA256_signed-by_ED25519,RSA-SHA256_signed-by_ED25519,52.084,597.332,364.635,1,13,0.8125,126.5,24,1706.22,1680.93,1446,1443
1,3,30,RSA-SHA256_signed-by_ED25519,RSA-SHA256_signed-by_ED25519,14.398,2160.78,887.871,1,0,0,114.364,24,1233.19,1208.88,1446,1443
1,5,33,RSA-SHA256_signed-by_ED25519,RSA-SHA256_signed-by_ED25519,15.897,1957.02,1173.51,1,9,0.5625,135.5,15,1268.6,1202.39,1446,1443
1,8,36,RSA-SHA256_signed-by_ED25519,RSA-SHA256_signed-by_ED25519,12.27,2535.56,1387.42,1,10,0.769231,114.923,15,1230.94,1198.23,1446,1443
1,7,32,RSA-SHA256_signed-by_ED25519,RSA-SHA256_signed-by_ED25519,11.874,2620.12,1170.94,1,5,0.416667,106,16,1230.42,1210.78,1446,1443
1,1,32,RSA-SHA256_signed-by_ED25519,RSA-SHA256_signed-by_ED25519,15.675,1984.74,1162.57,1,9,0.75,148,24,1270.43,1222.7,1446,1443
1,6,37,RSA-SHA256_signed-by_ED25519,RSA-SHA256_signed-by_ED25519,12.291,2531.24,1966.93,1,18,1.2,153.733,9,1219.17,1241.68,1446,1443
1,2,32,RSA-SHA256_signed-by_ED25519,RSA-SHA256_signed-by_ED25519,13.165,2363.17,1384.24,0.75,9,0.75,150.667,24,1236.97,1213.02,1446,1443
1,3,31,RSA-SHA256_signed-by_ED25519,RSA-SHA256_signed-by_ED25519,9.675,3215.39,1268.3,1,0,0,131.333,24,1710.65,1694.6,1446,1443
1,5,34,RSA-SHA256_signed-by_ED25519,RSA-SHA256_signed-by_ED25519,10.35,3005.97,1185.69,1,0,0,122.444,15,1241.48,1222.53,1446,1443
1,7,33,RSA-SHA256_signed-by_ED25519,RSA-SHA256_signed-by_ED25519,9.552,3257.11,1284.75,1,0,0,122.444,16,1233.42,1217.53,1446,1443
1,8,37,RSA-SHA256_signed-by_ED25519,RSA-SHA256_signed-by_ED25519,12.425,2503.91,1119,1,2,0.166667,148,15,1232.58,1220.87,1446,1443
1,6,38,RSA-SHA256_signed-by_ED25519,RSA-SHA256_signed-by_ED25519,10.58,2940.6,1609.05,1,7,0.538462,114.923,9,1247.14,1207.94,1446,1443
1,3,32,RSA-SHA256_signed-by_ED25519,RSA-SHA256_signed-by_ED25519,10.761,2891.12,1727.68,1,9,0.642857,132,24,1226.84,1208.37,1446,1443
1,7,34,RSA-SHA256_signed-by_ED25519,RSA-SHA256_signed-by_ED25519,9.988,3114.88,1228.65,1,0,0,122.444,16,1317.14,1214.09,1446,1443
1,1,33,RSA-SHA256_signed-by_ED25519,RSA-SHA256_signed-by_ED25519,18.406,1690.31,1193.52,1,15,0.833333,108.222,24,1235.15,1197.82,1446,1443
1,2,33,RSA-SHA256_signed-by_ED25519,RSA-SHA256_signed-by_ED25519,17.094,1819.95,1356.19,1,19,1.26667,162.267,24,1262.33,1207.87,1446,1443
1,8,38,RSA-SHA256_signed-by_ED25519,RSA-SHA256_signed-by_ED25519,11.597,2682.69,1447.23,1,9,0.9,170.8,15,1257.22,1219.63,1446,1443
1,5,35,RSA-SHA256_signed-by_ED25519,RSA-SHA256_signed-by_ED25519,17.812,1746.6,966.491,1,8,0.571429,109.429,15,1247.62,1222.06,1446,1443
1,6,39,RSA-SHA256_signed-by_ED25519,RSA-SHA256_signed-by_ED25519,13.307,2337.96,1355.04,1,2,0.181818,124.545,9,1238.01,1210.6,1446,1443
1,3,33,RSA-SHA256_signed-by_ED25519,RSA-SHA256_signed-by_ED25519,11.354,2740.16,1224.58,1,5,0.416667,106,24,1231.58,1193.93,1446,1443
1,2,34,RSA-SHA256_signed-by_ED25519,RSA-SHA256_signed-by_ED25519,11.043,2817.32,1389.46,0.785714,5,0.357143,147.143,24,1235.66,1233.1,1446,1443
1,1,34,RSA-SHA256_signed-by_ED25519,RSA-SHA256_signed-by_ED25519,13.55,2296.03,1256.35,0.846154,7,0.538462,114.923,24,1227.82,1204.34,1446,1443
1,8,39,RSA-SHA256_signed-by_ED25519,RSA-SHA256_signed-by_ED25519,13.054,2383.27,1069.99,1,3,0.25,148,15,1239.81,1245.12,1446,1443
1,7,35,RSA-SHA256_signed-by_ED25519,RSA-SHA256_signed-by_ED25519,17.368,1791.26,1071.34,1,14,1,125.429,16,1229.08,1211.08,1446,1443
1,5,36,RSA-SHA256_signed-by_ED25519,RSA-SHA256_signed-by_ED25519,14.252,2182.89,896.956,1,0,0,107.091,15,1209.05,1224.67,1446,1443
1,6,40,RSA-SHA256_signed-by_ED25519,RSA-SHA256_signed-by_ED25519,13.157,2364.58,1385.06,1,9,0.75,140,9,1241.07,1209.29,1446,1443
1,3,34,RSA-SHA256_signed-by_ED25519,RSA-SHA256_signed-by_ED25519,12.465,2495.87,984.485,1,0,0,122.444,24,1239.88,1188.37,1446,1443
1,2,35,RSA-SHA256_signed-by_ED25519,RSA-SHA256_signed-by_ED25519,11.057,2813.72,1671.3,1,9,0.692308,141.385,24,1246.79,1195.19,1446,1443
1,5,37,RSA-SHA256_signed-by_ED25519,RSA-SHA256_signed-by_ED25519,7.855,3960.38,1576.41,0.8,0,0,113.6,15,1256.09,1207.52,1446,1443
1,6,41,RSA-SHA256_signed-by_ED25519,RSA-SHA256_signed-by_ED25519,8.309,3743.96,2169.94,1,2,0.181818,124.545,9,1242.19,1216.35,1446,1443
1,3,35,RSA-SHA256_signed-by_ED25519,RSA-SHA256_signed-by_ED25519,8.348,3726.46,1469.89,0.555556,0,0,122.444,24,1233.34,1217.2,1446,1443
1,1,35,RSA-SHA256_signed-by_ED25519,RSA-SHA256_signed-by_ED25519,18.302,1699.83,1279.79,1,17,0.944444,119.333,24,1242.63,1195.09,1446,1443
1,7,36,RSA-SHA256_signed-by_ED25519,RSA-SHA256_signed-by_ED25519,16.843,1847.09,832.117,0.923077,2,0.153846,147.846,16,1266.27,1211.98,1446,1443
1,8,40,RSA-SHA256_signed-by_ED25519,RSA-SHA256_signed-by_ED25519,19.412,1602.72,980.835,0.888889,11,0.611111,127.333,15,1228.94,1202.86,1446,1443
1,5,38,RSA-SHA256_signed-by_ED25519,RSA-SHA256_signed-by_ED25519,10.095,3081.62,1402.54,1,5,0.384615,100.769,15,1229.54,1222.21,1446,1443
1,2,36,RSA-SHA256_signed-by_ED25519,RSA-SHA256_signed-by_ED25519,14.224,2187.23,1210.32,1,8,0.571429,116.857,24,1255.05,1208.29,1446,1443
1,6,42,RSA-SHA256_signed-by_ED25519,RSA-SHA256_signed-by_ED25519,12.098,2571.61,1014.36,1,0,0,122.444,9,1232.61,1218.16,1446,1443
1,3,36,RSA-SHA256_signed-by_ED25519,RSA-SHA256_signed-by_ED25519,11.862,2622.78,1050.73,1,4,0.4,114,24,1214.93,1208.53,1446,1443
1,1,36,RSA-SHA256_signed-by_ED25519,RSA-SHA256_signed-by_ED25519,11.21,2775.34,1094.72,1,0,0,122.444,24,1310.19,1221.16,1446,1443
1,8,41,RSA-SHA256_signed-by_ED25519,RSA-SHA256_signed-by_ED25519,12.895,2412.65,1452.93,1,9,0.642857,125.429,15,1240.8,1221.64,1446,1443
1,5,39,RSA-SHA256_signed-by_ED25519,RSA-SHA256_signed-by_ED25519,12.235,2542.8,1412.3,1,7,0.5,109.429,15,1221.21,1204.84,1446,1443
1,7,37,RSA-SHA256_signed-by_ED25519,RSA-SHA256_signed-by_ED25519,17.499,1777.85,1365.04,1,18,1,120.222,16,1242.18,1217.24,1446,1443
1,2,37,RSA-SHA256_signed-by_ED25519,RSA-SHA256_signed-by_ED25519,12.969,2398.88,1419.96,1,10,0.769231,142,24,1243.59,1212.87,1446,1443
1,6,43,RSA-SHA256_signed-by_ED25519,RSA-SHA256_signed-by_ED25519,14.681,2119.11,1276.15,1,9,0.642857,125.429,9,1224.99,1198.6,1446,1443
1,3,37,RSA-SHA256_signed-by_ED25519,RSA-SHA256_signed-by_ED25519,15.241,2041.25,1721.6,1,23,1.04545,160.545,24,1203.16,1219.13,1446,1443
1,8,42,RSA-SHA256_signed-by_ED25519,RSA-SHA256_signed-by_ED25519,10.894,2855.83,1126.47,1,0,0,142,15,1228.84,1219.84,1446,1443
1,2,38,RSA-SHA256_signed-by_ED25519,RSA-SHA256_signed-by_ED25519,7.908,3933.77,1551.66,0.111111,0,0,131.333,24,1236.29,1210.07,1446,1443
1,7,38,RSA-SHA256_signed-by_ED25519,RSA-SHA256_signed-by_ED25519,10.905,2852.93,1671.12,0.416667,9,0.75,140.667,16,1240.96,1225.71,1446,1443
1,5,40,RSA-SHA256_signed-by_ED25519,RSA-SHA256_signed-by_ED25519,12.016,2589.14,2058.53,0.666667,8,0.533333,115.333,15,1239.93,1215.95,1446,1443
1,6,44,RSA-SHA256_signed-by_ED25519,RSA-SHA256_signed-by_ED25519,9.856,3156.64,1271.1,0.8,0,0,114,9,1231.99,1204.67,1446,1443
1,3,38,RSA-SHA256_signed-by_ED25519,RSA-SHA256_signed-by_ED25519,12.335,2522.18,1147.92,0.769231,5,0.384615,100.769,24,1232.47,1202,1446,1443
1,8,43,RSA-SHA256_signed-by_ED25519,RSA-SHA256_signed-by_ED25519,11.575,2687.81,1060.2,1,0,0,142,15,1231.21,1200.09,1446,1443
1,1,37,RSA-SHA256_signed-by_ED25519,RSA-SHA256_signed-by_ED25519,27.645,1125.37,680.027,1,12,0.8,139.333,24,1240.22,1201.18,1446,1443
1,2,39,RSA-SHA256_signed-by_ED25519,RSA-SHA256_signed-by_ED25519,12.434,2502.11,986.945,1,3,0.333333,131.333,24,1315.69,1201.51,1446,1443
1,7,39,RSA-SHA256_signed-by_ED25519,RSA-SHA256_signed-by_ED25519,13.342,2331.83,938.966,1,0,0,122,16,1233.71,1209.88,1446,1443
1,5,41,RSA-SHA256_signed-by_ED25519,RSA-SHA256_signed-by_ED25519,14.988,2075.71,1612.96,1,18,1.2,153.733,15,1242.08,1216.57,1446,1443
1,6,45,RSA-SHA256_signed-by_ED25519,RSA-SHA256_signed-by_ED25519,12.963,2399.99,1242.89,0.909091,2,0.181818,119.455,9,1233.01,1201.85,1446,1443
1,3,39,RSA-SHA256_signed-by_ED25519,RSA-SHA256_signed-by_ED25519,10.051,3095.11,1220.85,1,0,0,122.444,24,1256.4,1214.47,1446,1443
1,8,44,RSA-SHA256_signed-by_ED25519,RSA-SHA256_signed-by_ED25519,10.081,3086.18,1217.33,1,0,0,142,15,1206.95,1217.01,1446,1443
1,1,38,RSA-SHA256_signed-by_ED25519,RSA-SHA256_signed-by_ED25519,12.964,2399.8,1313.13,1,7,0.538462,123.538,24,1242.08,1219.68,1446,1443
1,7,40,RSA-SHA256_signed-by_ED25519,RSA-SHA256_signed-by_ED25519,9.699,3207.72,1304.86,1,6,0.545455,114.364,16,1231.43,1284.91,1446,1443
1,5,42,RSA-SHA256_signed-by_ED25519,RSA-SHA256_signed-by_ED25519,10.285,3024.94,1218.07,1,0,0,118.8,15,1298.35,1216.27,1446,1443
1,2,40,RSA-SHA256_signed-by_ED25519,RSA-SHA256_signed-by_ED25519,16.417,1895.02,1148.02,1,10,0.588235,136.353,24,1228.04,1199.37,1446,1443
1,6,46,RSA-SHA256_signed-by_ED25519,RSA-SHA256_signed-by_ED25519,10.683,2912.24,1219.11,1,1,0.1,115.6,9,1229.16,1200.93,1446,1443
1,3,40,RSA-SHA256_signed-by_ED25519,RSA-SHA256_signed-by_ED25519,12.45,2498.87,1484.29,0.923077,9,0.692308,132.154,24,1223.49,1213.93,1446,1443
1,1,39,RSA-SHA256_signed-by_ED25519,RSA-SHA256_signed-by_ED25519,10.392,2993.79,1180.89,0.222222,0,0,122.444,24,1202.47,1212.77,1446,1443
1,7,41,RSA-SHA256_signed-by_ED25519,RSA-SHA256_signed-by_ED25519,11.14,2792.75,1230.85,0.545455,3,0.272727,171.091,16,1243.21,1194.95,1446,1443
1,5,43,RSA-SHA256_signed-by_ED25519,RSA-SHA256_signed-by_ED25519,9.243,3365.65,1348.34,0.9,5,0.5,114,15,1274.76,1209.3,1446,1443
1,8,45,RSA-SHA256_signed-by_ED25519,RSA-SHA256_signed-by_ED25519,16.553,1879.45,1151.15,1,16,1,132.5,15,1208.44,1206.17,1446,1443
1,2,41,RSA-SHA256_signed-by_ED25519,RSA-SHA256_signed-by_ED25519,9.914,3138.18,1257.21,1,4,0.4,114,24,1241.82,1217.76,1446,1443
1,6,47,RSA-SHA256_signed-by_ED25519,RSA-SHA256_signed-by_ED25519,12.206,2548.86,1021.12,1,5,0.5,114,9,1707.65,1696.37,1446,1443
1,5,44,RSA-SHA256_signed-by_ED25519,RSA-SHA256_signed-by_ED25519,12.748,2440.46,1160.93,1,1,0.0714286,131.429,15,1225.02,1208.05,1446,1443
1,1,40,RSA-SHA256_signed-by_ED25519,RSA-SHA256_signed-by_ED25519,16.347,1903.13,1367.28,1,20,1,102.4,24,1284.55,1194.39,1446,1443
1,3,41,RSA-SHA256_signed-by_ED25519,RSA-SHA256_signed-by_ED25519,20.406,1524.63,1331.35,1,27,1.125,101.333,24,1238.75,1217.85,1446,1443
1,8,46,RSA-SHA256_signed-by_ED25519,RSA-SHA256_signed-by_ED25519,19.656,1582.8,1138.77,1,13,0.619048,164.095,15,1254.18,1200.1,1446,1443
1,6,48,RSA-SHA256_signed-by_ED25519,RSA-SHA256_signed-by_ED25519,16.302,1908.36,1294.49,1,13,0.8125,191.5,9,1234.87,1207.62,1446,1443
1,7,42,RSA-SHA256_signed-by_ED25519,RSA-SHA256_signed-by_ED25519,23.434,1327.61,1435.14,1,36,1.33333,177.852,16,1234.27,1214.09,1446,1443
1,3,42,RSA-SHA256_signed-by_ED25519,RSA-SHA256_signed-by_ED25519,9.525,3266.33,1610.91,0.571429,5,0.357143,183.143,24,1208.01,1213.35,1446,1443
1,5,45,RSA-SHA256_signed-by_ED25519,RSA-SHA256_signed-by_ED25519,13.986,2224.43,895.721,1,0,0,114,15,1240.82,1205.84,1446,1443
1,2,42,RSA-SHA256_signed-by_ED25519,RSA-SHA256_signed-by_ED25519,27.041,1150.55,1341.37,1,42,1.5,202.857,24,1206.12,1226.27,1446,1443
1,1,41,RSA-SHA256_signed-by_ED25519,RSA-SHA256_signed-by_ED25519,15.79,1970.28,1348.64,0.823529,15,0.882353,190,24,1412.69,1188.52,1446,1443
1,8,47,RSA-SHA256_signed-by_ED25519,RSA-SHA256_signed-by_ED25519,12.303,2528.79,997.472,0.222222,0,0,142,15,1696.91,1694.62,1446,1443
1,6,49,RSA-SHA256_signed-by_ED25519,RSA-SHA256_signed-by_ED25519,11.996,2593.5,1022.99,0.222222,0,0,122.444,9,1230.68,1212.8,1446,1443
1,7,43,RSA-SHA256_signed-by_ED25519,RSA-SHA256_signed-by_ED25519,11.727,2653,1046.46,0.222222,0,0,131.333,16,1237.4,1194.27,1446,1443
1,3,43,RSA-SHA256_signed-by_ED25519,RSA-SHA256_signed-by_ED25519,10.307,3018.25,1348.86,0.916667,8,0.666667,106,24,1232.35,1224.82,1446,1443
1,5,46,RSA-SHA256_signed-by_ED25519,RSA-SHA256_signed-by_ED25519,11.494,2706.76,1106.65,1,4,0.363636,107.091,15,1234.6,1220.42,1446,1443
1,2,43,RSA-SHA256_signed-by_ED25519,RSA-SHA256_signed-by_ED25519,11.001,2828.08,1115.52,1,3,0.333333,127.778,24,1265.2,1200.01,1446,1443
1,1,42,RSA-SHA256_signed-by_ED25519,RSA-SHA256_signed-by_ED25519,11.464,2713.84,1507.3,1,7,0.5,109.429,24,1228.02,1210.7,1446,1443
1,6,50,RSA-SHA256_signed-by_ED25519,RSA-SHA256_signed-by_ED25519,9.853,3157.59,1318.57,1,1,0.1,115.6,9,1239.41,1193.86,1446,1443
1,8,48,RSA-SHA256_signed-by_ED25519,RSA-SHA256_signed-by_ED25519,10.765,2890.06,1139.97,1,0,0,142,15,1266.63,1211.87,1446,1443
1,3,44,RSA-SHA256_signed-by_ED25519,RSA-SHA256_signed-by_ED25519,12.545,2479.94,1108.29,0.75,2,0.166667,202.667,24,1244.69,1210.49,1446,1443
1,7,44,RSA-SHA256_signed-by_ED25519,RSA-SHA256_signed-by_ED25519,15.251,2039.89,1224.25,1,10,0.714286,134.571,16,1230.07,1213.26,1446,1443
1,2,44,RSA-SHA256_signed-by_ED25519,RSA-SHA256_signed-by_ED25519,12.272,2535.13,1132.95,0.25,2,0.166667,148,24,1235.48,1216.01,1446,1443
1,1,43,RSA-SHA256_signed-by_ED25519,RSA-SHA256_signed-by_ED25519,11.084,2806.88,1535.88,0.230769,7,0.538462,114.923,24,1338.69,1213.99,1446,1443
1,6,51,RSA-SHA256_signed-by_ED25519,RSA-SHA256_signed-by_ED25519,11.487,2708.39,1068.31,1,3,0.333333,122.444,9,1235.75,1224.48,1446,1443
1,8,49,RSA-SHA256_signed-by_ED25519,RSA-SHA256_signed-by_ED25519,11.564,2690.36,1061.2,1,3,0.333333,142,16,1233.03,1216.05,1446,1443
1,5,47,RSA-SHA256_signed-by_ED25519,RSA-SHA256_signed-by_ED25519,19.329,1609.6,732.576,0.846154,2,0.153846,139.538,15,1700.6,1680.54,1446,1443
1,3,45,RSA-SHA256_signed-by_ED25519,RSA-SHA256_signed-by_ED25519,11.644,2671.91,1053.92,0.666667,0,0,122.444,24,1239.7,1369.22,1446,1443
1,7,45,RSA-SHA256_signed-by_ED25519,RSA-SHA256_signed-by_ED25519,12.069,2577.79,1152.02,0.916667,5,0.416667,113.333,16,1225.38,1251.86,1446,1443
1,1,44,RSA-SHA256_signed-by_ED25519,RSA-SHA256_signed-by_ED25519,10.296,3021.71,1191.9,1,0,0,122.444,24,1231.22,1212.38,1446,1443
1,6,52,RSA-SHA256_signed-by_ED25519,RSA-SHA256_signed-by_ED25519,10.594,2936.7,1312.42,0.75,2,0.166667,148,9,1237.03,1226.1,1446,1443
1,2,45,RSA-SHA256_signed-by_ED25519,RSA-SHA256_signed-by_ED25519,13.369,2327.09,1363.1,1,9,0.75,140,24,1227.25,1213.01,1446,1443
1,8,50,RSA-SHA256_signed-by_ED25519,RSA-SHA256_signed-by_ED25519,11.454,2716.17,1628.72,0.5625,9,0.5625,157.5,16,1272.52,1194.8,1446,1443
1,5,48,RSA-SHA256_signed-by_ED25519,RSA-SHA256_signed-by_ED25519,11.828,2630.27,1037.5,1,0,0,122.444,15,1261.46,1212.74,1446,1443
1,3,46,RSA-SHA256_signed-by_ED25519,RSA-SHA256_signed-by_ED25519,11.389,2731.67,1077.5,1,0,0,122.444,24,1271.02,1191.57,1446,1443
1,7,46,RSA-SHA256_signed-by_ED25519,RSA-SHA256_signed-by_ED25519,11.215,2774.09,1302.52,1,6,0.4,98.2667,16,1318.96,1221.51,1446,1443
1,6,53,RSA-SHA256_signed-by_ED25519,RSA-SHA256_signed-by_ED25519,9.655,3222.36,1271.05,1,0,0,122.444,9,1232.89,1206.7,1446,1443
1,8,51,RSA-SHA256_signed-by_ED25519,RSA-SHA256_signed-by_ED25519,10.337,3009.74,1187.18,1,0,0,142,16,1250.26,1206.08,1446,1443
1,1,45,RSA-SHA256_signed-by_ED25519,RSA-SHA256_signed-by_ED25519,15.767,1973.14,1572.83,1,25,1.25,115.2,24,1238.22,1202.83,1446,1443
1,5,49,RSA-SHA256_signed-by_ED25519,RSA-SHA256_signed-by_ED25519,11.62,2677.39,1072.61,1,5,0.5,114,15,1241.38,1214.73,1446,1443
1,3,47,RSA-SHA256_signed-by_ED25519,RSA-SHA256_signed-by_ED25519,11.768,2643.71,1558.08,1,12,0.923077,131.846,24,1734.13,1687.61,1446,1443
1,7,47,RSA-SHA256_signed-by_ED25519,RSA-SHA256_signed-by_ED25519,11.149,2790.49,1526.91,0.923077,7,0.538462,122.923,16,1713.17,1692.04,1446,1443
1,6,54,RSA-SHA256_signed-by_ED25519,RSA-SHA256_signed-by_ED25519,10.448,2977.73,1199.05,1,0,0,114,9,1238.23,1216.5,1446,1443
1,2,46,RSA-SHA256_signed-by_ED25519,RSA-SHA256_signed-by_ED25519,21.655,1436.68,815.682,1,9,0.5625,109.5,24,1206.13,1218.22,1446,1443
1,8,52,RSA-SHA256_signed-by_ED25519,RSA-SHA256_signed-by_ED25519,11.453,2716.43,1071.48,1,0,0,142,16,1235.91,1209.94,1446,1443
1,1,46,RSA-SHA256_signed-by_ED25519,RSA-SHA256_signed-by_ED25519,13.104,2374.18,1061.03,0.833333,2,0.166667,168,24,1225.89,1203.75,1446,1443
1,5,50,RSA-SHA256_signed-by_ED25519,RSA-SHA256_signed-by_ED25519,12.926,2406.89,1265.02,0.8125,8,0.5,128.75,15,1209.64,1215.1,1446,1443
1,3,48,RSA-SHA256_signed-by_ED25519,RSA-SHA256_signed-by_ED25519,12.713,2447.22,1093.67,1,2,0.166667,148,24,1284.06,1193.32,1446,1443
1,6,55,RSA-SHA256_signed-by_ED25519,RSA-SHA256_signed-by_ED25519,10.916,2849.89,1141.72,0.9,5,0.5,114,9,1246.12,1222.37,1446,1443
1,2,47,RSA-SHA256_signed-by_ED25519,RSA-SHA256_signed-by_ED25519,11.987,2595.29,1045.06,0.7,0,0,114,24,1712.77,1756.14,1446,1443
1,8,53,RSA-SHA256_signed-by_ED25519,RSA-SHA256_signed-by_ED25519,12.546,2479.82,1356.92,0.538462,7,0.538462,132.154,16,1271.69,1219.09,1446,1443
1,7,48,RSA-SHA256_signed-by_ED25519,RSA-SHA256_signed-by_ED25519,18.663,1666.98,997.015,0.928571,11,0.785714,131.143,16,1312.59,1219.01,1446,1443
1,1,47,RSA-SHA256_signed-by_ED25519,RSA-SHA256_signed-by_ED25519,12.618,2465.66,972.571,0.777778,0,0,122.444,24,1726.71,1681.73,1446,1443
1,5,51,RSA-SHA256_signed-by_ED25519,RSA-SHA256_signed-by_ED25519,10.64,2923.8,1288.61,0.181818,0,0,158,15,1234.37,1202.42,1446,1443
1,3,49,RSA-SHA256_signed-by_ED25519,RSA-SHA256_signed-by_ED25519,10.1,3080.11,1214.94,0,0,0,127.778,24,1236.22,1217.31,1446,1443
1,6,56,RSA-SHA256_signed-by_ED25519,RSA-SHA256_signed-by_ED25519,11.401,2728.86,1202.69,0.636364,0,0,158,9,1245.27,1209.23,1446,1443
1,2,48,RSA-SHA256_signed-by_ED25519,RSA-SHA256_signed-by_ED25519,10.672,2915.27,1197.89,0.636364,0,0,107.091,24,1221.27,1230.12,1446,1443
1,8,54,RSA-SHA256_signed-by_ED25519,RSA-SHA256_signed-by_ED25519,10.076,3087.44,1217.83,1,3,0.333333,142,16,1247.4,1227.73,1446,1443
1,1,48,RSA-SHA256_signed-by_ED25519,RSA-SHA256_signed-by_ED25519,10.415,2986.95,1178.19,1,0,0,122.444,24,1234.68,1223.38,1446,1443
1,6,57,RSA-SHA256_signed-by_ED25519,RSA-SHA256_signed-by_ED25519,11.455,2715.99,1613.25,1,7,0.538462,111.231,9,1202.58,1243.92,1446,1443
1,8,55,RSA-SHA256_signed-by_ED25519,RSA-SHA256_signed-by_ED25519,10.466,2972.67,2239.63,1,13,0.590909,159.455,16,1241.54,1223.39,1446,1443
1,7,49,RSA-SHA256_signed-by_ED25519,RSA-SHA256_signed-by_ED25519,19.053,1632.85,1092.48,1,15,0.789474,102.632,16,1236.03,1207.63,1446,1443
1,5,52,RSA-SHA256_signed-by_ED25519,RSA-SHA256_signed-by_ED25519,21.923,1419.14,1010.8,1,19,1,104.526,15,1229.57,1212.24,1446,1443
1,3,50,RSA-SHA256_signed-by_ED25519,RSA-SHA256_signed-by_ED25519,22.98,1353.86,1269.96,1,25,1.25,149.2,24,1222.61,1227.93,1446,1443
1,1,49,RSA-SHA256_signed-by_ED25519,RSA-SHA256_signed-by_ED25519,14.92,2085.18,839.647,1,0,0,114,24,1201.68,1200.62,1446,1443
1,2,49,RSA-SHA256_signed-by_ED25519,RSA-SHA256_signed-by_ED25519,21.217,1466.37,867.98,1,10,0.769231,132.154,24,1229.56,1197.08,1446,1443
1,8,56,RSA-SHA256_signed-by_ED25519,RSA-SHA256_signed-by_ED25519,10.161,3061.6,1207.64,1,0,0,142,16,1296.17,1194.63,1446,1443
1,6,58,RSA-SHA256_signed-by_ED25519,RSA-SHA256_signed-by_ED25519,13.875,2242.25,1040.12,1,1,0.0833333,149.333,9,1236.82,1209.78,1446,1443
1,7,50,RSA-SHA256_signed-by_ED25519,RSA-SHA256_signed-by_ED25519,13.991,2223.66,1320.82,1,9,0.692308,132.154,16,1235.8,1204.72,1446,1443
1,1,50,RSA-SHA256_signed-by_ED25519,RSA-SHA256_signed-by_ED25519,10.323,3013.84,1188.8,0.777778,0,0,122.444,24,1238.61,1215.62,1446,1443
1,5,53,RSA-SHA256_signed-by_ED25519,RSA-SHA256_signed-by_ED25519,14.052,2214.01,1327.61,0.4375,9,0.5625,135.5,15,1222.52,1196.87,1446,1443
1,3,51,RSA-SHA256_signed-by_ED25519,RSA-SHA256_signed-by_ED25519,12.732,2443.56,983.958,0.7,0,0,114,24,1211.19,1196.31,1446,1443
1,2,50,RSA-SHA256_signed-by_ED25519,RSA-SHA256_signed-by_ED25519,11.215,2774.09,1094.23,1,3,0.333333,123.333,24,1237.05,1201.59,1446,1443
1,8,57,RSA-SHA256_signed-by_ED25519,RSA-SHA256_signed-by_ED25519,11.872,2620.56,1595.65,0.769231,10,0.769231,155.846,16,1239.86,1209.95,1446,1443
1,6,59,RSA-SHA256_signed-by_ED25519,RSA-SHA256_signed-by_ED25519,12.063,2579.07,1038.52,1,0,0,114,9,1234.08,1198.45,1446,1443
1,7,51,RSA-SHA256_signed-by_ED25519,RSA-SHA256_signed-by_ED25519,10.068,3090.16,1381,1,5,0.416667,106,16,1246.59,1222.45,1446,1443
1,3,52,RSA-SHA256_signed-by_ED25519,RSA-SHA256_signed-by_ED25519,11.671,2665.66,1051.46,1,0,0,122.444,24,1247.94,1213.82,1446,1443
1,8,58,RSA-SHA256_signed-by_ED25519,RSA-SHA256_signed-by_ED25519,10.938,2844.31,1689.47,1,9,0.692308,154.308,16,1206.15,1198.97,1446,1443
1,6,60,RSA-SHA256_signed-by_ED25519,RSA-SHA256_signed-by_ED25519,10.001,3110.81,1227.05,1,0,0,122.444,9,1222.62,1205.26,1446,1443
1,1,51,RSA-SHA256_signed-by_ED25519,RSA-SHA256_signed-by_ED25519,15.79,1970.26,1395.24,1,14,0.777778,109.556,24,1222.04,1197.31,1446,1443
1,7,52,RSA-SHA256_signed-by_ED25519,RSA-SHA256_signed-by_ED25519,10.86,2864.74,1129.98,0.666667,0,0,122.444,16,1202.78,1210.69,1446,1443
1,5,54,RSA-SHA256_signed-by_ED25519,RSA-SHA256_signed-by_ED25519,17.546,1773.07,1241.01,1,14,0.823529,113.765,15,1230.41,1204.61,1446,1443
1,2,51,RSA-SHA256_signed-by_ED25519,RSA-SHA256_signed-by_ED25519,17.002,1829.81,1275.08,1,17,0.894737,174,24,1236.34,1226.7,1446,1443
1,3,53,RSA-SHA256_signed-by_ED25519,RSA-SHA256_signed-by_ED25519,10.929,2846.7,1122.87,0.333333,0,0,122.444,24,1226.07,1217.38,1446,1443
1,8,59,RSA-SHA256_signed-by_ED25519,RSA-SHA256_signed-by_ED25519,10.495,2964.44,1622.1,0.230769,7,0.538462,132.154,16,1209.77,1216.22,1446,1443
1,6,61,RSA-SHA256_signed-by_ED25519,RSA-SHA256_signed-by_ED25519,10.821,2875.11,1157.73,0.9,0,0,114,9,1229.35,1208.66,1446,1443
1,1,52,RSA-SHA256_signed-by_ED25519,RSA-SHA256_signed-by_ED25519,10.619,2929.81,1155.65,1,3,0.333333,125.111,24,1228.2,1213.78,1446,1443
1,7,53,RSA-SHA256_signed-by_ED25519,RSA-SHA256_signed-by_ED25519,10.503,2962.16,1168.41,1,0,0,122.444,16,1245.89,1214.4,1446,1443
1,5,55,RSA-SHA256_signed-by_ED25519,RSA-SHA256_signed-by_ED25519,9.563,3253.35,1303.35,1,5,0.5,114,15,1232.74,1202.34,1446,1443
1,2,52,RSA-SHA256_signed-by_ED25519,RSA-SHA256_signed-by_ED25519,10.239,3038.56,1198.55,1,0,0,122.444,24,1231.82,1218.47,1446,1443
1,8,60,RSA-SHA256_signed-by_ED25519,RSA-SHA256_signed-by_ED25519,8.055,3862.08,1537.28,1,0,0,131.2,16,1237.43,1213.75,1446,1443
1,6,62,RSA-SHA256_signed-by_ED25519,RSA-SHA256_signed-by_ED25519,9.023,3447.75,2010.67,1,2,0.166667,117,9,1236.13,1208.43,1446,1443
1,5,56,RSA-SHA256_signed-by_ED25519,RSA-SHA256_signed-by_ED25519,8.639,3601,1587.07,1,0,0,158,15,1265.58,1211.05,1446,1443
1,2,53,RSA-SHA256_signed-by_ED25519,RSA-SHA256_signed-by_ED25519,9.227,3371.49,1357.61,1,0,0,114,24,1226.42,1243.24,1446,1443
1,8,61,RSA-SHA256_signed-by_ED25519,RSA-SHA256_signed-by_ED25519,8.543,3641.43,1479.42,1,0,0,122.727,16,1239.28,1222.63,1446,1443
1,7,54,RSA-SHA256_signed-by_ED25519,RSA-SHA256_signed-by_ED25519,16.298,1908.88,1363.56,1,15,0.789474,110.421,16,1243.06,1215.61,1446,1443
1,5,57,RSA-SHA256_signed-by_ED25519,RSA-SHA256_signed-by_ED25519,8.335,3732.35,1472.21,1,0,0,128.667,15,1234.72,1204.23,1446,1443
1,6,63,RSA-SHA256_signed-by_ED25519,RSA-SHA256_signed-by_ED25519,11.331,2745.74,1608.33,1,9,0.75,140,9,1755.39,1696.88,1446,1443
1,8,62,RSA-SHA256_signed-by_ED25519,RSA-SHA256_signed-by_ED25519,7.687,4046.95,1596.3,1,0,0,142,16,1247.5,1213.36,1446,1443
1,7,55,RSA-SHA256_signed-by_ED25519,RSA-SHA256_signed-by_ED25519,8.496,3661.54,1444.28,0.666667,0,0,122.444,16,1234.69,1221.34,1446,1443
1,3,54,RSA-SHA256_signed-by_ED25519,RSA-SHA256_signed-by_ED25519,30.084,1034.17,1132.29,1,34,1.36,134.96,24,1234.54,1203.29,1446,1443
1,5,58,RSA-SHA256_signed-by_ED25519,RSA-SHA256_signed-by_ED25519,10.067,3090.44,1244.44,0.6,0,0,122,15,1224.25,1344.39,1446,1443
1,2,54,RSA-SHA256_signed-by_ED25519,RSA-SHA256_signed-by_ED25519,16.409,1895.95,1484.97,1,19,1.1875,150.5,24,1234.8,1193.32,1446,1443
1,6,64,RSA-SHA256_signed-by_ED25519,RSA-SHA256_signed-by_ED25519,11.181,2782.48,1097.54,1,0,0,122.444,9,1238.31,1224.32,1446,1443
1,1,53,RSA-SHA256_signed-by_ED25519,RSA-SHA256_signed-by_ED25519,31.536,986.546,707.756,1,23,1.04545,166.364,24,1228.29,1220.16,1446,1443
1,8,63,RSA-SHA256_signed-by_ED25519,RSA-SHA256_signed-by_ED25519,12.265,2536.57,1387.97,0.692308,7,0.538462,132.154,16,1711.96,1704.27,1446,1443
1,7,56,RSA-SHA256_signed-by_ED25519,RSA-SHA256_signed-by_ED25519,11.45,2717.14,1094.12,0.9,0,0,114,16,1235.09,1211.35,1446,1443
1,3,55,RSA-SHA256_signed-by_ED25519,RSA-SHA256_signed-by_ED25519,10.715,2903.55,1145.29,1,0,0,122.444,24,1239.02,1205.51,1446,1443
1,2,55,RSA-SHA256_signed-by_ED25519,RSA-SHA256_signed-by_ED25519,11.187,2781.03,1096.97,0.666667,0,0,122.444,24,1244.15,1215.95,1446,1443
1,6,65,RSA-SHA256_signed-by_ED25519,RSA-SHA256_signed-by_ED25519,9.953,3125.88,1232.99,0,0,0,122.444,9,1231.2,1213.06,1446,1443
1,1,54,RSA-SHA256_signed-by_ED25519,RSA-SHA256_signed-by_ED25519,10.813,2877.25,1268.09,0,0,0,158,24,1235.34,1217.16,1446,1443
1,5,59,RSA-SHA256_signed-by_ED25519,RSA-SHA256_signed-by_ED25519,15.473,2010.64,1177.74,0.75,9,0.75,150.667,15,1234.16,1190.23,1446,1443
1,8,64,RSA-SHA256_signed-by_ED25519,RSA-SHA256_signed-by_ED25519,10.915,2850.38,1124.32,0,0,0,142,16,1233.11,1247.13,1446,1443
1,7,57,RSA-SHA256_signed-by_ED25519,RSA-SHA256_signed-by_ED25519,12.117,2567.42,1012.71,0.444444,0,0,122.444,16,1233.15,1211.7,1446,1443
1,3,56,RSA-SHA256_signed-by_ED25519,RSA-SHA256_signed-by_ED25519,13.496,2305.26,928.269,0.6,0,0,114,24,1210.95,1208.41,1446,1443
1,2,56,RSA-SHA256_signed-by_ED25519,RSA-SHA256_signed-by_ED25519,12.972,2398.38,1071.84,0.5,5,0.416667,106,24,1344.37,1211.79,1446,1443
1,6,66,RSA-SHA256_signed-by_ED25519,RSA-SHA256_signed-by_ED25519,13.815,2252,906.823,0.6,0,0,114,9,1240.02,1202.08,1446,1443
1,1,55,RSA-SHA256_signed-by_ED25519,RSA-SHA256_signed-by_ED25519,13.812,2252.49,888.486,0.666667,0,0,122.444,24,1235.08,1204.21,1446,1443
1,5,60,RSA-SHA256_signed-by_ED25519,RSA-SHA256_signed-by_ED25519,13.721,2267.44,894.382,1,0,0,131.333,15,1233.07,1198.94,1446,1443
1,8,65,RSA-SHA256_signed-by_ED25519,RSA-SHA256_signed-by_ED25519,14.934,2083.24,1220.27,0.833333,9,0.75,164,16,1237.4,1204.3,1446,1443
1,7,58,RSA-SHA256_signed-by_ED25519,RSA-SHA256_signed-by_ED25519,12.562,2476.62,976.892,0.666667,0,0,122.444,16,1251.82,1203.29,1446,1443
1,3,57,RSA-SHA256_signed-by_ED25519,RSA-SHA256_signed-by_ED25519,10.986,2831.92,1117.04,0.777778,0,0,125.111,24,1233.56,1198.83,1446,1443
1,2,57,RSA-SHA256_signed-by_ED25519,RSA-SHA256_signed-by_ED25519,10.783,2885.24,1179.62,1,4,0.363636,107.091,24,1273,1216.32,1446,1443
1,6,67,RSA-SHA256_signed-by_ED25519,RSA-SHA256_signed-by_ED25519,11.114,2799.32,1104.18,1,0,0,122.444,9,1230.74,1220.26,1446,1443
1,1,56,RSA-SHA256_signed-by_ED25519,RSA-SHA256_signed-by_ED25519,11.125,2796.55,1638.09,1,9,0.75,140,24,1228.07,1261.9,1446,1443
1,5,61,RSA-SHA256_signed-by_ED25519,RSA-SHA256_signed-by_ED25519,12.543,2480.34,1357.2,1,7,0.538462,122.308,15,1224.09,1211.63,1446,1443
1,8,66,RSA-SHA256_signed-by_ED25519,RSA-SHA256_signed-by_ED25519,11.168,2785.74,1564.43,1,11,0.733333,119.6,16,1239.21,1208.43,1446,1443
1,7,59,RSA-SHA256_signed-by_ED25519,RSA-SHA256_signed-by_ED25519,10.733,2898.65,1680.01,1,3,0.272727,138.364,16,1264.86,1221.69,1446,1443
1,2,58,RSA-SHA256_signed-by_ED25519,RSA-SHA256_signed-by_ED25519,13.037,2386.34,1191.64,1,7,0.466667,132.933,24,1242.22,1228.74,1446,1443
1,6,68,RSA-SHA256_signed-by_ED25519,RSA-SHA256_signed-by_ED25519,13.309,2337.55,922.038,1,0,0,122.444,9,1245.71,1221,1446,1443
1,3,58,RSA-SHA256_signed-by_ED25519,RSA-SHA256_signed-by_ED25519,18.142,1714.9,1464.87,1,23,1.09524,123.333,24,1224.91,1219.02,1446,1443
1,5,62,RSA-SHA256_signed-by_ED25519,RSA-SHA256_signed-by_ED25519,13.253,2347.46,979.064,1,5,0.416667,101.333,15,1225.66,1217.41,1446,1443
1,1,57,RSA-SHA256_signed-by_ED25519,RSA-SHA256_signed-by_ED25519,17.719,1755.85,1028.5,1,9,0.75,140,24,1205.67,1217.02,1446,1443
1,8,67,RSA-SHA256_signed-by_ED25519,RSA-SHA256_signed-by_ED25519,13.629,2282.7,1020.14,0.916667,2,0.166667,173.333,16,1261.69,1211.67,1446,1443
1,7,60,RSA-SHA256_signed-by_ED25519,RSA-SHA256_signed-by_ED25519,13.985,2224.59,1316.79,0.846154,10,0.769231,132.154,16,1235.62,1188.16,1446,1443
1,2,59,RSA-SHA256_signed-by_ED25519,RSA-SHA256_signed-by_ED25519,12.178,2554.7,1028.71,0.7,0,0,114,24,1236.7,1215.69,1446,1443
1,6,69,RSA-SHA256_signed-by_ED25519,RSA-SHA256_signed-by_ED25519,11.489,2707.95,1068.14,1,0,0,122.444,9,1278.34,1202.55,1446,1443
1,5,63,RSA-SHA256_signed-by_ED25519,RSA-SHA256_signed-by_ED25519,11.697,2659.77,1578.49,0.466667,7,0.466667,142,15,1704.26,1692.89,1446,1443
1,1,58,RSA-SHA256_signed-by_ED25519,RSA-SHA256_signed-by_ED25519,10.283,3025.53,1655.52,0.538462,7,0.538462,114.923,24,1232.24,1214.92,1446,1443
1,8,68,RSA-SHA256_signed-by_ED25519,RSA-SHA256_signed-by_ED25519,10.661,2918.24,1607.32,0.5,7,0.5,125.143,16,1225.91,1200.91,1446,1443
1,2,60,RSA-SHA256_signed-by_ED25519,RSA-SHA256_signed-by_ED25519,8.596,3618.98,1427.49,0.444444,0,0,122.444,24,1233.27,1217.5,1446,1443
1,7,61,RSA-SHA256_signed-by_ED25519,RSA-SHA256_signed-by_ED25519,12.331,2523,995.189,0.777778,0,0,155.333,16,1241.89,1193.74,1446,1443
1,3,59,RSA-SHA256_signed-by_ED25519,RSA-SHA256_signed-by_ED25519,19.319,1610.36,891.1,0.642857,8,0.571429,109.429,24,1232.28,1216.36,1446,1443
1,6,70,RSA-SHA256_signed-by_ED25519,RSA-SHA256_signed-by_ED25519,10.628,2927.34,1154.68,0.444444,0,0,122.444,9,1233.77,1223.82,1446,1443
1,1,59,RSA-SHA256_signed-by_ED25519,RSA-SHA256_signed-by_ED25519,10.511,2959.69,1167.44,0.444444,0,0,122.444,24,1240.1,1234.64,1446,1443
1,5,64,RSA-SHA256_signed-by_ED25519,RSA-SHA256_signed-by_ED25519,12.574,2474.28,996.33,0.6,0,0,114,15,1198.88,1215.13,1446,1443
1,2,61,RSA-SHA256_signed-by_ED25519,RSA-SHA256_signed-by_ED25519,11.398,2729.59,1076.68,0.666667,0,0,122.444,24,1231.02,1189.37,1446,1443
1,8,69,RSA-SHA256_signed-by_ED25519,RSA-SHA256_signed-by_ED25519,13.033,2387.14,941.599,0.666667,3,0.333333,172.667,16,1226.2,1194.99,1446,1443
1,7,62,RSA-SHA256_signed-by_ED25519,RSA-SHA256_signed-by_ED25519,10.996,2829.39,1116.04,0.666667,0,0,122.444,16,1236.53,1218.51,1446,1443
1,3,60,RSA-SHA256_signed-by_ED25519,RSA-SHA256_signed-by_ED25519,10.81,2878.08,1685.85,0.583333,9,0.75,140,24,1240.04,1190.72,1446,1443
1,6,71,RSA-SHA256_signed-by_ED25519,RSA-SHA256_signed-by_ED25519,10.849,2867.73,1197.53,0.7,2,0.2,115.6,9,1257,1218.57,1446,1443
1,2,62,RSA-SHA256_signed-by_ED25519,RSA-SHA256_signed-by_ED25519,6.754,4605.96,1854.7,1,0,0,114,24,1202.41,1209.04,1446,1443
1,1,60,RSA-SHA256_signed-by_ED25519,RSA-SHA256_signed-by_ED25519,10.715,2903.55,1297.6,1,5,0.416667,110,24,1236.26,1199.95,1446,1443
1,5,65,RSA-SHA256_signed-by_ED25519,RSA-SHA256_signed-by_ED25519,9.97,3120.54,1230.89,1,0,0,122.444,15,1232.84,1256.29,1446,1443
1,7,63,RSA-SHA256_signed-by_ED25519,RSA-SHA256_signed-by_ED25519,10.514,2959.06,1774.37,1,12,0.75,104,16,1726.31,1706.88,1446,1443
1,6,72,RSA-SHA256_signed-by_ED25519,RSA-SHA256_signed-by_ED25519,11.85,2625.39,1117.93,1,0,0,131.455,9,1237.7,1215.07,1446,1443
1,3,61,RSA-SHA256_signed-by_ED25519,RSA-SHA256_signed-by_ED25519,15.135,2055.53,1237.86,1,9,0.642857,125.429,24,1247.72,1220.33,1446,1443
1,1,61,RSA-SHA256_signed-by_ED25519,RSA-SHA256_signed-by_ED25519,10.811,2877.75,1145.48,1,0,0,113.6,24,1203.3,1199.9,1446,1443
1,5,66,RSA-SHA256_signed-by_ED25519,RSA-SHA256_signed-by_ED25519,11.694,2660.43,1049.39,1,0,0,122.444,15,1228.69,1221.22,1446,1443
1,8,70,RSA-SHA256_signed-by_ED25519,RSA-SHA256_signed-by_ED25519,20.904,1488.3,683.495,1,4,0.285714,136.857,16,1228.91,1208.77,1446,1443
1,2,63,RSA-SHA256_signed-by_ED25519,RSA-SHA256_signed-by_ED25519,17.188,1810.01,2006.88,0.965517,37,1.27586,141.724,24,1721.37,1681.92,1446,1443
1,7,64,RSA-SHA256_signed-by_ED25519,RSA-SHA256_signed-by_ED25519,12.483,2492.26,1018.95,1,4,0.363636,107.091,16,1237.85,1236.04,1446,1443
1,6,73,RSA-SHA256_signed-by_ED25519,RSA-SHA256_signed-by_ED25519,13.486,2306.9,924.184,1,5,0.5,114,9,1239.09,1214.15,1446,1443
1,1,62,RSA-SHA256_signed-by_ED25519,RSA-SHA256_signed-by_ED25519,11.601,2681.77,1067.47,1,0,0,113.6,24,1240.77,1223.47,1446,1443
1,8,71,RSA-SHA256_signed-by_ED25519,RSA-SHA256_signed-by_ED25519,10.309,3017.88,1190.39,1,0,0,142,16,1218.52,1187.22,1446,1443
1,5,67,RSA-SHA256_signed-by_ED25519,RSA-SHA256_signed-by_ED25519,12.149,2560.79,1974.1,1,7,0.5,119.714,15,1234.7,1217.73,1446,1443
1,2,64,RSA-SHA256_signed-by_ED25519,RSA-SHA256_signed-by_ED25519,9.066,3431.7,1353.62,1,3,0.333333,122.444,24,1237.59,1190.71,1446,1443
1,6,74,RSA-SHA256_signed-by_ED25519,RSA-SHA256_signed-by_ED25519,8.829,3523.84,1582.06,1,0,0,146,9,1231.6,1209.39,1446,1443
1,5,68,RSA-SHA256_signed-by_ED25519,RSA-SHA256_signed-by_ED25519,7.921,3927.76,1399.81,1,0,0,126,15,1223.22,1261.65,1446,1443
1,1,63,RSA-SHA256_signed-by_ED25519,RSA-SHA256_signed-by_ED25519,13.148,2366.27,1400.66,1,10,0.769231,132.154,24,1789.56,1686.89,1446,1443
1,8,72,RSA-SHA256_signed-by_ED25519,RSA-SHA256_signed-by_ED25519,12.123,2566.16,1130.98,0.909091,2,0.181818,125.273,16,1289.07,1207.28,1446,1443
1,7,65,RSA-SHA256_signed-by_ED25519,RSA-SHA256_signed-by_ED25519,20.545,1514.26,1370.59,1,23,0.958333,135,16,1254.94,1244.49,1446,1443
1,3,62,RSA-SHA256_signed-by_ED25519,RSA-SHA256_signed-by_ED25519,28.167,1104.52,998.02,1,28,1.27273,116.545,24,1229.01,1197.65,1446,1443
1,2,65,RSA-SHA256_signed-by_ED25519,RSA-SHA256_signed-by_ED25519,15.461,2012.24,911.693,1,3,0.230769,139.538,24,1231.97,1231.04,1446,1443
1,6,75,RSA-SHA256_signed-by_ED25519,RSA-SHA256_signed-by_ED25519,12.654,2458.66,1402.24,0.428571,7,0.5,106,9,1312.65,1196.6,1446,1443
1,5,69,RSA-SHA256_signed-by_ED25519,RSA-SHA256_signed-by_ED25519,11.755,2646.53,1188.18,0.666667,0,0,148,15,1259.19,1218.69,1446,1443
1,1,64,RSA-SHA256_signed-by_ED25519,RSA-SHA256_signed-by_ED25519,9.377,3317.89,1308.73,0.888889,3,0.333333,122.444,24,1224.6,1195.1,1446,1443
1,7,66,RSA-SHA256_signed-by_ED25519,RSA-SHA256_signed-by_ED25519,11.202,2777.33,1118.36,0.5,0,0,114,16,1209.62,1208.78,1446,1443
1,8,73,RSA-SHA256_signed-by_ED25519,RSA-SHA256_signed-by_ED25519,13.068,2380.71,958.652,0.6,0,0,114,16,1248.42,1212.73,1446,1443
1,2,66,RSA-SHA256_signed-by_ED25519,RSA-SHA256_signed-by_ED25519,10.87,2862.15,1128.96,0.222222,0,0,125.111,24,1234.08,1221.55,1446,1443
1,3,63,RSA-SHA256_signed-by_ED25519,RSA-SHA256_signed-by_ED25519,16.679,1865.27,845.101,0.384615,3,0.230769,148.769,24,1700.41,1684.48,1446,1443
1,6,76,RSA-SHA256_signed-by_ED25519,RSA-SHA256_signed-by_ED25519,12.48,2492.91,983.319,0.222222,0,0,197.111,9,1233.16,1213.64,1446,1443
1,5,70,RSA-SHA256_signed-by_ED25519,RSA-SHA256_signed-by_ED25519,10.797,2881.53,1136.61,0,0,0,122.444,15,1230.85,1203.72,1446,1443
1,1,65,RSA-SHA256_signed-by_ED25519,RSA-SHA256_signed-by_ED25519,10.853,2866.66,1281.12,0,2,0.166667,148,24,1229.44,1225.78,1446,1443
1,7,67,RSA-SHA256_signed-by_ED25519,RSA-SHA256_signed-by_ED25519,10.011,3107.78,1225.85,0.333333,0,0,122.444,16,1234.41,1227.2,1446,1443
1,8,74,RSA-SHA256_signed-by_ED25519,RSA-SHA256_signed-by_ED25519,13.747,2263.12,1238.34,0.538462,7,0.538462,114.923,16,1234.11,1213.79,1446,1443
1,3,64,RSA-SHA256_signed-by_ED25519,RSA-SHA256_signed-by_ED25519,9.364,3322.17,1310.42,0.777778,0,0,131.333,24,1201.47,1215.02,1446,1443
1,1,66,RSA-SHA256_signed-by_ED25519,RSA-SHA256_signed-by_ED25519,8.506,3657.31,1442.61,0.777778,0,0,122.444,24,1231.36,1188.56,1446,1443
1,5,71,RSA-SHA256_signed-by_ED25519,RSA-SHA256_signed-by_ED25519,10.961,2838.43,1119.61,0.777778,0,0,122.444,15,1226.46,1213.75,1446,1443
1,6,77,RSA-SHA256_signed-by_ED25519,RSA-SHA256_signed-by_ED25519,13.611,2285.75,1324.78,0.636364,2,0.181818,124.545,9,1247.45,1213.4,1446,1443
1,7,68,RSA-SHA256_signed-by_ED25519,RSA-SHA256_signed-by_ED25519,10.791,2883.14,1671.02,0.363636,3,0.272727,312.545,16,1231.99,1219.45,1446,1443
1,2,67,RSA-SHA256_signed-by_ED25519,RSA-SHA256_signed-by_ED25519,18.136,1715.42,949.237,0.5,8,0.571429,109.429,24,1242.54,1190.99,1446,1443
1,1,67,RSA-SHA256_signed-by_ED25519,RSA-SHA256_signed-by_ED25519,10.293,3022.61,1192.26,0.333333,0,0,122.444,24,1235.65,1214.93,1446,1443
1,8,75,RSA-SHA256_signed-by_ED25519,RSA-SHA256_signed-by_ED25519,12.94,2404.26,948.351,0.777778,0,0,134.889,16,1265.99,1238.67,1446,1443
1,5,72,RSA-SHA256_signed-by_ED25519,RSA-SHA256_signed-by_ED25519,10.3,3020.53,1191.44,0.777778,0,0,122.444,15,1266.6,1210.69,1446,1443
1,6,78,RSA-SHA256_signed-by_ED25519,RSA-SHA256_signed-by_ED25519,10.876,2860.6,1175.43,0.636364,0,0,108.182,9,1231.65,1215.94,1446,1443
1,7,69,RSA-SHA256_signed-by_ED25519,RSA-SHA256_signed-by_ED25519,12.279,2533.71,999.413,1,0,0,122.444,17,1244.25,1233.57,1446,1443
1,3,65,RSA-SHA256_signed-by_ED25519,RSA-SHA256_signed-by_ED25519,18.11,1717.88,939.996,0.692308,7,0.538462,122.923,24,1244.21,1212.35,1446,1443
1,2,68,RSA-SHA256_signed-by_ED25519,RSA-SHA256_signed-by_ED25519,12.701,2449.53,966.205,1,3,0.333333,122.444,24,1233.78,1211.88,1446,1443
1,5,73,RSA-SHA256_signed-by_ED25519,RSA-SHA256_signed-by_ED25519,9.611,3236.88,1303.41,0.3,0,0,114,15,1282.73,1221.97,1446,1443
1,8,76,RSA-SHA256_signed-by_ED25519,RSA-SHA256_signed-by_ED25519,12.223,2545.35,1004,0.333333,0,0,122.444,16,1237.73,1219.16,1446,1443
1,1,68,RSA-SHA256_signed-by_ED25519,RSA-SHA256_signed-by_ED25519,13.976,2226.06,1303.93,0.583333,9,0.75,140,24,1240.58,1234.98,1446,1443
1,6,79,RSA-SHA256_signed-by_ED25519,RSA-SHA256_signed-by_ED25519,10.796,2881.8,1147.09,0.3,0,0,113.6,9,1714.35,1680.28,1446,1443
1,7,70,RSA-SHA256_signed-by_ED25519,RSA-SHA256_signed-by_ED25519,10.116,3075.52,1213.12,0.333333,0,0,122.444,17,1255.6,1200.56,1446,1443
1,3,66,RSA-SHA256_signed-by_ED25519,RSA-SHA256_signed-by_ED25519,10.638,2924.58,1153.59,0.444444,3,0.333333,131.333,24,1246.84,1210.97,1446,1443
1,2,69,RSA-SHA256_signed-by_ED25519,RSA-SHA256_signed-by_ED25519,11.001,2828.07,1281.32,0.461538,6,0.461538,139.538,24,1345.91,1212.83,1446,1443
1,1,69,RSA-SHA256_signed-by_ED25519,RSA-SHA256_signed-by_ED25519,11.239,2768.16,1091.89,1,3,0.333333,122.444,24,1223.93,1224.58,1446,1443
1,7,71,RSA-SHA256_signed-by_ED25519,RSA-SHA256_signed-by_ED25519,11.865,2622.09,1138.1,1,1,0.0833333,102.667,17,1206.97,1217.36,1446,1443
1,8,77,RSA-SHA256_signed-by_ED25519,RSA-SHA256_signed-by_ED25519,16.193,1921.23,1152.04,1,12,0.75,104,16,1235.67,1214.56,1446,1443
1,3,67,RSA-SHA256_signed-by_ED25519,RSA-SHA256_signed-by_ED25519,12.35,2519.11,1257.93,1,7,0.466667,146.267,24,1239.71,1197.94,1446,1443
1,6,80,RSA-SHA256_signed-by_ED25519,RSA-SHA256_signed-by_ED25519,16.759,1856.33,1360.39,1,14,0.666667,98.1905,9,1244.36,1239.16,1446,1443
1,5,74,RSA-SHA256_signed-by_ED25519,RSA-SHA256_signed-by_ED25519,21.542,1444.22,1019.76,1,16,0.888889,98.4444,15,1226.7,1209.53,1446,1443
1,1,70,RSA-SHA256_signed-by_ED25519,RSA-SHA256_signed-by_ED25519,14.162,2196.78,999.818,1,2,0.153846,139.538,24,1235.2,1225.29,1446,1443
1,3,68,RSA-SHA256_signed-by_ED25519,RSA-SHA256_signed-by_ED25519,11.486,2708.63,1482.12,1,7,0.538462,122.923,24,1240.99,1204.17,1446,1443
1,7,72,RSA-SHA256_signed-by_ED25519,RSA-SHA256_signed-by_ED25519,14.348,2168.31,1186.46,1,7,0.538462,114.923,17,1237.08,1191.98,1446,1443
1,2,70,RSA-SHA256_signed-by_ED25519,RSA-SHA256_signed-by_ED25519,25.221,1233.54,859.574,1,17,0.894737,167.263,24,1232.53,1204.34,1446,1443
1,6,81,RSA-SHA256_signed-by_ED25519,RSA-SHA256_signed-by_ED25519,13.218,2353.69,1822.92,1,7,0.466667,114,9,1235.13,1218.47,1446,1443
1,5,75,RSA-SHA256_signed-by_ED25519,RSA-SHA256_signed-by_ED25519,14.294,2176.49,986.108,1,6,0.461538,148.154,15,1239.99,1203.89,1446,1443
1,1,71,RSA-SHA256_signed-by_ED25519,RSA-SHA256_signed-by_ED25519,10.315,3016.14,1189.7,1,3,0.333333,122.444,24,1235.31,1220.19,1446,1443
1,3,69,RSA-SHA256_signed-by_ED25519,RSA-SHA256_signed-by_ED25519,9.729,3197.8,1287.67,1,0,0,122,24,1202.74,1207.23,1446,1443
1,7,73,RSA-SHA256_signed-by_ED25519,RSA-SHA256_signed-by_ED25519,9.817,3169.13,1250.05,1,3,0.333333,122.444,17,1235.63,1197.18,1446,1443
1,8,78,RSA-SHA256_signed-by_ED25519,RSA-SHA256_signed-by_ED25519,23.929,1300.14,1002.27,1,25,1.08696,128.783,16,1232.63,1214.91,1446,1443
1,6,82,RSA-SHA256_signed-by_ED25519,RSA-SHA256_signed-by_ED25519,9.161,3396.09,1446.11,1,1,0.0909091,112.909,9,1249.69,1211.95,1446,1443
1,2,71,RSA-SHA256_signed-by_ED25519,RSA-SHA256_signed-by_ED25519,14.123,2202.81,1541.8,1,14,0.823529,112.353,24,1238.72,1211.93,1446,1443
1,1,72,RSA-SHA256_signed-by_ED25519,RSA-SHA256_signed-by_ED25519,8.943,3478.88,1554.72,1,2,0.166667,148,24,1230.46,1197.56,1446,1443
1,5,76,RSA-SHA256_signed-by_ED25519,RSA-SHA256_signed-by_ED25519,13.176,2361.15,960.489,1,3,0.272727,163.091,15,1228.53,1221.74,1446,1443
1,6,83,RSA-SHA256_signed-by_ED25519,RSA-SHA256_signed-by_ED25519,10.242,3037.68,1198.2,0.555556,0,0,122.444,9,1241.65,1217.61,1446,1443
1,8,79,RSA-SHA256_signed-by_ED25519,RSA-SHA256_signed-by_ED25519,14.606,2130.01,1063.64,0.733333,7,0.466667,130.533,16,1682.47,1680.89,1446,1443
1,2,72,RSA-SHA256_signed-by_ED25519,RSA-SHA256_signed-by_ED25519,10.979,2833.53,1117.68,0.666667,0,0,123.778,24,1253.01,1195.66,1446,1443
1,1,73,RSA-SHA256_signed-by_ED25519,RSA-SHA256_signed-by_ED25519,11.368,2736.57,1079.43,0.666667,0,0,122.444,24,1229.61,1199.79,1446,1443
1,3,70,RSA-SHA256_signed-by_ED25519,RSA-SHA256_signed-by_ED25519,19.429,1601.24,886.057,1,8,0.571429,116.857,24,1236.64,1210.96,1446,1443
1,7,74,RSA-SHA256_signed-by_ED25519,RSA-SHA256_signed-by_ED25519,19.55,1591.33,720.989,1,3,0.230769,140.154,17,1244.29,1187.52,1446,1443
1,6,84,RSA-SHA256_signed-by_ED25519,RSA-SHA256_signed-by_ED25519,13.064,2381.44,958.945,1,0,0,114,10,1218.2,1211.87,1446,1443
1,8,80,RSA-SHA256_signed-by_ED25519,RSA-SHA256_signed-by_ED25519,10.104,3078.87,1214.45,1,0,0,122.444,16,1223.52,1207.16,1446,1443
1,2,73,RSA-SHA256_signed-by_ED25519,RSA-SHA256_signed-by_ED25519,10.431,2982.62,1176.48,1,0,0,122.444,24,1246.21,1207.39,1446,1443
1,3,71,RSA-SHA256_signed-by_ED25519,RSA-SHA256_signed-by_ED25519,9.598,3241.17,1278.47,1,0,0,131.333,24,1238.72,1217.57,1446,1443
1,1,74,RSA-SHA256_signed-by_ED25519,RSA-SHA256_signed-by_ED25519,10.99,2830.91,1658.22,1,9,0.75,140,24,1226.87,1195.45,1446,1443
1,7,75,RSA-SHA256_signed-by_ED25519,RSA-SHA256_signed-by_ED25519,11.215,2774.12,1664.9,1,14,1,125.429,17,1228.21,1217.39,1446,1443
1,5,77,RSA-SHA256_signed-by_ED25519,RSA-SHA256_signed-by_ED25519,26.702,1165.13,722.629,1,10,0.526316,121.368,15,1292.02,1213.14,1446,1443
1,8,81,RSA-SHA256_signed-by_ED25519,RSA-SHA256_signed-by_ED25519,16.166,1924.46,1053.04,1,7,0.538462,114.923,16,1231.16,1252.72,1446,1443
1,2,74,RSA-SHA256_signed-by_ED25519,RSA-SHA256_signed-by_ED25519,15.249,2040.2,1207.65,1,10,0.769231,132.154,24,1227.1,1200.44,1446,1443
1,7,76,RSA-SHA256_signed-by_ED25519,RSA-SHA256_signed-by_ED25519,11.991,2594.56,1164.85,1,0,0,148,17,1231.17,1198.62,1446,1443
1,6,85,RSA-SHA256_signed-by_ED25519,RSA-SHA256_signed-by_ED25519,18.102,1718.64,1202.91,1,14,0.823529,112.353,10,1229.79,1194.88,1446,1443
1,4,0,RSA-SHA256_signed-by_ED25519,RSA-SHA256_signed-by_ED25519,1089.55,28.5549,10.0812,1,8,0.363636,266.273,24,1269.83,1253.75,1446,1443
1,1,75,RSA-SHA256_signed-by_ED25519,RSA-SHA256_signed-by_ED25519,22.882,1359.65,804.812,1,10,0.769231,132.154,24,1237.83,1202.36,1446,1443
1,3,72,RSA-SHA256_signed-by_ED25519,RSA-SHA256_signed-by_ED25519,24.818,1253.58,1297.74,1,33,1.43478,169.13,24,1233.16,1217.24,1446,1443
1,5,78,RSA-SHA256_signed-by_ED25519,RSA-SHA256_signed-by_ED25519,19.192,1621.09,887.036,1,7,0.538462,114.923,15,1234.31,1207.18,1446,1443
1,8,82,RSA-SHA256_signed-by_ED25519,RSA-SHA256_signed-by_ED25519,13.885,2240.62,902.239,1,0,0,114,16,1228.78,1216.89,1446,1443
1,7,77,RSA-SHA256_signed-by_ED25519,RSA-SHA256_signed-by_ED25519,14.504,2144.99,846.081,1,0,0,122.444,17,1223.14,1195.56,1446,1443
1,2,75,RSA-SHA256_signed-by_ED25519,RSA-SHA256_signed-by_ED25519,15.682,1983.85,782.523,1,0,0,122.444,24,1242.31,1204.44,1446,1443
1,6,86,RSA-SHA256_signed-by_ED25519,RSA-SHA256_signed-by_ED25519,16.88,1843.05,1176.25,1,15,1,122.533,10,1237.01,1213.23,1446,1443
1,3,73,RSA-SHA256_signed-by_ED25519,RSA-SHA256_signed-by_ED25519,11.117,2798.56,1113.95,1,0,0,121.6,24,1277.48,1222.88,1446,1443
1,5,79,RSA-SHA256_signed-by_ED25519,RSA-SHA256_signed-by_ED25519,11.825,2630.99,1101.38,1,1,0.1,115.6,15,1696.4,1693.97,1446,1443
1,1,76,RSA-SHA256_signed-by_ED25519,RSA-SHA256_signed-by_ED25519,15.598,1994.54,1091.38,1,7,0.538462,114.923,24,1256.22,1213.83,1446,1443
1,8,83,RSA-SHA256_signed-by_ED25519,RSA-SHA256_signed-by_ED25519,11.578,2687.12,1069.6,1,0,0,118.4,16,1262.61,1192.05,1446,1443
1,7,78,RSA-SHA256_signed-by_ED25519,RSA-SHA256_signed-by_ED25519,11.272,2760.07,1088.7,1,3,0.333333,122.444,17,1239.51,1186.06,1446,1443
1,6,87,RSA-SHA256_signed-by_ED25519,RSA-SHA256_signed-by_ED25519,13.032,2387.25,1066.87,1,2,0.166667,148,10,1236.89,1219.55,1446,1443
1,3,74,RSA-SHA256_signed-by_ED25519,RSA-SHA256_signed-by_ED25519,11.534,2697.35,1063.96,1,3,0.333333,131.333,24,1223.71,1224.7,1446,1443
1,4,1,RSA-SHA256_signed-by_ED25519,RSA-SHA256_signed-by_ED25519,27.242,1142.06,701.857,1,11,0.6875,191,24,1229.06,1202.4,1446,1443
1,1,77,RSA-SHA256_signed-by_ED25519,RSA-SHA256_signed-by_ED25519,11.06,2812.95,1109.56,1,0,0,122.444,24,1235.7,1220.42,1446,1443
1,7,79,RSA-SHA256_signed-by_ED25519,RSA-SHA256_signed-by_ED25519,11.335,2744.7,1226.61,1,2,0.166667,148,17,1701.23,1655.03,1446,1443
1,5,80,RSA-SHA256_signed-by_ED25519,RSA-SHA256_signed-by_ED25519,16,1944.4,1435.93,1,19,1.1875,129.5,15,1256.25,1201.83,1446,1443
1,8,84,RSA-SHA256_signed-by_ED25519,RSA-SHA256_signed-by_ED25519,14.864,2093.01,1145.26,1,7,0.538462,114.923,16,1238.87,1220.64,1446,1443
1,6,88,RSA-SHA256_signed-by_ED25519,RSA-SHA256_signed-by_ED25519,12.645,2460.33,1047.65,1,1,0.0909091,108.909,10,1236.8,1204.23,1446,1443
1,2,76,RSA-SHA256_signed-by_ED25519,RSA-SHA256_signed-by_ED25519,29.108,1068.84,809.117,1,19,1,117.579,24,1221.06,1185.87,1446,1443
1,3,75,RSA-SHA256_signed-by_ED25519,RSA-SHA256_signed-by_ED25519,12.297,2529.97,1130.65,1,2,0.166667,159.333,24,1244.58,1194.47,1446,1443
1,1,78,RSA-SHA256_signed-by_ED25519,RSA-SHA256_signed-by_ED25519,10.129,3071.53,1211.55,1,3,0.333333,122.444,24,1210.07,1221.58,1446,1443
1,4,2,RSA-SHA256_signed-by_ED25519,RSA-SHA256_signed-by_ED25519,14.07,2211.13,890.367,1,0,0,131.6,24,1230.16,1218.57,1446,1443
1,8,85,RSA-SHA256_signed-by_ED25519,RSA-SHA256_signed-by_ED25519,11.382,2733.34,1078.16,0.444444,0,0,122.444,16,1242.12,1220.69,1446,1443
1,5,81,RSA-SHA256_signed-by_ED25519,RSA-SHA256_signed-by_ED25519,15.162,2051.86,916.978,0.333333,2,0.166667,184,15,1248,1213.35,1446,1443
1,7,80,RSA-SHA256_signed-by_ED25519,RSA-SHA256_signed-by_ED25519,17.913,1736.83,1017.36,0.833333,9,0.75,140,17,1232.8,1201.32,1446,1443
1,2,77,RSA-SHA256_signed-by_ED25519,RSA-SHA256_signed-by_ED25519,11.928,2608.25,1028.81,0.666667,0,0,122.444,24,1216.26,1190.43,1446,1443
1,3,76,RSA-SHA256_signed-by_ED25519,RSA-SHA256_signed-by_ED25519,12.556,2477.78,977.351,1,0,0,131.333,24,1236.87,1219.57,1446,1443
1,6,89,RSA-SHA256_signed-by_ED25519,RSA-SHA256_signed-by_ED25519,14.988,2075.71,1600.15,0.928571,7,0.5,119.714,10,1232.51,1209.22,1446,1443
1,1,79,RSA-SHA256_signed-by_ED25519,RSA-SHA256_signed-by_ED25519,17.471,1780.7,795.799,0.916667,2,0.166667,154,24,1700.49,1694.86,1446,1443
1,4,3,RSA-SHA256_signed-by_ED25519,RSA-SHA256_signed-by_ED25519,14.509,2144.27,859.029,1,4,0.4,131.6,24,1235.23,1202.79,1446,1443
1,8,86,RSA-SHA256_signed-by_ED25519,RSA-SHA256_signed-by_ED25519,15.1,2060.34,846.599,1,0,0,107.091,16,1224.46,1234.79,1446,1443
1,2,78,RSA-SHA256_signed-by_ED25519,RSA-SHA256_signed-by_ED25519,10.651,2921.04,1152.19,1,0,0,122.444,24,1228.92,1225.07,1446,1443
1,5,82,RSA-SHA256_signed-by_ED25519,RSA-SHA256_signed-by_ED25519,15.496,2007.7,1039.73,1,5,0.454545,127.455,15,1237.45,1232.32,1446,1443
1,3,77,RSA-SHA256_signed-by_ED25519,RSA-SHA256_signed-by_ED25519,14.458,2151.84,862.065,1,5,0.5,122,24,1264,1207.26,1446,1443
1,6,90,RSA-SHA256_signed-by_ED25519,RSA-SHA256_signed-by_ED25519,14.253,2182.79,1194.39,1,7,0.538462,114.923,10,1241.86,1228.69,1446,1443
1,7,81,RSA-SHA256_signed-by_ED25519,RSA-SHA256_signed-by_ED25519,17.902,1737.85,1615.85,1,25,1.31579,142.842,17,1243.8,1204.24,1446,1443
1,4,4,RSA-SHA256_signed-by_ED25519,RSA-SHA256_signed-by_ED25519,15.404,2019.66,902.591,1,2,0.166667,173.333,24,1288.34,1206.74,1446,1443
1,8,87,RSA-SHA256_signed-by_ED25519,RSA-SHA256_signed-by_ED25519,15.606,1993.5,1090.81,1,7,0.538462,114.923,17,1235.16,1204.66,1446,1443
1,5,83,RSA-SHA256_signed-by_ED25519,RSA-SHA256_signed-by_ED25519,13.288,2341.28,1416.57,1,4,0.25,140,15,1232.79,1201.58,1446,1443
1,3,78,RSA-SHA256_signed-by_ED25519,RSA-SHA256_signed-by_ED25519,12.772,2435.87,1073.56,1,0,0,171.091,24,1233.77,1204.07,1446,1443
1,1,80,RSA-SHA256_signed-by_ED25519,RSA-SHA256_signed-by_ED25519,23.828,1305.66,991.081,1,18,0.947368,116.316,24,1212.74,1203.27,1446,1443
1,6,91,RSA-SHA256_signed-by_ED25519,RSA-SHA256_signed-by_ED25519,15.57,1998.1,1139.57,1,8,0.571429,110.571,10,1239.66,1192.36,1446,1443
1,2,79,RSA-SHA256_signed-by_ED25519,RSA-SHA256_signed-by_ED25519,23.374,1331.03,796.084,1,11,0.785714,128.857,24,1706.35,1688.89,1446,1443
1,4,5,RSA-SHA256_signed-by_ED25519,RSA-SHA256_signed-by_ED25519,13.593,2288.73,902.781,1,0,0,142,24,1243.13,1220.43,1446,1443
1,8,88,RSA-SHA256_signed-by_ED25519,RSA-SHA256_signed-by_ED25519,11.238,2768.43,1092,0.333333,0,0,122.444,17,1337.62,1214.35,1446,1443
1,3,79,RSA-SHA256_signed-by_ED25519,RSA-SHA256_signed-by_ED25519,10.155,3063.69,1208.46,0.222222,0,0,131.333,24,1792.97,1664.67,1446,1443
1,5,84,RSA-SHA256_signed-by_ED25519,RSA-SHA256_signed-by_ED25519,12.3,2529.37,1018.51,0.2,0,0,122,15,1232.89,1216.47,1446,1443
1,1,81,RSA-SHA256_signed-by_ED25519,RSA-SHA256_signed-by_ED25519,11.115,2799.05,1250.9,0.25,5,0.416667,106,24,1209.53,1219.7,1446,1443
1,6,92,RSA-SHA256_signed-by_ED25519,RSA-SHA256_signed-by_ED25519,10.763,2890.62,1140.19,0.222222,0,0,142,10,1243.45,1209.94,1446,1443
1,2,80,RSA-SHA256_signed-by_ED25519,RSA-SHA256_signed-by_ED25519,10.013,3107.12,1244.76,0.8,5,0.5,114,24,1205.46,1220.29,1446,1443
1,4,6,RSA-SHA256_signed-by_ED25519,RSA-SHA256_signed-by_ED25519,8.651,3595.96,1418.41,0.888889,3,0.333333,134.889,24,1241.18,1205.05,1446,1443
1,8,89,RSA-SHA256_signed-by_ED25519,RSA-SHA256_signed-by_ED25519,14.352,2167.69,790.381,1,0,0,116.222,17,1223.86,1214.16,1446,1443
1,3,80,RSA-SHA256_signed-by_ED25519,RSA-SHA256_signed-by_ED25519,14.668,2121,738.45,1,0,0,148.857,24,1255.36,1218.05,1446,1443
1,5,85,RSA-SHA256_signed-by_ED25519,RSA-SHA256_signed-by_ED25519,17.767,1751.05,968.955,1,8,0.571429,116.857,15,1233.88,1224.4,1446,1443
1,7,82,RSA-SHA256_signed-by_ED25519,RSA-SHA256_signed-by_ED25519,40.568,766.908,754.879,1,22,0.846154,96.4615,17,1240.7,1198.34,1446,1443
1,1,82,RSA-SHA256_signed-by_ED25519,RSA-SHA256_signed-by_ED25519,17.523,1775.44,700.316,1,0,0,122.444,24,1259.93,1221.62,1446,1443
1,6,93,RSA-SHA256_signed-by_ED25519,RSA-SHA256_signed-by_ED25519,18.879,1647.91,1900.88,1,17,0.85,128,10,1224.01,1214.87,1446,1443
1,8,90,RSA-SHA256_signed-by_ED25519,RSA-SHA256_signed-by_ED25519,12.101,2570.83,1148.91,0.583333,5,0.416667,894.667,17,1242.21,1212.66,1446,1443
1,4,7,RSA-SHA256_signed-by_ED25519,RSA-SHA256_signed-by_ED25519,21.987,1414.96,1193.39,1,23,1.04545,274.727,24,1232.42,1198.02,1446,1443
1,3,81,RSA-SHA256_signed-by_ED25519,RSA-SHA256_signed-by_ED25519,13.772,2259.07,995.639,0.545455,0,0,171.091,24,1239.27,1196.21,1446,1443
1,5,86,RSA-SHA256_signed-by_ED25519,RSA-SHA256_signed-by_ED25519,11.053,2814.78,1110.28,1,0,0,131.333,15,1228.46,1195.59,1446,1443
1,7,83,RSA-SHA256_signed-by_ED25519,RSA-SHA256_signed-by_ED25519,11.695,2660.25,1049.33,1,0,0,142,17,1248.88,1230.05,1446,1443
1,1,83,RSA-SHA256_signed-by_ED25519,RSA-SHA256_signed-by_ED25519,10.393,2993.27,1199.16,1,5,0.5,114,24,1237.05,1210.12,1446,1443
1,6,94,RSA-SHA256_signed-by_ED25519,RSA-SHA256_signed-by_ED25519,9.378,3317.24,1308.47,1,3,0.333333,329.556,10,1260.14,1196.5,1446,1443
1,8,91,RSA-SHA256_signed-by_ED25519,RSA-SHA256_signed-by_ED25519,15.113,2058.56,958.083,1,0,0,130.571,17,1248.37,1208.29,1446,1443
1,7,84,RSA-SHA256_signed-by_ED25519,RSA-SHA256_signed-by_ED25519,12.681,2453.37,967.722,1,0,0,142,17,1243.98,1217.95,1446,1443
1,5,87,RSA-SHA256_signed-by_ED25519,RSA-SHA256_signed-by_ED25519,15.892,1957.64,772.181,1,0,0,131.333,15,1233.36,1218.99,1446,1443
1,1,84,RSA-SHA256_signed-by_ED25519,RSA-SHA256_signed-by_ED25519,16.117,1930.3,850.74,1,3,0.272727,158,24,1215.08,1217.71,1446,1443
1,4,8,RSA-SHA256_signed-by_ED25519,RSA-SHA256_signed-by_ED25519,20.376,1526.88,894.378,1,9,0.75,150.667,24,1237.6,1197.39,1446,1443
1,3,82,RSA-SHA256_signed-by_ED25519,RSA-SHA256_signed-by_ED25519,20.927,1486.68,1155.24,1,18,1.2,159.067,24,1229.41,1218.82,1446,1443
1,6,95,RSA-SHA256_signed-by_ED25519,RSA-SHA256_signed-by_ED25519,18.462,1685.1,763.475,1,3,0.230769,162.923,10,1704.76,1692.49,1446,1443
1,2,81,RSA-SHA256_signed-by_ED25519,RSA-SHA256_signed-by_ED25519,47.431,655.935,722.557,1,40,1.33333,424.133,24,1232.94,1218.59,1446,1443
1,8,92,RSA-SHA256_signed-by_ED25519,RSA-SHA256_signed-by_ED25519,14.197,2191.38,882.412,1,0,0,114,17,1236.82,1213.53,1446,1443
1,5,88,RSA-SHA256_signed-by_ED25519,RSA-SHA256_signed-by_ED25519,15.332,2029.14,1176.06,1,2,0.181818,134,15,1256.61,1215.87,1446,1443
1,1,85,RSA-SHA256_signed-by_ED25519,RSA-SHA256_signed-by_ED25519,14.141,2200.07,983.212,1,2,0.166667,148,24,1224.31,1201.16,1446,1443
1,3,83,RSA-SHA256_signed-by_ED25519,RSA-SHA256_signed-by_ED25519,14.356,2167.1,872.637,1,3,0.3,315.2,24,1249.96,1214.75,1446,1443
1,6,96,RSA-SHA256_signed-by_ED25519,RSA-SHA256_signed-by_ED25519,14.11,2204.88,869.707,1,0,0,142,10,1239.31,1207.7,1446,1443
1,7,85,RSA-SHA256_signed-by_ED25519,RSA-SHA256_signed-by_ED25519,22.063,1410.12,1078.35,1,21,0.954545,105.636,17,1239.45,1205.69,1446,1443
1,4,9,RSA-SHA256_signed-by_ED25519,RSA-SHA256_signed-by_ED25519,17.726,1755.08,1378.25,1,18,1.125,160,24,1229.88,1216.34,1446,1443
1,2,82,RSA-SHA256_signed-by_ED25519,RSA-SHA256_signed-by_ED25519,14.302,2175.28,1418.49,1,14,0.736842,123.053,24,1226.04,1222.45,1446,1443
1,5,89,RSA-SHA256_signed-by_ED25519,RSA-SHA256_signed-by_ED25519,11.23,2770.35,1115.55,1,0,0,140.4,15,1270.7,1220.2,1446,1443
1,8,93,RSA-SHA256_signed-by_ED25519,RSA-SHA256_signed-by_ED25519,20.892,1489.15,1069.86,1,17,0.85,102.4,17,1247.53,1220.12,1446,1443
1,1,86,RSA-SHA256_signed-by_ED25519,RSA-SHA256_signed-by_ED25519,17.944,1733.83,962.994,1,7,0.5,123.143,24,1223.57,1217.56,1446,1443
1,4,10,RSA-SHA256_signed-by_ED25519,RSA-SHA256_signed-by_ED25519,13.618,2284.54,901.125,1,0,0,131.333,24,1223.46,1197.64,1446,1443
1,6,97,RSA-SHA256_signed-by_ED25519,RSA-SHA256_signed-by_ED25519,15.724,1978.54,1146.73,1,2,0.181818,144.909,10,1240.43,1192.32,1446,1443
1,2,83,RSA-SHA256_signed-by_ED25519,RSA-SHA256_signed-by_ED25519,14.155,2197.87,866.942,0.666667,0,0,122.444,24,1261.42,1220.69,1446,1443
1,7,86,RSA-SHA256_signed-by_ED25519,RSA-SHA256_signed-by_ED25519,18.694,1664.28,991.12,1,12,0.8,122.267,17,1222.49,1219.19,1446,1443
1,3,84,RSA-SHA256_signed-by_ED25519,RSA-SHA256_signed-by_ED25519,20.678,1504.58,694.064,1,3,0.214286,142.571,24,1238.17,1220.87,1446,1443
1,5,90,RSA-SHA256_signed-by_ED25519,RSA-SHA256_signed-by_ED25519,13.846,2246.94,1004.16,0.75,5,0.416667,113.333,15,1233.76,1195.43,1446,1443
1,8,94,RSA-SHA256_signed-by_ED25519,RSA-SHA256_signed-by_ED25519,15.241,2041.26,805.165,1,0,0,122.444,17,1227.55,1221.94,1446,1443
1,1,87,RSA-SHA256_signed-by_ED25519,RSA-SHA256_signed-by_ED25519,11.305,2751.99,1085.51,1,0,0,122.444,24,1233.23,1203.79,1446,1443
1,4,11,RSA-SHA256_signed-by_ED25519,RSA-SHA256_signed-by_ED25519,12.653,2458.76,990.08,0.9,0,0,122,24,1243.31,1231.04,1446,1443
1,6,98,RSA-SHA256_signed-by_ED25519,RSA-SHA256_signed-by_ED25519,16.715,1861.25,734.161,1,0,0,146,10,1209.6,1213.23,1446,1443
1,7,87,RSA-SHA256_signed-by_ED25519,RSA-SHA256_signed-by_ED25519,14.56,2136.74,954.913,0.666667,2,0.166667,172,17,1276.19,1204.6,1446,1443
1,3,85,RSA-SHA256_signed-by_ED25519,RSA-SHA256_signed-by_ED25519,14.987,2075.86,848.706,0.727273,5,0.454545,114.364,24,1229.83,1202.54,1446,1443
1,5,91,RSA-SHA256_signed-by_ED25519,RSA-SHA256_signed-by_ED25519,16.231,1916.75,756.053,1,0,0,131.333,15,1224.89,1221.4,1446,1443
1,1,88,RSA-SHA256_signed-by_ED25519,RSA-SHA256_signed-by_ED25519,13.382,2324.87,917.036,1,0,0,122.444,24,1233.98,1209.33,1446,1443
1,8,95,RSA-SHA256_signed-by_ED25519,RSA-SHA256_signed-by_ED25519,15.936,1952.25,770.057,1,0,0,122.444,17,1706.47,1796.11,1446,1443
1,4,12,RSA-SHA256_signed-by_ED25519,RSA-SHA256_signed-by_ED25519,14.874,2091.65,825.044,1,0,0,130.444,24,1230.11,1191.77,1446,1443
1,7,88,RSA-SHA256_signed-by_ED25519,RSA-SHA256_signed-by_ED25519,9.821,3167.88,1249.56,1,0,0,142,17,1272.93,1225.55,1446,1443
1,6,99,RSA-SHA256_signed-by_ED25519,RSA-SHA256_signed-by_ED25519,11.563,2690.6,1083.43,1,0,0,131.6,10,1230.2,1190.07,1446,1443
1,2,84,RSA-SHA256_signed-by_ED25519,RSA-SHA256_signed-by_ED25519,31.409,990.534,1193.53,0.965517,37,1.27586,147.517,24,1226.42,1212.24,1446,1443
1,3,86,RSA-SHA256_signed-by_ED25519,RSA-SHA256_signed-by_ED25519,15.401,2020.03,1304.79,1,15,0.833333,137.556,24,1263.88,1230.43,1446,1443
1,5,92,RSA-SHA256_signed-by_ED25519,RSA-SHA256_signed-by_ED25519,13.37,2326.92,917.844,1,0,0,131.333,15,1245.33,1209.39,1446,1443
1,8,96,RSA-SHA256_signed-by_ED25519,RSA-SHA256_signed-by_ED25519,11.467,2713.08,1070.16,1,0,0,122.444,17,1249.92,1217.91,1446,1443
1,4,13,RSA-SHA256_signed-by_ED25519,RSA-SHA256_signed-by_ED25519,11.915,2611.07,1051.41,1,0,0,122,24,1247.96,1208.69,1446,1443
1,7,89,RSA-SHA256_signed-by_ED25519,RSA-SHA256_signed-by_ED25519,16.505,1884.99,1741.04,1,14,0.777778,132.667,17,1273,1221.74,1446,1443
1,1,89,RSA-SHA256_signed-by_ED25519,RSA-SHA256_signed-by_ED25519,21.696,1433.95,1231.53,1,22,1,121.091,24,1236.29,1198.81,1446,1443
1,2,85,RSA-SHA256_signed-by_ED25519,RSA-SHA256_signed-by_ED25519,13.612,2285.5,1258.82,1,7,0.5,109.143,24,1222.23,1199.69,1446,1443
1,5,93,RSA-SHA256_signed-by_ED25519,RSA-SHA256_signed-by_ED25519,11.777,2641.64,1445.46,1,7,0.538462,122.923,15,1229.37,1196.26,1446,1443
1,3,87,RSA-SHA256_signed-by_ED25519,RSA-SHA256_signed-by_ED25519,14.484,2147.9,995.246,1,2,0.142857,134.571,24,1233.08,1228.06,1446,1443
1,8,97,RSA-SHA256_signed-by_ED25519,RSA-SHA256_signed-by_ED25519,13.261,2346.02,1048.44,1,5,0.416667,110,17,1226.06,1189.66,1446,1443
1,4,14,RSA-SHA256_signed-by_ED25519,RSA-SHA256_signed-by_ED25519,14.065,2211.91,1313.83,1,9,0.692308,132.154,24,1236,1220.2,1446,1443
1,1,90,RSA-SHA256_signed-by_ED25519,RSA-SHA256_signed-by_ED25519,13.366,2327.62,1288,0.785714,8,0.571429,109.429,24,1270.69,1218.45,1446,1443
1,5,94,RSA-SHA256_signed-by_ED25519,RSA-SHA256_signed-by_ED25519,12.61,2467.17,973.167,1,0,0,131.333,15,1233.59,1221.52,1446,1443
1,2,86,RSA-SHA256_signed-by_ED25519,RSA-SHA256_signed-by_ED25519,13.86,2244.66,917.719,1,4,0.363636,107.091,24,1289.27,1307.8,1446,1443
1,7,90,RSA-SHA256_signed-by_ED25519,RSA-SHA256_signed-by_ED25519,16.299,1908.74,1118.05,1,9,0.75,164,17,1248.43,1204.12,1446,1443
1,3,88,RSA-SHA256_signed-by_ED25519,RSA-SHA256_signed-by_ED25519,12.305,2528.34,997.294,1,0,0,131.333,24,1252.59,1193.27,1446,1443
1,8,98,RSA-SHA256_signed-by_ED25519,RSA-SHA256_signed-by_ED25519,11.733,2651.62,1708.65,1,15,0.9375,118,17,1232.89,1201.58,1446,1443
1,4,15,RSA-SHA256_signed-by_ED25519,RSA-SHA256_signed-by_ED25519,13.463,2310.86,930.524,1,0,0,114,24,1706,1677.14,1446,1443
1,3,89,RSA-SHA256_signed-by_ED25519,RSA-SHA256_signed-by_ED25519,10.523,2956.51,1166.18,0.555556,0,0,131.333,24,1245.58,1236.05,1446,1443
1,7,91,RSA-SHA256_signed-by_ED25519,RSA-SHA256_signed-by_ED25519,12.887,2414.13,991.973,1,0,0,123.091,17,1241.91,1206.94,1446,1443
1,8,99,RSA-SHA256_signed-by_ED25519,RSA-SHA256_signed-by_ED25519,12.585,2472.07,975.097,0.777778,0,0,122.444,17,1232.54,1199.67,1446,1443
1,5,95,RSA-SHA256_signed-by_ED25519,RSA-SHA256_signed-by_ED25519,15.356,2025.96,1199.22,1,14,1.07692,142,15,1701.98,1699.17,1446,1443
1,2,87,RSA-SHA256_signed-by_ED25519,RSA-SHA256_signed-by_ED25519,16.625,1871.3,851.685,1,2,0.153846,139.538,24,1232.4,1221.37,1446,1443
1,1,91,RSA-SHA256_signed-by_ED25519,RSA-SHA256_signed-by_ED25519,20.487,1518.61,1661.14,1,39,1.44444,148.815,24,1268.4,1219.91,1446,1443
1,4,16,RSA-SHA256_signed-by_ED25519,RSA-SHA256_signed-by_ED25519,13.246,2348.71,926.438,1,0,0,122.444,24,1237.84,1207.34,1446,1443
1,7,92,RSA-SHA256_signed-by_ED25519,RSA-SHA256_signed-by_ED25519,12.051,2581.6,1039.54,1,0,0,131.6,17,1259,1223.17,1446,1443
1,5,96,RSA-SHA256_signed-by_ED25519,RSA-SHA256_signed-by_ED25519,11.556,2692.17,1826.17,1,13,0.8125,212.25,15,1254.29,1202.32,1446,1443
1,2,88,RSA-SHA256_signed-by_ED25519,RSA-SHA256_signed-by_ED25519,11.117,2798.48,1809.05,1,14,0.875,118,24,1224.01,1201.99,1446,1443
1,4,17,RSA-SHA256_signed-by_ED25519,RSA-SHA256_signed-by_ED25519,10.858,2865.2,1153.74,1,0,0,114,24,1325.45,1219.23,1446,1443
1,3,90,RSA-SHA256_signed-by_ED25519,RSA-SHA256_signed-by_ED25519,19.826,1569.22,1180.65,1,19,0.95,108.4,24,1233.35,1238.76,1446,1443
1,1,92,RSA-SHA256_signed-by_ED25519,RSA-SHA256_signed-by_ED25519,14.915,2085.95,1778.61,0.761905,21,1,110.762,24,1205,1216.57,1446,1443
1,7,93,RSA-SHA256_signed-by_ED25519,RSA-SHA256_signed-by_ED25519,10.028,3102.41,1223.73,0.555556,0,0,142,17,1241.9,1209.32,1446,1443
1,5,97,RSA-SHA256_signed-by_ED25519,RSA-SHA256_signed-by_ED25519,13.604,2286.89,939.69,0.454545,0,0,114.364,15,1226.9,1206.25,1446,1443
1,2,89,RSA-SHA256_signed-by_ED25519,RSA-SHA256_signed-by_ED25519,13.359,2328.85,918.603,1,0,0,122.444,24,1275.52,1191.85,1446,1443
1,4,18,RSA-SHA256_signed-by_ED25519,RSA-SHA256_signed-by_ED25519,12.233,2543.23,1407.31,1,11,0.785714,109.429,24,1221.51,1215.3,1446,1443
1,3,91,RSA-SHA256_signed-by_ED25519,RSA-SHA256_signed-by_ED25519,14.069,2211.31,890.436,1,0,0,206,24,1241.32,1219.19,1446,1443
1,7,94,RSA-SHA256_signed-by_ED25519,RSA-SHA256_signed-by_ED25519,11.636,2673.72,1809.52,1,12,0.75,124.5,17,1227.66,1215.76,1446,1443
1,1,93,RSA-SHA256_signed-by_ED25519,RSA-SHA256_signed-by_ED25519,15.022,2071,1133.22,1,10,0.769231,195.538,24,1226.82,1202.2,1446,1443
1,2,90,RSA-SHA256_signed-by_ED25519,RSA-SHA256_signed-by_ED25519,9.675,3215.62,1294.85,1,0,0,114,24,1251.59,1197.59,1446,1443
1,4,19,RSA-SHA256_signed-by_ED25519,RSA-SHA256_signed-by_ED25519,9.5,3274.91,1463.56,1,2,0.166667,149,24,1223.67,1201.45,1446,1443
1,5,98,RSA-SHA256_signed-by_ED25519,RSA-SHA256_signed-by_ED25519,16.529,1882.26,1169.33,1,12,0.8,133.733,15,1229.31,1203.51,1446,1443
1,7,95,RSA-SHA256_signed-by_ED25519,RSA-SHA256_signed-by_ED25519,9.893,3144.82,1386.02,1,2,0.181818,185.636,17,1719.15,1672.27,1446,1443
1,1,94,RSA-SHA256_signed-by_ED25519,RSA-SHA256_signed-by_ED25519,8.746,3556.91,1589.59,0.75,2,0.166667,148,24,1222.91,1189.63,1446,1443
1,2,91,RSA-SHA256_signed-by_ED25519,RSA-SHA256_signed-by_ED25519,10.801,2880.42,1710.92,1,12,0.923077,165.385,24,1205.83,1238.41,1446,1443
1,4,20,RSA-SHA256_signed-by_ED25519,RSA-SHA256_signed-by_ED25519,11.289,2755.88,1087.05,1,0,0,122.444,24,1233.35,1204.08,1446,1443
1,3,92,RSA-SHA256_signed-by_ED25519,RSA-SHA256_signed-by_ED25519,19.16,1623.78,914.393,1,9,0.5625,105.25,24,1224.12,1205.16,1446,1443
1,5,99,RSA-SHA256_signed-by_ED25519,RSA-SHA256_signed-by_ED25519,9.164,3394.67,1339.01,1,0,0,131.333,15,1232.96,1200.82,1446,1443
1,7,96,RSA-SHA256_signed-by_ED25519,RSA-SHA256_signed-by_ED25519,10.649,2921.53,1152.39,1,0,0,142,17,1237.93,1204.94,1446,1443
1,1,95,RSA-SHA256_signed-by_ED25519,RSA-SHA256_signed-by_ED25519,12.945,2403.33,1867.54,0.733333,18,1.2,170.267,24,1793.09,1678.85,1446,1443
1,2,92,RSA-SHA256_signed-by_ED25519,RSA-SHA256_signed-by_ED25519,10.239,3038.55,1376.68,0.0769231,3,0.230769,254,24,1239.57,1210.26,1446,1443
1,4,21,RSA-SHA256_signed-by_ED25519,RSA-SHA256_signed-by_ED25519,9.191,3385.04,1335.21,0,0,0,122.444,24,1247.87,1224.21,1446,1443
1,3,93,RSA-SHA256_signed-by_ED25519,RSA-SHA256_signed-by_ED25519,9.579,3247.93,1281.13,0.333333,0,0,127.778,24,1227.98,1219.39,1446,1443
1,7,97,RSA-SHA256_signed-by_ED25519,RSA-SHA256_signed-by_ED25519,8.773,3545.94,1427.86,1,0,0,131.6,17,1245.51,1229.31,1446,1443
1,3,94,RSA-SHA256_signed-by_ED25519,RSA-SHA256_signed-by_ED25519,6.651,4677.79,1922.12,0.818182,0,0,104.909,24,1308.63,1219.73,1446,1443
1,4,22,RSA-SHA256_signed-by_ED25519,RSA-SHA256_signed-by_ED25519,8.886,3501.14,1915.77,0.923077,7,0.538462,114.923,24,1229.47,1201.24,1446,1443
1,1,96,RSA-SHA256_signed-by_ED25519,RSA-SHA256_signed-by_ED25519,11.797,2637.14,1845.79,0.705882,14,0.823529,119.412,24,1244.97,1190.12,1446,1443
1,7,98,RSA-SHA256_signed-by_ED25519,RSA-SHA256_signed-by_ED25519,6.515,4775.42,1883.64,0,0,0,142,17,1238.1,1195,1446,1443
1,2,93,RSA-SHA256_signed-by_ED25519,RSA-SHA256_signed-by_ED25519,12.294,2530.53,1384.67,0.923077,7,0.538462,114.923,24,1231.19,1212.21,1446,1443
1,3,95,RSA-SHA256_signed-by_ED25519,RSA-SHA256_signed-by_ED25519,7.344,4235.83,1670.81,0.666667,0,0,122.444,24,1719.41,1728.78,1446,1443
1,4,23,RSA-SHA256_signed-by_ED25519,RSA-SHA256_signed-by_ED25519,7.426,4189.05,1678.2,0.6,4,0.4,114,24,1221.46,1214.69,1446,1443
1,1,97,RSA-SHA256_signed-by_ED25519,RSA-SHA256_signed-by_ED25519,7.253,4288.97,1691.77,0.666667,0,0,122.444,24,1236.74,1191.3,1446,1443
1,7,99,RSA-SHA256_signed-by_ED25519,RSA-SHA256_signed-by_ED25519,8.015,3881.7,1577.04,0.727273,0,0,122.727,17,1218.1,1216.74,1446,1443
1,2,94,RSA-SHA256_signed-by_ED25519,RSA-SHA256_signed-by_ED25519,10.66,2918.45,1688.49,0.533333,8,0.533333,105.733,24,1226.41,1196.73,1446,1443
1,3,96,RSA-SHA256_signed-by_ED25519,RSA-SHA256_signed-by_ED25519,6.972,4461.84,1796.67,0.7,0,0,111.6,24,1242.29,1216.73,1446,1443
1,1,98,RSA-SHA256_signed-by_ED25519,RSA-SHA256_signed-by_ED25519,6.333,4912.08,1937.55,0.777778,0,0,122.444,24,1238.08,1188.71,1446,1443
1,4,24,RSA-SHA256_signed-by_ED25519,RSA-SHA256_signed-by_ED25519,11.751,2647.5,1221.29,0.714286,3,0.214286,138.571,24,1238.27,1222.98,1446,1443
1,1,99,RSA-SHA256_signed-by_ED25519,RSA-SHA256_signed-by_ED25519,6.658,4672.25,1842.95,0.444444,0,0,170.444,24,1230.41,1219.57,1446,1443
1,3,97,RSA-SHA256_signed-by_ED25519,RSA-SHA256_signed-by_ED25519,8.743,3558.48,2058.78,0.4,9,0.6,104.133,24,1246.36,1191.12,1446,1443
1,2,95,RSA-SHA256_signed-by_ED25519,RSA-SHA256_signed-by_ED25519,11.557,2691.96,1677.89,0.733333,11,0.733333,120.667,24,1710.05,1698.45,1446,1443
1,4,25,RSA-SHA256_signed-by_ED25519,RSA-SHA256_signed-by_ED25519,7.17,4339.19,1782.98,0.272727,0,0,104.909,24,1242.37,1233.03,1446,1443
1,3,98,RSA-SHA256_signed-by_ED25519,RSA-SHA256_signed-by_ED25519,5.951,5227.21,2346.8,0.0833333,1,0.0833333,123,24,1230.01,1212.84,1446,1443
1,2,96,RSA-SHA256_signed-by_ED25519,RSA-SHA256_signed-by_ED25519,5.904,5268.76,2121.59,0.1,0,0,111.6,24,1243.5,1218.6,1446,1443
1,4,26,RSA-SHA256_signed-by_ED25519,RSA-SHA256_signed-by_ED25519,6.137,5068.84,2082.8,0.0909091,0,0,104.909,24,1233.43,1204.14,1446,1443
1,3,99,RSA-SHA256_signed-by_ED25519,RSA-SHA256_signed-by_ED25519,5.388,5773.55,2324.86,0,0,0,111.6,24,1213.79,1200.54,1446,1443
1,2,97,RSA-SHA256_signed-by_ED25519,RSA-SHA256_signed-by_ED25519,5.608,5547.08,2233.66,0.3,0,0,114.4,24,1234.63,1214.51,1446,1443
1,4,27,RSA-SHA256_signed-by_ED25519,RSA-SHA256_signed-by_ED25519,5.826,5339.55,2194.03,0.272727,0,0,104.909,24,1247.33,1196.28,1446,1443
1,2,98,RSA-SHA256_signed-by_ED25519,RSA-SHA256_signed-by_ED25519,5.393,5768.25,2322.73,0,0,0,111.6,24,1240.56,1201,1446,1443
1,4,28,RSA-SHA256_signed-by_ED25519,RSA-SHA256_signed-by_ED25519,4.608,6750.96,2718.44,0,0,0,111.6,24,1235.19,1383.59,1446,1443
1,2,99,RSA-SHA256_signed-by_ED25519,RSA-SHA256_signed-by_ED25519,4.595,6770.27,2726.21,0,0,0,111.6,24,1197.35,1203.87,1446,1443
1,4,29,RSA-SHA256_signed-by_ED25519,RSA-SHA256_signed-by_ED25519,4.376,7109.07,2862.64,0,0,0,111.6,24,1239.16,1203.34,1446,1443
1,4,30,RSA-SHA256_signed-by_ED25519,RSA-SHA256_signed-by_ED25519,4.319,7203.04,2900.48,0,0,0,111.6,24,1255.65,1204.57,1446,1443
1,4,31,RSA-SHA256_signed-by_ED25519,RSA-SHA256_signed-by_ED25519,4.684,6641.91,2674.53,0,0,0,111.6,24,1716.32,1685.34,1446,1443
1,4,32,RSA-SHA256_signed-by_ED25519,RSA-SHA256_signed-by_ED25519,5.514,5642.06,2271.91,0,0,0,111.6,24,1246.78,1205.66,1446,1443
1,4,33,RSA-SHA256_signed-by_ED25519,RSA-SHA256_signed-by_ED25519,4.203,7401.99,2980.59,0,0,0,111.6,24,1228.14,1210.23,1446,1443
1,4,34,RSA-SHA256_signed-by_ED25519,RSA-SHA256_signed-by_ED25519,4.248,7323.59,2949.02,0,0,0,111.6,24,1235.18,1207.99,1446,1443
1,4,35,RSA-SHA256_signed-by_ED25519,RSA-SHA256_signed-by_ED25519,4.143,7509.19,3023.76,0,0,0,111.6,24,1265.47,1201.92,1446,1443
1,4,36,RSA-SHA256_signed-by_ED25519,RSA-SHA256_signed-by_ED25519,4.301,7233.34,2912.68,0,0,0,111.6,24,1233.3,1210.41,1446,1443
1,4,37,RSA-SHA256_signed-by_ED25519,RSA-SHA256_signed-by_ED25519,4.288,7255.27,2921.51,0,0,0,111.6,24,1229.61,1207.41,1446,1443
1,4,38,RSA-SHA256_signed-by_ED25519,RSA-SHA256_signed-by_ED25519,4.276,7275.63,2929.71,0,0,0,111.6,24,1237.55,1206.97,1446,1443
1,4,39,RSA-SHA256_signed-by_ED25519,RSA-SHA256_signed-by_ED25519,4.156,7485.7,3014.3,0,0,0,111.6,24,1229.25,1202.86,1446,1443
1,4,40,RSA-SHA256_signed-by_ED25519,RSA-SHA256_signed-by_ED25519,4.284,7262.05,2924.24,0,0,0,111.6,24,1267.29,1206.31,1446,1443
1,4,41,RSA-SHA256_signed-by_ED25519,RSA-SHA256_signed-by_ED25519,4.196,7414.34,2985.56,0,0,0,111.6,24,1231.02,1231.81,1446,1443
1,4,42,RSA-SHA256_signed-by_ED25519,RSA-SHA256_signed-by_ED25519,4.215,7380.92,2972.11,0,0,0,111.6,24,1227.31,1207.2,1446,1443
1,4,43,RSA-SHA256_signed-by_ED25519,RSA-SHA256_signed-by_ED25519,4.154,7489.3,3015.75,0,0,0,111.6,24,1232.42,1212.43,1446,1443
1,4,44,RSA-SHA256_signed-by_ED25519,RSA-SHA256_signed-by_ED25519,4.206,7396.71,2978.47,0,0,0,111.6,24,1231.38,1204.48,1446,1443
1,4,45,RSA-SHA256_signed-by_ED25519,RSA-SHA256_signed-by_ED25519,4.19,7424.96,2989.84,0,0,0,111.6,24,1230.93,1205.45,1446,1443
1,4,46,RSA-SHA256_signed-by_ED25519,RSA-SHA256_signed-by_ED25519,4.177,7448.07,2999.14,0,0,0,111.6,24,1232.87,1203.5,1446,1443
1,4,47,RSA-SHA256_signed-by_ED25519,RSA-SHA256_signed-by_ED25519,4.707,6609.46,2661.46,0,0,0,111.6,24,1765.66,1684.87,1446,1443
1,4,48,RSA-SHA256_signed-by_ED25519,RSA-SHA256_signed-by_ED25519,4.263,7297.82,2938.64,0,0,0,111.6,24,1231.44,1220.86,1446,1443
1,4,49,RSA-SHA256_signed-by_ED25519,RSA-SHA256_signed-by_ED25519,4.17,7460.57,3004.18,0,0,0,111.6,24,1236.43,1206.27,1446,1443
1,4,50,RSA-SHA256_signed-by_ED25519,RSA-SHA256_signed-by_ED25519,4.337,7173.3,2888.5,0,0,0,111.6,24,1230.58,1212.69,1446,1443
1,4,51,RSA-SHA256_signed-by_ED25519,RSA-SHA256_signed-by_ED25519,4.191,7423.19,2989.13,0,0,0,111.6,24,1234.67,1205.2,1446,1443
1,4,52,RSA-SHA256_signed-by_ED25519,RSA-SHA256_signed-by_ED25519,4.34,7168.35,2886.51,0,0,0,111.6,24,1228.16,1203.6,1446,1443
1,4,53,RSA-SHA256_signed-by_ED25519,RSA-SHA256_signed-by_ED25519,4.222,7368.68,2967.18,0,0,0,111.6,24,1246.21,1202.62,1446,1443
1,4,54,RSA-SHA256_signed-by_ED25519,RSA-SHA256_signed-by_ED25519,4.255,7311.54,2944.17,0,0,0,111.6,24,1245.78,1207.44,1446,1443
1,4,55,RSA-SHA256_signed-by_ED25519,RSA-SHA256_signed-by_ED25519,4.225,7363.45,2965.07,0,0,0,111.6,24,1238.17,1208.6,1446,1443
1,4,56,RSA-SHA256_signed-by_ED25519,RSA-SHA256_signed-by_ED25519,4.51,6897.55,2777.47,0,0,0,111.6,24,1230.86,1210.53,1446,1443
1,4,57,RSA-SHA256_signed-by_ED25519,RSA-SHA256_signed-by_ED25519,4.276,7275.63,2929.71,0,0,0,111.6,24,1240.81,1205.47,1446,1443
1,4,58,RSA-SHA256_signed-by_ED25519,RSA-SHA256_signed-by_ED25519,4.16,7478.5,3011.4,0,0,0,111.6,24,1234.08,1204.04,1446,1443
1,4,59,RSA-SHA256_signed-by_ED25519,RSA-SHA256_signed-by_ED25519,4.235,7346.07,2958.07,0,0,0,111.6,24,1307.03,1261.39,1446,1443
1,4,60,RSA-SHA256_signed-by_ED25519,RSA-SHA256_signed-by_ED25519,4.189,7426.73,2990.55,0,0,0,111.6,24,1265.34,1244.53,1446,1443
1,4,61,RSA-SHA256_signed-by_ED25519,RSA-SHA256_signed-by_ED25519,4.204,7400.23,2979.88,0,0,0,111.6,24,1241.96,1217.06,1446,1443
1,4,62,RSA-SHA256_signed-by_ED25519,RSA-SHA256_signed-by_ED25519,4.314,7211.55,2903.9,0,0,0,111.6,24,1242.11,1212.57,1446,1443
1,4,63,RSA-SHA256_signed-by_ED25519,RSA-SHA256_signed-by_ED25519,4.674,6656.12,2680.25,0,0,0,111.6,24,1730.49,1694.12,1446,1443
1,4,64,RSA-SHA256_signed-by_ED25519,RSA-SHA256_signed-by_ED25519,4.359,7137.1,2873.93,0,0,0,111.6,24,1240.1,1220.45,1446,1443
1,4,65,RSA-SHA256_signed-by_ED25519,RSA-SHA256_signed-by_ED25519,4.235,7346.07,2958.07,0,0,0,111.6,24,1253.55,1209.59,1446,1443
1,4,66,RSA-SHA256_signed-by_ED25519,RSA-SHA256_signed-by_ED25519,4.196,7414.34,2985.56,0,0,0,111.6,24,1235.01,1210.05,1446,1443
1,4,67,RSA-SHA256_signed-by_ED25519,RSA-SHA256_signed-by_ED25519,4.211,7387.93,2974.93,0,0,0,111.6,24,1274.47,1202.99,1446,1443
1,4,68,RSA-SHA256_signed-by_ED25519,RSA-SHA256_signed-by_ED25519,4.188,7428.5,2991.27,0,0,0,111.6,24,1247.78,1210.81,1446,1443
1,4,69,RSA-SHA256_signed-by_ED25519,RSA-SHA256_signed-by_ED25519,4.211,7387.93,2974.93,0,0,0,111.6,24,1234.53,1213.45,1446,1443
1,4,70,RSA-SHA256_signed-by_ED25519,RSA-SHA256_signed-by_ED25519,4.2,7407.28,2982.72,0,0,0,111.6,24,1229.69,1208.01,1446,1443
1,4,71,RSA-SHA256_signed-by_ED25519,RSA-SHA256_signed-by_ED25519,4.211,7387.93,2974.93,0,0,0,111.6,24,1227.98,1204.87,1446,1443
1,4,72,RSA-SHA256_signed-by_ED25519,RSA-SHA256_signed-by_ED25519,4.276,7275.63,2929.71,0,0,0,111.6,24,1227,1209.11,1446,1443
1,4,73,RSA-SHA256_signed-by_ED25519,RSA-SHA256_signed-by_ED25519,4.307,7223.27,2908.62,0,0,0,111.6,24,1229.9,1210.84,1446,1443
1,4,74,RSA-SHA256_signed-by_ED25519,RSA-SHA256_signed-by_ED25519,4.16,7478.5,3011.4,0,0,0,111.6,24,1238.76,1205.93,1446,1443
1,4,75,RSA-SHA256_signed-by_ED25519,RSA-SHA256_signed-by_ED25519,4.264,7296.11,2937.95,0,0,0,111.6,24,1233.86,1211.55,1446,1443
1,4,76,RSA-SHA256_signed-by_ED25519,RSA-SHA256_signed-by_ED25519,4.246,7327.04,2950.41,0,0,0,111.6,24,1235.27,1214.83,1446,1443
1,4,77,RSA-SHA256_signed-by_ED25519,RSA-SHA256_signed-by_ED25519,4.234,7347.8,2958.77,0,0,0,111.6,24,1229.34,1213.02,1446,1443
1,4,78,RSA-SHA256_signed-by_ED25519,RSA-SHA256_signed-by_ED25519,4.303,7229.98,2911.33,0,0,0,111.6,24,1233.6,1210.15,1446,1443
1,4,79,RSA-SHA256_signed-by_ED25519,RSA-SHA256_signed-by_ED25519,4.647,6694.8,2695.82,0,0,0,111.6,24,1725.54,1692.49,1446,1443
1,4,80,RSA-SHA256_signed-by_ED25519,RSA-SHA256_signed-by_ED25519,4.149,7497.62,3019.1,0,0,0,111.6,24,1238.98,1209.62,1446,1443
1,4,81,RSA-SHA256_signed-by_ED25519,RSA-SHA256_signed-by_ED25519,4.216,7379.17,2971.4,0,0,0,111.6,24,1240.4,1205.14,1446,1443
1,4,82,RSA-SHA256_signed-by_ED25519,RSA-SHA256_signed-by_ED25519,4.226,7361.71,2964.37,0,0,0,111.6,24,1231.69,1212.59,1446,1443
1,4,83,RSA-SHA256_signed-by_ED25519,RSA-SHA256_signed-by_ED25519,4.17,7460.57,3004.18,0,0,0,111.6,24,1258.77,1209.18,1446,1443
1,4,84,RSA-SHA256_signed-by_ED25519,RSA-SHA256_signed-by_ED25519,4.15,7496.52,3018.66,0,0,0,111.6,24,1247,1216.38,1446,1443
1,4,85,RSA-SHA256_signed-by_ED25519,RSA-SHA256_signed-by_ED25519,4.303,7229.98,2911.33,0,0,0,111.6,24,1230.48,1203.64,1446,1443
1,4,86,RSA-SHA256_signed-by_ED25519,RSA-SHA256_signed-by_ED25519,4.178,7446.28,2998.43,0,0,0,111.6,24,1270.11,1202.71,1446,1443
1,4,87,RSA-SHA256_signed-by_ED25519,RSA-SHA256_signed-by_ED25519,4.12,7551.1,3040.63,0,0,0,111.6,24,1232.39,1204.2,1446,1443
1,4,88,RSA-SHA256_signed-by_ED25519,RSA-SHA256_signed-by_ED25519,4.18,7442.72,2996.99,0,0,0,111.6,24,1246.28,1205.12,1446,1443
1,4,89,RSA-SHA256_signed-by_ED25519,RSA-SHA256_signed-by_ED25519,4.237,7342.6,2956.68,0,0,0,111.6,24,1237.45,1213.72,1446,1443
1,4,90,RSA-SHA256_signed-by_ED25519,RSA-SHA256_signed-by_ED25519,4.226,7361.71,2964.37,0,0,0,111.6,24,1232.51,1216.96,1446,1443
1,4,91,RSA-SHA256_signed-by_ED25519,RSA-SHA256_signed-by_ED25519,4.255,7311.54,2944.17,0,0,0,111.6,24,1238,1212.23,1446,1443
1,4,92,RSA-SHA256_signed-by_ED25519,RSA-SHA256_signed-by_ED25519,4.313,7213.22,2904.58,0,0,0,111.6,24,1233.59,1206.42,1446,1443
1,4,93,RSA-SHA256_signed-by_ED25519,RSA-SHA256_signed-by_ED25519,4.297,7240.08,2915.39,0,0,0,111.6,24,1229.73,1203.15,1446,1443
1,4,94,RSA-SHA256_signed-by_ED25519,RSA-SHA256_signed-by_ED25519,4.396,7077.03,2849.74,0,0,0,111.6,24,1233.43,1208.12,1446,1443
1,4,95,RSA-SHA256_signed-by_ED25519,RSA-SHA256_signed-by_ED25519,4.699,6620.71,2665.99,0,0,0,111.6,24,1714.71,1718.03,1446,1443
1,4,96,RSA-SHA256_signed-by_ED25519,RSA-SHA256_signed-by_ED25519,4.338,7171.65,2887.84,0,0,0,111.6,24,1235.56,1269.47,1446,1443
1,4,97,RSA-SHA256_signed-by_ED25519,RSA-SHA256_signed-by_ED25519,4.23,7354.75,2961.57,0,0,0,111.6,24,1235.56,1207.14,1446,1443
1,4,98,RSA-SHA256_signed-by_ED25519,RSA-SHA256_signed-by_ED25519,4.195,7416.11,2986.28,0,0,0,111.6,24,1242.96,1205.92,1446,1443
1,4,99,RSA-SHA256_signed-by_ED25519,RSA-SHA256_signed-by_ED25519,4.144,7507.37,3023.03,0,0,0,111.6,24,1210.25,1213.53,1446,1443
