scenario,node_id,handshake_index,sta_cert_algo,ap_cert_algo,handshake_delay_ms,goodput_kbps,throughput_kbps,phy_frame_drop_rate,mac_retries,mac_retry_rate,tx_delay_us,prop_delay_ns,cert_verify_ap_us,cert_verify_sta_us,server_cert_msg_bytes,client_cert_msg_bytes
1,8,0,RSA-SHA3-384_signed-by_RSA-SHA3-256,RSA-SHA3-384_signed-by_RSA-SHA3-256,28.65,1460.1,599.23,0.714286,14,0.666667,197.81,14,1171.01,1241.61,2116,2113
1,3,0,RSA-SHA3-384_signed-by_RSA-SHA3-256,RSA-SHA3-384_signed-by_RSA-SHA3-256,43.75,956.149,392.407,1,14,0.666667,188.286,24,1159.13,1156.01,2116,2113
1,2,0,RSA-SHA3-384_signed-by_RSA-SHA3-256,RSA-SHA3-384_signed-by_RSA-SHA3-256,54.773,763.734,175.853,1,1,0.0625,226.75,24,1166.46,1169.48,2116,2113
1,6,0,RSA-SHA3-384_signed-by_RSA-SHA3-256,RSA-SHA3-384_signed-by_RSA-SHA3-256,64.876,644.798,140.329,1,0,0,164.667,8,1172.47,1226.62,2116,2113
1,7,0,RSA-SHA3-384_signed-by_RSA-SHA3-256,RSA-SHA3-384_signed-by_RSA-SHA3-256,68.396,611.612,133.107,1,0,0,155.867,16,1155.16,1223.8,2116,2113
1,5,0,RSA-SHA3-384_signed-by_RSA-SHA3-256,RSA-SHA3-384_signed-by_RSA-SHA3-256,72.6,576.196,148.098,1,8,0.421053,212.526,15,1132.9,1160.67,2116,2113
1,8,1,RSA-SHA3-384_signed-by_RSA-SHA3-256,RSA-SHA3-384_signed-by_RSA-SHA3-256,48.307,865.951,490.855,1,20,0.952381,1052.29,14,1134.3,1118.42,2116,2113
1,6,1,RSA-SHA3-384_signed-by_RSA-SHA3-256,RSA-SHA3-384_signed-by_RSA-SHA3-256,13.963,2995.78,930.417,1,0,0,138.8,8,1161.18,1097.83,2116,2113
1,3,1,RSA-SHA3-384_signed-by_RSA-SHA3-256,RSA-SHA3-384_signed-by_RSA-SHA3-256,36.764,1137.84,638.01,1,20,1,1036.8,24,1141.02,1104.94,2116,2113
1,2,1,RSA-SHA3-384_signed-by_RSA-SHA3-256,RSA-SHA3-384_signed-by_RSA-SHA3-256,27.204,1537.66,477.56,1,0,0,918.8,24,1135.23,1089.1,2116,2113
1,5,1,RSA-SHA3-384_signed-by_RSA-SHA3-256,RSA-SHA3-384_signed-by_RSA-SHA3-256,18.902,2213.05,1073.3,0.947368,11,0.578947,347.263,15,1105.23,1107.93,2116,2113
1,7,1,RSA-SHA3-384_signed-by_RSA-SHA3-256,RSA-SHA3-384_signed-by_RSA-SHA3-256,24.171,1730.63,1040.56,1,22,1.29412,240.588,16,1119.42,1105.58,2116,2113
1,6,2,RSA-SHA3-384_signed-by_RSA-SHA3-256,RSA-SHA3-384_signed-by_RSA-SHA3-256,14.257,2934.12,759.762,1,0,0,164.857,8,1124.8,1099.33,2116,2113
1,3,2,RSA-SHA3-384_signed-by_RSA-SHA3-256,RSA-SHA3-384_signed-by_RSA-SHA3-256,14.821,2822.44,876.582,1,4,0.4,138.8,24,1107.02,1114.35,2116,2113
1,1,0,RSA-SHA3-384_signed-by_RSA-SHA3-256,RSA-SHA3-384_signed-by_RSA-SHA3-256,99.95,418.528,170.325,1,13,0.5,239.231,24,1189.52,1165.93,2116,2113
1,8,2,RSA-SHA3-384_signed-by_RSA-SHA3-256,RSA-SHA3-384_signed-by_RSA-SHA3-256,23.515,1778.9,964.806,0.947368,15,0.789474,125.789,14,1125.6,1103.11,2116,2113
1,2,2,RSA-SHA3-384_signed-by_RSA-SHA3-256,RSA-SHA3-384_signed-by_RSA-SHA3-256,26.002,1608.76,682.391,1,7,0.5,183.714,24,1138.13,1109.18,2116,2113
1,5,2,RSA-SHA3-384_signed-by_RSA-SHA3-256,RSA-SHA3-384_signed-by_RSA-SHA3-256,23.552,1776.11,794.137,1,14,0.777778,206,15,1130.88,1105.12,2116,2113
1,6,3,RSA-SHA3-384_signed-by_RSA-SHA3-256,RSA-SHA3-384_signed-by_RSA-SHA3-256,22.438,1864.29,686.676,1,0,0,192.286,8,1130.21,1095.65,2116,2113
1,3,3,RSA-SHA3-384_signed-by_RSA-SHA3-256,RSA-SHA3-384_signed-by_RSA-SHA3-256,21.052,1987.04,728.848,1,3,0.214286,192.286,24,1130.85,1088.24,2116,2113
1,7,2,RSA-SHA3-384_signed-by_RSA-SHA3-256,RSA-SHA3-384_signed-by_RSA-SHA3-256,24.814,1685.78,523.561,1,4,0.4,149.6,16,1108.36,1115.6,2116,2113
1,8,3,RSA-SHA3-384_signed-by_RSA-SHA3-256,RSA-SHA3-384_signed-by_RSA-SHA3-256,17.51,2388.99,1013.35,1,11,0.785714,136.571,14,1118.9,1112.48,2116,2113
1,2,3,RSA-SHA3-384_signed-by_RSA-SHA3-256,RSA-SHA3-384_signed-by_RSA-SHA3-256,20.459,2044.62,1247.34,1,22,1.15789,295.053,24,1144.21,1221.45,2116,2113
1,6,4,RSA-SHA3-384_signed-by_RSA-SHA3-256,RSA-SHA3-384_signed-by_RSA-SHA3-256,13.536,3090.23,959.751,1,0,0,138.8,8,1128,1101.2,2116,2113
1,5,3,RSA-SHA3-384_signed-by_RSA-SHA3-256,RSA-SHA3-384_signed-by_RSA-SHA3-256,16.759,2496.08,1410.1,1,17,0.809524,714.952,15,1133.14,1101.58,2116,2113
1,3,4,RSA-SHA3-384_signed-by_RSA-SHA3-256,RSA-SHA3-384_signed-by_RSA-SHA3-256,16.706,2503.99,1062.12,1,7,0.5,127.143,24,1122.24,1088.1,2116,2113
1,1,1,RSA-SHA3-384_signed-by_RSA-SHA3-256,RSA-SHA3-384_signed-by_RSA-SHA3-256,37.676,1110.29,612.368,1,17,0.809524,668.857,24,1134.46,1103.32,2116,2113
1,8,4,RSA-SHA3-384_signed-by_RSA-SHA3-256,RSA-SHA3-384_signed-by_RSA-SHA3-256,21.925,1907.91,1118.7,0.925926,27,1,143.778,14,1134.24,1119.98,2116,2113
1,6,5,RSA-SHA3-384_signed-by_RSA-SHA3-256,RSA-SHA3-384_signed-by_RSA-SHA3-256,15.086,2772.87,908.912,1,1,0.0909091,131.091,8,1156.18,1102.74,2116,2113
1,5,4,RSA-SHA3-384_signed-by_RSA-SHA3-256,RSA-SHA3-384_signed-by_RSA-SHA3-256,13.589,3078.37,970.195,1,7,0.636364,261.636,15,1111.68,1087.57,2116,2113
1,3,5,RSA-SHA3-384_signed-by_RSA-SHA3-256,RSA-SHA3-384_signed-by_RSA-SHA3-256,14.179,2950.27,934.337,1,0,0,129.636,24,1134.83,1106.45,2116,2113
1,7,3,RSA-SHA3-384_signed-by_RSA-SHA3-256,RSA-SHA3-384_signed-by_RSA-SHA3-256,32.469,1288.36,638.634,1,6,0.352941,329.059,16,1105.73,1107.07,2116,2113
1,1,2,RSA-SHA3-384_signed-by_RSA-SHA3-256,RSA-SHA3-384_signed-by_RSA-SHA3-256,13.434,3113.66,1410.05,0.923077,11,0.846154,179.231,24,1134.46,1083.57,2116,2113
1,8,5,RSA-SHA3-384_signed-by_RSA-SHA3-256,RSA-SHA3-384_signed-by_RSA-SHA3-256,11.95,3500.34,1267.86,0.538462,0,0,240.769,14,1130.49,1098.67,2116,2113
1,6,6,RSA-SHA3-384_signed-by_RSA-SHA3-256,RSA-SHA3-384_signed-by_RSA-SHA3-256,12.358,3384.76,1051.22,0.4,0,0,138.8,8,1124.12,1119.98,2116,2113
1,3,6,RSA-SHA3-384_signed-by_RSA-SHA3-256,RSA-SHA3-384_signed-by_RSA-SHA3-256,11.448,3653.78,1179.49,1,0,0,122,24,1135.97,1118.96,2116,2113
1,5,5,RSA-SHA3-384_signed-by_RSA-SHA3-256,RSA-SHA3-384_signed-by_RSA-SHA3-256,16.604,2519.34,1241.12,0.7,8,0.4,203.6,15,1121.89,1098.05,2116,2113
1,7,4,RSA-SHA3-384_signed-by_RSA-SHA3-256,RSA-SHA3-384_signed-by_RSA-SHA3-256,13.25,3157.12,980.523,1,0,0,149.6,16,1127.85,1085.35,2116,2113
1,1,3,RSA-SHA3-384_signed-by_RSA-SHA3-256,RSA-SHA3-384_signed-by_RSA-SHA3-256,13.152,3180.64,987.83,1,0,0,149.6,24,1121.4,1100.13,2116,2113
1,8,6,RSA-SHA3-384_signed-by_RSA-SHA3-256,RSA-SHA3-384_signed-by_RSA-SHA3-256,14.573,2870.48,891.502,1,0,0,147.2,14,1141.87,1125.92,2116,2113
1,3,7,RSA-SHA3-384_signed-by_RSA-SHA3-256,RSA-SHA3-384_signed-by_RSA-SHA3-256,12.652,3306.12,1026.8,0,0,0,138.8,24,1180.81,1106.38,2116,2113
1,6,7,RSA-SHA3-384_signed-by_RSA-SHA3-256,RSA-SHA3-384_signed-by_RSA-SHA3-256,15.701,2664.26,1585.61,0.9375,22,1.375,186.5,8,1150.37,1125.24,2116,2113
1,5,6,RSA-SHA3-384_signed-by_RSA-SHA3-256,RSA-SHA3-384_signed-by_RSA-SHA3-256,10.818,3866.62,1200.88,0.5,0,0,284,15,1128.48,1087.71,2116,2113
1,7,5,RSA-SHA3-384_signed-by_RSA-SHA3-256,RSA-SHA3-384_signed-by_RSA-SHA3-256,10.856,3853.08,997.72,0.714286,0,0,168.286,16,1117.3,1091.12,2116,2113
1,2,4,RSA-SHA3-384_signed-by_RSA-SHA3-256,RSA-SHA3-384_signed-by_RSA-SHA3-256,47.761,875.851,387.592,1,11,0.611111,172.222,24,1132.82,1105.42,2116,2113
1,1,4,RSA-SHA3-384_signed-by_RSA-SHA3-256,RSA-SHA3-384_signed-by_RSA-SHA3-256,12.883,3246.85,1008.39,0.9,4,0.4,149.6,24,1157.5,1143.64,2116,2113
1,6,8,RSA-SHA3-384_signed-by_RSA-SHA3-256,RSA-SHA3-384_signed-by_RSA-SHA3-256,14.49,2886.77,896.56,1,0,0,138.8,8,1135.7,1161,2116,2113
1,5,7,RSA-SHA3-384_signed-by_RSA-SHA3-256,RSA-SHA3-384_signed-by_RSA-SHA3-256,14.364,2912.09,917.79,1,5,0.454545,188.545,15,1134.38,1116.14,2116,2113
1,7,6,RSA-SHA3-384_signed-by_RSA-SHA3-256,RSA-SHA3-384_signed-by_RSA-SHA3-256,17.681,2365.91,926.637,1,1,0.0625,190.5,16,1130.47,1108.69,2116,2113
1,8,7,RSA-SHA3-384_signed-by_RSA-SHA3-256,RSA-SHA3-384_signed-by_RSA-SHA3-256,26.749,1563.83,670.511,1,8,0.533333,129.2,14,1126.92,1093.62,2116,2113
1,2,5,RSA-SHA3-384_signed-by_RSA-SHA3-256,RSA-SHA3-384_signed-by_RSA-SHA3-256,18.937,2208.97,950.506,1,7,0.466667,174,24,1129.58,1104.83,2116,2113
1,3,8,RSA-SHA3-384_signed-by_RSA-SHA3-256,RSA-SHA3-384_signed-by_RSA-SHA3-256,27.796,1504.92,695.329,1,17,1.13333,148.4,24,1128.36,1144.86,2116,2113
1,1,5,RSA-SHA3-384_signed-by_RSA-SHA3-256,RSA-SHA3-384_signed-by_RSA-SHA3-256,23.159,1806.24,1012.79,1,20,1,1048,24,1126.76,1101.72,2116,2113
1,6,9,RSA-SHA3-384_signed-by_RSA-SHA3-256,RSA-SHA3-384_signed-by_RSA-SHA3-256,15.963,2620.52,845.942,1,0,0,122,8,1132.79,1113.07,2116,2113
1,7,7,RSA-SHA3-384_signed-by_RSA-SHA3-256,RSA-SHA3-384_signed-by_RSA-SHA3-256,11.98,3491.8,1481.13,1,7,0.5,127.143,16,1125.43,1121.43,2116,2113
1,5,8,RSA-SHA3-384_signed-by_RSA-SHA3-256,RSA-SHA3-384_signed-by_RSA-SHA3-256,17.932,2332.76,1120.65,1,10,0.555556,256.889,15,1155.98,1215.14,2116,2113
1,8,8,RSA-SHA3-384_signed-by_RSA-SHA3-256,RSA-SHA3-384_signed-by_RSA-SHA3-256,16.658,2511.14,1464.71,1,19,0.95,132.8,14,1100.46,1104.52,2116,2113
1,2,6,RSA-SHA3-384_signed-by_RSA-SHA3-256,RSA-SHA3-384_signed-by_RSA-SHA3-256,18.245,2292.71,972.505,1,7,0.5,222.857,24,1133.5,1111.68,2116,2113
1,6,10,RSA-SHA3-384_signed-by_RSA-SHA3-256,RSA-SHA3-384_signed-by_RSA-SHA3-256,13.154,3180.13,987.67,1,0,0,138.8,8,1138.99,1116.23,2116,2113
1,1,6,RSA-SHA3-384_signed-by_RSA-SHA3-256,RSA-SHA3-384_signed-by_RSA-SHA3-256,17.129,2442.09,1339.44,1,21,1.05,231.2,24,1134.63,1091.76,2116,2113
1,7,8,RSA-SHA3-384_signed-by_RSA-SHA3-256,RSA-SHA3-384_signed-by_RSA-SHA3-256,20.818,2009.35,749.328,1,7,0.466667,113.2,16,1099.83,1111.06,2116,2113
1,3,9,RSA-SHA3-384_signed-by_RSA-SHA3-256,RSA-SHA3-384_signed-by_RSA-SHA3-256,27.185,1538.78,876.949,1,22,1,326.909,24,1125.69,1103.18,2116,2113
1,5,9,RSA-SHA3-384_signed-by_RSA-SHA3-256,RSA-SHA3-384_signed-by_RSA-SHA3-256,22.113,1891.68,1092.54,1,17,0.809524,164.286,15,1138.28,1127.7,2116,2113
1,8,9,RSA-SHA3-384_signed-by_RSA-SHA3-256,RSA-SHA3-384_signed-by_RSA-SHA3-256,22.481,1860.73,589.285,1,0,0,129.636,14,1104.19,1150.94,2116,2113
1,6,11,RSA-SHA3-384_signed-by_RSA-SHA3-256,RSA-SHA3-384_signed-by_RSA-SHA3-256,17.726,2359.92,747.376,0.454545,0,0,129.636,8,1139.28,1082.55,2116,2113
1,1,7,RSA-SHA3-384_signed-by_RSA-SHA3-256,RSA-SHA3-384_signed-by_RSA-SHA3-256,20.515,2039.06,751.049,0.642857,0,0,1336.29,24,1133.26,1106.65,2116,2113
1,7,9,RSA-SHA3-384_signed-by_RSA-SHA3-256,RSA-SHA3-384_signed-by_RSA-SHA3-256,14.497,2885.37,896.125,0.5,0,0,138.8,16,1149.27,1110.56,2116,2113
1,2,7,RSA-SHA3-384_signed-by_RSA-SHA3-256,RSA-SHA3-384_signed-by_RSA-SHA3-256,26.795,1561.14,721.307,1,13,0.866667,291.333,24,1132.77,1115.11,2116,2113
1,3,10,RSA-SHA3-384_signed-by_RSA-SHA3-256,RSA-SHA3-384_signed-by_RSA-SHA3-256,15.181,2755.54,855.803,1,0,0,138.8,24,1132.4,1091.51,2116,2113
1,5,10,RSA-SHA3-384_signed-by_RSA-SHA3-256,RSA-SHA3-384_signed-by_RSA-SHA3-256,16.765,2495.16,915.227,1,7,0.5,170,15,1124.48,1124.91,2116,2113
1,8,10,RSA-SHA3-384_signed-by_RSA-SHA3-256,RSA-SHA3-384_signed-by_RSA-SHA3-256,14.213,2943.18,914.081,1,4,0.4,138.8,14,1131.89,1110.95,2116,2113
1,6,12,RSA-SHA3-384_signed-by_RSA-SHA3-256,RSA-SHA3-384_signed-by_RSA-SHA3-256,14.434,2898.11,1641.65,1,18,1.05882,149.529,8,1119.23,1093.89,2116,2113
1,1,8,RSA-SHA3-384_signed-by_RSA-SHA3-256,RSA-SHA3-384_signed-by_RSA-SHA3-256,11.298,3702.3,1172.5,1,0,0,139.455,24,1136.23,1091.74,2116,2113
1,3,11,RSA-SHA3-384_signed-by_RSA-SHA3-256,RSA-SHA3-384_signed-by_RSA-SHA3-256,10.213,4095.57,1271.99,1,4,0.4,138.8,24,1137.85,1123.33,2116,2113
1,5,11,RSA-SHA3-384_signed-by_RSA-SHA3-256,RSA-SHA3-384_signed-by_RSA-SHA3-256,10.629,3935.64,1687.45,1,12,0.8,174,15,1131.07,1113.39,2116,2113
1,6,13,RSA-SHA3-384_signed-by_RSA-SHA3-256,RSA-SHA3-384_signed-by_RSA-SHA3-256,7.893,5299.38,1645.86,1,0,0,138.8,8,1132.36,1096.27,2116,2113
1,2,8,RSA-SHA3-384_signed-by_RSA-SHA3-256,RSA-SHA3-384_signed-by_RSA-SHA3-256,17.369,2408.34,1295.13,1,14,0.777778,193.111,24,1132.01,1104.41,2116,2113
1,7,10,RSA-SHA3-384_signed-by_RSA-SHA3-256,RSA-SHA3-384_signed-by_RSA-SHA3-256,23.169,1805.5,1042.08,1,19,1,137.789,16,1130.25,1124.18,2116,2113
1,8,11,RSA-SHA3-384_signed-by_RSA-SHA3-256,RSA-SHA3-384_signed-by_RSA-SHA3-256,16.202,2581.82,958.862,1,4,0.266667,182,15,1129.56,1106.19,2116,2113
1,1,9,RSA-SHA3-384_signed-by_RSA-SHA3-256,RSA-SHA3-384_signed-by_RSA-SHA3-256,16.593,2520.95,1439.58,1,23,1.27778,154.667,24,1150.75,1117.69,2116,2113
1,2,9,RSA-SHA3-384_signed-by_RSA-SHA3-256,RSA-SHA3-384_signed-by_RSA-SHA3-256,10.187,4106.32,1766.92,1,10,0.666667,168.667,24,1130.25,1100.79,2116,2113
1,1,10,RSA-SHA3-384_signed-by_RSA-SHA3-256,RSA-SHA3-384_signed-by_RSA-SHA3-256,9.784,4275.46,1594.41,1,7,0.466667,197.733,24,1144.11,1124.31,2116,2113
1,5,12,RSA-SHA3-384_signed-by_RSA-SHA3-256,RSA-SHA3-384_signed-by_RSA-SHA3-256,22.126,1890.59,731.07,1,9,0.5,317.778,15,1137.75,1089.43,2116,2113
1,7,11,RSA-SHA3-384_signed-by_RSA-SHA3-256,RSA-SHA3-384_signed-by_RSA-SHA3-256,15.303,2733.44,2019.89,1,17,0.894737,147.474,16,1137.13,1113.1,2116,2113
1,8,12,RSA-SHA3-384_signed-by_RSA-SHA3-256,RSA-SHA3-384_signed-by_RSA-SHA3-256,15.328,2728.98,1658.58,1,14,0.875,154.5,15,1128.8,1090.88,2116,2113
1,6,14,RSA-SHA3-384_signed-by_RSA-SHA3-256,RSA-SHA3-384_signed-by_RSA-SHA3-256,23.882,1751.56,1180.44,1,23,0.958333,111.667,8,1132.48,1112.97,2116,2113
1,2,10,RSA-SHA3-384_signed-by_RSA-SHA3-256,RSA-SHA3-384_signed-by_RSA-SHA3-256,16.136,2592.36,1228.51,1,10,0.526316,206.421,24,1129.45,1098.73,2116,2113
1,8,13,RSA-SHA3-384_signed-by_RSA-SHA3-256,RSA-SHA3-384_signed-by_RSA-SHA3-256,12.523,3340.16,1052.7,1,7,0.636364,129.636,15,1135.2,1108.74,2116,2113
1,7,12,RSA-SHA3-384_signed-by_RSA-SHA3-256,RSA-SHA3-384_signed-by_RSA-SHA3-256,15.769,2652.76,915.198,1,2,0.166667,124.667,16,1159.78,1192.14,2116,2113
1,5,13,RSA-SHA3-384_signed-by_RSA-SHA3-256,RSA-SHA3-384_signed-by_RSA-SHA3-256,17.647,2370.44,883.984,1,4,0.266667,271.067,15,1127.11,1088.67,2116,2113
1,2,11,RSA-SHA3-384_signed-by_RSA-SHA3-256,RSA-SHA3-384_signed-by_RSA-SHA3-256,11.852,3529.28,1117.71,0.636364,0,0,188.545,24,1130.59,1090.88,2116,2113
1,1,11,RSA-SHA3-384_signed-by_RSA-SHA3-256,RSA-SHA3-384_signed-by_RSA-SHA3-256,23.484,1781.23,1352.36,1,42,1.55556,861.111,24,1127.81,1126.48,2116,2113
1,6,15,RSA-SHA3-384_signed-by_RSA-SHA3-256,RSA-SHA3-384_signed-by_RSA-SHA3-256,22.123,1890.82,1331.42,1,14,0.736842,123.895,8,1616.32,1583.08,2116,2113
1,8,14,RSA-SHA3-384_signed-by_RSA-SHA3-256,RSA-SHA3-384_signed-by_RSA-SHA3-256,12.35,3387.16,1226.86,0.538462,0,0,204.154,15,1127.54,1116.65,2116,2113
1,3,12,RSA-SHA3-384_signed-by_RSA-SHA3-256,RSA-SHA3-384_signed-by_RSA-SHA3-256,52.497,796.845,578.47,1,28,0.933333,144.8,24,1098.18,1133.33,2116,2113
1,7,13,RSA-SHA3-384_signed-by_RSA-SHA3-256,RSA-SHA3-384_signed-by_RSA-SHA3-256,12.528,3339.05,1343.54,0.333333,2,0.166667,133.333,16,1124.99,1086.22,2116,2113
1,5,14,RSA-SHA3-384_signed-by_RSA-SHA3-256,RSA-SHA3-384_signed-by_RSA-SHA3-256,13.025,3211.64,997.456,1,0,0,203.6,15,1152.86,1103.38,2116,2113
1,2,12,RSA-SHA3-384_signed-by_RSA-SHA3-256,RSA-SHA3-384_signed-by_RSA-SHA3-256,12.267,3410.11,1068.23,0.909091,0,0,179.455,24,1242.75,1106.17,2116,2113
1,1,12,RSA-SHA3-384_signed-by_RSA-SHA3-256,RSA-SHA3-384_signed-by_RSA-SHA3-256,15.926,2626.58,991.559,0.9375,4,0.25,187.75,24,1133.85,1110.72,2116,2113
1,6,16,RSA-SHA3-384_signed-by_RSA-SHA3-256,RSA-SHA3-384_signed-by_RSA-SHA3-256,14.38,2908.98,1067.02,1,7,0.5,118.571,8,1126.9,1091.22,2116,2113
1,3,13,RSA-SHA3-384_signed-by_RSA-SHA3-256,RSA-SHA3-384_signed-by_RSA-SHA3-256,14.301,2925.07,926.356,1,0,0,151.818,24,1104.06,1110.73,2116,2113
1,8,15,RSA-SHA3-384_signed-by_RSA-SHA3-256,RSA-SHA3-384_signed-by_RSA-SHA3-256,17.24,2426.39,753.579,1,0,0,138.8,15,1603.99,1577.12,2116,2113
1,7,14,RSA-SHA3-384_signed-by_RSA-SHA3-256,RSA-SHA3-384_signed-by_RSA-SHA3-256,15.22,2748.43,1257.27,1,12,0.857143,156.286,16,1149.07,1117.16,2116,2113
1,5,15,RSA-SHA3-384_signed-by_RSA-SHA3-256,RSA-SHA3-384_signed-by_RSA-SHA3-256,14.508,2883.33,1305.74,0.615385,11,0.846154,248.462,15,1588.4,1552.59,2116,2113
1,1,13,RSA-SHA3-384_signed-by_RSA-SHA3-256,RSA-SHA3-384_signed-by_RSA-SHA3-256,8.92,4689.29,1456.38,0.5,0,0,149.6,24,1133.29,1103.33,2116,2113
1,2,13,RSA-SHA3-384_signed-by_RSA-SHA3-256,RSA-SHA3-384_signed-by_RSA-SHA3-256,18.522,2258.42,1036.57,1,11,0.785714,233.429,24,1127.38,1112.94,2116,2113
1,6,17,RSA-SHA3-384_signed-by_RSA-SHA3-256,RSA-SHA3-384_signed-by_RSA-SHA3-256,12.682,3298.5,1024.43,0.9,0,0,138.8,8,1133.51,1113.38,2116,2113
1,8,16,RSA-SHA3-384_signed-by_RSA-SHA3-256,RSA-SHA3-384_signed-by_RSA-SHA3-256,10.924,3829.32,1015,1,0,0,149,15,1107.67,1117.16,2116,2113
1,3,14,RSA-SHA3-384_signed-by_RSA-SHA3-256,RSA-SHA3-384_signed-by_RSA-SHA3-256,16.081,2601.28,1103.39,0.928571,7,0.5,148,24,1131.71,1111.55,2116,2113
1,5,16,RSA-SHA3-384_signed-by_RSA-SHA3-256,RSA-SHA3-384_signed-by_RSA-SHA3-256,14.73,2839.85,881.988,1,0,0,197.6,15,1106.55,1104.51,2116,2113
1,2,14,RSA-SHA3-384_signed-by_RSA-SHA3-256,RSA-SHA3-384_signed-by_RSA-SHA3-256,12.647,3307.64,1027.27,0.4,0,0,200,24,1164.22,1109.83,2116,2113
1,7,15,RSA-SHA3-384_signed-by_RSA-SHA3-256,RSA-SHA3-384_signed-by_RSA-SHA3-256,20.654,2025.29,926.468,1,12,0.857143,156.286,16,1617.6,1579.74,2116,2113
1,6,18,RSA-SHA3-384_signed-by_RSA-SHA3-256,RSA-SHA3-384_signed-by_RSA-SHA3-256,14.59,2867.12,908.005,0.636364,0,0,129.636,8,1123.97,1099.69,2116,2113
1,1,14,RSA-SHA3-384_signed-by_RSA-SHA3-256,RSA-SHA3-384_signed-by_RSA-SHA3-256,20.889,2002.51,858.601,0.733333,8,0.533333,141.2,24,1146.22,1088.43,2116,2113
1,3,15,RSA-SHA3-384_signed-by_RSA-SHA3-256,RSA-SHA3-384_signed-by_RSA-SHA3-256,11.75,3560.16,1105.7,0.3,0,0,163.2,24,1622.73,1563.5,2116,2113
1,8,17,RSA-SHA3-384_signed-by_RSA-SHA3-256,RSA-SHA3-384_signed-by_RSA-SHA3-256,17.264,2423.02,1759,0.481481,31,1.14815,198,15,1131.33,1101.64,2116,2113
1,5,17,RSA-SHA3-384_signed-by_RSA-SHA3-256,RSA-SHA3-384_signed-by_RSA-SHA3-256,15.223,2747.91,870.25,0.818182,0,0,139.455,15,1131.42,1097.41,2116,2113
1,2,15,RSA-SHA3-384_signed-by_RSA-SHA3-256,RSA-SHA3-384_signed-by_RSA-SHA3-256,14.969,2794.53,867.912,0.9,0,0,163.2,24,1594.55,1568.29,2116,2113
1,1,15,RSA-SHA3-384_signed-by_RSA-SHA3-256,RSA-SHA3-384_signed-by_RSA-SHA3-256,11.857,3527.76,1095.64,0.6,0,0,149.6,24,1609.86,1576.52,2116,2113
1,6,19,RSA-SHA3-384_signed-by_RSA-SHA3-256,RSA-SHA3-384_signed-by_RSA-SHA3-256,13.986,2990.96,928.92,0.6,0,0,138.8,8,1169.42,1107.65,2116,2113
1,7,16,RSA-SHA3-384_signed-by_RSA-SHA3-256,RSA-SHA3-384_signed-by_RSA-SHA3-256,16.585,2522.22,1085.29,0.4,7,0.466667,121.2,16,1122.44,1120.74,2116,2113
1,3,16,RSA-SHA3-384_signed-by_RSA-SHA3-256,RSA-SHA3-384_signed-by_RSA-SHA3-256,12.74,3283.51,1019.78,0.6,0,0,163.2,24,1131.91,1101.53,2116,2113
1,8,18,RSA-SHA3-384_signed-by_RSA-SHA3-256,RSA-SHA3-384_signed-by_RSA-SHA3-256,14.055,2976.29,924.364,0.3,0,0,138.8,15,1153.13,1099.6,2116,2113
1,5,18,RSA-SHA3-384_signed-by_RSA-SHA3-256,RSA-SHA3-384_signed-by_RSA-SHA3-256,14.275,2930.39,910.108,0.9,0,0,149.6,15,1139.88,1106.98,2116,2113
1,1,16,RSA-SHA3-384_signed-by_RSA-SHA3-256,RSA-SHA3-384_signed-by_RSA-SHA3-256,10.608,3943.1,1224.63,1,0,0,149.6,24,1128.59,1118.91,2116,2113
1,2,16,RSA-SHA3-384_signed-by_RSA-SHA3-256,RSA-SHA3-384_signed-by_RSA-SHA3-256,13.861,3017.93,1293.98,1,14,0.933333,140.667,24,1105.03,1108.67,2116,2113
1,6,20,RSA-SHA3-384_signed-by_RSA-SHA3-256,RSA-SHA3-384_signed-by_RSA-SHA3-256,12.109,3454.61,1109.92,1,7,0.583333,122,8,1155.33,1113,2116,2113
1,7,17,RSA-SHA3-384_signed-by_RSA-SHA3-256,RSA-SHA3-384_signed-by_RSA-SHA3-256,16.36,2556.9,809.759,1,0,0,129.636,16,1139.31,1110.21,2116,2113
1,8,19,RSA-SHA3-384_signed-by_RSA-SHA3-256,RSA-SHA3-384_signed-by_RSA-SHA3-256,13.402,3121.26,1323.96,1,7,0.5,127.143,15,1136.72,1199.21,2116,2113
1,3,17,RSA-SHA3-384_signed-by_RSA-SHA3-256,RSA-SHA3-384_signed-by_RSA-SHA3-256,19.435,2152.31,922.832,1,8,0.533333,140.667,24,1133.63,1212.94,2116,2113
1,6,21,RSA-SHA3-384_signed-by_RSA-SHA3-256,RSA-SHA3-384_signed-by_RSA-SHA3-256,10.045,4164.07,1508.27,1,0,0,204.154,8,1131.17,1081.91,2116,2113
1,2,17,RSA-SHA3-384_signed-by_RSA-SHA3-256,RSA-SHA3-384_signed-by_RSA-SHA3-256,12.688,3296.92,1607.79,1,13,0.65,186.4,24,1128.5,1108.98,2116,2113
1,5,19,RSA-SHA3-384_signed-by_RSA-SHA3-256,RSA-SHA3-384_signed-by_RSA-SHA3-256,15.784,2650.21,1257.95,1,19,1.26667,161.733,15,1138.81,1115.75,2116,2113
1,7,18,RSA-SHA3-384_signed-by_RSA-SHA3-256,RSA-SHA3-384_signed-by_RSA-SHA3-256,11.486,3641.99,1175.69,1,0,0,118,16,1154.45,1116.84,2116,2113
1,8,20,RSA-SHA3-384_signed-by_RSA-SHA3-256,RSA-SHA3-384_signed-by_RSA-SHA3-256,11.032,3791.56,1177.57,1,0,0,138.8,15,1108.35,1109.41,2116,2113
1,6,22,RSA-SHA3-384_signed-by_RSA-SHA3-256,RSA-SHA3-384_signed-by_RSA-SHA3-256,8.857,4722.7,2117.04,0.5,2,0.166667,138,8,1155.14,1106.83,2116,2113
1,5,20,RSA-SHA3-384_signed-by_RSA-SHA3-256,RSA-SHA3-384_signed-by_RSA-SHA3-256,8.9,4699.87,1702.34,0.153846,0,0,222.308,15,1143.25,1108.98,2116,2113
1,3,18,RSA-SHA3-384_signed-by_RSA-SHA3-256,RSA-SHA3-384_signed-by_RSA-SHA3-256,13.088,3195.97,1470.55,1,12,0.8,175.067,24,1123.49,1111.27,2116,2113
1,7,19,RSA-SHA3-384_signed-by_RSA-SHA3-256,RSA-SHA3-384_signed-by_RSA-SHA3-256,10.316,4054.76,1487.29,0.285714,7,0.5,118.571,16,1131.76,1104.39,2116,2113
1,8,21,RSA-SHA3-384_signed-by_RSA-SHA3-256,RSA-SHA3-384_signed-by_RSA-SHA3-256,10.374,4032.08,1252.27,0.7,0,0,138.8,15,1162.96,1106.77,2116,2113
1,1,17,RSA-SHA3-384_signed-by_RSA-SHA3-256,RSA-SHA3-384_signed-by_RSA-SHA3-256,31.74,1317.93,770.747,1,28,1.33333,231.143,24,1133.36,1333,2116,2113
1,6,23,RSA-SHA3-384_signed-by_RSA-SHA3-256,RSA-SHA3-384_signed-by_RSA-SHA3-256,12.006,3483.99,1082.04,0.9,0,0,138.8,8,1135.63,1098.9,2116,2113
1,5,21,RSA-SHA3-384_signed-by_RSA-SHA3-256,RSA-SHA3-384_signed-by_RSA-SHA3-256,12.216,3424.08,1084.39,0.727273,0,0,141.636,15,1131.96,1110.13,2116,2113
1,3,19,RSA-SHA3-384_signed-by_RSA-SHA3-256,RSA-SHA3-384_signed-by_RSA-SHA3-256,13.424,3116.2,967.815,1,0,0,163.2,24,1130.73,1108.54,2116,2113
1,8,22,RSA-SHA3-384_signed-by_RSA-SHA3-256,RSA-SHA3-384_signed-by_RSA-SHA3-256,10.685,3914.68,1215.8,0.5,0,0,138.8,15,1132.42,1120.95,2116,2113
1,6,24,RSA-SHA3-384_signed-by_RSA-SHA3-256,RSA-SHA3-384_signed-by_RSA-SHA3-256,8.673,4822.84,1497.86,0.3,0,0,138.8,8,1132.69,1083.68,2116,2113
1,7,20,RSA-SHA3-384_signed-by_RSA-SHA3-256,RSA-SHA3-384_signed-by_RSA-SHA3-256,14.085,2969.94,1753.9,0.533333,7,0.466667,130.8,16,1100.28,1090.35,2116,2113
1,1,18,RSA-SHA3-384_signed-by_RSA-SHA3-256,RSA-SHA3-384_signed-by_RSA-SHA3-256,12.729,3286.35,1563.67,0.176471,7,0.411765,194.471,24,1127.12,1104.85,2116,2113
1,5,22,RSA-SHA3-384_signed-by_RSA-SHA3-256,RSA-SHA3-384_signed-by_RSA-SHA3-256,10.922,3829.78,1189.44,0.4,0,0,149.6,15,1167.52,1145.11,2116,2113
1,3,20,RSA-SHA3-384_signed-by_RSA-SHA3-256,RSA-SHA3-384_signed-by_RSA-SHA3-256,11.369,3679.19,1142.67,0.4,0,0,163.2,24,1128.28,1117.08,2116,2113
1,8,23,RSA-SHA3-384_signed-by_RSA-SHA3-256,RSA-SHA3-384_signed-by_RSA-SHA3-256,11.65,3590.45,1124.72,0.636364,0,0,129.273,15,1130.98,1108.98,2116,2113
1,6,25,RSA-SHA3-384_signed-by_RSA-SHA3-256,RSA-SHA3-384_signed-by_RSA-SHA3-256,11.675,3582.75,1112.71,1,0,0,138.8,8,1149.78,1089.1,2116,2113
1,7,21,RSA-SHA3-384_signed-by_RSA-SHA3-256,RSA-SHA3-384_signed-by_RSA-SHA3-256,14.08,2971,1278.4,1,7,0.466667,121.2,16,1153.5,1116.21,2116,2113
1,1,19,RSA-SHA3-384_signed-by_RSA-SHA3-256,RSA-SHA3-384_signed-by_RSA-SHA3-256,14.608,2863.59,906.886,1,0,0,139.455,24,1134.16,1097.07,2116,2113
1,5,23,RSA-SHA3-384_signed-by_RSA-SHA3-256,RSA-SHA3-384_signed-by_RSA-SHA3-256,15.461,2705.58,1467.4,1,19,1,130.842,15,1141.06,1102.17,2116,2113
1,2,18,RSA-SHA3-384_signed-by_RSA-SHA3-256,RSA-SHA3-384_signed-by_RSA-SHA3-256,49.438,846.134,318.13,1,5,0.3125,252,24,1129.95,1100.14,2116,2113
1,3,21,RSA-SHA3-384_signed-by_RSA-SHA3-256,RSA-SHA3-384_signed-by_RSA-SHA3-256,16.227,2577.85,683.285,1,0,0,175,24,1122.14,1120.41,2116,2113
1,6,26,RSA-SHA3-384_signed-by_RSA-SHA3-256,RSA-SHA3-384_signed-by_RSA-SHA3-256,12.498,3347.07,866.691,1,0,0,164.857,8,1173.5,1100.36,2116,2113
1,7,22,RSA-SHA3-384_signed-by_RSA-SHA3-256,RSA-SHA3-384_signed-by_RSA-SHA3-256,15.581,2684.73,1443.77,1,14,0.777778,122,16,1107.33,1109.41,2116,2113
1,8,24,RSA-SHA3-384_signed-by_RSA-SHA3-256,RSA-SHA3-384_signed-by_RSA-SHA3-256,21.643,1932.74,1603.41,1,37,1.42308,148.615,15,1127.1,1094.15,2116,2113
1,2,19,RSA-SHA3-384_signed-by_RSA-SHA3-256,RSA-SHA3-384_signed-by_RSA-SHA3-256,14.206,2944.61,940.427,1,0,0,142,24,1129.02,1097.43,2116,2113
1,6,27,RSA-SHA3-384_signed-by_RSA-SHA3-256,RSA-SHA3-384_signed-by_RSA-SHA3-256,11.684,3579.97,1296.71,1,0,0,204.154,9,1136.12,1096.98,2116,2113
1,1,20,RSA-SHA3-384_signed-by_RSA-SHA3-256,RSA-SHA3-384_signed-by_RSA-SHA3-256,24.779,1688.19,744.495,1,8,0.470588,119.176,24,1116.66,1105.49,2116,2113
1,5,24,RSA-SHA3-384_signed-by_RSA-SHA3-256,RSA-SHA3-384_signed-by_RSA-SHA3-256,22.27,1878.32,697.59,1,4,0.266667,263.067,15,1132.68,1093.55,2116,2113
1,7,23,RSA-SHA3-384_signed-by_RSA-SHA3-256,RSA-SHA3-384_signed-by_RSA-SHA3-256,12.697,3294.62,1023.23,1,0,0,138.8,16,1129.53,1196.26,2116,2113
1,8,25,RSA-SHA3-384_signed-by_RSA-SHA3-256,RSA-SHA3-384_signed-by_RSA-SHA3-256,12.341,3389.67,1073.49,1,4,0.363636,129.636,15,1132.75,1116.45,2116,2113
1,6,28,RSA-SHA3-384_signed-by_RSA-SHA3-256,RSA-SHA3-384_signed-by_RSA-SHA3-256,15.865,2636.65,835.014,1,0,0,129.636,9,1116.34,1119.52,2116,2113
1,1,21,RSA-SHA3-384_signed-by_RSA-SHA3-256,RSA-SHA3-384_signed-by_RSA-SHA3-256,10.709,3906.2,1213.17,1,4,0.4,238.4,24,1134.59,1110.17,2116,2113
1,3,22,RSA-SHA3-384_signed-by_RSA-SHA3-256,RSA-SHA3-384_signed-by_RSA-SHA3-256,30.052,1391.95,1341.64,1,47,1.175,139.9,24,1130.13,1096.24,2116,2113
1,7,24,RSA-SHA3-384_signed-by_RSA-SHA3-256,RSA-SHA3-384_signed-by_RSA-SHA3-256,10.783,3879.38,1228.58,1,4,0.363636,129.636,16,1130.01,1114.84,2116,2113
1,8,26,RSA-SHA3-384_signed-by_RSA-SHA3-256,RSA-SHA3-384_signed-by_RSA-SHA3-256,11.449,3653.68,1562.37,1,11,0.578947,158,15,1124.28,1109.98,2116,2113
1,2,20,RSA-SHA3-384_signed-by_RSA-SHA3-256,RSA-SHA3-384_signed-by_RSA-SHA3-256,25.022,1671.78,1136.9,1,25,1.19048,176.857,24,1130.94,1099.13,2116,2113
1,6,29,RSA-SHA3-384_signed-by_RSA-SHA3-256,RSA-SHA3-384_signed-by_RSA-SHA3-256,12.49,3349.17,1060.67,1,0,0,129.636,9,1133.31,1123.97,2116,2113
1,7,25,RSA-SHA3-384_signed-by_RSA-SHA3-256,RSA-SHA3-384_signed-by_RSA-SHA3-256,10.806,3871.15,1419.94,1,7,0.5,192.286,16,1103.38,1106.79,2116,2113
1,8,27,RSA-SHA3-384_signed-by_RSA-SHA3-256,RSA-SHA3-384_signed-by_RSA-SHA3-256,11.703,3574.39,1131.99,1,0,0,131.818,15,1124.9,1121.14,2116,2113
1,1,22,RSA-SHA3-384_signed-by_RSA-SHA3-256,RSA-SHA3-384_signed-by_RSA-SHA3-256,16.134,2592.67,950.995,1,3,0.214286,209.143,24,1135.83,1200.19,2116,2113
1,5,25,RSA-SHA3-384_signed-by_RSA-SHA3-256,RSA-SHA3-384_signed-by_RSA-SHA3-256,29.617,1412.43,787.655,1,17,0.772727,114.909,15,1129.67,1118.72,2116,2113
1,2,21,RSA-SHA3-384_signed-by_RSA-SHA3-256,RSA-SHA3-384_signed-by_RSA-SHA3-256,13.18,3173.81,1346.25,1,7,0.5,148,24,1152.45,1087.74,2116,2113
1,3,23,RSA-SHA3-384_signed-by_RSA-SHA3-256,RSA-SHA3-384_signed-by_RSA-SHA3-256,21.818,1917.31,1583.27,1,36,1.16129,158.645,24,1132.28,1108.79,2116,2113
1,6,30,RSA-SHA3-384_signed-by_RSA-SHA3-256,RSA-SHA3-384_signed-by_RSA-SHA3-256,14.767,2832.73,879.775,1,0,0,138.8,9,1164.53,1160.72,2116,2113
1,7,26,RSA-SHA3-384_signed-by_RSA-SHA3-256,RSA-SHA3-384_signed-by_RSA-SHA3-256,14.933,2801.23,1027.49,1,3,0.214286,192.286,16,1103.95,1098.22,2116,2113
1,8,28,RSA-SHA3-384_signed-by_RSA-SHA3-256,RSA-SHA3-384_signed-by_RSA-SHA3-256,13.829,3024.9,1283.08,1,7,0.5,127.143,15,1139.9,1125.31,2116,2113
1,1,23,RSA-SHA3-384_signed-by_RSA-SHA3-256,RSA-SHA3-384_signed-by_RSA-SHA3-256,19.223,2176.07,715.787,1,0,0,123.846,24,1101.74,1123.35,2116,2113
1,2,22,RSA-SHA3-384_signed-by_RSA-SHA3-256,RSA-SHA3-384_signed-by_RSA-SHA3-256,15.246,2743.75,852.142,1,0,0,163.2,24,1137.82,1095.36,2116,2113
1,5,26,RSA-SHA3-384_signed-by_RSA-SHA3-256,RSA-SHA3-384_signed-by_RSA-SHA3-256,17.267,2422.59,1097.09,1,11,0.846154,179.231,15,1133.32,1090.03,2116,2113
1,3,24,RSA-SHA3-384_signed-by_RSA-SHA3-256,RSA-SHA3-384_signed-by_RSA-SHA3-256,17.862,2341.88,1394.65,0.5,14,0.636364,184,24,1132.03,1101.88,2116,2113
1,7,27,RSA-SHA3-384_signed-by_RSA-SHA3-256,RSA-SHA3-384_signed-by_RSA-SHA3-256,13.854,3019.46,937.771,0.6,0,0,138.8,16,1127.46,1130.82,2116,2113
1,6,31,RSA-SHA3-384_signed-by_RSA-SHA3-256,RSA-SHA3-384_signed-by_RSA-SHA3-256,18.725,2233.96,1025.34,1,11,0.785714,156.286,9,1715.94,1583.16,2116,2113
1,8,29,RSA-SHA3-384_signed-by_RSA-SHA3-256,RSA-SHA3-384_signed-by_RSA-SHA3-256,17.164,2437.14,756.915,1,0,0,140,15,1123.17,1101.99,2116,2113
1,1,24,RSA-SHA3-384_signed-by_RSA-SHA3-256,RSA-SHA3-384_signed-by_RSA-SHA3-256,11.142,3754.14,1165.94,0.8,0,0,149.6,24,1123.88,1088.66,2116,2113
1,5,27,RSA-SHA3-384_signed-by_RSA-SHA3-256,RSA-SHA3-384_signed-by_RSA-SHA3-256,12.02,3480.2,1096.84,1,4,0.363636,139.455,15,1134.03,1109.94,2116,2113
1,2,23,RSA-SHA3-384_signed-by_RSA-SHA3-256,RSA-SHA3-384_signed-by_RSA-SHA3-256,15.622,2677.71,1142.98,0.866667,7,0.466667,140.4,24,1105.8,1118.32,2116,2113
1,3,25,RSA-SHA3-384_signed-by_RSA-SHA3-256,RSA-SHA3-384_signed-by_RSA-SHA3-256,12.691,3295.94,1043.81,1,0,0,151.818,24,1125.78,1105.38,2116,2113
1,7,28,RSA-SHA3-384_signed-by_RSA-SHA3-256,RSA-SHA3-384_signed-by_RSA-SHA3-256,16.673,2508.9,1151.53,1,11,0.785714,156.286,16,1139.93,1110.39,2116,2113
1,6,32,RSA-SHA3-384_signed-by_RSA-SHA3-256,RSA-SHA3-384_signed-by_RSA-SHA3-256,13.952,2998.23,1271.77,0.785714,7,0.5,127.143,9,1130.48,1101.41,2116,2113
1,1,25,RSA-SHA3-384_signed-by_RSA-SHA3-256,RSA-SHA3-384_signed-by_RSA-SHA3-256,14.026,2982.4,1265.05,0.785714,7,0.5,136.571,24,1114.6,1096.96,2116,2113
1,8,30,RSA-SHA3-384_signed-by_RSA-SHA3-256,RSA-SHA3-384_signed-by_RSA-SHA3-256,16.923,2471.83,782.816,1,4,0.363636,139.455,15,1151.03,1109.17,2116,2113
1,2,24,RSA-SHA3-384_signed-by_RSA-SHA3-256,RSA-SHA3-384_signed-by_RSA-SHA3-256,11.8,3545.06,1101.01,0.9,0,0,163.2,24,1130.76,1103.72,2116,2113
1,5,28,RSA-SHA3-384_signed-by_RSA-SHA3-256,RSA-SHA3-384_signed-by_RSA-SHA3-256,16.073,2602.56,982.493,1,5,0.3125,202.75,15,1126.62,1104.7,2116,2113
1,3,26,RSA-SHA3-384_signed-by_RSA-SHA3-256,RSA-SHA3-384_signed-by_RSA-SHA3-256,16.292,2567.58,813.142,1,0,0,151.818,24,1132,1109.64,2116,2113
1,7,29,RSA-SHA3-384_signed-by_RSA-SHA3-256,RSA-SHA3-384_signed-by_RSA-SHA3-256,13.355,3132.3,972.817,1,4,0.4,138.8,16,1160.67,1093.79,2116,2113
1,6,33,RSA-SHA3-384_signed-by_RSA-SHA3-256,RSA-SHA3-384_signed-by_RSA-SHA3-256,13.654,3063.71,951.512,1,0,0,138.8,9,1160.5,1086.55,2116,2113
1,1,26,RSA-SHA3-384_signed-by_RSA-SHA3-256,RSA-SHA3-384_signed-by_RSA-SHA3-256,17.309,2416.75,750.582,1,0,0,149.6,24,1101.56,1127.95,2116,2113
1,8,31,RSA-SHA3-384_signed-by_RSA-SHA3-256,RSA-SHA3-384_signed-by_RSA-SHA3-256,17.787,2351.79,901.319,0.833333,6,0.333333,159.778,15,1622.62,1586.83,2116,2113
1,5,29,RSA-SHA3-384_signed-by_RSA-SHA3-256,RSA-SHA3-384_signed-by_RSA-SHA3-256,15.789,2649.41,1123.81,0.642857,7,0.5,131.429,15,1128.99,1105.75,2116,2113
1,3,27,RSA-SHA3-384_signed-by_RSA-SHA3-256,RSA-SHA3-384_signed-by_RSA-SHA3-256,12.774,3274.77,1032.09,1,5,0.454545,151.818,24,1137.98,1099.68,2116,2113
1,6,34,RSA-SHA3-384_signed-by_RSA-SHA3-256,RSA-SHA3-384_signed-by_RSA-SHA3-256,11.11,3764.95,1169.3,1,0,0,138.8,9,1118.01,1109.97,2116,2113
1,7,30,RSA-SHA3-384_signed-by_RSA-SHA3-256,RSA-SHA3-384_signed-by_RSA-SHA3-256,13.91,3007.31,1121.49,0.666667,3,0.2,182,16,1126.16,1107.78,2116,2113
1,2,25,RSA-SHA3-384_signed-by_RSA-SHA3-256,RSA-SHA3-384_signed-by_RSA-SHA3-256,23.966,1745.41,1007.39,1,19,1,161.579,24,1135.89,1110.54,2116,2113
1,5,30,RSA-SHA3-384_signed-by_RSA-SHA3-256,RSA-SHA3-384_signed-by_RSA-SHA3-256,10.526,3974.14,1234.27,1,0,0,148.4,15,1117.1,1103.26,2116,2113
1,1,27,RSA-SHA3-384_signed-by_RSA-SHA3-256,RSA-SHA3-384_signed-by_RSA-SHA3-256,14.875,2812.16,873.387,1,0,0,149.6,24,1130.13,1095.96,2116,2113
1,8,32,RSA-SHA3-384_signed-by_RSA-SHA3-256,RSA-SHA3-384_signed-by_RSA-SHA3-256,13.098,3193.72,1886.06,0.933333,7,0.466667,141.2,15,1127.27,1111.87,2116,2113
1,6,35,RSA-SHA3-384_signed-by_RSA-SHA3-256,RSA-SHA3-384_signed-by_RSA-SHA3-256,12.331,3392.4,1053.6,0.8,0,0,138.8,9,1101.48,1113.95,2116,2113
1,3,28,RSA-SHA3-384_signed-by_RSA-SHA3-256,RSA-SHA3-384_signed-by_RSA-SHA3-256,15.549,2690.26,1508.48,0.4,20,1,262.2,24,1128.75,1105.9,2116,2113
1,2,26,RSA-SHA3-384_signed-by_RSA-SHA3-256,RSA-SHA3-384_signed-by_RSA-SHA3-256,12.782,3272.69,1016.42,0,0,0,163.2,24,1156.2,1108.37,2116,2113
1,7,31,RSA-SHA3-384_signed-by_RSA-SHA3-256,RSA-SHA3-384_signed-by_RSA-SHA3-256,16.781,2492.75,1128.86,0.615385,11,0.846154,165.385,16,1682.33,1570.87,2116,2113
1,1,28,RSA-SHA3-384_signed-by_RSA-SHA3-256,RSA-SHA3-384_signed-by_RSA-SHA3-256,10.58,3953.55,1227.88,0.8,0,0,161.6,24,1129.12,1086.58,2116,2113
1,5,31,RSA-SHA3-384_signed-by_RSA-SHA3-256,RSA-SHA3-384_signed-by_RSA-SHA3-256,13.169,3176.55,986.558,0.8,4,0.4,138.8,15,1619.28,1575.97,2116,2113
1,8,33,RSA-SHA3-384_signed-by_RSA-SHA3-256,RSA-SHA3-384_signed-by_RSA-SHA3-256,12.267,3410.11,1059.1,0.8,0,0,138.8,15,1121.89,1228.05,2116,2113
1,6,36,RSA-SHA3-384_signed-by_RSA-SHA3-256,RSA-SHA3-384_signed-by_RSA-SHA3-256,12.036,3475.54,1079.42,1,0,0,138.8,9,1145.56,1107.69,2116,2113
1,3,29,RSA-SHA3-384_signed-by_RSA-SHA3-256,RSA-SHA3-384_signed-by_RSA-SHA3-256,11.656,3588.86,1114.61,1,0,0,163.2,24,1103.19,1109.87,2116,2113
1,2,27,RSA-SHA3-384_signed-by_RSA-SHA3-256,RSA-SHA3-384_signed-by_RSA-SHA3-256,13.427,3115.47,967.588,1,0,0,159.6,24,1141.08,1115.23,2116,2113
1,1,29,RSA-SHA3-384_signed-by_RSA-SHA3-256,RSA-SHA3-384_signed-by_RSA-SHA3-256,14.609,2863.38,906.82,1,0,0,139.455,24,1143.1,1111.86,2116,2113
1,7,32,RSA-SHA3-384_signed-by_RSA-SHA3-256,RSA-SHA3-384_signed-by_RSA-SHA3-256,16.603,2519.47,1156.38,1,11,0.785714,156.286,16,1097.76,1097.5,2116,2113
1,6,37,RSA-SHA3-384_signed-by_RSA-SHA3-256,RSA-SHA3-384_signed-by_RSA-SHA3-256,12.021,3479.62,1101.98,0.818182,0,0,129.636,9,1100.61,1109.03,2116,2113
1,8,34,RSA-SHA3-384_signed-by_RSA-SHA3-256,RSA-SHA3-384_signed-by_RSA-SHA3-256,16.239,2575.96,1166.55,1,11,0.846154,165.385,15,1132.71,1108.42,2116,2113
1,3,30,RSA-SHA3-384_signed-by_RSA-SHA3-256,RSA-SHA3-384_signed-by_RSA-SHA3-256,13.228,3162.36,1609.91,0.882353,18,1.05882,174.941,24,1101.38,1108.54,2116,2113
1,5,32,RSA-SHA3-384_signed-by_RSA-SHA3-256,RSA-SHA3-384_signed-by_RSA-SHA3-256,20.22,2068.76,1417.15,1,28,1.07692,216.462,15,1142.33,1109.51,2116,2113
1,2,28,RSA-SHA3-384_signed-by_RSA-SHA3-256,RSA-SHA3-384_signed-by_RSA-SHA3-256,16.4,2550.63,1673.11,1,26,1.13043,115.217,24,1153.68,1108.26,2116,2113
1,8,35,RSA-SHA3-384_signed-by_RSA-SHA3-256,RSA-SHA3-384_signed-by_RSA-SHA3-256,8.576,4877.77,1514.92,1,4,0.4,138.8,15,1131.01,1113.03,2116,2113
1,7,33,RSA-SHA3-384_signed-by_RSA-SHA3-256,RSA-SHA3-384_signed-by_RSA-SHA3-256,12.657,3304.95,1231.22,1,7,0.636364,140.545,16,1127.43,1084.69,2116,2113
1,5,33,RSA-SHA3-384_signed-by_RSA-SHA3-256,RSA-SHA3-384_signed-by_RSA-SHA3-256,8.85,4726.74,1489.71,1,7,0.636364,129.636,15,1129.36,1115.44,2116,2113
1,6,38,RSA-SHA3-384_signed-by_RSA-SHA3-256,RSA-SHA3-384_signed-by_RSA-SHA3-256,14.97,2794.27,1185.25,1,7,0.5,127.143,9,1124.85,1111.67,2116,2113
1,1,30,RSA-SHA3-384_signed-by_RSA-SHA3-256,RSA-SHA3-384_signed-by_RSA-SHA3-256,18.394,2274.11,1222.95,1,14,0.777778,136,24,1131.91,1114.16,2116,2113
1,3,31,RSA-SHA3-384_signed-by_RSA-SHA3-256,RSA-SHA3-384_signed-by_RSA-SHA3-256,18.948,2207.73,1337.56,1,23,1.27778,212.444,24,1644.4,1587.08,2116,2113
1,5,34,RSA-SHA3-384_signed-by_RSA-SHA3-256,RSA-SHA3-384_signed-by_RSA-SHA3-256,10.954,3818.83,1383.22,0.0769231,0,0,204.154,15,1127.63,1118.47,2116,2113
1,6,39,RSA-SHA3-384_signed-by_RSA-SHA3-256,RSA-SHA3-384_signed-by_RSA-SHA3-256,10.549,3965.48,1231.58,0.1,0,0,138.8,9,1131.94,1088.65,2116,2113
1,2,29,RSA-SHA3-384_signed-by_RSA-SHA3-256,RSA-SHA3-384_signed-by_RSA-SHA3-256,16.719,2501.97,929.207,1,4,0.266667,182,24,1136.63,1111.01,2116,2113
1,1,31,RSA-SHA3-384_signed-by_RSA-SHA3-256,RSA-SHA3-384_signed-by_RSA-SHA3-256,12.718,3289.16,1021.53,0.5,0,0,149.6,24,1583.97,1587.45,2116,2113
1,7,34,RSA-SHA3-384_signed-by_RSA-SHA3-256,RSA-SHA3-384_signed-by_RSA-SHA3-256,18.474,2264.28,1259.23,1,17,0.894737,246.421,16,1145.75,1104.36,2116,2113
1,8,36,RSA-SHA3-384_signed-by_RSA-SHA3-256,RSA-SHA3-384_signed-by_RSA-SHA3-256,23.315,1794.2,1025.26,1,21,0.954545,238.545,15,1134.28,1104.81,2116,2113
1,3,32,RSA-SHA3-384_signed-by_RSA-SHA3-256,RSA-SHA3-384_signed-by_RSA-SHA3-256,14.141,2958.16,936.837,1,0,0,151.818,24,1122.29,1109.17,2116,2113
1,5,35,RSA-SHA3-384_signed-by_RSA-SHA3-256,RSA-SHA3-384_signed-by_RSA-SHA3-256,16.507,2534.16,809.342,1,0,0,121.667,15,1131.88,1116.01,2116,2113
1,2,30,RSA-SHA3-384_signed-by_RSA-SHA3-256,RSA-SHA3-384_signed-by_RSA-SHA3-256,14.94,2799.98,869.605,1,0,0,138.8,24,1102.03,1104.87,2116,2113
1,7,35,RSA-SHA3-384_signed-by_RSA-SHA3-256,RSA-SHA3-384_signed-by_RSA-SHA3-256,13.133,3185.02,1037.92,1,6,0.461538,115.538,16,1163.65,1114.44,2116,2113
1,6,40,RSA-SHA3-384_signed-by_RSA-SHA3-256,RSA-SHA3-384_signed-by_RSA-SHA3-256,20.077,2083.51,1252.74,1,22,1.29412,177.765,9,1151.85,1106.33,2116,2113
1,8,37,RSA-SHA3-384_signed-by_RSA-SHA3-256,RSA-SHA3-384_signed-by_RSA-SHA3-256,12.326,3393.79,1536.91,1,11,0.846154,179.231,15,1131.8,1106.71,2116,2113
1,3,33,RSA-SHA3-384_signed-by_RSA-SHA3-256,RSA-SHA3-384_signed-by_RSA-SHA3-256,14.222,2941.3,949.495,1,0,0,142.333,24,1101.86,1128.31,2116,2113
1,5,36,RSA-SHA3-384_signed-by_RSA-SHA3-256,RSA-SHA3-384_signed-by_RSA-SHA3-256,10.871,3848.03,1261.34,1,1,0.0909091,131.091,15,1134.92,1101.84,2116,2113
1,6,41,RSA-SHA3-384_signed-by_RSA-SHA3-256,RSA-SHA3-384_signed-by_RSA-SHA3-256,6.452,6483,2030.82,0.636364,4,0.363636,129.273,9,1142.85,1107.1,2116,2113
1,8,38,RSA-SHA3-384_signed-by_RSA-SHA3-256,RSA-SHA3-384_signed-by_RSA-SHA3-256,7.636,5477.76,1734.78,0.545455,0,0,135.091,15,1124.85,1117.67,2116,2113
1,5,37,RSA-SHA3-384_signed-by_RSA-SHA3-256,RSA-SHA3-384_signed-by_RSA-SHA3-256,6.566,6370.52,1978.53,0.3,4,0.4,138.8,15,1129.15,1124.84,2116,2113
1,8,39,RSA-SHA3-384_signed-by_RSA-SHA3-256,RSA-SHA3-384_signed-by_RSA-SHA3-256,10.938,3824.46,1187.78,1,0,0,149.6,15,1101.62,1117.56,2116,2113
1,3,34,RSA-SHA3-384_signed-by_RSA-SHA3-256,RSA-SHA3-384_signed-by_RSA-SHA3-256,16.248,2574.52,1603.11,1,25,1.19048,157.238,24,1129.51,1087.68,2116,2113
1,6,42,RSA-SHA3-384_signed-by_RSA-SHA3-256,RSA-SHA3-384_signed-by_RSA-SHA3-256,16.291,2567.73,1233.53,1,10,0.555556,172,9,1132.28,1113.81,2116,2113
1,2,31,RSA-SHA3-384_signed-by_RSA-SHA3-256,RSA-SHA3-384_signed-by_RSA-SHA3-256,29.239,1430.66,687.288,1,13,0.722222,138.889,24,1575.47,1564.46,2116,2113
1,7,36,RSA-SHA3-384_signed-by_RSA-SHA3-256,RSA-SHA3-384_signed-by_RSA-SHA3-256,29.926,1397.82,527.69,1,4,0.25,187.75,16,1126.87,1104.14,2116,2113
1,8,40,RSA-SHA3-384_signed-by_RSA-SHA3-256,RSA-SHA3-384_signed-by_RSA-SHA3-256,13.041,3207.72,1399.89,1,7,0.4375,121.25,15,1126.49,1112.65,2116,2113
1,6,43,RSA-SHA3-384_signed-by_RSA-SHA3-256,RSA-SHA3-384_signed-by_RSA-SHA3-256,10.537,3969.7,2159.08,1,14,0.736842,121.368,9,1135.66,1107.15,2116,2113
1,2,32,RSA-SHA3-384_signed-by_RSA-SHA3-256,RSA-SHA3-384_signed-by_RSA-SHA3-256,14.005,2986.87,1366.34,1,12,0.857143,156.286,24,1139.79,1203.2,2116,2113
1,5,38,RSA-SHA3-384_signed-by_RSA-SHA3-256,RSA-SHA3-384_signed-by_RSA-SHA3-256,27.849,1502.07,1822.94,1,66,1.53488,204.14,15,1139.02,1092.95,2116,2113
1,8,41,RSA-SHA3-384_signed-by_RSA-SHA3-256,RSA-SHA3-384_signed-by_RSA-SHA3-256,8.989,4653.27,1445.19,0.8,0,0,149.6,15,1127.7,1116.69,2116,2113
1,3,35,RSA-SHA3-384_signed-by_RSA-SHA3-256,RSA-SHA3-384_signed-by_RSA-SHA3-256,21.582,1938.21,1713.96,1,45,1.95652,337.304,24,1101.73,1212.75,2116,2113
1,6,44,RSA-SHA3-384_signed-by_RSA-SHA3-256,RSA-SHA3-384_signed-by_RSA-SHA3-256,10.136,4126.71,1636.79,0.888889,2,0.222222,158,9,1144,1133.01,2116,2113
1,5,39,RSA-SHA3-384_signed-by_RSA-SHA3-256,RSA-SHA3-384_signed-by_RSA-SHA3-256,9.982,4190.4,1327.08,0.454545,0,0,130.727,15,1136.43,1124.28,2116,2113
1,8,42,RSA-SHA3-384_signed-by_RSA-SHA3-256,RSA-SHA3-384_signed-by_RSA-SHA3-256,11.172,3744.36,1396.35,0.533333,7,0.466667,121.2,15,1144.28,1102.93,2116,2113
1,3,36,RSA-SHA3-384_signed-by_RSA-SHA3-256,RSA-SHA3-384_signed-by_RSA-SHA3-256,12.658,3304.75,1457.4,0.764706,8,0.470588,127.176,24,1118.98,1114.46,2116,2113
1,2,33,RSA-SHA3-384_signed-by_RSA-SHA3-256,RSA-SHA3-384_signed-by_RSA-SHA3-256,16.502,2534.9,1147.95,1,11,0.846154,165.385,24,1097.74,1099.15,2116,2113
1,7,37,RSA-SHA3-384_signed-by_RSA-SHA3-256,RSA-SHA3-384_signed-by_RSA-SHA3-256,30.044,1392.33,856.328,1,25,1.25,158.6,16,1137.84,1106.56,2116,2113
1,6,45,RSA-SHA3-384_signed-by_RSA-SHA3-256,RSA-SHA3-384_signed-by_RSA-SHA3-256,14.578,2869.49,1039.36,1,0,0,124.769,9,1182.34,1123.64,2116,2113
1,2,34,RSA-SHA3-384_signed-by_RSA-SHA3-256,RSA-SHA3-384_signed-by_RSA-SHA3-256,7.976,5244.28,1628.75,1,0,0,138.8,24,1120.36,1113.49,2116,2113
1,5,40,RSA-SHA3-384_signed-by_RSA-SHA3-256,RSA-SHA3-384_signed-by_RSA-SHA3-256,14.693,2847.02,1367.7,1,14,0.777778,114,15,1118.11,1199.9,2116,2113
1,8,43,RSA-SHA3-384_signed-by_RSA-SHA3-256,RSA-SHA3-384_signed-by_RSA-SHA3-256,13.716,3049.85,1381.15,1,11,0.846154,179.231,16,1125.66,1111.5,2116,2113
1,6,46,RSA-SHA3-384_signed-by_RSA-SHA3-256,RSA-SHA3-384_signed-by_RSA-SHA3-256,9.179,4556.95,1415.28,1,0,0,138.8,9,1135.8,1092.14,2116,2113
1,3,37,RSA-SHA3-384_signed-by_RSA-SHA3-256,RSA-SHA3-384_signed-by_RSA-SHA3-256,15.091,2771.93,1503.38,1,15,0.789474,139.263,24,1126.84,1109.58,2116,2113
1,7,38,RSA-SHA3-384_signed-by_RSA-SHA3-256,RSA-SHA3-384_signed-by_RSA-SHA3-256,16.115,2595.77,1187.43,1,12,0.857143,169.143,16,1141.95,1117.7,2116,2113
1,2,35,RSA-SHA3-384_signed-by_RSA-SHA3-256,RSA-SHA3-384_signed-by_RSA-SHA3-256,11.986,3490.03,1580.49,1,11,0.846154,165.385,24,1125.65,1121.18,2116,2113
1,5,41,RSA-SHA3-384_signed-by_RSA-SHA3-256,RSA-SHA3-384_signed-by_RSA-SHA3-256,12.917,3238.45,1413.3,1,7,0.4375,116,15,1100.49,1110.7,2116,2113
1,3,38,RSA-SHA3-384_signed-by_RSA-SHA3-256,RSA-SHA3-384_signed-by_RSA-SHA3-256,11.108,3765.91,1192.65,1,0,0,151.818,24,1123.99,1105.67,2116,2113
1,8,44,RSA-SHA3-384_signed-by_RSA-SHA3-256,RSA-SHA3-384_signed-by_RSA-SHA3-256,15.592,2682.83,1150.3,1,8,0.533333,130,16,1147.82,1097.81,2116,2113
1,6,47,RSA-SHA3-384_signed-by_RSA-SHA3-256,RSA-SHA3-384_signed-by_RSA-SHA3-256,16.069,2603.2,1313.3,1,14,0.875,144.5,9,1605.19,1584.15,2116,2113
1,2,36,RSA-SHA3-384_signed-by_RSA-SHA3-256,RSA-SHA3-384_signed-by_RSA-SHA3-256,13.139,3183.75,1008.28,1,0,0,130.727,24,1151.04,1224.89,2116,2113
1,8,45,RSA-SHA3-384_signed-by_RSA-SHA3-256,RSA-SHA3-384_signed-by_RSA-SHA3-256,7.563,5530.63,1717.68,0.8,0,0,138.8,16,1104.69,1102.95,2116,2113
1,5,42,RSA-SHA3-384_signed-by_RSA-SHA3-256,RSA-SHA3-384_signed-by_RSA-SHA3-256,12.266,3410.38,1059.18,1,0,0,138.8,15,1125.91,1095.52,2116,2113
1,7,39,RSA-SHA3-384_signed-by_RSA-SHA3-256,RSA-SHA3-384_signed-by_RSA-SHA3-256,18.526,2257.92,1357.6,1,22,1.29412,184.118,16,1126.86,1114.97,2116,2113
1,6,48,RSA-SHA3-384_signed-by_RSA-SHA3-256,RSA-SHA3-384_signed-by_RSA-SHA3-256,9.053,4620.33,1434.96,0.8,0,0,138.8,9,1102.46,1108.68,2116,2113
1,3,39,RSA-SHA3-384_signed-by_RSA-SHA3-256,RSA-SHA3-384_signed-by_RSA-SHA3-256,13.268,3152.82,1785.93,1,18,1.05882,174.706,24,1136.42,1131.55,2116,2113
1,8,46,RSA-SHA3-384_signed-by_RSA-SHA3-256,RSA-SHA3-384_signed-by_RSA-SHA3-256,10.464,3997.34,1241.48,1,0,0,138.8,16,1138.33,1108.84,2116,2113
1,5,43,RSA-SHA3-384_signed-by_RSA-SHA3-256,RSA-SHA3-384_signed-by_RSA-SHA3-256,10.561,3960.65,1704.24,1,7,0.466667,121.2,15,1136.15,1086.21,2116,2113
1,3,40,RSA-SHA3-384_signed-by_RSA-SHA3-256,RSA-SHA3-384_signed-by_RSA-SHA3-256,10.947,3821.32,1186.81,0.8,0,0,149.6,24,1129.74,1110.26,2116,2113
1,2,37,RSA-SHA3-384_signed-by_RSA-SHA3-256,RSA-SHA3-384_signed-by_RSA-SHA3-256,17.151,2438.97,1798.56,1,33,1.73684,210.211,24,1130.01,1117.02,2116,2113
1,6,49,RSA-SHA3-384_signed-by_RSA-SHA3-256,RSA-SHA3-384_signed-by_RSA-SHA3-256,14.341,2916.89,1255.12,1,7,0.466667,121.2,9,1123.27,1098.96,2116,2113
1,7,40,RSA-SHA3-384_signed-by_RSA-SHA3-256,RSA-SHA3-384_signed-by_RSA-SHA3-256,17.288,2419.65,1110.57,1,11,0.785714,169.143,16,1129.31,1110.63,2116,2113
1,5,44,RSA-SHA3-384_signed-by_RSA-SHA3-256,RSA-SHA3-384_signed-by_RSA-SHA3-256,9.404,4447.96,1381.43,0,0,0,138.8,15,1123.57,1084.77,2116,2113
1,8,47,RSA-SHA3-384_signed-by_RSA-SHA3-256,RSA-SHA3-384_signed-by_RSA-SHA3-256,12.578,3325.56,1506.01,0.384615,11,0.846154,165.385,16,1673.37,1676.17,2116,2113
1,3,41,RSA-SHA3-384_signed-by_RSA-SHA3-256,RSA-SHA3-384_signed-by_RSA-SHA3-256,11.841,3532.55,1097.12,0,0,0,149.6,24,1106.32,1108.18,2116,2113
1,2,38,RSA-SHA3-384_signed-by_RSA-SHA3-256,RSA-SHA3-384_signed-by_RSA-SHA3-256,12.928,3235.54,1004.88,0,0,0,140,24,1124.93,1104.64,2116,2113
1,6,50,RSA-SHA3-384_signed-by_RSA-SHA3-256,RSA-SHA3-384_signed-by_RSA-SHA3-256,13.025,3211.45,997.399,0,0,0,138.8,9,1126.45,1194.88,2116,2113
1,7,41,RSA-SHA3-384_signed-by_RSA-SHA3-256,RSA-SHA3-384_signed-by_RSA-SHA3-256,11.871,3523.65,1094.36,0,0,0,149.6,16,1127.48,1099.19,2116,2113
1,8,48,RSA-SHA3-384_signed-by_RSA-SHA3-256,RSA-SHA3-384_signed-by_RSA-SHA3-256,9.857,4243.59,1317.96,0,0,0,138.8,16,1100.06,1090.66,2116,2113
1,5,45,RSA-SHA3-384_signed-by_RSA-SHA3-256,RSA-SHA3-384_signed-by_RSA-SHA3-256,13.22,3164.08,982.687,0,0,0,138.8,15,1134.8,1091.67,2116,2113
1,3,42,RSA-SHA3-384_signed-by_RSA-SHA3-256,RSA-SHA3-384_signed-by_RSA-SHA3-256,13.023,3212.15,851.413,1,0,0,161,24,1132.06,1105.19,2116,2113
1,2,39,RSA-SHA3-384_signed-by_RSA-SHA3-256,RSA-SHA3-384_signed-by_RSA-SHA3-256,11.893,3517.07,1092.32,1,0,0,149.6,24,1125.96,1100.24,2116,2113
1,6,51,RSA-SHA3-384_signed-by_RSA-SHA3-256,RSA-SHA3-384_signed-by_RSA-SHA3-256,11.581,3611.81,1143.84,1,0,0,129.636,9,1144.93,1131.26,2116,2113
1,7,42,RSA-SHA3-384_signed-by_RSA-SHA3-256,RSA-SHA3-384_signed-by_RSA-SHA3-256,11.078,3775.82,1172.68,1,0,0,149.6,16,1119.86,1086.18,2116,2113
1,8,49,RSA-SHA3-384_signed-by_RSA-SHA3-256,RSA-SHA3-384_signed-by_RSA-SHA3-256,10.844,3857.29,1636.16,1,7,0.5,127.143,16,1128.04,1122.44,2116,2113
1,5,46,RSA-SHA3-384_signed-by_RSA-SHA3-256,RSA-SHA3-384_signed-by_RSA-SHA3-256,16.76,2495.86,1780.37,1,30,1.42857,162.571,15,1145.08,1106.49,2116,2113
1,3,43,RSA-SHA3-384_signed-by_RSA-SHA3-256,RSA-SHA3-384_signed-by_RSA-SHA3-256,11.067,3779.55,1798.34,0.647059,7,0.411765,126.941,24,1132.55,1106.06,2116,2113
1,2,40,RSA-SHA3-384_signed-by_RSA-SHA3-256,RSA-SHA3-384_signed-by_RSA-SHA3-256,11.318,3695.74,1170.42,1,0,0,139.455,24,1143.96,1096.47,2116,2113
1,6,52,RSA-SHA3-384_signed-by_RSA-SHA3-256,RSA-SHA3-384_signed-by_RSA-SHA3-256,11.36,3682.07,1650.56,0.916667,2,0.166667,138,9,1126.3,1102.69,2116,2113
1,8,50,RSA-SHA3-384_signed-by_RSA-SHA3-256,RSA-SHA3-384_signed-by_RSA-SHA3-256,10.797,3874.07,1203.19,0.3,0,0,138.8,16,1139.29,1090.91,2116,2113
1,7,43,RSA-SHA3-384_signed-by_RSA-SHA3-256,RSA-SHA3-384_signed-by_RSA-SHA3-256,12.866,3251.33,1472.39,1,11,0.846154,179.231,16,1138.57,1114.49,2116,2113
1,3,44,RSA-SHA3-384_signed-by_RSA-SHA3-256,RSA-SHA3-384_signed-by_RSA-SHA3-256,10.744,3893.21,1209.14,0.8,0,0,149.6,24,1132.02,1122.28,2116,2113
1,5,47,RSA-SHA3-384_signed-by_RSA-SHA3-256,RSA-SHA3-384_signed-by_RSA-SHA3-256,12.727,3286.63,1040.86,1,0,0,129.636,15,1596.73,1586,2116,2113
1,6,53,RSA-SHA3-384_signed-by_RSA-SHA3-256,RSA-SHA3-384_signed-by_RSA-SHA3-256,10.557,3962.17,1230.55,1,4,0.4,138.8,9,1115.99,1090.7,2116,2113
1,8,51,RSA-SHA3-384_signed-by_RSA-SHA3-256,RSA-SHA3-384_signed-by_RSA-SHA3-256,10.193,4103.66,1883.49,0.928571,11,0.785714,156.286,16,1105.05,1091.69,2116,2113
1,2,41,RSA-SHA3-384_signed-by_RSA-SHA3-256,RSA-SHA3-384_signed-by_RSA-SHA3-256,13.43,3114.8,1321.21,1,11,0.785714,136.571,24,1123.83,1105.32,2116,2113
1,7,44,RSA-SHA3-384_signed-by_RSA-SHA3-256,RSA-SHA3-384_signed-by_RSA-SHA3-256,12.391,3375.99,1048.5,1,0,0,149.6,16,1134.54,1113.38,2116,2113
1,3,45,RSA-SHA3-384_signed-by_RSA-SHA3-256,RSA-SHA3-384_signed-by_RSA-SHA3-256,13.195,3170.25,1435.68,1,11,0.846154,177.385,24,1135.04,1126.14,2116,2113
1,8,52,RSA-SHA3-384_signed-by_RSA-SHA3-256,RSA-SHA3-384_signed-by_RSA-SHA3-256,11.583,3611.47,1121.64,1,0,0,138.8,16,1116.31,1096.49,2116,2113
1,5,48,RSA-SHA3-384_signed-by_RSA-SHA3-256,RSA-SHA3-384_signed-by_RSA-SHA3-256,13.612,3073.11,954.432,1,0,0,138.8,15,1135.36,1092.79,2116,2113
1,2,42,RSA-SHA3-384_signed-by_RSA-SHA3-256,RSA-SHA3-384_signed-by_RSA-SHA3-256,12.056,3469.78,1293.95,1,3,0.2,197.733,24,1139.87,1126.89,2116,2113
1,6,54,RSA-SHA3-384_signed-by_RSA-SHA3-256,RSA-SHA3-384_signed-by_RSA-SHA3-256,17.525,2386.9,1070.89,1,7,0.35,156.4,9,1259.06,1105.47,2116,2113
1,7,45,RSA-SHA3-384_signed-by_RSA-SHA3-256,RSA-SHA3-384_signed-by_RSA-SHA3-256,15.478,2702.59,2161.45,1,40,1.66667,174,16,1169.72,1110.06,2116,2113
1,8,53,RSA-SHA3-384_signed-by_RSA-SHA3-256,RSA-SHA3-384_signed-by_RSA-SHA3-256,10.444,4004.99,1243.85,1,0,0,138.8,16,1138.5,1108.75,2116,2113
1,2,43,RSA-SHA3-384_signed-by_RSA-SHA3-256,RSA-SHA3-384_signed-by_RSA-SHA3-256,10.093,4144.25,1287.1,0.9,0,0,149.6,24,1131.87,1098.32,2116,2113
1,5,49,RSA-SHA3-384_signed-by_RSA-SHA3-256,RSA-SHA3-384_signed-by_RSA-SHA3-256,13.274,3151.37,1446.41,1,11,0.785714,158,15,1139.87,1111.95,2116,2113
1,6,55,RSA-SHA3-384_signed-by_RSA-SHA3-256,RSA-SHA3-384_signed-by_RSA-SHA3-256,11.028,3793.24,1717.8,0.923077,11,0.846154,165.385,9,1118.57,1104.71,2116,2113
1,7,46,RSA-SHA3-384_signed-by_RSA-SHA3-256,RSA-SHA3-384_signed-by_RSA-SHA3-256,10.468,3995.82,1241,0.3,4,0.4,149.6,16,1146.66,1100.94,2116,2113
1,3,46,RSA-SHA3-384_signed-by_RSA-SHA3-256,RSA-SHA3-384_signed-by_RSA-SHA3-256,19.059,2194.78,1316.28,1,23,1.35294,193.529,24,1135.76,1113.46,2116,2113
1,8,54,RSA-SHA3-384_signed-by_RSA-SHA3-256,RSA-SHA3-384_signed-by_RSA-SHA3-256,9.371,4463.58,1386.28,0.9,0,0,138.8,16,1132.78,1102.12,2116,2113
1,2,44,RSA-SHA3-384_signed-by_RSA-SHA3-256,RSA-SHA3-384_signed-by_RSA-SHA3-256,12.536,3336.91,1036.36,0.9,0,0,149.6,24,1128.86,1114.3,2116,2113
1,5,50,RSA-SHA3-384_signed-by_RSA-SHA3-256,RSA-SHA3-384_signed-by_RSA-SHA3-256,12.747,3281.67,1059.37,0.75,0,0,122,15,1129.82,1109.66,2116,2113
1,6,56,RSA-SHA3-384_signed-by_RSA-SHA3-256,RSA-SHA3-384_signed-by_RSA-SHA3-256,12.122,3450.9,1071.76,0.6,0,0,138.8,9,1148.44,1088.78,2116,2113
1,7,47,RSA-SHA3-384_signed-by_RSA-SHA3-256,RSA-SHA3-384_signed-by_RSA-SHA3-256,11.753,3558.96,1305.43,0.428571,3,0.214286,209.143,16,1612.95,1577.08,2116,2113
1,3,47,RSA-SHA3-384_signed-by_RSA-SHA3-256,RSA-SHA3-384_signed-by_RSA-SHA3-256,11.453,3652.19,1670.69,0.428571,12,0.857143,169.143,24,1600.61,1678.85,2116,2113
1,8,55,RSA-SHA3-384_signed-by_RSA-SHA3-256,RSA-SHA3-384_signed-by_RSA-SHA3-256,11.304,3700.32,1149.23,0,0,0,138.8,16,1149.99,1218.56,2116,2113
1,5,51,RSA-SHA3-384_signed-by_RSA-SHA3-256,RSA-SHA3-384_signed-by_RSA-SHA3-256,9.552,4378.98,1360.01,0.6,0,0,138.8,15,1122.91,1107.22,2116,2113
1,7,48,RSA-SHA3-384_signed-by_RSA-SHA3-256,RSA-SHA3-384_signed-by_RSA-SHA3-256,8.209,5095.34,1582.49,0.6,0,0,149.6,16,1142.65,1109.79,2116,2113
1,6,57,RSA-SHA3-384_signed-by_RSA-SHA3-256,RSA-SHA3-384_signed-by_RSA-SHA3-256,10.098,4142.23,1519.37,0.428571,7,0.5,118.571,9,1135.75,1109.91,2116,2113
1,2,45,RSA-SHA3-384_signed-by_RSA-SHA3-256,RSA-SHA3-384_signed-by_RSA-SHA3-256,15.483,2701.75,1162.54,1,7,0.466667,130,24,1132.43,1114.33,2116,2113
1,3,48,RSA-SHA3-384_signed-by_RSA-SHA3-256,RSA-SHA3-384_signed-by_RSA-SHA3-256,10.709,3905.89,1213.08,1,4,0.4,149.6,24,1151.9,1122.71,2116,2113
1,8,56,RSA-SHA3-384_signed-by_RSA-SHA3-256,RSA-SHA3-384_signed-by_RSA-SHA3-256,10.119,4133.65,1852.99,1,2,0.166667,138,16,1147.51,1090.26,2116,2113
1,2,46,RSA-SHA3-384_signed-by_RSA-SHA3-256,RSA-SHA3-384_signed-by_RSA-SHA3-256,8.004,5225.87,2366.58,1,15,1.15385,179.231,24,1127.68,1112.44,2116,2113
1,7,49,RSA-SHA3-384_signed-by_RSA-SHA3-256,RSA-SHA3-384_signed-by_RSA-SHA3-256,11.883,3520.32,2015.65,1,18,1,154.667,16,1143.34,1102.58,2116,2113
1,6,58,RSA-SHA3-384_signed-by_RSA-SHA3-256,RSA-SHA3-384_signed-by_RSA-SHA3-256,15.369,2721.79,1232.59,1,11,0.846154,165.385,9,1129.94,1144.39,2116,2113
1,8,57,RSA-SHA3-384_signed-by_RSA-SHA3-256,RSA-SHA3-384_signed-by_RSA-SHA3-256,13.464,3106.9,1726.65,1,15,0.789474,118.421,16,1102.18,1105.96,2116,2113
1,3,49,RSA-SHA3-384_signed-by_RSA-SHA3-256,RSA-SHA3-384_signed-by_RSA-SHA3-256,15.326,2729.4,1013.67,1,8,0.533333,197.733,24,1141.95,1103.41,2116,2113
1,2,47,RSA-SHA3-384_signed-by_RSA-SHA3-256,RSA-SHA3-384_signed-by_RSA-SHA3-256,11.082,3774.46,1430.67,0.5,3,0.1875,187.75,24,1591.88,1590.99,2116,2113
1,7,50,RSA-SHA3-384_signed-by_RSA-SHA3-256,RSA-SHA3-384_signed-by_RSA-SHA3-256,10.73,3898.26,1210.7,0.8,0,0,149.6,16,1133.81,1096.94,2116,2113
1,8,58,RSA-SHA3-384_signed-by_RSA-SHA3-256,RSA-SHA3-384_signed-by_RSA-SHA3-256,10.071,4153.34,1289.93,0.6,0,0,138.8,16,1118.11,1119.98,2116,2113
1,6,59,RSA-SHA3-384_signed-by_RSA-SHA3-256,RSA-SHA3-384_signed-by_RSA-SHA3-256,11.577,3613.37,1138.81,1,7,0.636364,129.636,9,1100.17,1097.7,2116,2113
1,3,50,RSA-SHA3-384_signed-by_RSA-SHA3-256,RSA-SHA3-384_signed-by_RSA-SHA3-256,11.053,3784.37,1388.11,0.214286,3,0.214286,209.143,24,1147.83,1111.02,2116,2113
1,5,52,RSA-SHA3-384_signed-by_RSA-SHA3-256,RSA-SHA3-384_signed-by_RSA-SHA3-256,31.258,1338.26,808.737,1,28,1.55556,174,15,1142.72,1107.78,2116,2113
1,2,48,RSA-SHA3-384_signed-by_RSA-SHA3-256,RSA-SHA3-384_signed-by_RSA-SHA3-256,10.435,4008.49,1244.94,0.9,0,0,149.6,24,1138.43,1126.16,2116,2113
1,7,51,RSA-SHA3-384_signed-by_RSA-SHA3-256,RSA-SHA3-384_signed-by_RSA-SHA3-256,10.354,4039.88,1348.94,1,1,0.0833333,132.667,16,1131.55,1110.58,2116,2113
1,8,59,RSA-SHA3-384_signed-by_RSA-SHA3-256,RSA-SHA3-384_signed-by_RSA-SHA3-256,10.476,3992.78,1264.49,1,0,0,129.636,16,1164.37,1316.46,2116,2113
1,6,60,RSA-SHA3-384_signed-by_RSA-SHA3-256,RSA-SHA3-384_signed-by_RSA-SHA3-256,11.41,3666.25,1350.39,1,0,0,188.857,9,1127.01,1091.53,2116,2113
1,7,52,RSA-SHA3-384_signed-by_RSA-SHA3-256,RSA-SHA3-384_signed-by_RSA-SHA3-256,9.058,4617.74,1693.79,0.571429,7,0.5,127.143,16,1130.04,1102.76,2116,2113
1,2,49,RSA-SHA3-384_signed-by_RSA-SHA3-256,RSA-SHA3-384_signed-by_RSA-SHA3-256,10.676,3918.29,1216.92,1,0,0,149.6,24,1128.51,1097.99,2116,2113
1,5,53,RSA-SHA3-384_signed-by_RSA-SHA3-256,RSA-SHA3-384_signed-by_RSA-SHA3-256,15.996,2615.07,1482.32,0.809524,20,0.952381,236.095,15,1137.43,1098.63,2116,2113
1,3,51,RSA-SHA3-384_signed-by_RSA-SHA3-256,RSA-SHA3-384_signed-by_RSA-SHA3-256,17.275,2421.45,1107.69,1,12,0.857143,169.143,24,1133.2,1097.65,2116,2113
1,8,60,RSA-SHA3-384_signed-by_RSA-SHA3-256,RSA-SHA3-384_signed-by_RSA-SHA3-256,12.41,3370.8,1067.52,1,0,0,129.636,16,1129.27,1149.93,2116,2113
1,6,61,RSA-SHA3-384_signed-by_RSA-SHA3-256,RSA-SHA3-384_signed-by_RSA-SHA3-256,12.118,3452.04,1563.29,1,11,0.846154,165.385,9,1134.58,1085.32,2116,2113
1,7,53,RSA-SHA3-384_signed-by_RSA-SHA3-256,RSA-SHA3-384_signed-by_RSA-SHA3-256,10.022,4173.7,1550.07,1,8,0.533333,121.2,16,1100.27,1096.46,2116,2113
1,3,52,RSA-SHA3-384_signed-by_RSA-SHA3-256,RSA-SHA3-384_signed-by_RSA-SHA3-256,9.553,4378.53,1406.76,1,4,0.333333,127,24,1146.38,1107.12,2116,2113
1,2,50,RSA-SHA3-384_signed-by_RSA-SHA3-256,RSA-SHA3-384_signed-by_RSA-SHA3-256,15.906,2629.88,1414.27,1,14,0.777778,128,24,1130.74,1116.82,2116,2113
1,6,62,RSA-SHA3-384_signed-by_RSA-SHA3-256,RSA-SHA3-384_signed-by_RSA-SHA3-256,11.947,3501.33,1898.98,1,15,0.789474,117.579,9,1105.89,1109.12,2116,2113
1,8,61,RSA-SHA3-384_signed-by_RSA-SHA3-256,RSA-SHA3-384_signed-by_RSA-SHA3-256,13.766,3038.67,1753.81,1,19,1,137.789,16,1136.2,1115.82,2116,2113
1,3,53,RSA-SHA3-384_signed-by_RSA-SHA3-256,RSA-SHA3-384_signed-by_RSA-SHA3-256,9.096,4598.91,2420.39,0.444444,17,0.944444,223.556,24,1126.64,1122.7,2116,2113
1,2,51,RSA-SHA3-384_signed-by_RSA-SHA3-256,RSA-SHA3-384_signed-by_RSA-SHA3-256,7.508,5571.01,1730.22,0,0,0,149.6,24,1125.34,1109.37,2116,2113
1,5,54,RSA-SHA3-384_signed-by_RSA-SHA3-256,RSA-SHA3-384_signed-by_RSA-SHA3-256,21.294,1964.48,851.312,1,9,0.5625,131.25,15,1138.14,1196.56,2116,2113
1,6,63,RSA-SHA3-384_signed-by_RSA-SHA3-256,RSA-SHA3-384_signed-by_RSA-SHA3-256,10.422,4013.45,1614.9,1,2,0.166667,133.333,9,1616.1,1572.62,2116,2113
1,8,62,RSA-SHA3-384_signed-by_RSA-SHA3-256,RSA-SHA3-384_signed-by_RSA-SHA3-256,10.242,4083.96,1312.12,1,7,0.583333,123,16,1129.91,1112.76,2116,2113
1,2,52,RSA-SHA3-384_signed-by_RSA-SHA3-256,RSA-SHA3-384_signed-by_RSA-SHA3-256,11.26,3715.07,1176.55,1,0,0,139.455,24,1137.52,1096.18,2116,2113
1,3,54,RSA-SHA3-384_signed-by_RSA-SHA3-256,RSA-SHA3-384_signed-by_RSA-SHA3-256,12.391,3375.95,1238.3,1,7,0.5,127.143,24,1126.2,1094.1,2116,2113
1,7,54,RSA-SHA3-384_signed-by_RSA-SHA3-256,RSA-SHA3-384_signed-by_RSA-SHA3-256,28.886,1448.17,1213.04,1,38,1.40741,148.667,16,1129.11,1098.19,2116,2113
1,5,55,RSA-SHA3-384_signed-by_RSA-SHA3-256,RSA-SHA3-384_signed-by_RSA-SHA3-256,14.221,2941.5,1649.36,1,24,1.2,262.2,15,1123.88,1097.48,2116,2113
1,8,63,RSA-SHA3-384_signed-by_RSA-SHA3-256,RSA-SHA3-384_signed-by_RSA-SHA3-256,10.822,3865.44,1400.11,0.538462,0,0,238,16,1569.1,1612.97,2116,2113
1,2,53,RSA-SHA3-384_signed-by_RSA-SHA3-256,RSA-SHA3-384_signed-by_RSA-SHA3-256,8.89,4705.04,1461.27,0.4,0,0,149.6,24,1149.01,1084.31,2116,2113
1,3,55,RSA-SHA3-384_signed-by_RSA-SHA3-256,RSA-SHA3-384_signed-by_RSA-SHA3-256,9.377,4460.69,1412.68,0.363636,0,0,139.455,24,1183.13,1130.22,2116,2113
1,6,64,RSA-SHA3-384_signed-by_RSA-SHA3-256,RSA-SHA3-384_signed-by_RSA-SHA3-256,14.075,2972.01,1260.65,0.5,7,0.5,127.143,9,1210.66,1090.14,2116,2113
1,7,55,RSA-SHA3-384_signed-by_RSA-SHA3-256,RSA-SHA3-384_signed-by_RSA-SHA3-256,10.67,3920.51,1217.62,0,0,0,185.6,16,1143.58,1102.56,2116,2113
1,5,56,RSA-SHA3-384_signed-by_RSA-SHA3-256,RSA-SHA3-384_signed-by_RSA-SHA3-256,10.673,3919.4,1217.27,0,0,0,163.2,15,1136.56,1096.31,2116,2113
1,8,64,RSA-SHA3-384_signed-by_RSA-SHA3-256,RSA-SHA3-384_signed-by_RSA-SHA3-256,11.843,3532.2,1118.63,0.454545,0,0,129.636,16,1126.98,1108.3,2116,2113
1,6,65,RSA-SHA3-384_signed-by_RSA-SHA3-256,RSA-SHA3-384_signed-by_RSA-SHA3-256,9.69,4316.64,1340.64,0.5,0,0,138.8,9,1128.85,1111.31,2116,2113
1,3,56,RSA-SHA3-384_signed-by_RSA-SHA3-256,RSA-SHA3-384_signed-by_RSA-SHA3-256,11.479,3644.22,1131.8,0.8,4,0.4,149.6,24,1130.98,1094.55,2116,2113
1,2,54,RSA-SHA3-384_signed-by_RSA-SHA3-256,RSA-SHA3-384_signed-by_RSA-SHA3-256,13.313,3142.16,975.877,0.8,0,0,149.6,24,1126.96,1111.59,2116,2113
1,7,56,RSA-SHA3-384_signed-by_RSA-SHA3-256,RSA-SHA3-384_signed-by_RSA-SHA3-256,9.975,4193.34,1321.6,1,7,0.636364,139.455,16,1130.47,1113.84,2116,2113
1,5,57,RSA-SHA3-384_signed-by_RSA-SHA3-256,RSA-SHA3-384_signed-by_RSA-SHA3-256,9.757,4287.03,1941.42,0.846154,11,0.846154,193.692,15,1137.83,1106.79,2116,2113
1,8,65,RSA-SHA3-384_signed-by_RSA-SHA3-256,RSA-SHA3-384_signed-by_RSA-SHA3-256,11.084,3773.77,1195.14,0.545455,0,0,129.636,16,1128.43,1106.32,2116,2113
1,2,55,RSA-SHA3-384_signed-by_RSA-SHA3-256,RSA-SHA3-384_signed-by_RSA-SHA3-256,9.389,4455.04,1383.63,0.3,0,0,149.6,24,1132.75,1117.95,2116,2113
1,7,57,RSA-SHA3-384_signed-by_RSA-SHA3-256,RSA-SHA3-384_signed-by_RSA-SHA3-256,7.851,5327.77,1929.78,0,0,0,222.308,16,1106.12,1086.42,2116,2113
1,3,57,RSA-SHA3-384_signed-by_RSA-SHA3-256,RSA-SHA3-384_signed-by_RSA-SHA3-256,12.008,3483.67,1097.93,1,3,0.272727,243.818,24,1134.09,1204.64,2116,2113
1,6,66,RSA-SHA3-384_signed-by_RSA-SHA3-256,RSA-SHA3-384_signed-by_RSA-SHA3-256,14.218,2942.14,1318.87,1,6,0.5,138,9,1135.35,1110.84,2116,2113
1,5,58,RSA-SHA3-384_signed-by_RSA-SHA3-256,RSA-SHA3-384_signed-by_RSA-SHA3-256,14.313,2922.63,925.584,1,0,0,129.636,15,1139.1,1120.56,2116,2113
1,2,56,RSA-SHA3-384_signed-by_RSA-SHA3-256,RSA-SHA3-384_signed-by_RSA-SHA3-256,12.098,3457.74,1565.87,1,11,0.846154,179.231,24,1129.49,1105.44,2116,2113
1,7,58,RSA-SHA3-384_signed-by_RSA-SHA3-256,RSA-SHA3-384_signed-by_RSA-SHA3-256,12.943,3231.98,1370.92,1,7,0.5,136.571,16,1129.61,1105.7,2116,2113
1,6,67,RSA-SHA3-384_signed-by_RSA-SHA3-256,RSA-SHA3-384_signed-by_RSA-SHA3-256,11.805,3543.57,1299.78,0.642857,3,0.214286,192.286,9,1099.94,1111.17,2116,2113
1,3,58,RSA-SHA3-384_signed-by_RSA-SHA3-256,RSA-SHA3-384_signed-by_RSA-SHA3-256,14.043,2978.81,1417.34,0.529412,7,0.411765,126.235,24,1150.46,1091.07,2116,2113
1,5,59,RSA-SHA3-384_signed-by_RSA-SHA3-256,RSA-SHA3-384_signed-by_RSA-SHA3-256,10.019,4174.88,1296.62,0.3,0,0,138.8,15,1129.67,1108.08,2116,2113
1,8,66,RSA-SHA3-384_signed-by_RSA-SHA3-256,RSA-SHA3-384_signed-by_RSA-SHA3-256,19.234,2174.84,1169.56,0.944444,14,0.777778,123.333,16,1126.33,1110.72,2116,2113
1,2,57,RSA-SHA3-384_signed-by_RSA-SHA3-256,RSA-SHA3-384_signed-by_RSA-SHA3-256,10.916,3831.84,1213.53,0,0,0,135.091,24,1125.58,1115.24,2116,2113
1,3,59,RSA-SHA3-384_signed-by_RSA-SHA3-256,RSA-SHA3-384_signed-by_RSA-SHA3-256,7.802,5361.21,1665.06,0,0,0,149.6,24,1123.79,1114.06,2116,2113
1,7,59,RSA-SHA3-384_signed-by_RSA-SHA3-256,RSA-SHA3-384_signed-by_RSA-SHA3-256,10.931,3826.57,1188.44,0.5,0,0,167.6,16,1127.72,1090.34,2116,2113
1,6,68,RSA-SHA3-384_signed-by_RSA-SHA3-256,RSA-SHA3-384_signed-by_RSA-SHA3-256,10.917,3831.48,1189.97,0.5,4,0.4,138.8,9,1136.53,1120.09,2116,2113
1,5,60,RSA-SHA3-384_signed-by_RSA-SHA3-256,RSA-SHA3-384_signed-by_RSA-SHA3-256,10.271,4072.45,1264.8,0.7,0,0,138.8,15,1126.64,1111.17,2116,2113
1,8,67,RSA-SHA3-384_signed-by_RSA-SHA3-256,RSA-SHA3-384_signed-by_RSA-SHA3-256,12.556,3331.59,1034.71,0.8,0,0,138.8,16,1126.27,1105.14,2116,2113
1,2,58,RSA-SHA3-384_signed-by_RSA-SHA3-256,RSA-SHA3-384_signed-by_RSA-SHA3-256,9.884,4231.95,1340.24,0.727273,0,0,139.455,24,1136.18,1110.76,2116,2113
1,7,60,RSA-SHA3-384_signed-by_RSA-SHA3-256,RSA-SHA3-384_signed-by_RSA-SHA3-256,9.729,4299.39,1335.29,0.3,0,0,203.6,16,1131.41,1084.14,2116,2113
1,6,69,RSA-SHA3-384_signed-by_RSA-SHA3-256,RSA-SHA3-384_signed-by_RSA-SHA3-256,9.487,4409.06,1649.29,0.1875,4,0.25,175.75,9,1126.87,1100.82,2116,2113
1,5,61,RSA-SHA3-384_signed-by_RSA-SHA3-256,RSA-SHA3-384_signed-by_RSA-SHA3-256,9.894,4227.66,1313.01,0.1,0,0,138.8,15,1153.71,1109.58,2116,2113
1,8,68,RSA-SHA3-384_signed-by_RSA-SHA3-256,RSA-SHA3-384_signed-by_RSA-SHA3-256,9.211,4541.14,1410.37,0,0,0,138.8,16,1139.45,1110.31,2116,2113
1,7,61,RSA-SHA3-384_signed-by_RSA-SHA3-256,RSA-SHA3-384_signed-by_RSA-SHA3-256,7.242,5775.79,1793.82,0.5,0,0,221.6,16,1126.72,1087.61,2116,2113
1,2,59,RSA-SHA3-384_signed-by_RSA-SHA3-256,RSA-SHA3-384_signed-by_RSA-SHA3-256,9.316,4489.95,1394.47,0.5,0,0,149.6,24,1128.32,1106.39,2116,2113
1,6,70,RSA-SHA3-384_signed-by_RSA-SHA3-256,RSA-SHA3-384_signed-by_RSA-SHA3-256,13.254,3156.16,980.228,0.9,0,0,140,9,1128.23,1110.61,2116,2113
1,5,62,RSA-SHA3-384_signed-by_RSA-SHA3-256,RSA-SHA3-384_signed-by_RSA-SHA3-256,13.042,3207.45,1030.51,1,4,0.333333,122,15,1145.69,1132.17,2116,2113
1,8,69,RSA-SHA3-384_signed-by_RSA-SHA3-256,RSA-SHA3-384_signed-by_RSA-SHA3-256,14.225,2940.7,1349.72,1,11,0.785714,156.286,16,1126.34,1127.61,2116,2113
1,2,60,RSA-SHA3-384_signed-by_RSA-SHA3-256,RSA-SHA3-384_signed-by_RSA-SHA3-256,12.718,3289.18,1041.67,0.909091,0,0,139.455,24,1128.08,1109.51,2116,2113
1,7,62,RSA-SHA3-384_signed-by_RSA-SHA3-256,RSA-SHA3-384_signed-by_RSA-SHA3-256,14.803,2825.88,877.65,1,0,0,203.6,17,1116.42,1088.55,2116,2113
1,3,60,RSA-SHA3-384_signed-by_RSA-SHA3-256,RSA-SHA3-384_signed-by_RSA-SHA3-256,33.099,1263.82,871.065,1,31,1.34783,143.565,24,1125.64,1109.91,2116,2113
1,6,71,RSA-SHA3-384_signed-by_RSA-SHA3-256,RSA-SHA3-384_signed-by_RSA-SHA3-256,9.541,4384.08,1361.59,0.9,0,0,138.8,9,1131.33,1097.99,2116,2113
1,5,63,RSA-SHA3-384_signed-by_RSA-SHA3-256,RSA-SHA3-384_signed-by_RSA-SHA3-256,12.713,3290.25,1493.79,0.2,5,0.333333,191.067,15,1581.54,1573.58,2116,2113
1,8,70,RSA-SHA3-384_signed-by_RSA-SHA3-256,RSA-SHA3-384_signed-by_RSA-SHA3-256,9.532,4388.27,1362.89,0.3,0,0,138.8,16,1136.13,1108.35,2116,2113
1,7,63,RSA-SHA3-384_signed-by_RSA-SHA3-256,RSA-SHA3-384_signed-by_RSA-SHA3-256,9.546,4381.8,1360.88,0.7,0,0,203.6,17,1613.62,1571.48,2116,2113
1,2,61,RSA-SHA3-384_signed-by_RSA-SHA3-256,RSA-SHA3-384_signed-by_RSA-SHA3-256,11.361,3681.78,1143.47,0.7,4,0.4,149.6,24,1134.33,1120.11,2116,2113
1,6,72,RSA-SHA3-384_signed-by_RSA-SHA3-256,RSA-SHA3-384_signed-by_RSA-SHA3-256,13.66,3062.37,969.839,0.909091,0,0,129.636,9,1150.96,1104.63,2116,2113
1,3,61,RSA-SHA3-384_signed-by_RSA-SHA3-256,RSA-SHA3-384_signed-by_RSA-SHA3-256,15.398,2716.7,996.486,1,3,0.214286,209.143,24,1135.68,1108.09,2116,2113
1,5,64,RSA-SHA3-384_signed-by_RSA-SHA3-256,RSA-SHA3-384_signed-by_RSA-SHA3-256,16.286,2568.57,797.734,1,0,0,138.8,15,1131.67,1105.35,2116,2113
1,8,71,RSA-SHA3-384_signed-by_RSA-SHA3-256,RSA-SHA3-384_signed-by_RSA-SHA3-256,19.579,2136.55,663.559,1,0,0,289.6,16,1133.37,1113.63,2116,2113
1,4,0,RSA-SHA3-384_signed-by_RSA-SHA3-256,RSA-SHA3-384_signed-by_RSA-SHA3-256,1028.47,40.6741,11.9401,1,9,0.428571,160.571,24,1156.74,1153.49,2116,2113
1,7,64,RSA-SHA3-384_signed-by_RSA-SHA3-256,RSA-SHA3-384_signed-by_RSA-SHA3-256,23.667,1767.5,800.428,1,11,0.846154,248.462,17,1109.21,1114.91,2116,2113
1,2,62,RSA-SHA3-384_signed-by_RSA-SHA3-256,RSA-SHA3-384_signed-by_RSA-SHA3-256,24.249,1725.08,640.676,1,4,0.266667,197.733,24,1134.5,1102.62,2116,2113
1,3,62,RSA-SHA3-384_signed-by_RSA-SHA3-256,RSA-SHA3-384_signed-by_RSA-SHA3-256,19.194,2179.42,676.874,1,4,0.4,149.6,24,1136.54,1143.23,2116,2113
1,6,73,RSA-SHA3-384_signed-by_RSA-SHA3-256,RSA-SHA3-384_signed-by_RSA-SHA3-256,20.474,2043.16,925.262,1,15,1.15385,196.462,9,1127.77,1090.22,2116,2113
1,5,65,RSA-SHA3-384_signed-by_RSA-SHA3-256,RSA-SHA3-384_signed-by_RSA-SHA3-256,18.09,2312.43,728.797,1,5,0.454545,129.636,15,1135.88,1107.35,2116,2113
1,8,72,RSA-SHA3-384_signed-by_RSA-SHA3-256,RSA-SHA3-384_signed-by_RSA-SHA3-256,17.953,2330.06,617.606,1,0,0,149,16,1099.27,1098.43,2116,2113
1,4,1,RSA-SHA3-384_signed-by_RSA-SHA3-256,RSA-SHA3-384_signed-by_RSA-SHA3-256,14.75,2836.06,893.828,1,7,0.636364,154,24,1131.34,1101.96,2116,2113
1,7,65,RSA-SHA3-384_signed-by_RSA-SHA3-256,RSA-SHA3-384_signed-by_RSA-SHA3-256,14.716,2842.61,882.846,1,0,0,203.6,17,1133.72,1113.33,2116,2113
1,6,74,RSA-SHA3-384_signed-by_RSA-SHA3-256,RSA-SHA3-384_signed-by_RSA-SHA3-256,13.34,3135.63,1150.15,0.5,3,0.214286,229.714,9,1127.84,1095.34,2116,2113
1,2,63,RSA-SHA3-384_signed-by_RSA-SHA3-256,RSA-SHA3-384_signed-by_RSA-SHA3-256,16.074,2602.45,1044.17,1,11,1.1,208.4,24,1638.16,1592.37,2116,2113
1,5,66,RSA-SHA3-384_signed-by_RSA-SHA3-256,RSA-SHA3-384_signed-by_RSA-SHA3-256,17.437,2399.01,894.641,0.6,3,0.2,182,15,1140.37,1110.11,2116,2113
1,3,63,RSA-SHA3-384_signed-by_RSA-SHA3-256,RSA-SHA3-384_signed-by_RSA-SHA3-256,25.024,1671.63,1000.61,0.73913,18,0.782609,164.087,24,1622.16,1594.82,2116,2113
1,8,73,RSA-SHA3-384_signed-by_RSA-SHA3-256,RSA-SHA3-384_signed-by_RSA-SHA3-256,15.424,2711.97,998.9,0.857143,0,0,192.286,16,1101.68,1099.65,2116,2113
1,7,66,RSA-SHA3-384_signed-by_RSA-SHA3-256,RSA-SHA3-384_signed-by_RSA-SHA3-256,13.375,3127.41,971.296,0.9,4,0.4,203.6,17,1102.58,1127.77,2116,2113
1,4,2,RSA-SHA3-384_signed-by_RSA-SHA3-256,RSA-SHA3-384_signed-by_RSA-SHA3-256,16.899,2475.4,896.617,1,0,0,246.308,24,1128.3,1101.37,2116,2113
1,2,64,RSA-SHA3-384_signed-by_RSA-SHA3-256,RSA-SHA3-384_signed-by_RSA-SHA3-256,15.069,2775.85,1005.44,1,0,0,222.308,24,1133.51,1088.94,2116,2113
1,6,75,RSA-SHA3-384_signed-by_RSA-SHA3-256,RSA-SHA3-384_signed-by_RSA-SHA3-256,19.616,2132.51,668.014,1,0,0,151.455,10,1129.48,1097.28,2116,2113
1,5,67,RSA-SHA3-384_signed-by_RSA-SHA3-256,RSA-SHA3-384_signed-by_RSA-SHA3-256,13.793,3032.82,1112.44,1,7,0.5,118.571,15,1121.62,1109.68,2116,2113
1,4,3,RSA-SHA3-384_signed-by_RSA-SHA3-256,RSA-SHA3-384_signed-by_RSA-SHA3-256,12.804,3267.03,1014.66,1,0,0,164.4,24,1124.87,1110.63,2116,2113
1,2,65,RSA-SHA3-384_signed-by_RSA-SHA3-256,RSA-SHA3-384_signed-by_RSA-SHA3-256,12.437,3363.45,1065.19,1,0,0,139.455,24,1100.95,1121.67,2116,2113
1,7,67,RSA-SHA3-384_signed-by_RSA-SHA3-256,RSA-SHA3-384_signed-by_RSA-SHA3-256,17.387,2405.87,1155.77,1,10,0.555556,256.889,17,1113.6,1093.58,2116,2113
1,6,76,RSA-SHA3-384_signed-by_RSA-SHA3-256,RSA-SHA3-384_signed-by_RSA-SHA3-256,11.461,3649.9,1155.91,1,0,0,151.818,10,1172.11,1104.57,2116,2113
1,8,74,RSA-SHA3-384_signed-by_RSA-SHA3-256,RSA-SHA3-384_signed-by_RSA-SHA3-256,20.878,2003.57,1153.33,1,20,1.05263,146.211,16,1136.34,1091.36,2116,2113
1,3,64,RSA-SHA3-384_signed-by_RSA-SHA3-256,RSA-SHA3-384_signed-by_RSA-SHA3-256,24.645,1697.38,1028.36,1,23,1.27778,176,24,1144.68,1109.48,2116,2113
1,4,4,RSA-SHA3-384_signed-by_RSA-SHA3-256,RSA-SHA3-384_signed-by_RSA-SHA3-256,12.081,3462.59,1075.4,1,0,0,163.2,24,1137.57,1108.66,2116,2113
1,2,66,RSA-SHA3-384_signed-by_RSA-SHA3-256,RSA-SHA3-384_signed-by_RSA-SHA3-256,12.873,3249.53,1009.22,1,0,0,149.6,24,1104.03,1110.88,2116,2113
1,6,77,RSA-SHA3-384_signed-by_RSA-SHA3-256,RSA-SHA3-384_signed-by_RSA-SHA3-256,13.177,3174.55,1013.86,1,4,0.333333,142,10,1126.28,1111.05,2116,2113
1,8,75,RSA-SHA3-384_signed-by_RSA-SHA3-256,RSA-SHA3-384_signed-by_RSA-SHA3-256,12.528,3339.01,864.605,1,0,0,164.857,16,1130.73,1106.86,2116,2113
1,7,68,RSA-SHA3-384_signed-by_RSA-SHA3-256,RSA-SHA3-384_signed-by_RSA-SHA3-256,17.098,2446.52,1119.16,1,12,0.857143,228.286,17,1164.98,1108.46,2116,2113
1,5,68,RSA-SHA3-384_signed-by_RSA-SHA3-256,RSA-SHA3-384_signed-by_RSA-SHA3-256,27.471,1522.74,1171.83,1,29,1.07407,122.444,15,1128.76,1109.67,2116,2113
1,3,65,RSA-SHA3-384_signed-by_RSA-SHA3-256,RSA-SHA3-384_signed-by_RSA-SHA3-256,16.327,2562.06,823.151,1,7,0.583333,131,24,1135.97,1099.4,2116,2113
1,4,5,RSA-SHA3-384_signed-by_RSA-SHA3-256,RSA-SHA3-384_signed-by_RSA-SHA3-256,16.45,2542.9,805.325,1,0,0,151.818,24,1139.18,1111.01,2116,2113
1,6,78,RSA-SHA3-384_signed-by_RSA-SHA3-256,RSA-SHA3-384_signed-by_RSA-SHA3-256,13.131,3185.71,1004.03,1,3,0.272727,267.818,10,1124.08,1116.37,2116,2113
1,2,67,RSA-SHA3-384_signed-by_RSA-SHA3-256,RSA-SHA3-384_signed-by_RSA-SHA3-256,16.177,2585.83,1476.63,1,23,1.27778,154.667,24,1129.06,1094.46,2116,2113
1,8,76,RSA-SHA3-384_signed-by_RSA-SHA3-256,RSA-SHA3-384_signed-by_RSA-SHA3-256,13.679,3058.08,1627,1,14,0.666667,158,16,1122.47,1094.15,2116,2113
1,7,69,RSA-SHA3-384_signed-by_RSA-SHA3-256,RSA-SHA3-384_signed-by_RSA-SHA3-256,18.334,2281.58,736.529,1,0,0,176,17,1130.9,1110.15,2116,2113
1,3,66,RSA-SHA3-384_signed-by_RSA-SHA3-256,RSA-SHA3-384_signed-by_RSA-SHA3-256,14.25,2935.52,1063.28,1,0,0,222.308,24,1151.59,1087.27,2116,2113
1,5,69,RSA-SHA3-384_signed-by_RSA-SHA3-256,RSA-SHA3-384_signed-by_RSA-SHA3-256,17.763,2354.93,745.794,1,0,0,130.727,15,1106.56,1110.05,2116,2113
1,4,6,RSA-SHA3-384_signed-by_RSA-SHA3-256,RSA-SHA3-384_signed-by_RSA-SHA3-256,14.167,2952.74,1364.28,1,19,1.26667,259.067,24,1123.74,1092.98,2116,2113
1,8,77,RSA-SHA3-384_signed-by_RSA-SHA3-256,RSA-SHA3-384_signed-by_RSA-SHA3-256,13.033,3209.67,1052.09,1,2,0.181818,131.455,16,1142.97,1122.98,2116,2113
1,2,68,RSA-SHA3-384_signed-by_RSA-SHA3-256,RSA-SHA3-384_signed-by_RSA-SHA3-256,16.022,2610.84,957.659,1,3,0.214286,209.143,24,1128.8,1118.65,2116,2113
1,6,79,RSA-SHA3-384_signed-by_RSA-SHA3-256,RSA-SHA3-384_signed-by_RSA-SHA3-256,22.68,1844.37,1192.9,1,22,1.15789,188.737,10,1613.19,1576.83,2116,2113
1,7,70,RSA-SHA3-384_signed-by_RSA-SHA3-256,RSA-SHA3-384_signed-by_RSA-SHA3-256,16.005,2613.62,811.726,1,0,0,182,17,1102.24,1100.47,2116,2113
1,3,67,RSA-SHA3-384_signed-by_RSA-SHA3-256,RSA-SHA3-384_signed-by_RSA-SHA3-256,17.181,2434.7,785.959,1,4,0.333333,131,24,1124.76,1111.89,2116,2113
1,5,70,RSA-SHA3-384_signed-by_RSA-SHA3-256,RSA-SHA3-384_signed-by_RSA-SHA3-256,14.959,2796.39,868.489,1,0,0,138.8,15,1135.67,1108.65,2116,2113
1,4,7,RSA-SHA3-384_signed-by_RSA-SHA3-256,RSA-SHA3-384_signed-by_RSA-SHA3-256,14.912,2805.2,1572.93,1,22,1.1,469.6,24,1102.42,1088.22,2116,2113
1,2,69,RSA-SHA3-384_signed-by_RSA-SHA3-256,RSA-SHA3-384_signed-by_RSA-SHA3-256,12.05,3471.52,1110.04,1,6,0.5,131,24,1106.11,1107.44,2116,2113
1,8,78,RSA-SHA3-384_signed-by_RSA-SHA3-256,RSA-SHA3-384_signed-by_RSA-SHA3-256,16.821,2486.81,1651.21,1,28,1.4,266.8,16,1140.42,1122.04,2116,2113
1,6,80,RSA-SHA3-384_signed-by_RSA-SHA3-256,RSA-SHA3-384_signed-by_RSA-SHA3-256,11.746,3561.35,1106.07,1,0,0,192,10,1137.96,1115.37,2116,2113
1,7,71,RSA-SHA3-384_signed-by_RSA-SHA3-256,RSA-SHA3-384_signed-by_RSA-SHA3-256,12.45,3359.96,1064.08,1,0,0,129.636,17,1134.52,1101.91,2116,2113
1,5,71,RSA-SHA3-384_signed-by_RSA-SHA3-256,RSA-SHA3-384_signed-by_RSA-SHA3-256,12.781,3272.95,1016.5,1,0,0,138.8,15,1168.88,1134.13,2116,2113
1,3,68,RSA-SHA3-384_signed-by_RSA-SHA3-256,RSA-SHA3-384_signed-by_RSA-SHA3-256,15.901,2630.73,1786.02,1,28,1.12,234,24,1137.71,1113.47,2116,2113
1,8,79,RSA-SHA3-384_signed-by_RSA-SHA3-256,RSA-SHA3-384_signed-by_RSA-SHA3-256,12.147,3443.56,1149.83,1,0,0,152,16,1599.22,1603.48,2116,2113
1,6,81,RSA-SHA3-384_signed-by_RSA-SHA3-256,RSA-SHA3-384_signed-by_RSA-SHA3-256,12.264,3410.69,1138.85,0.5,1,0.0833333,144,10,1125.95,1140.11,2116,2113
1,7,72,RSA-SHA3-384_signed-by_RSA-SHA3-256,RSA-SHA3-384_signed-by_RSA-SHA3-256,13.535,3090.45,959.818,1,4,0.4,138.8,17,1116.94,1122.82,2116,2113
1,5,72,RSA-SHA3-384_signed-by_RSA-SHA3-256,RSA-SHA3-384_signed-by_RSA-SHA3-256,11.844,3531.69,1096.86,1,0,0,138.8,15,1103.84,1107.07,2116,2113
1,3,69,RSA-SHA3-384_signed-by_RSA-SHA3-256,RSA-SHA3-384_signed-by_RSA-SHA3-256,11.815,3540.32,1130.68,1,3,0.25,245.333,24,1111.79,1118.32,2116,2113
1,6,82,RSA-SHA3-384_signed-by_RSA-SHA3-256,RSA-SHA3-384_signed-by_RSA-SHA3-256,7.629,5482.9,1736.41,0.909091,0,0,146,10,1123.17,1105.81,2116,2113
1,8,80,RSA-SHA3-384_signed-by_RSA-SHA3-256,RSA-SHA3-384_signed-by_RSA-SHA3-256,13.927,3003.63,1336.09,0.9375,8,0.5,116.75,17,1136.83,1121.1,2116,2113
1,5,73,RSA-SHA3-384_signed-by_RSA-SHA3-256,RSA-SHA3-384_signed-by_RSA-SHA3-256,9.948,4205.05,1404.09,1,1,0.0833333,123.333,15,1137.97,1100.39,2116,2113
1,8,81,RSA-SHA3-384_signed-by_RSA-SHA3-256,RSA-SHA3-384_signed-by_RSA-SHA3-256,7.289,5738.46,1817.34,0.909091,0,0,129.636,17,1149.69,1116.94,2116,2113
1,7,73,RSA-SHA3-384_signed-by_RSA-SHA3-256,RSA-SHA3-384_signed-by_RSA-SHA3-256,15.213,2749.66,1350.38,0.85,15,0.75,158,17,1144.36,1092.5,2116,2113
1,3,70,RSA-SHA3-384_signed-by_RSA-SHA3-256,RSA-SHA3-384_signed-by_RSA-SHA3-256,12.696,3294.83,1546.28,0.833333,9,0.5,160.889,24,1104.85,1102.48,2116,2113
1,6,83,RSA-SHA3-384_signed-by_RSA-SHA3-256,RSA-SHA3-384_signed-by_RSA-SHA3-256,13.365,3129.9,1758.59,0.875,10,0.625,149.25,10,1210.88,1105.78,2116,2113
1,4,8,RSA-SHA3-384_signed-by_RSA-SHA3-256,RSA-SHA3-384_signed-by_RSA-SHA3-256,40.185,1040.97,716.279,1,30,1.11111,385.556,24,1133.05,1099.45,2116,2113
1,5,74,RSA-SHA3-384_signed-by_RSA-SHA3-256,RSA-SHA3-384_signed-by_RSA-SHA3-256,10.907,3834.99,1191.05,1,0,0,138.8,15,1130.71,1113.07,2116,2113
1,3,71,RSA-SHA3-384_signed-by_RSA-SHA3-256,RSA-SHA3-384_signed-by_RSA-SHA3-256,7.719,5418.82,1682.95,0.6,0,0,149.6,24,1121.75,1122.53,2116,2113
1,8,82,RSA-SHA3-384_signed-by_RSA-SHA3-256,RSA-SHA3-384_signed-by_RSA-SHA3-256,11.207,3732.67,1583.3,0.5,7,0.5,127.143,17,1118.47,1086.57,2116,2113
1,6,84,RSA-SHA3-384_signed-by_RSA-SHA3-256,RSA-SHA3-384_signed-by_RSA-SHA3-256,8.345,5012.33,1673.65,0.583333,0,0,174.667,10,1098.43,1099.13,2116,2113
1,5,75,RSA-SHA3-384_signed-by_RSA-SHA3-256,RSA-SHA3-384_signed-by_RSA-SHA3-256,7.743,5401.99,1702.52,0.454545,4,0.363636,129.636,15,1137.81,1096.88,2116,2113
1,4,9,RSA-SHA3-384_signed-by_RSA-SHA3-256,RSA-SHA3-384_signed-by_RSA-SHA3-256,14.617,2861.78,1347.43,0.611111,9,0.5,122.222,24,1129.78,1109.63,2116,2113
1,3,72,RSA-SHA3-384_signed-by_RSA-SHA3-256,RSA-SHA3-384_signed-by_RSA-SHA3-256,11.069,3779.18,1196.85,0.727273,0,0,139.455,24,1133.86,1112.71,2116,2113
1,7,74,RSA-SHA3-384_signed-by_RSA-SHA3-256,RSA-SHA3-384_signed-by_RSA-SHA3-256,22.902,1826.55,885.856,0.789474,11,0.578947,174.842,17,1141.53,1115.82,2116,2113
1,6,85,RSA-SHA3-384_signed-by_RSA-SHA3-256,RSA-SHA3-384_signed-by_RSA-SHA3-256,13.679,3058.03,949.75,1,4,0.4,163.2,10,1129.96,1106.79,2116,2113
1,8,83,RSA-SHA3-384_signed-by_RSA-SHA3-256,RSA-SHA3-384_signed-by_RSA-SHA3-256,14.755,2835.02,1430.25,1,9,0.5625,120.5,17,1137.99,1114.38,2116,2113
1,5,76,RSA-SHA3-384_signed-by_RSA-SHA3-256,RSA-SHA3-384_signed-by_RSA-SHA3-256,11.112,3764.24,1575.09,1,10,0.588235,172.118,15,1131.05,1245.74,2116,2113
1,4,10,RSA-SHA3-384_signed-by_RSA-SHA3-256,RSA-SHA3-384_signed-by_RSA-SHA3-256,15.611,2679.61,832.221,1,0,0,163.2,24,1138.68,1102.94,2116,2113
1,3,73,RSA-SHA3-384_signed-by_RSA-SHA3-256,RSA-SHA3-384_signed-by_RSA-SHA3-256,18.627,2245.73,738.698,1,0,0,123.846,24,1098.44,1112.85,2116,2113
1,7,75,RSA-SHA3-384_signed-by_RSA-SHA3-256,RSA-SHA3-384_signed-by_RSA-SHA3-256,17.056,2452.59,761.716,1,0,0,234.8,17,1122.74,1097.77,2116,2113
1,8,84,RSA-SHA3-384_signed-by_RSA-SHA3-256,RSA-SHA3-384_signed-by_RSA-SHA3-256,15.865,2636.75,818.909,1,0,0,714.8,17,1145.24,1233.28,2116,2113
1,6,86,RSA-SHA3-384_signed-by_RSA-SHA3-256,RSA-SHA3-384_signed-by_RSA-SHA3-256,17.178,2435.2,1502.38,0.791667,27,1.125,310.833,10,1140.68,1122.03,2116,2113
1,5,77,RSA-SHA3-384_signed-by_RSA-SHA3-256,RSA-SHA3-384_signed-by_RSA-SHA3-256,20.565,2034.1,862.809,0.785714,7,0.5,270.286,15,1115.72,1107.25,2116,2113
1,4,11,RSA-SHA3-384_signed-by_RSA-SHA3-256,RSA-SHA3-384_signed-by_RSA-SHA3-256,15.721,2660.89,858.975,0.916667,0,0,142.333,24,1101.83,1105.22,2116,2113
1,3,74,RSA-SHA3-384_signed-by_RSA-SHA3-256,RSA-SHA3-384_signed-by_RSA-SHA3-256,11.612,3602.23,1118.77,0.8,0,0,149.6,24,1127.3,1100.49,2116,2113
1,7,76,RSA-SHA3-384_signed-by_RSA-SHA3-256,RSA-SHA3-384_signed-by_RSA-SHA3-256,11.704,3573.92,1109.97,0.8,0,0,140,17,1127.08,1108.85,2116,2113
1,8,85,RSA-SHA3-384_signed-by_RSA-SHA3-256,RSA-SHA3-384_signed-by_RSA-SHA3-256,11.643,3592.62,1626.95,0.384615,11,0.846154,165.385,17,1126.88,1103.26,2116,2113
1,6,87,RSA-SHA3-384_signed-by_RSA-SHA3-256,RSA-SHA3-384_signed-by_RSA-SHA3-256,12.215,3424.38,1063.53,0.5,0,0,163.2,10,1134.64,1088.85,2116,2113
1,5,78,RSA-SHA3-384_signed-by_RSA-SHA3-256,RSA-SHA3-384_signed-by_RSA-SHA3-256,14.215,2942.77,1114.3,1,7,0.583333,132,15,1135.52,1112.04,2116,2113
1,4,12,RSA-SHA3-384_signed-by_RSA-SHA3-256,RSA-SHA3-384_signed-by_RSA-SHA3-256,12.016,3481.35,1102.53,1,0,0,148.545,24,1117.49,1135.14,2116,2113
1,7,77,RSA-SHA3-384_signed-by_RSA-SHA3-256,RSA-SHA3-384_signed-by_RSA-SHA3-256,10.558,3961.77,1230.43,1,4,0.4,149.6,17,1134.64,1088.65,2116,2113
1,3,75,RSA-SHA3-384_signed-by_RSA-SHA3-256,RSA-SHA3-384_signed-by_RSA-SHA3-256,12.367,3382.54,1455.48,1,7,0.466667,130,24,1134.28,1109.06,2116,2113
1,8,86,RSA-SHA3-384_signed-by_RSA-SHA3-256,RSA-SHA3-384_signed-by_RSA-SHA3-256,13.277,3150.68,1465.38,1,11,0.733333,148.4,17,1123.5,1142.95,2116,2113
1,6,88,RSA-SHA3-384_signed-by_RSA-SHA3-256,RSA-SHA3-384_signed-by_RSA-SHA3-256,13.68,3057.84,1315.77,1,7,0.466667,140.667,10,1128.5,1105.03,2116,2113
1,4,13,RSA-SHA3-384_signed-by_RSA-SHA3-256,RSA-SHA3-384_signed-by_RSA-SHA3-256,8.411,4973.07,1544.51,1,0,0,163.2,24,1134.3,1103.48,2116,2113
1,7,78,RSA-SHA3-384_signed-by_RSA-SHA3-256,RSA-SHA3-384_signed-by_RSA-SHA3-256,12.038,3474.96,1274.62,0.714286,3,0.214286,209.143,17,1103.8,1139.48,2116,2113
1,8,87,RSA-SHA3-384_signed-by_RSA-SHA3-256,RSA-SHA3-384_signed-by_RSA-SHA3-256,9.524,4391.85,1390.88,0.454545,0,0,129.636,17,1120.56,1089.63,2116,2113
1,5,79,RSA-SHA3-384_signed-by_RSA-SHA3-256,RSA-SHA3-384_signed-by_RSA-SHA3-256,17.005,2459.92,1654.06,1,24,1,212.833,15,1596.21,1561.93,2116,2113
1,3,76,RSA-SHA3-384_signed-by_RSA-SHA3-256,RSA-SHA3-384_signed-by_RSA-SHA3-256,14.945,2799,1280.4,1,16,1.14286,168.286,24,1103.82,1108.35,2116,2113
1,6,89,RSA-SHA3-384_signed-by_RSA-SHA3-256,RSA-SHA3-384_signed-by_RSA-SHA3-256,12.139,3446.07,1132.21,1,1,0.0909091,153.636,10,1140.29,1089.91,2116,2113
1,4,14,RSA-SHA3-384_signed-by_RSA-SHA3-256,RSA-SHA3-384_signed-by_RSA-SHA3-256,16.915,2473.01,1055.61,1,7,0.466667,140.4,24,1133.33,1108.19,2116,2113
1,5,80,RSA-SHA3-384_signed-by_RSA-SHA3-256,RSA-SHA3-384_signed-by_RSA-SHA3-256,10.29,4064.99,1312.24,1,0,0,122,15,1130.87,1094.2,2116,2113
1,6,90,RSA-SHA3-384_signed-by_RSA-SHA3-256,RSA-SHA3-384_signed-by_RSA-SHA3-256,9.332,4482.29,1392.09,1,4,0.4,163.2,10,1128.81,1112.8,2116,2113
1,8,88,RSA-SHA3-384_signed-by_RSA-SHA3-256,RSA-SHA3-384_signed-by_RSA-SHA3-256,15.107,2769.02,1705.15,1,23,1.27778,190.667,17,1123.29,1105.64,2116,2113
1,7,79,RSA-SHA3-384_signed-by_RSA-SHA3-256,RSA-SHA3-384_signed-by_RSA-SHA3-256,22.805,1834.27,1222.85,1,27,1.08,118.16,17,1597.96,1571.68,2116,2113
1,4,15,RSA-SHA3-384_signed-by_RSA-SHA3-256,RSA-SHA3-384_signed-by_RSA-SHA3-256,11.308,3699.03,1188.44,1,5,0.416667,142.333,24,1614.21,1573.05,2116,2113
1,8,89,RSA-SHA3-384_signed-by_RSA-SHA3-256,RSA-SHA3-384_signed-by_RSA-SHA3-256,9.689,4317.05,1195.47,1,1,0.125,151,17,1147,1116.93,2116,2113
1,6,91,RSA-SHA3-384_signed-by_RSA-SHA3-256,RSA-SHA3-384_signed-by_RSA-SHA3-256,13,3217.8,1475.67,1,5,0.3125,215.75,10,1123.65,1101.71,2116,2113
1,5,81,RSA-SHA3-384_signed-by_RSA-SHA3-256,RSA-SHA3-384_signed-by_RSA-SHA3-256,15.748,2656.27,1227.3,1,13,0.866667,153.2,15,1134.89,1133.92,2116,2113
1,2,70,RSA-SHA3-384_signed-by_RSA-SHA3-256,RSA-SHA3-384_signed-by_RSA-SHA3-256,147.622,283.371,275.73,1,58,1.56757,259.514,24,1125.12,1113.54,2116,2113
1,8,90,RSA-SHA3-384_signed-by_RSA-SHA3-256,RSA-SHA3-384_signed-by_RSA-SHA3-256,11.681,3581.16,1340.97,0.8,0,0,142,17,1100.48,1120.78,2116,2113
1,6,92,RSA-SHA3-384_signed-by_RSA-SHA3-256,RSA-SHA3-384_signed-by_RSA-SHA3-256,10.843,3857.95,1198.19,1,0,0,241.2,10,1126.42,1100.92,2116,2113
1,7,80,RSA-SHA3-384_signed-by_RSA-SHA3-256,RSA-SHA3-384_signed-by_RSA-SHA3-256,16.735,2499.57,1484.73,0.545455,17,0.772727,176.364,17,1101.37,1105.42,2116,2113
1,5,82,RSA-SHA3-384_signed-by_RSA-SHA3-256,RSA-SHA3-384_signed-by_RSA-SHA3-256,11.744,3561.94,1106.25,1,4,0.4,138.8,15,1179.49,1139.52,2116,2113
1,4,16,RSA-SHA3-384_signed-by_RSA-SHA3-256,RSA-SHA3-384_signed-by_RSA-SHA3-256,18.159,2303.55,1368.3,0.818182,21,0.954545,180.182,24,1132.17,1106.77,2116,2113
1,2,71,RSA-SHA3-384_signed-by_RSA-SHA3-256,RSA-SHA3-384_signed-by_RSA-SHA3-256,9.741,4294.04,1333.63,0.6,0,0,149.6,24,1166.05,1107.97,2116,2113
1,8,91,RSA-SHA3-384_signed-by_RSA-SHA3-256,RSA-SHA3-384_signed-by_RSA-SHA3-256,9.727,4300.23,1335.55,1,0,0,138.8,17,1102.73,1100.42,2116,2113
1,7,81,RSA-SHA3-384_signed-by_RSA-SHA3-256,RSA-SHA3-384_signed-by_RSA-SHA3-256,9.436,4432.86,1376.74,1,0,0,149.6,17,1153.74,1109.02,2116,2113
1,6,93,RSA-SHA3-384_signed-by_RSA-SHA3-256,RSA-SHA3-384_signed-by_RSA-SHA3-256,13.691,3055.39,1369.64,0.916667,2,0.166667,138,10,1126.63,1106.13,2116,2113
1,5,83,RSA-SHA3-384_signed-by_RSA-SHA3-256,RSA-SHA3-384_signed-by_RSA-SHA3-256,11.713,3571.4,1309.99,0.357143,3,0.214286,192.286,15,1128.78,1096.08,2116,2113
1,4,17,RSA-SHA3-384_signed-by_RSA-SHA3-256,RSA-SHA3-384_signed-by_RSA-SHA3-256,13.609,3073.78,1146.27,0.333333,3,0.2,182,24,1097.83,1115.16,2116,2113
1,8,92,RSA-SHA3-384_signed-by_RSA-SHA3-256,RSA-SHA3-384_signed-by_RSA-SHA3-256,9.641,4338.56,1347.45,0,0,0,138.8,17,1137.25,1108.64,2116,2113
1,2,72,RSA-SHA3-384_signed-by_RSA-SHA3-256,RSA-SHA3-384_signed-by_RSA-SHA3-256,11.106,3766.61,1705.74,0.384615,11,0.846154,179.231,24,1125.41,1109.47,2116,2113
1,7,82,RSA-SHA3-384_signed-by_RSA-SHA3-256,RSA-SHA3-384_signed-by_RSA-SHA3-256,10.341,4045.25,1256.36,0,0,0,149.6,17,1150.36,1087.17,2116,2113
1,6,94,RSA-SHA3-384_signed-by_RSA-SHA3-256,RSA-SHA3-384_signed-by_RSA-SHA3-256,10.702,3908.44,1231.8,1,7,0.636364,129.636,10,1124.14,1114.32,2116,2113
1,5,84,RSA-SHA3-384_signed-by_RSA-SHA3-256,RSA-SHA3-384_signed-by_RSA-SHA3-256,14.483,2888.27,910.284,1,4,0.363636,208.182,15,1124.75,1137.67,2116,2113
1,4,18,RSA-SHA3-384_signed-by_RSA-SHA3-256,RSA-SHA3-384_signed-by_RSA-SHA3-256,13.024,3211.87,997.527,1,0,0,138.8,24,1132.65,1101.17,2116,2113
1,8,93,RSA-SHA3-384_signed-by_RSA-SHA3-256,RSA-SHA3-384_signed-by_RSA-SHA3-256,13.383,3125.7,970.765,1,0,0,138.8,17,1131.06,1098.08,2116,2113
1,2,73,RSA-SHA3-384_signed-by_RSA-SHA3-256,RSA-SHA3-384_signed-by_RSA-SHA3-256,15.892,2632.2,833.605,1,0,0,139.455,24,1153.92,1117.09,2116,2113
1,7,83,RSA-SHA3-384_signed-by_RSA-SHA3-256,RSA-SHA3-384_signed-by_RSA-SHA3-256,16.723,2501.4,1488.69,1,22,1.375,248.25,17,1127.02,1111.78,2116,2113
1,6,95,RSA-SHA3-384_signed-by_RSA-SHA3-256,RSA-SHA3-384_signed-by_RSA-SHA3-256,14.443,2896.31,1062.37,0.5,5,0.357143,118.571,10,1589.65,1565.69,2116,2113
1,3,77,RSA-SHA3-384_signed-by_RSA-SHA3-256,RSA-SHA3-384_signed-by_RSA-SHA3-256,75.011,557.674,325.496,1,29,1.16,410.64,24,1129.04,1114.01,2116,2113
1,4,19,RSA-SHA3-384_signed-by_RSA-SHA3-256,RSA-SHA3-384_signed-by_RSA-SHA3-256,11.714,3570.84,1130.87,0.636364,0,0,129.636,24,1131.91,1113.6,2116,2113
1,5,85,RSA-SHA3-384_signed-by_RSA-SHA3-256,RSA-SHA3-384_signed-by_RSA-SHA3-256,13.68,3057.88,949.702,0.7,0,0,138.8,15,1132.49,1143.16,2116,2113
1,8,94,RSA-SHA3-384_signed-by_RSA-SHA3-256,RSA-SHA3-384_signed-by_RSA-SHA3-256,13.204,3168.11,1003.33,1,4,0.363636,129.636,17,1121.17,1109.83,2116,2113
1,2,74,RSA-SHA3-384_signed-by_RSA-SHA3-256,RSA-SHA3-384_signed-by_RSA-SHA3-256,12.511,3343.58,1047.39,1,0,0,139.091,24,1134.39,1098.61,2116,2113
1,6,96,RSA-SHA3-384_signed-by_RSA-SHA3-256,RSA-SHA3-384_signed-by_RSA-SHA3-256,10.359,4038.19,1481.21,0.714286,3,0.214286,192.286,10,1125.1,1118.03,2116,2113
1,3,78,RSA-SHA3-384_signed-by_RSA-SHA3-256,RSA-SHA3-384_signed-by_RSA-SHA3-256,11.289,3705.5,1359.18,0.714286,3,0.214286,209.143,24,1145.73,1114.31,2116,2113
1,4,20,RSA-SHA3-384_signed-by_RSA-SHA3-256,RSA-SHA3-384_signed-by_RSA-SHA3-256,10.223,4091.92,1295.89,0.909091,0,0,129.636,24,1129.34,1107.07,2116,2113
1,5,86,RSA-SHA3-384_signed-by_RSA-SHA3-256,RSA-SHA3-384_signed-by_RSA-SHA3-256,10.695,3911.3,1214.76,1,0,0,138.8,15,1129.05,1092.78,2116,2113
1,2,75,RSA-SHA3-384_signed-by_RSA-SHA3-256,RSA-SHA3-384_signed-by_RSA-SHA3-256,8.813,4746.14,1517.6,1,8,0.666667,131,24,1143.5,1118.12,2116,2113
1,6,97,RSA-SHA3-384_signed-by_RSA-SHA3-256,RSA-SHA3-384_signed-by_RSA-SHA3-256,8.437,4957.68,1553.01,1,0,0,129.273,10,1134.69,1088.01,2116,2113
1,5,87,RSA-SHA3-384_signed-by_RSA-SHA3-256,RSA-SHA3-384_signed-by_RSA-SHA3-256,9.441,4430.82,2209.9,1,10,0.588235,103.647,15,1131.52,1166.22,2116,2113
1,4,21,RSA-SHA3-384_signed-by_RSA-SHA3-256,RSA-SHA3-384_signed-by_RSA-SHA3-256,12.516,3342.17,1438.11,1,7,0.466667,121.2,24,1126.03,1132.52,2116,2113
1,7,84,RSA-SHA3-384_signed-by_RSA-SHA3-256,RSA-SHA3-384_signed-by_RSA-SHA3-256,29.423,1421.7,631.321,1,10,0.555556,121.333,17,1101.95,1111.52,2116,2113
1,2,76,RSA-SHA3-384_signed-by_RSA-SHA3-256,RSA-SHA3-384_signed-by_RSA-SHA3-256,11.557,3619.55,1327.65,0.714286,7,0.5,209.143,24,1135.58,1086,2116,2113
1,6,98,RSA-SHA3-384_signed-by_RSA-SHA3-256,RSA-SHA3-384_signed-by_RSA-SHA3-256,10.77,3884.07,1273.15,1,1,0.0909091,131.091,10,1135.18,1095.5,2116,2113
1,7,85,RSA-SHA3-384_signed-by_RSA-SHA3-256,RSA-SHA3-384_signed-by_RSA-SHA3-256,6.111,6844.7,2285.49,1,1,0.0833333,132.667,17,1139.22,1110.31,2116,2113
1,5,88,RSA-SHA3-384_signed-by_RSA-SHA3-256,RSA-SHA3-384_signed-by_RSA-SHA3-256,14.081,2970.78,1064.69,1,2,0.133333,162,15,1107.76,1133.03,2116,2113
1,3,79,RSA-SHA3-384_signed-by_RSA-SHA3-256,RSA-SHA3-384_signed-by_RSA-SHA3-256,27.039,1547.06,853.267,1,17,0.809524,117.429,24,1596.23,1566.86,2116,2113
1,5,89,RSA-SHA3-384_signed-by_RSA-SHA3-256,RSA-SHA3-384_signed-by_RSA-SHA3-256,5.845,7156.04,2222.49,0,0,0,138.8,15,1099.29,1100.92,2116,2113
1,7,86,RSA-SHA3-384_signed-by_RSA-SHA3-256,RSA-SHA3-384_signed-by_RSA-SHA3-256,10.611,3942.31,1581.75,0.9,11,1.1,208.4,17,1123.85,1096.86,2116,2113
1,2,77,RSA-SHA3-384_signed-by_RSA-SHA3-256,RSA-SHA3-384_signed-by_RSA-SHA3-256,16.101,2598.01,1488.55,1,18,0.818182,226.545,24,1124.48,1088.73,2116,2113
1,6,99,RSA-SHA3-384_signed-by_RSA-SHA3-256,RSA-SHA3-384_signed-by_RSA-SHA3-256,20.173,2073.61,879.567,1,7,0.5,134.857,10,1122.73,1129.42,2116,2113
1,4,22,RSA-SHA3-384_signed-by_RSA-SHA3-256,RSA-SHA3-384_signed-by_RSA-SHA3-256,29.198,1432.69,620.86,1,9,0.5625,119.75,24,1107.82,1122.25,2116,2113
1,3,80,RSA-SHA3-384_signed-by_RSA-SHA3-256,RSA-SHA3-384_signed-by_RSA-SHA3-256,17.728,2359.62,758.11,0.75,5,0.416667,131,24,1157.03,1133.78,2116,2113
1,5,90,RSA-SHA3-384_signed-by_RSA-SHA3-256,RSA-SHA3-384_signed-by_RSA-SHA3-256,15.323,2729.87,864.536,0.818182,0,0,265.636,15,1140.03,1107.96,2116,2113
1,7,87,RSA-SHA3-384_signed-by_RSA-SHA3-256,RSA-SHA3-384_signed-by_RSA-SHA3-256,15.356,2724.01,986.665,1,0,0,222.308,17,1128.65,1112.38,2116,2113
1,2,78,RSA-SHA3-384_signed-by_RSA-SHA3-256,RSA-SHA3-384_signed-by_RSA-SHA3-256,15.486,2701.14,1223.24,1,11,0.846154,179.231,24,1142.19,1095.29,2116,2113
1,4,23,RSA-SHA3-384_signed-by_RSA-SHA3-256,RSA-SHA3-384_signed-by_RSA-SHA3-256,11.296,3703.26,1627.48,1,13,0.764706,111.412,24,1127.2,1104.54,2116,2113
1,5,91,RSA-SHA3-384_signed-by_RSA-SHA3-256,RSA-SHA3-384_signed-by_RSA-SHA3-256,7.533,5552.62,1783.98,1,4,0.333333,118,15,1121.54,1100.91,2116,2113
1,7,88,RSA-SHA3-384_signed-by_RSA-SHA3-256,RSA-SHA3-384_signed-by_RSA-SHA3-256,11.602,3605.53,2664.33,1,25,1.31579,189.158,17,1128.88,1108.97,2116,2113
1,3,81,RSA-SHA3-384_signed-by_RSA-SHA3-256,RSA-SHA3-384_signed-by_RSA-SHA3-256,15.2,2752.04,1543.12,1,24,1.2,247.8,24,1103.19,1218.22,2116,2113
1,2,79,RSA-SHA3-384_signed-by_RSA-SHA3-256,RSA-SHA3-384_signed-by_RSA-SHA3-256,13.363,3130.37,1863.02,1,22,1.375,193.25,24,1601.13,1565.62,2116,2113
1,5,92,RSA-SHA3-384_signed-by_RSA-SHA3-256,RSA-SHA3-384_signed-by_RSA-SHA3-256,9.706,4309.52,1506.56,0.307692,2,0.153846,172.769,15,1101.86,1111.22,2116,2113
1,7,89,RSA-SHA3-384_signed-by_RSA-SHA3-256,RSA-SHA3-384_signed-by_RSA-SHA3-256,6.247,6695.72,2079.53,0,0,0,149.6,17,1133.66,1089.41,2116,2113
1,3,82,RSA-SHA3-384_signed-by_RSA-SHA3-256,RSA-SHA3-384_signed-by_RSA-SHA3-256,9.13,4581.34,1708.47,0,3,0.2,194.533,24,1125.31,1111.14,2116,2113
1,2,80,RSA-SHA3-384_signed-by_RSA-SHA3-256,RSA-SHA3-384_signed-by_RSA-SHA3-256,8.154,5129.66,1624.54,0,0,0,135.091,24,1131.32,1111.34,2116,2113
1,5,93,RSA-SHA3-384_signed-by_RSA-SHA3-256,RSA-SHA3-384_signed-by_RSA-SHA3-256,6.542,6393.71,1985.73,0,0,0,138.8,15,1136.38,1082.82,2116,2113
1,7,90,RSA-SHA3-384_signed-by_RSA-SHA3-256,RSA-SHA3-384_signed-by_RSA-SHA3-256,9.625,4346.16,1349.81,0.3,0,0,149.6,17,1123.66,1107.79,2116,2113
1,4,24,RSA-SHA3-384_signed-by_RSA-SHA3-256,RSA-SHA3-384_signed-by_RSA-SHA3-256,22.403,1867.23,693.471,0.466667,4,0.266667,195.333,24,1128.69,1105.04,2116,2113
1,3,83,RSA-SHA3-384_signed-by_RSA-SHA3-256,RSA-SHA3-384_signed-by_RSA-SHA3-256,8.256,5066.33,1619.99,1,6,0.5,131,24,1132.23,1109.96,2116,2113
1,2,81,RSA-SHA3-384_signed-by_RSA-SHA3-256,RSA-SHA3-384_signed-by_RSA-SHA3-256,9.123,4584.84,1972.82,0.866667,7,0.466667,130,24,1128.67,1099.43,2116,2113
1,5,94,RSA-SHA3-384_signed-by_RSA-SHA3-256,RSA-SHA3-384_signed-by_RSA-SHA3-256,9.789,4273.34,1353.35,1,0,0,125.273,15,1133.84,1094.91,2116,2113
1,7,91,RSA-SHA3-384_signed-by_RSA-SHA3-256,RSA-SHA3-384_signed-by_RSA-SHA3-256,12.101,3456.85,1289.13,1,9,0.6,114.8,17,1128.18,1100.07,2116,2113
1,4,25,RSA-SHA3-384_signed-by_RSA-SHA3-256,RSA-SHA3-384_signed-by_RSA-SHA3-256,13.732,3046.21,1416.79,1,11,0.733333,148.4,24,1133.4,1107.18,2116,2113
1,2,82,RSA-SHA3-384_signed-by_RSA-SHA3-256,RSA-SHA3-384_signed-by_RSA-SHA3-256,12.362,3383.83,1050.94,1,0,0,149.6,24,1133.71,1088.37,2116,2113
1,8,95,RSA-SHA3-384_signed-by_RSA-SHA3-256,RSA-SHA3-384_signed-by_RSA-SHA3-256,99.681,419.657,252.163,1,26,1,367.385,17,1613.01,1568.4,2116,2113
1,5,95,RSA-SHA3-384_signed-by_RSA-SHA3-256,RSA-SHA3-384_signed-by_RSA-SHA3-256,13.931,3002.71,1547.01,0.888889,18,1,136.667,15,1604.87,1589.77,2116,2113
1,4,26,RSA-SHA3-384_signed-by_RSA-SHA3-256,RSA-SHA3-384_signed-by_RSA-SHA3-256,9.686,4318.4,1341.19,0.9,4,0.4,138.8,24,1129.35,1107.26,2116,2113
1,2,83,RSA-SHA3-384_signed-by_RSA-SHA3-256,RSA-SHA3-384_signed-by_RSA-SHA3-256,10.324,4051.91,1283.22,0.818182,0,0,139.455,24,1146.43,1119.27,2116,2113
1,7,92,RSA-SHA3-384_signed-by_RSA-SHA3-256,RSA-SHA3-384_signed-by_RSA-SHA3-256,16.087,2600.24,1220.31,0.5,9,0.5,152,18,1118.56,1095.36,2116,2113
1,8,96,RSA-SHA3-384_signed-by_RSA-SHA3-256,RSA-SHA3-384_signed-by_RSA-SHA3-256,11.24,3721.67,1172.94,1,7,0.636364,216.909,17,1127.66,1126.3,2116,2113
1,3,84,RSA-SHA3-384_signed-by_RSA-SHA3-256,RSA-SHA3-384_signed-by_RSA-SHA3-256,27.954,1496.41,725.742,1,15,0.789474,167.474,24,1132.1,1123.37,2116,2113
1,5,96,RSA-SHA3-384_signed-by_RSA-SHA3-256,RSA-SHA3-384_signed-by_RSA-SHA3-256,11.977,3492.63,1100.76,1,5,0.454545,216.909,15,1154.1,1197.97,2116,2113
1,4,27,RSA-SHA3-384_signed-by_RSA-SHA3-256,RSA-SHA3-384_signed-by_RSA-SHA3-256,14.955,2797.07,1661.45,1,17,0.772727,160.727,24,1098.94,1107.24,2116,2113
1,2,84,RSA-SHA3-384_signed-by_RSA-SHA3-256,RSA-SHA3-384_signed-by_RSA-SHA3-256,13.818,3027.24,972.609,1,7,0.583333,131,24,1125.62,1105.89,2116,2113
1,7,93,RSA-SHA3-384_signed-by_RSA-SHA3-256,RSA-SHA3-384_signed-by_RSA-SHA3-256,13.438,3112.85,1428.73,1,15,1.07143,169.143,18,1136.67,1122.47,2116,2113
1,8,97,RSA-SHA3-384_signed-by_RSA-SHA3-256,RSA-SHA3-384_signed-by_RSA-SHA3-256,12.337,3390.67,1228.14,0.769231,0,0,204.154,17,1151.07,1105.12,2116,2113
1,3,85,RSA-SHA3-384_signed-by_RSA-SHA3-256,RSA-SHA3-384_signed-by_RSA-SHA3-256,12.565,3329.14,1221.13,0.785714,3,0.214286,347.143,24,1133.34,1092.08,2116,2113
1,5,97,RSA-SHA3-384_signed-by_RSA-SHA3-256,RSA-SHA3-384_signed-by_RSA-SHA3-256,15.252,2742.62,1022.78,0.666667,3,0.2,182,15,1130.55,1098.62,2116,2113
1,4,28,RSA-SHA3-384_signed-by_RSA-SHA3-256,RSA-SHA3-384_signed-by_RSA-SHA3-256,9.436,4432.77,1437.75,1,7,0.538462,123.846,24,1130.44,1112.92,2116,2113
1,2,85,RSA-SHA3-384_signed-by_RSA-SHA3-256,RSA-SHA3-384_signed-by_RSA-SHA3-256,10.373,4032.39,1479.08,1,4,0.285714,210,24,1165.1,1111.29,2116,2113
1,8,98,RSA-SHA3-384_signed-by_RSA-SHA3-256,RSA-SHA3-384_signed-by_RSA-SHA3-256,11.692,3577.53,1111.09,1,4,0.4,138.8,17,1134.43,1096.29,2116,2113
1,3,86,RSA-SHA3-384_signed-by_RSA-SHA3-256,RSA-SHA3-384_signed-by_RSA-SHA3-256,13.922,3004.68,1292.89,1,7,0.466667,126.8,24,1162.75,1117.74,2116,2113
1,5,98,RSA-SHA3-384_signed-by_RSA-SHA3-256,RSA-SHA3-384_signed-by_RSA-SHA3-256,11.883,3520.29,1493.21,1,7,0.5,127.143,15,1135.63,1218.47,2116,2113
1,7,94,RSA-SHA3-384_signed-by_RSA-SHA3-256,RSA-SHA3-384_signed-by_RSA-SHA3-256,16.999,2460.78,1602.87,1,11,0.55,201.8,18,1122.26,1098.9,2116,2113
1,8,99,RSA-SHA3-384_signed-by_RSA-SHA3-256,RSA-SHA3-384_signed-by_RSA-SHA3-256,9.99,4187.35,1561.55,1,3,0.2,182,17,1126.81,1101.07,2116,2113
1,3,87,RSA-SHA3-384_signed-by_RSA-SHA3-256,RSA-SHA3-384_signed-by_RSA-SHA3-256,10.5,3983.93,1689.87,0.642857,11,0.785714,136.571,24,1138.09,1103.8,2116,2113
1,5,99,RSA-SHA3-384_signed-by_RSA-SHA3-256,RSA-SHA3-384_signed-by_RSA-SHA3-256,9.581,4366.09,1356,0.9,0,0,138.8,15,1112.17,1106.74,2116,2113
1,2,86,RSA-SHA3-384_signed-by_RSA-SHA3-256,RSA-SHA3-384_signed-by_RSA-SHA3-256,18.545,2255.59,1264.75,1,21,1.05,247.8,24,1129.13,1106.46,2116,2113
1,7,95,RSA-SHA3-384_signed-by_RSA-SHA3-256,RSA-SHA3-384_signed-by_RSA-SHA3-256,13.5,3098.57,1265.74,0.692308,2,0.153846,134.923,18,1621.28,1584.24,2116,2113
1,4,29,RSA-SHA3-384_signed-by_RSA-SHA3-256,RSA-SHA3-384_signed-by_RSA-SHA3-256,24.173,1730.5,839.271,1,11,0.578947,167.474,24,1125.85,1137.13,2116,2113
1,2,87,RSA-SHA3-384_signed-by_RSA-SHA3-256,RSA-SHA3-384_signed-by_RSA-SHA3-256,6.207,6738.75,2134.13,0.454545,0,0,144.545,24,1143.82,1117.37,2116,2113
1,3,88,RSA-SHA3-384_signed-by_RSA-SHA3-256,RSA-SHA3-384_signed-by_RSA-SHA3-256,10.082,4149.14,1572.69,0.625,3,0.1875,184.75,24,1131.63,1103.21,2116,2113
1,7,96,RSA-SHA3-384_signed-by_RSA-SHA3-256,RSA-SHA3-384_signed-by_RSA-SHA3-256,9.494,4406.04,1395.37,1,0,0,139.455,18,1139.23,1102.65,2116,2113
1,2,88,RSA-SHA3-384_signed-by_RSA-SHA3-256,RSA-SHA3-384_signed-by_RSA-SHA3-256,6.677,6264.34,2297.76,0.571429,7,0.5,127.143,24,1130.14,1111.46,2116,2113
1,4,30,RSA-SHA3-384_signed-by_RSA-SHA3-256,RSA-SHA3-384_signed-by_RSA-SHA3-256,13.864,3017.16,1814.1,1,22,1.29412,184.118,24,1130.91,1098.66,2116,2113
1,3,89,RSA-SHA3-384_signed-by_RSA-SHA3-256,RSA-SHA3-384_signed-by_RSA-SHA3-256,9.952,4203.3,1331.17,0.727273,0,0,135.091,24,1144.14,1095.35,2116,2113
1,2,89,RSA-SHA3-384_signed-by_RSA-SHA3-256,RSA-SHA3-384_signed-by_RSA-SHA3-256,8.447,4952.28,2242.69,0.384615,11,0.846154,179.231,24,1131.2,1117.17,2116,2113
1,7,97,RSA-SHA3-384_signed-by_RSA-SHA3-256,RSA-SHA3-384_signed-by_RSA-SHA3-256,9.737,4296.15,1360.57,1,0,0,135.091,18,1100.35,1101.85,2116,2113
1,3,90,RSA-SHA3-384_signed-by_RSA-SHA3-256,RSA-SHA3-384_signed-by_RSA-SHA3-256,6.567,6369.3,1978.15,0.7,0,0,149.6,24,1137.89,1124.24,2116,2113
1,4,31,RSA-SHA3-384_signed-by_RSA-SHA3-256,RSA-SHA3-384_signed-by_RSA-SHA3-256,9.565,4373.43,1487.08,0.538462,1,0.0769231,121.692,24,1604.69,1592.85,2116,2113
1,2,90,RSA-SHA3-384_signed-by_RSA-SHA3-256,RSA-SHA3-384_signed-by_RSA-SHA3-256,9.785,4275.1,1981.8,0.8,12,0.8,160.4,24,1122.4,1119.36,2116,2113
1,7,98,RSA-SHA3-384_signed-by_RSA-SHA3-256,RSA-SHA3-384_signed-by_RSA-SHA3-256,9.833,4254.23,1321.26,0.6,0,0,149.6,18,1131.07,1101.56,2116,2113
1,3,91,RSA-SHA3-384_signed-by_RSA-SHA3-256,RSA-SHA3-384_signed-by_RSA-SHA3-256,8.067,5185.06,1610.35,0.5,0,0,191.6,24,1132.38,1092.07,2116,2113
1,4,32,RSA-SHA3-384_signed-by_RSA-SHA3-256,RSA-SHA3-384_signed-by_RSA-SHA3-256,10.362,4036.96,1852.88,0.714286,11,0.785714,165.714,24,1124.35,1099.03,2116,2113
1,2,91,RSA-SHA3-384_signed-by_RSA-SHA3-256,RSA-SHA3-384_signed-by_RSA-SHA3-256,7.781,5375.55,1702.41,0.454545,0,0,139.455,24,1106.65,1092.33,2116,2113
1,7,99,RSA-SHA3-384_signed-by_RSA-SHA3-256,RSA-SHA3-384_signed-by_RSA-SHA3-256,7.879,5308.7,1648.75,0.5,0,0,149.6,18,1110.54,1124.51,2116,2113
1,3,92,RSA-SHA3-384_signed-by_RSA-SHA3-256,RSA-SHA3-384_signed-by_RSA-SHA3-256,7.679,5446.95,2466.7,0.384615,11,0.846154,179.231,24,1127.7,1086.62,2116,2113
1,4,33,RSA-SHA3-384_signed-by_RSA-SHA3-256,RSA-SHA3-384_signed-by_RSA-SHA3-256,7.246,5772.55,1792.81,0,0,0,149.6,24,1134.62,1113.95,2116,2113
1,2,92,RSA-SHA3-384_signed-by_RSA-SHA3-256,RSA-SHA3-384_signed-by_RSA-SHA3-256,6.549,6386.88,1983.61,0,0,0,149.6,24,1101.25,1100.86,2116,2113
1,3,93,RSA-SHA3-384_signed-by_RSA-SHA3-256,RSA-SHA3-384_signed-by_RSA-SHA3-256,6.623,6315.38,2000.05,0,0,0,135.091,24,1130.62,1108.48,2116,2113
1,2,93,RSA-SHA3-384_signed-by_RSA-SHA3-256,RSA-SHA3-384_signed-by_RSA-SHA3-256,5.111,8183.66,2541.64,0.2,0,0,149.6,24,1101.55,1115.78,2116,2113
1,4,34,RSA-SHA3-384_signed-by_RSA-SHA3-256,RSA-SHA3-384_signed-by_RSA-SHA3-256,7.038,5942.94,2113.95,0.5,5,0.357143,118.857,24,1126.77,1089.06,2116,2113
1,3,94,RSA-SHA3-384_signed-by_RSA-SHA3-256,RSA-SHA3-384_signed-by_RSA-SHA3-256,6.884,6075.94,1940.49,0.583333,0,0,126.667,24,1144.34,1125.41,2116,2113
1,4,35,RSA-SHA3-384_signed-by_RSA-SHA3-256,RSA-SHA3-384_signed-by_RSA-SHA3-256,6.049,6914.68,2189.85,0,0,0,135.091,24,1128.47,1104.91,2116,2113
1,2,94,RSA-SHA3-384_signed-by_RSA-SHA3-256,RSA-SHA3-384_signed-by_RSA-SHA3-256,8.294,5043.61,2284.04,0.384615,11,0.846154,179.231,24,1122.03,1132.95,2116,2113
1,3,95,RSA-SHA3-384_signed-by_RSA-SHA3-256,RSA-SHA3-384_signed-by_RSA-SHA3-256,6.303,6636.14,2061.02,0,0,0,149.6,24,1603.83,1569.78,2116,2113
1,4,36,RSA-SHA3-384_signed-by_RSA-SHA3-256,RSA-SHA3-384_signed-by_RSA-SHA3-256,7.209,5802.44,1802.1,0.5,0,0,149.6,24,1129.29,1118.84,2116,2113
1,2,95,RSA-SHA3-384_signed-by_RSA-SHA3-256,RSA-SHA3-384_signed-by_RSA-SHA3-256,10.105,4139.46,1310.95,0.727273,0,0,656.545,24,1623.17,1599.51,2116,2113
1,3,96,RSA-SHA3-384_signed-by_RSA-SHA3-256,RSA-SHA3-384_signed-by_RSA-SHA3-256,9.148,4572.47,2327.77,0.470588,18,1.05882,153.765,24,1136.9,1114.47,2116,2113
1,4,37,RSA-SHA3-384_signed-by_RSA-SHA3-256,RSA-SHA3-384_signed-by_RSA-SHA3-256,6.084,6874.94,2177.26,0.727273,0,0,135.091,24,1134.22,1117.98,2116,2113
1,3,97,RSA-SHA3-384_signed-by_RSA-SHA3-256,RSA-SHA3-384_signed-by_RSA-SHA3-256,6.75,6196.56,2028.78,1,5,0.384615,120.154,24,1136.16,1097.71,2116,2113
1,4,38,RSA-SHA3-384_signed-by_RSA-SHA3-256,RSA-SHA3-384_signed-by_RSA-SHA3-256,6.507,6427.99,2075.05,0.833333,0,0,127,24,1142.7,1099.04,2116,2113
1,3,98,RSA-SHA3-384_signed-by_RSA-SHA3-256,RSA-SHA3-384_signed-by_RSA-SHA3-256,5.072,8246.63,2895.55,0.461538,0,0,184.154,24,1179.4,1113.81,2116,2113
1,2,96,RSA-SHA3-384_signed-by_RSA-SHA3-256,RSA-SHA3-384_signed-by_RSA-SHA3-256,13.14,3183.41,2399.88,0.875,37,1.54167,153.167,24,1149.24,1117.9,2116,2113
1,4,39,RSA-SHA3-384_signed-by_RSA-SHA3-256,RSA-SHA3-384_signed-by_RSA-SHA3-256,8.906,4696.55,1832.28,0.6875,7,0.4375,111.25,24,1141.44,1104.87,2116,2113
1,3,99,RSA-SHA3-384_signed-by_RSA-SHA3-256,RSA-SHA3-384_signed-by_RSA-SHA3-256,8.649,4836.6,1531.73,0.909091,0,0,135.091,24,1123.1,1098.25,2116,2113
1,2,97,RSA-SHA3-384_signed-by_RSA-SHA3-256,RSA-SHA3-384_signed-by_RSA-SHA3-256,8.31,5033.35,2385.28,0.526316,14,0.736842,143.474,24,1138.37,1097.46,2116,2113
1,4,40,RSA-SHA3-384_signed-by_RSA-SHA3-256,RSA-SHA3-384_signed-by_RSA-SHA3-256,7.386,5662.96,2436.73,0.333333,7,0.466667,126.8,24,1235.33,1126.49,2116,2113
1,2,98,RSA-SHA3-384_signed-by_RSA-SHA3-256,RSA-SHA3-384_signed-by_RSA-SHA3-256,5.392,7757.4,2723.77,0,0,0,184.154,24,1149.45,1102.04,2116,2113
1,4,41,RSA-SHA3-384_signed-by_RSA-SHA3-256,RSA-SHA3-384_signed-by_RSA-SHA3-256,5.476,7638.55,2419.09,0,0,0,135.091,24,1104.62,1099.17,2116,2113
1,2,99,RSA-SHA3-384_signed-by_RSA-SHA3-256,RSA-SHA3-384_signed-by_RSA-SHA3-256,4.694,8911.07,2822.1,0,0,0,135.091,24,1114.53,1103.27,2116,2113
1,4,42,RSA-SHA3-384_signed-by_RSA-SHA3-256,RSA-SHA3-384_signed-by_RSA-SHA3-256,5.775,7243.03,2338.16,0.0833333,0,0,127,24,1132.74,1115.92,2116,2113
1,4,43,RSA-SHA3-384_signed-by_RSA-SHA3-256,RSA-SHA3-384_signed-by_RSA-SHA3-256,4.431,9440.35,2989.71,0,0,0,135.091,24,1155.63,1167.28,2116,2113
1,4,44,RSA-SHA3-384_signed-by_RSA-SHA3-256,RSA-SHA3-384_signed-by_RSA-SHA3-256,4.349,9618.34,3046.08,0,0,0,135.091,24,1128.68,1129.57,2116,2113
1,4,45,RSA-SHA3-384_signed-by_RSA-SHA3-256,RSA-SHA3-384_signed-by_RSA-SHA3-256,4.422,9459.56,2995.8,0,0,0,135.091,24,1136.31,1102.29,2116,2113
1,4,46,RSA-SHA3-384_signed-by_RSA-SHA3-256,RSA-SHA3-384_signed-by_RSA-SHA3-256,4.402,9502.54,3009.41,0,0,0,135.091,24,1134.7,1109.42,2116,2113
1,4,47,RSA-SHA3-384_signed-by_RSA-SHA3-256,RSA-SHA3-384_signed-by_RSA-SHA3-256,4.835,8651.57,2739.91,0,0,0,135.091,24,1600.79,1584.36,2116,2113
1,4,48,RSA-SHA3-384_signed-by_RSA-SHA3-256,RSA-SHA3-384_signed-by_RSA-SHA3-256,4.291,9748.34,3087.25,0,0,0,135.091,24,1126.57,1101.62,2116,2113
1,4,49,RSA-SHA3-384_signed-by_RSA-SHA3-256,RSA-SHA3-384_signed-by_RSA-SHA3-256,4.3,9727.94,3080.79,0,0,0,135.091,24,1149.9,1105.02,2116,2113
1,4,50,RSA-SHA3-384_signed-by_RSA-SHA3-256,RSA-SHA3-384_signed-by_RSA-SHA3-256,4.436,9429.61,2986.31,0,0,0,135.091,24,1135.34,1119.53,2116,2113
1,4,51,RSA-SHA3-384_signed-by_RSA-SHA3-256,RSA-SHA3-384_signed-by_RSA-SHA3-256,4.773,8763.59,2775.39,0,0,0,135.091,24,1131.61,1106.42,2116,2113
1,1,32,RSA-SHA3-384_signed-by_RSA-SHA3-256,RSA-SHA3-384_signed-by_RSA-SHA3-256,1010.83,41.3839,35.6777,1,33,1.03125,109.875,24,1122.61,1107.91,2116,2113
1,4,52,RSA-SHA3-384_signed-by_RSA-SHA3-256,RSA-SHA3-384_signed-by_RSA-SHA3-256,5.018,8335.59,2639.84,0,0,0,135.091,24,1131.73,1110.78,2116,2113
1,1,33,RSA-SHA3-384_signed-by_RSA-SHA3-256,RSA-SHA3-384_signed-by_RSA-SHA3-256,5.169,8092.11,2395.6,0,0,0,82.8,24,1144.69,1097.81,2116,2113
1,4,53,RSA-SHA3-384_signed-by_RSA-SHA3-256,RSA-SHA3-384_signed-by_RSA-SHA3-256,4.945,8458.8,2824.45,0.333333,1,0.0833333,128.667,24,1137.68,1106.66,2116,2113
1,1,34,RSA-SHA3-384_signed-by_RSA-SHA3-256,RSA-SHA3-384_signed-by_RSA-SHA3-256,6.101,6855.93,2950.06,0.266667,7,0.466667,126.8,24,1144.93,1120.29,2116,2113
1,4,54,RSA-SHA3-384_signed-by_RSA-SHA3-256,RSA-SHA3-384_signed-by_RSA-SHA3-256,4.999,8367.19,2649.85,0,0,0,135.091,24,1132.11,1107.74,2116,2113
1,1,35,RSA-SHA3-384_signed-by_RSA-SHA3-256,RSA-SHA3-384_signed-by_RSA-SHA3-256,4.772,8765.25,2775.92,0,0,0,135.091,24,1153.96,1096.02,2116,2113
1,4,55,RSA-SHA3-384_signed-by_RSA-SHA3-256,RSA-SHA3-384_signed-by_RSA-SHA3-256,5.277,7926.51,2510.29,0,0,0,135.091,24,1138.72,1311.17,2116,2113
1,1,36,RSA-SHA3-384_signed-by_RSA-SHA3-256,RSA-SHA3-384_signed-by_RSA-SHA3-256,4.716,8869.51,2808.93,0,0,0,135.091,24,1135.21,1116.98,2116,2113
1,4,56,RSA-SHA3-384_signed-by_RSA-SHA3-256,RSA-SHA3-384_signed-by_RSA-SHA3-256,4.649,8997.32,2849.41,0,0,0,135.091,24,1137.22,1103.71,2116,2113
1,1,37,RSA-SHA3-384_signed-by_RSA-SHA3-256,RSA-SHA3-384_signed-by_RSA-SHA3-256,5.24,7982.47,2528.01,0,0,0,135.091,24,1133.99,1097.43,2116,2113
1,4,57,RSA-SHA3-384_signed-by_RSA-SHA3-256,RSA-SHA3-384_signed-by_RSA-SHA3-256,5.249,7968.79,2523.68,0,0,0,135.091,24,1104.94,1097.03,2116,2113
1,1,38,RSA-SHA3-384_signed-by_RSA-SHA3-256,RSA-SHA3-384_signed-by_RSA-SHA3-256,4.858,8610.27,2726.83,0,0,0,134.364,24,1144.19,1086.28,2116,2113
1,4,58,RSA-SHA3-384_signed-by_RSA-SHA3-256,RSA-SHA3-384_signed-by_RSA-SHA3-256,4.382,9545.7,3515.97,0.571429,3,0.214286,122,24,1132.69,1116.75,2116,2113
1,1,39,RSA-SHA3-384_signed-by_RSA-SHA3-256,RSA-SHA3-384_signed-by_RSA-SHA3-256,6.716,6228.22,2858.62,0.571429,11,0.785714,165.714,24,1107.41,1100.12,2116,2113
1,4,59,RSA-SHA3-384_signed-by_RSA-SHA3-256,RSA-SHA3-384_signed-by_RSA-SHA3-256,4.67,8956.77,2836.57,0,0,0,135.091,24,1141.57,1087.14,2116,2113
1,1,40,RSA-SHA3-384_signed-by_RSA-SHA3-256,RSA-SHA3-384_signed-by_RSA-SHA3-256,6.809,6143.24,1945.54,0,0,0,135.091,24,1293.19,1109.07,2116,2113
1,4,60,RSA-SHA3-384_signed-by_RSA-SHA3-256,RSA-SHA3-384_signed-by_RSA-SHA3-256,6.396,6539.95,2071.17,0,0,0,135.091,24,1148.12,1096.92,2116,2113
1,1,41,RSA-SHA3-384_signed-by_RSA-SHA3-256,RSA-SHA3-384_signed-by_RSA-SHA3-256,5.336,7838.95,2482.56,0,0,0,134.364,24,1132.97,1108.01,2116,2113
1,4,61,RSA-SHA3-384_signed-by_RSA-SHA3-256,RSA-SHA3-384_signed-by_RSA-SHA3-256,5.087,8222.62,2604.06,0,0,0,135.091,24,1130.74,1089.75,2116,2113
1,1,42,RSA-SHA3-384_signed-by_RSA-SHA3-256,RSA-SHA3-384_signed-by_RSA-SHA3-256,5.386,7766.11,2459.49,0,0,0,125.273,24,1129.18,1119.84,2116,2113
1,4,62,RSA-SHA3-384_signed-by_RSA-SHA3-256,RSA-SHA3-384_signed-by_RSA-SHA3-256,5.591,7481.38,2369.32,0,0,0,135.091,24,1131.83,1098.08,2116,2113
1,1,43,RSA-SHA3-384_signed-by_RSA-SHA3-256,RSA-SHA3-384_signed-by_RSA-SHA3-256,4.864,8599.57,2723.44,0,0,0,125.273,24,1142.85,1097.12,2116,2113
1,4,63,RSA-SHA3-384_signed-by_RSA-SHA3-256,RSA-SHA3-384_signed-by_RSA-SHA3-256,5.784,7231.7,2290.25,0,0,0,135.091,24,1614.98,1569.07,2116,2113
1,1,44,RSA-SHA3-384_signed-by_RSA-SHA3-256,RSA-SHA3-384_signed-by_RSA-SHA3-256,5.035,8307.53,3279.16,0.470588,10,0.588235,102,24,1128.55,1100.78,2116,2113
1,4,64,RSA-SHA3-384_signed-by_RSA-SHA3-256,RSA-SHA3-384_signed-by_RSA-SHA3-256,4.327,9666.7,3272.15,0.615385,8,0.615385,125.385,24,1142.12,1108.84,2116,2113
1,1,45,RSA-SHA3-384_signed-by_RSA-SHA3-256,RSA-SHA3-384_signed-by_RSA-SHA3-256,5.133,8148.55,2580.61,0,0,0,125.636,24,1112.38,1098.65,2116,2113
1,4,65,RSA-SHA3-384_signed-by_RSA-SHA3-256,RSA-SHA3-384_signed-by_RSA-SHA3-256,5.33,7847.49,2890.47,0,0,0,205.714,24,1134.34,1101.4,2116,2113
1,1,46,RSA-SHA3-384_signed-by_RSA-SHA3-256,RSA-SHA3-384_signed-by_RSA-SHA3-256,4.648,8999.26,2850.02,0,0,0,125.273,24,1130.84,1112.52,2116,2113
1,4,66,RSA-SHA3-384_signed-by_RSA-SHA3-256,RSA-SHA3-384_signed-by_RSA-SHA3-256,5.307,7881.71,2496.1,0,0,0,135.091,24,1143.48,1098.09,2116,2113
1,1,47,RSA-SHA3-384_signed-by_RSA-SHA3-256,RSA-SHA3-384_signed-by_RSA-SHA3-256,5.416,7723.1,2747.17,0.357143,5,0.357143,110.571,24,1135.89,1595.28,2116,2113
1,4,67,RSA-SHA3-384_signed-by_RSA-SHA3-256,RSA-SHA3-384_signed-by_RSA-SHA3-256,5.617,7446.63,3204.23,0.333333,7,0.466667,126.8,24,1132.06,1105.17,2116,2113
1,1,48,RSA-SHA3-384_signed-by_RSA-SHA3-256,RSA-SHA3-384_signed-by_RSA-SHA3-256,5.64,7416.26,2638.03,0.142857,5,0.357143,110.571,24,1102.01,1099.54,2116,2113
1,4,68,RSA-SHA3-384_signed-by_RSA-SHA3-256,RSA-SHA3-384_signed-by_RSA-SHA3-256,4.871,8587.04,2772.03,0.166667,0,0,127,24,1145.32,1106.83,2116,2113
1,1,49,RSA-SHA3-384_signed-by_RSA-SHA3-256,RSA-SHA3-384_signed-by_RSA-SHA3-256,4.952,8446.51,2674.97,0,0,0,125.273,24,1105.84,1097.39,2116,2113
1,4,69,RSA-SHA3-384_signed-by_RSA-SHA3-256,RSA-SHA3-384_signed-by_RSA-SHA3-256,4.927,8489.53,2688.6,0,0,0,135.091,24,1139.21,1085.88,2116,2113
1,1,50,RSA-SHA3-384_signed-by_RSA-SHA3-256,RSA-SHA3-384_signed-by_RSA-SHA3-256,5.112,8182.41,2591.33,0,0,0,127.455,24,1102.26,1098.61,2116,2113
1,4,70,RSA-SHA3-384_signed-by_RSA-SHA3-256,RSA-SHA3-384_signed-by_RSA-SHA3-256,5.071,8248.56,2612.28,0,0,0,135.091,24,1139.09,1103.71,2116,2113
1,1,51,RSA-SHA3-384_signed-by_RSA-SHA3-256,RSA-SHA3-384_signed-by_RSA-SHA3-256,4.975,8407.71,2662.68,0,0,0,125.273,24,1107.82,1098.4,2116,2113
1,4,71,RSA-SHA3-384_signed-by_RSA-SHA3-256,RSA-SHA3-384_signed-by_RSA-SHA3-256,4.983,8394.3,2658.43,0,0,0,135.091,24,1133.1,1104.88,2116,2113
1,1,52,RSA-SHA3-384_signed-by_RSA-SHA3-256,RSA-SHA3-384_signed-by_RSA-SHA3-256,4.967,8421.33,2667,0,0,0,125.273,24,1117.8,1103.89,2116,2113
1,4,72,RSA-SHA3-384_signed-by_RSA-SHA3-256,RSA-SHA3-384_signed-by_RSA-SHA3-256,5.008,8352.31,2645.14,0,0,0,135.091,24,1132.87,1087.25,2116,2113
1,1,53,RSA-SHA3-384_signed-by_RSA-SHA3-256,RSA-SHA3-384_signed-by_RSA-SHA3-256,4.808,8699.72,2755.16,0.272727,0,0,125.273,24,1127.25,1116.95,2116,2113
1,4,73,RSA-SHA3-384_signed-by_RSA-SHA3-256,RSA-SHA3-384_signed-by_RSA-SHA3-256,5.848,7152.63,3077.72,0.2,7,0.466667,126.8,24,1126.9,1127.81,2116,2113
1,1,54,RSA-SHA3-384_signed-by_RSA-SHA3-256,RSA-SHA3-384_signed-by_RSA-SHA3-256,4.655,8985.63,3237.51,0.533333,6,0.4,105.733,24,1130.59,1113.62,2116,2113
1,4,74,RSA-SHA3-384_signed-by_RSA-SHA3-256,RSA-SHA3-384_signed-by_RSA-SHA3-256,6.164,6785.76,3114.52,0.571429,11,0.785714,165.714,24,1128.48,1134.62,2116,2113
1,1,55,RSA-SHA3-384_signed-by_RSA-SHA3-256,RSA-SHA3-384_signed-by_RSA-SHA3-256,5.413,7727.24,2447.18,0,0,0,125.273,24,1130.42,1096.2,2116,2113
1,4,75,RSA-SHA3-384_signed-by_RSA-SHA3-256,RSA-SHA3-384_signed-by_RSA-SHA3-256,5.07,8250.18,2612.8,0,0,0,135.091,24,1143.12,1109.16,2116,2113
1,1,56,RSA-SHA3-384_signed-by_RSA-SHA3-256,RSA-SHA3-384_signed-by_RSA-SHA3-256,4.934,8477.49,2684.78,0,0,0,125.273,24,1142.43,1101.66,2116,2113
1,4,76,RSA-SHA3-384_signed-by_RSA-SHA3-256,RSA-SHA3-384_signed-by_RSA-SHA3-256,5.011,8347.23,2643.53,0,0,0,135.091,24,1129.44,1098.29,2116,2113
1,1,57,RSA-SHA3-384_signed-by_RSA-SHA3-256,RSA-SHA3-384_signed-by_RSA-SHA3-256,4.331,9657.88,3058.61,0,0,0,125.273,24,1149,1104.51,2116,2113
1,4,77,RSA-SHA3-384_signed-by_RSA-SHA3-256,RSA-SHA3-384_signed-by_RSA-SHA3-256,4.813,8690.51,2752.24,0,0,0,135.091,24,1101.49,1096.9,2116,2113
1,1,58,RSA-SHA3-384_signed-by_RSA-SHA3-256,RSA-SHA3-384_signed-by_RSA-SHA3-256,5.072,8246.78,2611.72,0,0,0,131.818,24,1134.42,1090.15,2116,2113
1,4,78,RSA-SHA3-384_signed-by_RSA-SHA3-256,RSA-SHA3-384_signed-by_RSA-SHA3-256,4.766,8776.46,2779.47,0,0,0,135.091,24,1139.12,1103.34,2116,2113
1,1,59,RSA-SHA3-384_signed-by_RSA-SHA3-256,RSA-SHA3-384_signed-by_RSA-SHA3-256,5.151,8120.38,2571.69,0,0,0,125.273,24,1140.28,1106.65,2116,2113
1,4,79,RSA-SHA3-384_signed-by_RSA-SHA3-256,RSA-SHA3-384_signed-by_RSA-SHA3-256,6.983,5990.14,1897.05,0,0,0,135.091,24,1597.74,1633.4,2116,2113
1,1,60,RSA-SHA3-384_signed-by_RSA-SHA3-256,RSA-SHA3-384_signed-by_RSA-SHA3-256,5.78,7236.89,2291.89,0,0,0,125.273,24,1131.22,1110.26,2116,2113
1,4,80,RSA-SHA3-384_signed-by_RSA-SHA3-256,RSA-SHA3-384_signed-by_RSA-SHA3-256,5.349,7819.69,2476.46,0,0,0,135.091,24,1135.33,1197.51,2116,2113
1,1,61,RSA-SHA3-384_signed-by_RSA-SHA3-256,RSA-SHA3-384_signed-by_RSA-SHA3-256,5.288,7909.95,2505.04,0,0,0,125.273,24,1123.08,1096.8,2116,2113
1,4,81,RSA-SHA3-384_signed-by_RSA-SHA3-256,RSA-SHA3-384_signed-by_RSA-SHA3-256,5.231,7996.13,2532.34,0,0,0,135.091,24,1127.1,1125.76,2116,2113
1,1,62,RSA-SHA3-384_signed-by_RSA-SHA3-256,RSA-SHA3-384_signed-by_RSA-SHA3-256,5.58,7496.06,2373.97,0,0,0,125.273,24,1132.65,1102.06,2116,2113
1,4,82,RSA-SHA3-384_signed-by_RSA-SHA3-256,RSA-SHA3-384_signed-by_RSA-SHA3-256,4.824,8671.04,2746.08,0,0,0,135.091,24,1130.72,1115.97,2116,2113
1,1,63,RSA-SHA3-384_signed-by_RSA-SHA3-256,RSA-SHA3-384_signed-by_RSA-SHA3-256,6.161,6789.28,2150.13,0,0,0,125.273,24,1128.05,1577.61,2116,2113
1,4,83,RSA-SHA3-384_signed-by_RSA-SHA3-256,RSA-SHA3-384_signed-by_RSA-SHA3-256,4.396,9515.09,3013.39,0,0,0,135.091,24,1145.03,1110.61,2116,2113
1,1,64,RSA-SHA3-384_signed-by_RSA-SHA3-256,RSA-SHA3-384_signed-by_RSA-SHA3-256,6.106,6850.43,2436.76,0.357143,5,0.357143,110.571,24,1127.54,1108.57,2116,2113
1,4,84,RSA-SHA3-384_signed-by_RSA-SHA3-256,RSA-SHA3-384_signed-by_RSA-SHA3-256,5.716,7317.73,3148.76,0.333333,7,0.466667,126.8,24,1126.93,1106.3,2116,2113
1,1,65,RSA-SHA3-384_signed-by_RSA-SHA3-256,RSA-SHA3-384_signed-by_RSA-SHA3-256,4.375,9560.45,3027.75,0,0,0,125.273,24,1282.79,1111.77,2116,2113
1,4,85,RSA-SHA3-384_signed-by_RSA-SHA3-256,RSA-SHA3-384_signed-by_RSA-SHA3-256,5.577,7500.1,2421.14,0.416667,0,0,127,24,1298.56,1114,2116,2113
1,1,66,RSA-SHA3-384_signed-by_RSA-SHA3-256,RSA-SHA3-384_signed-by_RSA-SHA3-256,6.594,6343.35,2911.46,0.357143,11,0.785714,152.857,24,1122.14,1101.58,2116,2113
1,4,86,RSA-SHA3-384_signed-by_RSA-SHA3-256,RSA-SHA3-384_signed-by_RSA-SHA3-256,4.57,9152.65,2898.6,0,0,0,135.091,24,1128.86,1087.88,2116,2113
1,1,67,RSA-SHA3-384_signed-by_RSA-SHA3-256,RSA-SHA3-384_signed-by_RSA-SHA3-256,4.345,9626.77,3048.75,0,0,0,129.636,24,1129.07,1119.55,2116,2113
1,4,87,RSA-SHA3-384_signed-by_RSA-SHA3-256,RSA-SHA3-384_signed-by_RSA-SHA3-256,4.92,8501.69,2692.45,0,0,0,135.091,24,1136.28,1097.88,2116,2113
1,1,68,RSA-SHA3-384_signed-by_RSA-SHA3-256,RSA-SHA3-384_signed-by_RSA-SHA3-256,4.737,8830.19,3140.97,0.142857,5,0.357143,110.571,24,1131.04,1098.71,2116,2113
1,4,88,RSA-SHA3-384_signed-by_RSA-SHA3-256,RSA-SHA3-384_signed-by_RSA-SHA3-256,4.753,8800.2,2786.98,0.181818,0,0,135.091,24,1148.56,1101.18,2116,2113
1,1,69,RSA-SHA3-384_signed-by_RSA-SHA3-256,RSA-SHA3-384_signed-by_RSA-SHA3-256,5.296,7897.93,2501.24,0,0,0,125.273,24,1123.23,1098.44,2116,2113
1,4,89,RSA-SHA3-384_signed-by_RSA-SHA3-256,RSA-SHA3-384_signed-by_RSA-SHA3-256,4.509,9276.56,2937.84,0,0,0,135.091,24,1134.4,1107.08,2116,2113
1,1,70,RSA-SHA3-384_signed-by_RSA-SHA3-256,RSA-SHA3-384_signed-by_RSA-SHA3-256,4.824,8670.87,2746.02,0,0,0,125.273,24,1125.9,1107.55,2116,2113
1,4,90,RSA-SHA3-384_signed-by_RSA-SHA3-256,RSA-SHA3-384_signed-by_RSA-SHA3-256,4.722,8858.24,2805.36,0,0,0,135.091,24,1130.22,1109.04,2116,2113
1,1,71,RSA-SHA3-384_signed-by_RSA-SHA3-256,RSA-SHA3-384_signed-by_RSA-SHA3-256,4.864,8599.48,4902.48,0,0,0,164.133,24,1132.34,1108.45,2116,2113
1,4,91,RSA-SHA3-384_signed-by_RSA-SHA3-256,RSA-SHA3-384_signed-by_RSA-SHA3-256,6.045,6919.49,2191.37,0,0,0,135.091,24,1145.07,1115.32,2116,2113
1,1,72,RSA-SHA3-384_signed-by_RSA-SHA3-256,RSA-SHA3-384_signed-by_RSA-SHA3-256,5.619,7444.17,2357.53,0.0909091,0,0,125.273,24,1155.61,1100.41,2116,2113
1,4,92,RSA-SHA3-384_signed-by_RSA-SHA3-256,RSA-SHA3-384_signed-by_RSA-SHA3-256,5.315,7869.84,2675.96,0.0769231,1,0.0769231,121.692,24,1152.72,1103.95,2116,2113
1,1,73,RSA-SHA3-384_signed-by_RSA-SHA3-256,RSA-SHA3-384_signed-by_RSA-SHA3-256,4.904,8529.43,2701.23,0,0,0,125.273,24,1137.78,1203.31,2116,2113
1,4,93,RSA-SHA3-384_signed-by_RSA-SHA3-256,RSA-SHA3-384_signed-by_RSA-SHA3-256,5.201,8042.33,2546.97,0,0,0,135.091,24,1148.2,1105.69,2116,2113
1,1,74,RSA-SHA3-384_signed-by_RSA-SHA3-256,RSA-SHA3-384_signed-by_RSA-SHA3-256,5.116,8175.86,2589.26,0,0,0,125.273,24,1135.65,1100.78,2116,2113
1,4,94,RSA-SHA3-384_signed-by_RSA-SHA3-256,RSA-SHA3-384_signed-by_RSA-SHA3-256,5.119,8171.22,2587.79,0,0,0,135.091,24,1131.27,1099.75,2116,2113
1,1,75,RSA-SHA3-384_signed-by_RSA-SHA3-256,RSA-SHA3-384_signed-by_RSA-SHA3-256,5.652,7400.71,2343.77,0,0,0,125.273,24,1133.18,1118.39,2116,2113
1,4,95,RSA-SHA3-384_signed-by_RSA-SHA3-256,RSA-SHA3-384_signed-by_RSA-SHA3-256,5.152,8118.96,2571.24,0,0,0,135.091,24,1611.41,1588.19,2116,2113
1,1,76,RSA-SHA3-384_signed-by_RSA-SHA3-256,RSA-SHA3-384_signed-by_RSA-SHA3-256,5.064,8260.04,2615.92,0,0,0,125.273,24,1118.74,1097.35,2116,2113
1,4,96,RSA-SHA3-384_signed-by_RSA-SHA3-256,RSA-SHA3-384_signed-by_RSA-SHA3-256,4.605,9083.19,2876.6,0,0,0,135.091,24,1134.17,1107.73,2116,2113
1,1,77,RSA-SHA3-384_signed-by_RSA-SHA3-256,RSA-SHA3-384_signed-by_RSA-SHA3-256,4.706,8888.17,2814.84,0,0,0,125.273,24,1146.3,1119.58,2116,2113
1,4,97,RSA-SHA3-384_signed-by_RSA-SHA3-256,RSA-SHA3-384_signed-by_RSA-SHA3-256,5.12,8169.47,2587.23,0,0,0,135.091,24,1140,1103.56,2116,2113
1,1,78,RSA-SHA3-384_signed-by_RSA-SHA3-256,RSA-SHA3-384_signed-by_RSA-SHA3-256,5.053,8277.86,2621.56,0,0,0,125.273,24,1110.37,1100.41,2116,2113
1,4,98,RSA-SHA3-384_signed-by_RSA-SHA3-256,RSA-SHA3-384_signed-by_RSA-SHA3-256,4.692,8914.87,2823.3,0,0,0,135.091,24,1139.37,1092.37,2116,2113
1,1,79,RSA-SHA3-384_signed-by_RSA-SHA3-256,RSA-SHA3-384_signed-by_RSA-SHA3-256,5.263,7947.74,2517.01,0.272727,0,0,125.273,24,1610.33,1575.2,2116,2113
1,4,99,RSA-SHA3-384_signed-by_RSA-SHA3-256,RSA-SHA3-384_signed-by_RSA-SHA3-256,7.875,5311.51,2376.93,0.25,8,0.5,122.5,24,1120.79,1107.86,2116,2113
1,1,80,RSA-SHA3-384_signed-by_RSA-SHA3-256,RSA-SHA3-384_signed-by_RSA-SHA3-256,4.663,8970.03,2895.66,0.0833333,0,0,118,24,1129.8,1102.97,2116,2113
1,1,81,RSA-SHA3-384_signed-by_RSA-SHA3-256,RSA-SHA3-384_signed-by_RSA-SHA3-256,4.302,9722.98,3079.22,0,0,0,125.273,24,1131.97,1101.24,2116,2113
1,1,82,RSA-SHA3-384_signed-by_RSA-SHA3-256,RSA-SHA3-384_signed-by_RSA-SHA3-256,4.295,9739.26,3084.38,0,0,0,125.273,24,1144.36,1114.14,2116,2113
1,1,83,RSA-SHA3-384_signed-by_RSA-SHA3-256,RSA-SHA3-384_signed-by_RSA-SHA3-256,4.387,9535.03,3019.7,0,0,0,125.273,24,1146.64,1211,2116,2113
1,1,84,RSA-SHA3-384_signed-by_RSA-SHA3-256,RSA-SHA3-384_signed-by_RSA-SHA3-256,4.244,9856.29,3121.44,0,0,0,125.273,24,1147.6,1119.7,2116,2113
1,1,85,RSA-SHA3-384_signed-by_RSA-SHA3-256,RSA-SHA3-384_signed-by_RSA-SHA3-256,4.287,9757.44,3090.13,0,0,0,125.273,24,1130.65,1105.94,2116,2113
1,1,86,RSA-SHA3-384_signed-by_RSA-SHA3-256,RSA-SHA3-384_signed-by_RSA-SHA3-256,4.246,9851.65,3119.97,0,0,0,125.273,24,1126.85,1120,2116,2113
1,1,87,RSA-SHA3-384_signed-by_RSA-SHA3-256,RSA-SHA3-384_signed-by_RSA-SHA3-256,4.291,9748.34,3087.25,0,0,0,125.273,24,1167.34,1162.82,2116,2113
1,1,88,RSA-SHA3-384_signed-by_RSA-SHA3-256,RSA-SHA3-384_signed-by_RSA-SHA3-256,4.41,9485.3,3003.95,0,0,0,125.273,24,1134.21,1130.61,2116,2113
1,1,89,RSA-SHA3-384_signed-by_RSA-SHA3-256,RSA-SHA3-384_signed-by_RSA-SHA3-256,4.3,9727.94,3080.79,0,0,0,125.273,24,1128.51,1114.75,2116,2113
1,1,90,RSA-SHA3-384_signed-by_RSA-SHA3-256,RSA-SHA3-384_signed-by_RSA-SHA3-256,4.327,9667.24,3061.57,0,0,0,125.273,24,1130.49,1142.23,2116,2113
1,1,91,RSA-SHA3-384_signed-by_RSA-SHA3-256,RSA-SHA3-384_signed-by_RSA-SHA3-256,4.424,9455.29,2994.45,0,0,0,125.273,24,1126.51,1104.51,2116,2113
1,1,92,RSA-SHA3-384_signed-by_RSA-SHA3-256,RSA-SHA3-384_signed-by_RSA-SHA3-256,4.413,9478.85,3001.91,0,0,0,125.273,24,1125,1110.47,2116,2113
1,1,93,RSA-SHA3-384_signed-by_RSA-SHA3-256,RSA-SHA3-384_signed-by_RSA-SHA3-256,4.364,9585.28,3035.61,0,0,0,125.273,24,1128.7,1103.78,2116,2113
1,1,94,RSA-SHA3-384_signed-by_RSA-SHA3-256,RSA-SHA3-384_signed-by_RSA-SHA3-256,4.267,9803.17,3104.62,0,0,0,125.273,24,1130.16,1110.67,2116,2113
1,1,95,RSA-SHA3-384_signed-by_RSA-SHA3-256,RSA-SHA3-384_signed-by_RSA-SHA3-256,4.778,8754.78,2772.6,0,0,0,125.273,24,1615.62,1587.39,2116,2113
1,1,96,RSA-SHA3-384_signed-by_RSA-SHA3-256,RSA-SHA3-384_signed-by_RSA-SHA3-256,4.217,9919.4,3141.43,0,0,0,125.273,24,1135.96,1108.46,2116,2113
1,1,97,RSA-SHA3-384_signed-by_RSA-SHA3-256,RSA-SHA3-384_signed-by_RSA-SHA3-256,4.266,9805.47,3105.35,0,0,0,125.273,24,1133.24,1102.91,2116,2113
1,1,98,RSA-SHA3-384_signed-by_RSA-SHA3-256,RSA-SHA3-384_signed-by_RSA-SHA3-256,4.302,9723.42,3079.36,0,0,0,125.273,24,1128.95,1106.76,2116,2113
1,1,99,RSA-SHA3-384_signed-by_RSA-SHA3-256,RSA-SHA3-384_signed-by_RSA-SHA3-256,4.431,9440.35,2989.71,0,0,0,125.273,24,1106.84,1103.06,2116,2113
