scenario,node_id,handshake_index,sta_cert_algo,ap_cert_algo,handshake_delay_ms,goodput_kbps,throughput_kbps,phy_frame_drop_rate,mac_retries,mac_retry_rate,tx_delay_us,prop_delay_ns,cert_verify_ap_us,cert_verify_sta_us,server_cert_msg_bytes,client_cert_msg_bytes
1,8,0,RSA-SHA512_signed-by_ECDSA-SHA256,RSA-SHA512_signed-by_ECDSA-SHA256,29.458,1150.38,582.794,0.714286,14,0.666667,197.81,14,2078.57,2152.15,1620,1616
1,3,0,RSA-SHA512_signed-by_ECDSA-SHA256,RSA-SHA512_signed-by_ECDSA-SHA256,43.514,778.775,394.535,1,14,0.666667,188.286,24,2130.3,2034.52,1620,1616
1,6,0,RSA-SHA512_signed-by_ECDSA-SHA256,RSA-SHA512_signed-by_ECDSA-SHA256,55.276,613.203,164.698,1,0,0,228.667,8,2073.6,2047.09,1620,1617
1,7,0,RSA-SHA512_signed-by_ECDSA-SHA256,RSA-SHA512_signed-by_ECDSA-SHA256,64.548,524.879,145.627,1,1,0.0625,176.625,16,2065.92,2041.39,1620,1615
1,5,0,RSA-SHA512_signed-by_ECDSA-SHA256,RSA-SHA512_signed-by_ECDSA-SHA256,68.475,494.777,157.02,1,4,0.210526,254.211,15,2034.65,2050.7,1620,1615
1,2,0,RSA-SHA512_signed-by_ECDSA-SHA256,RSA-SHA512_signed-by_ECDSA-SHA256,72.041,470.396,139.031,1,9,0.5,156.444,24,2057.33,2056.76,1620,1616
1,8,1,RSA-SHA512_signed-by_ECDSA-SHA256,RSA-SHA512_signed-by_ECDSA-SHA256,45.257,748.781,628.933,1,27,1.08,762.96,14,2055.64,2005.24,1620,1616
1,1,0,RSA-SHA512_signed-by_ECDSA-SHA256,RSA-SHA512_signed-by_ECDSA-SHA256,80.53,420.708,152.389,1,6,0.285714,176.476,24,2064.46,2033.13,1620,1615
1,3,1,RSA-SHA512_signed-by_ECDSA-SHA256,RSA-SHA512_signed-by_ECDSA-SHA256,38.306,884.653,400.558,1,3,0.214286,171.714,24,2035.18,2032.85,1620,1616
1,6,1,RSA-SHA512_signed-by_ECDSA-SHA256,RSA-SHA512_signed-by_ECDSA-SHA256,27.146,1248.65,478.595,1,0,0,592.4,8,2035.77,2135.42,1620,1617
1,7,1,RSA-SHA512_signed-by_ECDSA-SHA256,RSA-SHA512_signed-by_ECDSA-SHA256,20.583,1646.01,631.198,1,0,0,136,16,2055.54,2019.86,1620,1615
1,5,1,RSA-SHA512_signed-by_ECDSA-SHA256,RSA-SHA512_signed-by_ECDSA-SHA256,18.976,1785.38,1311.95,1,22,1.375,418,15,2040.39,1991.35,1620,1615
1,8,2,RSA-SHA512_signed-by_ECDSA-SHA256,RSA-SHA512_signed-by_ECDSA-SHA256,13.721,2469.61,946.802,0.8,0,0,136,14,2032.27,2020.69,1620,1616
1,2,1,RSA-SHA512_signed-by_ECDSA-SHA256,RSA-SHA512_signed-by_ECDSA-SHA256,17.423,1944.99,1142.38,0.470588,7,0.411765,240.353,24,2034.88,1976.21,1620,1616
1,1,1,RSA-SHA512_signed-by_ECDSA-SHA256,RSA-SHA512_signed-by_ECDSA-SHA256,12.578,2693.59,1506.12,0.615385,11,0.846154,158.308,24,2035.11,2006.3,1620,1615
1,6,2,RSA-SHA512_signed-by_ECDSA-SHA256,RSA-SHA512_signed-by_ECDSA-SHA256,12.687,2671.69,1024.03,0,0,0,126.8,8,2019.96,2003.65,1620,1617
1,3,2,RSA-SHA512_signed-by_ECDSA-SHA256,RSA-SHA512_signed-by_ECDSA-SHA256,14.146,2395.55,918.409,0,0,0,126.8,24,2033.72,2017.44,1620,1616
1,5,2,RSA-SHA512_signed-by_ECDSA-SHA256,RSA-SHA512_signed-by_ECDSA-SHA256,9.657,3508.06,1345.24,0.5,0,0,253.6,15,2036.11,1991.75,1620,1615
1,7,2,RSA-SHA512_signed-by_ECDSA-SHA256,RSA-SHA512_signed-by_ECDSA-SHA256,13.267,2553.68,1156.54,1,11,0.785714,117.429,16,2047.81,1999.24,1620,1615
1,8,3,RSA-SHA512_signed-by_ECDSA-SHA256,RSA-SHA512_signed-by_ECDSA-SHA256,11.869,2855.17,1110.79,1,4,0.363636,127.091,14,2037.41,2028.63,1620,1616
1,1,2,RSA-SHA512_signed-by_ECDSA-SHA256,RSA-SHA512_signed-by_ECDSA-SHA256,10.951,3093.78,1203.91,1,5,0.454545,127.091,24,2045.09,2020.05,1620,1615
1,6,3,RSA-SHA512_signed-by_ECDSA-SHA256,RSA-SHA512_signed-by_ECDSA-SHA256,12.704,2668.08,1022.65,1,0,0,126.8,8,2022.83,2024.52,1620,1617
1,3,3,RSA-SHA512_signed-by_ECDSA-SHA256,RSA-SHA512_signed-by_ECDSA-SHA256,15.639,2166.81,1531.5,1,18,1,130,24,2097.94,2024.34,1620,1616
1,2,2,RSA-SHA512_signed-by_ECDSA-SHA256,RSA-SHA512_signed-by_ECDSA-SHA256,23.531,1440.13,762.22,1,8,0.533333,160.133,24,2037.44,2014.48,1620,1616
1,8,4,RSA-SHA512_signed-by_ECDSA-SHA256,RSA-SHA512_signed-by_ECDSA-SHA256,19.511,1736.85,1309.61,1,19,0.76,140.4,14,2046.23,2003.1,1620,1616
1,6,4,RSA-SHA512_signed-by_ECDSA-SHA256,RSA-SHA512_signed-by_ECDSA-SHA256,12.499,2711.79,1039.4,1,0,0,126.8,8,2011.17,1985.64,1620,1617
1,1,3,RSA-SHA512_signed-by_ECDSA-SHA256,RSA-SHA512_signed-by_ECDSA-SHA256,17.368,1950.6,927.63,1,3,0.176471,156.118,24,2020.49,2002.11,1620,1615
1,7,3,RSA-SHA512_signed-by_ECDSA-SHA256,RSA-SHA512_signed-by_ECDSA-SHA256,24.336,1392.14,1437.83,1,39,1.18182,212.303,16,2059.62,1991.69,1620,1615
1,5,3,RSA-SHA512_signed-by_ECDSA-SHA256,RSA-SHA512_signed-by_ECDSA-SHA256,27.677,1224.08,1041.7,1,33,1.43478,261.652,15,2017.14,2161.19,1620,1615
1,3,4,RSA-SHA512_signed-by_ECDSA-SHA256,RSA-SHA512_signed-by_ECDSA-SHA256,14.518,2334.11,1156.04,1,11,1.1,167.6,24,2070.88,2015.24,1620,1616
1,2,3,RSA-SHA512_signed-by_ECDSA-SHA256,RSA-SHA512_signed-by_ECDSA-SHA256,18.158,1866.21,1043.25,1,11,0.846154,216.462,24,2019.53,2017.21,1620,1616
1,8,5,RSA-SHA512_signed-by_ECDSA-SHA256,RSA-SHA512_signed-by_ECDSA-SHA256,14.181,2389.65,916.147,1,0,0,136,14,2041.05,2043.35,1620,1616
1,6,5,RSA-SHA512_signed-by_ECDSA-SHA256,RSA-SHA512_signed-by_ECDSA-SHA256,16.757,2022.76,1177.28,1,3,0.214286,116.286,8,2084.78,2023.65,1620,1617
1,7,4,RSA-SHA512_signed-by_ECDSA-SHA256,RSA-SHA512_signed-by_ECDSA-SHA256,15.014,2256.55,1009.18,1,0,0,196.154,16,2034.3,2001.36,1620,1615
1,5,4,RSA-SHA512_signed-by_ECDSA-SHA256,RSA-SHA512_signed-by_ECDSA-SHA256,16.911,2003.4,1448.5,1,11,0.5,319.273,15,2040.93,2044.8,1620,1615
1,3,5,RSA-SHA512_signed-by_ECDSA-SHA256,RSA-SHA512_signed-by_ECDSA-SHA256,16.139,2099.74,938.835,1,0,0,181.077,24,2044.12,2001.23,1620,1616
1,8,6,RSA-SHA512_signed-by_ECDSA-SHA256,RSA-SHA512_signed-by_ECDSA-SHA256,14.906,2273.42,871.586,1,0,0,130.4,14,2013.37,2011.96,1620,1616
1,2,4,RSA-SHA512_signed-by_ECDSA-SHA256,RSA-SHA512_signed-by_ECDSA-SHA256,18.514,1830.35,1344.68,1,22,1.375,292,24,2082.32,2010.08,1620,1616
1,1,4,RSA-SHA512_signed-by_ECDSA-SHA256,RSA-SHA512_signed-by_ECDSA-SHA256,28.991,1168.63,871.987,1,24,1.33333,270.667,24,2039.5,1995.18,1620,1615
1,7,5,RSA-SHA512_signed-by_ECDSA-SHA256,RSA-SHA512_signed-by_ECDSA-SHA256,13.969,2425.35,1374.46,1,11,0.785714,148.857,16,2003.93,2045.08,1620,1615
1,6,6,RSA-SHA512_signed-by_ECDSA-SHA256,RSA-SHA512_signed-by_ECDSA-SHA256,16.18,2094.9,1520.87,1,20,1.05263,126,8,2040.18,2020.76,1620,1617
1,3,6,RSA-SHA512_signed-by_ECDSA-SHA256,RSA-SHA512_signed-by_ECDSA-SHA256,12.708,2666.46,1022.27,1,0,0,126.8,24,2043.43,2005.62,1620,1616
1,5,5,RSA-SHA512_signed-by_ECDSA-SHA256,RSA-SHA512_signed-by_ECDSA-SHA256,15.005,2257.88,1339.27,0.777778,10,0.555556,322.222,15,2051.88,2012.96,1620,1615
1,2,5,RSA-SHA512_signed-by_ECDSA-SHA256,RSA-SHA512_signed-by_ECDSA-SHA256,12.96,2614.63,1002.4,0.9,0,0,182.8,24,2018.9,1997.59,1620,1616
1,7,6,RSA-SHA512_signed-by_ECDSA-SHA256,RSA-SHA512_signed-by_ECDSA-SHA256,12.595,2689.75,1031.44,0.8,0,0,136,16,2040.23,2000.6,1620,1615
1,1,5,RSA-SHA512_signed-by_ECDSA-SHA256,RSA-SHA512_signed-by_ECDSA-SHA256,14.404,2352.11,901.965,0.8,0,0,136,24,2030.75,1984.39,1620,1615
1,6,7,RSA-SHA512_signed-by_ECDSA-SHA256,RSA-SHA512_signed-by_ECDSA-SHA256,12.772,2653.93,1037.27,0.727273,0,0,118.727,8,2022.33,2017.62,1620,1617
1,8,7,RSA-SHA512_signed-by_ECDSA-SHA256,RSA-SHA512_signed-by_ECDSA-SHA256,18.518,1829.97,1033.35,1,12,0.857143,149.714,14,2012.69,2077.47,1620,1616
1,3,7,RSA-SHA512_signed-by_ECDSA-SHA256,RSA-SHA512_signed-by_ECDSA-SHA256,14.302,2369.44,908.398,0.8,0,0,126.8,24,2127.45,2009.33,1620,1616
1,5,6,RSA-SHA512_signed-by_ECDSA-SHA256,RSA-SHA512_signed-by_ECDSA-SHA256,15.153,2235.83,1563.76,0.470588,18,1.05882,296.353,15,2067.15,1991.07,1620,1615
1,7,7,RSA-SHA512_signed-by_ECDSA-SHA256,RSA-SHA512_signed-by_ECDSA-SHA256,9.654,3509.13,1345.65,0.3,0,0,134.8,16,2037.29,2030.16,1620,1615
1,2,6,RSA-SHA512_signed-by_ECDSA-SHA256,RSA-SHA512_signed-by_ECDSA-SHA256,13.42,2525.15,1143.35,0.571429,7,0.5,175.429,24,2028.22,1986.77,1620,1616
1,6,8,RSA-SHA512_signed-by_ECDSA-SHA256,RSA-SHA512_signed-by_ECDSA-SHA256,12.931,2621.27,1004.71,1,0,0,126.8,8,2067.52,2029.5,1620,1617
1,1,6,RSA-SHA512_signed-by_ECDSA-SHA256,RSA-SHA512_signed-by_ECDSA-SHA256,15.242,2222.76,852.363,1,0,0,184,24,2037.4,2010.99,1620,1615
1,8,8,RSA-SHA512_signed-by_ECDSA-SHA256,RSA-SHA512_signed-by_ECDSA-SHA256,14.269,2374.88,1088.77,1,12,0.8,105.2,14,2027.37,2000.91,1620,1616
1,3,8,RSA-SHA512_signed-by_ECDSA-SHA256,RSA-SHA512_signed-by_ECDSA-SHA256,14.266,2375.38,964.508,1,0,0,106.308,24,2045.45,2024.71,1620,1616
1,7,8,RSA-SHA512_signed-by_ECDSA-SHA256,RSA-SHA512_signed-by_ECDSA-SHA256,12.855,2635.48,1473.63,1,11,0.846154,146.923,16,2034.14,2016.1,1620,1615
1,2,7,RSA-SHA512_signed-by_ECDSA-SHA256,RSA-SHA512_signed-by_ECDSA-SHA256,12.367,2740.13,1071.21,1,0,0,162.364,24,2154.72,2012.35,1620,1616
1,5,7,RSA-SHA512_signed-by_ECDSA-SHA256,RSA-SHA512_signed-by_ECDSA-SHA256,21.561,1571.34,940.947,1,15,0.789474,196.316,15,2054.78,2012.25,1620,1615
1,6,9,RSA-SHA512_signed-by_ECDSA-SHA256,RSA-SHA512_signed-by_ECDSA-SHA256,14.938,2269.02,1268.12,1,11,0.846154,146.923,8,2025.34,1990.73,1620,1617
1,1,7,RSA-SHA512_signed-by_ECDSA-SHA256,RSA-SHA512_signed-by_ECDSA-SHA256,16.305,2077.8,1161.8,1,11,0.846154,158.308,24,2041.71,2006.69,1620,1615
1,3,9,RSA-SHA512_signed-by_ECDSA-SHA256,RSA-SHA512_signed-by_ECDSA-SHA256,15.236,2224.12,1260.12,0.785714,11,0.785714,142.571,24,2013.41,2002.81,1620,1616
1,8,9,RSA-SHA512_signed-by_ECDSA-SHA256,RSA-SHA512_signed-by_ECDSA-SHA256,17.608,1924.49,1591.02,0.695652,17,0.73913,198.87,14,2039.51,2007.82,1620,1616
1,7,9,RSA-SHA512_signed-by_ECDSA-SHA256,RSA-SHA512_signed-by_ECDSA-SHA256,13.646,2482.73,970.813,1,0,0,120.909,16,2053.2,1991.9,1620,1615
1,2,8,RSA-SHA512_signed-by_ECDSA-SHA256,RSA-SHA512_signed-by_ECDSA-SHA256,14.46,2343.51,916.161,0.818182,0,0,169.636,24,2028.48,2014.13,1620,1616
1,5,8,RSA-SHA512_signed-by_ECDSA-SHA256,RSA-SHA512_signed-by_ECDSA-SHA256,12.327,2748.43,1053.94,1,0,0,253.6,15,2043.78,2000.08,1620,1615
1,6,10,RSA-SHA512_signed-by_ECDSA-SHA256,RSA-SHA512_signed-by_ECDSA-SHA256,12.887,2630.23,1008.14,1,0,0,126.8,8,2006.99,2006.87,1620,1617
1,1,8,RSA-SHA512_signed-by_ECDSA-SHA256,RSA-SHA512_signed-by_ECDSA-SHA256,12.641,2680.15,1048.01,1,0,0,127.091,24,2034.2,2002.25,1620,1615
1,3,10,RSA-SHA512_signed-by_ECDSA-SHA256,RSA-SHA512_signed-by_ECDSA-SHA256,13.398,2529.27,1782.91,1,19,1.05556,130,24,2034.68,2015.44,1620,1616
1,8,10,RSA-SHA512_signed-by_ECDSA-SHA256,RSA-SHA512_signed-by_ECDSA-SHA256,14.915,2272,1189.63,1,7,0.5,118.571,14,2032.35,1992.39,1620,1616
1,2,9,RSA-SHA512_signed-by_ECDSA-SHA256,RSA-SHA512_signed-by_ECDSA-SHA256,12.632,2682.64,1413.51,0.866667,7,0.466667,159.867,24,2026.12,2016.6,1620,1616
1,5,9,RSA-SHA512_signed-by_ECDSA-SHA256,RSA-SHA512_signed-by_ECDSA-SHA256,11.125,3045.33,1167.79,0.4,0,0,253.6,15,2039.35,2000.33,1620,1615
1,6,11,RSA-SHA512_signed-by_ECDSA-SHA256,RSA-SHA512_signed-by_ECDSA-SHA256,11.059,3064.95,1174.77,0.3,0,0,126.8,8,2004.04,2023.83,1620,1617
1,7,10,RSA-SHA512_signed-by_ECDSA-SHA256,RSA-SHA512_signed-by_ECDSA-SHA256,19.089,1774.76,939.556,0.866667,8,0.533333,113.2,16,2056.75,1991.12,1620,1615
1,1,9,RSA-SHA512_signed-by_ECDSA-SHA256,RSA-SHA512_signed-by_ECDSA-SHA256,11.524,2939.9,1127.37,0,0,0,136,24,2043.33,2020.46,1620,1615
1,3,11,RSA-SHA512_signed-by_ECDSA-SHA256,RSA-SHA512_signed-by_ECDSA-SHA256,13.01,2604.72,998.6,0.9,4,0.4,126.8,24,2051.29,1996.43,1620,1616
1,2,10,RSA-SHA512_signed-by_ECDSA-SHA256,RSA-SHA512_signed-by_ECDSA-SHA256,10.208,3319.46,1272.62,0.9,0,0,182.8,24,2013.42,1998.95,1620,1616
1,8,11,RSA-SHA512_signed-by_ECDSA-SHA256,RSA-SHA512_signed-by_ECDSA-SHA256,12.002,2823.51,1278.45,0.642857,11,0.785714,110,14,2035.61,1994.72,1620,1616
1,5,10,RSA-SHA512_signed-by_ECDSA-SHA256,RSA-SHA512_signed-by_ECDSA-SHA256,10.658,3178.56,1218.88,0.9,4,0.4,253.6,15,2040.05,1995.04,1620,1615
1,6,12,RSA-SHA512_signed-by_ECDSA-SHA256,RSA-SHA512_signed-by_ECDSA-SHA256,11.218,3021.57,965.59,1,0,0,147.714,8,2020.73,2015.41,1620,1617
1,1,10,RSA-SHA512_signed-by_ECDSA-SHA256,RSA-SHA512_signed-by_ECDSA-SHA256,11.11,3049.26,1169.3,0.9,0,0,136,24,2036.98,1989.88,1620,1615
1,7,11,RSA-SHA512_signed-by_ECDSA-SHA256,RSA-SHA512_signed-by_ECDSA-SHA256,14.488,2338.45,896.728,1,0,0,126.8,16,2008.7,1985.44,1620,1615
1,5,11,RSA-SHA512_signed-by_ECDSA-SHA256,RSA-SHA512_signed-by_ECDSA-SHA256,12.525,2704.96,1260.82,1,8,0.5,322.5,15,2050.56,2016.46,1620,1615
1,2,11,RSA-SHA512_signed-by_ECDSA-SHA256,RSA-SHA512_signed-by_ECDSA-SHA256,15.241,2223.42,1164.2,1,7,0.5,168.857,24,2048.3,2007.46,1620,1616
1,6,13,RSA-SHA512_signed-by_ECDSA-SHA256,RSA-SHA512_signed-by_ECDSA-SHA256,12.416,2730.01,1278.34,1,1,0.0714286,172,8,2050.75,1994.22,1620,1617
1,3,12,RSA-SHA512_signed-by_ECDSA-SHA256,RSA-SHA512_signed-by_ECDSA-SHA256,16.92,2002.78,921.959,1,3,0.2,162,24,2023.75,1986.39,1620,1616
1,1,11,RSA-SHA512_signed-by_ECDSA-SHA256,RSA-SHA512_signed-by_ECDSA-SHA256,11.645,2909.36,1115.65,1,0,0,136,24,2041.72,2000.34,1620,1615
1,8,12,RSA-SHA512_signed-by_ECDSA-SHA256,RSA-SHA512_signed-by_ECDSA-SHA256,18.948,1788.4,809.763,1,3,0.214286,196.571,14,2036.31,2018.4,1620,1616
1,7,12,RSA-SHA512_signed-by_ECDSA-SHA256,RSA-SHA512_signed-by_ECDSA-SHA256,16.586,2042.6,1500.96,1,22,1.375,163,16,2051.91,2022.08,1620,1615
1,6,14,RSA-SHA512_signed-by_ECDSA-SHA256,RSA-SHA512_signed-by_ECDSA-SHA256,14.217,2384.1,913.801,1,0,0,126.8,8,2033.16,2003.1,1620,1617
1,2,12,RSA-SHA512_signed-by_ECDSA-SHA256,RSA-SHA512_signed-by_ECDSA-SHA256,17.188,1971.51,1345.99,1,16,0.761905,176.476,24,2041.78,2001.94,1620,1616
1,3,13,RSA-SHA512_signed-by_ECDSA-SHA256,RSA-SHA512_signed-by_ECDSA-SHA256,18.096,1872.68,1530.5,1,22,0.916667,107,24,2041.07,1989.45,1620,1616
1,5,12,RSA-SHA512_signed-by_ECDSA-SHA256,RSA-SHA512_signed-by_ECDSA-SHA256,20.923,1619.26,1188.35,1,20,0.769231,256.923,15,2028.34,2026.79,1620,1615
1,1,12,RSA-SHA512_signed-by_ECDSA-SHA256,RSA-SHA512_signed-by_ECDSA-SHA256,19.487,1738.59,1287.42,1,23,1.35294,236.118,24,2051.57,1998.66,1620,1615
1,7,13,RSA-SHA512_signed-by_ECDSA-SHA256,RSA-SHA512_signed-by_ECDSA-SHA256,12.712,2665.13,1022,0.4,0,0,126.8,16,2030.44,2017.53,1620,1615
1,6,15,RSA-SHA512_signed-by_ECDSA-SHA256,RSA-SHA512_signed-by_ECDSA-SHA256,9.755,3474.42,1331.71,0.3,0,0,126.8,8,2493.11,2447.59,1620,1617
1,2,13,RSA-SHA512_signed-by_ECDSA-SHA256,RSA-SHA512_signed-by_ECDSA-SHA256,9.202,3682.33,1411.73,0.3,0,0,182.8,24,2033,2003.51,1620,1616
1,3,14,RSA-SHA512_signed-by_ECDSA-SHA256,RSA-SHA512_signed-by_ECDSA-SHA256,9.852,3439.38,1318.59,0.3,0,0,126.8,24,2025.45,2006.22,1620,1616
1,5,13,RSA-SHA512_signed-by_ECDSA-SHA256,RSA-SHA512_signed-by_ECDSA-SHA256,9.694,3494.61,1830.23,0.571429,7,0.5,180.857,15,2014.3,2010.8,1620,1615
1,1,13,RSA-SHA512_signed-by_ECDSA-SHA256,RSA-SHA512_signed-by_ECDSA-SHA256,9.626,3519.29,1349.55,0.8,0,0,136,24,2035.79,2002.94,1620,1615
1,7,14,RSA-SHA512_signed-by_ECDSA-SHA256,RSA-SHA512_signed-by_ECDSA-SHA256,12.13,2793.04,1092.16,0.727273,0,0,118.727,16,2036.14,2022.88,1620,1615
1,6,16,RSA-SHA512_signed-by_ECDSA-SHA256,RSA-SHA512_signed-by_ECDSA-SHA256,11.778,2877.87,1103.06,0.8,0,0,126.8,8,2065.28,1999.58,1620,1617
1,8,13,RSA-SHA512_signed-by_ECDSA-SHA256,RSA-SHA512_signed-by_ECDSA-SHA256,33.058,1025.1,576.921,1,11,0.611111,104.222,15,2044.96,1999.9,1620,1616
1,2,14,RSA-SHA512_signed-by_ECDSA-SHA256,RSA-SHA512_signed-by_ECDSA-SHA256,13.368,2534.97,971.857,0.8,0,0,182.8,24,2035.31,2022.45,1620,1616
1,3,15,RSA-SHA512_signed-by_ECDSA-SHA256,RSA-SHA512_signed-by_ECDSA-SHA256,13.331,2542.01,1440.23,0.571429,11,0.785714,139.143,24,2497.82,2454.93,1620,1616
1,5,14,RSA-SHA512_signed-by_ECDSA-SHA256,RSA-SHA512_signed-by_ECDSA-SHA256,13.043,2597.52,1360.4,0.214286,7,0.5,178.286,15,2040.26,2008.95,1620,1615
1,1,14,RSA-SHA512_signed-by_ECDSA-SHA256,RSA-SHA512_signed-by_ECDSA-SHA256,12.694,2668.94,1023.46,0.3,0,0,136,24,2130.73,2003.79,1620,1615
1,7,15,RSA-SHA512_signed-by_ECDSA-SHA256,RSA-SHA512_signed-by_ECDSA-SHA256,11.735,2887.08,1107.11,0.6,0,0,126.8,16,2510.84,2471.79,1620,1615
1,6,17,RSA-SHA512_signed-by_ECDSA-SHA256,RSA-SHA512_signed-by_ECDSA-SHA256,10.401,3258.62,1475.11,0.571429,11,0.785714,110,8,2053.62,1995.62,1620,1617
1,8,14,RSA-SHA512_signed-by_ECDSA-SHA256,RSA-SHA512_signed-by_ECDSA-SHA256,12.816,2644.16,1033.7,1,0,0,119.818,15,2033.09,2015.12,1620,1616
1,2,15,RSA-SHA512_signed-by_ECDSA-SHA256,RSA-SHA512_signed-by_ECDSA-SHA256,12.744,2659.11,1224.1,1,7,0.466667,121.733,24,2527.4,2475.25,1620,1616
1,5,15,RSA-SHA512_signed-by_ECDSA-SHA256,RSA-SHA512_signed-by_ECDSA-SHA256,11.876,2852.78,1093.96,1,0,0,136,15,2473.12,2477.25,1620,1615
1,1,15,RSA-SHA512_signed-by_ECDSA-SHA256,RSA-SHA512_signed-by_ECDSA-SHA256,12.252,2765.22,1081.28,1,0,0,127.091,24,2533.11,2511.78,1620,1615
1,3,16,RSA-SHA512_signed-by_ECDSA-SHA256,RSA-SHA512_signed-by_ECDSA-SHA256,14.951,2266.52,1344.07,1,14,0.777778,114.444,24,2056.91,1995.22,1620,1616
1,6,18,RSA-SHA512_signed-by_ECDSA-SHA256,RSA-SHA512_signed-by_ECDSA-SHA256,12.617,2686.46,1236.39,1,3,0.2,172.667,8,2031.03,2007.48,1620,1617
1,7,16,RSA-SHA512_signed-by_ECDSA-SHA256,RSA-SHA512_signed-by_ECDSA-SHA256,18.297,1851.58,1035.31,1,11,0.846154,146.923,16,2037.75,2020.66,1620,1615
1,2,16,RSA-SHA512_signed-by_ECDSA-SHA256,RSA-SHA512_signed-by_ECDSA-SHA256,12.612,2686.88,1030.1,1,0,0,148,24,2086.97,2013.21,1620,1616
1,8,15,RSA-SHA512_signed-by_ECDSA-SHA256,RSA-SHA512_signed-by_ECDSA-SHA256,19.72,1718.45,999.591,1,11,0.6875,126.5,15,2528.78,2473.65,1620,1616
1,5,16,RSA-SHA512_signed-by_ECDSA-SHA256,RSA-SHA512_signed-by_ECDSA-SHA256,16.103,2103.87,1176.38,1,11,0.846154,158.308,15,2020.36,2005.75,1620,1615
1,3,17,RSA-SHA512_signed-by_ECDSA-SHA256,RSA-SHA512_signed-by_ECDSA-SHA256,14.419,2350.18,918.768,1,0,0,127.091,24,2046.88,2008.65,1620,1616
1,1,16,RSA-SHA512_signed-by_ECDSA-SHA256,RSA-SHA512_signed-by_ECDSA-SHA256,17.272,1961.48,1118.99,1,16,1.06667,142.267,24,2061.45,2002.24,1620,1615
1,6,19,RSA-SHA512_signed-by_ECDSA-SHA256,RSA-SHA512_signed-by_ECDSA-SHA256,15.283,2217.83,1654.09,1,28,1.55556,149.111,8,2105.47,1986.67,1620,1617
1,7,17,RSA-SHA512_signed-by_ECDSA-SHA256,RSA-SHA512_signed-by_ECDSA-SHA256,10.646,3182.15,1220.26,1,4,0.4,126.8,16,2043.86,1999.74,1620,1615
1,2,17,RSA-SHA512_signed-by_ECDSA-SHA256,RSA-SHA512_signed-by_ECDSA-SHA256,11.026,3073.21,1195.62,1,5,0.454545,138,24,2037.82,1995.37,1620,1616
1,5,17,RSA-SHA512_signed-by_ECDSA-SHA256,RSA-SHA512_signed-by_ECDSA-SHA256,11.383,2976.33,1141.34,1,0,0,136,15,2058.82,1998.2,1620,1615
1,3,18,RSA-SHA512_signed-by_ECDSA-SHA256,RSA-SHA512_signed-by_ECDSA-SHA256,12.247,2766.96,1567.68,1,11,0.785714,149.714,24,2046.38,2000.02,1620,1616
1,8,16,RSA-SHA512_signed-by_ECDSA-SHA256,RSA-SHA512_signed-by_ECDSA-SHA256,15.008,2257.91,1189.72,1,7,0.466667,112.933,15,2086.25,1995.14,1620,1616
1,1,17,RSA-SHA512_signed-by_ECDSA-SHA256,RSA-SHA512_signed-by_ECDSA-SHA256,12.468,2717.28,1215.24,1,3,0.230769,196.154,24,2033.62,1983.55,1620,1615
1,7,18,RSA-SHA512_signed-by_ECDSA-SHA256,RSA-SHA512_signed-by_ECDSA-SHA256,11.975,2829.15,1281.3,0.928571,3,0.214286,170.857,16,2010.34,2002.14,1620,1615
1,2,18,RSA-SHA512_signed-by_ECDSA-SHA256,RSA-SHA512_signed-by_ECDSA-SHA256,14.681,2308.19,1403.66,0.65,10,0.5,167.6,24,2051.74,2007.08,1620,1616
1,6,20,RSA-SHA512_signed-by_ECDSA-SHA256,RSA-SHA512_signed-by_ECDSA-SHA256,18.849,1798.22,814.015,1,3,0.214286,173.429,8,2018.97,2005.46,1620,1617
1,5,18,RSA-SHA512_signed-by_ECDSA-SHA256,RSA-SHA512_signed-by_ECDSA-SHA256,14.425,2348.65,900.64,1,0,0,136,15,2038.22,2022.62,1620,1615
1,8,17,RSA-SHA512_signed-by_ECDSA-SHA256,RSA-SHA512_signed-by_ECDSA-SHA256,12.623,2684.62,1500.75,1,11,0.846154,146.923,15,2034.03,2002,1620,1616
1,1,18,RSA-SHA512_signed-by_ECDSA-SHA256,RSA-SHA512_signed-by_ECDSA-SHA256,11.837,2861.98,1097.48,1,4,0.4,136,24,2043.83,2001.29,1620,1615
1,3,19,RSA-SHA512_signed-by_ECDSA-SHA256,RSA-SHA512_signed-by_ECDSA-SHA256,15.164,2234.73,1562.62,1,18,1.05882,145.529,24,2032.93,2004.05,1620,1616
1,7,19,RSA-SHA512_signed-by_ECDSA-SHA256,RSA-SHA512_signed-by_ECDSA-SHA256,12.574,2694.43,1033.23,1,0,0,126.8,16,2032.01,2003.61,1620,1615
1,6,21,RSA-SHA512_signed-by_ECDSA-SHA256,RSA-SHA512_signed-by_ECDSA-SHA256,12.25,2766.95,1142.83,1,1,0.0833333,121.333,8,2034.67,2009.45,1620,1617
1,5,19,RSA-SHA512_signed-by_ECDSA-SHA256,RSA-SHA512_signed-by_ECDSA-SHA256,11.114,3048.37,1168.96,1,0,0,136,15,2036.81,2008.64,1620,1615
1,3,20,RSA-SHA512_signed-by_ECDSA-SHA256,RSA-SHA512_signed-by_ECDSA-SHA256,9.455,3583.76,1373.95,1,0,0,136,24,2042.93,2061.08,1620,1616
1,2,19,RSA-SHA512_signed-by_ECDSA-SHA256,RSA-SHA512_signed-by_ECDSA-SHA256,18.709,1811.25,1340.91,1,23,1.35294,192.588,24,2059.08,1997.62,1620,1616
1,7,20,RSA-SHA512_signed-by_ECDSA-SHA256,RSA-SHA512_signed-by_ECDSA-SHA256,10.734,3156.29,1210.35,1,4,0.4,126.8,16,2052.05,1992.97,1620,1615
1,8,18,RSA-SHA512_signed-by_ECDSA-SHA256,RSA-SHA512_signed-by_ECDSA-SHA256,16.125,2101.5,1324.6,1,18,1.05882,124.118,15,2035.24,2029,1620,1616
1,6,22,RSA-SHA512_signed-by_ECDSA-SHA256,RSA-SHA512_signed-by_ECDSA-SHA256,8.818,3843.54,1583.86,1,1,0.0833333,117.333,8,2027.52,2015.9,1620,1617
1,1,19,RSA-SHA512_signed-by_ECDSA-SHA256,RSA-SHA512_signed-by_ECDSA-SHA256,20.098,1685.73,1022.18,1,11,0.55,151.6,24,2040.74,2009.65,1620,1615
1,3,21,RSA-SHA512_signed-by_ECDSA-SHA256,RSA-SHA512_signed-by_ECDSA-SHA256,14.404,2352.61,1350.69,1,11,0.733333,142.267,24,2064.45,2036.3,1620,1616
1,5,20,RSA-SHA512_signed-by_ECDSA-SHA256,RSA-SHA512_signed-by_ECDSA-SHA256,16.987,1994.39,1253.61,1,18,1.05882,150.471,15,2035.53,2010.75,1620,1615
1,2,20,RSA-SHA512_signed-by_ECDSA-SHA256,RSA-SHA512_signed-by_ECDSA-SHA256,17.808,1902.88,1074.52,1,16,1.14286,173.714,24,2030.57,2000.89,1620,1616
1,6,23,RSA-SHA512_signed-by_ECDSA-SHA256,RSA-SHA512_signed-by_ECDSA-SHA256,13.417,2526.3,1143.6,1,7,0.5,117.429,8,2016.73,2025.59,1620,1617
1,7,21,RSA-SHA512_signed-by_ECDSA-SHA256,RSA-SHA512_signed-by_ECDSA-SHA256,18.733,1808.5,1252.07,1,20,1,214,16,2031.8,1997.91,1620,1615
1,1,20,RSA-SHA512_signed-by_ECDSA-SHA256,RSA-SHA512_signed-by_ECDSA-SHA256,12.255,2764.56,1069.27,1,0,0,128.909,24,2036.15,1997.71,1620,1615
1,8,19,RSA-SHA512_signed-by_ECDSA-SHA256,RSA-SHA512_signed-by_ECDSA-SHA256,18.335,1848.19,1289.72,1,21,1,213.238,15,2049.13,2018.93,1620,1616
1,3,22,RSA-SHA512_signed-by_ECDSA-SHA256,RSA-SHA512_signed-by_ECDSA-SHA256,12.353,2743.27,1051.71,1,0,0,136,24,2022.97,2007.98,1620,1616
1,5,21,RSA-SHA512_signed-by_ECDSA-SHA256,RSA-SHA512_signed-by_ECDSA-SHA256,13.718,2469.68,965.711,1,0,0,127.091,15,2025.31,2011.15,1620,1615
1,7,22,RSA-SHA512_signed-by_ECDSA-SHA256,RSA-SHA512_signed-by_ECDSA-SHA256,12.255,2764.51,1081,1,0,0,118.727,16,2039.11,2005.62,1620,1615
1,6,24,RSA-SHA512_signed-by_ECDSA-SHA256,RSA-SHA512_signed-by_ECDSA-SHA256,14.248,2378.93,911.821,1,0,0,132.4,8,2025.37,2014.47,1620,1617
1,8,20,RSA-SHA512_signed-by_ECDSA-SHA256,RSA-SHA512_signed-by_ECDSA-SHA256,10.986,3084.62,1182.58,1,0,0,126.8,15,2008.47,2013.88,1620,1616
1,2,21,RSA-SHA512_signed-by_ECDSA-SHA256,RSA-SHA512_signed-by_ECDSA-SHA256,16.419,2063.88,1571.79,0.958333,27,1.125,243.833,24,2030.96,1984.04,1620,1616
1,1,21,RSA-SHA512_signed-by_ECDSA-SHA256,RSA-SHA512_signed-by_ECDSA-SHA256,14.966,2263.73,1372.67,0.9,19,0.95,106.8,24,2039.42,2051.8,1620,1615
1,3,23,RSA-SHA512_signed-by_ECDSA-SHA256,RSA-SHA512_signed-by_ECDSA-SHA256,12.898,2627.32,1468.72,1,11,0.846154,158.308,24,2062.06,2014.4,1620,1616
1,5,22,RSA-SHA512_signed-by_ECDSA-SHA256,RSA-SHA512_signed-by_ECDSA-SHA256,12.931,2620.01,1301.65,0.75,2,0.166667,131.667,15,2047.54,2004.51,1620,1615
1,7,23,RSA-SHA512_signed-by_ECDSA-SHA256,RSA-SHA512_signed-by_ECDSA-SHA256,11.7,2895.7,1110.42,0.9,0,0,126.8,16,2014.84,2018.5,1620,1615
1,6,25,RSA-SHA512_signed-by_ECDSA-SHA256,RSA-SHA512_signed-by_ECDSA-SHA256,11.959,2834.31,1086.36,1,0,0,126.8,8,2038.42,2007.6,1620,1617
1,2,22,RSA-SHA512_signed-by_ECDSA-SHA256,RSA-SHA512_signed-by_ECDSA-SHA256,11.721,2891.18,1108.42,1,0,0,148,24,2058.01,1979.9,1620,1616
1,8,21,RSA-SHA512_signed-by_ECDSA-SHA256,RSA-SHA512_signed-by_ECDSA-SHA256,13.613,2489.33,1127.13,1,11,0.785714,110,15,2030.45,2049.43,1620,1616
1,1,22,RSA-SHA512_signed-by_ECDSA-SHA256,RSA-SHA512_signed-by_ECDSA-SHA256,14.695,2305.48,1096.4,0.705882,3,0.176471,207.176,24,2042.05,2005.45,1620,1615
1,3,24,RSA-SHA512_signed-by_ECDSA-SHA256,RSA-SHA512_signed-by_ECDSA-SHA256,13.154,2576.21,987.671,1,0,0,136,24,2023.84,1996.5,1620,1616
1,5,23,RSA-SHA512_signed-by_ECDSA-SHA256,RSA-SHA512_signed-by_ECDSA-SHA256,13.33,2541.6,993.833,1,0,0,127.091,15,2020.38,2012.41,1620,1615
1,6,26,RSA-SHA512_signed-by_ECDSA-SHA256,RSA-SHA512_signed-by_ECDSA-SHA256,11.739,2887.22,2019.76,1,16,0.761905,101.429,8,2047.84,2015.08,1620,1617
1,7,24,RSA-SHA512_signed-by_ECDSA-SHA256,RSA-SHA512_signed-by_ECDSA-SHA256,16.813,2015.05,1138.13,1,12,0.857143,139.143,16,2035.42,2003.06,1620,1615
1,2,23,RSA-SHA512_signed-by_ECDSA-SHA256,RSA-SHA512_signed-by_ECDSA-SHA256,15.31,2213.4,1158.95,1,7,0.5,137.143,24,2026.28,1993.82,1620,1616
1,8,22,RSA-SHA512_signed-by_ECDSA-SHA256,RSA-SHA512_signed-by_ECDSA-SHA256,15.475,2189.79,1008.05,0.933333,3,0.2,186.8,15,2040.2,2004.91,1620,1616
1,1,23,RSA-SHA512_signed-by_ECDSA-SHA256,RSA-SHA512_signed-by_ECDSA-SHA256,14.091,2404.32,940.154,1,0,0,138,24,2018.85,2003.56,1620,1615
1,3,25,RSA-SHA512_signed-by_ECDSA-SHA256,RSA-SHA512_signed-by_ECDSA-SHA256,14.035,2414.48,1349.74,1,11,0.846154,158.308,24,2044.2,2048.21,1620,1616
1,5,24,RSA-SHA512_signed-by_ECDSA-SHA256,RSA-SHA512_signed-by_ECDSA-SHA256,11.519,2941.21,1127.87,1,0,0,136,15,2027.49,1985.83,1620,1615
1,6,27,RSA-SHA512_signed-by_ECDSA-SHA256,RSA-SHA512_signed-by_ECDSA-SHA256,11.653,2908.75,1333.21,0.733333,14,0.933333,105.2,8,2022.91,2014.23,1620,1617
1,7,25,RSA-SHA512_signed-by_ECDSA-SHA256,RSA-SHA512_signed-by_ECDSA-SHA256,11.081,3057.46,1172.45,1,0,0,126.8,16,2033.52,2014.88,1620,1615
1,2,24,RSA-SHA512_signed-by_ECDSA-SHA256,RSA-SHA512_signed-by_ECDSA-SHA256,13.002,2606.3,1018.89,1,0,0,138,24,2013.67,2004.76,1620,1616
1,8,23,RSA-SHA512_signed-by_ECDSA-SHA256,RSA-SHA512_signed-by_ECDSA-SHA256,13.091,2588.6,992.417,1,0,0,126.8,15,2037,2005.1,1620,1616
1,1,24,RSA-SHA512_signed-by_ECDSA-SHA256,RSA-SHA512_signed-by_ECDSA-SHA256,12.568,2695.68,1033.72,1,0,0,148,24,2033.19,1998.14,1620,1615
1,5,25,RSA-SHA512_signed-by_ECDSA-SHA256,RSA-SHA512_signed-by_ECDSA-SHA256,11.522,2940.43,1127.57,1,0,0,136,15,2035.77,1993.69,1620,1615
1,6,28,RSA-SHA512_signed-by_ECDSA-SHA256,RSA-SHA512_signed-by_ECDSA-SHA256,10.925,3102.59,1386.9,0.846154,0,0,193.385,8,2044.9,2036.73,1620,1617
1,3,26,RSA-SHA512_signed-by_ECDSA-SHA256,RSA-SHA512_signed-by_ECDSA-SHA256,19.719,1718.49,960.666,1,11,0.846154,158.308,24,2038.78,2002.84,1620,1616
1,7,26,RSA-SHA512_signed-by_ECDSA-SHA256,RSA-SHA512_signed-by_ECDSA-SHA256,17.194,1970.41,785.373,0.916667,0,0,112,16,2093.22,2026.23,1620,1615
1,2,25,RSA-SHA512_signed-by_ECDSA-SHA256,RSA-SHA512_signed-by_ECDSA-SHA256,15.652,2165.06,830.043,1,0,0,148,24,2035.28,2008.12,1620,1616
1,1,25,RSA-SHA512_signed-by_ECDSA-SHA256,RSA-SHA512_signed-by_ECDSA-SHA256,13.577,2495.21,956.842,1,0,0,148,24,2039.21,1993.3,1620,1615
1,5,26,RSA-SHA512_signed-by_ECDSA-SHA256,RSA-SHA512_signed-by_ECDSA-SHA256,13.353,2537.08,972.895,0.6,0,0,138.4,15,2010.02,2003.62,1620,1615
1,6,29,RSA-SHA512_signed-by_ECDSA-SHA256,RSA-SHA512_signed-by_ECDSA-SHA256,13.368,2535.43,971.806,0.6,0,0,126.8,9,2055.61,1990.76,1620,1617
1,8,24,RSA-SHA512_signed-by_ECDSA-SHA256,RSA-SHA512_signed-by_ECDSA-SHA256,18.691,1813.03,1361.91,0.894737,23,1.21053,148.737,15,2053.74,2021,1620,1616
1,2,26,RSA-SHA512_signed-by_ECDSA-SHA256,RSA-SHA512_signed-by_ECDSA-SHA256,9.543,3550.78,1361.3,0.4,0,0,148,24,2063.06,2011.23,1620,1616
1,3,27,RSA-SHA512_signed-by_ECDSA-SHA256,RSA-SHA512_signed-by_ECDSA-SHA256,14.556,2328.07,892.537,0.9,0,0,134.8,24,2017.13,2015.72,1620,1616
1,1,26,RSA-SHA512_signed-by_ECDSA-SHA256,RSA-SHA512_signed-by_ECDSA-SHA256,10.622,3189.32,1223.01,0.3,0,0,148,24,2066.39,1996.03,1620,1615
1,7,27,RSA-SHA512_signed-by_ECDSA-SHA256,RSA-SHA512_signed-by_ECDSA-SHA256,13.18,2570.54,1451.88,0.642857,12,0.857143,139.143,16,2024.36,1988.48,1620,1615
1,6,30,RSA-SHA512_signed-by_ECDSA-SHA256,RSA-SHA512_signed-by_ECDSA-SHA256,11.37,2981.16,1142.65,0.3,0,0,126.8,9,2038.66,1997.04,1620,1617
1,5,27,RSA-SHA512_signed-by_ECDSA-SHA256,RSA-SHA512_signed-by_ECDSA-SHA256,13.732,2467.19,1292.14,0.214286,7,0.5,126.857,15,2046.16,2011.08,1620,1615
1,8,25,RSA-SHA512_signed-by_ECDSA-SHA256,RSA-SHA512_signed-by_ECDSA-SHA256,11.524,2940.62,1127.38,0.3,0,0,136,15,2032.34,1987.66,1620,1616
1,2,27,RSA-SHA512_signed-by_ECDSA-SHA256,RSA-SHA512_signed-by_ECDSA-SHA256,11.536,2937.55,1126.2,0.4,0,0,148,24,2042.13,2013.81,1620,1616
1,3,28,RSA-SHA512_signed-by_ECDSA-SHA256,RSA-SHA512_signed-by_ECDSA-SHA256,11.216,3021.36,1158.33,0.4,0,0,126.8,24,2041.3,2003.93,1620,1616
1,7,28,RSA-SHA512_signed-by_ECDSA-SHA256,RSA-SHA512_signed-by_ECDSA-SHA256,10.618,3190.79,1223.57,0.9,0,0,126.8,16,2040.65,2022.76,1620,1615
1,6,31,RSA-SHA512_signed-by_ECDSA-SHA256,RSA-SHA512_signed-by_ECDSA-SHA256,9.976,3397.43,1302.2,0.9,0,0,126.8,9,2488.37,2461.68,1620,1617
1,1,27,RSA-SHA512_signed-by_ECDSA-SHA256,RSA-SHA512_signed-by_ECDSA-SHA256,16.157,2096.86,1125.92,0.5625,8,0.5,122.5,24,2026.24,2011.36,1620,1615
1,8,26,RSA-SHA512_signed-by_ECDSA-SHA256,RSA-SHA512_signed-by_ECDSA-SHA256,12.265,2762.95,1528.88,0.75,3,0.25,151.667,15,2028.53,2015.51,1620,1616
1,5,28,RSA-SHA512_signed-by_ECDSA-SHA256,RSA-SHA512_signed-by_ECDSA-SHA256,13.505,2508.65,961.995,0.9,0,0,136,15,2036.16,2003.86,1620,1615
1,2,28,RSA-SHA512_signed-by_ECDSA-SHA256,RSA-SHA512_signed-by_ECDSA-SHA256,11.108,3050.51,1381.23,1,11,0.785714,118.571,24,2013.01,2031.82,1620,1616
1,7,29,RSA-SHA512_signed-by_ECDSA-SHA256,RSA-SHA512_signed-by_ECDSA-SHA256,10.088,3358.15,1325.82,0.75,8,0.666667,112,16,2022.02,2002.52,1620,1615
1,3,29,RSA-SHA512_signed-by_ECDSA-SHA256,RSA-SHA512_signed-by_ECDSA-SHA256,13.995,2421.41,1353.61,1,11,0.846154,146.923,24,2043.94,1989.42,1620,1616
1,6,32,RSA-SHA512_signed-by_ECDSA-SHA256,RSA-SHA512_signed-by_ECDSA-SHA256,12.256,2765.61,1447.75,1,7,0.5,118.571,9,2000.52,2042.87,1620,1617
1,1,28,RSA-SHA512_signed-by_ECDSA-SHA256,RSA-SHA512_signed-by_ECDSA-SHA256,10.26,3302.13,1266.27,1,0,0,148,24,2039.61,2024.23,1620,1615
1,5,29,RSA-SHA512_signed-by_ECDSA-SHA256,RSA-SHA512_signed-by_ECDSA-SHA256,10.726,3158.63,1245.55,1,0,0,115.333,15,2036.16,2011.33,1620,1615
1,8,27,RSA-SHA512_signed-by_ECDSA-SHA256,RSA-SHA512_signed-by_ECDSA-SHA256,13.052,2596.31,1359.45,1,7,0.5,126.857,15,2026.67,2042.06,1620,1616
1,3,30,RSA-SHA512_signed-by_ECDSA-SHA256,RSA-SHA512_signed-by_ECDSA-SHA256,9.174,3693.86,1416.16,0.4,0,0,126.8,24,2044.6,2006.96,1620,1616
1,6,33,RSA-SHA512_signed-by_ECDSA-SHA256,RSA-SHA512_signed-by_ECDSA-SHA256,11.272,3007.03,1378.25,0.266667,8,0.533333,105.2,9,2107.7,2026.64,1620,1617
1,1,29,RSA-SHA512_signed-by_ECDSA-SHA256,RSA-SHA512_signed-by_ECDSA-SHA256,11.922,2841.74,1105.83,0.636364,4,0.363636,138,24,2045.08,1994.24,1620,1615
1,7,30,RSA-SHA512_signed-by_ECDSA-SHA256,RSA-SHA512_signed-by_ECDSA-SHA256,17.928,1889.69,1297.57,1,17,0.894737,223.263,16,2019.77,2089.78,1620,1615
1,5,30,RSA-SHA512_signed-by_ECDSA-SHA256,RSA-SHA512_signed-by_ECDSA-SHA256,12.351,2743.05,1072.61,0.636364,0,0,127.091,15,2053.21,1995.48,1620,1615
1,2,29,RSA-SHA512_signed-by_ECDSA-SHA256,RSA-SHA512_signed-by_ECDSA-SHA256,20.571,1647.36,755.236,1,4,0.266667,232.933,24,2053.9,2152.28,1620,1616
1,8,28,RSA-SHA512_signed-by_ECDSA-SHA256,RSA-SHA512_signed-by_ECDSA-SHA256,13.279,2551.93,997.638,1,0,0,127.091,15,2035.19,2015.27,1620,1616
1,3,31,RSA-SHA512_signed-by_ECDSA-SHA256,RSA-SHA512_signed-by_ECDSA-SHA256,12.229,2771.08,1062.38,1,0,0,126.8,24,2511.79,2468.96,1620,1616
1,1,30,RSA-SHA512_signed-by_ECDSA-SHA256,RSA-SHA512_signed-by_ECDSA-SHA256,9.226,3671.85,1642.15,0.923077,3,0.230769,215.231,24,2028.48,1984.11,1620,1615
1,7,31,RSA-SHA512_signed-by_ECDSA-SHA256,RSA-SHA512_signed-by_ECDSA-SHA256,12.08,2804.56,1075.47,1,0,0,126.8,16,2486.78,2477.78,1620,1615
1,2,30,RSA-SHA512_signed-by_ECDSA-SHA256,RSA-SHA512_signed-by_ECDSA-SHA256,10.489,3230.74,1238.6,1,0,0,126.8,24,2020.27,1988.24,1620,1616
1,6,34,RSA-SHA512_signed-by_ECDSA-SHA256,RSA-SHA512_signed-by_ECDSA-SHA256,17.746,1909.97,1267.61,1,14,0.777778,115.333,9,2030.42,1993.02,1620,1617
1,5,31,RSA-SHA512_signed-by_ECDSA-SHA256,RSA-SHA512_signed-by_ECDSA-SHA256,14.238,2379.46,1677.71,1,19,1.05556,139.556,15,2486.04,2451.38,1620,1615
1,3,32,RSA-SHA512_signed-by_ECDSA-SHA256,RSA-SHA512_signed-by_ECDSA-SHA256,11.955,2834.54,1505.6,1,7,0.466667,113.2,24,2067.72,2000.6,1620,1616
1,8,29,RSA-SHA512_signed-by_ECDSA-SHA256,RSA-SHA512_signed-by_ECDSA-SHA256,17.726,1911.76,1311.52,1,16,0.727273,104.182,15,2103.96,2070.43,1620,1616
1,7,32,RSA-SHA512_signed-by_ECDSA-SHA256,RSA-SHA512_signed-by_ECDSA-SHA256,12.213,2774,1572.04,1,11,0.785714,139.143,16,2032.67,1997.8,1620,1615
1,1,31,RSA-SHA512_signed-by_ECDSA-SHA256,RSA-SHA512_signed-by_ECDSA-SHA256,17.587,1926.32,1023.43,1,7,0.466667,128.133,24,2507.53,2521.07,1620,1615
1,2,31,RSA-SHA512_signed-by_ECDSA-SHA256,RSA-SHA512_signed-by_ECDSA-SHA256,17.644,1920.55,1031,1,8,0.5,108.5,24,2497.03,2470.32,1620,1616
1,5,32,RSA-SHA512_signed-by_ECDSA-SHA256,RSA-SHA512_signed-by_ECDSA-SHA256,15.039,2252.7,863.845,1,0,0,136,15,2027.84,2002.79,1620,1615
1,3,33,RSA-SHA512_signed-by_ECDSA-SHA256,RSA-SHA512_signed-by_ECDSA-SHA256,13.072,2592.34,1904.48,1,22,1.375,163,24,2058.49,2008.5,1620,1616
1,6,35,RSA-SHA512_signed-by_ECDSA-SHA256,RSA-SHA512_signed-by_ECDSA-SHA256,18.2,1862.33,1518.17,1,27,1.125,106,9,2023.54,1999.26,1620,1617
1,1,32,RSA-SHA512_signed-by_ECDSA-SHA256,RSA-SHA512_signed-by_ECDSA-SHA256,12.744,2658.45,1084.72,1,9,0.642857,101.429,24,2044.96,2004.99,1620,1615
1,8,30,RSA-SHA512_signed-by_ECDSA-SHA256,RSA-SHA512_signed-by_ECDSA-SHA256,17.545,1931.41,1094.28,1,11,0.785714,146.286,15,2048.3,2001.91,1620,1616
1,2,32,RSA-SHA512_signed-by_ECDSA-SHA256,RSA-SHA512_signed-by_ECDSA-SHA256,9.776,3466.11,1595.59,1,7,0.466667,105.2,24,2022.95,2007.56,1620,1616
1,7,33,RSA-SHA512_signed-by_ECDSA-SHA256,RSA-SHA512_signed-by_ECDSA-SHA256,21.142,1602.49,1064.04,1,14,0.777778,115.333,16,2040.47,2008.49,1620,1615
1,6,36,RSA-SHA512_signed-by_ECDSA-SHA256,RSA-SHA512_signed-by_ECDSA-SHA256,14.88,2277.9,1031.16,1,3,0.214286,170.857,9,2027.8,1984.26,1620,1617
1,3,34,RSA-SHA512_signed-by_ECDSA-SHA256,RSA-SHA512_signed-by_ECDSA-SHA256,18.167,1865.29,1339.52,1,24,1.2,120.8,24,2051.62,1989.02,1620,1616
1,5,33,RSA-SHA512_signed-by_ECDSA-SHA256,RSA-SHA512_signed-by_ECDSA-SHA256,19.494,1737.9,1128.51,1,23,1.15,123.6,15,2052.95,1991.18,1620,1615
1,8,31,RSA-SHA512_signed-by_ECDSA-SHA256,RSA-SHA512_signed-by_ECDSA-SHA256,12.943,2618.23,1185.5,0.785714,7,0.5,117.429,15,2572.53,2459.01,1620,1616
1,1,33,RSA-SHA512_signed-by_ECDSA-SHA256,RSA-SHA512_signed-by_ECDSA-SHA256,15.4,2199.93,983.867,1,0,0,208.769,24,2050.41,1986.47,1620,1615
1,2,33,RSA-SHA512_signed-by_ECDSA-SHA256,RSA-SHA512_signed-by_ECDSA-SHA256,15.867,2135.69,818.782,1,0,0,126.8,24,2055.8,2003.31,1620,1616
1,7,34,RSA-SHA512_signed-by_ECDSA-SHA256,RSA-SHA512_signed-by_ECDSA-SHA256,11.365,2980.83,1579.45,0.842105,14,0.736842,98,16,2038.02,2007.9,1620,1615
1,6,37,RSA-SHA512_signed-by_ECDSA-SHA256,RSA-SHA512_signed-by_ECDSA-SHA256,13.682,2477.34,949.539,1,0,0,126.8,9,2011.86,1989.63,1620,1617
1,3,35,RSA-SHA512_signed-by_ECDSA-SHA256,RSA-SHA512_signed-by_ECDSA-SHA256,12.984,2609.92,1201.45,0.4,3,0.2,162,24,2004.33,1996.02,1620,1616
1,5,34,RSA-SHA512_signed-by_ECDSA-SHA256,RSA-SHA512_signed-by_ECDSA-SHA256,12.968,2612.52,1202.93,0.4,3,0.2,188.4,15,2037.24,1993.07,1620,1615
1,8,32,RSA-SHA512_signed-by_ECDSA-SHA256,RSA-SHA512_signed-by_ECDSA-SHA256,13.086,2589.55,992.785,0.6,0,0,133.6,15,2043.09,2007.32,1620,1616
1,1,34,RSA-SHA512_signed-by_ECDSA-SHA256,RSA-SHA512_signed-by_ECDSA-SHA256,11.786,2874.56,1102.31,0.6,0,0,126.8,24,2035.93,2005.09,1620,1615
1,7,35,RSA-SHA512_signed-by_ECDSA-SHA256,RSA-SHA512_signed-by_ECDSA-SHA256,9.739,3478.45,1333.88,0,0,0,126.8,16,2027.61,2005.67,1620,1615
1,2,34,RSA-SHA512_signed-by_ECDSA-SHA256,RSA-SHA512_signed-by_ECDSA-SHA256,12.133,2793.01,1070.78,0,0,0,126.8,24,2034.18,1979.33,1620,1616
1,6,38,RSA-SHA512_signed-by_ECDSA-SHA256,RSA-SHA512_signed-by_ECDSA-SHA256,11.197,3026.99,1183.08,0.909091,0,0,118.727,9,2034.89,2030.49,1620,1617
1,3,36,RSA-SHA512_signed-by_ECDSA-SHA256,RSA-SHA512_signed-by_ECDSA-SHA256,11.792,2873.81,1101.76,1,0,0,126.8,24,2085.5,1988.31,1620,1616
1,5,35,RSA-SHA512_signed-by_ECDSA-SHA256,RSA-SHA512_signed-by_ECDSA-SHA256,12.26,2763.44,1059.7,1,0,0,136,15,2034.38,2004.25,1620,1615
1,8,33,RSA-SHA512_signed-by_ECDSA-SHA256,RSA-SHA512_signed-by_ECDSA-SHA256,11.235,3016.05,1429.71,1,8,0.533333,113.467,15,2022.24,1980.39,1620,1616
1,1,35,RSA-SHA512_signed-by_ECDSA-SHA256,RSA-SHA512_signed-by_ECDSA-SHA256,12.077,2805.33,1506.33,1,14,0.875,108.5,24,2068.19,1993.75,1620,1615
1,7,36,RSA-SHA512_signed-by_ECDSA-SHA256,RSA-SHA512_signed-by_ECDSA-SHA256,12.997,2606.73,1074.7,1,1,0.0833333,113.333,16,2040.96,2014.83,1620,1615
1,6,39,RSA-SHA512_signed-by_ECDSA-SHA256,RSA-SHA512_signed-by_ECDSA-SHA256,13.695,2474.99,1295.62,1,7,0.5,118.571,9,2039.65,2032.78,1620,1617
1,3,37,RSA-SHA512_signed-by_ECDSA-SHA256,RSA-SHA512_signed-by_ECDSA-SHA256,12.417,2729.11,1066.91,1,0,0,118.727,24,2016.67,1999.05,1620,1616
1,8,34,RSA-SHA512_signed-by_ECDSA-SHA256,RSA-SHA512_signed-by_ECDSA-SHA256,10.895,3110.39,1192.46,0.8,0,0,136,15,2008.95,2000.56,1620,1616
1,5,36,RSA-SHA512_signed-by_ECDSA-SHA256,RSA-SHA512_signed-by_ECDSA-SHA256,12.87,2632.43,1009.46,0.8,0,0,136,15,2020.6,1992.76,1620,1615
1,2,35,RSA-SHA512_signed-by_ECDSA-SHA256,RSA-SHA512_signed-by_ECDSA-SHA256,21.25,1594.66,921.56,1,13,0.8125,134.5,24,2024.51,2018.99,1620,1616
1,1,36,RSA-SHA512_signed-by_ECDSA-SHA256,RSA-SHA512_signed-by_ECDSA-SHA256,12.823,2642.09,1181.61,0.384615,0,0,181.077,24,2047.73,1989.68,1620,1615
1,7,37,RSA-SHA512_signed-by_ECDSA-SHA256,RSA-SHA512_signed-by_ECDSA-SHA256,12.347,2743.97,1534.29,0.384615,11,0.846154,146.923,16,2026.23,1992.42,1620,1615
1,6,40,RSA-SHA512_signed-by_ECDSA-SHA256,RSA-SHA512_signed-by_ECDSA-SHA256,10.422,3252.09,1246.5,0.3,0,0,126.8,9,2042.13,1991.43,1620,1617
1,3,38,RSA-SHA512_signed-by_ECDSA-SHA256,RSA-SHA512_signed-by_ECDSA-SHA256,10.431,3248.52,1245.42,0.7,0,0,126.8,24,2013.85,2027.14,1620,1616
1,5,37,RSA-SHA512_signed-by_ECDSA-SHA256,RSA-SHA512_signed-by_ECDSA-SHA256,10.273,3297.69,1283.26,1,5,0.454545,127.091,15,2044.14,1998.88,1620,1615
1,2,36,RSA-SHA512_signed-by_ECDSA-SHA256,RSA-SHA512_signed-by_ECDSA-SHA256,9.656,3509.22,1345.37,1,0,0,126.8,24,2029.54,2016.61,1620,1616
1,8,35,RSA-SHA512_signed-by_ECDSA-SHA256,RSA-SHA512_signed-by_ECDSA-SHA256,12.511,2708.65,1226.44,0.857143,7,0.5,117.429,15,2038.29,2012.79,1620,1616
1,1,37,RSA-SHA512_signed-by_ECDSA-SHA256,RSA-SHA512_signed-by_ECDSA-SHA256,13.436,2521.55,985.996,1,0,0,119.818,24,2035.39,1997.76,1620,1615
1,7,38,RSA-SHA512_signed-by_ECDSA-SHA256,RSA-SHA512_signed-by_ECDSA-SHA256,13.479,2513.5,963.853,1,0,0,126.8,16,2054.4,2003.31,1620,1615
1,3,39,RSA-SHA512_signed-by_ECDSA-SHA256,RSA-SHA512_signed-by_ECDSA-SHA256,11.326,2992.04,1147.09,1,0,0,126.8,24,2042.6,2016.4,1620,1616
1,2,37,RSA-SHA512_signed-by_ECDSA-SHA256,RSA-SHA512_signed-by_ECDSA-SHA256,10.406,3256.28,1248.39,0.9,0,0,132.4,24,2047.79,2015.12,1620,1616
1,6,41,RSA-SHA512_signed-by_ECDSA-SHA256,RSA-SHA512_signed-by_ECDSA-SHA256,13.985,2423.69,1522.74,1,18,1.05882,128.353,9,2026.96,1995.33,1620,1617
1,5,38,RSA-SHA512_signed-by_ECDSA-SHA256,RSA-SHA512_signed-by_ECDSA-SHA256,15.259,2220.26,1039.09,0.9375,3,0.1875,166.5,15,2085.53,2013.26,1620,1615
1,8,36,RSA-SHA512_signed-by_ECDSA-SHA256,RSA-SHA512_signed-by_ECDSA-SHA256,14.426,2349.02,1393,0.833333,14,0.777778,107.333,15,2028.54,1999.81,1620,1616
1,1,38,RSA-SHA512_signed-by_ECDSA-SHA256,RSA-SHA512_signed-by_ECDSA-SHA256,13.648,2482.34,1318.84,0.8,7,0.466667,113.2,24,2044.4,1993.79,1620,1615
1,7,39,RSA-SHA512_signed-by_ECDSA-SHA256,RSA-SHA512_signed-by_ECDSA-SHA256,14.234,2380.14,912.714,1,0,0,126.8,16,2027.86,1990.45,1620,1615
1,3,40,RSA-SHA512_signed-by_ECDSA-SHA256,RSA-SHA512_signed-by_ECDSA-SHA256,11.943,2837.42,1485.69,0.714286,7,0.5,118.571,24,2047.42,1994.35,1620,1616
1,2,38,RSA-SHA512_signed-by_ECDSA-SHA256,RSA-SHA512_signed-by_ECDSA-SHA256,13.26,2555.58,1171.61,1,12,0.8,105.2,24,2037.97,2015.84,1620,1616
1,6,42,RSA-SHA512_signed-by_ECDSA-SHA256,RSA-SHA512_signed-by_ECDSA-SHA256,13.189,2569.95,985.036,1,4,0.4,126.8,9,2006.17,2030.79,1620,1617
1,5,39,RSA-SHA512_signed-by_ECDSA-SHA256,RSA-SHA512_signed-by_ECDSA-SHA256,10.762,3148.08,1274.1,1,1,0.0909091,128.909,15,2040.33,2013.19,1620,1615
1,8,37,RSA-SHA512_signed-by_ECDSA-SHA256,RSA-SHA512_signed-by_ECDSA-SHA256,11.917,2843.61,1111.67,1,0,0,118.727,15,2170.54,2024.68,1620,1616
1,7,40,RSA-SHA512_signed-by_ECDSA-SHA256,RSA-SHA512_signed-by_ECDSA-SHA256,10.599,3196.51,1243.88,1,6,0.545455,118.727,16,2035.03,2009.36,1620,1615
1,3,41,RSA-SHA512_signed-by_ECDSA-SHA256,RSA-SHA512_signed-by_ECDSA-SHA256,13.279,2551.93,1016.92,1,0,0,112,24,2018.36,2024.6,1620,1616
1,2,39,RSA-SHA512_signed-by_ECDSA-SHA256,RSA-SHA512_signed-by_ECDSA-SHA256,12.169,2784.73,1260.89,0.785714,3,0.214286,182.286,24,2051.56,2011.59,1620,1616
1,6,43,RSA-SHA512_signed-by_ECDSA-SHA256,RSA-SHA512_signed-by_ECDSA-SHA256,11.83,2865.2,1297.02,0.714286,7,0.5,170.857,9,2057.41,1994.78,1620,1617
1,8,38,RSA-SHA512_signed-by_ECDSA-SHA256,RSA-SHA512_signed-by_ECDSA-SHA256,10.329,3280.84,1257.81,1,0,0,126.8,15,2028.81,2006.6,1620,1616
1,5,40,RSA-SHA512_signed-by_ECDSA-SHA256,RSA-SHA512_signed-by_ECDSA-SHA256,13.404,2527.54,1499.22,0.888889,14,0.777778,115.111,15,2043.13,1987.01,1620,1615
1,1,39,RSA-SHA512_signed-by_ECDSA-SHA256,RSA-SHA512_signed-by_ECDSA-SHA256,22.379,1513.9,1022.37,1,16,0.8,111.2,24,2024.03,1995.15,1620,1615
1,3,42,RSA-SHA512_signed-by_ECDSA-SHA256,RSA-SHA512_signed-by_ECDSA-SHA256,9.6,3529.98,1353.33,1,0,0,126.8,24,2044.33,2015.03,1620,1616
1,2,40,RSA-SHA512_signed-by_ECDSA-SHA256,RSA-SHA512_signed-by_ECDSA-SHA256,9.641,3514.97,1347.57,1,0,0,126.8,24,2035.32,1993.29,1620,1616
1,8,39,RSA-SHA512_signed-by_ECDSA-SHA256,RSA-SHA512_signed-by_ECDSA-SHA256,8.996,3766.6,1465.38,0.818182,7,0.636364,118.727,15,2039.23,1976.98,1620,1616
1,6,44,RSA-SHA512_signed-by_ECDSA-SHA256,RSA-SHA512_signed-by_ECDSA-SHA256,10.719,3162.2,1431.46,1,3,0.214286,170.857,9,2034.51,1997.42,1620,1617
1,5,41,RSA-SHA512_signed-by_ECDSA-SHA256,RSA-SHA512_signed-by_ECDSA-SHA256,14.108,2401.4,1342.75,0.692308,11,0.846154,158.308,15,2089.31,2032.68,1620,1615
1,1,40,RSA-SHA512_signed-by_ECDSA-SHA256,RSA-SHA512_signed-by_ECDSA-SHA256,14.571,2325.1,1070.59,0.6,7,0.466667,105.2,24,2034.17,2075.52,1620,1615
1,3,43,RSA-SHA512_signed-by_ECDSA-SHA256,RSA-SHA512_signed-by_ECDSA-SHA256,12.017,2819.99,1276.85,0.642857,7,0.5,110,24,2049.24,2009.79,1620,1616
1,6,45,RSA-SHA512_signed-by_ECDSA-SHA256,RSA-SHA512_signed-by_ECDSA-SHA256,10.018,3383.22,1322.31,0.545455,0,0,118.727,9,2004.78,2014.89,1620,1617
1,2,41,RSA-SHA512_signed-by_ECDSA-SHA256,RSA-SHA512_signed-by_ECDSA-SHA256,13.071,2592.58,993.944,0.6,0,0,126.8,24,2045.52,1990.15,1620,1616
1,8,40,RSA-SHA512_signed-by_ECDSA-SHA256,RSA-SHA512_signed-by_ECDSA-SHA256,13.468,2516.14,1125.02,0.461538,0,0,181.077,15,2042.81,1995.31,1620,1616
1,7,41,RSA-SHA512_signed-by_ECDSA-SHA256,RSA-SHA512_signed-by_ECDSA-SHA256,30.024,1128.4,1033.81,1,19,0.95,136,16,2038.79,1994.2,1620,1615
1,5,42,RSA-SHA512_signed-by_ECDSA-SHA256,RSA-SHA512_signed-by_ECDSA-SHA256,13.504,2508.81,1136.22,1,7,0.5,117.429,15,2036.27,2026.47,1620,1615
1,1,41,RSA-SHA512_signed-by_ECDSA-SHA256,RSA-SHA512_signed-by_ECDSA-SHA256,12.8,2646.8,1218.71,0.8,7,0.466667,105.2,24,2033.22,1992.02,1620,1615
1,6,46,RSA-SHA512_signed-by_ECDSA-SHA256,RSA-SHA512_signed-by_ECDSA-SHA256,12.171,2784.9,1088.46,1,0,0,118.727,9,2048.12,1996.83,1620,1617
1,3,44,RSA-SHA512_signed-by_ECDSA-SHA256,RSA-SHA512_signed-by_ECDSA-SHA256,15.416,2198.14,1475.81,0.894737,14,0.736842,111.263,24,2038.83,2018.22,1620,1616
1,2,42,RSA-SHA512_signed-by_ECDSA-SHA256,RSA-SHA512_signed-by_ECDSA-SHA256,14.179,2389.93,934.305,1,0,0,118.727,24,2041.06,2011.07,1620,1616
1,8,41,RSA-SHA512_signed-by_ECDSA-SHA256,RSA-SHA512_signed-by_ECDSA-SHA256,14.401,2353.1,919.907,1,0,0,118.727,15,2044.3,2023.31,1620,1616
1,7,42,RSA-SHA512_signed-by_ECDSA-SHA256,RSA-SHA512_signed-by_ECDSA-SHA256,15.537,2180.52,836.166,1,0,0,126.8,16,2036.52,1999.89,1620,1615
1,5,43,RSA-SHA512_signed-by_ECDSA-SHA256,RSA-SHA512_signed-by_ECDSA-SHA256,13.625,2486.54,953.517,1,0,0,136,15,2057.53,2017.71,1620,1615
1,1,42,RSA-SHA512_signed-by_ECDSA-SHA256,RSA-SHA512_signed-by_ECDSA-SHA256,13.008,2604.5,1364.06,0.785714,7,0.5,118.571,24,2047.32,2037.03,1620,1615
1,3,45,RSA-SHA512_signed-by_ECDSA-SHA256,RSA-SHA512_signed-by_ECDSA-SHA256,10.512,3223.74,1235.92,0.6,4,0.4,126.8,24,2036.01,1992.33,1620,1616
1,6,47,RSA-SHA512_signed-by_ECDSA-SHA256,RSA-SHA512_signed-by_ECDSA-SHA256,14.194,2388,1334.62,0.846154,11,0.846154,146.923,9,2479.98,2520.18,1620,1617
1,2,43,RSA-SHA512_signed-by_ECDSA-SHA256,RSA-SHA512_signed-by_ECDSA-SHA256,11.308,2996.8,1148.92,0.6,0,0,126.8,24,2033.32,2009.9,1620,1616
1,8,42,RSA-SHA512_signed-by_ECDSA-SHA256,RSA-SHA512_signed-by_ECDSA-SHA256,11.429,2965.05,1640.72,0.5,2,0.166667,128,15,2032.04,1988.56,1620,1616
1,7,43,RSA-SHA512_signed-by_ECDSA-SHA256,RSA-SHA512_signed-by_ECDSA-SHA256,12.549,2699.74,1035.27,0.3,0,0,126.8,16,2029.06,2021.64,1620,1615
1,1,43,RSA-SHA512_signed-by_ECDSA-SHA256,RSA-SHA512_signed-by_ECDSA-SHA256,9.339,3627.44,1391.02,0,0,0,126.8,24,2035.96,2006.44,1620,1615
1,5,44,RSA-SHA512_signed-by_ECDSA-SHA256,RSA-SHA512_signed-by_ECDSA-SHA256,11.641,2910.38,1610.85,0.25,2,0.166667,137.667,15,2038.03,2000.04,1620,1615
1,3,46,RSA-SHA512_signed-by_ECDSA-SHA256,RSA-SHA512_signed-by_ECDSA-SHA256,10.719,3161.2,1431.35,0.357143,3,0.214286,172.571,24,2044.35,2012.14,1620,1616
1,6,48,RSA-SHA512_signed-by_ECDSA-SHA256,RSA-SHA512_signed-by_ECDSA-SHA256,11.356,2984.82,1144.05,1,0,0,126.8,9,2003.38,2012.37,1620,1617
1,2,44,RSA-SHA512_signed-by_ECDSA-SHA256,RSA-SHA512_signed-by_ECDSA-SHA256,12.236,2769.5,1098.38,1,5,0.416667,112,24,2030.75,2013.38,1620,1616
1,8,43,RSA-SHA512_signed-by_ECDSA-SHA256,RSA-SHA512_signed-by_ECDSA-SHA256,11.741,2886.27,1106.54,1,0,0,126.8,16,2041.77,1998.82,1620,1616
1,7,44,RSA-SHA512_signed-by_ECDSA-SHA256,RSA-SHA512_signed-by_ECDSA-SHA256,10.756,3149.6,1207.78,1,0,0,126.8,16,2037.98,2026.75,1620,1615
1,1,44,RSA-SHA512_signed-by_ECDSA-SHA256,RSA-SHA512_signed-by_ECDSA-SHA256,11.402,2971.4,1161.9,1,0,0,118.727,24,2046.73,1987.4,1620,1615
1,6,49,RSA-SHA512_signed-by_ECDSA-SHA256,RSA-SHA512_signed-by_ECDSA-SHA256,8.97,3778.44,1710.42,0.5,7,0.5,110,9,2038.35,1992.47,1620,1617
1,5,45,RSA-SHA512_signed-by_ECDSA-SHA256,RSA-SHA512_signed-by_ECDSA-SHA256,12.681,2671.67,1679.33,1,18,1.05882,137.765,15,2040.25,2002.58,1620,1615
1,8,44,RSA-SHA512_signed-by_ECDSA-SHA256,RSA-SHA512_signed-by_ECDSA-SHA256,12.302,2754.62,1076.88,1,0,0,118.727,16,2077.57,2024.75,1620,1616
1,2,45,RSA-SHA512_signed-by_ECDSA-SHA256,RSA-SHA512_signed-by_ECDSA-SHA256,15.121,2241.04,1031.64,0.866667,3,0.2,162,24,2035.13,2003.78,1620,1616
1,7,45,RSA-SHA512_signed-by_ECDSA-SHA256,RSA-SHA512_signed-by_ECDSA-SHA256,12.386,2735.29,1048.91,1,0,0,126.8,16,2061.36,2005.48,1620,1615
1,3,47,RSA-SHA512_signed-by_ECDSA-SHA256,RSA-SHA512_signed-by_ECDSA-SHA256,21.33,1588.74,897.137,1,12,0.857143,139.143,24,2501.34,2464.66,1620,1616
1,6,50,RSA-SHA512_signed-by_ECDSA-SHA256,RSA-SHA512_signed-by_ECDSA-SHA256,10.894,3111.43,1192.58,1,0,0,126.8,9,2046.76,2005.38,1620,1617
1,1,45,RSA-SHA512_signed-by_ECDSA-SHA256,RSA-SHA512_signed-by_ECDSA-SHA256,13.013,2603.5,1728.7,0.888889,14,0.777778,115.333,24,2041.85,2003.43,1620,1615
1,5,46,RSA-SHA512_signed-by_ECDSA-SHA256,RSA-SHA512_signed-by_ECDSA-SHA256,15.451,2192.67,857.395,1,0,0,127.091,15,2031.84,1990.47,1620,1615
1,8,45,RSA-SHA512_signed-by_ECDSA-SHA256,RSA-SHA512_signed-by_ECDSA-SHA256,11.011,3077.64,1179.91,1,0,0,126.8,16,2101,2008.64,1620,1616
1,7,46,RSA-SHA512_signed-by_ECDSA-SHA256,RSA-SHA512_signed-by_ECDSA-SHA256,11.391,2974.23,2185.55,1,22,1.375,163,16,2037.65,2019.24,1620,1615
1,3,48,RSA-SHA512_signed-by_ECDSA-SHA256,RSA-SHA512_signed-by_ECDSA-SHA256,11.09,3055.68,1599.98,1,7,0.5,118.571,24,2045.97,1993.79,1620,1616
1,6,51,RSA-SHA512_signed-by_ECDSA-SHA256,RSA-SHA512_signed-by_ECDSA-SHA256,11.131,3045.16,1167.18,1,0,0,126.8,9,2036.61,1978.94,1620,1617
1,1,46,RSA-SHA512_signed-by_ECDSA-SHA256,RSA-SHA512_signed-by_ECDSA-SHA256,11.053,3065.2,1388.21,1,7,0.5,110,24,2042.22,1993.12,1620,1615
1,2,46,RSA-SHA512_signed-by_ECDSA-SHA256,RSA-SHA512_signed-by_ECDSA-SHA256,15.763,2149.77,1150,1,13,0.8125,108.5,24,2009.62,2022.2,1620,1616
1,5,47,RSA-SHA512_signed-by_ECDSA-SHA256,RSA-SHA512_signed-by_ECDSA-SHA256,12.46,2719.03,1063.21,1,0,0,127.091,15,2527.59,2458.09,1620,1615
1,8,46,RSA-SHA512_signed-by_ECDSA-SHA256,RSA-SHA512_signed-by_ECDSA-SHA256,11.688,2899.32,1111.54,1,0,0,126.8,16,2005.62,2038.97,1620,1616
1,6,52,RSA-SHA512_signed-by_ECDSA-SHA256,RSA-SHA512_signed-by_ECDSA-SHA256,9.135,3710.16,1422.07,0.8,0,0,126.8,9,2015.59,1999.24,1620,1617
1,7,47,RSA-SHA512_signed-by_ECDSA-SHA256,RSA-SHA512_signed-by_ECDSA-SHA256,12.931,2620.01,1479.83,1,16,1.14286,139.143,16,2493.04,2465.8,1620,1615
1,1,47,RSA-SHA512_signed-by_ECDSA-SHA256,RSA-SHA512_signed-by_ECDSA-SHA256,11.898,2847.49,1091.93,1,0,0,126.8,24,2514.58,2467.12,1620,1615
1,3,49,RSA-SHA512_signed-by_ECDSA-SHA256,RSA-SHA512_signed-by_ECDSA-SHA256,13.124,2582.07,1443.43,1,11,0.846154,146.923,24,2033.92,2154.54,1620,1616
1,5,48,RSA-SHA512_signed-by_ECDSA-SHA256,RSA-SHA512_signed-by_ECDSA-SHA256,12.669,2674.14,1775.6,0.944444,14,0.777778,123.111,15,2047.33,2014.14,1620,1615
1,6,53,RSA-SHA512_signed-by_ECDSA-SHA256,RSA-SHA512_signed-by_ECDSA-SHA256,10.638,3186.26,1221.26,0.9,0,0,126.8,9,2052.77,2003.58,1620,1617
1,8,47,RSA-SHA512_signed-by_ECDSA-SHA256,RSA-SHA512_signed-by_ECDSA-SHA256,14.886,2276.41,1209.14,1,7,0.466667,113.2,16,2510.64,2471.43,1620,1616
1,2,47,RSA-SHA512_signed-by_ECDSA-SHA256,RSA-SHA512_signed-by_ECDSA-SHA256,20.7,1637.08,1133.13,1,20,1,222,24,2498.78,2437.68,1620,1616
1,1,48,RSA-SHA512_signed-by_ECDSA-SHA256,RSA-SHA512_signed-by_ECDSA-SHA256,9.999,3388.27,1299.3,1,0,0,126.8,24,2048.1,2003.56,1620,1615
1,3,50,RSA-SHA512_signed-by_ECDSA-SHA256,RSA-SHA512_signed-by_ECDSA-SHA256,10.37,3267.83,1252.82,1,0,0,126.8,24,2045.3,2004.25,1620,1616
1,7,48,RSA-SHA512_signed-by_ECDSA-SHA256,RSA-SHA512_signed-by_ECDSA-SHA256,13.86,2444.35,1107.03,1,7,0.5,170.857,16,2035.58,2001.41,1620,1615
1,6,54,RSA-SHA512_signed-by_ECDSA-SHA256,RSA-SHA512_signed-by_ECDSA-SHA256,10.317,3285.19,1836.05,1,11,0.846154,146.923,9,2018.71,2015.29,1620,1617
1,3,51,RSA-SHA512_signed-by_ECDSA-SHA256,RSA-SHA512_signed-by_ECDSA-SHA256,10.482,3232.72,1239.36,0,0,0,126.8,24,2035.33,2026.17,1620,1616
1,2,48,RSA-SHA512_signed-by_ECDSA-SHA256,RSA-SHA512_signed-by_ECDSA-SHA256,13.106,2585.67,991.296,0.3,0,0,126.8,24,2022.29,1996.44,1620,1616
1,1,49,RSA-SHA512_signed-by_ECDSA-SHA256,RSA-SHA512_signed-by_ECDSA-SHA256,13.184,2569.78,985.436,0.3,0,0,126.8,24,2048.33,1982.35,1620,1615
1,7,49,RSA-SHA512_signed-by_ECDSA-SHA256,RSA-SHA512_signed-by_ECDSA-SHA256,11.57,2928.04,1326.09,0.214286,3,0.214286,170.857,16,2033.65,2010.6,1620,1615
1,5,49,RSA-SHA512_signed-by_ECDSA-SHA256,RSA-SHA512_signed-by_ECDSA-SHA256,17.934,1889.11,1067,1,18,1.28571,148,15,2039.3,2029.77,1620,1615
1,8,48,RSA-SHA512_signed-by_ECDSA-SHA256,RSA-SHA512_signed-by_ECDSA-SHA256,18.685,1813.59,1013.83,0.846154,11,0.846154,146.923,16,2027.68,2017.38,1620,1616
1,6,55,RSA-SHA512_signed-by_ECDSA-SHA256,RSA-SHA512_signed-by_ECDSA-SHA256,13.101,2587.26,1011.21,0.272727,0,0,118.727,9,1999.78,2020.09,1620,1617
1,3,52,RSA-SHA512_signed-by_ECDSA-SHA256,RSA-SHA512_signed-by_ECDSA-SHA256,11.479,2951.92,1131.71,0.3,0,0,126.8,24,2053.02,2010.95,1620,1616
1,2,49,RSA-SHA512_signed-by_ECDSA-SHA256,RSA-SHA512_signed-by_ECDSA-SHA256,10.652,3181.09,1219.57,0.5,0,0,126.8,24,2039.25,1991.87,1620,1616
1,1,50,RSA-SHA512_signed-by_ECDSA-SHA256,RSA-SHA512_signed-by_ECDSA-SHA256,10.914,3104,1190.3,1,0,0,126.8,24,2074.33,2008.78,1620,1615
1,7,50,RSA-SHA512_signed-by_ECDSA-SHA256,RSA-SHA512_signed-by_ECDSA-SHA256,11.794,2872.41,1101.48,1,0,0,126.8,16,2047.27,2007.05,1620,1615
1,5,50,RSA-SHA512_signed-by_ECDSA-SHA256,RSA-SHA512_signed-by_ECDSA-SHA256,12.825,2641.71,1216.37,1,4,0.266667,175.067,15,2071.25,2037.77,1620,1615
1,8,49,RSA-SHA512_signed-by_ECDSA-SHA256,RSA-SHA512_signed-by_ECDSA-SHA256,15.713,2156.64,875.691,1,0,0,106.308,16,2031.22,1995.16,1620,1616
1,6,56,RSA-SHA512_signed-by_ECDSA-SHA256,RSA-SHA512_signed-by_ECDSA-SHA256,14.843,2283.58,1195.42,1,7,0.5,118.571,9,2032.17,2006.53,1620,1617
1,1,51,RSA-SHA512_signed-by_ECDSA-SHA256,RSA-SHA512_signed-by_ECDSA-SHA256,12.701,2667.47,1022.9,1,0,0,126.8,24,2138.96,2041.37,1620,1615
1,3,53,RSA-SHA512_signed-by_ECDSA-SHA256,RSA-SHA512_signed-by_ECDSA-SHA256,15.178,2232.65,1260.74,1,12,0.857143,139.143,24,2021.91,1993.22,1620,1616
1,2,50,RSA-SHA512_signed-by_ECDSA-SHA256,RSA-SHA512_signed-by_ECDSA-SHA256,15.735,2153.61,1353.38,1,18,1.05882,128.353,24,2034.31,1990.25,1620,1616
1,7,51,RSA-SHA512_signed-by_ECDSA-SHA256,RSA-SHA512_signed-by_ECDSA-SHA256,13.815,2452.34,1802.05,1,22,1.375,163,16,2067.2,1998.65,1620,1615
1,5,51,RSA-SHA512_signed-by_ECDSA-SHA256,RSA-SHA512_signed-by_ECDSA-SHA256,16.232,2087.15,964.967,0.933333,3,0.2,175.067,15,2041.69,2011.02,1620,1615
1,8,50,RSA-SHA512_signed-by_ECDSA-SHA256,RSA-SHA512_signed-by_ECDSA-SHA256,14.102,2402.97,921.25,0.8,0,0,126.8,16,2033.73,1992.53,1620,1616
1,6,57,RSA-SHA512_signed-by_ECDSA-SHA256,RSA-SHA512_signed-by_ECDSA-SHA256,12.431,2726.67,1045.1,0.8,0,0,126.8,9,2025.14,1993.71,1620,1617
1,3,54,RSA-SHA512_signed-by_ECDSA-SHA256,RSA-SHA512_signed-by_ECDSA-SHA256,11.088,3056.23,1171.7,0.8,0,0,126.8,24,2022.93,2001.86,1620,1616
1,2,51,RSA-SHA512_signed-by_ECDSA-SHA256,RSA-SHA512_signed-by_ECDSA-SHA256,10.523,3220.36,1234.62,0.3,0,0,126.8,24,2030.29,1993.71,1620,1616
1,1,52,RSA-SHA512_signed-by_ECDSA-SHA256,RSA-SHA512_signed-by_ECDSA-SHA256,13.639,2483.97,1388.91,0.846154,15,1.15385,146.923,24,2042.69,1983.92,1620,1615
1,7,52,RSA-SHA512_signed-by_ECDSA-SHA256,RSA-SHA512_signed-by_ECDSA-SHA256,11.918,2842.7,1303.55,0.6,12,0.8,105.2,16,2035.1,2015.21,1620,1615
1,5,52,RSA-SHA512_signed-by_ECDSA-SHA256,RSA-SHA512_signed-by_ECDSA-SHA256,11.466,2954.78,1133.07,0.9,0,0,136,15,2047.17,2016.78,1620,1615
1,8,51,RSA-SHA512_signed-by_ECDSA-SHA256,RSA-SHA512_signed-by_ECDSA-SHA256,8.146,4159.68,1594.74,0.9,0,0,126.8,16,2035.33,2037.09,1620,1616
1,3,55,RSA-SHA512_signed-by_ECDSA-SHA256,RSA-SHA512_signed-by_ECDSA-SHA256,8.326,4069.72,1560.25,1,0,0,126.8,24,2047.9,1998.83,1620,1616
1,6,58,RSA-SHA512_signed-by_ECDSA-SHA256,RSA-SHA512_signed-by_ECDSA-SHA256,10.432,3249.23,1314.42,1,1,0.0909091,120.182,9,2033.26,2015.58,1620,1617
1,2,52,RSA-SHA512_signed-by_ECDSA-SHA256,RSA-SHA512_signed-by_ECDSA-SHA256,11.926,2841.47,1631.36,1,11,0.733333,144.667,24,2068.72,2001.81,1620,1616
1,7,53,RSA-SHA512_signed-by_ECDSA-SHA256,RSA-SHA512_signed-by_ECDSA-SHA256,16.343,2072.97,1098.41,1,10,0.526316,150.632,16,2002.69,2069.57,1620,1615
1,1,53,RSA-SHA512_signed-by_ECDSA-SHA256,RSA-SHA512_signed-by_ECDSA-SHA256,19.938,1699.27,1017.55,1,11,0.578947,148.526,24,2032.75,2011.24,1620,1615
1,5,53,RSA-SHA512_signed-by_ECDSA-SHA256,RSA-SHA512_signed-by_ECDSA-SHA256,15.823,2141.11,1213.38,1,11,0.785714,147.143,15,2015.34,2019.23,1620,1615
1,6,59,RSA-SHA512_signed-by_ECDSA-SHA256,RSA-SHA512_signed-by_ECDSA-SHA256,13.816,2453.31,1389.65,1,11,0.785714,139.143,9,2014.32,2008.54,1620,1617
1,3,56,RSA-SHA512_signed-by_ECDSA-SHA256,RSA-SHA512_signed-by_ECDSA-SHA256,16.382,2068.53,1171.97,1,15,1.07143,139.143,24,2047.44,2004.47,1620,1616
1,2,53,RSA-SHA512_signed-by_ECDSA-SHA256,RSA-SHA512_signed-by_ECDSA-SHA256,13.113,2584.24,990.746,1,0,0,126.8,24,2035.1,1992.26,1620,1616
1,8,52,RSA-SHA512_signed-by_ECDSA-SHA256,RSA-SHA512_signed-by_ECDSA-SHA256,19.471,1740.35,1278.56,1,22,1.375,163,16,2075.36,1985.91,1620,1616
1,5,54,RSA-SHA512_signed-by_ECDSA-SHA256,RSA-SHA512_signed-by_ECDSA-SHA256,9.629,3518.52,1349.25,0.3,0,0,126.8,15,2001.71,2033.23,1620,1615
1,7,54,RSA-SHA512_signed-by_ECDSA-SHA256,RSA-SHA512_signed-by_ECDSA-SHA256,13.747,2464.46,1378,1,11,0.846154,146.923,16,2016.81,2010.82,1620,1615
1,1,54,RSA-SHA512_signed-by_ECDSA-SHA256,RSA-SHA512_signed-by_ECDSA-SHA256,12.567,2695.88,1507.4,1,15,1.15385,146.923,24,2038.41,1993.26,1620,1615
1,6,60,RSA-SHA512_signed-by_ECDSA-SHA256,RSA-SHA512_signed-by_ECDSA-SHA256,11.16,3037.22,1181.34,1,4,0.363636,118.727,9,2038.07,1990.03,1620,1617
1,3,57,RSA-SHA512_signed-by_ECDSA-SHA256,RSA-SHA512_signed-by_ECDSA-SHA256,10.459,3240.05,1485.4,0.866667,8,0.533333,162,24,2047.3,2003.92,1620,1616
1,2,54,RSA-SHA512_signed-by_ECDSA-SHA256,RSA-SHA512_signed-by_ECDSA-SHA256,10.148,3339.36,1318.08,1,6,0.5,112,24,2040.86,2013.78,1620,1616
1,8,53,RSA-SHA512_signed-by_ECDSA-SHA256,RSA-SHA512_signed-by_ECDSA-SHA256,14.32,2366.39,1188.78,1,9,0.692308,117.692,16,2038.52,2003.02,1620,1616
1,5,55,RSA-SHA512_signed-by_ECDSA-SHA256,RSA-SHA512_signed-by_ECDSA-SHA256,12.092,2801.78,1116.74,1,0,0,112,15,2038.83,2079.77,1620,1615
1,1,55,RSA-SHA512_signed-by_ECDSA-SHA256,RSA-SHA512_signed-by_ECDSA-SHA256,11.553,2932.5,2046.86,1,27,1.28571,205.619,24,2043.66,2011.07,1620,1615
1,3,58,RSA-SHA512_signed-by_ECDSA-SHA256,RSA-SHA512_signed-by_ECDSA-SHA256,11.046,3067.83,1389.07,1,3,0.214286,170.857,24,2046.17,1986.89,1620,1616
1,6,61,RSA-SHA512_signed-by_ECDSA-SHA256,RSA-SHA512_signed-by_ECDSA-SHA256,12.903,2626.9,1365.22,1,10,0.555556,147.778,9,2026.34,2011.28,1620,1617
1,7,55,RSA-SHA512_signed-by_ECDSA-SHA256,RSA-SHA512_signed-by_ECDSA-SHA256,17.163,1973.92,1033.8,1,7,0.5,123.714,16,2033.43,2018.24,1620,1615
1,3,59,RSA-SHA512_signed-by_ECDSA-SHA256,RSA-SHA512_signed-by_ECDSA-SHA256,7.687,4407.98,1689.93,0.3,4,0.4,126.8,24,2045.1,1999.69,1620,1616
1,2,55,RSA-SHA512_signed-by_ECDSA-SHA256,RSA-SHA512_signed-by_ECDSA-SHA256,18.933,1789.88,1071.56,1,11,0.578947,167.474,24,2046.33,1992.56,1620,1616
1,5,56,RSA-SHA512_signed-by_ECDSA-SHA256,RSA-SHA512_signed-by_ECDSA-SHA256,12.033,2815.52,2068.92,1,8,0.5,117.5,15,2042.58,1989.04,1620,1615
1,6,62,RSA-SHA512_signed-by_ECDSA-SHA256,RSA-SHA512_signed-by_ECDSA-SHA256,9.09,3728.93,1429.26,0.7,0,0,126.8,9,2036.28,2018.45,1620,1617
1,8,54,RSA-SHA512_signed-by_ECDSA-SHA256,RSA-SHA512_signed-by_ECDSA-SHA256,20.15,1681.78,1022.73,1,8,0.4,161,16,2035.58,1994.41,1620,1616
1,7,56,RSA-SHA512_signed-by_ECDSA-SHA256,RSA-SHA512_signed-by_ECDSA-SHA256,13.299,2547.49,976.888,1,0,0,126.8,16,2039.77,1996.9,1620,1615
1,1,56,RSA-SHA512_signed-by_ECDSA-SHA256,RSA-SHA512_signed-by_ECDSA-SHA256,20.12,1683.89,1650.89,1,36,1.24138,177.586,24,2034.33,2042.08,1620,1615
1,5,57,RSA-SHA512_signed-by_ECDSA-SHA256,RSA-SHA512_signed-by_ECDSA-SHA256,11.313,2994.77,1171.04,1,0,0,118.727,15,2105.72,1989.77,1620,1615
1,6,63,RSA-SHA512_signed-by_ECDSA-SHA256,RSA-SHA512_signed-by_ECDSA-SHA256,11.965,2832.91,1085.83,1,0,0,126.8,9,2522.12,2558.16,1620,1617
1,2,56,RSA-SHA512_signed-by_ECDSA-SHA256,RSA-SHA512_signed-by_ECDSA-SHA256,14.302,2369.4,1590.79,1,14,0.736842,112.526,24,2024,2029.86,1620,1616
1,8,55,RSA-SHA512_signed-by_ECDSA-SHA256,RSA-SHA512_signed-by_ECDSA-SHA256,9.17,3695.13,1416.64,1,0,0,126.8,16,2054.12,2003.61,1620,1616
1,7,57,RSA-SHA512_signed-by_ECDSA-SHA256,RSA-SHA512_signed-by_ECDSA-SHA256,13.097,2586.79,1374.33,1,7,0.466667,113.2,16,2063.86,2019.44,1620,1615
1,5,58,RSA-SHA512_signed-by_ECDSA-SHA256,RSA-SHA512_signed-by_ECDSA-SHA256,9.922,3414.63,1335.21,1,0,0,118.727,15,2035.4,2010.43,1620,1615
1,1,57,RSA-SHA512_signed-by_ECDSA-SHA256,RSA-SHA512_signed-by_ECDSA-SHA256,13.668,2478.71,2063.74,1,27,1.125,203,24,2035.48,2006.54,1620,1615
1,6,64,RSA-SHA512_signed-by_ECDSA-SHA256,RSA-SHA512_signed-by_ECDSA-SHA256,12.065,2809.38,1098.03,1,0,0,118.727,9,2030.28,2000.17,1620,1617
1,8,56,RSA-SHA512_signed-by_ECDSA-SHA256,RSA-SHA512_signed-by_ECDSA-SHA256,12.547,2700.82,1055.84,1,0,0,118.727,16,2013.95,2026.28,1620,1616
1,2,57,RSA-SHA512_signed-by_ECDSA-SHA256,RSA-SHA512_signed-by_ECDSA-SHA256,15.625,2168.75,1974.2,0.947368,33,1.73684,181.579,24,2005.01,1994.65,1620,1616
1,7,58,RSA-SHA512_signed-by_ECDSA-SHA256,RSA-SHA512_signed-by_ECDSA-SHA256,9.997,3389.01,1299.59,0,0,0,126.8,16,2038.65,1986.57,1620,1615
1,5,59,RSA-SHA512_signed-by_ECDSA-SHA256,RSA-SHA512_signed-by_ECDSA-SHA256,10.801,3136.71,1202.84,0,0,0,126.8,15,2048.86,2029.27,1620,1615
1,1,58,RSA-SHA512_signed-by_ECDSA-SHA256,RSA-SHA512_signed-by_ECDSA-SHA256,11.042,3068.23,1176.58,0.5,0,0,132.4,24,2041.05,2003.17,1620,1615
1,3,60,RSA-SHA512_signed-by_ECDSA-SHA256,RSA-SHA512_signed-by_ECDSA-SHA256,39.276,862.795,416.732,1,7,0.368421,144.316,24,2092.26,2013.47,1620,1616
1,6,65,RSA-SHA512_signed-by_ECDSA-SHA256,RSA-SHA512_signed-by_ECDSA-SHA256,13.011,2605.1,998.508,0.5,0,0,126.8,9,2009.06,2013.48,1620,1617
1,8,57,RSA-SHA512_signed-by_ECDSA-SHA256,RSA-SHA512_signed-by_ECDSA-SHA256,12.709,2666.38,1022.24,0.5,0,0,126.8,16,2005.71,1982.57,1620,1616
1,2,58,RSA-SHA512_signed-by_ECDSA-SHA256,RSA-SHA512_signed-by_ECDSA-SHA256,12.265,2762.9,1059.24,1,0,0,126.8,24,2038.27,2010.78,1620,1616
1,7,59,RSA-SHA512_signed-by_ECDSA-SHA256,RSA-SHA512_signed-by_ECDSA-SHA256,12.321,2749.7,1054.43,1,0,0,126.8,16,2029.39,2008.45,1620,1615
1,5,60,RSA-SHA512_signed-by_ECDSA-SHA256,RSA-SHA512_signed-by_ECDSA-SHA256,11.175,3031.73,1695.19,0.769231,11,0.846154,146.923,15,2054.32,1980.71,1620,1615
1,1,59,RSA-SHA512_signed-by_ECDSA-SHA256,RSA-SHA512_signed-by_ECDSA-SHA256,12.342,2745.04,1052.65,1,0,0,126.8,24,2039.83,2006.84,1620,1615
1,3,61,RSA-SHA512_signed-by_ECDSA-SHA256,RSA-SHA512_signed-by_ECDSA-SHA256,11.886,2851.04,1333.98,0.6875,7,0.4375,101,24,2040.57,2002.84,1620,1616
1,6,66,RSA-SHA512_signed-by_ECDSA-SHA256,RSA-SHA512_signed-by_ECDSA-SHA256,13.629,2486.96,953.227,1,0,0,126.8,9,2021.03,1993.4,1620,1617
1,8,58,RSA-SHA512_signed-by_ECDSA-SHA256,RSA-SHA512_signed-by_ECDSA-SHA256,13.889,2439.83,1363.91,0.846154,11,0.846154,146.923,16,2061.85,2043.26,1620,1616
1,2,59,RSA-SHA512_signed-by_ECDSA-SHA256,RSA-SHA512_signed-by_ECDSA-SHA256,12.793,2648.88,1386.97,0.428571,7,0.5,123.714,24,2028.81,2005.88,1620,1616
1,5,61,RSA-SHA512_signed-by_ECDSA-SHA256,RSA-SHA512_signed-by_ECDSA-SHA256,11.913,2843.89,1090.55,0.6,0,0,126.8,15,2034.35,2007,1620,1615
1,7,60,RSA-SHA512_signed-by_ECDSA-SHA256,RSA-SHA512_signed-by_ECDSA-SHA256,13.351,2537.57,992.26,0.545455,0,0,118.727,16,2006.77,1980.54,1620,1615
1,1,60,RSA-SHA512_signed-by_ECDSA-SHA256,RSA-SHA512_signed-by_ECDSA-SHA256,10.568,3205.89,1229.37,0.8,0,0,136,24,2055.01,1995.79,1620,1615
1,3,62,RSA-SHA512_signed-by_ECDSA-SHA256,RSA-SHA512_signed-by_ECDSA-SHA256,11.456,2958.06,1134.06,1,0,0,126.8,24,2019.08,2016.34,1620,1616
1,6,67,RSA-SHA512_signed-by_ECDSA-SHA256,RSA-SHA512_signed-by_ECDSA-SHA256,9.831,3447.56,1321.42,1,0,0,126.8,9,2065.87,2008.19,1620,1617
1,2,60,RSA-SHA512_signed-by_ECDSA-SHA256,RSA-SHA512_signed-by_ECDSA-SHA256,10.534,3216.95,1120.92,1,1,0.111111,125.111,24,2029.41,2021.32,1620,1616
1,8,59,RSA-SHA512_signed-by_ECDSA-SHA256,RSA-SHA512_signed-by_ECDSA-SHA256,11.623,2915.53,1610.56,1,8,0.5,106.5,16,2040.16,2004.79,1620,1616
1,5,62,RSA-SHA512_signed-by_ECDSA-SHA256,RSA-SHA512_signed-by_ECDSA-SHA256,10.726,3158.62,1654.27,1,7,0.5,118.571,15,2038.02,2106.72,1620,1615
1,6,68,RSA-SHA512_signed-by_ECDSA-SHA256,RSA-SHA512_signed-by_ECDSA-SHA256,11.102,3053.07,1382.06,1,7,0.5,110,9,2018.26,2021.31,1620,1617
1,1,61,RSA-SHA512_signed-by_ECDSA-SHA256,RSA-SHA512_signed-by_ECDSA-SHA256,18.261,1855.31,1311.64,1,18,1,139.556,24,2041.04,2023.04,1620,1615
1,3,63,RSA-SHA512_signed-by_ECDSA-SHA256,RSA-SHA512_signed-by_ECDSA-SHA256,16.338,2074.09,795.165,1,0,0,126.8,24,2547.68,2481.7,1620,1616
1,2,61,RSA-SHA512_signed-by_ECDSA-SHA256,RSA-SHA512_signed-by_ECDSA-SHA256,13.155,2576,1171.24,1,0,0,170.857,24,2051.6,1996.43,1620,1616
1,5,63,RSA-SHA512_signed-by_ECDSA-SHA256,RSA-SHA512_signed-by_ECDSA-SHA256,12.935,2619.2,1817.05,1,9,0.5625,120.5,15,2496.08,2464.74,1620,1615
1,7,61,RSA-SHA512_signed-by_ECDSA-SHA256,RSA-SHA512_signed-by_ECDSA-SHA256,23.214,1459.44,1481.84,1,36,1.5,159.333,16,2040.49,2169.16,1620,1615
1,8,60,RSA-SHA512_signed-by_ECDSA-SHA256,RSA-SHA512_signed-by_ECDSA-SHA256,15.445,2194.05,1148.82,1,7,0.5,174,16,2012.83,2010.5,1620,1616
1,6,69,RSA-SHA512_signed-by_ECDSA-SHA256,RSA-SHA512_signed-by_ECDSA-SHA256,15.165,2235.12,880.965,1,0,0,107.667,9,2042.58,2003.25,1620,1617
1,1,62,RSA-SHA512_signed-by_ECDSA-SHA256,RSA-SHA512_signed-by_ECDSA-SHA256,12.473,2716.09,1041.54,1,0,0,136,24,2035.83,2003.48,1620,1615
1,5,64,RSA-SHA512_signed-by_ECDSA-SHA256,RSA-SHA512_signed-by_ECDSA-SHA256,10.881,3113.46,1193.92,1,0,0,126.8,15,2060.94,1992.81,1620,1615
1,7,62,RSA-SHA512_signed-by_ECDSA-SHA256,RSA-SHA512_signed-by_ECDSA-SHA256,12.394,2733.38,1057.21,1,0,0,541.636,16,2040.51,2010.99,1620,1615
1,8,61,RSA-SHA512_signed-by_ECDSA-SHA256,RSA-SHA512_signed-by_ECDSA-SHA256,12.55,2700.04,1223.82,1,3,0.214286,104.571,16,2041.77,2015,1620,1616
1,6,70,RSA-SHA512_signed-by_ECDSA-SHA256,RSA-SHA512_signed-by_ECDSA-SHA256,8.208,4129.29,1582.72,1,0,0,126.8,9,2042.9,2015.58,1620,1617
1,1,63,RSA-SHA512_signed-by_ECDSA-SHA256,RSA-SHA512_signed-by_ECDSA-SHA256,10.744,3153.11,1953.66,1,15,0.681818,95.8182,24,2504.33,2453.74,1620,1615
1,5,65,RSA-SHA512_signed-by_ECDSA-SHA256,RSA-SHA512_signed-by_ECDSA-SHA256,15.964,2122.22,1258.8,1,14,0.777778,107.333,15,2030.27,2004.26,1620,1615
1,7,63,RSA-SHA512_signed-by_ECDSA-SHA256,RSA-SHA512_signed-by_ECDSA-SHA256,17.008,1991.95,1434.58,1,25,1.25,120.8,16,2494.13,2548.97,1620,1615
1,8,62,RSA-SHA512_signed-by_ECDSA-SHA256,RSA-SHA512_signed-by_ECDSA-SHA256,16.021,2115.17,1018.64,1,8,0.5,102,16,2056.57,2018.49,1620,1616
1,6,71,RSA-SHA512_signed-by_ECDSA-SHA256,RSA-SHA512_signed-by_ECDSA-SHA256,14.257,2377.46,911.256,1,0,0,159.2,9,2027.2,2047.44,1620,1617
1,1,64,RSA-SHA512_signed-by_ECDSA-SHA256,RSA-SHA512_signed-by_ECDSA-SHA256,11.92,2842.27,1089.93,1,0,0,126.8,24,2041.15,1990.54,1620,1615
1,5,66,RSA-SHA512_signed-by_ECDSA-SHA256,RSA-SHA512_signed-by_ECDSA-SHA256,9.76,3471,1357.25,1,0,0,114.364,15,2052,1996.9,1620,1615
1,8,63,RSA-SHA512_signed-by_ECDSA-SHA256,RSA-SHA512_signed-by_ECDSA-SHA256,8.429,4020.07,1541.22,0.5,0,0,126.8,16,2517.01,2473.7,1620,1616
1,7,64,RSA-SHA512_signed-by_ECDSA-SHA256,RSA-SHA512_signed-by_ECDSA-SHA256,8.878,3815.82,1706.53,0.384615,0,0,115.538,16,2036.01,1988.74,1620,1615
1,6,72,RSA-SHA512_signed-by_ECDSA-SHA256,RSA-SHA512_signed-by_ECDSA-SHA256,9.463,3581.62,1399.85,1,0,0,118.727,9,2032.45,1982.32,1620,1617
1,1,65,RSA-SHA512_signed-by_ECDSA-SHA256,RSA-SHA512_signed-by_ECDSA-SHA256,9.036,3749.12,1437.68,1,0,0,126.8,24,2037.35,1976.54,1620,1615
1,5,67,RSA-SHA512_signed-by_ECDSA-SHA256,RSA-SHA512_signed-by_ECDSA-SHA256,11.063,3062.45,1197.5,1,0,0,118.727,15,2032.36,2026.44,1620,1615
1,8,64,RSA-SHA512_signed-by_ECDSA-SHA256,RSA-SHA512_signed-by_ECDSA-SHA256,12.736,2660.72,1468.55,1,14,0.777778,100.667,16,2034.54,2007.67,1620,1616
1,6,73,RSA-SHA512_signed-by_ECDSA-SHA256,RSA-SHA512_signed-by_ECDSA-SHA256,11.658,2907.48,1145.97,1,0,0,111.667,9,2007,2005,1620,1617
1,7,65,RSA-SHA512_signed-by_ECDSA-SHA256,RSA-SHA512_signed-by_ECDSA-SHA256,14.873,2277.88,1381.25,1,15,0.75,100.4,16,2048.98,1985.33,1620,1615
1,3,64,RSA-SHA512_signed-by_ECDSA-SHA256,RSA-SHA512_signed-by_ECDSA-SHA256,56.147,603.549,651.137,1,45,1.60714,164,24,2041.03,2024.97,1620,1616
1,1,66,RSA-SHA512_signed-by_ECDSA-SHA256,RSA-SHA512_signed-by_ECDSA-SHA256,17.697,1914.36,1404.01,1,25,1.13636,106.727,24,2012.55,2040.16,1620,1615
1,5,68,RSA-SHA512_signed-by_ECDSA-SHA256,RSA-SHA512_signed-by_ECDSA-SHA256,12.166,2784.74,2104.17,1,21,1.10526,122.632,15,2034.71,2013.13,1620,1615
1,8,65,RSA-SHA512_signed-by_ECDSA-SHA256,RSA-SHA512_signed-by_ECDSA-SHA256,9.603,3528.56,1577.69,1,0,0,181.077,16,2025.17,2005.51,1620,1616
1,6,74,RSA-SHA512_signed-by_ECDSA-SHA256,RSA-SHA512_signed-by_ECDSA-SHA256,10.381,3265.16,1286.95,0.833333,0,0,111.667,9,2033.1,2023.73,1620,1617
1,7,66,RSA-SHA512_signed-by_ECDSA-SHA256,RSA-SHA512_signed-by_ECDSA-SHA256,9.783,3463.14,1328.01,1,0,0,126.8,17,2037.7,1999.19,1620,1615
1,3,65,RSA-SHA512_signed-by_ECDSA-SHA256,RSA-SHA512_signed-by_ECDSA-SHA256,9.767,3469.64,1330.19,1,0,0,126.8,24,2058.91,2012.99,1620,1616
1,5,69,RSA-SHA512_signed-by_ECDSA-SHA256,RSA-SHA512_signed-by_ECDSA-SHA256,11.339,2987.88,1381.41,0.533333,0,0,162,15,2015.36,2021.33,1620,1615
1,8,66,RSA-SHA512_signed-by_ECDSA-SHA256,RSA-SHA512_signed-by_ECDSA-SHA256,10.841,3125.88,1198.4,0.8,0,0,126.8,16,2027.67,2012.32,1620,1616
1,1,67,RSA-SHA512_signed-by_ECDSA-SHA256,RSA-SHA512_signed-by_ECDSA-SHA256,13.916,2434.54,1102.58,1,3,0.214286,182.286,24,2023.35,2013.1,1620,1615
1,7,67,RSA-SHA512_signed-by_ECDSA-SHA256,RSA-SHA512_signed-by_ECDSA-SHA256,9.948,3405.37,1783.5,0.785714,7,0.5,118.571,17,2026.7,1993.54,1620,1615
1,6,75,RSA-SHA512_signed-by_ECDSA-SHA256,RSA-SHA512_signed-by_ECDSA-SHA256,11.817,2868.38,1802.13,1,18,1.05882,128.353,9,2034.18,2015.59,1620,1617
1,3,66,RSA-SHA512_signed-by_ECDSA-SHA256,RSA-SHA512_signed-by_ECDSA-SHA256,12.557,2698.69,1055.01,1,0,0,118.727,24,2052.31,1997.84,1620,1616
1,5,70,RSA-SHA512_signed-by_ECDSA-SHA256,RSA-SHA512_signed-by_ECDSA-SHA256,12.187,2779.98,1087.05,1,0,0,118.727,15,2026.92,2024.53,1620,1615
1,7,68,RSA-SHA512_signed-by_ECDSA-SHA256,RSA-SHA512_signed-by_ECDSA-SHA256,10.989,3083.07,1182.27,1,0,0,177.2,17,2075.95,2016.89,1620,1615
1,6,76,RSA-SHA512_signed-by_ECDSA-SHA256,RSA-SHA512_signed-by_ECDSA-SHA256,10.776,3145.51,1229.4,0.454545,0,0,118.727,9,2025.82,2003.43,1620,1617
1,8,67,RSA-SHA512_signed-by_ECDSA-SHA256,RSA-SHA512_signed-by_ECDSA-SHA256,15.597,2172.67,1214.56,1,11,0.846154,161.077,16,2053.22,2013.89,1620,1616
1,1,68,RSA-SHA512_signed-by_ECDSA-SHA256,RSA-SHA512_signed-by_ECDSA-SHA256,15.399,2200.09,1230.18,1,11,0.846154,146.923,24,2032.01,1991.8,1620,1615
1,3,67,RSA-SHA512_signed-by_ECDSA-SHA256,RSA-SHA512_signed-by_ECDSA-SHA256,13.269,2553.88,1427.67,1,11,0.846154,146.923,24,2048.46,1993.62,1620,1616
1,7,69,RSA-SHA512_signed-by_ECDSA-SHA256,RSA-SHA512_signed-by_ECDSA-SHA256,13.024,2601.32,997.53,1,0,0,126.8,17,2037.64,2004.26,1620,1615
1,6,77,RSA-SHA512_signed-by_ECDSA-SHA256,RSA-SHA512_signed-by_ECDSA-SHA256,13.455,2519.17,1140.37,1,7,0.5,110.857,9,2025.49,1994.22,1620,1617
1,8,68,RSA-SHA512_signed-by_ECDSA-SHA256,RSA-SHA512_signed-by_ECDSA-SHA256,15.045,2252.37,1276.13,1,11,0.785714,139.143,16,2062.92,2018.41,1620,1616
1,4,0,RSA-SHA512_signed-by_ECDSA-SHA256,RSA-SHA512_signed-by_ECDSA-SHA256,1028.6,32.9458,13.3308,1,8,0.380952,146.19,24,2075.65,2029.07,1620,1616
1,5,71,RSA-SHA512_signed-by_ECDSA-SHA256,RSA-SHA512_signed-by_ECDSA-SHA256,24.23,1398.21,625.315,1,3,0.230769,110,15,2010.53,1992.39,1620,1615
1,1,69,RSA-SHA512_signed-by_ECDSA-SHA256,RSA-SHA512_signed-by_ECDSA-SHA256,20.568,1647.16,942.791,1,12,0.8,132.4,24,2046.56,2000.16,1620,1615
1,3,68,RSA-SHA512_signed-by_ECDSA-SHA256,RSA-SHA512_signed-by_ECDSA-SHA256,21.482,1577.44,1277.3,1,34,1.61905,142.381,24,2030.56,2002.92,1620,1616
1,7,70,RSA-SHA512_signed-by_ECDSA-SHA256,RSA-SHA512_signed-by_ECDSA-SHA256,15.246,2222.19,852.144,1,0,0,126.8,17,2068.04,2009.4,1620,1615
1,6,78,RSA-SHA512_signed-by_ECDSA-SHA256,RSA-SHA512_signed-by_ECDSA-SHA256,14.576,2325.44,917.664,1,8,0.666667,284.667,9,2039.5,2021.51,1620,1617
1,8,69,RSA-SHA512_signed-by_ECDSA-SHA256,RSA-SHA512_signed-by_ECDSA-SHA256,15.066,2249.25,879.309,1,4,0.363636,118.727,16,2033.99,1995.84,1620,1616
1,4,1,RSA-SHA512_signed-by_ECDSA-SHA256,RSA-SHA512_signed-by_ECDSA-SHA256,11.251,3011.93,1577.07,1,7,0.5,137.143,24,2007.06,1991.87,1620,1616
1,5,72,RSA-SHA512_signed-by_ECDSA-SHA256,RSA-SHA512_signed-by_ECDSA-SHA256,11.403,2971.07,1139.32,1,0,0,126.8,15,2052.26,1989.72,1620,1615
1,7,71,RSA-SHA512_signed-by_ECDSA-SHA256,RSA-SHA512_signed-by_ECDSA-SHA256,8.953,3784.17,1451.12,1,4,0.4,126.8,17,2038.08,2043.66,1620,1615
1,6,79,RSA-SHA512_signed-by_ECDSA-SHA256,RSA-SHA512_signed-by_ECDSA-SHA256,11.695,2898.23,1462.45,1,6,0.352941,149.294,9,2486.17,2456.03,1620,1617
1,1,70,RSA-SHA512_signed-by_ECDSA-SHA256,RSA-SHA512_signed-by_ECDSA-SHA256,16.698,2028.88,1847.31,1,37,1.94737,174,24,2043.91,1989.44,1620,1615
1,5,73,RSA-SHA512_signed-by_ECDSA-SHA256,RSA-SHA512_signed-by_ECDSA-SHA256,9.662,3506.2,1419.04,1,1,0.0909091,120.182,15,2044.98,2097.06,1620,1615
1,3,69,RSA-SHA512_signed-by_ECDSA-SHA256,RSA-SHA512_signed-by_ECDSA-SHA256,21.658,1564.68,1106.65,1,24,1.09091,223.455,24,2051.99,1988.03,1620,1616
1,8,70,RSA-SHA512_signed-by_ECDSA-SHA256,RSA-SHA512_signed-by_ECDSA-SHA256,16.128,2101.14,951.364,1,3,0.214286,170.857,16,2028.6,1991.82,1620,1616
1,7,72,RSA-SHA512_signed-by_ECDSA-SHA256,RSA-SHA512_signed-by_ECDSA-SHA256,17.077,1983.89,1789.48,1,34,1.21429,205.857,17,2068.8,1991.19,1620,1615
1,6,80,RSA-SHA512_signed-by_ECDSA-SHA256,RSA-SHA512_signed-by_ECDSA-SHA256,14.422,2350.25,1081.66,1,3,0.2,169.467,10,2034.18,1988.86,1620,1617
1,5,74,RSA-SHA512_signed-by_ECDSA-SHA256,RSA-SHA512_signed-by_ECDSA-SHA256,13.9,2437.33,1290.32,1,8,0.533333,113.2,15,2051.12,2025.24,1620,1615
1,3,70,RSA-SHA512_signed-by_ECDSA-SHA256,RSA-SHA512_signed-by_ECDSA-SHA256,12.184,2781.3,1280.34,0.2,3,0.2,162,24,2021.21,1991.56,1620,1616
1,1,71,RSA-SHA512_signed-by_ECDSA-SHA256,RSA-SHA512_signed-by_ECDSA-SHA256,20.934,1618.35,1507.92,1,37,1.42308,237.692,24,2039.04,1987.84,1620,1615
1,8,71,RSA-SHA512_signed-by_ECDSA-SHA256,RSA-SHA512_signed-by_ECDSA-SHA256,13.389,2530.97,970.325,0.6,0,0,126.8,16,2044.28,1987.72,1620,1616
1,6,81,RSA-SHA512_signed-by_ECDSA-SHA256,RSA-SHA512_signed-by_ECDSA-SHA256,10.389,3262.39,1250.44,0.6,0,0,126.8,10,2033.72,2021.17,1620,1617
1,7,73,RSA-SHA512_signed-by_ECDSA-SHA256,RSA-SHA512_signed-by_ECDSA-SHA256,11.715,2892.01,1109,0.6,0,0,126.8,17,2030.36,2013.59,1620,1615
1,5,75,RSA-SHA512_signed-by_ECDSA-SHA256,RSA-SHA512_signed-by_ECDSA-SHA256,12.559,2697.62,1412.83,0.714286,7,0.5,118.571,15,2045.13,2015.45,1620,1615
1,4,2,RSA-SHA512_signed-by_ECDSA-SHA256,RSA-SHA512_signed-by_ECDSA-SHA256,38.817,873.001,749.347,1,27,1.125,199.5,24,2013.24,2218.58,1620,1616
1,8,72,RSA-SHA512_signed-by_ECDSA-SHA256,RSA-SHA512_signed-by_ECDSA-SHA256,10.979,3086.56,1183.33,0.7,0,0,126.8,16,2043.33,2001.95,1620,1616
1,1,72,RSA-SHA512_signed-by_ECDSA-SHA256,RSA-SHA512_signed-by_ECDSA-SHA256,12.938,2618.56,1004.14,1,0,0,126.8,24,2035.79,2011.04,1620,1615
1,7,74,RSA-SHA512_signed-by_ECDSA-SHA256,RSA-SHA512_signed-by_ECDSA-SHA256,9.529,3555.43,1363.4,1,0,0,126.8,17,2031.08,2012.52,1620,1615
1,6,82,RSA-SHA512_signed-by_ECDSA-SHA256,RSA-SHA512_signed-by_ECDSA-SHA256,11.204,3025.28,1159.56,1,0,0,126.8,10,2007.28,2004.69,1620,1617
1,3,71,RSA-SHA512_signed-by_ECDSA-SHA256,RSA-SHA512_signed-by_ECDSA-SHA256,16.98,1995.67,1071.33,1,8,0.5,135.5,24,2041.4,1981.99,1620,1616
1,4,3,RSA-SHA512_signed-by_ECDSA-SHA256,RSA-SHA512_signed-by_ECDSA-SHA256,10.346,3275.44,1280.48,1,0,0,138,24,2028.87,1995.68,1620,1616
1,5,76,RSA-SHA512_signed-by_ECDSA-SHA256,RSA-SHA512_signed-by_ECDSA-SHA256,13.458,2517.38,1507.46,1,15,0.789474,103.684,15,2012.2,2017.61,1620,1615
1,6,83,RSA-SHA512_signed-by_ECDSA-SHA256,RSA-SHA512_signed-by_ECDSA-SHA256,10.949,3095.73,1620.56,0.857143,7,0.5,118.571,10,2009.31,2015.82,1620,1617
1,1,73,RSA-SHA512_signed-by_ECDSA-SHA256,RSA-SHA512_signed-by_ECDSA-SHA256,13.365,2534.89,1327.6,1,7,0.5,118.571,24,2034.98,2009.22,1620,1615
1,8,73,RSA-SHA512_signed-by_ECDSA-SHA256,RSA-SHA512_signed-by_ECDSA-SHA256,15.754,2150.98,1202.43,1,11,0.846154,146.923,16,2041.04,1992.15,1620,1616
1,7,75,RSA-SHA512_signed-by_ECDSA-SHA256,RSA-SHA512_signed-by_ECDSA-SHA256,14.723,2301.06,1299.68,1,12,0.857143,139.143,17,2032.45,1991.88,1620,1615
1,4,4,RSA-SHA512_signed-by_ECDSA-SHA256,RSA-SHA512_signed-by_ECDSA-SHA256,10.786,3141.81,1204.51,0,0,0,148,24,2088.02,2015.9,1620,1616
1,5,77,RSA-SHA512_signed-by_ECDSA-SHA256,RSA-SHA512_signed-by_ECDSA-SHA256,11.625,2914.38,1117.58,0.4,0,0,126.8,15,2063.5,1997.32,1620,1615
1,3,72,RSA-SHA512_signed-by_ECDSA-SHA256,RSA-SHA512_signed-by_ECDSA-SHA256,18.753,1806.99,1145.79,0.888889,19,1.05556,123.333,24,2035.75,2008.84,1620,1616
1,6,84,RSA-SHA512_signed-by_ECDSA-SHA256,RSA-SHA512_signed-by_ECDSA-SHA256,12.319,2751.52,1054.63,0.4,0,0,126.8,10,2021.42,2017.67,1620,1617
1,1,74,RSA-SHA512_signed-by_ECDSA-SHA256,RSA-SHA512_signed-by_ECDSA-SHA256,12.741,2659.12,1019.7,0.4,0,0,126.8,24,2057.65,1996.42,1620,1615
1,8,74,RSA-SHA512_signed-by_ECDSA-SHA256,RSA-SHA512_signed-by_ECDSA-SHA256,12.965,2613.79,1021.82,0.636364,0,0,164.545,16,2031.82,1992.48,1620,1616
1,7,76,RSA-SHA512_signed-by_ECDSA-SHA256,RSA-SHA512_signed-by_ECDSA-SHA256,13.621,2487.32,953.815,0.7,0,0,126.8,17,2037.86,2003.28,1620,1615
1,4,5,RSA-SHA512_signed-by_ECDSA-SHA256,RSA-SHA512_signed-by_ECDSA-SHA256,11.281,3003.76,1151.58,0.7,0,0,145.6,24,2045.62,2002.87,1620,1616
1,5,78,RSA-SHA512_signed-by_ECDSA-SHA256,RSA-SHA512_signed-by_ECDSA-SHA256,10.624,3188.75,1222.8,0.9,0,0,126.8,15,2064.57,1994.96,1620,1615
1,6,85,RSA-SHA512_signed-by_ECDSA-SHA256,RSA-SHA512_signed-by_ECDSA-SHA256,9.917,3417.66,1309.96,1,4,0.4,139.6,10,2030.85,2020.57,1620,1617
1,1,75,RSA-SHA512_signed-by_ECDSA-SHA256,RSA-SHA512_signed-by_ECDSA-SHA256,11.62,2915.64,1134.59,1,7,0.636364,118.727,24,2052.3,2003.98,1620,1615
1,5,79,RSA-SHA512_signed-by_ECDSA-SHA256,RSA-SHA512_signed-by_ECDSA-SHA256,9.935,3410.14,1958.31,1,11,0.733333,213.467,15,2513.8,2472,1620,1615
1,4,6,RSA-SHA512_signed-by_ECDSA-SHA256,RSA-SHA512_signed-by_ECDSA-SHA256,11.725,2890.17,1535.15,1,7,0.466667,128.933,24,2036.2,2009.69,1620,1616
1,7,77,RSA-SHA512_signed-by_ECDSA-SHA256,RSA-SHA512_signed-by_ECDSA-SHA256,13.123,2581.65,1153.36,1,7,0.466667,99.3333,17,2028.12,1995.36,1620,1615
1,1,76,RSA-SHA512_signed-by_ECDSA-SHA256,RSA-SHA512_signed-by_ECDSA-SHA256,9.268,3655.55,2170.02,0.681818,14,0.636364,134,24,2048.87,2008.9,1620,1615
1,6,86,RSA-SHA512_signed-by_ECDSA-SHA256,RSA-SHA512_signed-by_ECDSA-SHA256,12.542,2702.51,1301.18,1,4,0.25,153,10,2049.05,1989.77,1620,1617
1,3,73,RSA-SHA512_signed-by_ECDSA-SHA256,RSA-SHA512_signed-by_ECDSA-SHA256,30.077,1126.7,760.708,1,16,0.8,113.6,24,2041.55,2007.5,1620,1616
1,5,80,RSA-SHA512_signed-by_ECDSA-SHA256,RSA-SHA512_signed-by_ECDSA-SHA256,10.913,3104.44,1190.46,0.8,0,0,126.8,15,2026.72,2005.73,1620,1615
1,8,75,RSA-SHA512_signed-by_ECDSA-SHA256,RSA-SHA512_signed-by_ECDSA-SHA256,26.011,1302.79,886.98,1,17,0.809524,110,16,2032.27,2030.28,1620,1616
1,7,78,RSA-SHA512_signed-by_ECDSA-SHA256,RSA-SHA512_signed-by_ECDSA-SHA256,12.705,2666.56,1156.03,0.846154,0,0,154.308,17,2043.33,2004.69,1620,1615
1,4,7,RSA-SHA512_signed-by_ECDSA-SHA256,RSA-SHA512_signed-by_ECDSA-SHA256,13.919,2434.55,933.36,1,0,0,136,24,2034.32,2009.48,1620,1616
1,1,77,RSA-SHA512_signed-by_ECDSA-SHA256,RSA-SHA512_signed-by_ECDSA-SHA256,10.977,3086.39,1206.86,0.909091,0,0,118.727,24,2046.97,2006.2,1620,1615
1,6,87,RSA-SHA512_signed-by_ECDSA-SHA256,RSA-SHA512_signed-by_ECDSA-SHA256,11.264,3009.17,1153.38,1,0,0,126.8,10,2055.43,2013.57,1620,1617
1,3,74,RSA-SHA512_signed-by_ECDSA-SHA256,RSA-SHA512_signed-by_ECDSA-SHA256,15.146,2237.33,891.552,1,0,0,112,24,2029.47,2024.45,1620,1616
1,8,76,RSA-SHA512_signed-by_ECDSA-SHA256,RSA-SHA512_signed-by_ECDSA-SHA256,14.883,2276.86,872.902,1,0,0,126.8,17,2037.09,2014.13,1620,1616
1,5,81,RSA-SHA512_signed-by_ECDSA-SHA256,RSA-SHA512_signed-by_ECDSA-SHA256,16.475,2056.35,1438.23,1,22,1.29412,135.412,15,2037.83,1999.15,1620,1615
1,7,79,RSA-SHA512_signed-by_ECDSA-SHA256,RSA-SHA512_signed-by_ECDSA-SHA256,15.283,2216.75,1550.42,1,18,1.05882,135.412,17,2491.48,2469.03,1620,1615
1,4,8,RSA-SHA512_signed-by_ECDSA-SHA256,RSA-SHA512_signed-by_ECDSA-SHA256,18.886,1794.27,728.55,1,0,0,113.385,24,2041.19,1995.96,1620,1616
1,1,78,RSA-SHA512_signed-by_ECDSA-SHA256,RSA-SHA512_signed-by_ECDSA-SHA256,17.678,1916.43,1003.69,1,7,0.5,118.571,24,2059.78,2030.3,1620,1615
1,6,88,RSA-SHA512_signed-by_ECDSA-SHA256,RSA-SHA512_signed-by_ECDSA-SHA256,17.75,1909.56,731.916,1,0,0,126.8,10,2028.5,1999.32,1620,1617
1,3,75,RSA-SHA512_signed-by_ECDSA-SHA256,RSA-SHA512_signed-by_ECDSA-SHA256,13.527,2505.18,960.436,0.8,0,0,126.8,24,2042.44,1992.06,1620,1616
1,5,82,RSA-SHA512_signed-by_ECDSA-SHA256,RSA-SHA512_signed-by_ECDSA-SHA256,12.202,2776.59,1257.5,0.357143,3,0.214286,170.857,15,2032.93,1998.39,1620,1615
1,8,77,RSA-SHA512_signed-by_ECDSA-SHA256,RSA-SHA512_signed-by_ECDSA-SHA256,14.136,2397.26,919.062,1,0,0,126.8,17,2053.52,1993.87,1620,1616
1,7,80,RSA-SHA512_signed-by_ECDSA-SHA256,RSA-SHA512_signed-by_ECDSA-SHA256,13.604,2490.42,973.82,1,0,0,118.727,17,2045.93,2032.52,1620,1615
1,1,79,RSA-SHA512_signed-by_ECDSA-SHA256,RSA-SHA512_signed-by_ECDSA-SHA256,10.438,3245.54,1262.96,1,5,0.454545,118.727,24,2505.29,2468.08,1620,1615
1,4,9,RSA-SHA512_signed-by_ECDSA-SHA256,RSA-SHA512_signed-by_ECDSA-SHA256,13.624,2487.31,1423.33,1,18,1.2,142.267,24,2045.77,1992.46,1620,1616
1,6,89,RSA-SHA512_signed-by_ECDSA-SHA256,RSA-SHA512_signed-by_ECDSA-SHA256,12.619,2686.06,1029.54,1,0,0,126.8,10,2027.92,2008.68,1620,1617
1,8,78,RSA-SHA512_signed-by_ECDSA-SHA256,RSA-SHA512_signed-by_ECDSA-SHA256,10.499,3227.7,1714.43,1,2,0.181818,127.455,17,2042.88,2015.52,1620,1616
1,4,10,RSA-SHA512_signed-by_ECDSA-SHA256,RSA-SHA512_signed-by_ECDSA-SHA256,10.149,3338.96,1518.14,0.928571,0,0,184.857,24,2063.02,1993,1620,1616
1,1,80,RSA-SHA512_signed-by_ECDSA-SHA256,RSA-SHA512_signed-by_ECDSA-SHA256,12.82,2642.62,1567.48,1,10,0.555556,180.667,24,2054.78,1998.8,1620,1615
1,6,90,RSA-SHA512_signed-by_ECDSA-SHA256,RSA-SHA512_signed-by_ECDSA-SHA256,10.581,3203.39,1772.18,0.75,4,0.333333,154,10,2041.66,1995.15,1620,1617
1,3,76,RSA-SHA512_signed-by_ECDSA-SHA256,RSA-SHA512_signed-by_ECDSA-SHA256,19.799,1711.6,1286.53,1,31,1.63158,147.053,24,2041.46,1986.23,1620,1616
1,7,81,RSA-SHA512_signed-by_ECDSA-SHA256,RSA-SHA512_signed-by_ECDSA-SHA256,18.515,1829.87,1228.84,1,14,0.736842,112.526,17,2043.63,2016.62,1620,1615
1,8,79,RSA-SHA512_signed-by_ECDSA-SHA256,RSA-SHA512_signed-by_ECDSA-SHA256,11.038,3070.09,1204.55,1,4,0.333333,111.667,17,2491.67,2474.01,1620,1616
1,5,83,RSA-SHA512_signed-by_ECDSA-SHA256,RSA-SHA512_signed-by_ECDSA-SHA256,27.658,1224.92,1122.24,1,34,1.7,164.4,15,2043.87,1999.94,1620,1615
1,4,11,RSA-SHA512_signed-by_ECDSA-SHA256,RSA-SHA512_signed-by_ECDSA-SHA256,11.701,2896.14,1516.44,0.571429,7,0.5,126.857,24,2034.71,2058.38,1620,1616
1,3,77,RSA-SHA512_signed-by_ECDSA-SHA256,RSA-SHA512_signed-by_ECDSA-SHA256,11.284,3003.14,1551.2,1,11,0.647059,154.471,24,2028.06,2000.59,1620,1616
1,1,81,RSA-SHA512_signed-by_ECDSA-SHA256,RSA-SHA512_signed-by_ECDSA-SHA256,13.971,2424.97,948.228,1,0,0,118.727,24,2014.18,2029.51,1620,1615
1,6,91,RSA-SHA512_signed-by_ECDSA-SHA256,RSA-SHA512_signed-by_ECDSA-SHA256,14.445,2346.49,899.386,1,0,0,128,10,2018.2,2008.46,1620,1617
1,7,82,RSA-SHA512_signed-by_ECDSA-SHA256,RSA-SHA512_signed-by_ECDSA-SHA256,14.776,2292.83,1458.53,1,18,1,123.333,17,2035.78,1995.98,1620,1615
1,8,80,RSA-SHA512_signed-by_ECDSA-SHA256,RSA-SHA512_signed-by_ECDSA-SHA256,13.569,2497.39,957.449,1,0,0,322.4,17,2036.46,2004.13,1620,1616
1,5,84,RSA-SHA512_signed-by_ECDSA-SHA256,RSA-SHA512_signed-by_ECDSA-SHA256,14.044,2412.36,984.311,1,1,0.0833333,113,15,2037.89,2003.57,1620,1615
1,3,78,RSA-SHA512_signed-by_ECDSA-SHA256,RSA-SHA512_signed-by_ECDSA-SHA256,12.777,2652.2,1200.88,0.857143,3,0.214286,243.429,24,2019.1,1995.66,1620,1616
1,6,92,RSA-SHA512_signed-by_ECDSA-SHA256,RSA-SHA512_signed-by_ECDSA-SHA256,10.965,3091.24,1710.14,1,2,0.166667,128,10,2039.14,2044.98,1620,1617
1,1,82,RSA-SHA512_signed-by_ECDSA-SHA256,RSA-SHA512_signed-by_ECDSA-SHA256,13.049,2596.3,1374.47,1,12,0.8,113.2,24,2041.74,2016.09,1620,1615
1,7,83,RSA-SHA512_signed-by_ECDSA-SHA256,RSA-SHA512_signed-by_ECDSA-SHA256,10.226,3313.09,1500.47,1,11,0.785714,110,17,2003.06,1987.11,1620,1615
1,8,81,RSA-SHA512_signed-by_ECDSA-SHA256,RSA-SHA512_signed-by_ECDSA-SHA256,12.817,2643.9,1053.57,1,0,0,112,17,2043.05,2105.77,1620,1616
1,4,12,RSA-SHA512_signed-by_ECDSA-SHA256,RSA-SHA512_signed-by_ECDSA-SHA256,21.884,1548.51,1100.34,1,20,1.05263,134.211,24,2032.17,2015.98,1620,1616
1,5,85,RSA-SHA512_signed-by_ECDSA-SHA256,RSA-SHA512_signed-by_ECDSA-SHA256,12.208,2775.16,1064.2,1,0,0,126.8,15,2027.09,2009.64,1620,1615
1,3,79,RSA-SHA512_signed-by_ECDSA-SHA256,RSA-SHA512_signed-by_ECDSA-SHA256,12.242,2768.14,1061.25,1,0,0,126.8,24,2477.61,2460.38,1620,1616
1,1,83,RSA-SHA512_signed-by_ECDSA-SHA256,RSA-SHA512_signed-by_ECDSA-SHA256,10.984,3084.45,1396.92,0.214286,3,0.214286,170.857,24,2038.63,1987.38,1620,1615
1,6,93,RSA-SHA512_signed-by_ECDSA-SHA256,RSA-SHA512_signed-by_ECDSA-SHA256,13.25,2558.12,1429.69,0.615385,11,0.846154,146.923,10,2167.44,2022.35,1620,1617
1,8,82,RSA-SHA512_signed-by_ECDSA-SHA256,RSA-SHA512_signed-by_ECDSA-SHA256,9.436,3591,1376.72,0,0,0,126.8,17,2112.77,2008.23,1620,1616
1,7,84,RSA-SHA512_signed-by_ECDSA-SHA256,RSA-SHA512_signed-by_ECDSA-SHA256,13.055,2595.12,1175.31,0,3,0.214286,196.571,17,2037.37,1998.14,1620,1615
1,4,13,RSA-SHA512_signed-by_ECDSA-SHA256,RSA-SHA512_signed-by_ECDSA-SHA256,10.519,3221.56,1235.08,0.5,0,0,136,24,2094.03,1979.98,1620,1616
1,5,86,RSA-SHA512_signed-by_ECDSA-SHA256,RSA-SHA512_signed-by_ECDSA-SHA256,11.567,2928.97,1326.51,0.571429,7,0.5,111.714,15,2046.11,2020.46,1620,1615
1,1,84,RSA-SHA512_signed-by_ECDSA-SHA256,RSA-SHA512_signed-by_ECDSA-SHA256,11.914,2843.66,1111.95,0.727273,0,0,118.727,24,2040.57,1999.4,1620,1615
1,3,80,RSA-SHA512_signed-by_ECDSA-SHA256,RSA-SHA512_signed-by_ECDSA-SHA256,14.195,2387.24,915.22,0.8,0,0,126.8,24,2044.69,1998.75,1620,1616
1,8,83,RSA-SHA512_signed-by_ECDSA-SHA256,RSA-SHA512_signed-by_ECDSA-SHA256,11.48,2951.87,1153.99,0.727273,0,0,118.727,17,2043.03,1980.34,1620,1616
1,7,85,RSA-SHA512_signed-by_ECDSA-SHA256,RSA-SHA512_signed-by_ECDSA-SHA256,12.151,2788.18,1069.19,0.8,0,0,126.8,17,2043.55,2014.42,1620,1615
1,6,94,RSA-SHA512_signed-by_ECDSA-SHA256,RSA-SHA512_signed-by_ECDSA-SHA256,14.556,2328.59,1301.42,0.615385,11,0.846154,146.923,10,2027.31,1977.66,1620,1617
1,4,14,RSA-SHA512_signed-by_ECDSA-SHA256,RSA-SHA512_signed-by_ECDSA-SHA256,12.143,2790.7,1069.9,1,0,0,136,24,2066.28,2013.27,1620,1616
1,5,87,RSA-SHA512_signed-by_ECDSA-SHA256,RSA-SHA512_signed-by_ECDSA-SHA256,12.56,2697.39,1054.75,1,0,0,118.727,15,2036.89,2004.44,1620,1615
1,1,85,RSA-SHA512_signed-by_ECDSA-SHA256,RSA-SHA512_signed-by_ECDSA-SHA256,11.267,3006.97,1170.13,1,5,0.454545,118.727,24,2040.55,2016.11,1620,1615
1,3,81,RSA-SHA512_signed-by_ECDSA-SHA256,RSA-SHA512_signed-by_ECDSA-SHA256,10.384,3263.47,1251.15,1,0,0,126.8,24,2039.16,1979.69,1620,1616
1,8,84,RSA-SHA512_signed-by_ECDSA-SHA256,RSA-SHA512_signed-by_ECDSA-SHA256,11.593,2923.09,1530.55,0.857143,7,0.5,118.571,17,2028.68,2020.72,1620,1616
1,6,95,RSA-SHA512_signed-by_ECDSA-SHA256,RSA-SHA512_signed-by_ECDSA-SHA256,12.274,2761.57,1058.48,1,0,0,126.8,10,2464.42,2470.36,1620,1617
1,4,15,RSA-SHA512_signed-by_ECDSA-SHA256,RSA-SHA512_signed-by_ECDSA-SHA256,11.902,2847.22,1100.98,0.363636,0,0,126.727,24,2487.66,2469.08,1620,1616
1,7,86,RSA-SHA512_signed-by_ECDSA-SHA256,RSA-SHA512_signed-by_ECDSA-SHA256,15.487,2187.57,1223.18,0.923077,11,0.846154,161.077,17,2025.56,2003.8,1620,1615
1,1,86,RSA-SHA512_signed-by_ECDSA-SHA256,RSA-SHA512_signed-by_ECDSA-SHA256,9.63,3517.85,1593.21,0,3,0.214286,170.857,24,2031.92,2013.46,1620,1615
1,5,88,RSA-SHA512_signed-by_ECDSA-SHA256,RSA-SHA512_signed-by_ECDSA-SHA256,12.169,2784.09,1067.62,0.5,0,0,126.8,15,2060.51,2028.67,1620,1615
1,8,85,RSA-SHA512_signed-by_ECDSA-SHA256,RSA-SHA512_signed-by_ECDSA-SHA256,11.277,3004.81,1377.56,0.333333,8,0.533333,105.2,17,1998.38,2017.53,1620,1616
1,3,82,RSA-SHA512_signed-by_ECDSA-SHA256,RSA-SHA512_signed-by_ECDSA-SHA256,14.951,2266.56,868.956,1,0,0,126.8,24,2027.55,1984.62,1620,1616
1,6,96,RSA-SHA512_signed-by_ECDSA-SHA256,RSA-SHA512_signed-by_ECDSA-SHA256,13.027,2601.95,997.301,1,0,0,126.8,10,2035.78,2053.16,1620,1617
1,4,16,RSA-SHA512_signed-by_ECDSA-SHA256,RSA-SHA512_signed-by_ECDSA-SHA256,12.958,2615.19,1002.61,1,0,0,136,24,2027.58,2017.36,1620,1616
1,7,87,RSA-SHA512_signed-by_ECDSA-SHA256,RSA-SHA512_signed-by_ECDSA-SHA256,13.251,2556.75,1009.42,1,5,0.416667,112,17,2042.25,2006.13,1620,1615
1,5,89,RSA-SHA512_signed-by_ECDSA-SHA256,RSA-SHA512_signed-by_ECDSA-SHA256,12.32,2749.98,1557.13,1,9,0.5625,110.5,15,2041.81,2005.72,1620,1615
1,8,86,RSA-SHA512_signed-by_ECDSA-SHA256,RSA-SHA512_signed-by_ECDSA-SHA256,13.147,2577.54,1515.13,1,19,1.26667,162.533,17,2020.43,2028.03,1620,1616
1,7,88,RSA-SHA512_signed-by_ECDSA-SHA256,RSA-SHA512_signed-by_ECDSA-SHA256,7.465,4538.03,1740.2,1,0,0,126.8,17,2013.63,2008.34,1620,1615
1,6,97,RSA-SHA512_signed-by_ECDSA-SHA256,RSA-SHA512_signed-by_ECDSA-SHA256,11.066,3063.03,1191.38,1,7,0.636364,118.727,10,2022.1,1984.66,1620,1617
1,3,83,RSA-SHA512_signed-by_ECDSA-SHA256,RSA-SHA512_signed-by_ECDSA-SHA256,13.788,2457.71,1300.8,1,12,0.8,113.2,24,2051.96,2005.04,1620,1616
1,4,17,RSA-SHA512_signed-by_ECDSA-SHA256,RSA-SHA512_signed-by_ECDSA-SHA256,11.485,2950.57,1854.21,1,18,1.05882,137.765,24,2142.98,1995.65,1620,1616
1,7,89,RSA-SHA512_signed-by_ECDSA-SHA256,RSA-SHA512_signed-by_ECDSA-SHA256,6.553,5169.67,2011.71,0.727273,7,0.636364,118.727,17,2041.6,2029.87,1620,1615
1,5,90,RSA-SHA512_signed-by_ECDSA-SHA256,RSA-SHA512_signed-by_ECDSA-SHA256,14.357,2359.74,1496.64,1,19,1.05556,123.333,15,2042.41,2037.92,1620,1615
1,1,87,RSA-SHA512_signed-by_ECDSA-SHA256,RSA-SHA512_signed-by_ECDSA-SHA256,28.766,1177.75,918.836,1,27,1.17391,117.304,24,2040.24,2014.26,1620,1615
1,6,98,RSA-SHA512_signed-by_ECDSA-SHA256,RSA-SHA512_signed-by_ECDSA-SHA256,12.233,2770.78,1552.47,1,2,0.133333,173.467,10,2072.73,2002.01,1620,1617
1,8,87,RSA-SHA512_signed-by_ECDSA-SHA256,RSA-SHA512_signed-by_ECDSA-SHA256,16.769,2020.77,1360.54,1,11,0.52381,165.048,17,2007.08,1998.03,1620,1616
1,3,84,RSA-SHA512_signed-by_ECDSA-SHA256,RSA-SHA512_signed-by_ECDSA-SHA256,14.858,2280.69,904.524,1,3,0.25,183,24,2050.02,2015.02,1620,1616
1,7,90,RSA-SHA512_signed-by_ECDSA-SHA256,RSA-SHA512_signed-by_ECDSA-SHA256,14.687,2306.75,1044.71,1,4,0.285714,170.857,17,2040.53,2018.56,1620,1615
1,4,18,RSA-SHA512_signed-by_ECDSA-SHA256,RSA-SHA512_signed-by_ECDSA-SHA256,19.961,1697.63,949.008,1,11,0.846154,158.308,24,2034.94,2010.36,1620,1616
1,5,91,RSA-SHA512_signed-by_ECDSA-SHA256,RSA-SHA512_signed-by_ECDSA-SHA256,14.546,2329.11,1394.72,1,18,0.947368,103.684,15,2040.63,2005.72,1620,1615
1,6,99,RSA-SHA512_signed-by_ECDSA-SHA256,RSA-SHA512_signed-by_ECDSA-SHA256,14.616,2319.06,888.871,1,0,0,592.4,10,2000.7,2014.39,1620,1617
1,1,88,RSA-SHA512_signed-by_ECDSA-SHA256,RSA-SHA512_signed-by_ECDSA-SHA256,19.74,1716.23,1165.5,1,14,0.7,160.2,24,2021.07,1991.64,1620,1615
1,8,88,RSA-SHA512_signed-by_ECDSA-SHA256,RSA-SHA512_signed-by_ECDSA-SHA256,15.436,2195.33,1353.69,1,14,0.823529,123.176,17,2035.95,2012.62,1620,1616
1,7,91,RSA-SHA512_signed-by_ECDSA-SHA256,RSA-SHA512_signed-by_ECDSA-SHA256,12.31,2752.15,1230.83,0.846154,3,0.230769,181.077,17,2033,2007.97,1620,1615
1,4,19,RSA-SHA512_signed-by_ECDSA-SHA256,RSA-SHA512_signed-by_ECDSA-SHA256,12.732,2661.56,1020.39,0.8,0,0,130.4,24,2032.99,1996.07,1620,1616
1,5,92,RSA-SHA512_signed-by_ECDSA-SHA256,RSA-SHA512_signed-by_ECDSA-SHA256,12.264,2762.49,1059.34,0.8,0,0,222.8,15,2039.64,1999.64,1620,1615
1,3,85,RSA-SHA512_signed-by_ECDSA-SHA256,RSA-SHA512_signed-by_ECDSA-SHA256,22.432,1510.69,1407.27,1,35,1.34615,239.231,24,2059.11,1995.55,1620,1616
1,1,89,RSA-SHA512_signed-by_ECDSA-SHA256,RSA-SHA512_signed-by_ECDSA-SHA256,10.429,3248.61,1245.75,0,0,0,136,24,2048,1990.92,1620,1615
1,8,89,RSA-SHA512_signed-by_ECDSA-SHA256,RSA-SHA512_signed-by_ECDSA-SHA256,9.791,3460.8,1326.8,0.3,0,0,126.8,17,2031.21,1979.7,1620,1616
1,7,92,RSA-SHA512_signed-by_ECDSA-SHA256,RSA-SHA512_signed-by_ECDSA-SHA256,9.486,3571.22,1369.46,0.6,0,0,126.8,17,2046.03,1989.59,1620,1615
1,4,20,RSA-SHA512_signed-by_ECDSA-SHA256,RSA-SHA512_signed-by_ECDSA-SHA256,10.587,3200.61,1251.23,0.636364,0,0,127.091,24,2016.44,1994.04,1620,1616
1,5,93,RSA-SHA512_signed-by_ECDSA-SHA256,RSA-SHA512_signed-by_ECDSA-SHA256,13.514,2506.95,1312.97,0.857143,7,0.5,118.571,15,2040.26,2009.59,1620,1615
1,1,90,RSA-SHA512_signed-by_ECDSA-SHA256,RSA-SHA512_signed-by_ECDSA-SHA256,10.927,3100.53,1212.39,1,0,0,127.091,24,2041.41,2005,1620,1615
1,3,86,RSA-SHA512_signed-by_ECDSA-SHA256,RSA-SHA512_signed-by_ECDSA-SHA256,12.97,2612.73,1382.85,1,8,0.533333,113.2,24,2057.82,1989.34,1620,1616
1,7,93,RSA-SHA512_signed-by_ECDSA-SHA256,RSA-SHA512_signed-by_ECDSA-SHA256,10.018,3381.87,1531.63,1,11,0.785714,110,17,2033.22,1989.29,1620,1615
1,8,90,RSA-SHA512_signed-by_ECDSA-SHA256,RSA-SHA512_signed-by_ECDSA-SHA256,14.467,2342.34,1226.46,1,7,0.5,119.429,17,2045.4,1992.48,1620,1616
1,4,21,RSA-SHA512_signed-by_ECDSA-SHA256,RSA-SHA512_signed-by_ECDSA-SHA256,11.429,2965,1885.67,1,18,1,132.222,24,2046.93,2020.19,1620,1616
1,5,94,RSA-SHA512_signed-by_ECDSA-SHA256,RSA-SHA512_signed-by_ECDSA-SHA256,8.508,3981.69,1526.86,1,0,0,126.8,15,2022.66,2039.94,1620,1615
1,1,91,RSA-SHA512_signed-by_ECDSA-SHA256,RSA-SHA512_signed-by_ECDSA-SHA256,8.47,3999.95,2317.8,1,12,0.666667,108,24,2047.67,2006.05,1620,1615
1,8,91,RSA-SHA512_signed-by_ECDSA-SHA256,RSA-SHA512_signed-by_ECDSA-SHA256,10.425,3250.53,1270.74,1,0,0,118.727,17,2036.28,2017.58,1620,1616
1,3,87,RSA-SHA512_signed-by_ECDSA-SHA256,RSA-SHA512_signed-by_ECDSA-SHA256,15.865,2136.02,1493.6,1,18,1.05882,135.412,24,2047.74,2002.99,1620,1616
1,5,95,RSA-SHA512_signed-by_ECDSA-SHA256,RSA-SHA512_signed-by_ECDSA-SHA256,10.775,3144.22,1542.78,1,15,0.833333,97.5556,15,2500,2489.64,1620,1615
1,1,92,RSA-SHA512_signed-by_ECDSA-SHA256,RSA-SHA512_signed-by_ECDSA-SHA256,10.736,3155.67,1210.11,1,0,0,136,24,2066.19,1991.02,1620,1615
1,8,92,RSA-SHA512_signed-by_ECDSA-SHA256,RSA-SHA512_signed-by_ECDSA-SHA256,10.055,3369.93,1953.86,1,16,1,126.5,17,2040.92,2000.32,1620,1616
1,3,88,RSA-SHA512_signed-by_ECDSA-SHA256,RSA-SHA512_signed-by_ECDSA-SHA256,9.867,3434.17,1342.54,1,0,0,118.727,24,2022.76,1993.59,1620,1616
1,7,94,RSA-SHA512_signed-by_ECDSA-SHA256,RSA-SHA512_signed-by_ECDSA-SHA256,25.81,1312.63,1407.17,1,33,1.1,259.067,17,2033.54,2013.91,1620,1615
1,1,93,RSA-SHA512_signed-by_ECDSA-SHA256,RSA-SHA512_signed-by_ECDSA-SHA256,11.242,3013.43,1155.56,1,0,0,136,24,2149.15,1994,1620,1615
1,5,96,RSA-SHA512_signed-by_ECDSA-SHA256,RSA-SHA512_signed-by_ECDSA-SHA256,14.078,2406.54,1345.62,1,9,0.473684,146.842,15,2022.55,1995.52,1620,1615
1,8,93,RSA-SHA512_signed-by_ECDSA-SHA256,RSA-SHA512_signed-by_ECDSA-SHA256,10.074,3363.63,1645.29,0.705882,4,0.235294,146,17,2034.53,2009.52,1620,1616
1,5,97,RSA-SHA512_signed-by_ECDSA-SHA256,RSA-SHA512_signed-by_ECDSA-SHA256,7.67,4416.8,1727.09,0.454545,0,0,127.091,15,2019.78,2024.09,1620,1615
1,7,95,RSA-SHA512_signed-by_ECDSA-SHA256,RSA-SHA512_signed-by_ECDSA-SHA256,13.914,2434.91,1275.24,1,7,0.5,118.571,17,2482.19,2456.94,1620,1615
1,3,89,RSA-SHA512_signed-by_ECDSA-SHA256,RSA-SHA512_signed-by_ECDSA-SHA256,16.055,2110.7,1105.18,1,7,0.5,118.571,24,2045.98,2214.84,1620,1616
1,1,94,RSA-SHA512_signed-by_ECDSA-SHA256,RSA-SHA512_signed-by_ECDSA-SHA256,12.593,2690.37,1691.09,1,18,1.05882,137.765,24,2030.62,2020.19,1620,1615
1,8,94,RSA-SHA512_signed-by_ECDSA-SHA256,RSA-SHA512_signed-by_ECDSA-SHA256,9.844,3442.22,1924.26,1,11,0.846154,146.923,17,2044.65,1979.38,1620,1616
1,5,98,RSA-SHA512_signed-by_ECDSA-SHA256,RSA-SHA512_signed-by_ECDSA-SHA256,14.126,2398.34,1381.81,1,2,0.133333,173.733,15,2116.61,2024.45,1620,1615
1,3,90,RSA-SHA512_signed-by_ECDSA-SHA256,RSA-SHA512_signed-by_ECDSA-SHA256,12.432,2725.79,1045.01,1,0,0,126.8,24,2003.49,2000.55,1620,1616
1,7,96,RSA-SHA512_signed-by_ECDSA-SHA256,RSA-SHA512_signed-by_ECDSA-SHA256,13.517,2506.39,1401.45,1,11,0.846154,146.923,17,2052.45,1988.99,1620,1615
1,8,95,RSA-SHA512_signed-by_ECDSA-SHA256,RSA-SHA512_signed-by_ECDSA-SHA256,11.755,2882.8,1105.21,0.8,0,0,126.8,17,2490.68,2440.36,1620,1616
1,4,22,RSA-SHA512_signed-by_ECDSA-SHA256,RSA-SHA512_signed-by_ECDSA-SHA256,51.012,664.311,665.88,1,48,1.77778,134,24,2081.99,2044.32,1620,1616
1,1,95,RSA-SHA512_signed-by_ECDSA-SHA256,RSA-SHA512_signed-by_ECDSA-SHA256,14.799,2289.26,1682.21,1,22,1.375,176.75,24,2513.13,2455.1,1620,1615
1,5,99,RSA-SHA512_signed-by_ECDSA-SHA256,RSA-SHA512_signed-by_ECDSA-SHA256,9.32,3634.82,1646.18,1,7,0.5,117.429,15,2030.67,1989.39,1620,1615
1,7,97,RSA-SHA512_signed-by_ECDSA-SHA256,RSA-SHA512_signed-by_ECDSA-SHA256,10.71,3163.34,1716.49,1,15,0.882353,104.353,17,2045.72,2005.91,1620,1615
1,3,91,RSA-SHA512_signed-by_ECDSA-SHA256,RSA-SHA512_signed-by_ECDSA-SHA256,12.56,2698,1034.36,1,0,0,126.8,24,2043.19,1988.39,1620,1616
1,8,96,RSA-SHA512_signed-by_ECDSA-SHA256,RSA-SHA512_signed-by_ECDSA-SHA256,11.864,2856.28,1116.62,1,0,0,118.727,17,2030.48,1990.4,1620,1616
1,1,96,RSA-SHA512_signed-by_ECDSA-SHA256,RSA-SHA512_signed-by_ECDSA-SHA256,16.705,2028.05,1092.8,1,7,0.4375,112.25,24,2060.41,2007.87,1620,1615
1,4,23,RSA-SHA512_signed-by_ECDSA-SHA256,RSA-SHA512_signed-by_ECDSA-SHA256,18.981,1785.28,1736.4,1,34,1.21429,187.429,24,2037.11,2044.68,1620,1616
1,7,98,RSA-SHA512_signed-by_ECDSA-SHA256,RSA-SHA512_signed-by_ECDSA-SHA256,13.17,2572.48,1348.5,0.277778,7,0.388889,199.778,17,2009.41,2030.89,1620,1615
1,3,92,RSA-SHA512_signed-by_ECDSA-SHA256,RSA-SHA512_signed-by_ECDSA-SHA256,12.475,2716.47,1061.96,0.454545,0,0,537.636,24,2046.72,2013.13,1620,1616
1,8,97,RSA-SHA512_signed-by_ECDSA-SHA256,RSA-SHA512_signed-by_ECDSA-SHA256,13.169,2573.28,1438.51,0.615385,11,0.846154,146.923,17,2036.44,1994.06,1620,1616
1,1,97,RSA-SHA512_signed-by_ECDSA-SHA256,RSA-SHA512_signed-by_ECDSA-SHA256,8.082,4191.63,1607.37,0.3,0,0,136,24,2040.69,2136.1,1620,1615
1,4,24,RSA-SHA512_signed-by_ECDSA-SHA256,RSA-SHA512_signed-by_ECDSA-SHA256,8.109,4178.66,1892.04,0.214286,7,0.5,110,24,2054.7,1996.95,1620,1616
1,3,93,RSA-SHA512_signed-by_ECDSA-SHA256,RSA-SHA512_signed-by_ECDSA-SHA256,7.342,4615.08,1769.33,0.3,0,0,126.8,24,2043.72,2022.12,1620,1616
1,7,99,RSA-SHA512_signed-by_ECDSA-SHA256,RSA-SHA512_signed-by_ECDSA-SHA256,8.421,4022.82,1542.63,0.3,0,0,126.8,17,2031.36,1997.18,1620,1615
1,8,98,RSA-SHA512_signed-by_ECDSA-SHA256,RSA-SHA512_signed-by_ECDSA-SHA256,8.091,4187.89,1605.56,0.6,0,0,126.8,17,2034.4,1989.31,1620,1616
1,1,98,RSA-SHA512_signed-by_ECDSA-SHA256,RSA-SHA512_signed-by_ECDSA-SHA256,8.298,4082.45,1848.91,0.428571,7,0.5,117.429,24,2040.01,2005.6,1620,1615
1,4,25,RSA-SHA512_signed-by_ECDSA-SHA256,RSA-SHA512_signed-by_ECDSA-SHA256,7.89,4294.58,1944.53,0.428571,7,0.5,110,24,2045.52,1988.14,1620,1616
1,3,94,RSA-SHA512_signed-by_ECDSA-SHA256,RSA-SHA512_signed-by_ECDSA-SHA256,8.697,3896.11,1493.69,0.6,0,0,126.8,24,2035.81,1993.81,1620,1616
1,8,99,RSA-SHA512_signed-by_ECDSA-SHA256,RSA-SHA512_signed-by_ECDSA-SHA256,7.403,4577.11,1754.78,0.7,0,0,126.8,17,2032.19,2000.76,1620,1616
1,1,99,RSA-SHA512_signed-by_ECDSA-SHA256,RSA-SHA512_signed-by_ECDSA-SHA256,8.042,4212.39,1850.07,0.5,5,0.357143,109.143,24,2010.78,2019.64,1620,1615
1,4,26,RSA-SHA512_signed-by_ECDSA-SHA256,RSA-SHA512_signed-by_ECDSA-SHA256,8.867,3821.78,1522.94,0.916667,0,0,108,24,2089.72,1999.82,1620,1616
1,3,95,RSA-SHA512_signed-by_ECDSA-SHA256,RSA-SHA512_signed-by_ECDSA-SHA256,9.565,3542.85,2749.97,1,24,1.09091,114.364,24,2549.32,2480.99,1620,1616
1,4,27,RSA-SHA512_signed-by_ECDSA-SHA256,RSA-SHA512_signed-by_ECDSA-SHA256,7.072,4791.2,3386.42,0.611111,18,1,127.333,24,2041.41,1999.39,1620,1616
1,3,96,RSA-SHA512_signed-by_ECDSA-SHA256,RSA-SHA512_signed-by_ECDSA-SHA256,5.142,6589.71,2576.15,0,0,0,114.364,24,2046.8,2058.46,1620,1616
1,4,28,RSA-SHA512_signed-by_ECDSA-SHA256,RSA-SHA512_signed-by_ECDSA-SHA256,5.118,6620.84,2588.32,0,0,0,114.364,24,2052.02,1998.43,1620,1616
1,3,97,RSA-SHA512_signed-by_ECDSA-SHA256,RSA-SHA512_signed-by_ECDSA-SHA256,4.962,6828.98,2669.68,0,0,0,116.909,24,2120.54,1995.49,1620,1616
1,4,29,RSA-SHA512_signed-by_ECDSA-SHA256,RSA-SHA512_signed-by_ECDSA-SHA256,5.155,6573.32,2569.74,0,0,0,119.455,24,2043.39,2002.98,1620,1616
1,3,98,RSA-SHA512_signed-by_ECDSA-SHA256,RSA-SHA512_signed-by_ECDSA-SHA256,5.125,6611.8,2584.78,0,0,0,114.364,24,2037.37,2013.02,1620,1616
1,4,30,RSA-SHA512_signed-by_ECDSA-SHA256,RSA-SHA512_signed-by_ECDSA-SHA256,5.16,6566.95,2567.25,0,0,0,114.364,24,2040.25,1999.46,1620,1616
1,3,99,RSA-SHA512_signed-by_ECDSA-SHA256,RSA-SHA512_signed-by_ECDSA-SHA256,5.031,6735.32,2633.07,0,0,0,114.364,24,2047.04,1998.54,1620,1616
1,4,31,RSA-SHA512_signed-by_ECDSA-SHA256,RSA-SHA512_signed-by_ECDSA-SHA256,5.684,5961.6,2330.6,0,0,0,114.364,24,2507.33,2464.28,1620,1616
1,4,32,RSA-SHA512_signed-by_ECDSA-SHA256,RSA-SHA512_signed-by_ECDSA-SHA256,5.101,6642.98,2596.97,0,0,0,114.364,24,2059.36,2011.58,1620,1616
1,4,33,RSA-SHA512_signed-by_ECDSA-SHA256,RSA-SHA512_signed-by_ECDSA-SHA256,6.58,5150,2013.32,0,0,0,114.364,24,2044.26,2001.59,1620,1616
1,4,34,RSA-SHA512_signed-by_ECDSA-SHA256,RSA-SHA512_signed-by_ECDSA-SHA256,5.055,6703.6,2620.67,0,0,0,114.364,24,2089.74,2026.09,1620,1616
1,4,35,RSA-SHA512_signed-by_ECDSA-SHA256,RSA-SHA512_signed-by_ECDSA-SHA256,5.088,6660.13,2603.68,0,0,0,114.727,24,2043.87,2005.29,1620,1616
1,4,36,RSA-SHA512_signed-by_ECDSA-SHA256,RSA-SHA512_signed-by_ECDSA-SHA256,5.195,6522.95,2550.05,0,0,0,114.364,24,2044.74,2007,1620,1616
1,4,37,RSA-SHA512_signed-by_ECDSA-SHA256,RSA-SHA512_signed-by_ECDSA-SHA256,5.087,6661.44,2604.19,0,0,0,114.364,24,2037.9,2007.58,1620,1616
1,4,38,RSA-SHA512_signed-by_ECDSA-SHA256,RSA-SHA512_signed-by_ECDSA-SHA256,5.151,6578.67,2571.83,0,0,0,114.364,24,2160.24,2084.58,1620,1616
1,4,39,RSA-SHA512_signed-by_ECDSA-SHA256,RSA-SHA512_signed-by_ECDSA-SHA256,5.186,6534.27,2554.48,0,0,0,114.364,24,2093.16,2040.23,1620,1616
1,4,40,RSA-SHA512_signed-by_ECDSA-SHA256,RSA-SHA512_signed-by_ECDSA-SHA256,5.254,6449.71,2521.42,0,0,0,114.364,24,2032.24,2019.24,1620,1616
1,4,41,RSA-SHA512_signed-by_ECDSA-SHA256,RSA-SHA512_signed-by_ECDSA-SHA256,5.085,6664.06,2605.21,0,0,0,114.364,24,2034.1,2007.24,1620,1616
1,4,42,RSA-SHA512_signed-by_ECDSA-SHA256,RSA-SHA512_signed-by_ECDSA-SHA256,5.039,6724.89,2628.99,0,0,0,114.364,24,2051.97,2003.66,1620,1616
1,4,43,RSA-SHA512_signed-by_ECDSA-SHA256,RSA-SHA512_signed-by_ECDSA-SHA256,5.116,6623.68,2589.43,0,0,0,114.364,24,2033.52,1998.62,1620,1616
1,4,44,RSA-SHA512_signed-by_ECDSA-SHA256,RSA-SHA512_signed-by_ECDSA-SHA256,5.091,6656.2,2602.14,0,0,0,114.364,24,2093.63,2012.2,1620,1616
1,4,45,RSA-SHA512_signed-by_ECDSA-SHA256,RSA-SHA512_signed-by_ECDSA-SHA256,5.207,6507.92,2544.17,0,0,0,114.364,24,2039.12,2002.46,1620,1616
1,4,46,RSA-SHA512_signed-by_ECDSA-SHA256,RSA-SHA512_signed-by_ECDSA-SHA256,5.102,6641.85,2596.53,0,0,0,114.364,24,2039.7,2021.33,1620,1616
1,4,47,RSA-SHA512_signed-by_ECDSA-SHA256,RSA-SHA512_signed-by_ECDSA-SHA256,5.704,5940.89,2322.5,0,0,0,114.364,24,2517.39,2619.34,1620,1616
1,4,48,RSA-SHA512_signed-by_ECDSA-SHA256,RSA-SHA512_signed-by_ECDSA-SHA256,4.965,6825.11,2668.17,0,0,0,114.364,24,2036.36,2004.11,1620,1616
1,4,49,RSA-SHA512_signed-by_ECDSA-SHA256,RSA-SHA512_signed-by_ECDSA-SHA256,5.097,6648.37,2599.08,0,0,0,114.364,24,2044.28,2015.95,1620,1616
1,4,50,RSA-SHA512_signed-by_ECDSA-SHA256,RSA-SHA512_signed-by_ECDSA-SHA256,5.152,6577.39,2571.33,0,0,0,114.364,24,2036.02,1995.88,1620,1616
1,4,51,RSA-SHA512_signed-by_ECDSA-SHA256,RSA-SHA512_signed-by_ECDSA-SHA256,5.082,6667.99,2606.75,0,0,0,114.364,24,2033.23,2016.47,1620,1616
1,4,52,RSA-SHA512_signed-by_ECDSA-SHA256,RSA-SHA512_signed-by_ECDSA-SHA256,5.135,6599.17,2579.85,0,0,0,114.364,24,2186.28,2006.22,1620,1616
1,4,53,RSA-SHA512_signed-by_ECDSA-SHA256,RSA-SHA512_signed-by_ECDSA-SHA256,5.059,6698.16,2618.54,0,0,0,114.364,24,2237.72,2002.07,1620,1616
1,4,54,RSA-SHA512_signed-by_ECDSA-SHA256,RSA-SHA512_signed-by_ECDSA-SHA256,5.149,6581.23,2572.83,0,0,0,114.364,24,2033.98,2010.31,1620,1616
1,4,55,RSA-SHA512_signed-by_ECDSA-SHA256,RSA-SHA512_signed-by_ECDSA-SHA256,5.093,6653.59,2601.12,0,0,0,114.364,24,2032.29,2012.71,1620,1616
1,4,56,RSA-SHA512_signed-by_ECDSA-SHA256,RSA-SHA512_signed-by_ECDSA-SHA256,5.122,6615.92,2586.39,0,0,0,114.364,24,2044.3,1995.8,1620,1616
1,4,57,RSA-SHA512_signed-by_ECDSA-SHA256,RSA-SHA512_signed-by_ECDSA-SHA256,5.143,6588.9,2575.83,0,0,0,114.364,24,2047.42,2005.01,1620,1616
1,4,58,RSA-SHA512_signed-by_ECDSA-SHA256,RSA-SHA512_signed-by_ECDSA-SHA256,5.132,6603.03,2581.35,0,0,0,114.364,24,2039.84,1995.12,1620,1616
1,4,59,RSA-SHA512_signed-by_ECDSA-SHA256,RSA-SHA512_signed-by_ECDSA-SHA256,5.08,6670.61,2607.78,0,0,0,114.364,24,2032.6,2006.02,1620,1616
1,4,60,RSA-SHA512_signed-by_ECDSA-SHA256,RSA-SHA512_signed-by_ECDSA-SHA256,5.098,6647.06,2598.57,0,0,0,114.364,24,2058.4,2007.53,1620,1616
1,4,61,RSA-SHA512_signed-by_ECDSA-SHA256,RSA-SHA512_signed-by_ECDSA-SHA256,5.163,6563.38,2565.85,0,0,0,114.364,24,2043.02,1999.69,1620,1616
1,4,62,RSA-SHA512_signed-by_ECDSA-SHA256,RSA-SHA512_signed-by_ECDSA-SHA256,5.087,6661.44,2604.19,0,0,0,114.364,24,2050.71,2006.43,1620,1616
1,4,63,RSA-SHA512_signed-by_ECDSA-SHA256,RSA-SHA512_signed-by_ECDSA-SHA256,5.467,6198.43,2423.18,0,0,0,114.364,24,2529.48,2459.45,1620,1616
1,4,64,RSA-SHA512_signed-by_ECDSA-SHA256,RSA-SHA512_signed-by_ECDSA-SHA256,4.96,6831.99,2670.86,0,0,0,114.364,24,2032.23,1998.88,1620,1616
1,4,65,RSA-SHA512_signed-by_ECDSA-SHA256,RSA-SHA512_signed-by_ECDSA-SHA256,5.053,6706.26,2621.71,0,0,0,114.364,24,2039.05,2023.1,1620,1616
1,4,66,RSA-SHA512_signed-by_ECDSA-SHA256,RSA-SHA512_signed-by_ECDSA-SHA256,5.027,6740.94,2635.27,0,0,0,114.364,24,2039.27,1997.93,1620,1616
1,4,67,RSA-SHA512_signed-by_ECDSA-SHA256,RSA-SHA512_signed-by_ECDSA-SHA256,5.008,6766.51,2645.27,0,0,0,114.364,24,2050.08,2003.05,1620,1616
1,4,68,RSA-SHA512_signed-by_ECDSA-SHA256,RSA-SHA512_signed-by_ECDSA-SHA256,5.081,6669.3,2607.26,0,0,0,114.364,24,2032.49,2004.35,1620,1616
1,4,69,RSA-SHA512_signed-by_ECDSA-SHA256,RSA-SHA512_signed-by_ECDSA-SHA256,5.042,6720.89,2627.43,0,0,0,114.364,24,2034.16,1996.85,1620,1616
1,4,70,RSA-SHA512_signed-by_ECDSA-SHA256,RSA-SHA512_signed-by_ECDSA-SHA256,5.003,6773.28,2647.91,0,0,0,114.364,24,2031.2,1999.47,1620,1616
1,4,71,RSA-SHA512_signed-by_ECDSA-SHA256,RSA-SHA512_signed-by_ECDSA-SHA256,5.114,6626.27,2590.44,0,0,0,114.364,24,2037.88,2025.42,1620,1616
1,4,72,RSA-SHA512_signed-by_ECDSA-SHA256,RSA-SHA512_signed-by_ECDSA-SHA256,5.109,6632.75,2592.97,0,0,0,114.364,24,2042.48,1999.52,1620,1616
1,4,73,RSA-SHA512_signed-by_ECDSA-SHA256,RSA-SHA512_signed-by_ECDSA-SHA256,5.16,6566.99,2567.27,0,0,0,114.364,24,2048.72,2005.4,1620,1616
1,4,74,RSA-SHA512_signed-by_ECDSA-SHA256,RSA-SHA512_signed-by_ECDSA-SHA256,5.224,6486.74,2535.89,0,0,0,114.364,24,2052.33,2013.17,1620,1616
1,4,75,RSA-SHA512_signed-by_ECDSA-SHA256,RSA-SHA512_signed-by_ECDSA-SHA256,5.016,6755.72,2641.05,0,0,0,114.364,24,2032.35,1997.74,1620,1616
1,4,76,RSA-SHA512_signed-by_ECDSA-SHA256,RSA-SHA512_signed-by_ECDSA-SHA256,5.105,6637.95,2595.01,0,0,0,114.364,24,2042.64,2005.96,1620,1616
1,4,77,RSA-SHA512_signed-by_ECDSA-SHA256,RSA-SHA512_signed-by_ECDSA-SHA256,5.076,6675.87,2609.83,0,0,0,114.364,24,2033.42,2002.94,1620,1616
1,4,78,RSA-SHA512_signed-by_ECDSA-SHA256,RSA-SHA512_signed-by_ECDSA-SHA256,5.065,6690.37,2615.5,0,0,0,114.364,24,2052.04,2015.54,1620,1616
1,4,79,RSA-SHA512_signed-by_ECDSA-SHA256,RSA-SHA512_signed-by_ECDSA-SHA256,5.709,5935.69,2320.47,0,0,0,114.364,24,2503.51,2510.92,1620,1616
1,4,80,RSA-SHA512_signed-by_ECDSA-SHA256,RSA-SHA512_signed-by_ECDSA-SHA256,5.02,6750.34,2638.94,0,0,0,114.364,24,2113.15,1998.1,1620,1616
1,4,81,RSA-SHA512_signed-by_ECDSA-SHA256,RSA-SHA512_signed-by_ECDSA-SHA256,6.279,5396.87,2109.83,0,0,0,114.364,24,2042.58,2030.99,1620,1616
1,4,82,RSA-SHA512_signed-by_ECDSA-SHA256,RSA-SHA512_signed-by_ECDSA-SHA256,5.076,6675.87,2609.83,0,0,0,114.364,24,2028.35,2009.21,1620,1616
1,4,83,RSA-SHA512_signed-by_ECDSA-SHA256,RSA-SHA512_signed-by_ECDSA-SHA256,5.19,6529.24,2552.51,0,0,0,114.364,24,2043.79,2004.7,1620,1616
1,4,84,RSA-SHA512_signed-by_ECDSA-SHA256,RSA-SHA512_signed-by_ECDSA-SHA256,4.968,6820.99,2666.56,0,0,0,114.364,24,2043.82,2001.85,1620,1616
1,4,85,RSA-SHA512_signed-by_ECDSA-SHA256,RSA-SHA512_signed-by_ECDSA-SHA256,5.151,6578.67,2571.83,0,0,0,114.364,24,2032.95,2001.16,1620,1616
1,4,86,RSA-SHA512_signed-by_ECDSA-SHA256,RSA-SHA512_signed-by_ECDSA-SHA256,5.164,6562.11,2565.36,0,0,0,114.364,24,2040.17,2022.2,1620,1616
1,4,87,RSA-SHA512_signed-by_ECDSA-SHA256,RSA-SHA512_signed-by_ECDSA-SHA256,5.018,6753.03,2639.99,0,0,0,114.364,24,2038.48,2005.23,1620,1616
1,4,88,RSA-SHA512_signed-by_ECDSA-SHA256,RSA-SHA512_signed-by_ECDSA-SHA256,5.079,6671.93,2608.29,0,0,0,114.364,24,2044.15,1997.64,1620,1616
1,4,89,RSA-SHA512_signed-by_ECDSA-SHA256,RSA-SHA512_signed-by_ECDSA-SHA256,5.1,6644.46,2597.55,0,0,0,114.364,24,2034.13,2002.1,1620,1616
1,4,90,RSA-SHA512_signed-by_ECDSA-SHA256,RSA-SHA512_signed-by_ECDSA-SHA256,5.12,6618.5,2587.4,0,0,0,114.364,24,2047.32,2005.46,1620,1616
1,4,91,RSA-SHA512_signed-by_ECDSA-SHA256,RSA-SHA512_signed-by_ECDSA-SHA256,5.009,6765.16,2644.74,0,0,0,114.364,24,2037.64,2007.03,1620,1616
1,4,92,RSA-SHA512_signed-by_ECDSA-SHA256,RSA-SHA512_signed-by_ECDSA-SHA256,5.054,6704.93,2621.19,0,0,0,114.364,24,2045.4,2005.35,1620,1616
1,4,93,RSA-SHA512_signed-by_ECDSA-SHA256,RSA-SHA512_signed-by_ECDSA-SHA256,5.205,6510.22,2545.07,0,0,0,114.364,24,2053.05,2146.38,1620,1616
1,4,94,RSA-SHA512_signed-by_ECDSA-SHA256,RSA-SHA512_signed-by_ECDSA-SHA256,5.209,6505.42,2543.2,0,0,0,114.364,24,2039.14,2006.73,1620,1616
1,4,95,RSA-SHA512_signed-by_ECDSA-SHA256,RSA-SHA512_signed-by_ECDSA-SHA256,5.574,6079.45,2376.67,0,0,0,114.364,24,2494.67,2466.2,1620,1616
1,4,96,RSA-SHA512_signed-by_ECDSA-SHA256,RSA-SHA512_signed-by_ECDSA-SHA256,5.11,6631.45,2592.47,0,0,0,114.364,24,2033.3,2002.1,1620,1616
1,4,97,RSA-SHA512_signed-by_ECDSA-SHA256,RSA-SHA512_signed-by_ECDSA-SHA256,5.16,6567.2,2567.35,0,0,0,114.364,24,2034.95,2001.89,1620,1616
1,4,98,RSA-SHA512_signed-by_ECDSA-SHA256,RSA-SHA512_signed-by_ECDSA-SHA256,5.072,6681.14,2611.89,0,0,0,114.364,24,2035.21,2003.37,1620,1616
1,4,99,RSA-SHA512_signed-by_ECDSA-SHA256,RSA-SHA512_signed-by_ECDSA-SHA256,5.12,6618.5,2587.4,0,0,0,114.364,24,2008.24,2006.19,1620,1616
1,2,62,RSA-SHA512_signed-by_ECDSA-SHA256,RSA-SHA512_signed-by_ECDSA-SHA256,3005.09,11.2769,14.6259,1,42,1.3125,188.375,24,2036.11,2034.53,1620,1616
1,2,63,RSA-SHA512_signed-by_ECDSA-SHA256,RSA-SHA512_signed-by_ECDSA-SHA256,5.627,6022.19,2354.28,0,0,0,114.364,24,2536.62,2524.47,1620,1616
1,2,64,RSA-SHA512_signed-by_ECDSA-SHA256,RSA-SHA512_signed-by_ECDSA-SHA256,5.029,6738.26,2634.22,0,0,0,114.364,24,2057.49,2022.31,1620,1616
1,2,65,RSA-SHA512_signed-by_ECDSA-SHA256,RSA-SHA512_signed-by_ECDSA-SHA256,5.165,6560.84,2564.86,0,0,0,115.091,24,2052.49,2077.84,1620,1616
1,2,66,RSA-SHA512_signed-by_ECDSA-SHA256,RSA-SHA512_signed-by_ECDSA-SHA256,5.118,6621.09,2588.41,0,0,0,114.364,24,2051.53,2028.21,1620,1616
1,2,67,RSA-SHA512_signed-by_ECDSA-SHA256,RSA-SHA512_signed-by_ECDSA-SHA256,5.064,6691.69,2616.01,0,0,0,114.364,24,2057.85,2019.46,1620,1616
1,2,68,RSA-SHA512_signed-by_ECDSA-SHA256,RSA-SHA512_signed-by_ECDSA-SHA256,5.069,6685.09,2613.43,0,0,0,114.364,24,2060.06,2016.36,1620,1616
1,2,69,RSA-SHA512_signed-by_ECDSA-SHA256,RSA-SHA512_signed-by_ECDSA-SHA256,5.229,6480.54,2533.47,0,0,0,114.364,24,2063.87,2046.53,1620,1616
1,2,70,RSA-SHA512_signed-by_ECDSA-SHA256,RSA-SHA512_signed-by_ECDSA-SHA256,5.165,6560.84,2564.86,0,0,0,115.818,24,2056.45,2022.76,1620,1616
1,2,71,RSA-SHA512_signed-by_ECDSA-SHA256,RSA-SHA512_signed-by_ECDSA-SHA256,5.175,6548.16,2559.91,0,0,0,114.364,24,2055.08,2025.75,1620,1616
1,2,72,RSA-SHA512_signed-by_ECDSA-SHA256,RSA-SHA512_signed-by_ECDSA-SHA256,5.209,6505.42,2543.2,0,0,0,114.364,24,2058.22,2024.65,1620,1616
1,2,73,RSA-SHA512_signed-by_ECDSA-SHA256,RSA-SHA512_signed-by_ECDSA-SHA256,5.123,6614.63,2585.89,0,0,0,114.364,24,2052.49,2019.93,1620,1616
1,2,74,RSA-SHA512_signed-by_ECDSA-SHA256,RSA-SHA512_signed-by_ECDSA-SHA256,5.159,6568.47,2567.84,0,0,0,114.364,24,2073.34,2013.72,1620,1616
1,2,75,RSA-SHA512_signed-by_ECDSA-SHA256,RSA-SHA512_signed-by_ECDSA-SHA256,5.109,6632.75,2592.97,0,0,0,153.636,24,2093.77,2016.76,1620,1616
1,2,76,RSA-SHA512_signed-by_ECDSA-SHA256,RSA-SHA512_signed-by_ECDSA-SHA256,5.731,5912.91,2311.56,0,0,0,115.455,24,2061.4,2028.26,1620,1616
1,2,77,RSA-SHA512_signed-by_ECDSA-SHA256,RSA-SHA512_signed-by_ECDSA-SHA256,5.127,6609.47,2583.87,0,0,0,114.364,24,2050.58,2038.33,1620,1616
1,2,78,RSA-SHA512_signed-by_ECDSA-SHA256,RSA-SHA512_signed-by_ECDSA-SHA256,5.096,6649.67,2599.59,0,0,0,114.364,24,2058.99,2029.4,1620,1616
1,2,79,RSA-SHA512_signed-by_ECDSA-SHA256,RSA-SHA512_signed-by_ECDSA-SHA256,5.573,6080.54,2377.09,0,0,0,114.364,24,2518.95,2494.6,1620,1616
1,2,80,RSA-SHA512_signed-by_ECDSA-SHA256,RSA-SHA512_signed-by_ECDSA-SHA256,6.58,5150,2013.32,0,0,0,114.364,24,2058.55,2025.78,1620,1616
1,2,81,RSA-SHA512_signed-by_ECDSA-SHA256,RSA-SHA512_signed-by_ECDSA-SHA256,5.219,6492.96,2538.32,0,0,0,114.364,24,2055.2,2044.82,1620,1616
1,2,82,RSA-SHA512_signed-by_ECDSA-SHA256,RSA-SHA512_signed-by_ECDSA-SHA256,5.096,6649.67,2599.59,0,0,0,114.364,24,2068.27,2024.04,1620,1616
1,2,83,RSA-SHA512_signed-by_ECDSA-SHA256,RSA-SHA512_signed-by_ECDSA-SHA256,5.152,6577.39,2571.33,0,0,0,114.364,24,2055.14,2019.91,1620,1616
1,2,84,RSA-SHA512_signed-by_ECDSA-SHA256,RSA-SHA512_signed-by_ECDSA-SHA256,5.204,6511.67,2545.64,0,0,0,114.364,24,2054.73,2031.31,1620,1616
1,2,85,RSA-SHA512_signed-by_ECDSA-SHA256,RSA-SHA512_signed-by_ECDSA-SHA256,5.155,6573.57,2569.84,0,0,0,114.364,24,2049.19,2036.47,1620,1616
1,2,86,RSA-SHA512_signed-by_ECDSA-SHA256,RSA-SHA512_signed-by_ECDSA-SHA256,5.089,6658.82,2603.16,0,0,0,114.364,24,2052.49,2025.21,1620,1616
1,2,87,RSA-SHA512_signed-by_ECDSA-SHA256,RSA-SHA512_signed-by_ECDSA-SHA256,5.256,6447.25,2520.46,0,0,0,114.364,24,2053.95,2106.41,1620,1616
1,2,88,RSA-SHA512_signed-by_ECDSA-SHA256,RSA-SHA512_signed-by_ECDSA-SHA256,5.238,6469.41,2529.12,0,0,0,114.364,24,2042.92,2019.23,1620,1616
1,2,89,RSA-SHA512_signed-by_ECDSA-SHA256,RSA-SHA512_signed-by_ECDSA-SHA256,5.146,6585.06,2574.33,0,0,0,114.364,24,2049.81,2014.24,1620,1616
1,2,90,RSA-SHA512_signed-by_ECDSA-SHA256,RSA-SHA512_signed-by_ECDSA-SHA256,5.138,6595.32,2578.34,0,0,0,114.364,24,2055.34,2013.59,1620,1616
1,2,91,RSA-SHA512_signed-by_ECDSA-SHA256,RSA-SHA512_signed-by_ECDSA-SHA256,5.099,6645.76,2598.06,0,0,0,114.364,24,2051.1,2021.63,1620,1616
1,2,92,RSA-SHA512_signed-by_ECDSA-SHA256,RSA-SHA512_signed-by_ECDSA-SHA256,5.164,6562.11,2565.36,0,0,0,114.364,24,2051.73,2037.17,1620,1616
1,2,93,RSA-SHA512_signed-by_ECDSA-SHA256,RSA-SHA512_signed-by_ECDSA-SHA256,5.243,6463.24,2526.71,0,0,0,114.364,24,2065.01,2013.86,1620,1616
1,2,94,RSA-SHA512_signed-by_ECDSA-SHA256,RSA-SHA512_signed-by_ECDSA-SHA256,5.107,6635.35,2593.99,0,0,0,114.364,24,2040.89,2012.41,1620,1616
1,2,95,RSA-SHA512_signed-by_ECDSA-SHA256,RSA-SHA512_signed-by_ECDSA-SHA256,5.572,6081.63,2377.52,0,0,0,114.364,24,2499.41,2474.97,1620,1616
1,2,96,RSA-SHA512_signed-by_ECDSA-SHA256,RSA-SHA512_signed-by_ECDSA-SHA256,5.099,6645.76,2598.06,0,0,0,114.364,24,2048.38,2015.76,1620,1616
1,2,97,RSA-SHA512_signed-by_ECDSA-SHA256,RSA-SHA512_signed-by_ECDSA-SHA256,5.255,6448.48,2520.94,0,0,0,114.364,24,2085.95,2022.1,1620,1616
1,2,98,RSA-SHA512_signed-by_ECDSA-SHA256,RSA-SHA512_signed-by_ECDSA-SHA256,5.145,6586.34,2574.83,0,0,0,114.364,24,2047.01,2007.39,1620,1616
1,2,99,RSA-SHA512_signed-by_ECDSA-SHA256,RSA-SHA512_signed-by_ECDSA-SHA256,5.09,6657.51,2602.65,0,0,0,114.364,24,2021.1,2007.47,1620,1616
