scenario,node_id,handshake_index,sta_cert_algo,ap_cert_algo,handshake_delay_ms,goodput_kbps,throughput_kbps,phy_frame_drop_rate,mac_retries,mac_retry_rate,tx_delay_us,prop_delay_ns,cert_verify_ap_us,cert_verify_sta_us,server_cert_msg_bytes,client_cert_msg_bytes
1,8,0,RSA-SHA3-384_signed-by_ECDSA-SHA3-384,RSA-SHA3-384_signed-by_ECDSA-SHA3-384,29.441,1154.03,583.131,0.714286,14,0.666667,197.81,14,2074.87,2137.58,1626,1621
1,3,0,RSA-SHA3-384_signed-by_ECDSA-SHA3-384,RSA-SHA3-384_signed-by_ECDSA-SHA3-384,43.518,781.093,394.499,1,14,0.666667,188.286,24,2074.53,2027.68,1626,1623
1,6,0,RSA-SHA3-384_signed-by_ECDSA-SHA3-384,RSA-SHA3-384_signed-by_ECDSA-SHA3-384,55.266,614.906,164.728,1,0,0,228.667,8,2069.05,2027.04,1626,1622
1,7,0,RSA-SHA3-384_signed-by_ECDSA-SHA3-384,RSA-SHA3-384_signed-by_ECDSA-SHA3-384,64.532,526.744,145.664,1,1,0.0625,176.625,16,2030.9,2041.59,1626,1623
1,5,0,RSA-SHA3-384_signed-by_ECDSA-SHA3-384,RSA-SHA3-384_signed-by_ECDSA-SHA3-384,68.513,496.02,156.933,1,4,0.210526,254.211,15,2070.73,2058.9,1626,1622
1,2,0,RSA-SHA3-384_signed-by_ECDSA-SHA3-384,RSA-SHA3-384_signed-by_ECDSA-SHA3-384,71.693,474.018,134.35,1,1,0.0625,171.25,24,2068.07,2051.78,1626,1622
1,8,1,RSA-SHA3-384_signed-by_ECDSA-SHA3-384,RSA-SHA3-384_signed-by_ECDSA-SHA3-384,45.584,745.339,624.421,1,27,1.08,764.56,14,2044.48,2093.66,1626,1621
1,1,0,RSA-SHA3-384_signed-by_ECDSA-SHA3-384,RSA-SHA3-384_signed-by_ECDSA-SHA3-384,83.403,407.37,178.89,1,14,0.538462,172.231,24,2077.87,2022.46,1626,1621
1,3,1,RSA-SHA3-384_signed-by_ECDSA-SHA3-384,RSA-SHA3-384_signed-by_ECDSA-SHA3-384,39.97,850.421,391.486,1,8,0.5,154.75,24,2044.31,2000.31,1626,1623
1,7,1,RSA-SHA3-384_signed-by_ECDSA-SHA3-384,RSA-SHA3-384_signed-by_ECDSA-SHA3-384,19.907,1707.53,652.629,1,0,0,136.8,16,2026.3,2000.2,1626,1623
1,6,1,RSA-SHA3-384_signed-by_ECDSA-SHA3-384,RSA-SHA3-384_signed-by_ECDSA-SHA3-384,29.944,1134.9,751.257,1,18,1,374.889,8,2042.86,2014.16,1626,1622
1,8,2,RSA-SHA3-384_signed-by_ECDSA-SHA3-384,RSA-SHA3-384_signed-by_ECDSA-SHA3-384,13.459,2524.41,1018.8,1,1,0.0909091,128.909,14,2026.22,2031.9,1626,1621
1,5,1,RSA-SHA3-384_signed-by_ECDSA-SHA3-384,RSA-SHA3-384_signed-by_ECDSA-SHA3-384,22.544,1507.41,1398.82,1,39,1.69565,360.609,15,2043.3,2002.58,1626,1622
1,7,2,RSA-SHA3-384_signed-by_ECDSA-SHA3-384,RSA-SHA3-384_signed-by_ECDSA-SHA3-384,15.064,2256.48,896.432,1,0,0,122.333,16,2051.23,2041.48,1626,1623
1,8,3,RSA-SHA3-384_signed-by_ECDSA-SHA3-384,RSA-SHA3-384_signed-by_ECDSA-SHA3-384,11.718,2899.25,1108.64,1,4,0.4,136,14,2044.18,2001.33,1626,1621
1,5,2,RSA-SHA3-384_signed-by_ECDSA-SHA3-384,RSA-SHA3-384_signed-by_ECDSA-SHA3-384,13.201,2574.16,1167.1,1,3,0.214286,627.429,15,1999.8,2025.01,1626,1622
1,2,1,RSA-SHA3-384_signed-by_ECDSA-SHA3-384,RSA-SHA3-384_signed-by_ECDSA-SHA3-384,35.062,969.235,1241.2,1,59,2.03448,270.552,24,2108.57,2001.62,1626,1622
1,6,2,RSA-SHA3-384_signed-by_ECDSA-SHA3-384,RSA-SHA3-384_signed-by_ECDSA-SHA3-384,22.285,1524.92,1436.61,1,38,1.35714,217.286,8,2054.01,2025.04,1626,1622
1,1,1,RSA-SHA3-384_signed-by_ECDSA-SHA3-384,RSA-SHA3-384_signed-by_ECDSA-SHA3-384,25.05,1356.33,789.46,1,14,0.823529,249.059,24,2042.33,2009.42,1626,1621
1,7,3,RSA-SHA3-384_signed-by_ECDSA-SHA3-384,RSA-SHA3-384_signed-by_ECDSA-SHA3-384,16.291,2086.5,1396.56,1,14,0.736842,133.579,16,2001.83,2012.3,1626,1623
1,2,2,RSA-SHA3-384_signed-by_ECDSA-SHA3-384,RSA-SHA3-384_signed-by_ECDSA-SHA3-384,10.248,3315.84,1885.84,1,19,1.26667,193.733,24,2035.88,2024.47,1626,1622
1,5,3,RSA-SHA3-384_signed-by_ECDSA-SHA3-384,RSA-SHA3-384_signed-by_ECDSA-SHA3-384,13.27,2560.91,1445.64,1,9,0.5625,216.5,15,2043.18,2001.6,1626,1622
1,6,3,RSA-SHA3-384_signed-by_ECDSA-SHA3-384,RSA-SHA3-384_signed-by_ECDSA-SHA3-384,10.837,3135.64,1331.61,1,6,0.5,114.667,8,2034.72,2074.68,1626,1622
1,8,4,RSA-SHA3-384_signed-by_ECDSA-SHA3-384,RSA-SHA3-384_signed-by_ECDSA-SHA3-384,18.968,1791.16,1737.6,1,34,1.21429,198.286,14,2026.13,2015.09,1626,1621
1,1,2,RSA-SHA3-384_signed-by_ECDSA-SHA3-384,RSA-SHA3-384_signed-by_ECDSA-SHA3-384,11.992,2833.19,1083.38,1,0,0,136,24,2067.89,1994.12,1626,1621
1,2,3,RSA-SHA3-384_signed-by_ECDSA-SHA3-384,RSA-SHA3-384_signed-by_ECDSA-SHA3-384,8.452,4020.48,1537.02,1,0,0,324.4,24,2060.94,2010.22,1626,1622
1,7,4,RSA-SHA3-384_signed-by_ECDSA-SHA3-384,RSA-SHA3-384_signed-by_ECDSA-SHA3-384,15.398,2207.53,909.196,1,1,0.0833333,121,16,2012.29,1994.61,1626,1623
1,5,4,RSA-SHA3-384_signed-by_ECDSA-SHA3-384,RSA-SHA3-384_signed-by_ECDSA-SHA3-384,14.983,2268.15,1264.35,1,11,0.846154,305.385,15,2035.27,2018.02,1626,1622
1,1,3,RSA-SHA3-384_signed-by_ECDSA-SHA3-384,RSA-SHA3-384_signed-by_ECDSA-SHA3-384,15.337,2215.27,1173.62,0.733333,7,0.466667,120.933,24,2296.21,2025.92,1626,1621
1,8,5,RSA-SHA3-384_signed-by_ECDSA-SHA3-384,RSA-SHA3-384_signed-by_ECDSA-SHA3-384,19.357,1755.19,991.864,1,11,0.785714,149.714,14,2040.09,1995.47,1626,1621
1,2,4,RSA-SHA3-384_signed-by_ECDSA-SHA3-384,RSA-SHA3-384_signed-by_ECDSA-SHA3-384,14.348,2368.55,1073.88,1,0,0,256.286,24,2033.77,2015.11,1626,1622
1,6,4,RSA-SHA3-384_signed-by_ECDSA-SHA3-384,RSA-SHA3-384_signed-by_ECDSA-SHA3-384,22.687,1497.9,1254.59,1,27,1.08,188.4,8,2039.05,2007,1626,1622
1,5,5,RSA-SHA3-384_signed-by_ECDSA-SHA3-384,RSA-SHA3-384_signed-by_ECDSA-SHA3-384,12.382,2744.62,1550.63,1,11,0.785714,286.286,15,2037.05,2000.84,1626,1622
1,7,5,RSA-SHA3-384_signed-by_ECDSA-SHA3-384,RSA-SHA3-384_signed-by_ECDSA-SHA3-384,15.817,2149.02,1121.8,1,7,0.5,127.429,16,2021.1,1993.48,1626,1623
1,1,4,RSA-SHA3-384_signed-by_ECDSA-SHA3-384,RSA-SHA3-384_signed-by_ECDSA-SHA3-384,13.639,2491.06,1575.46,1,19,1.05556,132.222,24,2049.76,1992.68,1626,1621
1,2,5,RSA-SHA3-384_signed-by_ECDSA-SHA3-384,RSA-SHA3-384_signed-by_ECDSA-SHA3-384,10.293,3301.36,1280.75,0.636364,5,0.454545,170.364,24,2008.16,2012.34,1626,1622
1,8,6,RSA-SHA3-384_signed-by_ECDSA-SHA3-384,RSA-SHA3-384_signed-by_ECDSA-SHA3-384,12.837,2646.69,1484.44,0.857143,11,0.785714,150.571,14,2029.91,2002.78,1626,1621
1,6,5,RSA-SHA3-384_signed-by_ECDSA-SHA3-384,RSA-SHA3-384_signed-by_ECDSA-SHA3-384,12.315,2759.52,1054.96,0.7,0,0,126.8,8,2043.19,2020.53,1626,1622
1,5,6,RSA-SHA3-384_signed-by_ECDSA-SHA3-384,RSA-SHA3-384_signed-by_ECDSA-SHA3-384,9.85,3449.82,1318.86,0.7,0,0,236.4,15,2059.99,2028.87,1626,1622
1,7,6,RSA-SHA3-384_signed-by_ECDSA-SHA3-384,RSA-SHA3-384_signed-by_ECDSA-SHA3-384,10.294,3301.84,1261.99,0.7,0,0,136.8,16,2027.56,2019.86,1626,1623
1,1,5,RSA-SHA3-384_signed-by_ECDSA-SHA3-384,RSA-SHA3-384_signed-by_ECDSA-SHA3-384,11.154,3045.83,1164.69,0,0,0,136,24,2045.69,2010.61,1626,1621
1,2,6,RSA-SHA3-384_signed-by_ECDSA-SHA3-384,RSA-SHA3-384_signed-by_ECDSA-SHA3-384,12.196,2786.26,1258.02,0,3,0.214286,256.286,24,2010.68,2020.71,1626,1622
1,8,7,RSA-SHA3-384_signed-by_ECDSA-SHA3-384,RSA-SHA3-384_signed-by_ECDSA-SHA3-384,11.424,2973.86,1137.17,0,0,0,136,14,2053.09,2000.28,1626,1621
1,6,6,RSA-SHA3-384_signed-by_ECDSA-SHA3-384,RSA-SHA3-384_signed-by_ECDSA-SHA3-384,10.163,3343.67,1278.28,0,0,0,126.8,8,2019.32,2000.2,1626,1622
1,5,7,RSA-SHA3-384_signed-by_ECDSA-SHA3-384,RSA-SHA3-384_signed-by_ECDSA-SHA3-384,10.618,3200.37,1223.5,0,0,0,254.4,15,2037.4,2031.24,1626,1622
1,7,7,RSA-SHA3-384_signed-by_ECDSA-SHA3-384,RSA-SHA3-384_signed-by_ECDSA-SHA3-384,10.595,3208.06,1448.12,0.214286,7,0.5,118,16,2304.75,1990.46,1626,1623
1,1,6,RSA-SHA3-384_signed-by_ECDSA-SHA3-384,RSA-SHA3-384_signed-by_ECDSA-SHA3-384,10.63,3196,1246.19,1,0,0,170.727,24,2080.58,2229.31,1626,1621
1,2,7,RSA-SHA3-384_signed-by_ECDSA-SHA3-384,RSA-SHA3-384_signed-by_ECDSA-SHA3-384,13.811,2460.62,940.689,1,0,0,226.8,24,2022.14,2003.82,1626,1622
1,6,7,RSA-SHA3-384_signed-by_ECDSA-SHA3-384,RSA-SHA3-384_signed-by_ECDSA-SHA3-384,13.23,2568.68,982.002,1,0,0,126.8,8,2038.52,2015.06,1626,1622
1,8,8,RSA-SHA3-384_signed-by_ECDSA-SHA3-384,RSA-SHA3-384_signed-by_ECDSA-SHA3-384,14.643,2320.26,1211.76,1,7,0.5,126.857,14,2034.99,2018.55,1626,1621
1,7,8,RSA-SHA3-384_signed-by_ECDSA-SHA3-384,RSA-SHA3-384_signed-by_ECDSA-SHA3-384,10.921,3112.27,1212.97,1,0,0,118.727,16,2038.33,2048.87,1626,1623
1,5,8,RSA-SHA3-384_signed-by_ECDSA-SHA3-384,RSA-SHA3-384_signed-by_ECDSA-SHA3-384,15.508,2191.35,1324.72,1,15,0.75,179.2,15,2045.86,2015.81,1626,1622
1,1,7,RSA-SHA3-384_signed-by_ECDSA-SHA3-384,RSA-SHA3-384_signed-by_ECDSA-SHA3-384,12.762,2662.25,1038.07,1,0,0,127.091,24,2051.07,2012.95,1626,1621
1,8,9,RSA-SHA3-384_signed-by_ECDSA-SHA3-384,RSA-SHA3-384_signed-by_ECDSA-SHA3-384,10.868,3125.96,1195.33,1,0,0,136,14,2040.68,2022.89,1626,1621
1,7,9,RSA-SHA3-384_signed-by_ECDSA-SHA3-384,RSA-SHA3-384_signed-by_ECDSA-SHA3-384,10.534,3226.61,1233.24,0.9,0,0,126.8,16,2061.22,1996.63,1626,1623
1,2,8,RSA-SHA3-384_signed-by_ECDSA-SHA3-384,RSA-SHA3-384_signed-by_ECDSA-SHA3-384,14.011,2425.49,1365.77,1,16,1.14286,204.857,24,2041.59,2000.59,1626,1622
1,6,8,RSA-SHA3-384_signed-by_ECDSA-SHA3-384,RSA-SHA3-384_signed-by_ECDSA-SHA3-384,13.897,2445.39,1276.81,1,7,0.5,118.571,8,2033.67,1989.32,1626,1622
1,5,9,RSA-SHA3-384_signed-by_ECDSA-SHA3-384,RSA-SHA3-384_signed-by_ECDSA-SHA3-384,10.632,3196.1,1245.94,1,0,0,170.364,15,2037.88,2007.35,1626,1622
1,8,10,RSA-SHA3-384_signed-by_ECDSA-SHA3-384,RSA-SHA3-384_signed-by_ECDSA-SHA3-384,9.508,3573.06,1992.23,1,9,0.692308,130,14,2023.12,2015.18,1626,1621
1,2,9,RSA-SHA3-384_signed-by_ECDSA-SHA3-384,RSA-SHA3-384_signed-by_ECDSA-SHA3-384,9.264,3668.01,1656.13,1,7,0.5,256.286,24,2015.88,2034.29,1626,1622
1,7,10,RSA-SHA3-384_signed-by_ECDSA-SHA3-384,RSA-SHA3-384_signed-by_ECDSA-SHA3-384,10.818,3142.15,1291.17,1,5,0.416667,113.333,16,2032.29,2013.75,1626,1623
1,6,9,RSA-SHA3-384_signed-by_ECDSA-SHA3-384,RSA-SHA3-384_signed-by_ECDSA-SHA3-384,10.676,3183.18,1437.22,1,7,0.5,110,8,2041.04,2040,1626,1622
1,1,8,RSA-SHA3-384_signed-by_ECDSA-SHA3-384,RSA-SHA3-384_signed-by_ECDSA-SHA3-384,21.301,1595.04,1300.22,1,22,0.916667,132.833,24,2060.84,1989.16,1626,1621
1,5,10,RSA-SHA3-384_signed-by_ECDSA-SHA3-384,RSA-SHA3-384_signed-by_ECDSA-SHA3-384,14.593,2328.72,1215.89,1,7,0.5,169.429,15,2038.63,1994.98,1626,1622
1,8,11,RSA-SHA3-384_signed-by_ECDSA-SHA3-384,RSA-SHA3-384_signed-by_ECDSA-SHA3-384,11.319,3001.67,1338.63,0.230769,0,0,196.154,14,2031.28,2017.18,1626,1621
1,2,10,RSA-SHA3-384_signed-by_ECDSA-SHA3-384,RSA-SHA3-384_signed-by_ECDSA-SHA3-384,10.879,3123.54,1410.3,0,3,0.214286,256.286,24,2039.08,1989.17,1626,1622
1,7,11,RSA-SHA3-384_signed-by_ECDSA-SHA3-384,RSA-SHA3-384_signed-by_ECDSA-SHA3-384,10.615,3201.99,1445.38,0.214286,3,0.214286,170.857,16,2200.97,1992.62,1626,1623
1,6,10,RSA-SHA3-384_signed-by_ECDSA-SHA3-384,RSA-SHA3-384_signed-by_ECDSA-SHA3-384,10.629,3197.01,1222.21,0.3,0,0,126.8,8,2026.8,2000.13,1626,1622
1,5,11,RSA-SHA3-384_signed-by_ECDSA-SHA3-384,RSA-SHA3-384_signed-by_ECDSA-SHA3-384,10.063,3376.81,1550.09,0.4,7,0.466667,147.867,15,2052.37,2004.72,1626,1622
1,1,9,RSA-SHA3-384_signed-by_ECDSA-SHA3-384,RSA-SHA3-384_signed-by_ECDSA-SHA3-384,13.436,2528.7,1320.62,0.428571,7,0.5,126.857,24,2029.26,2015.02,1626,1621
1,8,12,RSA-SHA3-384_signed-by_ECDSA-SHA3-384,RSA-SHA3-384_signed-by_ECDSA-SHA3-384,11.074,3067.84,1173.1,0.9,0,0,136,14,2021,1999.88,1626,1621
1,7,12,RSA-SHA3-384_signed-by_ECDSA-SHA3-384,RSA-SHA3-384_signed-by_ECDSA-SHA3-384,10.201,3331.95,1298.59,0.545455,0,0,118.727,16,2057.83,1991.1,1626,1623
1,2,11,RSA-SHA3-384_signed-by_ECDSA-SHA3-384,RSA-SHA3-384_signed-by_ECDSA-SHA3-384,11.308,3005.07,1148.83,1,4,0.4,183.6,24,2022.33,2002.95,1626,1622
1,6,11,RSA-SHA3-384_signed-by_ECDSA-SHA3-384,RSA-SHA3-384_signed-by_ECDSA-SHA3-384,10.175,3339.7,1276.76,1,0,0,126.8,8,2036.33,2023.6,1626,1622
1,5,12,RSA-SHA3-384_signed-by_ECDSA-SHA3-384,RSA-SHA3-384_signed-by_ECDSA-SHA3-384,9.467,3589.44,1475.32,1,1,0.0833333,169,15,2042.92,2057.25,1626,1622
1,1,10,RSA-SHA3-384_signed-by_ECDSA-SHA3-384,RSA-SHA3-384_signed-by_ECDSA-SHA3-384,8.082,4203.55,1639.06,1,0,0,127.091,24,2052.02,2009.65,1626,1621
1,7,13,RSA-SHA3-384_signed-by_ECDSA-SHA3-384,RSA-SHA3-384_signed-by_ECDSA-SHA3-384,12.582,2701.6,1410.25,1,7,0.5,118.571,16,2028.88,2004.23,1626,1623
1,5,13,RSA-SHA3-384_signed-by_ECDSA-SHA3-384,RSA-SHA3-384_signed-by_ECDSA-SHA3-384,9.132,3721.08,1455.85,1,5,0.416667,159,15,2043.65,2008.19,1626,1622
1,2,12,RSA-SHA3-384_signed-by_ECDSA-SHA3-384,RSA-SHA3-384_signed-by_ECDSA-SHA3-384,14.064,2416.32,1456.16,1,12,0.6,210,24,2027.97,2052.83,1626,1622
1,1,11,RSA-SHA3-384_signed-by_ECDSA-SHA3-384,RSA-SHA3-384_signed-by_ECDSA-SHA3-384,10.061,3376.7,1291.21,1,0,0,136,24,2037.22,1994.89,1626,1621
1,7,14,RSA-SHA3-384_signed-by_ECDSA-SHA3-384,RSA-SHA3-384_signed-by_ECDSA-SHA3-384,7.18,4733.82,1809.3,0.2,0,0,126.8,16,2035.45,1997.25,1626,1623
1,6,12,RSA-SHA3-384_signed-by_ECDSA-SHA3-384,RSA-SHA3-384_signed-by_ECDSA-SHA3-384,19.768,1719.07,1031.12,1,11,0.578947,97.3684,8,2044.51,2006.04,1626,1622
1,2,13,RSA-SHA3-384_signed-by_ECDSA-SHA3-384,RSA-SHA3-384_signed-by_ECDSA-SHA3-384,10.028,3388.59,1295.45,0.8,0,0,183.6,24,2028.49,2012.97,1626,1622
1,5,14,RSA-SHA3-384_signed-by_ECDSA-SHA3-384,RSA-SHA3-384_signed-by_ECDSA-SHA3-384,12.526,2713.03,1260.71,0.625,7,0.4375,224,15,2054.38,2041.64,1626,1622
1,8,13,RSA-SHA3-384_signed-by_ECDSA-SHA3-384,RSA-SHA3-384_signed-by_ECDSA-SHA3-384,27.543,1233.54,1133.91,1,35,1.66667,170.381,14,2021.68,1995.17,1626,1621
1,1,12,RSA-SHA3-384_signed-by_ECDSA-SHA3-384,RSA-SHA3-384_signed-by_ECDSA-SHA3-384,11.662,2913.36,1114.03,1,0,0,142,24,2045.6,2000.34,1626,1621
1,7,15,RSA-SHA3-384_signed-by_ECDSA-SHA3-384,RSA-SHA3-384_signed-by_ECDSA-SHA3-384,14.606,2327.22,942.06,1,0,0,106.308,16,2499.9,2499.41,1626,1623
1,6,13,RSA-SHA3-384_signed-by_ECDSA-SHA3-384,RSA-SHA3-384_signed-by_ECDSA-SHA3-384,16.273,2088.3,1164.1,1,11,0.846154,146.923,8,2069.34,2022.77,1626,1622
1,2,14,RSA-SHA3-384_signed-by_ECDSA-SHA3-384,RSA-SHA3-384_signed-by_ECDSA-SHA3-384,13.07,2600.13,994.024,1,0,0,174,24,2025.38,2024.89,1626,1622
1,1,13,RSA-SHA3-384_signed-by_ECDSA-SHA3-384,RSA-SHA3-384_signed-by_ECDSA-SHA3-384,10.7,3175.05,1214.1,0.9,0,0,136,24,2042.23,1996.6,1626,1621
1,3,2,RSA-SHA3-384_signed-by_ECDSA-SHA3-384,RSA-SHA3-384_signed-by_ECDSA-SHA3-384,176.885,192.17,141.289,1,32,1.14286,158,24,2048.22,1987.36,1626,1623
1,5,15,RSA-SHA3-384_signed-by_ECDSA-SHA3-384,RSA-SHA3-384_signed-by_ECDSA-SHA3-384,18.152,1872.15,819.725,1,2,0.142857,215.143,15,2520.02,2463.28,1626,1622
1,8,14,RSA-SHA3-384_signed-by_ECDSA-SHA3-384,RSA-SHA3-384_signed-by_ECDSA-SHA3-384,17.998,1887.72,1052.54,1,11,0.846154,158.308,15,2020.56,2019.14,1626,1621
1,7,16,RSA-SHA3-384_signed-by_ECDSA-SHA3-384,RSA-SHA3-384_signed-by_ECDSA-SHA3-384,14.438,2354.29,917.556,1,0,0,118.727,16,2037.04,2003.35,1626,1623
1,1,14,RSA-SHA3-384_signed-by_ECDSA-SHA3-384,RSA-SHA3-384_signed-by_ECDSA-SHA3-384,12.7,2675.26,1043.14,0.818182,0,0,127.091,24,2058.45,1991.46,1626,1621
1,3,3,RSA-SHA3-384_signed-by_ECDSA-SHA3-384,RSA-SHA3-384_signed-by_ECDSA-SHA3-384,12.14,2799.99,1263.92,0.642857,3,0.214286,170.857,24,2028.16,1992.71,1626,1623
1,2,15,RSA-SHA3-384_signed-by_ECDSA-SHA3-384,RSA-SHA3-384_signed-by_ECDSA-SHA3-384,15.569,2182.75,1139.68,0.642857,7,0.5,169.429,24,2489.82,2473.78,1626,1622
1,6,14,RSA-SHA3-384_signed-by_ECDSA-SHA3-384,RSA-SHA3-384_signed-by_ECDSA-SHA3-384,17.043,1993.96,1669.14,0.714286,25,1.19048,129.429,8,2034.96,2032.87,1626,1622
1,5,16,RSA-SHA3-384_signed-by_ECDSA-SHA3-384,RSA-SHA3-384_signed-by_ECDSA-SHA3-384,11.929,2848.81,1089.09,0.3,0,0,183.6,15,2051.16,2009.53,1626,1622
1,8,15,RSA-SHA3-384_signed-by_ECDSA-SHA3-384,RSA-SHA3-384_signed-by_ECDSA-SHA3-384,14.49,2344.72,896.594,1,0,0,132.4,15,2493.13,2455.45,1626,1621
1,7,17,RSA-SHA3-384_signed-by_ECDSA-SHA3-384,RSA-SHA3-384_signed-by_ECDSA-SHA3-384,12.509,2717.36,1059.06,0.727273,0,0,118.727,16,2025.35,2014.75,1626,1623
1,1,15,RSA-SHA3-384_signed-by_ECDSA-SHA3-384,RSA-SHA3-384_signed-by_ECDSA-SHA3-384,11.862,2864.23,1095.25,0.8,0,0,136,24,2507.79,2472.46,1626,1621
1,3,4,RSA-SHA3-384_signed-by_ECDSA-SHA3-384,RSA-SHA3-384_signed-by_ECDSA-SHA3-384,12.755,2664.94,1018.56,0.8,0,0,126.8,24,2063.06,2022.35,1626,1623
1,2,16,RSA-SHA3-384_signed-by_ECDSA-SHA3-384,RSA-SHA3-384_signed-by_ECDSA-SHA3-384,12.2,2785.52,1454.4,1,7,0.5,153.143,24,2024.25,1997.93,1626,1622
1,6,15,RSA-SHA3-384_signed-by_ECDSA-SHA3-384,RSA-SHA3-384_signed-by_ECDSA-SHA3-384,14.77,2300.82,914.262,1,0,0,112,8,2496.24,2496.64,1626,1622
1,8,16,RSA-SHA3-384_signed-by_ECDSA-SHA3-384,RSA-SHA3-384_signed-by_ECDSA-SHA3-384,12.608,2694.73,1071.04,1,0,0,112,15,2017.88,2004.85,1626,1621
1,5,17,RSA-SHA3-384_signed-by_ECDSA-SHA3-384,RSA-SHA3-384_signed-by_ECDSA-SHA3-384,17.208,1974.81,1100.84,1,11,0.846154,217.692,15,2042.23,1998.49,1626,1622
1,1,16,RSA-SHA3-384_signed-by_ECDSA-SHA3-384,RSA-SHA3-384_signed-by_ECDSA-SHA3-384,11.314,3002.96,1148.3,1,0,0,136,24,2043.66,1983.53,1626,1621
1,7,18,RSA-SHA3-384_signed-by_ECDSA-SHA3-384,RSA-SHA3-384_signed-by_ECDSA-SHA3-384,14.587,2330.23,1216.39,1,7,0.5,118.571,16,2033.22,1984.73,1626,1623
1,3,5,RSA-SHA3-384_signed-by_ECDSA-SHA3-384,RSA-SHA3-384_signed-by_ECDSA-SHA3-384,13.889,2447.34,1961.79,1,29,1.45,158.8,24,2037.41,1998.15,1626,1623
1,6,16,RSA-SHA3-384_signed-by_ECDSA-SHA3-384,RSA-SHA3-384_signed-by_ECDSA-SHA3-384,12.247,2774.82,1060.81,0.3,0,0,126.8,8,2034.74,2049.65,1626,1622
1,2,17,RSA-SHA3-384_signed-by_ECDSA-SHA3-384,RSA-SHA3-384_signed-by_ECDSA-SHA3-384,16.597,2047.52,1141.37,1,11,0.846154,174.308,24,2020.1,2004.82,1626,1622
1,8,17,RSA-SHA3-384_signed-by_ECDSA-SHA3-384,RSA-SHA3-384_signed-by_ECDSA-SHA3-384,12.152,2795.88,1090.18,0.545455,0,0,118.727,15,2080.96,2008.68,1626,1621
1,5,18,RSA-SHA3-384_signed-by_ECDSA-SHA3-384,RSA-SHA3-384_signed-by_ECDSA-SHA3-384,11.407,2979.2,1345.13,0.428571,7,0.5,155.714,15,2037.88,2013.14,1626,1622
1,1,17,RSA-SHA3-384_signed-by_ECDSA-SHA3-384,RSA-SHA3-384_signed-by_ECDSA-SHA3-384,13.495,2517.63,962.71,0.6,0,0,136,24,2079.16,2091.85,1626,1621
1,7,19,RSA-SHA3-384_signed-by_ECDSA-SHA3-384,RSA-SHA3-384_signed-by_ECDSA-SHA3-384,13.661,2488.21,951.012,0.3,0,0,126.8,16,2028.36,2058.26,1626,1623
1,3,6,RSA-SHA3-384_signed-by_ECDSA-SHA3-384,RSA-SHA3-384_signed-by_ECDSA-SHA3-384,12.903,2634.4,1026.73,0.545455,0,0,118.727,24,2044.99,2033.22,1626,1623
1,2,18,RSA-SHA3-384_signed-by_ECDSA-SHA3-384,RSA-SHA3-384_signed-by_ECDSA-SHA3-384,10.942,3105.83,1402.3,0.428571,7,0.5,128.286,24,2148.9,1990.25,1626,1622
1,6,17,RSA-SHA3-384_signed-by_ECDSA-SHA3-384,RSA-SHA3-384_signed-by_ECDSA-SHA3-384,12.628,2691.14,1028.81,0.6,0,0,126.8,8,2031.79,2027.34,1626,1622
1,5,19,RSA-SHA3-384_signed-by_ECDSA-SHA3-384,RSA-SHA3-384_signed-by_ECDSA-SHA3-384,11.244,3022.4,1155.46,0.9,0,0,183.6,15,2036.8,2050.07,1626,1622
1,8,18,RSA-SHA3-384_signed-by_ECDSA-SHA3-384,RSA-SHA3-384_signed-by_ECDSA-SHA3-384,13.219,2570.2,1160.73,0.642857,7,0.5,110,15,2024.96,2015.6,1626,1621
1,1,18,RSA-SHA3-384_signed-by_ECDSA-SHA3-384,RSA-SHA3-384_signed-by_ECDSA-SHA3-384,13.852,2452.73,937.895,0.9,0,0,136,24,2048.32,2021.29,1626,1621
1,7,20,RSA-SHA3-384_signed-by_ECDSA-SHA3-384,RSA-SHA3-384_signed-by_ECDSA-SHA3-384,13.743,2473.35,1291.1,0.857143,7,0.5,118.571,16,2024.66,2029.2,1626,1623
1,3,7,RSA-SHA3-384_signed-by_ECDSA-SHA3-384,RSA-SHA3-384_signed-by_ECDSA-SHA3-384,13.288,2558.05,996.971,0.818182,0,0,118.727,24,2040.68,2127.3,1626,1623
1,2,19,RSA-SHA3-384_signed-by_ECDSA-SHA3-384,RSA-SHA3-384_signed-by_ECDSA-SHA3-384,12.994,2615.32,1014.61,0.909091,5,0.454545,138.727,24,2026.82,1999.38,1626,1622
1,6,18,RSA-SHA3-384_signed-by_ECDSA-SHA3-384,RSA-SHA3-384_signed-by_ECDSA-SHA3-384,12.719,2671.87,1530.91,1,3,0.230769,122.308,8,2079.15,2011.43,1626,1622
1,5,20,RSA-SHA3-384_signed-by_ECDSA-SHA3-384,RSA-SHA3-384_signed-by_ECDSA-SHA3-384,10.935,3107.56,1188.01,1,0,0,183.6,15,2050.98,2005.23,1626,1622
1,8,19,RSA-SHA3-384_signed-by_ECDSA-SHA3-384,RSA-SHA3-384_signed-by_ECDSA-SHA3-384,11.926,2848.9,1089.38,1,0,0,126.8,15,2030.78,2112.02,1626,1621
1,7,21,RSA-SHA3-384_signed-by_ECDSA-SHA3-384,RSA-SHA3-384_signed-by_ECDSA-SHA3-384,11.463,2965.14,1547.82,0.714286,7,0.5,118.571,16,2023.26,2107.85,1626,1623
1,1,19,RSA-SHA3-384_signed-by_ECDSA-SHA3-384,RSA-SHA3-384_signed-by_ECDSA-SHA3-384,16.432,2067.62,1079.81,1,7,0.5,126.857,24,2042.08,2026.27,1626,1621
1,5,21,RSA-SHA3-384_signed-by_ECDSA-SHA3-384,RSA-SHA3-384_signed-by_ECDSA-SHA3-384,11.639,2919.82,1138.23,1,0,0,150.727,15,2033.01,2002.99,1626,1622
1,3,8,RSA-SHA3-384_signed-by_ECDSA-SHA3-384,RSA-SHA3-384_signed-by_ECDSA-SHA3-384,15.487,2194.82,1314.1,1,14,0.736842,103.684,24,2128.61,2004.93,1626,1623
1,6,19,RSA-SHA3-384_signed-by_ECDSA-SHA3-384,RSA-SHA3-384_signed-by_ECDSA-SHA3-384,13.763,2469.2,943.968,1,0,0,126.8,8,2032.87,1996.42,1626,1622
1,8,20,RSA-SHA3-384_signed-by_ECDSA-SHA3-384,RSA-SHA3-384_signed-by_ECDSA-SHA3-384,13.008,2611.89,1199.24,1,7,0.466667,105.2,15,2004.81,2004.03,1626,1621
1,2,20,RSA-SHA3-384_signed-by_ECDSA-SHA3-384,RSA-SHA3-384_signed-by_ECDSA-SHA3-384,17.582,1932.83,872.684,1,7,0.5,204,24,2041.34,2011.14,1626,1622
1,7,22,RSA-SHA3-384_signed-by_ECDSA-SHA3-384,RSA-SHA3-384_signed-by_ECDSA-SHA3-384,13.709,2479.47,947.672,1,0,0,126.8,16,2039.44,2002.17,1626,1623
1,5,22,RSA-SHA3-384_signed-by_ECDSA-SHA3-384,RSA-SHA3-384_signed-by_ECDSA-SHA3-384,11.729,2897.4,1155.41,1,5,0.384615,149.692,15,2026.84,1992.3,1626,1622
1,3,9,RSA-SHA3-384_signed-by_ECDSA-SHA3-384,RSA-SHA3-384_signed-by_ECDSA-SHA3-384,11.657,2915.97,1114.51,1,4,0.4,130.4,24,2018.89,2020,1626,1623
1,8,21,RSA-SHA3-384_signed-by_ECDSA-SHA3-384,RSA-SHA3-384_signed-by_ECDSA-SHA3-384,10.578,3211.65,1252.29,0.727273,0,0,118.727,15,2056.48,1994.8,1626,1621
1,1,20,RSA-SHA3-384_signed-by_ECDSA-SHA3-384,RSA-SHA3-384_signed-by_ECDSA-SHA3-384,15.599,2178.03,1595.95,1,22,1.375,191.75,24,2037.19,1999.39,1626,1621
1,6,20,RSA-SHA3-384_signed-by_ECDSA-SHA3-384,RSA-SHA3-384_signed-by_ECDSA-SHA3-384,13.738,2473.67,1378.92,1,11,0.846154,146.923,8,2047.09,2018.54,1626,1622
1,7,23,RSA-SHA3-384_signed-by_ECDSA-SHA3-384,RSA-SHA3-384_signed-by_ECDSA-SHA3-384,8.846,3842.3,1468.56,0.3,0,0,126.8,16,2037.15,2012.24,1626,1623
1,5,23,RSA-SHA3-384_signed-by_ECDSA-SHA3-384,RSA-SHA3-384_signed-by_ECDSA-SHA3-384,9.934,3420.69,1563.79,0.533333,10,0.666667,241.733,15,2041.65,2029.23,1626,1622
1,3,10,RSA-SHA3-384_signed-by_ECDSA-SHA3-384,RSA-SHA3-384_signed-by_ECDSA-SHA3-384,12.336,2755.5,1243.83,0.571429,3,0.214286,240.857,24,2039.22,2022.93,1626,1623
1,8,22,RSA-SHA3-384_signed-by_ECDSA-SHA3-384,RSA-SHA3-384_signed-by_ECDSA-SHA3-384,12.299,2762.5,1056.34,1,0,0,126.8,15,2041.47,1993.98,1626,1621
1,1,21,RSA-SHA3-384_signed-by_ECDSA-SHA3-384,RSA-SHA3-384_signed-by_ECDSA-SHA3-384,12.392,2741.75,1253.7,1,8,0.533333,112.133,24,2047.69,1979.9,1626,1621
1,6,21,RSA-SHA3-384_signed-by_ECDSA-SHA3-384,RSA-SHA3-384_signed-by_ECDSA-SHA3-384,14.152,2401.3,944.015,1,0,0,111.667,8,2040.69,2035.36,1626,1622
1,2,21,RSA-SHA3-384_signed-by_ECDSA-SHA3-384,RSA-SHA3-384_signed-by_ECDSA-SHA3-384,26.863,1265.06,592.625,1,12,0.705882,210,24,2036.46,1989.48,1626,1622
1,7,24,RSA-SHA3-384_signed-by_ECDSA-SHA3-384,RSA-SHA3-384_signed-by_ECDSA-SHA3-384,13.825,2458.68,1384.13,1,16,1.14286,139.143,16,2037.64,2040.35,1626,1623
1,5,24,RSA-SHA3-384_signed-by_ECDSA-SHA3-384,RSA-SHA3-384_signed-by_ECDSA-SHA3-384,15.659,2170.17,967.587,1,0,0,273.077,15,2035.99,1992.99,1626,1622
1,8,23,RSA-SHA3-384_signed-by_ECDSA-SHA3-384,RSA-SHA3-384_signed-by_ECDSA-SHA3-384,11.619,2924.11,1118.14,1,0,0,126.8,15,2037.1,1998.46,1626,1621
1,3,11,RSA-SHA3-384_signed-by_ECDSA-SHA3-384,RSA-SHA3-384_signed-by_ECDSA-SHA3-384,17.844,1904.87,1370.94,1,18,0.9,120.8,24,2074.84,1996.3,1626,1623
1,1,22,RSA-SHA3-384_signed-by_ECDSA-SHA3-384,RSA-SHA3-384_signed-by_ECDSA-SHA3-384,17.037,1994.16,777.568,1,0,0,127.091,24,2047.96,2003.72,1626,1621
1,2,22,RSA-SHA3-384_signed-by_ECDSA-SHA3-384,RSA-SHA3-384_signed-by_ECDSA-SHA3-384,13.191,2576.25,1148.64,0.846154,0,0,214.923,24,2039.16,2001.92,1626,1622
1,6,22,RSA-SHA3-384_signed-by_ECDSA-SHA3-384,RSA-SHA3-384_signed-by_ECDSA-SHA3-384,15.973,2127.52,1844.05,1,14,0.736842,117.579,8,2150.36,1998.5,1626,1622
1,7,25,RSA-SHA3-384_signed-by_ECDSA-SHA3-384,RSA-SHA3-384_signed-by_ECDSA-SHA3-384,15.125,2247.33,1014.45,0.785714,7,0.5,170.857,16,2043.79,1989.59,1626,1623
1,8,24,RSA-SHA3-384_signed-by_ECDSA-SHA3-384,RSA-SHA3-384_signed-by_ECDSA-SHA3-384,11.865,2863.54,1116.56,0.545455,0,0,118.727,15,2063.36,2000.76,1626,1621
1,5,25,RSA-SHA3-384_signed-by_ECDSA-SHA3-384,RSA-SHA3-384_signed-by_ECDSA-SHA3-384,13.73,2475.13,1393.72,0.785714,18,1.28571,195.429,15,2038.34,2014.08,1626,1622
1,3,12,RSA-SHA3-384_signed-by_ECDSA-SHA3-384,RSA-SHA3-384_signed-by_ECDSA-SHA3-384,11.127,3054.89,1167.6,0.6,0,0,126.8,24,2038.24,2004.31,1626,1623
1,2,23,RSA-SHA3-384_signed-by_ECDSA-SHA3-384,RSA-SHA3-384_signed-by_ECDSA-SHA3-384,10.752,3160.42,1208.22,1,0,0,136.8,24,2041.99,2005.43,1626,1622
1,1,23,RSA-SHA3-384_signed-by_ECDSA-SHA3-384,RSA-SHA3-384_signed-by_ECDSA-SHA3-384,12.842,2645.65,1031.6,1,4,0.363636,127.091,24,2042.85,2002.02,1626,1621
1,6,23,RSA-SHA3-384_signed-by_ECDSA-SHA3-384,RSA-SHA3-384_signed-by_ECDSA-SHA3-384,13.329,2549.57,1013.11,0.916667,0,0,112,8,2022.4,2026.86,1626,1622
1,7,26,RSA-SHA3-384_signed-by_ECDSA-SHA3-384,RSA-SHA3-384_signed-by_ECDSA-SHA3-384,12.657,2685.59,1212.28,0.785714,3,0.214286,170.857,16,2037.64,2022.07,1626,1623
1,8,25,RSA-SHA3-384_signed-by_ECDSA-SHA3-384,RSA-SHA3-384_signed-by_ECDSA-SHA3-384,11.485,2958.26,1131.2,1,0,0,126.8,15,2052.16,2004.63,1626,1621
1,5,26,RSA-SHA3-384_signed-by_ECDSA-SHA3-384,RSA-SHA3-384_signed-by_ECDSA-SHA3-384,12.333,2755.48,1609.96,1,14,0.666667,165.238,15,2153.48,2001.15,1626,1622
1,3,13,RSA-SHA3-384_signed-by_ECDSA-SHA3-384,RSA-SHA3-384_signed-by_ECDSA-SHA3-384,13.86,2452.48,1366.79,1,11,0.846154,146.923,24,2037.4,2032.4,1626,1623
1,2,24,RSA-SHA3-384_signed-by_ECDSA-SHA3-384,RSA-SHA3-384_signed-by_ECDSA-SHA3-384,12.985,2617.13,1000.52,1,0,0,136.8,24,2042.97,1995.49,1626,1622
1,1,24,RSA-SHA3-384_signed-by_ECDSA-SHA3-384,RSA-SHA3-384_signed-by_ECDSA-SHA3-384,12.719,2671.24,1255.43,1,7,0.411765,161.529,24,2043.48,1997.13,1626,1621
1,6,24,RSA-SHA3-384_signed-by_ECDSA-SHA3-384,RSA-SHA3-384_signed-by_ECDSA-SHA3-384,12.077,2813.92,1075.76,1,0,0,126.8,8,2022.87,1996.45,1626,1622
1,7,27,RSA-SHA3-384_signed-by_ECDSA-SHA3-384,RSA-SHA3-384_signed-by_ECDSA-SHA3-384,11.963,2841.4,1086,1,0,0,126.8,16,2041.6,1996.65,1626,1623
1,5,27,RSA-SHA3-384_signed-by_ECDSA-SHA3-384,RSA-SHA3-384_signed-by_ECDSA-SHA3-384,9.365,3628.52,1387.17,1,0,0,148.8,15,2055.55,1999.49,1626,1622
1,3,14,RSA-SHA3-384_signed-by_ECDSA-SHA3-384,RSA-SHA3-384_signed-by_ECDSA-SHA3-384,8.602,3951.24,1510.19,1,0,0,126.8,24,2029.48,2011.48,1626,1623
1,2,25,RSA-SHA3-384_signed-by_ECDSA-SHA3-384,RSA-SHA3-384_signed-by_ECDSA-SHA3-384,8.332,4078.31,1864.42,0.866667,8,0.533333,112.667,24,2013.85,1993.28,1626,1622
1,7,28,RSA-SHA3-384_signed-by_ECDSA-SHA3-384,RSA-SHA3-384_signed-by_ECDSA-SHA3-384,7.621,4459.79,1704.56,1,0,0,126.8,16,2022.46,2022.46,1626,1623
1,6,25,RSA-SHA3-384_signed-by_ECDSA-SHA3-384,RSA-SHA3-384_signed-by_ECDSA-SHA3-384,10.803,3145.74,1642.48,0.928571,7,0.5,118.571,8,2043.86,2003.87,1626,1622
1,5,28,RSA-SHA3-384_signed-by_ECDSA-SHA3-384,RSA-SHA3-384_signed-by_ECDSA-SHA3-384,10.294,3301.29,2221.07,0.416667,2,0.166667,181,15,2030.1,2037.95,1626,1622
1,2,26,RSA-SHA3-384_signed-by_ECDSA-SHA3-384,RSA-SHA3-384_signed-by_ECDSA-SHA3-384,10.422,3260.76,1246.58,0,0,0,136.8,24,2016.28,2010.85,1626,1622
1,3,15,RSA-SHA3-384_signed-by_ECDSA-SHA3-384,RSA-SHA3-384_signed-by_ECDSA-SHA3-384,12.114,2805.96,1072.46,0,0,0,126.8,24,2494.54,2462.45,1626,1623
1,1,25,RSA-SHA3-384_signed-by_ECDSA-SHA3-384,RSA-SHA3-384_signed-by_ECDSA-SHA3-384,19.474,1744.6,1214.28,0.619048,21,1,227.714,24,2021.51,2001.03,1626,1621
1,7,29,RSA-SHA3-384_signed-by_ECDSA-SHA3-384,RSA-SHA3-384_signed-by_ECDSA-SHA3-384,11.867,2864.39,1094.79,0,0,0,126.8,16,2050.31,2000.3,1626,1623
1,6,26,RSA-SHA3-384_signed-by_ECDSA-SHA3-384,RSA-SHA3-384_signed-by_ECDSA-SHA3-384,10.939,3106.4,1187.57,0,0,0,126.8,8,2036.68,2012.96,1626,1622
1,8,26,RSA-SHA3-384_signed-by_ECDSA-SHA3-384,RSA-SHA3-384_signed-by_ECDSA-SHA3-384,32.24,1053.84,605.457,1,14,0.875,130,15,2062.8,2012.52,1626,1621
1,5,29,RSA-SHA3-384_signed-by_ECDSA-SHA3-384,RSA-SHA3-384_signed-by_ECDSA-SHA3-384,15.104,2249.96,877.103,0.272727,0,0,138.727,15,2349.31,1995.06,1626,1622
1,2,27,RSA-SHA3-384_signed-by_ECDSA-SHA3-384,RSA-SHA3-384_signed-by_ECDSA-SHA3-384,13.725,2476.06,1292.82,0.428571,7,0.5,127.429,24,2030.81,2013.14,1626,1622
1,3,16,RSA-SHA3-384_signed-by_ECDSA-SHA3-384,RSA-SHA3-384_signed-by_ECDSA-SHA3-384,13.565,2505.85,1131.14,1,7,0.5,110,24,2045.82,2009.51,1626,1623
1,1,26,RSA-SHA3-384_signed-by_ECDSA-SHA3-384,RSA-SHA3-384_signed-by_ECDSA-SHA3-384,13.856,2452.06,937.637,1,0,0,148,24,2040.13,2012.19,1626,1621
1,6,27,RSA-SHA3-384_signed-by_ECDSA-SHA3-384,RSA-SHA3-384_signed-by_ECDSA-SHA3-384,11.569,2937.25,1326.19,1,7,0.5,110,9,2020.01,2004.96,1626,1622
1,7,30,RSA-SHA3-384_signed-by_ECDSA-SHA3-384,RSA-SHA3-384_signed-by_ECDSA-SHA3-384,13.02,2610.74,997.845,1,0,0,126.8,16,2036.8,2002.9,1626,1623
1,8,27,RSA-SHA3-384_signed-by_ECDSA-SHA3-384,RSA-SHA3-384_signed-by_ECDSA-SHA3-384,16.561,2051.51,784.472,1,0,0,126.8,15,2022.1,2017.93,1626,1621
1,5,30,RSA-SHA3-384_signed-by_ECDSA-SHA3-384,RSA-SHA3-384_signed-by_ECDSA-SHA3-384,14.482,2346.56,932.439,1,0,0,130.333,15,2038.87,2037.12,1626,1622
1,3,17,RSA-SHA3-384_signed-by_ECDSA-SHA3-384,RSA-SHA3-384_signed-by_ECDSA-SHA3-384,11.903,2855.69,1591.5,1,11,0.846154,178.923,24,2294.95,1992.53,1626,1623
1,6,28,RSA-SHA3-384_signed-by_ECDSA-SHA3-384,RSA-SHA3-384_signed-by_ECDSA-SHA3-384,10.649,3191.28,1220.02,0.9,0,0,126.8,9,2032.56,1998.5,1626,1622
1,1,27,RSA-SHA3-384_signed-by_ECDSA-SHA3-384,RSA-SHA3-384_signed-by_ECDSA-SHA3-384,12.483,2721.72,1721.34,0.833333,19,1.05556,140.889,24,2038.53,1994.93,1626,1621
1,7,31,RSA-SHA3-384_signed-by_ECDSA-SHA3-384,RSA-SHA3-384_signed-by_ECDSA-SHA3-384,16.915,2009.51,783.186,0.909091,0,0,118.727,16,2498.87,2447.07,1626,1623
1,2,28,RSA-SHA3-384_signed-by_ECDSA-SHA3-384,RSA-SHA3-384_signed-by_ECDSA-SHA3-384,23.617,1438.95,818.385,1,13,0.866667,148.133,24,2114.55,2023.21,1626,1622
1,8,28,RSA-SHA3-384_signed-by_ECDSA-SHA3-384,RSA-SHA3-384_signed-by_ECDSA-SHA3-384,15.194,2236.09,1009.85,0.928571,7,0.5,110,15,2038.65,2009.83,1626,1621
1,5,31,RSA-SHA3-384_signed-by_ECDSA-SHA3-384,RSA-SHA3-384_signed-by_ECDSA-SHA3-384,14.622,2324.14,1299.94,1,2,0.153846,141.692,15,2515.52,2452.3,1626,1622
1,6,29,RSA-SHA3-384_signed-by_ECDSA-SHA3-384,RSA-SHA3-384_signed-by_ECDSA-SHA3-384,12.988,2616.55,1000.3,0.7,0,0,126.8,9,2072.2,2028.19,1626,1622
1,3,18,RSA-SHA3-384_signed-by_ECDSA-SHA3-384,RSA-SHA3-384_signed-by_ECDSA-SHA3-384,14.46,2350.73,1336.64,0.8,19,1.26667,132.4,24,2036.1,2019.96,1626,1623
1,1,28,RSA-SHA3-384_signed-by_ECDSA-SHA3-384,RSA-SHA3-384_signed-by_ECDSA-SHA3-384,15.117,2247.5,876.351,0.545455,0,0,138,24,2062.09,2002.8,1626,1621
1,2,29,RSA-SHA3-384_signed-by_ECDSA-SHA3-384,RSA-SHA3-384_signed-by_ECDSA-SHA3-384,10.443,3253.94,1243.97,0.3,0,0,136.8,24,2024.39,2014.47,1626,1622
1,7,32,RSA-SHA3-384_signed-by_ECDSA-SHA3-384,RSA-SHA3-384_signed-by_ECDSA-SHA3-384,14.645,2321,887.105,0.6,0,0,126.8,16,2095.57,2043.81,1626,1623
1,8,29,RSA-SHA3-384_signed-by_ECDSA-SHA3-384,RSA-SHA3-384_signed-by_ECDSA-SHA3-384,12.348,2751.49,1052.14,0.3,0,0,126.8,15,2024.12,1994.94,1626,1621
1,6,30,RSA-SHA3-384_signed-by_ECDSA-SHA3-384,RSA-SHA3-384_signed-by_ECDSA-SHA3-384,10.815,3142.27,1201.28,0,0,0,126.8,9,2022.56,2012.23,1626,1622
1,5,32,RSA-SHA3-384_signed-by_ECDSA-SHA3-384,RSA-SHA3-384_signed-by_ECDSA-SHA3-384,12.012,2829.13,1081.57,0.5,0,0,148.8,15,2044.06,2018.7,1626,1622
1,3,19,RSA-SHA3-384_signed-by_ECDSA-SHA3-384,RSA-SHA3-384_signed-by_ECDSA-SHA3-384,12.096,2810.14,1252.63,0.846154,0,0,181.077,24,2031.8,1993.67,1626,1623
1,1,29,RSA-SHA3-384_signed-by_ECDSA-SHA3-384,RSA-SHA3-384_signed-by_ECDSA-SHA3-384,10.511,3232.4,1236.03,1,0,0,148,24,2046.93,2000.91,1626,1621
1,7,33,RSA-SHA3-384_signed-by_ECDSA-SHA3-384,RSA-SHA3-384_signed-by_ECDSA-SHA3-384,8.509,3994.4,1641.38,1,5,0.416667,113.333,16,2043.08,1989.17,1626,1623
1,2,30,RSA-SHA3-384_signed-by_ECDSA-SHA3-384,RSA-SHA3-384_signed-by_ECDSA-SHA3-384,10.979,3095.32,1183.33,1,0,0,130.4,24,2071.78,2017.86,1626,1622
1,3,20,RSA-SHA3-384_signed-by_ECDSA-SHA3-384,RSA-SHA3-384_signed-by_ECDSA-SHA3-384,12.908,2633.3,1374.6,1,7,0.5,118.571,24,2034.29,2006.37,1626,1623
1,5,33,RSA-SHA3-384_signed-by_ECDSA-SHA3-384,RSA-SHA3-384_signed-by_ECDSA-SHA3-384,15.159,2241.73,1876.55,1,25,1.19048,154.381,15,2040.72,2006.34,1626,1622
1,8,30,RSA-SHA3-384_signed-by_ECDSA-SHA3-384,RSA-SHA3-384_signed-by_ECDSA-SHA3-384,17.673,1922.38,1355.22,1,18,1,130,15,2040.25,2002.77,1626,1621
1,1,30,RSA-SHA3-384_signed-by_ECDSA-SHA3-384,RSA-SHA3-384_signed-by_ECDSA-SHA3-384,15.072,2254.13,891.675,1,7,0.583333,129.667,24,2066.74,2016.36,1626,1621
1,6,31,RSA-SHA3-384_signed-by_ECDSA-SHA3-384,RSA-SHA3-384_signed-by_ECDSA-SHA3-384,18.588,1828.18,1019.1,1,11,0.846154,146.923,9,2502.48,2470.71,1626,1622
1,2,31,RSA-SHA3-384_signed-by_ECDSA-SHA3-384,RSA-SHA3-384_signed-by_ECDSA-SHA3-384,14.89,2282.25,872.498,1,0,0,133.2,24,2500.29,2492.93,1626,1622
1,7,34,RSA-SHA3-384_signed-by_ECDSA-SHA3-384,RSA-SHA3-384_signed-by_ECDSA-SHA3-384,19.729,1722.93,1613.04,1,37,1.37037,223.926,16,2023.2,2015.1,1626,1623
1,8,31,RSA-SHA3-384_signed-by_ECDSA-SHA3-384,RSA-SHA3-384_signed-by_ECDSA-SHA3-384,11.465,2963.41,1133.17,0.9,0,0,126.8,15,2504.1,2473.3,1626,1621
1,3,21,RSA-SHA3-384_signed-by_ECDSA-SHA3-384,RSA-SHA3-384_signed-by_ECDSA-SHA3-384,13.319,2552.06,1779.05,1,18,1.05882,135.412,24,2042.08,1986.97,1626,1623
1,5,34,RSA-SHA3-384_signed-by_ECDSA-SHA3-384,RSA-SHA3-384_signed-by_ECDSA-SHA3-384,13.33,2549.36,1331.09,0.642857,7,0.5,141.143,15,2039.02,2029.66,1626,1622
1,1,31,RSA-SHA3-384_signed-by_ECDSA-SHA3-384,RSA-SHA3-384_signed-by_ECDSA-SHA3-384,12.565,2703.96,1226.24,1,0,0,204,24,2521.08,2464.26,1626,1621
1,6,32,RSA-SHA3-384_signed-by_ECDSA-SHA3-384,RSA-SHA3-384_signed-by_ECDSA-SHA3-384,12.647,2687.04,1482.68,1,2,0.166667,128,9,2049.83,2008.65,1626,1622
1,7,35,RSA-SHA3-384_signed-by_ECDSA-SHA3-384,RSA-SHA3-384_signed-by_ECDSA-SHA3-384,9.055,3753.58,1434.65,1,0,0,126.8,16,2047.97,1991.81,1626,1623
1,2,32,RSA-SHA3-384_signed-by_ECDSA-SHA3-384,RSA-SHA3-384_signed-by_ECDSA-SHA3-384,13.338,2547.81,1686.55,1,14,0.777778,115.333,24,2020.83,2019.71,1626,1622
1,5,35,RSA-SHA3-384_signed-by_ECDSA-SHA3-384,RSA-SHA3-384_signed-by_ECDSA-SHA3-384,8.233,4127.35,1886.85,1,8,0.533333,122.267,15,2041.84,2002.24,1626,1622
1,1,32,RSA-SHA3-384_signed-by_ECDSA-SHA3-384,RSA-SHA3-384_signed-by_ECDSA-SHA3-384,11.908,2853.12,1128.62,1,5,0.416667,129.667,24,2060.62,1990.04,1626,1621
1,6,33,RSA-SHA3-384_signed-by_ECDSA-SHA3-384,RSA-SHA3-384_signed-by_ECDSA-SHA3-384,12.174,2791.44,1540.29,1,2,0.166667,128,9,2031.26,2006.74,1626,1622
1,3,22,RSA-SHA3-384_signed-by_ECDSA-SHA3-384,RSA-SHA3-384_signed-by_ECDSA-SHA3-384,15.893,2138.71,1191.92,1,11,0.846154,146.923,24,2044.84,1994.36,1626,1623
1,8,32,RSA-SHA3-384_signed-by_ECDSA-SHA3-384,RSA-SHA3-384_signed-by_ECDSA-SHA3-384,16.989,1999.79,1603.79,1,21,0.954545,113.273,15,2036.91,2029.02,1626,1621
1,5,36,RSA-SHA3-384_signed-by_ECDSA-SHA3-384,RSA-SHA3-384_signed-by_ECDSA-SHA3-384,15.321,2218.03,864.654,1,0,0,138.727,15,2042.18,2007.12,1626,1622
1,2,33,RSA-SHA3-384_signed-by_ECDSA-SHA3-384,RSA-SHA3-384_signed-by_ECDSA-SHA3-384,17.49,1942.95,1423.37,1,22,1.375,163.5,24,2023.4,2012.46,1626,1622
1,7,36,RSA-SHA3-384_signed-by_ECDSA-SHA3-384,RSA-SHA3-384_signed-by_ECDSA-SHA3-384,19.123,1777.54,1239.13,1,18,1.05882,135.412,16,2124.25,2036.76,1626,1623
1,1,33,RSA-SHA3-384_signed-by_ECDSA-SHA3-384,RSA-SHA3-384_signed-by_ECDSA-SHA3-384,13.766,2468.03,1722.45,1,20,0.952381,227.714,24,2043.68,2025.39,1626,1621
1,6,34,RSA-SHA3-384_signed-by_ECDSA-SHA3-384,RSA-SHA3-384_signed-by_ECDSA-SHA3-384,13.424,2531.51,1411.16,1,11,0.846154,146.923,9,2039.87,2030.35,1626,1622
1,8,33,RSA-SHA3-384_signed-by_ECDSA-SHA3-384,RSA-SHA3-384_signed-by_ECDSA-SHA3-384,12.25,2773.48,1562.08,0.642857,12,0.857143,141.714,15,2042.03,2044.07,1626,1621
1,3,23,RSA-SHA3-384_signed-by_ECDSA-SHA3-384,RSA-SHA3-384_signed-by_ECDSA-SHA3-384,16.886,2012.95,1121.83,0.923077,11,0.846154,146.923,24,2056.6,1994.95,1626,1623
1,5,37,RSA-SHA3-384_signed-by_ECDSA-SHA3-384,RSA-SHA3-384_signed-by_ECDSA-SHA3-384,13.758,2470.09,944.308,0.6,0,0,148.8,15,2063.56,2006.24,1626,1622
1,2,34,RSA-SHA3-384_signed-by_ECDSA-SHA3-384,RSA-SHA3-384_signed-by_ECDSA-SHA3-384,14.362,2366.2,904.592,0.6,0,0,126.8,24,2059.21,2008.7,1626,1622
1,6,35,RSA-SHA3-384_signed-by_ECDSA-SHA3-384,RSA-SHA3-384_signed-by_ECDSA-SHA3-384,11.316,3003.18,1148.11,1,0,0,126.8,9,2028.57,2004.85,1626,1622
1,8,34,RSA-SHA3-384_signed-by_ECDSA-SHA3-384,RSA-SHA3-384_signed-by_ECDSA-SHA3-384,12.015,2827.79,1102.62,1,0,0,118.727,15,2029.98,2008.1,1626,1621
1,7,37,RSA-SHA3-384_signed-by_ECDSA-SHA3-384,RSA-SHA3-384_signed-by_ECDSA-SHA3-384,16.573,2051,1368.94,1,21,1.10526,111.263,16,2026.94,1992.32,1626,1623
1,1,34,RSA-SHA3-384_signed-by_ECDSA-SHA3-384,RSA-SHA3-384_signed-by_ECDSA-SHA3-384,16.035,2118.83,972.854,1,7,0.466667,121.733,24,2043.98,1993.52,1626,1621
1,3,24,RSA-SHA3-384_signed-by_ECDSA-SHA3-384,RSA-SHA3-384_signed-by_ECDSA-SHA3-384,14.104,2410.03,939.282,1,0,0,122,24,2033.31,2018.31,1626,1623
1,6,36,RSA-SHA3-384_signed-by_ECDSA-SHA3-384,RSA-SHA3-384_signed-by_ECDSA-SHA3-384,11.395,2982.33,1162.6,1,0,0,118.727,9,2033.14,2025.2,1626,1622
1,5,38,RSA-SHA3-384_signed-by_ECDSA-SHA3-384,RSA-SHA3-384_signed-by_ECDSA-SHA3-384,13.77,2467.92,943.481,1,0,0,148.8,15,2032.15,2004.09,1626,1622
1,7,38,RSA-SHA3-384_signed-by_ECDSA-SHA3-384,RSA-SHA3-384_signed-by_ECDSA-SHA3-384,10.63,3197.71,1425.39,0.615385,0,0,181.077,16,2033.03,2009.2,1626,1623
1,2,35,RSA-SHA3-384_signed-by_ECDSA-SHA3-384,RSA-SHA3-384_signed-by_ECDSA-SHA3-384,14.812,2294.29,1278.93,1,11,0.846154,146.923,24,2033.63,1981.34,1626,1622
1,1,35,RSA-SHA3-384_signed-by_ECDSA-SHA3-384,RSA-SHA3-384_signed-by_ECDSA-SHA3-384,11.482,2959.02,1336.33,0.571429,7,0.5,127.714,24,2051.12,2007.75,1626,1621
1,8,35,RSA-SHA3-384_signed-by_ECDSA-SHA3-384,RSA-SHA3-384_signed-by_ECDSA-SHA3-384,15.945,2130.75,1204.1,0.928571,11,0.785714,139.143,15,2090.14,1994.58,1626,1621
1,3,25,RSA-SHA3-384_signed-by_ECDSA-SHA3-384,RSA-SHA3-384_signed-by_ECDSA-SHA3-384,14.848,2289.26,1275.82,0.615385,11,0.846154,146.923,24,2017.44,2031.65,1626,1623
1,6,37,RSA-SHA3-384_signed-by_ECDSA-SHA3-384,RSA-SHA3-384_signed-by_ECDSA-SHA3-384,11.397,2981.82,1139.94,0.3,0,0,126.8,9,2031.33,2017.23,1626,1622
1,5,39,RSA-SHA3-384_signed-by_ECDSA-SHA3-384,RSA-SHA3-384_signed-by_ECDSA-SHA3-384,11.467,2963.62,1132.98,1,0,0,148.8,15,2036.08,1997.14,1626,1622
1,7,39,RSA-SHA3-384_signed-by_ECDSA-SHA3-384,RSA-SHA3-384_signed-by_ECDSA-SHA3-384,11.251,3021.24,1154.74,1,0,0,126.8,16,2050.53,1990.96,1626,1623
1,2,36,RSA-SHA3-384_signed-by_ECDSA-SHA3-384,RSA-SHA3-384_signed-by_ECDSA-SHA3-384,10.57,3214.86,1469.69,0.866667,8,0.533333,105.2,24,2039.46,1996.49,1626,1622
1,1,36,RSA-SHA3-384_signed-by_ECDSA-SHA3-384,RSA-SHA3-384_signed-by_ECDSA-SHA3-384,14.201,2392.44,932.868,1,0,0,134.727,24,2030.33,2006.51,1626,1621
1,8,36,RSA-SHA3-384_signed-by_ECDSA-SHA3-384,RSA-SHA3-384_signed-by_ECDSA-SHA3-384,14.727,2306.99,1217.86,1,8,0.533333,113.2,15,2018.14,2001.95,1626,1621
1,6,38,RSA-SHA3-384_signed-by_ECDSA-SHA3-384,RSA-SHA3-384_signed-by_ECDSA-SHA3-384,11.074,3068.79,2258.25,1,11,0.611111,113.111,9,2037.75,2023.29,1626,1622
1,3,26,RSA-SHA3-384_signed-by_ECDSA-SHA3-384,RSA-SHA3-384_signed-by_ECDSA-SHA3-384,12.537,2711.29,1415.31,1,7,0.5,137.714,24,2041.99,1994.14,1626,1623
1,7,40,RSA-SHA3-384_signed-by_ECDSA-SHA3-384,RSA-SHA3-384_signed-by_ECDSA-SHA3-384,11.399,2981.97,1139.73,1,0,0,126.8,16,2031.94,2014.15,1626,1623
1,2,37,RSA-SHA3-384_signed-by_ECDSA-SHA3-384,RSA-SHA3-384_signed-by_ECDSA-SHA3-384,16.771,2026.25,1352.74,1,15,0.789474,111.263,24,2047.56,2006.03,1626,1622
1,5,40,RSA-SHA3-384_signed-by_ECDSA-SHA3-384,RSA-SHA3-384_signed-by_ECDSA-SHA3-384,19.773,1718.7,1099.67,1,19,1,139.474,15,2019.51,2026.59,1626,1622
1,8,37,RSA-SHA3-384_signed-by_ECDSA-SHA3-384,RSA-SHA3-384_signed-by_ECDSA-SHA3-384,13.807,2460.7,959.483,1,0,0,118.727,15,2192,1990.07,1626,1621
1,1,37,RSA-SHA3-384_signed-by_ECDSA-SHA3-384,RSA-SHA3-384_signed-by_ECDSA-SHA3-384,16.811,2020.97,1266.73,1,18,1.05882,150.471,24,2051.87,1998.14,1626,1621
1,6,39,RSA-SHA3-384_signed-by_ECDSA-SHA3-384,RSA-SHA3-384_signed-by_ECDSA-SHA3-384,13.156,2583.09,987.508,1,0,0,126.8,9,2030.5,2032.97,1626,1622
1,3,27,RSA-SHA3-384_signed-by_ECDSA-SHA3-384,RSA-SHA3-384_signed-by_ECDSA-SHA3-384,15.817,2149,1213.84,0.785714,11,0.785714,164.571,24,2030.36,2017.56,1626,1623
1,7,41,RSA-SHA3-384_signed-by_ECDSA-SHA3-384,RSA-SHA3-384_signed-by_ECDSA-SHA3-384,15.561,2184.35,834.877,0.6,0,0,126.8,16,2018.28,1999.69,1626,1623
1,5,41,RSA-SHA3-384_signed-by_ECDSA-SHA3-384,RSA-SHA3-384_signed-by_ECDSA-SHA3-384,10.99,3092,1182.06,0.3,0,0,145.2,15,2037.73,2034.83,1626,1622
1,2,38,RSA-SHA3-384_signed-by_ECDSA-SHA3-384,RSA-SHA3-384_signed-by_ECDSA-SHA3-384,14.218,2390.16,913.752,0.3,0,0,128,24,2031.64,2003.47,1626,1622
1,8,38,RSA-SHA3-384_signed-by_ECDSA-SHA3-384,RSA-SHA3-384_signed-by_ECDSA-SHA3-384,10.968,3097.46,1184.43,0,0,0,126.8,15,2029.8,1997.95,1626,1621
1,1,38,RSA-SHA3-384_signed-by_ECDSA-SHA3-384,RSA-SHA3-384_signed-by_ECDSA-SHA3-384,11.569,2936.81,1123,0.5,0,0,148,24,2018.96,2021.35,1626,1621
1,6,40,RSA-SHA3-384_signed-by_ECDSA-SHA3-384,RSA-SHA3-384_signed-by_ECDSA-SHA3-384,12.409,2738.64,1236.51,0.571429,7,0.5,110,9,2040.07,2021.18,1626,1622
1,3,28,RSA-SHA3-384_signed-by_ECDSA-SHA3-384,RSA-SHA3-384_signed-by_ECDSA-SHA3-384,9.717,3497.9,1336.92,0.8,0,0,148.8,24,2076.42,1992.35,1626,1623
1,7,42,RSA-SHA3-384_signed-by_ECDSA-SHA3-384,RSA-SHA3-384_signed-by_ECDSA-SHA3-384,13.237,2567.92,1009.28,1,0,0,111.667,16,2041.09,2007.78,1626,1623
1,5,42,RSA-SHA3-384_signed-by_ECDSA-SHA3-384,RSA-SHA3-384_signed-by_ECDSA-SHA3-384,14.178,2396.89,1417.37,1,14,0.777778,124.222,15,2113.04,1993.75,1626,1622
1,8,39,RSA-SHA3-384_signed-by_ECDSA-SHA3-384,RSA-SHA3-384_signed-by_ECDSA-SHA3-384,13.249,2564.35,980.577,1,0,0,126.8,15,2025.31,2008.1,1626,1621
1,6,41,RSA-SHA3-384_signed-by_ECDSA-SHA3-384,RSA-SHA3-384_signed-by_ECDSA-SHA3-384,11.025,3082.41,1391.73,1,7,0.5,110,9,2054.9,2003.3,1626,1622
1,1,39,RSA-SHA3-384_signed-by_ECDSA-SHA3-384,RSA-SHA3-384_signed-by_ECDSA-SHA3-384,15.006,2264.09,1225.07,1,15,0.882353,119.647,24,2050.65,1990.5,1626,1621
1,3,29,RSA-SHA3-384_signed-by_ECDSA-SHA3-384,RSA-SHA3-384_signed-by_ECDSA-SHA3-384,13.443,2528.54,1160.43,1,7,0.466667,122.267,24,2032.33,2024.9,1626,1623
1,2,39,RSA-SHA3-384_signed-by_ECDSA-SHA3-384,RSA-SHA3-384_signed-by_ECDSA-SHA3-384,20.373,1668.01,1054.68,1,19,1.05556,123.333,24,2097.82,2024.14,1626,1622
1,7,43,RSA-SHA3-384_signed-by_ECDSA-SHA3-384,RSA-SHA3-384_signed-by_ECDSA-SHA3-384,18.533,1834.13,922.031,1,2,0.153846,116.769,16,1994.98,2008.76,1626,1623
1,5,43,RSA-SHA3-384_signed-by_ECDSA-SHA3-384,RSA-SHA3-384_signed-by_ECDSA-SHA3-384,15.06,2256.49,1195.17,1,7,0.466667,131.067,15,2020.22,2006.51,1626,1622
1,8,40,RSA-SHA3-384_signed-by_ECDSA-SHA3-384,RSA-SHA3-384_signed-by_ECDSA-SHA3-384,15.738,2158.77,1203.66,1,11,0.846154,146.923,15,2026.4,1991.21,1626,1621
1,6,42,RSA-SHA3-384_signed-by_ECDSA-SHA3-384,RSA-SHA3-384_signed-by_ECDSA-SHA3-384,15.987,2125.65,828.641,1,0,0,118.727,9,2065.62,2051.3,1626,1622
1,3,30,RSA-SHA3-384_signed-by_ECDSA-SHA3-384,RSA-SHA3-384_signed-by_ECDSA-SHA3-384,13.595,2500.25,955.615,1,0,0,148.8,24,2017.92,2016.21,1626,1623
1,1,40,RSA-SHA3-384_signed-by_ECDSA-SHA3-384,RSA-SHA3-384_signed-by_ECDSA-SHA3-384,15.276,2224.06,2066.44,1,35,1.34615,291.846,24,2042.84,2006.63,1626,1621
1,2,40,RSA-SHA3-384_signed-by_ECDSA-SHA3-384,RSA-SHA3-384_signed-by_ECDSA-SHA3-384,13.38,2539.86,1430.16,1,16,1.14286,139.143,24,2039.23,2020.82,1626,1622
1,7,44,RSA-SHA3-384_signed-by_ECDSA-SHA3-384,RSA-SHA3-384_signed-by_ECDSA-SHA3-384,14.15,2402.23,918.15,1,0,0,126.8,16,2030.72,2026.93,1626,1623
1,5,44,RSA-SHA3-384_signed-by_ECDSA-SHA3-384,RSA-SHA3-384_signed-by_ECDSA-SHA3-384,14.715,2309.43,1312.38,1,11,0.733333,155.867,15,2044.98,2003.75,1626,1622
1,8,41,RSA-SHA3-384_signed-by_ECDSA-SHA3-384,RSA-SHA3-384_signed-by_ECDSA-SHA3-384,13.666,2486.14,1003.36,1,1,0.0909091,120.545,15,2025.49,1994.53,1626,1621
1,3,31,RSA-SHA3-384_signed-by_ECDSA-SHA3-384,RSA-SHA3-384_signed-by_ECDSA-SHA3-384,13.568,2505.28,1336.07,0.75,13,0.8125,125.25,24,2456.11,2452.2,1626,1623
1,1,41,RSA-SHA3-384_signed-by_ECDSA-SHA3-384,RSA-SHA3-384_signed-by_ECDSA-SHA3-384,15.309,2219.29,865.351,1,0,0,118.727,24,2051.57,1991.31,1626,1621
1,2,41,RSA-SHA3-384_signed-by_ECDSA-SHA3-384,RSA-SHA3-384_signed-by_ECDSA-SHA3-384,14.588,2329.53,1051.8,1,3,0.214286,170.857,24,2035.94,2040.69,1626,1622
1,6,43,RSA-SHA3-384_signed-by_ECDSA-SHA3-384,RSA-SHA3-384_signed-by_ECDSA-SHA3-384,19.478,1744.67,1241.97,1,16,0.761905,103.905,9,2064.74,2001.11,1626,1622
1,7,45,RSA-SHA3-384_signed-by_ECDSA-SHA3-384,RSA-SHA3-384_signed-by_ECDSA-SHA3-384,12.68,2680.72,1024.59,1,0,0,126.8,16,2034.18,2014.87,1626,1623
1,5,45,RSA-SHA3-384_signed-by_ECDSA-SHA3-384,RSA-SHA3-384_signed-by_ECDSA-SHA3-384,13.521,2513.37,960.856,1,0,0,126.8,15,2031.37,2013.73,1626,1622
1,3,32,RSA-SHA3-384_signed-by_ECDSA-SHA3-384,RSA-SHA3-384_signed-by_ECDSA-SHA3-384,13.68,2484.72,1140.32,0.933333,3,0.2,167.6,24,2007.73,1996.05,1626,1623
1,8,42,RSA-SHA3-384_signed-by_ECDSA-SHA3-384,RSA-SHA3-384_signed-by_ECDSA-SHA3-384,15.433,2201.44,1318.69,0.736842,14,0.736842,103.684,15,2024.76,2003.17,1626,1621
1,1,42,RSA-SHA3-384_signed-by_ECDSA-SHA3-384,RSA-SHA3-384_signed-by_ECDSA-SHA3-384,12.772,2660.14,1037.25,1,0,0,118.727,24,2040.69,1999.85,1626,1621
1,2,42,RSA-SHA3-384_signed-by_ECDSA-SHA3-384,RSA-SHA3-384_signed-by_ECDSA-SHA3-384,13.025,2609.07,1469.14,1,16,1.14286,139.143,24,2037.31,2015.89,1626,1622
1,6,44,RSA-SHA3-384_signed-by_ECDSA-SHA3-384,RSA-SHA3-384_signed-by_ECDSA-SHA3-384,11.812,2877.02,1099.88,1,0,0,126.8,9,2043.02,2027.9,1626,1622
1,7,46,RSA-SHA3-384_signed-by_ECDSA-SHA3-384,RSA-SHA3-384_signed-by_ECDSA-SHA3-384,12.95,2624.77,1022.97,1,0,0,118.727,16,2038.14,2001.89,1626,1623
1,5,46,RSA-SHA3-384_signed-by_ECDSA-SHA3-384,RSA-SHA3-384_signed-by_ECDSA-SHA3-384,11.492,2957.12,1147.21,1,5,0.454545,118.727,15,2026.71,1992.24,1626,1622
1,2,43,RSA-SHA3-384_signed-by_ECDSA-SHA3-384,RSA-SHA3-384_signed-by_ECDSA-SHA3-384,9.629,3529.25,1620.06,1,3,0.2,158.8,24,2018.36,2037.05,1626,1622
1,1,43,RSA-SHA3-384_signed-by_ECDSA-SHA3-384,RSA-SHA3-384_signed-by_ECDSA-SHA3-384,11.501,2954.05,2164.59,1,22,1.375,168.25,24,2058.47,2015.66,1626,1621
1,3,33,RSA-SHA3-384_signed-by_ECDSA-SHA3-384,RSA-SHA3-384_signed-by_ECDSA-SHA3-384,19.018,1787.33,1206.42,1,15,0.75,119.8,24,2049.88,2019.26,1626,1623
1,7,47,RSA-SHA3-384_signed-by_ECDSA-SHA3-384,RSA-SHA3-384_signed-by_ECDSA-SHA3-384,12.167,2793.68,1067.76,1,0,0,126.8,16,2475.53,2473.81,1626,1623
1,8,43,RSA-SHA3-384_signed-by_ECDSA-SHA3-384,RSA-SHA3-384_signed-by_ECDSA-SHA3-384,21.033,1615.33,1304.59,1,22,0.956522,110,16,2028.58,2041.77,1626,1621
1,6,45,RSA-SHA3-384_signed-by_ECDSA-SHA3-384,RSA-SHA3-384_signed-by_ECDSA-SHA3-384,19.366,1754.8,988.109,1,12,0.857143,139.143,9,2025.44,2014.29,1626,1622
1,5,47,RSA-SHA3-384_signed-by_ECDSA-SHA3-384,RSA-SHA3-384_signed-by_ECDSA-SHA3-384,17.045,1993.67,2202.98,1,40,1.37931,230.552,15,2503.21,2462.64,1626,1622
1,1,44,RSA-SHA3-384_signed-by_ECDSA-SHA3-384,RSA-SHA3-384_signed-by_ECDSA-SHA3-384,15.839,2145,1432.35,1,15,0.789474,112.526,24,2048.57,2031.01,1626,1621
1,3,34,RSA-SHA3-384_signed-by_ECDSA-SHA3-384,RSA-SHA3-384_signed-by_ECDSA-SHA3-384,11.6,2930.31,2146.18,0.9375,22,1.375,181.75,24,2024.34,2000.49,1626,1623
1,7,48,RSA-SHA3-384_signed-by_ECDSA-SHA3-384,RSA-SHA3-384_signed-by_ECDSA-SHA3-384,11.201,3034.67,1159.87,0.1,0,0,126.8,16,2047.74,2001.94,1626,1623
1,8,44,RSA-SHA3-384_signed-by_ECDSA-SHA3-384,RSA-SHA3-384_signed-by_ECDSA-SHA3-384,10.992,3090.94,1181.94,0,0,0,126.8,16,2031.52,2014.11,1626,1621
1,6,46,RSA-SHA3-384_signed-by_ECDSA-SHA3-384,RSA-SHA3-384_signed-by_ECDSA-SHA3-384,10.555,3219.67,1230.87,0.6,0,0,126.8,9,2040.03,2004.72,1626,1622
1,5,48,RSA-SHA3-384_signed-by_ECDSA-SHA3-384,RSA-SHA3-384_signed-by_ECDSA-SHA3-384,12.624,2691.92,1069.67,1,0,0,117.333,15,2032.07,2015.24,1626,1622
1,3,35,RSA-SHA3-384_signed-by_ECDSA-SHA3-384,RSA-SHA3-384_signed-by_ECDSA-SHA3-384,10.519,3231.42,1910.41,1,14,0.777778,124.222,24,2032.08,2000.13,1626,1623
1,7,49,RSA-SHA3-384_signed-by_ECDSA-SHA3-384,RSA-SHA3-384_signed-by_ECDSA-SHA3-384,10.378,3275.34,1251.86,1,0,0,126.8,16,2036.47,2019.3,1626,1623
1,6,47,RSA-SHA3-384_signed-by_ECDSA-SHA3-384,RSA-SHA3-384_signed-by_ECDSA-SHA3-384,10.793,3148.63,1294.14,1,1,0.0833333,113.333,9,2501.24,2468.79,1626,1622
1,5,49,RSA-SHA3-384_signed-by_ECDSA-SHA3-384,RSA-SHA3-384_signed-by_ECDSA-SHA3-384,8.233,4127.77,1578.04,0.3,0,0,126.8,15,2033.46,2015.44,1626,1622
1,2,44,RSA-SHA3-384_signed-by_ECDSA-SHA3-384,RSA-SHA3-384_signed-by_ECDSA-SHA3-384,35.35,961.332,994.824,1,40,1.42857,131.571,24,2039.26,2026.69,1626,1622
1,8,45,RSA-SHA3-384_signed-by_ECDSA-SHA3-384,RSA-SHA3-384_signed-by_ECDSA-SHA3-384,16.579,2049.23,1356.82,1,14,0.777778,115.333,16,2041.84,1982.55,1626,1621
1,1,45,RSA-SHA3-384_signed-by_ECDSA-SHA3-384,RSA-SHA3-384_signed-by_ECDSA-SHA3-384,21.058,1613.43,1528.71,0.962963,29,1.07407,107.333,24,2058.24,2039.67,1626,1621
1,3,36,RSA-SHA3-384_signed-by_ECDSA-SHA3-384,RSA-SHA3-384_signed-by_ECDSA-SHA3-384,10.163,3344.68,1278.36,0.5,0,0,148.8,24,2070.96,1999.49,1626,1623
1,7,50,RSA-SHA3-384_signed-by_ECDSA-SHA3-384,RSA-SHA3-384_signed-by_ECDSA-SHA3-384,11.165,3044.49,1374.28,0.928571,11,0.785714,110,16,2036.73,2008.47,1626,1623
1,6,48,RSA-SHA3-384_signed-by_ECDSA-SHA3-384,RSA-SHA3-384_signed-by_ECDSA-SHA3-384,14.076,2414.25,922.961,1,0,0,126.8,9,2044.84,2007.52,1626,1622
1,2,45,RSA-SHA3-384_signed-by_ECDSA-SHA3-384,RSA-SHA3-384_signed-by_ECDSA-SHA3-384,11.25,3020.79,1154.84,1,0,0,136.8,24,2029.19,2008.94,1626,1622
1,5,50,RSA-SHA3-384_signed-by_ECDSA-SHA3-384,RSA-SHA3-384_signed-by_ECDSA-SHA3-384,13.68,2484.16,1297.05,1,7,0.5,118.571,15,2123,1991.98,1626,1622
1,8,46,RSA-SHA3-384_signed-by_ECDSA-SHA3-384,RSA-SHA3-384_signed-by_ECDSA-SHA3-384,13.073,2598.9,1013.37,1,0,0,118.727,16,2041.43,2003.77,1626,1621
1,1,46,RSA-SHA3-384_signed-by_ECDSA-SHA3-384,RSA-SHA3-384_signed-by_ECDSA-SHA3-384,13.033,2606.87,2090.65,1,29,1.45,144,24,2046.61,2000.6,1626,1621
1,3,37,RSA-SHA3-384_signed-by_ECDSA-SHA3-384,RSA-SHA3-384_signed-by_ECDSA-SHA3-384,12.679,2680.92,1024.67,1,0,0,148.8,24,2035.62,2014.74,1626,1623
1,6,49,RSA-SHA3-384_signed-by_ECDSA-SHA3-384,RSA-SHA3-384_signed-by_ECDSA-SHA3-384,9.344,3636.6,1390.26,1,0,0,126.8,9,2044.47,2006.96,1626,1622
1,7,51,RSA-SHA3-384_signed-by_ECDSA-SHA3-384,RSA-SHA3-384_signed-by_ECDSA-SHA3-384,19.517,1741.64,1413.32,1,26,0.928571,132.429,16,2123.02,2030.62,1626,1623
1,2,46,RSA-SHA3-384_signed-by_ECDSA-SHA3-384,RSA-SHA3-384_signed-by_ECDSA-SHA3-384,14.911,2279.02,1525.78,1,14,0.736842,116.526,24,2009.49,2023,1626,1622
1,5,51,RSA-SHA3-384_signed-by_ECDSA-SHA3-384,RSA-SHA3-384_signed-by_ECDSA-SHA3-384,14.694,2312.68,1324.02,1,11,0.733333,132.4,15,2030.5,1996.26,1626,1622
1,1,47,RSA-SHA3-384_signed-by_ECDSA-SHA3-384,RSA-SHA3-384_signed-by_ECDSA-SHA3-384,13.009,2611.63,998.654,1,0,0,126.8,24,2516.99,2479.57,1626,1621
1,3,38,RSA-SHA3-384_signed-by_ECDSA-SHA3-384,RSA-SHA3-384_signed-by_ECDSA-SHA3-384,13.97,2433.1,948.273,1,0,0,138.727,24,2031.91,1997.14,1626,1623
1,8,47,RSA-SHA3-384_signed-by_ECDSA-SHA3-384,RSA-SHA3-384_signed-by_ECDSA-SHA3-384,16.929,2006.87,1130.31,1,12,0.857143,139.143,16,2493.46,2494.99,1626,1621
1,7,52,RSA-SHA3-384_signed-by_ECDSA-SHA3-384,RSA-SHA3-384_signed-by_ECDSA-SHA3-384,11.23,3026.88,1156.9,1,0,0,126.8,16,2039.28,2003.76,1626,1623
1,6,50,RSA-SHA3-384_signed-by_ECDSA-SHA3-384,RSA-SHA3-384_signed-by_ECDSA-SHA3-384,18.406,1846.26,963.987,1,7,0.5,118.571,9,2037.58,2002.4,1626,1622
1,2,47,RSA-SHA3-384_signed-by_ECDSA-SHA3-384,RSA-SHA3-384_signed-by_ECDSA-SHA3-384,15.655,2170.74,862.573,1,0,0,120.333,24,2485.19,2481.48,1626,1622
1,1,48,RSA-SHA3-384_signed-by_ECDSA-SHA3-384,RSA-SHA3-384_signed-by_ECDSA-SHA3-384,15.157,2241.54,1266.7,1,11,0.785714,139.143,24,2039.73,2003.42,1626,1621
1,8,48,RSA-SHA3-384_signed-by_ECDSA-SHA3-384,RSA-SHA3-384_signed-by_ECDSA-SHA3-384,13.721,2476.15,1726.95,0.941176,18,1.05882,135.412,16,2037.65,2031.12,1626,1621
1,5,52,RSA-SHA3-384_signed-by_ECDSA-SHA3-384,RSA-SHA3-384_signed-by_ECDSA-SHA3-384,19.097,1779.48,1005.36,1,11,0.785714,139.143,15,2044.94,2014.95,1626,1622
1,7,53,RSA-SHA3-384_signed-by_ECDSA-SHA3-384,RSA-SHA3-384_signed-by_ECDSA-SHA3-384,11.678,2910.77,1112.52,1,0,0,126.8,16,2045.58,2067.15,1626,1623
1,3,39,RSA-SHA3-384_signed-by_ECDSA-SHA3-384,RSA-SHA3-384_signed-by_ECDSA-SHA3-384,21.871,1554.14,895.397,1,13,0.8125,140.25,24,2025.76,2012.71,1626,1623
1,6,51,RSA-SHA3-384_signed-by_ECDSA-SHA3-384,RSA-SHA3-384_signed-by_ECDSA-SHA3-384,14.46,2350.17,1310.08,1,11,0.846154,146.923,9,2033.59,2016.39,1626,1622
1,2,48,RSA-SHA3-384_signed-by_ECDSA-SHA3-384,RSA-SHA3-384_signed-by_ECDSA-SHA3-384,11.824,2873.91,1098.69,0.9,0,0,136.8,24,2030.73,1995.16,1626,1622
1,1,49,RSA-SHA3-384_signed-by_ECDSA-SHA3-384,RSA-SHA3-384_signed-by_ECDSA-SHA3-384,13.206,2572.76,1003.17,1,0,0,118.727,24,2049.68,2036.82,1626,1621
1,5,53,RSA-SHA3-384_signed-by_ECDSA-SHA3-384,RSA-SHA3-384_signed-by_ECDSA-SHA3-384,11.323,3001.07,1147.3,0.6,0,0,126.8,15,2028.45,1991.06,1626,1622
1,7,54,RSA-SHA3-384_signed-by_ECDSA-SHA3-384,RSA-SHA3-384_signed-by_ECDSA-SHA3-384,11.876,2862.22,1115.52,1,0,0,118.727,16,2031.39,1998.27,1626,1623
1,3,40,RSA-SHA3-384_signed-by_ECDSA-SHA3-384,RSA-SHA3-384_signed-by_ECDSA-SHA3-384,9.829,3458,1321.67,1,4,0.4,148.8,24,2079.96,2012.27,1626,1623
1,8,49,RSA-SHA3-384_signed-by_ECDSA-SHA3-384,RSA-SHA3-384_signed-by_ECDSA-SHA3-384,17.289,1965.12,1792.53,1,37,1.42308,116.462,16,2030.15,1991.48,1626,1621
1,6,52,RSA-SHA3-384_signed-by_ECDSA-SHA3-384,RSA-SHA3-384_signed-by_ECDSA-SHA3-384,13.808,2461.1,977.951,1,0,0,112,9,2041.85,2000.2,1626,1622
1,1,50,RSA-SHA3-384_signed-by_ECDSA-SHA3-384,RSA-SHA3-384_signed-by_ECDSA-SHA3-384,10.504,3234.54,1261.22,1,0,0,123.818,24,2051,2074,1626,1621
1,2,49,RSA-SHA3-384_signed-by_ECDSA-SHA3-384,RSA-SHA3-384_signed-by_ECDSA-SHA3-384,15.058,2256.79,1178.33,1,7,0.5,127.429,24,2027.92,1991.22,1626,1622
1,7,55,RSA-SHA3-384_signed-by_ECDSA-SHA3-384,RSA-SHA3-384_signed-by_ECDSA-SHA3-384,11.694,2906.74,1132.87,1,0,0,118.727,16,2038.14,2016.63,1626,1623
1,3,41,RSA-SHA3-384_signed-by_ECDSA-SHA3-384,RSA-SHA3-384_signed-by_ECDSA-SHA3-384,11.976,2838.28,1281.2,0.571429,3,0.214286,201.429,24,2053.47,1993.82,1626,1623
1,5,54,RSA-SHA3-384_signed-by_ECDSA-SHA3-384,RSA-SHA3-384_signed-by_ECDSA-SHA3-384,16.873,2014.02,1464.05,1,7,0.466667,122.8,15,2033.55,2107.83,1626,1622
1,8,50,RSA-SHA3-384_signed-by_ECDSA-SHA3-384,RSA-SHA3-384_signed-by_ECDSA-SHA3-384,13.731,2474.33,1117.44,0.357143,3,0.214286,182.286,16,2040.47,1985.72,1626,1621
1,6,53,RSA-SHA3-384_signed-by_ECDSA-SHA3-384,RSA-SHA3-384_signed-by_ECDSA-SHA3-384,11.686,2908.09,1111.75,0.5,0,0,126.8,9,2040.13,2011.07,1626,1622
1,1,51,RSA-SHA3-384_signed-by_ECDSA-SHA3-384,RSA-SHA3-384_signed-by_ECDSA-SHA3-384,12.528,2711.98,1512.12,0.384615,11,0.846154,146.923,24,2025.14,1993.81,1626,1621
1,2,50,RSA-SHA3-384_signed-by_ECDSA-SHA3-384,RSA-SHA3-384_signed-by_ECDSA-SHA3-384,12.515,2715.45,1038.11,0,0,0,134.4,24,2013.45,2017.72,1626,1622
1,7,56,RSA-SHA3-384_signed-by_ECDSA-SHA3-384,RSA-SHA3-384_signed-by_ECDSA-SHA3-384,11.448,2969.24,1134.87,0,0,0,126.8,16,2048.84,2018.03,1626,1623
1,3,42,RSA-SHA3-384_signed-by_ECDSA-SHA3-384,RSA-SHA3-384_signed-by_ECDSA-SHA3-384,10.502,3236.44,1236.99,0,0,0,126.8,24,2066.6,1995.17,1626,1623
1,5,55,RSA-SHA3-384_signed-by_ECDSA-SHA3-384,RSA-SHA3-384_signed-by_ECDSA-SHA3-384,10.994,3090.86,1181.63,0.3,0,0,126.8,15,2031.28,1998.47,1626,1622
1,8,51,RSA-SHA3-384_signed-by_ECDSA-SHA3-384,RSA-SHA3-384_signed-by_ECDSA-SHA3-384,11.411,2977.47,1344.67,0.428571,7,0.5,110,16,2029.44,2040.62,1626,1621
1,6,54,RSA-SHA3-384_signed-by_ECDSA-SHA3-384,RSA-SHA3-384_signed-by_ECDSA-SHA3-384,11.531,2947.15,1148.89,0.545455,0,0,118.727,9,2027.95,2026.57,1626,1622
1,1,52,RSA-SHA3-384_signed-by_ECDSA-SHA3-384,RSA-SHA3-384_signed-by_ECDSA-SHA3-384,12.339,2753.48,1052.9,0.9,0,0,126.8,24,2046.98,2007.5,1626,1621
1,7,57,RSA-SHA3-384_signed-by_ECDSA-SHA3-384,RSA-SHA3-384_signed-by_ECDSA-SHA3-384,10.684,3181.53,1216.01,0.9,4,0.4,126.8,16,2002.19,2021.5,1626,1623
1,2,51,RSA-SHA3-384_signed-by_ECDSA-SHA3-384,RSA-SHA3-384_signed-by_ECDSA-SHA3-384,12.895,2635.36,1410.74,0.75,14,0.875,116.25,24,2020.82,1981.38,1626,1622
1,3,43,RSA-SHA3-384_signed-by_ECDSA-SHA3-384,RSA-SHA3-384_signed-by_ECDSA-SHA3-384,11.383,2986.15,1141.33,1,4,0.4,126.8,24,2040.6,2020.91,1626,1623
1,8,52,RSA-SHA3-384_signed-by_ECDSA-SHA3-384,RSA-SHA3-384_signed-by_ECDSA-SHA3-384,8.751,3882.1,1484.47,0.6,0,0,126.8,16,2024.98,1995.04,1626,1621
1,5,56,RSA-SHA3-384_signed-by_ECDSA-SHA3-384,RSA-SHA3-384_signed-by_ECDSA-SHA3-384,13.029,2608.26,997.13,1,0,0,126.8,15,2054.4,2017.03,1626,1622
1,6,55,RSA-SHA3-384_signed-by_ECDSA-SHA3-384,RSA-SHA3-384_signed-by_ECDSA-SHA3-384,12.383,2744.33,1417.39,1,4,0.307692,118,9,2035.72,2055.68,1626,1622
1,2,52,RSA-SHA3-384_signed-by_ECDSA-SHA3-384,RSA-SHA3-384_signed-by_ECDSA-SHA3-384,9.384,3621.1,1877.04,1,7,0.388889,158,24,2029.87,2026.14,1626,1622
1,3,44,RSA-SHA3-384_signed-by_ECDSA-SHA3-384,RSA-SHA3-384_signed-by_ECDSA-SHA3-384,13.071,2600.45,1222.8,1,5,0.294118,169.765,24,2047.51,2008.42,1626,1623
1,7,58,RSA-SHA3-384_signed-by_ECDSA-SHA3-384,RSA-SHA3-384_signed-by_ECDSA-SHA3-384,15.279,2224.64,1408.4,1,12,0.545455,132,16,2040.11,1998.18,1626,1623
1,8,53,RSA-SHA3-384_signed-by_ECDSA-SHA3-384,RSA-SHA3-384_signed-by_ECDSA-SHA3-384,14.54,2336.61,1220.3,1,7,0.5,118.571,16,2033.07,2000.62,1626,1621
1,1,53,RSA-SHA3-384_signed-by_ECDSA-SHA3-384,RSA-SHA3-384_signed-by_ECDSA-SHA3-384,21.264,1597.79,1290.42,1,22,0.956522,146.522,24,2050.48,2111.06,1626,1621
1,5,57,RSA-SHA3-384_signed-by_ECDSA-SHA3-384,RSA-SHA3-384_signed-by_ECDSA-SHA3-384,15.678,2167.5,1208.25,1,11,0.846154,146.923,15,2044.36,2019.32,1626,1622
1,2,53,RSA-SHA3-384_signed-by_ECDSA-SHA3-384,RSA-SHA3-384_signed-by_ECDSA-SHA3-384,12.825,2649.72,1032.94,0.818182,0,0,118.727,24,2036.97,2016.18,1626,1622
1,3,45,RSA-SHA3-384_signed-by_ECDSA-SHA3-384,RSA-SHA3-384_signed-by_ECDSA-SHA3-384,10.188,3336.46,1319.19,0.916667,7,0.583333,117.333,24,2016.6,1992.18,1626,1623
1,6,56,RSA-SHA3-384_signed-by_ECDSA-SHA3-384,RSA-SHA3-384_signed-by_ECDSA-SHA3-384,17.805,1908.68,1037.01,1,7,0.466667,133.2,9,2026.87,2029.48,1626,1622
1,7,59,RSA-SHA3-384_signed-by_ECDSA-SHA3-384,RSA-SHA3-384_signed-by_ECDSA-SHA3-384,12.254,2773.89,1639.92,0.611111,14,0.777778,107.333,16,2029.08,2000.81,1626,1623
1,8,54,RSA-SHA3-384_signed-by_ECDSA-SHA3-384,RSA-SHA3-384_signed-by_ECDSA-SHA3-384,12.027,2824.89,1080.2,1,0,0,126.8,16,2040.53,2055.12,1626,1621
1,5,58,RSA-SHA3-384_signed-by_ECDSA-SHA3-384,RSA-SHA3-384_signed-by_ECDSA-SHA3-384,9.514,3571.98,1365.56,1,0,0,126.8,15,2035.38,1996.12,1626,1622
1,1,54,RSA-SHA3-384_signed-by_ECDSA-SHA3-384,RSA-SHA3-384_signed-by_ECDSA-SHA3-384,11.166,3042.73,1163.5,1,0,0,126.8,24,2040.6,2021.43,1626,1621
1,6,57,RSA-SHA3-384_signed-by_ECDSA-SHA3-384,RSA-SHA3-384_signed-by_ECDSA-SHA3-384,11.877,2861.22,1110,1,7,0.636364,118.727,9,2040,2027.72,1626,1622
1,3,46,RSA-SHA3-384_signed-by_ECDSA-SHA3-384,RSA-SHA3-384_signed-by_ECDSA-SHA3-384,13.378,2540.77,1151.69,1,0,0,173.429,24,2032.34,2003.06,1626,1623
1,8,55,RSA-SHA3-384_signed-by_ECDSA-SHA3-384,RSA-SHA3-384_signed-by_ECDSA-SHA3-384,12.299,2762.41,901.508,1,0,0,134,16,2036.43,2025.8,1626,1621
1,2,54,RSA-SHA3-384_signed-by_ECDSA-SHA3-384,RSA-SHA3-384_signed-by_ECDSA-SHA3-384,20.599,1649.78,1223.35,1,27,1.5,149.333,24,2049.11,1998.18,1626,1622
1,5,59,RSA-SHA3-384_signed-by_ECDSA-SHA3-384,RSA-SHA3-384_signed-by_ECDSA-SHA3-384,13.522,2513.17,979.71,1,0,0,118.727,15,2045.44,1996.3,1626,1622
1,7,60,RSA-SHA3-384_signed-by_ECDSA-SHA3-384,RSA-SHA3-384_signed-by_ECDSA-SHA3-384,20.965,1621.36,855.514,1,8,0.533333,113.2,16,2041.68,1993.35,1626,1623
1,1,55,RSA-SHA3-384_signed-by_ECDSA-SHA3-384,RSA-SHA3-384_signed-by_ECDSA-SHA3-384,21.823,1556.88,1152.54,1,22,1.29412,155.647,24,2040.49,2010.34,1626,1621
1,6,58,RSA-SHA3-384_signed-by_ECDSA-SHA3-384,RSA-SHA3-384_signed-by_ECDSA-SHA3-384,15.718,2162.06,1629.68,1,24,1.04348,196.261,9,2027.92,2008.1,1626,1622
1,8,56,RSA-SHA3-384_signed-by_ECDSA-SHA3-384,RSA-SHA3-384_signed-by_ECDSA-SHA3-384,14.353,2367.14,1404.56,1,7,0.388889,154.667,16,2031.4,2018,1626,1621
1,5,60,RSA-SHA3-384_signed-by_ECDSA-SHA3-384,RSA-SHA3-384_signed-by_ECDSA-SHA3-384,12.357,2750.15,1072.09,1,0,0,118.727,15,2041.57,2015.21,1626,1622
1,3,47,RSA-SHA3-384_signed-by_ECDSA-SHA3-384,RSA-SHA3-384_signed-by_ECDSA-SHA3-384,20.207,1682.13,1241.51,1,29,1.70588,162,24,2515.53,2494.72,1626,1623
1,2,55,RSA-SHA3-384_signed-by_ECDSA-SHA3-384,RSA-SHA3-384_signed-by_ECDSA-SHA3-384,15.787,2152.59,1127.98,0.842105,10,0.526316,142,24,2058.04,2024.56,1626,1622
1,1,56,RSA-SHA3-384_signed-by_ECDSA-SHA3-384,RSA-SHA3-384_signed-by_ECDSA-SHA3-384,11.306,3005.07,1171.74,1,0,0,118.727,24,2046.29,2009.86,1626,1621
1,8,57,RSA-SHA3-384_signed-by_ECDSA-SHA3-384,RSA-SHA3-384_signed-by_ECDSA-SHA3-384,8.997,3776.35,1444.03,0.7,0,0,126.8,16,2035.47,2005.78,1626,1621
1,6,59,RSA-SHA3-384_signed-by_ECDSA-SHA3-384,RSA-SHA3-384_signed-by_ECDSA-SHA3-384,11.877,2861.26,1578.81,0.916667,2,0.166667,132,9,2046.51,2071.13,1626,1622
1,5,61,RSA-SHA3-384_signed-by_ECDSA-SHA3-384,RSA-SHA3-384_signed-by_ECDSA-SHA3-384,10.683,3181.06,1216.11,0.1,0,0,126.8,15,2023.87,1999.44,1626,1622
1,3,48,RSA-SHA3-384_signed-by_ECDSA-SHA3-384,RSA-SHA3-384_signed-by_ECDSA-SHA3-384,10.117,3359.8,1497.64,0.461538,0,0,196.154,24,2046.38,2010.27,1626,1623
1,7,61,RSA-SHA3-384_signed-by_ECDSA-SHA3-384,RSA-SHA3-384_signed-by_ECDSA-SHA3-384,21.059,1614.12,860.812,1,9,0.5625,125.75,16,2022.98,2006.98,1626,1623
1,2,56,RSA-SHA3-384_signed-by_ECDSA-SHA3-384,RSA-SHA3-384_signed-by_ECDSA-SHA3-384,14.903,2280.25,871.734,0.6,0,0,126.8,24,2041.59,1998.09,1626,1622
1,1,57,RSA-SHA3-384_signed-by_ECDSA-SHA3-384,RSA-SHA3-384_signed-by_ECDSA-SHA3-384,11.691,2906.16,1133.18,0.909091,0,0,118.727,24,2051.95,1996.49,1626,1621
1,8,58,RSA-SHA3-384_signed-by_ECDSA-SHA3-384,RSA-SHA3-384_signed-by_ECDSA-SHA3-384,11.804,2878.34,1100.64,1,0,0,126.8,16,2068.07,1998.52,1626,1621
1,6,60,RSA-SHA3-384_signed-by_ECDSA-SHA3-384,RSA-SHA3-384_signed-by_ECDSA-SHA3-384,12.826,2649.59,1012.93,1,0,0,126.8,9,2012.77,2025.08,1626,1622
1,5,62,RSA-SHA3-384_signed-by_ECDSA-SHA3-384,RSA-SHA3-384_signed-by_ECDSA-SHA3-384,12.497,2719.36,1515.87,1,11,0.846154,146.923,15,2054.61,2012.67,1626,1622
1,3,49,RSA-SHA3-384_signed-by_ECDSA-SHA3-384,RSA-SHA3-384_signed-by_ECDSA-SHA3-384,12.514,2716.29,1226.13,0.928571,7,0.5,118,24,2052.52,1992.26,1626,1623
1,7,62,RSA-SHA3-384_signed-by_ECDSA-SHA3-384,RSA-SHA3-384_signed-by_ECDSA-SHA3-384,14.402,2360.18,937.63,1,0,0,112,16,2040.83,1995.27,1626,1623
1,1,58,RSA-SHA3-384_signed-by_ECDSA-SHA3-384,RSA-SHA3-384_signed-by_ECDSA-SHA3-384,14.194,2393.61,933.323,1,0,0,118.727,24,2053.96,2103.55,1626,1621
1,8,59,RSA-SHA3-384_signed-by_ECDSA-SHA3-384,RSA-SHA3-384_signed-by_ECDSA-SHA3-384,13.934,2438.28,1273.39,1,7,0.5,118.571,16,2051.88,2008.7,1626,1621
1,2,57,RSA-SHA3-384_signed-by_ECDSA-SHA3-384,RSA-SHA3-384_signed-by_ECDSA-SHA3-384,17.324,1961.59,1108.24,1,11,0.785714,139.143,24,2017.33,2010.34,1626,1622
1,5,63,RSA-SHA3-384_signed-by_ECDSA-SHA3-384,RSA-SHA3-384_signed-by_ECDSA-SHA3-384,13.013,2611.47,998.36,0.8,0,0,126.8,15,2500.91,2456.47,1626,1622
1,6,61,RSA-SHA3-384_signed-by_ECDSA-SHA3-384,RSA-SHA3-384_signed-by_ECDSA-SHA3-384,14.255,2383.93,1328.89,1,11,0.846154,146.923,9,2028.47,1993.98,1626,1622
1,3,50,RSA-SHA3-384_signed-by_ECDSA-SHA3-384,RSA-SHA3-384_signed-by_ECDSA-SHA3-384,12.183,2790.06,1066.38,0.8,0,0,136.8,24,2037.92,2021.05,1626,1623
1,7,63,RSA-SHA3-384_signed-by_ECDSA-SHA3-384,RSA-SHA3-384_signed-by_ECDSA-SHA3-384,14.582,2331.01,1299.09,1,11,0.846154,146.923,16,2485.26,2486.05,1626,1623
1,1,59,RSA-SHA3-384_signed-by_ECDSA-SHA3-384,RSA-SHA3-384_signed-by_ECDSA-SHA3-384,10.303,3297.65,1279.62,1,5,0.454545,118.727,24,2047.42,2012.04,1626,1621
1,8,60,RSA-SHA3-384_signed-by_ECDSA-SHA3-384,RSA-SHA3-384_signed-by_ECDSA-SHA3-384,11.264,3016.27,1203.1,1,4,0.307692,106,16,2035.88,2018.58,1626,1621
1,6,62,RSA-SHA3-384_signed-by_ECDSA-SHA3-384,RSA-SHA3-384_signed-by_ECDSA-SHA3-384,9.781,3474.47,1328.28,1,0,0,130.4,9,2061.32,1989.38,1626,1622
1,5,64,RSA-SHA3-384_signed-by_ECDSA-SHA3-384,RSA-SHA3-384_signed-by_ECDSA-SHA3-384,11.373,2988.07,1560.16,1,11,0.785714,118.571,15,2040.48,2039.25,1626,1622
1,3,51,RSA-SHA3-384_signed-by_ECDSA-SHA3-384,RSA-SHA3-384_signed-by_ECDSA-SHA3-384,10.636,3195.91,1221.5,1,0,0,136.8,24,2047.12,2005.81,1626,1623
1,2,58,RSA-SHA3-384_signed-by_ECDSA-SHA3-384,RSA-SHA3-384_signed-by_ECDSA-SHA3-384,17.093,1988.08,1349.72,1,21,1,104.286,24,2024.86,1999.25,1626,1622
1,8,61,RSA-SHA3-384_signed-by_ECDSA-SHA3-384,RSA-SHA3-384_signed-by_ECDSA-SHA3-384,10.395,3268.42,2313.36,1,11,0.55,185.4,16,2021.3,2011.67,1626,1621
1,6,63,RSA-SHA3-384_signed-by_ECDSA-SHA3-384,RSA-SHA3-384_signed-by_ECDSA-SHA3-384,9.728,3493.36,1361.82,1,0,0,138.727,9,2470.91,2519.23,1626,1622
1,1,60,RSA-SHA3-384_signed-by_ECDSA-SHA3-384,RSA-SHA3-384_signed-by_ECDSA-SHA3-384,13.095,2594.47,2289.63,1,30,1.07143,132.286,24,2068.55,2013.41,1626,1621
1,7,64,RSA-SHA3-384_signed-by_ECDSA-SHA3-384,RSA-SHA3-384_signed-by_ECDSA-SHA3-384,20.89,1627.15,1215.48,1,21,1.05,122.4,16,2020.58,1998.41,1626,1623
1,2,59,RSA-SHA3-384_signed-by_ECDSA-SHA3-384,RSA-SHA3-384_signed-by_ECDSA-SHA3-384,14.062,2416.61,1109.32,1,3,0.2,167.6,24,2031.31,2045.3,1626,1622
1,3,52,RSA-SHA3-384_signed-by_ECDSA-SHA3-384,RSA-SHA3-384_signed-by_ECDSA-SHA3-384,18.8,1808.05,1334.44,1,23,1.35294,170,24,2020.25,2029.77,1626,1623
1,1,61,RSA-SHA3-384_signed-by_ECDSA-SHA3-384,RSA-SHA3-384_signed-by_ECDSA-SHA3-384,10.343,3284.85,1502.04,0.6,8,0.533333,187.333,24,2045.93,2012.12,1626,1621
1,6,64,RSA-SHA3-384_signed-by_ECDSA-SHA3-384,RSA-SHA3-384_signed-by_ECDSA-SHA3-384,12.894,2635.54,1085.73,1,1,0.0833333,132,9,2034.01,1993.62,1626,1622
1,8,62,RSA-SHA3-384_signed-by_ECDSA-SHA3-384,RSA-SHA3-384_signed-by_ECDSA-SHA3-384,13.812,2459.8,1385.41,1,12,0.857143,139.143,16,2040.84,2008.21,1626,1621
1,5,65,RSA-SHA3-384_signed-by_ECDSA-SHA3-384,RSA-SHA3-384_signed-by_ECDSA-SHA3-384,23.972,1417.61,1037.18,1,24,0.96,185.68,15,2048.89,2010.14,1626,1622
1,7,65,RSA-SHA3-384_signed-by_ECDSA-SHA3-384,RSA-SHA3-384_signed-by_ECDSA-SHA3-384,12.556,2707.2,1034.71,1,0,0,126.8,16,2042.85,2048.65,1626,1623
1,2,60,RSA-SHA3-384_signed-by_ECDSA-SHA3-384,RSA-SHA3-384_signed-by_ECDSA-SHA3-384,10.985,3093.4,1182.6,1,0,0,148.8,24,2155.06,2001.83,1626,1622
1,6,65,RSA-SHA3-384_signed-by_ECDSA-SHA3-384,RSA-SHA3-384_signed-by_ECDSA-SHA3-384,9.155,3711.77,1419,0.6,0,0,148.8,9,2032.93,1989.98,1626,1622
1,8,63,RSA-SHA3-384_signed-by_ECDSA-SHA3-384,RSA-SHA3-384_signed-by_ECDSA-SHA3-384,9.904,3430.26,1331.08,0.909091,7,0.636364,118.727,16,2474.14,2505.35,1626,1621
1,3,53,RSA-SHA3-384_signed-by_ECDSA-SHA3-384,RSA-SHA3-384_signed-by_ECDSA-SHA3-384,13.11,2592.82,1445,1,11,0.846154,159.538,24,2052.51,1997.26,1626,1623
1,5,66,RSA-SHA3-384_signed-by_ECDSA-SHA3-384,RSA-SHA3-384_signed-by_ECDSA-SHA3-384,12.156,2795.64,1480.74,0.666667,7,0.466667,110,15,2060.92,2024.77,1626,1622
1,7,66,RSA-SHA3-384_signed-by_ECDSA-SHA3-384,RSA-SHA3-384_signed-by_ECDSA-SHA3-384,9.784,3473.93,1327.76,1,0,0,126.8,16,2038.4,1996.12,1626,1623
1,2,61,RSA-SHA3-384_signed-by_ECDSA-SHA3-384,RSA-SHA3-384_signed-by_ECDSA-SHA3-384,9.689,3507.18,1340.79,0.4,0,0,148.8,24,2031.22,2014.47,1626,1622
1,6,66,RSA-SHA3-384_signed-by_ECDSA-SHA3-384,RSA-SHA3-384_signed-by_ECDSA-SHA3-384,13.083,2597.55,1107.99,0.416667,2,0.166667,133.667,9,2007.22,2010.78,1626,1622
1,3,54,RSA-SHA3-384_signed-by_ECDSA-SHA3-384,RSA-SHA3-384_signed-by_ECDSA-SHA3-384,11.71,2902.81,1109.48,0.1,0,0,136.8,24,2039.92,2008.4,1626,1623
1,8,64,RSA-SHA3-384_signed-by_ECDSA-SHA3-384,RSA-SHA3-384_signed-by_ECDSA-SHA3-384,14.315,2373.4,1222.74,0.235294,7,0.411765,163.882,16,2035.66,2005.54,1626,1621
1,5,67,RSA-SHA3-384_signed-by_ECDSA-SHA3-384,RSA-SHA3-384_signed-by_ECDSA-SHA3-384,10.813,3142.62,1268,0.363636,1,0.0909091,120.182,15,2020.96,2020.5,1626,1622
1,7,67,RSA-SHA3-384_signed-by_ECDSA-SHA3-384,RSA-SHA3-384_signed-by_ECDSA-SHA3-384,10.154,3347.38,1279.39,0.4,0,0,130.4,16,2038.12,2018.35,1626,1623
1,2,62,RSA-SHA3-384_signed-by_ECDSA-SHA3-384,RSA-SHA3-384_signed-by_ECDSA-SHA3-384,9.76,3481.7,1572.01,0.5,7,0.5,128.286,24,2027.68,1987.18,1626,1622
1,6,67,RSA-SHA3-384_signed-by_ECDSA-SHA3-384,RSA-SHA3-384_signed-by_ECDSA-SHA3-384,11.78,2884.83,1102.86,1,0,0,148.8,9,2032.75,2028.24,1626,1622
1,3,55,RSA-SHA3-384_signed-by_ECDSA-SHA3-384,RSA-SHA3-384_signed-by_ECDSA-SHA3-384,12.453,2729.55,1613.71,0.944444,14,0.777778,114.889,24,2063.04,2009.18,1626,1623
1,5,68,RSA-SHA3-384_signed-by_ECDSA-SHA3-384,RSA-SHA3-384_signed-by_ECDSA-SHA3-384,10.39,3270.81,1275.06,1,0,0,118.727,15,2049.3,1999.9,1626,1622
1,8,65,RSA-SHA3-384_signed-by_ECDSA-SHA3-384,RSA-SHA3-384_signed-by_ECDSA-SHA3-384,11.827,2872.7,1521.91,0.933333,7,0.466667,113.2,16,2036.74,2002.1,1626,1621
1,7,68,RSA-SHA3-384_signed-by_ECDSA-SHA3-384,RSA-SHA3-384_signed-by_ECDSA-SHA3-384,12.895,2636,1016.19,1,0,0,118.364,16,2061.89,1993.36,1626,1623
1,3,56,RSA-SHA3-384_signed-by_ECDSA-SHA3-384,RSA-SHA3-384_signed-by_ECDSA-SHA3-384,10.067,3376.57,1315.98,1,4,0.363636,127.818,24,2039.25,2026.73,1626,1623
1,6,68,RSA-SHA3-384_signed-by_ECDSA-SHA3-384,RSA-SHA3-384_signed-by_ECDSA-SHA3-384,13.206,2573.34,1343.61,0.928571,7,0.5,277.429,9,2055.89,2007.51,1626,1622
1,5,69,RSA-SHA3-384_signed-by_ECDSA-SHA3-384,RSA-SHA3-384_signed-by_ECDSA-SHA3-384,13.172,2580,1079.86,0.923077,1,0.0769231,103.846,15,2041.9,1990.44,1626,1622
1,2,63,RSA-SHA3-384_signed-by_ECDSA-SHA3-384,RSA-SHA3-384_signed-by_ECDSA-SHA3-384,22.63,1501.72,1002.56,1,15,0.789474,124.105,24,2528.2,2476.03,1626,1622
1,8,66,RSA-SHA3-384_signed-by_ECDSA-SHA3-384,RSA-SHA3-384_signed-by_ECDSA-SHA3-384,18.225,1864.2,1064.01,1,16,1.06667,132.4,16,2042.01,1999.12,1626,1621
1,6,69,RSA-SHA3-384_signed-by_ECDSA-SHA3-384,RSA-SHA3-384_signed-by_ECDSA-SHA3-384,8.355,4067.21,1554.88,1,0,0,148.8,9,2042.2,2014.67,1626,1622
1,7,69,RSA-SHA3-384_signed-by_ECDSA-SHA3-384,RSA-SHA3-384_signed-by_ECDSA-SHA3-384,16.154,2104.2,1277.67,1,8,0.5,115.5,17,2025.16,2005.48,1626,1623
1,3,57,RSA-SHA3-384_signed-by_ECDSA-SHA3-384,RSA-SHA3-384_signed-by_ECDSA-SHA3-384,11.569,2938.01,1326.22,0.785714,3,0.214286,184.857,24,2037.89,2002.03,1626,1623
1,2,64,RSA-SHA3-384_signed-by_ECDSA-SHA3-384,RSA-SHA3-384_signed-by_ECDSA-SHA3-384,9.178,3702.38,1464.22,1,4,0.333333,125,24,2034.54,2032.33,1626,1622
1,5,70,RSA-SHA3-384_signed-by_ECDSA-SHA3-384,RSA-SHA3-384_signed-by_ECDSA-SHA3-384,12.273,2768.97,1573.52,1,11,0.733333,128.933,15,2032.78,1999.04,1626,1622
1,6,70,RSA-SHA3-384_signed-by_ECDSA-SHA3-384,RSA-SHA3-384_signed-by_ECDSA-SHA3-384,9.871,3442.8,1342.11,1,0,0,138.727,9,2036.81,2009.45,1626,1622
1,7,70,RSA-SHA3-384_signed-by_ECDSA-SHA3-384,RSA-SHA3-384_signed-by_ECDSA-SHA3-384,10.603,3205.85,1225.3,1,0,0,126.8,17,2006.74,2008.14,1626,1623
1,8,67,RSA-SHA3-384_signed-by_ECDSA-SHA3-384,RSA-SHA3-384_signed-by_ECDSA-SHA3-384,14.63,2322.27,1048.77,1,3,0.214286,170.857,16,2029.58,2019.25,1626,1621
1,5,71,RSA-SHA3-384_signed-by_ECDSA-SHA3-384,RSA-SHA3-384_signed-by_ECDSA-SHA3-384,11.352,2993.62,1374.19,1,7,0.466667,105.2,15,2053.95,2020.19,1626,1622
1,1,62,RSA-SHA3-384_signed-by_ECDSA-SHA3-384,RSA-SHA3-384_signed-by_ECDSA-SHA3-384,78.396,433.388,369.61,1,31,1.10714,180.143,24,2038.14,2011.01,1626,1621
1,3,58,RSA-SHA3-384_signed-by_ECDSA-SHA3-384,RSA-SHA3-384_signed-by_ECDSA-SHA3-384,20.917,1625.07,1036.47,1,20,1.05263,122.211,24,2036.1,2006.78,1626,1623
1,6,71,RSA-SHA3-384_signed-by_ECDSA-SHA3-384,RSA-SHA3-384_signed-by_ECDSA-SHA3-384,12.788,2657.42,1501.37,1,9,0.642857,134.286,9,2030.9,2011.27,1626,1622
1,7,71,RSA-SHA3-384_signed-by_ECDSA-SHA3-384,RSA-SHA3-384_signed-by_ECDSA-SHA3-384,12.414,2738.13,1525.98,1,11,0.846154,153.385,17,2246.62,2012.58,1626,1623
1,2,65,RSA-SHA3-384_signed-by_ECDSA-SHA3-384,RSA-SHA3-384_signed-by_ECDSA-SHA3-384,20.709,1641.02,1429.32,1,39,1.625,243.833,24,2052.13,2001.09,1626,1622
1,8,68,RSA-SHA3-384_signed-by_ECDSA-SHA3-384,RSA-SHA3-384_signed-by_ECDSA-SHA3-384,12.706,2673.96,1022.49,1,0,0,126.8,16,2053.5,1999.89,1626,1621
1,5,72,RSA-SHA3-384_signed-by_ECDSA-SHA3-384,RSA-SHA3-384_signed-by_ECDSA-SHA3-384,10.819,3141.12,1200.84,1,0,0,126.8,15,2029.05,2035.48,1626,1622
1,1,63,RSA-SHA3-384_signed-by_ECDSA-SHA3-384,RSA-SHA3-384_signed-by_ECDSA-SHA3-384,11.198,3034.09,1217.35,1,8,0.615385,106.308,24,2512.96,2526.51,1626,1621
1,6,72,RSA-SHA3-384_signed-by_ECDSA-SHA3-384,RSA-SHA3-384_signed-by_ECDSA-SHA3-384,11.203,3033.44,1352.48,1,0,0,216.769,9,2080.62,2013.97,1626,1622
1,7,72,RSA-SHA3-384_signed-by_ECDSA-SHA3-384,RSA-SHA3-384_signed-by_ECDSA-SHA3-384,15.053,2258.08,880.062,1,0,0,138.727,17,2029.61,2209.39,1626,1623
1,2,66,RSA-SHA3-384_signed-by_ECDSA-SHA3-384,RSA-SHA3-384_signed-by_ECDSA-SHA3-384,15.693,2165.49,1498.71,1,17,0.85,229.2,24,2040.9,1993.66,1626,1622
1,3,59,RSA-SHA3-384_signed-by_ECDSA-SHA3-384,RSA-SHA3-384_signed-by_ECDSA-SHA3-384,19.212,1769.24,1295.8,1,22,1.375,163.5,24,2036.87,2005.29,1626,1623
1,5,73,RSA-SHA3-384_signed-by_ECDSA-SHA3-384,RSA-SHA3-384_signed-by_ECDSA-SHA3-384,16.522,2056.82,1073.92,1,7,0.5,118.571,15,2053.14,2023.84,1626,1622
1,1,64,RSA-SHA3-384_signed-by_ECDSA-SHA3-384,RSA-SHA3-384_signed-by_ECDSA-SHA3-384,13.627,2493.24,1707.16,1,21,1.10526,234.842,24,2042.75,2000.66,1626,1621
1,6,73,RSA-SHA3-384_signed-by_ECDSA-SHA3-384,RSA-SHA3-384_signed-by_ECDSA-SHA3-384,12.907,2632.96,1244.58,1,8,0.533333,123.6,9,2031.94,1985.43,1626,1622
1,8,69,RSA-SHA3-384_signed-by_ECDSA-SHA3-384,RSA-SHA3-384_signed-by_ECDSA-SHA3-384,20.514,1656.16,1232.27,1,30,1.66667,149.111,16,2030.52,2003.84,1626,1621
1,7,73,RSA-SHA3-384_signed-by_ECDSA-SHA3-384,RSA-SHA3-384_signed-by_ECDSA-SHA3-384,9.425,3606.29,1419.09,1,6,0.5,133.333,17,2032.46,2017.95,1626,1623
1,2,67,RSA-SHA3-384_signed-by_ECDSA-SHA3-384,RSA-SHA3-384_signed-by_ECDSA-SHA3-384,12.984,2617.32,1377.67,1,15,0.789474,132.947,24,2045.26,2009.76,1626,1622
1,3,60,RSA-SHA3-384_signed-by_ECDSA-SHA3-384,RSA-SHA3-384_signed-by_ECDSA-SHA3-384,17.867,1902.41,901.732,1,7,0.411765,97.2941,24,2041.33,2013.89,1626,1623
1,6,74,RSA-SHA3-384_signed-by_ECDSA-SHA3-384,RSA-SHA3-384_signed-by_ECDSA-SHA3-384,13.384,2539.07,970.681,1,0,0,162,9,2033.88,2031.76,1626,1622
1,5,74,RSA-SHA3-384_signed-by_ECDSA-SHA3-384,RSA-SHA3-384_signed-by_ECDSA-SHA3-384,17.454,1946.98,1114.66,1,11,0.733333,143.333,15,2052.89,2009.18,1626,1622
1,8,70,RSA-SHA3-384_signed-by_ECDSA-SHA3-384,RSA-SHA3-384_signed-by_ECDSA-SHA3-384,15.486,2193.9,990.794,1,5,0.357143,170.857,16,2049.47,2020.64,1626,1621
1,1,65,RSA-SHA3-384_signed-by_ECDSA-SHA3-384,RSA-SHA3-384_signed-by_ECDSA-SHA3-384,21.272,1597.15,953.7,1,15,0.789474,148.526,24,2087.29,2124.6,1626,1621
1,7,74,RSA-SHA3-384_signed-by_ECDSA-SHA3-384,RSA-SHA3-384_signed-by_ECDSA-SHA3-384,21.264,1598.5,969.107,1,5,0.3125,167,17,2063.31,2000.06,1626,1623
1,2,68,RSA-SHA3-384_signed-by_ECDSA-SHA3-384,RSA-SHA3-384_signed-by_ECDSA-SHA3-384,16.4,2072.15,807.786,1,0,0,159.455,24,2037.11,1994.88,1626,1622
1,3,61,RSA-SHA3-384_signed-by_ECDSA-SHA3-384,RSA-SHA3-384_signed-by_ECDSA-SHA3-384,14.539,2337.96,1320.57,1,11,0.785714,135.714,24,2033.02,2056.98,1626,1623
1,6,75,RSA-SHA3-384_signed-by_ECDSA-SHA3-384,RSA-SHA3-384_signed-by_ECDSA-SHA3-384,15.664,2169.52,1575.04,1,19,1,144.105,9,2035.61,2001.06,1626,1622
1,1,66,RSA-SHA3-384_signed-by_ECDSA-SHA3-384,RSA-SHA3-384_signed-by_ECDSA-SHA3-384,11.74,2893.98,1733.53,1,10,0.526316,146.632,24,2021.57,2009.43,1626,1621
1,2,69,RSA-SHA3-384_signed-by_ECDSA-SHA3-384,RSA-SHA3-384_signed-by_ECDSA-SHA3-384,11.095,3062.94,1707.4,1,11,0.846154,217.692,24,2082.16,2009.39,1626,1622
1,5,75,RSA-SHA3-384_signed-by_ECDSA-SHA3-384,RSA-SHA3-384_signed-by_ECDSA-SHA3-384,20.559,1652.93,872.378,1,8,0.533333,121.467,15,2040.48,2026.99,1626,1622
1,6,76,RSA-SHA3-384_signed-by_ECDSA-SHA3-384,RSA-SHA3-384_signed-by_ECDSA-SHA3-384,8.319,4084.69,1575.03,0.636364,0,0,118.364,10,2043.21,2016.94,1626,1622
1,1,67,RSA-SHA3-384_signed-by_ECDSA-SHA3-384,RSA-SHA3-384_signed-by_ECDSA-SHA3-384,9.229,3681.05,1407.59,0.3,0,0,126.8,24,2039.16,2002.79,1626,1621
1,8,71,RSA-SHA3-384_signed-by_ECDSA-SHA3-384,RSA-SHA3-384_signed-by_ECDSA-SHA3-384,28.334,1199.1,834.596,1,21,1,247.333,16,2037.38,2052,1626,1621
1,3,62,RSA-SHA3-384_signed-by_ECDSA-SHA3-384,RSA-SHA3-384_signed-by_ECDSA-SHA3-384,19.778,1718.6,1137.37,0.555556,14,0.777778,115.333,24,2060.08,1989.14,1626,1623
1,2,70,RSA-SHA3-384_signed-by_ECDSA-SHA3-384,RSA-SHA3-384_signed-by_ECDSA-SHA3-384,13.101,2593.96,1190.73,0.4,7,0.466667,147.867,24,2032.65,2004.4,1626,1622
1,5,76,RSA-SHA3-384_signed-by_ECDSA-SHA3-384,RSA-SHA3-384_signed-by_ECDSA-SHA3-384,13.739,2473.49,945.609,0.9,0,0,136.8,15,2050.14,2001.27,1626,1622
1,6,77,RSA-SHA3-384_signed-by_ECDSA-SHA3-384,RSA-SHA3-384_signed-by_ECDSA-SHA3-384,14.172,2397.9,916.713,0.6,0,0,126.8,10,2035.12,1990.71,1626,1622
1,7,75,RSA-SHA3-384_signed-by_ECDSA-SHA3-384,RSA-SHA3-384_signed-by_ECDSA-SHA3-384,32.035,1061.08,803.115,1,31,1.55,156.2,17,2037.37,2008.81,1626,1623
1,1,68,RSA-SHA3-384_signed-by_ECDSA-SHA3-384,RSA-SHA3-384_signed-by_ECDSA-SHA3-384,14.913,2278.23,1206.97,0.8,7,0.466667,113.2,24,2054.9,2032.64,1626,1621
1,8,72,RSA-SHA3-384_signed-by_ECDSA-SHA3-384,RSA-SHA3-384_signed-by_ECDSA-SHA3-384,12.738,2667.25,1040.02,1,0,0,118.727,16,2040.51,2005.24,1626,1621
1,3,63,RSA-SHA3-384_signed-by_ECDSA-SHA3-384,RSA-SHA3-384_signed-by_ECDSA-SHA3-384,12.625,2692.39,1029.05,0.9,0,0,126.8,24,2519.44,2467.6,1626,1623
1,2,71,RSA-SHA3-384_signed-by_ECDSA-SHA3-384,RSA-SHA3-384_signed-by_ECDSA-SHA3-384,14.292,2377.76,926.925,0.818182,0,0,127.818,24,2031.22,1988.5,1626,1622
1,5,77,RSA-SHA3-384_signed-by_ECDSA-SHA3-384,RSA-SHA3-384_signed-by_ECDSA-SHA3-384,13.207,2573.13,983.7,1,0,0,126.8,15,2040.87,2014.02,1626,1622
1,6,78,RSA-SHA3-384_signed-by_ECDSA-SHA3-384,RSA-SHA3-384_signed-by_ECDSA-SHA3-384,13.442,2528.13,1320.01,1,7,0.5,118.571,10,2037.05,2025.66,1626,1622
1,7,76,RSA-SHA3-384_signed-by_ECDSA-SHA3-384,RSA-SHA3-384_signed-by_ECDSA-SHA3-384,11.71,2902.79,1516.64,1,7,0.388889,175.778,17,2042.46,2028.14,1626,1623
1,1,69,RSA-SHA3-384_signed-by_ECDSA-SHA3-384,RSA-SHA3-384_signed-by_ECDSA-SHA3-384,11.809,2877.1,1121.85,1,4,0.363636,123.818,24,2045.42,2008.48,1626,1621
1,8,73,RSA-SHA3-384_signed-by_ECDSA-SHA3-384,RSA-SHA3-384_signed-by_ECDSA-SHA3-384,13.257,2562.83,979.994,1,0,0,126.8,16,2018.35,1997.49,1626,1621
1,3,64,RSA-SHA3-384_signed-by_ECDSA-SHA3-384,RSA-SHA3-384_signed-by_ECDSA-SHA3-384,12.767,2662.44,1201.83,1,7,0.5,110,24,2059.31,2018.84,1626,1623
1,5,78,RSA-SHA3-384_signed-by_ECDSA-SHA3-384,RSA-SHA3-384_signed-by_ECDSA-SHA3-384,12.57,2703.53,1148.11,1,2,0.166667,114.667,15,2032.32,2032.39,1626,1622
1,7,77,RSA-SHA3-384_signed-by_ECDSA-SHA3-384,RSA-SHA3-384_signed-by_ECDSA-SHA3-384,15.283,2224.12,866.825,1,0,0,138.727,17,2047.4,2000.16,1626,1623
1,2,72,RSA-SHA3-384_signed-by_ECDSA-SHA3-384,RSA-SHA3-384_signed-by_ECDSA-SHA3-384,20.565,1652.45,1210.55,1,22,1.375,191.75,24,2040.65,1995.37,1626,1622
1,6,79,RSA-SHA3-384_signed-by_ECDSA-SHA3-384,RSA-SHA3-384_signed-by_ECDSA-SHA3-384,18.408,1846.1,1018.66,1,2,0.166667,128,10,2535.73,2471.82,1626,1622
1,8,74,RSA-SHA3-384_signed-by_ECDSA-SHA3-384,RSA-SHA3-384_signed-by_ECDSA-SHA3-384,15.973,2127.03,1233.05,1,12,0.857143,140.286,16,2023.24,2005.76,1626,1621
1,3,65,RSA-SHA3-384_signed-by_ECDSA-SHA3-384,RSA-SHA3-384_signed-by_ECDSA-SHA3-384,15.212,2234.5,1103.32,1,11,1.1,167.6,24,2045.79,2026.19,1626,1623
1,1,70,RSA-SHA3-384_signed-by_ECDSA-SHA3-384,RSA-SHA3-384_signed-by_ECDSA-SHA3-384,24.103,1409.57,1344.18,1,44,1.46667,429.6,24,2035.52,2009.39,1626,1621
1,5,79,RSA-SHA3-384_signed-by_ECDSA-SHA3-384,RSA-SHA3-384_signed-by_ECDSA-SHA3-384,18.253,1861.81,711.766,0.7,0,0,126.8,15,2492.76,2455.02,1626,1622
1,7,78,RSA-SHA3-384_signed-by_ECDSA-SHA3-384,RSA-SHA3-384_signed-by_ECDSA-SHA3-384,14.863,2287.01,1452.19,0.8125,9,0.5625,135.25,17,2032.72,2079.8,1626,1623
1,2,73,RSA-SHA3-384_signed-by_ECDSA-SHA3-384,RSA-SHA3-384_signed-by_ECDSA-SHA3-384,14.564,2333.41,892.059,1,4,0.4,136.8,24,2042.07,2016.05,1626,1622
1,6,80,RSA-SHA3-384_signed-by_ECDSA-SHA3-384,RSA-SHA3-384_signed-by_ECDSA-SHA3-384,13.814,2460.1,954.389,1,5,0.454545,543.455,10,2036.66,2010.36,1626,1622
1,8,75,RSA-SHA3-384_signed-by_ECDSA-SHA3-384,RSA-SHA3-384_signed-by_ECDSA-SHA3-384,14.695,2312.06,957.052,1,5,0.333333,96.9333,16,2030.48,2005.69,1626,1621
1,3,66,RSA-SHA3-384_signed-by_ECDSA-SHA3-384,RSA-SHA3-384_signed-by_ECDSA-SHA3-384,15.284,2224,1008.1,1,0,0,170.857,24,2036.42,2005.61,1626,1623
1,5,80,RSA-SHA3-384_signed-by_ECDSA-SHA3-384,RSA-SHA3-384_signed-by_ECDSA-SHA3-384,13.131,2587.99,997.91,1,0,0,118.364,15,2017.76,2005.31,1626,1622
1,7,79,RSA-SHA3-384_signed-by_ECDSA-SHA3-384,RSA-SHA3-384_signed-by_ECDSA-SHA3-384,11.455,2967.4,1134.16,1,0,0,148.8,17,2467.78,2466.46,1626,1623
1,6,81,RSA-SHA3-384_signed-by_ECDSA-SHA3-384,RSA-SHA3-384_signed-by_ECDSA-SHA3-384,11.105,3060.2,1381.7,0.714286,3,0.214286,171.714,10,2099.18,2004.24,1626,1622
1,1,71,RSA-SHA3-384_signed-by_ECDSA-SHA3-384,RSA-SHA3-384_signed-by_ECDSA-SHA3-384,16.951,2004.28,1185.48,1,10,0.555556,154.667,24,2085.18,1997.96,1626,1621
1,2,74,RSA-SHA3-384_signed-by_ECDSA-SHA3-384,RSA-SHA3-384_signed-by_ECDSA-SHA3-384,14.787,2298.14,1389.27,1,15,0.75,154,24,2035.3,2027.05,1626,1622
1,8,76,RSA-SHA3-384_signed-by_ECDSA-SHA3-384,RSA-SHA3-384_signed-by_ECDSA-SHA3-384,12.456,2727.61,1231.82,1,3,0.214286,170.857,16,2030.62,1984.79,1626,1621
1,3,67,RSA-SHA3-384_signed-by_ECDSA-SHA3-384,RSA-SHA3-384_signed-by_ECDSA-SHA3-384,12.862,2642.74,1242.69,1,15,0.882353,97.2941,24,2034.3,1985.48,1626,1623
1,5,81,RSA-SHA3-384_signed-by_ECDSA-SHA3-384,RSA-SHA3-384_signed-by_ECDSA-SHA3-384,11.873,2862.24,1094.23,1,0,0,222.8,15,2036.83,2032.36,1626,1622
1,7,80,RSA-SHA3-384_signed-by_ECDSA-SHA3-384,RSA-SHA3-384_signed-by_ECDSA-SHA3-384,15.727,2161.3,1160.76,1,1,0.0833333,139,17,2034.52,2084.26,1626,1623
1,6,82,RSA-SHA3-384_signed-by_ECDSA-SHA3-384,RSA-SHA3-384_signed-by_ECDSA-SHA3-384,16.801,2022.66,773.258,1,0,0,126.8,10,2031.11,2008.71,1626,1622
1,1,72,RSA-SHA3-384_signed-by_ECDSA-SHA3-384,RSA-SHA3-384_signed-by_ECDSA-SHA3-384,16.823,2019.55,1408.5,1,18,1.05882,135.412,24,2064.49,1999.27,1626,1621
1,8,77,RSA-SHA3-384_signed-by_ECDSA-SHA3-384,RSA-SHA3-384_signed-by_ECDSA-SHA3-384,13.886,2446.75,954.043,1,0,0,141.636,17,2030.06,2097.68,1626,1621
1,3,68,RSA-SHA3-384_signed-by_ECDSA-SHA3-384,RSA-SHA3-384_signed-by_ECDSA-SHA3-384,12.775,2660.81,1186.06,1,0,0,226.615,24,2028.71,2032.21,1626,1623
1,2,75,RSA-SHA3-384_signed-by_ECDSA-SHA3-384,RSA-SHA3-384_signed-by_ECDSA-SHA3-384,17.46,1946.34,1354.37,1,25,1.19048,224.286,24,2076.43,2001,1626,1622
1,5,82,RSA-SHA3-384_signed-by_ECDSA-SHA3-384,RSA-SHA3-384_signed-by_ECDSA-SHA3-384,15.182,2238.4,1168.73,1,7,0.5,118.571,15,2034.26,2011.53,1626,1622
1,7,81,RSA-SHA3-384_signed-by_ECDSA-SHA3-384,RSA-SHA3-384_signed-by_ECDSA-SHA3-384,13.709,2479.47,966.346,1,0,0,150.727,17,2034.44,2029.83,1626,1623
1,8,78,RSA-SHA3-384_signed-by_ECDSA-SHA3-384,RSA-SHA3-384_signed-by_ECDSA-SHA3-384,11.934,2846.92,1307.16,0.666667,7,0.466667,105.2,17,2015.49,2001.38,1626,1621
1,3,69,RSA-SHA3-384_signed-by_ECDSA-SHA3-384,RSA-SHA3-384_signed-by_ECDSA-SHA3-384,11.555,2941.69,1124.34,1,0,0,126.8,24,2041.11,2040.27,1626,1623
1,1,73,RSA-SHA3-384_signed-by_ECDSA-SHA3-384,RSA-SHA3-384_signed-by_ECDSA-SHA3-384,14.274,2380.2,1762.03,1,22,1.29412,155.647,24,2050.6,2018.38,1626,1621
1,6,83,RSA-SHA3-384_signed-by_ECDSA-SHA3-384,RSA-SHA3-384_signed-by_ECDSA-SHA3-384,19.183,1771.48,1185.99,1,14,0.736842,112.526,10,2041.39,2004.88,1626,1622
1,2,76,RSA-SHA3-384_signed-by_ECDSA-SHA3-384,RSA-SHA3-384_signed-by_ECDSA-SHA3-384,16.26,2089.95,943.627,1,3,0.214286,184.857,24,2032.32,1997.29,1626,1622
1,5,83,RSA-SHA3-384_signed-by_ECDSA-SHA3-384,RSA-SHA3-384_signed-by_ECDSA-SHA3-384,15.336,2215.88,1173.66,1,7,0.466667,113.2,15,2033.64,2016.34,1626,1622
1,7,82,RSA-SHA3-384_signed-by_ECDSA-SHA3-384,RSA-SHA3-384_signed-by_ECDSA-SHA3-384,13.357,2544.81,972.646,1,0,0,148.8,17,2006.14,2005.61,1626,1623
1,8,79,RSA-SHA3-384_signed-by_ECDSA-SHA3-384,RSA-SHA3-384_signed-by_ECDSA-SHA3-384,12.829,2648.32,1012.68,1,0,0,126.8,17,2453.3,2482.72,1626,1621
1,3,70,RSA-SHA3-384_signed-by_ECDSA-SHA3-384,RSA-SHA3-384_signed-by_ECDSA-SHA3-384,13.397,2537.21,1324.44,0.857143,7,0.5,118.571,24,2044.92,1991.16,1626,1623
1,1,74,RSA-SHA3-384_signed-by_ECDSA-SHA3-384,RSA-SHA3-384_signed-by_ECDSA-SHA3-384,13.202,2573.47,1377.93,1,8,0.5,108.5,24,2260.38,2008.5,1626,1621
1,6,84,RSA-SHA3-384_signed-by_ECDSA-SHA3-384,RSA-SHA3-384_signed-by_ECDSA-SHA3-384,11.738,2895.16,1106.81,1,0,0,126.8,10,2035.16,1996.93,1626,1622
1,2,77,RSA-SHA3-384_signed-by_ECDSA-SHA3-384,RSA-SHA3-384_signed-by_ECDSA-SHA3-384,12.96,2622.15,1461.69,1,11,0.846154,156.769,24,2058.1,1998.98,1626,1622
1,7,83,RSA-SHA3-384_signed-by_ECDSA-SHA3-384,RSA-SHA3-384_signed-by_ECDSA-SHA3-384,9.68,3511.21,1342.01,0.5,0,0,148.8,17,2032.13,2004,1626,1623
1,8,80,RSA-SHA3-384_signed-by_ECDSA-SHA3-384,RSA-SHA3-384_signed-by_ECDSA-SHA3-384,10.16,3344.05,1278.72,0.5,0,0,126.8,17,2018.52,1986.16,1626,1621
1,5,84,RSA-SHA3-384_signed-by_ECDSA-SHA3-384,RSA-SHA3-384_signed-by_ECDSA-SHA3-384,13.973,2432.03,1269.83,0.714286,7,0.5,118.571,15,2052.32,1993.79,1626,1622
1,3,71,RSA-SHA3-384_signed-by_ECDSA-SHA3-384,RSA-SHA3-384_signed-by_ECDSA-SHA3-384,12.074,2815.24,1568.96,0.769231,11,0.846154,146.923,24,2063.05,2014.73,1626,1623
1,1,75,RSA-SHA3-384_signed-by_ECDSA-SHA3-384,RSA-SHA3-384_signed-by_ECDSA-SHA3-384,12.582,2700.3,1052.91,0.454545,0,0,118.727,24,2047.63,2019.68,1626,1621
1,6,85,RSA-SHA3-384_signed-by_ECDSA-SHA3-384,RSA-SHA3-384_signed-by_ECDSA-SHA3-384,12.658,2684.71,1026.36,1,0,0,126.8,10,2039.78,2008.44,1626,1622
1,2,78,RSA-SHA3-384_signed-by_ECDSA-SHA3-384,RSA-SHA3-384_signed-by_ECDSA-SHA3-384,12.025,2826.05,1080.39,1,0,0,126.8,24,2063.23,1991.24,1626,1622
1,7,84,RSA-SHA3-384_signed-by_ECDSA-SHA3-384,RSA-SHA3-384_signed-by_ECDSA-SHA3-384,11.446,2969.74,1135.06,1,0,0,148.8,17,2036.82,2003.43,1626,1623
1,3,72,RSA-SHA3-384_signed-by_ECDSA-SHA3-384,RSA-SHA3-384_signed-by_ECDSA-SHA3-384,10.183,3338.08,1275.84,1,0,0,126.8,24,2044.72,1996.36,1626,1623
1,1,76,RSA-SHA3-384_signed-by_ECDSA-SHA3-384,RSA-SHA3-384_signed-by_ECDSA-SHA3-384,9.936,3419.45,1333.32,1,0,0,118.727,24,2035.21,2014.7,1626,1621
1,6,86,RSA-SHA3-384_signed-by_ECDSA-SHA3-384,RSA-SHA3-384_signed-by_ECDSA-SHA3-384,9.575,3549.21,1368.55,1,0,0,118.364,10,2008.82,2006.77,1626,1622
1,2,79,RSA-SHA3-384_signed-by_ECDSA-SHA3-384,RSA-SHA3-384_signed-by_ECDSA-SHA3-384,9.918,3426.48,1335.75,1,0,0,118.727,24,2522.19,2515.33,1626,1622
1,7,85,RSA-SHA3-384_signed-by_ECDSA-SHA3-384,RSA-SHA3-384_signed-by_ECDSA-SHA3-384,10.471,3246.21,1333.93,1,1,0.0833333,132,17,2035.22,2018.88,1626,1623
1,3,73,RSA-SHA3-384_signed-by_ECDSA-SHA3-384,RSA-SHA3-384_signed-by_ECDSA-SHA3-384,8.107,4192.42,1649.73,1,6,0.5,112,24,2081.64,2028.74,1626,1623
1,8,81,RSA-SHA3-384_signed-by_ECDSA-SHA3-384,RSA-SHA3-384_signed-by_ECDSA-SHA3-384,22.623,1501.8,1596.92,1,48,1.5,113.75,17,2027.8,2038.52,1626,1621
1,6,87,RSA-SHA3-384_signed-by_ECDSA-SHA3-384,RSA-SHA3-384_signed-by_ECDSA-SHA3-384,10.342,3285.91,1423.28,1,2,0.153846,105.692,10,2014.18,2039.28,1626,1622
1,5,85,RSA-SHA3-384_signed-by_ECDSA-SHA3-384,RSA-SHA3-384_signed-by_ECDSA-SHA3-384,26.276,1293.35,1024.81,1,29,1.07407,95.1852,15,2043.42,2012.87,1626,1622
1,7,86,RSA-SHA3-384_signed-by_ECDSA-SHA3-384,RSA-SHA3-384_signed-by_ECDSA-SHA3-384,8.313,4088.54,1649.27,1,1,0.0909091,140.545,17,2042.04,2001.61,1626,1623
1,1,77,RSA-SHA3-384_signed-by_ECDSA-SHA3-384,RSA-SHA3-384_signed-by_ECDSA-SHA3-384,14.973,2269.03,1166.84,1,10,0.666667,107.333,24,2039.12,1990.73,1626,1621
1,8,82,RSA-SHA3-384_signed-by_ECDSA-SHA3-384,RSA-SHA3-384_signed-by_ECDSA-SHA3-384,10.825,3138.57,1973.15,1,11,0.647059,126.235,17,2016.76,2022.26,1626,1621
1,6,88,RSA-SHA3-384_signed-by_ECDSA-SHA3-384,RSA-SHA3-384_signed-by_ECDSA-SHA3-384,10.435,3256.68,1977.93,1,7,0.4375,106,10,2021.09,2029.13,1626,1622
1,7,87,RSA-SHA3-384_signed-by_ECDSA-SHA3-384,RSA-SHA3-384_signed-by_ECDSA-SHA3-384,10.794,3149.08,1245.11,1,7,0.583333,130.333,17,2042.04,2005.79,1626,1623
1,2,80,RSA-SHA3-384_signed-by_ECDSA-SHA3-384,RSA-SHA3-384_signed-by_ECDSA-SHA3-384,22.059,1540.55,1298.3,1,26,1.18182,125.273,24,2070.58,2025.87,1626,1622
1,3,74,RSA-SHA3-384_signed-by_ECDSA-SHA3-384,RSA-SHA3-384_signed-by_ECDSA-SHA3-384,20.042,1696.01,778.35,1,3,0.2,172.667,24,2045.44,1998.27,1626,1623
1,5,86,RSA-SHA3-384_signed-by_ECDSA-SHA3-384,RSA-SHA3-384_signed-by_ECDSA-SHA3-384,16.788,2024.2,1397.12,1,20,1,222,15,2048.35,1989.48,1626,1622
1,8,83,RSA-SHA3-384_signed-by_ECDSA-SHA3-384,RSA-SHA3-384_signed-by_ECDSA-SHA3-384,14.77,2300.24,1295.55,1,12,0.857143,141.714,17,2026.63,2001.51,1626,1621
1,6,89,RSA-SHA3-384_signed-by_ECDSA-SHA3-384,RSA-SHA3-384_signed-by_ECDSA-SHA3-384,13.056,2602.86,995.068,0.8,0,0,126.8,10,2045.54,2015.83,1626,1622
1,1,78,RSA-SHA3-384_signed-by_ECDSA-SHA3-384,RSA-SHA3-384_signed-by_ECDSA-SHA3-384,21.529,1578.12,1092.46,1,17,0.85,214,24,2129.35,1991.86,1626,1621
1,7,88,RSA-SHA3-384_signed-by_ECDSA-SHA3-384,RSA-SHA3-384_signed-by_ECDSA-SHA3-384,12.87,2641.1,1360.02,0.764706,7,0.411765,296.118,17,2029.15,2010.94,1626,1623
1,2,81,RSA-SHA3-384_signed-by_ECDSA-SHA3-384,RSA-SHA3-384_signed-by_ECDSA-SHA3-384,14.396,2360.56,902.438,1,0,0,126.8,24,2052.32,2013.36,1626,1622
1,3,75,RSA-SHA3-384_signed-by_ECDSA-SHA3-384,RSA-SHA3-384_signed-by_ECDSA-SHA3-384,13.442,2528.72,1584.24,1,18,1.05882,128.353,24,2061.44,2049.4,1626,1623
1,5,87,RSA-SHA3-384_signed-by_ECDSA-SHA3-384,RSA-SHA3-384_signed-by_ECDSA-SHA3-384,19.982,1700.73,685.415,1,7,0.538462,106.308,15,2026.88,2009.55,1626,1622
1,8,84,RSA-SHA3-384_signed-by_ECDSA-SHA3-384,RSA-SHA3-384_signed-by_ECDSA-SHA3-384,18.548,1831.7,854.821,1,7,0.4375,101,17,2038.26,1998.62,1626,1621
1,6,90,RSA-SHA3-384_signed-by_ECDSA-SHA3-384,RSA-SHA3-384_signed-by_ECDSA-SHA3-384,18.609,1826.12,1045.46,1,11,0.733333,132.4,10,2031.87,2035.14,1626,1622
1,2,82,RSA-SHA3-384_signed-by_ECDSA-SHA3-384,RSA-SHA3-384_signed-by_ECDSA-SHA3-384,16.855,2016.17,801.151,1,0,0,213.333,24,2036.88,1996.94,1626,1622
1,7,89,RSA-SHA3-384_signed-by_ECDSA-SHA3-384,RSA-SHA3-384_signed-by_ECDSA-SHA3-384,20.804,1633.91,1148.24,1,19,1.05556,150.889,17,2245.93,2025.15,1626,1623
1,1,79,RSA-SHA3-384_signed-by_ECDSA-SHA3-384,RSA-SHA3-384_signed-by_ECDSA-SHA3-384,25.427,1336.19,931.905,1,18,1.05882,135.412,24,2512.21,2470.23,1626,1621
1,3,76,RSA-SHA3-384_signed-by_ECDSA-SHA3-384,RSA-SHA3-384_signed-by_ECDSA-SHA3-384,23.537,1444.18,1057.73,1,22,1.375,288.5,24,2209.12,2009.53,1626,1623
1,8,85,RSA-SHA3-384_signed-by_ECDSA-SHA3-384,RSA-SHA3-384_signed-by_ECDSA-SHA3-384,14.357,2366.46,904.903,1,0,0,126.8,17,2016.46,2153.53,1626,1621
1,6,91,RSA-SHA3-384_signed-by_ECDSA-SHA3-384,RSA-SHA3-384_signed-by_ECDSA-SHA3-384,13.876,2449.07,1448.23,1,14,0.777778,109.333,10,2039.42,2002.92,1626,1622
1,5,88,RSA-SHA3-384_signed-by_ECDSA-SHA3-384,RSA-SHA3-384_signed-by_ECDSA-SHA3-384,19.954,1703.04,2004.52,1,51,1.54545,333.879,15,2055.72,2012.33,1626,1622
1,7,90,RSA-SHA3-384_signed-by_ECDSA-SHA3-384,RSA-SHA3-384_signed-by_ECDSA-SHA3-384,12.569,2704.39,1220.76,1,7,0.5,204,17,2030.21,1992.86,1626,1623
1,2,83,RSA-SHA3-384_signed-by_ECDSA-SHA3-384,RSA-SHA3-384_signed-by_ECDSA-SHA3-384,17.294,1965.02,1037.09,1,8,0.533333,113.2,24,2031.83,2012.95,1626,1622
1,1,80,RSA-SHA3-384_signed-by_ECDSA-SHA3-384,RSA-SHA3-384_signed-by_ECDSA-SHA3-384,14.453,2350.73,1328.41,1,11,0.785714,287.714,24,2039.81,2001.49,1626,1621
1,3,77,RSA-SHA3-384_signed-by_ECDSA-SHA3-384,RSA-SHA3-384_signed-by_ECDSA-SHA3-384,14.514,2341.95,895.113,1,0,0,126.8,24,2058.61,2003.67,1626,1623
1,8,86,RSA-SHA3-384_signed-by_ECDSA-SHA3-384,RSA-SHA3-384_signed-by_ECDSA-SHA3-384,12.751,2664.55,1018.89,1,0,0,126.8,17,2040.14,2087,1626,1621
1,6,92,RSA-SHA3-384_signed-by_ECDSA-SHA3-384,RSA-SHA3-384_signed-by_ECDSA-SHA3-384,13.099,2594.36,1354.59,1,7,0.5,118.571,10,2044.25,2004.92,1626,1622
1,5,89,RSA-SHA3-384_signed-by_ECDSA-SHA3-384,RSA-SHA3-384_signed-by_ECDSA-SHA3-384,12.463,2726.77,1648.39,0.85,21,1.05,100.4,15,2064.94,2044.13,1626,1622
1,7,91,RSA-SHA3-384_signed-by_ECDSA-SHA3-384,RSA-SHA3-384_signed-by_ECDSA-SHA3-384,15.384,2209.52,1001.54,1,0,0,204,17,2044.1,2000.13,1626,1623
1,2,84,RSA-SHA3-384_signed-by_ECDSA-SHA3-384,RSA-SHA3-384_signed-by_ECDSA-SHA3-384,13.011,2611.9,998.524,1,0,0,126.8,24,2061.4,2007.91,1626,1622
1,8,87,RSA-SHA3-384_signed-by_ECDSA-SHA3-384,RSA-SHA3-384_signed-by_ECDSA-SHA3-384,11.083,3065.57,1172.24,0.9,0,0,126.8,17,2025.19,2015.87,1626,1621
1,1,81,RSA-SHA3-384_signed-by_ECDSA-SHA3-384,RSA-SHA3-384_signed-by_ECDSA-SHA3-384,15.925,2133.42,1114.18,1,7,0.5,126.857,24,2062.57,2015.94,1626,1621
1,3,78,RSA-SHA3-384_signed-by_ECDSA-SHA3-384,RSA-SHA3-384_signed-by_ECDSA-SHA3-384,14.187,2395.94,1519.1,1,18,1,123.333,24,2048.05,1992.71,1626,1623
1,6,93,RSA-SHA3-384_signed-by_ECDSA-SHA3-384,RSA-SHA3-384_signed-by_ECDSA-SHA3-384,12.283,2766.72,1057.71,1,0,0,126.8,10,2037.48,2006.84,1626,1622
1,5,90,RSA-SHA3-384_signed-by_ECDSA-SHA3-384,RSA-SHA3-384_signed-by_ECDSA-SHA3-384,14.355,2367.33,1219.33,0.941176,7,0.411765,105.059,15,2048.67,2016.95,1626,1622
1,7,92,RSA-SHA3-384_signed-by_ECDSA-SHA3-384,RSA-SHA3-384_signed-by_ECDSA-SHA3-384,13.096,2595.52,1031.12,1,0,0,130.333,17,2039.12,2020.78,1626,1623
1,2,85,RSA-SHA3-384_signed-by_ECDSA-SHA3-384,RSA-SHA3-384_signed-by_ECDSA-SHA3-384,15.275,2224.72,879.831,1,5,0.416667,112,24,2087.09,2024.01,1626,1622
1,1,82,RSA-SHA3-384_signed-by_ECDSA-SHA3-384,RSA-SHA3-384_signed-by_ECDSA-SHA3-384,10.853,3130.52,1197.07,1,0,0,136,24,2038.68,2012.41,1626,1621
1,8,88,RSA-SHA3-384_signed-by_ECDSA-SHA3-384,RSA-SHA3-384_signed-by_ECDSA-SHA3-384,13.583,2501.29,1394.64,1,11,0.846154,146.923,17,2039.28,2020.11,1626,1621
1,6,94,RSA-SHA3-384_signed-by_ECDSA-SHA3-384,RSA-SHA3-384_signed-by_ECDSA-SHA3-384,12.661,2684.07,1026.11,1,4,0.4,128,10,2038.82,2027.3,1626,1622
1,5,91,RSA-SHA3-384_signed-by_ECDSA-SHA3-384,RSA-SHA3-384_signed-by_ECDSA-SHA3-384,14.439,2353.53,1721.94,1,24,1.2,119.2,15,2052.29,2010.25,1626,1622
1,7,93,RSA-SHA3-384_signed-by_ECDSA-SHA3-384,RSA-SHA3-384_signed-by_ECDSA-SHA3-384,13.047,2605.29,1835.78,1,18,1,152.444,17,2030.55,2020.17,1626,1623
1,3,79,RSA-SHA3-384_signed-by_ECDSA-SHA3-384,RSA-SHA3-384_signed-by_ECDSA-SHA3-384,22.222,1529.63,1505.51,1,40,1.66667,157.333,24,2501.42,2585.15,1626,1623
1,8,89,RSA-SHA3-384_signed-by_ECDSA-SHA3-384,RSA-SHA3-384_signed-by_ECDSA-SHA3-384,11.05,3074.72,1175.73,1,0,0,126.8,17,2030.37,2002.56,1626,1621
1,6,95,RSA-SHA3-384_signed-by_ECDSA-SHA3-384,RSA-SHA3-384_signed-by_ECDSA-SHA3-384,10.978,3095.64,1611.95,1,10,0.555556,169.111,10,2516.54,2473.58,1626,1622
1,5,92,RSA-SHA3-384_signed-by_ECDSA-SHA3-384,RSA-SHA3-384_signed-by_ECDSA-SHA3-384,9.829,3457.52,1614.81,0.928571,2,0.142857,148.286,15,2034.29,2028.08,1626,1622
1,2,86,RSA-SHA3-384_signed-by_ECDSA-SHA3-384,RSA-SHA3-384_signed-by_ECDSA-SHA3-384,20.318,1672.59,1179.64,1,20,0.909091,198,24,2062.05,1989.56,1626,1622
1,7,94,RSA-SHA3-384_signed-by_ECDSA-SHA3-384,RSA-SHA3-384_signed-by_ECDSA-SHA3-384,13.386,2539.28,1344.64,1,7,0.466667,131.067,17,2028.5,2027.18,1626,1623
1,3,80,RSA-SHA3-384_signed-by_ECDSA-SHA3-384,RSA-SHA3-384_signed-by_ECDSA-SHA3-384,13.76,2470.25,944.149,1,0,0,126.8,24,2061.16,2012.73,1626,1623
1,8,90,RSA-SHA3-384_signed-by_ECDSA-SHA3-384,RSA-SHA3-384_signed-by_ECDSA-SHA3-384,14.182,2395.62,916.056,1,0,0,132.4,17,2046.45,2022.83,1626,1621
1,6,96,RSA-SHA3-384_signed-by_ECDSA-SHA3-384,RSA-SHA3-384_signed-by_ECDSA-SHA3-384,14.36,2366.47,1417.21,0.947368,14,0.736842,103.684,10,2028.79,2013.61,1626,1622
1,1,83,RSA-SHA3-384_signed-by_ECDSA-SHA3-384,RSA-SHA3-384_signed-by_ECDSA-SHA3-384,29.318,1158.88,877.549,1,25,1.25,139.8,24,2037.16,2055.17,1626,1621
1,5,93,RSA-SHA3-384_signed-by_ECDSA-SHA3-384,RSA-SHA3-384_signed-by_ECDSA-SHA3-384,14.036,2421.13,1349.63,1,11,0.846154,146.923,15,2046.27,2022.69,1626,1622
1,7,95,RSA-SHA3-384_signed-by_ECDSA-SHA3-384,RSA-SHA3-384_signed-by_ECDSA-SHA3-384,11.507,2954,1355.68,1,7,0.466667,122.267,17,2505.92,2487.98,1626,1623
1,3,81,RSA-SHA3-384_signed-by_ECDSA-SHA3-384,RSA-SHA3-384_signed-by_ECDSA-SHA3-384,11.72,2900.3,1513.97,1,7,0.5,118.571,24,2034.45,2045.33,1626,1623
1,8,91,RSA-SHA3-384_signed-by_ECDSA-SHA3-384,RSA-SHA3-384_signed-by_ECDSA-SHA3-384,12.244,2774.85,1061.07,1,0,0,126.8,17,2037.34,1999.6,1626,1621
1,6,97,RSA-SHA3-384_signed-by_ECDSA-SHA3-384,RSA-SHA3-384_signed-by_ECDSA-SHA3-384,11.092,3063.8,2439.21,1,14,0.736842,111.263,10,2033.71,1988.64,1626,1622
1,5,94,RSA-SHA3-384_signed-by_ECDSA-SHA3-384,RSA-SHA3-384_signed-by_ECDSA-SHA3-384,9.387,3619.95,1682.15,0.875,14,0.875,177,15,2035.71,1992.89,1626,1622
1,2,87,RSA-SHA3-384_signed-by_ECDSA-SHA3-384,RSA-SHA3-384_signed-by_ECDSA-SHA3-384,24.36,1395.05,1276.82,1,33,1.22222,113.407,24,2044.85,2015.16,1626,1622
1,7,96,RSA-SHA3-384_signed-by_ECDSA-SHA3-384,RSA-SHA3-384_signed-by_ECDSA-SHA3-384,11.424,2975.44,1137.24,1,0,0,148.8,17,2064.63,1995.24,1626,1623
1,1,84,RSA-SHA3-384_signed-by_ECDSA-SHA3-384,RSA-SHA3-384_signed-by_ECDSA-SHA3-384,21.254,1598.57,912.393,1,12,0.8,142.267,24,2040.56,2004,1626,1621
1,8,92,RSA-SHA3-384_signed-by_ECDSA-SHA3-384,RSA-SHA3-384_signed-by_ECDSA-SHA3-384,12.874,2639.09,1009.16,1,0,0,126.8,17,2024.91,2025.58,1626,1621
1,2,88,RSA-SHA3-384_signed-by_ECDSA-SHA3-384,RSA-SHA3-384_signed-by_ECDSA-SHA3-384,10.793,3148.68,1294.16,0.916667,1,0.0833333,145.333,24,2031.05,2023.06,1626,1622
1,5,95,RSA-SHA3-384_signed-by_ECDSA-SHA3-384,RSA-SHA3-384_signed-by_ECDSA-SHA3-384,16.424,2069.1,1211.84,1,7,0.411765,170.941,15,2512.76,2641.41,1626,1622
1,6,98,RSA-SHA3-384_signed-by_ECDSA-SHA3-384,RSA-SHA3-384_signed-by_ECDSA-SHA3-384,17.951,1893.07,1363.65,1,10,0.555556,109.556,10,2058.86,2011.13,1626,1622
1,7,97,RSA-SHA3-384_signed-by_ECDSA-SHA3-384,RSA-SHA3-384_signed-by_ECDSA-SHA3-384,12.554,2707.63,1433.79,1,11,0.733333,131.067,17,2029.5,2023.56,1626,1623
1,1,85,RSA-SHA3-384_signed-by_ECDSA-SHA3-384,RSA-SHA3-384_signed-by_ECDSA-SHA3-384,11.415,2976.36,1344.16,1,7,0.5,117.429,24,2040.17,2018.97,1626,1621
1,8,93,RSA-SHA3-384_signed-by_ECDSA-SHA3-384,RSA-SHA3-384_signed-by_ECDSA-SHA3-384,11.748,2891.99,1250.22,1,2,0.153846,108.769,17,2029.3,2000.05,1626,1621
1,2,89,RSA-SHA3-384_signed-by_ECDSA-SHA3-384,RSA-SHA3-384_signed-by_ECDSA-SHA3-384,9.853,3448.76,1318.45,1,0,0,126.8,24,2037.18,2014.11,1626,1622
1,6,99,RSA-SHA3-384_signed-by_ECDSA-SHA3-384,RSA-SHA3-384_signed-by_ECDSA-SHA3-384,8.787,3867.13,1478.4,1,0,0,126.8,10,2014.39,2002.54,1626,1622
1,1,86,RSA-SHA3-384_signed-by_ECDSA-SHA3-384,RSA-SHA3-384_signed-by_ECDSA-SHA3-384,10.759,3157.86,1467.77,1,14,0.875,107.5,24,2041.06,1992.75,1626,1621
1,7,98,RSA-SHA3-384_signed-by_ECDSA-SHA3-384,RSA-SHA3-384_signed-by_ECDSA-SHA3-384,15.85,2144.51,1283.98,1,10,0.526316,168.526,17,2029.96,2007.34,1626,1623
1,3,82,RSA-SHA3-384_signed-by_ECDSA-SHA3-384,RSA-SHA3-384_signed-by_ECDSA-SHA3-384,39.338,864.079,647.5,1,29,1.52632,147.053,24,2052.86,2027.76,1626,1623
1,8,94,RSA-SHA3-384_signed-by_ECDSA-SHA3-384,RSA-SHA3-384_signed-by_ECDSA-SHA3-384,13.939,2437.4,950.395,1,0,0,118.727,17,2044.07,2018.97,1626,1621
1,2,90,RSA-SHA3-384_signed-by_ECDSA-SHA3-384,RSA-SHA3-384_signed-by_ECDSA-SHA3-384,14.228,2388.45,1331.41,1,11,0.846154,146.923,24,2045.58,1986.37,1626,1622
1,5,96,RSA-SHA3-384_signed-by_ECDSA-SHA3-384,RSA-SHA3-384_signed-by_ECDSA-SHA3-384,23.273,1460.2,1003.72,1,16,0.888889,127.778,15,2042.8,2020.49,1626,1622
1,1,87,RSA-SHA3-384_signed-by_ECDSA-SHA3-384,RSA-SHA3-384_signed-by_ECDSA-SHA3-384,9.239,3677.08,1639.84,1,0,0,220.769,24,2140.01,2021.7,1626,1621
1,7,99,RSA-SHA3-384_signed-by_ECDSA-SHA3-384,RSA-SHA3-384_signed-by_ECDSA-SHA3-384,13.322,2551.49,1013.63,1,0,0,112,17,2010.09,2037.12,1626,1623
1,2,91,RSA-SHA3-384_signed-by_ECDSA-SHA3-384,RSA-SHA3-384_signed-by_ECDSA-SHA3-384,11.515,2951.23,1128.25,1,0,0,126.8,24,2053.64,2021.11,1626,1622
1,5,97,RSA-SHA3-384_signed-by_ECDSA-SHA3-384,RSA-SHA3-384_signed-by_ECDSA-SHA3-384,10.939,3106.65,1187.67,0.8,0,0,126.8,15,2007.8,2019.83,1626,1622
1,8,95,RSA-SHA3-384_signed-by_ECDSA-SHA3-384,RSA-SHA3-384_signed-by_ECDSA-SHA3-384,15.551,2184.73,1218.14,1,11,0.846154,146.923,17,2482.28,2467.06,1626,1621
1,1,88,RSA-SHA3-384_signed-by_ECDSA-SHA3-384,RSA-SHA3-384_signed-by_ECDSA-SHA3-384,11.095,3062.26,1170.97,0,0,0,136,24,2050.82,1994.08,1626,1621
1,3,83,RSA-SHA3-384_signed-by_ECDSA-SHA3-384,RSA-SHA3-384_signed-by_ECDSA-SHA3-384,16.701,2035.24,2375.81,0.75,54,1.6875,329.875,24,2056.48,2005.15,1626,1623
1,2,92,RSA-SHA3-384_signed-by_ECDSA-SHA3-384,RSA-SHA3-384_signed-by_ECDSA-SHA3-384,7.883,4310.55,1680.38,0,0,0,114.364,24,2015.68,1997.35,1626,1622
1,5,98,RSA-SHA3-384_signed-by_ECDSA-SHA3-384,RSA-SHA3-384_signed-by_ECDSA-SHA3-384,8.171,4158.6,1589.82,0,0,0,126.8,15,2096.65,2000.16,1626,1622
1,1,89,RSA-SHA3-384_signed-by_ECDSA-SHA3-384,RSA-SHA3-384_signed-by_ECDSA-SHA3-384,7.568,4488.85,1716.48,0,0,0,136,24,2060.23,1988.76,1626,1621
1,3,84,RSA-SHA3-384_signed-by_ECDSA-SHA3-384,RSA-SHA3-384_signed-by_ECDSA-SHA3-384,7.983,4258.04,1627.45,0,0,0,129.2,24,2039.27,2028.01,1626,1623
1,8,96,RSA-SHA3-384_signed-by_ECDSA-SHA3-384,RSA-SHA3-384_signed-by_ECDSA-SHA3-384,9.527,3566.2,1363.67,0,0,0,222.8,17,2015.82,2000.57,1626,1621
1,2,93,RSA-SHA3-384_signed-by_ECDSA-SHA3-384,RSA-SHA3-384_signed-by_ECDSA-SHA3-384,8.278,4104.91,1569.3,0.4,0,0,126.8,24,2040.46,2019.75,1626,1622
1,5,99,RSA-SHA3-384_signed-by_ECDSA-SHA3-384,RSA-SHA3-384_signed-by_ECDSA-SHA3-384,9.321,3645.58,1393.7,0.7,0,0,126.8,15,2009.8,2018.24,1626,1622
1,1,90,RSA-SHA3-384_signed-by_ECDSA-SHA3-384,RSA-SHA3-384_signed-by_ECDSA-SHA3-384,10.154,3346.07,1804.21,0.529412,13,0.764706,111.176,24,2052.27,2000.34,1626,1621
1,3,85,RSA-SHA3-384_signed-by_ECDSA-SHA3-384,RSA-SHA3-384_signed-by_ECDSA-SHA3-384,10.528,3228.72,1282.67,0.75,0,0,112,24,2054.44,2011.94,1626,1623
1,8,97,RSA-SHA3-384_signed-by_ECDSA-SHA3-384,RSA-SHA3-384_signed-by_ECDSA-SHA3-384,10.727,3167.04,1747.95,0.75,2,0.166667,128,17,2020.26,1999,1626,1621
1,2,94,RSA-SHA3-384_signed-by_ECDSA-SHA3-384,RSA-SHA3-384_signed-by_ECDSA-SHA3-384,10.323,3291.75,1294.07,0.916667,0,0,107.667,24,2039.34,1996.46,1626,1622
1,1,91,RSA-SHA3-384_signed-by_ECDSA-SHA3-384,RSA-SHA3-384_signed-by_ECDSA-SHA3-384,8.728,3892.76,2296.97,0.409091,18,0.818182,135.636,24,2044.45,2018.27,1626,1621
1,3,86,RSA-SHA3-384_signed-by_ECDSA-SHA3-384,RSA-SHA3-384_signed-by_ECDSA-SHA3-384,9.694,3506.41,2099.39,0.789474,14,0.736842,103.684,24,2052.57,2000.14,1626,1623
1,8,98,RSA-SHA3-384_signed-by_ECDSA-SHA3-384,RSA-SHA3-384_signed-by_ECDSA-SHA3-384,9.111,3729.04,1712.18,1,7,0.466667,105.2,17,2033.48,2003.21,1626,1621
1,2,95,RSA-SHA3-384_signed-by_ECDSA-SHA3-384,RSA-SHA3-384_signed-by_ECDSA-SHA3-384,8.838,3845.1,1527.9,1,0,0,108,24,2492.87,2496.12,1626,1622
1,1,92,RSA-SHA3-384_signed-by_ECDSA-SHA3-384,RSA-SHA3-384_signed-by_ECDSA-SHA3-384,9.031,3762.06,1964.74,1,7,0.5,126,24,2047.71,1997.21,1626,1621
1,8,99,RSA-SHA3-384_signed-by_ECDSA-SHA3-384,RSA-SHA3-384_signed-by_ECDSA-SHA3-384,7.923,4288.22,2514.17,1,12,0.8,130.267,17,2176.43,2178.44,1626,1621
1,3,87,RSA-SHA3-384_signed-by_ECDSA-SHA3-384,RSA-SHA3-384_signed-by_ECDSA-SHA3-384,9.789,3472.35,1961.32,1,11,0.785714,135.714,24,2043.29,2033.39,1626,1623
1,2,96,RSA-SHA3-384_signed-by_ECDSA-SHA3-384,RSA-SHA3-384_signed-by_ECDSA-SHA3-384,9.686,3508.43,2499.18,0.894737,18,0.947368,122.632,24,2026.21,1992.24,1626,1622
1,3,88,RSA-SHA3-384_signed-by_ECDSA-SHA3-384,RSA-SHA3-384_signed-by_ECDSA-SHA3-384,7.13,4766.86,1857.83,0,0,0,114.364,24,2038.5,2038.18,1626,1623
1,1,93,RSA-SHA3-384_signed-by_ECDSA-SHA3-384,RSA-SHA3-384_signed-by_ECDSA-SHA3-384,11.126,3053.63,1725.62,0.857143,11,0.785714,135.714,24,2027.07,1992.02,1626,1621
1,2,97,RSA-SHA3-384_signed-by_ECDSA-SHA3-384,RSA-SHA3-384_signed-by_ECDSA-SHA3-384,6.159,5517.28,2150.8,0.454545,0,0,114.364,24,2037.21,2014.57,1626,1622
1,3,89,RSA-SHA3-384_signed-by_ECDSA-SHA3-384,RSA-SHA3-384_signed-by_ECDSA-SHA3-384,5.755,5905.97,2629.82,0.8,5,0.333333,97.7333,24,2043.64,2017.72,1626,1623
1,2,98,RSA-SHA3-384_signed-by_ECDSA-SHA3-384,RSA-SHA3-384_signed-by_ECDSA-SHA3-384,6.626,5128.2,1999.13,0.636364,0,0,114.364,24,2038.52,1988.88,1626,1622
1,1,94,RSA-SHA3-384_signed-by_ECDSA-SHA3-384,RSA-SHA3-384_signed-by_ECDSA-SHA3-384,9.242,3676.23,2693.77,0.75,22,1.375,163,24,2038.25,1996.42,1626,1621
1,3,90,RSA-SHA3-384_signed-by_ECDSA-SHA3-384,RSA-SHA3-384_signed-by_ECDSA-SHA3-384,9.436,3602.35,1480.28,0.5,1,0.0833333,276.333,24,2040.65,2005.62,1626,1623
1,2,99,RSA-SHA3-384_signed-by_ECDSA-SHA3-384,RSA-SHA3-384_signed-by_ECDSA-SHA3-384,6.386,5321.17,2074.36,0.545455,0,0,114.364,24,2070.3,1995.7,1626,1622
1,1,95,RSA-SHA3-384_signed-by_ECDSA-SHA3-384,RSA-SHA3-384_signed-by_ECDSA-SHA3-384,9.633,3526.7,1992.95,0.428571,11,0.785714,135.714,24,2480.84,2466.93,1626,1621
1,3,91,RSA-SHA3-384_signed-by_ECDSA-SHA3-384,RSA-SHA3-384_signed-by_ECDSA-SHA3-384,5.836,5823.75,2269.74,0,0,0,114.364,24,2033.86,2009.38,1626,1623
1,1,96,RSA-SHA3-384_signed-by_ECDSA-SHA3-384,RSA-SHA3-384_signed-by_ECDSA-SHA3-384,5.109,6649.48,2733.69,0.5,1,0.0833333,113.333,24,2068.46,2021.54,1626,1621
1,3,92,RSA-SHA3-384_signed-by_ECDSA-SHA3-384,RSA-SHA3-384_signed-by_ECDSA-SHA3-384,6.387,5321.64,3005.87,0.428571,11,0.785714,135.714,24,2040.95,2007.47,1626,1623
1,1,97,RSA-SHA3-384_signed-by_ECDSA-SHA3-384,RSA-SHA3-384_signed-by_ECDSA-SHA3-384,5.016,6773.01,2640.95,0,0,0,114.364,24,2051.43,2021.36,1626,1621
1,3,93,RSA-SHA3-384_signed-by_ECDSA-SHA3-384,RSA-SHA3-384_signed-by_ECDSA-SHA3-384,5.28,6437.41,2508.91,0,0,0,114.364,24,2044.93,2019.02,1626,1623
1,1,98,RSA-SHA3-384_signed-by_ECDSA-SHA3-384,RSA-SHA3-384_signed-by_ECDSA-SHA3-384,5.439,6246.3,2435.57,0,0,0,114.364,24,2061.89,1999.9,1626,1621
1,3,94,RSA-SHA3-384_signed-by_ECDSA-SHA3-384,RSA-SHA3-384_signed-by_ECDSA-SHA3-384,5.008,6787.02,2645.16,0,0,0,114.364,24,2046.97,2008.83,1626,1623
1,1,99,RSA-SHA3-384_signed-by_ECDSA-SHA3-384,RSA-SHA3-384_signed-by_ECDSA-SHA3-384,5.093,6670.61,2601.02,0,0,0,116.182,24,2020.01,2003.07,1626,1621
1,3,95,RSA-SHA3-384_signed-by_ECDSA-SHA3-384,RSA-SHA3-384_signed-by_ECDSA-SHA3-384,5.552,6122.05,2386,0,0,0,114.364,24,2487.41,2467.02,1626,1623
1,3,96,RSA-SHA3-384_signed-by_ECDSA-SHA3-384,RSA-SHA3-384_signed-by_ECDSA-SHA3-384,5.015,6777.68,2641.52,0,0,0,114.364,24,2035.86,2001.19,1626,1623
1,3,97,RSA-SHA3-384_signed-by_ECDSA-SHA3-384,RSA-SHA3-384_signed-by_ECDSA-SHA3-384,5.183,6558.12,2555.95,0,0,0,114.364,24,2040.28,2004.16,1626,1623
1,3,98,RSA-SHA3-384_signed-by_ECDSA-SHA3-384,RSA-SHA3-384_signed-by_ECDSA-SHA3-384,5.072,6701.64,2611.89,0,0,0,114.364,24,2040.52,2023.53,1626,1623
1,3,99,RSA-SHA3-384_signed-by_ECDSA-SHA3-384,RSA-SHA3-384_signed-by_ECDSA-SHA3-384,5.045,6737.5,2625.87,0,0,0,114.364,24,2012.06,2008.37,1626,1623
1,4,0,RSA-SHA3-384_signed-by_ECDSA-SHA3-384,RSA-SHA3-384_signed-by_ECDSA-SHA3-384,2009.85,16.9087,4.52968,1,0,0,161.2,24,2091.22,2075.9,1626,1622
1,4,1,RSA-SHA3-384_signed-by_ECDSA-SHA3-384,RSA-SHA3-384_signed-by_ECDSA-SHA3-384,5.251,6471.67,2522.86,0,0,0,132.909,24,2054.35,2027.54,1626,1622
1,4,2,RSA-SHA3-384_signed-by_ECDSA-SHA3-384,RSA-SHA3-384_signed-by_ECDSA-SHA3-384,5.252,6470.44,2522.38,0,0,0,132.909,24,2071.22,2034.09,1626,1622
1,4,3,RSA-SHA3-384_signed-by_ECDSA-SHA3-384,RSA-SHA3-384_signed-by_ECDSA-SHA3-384,5.226,6502.63,2534.92,0,0,0,132.909,24,2068.85,2021.64,1626,1622
1,4,4,RSA-SHA3-384_signed-by_ECDSA-SHA3-384,RSA-SHA3-384_signed-by_ECDSA-SHA3-384,5.479,6202.37,2417.87,0,0,0,132.909,24,2077.22,2108.17,1626,1622
1,4,5,RSA-SHA3-384_signed-by_ECDSA-SHA3-384,RSA-SHA3-384_signed-by_ECDSA-SHA3-384,5.214,6517.6,2540.76,0,0,0,132.909,24,2080.82,2024.14,1626,1622
1,4,6,RSA-SHA3-384_signed-by_ECDSA-SHA3-384,RSA-SHA3-384_signed-by_ECDSA-SHA3-384,5.19,6547.73,2552.51,0,0,0,132.909,24,2055.98,2022.72,1626,1622
1,4,7,RSA-SHA3-384_signed-by_ECDSA-SHA3-384,RSA-SHA3-384_signed-by_ECDSA-SHA3-384,5.186,6552.78,2554.48,0,0,0,132.909,24,2058.78,2024.04,1626,1622
1,4,8,RSA-SHA3-384_signed-by_ECDSA-SHA3-384,RSA-SHA3-384_signed-by_ECDSA-SHA3-384,5.302,6409.42,2498.59,0,0,0,132.909,24,2064.33,2032.71,1626,1622
1,4,9,RSA-SHA3-384_signed-by_ECDSA-SHA3-384,RSA-SHA3-384_signed-by_ECDSA-SHA3-384,5.163,6581.97,2565.85,0,0,0,127.818,24,2051.54,2052.65,1626,1622
1,4,10,RSA-SHA3-384_signed-by_ECDSA-SHA3-384,RSA-SHA3-384_signed-by_ECDSA-SHA3-384,5.158,6588.35,2568.34,0,0,0,123.455,24,2062.14,2029.32,1626,1622
1,4,11,RSA-SHA3-384_signed-by_ECDSA-SHA3-384,RSA-SHA3-384_signed-by_ECDSA-SHA3-384,5.232,6495.17,2532.02,0,0,0,123.455,24,2064.37,2043.2,1626,1622
1,4,12,RSA-SHA3-384_signed-by_ECDSA-SHA3-384,RSA-SHA3-384_signed-by_ECDSA-SHA3-384,6.654,5106.77,1990.77,0,0,0,123.455,24,2060.63,2038.34,1626,1622
1,4,13,RSA-SHA3-384_signed-by_ECDSA-SHA3-384,RSA-SHA3-384_signed-by_ECDSA-SHA3-384,5.101,6661.97,2597.04,0,0,0,123.455,24,2059.12,2022.89,1626,1622
1,4,14,RSA-SHA3-384_signed-by_ECDSA-SHA3-384,RSA-SHA3-384_signed-by_ECDSA-SHA3-384,5.116,6642.44,2589.43,0,0,0,121.273,24,2075.08,2027.02,1626,1622
1,4,15,RSA-SHA3-384_signed-by_ECDSA-SHA3-384,RSA-SHA3-384_signed-by_ECDSA-SHA3-384,5.57,6101.05,2378.37,0,0,0,123.455,24,2506.6,2552.23,1626,1622
1,4,16,RSA-SHA3-384_signed-by_ECDSA-SHA3-384,RSA-SHA3-384_signed-by_ECDSA-SHA3-384,5.098,6665.89,2598.57,0,0,0,123.455,24,2054.63,2019.02,1626,1622
1,4,17,RSA-SHA3-384_signed-by_ECDSA-SHA3-384,RSA-SHA3-384_signed-by_ECDSA-SHA3-384,5.153,6594.75,2570.83,0,0,0,123.455,24,2051.05,2035.35,1626,1622
1,4,18,RSA-SHA3-384_signed-by_ECDSA-SHA3-384,RSA-SHA3-384_signed-by_ECDSA-SHA3-384,5.199,6536.4,2548.09,0,0,0,123.455,24,2064.56,2024.62,1626,1622
1,4,19,RSA-SHA3-384_signed-by_ECDSA-SHA3-384,RSA-SHA3-384_signed-by_ECDSA-SHA3-384,5.043,6738.59,2626.91,0,0,0,114.364,24,2049.6,2019.02,1626,1622
1,4,20,RSA-SHA3-384_signed-by_ECDSA-SHA3-384,RSA-SHA3-384_signed-by_ECDSA-SHA3-384,5.083,6685.56,2606.24,0,0,0,114.364,24,2052.82,2017.72,1626,1622
1,4,21,RSA-SHA3-384_signed-by_ECDSA-SHA3-384,RSA-SHA3-384_signed-by_ECDSA-SHA3-384,5.043,6738.59,2626.91,0,0,0,114.364,24,2052.82,2009.92,1626,1622
1,4,22,RSA-SHA3-384_signed-by_ECDSA-SHA3-384,RSA-SHA3-384_signed-by_ECDSA-SHA3-384,5.083,6685.56,2606.24,0,0,0,114.364,24,2054,2015.94,1626,1622
1,4,23,RSA-SHA3-384_signed-by_ECDSA-SHA3-384,RSA-SHA3-384_signed-by_ECDSA-SHA3-384,5.064,6710.65,2616.01,0,0,0,114.364,24,2043.95,2015.64,1626,1622
1,4,24,RSA-SHA3-384_signed-by_ECDSA-SHA3-384,RSA-SHA3-384_signed-by_ECDSA-SHA3-384,5.066,6708,2614.98,0,0,0,114.364,24,2042.61,2020.31,1626,1622
1,4,25,RSA-SHA3-384_signed-by_ECDSA-SHA3-384,RSA-SHA3-384_signed-by_ECDSA-SHA3-384,5.113,6646.34,2590.95,0,0,0,114.364,24,2043.29,2004.53,1626,1622
1,4,26,RSA-SHA3-384_signed-by_ECDSA-SHA3-384,RSA-SHA3-384_signed-by_ECDSA-SHA3-384,5.162,6583.25,2566.35,0,0,0,114.364,24,2040.2,2004.6,1626,1622
1,4,27,RSA-SHA3-384_signed-by_ECDSA-SHA3-384,RSA-SHA3-384_signed-by_ECDSA-SHA3-384,5.239,6486.5,2528.63,0,0,0,114.364,24,2064.22,2015.62,1626,1622
1,4,28,RSA-SHA3-384_signed-by_ECDSA-SHA3-384,RSA-SHA3-384_signed-by_ECDSA-SHA3-384,5.16,6585.8,2567.35,0,0,0,114.364,24,2044.79,2017.29,1626,1622
1,4,29,RSA-SHA3-384_signed-by_ECDSA-SHA3-384,RSA-SHA3-384_signed-by_ECDSA-SHA3-384,5.281,6434.91,2508.52,0,0,0,114.364,24,2064.32,2008.72,1626,1622
1,4,30,RSA-SHA3-384_signed-by_ECDSA-SHA3-384,RSA-SHA3-384_signed-by_ECDSA-SHA3-384,5.062,6713.3,2617.05,0,0,0,114.364,24,2040.39,2007.67,1626,1622
1,4,31,RSA-SHA3-384_signed-by_ECDSA-SHA3-384,RSA-SHA3-384_signed-by_ECDSA-SHA3-384,5.645,6019.99,2346.78,0,0,0,114.364,24,2533.28,2473.06,1626,1622
1,4,32,RSA-SHA3-384_signed-by_ECDSA-SHA3-384,RSA-SHA3-384_signed-by_ECDSA-SHA3-384,5.9,5759.52,2245.23,0,0,0,114.364,24,2033.25,2007.78,1626,1622
1,4,33,RSA-SHA3-384_signed-by_ECDSA-SHA3-384,RSA-SHA3-384_signed-by_ECDSA-SHA3-384,5.126,6629.48,2584.37,0,0,0,114.364,24,2036.83,2034.76,1626,1622
1,4,34,RSA-SHA3-384_signed-by_ECDSA-SHA3-384,RSA-SHA3-384_signed-by_ECDSA-SHA3-384,5.077,6693.46,2609.32,0,0,0,114.364,24,2034.73,2008.83,1626,1622
1,4,35,RSA-SHA3-384_signed-by_ECDSA-SHA3-384,RSA-SHA3-384_signed-by_ECDSA-SHA3-384,5.089,6677.68,2603.16,0,0,0,114.364,24,2038.02,2001.09,1626,1622
1,4,36,RSA-SHA3-384_signed-by_ECDSA-SHA3-384,RSA-SHA3-384_signed-by_ECDSA-SHA3-384,5.078,6692.15,2608.8,0,0,0,114.364,24,2047.04,2008.39,1626,1622
1,4,37,RSA-SHA3-384_signed-by_ECDSA-SHA3-384,RSA-SHA3-384_signed-by_ECDSA-SHA3-384,5.042,6739.93,2627.43,0,0,0,114.364,24,2036.35,2006.03,1626,1622
1,4,38,RSA-SHA3-384_signed-by_ECDSA-SHA3-384,RSA-SHA3-384_signed-by_ECDSA-SHA3-384,5.125,6630.78,2584.88,0,0,0,114.364,24,2036.52,2034.72,1626,1622
1,4,39,RSA-SHA3-384_signed-by_ECDSA-SHA3-384,RSA-SHA3-384_signed-by_ECDSA-SHA3-384,5.15,6598.59,2572.33,0,0,0,114.364,24,2042.17,2003.99,1626,1622
1,4,40,RSA-SHA3-384_signed-by_ECDSA-SHA3-384,RSA-SHA3-384_signed-by_ECDSA-SHA3-384,5.247,6476.61,2524.78,0,0,0,114.364,24,2041.34,2057.12,1626,1622
1,4,41,RSA-SHA3-384_signed-by_ECDSA-SHA3-384,RSA-SHA3-384_signed-by_ECDSA-SHA3-384,4.994,6804.7,2652.68,0,0,0,114.364,24,2037.57,2012.26,1626,1622
1,4,42,RSA-SHA3-384_signed-by_ECDSA-SHA3-384,RSA-SHA3-384_signed-by_ECDSA-SHA3-384,5.036,6747.96,2630.56,0,0,0,114.364,24,2036.95,2028.71,1626,1622
1,4,43,RSA-SHA3-384_signed-by_ECDSA-SHA3-384,RSA-SHA3-384_signed-by_ECDSA-SHA3-384,5.143,6607.57,2575.83,0,0,0,114.364,24,2040.56,2009.06,1626,1622
1,4,44,RSA-SHA3-384_signed-by_ECDSA-SHA3-384,RSA-SHA3-384_signed-by_ECDSA-SHA3-384,5.224,6505.12,2535.89,0,0,0,114.364,24,2038.73,2019.33,1626,1622
1,4,45,RSA-SHA3-384_signed-by_ECDSA-SHA3-384,RSA-SHA3-384_signed-by_ECDSA-SHA3-384,5.185,6554.05,2554.97,0,0,0,114.364,24,2053.54,2018.72,1626,1622
1,4,46,RSA-SHA3-384_signed-by_ECDSA-SHA3-384,RSA-SHA3-384_signed-by_ECDSA-SHA3-384,5.091,6675.06,2602.14,0,0,0,114.364,24,2100.13,2030.13,1626,1622
1,4,47,RSA-SHA3-384_signed-by_ECDSA-SHA3-384,RSA-SHA3-384_signed-by_ECDSA-SHA3-384,5.59,6079.22,2369.86,0,0,0,114.364,24,2521.55,2478.66,1626,1622
1,4,48,RSA-SHA3-384_signed-by_ECDSA-SHA3-384,RSA-SHA3-384_signed-by_ECDSA-SHA3-384,5.146,6603.72,2574.33,0,0,0,114.364,24,2046.27,2016.1,1626,1622
1,4,49,RSA-SHA3-384_signed-by_ECDSA-SHA3-384,RSA-SHA3-384_signed-by_ECDSA-SHA3-384,5.165,6579.43,2564.86,0,0,0,114.364,24,2049.08,2010.01,1626,1622
1,4,50,RSA-SHA3-384_signed-by_ECDSA-SHA3-384,RSA-SHA3-384_signed-by_ECDSA-SHA3-384,5.039,6743.94,2628.99,0,0,0,114.364,24,2043.08,2006.4,1626,1622
1,4,51,RSA-SHA3-384_signed-by_ECDSA-SHA3-384,RSA-SHA3-384_signed-by_ECDSA-SHA3-384,5.184,6555.31,2555.46,0,0,0,114.364,24,2046.35,2020.21,1626,1622
1,4,52,RSA-SHA3-384_signed-by_ECDSA-SHA3-384,RSA-SHA3-384_signed-by_ECDSA-SHA3-384,5.149,6599.67,2572.75,0,0,0,114.364,24,2062.56,2021.9,1626,1622
1,4,53,RSA-SHA3-384_signed-by_ECDSA-SHA3-384,RSA-SHA3-384_signed-by_ECDSA-SHA3-384,5.004,6791.11,2647.38,0,0,0,114.364,24,2067.94,2010.33,1626,1622
1,4,54,RSA-SHA3-384_signed-by_ECDSA-SHA3-384,RSA-SHA3-384_signed-by_ECDSA-SHA3-384,4.994,6804.7,2652.68,0,0,0,114.364,24,2053.17,2006.92,1626,1622
1,4,55,RSA-SHA3-384_signed-by_ECDSA-SHA3-384,RSA-SHA3-384_signed-by_ECDSA-SHA3-384,5.077,6693.46,2609.32,0,0,0,114.364,24,2037.71,2014.41,1626,1622
1,4,56,RSA-SHA3-384_signed-by_ECDSA-SHA3-384,RSA-SHA3-384_signed-by_ECDSA-SHA3-384,5.013,6778.91,2642.63,0,0,0,114.364,24,2032.97,2002.82,1626,1622
1,4,57,RSA-SHA3-384_signed-by_ECDSA-SHA3-384,RSA-SHA3-384_signed-by_ECDSA-SHA3-384,5.164,6580.7,2565.36,0,0,0,114.364,24,2048.71,2020.93,1626,1622
1,4,58,RSA-SHA3-384_signed-by_ECDSA-SHA3-384,RSA-SHA3-384_signed-by_ECDSA-SHA3-384,5.063,6711.97,2616.53,0,0,0,114.364,24,2037.58,2008.73,1626,1622
1,4,59,RSA-SHA3-384_signed-by_ECDSA-SHA3-384,RSA-SHA3-384_signed-by_ECDSA-SHA3-384,5.065,6709.32,2615.5,0,0,0,114.364,24,2038.03,2003.36,1626,1622
1,4,60,RSA-SHA3-384_signed-by_ECDSA-SHA3-384,RSA-SHA3-384_signed-by_ECDSA-SHA3-384,5.186,6552.78,2554.48,0,0,0,114.364,24,2051.36,2046.4,1626,1622
1,4,61,RSA-SHA3-384_signed-by_ECDSA-SHA3-384,RSA-SHA3-384_signed-by_ECDSA-SHA3-384,5.004,6791.11,2647.38,0,0,0,114.364,24,2037.59,2016.93,1626,1622
1,4,62,RSA-SHA3-384_signed-by_ECDSA-SHA3-384,RSA-SHA3-384_signed-by_ECDSA-SHA3-384,5.132,6621.73,2581.35,0,0,0,114.364,24,2052.74,2006.64,1626,1622
1,4,63,RSA-SHA3-384_signed-by_ECDSA-SHA3-384,RSA-SHA3-384_signed-by_ECDSA-SHA3-384,5.542,6131.87,2390.39,0,0,0,114.364,24,2517.25,2469.79,1626,1622
1,4,64,RSA-SHA3-384_signed-by_ECDSA-SHA3-384,RSA-SHA3-384_signed-by_ECDSA-SHA3-384,5.041,6741.26,2627.95,0,0,0,114.364,24,2039.06,2002.59,1626,1622
1,4,65,RSA-SHA3-384_signed-by_ECDSA-SHA3-384,RSA-SHA3-384_signed-by_ECDSA-SHA3-384,5.174,6567.98,2560.4,0,0,0,114.364,24,2034.53,2014.07,1626,1622
1,4,66,RSA-SHA3-384_signed-by_ECDSA-SHA3-384,RSA-SHA3-384_signed-by_ECDSA-SHA3-384,5.112,6647.64,2591.45,0,0,0,114.364,24,2035.06,2002.01,1626,1622
1,4,67,RSA-SHA3-384_signed-by_ECDSA-SHA3-384,RSA-SHA3-384_signed-by_ECDSA-SHA3-384,5.062,6713.3,2617.05,0,0,0,114.364,24,2057.51,2029.65,1626,1622
1,4,68,RSA-SHA3-384_signed-by_ECDSA-SHA3-384,RSA-SHA3-384_signed-by_ECDSA-SHA3-384,5.058,6718.61,2619.12,0,0,0,114.364,24,2031.93,2017.82,1626,1622
1,4,69,RSA-SHA3-384_signed-by_ECDSA-SHA3-384,RSA-SHA3-384_signed-by_ECDSA-SHA3-384,5.179,6561.64,2557.93,0,0,0,114.364,24,2044.66,2002.41,1626,1622
1,4,70,RSA-SHA3-384_signed-by_ECDSA-SHA3-384,RSA-SHA3-384_signed-by_ECDSA-SHA3-384,5.14,6611.43,2577.34,0,0,0,114.364,24,2041.21,2007.19,1626,1622
1,4,71,RSA-SHA3-384_signed-by_ECDSA-SHA3-384,RSA-SHA3-384_signed-by_ECDSA-SHA3-384,5.066,6708,2614.98,0,0,0,114.364,24,2047.03,2005.06,1626,1622
1,4,72,RSA-SHA3-384_signed-by_ECDSA-SHA3-384,RSA-SHA3-384_signed-by_ECDSA-SHA3-384,5.132,6621.53,2581.27,0,0,0,114.364,24,2031.13,2016.61,1626,1622
1,4,73,RSA-SHA3-384_signed-by_ECDSA-SHA3-384,RSA-SHA3-384_signed-by_ECDSA-SHA3-384,5.014,6777.56,2642.1,0,0,0,114.364,24,2045.73,2011.32,1626,1622
1,4,74,RSA-SHA3-384_signed-by_ECDSA-SHA3-384,RSA-SHA3-384_signed-by_ECDSA-SHA3-384,5.111,6648.94,2591.96,0,0,0,114.364,24,2037.17,2018.43,1626,1622
1,4,75,RSA-SHA3-384_signed-by_ECDSA-SHA3-384,RSA-SHA3-384_signed-by_ECDSA-SHA3-384,5.141,6610.14,2576.83,0,0,0,114.364,24,2036.1,2024.87,1626,1622
1,4,76,RSA-SHA3-384_signed-by_ECDSA-SHA3-384,RSA-SHA3-384_signed-by_ECDSA-SHA3-384,5.094,6671.13,2600.61,0,0,0,114.364,24,2042.06,2038.38,1626,1622
1,4,77,RSA-SHA3-384_signed-by_ECDSA-SHA3-384,RSA-SHA3-384_signed-by_ECDSA-SHA3-384,5.098,6665.89,2598.57,0,0,0,114.364,24,2035.78,2014.88,1626,1622
1,4,78,RSA-SHA3-384_signed-by_ECDSA-SHA3-384,RSA-SHA3-384_signed-by_ECDSA-SHA3-384,5.078,6692.15,2608.8,0,0,0,114.364,24,2035.28,2006.72,1626,1622
1,4,79,RSA-SHA3-384_signed-by_ECDSA-SHA3-384,RSA-SHA3-384_signed-by_ECDSA-SHA3-384,5.605,6062.95,2363.52,0,0,0,114.364,24,2506.12,2509.24,1626,1622
1,4,80,RSA-SHA3-384_signed-by_ECDSA-SHA3-384,RSA-SHA3-384_signed-by_ECDSA-SHA3-384,5.107,6654.15,2593.99,0,0,0,114.364,24,2257.66,2026.29,1626,1622
1,4,81,RSA-SHA3-384_signed-by_ECDSA-SHA3-384,RSA-SHA3-384_signed-by_ECDSA-SHA3-384,5.128,6626.9,2583.37,0,0,0,114.364,24,2066.16,2071.28,1626,1622
1,4,82,RSA-SHA3-384_signed-by_ECDSA-SHA3-384,RSA-SHA3-384_signed-by_ECDSA-SHA3-384,5.107,6654.15,2593.99,0,0,0,114.364,24,2051.27,2101.21,1626,1622
1,4,83,RSA-SHA3-384_signed-by_ECDSA-SHA3-384,RSA-SHA3-384_signed-by_ECDSA-SHA3-384,5.145,6605,2574.83,0,0,0,114.364,24,2049.56,2007.98,1626,1622
1,4,84,RSA-SHA3-384_signed-by_ECDSA-SHA3-384,RSA-SHA3-384_signed-by_ECDSA-SHA3-384,5.165,6579.43,2564.86,0,0,0,114.364,24,2042.81,2002.93,1626,1622
1,4,85,RSA-SHA3-384_signed-by_ECDSA-SHA3-384,RSA-SHA3-384_signed-by_ECDSA-SHA3-384,5.143,6607.57,2575.83,0,0,0,114.364,24,2036.92,2005.91,1626,1622
1,4,86,RSA-SHA3-384_signed-by_ECDSA-SHA3-384,RSA-SHA3-384_signed-by_ECDSA-SHA3-384,5.05,6729.25,2623.27,0,0,0,114.364,24,2045.92,2012.86,1626,1622
1,4,87,RSA-SHA3-384_signed-by_ECDSA-SHA3-384,RSA-SHA3-384_signed-by_ECDSA-SHA3-384,5.05,6729.25,2623.27,0,0,0,114.364,24,2034.61,2029.82,1626,1622
1,4,88,RSA-SHA3-384_signed-by_ECDSA-SHA3-384,RSA-SHA3-384_signed-by_ECDSA-SHA3-384,5.071,6701.38,2612.4,0,0,0,114.364,24,2114.45,2028.03,1626,1622
1,4,89,RSA-SHA3-384_signed-by_ECDSA-SHA3-384,RSA-SHA3-384_signed-by_ECDSA-SHA3-384,5.159,6587.08,2567.84,0,0,0,114.364,24,2033.31,2012.63,1626,1622
1,4,90,RSA-SHA3-384_signed-by_ECDSA-SHA3-384,RSA-SHA3-384_signed-by_ECDSA-SHA3-384,5.079,6690.83,2608.29,0,0,0,114.364,24,2049.36,2008.03,1626,1622
1,4,91,RSA-SHA3-384_signed-by_ECDSA-SHA3-384,RSA-SHA3-384_signed-by_ECDSA-SHA3-384,5.079,6690.83,2608.29,0,0,0,114.364,24,2051.71,2005.98,1626,1622
1,4,92,RSA-SHA3-384_signed-by_ECDSA-SHA3-384,RSA-SHA3-384_signed-by_ECDSA-SHA3-384,5.284,6431.06,2507.02,0,0,0,114.364,24,2069.61,2044.65,1626,1622
1,4,93,RSA-SHA3-384_signed-by_ECDSA-SHA3-384,RSA-SHA3-384_signed-by_ECDSA-SHA3-384,5.08,6689.51,2607.78,0,0,0,114.364,24,2040.11,2004.67,1626,1622
1,4,94,RSA-SHA3-384_signed-by_ECDSA-SHA3-384,RSA-SHA3-384_signed-by_ECDSA-SHA3-384,5.109,6651.54,2592.97,0,0,0,114.364,24,2044.74,2006.06,1626,1622
1,4,95,RSA-SHA3-384_signed-by_ECDSA-SHA3-384,RSA-SHA3-384_signed-by_ECDSA-SHA3-384,5.676,5987.11,2333.96,0,0,0,114.364,24,2496.23,2674.76,1626,1622
1,4,96,RSA-SHA3-384_signed-by_ECDSA-SHA3-384,RSA-SHA3-384_signed-by_ECDSA-SHA3-384,5.034,6750.64,2631.6,0,0,0,114.364,24,2045.37,2010,1626,1622
1,4,97,RSA-SHA3-384_signed-by_ECDSA-SHA3-384,RSA-SHA3-384_signed-by_ECDSA-SHA3-384,5.061,6714.62,2617.57,0,0,0,114.364,24,2049.04,2009.1,1626,1622
1,4,98,RSA-SHA3-384_signed-by_ECDSA-SHA3-384,RSA-SHA3-384_signed-by_ECDSA-SHA3-384,5.168,6575.61,2563.37,0,0,0,114.364,24,2037.39,2009.31,1626,1622
1,4,99,RSA-SHA3-384_signed-by_ECDSA-SHA3-384,RSA-SHA3-384_signed-by_ECDSA-SHA3-384,5.103,6659.36,2596.02,0,0,0,114.364,24,2013.86,2014.54,1626,1622
