scenario,node_id,handshake_index,sta_cert_algo,ap_cert_algo,handshake_delay_ms,goodput_kbps,throughput_kbps,phy_frame_drop_rate,mac_retries,mac_retry_rate,tx_delay_us,prop_delay_ns,cert_verify_ap_us,cert_verify_sta_us,server_cert_msg_bytes,client_cert_msg_bytes
1,8,0,RSA-SHA3-256_signed-by_ECDSA-SHA512,RSA-SHA3-256_signed-by_ECDSA-SHA512,29.481,1149.21,582.339,0.714286,14,0.666667,197.81,14,2061.63,2176.96,1619,1616
1,3,0,RSA-SHA3-256_signed-by_ECDSA-SHA512,RSA-SHA3-256_signed-by_ECDSA-SHA512,43.501,778.64,394.653,1,14,0.666667,188.286,24,2066.46,2023.92,1619,1615
1,6,0,RSA-SHA3-256_signed-by_ECDSA-SHA512,RSA-SHA3-256_signed-by_ECDSA-SHA512,55.292,612.591,164.65,1,0,0,228.667,8,2068.28,2034.03,1619,1615
1,7,0,RSA-SHA3-256_signed-by_ECDSA-SHA512,RSA-SHA3-256_signed-by_ECDSA-SHA512,64.499,525.277,145.738,1,1,0.0625,176.625,16,2066.58,2031.8,1619,1616
1,5,0,RSA-SHA3-256_signed-by_ECDSA-SHA512,RSA-SHA3-256_signed-by_ECDSA-SHA512,68.468,494.711,157.036,1,4,0.210526,254.211,15,2043.22,2050.69,1619,1615
1,2,0,RSA-SHA3-256_signed-by_ECDSA-SHA512,RSA-SHA3-256_signed-by_ECDSA-SHA512,72.05,470.337,139.014,1,9,0.5,156.444,24,2130.27,2050.39,1619,1617
1,8,1,RSA-SHA3-256_signed-by_ECDSA-SHA512,RSA-SHA3-256_signed-by_ECDSA-SHA512,45.252,748.687,629.003,1,27,1.08,762.96,14,2026.82,2032.3,1619,1616
1,1,0,RSA-SHA3-256_signed-by_ECDSA-SHA512,RSA-SHA3-256_signed-by_ECDSA-SHA512,80.542,420.645,152.366,1,6,0.285714,176.476,24,2060.47,2066.6,1619,1616
1,3,1,RSA-SHA3-256_signed-by_ECDSA-SHA512,RSA-SHA3-256_signed-by_ECDSA-SHA512,38.284,884.744,400.789,1,3,0.214286,171.714,24,2025.02,1988.59,1619,1615
1,6,1,RSA-SHA3-256_signed-by_ECDSA-SHA512,RSA-SHA3-256_signed-by_ECDSA-SHA512,26.994,1254.79,481.29,1,0,0,592.4,8,2034.64,1988.33,1619,1615
1,7,1,RSA-SHA3-256_signed-by_ECDSA-SHA512,RSA-SHA3-256_signed-by_ECDSA-SHA512,20.621,1642.98,630.034,1,0,0,136,16,2078.7,2010.18,1619,1616
1,5,1,RSA-SHA3-256_signed-by_ECDSA-SHA512,RSA-SHA3-256_signed-by_ECDSA-SHA512,18.971,1785.43,1312.3,1,22,1.375,418,15,2043.33,1978.68,1619,1615
1,8,2,RSA-SHA3-256_signed-by_ECDSA-SHA512,RSA-SHA3-256_signed-by_ECDSA-SHA512,13.579,2494.85,956.702,0.8,0,0,136,14,2021.96,2003.83,1619,1616
1,2,1,RSA-SHA3-256_signed-by_ECDSA-SHA512,RSA-SHA3-256_signed-by_ECDSA-SHA512,17.408,1946.67,1143.37,0.470588,7,0.411765,240.353,24,2041.84,1975.3,1619,1617
1,1,1,RSA-SHA3-256_signed-by_ECDSA-SHA512,RSA-SHA3-256_signed-by_ECDSA-SHA512,12.556,2698.3,1508.76,0.615385,11,0.846154,158.308,24,2026.4,2004.55,1619,1616
1,6,2,RSA-SHA3-256_signed-by_ECDSA-SHA512,RSA-SHA3-256_signed-by_ECDSA-SHA512,12.844,2637.16,1011.51,0,0,0,126.8,8,2025.77,2000.56,1619,1615
1,3,2,RSA-SHA3-256_signed-by_ECDSA-SHA512,RSA-SHA3-256_signed-by_ECDSA-SHA512,14.161,2391.89,917.436,0,0,0,126.8,24,2007.26,1995.24,1619,1615
1,5,2,RSA-SHA3-256_signed-by_ECDSA-SHA512,RSA-SHA3-256_signed-by_ECDSA-SHA512,9.666,3503.97,1343.99,0,0,0,253.6,15,2022.22,1988.09,1619,1615
1,7,2,RSA-SHA3-256_signed-by_ECDSA-SHA512,RSA-SHA3-256_signed-by_ECDSA-SHA512,13.279,2551.37,978.378,0.8,0,0,136,16,2033.41,2001.07,1619,1616
1,8,3,RSA-SHA3-256_signed-by_ECDSA-SHA512,RSA-SHA3-256_signed-by_ECDSA-SHA512,11.864,2855.46,1293.22,0.928571,7,0.5,117.429,14,2022.87,2008.3,1619,1616
1,2,2,RSA-SHA3-256_signed-by_ECDSA-SHA512,RSA-SHA3-256_signed-by_ECDSA-SHA512,14.849,2282.11,874.918,1,0,0,182.8,24,2035.57,2030.41,1619,1617
1,1,2,RSA-SHA3-256_signed-by_ECDSA-SHA512,RSA-SHA3-256_signed-by_ECDSA-SHA512,13.364,2535.11,972.141,1,0,0,136,24,2051.07,1983.92,1619,1616
1,6,3,RSA-SHA3-256_signed-by_ECDSA-SHA512,RSA-SHA3-256_signed-by_ECDSA-SHA512,12.073,2805.56,1076.11,1,0,0,126.8,8,2029.01,2028.93,1619,1615
1,3,3,RSA-SHA3-256_signed-by_ECDSA-SHA512,RSA-SHA3-256_signed-by_ECDSA-SHA512,14.014,2416.94,945.314,1,0,0,118.727,24,2042.12,2011.56,1619,1615
1,8,4,RSA-SHA3-256_signed-by_ECDSA-SHA512,RSA-SHA3-256_signed-by_ECDSA-SHA512,11.999,2823.52,1104.07,0.363636,0,0,127.091,14,2006.41,1984.04,1619,1616
1,7,3,RSA-SHA3-256_signed-by_ECDSA-SHA512,RSA-SHA3-256_signed-by_ECDSA-SHA512,14.394,2353.69,1646.19,0.529412,18,1.05882,145.529,16,2012.02,2002.98,1619,1616
1,5,3,RSA-SHA3-256_signed-by_ECDSA-SHA512,RSA-SHA3-256_signed-by_ECDSA-SHA512,17.614,1922.94,1075.47,1,11,0.846154,304.154,15,2023.82,1989.12,1619,1615
1,2,3,RSA-SHA3-256_signed-by_ECDSA-SHA512,RSA-SHA3-256_signed-by_ECDSA-SHA512,11.497,2947.54,1130.03,1,0,0,182.8,24,2036.18,2049.6,1619,1617
1,6,4,RSA-SHA3-256_signed-by_ECDSA-SHA512,RSA-SHA3-256_signed-by_ECDSA-SHA512,9.293,3644.54,1397.9,0.6,4,0.4,126.8,8,2024.57,2005.76,1619,1615
1,1,3,RSA-SHA3-256_signed-by_ECDSA-SHA512,RSA-SHA3-256_signed-by_ECDSA-SHA512,14.925,2269.96,887.618,1,0,0,127.091,24,2047.7,1995.1,1619,1616
1,3,4,RSA-SHA3-256_signed-by_ECDSA-SHA512,RSA-SHA3-256_signed-by_ECDSA-SHA512,13.726,2467.69,1464.06,0.944444,14,0.777778,107.333,24,2017.94,1990.16,1619,1615
1,8,5,RSA-SHA3-256_signed-by_ECDSA-SHA512,RSA-SHA3-256_signed-by_ECDSA-SHA512,12.726,2662.25,1020.9,1,0,0,136,14,2012.61,2028.07,1619,1616
1,5,4,RSA-SHA3-256_signed-by_ECDSA-SHA512,RSA-SHA3-256_signed-by_ECDSA-SHA512,11.589,2922.76,1121.06,1,0,0,253.6,15,2023.8,1993.65,1619,1615
1,7,4,RSA-SHA3-256_signed-by_ECDSA-SHA512,RSA-SHA3-256_signed-by_ECDSA-SHA512,16.485,2055.15,788.091,1,0,0,136,16,2065.43,1990.61,1619,1616
1,2,4,RSA-SHA3-256_signed-by_ECDSA-SHA512,RSA-SHA3-256_signed-by_ECDSA-SHA512,16.852,2010.86,1052.9,0.785714,7,0.5,168.857,24,2038.76,2017.8,1619,1617
1,6,5,RSA-SHA3-256_signed-by_ECDSA-SHA512,RSA-SHA3-256_signed-by_ECDSA-SHA512,18.526,1828.29,1084.71,0.611111,10,0.555556,154.667,8,2038.98,2010.91,1619,1615
1,1,4,RSA-SHA3-256_signed-by_ECDSA-SHA512,RSA-SHA3-256_signed-by_ECDSA-SHA512,14.479,2339.89,1308.35,0.384615,11,0.846154,158.308,24,2049.54,2010.37,1619,1616
1,5,5,RSA-SHA3-256_signed-by_ECDSA-SHA512,RSA-SHA3-256_signed-by_ECDSA-SHA512,11.293,2999.38,1150.45,0.5,0,0,253.6,15,2024.6,1982.71,1619,1615
1,8,6,RSA-SHA3-256_signed-by_ECDSA-SHA512,RSA-SHA3-256_signed-by_ECDSA-SHA512,13.486,2512.19,963.352,0.5,0,0,130.4,14,2026.04,2009.96,1619,1616
1,3,5,RSA-SHA3-256_signed-by_ECDSA-SHA512,RSA-SHA3-256_signed-by_ECDSA-SHA512,15.521,2182.28,837.038,1,0,0,126.8,24,2070.03,2004.74,1619,1615
1,7,5,RSA-SHA3-256_signed-by_ECDSA-SHA512,RSA-SHA3-256_signed-by_ECDSA-SHA512,16.372,2069.33,809.163,1,0,0,122,16,2025.13,1992.27,1619,1616
1,2,5,RSA-SHA3-256_signed-by_ECDSA-SHA512,RSA-SHA3-256_signed-by_ECDSA-SHA512,14.694,2306.21,884.155,1,0,0,182.8,24,2031.86,1998.53,1619,1617
1,6,6,RSA-SHA3-256_signed-by_ECDSA-SHA512,RSA-SHA3-256_signed-by_ECDSA-SHA512,15.39,2200.86,844.164,1,0,0,126.8,8,2164.38,2006.92,1619,1615
1,5,6,RSA-SHA3-256_signed-by_ECDSA-SHA512,RSA-SHA3-256_signed-by_ECDSA-SHA512,13.954,2427.37,931.048,1,0,0,235.6,15,2023.23,1989.63,1619,1615
1,3,6,RSA-SHA3-256_signed-by_ECDSA-SHA512,RSA-SHA3-256_signed-by_ECDSA-SHA512,13.397,2528.3,969.758,1,0,0,126.8,24,2033.54,1985.27,1619,1615
1,8,7,RSA-SHA3-256_signed-by_ECDSA-SHA512,RSA-SHA3-256_signed-by_ECDSA-SHA512,14.796,2289.77,1708.54,1,30,1.66667,161.333,14,2028.89,1985.08,1619,1616
1,1,5,RSA-SHA3-256_signed-by_ECDSA-SHA512,RSA-SHA3-256_signed-by_ECDSA-SHA512,18.793,1802.74,1338.33,1,22,1.29412,283.412,24,2060.86,1996.08,1619,1616
1,7,6,RSA-SHA3-256_signed-by_ECDSA-SHA512,RSA-SHA3-256_signed-by_ECDSA-SHA512,15.713,2156.14,826.816,1,0,0,136,16,2010.1,2002.04,1619,1616
1,2,6,RSA-SHA3-256_signed-by_ECDSA-SHA512,RSA-SHA3-256_signed-by_ECDSA-SHA512,16.875,2008.12,1066.64,1,7,0.466667,166.533,24,2039.16,2011.51,1619,1617
1,6,7,RSA-SHA3-256_signed-by_ECDSA-SHA512,RSA-SHA3-256_signed-by_ECDSA-SHA512,14.549,2328.11,1219.59,1,7,0.5,118.571,8,2055.39,2006,1619,1615
1,3,7,RSA-SHA3-256_signed-by_ECDSA-SHA512,RSA-SHA3-256_signed-by_ECDSA-SHA512,13.622,2486.55,972.539,1,0,0,118.727,24,2025.83,1985.96,1619,1615
1,8,8,RSA-SHA3-256_signed-by_ECDSA-SHA512,RSA-SHA3-256_signed-by_ECDSA-SHA512,13.539,2502.39,1119.13,0.923077,0,0,195.231,14,2033.27,1997.33,1619,1616
1,1,6,RSA-SHA3-256_signed-by_ECDSA-SHA512,RSA-SHA3-256_signed-by_ECDSA-SHA512,13.559,2498.69,972.337,0.909091,5,0.454545,170.727,24,2047.03,1984.89,1619,1616
1,5,7,RSA-SHA3-256_signed-by_ECDSA-SHA512,RSA-SHA3-256_signed-by_ECDSA-SHA512,17.644,1919.7,1342.98,1,18,1.05882,274.706,15,2041.54,1982.71,1619,1615
1,7,7,RSA-SHA3-256_signed-by_ECDSA-SHA512,RSA-SHA3-256_signed-by_ECDSA-SHA512,13.269,2553.3,1033.38,0.909091,1,0.0909091,127.455,16,2017.53,1999.19,1619,1616
1,2,7,RSA-SHA3-256_signed-by_ECDSA-SHA512,RSA-SHA3-256_signed-by_ECDSA-SHA512,11.07,3061.01,1173.53,1,0,0,182.8,24,2072.4,2024.08,1619,1617
1,6,8,RSA-SHA3-256_signed-by_ECDSA-SHA512,RSA-SHA3-256_signed-by_ECDSA-SHA512,12.205,2775.22,1064.47,1,0,0,126.8,8,2028.59,1988.87,1619,1615
1,8,9,RSA-SHA3-256_signed-by_ECDSA-SHA512,RSA-SHA3-256_signed-by_ECDSA-SHA512,11.461,2956.09,1570.53,1,11,0.733333,113.2,14,2038.48,2012.93,1619,1616
1,3,8,RSA-SHA3-256_signed-by_ECDSA-SHA512,RSA-SHA3-256_signed-by_ECDSA-SHA512,12.616,2684.81,1592.88,1,18,1,107.333,24,2023.98,2005.93,1619,1615
1,1,7,RSA-SHA3-256_signed-by_ECDSA-SHA512,RSA-SHA3-256_signed-by_ECDSA-SHA512,11.911,2844.41,1288.21,1,3,0.214286,184.857,24,2032.79,1994.04,1619,1616
1,5,8,RSA-SHA3-256_signed-by_ECDSA-SHA512,RSA-SHA3-256_signed-by_ECDSA-SHA512,16.086,2105.61,835.48,1,5,0.416667,194.667,15,2133.82,1987.08,1619,1615
1,6,9,RSA-SHA3-256_signed-by_ECDSA-SHA512,RSA-SHA3-256_signed-by_ECDSA-SHA512,11.995,2823.81,1143.13,1,5,0.454545,120.182,8,2017.17,2033.39,1619,1615
1,7,8,RSA-SHA3-256_signed-by_ECDSA-SHA512,RSA-SHA3-256_signed-by_ECDSA-SHA512,16.31,2077.16,1891.27,1,19,1,132.737,16,2024.71,1996.19,1619,1616
1,8,10,RSA-SHA3-256_signed-by_ECDSA-SHA512,RSA-SHA3-256_signed-by_ECDSA-SHA512,13.688,2475.1,1505.52,1,14,0.7,143,14,2077.6,1987.94,1619,1616
1,2,8,RSA-SHA3-256_signed-by_ECDSA-SHA512,RSA-SHA3-256_signed-by_ECDSA-SHA512,18.015,1881.01,1001.78,1,8,0.5,152.25,24,2044.86,1988.68,1619,1617
1,5,9,RSA-SHA3-256_signed-by_ECDSA-SHA512,RSA-SHA3-256_signed-by_ECDSA-SHA512,10.841,3124.4,1438.97,1,3,0.2,236.4,15,2028.73,1982.67,1619,1615
1,3,9,RSA-SHA3-256_signed-by_ECDSA-SHA512,RSA-SHA3-256_signed-by_ECDSA-SHA512,17.738,1909.49,1239.32,1,15,0.681818,187.091,24,2039.19,2012.65,1619,1615
1,6,10,RSA-SHA3-256_signed-by_ECDSA-SHA512,RSA-SHA3-256_signed-by_ECDSA-SHA512,11.471,2952.81,1400.39,0.8,4,0.266667,163.067,8,2049.38,2003.01,1619,1615
1,1,8,RSA-SHA3-256_signed-by_ECDSA-SHA512,RSA-SHA3-256_signed-by_ECDSA-SHA512,21.437,1580.43,857.576,1,9,0.529412,139.412,24,2037.71,1986.93,1619,1616
1,2,9,RSA-SHA3-256_signed-by_ECDSA-SHA512,RSA-SHA3-256_signed-by_ECDSA-SHA512,11.122,3046.88,1703.26,1,11,0.846154,216.462,24,2037.74,1992.68,1619,1617
1,5,10,RSA-SHA3-256_signed-by_ECDSA-SHA512,RSA-SHA3-256_signed-by_ECDSA-SHA512,9.835,3444.01,1347.02,0.818182,0,0,169.636,15,2031.94,2016.51,1619,1615
1,7,9,RSA-SHA3-256_signed-by_ECDSA-SHA512,RSA-SHA3-256_signed-by_ECDSA-SHA512,15.98,2120.07,1133.38,1,7,0.4375,109,16,2116.03,2002.14,1619,1616
1,3,10,RSA-SHA3-256_signed-by_ECDSA-SHA512,RSA-SHA3-256_signed-by_ECDSA-SHA512,12.367,2738.85,1050.52,1,0,0,126.8,24,2074.19,1986.57,1619,1615
1,6,11,RSA-SHA3-256_signed-by_ECDSA-SHA512,RSA-SHA3-256_signed-by_ECDSA-SHA512,11.671,2902.19,1113.17,1,0,0,126.8,8,2035.06,2014.77,1619,1615
1,1,9,RSA-SHA3-256_signed-by_ECDSA-SHA512,RSA-SHA3-256_signed-by_ECDSA-SHA512,13.673,2477.8,1404.18,1,11,0.785714,149.714,24,2036.52,1999.4,1619,1616
1,2,10,RSA-SHA3-256_signed-by_ECDSA-SHA512,RSA-SHA3-256_signed-by_ECDSA-SHA512,12.847,2637.76,1031.19,1,0,0,169.636,24,2041.54,2096.79,1619,1617
1,8,11,RSA-SHA3-256_signed-by_ECDSA-SHA512,RSA-SHA3-256_signed-by_ECDSA-SHA512,29.718,1140.05,697.757,1,12,0.571429,145.619,14,2031.12,2002.87,1619,1616
1,7,10,RSA-SHA3-256_signed-by_ECDSA-SHA512,RSA-SHA3-256_signed-by_ECDSA-SHA512,15.888,2132.35,1415.86,0.944444,14,0.777778,115.333,16,2067.62,1988.67,1619,1616
1,5,11,RSA-SHA3-256_signed-by_ECDSA-SHA512,RSA-SHA3-256_signed-by_ECDSA-SHA512,17.577,1926.99,1092.29,1,11,0.785714,203.714,15,2025.74,2010.35,1619,1615
1,6,12,RSA-SHA3-256_signed-by_ECDSA-SHA512,RSA-SHA3-256_signed-by_ECDSA-SHA512,11.963,2831.37,1567.48,1,2,0.166667,128,8,2031.11,1986.13,1619,1615
1,3,11,RSA-SHA3-256_signed-by_ECDSA-SHA512,RSA-SHA3-256_signed-by_ECDSA-SHA512,16.302,2077.71,1173.8,1,18,1.28571,139.143,24,2081.75,2018.97,1619,1615
1,1,10,RSA-SHA3-256_signed-by_ECDSA-SHA512,RSA-SHA3-256_signed-by_ECDSA-SHA512,16.429,2062.17,806.365,1,0,0,127.091,24,2098.21,1984.41,1619,1616
1,2,11,RSA-SHA3-256_signed-by_ECDSA-SHA512,RSA-SHA3-256_signed-by_ECDSA-SHA512,15.076,2247.79,861.761,1,0,0,182.8,24,2025.95,2146.56,1619,1617
1,7,11,RSA-SHA3-256_signed-by_ECDSA-SHA512,RSA-SHA3-256_signed-by_ECDSA-SHA512,14.219,2382.71,964.336,1,1,0.0909091,120.182,16,2052.41,2068.73,1619,1616
1,6,13,RSA-SHA3-256_signed-by_ECDSA-SHA512,RSA-SHA3-256_signed-by_ECDSA-SHA512,13.201,2565.85,984.162,1,0,0,126.8,8,2032.4,1995.87,1619,1615
1,5,12,RSA-SHA3-256_signed-by_ECDSA-SHA512,RSA-SHA3-256_signed-by_ECDSA-SHA512,14.833,2283.53,1658.98,1,20,1.05263,178.421,15,2040,1989.18,1619,1615
1,3,12,RSA-SHA3-256_signed-by_ECDSA-SHA512,RSA-SHA3-256_signed-by_ECDSA-SHA512,16.283,2080.16,1444.42,1,17,0.85,255,24,2027.07,2004.68,1619,1615
1,8,12,RSA-SHA3-256_signed-by_ECDSA-SHA512,RSA-SHA3-256_signed-by_ECDSA-SHA512,20.47,1655.05,1453.79,1,33,1.57143,144.476,14,2227.36,1989.83,1619,1616
1,7,12,RSA-SHA3-256_signed-by_ECDSA-SHA512,RSA-SHA3-256_signed-by_ECDSA-SHA512,12.477,2715.33,1061.77,0.545455,0,0,118.727,16,2030.06,2012.17,1619,1616
1,6,14,RSA-SHA3-256_signed-by_ECDSA-SHA512,RSA-SHA3-256_signed-by_ECDSA-SHA512,12.949,2615.73,1184.92,0.428571,7,0.5,110,8,2034.96,2010.57,1619,1615
1,5,13,RSA-SHA3-256_signed-by_ECDSA-SHA512,RSA-SHA3-256_signed-by_ECDSA-SHA512,12.635,2680.75,1028.23,0.6,0,0,182.8,15,2031.63,1995.93,1619,1615
1,1,11,RSA-SHA3-256_signed-by_ECDSA-SHA512,RSA-SHA3-256_signed-by_ECDSA-SHA512,20.974,1615.33,933.724,1,17,1.0625,207.75,24,2045.58,2005.62,1619,1616
1,2,12,RSA-SHA3-256_signed-by_ECDSA-SHA512,RSA-SHA3-256_signed-by_ECDSA-SHA512,20.932,1618.95,914.194,1,12,0.857143,203.714,24,2079.05,1984.36,1619,1617
1,3,13,RSA-SHA3-256_signed-by_ECDSA-SHA512,RSA-SHA3-256_signed-by_ECDSA-SHA512,16.123,2100.78,821.654,1,0,0,118.727,24,2034.93,2087.5,1619,1615
1,8,13,RSA-SHA3-256_signed-by_ECDSA-SHA512,RSA-SHA3-256_signed-by_ECDSA-SHA512,16.263,2083.18,943.458,0.785714,3,0.214286,170.857,15,2012.8,2018.35,1619,1616
1,7,13,RSA-SHA3-256_signed-by_ECDSA-SHA512,RSA-SHA3-256_signed-by_ECDSA-SHA512,11.679,2900.93,1112.42,0.8,0,0,126.8,16,2056.47,2011.63,1619,1616
1,5,14,RSA-SHA3-256_signed-by_ECDSA-SHA512,RSA-SHA3-256_signed-by_ECDSA-SHA512,11.624,2913.96,1117.68,0.8,0,0,182.8,15,2009.41,1995.15,1619,1615
1,6,15,RSA-SHA3-256_signed-by_ECDSA-SHA512,RSA-SHA3-256_signed-by_ECDSA-SHA512,13.415,2524.91,1412.14,0.615385,11,0.846154,146.923,8,2482.83,2430.84,1619,1615
1,1,12,RSA-SHA3-256_signed-by_ECDSA-SHA512,RSA-SHA3-256_signed-by_ECDSA-SHA512,11.351,2984.5,1351.66,0,3,0.214286,184.857,24,2052.99,2021.79,1619,1616
1,2,13,RSA-SHA3-256_signed-by_ECDSA-SHA512,RSA-SHA3-256_signed-by_ECDSA-SHA512,12.311,2752.63,1055.3,0,0,0,161.2,24,2022.96,2000.28,1619,1617
1,3,14,RSA-SHA3-256_signed-by_ECDSA-SHA512,RSA-SHA3-256_signed-by_ECDSA-SHA512,12.249,2765.26,1060.65,0,0,0,126.8,24,2030.93,1997.35,1619,1615
1,8,14,RSA-SHA3-256_signed-by_ECDSA-SHA512,RSA-SHA3-256_signed-by_ECDSA-SHA512,12.154,2787.53,1068.94,0,0,0,126.8,15,2203.09,1999.36,1619,1616
1,7,14,RSA-SHA3-256_signed-by_ECDSA-SHA512,RSA-SHA3-256_signed-by_ECDSA-SHA512,10.725,3158.7,1211.27,0,0,0,126.8,16,1997.34,1980.43,1619,1616
1,5,15,RSA-SHA3-256_signed-by_ECDSA-SHA512,RSA-SHA3-256_signed-by_ECDSA-SHA512,10.425,3248.85,1246.14,0.5,0,0,182.8,15,2516.34,2439.76,1619,1615
1,6,16,RSA-SHA3-256_signed-by_ECDSA-SHA512,RSA-SHA3-256_signed-by_ECDSA-SHA512,11.09,3054.01,1171.4,0.5,0,0,126.8,8,2029.95,2008.5,1619,1615
1,1,13,RSA-SHA3-256_signed-by_ECDSA-SHA512,RSA-SHA3-256_signed-by_ECDSA-SHA512,13.742,2465.4,964.04,0.454545,0,0,138,24,2030.51,1990.81,1619,1616
1,2,14,RSA-SHA3-256_signed-by_ECDSA-SHA512,RSA-SHA3-256_signed-by_ECDSA-SHA512,13.65,2482.62,951.787,0.5,0,0,182.8,24,2024.17,2005.48,1619,1617
1,3,15,RSA-SHA3-256_signed-by_ECDSA-SHA512,RSA-SHA3-256_signed-by_ECDSA-SHA512,12.144,2789.19,1069.83,0.5,0,0,128,24,2478.54,2460.79,1619,1615
1,8,15,RSA-SHA3-256_signed-by_ECDSA-SHA512,RSA-SHA3-256_signed-by_ECDSA-SHA512,13.021,2601.93,997.765,0.5,0,0,126.8,15,2473.77,2468.11,1619,1616
1,5,16,RSA-SHA3-256_signed-by_ECDSA-SHA512,RSA-SHA3-256_signed-by_ECDSA-SHA512,11.167,3033.21,1163.42,0,0,0,176.8,15,2042.4,1982.51,1619,1615
1,7,15,RSA-SHA3-256_signed-by_ECDSA-SHA512,RSA-SHA3-256_signed-by_ECDSA-SHA512,13.273,2552.53,1427.25,0.384615,11,0.846154,146.923,16,2462.47,2458.39,1619,1616
1,6,17,RSA-SHA3-256_signed-by_ECDSA-SHA512,RSA-SHA3-256_signed-by_ECDSA-SHA512,11.686,2898.49,1111.75,0,0,0,126.8,8,2046.01,2009.69,1619,1615
1,1,14,RSA-SHA3-256_signed-by_ECDSA-SHA512,RSA-SHA3-256_signed-by_ECDSA-SHA512,11.511,2943.24,1128.65,0.4,0,0,136,24,2042.45,1997.83,1619,1616
1,2,15,RSA-SHA3-256_signed-by_ECDSA-SHA512,RSA-SHA3-256_signed-by_ECDSA-SHA512,12.635,2682.04,1048.5,0.363636,0,0,157.636,24,2499.26,2452.05,1619,1617
1,3,16,RSA-SHA3-256_signed-by_ECDSA-SHA512,RSA-SHA3-256_signed-by_ECDSA-SHA512,11.569,2927.8,1122.99,0.4,0,0,130.4,24,2014.76,2058.65,1619,1615
1,5,17,RSA-SHA3-256_signed-by_ECDSA-SHA512,RSA-SHA3-256_signed-by_ECDSA-SHA512,10.697,3166.48,1225.01,0.363636,0,0,126.727,15,2021.75,2019.59,1619,1615
1,8,16,RSA-SHA3-256_signed-by_ECDSA-SHA512,RSA-SHA3-256_signed-by_ECDSA-SHA512,12.774,2652.21,1404.07,0.466667,8,0.533333,113.2,15,2039.2,1986.2,1619,1616
1,7,16,RSA-SHA3-256_signed-by_ECDSA-SHA512,RSA-SHA3-256_signed-by_ECDSA-SHA512,12.662,2675.65,1041.2,0.636364,7,0.636364,118.727,16,1993.71,1992.92,1619,1616
1,6,18,RSA-SHA3-256_signed-by_ECDSA-SHA512,RSA-SHA3-256_signed-by_ECDSA-SHA512,13.196,2566.79,984.522,0.7,0,0,126.8,8,2022.55,2019.72,1619,1615
1,1,15,RSA-SHA3-256_signed-by_ECDSA-SHA512,RSA-SHA3-256_signed-by_ECDSA-SHA512,11.663,2904.9,1113.94,0.3,0,0,136,24,2505.84,2456.42,1619,1616
1,2,16,RSA-SHA3-256_signed-by_ECDSA-SHA512,RSA-SHA3-256_signed-by_ECDSA-SHA512,10.953,3093.91,1209.52,0.272727,0,0,138,24,2041.65,2004.96,1619,1617
1,3,17,RSA-SHA3-256_signed-by_ECDSA-SHA512,RSA-SHA3-256_signed-by_ECDSA-SHA512,11.957,2832.77,1086.54,0.6,0,0,136,24,2009.51,2020.86,1619,1615
1,5,18,RSA-SHA3-256_signed-by_ECDSA-SHA512,RSA-SHA3-256_signed-by_ECDSA-SHA512,11.843,2860.05,1295.6,0.428571,7,0.5,117.429,15,2030.16,1986.05,1619,1615
1,8,17,RSA-SHA3-256_signed-by_ECDSA-SHA512,RSA-SHA3-256_signed-by_ECDSA-SHA512,11.55,2933.32,1124.84,0.6,0,0,126.8,15,2038.83,1982.23,1619,1616
1,7,17,RSA-SHA3-256_signed-by_ECDSA-SHA512,RSA-SHA3-256_signed-by_ECDSA-SHA512,11.337,2988.19,1336.39,0.461538,0,0,181.077,16,2002.53,1999.6,1619,1616
1,6,19,RSA-SHA3-256_signed-by_ECDSA-SHA512,RSA-SHA3-256_signed-by_ECDSA-SHA512,11.466,2954.12,1133.09,0.9,0,0,126.8,8,2031.64,2080.93,1619,1615
1,1,16,RSA-SHA3-256_signed-by_ECDSA-SHA512,RSA-SHA3-256_signed-by_ECDSA-SHA512,10.88,3113.69,1194.01,0.9,0,0,136,24,2033.39,2034.72,1619,1616
1,3,18,RSA-SHA3-256_signed-by_ECDSA-SHA512,RSA-SHA3-256_signed-by_ECDSA-SHA512,11.581,2924.79,1121.84,0.9,0,0,136,24,2022.2,1998.68,1619,1615
1,2,17,RSA-SHA3-256_signed-by_ECDSA-SHA512,RSA-SHA3-256_signed-by_ECDSA-SHA512,14.8,2289.68,1198.89,0.857143,7,0.5,137.143,24,2054.52,1993.75,1619,1617
1,5,19,RSA-SHA3-256_signed-by_ECDSA-SHA512,RSA-SHA3-256_signed-by_ECDSA-SHA512,13.489,2511.04,1315.42,1,7,0.5,126.857,15,2026.55,2021.76,1619,1615
1,7,18,RSA-SHA3-256_signed-by_ECDSA-SHA512,RSA-SHA3-256_signed-by_ECDSA-SHA512,11.619,2915.88,1134.68,1,5,0.454545,118.727,16,2028.13,2006.68,1619,1616
1,8,18,RSA-SHA3-256_signed-by_ECDSA-SHA512,RSA-SHA3-256_signed-by_ECDSA-SHA512,13.951,2428.45,949.59,1,0,0,118.727,15,2031.57,1985.88,1619,1616
1,1,17,RSA-SHA3-256_signed-by_ECDSA-SHA512,RSA-SHA3-256_signed-by_ECDSA-SHA512,11.435,2962.79,1158.53,1,0,0,127.091,24,2056.06,1985.05,1619,1616
1,6,20,RSA-SHA3-256_signed-by_ECDSA-SHA512,RSA-SHA3-256_signed-by_ECDSA-SHA512,13.749,2463.53,1290.53,1,7,0.5,118.571,8,2031.81,2030.8,1619,1615
1,2,18,RSA-SHA3-256_signed-by_ECDSA-SHA512,RSA-SHA3-256_signed-by_ECDSA-SHA512,15.832,2140.42,1196.54,1,11,0.846154,173.077,24,2027.03,2011.95,1619,1617
1,3,19,RSA-SHA3-256_signed-by_ECDSA-SHA512,RSA-SHA3-256_signed-by_ECDSA-SHA512,16.796,2016.61,1071.65,0.866667,7,0.466667,120.933,24,2040.98,2000.45,1619,1615
1,5,20,RSA-SHA3-256_signed-by_ECDSA-SHA512,RSA-SHA3-256_signed-by_ECDSA-SHA512,14.432,2346.98,917.948,0.727273,0,0,129.273,15,2022.16,1986.58,1619,1615
1,7,19,RSA-SHA3-256_signed-by_ECDSA-SHA512,RSA-SHA3-256_signed-by_ECDSA-SHA512,14.815,2286.83,1035.69,0.928571,3,0.214286,170.857,16,2041.12,1982.04,1619,1616
1,1,18,RSA-SHA3-256_signed-by_ECDSA-SHA512,RSA-SHA3-256_signed-by_ECDSA-SHA512,12.953,2615.6,1003.01,1,0,0,136,24,2032.72,1973.81,1619,1616
1,8,19,RSA-SHA3-256_signed-by_ECDSA-SHA512,RSA-SHA3-256_signed-by_ECDSA-SHA512,14.979,2261.79,1264.68,1,15,1.15385,146.923,15,2025.45,1983.87,1619,1616
1,6,21,RSA-SHA3-256_signed-by_ECDSA-SHA512,RSA-SHA3-256_signed-by_ECDSA-SHA512,12.603,2687.61,1030.87,1,4,0.4,126.8,8,2040.59,1978.86,1619,1615
1,2,19,RSA-SHA3-256_signed-by_ECDSA-SHA512,RSA-SHA3-256_signed-by_ECDSA-SHA512,9.782,3463.99,1354.19,1,0,0,138,24,2047.05,1989.25,1619,1617
1,8,20,RSA-SHA3-256_signed-by_ECDSA-SHA512,RSA-SHA3-256_signed-by_ECDSA-SHA512,9.283,3649.67,1730.47,0.733333,4,0.266667,163.067,15,2028.72,2007.66,1619,1616
1,5,21,RSA-SHA3-256_signed-by_ECDSA-SHA512,RSA-SHA3-256_signed-by_ECDSA-SHA512,13.249,2556.5,1864.54,1,13,0.866667,194.533,15,2014.09,2022.28,1619,1615
1,6,22,RSA-SHA3-256_signed-by_ECDSA-SHA512,RSA-SHA3-256_signed-by_ECDSA-SHA512,11.446,2959.23,1546.01,0.277778,10,0.555556,148,8,2052.7,2017.95,1619,1615
1,7,20,RSA-SHA3-256_signed-by_ECDSA-SHA512,RSA-SHA3-256_signed-by_ECDSA-SHA512,14.904,2273.14,1735.85,1,23,1.27778,150,16,2029.88,1988.66,1619,1616
1,1,19,RSA-SHA3-256_signed-by_ECDSA-SHA512,RSA-SHA3-256_signed-by_ECDSA-SHA512,15.67,2162.02,1208.89,1,11,0.846154,158.308,24,2012.03,1984.61,1619,1616
1,2,20,RSA-SHA3-256_signed-by_ECDSA-SHA512,RSA-SHA3-256_signed-by_ECDSA-SHA512,9.767,3469.34,1570.87,1,7,0.5,122.571,24,2030.08,2050.88,1619,1617
1,8,21,RSA-SHA3-256_signed-by_ECDSA-SHA512,RSA-SHA3-256_signed-by_ECDSA-SHA512,11.937,2838.21,1285.4,1,7,0.5,110,15,2041.95,1998.61,1619,1616
1,6,23,RSA-SHA3-256_signed-by_ECDSA-SHA512,RSA-SHA3-256_signed-by_ECDSA-SHA512,12.789,2648.48,1075.9,1,0,0,106.308,8,2035,1982.37,1619,1615
1,5,22,RSA-SHA3-256_signed-by_ECDSA-SHA512,RSA-SHA3-256_signed-by_ECDSA-SHA512,15.368,2203.99,1154.57,1,7,0.5,137.143,15,2015.95,1997.07,1619,1615
1,3,20,RSA-SHA3-256_signed-by_ECDSA-SHA512,RSA-SHA3-256_signed-by_ECDSA-SHA512,30.12,1124.53,650.179,1,13,0.8125,130,24,2027.87,1980.1,1619,1615
1,2,21,RSA-SHA3-256_signed-by_ECDSA-SHA512,RSA-SHA3-256_signed-by_ECDSA-SHA512,11.816,2867.91,1099.5,0.9,0,0,148,24,2011.69,1995.97,1619,1617
1,7,21,RSA-SHA3-256_signed-by_ECDSA-SHA512,RSA-SHA3-256_signed-by_ECDSA-SHA512,15.934,2126.2,1487.09,1,18,1.05882,135.412,16,2017.3,2005.7,1619,1616
1,1,20,RSA-SHA3-256_signed-by_ECDSA-SHA512,RSA-SHA3-256_signed-by_ECDSA-SHA512,16.207,2090.38,1387.99,0.666667,14,0.777778,128.444,24,2032.56,2000.91,1619,1616
1,8,22,RSA-SHA3-256_signed-by_ECDSA-SHA512,RSA-SHA3-256_signed-by_ECDSA-SHA512,11.51,2943.52,1128.75,0.8,0,0,126.8,15,2022.98,2013.11,1619,1616
1,6,24,RSA-SHA3-256_signed-by_ECDSA-SHA512,RSA-SHA3-256_signed-by_ECDSA-SHA512,11.141,3040.28,1166.13,1,0,0,128,8,2036.71,2015.5,1619,1615
1,5,23,RSA-SHA3-256_signed-by_ECDSA-SHA512,RSA-SHA3-256_signed-by_ECDSA-SHA512,10.489,3228.99,1238.52,1,4,0.4,148,15,2034.42,2011.63,1619,1615
1,3,21,RSA-SHA3-256_signed-by_ECDSA-SHA512,RSA-SHA3-256_signed-by_ECDSA-SHA512,10.97,3087.69,1831.9,1,14,0.777778,107.333,24,2035.3,1974.39,1619,1615
1,2,22,RSA-SHA3-256_signed-by_ECDSA-SHA512,RSA-SHA3-256_signed-by_ECDSA-SHA512,11.505,2945.48,1355.92,1,7,0.466667,121.733,24,2043.56,2041.15,1619,1617
1,7,22,RSA-SHA3-256_signed-by_ECDSA-SHA512,RSA-SHA3-256_signed-by_ECDSA-SHA512,14.911,2272.08,905.615,1,0,0,114,16,2031.84,1992.92,1619,1616
1,6,25,RSA-SHA3-256_signed-by_ECDSA-SHA512,RSA-SHA3-256_signed-by_ECDSA-SHA512,12.951,2615.36,1022.92,1,0,0,127.091,8,2031.72,2003.31,1619,1615
1,8,23,RSA-SHA3-256_signed-by_ECDSA-SHA512,RSA-SHA3-256_signed-by_ECDSA-SHA512,17.092,1982.14,760.093,1,0,0,126.8,15,2021.21,1997.9,1619,1616
1,3,22,RSA-SHA3-256_signed-by_ECDSA-SHA512,RSA-SHA3-256_signed-by_ECDSA-SHA512,12.429,2725.21,1045.29,0.9,0,0,126.8,24,2032.44,2003.73,1619,1615
1,1,21,RSA-SHA3-256_signed-by_ECDSA-SHA512,RSA-SHA3-256_signed-by_ECDSA-SHA512,20.257,1672.43,1179.19,1,25,1.38889,159.556,24,2032.15,1980.07,1619,1616
1,5,24,RSA-SHA3-256_signed-by_ECDSA-SHA512,RSA-SHA3-256_signed-by_ECDSA-SHA512,15.148,2236.02,1561.1,0.952381,25,1.19048,226.762,15,2022.36,1998.63,1619,1615
1,2,23,RSA-SHA3-256_signed-by_ECDSA-SHA512,RSA-SHA3-256_signed-by_ECDSA-SHA512,13.934,2432,1101.17,0.857143,7,0.5,124.286,24,2026.22,1987.62,1619,1617
1,7,23,RSA-SHA3-256_signed-by_ECDSA-SHA512,RSA-SHA3-256_signed-by_ECDSA-SHA512,12.005,2822.13,1082.21,1,0,0,126.8,16,2017.06,2074.93,1619,1616
1,6,26,RSA-SHA3-256_signed-by_ECDSA-SHA512,RSA-SHA3-256_signed-by_ECDSA-SHA512,10.494,3227.73,1262.43,1,0,0,127.091,8,2034.09,2001.42,1619,1615
1,8,24,RSA-SHA3-256_signed-by_ECDSA-SHA512,RSA-SHA3-256_signed-by_ECDSA-SHA512,10.767,3146.62,1647.98,1,7,0.5,118.571,15,2021.13,1998.36,1619,1616
1,1,22,RSA-SHA3-256_signed-by_ECDSA-SHA512,RSA-SHA3-256_signed-by_ECDSA-SHA512,11.158,3036.33,1380.87,1,4,0.285714,184.857,24,2056.55,2001.17,1619,1616
1,3,23,RSA-SHA3-256_signed-by_ECDSA-SHA512,RSA-SHA3-256_signed-by_ECDSA-SHA512,12.483,2713.39,1061.26,1,4,0.363636,118.727,24,2029.05,1989.84,1619,1615
1,2,24,RSA-SHA3-256_signed-by_ECDSA-SHA512,RSA-SHA3-256_signed-by_ECDSA-SHA512,10.874,3116.39,1194.76,1,4,0.4,136,24,2039.18,2042.89,1619,1617
1,6,27,RSA-SHA3-256_signed-by_ECDSA-SHA512,RSA-SHA3-256_signed-by_ECDSA-SHA512,11.148,3038.37,1682.08,1,2,0.166667,137.667,8,2027.47,2009.54,1619,1615
1,5,25,RSA-SHA3-256_signed-by_ECDSA-SHA512,RSA-SHA3-256_signed-by_ECDSA-SHA512,20.65,1640.28,1169.96,1,21,0.913043,201.652,15,2020.12,1986.9,1619,1615
1,7,24,RSA-SHA3-256_signed-by_ECDSA-SHA512,RSA-SHA3-256_signed-by_ECDSA-SHA512,17.416,1945.24,1168.52,1,18,0.947368,103.684,16,1991.72,2011.55,1619,1616
1,8,25,RSA-SHA3-256_signed-by_ECDSA-SHA512,RSA-SHA3-256_signed-by_ECDSA-SHA512,14.966,2263.73,1270.04,1,2,0.153846,121.077,15,2045.18,2138.37,1619,1616
1,3,24,RSA-SHA3-256_signed-by_ECDSA-SHA512,RSA-SHA3-256_signed-by_ECDSA-SHA512,12.934,2618.78,1201.15,1,8,0.533333,162.8,24,2005.74,1986.16,1619,1615
1,1,23,RSA-SHA3-256_signed-by_ECDSA-SHA512,RSA-SHA3-256_signed-by_ECDSA-SHA512,16.99,1994.04,933.22,1,3,0.1875,166.5,24,2039.63,2008.76,1619,1616
1,2,25,RSA-SHA3-256_signed-by_ECDSA-SHA512,RSA-SHA3-256_signed-by_ECDSA-SHA512,16.053,2110.93,1263.77,1,11,0.578947,160.105,24,2033.35,1994.67,1619,1617
1,6,28,RSA-SHA3-256_signed-by_ECDSA-SHA512,RSA-SHA3-256_signed-by_ECDSA-SHA512,14.325,2364.48,1238.64,1,7,0.5,126.857,8,2013.34,1981.37,1619,1615
1,8,26,RSA-SHA3-256_signed-by_ECDSA-SHA512,RSA-SHA3-256_signed-by_ECDSA-SHA512,10.814,3132.7,1224.97,0.454545,0,0,118.727,15,2046.17,2252.27,1619,1616
1,5,26,RSA-SHA3-256_signed-by_ECDSA-SHA512,RSA-SHA3-256_signed-by_ECDSA-SHA512,13.857,2444.37,1475.63,1,13,0.866667,157.733,15,2019.53,2020.58,1619,1615
1,3,25,RSA-SHA3-256_signed-by_ECDSA-SHA512,RSA-SHA3-256_signed-by_ECDSA-SHA512,12.139,2790.33,1264.02,0.214286,3,0.214286,184.857,24,2031.39,2009.29,1619,1615
1,1,24,RSA-SHA3-256_signed-by_ECDSA-SHA512,RSA-SHA3-256_signed-by_ECDSA-SHA512,11.616,2916.64,1118.45,0,0,0,136,24,2059.9,2012.76,1619,1616
1,2,26,RSA-SHA3-256_signed-by_ECDSA-SHA512,RSA-SHA3-256_signed-by_ECDSA-SHA512,12.511,2708.6,1038.43,0,0,0,136,24,2041.34,1998.42,1619,1617
1,7,25,RSA-SHA3-256_signed-by_ECDSA-SHA512,RSA-SHA3-256_signed-by_ECDSA-SHA512,19.55,1732.92,804.469,0.4375,5,0.3125,164.25,16,2031.38,1972.21,1619,1616
1,6,29,RSA-SHA3-256_signed-by_ECDSA-SHA512,RSA-SHA3-256_signed-by_ECDSA-SHA512,10.45,3241.33,1243.25,0.5,0,0,136,8,2006.94,1975.29,1619,1615
1,8,27,RSA-SHA3-256_signed-by_ECDSA-SHA512,RSA-SHA3-256_signed-by_ECDSA-SHA512,14.746,2297.48,881.016,0.9,0,0,126.8,15,2028.83,2006.85,1619,1616
1,5,27,RSA-SHA3-256_signed-by_ECDSA-SHA512,RSA-SHA3-256_signed-by_ECDSA-SHA512,15.205,2227.6,854.422,0.9,0,0,135.2,15,2016.41,1996.42,1619,1615
1,3,26,RSA-SHA3-256_signed-by_ECDSA-SHA512,RSA-SHA3-256_signed-by_ECDSA-SHA512,14.905,2272.44,888.797,0.818182,0,0,127.091,24,2046.68,1981.8,1619,1615
1,1,25,RSA-SHA3-256_signed-by_ECDSA-SHA512,RSA-SHA3-256_signed-by_ECDSA-SHA512,13.622,2487.1,953.73,1,0,0,136,24,2044.51,2009.45,1619,1616
1,2,27,RSA-SHA3-256_signed-by_ECDSA-SHA512,RSA-SHA3-256_signed-by_ECDSA-SHA512,13.147,2577.57,988.192,1,0,0,136,24,2032.89,1992.07,1619,1617
1,6,30,RSA-SHA3-256_signed-by_ECDSA-SHA512,RSA-SHA3-256_signed-by_ECDSA-SHA512,11.387,2974.61,1430.4,0.75,12,0.75,108.75,9,2075.2,1968.84,1619,1615
1,7,26,RSA-SHA3-256_signed-by_ECDSA-SHA512,RSA-SHA3-256_signed-by_ECDSA-SHA512,19.111,1772.72,1249.9,1,19,1.05556,130,16,2026.65,2020.66,1619,1616
1,8,28,RSA-SHA3-256_signed-by_ECDSA-SHA512,RSA-SHA3-256_signed-by_ECDSA-SHA512,12.101,2799.75,1267.99,1,7,0.5,110,15,2019.65,1978.49,1619,1616
1,5,28,RSA-SHA3-256_signed-by_ECDSA-SHA512,RSA-SHA3-256_signed-by_ECDSA-SHA512,13.527,2503.97,993.546,1,7,0.583333,112,15,2004.94,1994.25,1619,1615
1,3,27,RSA-SHA3-256_signed-by_ECDSA-SHA512,RSA-SHA3-256_signed-by_ECDSA-SHA512,14.261,2375.08,928.941,1,0,0,127.091,24,2010.17,2020.05,1619,1615
1,1,26,RSA-SHA3-256_signed-by_ECDSA-SHA512,RSA-SHA3-256_signed-by_ECDSA-SHA512,13.879,2441.03,954.509,1,0,0,127.091,24,2022.32,2022.31,1619,1616
1,6,31,RSA-SHA3-256_signed-by_ECDSA-SHA512,RSA-SHA3-256_signed-by_ECDSA-SHA512,13.626,2485.78,1879.89,1,27,1.17391,191.391,9,2499.36,2455.08,1619,1615
1,2,28,RSA-SHA3-256_signed-by_ECDSA-SHA512,RSA-SHA3-256_signed-by_ECDSA-SHA512,16.143,2099.17,1189.33,1,11,0.785714,150.857,24,2047.36,2011.45,1619,1617
1,7,27,RSA-SHA3-256_signed-by_ECDSA-SHA512,RSA-SHA3-256_signed-by_ECDSA-SHA512,14.562,2326.54,1300.89,1,11,0.846154,146.923,16,2027.63,2003.91,1619,1616
1,8,29,RSA-SHA3-256_signed-by_ECDSA-SHA512,RSA-SHA3-256_signed-by_ECDSA-SHA512,16.462,2058,864.018,1,1,0.0769231,107.538,15,2047.35,1988.19,1619,1616
1,3,28,RSA-SHA3-256_signed-by_ECDSA-SHA512,RSA-SHA3-256_signed-by_ECDSA-SHA512,12.986,2608.3,1362.68,1,14,0.777778,106.444,24,2032.42,2014.99,1619,1615
1,5,29,RSA-SHA3-256_signed-by_ECDSA-SHA512,RSA-SHA3-256_signed-by_ECDSA-SHA512,19.772,1713.05,792.196,1,0,0,162,15,2038.83,1993.67,1619,1615
1,6,32,RSA-SHA3-256_signed-by_ECDSA-SHA512,RSA-SHA3-256_signed-by_ECDSA-SHA512,16.003,2116.53,1852.59,1,29,1.45,155.8,9,2064.21,2009.24,1619,1615
1,2,29,RSA-SHA3-256_signed-by_ECDSA-SHA512,RSA-SHA3-256_signed-by_ECDSA-SHA512,15.331,2210.35,1169.88,1,8,0.533333,120.933,24,2041.04,1989.74,1619,1617
1,8,30,RSA-SHA3-256_signed-by_ECDSA-SHA512,RSA-SHA3-256_signed-by_ECDSA-SHA512,11.751,2883.12,1127.38,1,4,0.363636,118.727,15,2045.99,1990.87,1619,1616
1,1,27,RSA-SHA3-256_signed-by_ECDSA-SHA512,RSA-SHA3-256_signed-by_ECDSA-SHA512,23.468,1443.65,1525.12,1,41,1.70833,174.833,24,2033.45,1989.41,1619,1616
1,3,29,RSA-SHA3-256_signed-by_ECDSA-SHA512,RSA-SHA3-256_signed-by_ECDSA-SHA512,12.857,2634.47,1010.48,1,0,0,136,24,2049,1985.58,1619,1615
1,7,28,RSA-SHA3-256_signed-by_ECDSA-SHA512,RSA-SHA3-256_signed-by_ECDSA-SHA512,16.776,2019.47,1197.86,1,14,0.777778,107.333,16,2035.86,1991.34,1619,1616
1,5,30,RSA-SHA3-256_signed-by_ECDSA-SHA512,RSA-SHA3-256_signed-by_ECDSA-SHA512,11.212,3021.02,1582.57,1,7,0.5,118.571,15,2266.11,2013.25,1619,1615
1,2,30,RSA-SHA3-256_signed-by_ECDSA-SHA512,RSA-SHA3-256_signed-by_ECDSA-SHA512,12.095,2801.74,1289.75,1,7,0.466667,112.133,24,2105.33,2030.87,1619,1617
1,7,29,RSA-SHA3-256_signed-by_ECDSA-SHA512,RSA-SHA3-256_signed-by_ECDSA-SHA512,10.893,3110.14,1192.65,1,0,0,128,16,2034.83,1995.89,1619,1616
1,3,30,RSA-SHA3-256_signed-by_ECDSA-SHA512,RSA-SHA3-256_signed-by_ECDSA-SHA512,13.32,2542.82,975.328,1,0,0,136,24,2001.69,1992,1619,1615
1,5,31,RSA-SHA3-256_signed-by_ECDSA-SHA512,RSA-SHA3-256_signed-by_ECDSA-SHA512,11.643,2909.12,1523.95,1,7,0.5,118.571,15,2517.36,2448.72,1619,1615
1,1,28,RSA-SHA3-256_signed-by_ECDSA-SHA512,RSA-SHA3-256_signed-by_ECDSA-SHA512,15.801,2144.05,1575.51,1,22,1.375,188.75,24,2033.78,2001.52,1619,1616
1,8,31,RSA-SHA3-256_signed-by_ECDSA-SHA512,RSA-SHA3-256_signed-by_ECDSA-SHA512,18.707,1811.08,1291.49,1,21,0.913043,194.696,15,2505.18,2479.8,1619,1616
1,7,30,RSA-SHA3-256_signed-by_ECDSA-SHA512,RSA-SHA3-256_signed-by_ECDSA-SHA512,8.204,4129.26,1702.41,1,1,0.0833333,121.333,16,2189.92,1983.97,1619,1616
1,5,32,RSA-SHA3-256_signed-by_ECDSA-SHA512,RSA-SHA3-256_signed-by_ECDSA-SHA512,9.531,3553.81,1967.44,1,2,0.166667,128,15,2000.14,2002.03,1619,1615
1,2,31,RSA-SHA3-256_signed-by_ECDSA-SHA512,RSA-SHA3-256_signed-by_ECDSA-SHA512,19.365,1749.94,1469.02,1,25,1.19048,138.762,24,2596.68,2464.88,1619,1617
1,6,33,RSA-SHA3-256_signed-by_ECDSA-SHA512,RSA-SHA3-256_signed-by_ECDSA-SHA512,32.639,1037.75,1028.93,1,34,1.25926,124.37,9,2039.51,1998.6,1619,1615
1,3,31,RSA-SHA3-256_signed-by_ECDSA-SHA512,RSA-SHA3-256_signed-by_ECDSA-SHA512,14.024,2415.2,1278.9,1,8,0.533333,120.933,24,2499.53,2444.89,1619,1615
1,8,32,RSA-SHA3-256_signed-by_ECDSA-SHA512,RSA-SHA3-256_signed-by_ECDSA-SHA512,10.912,3104.74,1626.05,0.928571,11,0.785714,137.143,15,2027.85,1982.2,1619,1616
1,1,29,RSA-SHA3-256_signed-by_ECDSA-SHA512,RSA-SHA3-256_signed-by_ECDSA-SHA512,14.187,2388.01,1295.78,1,12,0.705882,111.176,24,2037.58,2016.37,1619,1616
1,7,31,RSA-SHA3-256_signed-by_ECDSA-SHA512,RSA-SHA3-256_signed-by_ECDSA-SHA512,14.31,2367.52,907.875,1,0,0,136,16,2483.92,2474.15,1619,1616
1,2,32,RSA-SHA3-256_signed-by_ECDSA-SHA512,RSA-SHA3-256_signed-by_ECDSA-SHA512,13.756,2463.46,944.441,1,0,0,136,24,2054.34,2009.4,1619,1617
1,5,33,RSA-SHA3-256_signed-by_ECDSA-SHA512,RSA-SHA3-256_signed-by_ECDSA-SHA512,16.058,2109.29,1428.78,1,15,0.75,108.8,15,2064.16,2127.97,1619,1615
1,6,34,RSA-SHA3-256_signed-by_ECDSA-SHA512,RSA-SHA3-256_signed-by_ECDSA-SHA512,14.959,2264.27,1595.79,1,9,0.5,118.889,9,2027.72,2018.13,1619,1615
1,8,33,RSA-SHA3-256_signed-by_ECDSA-SHA512,RSA-SHA3-256_signed-by_ECDSA-SHA512,14.286,2371.5,1091.95,1,3,0.2,191.6,15,2018.25,1991.36,1619,1616
1,3,32,RSA-SHA3-256_signed-by_ECDSA-SHA512,RSA-SHA3-256_signed-by_ECDSA-SHA512,15.29,2215.24,1173.02,1,14,0.933333,120.933,24,2048.47,1988.85,1619,1615
1,1,30,RSA-SHA3-256_signed-by_ECDSA-SHA512,RSA-SHA3-256_signed-by_ECDSA-SHA512,14.129,2397.85,1099.56,1,9,0.6,227.333,24,2117.44,2011.5,1619,1616
1,7,32,RSA-SHA3-256_signed-by_ECDSA-SHA512,RSA-SHA3-256_signed-by_ECDSA-SHA512,13.161,2574.19,987.129,1,0,0,136,16,2032.95,2014.66,1619,1616
1,5,34,RSA-SHA3-256_signed-by_ECDSA-SHA512,RSA-SHA3-256_signed-by_ECDSA-SHA512,10.255,3302.95,1291.85,1,0,0,119.818,15,2022.54,2020.14,1619,1615
1,2,33,RSA-SHA3-256_signed-by_ECDSA-SHA512,RSA-SHA3-256_signed-by_ECDSA-SHA512,12.155,2787.94,1459.79,1,7,0.5,126.857,24,2039.42,1988.36,1619,1617
1,6,35,RSA-SHA3-256_signed-by_ECDSA-SHA512,RSA-SHA3-256_signed-by_ECDSA-SHA512,12.484,2713.18,1617.4,1,4,0.285714,128,9,2049.28,1989.71,1619,1615
1,8,34,RSA-SHA3-256_signed-by_ECDSA-SHA512,RSA-SHA3-256_signed-by_ECDSA-SHA512,12.139,2790.96,1091.34,1,0,0,138,15,2012.88,2008.83,1619,1616
1,1,31,RSA-SHA3-256_signed-by_ECDSA-SHA512,RSA-SHA3-256_signed-by_ECDSA-SHA512,17.043,1987.85,915.305,1,3,0.2,162,24,2658.43,2445.2,1619,1616
1,7,33,RSA-SHA3-256_signed-by_ECDSA-SHA512,RSA-SHA3-256_signed-by_ECDSA-SHA512,17.447,1941.8,1058.25,1,8,0.533333,122.267,16,2060,2014.06,1619,1616
1,2,34,RSA-SHA3-256_signed-by_ECDSA-SHA512,RSA-SHA3-256_signed-by_ECDSA-SHA512,13.974,2425.02,948.024,1,0,0,126,24,2010.62,1988.97,1619,1617
1,6,36,RSA-SHA3-256_signed-by_ECDSA-SHA512,RSA-SHA3-256_signed-by_ECDSA-SHA512,13.115,2582.65,990.604,1,0,0,136,9,2041.7,1987.53,1619,1615
1,5,35,RSA-SHA3-256_signed-by_ECDSA-SHA512,RSA-SHA3-256_signed-by_ECDSA-SHA512,16.68,2030.63,1363.99,1,14,0.736842,112.526,15,2038.24,1991.29,1619,1615
1,3,33,RSA-SHA3-256_signed-by_ECDSA-SHA512,RSA-SHA3-256_signed-by_ECDSA-SHA512,25.152,1346.67,1144.38,1,28,1.03704,178.593,24,2041.35,1981.42,1619,1615
1,8,35,RSA-SHA3-256_signed-by_ECDSA-SHA512,RSA-SHA3-256_signed-by_ECDSA-SHA512,14.946,2266.77,903.497,1,0,0,122.667,15,2034.36,1999.49,1619,1616
1,1,32,RSA-SHA3-256_signed-by_ECDSA-SHA512,RSA-SHA3-256_signed-by_ECDSA-SHA512,11.753,2882.6,1611.8,1,11,0.846154,146.923,24,2047.01,1994.86,1619,1616
1,2,35,RSA-SHA3-256_signed-by_ECDSA-SHA512,RSA-SHA3-256_signed-by_ECDSA-SHA512,12.791,2649.31,1015.69,1,0,0,136,24,2033.33,2010.78,1619,1617
1,7,34,RSA-SHA3-256_signed-by_ECDSA-SHA512,RSA-SHA3-256_signed-by_ECDSA-SHA512,15.633,2167.14,1159.56,1,13,0.8125,114.25,16,2009.73,1996.13,1619,1616
1,5,36,RSA-SHA3-256_signed-by_ECDSA-SHA512,RSA-SHA3-256_signed-by_ECDSA-SHA512,13.799,2454.61,1130.49,1,7,0.466667,105.2,15,2030.58,1990.86,1619,1615
1,6,37,RSA-SHA3-256_signed-by_ECDSA-SHA512,RSA-SHA3-256_signed-by_ECDSA-SHA512,15.539,2179.74,1223.21,1,2,0.153846,130,9,2031.87,2009.97,1619,1615
1,8,36,RSA-SHA3-256_signed-by_ECDSA-SHA512,RSA-SHA3-256_signed-by_ECDSA-SHA512,14.115,2400.22,920.417,1,0,0,126.8,15,2023.58,1979.47,1619,1616
1,1,33,RSA-SHA3-256_signed-by_ECDSA-SHA512,RSA-SHA3-256_signed-by_ECDSA-SHA512,12.379,2736.86,1049.51,1,0,0,126.8,24,2052.07,1999.02,1619,1616
1,5,37,RSA-SHA3-256_signed-by_ECDSA-SHA512,RSA-SHA3-256_signed-by_ECDSA-SHA512,9.113,3716.51,1481.69,1,0,0,108,15,2025.15,1990.67,1619,1615
1,6,38,RSA-SHA3-256_signed-by_ECDSA-SHA512,RSA-SHA3-256_signed-by_ECDSA-SHA512,9.296,3643.71,1397.59,1,0,0,136,9,2019.15,2005.95,1619,1615
1,3,34,RSA-SHA3-256_signed-by_ECDSA-SHA512,RSA-SHA3-256_signed-by_ECDSA-SHA512,25.072,1350.96,1624.73,1,49,1.68966,145.31,24,2004.42,1996.93,1619,1615
1,2,36,RSA-SHA3-256_signed-by_ECDSA-SHA512,RSA-SHA3-256_signed-by_ECDSA-SHA512,15.964,2122.69,1186.62,1,11,0.846154,158.308,24,2027.17,2009.2,1619,1617
1,1,34,RSA-SHA3-256_signed-by_ECDSA-SHA512,RSA-SHA3-256_signed-by_ECDSA-SHA512,11.686,2899.13,1621.05,0.461538,11,0.846154,146.923,24,2038.76,2019.98,1619,1616
1,8,37,RSA-SHA3-256_signed-by_ECDSA-SHA512,RSA-SHA3-256_signed-by_ECDSA-SHA512,15.469,2190.1,1224.59,1,11,0.846154,146.923,15,2003.65,2009.59,1619,1616
1,7,35,RSA-SHA3-256_signed-by_ECDSA-SHA512,RSA-SHA3-256_signed-by_ECDSA-SHA512,18.811,1800.99,1267.29,1,22,1,199.636,16,2029.04,2004.6,1619,1616
1,5,38,RSA-SHA3-256_signed-by_ECDSA-SHA512,RSA-SHA3-256_signed-by_ECDSA-SHA512,10.712,3162.06,1212.85,0.5,0,0,126.8,15,2041.57,1980.9,1619,1615
1,6,39,RSA-SHA3-256_signed-by_ECDSA-SHA512,RSA-SHA3-256_signed-by_ECDSA-SHA512,10.138,3340.8,1281.4,0.8,0,0,140.8,9,2046.94,1981.21,1619,1615
1,3,35,RSA-SHA3-256_signed-by_ECDSA-SHA512,RSA-SHA3-256_signed-by_ECDSA-SHA512,13.431,2521.88,967.296,1,0,0,126.8,24,2032.69,1995.17,1619,1615
1,2,37,RSA-SHA3-256_signed-by_ECDSA-SHA512,RSA-SHA3-256_signed-by_ECDSA-SHA512,15.085,2246.41,1193.21,0.933333,7,0.466667,120.933,24,2033.43,2021.18,1619,1617
1,1,35,RSA-SHA3-256_signed-by_ECDSA-SHA512,RSA-SHA3-256_signed-by_ECDSA-SHA512,15.791,2145.46,1156.07,0.875,7,0.4375,108.5,24,2032.47,1986.77,1619,1616
1,7,36,RSA-SHA3-256_signed-by_ECDSA-SHA512,RSA-SHA3-256_signed-by_ECDSA-SHA512,13.079,2590.37,1012.9,0.818182,0,0,127.091,16,2006.57,1991.74,1619,1616
1,5,39,RSA-SHA3-256_signed-by_ECDSA-SHA512,RSA-SHA3-256_signed-by_ECDSA-SHA512,12.872,2631.41,1009.31,1,0,0,126.8,15,2048.7,2105.31,1619,1615
1,8,38,RSA-SHA3-256_signed-by_ECDSA-SHA512,RSA-SHA3-256_signed-by_ECDSA-SHA512,15.554,2178.16,1217.92,1,11,0.846154,161.077,15,2035.57,1989.63,1619,1616
1,6,40,RSA-SHA3-256_signed-by_ECDSA-SHA512,RSA-SHA3-256_signed-by_ECDSA-SHA512,13.834,2448.4,1282.61,1,7,0.5,137.143,9,2044.7,2013.73,1619,1615
1,3,36,RSA-SHA3-256_signed-by_ECDSA-SHA512,RSA-SHA3-256_signed-by_ECDSA-SHA512,11.705,2893.77,1109.94,1,0,0,126.8,24,2035.62,1996.78,1619,1615
1,2,38,RSA-SHA3-256_signed-by_ECDSA-SHA512,RSA-SHA3-256_signed-by_ECDSA-SHA512,10.639,3185.25,1685.87,1,8,0.533333,116.933,24,2013.59,1981.46,1619,1617
1,7,37,RSA-SHA3-256_signed-by_ECDSA-SHA512,RSA-SHA3-256_signed-by_ECDSA-SHA512,9.368,3616.19,2001.5,1,8,0.666667,166.333,16,2023.96,1984.22,1619,1616
1,6,41,RSA-SHA3-256_signed-by_ECDSA-SHA512,RSA-SHA3-256_signed-by_ECDSA-SHA512,10.913,3103.76,1224.2,1,0,0,129.333,9,2114.26,1979.07,1619,1615
1,5,40,RSA-SHA3-256_signed-by_ECDSA-SHA512,RSA-SHA3-256_signed-by_ECDSA-SHA512,18.085,1872.83,1587.09,1,25,1.13636,125.273,15,2037.62,1996.45,1619,1615
1,3,37,RSA-SHA3-256_signed-by_ECDSA-SHA512,RSA-SHA3-256_signed-by_ECDSA-SHA512,14.567,2325.17,1218.05,1,7,0.5,118.571,24,2009.56,2020.49,1619,1615
1,2,39,RSA-SHA3-256_signed-by_ECDSA-SHA512,RSA-SHA3-256_signed-by_ECDSA-SHA512,13.17,2573.05,986.458,1,0,0,126.8,24,2012.65,1985.67,1619,1617
1,1,36,RSA-SHA3-256_signed-by_ECDSA-SHA512,RSA-SHA3-256_signed-by_ECDSA-SHA512,22.343,1516.34,1032.62,1,21,1,104.286,24,2031.6,2029.93,1619,1616
1,8,39,RSA-SHA3-256_signed-by_ECDSA-SHA512,RSA-SHA3-256_signed-by_ECDSA-SHA512,20.338,1665.84,1476.64,1,37,1.68182,143.091,15,2032.69,1986.19,1619,1616
1,7,38,RSA-SHA3-256_signed-by_ECDSA-SHA512,RSA-SHA3-256_signed-by_ECDSA-SHA512,18.224,1859,1270.36,1,18,0.72,136.08,16,2017.26,1996.34,1619,1616
1,6,42,RSA-SHA3-256_signed-by_ECDSA-SHA512,RSA-SHA3-256_signed-by_ECDSA-SHA512,16.69,2029.4,1100.5,1,7,0.411765,119.412,9,2049.63,2047.02,1619,1615
1,3,38,RSA-SHA3-256_signed-by_ECDSA-SHA512,RSA-SHA3-256_signed-by_ECDSA-SHA512,11.677,2900.72,1134.53,1,0,0,118.727,24,2027.91,1986.34,1619,1615
1,8,40,RSA-SHA3-256_signed-by_ECDSA-SHA512,RSA-SHA3-256_signed-by_ECDSA-SHA512,10.175,3329.72,1791.05,0.611111,8,0.444444,168.889,15,2007.87,1992.15,1619,1616
1,5,41,RSA-SHA3-256_signed-by_ECDSA-SHA512,RSA-SHA3-256_signed-by_ECDSA-SHA512,13.956,2427,1711.63,1,19,1.05556,130,15,2015.09,1992.28,1619,1615
1,7,39,RSA-SHA3-256_signed-by_ECDSA-SHA512,RSA-SHA3-256_signed-by_ECDSA-SHA512,9.2,3682.26,1412.04,0,0,0,136,16,2086.82,2031.09,1619,1616
1,2,40,RSA-SHA3-256_signed-by_ECDSA-SHA512,RSA-SHA3-256_signed-by_ECDSA-SHA512,18.286,1853.15,1056.94,1,13,0.866667,136.133,24,2003.74,2017.84,1619,1617
1,6,43,RSA-SHA3-256_signed-by_ECDSA-SHA512,RSA-SHA3-256_signed-by_ECDSA-SHA512,10.229,3311.07,1270,0.1,0,0,135.2,9,2059.94,1999.89,1619,1615
1,3,39,RSA-SHA3-256_signed-by_ECDSA-SHA512,RSA-SHA3-256_signed-by_ECDSA-SHA512,9.51,3561.4,1366.02,0.1,0,0,126.8,24,2076.99,1979.85,1619,1615
1,8,41,RSA-SHA3-256_signed-by_ECDSA-SHA512,RSA-SHA3-256_signed-by_ECDSA-SHA512,9.444,3587.13,1375.56,0.1,0,0,126.8,15,2017.7,1979.53,1619,1616
1,5,42,RSA-SHA3-256_signed-by_ECDSA-SHA512,RSA-SHA3-256_signed-by_ECDSA-SHA512,9.601,3527.66,1353.08,0.9,0,0,126.8,15,2012.99,1996.89,1619,1615
1,7,40,RSA-SHA3-256_signed-by_ECDSA-SHA512,RSA-SHA3-256_signed-by_ECDSA-SHA512,7.586,4465.7,1712.47,0.9,4,0.4,136,16,2033.71,1994.92,1619,1616
1,2,41,RSA-SHA3-256_signed-by_ECDSA-SHA512,RSA-SHA3-256_signed-by_ECDSA-SHA512,11.029,3072.36,1201.09,1,0,0,118.727,24,2042.69,1994.03,1619,1617
1,3,40,RSA-SHA3-256_signed-by_ECDSA-SHA512,RSA-SHA3-256_signed-by_ECDSA-SHA512,10.384,3261.66,1251.05,1,0,0,126.8,24,2040.19,1986.25,1619,1615
1,6,44,RSA-SHA3-256_signed-by_ECDSA-SHA512,RSA-SHA3-256_signed-by_ECDSA-SHA512,11.717,2890.6,1108.72,1,0,0,148,9,2033.65,1988.16,1619,1615
1,7,41,RSA-SHA3-256_signed-by_ECDSA-SHA512,RSA-SHA3-256_signed-by_ECDSA-SHA512,11.279,3003.81,1394.45,0.5625,11,0.6875,166.5,16,2033.48,2007.82,1619,1616
1,5,43,RSA-SHA3-256_signed-by_ECDSA-SHA512,RSA-SHA3-256_signed-by_ECDSA-SHA512,14.742,2297.6,1302.37,0.642857,11,0.785714,139.143,15,2047.32,1975.66,1619,1615
1,8,42,RSA-SHA3-256_signed-by_ECDSA-SHA512,RSA-SHA3-256_signed-by_ECDSA-SHA512,17.088,1982.62,1108.58,1,11,0.846154,146.923,15,2029.61,2010.49,1619,1616
1,2,42,RSA-SHA3-256_signed-by_ECDSA-SHA512,RSA-SHA3-256_signed-by_ECDSA-SHA512,10.542,3214.28,1232.29,0.7,0,0,126.8,24,2037.77,1989.33,1619,1617
1,3,41,RSA-SHA3-256_signed-by_ECDSA-SHA512,RSA-SHA3-256_signed-by_ECDSA-SHA512,11.978,2827.82,1084.64,1,0,0,126.8,24,2031.05,1993.57,1619,1615
1,6,45,RSA-SHA3-256_signed-by_ECDSA-SHA512,RSA-SHA3-256_signed-by_ECDSA-SHA512,13.758,2461.92,1289.69,1,7,0.5,137.143,9,2007.48,2131.55,1619,1615
1,1,37,RSA-SHA3-256_signed-by_ECDSA-SHA512,RSA-SHA3-256_signed-by_ECDSA-SHA512,45.349,747.09,360.932,1,13,0.684211,144.316,24,2030.36,2001.75,1619,1616
1,7,42,RSA-SHA3-256_signed-by_ECDSA-SHA512,RSA-SHA3-256_signed-by_ECDSA-SHA512,13.038,2598.51,1162.12,1,4,0.307692,196.154,16,2026.65,1982.37,1619,1616
1,8,43,RSA-SHA3-256_signed-by_ECDSA-SHA512,RSA-SHA3-256_signed-by_ECDSA-SHA512,10.559,3208.61,1254.66,1,4,0.363636,118.727,15,1998.45,2011,1619,1616
1,5,44,RSA-SHA3-256_signed-by_ECDSA-SHA512,RSA-SHA3-256_signed-by_ECDSA-SHA512,12.755,2655.52,1692.16,1,9,0.5625,117,15,2025.11,2008.93,1619,1615
1,1,38,RSA-SHA3-256_signed-by_ECDSA-SHA512,RSA-SHA3-256_signed-by_ECDSA-SHA512,6.602,5131.21,2294.81,1,0,0,181.077,24,2060.78,2019.69,1619,1616
1,6,46,RSA-SHA3-256_signed-by_ECDSA-SHA512,RSA-SHA3-256_signed-by_ECDSA-SHA512,10.602,3194.82,1765.67,1,8,0.5,126,9,2035.43,2007.67,1619,1615
1,3,42,RSA-SHA3-256_signed-by_ECDSA-SHA512,RSA-SHA3-256_signed-by_ECDSA-SHA512,14.532,2330.76,1709.81,1,21,0.954545,106.727,24,2034.11,1990.46,1619,1615
1,2,43,RSA-SHA3-256_signed-by_ECDSA-SHA512,RSA-SHA3-256_signed-by_ECDSA-SHA512,20.336,1666.38,1125.08,1,22,1.1,107.6,24,2030.87,2018.35,1619,1617
1,7,43,RSA-SHA3-256_signed-by_ECDSA-SHA512,RSA-SHA3-256_signed-by_ECDSA-SHA512,16.96,1997.64,1211.32,1,11,0.55,154,16,2027.66,1987.53,1619,1616
1,5,45,RSA-SHA3-256_signed-by_ECDSA-SHA512,RSA-SHA3-256_signed-by_ECDSA-SHA512,15.717,2155.01,1507.59,1,18,1.05882,135.412,15,2013.05,2006.17,1619,1615
1,8,44,RSA-SHA3-256_signed-by_ECDSA-SHA512,RSA-SHA3-256_signed-by_ECDSA-SHA512,19.369,1749.17,1070.56,1,12,0.571429,155.143,15,2031.92,2009.53,1619,1616
1,3,43,RSA-SHA3-256_signed-by_ECDSA-SHA512,RSA-SHA3-256_signed-by_ECDSA-SHA512,13.774,2459.04,1306.76,0.8,7,0.466667,113.2,24,2036.84,2043.69,1619,1615
1,6,47,RSA-SHA3-256_signed-by_ECDSA-SHA512,RSA-SHA3-256_signed-by_ECDSA-SHA512,16.731,2024.42,1760.49,1,14,0.736842,136.316,9,2501.9,2442.72,1619,1615
1,1,39,RSA-SHA3-256_signed-by_ECDSA-SHA512,RSA-SHA3-256_signed-by_ECDSA-SHA512,20.104,1685.23,901.707,1,9,0.5625,110,24,2017.89,1994.42,1619,1616
1,2,44,RSA-SHA3-256_signed-by_ECDSA-SHA512,RSA-SHA3-256_signed-by_ECDSA-SHA512,14.01,2418.77,1081.48,1,0,0,181.077,24,2037.12,2002.6,1619,1617
1,7,44,RSA-SHA3-256_signed-by_ECDSA-SHA512,RSA-SHA3-256_signed-by_ECDSA-SHA512,13.362,2535.52,972.297,1,0,0,136,16,2020.18,1988.31,1619,1616
1,5,46,RSA-SHA3-256_signed-by_ECDSA-SHA512,RSA-SHA3-256_signed-by_ECDSA-SHA512,13.271,2552.3,1427.46,0.769231,11,0.846154,177.692,15,2020.92,2067.3,1619,1615
1,8,45,RSA-SHA3-256_signed-by_ECDSA-SHA512,RSA-SHA3-256_signed-by_ECDSA-SHA512,12.291,2756.46,1077.85,0.454545,0,0,118.727,16,2037.86,1989.31,1619,1616
1,1,40,RSA-SHA3-256_signed-by_ECDSA-SHA512,RSA-SHA3-256_signed-by_ECDSA-SHA512,8.527,3972.85,1523.47,0.3,0,0,126.8,24,2036.19,2003.1,1619,1616
1,3,44,RSA-SHA3-256_signed-by_ECDSA-SHA512,RSA-SHA3-256_signed-by_ECDSA-SHA512,12.287,2756.7,1541.77,1,15,1.15385,148.769,24,2032.36,2051.16,1619,1615
1,2,45,RSA-SHA3-256_signed-by_ECDSA-SHA512,RSA-SHA3-256_signed-by_ECDSA-SHA512,11.175,3032.44,1195.51,0.75,0,0,111.667,24,2063.51,2045.28,1619,1617
1,6,48,RSA-SHA3-256_signed-by_ECDSA-SHA512,RSA-SHA3-256_signed-by_ECDSA-SHA512,13.537,2502.1,959.709,0.9,0,0,148,9,2062.47,1994.9,1619,1615
1,5,47,RSA-SHA3-256_signed-by_ECDSA-SHA512,RSA-SHA3-256_signed-by_ECDSA-SHA512,12.289,2756.21,1057.18,1,0,0,126.8,15,2528.51,2475.22,1619,1615
1,7,45,RSA-SHA3-256_signed-by_ECDSA-SHA512,RSA-SHA3-256_signed-by_ECDSA-SHA512,13.593,2492.37,1492.48,0.631579,15,0.789474,110.421,16,2040.29,2001.66,1619,1616
1,8,46,RSA-SHA3-256_signed-by_ECDSA-SHA512,RSA-SHA3-256_signed-by_ECDSA-SHA512,12.46,2719.03,1042.67,1,0,0,132.4,16,2010.22,1997.89,1619,1616
1,1,41,RSA-SHA3-256_signed-by_ECDSA-SHA512,RSA-SHA3-256_signed-by_ECDSA-SHA512,12.639,2680.52,1498.81,1,11,0.846154,146.923,24,2029.65,2038.88,1619,1616
1,3,45,RSA-SHA3-256_signed-by_ECDSA-SHA512,RSA-SHA3-256_signed-by_ECDSA-SHA512,12.135,2791.21,1264.42,1,3,0.214286,170.857,24,2029.31,2008.19,1619,1615
1,2,46,RSA-SHA3-256_signed-by_ECDSA-SHA512,RSA-SHA3-256_signed-by_ECDSA-SHA512,11.174,3032.73,1162.69,1,0,0,126.8,24,2053.38,2011.91,1619,1617
1,8,47,RSA-SHA3-256_signed-by_ECDSA-SHA512,RSA-SHA3-256_signed-by_ECDSA-SHA512,11.355,2983.67,1668.32,1,11,0.846154,146.923,16,2466.68,2483.52,1619,1616
1,1,42,RSA-SHA3-256_signed-by_ECDSA-SHA512,RSA-SHA3-256_signed-by_ECDSA-SHA512,10.246,3306.64,1268,1,0,0,126.8,24,2029.82,2008.09,1619,1616
1,6,49,RSA-SHA3-256_signed-by_ECDSA-SHA512,RSA-SHA3-256_signed-by_ECDSA-SHA512,18.546,1826.29,1223.28,1,15,0.789474,122.421,9,2035.98,1994.4,1619,1615
1,7,46,RSA-SHA3-256_signed-by_ECDSA-SHA512,RSA-SHA3-256_signed-by_ECDSA-SHA512,13.705,2472.04,1396.25,1,12,0.857143,149.714,16,1994.6,1997.95,1619,1616
1,3,46,RSA-SHA3-256_signed-by_ECDSA-SHA512,RSA-SHA3-256_signed-by_ECDSA-SHA512,11.05,3065.29,1175.73,1,0,0,126.8,24,2007.07,1992.94,1619,1615
1,5,48,RSA-SHA3-256_signed-by_ECDSA-SHA512,RSA-SHA3-256_signed-by_ECDSA-SHA512,16.979,1994.85,1478.47,1,21,0.913043,104.783,15,2047.82,2008.12,1619,1615
1,2,47,RSA-SHA3-256_signed-by_ECDSA-SHA512,RSA-SHA3-256_signed-by_ECDSA-SHA512,15.731,2154.14,1220.48,1,11,0.785714,139.143,24,2480.32,2458.45,1619,1617
1,1,43,RSA-SHA3-256_signed-by_ECDSA-SHA512,RSA-SHA3-256_signed-by_ECDSA-SHA512,11.092,3054.42,1194.36,1,0,0,118.727,24,2021.85,2008.85,1619,1616
1,8,48,RSA-SHA3-256_signed-by_ECDSA-SHA512,RSA-SHA3-256_signed-by_ECDSA-SHA512,12.667,2674.61,1400.77,1,7,0.5,118.571,16,2018.84,1991.81,1619,1616
1,7,47,RSA-SHA3-256_signed-by_ECDSA-SHA512,RSA-SHA3-256_signed-by_ECDSA-SHA512,12.764,2654.28,1017.84,1,0,0,136,16,2506.38,2454.41,1619,1616
1,3,47,RSA-SHA3-256_signed-by_ECDSA-SHA512,RSA-SHA3-256_signed-by_ECDSA-SHA512,11.986,2825.93,1083.92,0.6,0,0,126.8,24,2500.18,2442.16,1619,1615
1,5,49,RSA-SHA3-256_signed-by_ECDSA-SHA512,RSA-SHA3-256_signed-by_ECDSA-SHA512,12.433,2724.3,1065.53,1,0,0,118.727,15,2023.42,1983.97,1619,1615
1,6,50,RSA-SHA3-256_signed-by_ECDSA-SHA512,RSA-SHA3-256_signed-by_ECDSA-SHA512,16.221,2088.07,1167.82,1,11,0.846154,173.077,9,2163.49,1986.57,1619,1615
1,2,48,RSA-SHA3-256_signed-by_ECDSA-SHA512,RSA-SHA3-256_signed-by_ECDSA-SHA512,13.998,2420.81,1267.55,1,7,0.5,118.571,24,2045.76,2009.09,1619,1617
1,8,49,RSA-SHA3-256_signed-by_ECDSA-SHA512,RSA-SHA3-256_signed-by_ECDSA-SHA512,10.297,3290.24,1723.2,0.785714,7,0.5,118.571,16,2041.87,2064.41,1619,1616
1,1,44,RSA-SHA3-256_signed-by_ECDSA-SHA512,RSA-SHA3-256_signed-by_ECDSA-SHA512,16.05,2110.79,1105.48,1,7,0.5,118.571,24,2029.08,1992.36,1619,1616
1,7,48,RSA-SHA3-256_signed-by_ECDSA-SHA512,RSA-SHA3-256_signed-by_ECDSA-SHA512,14.129,2397.79,937.6,1,0,0,127.091,16,2020.87,1986.09,1619,1616
1,3,48,RSA-SHA3-256_signed-by_ECDSA-SHA512,RSA-SHA3-256_signed-by_ECDSA-SHA512,14.241,2378.37,1330.18,1,11,0.846154,146.923,24,2004.03,2022.24,1619,1615
1,5,50,RSA-SHA3-256_signed-by_ECDSA-SHA512,RSA-SHA3-256_signed-by_ECDSA-SHA512,13.905,2435.86,1103.44,1,11,0.785714,110,15,2039.43,1984.84,1619,1615
1,6,51,RSA-SHA3-256_signed-by_ECDSA-SHA512,RSA-SHA3-256_signed-by_ECDSA-SHA512,13.842,2446.95,938.556,1,0,0,148,9,2032.53,2029.65,1619,1615
1,2,49,RSA-SHA3-256_signed-by_ECDSA-SHA512,RSA-SHA3-256_signed-by_ECDSA-SHA512,11.214,3021.9,1181.37,1,0,0,118.727,24,2032.77,2106.68,1619,1617
1,8,50,RSA-SHA3-256_signed-by_ECDSA-SHA512,RSA-SHA3-256_signed-by_ECDSA-SHA512,14.277,2372.95,927.889,1,0,0,118.727,16,2043.71,1982.05,1619,1616
1,1,45,RSA-SHA3-256_signed-by_ECDSA-SHA512,RSA-SHA3-256_signed-by_ECDSA-SHA512,10.434,3246.78,1245.05,1,0,0,126.8,24,2015.04,1997.38,1619,1616
1,6,52,RSA-SHA3-256_signed-by_ECDSA-SHA512,RSA-SHA3-256_signed-by_ECDSA-SHA512,10.883,3112.34,1193.78,0.5,0,0,148,9,2043.15,2019.42,1619,1615
1,3,49,RSA-SHA3-256_signed-by_ECDSA-SHA512,RSA-SHA3-256_signed-by_ECDSA-SHA512,14.021,2415.74,1351.08,1,11,0.846154,146.923,24,2036.3,2025.23,1619,1615
1,7,49,RSA-SHA3-256_signed-by_ECDSA-SHA512,RSA-SHA3-256_signed-by_ECDSA-SHA512,15.135,2238.46,1251.63,1,11,0.846154,158.308,16,2020.96,1982.92,1619,1616
1,2,50,RSA-SHA3-256_signed-by_ECDSA-SHA512,RSA-SHA3-256_signed-by_ECDSA-SHA512,12.063,2809.18,1076.99,0.8,0,0,126.8,24,2048.71,1985.48,1619,1617
1,5,51,RSA-SHA3-256_signed-by_ECDSA-SHA512,RSA-SHA3-256_signed-by_ECDSA-SHA512,17.191,1970.26,1180.11,0.894737,15,0.789474,167.474,15,2080.58,1994.66,1619,1615
1,8,51,RSA-SHA3-256_signed-by_ECDSA-SHA512,RSA-SHA3-256_signed-by_ECDSA-SHA512,10.855,3121.13,1196.86,1,4,0.4,126.8,16,2014.68,1994.15,1619,1616
1,3,50,RSA-SHA3-256_signed-by_ECDSA-SHA512,RSA-SHA3-256_signed-by_ECDSA-SHA512,10.75,3150.82,1256.16,1,0,0,112,24,2035.19,2179.65,1619,1615
1,7,50,RSA-SHA3-256_signed-by_ECDSA-SHA512,RSA-SHA3-256_signed-by_ECDSA-SHA512,10.577,3203.11,1296.37,1,1,0.0909091,128.909,16,2029.49,1993.81,1619,1616
1,6,53,RSA-SHA3-256_signed-by_ECDSA-SHA512,RSA-SHA3-256_signed-by_ECDSA-SHA512,13.636,2483.92,1372.78,1,7,0.4375,117.25,9,2051.4,1998.21,1619,1615
1,2,51,RSA-SHA3-256_signed-by_ECDSA-SHA512,RSA-SHA3-256_signed-by_ECDSA-SHA512,12.937,2619.36,1464.27,1,11,0.846154,146.923,24,2032.15,2038.4,1619,1617
1,8,52,RSA-SHA3-256_signed-by_ECDSA-SHA512,RSA-SHA3-256_signed-by_ECDSA-SHA512,10.81,3134.03,1419.38,1,3,0.214286,170.857,16,2019.13,1997.8,1619,1616
1,5,52,RSA-SHA3-256_signed-by_ECDSA-SHA512,RSA-SHA3-256_signed-by_ECDSA-SHA512,14.782,2291.31,970.856,1,2,0.142857,102.571,15,2029.73,2017.47,1619,1615
1,7,51,RSA-SHA3-256_signed-by_ECDSA-SHA512,RSA-SHA3-256_signed-by_ECDSA-SHA512,10.678,3172.81,1240.65,0.636364,0,0,122.727,16,2018.31,1990.5,1619,1616
1,6,54,RSA-SHA3-256_signed-by_ECDSA-SHA512,RSA-SHA3-256_signed-by_ECDSA-SHA512,11.853,2857.6,1582,0.916667,8,0.666667,181.667,9,2039.38,2040.44,1619,1615
1,1,46,RSA-SHA3-256_signed-by_ECDSA-SHA512,RSA-SHA3-256_signed-by_ECDSA-SHA512,30.097,1125.68,1134.99,1,41,1.36667,110,24,2032.08,2006.24,1619,1616
1,3,51,RSA-SHA3-256_signed-by_ECDSA-SHA512,RSA-SHA3-256_signed-by_ECDSA-SHA512,15.705,2156.67,1585.16,1,22,1.375,163,24,2056.85,1984.44,1619,1615
1,2,52,RSA-SHA3-256_signed-by_ECDSA-SHA512,RSA-SHA3-256_signed-by_ECDSA-SHA512,12.014,2820.66,1286.48,0.466667,7,0.466667,104.933,24,2049.94,2020.73,1619,1617
1,8,53,RSA-SHA3-256_signed-by_ECDSA-SHA512,RSA-SHA3-256_signed-by_ECDSA-SHA512,12.212,2774.27,1063.85,0.7,0,0,126.8,16,2031.35,2014.34,1619,1616
1,5,53,RSA-SHA3-256_signed-by_ECDSA-SHA512,RSA-SHA3-256_signed-by_ECDSA-SHA512,10.368,3266.68,1252.97,1,0,0,126.8,15,2038.16,2019.9,1619,1615
1,7,52,RSA-SHA3-256_signed-by_ECDSA-SHA512,RSA-SHA3-256_signed-by_ECDSA-SHA512,8.994,3766.61,1444.38,1,0,0,136,16,2022.36,1997.65,1619,1616
1,2,53,RSA-SHA3-256_signed-by_ECDSA-SHA512,RSA-SHA3-256_signed-by_ECDSA-SHA512,9.876,3431.33,1315.5,1,0,0,126.8,24,2036.08,2006.54,1619,1617
1,8,54,RSA-SHA3-256_signed-by_ECDSA-SHA512,RSA-SHA3-256_signed-by_ECDSA-SHA512,10.533,3216.52,1233.44,1,0,0,126.8,16,2041.85,1997.48,1619,1616
1,3,52,RSA-SHA3-256_signed-by_ECDSA-SHA512,RSA-SHA3-256_signed-by_ECDSA-SHA512,13.143,2577.12,1543.59,0.684211,15,0.789474,103.684,24,2042.77,1978.37,1619,1615
1,1,47,RSA-SHA3-256_signed-by_ECDSA-SHA512,RSA-SHA3-256_signed-by_ECDSA-SHA512,18.994,1783.64,958.576,0.8,10,0.5,137,24,2472.86,2445.94,1619,1616
1,6,55,RSA-SHA3-256_signed-by_ECDSA-SHA512,RSA-SHA3-256_signed-by_ECDSA-SHA512,19.801,1710.54,784.57,1,4,0.266667,190,9,2043.37,1993.07,1619,1615
1,7,53,RSA-SHA3-256_signed-by_ECDSA-SHA512,RSA-SHA3-256_signed-by_ECDSA-SHA512,15.081,2246.47,878.431,1,0,0,127.091,16,2035.14,1997.95,1619,1616
1,5,54,RSA-SHA3-256_signed-by_ECDSA-SHA512,RSA-SHA3-256_signed-by_ECDSA-SHA512,16.585,2042.25,1153.77,1,12,0.857143,140,15,2045.06,1978.32,1619,1615
1,3,53,RSA-SHA3-256_signed-by_ECDSA-SHA512,RSA-SHA3-256_signed-by_ECDSA-SHA512,14.078,2405.94,941.009,1,0,0,118.727,24,2013.36,1989.53,1619,1615
1,2,54,RSA-SHA3-256_signed-by_ECDSA-SHA512,RSA-SHA3-256_signed-by_ECDSA-SHA512,16.735,2024.89,1060.25,1,7,0.5,118.571,24,2026.82,1997.26,1619,1617
1,5,55,RSA-SHA3-256_signed-by_ECDSA-SHA512,RSA-SHA3-256_signed-by_ECDSA-SHA512,8.726,3881.69,1488.87,0.6,0,0,126.8,15,2042.79,1995.67,1619,1615
1,8,55,RSA-SHA3-256_signed-by_ECDSA-SHA512,RSA-SHA3-256_signed-by_ECDSA-SHA512,16.872,2007.97,1348.44,1,14,0.736842,121.368,16,2069.25,1977.82,1619,1616
1,1,48,RSA-SHA3-256_signed-by_ECDSA-SHA512,RSA-SHA3-256_signed-by_ECDSA-SHA512,12.828,2641.01,1383.18,1,7,0.5,118.571,24,2054.35,2018.07,1619,1616
1,7,54,RSA-SHA3-256_signed-by_ECDSA-SHA512,RSA-SHA3-256_signed-by_ECDSA-SHA512,13.15,2576.33,1440.56,1,11,0.846154,195.231,16,2000.01,1983.71,1619,1616
1,6,56,RSA-SHA3-256_signed-by_ECDSA-SHA512,RSA-SHA3-256_signed-by_ECDSA-SHA512,18.142,1866.95,1054.74,1,16,1.14286,163.429,9,2037.44,2020.12,1619,1615
1,5,56,RSA-SHA3-256_signed-by_ECDSA-SHA512,RSA-SHA3-256_signed-by_ECDSA-SHA512,11.572,2927.03,1144.82,1,0,0,118.727,15,2025.44,2021.11,1619,1615
1,1,49,RSA-SHA3-256_signed-by_ECDSA-SHA512,RSA-SHA3-256_signed-by_ECDSA-SHA512,12.008,2821.38,1119.23,1,7,0.583333,112,24,2020.9,1996.13,1619,1616
1,2,55,RSA-SHA3-256_signed-by_ECDSA-SHA512,RSA-SHA3-256_signed-by_ECDSA-SHA512,16.417,2064.11,1370.23,1,14,0.777778,115.333,24,2019.16,2002.92,1619,1617
1,3,54,RSA-SHA3-256_signed-by_ECDSA-SHA512,RSA-SHA3-256_signed-by_ECDSA-SHA512,18.111,1870.15,1004.42,1,8,0.5,108.5,24,2197.16,1990.16,1619,1615
1,8,56,RSA-SHA3-256_signed-by_ECDSA-SHA512,RSA-SHA3-256_signed-by_ECDSA-SHA512,16.964,1997.07,1736.3,1,20,1.05263,135.263,16,2006.82,2002.35,1619,1616
1,7,55,RSA-SHA3-256_signed-by_ECDSA-SHA512,RSA-SHA3-256_signed-by_ECDSA-SHA512,14.892,2274.95,1289.23,1,11,0.785714,149.714,16,2025.18,1985.67,1619,1616
1,6,57,RSA-SHA3-256_signed-by_ECDSA-SHA512,RSA-SHA3-256_signed-by_ECDSA-SHA512,15.642,2165.35,1009.54,1,4,0.25,182,9,2096.97,1989.84,1619,1615
1,5,57,RSA-SHA3-256_signed-by_ECDSA-SHA512,RSA-SHA3-256_signed-by_ECDSA-SHA512,12.494,2710.97,1709.56,1,9,0.529412,108.588,15,2046.35,2054.54,1619,1615
1,3,55,RSA-SHA3-256_signed-by_ECDSA-SHA512,RSA-SHA3-256_signed-by_ECDSA-SHA512,10.905,3106.01,1737.14,1,11,0.846154,146.923,24,2000.01,2010.86,1619,1615
1,1,50,RSA-SHA3-256_signed-by_ECDSA-SHA512,RSA-SHA3-256_signed-by_ECDSA-SHA512,16.33,2074.62,1569.56,1,19,0.826087,104.435,24,2048.9,2006.61,1619,1616
1,8,57,RSA-SHA3-256_signed-by_ECDSA-SHA512,RSA-SHA3-256_signed-by_ECDSA-SHA512,13.294,2548.45,1334.7,1,7,0.5,118.571,16,2035.11,2017.88,1619,1616
1,7,56,RSA-SHA3-256_signed-by_ECDSA-SHA512,RSA-SHA3-256_signed-by_ECDSA-SHA512,13.502,2509.19,962.201,1,0,0,136,16,2023.99,2193.3,1619,1616
1,5,58,RSA-SHA3-256_signed-by_ECDSA-SHA512,RSA-SHA3-256_signed-by_ECDSA-SHA512,10.986,3083.17,1192.78,1,0,0,118.364,15,2044.32,2001.29,1619,1615
1,3,56,RSA-SHA3-256_signed-by_ECDSA-SHA512,RSA-SHA3-256_signed-by_ECDSA-SHA512,9.15,3701.55,2070.21,1,11,0.846154,146.923,24,2032.65,1985.8,1619,1615
1,6,58,RSA-SHA3-256_signed-by_ECDSA-SHA512,RSA-SHA3-256_signed-by_ECDSA-SHA512,17.159,1973.92,1087.2,1,10,0.625,124.5,9,2003.86,2019.83,1619,1615
1,7,57,RSA-SHA3-256_signed-by_ECDSA-SHA512,RSA-SHA3-256_signed-by_ECDSA-SHA512,9.252,3661.53,1404.09,1,0,0,136,16,2007.54,1993.17,1619,1616
1,8,58,RSA-SHA3-256_signed-by_ECDSA-SHA512,RSA-SHA3-256_signed-by_ECDSA-SHA512,12.237,2768.6,1502.3,0.823529,13,0.764706,104.353,16,2017.38,2015.49,1619,1616
1,5,59,RSA-SHA3-256_signed-by_ECDSA-SHA512,RSA-SHA3-256_signed-by_ECDSA-SHA512,9.515,3559.53,1464.5,1,8,0.666667,113.333,15,2028.61,1986.04,1619,1615
1,3,57,RSA-SHA3-256_signed-by_ECDSA-SHA512,RSA-SHA3-256_signed-by_ECDSA-SHA512,10.51,3222.54,1260.4,1,0,0,118.727,24,2034.07,2007.78,1619,1615
1,6,59,RSA-SHA3-256_signed-by_ECDSA-SHA512,RSA-SHA3-256_signed-by_ECDSA-SHA512,7.906,4283.97,1734.23,1,0,0,158,9,2048.1,2014.67,1619,1615
1,1,51,RSA-SHA3-256_signed-by_ECDSA-SHA512,RSA-SHA3-256_signed-by_ECDSA-SHA512,20.461,1655.75,1004.01,1,11,0.55,143,24,2061.25,2011.92,1619,1616
1,2,56,RSA-SHA3-256_signed-by_ECDSA-SHA512,RSA-SHA3-256_signed-by_ECDSA-SHA512,37.055,914.516,622.631,1,17,0.809524,105.429,24,2025.34,2001.99,1619,1617
1,7,58,RSA-SHA3-256_signed-by_ECDSA-SHA512,RSA-SHA3-256_signed-by_ECDSA-SHA512,14.169,2391.1,953.052,1,0,0,119.667,16,2034.85,2038.61,1619,1616
1,5,60,RSA-SHA3-256_signed-by_ECDSA-SHA512,RSA-SHA3-256_signed-by_ECDSA-SHA512,12.812,2643.74,1182.63,1,0,0,181.077,15,2037.45,1995.5,1619,1615
1,6,60,RSA-SHA3-256_signed-by_ECDSA-SHA512,RSA-SHA3-256_signed-by_ECDSA-SHA512,13.574,2495.31,1130.37,1,7,0.5,117.429,9,2024.94,2006.68,1619,1615
1,1,52,RSA-SHA3-256_signed-by_ECDSA-SHA512,RSA-SHA3-256_signed-by_ECDSA-SHA512,13.004,2605.32,1018.75,0.818182,0,0,118.727,24,2013.42,1988.46,1619,1616
1,3,58,RSA-SHA3-256_signed-by_ECDSA-SHA512,RSA-SHA3-256_signed-by_ECDSA-SHA512,17.455,1940.47,1016.52,1,7,0.5,118.571,24,2018.55,2031.04,1619,1615
1,2,57,RSA-SHA3-256_signed-by_ECDSA-SHA512,RSA-SHA3-256_signed-by_ECDSA-SHA512,13.184,2570.36,1004.84,1,0,0,118.727,24,2028.6,1980.21,1619,1617
1,8,59,RSA-SHA3-256_signed-by_ECDSA-SHA512,RSA-SHA3-256_signed-by_ECDSA-SHA512,23.896,1417.8,1207.22,1,35,1.2963,243.926,16,2047.15,1999.05,1619,1616
1,7,59,RSA-SHA3-256_signed-by_ECDSA-SHA512,RSA-SHA3-256_signed-by_ECDSA-SHA512,12.428,2726.08,1045.37,1,0,0,136,16,2029.36,1992.81,1619,1616
1,5,61,RSA-SHA3-256_signed-by_ECDSA-SHA512,RSA-SHA3-256_signed-by_ECDSA-SHA512,13.691,2473.98,1296.01,0.857143,7,0.5,118.571,15,2025.94,2008.62,1619,1615
1,6,61,RSA-SHA3-256_signed-by_ECDSA-SHA512,RSA-SHA3-256_signed-by_ECDSA-SHA512,11.707,2893.29,1109.76,1,0,0,136,9,2040.86,1986.64,1619,1615
1,3,59,RSA-SHA3-256_signed-by_ECDSA-SHA512,RSA-SHA3-256_signed-by_ECDSA-SHA512,12.032,2815.13,1079.77,0.8,0,0,126.8,24,2056.18,2197.9,1619,1615
1,1,53,RSA-SHA3-256_signed-by_ECDSA-SHA512,RSA-SHA3-256_signed-by_ECDSA-SHA512,14.368,2357.96,904.209,1,0,0,126.8,24,2031.12,1999.73,1619,1616
1,2,58,RSA-SHA3-256_signed-by_ECDSA-SHA512,RSA-SHA3-256_signed-by_ECDSA-SHA512,12.997,2607.32,1365.21,0.571429,7,0.5,118.571,24,2080.96,1982.43,1619,1617
1,8,60,RSA-SHA3-256_signed-by_ECDSA-SHA512,RSA-SHA3-256_signed-by_ECDSA-SHA512,13.134,2579.51,1173.12,1,0,0,170.857,16,2054.18,1992.62,1619,1616
1,7,60,RSA-SHA3-256_signed-by_ECDSA-SHA512,RSA-SHA3-256_signed-by_ECDSA-SHA512,13.621,2487.28,967.895,1,7,0.636364,127.091,16,2077.76,1988.23,1619,1616
1,5,62,RSA-SHA3-256_signed-by_ECDSA-SHA512,RSA-SHA3-256_signed-by_ECDSA-SHA512,11.758,2880.74,1672.38,1,12,0.857143,140.286,15,2033.01,2083.5,1619,1615
1,6,62,RSA-SHA3-256_signed-by_ECDSA-SHA512,RSA-SHA3-256_signed-by_ECDSA-SHA512,10.272,3297.22,1283.38,1,7,0.636364,127.091,9,2042.22,2012.21,1619,1615
1,3,60,RSA-SHA3-256_signed-by_ECDSA-SHA512,RSA-SHA3-256_signed-by_ECDSA-SHA512,10.293,3290.76,1515.58,1,7,0.466667,105.2,24,2044.1,1985.24,1619,1615
1,2,59,RSA-SHA3-256_signed-by_ECDSA-SHA512,RSA-SHA3-256_signed-by_ECDSA-SHA512,15.985,2119.88,1213.08,1,12,0.8,144.667,24,2028.39,2011.96,1619,1617
1,6,63,RSA-SHA3-256_signed-by_ECDSA-SHA512,RSA-SHA3-256_signed-by_ECDSA-SHA512,12.893,2627.06,1175.16,1,4,0.307692,196.154,9,2513.15,2460.39,1619,1615
1,5,63,RSA-SHA3-256_signed-by_ECDSA-SHA512,RSA-SHA3-256_signed-by_ECDSA-SHA512,14.153,2393.18,1253.68,1,7,0.5,123.714,15,2489.36,2457.94,1619,1615
1,3,61,RSA-SHA3-256_signed-by_ECDSA-SHA512,RSA-SHA3-256_signed-by_ECDSA-SHA512,10.478,3232.62,1239.91,1,0,0,126.8,24,2044.24,1998.43,1619,1615
1,1,54,RSA-SHA3-256_signed-by_ECDSA-SHA512,RSA-SHA3-256_signed-by_ECDSA-SHA512,20.802,1628.67,1437.54,1,29,1.38095,144.667,24,2047.89,1997.49,1619,1616
1,8,61,RSA-SHA3-256_signed-by_ECDSA-SHA512,RSA-SHA3-256_signed-by_ECDSA-SHA512,19.215,1763.2,1542.96,1,29,1.45,164.4,16,2067.39,1998.29,1619,1616
1,7,61,RSA-SHA3-256_signed-by_ECDSA-SHA512,RSA-SHA3-256_signed-by_ECDSA-SHA512,18.983,1784.75,1110.05,1,9,0.45,159.8,16,2022.83,2017.3,1619,1616
1,6,64,RSA-SHA3-256_signed-by_ECDSA-SHA512,RSA-SHA3-256_signed-by_ECDSA-SHA512,10.777,3142.96,1447.51,0.933333,3,0.2,175.067,9,1999.42,2043.83,1619,1615
1,1,55,RSA-SHA3-256_signed-by_ECDSA-SHA512,RSA-SHA3-256_signed-by_ECDSA-SHA512,9.819,3450.43,1323.14,1,0,0,126.8,24,2027.49,2164.38,1619,1616
1,8,62,RSA-SHA3-256_signed-by_ECDSA-SHA512,RSA-SHA3-256_signed-by_ECDSA-SHA512,10.012,3383.89,1297.62,1,0,0,131.6,16,2022.81,1985.13,1619,1616
1,5,64,RSA-SHA3-256_signed-by_ECDSA-SHA512,RSA-SHA3-256_signed-by_ECDSA-SHA512,14.215,2382.75,931.939,1,0,0,118.727,15,2028.86,2031.11,1619,1615
1,7,62,RSA-SHA3-256_signed-by_ECDSA-SHA512,RSA-SHA3-256_signed-by_ECDSA-SHA512,11.196,3026.03,1160.39,1,0,0,136,16,2044.76,2002.17,1619,1616
1,3,62,RSA-SHA3-256_signed-by_ECDSA-SHA512,RSA-SHA3-256_signed-by_ECDSA-SHA512,16.026,2113.49,1490.52,1,25,1.38889,130,24,2039.1,1986.1,1619,1615
1,2,60,RSA-SHA3-256_signed-by_ECDSA-SHA512,RSA-SHA3-256_signed-by_ECDSA-SHA512,23.483,1443.07,1068.34,1,23,1.35294,159.882,24,2040.02,2011.78,1619,1617
1,1,56,RSA-SHA3-256_signed-by_ECDSA-SHA512,RSA-SHA3-256_signed-by_ECDSA-SHA512,10.866,3117.97,1412.11,1,7,0.5,110,24,2058.34,2032.38,1619,1616
1,5,65,RSA-SHA3-256_signed-by_ECDSA-SHA512,RSA-SHA3-256_signed-by_ECDSA-SHA512,12.748,2656.99,1059.28,1,0,0,112,15,2044.45,1984.62,1619,1615
1,6,65,RSA-SHA3-256_signed-by_ECDSA-SHA512,RSA-SHA3-256_signed-by_ECDSA-SHA512,17.548,1930.17,1213.54,1,18,1.05882,136.353,9,2039.86,2014.11,1619,1615
1,7,63,RSA-SHA3-256_signed-by_ECDSA-SHA512,RSA-SHA3-256_signed-by_ECDSA-SHA512,13.796,2455.74,1359.21,1,2,0.166667,137.667,16,2684.25,2457.71,1619,1616
1,8,63,RSA-SHA3-256_signed-by_ECDSA-SHA512,RSA-SHA3-256_signed-by_ECDSA-SHA512,16.851,2010.51,1052.97,1,7,0.5,118.571,16,2485.86,2455.6,1619,1616
1,1,57,RSA-SHA3-256_signed-by_ECDSA-SHA512,RSA-SHA3-256_signed-by_ECDSA-SHA512,14.459,2343.11,1061.18,1,7,0.5,110,24,2018.25,2016.61,1619,1616
1,5,66,RSA-SHA3-256_signed-by_ECDSA-SHA512,RSA-SHA3-256_signed-by_ECDSA-SHA512,11.783,2874.61,1102.59,1,0,0,126.8,15,2023.71,2008.83,1619,1615
1,2,61,RSA-SHA3-256_signed-by_ECDSA-SHA512,RSA-SHA3-256_signed-by_ECDSA-SHA512,18.682,1813.85,1282.03,1,18,1,130,24,2022.72,2051.82,1619,1617
1,6,66,RSA-SHA3-256_signed-by_ECDSA-SHA512,RSA-SHA3-256_signed-by_ECDSA-SHA512,13.446,2519.04,1427.89,1,11,0.785714,149.714,9,2014.66,1981.31,1619,1615
1,7,64,RSA-SHA3-256_signed-by_ECDSA-SHA512,RSA-SHA3-256_signed-by_ECDSA-SHA512,13.471,2514.95,1391.98,1,2,0.166667,137.667,16,2023.1,1993.92,1619,1616
1,8,64,RSA-SHA3-256_signed-by_ECDSA-SHA512,RSA-SHA3-256_signed-by_ECDSA-SHA512,14.122,2399.01,919.95,1,0,0,126.8,16,2043.9,1995.08,1619,1616
1,3,63,RSA-SHA3-256_signed-by_ECDSA-SHA512,RSA-SHA3-256_signed-by_ECDSA-SHA512,29.913,1132.32,1546.3,1,55,1.375,197.4,24,2678.82,2445.51,1619,1615
1,1,58,RSA-SHA3-256_signed-by_ECDSA-SHA512,RSA-SHA3-256_signed-by_ECDSA-SHA512,10.753,3150.73,1208.21,0.9,0,0,126.8,24,2056.29,1995.68,1619,1616
1,5,67,RSA-SHA3-256_signed-by_ECDSA-SHA512,RSA-SHA3-256_signed-by_ECDSA-SHA512,12.252,2764.58,1081.28,1,0,0,118.727,15,2013.29,2017.16,1619,1615
1,6,67,RSA-SHA3-256_signed-by_ECDSA-SHA512,RSA-SHA3-256_signed-by_ECDSA-SHA512,11.652,2906.95,1316.85,0.5,7,0.5,114,9,2029.3,2022.74,1619,1615
1,7,65,RSA-SHA3-256_signed-by_ECDSA-SHA512,RSA-SHA3-256_signed-by_ECDSA-SHA512,13.511,2507.53,1313.27,0.428571,7,0.5,126.857,16,2014.78,1998.42,1619,1616
1,8,65,RSA-SHA3-256_signed-by_ECDSA-SHA512,RSA-SHA3-256_signed-by_ECDSA-SHA512,13.545,2501.24,959.152,1,0,0,126.8,16,2033.37,1989.17,1619,1616
1,2,62,RSA-SHA3-256_signed-by_ECDSA-SHA512,RSA-SHA3-256_signed-by_ECDSA-SHA512,17.675,1917.22,1082.62,1,12,0.857143,139.143,24,2005.57,1988.55,1619,1617
1,3,64,RSA-SHA3-256_signed-by_ECDSA-SHA512,RSA-SHA3-256_signed-by_ECDSA-SHA512,11.945,2835.63,1109.07,1,4,0.363636,118.727,24,2048.16,1989.59,1619,1615
1,1,59,RSA-SHA3-256_signed-by_ECDSA-SHA512,RSA-SHA3-256_signed-by_ECDSA-SHA512,11.398,2972.44,1173.53,1,6,0.5,112,24,2034.4,1994.95,1619,1616
1,5,68,RSA-SHA3-256_signed-by_ECDSA-SHA512,RSA-SHA3-256_signed-by_ECDSA-SHA512,13.231,2560,1395.48,0.866667,8,0.533333,114.267,15,2014.88,2012.13,1619,1615
1,6,68,RSA-SHA3-256_signed-by_ECDSA-SHA512,RSA-SHA3-256_signed-by_ECDSA-SHA512,12.269,2760.76,1079.79,1,0,0,118.727,9,2010.06,2060.8,1619,1615
1,7,66,RSA-SHA3-256_signed-by_ECDSA-SHA512,RSA-SHA3-256_signed-by_ECDSA-SHA512,10.049,3371.2,1891.38,1,2,0.153846,130,16,2024.07,2024.9,1619,1616
1,8,66,RSA-SHA3-256_signed-by_ECDSA-SHA512,RSA-SHA3-256_signed-by_ECDSA-SHA512,9.504,3564.52,1972.9,0.583333,3,0.25,130,16,2051.52,2116.98,1619,1616
1,2,63,RSA-SHA3-256_signed-by_ECDSA-SHA512,RSA-SHA3-256_signed-by_ECDSA-SHA512,10.073,3363.96,1289.68,0.3,0,0,126.8,24,2502.05,2467.81,1619,1617
1,5,69,RSA-SHA3-256_signed-by_ECDSA-SHA512,RSA-SHA3-256_signed-by_ECDSA-SHA512,6.996,4841.21,1884.35,0.454545,5,0.454545,120.909,15,2022.59,2035.42,1619,1615
1,6,69,RSA-SHA3-256_signed-by_ECDSA-SHA512,RSA-SHA3-256_signed-by_ECDSA-SHA512,8.705,3890.73,1492.33,0.5,0,0,126.8,9,2033.55,1983.48,1619,1615
1,8,67,RSA-SHA3-256_signed-by_ECDSA-SHA512,RSA-SHA3-256_signed-by_ECDSA-SHA512,7.904,4286.01,1643.56,0.5,0,0,128,16,2025.33,2011.79,1619,1616
1,1,60,RSA-SHA3-256_signed-by_ECDSA-SHA512,RSA-SHA3-256_signed-by_ECDSA-SHA512,16.823,2013.85,912.058,1,3,0.214286,182.286,24,2046.77,1997.44,1619,1616
1,7,67,RSA-SHA3-256_signed-by_ECDSA-SHA512,RSA-SHA3-256_signed-by_ECDSA-SHA512,12.007,2821.66,1082.03,1,0,0,329.2,17,2026.73,2004.19,1619,1616
1,2,64,RSA-SHA3-256_signed-by_ECDSA-SHA512,RSA-SHA3-256_signed-by_ECDSA-SHA512,11.999,2824.19,1600.11,1,11,0.785714,139.143,24,2044.63,2021.46,1619,1617
1,6,70,RSA-SHA3-256_signed-by_ECDSA-SHA512,RSA-SHA3-256_signed-by_ECDSA-SHA512,12.078,2804.39,1096.85,1,0,0,118.727,9,2033.46,2004.82,1619,1615
1,8,68,RSA-SHA3-256_signed-by_ECDSA-SHA512,RSA-SHA3-256_signed-by_ECDSA-SHA512,12.438,2723.86,1044.52,1,0,0,126.8,16,2031.83,2001.9,1619,1616
1,1,61,RSA-SHA3-256_signed-by_ECDSA-SHA512,RSA-SHA3-256_signed-by_ECDSA-SHA512,12.294,2755.73,1098.39,1,0,0,112,24,2036.8,1999.32,1619,1616
1,7,68,RSA-SHA3-256_signed-by_ECDSA-SHA512,RSA-SHA3-256_signed-by_ECDSA-SHA512,14.853,2280.92,1531.74,1,14,0.736842,116.105,17,2010.16,1989.05,1619,1616
1,5,70,RSA-SHA3-256_signed-by_ECDSA-SHA512,RSA-SHA3-256_signed-by_ECDSA-SHA512,23.1,1466.3,1241.88,1,19,0.791667,147.167,15,2045.93,1996.38,1619,1615
1,3,65,RSA-SHA3-256_signed-by_ECDSA-SHA512,RSA-SHA3-256_signed-by_ECDSA-SHA512,36.446,929.36,883.704,1,39,1.34483,306.966,24,2064.17,1980.66,1619,1615
1,6,71,RSA-SHA3-256_signed-by_ECDSA-SHA512,RSA-SHA3-256_signed-by_ECDSA-SHA512,12.785,2649.3,1016.17,0.7,0,0,126.8,9,2043.24,1984.85,1619,1615
1,2,65,RSA-SHA3-256_signed-by_ECDSA-SHA512,RSA-SHA3-256_signed-by_ECDSA-SHA512,19.626,1726.68,1398.14,0.956522,22,0.956522,120.435,24,2022.51,2001.1,1619,1617
1,8,69,RSA-SHA3-256_signed-by_ECDSA-SHA512,RSA-SHA3-256_signed-by_ECDSA-SHA512,17.598,1925.16,914.623,0.866667,12,0.8,110,16,2027.2,2011.23,1619,1616
1,1,62,RSA-SHA3-256_signed-by_ECDSA-SHA512,RSA-SHA3-256_signed-by_ECDSA-SHA512,18.239,1857.5,722.825,1,5,0.454545,118.727,24,2039.24,1995.49,1619,1616
1,4,0,RSA-SHA3-256_signed-by_ECDSA-SHA512,RSA-SHA3-256_signed-by_ECDSA-SHA512,1023.38,33.1137,8.896,1,0,0,161.2,24,2036.11,2049.34,1619,1617
1,5,71,RSA-SHA3-256_signed-by_ECDSA-SHA512,RSA-SHA3-256_signed-by_ECDSA-SHA512,18.856,1796.31,688.995,1,0,0,126.8,15,2040.39,1995.48,1619,1615
1,7,69,RSA-SHA3-256_signed-by_ECDSA-SHA512,RSA-SHA3-256_signed-by_ECDSA-SHA512,21.899,1547.05,810.24,1,7,0.5,126.857,17,2056.68,2008.26,1619,1616
1,3,66,RSA-SHA3-256_signed-by_ECDSA-SHA512,RSA-SHA3-256_signed-by_ECDSA-SHA512,21.108,1604.65,726.907,1,7,0.5,110,24,2039.23,1984.27,1619,1615
1,2,66,RSA-SHA3-256_signed-by_ECDSA-SHA512,RSA-SHA3-256_signed-by_ECDSA-SHA512,19.317,1754.27,672.553,1,0,0,126.8,24,2045.26,2010.06,1619,1617
1,6,72,RSA-SHA3-256_signed-by_ECDSA-SHA512,RSA-SHA3-256_signed-by_ECDSA-SHA512,22.594,1499.12,586.333,1,0,0,308.182,9,2037.47,1998.84,1619,1615
1,8,70,RSA-SHA3-256_signed-by_ECDSA-SHA512,RSA-SHA3-256_signed-by_ECDSA-SHA512,19.439,1742.83,1171.22,1,8,0.421053,196.105,16,2026.73,2004.29,1619,1616
1,1,63,RSA-SHA3-256_signed-by_ECDSA-SHA512,RSA-SHA3-256_signed-by_ECDSA-SHA512,18.565,1824.9,1390.11,1,27,1.125,190.667,24,2513.28,2487.8,1619,1616
1,4,1,RSA-SHA3-256_signed-by_ECDSA-SHA512,RSA-SHA3-256_signed-by_ECDSA-SHA512,14.41,2351.66,901.58,1,0,0,148,24,2016.44,2169.76,1619,1617
1,5,72,RSA-SHA3-256_signed-by_ECDSA-SHA512,RSA-SHA3-256_signed-by_ECDSA-SHA512,13.68,2476,1121.63,1,8,0.571429,110,15,2068.45,2000.35,1619,1615
1,7,70,RSA-SHA3-256_signed-by_ECDSA-SHA512,RSA-SHA3-256_signed-by_ECDSA-SHA512,13.636,2484.56,952.758,1,0,0,136,17,2012.84,2010.81,1619,1616
1,3,67,RSA-SHA3-256_signed-by_ECDSA-SHA512,RSA-SHA3-256_signed-by_ECDSA-SHA512,15.449,2192.43,1485.09,1,18,0.9,105.2,24,2039.6,2057,1619,1615
1,5,73,RSA-SHA3-256_signed-by_ECDSA-SHA512,RSA-SHA3-256_signed-by_ECDSA-SHA512,7.766,4361.02,1765.42,1,0,0,146,15,2060.35,2017.79,1619,1615
1,7,71,RSA-SHA3-256_signed-by_ECDSA-SHA512,RSA-SHA3-256_signed-by_ECDSA-SHA512,7.949,4261.69,1680.52,0.916667,0,0,119.333,17,2018.26,2035.08,1619,1616
1,2,67,RSA-SHA3-256_signed-by_ECDSA-SHA512,RSA-SHA3-256_signed-by_ECDSA-SHA512,19.805,1711.01,905.592,1,8,0.533333,114,24,2019.63,2004.14,1619,1617
1,6,73,RSA-SHA3-256_signed-by_ECDSA-SHA512,RSA-SHA3-256_signed-by_ECDSA-SHA512,20.679,1637.99,1287.49,1,10,0.526316,106.632,9,2092.84,2031.79,1619,1615
1,5,74,RSA-SHA3-256_signed-by_ECDSA-SHA512,RSA-SHA3-256_signed-by_ECDSA-SHA512,8.724,3882.33,1577.14,0.692308,0,0,102.615,15,2024.71,1996.75,1619,1615
1,1,64,RSA-SHA3-256_signed-by_ECDSA-SHA512,RSA-SHA3-256_signed-by_ECDSA-SHA512,20.755,1632.36,977.489,1,15,0.789474,103.684,24,2058.55,2174.54,1619,1616
1,3,68,RSA-SHA3-256_signed-by_ECDSA-SHA512,RSA-SHA3-256_signed-by_ECDSA-SHA512,16.443,2059.88,1039.18,1,13,0.722222,128.444,24,2042.79,2011.17,1619,1615
1,7,72,RSA-SHA3-256_signed-by_ECDSA-SHA512,RSA-SHA3-256_signed-by_ECDSA-SHA512,13.899,2437.49,1061.33,1,2,0.153846,116.462,17,2030.99,2003.03,1619,1616
1,2,68,RSA-SHA3-256_signed-by_ECDSA-SHA512,RSA-SHA3-256_signed-by_ECDSA-SHA512,16.281,2081.33,1129.1,1,13,0.764706,104.353,24,2040.12,2084.32,1619,1617
1,4,2,RSA-SHA3-256_signed-by_ECDSA-SHA512,RSA-SHA3-256_signed-by_ECDSA-SHA512,30.525,1110.16,757.928,1,16,0.761905,161.619,24,2104.72,2013,1619,1617
1,5,75,RSA-SHA3-256_signed-by_ECDSA-SHA512,RSA-SHA3-256_signed-by_ECDSA-SHA512,13.23,2560.13,981.967,1,0,0,126.8,15,2041.18,1994.56,1619,1615
1,8,71,RSA-SHA3-256_signed-by_ECDSA-SHA512,RSA-SHA3-256_signed-by_ECDSA-SHA512,34.334,986.756,701.331,1,20,1.05263,128.105,16,2029.48,2040.33,1619,1616
1,6,74,RSA-SHA3-256_signed-by_ECDSA-SHA512,RSA-SHA3-256_signed-by_ECDSA-SHA512,18.253,1855.67,919.51,1,11,1.1,167.6,10,2059.31,2048.39,1619,1615
1,3,69,RSA-SHA3-256_signed-by_ECDSA-SHA512,RSA-SHA3-256_signed-by_ECDSA-SHA512,13.196,2566.75,1340.97,0.777778,10,0.555556,156.889,24,2045.88,1991.17,1619,1615
1,1,65,RSA-SHA3-256_signed-by_ECDSA-SHA512,RSA-SHA3-256_signed-by_ECDSA-SHA512,20.011,1693.06,899.5,1,7,0.466667,113.2,24,2049.67,1988.93,1619,1616
1,7,73,RSA-SHA3-256_signed-by_ECDSA-SHA512,RSA-SHA3-256_signed-by_ECDSA-SHA512,17.84,1899.03,768.579,1,1,0.0909091,128.909,17,2008.01,2002.47,1619,1616
1,5,76,RSA-SHA3-256_signed-by_ECDSA-SHA512,RSA-SHA3-256_signed-by_ECDSA-SHA512,13.8,2454.42,941.421,1,0,0,126.8,15,2034.09,1997.12,1619,1615
1,4,3,RSA-SHA3-256_signed-by_ECDSA-SHA512,RSA-SHA3-256_signed-by_ECDSA-SHA512,16.083,2106.98,807.775,1,0,0,148,24,2031.91,2000.57,1619,1617
1,8,72,RSA-SHA3-256_signed-by_ECDSA-SHA512,RSA-SHA3-256_signed-by_ECDSA-SHA512,14.95,2266.14,868.999,1,0,0,136,16,2031.02,1983.14,1619,1616
1,6,75,RSA-SHA3-256_signed-by_ECDSA-SHA512,RSA-SHA3-256_signed-by_ECDSA-SHA512,13.847,2446.09,1112.7,0.928571,0,0,110,10,2008.27,2040,1619,1615
1,3,70,RSA-SHA3-256_signed-by_ECDSA-SHA512,RSA-SHA3-256_signed-by_ECDSA-SHA512,14.645,2312.79,1293.5,1,11,0.846154,146.923,24,2043.09,2008.29,1619,1615
1,1,66,RSA-SHA3-256_signed-by_ECDSA-SHA512,RSA-SHA3-256_signed-by_ECDSA-SHA512,12.509,2708.36,1038.58,0.3,0,0,126.8,24,2015.55,2030.53,1619,1616
1,2,69,RSA-SHA3-256_signed-by_ECDSA-SHA512,RSA-SHA3-256_signed-by_ECDSA-SHA512,25.585,1324.49,924.265,0.952381,25,1.19048,232.286,24,2092.45,2022.51,1619,1617
1,5,77,RSA-SHA3-256_signed-by_ECDSA-SHA512,RSA-SHA3-256_signed-by_ECDSA-SHA512,11.643,2909.14,1115.84,1,0,0,126.8,15,2205.89,2013.72,1619,1615
1,7,74,RSA-SHA3-256_signed-by_ECDSA-SHA512,RSA-SHA3-256_signed-by_ECDSA-SHA512,15.231,2224.31,852.958,1,0,0,136,17,2064.67,2007.13,1619,1616
1,4,4,RSA-SHA3-256_signed-by_ECDSA-SHA512,RSA-SHA3-256_signed-by_ECDSA-SHA512,14.832,2284.71,875.914,1,0,0,148,24,2041.74,1997.96,1619,1617
1,8,73,RSA-SHA3-256_signed-by_ECDSA-SHA512,RSA-SHA3-256_signed-by_ECDSA-SHA512,14.482,2339.38,897.085,1,0,0,136,16,2028.76,1988.76,1619,1616
1,6,76,RSA-SHA3-256_signed-by_ECDSA-SHA512,RSA-SHA3-256_signed-by_ECDSA-SHA512,14.478,2339.48,1162.56,1,2,0.166667,123.333,10,2033.27,1995.59,1619,1615
1,3,71,RSA-SHA3-256_signed-by_ECDSA-SHA512,RSA-SHA3-256_signed-by_ECDSA-SHA512,17.293,1958.64,780.865,1,0,0,184,24,2008.28,1997.97,1619,1615
1,1,67,RSA-SHA3-256_signed-by_ECDSA-SHA512,RSA-SHA3-256_signed-by_ECDSA-SHA512,15.931,2126.61,815.494,1,0,0,126.8,24,2032.91,1996.2,1619,1616
1,2,70,RSA-SHA3-256_signed-by_ECDSA-SHA512,RSA-SHA3-256_signed-by_ECDSA-SHA512,14.474,2341.27,1620.54,0.55,20,1,214,24,2054.62,1999,1619,1617
1,5,78,RSA-SHA3-256_signed-by_ECDSA-SHA512,RSA-SHA3-256_signed-by_ECDSA-SHA512,15.567,2175.83,1139.82,0.5,7,0.5,118.571,15,2035.24,2015.47,1619,1615
1,7,75,RSA-SHA3-256_signed-by_ECDSA-SHA512,RSA-SHA3-256_signed-by_ECDSA-SHA512,15.613,2169.93,832.105,1,0,0,136,17,2035.3,2015.26,1619,1616
1,4,5,RSA-SHA3-256_signed-by_ECDSA-SHA512,RSA-SHA3-256_signed-by_ECDSA-SHA512,12.697,2668.95,1238.7,1,15,0.9375,129.5,24,2026.5,1974.44,1619,1617
1,8,74,RSA-SHA3-256_signed-by_ECDSA-SHA512,RSA-SHA3-256_signed-by_ECDSA-SHA512,15.677,2161.05,861.36,1,0,0,119.667,16,2036.86,2155.65,1619,1616
1,6,77,RSA-SHA3-256_signed-by_ECDSA-SHA512,RSA-SHA3-256_signed-by_ECDSA-SHA512,15.83,2139.66,820.693,1,0,0,126.8,10,2040.57,1987.96,1619,1615
1,1,68,RSA-SHA3-256_signed-by_ECDSA-SHA512,RSA-SHA3-256_signed-by_ECDSA-SHA512,13.526,2504.71,960.483,1,4,0.4,126.8,24,2057.7,2005,1619,1616
1,2,71,RSA-SHA3-256_signed-by_ECDSA-SHA512,RSA-SHA3-256_signed-by_ECDSA-SHA512,13.459,2517.77,965.264,1,0,0,126.8,24,2031.86,1999.48,1619,1617
1,3,72,RSA-SHA3-256_signed-by_ECDSA-SHA512,RSA-SHA3-256_signed-by_ECDSA-SHA512,15.836,2138.83,1420.5,1,14,0.777778,115.333,24,2051.39,1986.1,1619,1615
1,7,76,RSA-SHA3-256_signed-by_ECDSA-SHA512,RSA-SHA3-256_signed-by_ECDSA-SHA512,12.039,2814.09,1095.07,1,5,0.454545,127.091,17,2019.73,2014.76,1619,1616
1,4,6,RSA-SHA3-256_signed-by_ECDSA-SHA512,RSA-SHA3-256_signed-by_ECDSA-SHA512,15.498,2186.48,1027.17,1,0,0,182,24,2016.12,2001.45,1619,1617
1,5,79,RSA-SHA3-256_signed-by_ECDSA-SHA512,RSA-SHA3-256_signed-by_ECDSA-SHA512,18.841,1797.77,941.771,1,7,0.5,118.571,15,2511.52,2479.93,1619,1615
1,8,75,RSA-SHA3-256_signed-by_ECDSA-SHA512,RSA-SHA3-256_signed-by_ECDSA-SHA512,15.117,2241.06,1500.74,1,19,1,128.737,16,2033.47,1999.65,1619,1616
1,7,77,RSA-SHA3-256_signed-by_ECDSA-SHA512,RSA-SHA3-256_signed-by_ECDSA-SHA512,9.136,3708.36,1707.51,1,3,0.2,178.267,17,2044.53,2006.48,1619,1616
1,1,69,RSA-SHA3-256_signed-by_ECDSA-SHA512,RSA-SHA3-256_signed-by_ECDSA-SHA512,14.201,2385.64,1080.44,1,3,0.214286,170.857,24,2033.64,1999.69,1619,1616
1,2,72,RSA-SHA3-256_signed-by_ECDSA-SHA512,RSA-SHA3-256_signed-by_ECDSA-SHA512,18.494,1832.37,1281.27,1,18,1.05882,135.412,24,2035.79,1993.68,1619,1617
1,3,73,RSA-SHA3-256_signed-by_ECDSA-SHA512,RSA-SHA3-256_signed-by_ECDSA-SHA512,19.905,1701.67,1130.16,1,14,0.777778,115.333,24,2180.42,2002.74,1619,1615
1,6,78,RSA-SHA3-256_signed-by_ECDSA-SHA512,RSA-SHA3-256_signed-by_ECDSA-SHA512,25.592,1323.49,1348.5,1,22,0.88,112.08,10,2005.36,2018.66,1619,1615
1,4,7,RSA-SHA3-256_signed-by_ECDSA-SHA512,RSA-SHA3-256_signed-by_ECDSA-SHA512,16.305,2078.3,828.179,1,0,0,129.667,24,2011.95,2000.96,1619,1617
1,5,80,RSA-SHA3-256_signed-by_ECDSA-SHA512,RSA-SHA3-256_signed-by_ECDSA-SHA512,16.383,2067.41,792.981,1,0,0,322.4,15,2024.23,1994.61,1619,1615
1,7,78,RSA-SHA3-256_signed-by_ECDSA-SHA512,RSA-SHA3-256_signed-by_ECDSA-SHA512,13.592,2492.59,1128.87,1,7,0.5,127.714,17,2038.71,1991.75,1619,1616
1,8,76,RSA-SHA3-256_signed-by_ECDSA-SHA512,RSA-SHA3-256_signed-by_ECDSA-SHA512,19.786,1712.25,1198.37,1,20,0.952381,246.381,17,2022.44,2005.48,1619,1616
1,1,70,RSA-SHA3-256_signed-by_ECDSA-SHA512,RSA-SHA3-256_signed-by_ECDSA-SHA512,18.9,1792.5,687.373,1,0,0,126.8,24,2040.34,2091.31,1619,1616
1,2,73,RSA-SHA3-256_signed-by_ECDSA-SHA512,RSA-SHA3-256_signed-by_ECDSA-SHA512,17.129,1978.31,1050.8,0.933333,7,0.466667,113.2,24,2035.72,2048.26,1619,1617
1,3,74,RSA-SHA3-256_signed-by_ECDSA-SHA512,RSA-SHA3-256_signed-by_ECDSA-SHA512,16.31,2076.66,796.528,1,0,0,126.8,24,2027.36,1988.95,1619,1615
1,6,79,RSA-SHA3-256_signed-by_ECDSA-SHA512,RSA-SHA3-256_signed-by_ECDSA-SHA512,16.147,2097.64,1196.95,1,16,1.06667,132.4,10,2493.43,2461.34,1619,1615
1,4,8,RSA-SHA3-256_signed-by_ECDSA-SHA512,RSA-SHA3-256_signed-by_ECDSA-SHA512,15.219,2226.59,853.632,1,0,0,148,24,2045.27,1998.76,1619,1617
1,5,81,RSA-SHA3-256_signed-by_ECDSA-SHA512,RSA-SHA3-256_signed-by_ECDSA-SHA512,14.503,2335.43,895.78,1,0,0,126.8,15,2041.99,1972.4,1619,1615
1,7,79,RSA-SHA3-256_signed-by_ECDSA-SHA512,RSA-SHA3-256_signed-by_ECDSA-SHA512,15.558,2177.57,854.572,1,7,0.583333,129.333,17,2520.28,2468.46,1619,1616
1,6,80,RSA-SHA3-256_signed-by_ECDSA-SHA512,RSA-SHA3-256_signed-by_ECDSA-SHA512,7.436,4554.58,1746.96,1,0,0,126.8,10,2039.04,1993.46,1619,1615
1,2,74,RSA-SHA3-256_signed-by_ECDSA-SHA512,RSA-SHA3-256_signed-by_ECDSA-SHA512,10.522,3220.64,1234.73,1,0,0,126.8,24,2050.57,2005.7,1619,1617
1,3,75,RSA-SHA3-256_signed-by_ECDSA-SHA512,RSA-SHA3-256_signed-by_ECDSA-SHA512,9.929,3411.39,1308.48,1,0,0,126.8,24,2033.5,1989.06,1619,1615
1,1,71,RSA-SHA3-256_signed-by_ECDSA-SHA512,RSA-SHA3-256_signed-by_ECDSA-SHA512,15.784,2146.37,1136.29,1,8,0.533333,113.2,24,2076.47,2012.54,1619,1616
1,5,82,RSA-SHA3-256_signed-by_ECDSA-SHA512,RSA-SHA3-256_signed-by_ECDSA-SHA512,10.674,3173.23,1217.13,0.9,0,0,126.8,15,2034.01,2018.86,1619,1615
1,7,80,RSA-SHA3-256_signed-by_ECDSA-SHA512,RSA-SHA3-256_signed-by_ECDSA-SHA512,10.41,3254.49,1455.49,0.615385,0,0,212.462,17,2023.96,2090.88,1619,1616
1,3,76,RSA-SHA3-256_signed-by_ECDSA-SHA512,RSA-SHA3-256_signed-by_ECDSA-SHA512,11.334,2988.48,1156.15,0.454545,0,0,118.364,24,2040.97,2012.31,1619,1615
1,2,75,RSA-SHA3-256_signed-by_ECDSA-SHA512,RSA-SHA3-256_signed-by_ECDSA-SHA512,12.713,2665.55,1021.92,0.5,0,0,322.4,24,2016.01,2018.95,1619,1617
1,6,81,RSA-SHA3-256_signed-by_ECDSA-SHA512,RSA-SHA3-256_signed-by_ECDSA-SHA512,15.316,2211.46,1285.93,0.714286,12,0.857143,140.286,10,2011.69,1992.95,1619,1615
1,1,72,RSA-SHA3-256_signed-by_ECDSA-SHA512,RSA-SHA3-256_signed-by_ECDSA-SHA512,13.587,2493.5,956.185,0.4,0,0,126.8,24,2041.32,2010.02,1619,1616
1,5,83,RSA-SHA3-256_signed-by_ECDSA-SHA512,RSA-SHA3-256_signed-by_ECDSA-SHA512,12.793,2647.66,1015.54,0.3,0,0,126.8,15,2042.88,1985.81,1619,1615
1,7,81,RSA-SHA3-256_signed-by_ECDSA-SHA512,RSA-SHA3-256_signed-by_ECDSA-SHA512,12.472,2716.45,1041.68,0.3,0,0,148,17,2037.97,2035.23,1619,1616
1,8,77,RSA-SHA3-256_signed-by_ECDSA-SHA512,RSA-SHA3-256_signed-by_ECDSA-SHA512,35.215,962.069,520.221,1,10,0.588235,109.765,17,2017.26,2019.82,1619,1616
1,4,9,RSA-SHA3-256_signed-by_ECDSA-SHA512,RSA-SHA3-256_signed-by_ECDSA-SHA512,30.088,1126.29,998.132,1,31,1.40909,210.545,24,2041.71,2013.07,1619,1617
1,3,77,RSA-SHA3-256_signed-by_ECDSA-SHA512,RSA-SHA3-256_signed-by_ECDSA-SHA512,14.007,2418.14,945.783,1,0,0,118.727,24,2037.57,2009.85,1619,1615
1,2,76,RSA-SHA3-256_signed-by_ECDSA-SHA512,RSA-SHA3-256_signed-by_ECDSA-SHA512,15.423,2197.14,858.94,1,0,0,118.727,24,2043.98,1986.46,1619,1617
1,1,73,RSA-SHA3-256_signed-by_ECDSA-SHA512,RSA-SHA3-256_signed-by_ECDSA-SHA512,13.99,2421.63,928.626,1,0,0,126.8,24,2042.97,1986.55,1619,1616
1,6,82,RSA-SHA3-256_signed-by_ECDSA-SHA512,RSA-SHA3-256_signed-by_ECDSA-SHA512,16.235,2086.26,1092.9,1,7,0.5,119.429,10,2054.37,1986.49,1619,1615
1,5,84,RSA-SHA3-256_signed-by_ECDSA-SHA512,RSA-SHA3-256_signed-by_ECDSA-SHA512,16.303,2077.56,1100.12,1,8,0.533333,113.2,15,2046.3,2021.57,1619,1615
1,8,78,RSA-SHA3-256_signed-by_ECDSA-SHA512,RSA-SHA3-256_signed-by_ECDSA-SHA512,14.834,2283.84,1034.34,0.857143,7,0.5,117.429,17,2026.53,2002.79,1619,1616
1,7,82,RSA-SHA3-256_signed-by_ECDSA-SHA512,RSA-SHA3-256_signed-by_ECDSA-SHA512,19.717,1718.3,960.789,1,11,0.846154,173.077,17,2035.77,2007.13,1619,1616
1,4,10,RSA-SHA3-256_signed-by_ECDSA-SHA512,RSA-SHA3-256_signed-by_ECDSA-SHA512,16.263,2083.66,1164.8,1,11,0.846154,173.077,24,2039.29,2041.73,1619,1617
1,3,78,RSA-SHA3-256_signed-by_ECDSA-SHA512,RSA-SHA3-256_signed-by_ECDSA-SHA512,13.857,2444.31,951.401,1,5,0.454545,296.545,24,2041.42,2004.75,1619,1615
1,2,77,RSA-SHA3-256_signed-by_ECDSA-SHA512,RSA-SHA3-256_signed-by_ECDSA-SHA512,18.204,1861.5,727.724,1,0,0,118.727,24,2054.91,1988.01,1619,1617
1,1,74,RSA-SHA3-256_signed-by_ECDSA-SHA512,RSA-SHA3-256_signed-by_ECDSA-SHA512,18,1882.15,721.749,1,0,0,322.4,24,2034.64,1993.58,1619,1616
1,5,85,RSA-SHA3-256_signed-by_ECDSA-SHA512,RSA-SHA3-256_signed-by_ECDSA-SHA512,16.598,2040.65,955.259,1,11,0.6875,101,15,2035.04,2002.96,1619,1615
1,6,83,RSA-SHA3-256_signed-by_ECDSA-SHA512,RSA-SHA3-256_signed-by_ECDSA-SHA512,19.888,1703.06,1194.64,1,9,0.529412,136.118,10,2042.79,1998.37,1619,1615
1,8,79,RSA-SHA3-256_signed-by_ECDSA-SHA512,RSA-SHA3-256_signed-by_ECDSA-SHA512,21.41,1582.37,618.748,1,0,0,127.091,17,2509.97,2452.32,1619,1616
1,7,83,RSA-SHA3-256_signed-by_ECDSA-SHA512,RSA-SHA3-256_signed-by_ECDSA-SHA512,18.397,1841.54,1029.7,1,11,0.846154,173.077,17,2026.51,1989.55,1619,1616
1,3,79,RSA-SHA3-256_signed-by_ECDSA-SHA512,RSA-SHA3-256_signed-by_ECDSA-SHA512,16.949,1998.41,905.28,0.857143,3,0.214286,170.857,24,2484.67,2458.01,1619,1615
1,4,11,RSA-SHA3-256_signed-by_ECDSA-SHA512,RSA-SHA3-256_signed-by_ECDSA-SHA512,18.737,1808.54,1338.9,1,23,1.35294,295.176,24,2086.27,1984.96,1619,1617
1,2,78,RSA-SHA3-256_signed-by_ECDSA-SHA512,RSA-SHA3-256_signed-by_ECDSA-SHA512,13.663,2480.2,950.86,1,4,0.4,126.8,24,2017.98,2008.94,1619,1617
1,1,75,RSA-SHA3-256_signed-by_ECDSA-SHA512,RSA-SHA3-256_signed-by_ECDSA-SHA512,13.922,2433.5,951.563,1,4,0.363636,118.727,24,2048.5,2022.9,1619,1616
1,5,86,RSA-SHA3-256_signed-by_ECDSA-SHA512,RSA-SHA3-256_signed-by_ECDSA-SHA512,13.41,2525.81,1144.19,1,3,0.214286,182.286,15,2003,1999.12,1619,1615
1,6,84,RSA-SHA3-256_signed-by_ECDSA-SHA512,RSA-SHA3-256_signed-by_ECDSA-SHA512,15.358,2205.39,862.573,1,0,0,118.727,10,2074.51,2019.48,1619,1615
1,7,84,RSA-SHA3-256_signed-by_ECDSA-SHA512,RSA-SHA3-256_signed-by_ECDSA-SHA512,11.018,3074.88,1179.13,1,0,0,148,17,2019.59,2032.85,1619,1616
1,3,80,RSA-SHA3-256_signed-by_ECDSA-SHA512,RSA-SHA3-256_signed-by_ECDSA-SHA512,14.122,2398.44,938.076,1,0,0,118.727,24,2032.56,1985.99,1619,1615
1,8,80,RSA-SHA3-256_signed-by_ECDSA-SHA512,RSA-SHA3-256_signed-by_ECDSA-SHA512,16.256,2084.07,1035.39,1,2,0.166667,131.667,17,2044.95,1983.33,1619,1616
1,4,12,RSA-SHA3-256_signed-by_ECDSA-SHA512,RSA-SHA3-256_signed-by_ECDSA-SHA512,21.282,1592.32,911.184,1,12,0.8,151.867,24,2090.32,2050.75,1619,1617
1,5,87,RSA-SHA3-256_signed-by_ECDSA-SHA512,RSA-SHA3-256_signed-by_ECDSA-SHA512,16.746,2022.61,775.797,1,0,0,334,15,2028.03,2010.99,1619,1615
1,1,76,RSA-SHA3-256_signed-by_ECDSA-SHA512,RSA-SHA3-256_signed-by_ECDSA-SHA512,18.341,1847.15,1278.83,0.85,20,1,214,24,2034.6,1994.63,1619,1616
1,6,85,RSA-SHA3-256_signed-by_ECDSA-SHA512,RSA-SHA3-256_signed-by_ECDSA-SHA512,15.143,2236.76,857.936,1,0,0,126.8,10,2086.33,1994.57,1619,1615
1,7,85,RSA-SHA3-256_signed-by_ECDSA-SHA512,RSA-SHA3-256_signed-by_ECDSA-SHA512,14.94,2267.69,869.593,1,0,0,136,17,2051.54,1978.12,1619,1616
1,2,79,RSA-SHA3-256_signed-by_ECDSA-SHA512,RSA-SHA3-256_signed-by_ECDSA-SHA512,23.41,1447.57,1364.87,1,39,1.39286,295.857,24,2488.43,2478.71,1619,1617
1,3,81,RSA-SHA3-256_signed-by_ECDSA-SHA512,RSA-SHA3-256_signed-by_ECDSA-SHA512,14.747,2296.82,898.33,0.454545,0,0,118.727,24,2032.07,1987.8,1619,1615
1,8,81,RSA-SHA3-256_signed-by_ECDSA-SHA512,RSA-SHA3-256_signed-by_ECDSA-SHA512,14.781,2292.07,732.813,0.714286,0,0,159.143,17,2034.11,1990.92,1619,1616
1,4,13,RSA-SHA3-256_signed-by_ECDSA-SHA512,RSA-SHA3-256_signed-by_ECDSA-SHA512,13.271,2553.5,1156.19,1,7,0.5,127.714,24,2035.99,2007.29,1619,1617
1,5,88,RSA-SHA3-256_signed-by_ECDSA-SHA512,RSA-SHA3-256_signed-by_ECDSA-SHA512,15.496,2185.78,838.381,1,0,0,126.8,15,2018.56,2020.79,1619,1615
1,6,86,RSA-SHA3-256_signed-by_ECDSA-SHA512,RSA-SHA3-256_signed-by_ECDSA-SHA512,15.112,2241.32,859.686,1,0,0,126.8,10,2033.41,1998.87,1619,1615
1,7,86,RSA-SHA3-256_signed-by_ECDSA-SHA512,RSA-SHA3-256_signed-by_ECDSA-SHA512,15.45,2192.8,840.876,1,0,0,136,17,2049.22,1977.31,1619,1616
1,2,80,RSA-SHA3-256_signed-by_ECDSA-SHA512,RSA-SHA3-256_signed-by_ECDSA-SHA512,14.149,2395,918.198,1,0,0,126.8,24,2041.96,1988.77,1619,1617
1,1,77,RSA-SHA3-256_signed-by_ECDSA-SHA512,RSA-SHA3-256_signed-by_ECDSA-SHA512,19.227,1762.02,1601.84,1,36,1.44,119.6,24,2024.85,2013.89,1619,1616
1,8,82,RSA-SHA3-256_signed-by_ECDSA-SHA512,RSA-SHA3-256_signed-by_ECDSA-SHA512,13.852,2445.77,1126.15,1,7,0.466667,195.067,17,2032.64,2007.45,1619,1616
1,3,82,RSA-SHA3-256_signed-by_ECDSA-SHA512,RSA-SHA3-256_signed-by_ECDSA-SHA512,17.262,1962.14,1097.39,1,11,0.846154,146.923,24,2027.21,2032.37,1619,1615
1,4,14,RSA-SHA3-256_signed-by_ECDSA-SHA512,RSA-SHA3-256_signed-by_ECDSA-SHA512,15.347,2208.02,1028.95,1,11,0.6875,117,24,2012.53,1985.87,1619,1617
1,6,87,RSA-SHA3-256_signed-by_ECDSA-SHA512,RSA-SHA3-256_signed-by_ECDSA-SHA512,13.518,2505.6,1414.36,1,2,0.142857,114.857,10,2044.4,2014.44,1619,1615
1,7,87,RSA-SHA3-256_signed-by_ECDSA-SHA512,RSA-SHA3-256_signed-by_ECDSA-SHA512,18.155,1866.05,1032.83,1,2,0.166667,137.667,17,2025.1,1989.43,1619,1616
1,8,83,RSA-SHA3-256_signed-by_ECDSA-SHA512,RSA-SHA3-256_signed-by_ECDSA-SHA512,15.694,2158.7,965.424,1,0,0,196.154,17,2019.1,2009.48,1619,1616
1,1,78,RSA-SHA3-256_signed-by_ECDSA-SHA512,RSA-SHA3-256_signed-by_ECDSA-SHA512,17.33,1954.9,885.359,1,3,0.214286,182.286,24,2040.86,2004.12,1619,1616
1,5,89,RSA-SHA3-256_signed-by_ECDSA-SHA512,RSA-SHA3-256_signed-by_ECDSA-SHA512,22.692,1492.66,1008.27,1,16,0.8,108.8,15,2022.82,1994.35,1619,1615
1,2,81,RSA-SHA3-256_signed-by_ECDSA-SHA512,RSA-SHA3-256_signed-by_ECDSA-SHA512,22.249,1523.1,1141.97,1,22,1.22222,153.111,24,2034,2004.49,1619,1617
1,3,83,RSA-SHA3-256_signed-by_ECDSA-SHA512,RSA-SHA3-256_signed-by_ECDSA-SHA512,17.493,1936.23,742.662,1,0,0,126.8,24,2034.37,1993.84,1619,1615
1,4,15,RSA-SHA3-256_signed-by_ECDSA-SHA512,RSA-SHA3-256_signed-by_ECDSA-SHA512,14.081,2406.59,1076.03,0.384615,3,0.230769,637.077,24,2507.02,2464.57,1619,1617
1,6,88,RSA-SHA3-256_signed-by_ECDSA-SHA512,RSA-SHA3-256_signed-by_ECDSA-SHA512,13.043,2596.91,1452.4,0.384615,11,0.846154,146.923,10,2032.52,1982.61,1619,1615
1,8,84,RSA-SHA3-256_signed-by_ECDSA-SHA512,RSA-SHA3-256_signed-by_ECDSA-SHA512,11.479,2951.44,1131.79,0.3,0,0,136,17,2032.84,2022.61,1619,1616
1,7,88,RSA-SHA3-256_signed-by_ECDSA-SHA512,RSA-SHA3-256_signed-by_ECDSA-SHA512,12.83,2640.64,1012.61,0.3,0,0,136,17,2024.17,2001.48,1619,1616
1,1,79,RSA-SHA3-256_signed-by_ECDSA-SHA512,RSA-SHA3-256_signed-by_ECDSA-SHA512,13.522,2505.5,993.918,1,7,0.583333,112,24,2824.98,2460.8,1619,1616
1,5,90,RSA-SHA3-256_signed-by_ECDSA-SHA512,RSA-SHA3-256_signed-by_ECDSA-SHA512,13.104,2584.81,991.435,1,0,0,126.8,15,2036.92,2023.31,1619,1615
1,2,82,RSA-SHA3-256_signed-by_ECDSA-SHA512,RSA-SHA3-256_signed-by_ECDSA-SHA512,12.67,2674.61,1025.39,1,0,0,126.8,24,2039.59,1989.85,1619,1617
1,4,16,RSA-SHA3-256_signed-by_ECDSA-SHA512,RSA-SHA3-256_signed-by_ECDSA-SHA512,13.422,2524.73,967.932,1,0,0,126.8,24,2045.63,1996.18,1619,1617
1,6,89,RSA-SHA3-256_signed-by_ECDSA-SHA512,RSA-SHA3-256_signed-by_ECDSA-SHA512,16.134,2099.32,821.084,1,4,0.363636,118.727,10,2227.08,2057.35,1619,1615
1,3,84,RSA-SHA3-256_signed-by_ECDSA-SHA512,RSA-SHA3-256_signed-by_ECDSA-SHA512,19.709,1718.59,1283.46,1,22,0.916667,101,24,2043.39,2001.27,1619,1615
1,8,85,RSA-SHA3-256_signed-by_ECDSA-SHA512,RSA-SHA3-256_signed-by_ECDSA-SHA512,13.298,2547.66,976.952,1,0,0,136,17,2031.81,1986.76,1619,1616
1,5,91,RSA-SHA3-256_signed-by_ECDSA-SHA512,RSA-SHA3-256_signed-by_ECDSA-SHA512,11.138,3041,1166.41,0.9,0,0,126.8,15,2020.28,2001.53,1619,1615
1,7,89,RSA-SHA3-256_signed-by_ECDSA-SHA512,RSA-SHA3-256_signed-by_ECDSA-SHA512,16.594,2041.7,1488.73,1,11,0.733333,132.133,17,2025.84,2007.18,1619,1616
1,1,80,RSA-SHA3-256_signed-by_ECDSA-SHA512,RSA-SHA3-256_signed-by_ECDSA-SHA512,15.238,2223.25,1539.21,1,22,1.1,214,24,2037.87,1987.42,1619,1616
1,2,83,RSA-SHA3-256_signed-by_ECDSA-SHA512,RSA-SHA3-256_signed-by_ECDSA-SHA512,14.523,2333.27,1383.66,1,14,0.777778,107.333,24,2054.83,2019.78,1619,1617
1,4,17,RSA-SHA3-256_signed-by_ECDSA-SHA512,RSA-SHA3-256_signed-by_ECDSA-SHA512,13.119,2582.99,998.805,1,0,0,118.364,24,2039.23,2016.1,1619,1617
1,6,90,RSA-SHA3-256_signed-by_ECDSA-SHA512,RSA-SHA3-256_signed-by_ECDSA-SHA512,12.978,2609.84,1201.98,1,3,0.2,164.4,10,2038.45,1989.08,1619,1615
1,8,86,RSA-SHA3-256_signed-by_ECDSA-SHA512,RSA-SHA3-256_signed-by_ECDSA-SHA512,11.989,2825.83,1083.62,1,0,0,136,17,2031.73,1988.06,1619,1616
1,5,92,RSA-SHA3-256_signed-by_ECDSA-SHA512,RSA-SHA3-256_signed-by_ECDSA-SHA512,13.048,2595.84,1015.28,1,0,0,118.727,15,2006.92,2021.25,1619,1615
1,7,90,RSA-SHA3-256_signed-by_ECDSA-SHA512,RSA-SHA3-256_signed-by_ECDSA-SHA512,14.569,2325.38,1268.39,1,7,0.368421,147.684,17,2229.38,2026.55,1619,1616
1,3,85,RSA-SHA3-256_signed-by_ECDSA-SHA512,RSA-SHA3-256_signed-by_ECDSA-SHA512,19.98,1695.26,1363.74,1,21,0.954545,164.545,24,2040.85,1999,1619,1615
1,6,91,RSA-SHA3-256_signed-by_ECDSA-SHA512,RSA-SHA3-256_signed-by_ECDSA-SHA512,8.725,3881.75,1710.76,0.533333,7,0.466667,101.733,10,2061.12,1979.37,1619,1615
1,8,87,RSA-SHA3-256_signed-by_ECDSA-SHA512,RSA-SHA3-256_signed-by_ECDSA-SHA512,12.206,2775.61,1085.34,1,0,0,127.091,17,2035.39,1991.97,1619,1616
1,2,84,RSA-SHA3-256_signed-by_ECDSA-SHA512,RSA-SHA3-256_signed-by_ECDSA-SHA512,20.767,1631.79,863.663,1,8,0.533333,118,24,2026.64,2032.62,1619,1617
1,1,81,RSA-SHA3-256_signed-by_ECDSA-SHA512,RSA-SHA3-256_signed-by_ECDSA-SHA512,24.305,1393.91,639.191,1,4,0.266667,172.667,24,2036.81,1992.04,1619,1616
1,4,18,RSA-SHA3-256_signed-by_ECDSA-SHA512,RSA-SHA3-256_signed-by_ECDSA-SHA512,23.313,1453.58,788.554,1,9,0.529412,107.176,24,2032.89,2004.56,1619,1617
1,5,93,RSA-SHA3-256_signed-by_ECDSA-SHA512,RSA-SHA3-256_signed-by_ECDSA-SHA512,17.793,1903.58,1050.25,0.75,9,0.5625,111.25,15,2005.51,2019.05,1619,1615
1,7,91,RSA-SHA3-256_signed-by_ECDSA-SHA512,RSA-SHA3-256_signed-by_ECDSA-SHA512,14.647,2313.03,904.456,0.636364,0,0,127.091,17,1991.48,1984.42,1619,1616
1,3,86,RSA-SHA3-256_signed-by_ECDSA-SHA512,RSA-SHA3-256_signed-by_ECDSA-SHA512,15.122,2239.84,859.118,0.7,0,0,126.8,24,2037.99,1983.77,1619,1615
1,6,92,RSA-SHA3-256_signed-by_ECDSA-SHA512,RSA-SHA3-256_signed-by_ECDSA-SHA512,16.422,2062.52,1211.99,0.411765,10,0.588235,161.529,10,2035.57,2015.55,1619,1615
1,8,88,RSA-SHA3-256_signed-by_ECDSA-SHA512,RSA-SHA3-256_signed-by_ECDSA-SHA512,14.421,2349.27,900.878,0.6,0,0,136,17,2095.06,1984.82,1619,1616
1,2,85,RSA-SHA3-256_signed-by_ECDSA-SHA512,RSA-SHA3-256_signed-by_ECDSA-SHA512,12.377,2737.95,1049.68,0.3,0,0,126.8,24,2165.4,2013.1,1619,1617
1,1,82,RSA-SHA3-256_signed-by_ECDSA-SHA512,RSA-SHA3-256_signed-by_ECDSA-SHA512,13.122,2581.89,990.079,0.3,0,0,172.4,24,2048.64,2005.39,1619,1616
1,4,19,RSA-SHA3-256_signed-by_ECDSA-SHA512,RSA-SHA3-256_signed-by_ECDSA-SHA512,13.749,2464.7,1115.98,0.428571,7,0.5,110,24,2025.77,1997.47,1619,1617
1,5,94,RSA-SHA3-256_signed-by_ECDSA-SHA512,RSA-SHA3-256_signed-by_ECDSA-SHA512,13.044,2596.7,1360.29,0.428571,7,0.5,118.571,15,2038.62,1996.75,1619,1615
1,7,92,RSA-SHA3-256_signed-by_ECDSA-SHA512,RSA-SHA3-256_signed-by_ECDSA-SHA512,13.533,2503.45,978.917,0.545455,0,0,127.091,17,2036.56,1982.36,1619,1616
1,3,87,RSA-SHA3-256_signed-by_ECDSA-SHA512,RSA-SHA3-256_signed-by_ECDSA-SHA512,16.427,2061.9,790.866,1,0,0,126.8,24,2040.7,2077.45,1619,1615
1,6,93,RSA-SHA3-256_signed-by_ECDSA-SHA512,RSA-SHA3-256_signed-by_ECDSA-SHA512,15.855,2136.29,1061.58,1,2,0.166667,123.333,10,2036.68,1989.3,1619,1615
1,8,89,RSA-SHA3-256_signed-by_ECDSA-SHA512,RSA-SHA3-256_signed-by_ECDSA-SHA512,15.275,2217.94,850.515,1,4,0.4,136,17,2040.33,2007.26,1619,1616
1,2,86,RSA-SHA3-256_signed-by_ECDSA-SHA512,RSA-SHA3-256_signed-by_ECDSA-SHA512,14.832,2284.73,875.919,1,0,0,126.8,24,2042.31,2004.85,1619,1617
1,1,83,RSA-SHA3-256_signed-by_ECDSA-SHA512,RSA-SHA3-256_signed-by_ECDSA-SHA512,14.549,2328.61,892.954,1,0,0,136,24,2053.01,1982.43,1619,1616
1,7,93,RSA-SHA3-256_signed-by_ECDSA-SHA512,RSA-SHA3-256_signed-by_ECDSA-SHA512,11.496,2947.08,1647.86,1,9,0.692308,156.462,17,2017.49,2018.09,1619,1616
1,6,94,RSA-SHA3-256_signed-by_ECDSA-SHA512,RSA-SHA3-256_signed-by_ECDSA-SHA512,10.187,3324.97,1346.01,1,1,0.0909091,120.182,10,2010.8,2007.54,1619,1615
1,5,95,RSA-SHA3-256_signed-by_ECDSA-SHA512,RSA-SHA3-256_signed-by_ECDSA-SHA512,19.404,1745.62,1169.24,1,15,0.789474,111.263,15,2493.56,2472.17,1619,1615
1,2,87,RSA-SHA3-256_signed-by_ECDSA-SHA512,RSA-SHA3-256_signed-by_ECDSA-SHA512,10.597,3197.8,1225.98,1,0,0,128,24,2041.97,1990.99,1619,1617
1,4,20,RSA-SHA3-256_signed-by_ECDSA-SHA512,RSA-SHA3-256_signed-by_ECDSA-SHA512,21.643,1565.75,1103.71,1,19,1.05556,130,24,2028.97,2018.8,1619,1617
1,1,84,RSA-SHA3-256_signed-by_ECDSA-SHA512,RSA-SHA3-256_signed-by_ECDSA-SHA512,10.279,3295.99,1263.92,0.3,0,0,136,24,2128.64,1978.31,1619,1616
1,3,88,RSA-SHA3-256_signed-by_ECDSA-SHA512,RSA-SHA3-256_signed-by_ECDSA-SHA512,16.813,2014.53,1070.55,1,7,0.466667,113.2,24,2032.09,1999.42,1619,1615
1,8,90,RSA-SHA3-256_signed-by_ECDSA-SHA512,RSA-SHA3-256_signed-by_ECDSA-SHA512,15.164,2234.14,1024.48,0.8,4,0.266667,175.067,17,2030.66,2001,1619,1616
1,6,95,RSA-SHA3-256_signed-by_ECDSA-SHA512,RSA-SHA3-256_signed-by_ECDSA-SHA512,12.799,2646.4,1015.06,0.9,0,0,126.8,10,2503.29,2483.2,1619,1615
1,5,96,RSA-SHA3-256_signed-by_ECDSA-SHA512,RSA-SHA3-256_signed-by_ECDSA-SHA512,11.368,2979.53,1349.73,0.642857,7,0.5,110,15,2039.54,2047.75,1619,1615
1,7,94,RSA-SHA3-256_signed-by_ECDSA-SHA512,RSA-SHA3-256_signed-by_ECDSA-SHA512,19.802,1710.92,797.488,0.9375,4,0.25,179,17,2000.77,1987.83,1619,1616
1,4,21,RSA-SHA3-256_signed-by_ECDSA-SHA512,RSA-SHA3-256_signed-by_ECDSA-SHA512,14.12,2399.92,920.083,1,0,0,129.2,24,2059.11,1979.78,1619,1617
1,2,88,RSA-SHA3-256_signed-by_ECDSA-SHA512,RSA-SHA3-256_signed-by_ECDSA-SHA512,15.628,2168.33,1436.34,0.909091,21,0.954545,103.455,24,2035.54,1983.52,1619,1617
1,1,85,RSA-SHA3-256_signed-by_ECDSA-SHA512,RSA-SHA3-256_signed-by_ECDSA-SHA512,17.732,1910.57,1162.13,1,14,0.7,106.8,24,2104.57,2096.56,1619,1616
1,3,89,RSA-SHA3-256_signed-by_ECDSA-SHA512,RSA-SHA3-256_signed-by_ECDSA-SHA512,18.638,1817.36,710.803,1,0,0,118.727,24,2048.96,2100.81,1619,1615
1,8,91,RSA-SHA3-256_signed-by_ECDSA-SHA512,RSA-SHA3-256_signed-by_ECDSA-SHA512,17.856,1897.3,727.559,1,0,0,136,17,2023.69,2018.25,1619,1616
1,5,97,RSA-SHA3-256_signed-by_ECDSA-SHA512,RSA-SHA3-256_signed-by_ECDSA-SHA512,16.431,2061.36,790.659,1,0,0,126.8,15,2033.07,2006.19,1619,1615
1,6,96,RSA-SHA3-256_signed-by_ECDSA-SHA512,RSA-SHA3-256_signed-by_ECDSA-SHA512,17.819,1900.89,995.791,1,7,0.5,118.571,10,2028.58,2006.49,1619,1615
1,7,95,RSA-SHA3-256_signed-by_ECDSA-SHA512,RSA-SHA3-256_signed-by_ECDSA-SHA512,17.094,1981.9,1123.15,1,11,0.785714,151.429,17,2477.77,2446,1619,1616
1,4,22,RSA-SHA3-256_signed-by_ECDSA-SHA512,RSA-SHA3-256_signed-by_ECDSA-SHA512,15.366,2205.3,845.471,0.9,0,0,126.8,24,2036.91,2003.76,1619,1617
1,2,89,RSA-SHA3-256_signed-by_ECDSA-SHA512,RSA-SHA3-256_signed-by_ECDSA-SHA512,16.269,2082.9,798.543,0.9,0,0,126.8,24,2057.37,1988.01,1619,1617
1,1,86,RSA-SHA3-256_signed-by_ECDSA-SHA512,RSA-SHA3-256_signed-by_ECDSA-SHA512,12.986,2608.91,1000.44,1,0,0,136,24,2062.04,1979.21,1619,1616
1,3,90,RSA-SHA3-256_signed-by_ECDSA-SHA512,RSA-SHA3-256_signed-by_ECDSA-SHA512,11.916,2842.53,1106.4,1,5,0.454545,118.727,24,2027,1993.85,1619,1615
1,8,92,RSA-SHA3-256_signed-by_ECDSA-SHA512,RSA-SHA3-256_signed-by_ECDSA-SHA512,12.019,2818.84,1080.94,1,0,0,130.4,17,2098.01,1983.19,1619,1616
1,6,97,RSA-SHA3-256_signed-by_ECDSA-SHA512,RSA-SHA3-256_signed-by_ECDSA-SHA512,13.179,2570.09,994.285,1,0,0,123.455,10,2034.34,2008.52,1619,1615
1,5,98,RSA-SHA3-256_signed-by_ECDSA-SHA512,RSA-SHA3-256_signed-by_ECDSA-SHA512,15.969,2121.04,1432.73,1,20,1,108.8,15,2022.58,2002.82,1619,1615
1,7,96,RSA-SHA3-256_signed-by_ECDSA-SHA512,RSA-SHA3-256_signed-by_ECDSA-SHA512,14.242,2378.81,930.177,1,0,0,138,17,2014.34,2028.47,1619,1616
1,4,23,RSA-SHA3-256_signed-by_ECDSA-SHA512,RSA-SHA3-256_signed-by_ECDSA-SHA512,15.054,2251.02,1019.23,1,7,0.5,110,24,2037.88,1979.18,1619,1617
1,8,93,RSA-SHA3-256_signed-by_ECDSA-SHA512,RSA-SHA3-256_signed-by_ECDSA-SHA512,13.675,2477.44,968.748,1,0,0,127.091,17,2029.86,2001.99,1619,1616
1,2,90,RSA-SHA3-256_signed-by_ECDSA-SHA512,RSA-SHA3-256_signed-by_ECDSA-SHA512,16.877,2007.86,1122.43,1,11,0.846154,146.923,24,2033.13,2006.64,1619,1617
1,1,87,RSA-SHA3-256_signed-by_ECDSA-SHA512,RSA-SHA3-256_signed-by_ECDSA-SHA512,17.927,1889.81,1070.97,1,11,0.785714,149.714,24,2055.09,2016.38,1619,1616
1,3,91,RSA-SHA3-256_signed-by_ECDSA-SHA512,RSA-SHA3-256_signed-by_ECDSA-SHA512,19.954,1697.43,1137.77,1,17,0.73913,134.522,24,2012.82,2006.08,1619,1615
1,6,98,RSA-SHA3-256_signed-by_ECDSA-SHA512,RSA-SHA3-256_signed-by_ECDSA-SHA512,15.491,2186.48,990.476,1,7,0.5,110,10,2003.04,2003.19,1619,1615
1,4,24,RSA-SHA3-256_signed-by_ECDSA-SHA512,RSA-SHA3-256_signed-by_ECDSA-SHA512,12.928,2621.21,2196.72,1,32,1.28,114.32,24,2025.24,2019.34,1619,1617
1,7,97,RSA-SHA3-256_signed-by_ECDSA-SHA512,RSA-SHA3-256_signed-by_ECDSA-SHA512,15.094,2244.51,1267.74,1,18,1.28571,163.429,18,2030.59,1997,1619,1616
1,8,94,RSA-SHA3-256_signed-by_ECDSA-SHA512,RSA-SHA3-256_signed-by_ECDSA-SHA512,12.569,2695.43,1033.62,1,4,0.4,136,17,2041.63,1997.27,1619,1616
1,2,91,RSA-SHA3-256_signed-by_ECDSA-SHA512,RSA-SHA3-256_signed-by_ECDSA-SHA512,19.078,1776.25,1242.04,1,18,1.05882,135.412,24,2035.1,2010.23,1619,1617
1,6,99,RSA-SHA3-256_signed-by_ECDSA-SHA512,RSA-SHA3-256_signed-by_ECDSA-SHA512,11.877,2851.79,1162.54,1,5,0.357143,101.143,10,2012.01,2013.85,1619,1615
1,1,88,RSA-SHA3-256_signed-by_ECDSA-SHA512,RSA-SHA3-256_signed-by_ECDSA-SHA512,19.616,1727.12,1169.63,1,19,0.95,112.2,24,2039.12,1998.57,1619,1616
1,5,99,RSA-SHA3-256_signed-by_ECDSA-SHA512,RSA-SHA3-256_signed-by_ECDSA-SHA512,28.206,1200.87,692.048,1,13,0.8125,126.5,15,2046.18,2020.11,1619,1615
1,7,98,RSA-SHA3-256_signed-by_ECDSA-SHA512,RSA-SHA3-256_signed-by_ECDSA-SHA512,12.956,2614.91,1169.45,1,4,0.307692,212.462,18,2089.65,2013.25,1619,1616
1,8,95,RSA-SHA3-256_signed-by_ECDSA-SHA512,RSA-SHA3-256_signed-by_ECDSA-SHA512,13.51,2507.69,1135.71,1,7,0.5,184.857,17,2487.56,2479.67,1619,1616
1,4,25,RSA-SHA3-256_signed-by_ECDSA-SHA512,RSA-SHA3-256_signed-by_ECDSA-SHA512,15.638,2166.92,1211.35,1,11,0.846154,147.846,24,2029.17,2005.69,1619,1617
1,1,89,RSA-SHA3-256_signed-by_ECDSA-SHA512,RSA-SHA3-256_signed-by_ECDSA-SHA512,11.015,3075.77,1403.16,1,3,0.2,194.8,24,2013.41,2001.14,1619,1616
1,3,92,RSA-SHA3-256_signed-by_ECDSA-SHA512,RSA-SHA3-256_signed-by_ECDSA-SHA512,30.374,1115.14,1045.08,1,35,1.52174,194.174,24,2028.22,2000.73,1619,1615
1,2,92,RSA-SHA3-256_signed-by_ECDSA-SHA512,RSA-SHA3-256_signed-by_ECDSA-SHA512,17.37,1950.84,1047.27,1,8,0.5,120.5,24,2027.76,2031.49,1619,1617
1,8,96,RSA-SHA3-256_signed-by_ECDSA-SHA512,RSA-SHA3-256_signed-by_ECDSA-SHA512,14.642,2313.79,1047.9,1,3,0.214286,184.857,17,2052.24,2022.67,1619,1616
1,4,26,RSA-SHA3-256_signed-by_ECDSA-SHA512,RSA-SHA3-256_signed-by_ECDSA-SHA512,15.099,2244.29,1207.98,1,13,0.764706,110.941,24,2037,2009.07,1619,1617
1,1,90,RSA-SHA3-256_signed-by_ECDSA-SHA512,RSA-SHA3-256_signed-by_ECDSA-SHA512,12.471,2716.6,1422.77,1,7,0.5,126.857,24,2027.08,2016.26,1619,1616
1,7,99,RSA-SHA3-256_signed-by_ECDSA-SHA512,RSA-SHA3-256_signed-by_ECDSA-SHA512,23,1473,1097.01,1,19,0.791667,148.667,18,2003.87,1997.7,1619,1616
1,3,93,RSA-SHA3-256_signed-by_ECDSA-SHA512,RSA-SHA3-256_signed-by_ECDSA-SHA512,12.732,2660.28,1766.82,1,14,0.777778,124,24,2009.73,1995.64,1619,1615
1,8,97,RSA-SHA3-256_signed-by_ECDSA-SHA512,RSA-SHA3-256_signed-by_ECDSA-SHA512,8.701,3893.74,1493.14,0.8,0,0,136,17,2029.8,2000.62,1619,1616
1,2,93,RSA-SHA3-256_signed-by_ECDSA-SHA512,RSA-SHA3-256_signed-by_ECDSA-SHA512,12.513,2708.15,1914.12,1,18,1,130,24,2053.82,1983.61,1619,1617
1,1,91,RSA-SHA3-256_signed-by_ECDSA-SHA512,RSA-SHA3-256_signed-by_ECDSA-SHA512,8.218,4122.19,1594.37,0.818182,0,0,126.727,24,2026.99,1996.06,1619,1616
1,2,94,RSA-SHA3-256_signed-by_ECDSA-SHA512,RSA-SHA3-256_signed-by_ECDSA-SHA512,8.58,3949.59,1954.28,1,13,0.722222,94.8889,24,2051.32,2022.47,1619,1617
1,3,94,RSA-SHA3-256_signed-by_ECDSA-SHA512,RSA-SHA3-256_signed-by_ECDSA-SHA512,10.291,3291.32,1819.01,1,12,0.75,112,24,2048.41,2004.36,1619,1615
1,8,98,RSA-SHA3-256_signed-by_ECDSA-SHA512,RSA-SHA3-256_signed-by_ECDSA-SHA512,11.45,2958.81,1693.54,1,12,0.8,142.267,17,2023.47,1979.38,1619,1616
1,4,27,RSA-SHA3-256_signed-by_ECDSA-SHA512,RSA-SHA3-256_signed-by_ECDSA-SHA512,21.636,1566.21,1131.4,1,27,1.08,178.32,24,2027.95,1979.63,1619,1617
1,2,95,RSA-SHA3-256_signed-by_ECDSA-SHA512,RSA-SHA3-256_signed-by_ECDSA-SHA512,10.059,3368.86,1550.82,1,3,0.2,252.933,24,2696.13,2466.24,1619,1617
1,8,99,RSA-SHA3-256_signed-by_ECDSA-SHA512,RSA-SHA3-256_signed-by_ECDSA-SHA512,8.222,4120.16,1611.1,1,0,0,199.091,17,2047.29,2017.61,1619,1616
1,1,92,RSA-SHA3-256_signed-by_ECDSA-SHA512,RSA-SHA3-256_signed-by_ECDSA-SHA512,18.964,1786.5,1650.24,1,34,1.61905,218,24,2083.82,1994.08,1619,1616
1,2,96,RSA-SHA3-256_signed-by_ECDSA-SHA512,RSA-SHA3-256_signed-by_ECDSA-SHA512,7.983,4244.94,1659.5,0.0909091,0,0,114.364,24,2045.91,2007.28,1619,1617
1,3,95,RSA-SHA3-256_signed-by_ECDSA-SHA512,RSA-SHA3-256_signed-by_ECDSA-SHA512,17.722,1911.27,1170.05,1,12,0.571429,156.095,24,2488.62,2464.54,1619,1615
1,4,28,RSA-SHA3-256_signed-by_ECDSA-SHA512,RSA-SHA3-256_signed-by_ECDSA-SHA512,14.869,2278.97,1315.95,0.333333,10,0.555556,145.778,24,2044.13,2020.24,1619,1617
1,1,93,RSA-SHA3-256_signed-by_ECDSA-SHA512,RSA-SHA3-256_signed-by_ECDSA-SHA512,6.645,5097.95,1993.44,0,0,0,122.727,24,2042.45,2029.22,1619,1616
1,3,96,RSA-SHA3-256_signed-by_ECDSA-SHA512,RSA-SHA3-256_signed-by_ECDSA-SHA512,7.112,4762.1,1826.56,0,0,0,148,24,2051.59,1997.12,1619,1615
1,4,29,RSA-SHA3-256_signed-by_ECDSA-SHA512,RSA-SHA3-256_signed-by_ECDSA-SHA512,6.414,5282.87,2025.35,0,0,0,136,24,2024.63,2002.13,1619,1617
1,2,97,RSA-SHA3-256_signed-by_ECDSA-SHA512,RSA-SHA3-256_signed-by_ECDSA-SHA512,8.686,3901.03,1495.58,0,0,0,126.8,24,2048.39,1984.49,1619,1617
1,1,94,RSA-SHA3-256_signed-by_ECDSA-SHA512,RSA-SHA3-256_signed-by_ECDSA-SHA512,7.6,4457.38,1742.96,0.272727,0,0,122.727,24,2037.39,1995.2,1619,1616
1,3,97,RSA-SHA3-256_signed-by_ECDSA-SHA512,RSA-SHA3-256_signed-by_ECDSA-SHA512,6.26,5410.28,2450.86,0.214286,7,0.5,127.714,24,2037.03,2006.63,1619,1615
1,4,30,RSA-SHA3-256_signed-by_ECDSA-SHA512,RSA-SHA3-256_signed-by_ECDSA-SHA512,7.506,4514.25,1764.78,0.636364,0,0,127.091,24,2070.48,1990.73,1619,1617
1,2,98,RSA-SHA3-256_signed-by_ECDSA-SHA512,RSA-SHA3-256_signed-by_ECDSA-SHA512,7.509,4512.42,1729.98,0.8,0,0,126.8,24,2038.13,1997.69,1619,1617
1,1,95,RSA-SHA3-256_signed-by_ECDSA-SHA512,RSA-SHA3-256_signed-by_ECDSA-SHA512,10.831,3127.98,1548.11,1,12,0.666667,96,24,2541.14,2439.38,1619,1616
1,3,98,RSA-SHA3-256_signed-by_ECDSA-SHA512,RSA-SHA3-256_signed-by_ECDSA-SHA512,8.392,4036.2,2417.53,1,21,1.10526,119.263,24,2037.77,1988.54,1619,1615
1,2,99,RSA-SHA3-256_signed-by_ECDSA-SHA512,RSA-SHA3-256_signed-by_ECDSA-SHA512,8.577,3950.98,2512.73,1,18,1,123.333,24,2029.49,2051.65,1619,1617
1,4,31,RSA-SHA3-256_signed-by_ECDSA-SHA512,RSA-SHA3-256_signed-by_ECDSA-SHA512,12.451,2721.59,1084.52,1,0,0,113.667,24,2506.28,2483.89,1619,1617
1,3,99,RSA-SHA3-256_signed-by_ECDSA-SHA512,RSA-SHA3-256_signed-by_ECDSA-SHA512,7.948,4261.6,1938.55,0,0,0,172.286,24,1999.92,1991.38,1619,1615
1,1,96,RSA-SHA3-256_signed-by_ECDSA-SHA512,RSA-SHA3-256_signed-by_ECDSA-SHA512,9.228,3671.27,1591.6,0.230769,0,0,211.231,24,2038.62,2007.02,1619,1616
1,4,32,RSA-SHA3-256_signed-by_ECDSA-SHA512,RSA-SHA3-256_signed-by_ECDSA-SHA512,6.015,5633.03,2202.15,0,0,0,122.727,24,2068.78,1979.23,1619,1617
1,1,97,RSA-SHA3-256_signed-by_ECDSA-SHA512,RSA-SHA3-256_signed-by_ECDSA-SHA512,5.255,6446.38,2520.71,0,0,0,122.727,24,2054.94,1994.82,1619,1616
1,4,33,RSA-SHA3-256_signed-by_ECDSA-SHA512,RSA-SHA3-256_signed-by_ECDSA-SHA512,5.177,6545.22,2558.75,0,0,0,122.727,24,2039.02,1995.76,1619,1617
1,1,98,RSA-SHA3-256_signed-by_ECDSA-SHA512,RSA-SHA3-256_signed-by_ECDSA-SHA512,5.095,6649.16,2600,0,0,0,122.727,24,2049.69,2002.22,1619,1616
1,4,34,RSA-SHA3-256_signed-by_ECDSA-SHA512,RSA-SHA3-256_signed-by_ECDSA-SHA512,5.086,6662.49,2604.6,0,0,0,122.727,24,2036.78,1996.35,1619,1617
1,1,99,RSA-SHA3-256_signed-by_ECDSA-SHA512,RSA-SHA3-256_signed-by_ECDSA-SHA512,5.055,6701.77,2620.57,0,0,0,122.727,24,2015.84,1995.52,1619,1616
1,4,35,RSA-SHA3-256_signed-by_ECDSA-SHA512,RSA-SHA3-256_signed-by_ECDSA-SHA512,5.164,6561.87,2565.26,0,0,0,122.727,24,2044.46,2000.98,1619,1617
1,4,36,RSA-SHA3-256_signed-by_ECDSA-SHA512,RSA-SHA3-256_signed-by_ECDSA-SHA512,5.171,6553.11,2561.84,0,0,0,122.727,24,2038.37,1997.31,1619,1617
1,4,37,RSA-SHA3-256_signed-by_ECDSA-SHA512,RSA-SHA3-256_signed-by_ECDSA-SHA512,5.052,6707.58,2622.23,0,0,0,122.727,24,2038.39,1993.09,1619,1617
1,4,38,RSA-SHA3-256_signed-by_ECDSA-SHA512,RSA-SHA3-256_signed-by_ECDSA-SHA512,6.221,5447.19,2129.5,0,0,0,122.727,24,2051.84,2024.65,1619,1617
1,4,39,RSA-SHA3-256_signed-by_ECDSA-SHA512,RSA-SHA3-256_signed-by_ECDSA-SHA512,5.193,6525.47,2551.03,0,0,0,122.727,24,2033.35,1997.61,1619,1617
1,4,40,RSA-SHA3-256_signed-by_ECDSA-SHA512,RSA-SHA3-256_signed-by_ECDSA-SHA512,5.106,6636.65,2594.5,0,0,0,122.727,24,2037.49,1997,1619,1617
1,4,41,RSA-SHA3-256_signed-by_ECDSA-SHA512,RSA-SHA3-256_signed-by_ECDSA-SHA512,5.065,6690.37,2615.5,0,0,0,122.727,24,2067.18,1997.52,1619,1617
1,4,42,RSA-SHA3-256_signed-by_ECDSA-SHA512,RSA-SHA3-256_signed-by_ECDSA-SHA512,5.07,6683.77,2612.92,0,0,0,122.727,24,2042.88,1993.94,1619,1617
1,4,43,RSA-SHA3-256_signed-by_ECDSA-SHA512,RSA-SHA3-256_signed-by_ECDSA-SHA512,5.075,6677.19,2610.34,0,0,0,122.727,24,2038.16,2008.05,1619,1617
1,4,44,RSA-SHA3-256_signed-by_ECDSA-SHA512,RSA-SHA3-256_signed-by_ECDSA-SHA512,5.155,6573.57,2569.84,0,0,0,122.727,24,2034.37,1996.63,1619,1617
1,4,45,RSA-SHA3-256_signed-by_ECDSA-SHA512,RSA-SHA3-256_signed-by_ECDSA-SHA512,5.099,6645.76,2598.06,0,0,0,122.727,24,2044.16,1997.99,1619,1617
1,4,46,RSA-SHA3-256_signed-by_ECDSA-SHA512,RSA-SHA3-256_signed-by_ECDSA-SHA512,5.13,6605.6,2582.36,0,0,0,122.727,24,2047.57,1998.36,1619,1617
1,4,47,RSA-SHA3-256_signed-by_ECDSA-SHA512,RSA-SHA3-256_signed-by_ECDSA-SHA512,5.588,6064.22,2370.71,0,0,0,122.727,24,2500.08,2479.58,1619,1617
1,4,48,RSA-SHA3-256_signed-by_ECDSA-SHA512,RSA-SHA3-256_signed-by_ECDSA-SHA512,5.086,6662.74,2604.7,0,0,0,122.727,24,2052.1,1993.12,1619,1617
1,4,49,RSA-SHA3-256_signed-by_ECDSA-SHA512,RSA-SHA3-256_signed-by_ECDSA-SHA512,5.14,6592.75,2577.34,0,0,0,122.727,24,2035.69,2000.14,1619,1617
1,4,50,RSA-SHA3-256_signed-by_ECDSA-SHA512,RSA-SHA3-256_signed-by_ECDSA-SHA512,5.079,6671.93,2608.29,0,0,0,122.727,24,2033.48,2002.5,1619,1617
1,4,51,RSA-SHA3-256_signed-by_ECDSA-SHA512,RSA-SHA3-256_signed-by_ECDSA-SHA512,5.287,6409.45,2505.68,0,0,0,122.727,24,2058.14,2085.26,1619,1617
1,4,52,RSA-SHA3-256_signed-by_ECDSA-SHA512,RSA-SHA3-256_signed-by_ECDSA-SHA512,5.075,6677.19,2610.34,0,0,0,122.727,24,2036.74,1993.8,1619,1617
1,4,53,RSA-SHA3-256_signed-by_ECDSA-SHA512,RSA-SHA3-256_signed-by_ECDSA-SHA512,5.264,6437.46,2516.63,0,0,0,122.727,24,2032.77,2025.87,1619,1617
1,4,54,RSA-SHA3-256_signed-by_ECDSA-SHA512,RSA-SHA3-256_signed-by_ECDSA-SHA512,5.096,6649.67,2599.59,0,0,0,122.727,24,2032.19,1997.34,1619,1617
1,4,55,RSA-SHA3-256_signed-by_ECDSA-SHA512,RSA-SHA3-256_signed-by_ECDSA-SHA512,5.152,6577.39,2571.33,0,0,0,122.727,24,2045.19,1991.01,1619,1617
1,4,56,RSA-SHA3-256_signed-by_ECDSA-SHA512,RSA-SHA3-256_signed-by_ECDSA-SHA512,5.134,6600.45,2580.35,0,0,0,122.727,24,2045.08,2002.55,1619,1617
1,4,57,RSA-SHA3-256_signed-by_ECDSA-SHA512,RSA-SHA3-256_signed-by_ECDSA-SHA512,5.128,6608.18,2583.37,0,0,0,122.727,24,2042.29,1999.87,1619,1617
1,4,58,RSA-SHA3-256_signed-by_ECDSA-SHA512,RSA-SHA3-256_signed-by_ECDSA-SHA512,6.28,5395.91,2109.45,0,0,0,122.727,24,2035.07,1995.86,1619,1617
1,4,59,RSA-SHA3-256_signed-by_ECDSA-SHA512,RSA-SHA3-256_signed-by_ECDSA-SHA512,5.06,6696.98,2618.08,0,0,0,122.727,24,2033.76,2002.96,1619,1617
1,4,60,RSA-SHA3-256_signed-by_ECDSA-SHA512,RSA-SHA3-256_signed-by_ECDSA-SHA512,5.066,6689.05,2614.98,0,0,0,122.727,24,2036.17,1993.31,1619,1617
1,4,61,RSA-SHA3-256_signed-by_ECDSA-SHA512,RSA-SHA3-256_signed-by_ECDSA-SHA512,5.125,6612.04,2584.88,0,0,0,122.727,24,2041.61,1995.8,1619,1617
1,4,62,RSA-SHA3-256_signed-by_ECDSA-SHA512,RSA-SHA3-256_signed-by_ECDSA-SHA512,5.121,6617.21,2586.9,0,0,0,122.727,24,2032.21,2001.1,1619,1617
1,4,63,RSA-SHA3-256_signed-by_ECDSA-SHA512,RSA-SHA3-256_signed-by_ECDSA-SHA512,5.689,5956.56,2328.63,0,0,0,122.727,24,2497.64,2459.91,1619,1617
1,4,64,RSA-SHA3-256_signed-by_ECDSA-SHA512,RSA-SHA3-256_signed-by_ECDSA-SHA512,5.451,6216.62,2430.29,0,0,0,122.727,24,2037.41,2019.34,1619,1617
1,4,65,RSA-SHA3-256_signed-by_ECDSA-SHA512,RSA-SHA3-256_signed-by_ECDSA-SHA512,5.129,6606.89,2582.86,0,0,0,122.727,24,2034.14,1994.09,1619,1617
1,4,66,RSA-SHA3-256_signed-by_ECDSA-SHA512,RSA-SHA3-256_signed-by_ECDSA-SHA512,5.104,6639.25,2595.51,0,0,0,122.727,24,2030.69,1991.2,1619,1617
1,4,67,RSA-SHA3-256_signed-by_ECDSA-SHA512,RSA-SHA3-256_signed-by_ECDSA-SHA512,5.242,6464.47,2527.19,0,0,0,122.727,24,2043.33,1992.71,1619,1617
1,4,68,RSA-SHA3-256_signed-by_ECDSA-SHA512,RSA-SHA3-256_signed-by_ECDSA-SHA512,5.208,6506.67,2543.69,0,0,0,122.727,24,2043.9,1997.17,1619,1617
1,4,69,RSA-SHA3-256_signed-by_ECDSA-SHA512,RSA-SHA3-256_signed-by_ECDSA-SHA512,5.123,6614.63,2585.89,0,0,0,122.727,24,2043.49,2005.99,1619,1617
1,4,70,RSA-SHA3-256_signed-by_ECDSA-SHA512,RSA-SHA3-256_signed-by_ECDSA-SHA512,5.133,6601.74,2580.85,0,0,0,122.727,24,2056.67,1997.86,1619,1617
1,4,71,RSA-SHA3-256_signed-by_ECDSA-SHA512,RSA-SHA3-256_signed-by_ECDSA-SHA512,5.058,6699.63,2619.12,0,0,0,122.727,24,2051.16,1997.89,1619,1617
1,4,72,RSA-SHA3-256_signed-by_ECDSA-SHA512,RSA-SHA3-256_signed-by_ECDSA-SHA512,5.188,6531.76,2553.49,0,0,0,122.727,24,2035.8,1998.96,1619,1617
1,4,73,RSA-SHA3-256_signed-by_ECDSA-SHA512,RSA-SHA3-256_signed-by_ECDSA-SHA512,5.064,6691.69,2616.01,0,0,0,122.727,24,2038.37,2001.09,1619,1617
1,4,74,RSA-SHA3-256_signed-by_ECDSA-SHA512,RSA-SHA3-256_signed-by_ECDSA-SHA512,5.085,6664.06,2605.21,0,0,0,122.727,24,2037.98,2008.78,1619,1617
1,4,75,RSA-SHA3-256_signed-by_ECDSA-SHA512,RSA-SHA3-256_signed-by_ECDSA-SHA512,5.122,6615.92,2586.39,0,0,0,122.727,24,2035.97,1999.16,1619,1617
1,4,76,RSA-SHA3-256_signed-by_ECDSA-SHA512,RSA-SHA3-256_signed-by_ECDSA-SHA512,5.137,6596.6,2578.84,0,0,0,122.727,24,2033.26,1994.02,1619,1617
1,4,77,RSA-SHA3-256_signed-by_ECDSA-SHA512,RSA-SHA3-256_signed-by_ECDSA-SHA512,5.28,6417.95,2509,0,0,0,122.727,24,2039.92,2189.17,1619,1617
1,4,78,RSA-SHA3-256_signed-by_ECDSA-SHA512,RSA-SHA3-256_signed-by_ECDSA-SHA512,5.095,6650.77,2600.02,0,0,0,122.727,24,2033.92,2007.03,1619,1617
1,4,79,RSA-SHA3-256_signed-by_ECDSA-SHA512,RSA-SHA3-256_signed-by_ECDSA-SHA512,5.591,6060.96,2369.44,0,0,0,122.727,24,2497.53,2452.03,1619,1617
1,4,80,RSA-SHA3-256_signed-by_ECDSA-SHA512,RSA-SHA3-256_signed-by_ECDSA-SHA512,5.11,6631.45,2592.47,0,0,0,122.727,24,2030.82,1996.84,1619,1617
1,4,81,RSA-SHA3-256_signed-by_ECDSA-SHA512,RSA-SHA3-256_signed-by_ECDSA-SHA512,5.17,6554.5,2562.38,0,0,0,122.727,24,2035.04,2006.8,1619,1617
1,4,82,RSA-SHA3-256_signed-by_ECDSA-SHA512,RSA-SHA3-256_signed-by_ECDSA-SHA512,5.23,6479.3,2532.99,0,0,0,122.727,24,2038.02,2004.22,1619,1617
1,4,83,RSA-SHA3-256_signed-by_ECDSA-SHA512,RSA-SHA3-256_signed-by_ECDSA-SHA512,5.034,6731.57,2631.6,0,0,0,122.727,24,2033.8,1997.73,1619,1617
1,4,84,RSA-SHA3-256_signed-by_ECDSA-SHA512,RSA-SHA3-256_signed-by_ECDSA-SHA512,5.203,6512.93,2546.13,0,0,0,122.727,24,2053.4,2006.26,1619,1617
1,4,85,RSA-SHA3-256_signed-by_ECDSA-SHA512,RSA-SHA3-256_signed-by_ECDSA-SHA512,5.05,6710.24,2623.27,0,0,0,122.727,24,2041.24,2004.37,1619,1617
1,4,86,RSA-SHA3-256_signed-by_ECDSA-SHA512,RSA-SHA3-256_signed-by_ECDSA-SHA512,5.071,6682.45,2612.4,0,0,0,122.727,24,2034.54,1997.33,1619,1617
1,4,87,RSA-SHA3-256_signed-by_ECDSA-SHA512,RSA-SHA3-256_signed-by_ECDSA-SHA512,5.199,6517.94,2548.09,0,0,0,122.727,24,2040.7,2000.4,1619,1617
1,4,88,RSA-SHA3-256_signed-by_ECDSA-SHA512,RSA-SHA3-256_signed-by_ECDSA-SHA512,5.017,6754.38,2640.52,0,0,0,122.727,24,2035.95,1995.86,1619,1617
1,4,89,RSA-SHA3-256_signed-by_ECDSA-SHA512,RSA-SHA3-256_signed-by_ECDSA-SHA512,5.237,6470.64,2529.6,0,0,0,122.727,24,2042.33,2162.27,1619,1617
1,4,90,RSA-SHA3-256_signed-by_ECDSA-SHA512,RSA-SHA3-256_signed-by_ECDSA-SHA512,5.115,6624.97,2589.93,0,0,0,122.727,24,2048.87,1999.27,1619,1617
1,4,91,RSA-SHA3-256_signed-by_ECDSA-SHA512,RSA-SHA3-256_signed-by_ECDSA-SHA512,5.096,6649.67,2599.59,0,0,0,122.727,24,2030.79,2002.54,1619,1617
1,4,92,RSA-SHA3-256_signed-by_ECDSA-SHA512,RSA-SHA3-256_signed-by_ECDSA-SHA512,5.214,6499.19,2540.76,0,0,0,122.727,24,2032.84,1994.33,1619,1617
1,4,93,RSA-SHA3-256_signed-by_ECDSA-SHA512,RSA-SHA3-256_signed-by_ECDSA-SHA512,4.989,6792.28,2655.34,0,0,0,122.727,24,2031.2,1995.83,1619,1617
1,4,94,RSA-SHA3-256_signed-by_ECDSA-SHA512,RSA-SHA3-256_signed-by_ECDSA-SHA512,5.137,6596.6,2578.84,0,0,0,122.727,24,2037.56,1997.45,1619,1617
1,4,95,RSA-SHA3-256_signed-by_ECDSA-SHA512,RSA-SHA3-256_signed-by_ECDSA-SHA512,5.478,6185.98,2418.32,0,0,0,122.727,24,2518.55,2461.22,1619,1617
1,4,96,RSA-SHA3-256_signed-by_ECDSA-SHA512,RSA-SHA3-256_signed-by_ECDSA-SHA512,5.189,6530.5,2553,0,0,0,122.727,24,2032.17,1997.11,1619,1617
1,4,97,RSA-SHA3-256_signed-by_ECDSA-SHA512,RSA-SHA3-256_signed-by_ECDSA-SHA512,6.286,5390.86,2107.48,0,0,0,122.727,24,2040.48,2009.01,1619,1617
1,4,98,RSA-SHA3-256_signed-by_ECDSA-SHA512,RSA-SHA3-256_signed-by_ECDSA-SHA512,5.116,6623.68,2589.43,0,0,0,122.727,24,2030.17,2004.39,1619,1617
1,4,99,RSA-SHA3-256_signed-by_ECDSA-SHA512,RSA-SHA3-256_signed-by_ECDSA-SHA512,5.221,6490.47,2537.35,0,0,0,122.727,24,2005.47,2021.11,1619,1617
