scenario,node_id,handshake_index,sta_cert_algo,ap_cert_algo,handshake_delay_ms,goodput_kbps,throughput_kbps,phy_frame_drop_rate,mac_retries,mac_retry_rate,tx_delay_us,prop_delay_ns,cert_verify_ap_us,cert_verify_sta_us,server_cert_msg_bytes,client_cert_msg_bytes
1,8,0,RSA-SHA512_signed-by_RSA-SHA3-224,RSA-SHA512_signed-by_RSA-SHA3-224,28.634,1460.92,599.565,0.714286,14,0.666667,197.81,14,1163.2,1233.48,2116,2113
1,3,0,RSA-SHA512_signed-by_RSA-SHA3-224,RSA-SHA512_signed-by_RSA-SHA3-224,43.751,956.127,392.398,1,14,0.666667,188.286,24,1152.3,1158.57,2116,2113
1,2,0,RSA-SHA512_signed-by_RSA-SHA3-224,RSA-SHA512_signed-by_RSA-SHA3-224,54.794,763.441,175.786,1,1,0.0625,226.75,24,1158.67,1188.63,2116,2113
1,6,0,RSA-SHA512_signed-by_RSA-SHA3-224,RSA-SHA512_signed-by_RSA-SHA3-224,64.793,645.624,140.509,1,0,0,164.667,8,1160.27,1143.97,2116,2113
1,7,0,RSA-SHA512_signed-by_RSA-SHA3-224,RSA-SHA512_signed-by_RSA-SHA3-224,68.328,612.221,133.239,1,0,0,155.867,16,1157.43,1156.27,2116,2113
1,5,0,RSA-SHA512_signed-by_RSA-SHA3-224,RSA-SHA512_signed-by_RSA-SHA3-224,72.608,576.132,148.082,1,8,0.421053,212.526,15,1133.68,1152.78,2116,2113
1,8,1,RSA-SHA512_signed-by_RSA-SHA3-224,RSA-SHA512_signed-by_RSA-SHA3-224,48.302,866.041,490.905,1,20,0.952381,1052.29,14,1133,1111.79,2116,2113
1,6,1,RSA-SHA512_signed-by_RSA-SHA3-224,RSA-SHA512_signed-by_RSA-SHA3-224,14.063,2974.48,923.801,1,0,0,138.8,8,1142.35,1098.84,2116,2113
1,3,1,RSA-SHA512_signed-by_RSA-SHA3-224,RSA-SHA512_signed-by_RSA-SHA3-224,36.79,1137.04,637.559,1,20,1,1036.8,24,1126.88,1106.12,2116,2113
1,2,1,RSA-SHA512_signed-by_RSA-SHA3-224,RSA-SHA512_signed-by_RSA-SHA3-224,27.183,1538.85,477.929,1,0,0,918.8,24,1147.14,1087.73,2116,2113
1,5,1,RSA-SHA512_signed-by_RSA-SHA3-224,RSA-SHA512_signed-by_RSA-SHA3-224,18.9,2213.28,1073.41,0.947368,11,0.578947,347.263,15,1111.97,1113.74,2116,2113
1,7,1,RSA-SHA512_signed-by_RSA-SHA3-224,RSA-SHA512_signed-by_RSA-SHA3-224,24.227,1726.63,1038.16,1,22,1.29412,240.588,16,1102.24,1102.38,2116,2113
1,6,2,RSA-SHA512_signed-by_RSA-SHA3-224,RSA-SHA512_signed-by_RSA-SHA3-224,14.255,2934.53,759.869,1,0,0,164.857,8,1130.01,1111.92,2116,2113
1,3,2,RSA-SHA512_signed-by_RSA-SHA3-224,RSA-SHA512_signed-by_RSA-SHA3-224,14.756,2834.88,880.443,1,4,0.4,138.8,24,1099.15,1108.41,2116,2113
1,1,0,RSA-SHA512_signed-by_RSA-SHA3-224,RSA-SHA512_signed-by_RSA-SHA3-224,99.966,418.461,170.297,1,13,0.5,239.231,24,1153.75,1187.79,2116,2113
1,8,2,RSA-SHA512_signed-by_RSA-SHA3-224,RSA-SHA512_signed-by_RSA-SHA3-224,23.519,1778.6,964.642,1,15,0.789474,125.789,14,1145.05,1114.06,2116,2113
1,2,2,RSA-SHA512_signed-by_RSA-SHA3-224,RSA-SHA512_signed-by_RSA-SHA3-224,29.169,1434.09,608.301,1,7,0.5,183.714,24,1126.66,1103.58,2116,2113
1,5,2,RSA-SHA512_signed-by_RSA-SHA3-224,RSA-SHA512_signed-by_RSA-SHA3-224,22.089,1893.77,803.285,0.785714,7,0.5,254,15,1111.6,1111.79,2116,2113
1,6,3,RSA-SHA512_signed-by_RSA-SHA3-224,RSA-SHA512_signed-by_RSA-SHA3-224,22.927,1824.55,672.036,0.785714,0,0,192.286,8,1134.04,1134.1,2116,2113
1,3,3,RSA-SHA512_signed-by_RSA-SHA3-224,RSA-SHA512_signed-by_RSA-SHA3-224,21.422,1952.74,716.266,0.571429,3,0.214286,192.286,24,1128.47,1095.89,2116,2113
1,7,2,RSA-SHA512_signed-by_RSA-SHA3-224,RSA-SHA512_signed-by_RSA-SHA3-224,24.894,1680.37,521.883,1,0,0,149.6,16,1120.59,1090.25,2116,2113
1,8,3,RSA-SHA512_signed-by_RSA-SHA3-224,RSA-SHA512_signed-by_RSA-SHA3-224,19.373,2159.28,559.124,0.714286,0,0,178.571,14,1128.63,1113.58,2116,2113
1,1,1,RSA-SHA512_signed-by_RSA-SHA3-224,RSA-SHA512_signed-by_RSA-SHA3-224,21.196,1973.55,791.837,1,11,1.1,1541.6,24,1137.2,1087.36,2116,2113
1,2,3,RSA-SHA512_signed-by_RSA-SHA3-224,RSA-SHA512_signed-by_RSA-SHA3-224,21.167,1976.25,625.869,1,0,0,188.545,24,1149.63,1103.17,2116,2113
1,5,3,RSA-SHA512_signed-by_RSA-SHA3-224,RSA-SHA512_signed-by_RSA-SHA3-224,21.64,1933.06,612.191,1,0,0,261.636,15,1124.03,1118.65,2116,2113
1,7,3,RSA-SHA512_signed-by_RSA-SHA3-224,RSA-SHA512_signed-by_RSA-SHA3-224,18.513,2259.59,968.826,1,12,0.8,130,16,1138.67,1121.62,2116,2113
1,3,4,RSA-SHA512_signed-by_RSA-SHA3-224,RSA-SHA512_signed-by_RSA-SHA3-224,28.653,1459.91,687.935,1,11,0.6875,141.5,24,1129.81,1096.97,2116,2113
1,6,4,RSA-SHA512_signed-by_RSA-SHA3-224,RSA-SHA512_signed-by_RSA-SHA3-224,30.203,1384.99,627.203,1,11,0.846154,165.385,8,1132.09,1097.42,2116,2113
1,1,2,RSA-SHA512_signed-by_RSA-SHA3-224,RSA-SHA512_signed-by_RSA-SHA3-224,26.195,1596.91,759.821,1,7,0.411765,746,24,1136.92,1083.43,2116,2113
1,8,4,RSA-SHA512_signed-by_RSA-SHA3-224,RSA-SHA512_signed-by_RSA-SHA3-224,30.891,1354.18,1477.19,1,55,1.48649,240.054,14,1133.44,1100.01,2116,2113
1,5,4,RSA-SHA512_signed-by_RSA-SHA3-224,RSA-SHA512_signed-by_RSA-SHA3-224,17.342,2412.14,1092.36,1,11,0.846154,350.923,15,1110.91,1098.84,2116,2113
1,2,4,RSA-SHA512_signed-by_RSA-SHA3-224,RSA-SHA512_signed-by_RSA-SHA3-224,21.831,1916.12,876.527,1,12,0.857143,233.429,24,1127.57,1097.12,2116,2113
1,7,4,RSA-SHA512_signed-by_RSA-SHA3-224,RSA-SHA512_signed-by_RSA-SHA3-224,20.394,2051.14,761.775,0.533333,4,0.266667,197.733,16,1136.65,1111.37,2116,2113
1,3,5,RSA-SHA512_signed-by_RSA-SHA3-224,RSA-SHA512_signed-by_RSA-SHA3-224,12.805,3266.6,1014.53,0,0,0,138.8,24,1140.15,1118.13,2116,2113
1,6,5,RSA-SHA512_signed-by_RSA-SHA3-224,RSA-SHA512_signed-by_RSA-SHA3-224,13.629,3069.33,953.258,0.3,0,0,138.8,8,1182.02,1100.28,2116,2113
1,1,3,RSA-SHA512_signed-by_RSA-SHA3-224,RSA-SHA512_signed-by_RSA-SHA3-224,15.307,2732.82,865.47,0.272727,0,0,139.455,24,1109.28,1096.58,2116,2113
1,8,5,RSA-SHA512_signed-by_RSA-SHA3-224,RSA-SHA512_signed-by_RSA-SHA3-224,13.089,3195.94,992.582,0.3,0,0,149.6,14,1147.17,1085.82,2116,2113
1,5,5,RSA-SHA512_signed-by_RSA-SHA3-224,RSA-SHA512_signed-by_RSA-SHA3-224,13.435,3113.62,967.015,0.3,0,0,284,15,1124.35,1111.22,2116,2113
1,2,5,RSA-SHA512_signed-by_RSA-SHA3-224,RSA-SHA512_signed-by_RSA-SHA3-224,13.223,3163.54,1341.89,0.571429,7,0.5,183.714,24,1172.04,1193.34,2116,2113
1,7,5,RSA-SHA512_signed-by_RSA-SHA3-224,RSA-SHA512_signed-by_RSA-SHA3-224,12.236,3418.73,1061.77,1,4,0.4,147.2,16,1138.73,1092.02,2116,2113
1,3,6,RSA-SHA512_signed-by_RSA-SHA3-224,RSA-SHA512_signed-by_RSA-SHA3-224,15.371,2721.44,861.868,1,0,0,129.636,24,1108.19,1107.42,2116,2113
1,6,6,RSA-SHA512_signed-by_RSA-SHA3-224,RSA-SHA512_signed-by_RSA-SHA3-224,14.924,2802.96,870.532,0.9,0,0,138.8,8,1131.1,1144.75,2116,2113
1,1,4,RSA-SHA512_signed-by_RSA-SHA3-224,RSA-SHA512_signed-by_RSA-SHA3-224,12.907,3240.79,1006.51,0.9,0,0,149.6,24,1143.21,1106.99,2116,2113
1,8,6,RSA-SHA512_signed-by_RSA-SHA3-224,RSA-SHA512_signed-by_RSA-SHA3-224,15.637,2675.17,830.842,0.9,0,0,147.2,14,1171.19,1109,2116,2113
1,2,6,RSA-SHA512_signed-by_RSA-SHA3-224,RSA-SHA512_signed-by_RSA-SHA3-224,13.486,3101.67,963.304,0.4,0,0,221.6,24,1127.05,1196.56,2116,2113
1,7,6,RSA-SHA512_signed-by_RSA-SHA3-224,RSA-SHA512_signed-by_RSA-SHA3-224,14.05,2977.18,1092.03,0,3,0.214286,206.571,16,1131.61,1114.03,2116,2113
1,5,6,RSA-SHA512_signed-by_RSA-SHA3-224,RSA-SHA512_signed-by_RSA-SHA3-224,18.567,2253,1030.63,0.642857,12,0.857143,321.714,15,1162.09,1106.42,2116,2113
1,3,7,RSA-SHA512_signed-by_RSA-SHA3-224,RSA-SHA512_signed-by_RSA-SHA3-224,12.436,3363.58,1060.08,0.363636,5,0.454545,129.636,24,1116.33,1089.38,2116,2113
1,6,7,RSA-SHA512_signed-by_RSA-SHA3-224,RSA-SHA512_signed-by_RSA-SHA3-224,11.748,3560.56,1105.82,1,4,0.4,138.8,8,1136.08,1095.06,2116,2113
1,1,5,RSA-SHA512_signed-by_RSA-SHA3-224,RSA-SHA512_signed-by_RSA-SHA3-224,13.57,3082.47,971.488,1,5,0.454545,139.455,24,1131.26,1122.39,2116,2113
1,8,7,RSA-SHA512_signed-by_RSA-SHA3-224,RSA-SHA512_signed-by_RSA-SHA3-224,12.265,3410.42,1462.26,1,12,0.8,126,14,1130.01,1117.23,2116,2113
1,5,7,RSA-SHA512_signed-by_RSA-SHA3-224,RSA-SHA512_signed-by_RSA-SHA3-224,12.879,3248.03,1534.26,1,3,0.214286,180.286,15,1134.94,1094.86,2116,2113
1,7,7,RSA-SHA512_signed-by_RSA-SHA3-224,RSA-SHA512_signed-by_RSA-SHA3-224,15.676,2668.47,1131.89,1,7,0.5,127.143,16,1124.11,1098.08,2116,2113
1,2,7,RSA-SHA512_signed-by_RSA-SHA3-224,RSA-SHA512_signed-by_RSA-SHA3-224,18.474,2264.3,1217.67,1,14,0.777778,182.667,24,1136.66,1132.55,2116,2113
1,3,8,RSA-SHA512_signed-by_RSA-SHA3-224,RSA-SHA512_signed-by_RSA-SHA3-224,17.465,2395.1,1353.97,1,21,1,338.952,24,1140.83,1109.55,2116,2113
1,1,6,RSA-SHA512_signed-by_RSA-SHA3-224,RSA-SHA512_signed-by_RSA-SHA3-224,17.47,2394.42,892.926,1,3,0.2,213.733,24,1126.84,1102.73,2116,2113
1,8,8,RSA-SHA512_signed-by_RSA-SHA3-224,RSA-SHA512_signed-by_RSA-SHA3-224,16.319,2563.32,1437.3,0.7,20,1,246,14,1105.38,1090.11,2116,2113
1,6,8,RSA-SHA512_signed-by_RSA-SHA3-224,RSA-SHA512_signed-by_RSA-SHA3-224,22.3,1875.79,696.651,1,8,0.533333,182,8,1144.84,1108.65,2116,2113
1,5,8,RSA-SHA512_signed-by_RSA-SHA3-224,RSA-SHA512_signed-by_RSA-SHA3-224,12.083,3461.79,1075.15,1,0,0,203.6,15,1126.01,1195.83,2116,2113
1,7,8,RSA-SHA512_signed-by_RSA-SHA3-224,RSA-SHA512_signed-by_RSA-SHA3-224,11.995,3487.19,1299.11,1,7,0.636364,140.545,16,1118.65,1103.63,2116,2113
1,2,8,RSA-SHA512_signed-by_RSA-SHA3-224,RSA-SHA512_signed-by_RSA-SHA3-224,12.209,3426.07,1064.05,1,4,0.4,203.6,24,1130.38,1091.6,2116,2113
1,3,9,RSA-SHA512_signed-by_RSA-SHA3-224,RSA-SHA512_signed-by_RSA-SHA3-224,13.241,3159.25,1340.07,1,11,0.785714,129.714,24,1131.99,1103.32,2116,2113
1,7,9,RSA-SHA512_signed-by_RSA-SHA3-224,RSA-SHA512_signed-by_RSA-SHA3-224,9.186,4553.41,1492.55,1,1,0.0909091,224.909,16,1141.07,1108.58,2116,2113
1,6,9,RSA-SHA512_signed-by_RSA-SHA3-224,RSA-SHA512_signed-by_RSA-SHA3-224,15.148,2761.53,1060.46,1,8,0.533333,183.067,8,1133.07,1110.8,2116,2113
1,8,9,RSA-SHA512_signed-by_RSA-SHA3-224,RSA-SHA512_signed-by_RSA-SHA3-224,22.927,1824.51,842.995,1,13,0.866667,153.2,14,1129.75,1119.19,2116,2113
1,1,7,RSA-SHA512_signed-by_RSA-SHA3-224,RSA-SHA512_signed-by_RSA-SHA3-224,25.164,1662.31,996.943,1,23,1.35294,524.353,24,1130.64,1097.33,2116,2113
1,5,9,RSA-SHA512_signed-by_RSA-SHA3-224,RSA-SHA512_signed-by_RSA-SHA3-224,23.241,1799.86,1006.46,1,20,0.909091,156.364,15,1127.15,1099.91,2116,2113
1,2,9,RSA-SHA512_signed-by_RSA-SHA3-224,RSA-SHA512_signed-by_RSA-SHA3-224,22.879,1828.33,1097.21,1,17,0.73913,233.826,24,1133.22,1112.31,2116,2113
1,7,10,RSA-SHA512_signed-by_RSA-SHA3-224,RSA-SHA512_signed-by_RSA-SHA3-224,18.317,2283.73,855.145,1,0,0,182,16,1105.49,1116.12,2116,2113
1,6,10,RSA-SHA512_signed-by_RSA-SHA3-224,RSA-SHA512_signed-by_RSA-SHA3-224,14.993,2790.04,1023.39,1,3,0.214286,192.286,8,1136.73,1090.02,2116,2113
1,3,10,RSA-SHA512_signed-by_RSA-SHA3-224,RSA-SHA512_signed-by_RSA-SHA3-224,23.353,1791.23,1072.2,1,18,0.782609,210.348,24,1159.01,1114,2116,2113
1,1,8,RSA-SHA512_signed-by_RSA-SHA3-224,RSA-SHA512_signed-by_RSA-SHA3-224,12.129,3448.91,1071.15,0.4,0,0,149.6,24,1137.34,1102.59,2116,2113
1,2,10,RSA-SHA512_signed-by_RSA-SHA3-224,RSA-SHA512_signed-by_RSA-SHA3-224,13.128,3186.45,989.635,0.7,4,0.4,203.6,24,1105.45,1098.52,2116,2113
1,8,10,RSA-SHA512_signed-by_RSA-SHA3-224,RSA-SHA512_signed-by_RSA-SHA3-224,17.212,2430.34,1100.6,1,15,1.15385,165.385,14,1145.87,1095,2116,2113
1,7,11,RSA-SHA512_signed-by_RSA-SHA3-224,RSA-SHA512_signed-by_RSA-SHA3-224,11.529,3628.13,1171.21,0.583333,0,0,122,16,1099.75,1093.46,2116,2113
1,6,11,RSA-SHA512_signed-by_RSA-SHA3-224,RSA-SHA512_signed-by_RSA-SHA3-224,12.6,3319.99,1031.11,0.7,0,0,138.8,8,1133.87,1110.07,2116,2113
1,3,11,RSA-SHA512_signed-by_RSA-SHA3-224,RSA-SHA512_signed-by_RSA-SHA3-224,12.368,3382.01,1050.37,0.7,0,0,138.8,24,1152.59,1120.49,2116,2113
1,1,9,RSA-SHA512_signed-by_RSA-SHA3-224,RSA-SHA512_signed-by_RSA-SHA3-224,11.146,3752.79,1165.52,0.8,0,0,149.6,24,1141.91,1109.65,2116,2113
1,5,10,RSA-SHA512_signed-by_RSA-SHA3-224,RSA-SHA512_signed-by_RSA-SHA3-224,24.794,1687.17,828.584,1,11,0.55,235,15,1134.95,1109.9,2116,2113
1,2,11,RSA-SHA512_signed-by_RSA-SHA3-224,RSA-SHA512_signed-by_RSA-SHA3-224,16.772,2494.1,914.838,1,3,0.214286,292,24,1137.35,1106.15,2116,2113
1,7,12,RSA-SHA512_signed-by_RSA-SHA3-224,RSA-SHA512_signed-by_RSA-SHA3-224,16.381,2553.64,793.098,1,0,0,138.8,16,1126.9,1119.19,2116,2113
1,8,11,RSA-SHA512_signed-by_RSA-SHA3-224,RSA-SHA512_signed-by_RSA-SHA3-224,18.542,2256.01,1097.59,1,10,0.526316,164.316,15,1129.6,1136.85,2116,2113
1,6,12,RSA-SHA512_signed-by_RSA-SHA3-224,RSA-SHA512_signed-by_RSA-SHA3-224,17.444,2398.02,938.296,1,7,0.388889,100.667,8,1147.06,1118.62,2116,2113
1,3,12,RSA-SHA512_signed-by_RSA-SHA3-224,RSA-SHA512_signed-by_RSA-SHA3-224,18.583,2251.03,1019.4,1,11,0.846154,165.385,24,1141.13,1228.74,2116,2113
1,5,11,RSA-SHA512_signed-by_RSA-SHA3-224,RSA-SHA512_signed-by_RSA-SHA3-224,14.545,2876.01,1975.64,1,24,1.33333,291.333,15,1108.2,1104.01,2116,2113
1,1,10,RSA-SHA512_signed-by_RSA-SHA3-224,RSA-SHA512_signed-by_RSA-SHA3-224,18.178,2301.18,1303.52,1,18,1.05882,161.529,24,1133.94,1092.75,2116,2113
1,8,12,RSA-SHA512_signed-by_RSA-SHA3-224,RSA-SHA512_signed-by_RSA-SHA3-224,15.524,2694.56,853.356,1,0,0,129.636,15,1167,1138.89,2116,2113
1,6,13,RSA-SHA512_signed-by_RSA-SHA3-224,RSA-SHA512_signed-by_RSA-SHA3-224,13.744,3043.57,945.26,1,0,0,138.8,8,1147.01,1107.1,2116,2113
1,7,13,RSA-SHA512_signed-by_RSA-SHA3-224,RSA-SHA512_signed-by_RSA-SHA3-224,18.026,2320.55,1061.53,1,18,1.28571,156.286,16,1108.91,1092.5,2116,2113
1,1,11,RSA-SHA512_signed-by_RSA-SHA3-224,RSA-SHA512_signed-by_RSA-SHA3-224,12.15,3442.92,1481.46,1,11,0.733333,130,24,1130.39,1113.61,2116,2113
1,5,12,RSA-SHA512_signed-by_RSA-SHA3-224,RSA-SHA512_signed-by_RSA-SHA3-224,19,2201.61,947.335,1,7,0.466667,178,15,1140.44,1136.03,2116,2113
1,2,12,RSA-SHA512_signed-by_RSA-SHA3-224,RSA-SHA512_signed-by_RSA-SHA3-224,27.405,1526.42,928.87,1,23,1.21053,266.421,24,1131.4,1098.93,2116,2113
1,3,13,RSA-SHA512_signed-by_RSA-SHA3-224,RSA-SHA512_signed-by_RSA-SHA3-224,22.256,1879.5,1073.28,1,19,1.05556,143.333,24,1158.49,1112.96,2116,2113
1,8,13,RSA-SHA512_signed-by_RSA-SHA3-224,RSA-SHA512_signed-by_RSA-SHA3-224,14.943,2799.42,876.926,1,0,0,129.273,15,1134.11,1102.26,2116,2113
1,7,14,RSA-SHA512_signed-by_RSA-SHA3-224,RSA-SHA512_signed-by_RSA-SHA3-224,15.153,2760.6,1016.81,1,0,0,192.286,16,1130.57,1112.64,2116,2113
1,6,14,RSA-SHA512_signed-by_RSA-SHA3-224,RSA-SHA512_signed-by_RSA-SHA3-224,17.758,2355.62,1081.18,1,11,0.785714,156.286,8,1136.89,1110.18,2116,2113
1,1,12,RSA-SHA512_signed-by_RSA-SHA3-224,RSA-SHA512_signed-by_RSA-SHA3-224,16.764,2495.3,1399.16,1,20,1,455.2,24,1135.39,1199.3,2116,2113
1,3,14,RSA-SHA512_signed-by_RSA-SHA3-224,RSA-SHA512_signed-by_RSA-SHA3-224,13.141,3183.3,1358.79,1,7,0.466667,120.933,24,1133.49,1098.55,2116,2113
1,7,15,RSA-SHA512_signed-by_RSA-SHA3-224,RSA-SHA512_signed-by_RSA-SHA3-224,10.404,4020.51,1248.67,0.8,0,0,138.8,16,1638.52,1586.97,2116,2113
1,6,15,RSA-SHA512_signed-by_RSA-SHA3-224,RSA-SHA512_signed-by_RSA-SHA3-224,10.235,4086.89,1269.29,0.7,4,0.4,138.8,8,1617.08,1574.95,2116,2113
1,1,13,RSA-SHA512_signed-by_RSA-SHA3-224,RSA-SHA512_signed-by_RSA-SHA3-224,8.886,4707.31,1461.97,0.6,0,0,161.6,24,1217.69,1094.06,2116,2113
1,5,13,RSA-SHA512_signed-by_RSA-SHA3-224,RSA-SHA512_signed-by_RSA-SHA3-224,20.68,2022.76,1222.4,1,24,1.33333,308.667,15,1127.37,1109.69,2116,2113
1,2,13,RSA-SHA512_signed-by_RSA-SHA3-224,RSA-SHA512_signed-by_RSA-SHA3-224,22.061,1896.13,821.691,1,9,0.5625,170.75,24,1135.53,1114.96,2116,2113
1,3,15,RSA-SHA512_signed-by_RSA-SHA3-224,RSA-SHA512_signed-by_RSA-SHA3-224,10.29,4064.97,1287.36,1,0,0,125.273,24,1611.09,1578.74,2116,2113
1,1,14,RSA-SHA512_signed-by_RSA-SHA3-224,RSA-SHA512_signed-by_RSA-SHA3-224,12.531,3338.21,1036.77,1,0,0,149.6,24,1129.07,1112.47,2116,2113
1,5,14,RSA-SHA512_signed-by_RSA-SHA3-224,RSA-SHA512_signed-by_RSA-SHA3-224,13.654,3063.63,1387.39,1,11,0.846154,248.462,15,1142.59,1098.56,2116,2113
1,2,14,RSA-SHA512_signed-by_RSA-SHA3-224,RSA-SHA512_signed-by_RSA-SHA3-224,13.763,3039.37,1307.82,1,7,0.466667,174,24,1146.19,1103.95,2116,2113
1,7,16,RSA-SHA512_signed-by_RSA-SHA3-224,RSA-SHA512_signed-by_RSA-SHA3-224,19.332,2163.77,1003.06,1,12,0.8,148.4,16,1102.28,1117.14,2116,2113
1,3,16,RSA-SHA512_signed-by_RSA-SHA3-224,RSA-SHA512_signed-by_RSA-SHA3-224,16.014,2612.15,811.269,1,0,0,146,24,1180.63,1118.63,2116,2113
1,8,14,RSA-SHA512_signed-by_RSA-SHA3-224,RSA-SHA512_signed-by_RSA-SHA3-224,36.05,1160.39,701.248,1,24,1.33333,174,15,1182.48,1097,2116,2113
1,6,16,RSA-SHA512_signed-by_RSA-SHA3-224,RSA-SHA512_signed-by_RSA-SHA3-224,26.818,1559.82,1177.1,1,37,1.42308,274.923,8,1132.45,1108.26,2116,2113
1,5,15,RSA-SHA512_signed-by_RSA-SHA3-224,RSA-SHA512_signed-by_RSA-SHA3-224,13.193,3170.54,984.692,0.3,4,0.4,203.6,15,1620.58,1579.15,2116,2113
1,1,15,RSA-SHA512_signed-by_RSA-SHA3-224,RSA-SHA512_signed-by_RSA-SHA3-224,15.726,2660.02,1354.17,0.470588,18,1.05882,153.765,24,1601.1,1573.5,2116,2113
1,2,15,RSA-SHA512_signed-by_RSA-SHA3-224,RSA-SHA512_signed-by_RSA-SHA3-224,12.744,3282.26,1019.39,0.3,0,0,203.6,24,1650.23,1565.41,2116,2113
1,7,17,RSA-SHA512_signed-by_RSA-SHA3-224,RSA-SHA512_signed-by_RSA-SHA3-224,13.743,3043.84,945.342,0.8,0,0,138.8,16,1128.22,1115.81,2116,2113
1,3,17,RSA-SHA512_signed-by_RSA-SHA3-224,RSA-SHA512_signed-by_RSA-SHA3-224,15.893,2632.04,849.662,1,0,0,123,24,1104.73,1117.02,2116,2113
1,8,15,RSA-SHA512_signed-by_RSA-SHA3-224,RSA-SHA512_signed-by_RSA-SHA3-224,16.674,2508.76,779.159,1,0,0,138.8,15,1628.1,1577.16,2116,2113
1,6,17,RSA-SHA512_signed-by_RSA-SHA3-224,RSA-SHA512_signed-by_RSA-SHA3-224,16.037,2608.42,810.113,1,0,0,138.8,8,1134.48,1125.89,2116,2113
1,1,16,RSA-SHA512_signed-by_RSA-SHA3-224,RSA-SHA512_signed-by_RSA-SHA3-224,17.606,2375.94,752.45,1,0,0,139.455,24,1106.9,1101.46,2116,2113
1,2,16,RSA-SHA512_signed-by_RSA-SHA3-224,RSA-SHA512_signed-by_RSA-SHA3-224,17.765,2354.67,1066.33,1,11,0.846154,248.462,24,1132.67,1087.45,2116,2113
1,7,18,RSA-SHA512_signed-by_RSA-SHA3-224,RSA-SHA512_signed-by_RSA-SHA3-224,16.36,2556.93,662.094,1,0,0,164.857,16,1133.31,1093.31,2116,2113
1,3,18,RSA-SHA512_signed-by_RSA-SHA3-224,RSA-SHA512_signed-by_RSA-SHA3-224,11.437,3657.3,1135.87,0,0,0,149.6,24,1130.97,1086.22,2116,2113
1,5,16,RSA-SHA512_signed-by_RSA-SHA3-224,RSA-SHA512_signed-by_RSA-SHA3-224,22.863,1829.6,1743.88,0.666667,55,1.66667,461.515,15,1128.83,1129.24,2116,2113
1,8,16,RSA-SHA512_signed-by_RSA-SHA3-224,RSA-SHA512_signed-by_RSA-SHA3-224,13.841,3022.28,938.647,0.3,0,0,138.8,15,1179.26,1110.89,2116,2113
1,6,18,RSA-SHA512_signed-by_RSA-SHA3-224,RSA-SHA512_signed-by_RSA-SHA3-224,12.513,3343.05,1038.27,0.6,0,0,138.8,8,1127.13,1111,2116,2113
1,1,17,RSA-SHA512_signed-by_RSA-SHA3-224,RSA-SHA512_signed-by_RSA-SHA3-224,12.94,3232.71,1004,0.9,0,0,149.6,24,1127.66,1107.58,2116,2113
1,2,17,RSA-SHA512_signed-by_RSA-SHA3-224,RSA-SHA512_signed-by_RSA-SHA3-224,12.881,3247.54,1191.2,0.857143,7,0.5,170,24,1141.13,1102.44,2116,2113
1,7,19,RSA-SHA512_signed-by_RSA-SHA3-224,RSA-SHA512_signed-by_RSA-SHA3-224,13.177,3174.59,1510.5,0.705882,11,0.647059,179.176,16,1135.56,1100.44,2116,2113
1,3,19,RSA-SHA512_signed-by_RSA-SHA3-224,RSA-SHA512_signed-by_RSA-SHA3-224,15.699,2664.57,1146.55,0.8,7,0.466667,130,24,1111.28,1107.08,2116,2113
1,5,17,RSA-SHA512_signed-by_RSA-SHA3-224,RSA-SHA512_signed-by_RSA-SHA3-224,15.506,2697.75,854.366,1,0,0,188.545,15,1130.14,1202.39,2116,2113
1,8,17,RSA-SHA512_signed-by_RSA-SHA3-224,RSA-SHA512_signed-by_RSA-SHA3-224,13.979,2992.46,929.386,0.9,0,0,138.8,15,1132.55,1103.26,2116,2113
1,6,19,RSA-SHA512_signed-by_RSA-SHA3-224,RSA-SHA512_signed-by_RSA-SHA3-224,14.641,2857.14,887.359,1,4,0.4,138.8,8,1136.84,1104.1,2116,2113
1,1,18,RSA-SHA512_signed-by_RSA-SHA3-224,RSA-SHA512_signed-by_RSA-SHA3-224,12.463,3356.24,1042.37,1,0,0,149.6,24,1125.65,1097.57,2116,2113
1,2,18,RSA-SHA512_signed-by_RSA-SHA3-224,RSA-SHA512_signed-by_RSA-SHA3-224,15.284,2736.93,866.772,0.909091,0,0,188.545,24,1119.47,1120.52,2116,2113
1,7,20,RSA-SHA512_signed-by_RSA-SHA3-224,RSA-SHA512_signed-by_RSA-SHA3-224,15.36,2723.38,998.937,0.928571,3,0.214286,192.286,16,1107.33,1101.13,2116,2113
1,5,18,RSA-SHA512_signed-by_RSA-SHA3-224,RSA-SHA512_signed-by_RSA-SHA3-224,11.398,3670.1,1556.76,0.928571,7,0.5,183.714,15,1137.11,1092.44,2116,2113
1,3,20,RSA-SHA512_signed-by_RSA-SHA3-224,RSA-SHA512_signed-by_RSA-SHA3-224,14.661,2853.24,1210.26,1,11,0.785714,136.571,24,1134.22,1120.16,2116,2113
1,8,18,RSA-SHA512_signed-by_RSA-SHA3-224,RSA-SHA512_signed-by_RSA-SHA3-224,13.26,3154.7,979.774,1,4,0.4,138.8,15,1125.74,1108.58,2116,2113
1,6,20,RSA-SHA512_signed-by_RSA-SHA3-224,RSA-SHA512_signed-by_RSA-SHA3-224,11.397,3670.13,1363.05,0.466667,4,0.266667,182,8,1103.54,1091.74,2116,2113
1,2,19,RSA-SHA512_signed-by_RSA-SHA3-224,RSA-SHA512_signed-by_RSA-SHA3-224,9.732,4297.99,1334.85,1,4,0.4,203.6,24,1125.83,1109.55,2116,2113
1,1,19,RSA-SHA512_signed-by_RSA-SHA3-224,RSA-SHA512_signed-by_RSA-SHA3-224,14.766,2832.92,1201.65,1,7,0.5,136.571,24,1139.96,1141.51,2116,2113
1,7,21,RSA-SHA512_signed-by_RSA-SHA3-224,RSA-SHA512_signed-by_RSA-SHA3-224,10.537,3969.65,1456.07,1,7,0.5,118.571,16,1139.39,1102.4,2116,2113
1,6,21,RSA-SHA512_signed-by_RSA-SHA3-224,RSA-SHA512_signed-by_RSA-SHA3-224,12.574,3326.75,1641.43,1,13,0.8125,140.5,8,1130.16,1101.98,2116,2113
1,1,20,RSA-SHA512_signed-by_RSA-SHA3-224,RSA-SHA512_signed-by_RSA-SHA3-224,8.969,4663.57,1978.16,1,7,0.5,136.571,24,1112.07,1087.33,2116,2113
1,3,21,RSA-SHA512_signed-by_RSA-SHA3-224,RSA-SHA512_signed-by_RSA-SHA3-224,16.719,2501.95,1894.76,1,41,1.51852,259.926,24,1133.1,1115.51,2116,2113
1,5,19,RSA-SHA512_signed-by_RSA-SHA3-224,RSA-SHA512_signed-by_RSA-SHA3-224,24.372,1716.37,746.419,1,8,0.5,165.5,15,1175.92,1114.57,2116,2113
1,8,19,RSA-SHA512_signed-by_RSA-SHA3-224,RSA-SHA512_signed-by_RSA-SHA3-224,23.6,1772.52,1010.16,1,22,1,227.091,15,1121.43,1100.65,2116,2113
1,7,22,RSA-SHA512_signed-by_RSA-SHA3-224,RSA-SHA512_signed-by_RSA-SHA3-224,18.528,2257.69,1406.68,1,15,0.714286,110.381,16,1130.32,1106.73,2116,2113
1,6,22,RSA-SHA512_signed-by_RSA-SHA3-224,RSA-SHA512_signed-by_RSA-SHA3-224,13.8,3031.29,941.446,1,0,0,138.8,8,1122.88,1142.36,2116,2113
1,1,21,RSA-SHA512_signed-by_RSA-SHA3-224,RSA-SHA512_signed-by_RSA-SHA3-224,13.574,3081.77,957.121,1,0,0,158.4,24,1145.46,1114.59,2116,2113
1,3,22,RSA-SHA512_signed-by_RSA-SHA3-224,RSA-SHA512_signed-by_RSA-SHA3-224,13.959,2996.76,1099.21,1,3,0.214286,209.143,24,1152.66,1094.54,2116,2113
1,2,20,RSA-SHA512_signed-by_RSA-SHA3-224,RSA-SHA512_signed-by_RSA-SHA3-224,30.257,1382.53,804.821,1,22,0.916667,431.833,24,1140.65,1112.33,2116,2113
1,7,23,RSA-SHA512_signed-by_RSA-SHA3-224,RSA-SHA512_signed-by_RSA-SHA3-224,20.452,2045.28,1034.96,1,21,0.913043,97.3043,16,1133.93,1112.16,2116,2113
1,5,20,RSA-SHA512_signed-by_RSA-SHA3-224,RSA-SHA512_signed-by_RSA-SHA3-224,24.973,1675.08,1007.16,1,26,1.52941,291.412,15,1166.73,1125.46,2116,2113
1,6,23,RSA-SHA512_signed-by_RSA-SHA3-224,RSA-SHA512_signed-by_RSA-SHA3-224,20.092,2081.94,1239.05,1,22,1.375,186.5,9,1120.15,1097.69,2116,2113
1,3,23,RSA-SHA512_signed-by_RSA-SHA3-224,RSA-SHA512_signed-by_RSA-SHA3-224,19.54,2140.75,1591.75,1,33,1.65,194.6,24,1128.88,1112.49,2116,2113
1,1,22,RSA-SHA512_signed-by_RSA-SHA3-224,RSA-SHA512_signed-by_RSA-SHA3-224,21.727,1925.35,816.679,1,7,0.5,136.571,24,1137.08,1108.45,2116,2113
1,2,21,RSA-SHA512_signed-by_RSA-SHA3-224,RSA-SHA512_signed-by_RSA-SHA3-224,23.175,1805.04,1432.57,1,32,1.28,222.96,24,1173.03,1123.01,2116,2113
1,8,20,RSA-SHA512_signed-by_RSA-SHA3-224,RSA-SHA512_signed-by_RSA-SHA3-224,35.946,1163.74,1127.91,1,48,1.71429,166.571,15,1128.78,1087.83,2116,2113
1,6,24,RSA-SHA512_signed-by_RSA-SHA3-224,RSA-SHA512_signed-by_RSA-SHA3-224,12.944,3231.73,1003.7,1,0,0,138.8,9,1113.79,1108.89,2116,2113
1,7,24,RSA-SHA512_signed-by_RSA-SHA3-224,RSA-SHA512_signed-by_RSA-SHA3-224,16.933,2470.38,909.917,1,0,0,119.429,16,1126.53,1103.15,2116,2113
1,3,24,RSA-SHA512_signed-by_RSA-SHA3-224,RSA-SHA512_signed-by_RSA-SHA3-224,13.685,3056.74,791.515,0,0,0,178.571,24,1171.7,1097.49,2116,2113
1,5,21,RSA-SHA512_signed-by_RSA-SHA3-224,RSA-SHA512_signed-by_RSA-SHA3-224,17.104,2445.68,1245.06,0.647059,20,1.17647,846.941,15,1122.29,1084.57,2116,2113
1,1,23,RSA-SHA512_signed-by_RSA-SHA3-224,RSA-SHA512_signed-by_RSA-SHA3-224,14.764,2833.33,733.665,0,0,0,178.571,24,1106.02,1091.5,2116,2113
1,2,22,RSA-SHA512_signed-by_RSA-SHA3-224,RSA-SHA512_signed-by_RSA-SHA3-224,10.967,3814.02,1184.54,1,0,0,203.6,24,1138.74,1110.98,2116,2113
1,8,21,RSA-SHA512_signed-by_RSA-SHA3-224,RSA-SHA512_signed-by_RSA-SHA3-224,14.063,2974.57,960.235,1,0,0,122,15,1154.49,1103.39,2116,2113
1,6,25,RSA-SHA512_signed-by_RSA-SHA3-224,RSA-SHA512_signed-by_RSA-SHA3-224,13.783,3035.01,942.6,1,0,0,138.8,9,1131.09,1115.42,2116,2113
1,3,25,RSA-SHA512_signed-by_RSA-SHA3-224,RSA-SHA512_signed-by_RSA-SHA3-224,12.466,3355.66,1215.46,1,0,0,222.308,24,1135.08,1108.15,2116,2113
1,5,22,RSA-SHA512_signed-by_RSA-SHA3-224,RSA-SHA512_signed-by_RSA-SHA3-224,14.148,2956.69,1406.82,1,7,0.411765,269.765,15,1131.47,1112.64,2116,2113
1,7,25,RSA-SHA512_signed-by_RSA-SHA3-224,RSA-SHA512_signed-by_RSA-SHA3-224,19.036,2197.45,982.526,1,11,0.611111,107.333,16,1130.92,1114.43,2116,2113
1,2,23,RSA-SHA512_signed-by_RSA-SHA3-224,RSA-SHA512_signed-by_RSA-SHA3-224,13.813,3028.41,940.551,1,0,0,185.6,24,1169.53,1089.29,2116,2113
1,1,24,RSA-SHA512_signed-by_RSA-SHA3-224,RSA-SHA512_signed-by_RSA-SHA3-224,19.765,2116.39,1417.4,1,24,1.04348,243.739,24,1136.1,1107.73,2116,2113
1,8,22,RSA-SHA512_signed-by_RSA-SHA3-224,RSA-SHA512_signed-by_RSA-SHA3-224,14.312,2922.83,933.471,1,0,0,121.667,15,1133.78,1094.89,2116,2113
1,6,26,RSA-SHA512_signed-by_RSA-SHA3-224,RSA-SHA512_signed-by_RSA-SHA3-224,14.327,2919.77,906.809,1,0,0,138.8,9,1143.27,1106.3,2116,2113
1,7,26,RSA-SHA512_signed-by_RSA-SHA3-224,RSA-SHA512_signed-by_RSA-SHA3-224,10.867,3849.13,1195.45,0.6,0,0,138.8,16,1144.93,1132.42,2116,2113
1,3,26,RSA-SHA512_signed-by_RSA-SHA3-224,RSA-SHA512_signed-by_RSA-SHA3-224,17.737,2358.4,1346.75,1,23,1.27778,154.667,24,1119.51,1112.16,2116,2113
1,2,24,RSA-SHA512_signed-by_RSA-SHA3-224,RSA-SHA512_signed-by_RSA-SHA3-224,11.632,3595.99,1133.33,1,4,0.363636,139.455,24,1139.57,1112.35,2116,2113
1,5,23,RSA-SHA512_signed-by_RSA-SHA3-224,RSA-SHA512_signed-by_RSA-SHA3-224,20.003,2091.22,956.627,1,12,0.857143,233.429,15,1131.84,1106.94,2116,2113
1,1,25,RSA-SHA512_signed-by_RSA-SHA3-224,RSA-SHA512_signed-by_RSA-SHA3-224,14.281,2929.18,909.731,1,0,0,163.2,24,1099.36,1099.31,2116,2113
1,8,23,RSA-SHA512_signed-by_RSA-SHA3-224,RSA-SHA512_signed-by_RSA-SHA3-224,12.425,3366.49,1045.55,1,0,0,138.8,15,1136.59,1105.36,2116,2113
1,6,27,RSA-SHA512_signed-by_RSA-SHA3-224,RSA-SHA512_signed-by_RSA-SHA3-224,17.815,2348.09,772.368,1,0,0,115.538,9,1125.26,1129.09,2116,2113
1,7,27,RSA-SHA512_signed-by_RSA-SHA3-224,RSA-SHA512_signed-by_RSA-SHA3-224,19.681,2125.46,1323.48,1,29,1.38095,135.143,16,1144.06,1121.45,2116,2113
1,2,25,RSA-SHA512_signed-by_RSA-SHA3-224,RSA-SHA512_signed-by_RSA-SHA3-224,21.65,1932.13,919.324,1,10,0.588235,194.471,24,1105.89,1098.47,2116,2113
1,3,27,RSA-SHA512_signed-by_RSA-SHA3-224,RSA-SHA512_signed-by_RSA-SHA3-224,24.027,1740.98,649.246,1,3,0.2,197.733,24,1131.09,1137.58,2116,2113
1,8,24,RSA-SHA512_signed-by_RSA-SHA3-224,RSA-SHA512_signed-by_RSA-SHA3-224,17.773,2353.63,969.541,1,12,1,185.333,15,1143.66,1094.43,2116,2113
1,1,26,RSA-SHA512_signed-by_RSA-SHA3-224,RSA-SHA512_signed-by_RSA-SHA3-224,19.736,2119.52,969.572,1,12,0.857143,185.143,24,1140.05,1094.5,2116,2113
1,5,24,RSA-SHA512_signed-by_RSA-SHA3-224,RSA-SHA512_signed-by_RSA-SHA3-224,24.571,1702.43,1276.25,1,33,1.57143,474.571,15,1137.63,1107.27,2116,2113
1,6,28,RSA-SHA512_signed-by_RSA-SHA3-224,RSA-SHA512_signed-by_RSA-SHA3-224,17.351,2410.87,748.756,1,0,0,138.8,9,1131.56,1093.03,2116,2113
1,7,28,RSA-SHA512_signed-by_RSA-SHA3-224,RSA-SHA512_signed-by_RSA-SHA3-224,15.375,2720.72,997.96,0.357143,3,0.214286,194.857,16,1138.98,1105.45,2116,2113
1,2,26,RSA-SHA512_signed-by_RSA-SHA3-224,RSA-SHA512_signed-by_RSA-SHA3-224,11.855,3528.64,1095.91,0.5,0,0,149.6,24,1115.57,1107.87,2116,2113
1,8,25,RSA-SHA512_signed-by_RSA-SHA3-224,RSA-SHA512_signed-by_RSA-SHA3-224,11.418,3663.38,1326.92,0,0,0,204.154,15,1128.81,1088.47,2116,2113
1,3,28,RSA-SHA512_signed-by_RSA-SHA3-224,RSA-SHA512_signed-by_RSA-SHA3-224,13.992,2989.68,1353.9,0.384615,11,0.846154,179.231,24,1130.01,1104.21,2116,2113
1,1,27,RSA-SHA512_signed-by_RSA-SHA3-224,RSA-SHA512_signed-by_RSA-SHA3-224,13.692,3055.19,948.868,0,0,0,163.2,24,1108.32,1108.8,2116,2113
1,5,25,RSA-SHA512_signed-by_RSA-SHA3-224,RSA-SHA512_signed-by_RSA-SHA3-224,11.526,3629.08,1127.1,0.3,4,0.4,203.6,15,1156.06,1096.32,2116,2113
1,6,29,RSA-SHA512_signed-by_RSA-SHA3-224,RSA-SHA512_signed-by_RSA-SHA3-224,14.331,2918.97,906.56,0.6,0,0,138.8,9,1137.57,1132.44,2116,2113
1,7,29,RSA-SHA512_signed-by_RSA-SHA3-224,RSA-SHA512_signed-by_RSA-SHA3-224,11.839,3533.14,1135.15,0.583333,5,0.416667,131,16,1248.88,1091.38,2116,2113
1,2,27,RSA-SHA512_signed-by_RSA-SHA3-224,RSA-SHA512_signed-by_RSA-SHA3-224,13.063,3202.32,1014.16,0.636364,0,0,139.455,24,1150.2,1111.86,2116,2113
1,8,26,RSA-SHA512_signed-by_RSA-SHA3-224,RSA-SHA512_signed-by_RSA-SHA3-224,13.275,3151.18,978.681,1,0,0,138.8,15,1125.04,1092.4,2116,2113
1,1,28,RSA-SHA512_signed-by_RSA-SHA3-224,RSA-SHA512_signed-by_RSA-SHA3-224,11.124,3760.22,1185.09,1,5,0.454545,137.273,24,1131.91,1109.2,2116,2113
1,3,29,RSA-SHA512_signed-by_RSA-SHA3-224,RSA-SHA512_signed-by_RSA-SHA3-224,13.237,3160.22,818.309,1,0,0,178.571,24,1135.12,1108.01,2116,2113
1,5,26,RSA-SHA512_signed-by_RSA-SHA3-224,RSA-SHA512_signed-by_RSA-SHA3-224,18.086,2312.91,862.529,1,3,0.2,275.067,15,1142.01,1103.11,2116,2113
1,6,30,RSA-SHA512_signed-by_RSA-SHA3-224,RSA-SHA512_signed-by_RSA-SHA3-224,14.603,2864.6,1102.23,1,8,0.533333,114.267,9,1138.85,1096.64,2116,2113
1,2,28,RSA-SHA512_signed-by_RSA-SHA3-224,RSA-SHA512_signed-by_RSA-SHA3-224,17.922,2334.05,1056.99,1,11,0.846154,181.077,24,1128.96,1112.3,2116,2113
1,8,27,RSA-SHA512_signed-by_RSA-SHA3-224,RSA-SHA512_signed-by_RSA-SHA3-224,18.346,2280.1,1302.04,1,25,1.38889,143.333,15,1134.54,1101.3,2116,2113
1,3,30,RSA-SHA512_signed-by_RSA-SHA3-224,RSA-SHA512_signed-by_RSA-SHA3-224,18.448,2267.5,1542.89,1,25,1,224.4,24,1109.25,1103.42,2116,2113
1,7,30,RSA-SHA512_signed-by_RSA-SHA3-224,RSA-SHA512_signed-by_RSA-SHA3-224,25.514,1639.56,1162.65,1,37,1.54167,290.667,16,1135.3,1103.99,2116,2113
1,5,27,RSA-SHA512_signed-by_RSA-SHA3-224,RSA-SHA512_signed-by_RSA-SHA3-224,15.705,2663.53,843.526,1,0,0,188.545,15,1112.76,1100.42,2116,2113
1,6,31,RSA-SHA512_signed-by_RSA-SHA3-224,RSA-SHA512_signed-by_RSA-SHA3-224,16.709,2503.48,777.52,1,0,0,138.8,9,1605.03,1568.62,2116,2113
1,1,29,RSA-SHA512_signed-by_RSA-SHA3-224,RSA-SHA512_signed-by_RSA-SHA3-224,28.463,1469.68,1006.77,1,28,1.07692,220,24,1129.39,1141.99,2116,2113
1,2,29,RSA-SHA512_signed-by_RSA-SHA3-224,RSA-SHA512_signed-by_RSA-SHA3-224,14.086,2969.72,922.322,1,0,0,149.6,24,1130,1091.38,2116,2113
1,3,31,RSA-SHA512_signed-by_RSA-SHA3-224,RSA-SHA512_signed-by_RSA-SHA3-224,11.678,3582.11,1313.92,0.428571,7,0.5,127.143,24,1622.38,1581.44,2116,2113
1,8,28,RSA-SHA512_signed-by_RSA-SHA3-224,RSA-SHA512_signed-by_RSA-SHA3-224,17.324,2414.61,1372.39,0.809524,17,0.809524,282.762,15,1178.22,1124.6,2116,2113
1,7,31,RSA-SHA512_signed-by_RSA-SHA3-224,RSA-SHA512_signed-by_RSA-SHA3-224,14.475,2889.9,1046.75,0.461538,0,0,222.308,16,1672.85,1570.1,2116,2113
1,5,28,RSA-SHA512_signed-by_RSA-SHA3-224,RSA-SHA512_signed-by_RSA-SHA3-224,12.97,3225.25,1368.06,0.428571,7,0.5,179.429,15,1138.73,1095.06,2116,2113
1,6,32,RSA-SHA512_signed-by_RSA-SHA3-224,RSA-SHA512_signed-by_RSA-SHA3-224,13.829,3024.88,1109.53,0.857143,11,0.785714,118.571,9,1139.21,1112.44,2116,2113
1,1,30,RSA-SHA512_signed-by_RSA-SHA3-224,RSA-SHA512_signed-by_RSA-SHA3-224,15.885,2633.36,862.174,1,5,0.384615,115.538,24,1115.12,1101.9,2116,2113
1,2,30,RSA-SHA512_signed-by_RSA-SHA3-224,RSA-SHA512_signed-by_RSA-SHA3-224,16.91,2473.73,774.902,1,0,0,139.091,24,1103.07,1122.07,2116,2113
1,8,29,RSA-SHA512_signed-by_RSA-SHA3-224,RSA-SHA512_signed-by_RSA-SHA3-224,13.724,3048.05,946.65,1,0,0,138.8,15,1135.55,1099.15,2116,2113
1,3,32,RSA-SHA512_signed-by_RSA-SHA3-224,RSA-SHA512_signed-by_RSA-SHA3-224,19.127,2186.99,937.699,0.933333,8,0.533333,130,24,1139,1106.04,2116,2113
1,7,32,RSA-SHA512_signed-by_RSA-SHA3-224,RSA-SHA512_signed-by_RSA-SHA3-224,15.697,2664.91,1158.92,1,12,0.75,124.25,16,1128.5,1086.53,2116,2113
1,5,29,RSA-SHA512_signed-by_RSA-SHA3-224,RSA-SHA512_signed-by_RSA-SHA3-224,14.934,2801.08,869.948,1,0,0,203.6,15,1109.41,1099.15,2116,2113
1,6,33,RSA-SHA512_signed-by_RSA-SHA3-224,RSA-SHA512_signed-by_RSA-SHA3-224,14.484,2888.11,1067.09,1,7,0.466667,195.067,9,1132.04,1120.89,2116,2113
1,1,31,RSA-SHA512_signed-by_RSA-SHA3-224,RSA-SHA512_signed-by_RSA-SHA3-224,14.214,2942.97,1079.48,1,7,0.5,192.286,24,1611.16,1600.42,2116,2113
1,8,30,RSA-SHA512_signed-by_RSA-SHA3-224,RSA-SHA512_signed-by_RSA-SHA3-224,11.386,3673.67,1163.44,1,0,0,129.636,15,1136.81,1089.85,2116,2113
1,2,31,RSA-SHA512_signed-by_RSA-SHA3-224,RSA-SHA512_signed-by_RSA-SHA3-224,14.85,2816.93,1194.87,1,7,0.5,136.571,24,1607.24,1563.89,2116,2113
1,5,30,RSA-SHA512_signed-by_RSA-SHA3-224,RSA-SHA512_signed-by_RSA-SHA3-224,10.938,3824.44,1187.78,1,0,0,203.6,15,1130.36,1095.92,2116,2113
1,6,34,RSA-SHA512_signed-by_RSA-SHA3-224,RSA-SHA512_signed-by_RSA-SHA3-224,10.588,3950.52,2215.13,0.75,20,1,246,9,1130.95,1105.23,2116,2113
1,7,33,RSA-SHA512_signed-by_RSA-SHA3-224,RSA-SHA512_signed-by_RSA-SHA3-224,18.904,2212.77,821.802,1,4,0.266667,183.6,16,1155.17,1121.24,2116,2113
1,8,31,RSA-SHA512_signed-by_RSA-SHA3-224,RSA-SHA512_signed-by_RSA-SHA3-224,12.039,3474.68,1079.15,1,0,0,138.8,15,1610.73,1587.85,2116,2113
1,1,32,RSA-SHA512_signed-by_RSA-SHA3-224,RSA-SHA512_signed-by_RSA-SHA3-224,14.105,2965.7,1424.71,0.611111,14,0.777778,171.333,24,1121.49,1112.54,2116,2113
1,2,32,RSA-SHA512_signed-by_RSA-SHA3-224,RSA-SHA512_signed-by_RSA-SHA3-224,13.587,3078.75,989.156,1,5,0.416667,131,24,1132.48,1116.34,2116,2113
1,5,31,RSA-SHA512_signed-by_RSA-SHA3-224,RSA-SHA512_signed-by_RSA-SHA3-224,13.153,3180.37,1425.66,1,2,0.166667,202,15,1612.53,1573.68,2116,2113
1,6,35,RSA-SHA512_signed-by_RSA-SHA3-224,RSA-SHA512_signed-by_RSA-SHA3-224,12.214,3424.89,1063.69,1,0,0,138.8,9,1190.29,1110.05,2116,2113
1,3,33,RSA-SHA512_signed-by_RSA-SHA3-224,RSA-SHA512_signed-by_RSA-SHA3-224,27.947,1496.81,1117.52,1,35,1.66667,207.714,24,1133.06,1088.79,2116,2113
1,7,34,RSA-SHA512_signed-by_RSA-SHA3-224,RSA-SHA512_signed-by_RSA-SHA3-224,13.867,3016.61,1370.72,1,2,0.153846,130.308,16,1126.68,1115.79,2116,2113
1,8,32,RSA-SHA512_signed-by_RSA-SHA3-224,RSA-SHA512_signed-by_RSA-SHA3-224,13.925,3004.03,1120.26,1,11,0.733333,114.8,15,1130.78,1094.35,2116,2113
1,5,32,RSA-SHA512_signed-by_RSA-SHA3-224,RSA-SHA512_signed-by_RSA-SHA3-224,13.358,3131.52,972.574,1,0,0,197.6,15,1137.37,1114.48,2116,2113
1,1,33,RSA-SHA512_signed-by_RSA-SHA3-224,RSA-SHA512_signed-by_RSA-SHA3-224,17.785,2351.99,1585.99,1,27,1.125,231.333,24,1132.79,1100.8,2116,2113
1,3,34,RSA-SHA512_signed-by_RSA-SHA3-224,RSA-SHA512_signed-by_RSA-SHA3-224,15.483,2701.69,1784.59,1,27,1.125,135,24,1134.41,1110.62,2116,2113
1,2,33,RSA-SHA512_signed-by_RSA-SHA3-224,RSA-SHA512_signed-by_RSA-SHA3-224,22.719,1841.26,1040.88,1,21,1,270.19,24,1111.45,1115.28,2116,2113
1,8,33,RSA-SHA512_signed-by_RSA-SHA3-224,RSA-SHA512_signed-by_RSA-SHA3-224,13.394,3123.07,1432.23,1,5,0.3125,209,15,1129.02,1095.65,2116,2113
1,6,36,RSA-SHA512_signed-by_RSA-SHA3-224,RSA-SHA512_signed-by_RSA-SHA3-224,22.908,1826.06,1070,1,16,0.727273,108.182,9,1132.83,1116.02,2116,2113
1,7,35,RSA-SHA512_signed-by_RSA-SHA3-224,RSA-SHA512_signed-by_RSA-SHA3-224,16.776,2493.44,1695.68,1,25,1.19048,140.857,16,1132.81,1087.41,2116,2113
1,5,33,RSA-SHA512_signed-by_RSA-SHA3-224,RSA-SHA512_signed-by_RSA-SHA3-224,15.461,2705.6,873.407,1,0,0,131,15,1120.75,1116.09,2116,2113
1,1,34,RSA-SHA512_signed-by_RSA-SHA3-224,RSA-SHA512_signed-by_RSA-SHA3-224,15.14,2762.97,870.792,1,7,0.636364,129.636,24,1132.02,1106.52,2116,2113
1,3,35,RSA-SHA512_signed-by_RSA-SHA3-224,RSA-SHA512_signed-by_RSA-SHA3-224,15.413,2714.02,995.505,0.571429,3,0.214286,209.143,24,1140.12,1108.54,2116,2113
1,2,34,RSA-SHA512_signed-by_RSA-SHA3-224,RSA-SHA512_signed-by_RSA-SHA3-224,13.767,3038.55,943.698,1,0,0,149.6,24,1149.44,1113.46,2116,2113
1,8,34,RSA-SHA512_signed-by_RSA-SHA3-224,RSA-SHA512_signed-by_RSA-SHA3-224,13.921,3004.94,951.651,1,0,0,129.636,15,1140.67,1113.68,2116,2113
1,7,36,RSA-SHA512_signed-by_RSA-SHA3-224,RSA-SHA512_signed-by_RSA-SHA3-224,13.795,3032.38,1359.32,1,2,0.166667,138,16,1147.28,1099.94,2116,2113
1,6,37,RSA-SHA512_signed-by_RSA-SHA3-224,RSA-SHA512_signed-by_RSA-SHA3-224,15.783,2650.41,1200.26,1,11,0.846154,165.385,9,1123.58,1112.87,2116,2113
1,1,35,RSA-SHA512_signed-by_RSA-SHA3-224,RSA-SHA512_signed-by_RSA-SHA3-224,10.925,3829,1404.48,1,7,0.5,192.286,24,1102.8,1104.52,2116,2113
1,5,34,RSA-SHA512_signed-by_RSA-SHA3-224,RSA-SHA512_signed-by_RSA-SHA3-224,15.07,2775.77,862.087,1,0,0,149.6,15,1143.13,1110.4,2116,2113
1,8,35,RSA-SHA512_signed-by_RSA-SHA3-224,RSA-SHA512_signed-by_RSA-SHA3-224,11.635,3595.32,1133.12,1,7,0.636364,129.636,15,1111.65,1111.74,2116,2113
1,7,37,RSA-SHA512_signed-by_RSA-SHA3-224,RSA-SHA512_signed-by_RSA-SHA3-224,11.075,3777.14,1173.09,0.9,0,0,138.8,16,1134.5,1087.65,2116,2113
1,3,36,RSA-SHA512_signed-by_RSA-SHA3-224,RSA-SHA512_signed-by_RSA-SHA3-224,17.667,2367.72,1420,1,23,1.35294,210.941,24,1100.93,1102.39,2116,2113
1,2,35,RSA-SHA512_signed-by_RSA-SHA3-224,RSA-SHA512_signed-by_RSA-SHA3-224,17.013,2458.74,1322.24,0.944444,14,0.777778,126.667,24,1138.66,1110.33,2116,2113
1,6,38,RSA-SHA512_signed-by_RSA-SHA3-224,RSA-SHA512_signed-by_RSA-SHA3-224,13.641,3066.57,1393.42,0.692308,2,0.153846,130.308,9,1124.8,1111.63,2116,2113
1,1,36,RSA-SHA512_signed-by_RSA-SHA3-224,RSA-SHA512_signed-by_RSA-SHA3-224,14.471,2890.68,1047.04,0.692308,0,0,204.154,24,1135.47,1107.39,2116,2113
1,5,35,RSA-SHA512_signed-by_RSA-SHA3-224,RSA-SHA512_signed-by_RSA-SHA3-224,12.89,3245.26,1007.9,0.6,0,0,147.2,15,1136.24,1101.65,2116,2113
1,8,36,RSA-SHA512_signed-by_RSA-SHA3-224,RSA-SHA512_signed-by_RSA-SHA3-224,12.527,3339.33,1209.54,0.230769,0,0,204.154,15,1104.74,1102.5,2116,2113
1,3,37,RSA-SHA512_signed-by_RSA-SHA3-224,RSA-SHA512_signed-by_RSA-SHA3-224,11.868,3524.48,1094.62,0.3,0,0,154.4,24,1135.79,1203.64,2116,2113
1,7,38,RSA-SHA512_signed-by_RSA-SHA3-224,RSA-SHA512_signed-by_RSA-SHA3-224,13.227,3162.59,982.224,0.3,0,0,138.8,16,1104.4,1109.32,2116,2113
1,2,36,RSA-SHA512_signed-by_RSA-SHA3-224,RSA-SHA512_signed-by_RSA-SHA3-224,12.454,3358.9,1424.75,0.571429,7,0.5,136.571,24,1134.81,1117.3,2116,2113
1,6,39,RSA-SHA512_signed-by_RSA-SHA3-224,RSA-SHA512_signed-by_RSA-SHA3-224,12.306,3399.29,1076.54,0.727273,0,0,129.636,9,1132.83,1113.1,2116,2113
1,1,37,RSA-SHA512_signed-by_RSA-SHA3-224,RSA-SHA512_signed-by_RSA-SHA3-224,14.281,2929.15,927.648,0.727273,0,0,129.636,24,1134.58,1110.53,2116,2113
1,5,36,RSA-SHA512_signed-by_RSA-SHA3-224,RSA-SHA512_signed-by_RSA-SHA3-224,13.276,3150.91,978.595,0.8,0,0,138.8,15,1135.85,1101.48,2116,2113
1,8,37,RSA-SHA512_signed-by_RSA-SHA3-224,RSA-SHA512_signed-by_RSA-SHA3-224,12.711,3290.99,1022.1,0.5,0,0,138.8,16,1135.32,1105.06,2116,2113
1,7,39,RSA-SHA512_signed-by_RSA-SHA3-224,RSA-SHA512_signed-by_RSA-SHA3-224,11.612,3602.18,1118.75,0.5,0,0,138.8,16,1139.82,1100.69,2116,2113
1,2,37,RSA-SHA512_signed-by_RSA-SHA3-224,RSA-SHA512_signed-by_RSA-SHA3-224,10.627,3936.09,1222.45,0.5,0,0,138.8,24,1137.54,1094.63,2116,2113
1,6,40,RSA-SHA512_signed-by_RSA-SHA3-224,RSA-SHA512_signed-by_RSA-SHA3-224,10.861,3851.29,1196.12,0.5,0,0,138.8,9,1133.46,1114.22,2116,2113
1,3,38,RSA-SHA512_signed-by_RSA-SHA3-224,RSA-SHA512_signed-by_RSA-SHA3-224,16.659,2511.02,1137.14,1,11,0.846154,196.462,24,1132.82,1128.38,2116,2113
1,1,38,RSA-SHA512_signed-by_RSA-SHA3-224,RSA-SHA512_signed-by_RSA-SHA3-224,15.177,2756.23,872.886,1,0,0,129.636,24,1130.99,1112.05,2116,2113
1,5,37,RSA-SHA512_signed-by_RSA-SHA3-224,RSA-SHA512_signed-by_RSA-SHA3-224,16.671,2509.19,1075.85,1,12,0.8,121.2,15,1132.38,1116.32,2116,2113
1,2,38,RSA-SHA512_signed-by_RSA-SHA3-224,RSA-SHA512_signed-by_RSA-SHA3-224,12.581,3324.96,1053,1,0,0,129.636,24,1151.14,1089.03,2116,2113
1,6,41,RSA-SHA512_signed-by_RSA-SHA3-224,RSA-SHA512_signed-by_RSA-SHA3-224,12.467,3355.36,1042.09,1,0,0,138.8,9,1104.66,1099.92,2116,2113
1,8,38,RSA-SHA512_signed-by_RSA-SHA3-224,RSA-SHA512_signed-by_RSA-SHA3-224,15.634,2675.64,1163.59,1,12,0.75,116,16,1136.42,1094.78,2116,2113
1,7,40,RSA-SHA512_signed-by_RSA-SHA3-224,RSA-SHA512_signed-by_RSA-SHA3-224,15.705,2663.54,1585.18,1,22,1.375,186.5,16,1138.68,1120.27,2116,2113
1,3,39,RSA-SHA512_signed-by_RSA-SHA3-224,RSA-SHA512_signed-by_RSA-SHA3-224,19,2201.57,1183.94,1,14,0.777778,138.222,24,1138.08,1112.89,2116,2113
1,1,39,RSA-SHA512_signed-by_RSA-SHA3-224,RSA-SHA512_signed-by_RSA-SHA3-224,14.46,2892.84,916.148,1,4,0.363636,136.182,24,1126.21,1112.72,2116,2113
1,6,42,RSA-SHA512_signed-by_RSA-SHA3-224,RSA-SHA512_signed-by_RSA-SHA3-224,11.376,3677.15,1164.54,1,0,0,129.636,9,1136.3,1097.71,2116,2113
1,7,41,RSA-SHA512_signed-by_RSA-SHA3-224,RSA-SHA512_signed-by_RSA-SHA3-224,13.088,3196.13,1012.2,1,0,0,129.636,16,1109.98,1113.31,2116,2113
1,5,38,RSA-SHA512_signed-by_RSA-SHA3-224,RSA-SHA512_signed-by_RSA-SHA3-224,17.282,2420.46,902.64,1,3,0.2,182,15,1126.74,1127.37,2116,2113
1,8,39,RSA-SHA512_signed-by_RSA-SHA3-224,RSA-SHA512_signed-by_RSA-SHA3-224,15.608,2680.08,1041.48,1,11,0.6875,174,16,1137.74,1201.76,2116,2113
1,2,39,RSA-SHA512_signed-by_RSA-SHA3-224,RSA-SHA512_signed-by_RSA-SHA3-224,21.099,1982.65,1201.19,1,23,1.27778,170,24,1141.22,1109.28,2116,2113
1,3,40,RSA-SHA512_signed-by_RSA-SHA3-224,RSA-SHA512_signed-by_RSA-SHA3-224,12.891,3245.04,1007.83,1,0,0,163.2,24,1146.81,1103.82,2116,2113
1,6,43,RSA-SHA512_signed-by_RSA-SHA3-224,RSA-SHA512_signed-by_RSA-SHA3-224,13.314,3141.93,975.807,0.3,0,0,138.8,9,1131.36,1113.35,2116,2113
1,1,40,RSA-SHA512_signed-by_RSA-SHA3-224,RSA-SHA512_signed-by_RSA-SHA3-224,16.1,2598.21,1468.79,0.571429,21,1,247.524,24,1126.65,1202.63,2116,2113
1,7,42,RSA-SHA512_signed-by_RSA-SHA3-224,RSA-SHA512_signed-by_RSA-SHA3-224,12.134,3447.22,1070.62,0.8,0,0,138.8,16,1133.23,1112.74,2116,2113
1,8,40,RSA-SHA512_signed-by_RSA-SHA3-224,RSA-SHA512_signed-by_RSA-SHA3-224,11.258,3715.44,1345.77,0.384615,0,0,204.154,16,1104.42,1091.88,2116,2113
1,5,39,RSA-SHA512_signed-by_RSA-SHA3-224,RSA-SHA512_signed-by_RSA-SHA3-224,13.957,2997.16,930.846,0.8,0,0,138.8,15,1136.01,1129.78,2116,2113
1,2,40,RSA-SHA512_signed-by_RSA-SHA3-224,RSA-SHA512_signed-by_RSA-SHA3-224,11.341,3688.25,1145.48,0.6,0,0,138.8,24,1129.13,1108.88,2116,2113
1,7,43,RSA-SHA512_signed-by_RSA-SHA3-224,RSA-SHA512_signed-by_RSA-SHA3-224,8.952,4672.41,1451.14,0.2,0,0,138.8,16,1110.36,1105.31,2116,2113
1,3,41,RSA-SHA512_signed-by_RSA-SHA3-224,RSA-SHA512_signed-by_RSA-SHA3-224,14.684,2848.72,951.206,0.583333,1,0.0833333,138.667,24,1133.79,1094.92,2116,2113
1,8,41,RSA-SHA512_signed-by_RSA-SHA3-224,RSA-SHA512_signed-by_RSA-SHA3-224,10.026,4172.3,1295.82,0.7,4,0.4,146,16,1141.03,1114.49,2116,2113
1,1,41,RSA-SHA512_signed-by_RSA-SHA3-224,RSA-SHA512_signed-by_RSA-SHA3-224,12.407,3371.56,1526.84,1,11,0.846154,165.385,24,1133.44,1206.17,2116,2113
1,5,40,RSA-SHA512_signed-by_RSA-SHA3-224,RSA-SHA512_signed-by_RSA-SHA3-224,10.941,3823.37,990.024,1,0,0,164.857,15,1158.05,1114.1,2116,2113
1,6,44,RSA-SHA512_signed-by_RSA-SHA3-224,RSA-SHA512_signed-by_RSA-SHA3-224,22.604,1850.57,1056.76,1,19,1.05556,143.333,9,1127.1,1107.15,2116,2113
1,5,41,RSA-SHA512_signed-by_RSA-SHA3-224,RSA-SHA512_signed-by_RSA-SHA3-224,8.507,4917.09,1811.11,0.5,0,0,192.286,15,1133.95,1105.28,2116,2113
1,2,41,RSA-SHA512_signed-by_RSA-SHA3-224,RSA-SHA512_signed-by_RSA-SHA3-224,18.099,2311.23,753.172,1,6,0.461538,115.538,24,1110.79,1111.01,2116,2113
1,7,44,RSA-SHA512_signed-by_RSA-SHA3-224,RSA-SHA512_signed-by_RSA-SHA3-224,16.831,2485.39,783.31,1,7,0.636364,129.636,16,1162.74,1106.88,2116,2113
1,1,42,RSA-SHA512_signed-by_RSA-SHA3-224,RSA-SHA512_signed-by_RSA-SHA3-224,15.798,2647.77,838.537,1,0,0,129.636,24,1131.6,1109.2,2116,2113
1,8,42,RSA-SHA512_signed-by_RSA-SHA3-224,RSA-SHA512_signed-by_RSA-SHA3-224,18.979,2204.1,1110.27,1,11,0.55,158.8,16,1125.78,1108.92,2116,2113
1,3,42,RSA-SHA512_signed-by_RSA-SHA3-224,RSA-SHA512_signed-by_RSA-SHA3-224,23.864,1752.89,812.584,1,12,0.8,172.133,24,1152.05,1106.62,2116,2113
1,6,45,RSA-SHA512_signed-by_RSA-SHA3-224,RSA-SHA512_signed-by_RSA-SHA3-224,15.199,2752.25,871.625,1,0,0,129.636,9,1131.87,1207.71,2116,2113
1,5,42,RSA-SHA512_signed-by_RSA-SHA3-224,RSA-SHA512_signed-by_RSA-SHA3-224,15.777,2651.41,1204.77,1,2,0.153846,130.308,15,1105.42,1117.68,2116,2113
1,7,45,RSA-SHA512_signed-by_RSA-SHA3-224,RSA-SHA512_signed-by_RSA-SHA3-224,13.923,3004.48,1088.26,1,0,0,204.154,16,1115.28,1114.38,2116,2113
1,2,42,RSA-SHA512_signed-by_RSA-SHA3-224,RSA-SHA512_signed-by_RSA-SHA3-224,17.296,2418.53,1356.12,1,24,1.2,280,24,1133.95,1115.67,2116,2113
1,1,43,RSA-SHA512_signed-by_RSA-SHA3-224,RSA-SHA512_signed-by_RSA-SHA3-224,14.901,2807.26,1603.08,0.944444,19,1.05556,143.333,24,1136.94,1126.81,2116,2113
1,8,43,RSA-SHA512_signed-by_RSA-SHA3-224,RSA-SHA512_signed-by_RSA-SHA3-224,13.718,3049.36,965.719,1,0,0,129.636,16,1110.82,1091.99,2116,2113
1,3,43,RSA-SHA512_signed-by_RSA-SHA3-224,RSA-SHA512_signed-by_RSA-SHA3-224,11.943,3502.59,1087.82,1,4,0.4,163.2,24,1135.35,1109.76,2116,2113
1,6,46,RSA-SHA512_signed-by_RSA-SHA3-224,RSA-SHA512_signed-by_RSA-SHA3-224,11.074,3777.47,1173.19,1,4,0.4,138.8,9,1136.2,1098.7,2116,2113
1,5,43,RSA-SHA512_signed-by_RSA-SHA3-224,RSA-SHA512_signed-by_RSA-SHA3-224,10.099,4141.81,1286.35,1,0,0,138.8,15,1127.5,1103.36,2116,2113
1,1,44,RSA-SHA512_signed-by_RSA-SHA3-224,RSA-SHA512_signed-by_RSA-SHA3-224,12.861,3252.56,1030.07,1,0,0,129.636,24,1139.62,1112.83,2116,2113
1,8,44,RSA-SHA512_signed-by_RSA-SHA3-224,RSA-SHA512_signed-by_RSA-SHA3-224,13.326,3139.05,994.122,1,0,0,129.636,16,1134.32,1202.6,2116,2113
1,7,46,RSA-SHA512_signed-by_RSA-SHA3-224,RSA-SHA512_signed-by_RSA-SHA3-224,20.515,2039,1225.97,1,22,1.29412,177.765,16,1104.58,1104.68,2116,2113
1,6,47,RSA-SHA512_signed-by_RSA-SHA3-224,RSA-SHA512_signed-by_RSA-SHA3-224,14.753,2835.44,1040.04,1,3,0.214286,192.286,9,1616.24,1585.17,2116,2113
1,3,44,RSA-SHA512_signed-by_RSA-SHA3-224,RSA-SHA512_signed-by_RSA-SHA3-224,15.824,2643.52,969.644,1,3,0.214286,229.714,24,1134.95,1094.46,2116,2113
1,2,43,RSA-SHA512_signed-by_RSA-SHA3-224,RSA-SHA512_signed-by_RSA-SHA3-224,22.341,1872.35,1776.03,1,54,1.6875,301.75,24,1106.12,1090.82,2116,2113
1,5,44,RSA-SHA512_signed-by_RSA-SHA3-224,RSA-SHA512_signed-by_RSA-SHA3-224,16.618,2517.2,1425.89,1,18,1.05882,149.529,15,1134.44,1110.69,2116,2113
1,1,45,RSA-SHA512_signed-by_RSA-SHA3-224,RSA-SHA512_signed-by_RSA-SHA3-224,14.473,2890.32,748.42,1,0,0,164.857,24,1129.95,1098.88,2116,2113
1,8,45,RSA-SHA512_signed-by_RSA-SHA3-224,RSA-SHA512_signed-by_RSA-SHA3-224,14.43,2898.92,900.334,1,0,0,138.8,16,1129.75,1106.26,2116,2113
1,7,47,RSA-SHA512_signed-by_RSA-SHA3-224,RSA-SHA512_signed-by_RSA-SHA3-224,13.137,3184.26,1027.93,1,0,0,122,16,1602.62,1600.99,2116,2113
1,2,44,RSA-SHA512_signed-by_RSA-SHA3-224,RSA-SHA512_signed-by_RSA-SHA3-224,12.607,3318.11,1217.08,1,7,0.5,118.571,24,1104.74,1111.11,2116,2113
1,3,45,RSA-SHA512_signed-by_RSA-SHA3-224,RSA-SHA512_signed-by_RSA-SHA3-224,14.958,2796.55,1042.89,1,7,0.466667,131.867,24,1133.3,1096.53,2116,2113
1,5,45,RSA-SHA512_signed-by_RSA-SHA3-224,RSA-SHA512_signed-by_RSA-SHA3-224,14.613,2862.55,1716.77,1,29,1.70588,177.765,15,1174.45,1127.37,2116,2113
1,6,48,RSA-SHA512_signed-by_RSA-SHA3-224,RSA-SHA512_signed-by_RSA-SHA3-224,18.862,2217.69,1330.02,1,23,1.35294,179.176,9,1177.33,1099.33,2116,2113
1,1,46,RSA-SHA512_signed-by_RSA-SHA3-224,RSA-SHA512_signed-by_RSA-SHA3-224,13.137,3184.18,1172.83,1,0,0,118.571,24,1154.44,1127.38,2116,2113
1,8,46,RSA-SHA512_signed-by_RSA-SHA3-224,RSA-SHA512_signed-by_RSA-SHA3-224,17.43,2399.87,842.638,1,2,0.153846,118,16,1106.68,1102.48,2116,2113
1,7,48,RSA-SHA512_signed-by_RSA-SHA3-224,RSA-SHA512_signed-by_RSA-SHA3-224,15.952,2622.24,814.402,1,0,0,164,16,1135.16,1101.45,2116,2113
1,2,45,RSA-SHA512_signed-by_RSA-SHA3-224,RSA-SHA512_signed-by_RSA-SHA3-224,15.173,2756.87,1169.39,1,7,0.5,127.143,24,1139.96,1088.45,2116,2113
1,5,46,RSA-SHA512_signed-by_RSA-SHA3-224,RSA-SHA512_signed-by_RSA-SHA3-224,14.851,2816.66,1515.79,1,14,0.636364,152.545,15,1142.4,1101.26,2116,2113
1,6,49,RSA-SHA512_signed-by_RSA-SHA3-224,RSA-SHA512_signed-by_RSA-SHA3-224,14.344,2916.22,1320.64,1,11,0.846154,165.385,9,1136.67,1098.64,2116,2113
1,1,47,RSA-SHA512_signed-by_RSA-SHA3-224,RSA-SHA512_signed-by_RSA-SHA3-224,18.052,2317.2,1063.55,1,11,0.785714,156.286,24,1609.84,1790.52,2116,2113
1,3,46,RSA-SHA512_signed-by_RSA-SHA3-224,RSA-SHA512_signed-by_RSA-SHA3-224,24.804,1686.46,1221.06,1,31,1.34783,168.261,24,1118.04,1102.42,2116,2113
1,8,47,RSA-SHA512_signed-by_RSA-SHA3-224,RSA-SHA512_signed-by_RSA-SHA3-224,14.139,2958.58,918.862,1,0,0,138.8,16,1605.07,1578.9,2116,2113
1,2,46,RSA-SHA512_signed-by_RSA-SHA3-224,RSA-SHA512_signed-by_RSA-SHA3-224,15.552,2689.75,851.83,1,0,0,129.636,24,1136.33,1103.92,2116,2113
1,6,50,RSA-SHA512_signed-by_RSA-SHA3-224,RSA-SHA512_signed-by_RSA-SHA3-224,12.251,3414.31,1060.4,1,4,0.4,138.8,9,1139.02,1098.21,2116,2113
1,7,49,RSA-SHA512_signed-by_RSA-SHA3-224,RSA-SHA512_signed-by_RSA-SHA3-224,18.724,2234.06,1045.89,1,17,1.0625,141.5,16,1139.48,1101.92,2116,2113
1,5,47,RSA-SHA512_signed-by_RSA-SHA3-224,RSA-SHA512_signed-by_RSA-SHA3-224,18.808,2224.09,1576.3,1,29,1.45,175.4,15,1623.79,1595.16,2116,2113
1,3,47,RSA-SHA512_signed-by_RSA-SHA3-224,RSA-SHA512_signed-by_RSA-SHA3-224,11.855,3528.64,1095.91,1,0,0,163.2,24,1674.15,1570.51,2116,2113
1,1,48,RSA-SHA512_signed-by_RSA-SHA3-224,RSA-SHA512_signed-by_RSA-SHA3-224,13.374,3127.81,971.42,1,0,0,138.8,24,1137.79,1093.24,2116,2113
1,8,48,RSA-SHA512_signed-by_RSA-SHA3-224,RSA-SHA512_signed-by_RSA-SHA3-224,15.843,2640.35,820.028,0.8,0,0,138.8,16,1118.66,1104.72,2116,2113
1,6,51,RSA-SHA512_signed-by_RSA-SHA3-224,RSA-SHA512_signed-by_RSA-SHA3-224,12.8,3268.1,1198.74,0,3,0.214286,192.286,9,1139.34,1100.1,2116,2113
1,7,50,RSA-SHA512_signed-by_RSA-SHA3-224,RSA-SHA512_signed-by_RSA-SHA3-224,12.691,3296.18,1209.04,0.428571,3,0.214286,192.286,16,1152.72,1099.31,2116,2113
1,2,47,RSA-SHA512_signed-by_RSA-SHA3-224,RSA-SHA512_signed-by_RSA-SHA3-224,16.856,2481.67,1135.24,1,18,1.28571,156.286,24,1611.98,1590.19,2116,2113
1,1,49,RSA-SHA512_signed-by_RSA-SHA3-224,RSA-SHA512_signed-by_RSA-SHA3-224,14.413,2902.31,1231.08,1,7,0.5,127.143,24,1127.32,1110.04,2116,2113
1,3,48,RSA-SHA512_signed-by_RSA-SHA3-224,RSA-SHA512_signed-by_RSA-SHA3-224,16.28,2569.45,1089.89,1,7,0.5,148,24,1131.57,1098.32,2116,2113
1,5,48,RSA-SHA512_signed-by_RSA-SHA3-224,RSA-SHA512_signed-by_RSA-SHA3-224,19.342,2162.66,1172.94,1,15,0.789474,123.263,15,1144.05,1108.86,2116,2113
1,8,49,RSA-SHA512_signed-by_RSA-SHA3-224,RSA-SHA512_signed-by_RSA-SHA3-224,14.547,2875.55,928.272,1,0,0,122,16,1133.4,1088.19,2116,2113
1,7,51,RSA-SHA512_signed-by_RSA-SHA3-224,RSA-SHA512_signed-by_RSA-SHA3-224,13.494,3099.95,1403.84,1,11,0.846154,165.385,16,1141.08,1122.45,2116,2113
1,2,48,RSA-SHA512_signed-by_RSA-SHA3-224,RSA-SHA512_signed-by_RSA-SHA3-224,13.563,3084.18,1715.2,0.421053,17,0.894737,256.947,24,1125.83,1145.73,2116,2113
1,6,52,RSA-SHA512_signed-by_RSA-SHA3-224,RSA-SHA512_signed-by_RSA-SHA3-224,18.309,2284.67,1045.12,1,12,0.857143,156.286,9,1148.69,1112.45,2116,2113
1,1,50,RSA-SHA512_signed-by_RSA-SHA3-224,RSA-SHA512_signed-by_RSA-SHA3-224,12.725,3287.33,1020.97,0.9,4,0.4,138.8,24,1119.08,1106.02,2116,2113
1,3,49,RSA-SHA512_signed-by_RSA-SHA3-224,RSA-SHA512_signed-by_RSA-SHA3-224,12.314,3397.06,1246.04,0.642857,7,0.5,138.571,24,1135.75,1102.64,2116,2113
1,5,49,RSA-SHA512_signed-by_RSA-SHA3-224,RSA-SHA512_signed-by_RSA-SHA3-224,11.585,3610.83,1143.53,1,0,0,139.455,15,1130.41,1106.43,2116,2113
1,8,50,RSA-SHA512_signed-by_RSA-SHA3-224,RSA-SHA512_signed-by_RSA-SHA3-224,11.322,3694.7,1147.49,1,4,0.4,138.8,16,1126.75,1110.93,2116,2113
1,7,52,RSA-SHA512_signed-by_RSA-SHA3-224,RSA-SHA512_signed-by_RSA-SHA3-224,14.214,2942.92,914.001,1,0,0,138.8,16,1131.19,1110.13,2116,2113
1,2,49,RSA-SHA512_signed-by_RSA-SHA3-224,RSA-SHA512_signed-by_RSA-SHA3-224,13.5,3098.58,1314.33,1,11,0.785714,127.143,24,1100.58,1090.79,2116,2113
1,6,53,RSA-SHA512_signed-by_RSA-SHA3-224,RSA-SHA512_signed-by_RSA-SHA3-224,12.843,3257.12,1031.52,1,0,0,129.636,9,1139.47,1112.64,2116,2113
1,1,51,RSA-SHA512_signed-by_RSA-SHA3-224,RSA-SHA512_signed-by_RSA-SHA3-224,10.471,3995.03,1465.38,0.642857,3,0.214286,192.286,24,1128.99,1100.79,2116,2113
1,5,50,RSA-SHA512_signed-by_RSA-SHA3-224,RSA-SHA512_signed-by_RSA-SHA3-224,10.193,4103.61,1274.48,1,4,0.4,146,15,1133.88,1270.01,2116,2113
1,8,51,RSA-SHA512_signed-by_RSA-SHA3-224,RSA-SHA512_signed-by_RSA-SHA3-224,11.316,3696.67,1355.94,0.785714,3,0.214286,192.286,16,1138.72,1108.18,2116,2113
1,3,50,RSA-SHA512_signed-by_RSA-SHA3-224,RSA-SHA512_signed-by_RSA-SHA3-224,15.707,2663.17,1129.65,1,7,0.5,148,24,1126.37,1112.29,2116,2113
1,7,53,RSA-SHA512_signed-by_RSA-SHA3-224,RSA-SHA512_signed-by_RSA-SHA3-224,13.593,3077.36,1128.78,1,11,0.785714,118.571,16,1108.92,1113.83,2116,2113
1,2,50,RSA-SHA512_signed-by_RSA-SHA3-224,RSA-SHA512_signed-by_RSA-SHA3-224,13.588,3078.5,1129.2,1,3,0.214286,192.286,24,1125.21,1094.54,2116,2113
1,6,54,RSA-SHA512_signed-by_RSA-SHA3-224,RSA-SHA512_signed-by_RSA-SHA3-224,14.18,2949.96,1251.29,1,7,0.5,127.143,9,1127.39,1115.35,2116,2113
1,5,51,RSA-SHA512_signed-by_RSA-SHA3-224,RSA-SHA512_signed-by_RSA-SHA3-224,13.107,3191.49,1190.17,1,3,0.2,182,15,1131.16,1097.37,2116,2113
1,8,52,RSA-SHA512_signed-by_RSA-SHA3-224,RSA-SHA512_signed-by_RSA-SHA3-224,12.381,3378.64,1720.01,1,18,1.05882,142.471,16,1151.01,1089.36,2116,2113
1,3,51,RSA-SHA512_signed-by_RSA-SHA3-224,RSA-SHA512_signed-by_RSA-SHA3-224,14.941,2799.7,869.519,1,0,0,163.2,24,1105.42,1110.72,2116,2113
1,7,54,RSA-SHA512_signed-by_RSA-SHA3-224,RSA-SHA512_signed-by_RSA-SHA3-224,13.658,3062.73,1142.15,1,3,0.2,195.333,16,1131.09,1113.38,2116,2113
1,2,51,RSA-SHA512_signed-by_RSA-SHA3-224,RSA-SHA512_signed-by_RSA-SHA3-224,13.056,3203.96,995.071,1,4,0.4,138.8,24,1131.53,1098.31,2116,2113
1,6,55,RSA-SHA512_signed-by_RSA-SHA3-224,RSA-SHA512_signed-by_RSA-SHA3-224,12.893,3244.48,1027.51,1,0,0,129.636,9,1138.11,1109.72,2116,2113
1,1,52,RSA-SHA512_signed-by_RSA-SHA3-224,RSA-SHA512_signed-by_RSA-SHA3-224,27.237,1535.81,1351.06,1,44,2,227.818,24,1131.83,1090.84,2116,2113
1,3,52,RSA-SHA512_signed-by_RSA-SHA3-224,RSA-SHA512_signed-by_RSA-SHA3-224,10.715,3904.03,2341.37,1,29,1.70588,239.176,24,1139.13,1149.58,2116,2113
1,7,55,RSA-SHA512_signed-by_RSA-SHA3-224,RSA-SHA512_signed-by_RSA-SHA3-224,9.914,4219.07,1355.53,1,7,0.583333,128,16,1124.49,1119.77,2116,2113
1,6,56,RSA-SHA512_signed-by_RSA-SHA3-224,RSA-SHA512_signed-by_RSA-SHA3-224,9.71,4308.14,1415.45,1,1,0.0909091,131.091,9,1134.92,1112.42,2116,2113
1,5,52,RSA-SHA512_signed-by_RSA-SHA3-224,RSA-SHA512_signed-by_RSA-SHA3-224,21.572,1939.16,1051.72,1,15,0.789474,117.579,15,1128.09,1102.89,2116,2113
1,1,53,RSA-SHA512_signed-by_RSA-SHA3-224,RSA-SHA512_signed-by_RSA-SHA3-224,12.616,3315.72,1050.07,1,0,0,129.636,24,1138.75,1110.29,2116,2113
1,2,52,RSA-SHA512_signed-by_RSA-SHA3-224,RSA-SHA512_signed-by_RSA-SHA3-224,19.326,2164.44,803.851,1,4,0.266667,182,24,1131.09,1122.25,2116,2113
1,3,53,RSA-SHA512_signed-by_RSA-SHA3-224,RSA-SHA512_signed-by_RSA-SHA3-224,13.283,3149.21,1751.37,0.947368,21,1.10526,284.526,24,1126.47,1097.94,2116,2113
1,8,53,RSA-SHA512_signed-by_RSA-SHA3-224,RSA-SHA512_signed-by_RSA-SHA3-224,28.995,1442.69,634.021,1,9,0.529412,112.824,16,1125.72,1088.38,2116,2113
1,6,57,RSA-SHA512_signed-by_RSA-SHA3-224,RSA-SHA512_signed-by_RSA-SHA3-224,10.397,4023.1,1274.1,1,0,0,129.636,9,1137.27,1110.32,2116,2113
1,7,56,RSA-SHA512_signed-by_RSA-SHA3-224,RSA-SHA512_signed-by_RSA-SHA3-224,13.079,3198.37,1521.81,0.705882,7,0.411765,190.941,16,1139.11,1089.32,2116,2113
1,5,53,RSA-SHA512_signed-by_RSA-SHA3-224,RSA-SHA512_signed-by_RSA-SHA3-224,15.627,2676.82,831.356,1,0,0,138.8,15,1132.46,1136.97,2116,2113
1,8,54,RSA-SHA512_signed-by_RSA-SHA3-224,RSA-SHA512_signed-by_RSA-SHA3-224,9.966,4197.46,1303.63,1,0,0,171.2,16,1126.31,1108.13,2116,2113
1,6,58,RSA-SHA512_signed-by_RSA-SHA3-224,RSA-SHA512_signed-by_RSA-SHA3-224,10.222,4092.33,1296.02,1,0,0,129.636,9,1119.12,1100.76,2116,2113
1,7,57,RSA-SHA512_signed-by_RSA-SHA3-224,RSA-SHA512_signed-by_RSA-SHA3-224,10.95,3820.21,1730.02,1,11,0.846154,165.385,16,1135.82,1104.43,2116,2113
1,2,53,RSA-SHA512_signed-by_RSA-SHA3-224,RSA-SHA512_signed-by_RSA-SHA3-224,17.845,2344.1,1075.89,1,11,0.785714,156.286,24,1133.93,1102.9,2116,2113
1,3,54,RSA-SHA512_signed-by_RSA-SHA3-224,RSA-SHA512_signed-by_RSA-SHA3-224,17.845,2344.1,1136.86,1,11,0.578947,194.421,24,1139.65,1098.69,2116,2113
1,1,54,RSA-SHA512_signed-by_RSA-SHA3-224,RSA-SHA512_signed-by_RSA-SHA3-224,23.974,1744.86,959.692,1,14,0.7,114.2,24,1123.23,1089.69,2116,2113
1,5,54,RSA-SHA512_signed-by_RSA-SHA3-224,RSA-SHA512_signed-by_RSA-SHA3-224,16.699,2504.97,1145.9,1,18,1.28571,156.286,15,1137.51,1118.7,2116,2113
1,8,55,RSA-SHA512_signed-by_RSA-SHA3-224,RSA-SHA512_signed-by_RSA-SHA3-224,16.479,2538.43,1165.09,1,11,0.785714,156.286,16,1133.73,1114.82,2116,2113
1,6,59,RSA-SHA512_signed-by_RSA-SHA3-224,RSA-SHA512_signed-by_RSA-SHA3-224,17.327,2414.18,1024.03,1,7,0.5,127.143,9,1120.84,1103.45,2116,2113
1,7,58,RSA-SHA512_signed-by_RSA-SHA3-224,RSA-SHA512_signed-by_RSA-SHA3-224,17.163,2437.26,1033.82,1,11,0.785714,127.143,16,1134.7,1091.17,2116,2113
1,2,54,RSA-SHA512_signed-by_RSA-SHA3-224,RSA-SHA512_signed-by_RSA-SHA3-224,13.92,3005.12,1274.69,1,7,0.5,127.143,24,1125.91,1101.34,2116,2113
1,3,55,RSA-SHA512_signed-by_RSA-SHA3-224,RSA-SHA512_signed-by_RSA-SHA3-224,16.689,2506.49,1135.09,1,11,0.846154,196.462,24,1125.78,1104.27,2116,2113
1,1,55,RSA-SHA512_signed-by_RSA-SHA3-224,RSA-SHA512_signed-by_RSA-SHA3-224,16.295,2567.1,797.279,1,0,0,138.8,24,1125.61,1114.12,2116,2113
1,5,55,RSA-SHA512_signed-by_RSA-SHA3-224,RSA-SHA512_signed-by_RSA-SHA3-224,13.675,3058.96,1126.71,0.214286,0,0,192.286,15,1131.3,1126.51,2116,2113
1,8,56,RSA-SHA512_signed-by_RSA-SHA3-224,RSA-SHA512_signed-by_RSA-SHA3-224,12.728,3286.59,1020.73,0.3,0,0,138.8,16,1121.41,1107.66,2116,2113
1,6,60,RSA-SHA512_signed-by_RSA-SHA3-224,RSA-SHA512_signed-by_RSA-SHA3-224,11.892,3517.39,1092.41,0,0,0,234.8,9,1130.18,1095.55,2116,2113
1,7,59,RSA-SHA512_signed-by_RSA-SHA3-224,RSA-SHA512_signed-by_RSA-SHA3-224,11.731,3565.66,1307.89,0.214286,3,0.214286,192.286,16,1184.81,1099.76,2116,2113
1,2,55,RSA-SHA512_signed-by_RSA-SHA3-224,RSA-SHA512_signed-by_RSA-SHA3-224,13.43,3114.8,967.381,0.3,0,0,138.8,24,1137.34,1109.92,2116,2113
1,3,56,RSA-SHA512_signed-by_RSA-SHA3-224,RSA-SHA512_signed-by_RSA-SHA3-224,12.253,3414.01,1060.31,0.3,0,0,163.2,24,1148.89,1112.25,2116,2113
1,1,56,RSA-SHA512_signed-by_RSA-SHA3-224,RSA-SHA512_signed-by_RSA-SHA3-224,13.105,3192.02,1189.15,0.818182,7,0.636364,140.545,24,1132.3,1109.77,2116,2113
1,5,56,RSA-SHA512_signed-by_RSA-SHA3-224,RSA-SHA512_signed-by_RSA-SHA3-224,11.39,3672.37,1347.03,0.642857,7,0.5,118.571,15,1141.04,1111.53,2116,2113
1,8,57,RSA-SHA512_signed-by_RSA-SHA3-224,RSA-SHA512_signed-by_RSA-SHA3-224,10.99,3806.04,1182.06,1,0,0,138.8,16,1124.73,1116.07,2116,2113
1,6,61,RSA-SHA512_signed-by_RSA-SHA3-224,RSA-SHA512_signed-by_RSA-SHA3-224,13.859,3018.33,937.421,1,0,0,138.8,9,1115.67,1108.98,2116,2113
1,7,60,RSA-SHA512_signed-by_RSA-SHA3-224,RSA-SHA512_signed-by_RSA-SHA3-224,14.078,2971.38,1260.38,1,7,0.5,127.143,16,1137.16,1091.13,2116,2113
1,2,56,RSA-SHA512_signed-by_RSA-SHA3-224,RSA-SHA512_signed-by_RSA-SHA3-224,14.801,2826.23,895.053,1,0,0,129.636,24,1145.98,1100.99,2116,2113
1,3,57,RSA-SHA512_signed-by_RSA-SHA3-224,RSA-SHA512_signed-by_RSA-SHA3-224,13.434,3113.84,967.084,1,0,0,163.2,24,1118.67,1120.58,2116,2113
1,1,57,RSA-SHA512_signed-by_RSA-SHA3-224,RSA-SHA512_signed-by_RSA-SHA3-224,13.048,3205.97,1525.42,0.764706,7,0.411765,179.176,24,1131.87,1099.09,2116,2113
1,5,57,RSA-SHA512_signed-by_RSA-SHA3-224,RSA-SHA512_signed-by_RSA-SHA3-224,13.096,3194.22,1466.08,0.928571,11,0.785714,156.286,15,1129.35,1110.55,2116,2113
1,8,58,RSA-SHA512_signed-by_RSA-SHA3-224,RSA-SHA512_signed-by_RSA-SHA3-224,16.39,2552.21,792.655,1,0,0,138.8,16,1124.42,1110.66,2116,2113
1,6,62,RSA-SHA512_signed-by_RSA-SHA3-224,RSA-SHA512_signed-by_RSA-SHA3-224,13.484,3102.3,963.499,1,0,0,138.8,9,1145.69,1097.64,2116,2113
1,7,61,RSA-SHA512_signed-by_RSA-SHA3-224,RSA-SHA512_signed-by_RSA-SHA3-224,17.297,2418.35,780.679,1,0,0,122,17,1139.82,1102.71,2116,2113
1,1,58,RSA-SHA512_signed-by_RSA-SHA3-224,RSA-SHA512_signed-by_RSA-SHA3-224,12.499,3346.74,1059.9,1,4,0.363636,129.636,24,1133.5,1107.15,2116,2113
1,2,57,RSA-SHA512_signed-by_RSA-SHA3-224,RSA-SHA512_signed-by_RSA-SHA3-224,15.855,2638.3,1210.92,1,11,0.785714,156.286,24,1137.01,1104.76,2116,2113
1,5,58,RSA-SHA512_signed-by_RSA-SHA3-224,RSA-SHA512_signed-by_RSA-SHA3-224,15.435,2710.09,1227.29,1,11,0.846154,165.385,15,1102.11,1098.17,2116,2113
1,3,58,RSA-SHA512_signed-by_RSA-SHA3-224,RSA-SHA512_signed-by_RSA-SHA3-224,18.602,2248.68,1223.03,1,14,0.736842,132.947,24,1147.74,1112.82,2116,2113
1,6,63,RSA-SHA512_signed-by_RSA-SHA3-224,RSA-SHA512_signed-by_RSA-SHA3-224,12.695,3295.07,1023.37,1,0,0,138.8,9,1605.21,1597.42,2116,2113
1,8,59,RSA-SHA512_signed-by_RSA-SHA3-224,RSA-SHA512_signed-by_RSA-SHA3-224,13.788,3033.84,1286.87,1,7,0.5,127.143,16,1125.09,1106.91,2116,2113
1,7,62,RSA-SHA512_signed-by_RSA-SHA3-224,RSA-SHA512_signed-by_RSA-SHA3-224,12.187,3432.46,1081.79,1,4,0.363636,216.909,17,1108.12,1106.63,2116,2113
1,1,59,RSA-SHA512_signed-by_RSA-SHA3-224,RSA-SHA512_signed-by_RSA-SHA3-224,14.171,2951.88,1100.82,1,3,0.2,182,24,1131.01,1115.15,2116,2113
1,3,59,RSA-SHA512_signed-by_RSA-SHA3-224,RSA-SHA512_signed-by_RSA-SHA3-224,14.604,2864.35,902.745,1,5,0.454545,147.455,24,1123.61,1102.19,2116,2113
1,5,59,RSA-SHA512_signed-by_RSA-SHA3-224,RSA-SHA512_signed-by_RSA-SHA3-224,16.606,2519.02,782.345,1,1,0.1,138.8,15,1137.5,1108.35,2116,2113
1,8,60,RSA-SHA512_signed-by_RSA-SHA3-224,RSA-SHA512_signed-by_RSA-SHA3-224,13.971,2994.15,929.911,1,0,0,138.8,16,1137.16,1091.71,2116,2113
1,2,58,RSA-SHA512_signed-by_RSA-SHA3-224,RSA-SHA512_signed-by_RSA-SHA3-224,21.747,1923.5,1144.76,1,26,1.625,187.25,24,1125.13,1106.44,2116,2113
1,6,64,RSA-SHA512_signed-by_RSA-SHA3-224,RSA-SHA512_signed-by_RSA-SHA3-224,17.506,2389.52,1013.57,1,7,0.5,127.143,9,1136.95,1101.69,2116,2113
1,4,0,RSA-SHA512_signed-by_RSA-SHA3-224,RSA-SHA512_signed-by_RSA-SHA3-224,1029.11,40.6487,13.052,1,6,0.315789,167.368,24,1160.48,1149.87,2116,2113
1,1,60,RSA-SHA512_signed-by_RSA-SHA3-224,RSA-SHA512_signed-by_RSA-SHA3-224,20.202,2070.63,643.088,1,0,0,138.8,24,1132.07,1137.62,2116,2113
1,5,60,RSA-SHA512_signed-by_RSA-SHA3-224,RSA-SHA512_signed-by_RSA-SHA3-224,16.312,2564.46,840.597,1,0,0,162.364,15,1137.33,1112.2,2116,2113
1,8,61,RSA-SHA512_signed-by_RSA-SHA3-224,RSA-SHA512_signed-by_RSA-SHA3-224,19.425,2153.45,668.809,1,0,0,138.8,16,1167,1104.9,2116,2113
1,7,63,RSA-SHA512_signed-by_RSA-SHA3-224,RSA-SHA512_signed-by_RSA-SHA3-224,30.525,1370.4,768.409,1,21,1.05,379,17,1635.61,1602.36,2116,2113
1,6,65,RSA-SHA512_signed-by_RSA-SHA3-224,RSA-SHA512_signed-by_RSA-SHA3-224,18.437,2268.84,704.645,1,0,0,138.8,9,1187.19,1168.07,2116,2113
1,2,59,RSA-SHA512_signed-by_RSA-SHA3-224,RSA-SHA512_signed-by_RSA-SHA3-224,21.335,1960.65,1099.37,1,20,1,246,24,1134.64,1210.85,2116,2113
1,3,60,RSA-SHA512_signed-by_RSA-SHA3-224,RSA-SHA512_signed-by_RSA-SHA3-224,29.651,1410.79,825.592,1,20,0.833333,231.667,24,1128.2,1109.82,2116,2113
1,4,1,RSA-SHA512_signed-by_RSA-SHA3-224,RSA-SHA512_signed-by_RSA-SHA3-224,17.987,2325.6,722.274,1,0,0,163.2,24,1132.78,1099.13,2116,2113
1,5,61,RSA-SHA512_signed-by_RSA-SHA3-224,RSA-SHA512_signed-by_RSA-SHA3-224,17.076,2449.64,760.797,1,0,0,138.8,15,1120.73,1105.67,2116,2113
1,8,62,RSA-SHA512_signed-by_RSA-SHA3-224,RSA-SHA512_signed-by_RSA-SHA3-224,15.62,2678,982.292,1,7,0.5,118.571,16,1135.19,1112.3,2116,2113
1,1,61,RSA-SHA512_signed-by_RSA-SHA3-224,RSA-SHA512_signed-by_RSA-SHA3-224,22.489,1860.09,1752.3,1,43,1.48276,146.414,24,1151.46,1117.74,2116,2113
1,6,66,RSA-SHA512_signed-by_RSA-SHA3-224,RSA-SHA512_signed-by_RSA-SHA3-224,18.307,2284.93,709.643,1,0,0,138.8,9,1137.4,1107.65,2116,2113
1,7,64,RSA-SHA512_signed-by_RSA-SHA3-224,RSA-SHA512_signed-by_RSA-SHA3-224,20.672,2023.59,1030.18,1,18,1.05882,142.471,17,1155.19,1202.63,2116,2113
1,4,2,RSA-SHA512_signed-by_RSA-SHA3-224,RSA-SHA512_signed-by_RSA-SHA3-224,16.412,2548.76,807.182,0.545455,0,0,151.818,24,1102,1114.4,2116,2113
1,3,61,RSA-SHA512_signed-by_RSA-SHA3-224,RSA-SHA512_signed-by_RSA-SHA3-224,18.01,2322.61,721.347,0.6,0,0,138.8,24,1133.21,1104.76,2116,2113
1,2,60,RSA-SHA512_signed-by_RSA-SHA3-224,RSA-SHA512_signed-by_RSA-SHA3-224,23.722,1763.4,806.666,1,12,0.857143,156.286,24,1139.52,1201.63,2116,2113
1,5,62,RSA-SHA512_signed-by_RSA-SHA3-224,RSA-SHA512_signed-by_RSA-SHA3-224,15.253,2742.49,868.532,1,0,0,129.636,15,1131.37,1124.37,2116,2113
1,8,63,RSA-SHA512_signed-by_RSA-SHA3-224,RSA-SHA512_signed-by_RSA-SHA3-224,16.972,2464.7,765.475,0.8,0,0,138.8,16,1598.93,1588.82,2116,2113
1,1,62,RSA-SHA512_signed-by_RSA-SHA3-224,RSA-SHA512_signed-by_RSA-SHA3-224,16.555,2526.77,784.755,0.8,0,0,138.8,24,1102.8,1103.09,2116,2113
1,6,67,RSA-SHA512_signed-by_RSA-SHA3-224,RSA-SHA512_signed-by_RSA-SHA3-224,13.619,3071.54,953.947,0.9,0,0,138.8,10,1139.52,1089.62,2116,2113
1,7,65,RSA-SHA512_signed-by_RSA-SHA3-224,RSA-SHA512_signed-by_RSA-SHA3-224,16.472,2539.52,815.911,1,7,0.583333,122,17,1131.82,1117.73,2116,2113
1,2,61,RSA-SHA512_signed-by_RSA-SHA3-224,RSA-SHA512_signed-by_RSA-SHA3-224,13.66,3062.3,969.817,0.909091,0,0,129.636,24,1138.75,1116.62,2116,2113
1,3,62,RSA-SHA512_signed-by_RSA-SHA3-224,RSA-SHA512_signed-by_RSA-SHA3-224,17.741,2357.83,1014.56,1,7,0.466667,121.2,24,1100.44,1106.79,2116,2113
1,5,63,RSA-SHA512_signed-by_RSA-SHA3-224,RSA-SHA512_signed-by_RSA-SHA3-224,17.006,2459.75,763.94,1,0,0,138.8,15,1593.9,1577.7,2116,2113
1,4,3,RSA-SHA512_signed-by_RSA-SHA3-224,RSA-SHA512_signed-by_RSA-SHA3-224,20.036,2087.75,945.455,1,11,0.846154,196.462,24,1145.39,1091.81,2116,2113
1,8,64,RSA-SHA512_signed-by_RSA-SHA3-224,RSA-SHA512_signed-by_RSA-SHA3-224,14.111,2964.42,920.676,1,0,0,138.8,16,1128.77,1111.74,2116,2113
1,6,68,RSA-SHA512_signed-by_RSA-SHA3-224,RSA-SHA512_signed-by_RSA-SHA3-224,14.192,2947.5,1081.14,0.785714,7,0.5,122,10,1125.48,1157.54,2116,2113
1,1,63,RSA-SHA512_signed-by_RSA-SHA3-224,RSA-SHA512_signed-by_RSA-SHA3-224,19.1,2190.07,952.424,1,14,0.875,116,24,1577.97,1583.66,2116,2113
1,7,66,RSA-SHA512_signed-by_RSA-SHA3-224,RSA-SHA512_signed-by_RSA-SHA3-224,15.034,2782.4,1007.82,1,0,0,204.154,17,1168.34,1111.34,2116,2113
1,2,62,RSA-SHA512_signed-by_RSA-SHA3-224,RSA-SHA512_signed-by_RSA-SHA3-224,14.92,2803.67,870.752,1,0,0,138.8,24,1136.65,1117.74,2116,2113
1,3,63,RSA-SHA512_signed-by_RSA-SHA3-224,RSA-SHA512_signed-by_RSA-SHA3-224,16.83,2485.46,802.345,1,0,0,122,24,1599.98,1584.49,2116,2113
1,8,65,RSA-SHA512_signed-by_RSA-SHA3-224,RSA-SHA512_signed-by_RSA-SHA3-224,15.493,2699.95,1222.7,1,11,0.846154,165.385,16,1113.61,1112.16,2116,2113
1,6,69,RSA-SHA512_signed-by_RSA-SHA3-224,RSA-SHA512_signed-by_RSA-SHA3-224,15.133,2764.17,1029.76,1,7,0.636364,140.545,10,1140.25,1114.54,2116,2113
1,4,4,RSA-SHA512_signed-by_RSA-SHA3-224,RSA-SHA512_signed-by_RSA-SHA3-224,18.261,2290.67,867.381,1,7,0.583333,153.333,24,1137.6,1107.36,2116,2113
1,5,64,RSA-SHA512_signed-by_RSA-SHA3-224,RSA-SHA512_signed-by_RSA-SHA3-224,19.259,2171.96,1055.87,1,14,0.933333,130.8,15,1126.02,1088.73,2116,2113
1,1,64,RSA-SHA512_signed-by_RSA-SHA3-224,RSA-SHA512_signed-by_RSA-SHA3-224,15.814,2645.14,1118.96,1,14,0.777778,189.111,24,1161.03,1110.33,2116,2113
1,2,63,RSA-SHA512_signed-by_RSA-SHA3-224,RSA-SHA512_signed-by_RSA-SHA3-224,14.38,2908.98,1067.02,1,7,0.5,118.571,24,1608.32,1674.26,2116,2113
1,3,64,RSA-SHA512_signed-by_RSA-SHA3-224,RSA-SHA512_signed-by_RSA-SHA3-224,15.56,2688.3,834.921,1,0,0,138.8,24,1122.79,1107.89,2116,2113
1,7,67,RSA-SHA512_signed-by_RSA-SHA3-224,RSA-SHA512_signed-by_RSA-SHA3-224,24.365,1716.84,1216.79,1,29,1.45,168.8,17,1133.12,1087.52,2116,2113
1,8,66,RSA-SHA512_signed-by_RSA-SHA3-224,RSA-SHA512_signed-by_RSA-SHA3-224,17.236,2426.89,795.505,1,1,0.0909091,268.182,16,1118.6,1097.19,2116,2113
1,5,65,RSA-SHA512_signed-by_RSA-SHA3-224,RSA-SHA512_signed-by_RSA-SHA3-224,15.096,2770.95,1020.63,1,0,0,192.286,15,1132.67,1096.45,2116,2113
1,4,5,RSA-SHA512_signed-by_RSA-SHA3-224,RSA-SHA512_signed-by_RSA-SHA3-224,17.86,2342.1,1313.26,1,24,1.2,284.2,24,1150.14,1108.31,2116,2113
1,6,70,RSA-SHA512_signed-by_RSA-SHA3-224,RSA-SHA512_signed-by_RSA-SHA3-224,19.647,2129.07,1490.23,1,30,1.07143,197.286,10,1125.61,1121.09,2116,2113
1,2,64,RSA-SHA512_signed-by_RSA-SHA3-224,RSA-SHA512_signed-by_RSA-SHA3-224,14.277,2929.89,1326.83,1,11,0.846154,165.385,24,1150.59,1089.66,2116,2113
1,1,65,RSA-SHA512_signed-by_RSA-SHA3-224,RSA-SHA512_signed-by_RSA-SHA3-224,22.703,1842.54,1242.45,1,25,1.04167,231.333,24,1114.67,1108.46,2116,2113
1,7,68,RSA-SHA512_signed-by_RSA-SHA3-224,RSA-SHA512_signed-by_RSA-SHA3-224,13.951,2998.41,931.233,1,0,0,138.8,17,1131.97,1165.94,2116,2113
1,3,65,RSA-SHA512_signed-by_RSA-SHA3-224,RSA-SHA512_signed-by_RSA-SHA3-224,16.268,2571.33,814.329,1,0,0,129.636,24,1104.3,1152.11,2116,2113
1,8,67,RSA-SHA512_signed-by_RSA-SHA3-224,RSA-SHA512_signed-by_RSA-SHA3-224,14.261,2933.23,910.989,1,0,0,138.8,16,1114.46,1100.46,2116,2113
1,5,66,RSA-SHA512_signed-by_RSA-SHA3-224,RSA-SHA512_signed-by_RSA-SHA3-224,14.954,2797.28,724.33,1,0,0,164.857,15,1122.82,1089.77,2116,2113
1,4,6,RSA-SHA512_signed-by_RSA-SHA3-224,RSA-SHA512_signed-by_RSA-SHA3-224,15.232,2746.24,994.719,0.384615,0,0,242.615,24,1158.56,1123.32,2116,2113
1,2,65,RSA-SHA512_signed-by_RSA-SHA3-224,RSA-SHA512_signed-by_RSA-SHA3-224,14.429,2899.09,900.386,0.5,0,0,138.8,24,1148.11,1106.16,2116,2113
1,6,71,RSA-SHA512_signed-by_RSA-SHA3-224,RSA-SHA512_signed-by_RSA-SHA3-224,16.619,2517.04,1139.86,0.769231,11,0.846154,196.462,10,1130.31,1108.06,2116,2113
1,1,66,RSA-SHA512_signed-by_RSA-SHA3-224,RSA-SHA512_signed-by_RSA-SHA3-224,16.112,2596.26,822.224,0.727273,0,0,136.182,24,1137.47,1111.57,2116,2113
1,7,69,RSA-SHA512_signed-by_RSA-SHA3-224,RSA-SHA512_signed-by_RSA-SHA3-224,15.305,2733.18,848.86,0.8,0,0,138.8,17,1101.5,1098.68,2116,2113
1,3,66,RSA-SHA512_signed-by_RSA-SHA3-224,RSA-SHA512_signed-by_RSA-SHA3-224,15.543,2691.33,999.533,0.733333,11,0.733333,212.933,24,1135.27,1196.05,2116,2113
1,5,67,RSA-SHA512_signed-by_RSA-SHA3-224,RSA-SHA512_signed-by_RSA-SHA3-224,17.478,2393.35,881.545,0.785714,0,0,192.286,15,1134.53,1103.53,2116,2113
1,8,68,RSA-SHA512_signed-by_RSA-SHA3-224,RSA-SHA512_signed-by_RSA-SHA3-224,21.003,1991.66,618.561,1,0,0,138.8,17,1132.55,1116.15,2116,2113
1,2,66,RSA-SHA512_signed-by_RSA-SHA3-224,RSA-SHA512_signed-by_RSA-SHA3-224,16.684,2507.27,778.697,1,0,0,138.8,24,1171.76,1088.94,2116,2113
1,4,7,RSA-SHA512_signed-by_RSA-SHA3-224,RSA-SHA512_signed-by_RSA-SHA3-224,19.18,2180.97,987.671,1,11,0.846154,196.462,24,1132.26,1208.39,2116,2113
1,6,72,RSA-SHA512_signed-by_RSA-SHA3-224,RSA-SHA512_signed-by_RSA-SHA3-224,19.848,2107.56,680.351,1,0,0,142.333,10,1144.11,1108.2,2116,2113
1,1,67,RSA-SHA512_signed-by_RSA-SHA3-224,RSA-SHA512_signed-by_RSA-SHA3-224,18.924,2210.46,686.516,1,0,0,140,24,1136.97,1113.45,2116,2113
1,3,67,RSA-SHA512_signed-by_RSA-SHA3-224,RSA-SHA512_signed-by_RSA-SHA3-224,18.481,2263.45,1076.97,1,10,0.588235,205.059,24,1142.46,1104.32,2116,2113
1,2,67,RSA-SHA512_signed-by_RSA-SHA3-224,RSA-SHA512_signed-by_RSA-SHA3-224,12.473,3353.74,1062.12,1,0,0,307.455,24,1133.02,1135.05,2116,2113
1,8,69,RSA-SHA512_signed-by_RSA-SHA3-224,RSA-SHA512_signed-by_RSA-SHA3-224,14.589,2867.29,1706.44,1,22,1.375,186.5,17,1135.16,1101.67,2116,2113
1,7,70,RSA-SHA512_signed-by_RSA-SHA3-224,RSA-SHA512_signed-by_RSA-SHA3-224,24.728,1691.68,727.916,1,7,0.466667,121.2,17,1139.28,1110.37,2116,2113
1,4,8,RSA-SHA512_signed-by_RSA-SHA3-224,RSA-SHA512_signed-by_RSA-SHA3-224,16.772,2494.07,774.597,1,4,0.4,163.2,24,1135.08,1091.1,2116,2113
1,5,68,RSA-SHA512_signed-by_RSA-SHA3-224,RSA-SHA512_signed-by_RSA-SHA3-224,21.575,1938.83,722.289,1,7,0.636364,320.545,15,1133.51,1123.08,2116,2113
1,6,73,RSA-SHA512_signed-by_RSA-SHA3-224,RSA-SHA512_signed-by_RSA-SHA3-224,14.666,2852.24,1278.57,1,2,0.166667,162.333,10,1139.39,1092.54,2116,2113
1,3,68,RSA-SHA512_signed-by_RSA-SHA3-224,RSA-SHA512_signed-by_RSA-SHA3-224,14.397,2905.55,1065.76,1,7,0.5,118.571,24,1133.72,1106.14,2116,2113
1,2,68,RSA-SHA512_signed-by_RSA-SHA3-224,RSA-SHA512_signed-by_RSA-SHA3-224,17.846,2343.96,742.321,1,0,0,129.636,24,1131.33,1106.37,2116,2113
1,7,71,RSA-SHA512_signed-by_RSA-SHA3-224,RSA-SHA512_signed-by_RSA-SHA3-224,14.672,2851.06,1278.04,1,4,0.333333,173.333,17,1145.5,1123.06,2116,2113
1,5,69,RSA-SHA512_signed-by_RSA-SHA3-224,RSA-SHA512_signed-by_RSA-SHA3-224,13.386,3124.98,1151.02,1,0,0,192.286,15,1128.47,1100.81,2116,2113
1,1,68,RSA-SHA512_signed-by_RSA-SHA3-224,RSA-SHA512_signed-by_RSA-SHA3-224,22.766,1837.46,1093.55,1,22,1.375,193.25,24,1132.82,1095.07,2116,2113
1,6,74,RSA-SHA512_signed-by_RSA-SHA3-224,RSA-SHA512_signed-by_RSA-SHA3-224,14.797,2826.97,1280.22,1,15,1.15385,196.462,10,1125.8,1142.74,2116,2113
1,4,9,RSA-SHA512_signed-by_RSA-SHA3-224,RSA-SHA512_signed-by_RSA-SHA3-224,19.598,2134.41,805.76,1,4,0.25,202.75,24,1140.59,1114.9,2116,2113
1,8,70,RSA-SHA512_signed-by_RSA-SHA3-224,RSA-SHA512_signed-by_RSA-SHA3-224,26.074,1604.33,962.169,1,27,1.58824,177.765,17,1129.88,1114.52,2116,2113
1,3,69,RSA-SHA512_signed-by_RSA-SHA3-224,RSA-SHA512_signed-by_RSA-SHA3-224,17.407,2403.07,746.334,1,0,0,138.8,24,1139.75,1113.03,2116,2113
1,5,70,RSA-SHA512_signed-by_RSA-SHA3-224,RSA-SHA512_signed-by_RSA-SHA3-224,12.802,3267.56,1014.83,1,0,0,138.8,15,1112.74,1089.1,2116,2113
1,7,72,RSA-SHA512_signed-by_RSA-SHA3-224,RSA-SHA512_signed-by_RSA-SHA3-224,15.128,2765.13,1283.94,1,11,0.6875,166.25,17,1107.96,1102.6,2116,2113
1,2,69,RSA-SHA512_signed-by_RSA-SHA3-224,RSA-SHA512_signed-by_RSA-SHA3-224,17.879,2339.66,1073.85,1,11,0.785714,156.286,24,1129.55,1112.38,2116,2113
1,1,69,RSA-SHA512_signed-by_RSA-SHA3-224,RSA-SHA512_signed-by_RSA-SHA3-224,16.348,2558.79,794.697,1,4,0.4,149.6,24,1102.17,1144.65,2116,2113
1,6,75,RSA-SHA512_signed-by_RSA-SHA3-224,RSA-SHA512_signed-by_RSA-SHA3-224,16.914,2473.15,907.151,1,3,0.214286,258,10,1135.51,1100.92,2116,2113
1,3,70,RSA-SHA512_signed-by_RSA-SHA3-224,RSA-SHA512_signed-by_RSA-SHA3-224,14.286,2928.1,922.837,1,7,0.636364,129.636,24,1130.28,1108.87,2116,2113
1,4,10,RSA-SHA512_signed-by_RSA-SHA3-224,RSA-SHA512_signed-by_RSA-SHA3-224,21.719,1926.04,1263.4,1,22,0.956522,122,24,1126.63,1092.77,2116,2113
1,5,71,RSA-SHA512_signed-by_RSA-SHA3-224,RSA-SHA512_signed-by_RSA-SHA3-224,15.732,2658.94,842.075,1,0,0,129.636,15,1105.16,1093.5,2116,2113
1,7,73,RSA-SHA512_signed-by_RSA-SHA3-224,RSA-SHA512_signed-by_RSA-SHA3-224,15.293,2735.28,849.512,1,0,0,163.2,17,1133.01,1094.32,2116,2113
1,2,70,RSA-SHA512_signed-by_RSA-SHA3-224,RSA-SHA512_signed-by_RSA-SHA3-224,14.891,2809.12,872.443,0.9,0,0,138.8,24,1123.77,1096.29,2116,2113
1,1,70,RSA-SHA512_signed-by_RSA-SHA3-224,RSA-SHA512_signed-by_RSA-SHA3-224,14.786,2829.06,1359.08,0.5,10,0.555556,185.778,24,1113.47,1105.92,2116,2113
1,8,71,RSA-SHA512_signed-by_RSA-SHA3-224,RSA-SHA512_signed-by_RSA-SHA3-224,25.743,1624.95,603.492,1,4,0.266667,197.733,17,1135.53,1102.09,2116,2113
1,6,76,RSA-SHA512_signed-by_RSA-SHA3-224,RSA-SHA512_signed-by_RSA-SHA3-224,15.526,2694.22,1142.82,0.428571,7,0.5,145.429,10,1132.45,1106.27,2116,2113
1,3,71,RSA-SHA512_signed-by_RSA-SHA3-224,RSA-SHA512_signed-by_RSA-SHA3-224,16.713,2502.89,937.207,0.466667,0,0,182,24,1141.44,1110.53,2116,2113
1,4,11,RSA-SHA512_signed-by_RSA-SHA3-224,RSA-SHA512_signed-by_RSA-SHA3-224,16.73,2500.35,776.549,1,0,0,149.6,24,1151.78,1098.55,2116,2113
1,5,72,RSA-SHA512_signed-by_RSA-SHA3-224,RSA-SHA512_signed-by_RSA-SHA3-224,17.13,2441.96,788.303,1,0,0,122,15,1131.87,1108.84,2116,2113
1,7,74,RSA-SHA512_signed-by_RSA-SHA3-224,RSA-SHA512_signed-by_RSA-SHA3-224,16.556,2526.63,784.71,1,4,0.4,163.2,17,1119.03,1115.66,2116,2113
1,2,71,RSA-SHA512_signed-by_RSA-SHA3-224,RSA-SHA512_signed-by_RSA-SHA3-224,15.71,2662.7,843.264,1,0,0,129.636,24,1130.82,1101.93,2116,2113
1,8,72,RSA-SHA512_signed-by_RSA-SHA3-224,RSA-SHA512_signed-by_RSA-SHA3-224,15.25,2743.03,851.918,1,0,0,342.8,17,1165.73,1104.88,2116,2113
1,6,77,RSA-SHA512_signed-by_RSA-SHA3-224,RSA-SHA512_signed-by_RSA-SHA3-224,15.139,2763.14,870.846,1,5,0.454545,129.636,10,1137.06,1108.69,2116,2113
1,8,73,RSA-SHA512_signed-by_RSA-SHA3-224,RSA-SHA512_signed-by_RSA-SHA3-224,5.161,8104.26,2516.99,1,0,0,149.6,17,1139.07,1131.68,2116,2113
1,2,72,RSA-SHA512_signed-by_RSA-SHA3-224,RSA-SHA512_signed-by_RSA-SHA3-224,9.828,4256.27,1831.44,1,10,0.666667,118,24,1126.94,1097.07,2116,2113
1,1,71,RSA-SHA512_signed-by_RSA-SHA3-224,RSA-SHA512_signed-by_RSA-SHA3-224,26.206,1596.22,1238.15,1,29,1.03571,121.571,24,1102.29,1096.8,2116,2113
1,4,12,RSA-SHA512_signed-by_RSA-SHA3-224,RSA-SHA512_signed-by_RSA-SHA3-224,16.077,2601.82,1423.07,1,16,0.8,121.4,24,1113.66,1096.21,2116,2113
1,7,75,RSA-SHA512_signed-by_RSA-SHA3-224,RSA-SHA512_signed-by_RSA-SHA3-224,14.729,2839.94,1749.37,1,13,0.619048,190.19,17,1123.93,1112.57,2116,2113
1,8,74,RSA-SHA512_signed-by_RSA-SHA3-224,RSA-SHA512_signed-by_RSA-SHA3-224,8.252,5069.29,2039.74,1,6,0.5,143,17,1134.35,1111.61,2116,2113
1,1,72,RSA-SHA512_signed-by_RSA-SHA3-224,RSA-SHA512_signed-by_RSA-SHA3-224,8.001,5227.81,1655.62,1,0,0,136.545,24,1120.61,1122.15,2116,2113
1,6,78,RSA-SHA512_signed-by_RSA-SHA3-224,RSA-SHA512_signed-by_RSA-SHA3-224,21.536,1942.37,990.316,1,14,0.666667,151.333,10,1124.71,1118.28,2116,2113
1,2,73,RSA-SHA512_signed-by_RSA-SHA3-224,RSA-SHA512_signed-by_RSA-SHA3-224,18.47,2264.86,1085.43,1,18,1.125,237,24,1129.17,1111.95,2116,2113
1,4,13,RSA-SHA512_signed-by_RSA-SHA3-224,RSA-SHA512_signed-by_RSA-SHA3-224,16.505,2534.39,1884.43,1,33,1.65,202.6,24,1132.54,1097.25,2116,2113
1,7,76,RSA-SHA512_signed-by_RSA-SHA3-224,RSA-SHA512_signed-by_RSA-SHA3-224,19.929,2099.04,1153.69,1,16,0.761905,120.286,17,1134.93,1111.76,2116,2113
1,6,79,RSA-SHA512_signed-by_RSA-SHA3-224,RSA-SHA512_signed-by_RSA-SHA3-224,14.408,2903.25,1022.72,1,2,0.142857,165.429,10,1619.63,1597.91,2116,2113
1,2,74,RSA-SHA512_signed-by_RSA-SHA3-224,RSA-SHA512_signed-by_RSA-SHA3-224,10.203,4099.95,1485.04,1,0,0,204.154,24,1125.61,1102.32,2116,2113
1,4,14,RSA-SHA512_signed-by_RSA-SHA3-224,RSA-SHA512_signed-by_RSA-SHA3-224,15.546,2690.73,852.143,1,0,0,139.455,24,1131.26,1100.13,2116,2113
1,7,77,RSA-SHA512_signed-by_RSA-SHA3-224,RSA-SHA512_signed-by_RSA-SHA3-224,11.715,3570.73,1108.98,1,0,0,163.2,17,1141.85,1094.48,2116,2113
1,3,72,RSA-SHA512_signed-by_RSA-SHA3-224,RSA-SHA512_signed-by_RSA-SHA3-224,51.696,809.18,492.72,1,25,1.31579,176.105,24,1123.31,1104.48,2116,2113
1,5,73,RSA-SHA512_signed-by_RSA-SHA3-224,RSA-SHA512_signed-by_RSA-SHA3-224,50.97,820.707,483.729,1,27,1.22727,128.545,15,1134.31,1112.36,2116,2113
1,1,73,RSA-SHA512_signed-by_RSA-SHA3-224,RSA-SHA512_signed-by_RSA-SHA3-224,30.954,1351.41,1047.74,1,37,1.68182,170,24,1132.91,1110.81,2116,2113
1,8,75,RSA-SHA512_signed-by_RSA-SHA3-224,RSA-SHA512_signed-by_RSA-SHA3-224,41.287,1013.2,778.55,1,40,1.37931,336.483,17,1111.91,1106.59,2116,2113
1,6,80,RSA-SHA512_signed-by_RSA-SHA3-224,RSA-SHA512_signed-by_RSA-SHA3-224,19.532,2141.65,1213.15,1,18,1.05882,176.118,10,1135.38,1196.78,2116,2113
1,2,75,RSA-SHA512_signed-by_RSA-SHA3-224,RSA-SHA512_signed-by_RSA-SHA3-224,20.124,2078.64,954.049,1,15,1.07143,156.286,24,1140.47,1123.15,2116,2113
1,4,15,RSA-SHA512_signed-by_RSA-SHA3-224,RSA-SHA512_signed-by_RSA-SHA3-224,18.15,2304.75,715.799,1,0,0,149.6,24,1599.48,1577.14,2116,2113
1,5,74,RSA-SHA512_signed-by_RSA-SHA3-224,RSA-SHA512_signed-by_RSA-SHA3-224,18.948,2207.66,823.28,1,3,0.2,182,15,1135.21,1100.47,2116,2113
1,8,76,RSA-SHA512_signed-by_RSA-SHA3-224,RSA-SHA512_signed-by_RSA-SHA3-224,12.807,3266.27,1213.06,1,8,0.533333,121.2,17,1131.28,1099.09,2116,2113
1,3,73,RSA-SHA512_signed-by_RSA-SHA3-224,RSA-SHA512_signed-by_RSA-SHA3-224,25.473,1642.21,987.397,1,22,1.29412,578.235,24,1111.66,1106.37,2116,2113
1,1,74,RSA-SHA512_signed-by_RSA-SHA3-224,RSA-SHA512_signed-by_RSA-SHA3-224,22.928,1824.43,876.451,1,8,0.444444,185.778,24,1113.92,1094.93,2116,2113
1,6,81,RSA-SHA512_signed-by_RSA-SHA3-224,RSA-SHA512_signed-by_RSA-SHA3-224,16.331,2561.43,807.276,1,7,0.636364,151.818,10,1142.27,1091.08,2116,2113
1,7,78,RSA-SHA512_signed-by_RSA-SHA3-224,RSA-SHA512_signed-by_RSA-SHA3-224,30.598,1367.12,640.03,1,13,0.8125,156.75,17,1136.36,1117.03,2116,2113
1,4,16,RSA-SHA512_signed-by_RSA-SHA3-224,RSA-SHA512_signed-by_RSA-SHA3-224,16.343,2559.53,794.927,1,0,0,149.6,24,1133.2,1108.39,2116,2113
1,5,75,RSA-SHA512_signed-by_RSA-SHA3-224,RSA-SHA512_signed-by_RSA-SHA3-224,14.245,2936.56,912.024,1,0,0,138.8,15,1128.96,1102.72,2116,2113
1,2,76,RSA-SHA512_signed-by_RSA-SHA3-224,RSA-SHA512_signed-by_RSA-SHA3-224,24.542,1704.49,1286.27,1,37,1.42308,274.923,24,1139.29,1094.54,2116,2113
1,8,77,RSA-SHA512_signed-by_RSA-SHA3-224,RSA-SHA512_signed-by_RSA-SHA3-224,14.753,2835.44,880.618,1,0,0,149.6,17,1130.04,1091.35,2116,2113
1,6,82,RSA-SHA512_signed-by_RSA-SHA3-224,RSA-SHA512_signed-by_RSA-SHA3-224,14.324,2920.37,1221.99,0.647059,7,0.411765,205.059,10,1139.15,1103.26,2116,2113
1,1,75,RSA-SHA512_signed-by_RSA-SHA3-224,RSA-SHA512_signed-by_RSA-SHA3-224,17.483,2392.66,1098.18,1,11,0.785714,169.143,24,1130.6,1112.08,2116,2113
1,3,74,RSA-SHA512_signed-by_RSA-SHA3-224,RSA-SHA512_signed-by_RSA-SHA3-224,20.382,2052.33,929.415,1,11,0.846154,165.385,24,1130.75,1115.49,2116,2113
1,7,79,RSA-SHA512_signed-by_RSA-SHA3-224,RSA-SHA512_signed-by_RSA-SHA3-224,20.288,2061.85,887.198,1,7,0.466667,140.667,17,1605.1,1579.95,2116,2113
1,4,17,RSA-SHA512_signed-by_RSA-SHA3-224,RSA-SHA512_signed-by_RSA-SHA3-224,17.753,2356.29,731.807,1,0,0,149.6,24,1120.94,1097.53,2116,2113
1,2,77,RSA-SHA512_signed-by_RSA-SHA3-224,RSA-SHA512_signed-by_RSA-SHA3-224,14.929,2802.03,870.243,1,0,0,138.8,24,1131.05,1106.51,2116,2113
1,8,78,RSA-SHA512_signed-by_RSA-SHA3-224,RSA-SHA512_signed-by_RSA-SHA3-224,16.45,2542.92,789.769,1,4,0.4,148.4,17,1109.67,1110.29,2116,2113
1,6,83,RSA-SHA512_signed-by_RSA-SHA3-224,RSA-SHA512_signed-by_RSA-SHA3-224,13.989,2990.3,955.021,1,0,0,121.667,10,1127.85,1102.68,2116,2113
1,5,76,RSA-SHA512_signed-by_RSA-SHA3-224,RSA-SHA512_signed-by_RSA-SHA3-224,22.116,1891.41,982.42,1,19,1.26667,260.933,15,1106.03,1114.58,2116,2113
1,1,76,RSA-SHA512_signed-by_RSA-SHA3-224,RSA-SHA512_signed-by_RSA-SHA3-224,15.512,2696.69,698.282,1,0,0,178.571,24,1126.06,1086.61,2116,2113
1,3,75,RSA-SHA512_signed-by_RSA-SHA3-224,RSA-SHA512_signed-by_RSA-SHA3-224,15.725,2660.16,1211.8,1,11,0.785714,156,24,1135.35,1114.58,2116,2113
1,7,80,RSA-SHA512_signed-by_RSA-SHA3-224,RSA-SHA512_signed-by_RSA-SHA3-224,14.194,2947.08,915.293,1,0,0,163.2,17,1130.53,1108.3,2116,2113
1,8,79,RSA-SHA512_signed-by_RSA-SHA3-224,RSA-SHA512_signed-by_RSA-SHA3-224,16.255,2573.43,943.936,0.714286,7,0.5,226.286,17,1654.09,1590.03,2116,2113
1,4,18,RSA-SHA512_signed-by_RSA-SHA3-224,RSA-SHA512_signed-by_RSA-SHA3-224,20.408,2049.69,937.63,1,12,0.857143,169.143,24,1117.19,1105.03,2116,2113
1,6,84,RSA-SHA512_signed-by_RSA-SHA3-224,RSA-SHA512_signed-by_RSA-SHA3-224,16.047,2606.77,825.552,1,0,0,307.455,10,1127.29,1127.83,2116,2113
1,2,78,RSA-SHA512_signed-by_RSA-SHA3-224,RSA-SHA512_signed-by_RSA-SHA3-224,21.43,1951.94,892.915,1,16,1.14286,156.286,24,1132.33,1092.76,2116,2113
1,5,77,RSA-SHA512_signed-by_RSA-SHA3-224,RSA-SHA512_signed-by_RSA-SHA3-224,17.855,2342.79,1114.72,0.705882,7,0.411765,179.176,15,1129.8,1162.16,2116,2113
1,3,76,RSA-SHA512_signed-by_RSA-SHA3-224,RSA-SHA512_signed-by_RSA-SHA3-224,16.186,2584.39,802.647,1,0,0,138.8,24,1148.98,1116.75,2116,2113
1,7,81,RSA-SHA512_signed-by_RSA-SHA3-224,RSA-SHA512_signed-by_RSA-SHA3-224,15.76,2654.24,824.343,1,4,0.4,163.2,17,1125.1,1094,2116,2113
1,1,77,RSA-SHA512_signed-by_RSA-SHA3-224,RSA-SHA512_signed-by_RSA-SHA3-224,21.821,1916.97,1141.6,0.681818,14,0.636364,172,24,1137.62,1097.32,2116,2113
1,6,85,RSA-SHA512_signed-by_RSA-SHA3-224,RSA-SHA512_signed-by_RSA-SHA3-224,14.152,2955.83,918.01,0.3,0,0,138.8,10,1126.05,1123.35,2116,2113
1,8,80,RSA-SHA512_signed-by_RSA-SHA3-224,RSA-SHA512_signed-by_RSA-SHA3-224,16.554,2526.91,1102.77,0.333333,7,0.388889,184.444,17,1123.71,1096.06,2116,2113
1,4,19,RSA-SHA512_signed-by_RSA-SHA3-224,RSA-SHA512_signed-by_RSA-SHA3-224,16.415,2548.33,1080.93,0.428571,7,0.5,135.714,24,1126.11,1089.66,2116,2113
1,5,78,RSA-SHA512_signed-by_RSA-SHA3-224,RSA-SHA512_signed-by_RSA-SHA3-224,12.048,3472.1,1078.35,0.3,0,0,138.8,15,1128.3,1086.97,2116,2113
1,2,79,RSA-SHA512_signed-by_RSA-SHA3-224,RSA-SHA512_signed-by_RSA-SHA3-224,18.627,2245.69,823.721,0.428571,3,0.214286,192.286,24,1609.47,1629.98,2116,2113
1,3,77,RSA-SHA512_signed-by_RSA-SHA3-224,RSA-SHA512_signed-by_RSA-SHA3-224,14.387,2907.54,1066.49,0.428571,7,0.5,118.571,24,1135.98,1101.35,2116,2113
1,1,78,RSA-SHA512_signed-by_RSA-SHA3-224,RSA-SHA512_signed-by_RSA-SHA3-224,14.935,2800.84,1027.35,0.642857,7,0.5,127.143,24,1141.55,1119.06,2116,2113
1,7,82,RSA-SHA512_signed-by_RSA-SHA3-224,RSA-SHA512_signed-by_RSA-SHA3-224,17.541,2384.71,874.714,0.642857,3,0.214286,229.714,17,1215.69,1113.81,2116,2113
1,6,86,RSA-SHA512_signed-by_RSA-SHA3-224,RSA-SHA512_signed-by_RSA-SHA3-224,12.265,3410.64,1059.26,1,0,0,138.8,10,1132.35,1114.02,2116,2113
1,8,81,RSA-SHA512_signed-by_RSA-SHA3-224,RSA-SHA512_signed-by_RSA-SHA3-224,14.947,2798.61,903.433,1,0,0,131,17,1129.92,1110.51,2116,2113
1,5,79,RSA-SHA512_signed-by_RSA-SHA3-224,RSA-SHA512_signed-by_RSA-SHA3-224,17.136,2441.08,758.141,1,0,0,138.8,15,1658.93,1585.96,2116,2113
1,2,80,RSA-SHA512_signed-by_RSA-SHA3-224,RSA-SHA512_signed-by_RSA-SHA3-224,14.065,2974.09,923.68,1,0,0,146,24,1133.43,1100.66,2116,2113
1,3,78,RSA-SHA512_signed-by_RSA-SHA3-224,RSA-SHA512_signed-by_RSA-SHA3-224,14.458,2893.25,898.574,1,4,0.4,138.8,24,1144.09,1090.21,2116,2113
1,1,79,RSA-SHA512_signed-by_RSA-SHA3-224,RSA-SHA512_signed-by_RSA-SHA3-224,12.583,3324.45,1047.75,1,5,0.454545,215.818,24,1615.91,1568.75,2116,2113
1,4,20,RSA-SHA512_signed-by_RSA-SHA3-224,RSA-SHA512_signed-by_RSA-SHA3-224,22.521,1857.45,796.403,1,8,0.533333,130,24,1124.82,1116.85,2116,2113
1,6,87,RSA-SHA512_signed-by_RSA-SHA3-224,RSA-SHA512_signed-by_RSA-SHA3-224,12.929,3235.45,1004.85,1,4,0.4,138.8,10,1142.11,1106.51,2116,2113
1,8,82,RSA-SHA512_signed-by_RSA-SHA3-224,RSA-SHA512_signed-by_RSA-SHA3-224,12.106,3455.37,1073.15,1,0,0,149.6,17,1138.04,1113.59,2116,2113
1,2,81,RSA-SHA512_signed-by_RSA-SHA3-224,RSA-SHA512_signed-by_RSA-SHA3-224,14.423,2900.22,1663.92,1,19,1,137.579,24,1130.79,1118.9,2116,2113
1,5,80,RSA-SHA512_signed-by_RSA-SHA3-224,RSA-SHA512_signed-by_RSA-SHA3-224,16.122,2594.71,1827.07,1,14,0.736842,123.895,15,1141.82,1113.42,2116,2113
1,3,79,RSA-SHA512_signed-by_RSA-SHA3-224,RSA-SHA512_signed-by_RSA-SHA3-224,17.763,2355.01,1145.75,1,10,0.526316,164.947,24,1588.44,1602.85,2116,2113
1,7,83,RSA-SHA512_signed-by_RSA-SHA3-224,RSA-SHA512_signed-by_RSA-SHA3-224,27.869,1500.97,1198.13,1,33,1.26923,146.769,17,1132.82,1099.67,2116,2113
1,4,21,RSA-SHA512_signed-by_RSA-SHA3-224,RSA-SHA512_signed-by_RSA-SHA3-224,16.608,2518.66,797.648,1,0,0,138.364,24,1131.94,1089.18,2116,2113
1,6,88,RSA-SHA512_signed-by_RSA-SHA3-224,RSA-SHA512_signed-by_RSA-SHA3-224,15.972,2618.96,1468.5,1,24,1.2,246,10,1143.03,1108.58,2116,2113
1,8,83,RSA-SHA512_signed-by_RSA-SHA3-224,RSA-SHA512_signed-by_RSA-SHA3-224,14.933,2801.22,1345.7,0.611111,14,0.777778,122,17,1140.37,1093.99,2116,2113
1,1,80,RSA-SHA512_signed-by_RSA-SHA3-224,RSA-SHA512_signed-by_RSA-SHA3-224,23.435,1784.98,662.924,1,4,0.266667,184.4,24,1138.95,1117.02,2116,2113
1,5,81,RSA-SHA512_signed-by_RSA-SHA3-224,RSA-SHA512_signed-by_RSA-SHA3-224,13.004,3216.82,999.065,1,0,0,138.8,15,1130.84,1106.35,2116,2113
1,4,22,RSA-SHA512_signed-by_RSA-SHA3-224,RSA-SHA512_signed-by_RSA-SHA3-224,10.177,4110.42,1276.6,0.6,0,0,138.8,24,1137.1,1116.24,2116,2113
1,2,82,RSA-SHA512_signed-by_RSA-SHA3-224,RSA-SHA512_signed-by_RSA-SHA3-224,18.305,2285.19,1097.8,1,14,0.777778,114,24,1134.38,1103.65,2116,2113
1,3,80,RSA-SHA512_signed-by_RSA-SHA3-224,RSA-SHA512_signed-by_RSA-SHA3-224,14.378,2909.36,916.931,1,5,0.454545,129.636,24,1129.71,1107.61,2116,2113
1,7,84,RSA-SHA512_signed-by_RSA-SHA3-224,RSA-SHA512_signed-by_RSA-SHA3-224,18.45,2267.21,1026.73,1,11,0.846154,196.462,17,1167.4,1109.06,2116,2113
1,6,89,RSA-SHA512_signed-by_RSA-SHA3-224,RSA-SHA512_signed-by_RSA-SHA3-224,17.724,2360.07,865.676,1,3,0.214286,192.286,10,1337.73,1092.46,2116,2113
1,8,84,RSA-SHA512_signed-by_RSA-SHA3-224,RSA-SHA512_signed-by_RSA-SHA3-224,16.849,2482.65,1064.47,1,11,0.733333,130,17,1135,1094.98,2116,2113
1,1,81,RSA-SHA512_signed-by_RSA-SHA3-224,RSA-SHA512_signed-by_RSA-SHA3-224,17.29,2419.32,780.992,1,0,0,130,24,1131.14,1103.06,2116,2113
1,5,82,RSA-SHA512_signed-by_RSA-SHA3-224,RSA-SHA512_signed-by_RSA-SHA3-224,16.306,2565.32,796.726,1,0,0,138.8,15,1115.88,1107.48,2116,2113
1,4,23,RSA-SHA512_signed-by_RSA-SHA3-224,RSA-SHA512_signed-by_RSA-SHA3-224,14.44,2896.86,1311.87,1,11,0.846154,165.385,24,1179.79,1090.81,2116,2113
1,3,81,RSA-SHA512_signed-by_RSA-SHA3-224,RSA-SHA512_signed-by_RSA-SHA3-224,15.86,2637.48,983.571,0.8,3,0.2,182,24,1132.43,1111.26,2116,2113
1,2,83,RSA-SHA512_signed-by_RSA-SHA3-224,RSA-SHA512_signed-by_RSA-SHA3-224,17.521,2387.44,1024.56,0.631579,14,0.736842,181.158,24,1140.96,1099.66,2116,2113
1,7,85,RSA-SHA512_signed-by_RSA-SHA3-224,RSA-SHA512_signed-by_RSA-SHA3-224,15.341,2726.74,863.545,1,0,0,151.818,18,1158.41,1103.82,2116,2113
1,6,90,RSA-SHA512_signed-by_RSA-SHA3-224,RSA-SHA512_signed-by_RSA-SHA3-224,14.98,2792.46,867.27,1,4,0.4,138.8,10,1129.9,1099.08,2116,2113
1,8,85,RSA-SHA512_signed-by_RSA-SHA3-224,RSA-SHA512_signed-by_RSA-SHA3-224,15.745,2656.77,1111.69,1,14,0.823529,212.824,17,1126.01,1104.06,2116,2113
1,1,82,RSA-SHA512_signed-by_RSA-SHA3-224,RSA-SHA512_signed-by_RSA-SHA3-224,13.163,3177.97,987.001,1,4,0.4,138.8,24,1139.43,1091.4,2116,2113
1,3,82,RSA-SHA512_signed-by_RSA-SHA3-224,RSA-SHA512_signed-by_RSA-SHA3-224,15.307,2732.75,1171.7,1,8,0.533333,121.2,24,1117.99,1122.97,2116,2113
1,4,24,RSA-SHA512_signed-by_RSA-SHA3-224,RSA-SHA512_signed-by_RSA-SHA3-224,20.687,2022.13,1096.72,1,15,0.789474,117.579,24,1114.26,1225.85,2116,2113
1,5,83,RSA-SHA512_signed-by_RSA-SHA3-224,RSA-SHA512_signed-by_RSA-SHA3-224,22.386,1868.64,854.809,1,12,0.857143,156.286,15,1138.94,1127.03,2116,2113
1,2,84,RSA-SHA512_signed-by_RSA-SHA3-224,RSA-SHA512_signed-by_RSA-SHA3-224,17.643,2370.9,1049.2,1,7,0.411765,111.412,24,1125.63,1095.41,2116,2113
1,7,86,RSA-SHA512_signed-by_RSA-SHA3-224,RSA-SHA512_signed-by_RSA-SHA3-224,16.478,2538.54,803.943,1,0,0,151.818,18,1122.45,1109.04,2116,2113
1,6,91,RSA-SHA512_signed-by_RSA-SHA3-224,RSA-SHA512_signed-by_RSA-SHA3-224,16.825,2486.18,927.148,1,7,0.466667,182,10,1126.63,1094.07,2116,2113
1,8,86,RSA-SHA512_signed-by_RSA-SHA3-224,RSA-SHA512_signed-by_RSA-SHA3-224,16.781,2492.71,785.615,1,3,0.272727,467.455,17,1170.47,1206.18,2116,2113
1,1,83,RSA-SHA512_signed-by_RSA-SHA3-224,RSA-SHA512_signed-by_RSA-SHA3-224,21.09,1983.5,748.79,1,4,0.25,173,24,1142.96,1112.17,2116,2113
1,4,25,RSA-SHA512_signed-by_RSA-SHA3-224,RSA-SHA512_signed-by_RSA-SHA3-224,16.074,2602.4,808.241,1,0,0,138.8,24,1128.6,1110.99,2116,2113
1,8,87,RSA-SHA512_signed-by_RSA-SHA3-224,RSA-SHA512_signed-by_RSA-SHA3-224,10.665,3922,1420.59,0.230769,0,0,134,17,1150.87,1110.3,2116,2113
1,7,87,RSA-SHA512_signed-by_RSA-SHA3-224,RSA-SHA512_signed-by_RSA-SHA3-224,14.124,2961.74,919.843,0.8,0,0,163.2,18,1103.08,1199.94,2116,2113
1,6,92,RSA-SHA512_signed-by_RSA-SHA3-224,RSA-SHA512_signed-by_RSA-SHA3-224,13.754,3041.4,1115.59,0.214286,3,0.214286,192.286,10,1138.18,1112.36,2116,2113
1,2,85,RSA-SHA512_signed-by_RSA-SHA3-224,RSA-SHA512_signed-by_RSA-SHA3-224,18.425,2270.33,910.91,1,11,1.1,191.6,24,1120.87,1138.38,2116,2113
1,5,84,RSA-SHA512_signed-by_RSA-SHA3-224,RSA-SHA512_signed-by_RSA-SHA3-224,20.797,2011.37,1197.05,1,22,1.375,186.5,15,1132.59,1113.66,2116,2113
1,3,83,RSA-SHA512_signed-by_RSA-SHA3-224,RSA-SHA512_signed-by_RSA-SHA3-224,25.103,1666.41,800.537,1,14,0.777778,114,24,1131.62,1096.89,2116,2113
1,1,84,RSA-SHA512_signed-by_RSA-SHA3-224,RSA-SHA512_signed-by_RSA-SHA3-224,14.969,2794.48,867.898,0.3,0,0,138.8,24,1135.3,1108.23,2116,2113
1,8,88,RSA-SHA512_signed-by_RSA-SHA3-224,RSA-SHA512_signed-by_RSA-SHA3-224,12.637,3310.22,1028.07,0.3,0,0,149.6,17,1130.13,1113.52,2116,2113
1,4,26,RSA-SHA512_signed-by_RSA-SHA3-224,RSA-SHA512_signed-by_RSA-SHA3-224,14.612,2862.78,906.628,0.272727,0,0,129.636,24,1124.24,1088.58,2116,2113
1,7,88,RSA-SHA512_signed-by_RSA-SHA3-224,RSA-SHA512_signed-by_RSA-SHA3-224,14.224,2940.85,913.357,0.3,0,0,163.2,18,1103.56,1095.03,2116,2113
1,5,85,RSA-SHA512_signed-by_RSA-SHA3-224,RSA-SHA512_signed-by_RSA-SHA3-224,11.131,3758.1,973.125,0.428571,0,0,164.857,15,1111.9,1120.42,2116,2113
1,6,93,RSA-SHA512_signed-by_RSA-SHA3-224,RSA-SHA512_signed-by_RSA-SHA3-224,15.693,2665.56,827.857,0.3,0,0,140,10,1126.49,1093.18,2116,2113
1,2,86,RSA-SHA512_signed-by_RSA-SHA3-224,RSA-SHA512_signed-by_RSA-SHA3-224,14.953,2797.48,1013.28,0.461538,4,0.307692,204.154,24,1136.03,1112.79,2116,2113
1,3,84,RSA-SHA512_signed-by_RSA-SHA3-224,RSA-SHA512_signed-by_RSA-SHA3-224,14.147,2956.87,1098.15,1,12,0.8,113.2,24,1131.32,1101.9,2116,2113
1,1,85,RSA-SHA512_signed-by_RSA-SHA3-224,RSA-SHA512_signed-by_RSA-SHA3-224,15.106,2769.13,860.026,1,4,0.4,138.8,24,1135.48,1123.3,2116,2113
1,8,89,RSA-SHA512_signed-by_RSA-SHA3-224,RSA-SHA512_signed-by_RSA-SHA3-224,13.319,3140.71,994.65,1,0,0,139.455,17,1123.72,1099.98,2116,2113
1,4,27,RSA-SHA512_signed-by_RSA-SHA3-224,RSA-SHA512_signed-by_RSA-SHA3-224,13.969,2994.56,948.363,1,0,0,129.636,24,1135.85,1114.8,2116,2113
1,5,86,RSA-SHA512_signed-by_RSA-SHA3-224,RSA-SHA512_signed-by_RSA-SHA3-224,12.403,3372.68,1221.62,1,4,0.307692,204.154,15,1156.17,1110.81,2116,2113
1,7,89,RSA-SHA512_signed-by_RSA-SHA3-224,RSA-SHA512_signed-by_RSA-SHA3-224,16.927,2471.24,782.629,1,0,0,151.818,18,1123.78,1120.05,2116,2113
1,6,94,RSA-SHA512_signed-by_RSA-SHA3-224,RSA-SHA512_signed-by_RSA-SHA3-224,15.968,2619.66,1174.32,1,2,0.166667,138,10,1134.19,1196.54,2116,2113
1,2,87,RSA-SHA512_signed-by_RSA-SHA3-224,RSA-SHA512_signed-by_RSA-SHA3-224,16.959,2466.58,1394.38,1,21,1,236.095,24,1131.18,1128.99,2116,2113
1,3,85,RSA-SHA512_signed-by_RSA-SHA3-224,RSA-SHA512_signed-by_RSA-SHA3-224,19.193,2179.46,799.426,0.785714,3,0.214286,206.571,24,1135.48,1127.75,2116,2113
1,8,90,RSA-SHA512_signed-by_RSA-SHA3-224,RSA-SHA512_signed-by_RSA-SHA3-224,15.496,2699.49,838.395,0.8,0,0,149.6,17,1131.39,1089.36,2116,2113
1,4,28,RSA-SHA512_signed-by_RSA-SHA3-224,RSA-SHA512_signed-by_RSA-SHA3-224,14.373,2910.43,903.91,0.8,0,0,138.8,24,1134.99,1097.98,2116,2113
1,5,87,RSA-SHA512_signed-by_RSA-SHA3-224,RSA-SHA512_signed-by_RSA-SHA3-224,16.061,2604.52,955.34,0.571429,3,0.214286,192.286,15,1115.16,1216.23,2116,2113
1,1,86,RSA-SHA512_signed-by_RSA-SHA3-224,RSA-SHA512_signed-by_RSA-SHA3-224,20.579,2032.68,758.029,0.733333,3,0.2,198.8,24,1105.33,1087.66,2116,2113
1,7,90,RSA-SHA512_signed-by_RSA-SHA3-224,RSA-SHA512_signed-by_RSA-SHA3-224,15.012,2786.53,865.427,0.8,0,0,163.2,18,1131.33,1109.79,2116,2113
1,6,95,RSA-SHA512_signed-by_RSA-SHA3-224,RSA-SHA512_signed-by_RSA-SHA3-224,14.669,2851.69,1291.41,0.615385,11,0.846154,165.385,10,1631.09,1576.03,2116,2113
1,2,88,RSA-SHA512_signed-by_RSA-SHA3-224,RSA-SHA512_signed-by_RSA-SHA3-224,15.88,2634.19,1117.35,0.214286,7,0.5,195.714,24,1132.94,1110.77,2116,2113
1,3,86,RSA-SHA512_signed-by_RSA-SHA3-224,RSA-SHA512_signed-by_RSA-SHA3-224,12.614,3316.28,1029.96,0.3,0,0,138.8,24,1126.8,1108.43,2116,2113
1,8,91,RSA-SHA512_signed-by_RSA-SHA3-224,RSA-SHA512_signed-by_RSA-SHA3-224,12.813,3264.77,1013.96,0.3,0,0,149.6,17,1133.09,1104.13,2116,2113
1,4,29,RSA-SHA512_signed-by_RSA-SHA3-224,RSA-SHA512_signed-by_RSA-SHA3-224,16.529,2530.77,785.995,0,0,0,138.8,24,1153.36,1122.15,2116,2113
1,1,87,RSA-SHA512_signed-by_RSA-SHA3-224,RSA-SHA512_signed-by_RSA-SHA3-224,13.355,3132.28,972.811,1,0,0,138.8,24,1131.44,1105,2116,2113
1,5,88,RSA-SHA512_signed-by_RSA-SHA3-224,RSA-SHA512_signed-by_RSA-SHA3-224,15.259,2741.41,863.998,1,7,0.636364,129.636,15,1135.89,1123.7,2116,2113
1,7,91,RSA-SHA512_signed-by_RSA-SHA3-224,RSA-SHA512_signed-by_RSA-SHA3-224,13.847,3020.99,952.11,1,5,0.454545,151.818,18,1128.85,1109.06,2116,2113
1,6,96,RSA-SHA512_signed-by_RSA-SHA3-224,RSA-SHA512_signed-by_RSA-SHA3-224,17.192,2433.14,755.675,1,0,0,138.8,10,1138.51,1112.48,2116,2113
1,2,89,RSA-SHA512_signed-by_RSA-SHA3-224,RSA-SHA512_signed-by_RSA-SHA3-224,15.932,2625.59,963.068,1,7,0.5,118.571,24,1135.52,1106.44,2116,2113
1,3,87,RSA-SHA512_signed-by_RSA-SHA3-224,RSA-SHA512_signed-by_RSA-SHA3-224,18.181,2300.76,975.921,1,7,0.5,310,24,1145.45,1108.01,2116,2113
1,8,92,RSA-SHA512_signed-by_RSA-SHA3-224,RSA-SHA512_signed-by_RSA-SHA3-224,17.766,2354.51,745.662,1,0,0,139.455,17,1136.91,1099.47,2116,2113
1,1,88,RSA-SHA512_signed-by_RSA-SHA3-224,RSA-SHA512_signed-by_RSA-SHA3-224,15.122,2766.19,1173.34,1,7,0.5,127.143,24,1147.68,1111.2,2116,2113
1,4,30,RSA-SHA512_signed-by_RSA-SHA3-224,RSA-SHA512_signed-by_RSA-SHA3-224,16.705,2504.05,1149.3,1,11,0.785714,156.286,24,1133.56,1088.04,2116,2113
1,5,89,RSA-SHA512_signed-by_RSA-SHA3-224,RSA-SHA512_signed-by_RSA-SHA3-224,16.571,2524.3,914.327,1,0,0,207.846,15,1133.07,1117.49,2116,2113
1,6,97,RSA-SHA512_signed-by_RSA-SHA3-224,RSA-SHA512_signed-by_RSA-SHA3-224,12.538,3336.35,1036.19,0,0,0,138.8,10,1121.12,1198.61,2116,2113
1,7,92,RSA-SHA512_signed-by_RSA-SHA3-224,RSA-SHA512_signed-by_RSA-SHA3-224,18.247,2292.43,1285.41,0.85,20,1,262.2,18,1137.53,1091.59,2116,2113
1,2,90,RSA-SHA512_signed-by_RSA-SHA3-224,RSA-SHA512_signed-by_RSA-SHA3-224,14.561,2872.79,892.22,1,0,0,138.8,24,1121.01,1126.89,2116,2113
1,3,88,RSA-SHA512_signed-by_RSA-SHA3-224,RSA-SHA512_signed-by_RSA-SHA3-224,15.93,2625.92,815.547,1,0,0,138.8,24,1133.91,1108.99,2116,2113
1,8,93,RSA-SHA512_signed-by_RSA-SHA3-224,RSA-SHA512_signed-by_RSA-SHA3-224,15.765,2653.4,1125.5,1,7,0.5,138.286,17,1142.52,1146.66,2116,2113
1,1,89,RSA-SHA512_signed-by_RSA-SHA3-224,RSA-SHA512_signed-by_RSA-SHA3-224,14.91,2805.56,1190.04,1,7,0.5,127.143,24,1130.72,1111.65,2116,2113
1,5,90,RSA-SHA512_signed-by_RSA-SHA3-224,RSA-SHA512_signed-by_RSA-SHA3-224,17.998,2324.19,756.507,1,0,0,115.231,15,1110.84,1109.49,2116,2113
1,6,98,RSA-SHA512_signed-by_RSA-SHA3-224,RSA-SHA512_signed-by_RSA-SHA3-224,17.34,2412.4,749.232,1,0,0,140,10,1141.73,1100.72,2116,2113
1,4,31,RSA-SHA512_signed-by_RSA-SHA3-224,RSA-SHA512_signed-by_RSA-SHA3-224,20.973,1994.5,855.166,1,8,0.533333,121.2,24,1614.47,1555.34,2116,2113
1,7,93,RSA-SHA512_signed-by_RSA-SHA3-224,RSA-SHA512_signed-by_RSA-SHA3-224,17.595,2377.44,1076.64,1,11,0.846154,196.462,18,1149.74,1101.15,2116,2113
1,2,91,RSA-SHA512_signed-by_RSA-SHA3-224,RSA-SHA512_signed-by_RSA-SHA3-224,17.449,2397.32,744.551,0.6,0,0,138.8,24,1147.43,1110.02,2116,2113
1,3,89,RSA-SHA512_signed-by_RSA-SHA3-224,RSA-SHA512_signed-by_RSA-SHA3-224,15.339,2727.12,846.978,0.5,0,0,138.8,24,1124.23,1119.31,2116,2113
1,8,94,RSA-SHA512_signed-by_RSA-SHA3-224,RSA-SHA512_signed-by_RSA-SHA3-224,16.584,2522.38,1142.28,0.384615,11,0.846154,179.231,17,1123.53,1115.81,2116,2113
1,1,90,RSA-SHA512_signed-by_RSA-SHA3-224,RSA-SHA512_signed-by_RSA-SHA3-224,16.239,2575.98,800.036,0.3,0,0,138.8,24,1131.22,1159.01,2116,2113
1,5,91,RSA-SHA512_signed-by_RSA-SHA3-224,RSA-SHA512_signed-by_RSA-SHA3-224,13.725,3047.82,965.23,0.272727,0,0,129.636,15,1138.9,1104.94,2116,2113
1,6,99,RSA-SHA512_signed-by_RSA-SHA3-224,RSA-SHA512_signed-by_RSA-SHA3-224,13.808,3029.5,940.889,0.3,0,0,138.8,10,1196.65,1097.27,2116,2113
1,7,94,RSA-SHA512_signed-by_RSA-SHA3-224,RSA-SHA512_signed-by_RSA-SHA3-224,13.184,3172.89,985.423,0.8,0,0,163.2,18,1134.31,1097.46,2116,2113
1,4,32,RSA-SHA512_signed-by_RSA-SHA3-224,RSA-SHA512_signed-by_RSA-SHA3-224,14.484,2888.09,896.97,0.8,0,0,138.8,24,1131.38,1130.5,2116,2113
1,2,92,RSA-SHA512_signed-by_RSA-SHA3-224,RSA-SHA512_signed-by_RSA-SHA3-224,15.998,2614.74,1109.1,0.571429,7,0.5,127.143,24,1129.12,1103.5,2116,2113
1,1,91,RSA-SHA512_signed-by_RSA-SHA3-224,RSA-SHA512_signed-by_RSA-SHA3-224,11.765,3555.61,1304.2,0.571429,7,0.5,118.571,24,1115.16,1138.48,2116,2113
1,3,90,RSA-SHA512_signed-by_RSA-SHA3-224,RSA-SHA512_signed-by_RSA-SHA3-224,17.25,2424.96,919.157,1,11,0.6875,108.5,24,1127.14,1112.84,2116,2113
1,8,95,RSA-SHA512_signed-by_RSA-SHA3-224,RSA-SHA512_signed-by_RSA-SHA3-224,16.165,2587.74,803.689,1,4,0.4,149.6,17,1605.85,1593.05,2116,2113
1,7,95,RSA-SHA512_signed-by_RSA-SHA3-224,RSA-SHA512_signed-by_RSA-SHA3-224,15.389,2718.21,860.844,1,0,0,151.818,18,1629.23,1586.91,2116,2113
1,5,92,RSA-SHA512_signed-by_RSA-SHA3-224,RSA-SHA512_signed-by_RSA-SHA3-224,17.351,2410.83,1106.52,1,11,0.785714,162.286,15,1125.11,1108.87,2116,2113
1,8,96,RSA-SHA512_signed-by_RSA-SHA3-224,RSA-SHA512_signed-by_RSA-SHA3-224,9.985,4189.4,1365.22,1,1,0.0769231,123.846,17,1144.96,1099.35,2116,2113
1,2,93,RSA-SHA512_signed-by_RSA-SHA3-224,RSA-SHA512_signed-by_RSA-SHA3-224,16.795,2490.63,773.528,1,0,0,138.8,24,1154.28,1087.12,2116,2113
1,4,33,RSA-SHA512_signed-by_RSA-SHA3-224,RSA-SHA512_signed-by_RSA-SHA3-224,24.867,1682.18,1294.53,1,29,1.07407,112.667,24,1219.32,1105.85,2116,2113
1,5,93,RSA-SHA512_signed-by_RSA-SHA3-224,RSA-SHA512_signed-by_RSA-SHA3-224,11.124,3760.46,1167.91,0,0,0,163.2,15,1132.16,1209.18,2116,2113
1,7,96,RSA-SHA512_signed-by_RSA-SHA3-224,RSA-SHA512_signed-by_RSA-SHA3-224,12.375,3380.28,1049.83,0,0,0,163.2,18,1127.9,1098.45,2116,2113
1,3,91,RSA-SHA512_signed-by_RSA-SHA3-224,RSA-SHA512_signed-by_RSA-SHA3-224,19.277,2170.04,1226.74,1,21,1,362.762,24,1127.1,1113.53,2116,2113
1,1,92,RSA-SHA512_signed-by_RSA-SHA3-224,RSA-SHA512_signed-by_RSA-SHA3-224,24.552,1703.77,1256.41,1,33,1.73684,200.947,24,1126.79,1119,2116,2113
1,8,97,RSA-SHA512_signed-by_RSA-SHA3-224,RSA-SHA512_signed-by_RSA-SHA3-224,12.342,3389.35,1052.65,1,0,0,149.6,17,1128.26,1087.12,2116,2113
1,5,94,RSA-SHA512_signed-by_RSA-SHA3-224,RSA-SHA512_signed-by_RSA-SHA3-224,14.728,2840.24,1058.1,1,7,0.636364,163.818,15,1129.34,1108.88,2116,2113
1,2,94,RSA-SHA512_signed-by_RSA-SHA3-224,RSA-SHA512_signed-by_RSA-SHA3-224,20.22,2068.76,887.005,0.8,8,0.533333,121.2,24,1152.25,1106.83,2116,2113
1,4,34,RSA-SHA512_signed-by_RSA-SHA3-224,RSA-SHA512_signed-by_RSA-SHA3-224,16.823,2486.53,659.08,1,0,0,149,24,1150.05,1084.07,2116,2113
1,3,92,RSA-SHA512_signed-by_RSA-SHA3-224,RSA-SHA512_signed-by_RSA-SHA3-224,14.704,2844.88,1288.33,0.923077,11,0.846154,165.385,24,1101.25,1196.84,2116,2113
1,7,97,RSA-SHA512_signed-by_RSA-SHA3-224,RSA-SHA512_signed-by_RSA-SHA3-224,17.801,2349.9,729.82,1,4,0.4,163.2,18,1129.16,1121.31,2116,2113
1,1,93,RSA-SHA512_signed-by_RSA-SHA3-224,RSA-SHA512_signed-by_RSA-SHA3-224,14.793,2827.76,878.233,1,0,0,714.8,24,1132.72,1107.4,2116,2113
1,8,98,RSA-SHA512_signed-by_RSA-SHA3-224,RSA-SHA512_signed-by_RSA-SHA3-224,14.224,2940.89,913.369,1,0,0,149.6,17,1153.99,1093.07,2116,2113
1,5,95,RSA-SHA512_signed-by_RSA-SHA3-224,RSA-SHA512_signed-by_RSA-SHA3-224,11.899,3515.49,1355.37,1,1,0.0666667,128.933,15,1620.22,1570.71,2116,2113
1,4,35,RSA-SHA512_signed-by_RSA-SHA3-224,RSA-SHA512_signed-by_RSA-SHA3-224,11.203,3733.88,1776.61,1,7,0.411765,118.471,24,1128.43,1110.33,2116,2113
1,2,95,RSA-SHA512_signed-by_RSA-SHA3-224,RSA-SHA512_signed-by_RSA-SHA3-224,14.178,2950.36,1251.46,1,7,0.5,140.857,24,1617.22,1595.2,2116,2113
1,1,94,RSA-SHA512_signed-by_RSA-SHA3-224,RSA-SHA512_signed-by_RSA-SHA3-224,10.686,3914.54,1239.72,1,0,0,129.636,24,1131.61,1109.91,2116,2113
1,7,98,RSA-SHA512_signed-by_RSA-SHA3-224,RSA-SHA512_signed-by_RSA-SHA3-224,17.727,2359.77,1348.44,1,21,0.954545,241.818,18,1135.45,1114.11,2116,2113
1,5,96,RSA-SHA512_signed-by_RSA-SHA3-224,RSA-SHA512_signed-by_RSA-SHA3-224,10.488,3988.46,1238.72,1,0,0,163.2,15,1133.81,1120.16,2116,2113
1,4,36,RSA-SHA512_signed-by_RSA-SHA3-224,RSA-SHA512_signed-by_RSA-SHA3-224,11.138,3755.7,1593.07,1,11,0.785714,127.143,24,1162.53,1097.65,2116,2113
1,2,96,RSA-SHA512_signed-by_RSA-SHA3-224,RSA-SHA512_signed-by_RSA-SHA3-224,10.306,4058.91,1285.44,1,0,0,129.636,24,1148.14,1204.33,2116,2113
1,1,95,RSA-SHA512_signed-by_RSA-SHA3-224,RSA-SHA512_signed-by_RSA-SHA3-224,15.538,2692.12,1141.93,1,7,0.5,127.143,24,1624.69,1589.8,2116,2113
1,3,93,RSA-SHA512_signed-by_RSA-SHA3-224,RSA-SHA512_signed-by_RSA-SHA3-224,32.732,1277.99,888.651,1,27,1.125,131,24,1112.69,1123.13,2116,2113
1,4,37,RSA-SHA512_signed-by_RSA-SHA3-224,RSA-SHA512_signed-by_RSA-SHA3-224,12.505,3345.13,1247.47,0.8,3,0.2,182,24,1190.94,1093.3,2116,2113
1,2,97,RSA-SHA512_signed-by_RSA-SHA3-224,RSA-SHA512_signed-by_RSA-SHA3-224,11.745,3561.61,1106.15,1,0,0,138.8,24,1105.37,1099.76,2116,2113
1,7,99,RSA-SHA512_signed-by_RSA-SHA3-224,RSA-SHA512_signed-by_RSA-SHA3-224,16.289,2568,1396.71,0.894737,14,0.736842,131.684,18,1116.71,1099.69,2116,2113
1,5,97,RSA-SHA512_signed-by_RSA-SHA3-224,RSA-SHA512_signed-by_RSA-SHA3-224,17.854,2342.89,1394.35,1,22,1.375,357.25,15,1179.12,1107.91,2116,2113
1,1,96,RSA-SHA512_signed-by_RSA-SHA3-224,RSA-SHA512_signed-by_RSA-SHA3-224,12.132,3447.96,1070.85,0,0,0,138.8,24,1141.46,1108.54,2116,2113
1,3,94,RSA-SHA512_signed-by_RSA-SHA3-224,RSA-SHA512_signed-by_RSA-SHA3-224,11.804,3543.86,1100.64,0.9,4,0.4,138.8,24,1135.19,1104.52,2116,2113
1,4,38,RSA-SHA512_signed-by_RSA-SHA3-224,RSA-SHA512_signed-by_RSA-SHA3-224,11.304,3700.63,1374.38,0.733333,12,0.8,113.2,24,1142.01,1097.37,2116,2113
1,2,98,RSA-SHA512_signed-by_RSA-SHA3-224,RSA-SHA512_signed-by_RSA-SHA3-224,11.168,3745.7,1163.32,1,0,0,138.8,24,1137.61,1196.22,2116,2113
1,5,98,RSA-SHA512_signed-by_RSA-SHA3-224,RSA-SHA512_signed-by_RSA-SHA3-224,16.28,2569.42,841.24,1,7,0.538462,134.308,15,1126.74,1117.03,2116,2113
1,4,39,RSA-SHA512_signed-by_RSA-SHA3-224,RSA-SHA512_signed-by_RSA-SHA3-224,10.375,4031.9,1503.58,1,3,0.2,195.333,24,1184.42,1091.33,2116,2113
1,8,99,RSA-SHA512_signed-by_RSA-SHA3-224,RSA-SHA512_signed-by_RSA-SHA3-224,53.034,788.764,577.129,1,34,1.36,154.32,18,1119.01,1124.4,2116,2113
1,1,97,RSA-SHA512_signed-by_RSA-SHA3-224,RSA-SHA512_signed-by_RSA-SHA3-224,16.551,2527.36,1083.64,1,8,0.533333,121.2,24,1134.55,1100.82,2116,2113
1,2,99,RSA-SHA512_signed-by_RSA-SHA3-224,RSA-SHA512_signed-by_RSA-SHA3-224,13.243,3158.69,1808.59,1,18,1,143.333,24,1120.94,1089.65,2116,2113
1,5,99,RSA-SHA512_signed-by_RSA-SHA3-224,RSA-SHA512_signed-by_RSA-SHA3-224,7.311,5721.3,2098.58,1,7,0.5,229.714,15,1122.75,1113.05,2116,2113
1,3,95,RSA-SHA512_signed-by_RSA-SHA3-224,RSA-SHA512_signed-by_RSA-SHA3-224,22.403,1867.22,922.718,1,13,0.619048,167.714,24,1639.12,1600.13,2116,2113
1,4,40,RSA-SHA512_signed-by_RSA-SHA3-224,RSA-SHA512_signed-by_RSA-SHA3-224,11.711,3571.97,1131.23,1,0,0,129.636,24,1128.37,1101.97,2116,2113
1,1,98,RSA-SHA512_signed-by_RSA-SHA3-224,RSA-SHA512_signed-by_RSA-SHA3-224,11.904,3514.01,1134.38,1,0,0,122,24,1140.7,1110.49,2116,2113
1,4,41,RSA-SHA512_signed-by_RSA-SHA3-224,RSA-SHA512_signed-by_RSA-SHA3-224,6.734,6211.24,2278.29,0.214286,7,0.5,118.571,24,1139.83,1138.74,2116,2113
1,3,96,RSA-SHA512_signed-by_RSA-SHA3-224,RSA-SHA512_signed-by_RSA-SHA3-224,7.839,5336.32,1689.99,0.272727,0,0,125.273,24,1126.81,1102.29,2116,2113
1,1,99,RSA-SHA512_signed-by_RSA-SHA3-224,RSA-SHA512_signed-by_RSA-SHA3-224,8.142,5137.74,1627.1,0.272727,0,0,125.636,24,1112.45,1104.39,2116,2113
1,4,42,RSA-SHA512_signed-by_RSA-SHA3-224,RSA-SHA512_signed-by_RSA-SHA3-224,4.757,8792.73,2730.81,0,0,0,138.8,24,1151.57,1109.52,2116,2113
1,3,97,RSA-SHA512_signed-by_RSA-SHA3-224,RSA-SHA512_signed-by_RSA-SHA3-224,7.018,5960.03,1887.51,0,0,0,125.273,24,1143.87,1095.81,2116,2113
1,4,43,RSA-SHA512_signed-by_RSA-SHA3-224,RSA-SHA512_signed-by_RSA-SHA3-224,4.707,8886.28,2814.24,0,0,0,125.273,24,1139.88,1096.43,2116,2113
1,3,98,RSA-SHA512_signed-by_RSA-SHA3-224,RSA-SHA512_signed-by_RSA-SHA3-224,4.805,8705.15,2756.88,0,0,0,125.273,24,1128.05,1095.16,2116,2113
1,4,44,RSA-SHA512_signed-by_RSA-SHA3-224,RSA-SHA512_signed-by_RSA-SHA3-224,5.002,8362.41,2974.58,0.5,5,0.357143,110.571,24,1139.22,1098.54,2116,2113
1,3,99,RSA-SHA512_signed-by_RSA-SHA3-224,RSA-SHA512_signed-by_RSA-SHA3-224,5.839,7163.59,3287.94,0.714286,11,0.785714,156.286,24,1109.28,1104.86,2116,2113
1,4,45,RSA-SHA512_signed-by_RSA-SHA3-224,RSA-SHA512_signed-by_RSA-SHA3-224,6.097,6860.43,3219.64,0.277778,12,0.666667,107.778,24,1164.54,1116.77,2116,2113
1,4,46,RSA-SHA512_signed-by_RSA-SHA3-224,RSA-SHA512_signed-by_RSA-SHA3-224,4.4,9506.36,3010.62,0,0,0,125.273,24,1135.37,1108.14,2116,2113
1,4,47,RSA-SHA512_signed-by_RSA-SHA3-224,RSA-SHA512_signed-by_RSA-SHA3-224,4.826,8667.7,2745.02,0,0,0,125.273,24,1595.56,1583.9,2116,2113
1,4,48,RSA-SHA512_signed-by_RSA-SHA3-224,RSA-SHA512_signed-by_RSA-SHA3-224,4.247,9849.33,3119.24,0,0,0,125.273,24,1140.41,1107.44,2116,2113
1,4,49,RSA-SHA512_signed-by_RSA-SHA3-224,RSA-SHA512_signed-by_RSA-SHA3-224,4.249,9844.7,3117.77,0,0,0,125.273,24,1137.77,1104.55,2116,2113
1,4,50,RSA-SHA512_signed-by_RSA-SHA3-224,RSA-SHA512_signed-by_RSA-SHA3-224,4.297,9734.73,3082.94,0,0,0,125.273,24,1151.8,1102.7,2116,2113
1,4,51,RSA-SHA512_signed-by_RSA-SHA3-224,RSA-SHA512_signed-by_RSA-SHA3-224,4.276,9782.54,3098.08,0,0,0,125.273,24,1131.77,1100.07,2116,2113
1,4,52,RSA-SHA512_signed-by_RSA-SHA3-224,RSA-SHA512_signed-by_RSA-SHA3-224,4.356,9602.88,3041.19,0,0,0,125.273,24,1131.65,1109.78,2116,2113
1,4,53,RSA-SHA512_signed-by_RSA-SHA3-224,RSA-SHA512_signed-by_RSA-SHA3-224,4.282,9768.83,3093.74,0,0,0,125.273,24,1125.81,1101.02,2116,2113
1,4,54,RSA-SHA512_signed-by_RSA-SHA3-224,RSA-SHA512_signed-by_RSA-SHA3-224,4.27,9796.28,3102.44,0,0,0,125.273,24,1136.5,1103.31,2116,2113
1,4,55,RSA-SHA512_signed-by_RSA-SHA3-224,RSA-SHA512_signed-by_RSA-SHA3-224,4.359,9596.27,3039.1,0,0,0,125.273,24,1130.38,1099.32,2116,2113
1,4,56,RSA-SHA512_signed-by_RSA-SHA3-224,RSA-SHA512_signed-by_RSA-SHA3-224,4.336,9647.17,3055.22,0,0,0,125.273,24,1131.72,1103.35,2116,2113
1,4,57,RSA-SHA512_signed-by_RSA-SHA3-224,RSA-SHA512_signed-by_RSA-SHA3-224,4.69,8919.11,2824.64,0,0,0,125.273,24,1127.56,1105.58,2116,2113
1,4,58,RSA-SHA512_signed-by_RSA-SHA3-224,RSA-SHA512_signed-by_RSA-SHA3-224,4.237,9872.58,3126.6,0,0,0,125.273,24,1134.69,1105.9,2116,2113
1,4,59,RSA-SHA512_signed-by_RSA-SHA3-224,RSA-SHA512_signed-by_RSA-SHA3-224,4.453,9393.71,2974.94,0,0,0,125.273,24,1141.73,1142.18,2116,2113
1,4,60,RSA-SHA512_signed-by_RSA-SHA3-224,RSA-SHA512_signed-by_RSA-SHA3-224,4.206,9945.34,3149.64,0,0,0,125.273,24,1152.96,1104.23,2116,2113
1,4,61,RSA-SHA512_signed-by_RSA-SHA3-224,RSA-SHA512_signed-by_RSA-SHA3-224,4.322,9678.42,3065.11,0,0,0,125.273,24,1128.78,1118.65,2116,2113
1,4,62,RSA-SHA512_signed-by_RSA-SHA3-224,RSA-SHA512_signed-by_RSA-SHA3-224,4.411,9483.15,3003.27,0,0,0,125.273,24,1239.31,1110.37,2116,2113
1,4,63,RSA-SHA512_signed-by_RSA-SHA3-224,RSA-SHA512_signed-by_RSA-SHA3-224,4.734,8836.14,2798.37,0,0,0,125.273,24,1593.26,1583.76,2116,2113
1,4,64,RSA-SHA512_signed-by_RSA-SHA3-224,RSA-SHA512_signed-by_RSA-SHA3-224,4.332,9656.08,3058.04,0,0,0,125.273,24,1141.03,1113.01,2116,2113
1,4,65,RSA-SHA512_signed-by_RSA-SHA3-224,RSA-SHA512_signed-by_RSA-SHA3-224,4.398,9511.18,3012.15,0,0,0,125.273,24,1150.99,1104.49,2116,2113
1,4,66,RSA-SHA512_signed-by_RSA-SHA3-224,RSA-SHA512_signed-by_RSA-SHA3-224,4.417,9470.27,2999.19,0,0,0,125.273,24,1139.24,1104.44,2116,2113
1,4,67,RSA-SHA512_signed-by_RSA-SHA3-224,RSA-SHA512_signed-by_RSA-SHA3-224,4.256,9828.5,3112.64,0,0,0,125.273,24,1132.3,1105,2116,2113
1,4,68,RSA-SHA512_signed-by_RSA-SHA3-224,RSA-SHA512_signed-by_RSA-SHA3-224,4.354,9607.29,3042.59,0,0,0,125.273,24,1126.23,1101.15,2116,2113
1,4,69,RSA-SHA512_signed-by_RSA-SHA3-224,RSA-SHA512_signed-by_RSA-SHA3-224,4.326,9669.47,3062.28,0,0,0,125.273,24,1135.43,1106.69,2116,2113
1,4,70,RSA-SHA512_signed-by_RSA-SHA3-224,RSA-SHA512_signed-by_RSA-SHA3-224,4.342,9633.84,3050.99,0,0,0,125.273,24,1137.19,1132.64,2116,2113
1,4,71,RSA-SHA512_signed-by_RSA-SHA3-224,RSA-SHA512_signed-by_RSA-SHA3-224,4.348,9620.55,3046.78,0,0,0,125.273,24,1169.44,1109.26,2116,2113
1,4,72,RSA-SHA512_signed-by_RSA-SHA3-224,RSA-SHA512_signed-by_RSA-SHA3-224,4.354,9607.29,3042.59,0,0,0,125.273,24,1132.48,1116.06,2116,2113
1,4,73,RSA-SHA512_signed-by_RSA-SHA3-224,RSA-SHA512_signed-by_RSA-SHA3-224,4.318,9687.39,3067.95,0,0,0,125.273,24,1131.12,1102.76,2116,2113
1,4,74,RSA-SHA512_signed-by_RSA-SHA3-224,RSA-SHA512_signed-by_RSA-SHA3-224,4.337,9644.95,3054.51,0,0,0,125.273,24,1132.48,1119.67,2116,2113
1,4,75,RSA-SHA512_signed-by_RSA-SHA3-224,RSA-SHA512_signed-by_RSA-SHA3-224,4.292,9746.07,3086.53,0,0,0,125.273,24,1140.76,1105.35,2116,2113
1,4,76,RSA-SHA512_signed-by_RSA-SHA3-224,RSA-SHA512_signed-by_RSA-SHA3-224,4.23,9888.91,3131.77,0,0,0,125.273,24,1153.27,1102.39,2116,2113
1,4,77,RSA-SHA512_signed-by_RSA-SHA3-224,RSA-SHA512_signed-by_RSA-SHA3-224,4.247,9849.33,3119.24,0,0,0,125.273,24,1144.75,1100.15,2116,2113
1,4,78,RSA-SHA512_signed-by_RSA-SHA3-224,RSA-SHA512_signed-by_RSA-SHA3-224,4.362,9589.67,3037.01,0,0,0,125.273,24,1173.66,1103.7,2116,2113
1,4,79,RSA-SHA512_signed-by_RSA-SHA3-224,RSA-SHA512_signed-by_RSA-SHA3-224,4.76,8787.88,2783.08,0,0,0,127.091,24,1622.35,1571.61,2116,2113
1,4,80,RSA-SHA512_signed-by_RSA-SHA3-224,RSA-SHA512_signed-by_RSA-SHA3-224,5.962,7016.21,2222,0,0,0,125.273,24,1135.96,1153.1,2116,2113
1,4,81,RSA-SHA512_signed-by_RSA-SHA3-224,RSA-SHA512_signed-by_RSA-SHA3-224,4.397,9513.34,3012.83,0,0,0,125.273,24,1134.64,1104.02,2116,2113
1,4,82,RSA-SHA512_signed-by_RSA-SHA3-224,RSA-SHA512_signed-by_RSA-SHA3-224,4.229,9891.25,3132.51,0,0,0,125.273,24,1126.76,1104.82,2116,2113
1,4,83,RSA-SHA512_signed-by_RSA-SHA3-224,RSA-SHA512_signed-by_RSA-SHA3-224,4.245,9853.97,3120.71,0,0,0,125.273,24,1128.68,1115.22,2116,2113
1,4,84,RSA-SHA512_signed-by_RSA-SHA3-224,RSA-SHA512_signed-by_RSA-SHA3-224,4.263,9812.37,3107.53,0,0,0,125.273,24,1134.16,1119.13,2116,2113
1,4,85,RSA-SHA512_signed-by_RSA-SHA3-224,RSA-SHA512_signed-by_RSA-SHA3-224,4.333,9653.85,3057.33,0,0,0,125.273,24,1133.29,1109.85,2116,2113
1,4,86,RSA-SHA512_signed-by_RSA-SHA3-224,RSA-SHA512_signed-by_RSA-SHA3-224,4.267,9803.17,3104.62,0,0,0,125.273,24,1134.01,1114.48,2116,2113
1,4,87,RSA-SHA512_signed-by_RSA-SHA3-224,RSA-SHA512_signed-by_RSA-SHA3-224,4.315,9694.12,3070.08,0,0,0,125.273,24,1135.36,1110.2,2116,2113
1,4,88,RSA-SHA512_signed-by_RSA-SHA3-224,RSA-SHA512_signed-by_RSA-SHA3-224,4.359,9596.27,3039.1,0,0,0,125.273,24,1131.23,1103.33,2116,2113
1,4,89,RSA-SHA512_signed-by_RSA-SHA3-224,RSA-SHA512_signed-by_RSA-SHA3-224,4.3,9727.94,3080.79,0,0,0,125.273,24,1132.49,1102.83,2116,2113
1,4,90,RSA-SHA512_signed-by_RSA-SHA3-224,RSA-SHA512_signed-by_RSA-SHA3-224,4.386,9537.2,3020.39,0,0,0,125.273,24,1130.51,1101.92,2116,2113
1,4,91,RSA-SHA512_signed-by_RSA-SHA3-224,RSA-SHA512_signed-by_RSA-SHA3-224,4.281,9771.11,3094.47,0,0,0,125.273,24,1132.1,1102.51,2116,2113
1,4,92,RSA-SHA512_signed-by_RSA-SHA3-224,RSA-SHA512_signed-by_RSA-SHA3-224,4.417,9470.27,2999.19,0,0,0,125.273,24,1132.72,1113.3,2116,2113
1,4,93,RSA-SHA512_signed-by_RSA-SHA3-224,RSA-SHA512_signed-by_RSA-SHA3-224,4.353,9609.5,3043.28,0,0,0,125.273,24,1308.21,1112.01,2116,2113
1,4,94,RSA-SHA512_signed-by_RSA-SHA3-224,RSA-SHA512_signed-by_RSA-SHA3-224,4.207,9942.97,3148.89,0,0,0,125.273,24,1127.64,1103.05,2116,2113
1,4,95,RSA-SHA512_signed-by_RSA-SHA3-224,RSA-SHA512_signed-by_RSA-SHA3-224,4.725,8852.97,2803.7,0,0,0,125.273,24,1584.82,1574.46,2116,2113
1,4,96,RSA-SHA512_signed-by_RSA-SHA3-224,RSA-SHA512_signed-by_RSA-SHA3-224,4.305,9716.64,3077.21,0,0,0,125.273,24,1133.72,1103.91,2116,2113
1,4,97,RSA-SHA512_signed-by_RSA-SHA3-224,RSA-SHA512_signed-by_RSA-SHA3-224,4.382,9545.91,3023.14,0,0,0,125.273,24,1139.62,1106.7,2116,2113
1,4,98,RSA-SHA512_signed-by_RSA-SHA3-224,RSA-SHA512_signed-by_RSA-SHA3-224,4.398,9511.18,3012.15,0,0,0,125.273,24,1166.55,1114.99,2116,2113
1,4,99,RSA-SHA512_signed-by_RSA-SHA3-224,RSA-SHA512_signed-by_RSA-SHA3-224,4.282,9768.83,3093.74,0,0,0,125.273,24,1109.6,1107.18,2116,2113
