scenario,node_id,handshake_index,sta_cert_algo,ap_cert_algo,handshake_delay_ms,goodput_kbps,throughput_kbps,phy_frame_drop_rate,mac_retries,mac_retry_rate,tx_delay_us,prop_delay_ns,cert_verify_ap_us,cert_verify_sta_us,server_cert_msg_bytes,client_cert_msg_bytes
2,8,0,ML-DSA-87_signed-by_ML-DSA-87,ML-DSA-87_signed-by_ML-DSA-87,87.501,3722.81,428.609,0.807692,32,0.615385,218.154,14,2067.55,2165.35,19861,19858
2,6,0,ML-DSA-87_signed-by_ML-DSA-87,ML-DSA-87_signed-by_ML-DSA-87,100.292,3248.03,217.923,1,0,0,475.176,8,5172.97,1737.71,19861,19858
2,3,0,ML-DSA-87_signed-by_ML-DSA-87,ML-DSA-87_signed-by_ML-DSA-87,101.968,3194.64,370.311,1,39,0.735849,191.887,24,2373.07,2024.17,19861,19858
2,5,0,ML-DSA-87_signed-by_ML-DSA-87,ML-DSA-87_signed-by_ML-DSA-87,110.098,2958.73,256.207,1,30,0.652174,221.739,15,1730.52,2048.69,19861,19858
2,7,0,ML-DSA-87_signed-by_ML-DSA-87,ML-DSA-87_signed-by_ML-DSA-87,118.975,2737.97,190.157,1,0,0,136.378,16,1744.57,2069.97,19861,19858
2,2,0,ML-DSA-87_signed-by_ML-DSA-87,ML-DSA-87_signed-by_ML-DSA-87,121.055,2690.93,184.907,1,1,0.0285714,176.857,24,2983.68,2329.17,19861,19858
2,1,0,ML-DSA-87_signed-by_ML-DSA-87,ML-DSA-87_signed-by_ML-DSA-87,133.903,2432.73,235.811,1,26,0.509804,351.373,24,2080.2,8987.35,19861,19858
2,6,1,ML-DSA-87_signed-by_ML-DSA-87,ML-DSA-87_signed-by_ML-DSA-87,93.17,3496.31,434.473,1,45,1.55172,600.759,8,1936.94,2276.99,19861,19858
2,3,1,ML-DSA-87_signed-by_ML-DSA-87,ML-DSA-87_signed-by_ML-DSA-87,91.921,3543.82,438.115,1,13,0.342105,492.105,24,2373.46,2296.36,19861,19858
2,5,1,ML-DSA-87_signed-by_ML-DSA-87,ML-DSA-87_signed-by_ML-DSA-87,89.178,3652.82,505.236,1,45,1.25,1224.67,15,1693.69,2366.89,19861,19858
2,2,1,ML-DSA-87_signed-by_ML-DSA-87,ML-DSA-87_signed-by_ML-DSA-87,79.874,4078.27,400.025,1,0,0,741.852,24,1689.54,2919.25,19861,19858
2,7,1,ML-DSA-87_signed-by_ML-DSA-87,ML-DSA-87_signed-by_ML-DSA-87,103.199,3156.53,491.32,1,51,1.21429,492.857,16,2018.12,1651.73,19861,19858
2,1,1,ML-DSA-87_signed-by_ML-DSA-87,ML-DSA-87_signed-by_ML-DSA-87,110.427,2949.91,522.333,1,46,1.17949,1898.31,24,2380.29,1945.47,19861,19858
2,3,2,ML-DSA-87_signed-by_ML-DSA-87,ML-DSA-87_signed-by_ML-DSA-87,65.684,4959.34,551.241,0.666667,6,0.181818,547.091,24,1732.25,1639.34,19861,19858
2,6,2,ML-DSA-87_signed-by_ML-DSA-87,ML-DSA-87_signed-by_ML-DSA-87,79,4123.41,625.007,0.690476,45,1.07143,578.571,8,2960.94,2603.65,19861,19858
2,2,2,ML-DSA-87_signed-by_ML-DSA-87,ML-DSA-87_signed-by_ML-DSA-87,80.174,4063.03,499.908,0.972973,0,0,811.514,24,2672.81,2253.48,19861,19858
2,5,2,ML-DSA-87_signed-by_ML-DSA-87,ML-DSA-87_signed-by_ML-DSA-87,81.859,3979.39,491.963,0.947368,8,0.210526,1165.58,15,2975.48,2590.98,19861,19858
2,7,2,ML-DSA-87_signed-by_ML-DSA-87,ML-DSA-87_signed-by_ML-DSA-87,73.725,4418.43,485.041,0.451613,0,0,463.29,16,1671.71,2916.61,19861,19858
2,8,1,ML-DSA-87_signed-by_ML-DSA-87,ML-DSA-87_signed-by_ML-DSA-87,229.03,1422.31,192.603,1,26,0.553191,347.447,15,2935.25,1655.61,19861,19858
2,1,2,ML-DSA-87_signed-by_ML-DSA-87,ML-DSA-87_signed-by_ML-DSA-87,76.224,4273.57,672.117,0.388889,15,0.416667,1664.11,24,2517.06,2925.2,19861,19858
2,3,3,ML-DSA-87_signed-by_ML-DSA-87,ML-DSA-87_signed-by_ML-DSA-87,81.144,4014.49,493.937,1,0,0,504.378,24,7769.91,2275.51,19861,19858
2,6,3,ML-DSA-87_signed-by_ML-DSA-87,ML-DSA-87_signed-by_ML-DSA-87,73.128,4454.48,429.925,1,0,0,545.2,8,2639.46,1996.44,19861,19858
2,2,3,ML-DSA-87_signed-by_ML-DSA-87,ML-DSA-87_signed-by_ML-DSA-87,82.843,3932.16,520.888,1,21,0.5,603.619,24,1723.6,2012.79,19861,19858
2,5,3,ML-DSA-87_signed-by_ML-DSA-87,ML-DSA-87_signed-by_ML-DSA-87,93.681,3477.23,526.55,1,33,0.717391,1374,15,1670.51,2936.59,19861,19858
2,7,3,ML-DSA-87_signed-by_ML-DSA-87,ML-DSA-87_signed-by_ML-DSA-87,80.064,4068.64,392.685,1,0,0,517.04,16,1717.4,1960.54,19861,19858
2,8,2,ML-DSA-87_signed-by_ML-DSA-87,ML-DSA-87_signed-by_ML-DSA-87,85.519,3809.12,418.152,1,0,0,463.29,15,2029.82,1661.34,19861,19858
2,1,3,ML-DSA-87_signed-by_ML-DSA-87,ML-DSA-87_signed-by_ML-DSA-87,91.438,3562.54,450.053,1,9,0.264706,1246.24,24,3538.24,3648.98,19861,19858
2,3,4,ML-DSA-87_signed-by_ML-DSA-87,ML-DSA-87_signed-by_ML-DSA-87,80.069,4068.39,524.147,1,30,0.857143,453.771,24,2945.54,1632.96,19861,19858
2,7,4,ML-DSA-87_signed-by_ML-DSA-87,ML-DSA-87_signed-by_ML-DSA-87,63.218,5152.79,773.19,1,34,0.772727,524.545,16,1733.31,1980.17,19861,19858
2,6,4,ML-DSA-87_signed-by_ML-DSA-87,ML-DSA-87_signed-by_ML-DSA-87,94.971,3430,687.87,1,90,1.30435,453.536,9,1993.09,1934.78,19861,19858
2,5,4,ML-DSA-87_signed-by_ML-DSA-87,ML-DSA-87_signed-by_ML-DSA-87,69.516,4685.95,705.902,1,47,1.04444,1012.84,15,2992.59,6357.33,19861,19858
2,7,5,ML-DSA-87_signed-by_ML-DSA-87,ML-DSA-87_signed-by_ML-DSA-87,42.09,7739.38,956.802,1,6,0.157895,512.316,16,2020.24,4167.57,19861,19858
2,6,5,ML-DSA-87_signed-by_ML-DSA-87,ML-DSA-87_signed-by_ML-DSA-87,42.801,7610.81,969.318,1,3,0.0909091,728.182,9,2045.85,2261.88,19861,19858
2,1,4,ML-DSA-87_signed-by_ML-DSA-87,ML-DSA-87_signed-by_ML-DSA-87,89.101,3655.96,552.897,1,34,0.73913,1683.22,24,3287.4,1662.94,19861,19858
2,5,5,ML-DSA-87_signed-by_ML-DSA-87,ML-DSA-87_signed-by_ML-DSA-87,64.851,5023.02,779.377,1,41,0.87234,892.043,15,3258.45,3235.53,19861,19858
2,6,6,ML-DSA-87_signed-by_ML-DSA-87,ML-DSA-87_signed-by_ML-DSA-87,45.916,7094.5,888.576,1,1,0.0263158,541.895,9,2655.1,2321.22,19861,19858
2,2,4,ML-DSA-87_signed-by_ML-DSA-87,ML-DSA-87_signed-by_ML-DSA-87,171.232,1902.39,422.816,1,129,2.08065,1110.65,24,2008.25,1677.72,19861,19858
2,7,6,ML-DSA-87_signed-by_ML-DSA-87,ML-DSA-87_signed-by_ML-DSA-87,55.794,5838.41,699.422,1,22,0.594595,380.919,16,2297.09,2293.31,19861,19858
2,8,3,ML-DSA-87_signed-by_ML-DSA-87,ML-DSA-87_signed-by_ML-DSA-87,146.43,2224.62,524.591,1,121,1.44048,353.81,15,3560.81,1708.63,19861,19858
2,1,5,ML-DSA-87_signed-by_ML-DSA-87,ML-DSA-87_signed-by_ML-DSA-87,50.664,6429.57,620.551,1,0,0,1552.56,24,4211.89,1971.16,19861,19858
2,6,7,ML-DSA-87_signed-by_ML-DSA-87,ML-DSA-87_signed-by_ML-DSA-87,71.319,4567.48,501.403,1,0,0,463.29,9,1740.33,1956.7,19861,19858
2,2,5,ML-DSA-87_signed-by_ML-DSA-87,ML-DSA-87_signed-by_ML-DSA-87,74.985,4344.18,476.89,1,0,0,990.258,24,2972.15,1629.81,19861,19858
2,5,6,ML-DSA-87_signed-by_ML-DSA-87,ML-DSA-87_signed-by_ML-DSA-87,101.036,3224.1,563.123,1,92,2.19048,954.667,15,1989.5,5427.48,19861,19858
2,7,7,ML-DSA-87_signed-by_ML-DSA-87,ML-DSA-87_signed-by_ML-DSA-87,73.486,4432.8,695.636,1,42,0.857143,547.551,16,1704.34,2900.44,19861,19858
2,8,4,ML-DSA-87_signed-by_ML-DSA-87,ML-DSA-87_signed-by_ML-DSA-87,64.451,5054.22,602.5,1,21,0.583333,446.889,15,1993.55,2600.36,19861,19858
2,1,6,ML-DSA-87_signed-by_ML-DSA-87,ML-DSA-87_signed-by_ML-DSA-87,77.057,4227.37,624.362,1,35,0.686275,1235.65,24,2034.82,2321.51,19861,19858
2,6,8,ML-DSA-87_signed-by_ML-DSA-87,ML-DSA-87_signed-by_ML-DSA-87,72.682,4481.82,626.502,1,28,0.7,461.7,9,1666.75,2299.26,19861,19858
2,7,8,ML-DSA-87_signed-by_ML-DSA-87,ML-DSA-87_signed-by_ML-DSA-87,66.199,4920.74,543.083,1,6,0.1875,587,16,1669.11,1635.15,19861,19858
2,5,7,ML-DSA-87_signed-by_ML-DSA-87,ML-DSA-87_signed-by_ML-DSA-87,74.912,4348.45,677.487,1,68,1.78947,981.474,15,3284.5,2265.2,19861,19858
2,2,6,ML-DSA-87_signed-by_ML-DSA-87,ML-DSA-87_signed-by_ML-DSA-87,77.816,4186.18,615.811,1,46,1.21053,988.737,24,4185.51,2596.02,19861,19858
2,8,5,ML-DSA-87_signed-by_ML-DSA-87,ML-DSA-87_signed-by_ML-DSA-87,85.757,3798.54,609.161,1,34,0.607143,493,16,3279.84,1661.6,19861,19858
2,1,7,ML-DSA-87_signed-by_ML-DSA-87,ML-DSA-87_signed-by_ML-DSA-87,79.14,4116.15,584.079,1,36,0.878049,2235.66,24,5757.51,1987.94,19861,19858
2,7,9,ML-DSA-87_signed-by_ML-DSA-87,ML-DSA-87_signed-by_ML-DSA-87,76.61,4252.03,893.241,1,125,2.31481,690.593,16,1742.41,2881.31,19861,19858
2,5,8,ML-DSA-87_signed-by_ML-DSA-87,ML-DSA-87_signed-by_ML-DSA-87,68.836,4732.24,650.816,1,45,1.28571,949.2,15,1716.94,4843.2,19861,19858
2,6,9,ML-DSA-87_signed-by_ML-DSA-87,ML-DSA-87_signed-by_ML-DSA-87,85.831,3795.26,595.028,1,58,1.31818,468.091,9,5281.67,1951.45,19861,19858
2,5,9,ML-DSA-87_signed-by_ML-DSA-87,ML-DSA-87_signed-by_ML-DSA-87,28.585,11395.6,1268.88,1,7,0.212121,636.424,15,1677.27,3869.12,19861,19858
2,2,7,ML-DSA-87_signed-by_ML-DSA-87,ML-DSA-87_signed-by_ML-DSA-87,99.164,3284.96,594.083,1,105,1.98113,1032.11,24,3305.41,2288.95,19861,19858
2,6,10,ML-DSA-87_signed-by_ML-DSA-87,ML-DSA-87_signed-by_ML-DSA-87,31.413,10369.7,1334.95,1,8,0.228571,684.857,9,1662.76,1674.02,19861,19858
2,5,10,ML-DSA-87_signed-by_ML-DSA-87,ML-DSA-87_signed-by_ML-DSA-87,72.679,4482.03,823.34,1,93,1.78846,1149.62,15,2092.38,2570.46,19861,19858
2,2,8,ML-DSA-87_signed-by_ML-DSA-87,ML-DSA-87_signed-by_ML-DSA-87,68.402,4762.29,718.104,1,45,1.09756,1617.32,24,1990.21,2895.84,19861,19858
2,7,10,ML-DSA-87_signed-by_ML-DSA-87,ML-DSA-87_signed-by_ML-DSA-87,119.1,2735.1,532.927,1,120,2.4,667.76,16,2035.94,1949.63,19861,19858
2,1,8,ML-DSA-87_signed-by_ML-DSA-87,ML-DSA-87_signed-by_ML-DSA-87,166.049,1961.77,412.31,1,89,1.45902,1327.38,24,3225.31,1684.03,19861,19858
2,6,11,ML-DSA-87_signed-by_ML-DSA-87,ML-DSA-87_signed-by_ML-DSA-87,83.609,3896.11,491.045,1,1,0.025641,528.974,9,1987.8,3552.31,19861,19858
2,5,11,ML-DSA-87_signed-by_ML-DSA-87,ML-DSA-87_signed-by_ML-DSA-87,60.514,5383.05,665.494,0.631579,6,0.157895,791.158,15,2034.03,1635.8,19861,19858
2,2,9,ML-DSA-87_signed-by_ML-DSA-87,ML-DSA-87_signed-by_ML-DSA-87,65.519,4971.83,684.01,1,27,0.692308,1113.28,24,1724.65,1628.73,19861,19858
2,6,12,ML-DSA-87_signed-by_ML-DSA-87,ML-DSA-87_signed-by_ML-DSA-87,59.596,5465.95,612.92,1,0,0,425.765,9,3276.09,2676.3,19861,19858
2,7,11,ML-DSA-87_signed-by_ML-DSA-87,ML-DSA-87_signed-by_ML-DSA-87,61.297,5314.27,633.499,1,21,0.583333,393.778,16,2938.61,1939.81,19861,19858
2,1,9,ML-DSA-87_signed-by_ML-DSA-87,ML-DSA-87_signed-by_ML-DSA-87,71.006,4587.62,530.204,1,23,0.793103,1616.76,24,2694.38,3465.9,19861,19858
2,2,10,ML-DSA-87_signed-by_ML-DSA-87,ML-DSA-87_signed-by_ML-DSA-87,62.07,5248.1,648.811,1,13,0.342105,871.895,24,4563.05,1986.56,19861,19858
2,5,12,ML-DSA-87_signed-by_ML-DSA-87,ML-DSA-87_signed-by_ML-DSA-87,82.364,3954.98,618.71,1,51,1.18605,991.581,15,3886.48,2264.23,19861,19858
2,6,13,ML-DSA-87_signed-by_ML-DSA-87,ML-DSA-87_signed-by_ML-DSA-87,72.238,4509.38,623.71,1,45,1.25,641.667,9,2338.51,3847.4,19861,19858
2,7,12,ML-DSA-87_signed-by_ML-DSA-87,ML-DSA-87_signed-by_ML-DSA-87,76.11,4279.98,623.724,1,21,0.4375,477.333,17,2621.36,5413.22,19861,19858
2,1,10,ML-DSA-87_signed-by_ML-DSA-87,ML-DSA-87_signed-by_ML-DSA-87,65.285,4989.66,844.292,1,48,0.888889,1773.7,24,1675.46,1628.58,19861,19858
2,2,11,ML-DSA-87_signed-by_ML-DSA-87,ML-DSA-87_signed-by_ML-DSA-87,69.341,4697.76,580.313,1,27,0.84375,964.25,24,4862.01,2321.13,19861,19858
2,5,13,ML-DSA-87_signed-by_ML-DSA-87,ML-DSA-87_signed-by_ML-DSA-87,80.386,4052.34,516.507,1,3,0.0909091,653.636,15,2030.65,1981.49,19861,19858
2,6,14,ML-DSA-87_signed-by_ML-DSA-87,ML-DSA-87_signed-by_ML-DSA-87,87.921,3705.04,515.37,1,45,1.21622,585.135,10,1731.98,2311.27,19861,19858
2,7,13,ML-DSA-87_signed-by_ML-DSA-87,ML-DSA-87_signed-by_ML-DSA-87,87.201,3735.63,410.085,1,0,0,422,17,4088.97,2025.12,19861,19858
2,4,0,ML-DSA-87_signed-by_ML-DSA-87,ML-DSA-87_signed-by_ML-DSA-87,1101.08,295.847,20.0821,1,0,0,139.371,24,1706.17,3607.36,19861,19858
2,1,11,ML-DSA-87_signed-by_ML-DSA-87,ML-DSA-87_signed-by_ML-DSA-87,91.712,3551.88,485.866,1,27,0.710526,1562.63,24,2012.83,3244.7,19861,19858
2,8,6,ML-DSA-87_signed-by_ML-DSA-87,ML-DSA-87_signed-by_ML-DSA-87,408.943,796.57,135.725,1,74,1.48,536.32,16,2958.89,3561.69,19861,19858
2,2,12,ML-DSA-87_signed-by_ML-DSA-87,ML-DSA-87_signed-by_ML-DSA-87,86.636,3759.99,671.312,1,90,2,921.556,24,2634.79,1947.07,19861,19858
2,4,1,ML-DSA-87_signed-by_ML-DSA-87,ML-DSA-87_signed-by_ML-DSA-87,62.089,5246.47,581.867,1,0,0,487.697,24,1992.44,3515.41,19861,19858
2,7,14,ML-DSA-87_signed-by_ML-DSA-87,ML-DSA-87_signed-by_ML-DSA-87,67.034,4859.44,668.309,1,45,1.28571,609.543,17,2645.44,2890.35,19861,19858
2,6,15,ML-DSA-87_signed-by_ML-DSA-87,ML-DSA-87_signed-by_ML-DSA-87,70.509,4620.01,623.807,1,22,0.5,406.636,10,2694.1,1628.63,19861,19858
2,8,7,ML-DSA-87_signed-by_ML-DSA-87,ML-DSA-87_signed-by_ML-DSA-87,76.044,4283.71,743.146,1,66,1.26923,701.846,17,1714.87,3534.13,19861,19858
2,2,13,ML-DSA-87_signed-by_ML-DSA-87,ML-DSA-87_signed-by_ML-DSA-87,49.836,6536.37,871.002,1,21,0.488372,452.977,24,2948.16,1658.77,19861,19858
2,5,14,ML-DSA-87_signed-by_ML-DSA-87,ML-DSA-87_signed-by_ML-DSA-87,119.605,2723.54,375.767,1,29,0.725,687.5,15,2912.73,2642.82,19861,19858
2,6,16,ML-DSA-87_signed-by_ML-DSA-87,ML-DSA-87_signed-by_ML-DSA-87,59.296,5493.57,852.927,1,30,0.731707,511.854,10,3317.76,3855.89,19861,19858
2,8,8,ML-DSA-87_signed-by_ML-DSA-87,ML-DSA-87_signed-by_ML-DSA-87,46.186,7052.98,779.796,1,0,0,501.875,17,2062.13,3847.49,19861,19858
2,5,15,ML-DSA-87_signed-by_ML-DSA-87,ML-DSA-87_signed-by_ML-DSA-87,41.302,7887.06,865.816,1,0,0,675.032,15,1988.63,2007.28,19861,19858
2,2,14,ML-DSA-87_signed-by_ML-DSA-87,ML-DSA-87_signed-by_ML-DSA-87,52.349,6222.64,746.674,1,21,0.567568,504.703,24,1675.45,2875.49,19861,19858
2,4,2,ML-DSA-87_signed-by_ML-DSA-87,ML-DSA-87_signed-by_ML-DSA-87,78.903,4128.47,777.859,1,119,2.76744,789.256,24,2316.06,1922.25,19861,19858
2,6,17,ML-DSA-87_signed-by_ML-DSA-87,ML-DSA-87_signed-by_ML-DSA-87,52.527,6201.57,849.234,0.617647,12,0.352941,567.765,10,2606.04,5079.44,19861,19858
2,8,9,ML-DSA-87_signed-by_ML-DSA-87,ML-DSA-87_signed-by_ML-DSA-87,52.757,6174.53,876.162,0.414634,36,0.878049,482.78,17,2064.8,2896.74,19861,19858
2,4,3,ML-DSA-87_signed-by_ML-DSA-87,ML-DSA-87_signed-by_ML-DSA-87,47.498,6858.2,938.815,0.545455,20,0.454545,523.182,24,3585.3,2269.03,19861,19858
2,5,16,ML-DSA-87_signed-by_ML-DSA-87,ML-DSA-87_signed-by_ML-DSA-87,52.11,6251.2,686.236,0.774194,0,0,675.032,15,3242.8,3854.4,19861,19858
2,2,15,ML-DSA-87_signed-by_ML-DSA-87,ML-DSA-87_signed-by_ML-DSA-87,50.373,6466.75,799.47,0.631579,13,0.342105,604.632,24,7020.17,2262.61,19861,19858
2,6,18,ML-DSA-87_signed-by_ML-DSA-87,ML-DSA-87_signed-by_ML-DSA-87,35.583,9154.62,1019.35,1,0,0,487.818,10,3260.36,3255.6,19861,19858
2,8,10,ML-DSA-87_signed-by_ML-DSA-87,ML-DSA-87_signed-by_ML-DSA-87,43.279,7526.71,930.511,1,13,0.342105,440.842,17,2005.94,3506.24,19861,19858
2,5,17,ML-DSA-87_signed-by_ML-DSA-87,ML-DSA-87_signed-by_ML-DSA-87,54.585,5967.71,767.672,1,24,0.685714,677.886,15,2949.66,3872.07,19861,19858
2,2,16,ML-DSA-87_signed-by_ML-DSA-87,ML-DSA-87_signed-by_ML-DSA-87,56.44,5771.59,892.123,1,35,0.76087,881.739,24,1688.93,6414.63,19861,19858
2,4,4,ML-DSA-87_signed-by_ML-DSA-87,ML-DSA-87_signed-by_ML-DSA-87,59.555,5469.68,852.98,1,48,1,597.167,24,1681.96,2265.06,19861,19858
2,6,19,ML-DSA-87_signed-by_ML-DSA-87,ML-DSA-87_signed-by_ML-DSA-87,44.729,7282.72,805.197,1,0,0,618.125,10,1992.55,2311.01,19861,19858
2,5,18,ML-DSA-87_signed-by_ML-DSA-87,ML-DSA-87_signed-by_ML-DSA-87,48.575,6706.11,1099.82,1,36,0.705882,632.745,15,1692.93,3211.86,19861,19858
2,8,11,ML-DSA-87_signed-by_ML-DSA-87,ML-DSA-87_signed-by_ML-DSA-87,79.831,4080.5,781.848,1,81,1.5283,586.755,17,1667.33,3852.62,19861,19858
2,4,5,ML-DSA-87_signed-by_ML-DSA-87,ML-DSA-87_signed-by_ML-DSA-87,58.753,5544.35,843.655,1,51,1.18605,646.651,24,2322.37,2247.47,19861,19858
2,6,20,ML-DSA-87_signed-by_ML-DSA-87,ML-DSA-87_signed-by_ML-DSA-87,52.041,6259.46,1029.95,1,72,1.71429,618.857,10,2623.58,2586.66,19861,19858
2,2,17,ML-DSA-87_signed-by_ML-DSA-87,ML-DSA-87_signed-by_ML-DSA-87,61.688,5280.55,732.448,1,27,0.658537,702.78,24,1726.97,6038.19,19861,19858
2,2,18,ML-DSA-87_signed-by_ML-DSA-87,ML-DSA-87_signed-by_ML-DSA-87,30.386,10720.4,1185.27,1,0,0,501.875,24,2328.77,1630.92,19861,19858
2,4,6,ML-DSA-87_signed-by_ML-DSA-87,ML-DSA-87_signed-by_ML-DSA-87,52.602,6192.69,679.814,1,0,0,463.29,24,2296.7,1959.36,19861,19858
2,6,21,ML-DSA-87_signed-by_ML-DSA-87,ML-DSA-87_signed-by_ML-DSA-87,55.182,5903.15,757.048,1,15,0.441176,516,10,2624.38,1954.34,19861,19858
2,8,12,ML-DSA-87_signed-by_ML-DSA-87,ML-DSA-87_signed-by_ML-DSA-87,65.852,4946.72,953.653,1,90,1.63636,492.691,17,2663.62,4787.45,19861,19858
2,5,19,ML-DSA-87_signed-by_ML-DSA-87,ML-DSA-87_signed-by_ML-DSA-87,102.197,3187.49,609.489,1,94,2.08889,972.933,15,2626.23,1945.37,19861,19858
2,2,19,ML-DSA-87_signed-by_ML-DSA-87,ML-DSA-87_signed-by_ML-DSA-87,78.788,4134.49,901.243,1,93,1.69091,986.073,24,1749.85,1952.82,19861,19858
2,4,7,ML-DSA-87_signed-by_ML-DSA-87,ML-DSA-87_signed-by_ML-DSA-87,61.04,5336.64,715.327,1,21,0.477273,372.182,24,1661.61,2260.7,19861,19858
2,6,22,ML-DSA-87_signed-by_ML-DSA-87,ML-DSA-87_signed-by_ML-DSA-87,67.268,4842.55,598.674,1,6,0.157895,579.368,10,2003.36,3523.89,19861,19858
2,8,13,ML-DSA-87_signed-by_ML-DSA-87,ML-DSA-87_signed-by_ML-DSA-87,64.869,5021.62,624.758,1,6,0.153846,480.462,17,1996.24,1678.12,19861,19858
2,5,20,ML-DSA-87_signed-by_ML-DSA-87,ML-DSA-87_signed-by_ML-DSA-87,50.129,6498.22,832.086,1,30,0.882353,851.765,15,3547.17,1646.89,19861,19858
2,2,20,ML-DSA-87_signed-by_ML-DSA-87,ML-DSA-87_signed-by_ML-DSA-87,53.226,6120.11,734.371,0.432432,21,0.567568,531.946,24,1703.87,1629.32,19861,19858
2,4,8,ML-DSA-87_signed-by_ML-DSA-87,ML-DSA-87_signed-by_ML-DSA-87,51.975,6267.42,688.017,1,0,0,463.29,24,2335.98,4494.4,19861,19858
2,6,23,ML-DSA-87_signed-by_ML-DSA-87,ML-DSA-87_signed-by_ML-DSA-87,47.512,6856.14,752.645,1,0,0,517.226,10,1725.91,1954.07,19861,19858
2,8,14,ML-DSA-87_signed-by_ML-DSA-87,ML-DSA-87_signed-by_ML-DSA-87,56.403,5775.38,765.058,1,21,0.5,357.619,17,1750.14,3858.7,19861,19858
2,5,21,ML-DSA-87_signed-by_ML-DSA-87,ML-DSA-87_signed-by_ML-DSA-87,47.592,6844.62,1001.5,1,27,0.55102,1212.94,15,2347.54,1657.81,19861,19858
2,6,24,ML-DSA-87_signed-by_ML-DSA-87,ML-DSA-87_signed-by_ML-DSA-87,19.512,16694.4,1838.4,0.4375,0,0,501.75,10,2030.81,1640.55,19861,19858
2,4,9,ML-DSA-87_signed-by_ML-DSA-87,ML-DSA-87_signed-by_ML-DSA-87,59.782,5448.94,757.946,1,52,1.40541,526,24,2065.6,4537.65,19861,19858
2,5,22,ML-DSA-87_signed-by_ML-DSA-87,ML-DSA-87_signed-by_ML-DSA-87,49.51,6579.49,727.445,1,0,0,655.125,15,1980.44,2627.78,19861,19858
2,6,25,ML-DSA-87_signed-by_ML-DSA-87,ML-DSA-87_signed-by_ML-DSA-87,50.268,6480.25,711.381,1,0,0,516.839,10,1753.68,1666.29,19861,19858
2,8,15,ML-DSA-87_signed-by_ML-DSA-87,ML-DSA-87_signed-by_ML-DSA-87,66.531,4896.17,740.937,1,45,0.978261,364.435,18,3275.88,2007.06,19861,19858
2,2,21,ML-DSA-87_signed-by_ML-DSA-87,ML-DSA-87_signed-by_ML-DSA-87,100.239,3249.72,596.329,1,82,1.57692,1271.69,24,1689.56,1976.68,19861,19858
2,4,10,ML-DSA-87_signed-by_ML-DSA-87,ML-DSA-87_signed-by_ML-DSA-87,55.176,5903.77,893.707,1,51,1.21429,661.143,24,3407.05,2263.53,19861,19858
2,5,23,ML-DSA-87_signed-by_ML-DSA-87,ML-DSA-87_signed-by_ML-DSA-87,58.403,5577.65,612.297,1,0,0,675.032,15,1650.55,1625.96,19861,19858
2,6,26,ML-DSA-87_signed-by_ML-DSA-87,ML-DSA-87_signed-by_ML-DSA-87,54.927,5930.54,651.036,1,0,0,516.839,10,2958.82,1635.19,19861,19858
2,8,16,ML-DSA-87_signed-by_ML-DSA-87,ML-DSA-87_signed-by_ML-DSA-87,53.567,6081.11,667.565,1,0,0,422,18,4178.44,2289.17,19861,19858
2,2,22,ML-DSA-87_signed-by_ML-DSA-87,ML-DSA-87_signed-by_ML-DSA-87,59.807,5446.63,972.179,1,89,1.81633,601.918,24,5169.73,3220.06,19861,19858
2,4,11,ML-DSA-87_signed-by_ML-DSA-87,ML-DSA-87_signed-by_ML-DSA-87,56.94,5720.89,811.791,1,36,0.878049,422,24,1682.12,2904.73,19861,19858
2,6,27,ML-DSA-87_signed-by_ML-DSA-87,ML-DSA-87_signed-by_ML-DSA-87,61.469,5299.39,658.796,1,27,0.818182,730.727,10,1683.6,3828.96,19861,19858
2,5,24,ML-DSA-87_signed-by_ML-DSA-87,ML-DSA-87_signed-by_ML-DSA-87,62.522,5210.13,895.929,1,68,1.7,1155,15,3623.64,3224.19,19861,19858
2,8,17,ML-DSA-87_signed-by_ML-DSA-87,ML-DSA-87_signed-by_ML-DSA-87,55.601,5858.68,647.751,1,7,0.21875,463.25,18,3110.9,1643.95,19861,19858
2,2,23,ML-DSA-87_signed-by_ML-DSA-87,ML-DSA-87_signed-by_ML-DSA-87,46.77,6964.91,988.317,1,42,0.893617,638.255,24,1677.53,1795.7,19861,19858
2,4,12,ML-DSA-87_signed-by_ML-DSA-87,ML-DSA-87_signed-by_ML-DSA-87,44.244,7362.55,808.237,1,0,0,463.29,24,2622.34,1963.03,19861,19858
2,8,18,ML-DSA-87_signed-by_ML-DSA-87,ML-DSA-87_signed-by_ML-DSA-87,53.336,6107.45,759.85,0.846154,6,0.153846,480.462,18,1670.06,1618.91,19861,19858
2,6,28,ML-DSA-87_signed-by_ML-DSA-87,ML-DSA-87_signed-by_ML-DSA-87,60.144,5416.12,1011.42,1,72,1.56522,542.609,10,4210.56,1635.93,19861,19858
2,2,24,ML-DSA-87_signed-by_ML-DSA-87,ML-DSA-87_signed-by_ML-DSA-87,47.381,6875.1,848.265,0.868421,0,0,604.526,24,2335.49,3829.38,19861,19858
2,5,25,ML-DSA-87_signed-by_ML-DSA-87,ML-DSA-87_signed-by_ML-DSA-87,64.118,5080.49,678.996,1,47,1.46875,962.125,15,1675.64,1960.19,19861,19858
2,6,29,ML-DSA-87_signed-by_ML-DSA-87,ML-DSA-87_signed-by_ML-DSA-87,26.569,12260.2,1183.29,0.92,0,0,608.72,10,2006.11,2093.5,19861,19858
2,5,26,ML-DSA-87_signed-by_ML-DSA-87,ML-DSA-87_signed-by_ML-DSA-87,41.96,7763.38,981.123,1,1,0.025,955.9,15,1999.85,2272.6,19861,19858
2,6,30,ML-DSA-87_signed-by_ML-DSA-87,ML-DSA-87_signed-by_ML-DSA-87,42.461,7671.77,943.922,1,0,0,619.946,10,2382.07,1633.34,19861,19858
2,8,19,ML-DSA-87_signed-by_ML-DSA-87,ML-DSA-87_signed-by_ML-DSA-87,73.881,4409.14,924.513,1,105,1.875,486.857,18,3247.13,3198.57,19861,19858
2,4,13,ML-DSA-87_signed-by_ML-DSA-87,ML-DSA-87_signed-by_ML-DSA-87,106.523,3058.04,603.362,1,88,1.27536,321.594,24,2963.15,1611.71,19861,19858
2,2,25,ML-DSA-87_signed-by_ML-DSA-87,ML-DSA-87_signed-by_ML-DSA-87,74.437,4376.21,686.97,1,70,1.75,1111.6,24,1674.52,5424.66,19861,19858
2,5,27,ML-DSA-87_signed-by_ML-DSA-87,ML-DSA-87_signed-by_ML-DSA-87,58.885,5531.94,761.068,1,27,0.692308,862.718,15,1681.16,1950.46,19861,19858
2,6,31,ML-DSA-87_signed-by_ML-DSA-87,ML-DSA-87_signed-by_ML-DSA-87,39.307,8287.35,916.271,1,0,0,501.875,10,2093.86,2573.21,19861,19858
2,4,14,ML-DSA-87_signed-by_ML-DSA-87,ML-DSA-87_signed-by_ML-DSA-87,51.706,6300.02,691.595,1,0,0,463.29,24,1683.01,1676.44,19861,19858
2,2,26,ML-DSA-87_signed-by_ML-DSA-87,ML-DSA-87_signed-by_ML-DSA-87,47.941,6794.79,745.91,1,0,0,516.839,24,1687.67,4480.8,19861,19858
2,8,20,ML-DSA-87_signed-by_ML-DSA-87,ML-DSA-87_signed-by_ML-DSA-87,55.749,5843.12,735.287,1,45,1.45161,668.581,18,2628.25,1619.58,19861,19858
2,5,28,ML-DSA-87_signed-by_ML-DSA-87,ML-DSA-87_signed-by_ML-DSA-87,51.695,6301.39,691.746,1,0,0,675.032,15,2370.29,1945.32,19861,19858
2,6,32,ML-DSA-87_signed-by_ML-DSA-87,ML-DSA-87_signed-by_ML-DSA-87,53.005,6145.65,786.94,1,23,0.676471,521.412,10,2053.76,3510.4,19861,19858
2,4,15,ML-DSA-87_signed-by_ML-DSA-87,ML-DSA-87_signed-by_ML-DSA-87,48.298,6744.6,740.401,1,0,0,463.29,24,3866.88,2344.22,19861,19858
2,8,21,ML-DSA-87_signed-by_ML-DSA-87,ML-DSA-87_signed-by_ML-DSA-87,51.201,6362.18,874.978,1,45,1.28571,749.429,18,2655.52,1684.75,19861,19858
2,6,33,ML-DSA-87_signed-by_ML-DSA-87,ML-DSA-87_signed-by_ML-DSA-87,33.061,9852.79,1103.38,1,1,0.03125,502.5,10,2348.58,2607.71,19861,19858
2,5,29,ML-DSA-87_signed-by_ML-DSA-87,ML-DSA-87_signed-by_ML-DSA-87,41.069,7931.78,1154.34,1,13,0.361111,655.667,15,3470.36,2301.79,19861,19858
2,8,22,ML-DSA-87_signed-by_ML-DSA-87,ML-DSA-87_signed-by_ML-DSA-87,32.26,10097.4,1242.37,1,0,0,504.378,18,1995.92,3543.43,19861,19858
2,6,34,ML-DSA-87_signed-by_ML-DSA-87,ML-DSA-87_signed-by_ML-DSA-87,31.061,10487.2,1627.2,0.981132,42,0.792453,370.151,10,1711.54,1661.61,19861,19858
2,8,23,ML-DSA-87_signed-by_ML-DSA-87,ML-DSA-87_signed-by_ML-DSA-87,22.883,14235.1,1573.87,0.9375,0,0,410,18,2679.59,1644.99,19861,19858
2,5,30,ML-DSA-87_signed-by_ML-DSA-87,ML-DSA-87_signed-by_ML-DSA-87,37.282,8737.28,1171.15,1,21,0.477273,577.909,16,2332.99,4153.07,19861,19858
2,6,35,ML-DSA-87_signed-by_ML-DSA-87,ML-DSA-87_signed-by_ML-DSA-87,22.105,14736.1,1433.84,0.846154,0,0,764.923,10,3271.15,2322.88,19861,19858
2,5,31,ML-DSA-87_signed-by_ML-DSA-87,ML-DSA-87_signed-by_ML-DSA-87,34.476,9448.42,1037.22,0.709677,0,0,675.032,16,2352.19,2296.78,19861,19858
2,8,24,ML-DSA-87_signed-by_ML-DSA-87,ML-DSA-87_signed-by_ML-DSA-87,37.025,8797.98,1209.97,0.628571,45,1.28571,609.543,18,2021.31,2640.11,19861,19858
2,6,36,ML-DSA-87_signed-by_ML-DSA-87,ML-DSA-87_signed-by_ML-DSA-87,28.616,11383.3,1400.59,0.189189,7,0.189189,619.946,10,1729.04,1679.29,19861,19858
2,5,32,ML-DSA-87_signed-by_ML-DSA-87,ML-DSA-87_signed-by_ML-DSA-87,22.692,14355,1408.03,0.740741,0,0,741.852,16,2658.82,1675.28,19861,19858
2,8,25,ML-DSA-87_signed-by_ML-DSA-87,ML-DSA-87_signed-by_ML-DSA-87,32.192,10118.7,1392.1,0.794872,27,0.692308,573.385,19,3576.09,1999,19861,19858
2,6,37,ML-DSA-87_signed-by_ML-DSA-87,ML-DSA-87_signed-by_ML-DSA-87,36.348,8961.81,989.081,1,6,0.1875,781.875,10,2971.21,2611.36,19861,19858
2,5,33,ML-DSA-87_signed-by_ML-DSA-87,ML-DSA-87_signed-by_ML-DSA-87,44.21,7368.27,1245.69,1,75,1.70455,1062.09,16,3281.26,2890.91,19861,19858
2,6,38,ML-DSA-87_signed-by_ML-DSA-87,ML-DSA-87_signed-by_ML-DSA-87,33.244,9798.58,1213.3,1,0,0,604.632,10,2376.47,3550.48,19861,19858
2,8,26,ML-DSA-87_signed-by_ML-DSA-87,ML-DSA-87_signed-by_ML-DSA-87,56.441,5771.52,1030.17,1,89,1.81633,542.163,19,5139.9,1631.76,19861,19858
2,5,34,ML-DSA-87_signed-by_ML-DSA-87,ML-DSA-87_signed-by_ML-DSA-87,33.932,9599.94,1186.82,0.605263,6,0.157895,1093.68,16,3608.8,3562,19861,19858
2,6,39,ML-DSA-87_signed-by_ML-DSA-87,ML-DSA-87_signed-by_ML-DSA-87,28.388,11474.7,1266.42,0.40625,13,0.40625,501.875,10,2360.3,4188.23,19861,19858
2,8,27,ML-DSA-87_signed-by_ML-DSA-87,ML-DSA-87_signed-by_ML-DSA-87,29.268,11129.7,1522.44,0.342105,27,0.710526,514.842,19,2339.35,3233.02,19861,19858
2,2,27,ML-DSA-87_signed-by_ML-DSA-87,ML-DSA-87_signed-by_ML-DSA-87,264.663,1230.81,218.3,1,78,1.56,817.84,24,1990.13,2292.45,19861,19858
2,5,35,ML-DSA-87_signed-by_ML-DSA-87,ML-DSA-87_signed-by_ML-DSA-87,26.642,12226.6,1342.2,0.354839,0,0,675.032,16,4219.32,2351.06,19861,19858
2,6,40,ML-DSA-87_signed-by_ML-DSA-87,ML-DSA-87_signed-by_ML-DSA-87,45.297,7191.39,1053.66,1,21,0.428571,563.306,10,2672.12,4157.42,19861,19858
2,8,28,ML-DSA-87_signed-by_ML-DSA-87,ML-DSA-87_signed-by_ML-DSA-87,43.33,7517.85,995.881,1,21,0.5,370,19,1725.04,1652.77,19861,19858
2,2,28,ML-DSA-87_signed-by_ML-DSA-87,ML-DSA-87_signed-by_ML-DSA-87,55.609,5857.83,917.25,1,68,1.74359,694.205,24,2024.02,1658.67,19861,19858
2,5,36,ML-DSA-87_signed-by_ML-DSA-87,ML-DSA-87_signed-by_ML-DSA-87,50.625,6434.57,946.562,1,46,1.21053,766.526,16,3576.28,2620.99,19861,19858
2,6,41,ML-DSA-87_signed-by_ML-DSA-87,ML-DSA-87_signed-by_ML-DSA-87,30.338,10737.1,1422.33,0.380952,28,0.666667,440,10,1670.93,1998.86,19861,19858
2,8,29,ML-DSA-87_signed-by_ML-DSA-87,ML-DSA-87_signed-by_ML-DSA-87,54.291,6000.06,1071.84,1,63,0.969231,333.262,19,2315.77,4159.82,19861,19858
2,2,29,ML-DSA-87_signed-by_ML-DSA-87,ML-DSA-87_signed-by_ML-DSA-87,44.314,7350.93,818.515,1,0,0,487.818,24,1703.36,4208.67,19861,19858
2,6,42,ML-DSA-87_signed-by_ML-DSA-87,ML-DSA-87_signed-by_ML-DSA-87,40.66,8011.57,1220.65,1,10,0.232558,624.233,10,2016.1,2575.19,19861,19858
2,5,37,ML-DSA-87_signed-by_ML-DSA-87,ML-DSA-87_signed-by_ML-DSA-87,44.418,7333.68,1169.6,1,48,0.979592,692.286,16,3943.27,4782.4,19861,19858
2,8,30,ML-DSA-87_signed-by_ML-DSA-87,ML-DSA-87_signed-by_ML-DSA-87,20.331,16021.8,1764.33,0.40625,0,0,409.875,19,2298.57,1650.27,19861,19858
2,5,38,ML-DSA-87_signed-by_ML-DSA-87,ML-DSA-87_signed-by_ML-DSA-87,28.036,11618.7,1309.71,0.361111,12,0.333333,586.556,16,2970.51,2712.51,19861,19858
2,6,43,ML-DSA-87_signed-by_ML-DSA-87,ML-DSA-87_signed-by_ML-DSA-87,41.054,7934.71,1022.26,1,23,0.657143,513.657,10,2645.54,2317.63,19861,19858
2,1,12,ML-DSA-87_signed-by_ML-DSA-87,ML-DSA-87_signed-by_ML-DSA-87,1274.55,255.582,53.9171,1,54,1,1062.37,24,1998.46,1627.02,19861,19858
2,2,30,ML-DSA-87_signed-by_ML-DSA-87,ML-DSA-87_signed-by_ML-DSA-87,68.885,4728.91,700.296,1,56,1.4,673.3,24,2635.72,1643.45,19861,19858
2,6,44,ML-DSA-87_signed-by_ML-DSA-87,ML-DSA-87_signed-by_ML-DSA-87,34.544,9430,1035.19,0.870968,0,0,507.806,10,1676.24,6687.86,19861,19858
2,8,31,ML-DSA-87_signed-by_ML-DSA-87,ML-DSA-87_signed-by_ML-DSA-87,78.001,4176.23,520.811,1,29,0.852941,740.353,19,2936.14,2967.88,19861,19858
2,6,45,ML-DSA-87_signed-by_ML-DSA-87,ML-DSA-87_signed-by_ML-DSA-87,58.291,5588.29,613.464,1,0,0,516.839,10,1690.02,3530.46,19861,19858
2,2,31,ML-DSA-87_signed-by_ML-DSA-87,ML-DSA-87_signed-by_ML-DSA-87,67.056,4857.84,739.192,1,51,1.18605,793.349,24,1724.47,4166.19,19861,19858
2,8,32,ML-DSA-87_signed-by_ML-DSA-87,ML-DSA-87_signed-by_ML-DSA-87,42.664,7635.22,1186.19,0.553191,35,0.744681,589.66,18,1720.77,1628.47,19861,19858
2,1,13,ML-DSA-87_signed-by_ML-DSA-87,ML-DSA-87_signed-by_ML-DSA-87,75.389,4320.92,799.475,1,77,1.67391,1917.65,24,2306.6,2877.91,19861,19858
2,2,32,ML-DSA-87_signed-by_ML-DSA-87,ML-DSA-87_signed-by_ML-DSA-87,48.917,6659.22,736.26,1,0,0,501.875,24,1731.8,2891.43,19861,19858
2,6,46,ML-DSA-87_signed-by_ML-DSA-87,ML-DSA-87_signed-by_ML-DSA-87,61.931,5259.85,653.88,1,27,0.818182,583.818,10,3253.65,1675.4,19861,19858
2,1,14,ML-DSA-87_signed-by_ML-DSA-87,ML-DSA-87_signed-by_ML-DSA-87,62.688,5196.34,999.477,1,81,1.62,1323.44,24,2951.36,1681.99,19861,19858
2,8,33,ML-DSA-87_signed-by_ML-DSA-87,ML-DSA-87_signed-by_ML-DSA-87,90.043,3617.72,663.503,1,96,2.08696,756,18,3596.43,2896.26,19861,19858
2,5,39,ML-DSA-87_signed-by_ML-DSA-87,ML-DSA-87_signed-by_ML-DSA-87,198.782,1638.73,240.343,1,34,0.68,690.48,16,3583.01,2567.34,19861,19858
2,2,33,ML-DSA-87_signed-by_ML-DSA-87,ML-DSA-87_signed-by_ML-DSA-87,49.206,6620.12,731.938,1,0,0,501.875,24,1750.32,3204.94,19861,19858
2,6,47,ML-DSA-87_signed-by_ML-DSA-87,ML-DSA-87_signed-by_ML-DSA-87,51.279,6352.5,781.601,0.432432,0,0,619.946,10,2926.41,1678.72,19861,19858
2,1,15,ML-DSA-87_signed-by_ML-DSA-87,ML-DSA-87_signed-by_ML-DSA-87,52.799,6169.61,677.28,0.516129,0,0,990.258,24,3552.94,2628.62,19861,19858
2,8,34,ML-DSA-87_signed-by_ML-DSA-87,ML-DSA-87_signed-by_ML-DSA-87,42.87,7598.55,733.375,0,0,0,495.92,18,1682.57,2281.66,19861,19858
2,5,40,ML-DSA-87_signed-by_ML-DSA-87,ML-DSA-87_signed-by_ML-DSA-87,51.805,6288,777.371,0.578947,6,0.157895,1093.68,16,3610.06,1676.64,19861,19858
2,2,34,ML-DSA-87_signed-by_ML-DSA-87,ML-DSA-87_signed-by_ML-DSA-87,61.394,5305.88,586.632,0.6875,0,0,502.25,24,2065.4,1670.38,19861,19858
2,6,48,ML-DSA-87_signed-by_ML-DSA-87,ML-DSA-87_signed-by_ML-DSA-87,53.246,6117.83,590.463,0.88,0,0,608.72,10,2309.53,3222.83,19861,19858
2,1,16,ML-DSA-87_signed-by_ML-DSA-87,ML-DSA-87_signed-by_ML-DSA-87,54.906,5932.87,651.291,0.709677,0,0,990.258,24,1674.48,2001.85,19861,19858
2,8,35,ML-DSA-87_signed-by_ML-DSA-87,ML-DSA-87_signed-by_ML-DSA-87,49.996,6515.53,987.594,0.833333,45,1.07143,738,18,1674.72,1641.83,19861,19858
2,5,41,ML-DSA-87_signed-by_ML-DSA-87,ML-DSA-87_signed-by_ML-DSA-87,54.476,5979.69,656.431,0.83871,0,0,625.484,16,1737.08,4816.9,19861,19858
2,1,17,ML-DSA-87_signed-by_ML-DSA-87,ML-DSA-87_signed-by_ML-DSA-87,33.873,9616.86,1055.71,1,0,0,990.258,24,2056.47,1639.45,19861,19858
2,6,49,ML-DSA-87_signed-by_ML-DSA-87,ML-DSA-87_signed-by_ML-DSA-87,58.136,5603.21,967.926,1,48,0.872727,520.109,10,1699.69,1660.46,19861,19858
2,8,36,ML-DSA-87_signed-by_ML-DSA-87,ML-DSA-87_signed-by_ML-DSA-87,60.118,5418.49,745.194,1,45,1.28571,725.086,18,3562.41,2011.53,19861,19858
2,5,42,ML-DSA-87_signed-by_ML-DSA-87,ML-DSA-87_signed-by_ML-DSA-87,45.647,7136.28,789.006,1,7,0.21875,585.625,16,1697.48,3654.02,19861,19858
2,6,50,ML-DSA-87_signed-by_ML-DSA-87,ML-DSA-87_signed-by_ML-DSA-87,50.371,6467,1059.33,1,54,1.2,555.067,10,1738.91,1951.45,19861,19858
2,1,18,ML-DSA-87_signed-by_ML-DSA-87,ML-DSA-87_signed-by_ML-DSA-87,70.796,4601.21,699.013,1,46,0.978723,842.766,24,2673.72,3517.97,19861,19858
2,8,37,ML-DSA-87_signed-by_ML-DSA-87,ML-DSA-87_signed-by_ML-DSA-87,33.328,9774.1,1351.89,1,45,1.25,706,18,3025.07,1949.81,19861,19858
2,5,43,ML-DSA-87_signed-by_ML-DSA-87,ML-DSA-87_signed-by_ML-DSA-87,42.813,7608.67,1107.69,1,26,0.590909,568.182,16,1668.52,1976.05,19861,19858
2,1,19,ML-DSA-87_signed-by_ML-DSA-87,ML-DSA-87_signed-by_ML-DSA-87,36.213,8995.44,987.491,1,0,0,990.258,24,2700.24,1642.47,19861,19858
2,6,51,ML-DSA-87_signed-by_ML-DSA-87,ML-DSA-87_signed-by_ML-DSA-87,41.933,7768.37,1312.18,1,69,1.27778,432.444,10,1991.53,2567.68,19861,19858
2,8,38,ML-DSA-87_signed-by_ML-DSA-87,ML-DSA-87_signed-by_ML-DSA-87,51.936,6272.12,757.541,1,21,0.552632,418.211,18,4257.77,1632.09,19861,19858
2,5,44,ML-DSA-87_signed-by_ML-DSA-87,ML-DSA-87_signed-by_ML-DSA-87,42.006,7754.86,869.587,1,0,0,474.588,16,1695.94,3597.05,19861,19858
2,1,20,ML-DSA-87_signed-by_ML-DSA-87,ML-DSA-87_signed-by_ML-DSA-87,34.105,9551.17,1223.01,1,30,0.882353,1061.76,24,1695.31,2580.74,19861,19858
2,6,52,ML-DSA-87_signed-by_ML-DSA-87,ML-DSA-87_signed-by_ML-DSA-87,43.911,7418.4,1113.15,1,27,0.613636,668.636,10,2007.9,1993.66,19861,19858
2,8,39,ML-DSA-87_signed-by_ML-DSA-87,ML-DSA-87_signed-by_ML-DSA-87,59.743,5452.5,974.03,1,69,1.16949,674.203,18,2712.56,2601.31,19861,19858
2,5,45,ML-DSA-87_signed-by_ML-DSA-87,ML-DSA-87_signed-by_ML-DSA-87,64.89,5020,870.139,1,73,1.65909,621.909,16,2635.13,2279.12,19861,19858
2,6,53,ML-DSA-87_signed-by_ML-DSA-87,ML-DSA-87_signed-by_ML-DSA-87,38.478,8465.92,1204.22,1,36,0.857143,436.381,10,2279.79,2583.86,19861,19858
2,8,40,ML-DSA-87_signed-by_ML-DSA-87,ML-DSA-87_signed-by_ML-DSA-87,31.976,10187.1,1269.42,1,0,0,745.487,18,2306.8,1652.62,19861,19858
2,5,46,ML-DSA-87_signed-by_ML-DSA-87,ML-DSA-87_signed-by_ML-DSA-87,26.721,12190.5,1683.72,0.638889,46,1.27778,619.333,16,1740.54,1629.62,19861,19858
2,6,54,ML-DSA-87_signed-by_ML-DSA-87,ML-DSA-87_signed-by_ML-DSA-87,34.997,9307.75,1029.09,1,0,0,501.875,10,2307.25,1658.28,19861,19858
2,6,55,ML-DSA-87_signed-by_ML-DSA-87,ML-DSA-87_signed-by_ML-DSA-87,26.999,12065.1,1774.84,1,46,1.21053,444.211,9,1718.78,5494.82,19861,19858
2,8,41,ML-DSA-87_signed-by_ML-DSA-87,ML-DSA-87_signed-by_ML-DSA-87,39.518,8243.1,1096.81,1,22,0.511628,407.86,17,1691.45,2269.59,19861,19858
2,5,47,ML-DSA-87_signed-by_ML-DSA-87,ML-DSA-87_signed-by_ML-DSA-87,41.707,7810.3,1268.25,1,67,1.36735,537.265,16,3886.95,5099.82,19861,19858
2,6,56,ML-DSA-87_signed-by_ML-DSA-87,ML-DSA-87_signed-by_ML-DSA-87,27.05,12042.3,1331.43,0.53125,0,0,501.875,9,2985.92,3851.06,19861,19858
2,8,42,ML-DSA-87_signed-by_ML-DSA-87,ML-DSA-87_signed-by_ML-DSA-87,29.179,11163.7,1380.15,0.447368,13,0.342105,394.211,17,1993.27,2890.43,19861,19858
2,5,48,ML-DSA-87_signed-by_ML-DSA-87,ML-DSA-87_signed-by_ML-DSA-87,27.005,12062.3,1544.56,0.5,23,0.676471,545.647,16,4237.19,2572.93,19861,19858
2,6,57,ML-DSA-87_signed-by_ML-DSA-87,ML-DSA-87_signed-by_ML-DSA-87,17.887,18211.2,2013.47,0.34375,0,0,501.875,9,2961.85,2276.97,19861,19858
2,8,43,ML-DSA-87_signed-by_ML-DSA-87,ML-DSA-87_signed-by_ML-DSA-87,26.897,12110.8,1339,1,0,0,410,17,1981.41,1660.63,19861,19858
2,5,49,ML-DSA-87_signed-by_ML-DSA-87,ML-DSA-87_signed-by_ML-DSA-87,40.027,8138.11,1267.91,0.868421,68,1.78947,597.263,16,2922.64,2270.48,19861,19858
2,6,58,ML-DSA-87_signed-by_ML-DSA-87,ML-DSA-87_signed-by_ML-DSA-87,28.442,11452.9,1257.27,0.709677,0,0,516.839,9,1969.28,2871.28,19861,19858
2,8,44,ML-DSA-87_signed-by_ML-DSA-87,ML-DSA-87_signed-by_ML-DSA-87,23.389,13927.3,1528.89,0,0,0,422,17,2010.52,2653.49,19861,19858
2,5,50,ML-DSA-87_signed-by_ML-DSA-87,ML-DSA-87_signed-by_ML-DSA-87,22.701,14349.3,1575.22,0.903226,7,0.225806,463.29,16,3555.3,2279.84,19861,19858
2,8,45,ML-DSA-87_signed-by_ML-DSA-87,ML-DSA-87_signed-by_ML-DSA-87,20.156,16161.1,1786.81,1,7,0.21875,410,17,3900.93,1635.5,19861,19858
2,6,59,ML-DSA-87_signed-by_ML-DSA-87,ML-DSA-87_signed-by_ML-DSA-87,37.711,8638.09,1193.07,1,46,1.27778,619.333,9,1760.98,1655.93,19861,19858
2,5,51,ML-DSA-87_signed-by_ML-DSA-87,ML-DSA-87_signed-by_ML-DSA-87,22.673,14366.9,1787.43,0.717949,6,0.153846,553.077,16,2652.87,1635.69,19861,19858
2,6,60,ML-DSA-87_signed-by_ML-DSA-87,ML-DSA-87_signed-by_ML-DSA-87,19.918,16353.9,1591.25,1,0,0,586.769,9,3569.73,1663.24,19861,19858
2,1,21,ML-DSA-87_signed-by_ML-DSA-87,ML-DSA-87_signed-by_ML-DSA-87,252.501,1290.1,231.73,1,74,1.21311,1162.26,24,1677.42,1626.29,19861,19858
2,4,16,ML-DSA-87_signed-by_ML-DSA-87,ML-DSA-87_signed-by_ML-DSA-87,1054.34,308.964,61.5211,1,80,1.73913,373.391,24,3283.09,2289.38,19861,19858
2,8,46,ML-DSA-87_signed-by_ML-DSA-87,ML-DSA-87_signed-by_ML-DSA-87,82.427,3951.96,730.626,1,88,1.62963,600.37,17,2328.84,1939.18,19861,19858
2,5,52,ML-DSA-87_signed-by_ML-DSA-87,ML-DSA-87_signed-by_ML-DSA-87,66.669,4886.08,1186.03,1,183,3,632.557,16,2308.18,2892.52,19861,19858
2,6,61,ML-DSA-87_signed-by_ML-DSA-87,ML-DSA-87_signed-by_ML-DSA-87,51.683,6302.82,923.466,1,21,0.428571,508.286,9,2326.5,4214.27,19861,19858
2,1,22,ML-DSA-87_signed-by_ML-DSA-87,ML-DSA-87_signed-by_ML-DSA-87,45.99,7083.03,777.552,1,0,0,990.258,24,2030.65,3193.19,19861,19858
2,4,17,ML-DSA-87_signed-by_ML-DSA-87,ML-DSA-87_signed-by_ML-DSA-87,46.299,7035.71,763.373,1,30,0.681818,187.182,24,3270.24,1956.24,19861,19858
2,6,62,ML-DSA-87_signed-by_ML-DSA-87,ML-DSA-87_signed-by_ML-DSA-87,32.729,9952.94,1384.94,1,21,0.6,619.714,9,2316.22,2270.72,19861,19858
2,4,18,ML-DSA-87_signed-by_ML-DSA-87,ML-DSA-87_signed-by_ML-DSA-87,32.937,9889.9,1360.14,1,45,1.28571,532.4,24,1717.95,2590.32,19861,19858
2,8,47,ML-DSA-87_signed-by_ML-DSA-87,ML-DSA-87_signed-by_ML-DSA-87,43.473,7493.14,1423.58,1,69,1.16949,376.169,17,1686.53,2687.13,19861,19858
2,6,63,ML-DSA-87_signed-by_ML-DSA-87,ML-DSA-87_signed-by_ML-DSA-87,27.402,11887.6,1515.18,0.30303,3,0.0909091,500.909,9,2035.23,3246.14,19861,19858
2,4,19,ML-DSA-87_signed-by_ML-DSA-87,ML-DSA-87_signed-by_ML-DSA-87,32.569,10001.6,1097.94,0,0,0,422,24,2628.42,1867.46,19861,19858
2,5,53,ML-DSA-87_signed-by_ML-DSA-87,ML-DSA-87_signed-by_ML-DSA-87,74.326,4382.73,607.915,1,47,1.27027,540.27,16,1971.24,3230.72,19861,19858
2,8,48,ML-DSA-87_signed-by_ML-DSA-87,ML-DSA-87_signed-by_ML-DSA-87,53.766,6058.65,802.583,0.238095,21,0.5,353.81,17,2324.27,1643.45,19861,19858
2,6,64,ML-DSA-87_signed-by_ML-DSA-87,ML-DSA-87_signed-by_ML-DSA-87,43.51,7486.8,821.876,0.645161,0,0,517.226,9,1716.65,1647.17,19861,19858
2,5,54,ML-DSA-87_signed-by_ML-DSA-87,ML-DSA-87_signed-by_ML-DSA-87,38.809,8393.7,921.433,0.645161,0,0,463.29,16,2976.78,1661.19,19861,19858
2,1,23,ML-DSA-87_signed-by_ML-DSA-87,ML-DSA-87_signed-by_ML-DSA-87,113.904,2859.87,437.841,1,55,1.12245,843.388,24,2628.19,2318.12,19861,19858
2,4,20,ML-DSA-87_signed-by_ML-DSA-87,ML-DSA-87_signed-by_ML-DSA-87,65.385,4981.99,659.959,1,28,0.666667,353.81,24,3599.1,2265.35,19861,19858
2,6,65,ML-DSA-87_signed-by_ML-DSA-87,ML-DSA-87_signed-by_ML-DSA-87,47.527,6853.97,942.949,1,27,0.692308,525.077,9,1653,1645.8,19861,19858
2,8,49,ML-DSA-87_signed-by_ML-DSA-87,ML-DSA-87_signed-by_ML-DSA-87,56.045,5812.25,803.058,1,40,1,439.4,17,2956.78,2878.5,19861,19858
2,1,24,ML-DSA-87_signed-by_ML-DSA-87,ML-DSA-87_signed-by_ML-DSA-87,58.006,5615.76,694.264,1,6,0.157895,1618.63,24,2961.22,3242.2,19861,19858
2,4,21,ML-DSA-87_signed-by_ML-DSA-87,ML-DSA-87_signed-by_ML-DSA-87,46.338,7029.86,1219.21,0.605263,6,0.157895,885.789,24,1708.24,2286.41,19861,19858
2,5,55,ML-DSA-87_signed-by_ML-DSA-87,ML-DSA-87_signed-by_ML-DSA-87,70.896,4594.78,635.521,1,45,1.25,573.222,16,1688.79,1637.61,19861,19858
2,8,50,ML-DSA-87_signed-by_ML-DSA-87,ML-DSA-87_signed-by_ML-DSA-87,46.218,7048.14,1089.44,0.369565,35,0.76087,580.783,17,2976.04,3314.82,19861,19858
2,6,66,ML-DSA-87_signed-by_ML-DSA-87,ML-DSA-87_signed-by_ML-DSA-87,53.927,6040.57,583.006,1,0,0,608.72,9,2312.79,4485.69,19861,19858
2,1,25,ML-DSA-87_signed-by_ML-DSA-87,ML-DSA-87_signed-by_ML-DSA-87,70.337,4631.25,762.265,1,54,1.17391,1286.7,24,2336.09,2888.43,19861,19858
2,4,22,ML-DSA-87_signed-by_ML-DSA-87,ML-DSA-87_signed-by_ML-DSA-87,65.834,4948.03,1268.39,0.947368,37,0.649123,1134.91,24,1701.92,1947.27,19861,19858
2,5,56,ML-DSA-87_signed-by_ML-DSA-87,ML-DSA-87_signed-by_ML-DSA-87,68.377,4764.02,634.828,1,21,0.488372,370.465,17,2014.04,5733.71,19861,19858
2,8,51,ML-DSA-87_signed-by_ML-DSA-87,ML-DSA-87_signed-by_ML-DSA-87,60.479,5386.15,689.158,1,14,0.411765,743.412,17,1730.13,1646.34,19861,19858
2,6,67,ML-DSA-87_signed-by_ML-DSA-87,ML-DSA-87_signed-by_ML-DSA-87,56.319,5784,741.768,1,2,0.05,577.3,9,1679.1,2254.63,19861,19858
2,1,26,ML-DSA-87_signed-by_ML-DSA-87,ML-DSA-87_signed-by_ML-DSA-87,41.867,7780.62,866.361,0.606061,0,0,932.545,24,2335.79,1651.85,19861,19858
2,5,57,ML-DSA-87_signed-by_ML-DSA-87,ML-DSA-87_signed-by_ML-DSA-87,48.867,6666.04,731.776,0.612903,0,0,427.677,17,1676.93,1633.51,19861,19858
2,8,52,ML-DSA-87_signed-by_ML-DSA-87,ML-DSA-87_signed-by_ML-DSA-87,44.046,7395.69,923.031,0.825,10,0.25,488.6,16,2030.22,1650.04,19861,19858
2,6,68,ML-DSA-87_signed-by_ML-DSA-87,ML-DSA-87_signed-by_ML-DSA-87,48.955,6654.07,730.462,1,0,0,636.839,9,2308.28,2267.8,19861,19858
2,4,23,ML-DSA-87_signed-by_ML-DSA-87,ML-DSA-87_signed-by_ML-DSA-87,68.722,4740.09,630.475,1,25,0.641026,405.385,24,1988.82,3224.08,19861,19858
2,1,27,ML-DSA-87_signed-by_ML-DSA-87,ML-DSA-87_signed-by_ML-DSA-87,68.065,4785.83,878.442,1,99,2.35714,1601.9,24,3585.02,1661.18,19861,19858
2,6,69,ML-DSA-87_signed-by_ML-DSA-87,ML-DSA-87_signed-by_ML-DSA-87,47.537,6852.56,1067.96,1,50,1.19048,532.952,9,2625.57,1624.7,19861,19858
2,5,58,ML-DSA-87_signed-by_ML-DSA-87,ML-DSA-87_signed-by_ML-DSA-87,58.053,5611.23,718.508,1,23,0.676471,440.118,17,4861.51,2881.07,19861,19858
2,4,24,ML-DSA-87_signed-by_ML-DSA-87,ML-DSA-87_signed-by_ML-DSA-87,46.178,7054.2,774.387,0.774194,0,0,498.387,24,2008.72,1638.12,19861,19858
2,3,5,ML-DSA-87_signed-by_ML-DSA-87,ML-DSA-87_signed-by_ML-DSA-87,3053.12,106.695,26.2656,1,59,0.855072,378.696,24,3285.52,2920.13,19861,19858
2,1,28,ML-DSA-87_signed-by_ML-DSA-87,ML-DSA-87_signed-by_ML-DSA-87,49.49,6582.08,842.824,1,23,0.676471,1139.18,24,3277.03,1944.67,19861,19858
2,5,59,ML-DSA-87_signed-by_ML-DSA-87,ML-DSA-87_signed-by_ML-DSA-87,48.496,6716.99,737.37,1,0,0,422,17,1985.12,2249.12,19861,19858
2,6,70,ML-DSA-87_signed-by_ML-DSA-87,ML-DSA-87_signed-by_ML-DSA-87,67.682,4812.96,871.13,1,43,0.826923,664.846,9,2304.21,4147.98,19861,19858
2,4,25,ML-DSA-87_signed-by_ML-DSA-87,ML-DSA-87_signed-by_ML-DSA-87,64.704,5034.49,644.658,1,30,0.882353,440.118,24,3969.37,1627.74,19861,19858
2,8,53,ML-DSA-87_signed-by_ML-DSA-87,ML-DSA-87_signed-by_ML-DSA-87,133.77,2435.16,371.503,1,53,1.20455,552.909,16,2620.46,2036.57,19861,19858
2,3,6,ML-DSA-87_signed-by_ML-DSA-87,ML-DSA-87_signed-by_ML-DSA-87,59.494,5475.29,605.362,1,0,0,410,24,1656.77,1629.91,19861,19858
2,5,60,ML-DSA-87_signed-by_ML-DSA-87,ML-DSA-87_signed-by_ML-DSA-87,58.629,5556.08,614.295,1,0,0,410,17,2015.5,1963.94,19861,19858
2,1,29,ML-DSA-87_signed-by_ML-DSA-87,ML-DSA-87_signed-by_ML-DSA-87,67.424,4831.39,640.009,1,21,0.5,760.095,24,2303.05,1643.04,19861,19858
2,4,26,ML-DSA-87_signed-by_ML-DSA-87,ML-DSA-87_signed-by_ML-DSA-87,49.84,6535.87,813.151,1,6,0.153846,500.154,24,4836.08,1635.71,19861,19858
2,8,54,ML-DSA-87_signed-by_ML-DSA-87,ML-DSA-87_signed-by_ML-DSA-87,46.324,7031.92,678.687,1,0,0,495.92,16,2324.92,1648.65,19861,19858
2,3,7,ML-DSA-87_signed-by_ML-DSA-87,ML-DSA-87_signed-by_ML-DSA-87,44.085,7389.07,713.157,1,0,0,495.92,24,2644.06,2256.94,19861,19858
2,6,71,ML-DSA-87_signed-by_ML-DSA-87,ML-DSA-87_signed-by_ML-DSA-87,67.488,4826.79,730.2,1,72,2,699.667,9,3244.15,2284.11,19861,19858
2,1,30,ML-DSA-87_signed-by_ML-DSA-87,ML-DSA-87_signed-by_ML-DSA-87,46.153,7058.02,681.205,0,0,0,608.72,24,2335.13,1628.8,19861,19858
2,5,61,ML-DSA-87_signed-by_ML-DSA-87,ML-DSA-87_signed-by_ML-DSA-87,57.949,5621.28,617.086,0,0,0,422,17,1706.84,2900.28,19861,19858
2,4,27,ML-DSA-87_signed-by_ML-DSA-87,ML-DSA-87_signed-by_ML-DSA-87,52.443,6211.49,681.877,0,0,0,422,24,3272.77,4471.69,19861,19858
2,3,8,ML-DSA-87_signed-by_ML-DSA-87,ML-DSA-87_signed-by_ML-DSA-87,49.301,6607.37,812.96,0,0,0,504.378,24,3871.71,2341.22,19861,19858
2,8,55,ML-DSA-87_signed-by_ML-DSA-87,ML-DSA-87_signed-by_ML-DSA-87,54.639,5961.84,733.535,0.108108,0,0,504.378,16,2312.53,4162.09,19861,19858
2,6,72,ML-DSA-87_signed-by_ML-DSA-87,ML-DSA-87_signed-by_ML-DSA-87,51.133,6370.6,783.829,0.108108,0,0,619.946,9,3898.6,1962.4,19861,19858
2,1,31,ML-DSA-87_signed-by_ML-DSA-87,ML-DSA-87_signed-by_ML-DSA-87,50.691,6426.13,790.661,0.378378,0,0,619.946,24,1682.55,3232.4,19861,19858
2,5,62,ML-DSA-87_signed-by_ML-DSA-87,ML-DSA-87_signed-by_ML-DSA-87,48.844,6669.11,849.382,1,5,0.151515,418.606,17,2948.46,1647.82,19861,19858
2,4,28,ML-DSA-87_signed-by_ML-DSA-87,ML-DSA-87_signed-by_ML-DSA-87,51.627,6309.7,986.457,1,44,0.8,301.709,24,2626.84,1640.54,19861,19858
2,3,9,ML-DSA-87_signed-by_ML-DSA-87,ML-DSA-87_signed-by_ML-DSA-87,48.999,6648.02,729.798,1,7,0.225806,425.871,24,4555.3,2889.48,19861,19858
2,8,56,ML-DSA-87_signed-by_ML-DSA-87,ML-DSA-87_signed-by_ML-DSA-87,47.015,6928.54,760.592,1,0,0,422,16,2016.88,2583.78,19861,19858
2,6,73,ML-DSA-87_signed-by_ML-DSA-87,ML-DSA-87_signed-by_ML-DSA-87,52.183,6242.49,858.824,1,34,0.871795,525.077,8,2175.67,3225.57,19861,19858
2,1,32,ML-DSA-87_signed-by_ML-DSA-87,ML-DSA-87_signed-by_ML-DSA-87,57.824,5633.48,824.291,1,46,1.24324,599.838,24,2307.44,1969.33,19861,19858
2,5,63,ML-DSA-87_signed-by_ML-DSA-87,ML-DSA-87_signed-by_ML-DSA-87,57.398,5675.32,933.83,1,72,1.71429,548.857,17,1705.46,5094.62,19861,19858
2,4,29,ML-DSA-87_signed-by_ML-DSA-87,ML-DSA-87_signed-by_ML-DSA-87,58.577,5561.08,768.082,1,46,1.27778,504,24,2339.78,1946.93,19861,19858
2,8,57,ML-DSA-87_signed-by_ML-DSA-87,ML-DSA-87_signed-by_ML-DSA-87,53.661,6070.46,782.083,1,23,0.657143,428.629,16,1677.34,6040.92,19861,19858
2,3,10,ML-DSA-87_signed-by_ML-DSA-87,ML-DSA-87_signed-by_ML-DSA-87,59.7,5456.46,682.074,1,7,0.175,512.6,24,1704.86,2273.18,19861,19858
2,1,33,ML-DSA-87_signed-by_ML-DSA-87,ML-DSA-87_signed-by_ML-DSA-87,49.685,6556.24,815.042,1,27,0.818182,752.545,24,3611.33,1631.76,19861,19858
2,5,64,ML-DSA-87_signed-by_ML-DSA-87,ML-DSA-87_signed-by_ML-DSA-87,52.198,6240.59,999.868,1,66,1.43478,564.783,17,1681.42,2274.86,19861,19858
2,3,11,ML-DSA-87_signed-by_ML-DSA-87,ML-DSA-87_signed-by_ML-DSA-87,42.123,7733.27,855.011,1,0,0,410,24,3579.96,1619.07,19861,19858
2,6,74,ML-DSA-87_signed-by_ML-DSA-87,ML-DSA-87_signed-by_ML-DSA-87,95.126,3424.41,524.439,1,54,1.2,696.489,9,2302.48,1957.88,19861,19858
2,5,65,ML-DSA-87_signed-by_ML-DSA-87,ML-DSA-87_signed-by_ML-DSA-87,34.976,9313.51,1022.41,1,7,0.225806,422,17,2623.7,1963.51,19861,19858
2,6,75,ML-DSA-87_signed-by_ML-DSA-87,ML-DSA-87_signed-by_ML-DSA-87,36.958,8813.99,1050.69,1,21,0.583333,517.667,9,2941.59,1944.07,19861,19858
2,4,30,ML-DSA-87_signed-by_ML-DSA-87,ML-DSA-87_signed-by_ML-DSA-87,90.048,3617.52,652.805,1,91,1.75,494.462,24,1675.4,1638.83,19861,19858
2,1,34,ML-DSA-87_signed-by_ML-DSA-87,ML-DSA-87_signed-by_ML-DSA-87,54.312,5997.78,1044.33,1,49,0.859649,605.789,24,3262.54,2869.33,19861,19858
2,3,12,ML-DSA-87_signed-by_ML-DSA-87,ML-DSA-87_signed-by_ML-DSA-87,68.099,4783.48,668.2,1,46,1.21053,493.368,24,1681.57,3543.04,19861,19858
2,6,76,ML-DSA-87_signed-by_ML-DSA-87,ML-DSA-87_signed-by_ML-DSA-87,44.167,7375.35,907.452,1,0,0,619.946,9,1715.05,2289.52,19861,19858
2,5,66,ML-DSA-87_signed-by_ML-DSA-87,ML-DSA-87_signed-by_ML-DSA-87,57.496,5665.62,703.768,1,7,0.179487,480.462,17,3245.8,2889.85,19861,19858
2,1,35,ML-DSA-87_signed-by_ML-DSA-87,ML-DSA-87_signed-by_ML-DSA-87,49.054,6640.57,908.372,1,34,0.894737,673.684,24,1996.42,1630.91,19861,19858
2,4,31,ML-DSA-87_signed-by_ML-DSA-87,ML-DSA-87_signed-by_ML-DSA-87,53.657,6070.91,976.26,1,73,1.55319,613.489,24,1729.57,3088.14,19861,19858
2,2,35,ML-DSA-87_signed-by_ML-DSA-87,ML-DSA-87_signed-by_ML-DSA-87,1306.15,249.399,48.803,1,45,0.803571,392.071,24,2018.98,4768.28,19861,19858
2,8,58,ML-DSA-87_signed-by_ML-DSA-87,ML-DSA-87_signed-by_ML-DSA-87,188.84,1725.01,272.907,1,54,1.17391,421.652,16,1678.73,2255.73,19861,19858
2,3,13,ML-DSA-87_signed-by_ML-DSA-87,ML-DSA-87_signed-by_ML-DSA-87,76.853,4238.59,753.43,1,71,1.36538,420.154,24,2001.4,3221.84,19861,19858
2,1,36,ML-DSA-87_signed-by_ML-DSA-87,ML-DSA-87_signed-by_ML-DSA-87,59.436,5480.71,688.336,1,15,0.365854,773.122,24,2928.74,2033.02,19861,19858
2,6,77,ML-DSA-87_signed-by_ML-DSA-87,ML-DSA-87_signed-by_ML-DSA-87,69.025,4719.31,601.055,1,3,0.0909091,500.909,9,2296.33,2276.83,19861,19858
2,4,32,ML-DSA-87_signed-by_ML-DSA-87,ML-DSA-87_signed-by_ML-DSA-87,61.526,5294.51,581.214,1,6,0.193548,913.355,24,2306.07,1638.69,19861,19858
2,5,67,ML-DSA-87_signed-by_ML-DSA-87,ML-DSA-87_signed-by_ML-DSA-87,72.302,4505.4,559.87,1,45,1.55172,642.552,16,1687.1,2577.61,19861,19858
2,2,36,ML-DSA-87_signed-by_ML-DSA-87,ML-DSA-87_signed-by_ML-DSA-87,72.73,4478.9,623.013,1,45,1.21622,658.108,24,2300.4,3205.98,19861,19858
2,3,14,ML-DSA-87_signed-by_ML-DSA-87,ML-DSA-87_signed-by_ML-DSA-87,73.665,4422.05,685.694,1,50,1.21951,520.927,24,2021.32,1959.32,19861,19858
2,6,78,ML-DSA-87_signed-by_ML-DSA-87,ML-DSA-87_signed-by_ML-DSA-87,63.515,5128.74,746.406,1,25,0.694444,521.556,9,2943.89,2562.51,19861,19858
2,1,37,ML-DSA-87_signed-by_ML-DSA-87,ML-DSA-87_signed-by_ML-DSA-87,68.176,4778.1,593.522,1,7,0.179487,590.103,24,3252.62,3507.19,19861,19858
2,8,59,ML-DSA-87_signed-by_ML-DSA-87,ML-DSA-87_signed-by_ML-DSA-87,79.344,4105.54,564.626,1,45,1.28571,609.543,16,3888.79,1929.04,19861,19858
2,5,68,ML-DSA-87_signed-by_ML-DSA-87,ML-DSA-87_signed-by_ML-DSA-87,68.439,4759.73,589.37,1,0,0,492.105,16,2914.2,3234.09,19861,19858
2,4,33,ML-DSA-87_signed-by_ML-DSA-87,ML-DSA-87_signed-by_ML-DSA-87,77.365,4210.57,613.609,1,21,0.4375,535.333,24,3580.16,6993.62,19861,19858
2,2,37,ML-DSA-87_signed-by_ML-DSA-87,ML-DSA-87_signed-by_ML-DSA-87,56.744,5740.64,630.189,1,0,0,516.839,24,1655.04,1971.6,19861,19858
2,3,15,ML-DSA-87_signed-by_ML-DSA-87,ML-DSA-87_signed-by_ML-DSA-87,59.309,5492.37,602.935,0.774194,0,0,422,24,2353.47,1630.42,19861,19858
2,6,79,ML-DSA-87_signed-by_ML-DSA-87,ML-DSA-87_signed-by_ML-DSA-87,63.441,5134.72,563.673,0.774194,0,0,516.839,9,3868.71,1644.55,19861,19858
2,8,60,ML-DSA-87_signed-by_ML-DSA-87,ML-DSA-87_signed-by_ML-DSA-87,64.35,5062.12,559.681,1,0,0,410,17,1992.4,2879.68,19861,19858
2,1,38,ML-DSA-87_signed-by_ML-DSA-87,ML-DSA-87_signed-by_ML-DSA-87,68.038,4787.78,657.748,1,40,1.02564,650,24,2319.78,2885.68,19861,19858
2,5,69,ML-DSA-87_signed-by_ML-DSA-87,ML-DSA-87_signed-by_ML-DSA-87,60.118,5418.54,845.271,1,35,0.921053,470.105,16,3281.71,1675.24,19861,19858
2,4,34,ML-DSA-87_signed-by_ML-DSA-87,ML-DSA-87_signed-by_ML-DSA-87,66.837,4873.79,649.456,1,21,0.488372,362.279,24,2303.92,1656.7,19861,19858
2,2,38,ML-DSA-87_signed-by_ML-DSA-87,ML-DSA-87_signed-by_ML-DSA-87,53.805,6054.31,664.622,1,0,0,516.839,24,3575.32,1945.24,19861,19858
2,6,80,ML-DSA-87_signed-by_ML-DSA-87,ML-DSA-87_signed-by_ML-DSA-87,63.03,5168.17,646.291,1,45,1.5,676,9,1727.15,1640.93,19861,19858
2,5,70,ML-DSA-87_signed-by_ML-DSA-87,ML-DSA-87_signed-by_ML-DSA-87,67.644,4815.65,687.123,1,36,0.857143,382.381,16,1681.54,1632.57,19861,19858
2,3,16,ML-DSA-87_signed-by_ML-DSA-87,ML-DSA-87_signed-by_ML-DSA-87,81.984,3973.33,439.301,1,0,0,410,24,2005.63,4479.26,19861,19858
2,8,61,ML-DSA-87_signed-by_ML-DSA-87,ML-DSA-87_signed-by_ML-DSA-87,84.165,3870.36,535.324,1,45,1.25,518.667,17,1656.56,4487.57,19861,19858
2,4,35,ML-DSA-87_signed-by_ML-DSA-87,ML-DSA-87_signed-by_ML-DSA-87,69.511,4686.3,521.813,1,0,0,398.727,24,2000.32,1959.64,19861,19858
2,1,39,ML-DSA-87_signed-by_ML-DSA-87,ML-DSA-87_signed-by_ML-DSA-87,88.884,3664.9,555.688,1,27,0.586957,576.435,24,1690.25,1977.43,19861,19858
2,6,81,ML-DSA-87_signed-by_ML-DSA-87,ML-DSA-87_signed-by_ML-DSA-87,56.483,5767.25,1214.95,1,126,2.29091,554.8,9,2599.38,1942.94,19861,19858
2,5,71,ML-DSA-87_signed-by_ML-DSA-87,ML-DSA-87_signed-by_ML-DSA-87,55.406,5879.33,652.056,1,0,0,398.606,16,7347.25,2589.15,19861,19858
2,4,36,ML-DSA-87_signed-by_ML-DSA-87,ML-DSA-87_signed-by_ML-DSA-87,59.186,5503.84,608.519,1,0,0,410,24,1671.53,1963.86,19861,19858
2,1,40,ML-DSA-87_signed-by_ML-DSA-87,ML-DSA-87_signed-by_ML-DSA-87,58.608,5558.12,740.646,1,21,0.488372,379.953,24,1691.44,2609.67,19861,19858
2,7,15,ML-DSA-87_signed-by_ML-DSA-87,ML-DSA-87_signed-by_ML-DSA-87,3057.57,106.539,28.4618,1,83,1.25758,217.879,18,2297.5,3840.91,19861,19858
2,6,82,ML-DSA-87_signed-by_ML-DSA-87,ML-DSA-87_signed-by_ML-DSA-87,53.935,6039.71,582.923,1,0,0,608.72,9,4187.76,1967.34,19861,19858
2,8,62,ML-DSA-87_signed-by_ML-DSA-87,ML-DSA-87_signed-by_ML-DSA-87,94.871,3433.6,712.708,1,93,1.75472,565.094,17,3275.18,1693.87,19861,19858
2,5,72,ML-DSA-87_signed-by_ML-DSA-87,ML-DSA-87_signed-by_ML-DSA-87,65.548,4969.65,683.71,1,27,0.692308,483.744,16,2619.71,2593.63,19861,19858
2,1,41,ML-DSA-87_signed-by_ML-DSA-87,ML-DSA-87_signed-by_ML-DSA-87,60.227,5408.66,593.745,1,0,0,463.29,24,2316.33,1661.23,19861,19858
2,4,37,ML-DSA-87_signed-by_ML-DSA-87,ML-DSA-87_signed-by_ML-DSA-87,74.756,4357.51,599.494,1,34,0.871795,502.615,24,1709.81,1945.26,19861,19858
2,7,16,ML-DSA-87_signed-by_ML-DSA-87,ML-DSA-87_signed-by_ML-DSA-87,72.81,4473.98,834.387,1,82,1.46429,450.571,18,1986.5,1984.24,19861,19858
2,6,83,ML-DSA-87_signed-by_ML-DSA-87,ML-DSA-87_signed-by_ML-DSA-87,64.928,5017.05,621.233,1,0,0,604.632,9,2001.59,2081.25,19861,19858
2,8,63,ML-DSA-87_signed-by_ML-DSA-87,ML-DSA-87_signed-by_ML-DSA-87,62.857,5182.43,716.801,1,52,1.44444,818.222,17,1692.21,1984.67,19861,19858
2,5,73,ML-DSA-87_signed-by_ML-DSA-87,ML-DSA-87_signed-by_ML-DSA-87,61.33,5311.39,873.948,1,72,1.71429,577.714,16,2630.69,1643.84,19861,19858
2,1,42,ML-DSA-87_signed-by_ML-DSA-87,ML-DSA-87_signed-by_ML-DSA-87,44.014,7401.02,820.821,0.939394,0,0,437.394,24,3254.68,1628.85,19861,19858
2,4,38,ML-DSA-87_signed-by_ML-DSA-87,ML-DSA-87_signed-by_ML-DSA-87,65.153,4999.74,734.508,1,28,0.56,499.44,24,1991.95,1974.16,19861,19858
2,6,84,ML-DSA-87_signed-by_ML-DSA-87,ML-DSA-87_signed-by_ML-DSA-87,52.609,6191.86,686.717,1,0,0,487.697,9,2054.73,1640.1,19861,19858
2,8,64,ML-DSA-87_signed-by_ML-DSA-87,ML-DSA-87_signed-by_ML-DSA-87,56.881,5726.81,842.448,0.86,27,0.54,734.96,17,2018.29,1650.01,19861,19858
2,5,74,ML-DSA-87_signed-by_ML-DSA-87,ML-DSA-87_signed-by_ML-DSA-87,48.783,6677.49,884.559,1,21,0.5,357.619,16,5151.48,2581.16,19861,19858
2,1,43,ML-DSA-87_signed-by_ML-DSA-87,ML-DSA-87_signed-by_ML-DSA-87,54.415,5986.34,670.098,1,13,0.382353,425.765,24,2339.39,2621.26,19861,19858
2,7,17,ML-DSA-87_signed-by_ML-DSA-87,ML-DSA-87_signed-by_ML-DSA-87,85.018,3831.53,568.156,1,29,0.557692,497.077,18,2311.42,2262.98,19861,19858
2,2,39,ML-DSA-87_signed-by_ML-DSA-87,ML-DSA-87_signed-by_ML-DSA-87,286.558,1136.77,217.478,1,123,2.23636,590.655,24,2325.26,2286.4,19861,19858
2,4,39,ML-DSA-87_signed-by_ML-DSA-87,ML-DSA-87_signed-by_ML-DSA-87,59.189,5503.58,604.165,1,0,0,422,24,2074.84,1643.2,19861,19858
2,6,85,ML-DSA-87_signed-by_ML-DSA-87,ML-DSA-87_signed-by_ML-DSA-87,69.607,4679.86,647.289,1,45,1.25,585.667,9,1675.34,4541.39,19861,19858
2,8,65,ML-DSA-87_signed-by_ML-DSA-87,ML-DSA-87_signed-by_ML-DSA-87,61.238,5319.37,681.136,1,23,0.676471,446.471,17,2643.06,2557.38,19861,19858
2,5,75,ML-DSA-87_signed-by_ML-DSA-87,ML-DSA-87_signed-by_ML-DSA-87,62.059,5249,576.218,1,0,0,422,15,3265.78,1954.84,19861,19858
2,1,44,ML-DSA-87_signed-by_ML-DSA-87,ML-DSA-87_signed-by_ML-DSA-87,67.617,4817.53,592.742,1,0,0,580.919,24,1697.61,2633.69,19861,19858
2,7,18,ML-DSA-87_signed-by_ML-DSA-87,ML-DSA-87_signed-by_ML-DSA-87,70.592,4614.57,590.887,1,23,0.676471,466,18,3239.55,1625.12,19861,19858
2,2,40,ML-DSA-87_signed-by_ML-DSA-87,ML-DSA-87_signed-by_ML-DSA-87,68.623,4746.98,528.569,1,0,0,487.818,24,2945.19,2272.5,19861,19858
2,4,40,ML-DSA-87_signed-by_ML-DSA-87,ML-DSA-87_signed-by_ML-DSA-87,62.576,5205.7,674.763,1,23,0.638889,442.222,24,2022.01,3220.03,19861,19858
2,5,76,ML-DSA-87_signed-by_ML-DSA-87,ML-DSA-87_signed-by_ML-DSA-87,55.209,5900.33,652.356,1,0,0,410,15,2352.51,3534,19861,19858
2,6,86,ML-DSA-87_signed-by_ML-DSA-87,ML-DSA-87_signed-by_ML-DSA-87,63.258,5149.55,753.482,1,46,1.24324,533.892,9,1673.68,1943.67,19861,19858
2,1,45,ML-DSA-87_signed-by_ML-DSA-87,ML-DSA-87_signed-by_ML-DSA-87,51.619,6310.58,867.882,1,52,1.48571,587.143,24,1677.48,1979.86,19861,19858
2,2,41,ML-DSA-87_signed-by_ML-DSA-87,ML-DSA-87_signed-by_ML-DSA-87,50.071,6505.8,864.052,1,21,0.488372,430.558,24,1673.73,1979.31,19861,19858
2,5,77,ML-DSA-87_signed-by_ML-DSA-87,ML-DSA-87_signed-by_ML-DSA-87,56.741,5740.97,735.121,1,23,0.676471,446.471,15,1992.59,2286.15,19861,19858
2,6,87,ML-DSA-87_signed-by_ML-DSA-87,ML-DSA-87_signed-by_ML-DSA-87,56.48,5767.5,671.38,1,3,0.0882353,476.824,9,2003.14,3225.67,19861,19858
2,7,19,ML-DSA-87_signed-by_ML-DSA-87,ML-DSA-87_signed-by_ML-DSA-87,94.018,3464.77,528.408,1,47,0.979167,431.417,19,2928.94,1953.7,19861,19858
2,1,46,ML-DSA-87_signed-by_ML-DSA-87,ML-DSA-87_signed-by_ML-DSA-87,52.214,6238.73,873.322,0.734694,20,0.408163,440.286,24,1991.75,6966.43,19861,19858
2,4,41,ML-DSA-87_signed-by_ML-DSA-87,ML-DSA-87_signed-by_ML-DSA-87,85.552,3807.61,531.133,1,54,1.42105,489.789,24,5458.37,2270.46,19861,19858
2,6,88,ML-DSA-87_signed-by_ML-DSA-87,ML-DSA-87_signed-by_ML-DSA-87,48.811,6673.63,732.61,1,0,0,516.839,9,2648.11,2895.6,19861,19858
2,1,47,ML-DSA-87_signed-by_ML-DSA-87,ML-DSA-87_signed-by_ML-DSA-87,49.429,6590.19,819.262,1,27,0.818182,564.061,24,3585.82,2275.22,19861,19858
2,5,78,ML-DSA-87_signed-by_ML-DSA-87,ML-DSA-87_signed-by_ML-DSA-87,53.701,6065.93,831.852,1,27,0.692308,463.128,15,2952.72,4455.04,19861,19858
2,7,20,ML-DSA-87_signed-by_ML-DSA-87,ML-DSA-87_signed-by_ML-DSA-87,54.016,6030.57,664.09,1,0,0,501.75,19,2317.65,1626.33,19861,19858
2,4,42,ML-DSA-87_signed-by_ML-DSA-87,ML-DSA-87_signed-by_ML-DSA-87,41.741,7804.05,964.797,1,6,0.157895,537.579,24,1676.53,2882.36,19861,19858
2,2,42,ML-DSA-87_signed-by_ML-DSA-87,ML-DSA-87_signed-by_ML-DSA-87,116.685,2791.7,455.651,1,60,1.09091,530.8,24,2337.14,1654.95,19861,19858
2,6,89,ML-DSA-87_signed-by_ML-DSA-87,ML-DSA-87_signed-by_ML-DSA-87,46.269,7040.32,772.863,0.548387,0,0,516.839,9,2964.24,3199.7,19861,19858
2,5,79,ML-DSA-87_signed-by_ML-DSA-87,ML-DSA-87_signed-by_ML-DSA-87,44.548,7312.3,802.72,0.548387,0,0,422,15,2352.59,1619.8,19861,19858
2,1,48,ML-DSA-87_signed-by_ML-DSA-87,ML-DSA-87_signed-by_ML-DSA-87,55.472,5872.28,727.13,0.763158,0,0,398.211,24,2326.73,1986.25,19861,19858
2,7,21,ML-DSA-87_signed-by_ML-DSA-87,ML-DSA-87_signed-by_ML-DSA-87,60,5429.2,596,0.935484,0,0,516.839,19,3277.77,1946.79,19861,19858
2,4,43,ML-DSA-87_signed-by_ML-DSA-87,ML-DSA-87_signed-by_ML-DSA-87,61.747,5275.59,679.676,0.828571,23,0.657143,434.8,24,3257.8,2583.81,19861,19858
2,2,43,ML-DSA-87_signed-by_ML-DSA-87,ML-DSA-87_signed-by_ML-DSA-87,61.381,5306.98,585.711,1,6,0.1875,961.875,24,4530.46,3862.9,19861,19858
2,6,90,ML-DSA-87_signed-by_ML-DSA-87,ML-DSA-87_signed-by_ML-DSA-87,46.044,7074.72,782.2,1,7,0.21875,501.875,9,1695.66,1618.62,19861,19858
2,5,80,ML-DSA-87_signed-by_ML-DSA-87,ML-DSA-87_signed-by_ML-DSA-87,55.521,5867.1,676.923,1,24,0.827586,491.793,15,2933.87,1984.46,19861,19858
2,1,49,ML-DSA-87_signed-by_ML-DSA-87,ML-DSA-87_signed-by_ML-DSA-87,78.203,4165.42,672.295,1,68,1.41667,456.833,24,2007.46,1629.97,19861,19858
2,4,44,ML-DSA-87_signed-by_ML-DSA-87,ML-DSA-87_signed-by_ML-DSA-87,69.799,4666.97,629.231,1,21,0.466667,336.311,24,2295.41,4461.21,19861,19858
2,7,22,ML-DSA-87_signed-by_ML-DSA-87,ML-DSA-87_signed-by_ML-DSA-87,73.443,4435.4,788.85,1,63,0.984375,336.812,19,2021.9,2610.08,19861,19858
2,6,91,ML-DSA-87_signed-by_ML-DSA-87,ML-DSA-87_signed-by_ML-DSA-87,61.701,5279.5,803.354,1,51,1.18605,642,9,2349.07,1966.48,19861,19858
2,2,44,ML-DSA-87_signed-by_ML-DSA-87,ML-DSA-87_signed-by_ML-DSA-87,67.099,4854.75,1232.56,1,215,3.7069,1221.31,24,2004.86,2346.2,19861,19858
2,4,45,ML-DSA-87_signed-by_ML-DSA-87,ML-DSA-87_signed-by_ML-DSA-87,47.991,6787.65,755.795,1,0,0,398.727,24,3918.97,1627.83,19861,19858
2,1,50,ML-DSA-87_signed-by_ML-DSA-87,ML-DSA-87_signed-by_ML-DSA-87,51.404,6336.98,871.512,1,45,1.28571,588.514,24,2300.99,3503.56,19861,19858
2,7,23,ML-DSA-87_signed-by_ML-DSA-87,ML-DSA-87_signed-by_ML-DSA-87,57.94,5622.2,881.184,1,42,0.763636,358.073,19,3285.14,2026.63,19861,19858
2,6,92,ML-DSA-87_signed-by_ML-DSA-87,ML-DSA-87_signed-by_ML-DSA-87,53.065,6138.7,844.544,1,27,0.692308,525.077,9,1685.02,1642.88,19861,19858
2,5,81,ML-DSA-87_signed-by_ML-DSA-87,ML-DSA-87_signed-by_ML-DSA-87,107.43,3032.21,575.331,1,35,0.660377,409.774,15,1712.12,1639.66,19861,19858
2,2,45,ML-DSA-87_signed-by_ML-DSA-87,ML-DSA-87_signed-by_ML-DSA-87,56.668,5748.4,978.324,1,52,0.83871,361.161,24,2935.82,2901.36,19861,19858
2,4,46,ML-DSA-87_signed-by_ML-DSA-87,ML-DSA-87_signed-by_ML-DSA-87,58.078,5608.85,735.835,1,23,0.605263,403.789,24,1992.66,2574.96,19861,19858
2,1,51,ML-DSA-87_signed-by_ML-DSA-87,ML-DSA-87_signed-by_ML-DSA-87,74.726,4359.24,956.23,1,141,2.76471,615.804,24,1700.53,1635.39,19861,19858
2,5,82,ML-DSA-87_signed-by_ML-DSA-87,ML-DSA-87_signed-by_ML-DSA-87,55.154,5906.14,895.226,1,45,1.07143,641.714,15,2304.08,1935.49,19861,19858
2,6,93,ML-DSA-87_signed-by_ML-DSA-87,ML-DSA-87_signed-by_ML-DSA-87,63.404,5137.72,849.157,1,50,0.943396,381.019,10,3687.79,1662.97,19861,19858
2,2,46,ML-DSA-87_signed-by_ML-DSA-87,ML-DSA-87_signed-by_ML-DSA-87,74.88,4350.29,899.994,1,141,2.82,930.96,24,5209.03,2285.01,19861,19858
2,7,24,ML-DSA-87_signed-by_ML-DSA-87,ML-DSA-87_signed-by_ML-DSA-87,99.679,3267.99,412.041,1,30,0.833333,564.333,19,1993.54,1699.74,19861,19858
2,5,83,ML-DSA-87_signed-by_ML-DSA-87,ML-DSA-87_signed-by_ML-DSA-87,46.805,6959.7,768.116,0.59375,13,0.40625,410,15,2672.66,2266.98,19861,19858
2,1,52,ML-DSA-87_signed-by_ML-DSA-87,ML-DSA-87_signed-by_ML-DSA-87,51.918,6274.29,779.374,0.666667,14,0.358974,388.974,24,2329.68,2255.23,19861,19858
2,6,94,ML-DSA-87_signed-by_ML-DSA-87,ML-DSA-87_signed-by_ML-DSA-87,54.41,5986.91,664.281,1,0,0,481.273,10,1709.81,2591.89,19861,19858
2,2,47,ML-DSA-87_signed-by_ML-DSA-87,ML-DSA-87_signed-by_ML-DSA-87,50.818,6410.12,708.719,1,0,0,501.875,24,2637.3,2576.74,19861,19858
2,7,25,ML-DSA-87_signed-by_ML-DSA-87,ML-DSA-87_signed-by_ML-DSA-87,57.638,5651.63,624.859,1,0,0,692.875,20,5779.31,1944.06,19861,19858
2,5,84,ML-DSA-87_signed-by_ML-DSA-87,ML-DSA-87_signed-by_ML-DSA-87,60.888,5349.96,747.594,1,46,1.27778,520.444,14,2654.88,1955.27,19861,19858
2,1,53,ML-DSA-87_signed-by_ML-DSA-87,ML-DSA-87_signed-by_ML-DSA-87,62.428,5217.98,663.285,1,30,0.857143,955.486,24,1659.21,3507.17,19861,19858
2,6,95,ML-DSA-87_signed-by_ML-DSA-87,ML-DSA-87_signed-by_ML-DSA-87,57.757,5639.99,705.848,0.46875,0,0,752,10,3585.11,3522.33,19861,19858
2,2,48,ML-DSA-87_signed-by_ML-DSA-87,ML-DSA-87_signed-by_ML-DSA-87,50.33,6472.27,710.505,0,0,0,516.839,24,1752.76,3204.13,19861,19858
2,7,26,ML-DSA-87_signed-by_ML-DSA-87,ML-DSA-87_signed-by_ML-DSA-87,43.105,7557.14,929.818,0,0,0,899.946,20,4849.18,1649.09,19861,19858
2,5,85,ML-DSA-87_signed-by_ML-DSA-87,ML-DSA-87_signed-by_ML-DSA-87,44.438,7330.44,901.926,0,0,0,504.378,14,3289.81,4767.98,19861,19858
2,1,54,ML-DSA-87_signed-by_ML-DSA-87,ML-DSA-87_signed-by_ML-DSA-87,45.708,7126.76,782.353,0.354839,0,0,463.29,24,1650.59,2874.5,19861,19858
2,6,96,ML-DSA-87_signed-by_ML-DSA-87,ML-DSA-87_signed-by_ML-DSA-87,47.176,6904.98,758.007,0.354839,0,0,516.839,10,1699.05,3535.78,19861,19858
2,2,49,ML-DSA-87_signed-by_ML-DSA-87,ML-DSA-87_signed-by_ML-DSA-87,41.729,7806.3,863.085,0.65625,0,0,817.25,24,1671.17,1934.38,19861,19858
2,7,27,ML-DSA-87_signed-by_ML-DSA-87,ML-DSA-87_signed-by_ML-DSA-87,54.213,6008.66,795.96,1,21,0.5,423.81,20,2953.71,2754.54,19861,19858
2,5,86,ML-DSA-87_signed-by_ML-DSA-87,ML-DSA-87_signed-by_ML-DSA-87,34.828,9353.06,1200.86,1,23,0.657143,428.514,14,1992.97,2103.4,19861,19858
2,2,50,ML-DSA-87_signed-by_ML-DSA-87,ML-DSA-87_signed-by_ML-DSA-87,37.879,8599.73,950.809,1,0,0,501.875,24,2315.84,3858.96,19861,19858
2,1,55,ML-DSA-87_signed-by_ML-DSA-87,ML-DSA-87_signed-by_ML-DSA-87,59.199,5502.64,884.876,1,74,1.57447,476.894,24,2296.77,2590.02,19861,19858
2,6,97,ML-DSA-87_signed-by_ML-DSA-87,ML-DSA-87_signed-by_ML-DSA-87,57.211,5693.85,861.65,1,52,1.13043,469.043,10,2003.1,3519.58,19861,19858
2,2,51,ML-DSA-87_signed-by_ML-DSA-87,ML-DSA-87_signed-by_ML-DSA-87,25.332,12859.3,1416.07,1,7,0.21875,501.75,24,2913.55,1947.98,19861,19858
2,5,87,ML-DSA-87_signed-by_ML-DSA-87,ML-DSA-87_signed-by_ML-DSA-87,47.079,6919.16,1177.58,1,81,1.62,384.08,14,2313.04,1961.58,19861,19858
2,6,98,ML-DSA-87_signed-by_ML-DSA-87,ML-DSA-87_signed-by_ML-DSA-87,46.152,7058.18,892.348,1,8,0.2,576.8,10,3862.81,2268.42,19861,19858
2,1,56,ML-DSA-87_signed-by_ML-DSA-87,ML-DSA-87_signed-by_ML-DSA-87,55.424,5877.38,915.404,1,42,0.875,617.167,24,3281.39,4788.85,19861,19858
2,5,88,ML-DSA-87_signed-by_ML-DSA-87,ML-DSA-87_signed-by_ML-DSA-87,40.92,7960.66,873.896,0.354839,0,0,923.161,14,2028.58,1635.6,19861,19858
2,2,52,ML-DSA-87_signed-by_ML-DSA-87,ML-DSA-87_signed-by_ML-DSA-87,52.054,6257.9,970.982,0.595745,41,0.87234,985.83,24,2631.64,1665.26,19861,19858
2,7,28,ML-DSA-87_signed-by_ML-DSA-87,ML-DSA-87_signed-by_ML-DSA-87,101.829,3199,663.541,1,136,2.47273,603.382,20,4523.52,1661.11,19861,19858
2,6,99,ML-DSA-87_signed-by_ML-DSA-87,ML-DSA-87_signed-by_ML-DSA-87,37.377,8715.24,841.153,1,0,0,608.72,10,2023.28,1628.81,19861,19858
2,1,57,ML-DSA-87_signed-by_ML-DSA-87,ML-DSA-87_signed-by_ML-DSA-87,45.286,7193.13,797.765,1,0,0,437.394,24,5452.95,2266.65,19861,19858
2,5,89,ML-DSA-87_signed-by_ML-DSA-87,ML-DSA-87_signed-by_ML-DSA-87,49.981,6517.44,954.911,1,21,0.428571,417.918,14,2311.62,2891.1,19861,19858
2,3,17,ML-DSA-87_signed-by_ML-DSA-87,ML-DSA-87_signed-by_ML-DSA-87,1056.71,308.269,60.0654,1,126,2.52,382.64,24,3220.46,2913.49,19861,19858
2,7,29,ML-DSA-87_signed-by_ML-DSA-87,ML-DSA-87_signed-by_ML-DSA-87,54.513,5975.67,1137.34,1,111,2.09434,674.755,20,1982.34,2894.33,19861,19858
2,1,58,ML-DSA-87_signed-by_ML-DSA-87,ML-DSA-87_signed-by_ML-DSA-87,38.685,8420.51,812.706,1,0,0,545.2,24,1650.61,2301.16,19861,19858
2,5,90,ML-DSA-87_signed-by_ML-DSA-87,ML-DSA-87_signed-by_ML-DSA-87,33.053,9855.37,1087.7,1,13,0.40625,410,14,4195.14,4148.65,19861,19858
2,3,18,ML-DSA-87_signed-by_ML-DSA-87,ML-DSA-87_signed-by_ML-DSA-87,30.066,10834.5,827.508,1,0,0,117.571,24,2357.03,1661.52,19861,19858
2,7,30,ML-DSA-87_signed-by_ML-DSA-87,ML-DSA-87_signed-by_ML-DSA-87,39.558,8234.75,916.927,1,0,0,487.818,20,2307.18,1965.88,19861,19858
2,5,91,ML-DSA-87_signed-by_ML-DSA-87,ML-DSA-87_signed-by_ML-DSA-87,42.387,7685.14,1507.62,0.912281,93,1.63158,613.509,14,3852.49,2591.39,19861,19858
2,3,19,ML-DSA-87_signed-by_ML-DSA-87,ML-DSA-87_signed-by_ML-DSA-87,37.343,8723.01,1116.97,1,23,0.676471,521.412,24,1691.57,4459.13,19861,19858
2,1,59,ML-DSA-87_signed-by_ML-DSA-87,ML-DSA-87_signed-by_ML-DSA-87,55.765,5841.44,909.806,1,37,0.770833,597.167,24,2641.89,2619.68,19861,19858
2,7,31,ML-DSA-87_signed-by_ML-DSA-87,ML-DSA-87_signed-by_ML-DSA-87,36.143,9012.81,989.398,0,0,0,516.839,20,2660.11,1981.42,19861,19858
2,5,92,ML-DSA-87_signed-by_ML-DSA-87,ML-DSA-87_signed-by_ML-DSA-87,38.877,8378.98,1042.46,1,20,0.512821,362.308,14,1683,4771.06,19861,19858
2,3,20,ML-DSA-87_signed-by_ML-DSA-87,ML-DSA-87_signed-by_ML-DSA-87,36.08,9028.54,1003.54,1,13,0.393939,447.333,24,1984.59,2889.71,19861,19858
2,1,60,ML-DSA-87_signed-by_ML-DSA-87,ML-DSA-87_signed-by_ML-DSA-87,42.034,7749.66,856.822,1,0,0,450,24,1669.11,2918.5,19861,19858
2,7,32,ML-DSA-87_signed-by_ML-DSA-87,ML-DSA-87_signed-by_ML-DSA-87,43.136,7551.7,1038.57,1,45,1.28571,616.4,20,1710.78,5714.18,19861,19858
2,3,21,ML-DSA-87_signed-by_ML-DSA-87,ML-DSA-87_signed-by_ML-DSA-87,38.509,8459.07,1239.39,0.428571,21,0.428571,456.449,24,1719.15,2896.53,19861,19858
2,5,93,ML-DSA-87_signed-by_ML-DSA-87,ML-DSA-87_signed-by_ML-DSA-87,40.655,8012.51,996.865,0.820513,13,0.333333,480.462,14,2976.08,1949.23,19861,19858
2,1,61,ML-DSA-87_signed-by_ML-DSA-87,ML-DSA-87_signed-by_ML-DSA-87,37.293,8734.87,1118.49,1,23,0.676471,590.941,24,2652.53,1952.87,19861,19858
2,7,33,ML-DSA-87_signed-by_ML-DSA-87,ML-DSA-87_signed-by_ML-DSA-87,31.222,10433.3,1145.34,1,0,0,516.839,20,1679.5,2660.99,19861,19858
2,5,94,ML-DSA-87_signed-by_ML-DSA-87,ML-DSA-87_signed-by_ML-DSA-87,43.941,7413.32,926.688,0.825,7,0.175,409.8,14,2972.56,1631.08,19861,19858
2,3,22,ML-DSA-87_signed-by_ML-DSA-87,ML-DSA-87_signed-by_ML-DSA-87,47.58,6846.4,1212.27,1,46,1.17949,550.103,24,3003.99,1612.45,19861,19858
2,1,62,ML-DSA-87_signed-by_ML-DSA-87,ML-DSA-87_signed-by_ML-DSA-87,46.846,6953.63,1052.63,0.666667,58,1.38095,667.333,24,2634.64,7015.75,19861,19858
2,7,34,ML-DSA-87_signed-by_ML-DSA-87,ML-DSA-87_signed-by_ML-DSA-87,45.858,7103.4,785.371,0.875,0,0,501.875,20,2314.61,2284.32,19861,19858
2,5,95,ML-DSA-87_signed-by_ML-DSA-87,ML-DSA-87_signed-by_ML-DSA-87,38.417,8479.32,944.16,1,0,0,398.727,14,2002.19,2579.32,19861,19858
2,3,23,ML-DSA-87_signed-by_ML-DSA-87,ML-DSA-87_signed-by_ML-DSA-87,42.547,7656.19,1888.15,1,57,1.23913,1167.3,24,1989.13,1966.13,19861,19858
2,1,63,ML-DSA-87_signed-by_ML-DSA-87,ML-DSA-87_signed-by_ML-DSA-87,40.804,7983.24,882.649,1,0,0,450,24,2318.81,1639.77,19861,19858
2,7,35,ML-DSA-87_signed-by_ML-DSA-87,ML-DSA-87_signed-by_ML-DSA-87,50.548,6444.36,828.988,1,31,0.885714,739.6,20,1697.07,1634.34,19861,19858
2,3,24,ML-DSA-87_signed-by_ML-DSA-87,ML-DSA-87_signed-by_ML-DSA-87,33.994,9582.51,2096.34,1,66,1.43478,884.174,24,2630.02,2902.21,19861,19858
2,5,96,ML-DSA-87_signed-by_ML-DSA-87,ML-DSA-87_signed-by_ML-DSA-87,39.882,8167.84,1129.32,1,24,0.521739,325.043,14,2305.9,1945.45,19861,19858
2,5,97,ML-DSA-87_signed-by_ML-DSA-87,ML-DSA-87_signed-by_ML-DSA-87,36.767,8859.8,1238.49,1,28,0.7,439.8,14,3561.3,2577.03,19861,19858
2,1,64,ML-DSA-87_signed-by_ML-DSA-87,ML-DSA-87_signed-by_ML-DSA-87,64.798,5027.18,661.5,1,25,0.641026,421.385,24,1679.32,4808.26,19861,19858
2,3,25,ML-DSA-87_signed-by_ML-DSA-87,ML-DSA-87_signed-by_ML-DSA-87,41.994,7757.01,1480.19,0.865385,63,1.21154,625.769,24,1969.17,6368.01,19861,19858
2,5,98,ML-DSA-87_signed-by_ML-DSA-87,ML-DSA-87_signed-by_ML-DSA-87,14.125,23061.4,2531.61,0,0,0,422,14,2297.49,1637.94,19861,19858
2,1,65,ML-DSA-87_signed-by_ML-DSA-87,ML-DSA-87_signed-by_ML-DSA-87,22.073,14757.4,1631.62,0.34375,0,0,450,24,4745.15,1643.64,19861,19858
2,3,26,ML-DSA-87_signed-by_ML-DSA-87,ML-DSA-87_signed-by_ML-DSA-87,30.102,10821.6,1187.96,1,0,0,422,24,3256.77,1984.1,19861,19858
2,5,99,ML-DSA-87_signed-by_ML-DSA-87,ML-DSA-87_signed-by_ML-DSA-87,36.993,8805.74,1141.4,0.944444,23,0.638889,417.778,14,3580.33,2910.38,19861,19858
2,1,66,ML-DSA-87_signed-by_ML-DSA-87,ML-DSA-87_signed-by_ML-DSA-87,31.41,10370.6,1426.25,0.657143,45,1.28571,761.657,24,1705.27,2893.27,19861,19858
2,3,27,ML-DSA-87_signed-by_ML-DSA-87,ML-DSA-87_signed-by_ML-DSA-87,28.835,11296.8,1240.12,0.903226,7,0.225806,422,24,2040.4,1965.17,19861,19858
2,1,67,ML-DSA-87_signed-by_ML-DSA-87,ML-DSA-87_signed-by_ML-DSA-87,34.665,9397.1,1512.99,1,66,1.40426,640.723,24,1684.55,4149.9,19861,19858
2,3,28,ML-DSA-87_signed-by_ML-DSA-87,ML-DSA-87_signed-by_ML-DSA-87,30.107,10819.8,1687.31,0.583333,41,0.854167,793.5,24,2303.23,4145.44,19861,19858
2,7,36,ML-DSA-87_signed-by_ML-DSA-87,ML-DSA-87_signed-by_ML-DSA-87,166.195,1960.05,371.706,1,81,1.32787,646.984,20,2635.52,1949.95,19861,19858
2,1,68,ML-DSA-87_signed-by_ML-DSA-87,ML-DSA-87_signed-by_ML-DSA-87,26.306,12383.2,1359.38,0.548387,7,0.225806,463.29,24,2633.76,1637.76,19861,19858
2,3,29,ML-DSA-87_signed-by_ML-DSA-87,ML-DSA-87_signed-by_ML-DSA-87,28.687,11355,1255.44,0.65625,5,0.15625,335.5,24,2303.1,3508.44,19861,19858
2,7,37,ML-DSA-87_signed-by_ML-DSA-87,ML-DSA-87_signed-by_ML-DSA-87,33.225,9804.39,1398.94,1,36,0.857143,552.381,20,2957.55,4460.2,19861,19858
2,1,69,ML-DSA-87_signed-by_ML-DSA-87,ML-DSA-87_signed-by_ML-DSA-87,32.819,9925.67,1234.89,0.846154,6,0.153846,798.41,24,4502.51,2273.48,19861,19858
2,3,30,ML-DSA-87_signed-by_ML-DSA-87,ML-DSA-87_signed-by_ML-DSA-87,32.664,9972.72,1684.53,0.537037,52,0.962963,435.037,24,1678.53,2586.18,19861,19858
2,7,38,ML-DSA-87_signed-by_ML-DSA-87,ML-DSA-87_signed-by_ML-DSA-87,25.034,13012.4,1436.12,0.40625,13,0.40625,501.875,20,2042.74,3206.34,19861,19858
2,3,31,ML-DSA-87_signed-by_ML-DSA-87,ML-DSA-87_signed-by_ML-DSA-87,25.317,12866.4,1422.55,0.40625,0,0,410,24,2614.26,1644.14,19861,19858
2,1,70,ML-DSA-87_signed-by_ML-DSA-87,ML-DSA-87_signed-by_ML-DSA-87,48.463,6721.65,992.755,0.980392,35,0.686275,313.608,24,2001.44,2271.49,19861,19858
2,7,39,ML-DSA-87_signed-by_ML-DSA-87,ML-DSA-87_signed-by_ML-DSA-87,29.003,11231.5,1390.74,0.973684,0,0,679.579,20,1781.48,3833.58,19861,19858
2,8,66,ML-DSA-87_signed-by_ML-DSA-87,ML-DSA-87_signed-by_ML-DSA-87,1275.77,255.337,52.5861,1,55,0.916667,309.867,20,3284.56,2580.82,19861,19858
2,3,32,ML-DSA-87_signed-by_ML-DSA-87,ML-DSA-87_signed-by_ML-DSA-87,30.465,10692.5,1470.52,1,45,1.28571,611.257,24,2637.43,1678.59,19861,19858
2,7,40,ML-DSA-87_signed-by_ML-DSA-87,ML-DSA-87_signed-by_ML-DSA-87,25.649,12699.9,1394.15,1,0,0,516.839,20,1739.02,3536.88,19861,19858
2,1,71,ML-DSA-87_signed-by_ML-DSA-87,ML-DSA-87_signed-by_ML-DSA-87,49.067,6638.84,1281.5,1,135,3.13953,878.186,24,2008.89,2265.58,19861,19858
2,3,33,ML-DSA-87_signed-by_ML-DSA-87,ML-DSA-87_signed-by_ML-DSA-87,43.14,7550.97,971.34,1,31,0.885714,423.6,24,1725.5,1619.86,19861,19858
2,8,67,ML-DSA-87_signed-by_ML-DSA-87,ML-DSA-87_signed-by_ML-DSA-87,51.873,6279.71,867.337,1,46,1.27778,518.667,20,2304.47,3826.32,19861,19858
2,7,41,ML-DSA-87_signed-by_ML-DSA-87,ML-DSA-87_signed-by_ML-DSA-87,36.029,9041.15,1204.78,1,21,0.488372,430.651,20,1673.17,3231.27,19861,19858
2,3,34,ML-DSA-87_signed-by_ML-DSA-87,ML-DSA-87_signed-by_ML-DSA-87,26.25,12409.3,1878.5,1,51,1.21429,660,24,2979.99,1650.25,19861,19858
2,8,68,ML-DSA-87_signed-by_ML-DSA-87,ML-DSA-87_signed-by_ML-DSA-87,33.903,9608.31,1454.5,1,58,1.38095,462,20,1704.17,1980.77,19861,19858
2,7,42,ML-DSA-87_signed-by_ML-DSA-87,ML-DSA-87_signed-by_ML-DSA-87,34.02,9575.18,1226.09,1,23,0.676471,552.471,20,5507.84,1636.04,19861,19858
2,3,35,ML-DSA-87_signed-by_ML-DSA-87,ML-DSA-87_signed-by_ML-DSA-87,29.895,10896.5,1452.01,0.627907,21,0.488372,362.279,24,1996.35,3541.01,19861,19858
2,8,69,ML-DSA-87_signed-by_ML-DSA-87,ML-DSA-87_signed-by_ML-DSA-87,22.364,14565.3,1598.94,0.677419,0,0,422,20,2298.2,1952.9,19861,19858
2,7,43,ML-DSA-87_signed-by_ML-DSA-87,ML-DSA-87_signed-by_ML-DSA-87,34.176,9531.6,1220.51,1,23,0.676471,552.824,20,1702.48,1945.17,19861,19858
2,3,36,ML-DSA-87_signed-by_ML-DSA-87,ML-DSA-87_signed-by_ML-DSA-87,30.335,10738.2,1187.24,0.6875,0,0,410,24,1710.76,2279,19861,19858
2,8,70,ML-DSA-87_signed-by_ML-DSA-87,ML-DSA-87_signed-by_ML-DSA-87,32.794,9932.99,1366.06,0.942857,45,1.28571,533.771,20,2620.71,2261.39,19861,19858
2,7,44,ML-DSA-87_signed-by_ML-DSA-87,ML-DSA-87_signed-by_ML-DSA-87,23.704,13742.5,1519.41,0.34375,0,0,480.5,20,4221.81,1662.95,19861,19858
2,8,71,ML-DSA-87_signed-by_ML-DSA-87,ML-DSA-87_signed-by_ML-DSA-87,27.971,11646,1278.47,0.354839,0,0,463.29,20,1686.24,1663.07,19861,19858
2,3,37,ML-DSA-87_signed-by_ML-DSA-87,ML-DSA-87_signed-by_ML-DSA-87,33.373,9760.86,1128.09,0.758621,23,0.793103,493.724,24,1675.44,2264.66,19861,19858
2,7,45,ML-DSA-87_signed-by_ML-DSA-87,ML-DSA-87_signed-by_ML-DSA-87,37.773,8623.92,1104.28,1,23,0.676471,552.471,20,4213.64,1943.09,19861,19858
2,8,72,ML-DSA-87_signed-by_ML-DSA-87,ML-DSA-87_signed-by_ML-DSA-87,22.53,14458,1988.38,1,45,1.28571,553.886,20,2634.7,2269.38,19861,19858
2,3,38,ML-DSA-87_signed-by_ML-DSA-87,ML-DSA-87_signed-by_ML-DSA-87,26.787,12160.8,1833.72,1,45,1.09756,590.585,24,6062.5,4158.1,19861,19858
2,7,46,ML-DSA-87_signed-by_ML-DSA-87,ML-DSA-87_signed-by_ML-DSA-87,33.689,9669.22,1414.8,0.891892,46,1.24324,540.595,20,2427.37,2253.89,19861,19858
2,8,73,ML-DSA-87_signed-by_ML-DSA-87,ML-DSA-87_signed-by_ML-DSA-87,34.85,9347.18,1355.28,0.891892,23,0.621622,614,20,2359.85,3517.95,19861,19858
2,3,39,ML-DSA-87_signed-by_ML-DSA-87,ML-DSA-87_signed-by_ML-DSA-87,31.26,10420.6,1152.13,0,0,0,335.5,24,4214.82,2263.8,19861,19858
2,7,47,ML-DSA-87_signed-by_ML-DSA-87,ML-DSA-87_signed-by_ML-DSA-87,21.185,15376,1496.1,0.423077,0,0,586.769,20,1685.86,2890.01,19861,19858
2,8,74,ML-DSA-87_signed-by_ML-DSA-87,ML-DSA-87_signed-by_ML-DSA-87,29.819,10924.3,1199.23,0.354839,0,0,463.29,20,2341.32,3285.64,19861,19858
2,3,40,ML-DSA-87_signed-by_ML-DSA-87,ML-DSA-87_signed-by_ML-DSA-87,32.081,10154,1300.21,0.323529,23,0.676471,440.118,24,2336.74,3223.4,19861,19858
2,7,48,ML-DSA-87_signed-by_ML-DSA-87,ML-DSA-87_signed-by_ML-DSA-87,30.624,10636.8,1317.1,0.921053,0,0,443.789,20,2619.45,2603.22,19861,19858
2,8,75,ML-DSA-87_signed-by_ML-DSA-87,ML-DSA-87_signed-by_ML-DSA-87,30.429,10705,1464.35,0.921053,27,0.710526,483.474,20,4227.55,2618.07,19861,19858
2,3,41,ML-DSA-87_signed-by_ML-DSA-87,ML-DSA-87_signed-by_ML-DSA-87,43.24,7533.52,1163.73,0.921053,45,1.18421,671.895,24,3600.89,2892.07,19861,19858
2,7,49,ML-DSA-87_signed-by_ML-DSA-87,ML-DSA-87_signed-by_ML-DSA-87,29.184,11161.7,1225.29,0.548387,0,0,516.839,20,2031.71,2784.47,19861,19858
2,8,76,ML-DSA-87_signed-by_ML-DSA-87,ML-DSA-87_signed-by_ML-DSA-87,22.75,14318.2,1580.25,0.53125,13,0.40625,450,20,1998.56,4014.53,19861,19858
2,7,50,ML-DSA-87_signed-by_ML-DSA-87,ML-DSA-87_signed-by_ML-DSA-87,27.8,11717.7,1568.34,1,29,0.659091,421.727,20,1692.72,1659.44,19861,19858
2,3,42,ML-DSA-87_signed-by_ML-DSA-87,ML-DSA-87_signed-by_ML-DSA-87,32.346,10070.8,1444.87,1,36,0.837209,367.674,24,2661.83,1945.8,19861,19858
2,8,77,ML-DSA-87_signed-by_ML-DSA-87,ML-DSA-87_signed-by_ML-DSA-87,31.048,10491.8,1911.35,1,63,1.16667,590.148,20,1712.19,3212.23,19861,19858
2,3,43,ML-DSA-87_signed-by_ML-DSA-87,ML-DSA-87_signed-by_ML-DSA-87,23.834,13667.5,2381.13,0.982456,65,1.14035,323.474,24,1685.89,1631.56,19861,19858
2,7,51,ML-DSA-87_signed-by_ML-DSA-87,ML-DSA-87_signed-by_ML-DSA-87,31.482,10347.1,1156.2,1,7,0.205882,654.353,20,2305.44,1957.93,19861,19858
2,8,78,ML-DSA-87_signed-by_ML-DSA-87,ML-DSA-87_signed-by_ML-DSA-87,61.211,5321.71,1104.62,1,110,1.5493,355.521,20,3267.54,2270.14,19861,19858
2,3,44,ML-DSA-87_signed-by_ML-DSA-87,ML-DSA-87_signed-by_ML-DSA-87,42.967,7581.43,1191.61,1,69,1.725,623.8,24,2331.42,3298.81,19861,19858
2,8,79,ML-DSA-87_signed-by_ML-DSA-87,ML-DSA-87_signed-by_ML-DSA-87,17.142,19002.4,2599.37,0.342105,27,0.710526,483.474,20,2016.83,1629.72,19861,19858
2,3,45,ML-DSA-87_signed-by_ML-DSA-87,ML-DSA-87_signed-by_ML-DSA-87,18.356,17745.7,1962.02,0.40625,0,0,410,24,2621.37,1958.27,19861,19858
2,8,80,ML-DSA-87_signed-by_ML-DSA-87,ML-DSA-87_signed-by_ML-DSA-87,19.888,16378.8,2182.55,0.534884,21,0.488372,415.674,20,2363.31,2005.46,19861,19858
2,3,46,ML-DSA-87_signed-by_ML-DSA-87,ML-DSA-87_signed-by_ML-DSA-87,20.334,16019.5,2200.77,0.794872,35,0.897436,502.615,24,2316.86,1635.12,19861,19858
2,8,81,ML-DSA-87_signed-by_ML-DSA-87,ML-DSA-87_signed-by_ML-DSA-87,19.321,16859.3,1873.95,1,13,0.393939,437.515,20,4194.36,1966.95,19861,19858
2,3,47,ML-DSA-87_signed-by_ML-DSA-87,ML-DSA-87_signed-by_ML-DSA-87,28.448,11450.8,1733.41,0.666667,51,1.21429,887.81,24,3568.16,4190.85,19861,19858
2,8,82,ML-DSA-87_signed-by_ML-DSA-87,ML-DSA-87_signed-by_ML-DSA-87,22.932,14204.7,1747.73,0,0,0,534.216,20,1678.79,1638.62,19861,19858
2,3,48,ML-DSA-87_signed-by_ML-DSA-87,ML-DSA-87_signed-by_ML-DSA-87,12.09,26942.8,2978.86,0,0,0,335.5,24,2629.9,2262.48,19861,19858
2,8,83,ML-DSA-87_signed-by_ML-DSA-87,ML-DSA-87_signed-by_ML-DSA-87,14.054,23177.6,2865.39,0.736842,13,0.342105,396.947,20,2627.46,1642.62,19861,19858
2,3,49,ML-DSA-87_signed-by_ML-DSA-87,ML-DSA-87_signed-by_ML-DSA-87,22.944,14197.2,1952.52,0.8,45,1.28571,532.4,24,3007.92,2278.02,19861,19858
2,8,84,ML-DSA-87_signed-by_ML-DSA-87,ML-DSA-87_signed-by_ML-DSA-87,15.375,21186.4,2325.77,0,0,0,463.29,20,2684.17,1950.58,19861,19858
2,3,50,ML-DSA-87_signed-by_ML-DSA-87,ML-DSA-87_signed-by_ML-DSA-87,16.508,19732.3,2699.2,0.631579,27,0.710526,460.526,24,1697.81,1643.97,19861,19858
2,8,85,ML-DSA-87_signed-by_ML-DSA-87,ML-DSA-87_signed-by_ML-DSA-87,22.818,14275.6,1827.96,0.705882,23,0.676471,472.588,20,2322.42,1631.1,19861,19858
2,3,51,ML-DSA-87_signed-by_ML-DSA-87,ML-DSA-87_signed-by_ML-DSA-87,21.198,15366.8,1686.91,0.290323,0,0,422,24,1706.03,3528.84,19861,19858
2,8,86,ML-DSA-87_signed-by_ML-DSA-87,ML-DSA-87_signed-by_ML-DSA-87,13.629,23900.7,3095.66,0.25,19,0.527778,428.444,20,2317.18,2889.01,19861,19858
2,3,52,ML-DSA-87_signed-by_ML-DSA-87,ML-DSA-87_signed-by_ML-DSA-87,21.083,15450.2,2620.38,1,59,1.20408,513.102,24,3597.28,1712.82,19861,19858
2,8,87,ML-DSA-87_signed-by_ML-DSA-87,ML-DSA-87_signed-by_ML-DSA-87,23.279,13992.8,2425.43,1,73,1.65909,499.091,20,2951.34,3526.47,19861,19858
2,3,53,ML-DSA-87_signed-by_ML-DSA-87,ML-DSA-87_signed-by_ML-DSA-87,23.036,14140.5,1563.41,0.40625,0,0,410,24,1703.64,3513.28,19861,19858
2,8,88,ML-DSA-87_signed-by_ML-DSA-87,ML-DSA-87_signed-by_ML-DSA-87,19.872,16391.9,2242.27,0.342105,27,0.710526,548.526,20,3584.91,5299.2,19861,19858
2,3,54,ML-DSA-87_signed-by_ML-DSA-87,ML-DSA-87_signed-by_ML-DSA-87,17.272,18859.4,2070.32,0,0,0,427.677,24,2974.33,2262.84,19861,19858
2,8,89,ML-DSA-87_signed-by_ML-DSA-87,ML-DSA-87_signed-by_ML-DSA-87,18.362,17740,1947.44,0,0,0,463.29,20,1986.39,2261.29,19861,19858
2,3,55,ML-DSA-87_signed-by_ML-DSA-87,ML-DSA-87_signed-by_ML-DSA-87,17.568,18541.8,2035.46,0,0,0,422,24,3895.64,2335.16,19861,19858
2,8,90,ML-DSA-87_signed-by_ML-DSA-87,ML-DSA-87_signed-by_ML-DSA-87,17.488,18626.5,2044.76,0,0,0,463.29,20,1709.73,3201.44,19861,19858
2,3,56,ML-DSA-87_signed-by_ML-DSA-87,ML-DSA-87_signed-by_ML-DSA-87,20.133,16179.5,1788.84,0,0,0,410,24,1688.16,1941.04,19861,19858
2,8,91,ML-DSA-87_signed-by_ML-DSA-87,ML-DSA-87_signed-by_ML-DSA-87,18.506,17601.9,1932.28,0,0,0,463.29,20,5152.09,3832.18,19861,19858
2,8,92,ML-DSA-87_signed-by_ML-DSA-87,ML-DSA-87_signed-by_ML-DSA-87,16.746,19451.9,2135.37,0.645161,0,0,463.29,20,1995.43,1955.57,19861,19858
2,3,57,ML-DSA-87_signed-by_ML-DSA-87,ML-DSA-87_signed-by_ML-DSA-87,31.891,10214.4,1409.28,0.5,29,0.725,429.2,24,2023.98,2875.18,19861,19858
2,8,93,ML-DSA-87_signed-by_ML-DSA-87,ML-DSA-87_signed-by_ML-DSA-87,19.001,17143.1,1881.91,0,0,0,463.29,20,2009.53,1659.27,19861,19858
2,3,58,ML-DSA-87_signed-by_ML-DSA-87,ML-DSA-87_signed-by_ML-DSA-87,22.135,14716,1949.41,0.238095,21,0.5,353.81,24,4891.27,1643.07,19861,19858
2,8,94,ML-DSA-87_signed-by_ML-DSA-87,ML-DSA-87_signed-by_ML-DSA-87,17.9,18197.8,2011.99,0.3125,0,0,450,20,3900.87,3846.32,19861,19858
2,3,59,ML-DSA-87_signed-by_ML-DSA-87,ML-DSA-87_signed-by_ML-DSA-87,16.726,19475.1,2407.67,0.421053,13,0.342105,364.526,24,2323.88,3200.81,19861,19858
2,8,95,ML-DSA-87_signed-by_ML-DSA-87,ML-DSA-87_signed-by_ML-DSA-87,19.09,17063.3,2260.36,0.380952,21,0.5,381.429,20,3568.3,1945.25,19861,19858
2,3,60,ML-DSA-87_signed-by_ML-DSA-87,ML-DSA-87_signed-by_ML-DSA-87,17.137,19007.9,2101.56,0,0,0,410,24,3705.46,2952.84,19861,19858
2,8,96,ML-DSA-87_signed-by_ML-DSA-87,ML-DSA-87_signed-by_ML-DSA-87,16.425,19831.9,2177.08,0,0,0,463.29,20,2313.27,2887.93,19861,19858
2,8,97,ML-DSA-87_signed-by_ML-DSA-87,ML-DSA-87_signed-by_ML-DSA-87,13.217,24645.3,2724.85,0.1875,0,0,450,20,2021.92,1648.56,19861,19858
2,3,61,ML-DSA-87_signed-by_ML-DSA-87,ML-DSA-87_signed-by_ML-DSA-87,19.439,16756.8,2084.78,0.153846,13,0.333333,295.026,24,2310.7,1964.91,19861,19858
2,8,98,ML-DSA-87_signed-by_ML-DSA-87,ML-DSA-87_signed-by_ML-DSA-87,15.83,20577.5,2828.98,0.844444,26,0.577778,352.311,20,2956.62,3532.29,19861,19858
2,3,62,ML-DSA-87_signed-by_ML-DSA-87,ML-DSA-87_signed-by_ML-DSA-87,31.305,10405.4,1712.65,1,54,1.17391,468.435,24,2649.53,7338.64,19861,19858
2,8,99,ML-DSA-87_signed-by_ML-DSA-87,ML-DSA-87_signed-by_ML-DSA-87,18.845,17285,2377.17,0.628571,45,1.28571,553.886,20,3568.92,2580.05,19861,19858
2,3,63,ML-DSA-87_signed-by_ML-DSA-87,ML-DSA-87_signed-by_ML-DSA-87,21.174,15383.8,1913.96,0.358974,13,0.333333,295.026,24,1696.86,2661.22,19861,19858
2,3,64,ML-DSA-87_signed-by_ML-DSA-87,ML-DSA-87_signed-by_ML-DSA-87,14.681,22188.2,2470.62,0,0,0,322.848,24,2635.19,3840.92,19861,19858
2,3,65,ML-DSA-87_signed-by_ML-DSA-87,ML-DSA-87_signed-by_ML-DSA-87,13.337,24424.2,2681.21,0,0,0,422,24,1699.16,2284.57,19861,19858
2,3,66,ML-DSA-87_signed-by_ML-DSA-87,ML-DSA-87_signed-by_ML-DSA-87,10.983,29659,3255.87,0,0,0,422,24,2959.45,1950.77,19861,19858
2,3,67,ML-DSA-87_signed-by_ML-DSA-87,ML-DSA-87_signed-by_ML-DSA-87,11.22,29032.4,3209.9,0,0,0,335.5,24,2956.71,2266.66,19861,19858
2,3,68,ML-DSA-87_signed-by_ML-DSA-87,ML-DSA-87_signed-by_ML-DSA-87,10.904,29873.9,3279.46,0,0,0,422,24,5486.94,1641.45,19861,19858
2,3,69,ML-DSA-87_signed-by_ML-DSA-87,ML-DSA-87_signed-by_ML-DSA-87,13.204,24670.3,2708.22,0,0,0,422,24,2331.62,1947.14,19861,19858
2,3,70,ML-DSA-87_signed-by_ML-DSA-87,ML-DSA-87_signed-by_ML-DSA-87,10.814,30121.5,3306.64,0,0,0,422,24,2042.05,2291.75,19861,19858
2,3,71,ML-DSA-87_signed-by_ML-DSA-87,ML-DSA-87_signed-by_ML-DSA-87,11.08,29399.4,3227.37,0,0,0,422,24,1760.98,1945.5,19861,19858
2,3,72,ML-DSA-87_signed-by_ML-DSA-87,ML-DSA-87_signed-by_ML-DSA-87,12.469,26124.4,2867.86,0,0,0,422,24,1681.78,3524.46,19861,19858
2,3,73,ML-DSA-87_signed-by_ML-DSA-87,ML-DSA-87_signed-by_ML-DSA-87,11.491,28347.9,3111.94,0,0,0,422,24,1680.49,1950.38,19861,19858
2,3,74,ML-DSA-87_signed-by_ML-DSA-87,ML-DSA-87_signed-by_ML-DSA-87,11.061,29449.9,3232.91,0,0,0,422,24,1994.66,2580.57,19861,19858
2,3,75,ML-DSA-87_signed-by_ML-DSA-87,ML-DSA-87_signed-by_ML-DSA-87,10.444,31189.5,3448.39,0,0,0,335.5,24,1682.03,1707.88,19861,19858
2,3,76,ML-DSA-87_signed-by_ML-DSA-87,ML-DSA-87_signed-by_ML-DSA-87,11.88,27419.5,3031.58,0,0,0,410,24,2621.74,2268.69,19861,19858
2,3,77,ML-DSA-87_signed-by_ML-DSA-87,ML-DSA-87_signed-by_ML-DSA-87,11.87,27442.7,3012.58,0,0,0,422,24,2635.24,2891.92,19861,19858
2,3,78,ML-DSA-87_signed-by_ML-DSA-87,ML-DSA-87_signed-by_ML-DSA-87,11.183,29128.5,3220.52,0,0,0,335.5,24,2644.33,1957.92,19861,19858
2,3,79,ML-DSA-87_signed-by_ML-DSA-87,ML-DSA-87_signed-by_ML-DSA-87,11.741,27742.6,3045.49,0,0,0,422,24,3662.99,1633.52,19861,19858
2,3,80,ML-DSA-87_signed-by_ML-DSA-87,ML-DSA-87_signed-by_ML-DSA-87,10.469,31115.2,3415.72,0,0,0,422,24,1685.46,1642.21,19861,19858
2,3,81,ML-DSA-87_signed-by_ML-DSA-87,ML-DSA-87_signed-by_ML-DSA-87,12.335,26408.1,2919.75,0,0,0,410,24,3573.66,2283.65,19861,19858
2,3,82,ML-DSA-87_signed-by_ML-DSA-87,ML-DSA-87_signed-by_ML-DSA-87,11.717,27801,3073.75,0,0,0,329.5,24,2022.12,2907.7,19861,19858
2,3,83,ML-DSA-87_signed-by_ML-DSA-87,ML-DSA-87_signed-by_ML-DSA-87,14.332,22728.6,2495.07,0,0,0,422,24,1694.79,2895.08,19861,19858
2,3,84,ML-DSA-87_signed-by_ML-DSA-87,ML-DSA-87_signed-by_ML-DSA-87,11.373,28641.7,3144.19,0,0,0,422,24,1702.49,1966.86,19861,19858
2,3,85,ML-DSA-87_signed-by_ML-DSA-87,ML-DSA-87_signed-by_ML-DSA-87,12.084,26956.8,2959.23,0,0,0,422,24,2013.46,3523.65,19861,19858
2,3,86,ML-DSA-87_signed-by_ML-DSA-87,ML-DSA-87_signed-by_ML-DSA-87,12.687,25675.6,2818.58,0,0,0,422,24,2645.25,1642.58,19861,19858
2,3,87,ML-DSA-87_signed-by_ML-DSA-87,ML-DSA-87_signed-by_ML-DSA-87,15.408,21141.3,2337.44,0,0,0,410,24,2647.37,5113.47,19861,19858
2,3,88,ML-DSA-87_signed-by_ML-DSA-87,ML-DSA-87_signed-by_ML-DSA-87,11.954,27249.9,2991.41,0,0,0,422,24,3642.92,1952.94,19861,19858
2,3,89,ML-DSA-87_signed-by_ML-DSA-87,ML-DSA-87_signed-by_ML-DSA-87,11.389,28601.6,3162.27,0,0,0,329.5,24,3559.67,2582.68,19861,19858
2,3,90,ML-DSA-87_signed-by_ML-DSA-87,ML-DSA-87_signed-by_ML-DSA-87,11.936,27291,2995.92,0,0,0,422,24,1999.28,2265.37,19861,19858
2,3,91,ML-DSA-87_signed-by_ML-DSA-87,ML-DSA-87_signed-by_ML-DSA-87,10.652,30580.5,3357.03,0,0,0,422,24,2621.88,1638.4,19861,19858
2,3,92,ML-DSA-87_signed-by_ML-DSA-87,ML-DSA-87_signed-by_ML-DSA-87,10.526,30946.5,3421.53,0,0,0,335.5,24,1997.62,1635.61,19861,19858
2,3,93,ML-DSA-87_signed-by_ML-DSA-87,ML-DSA-87_signed-by_ML-DSA-87,11.475,28387.4,3116.27,0,0,0,422,24,2311.28,1948.47,19861,19858
2,3,94,ML-DSA-87_signed-by_ML-DSA-87,ML-DSA-87_signed-by_ML-DSA-87,11.845,27500.6,3040.53,0,0,0,335.5,24,1698.38,1633.19,19861,19858
2,3,95,ML-DSA-87_signed-by_ML-DSA-87,ML-DSA-87_signed-by_ML-DSA-87,11.419,28526.6,3131.56,0,0,0,422,24,2970.32,2275.41,19861,19858
2,3,96,ML-DSA-87_signed-by_ML-DSA-87,ML-DSA-87_signed-by_ML-DSA-87,11.637,27991.1,3072.77,0,0,0,422,24,2016.71,1948.77,19861,19858
2,3,97,ML-DSA-87_signed-by_ML-DSA-87,ML-DSA-87_signed-by_ML-DSA-87,11.867,27449.7,3013.34,0,0,0,422,24,1701.03,1947.11,19861,19858
2,3,98,ML-DSA-87_signed-by_ML-DSA-87,ML-DSA-87_signed-by_ML-DSA-87,10.219,31876.3,3499.28,0,0,0,422,24,2639.23,1637.72,19861,19858
2,3,99,ML-DSA-87_signed-by_ML-DSA-87,ML-DSA-87_signed-by_ML-DSA-87,10.221,31870.1,3498.6,0,0,0,422,24,1673.12,1658.04,19861,19858
2,7,52,ML-DSA-87_signed-by_ML-DSA-87,ML-DSA-87_signed-by_ML-DSA-87,1217.32,267.599,63.5891,1,77,1.11594,558.696,19,1683.24,3217.35,19861,19858
2,7,53,ML-DSA-87_signed-by_ML-DSA-87,ML-DSA-87_signed-by_ML-DSA-87,12.034,27068.5,3031.32,0,0,0,502.5,19,3890.78,2185.33,19861,19858
2,7,54,ML-DSA-87_signed-by_ML-DSA-87,ML-DSA-87_signed-by_ML-DSA-87,17.873,18225.7,2000.76,0,0,0,516.839,19,2623.49,4163.32,19861,19858
2,7,55,ML-DSA-87_signed-by_ML-DSA-87,ML-DSA-87_signed-by_ML-DSA-87,12.612,25828.3,2835.35,0,0,0,516.839,19,2334.67,1634.93,19861,19858
2,7,56,ML-DSA-87_signed-by_ML-DSA-87,ML-DSA-87_signed-by_ML-DSA-87,15.387,21170.3,2324.01,0,0,0,516.839,19,4506.06,3521.04,19861,19858
2,7,57,ML-DSA-87_signed-by_ML-DSA-87,ML-DSA-87_signed-by_ML-DSA-87,12.082,26961.3,2959.73,0,0,0,516.839,19,2942.77,1952.24,19861,19858
2,7,58,ML-DSA-87_signed-by_ML-DSA-87,ML-DSA-87_signed-by_ML-DSA-87,13.19,24696.5,2711.11,0,0,0,516.839,19,4515.93,2265.73,19861,19858
2,7,59,ML-DSA-87_signed-by_ML-DSA-87,ML-DSA-87_signed-by_ML-DSA-87,12.079,26968,2960.46,0,0,0,516.839,19,5771.66,2269.52,19861,19858
2,7,60,ML-DSA-87_signed-by_ML-DSA-87,ML-DSA-87_signed-by_ML-DSA-87,11.816,27568.3,3026.36,0,0,0,516.839,19,2356.39,1951.7,19861,19858
2,7,61,ML-DSA-87_signed-by_ML-DSA-87,ML-DSA-87_signed-by_ML-DSA-87,14.979,21746.9,2387.31,0,0,0,516.839,19,1688.42,2891.16,19861,19858
2,7,62,ML-DSA-87_signed-by_ML-DSA-87,ML-DSA-87_signed-by_ML-DSA-87,13.007,25043.9,2768.92,0,0,0,501.875,19,2949.35,1638.8,19861,19858
2,7,63,ML-DSA-87_signed-by_ML-DSA-87,ML-DSA-87_signed-by_ML-DSA-87,11.316,28786.4,3160.07,0,0,0,516.839,19,1692.25,1951.88,19861,19858
2,7,64,ML-DSA-87_signed-by_ML-DSA-87,ML-DSA-87_signed-by_ML-DSA-87,12.419,26229.7,2879.41,0,0,0,516.839,19,2318.54,2895.7,19861,19858
2,7,65,ML-DSA-87_signed-by_ML-DSA-87,ML-DSA-87_signed-by_ML-DSA-87,11.87,27442.9,3012.59,0,0,0,516.839,19,1689.12,2262.7,19861,19858
2,7,66,ML-DSA-87_signed-by_ML-DSA-87,ML-DSA-87_signed-by_ML-DSA-87,11.215,29045.6,3188.53,0,0,0,516.839,19,2641.62,1988.74,19861,19858
2,7,67,ML-DSA-87_signed-by_ML-DSA-87,ML-DSA-87_signed-by_ML-DSA-87,14.669,22206.5,2437.76,0,0,0,516.839,19,2326.29,5403.8,19861,19858
2,7,68,ML-DSA-87_signed-by_ML-DSA-87,ML-DSA-87_signed-by_ML-DSA-87,12.94,25173.6,2783.26,0,0,0,416.125,19,3289.05,2265.66,19861,19858
2,7,69,ML-DSA-87_signed-by_ML-DSA-87,ML-DSA-87_signed-by_ML-DSA-87,14.806,22001,2415.2,0,0,0,516.839,19,3581.19,2268.14,19861,19858
2,7,70,ML-DSA-87_signed-by_ML-DSA-87,ML-DSA-87_signed-by_ML-DSA-87,11.427,28506.7,3129.38,0,0,0,516.839,19,2649.49,1640.07,19861,19858
2,7,71,ML-DSA-87_signed-by_ML-DSA-87,ML-DSA-87_signed-by_ML-DSA-87,14.15,23021,2545.26,0,0,0,501.875,19,1699.61,3855.85,19861,19858
2,7,72,ML-DSA-87_signed-by_ML-DSA-87,ML-DSA-87_signed-by_ML-DSA-87,12.005,27134.3,2978.71,0,0,0,516.839,19,3577.73,2587.96,19861,19858
2,7,73,ML-DSA-87_signed-by_ML-DSA-87,ML-DSA-87_signed-by_ML-DSA-87,13.341,24417,2680.42,0,0,0,516.839,19,4215.35,2583.84,19861,19858
2,7,74,ML-DSA-87_signed-by_ML-DSA-87,ML-DSA-87_signed-by_ML-DSA-87,14.615,22288.5,2481.79,0,0,0,392.667,19,1697.63,2584.33,19861,19858
2,7,75,ML-DSA-87_signed-by_ML-DSA-87,ML-DSA-87_signed-by_ML-DSA-87,11.944,27272.8,2993.92,0,0,0,516.839,19,3572.64,2285.72,19861,19858
2,7,76,ML-DSA-87_signed-by_ML-DSA-87,ML-DSA-87_signed-by_ML-DSA-87,12.193,26715.9,2932.78,0,0,0,516.839,19,1703.07,1649.64,19861,19858
2,7,77,ML-DSA-87_signed-by_ML-DSA-87,ML-DSA-87_signed-by_ML-DSA-87,15.464,21064.9,2312.44,0,0,0,516.839,19,2327.46,2588.39,19861,19858
2,7,78,ML-DSA-87_signed-by_ML-DSA-87,ML-DSA-87_signed-by_ML-DSA-87,12.153,26803.7,2984.55,0,0,0,397.394,19,1705.98,2265.67,19861,19858
2,7,79,ML-DSA-87_signed-by_ML-DSA-87,ML-DSA-87_signed-by_ML-DSA-87,12.421,26225.5,2878.95,0,0,0,516.839,19,1691.01,1633.38,19861,19858
2,7,80,ML-DSA-87_signed-by_ML-DSA-87,ML-DSA-87_signed-by_ML-DSA-87,11.424,28514.2,3130.2,0,0,0,516.839,19,3899.86,2286.84,19861,19858
2,7,81,ML-DSA-87_signed-by_ML-DSA-87,ML-DSA-87_signed-by_ML-DSA-87,11.084,29388.9,3226.22,0,0,0,516.839,19,1700.41,1961.92,19861,19858
2,7,82,ML-DSA-87_signed-by_ML-DSA-87,ML-DSA-87_signed-by_ML-DSA-87,11.551,28200.7,3095.78,0,0,0,516.839,19,2010.52,2257.26,19861,19858
2,7,83,ML-DSA-87_signed-by_ML-DSA-87,ML-DSA-87_signed-by_ML-DSA-87,11.925,27316.2,3020.15,0,0,0,408.625,19,3251.97,1642.03,19861,19858
2,7,84,ML-DSA-87_signed-by_ML-DSA-87,ML-DSA-87_signed-by_ML-DSA-87,15.943,20432,2259.02,0,0,0,408.625,19,2330.92,3521.36,19861,19858
2,7,85,ML-DSA-87_signed-by_ML-DSA-87,ML-DSA-87_signed-by_ML-DSA-87,13.957,23339.4,2562.12,0,0,0,516.839,19,2642.98,2597.22,19861,19858
2,7,86,ML-DSA-87_signed-by_ML-DSA-87,ML-DSA-87_signed-by_ML-DSA-87,11.995,27156.9,2981.19,0,0,0,516.839,19,1698.33,2584.55,19861,19858
2,7,87,ML-DSA-87_signed-by_ML-DSA-87,ML-DSA-87_signed-by_ML-DSA-87,13.52,24093.7,2644.93,0,0,0,516.839,19,2646.45,2574.5,19861,19858
2,7,88,ML-DSA-87_signed-by_ML-DSA-87,ML-DSA-87_signed-by_ML-DSA-87,13.171,24732.2,2715.02,0,0,0,516.839,19,2038.65,2261.86,19861,19858
2,7,89,ML-DSA-87_signed-by_ML-DSA-87,ML-DSA-87_signed-by_ML-DSA-87,16.989,19174.1,2104.87,0,0,0,516.839,19,1701.61,3532.14,19861,19858
2,7,90,ML-DSA-87_signed-by_ML-DSA-87,ML-DSA-87_signed-by_ML-DSA-87,11.801,27603.3,3030.2,0,0,0,516.839,19,3653.84,1946.86,19861,19858
2,7,91,ML-DSA-87_signed-by_ML-DSA-87,ML-DSA-87_signed-by_ML-DSA-87,12.501,26057.7,2860.53,0,0,0,516.839,19,4206.11,2596.01,19861,19858
2,7,92,ML-DSA-87_signed-by_ML-DSA-87,ML-DSA-87_signed-by_ML-DSA-87,13.219,24642.4,2705.16,0,0,0,516.839,19,2637.7,1955.89,19861,19858
2,7,93,ML-DSA-87_signed-by_ML-DSA-87,ML-DSA-87_signed-by_ML-DSA-87,13.745,23698.4,2601.53,0,0,0,516.839,19,1712.43,4161.04,19861,19858
2,7,94,ML-DSA-87_signed-by_ML-DSA-87,ML-DSA-87_signed-by_ML-DSA-87,14.345,22708.1,2492.82,0,0,0,516.839,19,1701.4,1640.71,19861,19858
2,7,95,ML-DSA-87_signed-by_ML-DSA-87,ML-DSA-87_signed-by_ML-DSA-87,16.541,19693.4,2161.87,0,0,0,516.839,19,2644.86,6369.24,19861,19858
2,7,96,ML-DSA-87_signed-by_ML-DSA-87,ML-DSA-87_signed-by_ML-DSA-87,13.037,24986.4,2742.92,0,0,0,516.839,19,3272.28,1972.68,19861,19858
2,7,97,ML-DSA-87_signed-by_ML-DSA-87,ML-DSA-87_signed-by_ML-DSA-87,13.714,23752.9,2607.52,0,0,0,516.839,19,2330.95,1634.77,19861,19858
2,7,98,ML-DSA-87_signed-by_ML-DSA-87,ML-DSA-87_signed-by_ML-DSA-87,12.761,25526.7,2822.3,0,0,0,501.875,19,2642.97,1628.89,19861,19858
2,7,99,ML-DSA-87_signed-by_ML-DSA-87,ML-DSA-87_signed-by_ML-DSA-87,11.679,27891.7,3061.86,0,0,0,516.839,19,2311.42,2275.99,19861,19858
2,2,53,ML-DSA-87_signed-by_ML-DSA-87,ML-DSA-87_signed-by_ML-DSA-87,3009.72,108.233,26.8357,1,48,0.786885,213.082,24,1689.27,1644.75,19861,19858
2,2,54,ML-DSA-87_signed-by_ML-DSA-87,ML-DSA-87_signed-by_ML-DSA-87,11.069,29428.6,3230.57,0,0,0,554,24,1695.86,1635.72,19861,19858
2,2,55,ML-DSA-87_signed-by_ML-DSA-87,ML-DSA-87_signed-by_ML-DSA-87,12.593,25867.2,2839.62,0,0,0,512.968,24,6086.62,2888.87,19861,19858
2,2,56,ML-DSA-87_signed-by_ML-DSA-87,ML-DSA-87_signed-by_ML-DSA-87,16.944,19224.9,2110.45,0,0,0,516.839,24,2330.55,5744.34,19861,19858
2,2,57,ML-DSA-87_signed-by_ML-DSA-87,ML-DSA-87_signed-by_ML-DSA-87,12.84,25369.5,2804.92,0,0,0,422.25,24,2010.42,2588.99,19861,19858
2,2,58,ML-DSA-87_signed-by_ML-DSA-87,ML-DSA-87_signed-by_ML-DSA-87,12.037,27062,2970.78,0,0,0,422,24,3298.56,1962.08,19861,19858
2,2,59,ML-DSA-87_signed-by_ML-DSA-87,ML-DSA-87_signed-by_ML-DSA-87,15.641,20825.9,2286.2,0,0,0,422,24,2012.6,3533.14,19861,19858
2,2,60,ML-DSA-87_signed-by_ML-DSA-87,ML-DSA-87_signed-by_ML-DSA-87,10.8,30161.4,3334.73,0,0,0,329.5,24,4202.4,1634.46,19861,19858
2,2,61,ML-DSA-87_signed-by_ML-DSA-87,ML-DSA-87_signed-by_ML-DSA-87,10.408,31297.4,3460.32,0,0,0,335.5,24,1678.79,1642.18,19861,19858
2,2,62,ML-DSA-87_signed-by_ML-DSA-87,ML-DSA-87_signed-by_ML-DSA-87,14.285,22803.2,2539.11,0,0,0,327.455,24,1677.58,1974.1,19861,19858
2,2,63,ML-DSA-87_signed-by_ML-DSA-87,ML-DSA-87_signed-by_ML-DSA-87,12.775,25498.6,2819.19,0,0,0,335.5,24,2342.11,3227.58,19861,19858
2,2,64,ML-DSA-87_signed-by_ML-DSA-87,ML-DSA-87_signed-by_ML-DSA-87,11.077,29407.3,3228.24,0,0,0,422,24,2636.09,2269.24,19861,19858
2,2,65,ML-DSA-87_signed-by_ML-DSA-87,ML-DSA-87_signed-by_ML-DSA-87,12.886,25279,2794.91,0,0,0,329.5,24,2003.66,3208.73,19861,19858
2,2,66,ML-DSA-87_signed-by_ML-DSA-87,ML-DSA-87_signed-by_ML-DSA-87,10.853,30014.3,3294.87,0,0,0,422,24,3118.31,2269.7,19861,19858
2,2,67,ML-DSA-87_signed-by_ML-DSA-87,ML-DSA-87_signed-by_ML-DSA-87,14.216,22913.8,2967.83,0.25,19,0.527778,338,24,2641.55,1668.22,19861,19858
2,2,68,ML-DSA-87_signed-by_ML-DSA-87,ML-DSA-87_signed-by_ML-DSA-87,12.979,25097.9,2755.17,0,0,0,422,24,2939.84,3516.39,19861,19858
2,2,69,ML-DSA-87_signed-by_ML-DSA-87,ML-DSA-87_signed-by_ML-DSA-87,14.307,22768.3,2517.32,0,0,0,533,24,5148.8,1646.52,19861,19858
2,2,70,ML-DSA-87_signed-by_ML-DSA-87,ML-DSA-87_signed-by_ML-DSA-87,11.062,29447.2,3232.62,0,0,0,422,24,3277.15,1954.91,19861,19858
2,2,71,ML-DSA-87_signed-by_ML-DSA-87,ML-DSA-87_signed-by_ML-DSA-87,11.055,29465.7,3257.81,0,0,0,335.5,24,1685.19,2264.42,19861,19858
2,2,72,ML-DSA-87_signed-by_ML-DSA-87,ML-DSA-87_signed-by_ML-DSA-87,11.642,27980,3115.53,0,0,0,322.848,24,2009.31,1964.08,19861,19858
2,2,73,ML-DSA-87_signed-by_ML-DSA-87,ML-DSA-87_signed-by_ML-DSA-87,13.879,23470.4,2576.51,0,0,0,422,24,2014.58,5402.28,19861,19858
2,2,74,ML-DSA-87_signed-by_ML-DSA-87,ML-DSA-87_signed-by_ML-DSA-87,12.22,26656.8,2926.29,0,0,0,422,24,1706.37,2574.41,19861,19858
2,2,75,ML-DSA-87_signed-by_ML-DSA-87,ML-DSA-87_signed-by_ML-DSA-87,11.611,28054.9,3079.77,0,0,0,422,24,1710.33,1636.78,19861,19858
2,2,76,ML-DSA-87_signed-by_ML-DSA-87,ML-DSA-87_signed-by_ML-DSA-87,10.486,31064.7,3410.18,0,0,0,422,24,1697.5,1635.41,19861,19858
2,2,77,ML-DSA-87_signed-by_ML-DSA-87,ML-DSA-87_signed-by_ML-DSA-87,12.544,25968.2,2871.11,0,0,0,335.5,24,1994.6,3591.15,19861,19858
2,2,78,ML-DSA-87_signed-by_ML-DSA-87,ML-DSA-87_signed-by_ML-DSA-87,10.862,29989.3,3315.69,0,0,0,329.5,24,1686.2,1635.14,19861,19858
2,2,79,ML-DSA-87_signed-by_ML-DSA-87,ML-DSA-87_signed-by_ML-DSA-87,14.016,23241,2569.58,0,0,0,410,24,1688.75,2590.49,19861,19858
2,2,80,ML-DSA-87_signed-by_ML-DSA-87,ML-DSA-87_signed-by_ML-DSA-87,14.801,22008.4,2416.01,0,0,0,422,24,2021.12,5419.62,19861,19858
2,2,81,ML-DSA-87_signed-by_ML-DSA-87,ML-DSA-87_signed-by_ML-DSA-87,13.416,24280.3,2684.5,0,0,0,329.5,24,3574.31,2587.49,19861,19858
2,2,82,ML-DSA-87_signed-by_ML-DSA-87,ML-DSA-87_signed-by_ML-DSA-87,13.438,24240.6,2680.1,0,0,0,335.5,24,3262.07,1634.69,19861,19858
2,2,83,ML-DSA-87_signed-by_ML-DSA-87,ML-DSA-87_signed-by_ML-DSA-87,15.226,21394,2365.38,0,0,0,410,24,2017.03,3422.71,19861,19858
2,2,84,ML-DSA-87_signed-by_ML-DSA-87,ML-DSA-87_signed-by_ML-DSA-87,13.322,24451.7,2684.23,0,0,0,422,24,4836.38,3219.75,19861,19858
2,2,85,ML-DSA-87_signed-by_ML-DSA-87,ML-DSA-87_signed-by_ML-DSA-87,10.906,29868.4,3278.86,0,0,0,422,24,2974.72,1651.42,19861,19858
2,2,86,ML-DSA-87_signed-by_ML-DSA-87,ML-DSA-87_signed-by_ML-DSA-87,12.147,26817,2943.88,0,0,0,422,24,1682.52,3541.49,19861,19858
2,2,87,ML-DSA-87_signed-by_ML-DSA-87,ML-DSA-87_signed-by_ML-DSA-87,13.724,23735.2,3524.23,0.45,38,0.95,332,24,1696.59,2581.73,19861,19858
2,2,88,ML-DSA-87_signed-by_ML-DSA-87,ML-DSA-87_signed-by_ML-DSA-87,12.605,25842.6,2836.92,0,0,0,422,24,1692.33,1962.41,19861,19858
2,2,89,ML-DSA-87_signed-by_ML-DSA-87,ML-DSA-87_signed-by_ML-DSA-87,12.456,26151.5,2911.93,0,0,0,326.485,24,1694.05,2575.25,19861,19858
2,2,90,ML-DSA-87_signed-by_ML-DSA-87,ML-DSA-87_signed-by_ML-DSA-87,11.657,27944.2,3067.62,0,0,0,422,24,2327.31,3280.67,19861,19858
2,2,91,ML-DSA-87_signed-by_ML-DSA-87,ML-DSA-87_signed-by_ML-DSA-87,13.633,23893.9,2622.99,0,0,0,422,24,3273.54,3209.66,19861,19858
2,2,92,ML-DSA-87_signed-by_ML-DSA-87,ML-DSA-87_signed-by_ML-DSA-87,12.27,26548.1,2914.37,0,0,0,422,24,2330.89,3209.49,19861,19858
2,2,93,ML-DSA-87_signed-by_ML-DSA-87,ML-DSA-87_signed-by_ML-DSA-87,12.681,25687.5,2860.27,0,0,0,322.848,24,2956.88,1962.68,19861,19858
2,2,94,ML-DSA-87_signed-by_ML-DSA-87,ML-DSA-87_signed-by_ML-DSA-87,10.911,29854.7,3277.35,0,0,0,422,24,3893.73,2263.38,19861,19858
2,2,95,ML-DSA-87_signed-by_ML-DSA-87,ML-DSA-87_signed-by_ML-DSA-87,13.665,23837.7,3087.5,0.25,19,0.527778,338,24,1700.48,3526.3,19861,19858
2,2,96,ML-DSA-87_signed-by_ML-DSA-87,ML-DSA-87_signed-by_ML-DSA-87,11.355,28687.1,3194.27,0,0,0,322.848,24,1696.63,1634.67,19861,19858
2,2,97,ML-DSA-87_signed-by_ML-DSA-87,ML-DSA-87_signed-by_ML-DSA-87,10.372,31406.1,3447.66,0,0,0,422,24,2028.59,1638.67,19861,19858
2,2,98,ML-DSA-87_signed-by_ML-DSA-87,ML-DSA-87_signed-by_ML-DSA-87,12.288,26509.2,2910.1,0,0,0,478.774,24,2013.09,3534.5,19861,19858
2,2,99,ML-DSA-87_signed-by_ML-DSA-87,ML-DSA-87_signed-by_ML-DSA-87,10.873,29959.1,3288.81,0,0,0,422,24,1691.05,2260.19,19861,19858
2,1,72,ML-DSA-87_signed-by_ML-DSA-87,ML-DSA-87_signed-by_ML-DSA-87,3014.39,108.066,23.2325,1,36,0.666667,205.407,24,5782.27,3841.97,19861,19858
2,1,73,ML-DSA-87_signed-by_ML-DSA-87,ML-DSA-87_signed-by_ML-DSA-87,11.486,28360.2,3113.29,0,0,0,497.355,24,2324.36,1663.85,19861,19858
2,1,74,ML-DSA-87_signed-by_ML-DSA-87,ML-DSA-87_signed-by_ML-DSA-87,11.189,29113,3195.93,0,0,0,463.29,24,3283.14,1950.69,19861,19858
2,1,75,ML-DSA-87_signed-by_ML-DSA-87,ML-DSA-87_signed-by_ML-DSA-87,13.767,23661.1,3064.63,0.25,19,0.527778,429.889,24,2006.97,1637.86,19861,19858
2,1,76,ML-DSA-87_signed-by_ML-DSA-87,ML-DSA-87_signed-by_ML-DSA-87,13.876,23475.5,2577.07,0,0,0,463.29,24,2991.66,4496.86,19861,19858
2,1,77,ML-DSA-87_signed-by_ML-DSA-87,ML-DSA-87_signed-by_ML-DSA-87,13.1,24866.1,2729.72,0,0,0,463.29,24,4849.89,2898.48,19861,19858
2,1,78,ML-DSA-87_signed-by_ML-DSA-87,ML-DSA-87_signed-by_ML-DSA-87,15.86,20538.8,2254.69,0,0,0,463.29,24,2010.48,5090.53,19861,19858
2,1,79,ML-DSA-87_signed-by_ML-DSA-87,ML-DSA-87_signed-by_ML-DSA-87,10.817,30114.2,3305.83,0,0,0,463.29,24,2714.33,1946.01,19861,19858
2,1,80,ML-DSA-87_signed-by_ML-DSA-87,ML-DSA-87_signed-by_ML-DSA-87,11.753,27715.7,3086.1,0,0,0,358.848,24,4207.17,1956.14,19861,19858
2,1,81,ML-DSA-87_signed-by_ML-DSA-87,ML-DSA-87_signed-by_ML-DSA-87,14.216,22914,2533.43,0,0,0,450,24,1705.43,3218.04,19861,19858
2,1,82,ML-DSA-87_signed-by_ML-DSA-87,ML-DSA-87_signed-by_ML-DSA-87,14.372,22665.3,2505.93,0,0,0,367.75,24,2315.62,1952.01,19861,19858
2,1,83,ML-DSA-87_signed-by_ML-DSA-87,ML-DSA-87_signed-by_ML-DSA-87,13.729,23726.8,2623.3,0,0,0,367.75,24,1997.08,2582.97,19861,19858
2,1,84,ML-DSA-87_signed-by_ML-DSA-87,ML-DSA-87_signed-by_ML-DSA-87,12.631,25789.4,2831.08,0,0,0,463.29,24,2321.59,3218.21,19861,19858
2,1,85,ML-DSA-87_signed-by_ML-DSA-87,ML-DSA-87_signed-by_ML-DSA-87,11.607,28064.6,3080.84,0,0,0,463.29,24,2378.72,1955.85,19861,19858
2,1,86,ML-DSA-87_signed-by_ML-DSA-87,ML-DSA-87_signed-by_ML-DSA-87,12.804,25440.8,2812.8,0,0,0,446.25,24,2010.93,1650.29,19861,19858
2,1,87,ML-DSA-87_signed-by_ML-DSA-87,ML-DSA-87_signed-by_ML-DSA-87,12.425,26216.9,2898.6,0,0,0,366.75,24,2010.48,2897.85,19861,19858
2,1,88,ML-DSA-87_signed-by_ML-DSA-87,ML-DSA-87_signed-by_ML-DSA-87,11.839,27514.6,3020.46,0,0,0,422,24,3560.56,2912.82,19861,19858
2,1,89,ML-DSA-87_signed-by_ML-DSA-87,ML-DSA-87_signed-by_ML-DSA-87,11.065,29439.1,3254.86,0,0,0,410,24,1688.82,1984.34,19861,19858
2,1,90,ML-DSA-87_signed-by_ML-DSA-87,ML-DSA-87_signed-by_ML-DSA-87,14.955,21781.7,2425.36,0,0,0,322.848,24,2347.28,3516.47,19861,19858
2,1,91,ML-DSA-87_signed-by_ML-DSA-87,ML-DSA-87_signed-by_ML-DSA-87,15.017,21691.8,2381.26,0,0,0,422,24,3598.09,5101.79,19861,19858
2,1,92,ML-DSA-87_signed-by_ML-DSA-87,ML-DSA-87_signed-by_ML-DSA-87,13.245,24593.7,2738.47,0,0,0,326,24,1682.54,2587.45,19861,19858
2,1,93,ML-DSA-87_signed-by_ML-DSA-87,ML-DSA-87_signed-by_ML-DSA-87,13.105,24856.4,2767.73,0,0,0,322.848,24,2029.85,3213.43,19861,19858
2,1,94,ML-DSA-87_signed-by_ML-DSA-87,ML-DSA-87_signed-by_ML-DSA-87,14.844,21944.6,2443.5,0,0,0,322.848,24,1694.9,2896.37,19861,19858
2,1,95,ML-DSA-87_signed-by_ML-DSA-87,ML-DSA-87_signed-by_ML-DSA-87,11.598,28086.3,3083.23,0,0,0,422,24,3914.06,2900.08,19861,19858
2,1,96,ML-DSA-87_signed-by_ML-DSA-87,ML-DSA-87_signed-by_ML-DSA-87,10.556,30858.7,3387.57,0,0,0,422,24,1685.75,1948.56,19861,19858
2,1,97,ML-DSA-87_signed-by_ML-DSA-87,ML-DSA-87_signed-by_ML-DSA-87,10.919,29832.7,3298.38,0,0,0,329.5,24,1695.3,1638.42,19861,19858
2,1,98,ML-DSA-87_signed-by_ML-DSA-87,ML-DSA-87_signed-by_ML-DSA-87,11.506,28310.9,3107.88,0,0,0,422,24,2028.21,2891.06,19861,19858
2,1,99,ML-DSA-87_signed-by_ML-DSA-87,ML-DSA-87_signed-by_ML-DSA-87,12.043,27048.5,2969.3,0,0,0,422,24,4190.07,1951.8,19861,19858
