scenario,node_id,handshake_index,sta_cert_algo,ap_cert_algo,handshake_delay_ms,goodput_kbps,throughput_kbps,phy_frame_drop_rate,mac_retries,mac_retry_rate,tx_delay_us,prop_delay_ns,cert_verify_ap_us,cert_verify_sta_us,server_cert_msg_bytes,client_cert_msg_bytes
2,8,0,SLH-DSA-SHA2-128s_signed-by_ML-DSA-65,SLH-DSA-SHA2-128s_signed-by_ML-DSA-65,3159.79,89.8717,9.09427,0.615385,10,0.25641,168.974,17,1.04892e+06,1.04709e+06,17250,17247
2,3,0,SLH-DSA-SHA2-128s_signed-by_ML-DSA-65,SLH-DSA-SHA2-128s_signed-by_ML-DSA-65,3175.53,89.4263,9.04919,0.615385,10,0.25641,157.385,24,1.05316e+06,1.04821e+06,17250,17247
2,6,0,SLH-DSA-SHA2-128s_signed-by_ML-DSA-65,SLH-DSA-SHA2-128s_signed-by_ML-DSA-65,3177.14,89.3811,6.50649,0.727273,0,0,223.939,9,1.04634e+06,1.04729e+06,17250,17247
2,5,0,SLH-DSA-SHA2-128s_signed-by_ML-DSA-65,SLH-DSA-SHA2-128s_signed-by_ML-DSA-65,3208.67,88.5027,10.332,0.489796,28,0.571429,335.633,16,1.04797e+06,1.04633e+06,17250,17247
2,1,0,SLH-DSA-SHA2-128s_signed-by_ML-DSA-65,SLH-DSA-SHA2-128s_signed-by_ML-DSA-65,3208.86,88.4975,6.60671,0.705882,1,0.0294118,180.353,24,1.0466e+06,1.04731e+06,17250,17247
2,7,0,SLH-DSA-SHA2-128s_signed-by_ML-DSA-65,SLH-DSA-SHA2-128s_signed-by_ML-DSA-65,3210.59,88.4498,6.51843,0.705882,0,0,138.471,18,1.04749e+06,1.04775e+06,17250,17247
2,2,0,SLH-DSA-SHA2-128s_signed-by_ML-DSA-65,SLH-DSA-SHA2-128s_signed-by_ML-DSA-65,3211.29,88.4304,6.6017,0.705882,1,0.0294118,247.882,24,1.04754e+06,1.04809e+06,17250,17247
2,4,0,SLH-DSA-SHA2-128s_signed-by_ML-DSA-65,SLH-DSA-SHA2-128s_signed-by_ML-DSA-65,4150.45,68.4205,4.98066,0.969697,0,0,149.273,24,1.04788e+06,1.04835e+06,17250,17247
2,8,1,SLH-DSA-SHA2-128s_signed-by_ML-DSA-65,SLH-DSA-SHA2-128s_signed-by_ML-DSA-65,3146.43,90.2533,11.0703,0.258065,0,0,340.839,20,1.04601e+06,1.04806e+06,17250,17247
2,6,1,SLH-DSA-SHA2-128s_signed-by_ML-DSA-65,SLH-DSA-SHA2-128s_signed-by_ML-DSA-65,3147.23,90.2303,11.0675,0.258065,0,0,311.032,12,1.04564e+06,1.04884e+06,17250,17247
2,3,1,SLH-DSA-SHA2-128s_signed-by_ML-DSA-65,SLH-DSA-SHA2-128s_signed-by_ML-DSA-65,3160.72,89.8452,11.0203,0.258065,0,0,311.032,24,1.04728e+06,1.04641e+06,17250,17247
2,5,1,SLH-DSA-SHA2-128s_signed-by_ML-DSA-65,SLH-DSA-SHA2-128s_signed-by_ML-DSA-65,3153.06,90.0636,13.0058,0.228571,9,0.257143,890.114,13,1.04634e+06,1.05116e+06,17250,17247
2,1,1,SLH-DSA-SHA2-128s_signed-by_ML-DSA-65,SLH-DSA-SHA2-128s_signed-by_ML-DSA-65,3158.86,89.8984,11.0268,0.258065,0,0,340.839,24,1.04591e+06,1.04884e+06,17250,17247
2,2,1,SLH-DSA-SHA2-128s_signed-by_ML-DSA-65,SLH-DSA-SHA2-128s_signed-by_ML-DSA-65,3162.45,89.7961,11.0142,0.258065,0,0,490.516,24,1.04713e+06,1.04704e+06,17250,17247
2,7,1,SLH-DSA-SHA2-128s_signed-by_ML-DSA-65,SLH-DSA-SHA2-128s_signed-by_ML-DSA-65,3165.98,89.6961,12.9527,0.228571,9,0.257143,318.8,20,1.04723e+06,1.04762e+06,17250,17247
2,4,1,SLH-DSA-SHA2-128s_signed-by_ML-DSA-65,SLH-DSA-SHA2-128s_signed-by_ML-DSA-65,3151.76,90.1006,11.0516,0.354839,0,0,377.871,24,1.04864e+06,1.04878e+06,17250,17247
2,8,2,SLH-DSA-SHA2-128s_signed-by_ML-DSA-65,SLH-DSA-SHA2-128s_signed-by_ML-DSA-65,3148.21,90.2023,11.0641,0.354839,0,0,335.161,21,1.04602e+06,1.04784e+06,17250,17247
2,6,2,SLH-DSA-SHA2-128s_signed-by_ML-DSA-65,SLH-DSA-SHA2-128s_signed-by_ML-DSA-65,3147.16,90.2325,11.0678,0.354839,0,0,311.032,16,1.04588e+06,1.04886e+06,17250,17247
2,3,2,SLH-DSA-SHA2-128s_signed-by_ML-DSA-65,SLH-DSA-SHA2-128s_signed-by_ML-DSA-65,3147.09,90.2346,11.068,0.354839,0,0,311.032,24,1.04703e+06,1.04784e+06,17250,17247
2,5,2,SLH-DSA-SHA2-128s_signed-by_ML-DSA-65,SLH-DSA-SHA2-128s_signed-by_ML-DSA-65,3145.52,90.2794,11.1549,0.34375,0,0,831.625,12,1.04725e+06,1.04625e+06,17250,17247
2,1,2,SLH-DSA-SHA2-128s_signed-by_ML-DSA-65,SLH-DSA-SHA2-128s_signed-by_ML-DSA-65,3151.47,90.1091,11.0526,0.354839,0,0,362.774,24,1.04651e+06,1.04808e+06,17250,17247
2,7,2,SLH-DSA-SHA2-128s_signed-by_ML-DSA-65,SLH-DSA-SHA2-128s_signed-by_ML-DSA-65,3153.09,90.0628,12.9346,0.323529,23,0.676471,360.941,17,1.04852e+06,1.04682e+06,17250,17247
2,2,2,SLH-DSA-SHA2-128s_signed-by_ML-DSA-65,SLH-DSA-SHA2-128s_signed-by_ML-DSA-65,3167.03,89.6663,10.9983,0.354839,0,0,498.258,24,1.04876e+06,1.06447e+06,17250,17247
2,4,2,SLH-DSA-SHA2-128s_signed-by_ML-DSA-65,SLH-DSA-SHA2-128s_signed-by_ML-DSA-65,3159.57,89.8782,11.0243,0,0,0,371.161,24,1.04834e+06,1.04703e+06,17250,17247
2,8,3,SLH-DSA-SHA2-128s_signed-by_ML-DSA-65,SLH-DSA-SHA2-128s_signed-by_ML-DSA-65,3145.89,90.269,11.0722,0,0,0,311.032,17,1.04704e+06,1.04887e+06,17250,17247
2,6,3,SLH-DSA-SHA2-128s_signed-by_ML-DSA-65,SLH-DSA-SHA2-128s_signed-by_ML-DSA-65,3146.04,90.2645,11.0717,0,0,0,311.032,12,1.04959e+06,1.04709e+06,17250,17247
2,3,3,SLH-DSA-SHA2-128s_signed-by_ML-DSA-65,SLH-DSA-SHA2-128s_signed-by_ML-DSA-65,3146.49,90.2518,11.0701,0,0,0,311.161,24,1.04713e+06,1.04806e+06,17250,17247
2,5,3,SLH-DSA-SHA2-128s_signed-by_ML-DSA-65,SLH-DSA-SHA2-128s_signed-by_ML-DSA-65,3145.02,90.2938,11.0753,0,0,0,490.516,12,1.04945e+06,1.04672e+06,17250,17247
2,1,3,SLH-DSA-SHA2-128s_signed-by_ML-DSA-65,SLH-DSA-SHA2-128s_signed-by_ML-DSA-65,3147.36,90.2266,11.067,0,0,0,340.839,24,1.04782e+06,1.04846e+06,17250,17247
2,7,3,SLH-DSA-SHA2-128s_signed-by_ML-DSA-65,SLH-DSA-SHA2-128s_signed-by_ML-DSA-65,3148.42,90.1962,11.0633,0,0,0,340.839,14,1.04643e+06,1.04733e+06,17250,17247
2,2,3,SLH-DSA-SHA2-128s_signed-by_ML-DSA-65,SLH-DSA-SHA2-128s_signed-by_ML-DSA-65,3149.96,90.1522,11.0579,0,0,0,490.516,24,1.04709e+06,1.04847e+06,17250,17247
2,4,3,SLH-DSA-SHA2-128s_signed-by_ML-DSA-65,SLH-DSA-SHA2-128s_signed-by_ML-DSA-65,3149.23,90.1733,11.0605,0,0,0,340.839,24,1.04695e+06,1.05038e+06,17250,17247
2,8,4,SLH-DSA-SHA2-128s_signed-by_ML-DSA-65,SLH-DSA-SHA2-128s_signed-by_ML-DSA-65,3161.48,89.8237,11.0176,0,0,0,311.032,19,1.04678e+06,1.04786e+06,17250,17247
2,6,4,SLH-DSA-SHA2-128s_signed-by_ML-DSA-65,SLH-DSA-SHA2-128s_signed-by_ML-DSA-65,3149.27,90.172,11.0603,0,0,0,311.032,16,1.04836e+06,1.048e+06,17250,17247
2,3,4,SLH-DSA-SHA2-128s_signed-by_ML-DSA-65,SLH-DSA-SHA2-128s_signed-by_ML-DSA-65,3144.51,90.3085,11.0771,0,0,0,311.032,24,1.04807e+06,1.04627e+06,17250,17247
2,5,4,SLH-DSA-SHA2-128s_signed-by_ML-DSA-65,SLH-DSA-SHA2-128s_signed-by_ML-DSA-65,3149.64,90.1613,11.059,0,0,0,490.516,13,1.04705e+06,1.04711e+06,17250,17247
2,1,4,SLH-DSA-SHA2-128s_signed-by_ML-DSA-65,SLH-DSA-SHA2-128s_signed-by_ML-DSA-65,3148.99,90.1801,11.0613,0,0,0,340.839,24,1.04932e+06,1.04894e+06,17250,17247
2,7,4,SLH-DSA-SHA2-128s_signed-by_ML-DSA-65,SLH-DSA-SHA2-128s_signed-by_ML-DSA-65,3146.22,90.2593,11.071,0,0,0,340.839,12,1.04662e+06,1.04738e+06,17250,17247
2,2,4,SLH-DSA-SHA2-128s_signed-by_ML-DSA-65,SLH-DSA-SHA2-128s_signed-by_ML-DSA-65,3150.02,90.1504,11.0577,0,0,0,490.516,24,1.05574e+06,1.04844e+06,17250,17247
2,4,4,SLH-DSA-SHA2-128s_signed-by_ML-DSA-65,SLH-DSA-SHA2-128s_signed-by_ML-DSA-65,3145.87,90.2694,11.0723,0,0,0,340.839,24,1.04658e+06,1.04795e+06,17250,17247
2,8,5,SLH-DSA-SHA2-128s_signed-by_ML-DSA-65,SLH-DSA-SHA2-128s_signed-by_ML-DSA-65,3146.46,90.2526,11.0702,0,0,0,311.032,14,1.04727e+06,1.04816e+06,17250,17247
2,6,5,SLH-DSA-SHA2-128s_signed-by_ML-DSA-65,SLH-DSA-SHA2-128s_signed-by_ML-DSA-65,3146.72,90.245,11.0693,0,0,0,311.032,14,1.0475e+06,1.0483e+06,17250,17247
2,3,5,SLH-DSA-SHA2-128s_signed-by_ML-DSA-65,SLH-DSA-SHA2-128s_signed-by_ML-DSA-65,3146.82,90.2422,11.069,0,0,0,311.032,24,1.04807e+06,1.04795e+06,17250,17247
2,5,5,SLH-DSA-SHA2-128s_signed-by_ML-DSA-65,SLH-DSA-SHA2-128s_signed-by_ML-DSA-65,3145.5,90.28,11.0736,0,0,0,490.516,10,1.04712e+06,1.04797e+06,17250,17247
2,1,5,SLH-DSA-SHA2-128s_signed-by_ML-DSA-65,SLH-DSA-SHA2-128s_signed-by_ML-DSA-65,3145.36,90.284,11.0741,0,0,0,340.839,24,1.04711e+06,1.04695e+06,17250,17247
2,7,5,SLH-DSA-SHA2-128s_signed-by_ML-DSA-65,SLH-DSA-SHA2-128s_signed-by_ML-DSA-65,3145.06,90.2927,11.0751,0,0,0,341.613,14,1.04689e+06,1.04753e+06,17250,17247
2,2,5,SLH-DSA-SHA2-128s_signed-by_ML-DSA-65,SLH-DSA-SHA2-128s_signed-by_ML-DSA-65,3150.3,90.1424,11.0567,0,0,0,490.516,24,1.04687e+06,1.04874e+06,17250,17247
2,4,5,SLH-DSA-SHA2-128s_signed-by_ML-DSA-65,SLH-DSA-SHA2-128s_signed-by_ML-DSA-65,3143.74,90.3305,11.0798,0,0,0,340.839,24,1.04644e+06,1.04778e+06,17250,17247
2,8,6,SLH-DSA-SHA2-128s_signed-by_ML-DSA-65,SLH-DSA-SHA2-128s_signed-by_ML-DSA-65,3152.74,90.0728,13.474,0.581395,21,0.488372,282.744,10,1.04697e+06,1.04747e+06,17250,17247
2,6,6,SLH-DSA-SHA2-128s_signed-by_ML-DSA-65,SLH-DSA-SHA2-128s_signed-by_ML-DSA-65,3149.72,90.1591,14.6095,0.520833,32,0.666667,274.75,17,1.04711e+06,1.04835e+06,17250,17247
2,3,6,SLH-DSA-SHA2-128s_signed-by_ML-DSA-65,SLH-DSA-SHA2-128s_signed-by_ML-DSA-65,3148.27,90.2007,11.0639,0.806452,0,0,311.032,24,1.04859e+06,1.04794e+06,17250,17247
2,5,6,SLH-DSA-SHA2-128s_signed-by_ML-DSA-65,SLH-DSA-SHA2-128s_signed-by_ML-DSA-65,3146.26,90.2583,11.0709,0.806452,0,0,468.194,9,1.04774e+06,1.04605e+06,17250,17247
2,1,6,SLH-DSA-SHA2-128s_signed-by_ML-DSA-65,SLH-DSA-SHA2-128s_signed-by_ML-DSA-65,3146.25,90.2585,11.071,0.806452,0,0,426,24,1.04835e+06,1.04846e+06,17250,17247
2,7,6,SLH-DSA-SHA2-128s_signed-by_ML-DSA-65,SLH-DSA-SHA2-128s_signed-by_ML-DSA-65,3146.18,90.2606,11.0712,0.806452,0,0,340.839,20,1.04658e+06,1.04725e+06,17250,17247
2,2,6,SLH-DSA-SHA2-128s_signed-by_ML-DSA-65,SLH-DSA-SHA2-128s_signed-by_ML-DSA-65,3145.99,90.266,11.0719,0.806452,0,0,473.742,24,1.12636e+06,1.04817e+06,17250,17247
2,4,6,SLH-DSA-SHA2-128s_signed-by_ML-DSA-65,SLH-DSA-SHA2-128s_signed-by_ML-DSA-65,3152.3,90.0854,11.0497,0.806452,0,0,336.581,24,1.04727e+06,1.05343e+06,17250,17247
2,8,7,SLH-DSA-SHA2-128s_signed-by_ML-DSA-65,SLH-DSA-SHA2-128s_signed-by_ML-DSA-65,3146.06,90.264,11.0716,0,0,0,340.839,13,1.04855e+06,1.04834e+06,17250,17247
2,6,7,SLH-DSA-SHA2-128s_signed-by_ML-DSA-65,SLH-DSA-SHA2-128s_signed-by_ML-DSA-65,3146.3,90.2572,11.0708,0,0,0,340.839,20,1.04662e+06,1.04726e+06,17250,17247
2,3,7,SLH-DSA-SHA2-128s_signed-by_ML-DSA-65,SLH-DSA-SHA2-128s_signed-by_ML-DSA-65,3151.79,90.0998,11.0515,0.0322581,0,0,312.323,24,1.04595e+06,1.05169e+06,17250,17247
2,5,7,SLH-DSA-SHA2-128s_signed-by_ML-DSA-65,SLH-DSA-SHA2-128s_signed-by_ML-DSA-65,3148.69,90.1886,11.0624,0.0322581,0,0,340.839,10,1.04657e+06,1.05117e+06,17250,17247
2,1,7,SLH-DSA-SHA2-128s_signed-by_ML-DSA-65,SLH-DSA-SHA2-128s_signed-by_ML-DSA-65,3146.06,90.264,11.0716,0.0322581,0,0,340.839,24,1.04574e+06,1.04815e+06,17250,17247
2,7,7,SLH-DSA-SHA2-128s_signed-by_ML-DSA-65,SLH-DSA-SHA2-128s_signed-by_ML-DSA-65,3146.39,90.2544,11.0704,0.0322581,0,0,340.839,26,1.04904e+06,1.04728e+06,17250,17247
2,2,7,SLH-DSA-SHA2-128s_signed-by_ML-DSA-65,SLH-DSA-SHA2-128s_signed-by_ML-DSA-65,3144.66,90.3041,11.0765,0.0322581,0,0,377.871,24,1.04599e+06,1.04751e+06,17250,17247
2,4,7,SLH-DSA-SHA2-128s_signed-by_ML-DSA-65,SLH-DSA-SHA2-128s_signed-by_ML-DSA-65,3148.52,90.1936,11.063,0.0322581,0,0,311.032,24,1.05402e+06,1.04739e+06,17250,17247
2,8,8,SLH-DSA-SHA2-128s_signed-by_ML-DSA-65,SLH-DSA-SHA2-128s_signed-by_ML-DSA-65,3150.26,90.1438,11.2854,0.03125,1,0.03125,332,11,1.04855e+06,1.05217e+06,17250,17247
2,6,8,SLH-DSA-SHA2-128s_signed-by_ML-DSA-65,SLH-DSA-SHA2-128s_signed-by_ML-DSA-65,3149.28,90.1716,11.1416,0.03125,0,0,331.375,22,1.04712e+06,1.04963e+06,17250,17247
2,3,8,SLH-DSA-SHA2-128s_signed-by_ML-DSA-65,SLH-DSA-SHA2-128s_signed-by_ML-DSA-65,3149.95,90.1524,11.0579,0,0,0,311.032,24,1.04579e+06,1.04815e+06,17250,17247
2,5,8,SLH-DSA-SHA2-128s_signed-by_ML-DSA-65,SLH-DSA-SHA2-128s_signed-by_ML-DSA-65,3150.8,90.1282,11.055,0,0,0,340.839,11,1.04632e+06,1.05122e+06,17250,17247
2,1,8,SLH-DSA-SHA2-128s_signed-by_ML-DSA-65,SLH-DSA-SHA2-128s_signed-by_ML-DSA-65,3146.78,90.2434,11.0691,0,0,0,340.839,24,1.04777e+06,1.04731e+06,17250,17247
2,7,8,SLH-DSA-SHA2-128s_signed-by_ML-DSA-65,SLH-DSA-SHA2-128s_signed-by_ML-DSA-65,3145.78,90.2721,11.0726,0,0,0,340.839,21,1.04826e+06,1.04848e+06,17250,17247
2,2,8,SLH-DSA-SHA2-128s_signed-by_ML-DSA-65,SLH-DSA-SHA2-128s_signed-by_ML-DSA-65,3145.69,90.2745,11.0729,0,0,0,377.871,24,1.04903e+06,1.0469e+06,17250,17247
2,4,8,SLH-DSA-SHA2-128s_signed-by_ML-DSA-65,SLH-DSA-SHA2-128s_signed-by_ML-DSA-65,3145.88,90.2691,11.0723,0,0,0,311.032,24,1.05291e+06,1.0463e+06,17250,17247
2,8,9,SLH-DSA-SHA2-128s_signed-by_ML-DSA-65,SLH-DSA-SHA2-128s_signed-by_ML-DSA-65,3145.7,90.2742,11.0729,0,0,0,341.226,10,1.0479e+06,1.04781e+06,17250,17247
2,6,9,SLH-DSA-SHA2-128s_signed-by_ML-DSA-65,SLH-DSA-SHA2-128s_signed-by_ML-DSA-65,3149.72,90.1591,11.0588,0,0,0,341.226,19,1.04835e+06,1.04751e+06,17250,17247
2,3,9,SLH-DSA-SHA2-128s_signed-by_ML-DSA-65,SLH-DSA-SHA2-128s_signed-by_ML-DSA-65,3145.66,90.2755,11.073,0,0,0,311.032,24,1.04644e+06,1.04645e+06,17250,17247
2,5,9,SLH-DSA-SHA2-128s_signed-by_ML-DSA-65,SLH-DSA-SHA2-128s_signed-by_ML-DSA-65,3152.36,90.0835,11.0495,0,0,0,340.839,6,1.04592e+06,1.0481e+06,17250,17247
2,1,9,SLH-DSA-SHA2-128s_signed-by_ML-DSA-65,SLH-DSA-SHA2-128s_signed-by_ML-DSA-65,3151.79,90.0999,11.0515,0,0,0,340.839,24,1.04849e+06,1.04824e+06,17250,17247
2,7,9,SLH-DSA-SHA2-128s_signed-by_ML-DSA-65,SLH-DSA-SHA2-128s_signed-by_ML-DSA-65,3149.45,90.1668,11.0597,0,0,0,340.968,20,1.04955e+06,1.04697e+06,17250,17247
2,2,9,SLH-DSA-SHA2-128s_signed-by_ML-DSA-65,SLH-DSA-SHA2-128s_signed-by_ML-DSA-65,3151.12,90.1191,11.0539,0,0,0,377.871,24,1.04676e+06,1.05167e+06,17250,17247
2,4,9,SLH-DSA-SHA2-128s_signed-by_ML-DSA-65,SLH-DSA-SHA2-128s_signed-by_ML-DSA-65,3147.74,90.2158,11.0657,0,0,0,311.032,24,1.05341e+06,1.04845e+06,17250,17247
2,8,10,SLH-DSA-SHA2-128s_signed-by_ML-DSA-65,SLH-DSA-SHA2-128s_signed-by_ML-DSA-65,3150.3,90.1427,11.0567,0.645161,0,0,680.194,14,1.04815e+06,1.04757e+06,17250,17247
2,6,10,SLH-DSA-SHA2-128s_signed-by_ML-DSA-65,SLH-DSA-SHA2-128s_signed-by_ML-DSA-65,3149.75,90.1582,11.0586,0.645161,0,0,344.065,18,1.04764e+06,1.04772e+06,17250,17247
2,3,10,SLH-DSA-SHA2-128s_signed-by_ML-DSA-65,SLH-DSA-SHA2-128s_signed-by_ML-DSA-65,3145.99,90.2659,11.0719,0.645161,0,0,311.032,24,1.04863e+06,1.04923e+06,17250,17247
2,1,10,SLH-DSA-SHA2-128s_signed-by_ML-DSA-65,SLH-DSA-SHA2-128s_signed-by_ML-DSA-65,3153.38,90.0544,13.3901,0.47619,21,0.5,310.095,24,1.04728e+06,1.04711e+06,17250,17247
2,5,10,SLH-DSA-SHA2-128s_signed-by_ML-DSA-65,SLH-DSA-SHA2-128s_signed-by_ML-DSA-65,3162.33,89.7996,13.3522,0.47619,21,0.5,372.476,7,1.04697e+06,1.04857e+06,17250,17247
2,7,10,SLH-DSA-SHA2-128s_signed-by_ML-DSA-65,SLH-DSA-SHA2-128s_signed-by_ML-DSA-65,3151.41,90.1106,11.134,0.625,0,0,331.375,25,1.04756e+06,1.04732e+06,17250,17247
2,2,10,SLH-DSA-SHA2-128s_signed-by_ML-DSA-65,SLH-DSA-SHA2-128s_signed-by_ML-DSA-65,3148.76,90.1865,11.0621,0.806452,0,0,381.097,24,1.04724e+06,1.05126e+06,17250,17247
2,4,10,SLH-DSA-SHA2-128s_signed-by_ML-DSA-65,SLH-DSA-SHA2-128s_signed-by_ML-DSA-65,3231.8,87.8693,10.7779,0.806452,0,0,396.839,24,1.0473e+06,1.047e+06,17250,17247
2,8,11,SLH-DSA-SHA2-128s_signed-by_ML-DSA-65,SLH-DSA-SHA2-128s_signed-by_ML-DSA-65,3151.42,90.1104,11.0528,0.16129,0,0,340.839,15,1.06979e+06,1.04872e+06,17250,17247
2,6,11,SLH-DSA-SHA2-128s_signed-by_ML-DSA-65,SLH-DSA-SHA2-128s_signed-by_ML-DSA-65,3147.13,90.2333,11.0679,0.16129,0,0,340.839,17,1.04686e+06,1.04782e+06,17250,17247
2,3,11,SLH-DSA-SHA2-128s_signed-by_ML-DSA-65,SLH-DSA-SHA2-128s_signed-by_ML-DSA-65,3147.53,90.2217,11.0664,1,0,0,311.032,24,1.04713e+06,1.04785e+06,17250,17247
2,1,11,SLH-DSA-SHA2-128s_signed-by_ML-DSA-65,SLH-DSA-SHA2-128s_signed-by_ML-DSA-65,3146.8,90.2427,11.2978,1,1,0.03125,367.875,24,1.04708e+06,1.0475e+06,17250,17247
2,5,11,SLH-DSA-SHA2-128s_signed-by_ML-DSA-65,SLH-DSA-SHA2-128s_signed-by_ML-DSA-65,3154.49,90.0229,11.0421,1,0,0,340.839,6,1.04749e+06,1.04815e+06,17250,17247
2,2,11,SLH-DSA-SHA2-128s_signed-by_ML-DSA-65,SLH-DSA-SHA2-128s_signed-by_ML-DSA-65,3146.17,90.2609,11.0712,1,0,0,377.871,24,1.04676e+06,1.04828e+06,17250,17247
2,7,11,SLH-DSA-SHA2-128s_signed-by_ML-DSA-65,SLH-DSA-SHA2-128s_signed-by_ML-DSA-65,3237.87,87.7046,12.6651,1,9,0.257143,324.743,18,1.04732e+06,1.13512e+06,17250,17247
2,4,11,SLH-DSA-SHA2-128s_signed-by_ML-DSA-65,SLH-DSA-SHA2-128s_signed-by_ML-DSA-65,3149.17,90.1748,11.0607,1,0,0,311.032,24,1.04617e+06,1.04695e+06,17250,17247
2,8,12,SLH-DSA-SHA2-128s_signed-by_ML-DSA-65,SLH-DSA-SHA2-128s_signed-by_ML-DSA-65,3149.28,90.1716,15.8106,1,54,1.42105,420.211,13,1.04725e+06,1.04755e+06,17250,17247
2,3,12,SLH-DSA-SHA2-128s_signed-by_ML-DSA-65,SLH-DSA-SHA2-128s_signed-by_ML-DSA-65,3154.99,90.0084,16.6086,0.615385,19,0.487179,490,24,1.04711e+06,1.04827e+06,17250,17247
2,6,12,SLH-DSA-SHA2-128s_signed-by_ML-DSA-65,SLH-DSA-SHA2-128s_signed-by_ML-DSA-65,3161.76,89.8159,16.735,1,55,1.34146,364.732,15,1.0474e+06,1.04679e+06,17250,17247
2,1,12,SLH-DSA-SHA2-128s_signed-by_ML-DSA-65,SLH-DSA-SHA2-128s_signed-by_ML-DSA-65,3144.84,90.2991,11.0759,0.0322581,0,0,377.871,24,1.04774e+06,1.04838e+06,17250,17247
2,5,12,SLH-DSA-SHA2-128s_signed-by_ML-DSA-65,SLH-DSA-SHA2-128s_signed-by_ML-DSA-65,3147.87,90.2122,11.0653,0.0322581,0,0,340.839,11,1.05319e+06,1.04746e+06,17250,17247
2,2,12,SLH-DSA-SHA2-128s_signed-by_ML-DSA-65,SLH-DSA-SHA2-128s_signed-by_ML-DSA-65,3148.82,90.1849,11.0619,0.0322581,0,0,377.871,24,1.05026e+06,1.04638e+06,17250,17247
2,7,12,SLH-DSA-SHA2-128s_signed-by_ML-DSA-65,SLH-DSA-SHA2-128s_signed-by_ML-DSA-65,3146.34,90.2559,11.0706,0.0322581,0,0,340.839,18,1.0511e+06,1.04763e+06,17250,17247
2,4,12,SLH-DSA-SHA2-128s_signed-by_ML-DSA-65,SLH-DSA-SHA2-128s_signed-by_ML-DSA-65,3147.76,90.2154,11.0657,0,0,0,311.032,24,1.04669e+06,1.04856e+06,17250,17247
2,8,13,SLH-DSA-SHA2-128s_signed-by_ML-DSA-65,SLH-DSA-SHA2-128s_signed-by_ML-DSA-65,3147.47,90.2237,11.0667,0,0,0,311.032,15,1.04736e+06,1.04673e+06,17250,17247
2,3,13,SLH-DSA-SHA2-128s_signed-by_ML-DSA-65,SLH-DSA-SHA2-128s_signed-by_ML-DSA-65,3149.6,90.1624,11.0592,0,0,0,311.032,24,1.04906e+06,1.04839e+06,17250,17247
2,6,13,SLH-DSA-SHA2-128s_signed-by_ML-DSA-65,SLH-DSA-SHA2-128s_signed-by_ML-DSA-65,3151.63,90.1043,11.052,0,0,0,340.839,10,1.04784e+06,1.04799e+06,17250,17247
2,1,13,SLH-DSA-SHA2-128s_signed-by_ML-DSA-65,SLH-DSA-SHA2-128s_signed-by_ML-DSA-65,3154.63,90.0187,11.0415,0,0,0,377.871,24,1.04758e+06,1.05019e+06,17250,17247
2,5,13,SLH-DSA-SHA2-128s_signed-by_ML-DSA-65,SLH-DSA-SHA2-128s_signed-by_ML-DSA-65,3144.75,90.3015,11.0762,0,0,0,340.839,12,1.04688e+06,1.04825e+06,17250,17247
2,2,13,SLH-DSA-SHA2-128s_signed-by_ML-DSA-65,SLH-DSA-SHA2-128s_signed-by_ML-DSA-65,3143.76,90.3301,11.0797,0,0,0,377.871,24,1.04781e+06,1.04597e+06,17250,17247
2,7,13,SLH-DSA-SHA2-128s_signed-by_ML-DSA-65,SLH-DSA-SHA2-128s_signed-by_ML-DSA-65,3143.32,90.3426,11.0813,0,0,0,340.839,23,1.04704e+06,1.0471e+06,17250,17247
2,4,13,SLH-DSA-SHA2-128s_signed-by_ML-DSA-65,SLH-DSA-SHA2-128s_signed-by_ML-DSA-65,3146.16,90.2612,11.0713,0,0,0,311.032,24,1.0467e+06,1.04649e+06,17250,17247
2,8,14,SLH-DSA-SHA2-128s_signed-by_ML-DSA-65,SLH-DSA-SHA2-128s_signed-by_ML-DSA-65,3146.52,90.2509,11.07,0,0,0,312.581,11,1.04655e+06,1.04756e+06,17250,17247
2,3,14,SLH-DSA-SHA2-128s_signed-by_ML-DSA-65,SLH-DSA-SHA2-128s_signed-by_ML-DSA-65,3143.96,90.3244,11.079,0,0,0,311.032,24,1.04692e+06,1.04752e+06,17250,17247
2,6,14,SLH-DSA-SHA2-128s_signed-by_ML-DSA-65,SLH-DSA-SHA2-128s_signed-by_ML-DSA-65,3146.63,90.2478,11.0696,0,0,0,341.226,7,1.0478e+06,1.04661e+06,17250,17247
2,1,14,SLH-DSA-SHA2-128s_signed-by_ML-DSA-65,SLH-DSA-SHA2-128s_signed-by_ML-DSA-65,3144.9,90.2973,11.0757,0,0,0,377.871,24,1.04884e+06,1.04678e+06,17250,17247
2,5,14,SLH-DSA-SHA2-128s_signed-by_ML-DSA-65,SLH-DSA-SHA2-128s_signed-by_ML-DSA-65,3148.57,90.192,11.0628,0,0,0,426,10,1.04751e+06,1.04816e+06,17250,17247
2,2,14,SLH-DSA-SHA2-128s_signed-by_ML-DSA-65,SLH-DSA-SHA2-128s_signed-by_ML-DSA-65,3146.81,90.2426,11.069,0,0,0,377.871,24,1.04562e+06,1.04728e+06,17250,17247
2,7,14,SLH-DSA-SHA2-128s_signed-by_ML-DSA-65,SLH-DSA-SHA2-128s_signed-by_ML-DSA-65,3148.51,90.1938,11.063,0,0,0,340.839,22,1.0466e+06,1.04596e+06,17250,17247
2,4,14,SLH-DSA-SHA2-128s_signed-by_ML-DSA-65,SLH-DSA-SHA2-128s_signed-by_ML-DSA-65,3147.41,90.2253,11.0669,0,0,0,312.065,24,1.04553e+06,1.04801e+06,17250,17247
2,8,15,SLH-DSA-SHA2-128s_signed-by_ML-DSA-65,SLH-DSA-SHA2-128s_signed-by_ML-DSA-65,3146.09,90.263,11.0715,0,0,0,311.032,12,1.04929e+06,1.04831e+06,17250,17247
2,3,15,SLH-DSA-SHA2-128s_signed-by_ML-DSA-65,SLH-DSA-SHA2-128s_signed-by_ML-DSA-65,3146.9,90.2398,11.0687,0,0,0,311.032,24,1.05011e+06,1.04746e+06,17250,17247
2,6,15,SLH-DSA-SHA2-128s_signed-by_ML-DSA-65,SLH-DSA-SHA2-128s_signed-by_ML-DSA-65,3151.07,90.1206,11.054,0,0,0,411.548,0,1.04739e+06,1.04924e+06,17250,17247
2,1,15,SLH-DSA-SHA2-128s_signed-by_ML-DSA-65,SLH-DSA-SHA2-128s_signed-by_ML-DSA-65,3146.75,90.2441,11.0692,0,0,0,365.484,24,1.04736e+06,1.04664e+06,17250,17247
2,5,15,SLH-DSA-SHA2-128s_signed-by_ML-DSA-65,SLH-DSA-SHA2-128s_signed-by_ML-DSA-65,3151.31,90.1135,11.0532,0,0,0,340.839,14,1.04761e+06,1.04806e+06,17250,17247
2,7,15,SLH-DSA-SHA2-128s_signed-by_ML-DSA-65,SLH-DSA-SHA2-128s_signed-by_ML-DSA-65,3146.69,90.246,11.0694,0,0,0,340.839,26,1.04738e+06,1.04714e+06,17250,17247
2,2,15,SLH-DSA-SHA2-128s_signed-by_ML-DSA-65,SLH-DSA-SHA2-128s_signed-by_ML-DSA-65,3224.19,88.0766,10.8033,0,0,0,340.839,24,1.0486e+06,1.04696e+06,17250,17247
2,4,15,SLH-DSA-SHA2-128s_signed-by_ML-DSA-65,SLH-DSA-SHA2-128s_signed-by_ML-DSA-65,3149.21,90.1738,11.0606,0,0,0,311.032,24,1.0476e+06,1.04876e+06,17250,17247
2,8,16,SLH-DSA-SHA2-128s_signed-by_ML-DSA-65,SLH-DSA-SHA2-128s_signed-by_ML-DSA-65,3144.32,90.3141,11.0778,0,0,0,311.032,6,1.04639e+06,1.04731e+06,17250,17247
2,3,16,SLH-DSA-SHA2-128s_signed-by_ML-DSA-65,SLH-DSA-SHA2-128s_signed-by_ML-DSA-65,3144.36,90.3128,11.0776,0,0,0,360.323,24,1.04636e+06,1.0484e+06,17250,17247
2,6,16,SLH-DSA-SHA2-128s_signed-by_ML-DSA-65,SLH-DSA-SHA2-128s_signed-by_ML-DSA-65,3150.41,90.1393,11.0563,0,0,0,340.839,6,1.04709e+06,1.04815e+06,17250,17247
2,1,16,SLH-DSA-SHA2-128s_signed-by_ML-DSA-65,SLH-DSA-SHA2-128s_signed-by_ML-DSA-65,3145.86,90.2699,11.0723,0,0,0,311.032,24,1.04645e+06,1.04811e+06,17250,17247
2,5,16,SLH-DSA-SHA2-128s_signed-by_ML-DSA-65,SLH-DSA-SHA2-128s_signed-by_ML-DSA-65,3144.43,90.3109,11.0774,0,0,0,340.839,11,1.04745e+06,1.04756e+06,17250,17247
2,7,16,SLH-DSA-SHA2-128s_signed-by_ML-DSA-65,SLH-DSA-SHA2-128s_signed-by_ML-DSA-65,3142.58,90.3639,11.0839,0,0,0,340.839,27,1.0472e+06,1.04676e+06,17250,17247
2,2,16,SLH-DSA-SHA2-128s_signed-by_ML-DSA-65,SLH-DSA-SHA2-128s_signed-by_ML-DSA-65,3149.45,90.1667,11.0597,0,0,0,340.839,24,1.04767e+06,1.04743e+06,17250,17247
2,4,16,SLH-DSA-SHA2-128s_signed-by_ML-DSA-65,SLH-DSA-SHA2-128s_signed-by_ML-DSA-65,3144.15,90.3188,11.0783,0,0,0,311.032,24,1.04827e+06,1.04698e+06,17250,17247
2,8,17,SLH-DSA-SHA2-128s_signed-by_ML-DSA-65,SLH-DSA-SHA2-128s_signed-by_ML-DSA-65,3147,90.2369,11.0683,0,0,0,311.032,11,1.04772e+06,1.04822e+06,17250,17247
2,3,17,SLH-DSA-SHA2-128s_signed-by_ML-DSA-65,SLH-DSA-SHA2-128s_signed-by_ML-DSA-65,3165.22,89.7175,11.0046,0,0,0,311.032,24,1.05344e+06,1.04812e+06,17250,17247
2,6,17,SLH-DSA-SHA2-128s_signed-by_ML-DSA-65,SLH-DSA-SHA2-128s_signed-by_ML-DSA-65,3153.91,90.0392,11.0441,0,0,0,340.839,8,1.04688e+06,1.05054e+06,17250,17247
2,1,17,SLH-DSA-SHA2-128s_signed-by_ML-DSA-65,SLH-DSA-SHA2-128s_signed-by_ML-DSA-65,3146.91,90.2396,11.0686,0,0,0,311.032,24,1.04768e+06,1.04708e+06,17250,17247
2,5,17,SLH-DSA-SHA2-128s_signed-by_ML-DSA-65,SLH-DSA-SHA2-128s_signed-by_ML-DSA-65,3147.82,90.2135,11.0654,0,0,0,340.839,16,1.04616e+06,1.04974e+06,17250,17247
2,7,17,SLH-DSA-SHA2-128s_signed-by_ML-DSA-65,SLH-DSA-SHA2-128s_signed-by_ML-DSA-65,3144.61,90.3055,11.0767,0,0,0,340.839,22,1.05464e+06,1.04689e+06,17250,17247
2,2,17,SLH-DSA-SHA2-128s_signed-by_ML-DSA-65,SLH-DSA-SHA2-128s_signed-by_ML-DSA-65,3144.71,90.3027,11.0764,0,0,0,340.839,24,1.04746e+06,1.04682e+06,17250,17247
2,4,17,SLH-DSA-SHA2-128s_signed-by_ML-DSA-65,SLH-DSA-SHA2-128s_signed-by_ML-DSA-65,3145.8,90.2714,11.0725,0,0,0,311.032,24,1.04794e+06,1.048e+06,17250,17247
2,8,18,SLH-DSA-SHA2-128s_signed-by_ML-DSA-65,SLH-DSA-SHA2-128s_signed-by_ML-DSA-65,3149.93,90.1532,11.058,0,0,0,311.032,13,1.04915e+06,1.04807e+06,17250,17247
2,3,18,SLH-DSA-SHA2-128s_signed-by_ML-DSA-65,SLH-DSA-SHA2-128s_signed-by_ML-DSA-65,3147.36,90.2266,11.067,0,0,0,311.032,24,1.04936e+06,1.04682e+06,17250,17247
2,6,18,SLH-DSA-SHA2-128s_signed-by_ML-DSA-65,SLH-DSA-SHA2-128s_signed-by_ML-DSA-65,3147.17,90.2323,11.0677,0,0,0,340.839,11,1.08537e+06,1.04755e+06,17250,17247
2,1,18,SLH-DSA-SHA2-128s_signed-by_ML-DSA-65,SLH-DSA-SHA2-128s_signed-by_ML-DSA-65,3149.95,90.1526,11.058,0,0,0,311.032,24,1.04797e+06,1.04824e+06,17250,17247
2,5,18,SLH-DSA-SHA2-128s_signed-by_ML-DSA-65,SLH-DSA-SHA2-128s_signed-by_ML-DSA-65,3145.57,90.2781,11.0734,0,0,0,342.258,17,1.04612e+06,1.04763e+06,17250,17247
2,7,18,SLH-DSA-SHA2-128s_signed-by_ML-DSA-65,SLH-DSA-SHA2-128s_signed-by_ML-DSA-65,3151.61,90.105,11.0521,0,0,0,425.355,27,1.04868e+06,1.04744e+06,17250,17247
2,2,18,SLH-DSA-SHA2-128s_signed-by_ML-DSA-65,SLH-DSA-SHA2-128s_signed-by_ML-DSA-65,3149.43,90.1674,11.0598,0,0,0,340.839,24,1.04897e+06,1.05105e+06,17250,17247
2,4,18,SLH-DSA-SHA2-128s_signed-by_ML-DSA-65,SLH-DSA-SHA2-128s_signed-by_ML-DSA-65,3181.13,89.269,10.9496,0,0,0,311.032,24,1.0464e+06,1.04809e+06,17250,17247
2,8,19,SLH-DSA-SHA2-128s_signed-by_ML-DSA-65,SLH-DSA-SHA2-128s_signed-by_ML-DSA-65,3146.11,90.2625,11.0714,0,0,0,545.613,16,1.04904e+06,1.04788e+06,17250,17247
2,3,19,SLH-DSA-SHA2-128s_signed-by_ML-DSA-65,SLH-DSA-SHA2-128s_signed-by_ML-DSA-65,3146.29,90.2575,11.0708,0,0,0,311.032,24,1.04675e+06,1.04822e+06,17250,17247
2,6,19,SLH-DSA-SHA2-128s_signed-by_ML-DSA-65,SLH-DSA-SHA2-128s_signed-by_ML-DSA-65,3143.48,90.3382,11.0807,0,0,0,388.581,12,1.04843e+06,1.04616e+06,17250,17247
2,1,19,SLH-DSA-SHA2-128s_signed-by_ML-DSA-65,SLH-DSA-SHA2-128s_signed-by_ML-DSA-65,3149.26,90.1721,11.0604,0,0,0,314.387,24,1.04766e+06,1.05028e+06,17250,17247
2,5,19,SLH-DSA-SHA2-128s_signed-by_ML-DSA-65,SLH-DSA-SHA2-128s_signed-by_ML-DSA-65,3149.79,90.1572,11.0585,0,0,0,340.839,18,1.04634e+06,1.04878e+06,17250,17247
2,7,19,SLH-DSA-SHA2-128s_signed-by_ML-DSA-65,SLH-DSA-SHA2-128s_signed-by_ML-DSA-65,3145.27,90.2867,11.0744,0,0,0,340.839,25,1.04712e+06,1.04673e+06,17250,17247
2,2,19,SLH-DSA-SHA2-128s_signed-by_ML-DSA-65,SLH-DSA-SHA2-128s_signed-by_ML-DSA-65,3150.04,90.1501,11.0577,0,0,0,337.355,24,1.04856e+06,1.04949e+06,17250,17247
2,4,19,SLH-DSA-SHA2-128s_signed-by_ML-DSA-65,SLH-DSA-SHA2-128s_signed-by_ML-DSA-65,3151.84,90.0986,11.0513,0,0,0,345.097,24,1.0473e+06,1.0546e+06,17250,17247
2,8,20,SLH-DSA-SHA2-128s_signed-by_ML-DSA-65,SLH-DSA-SHA2-128s_signed-by_ML-DSA-65,3144.53,90.308,11.077,0.0322581,0,0,311.032,13,1.04783e+06,1.04698e+06,17250,17247
2,3,20,SLH-DSA-SHA2-128s_signed-by_ML-DSA-65,SLH-DSA-SHA2-128s_signed-by_ML-DSA-65,3144.64,90.3047,11.0766,0.0322581,0,0,311.935,24,1.04651e+06,1.04745e+06,17250,17247
2,6,20,SLH-DSA-SHA2-128s_signed-by_ML-DSA-65,SLH-DSA-SHA2-128s_signed-by_ML-DSA-65,3143.67,90.3327,11.0801,0.0322581,0,0,340.839,13,1.04785e+06,1.04645e+06,17250,17247
2,1,20,SLH-DSA-SHA2-128s_signed-by_ML-DSA-65,SLH-DSA-SHA2-128s_signed-by_ML-DSA-65,3145.55,90.2788,11.0734,0.0322581,0,0,311.032,24,1.04811e+06,1.04843e+06,17250,17247
2,5,20,SLH-DSA-SHA2-128s_signed-by_ML-DSA-65,SLH-DSA-SHA2-128s_signed-by_ML-DSA-65,3149.24,90.1729,11.096,0.03125,0,0,331.25,21,1.05623e+06,1.04732e+06,17250,17247
2,7,20,SLH-DSA-SHA2-128s_signed-by_ML-DSA-65,SLH-DSA-SHA2-128s_signed-by_ML-DSA-65,3144.24,90.3161,11.078,0.0322581,0,0,340.839,22,1.04796e+06,1.04606e+06,17250,17247
2,2,20,SLH-DSA-SHA2-128s_signed-by_ML-DSA-65,SLH-DSA-SHA2-128s_signed-by_ML-DSA-65,3148.61,90.191,11.0627,0.0322581,0,0,311.032,24,1.04919e+06,1.05006e+06,17250,17247
2,4,20,SLH-DSA-SHA2-128s_signed-by_ML-DSA-65,SLH-DSA-SHA2-128s_signed-by_ML-DSA-65,3145.89,90.2689,11.3011,0.03125,1,0.03125,303,24,1.04767e+06,1.04789e+06,17250,17247
2,8,21,SLH-DSA-SHA2-128s_signed-by_ML-DSA-65,SLH-DSA-SHA2-128s_signed-by_ML-DSA-65,3146.55,90.2501,11.0699,0,0,0,311.032,11,1.04651e+06,1.05052e+06,17250,17247
2,3,21,SLH-DSA-SHA2-128s_signed-by_ML-DSA-65,SLH-DSA-SHA2-128s_signed-by_ML-DSA-65,3145.61,90.277,11.0732,0,0,0,311.032,24,1.06275e+06,1.04889e+06,17250,17247
2,6,21,SLH-DSA-SHA2-128s_signed-by_ML-DSA-65,SLH-DSA-SHA2-128s_signed-by_ML-DSA-65,3150.36,90.1406,11.0565,0,0,0,340.839,14,1.0477e+06,1.04872e+06,17250,17247
2,1,21,SLH-DSA-SHA2-128s_signed-by_ML-DSA-65,SLH-DSA-SHA2-128s_signed-by_ML-DSA-65,3148.75,90.1869,11.0622,0,0,0,311.032,24,1.04782e+06,1.0464e+06,17250,17247
2,5,21,SLH-DSA-SHA2-128s_signed-by_ML-DSA-65,SLH-DSA-SHA2-128s_signed-by_ML-DSA-65,3148.49,90.1942,11.0631,0,0,0,340.839,19,1.04761e+06,1.04661e+06,17250,17247
2,7,21,SLH-DSA-SHA2-128s_signed-by_ML-DSA-65,SLH-DSA-SHA2-128s_signed-by_ML-DSA-65,3159.54,89.879,11.0244,0,0,0,340.839,27,1.04632e+06,1.04696e+06,17250,17247
2,2,21,SLH-DSA-SHA2-128s_signed-by_ML-DSA-65,SLH-DSA-SHA2-128s_signed-by_ML-DSA-65,3144.38,90.3123,11.0775,0,0,0,311.032,24,1.04702e+06,1.04687e+06,17250,17247
2,4,21,SLH-DSA-SHA2-128s_signed-by_ML-DSA-65,SLH-DSA-SHA2-128s_signed-by_ML-DSA-65,3167.65,89.6487,10.9962,0,0,0,311.032,24,1.05021e+06,1.06623e+06,17250,17247
2,8,22,SLH-DSA-SHA2-128s_signed-by_ML-DSA-65,SLH-DSA-SHA2-128s_signed-by_ML-DSA-65,3151.39,90.1112,11.0529,0,0,0,311.032,10,1.04685e+06,1.05085e+06,17250,17247
2,3,22,SLH-DSA-SHA2-128s_signed-by_ML-DSA-65,SLH-DSA-SHA2-128s_signed-by_ML-DSA-65,3145.87,90.2696,11.0723,0,0,0,311.032,24,1.04783e+06,1.04819e+06,17250,17247
2,6,22,SLH-DSA-SHA2-128s_signed-by_ML-DSA-65,SLH-DSA-SHA2-128s_signed-by_ML-DSA-65,3164.11,89.7491,11.0085,0,0,0,340.839,9,1.04763e+06,1.04877e+06,17250,17247
2,1,22,SLH-DSA-SHA2-128s_signed-by_ML-DSA-65,SLH-DSA-SHA2-128s_signed-by_ML-DSA-65,3144.9,90.2973,11.0757,0,0,0,311.032,24,1.04664e+06,1.04657e+06,17250,17247
2,5,22,SLH-DSA-SHA2-128s_signed-by_ML-DSA-65,SLH-DSA-SHA2-128s_signed-by_ML-DSA-65,3146.05,90.2643,11.0717,0,0,0,341.355,19,1.04583e+06,1.04676e+06,17250,17247
2,7,22,SLH-DSA-SHA2-128s_signed-by_ML-DSA-65,SLH-DSA-SHA2-128s_signed-by_ML-DSA-65,3148.8,90.1856,11.062,0,0,0,336.968,23,1.04703e+06,1.0503e+06,17250,17247
2,2,22,SLH-DSA-SHA2-128s_signed-by_ML-DSA-65,SLH-DSA-SHA2-128s_signed-by_ML-DSA-65,3148.46,90.1951,11.0632,0,0,0,311.032,24,1.04617e+06,1.04724e+06,17250,17247
2,4,22,SLH-DSA-SHA2-128s_signed-by_ML-DSA-65,SLH-DSA-SHA2-128s_signed-by_ML-DSA-65,3147.07,90.2349,11.0681,0,0,0,311.032,24,1.04587e+06,1.04867e+06,17250,17247
2,8,23,SLH-DSA-SHA2-128s_signed-by_ML-DSA-65,SLH-DSA-SHA2-128s_signed-by_ML-DSA-65,3146.14,90.2615,11.0713,0,0,0,312.581,8,1.04691e+06,1.04778e+06,17250,17247
2,3,23,SLH-DSA-SHA2-128s_signed-by_ML-DSA-65,SLH-DSA-SHA2-128s_signed-by_ML-DSA-65,3154.59,90.0198,11.0417,0,0,0,311.032,24,1.0469e+06,1.04752e+06,17250,17247
2,6,23,SLH-DSA-SHA2-128s_signed-by_ML-DSA-65,SLH-DSA-SHA2-128s_signed-by_ML-DSA-65,3147.42,90.2251,11.0668,0,0,0,342.129,12,1.04644e+06,1.04721e+06,17250,17247
2,1,23,SLH-DSA-SHA2-128s_signed-by_ML-DSA-65,SLH-DSA-SHA2-128s_signed-by_ML-DSA-65,3153.38,90.0544,11.0459,0,0,0,311.032,24,1.04729e+06,1.04703e+06,17250,17247
2,5,23,SLH-DSA-SHA2-128s_signed-by_ML-DSA-65,SLH-DSA-SHA2-128s_signed-by_ML-DSA-65,3148.95,90.1812,11.0615,0,0,0,340.839,14,1.04763e+06,1.05034e+06,17250,17247
2,7,23,SLH-DSA-SHA2-128s_signed-by_ML-DSA-65,SLH-DSA-SHA2-128s_signed-by_ML-DSA-65,3149.51,90.165,11.0595,0,0,0,311.032,24,1.04719e+06,1.04795e+06,17250,17247
2,2,23,SLH-DSA-SHA2-128s_signed-by_ML-DSA-65,SLH-DSA-SHA2-128s_signed-by_ML-DSA-65,3147.95,90.2098,11.065,0,0,0,314.387,24,1.04959e+06,1.05016e+06,17250,17247
2,4,23,SLH-DSA-SHA2-128s_signed-by_ML-DSA-65,SLH-DSA-SHA2-128s_signed-by_ML-DSA-65,3150.61,90.1335,11.0556,0,0,0,396.839,24,1.04732e+06,1.0482e+06,17250,17247
2,8,24,SLH-DSA-SHA2-128s_signed-by_ML-DSA-65,SLH-DSA-SHA2-128s_signed-by_ML-DSA-65,3147.15,90.2328,11.0678,0,0,0,311.032,8,1.04878e+06,1.04684e+06,17250,17247
2,3,24,SLH-DSA-SHA2-128s_signed-by_ML-DSA-65,SLH-DSA-SHA2-128s_signed-by_ML-DSA-65,3146.42,90.2535,11.0703,0,0,0,311.161,24,1.05274e+06,1.04834e+06,17250,17247
2,6,24,SLH-DSA-SHA2-128s_signed-by_ML-DSA-65,SLH-DSA-SHA2-128s_signed-by_ML-DSA-65,3149.83,90.1559,11.0584,0,0,0,342,11,1.04731e+06,1.04768e+06,17250,17247
2,1,24,SLH-DSA-SHA2-128s_signed-by_ML-DSA-65,SLH-DSA-SHA2-128s_signed-by_ML-DSA-65,3150.49,90.1371,11.0561,0,0,0,311.161,24,1.04728e+06,1.05085e+06,17250,17247
2,5,24,SLH-DSA-SHA2-128s_signed-by_ML-DSA-65,SLH-DSA-SHA2-128s_signed-by_ML-DSA-65,3150.74,90.1298,11.0552,0,0,0,340.839,15,1.04895e+06,1.0486e+06,17250,17247
2,7,24,SLH-DSA-SHA2-128s_signed-by_ML-DSA-65,SLH-DSA-SHA2-128s_signed-by_ML-DSA-65,3146.23,90.259,11.071,0,0,0,311.032,21,1.04763e+06,1.04828e+06,17250,17247
2,2,24,SLH-DSA-SHA2-128s_signed-by_ML-DSA-65,SLH-DSA-SHA2-128s_signed-by_ML-DSA-65,3145.29,90.2862,11.0743,0,0,0,311.032,24,1.04795e+06,1.04694e+06,17250,17247
2,4,24,SLH-DSA-SHA2-128s_signed-by_ML-DSA-65,SLH-DSA-SHA2-128s_signed-by_ML-DSA-65,3144.51,90.3084,11.0771,0.0322581,0,0,311.032,24,1.04867e+06,1.04839e+06,17250,17247
2,8,25,SLH-DSA-SHA2-128s_signed-by_ML-DSA-65,SLH-DSA-SHA2-128s_signed-by_ML-DSA-65,3143.84,90.3277,11.0794,0.0322581,0,0,311.032,10,1.04699e+06,1.0472e+06,17250,17247
2,3,25,SLH-DSA-SHA2-128s_signed-by_ML-DSA-65,SLH-DSA-SHA2-128s_signed-by_ML-DSA-65,3147.37,90.2264,11.067,0.0322581,0,0,311.032,24,1.04643e+06,1.04731e+06,17250,17247
2,6,25,SLH-DSA-SHA2-128s_signed-by_ML-DSA-65,SLH-DSA-SHA2-128s_signed-by_ML-DSA-65,3145.72,90.2738,11.0728,0.0322581,0,0,340.839,10,1.04677e+06,1.04729e+06,17250,17247
2,1,25,SLH-DSA-SHA2-128s_signed-by_ML-DSA-65,SLH-DSA-SHA2-128s_signed-by_ML-DSA-65,3149.98,90.1518,11.0579,0.0322581,0,0,311.032,24,1.04723e+06,1.05088e+06,17250,17247
2,5,25,SLH-DSA-SHA2-128s_signed-by_ML-DSA-65,SLH-DSA-SHA2-128s_signed-by_ML-DSA-65,3145.14,90.2902,11.0748,0.0322581,0,0,340.839,17,1.04752e+06,1.0475e+06,17250,17247
2,7,25,SLH-DSA-SHA2-128s_signed-by_ML-DSA-65,SLH-DSA-SHA2-128s_signed-by_ML-DSA-65,3144.23,90.3166,11.3071,0.03125,1,0.03125,303,24,1.04706e+06,1.04683e+06,17250,17247
2,2,25,SLH-DSA-SHA2-128s_signed-by_ML-DSA-65,SLH-DSA-SHA2-128s_signed-by_ML-DSA-65,3145.82,90.271,11.1539,0.03125,0,0,302.5,24,1.04663e+06,1.04769e+06,17250,17247
2,4,25,SLH-DSA-SHA2-128s_signed-by_ML-DSA-65,SLH-DSA-SHA2-128s_signed-by_ML-DSA-65,3144.93,90.2964,11.0756,0.419355,0,0,311.032,24,1.04753e+06,1.04675e+06,17250,17247
2,8,26,SLH-DSA-SHA2-128s_signed-by_ML-DSA-65,SLH-DSA-SHA2-128s_signed-by_ML-DSA-65,3153.51,90.0507,11.0455,0.419355,0,0,311.032,9,1.04715e+06,1.05286e+06,17250,17247
2,3,26,SLH-DSA-SHA2-128s_signed-by_ML-DSA-65,SLH-DSA-SHA2-128s_signed-by_ML-DSA-65,3147.47,90.2234,11.0666,0.419355,0,0,311.032,24,1.0489e+06,1.049e+06,17250,17247
2,6,26,SLH-DSA-SHA2-128s_signed-by_ML-DSA-65,SLH-DSA-SHA2-128s_signed-by_ML-DSA-65,3150.35,90.1412,11.0566,0.419355,0,0,340.839,7,1.04665e+06,1.04788e+06,17250,17247
2,1,26,SLH-DSA-SHA2-128s_signed-by_ML-DSA-65,SLH-DSA-SHA2-128s_signed-by_ML-DSA-65,3151.18,90.1172,11.0536,0.419355,0,0,311.032,24,1.04702e+06,1.04824e+06,17250,17247
2,5,26,SLH-DSA-SHA2-128s_signed-by_ML-DSA-65,SLH-DSA-SHA2-128s_signed-by_ML-DSA-65,3155,90.0082,11.0402,0.419355,0,0,340.839,17,1.04619e+06,1.04775e+06,17250,17247
2,7,26,SLH-DSA-SHA2-128s_signed-by_ML-DSA-65,SLH-DSA-SHA2-128s_signed-by_ML-DSA-65,3150.76,90.1293,11.5121,0.393939,2,0.0606061,296.061,21,1.05034e+06,1.04779e+06,17250,17247
2,2,26,SLH-DSA-SHA2-128s_signed-by_ML-DSA-65,SLH-DSA-SHA2-128s_signed-by_ML-DSA-65,3153.25,90.0583,12.934,0.382353,23,0.676471,360.941,24,1.0473e+06,1.04755e+06,17250,17247
2,4,26,SLH-DSA-SHA2-128s_signed-by_ML-DSA-65,SLH-DSA-SHA2-128s_signed-by_ML-DSA-65,3151.24,90.1156,11.0534,0,0,0,311.032,24,1.0468e+06,1.04854e+06,17250,17247
2,8,27,SLH-DSA-SHA2-128s_signed-by_ML-DSA-65,SLH-DSA-SHA2-128s_signed-by_ML-DSA-65,3143.15,90.3475,11.0819,0,0,0,311.29,9,1.04825e+06,1.04715e+06,17250,17247
2,3,27,SLH-DSA-SHA2-128s_signed-by_ML-DSA-65,SLH-DSA-SHA2-128s_signed-by_ML-DSA-65,3149.93,90.1532,11.058,0,0,0,311.032,24,1.04693e+06,1.05161e+06,17250,17247
2,6,27,SLH-DSA-SHA2-128s_signed-by_ML-DSA-65,SLH-DSA-SHA2-128s_signed-by_ML-DSA-65,3141.8,90.3864,11.0866,0,0,0,336.968,5,1.04665e+06,1.04621e+06,17250,17247
2,5,27,SLH-DSA-SHA2-128s_signed-by_ML-DSA-65,SLH-DSA-SHA2-128s_signed-by_ML-DSA-65,3143.86,90.3272,11.0794,0,0,0,362.903,16,1.04591e+06,1.04668e+06,17250,17247
2,1,27,SLH-DSA-SHA2-128s_signed-by_ML-DSA-65,SLH-DSA-SHA2-128s_signed-by_ML-DSA-65,3153.14,90.0612,11.0467,0,0,0,311.032,24,1.04636e+06,1.04822e+06,17250,17247
2,7,27,SLH-DSA-SHA2-128s_signed-by_ML-DSA-65,SLH-DSA-SHA2-128s_signed-by_ML-DSA-65,3147.32,90.2279,11.0672,0.0322581,0,0,311.032,21,1.04716e+06,1.04827e+06,17250,17247
2,2,27,SLH-DSA-SHA2-128s_signed-by_ML-DSA-65,SLH-DSA-SHA2-128s_signed-by_ML-DSA-65,3145.25,90.2873,11.0745,0.0322581,0,0,340.839,24,1.04624e+06,1.04675e+06,17250,17247
2,4,27,SLH-DSA-SHA2-128s_signed-by_ML-DSA-65,SLH-DSA-SHA2-128s_signed-by_ML-DSA-65,3145.29,90.286,11.0743,0.483871,0,0,311.032,24,1.04786e+06,1.04857e+06,17250,17247
2,8,28,SLH-DSA-SHA2-128s_signed-by_ML-DSA-65,SLH-DSA-SHA2-128s_signed-by_ML-DSA-65,3143.94,90.3248,11.0791,0.516129,0,0,311.032,14,1.04567e+06,1.04655e+06,17250,17247
2,3,28,SLH-DSA-SHA2-128s_signed-by_ML-DSA-65,SLH-DSA-SHA2-128s_signed-by_ML-DSA-65,3144.98,90.2949,11.0754,0.516129,0,0,311.032,24,1.04648e+06,1.0465e+06,17250,17247
2,6,28,SLH-DSA-SHA2-128s_signed-by_ML-DSA-65,SLH-DSA-SHA2-128s_signed-by_ML-DSA-65,3144.69,90.3032,11.0764,0.516129,0,0,340.839,5,1.04601e+06,1.04722e+06,17250,17247
2,1,28,SLH-DSA-SHA2-128s_signed-by_ML-DSA-65,SLH-DSA-SHA2-128s_signed-by_ML-DSA-65,3147.57,90.2207,11.2951,0.5,1,0.03125,306.25,24,1.04666e+06,1.04644e+06,17250,17247
2,5,28,SLH-DSA-SHA2-128s_signed-by_ML-DSA-65,SLH-DSA-SHA2-128s_signed-by_ML-DSA-65,3152,90.0938,11.2792,0.5,1,0.03125,332,13,1.04902e+06,1.04992e+06,17250,17247
2,7,28,SLH-DSA-SHA2-128s_signed-by_ML-DSA-65,SLH-DSA-SHA2-128s_signed-by_ML-DSA-65,3145.56,90.2785,11.7601,0.441176,3,0.0882353,288.471,20,1.04662e+06,1.04813e+06,17250,17247
2,2,28,SLH-DSA-SHA2-128s_signed-by_ML-DSA-65,SLH-DSA-SHA2-128s_signed-by_ML-DSA-65,3147.59,90.2202,12.9572,0.441176,23,0.676471,342.471,24,1.04709e+06,1.04777e+06,17250,17247
2,4,28,SLH-DSA-SHA2-128s_signed-by_ML-DSA-65,SLH-DSA-SHA2-128s_signed-by_ML-DSA-65,3142.45,90.3678,11.1658,0.03125,0,0,302.5,24,1.05122e+06,1.04661e+06,17250,17247
2,8,29,SLH-DSA-SHA2-128s_signed-by_ML-DSA-65,SLH-DSA-SHA2-128s_signed-by_ML-DSA-65,3144.82,90.2995,11.076,0,0,0,311.032,10,1.04828e+06,1.04713e+06,17250,17247
2,3,29,SLH-DSA-SHA2-128s_signed-by_ML-DSA-65,SLH-DSA-SHA2-128s_signed-by_ML-DSA-65,3149.77,90.1578,11.0586,0,0,0,579.161,24,1.0478e+06,1.04794e+06,17250,17247
2,6,29,SLH-DSA-SHA2-128s_signed-by_ML-DSA-65,SLH-DSA-SHA2-128s_signed-by_ML-DSA-65,3147.95,90.2099,11.065,0,0,0,340.839,8,1.04713e+06,1.04885e+06,17250,17247
2,1,29,SLH-DSA-SHA2-128s_signed-by_ML-DSA-65,SLH-DSA-SHA2-128s_signed-by_ML-DSA-65,3146.6,90.2484,11.0697,0,0,0,311.032,24,1.04612e+06,1.04777e+06,17250,17247
2,5,29,SLH-DSA-SHA2-128s_signed-by_ML-DSA-65,SLH-DSA-SHA2-128s_signed-by_ML-DSA-65,3149.37,90.1692,11.06,0,0,0,340.839,16,1.04525e+06,1.04628e+06,17250,17247
2,7,29,SLH-DSA-SHA2-128s_signed-by_ML-DSA-65,SLH-DSA-SHA2-128s_signed-by_ML-DSA-65,3148.19,90.2029,11.0641,0,0,0,311.032,22,1.0463e+06,1.04933e+06,17250,17247
2,2,29,SLH-DSA-SHA2-128s_signed-by_ML-DSA-65,SLH-DSA-SHA2-128s_signed-by_ML-DSA-65,3149,90.1796,11.0613,0,0,0,311.032,24,1.04641e+06,1.05158e+06,17250,17247
2,4,29,SLH-DSA-SHA2-128s_signed-by_ML-DSA-65,SLH-DSA-SHA2-128s_signed-by_ML-DSA-65,3146.36,90.2554,11.0706,0,0,0,311.032,24,1.04702e+06,1.04819e+06,17250,17247
2,8,30,SLH-DSA-SHA2-128s_signed-by_ML-DSA-65,SLH-DSA-SHA2-128s_signed-by_ML-DSA-65,3147.07,90.235,11.0681,0.483871,0,0,311.032,6,1.04733e+06,1.04768e+06,17250,17247
2,3,30,SLH-DSA-SHA2-128s_signed-by_ML-DSA-65,SLH-DSA-SHA2-128s_signed-by_ML-DSA-65,3144.54,90.3076,11.077,0.483871,0,0,311.032,24,1.04583e+06,1.04759e+06,17250,17247
2,6,30,SLH-DSA-SHA2-128s_signed-by_ML-DSA-65,SLH-DSA-SHA2-128s_signed-by_ML-DSA-65,3144.79,90.3004,11.0761,0.483871,0,0,340.839,9,1.04861e+06,1.04686e+06,17250,17247
2,1,30,SLH-DSA-SHA2-128s_signed-by_ML-DSA-65,SLH-DSA-SHA2-128s_signed-by_ML-DSA-65,3150.27,90.1435,11.5495,0.441176,2,0.0588235,287.765,24,1.04868e+06,1.04747e+06,17250,17247
2,7,30,SLH-DSA-SHA2-128s_signed-by_ML-DSA-65,SLH-DSA-SHA2-128s_signed-by_ML-DSA-65,3145.24,90.2876,11.0745,0.483871,0,0,311.032,26,1.04675e+06,1.04658e+06,17250,17247
2,2,30,SLH-DSA-SHA2-128s_signed-by_ML-DSA-65,SLH-DSA-SHA2-128s_signed-by_ML-DSA-65,3146.33,90.2563,11.0707,0.483871,0,0,311.032,24,1.04652e+06,1.04684e+06,17250,17247
2,5,30,SLH-DSA-SHA2-128s_signed-by_ML-DSA-65,SLH-DSA-SHA2-128s_signed-by_ML-DSA-65,3230.67,87.9001,11.9554,0.405405,11,0.297297,302.541,16,1.047e+06,1.12602e+06,17250,17247
2,4,30,SLH-DSA-SHA2-128s_signed-by_ML-DSA-65,SLH-DSA-SHA2-128s_signed-by_ML-DSA-65,3239.66,87.656,14.4064,0.405405,18,0.486486,289.351,24,1.04853e+06,1.06288e+06,17250,17247
2,8,31,SLH-DSA-SHA2-128s_signed-by_ML-DSA-65,SLH-DSA-SHA2-128s_signed-by_ML-DSA-65,3148.99,90.18,11.0613,0,0,0,311.032,1,1.04721e+06,1.04797e+06,17250,17247
2,3,31,SLH-DSA-SHA2-128s_signed-by_ML-DSA-65,SLH-DSA-SHA2-128s_signed-by_ML-DSA-65,3145.07,90.2923,11.0751,0.451613,0,0,311.032,24,1.0468e+06,1.04774e+06,17250,17247
2,6,31,SLH-DSA-SHA2-128s_signed-by_ML-DSA-65,SLH-DSA-SHA2-128s_signed-by_ML-DSA-65,3149.76,90.158,11.0586,0.451613,0,0,340.839,8,1.04683e+06,1.04862e+06,17250,17247
2,1,31,SLH-DSA-SHA2-128s_signed-by_ML-DSA-65,SLH-DSA-SHA2-128s_signed-by_ML-DSA-65,3147.88,90.2117,11.0652,0.451613,0,0,311.032,24,1.04751e+06,1.04912e+06,17250,17247
2,7,31,SLH-DSA-SHA2-128s_signed-by_ML-DSA-65,SLH-DSA-SHA2-128s_signed-by_ML-DSA-65,3152.68,90.0746,11.0484,0.451613,0,0,311.032,22,1.04769e+06,1.04811e+06,17250,17247
2,2,31,SLH-DSA-SHA2-128s_signed-by_ML-DSA-65,SLH-DSA-SHA2-128s_signed-by_ML-DSA-65,3145.92,90.2681,11.0721,0.451613,0,0,311.032,24,1.04606e+06,1.04673e+06,17250,17247
2,5,31,SLH-DSA-SHA2-128s_signed-by_ML-DSA-65,SLH-DSA-SHA2-128s_signed-by_ML-DSA-65,3147.28,90.229,11.0673,0.451613,0,0,336.581,16,1.04891e+06,1.0472e+06,17250,17247
2,4,31,SLH-DSA-SHA2-128s_signed-by_ML-DSA-65,SLH-DSA-SHA2-128s_signed-by_ML-DSA-65,3149.89,90.1541,11.0581,0.451613,0,0,311.032,24,1.04709e+06,1.05303e+06,17250,17247
2,8,32,SLH-DSA-SHA2-128s_signed-by_ML-DSA-65,SLH-DSA-SHA2-128s_signed-by_ML-DSA-65,3148.01,90.208,14.3888,0.4,29,0.828571,659.257,3,1.05464e+06,1.04714e+06,17250,17247
2,3,32,SLH-DSA-SHA2-128s_signed-by_ML-DSA-65,SLH-DSA-SHA2-128s_signed-by_ML-DSA-65,3147.57,90.2206,11.0663,0,0,0,311.032,24,1.04934e+06,1.04895e+06,17250,17247
2,6,32,SLH-DSA-SHA2-128s_signed-by_ML-DSA-65,SLH-DSA-SHA2-128s_signed-by_ML-DSA-65,3147.67,90.2179,11.066,0,0,0,323.806,9,1.0483e+06,1.04775e+06,17250,17247
2,1,32,SLH-DSA-SHA2-128s_signed-by_ML-DSA-65,SLH-DSA-SHA2-128s_signed-by_ML-DSA-65,3145.27,90.2867,11.0744,0,0,0,311.032,24,1.04779e+06,1.04836e+06,17250,17247
2,7,32,SLH-DSA-SHA2-128s_signed-by_ML-DSA-65,SLH-DSA-SHA2-128s_signed-by_ML-DSA-65,3153.15,90.0609,11.0467,0,0,0,311.032,18,1.04873e+06,1.04834e+06,17250,17247
2,2,32,SLH-DSA-SHA2-128s_signed-by_ML-DSA-65,SLH-DSA-SHA2-128s_signed-by_ML-DSA-65,3153.48,90.0515,11.0456,0,0,0,311.032,24,1.04594e+06,1.04794e+06,17250,17247
2,5,32,SLH-DSA-SHA2-128s_signed-by_ML-DSA-65,SLH-DSA-SHA2-128s_signed-by_ML-DSA-65,3144.74,90.302,11.0763,0,0,0,311.032,12,1.04677e+06,1.04705e+06,17250,17247
2,4,32,SLH-DSA-SHA2-128s_signed-by_ML-DSA-65,SLH-DSA-SHA2-128s_signed-by_ML-DSA-65,3151.55,90.1069,11.0524,1,0,0,311.032,24,1.04691e+06,1.05356e+06,17250,17247
2,8,33,SLH-DSA-SHA2-128s_signed-by_ML-DSA-65,SLH-DSA-SHA2-128s_signed-by_ML-DSA-65,3146.97,90.2379,11.0684,1,0,0,311.032,4,1.0485e+06,1.04862e+06,17250,17247
2,3,33,SLH-DSA-SHA2-128s_signed-by_ML-DSA-65,SLH-DSA-SHA2-128s_signed-by_ML-DSA-65,3148.28,90.2003,11.0638,1,0,0,311.032,24,1.04983e+06,1.04791e+06,17250,17247
2,6,33,SLH-DSA-SHA2-128s_signed-by_ML-DSA-65,SLH-DSA-SHA2-128s_signed-by_ML-DSA-65,3144.73,90.302,11.0763,1,0,0,340.839,10,1.04785e+06,1.0469e+06,17250,17247
2,1,33,SLH-DSA-SHA2-128s_signed-by_ML-DSA-65,SLH-DSA-SHA2-128s_signed-by_ML-DSA-65,3147.73,90.2162,11.0658,1,0,0,311.032,24,1.04697e+06,1.04801e+06,17250,17247
2,7,33,SLH-DSA-SHA2-128s_signed-by_ML-DSA-65,SLH-DSA-SHA2-128s_signed-by_ML-DSA-65,3144.36,90.3129,11.0776,1,0,0,311.032,17,1.04764e+06,1.04679e+06,17250,17247
2,2,33,SLH-DSA-SHA2-128s_signed-by_ML-DSA-65,SLH-DSA-SHA2-128s_signed-by_ML-DSA-65,3156.48,89.966,16.9911,1,91,2.275,526.6,24,1.04846e+06,1.04665e+06,17250,17247
2,5,33,SLH-DSA-SHA2-128s_signed-by_ML-DSA-65,SLH-DSA-SHA2-128s_signed-by_ML-DSA-65,3155.11,90.005,13.905,1,45,1.28571,437.771,15,1.04619e+06,1.04861e+06,17250,17247
2,4,33,SLH-DSA-SHA2-128s_signed-by_ML-DSA-65,SLH-DSA-SHA2-128s_signed-by_ML-DSA-65,3147.77,90.2151,11.0656,0,0,0,311.032,24,1.04767e+06,1.04763e+06,17250,17247
2,8,34,SLH-DSA-SHA2-128s_signed-by_ML-DSA-65,SLH-DSA-SHA2-128s_signed-by_ML-DSA-65,3145.4,90.2829,11.0739,0,0,0,311.032,4,1.04799e+06,1.04688e+06,17250,17247
2,3,34,SLH-DSA-SHA2-128s_signed-by_ML-DSA-65,SLH-DSA-SHA2-128s_signed-by_ML-DSA-65,3147.9,90.2113,11.0652,0,0,0,311.161,24,1.05209e+06,1.04823e+06,17250,17247
2,6,34,SLH-DSA-SHA2-128s_signed-by_ML-DSA-65,SLH-DSA-SHA2-128s_signed-by_ML-DSA-65,3144.93,90.2965,11.0756,0,0,0,340.839,15,1.04692e+06,1.04649e+06,17250,17247
2,1,34,SLH-DSA-SHA2-128s_signed-by_ML-DSA-65,SLH-DSA-SHA2-128s_signed-by_ML-DSA-65,3149.36,90.1694,11.06,0,0,0,311.032,24,1.04765e+06,1.04693e+06,17250,17247
2,7,34,SLH-DSA-SHA2-128s_signed-by_ML-DSA-65,SLH-DSA-SHA2-128s_signed-by_ML-DSA-65,3145.33,90.2848,11.0742,0,0,0,367.806,23,1.04682e+06,1.04708e+06,17250,17247
2,2,34,SLH-DSA-SHA2-128s_signed-by_ML-DSA-65,SLH-DSA-SHA2-128s_signed-by_ML-DSA-65,3154.15,90.0325,11.0432,0,0,0,311.032,24,1.04718e+06,1.04739e+06,17250,17247
2,5,34,SLH-DSA-SHA2-128s_signed-by_ML-DSA-65,SLH-DSA-SHA2-128s_signed-by_ML-DSA-65,3154.81,90.0136,11.0409,0,0,0,340.839,16,1.04732e+06,1.0494e+06,17250,17247
2,4,34,SLH-DSA-SHA2-128s_signed-by_ML-DSA-65,SLH-DSA-SHA2-128s_signed-by_ML-DSA-65,3148.48,90.1946,11.0631,0,0,0,314.387,24,1.04669e+06,1.04826e+06,17250,17247
2,8,35,SLH-DSA-SHA2-128s_signed-by_ML-DSA-65,SLH-DSA-SHA2-128s_signed-by_ML-DSA-65,3145.03,90.2937,11.0753,0,0,0,311.032,5,1.04763e+06,1.04781e+06,17250,17247
2,3,35,SLH-DSA-SHA2-128s_signed-by_ML-DSA-65,SLH-DSA-SHA2-128s_signed-by_ML-DSA-65,3148.03,90.2075,11.0647,0,0,0,311.032,24,1.04719e+06,1.04951e+06,17250,17247
2,6,35,SLH-DSA-SHA2-128s_signed-by_ML-DSA-65,SLH-DSA-SHA2-128s_signed-by_ML-DSA-65,3149.53,90.1647,11.0594,0,0,0,340.839,20,1.04749e+06,1.04656e+06,17250,17247
2,1,35,SLH-DSA-SHA2-128s_signed-by_ML-DSA-65,SLH-DSA-SHA2-128s_signed-by_ML-DSA-65,3145.3,90.2859,11.0743,0,0,0,311.032,24,1.04729e+06,1.04718e+06,17250,17247
2,7,35,SLH-DSA-SHA2-128s_signed-by_ML-DSA-65,SLH-DSA-SHA2-128s_signed-by_ML-DSA-65,3149.01,90.1794,11.0612,0.451613,0,0,311.032,22,1.04753e+06,1.04827e+06,17250,17247
2,2,35,SLH-DSA-SHA2-128s_signed-by_ML-DSA-65,SLH-DSA-SHA2-128s_signed-by_ML-DSA-65,3146.43,90.2535,11.0703,0.451613,0,0,311.032,24,1.04779e+06,1.04801e+06,17250,17247
2,5,35,SLH-DSA-SHA2-128s_signed-by_ML-DSA-65,SLH-DSA-SHA2-128s_signed-by_ML-DSA-65,3152.19,90.0885,11.0501,0.451613,0,0,340.839,17,1.04663e+06,1.04813e+06,17250,17247
2,4,35,SLH-DSA-SHA2-128s_signed-by_ML-DSA-65,SLH-DSA-SHA2-128s_signed-by_ML-DSA-65,3149.19,90.1744,11.0606,0.451613,0,0,311.032,24,1.04715e+06,1.04713e+06,17250,17247
2,8,36,SLH-DSA-SHA2-128s_signed-by_ML-DSA-65,SLH-DSA-SHA2-128s_signed-by_ML-DSA-65,3154.27,90.029,11.0428,0.451613,0,0,311.29,10,1.04724e+06,1.05016e+06,17250,17247
2,3,36,SLH-DSA-SHA2-128s_signed-by_ML-DSA-65,SLH-DSA-SHA2-128s_signed-by_ML-DSA-65,3146.7,90.2456,11.0694,0.451613,0,0,311.032,24,1.04757e+06,1.04726e+06,17250,17247
2,6,36,SLH-DSA-SHA2-128s_signed-by_ML-DSA-65,SLH-DSA-SHA2-128s_signed-by_ML-DSA-65,3150.93,90.1244,11.0545,0.451613,0,0,426.516,16,1.04721e+06,1.04661e+06,17250,17247
2,1,36,SLH-DSA-SHA2-128s_signed-by_ML-DSA-65,SLH-DSA-SHA2-128s_signed-by_ML-DSA-65,3144.9,90.2974,12.8106,0.411765,29,0.852941,718,24,1.05265e+06,1.04723e+06,17250,17247
2,7,36,SLH-DSA-SHA2-128s_signed-by_ML-DSA-65,SLH-DSA-SHA2-128s_signed-by_ML-DSA-65,3160.16,89.8611,11.0222,0,0,0,311.032,24,1.04985e+06,1.05251e+06,17250,17247
2,2,36,SLH-DSA-SHA2-128s_signed-by_ML-DSA-65,SLH-DSA-SHA2-128s_signed-by_ML-DSA-65,3147.97,90.2093,11.0649,0,0,0,311.032,24,1.04711e+06,1.05087e+06,17250,17247
2,5,36,SLH-DSA-SHA2-128s_signed-by_ML-DSA-65,SLH-DSA-SHA2-128s_signed-by_ML-DSA-65,3148.02,90.2079,11.0647,0,0,0,755.548,11,1.04678e+06,1.0469e+06,17250,17247
2,4,36,SLH-DSA-SHA2-128s_signed-by_ML-DSA-65,SLH-DSA-SHA2-128s_signed-by_ML-DSA-65,3149.69,90.1599,11.0589,0,0,0,311.032,24,1.04773e+06,1.05074e+06,17250,17247
2,8,37,SLH-DSA-SHA2-128s_signed-by_ML-DSA-65,SLH-DSA-SHA2-128s_signed-by_ML-DSA-65,3145.62,90.2767,11.0732,0,0,0,311.032,5,1.04624e+06,1.04883e+06,17250,17247
2,3,37,SLH-DSA-SHA2-128s_signed-by_ML-DSA-65,SLH-DSA-SHA2-128s_signed-by_ML-DSA-65,3142.55,90.3648,11.084,0,0,0,311.032,24,1.05022e+06,1.04664e+06,17250,17247
2,6,37,SLH-DSA-SHA2-128s_signed-by_ML-DSA-65,SLH-DSA-SHA2-128s_signed-by_ML-DSA-65,3145.93,90.2678,11.0721,0,0,0,340.839,16,1.04772e+06,1.04804e+06,17250,17247
2,1,37,SLH-DSA-SHA2-128s_signed-by_ML-DSA-65,SLH-DSA-SHA2-128s_signed-by_ML-DSA-65,3145.73,90.2735,11.0728,0,0,0,340.839,24,1.04734e+06,1.04869e+06,17250,17247
2,7,37,SLH-DSA-SHA2-128s_signed-by_ML-DSA-65,SLH-DSA-SHA2-128s_signed-by_ML-DSA-65,3144.86,90.2986,11.0759,0,0,0,311.032,21,1.04687e+06,1.04897e+06,17250,17247
2,2,37,SLH-DSA-SHA2-128s_signed-by_ML-DSA-65,SLH-DSA-SHA2-128s_signed-by_ML-DSA-65,3145.93,90.2676,11.0721,0,0,0,311.032,24,1.04724e+06,1.04819e+06,17250,17247
2,5,37,SLH-DSA-SHA2-128s_signed-by_ML-DSA-65,SLH-DSA-SHA2-128s_signed-by_ML-DSA-65,3165.02,89.7234,11.0053,0,0,0,340.839,10,1.04668e+06,1.0461e+06,17250,17247
2,4,37,SLH-DSA-SHA2-128s_signed-by_ML-DSA-65,SLH-DSA-SHA2-128s_signed-by_ML-DSA-65,3144.14,90.3191,11.0784,0,0,0,311.032,24,1.05559e+06,1.04686e+06,17250,17247
2,8,38,SLH-DSA-SHA2-128s_signed-by_ML-DSA-65,SLH-DSA-SHA2-128s_signed-by_ML-DSA-65,3143.38,90.3408,11.081,0,0,0,311.032,11,1.04627e+06,1.0477e+06,17250,17247
2,3,38,SLH-DSA-SHA2-128s_signed-by_ML-DSA-65,SLH-DSA-SHA2-128s_signed-by_ML-DSA-65,3145.14,90.2904,11.0749,0,0,0,311.032,24,1.04773e+06,1.04712e+06,17250,17247
2,6,38,SLH-DSA-SHA2-128s_signed-by_ML-DSA-65,SLH-DSA-SHA2-128s_signed-by_ML-DSA-65,3144.04,90.3219,11.0787,0,0,0,340.839,14,1.04635e+06,1.04719e+06,17250,17247
2,1,38,SLH-DSA-SHA2-128s_signed-by_ML-DSA-65,SLH-DSA-SHA2-128s_signed-by_ML-DSA-65,3146.13,90.2619,11.0714,0,0,0,340.839,24,1.04644e+06,1.04728e+06,17250,17247
2,7,38,SLH-DSA-SHA2-128s_signed-by_ML-DSA-65,SLH-DSA-SHA2-128s_signed-by_ML-DSA-65,3150.51,90.1366,11.056,0,0,0,311.032,17,1.04523e+06,1.05192e+06,17250,17247
2,2,38,SLH-DSA-SHA2-128s_signed-by_ML-DSA-65,SLH-DSA-SHA2-128s_signed-by_ML-DSA-65,3145.79,90.2717,11.0726,0,0,0,311.032,24,1.04561e+06,1.04681e+06,17250,17247
2,5,38,SLH-DSA-SHA2-128s_signed-by_ML-DSA-65,SLH-DSA-SHA2-128s_signed-by_ML-DSA-65,3149.22,90.1734,11.0605,0,0,0,340.839,11,1.04632e+06,1.04841e+06,17250,17247
2,4,38,SLH-DSA-SHA2-128s_signed-by_ML-DSA-65,SLH-DSA-SHA2-128s_signed-by_ML-DSA-65,3147.84,90.213,11.0654,0,0,0,311.032,24,1.04654e+06,1.05053e+06,17250,17247
2,3,39,SLH-DSA-SHA2-128s_signed-by_ML-DSA-65,SLH-DSA-SHA2-128s_signed-by_ML-DSA-65,3149.26,90.1722,12.6506,0,0,0,562.375,24,1.04675e+06,1.04708e+06,17250,17247
2,8,39,SLH-DSA-SHA2-128s_signed-by_ML-DSA-65,SLH-DSA-SHA2-128s_signed-by_ML-DSA-65,3184.95,89.1618,10.9364,0,0,0,311.032,14,1.04682e+06,1.04713e+06,17250,17247
2,1,39,SLH-DSA-SHA2-128s_signed-by_ML-DSA-65,SLH-DSA-SHA2-128s_signed-by_ML-DSA-65,3147.72,90.2165,11.0658,0,0,0,340.839,24,1.04704e+06,1.04815e+06,17250,17247
2,6,39,SLH-DSA-SHA2-128s_signed-by_ML-DSA-65,SLH-DSA-SHA2-128s_signed-by_ML-DSA-65,3182.32,89.2354,10.9455,0,0,0,340.839,9,1.0471e+06,1.04686e+06,17250,17247
2,2,39,SLH-DSA-SHA2-128s_signed-by_ML-DSA-65,SLH-DSA-SHA2-128s_signed-by_ML-DSA-65,3148.48,90.1945,11.0631,0,0,0,311.032,24,1.04676e+06,1.04785e+06,17250,17247
2,5,39,SLH-DSA-SHA2-128s_signed-by_ML-DSA-65,SLH-DSA-SHA2-128s_signed-by_ML-DSA-65,3147.24,90.2301,11.0675,0,0,0,340.839,9,1.0467e+06,1.04678e+06,17250,17247
2,7,39,SLH-DSA-SHA2-128s_signed-by_ML-DSA-65,SLH-DSA-SHA2-128s_signed-by_ML-DSA-65,3189.18,89.0436,10.9219,0,0,0,311.032,11,1.04607e+06,1.05151e+06,17250,17247
2,4,39,SLH-DSA-SHA2-128s_signed-by_ML-DSA-65,SLH-DSA-SHA2-128s_signed-by_ML-DSA-65,3145.73,90.2735,11.0728,0,0,0,311.032,24,1.04701e+06,1.04727e+06,17250,17247
2,3,40,SLH-DSA-SHA2-128s_signed-by_ML-DSA-65,SLH-DSA-SHA2-128s_signed-by_ML-DSA-65,3145.01,90.2942,11.0753,0,0,0,311.032,24,1.0466e+06,1.04727e+06,17250,17247
2,8,40,SLH-DSA-SHA2-128s_signed-by_ML-DSA-65,SLH-DSA-SHA2-128s_signed-by_ML-DSA-65,3145.09,90.292,11.0751,0,0,0,314.387,11,1.04748e+06,1.04716e+06,17250,17247
2,1,40,SLH-DSA-SHA2-128s_signed-by_ML-DSA-65,SLH-DSA-SHA2-128s_signed-by_ML-DSA-65,3144.62,90.3053,11.0767,0,0,0,340.839,24,1.04688e+06,1.04651e+06,17250,17247
2,6,40,SLH-DSA-SHA2-128s_signed-by_ML-DSA-65,SLH-DSA-SHA2-128s_signed-by_ML-DSA-65,3147.61,90.2196,11.0662,0,0,0,340.839,9,1.04702e+06,1.04982e+06,17250,17247
2,2,40,SLH-DSA-SHA2-128s_signed-by_ML-DSA-65,SLH-DSA-SHA2-128s_signed-by_ML-DSA-65,3144.56,90.307,11.0769,0,0,0,314.387,24,1.04813e+06,1.04833e+06,17250,17247
2,5,40,SLH-DSA-SHA2-128s_signed-by_ML-DSA-65,SLH-DSA-SHA2-128s_signed-by_ML-DSA-65,3147.54,90.2216,11.0664,0,0,0,489.226,13,1.0477e+06,1.04873e+06,17250,17247
2,7,40,SLH-DSA-SHA2-128s_signed-by_ML-DSA-65,SLH-DSA-SHA2-128s_signed-by_ML-DSA-65,3148.25,90.2013,11.0639,0,0,0,311.032,12,1.04637e+06,1.04825e+06,17250,17247
2,4,40,SLH-DSA-SHA2-128s_signed-by_ML-DSA-65,SLH-DSA-SHA2-128s_signed-by_ML-DSA-65,3145.44,90.2817,11.0738,0,0,0,312.581,24,1.04639e+06,1.04832e+06,17250,17247
2,3,41,SLH-DSA-SHA2-128s_signed-by_ML-DSA-65,SLH-DSA-SHA2-128s_signed-by_ML-DSA-65,3148.34,90.1987,11.0636,0,0,0,311.032,24,1.04986e+06,1.05014e+06,17250,17247
2,8,41,SLH-DSA-SHA2-128s_signed-by_ML-DSA-65,SLH-DSA-SHA2-128s_signed-by_ML-DSA-65,3144.87,90.2982,11.0758,0,0,0,311.032,10,1.04771e+06,1.04757e+06,17250,17247
2,1,41,SLH-DSA-SHA2-128s_signed-by_ML-DSA-65,SLH-DSA-SHA2-128s_signed-by_ML-DSA-65,3145.31,90.2856,11.0743,0,0,0,340.839,24,1.04777e+06,1.04748e+06,17250,17247
2,6,41,SLH-DSA-SHA2-128s_signed-by_ML-DSA-65,SLH-DSA-SHA2-128s_signed-by_ML-DSA-65,3144.49,90.3089,11.0771,0,0,0,340.839,14,1.04568e+06,1.04822e+06,17250,17247
2,2,41,SLH-DSA-SHA2-128s_signed-by_ML-DSA-65,SLH-DSA-SHA2-128s_signed-by_ML-DSA-65,3146.92,90.2395,11.0686,0,0,0,311.032,24,1.04687e+06,1.04844e+06,17250,17247
2,5,41,SLH-DSA-SHA2-128s_signed-by_ML-DSA-65,SLH-DSA-SHA2-128s_signed-by_ML-DSA-65,3150.77,90.129,11.0551,0,0,0,340.839,11,1.04833e+06,1.04737e+06,17250,17247
2,7,41,SLH-DSA-SHA2-128s_signed-by_ML-DSA-65,SLH-DSA-SHA2-128s_signed-by_ML-DSA-65,3148.16,90.2038,11.0642,0,0,0,311.032,7,1.04905e+06,1.04848e+06,17250,17247
2,4,41,SLH-DSA-SHA2-128s_signed-by_ML-DSA-65,SLH-DSA-SHA2-128s_signed-by_ML-DSA-65,3154.27,90.0291,11.0428,0,0,0,311.032,24,1.04701e+06,1.04857e+06,17250,17247
2,3,42,SLH-DSA-SHA2-128s_signed-by_ML-DSA-65,SLH-DSA-SHA2-128s_signed-by_ML-DSA-65,3142.95,90.3533,11.0826,0,0,0,311.032,24,1.04666e+06,1.0472e+06,17250,17247
2,8,42,SLH-DSA-SHA2-128s_signed-by_ML-DSA-65,SLH-DSA-SHA2-128s_signed-by_ML-DSA-65,3146.95,90.2386,11.0685,0,0,0,311.032,7,1.04837e+06,1.04763e+06,17250,17247
2,1,42,SLH-DSA-SHA2-128s_signed-by_ML-DSA-65,SLH-DSA-SHA2-128s_signed-by_ML-DSA-65,3148.28,90.2004,11.0638,0,0,0,340.839,24,1.04925e+06,1.05048e+06,17250,17247
2,6,42,SLH-DSA-SHA2-128s_signed-by_ML-DSA-65,SLH-DSA-SHA2-128s_signed-by_ML-DSA-65,3157.88,89.9263,11.0302,0,0,0,340.839,14,1.04641e+06,1.05798e+06,17250,17247
2,2,42,SLH-DSA-SHA2-128s_signed-by_ML-DSA-65,SLH-DSA-SHA2-128s_signed-by_ML-DSA-65,3144.63,90.3052,11.0767,0,0,0,311.032,24,1.04703e+06,1.04743e+06,17250,17247
2,5,42,SLH-DSA-SHA2-128s_signed-by_ML-DSA-65,SLH-DSA-SHA2-128s_signed-by_ML-DSA-65,3151.05,90.121,11.0541,0,0,0,340.839,6,1.04715e+06,1.05253e+06,17250,17247
2,7,42,SLH-DSA-SHA2-128s_signed-by_ML-DSA-65,SLH-DSA-SHA2-128s_signed-by_ML-DSA-65,3227.88,87.9759,10.791,0,0,0,311.677,6,1.04589e+06,1.04757e+06,17250,17247
2,4,42,SLH-DSA-SHA2-128s_signed-by_ML-DSA-65,SLH-DSA-SHA2-128s_signed-by_ML-DSA-65,3146.62,90.2479,11.0696,0,0,0,311.032,24,1.04561e+06,1.04774e+06,17250,17247
2,3,43,SLH-DSA-SHA2-128s_signed-by_ML-DSA-65,SLH-DSA-SHA2-128s_signed-by_ML-DSA-65,3144.74,90.3019,11.0763,0,0,0,311.032,24,1.0499e+06,1.04769e+06,17250,17247
2,8,43,SLH-DSA-SHA2-128s_signed-by_ML-DSA-65,SLH-DSA-SHA2-128s_signed-by_ML-DSA-65,3146.22,90.2595,11.0711,0,0,0,311.032,8,1.04772e+06,1.04737e+06,17250,17247
2,1,43,SLH-DSA-SHA2-128s_signed-by_ML-DSA-65,SLH-DSA-SHA2-128s_signed-by_ML-DSA-65,3143.51,90.3372,11.0806,0,0,0,344.065,24,1.0473e+06,1.04685e+06,17250,17247
2,6,43,SLH-DSA-SHA2-128s_signed-by_ML-DSA-65,SLH-DSA-SHA2-128s_signed-by_ML-DSA-65,3145.7,90.2744,12.6649,0,0,0,695.625,16,1.04757e+06,1.04708e+06,17250,17247
2,2,43,SLH-DSA-SHA2-128s_signed-by_ML-DSA-65,SLH-DSA-SHA2-128s_signed-by_ML-DSA-65,3147.05,90.2357,11.0682,0,0,0,311.032,24,1.04907e+06,1.04797e+06,17250,17247
2,5,43,SLH-DSA-SHA2-128s_signed-by_ML-DSA-65,SLH-DSA-SHA2-128s_signed-by_ML-DSA-65,3150.86,90.1264,11.0547,0,0,0,340.839,9,1.04902e+06,1.05179e+06,17250,17247
2,7,43,SLH-DSA-SHA2-128s_signed-by_ML-DSA-65,SLH-DSA-SHA2-128s_signed-by_ML-DSA-65,3145,90.2945,11.0754,0,0,0,311.032,3,1.04592e+06,1.04695e+06,17250,17247
2,4,43,SLH-DSA-SHA2-128s_signed-by_ML-DSA-65,SLH-DSA-SHA2-128s_signed-by_ML-DSA-65,3145.93,90.2679,11.0721,0,0,0,311.032,24,1.04711e+06,1.04813e+06,17250,17247
2,3,44,SLH-DSA-SHA2-128s_signed-by_ML-DSA-65,SLH-DSA-SHA2-128s_signed-by_ML-DSA-65,3147.77,90.215,11.0656,0,0,0,311.032,24,1.04988e+06,1.04912e+06,17250,17247
2,8,44,SLH-DSA-SHA2-128s_signed-by_ML-DSA-65,SLH-DSA-SHA2-128s_signed-by_ML-DSA-65,3149.92,90.1535,11.0581,0,0,0,311.032,7,1.05055e+06,1.04873e+06,17250,17247
2,1,44,SLH-DSA-SHA2-128s_signed-by_ML-DSA-65,SLH-DSA-SHA2-128s_signed-by_ML-DSA-65,3163.16,89.776,11.0118,0,0,0,340.839,24,1.06657e+06,1.04624e+06,17250,17247
2,6,44,SLH-DSA-SHA2-128s_signed-by_ML-DSA-65,SLH-DSA-SHA2-128s_signed-by_ML-DSA-65,3145.4,90.283,11.074,0,0,0,340.839,14,1.04667e+06,1.04783e+06,17250,17247
2,2,44,SLH-DSA-SHA2-128s_signed-by_ML-DSA-65,SLH-DSA-SHA2-128s_signed-by_ML-DSA-65,3164.8,89.7296,11.0061,0,0,0,311.032,24,1.04811e+06,1.04628e+06,17250,17247
2,5,44,SLH-DSA-SHA2-128s_signed-by_ML-DSA-65,SLH-DSA-SHA2-128s_signed-by_ML-DSA-65,3146.61,90.2481,11.0697,0,0,0,340.839,9,1.04759e+06,1.04715e+06,17250,17247
2,7,44,SLH-DSA-SHA2-128s_signed-by_ML-DSA-65,SLH-DSA-SHA2-128s_signed-by_ML-DSA-65,3145.05,90.2931,11.0752,0,0,0,311.032,10,1.04674e+06,1.04651e+06,17250,17247
2,4,44,SLH-DSA-SHA2-128s_signed-by_ML-DSA-65,SLH-DSA-SHA2-128s_signed-by_ML-DSA-65,3160.02,89.8652,11.0227,0,0,0,311.032,24,1.04765e+06,1.0476e+06,17250,17247
2,3,45,SLH-DSA-SHA2-128s_signed-by_ML-DSA-65,SLH-DSA-SHA2-128s_signed-by_ML-DSA-65,3146.74,90.2444,11.0692,0,0,0,311.032,24,1.04711e+06,1.04889e+06,17250,17247
2,8,45,SLH-DSA-SHA2-128s_signed-by_ML-DSA-65,SLH-DSA-SHA2-128s_signed-by_ML-DSA-65,3148.36,90.1982,11.0636,0,0,0,319.29,4,1.04957e+06,1.04978e+06,17250,17247
2,6,45,SLH-DSA-SHA2-128s_signed-by_ML-DSA-65,SLH-DSA-SHA2-128s_signed-by_ML-DSA-65,3149.47,90.1662,11.0596,0,0,0,340.839,13,1.04756e+06,1.04782e+06,17250,17247
2,1,45,SLH-DSA-SHA2-128s_signed-by_ML-DSA-65,SLH-DSA-SHA2-128s_signed-by_ML-DSA-65,3166.37,89.685,11.0006,0,0,0,340.839,24,1.04715e+06,1.04947e+06,17250,17247
2,2,45,SLH-DSA-SHA2-128s_signed-by_ML-DSA-65,SLH-DSA-SHA2-128s_signed-by_ML-DSA-65,3145.98,90.2663,11.0719,0,0,0,311.161,24,1.04614e+06,1.04714e+06,17250,17247
2,5,45,SLH-DSA-SHA2-128s_signed-by_ML-DSA-65,SLH-DSA-SHA2-128s_signed-by_ML-DSA-65,3148.22,90.2021,11.064,0,0,0,680.194,15,1.04812e+06,1.04818e+06,17250,17247
2,7,45,SLH-DSA-SHA2-128s_signed-by_ML-DSA-65,SLH-DSA-SHA2-128s_signed-by_ML-DSA-65,3148.73,90.1875,11.0622,0,0,0,311.032,13,1.04653e+06,1.04812e+06,17250,17247
2,4,45,SLH-DSA-SHA2-128s_signed-by_ML-DSA-65,SLH-DSA-SHA2-128s_signed-by_ML-DSA-65,3147.74,90.2158,11.0657,0,0,0,735.032,24,1.04716e+06,1.04996e+06,17250,17247
2,3,46,SLH-DSA-SHA2-128s_signed-by_ML-DSA-65,SLH-DSA-SHA2-128s_signed-by_ML-DSA-65,3147.85,90.2127,11.0653,0,0,0,314.387,24,1.04638e+06,1.0479e+06,17250,17247
2,8,46,SLH-DSA-SHA2-128s_signed-by_ML-DSA-65,SLH-DSA-SHA2-128s_signed-by_ML-DSA-65,3148.18,90.2031,11.0642,0,0,0,311.032,5,1.04753e+06,1.04958e+06,17250,17247
2,6,46,SLH-DSA-SHA2-128s_signed-by_ML-DSA-65,SLH-DSA-SHA2-128s_signed-by_ML-DSA-65,3148.03,90.2075,11.0647,0,0,0,340.839,18,1.05251e+06,1.0471e+06,17250,17247
2,1,46,SLH-DSA-SHA2-128s_signed-by_ML-DSA-65,SLH-DSA-SHA2-128s_signed-by_ML-DSA-65,3145.83,90.2707,11.0724,0,0,0,340.839,24,1.04783e+06,1.04723e+06,17250,17247
2,2,46,SLH-DSA-SHA2-128s_signed-by_ML-DSA-65,SLH-DSA-SHA2-128s_signed-by_ML-DSA-65,3148.45,90.1955,11.0632,0.322581,0,0,311.032,24,1.04871e+06,1.04879e+06,17250,17247
2,5,46,SLH-DSA-SHA2-128s_signed-by_ML-DSA-65,SLH-DSA-SHA2-128s_signed-by_ML-DSA-65,3146.26,90.2582,11.0709,0.322581,0,0,340.839,10,1.0486e+06,1.0475e+06,17250,17247
2,7,46,SLH-DSA-SHA2-128s_signed-by_ML-DSA-65,SLH-DSA-SHA2-128s_signed-by_ML-DSA-65,3146.38,90.2549,11.0705,0.322581,0,0,311.032,11,1.04663e+06,1.04829e+06,17250,17247
2,4,46,SLH-DSA-SHA2-128s_signed-by_ML-DSA-65,SLH-DSA-SHA2-128s_signed-by_ML-DSA-65,3145.92,90.268,11.0721,0.322581,0,0,311.032,24,1.05157e+06,1.04814e+06,17250,17247
2,3,47,SLH-DSA-SHA2-128s_signed-by_ML-DSA-65,SLH-DSA-SHA2-128s_signed-by_ML-DSA-65,3146.43,90.2535,11.0703,0.322581,0,0,311.032,24,1.04817e+06,1.0476e+06,17250,17247
2,8,47,SLH-DSA-SHA2-128s_signed-by_ML-DSA-65,SLH-DSA-SHA2-128s_signed-by_ML-DSA-65,3148.99,90.1799,11.0613,0.322581,0,0,311.032,8,1.04714e+06,1.04716e+06,17250,17247
2,6,47,SLH-DSA-SHA2-128s_signed-by_ML-DSA-65,SLH-DSA-SHA2-128s_signed-by_ML-DSA-65,3146.91,90.2395,11.0686,0.322581,0,0,342,17,1.04755e+06,1.0485e+06,17250,17247
2,1,47,SLH-DSA-SHA2-128s_signed-by_ML-DSA-65,SLH-DSA-SHA2-128s_signed-by_ML-DSA-65,3146.66,90.2467,12.7576,0.294118,21,0.617647,296,24,1.04876e+06,1.04703e+06,17250,17247
2,2,47,SLH-DSA-SHA2-128s_signed-by_ML-DSA-65,SLH-DSA-SHA2-128s_signed-by_ML-DSA-65,3144.7,90.3031,11.0764,0,0,0,311.032,24,1.04765e+06,1.04728e+06,17250,17247
2,5,47,SLH-DSA-SHA2-128s_signed-by_ML-DSA-65,SLH-DSA-SHA2-128s_signed-by_ML-DSA-65,3150.07,90.1489,11.0575,0,0,0,340.839,8,1.04977e+06,1.04832e+06,17250,17247
2,7,47,SLH-DSA-SHA2-128s_signed-by_ML-DSA-65,SLH-DSA-SHA2-128s_signed-by_ML-DSA-65,3155.38,89.9974,11.0389,0,0,0,311.032,9,1.04756e+06,1.04783e+06,17250,17247
2,4,47,SLH-DSA-SHA2-128s_signed-by_ML-DSA-65,SLH-DSA-SHA2-128s_signed-by_ML-DSA-65,3147.63,90.219,11.0661,0,0,0,311.032,24,1.12662e+06,1.0497e+06,17250,17247
2,3,48,SLH-DSA-SHA2-128s_signed-by_ML-DSA-65,SLH-DSA-SHA2-128s_signed-by_ML-DSA-65,3145.89,90.269,11.0722,0,0,0,311.032,24,1.04694e+06,1.04873e+06,17250,17247
2,8,48,SLH-DSA-SHA2-128s_signed-by_ML-DSA-65,SLH-DSA-SHA2-128s_signed-by_ML-DSA-65,3148.1,90.2055,11.0645,0,0,0,311.032,7,1.04986e+06,1.05076e+06,17250,17247
2,6,48,SLH-DSA-SHA2-128s_signed-by_ML-DSA-65,SLH-DSA-SHA2-128s_signed-by_ML-DSA-65,3147.05,90.2355,11.0681,0,0,0,340.839,18,1.04722e+06,1.04845e+06,17250,17247
2,1,48,SLH-DSA-SHA2-128s_signed-by_ML-DSA-65,SLH-DSA-SHA2-128s_signed-by_ML-DSA-65,3144.9,90.2973,11.0757,0,0,0,311.032,24,1.04733e+06,1.04909e+06,17250,17247
2,2,48,SLH-DSA-SHA2-128s_signed-by_ML-DSA-65,SLH-DSA-SHA2-128s_signed-by_ML-DSA-65,3149.01,90.1796,11.0613,0,0,0,311.032,24,1.04725e+06,1.04811e+06,17250,17247
2,5,48,SLH-DSA-SHA2-128s_signed-by_ML-DSA-65,SLH-DSA-SHA2-128s_signed-by_ML-DSA-65,3144.22,90.3169,11.0781,0,0,0,340.839,8,1.04744e+06,1.04696e+06,17250,17247
2,7,48,SLH-DSA-SHA2-128s_signed-by_ML-DSA-65,SLH-DSA-SHA2-128s_signed-by_ML-DSA-65,3146.13,90.2621,11.0714,0,0,0,311.032,8,1.04664e+06,1.047e+06,17250,17247
2,4,48,SLH-DSA-SHA2-128s_signed-by_ML-DSA-65,SLH-DSA-SHA2-128s_signed-by_ML-DSA-65,3146.03,90.2647,11.0717,0,0,0,311.032,24,1.04939e+06,1.04759e+06,17250,17247
2,3,49,SLH-DSA-SHA2-128s_signed-by_ML-DSA-65,SLH-DSA-SHA2-128s_signed-by_ML-DSA-65,3148.16,90.2039,11.0643,0,0,0,311.032,24,1.04995e+06,1.0478e+06,17250,17247
2,8,49,SLH-DSA-SHA2-128s_signed-by_ML-DSA-65,SLH-DSA-SHA2-128s_signed-by_ML-DSA-65,3144.94,90.296,11.0756,0,0,0,311.032,5,1.04619e+06,1.04694e+06,17250,17247
2,6,49,SLH-DSA-SHA2-128s_signed-by_ML-DSA-65,SLH-DSA-SHA2-128s_signed-by_ML-DSA-65,3148.76,90.1866,11.0621,0,0,0,340.839,15,1.04632e+06,1.0474e+06,17250,17247
2,1,49,SLH-DSA-SHA2-128s_signed-by_ML-DSA-65,SLH-DSA-SHA2-128s_signed-by_ML-DSA-65,3148.34,90.1986,11.0636,0,0,0,311.032,24,1.04612e+06,1.04974e+06,17250,17247
2,2,49,SLH-DSA-SHA2-128s_signed-by_ML-DSA-65,SLH-DSA-SHA2-128s_signed-by_ML-DSA-65,3149.94,90.1529,11.058,0,0,0,311.032,24,1.04896e+06,1.0478e+06,17250,17247
2,5,49,SLH-DSA-SHA2-128s_signed-by_ML-DSA-65,SLH-DSA-SHA2-128s_signed-by_ML-DSA-65,3150.47,90.1377,11.0561,0,0,0,340.839,9,1.04802e+06,1.04981e+06,17250,17247
2,7,49,SLH-DSA-SHA2-128s_signed-by_ML-DSA-65,SLH-DSA-SHA2-128s_signed-by_ML-DSA-65,3147.9,90.2114,11.0652,0,0,0,311.677,9,1.04693e+06,1.04762e+06,17250,17247
2,4,49,SLH-DSA-SHA2-128s_signed-by_ML-DSA-65,SLH-DSA-SHA2-128s_signed-by_ML-DSA-65,3143.05,90.3503,11.0822,0,0,0,311.032,24,1.0463e+06,1.04728e+06,17250,17247
2,3,50,SLH-DSA-SHA2-128s_signed-by_ML-DSA-65,SLH-DSA-SHA2-128s_signed-by_ML-DSA-65,3147.98,90.2089,11.0649,1,0,0,311.032,24,1.04727e+06,1.04955e+06,17250,17247
2,8,50,SLH-DSA-SHA2-128s_signed-by_ML-DSA-65,SLH-DSA-SHA2-128s_signed-by_ML-DSA-65,3144.93,90.2965,11.0756,1,0,0,314.387,4,1.04783e+06,1.04776e+06,17250,17247
2,6,50,SLH-DSA-SHA2-128s_signed-by_ML-DSA-65,SLH-DSA-SHA2-128s_signed-by_ML-DSA-65,3149.37,90.1693,11.06,1,0,0,340.839,14,1.04797e+06,1.04942e+06,17250,17247
2,1,50,SLH-DSA-SHA2-128s_signed-by_ML-DSA-65,SLH-DSA-SHA2-128s_signed-by_ML-DSA-65,3144.9,90.2972,12.8971,1,1,0.030303,660.545,24,1.04674e+06,1.04803e+06,17250,17247
2,2,50,SLH-DSA-SHA2-128s_signed-by_ML-DSA-65,SLH-DSA-SHA2-128s_signed-by_ML-DSA-65,3157.64,89.9329,13.5139,1,22,0.5,487.636,24,1.05301e+06,1.04857e+06,17250,17247
2,5,50,SLH-DSA-SHA2-128s_signed-by_ML-DSA-65,SLH-DSA-SHA2-128s_signed-by_ML-DSA-65,3149.85,90.1554,11.0583,1,0,0,539.032,14,1.04702e+06,1.04828e+06,17250,17247
2,7,50,SLH-DSA-SHA2-128s_signed-by_ML-DSA-65,SLH-DSA-SHA2-128s_signed-by_ML-DSA-65,3145.01,90.2941,11.3043,1,1,0.03125,303,14,1.04774e+06,1.04699e+06,17250,17247
2,4,50,SLH-DSA-SHA2-128s_signed-by_ML-DSA-65,SLH-DSA-SHA2-128s_signed-by_ML-DSA-65,3154.93,90.0103,17.679,1,91,2.21951,481.805,24,1.04725e+06,1.04785e+06,17250,17247
2,3,51,SLH-DSA-SHA2-128s_signed-by_ML-DSA-65,SLH-DSA-SHA2-128s_signed-by_ML-DSA-65,3147.99,90.2086,11.0648,0,0,0,311.032,24,1.04659e+06,1.0508e+06,17250,17247
2,8,51,SLH-DSA-SHA2-128s_signed-by_ML-DSA-65,SLH-DSA-SHA2-128s_signed-by_ML-DSA-65,3145.2,90.2887,11.0746,0,0,0,311.032,6,1.04635e+06,1.04689e+06,17250,17247
2,6,51,SLH-DSA-SHA2-128s_signed-by_ML-DSA-65,SLH-DSA-SHA2-128s_signed-by_ML-DSA-65,3148.6,90.1913,11.0627,0,0,0,344.065,15,1.04962e+06,1.0507e+06,17250,17247
2,1,51,SLH-DSA-SHA2-128s_signed-by_ML-DSA-65,SLH-DSA-SHA2-128s_signed-by_ML-DSA-65,3147.75,90.2156,11.0657,0,0,0,311.032,24,1.04593e+06,1.04907e+06,17250,17247
2,2,51,SLH-DSA-SHA2-128s_signed-by_ML-DSA-65,SLH-DSA-SHA2-128s_signed-by_ML-DSA-65,3148.91,90.1823,11.0616,0,0,0,311.032,24,1.04737e+06,1.04741e+06,17250,17247
2,5,51,SLH-DSA-SHA2-128s_signed-by_ML-DSA-65,SLH-DSA-SHA2-128s_signed-by_ML-DSA-65,3149.11,90.1765,11.0609,0,0,0,340.839,17,1.04731e+06,1.04831e+06,17250,17247
2,7,51,SLH-DSA-SHA2-128s_signed-by_ML-DSA-65,SLH-DSA-SHA2-128s_signed-by_ML-DSA-65,3147.32,90.2277,11.0672,0,0,0,311.032,12,1.04796e+06,1.0487e+06,17250,17247
2,4,51,SLH-DSA-SHA2-128s_signed-by_ML-DSA-65,SLH-DSA-SHA2-128s_signed-by_ML-DSA-65,3156.21,89.9738,11.036,0.0322581,0,0,377.871,24,1.04711e+06,1.048e+06,17250,17247
2,3,52,SLH-DSA-SHA2-128s_signed-by_ML-DSA-65,SLH-DSA-SHA2-128s_signed-by_ML-DSA-65,3146.26,90.2582,11.0709,0.193548,0,0,311.032,24,1.04681e+06,1.04751e+06,17250,17247
2,8,52,SLH-DSA-SHA2-128s_signed-by_ML-DSA-65,SLH-DSA-SHA2-128s_signed-by_ML-DSA-65,3149.37,90.1693,11.06,0.193548,0,0,311.032,8,1.04648e+06,1.04848e+06,17250,17247
2,6,52,SLH-DSA-SHA2-128s_signed-by_ML-DSA-65,SLH-DSA-SHA2-128s_signed-by_ML-DSA-65,3150.08,90.1489,11.2861,0.1875,1,0.03125,332,15,1.04729e+06,1.04735e+06,17250,17247
2,1,52,SLH-DSA-SHA2-128s_signed-by_ML-DSA-65,SLH-DSA-SHA2-128s_signed-by_ML-DSA-65,3150.3,90.1425,11.0923,0.1875,0,0,302.375,24,1.04662e+06,1.0486e+06,17250,17247
2,2,52,SLH-DSA-SHA2-128s_signed-by_ML-DSA-65,SLH-DSA-SHA2-128s_signed-by_ML-DSA-65,3160.3,89.8572,12.2216,0.162162,11,0.297297,277.568,24,1.04686e+06,1.04836e+06,17250,17247
2,5,52,SLH-DSA-SHA2-128s_signed-by_ML-DSA-65,SLH-DSA-SHA2-128s_signed-by_ML-DSA-65,3144.13,90.3193,11.0784,0.193548,0,0,340.839,17,1.04617e+06,1.0476e+06,17250,17247
2,7,52,SLH-DSA-SHA2-128s_signed-by_ML-DSA-65,SLH-DSA-SHA2-128s_signed-by_ML-DSA-65,3150.76,90.1292,11.0551,0.193548,0,0,311.032,9,1.0485e+06,1.0493e+06,17250,17247
2,4,52,SLH-DSA-SHA2-128s_signed-by_ML-DSA-65,SLH-DSA-SHA2-128s_signed-by_ML-DSA-65,3146.3,90.257,11.1521,0.15625,0,0,471.75,24,1.04661e+06,1.04787e+06,17250,17247
2,3,53,SLH-DSA-SHA2-128s_signed-by_ML-DSA-65,SLH-DSA-SHA2-128s_signed-by_ML-DSA-65,3146.13,90.262,11.0714,0,0,0,314.387,24,1.04628e+06,1.04764e+06,17250,17247
2,8,53,SLH-DSA-SHA2-128s_signed-by_ML-DSA-65,SLH-DSA-SHA2-128s_signed-by_ML-DSA-65,3143.88,90.3266,11.0793,0,0,0,311.032,12,1.04718e+06,1.0468e+06,17250,17247
2,6,53,SLH-DSA-SHA2-128s_signed-by_ML-DSA-65,SLH-DSA-SHA2-128s_signed-by_ML-DSA-65,3144.88,90.2979,11.0758,0,0,0,340.839,17,1.04854e+06,1.0471e+06,17250,17247
2,1,53,SLH-DSA-SHA2-128s_signed-by_ML-DSA-65,SLH-DSA-SHA2-128s_signed-by_ML-DSA-65,3147.64,90.2188,11.0661,0,0,0,311.032,24,1.04763e+06,1.04967e+06,17250,17247
2,2,53,SLH-DSA-SHA2-128s_signed-by_ML-DSA-65,SLH-DSA-SHA2-128s_signed-by_ML-DSA-65,3146.53,90.2504,11.07,0,0,0,311.032,24,1.04789e+06,1.04769e+06,17250,17247
2,5,53,SLH-DSA-SHA2-128s_signed-by_ML-DSA-65,SLH-DSA-SHA2-128s_signed-by_ML-DSA-65,3147.99,90.2086,11.0648,0,0,0,340.839,16,1.04608e+06,1.04836e+06,17250,17247
2,7,53,SLH-DSA-SHA2-128s_signed-by_ML-DSA-65,SLH-DSA-SHA2-128s_signed-by_ML-DSA-65,3153.24,90.0585,11.0464,0,0,0,311.032,14,1.04622e+06,1.04801e+06,17250,17247
2,4,53,SLH-DSA-SHA2-128s_signed-by_ML-DSA-65,SLH-DSA-SHA2-128s_signed-by_ML-DSA-65,3150.59,90.1342,11.0557,0,0,0,377.871,24,1.04826e+06,1.04854e+06,17250,17247
2,3,54,SLH-DSA-SHA2-128s_signed-by_ML-DSA-65,SLH-DSA-SHA2-128s_signed-by_ML-DSA-65,3146.88,90.2405,11.2975,0.03125,1,0.03125,303,24,1.04629e+06,1.04773e+06,17250,17247
2,8,54,SLH-DSA-SHA2-128s_signed-by_ML-DSA-65,SLH-DSA-SHA2-128s_signed-by_ML-DSA-65,3143.82,90.3282,11.0795,0.0322581,0,0,311.29,12,1.04698e+06,1.04601e+06,17250,17247
2,6,54,SLH-DSA-SHA2-128s_signed-by_ML-DSA-65,SLH-DSA-SHA2-128s_signed-by_ML-DSA-65,3145.09,90.2919,11.075,0.0322581,0,0,340.839,19,1.0482e+06,1.04759e+06,17250,17247
2,1,54,SLH-DSA-SHA2-128s_signed-by_ML-DSA-65,SLH-DSA-SHA2-128s_signed-by_ML-DSA-65,3146.51,90.2512,11.0701,0.0322581,0,0,311.032,24,1.04955e+06,1.04891e+06,17250,17247
2,2,54,SLH-DSA-SHA2-128s_signed-by_ML-DSA-65,SLH-DSA-SHA2-128s_signed-by_ML-DSA-65,3149.25,90.1726,11.0604,0.0322581,0,0,311.032,24,1.04928e+06,1.0501e+06,17250,17247
2,5,54,SLH-DSA-SHA2-128s_signed-by_ML-DSA-65,SLH-DSA-SHA2-128s_signed-by_ML-DSA-65,3147.01,90.2367,11.1039,0.03125,0,0,660,14,1.0478e+06,1.04759e+06,17250,17247
2,7,54,SLH-DSA-SHA2-128s_signed-by_ML-DSA-65,SLH-DSA-SHA2-128s_signed-by_ML-DSA-65,3145.34,90.2845,11.0741,0.0322581,0,0,311.032,19,1.04751e+06,1.04702e+06,17250,17247
2,4,54,SLH-DSA-SHA2-128s_signed-by_ML-DSA-65,SLH-DSA-SHA2-128s_signed-by_ML-DSA-65,3156.17,89.9749,11.0362,0.0322581,0,0,377.871,24,1.04651e+06,1.04872e+06,17250,17247
2,8,55,SLH-DSA-SHA2-128s_signed-by_ML-DSA-65,SLH-DSA-SHA2-128s_signed-by_ML-DSA-65,3147.56,90.221,11.0663,0,0,0,311.032,14,1.04819e+06,1.04841e+06,17250,17247
2,3,55,SLH-DSA-SHA2-128s_signed-by_ML-DSA-65,SLH-DSA-SHA2-128s_signed-by_ML-DSA-65,3154.03,90.0358,11.0436,0,0,0,311.032,24,1.04769e+06,1.05567e+06,17250,17247
2,6,55,SLH-DSA-SHA2-128s_signed-by_ML-DSA-65,SLH-DSA-SHA2-128s_signed-by_ML-DSA-65,3146.64,90.2472,11.0696,0,0,0,340.839,14,1.04713e+06,1.04731e+06,17250,17247
2,1,55,SLH-DSA-SHA2-128s_signed-by_ML-DSA-65,SLH-DSA-SHA2-128s_signed-by_ML-DSA-65,3148.23,90.2019,11.064,0,0,0,311.032,24,1.04628e+06,1.05145e+06,17250,17247
2,2,55,SLH-DSA-SHA2-128s_signed-by_ML-DSA-65,SLH-DSA-SHA2-128s_signed-by_ML-DSA-65,3150.82,90.1275,11.0549,0,0,0,311.161,24,1.05473e+06,1.04977e+06,17250,17247
2,5,55,SLH-DSA-SHA2-128s_signed-by_ML-DSA-65,SLH-DSA-SHA2-128s_signed-by_ML-DSA-65,3150.03,90.1502,11.0577,0,0,0,340.839,10,1.04724e+06,1.04779e+06,17250,17247
2,7,55,SLH-DSA-SHA2-128s_signed-by_ML-DSA-65,SLH-DSA-SHA2-128s_signed-by_ML-DSA-65,3146.79,90.2432,11.0691,0,0,0,311.032,16,1.04792e+06,1.04786e+06,17250,17247
2,4,55,SLH-DSA-SHA2-128s_signed-by_ML-DSA-65,SLH-DSA-SHA2-128s_signed-by_ML-DSA-65,3144.33,90.3137,11.0777,0,0,0,377.871,24,1.04857e+06,1.04695e+06,17250,17247
2,8,56,SLH-DSA-SHA2-128s_signed-by_ML-DSA-65,SLH-DSA-SHA2-128s_signed-by_ML-DSA-65,3146.07,90.2636,11.0716,0,0,0,311.032,16,1.0459e+06,1.04779e+06,17250,17247
2,3,56,SLH-DSA-SHA2-128s_signed-by_ML-DSA-65,SLH-DSA-SHA2-128s_signed-by_ML-DSA-65,3147.41,90.2252,11.0669,0,0,0,311.032,24,1.04856e+06,1.04695e+06,17250,17247
2,6,56,SLH-DSA-SHA2-128s_signed-by_ML-DSA-65,SLH-DSA-SHA2-128s_signed-by_ML-DSA-65,3148.75,90.187,11.0622,0,0,0,340.839,13,1.04667e+06,1.04792e+06,17250,17247
2,1,56,SLH-DSA-SHA2-128s_signed-by_ML-DSA-65,SLH-DSA-SHA2-128s_signed-by_ML-DSA-65,3145.28,90.2864,11.0744,0,0,0,311.032,24,1.04746e+06,1.04619e+06,17250,17247
2,2,56,SLH-DSA-SHA2-128s_signed-by_ML-DSA-65,SLH-DSA-SHA2-128s_signed-by_ML-DSA-65,3147.04,90.2358,11.0682,0,0,0,311.032,24,1.04717e+06,1.04746e+06,17250,17247
2,5,56,SLH-DSA-SHA2-128s_signed-by_ML-DSA-65,SLH-DSA-SHA2-128s_signed-by_ML-DSA-65,3149.14,90.1757,11.0608,0,0,0,340.839,9,1.0513e+06,1.04695e+06,17250,17247
2,7,56,SLH-DSA-SHA2-128s_signed-by_ML-DSA-65,SLH-DSA-SHA2-128s_signed-by_ML-DSA-65,3145.86,90.2698,11.0723,0,0,0,367.806,13,1.04714e+06,1.04765e+06,17250,17247
2,4,56,SLH-DSA-SHA2-128s_signed-by_ML-DSA-65,SLH-DSA-SHA2-128s_signed-by_ML-DSA-65,3147.2,90.2313,11.0676,0,0,0,377.871,24,1.04689e+06,1.0472e+06,17250,17247
2,8,57,SLH-DSA-SHA2-128s_signed-by_ML-DSA-65,SLH-DSA-SHA2-128s_signed-by_ML-DSA-65,3145.1,90.2917,11.075,0.129032,0,0,311.032,15,1.04734e+06,1.04801e+06,17250,17247
2,6,57,SLH-DSA-SHA2-128s_signed-by_ML-DSA-65,SLH-DSA-SHA2-128s_signed-by_ML-DSA-65,3144.49,90.309,11.0771,0.129032,0,0,340.839,15,1.04684e+06,1.04696e+06,17250,17247
2,1,57,SLH-DSA-SHA2-128s_signed-by_ML-DSA-65,SLH-DSA-SHA2-128s_signed-by_ML-DSA-65,3147.75,90.2155,11.0657,0.129032,0,0,314.387,24,1.05222e+06,1.04765e+06,17250,17247
2,3,57,SLH-DSA-SHA2-128s_signed-by_ML-DSA-65,SLH-DSA-SHA2-128s_signed-by_ML-DSA-65,3224.08,88.0796,10.8037,0.129032,0,0,311.032,24,1.04681e+06,1.04698e+06,17250,17247
2,2,57,SLH-DSA-SHA2-128s_signed-by_ML-DSA-65,SLH-DSA-SHA2-128s_signed-by_ML-DSA-65,3149.49,90.1656,11.1408,0.125,0,0,302.5,24,1.0479e+06,1.04895e+06,17250,17247
2,5,57,SLH-DSA-SHA2-128s_signed-by_ML-DSA-65,SLH-DSA-SHA2-128s_signed-by_ML-DSA-65,3146.91,90.2395,11.0686,0.129032,0,0,340.839,9,1.0481e+06,1.04746e+06,17250,17247
2,7,57,SLH-DSA-SHA2-128s_signed-by_ML-DSA-65,SLH-DSA-SHA2-128s_signed-by_ML-DSA-65,3149.65,90.1612,11.059,1,0,0,311.032,13,1.04769e+06,1.05325e+06,17250,17247
2,4,57,SLH-DSA-SHA2-128s_signed-by_ML-DSA-65,SLH-DSA-SHA2-128s_signed-by_ML-DSA-65,3148.02,90.2078,12.9453,1,9,0.264706,359.412,24,1.04805e+06,1.04862e+06,17250,17247
2,8,58,SLH-DSA-SHA2-128s_signed-by_ML-DSA-65,SLH-DSA-SHA2-128s_signed-by_ML-DSA-65,3155.3,89.9997,11.2674,1,1,0.03125,303,19,1.0471e+06,1.04734e+06,17250,17247
2,6,58,SLH-DSA-SHA2-128s_signed-by_ML-DSA-65,SLH-DSA-SHA2-128s_signed-by_ML-DSA-65,3146.06,90.2641,11.0716,1,0,0,345.226,16,1.04591e+06,1.04779e+06,17250,17247
2,3,58,SLH-DSA-SHA2-128s_signed-by_ML-DSA-65,SLH-DSA-SHA2-128s_signed-by_ML-DSA-65,3150.19,90.1456,11.1384,1,0,0,302.5,24,1.04881e+06,1.04843e+06,17250,17247
2,1,58,SLH-DSA-SHA2-128s_signed-by_ML-DSA-65,SLH-DSA-SHA2-128s_signed-by_ML-DSA-65,3157.81,89.9281,12.2313,0.945946,11,0.297297,276.486,24,1.04811e+06,1.04767e+06,17250,17247
2,2,58,SLH-DSA-SHA2-128s_signed-by_ML-DSA-65,SLH-DSA-SHA2-128s_signed-by_ML-DSA-65,3148.79,90.1856,13.186,0.945946,9,0.243243,279.946,24,1.04658e+06,1.04714e+06,17250,17247
2,5,58,SLH-DSA-SHA2-128s_signed-by_ML-DSA-65,SLH-DSA-SHA2-128s_signed-by_ML-DSA-65,3154.79,90.0143,14.2767,0.921053,47,1.23684,413.789,13,1.0475e+06,1.04842e+06,17250,17247
2,7,58,SLH-DSA-SHA2-128s_signed-by_ML-DSA-65,SLH-DSA-SHA2-128s_signed-by_ML-DSA-65,3145.16,90.2897,11.0748,0.258065,0,0,311.032,11,1.04689e+06,1.04754e+06,17250,17247
2,4,58,SLH-DSA-SHA2-128s_signed-by_ML-DSA-65,SLH-DSA-SHA2-128s_signed-by_ML-DSA-65,3147.62,90.2192,11.5236,0.0909091,2,0.0606061,358.485,24,1.04869e+06,1.04856e+06,17250,17247
2,8,59,SLH-DSA-SHA2-128s_signed-by_ML-DSA-65,SLH-DSA-SHA2-128s_signed-by_ML-DSA-65,3146.37,90.2552,11.0705,0,0,0,314.387,15,1.04735e+06,1.0478e+06,17250,17247
2,6,59,SLH-DSA-SHA2-128s_signed-by_ML-DSA-65,SLH-DSA-SHA2-128s_signed-by_ML-DSA-65,3151.7,90.1025,11.0518,0,0,0,340.839,10,1.0471e+06,1.05295e+06,17250,17247
2,3,59,SLH-DSA-SHA2-128s_signed-by_ML-DSA-65,SLH-DSA-SHA2-128s_signed-by_ML-DSA-65,3143.31,90.343,11.0813,0,0,0,311.032,24,1.05419e+06,1.04641e+06,17250,17247
2,1,59,SLH-DSA-SHA2-128s_signed-by_ML-DSA-65,SLH-DSA-SHA2-128s_signed-by_ML-DSA-65,3144.63,90.3051,11.0767,0,0,0,311.032,24,1.05452e+06,1.04739e+06,17250,17247
2,2,59,SLH-DSA-SHA2-128s_signed-by_ML-DSA-65,SLH-DSA-SHA2-128s_signed-by_ML-DSA-65,3146.19,90.2604,11.0712,0,0,0,311.032,24,1.04901e+06,1.04737e+06,17250,17247
2,5,59,SLH-DSA-SHA2-128s_signed-by_ML-DSA-65,SLH-DSA-SHA2-128s_signed-by_ML-DSA-65,3150.14,90.1471,11.0573,0,0,0,539.032,13,1.04815e+06,1.04796e+06,17250,17247
2,7,59,SLH-DSA-SHA2-128s_signed-by_ML-DSA-65,SLH-DSA-SHA2-128s_signed-by_ML-DSA-65,3146,90.2658,11.0718,0,0,0,311.032,12,1.04709e+06,1.04864e+06,17250,17247
2,4,59,SLH-DSA-SHA2-128s_signed-by_ML-DSA-65,SLH-DSA-SHA2-128s_signed-by_ML-DSA-65,3145.4,90.2829,11.0739,0,0,0,377.871,24,1.04888e+06,1.04737e+06,17250,17247
2,8,60,SLH-DSA-SHA2-128s_signed-by_ML-DSA-65,SLH-DSA-SHA2-128s_signed-by_ML-DSA-65,3148.51,90.1938,11.063,0,0,0,311.032,13,1.08527e+06,1.05184e+06,17250,17247
2,6,60,SLH-DSA-SHA2-128s_signed-by_ML-DSA-65,SLH-DSA-SHA2-128s_signed-by_ML-DSA-65,3149.18,90.1747,11.0607,0,0,0,340.839,9,1.04706e+06,1.0509e+06,17250,17247
2,3,60,SLH-DSA-SHA2-128s_signed-by_ML-DSA-65,SLH-DSA-SHA2-128s_signed-by_ML-DSA-65,3145.38,90.2834,11.074,0,0,0,314.387,24,1.05234e+06,1.04745e+06,17250,17247
2,1,60,SLH-DSA-SHA2-128s_signed-by_ML-DSA-65,SLH-DSA-SHA2-128s_signed-by_ML-DSA-65,3145.12,90.2911,11.0749,0,0,0,311.032,24,1.04744e+06,1.04734e+06,17250,17247
2,5,60,SLH-DSA-SHA2-128s_signed-by_ML-DSA-65,SLH-DSA-SHA2-128s_signed-by_ML-DSA-65,3146.47,90.2522,11.0702,0,0,0,340.839,14,1.04962e+06,1.04832e+06,17250,17247
2,2,60,SLH-DSA-SHA2-128s_signed-by_ML-DSA-65,SLH-DSA-SHA2-128s_signed-by_ML-DSA-65,3185.84,89.1369,10.9334,0,0,0,314.387,24,1.04638e+06,1.08714e+06,17250,17247
2,7,60,SLH-DSA-SHA2-128s_signed-by_ML-DSA-65,SLH-DSA-SHA2-128s_signed-by_ML-DSA-65,3146.19,90.2602,11.0712,0,0,0,311.032,11,1.04636e+06,1.04814e+06,17250,17247
2,4,60,SLH-DSA-SHA2-128s_signed-by_ML-DSA-65,SLH-DSA-SHA2-128s_signed-by_ML-DSA-65,3147.97,90.2092,11.0649,0,0,0,377.871,24,1.04768e+06,1.0472e+06,17250,17247
2,8,61,SLH-DSA-SHA2-128s_signed-by_ML-DSA-65,SLH-DSA-SHA2-128s_signed-by_ML-DSA-65,3148.78,90.186,11.0621,0,0,0,311.032,14,1.04798e+06,1.04737e+06,17250,17247
2,3,61,SLH-DSA-SHA2-128s_signed-by_ML-DSA-65,SLH-DSA-SHA2-128s_signed-by_ML-DSA-65,3146.87,90.2407,11.0688,0,0,0,311.032,24,1.04781e+06,1.04763e+06,17250,17247
2,6,61,SLH-DSA-SHA2-128s_signed-by_ML-DSA-65,SLH-DSA-SHA2-128s_signed-by_ML-DSA-65,3257.6,87.1733,10.6925,0,0,0,340.839,5,1.04735e+06,1.04759e+06,17250,17247
2,1,61,SLH-DSA-SHA2-128s_signed-by_ML-DSA-65,SLH-DSA-SHA2-128s_signed-by_ML-DSA-65,3254.89,87.246,10.7014,0,0,0,311.032,24,1.05455e+06,1.04737e+06,17250,17247
2,2,61,SLH-DSA-SHA2-128s_signed-by_ML-DSA-65,SLH-DSA-SHA2-128s_signed-by_ML-DSA-65,3149.01,90.1795,11.0613,0,0,0,311.032,24,1.04973e+06,1.04863e+06,17250,17247
2,5,61,SLH-DSA-SHA2-128s_signed-by_ML-DSA-65,SLH-DSA-SHA2-128s_signed-by_ML-DSA-65,3227.41,87.9887,10.7925,0,0,0,340.839,14,1.05047e+06,1.04797e+06,17250,17247
2,7,61,SLH-DSA-SHA2-128s_signed-by_ML-DSA-65,SLH-DSA-SHA2-128s_signed-by_ML-DSA-65,3303,85.9751,10.5456,0,0,0,311.032,14,1.05007e+06,1.12542e+06,17250,17247
2,4,61,SLH-DSA-SHA2-128s_signed-by_ML-DSA-65,SLH-DSA-SHA2-128s_signed-by_ML-DSA-65,3144.75,90.3017,11.0763,0,0,0,381.097,24,1.04699e+06,1.04676e+06,17250,17247
2,8,62,SLH-DSA-SHA2-128s_signed-by_ML-DSA-65,SLH-DSA-SHA2-128s_signed-by_ML-DSA-65,3146.01,90.2654,11.0718,0,0,0,311.032,15,1.04712e+06,1.04871e+06,17250,17247
2,3,62,SLH-DSA-SHA2-128s_signed-by_ML-DSA-65,SLH-DSA-SHA2-128s_signed-by_ML-DSA-65,3143.99,90.3233,11.0789,0,0,0,311.032,24,1.04631e+06,1.04694e+06,17250,17247
2,6,62,SLH-DSA-SHA2-128s_signed-by_ML-DSA-65,SLH-DSA-SHA2-128s_signed-by_ML-DSA-65,3144.46,90.3098,11.0772,0,0,0,340.839,8,1.04712e+06,1.04757e+06,17250,17247
2,1,62,SLH-DSA-SHA2-128s_signed-by_ML-DSA-65,SLH-DSA-SHA2-128s_signed-by_ML-DSA-65,3153.77,90.0435,11.0446,0,0,0,311.032,24,1.05009e+06,1.05058e+06,17250,17247
2,2,62,SLH-DSA-SHA2-128s_signed-by_ML-DSA-65,SLH-DSA-SHA2-128s_signed-by_ML-DSA-65,3144.47,90.3097,11.0772,0,0,0,311.032,24,1.04694e+06,1.04713e+06,17250,17247
2,5,62,SLH-DSA-SHA2-128s_signed-by_ML-DSA-65,SLH-DSA-SHA2-128s_signed-by_ML-DSA-65,3149.41,90.1681,11.0599,0,0,0,340.839,8,1.04716e+06,1.05105e+06,17250,17247
2,7,62,SLH-DSA-SHA2-128s_signed-by_ML-DSA-65,SLH-DSA-SHA2-128s_signed-by_ML-DSA-65,3145.75,90.2728,11.0727,0,0,0,311.032,11,1.04638e+06,1.04776e+06,17250,17247
2,4,62,SLH-DSA-SHA2-128s_signed-by_ML-DSA-65,SLH-DSA-SHA2-128s_signed-by_ML-DSA-65,3147.52,90.2221,11.0665,0,0,0,377.871,24,1.04967e+06,1.04713e+06,17250,17247
2,8,63,SLH-DSA-SHA2-128s_signed-by_ML-DSA-65,SLH-DSA-SHA2-128s_signed-by_ML-DSA-65,3144.78,90.3007,11.0761,0,0,0,311.032,15,1.04574e+06,1.04749e+06,17250,17247
2,3,63,SLH-DSA-SHA2-128s_signed-by_ML-DSA-65,SLH-DSA-SHA2-128s_signed-by_ML-DSA-65,3144.71,90.3028,11.0764,0,0,0,311.032,24,1.04598e+06,1.04703e+06,17250,17247
2,6,63,SLH-DSA-SHA2-128s_signed-by_ML-DSA-65,SLH-DSA-SHA2-128s_signed-by_ML-DSA-65,3149.85,90.1553,11.0583,0,0,0,340.839,3,1.04687e+06,1.05224e+06,17250,17247
2,1,63,SLH-DSA-SHA2-128s_signed-by_ML-DSA-65,SLH-DSA-SHA2-128s_signed-by_ML-DSA-65,3144.11,90.3199,11.0785,0,0,0,311.032,24,1.04611e+06,1.04673e+06,17250,17247
2,2,63,SLH-DSA-SHA2-128s_signed-by_ML-DSA-65,SLH-DSA-SHA2-128s_signed-by_ML-DSA-65,3145.2,90.2887,11.0747,0,0,0,311.032,24,1.05247e+06,1.04848e+06,17250,17247
2,5,63,SLH-DSA-SHA2-128s_signed-by_ML-DSA-65,SLH-DSA-SHA2-128s_signed-by_ML-DSA-65,3143.19,90.3465,11.0817,0,0,0,340.71,7,1.0477e+06,1.04746e+06,17250,17247
2,7,63,SLH-DSA-SHA2-128s_signed-by_ML-DSA-65,SLH-DSA-SHA2-128s_signed-by_ML-DSA-65,3144.43,90.3108,11.0774,0,0,0,311.032,7,1.04684e+06,1.04708e+06,17250,17247
2,4,63,SLH-DSA-SHA2-128s_signed-by_ML-DSA-65,SLH-DSA-SHA2-128s_signed-by_ML-DSA-65,3145.18,90.2892,11.0747,0,0,0,377.871,24,1.04674e+06,1.04802e+06,17250,17247
2,8,64,SLH-DSA-SHA2-128s_signed-by_ML-DSA-65,SLH-DSA-SHA2-128s_signed-by_ML-DSA-65,3147.28,90.229,11.0673,0,0,0,311.032,14,1.04811e+06,1.04861e+06,17250,17247
2,3,64,SLH-DSA-SHA2-128s_signed-by_ML-DSA-65,SLH-DSA-SHA2-128s_signed-by_ML-DSA-65,3147.95,90.2099,11.065,0,0,0,311.032,24,1.0479e+06,1.04996e+06,17250,17247
2,6,64,SLH-DSA-SHA2-128s_signed-by_ML-DSA-65,SLH-DSA-SHA2-128s_signed-by_ML-DSA-65,3145.43,90.2819,11.0738,0,0,0,340.839,8,1.0499e+06,1.04642e+06,17250,17247
2,1,64,SLH-DSA-SHA2-128s_signed-by_ML-DSA-65,SLH-DSA-SHA2-128s_signed-by_ML-DSA-65,3151.2,90.1167,11.0536,0,0,0,311.032,24,1.04745e+06,1.04856e+06,17250,17247
2,2,64,SLH-DSA-SHA2-128s_signed-by_ML-DSA-65,SLH-DSA-SHA2-128s_signed-by_ML-DSA-65,3147.6,90.2199,11.0662,0,0,0,311.161,24,1.04788e+06,1.04629e+06,17250,17247
2,5,64,SLH-DSA-SHA2-128s_signed-by_ML-DSA-65,SLH-DSA-SHA2-128s_signed-by_ML-DSA-65,3148.92,90.1821,11.0616,0,0,0,340.839,13,1.04718e+06,1.04857e+06,17250,17247
2,7,64,SLH-DSA-SHA2-128s_signed-by_ML-DSA-65,SLH-DSA-SHA2-128s_signed-by_ML-DSA-65,3150.46,90.138,11.0562,0,0,0,311.677,11,1.04739e+06,1.04963e+06,17250,17247
2,4,64,SLH-DSA-SHA2-128s_signed-by_ML-DSA-65,SLH-DSA-SHA2-128s_signed-by_ML-DSA-65,3146.22,90.2594,11.0711,0,0,0,377.871,24,1.04746e+06,1.04785e+06,17250,17247
2,8,65,SLH-DSA-SHA2-128s_signed-by_ML-DSA-65,SLH-DSA-SHA2-128s_signed-by_ML-DSA-65,3149.4,90.1683,11.0599,0,0,0,311.032,15,1.04887e+06,1.04678e+06,17250,17247
2,3,65,SLH-DSA-SHA2-128s_signed-by_ML-DSA-65,SLH-DSA-SHA2-128s_signed-by_ML-DSA-65,3147.01,90.2367,11.0683,0,0,0,311.032,24,1.04777e+06,1.04875e+06,17250,17247
2,6,65,SLH-DSA-SHA2-128s_signed-by_ML-DSA-65,SLH-DSA-SHA2-128s_signed-by_ML-DSA-65,3144.86,90.2984,11.0758,0,0,0,344.065,14,1.0507e+06,1.047e+06,17250,17247
2,1,65,SLH-DSA-SHA2-128s_signed-by_ML-DSA-65,SLH-DSA-SHA2-128s_signed-by_ML-DSA-65,3147.52,90.222,11.0665,0,0,0,311.032,24,1.04773e+06,1.04803e+06,17250,17247
2,2,65,SLH-DSA-SHA2-128s_signed-by_ML-DSA-65,SLH-DSA-SHA2-128s_signed-by_ML-DSA-65,3149.95,90.1526,11.058,0,0,0,311.032,24,1.04679e+06,1.04851e+06,17250,17247
2,5,65,SLH-DSA-SHA2-128s_signed-by_ML-DSA-65,SLH-DSA-SHA2-128s_signed-by_ML-DSA-65,3147.19,90.2316,11.0677,0,0,0,340.839,13,1.04731e+06,1.04835e+06,17250,17247
2,7,65,SLH-DSA-SHA2-128s_signed-by_ML-DSA-65,SLH-DSA-SHA2-128s_signed-by_ML-DSA-65,3148.56,90.1924,11.0628,0,0,0,311.032,16,1.04815e+06,1.04882e+06,17250,17247
2,4,65,SLH-DSA-SHA2-128s_signed-by_ML-DSA-65,SLH-DSA-SHA2-128s_signed-by_ML-DSA-65,3148.55,90.1927,11.0629,0,0,0,377.742,24,1.04974e+06,1.05026e+06,17250,17247
2,8,66,SLH-DSA-SHA2-128s_signed-by_ML-DSA-65,SLH-DSA-SHA2-128s_signed-by_ML-DSA-65,3150.68,90.1316,11.0554,0,0,0,311.032,21,1.0483e+06,1.05359e+06,17250,17247
2,3,66,SLH-DSA-SHA2-128s_signed-by_ML-DSA-65,SLH-DSA-SHA2-128s_signed-by_ML-DSA-65,3154.71,90.0164,11.0413,0,0,0,311.032,24,1.04722e+06,1.05315e+06,17250,17247
2,6,66,SLH-DSA-SHA2-128s_signed-by_ML-DSA-65,SLH-DSA-SHA2-128s_signed-by_ML-DSA-65,3144.92,90.2967,11.0756,0,0,0,340.839,17,1.04686e+06,1.04803e+06,17250,17247
2,1,66,SLH-DSA-SHA2-128s_signed-by_ML-DSA-65,SLH-DSA-SHA2-128s_signed-by_ML-DSA-65,3149.68,90.1603,11.0589,0,0,0,311.032,24,1.04794e+06,1.04675e+06,17250,17247
2,2,66,SLH-DSA-SHA2-128s_signed-by_ML-DSA-65,SLH-DSA-SHA2-128s_signed-by_ML-DSA-65,3150.06,90.1495,11.0576,0,0,0,311.032,24,1.04709e+06,1.04961e+06,17250,17247
2,5,66,SLH-DSA-SHA2-128s_signed-by_ML-DSA-65,SLH-DSA-SHA2-128s_signed-by_ML-DSA-65,3151.88,90.0974,11.0512,0,0,0,340.839,16,1.04584e+06,1.04834e+06,17250,17247
2,7,66,SLH-DSA-SHA2-128s_signed-by_ML-DSA-65,SLH-DSA-SHA2-128s_signed-by_ML-DSA-65,3149.17,90.1748,11.0607,0,0,0,311.032,20,1.04581e+06,1.04935e+06,17250,17247
2,4,66,SLH-DSA-SHA2-128s_signed-by_ML-DSA-65,SLH-DSA-SHA2-128s_signed-by_ML-DSA-65,3150.21,90.1451,11.057,0,0,0,377.871,24,1.04795e+06,1.04834e+06,17250,17247
2,8,67,SLH-DSA-SHA2-128s_signed-by_ML-DSA-65,SLH-DSA-SHA2-128s_signed-by_ML-DSA-65,3155.96,89.9807,12.6237,0,0,0,562.375,17,1.0525e+06,1.04927e+06,17250,17247
2,3,67,SLH-DSA-SHA2-128s_signed-by_ML-DSA-65,SLH-DSA-SHA2-128s_signed-by_ML-DSA-65,3149.54,90.1641,11.0594,0,0,0,314.387,24,1.05209e+06,1.05016e+06,17250,17247
2,6,67,SLH-DSA-SHA2-128s_signed-by_ML-DSA-65,SLH-DSA-SHA2-128s_signed-by_ML-DSA-65,3150.98,90.123,11.0543,0,0,0,340.839,18,1.04735e+06,1.04698e+06,17250,17247
2,1,67,SLH-DSA-SHA2-128s_signed-by_ML-DSA-65,SLH-DSA-SHA2-128s_signed-by_ML-DSA-65,3148.19,90.2029,11.0641,0,0,0,311.032,24,1.04915e+06,1.04651e+06,17250,17247
2,2,67,SLH-DSA-SHA2-128s_signed-by_ML-DSA-65,SLH-DSA-SHA2-128s_signed-by_ML-DSA-65,3162.31,89.8002,11.0147,0,0,0,311.032,24,1.04696e+06,1.04705e+06,17250,17247
2,5,67,SLH-DSA-SHA2-128s_signed-by_ML-DSA-65,SLH-DSA-SHA2-128s_signed-by_ML-DSA-65,3148.41,90.1967,11.0634,0,0,0,340.839,15,1.04798e+06,1.04666e+06,17250,17247
2,7,67,SLH-DSA-SHA2-128s_signed-by_ML-DSA-65,SLH-DSA-SHA2-128s_signed-by_ML-DSA-65,3160.85,89.8417,11.0198,0,0,0,311.032,22,1.04733e+06,1.0481e+06,17250,17247
2,4,67,SLH-DSA-SHA2-128s_signed-by_ML-DSA-65,SLH-DSA-SHA2-128s_signed-by_ML-DSA-65,3160.58,89.8494,11.0208,0,0,0,377.871,24,1.04765e+06,1.06334e+06,17250,17247
2,8,68,SLH-DSA-SHA2-128s_signed-by_ML-DSA-65,SLH-DSA-SHA2-128s_signed-by_ML-DSA-65,3151.63,90.1044,11.0521,0,0,0,311.032,13,1.04882e+06,1.0534e+06,17250,17247
2,3,68,SLH-DSA-SHA2-128s_signed-by_ML-DSA-65,SLH-DSA-SHA2-128s_signed-by_ML-DSA-65,3153,90.0654,11.0473,0,0,0,311.032,24,1.04907e+06,1.05286e+06,17250,17247
2,6,68,SLH-DSA-SHA2-128s_signed-by_ML-DSA-65,SLH-DSA-SHA2-128s_signed-by_ML-DSA-65,3152.21,90.0878,11.05,0,0,0,330.645,17,1.04677e+06,1.04697e+06,17250,17247
2,1,68,SLH-DSA-SHA2-128s_signed-by_ML-DSA-65,SLH-DSA-SHA2-128s_signed-by_ML-DSA-65,3147.1,90.2343,11.068,0,0,0,311.032,24,1.04753e+06,1.04885e+06,17250,17247
2,2,68,SLH-DSA-SHA2-128s_signed-by_ML-DSA-65,SLH-DSA-SHA2-128s_signed-by_ML-DSA-65,3148.41,90.1967,11.0634,0,0,0,311.032,24,1.04692e+06,1.04768e+06,17250,17247
2,5,68,SLH-DSA-SHA2-128s_signed-by_ML-DSA-65,SLH-DSA-SHA2-128s_signed-by_ML-DSA-65,3149.44,90.1672,11.0597,0,0,0,344.065,20,1.04752e+06,1.04697e+06,17250,17247
2,7,68,SLH-DSA-SHA2-128s_signed-by_ML-DSA-65,SLH-DSA-SHA2-128s_signed-by_ML-DSA-65,3150.49,90.1372,11.0561,0,0,0,311.032,22,1.0499e+06,1.0499e+06,17250,17247
2,4,68,SLH-DSA-SHA2-128s_signed-by_ML-DSA-65,SLH-DSA-SHA2-128s_signed-by_ML-DSA-65,3145.87,90.2693,11.0723,0,0,0,377.871,24,1.04732e+06,1.04685e+06,17250,17247
2,8,69,SLH-DSA-SHA2-128s_signed-by_ML-DSA-65,SLH-DSA-SHA2-128s_signed-by_ML-DSA-65,3143.15,90.3476,11.0819,0,0,0,311.032,12,1.04734e+06,1.04719e+06,17250,17247
2,3,69,SLH-DSA-SHA2-128s_signed-by_ML-DSA-65,SLH-DSA-SHA2-128s_signed-by_ML-DSA-65,3146,90.2657,11.0718,0,0,0,311.032,24,1.04638e+06,1.04835e+06,17250,17247
2,6,69,SLH-DSA-SHA2-128s_signed-by_ML-DSA-65,SLH-DSA-SHA2-128s_signed-by_ML-DSA-65,3145.08,90.2922,11.0751,0,0,0,340.839,11,1.04732e+06,1.04749e+06,17250,17247
2,1,69,SLH-DSA-SHA2-128s_signed-by_ML-DSA-65,SLH-DSA-SHA2-128s_signed-by_ML-DSA-65,3152.04,90.0928,11.0506,0,0,0,311.032,24,1.15394e+06,1.04952e+06,17250,17247
2,2,69,SLH-DSA-SHA2-128s_signed-by_ML-DSA-65,SLH-DSA-SHA2-128s_signed-by_ML-DSA-65,3146.18,90.2605,11.0712,0,0,0,316.71,24,1.12642e+06,1.04731e+06,17250,17247
2,5,69,SLH-DSA-SHA2-128s_signed-by_ML-DSA-65,SLH-DSA-SHA2-128s_signed-by_ML-DSA-65,3145.34,90.2845,11.0741,0,0,0,340.839,16,1.04709e+06,1.04715e+06,17250,17247
2,7,69,SLH-DSA-SHA2-128s_signed-by_ML-DSA-65,SLH-DSA-SHA2-128s_signed-by_ML-DSA-65,3144.53,90.308,11.077,0,0,0,311.032,22,1.04708e+06,1.04729e+06,17250,17247
2,4,69,SLH-DSA-SHA2-128s_signed-by_ML-DSA-65,SLH-DSA-SHA2-128s_signed-by_ML-DSA-65,3149.22,90.1735,11.0605,0,0,0,377.871,24,1.04631e+06,1.04725e+06,17250,17247
2,8,70,SLH-DSA-SHA2-128s_signed-by_ML-DSA-65,SLH-DSA-SHA2-128s_signed-by_ML-DSA-65,3150.01,90.1509,11.0577,0.0322581,0,0,311.032,17,1.04606e+06,1.05134e+06,17250,17247
2,3,70,SLH-DSA-SHA2-128s_signed-by_ML-DSA-65,SLH-DSA-SHA2-128s_signed-by_ML-DSA-65,3147.16,90.2326,11.0678,0.0322581,0,0,311.032,24,1.05113e+06,1.04897e+06,17250,17247
2,6,70,SLH-DSA-SHA2-128s_signed-by_ML-DSA-65,SLH-DSA-SHA2-128s_signed-by_ML-DSA-65,3143.62,90.3341,11.0802,0.0322581,0,0,340.839,13,1.04764e+06,1.04687e+06,17250,17247
2,1,70,SLH-DSA-SHA2-128s_signed-by_ML-DSA-65,SLH-DSA-SHA2-128s_signed-by_ML-DSA-65,3149.91,90.1535,11.0581,0.0322581,0,0,311.032,24,1.04955e+06,1.04752e+06,17250,17247
2,2,70,SLH-DSA-SHA2-128s_signed-by_ML-DSA-65,SLH-DSA-SHA2-128s_signed-by_ML-DSA-65,3152.02,90.0933,11.0507,0.0322581,0,0,311.032,24,1.04638e+06,1.04683e+06,17250,17247
2,5,70,SLH-DSA-SHA2-128s_signed-by_ML-DSA-65,SLH-DSA-SHA2-128s_signed-by_ML-DSA-65,3145.7,90.2745,11.0729,0.0322581,0,0,340.839,16,1.04844e+06,1.04681e+06,17250,17247
2,7,70,SLH-DSA-SHA2-128s_signed-by_ML-DSA-65,SLH-DSA-SHA2-128s_signed-by_ML-DSA-65,3145.59,90.2774,11.0733,0.0322581,0,0,311.032,22,1.04882e+06,1.04622e+06,17250,17247
2,4,70,SLH-DSA-SHA2-128s_signed-by_ML-DSA-65,SLH-DSA-SHA2-128s_signed-by_ML-DSA-65,3149.42,90.1676,11.2884,0.03125,1,0.03125,362.875,24,1.0486e+06,1.04916e+06,17250,17247
2,8,71,SLH-DSA-SHA2-128s_signed-by_ML-DSA-65,SLH-DSA-SHA2-128s_signed-by_ML-DSA-65,3145.51,90.2797,11.0736,0,0,0,311.032,12,1.04761e+06,1.04631e+06,17250,17247
2,3,71,SLH-DSA-SHA2-128s_signed-by_ML-DSA-65,SLH-DSA-SHA2-128s_signed-by_ML-DSA-65,3148.09,90.2059,11.0645,0,0,0,311.032,24,1.04789e+06,1.04804e+06,17250,17247
2,6,71,SLH-DSA-SHA2-128s_signed-by_ML-DSA-65,SLH-DSA-SHA2-128s_signed-by_ML-DSA-65,3142.87,90.3556,11.0829,0,0,0,340.839,10,1.04789e+06,1.04622e+06,17250,17247
2,1,71,SLH-DSA-SHA2-128s_signed-by_ML-DSA-65,SLH-DSA-SHA2-128s_signed-by_ML-DSA-65,3146.95,90.2384,11.0685,0,0,0,311.032,24,1.04748e+06,1.04629e+06,17250,17247
2,2,71,SLH-DSA-SHA2-128s_signed-by_ML-DSA-65,SLH-DSA-SHA2-128s_signed-by_ML-DSA-65,3145.97,90.2664,11.0719,0,0,0,311.032,24,1.04689e+06,1.04743e+06,17250,17247
2,5,71,SLH-DSA-SHA2-128s_signed-by_ML-DSA-65,SLH-DSA-SHA2-128s_signed-by_ML-DSA-65,3227.14,87.9962,10.7935,0,0,0,340.839,17,1.04694e+06,1.04801e+06,17250,17247
2,7,71,SLH-DSA-SHA2-128s_signed-by_ML-DSA-65,SLH-DSA-SHA2-128s_signed-by_ML-DSA-65,3146.86,90.241,11.0688,0,0,0,311.032,16,1.04609e+06,1.04732e+06,17250,17247
2,4,71,SLH-DSA-SHA2-128s_signed-by_ML-DSA-65,SLH-DSA-SHA2-128s_signed-by_ML-DSA-65,3150.6,90.134,11.0557,0,0,0,377.871,24,1.04712e+06,1.04829e+06,17250,17247
2,8,72,SLH-DSA-SHA2-128s_signed-by_ML-DSA-65,SLH-DSA-SHA2-128s_signed-by_ML-DSA-65,3149.04,90.1787,11.0612,0,0,0,311.032,12,1.0477e+06,1.05132e+06,17250,17247
2,3,72,SLH-DSA-SHA2-128s_signed-by_ML-DSA-65,SLH-DSA-SHA2-128s_signed-by_ML-DSA-65,3146.57,90.2495,11.0698,0,0,0,311.032,24,1.04845e+06,1.04916e+06,17250,17247
2,6,72,SLH-DSA-SHA2-128s_signed-by_ML-DSA-65,SLH-DSA-SHA2-128s_signed-by_ML-DSA-65,3144.63,90.3051,11.0767,0,0,0,340.839,13,1.04625e+06,1.0472e+06,17250,17247
2,1,72,SLH-DSA-SHA2-128s_signed-by_ML-DSA-65,SLH-DSA-SHA2-128s_signed-by_ML-DSA-65,3151.41,90.1109,11.0528,0,0,0,311.032,24,1.04741e+06,1.04634e+06,17250,17247
2,2,72,SLH-DSA-SHA2-128s_signed-by_ML-DSA-65,SLH-DSA-SHA2-128s_signed-by_ML-DSA-65,3145.25,90.2873,11.0745,0,0,0,311.032,24,1.04817e+06,1.04645e+06,17250,17247
2,5,72,SLH-DSA-SHA2-128s_signed-by_ML-DSA-65,SLH-DSA-SHA2-128s_signed-by_ML-DSA-65,3143.67,90.3327,11.0801,0,0,0,340.839,17,1.04919e+06,1.0463e+06,17250,17247
2,7,72,SLH-DSA-SHA2-128s_signed-by_ML-DSA-65,SLH-DSA-SHA2-128s_signed-by_ML-DSA-65,3143.94,90.3249,11.0791,0,0,0,311.032,15,1.04683e+06,1.04805e+06,17250,17247
2,4,72,SLH-DSA-SHA2-128s_signed-by_ML-DSA-65,SLH-DSA-SHA2-128s_signed-by_ML-DSA-65,3148.04,90.2071,11.0646,0,0,0,377.871,24,1.04745e+06,1.04664e+06,17250,17247
2,8,73,SLH-DSA-SHA2-128s_signed-by_ML-DSA-65,SLH-DSA-SHA2-128s_signed-by_ML-DSA-65,3146.85,90.2412,11.0688,0,0,0,311.032,12,1.04703e+06,1.04839e+06,17250,17247
2,3,73,SLH-DSA-SHA2-128s_signed-by_ML-DSA-65,SLH-DSA-SHA2-128s_signed-by_ML-DSA-65,3150.16,90.1466,11.0572,0,0,0,311.032,24,1.04693e+06,1.04736e+06,17250,17247
2,6,73,SLH-DSA-SHA2-128s_signed-by_ML-DSA-65,SLH-DSA-SHA2-128s_signed-by_ML-DSA-65,3144.48,90.3094,11.0772,0,0,0,340.839,15,1.0469e+06,1.04689e+06,17250,17247
2,1,73,SLH-DSA-SHA2-128s_signed-by_ML-DSA-65,SLH-DSA-SHA2-128s_signed-by_ML-DSA-65,3149.24,90.173,11.0605,0,0,0,311.032,24,1.04793e+06,1.0477e+06,17250,17247
2,2,73,SLH-DSA-SHA2-128s_signed-by_ML-DSA-65,SLH-DSA-SHA2-128s_signed-by_ML-DSA-65,3156.43,89.9674,11.0352,0,0,0,422,24,1.04628e+06,1.04892e+06,17250,17247
2,5,73,SLH-DSA-SHA2-128s_signed-by_ML-DSA-65,SLH-DSA-SHA2-128s_signed-by_ML-DSA-65,3149.05,90.1783,11.0611,0,0,0,340.839,16,1.04792e+06,1.04882e+06,17250,17247
2,7,73,SLH-DSA-SHA2-128s_signed-by_ML-DSA-65,SLH-DSA-SHA2-128s_signed-by_ML-DSA-65,3150.72,90.1306,11.0553,0,0,0,311.032,11,1.04715e+06,1.05099e+06,17250,17247
2,4,73,SLH-DSA-SHA2-128s_signed-by_ML-DSA-65,SLH-DSA-SHA2-128s_signed-by_ML-DSA-65,3144.7,90.3029,11.0764,0,0,0,377.871,24,1.04957e+06,1.04779e+06,17250,17247
2,8,74,SLH-DSA-SHA2-128s_signed-by_ML-DSA-65,SLH-DSA-SHA2-128s_signed-by_ML-DSA-65,3151.61,90.1051,11.0521,0,0,0,314.387,13,1.04617e+06,1.05341e+06,17250,17247
2,3,74,SLH-DSA-SHA2-128s_signed-by_ML-DSA-65,SLH-DSA-SHA2-128s_signed-by_ML-DSA-65,3147.16,90.2324,11.0677,0,0,0,311.032,24,1.04722e+06,1.04876e+06,17250,17247
2,6,74,SLH-DSA-SHA2-128s_signed-by_ML-DSA-65,SLH-DSA-SHA2-128s_signed-by_ML-DSA-65,3145.17,90.2895,11.0747,0,0,0,340.839,15,1.05182e+06,1.04739e+06,17250,17247
2,1,74,SLH-DSA-SHA2-128s_signed-by_ML-DSA-65,SLH-DSA-SHA2-128s_signed-by_ML-DSA-65,3147.14,90.233,11.0678,0,0,0,311.032,24,1.04637e+06,1.04765e+06,17250,17247
2,2,74,SLH-DSA-SHA2-128s_signed-by_ML-DSA-65,SLH-DSA-SHA2-128s_signed-by_ML-DSA-65,3149.62,90.1621,11.0591,0,0,0,311.032,24,1.04872e+06,1.04796e+06,17250,17247
2,5,74,SLH-DSA-SHA2-128s_signed-by_ML-DSA-65,SLH-DSA-SHA2-128s_signed-by_ML-DSA-65,3151.07,90.1205,11.054,0,0,0,340.839,11,1.04821e+06,1.04838e+06,17250,17247
2,7,74,SLH-DSA-SHA2-128s_signed-by_ML-DSA-65,SLH-DSA-SHA2-128s_signed-by_ML-DSA-65,3145.63,90.2762,11.0731,0,0,0,311.032,16,1.04942e+06,1.04704e+06,17250,17247
2,4,74,SLH-DSA-SHA2-128s_signed-by_ML-DSA-65,SLH-DSA-SHA2-128s_signed-by_ML-DSA-65,3168.43,89.6266,10.9934,0,0,0,381.097,24,1.04828e+06,1.04754e+06,17250,17247
2,8,75,SLH-DSA-SHA2-128s_signed-by_ML-DSA-65,SLH-DSA-SHA2-128s_signed-by_ML-DSA-65,3146.62,90.2479,11.0697,0,0,0,311.032,13,1.04792e+06,1.04903e+06,17250,17247
2,3,75,SLH-DSA-SHA2-128s_signed-by_ML-DSA-65,SLH-DSA-SHA2-128s_signed-by_ML-DSA-65,3151.56,90.1066,11.0523,0,0,0,314.387,24,1.04752e+06,1.04823e+06,17250,17247
2,6,75,SLH-DSA-SHA2-128s_signed-by_ML-DSA-65,SLH-DSA-SHA2-128s_signed-by_ML-DSA-65,3146.66,90.2468,11.0695,0,0,0,340.839,16,1.0498e+06,1.04782e+06,17250,17247
2,1,75,SLH-DSA-SHA2-128s_signed-by_ML-DSA-65,SLH-DSA-SHA2-128s_signed-by_ML-DSA-65,3151.26,90.115,11.0533,0,0,0,311.032,24,1.05094e+06,1.04672e+06,17250,17247
2,2,75,SLH-DSA-SHA2-128s_signed-by_ML-DSA-65,SLH-DSA-SHA2-128s_signed-by_ML-DSA-65,3149.12,90.1763,11.0609,0,0,0,311.032,24,1.06932e+06,1.04669e+06,17250,17247
2,5,75,SLH-DSA-SHA2-128s_signed-by_ML-DSA-65,SLH-DSA-SHA2-128s_signed-by_ML-DSA-65,3150.96,90.1236,11.0544,0,0,0,680.194,10,1.04628e+06,1.04728e+06,17250,17247
2,7,75,SLH-DSA-SHA2-128s_signed-by_ML-DSA-65,SLH-DSA-SHA2-128s_signed-by_ML-DSA-65,3156.74,89.9586,11.0342,0,0,0,311.032,13,1.04833e+06,1.04918e+06,17250,17247
2,4,75,SLH-DSA-SHA2-128s_signed-by_ML-DSA-65,SLH-DSA-SHA2-128s_signed-by_ML-DSA-65,3145.72,90.2737,11.0728,0,0,0,377.871,24,1.04566e+06,1.04838e+06,17250,17247
2,8,76,SLH-DSA-SHA2-128s_signed-by_ML-DSA-65,SLH-DSA-SHA2-128s_signed-by_ML-DSA-65,3146.88,90.2404,11.0687,0,0,0,311.032,7,1.04883e+06,1.04754e+06,17250,17247
2,3,76,SLH-DSA-SHA2-128s_signed-by_ML-DSA-65,SLH-DSA-SHA2-128s_signed-by_ML-DSA-65,3145.3,90.2857,11.0743,0,0,0,311.032,24,1.04662e+06,1.0481e+06,17250,17247
2,6,76,SLH-DSA-SHA2-128s_signed-by_ML-DSA-65,SLH-DSA-SHA2-128s_signed-by_ML-DSA-65,3147.9,90.2113,11.0652,0,0,0,340.839,16,1.04722e+06,1.04867e+06,17250,17247
2,1,76,SLH-DSA-SHA2-128s_signed-by_ML-DSA-65,SLH-DSA-SHA2-128s_signed-by_ML-DSA-65,3149.3,90.1711,11.0602,0,0,0,311.032,24,1.05325e+06,1.04893e+06,17250,17247
2,2,76,SLH-DSA-SHA2-128s_signed-by_ML-DSA-65,SLH-DSA-SHA2-128s_signed-by_ML-DSA-65,3154.57,90.0206,11.0418,0,0,0,311.032,24,1.04701e+06,1.05486e+06,17250,17247
2,5,76,SLH-DSA-SHA2-128s_signed-by_ML-DSA-65,SLH-DSA-SHA2-128s_signed-by_ML-DSA-65,3153.61,90.0478,11.0451,0,0,0,340.839,9,1.04935e+06,1.04724e+06,17250,17247
2,7,76,SLH-DSA-SHA2-128s_signed-by_ML-DSA-65,SLH-DSA-SHA2-128s_signed-by_ML-DSA-65,3143.99,90.3234,11.0789,0,0,0,311.032,13,1.04888e+06,1.04636e+06,17250,17247
2,4,76,SLH-DSA-SHA2-128s_signed-by_ML-DSA-65,SLH-DSA-SHA2-128s_signed-by_ML-DSA-65,3160.41,89.8543,11.0214,0,0,0,377.871,24,1.04606e+06,1.0467e+06,17250,17247
2,8,77,SLH-DSA-SHA2-128s_signed-by_ML-DSA-65,SLH-DSA-SHA2-128s_signed-by_ML-DSA-65,3146.88,90.2405,11.0687,0,0,0,311.032,5,1.04731e+06,1.04837e+06,17250,17247
2,3,77,SLH-DSA-SHA2-128s_signed-by_ML-DSA-65,SLH-DSA-SHA2-128s_signed-by_ML-DSA-65,3145.61,90.2768,11.0732,0,0,0,311.032,24,1.05025e+06,1.04767e+06,17250,17247
2,6,77,SLH-DSA-SHA2-128s_signed-by_ML-DSA-65,SLH-DSA-SHA2-128s_signed-by_ML-DSA-65,3148.46,90.1952,11.0632,0,0,0,340.839,14,1.04759e+06,1.04728e+06,17250,17247
2,1,77,SLH-DSA-SHA2-128s_signed-by_ML-DSA-65,SLH-DSA-SHA2-128s_signed-by_ML-DSA-65,3144.8,90.3,11.076,0,0,0,311.032,24,1.04625e+06,1.0483e+06,17250,17247
2,2,77,SLH-DSA-SHA2-128s_signed-by_ML-DSA-65,SLH-DSA-SHA2-128s_signed-by_ML-DSA-65,3144.69,90.3033,11.0764,0,0,0,311.161,24,1.04727e+06,1.04725e+06,17250,17247
2,5,77,SLH-DSA-SHA2-128s_signed-by_ML-DSA-65,SLH-DSA-SHA2-128s_signed-by_ML-DSA-65,3155.55,89.9926,11.0383,0,0,0,340.839,10,1.04585e+06,1.04822e+06,17250,17247
2,7,77,SLH-DSA-SHA2-128s_signed-by_ML-DSA-65,SLH-DSA-SHA2-128s_signed-by_ML-DSA-65,3150.84,90.127,11.0548,0,0,0,311.032,8,1.0466e+06,1.04782e+06,17250,17247
2,4,77,SLH-DSA-SHA2-128s_signed-by_ML-DSA-65,SLH-DSA-SHA2-128s_signed-by_ML-DSA-65,3145.9,90.2687,11.0722,0,0,0,377.871,24,1.04637e+06,1.0493e+06,17250,17247
2,8,78,SLH-DSA-SHA2-128s_signed-by_ML-DSA-65,SLH-DSA-SHA2-128s_signed-by_ML-DSA-65,3154.38,90.0258,11.0424,0,0,0,311.032,1,1.04894e+06,1.05464e+06,17250,17247
2,3,78,SLH-DSA-SHA2-128s_signed-by_ML-DSA-65,SLH-DSA-SHA2-128s_signed-by_ML-DSA-65,3147.38,90.2261,11.067,0,0,0,311.032,24,1.04711e+06,1.04909e+06,17250,17247
2,6,78,SLH-DSA-SHA2-128s_signed-by_ML-DSA-65,SLH-DSA-SHA2-128s_signed-by_ML-DSA-65,3143.74,90.3305,11.0798,0,0,0,340.839,15,1.04749e+06,1.04613e+06,17250,17247
2,1,78,SLH-DSA-SHA2-128s_signed-by_ML-DSA-65,SLH-DSA-SHA2-128s_signed-by_ML-DSA-65,3148.43,90.1959,11.0633,0,0,0,311.032,24,1.04813e+06,1.04843e+06,17250,17247
2,2,78,SLH-DSA-SHA2-128s_signed-by_ML-DSA-65,SLH-DSA-SHA2-128s_signed-by_ML-DSA-65,3152.41,90.0823,11.0493,0,0,0,311.032,24,1.047e+06,1.04686e+06,17250,17247
2,5,78,SLH-DSA-SHA2-128s_signed-by_ML-DSA-65,SLH-DSA-SHA2-128s_signed-by_ML-DSA-65,3148.53,90.1931,11.0629,0,0,0,340.839,12,1.0474e+06,1.05001e+06,17250,17247
2,7,78,SLH-DSA-SHA2-128s_signed-by_ML-DSA-65,SLH-DSA-SHA2-128s_signed-by_ML-DSA-65,3149.61,90.1624,11.0592,0,0,0,311.032,12,1.04867e+06,1.04884e+06,17250,17247
2,4,78,SLH-DSA-SHA2-128s_signed-by_ML-DSA-65,SLH-DSA-SHA2-128s_signed-by_ML-DSA-65,3148.35,90.1984,11.0636,0,0,0,377.871,24,1.0479e+06,1.0491e+06,17250,17247
2,8,79,SLH-DSA-SHA2-128s_signed-by_ML-DSA-65,SLH-DSA-SHA2-128s_signed-by_ML-DSA-65,3148.95,90.1813,11.0615,0,0,0,311.032,2,1.05048e+06,1.04839e+06,17250,17247
2,3,79,SLH-DSA-SHA2-128s_signed-by_ML-DSA-65,SLH-DSA-SHA2-128s_signed-by_ML-DSA-65,3145.01,90.2941,11.0753,0,0,0,311.032,24,1.04661e+06,1.04837e+06,17250,17247
2,6,79,SLH-DSA-SHA2-128s_signed-by_ML-DSA-65,SLH-DSA-SHA2-128s_signed-by_ML-DSA-65,3154.61,90.0192,11.0416,0,0,0,330.645,14,1.0463e+06,1.0492e+06,17250,17247
2,1,79,SLH-DSA-SHA2-128s_signed-by_ML-DSA-65,SLH-DSA-SHA2-128s_signed-by_ML-DSA-65,3147.06,90.2354,11.0681,0,0,0,311.032,24,1.0472e+06,1.0489e+06,17250,17247
2,2,79,SLH-DSA-SHA2-128s_signed-by_ML-DSA-65,SLH-DSA-SHA2-128s_signed-by_ML-DSA-65,3151.99,90.0942,11.0508,0,0,0,311.032,24,1.04919e+06,1.05379e+06,17250,17247
2,5,79,SLH-DSA-SHA2-128s_signed-by_ML-DSA-65,SLH-DSA-SHA2-128s_signed-by_ML-DSA-65,3184.06,89.1868,10.9395,0,0,0,340.839,7,1.04668e+06,1.04755e+06,17250,17247
2,7,79,SLH-DSA-SHA2-128s_signed-by_ML-DSA-65,SLH-DSA-SHA2-128s_signed-by_ML-DSA-65,3145.39,90.2832,11.074,0,0,0,311.032,13,1.04622e+06,1.0486e+06,17250,17247
2,4,79,SLH-DSA-SHA2-128s_signed-by_ML-DSA-65,SLH-DSA-SHA2-128s_signed-by_ML-DSA-65,3152.44,90.0812,11.0492,0,0,0,311.032,24,1.04643e+06,1.04986e+06,17250,17247
2,8,80,SLH-DSA-SHA2-128s_signed-by_ML-DSA-65,SLH-DSA-SHA2-128s_signed-by_ML-DSA-65,3152.33,90.0844,11.0496,0,0,0,311.032,3,1.04742e+06,1.04801e+06,17250,17247
2,3,80,SLH-DSA-SHA2-128s_signed-by_ML-DSA-65,SLH-DSA-SHA2-128s_signed-by_ML-DSA-65,3146.35,90.2558,11.0706,0,0,0,311.032,24,1.04729e+06,1.04783e+06,17250,17247
2,6,80,SLH-DSA-SHA2-128s_signed-by_ML-DSA-65,SLH-DSA-SHA2-128s_signed-by_ML-DSA-65,3149.55,90.1639,11.0593,0,0,0,340.839,13,1.04696e+06,1.04771e+06,17250,17247
2,1,80,SLH-DSA-SHA2-128s_signed-by_ML-DSA-65,SLH-DSA-SHA2-128s_signed-by_ML-DSA-65,3145.18,90.2891,11.0747,0,0,0,311.032,24,1.04848e+06,1.04614e+06,17250,17247
2,2,80,SLH-DSA-SHA2-128s_signed-by_ML-DSA-65,SLH-DSA-SHA2-128s_signed-by_ML-DSA-65,3146.21,90.2598,11.0711,0,0,0,311.032,24,1.04763e+06,1.04947e+06,17250,17247
2,5,80,SLH-DSA-SHA2-128s_signed-by_ML-DSA-65,SLH-DSA-SHA2-128s_signed-by_ML-DSA-65,3148.95,90.1813,11.0615,0,0,0,340.839,8,1.05021e+06,1.04775e+06,17250,17247
2,7,80,SLH-DSA-SHA2-128s_signed-by_ML-DSA-65,SLH-DSA-SHA2-128s_signed-by_ML-DSA-65,3147.8,90.2141,11.0655,0,0,0,311.032,13,1.04676e+06,1.04854e+06,17250,17247
2,4,80,SLH-DSA-SHA2-128s_signed-by_ML-DSA-65,SLH-DSA-SHA2-128s_signed-by_ML-DSA-65,3152.11,90.0907,11.0504,0,0,0,311.032,24,1.04851e+06,1.05012e+06,17250,17247
2,8,81,SLH-DSA-SHA2-128s_signed-by_ML-DSA-65,SLH-DSA-SHA2-128s_signed-by_ML-DSA-65,3146.83,90.2419,11.0689,0,0,0,654.258,9,1.04752e+06,1.04764e+06,17250,17247
2,3,81,SLH-DSA-SHA2-128s_signed-by_ML-DSA-65,SLH-DSA-SHA2-128s_signed-by_ML-DSA-65,3145.91,90.2683,11.0722,0,0,0,311.032,24,1.04673e+06,1.04719e+06,17250,17247
2,6,81,SLH-DSA-SHA2-128s_signed-by_ML-DSA-65,SLH-DSA-SHA2-128s_signed-by_ML-DSA-65,3144.17,90.3183,11.0783,0,0,0,340.839,13,1.04683e+06,1.04724e+06,17250,17247
2,1,81,SLH-DSA-SHA2-128s_signed-by_ML-DSA-65,SLH-DSA-SHA2-128s_signed-by_ML-DSA-65,3144.86,90.2984,11.0758,0,0,0,311.032,24,1.04827e+06,1.04751e+06,17250,17247
2,2,81,SLH-DSA-SHA2-128s_signed-by_ML-DSA-65,SLH-DSA-SHA2-128s_signed-by_ML-DSA-65,3145.2,90.2887,11.0747,0,0,0,311.032,24,1.04737e+06,1.04722e+06,17250,17247
2,5,81,SLH-DSA-SHA2-128s_signed-by_ML-DSA-65,SLH-DSA-SHA2-128s_signed-by_ML-DSA-65,3145.41,90.2826,11.0739,0,0,0,340.839,11,1.04702e+06,1.0477e+06,17250,17247
2,7,81,SLH-DSA-SHA2-128s_signed-by_ML-DSA-65,SLH-DSA-SHA2-128s_signed-by_ML-DSA-65,3144.62,90.3054,11.0767,0,0,0,311.032,11,1.04804e+06,1.04667e+06,17250,17247
2,4,81,SLH-DSA-SHA2-128s_signed-by_ML-DSA-65,SLH-DSA-SHA2-128s_signed-by_ML-DSA-65,3142.49,90.3665,11.0842,0,0,0,311.032,24,1.04737e+06,1.04739e+06,17250,17247
2,8,82,SLH-DSA-SHA2-128s_signed-by_ML-DSA-65,SLH-DSA-SHA2-128s_signed-by_ML-DSA-65,3147.34,90.2272,11.0671,0,0,0,311.032,12,1.04667e+06,1.05055e+06,17250,17247
2,3,82,SLH-DSA-SHA2-128s_signed-by_ML-DSA-65,SLH-DSA-SHA2-128s_signed-by_ML-DSA-65,3152.27,90.0862,11.0498,0,0,0,314.387,24,1.04678e+06,1.04803e+06,17250,17247
2,6,82,SLH-DSA-SHA2-128s_signed-by_ML-DSA-65,SLH-DSA-SHA2-128s_signed-by_ML-DSA-65,3150.27,90.1435,11.0568,0,0,0,340.839,13,1.04713e+06,1.05235e+06,17250,17247
2,1,82,SLH-DSA-SHA2-128s_signed-by_ML-DSA-65,SLH-DSA-SHA2-128s_signed-by_ML-DSA-65,3153.73,90.0446,11.0447,0,0,0,311.032,24,1.05302e+06,1.04829e+06,17250,17247
2,2,82,SLH-DSA-SHA2-128s_signed-by_ML-DSA-65,SLH-DSA-SHA2-128s_signed-by_ML-DSA-65,3151.65,90.1039,12.641,0,0,0,562.375,24,1.04724e+06,1.0476e+06,17250,17247
2,5,82,SLH-DSA-SHA2-128s_signed-by_ML-DSA-65,SLH-DSA-SHA2-128s_signed-by_ML-DSA-65,3146.91,90.2396,11.0686,0,0,0,340.839,16,1.04637e+06,1.04754e+06,17250,17247
2,7,82,SLH-DSA-SHA2-128s_signed-by_ML-DSA-65,SLH-DSA-SHA2-128s_signed-by_ML-DSA-65,3144.66,90.3041,11.0765,0.129032,0,0,311.032,8,1.049e+06,1.0474e+06,17250,17247
2,4,82,SLH-DSA-SHA2-128s_signed-by_ML-DSA-65,SLH-DSA-SHA2-128s_signed-by_ML-DSA-65,3142.87,90.3555,11.0828,0.129032,0,0,311.032,24,1.04623e+06,1.04714e+06,17250,17247
2,8,83,SLH-DSA-SHA2-128s_signed-by_ML-DSA-65,SLH-DSA-SHA2-128s_signed-by_ML-DSA-65,3146.63,90.2476,11.0696,0.129032,0,0,311.032,9,1.04844e+06,1.04743e+06,17250,17247
2,3,83,SLH-DSA-SHA2-128s_signed-by_ML-DSA-65,SLH-DSA-SHA2-128s_signed-by_ML-DSA-65,3149.5,90.1655,11.0595,0.129032,0,0,311.032,24,1.04607e+06,1.04745e+06,17250,17247
2,6,83,SLH-DSA-SHA2-128s_signed-by_ML-DSA-65,SLH-DSA-SHA2-128s_signed-by_ML-DSA-65,3147.25,90.23,11.0675,0.129032,0,0,340.839,13,1.04825e+06,1.04832e+06,17250,17247
2,1,83,SLH-DSA-SHA2-128s_signed-by_ML-DSA-65,SLH-DSA-SHA2-128s_signed-by_ML-DSA-65,3151.12,90.119,11.0538,0.129032,0,0,311.032,24,1.04686e+06,1.04988e+06,17250,17247
2,2,83,SLH-DSA-SHA2-128s_signed-by_ML-DSA-65,SLH-DSA-SHA2-128s_signed-by_ML-DSA-65,3148.32,90.1993,11.0637,0.129032,0,0,311.032,24,1.04706e+06,1.0467e+06,17250,17247
2,5,83,SLH-DSA-SHA2-128s_signed-by_ML-DSA-65,SLH-DSA-SHA2-128s_signed-by_ML-DSA-65,3150.61,90.1335,12.7873,0.117647,9,0.264706,552,17,1.04818e+06,1.0479e+06,17250,17247
2,7,83,SLH-DSA-SHA2-128s_signed-by_ML-DSA-65,SLH-DSA-SHA2-128s_signed-by_ML-DSA-65,3160.9,89.8402,11.0196,0,0,0,311.032,5,1.04695e+06,1.05445e+06,17250,17247
2,4,83,SLH-DSA-SHA2-128s_signed-by_ML-DSA-65,SLH-DSA-SHA2-128s_signed-by_ML-DSA-65,3145.69,90.2745,11.0729,0,0,0,314.387,24,1.04789e+06,1.04835e+06,17250,17247
2,8,84,SLH-DSA-SHA2-128s_signed-by_ML-DSA-65,SLH-DSA-SHA2-128s_signed-by_ML-DSA-65,3149.89,90.1543,11.0582,0,0,0,311.032,10,1.04725e+06,1.04697e+06,17250,17247
2,3,84,SLH-DSA-SHA2-128s_signed-by_ML-DSA-65,SLH-DSA-SHA2-128s_signed-by_ML-DSA-65,3146.16,90.2613,11.0713,0,0,0,311.032,24,1.04671e+06,1.04888e+06,17250,17247
2,6,84,SLH-DSA-SHA2-128s_signed-by_ML-DSA-65,SLH-DSA-SHA2-128s_signed-by_ML-DSA-65,3155.34,89.9987,11.0391,0,0,0,340.839,16,1.04758e+06,1.04898e+06,17250,17247
2,1,84,SLH-DSA-SHA2-128s_signed-by_ML-DSA-65,SLH-DSA-SHA2-128s_signed-by_ML-DSA-65,3143.89,90.3264,11.0793,0,0,0,311.032,24,1.04835e+06,1.04758e+06,17250,17247
2,2,84,SLH-DSA-SHA2-128s_signed-by_ML-DSA-65,SLH-DSA-SHA2-128s_signed-by_ML-DSA-65,3149.64,90.1614,11.059,0,0,0,311.032,24,1.04647e+06,1.05234e+06,17250,17247
2,5,84,SLH-DSA-SHA2-128s_signed-by_ML-DSA-65,SLH-DSA-SHA2-128s_signed-by_ML-DSA-65,3151.08,90.1202,11.054,0,0,0,340.839,14,1.05217e+06,1.04744e+06,17250,17247
2,7,84,SLH-DSA-SHA2-128s_signed-by_ML-DSA-65,SLH-DSA-SHA2-128s_signed-by_ML-DSA-65,3145.2,90.2887,11.0747,0,0,0,311.032,11,1.04995e+06,1.04684e+06,17250,17247
2,4,84,SLH-DSA-SHA2-128s_signed-by_ML-DSA-65,SLH-DSA-SHA2-128s_signed-by_ML-DSA-65,3148.85,90.184,11.0618,0,0,0,311.032,24,1.04736e+06,1.04914e+06,17250,17247
2,8,85,SLH-DSA-SHA2-128s_signed-by_ML-DSA-65,SLH-DSA-SHA2-128s_signed-by_ML-DSA-65,3149.49,90.1659,11.0596,0,0,0,311.032,7,1.04681e+06,1.04639e+06,17250,17247
2,3,85,SLH-DSA-SHA2-128s_signed-by_ML-DSA-65,SLH-DSA-SHA2-128s_signed-by_ML-DSA-65,3146.28,90.2577,11.0709,0,0,0,311.032,24,1.04875e+06,1.04799e+06,17250,17247
2,6,85,SLH-DSA-SHA2-128s_signed-by_ML-DSA-65,SLH-DSA-SHA2-128s_signed-by_ML-DSA-65,3151.92,90.0962,11.051,0,0,0,340.839,16,1.04722e+06,1.048e+06,17250,17247
2,1,85,SLH-DSA-SHA2-128s_signed-by_ML-DSA-65,SLH-DSA-SHA2-128s_signed-by_ML-DSA-65,3147.98,90.2089,11.0649,0,0,0,311.032,24,1.0516e+06,1.04979e+06,17250,17247
2,2,85,SLH-DSA-SHA2-128s_signed-by_ML-DSA-65,SLH-DSA-SHA2-128s_signed-by_ML-DSA-65,3148.36,90.1981,11.0635,0,0,0,311.032,24,1.04742e+06,1.04999e+06,17250,17247
2,5,85,SLH-DSA-SHA2-128s_signed-by_ML-DSA-65,SLH-DSA-SHA2-128s_signed-by_ML-DSA-65,3149.18,90.1745,11.0606,0,0,0,340.839,16,1.04822e+06,1.05074e+06,17250,17247
2,7,85,SLH-DSA-SHA2-128s_signed-by_ML-DSA-65,SLH-DSA-SHA2-128s_signed-by_ML-DSA-65,3144.91,90.2969,11.0757,0,0,0,311.032,11,1.04749e+06,1.04728e+06,17250,17247
2,4,85,SLH-DSA-SHA2-128s_signed-by_ML-DSA-65,SLH-DSA-SHA2-128s_signed-by_ML-DSA-65,3144.93,90.2965,11.0756,0,0,0,311.032,24,1.0469e+06,1.04803e+06,17250,17247
2,8,86,SLH-DSA-SHA2-128s_signed-by_ML-DSA-65,SLH-DSA-SHA2-128s_signed-by_ML-DSA-65,3143.91,90.3258,11.0792,0,0,0,311.032,12,1.0458e+06,1.04815e+06,17250,17247
2,3,86,SLH-DSA-SHA2-128s_signed-by_ML-DSA-65,SLH-DSA-SHA2-128s_signed-by_ML-DSA-65,3143.95,90.3245,11.079,0,0,0,311.032,24,1.04707e+06,1.04746e+06,17250,17247
2,6,86,SLH-DSA-SHA2-128s_signed-by_ML-DSA-65,SLH-DSA-SHA2-128s_signed-by_ML-DSA-65,3144.35,90.313,11.0776,0,0,0,340.839,15,1.05029e+06,1.04864e+06,17250,17247
2,1,86,SLH-DSA-SHA2-128s_signed-by_ML-DSA-65,SLH-DSA-SHA2-128s_signed-by_ML-DSA-65,3144.09,90.3207,11.0786,0,0,0,311.032,24,1.04823e+06,1.04703e+06,17250,17247
2,2,86,SLH-DSA-SHA2-128s_signed-by_ML-DSA-65,SLH-DSA-SHA2-128s_signed-by_ML-DSA-65,3143.65,90.3333,11.0801,0,0,0,320.065,24,1.04786e+06,1.048e+06,17250,17247
2,5,86,SLH-DSA-SHA2-128s_signed-by_ML-DSA-65,SLH-DSA-SHA2-128s_signed-by_ML-DSA-65,3146.82,90.2421,11.0689,0,0,0,340.839,14,1.04704e+06,1.04839e+06,17250,17247
2,7,86,SLH-DSA-SHA2-128s_signed-by_ML-DSA-65,SLH-DSA-SHA2-128s_signed-by_ML-DSA-65,3148.47,90.1949,11.0631,0,0,0,311.032,10,1.04891e+06,1.04667e+06,17250,17247
2,4,86,SLH-DSA-SHA2-128s_signed-by_ML-DSA-65,SLH-DSA-SHA2-128s_signed-by_ML-DSA-65,3145.86,90.2697,11.0723,0,0,0,311.032,24,1.04707e+06,1.04726e+06,17250,17247
2,8,87,SLH-DSA-SHA2-128s_signed-by_ML-DSA-65,SLH-DSA-SHA2-128s_signed-by_ML-DSA-65,3149.69,90.16,11.0589,0,0,0,311.032,7,1.04606e+06,1.04822e+06,17250,17247
2,3,87,SLH-DSA-SHA2-128s_signed-by_ML-DSA-65,SLH-DSA-SHA2-128s_signed-by_ML-DSA-65,3148.27,90.2005,11.0638,0,0,0,311.032,24,1.04675e+06,1.04747e+06,17250,17247
2,6,87,SLH-DSA-SHA2-128s_signed-by_ML-DSA-65,SLH-DSA-SHA2-128s_signed-by_ML-DSA-65,3145.96,90.267,11.072,0,0,0,340.839,18,1.04602e+06,1.04881e+06,17250,17247
2,1,87,SLH-DSA-SHA2-128s_signed-by_ML-DSA-65,SLH-DSA-SHA2-128s_signed-by_ML-DSA-65,3149.59,90.1627,11.0592,0,0,0,311.032,24,1.04598e+06,1.04655e+06,17250,17247
2,2,87,SLH-DSA-SHA2-128s_signed-by_ML-DSA-65,SLH-DSA-SHA2-128s_signed-by_ML-DSA-65,3145.74,90.2731,11.0727,0,0,0,311.032,24,1.04583e+06,1.0478e+06,17250,17247
2,5,87,SLH-DSA-SHA2-128s_signed-by_ML-DSA-65,SLH-DSA-SHA2-128s_signed-by_ML-DSA-65,3147.85,90.2126,11.0653,0,0,0,340.839,19,1.04585e+06,1.04795e+06,17250,17247
2,7,87,SLH-DSA-SHA2-128s_signed-by_ML-DSA-65,SLH-DSA-SHA2-128s_signed-by_ML-DSA-65,3146.86,90.2411,11.0688,0,0,0,311.032,13,1.04714e+06,1.0483e+06,17250,17247
2,4,87,SLH-DSA-SHA2-128s_signed-by_ML-DSA-65,SLH-DSA-SHA2-128s_signed-by_ML-DSA-65,3145.59,90.2774,11.0733,0,0,0,314.903,24,1.04753e+06,1.04869e+06,17250,17247
2,8,88,SLH-DSA-SHA2-128s_signed-by_ML-DSA-65,SLH-DSA-SHA2-128s_signed-by_ML-DSA-65,3150.1,90.1483,11.0574,0,0,0,314.387,14,1.04736e+06,1.04852e+06,17250,17247
2,3,88,SLH-DSA-SHA2-128s_signed-by_ML-DSA-65,SLH-DSA-SHA2-128s_signed-by_ML-DSA-65,3144.44,90.3105,11.0773,0,0,0,311.032,24,1.04753e+06,1.04796e+06,17250,17247
2,6,88,SLH-DSA-SHA2-128s_signed-by_ML-DSA-65,SLH-DSA-SHA2-128s_signed-by_ML-DSA-65,3148.03,90.2077,11.0647,0,0,0,340.839,19,1.05363e+06,1.04654e+06,17250,17247
2,1,88,SLH-DSA-SHA2-128s_signed-by_ML-DSA-65,SLH-DSA-SHA2-128s_signed-by_ML-DSA-65,3146.02,90.2652,11.0718,0,0,0,311.032,24,1.04682e+06,1.04773e+06,17250,17247
2,2,88,SLH-DSA-SHA2-128s_signed-by_ML-DSA-65,SLH-DSA-SHA2-128s_signed-by_ML-DSA-65,3145.07,90.2923,11.0751,0,0,0,311.032,24,1.04608e+06,1.04739e+06,17250,17247
2,5,88,SLH-DSA-SHA2-128s_signed-by_ML-DSA-65,SLH-DSA-SHA2-128s_signed-by_ML-DSA-65,3148.09,90.2058,11.0645,0,0,0,340.839,19,1.04636e+06,1.04794e+06,17250,17247
2,7,88,SLH-DSA-SHA2-128s_signed-by_ML-DSA-65,SLH-DSA-SHA2-128s_signed-by_ML-DSA-65,3145.26,90.2868,11.0744,0,0,0,311.032,11,1.04654e+06,1.04638e+06,17250,17247
2,4,88,SLH-DSA-SHA2-128s_signed-by_ML-DSA-65,SLH-DSA-SHA2-128s_signed-by_ML-DSA-65,3150.18,90.1461,11.0572,0,0,0,311.032,24,1.04625e+06,1.05265e+06,17250,17247
2,8,89,SLH-DSA-SHA2-128s_signed-by_ML-DSA-65,SLH-DSA-SHA2-128s_signed-by_ML-DSA-65,3144.2,90.3175,11.0782,0,0,0,311.032,13,1.05082e+06,1.04706e+06,17250,17247
2,3,89,SLH-DSA-SHA2-128s_signed-by_ML-DSA-65,SLH-DSA-SHA2-128s_signed-by_ML-DSA-65,3147.41,90.2252,11.0669,0,0,0,314.387,24,1.0477e+06,1.04924e+06,17250,17247
2,6,89,SLH-DSA-SHA2-128s_signed-by_ML-DSA-65,SLH-DSA-SHA2-128s_signed-by_ML-DSA-65,3143.87,90.3269,11.0793,0,0,0,340.839,14,1.04802e+06,1.04709e+06,17250,17247
2,1,89,SLH-DSA-SHA2-128s_signed-by_ML-DSA-65,SLH-DSA-SHA2-128s_signed-by_ML-DSA-65,3148.5,90.194,11.063,0,0,0,311.032,24,1.04707e+06,1.05054e+06,17250,17247
2,2,89,SLH-DSA-SHA2-128s_signed-by_ML-DSA-65,SLH-DSA-SHA2-128s_signed-by_ML-DSA-65,3144.55,90.3075,11.077,0,0,0,311.032,24,1.04653e+06,1.04694e+06,17250,17247
2,5,89,SLH-DSA-SHA2-128s_signed-by_ML-DSA-65,SLH-DSA-SHA2-128s_signed-by_ML-DSA-65,3144.27,90.3154,11.0779,0,0,0,340.839,13,1.04659e+06,1.04757e+06,17250,17247
2,7,89,SLH-DSA-SHA2-128s_signed-by_ML-DSA-65,SLH-DSA-SHA2-128s_signed-by_ML-DSA-65,3150.39,90.1399,11.0564,0,0,0,311.032,11,1.04807e+06,1.05038e+06,17250,17247
2,4,89,SLH-DSA-SHA2-128s_signed-by_ML-DSA-65,SLH-DSA-SHA2-128s_signed-by_ML-DSA-65,3145.82,90.271,11.0725,0,0,0,311.032,24,1.04752e+06,1.04747e+06,17250,17247
2,8,90,SLH-DSA-SHA2-128s_signed-by_ML-DSA-65,SLH-DSA-SHA2-128s_signed-by_ML-DSA-65,3146.8,90.2429,11.069,0,0,0,311.032,17,1.04731e+06,1.05063e+06,17250,17247
2,3,90,SLH-DSA-SHA2-128s_signed-by_ML-DSA-65,SLH-DSA-SHA2-128s_signed-by_ML-DSA-65,3145.07,90.2924,11.0751,0,0,0,311.032,24,1.04715e+06,1.04748e+06,17250,17247
2,6,90,SLH-DSA-SHA2-128s_signed-by_ML-DSA-65,SLH-DSA-SHA2-128s_signed-by_ML-DSA-65,3146.96,90.2382,11.0685,0,0,0,340.839,15,1.04992e+06,1.04856e+06,17250,17247
2,1,90,SLH-DSA-SHA2-128s_signed-by_ML-DSA-65,SLH-DSA-SHA2-128s_signed-by_ML-DSA-65,3144.11,90.3199,11.0785,0,0,0,311.032,24,1.04726e+06,1.04693e+06,17250,17247
2,2,90,SLH-DSA-SHA2-128s_signed-by_ML-DSA-65,SLH-DSA-SHA2-128s_signed-by_ML-DSA-65,3145,90.2945,11.0754,0,0,0,314.387,24,1.05244e+06,1.0477e+06,17250,17247
2,5,90,SLH-DSA-SHA2-128s_signed-by_ML-DSA-65,SLH-DSA-SHA2-128s_signed-by_ML-DSA-65,3146.96,90.2383,11.0685,0,0,0,344.065,19,1.04571e+06,1.04718e+06,17250,17247
2,7,90,SLH-DSA-SHA2-128s_signed-by_ML-DSA-65,SLH-DSA-SHA2-128s_signed-by_ML-DSA-65,3145.3,90.2859,11.0743,0,0,0,311.032,6,1.04606e+06,1.04883e+06,17250,17247
2,4,90,SLH-DSA-SHA2-128s_signed-by_ML-DSA-65,SLH-DSA-SHA2-128s_signed-by_ML-DSA-65,3144.1,90.3202,11.0785,0,0,0,311.032,24,1.04719e+06,1.04756e+06,17250,17247
2,8,91,SLH-DSA-SHA2-128s_signed-by_ML-DSA-65,SLH-DSA-SHA2-128s_signed-by_ML-DSA-65,3152.58,90.0774,11.0487,0,0,0,311.032,15,1.04872e+06,1.04739e+06,17250,17247
2,3,91,SLH-DSA-SHA2-128s_signed-by_ML-DSA-65,SLH-DSA-SHA2-128s_signed-by_ML-DSA-65,3180.94,89.2743,10.9502,0,0,0,311.032,24,1.04676e+06,1.0468e+06,17250,17247
2,6,91,SLH-DSA-SHA2-128s_signed-by_ML-DSA-65,SLH-DSA-SHA2-128s_signed-by_ML-DSA-65,3156.72,89.9591,11.0342,0,0,0,342,14,1.0475e+06,1.04847e+06,17250,17247
2,1,91,SLH-DSA-SHA2-128s_signed-by_ML-DSA-65,SLH-DSA-SHA2-128s_signed-by_ML-DSA-65,3182.22,89.2382,10.9458,0,0,0,311.032,24,1.04581e+06,1.04881e+06,17250,17247
2,2,91,SLH-DSA-SHA2-128s_signed-by_ML-DSA-65,SLH-DSA-SHA2-128s_signed-by_ML-DSA-65,3183.47,89.2032,10.9415,0,0,0,311.032,24,1.0476e+06,1.04893e+06,17250,17247
2,5,91,SLH-DSA-SHA2-128s_signed-by_ML-DSA-65,SLH-DSA-SHA2-128s_signed-by_ML-DSA-65,3145.28,90.2862,11.0744,0,0,0,340.839,15,1.04757e+06,1.04818e+06,17250,17247
2,7,91,SLH-DSA-SHA2-128s_signed-by_ML-DSA-65,SLH-DSA-SHA2-128s_signed-by_ML-DSA-65,3221.84,88.141,10.8112,0,0,0,311.032,9,1.04619e+06,1.08504e+06,17250,17247
2,4,91,SLH-DSA-SHA2-128s_signed-by_ML-DSA-65,SLH-DSA-SHA2-128s_signed-by_ML-DSA-65,3144.1,90.3202,11.0785,0,0,0,311.032,24,1.04734e+06,1.04802e+06,17250,17247
2,8,92,SLH-DSA-SHA2-128s_signed-by_ML-DSA-65,SLH-DSA-SHA2-128s_signed-by_ML-DSA-65,3145.9,90.2685,11.0722,0,0,0,311.032,14,1.04827e+06,1.04822e+06,17250,17247
2,3,92,SLH-DSA-SHA2-128s_signed-by_ML-DSA-65,SLH-DSA-SHA2-128s_signed-by_ML-DSA-65,3144.88,90.2978,11.0758,0,0,0,311.032,24,1.04738e+06,1.04704e+06,17250,17247
2,6,92,SLH-DSA-SHA2-128s_signed-by_ML-DSA-65,SLH-DSA-SHA2-128s_signed-by_ML-DSA-65,3144.79,90.3003,11.0761,0,0,0,340.839,17,1.04781e+06,1.0466e+06,17250,17247
2,1,92,SLH-DSA-SHA2-128s_signed-by_ML-DSA-65,SLH-DSA-SHA2-128s_signed-by_ML-DSA-65,3145.18,90.2892,11.0747,0,0,0,311.032,24,1.04793e+06,1.04805e+06,17250,17247
2,2,92,SLH-DSA-SHA2-128s_signed-by_ML-DSA-65,SLH-DSA-SHA2-128s_signed-by_ML-DSA-65,3148.89,90.1829,11.0617,0,0,0,311.032,24,1.04698e+06,1.04783e+06,17250,17247
2,5,92,SLH-DSA-SHA2-128s_signed-by_ML-DSA-65,SLH-DSA-SHA2-128s_signed-by_ML-DSA-65,3145.69,90.2745,11.0729,0,0,0,340.839,15,1.04749e+06,1.04775e+06,17250,17247
2,7,92,SLH-DSA-SHA2-128s_signed-by_ML-DSA-65,SLH-DSA-SHA2-128s_signed-by_ML-DSA-65,3144.81,90.2998,11.076,0,0,0,311.032,11,1.04764e+06,1.04737e+06,17250,17247
2,4,92,SLH-DSA-SHA2-128s_signed-by_ML-DSA-65,SLH-DSA-SHA2-128s_signed-by_ML-DSA-65,3155.65,89.9898,11.038,0,0,0,579.161,24,1.04694e+06,1.05202e+06,17250,17247
2,8,93,SLH-DSA-SHA2-128s_signed-by_ML-DSA-65,SLH-DSA-SHA2-128s_signed-by_ML-DSA-65,3148.96,90.1809,11.0614,0,0,0,311.032,13,1.04713e+06,1.04677e+06,17250,17247
2,3,93,SLH-DSA-SHA2-128s_signed-by_ML-DSA-65,SLH-DSA-SHA2-128s_signed-by_ML-DSA-65,3147.56,90.221,11.0663,0,0,0,311.032,24,1.0468e+06,1.04727e+06,17250,17247
2,6,93,SLH-DSA-SHA2-128s_signed-by_ML-DSA-65,SLH-DSA-SHA2-128s_signed-by_ML-DSA-65,3147.8,90.2142,11.0655,0,0,0,340.839,17,1.04713e+06,1.0473e+06,17250,17247
2,1,93,SLH-DSA-SHA2-128s_signed-by_ML-DSA-65,SLH-DSA-SHA2-128s_signed-by_ML-DSA-65,3149.82,90.1563,11.0584,0,0,0,311.032,24,1.04675e+06,1.04865e+06,17250,17247
2,2,93,SLH-DSA-SHA2-128s_signed-by_ML-DSA-65,SLH-DSA-SHA2-128s_signed-by_ML-DSA-65,3149.01,90.1794,11.0612,0,0,0,311.032,24,1.04654e+06,1.04662e+06,17250,17247
2,5,93,SLH-DSA-SHA2-128s_signed-by_ML-DSA-65,SLH-DSA-SHA2-128s_signed-by_ML-DSA-65,3151.44,90.1099,11.0527,0,0,0,340.839,8,1.04887e+06,1.05064e+06,17250,17247
2,7,93,SLH-DSA-SHA2-128s_signed-by_ML-DSA-65,SLH-DSA-SHA2-128s_signed-by_ML-DSA-65,3148.65,90.1897,11.0625,0,0,0,311.032,14,1.04885e+06,1.0484e+06,17250,17247
2,4,93,SLH-DSA-SHA2-128s_signed-by_ML-DSA-65,SLH-DSA-SHA2-128s_signed-by_ML-DSA-65,3146.32,90.2565,11.0707,0,0,0,311.032,24,1.04801e+06,1.04855e+06,17250,17247
