scenario,node_id,handshake_index,sta_cert_algo,ap_cert_algo,handshake_delay_ms,goodput_kbps,throughput_kbps,phy_frame_drop_rate,mac_retries,mac_retry_rate,tx_delay_us,prop_delay_ns,cert_verify_ap_us,cert_verify_sta_us,server_cert_msg_bytes,client_cert_msg_bytes
2,8,0,SLH-DSA-SHA2-192f_signed-by_SLH-DSA-SHAKE-256s,SLH-DSA-SHA2-192f_signed-by_SLH-DSA-SHAKE-256s,288.009,5369.08,284.046,0.561404,10,0.0877193,311.754,15,89621,89564.6,96148,96145
2,6,0,SLH-DSA-SHA2-192f_signed-by_SLH-DSA-SHAKE-256s,SLH-DSA-SHA2-192f_signed-by_SLH-DSA-SHAKE-256s,348.181,4441.2,211.798,0.592593,0,0,312.259,8,89815.7,89949.6,96148,96145
2,3,0,SLH-DSA-SHA2-192f_signed-by_SLH-DSA-SHAKE-256s,SLH-DSA-SHA2-192f_signed-by_SLH-DSA-SHAKE-256s,368.227,4199.43,222.862,0.556522,10,0.0869565,278.522,24,89885.8,89732.8,96148,96145
2,1,0,SLH-DSA-SHA2-192f_signed-by_SLH-DSA-SHAKE-256s,SLH-DSA-SHA2-192f_signed-by_SLH-DSA-SHAKE-256s,411.079,3761.66,196.244,0.533333,19,0.158333,324.467,24,89774.3,89521.4,96148,96145
2,2,0,SLH-DSA-SHA2-192f_signed-by_SLH-DSA-SHAKE-256s,SLH-DSA-SHA2-192f_signed-by_SLH-DSA-SHAKE-256s,421.716,3666.79,176.119,0.587156,1,0.00917431,460.202,24,89508,89723.9,96148,96145
2,5,0,SLH-DSA-SHA2-192f_signed-by_SLH-DSA-SHAKE-256s,SLH-DSA-SHA2-192f_signed-by_SLH-DSA-SHAKE-256s,425.269,3636.15,256.891,0.778481,91,0.575949,1127.06,15,90064.5,90015.4,96148,96145
2,7,0,SLH-DSA-SHA2-192f_signed-by_SLH-DSA-SHAKE-256s,SLH-DSA-SHA2-192f_signed-by_SLH-DSA-SHAKE-256s,427.001,3621.41,173.302,1,0,0,341.45,16,89907.9,89422.3,96148,96145
2,8,1,SLH-DSA-SHA2-192f_signed-by_SLH-DSA-SHAKE-256s,SLH-DSA-SHA2-192f_signed-by_SLH-DSA-SHAKE-256s,285.202,5421.92,362.69,1,0,0,497.423,15,89581.2,89238.9,96148,96145
2,6,1,SLH-DSA-SHA2-192f_signed-by_SLH-DSA-SHAKE-256s,SLH-DSA-SHA2-192f_signed-by_SLH-DSA-SHAKE-256s,469.687,3292.28,267.071,1,75,0.496689,360.411,9,89808.4,89513.2,96148,96145
2,3,1,SLH-DSA-SHA2-192f_signed-by_SLH-DSA-SHAKE-256s,SLH-DSA-SHA2-192f_signed-by_SLH-DSA-SHAKE-256s,457.106,3382.89,294.373,1,85,0.534591,361.597,24,89963.2,89317.1,96148,96145
2,1,1,SLH-DSA-SHA2-192f_signed-by_SLH-DSA-SHAKE-256s,SLH-DSA-SHA2-192f_signed-by_SLH-DSA-SHAKE-256s,456.53,3387.16,295.27,1,227,1.60993,497.121,24,90136.9,89757.7,96148,96145
2,5,1,SLH-DSA-SHA2-192f_signed-by_SLH-DSA-SHAKE-256s,SLH-DSA-SHA2-192f_signed-by_SLH-DSA-SHAKE-256s,443.988,3482.84,327.107,1,70,0.507246,881.014,15,89396.1,89464.5,96148,96145
2,7,1,SLH-DSA-SHA2-192f_signed-by_SLH-DSA-SHAKE-256s,SLH-DSA-SHA2-192f_signed-by_SLH-DSA-SHAKE-256s,453.397,3410.57,252.74,1,60,0.517241,665.31,16,89854.3,89345.5,96148,96145
2,2,1,SLH-DSA-SHA2-192f_signed-by_SLH-DSA-SHAKE-256s,SLH-DSA-SHA2-192f_signed-by_SLH-DSA-SHAKE-256s,477.66,3237.33,251.995,1,106,0.876033,964.248,24,89588.6,89279.3,96148,96145
2,8,2,SLH-DSA-SHA2-192f_signed-by_SLH-DSA-SHAKE-256s,SLH-DSA-SHA2-192f_signed-by_SLH-DSA-SHAKE-256s,336.481,4595.62,305.895,1,0,0,829.56,16,89652.2,89422.3,96148,96145
2,6,2,SLH-DSA-SHA2-192f_signed-by_SLH-DSA-SHAKE-256s,SLH-DSA-SHA2-192f_signed-by_SLH-DSA-SHAKE-256s,371.873,4158.26,320.453,1,41,0.29927,370.934,10,89603.3,89442.9,96148,96145
2,3,2,SLH-DSA-SHA2-192f_signed-by_SLH-DSA-SHAKE-256s,SLH-DSA-SHA2-192f_signed-by_SLH-DSA-SHAKE-256s,378.704,4083.25,275.17,1,0,0,393.825,24,89520.7,89834.1,96148,96145
2,5,2,SLH-DSA-SHA2-192f_signed-by_SLH-DSA-SHAKE-256s,SLH-DSA-SHA2-192f_signed-by_SLH-DSA-SHAKE-256s,377.807,4092.94,364.503,1,179,1.33582,695.881,15,89751.3,89724,96148,96145
2,7,2,SLH-DSA-SHA2-192f_signed-by_SLH-DSA-SHAKE-256s,SLH-DSA-SHA2-192f_signed-by_SLH-DSA-SHAKE-256s,377.844,4092.54,400.165,1,223,1.31953,427.183,17,90131,89538.9,96148,96145
2,8,3,SLH-DSA-SHA2-192f_signed-by_SLH-DSA-SHAKE-256s,SLH-DSA-SHA2-192f_signed-by_SLH-DSA-SHAKE-256s,360.351,4291.21,335.495,1,141,1.16529,498.364,17,89847.8,89331.7,96148,96145
2,1,2,SLH-DSA-SHA2-192f_signed-by_SLH-DSA-SHAKE-256s,SLH-DSA-SHA2-192f_signed-by_SLH-DSA-SHAKE-256s,408.49,3785.51,304.732,1,97,0.664384,398.027,24,89444,89563.9,96148,96145
2,4,0,SLH-DSA-SHA2-192f_signed-by_SLH-DSA-SHAKE-256s,SLH-DSA-SHA2-192f_signed-by_SLH-DSA-SHAKE-256s,1318.01,1173.24,56.1452,1,0,0,349.67,24,90179.7,89859.4,96148,96145
2,6,3,SLH-DSA-SHA2-192f_signed-by_SLH-DSA-SHAKE-256s,SLH-DSA-SHA2-192f_signed-by_SLH-DSA-SHAKE-256s,325.743,4747.12,320.104,0.575221,1,0.00884956,444.442,10,89804.1,89248.7,96148,96145
2,3,3,SLH-DSA-SHA2-192f_signed-by_SLH-DSA-SHAKE-256s,SLH-DSA-SHA2-192f_signed-by_SLH-DSA-SHAKE-256s,371.517,4162.23,265.635,0.585586,0,0,400.595,24,89643.8,89367.2,96148,96145
2,5,3,SLH-DSA-SHA2-192f_signed-by_SLH-DSA-SHAKE-256s,SLH-DSA-SHA2-192f_signed-by_SLH-DSA-SHAKE-256s,362.984,4260.08,327.86,0.477612,41,0.30597,694.985,15,89478.2,89554.7,96148,96145
2,1,3,SLH-DSA-SHA2-192f_signed-by_SLH-DSA-SHAKE-256s,SLH-DSA-SHA2-192f_signed-by_SLH-DSA-SHAKE-256s,347.531,4449.51,315.505,0.452174,23,0.2,516.817,24,89552,91657.5,96148,96145
2,7,3,SLH-DSA-SHA2-192f_signed-by_SLH-DSA-SHAKE-256s,SLH-DSA-SHA2-192f_signed-by_SLH-DSA-SHAKE-256s,372.762,4148.33,316.641,0.931818,41,0.310606,426.455,18,89607.9,94347.4,96148,96145
2,8,4,SLH-DSA-SHA2-192f_signed-by_SLH-DSA-SHAKE-256s,SLH-DSA-SHA2-192f_signed-by_SLH-DSA-SHAKE-256s,373.887,4135.85,293.264,1,23,0.2,485.304,18,89644,89711.4,96148,96145
2,4,1,SLH-DSA-SHA2-192f_signed-by_SLH-DSA-SHAKE-256s,SLH-DSA-SHA2-192f_signed-by_SLH-DSA-SHAKE-256s,336.989,4588.7,310.609,1,1,0.00877193,574.246,24,90073.4,89308,96148,96145
2,6,4,SLH-DSA-SHA2-192f_signed-by_SLH-DSA-SHAKE-256s,SLH-DSA-SHA2-192f_signed-by_SLH-DSA-SHAKE-256s,303.862,5088.95,327.305,1,0,0,328.737,10,89470.5,89290,96148,96145
2,3,4,SLH-DSA-SHA2-192f_signed-by_SLH-DSA-SHAKE-256s,SLH-DSA-SHA2-192f_signed-by_SLH-DSA-SHAKE-256s,346.315,4465.14,405.18,1,105,0.625,340.643,24,90058.5,89599.1,96148,96145
2,5,4,SLH-DSA-SHA2-192f_signed-by_SLH-DSA-SHAKE-256s,SLH-DSA-SHA2-192f_signed-by_SLH-DSA-SHAKE-256s,338.039,4574.45,337.286,1,119,1.02586,655.379,15,89514.8,89837.7,96148,96145
2,1,4,SLH-DSA-SHA2-192f_signed-by_SLH-DSA-SHAKE-256s,SLH-DSA-SHA2-192f_signed-by_SLH-DSA-SHAKE-256s,353.978,4368.47,319.929,1,45,0.381356,607.322,24,89688.1,89763.1,96148,96145
2,7,4,SLH-DSA-SHA2-192f_signed-by_SLH-DSA-SHAKE-256s,SLH-DSA-SHA2-192f_signed-by_SLH-DSA-SHAKE-256s,360.586,4288.41,326.535,1,45,0.348837,446.372,19,89435.1,89348,96148,96145
2,4,2,SLH-DSA-SHA2-192f_signed-by_SLH-DSA-SHAKE-256s,SLH-DSA-SHA2-192f_signed-by_SLH-DSA-SHAKE-256s,364.485,4242.54,425.015,1,283,1.65497,600.737,24,89723.2,89424.4,96148,96145
2,8,5,SLH-DSA-SHA2-192f_signed-by_SLH-DSA-SHAKE-256s,SLH-DSA-SHA2-192f_signed-by_SLH-DSA-SHAKE-256s,401.717,3849.34,273.745,1,26,0.222222,447.744,18,90081.4,89948.7,96148,96145
2,6,5,SLH-DSA-SHA2-192f_signed-by_SLH-DSA-SHAKE-256s,SLH-DSA-SHA2-192f_signed-by_SLH-DSA-SHAKE-256s,297.21,5202.86,368.924,1,23,0.2,460.887,10,89571.6,89458.6,96148,96145
2,3,5,SLH-DSA-SHA2-192f_signed-by_SLH-DSA-SHAKE-256s,SLH-DSA-SHA2-192f_signed-by_SLH-DSA-SHAKE-256s,329.472,4693.4,386.606,1,146,0.993197,525.048,24,89389.3,89343.1,96148,96145
2,7,5,SLH-DSA-SHA2-192f_signed-by_SLH-DSA-SHAKE-256s,SLH-DSA-SHA2-192f_signed-by_SLH-DSA-SHAKE-256s,331.593,4663.37,348.427,1,140,1.18644,569.763,19,89953.3,90572.9,96148,96145
2,5,5,SLH-DSA-SHA2-192f_signed-by_SLH-DSA-SHAKE-256s,SLH-DSA-SHA2-192f_signed-by_SLH-DSA-SHAKE-256s,380.159,4067.62,348.99,1,80,0.516129,758.748,16,90449.2,89239.7,96148,96145
2,4,3,SLH-DSA-SHA2-192f_signed-by_SLH-DSA-SHAKE-256s,SLH-DSA-SHA2-192f_signed-by_SLH-DSA-SHAKE-256s,340.807,4537.29,336.33,1,32,0.25,455.156,24,89689.9,89195.4,96148,96145
2,8,6,SLH-DSA-SHA2-192f_signed-by_SLH-DSA-SHAKE-256s,SLH-DSA-SHA2-192f_signed-by_SLH-DSA-SHAKE-256s,332.262,4653.98,329.715,1,167,1.45217,502.661,19,89659,90015.8,96148,96145
2,6,6,SLH-DSA-SHA2-192f_signed-by_SLH-DSA-SHAKE-256s,SLH-DSA-SHA2-192f_signed-by_SLH-DSA-SHAKE-256s,304.484,5078.57,429.474,1,67,0.455782,447.388,10,90006.6,89950.5,96148,96145
2,1,5,SLH-DSA-SHA2-192f_signed-by_SLH-DSA-SHAKE-256s,SLH-DSA-SHA2-192f_signed-by_SLH-DSA-SHAKE-256s,481.914,3208.75,241.437,1,37,0.272059,422.265,24,89951.5,89865.7,96148,96145
2,3,6,SLH-DSA-SHA2-192f_signed-by_SLH-DSA-SHAKE-256s,SLH-DSA-SHA2-192f_signed-by_SLH-DSA-SHAKE-256s,351.636,4397.56,316.645,1,21,0.169355,406.871,24,89460.8,89273.2,96148,96145
2,7,6,SLH-DSA-SHA2-192f_signed-by_SLH-DSA-SHAKE-256s,SLH-DSA-SHA2-192f_signed-by_SLH-DSA-SHAKE-256s,395.158,3913.22,340.602,1,69,0.485915,404.366,19,89753.6,89377.3,96148,96145
2,5,6,SLH-DSA-SHA2-192f_signed-by_SLH-DSA-SHAKE-256s,SLH-DSA-SHA2-192f_signed-by_SLH-DSA-SHAKE-256s,399.562,3870.09,341.253,1,145,0.986395,784.966,16,89651.8,89169.8,96148,96145
2,4,4,SLH-DSA-SHA2-192f_signed-by_SLH-DSA-SHAKE-256s,SLH-DSA-SHA2-192f_signed-by_SLH-DSA-SHAKE-256s,380.293,4066.19,288.241,1,83,0.721739,492.991,24,89699.7,89292,96148,96145
2,8,7,SLH-DSA-SHA2-192f_signed-by_SLH-DSA-SHAKE-256s,SLH-DSA-SHA2-192f_signed-by_SLH-DSA-SHAKE-256s,375.125,4122.2,317.163,1,274,2.34188,640.735,18,89796.1,89326.7,96148,96145
2,6,7,SLH-DSA-SHA2-192f_signed-by_SLH-DSA-SHAKE-256s,SLH-DSA-SHA2-192f_signed-by_SLH-DSA-SHAKE-256s,353.795,4370.72,348.857,1,76,0.617886,469.024,10,89706,89697.1,96148,96145
2,1,6,SLH-DSA-SHA2-192f_signed-by_SLH-DSA-SHAKE-256s,SLH-DSA-SHA2-192f_signed-by_SLH-DSA-SHAKE-256s,327.385,4723.32,400.311,1,215,1.54676,659.094,24,90020.3,89447.8,96148,96145
2,3,7,SLH-DSA-SHA2-192f_signed-by_SLH-DSA-SHAKE-256s,SLH-DSA-SHA2-192f_signed-by_SLH-DSA-SHAKE-256s,286.327,5400.62,445.085,1,65,0.442177,491.415,24,89451,89201.9,96148,96145
2,5,7,SLH-DSA-SHA2-192f_signed-by_SLH-DSA-SHAKE-256s,SLH-DSA-SHA2-192f_signed-by_SLH-DSA-SHAKE-256s,306.669,5042.38,391.04,1,97,0.801653,790.099,16,89699.2,89778.1,96148,96145
2,8,8,SLH-DSA-SHA2-192f_signed-by_SLH-DSA-SHAKE-256s,SLH-DSA-SHA2-192f_signed-by_SLH-DSA-SHAKE-256s,339.452,4555.41,324.004,1,83,0.709402,493.624,17,89596.3,89237.3,96148,96145
2,7,7,SLH-DSA-SHA2-192f_signed-by_SLH-DSA-SHAKE-256s,SLH-DSA-SHA2-192f_signed-by_SLH-DSA-SHAKE-256s,379.921,4070.16,279.721,1,22,0.178862,375.301,18,89609.7,89330.6,96148,96145
2,6,8,SLH-DSA-SHA2-192f_signed-by_SLH-DSA-SHAKE-256s,SLH-DSA-SHA2-192f_signed-by_SLH-DSA-SHAKE-256s,348.724,4434.29,346.405,1,108,0.9,438.7,9,89568.8,89630,96148,96145
2,1,7,SLH-DSA-SHA2-192f_signed-by_SLH-DSA-SHAKE-256s,SLH-DSA-SHA2-192f_signed-by_SLH-DSA-SHAKE-256s,364.691,4240.14,321.762,1,93,0.762295,599.738,24,89588.8,89409.8,96148,96145
2,4,5,SLH-DSA-SHA2-192f_signed-by_SLH-DSA-SHAKE-256s,SLH-DSA-SHA2-192f_signed-by_SLH-DSA-SHAKE-256s,432.556,3574.89,325.063,1,206,1.50365,698.175,24,89608.3,89451,96148,96145
2,3,8,SLH-DSA-SHA2-192f_signed-by_SLH-DSA-SHAKE-256s,SLH-DSA-SHA2-192f_signed-by_SLH-DSA-SHAKE-256s,302.94,5104.45,361.365,0.878261,83,0.721739,539.983,24,89658.9,89157.5,96148,96145
2,5,8,SLH-DSA-SHA2-192f_signed-by_SLH-DSA-SHAKE-256s,SLH-DSA-SHA2-192f_signed-by_SLH-DSA-SHAKE-256s,291.618,5302.62,371.883,1,0,0,791.286,17,89771.6,89376,96148,96145
2,8,9,SLH-DSA-SHA2-192f_signed-by_SLH-DSA-SHAKE-256s,SLH-DSA-SHA2-192f_signed-by_SLH-DSA-SHAKE-256s,310.154,4985.72,411.511,0.837838,98,0.662162,454.757,16,89609.4,89299.3,96148,96145
2,7,8,SLH-DSA-SHA2-192f_signed-by_SLH-DSA-SHAKE-256s,SLH-DSA-SHA2-192f_signed-by_SLH-DSA-SHAKE-256s,339.03,4561.07,361.643,0.892086,53,0.381295,657.194,17,89756.8,89817.8,96148,96145
2,6,9,SLH-DSA-SHA2-192f_signed-by_SLH-DSA-SHAKE-256s,SLH-DSA-SHA2-192f_signed-by_SLH-DSA-SHAKE-256s,342.232,4518.41,288.366,0.972973,0,0,485.459,9,89831.6,89150.2,96148,96145
2,1,8,SLH-DSA-SHA2-192f_signed-by_SLH-DSA-SHAKE-256s,SLH-DSA-SHA2-192f_signed-by_SLH-DSA-SHAKE-256s,330.66,4676.53,298.457,0.972973,0,0,497.387,24,89581,89386.9,96148,96145
2,3,9,SLH-DSA-SHA2-192f_signed-by_SLH-DSA-SHAKE-256s,SLH-DSA-SHA2-192f_signed-by_SLH-DSA-SHAKE-256s,312.673,4945.55,359.736,0.930435,45,0.391304,527.983,24,90735.8,89446.9,96148,96145
2,4,6,SLH-DSA-SHA2-192f_signed-by_SLH-DSA-SHAKE-256s,SLH-DSA-SHA2-192f_signed-by_SLH-DSA-SHAKE-256s,337.429,4582.72,341.121,1,56,0.474576,406,24,90189.2,89371.6,96148,96145
2,5,9,SLH-DSA-SHA2-192f_signed-by_SLH-DSA-SHAKE-256s,SLH-DSA-SHA2-192f_signed-by_SLH-DSA-SHAKE-256s,284.332,5438.51,364.7,0.241071,0,0,771.464,17,89600,89440.2,96148,96145
2,8,10,SLH-DSA-SHA2-192f_signed-by_SLH-DSA-SHAKE-256s,SLH-DSA-SHA2-192f_signed-by_SLH-DSA-SHAKE-256s,302.925,5104.7,365.872,0.745902,21,0.172131,425.508,16,90006.9,89666.6,96148,96145
2,7,9,SLH-DSA-SHA2-192f_signed-by_SLH-DSA-SHAKE-256s,SLH-DSA-SHA2-192f_signed-by_SLH-DSA-SHAKE-256s,323.372,4781.92,321.462,0.80531,0,0,394.248,17,90430.4,89353,96148,96145
2,6,10,SLH-DSA-SHA2-192f_signed-by_SLH-DSA-SHAKE-256s,SLH-DSA-SHA2-192f_signed-by_SLH-DSA-SHAKE-256s,329.598,4691.59,322.428,0.869919,22,0.178862,371.073,9,89656.4,89961.3,96148,96145
2,1,9,SLH-DSA-SHA2-192f_signed-by_SLH-DSA-SHAKE-256s,SLH-DSA-SHA2-192f_signed-by_SLH-DSA-SHAKE-256s,322.64,4792.78,333.151,0.90678,11,0.0932203,421.559,24,89413.8,90443.8,96148,96145
2,4,7,SLH-DSA-SHA2-192f_signed-by_SLH-DSA-SHAKE-256s,SLH-DSA-SHA2-192f_signed-by_SLH-DSA-SHAKE-256s,323.128,4785.53,321.705,1,0,0,448.159,24,89543.5,89461.1,96148,96145
2,3,10,SLH-DSA-SHA2-192f_signed-by_SLH-DSA-SHAKE-256s,SLH-DSA-SHA2-192f_signed-by_SLH-DSA-SHAKE-256s,343.316,4504.14,371.483,1,57,0.401408,502.732,24,89895.4,89322.5,96148,96145
2,5,10,SLH-DSA-SHA2-192f_signed-by_SLH-DSA-SHAKE-256s,SLH-DSA-SHA2-192f_signed-by_SLH-DSA-SHAKE-256s,302.671,5108.98,378.02,1,79,0.675214,805.658,16,89815.1,89482.9,96148,96145
2,8,11,SLH-DSA-SHA2-192f_signed-by_SLH-DSA-SHAKE-256s,SLH-DSA-SHA2-192f_signed-by_SLH-DSA-SHAKE-256s,304.288,5081.83,344.147,1,0,0,323.793,16,89481.5,89249.4,96148,96145
2,7,10,SLH-DSA-SHA2-192f_signed-by_SLH-DSA-SHAKE-256s,SLH-DSA-SHA2-192f_signed-by_SLH-DSA-SHAKE-256s,342.838,4510.41,354.592,1,64,0.474074,492.607,18,89842.6,89320.3,96148,96145
2,6,11,SLH-DSA-SHA2-192f_signed-by_SLH-DSA-SHAKE-256s,SLH-DSA-SHA2-192f_signed-by_SLH-DSA-SHAKE-256s,347.299,4452.48,360.542,1,60,0.416667,366.111,9,89658.4,89455.6,96148,96145
2,1,10,SLH-DSA-SHA2-192f_signed-by_SLH-DSA-SHAKE-256s,SLH-DSA-SHA2-192f_signed-by_SLH-DSA-SHAKE-256s,357.724,4322.73,389.619,1,192,1.31507,578,24,90029.7,89356.8,96148,96145
2,3,11,SLH-DSA-SHA2-192f_signed-by_SLH-DSA-SHAKE-256s,SLH-DSA-SHA2-192f_signed-by_SLH-DSA-SHAKE-256s,337.66,4579.59,308.95,1,0,0,516.539,24,89578.2,89385.4,96148,96145
2,4,8,SLH-DSA-SHA2-192f_signed-by_SLH-DSA-SHAKE-256s,SLH-DSA-SHA2-192f_signed-by_SLH-DSA-SHAKE-256s,358.293,4315.86,331.929,1,43,0.316176,353.118,24,89943.7,89189.3,96148,96145
2,5,11,SLH-DSA-SHA2-192f_signed-by_SLH-DSA-SHAKE-256s,SLH-DSA-SHA2-192f_signed-by_SLH-DSA-SHAKE-256s,330.054,4685.12,329.352,1,2,0.0176991,767.31,16,89586,90043.7,96148,96145
2,2,2,SLH-DSA-SHA2-192f_signed-by_SLH-DSA-SHAKE-256s,SLH-DSA-SHA2-192f_signed-by_SLH-DSA-SHAKE-256s,3349.16,461.712,68.7696,1,141,0.701493,912.786,24,89716.6,89477.4,96148,96145
2,8,12,SLH-DSA-SHA2-192f_signed-by_SLH-DSA-SHAKE-256s,SLH-DSA-SHA2-192f_signed-by_SLH-DSA-SHAKE-256s,301.111,5135.44,414.411,1,170,1.33858,563.921,17,89680.8,89376.3,96148,96145
2,6,12,SLH-DSA-SHA2-192f_signed-by_SLH-DSA-SHAKE-256s,SLH-DSA-SHA2-192f_signed-by_SLH-DSA-SHAKE-256s,317.795,4865.85,375.285,1,43,0.318519,385.348,9,89900.8,89471.9,96148,96145
2,1,11,SLH-DSA-SHA2-192f_signed-by_SLH-DSA-SHAKE-256s,SLH-DSA-SHA2-192f_signed-by_SLH-DSA-SHAKE-256s,375.583,4117.18,276.093,1,0,0,435.321,24,90406.5,89190.9,96148,96145
2,3,12,SLH-DSA-SHA2-192f_signed-by_SLH-DSA-SHAKE-256s,SLH-DSA-SHA2-192f_signed-by_SLH-DSA-SHAKE-256s,384.222,4024.6,277.381,1,4,0.0344828,422.241,24,89475.5,89708.4,96148,96145
2,4,9,SLH-DSA-SHA2-192f_signed-by_SLH-DSA-SHAKE-256s,SLH-DSA-SHA2-192f_signed-by_SLH-DSA-SHAKE-256s,386.401,4001.91,306.21,1,72,0.580645,464.387,24,89605.9,89412,96148,96145
2,5,12,SLH-DSA-SHA2-192f_signed-by_SLH-DSA-SHAKE-256s,SLH-DSA-SHA2-192f_signed-by_SLH-DSA-SHAKE-256s,369.265,4187.62,297.629,1,23,0.198276,814.552,15,89475.5,89567.4,96148,96145
2,2,3,SLH-DSA-SHA2-192f_signed-by_SLH-DSA-SHAKE-256s,SLH-DSA-SHA2-192f_signed-by_SLH-DSA-SHAKE-256s,367.376,4209.16,357.388,0.852941,116,0.852941,901.353,24,90430.9,90153.2,96148,96145
2,8,13,SLH-DSA-SHA2-192f_signed-by_SLH-DSA-SHAKE-256s,SLH-DSA-SHA2-192f_signed-by_SLH-DSA-SHAKE-256s,321.149,4815.02,322.093,0.468468,0,0,455.55,18,89703.5,89423.4,96148,96145
2,6,13,SLH-DSA-SHA2-192f_signed-by_SLH-DSA-SHAKE-256s,SLH-DSA-SHA2-192f_signed-by_SLH-DSA-SHAKE-256s,284.782,5429.92,345.64,0.572727,0,0,460.218,9,89517.6,89419.8,96148,96145
2,4,10,SLH-DSA-SHA2-192f_signed-by_SLH-DSA-SHAKE-256s,SLH-DSA-SHA2-192f_signed-by_SLH-DSA-SHAKE-256s,316.807,4881.03,384.84,1,65,0.451389,454.917,24,89996.5,89666,96148,96145
2,1,12,SLH-DSA-SHA2-192f_signed-by_SLH-DSA-SHAKE-256s,SLH-DSA-SHA2-192f_signed-by_SLH-DSA-SHAKE-256s,360.408,4290.53,287.718,1,0,0,435.321,24,89622.1,89601.1,96148,96145
2,8,14,SLH-DSA-SHA2-192f_signed-by_SLH-DSA-SHAKE-256s,SLH-DSA-SHA2-192f_signed-by_SLH-DSA-SHAKE-256s,325.99,4743.52,319.568,1,0,0,440.957,19,89620.8,89247.8,96148,96145
2,5,13,SLH-DSA-SHA2-192f_signed-by_SLH-DSA-SHAKE-256s,SLH-DSA-SHA2-192f_signed-by_SLH-DSA-SHAKE-256s,354.956,4356.44,391.62,1,92,0.554217,550.795,14,89397.8,89674.2,96148,96145
2,3,13,SLH-DSA-SHA2-192f_signed-by_SLH-DSA-SHAKE-256s,SLH-DSA-SHA2-192f_signed-by_SLH-DSA-SHAKE-256s,424.207,3645.26,368.725,1,148,0.774869,386.482,24,89984.7,89265.8,96148,96145
2,2,4,SLH-DSA-SHA2-192f_signed-by_SLH-DSA-SHAKE-256s,SLH-DSA-SHA2-192f_signed-by_SLH-DSA-SHAKE-256s,381.685,4051.35,338.498,1,72,0.476821,549.073,24,89518,89335,96148,96145
2,6,14,SLH-DSA-SHA2-192f_signed-by_SLH-DSA-SHAKE-256s,SLH-DSA-SHA2-192f_signed-by_SLH-DSA-SHAKE-256s,285.721,5412.07,426.149,1,90,0.737705,537.049,10,89785.9,89277.4,96148,96145
2,4,11,SLH-DSA-SHA2-192f_signed-by_SLH-DSA-SHAKE-256s,SLH-DSA-SHA2-192f_signed-by_SLH-DSA-SHAKE-256s,343.67,4499.5,289.999,1,1,0.00884956,394.319,24,89529.9,89654.7,96148,96145
2,1,13,SLH-DSA-SHA2-192f_signed-by_SLH-DSA-SHAKE-256s,SLH-DSA-SHA2-192f_signed-by_SLH-DSA-SHAKE-256s,362.387,4267.1,308.664,1,21,0.166667,407.365,24,89644.4,89561.6,96148,96145
2,5,14,SLH-DSA-SHA2-192f_signed-by_SLH-DSA-SHAKE-256s,SLH-DSA-SHA2-192f_signed-by_SLH-DSA-SHAKE-256s,316.43,4886.83,371.848,1,72,0.590164,720.262,14,90248.4,89558.6,96148,96145
2,2,5,SLH-DSA-SHA2-192f_signed-by_SLH-DSA-SHAKE-256s,SLH-DSA-SHA2-192f_signed-by_SLH-DSA-SHAKE-256s,349.566,4423.61,347.082,1,169,1.39669,3298.69,24,89842.3,89204.4,96148,96145
2,3,14,SLH-DSA-SHA2-192f_signed-by_SLH-DSA-SHAKE-256s,SLH-DSA-SHA2-192f_signed-by_SLH-DSA-SHAKE-256s,362.996,4259.94,375.188,1,94,0.576687,413.092,24,89695.4,89426.7,96148,96145
2,6,15,SLH-DSA-SHA2-192f_signed-by_SLH-DSA-SHAKE-256s,SLH-DSA-SHA2-192f_signed-by_SLH-DSA-SHAKE-256s,341.027,4534.37,351.409,1,43,0.316176,442.882,10,90049.8,89285,96148,96145
2,8,15,SLH-DSA-SHA2-192f_signed-by_SLH-DSA-SHAKE-256s,SLH-DSA-SHA2-192f_signed-by_SLH-DSA-SHAKE-256s,434.961,3555.13,250.652,1,15,0.12,305.776,20,90035.6,89548.3,96148,96145
2,4,12,SLH-DSA-SHA2-192f_signed-by_SLH-DSA-SHAKE-256s,SLH-DSA-SHA2-192f_signed-by_SLH-DSA-SHAKE-256s,274.383,5635.71,380.723,1,0,0,341.096,24,89744.1,89674.4,96148,96145
2,1,14,SLH-DSA-SHA2-192f_signed-by_SLH-DSA-SHAKE-256s,SLH-DSA-SHA2-192f_signed-by_SLH-DSA-SHAKE-256s,309.335,4998.92,335.222,1,0,0,529.393,24,89451.8,89326.2,96148,96145
2,5,15,SLH-DSA-SHA2-192f_signed-by_SLH-DSA-SHAKE-256s,SLH-DSA-SHA2-192f_signed-by_SLH-DSA-SHAKE-256s,346.408,4463.94,316.574,1,79,0.675214,664.667,14,89538.6,89837.8,96148,96145
2,2,6,SLH-DSA-SHA2-192f_signed-by_SLH-DSA-SHAKE-256s,SLH-DSA-SHA2-192f_signed-by_SLH-DSA-SHAKE-256s,329.381,4694.69,370.44,1,101,0.795276,734.756,24,89424.9,90473.9,96148,96145
2,7,11,SLH-DSA-SHA2-192f_signed-by_SLH-DSA-SHAKE-256s,SLH-DSA-SHA2-192f_signed-by_SLH-DSA-SHAKE-256s,1585.4,975.365,76.5384,1,64,0.441379,320.841,20,89696.6,89398.8,96148,96145
2,8,16,SLH-DSA-SHA2-192f_signed-by_SLH-DSA-SHAKE-256s,SLH-DSA-SHA2-192f_signed-by_SLH-DSA-SHAKE-256s,330.735,4675.47,399.594,1,293,2.09286,510.2,20,89569.4,89783.5,96148,96145
2,3,15,SLH-DSA-SHA2-192f_signed-by_SLH-DSA-SHAKE-256s,SLH-DSA-SHA2-192f_signed-by_SLH-DSA-SHAKE-256s,401.925,3847.34,303.499,1,73,0.536765,464.971,24,89587,89439.6,96148,96145
2,4,13,SLH-DSA-SHA2-192f_signed-by_SLH-DSA-SHAKE-256s,SLH-DSA-SHA2-192f_signed-by_SLH-DSA-SHAKE-256s,295.053,5240.9,418.203,1,211,1.7438,523.025,24,89673.6,89328.5,96148,96145
2,1,15,SLH-DSA-SHA2-192f_signed-by_SLH-DSA-SHAKE-256s,SLH-DSA-SHA2-192f_signed-by_SLH-DSA-SHAKE-256s,288.144,5366.55,441.389,1,65,0.445205,499.315,24,90547.7,89466.4,96148,96145
2,5,16,SLH-DSA-SHA2-192f_signed-by_SLH-DSA-SHAKE-256s,SLH-DSA-SHA2-192f_signed-by_SLH-DSA-SHAKE-256s,291.643,5302.16,355.557,1,0,0,724.571,13,89711,89848.5,96148,96145
2,8,17,SLH-DSA-SHA2-192f_signed-by_SLH-DSA-SHAKE-256s,SLH-DSA-SHA2-192f_signed-by_SLH-DSA-SHAKE-256s,308.296,5015.77,378.545,1,48,0.396694,479.653,20,89656.2,89716,96148,96145
2,7,12,SLH-DSA-SHA2-192f_signed-by_SLH-DSA-SHAKE-256s,SLH-DSA-SHA2-192f_signed-by_SLH-DSA-SHAKE-256s,388.279,3982.56,425.797,1,192,0.989691,622.804,20,89774,89425,96148,96145
2,3,16,SLH-DSA-SHA2-192f_signed-by_SLH-DSA-SHAKE-256s,SLH-DSA-SHA2-192f_signed-by_SLH-DSA-SHAKE-256s,334.182,4627.24,428.316,1,290,1.83544,537.722,24,89525.3,89335.7,96148,96145
2,4,14,SLH-DSA-SHA2-192f_signed-by_SLH-DSA-SHAKE-256s,SLH-DSA-SHA2-192f_signed-by_SLH-DSA-SHAKE-256s,296.592,5213.71,331.877,1,0,0,459.273,24,89563.5,89371.6,96148,96145
2,1,16,SLH-DSA-SHA2-192f_signed-by_SLH-DSA-SHAKE-256s,SLH-DSA-SHA2-192f_signed-by_SLH-DSA-SHAKE-256s,293.734,5264.43,335.977,1,0,0,533.784,24,90130.7,90266.6,96148,96145
2,2,7,SLH-DSA-SHA2-192f_signed-by_SLH-DSA-SHAKE-256s,SLH-DSA-SHA2-192f_signed-by_SLH-DSA-SHAKE-256s,489.425,3159.51,308.672,1,230,1.53333,743.867,24,89455.3,89744.1,96148,96145
2,5,17,SLH-DSA-SHA2-192f_signed-by_SLH-DSA-SHAKE-256s,SLH-DSA-SHA2-192f_signed-by_SLH-DSA-SHAKE-256s,283.096,5462.25,365.388,0.0990991,0,0,615.658,13,90087.3,89239.4,96148,96145
2,8,18,SLH-DSA-SHA2-192f_signed-by_SLH-DSA-SHAKE-256s,SLH-DSA-SHA2-192f_signed-by_SLH-DSA-SHAKE-256s,286.814,5391.44,343.19,1,0,0,459.273,20,89675.6,89378.8,96148,96145
2,7,13,SLH-DSA-SHA2-192f_signed-by_SLH-DSA-SHAKE-256s,SLH-DSA-SHA2-192f_signed-by_SLH-DSA-SHAKE-256s,333.561,4635.86,333.036,1,21,0.170732,383.496,20,89533.4,89202.7,96148,96145
2,4,15,SLH-DSA-SHA2-192f_signed-by_SLH-DSA-SHAKE-256s,SLH-DSA-SHA2-192f_signed-by_SLH-DSA-SHAKE-256s,356.249,4340.63,335.496,1,43,0.316176,377.235,24,89680.8,89455.3,96148,96145
2,3,17,SLH-DSA-SHA2-192f_signed-by_SLH-DSA-SHAKE-256s,SLH-DSA-SHA2-192f_signed-by_SLH-DSA-SHAKE-256s,379.072,4079.28,352.946,1,84,0.538462,397.103,24,89445.5,89221,96148,96145
2,1,17,SLH-DSA-SHA2-192f_signed-by_SLH-DSA-SHAKE-256s,SLH-DSA-SHA2-192f_signed-by_SLH-DSA-SHAKE-256s,323.589,4778.72,306.116,1,0,0,431.735,24,89633.2,89648.6,96148,96145
2,2,8,SLH-DSA-SHA2-192f_signed-by_SLH-DSA-SHAKE-256s,SLH-DSA-SHA2-192f_signed-by_SLH-DSA-SHAKE-256s,330.105,4684.39,379.078,1,57,0.390411,539.315,24,89959.9,89276.6,96148,96145
2,5,18,SLH-DSA-SHA2-192f_signed-by_SLH-DSA-SHAKE-256s,SLH-DSA-SHA2-192f_signed-by_SLH-DSA-SHAKE-256s,307.056,5036.02,472.72,1,174,1.12987,533.766,13,89554.3,89361.9,96148,96145
2,8,19,SLH-DSA-SHA2-192f_signed-by_SLH-DSA-SHAKE-256s,SLH-DSA-SHA2-192f_signed-by_SLH-DSA-SHAKE-256s,298.025,5188.64,368.774,0.853448,23,0.198276,483.31,20,89554.5,89460.2,96148,96145
2,7,14,SLH-DSA-SHA2-192f_signed-by_SLH-DSA-SHAKE-256s,SLH-DSA-SHA2-192f_signed-by_SLH-DSA-SHAKE-256s,369.848,4181.02,342.367,0.592105,79,0.519737,379.289,20,89793.3,89560.9,96148,96145
2,4,16,SLH-DSA-SHA2-192f_signed-by_SLH-DSA-SHAKE-256s,SLH-DSA-SHA2-192f_signed-by_SLH-DSA-SHAKE-256s,356.126,4342.11,277.115,0.810811,0,0,400.595,24,90014.8,89711.6,96148,96145
2,2,9,SLH-DSA-SHA2-192f_signed-by_SLH-DSA-SHAKE-256s,SLH-DSA-SHA2-192f_signed-by_SLH-DSA-SHAKE-256s,349.33,4426.59,310.445,0.803571,0,0,751.393,24,89641.4,89276.9,96148,96145
2,3,18,SLH-DSA-SHA2-192f_signed-by_SLH-DSA-SHAKE-256s,SLH-DSA-SHA2-192f_signed-by_SLH-DSA-SHAKE-256s,375.432,4118.84,336.679,0.62069,64,0.441379,528.041,24,89511.7,89210.9,96148,96145
2,1,18,SLH-DSA-SHA2-192f_signed-by_SLH-DSA-SHAKE-256s,SLH-DSA-SHA2-192f_signed-by_SLH-DSA-SHAKE-256s,380.314,4065.96,313.72,0.656934,41,0.29927,405.387,24,89498.8,89379.8,96148,96145
2,5,19,SLH-DSA-SHA2-192f_signed-by_SLH-DSA-SHAKE-256s,SLH-DSA-SHA2-192f_signed-by_SLH-DSA-SHAKE-256s,366.003,4224.94,284.019,1,0,0,584.478,12,89541.1,89587.8,96148,96145
2,8,20,SLH-DSA-SHA2-192f_signed-by_SLH-DSA-SHAKE-256s,SLH-DSA-SHA2-192f_signed-by_SLH-DSA-SHAKE-256s,290.673,5319.87,356.744,1,0,0,481.5,20,89813.2,89409.6,96148,96145
2,6,16,SLH-DSA-SHA2-192f_signed-by_SLH-DSA-SHAKE-256s,SLH-DSA-SHA2-192f_signed-by_SLH-DSA-SHAKE-256s,1572.14,983.589,78.6798,1,78,0.553191,310.227,13,89534.5,89284,96148,96145
2,7,15,SLH-DSA-SHA2-192f_signed-by_SLH-DSA-SHAKE-256s,SLH-DSA-SHA2-192f_signed-by_SLH-DSA-SHAKE-256s,396.373,3901.23,342.384,1,104,0.626506,382.145,20,89718.7,89280,96148,96145
2,3,19,SLH-DSA-SHA2-192f_signed-by_SLH-DSA-SHAKE-256s,SLH-DSA-SHA2-192f_signed-by_SLH-DSA-SHAKE-256s,390.681,3958.07,421.376,1,230,1.32184,520.713,24,89557.2,89648.9,96148,96145
2,2,10,SLH-DSA-SHA2-192f_signed-by_SLH-DSA-SHAKE-256s,SLH-DSA-SHA2-192f_signed-by_SLH-DSA-SHAKE-256s,422.446,3660.45,282.431,1,40,0.291971,628.511,24,89794.1,89293.9,96148,96145
2,1,19,SLH-DSA-SHA2-192f_signed-by_SLH-DSA-SHAKE-256s,SLH-DSA-SHA2-192f_signed-by_SLH-DSA-SHAKE-256s,426.077,3629.25,280.062,1,70,0.57377,623.148,24,89503,89568.4,96148,96145
2,5,20,SLH-DSA-SHA2-192f_signed-by_SLH-DSA-SHAKE-256s,SLH-DSA-SHA2-192f_signed-by_SLH-DSA-SHAKE-256s,409.15,3779.4,285.822,1,35,0.261194,429.761,12,89947.8,89397.8,96148,96145
2,8,21,SLH-DSA-SHA2-192f_signed-by_SLH-DSA-SHAKE-256s,SLH-DSA-SHA2-192f_signed-by_SLH-DSA-SHAKE-256s,381.82,4049.93,282.73,1,13,0.110169,464.847,21,89458.3,89213.3,96148,96145
2,6,17,SLH-DSA-SHA2-192f_signed-by_SLH-DSA-SHAKE-256s,SLH-DSA-SHA2-192f_signed-by_SLH-DSA-SHAKE-256s,358.914,4308.39,326.495,1,59,0.479675,468.959,14,89846.6,89129.6,96148,96145
2,7,16,SLH-DSA-SHA2-192f_signed-by_SLH-DSA-SHAKE-256s,SLH-DSA-SHA2-192f_signed-by_SLH-DSA-SHAKE-256s,332.897,4645.1,314.571,1,0,0,323.793,19,89835.3,89699.5,96148,96145
2,3,20,SLH-DSA-SHA2-192f_signed-by_SLH-DSA-SHAKE-256s,SLH-DSA-SHA2-192f_signed-by_SLH-DSA-SHAKE-256s,373.169,4143.81,265.145,1,0,0,435.286,24,89530.9,89542.7,96148,96145
2,1,20,SLH-DSA-SHA2-192f_signed-by_SLH-DSA-SHAKE-256s,SLH-DSA-SHA2-192f_signed-by_SLH-DSA-SHAKE-256s,349.338,4426.5,345.339,1,54,0.412214,454.947,24,89481.2,89283.5,96148,96145
2,5,21,SLH-DSA-SHA2-192f_signed-by_SLH-DSA-SHAKE-256s,SLH-DSA-SHA2-192f_signed-by_SLH-DSA-SHAKE-256s,359.671,4299.32,322.428,1,34,0.257576,464.061,12,89554.9,89203.7,96148,96145
2,8,22,SLH-DSA-SHA2-192f_signed-by_SLH-DSA-SHAKE-256s,SLH-DSA-SHA2-192f_signed-by_SLH-DSA-SHAKE-256s,371.101,4166.9,358.069,0.902597,82,0.532468,411.792,22,89933.6,89763.6,96148,96145
2,2,11,SLH-DSA-SHA2-192f_signed-by_SLH-DSA-SHAKE-256s,SLH-DSA-SHA2-192f_signed-by_SLH-DSA-SHAKE-256s,395.494,3909.9,348.647,0.967742,82,0.529032,620.942,24,89461.3,89592.3,96148,96145
2,6,18,SLH-DSA-SHA2-192f_signed-by_SLH-DSA-SHAKE-256s,SLH-DSA-SHA2-192f_signed-by_SLH-DSA-SHAKE-256s,372.58,4150.36,295.496,1,24,0.205128,447.744,15,89461.4,89533.2,96148,96145
2,7,17,SLH-DSA-SHA2-192f_signed-by_SLH-DSA-SHAKE-256s,SLH-DSA-SHA2-192f_signed-by_SLH-DSA-SHAKE-256s,275.105,5620.92,396.765,1,33,0.286957,540.296,19,89777.5,89547.8,96148,96145
2,3,21,SLH-DSA-SHA2-192f_signed-by_SLH-DSA-SHAKE-256s,SLH-DSA-SHA2-192f_signed-by_SLH-DSA-SHAKE-256s,385.437,4011.92,256.332,1,0,0,435.25,24,89518.4,89723.4,96148,96145
2,2,12,SLH-DSA-SHA2-192f_signed-by_SLH-DSA-SHAKE-256s,SLH-DSA-SHA2-192f_signed-by_SLH-DSA-SHAKE-256s,347.046,4455.73,459.097,1,271,1.88194,957.861,24,89577.7,89236.2,96148,96145
2,1,21,SLH-DSA-SHA2-192f_signed-by_SLH-DSA-SHAKE-256s,SLH-DSA-SHA2-192f_signed-by_SLH-DSA-SHAKE-256s,396.784,3897.18,250.009,1,0,0,394.177,24,89987.2,89531.8,96148,96145
2,5,22,SLH-DSA-SHA2-192f_signed-by_SLH-DSA-SHAKE-256s,SLH-DSA-SHA2-192f_signed-by_SLH-DSA-SHAKE-256s,389.612,3968.92,268.656,1,1,0.00877193,428.526,11,89547.1,89299.2,96148,96145
2,6,19,SLH-DSA-SHA2-192f_signed-by_SLH-DSA-SHAKE-256s,SLH-DSA-SHA2-192f_signed-by_SLH-DSA-SHAKE-256s,382.661,4041.02,271.655,1,0,0,448.159,16,89971.2,89295.4,96148,96145
2,8,23,SLH-DSA-SHA2-192f_signed-by_SLH-DSA-SHAKE-256s,SLH-DSA-SHA2-192f_signed-by_SLH-DSA-SHAKE-256s,400.448,3861.53,308.933,1,63,0.463235,395.529,22,89624.5,89596.5,96148,96145
2,7,18,SLH-DSA-SHA2-192f_signed-by_SLH-DSA-SHAKE-256s,SLH-DSA-SHA2-192f_signed-by_SLH-DSA-SHAKE-256s,303.994,5086.75,361.428,1,79,0.681034,521.552,19,89912.6,89404.2,96148,96145
2,3,22,SLH-DSA-SHA2-192f_signed-by_SLH-DSA-SHAKE-256s,SLH-DSA-SHA2-192f_signed-by_SLH-DSA-SHAKE-256s,346.173,4466.96,300.288,1,0,0,431.805,24,89643.4,89754.1,96148,96145
2,2,13,SLH-DSA-SHA2-192f_signed-by_SLH-DSA-SHAKE-256s,SLH-DSA-SHA2-192f_signed-by_SLH-DSA-SHAKE-256s,370.045,4178.79,280.225,1,0,0,435.321,24,89408.9,90088.1,96148,96145
2,1,22,SLH-DSA-SHA2-192f_signed-by_SLH-DSA-SHAKE-256s,SLH-DSA-SHA2-192f_signed-by_SLH-DSA-SHAKE-256s,375.634,4116.61,357.581,1,86,0.551282,368.205,24,89818.9,89103.6,96148,96145
2,8,24,SLH-DSA-SHA2-192f_signed-by_SLH-DSA-SHAKE-256s,SLH-DSA-SHA2-192f_signed-by_SLH-DSA-SHAKE-256s,357.936,4320.16,355.862,1,66,0.44898,459.497,22,89662.2,89667,96148,96145
2,5,23,SLH-DSA-SHA2-192f_signed-by_SLH-DSA-SHAKE-256s,SLH-DSA-SHA2-192f_signed-by_SLH-DSA-SHAKE-256s,387.087,3994.82,299.55,1,44,0.321168,407.197,11,89773.1,89308.3,96148,96145
2,6,20,SLH-DSA-SHA2-192f_signed-by_SLH-DSA-SHAKE-256s,SLH-DSA-SHA2-192f_signed-by_SLH-DSA-SHAKE-256s,369.584,4184.01,374.129,1,212,1.35032,430.841,16,89732.6,89423,96148,96145
2,4,17,SLH-DSA-SHA2-192f_signed-by_SLH-DSA-SHAKE-256s,SLH-DSA-SHA2-192f_signed-by_SLH-DSA-SHAKE-256s,1613.15,958.589,91.0321,1,132,0.725275,343.143,24,89611.1,89424.5,96148,96145
2,3,23,SLH-DSA-SHA2-192f_signed-by_SLH-DSA-SHAKE-256s,SLH-DSA-SHA2-192f_signed-by_SLH-DSA-SHAKE-256s,368.637,4194.75,336.417,1,43,0.318519,522.77,24,89500.4,89204.1,96148,96145
2,2,14,SLH-DSA-SHA2-192f_signed-by_SLH-DSA-SHAKE-256s,SLH-DSA-SHA2-192f_signed-by_SLH-DSA-SHAKE-256s,365.818,4227.08,269.773,1,0,0,438.865,24,89498.2,89580.8,96148,96145
2,6,21,SLH-DSA-SHA2-192f_signed-by_SLH-DSA-SHAKE-256s,SLH-DSA-SHA2-192f_signed-by_SLH-DSA-SHAKE-256s,345.86,4471,285.34,1,0,0,476.811,16,90060.2,89744.2,96148,96145
2,1,23,SLH-DSA-SHA2-192f_signed-by_SLH-DSA-SHAKE-256s,SLH-DSA-SHA2-192f_signed-by_SLH-DSA-SHAKE-256s,383.08,4036.6,339.354,1,74,0.493333,365.973,24,89731.7,89329.4,96148,96145
2,8,25,SLH-DSA-SHA2-192f_signed-by_SLH-DSA-SHAKE-256s,SLH-DSA-SHA2-192f_signed-by_SLH-DSA-SHAKE-256s,371.62,4161.09,294.408,1,129,1.11207,432.621,22,89659.4,89306.1,96148,96145
2,5,24,SLH-DSA-SHA2-192f_signed-by_SLH-DSA-SHAKE-256s,SLH-DSA-SHA2-192f_signed-by_SLH-DSA-SHAKE-256s,370.488,4173.8,280.581,1,0,0,431.805,11,90404.1,89529.3,96148,96145
2,4,18,SLH-DSA-SHA2-192f_signed-by_SLH-DSA-SHAKE-256s,SLH-DSA-SHA2-192f_signed-by_SLH-DSA-SHAKE-256s,375.197,4121.42,353.222,1,171,1.23022,473.856,24,89645.3,89365.4,96148,96145
2,3,24,SLH-DSA-SHA2-192f_signed-by_SLH-DSA-SHAKE-256s,SLH-DSA-SHA2-192f_signed-by_SLH-DSA-SHAKE-256s,368.678,4194.29,267.681,1,0,0,438.865,24,89415.3,89318.7,96148,96145
2,2,15,SLH-DSA-SHA2-192f_signed-by_SLH-DSA-SHAKE-256s,SLH-DSA-SHA2-192f_signed-by_SLH-DSA-SHAKE-256s,392.522,3939.5,280.076,1,31,0.242188,420.781,24,89543.7,89251,96148,96145
2,6,22,SLH-DSA-SHA2-192f_signed-by_SLH-DSA-SHAKE-256s,SLH-DSA-SHA2-192f_signed-by_SLH-DSA-SHAKE-256s,372.022,4156.59,319.895,1,42,0.313433,427.493,16,90805,89145.7,96148,96145
2,4,19,SLH-DSA-SHA2-192f_signed-by_SLH-DSA-SHAKE-256s,SLH-DSA-SHA2-192f_signed-by_SLH-DSA-SHAKE-256s,355.84,4345.62,305.306,1,129,1.14159,498.071,24,89943.1,89311.9,96148,96145
2,8,26,SLH-DSA-SHA2-192f_signed-by_SLH-DSA-SHAKE-256s,SLH-DSA-SHA2-192f_signed-by_SLH-DSA-SHAKE-256s,382.603,4041.64,313.766,1,165,1.38655,488.924,21,89769.8,89264,96148,96145
2,5,25,SLH-DSA-SHA2-192f_signed-by_SLH-DSA-SHAKE-256s,SLH-DSA-SHA2-192f_signed-by_SLH-DSA-SHAKE-256s,383.526,4031.91,257.985,1,0,0,424.036,12,89522.9,90308,96148,96145
2,1,24,SLH-DSA-SHA2-192f_signed-by_SLH-DSA-SHAKE-256s,SLH-DSA-SHA2-192f_signed-by_SLH-DSA-SHAKE-256s,392.2,3942.74,296.175,1,45,0.330882,456.824,24,90102,89256.9,96148,96145
2,3,25,SLH-DSA-SHA2-192f_signed-by_SLH-DSA-SHAKE-256s,SLH-DSA-SHA2-192f_signed-by_SLH-DSA-SHAKE-256s,381.802,4050.11,272.266,1,0,0,431.805,24,89640.6,89648.4,96148,96145
2,5,26,SLH-DSA-SHA2-192f_signed-by_SLH-DSA-SHAKE-256s,SLH-DSA-SHA2-192f_signed-by_SLH-DSA-SHAKE-256s,347.769,4446.46,349.841,1,65,0.454545,458.671,12,90042.8,89508.5,96148,96145
2,6,23,SLH-DSA-SHA2-192f_signed-by_SLH-DSA-SHAKE-256s,SLH-DSA-SHA2-192f_signed-by_SLH-DSA-SHAKE-256s,392.797,3936.74,387.415,1,192,1.12281,484.012,16,89605.9,89536.1,96148,96145
2,2,16,SLH-DSA-SHA2-192f_signed-by_SLH-DSA-SHAKE-256s,SLH-DSA-SHA2-192f_signed-by_SLH-DSA-SHAKE-256s,403.237,3834.82,305.567,1,77,0.566176,418.176,24,89806.4,90047.4,96148,96145
2,4,20,SLH-DSA-SHA2-192f_signed-by_SLH-DSA-SHAKE-256s,SLH-DSA-SHA2-192f_signed-by_SLH-DSA-SHAKE-256s,390.289,3962.05,350.099,1,139,0.902597,376.182,24,89736.8,89111.7,96148,96145
2,1,25,SLH-DSA-SHA2-192f_signed-by_SLH-DSA-SHAKE-256s,SLH-DSA-SHA2-192f_signed-by_SLH-DSA-SHAKE-256s,376.547,4106.63,366.87,1,166,1.0641,609.769,24,90422.6,89447,96148,96145
2,8,27,SLH-DSA-SHA2-192f_signed-by_SLH-DSA-SHAKE-256s,SLH-DSA-SHA2-192f_signed-by_SLH-DSA-SHAKE-256s,393.659,3928.13,341.331,1,88,0.553459,334.252,20,89707.6,89234.4,96148,96145
2,7,19,SLH-DSA-SHA2-192f_signed-by_SLH-DSA-SHAKE-256s,SLH-DSA-SHA2-192f_signed-by_SLH-DSA-SHAKE-256s,1581.19,977.96,70.9034,1,11,0.0797101,236.464,17,89578.6,89268,96148,96145
2,3,26,SLH-DSA-SHA2-192f_signed-by_SLH-DSA-SHAKE-256s,SLH-DSA-SHA2-192f_signed-by_SLH-DSA-SHAKE-256s,433.233,3569.31,261.698,1,51,0.41129,437.613,24,89629,91618.2,96148,96145
2,5,27,SLH-DSA-SHA2-192f_signed-by_SLH-DSA-SHAKE-256s,SLH-DSA-SHA2-192f_signed-by_SLH-DSA-SHAKE-256s,427.845,3614.26,231.859,1,0,0,394.177,13,89757.5,89454.1,96148,96145
2,6,24,SLH-DSA-SHA2-192f_signed-by_SLH-DSA-SHAKE-256s,SLH-DSA-SHA2-192f_signed-by_SLH-DSA-SHAKE-256s,427.923,3613.6,307.98,1,73,0.464968,354.586,16,90024.5,89458,96148,96145
2,2,17,SLH-DSA-SHA2-192f_signed-by_SLH-DSA-SHAKE-256s,SLH-DSA-SHA2-192f_signed-by_SLH-DSA-SHAKE-256s,437.794,3532.12,270.775,1,41,0.30597,471.851,24,89500,89224.4,96148,96145
2,1,26,SLH-DSA-SHA2-192f_signed-by_SLH-DSA-SHAKE-256s,SLH-DSA-SHA2-192f_signed-by_SLH-DSA-SHAKE-256s,428.467,3609.01,299.785,1,128,0.969697,491.424,24,89825.8,89409.4,96148,96145
2,8,28,SLH-DSA-SHA2-192f_signed-by_SLH-DSA-SHAKE-256s,SLH-DSA-SHA2-192f_signed-by_SLH-DSA-SHAKE-256s,427.418,3617.87,309.916,1,170,1.2782,605.429,20,89621.8,89396.6,96148,96145
2,4,21,SLH-DSA-SHA2-192f_signed-by_SLH-DSA-SHAKE-256s,SLH-DSA-SHA2-192f_signed-by_SLH-DSA-SHAKE-256s,458.155,3375.15,386.663,1,425,2.60736,720.92,24,89607.5,89690.3,96148,96145
2,7,20,SLH-DSA-SHA2-192f_signed-by_SLH-DSA-SHAKE-256s,SLH-DSA-SHA2-192f_signed-by_SLH-DSA-SHAKE-256s,353.45,4374.99,291.933,1,0,0,628.545,16,89808.3,89563.5,96148,96145
2,3,27,SLH-DSA-SHA2-192f_signed-by_SLH-DSA-SHAKE-256s,SLH-DSA-SHA2-192f_signed-by_SLH-DSA-SHAKE-256s,467.058,3310.81,332.875,1,144,0.746114,402.58,24,89494.1,89333.6,96148,96145
2,7,21,SLH-DSA-SHA2-192f_signed-by_SLH-DSA-SHAKE-256s,SLH-DSA-SHA2-192f_signed-by_SLH-DSA-SHAKE-256s,413.505,3739.6,269.578,1,43,0.373913,776.052,16,89551.9,89702.9,96148,96145
2,1,27,SLH-DSA-SHA2-192f_signed-by_SLH-DSA-SHAKE-256s,SLH-DSA-SHA2-192f_signed-by_SLH-DSA-SHAKE-256s,458.623,3371.71,289.458,1,219,1.54225,557.718,24,89617.1,89215.7,96148,96145
2,5,28,SLH-DSA-SHA2-192f_signed-by_SLH-DSA-SHAKE-256s,SLH-DSA-SHA2-192f_signed-by_SLH-DSA-SHAKE-256s,509.535,3034.81,245.118,1,71,0.470199,357.099,14,89954.9,89645.8,96148,96145
2,6,25,SLH-DSA-SHA2-192f_signed-by_SLH-DSA-SHAKE-256s,SLH-DSA-SHA2-192f_signed-by_SLH-DSA-SHAKE-256s,498.609,3101.31,236.177,1,57,0.456,603.568,16,94825.9,89371.3,96148,96145
2,2,18,SLH-DSA-SHA2-192f_signed-by_SLH-DSA-SHAKE-256s,SLH-DSA-SHA2-192f_signed-by_SLH-DSA-SHAKE-256s,488.435,3165.91,329.28,1,444,2.88312,787.013,24,89525.5,89789.6,96148,96145
2,4,22,SLH-DSA-SHA2-192f_signed-by_SLH-DSA-SHAKE-256s,SLH-DSA-SHA2-192f_signed-by_SLH-DSA-SHAKE-256s,460.416,3358.58,405.581,1,521,2.81622,1156.03,24,89536.4,89284.7,96148,96145
2,3,28,SLH-DSA-SHA2-192f_signed-by_SLH-DSA-SHAKE-256s,SLH-DSA-SHA2-192f_signed-by_SLH-DSA-SHAKE-256s,361.6,4276.39,331.726,1,83,0.588652,390.028,24,89489.1,89958.6,96148,96145
2,2,19,SLH-DSA-SHA2-192f_signed-by_SLH-DSA-SHAKE-256s,SLH-DSA-SHA2-192f_signed-by_SLH-DSA-SHAKE-256s,336.991,4588.67,351.676,1,56,0.4,438.686,24,89552,90018.9,96148,96145
2,7,22,SLH-DSA-SHA2-192f_signed-by_SLH-DSA-SHAKE-256s,SLH-DSA-SHA2-192f_signed-by_SLH-DSA-SHAKE-256s,374.916,4124.5,320.157,1,64,0.463768,384.145,15,90043.3,89547.5,96148,96145
2,1,28,SLH-DSA-SHA2-192f_signed-by_SLH-DSA-SHAKE-256s,SLH-DSA-SHA2-192f_signed-by_SLH-DSA-SHAKE-256s,378.276,4087.87,406.391,1,371,2.3481,531.038,24,89376.3,89377.3,96148,96145
2,4,23,SLH-DSA-SHA2-192f_signed-by_SLH-DSA-SHAKE-256s,SLH-DSA-SHA2-192f_signed-by_SLH-DSA-SHAKE-256s,354.473,4362.37,339.253,1,92,0.69697,457.697,24,90527.6,89330.5,96148,96145
2,6,26,SLH-DSA-SHA2-192f_signed-by_SLH-DSA-SHAKE-256s,SLH-DSA-SHA2-192f_signed-by_SLH-DSA-SHAKE-256s,370.177,4177.31,430.28,1,204,1.09091,505.979,16,89597.8,89266.7,96148,96145
2,3,29,SLH-DSA-SHA2-192f_signed-by_SLH-DSA-SHAKE-256s,SLH-DSA-SHA2-192f_signed-by_SLH-DSA-SHAKE-256s,359.379,4302.82,350.738,1,99,0.668919,455.703,24,90122.1,89177.6,96148,96145
2,2,20,SLH-DSA-SHA2-192f_signed-by_SLH-DSA-SHAKE-256s,SLH-DSA-SHA2-192f_signed-by_SLH-DSA-SHAKE-256s,330.178,4683.36,316.241,1,1,0.00884956,431.982,24,89861.4,89680.1,96148,96145
2,7,23,SLH-DSA-SHA2-192f_signed-by_SLH-DSA-SHAKE-256s,SLH-DSA-SHA2-192f_signed-by_SLH-DSA-SHAKE-256s,334.184,4627.22,427.357,1,86,0.508876,447.799,15,89652.4,89319.8,96148,96145
2,4,24,SLH-DSA-SHA2-192f_signed-by_SLH-DSA-SHAKE-256s,SLH-DSA-SHA2-192f_signed-by_SLH-DSA-SHAKE-256s,342.422,4515.89,410.954,1,110,0.68323,433.528,24,89716.1,89551.3,96148,96145
2,1,29,SLH-DSA-SHA2-192f_signed-by_SLH-DSA-SHAKE-256s,SLH-DSA-SHA2-192f_signed-by_SLH-DSA-SHAKE-256s,350.86,4407.28,380.778,1,83,0.535484,425.406,24,89660.4,89565.4,96148,96145
2,6,27,SLH-DSA-SHA2-192f_signed-by_SLH-DSA-SHAKE-256s,SLH-DSA-SHA2-192f_signed-by_SLH-DSA-SHAKE-256s,352.888,4381.96,396.453,1,217,1.35625,455.6,15,90225,89680.7,96148,96145
2,3,30,SLH-DSA-SHA2-192f_signed-by_SLH-DSA-SHAKE-256s,SLH-DSA-SHA2-192f_signed-by_SLH-DSA-SHAKE-256s,341.043,4534.15,289.371,1,0,0,438.865,24,89508.1,89141.7,96148,96145
2,2,21,SLH-DSA-SHA2-192f_signed-by_SLH-DSA-SHAKE-256s,SLH-DSA-SHA2-192f_signed-by_SLH-DSA-SHAKE-256s,341.204,4532.01,385.458,0.939597,91,0.610738,441.732,24,89818.7,89231,96148,96145
2,7,24,SLH-DSA-SHA2-192f_signed-by_SLH-DSA-SHAKE-256s,SLH-DSA-SHA2-192f_signed-by_SLH-DSA-SHAKE-256s,333.012,4643.51,312.157,1,0,0,394.248,15,89757.3,89514.7,96148,96145
2,6,28,SLH-DSA-SHA2-192f_signed-by_SLH-DSA-SHAKE-256s,SLH-DSA-SHA2-192f_signed-by_SLH-DSA-SHAKE-256s,308.894,5006.06,406.3,1,108,0.782609,443.652,14,89914.2,89318,96148,96145
2,4,25,SLH-DSA-SHA2-192f_signed-by_SLH-DSA-SHAKE-256s,SLH-DSA-SHA2-192f_signed-by_SLH-DSA-SHAKE-256s,344.807,4484.66,328.438,1,45,0.381356,504.712,24,89818.6,89443.6,96148,96145
2,1,30,SLH-DSA-SHA2-192f_signed-by_SLH-DSA-SHAKE-256s,SLH-DSA-SHA2-192f_signed-by_SLH-DSA-SHAKE-256s,350.005,4418.06,381.525,1,84,0.541935,451.445,24,89667.5,89335.1,96148,96145
2,8,29,SLH-DSA-SHA2-192f_signed-by_SLH-DSA-SHAKE-256s,SLH-DSA-SHA2-192f_signed-by_SLH-DSA-SHAKE-256s,1595.61,969.124,80.9321,1,87,0.557692,380.59,18,89938.4,89367.4,96148,96145
2,3,31,SLH-DSA-SHA2-192f_signed-by_SLH-DSA-SHAKE-256s,SLH-DSA-SHA2-192f_signed-by_SLH-DSA-SHAKE-256s,373.771,4137.14,413.087,1,142,0.763441,409.871,24,89677.9,89702.8,96148,96145
2,2,22,SLH-DSA-SHA2-192f_signed-by_SLH-DSA-SHAKE-256s,SLH-DSA-SHA2-192f_signed-by_SLH-DSA-SHAKE-256s,379.345,4076.34,292.04,1,140,1.18644,562.576,24,89681.8,90639.2,96148,96145
2,5,29,SLH-DSA-SHA2-192f_signed-by_SLH-DSA-SHAKE-256s,SLH-DSA-SHA2-192f_signed-by_SLH-DSA-SHAKE-256s,1402.61,1102.48,113.834,1,207,1.125,433.739,13,89516.2,89531,96148,96145
2,7,25,SLH-DSA-SHA2-192f_signed-by_SLH-DSA-SHAKE-256s,SLH-DSA-SHA2-192f_signed-by_SLH-DSA-SHAKE-256s,427.322,3618.68,386.481,1,186,0.889952,394.287,14,89461.7,90588.6,96148,96145
2,6,29,SLH-DSA-SHA2-192f_signed-by_SLH-DSA-SHAKE-256s,SLH-DSA-SHA2-192f_signed-by_SLH-DSA-SHAKE-256s,416.308,3714.42,416,1,193,0.910377,505.453,13,89580.9,89365.8,96148,96145
2,4,26,SLH-DSA-SHA2-192f_signed-by_SLH-DSA-SHAKE-256s,SLH-DSA-SHA2-192f_signed-by_SLH-DSA-SHAKE-256s,405.263,3815.65,350.626,1,107,0.640719,415.772,24,90017.9,89209.8,96148,96145
2,1,31,SLH-DSA-SHA2-192f_signed-by_SLH-DSA-SHAKE-256s,SLH-DSA-SHA2-192f_signed-by_SLH-DSA-SHAKE-256s,407.619,3793.59,256.906,1,0,0,385.034,24,89868.4,89297.9,96148,96145
2,8,30,SLH-DSA-SHA2-192f_signed-by_SLH-DSA-SHAKE-256s,SLH-DSA-SHA2-192f_signed-by_SLH-DSA-SHAKE-256s,353.291,4376.97,331.873,1,46,0.368,543.728,17,89612.4,89384.6,96148,96145
2,3,32,SLH-DSA-SHA2-192f_signed-by_SLH-DSA-SHAKE-256s,SLH-DSA-SHA2-192f_signed-by_SLH-DSA-SHAKE-256s,272.807,5668.25,379.168,0.720721,0,0,501.748,24,89684.6,89413.5,96148,96145
2,2,23,SLH-DSA-SHA2-192f_signed-by_SLH-DSA-SHAKE-256s,SLH-DSA-SHA2-192f_signed-by_SLH-DSA-SHAKE-256s,327.727,4718.38,301.128,1,0,0,438.865,24,89935.9,89224.6,96148,96145
2,5,30,SLH-DSA-SHA2-192f_signed-by_SLH-DSA-SHAKE-256s,SLH-DSA-SHA2-192f_signed-by_SLH-DSA-SHAKE-256s,346.41,4463.91,559.891,0.960526,11,0.0723684,263.184,13,89527.7,89468.9,96148,96145
2,6,30,SLH-DSA-SHA2-192f_signed-by_SLH-DSA-SHAKE-256s,SLH-DSA-SHA2-192f_signed-by_SLH-DSA-SHAKE-256s,314.846,4911.43,332.81,1,1,0.00869565,477.374,13,89637.8,89794.1,96148,96145
2,7,26,SLH-DSA-SHA2-192f_signed-by_SLH-DSA-SHAKE-256s,SLH-DSA-SHA2-192f_signed-by_SLH-DSA-SHAKE-256s,335.685,4606.53,324.733,1,55,0.478261,420.539,14,89524.3,89327.3,96148,96145
2,8,31,SLH-DSA-SHA2-192f_signed-by_SLH-DSA-SHAKE-256s,SLH-DSA-SHA2-192f_signed-by_SLH-DSA-SHAKE-256s,321.461,4810.35,335.965,0.95,11,0.0916667,424.967,17,89400.7,89185.9,96148,96145
2,1,32,SLH-DSA-SHA2-192f_signed-by_SLH-DSA-SHAKE-256s,SLH-DSA-SHA2-192f_signed-by_SLH-DSA-SHAKE-256s,340.375,4543.05,419.631,1,161,1.00625,687.075,24,89891.1,89742.9,96148,96145
2,3,33,SLH-DSA-SHA2-192f_signed-by_SLH-DSA-SHAKE-256s,SLH-DSA-SHA2-192f_signed-by_SLH-DSA-SHAKE-256s,325.509,4750.53,348.303,1,47,0.394958,544.588,24,90007.8,90320.6,96148,96145
2,4,27,SLH-DSA-SHA2-192f_signed-by_SLH-DSA-SHAKE-256s,SLH-DSA-SHA2-192f_signed-by_SLH-DSA-SHAKE-256s,582.921,2652.75,191.065,1,28,0.227642,376.959,24,89627.8,90312,96148,96145
2,5,31,SLH-DSA-SHA2-192f_signed-by_SLH-DSA-SHAKE-256s,SLH-DSA-SHA2-192f_signed-by_SLH-DSA-SHAKE-256s,363.732,4251.33,330.573,1,44,0.321168,374.876,12,89759.3,89487.1,96148,96145
2,8,32,SLH-DSA-SHA2-192f_signed-by_SLH-DSA-SHAKE-256s,SLH-DSA-SHA2-192f_signed-by_SLH-DSA-SHAKE-256s,335.989,4602.35,460.347,1,256,1.54217,612.217,17,90172,89545.3,96148,96145
2,1,33,SLH-DSA-SHA2-192f_signed-by_SLH-DSA-SHAKE-256s,SLH-DSA-SHA2-192f_signed-by_SLH-DSA-SHAKE-256s,367.834,4203.91,350.897,1,108,0.830769,499.754,24,89906.9,89325.9,96148,96145
2,7,27,SLH-DSA-SHA2-192f_signed-by_SLH-DSA-SHAKE-256s,SLH-DSA-SHA2-192f_signed-by_SLH-DSA-SHAKE-256s,398.55,3879.92,355.77,1,174,1.06098,372.854,14,89508,89535.5,96148,96145
2,2,24,SLH-DSA-SHA2-192f_signed-by_SLH-DSA-SHAKE-256s,SLH-DSA-SHA2-192f_signed-by_SLH-DSA-SHAKE-256s,468.182,3302.87,377.426,1,207,0.940909,416.6,24,89403.5,89468.1,96148,96145
2,3,34,SLH-DSA-SHA2-192f_signed-by_SLH-DSA-SHAKE-256s,SLH-DSA-SHA2-192f_signed-by_SLH-DSA-SHAKE-256s,311.67,4961.47,504.173,1,153,0.827027,533.849,24,90080.9,89159.2,96148,96145
2,4,28,SLH-DSA-SHA2-192f_signed-by_SLH-DSA-SHAKE-256s,SLH-DSA-SHA2-192f_signed-by_SLH-DSA-SHAKE-256s,282.855,5466.91,347.995,1,0,0,459.273,24,89608.9,89508.6,96148,96145
2,5,32,SLH-DSA-SHA2-192f_signed-by_SLH-DSA-SHAKE-256s,SLH-DSA-SHA2-192f_signed-by_SLH-DSA-SHAKE-256s,315.66,4898.75,364.898,1,9,0.0737705,394.492,12,89522.9,89211.6,96148,96145
2,1,34,SLH-DSA-SHA2-192f_signed-by_SLH-DSA-SHAKE-256s,SLH-DSA-SHA2-192f_signed-by_SLH-DSA-SHAKE-256s,298.527,5179.9,368.261,1,31,0.242188,1051.16,24,89748.6,90269.5,96148,96145
2,7,28,SLH-DSA-SHA2-192f_signed-by_SLH-DSA-SHAKE-256s,SLH-DSA-SHA2-192f_signed-by_SLH-DSA-SHAKE-256s,327.491,4721.79,354.306,1,150,1.20968,463.774,14,89644.2,89678.7,96148,96145
2,2,25,SLH-DSA-SHA2-192f_signed-by_SLH-DSA-SHAKE-256s,SLH-DSA-SHA2-192f_signed-by_SLH-DSA-SHAKE-256s,348.914,4431.87,313.016,1,0,0,545.235,24,89554.5,89750.4,96148,96145
2,3,35,SLH-DSA-SHA2-192f_signed-by_SLH-DSA-SHAKE-256s,SLH-DSA-SHA2-192f_signed-by_SLH-DSA-SHAKE-256s,314.434,4917.86,432.777,1,230,1.61972,741.746,24,89871.6,89331.4,96148,96145
2,4,29,SLH-DSA-SHA2-192f_signed-by_SLH-DSA-SHAKE-256s,SLH-DSA-SHA2-192f_signed-by_SLH-DSA-SHAKE-256s,285.59,5414.55,382.198,1,129,1.12174,489.026,24,89761.7,89705.4,96148,96145
2,5,33,SLH-DSA-SHA2-192f_signed-by_SLH-DSA-SHAKE-256s,SLH-DSA-SHA2-192f_signed-by_SLH-DSA-SHAKE-256s,283.754,5449.58,935.879,0.185567,70,0.360825,535.443,12,89657.8,89669.8,96148,96145
2,1,35,SLH-DSA-SHA2-192f_signed-by_SLH-DSA-SHAKE-256s,SLH-DSA-SHA2-192f_signed-by_SLH-DSA-SHAKE-256s,291.145,5311.25,355.672,0.223214,0,0,451.786,24,89880.1,89234.8,96148,96145
2,7,29,SLH-DSA-SHA2-192f_signed-by_SLH-DSA-SHAKE-256s,SLH-DSA-SHA2-192f_signed-by_SLH-DSA-SHAKE-256s,280.527,5512.27,351.281,0.225225,0,0,455.441,15,89633.7,89175.3,96148,96145
2,2,26,SLH-DSA-SHA2-192f_signed-by_SLH-DSA-SHAKE-256s,SLH-DSA-SHA2-192f_signed-by_SLH-DSA-SHAKE-256s,284.885,5427.94,367.417,0.219298,1,0.00877193,520.947,24,89728.6,89359.9,96148,96145
2,3,36,SLH-DSA-SHA2-192f_signed-by_SLH-DSA-SHAKE-256s,SLH-DSA-SHA2-192f_signed-by_SLH-DSA-SHAKE-256s,279.206,5538.35,373.057,0.0178571,1,0.00892857,495.536,24,89769.2,89438.3,96148,96145
2,4,30,SLH-DSA-SHA2-192f_signed-by_SLH-DSA-SHAKE-256s,SLH-DSA-SHA2-192f_signed-by_SLH-DSA-SHAKE-256s,282.077,5481.98,349.861,0.738739,0,0,485.423,24,89679.8,89305.4,96148,96145
2,5,34,SLH-DSA-SHA2-192f_signed-by_SLH-DSA-SHAKE-256s,SLH-DSA-SHA2-192f_signed-by_SLH-DSA-SHAKE-256s,280.45,5513.8,351.892,0.882883,0,0,485.423,12,89821.2,89295,96148,96145
2,1,36,SLH-DSA-SHA2-192f_signed-by_SLH-DSA-SHAKE-256s,SLH-DSA-SHA2-192f_signed-by_SLH-DSA-SHAKE-256s,292.732,5282.46,535.862,0.505155,163,0.840206,556.268,24,89797.2,89553.7,96148,96145
2,7,30,SLH-DSA-SHA2-192f_signed-by_SLH-DSA-SHAKE-256s,SLH-DSA-SHA2-192f_signed-by_SLH-DSA-SHAKE-256s,296.671,5212.32,360.588,0.777778,23,0.18254,375.841,15,90448.4,89453.1,96148,96145
2,2,27,SLH-DSA-SHA2-192f_signed-by_SLH-DSA-SHAKE-256s,SLH-DSA-SHA2-192f_signed-by_SLH-DSA-SHAKE-256s,294.561,5249.65,352.036,1,0,0,493.321,24,89775,89950.5,96148,96145
2,3,37,SLH-DSA-SHA2-192f_signed-by_SLH-DSA-SHAKE-256s,SLH-DSA-SHA2-192f_signed-by_SLH-DSA-SHAKE-256s,294.227,5255.61,335.414,1,0,0,438.865,24,89841.9,90060.9,96148,96145
2,4,31,SLH-DSA-SHA2-192f_signed-by_SLH-DSA-SHAKE-256s,SLH-DSA-SHA2-192f_signed-by_SLH-DSA-SHAKE-256s,283.759,5449.49,367.015,1,33,0.289474,488.07,24,90075,89531.4,96148,96145
2,5,35,SLH-DSA-SHA2-192f_signed-by_SLH-DSA-SHAKE-256s,SLH-DSA-SHA2-192f_signed-by_SLH-DSA-SHAKE-256s,325.69,4747.89,403.475,1,93,0.588608,395.646,12,89726.7,89707.2,96148,96145
2,6,31,SLH-DSA-SHA2-192f_signed-by_SLH-DSA-SHAKE-256s,SLH-DSA-SHA2-192f_signed-by_SLH-DSA-SHAKE-256s,1562.58,989.608,91.1824,1,200,1.14943,274.483,12,89640.1,89421.9,96148,96145
2,1,37,SLH-DSA-SHA2-192f_signed-by_SLH-DSA-SHAKE-256s,SLH-DSA-SHA2-192f_signed-by_SLH-DSA-SHAKE-256s,321.971,4802.74,356.554,1,0,0,432.291,24,89816.2,89217.3,96148,96145
2,7,31,SLH-DSA-SHA2-192f_signed-by_SLH-DSA-SHAKE-256s,SLH-DSA-SHA2-192f_signed-by_SLH-DSA-SHAKE-256s,355.05,4355.28,293.322,1,119,1.04386,440.737,15,89685.4,89662.4,96148,96145
2,3,38,SLH-DSA-SHA2-192f_signed-by_SLH-DSA-SHAKE-256s,SLH-DSA-SHA2-192f_signed-by_SLH-DSA-SHAKE-256s,330.13,4684.04,452.378,1,370,2.70073,746.088,24,89434.1,89469.3,96148,96145
2,4,32,SLH-DSA-SHA2-192f_signed-by_SLH-DSA-SHAKE-256s,SLH-DSA-SHA2-192f_signed-by_SLH-DSA-SHAKE-256s,312.039,4955.61,441.124,1,94,0.626667,526.827,24,89638.6,89566.1,96148,96145
2,2,28,SLH-DSA-SHA2-192f_signed-by_SLH-DSA-SHAKE-256s,SLH-DSA-SHA2-192f_signed-by_SLH-DSA-SHAKE-256s,379.62,4073.39,342.531,1,106,0.741259,423.79,24,89595.1,89541.1,96148,96145
2,5,36,SLH-DSA-SHA2-192f_signed-by_SLH-DSA-SHAKE-256s,SLH-DSA-SHA2-192f_signed-by_SLH-DSA-SHAKE-256s,274.693,5629.34,380.293,1,0,0,326.278,12,89582.2,89604.9,96148,96145
2,6,32,SLH-DSA-SHA2-192f_signed-by_SLH-DSA-SHAKE-256s,SLH-DSA-SHA2-192f_signed-by_SLH-DSA-SHAKE-256s,283.991,5445.04,365.138,1,0,0,481.5,13,89559,89375.1,96148,96145
2,1,38,SLH-DSA-SHA2-192f_signed-by_SLH-DSA-SHAKE-256s,SLH-DSA-SHA2-192f_signed-by_SLH-DSA-SHAKE-256s,302.706,5108.4,366.983,1,21,0.170732,422.358,24,89764.6,89230.1,96148,96145
2,7,32,SLH-DSA-SHA2-192f_signed-by_SLH-DSA-SHAKE-256s,SLH-DSA-SHA2-192f_signed-by_SLH-DSA-SHAKE-256s,318.617,4853.3,367.789,1,52,0.374101,363.065,14,89629.3,89660,96148,96145
2,3,39,SLH-DSA-SHA2-192f_signed-by_SLH-DSA-SHAKE-256s,SLH-DSA-SHA2-192f_signed-by_SLH-DSA-SHAKE-256s,315.683,4898.4,394.066,1,125,0.912409,495.022,24,89551.2,89738.5,96148,96145
2,8,33,SLH-DSA-SHA2-192f_signed-by_SLH-DSA-SHAKE-256s,SLH-DSA-SHA2-192f_signed-by_SLH-DSA-SHAKE-256s,1656.61,933.438,78.1644,1,87,0.511765,242.824,20,89526.1,89284.3,96148,96145
2,2,29,SLH-DSA-SHA2-192f_signed-by_SLH-DSA-SHAKE-256s,SLH-DSA-SHA2-192f_signed-by_SLH-DSA-SHAKE-256s,338.357,4570.15,324.06,1,23,0.2,558.104,24,89526.6,89556.8,96148,96145
2,4,33,SLH-DSA-SHA2-192f_signed-by_SLH-DSA-SHAKE-256s,SLH-DSA-SHA2-192f_signed-by_SLH-DSA-SHAKE-256s,353.915,4369.24,390.692,1,208,1.32484,452.599,24,89689.8,89245.7,96148,96145
2,5,37,SLH-DSA-SHA2-192f_signed-by_SLH-DSA-SHAKE-256s,SLH-DSA-SHA2-192f_signed-by_SLH-DSA-SHAKE-256s,286.776,5392.16,362.039,1,104,0.920354,483.31,13,89716.2,89825.1,96148,96145
2,6,33,SLH-DSA-SHA2-192f_signed-by_SLH-DSA-SHAKE-256s,SLH-DSA-SHA2-192f_signed-by_SLH-DSA-SHAKE-256s,295.506,5232.86,334.341,1,0,0,451.714,13,89732.5,89725.4,96148,96145
2,1,39,SLH-DSA-SHA2-192f_signed-by_SLH-DSA-SHAKE-256s,SLH-DSA-SHA2-192f_signed-by_SLH-DSA-SHAKE-256s,290.71,5319.19,378.163,1,31,0.242188,535.531,24,89456,89302.3,96148,96145
2,7,33,SLH-DSA-SHA2-192f_signed-by_SLH-DSA-SHAKE-256s,SLH-DSA-SHA2-192f_signed-by_SLH-DSA-SHAKE-256s,317.391,4872.04,354.641,1,39,0.29771,387.008,14,89766.2,89157.5,96148,96145
2,8,34,SLH-DSA-SHA2-192f_signed-by_SLH-DSA-SHAKE-256s,SLH-DSA-SHA2-192f_signed-by_SLH-DSA-SHAKE-256s,315.501,4901.23,552.264,1,205,0.990338,475.952,20,89776.4,89379.9,96148,96145
2,2,30,SLH-DSA-SHA2-192f_signed-by_SLH-DSA-SHAKE-256s,SLH-DSA-SHA2-192f_signed-by_SLH-DSA-SHAKE-256s,317.422,4871.56,362.52,1,123,1.04237,508.034,24,89424.5,89337.5,96148,96145
2,5,38,SLH-DSA-SHA2-192f_signed-by_SLH-DSA-SHAKE-256s,SLH-DSA-SHA2-192f_signed-by_SLH-DSA-SHAKE-256s,325.82,4746,319.685,1,1,0.00892857,451.964,13,89502.1,89383.6,96148,96145
2,4,34,SLH-DSA-SHA2-192f_signed-by_SLH-DSA-SHAKE-256s,SLH-DSA-SHA2-192f_signed-by_SLH-DSA-SHAKE-256s,375.935,4113.33,344.783,1,88,0.553459,341.296,24,89808,90272.4,96148,96145
2,3,40,SLH-DSA-SHA2-192f_signed-by_SLH-DSA-SHAKE-256s,SLH-DSA-SHA2-192f_signed-by_SLH-DSA-SHAKE-256s,454.303,3403.77,235.754,1,25,0.19685,399.071,24,89823.8,89786.3,96148,96145
2,6,34,SLH-DSA-SHA2-192f_signed-by_SLH-DSA-SHAKE-256s,SLH-DSA-SHA2-192f_signed-by_SLH-DSA-SHAKE-256s,329.421,4694.12,417.993,1,83,0.538961,568.857,14,90251.7,89353.1,96148,96145
2,1,40,SLH-DSA-SHA2-192f_signed-by_SLH-DSA-SHAKE-256s,SLH-DSA-SHA2-192f_signed-by_SLH-DSA-SHAKE-256s,281.23,5498.5,390.456,1,116,1,540.241,24,89559.1,89418,96148,96145
2,7,34,SLH-DSA-SHA2-192f_signed-by_SLH-DSA-SHAKE-256s,SLH-DSA-SHA2-192f_signed-by_SLH-DSA-SHAKE-256s,292.67,5283.57,372.952,1,33,0.286957,454.591,14,91383.5,89271.3,96148,96145
2,8,35,SLH-DSA-SHA2-192f_signed-by_SLH-DSA-SHAKE-256s,SLH-DSA-SHA2-192f_signed-by_SLH-DSA-SHAKE-256s,278.324,5555.9,458.342,1,99,0.668919,445.243,20,89639.2,89711.9,96148,96145
2,2,31,SLH-DSA-SHA2-192f_signed-by_SLH-DSA-SHAKE-256s,SLH-DSA-SHA2-192f_signed-by_SLH-DSA-SHAKE-256s,361.684,4275.39,287.941,1,111,0.973684,518.07,24,89490.6,89583.1,96148,96145
2,3,41,SLH-DSA-SHA2-192f_signed-by_SLH-DSA-SHAKE-256s,SLH-DSA-SHA2-192f_signed-by_SLH-DSA-SHAKE-256s,334.204,4626.93,325.261,1,0,0,562.177,24,89713.5,90040.1,96148,96145
2,6,35,SLH-DSA-SHA2-192f_signed-by_SLH-DSA-SHAKE-256s,SLH-DSA-SHA2-192f_signed-by_SLH-DSA-SHAKE-256s,361.408,4278.66,393.881,1,332,2.10127,478.937,15,90163.1,89461.9,96148,96145
2,5,39,SLH-DSA-SHA2-192f_signed-by_SLH-DSA-SHAKE-256s,SLH-DSA-SHA2-192f_signed-by_SLH-DSA-SHAKE-256s,393.551,3929.2,264.138,1,1,0.00884956,394.92,13,90130,90776.8,96148,96145
2,1,41,SLH-DSA-SHA2-192f_signed-by_SLH-DSA-SHAKE-256s,SLH-DSA-SHA2-192f_signed-by_SLH-DSA-SHAKE-256s,384.282,4023.97,374.974,1,165,1.03774,511.157,24,89798.2,89321.6,96148,96145
2,7,35,SLH-DSA-SHA2-192f_signed-by_SLH-DSA-SHAKE-256s,SLH-DSA-SHA2-192f_signed-by_SLH-DSA-SHAKE-256s,304.742,5074.27,340.274,1,0,0,509.607,13,89928.4,89508.9,96148,96145
2,4,35,SLH-DSA-SHA2-192f_signed-by_SLH-DSA-SHAKE-256s,SLH-DSA-SHA2-192f_signed-by_SLH-DSA-SHAKE-256s,459.122,3368.04,277.608,1,134,0.978102,397.533,24,89691.7,89554,96148,96145
2,8,36,SLH-DSA-SHA2-192f_signed-by_SLH-DSA-SHAKE-256s,SLH-DSA-SHA2-192f_signed-by_SLH-DSA-SHAKE-256s,307.905,5022.14,433.224,1,88,0.586667,449.013,20,89657.7,89411.9,96148,96145
2,2,32,SLH-DSA-SHA2-192f_signed-by_SLH-DSA-SHAKE-256s,SLH-DSA-SHA2-192f_signed-by_SLH-DSA-SHAKE-256s,317.52,4870.06,333.283,1,21,0.173554,521.603,24,89527.3,89370.2,96148,96145
2,3,42,SLH-DSA-SHA2-192f_signed-by_SLH-DSA-SHAKE-256s,SLH-DSA-SHA2-192f_signed-by_SLH-DSA-SHAKE-256s,327.293,4724.64,347.48,1,42,0.313433,462.239,24,89840.3,89309,96148,96145
2,5,40,SLH-DSA-SHA2-192f_signed-by_SLH-DSA-SHAKE-256s,SLH-DSA-SHA2-192f_signed-by_SLH-DSA-SHAKE-256s,414.678,3729.01,266.191,1,83,0.70339,438.068,13,89600,89590,96148,96145
2,6,36,SLH-DSA-SHA2-192f_signed-by_SLH-DSA-SHAKE-256s,SLH-DSA-SHA2-192f_signed-by_SLH-DSA-SHAKE-256s,420.669,3675.92,261.184,1,83,0.715517,444.966,15,89915.5,89178.3,96148,96145
2,1,42,SLH-DSA-SHA2-192f_signed-by_SLH-DSA-SHAKE-256s,SLH-DSA-SHA2-192f_signed-by_SLH-DSA-SHAKE-256s,393.381,3930.9,340.962,1,318,2.30435,524.58,24,89858.9,89911.2,96148,96145
2,4,36,SLH-DSA-SHA2-192f_signed-by_SLH-DSA-SHAKE-256s,SLH-DSA-SHA2-192f_signed-by_SLH-DSA-SHAKE-256s,387.64,3989.12,324.755,1,70,0.510949,525.562,24,89927.9,89240,96148,96145
2,7,36,SLH-DSA-SHA2-192f_signed-by_SLH-DSA-SHAKE-256s,SLH-DSA-SHA2-192f_signed-by_SLH-DSA-SHAKE-256s,412.363,3749.95,288.833,1,129,1.06612,554.43,12,89996,89589.9,96148,96145
2,8,37,SLH-DSA-SHA2-192f_signed-by_SLH-DSA-SHAKE-256s,SLH-DSA-SHA2-192f_signed-by_SLH-DSA-SHAKE-256s,400.45,3861.51,344.332,1,202,1.30323,553.432,19,89717.4,89793,96148,96145
2,2,33,SLH-DSA-SHA2-192f_signed-by_SLH-DSA-SHAKE-256s,SLH-DSA-SHA2-192f_signed-by_SLH-DSA-SHAKE-256s,302.845,5106.05,344.783,1,1,0.00884956,576.336,24,89502,89494.2,96148,96145
2,3,43,SLH-DSA-SHA2-192f_signed-by_SLH-DSA-SHAKE-256s,SLH-DSA-SHA2-192f_signed-by_SLH-DSA-SHAKE-256s,315.681,4898.44,348.96,1,23,0.196581,520.564,24,89548.4,89315.5,96148,96145
2,5,41,SLH-DSA-SHA2-192f_signed-by_SLH-DSA-SHAKE-256s,SLH-DSA-SHA2-192f_signed-by_SLH-DSA-SHAKE-256s,360.395,4290.69,328.75,1,144,1.07463,410.955,13,89579.2,89264.5,96148,96145
2,1,43,SLH-DSA-SHA2-192f_signed-by_SLH-DSA-SHAKE-256s,SLH-DSA-SHA2-192f_signed-by_SLH-DSA-SHAKE-256s,388.488,3980.41,349.251,1,96,0.623377,423.584,24,89578.6,89272.4,96148,96145
2,4,37,SLH-DSA-SHA2-192f_signed-by_SLH-DSA-SHAKE-256s,SLH-DSA-SHA2-192f_signed-by_SLH-DSA-SHAKE-256s,375.151,4121.92,303.323,1,42,0.341463,500.667,24,90066.1,89294.3,96148,96145
2,6,37,SLH-DSA-SHA2-192f_signed-by_SLH-DSA-SHAKE-256s,SLH-DSA-SHA2-192f_signed-by_SLH-DSA-SHAKE-256s,422.716,3658.11,327.974,1,164,1.03145,376.34,16,91512.4,89301.1,96148,96145
2,7,37,SLH-DSA-SHA2-192f_signed-by_SLH-DSA-SHAKE-256s,SLH-DSA-SHA2-192f_signed-by_SLH-DSA-SHAKE-256s,369.215,4188.18,344.47,1,65,0.445205,494.164,12,89721,89468.2,96148,96145
2,8,38,SLH-DSA-SHA2-192f_signed-by_SLH-DSA-SHAKE-256s,SLH-DSA-SHA2-192f_signed-by_SLH-DSA-SHAKE-256s,368.557,4195.66,372.088,1,95,0.59375,523.225,19,89611.5,89180.9,96148,96145
2,2,34,SLH-DSA-SHA2-192f_signed-by_SLH-DSA-SHAKE-256s,SLH-DSA-SHA2-192f_signed-by_SLH-DSA-SHAKE-256s,360.048,4294.82,352.264,1,393,3.07031,630.656,24,89531.7,89664.3,96148,96145
2,3,44,SLH-DSA-SHA2-192f_signed-by_SLH-DSA-SHAKE-256s,SLH-DSA-SHA2-192f_signed-by_SLH-DSA-SHAKE-256s,302.399,5113.58,343.758,1,0,0,525.044,24,89550.2,89273.3,96148,96145
2,5,42,SLH-DSA-SHA2-192f_signed-by_SLH-DSA-SHAKE-256s,SLH-DSA-SHA2-192f_signed-by_SLH-DSA-SHAKE-256s,340.648,4539.41,304.408,1,0,0,454.429,13,89700.4,89221.4,96148,96145
2,1,44,SLH-DSA-SHA2-192f_signed-by_SLH-DSA-SHAKE-256s,SLH-DSA-SHA2-192f_signed-by_SLH-DSA-SHAKE-256s,401.868,3847.88,282.162,1,41,0.308271,380.887,24,89747.1,89506.2,96148,96145
2,4,38,SLH-DSA-SHA2-192f_signed-by_SLH-DSA-SHAKE-256s,SLH-DSA-SHA2-192f_signed-by_SLH-DSA-SHAKE-256s,408.279,3787.46,277.574,1,43,0.318519,368.904,24,89746.1,89603,96148,96145
2,7,38,SLH-DSA-SHA2-192f_signed-by_SLH-DSA-SHAKE-256s,SLH-DSA-SHA2-192f_signed-by_SLH-DSA-SHAKE-256s,393.496,3929.75,375.871,1,101,0.570621,416.599,11,89615.1,89537,96148,96145
2,2,35,SLH-DSA-SHA2-192f_signed-by_SLH-DSA-SHAKE-256s,SLH-DSA-SHA2-192f_signed-by_SLH-DSA-SHAKE-256s,363.518,4253.82,338.822,1,171,1.27612,462.776,24,89526.6,89817.2,96148,96145
2,6,38,SLH-DSA-SHA2-192f_signed-by_SLH-DSA-SHAKE-256s,SLH-DSA-SHA2-192f_signed-by_SLH-DSA-SHAKE-256s,419.334,3687.61,260.908,1,129,1.11207,432.621,17,89866,89518.1,96148,96145
2,8,39,SLH-DSA-SHA2-192f_signed-by_SLH-DSA-SHAKE-256s,SLH-DSA-SHA2-192f_signed-by_SLH-DSA-SHAKE-256s,403.033,3836.76,259.075,1,1,0.00884956,477.717,18,89892.8,89502.2,96148,96145
2,3,45,SLH-DSA-SHA2-192f_signed-by_SLH-DSA-SHAKE-256s,SLH-DSA-SHA2-192f_signed-by_SLH-DSA-SHAKE-256s,364.594,4241.27,297.273,1,37,0.330357,507,24,89651.3,89675.6,96148,96145
2,5,43,SLH-DSA-SHA2-192f_signed-by_SLH-DSA-SHAKE-256s,SLH-DSA-SHA2-192f_signed-by_SLH-DSA-SHAKE-256s,274.002,5643.55,381.252,1,0,0,326.278,13,89620.3,89264,96148,96145
2,1,45,SLH-DSA-SHA2-192f_signed-by_SLH-DSA-SHAKE-256s,SLH-DSA-SHA2-192f_signed-by_SLH-DSA-SHAKE-256s,411.211,3760.46,314.388,1,72,0.483221,378.564,24,89626.8,89381.2,96148,96145
2,6,39,SLH-DSA-SHA2-192f_signed-by_SLH-DSA-SHAKE-256s,SLH-DSA-SHA2-192f_signed-by_SLH-DSA-SHAKE-256s,389.908,3965.92,410.558,1,175,0.94086,464.086,17,89702.6,89163.2,96148,96145
2,8,40,SLH-DSA-SHA2-192f_signed-by_SLH-DSA-SHAKE-256s,SLH-DSA-SHA2-192f_signed-by_SLH-DSA-SHAKE-256s,392.995,3934.76,274.69,1,13,0.110169,444.271,17,89946.8,89290,96148,96145
2,2,36,SLH-DSA-SHA2-192f_signed-by_SLH-DSA-SHAKE-256s,SLH-DSA-SHA2-192f_signed-by_SLH-DSA-SHAKE-256s,407.351,3796.09,286.73,1,82,0.645669,464.646,24,89571,90193.7,96148,96145
2,4,39,SLH-DSA-SHA2-192f_signed-by_SLH-DSA-SHAKE-256s,SLH-DSA-SHA2-192f_signed-by_SLH-DSA-SHAKE-256s,424.266,3644.74,355.135,1,283,1.67456,398.497,24,90302.8,89914.6,96148,96145
2,7,39,SLH-DSA-SHA2-192f_signed-by_SLH-DSA-SHAKE-256s,SLH-DSA-SHA2-192f_signed-by_SLH-DSA-SHAKE-256s,423.731,3649.35,244.721,1,0,0,397.429,10,89591.5,89301,96148,96145
2,3,46,SLH-DSA-SHA2-192f_signed-by_SLH-DSA-SHAKE-256s,SLH-DSA-SHA2-192f_signed-by_SLH-DSA-SHAKE-256s,402.61,3840.79,284.503,1,123,1.04237,589.695,24,89424.6,89569.2,96148,96145
2,5,44,SLH-DSA-SHA2-192f_signed-by_SLH-DSA-SHAKE-256s,SLH-DSA-SHA2-192f_signed-by_SLH-DSA-SHAKE-256s,315.712,4897.94,341.88,1,3,0.0272727,822.945,13,90113,89552.4,96148,96145
2,1,46,SLH-DSA-SHA2-192f_signed-by_SLH-DSA-SHAKE-256s,SLH-DSA-SHA2-192f_signed-by_SLH-DSA-SHAKE-256s,376.249,4109.89,301.672,1,41,0.30597,383.075,24,89553.1,89956.8,96148,96145
2,6,40,SLH-DSA-SHA2-192f_signed-by_SLH-DSA-SHAKE-256s,SLH-DSA-SHA2-192f_signed-by_SLH-DSA-SHAKE-256s,409.724,3774.1,269.332,1,18,0.145161,360.452,17,89668.7,90064,96148,96145
2,7,40,SLH-DSA-SHA2-192f_signed-by_SLH-DSA-SHAKE-256s,SLH-DSA-SHA2-192f_signed-by_SLH-DSA-SHAKE-256s,395.845,3906.43,299.308,1,14,0.114754,406.262,11,89595.2,89241,96148,96145
2,8,41,SLH-DSA-SHA2-192f_signed-by_SLH-DSA-SHAKE-256s,SLH-DSA-SHA2-192f_signed-by_SLH-DSA-SHAKE-256s,408.23,3787.91,277.803,1,141,1.16529,419.421,16,89968.4,89246.7,96148,96145
2,5,45,SLH-DSA-SHA2-192f_signed-by_SLH-DSA-SHAKE-256s,SLH-DSA-SHA2-192f_signed-by_SLH-DSA-SHAKE-256s,381.724,4050.94,344.081,1,131,0.935714,451.371,12,89575.7,89270.6,96148,96145
2,3,47,SLH-DSA-SHA2-192f_signed-by_SLH-DSA-SHAKE-256s,SLH-DSA-SHA2-192f_signed-by_SLH-DSA-SHAKE-256s,415.091,3725.3,281.229,1,58,0.479339,508.479,24,89485.5,89298.9,96148,96145
2,4,40,SLH-DSA-SHA2-192f_signed-by_SLH-DSA-SHAKE-256s,SLH-DSA-SHA2-192f_signed-by_SLH-DSA-SHAKE-256s,431.127,3586.75,265.982,1,36,0.290323,458.903,24,89807.1,89356.4,96148,96145
2,1,47,SLH-DSA-SHA2-192f_signed-by_SLH-DSA-SHAKE-256s,SLH-DSA-SHA2-192f_signed-by_SLH-DSA-SHAKE-256s,372.209,4154.49,265.742,1,0,0,394.106,24,89928,89329.8,96148,96145
2,8,42,SLH-DSA-SHA2-192f_signed-by_SLH-DSA-SHAKE-256s,SLH-DSA-SHA2-192f_signed-by_SLH-DSA-SHAKE-256s,344.98,4482.41,317.885,1,94,0.810345,589.172,15,89557.2,89362.6,96148,96145
2,7,41,SLH-DSA-SHA2-192f_signed-by_SLH-DSA-SHAKE-256s,SLH-DSA-SHA2-192f_signed-by_SLH-DSA-SHAKE-256s,362.229,4268.96,300.627,1,33,0.289474,454.456,12,90449.9,89554.3,96148,96145
2,5,46,SLH-DSA-SHA2-192f_signed-by_SLH-DSA-SHAKE-256s,SLH-DSA-SHA2-192f_signed-by_SLH-DSA-SHAKE-256s,361.656,4275.73,342.557,1,101,0.834711,491.752,12,89527,89255.2,96148,96145
2,6,41,SLH-DSA-SHA2-192f_signed-by_SLH-DSA-SHAKE-256s,SLH-DSA-SHA2-192f_signed-by_SLH-DSA-SHAKE-256s,393.083,3933.89,300.232,1,40,0.298507,371.313,16,89855.4,89397.5,96148,96145
2,4,41,SLH-DSA-SHA2-192f_signed-by_SLH-DSA-SHAKE-256s,SLH-DSA-SHA2-192f_signed-by_SLH-DSA-SHAKE-256s,364.673,4240.35,330.29,1,168,1.41176,521.866,24,89614.1,89404.1,96148,96145
2,3,48,SLH-DSA-SHA2-192f_signed-by_SLH-DSA-SHAKE-256s,SLH-DSA-SHA2-192f_signed-by_SLH-DSA-SHAKE-256s,377.682,4094.29,294.639,1,22,0.177419,492.806,24,89534.1,89520.9,96148,96145
2,7,42,SLH-DSA-SHA2-192f_signed-by_SLH-DSA-SHAKE-256s,SLH-DSA-SHA2-192f_signed-by_SLH-DSA-SHAKE-256s,308.816,5007.33,321.9,1,1,0.00892857,451.893,13,89991.6,89469.5,96148,96145
2,5,47,SLH-DSA-SHA2-192f_signed-by_SLH-DSA-SHAKE-256s,SLH-DSA-SHA2-192f_signed-by_SLH-DSA-SHAKE-256s,304.743,5074.25,339.433,1,0,0,459.117,12,90083.1,89141.2,96148,96145
2,3,49,SLH-DSA-SHA2-192f_signed-by_SLH-DSA-SHAKE-256s,SLH-DSA-SHA2-192f_signed-by_SLH-DSA-SHAKE-256s,315.212,4905.72,329.784,1,0,0,493.54,24,89565.9,89581.2,96148,96145
2,6,42,SLH-DSA-SHA2-192f_signed-by_SLH-DSA-SHAKE-256s,SLH-DSA-SHA2-192f_signed-by_SLH-DSA-SHAKE-256s,343.043,4507.71,382.272,1,147,1,453.782,16,89943.5,89251.2,96148,96145
2,4,42,SLH-DSA-SHA2-192f_signed-by_SLH-DSA-SHAKE-256s,SLH-DSA-SHA2-192f_signed-by_SLH-DSA-SHAKE-256s,337.405,4583.04,438.878,1,307,1.87195,619.951,24,89626,89231.2,96148,96145
2,1,48,SLH-DSA-SHA2-192f_signed-by_SLH-DSA-SHAKE-256s,SLH-DSA-SHA2-192f_signed-by_SLH-DSA-SHAKE-256s,436.76,3540.48,248.887,1,48,0.387097,382.387,24,90241.7,89278.5,96148,96145
2,7,43,SLH-DSA-SHA2-192f_signed-by_SLH-DSA-SHAKE-256s,SLH-DSA-SHA2-192f_signed-by_SLH-DSA-SHAKE-256s,342.926,4509.26,335.745,1,32,0.246154,416.431,13,89442.9,89753.6,96148,96145
2,5,48,SLH-DSA-SHA2-192f_signed-by_SLH-DSA-SHAKE-256s,SLH-DSA-SHA2-192f_signed-by_SLH-DSA-SHAKE-256s,342.218,4518.59,289.125,1,0,0,397.357,12,89641.2,89231.2,96148,96145
2,3,50,SLH-DSA-SHA2-192f_signed-by_SLH-DSA-SHAKE-256s,SLH-DSA-SHA2-192f_signed-by_SLH-DSA-SHAKE-256s,328.658,4705.02,316.097,1,97,0.858407,464.513,24,90175.5,89361.9,96148,96145
2,1,49,SLH-DSA-SHA2-192f_signed-by_SLH-DSA-SHAKE-256s,SLH-DSA-SHA2-192f_signed-by_SLH-DSA-SHAKE-256s,320.289,4827.96,446.796,0.957576,96,0.581818,417.273,24,89592,89418.8,96148,96145
2,4,43,SLH-DSA-SHA2-192f_signed-by_SLH-DSA-SHAKE-256s,SLH-DSA-SHA2-192f_signed-by_SLH-DSA-SHAKE-256s,350.387,4413.24,368.734,1,107,0.769784,465.108,24,90506.5,89217.3,96148,96145
2,6,43,SLH-DSA-SHA2-192f_signed-by_SLH-DSA-SHAKE-256s,SLH-DSA-SHA2-192f_signed-by_SLH-DSA-SHAKE-256s,368.499,4196.33,342.405,1,64,0.435374,355.361,16,89994.5,89301.1,96148,96145
2,2,37,SLH-DSA-SHA2-192f_signed-by_SLH-DSA-SHAKE-256s,SLH-DSA-SHA2-192f_signed-by_SLH-DSA-SHAKE-256s,1521.9,1016.06,81.13,1,65,0.433333,268.72,24,89919.8,89195.7,96148,96145
2,7,44,SLH-DSA-SHA2-192f_signed-by_SLH-DSA-SHAKE-256s,SLH-DSA-SHA2-192f_signed-by_SLH-DSA-SHAKE-256s,317.545,4869.67,389.89,1,70,0.472973,363.486,14,89737.7,89951.1,96148,96145
2,5,49,SLH-DSA-SHA2-192f_signed-by_SLH-DSA-SHAKE-256s,SLH-DSA-SHA2-192f_signed-by_SLH-DSA-SHAKE-256s,331.72,4661.59,344.338,1,29,0.237705,386.197,11,89649.9,89244,96148,96145
2,3,51,SLH-DSA-SHA2-192f_signed-by_SLH-DSA-SHAKE-256s,SLH-DSA-SHA2-192f_signed-by_SLH-DSA-SHAKE-256s,347.059,4455.56,400.438,1,113,0.664706,373.506,24,89538.8,89594,96148,96145
2,1,50,SLH-DSA-SHA2-192f_signed-by_SLH-DSA-SHAKE-256s,SLH-DSA-SHA2-192f_signed-by_SLH-DSA-SHAKE-256s,359.04,4306.87,313.68,1,23,0.179688,357.906,24,89405.6,89331.5,96148,96145
2,2,38,SLH-DSA-SHA2-192f_signed-by_SLH-DSA-SHAKE-256s,SLH-DSA-SHA2-192f_signed-by_SLH-DSA-SHAKE-256s,336.715,4592.43,324.167,1,125,1.08696,521.861,24,89793.2,89342,96148,96145
2,4,44,SLH-DSA-SHA2-192f_signed-by_SLH-DSA-SHAKE-256s,SLH-DSA-SHA2-192f_signed-by_SLH-DSA-SHAKE-256s,375.489,4118.21,286.943,1,11,0.092437,380.655,24,89764.3,89535.9,96148,96145
2,6,44,SLH-DSA-SHA2-192f_signed-by_SLH-DSA-SHAKE-256s,SLH-DSA-SHA2-192f_signed-by_SLH-DSA-SHAKE-256s,371.984,4157.01,309.604,1,155,1.30252,603.983,15,90334.9,89177.7,96148,96145
2,7,45,SLH-DSA-SHA2-192f_signed-by_SLH-DSA-SHAKE-256s,SLH-DSA-SHA2-192f_signed-by_SLH-DSA-SHAKE-256s,284.466,5435.94,505.761,1,136,0.8,432.871,14,89738.5,89640.5,96148,96145
2,5,50,SLH-DSA-SHA2-192f_signed-by_SLH-DSA-SHAKE-256s,SLH-DSA-SHA2-192f_signed-by_SLH-DSA-SHAKE-256s,292.162,5292.75,354.926,1,0,0,451.821,11,90008.5,89998.6,96148,96145
2,3,52,SLH-DSA-SHA2-192f_signed-by_SLH-DSA-SHAKE-256s,SLH-DSA-SHA2-192f_signed-by_SLH-DSA-SHAKE-256s,324.311,4768.09,371.051,1,33,0.25,486.606,24,89700.1,89313.6,96148,96145
2,2,39,SLH-DSA-SHA2-192f_signed-by_SLH-DSA-SHAKE-256s,SLH-DSA-SHA2-192f_signed-by_SLH-DSA-SHAKE-256s,303.621,5092.99,407.454,1,57,0.401408,494.028,24,89882.3,89762.8,96148,96145
2,1,51,SLH-DSA-SHA2-192f_signed-by_SLH-DSA-SHAKE-256s,SLH-DSA-SHA2-192f_signed-by_SLH-DSA-SHAKE-256s,332.92,4644.79,472.81,1,327,1.89017,561.121,24,89758.4,89370.3,96148,96145
2,6,45,SLH-DSA-SHA2-192f_signed-by_SLH-DSA-SHAKE-256s,SLH-DSA-SHA2-192f_signed-by_SLH-DSA-SHAKE-256s,308.606,5010.74,339.073,1,23,0.201754,490.877,15,90044,89540.4,96148,96145
2,8,43,SLH-DSA-SHA2-192f_signed-by_SLH-DSA-SHAKE-256s,SLH-DSA-SHA2-192f_signed-by_SLH-DSA-SHAKE-256s,1510.67,1023.61,79.276,1,36,0.236842,213.447,14,89607.7,89272.9,96148,96145
2,7,46,SLH-DSA-SHA2-192f_signed-by_SLH-DSA-SHAKE-256s,SLH-DSA-SHA2-192f_signed-by_SLH-DSA-SHAKE-256s,278.485,5552.68,353.454,1,0,0,459.273,14,89767.1,89645.1,96148,96145
2,4,45,SLH-DSA-SHA2-192f_signed-by_SLH-DSA-SHAKE-256s,SLH-DSA-SHA2-192f_signed-by_SLH-DSA-SHAKE-256s,440.556,3509.98,253.824,1,29,0.232,314.672,24,94850.1,89464.2,96148,96145
2,5,51,SLH-DSA-SHA2-192f_signed-by_SLH-DSA-SHAKE-256s,SLH-DSA-SHA2-192f_signed-by_SLH-DSA-SHAKE-256s,294.477,5251.15,354.744,1,0,0,479.67,10,90049.4,89445.4,96148,96145
2,3,53,SLH-DSA-SHA2-192f_signed-by_SLH-DSA-SHAKE-256s,SLH-DSA-SHA2-192f_signed-by_SLH-DSA-SHAKE-256s,293.99,5259.85,384.122,1,82,0.700855,529.419,24,89659.4,89384.8,96148,96145
2,1,52,SLH-DSA-SHA2-192f_signed-by_SLH-DSA-SHAKE-256s,SLH-DSA-SHA2-192f_signed-by_SLH-DSA-SHAKE-256s,281.022,5502.56,402.814,1,46,0.396552,490.138,24,89448.8,89316.9,96148,96145
2,6,46,SLH-DSA-SHA2-192f_signed-by_SLH-DSA-SHAKE-256s,SLH-DSA-SHA2-192f_signed-by_SLH-DSA-SHAKE-256s,321.241,4813.65,386.849,1,43,0.316176,448.765,14,89576.6,89441,96148,96145
2,2,40,SLH-DSA-SHA2-192f_signed-by_SLH-DSA-SHAKE-256s,SLH-DSA-SHA2-192f_signed-by_SLH-DSA-SHAKE-256s,393.879,3925.93,280.329,1,27,0.226891,422.975,24,89569.5,89488,96148,96145
2,8,44,SLH-DSA-SHA2-192f_signed-by_SLH-DSA-SHAKE-256s,SLH-DSA-SHA2-192f_signed-by_SLH-DSA-SHAKE-256s,332.711,4647.7,370.964,1,247,1.82963,479.244,14,90134,89605,96148,96145
2,7,47,SLH-DSA-SHA2-192f_signed-by_SLH-DSA-SHAKE-256s,SLH-DSA-SHA2-192f_signed-by_SLH-DSA-SHAKE-256s,314.204,4921.45,342.91,1,11,0.092437,457.193,15,90104.1,89401.6,96148,96145
2,4,46,SLH-DSA-SHA2-192f_signed-by_SLH-DSA-SHAKE-256s,SLH-DSA-SHA2-192f_signed-by_SLH-DSA-SHAKE-256s,332.872,4645.46,324.449,0.725,11,0.0916667,456.267,24,89818.3,89195.5,96148,96145
2,5,52,SLH-DSA-SHA2-192f_signed-by_SLH-DSA-SHAKE-256s,SLH-DSA-SHA2-192f_signed-by_SLH-DSA-SHAKE-256s,320.041,4831.7,324.008,0.883929,0,0,450.393,9,89873.5,89291.7,96148,96145
2,3,54,SLH-DSA-SHA2-192f_signed-by_SLH-DSA-SHAKE-256s,SLH-DSA-SHA2-192f_signed-by_SLH-DSA-SHAKE-256s,293.692,5265.18,396.769,0.606557,56,0.459016,501.115,24,89956.7,90021.6,96148,96145
2,1,53,SLH-DSA-SHA2-192f_signed-by_SLH-DSA-SHAKE-256s,SLH-DSA-SHA2-192f_signed-by_SLH-DSA-SHAKE-256s,290.344,5325.9,378.53,0.931034,23,0.198276,482.966,24,89683.6,89358,96148,96145
2,6,47,SLH-DSA-SHA2-192f_signed-by_SLH-DSA-SHAKE-256s,SLH-DSA-SHA2-192f_signed-by_SLH-DSA-SHAKE-256s,299.557,5162.09,348.728,1,0,0,326.278,14,90708.7,89522.4,96148,96145
2,2,41,SLH-DSA-SHA2-192f_signed-by_SLH-DSA-SHAKE-256s,SLH-DSA-SHA2-192f_signed-by_SLH-DSA-SHAKE-256s,305.53,5061.18,340.863,1,37,0.324561,530.842,24,89727.8,89556.3,96148,96145
2,8,45,SLH-DSA-SHA2-192f_signed-by_SLH-DSA-SHAKE-256s,SLH-DSA-SHA2-192f_signed-by_SLH-DSA-SHAKE-256s,326.215,4740.26,362.607,1,41,0.308271,508.977,14,89482.4,89313.5,96148,96145
2,7,48,SLH-DSA-SHA2-192f_signed-by_SLH-DSA-SHAKE-256s,SLH-DSA-SHA2-192f_signed-by_SLH-DSA-SHAKE-256s,329.508,4692.88,319.846,1,14,0.121739,505.443,15,90053.2,95114.9,96148,96145
2,4,47,SLH-DSA-SHA2-192f_signed-by_SLH-DSA-SHAKE-256s,SLH-DSA-SHA2-192f_signed-by_SLH-DSA-SHAKE-256s,346.378,4464.32,362.055,1,67,0.482014,448.446,24,89923.7,89714.4,96148,96145
2,5,53,SLH-DSA-SHA2-192f_signed-by_SLH-DSA-SHAKE-256s,SLH-DSA-SHA2-192f_signed-by_SLH-DSA-SHAKE-256s,328.516,4707.06,320.033,1,2,0.0175439,391.439,9,89610.7,89381.7,96148,96145
2,3,55,SLH-DSA-SHA2-192f_signed-by_SLH-DSA-SHAKE-256s,SLH-DSA-SHA2-192f_signed-by_SLH-DSA-SHAKE-256s,310.466,4980.71,370.642,1,120,1.01695,569.356,24,89618.1,89544.4,96148,96145
2,1,54,SLH-DSA-SHA2-192f_signed-by_SLH-DSA-SHAKE-256s,SLH-DSA-SHA2-192f_signed-by_SLH-DSA-SHAKE-256s,304.207,5083.18,371.22,0.794872,46,0.393162,504.188,24,89595.8,89211.2,96148,96145
2,6,48,SLH-DSA-SHA2-192f_signed-by_SLH-DSA-SHAKE-256s,SLH-DSA-SHA2-192f_signed-by_SLH-DSA-SHAKE-256s,281.475,5493.72,386.876,0.929825,61,0.535088,498.912,14,89614.1,89308.2,96148,96145
2,2,42,SLH-DSA-SHA2-192f_signed-by_SLH-DSA-SHAKE-256s,SLH-DSA-SHA2-192f_signed-by_SLH-DSA-SHAKE-256s,287.378,5380.86,343.407,1,0,0,533.784,24,89775.2,89352.8,96148,96145
2,8,46,SLH-DSA-SHA2-192f_signed-by_SLH-DSA-SHAKE-256s,SLH-DSA-SHA2-192f_signed-by_SLH-DSA-SHAKE-256s,286.414,5398.97,343.67,1,0,0,459.273,13,90501.2,89291.6,96148,96145
2,7,49,SLH-DSA-SHA2-192f_signed-by_SLH-DSA-SHAKE-256s,SLH-DSA-SHA2-192f_signed-by_SLH-DSA-SHAKE-256s,319.984,4832.56,424.271,1,101,0.639241,488.38,16,89587.5,89229,96148,96145
2,5,54,SLH-DSA-SHA2-192f_signed-by_SLH-DSA-SHAKE-256s,SLH-DSA-SHA2-192f_signed-by_SLH-DSA-SHAKE-256s,316.074,4892.35,344.375,1,7,0.0583333,378.567,9,89503.5,89428.3,96148,96145
2,1,55,SLH-DSA-SHA2-192f_signed-by_SLH-DSA-SHAKE-256s,SLH-DSA-SHA2-192f_signed-by_SLH-DSA-SHAKE-256s,307.988,5020.79,358.403,1,62,0.525424,483.424,24,90545.6,89256.1,96148,96145
2,4,48,SLH-DSA-SHA2-192f_signed-by_SLH-DSA-SHAKE-256s,SLH-DSA-SHA2-192f_signed-by_SLH-DSA-SHAKE-256s,380.067,4068.6,343.728,1,76,0.496732,409.007,24,89880.3,90102.3,96148,96145
2,3,56,SLH-DSA-SHA2-192f_signed-by_SLH-DSA-SHAKE-256s,SLH-DSA-SHA2-192f_signed-by_SLH-DSA-SHAKE-256s,344.497,4488.7,425.85,1,170,0.994152,439.544,24,89733.9,89385.6,96148,96145
2,6,49,SLH-DSA-SHA2-192f_signed-by_SLH-DSA-SHAKE-256s,SLH-DSA-SHA2-192f_signed-by_SLH-DSA-SHAKE-256s,319.177,4844.77,360.225,1,43,0.318519,452.074,15,89589.7,89562.4,96148,96145
2,2,43,SLH-DSA-SHA2-192f_signed-by_SLH-DSA-SHAKE-256s,SLH-DSA-SHA2-192f_signed-by_SLH-DSA-SHAKE-256s,319.185,4844.65,384.428,1,135,1.07143,528.476,24,89509.8,89313.3,96148,96145
2,8,47,SLH-DSA-SHA2-192f_signed-by_SLH-DSA-SHAKE-256s,SLH-DSA-SHA2-192f_signed-by_SLH-DSA-SHAKE-256s,281.382,5495.53,368.524,1,0,0,450.393,13,89417.4,90294.2,96148,96145
2,7,50,SLH-DSA-SHA2-192f_signed-by_SLH-DSA-SHAKE-256s,SLH-DSA-SHA2-192f_signed-by_SLH-DSA-SHAKE-256s,281.586,5491.54,453.828,1,81,0.529412,501.66,16,89757.1,89609.5,96148,96145
2,5,55,SLH-DSA-SHA2-192f_signed-by_SLH-DSA-SHAKE-256s,SLH-DSA-SHA2-192f_signed-by_SLH-DSA-SHAKE-256s,328.021,4714.16,334.369,1,31,0.244094,381.843,10,89419.7,89822.4,96148,96145
2,3,57,SLH-DSA-SHA2-192f_signed-by_SLH-DSA-SHAKE-256s,SLH-DSA-SHA2-192f_signed-by_SLH-DSA-SHAKE-256s,315.586,4899.9,349.115,1,120,1.01695,536.949,24,89864.4,89549.4,96148,96145
2,4,49,SLH-DSA-SHA2-192f_signed-by_SLH-DSA-SHAKE-256s,SLH-DSA-SHA2-192f_signed-by_SLH-DSA-SHAKE-256s,346.068,4468.32,348.278,1,165,1.36364,549.438,24,89892.1,89296.5,96148,96145
2,1,56,SLH-DSA-SHA2-192f_signed-by_SLH-DSA-SHAKE-256s,SLH-DSA-SHA2-192f_signed-by_SLH-DSA-SHAKE-256s,364.855,4238.23,357.708,1,74,0.486842,369,24,89731.7,89526.1,96148,96145
2,6,50,SLH-DSA-SHA2-192f_signed-by_SLH-DSA-SHAKE-256s,SLH-DSA-SHA2-192f_signed-by_SLH-DSA-SHAKE-256s,352.052,4392.37,352.902,1,76,0.567164,479.612,16,89781.2,89560.2,96148,96145
2,2,44,SLH-DSA-SHA2-192f_signed-by_SLH-DSA-SHAKE-256s,SLH-DSA-SHA2-192f_signed-by_SLH-DSA-SHAKE-256s,317.681,4867.6,369.024,1,45,0.354331,495.039,24,89524.6,89824.2,96148,96145
2,8,48,SLH-DSA-SHA2-192f_signed-by_SLH-DSA-SHAKE-256s,SLH-DSA-SHA2-192f_signed-by_SLH-DSA-SHAKE-256s,314.647,4914.53,359.31,1,5,0.042735,468.872,12,89909.7,89327.8,96148,96145
2,7,51,SLH-DSA-SHA2-192f_signed-by_SLH-DSA-SHAKE-256s,SLH-DSA-SHA2-192f_signed-by_SLH-DSA-SHAKE-256s,284.923,5427.22,363.943,1,0,0,450.393,17,90179.7,89637.5,96148,96145
2,5,56,SLH-DSA-SHA2-192f_signed-by_SLH-DSA-SHAKE-256s,SLH-DSA-SHA2-192f_signed-by_SLH-DSA-SHAKE-256s,307.92,5021.9,319.667,1,0,0,459.309,10,89712.1,89654.3,96148,96145
2,3,58,SLH-DSA-SHA2-192f_signed-by_SLH-DSA-SHAKE-256s,SLH-DSA-SHA2-192f_signed-by_SLH-DSA-SHAKE-256s,335.325,4611.48,342.02,1,31,0.242188,407.219,24,89531.6,89328.1,96148,96145
2,4,50,SLH-DSA-SHA2-192f_signed-by_SLH-DSA-SHAKE-256s,SLH-DSA-SHA2-192f_signed-by_SLH-DSA-SHAKE-256s,353.735,4371.47,508.99,1,394,1.85849,406.981,24,89564.4,89571.2,96148,96145
2,1,57,SLH-DSA-SHA2-192f_signed-by_SLH-DSA-SHAKE-256s,SLH-DSA-SHA2-192f_signed-by_SLH-DSA-SHAKE-256s,385.982,4006.26,364.037,1,102,0.607143,407.333,24,89817.1,89258.1,96148,96145
2,6,51,SLH-DSA-SHA2-192f_signed-by_SLH-DSA-SHAKE-256s,SLH-DSA-SHA2-192f_signed-by_SLH-DSA-SHAKE-256s,350.804,4407.99,296.324,1,0,0,394.248,17,89553.2,89729.8,96148,96145
2,7,52,SLH-DSA-SHA2-192f_signed-by_SLH-DSA-SHAKE-256s,SLH-DSA-SHA2-192f_signed-by_SLH-DSA-SHAKE-256s,312.45,4949.09,359.84,1,140,1.17647,476.891,18,90227.8,89457,96148,96145
2,2,45,SLH-DSA-SHA2-192f_signed-by_SLH-DSA-SHAKE-256s,SLH-DSA-SHA2-192f_signed-by_SLH-DSA-SHAKE-256s,368.076,4201.15,352.796,1,202,1.44286,445.886,24,89951.5,89457.4,96148,96145
2,8,49,SLH-DSA-SHA2-192f_signed-by_SLH-DSA-SHAKE-256s,SLH-DSA-SHA2-192f_signed-by_SLH-DSA-SHAKE-256s,360.429,4290.28,342.081,1,44,0.328358,450.478,11,89627,89444.4,96148,96145
2,5,57,SLH-DSA-SHA2-192f_signed-by_SLH-DSA-SHAKE-256s,SLH-DSA-SHA2-192f_signed-by_SLH-DSA-SHAKE-256s,276.646,5589.59,356.729,1,0,0,485.423,10,91295.4,89500.5,96148,96145
2,3,59,SLH-DSA-SHA2-192f_signed-by_SLH-DSA-SHAKE-256s,SLH-DSA-SHA2-192f_signed-by_SLH-DSA-SHAKE-256s,287.753,5373.85,342.071,1,0,0,505.927,24,89460.5,89656.2,96148,96145
2,4,51,SLH-DSA-SHA2-192f_signed-by_SLH-DSA-SHAKE-256s,SLH-DSA-SHA2-192f_signed-by_SLH-DSA-SHAKE-256s,365.839,4226.83,283.446,1,0,0,401.929,24,89621.7,89105.5,96148,96145
2,1,58,SLH-DSA-SHA2-192f_signed-by_SLH-DSA-SHAKE-256s,SLH-DSA-SHA2-192f_signed-by_SLH-DSA-SHAKE-256s,376.347,4108.82,290.71,1,61,0.525862,460.31,24,89446.3,89318.2,96148,96145
2,6,52,SLH-DSA-SHA2-192f_signed-by_SLH-DSA-SHAKE-256s,SLH-DSA-SHA2-192f_signed-by_SLH-DSA-SHAKE-256s,381.101,4057.57,277.344,1,1,0.00847458,457.729,17,89515.8,89903.5,96148,96145
2,2,46,SLH-DSA-SHA2-192f_signed-by_SLH-DSA-SHAKE-256s,SLH-DSA-SHA2-192f_signed-by_SLH-DSA-SHAKE-256s,375.556,4117.48,354.674,1,81,0.522581,546.594,24,89686,89255.5,96148,96145
2,7,53,SLH-DSA-SHA2-192f_signed-by_SLH-DSA-SHAKE-256s,SLH-DSA-SHA2-192f_signed-by_SLH-DSA-SHAKE-256s,399.469,3871,319.624,1,302,2.18841,449.42,18,89585.1,89662.2,96148,96145
2,8,50,SLH-DSA-SHA2-192f_signed-by_SLH-DSA-SHAKE-256s,SLH-DSA-SHA2-192f_signed-by_SLH-DSA-SHAKE-256s,404.121,3826.43,400.434,1,180,0.942408,490.126,11,89731.4,89754.8,96148,96145
2,5,58,SLH-DSA-SHA2-192f_signed-by_SLH-DSA-SHAKE-256s,SLH-DSA-SHA2-192f_signed-by_SLH-DSA-SHAKE-256s,345.467,4476.09,363.565,1,107,0.835938,560.156,10,90082,89346.2,96148,96145
2,3,60,SLH-DSA-SHA2-192f_signed-by_SLH-DSA-SHAKE-256s,SLH-DSA-SHA2-192f_signed-by_SLH-DSA-SHAKE-256s,297.259,5202,407.24,1,107,0.884298,508.81,24,89529.4,89352.7,96148,96145
2,4,52,SLH-DSA-SHA2-192f_signed-by_SLH-DSA-SHAKE-256s,SLH-DSA-SHA2-192f_signed-by_SLH-DSA-SHAKE-256s,277.352,5575.38,415.299,1,47,0.350746,436.687,24,89814.9,89492.9,96148,96145
2,7,54,SLH-DSA-SHA2-192f_signed-by_SLH-DSA-SHAKE-256s,SLH-DSA-SHA2-192f_signed-by_SLH-DSA-SHAKE-256s,288.721,5355.83,358.657,1,0,0,451.786,19,90463.3,89229.3,96148,96145
2,6,53,SLH-DSA-SHA2-192f_signed-by_SLH-DSA-SHAKE-256s,SLH-DSA-SHA2-192f_signed-by_SLH-DSA-SHAKE-256s,347.596,4448.67,457.311,1,156,0.804124,399.423,17,89912.4,89486.8,96148,96145
2,2,47,SLH-DSA-SHA2-192f_signed-by_SLH-DSA-SHAKE-256s,SLH-DSA-SHA2-192f_signed-by_SLH-DSA-SHAKE-256s,337.613,4580.21,369.653,1,65,0.467626,457.683,24,89478.4,89646.7,96148,96145
2,5,59,SLH-DSA-SHA2-192f_signed-by_SLH-DSA-SHAKE-256s,SLH-DSA-SHA2-192f_signed-by_SLH-DSA-SHAKE-256s,326.191,4740.6,334.037,1,1,0.00877193,441.509,9,89611.6,89330.3,96148,96145
2,8,51,SLH-DSA-SHA2-192f_signed-by_SLH-DSA-SHAKE-256s,SLH-DSA-SHA2-192f_signed-by_SLH-DSA-SHAKE-256s,352.704,4384.25,474.278,1,161,0.884615,488.22,10,89463.7,89730.1,96148,96145
2,3,61,SLH-DSA-SHA2-192f_signed-by_SLH-DSA-SHAKE-256s,SLH-DSA-SHA2-192f_signed-by_SLH-DSA-SHAKE-256s,337.479,4582.04,353.918,1,70,0.569106,543.366,24,89835.5,89307.9,96148,96145
2,4,53,SLH-DSA-SHA2-192f_signed-by_SLH-DSA-SHAKE-256s,SLH-DSA-SHA2-192f_signed-by_SLH-DSA-SHAKE-256s,280.149,5519.71,371.745,1,103,0.903509,511.965,24,89798.4,89652.1,96148,96145
2,7,55,SLH-DSA-SHA2-192f_signed-by_SLH-DSA-SHAKE-256s,SLH-DSA-SHA2-192f_signed-by_SLH-DSA-SHAKE-256s,301.797,5123.78,415.59,1,62,0.433566,429.301,19,89939.4,89260.7,96148,96145
2,6,54,SLH-DSA-SHA2-192f_signed-by_SLH-DSA-SHAKE-256s,SLH-DSA-SHA2-192f_signed-by_SLH-DSA-SHAKE-256s,315.695,4898.21,327.657,1,0,0,553.495,17,89532,89285.9,96148,96145
2,5,60,SLH-DSA-SHA2-192f_signed-by_SLH-DSA-SHAKE-256s,SLH-DSA-SHA2-192f_signed-by_SLH-DSA-SHAKE-256s,335.664,4606.81,326.754,1,31,0.244094,379.008,9,89793.1,89742.6,96148,96145
2,8,52,SLH-DSA-SHA2-192f_signed-by_SLH-DSA-SHAKE-256s,SLH-DSA-SHA2-192f_signed-by_SLH-DSA-SHAKE-256s,320.732,4821.29,343.663,1,3,0.025641,385.009,10,89748.6,89426.1,96148,96145
2,2,48,SLH-DSA-SHA2-192f_signed-by_SLH-DSA-SHAKE-256s,SLH-DSA-SHA2-192f_signed-by_SLH-DSA-SHAKE-256s,384.067,4026.23,346.106,1,84,0.535032,390.637,24,89510.1,89353.9,96148,96145
2,4,54,SLH-DSA-SHA2-192f_signed-by_SLH-DSA-SHAKE-256s,SLH-DSA-SHA2-192f_signed-by_SLH-DSA-SHAKE-256s,296.754,5210.86,498.029,1,122,0.693182,471.591,24,89766.9,89265.3,96148,96145
2,3,62,SLH-DSA-SHA2-192f_signed-by_SLH-DSA-SHAKE-256s,SLH-DSA-SHA2-192f_signed-by_SLH-DSA-SHAKE-256s,345.061,4481.36,454.458,1,411,2.29609,419.475,24,89522.4,89247.9,96148,96145
2,7,56,SLH-DSA-SHA2-192f_signed-by_SLH-DSA-SHAKE-256s,SLH-DSA-SHA2-192f_signed-by_SLH-DSA-SHAKE-256s,273.684,5650.1,363.397,1,0,0,328.737,20,89569.6,89478.9,96148,96145
2,6,55,SLH-DSA-SHA2-192f_signed-by_SLH-DSA-SHAKE-256s,SLH-DSA-SHA2-192f_signed-by_SLH-DSA-SHAKE-256s,330.257,4682.24,313.986,1,0,0,447.964,16,89542,89416.2,96148,96145
2,8,53,SLH-DSA-SHA2-192f_signed-by_SLH-DSA-SHAKE-256s,SLH-DSA-SHA2-192f_signed-by_SLH-DSA-SHAKE-256s,352.778,4383.33,296.118,1,0,0,440.678,10,89636,90051.5,96148,96145
2,5,61,SLH-DSA-SHA2-192f_signed-by_SLH-DSA-SHAKE-256s,SLH-DSA-SHA2-192f_signed-by_SLH-DSA-SHAKE-256s,377.614,4095.03,383.163,1,272,1.76623,516.753,9,89572.4,90514.2,96148,96145
2,2,49,SLH-DSA-SHA2-192f_signed-by_SLH-DSA-SHAKE-256s,SLH-DSA-SHA2-192f_signed-by_SLH-DSA-SHAKE-256s,393.74,3927.32,328.989,1,78,0.541667,453.389,24,89819.3,89543.5,96148,96145
2,3,63,SLH-DSA-SHA2-192f_signed-by_SLH-DSA-SHAKE-256s,SLH-DSA-SHA2-192f_signed-by_SLH-DSA-SHAKE-256s,380.505,4063.92,326.008,1,287,2.4322,662.373,24,89735.6,89281,96148,96145
2,4,55,SLH-DSA-SHA2-192f_signed-by_SLH-DSA-SHAKE-256s,SLH-DSA-SHA2-192f_signed-by_SLH-DSA-SHAKE-256s,387.263,3993,304.578,1,136,1.10569,653.382,24,89551.4,89304.2,96148,96145
2,7,57,SLH-DSA-SHA2-192f_signed-by_SLH-DSA-SHAKE-256s,SLH-DSA-SHA2-192f_signed-by_SLH-DSA-SHAKE-256s,308.964,5004.93,354.785,1,79,0.686957,521.583,20,90056.8,89352.7,96148,96145
2,6,56,SLH-DSA-SHA2-192f_signed-by_SLH-DSA-SHAKE-256s,SLH-DSA-SHA2-192f_signed-by_SLH-DSA-SHAKE-256s,307.931,5021.71,414.689,0.993243,65,0.439189,467.135,17,89554,89384,96148,96145
2,8,54,SLH-DSA-SHA2-192f_signed-by_SLH-DSA-SHAKE-256s,SLH-DSA-SHA2-192f_signed-by_SLH-DSA-SHAKE-256s,316.227,4889.97,356.502,1,45,0.387931,490,10,90711.4,89277,96148,96145
2,5,62,SLH-DSA-SHA2-192f_signed-by_SLH-DSA-SHAKE-256s,SLH-DSA-SHA2-192f_signed-by_SLH-DSA-SHAKE-256s,307.933,5021.68,349.01,1,45,0.394737,497.86,9,90385.7,89280.2,96148,96145
2,4,56,SLH-DSA-SHA2-192f_signed-by_SLH-DSA-SHAKE-256s,SLH-DSA-SHA2-192f_signed-by_SLH-DSA-SHAKE-256s,308.865,5006.53,382.976,0.789474,41,0.308271,503.534,24,89683.9,89367.8,96148,96145
2,2,50,SLH-DSA-SHA2-192f_signed-by_SLH-DSA-SHAKE-256s,SLH-DSA-SHA2-192f_signed-by_SLH-DSA-SHAKE-256s,345.606,4474.29,307.679,0.853659,21,0.170732,577.382,24,89938.7,89493.2,96148,96145
2,3,64,SLH-DSA-SHA2-192f_signed-by_SLH-DSA-SHAKE-256s,SLH-DSA-SHA2-192f_signed-by_SLH-DSA-SHAKE-256s,346.368,4464.45,380.82,0.690789,80,0.526316,448.053,24,89614.4,89218.2,96148,96145
2,7,58,SLH-DSA-SHA2-192f_signed-by_SLH-DSA-SHAKE-256s,SLH-DSA-SHA2-192f_signed-by_SLH-DSA-SHAKE-256s,325.729,4747.32,346.742,1,72,0.595041,397.405,21,90219.5,89590.5,96148,96145
2,1,59,SLH-DSA-SHA2-192f_signed-by_SLH-DSA-SHAKE-256s,SLH-DSA-SHA2-192f_signed-by_SLH-DSA-SHAKE-256s,1569.2,985.436,71.8737,1,112,0.805755,264.158,24,89498.7,89351,96148,96145
2,6,57,SLH-DSA-SHA2-192f_signed-by_SLH-DSA-SHAKE-256s,SLH-DSA-SHA2-192f_signed-by_SLH-DSA-SHAKE-256s,296.131,5221.81,350.169,1,0,0,481.5,17,89758.1,89877.3,96148,96145
2,8,55,SLH-DSA-SHA2-192f_signed-by_SLH-DSA-SHAKE-256s,SLH-DSA-SHA2-192f_signed-by_SLH-DSA-SHAKE-256s,321.709,4806.65,366.89,1,41,0.310606,462.515,10,89731.6,89702,96148,96145
2,5,63,SLH-DSA-SHA2-192f_signed-by_SLH-DSA-SHAKE-256s,SLH-DSA-SHA2-192f_signed-by_SLH-DSA-SHAKE-256s,316.03,4893.02,362.902,1,31,0.242188,449.969,10,89621.9,89493.5,96148,96145
2,2,51,SLH-DSA-SHA2-192f_signed-by_SLH-DSA-SHAKE-256s,SLH-DSA-SHA2-192f_signed-by_SLH-DSA-SHAKE-256s,325.788,4746.46,338.428,1,34,0.261538,403.815,24,89976.6,89502.9,96148,96145
2,3,65,SLH-DSA-SHA2-192f_signed-by_SLH-DSA-SHAKE-256s,SLH-DSA-SHA2-192f_signed-by_SLH-DSA-SHAKE-256s,322.57,4793.82,379.105,1,227,1.58741,491.119,24,89756.3,89243.9,96148,96145
2,7,59,SLH-DSA-SHA2-192f_signed-by_SLH-DSA-SHAKE-256s,SLH-DSA-SHA2-192f_signed-by_SLH-DSA-SHAKE-256s,321.157,4814.91,496.952,1,223,1.18617,411.234,21,89680.8,89597,96148,96145
2,4,57,SLH-DSA-SHA2-192f_signed-by_SLH-DSA-SHAKE-256s,SLH-DSA-SHA2-192f_signed-by_SLH-DSA-SHAKE-256s,409.092,3779.93,307.881,1,79,0.512987,348.442,24,89939.8,89714.4,96148,96145
2,1,60,SLH-DSA-SHA2-192f_signed-by_SLH-DSA-SHAKE-256s,SLH-DSA-SHA2-192f_signed-by_SLH-DSA-SHAKE-256s,348.797,4433.36,343.81,1,69,0.565574,502.721,24,89592.2,90501.8,96148,96145
2,6,58,SLH-DSA-SHA2-192f_signed-by_SLH-DSA-SHAKE-256s,SLH-DSA-SHA2-192f_signed-by_SLH-DSA-SHAKE-256s,320.398,4826.32,327.193,1,0,0,404.769,18,90012,89219.5,96148,96145
2,8,56,SLH-DSA-SHA2-192f_signed-by_SLH-DSA-SHAKE-256s,SLH-DSA-SHA2-192f_signed-by_SLH-DSA-SHAKE-256s,289.452,5342.31,420.822,1,131,0.935714,470.2,10,90246.8,89610.6,96148,96145
2,5,64,SLH-DSA-SHA2-192f_signed-by_SLH-DSA-SHAKE-256s,SLH-DSA-SHA2-192f_signed-by_SLH-DSA-SHAKE-256s,340.974,4535.07,377.131,1,112,0.794326,481.83,11,89799.5,89728.5,96148,96145
2,3,66,SLH-DSA-SHA2-192f_signed-by_SLH-DSA-SHAKE-256s,SLH-DSA-SHA2-192f_signed-by_SLH-DSA-SHAKE-256s,352.559,4386.05,294.849,1,0,0,493.54,24,89540.7,89270.4,96148,96145
2,2,52,SLH-DSA-SHA2-192f_signed-by_SLH-DSA-SHAKE-256s,SLH-DSA-SHA2-192f_signed-by_SLH-DSA-SHAKE-256s,382.294,4044.9,304.854,1,146,1.15873,450.54,24,89879.4,89432.2,96148,96145
2,7,60,SLH-DSA-SHA2-192f_signed-by_SLH-DSA-SHAKE-256s,SLH-DSA-SHA2-192f_signed-by_SLH-DSA-SHAKE-256s,375.125,4122.21,315.585,1,67,0.54918,443.18,22,89622.6,89359.1,96148,96145
2,4,58,SLH-DSA-SHA2-192f_signed-by_SLH-DSA-SHAKE-256s,SLH-DSA-SHA2-192f_signed-by_SLH-DSA-SHAKE-256s,353.327,4376.52,417.29,1,185,1.09467,450.095,24,89695.5,89294.3,96148,96145
2,6,59,SLH-DSA-SHA2-192f_signed-by_SLH-DSA-SHAKE-256s,SLH-DSA-SHA2-192f_signed-by_SLH-DSA-SHAKE-256s,353.153,4378.68,309.078,1,61,0.530435,473.965,18,89708.5,89214.8,96148,96145
2,1,61,SLH-DSA-SHA2-192f_signed-by_SLH-DSA-SHAKE-256s,SLH-DSA-SHA2-192f_signed-by_SLH-DSA-SHAKE-256s,378.166,4089.05,351.379,1,82,0.532468,405.455,24,89575.9,89359.2,96148,96145
2,8,57,SLH-DSA-SHA2-192f_signed-by_SLH-DSA-SHAKE-256s,SLH-DSA-SHA2-192f_signed-by_SLH-DSA-SHAKE-256s,286.644,5394.65,344.288,1,0,0,485.423,11,89638.8,89231,96148,96145
2,5,65,SLH-DSA-SHA2-192f_signed-by_SLH-DSA-SHAKE-256s,SLH-DSA-SHA2-192f_signed-by_SLH-DSA-SHAKE-256s,319.595,4838.44,370.118,1,41,0.308271,507.113,11,90533,89826.1,96148,96145
2,3,67,SLH-DSA-SHA2-192f_signed-by_SLH-DSA-SHAKE-256s,SLH-DSA-SHA2-192f_signed-by_SLH-DSA-SHAKE-256s,366.631,4217.71,366.973,1,71,0.470199,403.907,24,90677.8,89386.9,96148,96145
2,2,53,SLH-DSA-SHA2-192f_signed-by_SLH-DSA-SHAKE-256s,SLH-DSA-SHA2-192f_signed-by_SLH-DSA-SHAKE-256s,366.869,4214.97,357.62,1,119,0.809524,476.803,24,89586.6,89980,96148,96145
2,4,59,SLH-DSA-SHA2-192f_signed-by_SLH-DSA-SHAKE-256s,SLH-DSA-SHA2-192f_signed-by_SLH-DSA-SHAKE-256s,369.42,4185.87,296.984,1,186,1.57627,490.407,24,89991.1,89239.1,96148,96145
2,7,61,SLH-DSA-SHA2-192f_signed-by_SLH-DSA-SHAKE-256s,SLH-DSA-SHA2-192f_signed-by_SLH-DSA-SHAKE-256s,420.244,3679.63,284.863,1,43,0.313869,367.577,23,89550.5,89348.9,96148,96145
2,6,60,SLH-DSA-SHA2-192f_signed-by_SLH-DSA-SHAKE-256s,SLH-DSA-SHA2-192f_signed-by_SLH-DSA-SHAKE-256s,408.162,3788.55,356.133,1,115,0.66092,499.057,19,89494.9,89226.8,96148,96145
2,1,62,SLH-DSA-SHA2-192f_signed-by_SLH-DSA-SHAKE-256s,SLH-DSA-SHA2-192f_signed-by_SLH-DSA-SHAKE-256s,403.822,3829.27,303.817,1,170,1.30769,418.338,24,89683.3,89562.6,96148,96145
2,8,58,SLH-DSA-SHA2-192f_signed-by_SLH-DSA-SHAKE-256s,SLH-DSA-SHA2-192f_signed-by_SLH-DSA-SHAKE-256s,375.609,4116.9,384.016,1,134,0.817073,435.073,11,89784.2,89424.1,96148,96145
2,5,66,SLH-DSA-SHA2-192f_signed-by_SLH-DSA-SHAKE-256s,SLH-DSA-SHA2-192f_signed-by_SLH-DSA-SHAKE-256s,309.548,4995.48,419.242,1,254,2.11667,644.3,11,89832.5,89346.2,96148,96145
2,3,68,SLH-DSA-SHA2-192f_signed-by_SLH-DSA-SHAKE-256s,SLH-DSA-SHA2-192f_signed-by_SLH-DSA-SHAKE-256s,278.771,5547,450.836,1,61,0.488,360.304,24,89745.3,89337.8,96148,96145
2,2,54,SLH-DSA-SHA2-192f_signed-by_SLH-DSA-SHAKE-256s,SLH-DSA-SHA2-192f_signed-by_SLH-DSA-SHAKE-256s,299.519,5162.75,396.689,1,70,0.583333,523.133,24,89874.5,89449.4,96148,96145
2,4,60,SLH-DSA-SHA2-192f_signed-by_SLH-DSA-SHAKE-256s,SLH-DSA-SHA2-192f_signed-by_SLH-DSA-SHAKE-256s,380.25,4066.65,312.426,1,41,0.303704,375.896,24,89887.7,89594.2,96148,96145
2,6,61,SLH-DSA-SHA2-192f_signed-by_SLH-DSA-SHAKE-256s,SLH-DSA-SHA2-192f_signed-by_SLH-DSA-SHAKE-256s,365.046,4236.02,363.746,1,171,1.368,1065.55,19,89796.9,89702.2,96148,96145
2,7,62,SLH-DSA-SHA2-192f_signed-by_SLH-DSA-SHAKE-256s,SLH-DSA-SHA2-192f_signed-by_SLH-DSA-SHAKE-256s,397.968,3885.59,262.654,1,1,0.00877193,391.228,24,89594.9,89387.7,96148,96145
2,1,63,SLH-DSA-SHA2-192f_signed-by_SLH-DSA-SHAKE-256s,SLH-DSA-SHA2-192f_signed-by_SLH-DSA-SHAKE-256s,391.352,3951.28,382.101,1,214,1.30488,618.024,24,89680.5,89724.4,96148,96145
2,5,67,SLH-DSA-SHA2-192f_signed-by_SLH-DSA-SHAKE-256s,SLH-DSA-SHA2-192f_signed-by_SLH-DSA-SHAKE-256s,381.175,4056.78,297.48,1,13,0.115044,455.522,11,89706.6,89219,96148,96145
2,8,59,SLH-DSA-SHA2-192f_signed-by_SLH-DSA-SHAKE-256s,SLH-DSA-SHA2-192f_signed-by_SLH-DSA-SHAKE-256s,411.927,3753.92,254.103,1,1,0.00877193,473.86,12,89667.6,89521.7,96148,96145
2,3,69,SLH-DSA-SHA2-192f_signed-by_SLH-DSA-SHAKE-256s,SLH-DSA-SHA2-192f_signed-by_SLH-DSA-SHAKE-256s,309.439,4997.24,500.259,1,9,0.072,1054.38,24,89490.6,89873.7,96148,96145
2,2,55,SLH-DSA-SHA2-192f_signed-by_SLH-DSA-SHAKE-256s,SLH-DSA-SHA2-192f_signed-by_SLH-DSA-SHAKE-256s,306.054,5052.52,358.159,1,82,0.713043,512.609,24,89698.8,90833.2,96148,96145
2,7,63,SLH-DSA-SHA2-192f_signed-by_SLH-DSA-SHAKE-256s,SLH-DSA-SHA2-192f_signed-by_SLH-DSA-SHAKE-256s,310.851,4974.54,438.331,1,124,0.770186,423.043,25,89558.3,89513.9,96148,96145
2,6,62,SLH-DSA-SHA2-192f_signed-by_SLH-DSA-SHAKE-256s,SLH-DSA-SHA2-192f_signed-by_SLH-DSA-SHAKE-256s,350.293,4414.42,349.193,1,51,0.359155,368.761,19,89860.7,89615.8,96148,96145
2,1,64,SLH-DSA-SHA2-192f_signed-by_SLH-DSA-SHAKE-256s,SLH-DSA-SHA2-192f_signed-by_SLH-DSA-SHAKE-256s,375.528,4117.78,300.206,1,45,0.351562,400.656,24,89864.9,89339.9,96148,96145
2,8,60,SLH-DSA-SHA2-192f_signed-by_SLH-DSA-SHAKE-256s,SLH-DSA-SHA2-192f_signed-by_SLH-DSA-SHAKE-256s,355.286,4352.39,438.542,1,98,0.597561,439.098,12,89925,89308.4,96148,96145
2,5,68,SLH-DSA-SHA2-192f_signed-by_SLH-DSA-SHAKE-256s,SLH-DSA-SHA2-192f_signed-by_SLH-DSA-SHAKE-256s,368.571,4195.51,346.201,1,81,0.525974,359.688,11,89742,89249.5,96148,96145
2,2,56,SLH-DSA-SHA2-192f_signed-by_SLH-DSA-SHAKE-256s,SLH-DSA-SHA2-192f_signed-by_SLH-DSA-SHAKE-256s,315.222,4905.56,332.007,1,37,0.318966,553.552,24,90081.6,89268.8,96148,96145
2,3,70,SLH-DSA-SHA2-192f_signed-by_SLH-DSA-SHAKE-256s,SLH-DSA-SHA2-192f_signed-by_SLH-DSA-SHAKE-256s,348.338,4439.19,328.37,1,95,0.772358,463.008,24,89510.1,89393,96148,96145
2,7,64,SLH-DSA-SHA2-192f_signed-by_SLH-DSA-SHAKE-256s,SLH-DSA-SHA2-192f_signed-by_SLH-DSA-SHAKE-256s,338.028,4574.6,291.952,1,0,0,400.595,25,89734.9,89921.6,96148,96145
2,6,63,SLH-DSA-SHA2-192f_signed-by_SLH-DSA-SHAKE-256s,SLH-DSA-SHA2-192f_signed-by_SLH-DSA-SHAKE-256s,334.142,4627.8,295.347,1,0,0,410.685,20,89541.3,89295.8,96148,96145
2,8,61,SLH-DSA-SHA2-192f_signed-by_SLH-DSA-SHAKE-256s,SLH-DSA-SHA2-192f_signed-by_SLH-DSA-SHAKE-256s,314.108,4922.97,343.321,1,45,0.387931,489.897,13,89547.1,89586,96148,96145
2,1,65,SLH-DSA-SHA2-192f_signed-by_SLH-DSA-SHAKE-256s,SLH-DSA-SHA2-192f_signed-by_SLH-DSA-SHAKE-256s,339.661,4552.61,321.355,1,61,0.530435,410.243,24,89526.6,94862.3,96148,96145
2,5,69,SLH-DSA-SHA2-192f_signed-by_SLH-DSA-SHAKE-256s,SLH-DSA-SHA2-192f_signed-by_SLH-DSA-SHAKE-256s,335.203,4613.15,340.713,1,46,0.377049,483.77,11,89620.7,89110.8,96148,96145
2,3,71,SLH-DSA-SHA2-192f_signed-by_SLH-DSA-SHAKE-256s,SLH-DSA-SHA2-192f_signed-by_SLH-DSA-SHAKE-256s,313.327,4935.23,364.551,0.905983,124,1.05983,520.496,24,89451,89482.4,96148,96145
2,7,65,SLH-DSA-SHA2-192f_signed-by_SLH-DSA-SHAKE-256s,SLH-DSA-SHA2-192f_signed-by_SLH-DSA-SHAKE-256s,303.067,5102.31,372.194,0.826446,44,0.363636,431.884,26,89572,89946.1,96148,96145
2,6,64,SLH-DSA-SHA2-192f_signed-by_SLH-DSA-SHAKE-256s,SLH-DSA-SHA2-192f_signed-by_SLH-DSA-SHAKE-256s,320.362,4826.86,307.252,0.763636,0,0,459.273,20,90013.6,89212.5,96148,96145
2,1,66,SLH-DSA-SHA2-192f_signed-by_SLH-DSA-SHAKE-256s,SLH-DSA-SHA2-192f_signed-by_SLH-DSA-SHAKE-256s,293.32,5271.87,336.452,0.756757,0,0,455.477,24,89902.1,89527.4,96148,96145
2,8,62,SLH-DSA-SHA2-192f_signed-by_SLH-DSA-SHAKE-256s,SLH-DSA-SHA2-192f_signed-by_SLH-DSA-SHAKE-256s,332.922,4644.75,318.632,0.688525,21,0.172131,380.361,12,89604.3,89467.3,96148,96145
2,5,70,SLH-DSA-SHA2-192f_signed-by_SLH-DSA-SHAKE-256s,SLH-DSA-SHA2-192f_signed-by_SLH-DSA-SHAKE-256s,325.358,4752.74,320.287,0.885965,0,0,438.877,10,89480.5,90026.2,96148,96145
2,3,72,SLH-DSA-SHA2-192f_signed-by_SLH-DSA-SHAKE-256s,SLH-DSA-SHA2-192f_signed-by_SLH-DSA-SHAKE-256s,321.912,4803.61,401.997,0.731884,161,1.16667,594.464,24,89534.2,89983.1,96148,96145
2,7,66,SLH-DSA-SHA2-192f_signed-by_SLH-DSA-SHAKE-256s,SLH-DSA-SHA2-192f_signed-by_SLH-DSA-SHAKE-256s,281.817,5487.05,349.276,1,0,0,459.273,25,89593,89589.5,96148,96145
2,6,65,SLH-DSA-SHA2-192f_signed-by_SLH-DSA-SHAKE-256s,SLH-DSA-SHA2-192f_signed-by_SLH-DSA-SHAKE-256s,323.797,4775.65,390.466,0.860927,78,0.516556,369.974,21,89937.3,89647.2,96148,96145
2,8,63,SLH-DSA-SHA2-192f_signed-by_SLH-DSA-SHAKE-256s,SLH-DSA-SHA2-192f_signed-by_SLH-DSA-SHAKE-256s,304.808,5073.16,452.48,0.849673,112,0.732026,480.275,12,89820.4,89514.1,96148,96145
2,1,67,SLH-DSA-SHA2-192f_signed-by_SLH-DSA-SHAKE-256s,SLH-DSA-SHA2-192f_signed-by_SLH-DSA-SHAKE-256s,326.944,4729.68,329.548,1,11,0.092437,381.664,24,90999,89246.9,96148,96145
2,5,71,SLH-DSA-SHA2-192f_signed-by_SLH-DSA-SHAKE-256s,SLH-DSA-SHA2-192f_signed-by_SLH-DSA-SHAKE-256s,312.208,4952.91,335.263,0.947368,1,0.00877193,440.912,10,89846.1,89514.3,96148,96145
2,3,73,SLH-DSA-SHA2-192f_signed-by_SLH-DSA-SHAKE-256s,SLH-DSA-SHA2-192f_signed-by_SLH-DSA-SHAKE-256s,311.68,4961.31,351.026,0.931034,61,0.525862,545.448,24,89706.4,89210.6,96148,96145
2,4,61,SLH-DSA-SHA2-192f_signed-by_SLH-DSA-SHAKE-256s,SLH-DSA-SHA2-192f_signed-by_SLH-DSA-SHAKE-256s,1522.4,1015.73,85.4859,1,102,0.621951,293.439,24,89907.6,89263.3,96148,96145
2,7,67,SLH-DSA-SHA2-192f_signed-by_SLH-DSA-SHAKE-256s,SLH-DSA-SHA2-192f_signed-by_SLH-DSA-SHAKE-256s,280.36,5515.56,352.004,1,0,0,487.946,25,89817.3,89264.3,96148,96145
2,6,66,SLH-DSA-SHA2-192f_signed-by_SLH-DSA-SHAKE-256s,SLH-DSA-SHA2-192f_signed-by_SLH-DSA-SHAKE-256s,302.001,5120.32,367.839,1,21,0.170732,381.87,21,89527.9,89811.5,96148,96145
2,8,64,SLH-DSA-SHA2-192f_signed-by_SLH-DSA-SHAKE-256s,SLH-DSA-SHA2-192f_signed-by_SLH-DSA-SHAKE-256s,280.36,5515.55,434.868,1,65,0.451389,466.472,12,89969.9,89741,96148,96145
2,1,68,SLH-DSA-SHA2-192f_signed-by_SLH-DSA-SHAKE-256s,SLH-DSA-SHA2-192f_signed-by_SLH-DSA-SHAKE-256s,296.677,5212.21,331.781,1,0,0,459.273,24,89467,89279.6,96148,96145
2,5,72,SLH-DSA-SHA2-192f_signed-by_SLH-DSA-SHAKE-256s,SLH-DSA-SHA2-192f_signed-by_SLH-DSA-SHAKE-256s,317.76,4866.38,328.599,1,1,0.00884956,477.717,9,89786.5,89387,96148,96145
2,3,74,SLH-DSA-SHA2-192f_signed-by_SLH-DSA-SHAKE-256s,SLH-DSA-SHA2-192f_signed-by_SLH-DSA-SHAKE-256s,323.265,4783.5,321.568,1,0,0,489.292,24,89837,89300.8,96148,96145
2,4,62,SLH-DSA-SHA2-192f_signed-by_SLH-DSA-SHAKE-256s,SLH-DSA-SHA2-192f_signed-by_SLH-DSA-SHAKE-256s,286.223,5402.58,399.297,1,241,2.05983,567.983,24,89666.8,89461.2,96148,96145
2,7,68,SLH-DSA-SHA2-192f_signed-by_SLH-DSA-SHAKE-256s,SLH-DSA-SHA2-192f_signed-by_SLH-DSA-SHAKE-256s,306.328,5048,386.148,1,41,0.308271,430.391,24,90133.6,90019.9,96148,96145
2,6,67,SLH-DSA-SHA2-192f_signed-by_SLH-DSA-SHAKE-256s,SLH-DSA-SHA2-192f_signed-by_SLH-DSA-SHAKE-256s,306.847,5039.46,517.939,1,155,0.811518,462.272,22,89925,89285.2,96148,96145
2,8,65,SLH-DSA-SHA2-192f_signed-by_SLH-DSA-SHAKE-256s,SLH-DSA-SHA2-192f_signed-by_SLH-DSA-SHAKE-256s,330.632,4676.92,403.541,1,93,0.632653,456.34,11,89628.2,89425.9,96148,96145
2,1,69,SLH-DSA-SHA2-192f_signed-by_SLH-DSA-SHAKE-256s,SLH-DSA-SHA2-192f_signed-by_SLH-DSA-SHAKE-256s,333.178,4641.18,329.865,1,23,0.198276,454.655,24,89416.3,89311.8,96148,96145
2,3,75,SLH-DSA-SHA2-192f_signed-by_SLH-DSA-SHAKE-256s,SLH-DSA-SHA2-192f_signed-by_SLH-DSA-SHAKE-256s,343.246,4505.06,323.406,1,107,0.89916,537.966,24,89763.2,89384.5,96148,96145
2,5,73,SLH-DSA-SHA2-192f_signed-by_SLH-DSA-SHAKE-256s,SLH-DSA-SHA2-192f_signed-by_SLH-DSA-SHAKE-256s,360.978,4283.76,337.039,1,51,0.364286,360.714,9,89503.6,89231,96148,96145
2,4,63,SLH-DSA-SHA2-192f_signed-by_SLH-DSA-SHAKE-256s,SLH-DSA-SHA2-192f_signed-by_SLH-DSA-SHAKE-256s,328.15,4712.3,319.56,1,83,0.721739,530.313,24,90026.1,89305.3,96148,96145
2,7,69,SLH-DSA-SHA2-192f_signed-by_SLH-DSA-SHAKE-256s,SLH-DSA-SHA2-192f_signed-by_SLH-DSA-SHAKE-256s,309.836,4990.83,402.638,1,68,0.489209,420.906,23,91771.9,89591.5,96148,96145
2,6,68,SLH-DSA-SHA2-192f_signed-by_SLH-DSA-SHAKE-256s,SLH-DSA-SHA2-192f_signed-by_SLH-DSA-SHAKE-256s,275.556,5611.72,398.902,1,93,0.788136,415.424,22,90011.4,90445,96148,96145
2,8,66,SLH-DSA-SHA2-192f_signed-by_SLH-DSA-SHAKE-256s,SLH-DSA-SHA2-192f_signed-by_SLH-DSA-SHAKE-256s,320.25,4828.54,357.27,0.553957,48,0.345324,298.432,11,89827.2,89996.4,96148,96145
2,1,70,SLH-DSA-SHA2-192f_signed-by_SLH-DSA-SHAKE-256s,SLH-DSA-SHA2-192f_signed-by_SLH-DSA-SHAKE-256s,314.496,4916.89,358.618,0.894737,39,0.293233,381.699,24,90184.5,89712.4,96148,96145
2,5,74,SLH-DSA-SHA2-192f_signed-by_SLH-DSA-SHAKE-256s,SLH-DSA-SHA2-192f_signed-by_SLH-DSA-SHAKE-256s,284.061,5443.69,366.343,1,0,0,473.684,9,89562,89702.7,96148,96145
2,3,76,SLH-DSA-SHA2-192f_signed-by_SLH-DSA-SHAKE-256s,SLH-DSA-SHA2-192f_signed-by_SLH-DSA-SHAKE-256s,302.267,5115.81,372.12,1,45,0.391304,529.687,24,89641,89884.2,96148,96145
2,7,70,SLH-DSA-SHA2-192f_signed-by_SLH-DSA-SHAKE-256s,SLH-DSA-SHA2-192f_signed-by_SLH-DSA-SHAKE-256s,273.931,5645.01,381.351,1,0,0,326.278,23,89744.4,89257.5,96148,96145
2,6,69,SLH-DSA-SHA2-192f_signed-by_SLH-DSA-SHAKE-256s,SLH-DSA-SHA2-192f_signed-by_SLH-DSA-SHAKE-256s,277.211,5578.21,426.707,1,41,0.308271,446.632,22,90029.4,89303.7,96148,96145
2,8,67,SLH-DSA-SHA2-192f_signed-by_SLH-DSA-SHAKE-256s,SLH-DSA-SHA2-192f_signed-by_SLH-DSA-SHAKE-256s,288.292,5363.8,410.416,1,127,1.05833,509.333,11,90779,89292.8,96148,96145
2,1,71,SLH-DSA-SHA2-192f_signed-by_SLH-DSA-SHAKE-256s,SLH-DSA-SHA2-192f_signed-by_SLH-DSA-SHAKE-256s,291.537,5304.1,409.745,1,124,0.911765,504.824,24,90019.8,89812,96148,96145
2,5,75,SLH-DSA-SHA2-192f_signed-by_SLH-DSA-SHAKE-256s,SLH-DSA-SHA2-192f_signed-by_SLH-DSA-SHAKE-256s,292.316,5289.96,374.06,0.543103,66,0.568966,1414.17,9,89770.6,94864.2,96148,96145
2,3,77,SLH-DSA-SHA2-192f_signed-by_SLH-DSA-SHAKE-256s,SLH-DSA-SHA2-192f_signed-by_SLH-DSA-SHAKE-256s,288.538,5359.23,341.14,0.281818,0,0,505.927,24,89648.3,89924.3,96148,96145
2,7,71,SLH-DSA-SHA2-192f_signed-by_SLH-DSA-SHAKE-256s,SLH-DSA-SHA2-192f_signed-by_SLH-DSA-SHAKE-256s,286.112,5404.67,368.414,0.264957,23,0.196581,336.393,22,89925,89203.6,96148,96145
2,6,70,SLH-DSA-SHA2-192f_signed-by_SLH-DSA-SHAKE-256s,SLH-DSA-SHA2-192f_signed-by_SLH-DSA-SHAKE-256s,281.061,5501.79,371.676,0.0434783,0,0,326.278,22,89826.2,89556.4,96148,96145
2,8,68,SLH-DSA-SHA2-192f_signed-by_SLH-DSA-SHAKE-256s,SLH-DSA-SHA2-192f_signed-by_SLH-DSA-SHAKE-256s,288.343,5362.86,358.739,0.045045,0,0,455.55,10,89937.9,90226.1,96148,96145
2,1,72,SLH-DSA-SHA2-192f_signed-by_SLH-DSA-SHAKE-256s,SLH-DSA-SHA2-192f_signed-by_SLH-DSA-SHAKE-256s,287.035,5387.3,342.926,0.0454545,0,0,470,24,89395,89732.9,96148,96145
2,5,76,SLH-DSA-SHA2-192f_signed-by_SLH-DSA-SHAKE-256s,SLH-DSA-SHA2-192f_signed-by_SLH-DSA-SHAKE-256s,282.516,5473.47,379.56,0.042735,11,0.0940171,437.556,10,89898.5,89561.3,96148,96145
2,3,78,SLH-DSA-SHA2-192f_signed-by_SLH-DSA-SHAKE-256s,SLH-DSA-SHA2-192f_signed-by_SLH-DSA-SHAKE-256s,287.8,5372.97,342.015,0.0454545,0,0,505.927,24,89773.6,89361.3,96148,96145
2,7,72,SLH-DSA-SHA2-192f_signed-by_SLH-DSA-SHAKE-256s,SLH-DSA-SHA2-192f_signed-by_SLH-DSA-SHAKE-256s,285.239,5421.21,382.387,0.391304,0,0,505.13,22,89605.6,89241.8,96148,96145
2,6,71,SLH-DSA-SHA2-192f_signed-by_SLH-DSA-SHAKE-256s,SLH-DSA-SHA2-192f_signed-by_SLH-DSA-SHAKE-256s,279.992,5522.81,369.439,0.459459,0,0,455.55,23,89864.2,89469.7,96148,96145
2,8,69,SLH-DSA-SHA2-192f_signed-by_SLH-DSA-SHAKE-256s,SLH-DSA-SHA2-192f_signed-by_SLH-DSA-SHAKE-256s,287.387,5380.69,444.278,0.342105,81,0.532895,521.579,10,93922,89515.7,96148,96145
2,1,73,SLH-DSA-SHA2-192f_signed-by_SLH-DSA-SHAKE-256s,SLH-DSA-SHA2-192f_signed-by_SLH-DSA-SHAKE-256s,282.043,5482.64,367.66,0.464286,0,0,481.5,24,89594.4,89299.2,96148,96145
2,5,77,SLH-DSA-SHA2-192f_signed-by_SLH-DSA-SHAKE-256s,SLH-DSA-SHA2-192f_signed-by_SLH-DSA-SHAKE-256s,279.398,5534.55,371.14,0.464286,0,0,481.5,11,89395.8,89176.6,96148,96145
2,3,79,SLH-DSA-SHA2-192f_signed-by_SLH-DSA-SHAKE-256s,SLH-DSA-SHA2-192f_signed-by_SLH-DSA-SHAKE-256s,282.821,5467.56,348.941,0.468468,0,0,470.757,24,89882.2,89622.1,96148,96145
2,7,73,SLH-DSA-SHA2-192f_signed-by_SLH-DSA-SHAKE-256s,SLH-DSA-SHA2-192f_signed-by_SLH-DSA-SHAKE-256s,286.469,5397.93,385.828,0.10084,23,0.193277,331.412,21,89594.4,89311.1,96148,96145
2,6,72,SLH-DSA-SHA2-192f_signed-by_SLH-DSA-SHAKE-256s,SLH-DSA-SHA2-192f_signed-by_SLH-DSA-SHAKE-256s,282.691,5470.07,366.817,0.00892857,0,0,481.5,23,89655.9,89690,96148,96145
2,8,70,SLH-DSA-SHA2-192f_signed-by_SLH-DSA-SHAKE-256s,SLH-DSA-SHA2-192f_signed-by_SLH-DSA-SHAKE-256s,275.434,5614.19,375.552,0.432432,0,0,461.82,10,89766.2,89333.4,96148,96145
2,1,74,SLH-DSA-SHA2-192f_signed-by_SLH-DSA-SHAKE-256s,SLH-DSA-SHA2-192f_signed-by_SLH-DSA-SHAKE-256s,281.4,5495.16,368.499,0.428571,0,0,481.5,24,89777.2,89288.7,96148,96145
2,5,78,SLH-DSA-SHA2-192f_signed-by_SLH-DSA-SHAKE-256s,SLH-DSA-SHA2-192f_signed-by_SLH-DSA-SHAKE-256s,286.988,5388.18,361.325,0.428571,0,0,481.5,11,89539.1,89660.7,96148,96145
2,3,80,SLH-DSA-SHA2-192f_signed-by_SLH-DSA-SHAKE-256s,SLH-DSA-SHA2-192f_signed-by_SLH-DSA-SHAKE-256s,294.223,5255.68,392.409,0.363636,35,0.265152,478.121,24,90003.5,89632.7,96148,96145
2,7,74,SLH-DSA-SHA2-192f_signed-by_SLH-DSA-SHAKE-256s,SLH-DSA-SHA2-192f_signed-by_SLH-DSA-SHAKE-256s,283.441,5455.6,347.274,0.436364,0,0,459.273,21,89857.9,89466.4,96148,96145
2,6,73,SLH-DSA-SHA2-192f_signed-by_SLH-DSA-SHAKE-256s,SLH-DSA-SHA2-192f_signed-by_SLH-DSA-SHAKE-256s,276.269,5597.24,394.166,0.614035,33,0.289474,537.93,23,89964.2,91159.1,96148,96145
2,8,71,SLH-DSA-SHA2-192f_signed-by_SLH-DSA-SHAKE-256s,SLH-DSA-SHA2-192f_signed-by_SLH-DSA-SHAKE-256s,315.567,4900.2,331.035,0.365217,0,0,326.278,10,90467.5,90408.3,96148,96145
2,1,75,SLH-DSA-SHA2-192f_signed-by_SLH-DSA-SHAKE-256s,SLH-DSA-SHA2-192f_signed-by_SLH-DSA-SHAKE-256s,324.231,4769.25,319.821,0.375,0,0,397.429,24,89385.7,89973.6,96148,96145
2,2,57,SLH-DSA-SHA2-192f_signed-by_SLH-DSA-SHAKE-256s,SLH-DSA-SHA2-192f_signed-by_SLH-DSA-SHAKE-256s,3329.77,464.399,71.2938,1,146,0.760417,320.062,24,89622.4,89376.3,96148,96145
2,5,79,SLH-DSA-SHA2-192f_signed-by_SLH-DSA-SHAKE-256s,SLH-DSA-SHA2-192f_signed-by_SLH-DSA-SHAKE-256s,324.682,4762.63,303.952,0.378378,0,0,400.595,12,89759.7,89302.8,96148,96145
2,3,81,SLH-DSA-SHA2-192f_signed-by_SLH-DSA-SHAKE-256s,SLH-DSA-SHA2-192f_signed-by_SLH-DSA-SHAKE-256s,315.186,4906.12,373.011,0.318182,39,0.295455,436.424,24,89694.2,89225.7,96148,96145
2,7,75,SLH-DSA-SHA2-192f_signed-by_SLH-DSA-SHAKE-256s,SLH-DSA-SHA2-192f_signed-by_SLH-DSA-SHAKE-256s,293.895,5261.54,336.664,0.375,0,0,481.429,21,89965.1,89260.4,96148,96145
2,6,74,SLH-DSA-SHA2-192f_signed-by_SLH-DSA-SHAKE-256s,SLH-DSA-SHA2-192f_signed-by_SLH-DSA-SHAKE-256s,289.367,5343.88,359.239,0.19469,0,0,446.743,23,89607.5,89314.8,96148,96145
2,8,72,SLH-DSA-SHA2-192f_signed-by_SLH-DSA-SHAKE-256s,SLH-DSA-SHA2-192f_signed-by_SLH-DSA-SHAKE-256s,326.927,4729.93,319.533,1,0,0,326.278,11,94853.9,89170.7,96148,96145
2,2,58,SLH-DSA-SHA2-192f_signed-by_SLH-DSA-SHAKE-256s,SLH-DSA-SHA2-192f_signed-by_SLH-DSA-SHAKE-256s,323.13,4785.5,306.551,1,0,0,524.973,24,89941.5,89330.7,96148,96145
2,1,76,SLH-DSA-SHA2-192f_signed-by_SLH-DSA-SHAKE-256s,SLH-DSA-SHA2-192f_signed-by_SLH-DSA-SHAKE-256s,360.232,4292.63,398.009,0.8125,126,0.715909,359.045,24,89685.9,89626.5,96148,96145
2,5,80,SLH-DSA-SHA2-192f_signed-by_SLH-DSA-SHAKE-256s,SLH-DSA-SHA2-192f_signed-by_SLH-DSA-SHAKE-256s,336.692,4592.75,316.206,1,38,0.306452,410.645,11,89929.1,89725,96148,96145
2,3,82,SLH-DSA-SHA2-192f_signed-by_SLH-DSA-SHAKE-256s,SLH-DSA-SHA2-192f_signed-by_SLH-DSA-SHAKE-256s,336.882,4590.16,324.861,1,13,0.106557,406.361,24,89722.4,89476.8,96148,96145
2,7,76,SLH-DSA-SHA2-192f_signed-by_SLH-DSA-SHAKE-256s,SLH-DSA-SHA2-192f_signed-by_SLH-DSA-SHAKE-256s,329.237,4696.75,360.834,1,41,0.303704,421.674,21,89677.8,89361.6,96148,96145
2,6,75,SLH-DSA-SHA2-192f_signed-by_SLH-DSA-SHAKE-256s,SLH-DSA-SHA2-192f_signed-by_SLH-DSA-SHAKE-256s,307.961,5021.23,340.303,1,84,0.730435,495.357,22,89481.5,92098.6,96148,96145
2,8,73,SLH-DSA-SHA2-192f_signed-by_SLH-DSA-SHAKE-256s,SLH-DSA-SHA2-192f_signed-by_SLH-DSA-SHAKE-256s,323.183,4784.73,380.862,1,66,0.44898,367.66,11,89749.4,89331.8,96148,96145
2,1,77,SLH-DSA-SHA2-192f_signed-by_SLH-DSA-SHAKE-256s,SLH-DSA-SHA2-192f_signed-by_SLH-DSA-SHAKE-256s,339.882,4549.65,367.751,1,74,0.496644,422.859,24,89546.1,90315.1,96148,96145
2,5,81,SLH-DSA-SHA2-192f_signed-by_SLH-DSA-SHAKE-256s,SLH-DSA-SHA2-192f_signed-by_SLH-DSA-SHAKE-256s,340.729,4538.34,289.638,1,0,0,400.595,10,89964.9,89619.3,96148,96145
2,3,83,SLH-DSA-SHA2-192f_signed-by_SLH-DSA-SHAKE-256s,SLH-DSA-SHA2-192f_signed-by_SLH-DSA-SHAKE-256s,324.339,4767.68,377.087,1,197,1.43796,443.197,24,89541.4,89073.1,96148,96145
2,2,59,SLH-DSA-SHA2-192f_signed-by_SLH-DSA-SHAKE-256s,SLH-DSA-SHA2-192f_signed-by_SLH-DSA-SHAKE-256s,423.717,3649.47,273.39,1,37,0.276119,385.91,24,89504.8,89410.1,96148,96145
2,7,77,SLH-DSA-SHA2-192f_signed-by_SLH-DSA-SHAKE-256s,SLH-DSA-SHA2-192f_signed-by_SLH-DSA-SHAKE-256s,361.535,4277.15,376.571,1,110,0.774648,437.014,21,90231.9,89306.7,96148,96145
2,6,76,SLH-DSA-SHA2-192f_signed-by_SLH-DSA-SHAKE-256s,SLH-DSA-SHA2-192f_signed-by_SLH-DSA-SHAKE-256s,347.275,4452.78,469.759,1,217,1.1989,649.293,21,89639.2,89292.7,96148,96145
2,8,74,SLH-DSA-SHA2-192f_signed-by_SLH-DSA-SHAKE-256s,SLH-DSA-SHA2-192f_signed-by_SLH-DSA-SHAKE-256s,298.547,5179.57,417.06,1,59,0.41844,754.596,12,89486.8,89662.2,96148,96145
2,5,82,SLH-DSA-SHA2-192f_signed-by_SLH-DSA-SHAKE-256s,SLH-DSA-SHA2-192f_signed-by_SLH-DSA-SHAKE-256s,337.886,4576.52,347.999,1,109,0.858268,541.087,9,89602.1,89338.6,96148,96145
2,3,84,SLH-DSA-SHA2-192f_signed-by_SLH-DSA-SHAKE-256s,SLH-DSA-SHA2-192f_signed-by_SLH-DSA-SHAKE-256s,368.901,4191.76,322.645,1,110,0.839695,512.351,24,89577.7,89809.9,96148,96145
2,7,78,SLH-DSA-SHA2-192f_signed-by_SLH-DSA-SHAKE-256s,SLH-DSA-SHA2-192f_signed-by_SLH-DSA-SHAKE-256s,329.536,4692.48,352.447,1,150,1.2,461.296,21,89666.2,91206.4,96148,96145
2,2,60,SLH-DSA-SHA2-192f_signed-by_SLH-DSA-SHAKE-256s,SLH-DSA-SHA2-192f_signed-by_SLH-DSA-SHAKE-256s,357.362,4327.1,377.387,1,217,1.4183,445.242,24,89481.3,89371.4,96148,96145
2,6,77,SLH-DSA-SHA2-192f_signed-by_SLH-DSA-SHAKE-256s,SLH-DSA-SHA2-192f_signed-by_SLH-DSA-SHAKE-256s,354.621,4360.54,300.579,1,21,0.169355,465.129,21,89649.5,90231.1,96148,96145
2,1,78,SLH-DSA-SHA2-192f_signed-by_SLH-DSA-SHAKE-256s,SLH-DSA-SHA2-192f_signed-by_SLH-DSA-SHAKE-256s,458.181,3374.96,226.181,1,17,0.138211,368.146,24,89577.2,89430.4,96148,96145
2,8,75,SLH-DSA-SHA2-192f_signed-by_SLH-DSA-SHAKE-256s,SLH-DSA-SHA2-192f_signed-by_SLH-DSA-SHAKE-256s,285.295,5420.14,364.366,1,0,0,476.159,13,89817.7,89698.4,96148,96145
2,5,83,SLH-DSA-SHA2-192f_signed-by_SLH-DSA-SHAKE-256s,SLH-DSA-SHA2-192f_signed-by_SLH-DSA-SHAKE-256s,321.858,4804.42,403.904,1,74,0.493333,373.413,9,89558.4,89558,96148,96145
2,3,85,SLH-DSA-SHA2-192f_signed-by_SLH-DSA-SHAKE-256s,SLH-DSA-SHA2-192f_signed-by_SLH-DSA-SHAKE-256s,359.754,4298.33,289.664,1,0,0,428.351,24,90012.2,89236.9,96148,96145
2,7,79,SLH-DSA-SHA2-192f_signed-by_SLH-DSA-SHAKE-256s,SLH-DSA-SHA2-192f_signed-by_SLH-DSA-SHAKE-256s,362.595,4264.65,363.865,1,94,0.594937,419.747,21,89530.6,89317,96148,96145
2,2,61,SLH-DSA-SHA2-192f_signed-by_SLH-DSA-SHAKE-256s,SLH-DSA-SHA2-192f_signed-by_SLH-DSA-SHAKE-256s,364.275,4244.98,315.98,1,148,1.25424,524.441,24,89483,91436.4,96148,96145
2,1,79,SLH-DSA-SHA2-192f_signed-by_SLH-DSA-SHAKE-256s,SLH-DSA-SHA2-192f_signed-by_SLH-DSA-SHAKE-256s,342.72,4511.97,315.732,1,12,0.10084,432.655,24,89486.5,89737.8,96148,96145
2,8,76,SLH-DSA-SHA2-192f_signed-by_SLH-DSA-SHAKE-256s,SLH-DSA-SHA2-192f_signed-by_SLH-DSA-SHAKE-256s,303.312,5098.18,344.78,1,0,0,437.517,13,89995.8,89356.9,96148,96145
2,4,64,SLH-DSA-SHA2-192f_signed-by_SLH-DSA-SHAKE-256s,SLH-DSA-SHA2-192f_signed-by_SLH-DSA-SHAKE-256s,3293.34,469.537,60.5586,1,69,0.43949,357.949,24,89981.3,89556.6,96148,96145
2,6,78,SLH-DSA-SHA2-192f_signed-by_SLH-DSA-SHAKE-256s,SLH-DSA-SHA2-192f_signed-by_SLH-DSA-SHAKE-256s,584.935,2643.62,242.735,1,156,0.945455,633.83,20,90652.1,89335.2,96148,96145
2,5,84,SLH-DSA-SHA2-192f_signed-by_SLH-DSA-SHAKE-256s,SLH-DSA-SHA2-192f_signed-by_SLH-DSA-SHAKE-256s,353.458,4374.9,321.577,1,43,0.320896,361.94,8,89635.5,89325.2,96148,96145
2,1,80,SLH-DSA-SHA2-192f_signed-by_SLH-DSA-SHAKE-256s,SLH-DSA-SHA2-192f_signed-by_SLH-DSA-SHAKE-256s,338.28,4571.19,335.768,1,254,2.22807,536.386,24,89863.6,90089.1,96148,96145
2,2,62,SLH-DSA-SHA2-192f_signed-by_SLH-DSA-SHAKE-256s,SLH-DSA-SHA2-192f_signed-by_SLH-DSA-SHAKE-256s,371.092,4167,374.979,1,104,0.658228,517.924,24,89894.7,89314.9,96148,96145
2,3,86,SLH-DSA-SHA2-192f_signed-by_SLH-DSA-SHAKE-256s,SLH-DSA-SHA2-192f_signed-by_SLH-DSA-SHAKE-256s,394.594,3918.82,293.689,1,45,0.328467,378.35,24,89562.7,89291.9,96148,96145
2,8,77,SLH-DSA-SHA2-192f_signed-by_SLH-DSA-SHAKE-256s,SLH-DSA-SHA2-192f_signed-by_SLH-DSA-SHAKE-256s,360.096,4294.25,288.279,1,0,0,477.54,12,89564.8,89642.2,96148,96145
2,4,65,SLH-DSA-SHA2-192f_signed-by_SLH-DSA-SHAKE-256s,SLH-DSA-SHA2-192f_signed-by_SLH-DSA-SHAKE-256s,290.554,5322.04,419.611,1,65,0.451389,482.667,24,89685.1,89502.5,96148,96145
2,6,79,SLH-DSA-SHA2-192f_signed-by_SLH-DSA-SHAKE-256s,SLH-DSA-SHA2-192f_signed-by_SLH-DSA-SHAKE-256s,283.845,5447.85,389.001,1,23,0.194915,333.932,19,89702,89595.5,96148,96145
2,5,85,SLH-DSA-SHA2-192f_signed-by_SLH-DSA-SHAKE-256s,SLH-DSA-SHA2-192f_signed-by_SLH-DSA-SHAKE-256s,279.008,5542.28,370.741,1,0,0,528.198,8,89524.2,89301.9,96148,96145
2,1,81,SLH-DSA-SHA2-192f_signed-by_SLH-DSA-SHAKE-256s,SLH-DSA-SHA2-192f_signed-by_SLH-DSA-SHAKE-256s,362.498,4265.8,413.177,1,146,0.834286,360.377,24,89509.3,89270.2,96148,96145
2,3,87,SLH-DSA-SHA2-192f_signed-by_SLH-DSA-SHAKE-256s,SLH-DSA-SHA2-192f_signed-by_SLH-DSA-SHAKE-256s,360.715,4286.88,533.873,1,339,1.44872,397.248,24,89805.7,89175.9,96148,96145
2,8,78,SLH-DSA-SHA2-192f_signed-by_SLH-DSA-SHAKE-256s,SLH-DSA-SHA2-192f_signed-by_SLH-DSA-SHAKE-256s,349.741,4421.4,340.778,1,152,1.216,474.352,12,89508,89247.1,96148,96145
2,2,63,SLH-DSA-SHA2-192f_signed-by_SLH-DSA-SHAKE-256s,SLH-DSA-SHA2-192f_signed-by_SLH-DSA-SHAKE-256s,381.1,4057.57,356.105,1,227,1.60993,531.787,24,89352.4,89428.9,96148,96145
2,4,66,SLH-DSA-SHA2-192f_signed-by_SLH-DSA-SHAKE-256s,SLH-DSA-SHA2-192f_signed-by_SLH-DSA-SHAKE-256s,373.366,4141.62,327.785,1,72,0.576,444.56,24,89777.3,89220.6,96148,96145
2,6,80,SLH-DSA-SHA2-192f_signed-by_SLH-DSA-SHAKE-256s,SLH-DSA-SHA2-192f_signed-by_SLH-DSA-SHAKE-256s,313.175,4937.62,396.097,1,129,1.05738,521.213,18,89658.5,89681.6,96148,96145
2,5,86,SLH-DSA-SHA2-192f_signed-by_SLH-DSA-SHAKE-256s,SLH-DSA-SHA2-192f_signed-by_SLH-DSA-SHAKE-256s,312.569,4947.19,382.89,1,86,0.722689,500.185,7,89959.2,89747.2,96148,96145
2,1,82,SLH-DSA-SHA2-192f_signed-by_SLH-DSA-SHAKE-256s,SLH-DSA-SHA2-192f_signed-by_SLH-DSA-SHAKE-256s,353.313,4376.7,323.656,1,122,1.04274,479.094,24,89654.4,89746.4,96148,96145
2,3,88,SLH-DSA-SHA2-192f_signed-by_SLH-DSA-SHAKE-256s,SLH-DSA-SHA2-192f_signed-by_SLH-DSA-SHAKE-256s,386.714,3998.67,307.7,1,42,0.308824,455.912,24,89813.2,89838.3,96148,96145
2,8,79,SLH-DSA-SHA2-192f_signed-by_SLH-DSA-SHAKE-256s,SLH-DSA-SHA2-192f_signed-by_SLH-DSA-SHAKE-256s,375.49,4118.2,313.063,1,140,1.15702,514.86,12,89537.3,89321.1,96148,96145
2,2,64,SLH-DSA-SHA2-192f_signed-by_SLH-DSA-SHAKE-256s,SLH-DSA-SHA2-192f_signed-by_SLH-DSA-SHAKE-256s,399.811,3867.68,344.122,1,192,1.24675,545.532,24,89875.4,89514.8,96148,96145
2,5,87,SLH-DSA-SHA2-192f_signed-by_SLH-DSA-SHAKE-256s,SLH-DSA-SHA2-192f_signed-by_SLH-DSA-SHAKE-256s,340.915,4535.85,357.766,1,61,0.488,544.432,7,89658.8,89249.4,96148,96145
2,6,81,SLH-DSA-SHA2-192f_signed-by_SLH-DSA-SHAKE-256s,SLH-DSA-SHA2-192f_signed-by_SLH-DSA-SHAKE-256s,365.488,4230.89,342.905,1,210,1.72131,610.262,18,89701.2,90341.2,96148,96145
2,4,67,SLH-DSA-SHA2-192f_signed-by_SLH-DSA-SHAKE-256s,SLH-DSA-SHA2-192f_signed-by_SLH-DSA-SHAKE-256s,405.966,3809.04,321.563,1,191,1.29932,399.687,24,89595.3,89234.2,96148,96145
2,1,83,SLH-DSA-SHA2-192f_signed-by_SLH-DSA-SHAKE-256s,SLH-DSA-SHA2-192f_signed-by_SLH-DSA-SHAKE-256s,351.995,4393.08,355.641,1,75,0.5,385.573,24,89520.7,89808.9,96148,96145
2,8,80,SLH-DSA-SHA2-192f_signed-by_SLH-DSA-SHAKE-256s,SLH-DSA-SHA2-192f_signed-by_SLH-DSA-SHAKE-256s,332.885,4645.27,398.119,1,265,1.94853,509.059,11,89396.7,89438.3,96148,96145
2,6,82,SLH-DSA-SHA2-192f_signed-by_SLH-DSA-SHAKE-256s,SLH-DSA-SHA2-192f_signed-by_SLH-DSA-SHAKE-256s,308.681,5009.52,340.131,1,2,0.0175439,458.561,18,90063.6,89922.1,96148,96145
2,5,88,SLH-DSA-SHA2-192f_signed-by_SLH-DSA-SHAKE-256s,SLH-DSA-SHA2-192f_signed-by_SLH-DSA-SHAKE-256s,322.931,4788.46,453.743,1,107,0.640719,442.982,7,89512,90559.1,96148,96145
2,3,89,SLH-DSA-SHA2-192f_signed-by_SLH-DSA-SHAKE-256s,SLH-DSA-SHA2-192f_signed-by_SLH-DSA-SHAKE-256s,413.519,3739.47,345.097,1,157,0.945783,393.928,24,89753.2,89212,96148,96145
2,4,68,SLH-DSA-SHA2-192f_signed-by_SLH-DSA-SHAKE-256s,SLH-DSA-SHA2-192f_signed-by_SLH-DSA-SHAKE-256s,334.329,4625.21,344.283,1,164,1.35537,493.041,24,89807.1,89304.7,96148,96145
2,7,80,SLH-DSA-SHA2-192f_signed-by_SLH-DSA-SHAKE-256s,SLH-DSA-SHA2-192f_signed-by_SLH-DSA-SHAKE-256s,1569.29,985.376,93.0967,1,254,1.54878,716.854,19,89752.9,89375.2,96148,96145
2,1,84,SLH-DSA-SHA2-192f_signed-by_SLH-DSA-SHAKE-256s,SLH-DSA-SHA2-192f_signed-by_SLH-DSA-SHAKE-256s,392.883,3935.88,337.647,1,82,0.525641,373.59,24,89720,89468.6,96148,96145
2,8,81,SLH-DSA-SHA2-192f_signed-by_SLH-DSA-SHAKE-256s,SLH-DSA-SHA2-192f_signed-by_SLH-DSA-SHAKE-256s,383.847,4028.54,321.169,1,72,0.529412,385.706,10,89673.2,89285.4,96148,96145
2,3,90,SLH-DSA-SHA2-192f_signed-by_SLH-DSA-SHAKE-256s,SLH-DSA-SHA2-192f_signed-by_SLH-DSA-SHAKE-256s,339.816,4550.53,352.426,1,165,1.39831,603.661,24,89772.8,89227,96148,96145
2,5,89,SLH-DSA-SHA2-192f_signed-by_SLH-DSA-SHAKE-256s,SLH-DSA-SHA2-192f_signed-by_SLH-DSA-SHAKE-256s,368.612,4195.04,267.034,1,0,0,455.345,6,89578.5,89246.7,96148,96145
2,4,69,SLH-DSA-SHA2-192f_signed-by_SLH-DSA-SHAKE-256s,SLH-DSA-SHA2-192f_signed-by_SLH-DSA-SHAKE-256s,356.067,4342.84,338.902,1,228,1.9,680.367,24,89668.9,89575.6,96148,96145
2,6,83,SLH-DSA-SHA2-192f_signed-by_SLH-DSA-SHAKE-256s,SLH-DSA-SHA2-192f_signed-by_SLH-DSA-SHAKE-256s,388.187,3983.5,320.794,1,72,0.483221,364.631,18,89554.7,89480.6,96148,96145
2,7,81,SLH-DSA-SHA2-192f_signed-by_SLH-DSA-SHAKE-256s,SLH-DSA-SHA2-192f_signed-by_SLH-DSA-SHAKE-256s,359.962,4295.84,328.167,1,47,0.358779,449.237,20,89839.5,89218.9,96148,96145
2,1,85,SLH-DSA-SHA2-192f_signed-by_SLH-DSA-SHAKE-256s,SLH-DSA-SHA2-192f_signed-by_SLH-DSA-SHAKE-256s,350.567,4410.98,296.525,1,0,0,394.248,24,89706.8,89874,96148,96145
2,8,82,SLH-DSA-SHA2-192f_signed-by_SLH-DSA-SHAKE-256s,SLH-DSA-SHA2-192f_signed-by_SLH-DSA-SHAKE-256s,384.048,4026.43,267.508,1,11,0.0932203,382.475,10,89817.7,89327.3,96148,96145
2,6,84,SLH-DSA-SHA2-192f_signed-by_SLH-DSA-SHAKE-256s,SLH-DSA-SHA2-192f_signed-by_SLH-DSA-SHAKE-256s,343.286,4504.54,342.059,1,126,1.08621,613.931,19,89634.5,89269,96148,96145
2,5,90,SLH-DSA-SHA2-192f_signed-by_SLH-DSA-SHAKE-256s,SLH-DSA-SHA2-192f_signed-by_SLH-DSA-SHAKE-256s,379.79,4071.57,280.491,1,22,0.177419,376.129,5,89490.2,89280.6,96148,96145
2,4,70,SLH-DSA-SHA2-192f_signed-by_SLH-DSA-SHAKE-256s,SLH-DSA-SHA2-192f_signed-by_SLH-DSA-SHAKE-256s,374.697,4126.91,344.598,1,194,1.41606,480.861,24,89574.2,89269.1,96148,96145
2,3,91,SLH-DSA-SHA2-192f_signed-by_SLH-DSA-SHAKE-256s,SLH-DSA-SHA2-192f_signed-by_SLH-DSA-SHAKE-256s,400.128,3864.61,308.021,1,151,1.06338,433.437,24,89422.7,90362.4,96148,96145
2,7,82,SLH-DSA-SHA2-192f_signed-by_SLH-DSA-SHAKE-256s,SLH-DSA-SHA2-192f_signed-by_SLH-DSA-SHAKE-256s,359.839,4297.32,401.824,1,127,0.798742,523.585,20,89537.5,89224,96148,96145
2,1,86,SLH-DSA-SHA2-192f_signed-by_SLH-DSA-SHAKE-256s,SLH-DSA-SHA2-192f_signed-by_SLH-DSA-SHAKE-256s,285.614,5414.1,363.96,1,0,0,477.575,24,89827.6,89389,96148,96145
2,8,83,SLH-DSA-SHA2-192f_signed-by_SLH-DSA-SHAKE-256s,SLH-DSA-SHA2-192f_signed-by_SLH-DSA-SHAKE-256s,367.516,4207.55,288.945,1,21,0.170732,379.984,9,90088.5,89330.6,96148,96145
2,5,91,SLH-DSA-SHA2-192f_signed-by_SLH-DSA-SHAKE-256s,SLH-DSA-SHA2-192f_signed-by_SLH-DSA-SHAKE-256s,342.543,4514.3,317.904,1,33,0.289474,471.895,5,89886.9,89196.3,96148,96145
2,7,83,SLH-DSA-SHA2-192f_signed-by_SLH-DSA-SHAKE-256s,SLH-DSA-SHA2-192f_signed-by_SLH-DSA-SHAKE-256s,375.912,4113.57,347.485,1,274,2.20968,551.968,21,89934.3,89414.8,96148,96145
2,4,71,SLH-DSA-SHA2-192f_signed-by_SLH-DSA-SHAKE-256s,SLH-DSA-SHA2-192f_signed-by_SLH-DSA-SHAKE-256s,396.503,3899.95,348.729,1,150,0.993377,488.914,24,89858.4,89831.6,96148,96145
2,3,92,SLH-DSA-SHA2-192f_signed-by_SLH-DSA-SHAKE-256s,SLH-DSA-SHA2-192f_signed-by_SLH-DSA-SHAKE-256s,395.196,3912.85,358.991,1,172,1.11688,640.987,24,89498.8,89859.5,96148,96145
2,6,85,SLH-DSA-SHA2-192f_signed-by_SLH-DSA-SHAKE-256s,SLH-DSA-SHA2-192f_signed-by_SLH-DSA-SHAKE-256s,429.01,3604.44,300.673,1,70,0.460526,336.5,20,90343.3,89174.1,96148,96145
2,2,65,SLH-DSA-SHA2-192f_signed-by_SLH-DSA-SHAKE-256s,SLH-DSA-SHA2-192f_signed-by_SLH-DSA-SHAKE-256s,1560.77,990.759,72.1389,1,18,0.130435,259.594,24,90063.6,89351.6,96148,96145
2,1,87,SLH-DSA-SHA2-192f_signed-by_SLH-DSA-SHAKE-256s,SLH-DSA-SHA2-192f_signed-by_SLH-DSA-SHAKE-256s,307.842,5023.16,356.182,1,23,0.2,467.635,24,89485.1,89156.9,96148,96145
2,5,92,SLH-DSA-SHA2-192f_signed-by_SLH-DSA-SHAKE-256s,SLH-DSA-SHA2-192f_signed-by_SLH-DSA-SHAKE-256s,334.914,4617.13,293.902,1,0,0,459.273,5,89691.2,89540.4,96148,96145
2,8,84,SLH-DSA-SHA2-192f_signed-by_SLH-DSA-SHAKE-256s,SLH-DSA-SHA2-192f_signed-by_SLH-DSA-SHAKE-256s,381.769,4050.46,307.955,1,39,0.295455,379.818,9,89846.8,89364.2,96148,96145
2,7,84,SLH-DSA-SHA2-192f_signed-by_SLH-DSA-SHAKE-256s,SLH-DSA-SHA2-192f_signed-by_SLH-DSA-SHAKE-256s,379.577,4073.85,314.202,1,43,0.318519,379.748,21,89664.7,89245.7,96148,96145
2,6,86,SLH-DSA-SHA2-192f_signed-by_SLH-DSA-SHAKE-256s,SLH-DSA-SHA2-192f_signed-by_SLH-DSA-SHAKE-256s,387.086,3994.83,427.895,1,351,1.90761,1087.43,20,89808.2,89409.6,96148,96145
2,2,66,SLH-DSA-SHA2-192f_signed-by_SLH-DSA-SHAKE-256s,SLH-DSA-SHA2-192f_signed-by_SLH-DSA-SHAKE-256s,358.261,4316.24,338.479,1,90,0.762712,665.424,24,89581.9,89729.9,96148,96145
2,4,72,SLH-DSA-SHA2-192f_signed-by_SLH-DSA-SHAKE-256s,SLH-DSA-SHA2-192f_signed-by_SLH-DSA-SHAKE-256s,408.947,3781.28,255.329,1,1,0.00884956,394.389,24,89929.2,89145.3,96148,96145
2,3,93,SLH-DSA-SHA2-192f_signed-by_SLH-DSA-SHAKE-256s,SLH-DSA-SHA2-192f_signed-by_SLH-DSA-SHAKE-256s,408.825,3782.41,318.102,1,72,0.473684,392.737,24,89580.5,89242.1,96148,96145
2,1,88,SLH-DSA-SHA2-192f_signed-by_SLH-DSA-SHAKE-256s,SLH-DSA-SHA2-192f_signed-by_SLH-DSA-SHAKE-256s,320.625,4822.89,368.13,1,41,0.310606,460.667,24,89574.6,89338.8,96148,96145
2,5,93,SLH-DSA-SHA2-192f_signed-by_SLH-DSA-SHAKE-256s,SLH-DSA-SHA2-192f_signed-by_SLH-DSA-SHAKE-256s,292.707,5282.89,340.654,1,0,0,326.209,5,89576.5,89353,96148,96145
2,8,85,SLH-DSA-SHA2-192f_signed-by_SLH-DSA-SHAKE-256s,SLH-DSA-SHA2-192f_signed-by_SLH-DSA-SHAKE-256s,311.509,4964.04,332.061,1,0,0,451.658,10,89662.3,90015.7,96148,96145
2,6,87,SLH-DSA-SHA2-192f_signed-by_SLH-DSA-SHAKE-256s,SLH-DSA-SHA2-192f_signed-by_SLH-DSA-SHAKE-256s,349.556,4423.73,322.1,1,108,0.857143,626.952,19,90031.5,89359.9,96148,96145
2,4,73,SLH-DSA-SHA2-192f_signed-by_SLH-DSA-SHAKE-256s,SLH-DSA-SHA2-192f_signed-by_SLH-DSA-SHAKE-256s,346.055,4468.49,381.303,1,78,0.506494,718.026,24,89715.3,89286.1,96148,96145
2,7,85,SLH-DSA-SHA2-192f_signed-by_SLH-DSA-SHAKE-256s,SLH-DSA-SHA2-192f_signed-by_SLH-DSA-SHAKE-256s,408.176,3788.42,282.505,1,67,0.527559,492.047,22,89703.4,89177.6,96148,96145
2,2,67,SLH-DSA-SHA2-192f_signed-by_SLH-DSA-SHAKE-256s,SLH-DSA-SHA2-192f_signed-by_SLH-DSA-SHAKE-256s,385.17,4014.7,364.68,1,104,0.626506,415.831,24,89475.3,89399.6,96148,96145
2,1,89,SLH-DSA-SHA2-192f_signed-by_SLH-DSA-SHAKE-256s,SLH-DSA-SHA2-192f_signed-by_SLH-DSA-SHAKE-256s,382.059,4047.39,286.908,1,83,0.721739,537.965,24,89576.6,89252.4,96148,96145
2,3,94,SLH-DSA-SHA2-192f_signed-by_SLH-DSA-SHAKE-256s,SLH-DSA-SHA2-192f_signed-by_SLH-DSA-SHAKE-256s,402.114,3845.53,302.759,1,58,0.432836,411.97,24,90101.6,89144.3,96148,96145
2,5,94,SLH-DSA-SHA2-192f_signed-by_SLH-DSA-SHAKE-256s,SLH-DSA-SHA2-192f_signed-by_SLH-DSA-SHAKE-256s,317.367,4872.4,327.544,1,0,0,419.947,6,89552.3,89906,96148,96145
2,8,86,SLH-DSA-SHA2-192f_signed-by_SLH-DSA-SHAKE-256s,SLH-DSA-SHA2-192f_signed-by_SLH-DSA-SHAKE-256s,294.667,5247.76,383.456,1,45,0.384615,507.333,11,90301.7,89310.2,96148,96145
2,4,74,SLH-DSA-SHA2-192f_signed-by_SLH-DSA-SHAKE-256s,SLH-DSA-SHA2-192f_signed-by_SLH-DSA-SHAKE-256s,333.092,4642.38,420.543,1,102,0.621951,495.512,24,89965.5,89771.5,96148,96145
2,7,86,SLH-DSA-SHA2-192f_signed-by_SLH-DSA-SHAKE-256s,SLH-DSA-SHA2-192f_signed-by_SLH-DSA-SHAKE-256s,321.921,4803.48,430.316,1,112,0.666667,432.071,23,89602.7,89583.4,96148,96145
2,3,95,SLH-DSA-SHA2-192f_signed-by_SLH-DSA-SHAKE-256s,SLH-DSA-SHA2-192f_signed-by_SLH-DSA-SHAKE-256s,335.152,4613.85,335.274,1,21,0.164062,397.531,24,93087.7,89277.9,96148,96145
2,5,95,SLH-DSA-SHA2-192f_signed-by_SLH-DSA-SHAKE-256s,SLH-DSA-SHA2-192f_signed-by_SLH-DSA-SHAKE-256s,290.664,5320.02,375.58,1,6,0.0530973,460.053,6,89624.5,90161.9,96148,96145
2,8,87,SLH-DSA-SHA2-192f_signed-by_SLH-DSA-SHAKE-256s,SLH-DSA-SHA2-192f_signed-by_SLH-DSA-SHAKE-256s,297.344,5200.5,382.855,1,122,1.06087,481.548,11,89669.8,89216.1,96148,96145
2,4,75,SLH-DSA-SHA2-192f_signed-by_SLH-DSA-SHAKE-256s,SLH-DSA-SHA2-192f_signed-by_SLH-DSA-SHAKE-256s,298.565,5179.25,351.387,1,33,0.282051,339.538,24,89708.9,89448,96148,96145
2,7,87,SLH-DSA-SHA2-192f_signed-by_SLH-DSA-SHAKE-256s,SLH-DSA-SHA2-192f_signed-by_SLH-DSA-SHAKE-256s,336.239,4598.93,385.391,0.891156,80,0.544218,414.571,23,89862.7,89368.4,96148,96145
2,3,96,SLH-DSA-SHA2-192f_signed-by_SLH-DSA-SHAKE-256s,SLH-DSA-SHA2-192f_signed-by_SLH-DSA-SHAKE-256s,294.589,5249.16,360.095,0.836066,21,0.172131,415.18,24,89851.1,90083.5,96148,96145
2,5,96,SLH-DSA-SHA2-192f_signed-by_SLH-DSA-SHAKE-256s,SLH-DSA-SHA2-192f_signed-by_SLH-DSA-SHAKE-256s,281.989,5483.68,387.758,0.87931,130,1.12069,509.172,7,89587.2,89181,96148,96145
2,8,88,SLH-DSA-SHA2-192f_signed-by_SLH-DSA-SHAKE-256s,SLH-DSA-SHA2-192f_signed-by_SLH-DSA-SHAKE-256s,277.996,5562.46,372.091,0.72973,0,0,474.685,12,89855.1,89216.8,96148,96145
2,4,76,SLH-DSA-SHA2-192f_signed-by_SLH-DSA-SHAKE-256s,SLH-DSA-SHA2-192f_signed-by_SLH-DSA-SHAKE-256s,298.244,5184.82,395.756,1,41,0.310606,431.303,24,89916.4,89528.7,96148,96145
2,7,88,SLH-DSA-SHA2-192f_signed-by_SLH-DSA-SHAKE-256s,SLH-DSA-SHA2-192f_signed-by_SLH-DSA-SHAKE-256s,285.253,5420.94,386.743,1,48,0.369231,441.262,24,89841.5,89379.5,96148,96145
2,3,97,SLH-DSA-SHA2-192f_signed-by_SLH-DSA-SHAKE-256s,SLH-DSA-SHA2-192f_signed-by_SLH-DSA-SHAKE-256s,305.347,5064.21,482.126,0.842105,169,0.988304,470.491,24,89580.9,90842,96148,96145
2,5,97,SLH-DSA-SHA2-192f_signed-by_SLH-DSA-SHAKE-256s,SLH-DSA-SHA2-192f_signed-by_SLH-DSA-SHAKE-256s,299.339,5165.86,345.561,1,11,0.0990991,463.225,7,89678.3,89506.9,96148,96145
2,8,89,SLH-DSA-SHA2-192f_signed-by_SLH-DSA-SHAKE-256s,SLH-DSA-SHA2-192f_signed-by_SLH-DSA-SHAKE-256s,287.483,5378.9,366.658,0.811966,23,0.196581,338.239,12,89587.8,89875.8,96148,96145
2,4,77,SLH-DSA-SHA2-192f_signed-by_SLH-DSA-SHAKE-256s,SLH-DSA-SHA2-192f_signed-by_SLH-DSA-SHAKE-256s,313.939,4925.62,400.332,0.25,62,0.430556,369.778,24,90137.5,89617.3,96148,96145
2,7,89,SLH-DSA-SHA2-192f_signed-by_SLH-DSA-SHAKE-256s,SLH-DSA-SHA2-192f_signed-by_SLH-DSA-SHAKE-256s,292.706,5282.91,351.15,0.302521,11,0.092437,481.597,25,89651.5,89662.4,96148,96145
2,3,98,SLH-DSA-SHA2-192f_signed-by_SLH-DSA-SHAKE-256s,SLH-DSA-SHA2-192f_signed-by_SLH-DSA-SHAKE-256s,279.674,5529.09,354.526,0.324324,1,0.00900901,501.892,24,89597.6,90090.4,96148,96145
2,5,98,SLH-DSA-SHA2-192f_signed-by_SLH-DSA-SHAKE-256s,SLH-DSA-SHA2-192f_signed-by_SLH-DSA-SHAKE-256s,288.236,5364.84,359.76,0.321429,2,0.0178571,453.179,7,89759.9,90647.5,96148,96145
2,8,90,SLH-DSA-SHA2-192f_signed-by_SLH-DSA-SHAKE-256s,SLH-DSA-SHA2-192f_signed-by_SLH-DSA-SHAKE-256s,285.364,5418.84,362.484,0.612613,0,0,455.55,13,89982.9,89415.3,96148,96145
2,6,88,SLH-DSA-SHA2-192f_signed-by_SLH-DSA-SHAKE-256s,SLH-DSA-SHA2-192f_signed-by_SLH-DSA-SHAKE-256s,1561.06,990.574,87.6431,1,125,0.771605,334.889,18,89530.2,89255.7,96148,96145
2,4,78,SLH-DSA-SHA2-192f_signed-by_SLH-DSA-SHAKE-256s,SLH-DSA-SHA2-192f_signed-by_SLH-DSA-SHAKE-256s,321.288,4812.94,331.764,1,21,0.169355,379.161,24,89654.7,89731.9,96148,96145
2,7,90,SLH-DSA-SHA2-192f_signed-by_SLH-DSA-SHAKE-256s,SLH-DSA-SHA2-192f_signed-by_SLH-DSA-SHAKE-256s,315.079,4907.79,372.782,1,53,0.384058,437.478,25,89852.1,89230.6,96148,96145
2,5,99,SLH-DSA-SHA2-192f_signed-by_SLH-DSA-SHAKE-256s,SLH-DSA-SHA2-192f_signed-by_SLH-DSA-SHAKE-256s,327.82,4717.04,361.271,1,68,0.576271,504.78,7,89559.2,94664.5,96148,96145
2,3,99,SLH-DSA-SHA2-192f_signed-by_SLH-DSA-SHAKE-256s,SLH-DSA-SHA2-192f_signed-by_SLH-DSA-SHAKE-256s,345.445,4476.37,345.988,1,43,0.316176,420.471,24,89651.3,90019.6,96148,96145
2,8,91,SLH-DSA-SHA2-192f_signed-by_SLH-DSA-SHAKE-256s,SLH-DSA-SHA2-192f_signed-by_SLH-DSA-SHAKE-256s,323.118,4785.68,398.714,1,88,0.611111,424.111,13,89854.3,89322.5,96148,96145
2,2,68,SLH-DSA-SHA2-192f_signed-by_SLH-DSA-SHAKE-256s,SLH-DSA-SHA2-192f_signed-by_SLH-DSA-SHAKE-256s,1627.75,949.986,74.9597,1,41,0.259494,238.684,24,89440.4,89483.6,96148,96145
2,1,90,SLH-DSA-SHA2-192f_signed-by_SLH-DSA-SHAKE-256s,SLH-DSA-SHA2-192f_signed-by_SLH-DSA-SHAKE-256s,1610.16,960.367,78.4718,1,147,0.896341,230.488,24,89537.5,89571.3,96148,96145
2,7,91,SLH-DSA-SHA2-192f_signed-by_SLH-DSA-SHAKE-256s,SLH-DSA-SHA2-192f_signed-by_SLH-DSA-SHAKE-256s,362.735,4263.01,285.166,1,0,0,451.658,25,89585.4,89613.9,96148,96145
2,4,79,SLH-DSA-SHA2-192f_signed-by_SLH-DSA-SHAKE-256s,SLH-DSA-SHA2-192f_signed-by_SLH-DSA-SHAKE-256s,381.975,4048.28,287.055,1,23,0.2,405.304,24,89557.8,89355.6,96148,96145
2,6,89,SLH-DSA-SHA2-192f_signed-by_SLH-DSA-SHAKE-256s,SLH-DSA-SHA2-192f_signed-by_SLH-DSA-SHAKE-256s,407.673,3793.09,384.425,1,166,0.902174,356.391,18,89952.5,89510.6,96148,96145
2,8,92,SLH-DSA-SHA2-192f_signed-by_SLH-DSA-SHAKE-256s,SLH-DSA-SHA2-192f_signed-by_SLH-DSA-SHAKE-256s,339.286,4557.63,355.004,1,47,0.345588,533.029,14,91615.7,89718.1,96148,96145
2,1,91,SLH-DSA-SHA2-192f_signed-by_SLH-DSA-SHAKE-256s,SLH-DSA-SHA2-192f_signed-by_SLH-DSA-SHAKE-256s,326.599,4734.68,302.952,1,0,0,451.75,24,89750,89230.8,96148,96145
2,2,69,SLH-DSA-SHA2-192f_signed-by_SLH-DSA-SHAKE-256s,SLH-DSA-SHA2-192f_signed-by_SLH-DSA-SHAKE-256s,340.78,4537.65,358.612,1,165,1.28906,596.219,24,89858.3,89520.6,96148,96145
2,6,90,SLH-DSA-SHA2-192f_signed-by_SLH-DSA-SHAKE-256s,SLH-DSA-SHA2-192f_signed-by_SLH-DSA-SHAKE-256s,329.695,4690.22,380.181,1,297,2.28462,549.415,19,89672.2,89975.4,96148,96145
2,7,92,SLH-DSA-SHA2-192f_signed-by_SLH-DSA-SHAKE-256s,SLH-DSA-SHA2-192f_signed-by_SLH-DSA-SHAKE-256s,360.425,4290.33,316.604,1,43,0.320896,382.209,24,89647,89234.4,96148,96145
2,4,80,SLH-DSA-SHA2-192f_signed-by_SLH-DSA-SHAKE-256s,SLH-DSA-SHA2-192f_signed-by_SLH-DSA-SHAKE-256s,354.305,4364.44,335.078,1,133,0.970803,393.153,24,89699.3,90583.7,96148,96145
2,1,92,SLH-DSA-SHA2-192f_signed-by_SLH-DSA-SHAKE-256s,SLH-DSA-SHA2-192f_signed-by_SLH-DSA-SHAKE-256s,332.499,4650.66,480.145,1,164,0.88172,408.645,24,90177.8,89654.6,96148,96145
2,2,70,SLH-DSA-SHA2-192f_signed-by_SLH-DSA-SHAKE-256s,SLH-DSA-SHA2-192f_signed-by_SLH-DSA-SHAKE-256s,340.66,4539.26,322.527,1,83,0.715517,602.31,24,89791,89335.6,96148,96145
2,8,93,SLH-DSA-SHA2-192f_signed-by_SLH-DSA-SHAKE-256s,SLH-DSA-SHA2-192f_signed-by_SLH-DSA-SHAKE-256s,384.297,4023.82,332.7,1,65,0.436242,365.329,15,89514,89437.8,96148,96145
2,6,91,SLH-DSA-SHA2-192f_signed-by_SLH-DSA-SHAKE-256s,SLH-DSA-SHA2-192f_signed-by_SLH-DSA-SHAKE-256s,345.933,4470.06,286.02,1,0,0,397.357,19,89993.7,89530.4,96148,96145
2,4,81,SLH-DSA-SHA2-192f_signed-by_SLH-DSA-SHAKE-256s,SLH-DSA-SHA2-192f_signed-by_SLH-DSA-SHAKE-256s,345.454,4476.26,442.408,1,295,1.9281,654.523,24,89761.1,89649.7,96148,96145
2,1,93,SLH-DSA-SHA2-192f_signed-by_SLH-DSA-SHAKE-256s,SLH-DSA-SHA2-192f_signed-by_SLH-DSA-SHAKE-256s,366.339,4221.07,311.449,1,46,0.365079,482.635,24,89614.8,89222.1,96148,96145
2,2,71,SLH-DSA-SHA2-192f_signed-by_SLH-DSA-SHAKE-256s,SLH-DSA-SHA2-192f_signed-by_SLH-DSA-SHAKE-256s,350.066,4417.28,411.99,1,360,2.41611,709.544,24,89498.4,89281.7,96148,96145
2,8,94,SLH-DSA-SHA2-192f_signed-by_SLH-DSA-SHAKE-256s,SLH-DSA-SHA2-192f_signed-by_SLH-DSA-SHAKE-256s,342.946,4508.99,319.63,1,35,0.304348,488.817,15,89946.1,89247.4,96148,96145
2,7,93,SLH-DSA-SHA2-192f_signed-by_SLH-DSA-SHAKE-256s,SLH-DSA-SHA2-192f_signed-by_SLH-DSA-SHAKE-256s,421.892,3665.26,267.746,1,109,0.838462,410.615,24,89659.5,89561.9,96148,96145
2,6,92,SLH-DSA-SHA2-192f_signed-by_SLH-DSA-SHAKE-256s,SLH-DSA-SHA2-192f_signed-by_SLH-DSA-SHAKE-256s,340.667,4539.16,305.142,1,0,0,394.248,19,89715,89350.2,96148,96145
2,4,82,SLH-DSA-SHA2-192f_signed-by_SLH-DSA-SHAKE-256s,SLH-DSA-SHA2-192f_signed-by_SLH-DSA-SHAKE-256s,338.767,4564.62,351.297,0.985075,43,0.320896,387.522,24,89777.1,89810.8,96148,96145
2,2,72,SLH-DSA-SHA2-192f_signed-by_SLH-DSA-SHAKE-256s,SLH-DSA-SHA2-192f_signed-by_SLH-DSA-SHAKE-256s,322.276,4798.18,361.577,1,56,0.459016,497.213,24,89601.3,89336.4,96148,96145
2,8,95,SLH-DSA-SHA2-192f_signed-by_SLH-DSA-SHAKE-256s,SLH-DSA-SHA2-192f_signed-by_SLH-DSA-SHAKE-256s,333.333,4639.04,328.08,1,83,0.72807,536,15,89565.5,89283.1,96148,96145
2,1,94,SLH-DSA-SHA2-192f_signed-by_SLH-DSA-SHAKE-256s,SLH-DSA-SHA2-192f_signed-by_SLH-DSA-SHAKE-256s,346.511,4462.61,340.029,1,39,0.293233,394.962,24,89426.3,90250.6,96148,96145
2,7,94,SLH-DSA-SHA2-192f_signed-by_SLH-DSA-SHAKE-256s,SLH-DSA-SHA2-192f_signed-by_SLH-DSA-SHAKE-256s,333.139,4641.73,338.404,1,45,0.387931,482.724,23,89584,89352.7,96148,96145
2,6,93,SLH-DSA-SHA2-192f_signed-by_SLH-DSA-SHAKE-256s,SLH-DSA-SHA2-192f_signed-by_SLH-DSA-SHAKE-256s,327.601,4720.2,361.855,0.753731,41,0.30597,413.373,19,90281.9,89344,96148,96145
2,2,73,SLH-DSA-SHA2-192f_signed-by_SLH-DSA-SHAKE-256s,SLH-DSA-SHA2-192f_signed-by_SLH-DSA-SHAKE-256s,327.169,4726.43,318.073,0.789474,0,0,428.316,24,89948.8,89331,96148,96145
2,4,83,SLH-DSA-SHA2-192f_signed-by_SLH-DSA-SHAKE-256s,SLH-DSA-SHA2-192f_signed-by_SLH-DSA-SHAKE-256s,361.083,4282.51,388.475,0.63522,109,0.685535,373.094,24,89930.1,89353,96148,96145
2,1,95,SLH-DSA-SHA2-192f_signed-by_SLH-DSA-SHAKE-256s,SLH-DSA-SHA2-192f_signed-by_SLH-DSA-SHAKE-256s,315.081,4907.75,329.921,1,0,0,444.336,24,90033,89871.1,96148,96145
2,8,96,SLH-DSA-SHA2-192f_signed-by_SLH-DSA-SHAKE-256s,SLH-DSA-SHA2-192f_signed-by_SLH-DSA-SHAKE-256s,332.365,4652.55,346.318,1,56,0.474576,515.559,16,89465.7,89267.5,96148,96145
2,7,95,SLH-DSA-SHA2-192f_signed-by_SLH-DSA-SHAKE-256s,SLH-DSA-SHA2-192f_signed-by_SLH-DSA-SHAKE-256s,328.29,4710.3,319.181,1,1,0.00869565,480.574,22,89313.6,89615.7,96148,96145
2,6,94,SLH-DSA-SHA2-192f_signed-by_SLH-DSA-SHAKE-256s,SLH-DSA-SHA2-192f_signed-by_SLH-DSA-SHAKE-256s,349.268,4427.37,340.735,0.970149,43,0.320896,387.94,19,89502.3,89200.4,96148,96145
2,4,84,SLH-DSA-SHA2-192f_signed-by_SLH-DSA-SHAKE-256s,SLH-DSA-SHA2-192f_signed-by_SLH-DSA-SHAKE-256s,317.407,4871.8,407.955,0.928571,92,0.657143,469.029,24,89811.8,90627.6,96148,96145
2,1,96,SLH-DSA-SHA2-192f_signed-by_SLH-DSA-SHAKE-256s,SLH-DSA-SHA2-192f_signed-by_SLH-DSA-SHAKE-256s,321.424,4810.91,307.033,0.801802,0,0,455.477,24,89619.6,89520.5,96148,96145
2,2,74,SLH-DSA-SHA2-192f_signed-by_SLH-DSA-SHAKE-256s,SLH-DSA-SHA2-192f_signed-by_SLH-DSA-SHAKE-256s,347.907,4444.71,359.084,0.948905,126,0.919708,447.723,24,89622.4,89352.4,96148,96145
2,8,97,SLH-DSA-SHA2-192f_signed-by_SLH-DSA-SHAKE-256s,SLH-DSA-SHA2-192f_signed-by_SLH-DSA-SHAKE-256s,342.698,4512.25,305.434,0.578947,1,0.00877193,443.298,16,90124.5,89179.6,96148,96145
2,7,96,SLH-DSA-SHA2-192f_signed-by_SLH-DSA-SHAKE-256s,SLH-DSA-SHA2-192f_signed-by_SLH-DSA-SHAKE-256s,340.734,4538.26,289.633,0.855856,0,0,485.423,21,90311.9,89544.9,96148,96145
2,6,95,SLH-DSA-SHA2-192f_signed-by_SLH-DSA-SHAKE-256s,SLH-DSA-SHA2-192f_signed-by_SLH-DSA-SHAKE-256s,310.799,4975.38,333.643,0.892857,0,0,397.429,19,90201.1,89421.8,96148,96145
2,2,75,SLH-DSA-SHA2-192f_signed-by_SLH-DSA-SHAKE-256s,SLH-DSA-SHA2-192f_signed-by_SLH-DSA-SHAKE-256s,304.484,5078.56,370.935,0.826446,48,0.396694,473.207,24,89916.5,89727.2,96148,96145
2,1,97,SLH-DSA-SHA2-192f_signed-by_SLH-DSA-SHAKE-256s,SLH-DSA-SHA2-192f_signed-by_SLH-DSA-SHAKE-256s,329.633,4691.1,361.371,0.740741,43,0.318519,404.874,24,89511.2,89447,96148,96145
2,7,97,SLH-DSA-SHA2-192f_signed-by_SLH-DSA-SHAKE-256s,SLH-DSA-SHA2-192f_signed-by_SLH-DSA-SHAKE-256s,304.215,5083.06,341.232,0.628319,0,0,477.54,20,89920.2,89532,96148,96145
2,8,98,SLH-DSA-SHA2-192f_signed-by_SLH-DSA-SHAKE-256s,SLH-DSA-SHA2-192f_signed-by_SLH-DSA-SHAKE-256s,326.947,4729.64,363.019,0.97479,68,0.571429,495.277,16,89907.5,89309.1,96148,96145
2,4,85,SLH-DSA-SHA2-192f_signed-by_SLH-DSA-SHAKE-256s,SLH-DSA-SHA2-192f_signed-by_SLH-DSA-SHAKE-256s,376.125,4111.25,315.512,0.859259,43,0.318519,372.341,24,89622.6,89191.2,96148,96145
2,6,96,SLH-DSA-SHA2-192f_signed-by_SLH-DSA-SHAKE-256s,SLH-DSA-SHA2-192f_signed-by_SLH-DSA-SHAKE-256s,310.919,4973.46,333.875,1,0,0,394.212,18,89783.6,89434.9,96148,96145
2,2,76,SLH-DSA-SHA2-192f_signed-by_SLH-DSA-SHAKE-256s,SLH-DSA-SHA2-192f_signed-by_SLH-DSA-SHAKE-256s,293.328,5271.71,336.824,1,0,0,435.25,24,89408.9,89344.7,96148,96145
2,8,99,SLH-DSA-SHA2-192f_signed-by_SLH-DSA-SHAKE-256s,SLH-DSA-SHA2-192f_signed-by_SLH-DSA-SHAKE-256s,282.33,5477.07,368.079,1,0,0,473.649,15,90004.3,89215.7,96148,96145
2,1,98,SLH-DSA-SHA2-192f_signed-by_SLH-DSA-SHAKE-256s,SLH-DSA-SHA2-192f_signed-by_SLH-DSA-SHAKE-256s,335.619,4607.43,345.725,1,66,0.492537,362.567,24,90157.6,89279.4,96148,96145
2,7,98,SLH-DSA-SHA2-192f_signed-by_SLH-DSA-SHAKE-256s,SLH-DSA-SHA2-192f_signed-by_SLH-DSA-SHAKE-256s,327.582,4720.47,394.942,1,206,1.46099,444.638,20,89814.9,90094.2,96148,96145
2,4,86,SLH-DSA-SHA2-192f_signed-by_SLH-DSA-SHAKE-256s,SLH-DSA-SHA2-192f_signed-by_SLH-DSA-SHAKE-256s,430.213,3594.36,260.075,1,28,0.224,437.168,24,89869.5,89325.7,96148,96145
2,6,97,SLH-DSA-SHA2-192f_signed-by_SLH-DSA-SHAKE-256s,SLH-DSA-SHA2-192f_signed-by_SLH-DSA-SHAKE-256s,288.876,5352.95,391.253,0.961832,41,0.312977,437.695,18,89553,89314.9,96148,96145
2,2,77,SLH-DSA-SHA2-192f_signed-by_SLH-DSA-SHAKE-256s,SLH-DSA-SHA2-192f_signed-by_SLH-DSA-SHAKE-256s,301.018,5137.04,365.108,1,23,0.198276,488.483,24,89679.6,89727.3,96148,96145
2,1,99,SLH-DSA-SHA2-192f_signed-by_SLH-DSA-SHAKE-256s,SLH-DSA-SHA2-192f_signed-by_SLH-DSA-SHAKE-256s,278.187,5558.64,357.514,0.824561,0,0,328.737,24,89731,90151.8,96148,96145
2,7,99,SLH-DSA-SHA2-192f_signed-by_SLH-DSA-SHAKE-256s,SLH-DSA-SHA2-192f_signed-by_SLH-DSA-SHAKE-256s,289.435,5342.62,444.119,0.626667,149,0.993333,503.173,19,89695.7,89272.8,96148,96145
2,4,87,SLH-DSA-SHA2-192f_signed-by_SLH-DSA-SHAKE-256s,SLH-DSA-SHA2-192f_signed-by_SLH-DSA-SHAKE-256s,292.066,5294.5,340.526,0.27193,0,0,328.737,24,89561.5,89250.4,96148,96145
2,6,98,SLH-DSA-SHA2-192f_signed-by_SLH-DSA-SHAKE-256s,SLH-DSA-SHA2-192f_signed-by_SLH-DSA-SHAKE-256s,290.805,5317.45,395.26,0.24031,31,0.24031,449.566,17,90753.6,89216.5,96148,96145
2,2,78,SLH-DSA-SHA2-192f_signed-by_SLH-DSA-SHAKE-256s,SLH-DSA-SHA2-192f_signed-by_SLH-DSA-SHAKE-256s,280.878,5505.38,369.185,0.473214,0,0,491.857,24,89655.9,89206,96148,96145
2,4,88,SLH-DSA-SHA2-192f_signed-by_SLH-DSA-SHAKE-256s,SLH-DSA-SHA2-192f_signed-by_SLH-DSA-SHAKE-256s,304.842,5072.61,358.428,0.356589,27,0.209302,315.085,24,90041.5,89245.8,96148,96145
2,6,99,SLH-DSA-SHA2-192f_signed-by_SLH-DSA-SHAKE-256s,SLH-DSA-SHA2-192f_signed-by_SLH-DSA-SHAKE-256s,275.993,5602.83,426.619,0.393162,60,0.512821,524.564,17,90104.4,89382.6,96148,96145
2,2,79,SLH-DSA-SHA2-192f_signed-by_SLH-DSA-SHAKE-256s,SLH-DSA-SHA2-192f_signed-by_SLH-DSA-SHAKE-256s,293.505,5268.54,355.646,0.212389,23,0.20354,525.257,24,90107,89462.6,96148,96145
2,4,89,SLH-DSA-SHA2-192f_signed-by_SLH-DSA-SHAKE-256s,SLH-DSA-SHA2-192f_signed-by_SLH-DSA-SHAKE-256s,272.193,5681.05,380.964,0.241071,0,0,481.5,24,90049.1,89257.9,96148,96145
2,2,80,SLH-DSA-SHA2-192f_signed-by_SLH-DSA-SHAKE-256s,SLH-DSA-SHA2-192f_signed-by_SLH-DSA-SHAKE-256s,282.545,5472.9,437.395,0.191489,55,0.390071,482.511,24,89765.7,89716.7,96148,96145
2,4,90,SLH-DSA-SHA2-192f_signed-by_SLH-DSA-SHAKE-256s,SLH-DSA-SHA2-192f_signed-by_SLH-DSA-SHAKE-256s,274.227,5638.9,380.939,0,0,0,376.017,24,89662.7,89243.4,96148,96145
2,2,81,SLH-DSA-SHA2-192f_signed-by_SLH-DSA-SHAKE-256s,SLH-DSA-SHA2-192f_signed-by_SLH-DSA-SHAKE-256s,275.464,5613.58,375.511,0,0,0,495.946,24,89361.1,89247.5,96148,96145
2,4,91,SLH-DSA-SHA2-192f_signed-by_SLH-DSA-SHAKE-256s,SLH-DSA-SHA2-192f_signed-by_SLH-DSA-SHAKE-256s,273.681,5650.15,378.892,0,0,0,481.5,24,90049,89358.4,96148,96145
2,2,82,SLH-DSA-SHA2-192f_signed-by_SLH-DSA-SHAKE-256s,SLH-DSA-SHA2-192f_signed-by_SLH-DSA-SHAKE-256s,276.343,5595.74,357.121,0,0,0,533.784,24,90154.2,89681.9,96148,96145
2,4,92,SLH-DSA-SHA2-192f_signed-by_SLH-DSA-SHAKE-256s,SLH-DSA-SHA2-192f_signed-by_SLH-DSA-SHAKE-256s,274.316,5637.08,362.559,0.236842,0,0,328.737,24,89521.6,89260.2,96148,96145
2,2,83,SLH-DSA-SHA2-192f_signed-by_SLH-DSA-SHAKE-256s,SLH-DSA-SHA2-192f_signed-by_SLH-DSA-SHAKE-256s,283.014,5463.84,418.975,0.192857,55,0.392857,485.657,24,89400.8,90870.5,96148,96145
2,4,93,SLH-DSA-SHA2-192f_signed-by_SLH-DSA-SHAKE-256s,SLH-DSA-SHA2-192f_signed-by_SLH-DSA-SHAKE-256s,274.24,5638.64,362.66,0,0,0,328.737,24,90017.4,89133.5,96148,96145
2,2,84,SLH-DSA-SHA2-192f_signed-by_SLH-DSA-SHAKE-256s,SLH-DSA-SHA2-192f_signed-by_SLH-DSA-SHAKE-256s,276.245,5597.71,357.247,0,0,0,533.784,24,94152.2,89237,96148,96145
2,4,94,SLH-DSA-SHA2-192f_signed-by_SLH-DSA-SHAKE-256s,SLH-DSA-SHA2-192f_signed-by_SLH-DSA-SHAKE-256s,274.118,5641.14,362.821,0.114035,0,0,363.684,24,89668.9,89299.1,96148,96145
2,2,85,SLH-DSA-SHA2-192f_signed-by_SLH-DSA-SHAKE-256s,SLH-DSA-SHA2-192f_signed-by_SLH-DSA-SHAKE-256s,284.042,5444.07,417.234,0.101562,27,0.210938,500.406,24,89325.2,89556.9,96148,96145
2,4,95,SLH-DSA-SHA2-192f_signed-by_SLH-DSA-SHAKE-256s,SLH-DSA-SHA2-192f_signed-by_SLH-DSA-SHAKE-256s,274.741,5628.36,361.998,0,0,0,328.737,24,89697.9,89751.5,96148,96145
2,2,86,SLH-DSA-SHA2-192f_signed-by_SLH-DSA-SHAKE-256s,SLH-DSA-SHA2-192f_signed-by_SLH-DSA-SHAKE-256s,276.22,5598.21,356.352,0,0,0,500.073,24,89768.2,89229.4,96148,96145
2,4,96,SLH-DSA-SHA2-192f_signed-by_SLH-DSA-SHAKE-256s,SLH-DSA-SHA2-192f_signed-by_SLH-DSA-SHAKE-256s,273.32,5657.62,363.881,0,0,0,328.737,24,89771.2,89341.4,96148,96145
2,2,87,SLH-DSA-SHA2-192f_signed-by_SLH-DSA-SHAKE-256s,SLH-DSA-SHA2-192f_signed-by_SLH-DSA-SHAKE-256s,275.743,5607.9,375.131,0,0,0,495.946,24,90937.6,89242.4,96148,96145
2,4,97,SLH-DSA-SHA2-192f_signed-by_SLH-DSA-SHAKE-256s,SLH-DSA-SHA2-192f_signed-by_SLH-DSA-SHAKE-256s,274.989,5623.29,361.673,0,0,0,328.737,24,89552.3,90066.7,96148,96145
2,2,88,SLH-DSA-SHA2-192f_signed-by_SLH-DSA-SHAKE-256s,SLH-DSA-SHA2-192f_signed-by_SLH-DSA-SHAKE-256s,276.607,5590.4,373.96,0,0,0,495.946,24,90328.9,89305.6,96148,96145
2,4,98,SLH-DSA-SHA2-192f_signed-by_SLH-DSA-SHAKE-256s,SLH-DSA-SHA2-192f_signed-by_SLH-DSA-SHAKE-256s,274.021,5643.15,362.95,0,0,0,331.263,24,90401.8,89493.8,96148,96145
2,2,89,SLH-DSA-SHA2-192f_signed-by_SLH-DSA-SHAKE-256s,SLH-DSA-SHA2-192f_signed-by_SLH-DSA-SHAKE-256s,276.454,5593.49,356.978,0,0,0,533.784,24,89383.5,89711.4,96148,96145
2,4,99,SLH-DSA-SHA2-192f_signed-by_SLH-DSA-SHAKE-256s,SLH-DSA-SHA2-192f_signed-by_SLH-DSA-SHAKE-256s,276.81,5586.29,359.293,0,0,0,328.737,24,89884.3,89277.5,96148,96145
2,2,90,SLH-DSA-SHA2-192f_signed-by_SLH-DSA-SHAKE-256s,SLH-DSA-SHA2-192f_signed-by_SLH-DSA-SHAKE-256s,276.168,5599.28,374.554,0,0,0,603.946,24,89588.2,89604.2,96148,96145
2,2,91,SLH-DSA-SHA2-192f_signed-by_SLH-DSA-SHAKE-256s,SLH-DSA-SHA2-192f_signed-by_SLH-DSA-SHAKE-256s,277.386,5574.69,373.832,0,0,0,529.393,24,89776,89315.1,96148,96145
2,2,92,SLH-DSA-SHA2-192f_signed-by_SLH-DSA-SHAKE-256s,SLH-DSA-SHA2-192f_signed-by_SLH-DSA-SHAKE-256s,275.718,5608.43,377.719,0.157895,37,0.324561,530.842,24,89455.7,89227.2,96148,96145
2,2,93,SLH-DSA-SHA2-192f_signed-by_SLH-DSA-SHAKE-256s,SLH-DSA-SHA2-192f_signed-by_SLH-DSA-SHAKE-256s,277.743,5567.53,355.321,0,0,0,533.784,24,89388.7,89271.4,96148,96145
2,2,94,SLH-DSA-SHA2-192f_signed-by_SLH-DSA-SHAKE-256s,SLH-DSA-SHA2-192f_signed-by_SLH-DSA-SHAKE-256s,275.704,5608.69,357.019,0,0,0,500.073,24,89535.1,89444.1,96148,96145
2,2,95,SLH-DSA-SHA2-192f_signed-by_SLH-DSA-SHAKE-256s,SLH-DSA-SHA2-192f_signed-by_SLH-DSA-SHAKE-256s,276.103,5600.59,357.431,0,0,0,533.784,24,89807.6,89227.9,96148,96145
2,2,96,SLH-DSA-SHA2-192f_signed-by_SLH-DSA-SHAKE-256s,SLH-DSA-SHA2-192f_signed-by_SLH-DSA-SHAKE-256s,277.031,5581.84,356.235,0,0,0,535.225,24,89558.8,89386.9,96148,96145
2,2,97,SLH-DSA-SHA2-192f_signed-by_SLH-DSA-SHAKE-256s,SLH-DSA-SHA2-192f_signed-by_SLH-DSA-SHAKE-256s,275.904,5604.64,356.761,0,0,0,500.073,24,89575.9,89345.6,96148,96145
2,2,98,SLH-DSA-SHA2-192f_signed-by_SLH-DSA-SHAKE-256s,SLH-DSA-SHA2-192f_signed-by_SLH-DSA-SHAKE-256s,278.267,5557.04,372.648,0,0,0,529.393,24,89609.2,89557.5,96148,96145
2,2,99,SLH-DSA-SHA2-192f_signed-by_SLH-DSA-SHAKE-256s,SLH-DSA-SHA2-192f_signed-by_SLH-DSA-SHAKE-256s,276.443,5593.7,356.991,0,0,0,533.784,24,89529.8,89306.2,96148,96145
