scenario,node_id,handshake_index,sta_cert_algo,ap_cert_algo,handshake_delay_ms,goodput_kbps,throughput_kbps,phy_frame_drop_rate,mac_retries,mac_retry_rate,tx_delay_us,prop_delay_ns,cert_verify_ap_us,cert_verify_sta_us,server_cert_msg_bytes,client_cert_msg_bytes
2,8,0,SLH-DSA-SHAKE-128f_signed-by_SLH-DSA-SHAKE-192s,SLH-DSA-SHAKE-128f_signed-by_SLH-DSA-SHAKE-192s,202.928,4013.44,249.31,0.6,10,0.142857,215.086,14,62600.3,62729.5,50404,50401
2,3,0,SLH-DSA-SHAKE-128f_signed-by_SLH-DSA-SHAKE-192s,SLH-DSA-SHAKE-128f_signed-by_SLH-DSA-SHAKE-192s,230.462,3533.93,257.847,0.506024,35,0.421687,195.301,24,62430.5,62325.3,50404,50401
2,6,0,SLH-DSA-SHAKE-128f_signed-by_SLH-DSA-SHAKE-192s,SLH-DSA-SHAKE-128f_signed-by_SLH-DSA-SHAKE-192s,251.434,3239.18,169.142,0.65625,0,0,237.375,8,62416.6,62451.8,50404,50401
2,7,0,SLH-DSA-SHAKE-128f_signed-by_SLH-DSA-SHAKE-192s,SLH-DSA-SHAKE-128f_signed-by_SLH-DSA-SHAKE-192s,270.716,3008.46,202.308,0.518519,17,0.209877,218,16,62414.9,62354.3,50404,50401
2,1,0,SLH-DSA-SHAKE-128f_signed-by_SLH-DSA-SHAKE-192s,SLH-DSA-SHAKE-128f_signed-by_SLH-DSA-SHAKE-192s,276.099,2949.81,198.363,0.512195,34,0.414634,242.049,24,62736.1,62626.4,50404,50401
2,5,0,SLH-DSA-SHAKE-128f_signed-by_SLH-DSA-SHAKE-192s,SLH-DSA-SHAKE-128f_signed-by_SLH-DSA-SHAKE-192s,278.959,2919.56,170.691,0.608696,7,0.101449,503.043,15,62413.6,62395.3,50404,50401
2,2,0,SLH-DSA-SHAKE-128f_signed-by_SLH-DSA-SHAKE-192s,SLH-DSA-SHAKE-128f_signed-by_SLH-DSA-SHAKE-192s,281.456,2893.66,152.976,0.646154,1,0.0153846,315.169,24,62275.4,62258,50404,50401
2,8,1,SLH-DSA-SHAKE-128f_signed-by_SLH-DSA-SHAKE-192s,SLH-DSA-SHAKE-128f_signed-by_SLH-DSA-SHAKE-192s,187.322,4347.8,332.091,1,0,0,386.615,15,62428.3,62284.8,50404,50401
2,3,1,SLH-DSA-SHAKE-128f_signed-by_SLH-DSA-SHAKE-192s,SLH-DSA-SHAKE-128f_signed-by_SLH-DSA-SHAKE-192s,254.731,3197.25,243.205,1,0,0,392.25,24,62608.6,62760.8,50404,50401
2,1,1,SLH-DSA-SHAKE-128f_signed-by_SLH-DSA-SHAKE-192s,SLH-DSA-SHAKE-128f_signed-by_SLH-DSA-SHAKE-192s,242.625,3356.78,337.244,0.926316,54,0.568421,381.326,24,62460.9,62300.4,50404,50401
2,6,1,SLH-DSA-SHAKE-128f_signed-by_SLH-DSA-SHAKE-192s,SLH-DSA-SHAKE-128f_signed-by_SLH-DSA-SHAKE-192s,269.964,3016.84,229.482,1,0,0,392.25,9,62303.9,62323.5,50404,50401
2,7,1,SLH-DSA-SHAKE-128f_signed-by_SLH-DSA-SHAKE-192s,SLH-DSA-SHAKE-128f_signed-by_SLH-DSA-SHAKE-192s,257.507,3162.78,240.583,1,0,0,423.188,16,62256.5,62615.1,50404,50401
2,2,1,SLH-DSA-SHAKE-128f_signed-by_SLH-DSA-SHAKE-192s,SLH-DSA-SHAKE-128f_signed-by_SLH-DSA-SHAKE-192s,253.829,3208.61,266.384,1,83,1.25758,772.061,24,62213.2,62182.7,50404,50401
2,5,1,SLH-DSA-SHAKE-128f_signed-by_SLH-DSA-SHAKE-192s,SLH-DSA-SHAKE-128f_signed-by_SLH-DSA-SHAKE-192s,260.195,3130.11,327.876,1,44,0.55,1092.3,15,62377.1,62304.3,50404,50401
2,8,2,SLH-DSA-SHAKE-128f_signed-by_SLH-DSA-SHAKE-192s,SLH-DSA-SHAKE-128f_signed-by_SLH-DSA-SHAKE-192s,211.696,3847.2,292.645,1,0,0,392.438,15,62428.8,62596.6,50404,50401
2,3,2,SLH-DSA-SHAKE-128f_signed-by_SLH-DSA-SHAKE-192s,SLH-DSA-SHAKE-128f_signed-by_SLH-DSA-SHAKE-192s,229.211,3553.23,270.284,1,0,0,392.25,24,62394.4,62354.4,50404,50401
2,1,2,SLH-DSA-SHAKE-128f_signed-by_SLH-DSA-SHAKE-192s,SLH-DSA-SHAKE-128f_signed-by_SLH-DSA-SHAKE-192s,209.436,3888.72,366.698,1,41,0.476744,426.884,24,62526.3,62719.9,50404,50401
2,6,2,SLH-DSA-SHAKE-128f_signed-by_SLH-DSA-SHAKE-192s,SLH-DSA-SHAKE-128f_signed-by_SLH-DSA-SHAKE-192s,217.691,3741.25,354.042,1,108,1.31707,425.268,9,62385.1,62127,50404,50401
2,2,2,SLH-DSA-SHAKE-128f_signed-by_SLH-DSA-SHAKE-192s,SLH-DSA-SHAKE-128f_signed-by_SLH-DSA-SHAKE-192s,223.841,3638.47,320.37,1,46,0.666667,821.536,24,62395.6,62428.8,50404,50401
2,8,3,SLH-DSA-SHAKE-128f_signed-by_SLH-DSA-SHAKE-192s,SLH-DSA-SHAKE-128f_signed-by_SLH-DSA-SHAKE-192s,199.541,4081.55,340.3,0.343284,23,0.343284,405.284,16,62372.5,62221.1,50404,50401
2,3,3,SLH-DSA-SHAKE-128f_signed-by_SLH-DSA-SHAKE-192s,SLH-DSA-SHAKE-128f_signed-by_SLH-DSA-SHAKE-192s,188.557,4319.31,328.557,0.640625,0,0,413.812,24,62427.6,62387.2,50404,50401
2,1,3,SLH-DSA-SHAKE-128f_signed-by_SLH-DSA-SHAKE-192s,SLH-DSA-SHAKE-128f_signed-by_SLH-DSA-SHAKE-192s,187.765,4337.54,329.943,0.640625,0,0,433.062,24,62571.8,62406.9,50404,50401
2,6,3,SLH-DSA-SHAKE-128f_signed-by_SLH-DSA-SHAKE-192s,SLH-DSA-SHAKE-128f_signed-by_SLH-DSA-SHAKE-192s,195.278,4170.66,318.56,0.630769,0,0,389.385,9,62389.2,62266,50404,50401
2,2,3,SLH-DSA-SHAKE-128f_signed-by_SLH-DSA-SHAKE-192s,SLH-DSA-SHAKE-128f_signed-by_SLH-DSA-SHAKE-192s,191.279,4257.86,323.882,0.640625,0,0,629,24,62414.7,62264.3,50404,50401
2,8,4,SLH-DSA-SHAKE-128f_signed-by_SLH-DSA-SHAKE-192s,SLH-DSA-SHAKE-128f_signed-by_SLH-DSA-SHAKE-192s,190.433,4276.77,356.408,0.61194,83,1.23881,482.657,16,62729.8,62214.1,50404,50401
2,3,4,SLH-DSA-SHAKE-128f_signed-by_SLH-DSA-SHAKE-192s,SLH-DSA-SHAKE-128f_signed-by_SLH-DSA-SHAKE-192s,191.471,4253.59,323.558,1,0,0,394.875,24,62329,62190.8,50404,50401
2,1,4,SLH-DSA-SHAKE-128f_signed-by_SLH-DSA-SHAKE-192s,SLH-DSA-SHAKE-128f_signed-by_SLH-DSA-SHAKE-192s,188.271,4325.89,329.057,1,0,0,433.062,24,62765.8,62277.7,50404,50401
2,6,4,SLH-DSA-SHAKE-128f_signed-by_SLH-DSA-SHAKE-192s,SLH-DSA-SHAKE-128f_signed-by_SLH-DSA-SHAKE-192s,202.182,4028.24,342.977,0.893333,21,0.28,360.667,10,62397.4,62326.5,50404,50401
2,2,4,SLH-DSA-SHAKE-128f_signed-by_SLH-DSA-SHAKE-192s,SLH-DSA-SHAKE-128f_signed-by_SLH-DSA-SHAKE-192s,202.847,4015.04,306.674,1,0,0,619.908,24,62472,62231.5,50404,50401
2,8,5,SLH-DSA-SHAKE-128f_signed-by_SLH-DSA-SHAKE-192s,SLH-DSA-SHAKE-128f_signed-by_SLH-DSA-SHAKE-192s,187.403,4345.91,390.942,1,135,1.92857,487.314,17,62411.7,62549.1,50404,50401
2,4,0,SLH-DSA-SHAKE-128f_signed-by_SLH-DSA-SHAKE-192s,SLH-DSA-SHAKE-128f_signed-by_SLH-DSA-SHAKE-192s,1194.75,681.684,35.5958,1,0,0,223.625,24,62480.9,62383.4,50404,50401
2,3,5,SLH-DSA-SHAKE-128f_signed-by_SLH-DSA-SHAKE-192s,SLH-DSA-SHAKE-128f_signed-by_SLH-DSA-SHAKE-192s,201.31,4045.69,309.015,1,0,0,389.385,24,62338.5,62230.7,50404,50401
2,1,5,SLH-DSA-SHAKE-128f_signed-by_SLH-DSA-SHAKE-192s,SLH-DSA-SHAKE-128f_signed-by_SLH-DSA-SHAKE-192s,207.98,3915.94,346.57,1,30,0.37037,376.222,24,62352.2,62148.3,50404,50401
2,6,5,SLH-DSA-SHAKE-128f_signed-by_SLH-DSA-SHAKE-192s,SLH-DSA-SHAKE-128f_signed-by_SLH-DSA-SHAKE-192s,203.124,4009.55,308.539,1,1,0.0153846,389.631,10,62310.8,62777.7,50404,50401
2,2,5,SLH-DSA-SHAKE-128f_signed-by_SLH-DSA-SHAKE-192s,SLH-DSA-SHAKE-128f_signed-by_SLH-DSA-SHAKE-192s,201.79,4036.08,361.167,1,83,1.22059,786.471,24,62362.2,62588,50404,50401
2,8,6,SLH-DSA-SHAKE-128f_signed-by_SLH-DSA-SHAKE-192s,SLH-DSA-SHAKE-128f_signed-by_SLH-DSA-SHAKE-192s,200.753,4056.93,363.91,0.901408,15,0.211268,340.648,17,62275.5,62424.5,50404,50401
2,4,1,SLH-DSA-SHAKE-128f_signed-by_SLH-DSA-SHAKE-192s,SLH-DSA-SHAKE-128f_signed-by_SLH-DSA-SHAKE-192s,195.75,4160.61,362.667,0.897059,45,0.661765,545.059,24,62389.5,62308.6,50404,50401
2,3,6,SLH-DSA-SHAKE-128f_signed-by_SLH-DSA-SHAKE-192s,SLH-DSA-SHAKE-128f_signed-by_SLH-DSA-SHAKE-192s,204.734,3978.02,417.008,0.44898,66,0.673469,354.816,24,62560,62231.6,50404,50401
2,1,6,SLH-DSA-SHAKE-128f_signed-by_SLH-DSA-SHAKE-192s,SLH-DSA-SHAKE-128f_signed-by_SLH-DSA-SHAKE-192s,202.624,4019.45,305.747,0.6875,0,0,433.062,24,62735.5,62485.8,50404,50401
2,6,6,SLH-DSA-SHAKE-128f_signed-by_SLH-DSA-SHAKE-192s,SLH-DSA-SHAKE-128f_signed-by_SLH-DSA-SHAKE-192s,201.736,4037.14,307.093,0.6875,0,0,394.875,10,62266.5,62316.2,50404,50401
2,2,6,SLH-DSA-SHAKE-128f_signed-by_SLH-DSA-SHAKE-192s,SLH-DSA-SHAKE-128f_signed-by_SLH-DSA-SHAKE-192s,197.509,4123.55,314.962,0.676923,0,0,611.908,24,62929.1,62276.1,50404,50401
2,8,7,SLH-DSA-SHAKE-128f_signed-by_SLH-DSA-SHAKE-192s,SLH-DSA-SHAKE-128f_signed-by_SLH-DSA-SHAKE-192s,188.681,4316.47,329.698,0.353846,0,0,389.385,17,62233,62165.1,50404,50401
2,4,2,SLH-DSA-SHAKE-128f_signed-by_SLH-DSA-SHAKE-192s,SLH-DSA-SHAKE-128f_signed-by_SLH-DSA-SHAKE-192s,198.806,4096.64,341.558,0.313433,23,0.343284,514.896,24,62318.9,62610.8,50404,50401
2,3,7,SLH-DSA-SHAKE-128f_signed-by_SLH-DSA-SHAKE-192s,SLH-DSA-SHAKE-128f_signed-by_SLH-DSA-SHAKE-192s,198.276,4107.59,312.452,0.15625,0,0,396.75,24,62301.3,62588.7,50404,50401
2,1,7,SLH-DSA-SHAKE-128f_signed-by_SLH-DSA-SHAKE-192s,SLH-DSA-SHAKE-128f_signed-by_SLH-DSA-SHAKE-192s,202.9,4013.99,341.764,0.133333,21,0.28,398.853,24,62401.7,62431,50404,50401
2,5,2,SLH-DSA-SHAKE-128f_signed-by_SLH-DSA-SHAKE-192s,SLH-DSA-SHAKE-128f_signed-by_SLH-DSA-SHAKE-192s,1206.82,674.867,56.7179,1,69,1.01471,1002.71,15,62270.9,62381,50404,50401
2,6,7,SLH-DSA-SHAKE-128f_signed-by_SLH-DSA-SHAKE-192s,SLH-DSA-SHAKE-128f_signed-by_SLH-DSA-SHAKE-192s,209.663,3884.52,295.483,0.1875,0,0,394.875,10,62123.2,62195.6,50404,50401
2,2,7,SLH-DSA-SHAKE-128f_signed-by_SLH-DSA-SHAKE-192s,SLH-DSA-SHAKE-128f_signed-by_SLH-DSA-SHAKE-192s,203.218,4007.71,304.855,0.1875,0,0,492.062,24,62262.4,62584.2,50404,50401
2,8,8,SLH-DSA-SHAKE-128f_signed-by_SLH-DSA-SHAKE-192s,SLH-DSA-SHAKE-128f_signed-by_SLH-DSA-SHAKE-192s,195.143,4173.55,318.781,0.830769,0,0,389.385,18,62266.7,62377.4,50404,50401
2,4,3,SLH-DSA-SHAKE-128f_signed-by_SLH-DSA-SHAKE-192s,SLH-DSA-SHAKE-128f_signed-by_SLH-DSA-SHAKE-192s,190.715,4270.45,326.183,1,0,0,386.615,24,62322.3,62288.3,50404,50401
2,3,8,SLH-DSA-SHAKE-128f_signed-by_SLH-DSA-SHAKE-192s,SLH-DSA-SHAKE-128f_signed-by_SLH-DSA-SHAKE-192s,248.819,3273.22,304.735,1,39,0.464286,365.81,24,62313.5,62678,50404,50401
2,1,8,SLH-DSA-SHAKE-128f_signed-by_SLH-DSA-SHAKE-192s,SLH-DSA-SHAKE-128f_signed-by_SLH-DSA-SHAKE-192s,240.615,3384.82,257.473,1,0,0,430.312,24,62475.2,62307.9,50404,50401
2,5,3,SLH-DSA-SHAKE-128f_signed-by_SLH-DSA-SHAKE-192s,SLH-DSA-SHAKE-128f_signed-by_SLH-DSA-SHAKE-192s,229.77,3544.59,521.635,1,5,0.0581395,1339.16,15,62295.4,62607.4,50404,50401
2,6,8,SLH-DSA-SHAKE-128f_signed-by_SLH-DSA-SHAKE-192s,SLH-DSA-SHAKE-128f_signed-by_SLH-DSA-SHAKE-192s,235.759,3454.54,295.081,1,85,1.21429,472.629,10,62341.2,62588.4,50404,50401
2,8,9,SLH-DSA-SHAKE-128f_signed-by_SLH-DSA-SHAKE-192s,SLH-DSA-SHAKE-128f_signed-by_SLH-DSA-SHAKE-192s,229.903,3542.52,328.624,1,56,0.727273,418.312,18,62357.5,62395.1,50404,50401
2,4,4,SLH-DSA-SHAKE-128f_signed-by_SLH-DSA-SHAKE-192s,SLH-DSA-SHAKE-128f_signed-by_SLH-DSA-SHAKE-192s,221.817,3671.66,286.938,0.776119,2,0.0298507,413.403,24,62397.9,62152.7,50404,50401
2,3,9,SLH-DSA-SHAKE-128f_signed-by_SLH-DSA-SHAKE-192s,SLH-DSA-SHAKE-128f_signed-by_SLH-DSA-SHAKE-192s,246.375,3305.68,254.83,0.333333,1,0.0151515,381.697,24,62358.8,62157.6,50404,50401
2,1,9,SLH-DSA-SHAKE-128f_signed-by_SLH-DSA-SHAKE-192s,SLH-DSA-SHAKE-128f_signed-by_SLH-DSA-SHAKE-192s,239.658,3398.33,258.501,0.34375,0,0,433.062,24,62947.5,62385.5,50404,50401
2,5,4,SLH-DSA-SHAKE-128f_signed-by_SLH-DSA-SHAKE-192s,SLH-DSA-SHAKE-128f_signed-by_SLH-DSA-SHAKE-192s,232.673,3500.35,508.317,0.269231,0,0,1592.41,16,62336.4,62459.8,50404,50401
2,6,9,SLH-DSA-SHAKE-128f_signed-by_SLH-DSA-SHAKE-192s,SLH-DSA-SHAKE-128f_signed-by_SLH-DSA-SHAKE-192s,234.798,3468.67,326.816,0.244186,39,0.453488,329.488,10,62367,62394,50404,50401
2,8,10,SLH-DSA-SHAKE-128f_signed-by_SLH-DSA-SHAKE-192s,SLH-DSA-SHAKE-128f_signed-by_SLH-DSA-SHAKE-192s,234.224,3477.17,267.572,0.707692,1,0.0153846,389.631,19,62306.9,62162.6,50404,50401
2,4,5,SLH-DSA-SHAKE-128f_signed-by_SLH-DSA-SHAKE-192s,SLH-DSA-SHAKE-128f_signed-by_SLH-DSA-SHAKE-192s,233.233,3491.95,268.915,0.686567,0,0,412.507,24,62601,62828.9,50404,50401
2,3,10,SLH-DSA-SHAKE-128f_signed-by_SLH-DSA-SHAKE-192s,SLH-DSA-SHAKE-128f_signed-by_SLH-DSA-SHAKE-192s,204.277,3986.94,303.274,1,0,0,392.25,24,62386,62214.8,50404,50401
2,1,10,SLH-DSA-SHAKE-128f_signed-by_SLH-DSA-SHAKE-192s,SLH-DSA-SHAKE-128f_signed-by_SLH-DSA-SHAKE-192s,211.719,3846.79,292.614,1,0,0,433.062,24,62422.1,62444.2,50404,50401
2,5,5,SLH-DSA-SHAKE-128f_signed-by_SLH-DSA-SHAKE-192s,SLH-DSA-SHAKE-128f_signed-by_SLH-DSA-SHAKE-192s,209.637,3885,345.435,1,51,0.75,543.353,16,62376.1,62288,50404,50401
2,6,10,SLH-DSA-SHAKE-128f_signed-by_SLH-DSA-SHAKE-192s,SLH-DSA-SHAKE-128f_signed-by_SLH-DSA-SHAKE-192s,206.695,3940.3,336.728,1,21,0.276316,365.368,10,62393.9,62273.8,50404,50401
2,4,6,SLH-DSA-SHAKE-128f_signed-by_SLH-DSA-SHAKE-192s,SLH-DSA-SHAKE-128f_signed-by_SLH-DSA-SHAKE-192s,205.587,3961.53,302.587,0.784615,0,0,389.385,24,62985.7,62333.9,50404,50401
2,8,11,SLH-DSA-SHAKE-128f_signed-by_SLH-DSA-SHAKE-192s,SLH-DSA-SHAKE-128f_signed-by_SLH-DSA-SHAKE-192s,214.808,3791.47,315.965,0.761194,83,1.23881,495.672,19,62489.6,62251.4,50404,50401
2,3,11,SLH-DSA-SHAKE-128f_signed-by_SLH-DSA-SHAKE-192s,SLH-DSA-SHAKE-128f_signed-by_SLH-DSA-SHAKE-192s,200.962,4052.71,309.551,1,0,0,389.385,24,62435.4,62373.9,50404,50401
2,1,11,SLH-DSA-SHAKE-128f_signed-by_SLH-DSA-SHAKE-192s,SLH-DSA-SHAKE-128f_signed-by_SLH-DSA-SHAKE-192s,202.694,4018.06,306.904,1,0,0,426.985,24,62443.5,62227.4,50404,50401
2,5,6,SLH-DSA-SHAKE-128f_signed-by_SLH-DSA-SHAKE-192s,SLH-DSA-SHAKE-128f_signed-by_SLH-DSA-SHAKE-192s,203.186,4008.35,323.566,1,11,0.157143,413.886,16,62644.3,62560.1,50404,50401
2,6,11,SLH-DSA-SHAKE-128f_signed-by_SLH-DSA-SHAKE-192s,SLH-DSA-SHAKE-128f_signed-by_SLH-DSA-SHAKE-192s,208.877,3899.13,296.595,1,0,0,394.875,10,62614.7,62283.9,50404,50401
2,4,7,SLH-DSA-SHAKE-128f_signed-by_SLH-DSA-SHAKE-192s,SLH-DSA-SHAKE-128f_signed-by_SLH-DSA-SHAKE-192s,200.68,4058.38,430.455,1,178,2.14458,410.53,24,62348.8,62303.6,50404,50401
2,8,12,SLH-DSA-SHAKE-128f_signed-by_SLH-DSA-SHAKE-192s,SLH-DSA-SHAKE-128f_signed-by_SLH-DSA-SHAKE-192s,209.075,3895.44,299.988,1,0,0,380.448,18,62606.9,62073.8,50404,50401
2,3,12,SLH-DSA-SHAKE-128f_signed-by_SLH-DSA-SHAKE-192s,SLH-DSA-SHAKE-128f_signed-by_SLH-DSA-SHAKE-192s,196.542,4143.84,315.209,0.1875,0,0,394.875,24,62382.6,62296.1,50404,50401
2,1,12,SLH-DSA-SHAKE-128f_signed-by_SLH-DSA-SHAKE-192s,SLH-DSA-SHAKE-128f_signed-by_SLH-DSA-SHAKE-192s,192.306,4235.12,322.153,0.1875,0,0,430.062,24,62481.8,62089.6,50404,50401
2,5,7,SLH-DSA-SHAKE-128f_signed-by_SLH-DSA-SHAKE-192s,SLH-DSA-SHAKE-128f_signed-by_SLH-DSA-SHAKE-192s,194.198,4193.86,364.493,0.155844,25,0.324675,441.273,16,62253.6,62240.3,50404,50401
2,6,12,SLH-DSA-SHAKE-128f_signed-by_SLH-DSA-SHAKE-192s,SLH-DSA-SHAKE-128f_signed-by_SLH-DSA-SHAKE-192s,188.403,4322.86,328.827,0.1875,0,0,394.875,10,62251,62658.2,50404,50401
2,4,8,SLH-DSA-SHAKE-128f_signed-by_SLH-DSA-SHAKE-192s,SLH-DSA-SHAKE-128f_signed-by_SLH-DSA-SHAKE-192s,193.628,4206.2,319.953,0.1875,0,0,394.875,24,62375.1,62440.6,50404,50401
2,8,13,SLH-DSA-SHAKE-128f_signed-by_SLH-DSA-SHAKE-192s,SLH-DSA-SHAKE-128f_signed-by_SLH-DSA-SHAKE-192s,196.657,4141.42,316.327,0.815385,0,0,376.277,18,62352.1,62280.2,50404,50401
2,2,8,SLH-DSA-SHAKE-128f_signed-by_SLH-DSA-SHAKE-192s,SLH-DSA-SHAKE-128f_signed-by_SLH-DSA-SHAKE-192s,1224.51,665.115,73.4858,1,69,0.873418,378.101,24,62325.5,62281.2,50404,50401
2,3,13,SLH-DSA-SHAKE-128f_signed-by_SLH-DSA-SHAKE-192s,SLH-DSA-SHAKE-128f_signed-by_SLH-DSA-SHAKE-192s,224.347,3630.27,342.327,1,41,0.476744,489.628,24,62534.4,62194.5,50404,50401
2,1,13,SLH-DSA-SHAKE-128f_signed-by_SLH-DSA-SHAKE-192s,SLH-DSA-SHAKE-128f_signed-by_SLH-DSA-SHAKE-192s,219.877,3704.06,388.288,1,66,0.673469,347.633,24,62368.7,62238.8,50404,50401
2,4,9,SLH-DSA-SHAKE-128f_signed-by_SLH-DSA-SHAKE-192s,SLH-DSA-SHAKE-128f_signed-by_SLH-DSA-SHAKE-192s,208.187,3912.04,326.013,1,83,1.23881,482.657,24,62246.6,62182.3,50404,50401
2,6,13,SLH-DSA-SHAKE-128f_signed-by_SLH-DSA-SHAKE-192s,SLH-DSA-SHAKE-128f_signed-by_SLH-DSA-SHAKE-192s,221.015,3685,280.307,1,0,0,392.25,9,62349.1,62191.4,50404,50401
2,5,8,SLH-DSA-SHAKE-128f_signed-by_SLH-DSA-SHAKE-192s,SLH-DSA-SHAKE-128f_signed-by_SLH-DSA-SHAKE-192s,233.791,3483.62,340.543,1,50,0.555556,489.2,16,62615.8,62190.8,50404,50401
2,8,14,SLH-DSA-SHAKE-128f_signed-by_SLH-DSA-SHAKE-192s,SLH-DSA-SHAKE-128f_signed-by_SLH-DSA-SHAKE-192s,210.376,3871.34,299.12,1,1,0.0151515,384.303,17,62268.5,62554.5,50404,50401
2,2,9,SLH-DSA-SHAKE-128f_signed-by_SLH-DSA-SHAKE-192s,SLH-DSA-SHAKE-128f_signed-by_SLH-DSA-SHAKE-192s,191.622,4250.23,349.437,0.169231,0,0,388.646,24,62129.9,62319,50404,50401
2,3,14,SLH-DSA-SHAKE-128f_signed-by_SLH-DSA-SHAKE-192s,SLH-DSA-SHAKE-128f_signed-by_SLH-DSA-SHAKE-192s,205.43,3964.55,320.965,0.15493,12,0.169014,364.197,24,62427.2,62563.9,50404,50401
2,1,14,SLH-DSA-SHAKE-128f_signed-by_SLH-DSA-SHAKE-192s,SLH-DSA-SHAKE-128f_signed-by_SLH-DSA-SHAKE-192s,204.148,3989.44,322.04,0.157143,11,0.157143,369.429,24,62460.1,62147.8,50404,50401
2,4,10,SLH-DSA-SHAKE-128f_signed-by_SLH-DSA-SHAKE-192s,SLH-DSA-SHAKE-128f_signed-by_SLH-DSA-SHAKE-192s,195.237,4171.53,317.316,0.171875,0,0,394.875,24,62397.4,62162.2,50404,50401
2,5,9,SLH-DSA-SHAKE-128f_signed-by_SLH-DSA-SHAKE-192s,SLH-DSA-SHAKE-128f_signed-by_SLH-DSA-SHAKE-192s,199.144,4089.69,311.09,0.171875,0,0,433.062,16,62309,62181.9,50404,50401
2,6,14,SLH-DSA-SHAKE-128f_signed-by_SLH-DSA-SHAKE-192s,SLH-DSA-SHAKE-128f_signed-by_SLH-DSA-SHAKE-192s,217.668,3741.65,285.13,0.553846,0,0,424.646,9,62503.8,62552.9,50404,50401
2,8,15,SLH-DSA-SHAKE-128f_signed-by_SLH-DSA-SHAKE-192s,SLH-DSA-SHAKE-128f_signed-by_SLH-DSA-SHAKE-192s,211.121,3857.68,294.655,0.553846,0,0,389.385,17,62235.6,62340.3,50404,50401
2,2,10,SLH-DSA-SHAKE-128f_signed-by_SLH-DSA-SHAKE-192s,SLH-DSA-SHAKE-128f_signed-by_SLH-DSA-SHAKE-192s,208.795,3900.67,602.007,1,0,0,491.258,24,62172.6,62205,50404,50401
2,1,15,SLH-DSA-SHAKE-128f_signed-by_SLH-DSA-SHAKE-192s,SLH-DSA-SHAKE-128f_signed-by_SLH-DSA-SHAKE-192s,213.571,3813.44,290.077,1,0,0,394.875,24,62463,62646.7,50404,50401
2,3,15,SLH-DSA-SHAKE-128f_signed-by_SLH-DSA-SHAKE-192s,SLH-DSA-SHAKE-128f_signed-by_SLH-DSA-SHAKE-192s,218.539,3726.74,346.958,1,39,0.464286,365.81,24,62353.4,62161.3,50404,50401
2,4,11,SLH-DSA-SHAKE-128f_signed-by_SLH-DSA-SHAKE-192s,SLH-DSA-SHAKE-128f_signed-by_SLH-DSA-SHAKE-192s,213.331,3817.73,332.553,1,62,0.861111,541.278,24,62328,62248.4,50404,50401
2,6,15,SLH-DSA-SHAKE-128f_signed-by_SLH-DSA-SHAKE-192s,SLH-DSA-SHAKE-128f_signed-by_SLH-DSA-SHAKE-192s,203.532,4001.53,381.345,1,110,1.34146,425.317,9,62471.8,62134.1,50404,50401
2,5,10,SLH-DSA-SHAKE-128f_signed-by_SLH-DSA-SHAKE-192s,SLH-DSA-SHAKE-128f_signed-by_SLH-DSA-SHAKE-192s,223.444,3644.93,345.356,1,41,0.465909,505.364,17,62351.1,62173.6,50404,50401
2,8,16,SLH-DSA-SHAKE-128f_signed-by_SLH-DSA-SHAKE-192s,SLH-DSA-SHAKE-128f_signed-by_SLH-DSA-SHAKE-192s,210.595,3867.32,314.309,1,12,0.166667,359.667,16,65415.7,62237.9,50404,50401
2,2,11,SLH-DSA-SHAKE-128f_signed-by_SLH-DSA-SHAKE-192s,SLH-DSA-SHAKE-128f_signed-by_SLH-DSA-SHAKE-192s,209.346,3890.38,298.376,0.424242,0,0,422.909,24,62872,62310.3,50404,50401
2,1,16,SLH-DSA-SHAKE-128f_signed-by_SLH-DSA-SHAKE-192s,SLH-DSA-SHAKE-128f_signed-by_SLH-DSA-SHAKE-192s,217.542,3743.82,329.573,0.383562,34,0.465753,382.986,24,62309.6,62229.4,50404,50401
2,3,16,SLH-DSA-SHAKE-128f_signed-by_SLH-DSA-SHAKE-192s,SLH-DSA-SHAKE-128f_signed-by_SLH-DSA-SHAKE-192s,218.139,3733.58,285.176,0.261538,0,0,389.385,24,62988.9,62283.7,50404,50401
2,4,12,SLH-DSA-SHAKE-128f_signed-by_SLH-DSA-SHAKE-192s,SLH-DSA-SHAKE-128f_signed-by_SLH-DSA-SHAKE-192s,212.527,3832.17,292.706,0.261538,0,0,389.385,24,62393.8,62261.7,50404,50401
2,6,16,SLH-DSA-SHAKE-128f_signed-by_SLH-DSA-SHAKE-192s,SLH-DSA-SHAKE-128f_signed-by_SLH-DSA-SHAKE-192s,216.41,3763.41,286.271,1,0,0,394.875,8,62174.8,62300.4,50404,50401
2,5,11,SLH-DSA-SHAKE-128f_signed-by_SLH-DSA-SHAKE-192s,SLH-DSA-SHAKE-128f_signed-by_SLH-DSA-SHAKE-192s,215.308,3782.67,318.725,1,24,0.352941,487.882,17,62275.3,62364.9,50404,50401
2,8,17,SLH-DSA-SHAKE-128f_signed-by_SLH-DSA-SHAKE-192s,SLH-DSA-SHAKE-128f_signed-by_SLH-DSA-SHAKE-192s,212.757,3828.01,291.185,1,0,0,394.875,16,62438.6,62596.2,50404,50401
2,2,12,SLH-DSA-SHAKE-128f_signed-by_SLH-DSA-SHAKE-192s,SLH-DSA-SHAKE-128f_signed-by_SLH-DSA-SHAKE-192s,187.309,4348.1,332.114,1,0,0,428.831,24,62351.4,62181.3,50404,50401
2,1,17,SLH-DSA-SHAKE-128f_signed-by_SLH-DSA-SHAKE-192s,SLH-DSA-SHAKE-128f_signed-by_SLH-DSA-SHAKE-192s,199.452,4083.38,336.682,1,51,0.772727,415.818,24,62590.5,62849.9,50404,50401
2,3,17,SLH-DSA-SHAKE-128f_signed-by_SLH-DSA-SHAKE-192s,SLH-DSA-SHAKE-128f_signed-by_SLH-DSA-SHAKE-192s,204.402,3984.49,332.598,1,83,1.22059,476.059,24,62504.9,62279.9,50404,50401
2,4,13,SLH-DSA-SHAKE-128f_signed-by_SLH-DSA-SHAKE-192s,SLH-DSA-SHAKE-128f_signed-by_SLH-DSA-SHAKE-192s,211.069,3858.63,311.48,1,11,0.157143,369.429,24,62345.7,62387.2,50404,50401
2,6,17,SLH-DSA-SHAKE-128f_signed-by_SLH-DSA-SHAKE-192s,SLH-DSA-SHAKE-128f_signed-by_SLH-DSA-SHAKE-192s,204.776,3977.21,333.007,1,22,0.323529,422.471,9,62187,62234.6,50404,50401
2,5,12,SLH-DSA-SHAKE-128f_signed-by_SLH-DSA-SHAKE-192s,SLH-DSA-SHAKE-128f_signed-by_SLH-DSA-SHAKE-192s,209.812,3881.75,365.736,1,42,0.488372,394.419,17,62418.5,62487.5,50404,50401
2,8,18,SLH-DSA-SHAKE-128f_signed-by_SLH-DSA-SHAKE-192s,SLH-DSA-SHAKE-128f_signed-by_SLH-DSA-SHAKE-192s,214.427,3798.2,373.459,1,70,0.853659,487.22,16,62531.2,62378.7,50404,50401
2,2,13,SLH-DSA-SHAKE-128f_signed-by_SLH-DSA-SHAKE-192s,SLH-DSA-SHAKE-128f_signed-by_SLH-DSA-SHAKE-192s,197.894,4115.52,344.425,1,23,0.338235,494.529,24,62454.1,62176.9,50404,50401
2,1,18,SLH-DSA-SHAKE-128f_signed-by_SLH-DSA-SHAKE-192s,SLH-DSA-SHAKE-128f_signed-by_SLH-DSA-SHAKE-192s,197.371,4126.43,313.885,0.703125,0,0,436.438,24,62900.3,62139.1,50404,50401
2,3,18,SLH-DSA-SHAKE-128f_signed-by_SLH-DSA-SHAKE-192s,SLH-DSA-SHAKE-128f_signed-by_SLH-DSA-SHAKE-192s,197.685,4119.87,314.681,0.692308,0,0,389.385,24,62218.2,62519.2,50404,50401
2,4,14,SLH-DSA-SHAKE-128f_signed-by_SLH-DSA-SHAKE-192s,SLH-DSA-SHAKE-128f_signed-by_SLH-DSA-SHAKE-192s,200.342,4065.23,354.353,0.661765,45,0.661765,463.353,24,62573.7,62379.4,50404,50401
2,6,18,SLH-DSA-SHAKE-128f_signed-by_SLH-DSA-SHAKE-192s,SLH-DSA-SHAKE-128f_signed-by_SLH-DSA-SHAKE-192s,195.026,4176.05,317.659,0.34375,0,0,394.875,9,62743.2,63398.5,50404,50401
2,5,13,SLH-DSA-SHAKE-128f_signed-by_SLH-DSA-SHAKE-192s,SLH-DSA-SHAKE-128f_signed-by_SLH-DSA-SHAKE-192s,194.214,4193.51,365.534,0.323529,45,0.661765,664.588,16,62301.7,62374.4,50404,50401
2,8,19,SLH-DSA-SHAKE-128f_signed-by_SLH-DSA-SHAKE-192s,SLH-DSA-SHAKE-128f_signed-by_SLH-DSA-SHAKE-192s,199.285,4086.8,310.87,0,0,0,394.875,17,62663.3,62204.7,50404,50401
2,2,14,SLH-DSA-SHAKE-128f_signed-by_SLH-DSA-SHAKE-192s,SLH-DSA-SHAKE-128f_signed-by_SLH-DSA-SHAKE-192s,192.487,4231.14,321.85,0,0,0,464.812,24,62395.8,62167.4,50404,50401
2,1,19,SLH-DSA-SHAKE-128f_signed-by_SLH-DSA-SHAKE-192s,SLH-DSA-SHAKE-128f_signed-by_SLH-DSA-SHAKE-192s,193.769,4203.14,321.041,0.523077,0,0,352.092,24,62340.2,62714.5,50404,50401
2,3,19,SLH-DSA-SHAKE-128f_signed-by_SLH-DSA-SHAKE-192s,SLH-DSA-SHAKE-128f_signed-by_SLH-DSA-SHAKE-192s,196.16,4151.9,315.823,0.53125,0,0,413.312,24,62263.1,62311.1,50404,50401
2,4,15,SLH-DSA-SHAKE-128f_signed-by_SLH-DSA-SHAKE-192s,SLH-DSA-SHAKE-128f_signed-by_SLH-DSA-SHAKE-192s,193.817,4202.09,319.641,0.53125,0,0,395.062,24,62538,62285.2,50404,50401
2,6,19,SLH-DSA-SHAKE-128f_signed-by_SLH-DSA-SHAKE-192s,SLH-DSA-SHAKE-128f_signed-by_SLH-DSA-SHAKE-192s,195.382,4168.43,317.08,0.75,0,0,394.875,9,62382.7,62495.6,50404,50401
2,5,14,SLH-DSA-SHAKE-128f_signed-by_SLH-DSA-SHAKE-192s,SLH-DSA-SHAKE-128f_signed-by_SLH-DSA-SHAKE-192s,196.524,4144.21,360.178,0.623377,25,0.324675,478.052,16,62393.3,62643.4,50404,50401
2,8,20,SLH-DSA-SHAKE-128f_signed-by_SLH-DSA-SHAKE-192s,SLH-DSA-SHAKE-128f_signed-by_SLH-DSA-SHAKE-192s,200.401,4064.05,311.695,0.727273,0,0,384.061,17,62147.2,62328.9,50404,50401
2,2,15,SLH-DSA-SHAKE-128f_signed-by_SLH-DSA-SHAKE-192s,SLH-DSA-SHAKE-128f_signed-by_SLH-DSA-SHAKE-192s,193.977,4198.64,380.746,1,46,0.657143,452.8,24,63139.2,62347.4,50404,50401
2,1,20,SLH-DSA-SHAKE-128f_signed-by_SLH-DSA-SHAKE-192s,SLH-DSA-SHAKE-128f_signed-by_SLH-DSA-SHAKE-192s,197.604,4121.58,313.516,0.71875,0,0,394.875,24,62366,62234.3,50404,50401
2,3,20,SLH-DSA-SHAKE-128f_signed-by_SLH-DSA-SHAKE-192s,SLH-DSA-SHAKE-128f_signed-by_SLH-DSA-SHAKE-192s,202.519,4021.55,316.573,0.686567,3,0.0447761,379.731,24,62332.5,62308.7,50404,50401
2,4,16,SLH-DSA-SHAKE-128f_signed-by_SLH-DSA-SHAKE-192s,SLH-DSA-SHAKE-128f_signed-by_SLH-DSA-SHAKE-192s,196.608,4142.44,437.172,0.484211,75,0.789474,334.421,24,62921.5,62067.9,50404,50401
2,6,20,SLH-DSA-SHAKE-128f_signed-by_SLH-DSA-SHAKE-192s,SLH-DSA-SHAKE-128f_signed-by_SLH-DSA-SHAKE-192s,198.341,4106.24,320.174,0.895522,2,0.0298507,419.194,9,62698.5,63059,50404,50401
2,5,15,SLH-DSA-SHAKE-128f_signed-by_SLH-DSA-SHAKE-192s,SLH-DSA-SHAKE-128f_signed-by_SLH-DSA-SHAKE-192s,200.956,4052.82,327.156,1,11,0.157143,413.886,15,62283.3,62172.7,50404,50401
2,8,21,SLH-DSA-SHAKE-128f_signed-by_SLH-DSA-SHAKE-192s,SLH-DSA-SHAKE-128f_signed-by_SLH-DSA-SHAKE-192s,197.409,4125.63,313.824,1,0,0,394.875,18,62340,62153.7,50404,50401
2,2,16,SLH-DSA-SHAKE-128f_signed-by_SLH-DSA-SHAKE-192s,SLH-DSA-SHAKE-128f_signed-by_SLH-DSA-SHAKE-192s,190.642,4272.08,328.741,1,1,0.0153846,427.292,24,62429.9,62246.8,50404,50401
2,1,21,SLH-DSA-SHAKE-128f_signed-by_SLH-DSA-SHAKE-192s,SLH-DSA-SHAKE-128f_signed-by_SLH-DSA-SHAKE-192s,195.476,4166.43,316.928,1,0,0,394.875,24,62288.7,62329.8,50404,50401
2,3,21,SLH-DSA-SHAKE-128f_signed-by_SLH-DSA-SHAKE-192s,SLH-DSA-SHAKE-128f_signed-by_SLH-DSA-SHAKE-192s,194.075,4196.5,320.535,1,0,0,389.385,24,62378,62163.1,50404,50401
2,4,17,SLH-DSA-SHAKE-128f_signed-by_SLH-DSA-SHAKE-192s,SLH-DSA-SHAKE-128f_signed-by_SLH-DSA-SHAKE-192s,197.239,4129.19,314.419,1,99,1.52308,524.769,24,62235.4,62145.9,50404,50401
2,6,21,SLH-DSA-SHAKE-128f_signed-by_SLH-DSA-SHAKE-192s,SLH-DSA-SHAKE-128f_signed-by_SLH-DSA-SHAKE-192s,194.812,4180.63,368.354,1,26,0.329114,364.38,9,62220.9,62215.9,50404,50401
2,5,16,SLH-DSA-SHAKE-128f_signed-by_SLH-DSA-SHAKE-192s,SLH-DSA-SHAKE-128f_signed-by_SLH-DSA-SHAKE-192s,203.786,3996.53,375.608,0.823529,41,0.482353,521.906,15,62372.6,62601.8,50404,50401
2,8,22,SLH-DSA-SHAKE-128f_signed-by_SLH-DSA-SHAKE-192s,SLH-DSA-SHAKE-128f_signed-by_SLH-DSA-SHAKE-192s,199.201,4088.52,348.109,0.92,21,0.28,362.8,18,62329.8,62445.1,50404,50401
2,2,17,SLH-DSA-SHAKE-128f_signed-by_SLH-DSA-SHAKE-192s,SLH-DSA-SHAKE-128f_signed-by_SLH-DSA-SHAKE-192s,196.869,4136.95,319.643,1,1,0.0151515,421.394,24,62293.9,62576.5,50404,50401
2,1,22,SLH-DSA-SHAKE-128f_signed-by_SLH-DSA-SHAKE-192s,SLH-DSA-SHAKE-128f_signed-by_SLH-DSA-SHAKE-192s,190.032,4285.79,327.355,1,0,0,389.385,24,62324.5,62176.5,50404,50401
2,4,18,SLH-DSA-SHAKE-128f_signed-by_SLH-DSA-SHAKE-192s,SLH-DSA-SHAKE-128f_signed-by_SLH-DSA-SHAKE-192s,196.366,4147.54,348.246,1,52,0.753623,399.623,24,62530.4,62326.6,50404,50401
2,3,22,SLH-DSA-SHAKE-128f_signed-by_SLH-DSA-SHAKE-192s,SLH-DSA-SHAKE-128f_signed-by_SLH-DSA-SHAKE-192s,209.447,3888.52,367.826,0.977273,43,0.488636,320.591,24,62663,62577.6,50404,50401
2,6,22,SLH-DSA-SHAKE-128f_signed-by_SLH-DSA-SHAKE-192s,SLH-DSA-SHAKE-128f_signed-by_SLH-DSA-SHAKE-192s,204.021,3991.94,323.496,1,11,0.15493,367.014,10,62397.3,62256.3,50404,50401
2,5,17,SLH-DSA-SHAKE-128f_signed-by_SLH-DSA-SHAKE-192s,SLH-DSA-SHAKE-128f_signed-by_SLH-DSA-SHAKE-192s,194.791,4181.08,321.985,1,0,0,376.209,15,62378.6,62546.6,50404,50401
2,8,23,SLH-DSA-SHAKE-128f_signed-by_SLH-DSA-SHAKE-192s,SLH-DSA-SHAKE-128f_signed-by_SLH-DSA-SHAKE-192s,196.572,4143.2,351.707,1,24,0.342857,418,18,62370,62457.9,50404,50401
2,1,23,SLH-DSA-SHAKE-128f_signed-by_SLH-DSA-SHAKE-192s,SLH-DSA-SHAKE-128f_signed-by_SLH-DSA-SHAKE-192s,201.031,4051.31,308.171,1,0,0,422.375,24,62352.5,62388.1,50404,50401
2,4,19,SLH-DSA-SHAKE-128f_signed-by_SLH-DSA-SHAKE-192s,SLH-DSA-SHAKE-128f_signed-by_SLH-DSA-SHAKE-192s,190.68,4271.22,372.56,1,25,0.320513,356.051,24,62623.7,62757.9,50404,50401
2,3,23,SLH-DSA-SHAKE-128f_signed-by_SLH-DSA-SHAKE-192s,SLH-DSA-SHAKE-128f_signed-by_SLH-DSA-SHAKE-192s,195.624,4163.29,387.437,1,123,1.73239,472.873,24,62443.7,62429.9,50404,50401
2,6,23,SLH-DSA-SHAKE-128f_signed-by_SLH-DSA-SHAKE-192s,SLH-DSA-SHAKE-128f_signed-by_SLH-DSA-SHAKE-192s,193.888,4200.57,319.525,0.984375,0,0,394.875,10,62356.2,62403.7,50404,50401
2,5,18,SLH-DSA-SHAKE-128f_signed-by_SLH-DSA-SHAKE-192s,SLH-DSA-SHAKE-128f_signed-by_SLH-DSA-SHAKE-192s,193.286,4213.63,350.319,0.575758,23,0.348485,450.545,14,62549,62251,50404,50401
2,8,24,SLH-DSA-SHAKE-128f_signed-by_SLH-DSA-SHAKE-192s,SLH-DSA-SHAKE-128f_signed-by_SLH-DSA-SHAKE-192s,195.888,4157.66,316.261,0.1875,0,0,394.875,19,62281.9,62264.3,50404,50401
2,1,24,SLH-DSA-SHAKE-128f_signed-by_SLH-DSA-SHAKE-192s,SLH-DSA-SHAKE-128f_signed-by_SLH-DSA-SHAKE-192s,190.262,4280.61,326.959,0.169231,0,0,352.092,24,62629.5,62636.8,50404,50401
2,4,20,SLH-DSA-SHAKE-128f_signed-by_SLH-DSA-SHAKE-192s,SLH-DSA-SHAKE-128f_signed-by_SLH-DSA-SHAKE-192s,190.507,4275.1,326.538,0.169231,0,0,352.092,24,62286.9,62286.7,50404,50401
2,3,24,SLH-DSA-SHAKE-128f_signed-by_SLH-DSA-SHAKE-192s,SLH-DSA-SHAKE-128f_signed-by_SLH-DSA-SHAKE-192s,188.765,4314.56,372.526,0.142857,23,0.298701,324.857,24,63054.5,62310.3,50404,50401
2,6,24,SLH-DSA-SHAKE-128f_signed-by_SLH-DSA-SHAKE-192s,SLH-DSA-SHAKE-128f_signed-by_SLH-DSA-SHAKE-192s,189.75,4292.16,326.492,0.171875,0,0,394.875,10,62312.4,62561.4,50404,50401
2,5,19,SLH-DSA-SHAKE-128f_signed-by_SLH-DSA-SHAKE-192s,SLH-DSA-SHAKE-128f_signed-by_SLH-DSA-SHAKE-192s,190.649,4271.92,326.295,0.2,0,0,386.615,14,62442.7,62230.1,50404,50401
2,8,25,SLH-DSA-SHAKE-128f_signed-by_SLH-DSA-SHAKE-192s,SLH-DSA-SHAKE-128f_signed-by_SLH-DSA-SHAKE-192s,190.485,4275.6,325.232,0.203125,0,0,394.875,19,62300.8,62229.6,50404,50401
2,1,25,SLH-DSA-SHAKE-128f_signed-by_SLH-DSA-SHAKE-192s,SLH-DSA-SHAKE-128f_signed-by_SLH-DSA-SHAKE-192s,192.344,4234.27,372.332,1,28,0.345679,341.901,24,62670.8,62393.9,50404,50401
2,3,25,SLH-DSA-SHAKE-128f_signed-by_SLH-DSA-SHAKE-192s,SLH-DSA-SHAKE-128f_signed-by_SLH-DSA-SHAKE-192s,192.135,4238.88,329.934,1,2,0.030303,440.485,24,62451.4,62209.9,50404,50401
2,4,21,SLH-DSA-SHAKE-128f_signed-by_SLH-DSA-SHAKE-192s,SLH-DSA-SHAKE-128f_signed-by_SLH-DSA-SHAKE-192s,208.674,3902.93,366.811,1,41,0.482353,369.765,24,62428.7,62204.4,50404,50401
2,6,25,SLH-DSA-SHAKE-128f_signed-by_SLH-DSA-SHAKE-192s,SLH-DSA-SHAKE-128f_signed-by_SLH-DSA-SHAKE-192s,196.595,4142.71,317.728,1,0,0,390.606,10,62341.3,62220,50404,50401
2,5,20,SLH-DSA-SHAKE-128f_signed-by_SLH-DSA-SHAKE-192s,SLH-DSA-SHAKE-128f_signed-by_SLH-DSA-SHAKE-192s,194.999,4176.62,319.016,1,0,0,386.615,14,62852.9,62394.5,50404,50401
2,8,26,SLH-DSA-SHAKE-128f_signed-by_SLH-DSA-SHAKE-192s,SLH-DSA-SHAKE-128f_signed-by_SLH-DSA-SHAKE-192s,189.506,4297.68,386.604,1,135,1.92857,498.514,20,62734.1,62318.2,50404,50401
2,1,26,SLH-DSA-SHAKE-128f_signed-by_SLH-DSA-SHAKE-192s,SLH-DSA-SHAKE-128f_signed-by_SLH-DSA-SHAKE-192s,202.203,4027.81,306.384,0.015625,0,0,394.875,24,62397.6,62345.1,50404,50401
2,3,26,SLH-DSA-SHAKE-128f_signed-by_SLH-DSA-SHAKE-192s,SLH-DSA-SHAKE-128f_signed-by_SLH-DSA-SHAKE-192s,188.606,4318.19,329.829,0.0153846,0,0,352.092,24,62609.4,62287.3,50404,50401
2,4,22,SLH-DSA-SHAKE-128f_signed-by_SLH-DSA-SHAKE-192s,SLH-DSA-SHAKE-128f_signed-by_SLH-DSA-SHAKE-192s,191.215,4259.27,353.946,0.0151515,1,0.0151515,390,24,62624,62180.4,50404,50401
2,6,26,SLH-DSA-SHAKE-128f_signed-by_SLH-DSA-SHAKE-192s,SLH-DSA-SHAKE-128f_signed-by_SLH-DSA-SHAKE-192s,193.813,4202.18,319.647,0.015625,0,0,394.875,11,62731.6,62468.2,50404,50401
2,5,21,SLH-DSA-SHAKE-128f_signed-by_SLH-DSA-SHAKE-192s,SLH-DSA-SHAKE-128f_signed-by_SLH-DSA-SHAKE-192s,193.843,4201.53,319.598,0.015625,0,0,433.062,14,62738.3,62212.3,50404,50401
2,8,27,SLH-DSA-SHAKE-128f_signed-by_SLH-DSA-SHAKE-192s,SLH-DSA-SHAKE-128f_signed-by_SLH-DSA-SHAKE-192s,194.311,4191.41,318.828,0,0,0,394.875,20,62290.6,63830.2,50404,50401
2,1,27,SLH-DSA-SHAKE-128f_signed-by_SLH-DSA-SHAKE-192s,SLH-DSA-SHAKE-128f_signed-by_SLH-DSA-SHAKE-192s,208.326,3909.45,297.38,0.734375,0,0,394.875,24,62426.3,62403.1,50404,50401
2,3,27,SLH-DSA-SHAKE-128f_signed-by_SLH-DSA-SHAKE-192s,SLH-DSA-SHAKE-128f_signed-by_SLH-DSA-SHAKE-192s,205.173,3969.51,301.949,0.734375,0,0,394.875,24,62931.3,62265.6,50404,50401
2,4,23,SLH-DSA-SHAKE-128f_signed-by_SLH-DSA-SHAKE-192s,SLH-DSA-SHAKE-128f_signed-by_SLH-DSA-SHAKE-192s,205.15,3969.96,459.291,0.602564,0,0,395.897,24,62370.2,62206,50404,50401
2,6,27,SLH-DSA-SHAKE-128f_signed-by_SLH-DSA-SHAKE-192s,SLH-DSA-SHAKE-128f_signed-by_SLH-DSA-SHAKE-192s,203.404,4004.03,304.575,0.734375,0,0,394.875,11,62699.8,62393.1,50404,50401
2,5,22,SLH-DSA-SHAKE-128f_signed-by_SLH-DSA-SHAKE-192s,SLH-DSA-SHAKE-128f_signed-by_SLH-DSA-SHAKE-192s,201.338,4045.14,311.278,0.723077,1,0.0153846,427.292,13,62585.5,62582.8,50404,50401
2,8,28,SLH-DSA-SHAKE-128f_signed-by_SLH-DSA-SHAKE-192s,SLH-DSA-SHAKE-128f_signed-by_SLH-DSA-SHAKE-192s,198.291,4107.3,384.243,1,96,1.37143,484.857,20,62464.6,62150.3,50404,50401
2,1,28,SLH-DSA-SHAKE-128f_signed-by_SLH-DSA-SHAKE-192s,SLH-DSA-SHAKE-128f_signed-by_SLH-DSA-SHAKE-192s,216.846,3755.83,319.783,1,21,0.28,358.427,24,62337.1,62888.9,50404,50401
2,3,28,SLH-DSA-SHAKE-128f_signed-by_SLH-DSA-SHAKE-192s,SLH-DSA-SHAKE-128f_signed-by_SLH-DSA-SHAKE-192s,213.154,3820.88,316.54,1,0,0,377.642,24,62174.5,62141.4,50404,50401
2,4,24,SLH-DSA-SHAKE-128f_signed-by_SLH-DSA-SHAKE-192s,SLH-DSA-SHAKE-128f_signed-by_SLH-DSA-SHAKE-192s,208.977,3897.26,296.453,1,0,0,394.875,24,62449.9,62288.1,50404,50401
2,6,28,SLH-DSA-SHAKE-128f_signed-by_SLH-DSA-SHAKE-192s,SLH-DSA-SHAKE-128f_signed-by_SLH-DSA-SHAKE-192s,211.039,3859.18,321.608,1,83,1.23881,495.672,12,62290.1,62744.9,50404,50401
2,5,23,SLH-DSA-SHAKE-128f_signed-by_SLH-DSA-SHAKE-192s,SLH-DSA-SHAKE-128f_signed-by_SLH-DSA-SHAKE-192s,216.262,3765.97,341.51,1,84,1.2,581.6,13,62583.2,62722.9,50404,50401
2,8,29,SLH-DSA-SHAKE-128f_signed-by_SLH-DSA-SHAKE-192s,SLH-DSA-SHAKE-128f_signed-by_SLH-DSA-SHAKE-192s,211.275,3854.87,294.44,1,0,0,390,20,62633.7,62590.2,50404,50401
2,3,29,SLH-DSA-SHAKE-128f_signed-by_SLH-DSA-SHAKE-192s,SLH-DSA-SHAKE-128f_signed-by_SLH-DSA-SHAKE-192s,210.424,3870.47,604.341,1,200,1.66667,480.633,24,62212.2,62251,50404,50401
2,6,29,SLH-DSA-SHAKE-128f_signed-by_SLH-DSA-SHAKE-192s,SLH-DSA-SHAKE-128f_signed-by_SLH-DSA-SHAKE-192s,206.48,3944.4,346.609,1,13,0.166667,357.487,12,62598,62527.5,50404,50401
2,5,24,SLH-DSA-SHAKE-128f_signed-by_SLH-DSA-SHAKE-192s,SLH-DSA-SHAKE-128f_signed-by_SLH-DSA-SHAKE-192s,202.343,4025.04,307.438,1,0,0,426.985,13,62372.6,62286.4,50404,50401
2,8,30,SLH-DSA-SHAKE-128f_signed-by_SLH-DSA-SHAKE-192s,SLH-DSA-SHAKE-128f_signed-by_SLH-DSA-SHAKE-192s,214.764,3792.24,389.039,1,181,2.41333,531.28,20,62272.6,62528.8,50404,50401
2,3,30,SLH-DSA-SHAKE-128f_signed-by_SLH-DSA-SHAKE-192s,SLH-DSA-SHAKE-128f_signed-by_SLH-DSA-SHAKE-192s,186.971,4355.96,332.714,0.184615,0,0,352.154,24,62731.8,62197,50404,50401
2,6,30,SLH-DSA-SHAKE-128f_signed-by_SLH-DSA-SHAKE-192s,SLH-DSA-SHAKE-128f_signed-by_SLH-DSA-SHAKE-192s,186.8,4359.93,336.872,0.181818,1,0.0151515,347.576,12,62766.3,62154.8,50404,50401
2,5,25,SLH-DSA-SHAKE-128f_signed-by_SLH-DSA-SHAKE-192s,SLH-DSA-SHAKE-128f_signed-by_SLH-DSA-SHAKE-192s,189.575,4296.14,358.191,0.179104,23,0.343284,454.896,13,62319,62148.6,50404,50401
2,8,31,SLH-DSA-SHAKE-128f_signed-by_SLH-DSA-SHAKE-192s,SLH-DSA-SHAKE-128f_signed-by_SLH-DSA-SHAKE-192s,187.307,4348.15,332.117,0,0,0,352.092,20,62601.9,62399.1,50404,50401
2,3,31,SLH-DSA-SHAKE-128f_signed-by_SLH-DSA-SHAKE-192s,SLH-DSA-SHAKE-128f_signed-by_SLH-DSA-SHAKE-192s,187.268,4349.04,332.186,0,0,0,352.092,24,62355.6,62434.3,50404,50401
2,6,31,SLH-DSA-SHAKE-128f_signed-by_SLH-DSA-SHAKE-192s,SLH-DSA-SHAKE-128f_signed-by_SLH-DSA-SHAKE-192s,187,4355.28,332.662,0,0,0,352.831,13,62702,62228.4,50404,50401
2,5,26,SLH-DSA-SHAKE-128f_signed-by_SLH-DSA-SHAKE-192s,SLH-DSA-SHAKE-128f_signed-by_SLH-DSA-SHAKE-192s,187.855,4335.45,331.148,0,0,0,386.615,13,62399.7,62738.6,50404,50401
2,8,32,SLH-DSA-SHAKE-128f_signed-by_SLH-DSA-SHAKE-192s,SLH-DSA-SHAKE-128f_signed-by_SLH-DSA-SHAKE-192s,187.474,4344.26,330.455,0,0,0,394.875,20,62369,62179.3,50404,50401
2,3,32,SLH-DSA-SHAKE-128f_signed-by_SLH-DSA-SHAKE-192s,SLH-DSA-SHAKE-128f_signed-by_SLH-DSA-SHAKE-192s,187.81,4336.5,331.228,0,0,0,352.092,24,62499.1,62125.3,50404,50401
2,6,32,SLH-DSA-SHAKE-128f_signed-by_SLH-DSA-SHAKE-192s,SLH-DSA-SHAKE-128f_signed-by_SLH-DSA-SHAKE-192s,187.47,4344.37,331.828,0,0,0,350.246,13,62431.4,62168.8,50404,50401
2,5,27,SLH-DSA-SHAKE-128f_signed-by_SLH-DSA-SHAKE-192s,SLH-DSA-SHAKE-128f_signed-by_SLH-DSA-SHAKE-192s,187.315,4347.96,332.103,0,0,0,386.615,12,62286.8,62209.7,50404,50401
2,8,33,SLH-DSA-SHAKE-128f_signed-by_SLH-DSA-SHAKE-192s,SLH-DSA-SHAKE-128f_signed-by_SLH-DSA-SHAKE-192s,187.537,4342.81,331.71,0,0,0,352.092,20,62458.5,62126.2,50404,50401
2,3,33,SLH-DSA-SHAKE-128f_signed-by_SLH-DSA-SHAKE-192s,SLH-DSA-SHAKE-128f_signed-by_SLH-DSA-SHAKE-192s,189.434,4299.31,371.209,0.142857,23,0.298701,324.857,24,62329.2,62216.1,50404,50401
2,6,33,SLH-DSA-SHAKE-128f_signed-by_SLH-DSA-SHAKE-192s,SLH-DSA-SHAKE-128f_signed-by_SLH-DSA-SHAKE-192s,188.274,4325.82,329.052,0.171875,0,0,394.875,13,62412.4,62369.8,50404,50401
2,5,28,SLH-DSA-SHAKE-128f_signed-by_SLH-DSA-SHAKE-192s,SLH-DSA-SHAKE-128f_signed-by_SLH-DSA-SHAKE-192s,187.97,4332.82,330.946,0.184615,0,0,387.231,12,62276.5,62667.2,50404,50401
2,8,34,SLH-DSA-SHAKE-128f_signed-by_SLH-DSA-SHAKE-192s,SLH-DSA-SHAKE-128f_signed-by_SLH-DSA-SHAKE-192s,188.419,4322.49,330.158,0.184615,0,0,550.431,20,62272.4,62133.4,50404,50401
2,3,34,SLH-DSA-SHAKE-128f_signed-by_SLH-DSA-SHAKE-192s,SLH-DSA-SHAKE-128f_signed-by_SLH-DSA-SHAKE-192s,187.118,4352.53,336.3,0.0151515,1,0.0151515,347.576,24,62559.4,62169,50404,50401
2,6,34,SLH-DSA-SHAKE-128f_signed-by_SLH-DSA-SHAKE-192s,SLH-DSA-SHAKE-128f_signed-by_SLH-DSA-SHAKE-192s,189.581,4295.98,329.483,0.0151515,0,0,347.333,14,62326,62087.1,50404,50401
2,5,29,SLH-DSA-SHAKE-128f_signed-by_SLH-DSA-SHAKE-192s,SLH-DSA-SHAKE-128f_signed-by_SLH-DSA-SHAKE-192s,187.998,4332.16,330.896,0.169231,0,0,386.615,12,62392.2,62279.2,50404,50401
2,8,35,SLH-DSA-SHAKE-128f_signed-by_SLH-DSA-SHAKE-192s,SLH-DSA-SHAKE-128f_signed-by_SLH-DSA-SHAKE-192s,188.34,4324.28,330.295,0.169231,0,0,352.092,21,62415,62142.9,50404,50401
2,3,35,SLH-DSA-SHAKE-128f_signed-by_SLH-DSA-SHAKE-192s,SLH-DSA-SHAKE-128f_signed-by_SLH-DSA-SHAKE-192s,187.969,4332.84,358.952,0.164179,0,0,405.463,24,62380.3,62252.8,50404,50401
2,6,35,SLH-DSA-SHAKE-128f_signed-by_SLH-DSA-SHAKE-192s,SLH-DSA-SHAKE-128f_signed-by_SLH-DSA-SHAKE-192s,192.092,4239.84,354.83,0.161765,23,0.338235,367.412,14,62785,63481.9,50404,50401
2,5,30,SLH-DSA-SHAKE-128f_signed-by_SLH-DSA-SHAKE-192s,SLH-DSA-SHAKE-128f_signed-by_SLH-DSA-SHAKE-192s,191.249,4258.53,323.934,0,0,0,433.062,12,62294,62720.6,50404,50401
2,8,36,SLH-DSA-SHAKE-128f_signed-by_SLH-DSA-SHAKE-192s,SLH-DSA-SHAKE-128f_signed-by_SLH-DSA-SHAKE-192s,188.178,4328.01,330.579,0,0,0,352.092,21,62418.3,62195.9,50404,50401
2,1,29,SLH-DSA-SHAKE-128f_signed-by_SLH-DSA-SHAKE-192s,SLH-DSA-SHAKE-128f_signed-by_SLH-DSA-SHAKE-192s,1389.87,585.984,54.5434,1,18,0.202247,276.292,24,62839.9,62226.9,50404,50401
2,4,25,SLH-DSA-SHAKE-128f_signed-by_SLH-DSA-SHAKE-192s,SLH-DSA-SHAKE-128f_signed-by_SLH-DSA-SHAKE-192s,1406.21,579.173,49.3581,1,11,0.129412,240.729,24,62630.1,62247.8,50404,50401
2,3,36,SLH-DSA-SHAKE-128f_signed-by_SLH-DSA-SHAKE-192s,SLH-DSA-SHAKE-128f_signed-by_SLH-DSA-SHAKE-192s,187.446,4344.93,331.872,1,0,0,352.092,24,62834.9,62637.8,50404,50401
2,6,36,SLH-DSA-SHAKE-128f_signed-by_SLH-DSA-SHAKE-192s,SLH-DSA-SHAKE-128f_signed-by_SLH-DSA-SHAKE-192s,198.879,4095.15,386.164,1,41,0.476744,387.907,15,62404.2,62357.9,50404,50401
2,5,31,SLH-DSA-SHAKE-128f_signed-by_SLH-DSA-SHAKE-192s,SLH-DSA-SHAKE-128f_signed-by_SLH-DSA-SHAKE-192s,197.506,4123.61,365.679,1,27,0.341772,386.506,12,62299.2,62496,50404,50401
2,8,37,SLH-DSA-SHAKE-128f_signed-by_SLH-DSA-SHAKE-192s,SLH-DSA-SHAKE-128f_signed-by_SLH-DSA-SHAKE-192s,204.943,3973.97,304.786,1,0,0,384.061,22,62473.4,62236.8,50404,50401
2,1,30,SLH-DSA-SHAKE-128f_signed-by_SLH-DSA-SHAKE-192s,SLH-DSA-SHAKE-128f_signed-by_SLH-DSA-SHAKE-192s,198.855,4095.64,311.543,1,0,0,394.875,24,62400.9,62322.6,50404,50401
2,4,26,SLH-DSA-SHAKE-128f_signed-by_SLH-DSA-SHAKE-192s,SLH-DSA-SHAKE-128f_signed-by_SLH-DSA-SHAKE-192s,187.805,4336.6,332.939,1,126,1.8806,421.522,24,62890.4,62223.1,50404,50401
2,3,37,SLH-DSA-SHAKE-128f_signed-by_SLH-DSA-SHAKE-192s,SLH-DSA-SHAKE-128f_signed-by_SLH-DSA-SHAKE-192s,212.713,3828.81,361.651,1,43,0.494253,356.621,24,63051.4,62581.4,50404,50401
2,6,37,SLH-DSA-SHAKE-128f_signed-by_SLH-DSA-SHAKE-192s,SLH-DSA-SHAKE-128f_signed-by_SLH-DSA-SHAKE-192s,199.464,4083.14,436.208,1,71,0.70297,318.634,15,62270.5,62250.6,50404,50401
2,5,32,SLH-DSA-SHAKE-128f_signed-by_SLH-DSA-SHAKE-192s,SLH-DSA-SHAKE-128f_signed-by_SLH-DSA-SHAKE-192s,202.556,4020.8,379.153,1,41,0.476744,401.767,12,62355.6,62729.9,50404,50401
2,8,38,SLH-DSA-SHAKE-128f_signed-by_SLH-DSA-SHAKE-192s,SLH-DSA-SHAKE-128f_signed-by_SLH-DSA-SHAKE-192s,190.697,4270.86,326.214,1,0,0,389.385,22,62338.4,62499.5,50404,50401
2,1,31,SLH-DSA-SHAKE-128f_signed-by_SLH-DSA-SHAKE-192s,SLH-DSA-SHAKE-128f_signed-by_SLH-DSA-SHAKE-192s,195.531,4165.26,363.072,1,45,0.661765,463.353,24,62751.3,62369.5,50404,50401
2,4,27,SLH-DSA-SHAKE-128f_signed-by_SLH-DSA-SHAKE-192s,SLH-DSA-SHAKE-128f_signed-by_SLH-DSA-SHAKE-192s,194.793,4181.05,351.224,1,23,0.333333,359.507,24,62487.3,62239.1,50404,50401
2,2,18,SLH-DSA-SHAKE-128f_signed-by_SLH-DSA-SHAKE-192s,SLH-DSA-SHAKE-128f_signed-by_SLH-DSA-SHAKE-192s,3201.64,254.382,43.7876,1,86,0.716667,248,24,62768.8,62300.8,50404,50401
2,3,38,SLH-DSA-SHAKE-128f_signed-by_SLH-DSA-SHAKE-192s,SLH-DSA-SHAKE-128f_signed-by_SLH-DSA-SHAKE-192s,209.67,3884.39,295.474,1,0,0,392.25,24,62404.4,62196.7,50404,50401
2,6,38,SLH-DSA-SHAKE-128f_signed-by_SLH-DSA-SHAKE-192s,SLH-DSA-SHAKE-128f_signed-by_SLH-DSA-SHAKE-192s,205.73,3958.76,301.676,1,0,0,386.738,16,62722.8,62269.2,50404,50401
2,5,33,SLH-DSA-SHAKE-128f_signed-by_SLH-DSA-SHAKE-192s,SLH-DSA-SHAKE-128f_signed-by_SLH-DSA-SHAKE-192s,204.65,3979.66,346.971,0.972222,14,0.194444,387.333,11,62364.9,62594.3,50404,50401
2,8,39,SLH-DSA-SHAKE-128f_signed-by_SLH-DSA-SHAKE-192s,SLH-DSA-SHAKE-128f_signed-by_SLH-DSA-SHAKE-192s,204.158,3989.25,332.447,1,83,1.23881,482.657,22,62226.8,62241.9,50404,50401
2,1,32,SLH-DSA-SHAKE-128f_signed-by_SLH-DSA-SHAKE-192s,SLH-DSA-SHAKE-128f_signed-by_SLH-DSA-SHAKE-192s,207.48,3925.37,299.825,1,0,0,389.385,24,62784.6,62245.5,50404,50401
2,4,28,SLH-DSA-SHAKE-128f_signed-by_SLH-DSA-SHAKE-192s,SLH-DSA-SHAKE-128f_signed-by_SLH-DSA-SHAKE-192s,198.453,4103.93,312.173,0.09375,0,0,394.875,24,62443.8,62083.9,50404,50401
2,2,19,SLH-DSA-SHAKE-128f_signed-by_SLH-DSA-SHAKE-192s,SLH-DSA-SHAKE-128f_signed-by_SLH-DSA-SHAKE-192s,208.529,3905.64,348.805,1,0,0,365.826,24,62356.4,62358.7,50404,50401
2,3,39,SLH-DSA-SHAKE-128f_signed-by_SLH-DSA-SHAKE-192s,SLH-DSA-SHAKE-128f_signed-by_SLH-DSA-SHAKE-192s,221.143,3682.86,364.144,1,53,0.576087,318.783,24,62341.1,62619.3,50404,50401
2,6,39,SLH-DSA-SHAKE-128f_signed-by_SLH-DSA-SHAKE-192s,SLH-DSA-SHAKE-128f_signed-by_SLH-DSA-SHAKE-192s,212.721,3828.67,295.523,1,7,0.106061,381.758,16,62356.5,62257.7,50404,50401
2,5,34,SLH-DSA-SHAKE-128f_signed-by_SLH-DSA-SHAKE-192s,SLH-DSA-SHAKE-128f_signed-by_SLH-DSA-SHAKE-192s,218.725,3723.57,383.75,1,62,0.645833,345.917,11,62580.8,62340.2,50404,50401
2,1,33,SLH-DSA-SHAKE-128f_signed-by_SLH-DSA-SHAKE-192s,SLH-DSA-SHAKE-128f_signed-by_SLH-DSA-SHAKE-192s,209.845,3881.14,296.447,1,0,0,389.508,24,62587.9,62118.3,50404,50401
2,8,40,SLH-DSA-SHAKE-128f_signed-by_SLH-DSA-SHAKE-192s,SLH-DSA-SHAKE-128f_signed-by_SLH-DSA-SHAKE-192s,226.391,3597.48,323.616,1,81,1.15714,539.257,22,62234.1,62272.7,50404,50401
2,4,29,SLH-DSA-SHAKE-128f_signed-by_SLH-DSA-SHAKE-192s,SLH-DSA-SHAKE-128f_signed-by_SLH-DSA-SHAKE-192s,214.561,3795.84,331.392,1,45,0.652174,447.217,24,62418.2,62396.5,50404,50401
2,2,20,SLH-DSA-SHAKE-128f_signed-by_SLH-DSA-SHAKE-192s,SLH-DSA-SHAKE-128f_signed-by_SLH-DSA-SHAKE-192s,213.817,3809.04,289.742,1,0,0,433.062,24,62380.7,62272.6,50404,50401
2,3,40,SLH-DSA-SHAKE-128f_signed-by_SLH-DSA-SHAKE-192s,SLH-DSA-SHAKE-128f_signed-by_SLH-DSA-SHAKE-192s,211.968,3842.27,363.601,1,108,1.31707,517.024,24,62383.8,62597.9,50404,50401
2,6,40,SLH-DSA-SHAKE-128f_signed-by_SLH-DSA-SHAKE-192s,SLH-DSA-SHAKE-128f_signed-by_SLH-DSA-SHAKE-192s,215.156,3785.33,383.274,1,124,1.40909,484.182,16,62322.2,62787.7,50404,50401
2,5,35,SLH-DSA-SHAKE-128f_signed-by_SLH-DSA-SHAKE-192s,SLH-DSA-SHAKE-128f_signed-by_SLH-DSA-SHAKE-192s,211.965,3842.32,292.802,1,0,0,389.323,11,62324.2,62303.5,50404,50401
2,1,34,SLH-DSA-SHAKE-128f_signed-by_SLH-DSA-SHAKE-192s,SLH-DSA-SHAKE-128f_signed-by_SLH-DSA-SHAKE-192s,212.975,3824.1,341.447,0.855263,36,0.473684,369,24,62686.9,62488.1,50404,50401
2,4,30,SLH-DSA-SHAKE-128f_signed-by_SLH-DSA-SHAKE-192s,SLH-DSA-SHAKE-128f_signed-by_SLH-DSA-SHAKE-192s,208.144,3912.86,298.869,0.661538,0,0,390.985,24,62544.9,62219.9,50404,50401
2,8,41,SLH-DSA-SHAKE-128f_signed-by_SLH-DSA-SHAKE-192s,SLH-DSA-SHAKE-128f_signed-by_SLH-DSA-SHAKE-192s,232.252,3506.69,300.224,0.915493,27,0.380282,382.676,22,62400.2,62291.5,50404,50401
2,2,21,SLH-DSA-SHAKE-128f_signed-by_SLH-DSA-SHAKE-192s,SLH-DSA-SHAKE-128f_signed-by_SLH-DSA-SHAKE-192s,202.435,4023.2,306.033,0.609375,0,0,443.375,24,62174.9,62294.5,50404,50401
2,3,41,SLH-DSA-SHAKE-128f_signed-by_SLH-DSA-SHAKE-192s,SLH-DSA-SHAKE-128f_signed-by_SLH-DSA-SHAKE-192s,200.823,4055.5,309.764,0.6,0,0,389.385,24,62627.9,62207.2,50404,50401
2,6,41,SLH-DSA-SHAKE-128f_signed-by_SLH-DSA-SHAKE-192s,SLH-DSA-SHAKE-128f_signed-by_SLH-DSA-SHAKE-192s,210.268,3873.33,294.632,0.609375,0,0,561.125,16,62437.7,62354.3,50404,50401
2,5,36,SLH-DSA-SHAKE-128f_signed-by_SLH-DSA-SHAKE-192s,SLH-DSA-SHAKE-128f_signed-by_SLH-DSA-SHAKE-192s,206.872,3936.91,299.469,0.921875,0,0,394.875,11,62545.9,62310.4,50404,50401
2,1,35,SLH-DSA-SHAKE-128f_signed-by_SLH-DSA-SHAKE-192s,SLH-DSA-SHAKE-128f_signed-by_SLH-DSA-SHAKE-192s,204.078,3990.82,314.154,0.895522,3,0.0447761,379.851,24,62518.7,62195.8,50404,50401
2,4,31,SLH-DSA-SHAKE-128f_signed-by_SLH-DSA-SHAKE-192s,SLH-DSA-SHAKE-128f_signed-by_SLH-DSA-SHAKE-192s,205.821,3957.02,325.33,0.923077,0,0,405.323,24,62462.9,62547.9,50404,50401
2,8,42,SLH-DSA-SHAKE-128f_signed-by_SLH-DSA-SHAKE-192s,SLH-DSA-SHAKE-128f_signed-by_SLH-DSA-SHAKE-192s,197.755,4118.42,369.668,0.869565,74,1.07246,452.899,22,62328.7,62352.5,50404,50401
2,2,22,SLH-DSA-SHAKE-128f_signed-by_SLH-DSA-SHAKE-192s,SLH-DSA-SHAKE-128f_signed-by_SLH-DSA-SHAKE-192s,213.981,3806.13,358.611,0.255814,42,0.488372,394.326,24,62438.8,62602.6,50404,50401
2,3,42,SLH-DSA-SHAKE-128f_signed-by_SLH-DSA-SHAKE-192s,SLH-DSA-SHAKE-128f_signed-by_SLH-DSA-SHAKE-192s,202.909,4013.8,305.318,0.34375,0,0,394.875,24,62438,62101.1,50404,50401
2,6,42,SLH-DSA-SHAKE-128f_signed-by_SLH-DSA-SHAKE-192s,SLH-DSA-SHAKE-128f_signed-by_SLH-DSA-SHAKE-192s,200.007,4072.04,386.225,0.314286,8,0.114286,379.143,16,62270.2,62345.2,50404,50401
2,5,37,SLH-DSA-SHAKE-128f_signed-by_SLH-DSA-SHAKE-192s,SLH-DSA-SHAKE-128f_signed-by_SLH-DSA-SHAKE-192s,200.018,4071.82,309.731,0.03125,0,0,394.875,11,62289.7,62403.6,50404,50401
2,1,36,SLH-DSA-SHAKE-128f_signed-by_SLH-DSA-SHAKE-192s,SLH-DSA-SHAKE-128f_signed-by_SLH-DSA-SHAKE-192s,202.601,4019.9,305.782,0.1875,0,0,394.875,24,62619.7,62604.3,50404,50401
2,4,32,SLH-DSA-SHAKE-128f_signed-by_SLH-DSA-SHAKE-192s,SLH-DSA-SHAKE-128f_signed-by_SLH-DSA-SHAKE-192s,201.466,4042.55,467.61,0.16,1,0.0133333,536.667,24,62344.6,62268.4,50404,50401
2,8,43,SLH-DSA-SHAKE-128f_signed-by_SLH-DSA-SHAKE-192s,SLH-DSA-SHAKE-128f_signed-by_SLH-DSA-SHAKE-192s,201.66,4038.66,307.209,0.1875,0,0,394.875,22,62664.4,62314.5,50404,50401
2,2,23,SLH-DSA-SHAKE-128f_signed-by_SLH-DSA-SHAKE-192s,SLH-DSA-SHAKE-128f_signed-by_SLH-DSA-SHAKE-192s,196.215,4150.74,317.039,1,0,0,426.985,24,62351,62791.9,50404,50401
2,6,43,SLH-DSA-SHAKE-128f_signed-by_SLH-DSA-SHAKE-192s,SLH-DSA-SHAKE-128f_signed-by_SLH-DSA-SHAKE-192s,192.677,4226.96,321.532,1,0,0,394.875,16,62438.4,62259.7,50404,50401
2,3,43,SLH-DSA-SHAKE-128f_signed-by_SLH-DSA-SHAKE-192s,SLH-DSA-SHAKE-128f_signed-by_SLH-DSA-SHAKE-192s,210.911,3861.53,346.762,0.851852,32,0.395062,341.111,24,62746.6,62509.2,50404,50401
2,5,38,SLH-DSA-SHAKE-128f_signed-by_SLH-DSA-SHAKE-192s,SLH-DSA-SHAKE-128f_signed-by_SLH-DSA-SHAKE-192s,204.015,3992.06,404.911,0.775281,54,0.606742,357.416,11,62674.3,62377.5,50404,50401
2,1,37,SLH-DSA-SHAKE-128f_signed-by_SLH-DSA-SHAKE-192s,SLH-DSA-SHAKE-128f_signed-by_SLH-DSA-SHAKE-192s,200.969,4052.56,348.551,0.74359,22,0.282051,341.59,24,62643.6,62572.8,50404,50401
2,8,44,SLH-DSA-SHAKE-128f_signed-by_SLH-DSA-SHAKE-192s,SLH-DSA-SHAKE-128f_signed-by_SLH-DSA-SHAKE-192s,196.406,4146.7,315.427,0.90625,0,0,394.875,21,62259.2,62189.9,50404,50401
2,4,33,SLH-DSA-SHAKE-128f_signed-by_SLH-DSA-SHAKE-192s,SLH-DSA-SHAKE-128f_signed-by_SLH-DSA-SHAKE-192s,213.067,3822.46,335.293,0.828571,46,0.657143,433.886,24,62737.9,62324.5,50404,50401
2,2,24,SLH-DSA-SHAKE-128f_signed-by_SLH-DSA-SHAKE-192s,SLH-DSA-SHAKE-128f_signed-by_SLH-DSA-SHAKE-192s,199.892,4074.4,309.927,0.15625,0,0,433.062,24,62209.8,62187.1,50404,50401
2,6,44,SLH-DSA-SHAKE-128f_signed-by_SLH-DSA-SHAKE-192s,SLH-DSA-SHAKE-128f_signed-by_SLH-DSA-SHAKE-192s,205.881,3955.86,302.154,0.153846,0,0,387.354,16,62434.8,62404.4,50404,50401
2,3,44,SLH-DSA-SHAKE-128f_signed-by_SLH-DSA-SHAKE-192s,SLH-DSA-SHAKE-128f_signed-by_SLH-DSA-SHAKE-192s,201.173,4048.44,307.953,0.15625,0,0,394.875,24,62648.3,62284.5,50404,50401
2,1,38,SLH-DSA-SHAKE-128f_signed-by_SLH-DSA-SHAKE-192s,SLH-DSA-SHAKE-128f_signed-by_SLH-DSA-SHAKE-192s,197.225,4129.48,314.117,0.15625,0,0,436.438,24,62346.4,62541.7,50404,50401
2,5,39,SLH-DSA-SHAKE-128f_signed-by_SLH-DSA-SHAKE-192s,SLH-DSA-SHAKE-128f_signed-by_SLH-DSA-SHAKE-192s,209.409,3889.21,295.841,0.796875,0,0,394.875,12,62621.5,62529.2,50404,50401
2,8,45,SLH-DSA-SHAKE-128f_signed-by_SLH-DSA-SHAKE-192s,SLH-DSA-SHAKE-128f_signed-by_SLH-DSA-SHAKE-192s,202.924,4013.51,323.982,0.885714,11,0.157143,371.714,21,62567.8,62223,50404,50401
2,4,34,SLH-DSA-SHAKE-128f_signed-by_SLH-DSA-SHAKE-192s,SLH-DSA-SHAKE-128f_signed-by_SLH-DSA-SHAKE-192s,200.429,4063.47,328.015,0.885714,11,0.157143,371.714,24,62326.8,62427.6,50404,50401
2,2,25,SLH-DSA-SHAKE-128f_signed-by_SLH-DSA-SHAKE-192s,SLH-DSA-SHAKE-128f_signed-by_SLH-DSA-SHAKE-192s,196.119,4152.77,315.889,1,0,0,433.062,24,62197.6,62342.4,50404,50401
2,6,45,SLH-DSA-SHAKE-128f_signed-by_SLH-DSA-SHAKE-192s,SLH-DSA-SHAKE-128f_signed-by_SLH-DSA-SHAKE-192s,206.358,3946.73,371.858,1,42,0.488372,360.326,16,62330.1,62372.5,50404,50401
2,3,45,SLH-DSA-SHAKE-128f_signed-by_SLH-DSA-SHAKE-192s,SLH-DSA-SHAKE-128f_signed-by_SLH-DSA-SHAKE-192s,215.653,3776.61,370.149,1,119,1.35227,568.273,24,62346.2,62404.5,50404,50401
2,1,39,SLH-DSA-SHAKE-128f_signed-by_SLH-DSA-SHAKE-192s,SLH-DSA-SHAKE-128f_signed-by_SLH-DSA-SHAKE-192s,206.795,3938.39,302.057,1,0,0,384.061,24,62448.3,62440.8,50404,50401
2,5,40,SLH-DSA-SHAKE-128f_signed-by_SLH-DSA-SHAKE-192s,SLH-DSA-SHAKE-128f_signed-by_SLH-DSA-SHAKE-192s,221.124,3683.17,353.538,1,50,0.609756,365.463,12,62298.3,62313.3,50404,50401
2,8,46,SLH-DSA-SHAKE-128f_signed-by_SLH-DSA-SHAKE-192s,SLH-DSA-SHAKE-128f_signed-by_SLH-DSA-SHAKE-192s,214.677,3793.78,294.321,1,1,0.0149254,427.313,21,62447,62294.2,50404,50401
2,4,35,SLH-DSA-SHAKE-128f_signed-by_SLH-DSA-SHAKE-192s,SLH-DSA-SHAKE-128f_signed-by_SLH-DSA-SHAKE-192s,214.613,3794.92,311.034,1,78,1.16418,409.821,24,62853.4,62251.3,50404,50401
2,2,26,SLH-DSA-SHAKE-128f_signed-by_SLH-DSA-SHAKE-192s,SLH-DSA-SHAKE-128f_signed-by_SLH-DSA-SHAKE-192s,188.475,4321.19,328.7,1,0,0,420.625,24,62334.7,62276.2,50404,50401
2,6,46,SLH-DSA-SHAKE-128f_signed-by_SLH-DSA-SHAKE-192s,SLH-DSA-SHAKE-128f_signed-by_SLH-DSA-SHAKE-192s,207.421,3926.5,299.911,1,0,0,389.385,16,62256.8,62123.1,50404,50401
2,3,46,SLH-DSA-SHAKE-128f_signed-by_SLH-DSA-SHAKE-192s,SLH-DSA-SHAKE-128f_signed-by_SLH-DSA-SHAKE-192s,208.668,3903.03,317.211,1,12,0.166667,326,24,62367.6,62250.5,50404,50401
2,1,40,SLH-DSA-SHAKE-128f_signed-by_SLH-DSA-SHAKE-192s,SLH-DSA-SHAKE-128f_signed-by_SLH-DSA-SHAKE-192s,212.431,3833.89,310.387,1,12,0.169014,361.831,24,62327.7,62264,50404,50401
2,5,41,SLH-DSA-SHAKE-128f_signed-by_SLH-DSA-SHAKE-192s,SLH-DSA-SHAKE-128f_signed-by_SLH-DSA-SHAKE-192s,199.642,4079.49,310.315,1,0,0,394.875,12,62368.9,62306.4,50404,50401
2,4,36,SLH-DSA-SHAKE-128f_signed-by_SLH-DSA-SHAKE-192s,SLH-DSA-SHAKE-128f_signed-by_SLH-DSA-SHAKE-192s,204.824,3976.28,350.036,1,27,0.341772,385.494,24,62838.5,62227.9,50404,50401
2,8,47,SLH-DSA-SHAKE-128f_signed-by_SLH-DSA-SHAKE-192s,SLH-DSA-SHAKE-128f_signed-by_SLH-DSA-SHAKE-192s,213.264,3818.91,361.166,1,128,1.77778,612.444,20,62399.7,62302.2,50404,50401
2,2,27,SLH-DSA-SHAKE-128f_signed-by_SLH-DSA-SHAKE-192s,SLH-DSA-SHAKE-128f_signed-by_SLH-DSA-SHAKE-192s,193.265,4214.09,352.509,0.867647,83,1.22059,476.118,24,62502.5,62265.7,50404,50401
2,6,47,SLH-DSA-SHAKE-128f_signed-by_SLH-DSA-SHAKE-192s,SLH-DSA-SHAKE-128f_signed-by_SLH-DSA-SHAKE-192s,196.182,4151.44,337.808,0.914286,6,0.0857143,371.371,16,62875.1,62224.5,50404,50401
2,3,47,SLH-DSA-SHAKE-128f_signed-by_SLH-DSA-SHAKE-192s,SLH-DSA-SHAKE-128f_signed-by_SLH-DSA-SHAKE-192s,192.531,4230.17,342.802,0.901408,11,0.15493,336.254,24,62712,62140.6,50404,50401
2,1,41,SLH-DSA-SHAKE-128f_signed-by_SLH-DSA-SHAKE-192s,SLH-DSA-SHAKE-128f_signed-by_SLH-DSA-SHAKE-192s,191.895,4244.19,324.177,0.984615,0,0,352.092,24,62483.6,62580.6,50404,50401
2,5,42,SLH-DSA-SHAKE-128f_signed-by_SLH-DSA-SHAKE-192s,SLH-DSA-SHAKE-128f_signed-by_SLH-DSA-SHAKE-192s,195.253,4171.2,317.291,1,0,0,394.875,13,62904.4,62372.3,50404,50401
2,4,37,SLH-DSA-SHAKE-128f_signed-by_SLH-DSA-SHAKE-192s,SLH-DSA-SHAKE-128f_signed-by_SLH-DSA-SHAKE-192s,199.25,4087.52,375.568,0.761905,36,0.428571,342.381,24,62372.2,62248.8,50404,50401
2,8,48,SLH-DSA-SHAKE-128f_signed-by_SLH-DSA-SHAKE-192s,SLH-DSA-SHAKE-128f_signed-by_SLH-DSA-SHAKE-192s,208.531,3905.6,315.808,0.901408,11,0.15493,366.958,20,62242.7,62661.8,50404,50401
2,2,28,SLH-DSA-SHAKE-128f_signed-by_SLH-DSA-SHAKE-192s,SLH-DSA-SHAKE-128f_signed-by_SLH-DSA-SHAKE-192s,192.091,4239.86,381.568,1,75,1.07143,416.514,24,62197.1,62210.4,50404,50401
2,6,48,SLH-DSA-SHAKE-128f_signed-by_SLH-DSA-SHAKE-192s,SLH-DSA-SHAKE-128f_signed-by_SLH-DSA-SHAKE-192s,197.11,4131.89,356.753,0.558442,23,0.298701,324.857,16,62220.2,62215.4,50404,50401
2,3,48,SLH-DSA-SHAKE-128f_signed-by_SLH-DSA-SHAKE-192s,SLH-DSA-SHAKE-128f_signed-by_SLH-DSA-SHAKE-192s,202.482,4022.28,307.227,0.661538,0,0,389.385,24,62454.5,62451.2,50404,50401
2,1,42,SLH-DSA-SHAKE-128f_signed-by_SLH-DSA-SHAKE-192s,SLH-DSA-SHAKE-128f_signed-by_SLH-DSA-SHAKE-192s,198.705,4098.72,356.225,0.558442,25,0.324675,363.299,24,62572.7,62148.2,50404,50401
2,5,43,SLH-DSA-SHAKE-128f_signed-by_SLH-DSA-SHAKE-192s,SLH-DSA-SHAKE-128f_signed-by_SLH-DSA-SHAKE-192s,215.645,3776.75,366.75,0.477778,49,0.544444,332.578,13,62469.9,62338.8,50404,50401
2,4,38,SLH-DSA-SHAKE-128f_signed-by_SLH-DSA-SHAKE-192s,SLH-DSA-SHAKE-128f_signed-by_SLH-DSA-SHAKE-192s,196.968,4134.88,334.348,0.605634,11,0.15493,364.704,24,62466,62231.2,50404,50401
2,8,49,SLH-DSA-SHAKE-128f_signed-by_SLH-DSA-SHAKE-192s,SLH-DSA-SHAKE-128f_signed-by_SLH-DSA-SHAKE-192s,194.864,4179.53,317.924,0.84375,0,0,394.875,20,62566.3,62273.7,50404,50401
2,2,29,SLH-DSA-SHAKE-128f_signed-by_SLH-DSA-SHAKE-192s,SLH-DSA-SHAKE-128f_signed-by_SLH-DSA-SHAKE-192s,188.288,4325.5,333.447,1,1,0.0151515,384.242,24,62260.8,62567.9,50404,50401
2,6,49,SLH-DSA-SHAKE-128f_signed-by_SLH-DSA-SHAKE-192s,SLH-DSA-SHAKE-128f_signed-by_SLH-DSA-SHAKE-192s,210,3878.27,364.494,0.976471,41,0.482353,369.765,16,62348.8,62107.1,50404,50401
2,3,49,SLH-DSA-SHAKE-128f_signed-by_SLH-DSA-SHAKE-192s,SLH-DSA-SHAKE-128f_signed-by_SLH-DSA-SHAKE-192s,224.548,3627.01,277.036,1,0,0,386.8,24,62471,62235.2,50404,50401
2,1,43,SLH-DSA-SHAKE-128f_signed-by_SLH-DSA-SHAKE-192s,SLH-DSA-SHAKE-128f_signed-by_SLH-DSA-SHAKE-192s,219.044,3718.15,344.624,0.976471,39,0.458824,333.953,24,62299.8,62179.8,50404,50401
2,5,44,SLH-DSA-SHAKE-128f_signed-by_SLH-DSA-SHAKE-192s,SLH-DSA-SHAKE-128f_signed-by_SLH-DSA-SHAKE-192s,217.004,3753.11,350.15,1,35,0.443038,368.886,14,62440.6,62232.7,50404,50401
2,4,39,SLH-DSA-SHAKE-128f_signed-by_SLH-DSA-SHAKE-192s,SLH-DSA-SHAKE-128f_signed-by_SLH-DSA-SHAKE-192s,217.204,3749.65,336.863,1,23,0.333333,393.594,24,62440.8,62352.9,50404,50401
2,8,50,SLH-DSA-SHAKE-128f_signed-by_SLH-DSA-SHAKE-192s,SLH-DSA-SHAKE-128f_signed-by_SLH-DSA-SHAKE-192s,210.62,3866.87,337.062,1,45,0.661765,552.471,20,62243.3,62250.4,50404,50401
2,2,30,SLH-DSA-SHAKE-128f_signed-by_SLH-DSA-SHAKE-192s,SLH-DSA-SHAKE-128f_signed-by_SLH-DSA-SHAKE-192s,194.641,4184.32,318.288,0.84375,0,0,394.875,24,62521.8,62242.3,50404,50401
2,6,50,SLH-DSA-SHAKE-128f_signed-by_SLH-DSA-SHAKE-192s,SLH-DSA-SHAKE-128f_signed-by_SLH-DSA-SHAKE-192s,229.028,3556.06,303.892,1,21,0.276316,354.211,16,62270.3,62469.4,50404,50401
2,3,50,SLH-DSA-SHAKE-128f_signed-by_SLH-DSA-SHAKE-192s,SLH-DSA-SHAKE-128f_signed-by_SLH-DSA-SHAKE-192s,223.997,3635.93,400.433,1,78,0.75,351,24,62351.2,62200.5,50404,50401
2,1,44,SLH-DSA-SHAKE-128f_signed-by_SLH-DSA-SHAKE-192s,SLH-DSA-SHAKE-128f_signed-by_SLH-DSA-SHAKE-192s,225.874,3605.72,275.41,1,0,0,389.385,24,62226.6,62691.6,50404,50401
2,5,45,SLH-DSA-SHAKE-128f_signed-by_SLH-DSA-SHAKE-192s,SLH-DSA-SHAKE-128f_signed-by_SLH-DSA-SHAKE-192s,219.618,3708.44,325.365,1,62,0.837838,393.838,14,62209.3,62249.3,50404,50401
2,4,40,SLH-DSA-SHAKE-128f_signed-by_SLH-DSA-SHAKE-192s,SLH-DSA-SHAKE-128f_signed-by_SLH-DSA-SHAKE-192s,231.127,3523.77,471.497,1,134,1.26415,368.415,24,62764.3,62305.8,50404,50401
2,8,51,SLH-DSA-SHAKE-128f_signed-by_SLH-DSA-SHAKE-192s,SLH-DSA-SHAKE-128f_signed-by_SLH-DSA-SHAKE-192s,233.445,3488.78,399.579,1,87,0.783784,371.225,20,62521.3,62421.8,50404,50401
2,2,31,SLH-DSA-SHAKE-128f_signed-by_SLH-DSA-SHAKE-192s,SLH-DSA-SHAKE-128f_signed-by_SLH-DSA-SHAKE-192s,226.821,3590.66,355.945,1,79,1.02597,629.221,24,62580.9,62382.7,50404,50401
2,6,51,SLH-DSA-SHAKE-128f_signed-by_SLH-DSA-SHAKE-192s,SLH-DSA-SHAKE-128f_signed-by_SLH-DSA-SHAKE-192s,189.1,4306.92,371.866,1,23,0.298701,324.857,16,62277.3,62263.6,50404,50401
2,3,51,SLH-DSA-SHAKE-128f_signed-by_SLH-DSA-SHAKE-192s,SLH-DSA-SHAKE-128f_signed-by_SLH-DSA-SHAKE-192s,216.041,3769.84,287.945,1,0,0,394,24,62609.2,62238.6,50404,50401
2,1,45,SLH-DSA-SHAKE-128f_signed-by_SLH-DSA-SHAKE-192s,SLH-DSA-SHAKE-128f_signed-by_SLH-DSA-SHAKE-192s,221.746,3672.85,363.515,1,89,1.02299,360.115,24,62394.7,62116.2,50404,50401
2,5,46,SLH-DSA-SHAKE-128f_signed-by_SLH-DSA-SHAKE-192s,SLH-DSA-SHAKE-128f_signed-by_SLH-DSA-SHAKE-192s,217.106,3751.34,309.452,1,13,0.180556,358.667,15,62424.3,62862,50404,50401
2,8,52,SLH-DSA-SHAKE-128f_signed-by_SLH-DSA-SHAKE-192s,SLH-DSA-SHAKE-128f_signed-by_SLH-DSA-SHAKE-192s,205.474,3963.71,343.479,1,22,0.282051,369.487,19,62610.5,62330.1,50404,50401
2,4,41,SLH-DSA-SHAKE-128f_signed-by_SLH-DSA-SHAKE-192s,SLH-DSA-SHAKE-128f_signed-by_SLH-DSA-SHAKE-192s,220.535,3693.01,373.781,1,178,2.37333,683.013,24,62330.4,62585.7,50404,50401
2,2,32,SLH-DSA-SHAKE-128f_signed-by_SLH-DSA-SHAKE-192s,SLH-DSA-SHAKE-128f_signed-by_SLH-DSA-SHAKE-192s,213.12,3821.51,343.243,1,48,0.676056,436.535,24,62627.5,62679.4,50404,50401
2,6,52,SLH-DSA-SHAKE-128f_signed-by_SLH-DSA-SHAKE-192s,SLH-DSA-SHAKE-128f_signed-by_SLH-DSA-SHAKE-192s,196.33,4148.31,315.55,0.734375,0,0,399.25,16,62346.8,62122.1,50404,50401
2,1,46,SLH-DSA-SHAKE-128f_signed-by_SLH-DSA-SHAKE-192s,SLH-DSA-SHAKE-128f_signed-by_SLH-DSA-SHAKE-192s,196.154,4152.03,316.404,0.723077,0,0,389.323,24,62380.3,62173.4,50404,50401
2,3,52,SLH-DSA-SHAKE-128f_signed-by_SLH-DSA-SHAKE-192s,SLH-DSA-SHAKE-128f_signed-by_SLH-DSA-SHAKE-192s,209.299,3891.26,295.996,0.734375,0,0,392.25,24,62732.3,62195.5,50404,50401
2,8,53,SLH-DSA-SHAKE-128f_signed-by_SLH-DSA-SHAKE-192s,SLH-DSA-SHAKE-128f_signed-by_SLH-DSA-SHAKE-192s,189.214,4304.33,327.418,1,0,0,394.875,19,62406.5,62167.5,50404,50401
2,5,47,SLH-DSA-SHAKE-128f_signed-by_SLH-DSA-SHAKE-192s,SLH-DSA-SHAKE-128f_signed-by_SLH-DSA-SHAKE-192s,205.081,3971.3,320.575,0.985714,11,0.157143,369.429,15,62395.8,62399.1,50404,50401
2,4,42,SLH-DSA-SHAKE-128f_signed-by_SLH-DSA-SHAKE-192s,SLH-DSA-SHAKE-128f_signed-by_SLH-DSA-SHAKE-192s,197.461,4124.54,347.368,1,84,1.23529,476.353,24,62321.9,62631.6,50404,50401
2,2,33,SLH-DSA-SHAKE-128f_signed-by_SLH-DSA-SHAKE-192s,SLH-DSA-SHAKE-128f_signed-by_SLH-DSA-SHAKE-192s,198.103,4111.17,314.017,1,0,0,389.385,24,62612.7,62245.1,50404,50401
2,6,53,SLH-DSA-SHAKE-128f_signed-by_SLH-DSA-SHAKE-192s,SLH-DSA-SHAKE-128f_signed-by_SLH-DSA-SHAKE-192s,194.394,4189.62,318.692,1,0,0,394.875,15,62615.8,62345.8,50404,50401
2,1,47,SLH-DSA-SHAKE-128f_signed-by_SLH-DSA-SHAKE-192s,SLH-DSA-SHAKE-128f_signed-by_SLH-DSA-SHAKE-192s,201.685,4038.16,351.993,1,45,0.661765,463.353,24,62443.9,62480.7,50404,50401
2,3,53,SLH-DSA-SHAKE-128f_signed-by_SLH-DSA-SHAKE-192s,SLH-DSA-SHAKE-128f_signed-by_SLH-DSA-SHAKE-192s,209.77,3882.54,313.41,1,11,0.157143,370,24,62321.6,62316.3,50404,50401
2,8,54,SLH-DSA-SHAKE-128f_signed-by_SLH-DSA-SHAKE-192s,SLH-DSA-SHAKE-128f_signed-by_SLH-DSA-SHAKE-192s,206.699,3940.2,300.958,0.938462,0,0,389.385,19,62237.1,62283.8,50404,50401
2,5,48,SLH-DSA-SHAKE-128f_signed-by_SLH-DSA-SHAKE-192s,SLH-DSA-SHAKE-128f_signed-by_SLH-DSA-SHAKE-192s,204.674,3979.19,306.203,0.938462,1,0.0153846,389.631,14,62454.2,62165.4,50404,50401
2,4,43,SLH-DSA-SHAKE-128f_signed-by_SLH-DSA-SHAKE-192s,SLH-DSA-SHAKE-128f_signed-by_SLH-DSA-SHAKE-192s,211.842,3844.56,358.38,0.753086,44,0.54321,358.543,24,62348,62571.1,50404,50401
2,2,34,SLH-DSA-SHAKE-128f_signed-by_SLH-DSA-SHAKE-192s,SLH-DSA-SHAKE-128f_signed-by_SLH-DSA-SHAKE-192s,209.106,3894.86,376.689,0.617284,68,0.839506,401.951,24,62368.8,62311.1,50404,50401
2,6,54,SLH-DSA-SHAKE-128f_signed-by_SLH-DSA-SHAKE-192s,SLH-DSA-SHAKE-128f_signed-by_SLH-DSA-SHAKE-192s,187.853,4335.5,331.151,0.0923077,0,0,352.092,15,62552.8,62185,50404,50401
2,1,48,SLH-DSA-SHAKE-128f_signed-by_SLH-DSA-SHAKE-192s,SLH-DSA-SHAKE-128f_signed-by_SLH-DSA-SHAKE-192s,191.946,4243.06,322.757,0.09375,0,0,396.75,24,62447,62247.8,50404,50401
2,3,54,SLH-DSA-SHAKE-128f_signed-by_SLH-DSA-SHAKE-192s,SLH-DSA-SHAKE-128f_signed-by_SLH-DSA-SHAKE-192s,189.676,4293.85,326.62,0.09375,0,0,394.875,24,62686.3,62121.7,50404,50401
2,8,55,SLH-DSA-SHAKE-128f_signed-by_SLH-DSA-SHAKE-192s,SLH-DSA-SHAKE-128f_signed-by_SLH-DSA-SHAKE-192s,192.701,4226.44,322.821,0.0923077,0,0,352.092,19,62675.5,62333.9,50404,50401
2,5,49,SLH-DSA-SHAKE-128f_signed-by_SLH-DSA-SHAKE-192s,SLH-DSA-SHAKE-128f_signed-by_SLH-DSA-SHAKE-192s,195.251,4171.24,336.715,0.0857143,11,0.157143,371.143,14,62481.6,62339.7,50404,50401
2,4,44,SLH-DSA-SHAKE-128f_signed-by_SLH-DSA-SHAKE-192s,SLH-DSA-SHAKE-128f_signed-by_SLH-DSA-SHAKE-192s,187.357,4346.99,334.505,0.107692,1,0.0153846,389.631,24,62644,62182.5,50404,50401
2,2,35,SLH-DSA-SHAKE-128f_signed-by_SLH-DSA-SHAKE-192s,SLH-DSA-SHAKE-128f_signed-by_SLH-DSA-SHAKE-192s,190.741,4269.87,326.138,0.107692,0,0,389.385,24,62382.3,62167.3,50404,50401
2,6,55,SLH-DSA-SHAKE-128f_signed-by_SLH-DSA-SHAKE-192s,SLH-DSA-SHAKE-128f_signed-by_SLH-DSA-SHAKE-192s,187.529,4342.99,331.723,0.2,0,0,352.092,14,62398.1,62328.6,50404,50401
2,1,49,SLH-DSA-SHAKE-128f_signed-by_SLH-DSA-SHAKE-192s,SLH-DSA-SHAKE-128f_signed-by_SLH-DSA-SHAKE-192s,191.049,4262.97,325.611,0.2,0,0,352.092,24,62385.3,62321.2,50404,50401
2,3,55,SLH-DSA-SHAKE-128f_signed-by_SLH-DSA-SHAKE-192s,SLH-DSA-SHAKE-128f_signed-by_SLH-DSA-SHAKE-192s,192.085,4240,322.524,0.203125,0,0,394.875,24,62400.3,62212.8,50404,50401
2,8,56,SLH-DSA-SHAKE-128f_signed-by_SLH-DSA-SHAKE-192s,SLH-DSA-SHAKE-128f_signed-by_SLH-DSA-SHAKE-192s,189.84,4290.12,330.129,0.2,1,0.0153846,389.631,18,62519,62160,50404,50401
2,5,50,SLH-DSA-SHAKE-128f_signed-by_SLH-DSA-SHAKE-192s,SLH-DSA-SHAKE-128f_signed-by_SLH-DSA-SHAKE-192s,190.698,4270.82,324.868,0.203125,0,0,394.875,14,62385.4,62444.2,50404,50401
2,4,45,SLH-DSA-SHAKE-128f_signed-by_SLH-DSA-SHAKE-192s,SLH-DSA-SHAKE-128f_signed-by_SLH-DSA-SHAKE-192s,191.291,4257.58,327.625,0.184615,1,0.0153846,406.862,24,62426.9,62349,50404,50401
2,2,36,SLH-DSA-SHAKE-128f_signed-by_SLH-DSA-SHAKE-192s,SLH-DSA-SHAKE-128f_signed-by_SLH-DSA-SHAKE-192s,199.295,4086.6,342.005,0.176471,23,0.338235,367.412,24,62640.7,62632.6,50404,50401
2,6,56,SLH-DSA-SHAKE-128f_signed-by_SLH-DSA-SHAKE-192s,SLH-DSA-SHAKE-128f_signed-by_SLH-DSA-SHAKE-192s,189.571,4296.2,326.799,0.796875,0,0,394.875,14,62309.7,62550.3,50404,50401
2,1,50,SLH-DSA-SHAKE-128f_signed-by_SLH-DSA-SHAKE-192s,SLH-DSA-SHAKE-128f_signed-by_SLH-DSA-SHAKE-192s,199.694,4078.44,312.077,1,0,0,384,24,63074.6,62384.6,50404,50401
2,3,56,SLH-DSA-SHAKE-128f_signed-by_SLH-DSA-SHAKE-192s,SLH-DSA-SHAKE-128f_signed-by_SLH-DSA-SHAKE-192s,197.944,4114.5,312.977,1,0,0,397.875,24,62518.4,62676.2,50404,50401
2,8,57,SLH-DSA-SHAKE-128f_signed-by_SLH-DSA-SHAKE-192s,SLH-DSA-SHAKE-128f_signed-by_SLH-DSA-SHAKE-192s,200.934,4053.27,396.229,0.788889,50,0.555556,349.511,18,62430.3,62357.9,50404,50401
2,5,51,SLH-DSA-SHAKE-128f_signed-by_SLH-DSA-SHAKE-192s,SLH-DSA-SHAKE-128f_signed-by_SLH-DSA-SHAKE-192s,199.719,4077.93,310.196,1,0,0,394.875,13,62374.3,62483,50404,50401
2,4,46,SLH-DSA-SHAKE-128f_signed-by_SLH-DSA-SHAKE-192s,SLH-DSA-SHAKE-128f_signed-by_SLH-DSA-SHAKE-192s,206.672,3940.73,397.072,0.806818,41,0.465909,366.682,24,62367.1,62350.7,50404,50401
2,2,37,SLH-DSA-SHAKE-128f_signed-by_SLH-DSA-SHAKE-192s,SLH-DSA-SHAKE-128f_signed-by_SLH-DSA-SHAKE-192s,201.283,4046.23,338.468,1,52,0.764706,419.059,24,62640.1,62205,50404,50401
2,6,57,SLH-DSA-SHAKE-128f_signed-by_SLH-DSA-SHAKE-192s,SLH-DSA-SHAKE-128f_signed-by_SLH-DSA-SHAKE-192s,192.71,4226.25,321.478,0.96875,0,0,394.875,14,62268.5,62415.1,50404,50401
2,1,51,SLH-DSA-SHAKE-128f_signed-by_SLH-DSA-SHAKE-192s,SLH-DSA-SHAKE-128f_signed-by_SLH-DSA-SHAKE-192s,204.201,3988.42,304.641,1,0,0,389.385,24,62623.6,62290.5,50404,50401
2,3,57,SLH-DSA-SHAKE-128f_signed-by_SLH-DSA-SHAKE-192s,SLH-DSA-SHAKE-128f_signed-by_SLH-DSA-SHAKE-192s,213.18,3820.43,418.275,1,77,0.740385,331.538,24,62377,62369.6,50404,50401
2,8,58,SLH-DSA-SHAKE-128f_signed-by_SLH-DSA-SHAKE-192s,SLH-DSA-SHAKE-128f_signed-by_SLH-DSA-SHAKE-192s,208.066,3914.33,342.891,1,26,0.325,345.65,17,62645,62257.8,50404,50401
2,4,47,SLH-DSA-SHAKE-128f_signed-by_SLH-DSA-SHAKE-192s,SLH-DSA-SHAKE-128f_signed-by_SLH-DSA-SHAKE-192s,213.733,3810.54,391.591,1,0,0,421.568,24,62407.8,62419.6,50404,50401
2,5,52,SLH-DSA-SHAKE-128f_signed-by_SLH-DSA-SHAKE-192s,SLH-DSA-SHAKE-128f_signed-by_SLH-DSA-SHAKE-192s,241.694,3369.71,361.051,1,71,0.696078,324.824,13,62223.1,62422.2,50404,50401
2,2,38,SLH-DSA-SHAKE-128f_signed-by_SLH-DSA-SHAKE-192s,SLH-DSA-SHAKE-128f_signed-by_SLH-DSA-SHAKE-192s,215.768,3774.6,395.684,1,66,0.673469,351.714,24,62337,62242,50404,50401
2,6,58,SLH-DSA-SHAKE-128f_signed-by_SLH-DSA-SHAKE-192s,SLH-DSA-SHAKE-128f_signed-by_SLH-DSA-SHAKE-192s,193.989,4198.38,357.628,1,30,0.428571,551.543,13,62260.7,63470.5,50404,50401
2,1,52,SLH-DSA-SHAKE-128f_signed-by_SLH-DSA-SHAKE-192s,SLH-DSA-SHAKE-128f_signed-by_SLH-DSA-SHAKE-192s,193.376,4211.67,320.369,1,0,0,394.875,24,62447,62374.3,50404,50401
2,8,59,SLH-DSA-SHAKE-128f_signed-by_SLH-DSA-SHAKE-192s,SLH-DSA-SHAKE-128f_signed-by_SLH-DSA-SHAKE-192s,210.475,3869.53,379.256,1,70,0.864198,456.123,17,62372.5,62162.7,50404,50401
2,4,48,SLH-DSA-SHAKE-128f_signed-by_SLH-DSA-SHAKE-192s,SLH-DSA-SHAKE-128f_signed-by_SLH-DSA-SHAKE-192s,195.635,4163.04,318.551,1,0,0,384,24,62336.1,62452.8,50404,50401
2,3,58,SLH-DSA-SHAKE-128f_signed-by_SLH-DSA-SHAKE-192s,SLH-DSA-SHAKE-128f_signed-by_SLH-DSA-SHAKE-192s,238.428,3415.87,295.133,1,25,0.3125,329.4,24,62397.5,62105.4,50404,50401
2,5,53,SLH-DSA-SHAKE-128f_signed-by_SLH-DSA-SHAKE-192s,SLH-DSA-SHAKE-128f_signed-by_SLH-DSA-SHAKE-192s,200.138,4069.37,370.303,0.971831,46,0.647887,407.014,13,62290.5,62245.3,50404,50401
2,2,39,SLH-DSA-SHAKE-128f_signed-by_SLH-DSA-SHAKE-192s,SLH-DSA-SHAKE-128f_signed-by_SLH-DSA-SHAKE-192s,206.657,3941.02,344.764,0.84058,45,0.652174,454.928,24,62213.9,62134.8,50404,50401
2,6,59,SLH-DSA-SHAKE-128f_signed-by_SLH-DSA-SHAKE-192s,SLH-DSA-SHAKE-128f_signed-by_SLH-DSA-SHAKE-192s,192.895,4222.19,322.497,0.661538,0,0,389.385,13,62612,62215.1,50404,50401
2,1,53,SLH-DSA-SHAKE-128f_signed-by_SLH-DSA-SHAKE-192s,SLH-DSA-SHAKE-128f_signed-by_SLH-DSA-SHAKE-192s,201.807,4035.73,306.986,1,0,0,394.875,24,62318,62555.6,50404,50401
2,8,60,SLH-DSA-SHAKE-128f_signed-by_SLH-DSA-SHAKE-192s,SLH-DSA-SHAKE-128f_signed-by_SLH-DSA-SHAKE-192s,211.762,3846.01,292.554,1,0,0,392.25,17,62219.6,62373.1,50404,50401
2,4,49,SLH-DSA-SHAKE-128f_signed-by_SLH-DSA-SHAKE-192s,SLH-DSA-SHAKE-128f_signed-by_SLH-DSA-SHAKE-192s,210.472,3869.58,329.468,1,21,0.28,360.56,24,62335.3,62229.6,50404,50401
2,3,59,SLH-DSA-SHAKE-128f_signed-by_SLH-DSA-SHAKE-192s,SLH-DSA-SHAKE-128f_signed-by_SLH-DSA-SHAKE-192s,208.76,3901.31,380.455,1,45,0.505618,355.663,24,62302,62462,50404,50401
2,5,54,SLH-DSA-SHAKE-128f_signed-by_SLH-DSA-SHAKE-192s,SLH-DSA-SHAKE-128f_signed-by_SLH-DSA-SHAKE-192s,214.069,3804.55,376.475,1,52,0.565217,494.522,13,62328,62213.3,50404,50401
2,2,40,SLH-DSA-SHAKE-128f_signed-by_SLH-DSA-SHAKE-192s,SLH-DSA-SHAKE-128f_signed-by_SLH-DSA-SHAKE-192s,210.049,3877.37,435.63,1,169,1.83696,502.652,24,62327.8,62218.4,50404,50401
2,6,60,SLH-DSA-SHAKE-128f_signed-by_SLH-DSA-SHAKE-192s,SLH-DSA-SHAKE-128f_signed-by_SLH-DSA-SHAKE-192s,203.514,4001.87,308.184,1,0,0,378.896,12,62292.9,62187.2,50404,50401
2,1,54,SLH-DSA-SHAKE-128f_signed-by_SLH-DSA-SHAKE-192s,SLH-DSA-SHAKE-128f_signed-by_SLH-DSA-SHAKE-192s,191.963,4242.68,324.061,1,0,0,353.692,24,62430.3,62105.6,50404,50401
2,8,61,SLH-DSA-SHAKE-128f_signed-by_SLH-DSA-SHAKE-192s,SLH-DSA-SHAKE-128f_signed-by_SLH-DSA-SHAKE-192s,207.053,3933.48,336.145,1,21,0.276316,358.526,17,62326.7,62132.7,50404,50401
2,4,50,SLH-DSA-SHAKE-128f_signed-by_SLH-DSA-SHAKE-192s,SLH-DSA-SHAKE-128f_signed-by_SLH-DSA-SHAKE-192s,208.618,3903.97,315.14,1,11,0.157143,367.6,24,62398.7,62299.7,50404,50401
2,3,60,SLH-DSA-SHAKE-128f_signed-by_SLH-DSA-SHAKE-192s,SLH-DSA-SHAKE-128f_signed-by_SLH-DSA-SHAKE-192s,207.495,3925.1,372.365,1,42,0.488372,366.093,24,62542.6,62282.4,50404,50401
2,5,55,SLH-DSA-SHAKE-128f_signed-by_SLH-DSA-SHAKE-192s,SLH-DSA-SHAKE-128f_signed-by_SLH-DSA-SHAKE-192s,211.55,3849.86,310.772,1,11,0.157143,370,12,62333.6,62422,50404,50401
2,2,41,SLH-DSA-SHAKE-128f_signed-by_SLH-DSA-SHAKE-192s,SLH-DSA-SHAKE-128f_signed-by_SLH-DSA-SHAKE-192s,208.878,3899.11,362.776,1,104,1.3,440.3,24,62507.7,62172.5,50404,50401
2,6,61,SLH-DSA-SHAKE-128f_signed-by_SLH-DSA-SHAKE-192s,SLH-DSA-SHAKE-128f_signed-by_SLH-DSA-SHAKE-192s,207.531,3924.42,331.748,1,84,1.21739,482.638,12,62730,62981.8,50404,50401
2,1,55,SLH-DSA-SHAKE-128f_signed-by_SLH-DSA-SHAKE-192s,SLH-DSA-SHAKE-128f_signed-by_SLH-DSA-SHAKE-192s,187.635,4340.54,331.536,0.584615,0,0,352.092,24,62465.3,62152.6,50404,50401
2,8,62,SLH-DSA-SHAKE-128f_signed-by_SLH-DSA-SHAKE-192s,SLH-DSA-SHAKE-128f_signed-by_SLH-DSA-SHAKE-192s,199,4092.65,330.371,0.542857,11,0.157143,369.429,17,62381.6,62243.8,50404,50401
2,4,51,SLH-DSA-SHAKE-128f_signed-by_SLH-DSA-SHAKE-192s,SLH-DSA-SHAKE-128f_signed-by_SLH-DSA-SHAKE-192s,193.556,4207.76,399.18,0.44186,42,0.488372,368.14,24,62843.2,62278.9,50404,50401
2,3,61,SLH-DSA-SHAKE-128f_signed-by_SLH-DSA-SHAKE-192s,SLH-DSA-SHAKE-128f_signed-by_SLH-DSA-SHAKE-192s,198.317,4106.75,331.509,0.542857,11,0.157143,369.429,24,62433.3,62175.2,50404,50401
2,5,56,SLH-DSA-SHAKE-128f_signed-by_SLH-DSA-SHAKE-192s,SLH-DSA-SHAKE-128f_signed-by_SLH-DSA-SHAKE-192s,191.048,4263.01,324.86,0.569231,0,0,389.323,12,62168.2,62765.5,50404,50401
2,2,42,SLH-DSA-SHAKE-128f_signed-by_SLH-DSA-SHAKE-192s,SLH-DSA-SHAKE-128f_signed-by_SLH-DSA-SHAKE-192s,199.988,4072.44,333.299,0.513889,13,0.180556,372,24,62334.6,62278.7,50404,50401
2,6,62,SLH-DSA-SHAKE-128f_signed-by_SLH-DSA-SHAKE-192s,SLH-DSA-SHAKE-128f_signed-by_SLH-DSA-SHAKE-192s,200.854,4054.88,309.717,0.569231,0,0,389.938,12,62404,62424.9,50404,50401
2,1,56,SLH-DSA-SHAKE-128f_signed-by_SLH-DSA-SHAKE-192s,SLH-DSA-SHAKE-128f_signed-by_SLH-DSA-SHAKE-192s,192.279,4235.71,322.197,0.484375,0,0,394.875,24,62382.8,62253,50404,50401
2,8,63,SLH-DSA-SHAKE-128f_signed-by_SLH-DSA-SHAKE-192s,SLH-DSA-SHAKE-128f_signed-by_SLH-DSA-SHAKE-192s,194.487,4187.62,318.54,0.484375,0,0,394.875,18,62778,62471.3,50404,50401
2,4,52,SLH-DSA-SHAKE-128f_signed-by_SLH-DSA-SHAKE-192s,SLH-DSA-SHAKE-128f_signed-by_SLH-DSA-SHAKE-192s,197.051,4133.14,388.447,0.364706,41,0.482353,369.765,24,62659.3,62486.1,50404,50401
2,3,62,SLH-DSA-SHAKE-128f_signed-by_SLH-DSA-SHAKE-192s,SLH-DSA-SHAKE-128f_signed-by_SLH-DSA-SHAKE-192s,195.316,4169.85,318.499,0.476923,0,0,352.215,24,62362.5,62682.8,50404,50401
2,5,57,SLH-DSA-SHAKE-128f_signed-by_SLH-DSA-SHAKE-192s,SLH-DSA-SHAKE-128f_signed-by_SLH-DSA-SHAKE-192s,190.568,4273.74,325.091,0.890625,0,0,394.875,12,62586.4,62285.1,50404,50401
2,2,43,SLH-DSA-SHAKE-128f_signed-by_SLH-DSA-SHAKE-192s,SLH-DSA-SHAKE-128f_signed-by_SLH-DSA-SHAKE-192s,189.179,4305.12,330.184,0.863636,0,0,347.333,24,62369.4,62411.3,50404,50401
2,6,63,SLH-DSA-SHAKE-128f_signed-by_SLH-DSA-SHAKE-192s,SLH-DSA-SHAKE-128f_signed-by_SLH-DSA-SHAKE-192s,195.413,4167.78,348.799,0.838235,23,0.338235,368,12,62505.8,62515.8,50404,50401
2,1,57,SLH-DSA-SHAKE-128f_signed-by_SLH-DSA-SHAKE-192s,SLH-DSA-SHAKE-128f_signed-by_SLH-DSA-SHAKE-192s,191.365,4255.95,323.737,0.765625,0,0,394.875,24,62344,62190.8,50404,50401
2,8,64,SLH-DSA-SHAKE-128f_signed-by_SLH-DSA-SHAKE-192s,SLH-DSA-SHAKE-128f_signed-by_SLH-DSA-SHAKE-192s,196.366,4147.56,315.492,0.84375,0,0,394.875,18,62564.1,62447.9,50404,50401
2,4,53,SLH-DSA-SHAKE-128f_signed-by_SLH-DSA-SHAKE-192s,SLH-DSA-SHAKE-128f_signed-by_SLH-DSA-SHAKE-192s,191.138,4260.99,339.774,0.782609,4,0.057971,370,24,62475.3,62216.2,50404,50401
2,3,63,SLH-DSA-SHAKE-128f_signed-by_SLH-DSA-SHAKE-192s,SLH-DSA-SHAKE-128f_signed-by_SLH-DSA-SHAKE-192s,195.584,4164.12,362.973,0.794118,45,0.661765,453.294,24,62573,62299.6,50404,50401
2,5,58,SLH-DSA-SHAKE-128f_signed-by_SLH-DSA-SHAKE-192s,SLH-DSA-SHAKE-128f_signed-by_SLH-DSA-SHAKE-192s,196.709,4140.31,359.839,0.363636,25,0.324675,363.299,12,62237.2,62363.9,50404,50401
2,2,44,SLH-DSA-SHAKE-128f_signed-by_SLH-DSA-SHAKE-192s,SLH-DSA-SHAKE-128f_signed-by_SLH-DSA-SHAKE-192s,195.36,4168.9,318.426,0.430769,0,0,389.385,24,62698.2,62486.5,50404,50401
2,6,64,SLH-DSA-SHAKE-128f_signed-by_SLH-DSA-SHAKE-192s,SLH-DSA-SHAKE-128f_signed-by_SLH-DSA-SHAKE-192s,201.479,4042.3,355.848,0.726027,34,0.465753,380.027,12,62251,62232,50404,50401
2,1,58,SLH-DSA-SHAKE-128f_signed-by_SLH-DSA-SHAKE-192s,SLH-DSA-SHAKE-128f_signed-by_SLH-DSA-SHAKE-192s,187.901,4334.41,331.068,1,0,0,352.092,24,62863.7,62198.7,50404,50401
2,8,65,SLH-DSA-SHAKE-128f_signed-by_SLH-DSA-SHAKE-192s,SLH-DSA-SHAKE-128f_signed-by_SLH-DSA-SHAKE-192s,197.636,4120.91,493.189,1,101,0.863248,313.624,19,62246.2,62149.2,50404,50401
2,3,64,SLH-DSA-SHAKE-128f_signed-by_SLH-DSA-SHAKE-192s,SLH-DSA-SHAKE-128f_signed-by_SLH-DSA-SHAKE-192s,192.681,4226.87,343.863,1,11,0.152778,360.222,24,62813.7,62581.5,50404,50401
2,5,59,SLH-DSA-SHAKE-128f_signed-by_SLH-DSA-SHAKE-192s,SLH-DSA-SHAKE-128f_signed-by_SLH-DSA-SHAKE-192s,194.958,4177.5,345.755,1,51,0.761194,455.254,12,62479.1,62331.1,50404,50401
2,4,54,SLH-DSA-SHAKE-128f_signed-by_SLH-DSA-SHAKE-192s,SLH-DSA-SHAKE-128f_signed-by_SLH-DSA-SHAKE-192s,223.221,3648.57,477.087,1,127,0.969466,272.137,24,62412.1,62621.2,50404,50401
2,2,45,SLH-DSA-SHAKE-128f_signed-by_SLH-DSA-SHAKE-192s,SLH-DSA-SHAKE-128f_signed-by_SLH-DSA-SHAKE-192s,214.151,3803.1,368.935,1,49,0.532609,319.043,24,62235,62619,50404,50401
2,6,65,SLH-DSA-SHAKE-128f_signed-by_SLH-DSA-SHAKE-192s,SLH-DSA-SHAKE-128f_signed-by_SLH-DSA-SHAKE-192s,204.304,3986.39,304.486,1,0,0,389.385,12,62694.8,62331.8,50404,50401
2,1,59,SLH-DSA-SHAKE-128f_signed-by_SLH-DSA-SHAKE-192s,SLH-DSA-SHAKE-128f_signed-by_SLH-DSA-SHAKE-192s,194.632,4184.51,350.199,0.676471,23,0.338235,367.176,24,62400.5,62242.4,50404,50401
2,8,66,SLH-DSA-SHAKE-128f_signed-by_SLH-DSA-SHAKE-192s,SLH-DSA-SHAKE-128f_signed-by_SLH-DSA-SHAKE-192s,210.202,3874.56,329.892,0.986667,21,0.28,382.533,19,62327.4,62356.7,50404,50401
2,3,65,SLH-DSA-SHAKE-128f_signed-by_SLH-DSA-SHAKE-192s,SLH-DSA-SHAKE-128f_signed-by_SLH-DSA-SHAKE-192s,199.525,4081.89,310.497,1,0,0,394.875,24,62837.7,62733.1,50404,50401
2,4,55,SLH-DSA-SHAKE-128f_signed-by_SLH-DSA-SHAKE-192s,SLH-DSA-SHAKE-128f_signed-by_SLH-DSA-SHAKE-192s,195.664,4162.44,317.933,1,0,0,389.385,24,62291.4,62313,50404,50401
2,5,60,SLH-DSA-SHAKE-128f_signed-by_SLH-DSA-SHAKE-192s,SLH-DSA-SHAKE-128f_signed-by_SLH-DSA-SHAKE-192s,208.168,3912.41,367.702,1,41,0.482353,377.294,12,62393,62716.6,50404,50401
2,2,46,SLH-DSA-SHAKE-128f_signed-by_SLH-DSA-SHAKE-192s,SLH-DSA-SHAKE-128f_signed-by_SLH-DSA-SHAKE-192s,192.313,4234.97,323.473,1,0,0,389.385,24,62256.2,62299.7,50404,50401
2,6,66,SLH-DSA-SHAKE-128f_signed-by_SLH-DSA-SHAKE-192s,SLH-DSA-SHAKE-128f_signed-by_SLH-DSA-SHAKE-192s,201.233,4047.24,309.134,1,0,0,389.385,12,62339.6,62143.9,50404,50401
2,1,60,SLH-DSA-SHAKE-128f_signed-by_SLH-DSA-SHAKE-192s,SLH-DSA-SHAKE-128f_signed-by_SLH-DSA-SHAKE-192s,201.88,4034.26,395.164,1,129,1.76712,539.699,24,62656,62230.6,50404,50401
2,8,67,SLH-DSA-SHAKE-128f_signed-by_SLH-DSA-SHAKE-192s,SLH-DSA-SHAKE-128f_signed-by_SLH-DSA-SHAKE-192s,199.537,4081.64,400.286,1,50,0.549451,822.791,19,62667.8,62248.3,50404,50401
2,5,61,SLH-DSA-SHAKE-128f_signed-by_SLH-DSA-SHAKE-192s,SLH-DSA-SHAKE-128f_signed-by_SLH-DSA-SHAKE-192s,197.207,4129.87,316.581,1,0,0,378.776,12,62285.6,62269.8,50404,50401
2,4,56,SLH-DSA-SHAKE-128f_signed-by_SLH-DSA-SHAKE-192s,SLH-DSA-SHAKE-128f_signed-by_SLH-DSA-SHAKE-192s,203.779,3996.67,490.099,1,112,1.06667,429.086,24,62445.9,62529.4,50404,50401
2,3,66,SLH-DSA-SHAKE-128f_signed-by_SLH-DSA-SHAKE-192s,SLH-DSA-SHAKE-128f_signed-by_SLH-DSA-SHAKE-192s,240.468,3386.88,343.329,1,79,0.908046,380.989,24,63347.2,62340.9,50404,50401
2,2,47,SLH-DSA-SHAKE-128f_signed-by_SLH-DSA-SHAKE-192s,SLH-DSA-SHAKE-128f_signed-by_SLH-DSA-SHAKE-192s,219.631,3708.2,283.237,1,0,0,389.385,24,62286.5,62216.1,50404,50401
2,6,67,SLH-DSA-SHAKE-128f_signed-by_SLH-DSA-SHAKE-192s,SLH-DSA-SHAKE-128f_signed-by_SLH-DSA-SHAKE-192s,206.448,3945,300.084,1,0,0,394.875,12,62449.9,62291.5,50404,50401
2,1,61,SLH-DSA-SHAKE-128f_signed-by_SLH-DSA-SHAKE-192s,SLH-DSA-SHAKE-128f_signed-by_SLH-DSA-SHAKE-192s,202.522,4021.49,381.193,1,68,0.944444,467.278,24,62379.2,62284.8,50404,50401
2,8,68,SLH-DSA-SHAKE-128f_signed-by_SLH-DSA-SHAKE-192s,SLH-DSA-SHAKE-128f_signed-by_SLH-DSA-SHAKE-192s,204.678,3979.11,302.679,1,0,0,394.875,20,62258.2,62633.7,50404,50401
2,5,62,SLH-DSA-SHAKE-128f_signed-by_SLH-DSA-SHAKE-192s,SLH-DSA-SHAKE-128f_signed-by_SLH-DSA-SHAKE-192s,194.004,4198.05,320.653,1,0,0,389.385,12,62325.2,62285.1,50404,50401
2,3,67,SLH-DSA-SHAKE-128f_signed-by_SLH-DSA-SHAKE-192s,SLH-DSA-SHAKE-128f_signed-by_SLH-DSA-SHAKE-192s,194.401,4189.48,362.302,1,23,0.294872,334.872,24,62190.7,62364.1,50404,50401
2,4,57,SLH-DSA-SHAKE-128f_signed-by_SLH-DSA-SHAKE-192s,SLH-DSA-SHAKE-128f_signed-by_SLH-DSA-SHAKE-192s,234.524,3472.73,478.654,1,149,1.1203,333.098,24,62647.4,62120.2,50404,50401
2,2,48,SLH-DSA-SHAKE-128f_signed-by_SLH-DSA-SHAKE-192s,SLH-DSA-SHAKE-128f_signed-by_SLH-DSA-SHAKE-192s,205.961,3954.34,440.86,1,82,0.766355,321.664,24,62238.2,62546.6,50404,50401
2,6,68,SLH-DSA-SHAKE-128f_signed-by_SLH-DSA-SHAKE-192s,SLH-DSA-SHAKE-128f_signed-by_SLH-DSA-SHAKE-192s,210.327,3872.25,295.768,1,0,0,389.385,13,62324.5,62270.3,50404,50401
2,1,62,SLH-DSA-SHAKE-128f_signed-by_SLH-DSA-SHAKE-192s,SLH-DSA-SHAKE-128f_signed-by_SLH-DSA-SHAKE-192s,206.927,3935.86,388,1,90,1.23288,500.959,24,62303.8,62283.7,50404,50401
2,5,63,SLH-DSA-SHAKE-128f_signed-by_SLH-DSA-SHAKE-192s,SLH-DSA-SHAKE-128f_signed-by_SLH-DSA-SHAKE-192s,222.439,3661.41,321.958,1,27,0.341772,368.38,12,62302.6,62627.1,50404,50401
2,3,68,SLH-DSA-SHAKE-128f_signed-by_SLH-DSA-SHAKE-192s,SLH-DSA-SHAKE-128f_signed-by_SLH-DSA-SHAKE-192s,218.209,3732.38,303.049,1,13,0.180556,357.333,24,62517.4,62475.3,50404,50401
2,4,58,SLH-DSA-SHAKE-128f_signed-by_SLH-DSA-SHAKE-192s,SLH-DSA-SHAKE-128f_signed-by_SLH-DSA-SHAKE-192s,213.128,3821.36,364.175,1,102,1.45714,474.571,24,62508.9,63220.1,50404,50401
2,2,49,SLH-DSA-SHAKE-128f_signed-by_SLH-DSA-SHAKE-192s,SLH-DSA-SHAKE-128f_signed-by_SLH-DSA-SHAKE-192s,224.249,3631.84,350.68,1,66,0.825,490.35,24,62436.6,62576.4,50404,50401
2,6,69,SLH-DSA-SHAKE-128f_signed-by_SLH-DSA-SHAKE-192s,SLH-DSA-SHAKE-128f_signed-by_SLH-DSA-SHAKE-192s,217.027,3752.7,377.316,1,54,0.574468,353.362,13,62462.7,62692.1,50404,50401
2,1,63,SLH-DSA-SHAKE-128f_signed-by_SLH-DSA-SHAKE-192s,SLH-DSA-SHAKE-128f_signed-by_SLH-DSA-SHAKE-192s,195.065,4175.2,318.908,1,0,0,389.385,24,62827.3,62297.4,50404,50401
2,5,64,SLH-DSA-SHAKE-128f_signed-by_SLH-DSA-SHAKE-192s,SLH-DSA-SHAKE-128f_signed-by_SLH-DSA-SHAKE-192s,206.89,3936.58,299.444,0.390625,0,0,394.875,13,62259.9,62526.6,50404,50401
2,3,69,SLH-DSA-SHAKE-128f_signed-by_SLH-DSA-SHAKE-192s,SLH-DSA-SHAKE-128f_signed-by_SLH-DSA-SHAKE-192s,196.136,4152.41,315.861,0.390625,0,0,394.875,24,62331.6,62135.8,50404,50401
2,4,59,SLH-DSA-SHAKE-128f_signed-by_SLH-DSA-SHAKE-192s,SLH-DSA-SHAKE-128f_signed-by_SLH-DSA-SHAKE-192s,189.946,4287.73,326.154,0.390625,0,0,394.875,24,62618.6,62326.3,50404,50401
2,2,50,SLH-DSA-SHAKE-128f_signed-by_SLH-DSA-SHAKE-192s,SLH-DSA-SHAKE-128f_signed-by_SLH-DSA-SHAKE-192s,188.294,4325.35,356.632,0.712121,51,0.772727,415.818,24,62594.4,62530.4,50404,50401
2,6,70,SLH-DSA-SHAKE-128f_signed-by_SLH-DSA-SHAKE-192s,SLH-DSA-SHAKE-128f_signed-by_SLH-DSA-SHAKE-192s,193.307,4213.18,320.484,0.734375,0,0,394.875,14,62671.7,62383.2,50404,50401
2,1,64,SLH-DSA-SHAKE-128f_signed-by_SLH-DSA-SHAKE-192s,SLH-DSA-SHAKE-128f_signed-by_SLH-DSA-SHAKE-192s,194.755,4181.85,318.101,0.75,0,0,399.25,24,62429.5,62202.7,50404,50401
2,5,65,SLH-DSA-SHAKE-128f_signed-by_SLH-DSA-SHAKE-192s,SLH-DSA-SHAKE-128f_signed-by_SLH-DSA-SHAKE-192s,197.773,4118.05,338.569,0.753846,0,0,451.723,13,62317.9,62242,50404,50401
2,3,70,SLH-DSA-SHAKE-128f_signed-by_SLH-DSA-SHAKE-192s,SLH-DSA-SHAKE-128f_signed-by_SLH-DSA-SHAKE-192s,198.373,4105.59,313.59,0.753846,0,0,389.385,24,62325.8,62572.5,50404,50401
2,4,60,SLH-DSA-SHAKE-128f_signed-by_SLH-DSA-SHAKE-192s,SLH-DSA-SHAKE-128f_signed-by_SLH-DSA-SHAKE-192s,199.018,4092.28,360.328,0.710145,46,0.666667,486.638,24,62354.8,62445.5,50404,50401
2,2,51,SLH-DSA-SHAKE-128f_signed-by_SLH-DSA-SHAKE-192s,SLH-DSA-SHAKE-128f_signed-by_SLH-DSA-SHAKE-192s,194.82,4180.46,345.672,0.402985,52,0.776119,407.075,24,62998.6,62174.5,50404,50401
2,6,71,SLH-DSA-SHAKE-128f_signed-by_SLH-DSA-SHAKE-192s,SLH-DSA-SHAKE-128f_signed-by_SLH-DSA-SHAKE-192s,195.81,4159.33,341.963,0.415385,1,0.0153846,390.677,14,62429.6,62189.6,50404,50401
2,1,65,SLH-DSA-SHAKE-128f_signed-by_SLH-DSA-SHAKE-192s,SLH-DSA-SHAKE-128f_signed-by_SLH-DSA-SHAKE-192s,193.307,4213.18,320.484,0.015625,0,0,394.875,24,62477,62202.4,50404,50401
2,5,66,SLH-DSA-SHAKE-128f_signed-by_SLH-DSA-SHAKE-192s,SLH-DSA-SHAKE-128f_signed-by_SLH-DSA-SHAKE-192s,189.208,4304.46,328.78,0,0,0,352.092,13,62371.3,62754.4,50404,50401
2,3,71,SLH-DSA-SHAKE-128f_signed-by_SLH-DSA-SHAKE-192s,SLH-DSA-SHAKE-128f_signed-by_SLH-DSA-SHAKE-192s,188.603,4318.27,329.835,0,0,0,352.092,24,62396.5,62281.1,50404,50401
2,4,61,SLH-DSA-SHAKE-128f_signed-by_SLH-DSA-SHAKE-192s,SLH-DSA-SHAKE-128f_signed-by_SLH-DSA-SHAKE-192s,189.906,4288.64,327.572,0,0,0,379.169,24,62626.9,62439.1,50404,50401
2,2,52,SLH-DSA-SHAKE-128f_signed-by_SLH-DSA-SHAKE-192s,SLH-DSA-SHAKE-128f_signed-by_SLH-DSA-SHAKE-192s,190.649,4271.92,324.952,0,0,0,394.875,24,62256.6,62126.1,50404,50401
2,6,72,SLH-DSA-SHAKE-128f_signed-by_SLH-DSA-SHAKE-192s,SLH-DSA-SHAKE-128f_signed-by_SLH-DSA-SHAKE-192s,191.426,4254.58,323.633,0,0,0,394.875,14,62429.8,62534.5,50404,50401
2,1,66,SLH-DSA-SHAKE-128f_signed-by_SLH-DSA-SHAKE-192s,SLH-DSA-SHAKE-128f_signed-by_SLH-DSA-SHAKE-192s,191.981,4242.28,322.698,0.015625,0,0,394.875,24,62703.4,62334.5,50404,50401
2,5,67,SLH-DSA-SHAKE-128f_signed-by_SLH-DSA-SHAKE-192s,SLH-DSA-SHAKE-128f_signed-by_SLH-DSA-SHAKE-192s,188.653,4317.12,328.39,0.015625,0,0,394.875,13,62341.7,62410.5,50404,50401
2,3,72,SLH-DSA-SHAKE-128f_signed-by_SLH-DSA-SHAKE-192s,SLH-DSA-SHAKE-128f_signed-by_SLH-DSA-SHAKE-192s,189.341,4301.43,328.549,0.0153846,0,0,354.8,24,62402.5,62275.4,50404,50401
2,4,62,SLH-DSA-SHAKE-128f_signed-by_SLH-DSA-SHAKE-192s,SLH-DSA-SHAKE-128f_signed-by_SLH-DSA-SHAKE-192s,189.104,4306.82,328.961,0.0153846,0,0,352.092,24,62696.1,62533,50404,50401
2,2,53,SLH-DSA-SHAKE-128f_signed-by_SLH-DSA-SHAKE-192s,SLH-DSA-SHAKE-128f_signed-by_SLH-DSA-SHAKE-192s,189.42,4299.64,330.862,0.0153846,1,0.0153846,389.631,24,62316.4,62267.7,50404,50401
2,6,73,SLH-DSA-SHAKE-128f_signed-by_SLH-DSA-SHAKE-192s,SLH-DSA-SHAKE-128f_signed-by_SLH-DSA-SHAKE-192s,189.182,4305.05,327.472,0.015625,0,0,394.875,15,62336.9,62238.9,50404,50401
2,1,67,SLH-DSA-SHAKE-128f_signed-by_SLH-DSA-SHAKE-192s,SLH-DSA-SHAKE-128f_signed-by_SLH-DSA-SHAKE-192s,189.339,4301.48,328.553,0,0,0,352.092,24,62434.6,62382.8,50404,50401
2,5,68,SLH-DSA-SHAKE-128f_signed-by_SLH-DSA-SHAKE-192s,SLH-DSA-SHAKE-128f_signed-by_SLH-DSA-SHAKE-192s,186.881,4358.07,331.505,0.171875,0,0,394.875,13,63668.1,62153.8,50404,50401
2,3,73,SLH-DSA-SHAKE-128f_signed-by_SLH-DSA-SHAKE-192s,SLH-DSA-SHAKE-128f_signed-by_SLH-DSA-SHAKE-192s,187.913,4334.13,331.046,0.169231,0,0,352.092,24,62404.1,62311.3,50404,50401
2,4,63,SLH-DSA-SHAKE-128f_signed-by_SLH-DSA-SHAKE-192s,SLH-DSA-SHAKE-128f_signed-by_SLH-DSA-SHAKE-192s,188.507,4320.47,329.239,0.169231,0,0,389.323,24,62759.1,62384.1,50404,50401
2,2,54,SLH-DSA-SHAKE-128f_signed-by_SLH-DSA-SHAKE-192s,SLH-DSA-SHAKE-128f_signed-by_SLH-DSA-SHAKE-192s,189.427,4299.49,371.224,0.142857,23,0.298701,327.143,24,62382.6,62510.7,50404,50401
2,6,74,SLH-DSA-SHAKE-128f_signed-by_SLH-DSA-SHAKE-192s,SLH-DSA-SHAKE-128f_signed-by_SLH-DSA-SHAKE-192s,197.594,4121.77,315.393,0.166667,0,0,435.697,15,62384.9,62654.4,50404,50401
2,1,68,SLH-DSA-SHAKE-128f_signed-by_SLH-DSA-SHAKE-192s,SLH-DSA-SHAKE-128f_signed-by_SLH-DSA-SHAKE-192s,194.601,4185.17,318.353,0.171875,0,0,394.875,24,62720.6,62154.7,50404,50401
2,5,69,SLH-DSA-SHAKE-128f_signed-by_SLH-DSA-SHAKE-192s,SLH-DSA-SHAKE-128f_signed-by_SLH-DSA-SHAKE-192s,199.489,4082.63,310.553,1,0,0,394.875,13,62762,62371.3,50404,50401
2,3,74,SLH-DSA-SHAKE-128f_signed-by_SLH-DSA-SHAKE-192s,SLH-DSA-SHAKE-128f_signed-by_SLH-DSA-SHAKE-192s,198.51,4102.76,312.085,1,0,0,394.875,24,62414.7,62570.1,50404,50401
2,4,64,SLH-DSA-SHAKE-128f_signed-by_SLH-DSA-SHAKE-192s,SLH-DSA-SHAKE-128f_signed-by_SLH-DSA-SHAKE-192s,195.541,4165.06,316.823,1,0,0,394.875,24,62289,62104,50404,50401
2,8,69,SLH-DSA-SHAKE-128f_signed-by_SLH-DSA-SHAKE-192s,SLH-DSA-SHAKE-128f_signed-by_SLH-DSA-SHAKE-192s,1439.27,565.872,54.7946,1,49,0.5,248.041,20,62671.5,62180.1,50404,50401
2,2,55,SLH-DSA-SHAKE-128f_signed-by_SLH-DSA-SHAKE-192s,SLH-DSA-SHAKE-128f_signed-by_SLH-DSA-SHAKE-192s,213.604,3812.85,494.972,0.929134,123,0.968504,336.898,24,62501.3,62203.9,50404,50401
2,6,75,SLH-DSA-SHAKE-128f_signed-by_SLH-DSA-SHAKE-192s,SLH-DSA-SHAKE-128f_signed-by_SLH-DSA-SHAKE-192s,198.355,4105.96,332.736,1,11,0.15493,330.62,15,62337.3,62265.2,50404,50401
2,1,69,SLH-DSA-SHAKE-128f_signed-by_SLH-DSA-SHAKE-192s,SLH-DSA-SHAKE-128f_signed-by_SLH-DSA-SHAKE-192s,199.751,4077.26,329.128,1,11,0.157143,370,24,62499.9,62580.9,50404,50401
2,3,75,SLH-DSA-SHAKE-128f_signed-by_SLH-DSA-SHAKE-192s,SLH-DSA-SHAKE-128f_signed-by_SLH-DSA-SHAKE-192s,204.72,3978.31,320.203,1,5,0.0724638,370.29,24,62598.3,62121.6,50404,50401
2,5,70,SLH-DSA-SHAKE-128f_signed-by_SLH-DSA-SHAKE-192s,SLH-DSA-SHAKE-128f_signed-by_SLH-DSA-SHAKE-192s,226.924,3589.03,348.521,1,49,0.544444,334.8,13,62323,62213.3,50404,50401
2,4,65,SLH-DSA-SHAKE-128f_signed-by_SLH-DSA-SHAKE-192s,SLH-DSA-SHAKE-128f_signed-by_SLH-DSA-SHAKE-192s,211.871,3844.04,320.346,1,83,1.23881,551.851,24,62373.1,62248.5,50404,50401
2,2,56,SLH-DSA-SHAKE-128f_signed-by_SLH-DSA-SHAKE-192s,SLH-DSA-SHAKE-128f_signed-by_SLH-DSA-SHAKE-192s,211.783,3845.62,293.733,0.969231,0,0,389.385,24,62302.7,62210,50404,50401
2,6,76,SLH-DSA-SHAKE-128f_signed-by_SLH-DSA-SHAKE-192s,SLH-DSA-SHAKE-128f_signed-by_SLH-DSA-SHAKE-192s,212.758,3827.99,291.71,0.969231,0,0,386.923,16,62316.7,62599.1,50404,50401
2,8,70,SLH-DSA-SHAKE-128f_signed-by_SLH-DSA-SHAKE-192s,SLH-DSA-SHAKE-128f_signed-by_SLH-DSA-SHAKE-192s,224.174,3633.07,402.116,0.59434,79,0.745283,345.094,19,62430.4,62155.4,50404,50401
2,1,70,SLH-DSA-SHAKE-128f_signed-by_SLH-DSA-SHAKE-192s,SLH-DSA-SHAKE-128f_signed-by_SLH-DSA-SHAKE-192s,212.63,3830.3,291.359,1,0,0,438.938,24,62287.6,62278.4,50404,50401
2,3,76,SLH-DSA-SHAKE-128f_signed-by_SLH-DSA-SHAKE-192s,SLH-DSA-SHAKE-128f_signed-by_SLH-DSA-SHAKE-192s,235.189,3462.91,263.413,0.796875,0,0,392.25,24,62316.4,62642.6,50404,50401
2,5,71,SLH-DSA-SHAKE-128f_signed-by_SLH-DSA-SHAKE-192s,SLH-DSA-SHAKE-128f_signed-by_SLH-DSA-SHAKE-192s,230.052,3540.23,270.408,0.784615,0,0,386.8,13,62390.6,62231.3,50404,50401
2,4,66,SLH-DSA-SHAKE-128f_signed-by_SLH-DSA-SHAKE-192s,SLH-DSA-SHAKE-128f_signed-by_SLH-DSA-SHAKE-192s,231.579,3516.89,267.519,0.84375,0,0,392.25,24,62345.6,62281.6,50404,50401
2,2,57,SLH-DSA-SHAKE-128f_signed-by_SLH-DSA-SHAKE-192s,SLH-DSA-SHAKE-128f_signed-by_SLH-DSA-SHAKE-192s,221.627,3674.82,283.286,1,1,0.0151515,381.697,24,62242.6,62339.2,50404,50401
2,8,71,SLH-DSA-SHAKE-128f_signed-by_SLH-DSA-SHAKE-192s,SLH-DSA-SHAKE-128f_signed-by_SLH-DSA-SHAKE-192s,225.747,3607.75,360.828,1,100,1.38889,656.833,19,62606.9,62588.4,50404,50401
2,1,71,SLH-DSA-SHAKE-128f_signed-by_SLH-DSA-SHAKE-192s,SLH-DSA-SHAKE-128f_signed-by_SLH-DSA-SHAKE-192s,221.848,3671.16,282.499,1,1,0.0153846,389.631,24,62396.5,62213.4,50404,50401
2,6,77,SLH-DSA-SHAKE-128f_signed-by_SLH-DSA-SHAKE-192s,SLH-DSA-SHAKE-128f_signed-by_SLH-DSA-SHAKE-192s,232.424,3504.11,267.648,1,0,0,389.385,16,62358,62124.4,50404,50401
2,5,72,SLH-DSA-SHAKE-128f_signed-by_SLH-DSA-SHAKE-192s,SLH-DSA-SHAKE-128f_signed-by_SLH-DSA-SHAKE-192s,218.909,3720.45,288.85,1,0,0,369.014,13,62243.1,62321.6,50404,50401
2,3,77,SLH-DSA-SHAKE-128f_signed-by_SLH-DSA-SHAKE-192s,SLH-DSA-SHAKE-128f_signed-by_SLH-DSA-SHAKE-192s,228.959,3557.14,296.577,1,14,0.191781,356.575,24,62317.6,62316.4,50404,50401
2,4,67,SLH-DSA-SHAKE-128f_signed-by_SLH-DSA-SHAKE-192s,SLH-DSA-SHAKE-128f_signed-by_SLH-DSA-SHAKE-192s,223.191,3649.07,305.245,1,83,1.22059,534.941,24,62512.9,62572.4,50404,50401
2,2,58,SLH-DSA-SHAKE-128f_signed-by_SLH-DSA-SHAKE-192s,SLH-DSA-SHAKE-128f_signed-by_SLH-DSA-SHAKE-192s,217.15,3750.58,285.811,1,0,0,386.738,24,62285.8,62479.1,50404,50401
2,6,78,SLH-DSA-SHAKE-128f_signed-by_SLH-DSA-SHAKE-192s,SLH-DSA-SHAKE-128f_signed-by_SLH-DSA-SHAKE-192s,219.55,3709.58,282.177,1,0,0,394.875,16,62473.2,62244.9,50404,50401
2,8,72,SLH-DSA-SHAKE-128f_signed-by_SLH-DSA-SHAKE-192s,SLH-DSA-SHAKE-128f_signed-by_SLH-DSA-SHAKE-192s,226.862,3590.02,331.76,1,73,0.935897,449.231,18,62396.7,62214.3,50404,50401
2,1,72,SLH-DSA-SHAKE-128f_signed-by_SLH-DSA-SHAKE-192s,SLH-DSA-SHAKE-128f_signed-by_SLH-DSA-SHAKE-192s,226.729,3592.12,314.031,1,62,0.849315,388.63,24,62742.3,62245.8,50404,50401
2,3,78,SLH-DSA-SHAKE-128f_signed-by_SLH-DSA-SHAKE-192s,SLH-DSA-SHAKE-128f_signed-by_SLH-DSA-SHAKE-192s,222.15,3666.17,328.211,1,23,0.338235,459.412,24,62319.9,62691.7,50404,50401
2,5,73,SLH-DSA-SHAKE-128f_signed-by_SLH-DSA-SHAKE-192s,SLH-DSA-SHAKE-128f_signed-by_SLH-DSA-SHAKE-192s,240.724,3383.29,276.499,1,12,0.162162,348.649,13,62399.2,62480.8,50404,50401
2,4,68,SLH-DSA-SHAKE-128f_signed-by_SLH-DSA-SHAKE-192s,SLH-DSA-SHAKE-128f_signed-by_SLH-DSA-SHAKE-192s,236.571,3442.68,301.778,1,63,0.851351,374.757,24,62399.3,62227,50404,50401
2,1,73,SLH-DSA-SHAKE-128f_signed-by_SLH-DSA-SHAKE-192s,SLH-DSA-SHAKE-128f_signed-by_SLH-DSA-SHAKE-192s,221.445,3677.84,279.762,1,0,0,394.875,24,62618.4,62513.9,50404,50401
2,2,59,SLH-DSA-SHAKE-128f_signed-by_SLH-DSA-SHAKE-192s,SLH-DSA-SHAKE-128f_signed-by_SLH-DSA-SHAKE-192s,251.321,3240.63,312.906,1,66,0.825,450.25,24,62274.2,62313,50404,50401
2,6,79,SLH-DSA-SHAKE-128f_signed-by_SLH-DSA-SHAKE-192s,SLH-DSA-SHAKE-128f_signed-by_SLH-DSA-SHAKE-192s,241.757,3368.83,304.967,1,78,1.08333,412.056,17,62397.2,62637.2,50404,50401
2,8,73,SLH-DSA-SHAKE-128f_signed-by_SLH-DSA-SHAKE-192s,SLH-DSA-SHAKE-128f_signed-by_SLH-DSA-SHAKE-192s,242.187,3362.85,343.998,1,125,1.73611,518.222,18,62369.1,63367.2,50404,50401
2,3,79,SLH-DSA-SHAKE-128f_signed-by_SLH-DSA-SHAKE-192s,SLH-DSA-SHAKE-128f_signed-by_SLH-DSA-SHAKE-192s,205.638,3960.54,319.707,1,11,0.157143,369.429,24,62428.8,62719.2,50404,50401
2,5,74,SLH-DSA-SHAKE-128f_signed-by_SLH-DSA-SHAKE-192s,SLH-DSA-SHAKE-128f_signed-by_SLH-DSA-SHAKE-192s,199.48,4082.81,311.128,1,0,0,389.323,13,62203,62286.9,50404,50401
2,4,69,SLH-DSA-SHAKE-128f_signed-by_SLH-DSA-SHAKE-192s,SLH-DSA-SHAKE-128f_signed-by_SLH-DSA-SHAKE-192s,206.526,3943.51,362.026,1,37,0.440476,335.333,24,62555.1,62489.8,50404,50401
2,2,60,SLH-DSA-SHAKE-128f_signed-by_SLH-DSA-SHAKE-192s,SLH-DSA-SHAKE-128f_signed-by_SLH-DSA-SHAKE-192s,198.245,4108.25,407.173,1,54,0.580645,315.419,24,63015.6,62179.6,50404,50401
2,1,74,SLH-DSA-SHAKE-128f_signed-by_SLH-DSA-SHAKE-192s,SLH-DSA-SHAKE-128f_signed-by_SLH-DSA-SHAKE-192s,209.57,3886.24,471.975,0.840336,105,0.882353,316.319,24,62558.4,62169.6,50404,50401
2,6,80,SLH-DSA-SHAKE-128f_signed-by_SLH-DSA-SHAKE-192s,SLH-DSA-SHAKE-128f_signed-by_SLH-DSA-SHAKE-192s,209.042,3896.05,296.361,1,0,0,407.375,17,62807.7,62635.9,50404,50401
2,8,74,SLH-DSA-SHAKE-128f_signed-by_SLH-DSA-SHAKE-192s,SLH-DSA-SHAKE-128f_signed-by_SLH-DSA-SHAKE-192s,207.675,3921.7,298.312,1,0,0,394.875,17,62363.9,62295.8,50404,50401
2,3,80,SLH-DSA-SHAKE-128f_signed-by_SLH-DSA-SHAKE-192s,SLH-DSA-SHAKE-128f_signed-by_SLH-DSA-SHAKE-192s,213.255,3819.08,290.506,0.84375,0,0,394.875,24,62805.6,62474.2,50404,50401
2,5,75,SLH-DSA-SHAKE-128f_signed-by_SLH-DSA-SHAKE-192s,SLH-DSA-SHAKE-128f_signed-by_SLH-DSA-SHAKE-192s,216.72,3758.02,285.861,0.84375,0,0,392.25,13,62335.6,62468.1,50404,50401
2,4,70,SLH-DSA-SHAKE-128f_signed-by_SLH-DSA-SHAKE-192s,SLH-DSA-SHAKE-128f_signed-by_SLH-DSA-SHAKE-192s,211.583,3849.27,292.802,0.84375,0,0,392.25,24,62503.5,62073.5,50404,50401
2,2,61,SLH-DSA-SHAKE-128f_signed-by_SLH-DSA-SHAKE-192s,SLH-DSA-SHAKE-128f_signed-by_SLH-DSA-SHAKE-192s,204.857,3975.64,327.798,0.818182,51,0.772727,419.758,24,62432.4,62248.1,50404,50401
2,1,75,SLH-DSA-SHAKE-128f_signed-by_SLH-DSA-SHAKE-192s,SLH-DSA-SHAKE-128f_signed-by_SLH-DSA-SHAKE-192s,208.309,3909.75,342.26,0.683544,25,0.316456,364.177,24,62667.3,62200,50404,50401
2,6,81,SLH-DSA-SHAKE-128f_signed-by_SLH-DSA-SHAKE-192s,SLH-DSA-SHAKE-128f_signed-by_SLH-DSA-SHAKE-192s,210.121,3876.04,323.165,0.910448,23,0.343284,405.284,17,62212.8,62416.1,50404,50401
2,8,75,SLH-DSA-SHAKE-128f_signed-by_SLH-DSA-SHAKE-192s,SLH-DSA-SHAKE-128f_signed-by_SLH-DSA-SHAKE-192s,211.111,3857.86,311.418,0.714286,11,0.157143,375.143,17,62345.9,62420.7,50404,50401
2,3,81,SLH-DSA-SHAKE-128f_signed-by_SLH-DSA-SHAKE-192s,SLH-DSA-SHAKE-128f_signed-by_SLH-DSA-SHAKE-192s,200.692,4058.14,352.698,1,25,0.324675,360.182,24,62335.8,62259.8,50404,50401
2,5,76,SLH-DSA-SHAKE-128f_signed-by_SLH-DSA-SHAKE-192s,SLH-DSA-SHAKE-128f_signed-by_SLH-DSA-SHAKE-192s,222.143,3666.28,278.883,1,0,0,408.75,12,62798.1,62139,50404,50401
2,2,62,SLH-DSA-SHAKE-128f_signed-by_SLH-DSA-SHAKE-192s,SLH-DSA-SHAKE-128f_signed-by_SLH-DSA-SHAKE-192s,221.232,3681.37,325.522,1,27,0.3375,353.9,24,62218.3,62435.2,50404,50401
2,4,71,SLH-DSA-SHAKE-128f_signed-by_SLH-DSA-SHAKE-192s,SLH-DSA-SHAKE-128f_signed-by_SLH-DSA-SHAKE-192s,235.397,3459.84,322.926,1,40,0.470588,356.588,24,62277.3,62285.3,50404,50401
2,8,76,SLH-DSA-SHAKE-128f_signed-by_SLH-DSA-SHAKE-192s,SLH-DSA-SHAKE-128f_signed-by_SLH-DSA-SHAKE-192s,210.182,3874.92,382.068,1,88,1.20548,519.315,16,62310.6,62206.4,50404,50401
2,1,76,SLH-DSA-SHAKE-128f_signed-by_SLH-DSA-SHAKE-192s,SLH-DSA-SHAKE-128f_signed-by_SLH-DSA-SHAKE-192s,232.471,3503.39,447.916,1,181,1.72381,498.914,24,62585.2,62279.5,50404,50401
2,6,82,SLH-DSA-SHAKE-128f_signed-by_SLH-DSA-SHAKE-192s,SLH-DSA-SHAKE-128f_signed-by_SLH-DSA-SHAKE-192s,226.244,3599.82,326.443,1,46,0.657143,424.857,17,62636.1,62618,50404,50401
2,3,82,SLH-DSA-SHAKE-128f_signed-by_SLH-DSA-SHAKE-192s,SLH-DSA-SHAKE-128f_signed-by_SLH-DSA-SHAKE-192s,203.085,4010.34,348.544,0.493506,25,0.324675,360.182,24,62272,62183.1,50404,50401
2,5,77,SLH-DSA-SHAKE-128f_signed-by_SLH-DSA-SHAKE-192s,SLH-DSA-SHAKE-128f_signed-by_SLH-DSA-SHAKE-192s,206.52,3943.63,299.98,0.59375,0,0,394.875,12,62436.8,62213.9,50404,50401
2,2,63,SLH-DSA-SHAKE-128f_signed-by_SLH-DSA-SHAKE-192s,SLH-DSA-SHAKE-128f_signed-by_SLH-DSA-SHAKE-192s,210.889,3861.94,384.354,0.413043,53,0.576087,356,24,62557.5,62090.1,50404,50401
2,4,72,SLH-DSA-SHAKE-128f_signed-by_SLH-DSA-SHAKE-192s,SLH-DSA-SHAKE-128f_signed-by_SLH-DSA-SHAKE-192s,212.322,3835.87,294.722,0.567164,0,0,380.03,24,62365.1,62702.4,50404,50401
2,1,77,SLH-DSA-SHAKE-128f_signed-by_SLH-DSA-SHAKE-192s,SLH-DSA-SHAKE-128f_signed-by_SLH-DSA-SHAKE-192s,214.749,3792.52,289.678,1,0,0,386.985,24,62683.4,62314.8,50404,50401
2,8,77,SLH-DSA-SHAKE-128f_signed-by_SLH-DSA-SHAKE-192s,SLH-DSA-SHAKE-128f_signed-by_SLH-DSA-SHAKE-192s,219.413,3711.9,282.353,1,0,0,441.188,16,62202.7,62205.2,50404,50401
2,6,83,SLH-DSA-SHAKE-128f_signed-by_SLH-DSA-SHAKE-192s,SLH-DSA-SHAKE-128f_signed-by_SLH-DSA-SHAKE-192s,212.644,3830.06,292.545,1,0,0,389.385,17,62578.3,62257.3,50404,50401
2,3,83,SLH-DSA-SHAKE-128f_signed-by_SLH-DSA-SHAKE-192s,SLH-DSA-SHAKE-128f_signed-by_SLH-DSA-SHAKE-192s,197.903,4115.34,357.669,0.467532,25,0.324675,383.039,24,62438.9,62775,50404,50401
2,5,78,SLH-DSA-SHAKE-128f_signed-by_SLH-DSA-SHAKE-192s,SLH-DSA-SHAKE-128f_signed-by_SLH-DSA-SHAKE-192s,210.139,3875.72,294.814,0.5625,0,0,392.25,12,62299,62623.5,50404,50401
2,2,64,SLH-DSA-SHAKE-128f_signed-by_SLH-DSA-SHAKE-192s,SLH-DSA-SHAKE-128f_signed-by_SLH-DSA-SHAKE-192s,196.493,4144.87,315.287,0.5625,0,0,394.875,24,62407,62504.1,50404,50401
2,4,73,SLH-DSA-SHAKE-128f_signed-by_SLH-DSA-SHAKE-192s,SLH-DSA-SHAKE-128f_signed-by_SLH-DSA-SHAKE-192s,201.897,4033.92,351.623,0.691176,45,0.661765,463.353,24,62476.1,62317.2,50404,50401
2,1,78,SLH-DSA-SHAKE-128f_signed-by_SLH-DSA-SHAKE-192s,SLH-DSA-SHAKE-128f_signed-by_SLH-DSA-SHAKE-192s,194.356,4190.44,326.163,0.863636,2,0.030303,384.606,24,62335.6,62318.9,50404,50401
2,8,78,SLH-DSA-SHAKE-128f_signed-by_SLH-DSA-SHAKE-192s,SLH-DSA-SHAKE-128f_signed-by_SLH-DSA-SHAKE-192s,201.89,4034.06,311.693,0.863636,1,0.0151515,384.303,15,62283,62255.7,50404,50401
2,6,84,SLH-DSA-SHAKE-128f_signed-by_SLH-DSA-SHAKE-192s,SLH-DSA-SHAKE-128f_signed-by_SLH-DSA-SHAKE-192s,203.793,3996.39,303.994,0.890625,0,0,394.875,16,62762.9,62228,50404,50401
2,3,84,SLH-DSA-SHAKE-128f_signed-by_SLH-DSA-SHAKE-192s,SLH-DSA-SHAKE-128f_signed-by_SLH-DSA-SHAKE-192s,193.822,4201.99,320.954,1,0,0,352.092,24,62641.3,62205.5,50404,50401
2,5,79,SLH-DSA-SHAKE-128f_signed-by_SLH-DSA-SHAKE-192s,SLH-DSA-SHAKE-128f_signed-by_SLH-DSA-SHAKE-192s,204.818,3976.41,305.989,1,1,0.0153846,389.631,12,62210.3,62164.6,50404,50401
2,4,74,SLH-DSA-SHAKE-128f_signed-by_SLH-DSA-SHAKE-192s,SLH-DSA-SHAKE-128f_signed-by_SLH-DSA-SHAKE-192s,202.992,4012.17,349.728,1,45,0.661765,463.353,24,62290.5,62695.9,50404,50401
2,2,65,SLH-DSA-SHAKE-128f_signed-by_SLH-DSA-SHAKE-192s,SLH-DSA-SHAKE-128f_signed-by_SLH-DSA-SHAKE-192s,223.36,3646.3,377.578,1,89,1.08537,432.829,24,62266.4,62231.8,50404,50401
2,1,79,SLH-DSA-SHAKE-128f_signed-by_SLH-DSA-SHAKE-192s,SLH-DSA-SHAKE-128f_signed-by_SLH-DSA-SHAKE-192s,207.823,3918.9,345.293,1,26,0.329114,352.228,24,62470.1,62482.6,50404,50401
2,6,85,SLH-DSA-SHAKE-128f_signed-by_SLH-DSA-SHAKE-192s,SLH-DSA-SHAKE-128f_signed-by_SLH-DSA-SHAKE-192s,205.075,3971.41,402.115,0.954545,124,1.40909,447.364,16,62987.8,62287.3,50404,50401
2,8,79,SLH-DSA-SHAKE-128f_signed-by_SLH-DSA-SHAKE-192s,SLH-DSA-SHAKE-128f_signed-by_SLH-DSA-SHAKE-192s,219.78,3705.69,301.464,1,11,0.152778,362.444,15,62343.5,62478.1,50404,50401
2,3,85,SLH-DSA-SHAKE-128f_signed-by_SLH-DSA-SHAKE-192s,SLH-DSA-SHAKE-128f_signed-by_SLH-DSA-SHAKE-192s,189.86,4289.68,326.303,0,0,0,394.875,24,62408,62279.5,50404,50401
2,5,80,SLH-DSA-SHAKE-128f_signed-by_SLH-DSA-SHAKE-192s,SLH-DSA-SHAKE-128f_signed-by_SLH-DSA-SHAKE-192s,192.769,4224.95,321.379,0,0,0,394.875,12,62307.8,62210.7,50404,50401
2,4,75,SLH-DSA-SHAKE-128f_signed-by_SLH-DSA-SHAKE-192s,SLH-DSA-SHAKE-128f_signed-by_SLH-DSA-SHAKE-192s,190.326,4279.18,326.849,0,0,0,352.092,24,62472.5,62542.7,50404,50401
2,2,66,SLH-DSA-SHAKE-128f_signed-by_SLH-DSA-SHAKE-192s,SLH-DSA-SHAKE-128f_signed-by_SLH-DSA-SHAKE-192s,189.211,4304.4,328.775,0,0,0,352.092,24,62576.2,62258.2,50404,50401
2,1,80,SLH-DSA-SHAKE-128f_signed-by_SLH-DSA-SHAKE-192s,SLH-DSA-SHAKE-128f_signed-by_SLH-DSA-SHAKE-192s,193.663,4205.44,319.895,0.171875,0,0,394.875,24,62346.5,62254.1,50404,50401
2,6,86,SLH-DSA-SHAKE-128f_signed-by_SLH-DSA-SHAKE-192s,SLH-DSA-SHAKE-128f_signed-by_SLH-DSA-SHAKE-192s,194.145,4195.01,320.42,0.169231,0,0,430.862,16,62827.3,62275.9,50404,50401
2,8,80,SLH-DSA-SHAKE-128f_signed-by_SLH-DSA-SHAKE-192s,SLH-DSA-SHAKE-128f_signed-by_SLH-DSA-SHAKE-192s,196.583,4142.98,315.144,0.171875,0,0,394.875,14,62387.6,62884.6,50404,50401
2,3,86,SLH-DSA-SHAKE-128f_signed-by_SLH-DSA-SHAKE-192s,SLH-DSA-SHAKE-128f_signed-by_SLH-DSA-SHAKE-192s,188.773,4314.39,329.539,0.169231,0,0,352.092,24,62732.4,62535.6,50404,50401
2,5,81,SLH-DSA-SHAKE-128f_signed-by_SLH-DSA-SHAKE-192s,SLH-DSA-SHAKE-128f_signed-by_SLH-DSA-SHAKE-192s,193.794,4202.61,319.68,0.171875,0,0,399.25,12,62363.6,62334.5,50404,50401
2,4,76,SLH-DSA-SHAKE-128f_signed-by_SLH-DSA-SHAKE-192s,SLH-DSA-SHAKE-128f_signed-by_SLH-DSA-SHAKE-192s,191.004,4263.97,325.688,0.169231,0,0,389.385,24,62823.4,62198.1,50404,50401
2,2,67,SLH-DSA-SHAKE-128f_signed-by_SLH-DSA-SHAKE-192s,SLH-DSA-SHAKE-128f_signed-by_SLH-DSA-SHAKE-192s,191.068,4262.55,355.39,0.164179,23,0.343284,408.507,24,62304.8,62199.9,50404,50401
2,1,81,SLH-DSA-SHAKE-128f_signed-by_SLH-DSA-SHAKE-192s,SLH-DSA-SHAKE-128f_signed-by_SLH-DSA-SHAKE-192s,194.339,4190.8,320.099,0,0,0,515.785,24,62278,62835.9,50404,50401
2,6,87,SLH-DSA-SHAKE-128f_signed-by_SLH-DSA-SHAKE-192s,SLH-DSA-SHAKE-128f_signed-by_SLH-DSA-SHAKE-192s,188.104,4329.71,330.709,0,0,0,352.092,16,62411,62230.6,50404,50401
2,8,81,SLH-DSA-SHAKE-128f_signed-by_SLH-DSA-SHAKE-192s,SLH-DSA-SHAKE-128f_signed-by_SLH-DSA-SHAKE-192s,189.65,4294.42,326.663,0,0,0,394.875,14,62817.9,62308.6,50404,50401
2,3,87,SLH-DSA-SHAKE-128f_signed-by_SLH-DSA-SHAKE-192s,SLH-DSA-SHAKE-128f_signed-by_SLH-DSA-SHAKE-192s,187.678,4339.56,330.097,0.171875,0,0,394.875,24,62371.2,62368,50404,50401
2,5,82,SLH-DSA-SHAKE-128f_signed-by_SLH-DSA-SHAKE-192s,SLH-DSA-SHAKE-128f_signed-by_SLH-DSA-SHAKE-192s,189.139,4306.02,327.546,0.171875,0,0,394.875,12,62570.6,62293.1,50404,50401
2,4,77,SLH-DSA-SHAKE-128f_signed-by_SLH-DSA-SHAKE-192s,SLH-DSA-SHAKE-128f_signed-by_SLH-DSA-SHAKE-192s,188.917,4311.08,372.818,0.141026,23,0.294872,321.128,24,62360.3,62460,50404,50401
2,2,68,SLH-DSA-SHAKE-128f_signed-by_SLH-DSA-SHAKE-192s,SLH-DSA-SHAKE-128f_signed-by_SLH-DSA-SHAKE-192s,189.151,4305.74,328.878,0.169231,0,0,389.385,24,62546.9,62154.4,50404,50401
2,1,82,SLH-DSA-SHAKE-128f_signed-by_SLH-DSA-SHAKE-192s,SLH-DSA-SHAKE-128f_signed-by_SLH-DSA-SHAKE-192s,187.504,4343.56,331.767,0.169231,0,0,352.092,24,62476.7,62366.2,50404,50401
2,6,88,SLH-DSA-SHAKE-128f_signed-by_SLH-DSA-SHAKE-192s,SLH-DSA-SHAKE-128f_signed-by_SLH-DSA-SHAKE-192s,189.105,4306.81,327.606,0.34375,0,0,394.875,16,62386.1,62321.4,50404,50401
2,8,82,SLH-DSA-SHAKE-128f_signed-by_SLH-DSA-SHAKE-192s,SLH-DSA-SHAKE-128f_signed-by_SLH-DSA-SHAKE-192s,188.308,4325.04,328.993,0.34375,0,0,394.875,14,62490.8,62395.2,50404,50401
2,3,88,SLH-DSA-SHAKE-128f_signed-by_SLH-DSA-SHAKE-192s,SLH-DSA-SHAKE-128f_signed-by_SLH-DSA-SHAKE-192s,189.014,4308.88,329.118,1,0,0,352.092,24,62319.9,62472,50404,50401
2,5,83,SLH-DSA-SHAKE-128f_signed-by_SLH-DSA-SHAKE-192s,SLH-DSA-SHAKE-128f_signed-by_SLH-DSA-SHAKE-192s,203.877,3994.75,306.38,1,0,0,381.515,12,62369.9,62527.9,50404,50401
2,2,69,SLH-DSA-SHAKE-128f_signed-by_SLH-DSA-SHAKE-192s,SLH-DSA-SHAKE-128f_signed-by_SLH-DSA-SHAKE-192s,197.311,4127.69,316.576,1,0,0,384.061,24,62377.2,62091,50404,50401
2,1,83,SLH-DSA-SHAKE-128f_signed-by_SLH-DSA-SHAKE-192s,SLH-DSA-SHAKE-128f_signed-by_SLH-DSA-SHAKE-192s,196.506,4144.6,346.126,1,23,0.338235,399.824,24,62525.1,62343.9,50404,50401
2,6,89,SLH-DSA-SHAKE-128f_signed-by_SLH-DSA-SHAKE-192s,SLH-DSA-SHAKE-128f_signed-by_SLH-DSA-SHAKE-192s,195.175,4172.86,317.417,1,0,0,394.875,16,62276.3,62351.4,50404,50401
2,8,83,SLH-DSA-SHAKE-128f_signed-by_SLH-DSA-SHAKE-192s,SLH-DSA-SHAKE-128f_signed-by_SLH-DSA-SHAKE-192s,198.366,4105.73,391.276,0.957143,50,0.714286,455.486,14,62287.7,62084.8,50404,50401
2,3,89,SLH-DSA-SHAKE-128f_signed-by_SLH-DSA-SHAKE-192s,SLH-DSA-SHAKE-128f_signed-by_SLH-DSA-SHAKE-192s,193.221,4215.06,321.952,0.0153846,0,0,368.338,24,62402.6,62384.3,50404,50401
2,5,84,SLH-DSA-SHAKE-128f_signed-by_SLH-DSA-SHAKE-192s,SLH-DSA-SHAKE-128f_signed-by_SLH-DSA-SHAKE-192s,187.177,4351.16,330.98,0.359375,0,0,394.875,11,62445.8,62352.6,50404,50401
2,2,70,SLH-DSA-SHAKE-128f_signed-by_SLH-DSA-SHAKE-192s,SLH-DSA-SHAKE-128f_signed-by_SLH-DSA-SHAKE-192s,187.235,4349.82,334.723,0.353846,1,0.0153846,400.4,24,62324.6,62196.6,50404,50401
2,1,84,SLH-DSA-SHAKE-128f_signed-by_SLH-DSA-SHAKE-192s,SLH-DSA-SHAKE-128f_signed-by_SLH-DSA-SHAKE-192s,190.933,4265.57,325.81,0.353846,0,0,389.385,24,62314.7,62586.4,50404,50401
2,6,90,SLH-DSA-SHAKE-128f_signed-by_SLH-DSA-SHAKE-192s,SLH-DSA-SHAKE-128f_signed-by_SLH-DSA-SHAKE-192s,190.534,4274.51,325.149,0.34375,0,0,394.875,15,62455,62414.5,50404,50401
2,8,84,SLH-DSA-SHAKE-128f_signed-by_SLH-DSA-SHAKE-192s,SLH-DSA-SHAKE-128f_signed-by_SLH-DSA-SHAKE-192s,191.693,4248.66,366.836,0.285714,23,0.298701,350.571,14,62459.6,62560.8,50404,50401
2,3,90,SLH-DSA-SHAKE-128f_signed-by_SLH-DSA-SHAKE-192s,SLH-DSA-SHAKE-128f_signed-by_SLH-DSA-SHAKE-192s,193.688,4204.9,366.527,0.323529,45,0.661765,453.294,24,62537.9,62211.2,50404,50401
2,5,85,SLH-DSA-SHAKE-128f_signed-by_SLH-DSA-SHAKE-192s,SLH-DSA-SHAKE-128f_signed-by_SLH-DSA-SHAKE-192s,188.194,4327.65,330.552,0,0,0,352.092,11,62753.5,62788.4,50404,50401
2,2,71,SLH-DSA-SHAKE-128f_signed-by_SLH-DSA-SHAKE-192s,SLH-DSA-SHAKE-128f_signed-by_SLH-DSA-SHAKE-192s,187.084,4353.33,331.145,0,0,0,394.875,24,62297.9,62212.8,50404,50401
2,1,85,SLH-DSA-SHAKE-128f_signed-by_SLH-DSA-SHAKE-192s,SLH-DSA-SHAKE-128f_signed-by_SLH-DSA-SHAKE-192s,187.422,4345.48,331.913,0,0,0,352.092,24,62543.7,62602,50404,50401
2,6,91,SLH-DSA-SHAKE-128f_signed-by_SLH-DSA-SHAKE-192s,SLH-DSA-SHAKE-128f_signed-by_SLH-DSA-SHAKE-192s,189.094,4307.05,328.978,0,0,0,352.092,15,62491,62158,50404,50401
2,8,85,SLH-DSA-SHAKE-128f_signed-by_SLH-DSA-SHAKE-192s,SLH-DSA-SHAKE-128f_signed-by_SLH-DSA-SHAKE-192s,187.671,4339.72,330.109,0,0,0,394.875,14,62325,62313.1,50404,50401
2,3,91,SLH-DSA-SHAKE-128f_signed-by_SLH-DSA-SHAKE-192s,SLH-DSA-SHAKE-128f_signed-by_SLH-DSA-SHAKE-192s,189.465,4298.61,326.982,0.015625,0,0,394.875,24,62368.2,62653,50404,50401
2,5,86,SLH-DSA-SHAKE-128f_signed-by_SLH-DSA-SHAKE-192s,SLH-DSA-SHAKE-128f_signed-by_SLH-DSA-SHAKE-192s,188.637,4317.48,329.775,0.0153846,0,0,352.092,10,62281.9,62205.2,50404,50401
2,2,72,SLH-DSA-SHAKE-128f_signed-by_SLH-DSA-SHAKE-192s,SLH-DSA-SHAKE-128f_signed-by_SLH-DSA-SHAKE-192s,186.928,4356.97,332.791,0.0153846,0,0,352.092,24,62558.8,62167.5,50404,50401
2,1,86,SLH-DSA-SHAKE-128f_signed-by_SLH-DSA-SHAKE-192s,SLH-DSA-SHAKE-128f_signed-by_SLH-DSA-SHAKE-192s,187.225,4350.06,332.263,0.0153846,0,0,352.092,24,62773.9,62133.1,50404,50401
2,6,92,SLH-DSA-SHAKE-128f_signed-by_SLH-DSA-SHAKE-192s,SLH-DSA-SHAKE-128f_signed-by_SLH-DSA-SHAKE-192s,187.366,4346.79,332.013,0.0153846,0,0,355.169,14,62404.2,62286.3,50404,50401
2,8,86,SLH-DSA-SHAKE-128f_signed-by_SLH-DSA-SHAKE-192s,SLH-DSA-SHAKE-128f_signed-by_SLH-DSA-SHAKE-192s,189.299,4302.4,331.074,0.0153846,1,0.0153846,389.631,14,62670.3,62283.2,50404,50401
2,3,92,SLH-DSA-SHAKE-128f_signed-by_SLH-DSA-SHAKE-192s,SLH-DSA-SHAKE-128f_signed-by_SLH-DSA-SHAKE-192s,189.208,4304.47,327.428,0,0,0,394.875,24,62438.1,62525,50404,50401
2,5,87,SLH-DSA-SHAKE-128f_signed-by_SLH-DSA-SHAKE-192s,SLH-DSA-SHAKE-128f_signed-by_SLH-DSA-SHAKE-192s,189.49,4298.04,328.29,0,0,0,360.215,10,62669.9,62725.2,50404,50401
2,2,73,SLH-DSA-SHAKE-128f_signed-by_SLH-DSA-SHAKE-192s,SLH-DSA-SHAKE-128f_signed-by_SLH-DSA-SHAKE-192s,189.738,4292.42,327.861,0,0,0,352.092,24,62513,62498.7,50404,50401
2,1,87,SLH-DSA-SHAKE-128f_signed-by_SLH-DSA-SHAKE-192s,SLH-DSA-SHAKE-128f_signed-by_SLH-DSA-SHAKE-192s,187.68,4339.49,331.456,0,0,0,416.215,24,62799.2,62545.1,50404,50401
2,6,93,SLH-DSA-SHAKE-128f_signed-by_SLH-DSA-SHAKE-192s,SLH-DSA-SHAKE-128f_signed-by_SLH-DSA-SHAKE-192s,188.219,4327.07,330.507,0,0,0,352.092,14,62184.2,62329.9,50404,50401
2,8,87,SLH-DSA-SHAKE-128f_signed-by_SLH-DSA-SHAKE-192s,SLH-DSA-SHAKE-128f_signed-by_SLH-DSA-SHAKE-192s,186.856,4358.63,332.918,0,0,0,352.092,14,62667.2,62160.6,50404,50401
2,3,93,SLH-DSA-SHAKE-128f_signed-by_SLH-DSA-SHAKE-192s,SLH-DSA-SHAKE-128f_signed-by_SLH-DSA-SHAKE-192s,188.467,4321.39,330.074,0,0,0,352.092,24,62315.1,62724.3,50404,50401
2,5,88,SLH-DSA-SHAKE-128f_signed-by_SLH-DSA-SHAKE-192s,SLH-DSA-SHAKE-128f_signed-by_SLH-DSA-SHAKE-192s,187.383,4346.39,331.983,0,0,0,352.092,9,62294.4,62531.2,50404,50401
2,2,74,SLH-DSA-SHAKE-128f_signed-by_SLH-DSA-SHAKE-192s,SLH-DSA-SHAKE-128f_signed-by_SLH-DSA-SHAKE-192s,187.09,4353.2,332.503,0,0,0,352.092,24,62730.7,62303,50404,50401
2,1,88,SLH-DSA-SHAKE-128f_signed-by_SLH-DSA-SHAKE-192s,SLH-DSA-SHAKE-128f_signed-by_SLH-DSA-SHAKE-192s,188.585,4318.69,329.867,0,0,0,352.092,24,62649.5,62227.8,50404,50401
2,6,94,SLH-DSA-SHAKE-128f_signed-by_SLH-DSA-SHAKE-192s,SLH-DSA-SHAKE-128f_signed-by_SLH-DSA-SHAKE-192s,187.03,4354.59,332.61,0,0,0,352.092,14,62200.2,62165,50404,50401
2,8,88,SLH-DSA-SHAKE-128f_signed-by_SLH-DSA-SHAKE-192s,SLH-DSA-SHAKE-128f_signed-by_SLH-DSA-SHAKE-192s,187.131,4352.24,332.43,0,0,0,352.523,14,62931.5,62185.9,50404,50401
2,3,94,SLH-DSA-SHAKE-128f_signed-by_SLH-DSA-SHAKE-192s,SLH-DSA-SHAKE-128f_signed-by_SLH-DSA-SHAKE-192s,187.658,4340.01,331.496,0,0,0,352.4,24,62442,62517.4,50404,50401
2,5,89,SLH-DSA-SHAKE-128f_signed-by_SLH-DSA-SHAKE-192s,SLH-DSA-SHAKE-128f_signed-by_SLH-DSA-SHAKE-192s,187.186,4350.96,332.332,0,0,0,352.092,9,62495.3,62421.4,50404,50401
2,2,75,SLH-DSA-SHAKE-128f_signed-by_SLH-DSA-SHAKE-192s,SLH-DSA-SHAKE-128f_signed-by_SLH-DSA-SHAKE-192s,187.119,4352.51,332.451,0,0,0,353.938,24,62370.1,62234,50404,50401
2,1,89,SLH-DSA-SHAKE-128f_signed-by_SLH-DSA-SHAKE-192s,SLH-DSA-SHAKE-128f_signed-by_SLH-DSA-SHAKE-192s,187.223,4350.1,332.266,0,0,0,352.092,24,62581.1,62352.4,50404,50401
2,6,95,SLH-DSA-SHAKE-128f_signed-by_SLH-DSA-SHAKE-192s,SLH-DSA-SHAKE-128f_signed-by_SLH-DSA-SHAKE-192s,188.599,4318.36,329.842,0,0,0,352.092,14,62438.3,62295.5,50404,50401
2,8,89,SLH-DSA-SHAKE-128f_signed-by_SLH-DSA-SHAKE-192s,SLH-DSA-SHAKE-128f_signed-by_SLH-DSA-SHAKE-192s,187.829,4336.06,331.194,0,0,0,352.092,14,62279.9,62825.9,50404,50401
2,4,78,SLH-DSA-SHAKE-128f_signed-by_SLH-DSA-SHAKE-192s,SLH-DSA-SHAKE-128f_signed-by_SLH-DSA-SHAKE-192s,1396.13,583.356,57.0606,1,63,0.65625,314.917,24,62508.4,62700.2,50404,50401
2,3,95,SLH-DSA-SHAKE-128f_signed-by_SLH-DSA-SHAKE-192s,SLH-DSA-SHAKE-128f_signed-by_SLH-DSA-SHAKE-192s,187.21,4350.4,332.289,0.153846,0,0,352.092,24,62474,62206.2,50404,50401
2,5,90,SLH-DSA-SHAKE-128f_signed-by_SLH-DSA-SHAKE-192s,SLH-DSA-SHAKE-128f_signed-by_SLH-DSA-SHAKE-192s,187.537,4342.81,331.71,0.153846,0,0,352.092,9,62414.3,62453.8,50404,50401
2,2,76,SLH-DSA-SHAKE-128f_signed-by_SLH-DSA-SHAKE-192s,SLH-DSA-SHAKE-128f_signed-by_SLH-DSA-SHAKE-192s,190.11,4284.03,327.22,0.153846,0,0,352.092,24,62383.7,62204.5,50404,50401
2,1,90,SLH-DSA-SHAKE-128f_signed-by_SLH-DSA-SHAKE-192s,SLH-DSA-SHAKE-128f_signed-by_SLH-DSA-SHAKE-192s,194.81,4180.69,355.957,0.133333,21,0.28,360.667,24,62382.2,62670.4,50404,50401
2,6,96,SLH-DSA-SHAKE-128f_signed-by_SLH-DSA-SHAKE-192s,SLH-DSA-SHAKE-128f_signed-by_SLH-DSA-SHAKE-192s,191.19,4259.82,324.032,0.15625,0,0,394.875,14,62298.9,62285.8,50404,50401
2,8,90,SLH-DSA-SHAKE-128f_signed-by_SLH-DSA-SHAKE-192s,SLH-DSA-SHAKE-128f_signed-by_SLH-DSA-SHAKE-192s,188.433,4322.17,328.775,0.515625,0,0,394.875,14,62228.7,62216.5,50404,50401
2,4,79,SLH-DSA-SHAKE-128f_signed-by_SLH-DSA-SHAKE-192s,SLH-DSA-SHAKE-128f_signed-by_SLH-DSA-SHAKE-192s,189.86,4289.66,326.302,0.921875,0,0,394.875,24,62388.5,62266,50404,50401
2,3,96,SLH-DSA-SHAKE-128f_signed-by_SLH-DSA-SHAKE-192s,SLH-DSA-SHAKE-128f_signed-by_SLH-DSA-SHAKE-192s,189.544,4296.82,328.196,0.753846,0,0,352.092,24,62591.1,62229.1,50404,50401
2,5,91,SLH-DSA-SHAKE-128f_signed-by_SLH-DSA-SHAKE-192s,SLH-DSA-SHAKE-128f_signed-by_SLH-DSA-SHAKE-192s,205.619,3960.91,303.785,0.909091,0,0,542.667,9,62364.3,62285.7,50404,50401
2,2,77,SLH-DSA-SHAKE-128f_signed-by_SLH-DSA-SHAKE-192s,SLH-DSA-SHAKE-128f_signed-by_SLH-DSA-SHAKE-192s,204.954,3973.76,302.272,0.9375,0,0,392.25,24,62368.8,62167,50404,50401
2,1,91,SLH-DSA-SHAKE-128f_signed-by_SLH-DSA-SHAKE-192s,SLH-DSA-SHAKE-128f_signed-by_SLH-DSA-SHAKE-192s,200.742,4057.15,312.441,0.895522,0,0,378.896,24,62510.6,62233.7,50404,50401
2,6,97,SLH-DSA-SHAKE-128f_signed-by_SLH-DSA-SHAKE-192s,SLH-DSA-SHAKE-128f_signed-by_SLH-DSA-SHAKE-192s,203.634,3999.52,368.425,0.821918,48,0.657534,399.973,15,62287.3,62272,50404,50401
2,8,91,SLH-DSA-SHAKE-128f_signed-by_SLH-DSA-SHAKE-192s,SLH-DSA-SHAKE-128f_signed-by_SLH-DSA-SHAKE-192s,203.098,4010.08,355.296,0.552239,51,0.761194,461.463,13,62315.3,62207.2,50404,50401
2,4,80,SLH-DSA-SHAKE-128f_signed-by_SLH-DSA-SHAKE-192s,SLH-DSA-SHAKE-128f_signed-by_SLH-DSA-SHAKE-192s,192.341,4234.35,322.094,0.171875,0,0,394.875,24,62504.3,62104,50404,50401
2,3,97,SLH-DSA-SHAKE-128f_signed-by_SLH-DSA-SHAKE-192s,SLH-DSA-SHAKE-128f_signed-by_SLH-DSA-SHAKE-192s,196.823,4137.93,345,0.164179,23,0.343284,405.284,24,62373.8,62342.8,50404,50401
2,5,92,SLH-DSA-SHAKE-128f_signed-by_SLH-DSA-SHAKE-192s,SLH-DSA-SHAKE-128f_signed-by_SLH-DSA-SHAKE-192s,197.563,4122.43,314.877,0,0,0,352.092,9,62208.9,62348.1,50404,50401
2,2,78,SLH-DSA-SHAKE-128f_signed-by_SLH-DSA-SHAKE-192s,SLH-DSA-SHAKE-128f_signed-by_SLH-DSA-SHAKE-192s,193.978,4198.62,319.376,0,0,0,394.875,24,62303.9,62266.8,50404,50401
2,1,92,SLH-DSA-SHAKE-128f_signed-by_SLH-DSA-SHAKE-192s,SLH-DSA-SHAKE-128f_signed-by_SLH-DSA-SHAKE-192s,189.786,4291.34,326.429,0.171875,0,0,508.5,24,62534.9,62406.7,50404,50401
2,6,98,SLH-DSA-SHAKE-128f_signed-by_SLH-DSA-SHAKE-192s,SLH-DSA-SHAKE-128f_signed-by_SLH-DSA-SHAKE-192s,189.351,4301.21,327.18,0.171875,0,0,394.875,15,62596.6,62506.6,50404,50401
2,8,92,SLH-DSA-SHAKE-128f_signed-by_SLH-DSA-SHAKE-192s,SLH-DSA-SHAKE-128f_signed-by_SLH-DSA-SHAKE-192s,190.737,4269.95,324.802,0.171875,0,0,394.875,13,62184.9,62310.3,50404,50401
2,4,81,SLH-DSA-SHAKE-128f_signed-by_SLH-DSA-SHAKE-192s,SLH-DSA-SHAKE-128f_signed-by_SLH-DSA-SHAKE-192s,193.934,4199.56,320.025,0.723077,0,0,389.323,24,62469.7,62311.3,50404,50401
2,3,98,SLH-DSA-SHAKE-128f_signed-by_SLH-DSA-SHAKE-192s,SLH-DSA-SHAKE-128f_signed-by_SLH-DSA-SHAKE-192s,194.844,4179.95,317.956,1,0,0,394.875,24,62306.3,62622.8,50404,50401
2,5,93,SLH-DSA-SHAKE-128f_signed-by_SLH-DSA-SHAKE-192s,SLH-DSA-SHAKE-128f_signed-by_SLH-DSA-SHAKE-192s,197.468,4124.39,317.376,1,1,0.0153846,389.631,10,62273.7,62363.3,50404,50401
2,2,79,SLH-DSA-SHAKE-128f_signed-by_SLH-DSA-SHAKE-192s,SLH-DSA-SHAKE-128f_signed-by_SLH-DSA-SHAKE-192s,204.597,3980.7,368.02,1,44,0.564103,370.923,24,62601.1,62308.1,50404,50401
2,6,99,SLH-DSA-SHAKE-128f_signed-by_SLH-DSA-SHAKE-192s,SLH-DSA-SHAKE-128f_signed-by_SLH-DSA-SHAKE-192s,194,4198.14,346.721,1,51,0.761194,410.119,16,62274,62196,50404,50401
2,1,93,SLH-DSA-SHAKE-128f_signed-by_SLH-DSA-SHAKE-192s,SLH-DSA-SHAKE-128f_signed-by_SLH-DSA-SHAKE-192s,206.846,3937.41,413.679,1,67,0.676768,337.879,24,62378.2,62255,50404,50401
2,8,93,SLH-DSA-SHAKE-128f_signed-by_SLH-DSA-SHAKE-192s,SLH-DSA-SHAKE-128f_signed-by_SLH-DSA-SHAKE-192s,196.481,4145.12,390.551,1,48,0.6,372.95,12,62263,62457.3,50404,50401
2,4,82,SLH-DSA-SHAKE-128f_signed-by_SLH-DSA-SHAKE-192s,SLH-DSA-SHAKE-128f_signed-by_SLH-DSA-SHAKE-192s,194.416,4189.15,367.623,1,28,0.345679,341.852,24,62578.7,62310.8,50404,50401
2,3,99,SLH-DSA-SHAKE-128f_signed-by_SLH-DSA-SHAKE-192s,SLH-DSA-SHAKE-128f_signed-by_SLH-DSA-SHAKE-192s,205.851,3956.44,401.221,1,120,1.6,459.12,24,62351.5,62241.5,50404,50401
2,5,94,SLH-DSA-SHAKE-128f_signed-by_SLH-DSA-SHAKE-192s,SLH-DSA-SHAKE-128f_signed-by_SLH-DSA-SHAKE-192s,199.786,4076.55,310.091,0.015625,0,0,394.875,10,62452.9,62439.1,50404,50401
2,2,80,SLH-DSA-SHAKE-128f_signed-by_SLH-DSA-SHAKE-192s,SLH-DSA-SHAKE-128f_signed-by_SLH-DSA-SHAKE-192s,192.7,4226.45,326.559,0.0151515,1,0.0151515,347.576,24,62416.1,62306.3,50404,50401
2,1,94,SLH-DSA-SHAKE-128f_signed-by_SLH-DSA-SHAKE-192s,SLH-DSA-SHAKE-128f_signed-by_SLH-DSA-SHAKE-192s,192.335,4234.48,322.104,0,0,0,394.875,24,62723.8,62679.2,50404,50401
2,8,94,SLH-DSA-SHAKE-128f_signed-by_SLH-DSA-SHAKE-192s,SLH-DSA-SHAKE-128f_signed-by_SLH-DSA-SHAKE-192s,195.104,4174.38,317.533,0,0,0,394.875,12,62332.2,62122.3,50404,50401
2,4,83,SLH-DSA-SHAKE-128f_signed-by_SLH-DSA-SHAKE-192s,SLH-DSA-SHAKE-128f_signed-by_SLH-DSA-SHAKE-192s,195.963,4156.09,341.697,0,0,0,574.985,24,62346.8,62191.6,50404,50401
2,5,95,SLH-DSA-SHAKE-128f_signed-by_SLH-DSA-SHAKE-192s,SLH-DSA-SHAKE-128f_signed-by_SLH-DSA-SHAKE-192s,190.529,4274.62,325.158,0,0,0,394.875,10,62354.1,62621.4,50404,50401
2,2,81,SLH-DSA-SHAKE-128f_signed-by_SLH-DSA-SHAKE-192s,SLH-DSA-SHAKE-128f_signed-by_SLH-DSA-SHAKE-192s,192.455,4231.83,347.924,0,0,0,517.323,24,62539.3,62471,50404,50401
2,1,95,SLH-DSA-SHAKE-128f_signed-by_SLH-DSA-SHAKE-192s,SLH-DSA-SHAKE-128f_signed-by_SLH-DSA-SHAKE-192s,190.909,4266.12,325.852,0,0,0,352.092,24,62471.5,62270.9,50404,50401
2,8,95,SLH-DSA-SHAKE-128f_signed-by_SLH-DSA-SHAKE-192s,SLH-DSA-SHAKE-128f_signed-by_SLH-DSA-SHAKE-192s,188.034,4331.34,330.834,0,0,0,352.092,11,62320.7,62282.2,50404,50401
2,4,84,SLH-DSA-SHAKE-128f_signed-by_SLH-DSA-SHAKE-192s,SLH-DSA-SHAKE-128f_signed-by_SLH-DSA-SHAKE-192s,188.036,4331.28,330.829,0,0,0,352.092,24,62347.7,62536.3,50404,50401
2,5,96,SLH-DSA-SHAKE-128f_signed-by_SLH-DSA-SHAKE-192s,SLH-DSA-SHAKE-128f_signed-by_SLH-DSA-SHAKE-192s,189.942,4287.82,327.509,0,0,0,352.092,10,62292,62267.8,50404,50401
2,2,82,SLH-DSA-SHAKE-128f_signed-by_SLH-DSA-SHAKE-192s,SLH-DSA-SHAKE-128f_signed-by_SLH-DSA-SHAKE-192s,188.221,4327.03,329.144,0,0,0,394.875,24,62352.5,62347.4,50404,50401
2,1,96,SLH-DSA-SHAKE-128f_signed-by_SLH-DSA-SHAKE-192s,SLH-DSA-SHAKE-128f_signed-by_SLH-DSA-SHAKE-192s,189.259,4303.29,327.339,0.34375,0,0,394.875,24,62641.3,62248.1,50404,50401
2,8,96,SLH-DSA-SHAKE-128f_signed-by_SLH-DSA-SHAKE-192s,SLH-DSA-SHAKE-128f_signed-by_SLH-DSA-SHAKE-192s,188.64,4317.41,328.413,1,0,0,394.875,11,62330.2,62675.8,50404,50401
2,4,85,SLH-DSA-SHAKE-128f_signed-by_SLH-DSA-SHAKE-192s,SLH-DSA-SHAKE-128f_signed-by_SLH-DSA-SHAKE-192s,188.58,4318.79,329.875,1,0,0,352.092,24,62686.5,62288.6,50404,50401
2,5,97,SLH-DSA-SHAKE-128f_signed-by_SLH-DSA-SHAKE-192s,SLH-DSA-SHAKE-128f_signed-by_SLH-DSA-SHAKE-192s,194.329,4191.02,345.887,1,0,0,445.455,10,62266.7,62596.5,50404,50401
2,2,83,SLH-DSA-SHAKE-128f_signed-by_SLH-DSA-SHAKE-192s,SLH-DSA-SHAKE-128f_signed-by_SLH-DSA-SHAKE-192s,195.888,4157.67,392.631,1,128,1.80282,533.662,24,62394.4,62126.2,50404,50401
2,8,97,SLH-DSA-SHAKE-128f_signed-by_SLH-DSA-SHAKE-192s,SLH-DSA-SHAKE-128f_signed-by_SLH-DSA-SHAKE-192s,187.591,4341.57,331.615,0.169231,0,0,352.092,11,62105.7,62071.6,50404,50401
2,1,97,SLH-DSA-SHAKE-128f_signed-by_SLH-DSA-SHAKE-192s,SLH-DSA-SHAKE-128f_signed-by_SLH-DSA-SHAKE-192s,210.414,3870.64,328.798,0.917808,27,0.369863,345.89,24,62468.2,62340.8,50404,50401
2,4,86,SLH-DSA-SHAKE-128f_signed-by_SLH-DSA-SHAKE-192s,SLH-DSA-SHAKE-128f_signed-by_SLH-DSA-SHAKE-192s,194.137,4195.17,349.773,0.164179,23,0.343284,457.821,24,62461.1,62118.5,50404,50401
2,5,98,SLH-DSA-SHAKE-128f_signed-by_SLH-DSA-SHAKE-192s,SLH-DSA-SHAKE-128f_signed-by_SLH-DSA-SHAKE-192s,187.63,4340.66,331.545,0,0,0,352.092,10,62574.3,62232.1,50404,50401
2,2,84,SLH-DSA-SHAKE-128f_signed-by_SLH-DSA-SHAKE-192s,SLH-DSA-SHAKE-128f_signed-by_SLH-DSA-SHAKE-192s,187.412,4345.71,331.931,0,0,0,352.092,24,62352.8,62240.2,50404,50401
2,8,98,SLH-DSA-SHAKE-128f_signed-by_SLH-DSA-SHAKE-192s,SLH-DSA-SHAKE-128f_signed-by_SLH-DSA-SHAKE-192s,187.457,4344.67,330.486,0,0,0,436.438,11,62369.5,62315.5,50404,50401
2,1,98,SLH-DSA-SHAKE-128f_signed-by_SLH-DSA-SHAKE-192s,SLH-DSA-SHAKE-128f_signed-by_SLH-DSA-SHAKE-192s,187.715,4338.69,331.395,0,0,0,352.092,24,62744.8,62380.8,50404,50401
2,4,87,SLH-DSA-SHAKE-128f_signed-by_SLH-DSA-SHAKE-192s,SLH-DSA-SHAKE-128f_signed-by_SLH-DSA-SHAKE-192s,187.577,4341.88,332.236,0,0,0,379.939,24,62273.5,62542.3,50404,50401
2,5,99,SLH-DSA-SHAKE-128f_signed-by_SLH-DSA-SHAKE-192s,SLH-DSA-SHAKE-128f_signed-by_SLH-DSA-SHAKE-192s,187.399,4346,331.953,0,0,0,352.092,9,62377.3,62178.3,50404,50401
2,2,85,SLH-DSA-SHAKE-128f_signed-by_SLH-DSA-SHAKE-192s,SLH-DSA-SHAKE-128f_signed-by_SLH-DSA-SHAKE-192s,188.378,4323.42,328.869,0,0,0,394.875,24,62186.5,62317.3,50404,50401
2,8,99,SLH-DSA-SHAKE-128f_signed-by_SLH-DSA-SHAKE-192s,SLH-DSA-SHAKE-128f_signed-by_SLH-DSA-SHAKE-192s,188.455,4321.65,330.093,0,0,0,352.092,10,62385.5,62560.2,50404,50401
2,1,99,SLH-DSA-SHAKE-128f_signed-by_SLH-DSA-SHAKE-192s,SLH-DSA-SHAKE-128f_signed-by_SLH-DSA-SHAKE-192s,187.09,4353.18,332.502,0,0,0,352.092,24,63101,62578.7,50404,50401
2,4,88,SLH-DSA-SHAKE-128f_signed-by_SLH-DSA-SHAKE-192s,SLH-DSA-SHAKE-128f_signed-by_SLH-DSA-SHAKE-192s,188.276,4325.77,330.408,0,0,0,352.092,24,62331.6,62344.8,50404,50401
2,2,86,SLH-DSA-SHAKE-128f_signed-by_SLH-DSA-SHAKE-192s,SLH-DSA-SHAKE-128f_signed-by_SLH-DSA-SHAKE-192s,187.894,4334.56,331.08,0,0,0,358.862,24,62252.5,62657.6,50404,50401
2,4,89,SLH-DSA-SHAKE-128f_signed-by_SLH-DSA-SHAKE-192s,SLH-DSA-SHAKE-128f_signed-by_SLH-DSA-SHAKE-192s,187.959,4333.06,330.965,0,0,0,352.092,24,62261.3,62422.5,50404,50401
2,2,87,SLH-DSA-SHAKE-128f_signed-by_SLH-DSA-SHAKE-192s,SLH-DSA-SHAKE-128f_signed-by_SLH-DSA-SHAKE-192s,187.402,4345.95,331.949,0,0,0,352.092,24,62332.5,62655.9,50404,50401
2,4,90,SLH-DSA-SHAKE-128f_signed-by_SLH-DSA-SHAKE-192s,SLH-DSA-SHAKE-128f_signed-by_SLH-DSA-SHAKE-192s,186.968,4356.02,331.349,0,0,0,394.875,24,62352.2,62253.4,50404,50401
2,2,88,SLH-DSA-SHAKE-128f_signed-by_SLH-DSA-SHAKE-192s,SLH-DSA-SHAKE-128f_signed-by_SLH-DSA-SHAKE-192s,186.883,4358.01,332.871,0,0,0,352.092,24,62280.9,62192.8,50404,50401
2,4,91,SLH-DSA-SHAKE-128f_signed-by_SLH-DSA-SHAKE-192s,SLH-DSA-SHAKE-128f_signed-by_SLH-DSA-SHAKE-192s,187.013,4354.98,332.639,0,0,0,352.092,24,62451.6,62396.5,50404,50401
2,2,89,SLH-DSA-SHAKE-128f_signed-by_SLH-DSA-SHAKE-192s,SLH-DSA-SHAKE-128f_signed-by_SLH-DSA-SHAKE-192s,188.84,4312.86,329.422,0,0,0,352.092,24,62303.9,62266.2,50404,50401
2,4,92,SLH-DSA-SHAKE-128f_signed-by_SLH-DSA-SHAKE-192s,SLH-DSA-SHAKE-128f_signed-by_SLH-DSA-SHAKE-192s,187.038,4354.41,333.194,0,0,0,347.273,24,62483,62262,50404,50401
2,2,90,SLH-DSA-SHAKE-128f_signed-by_SLH-DSA-SHAKE-192s,SLH-DSA-SHAKE-128f_signed-by_SLH-DSA-SHAKE-192s,187.524,4343.1,331.732,0,0,0,352.092,24,62285.7,62577.4,50404,50401
2,4,93,SLH-DSA-SHAKE-128f_signed-by_SLH-DSA-SHAKE-192s,SLH-DSA-SHAKE-128f_signed-by_SLH-DSA-SHAKE-192s,187.059,4353.92,332.558,0,0,0,401.754,24,62486.7,62431.5,50404,50401
2,2,91,SLH-DSA-SHAKE-128f_signed-by_SLH-DSA-SHAKE-192s,SLH-DSA-SHAKE-128f_signed-by_SLH-DSA-SHAKE-192s,187.117,4352.57,332.455,0,0,0,352.154,24,62300.1,62343.9,50404,50401
2,4,94,SLH-DSA-SHAKE-128f_signed-by_SLH-DSA-SHAKE-192s,SLH-DSA-SHAKE-128f_signed-by_SLH-DSA-SHAKE-192s,188.362,4323.79,328.897,0,0,0,394.875,24,62351.1,62574.4,50404,50401
2,2,92,SLH-DSA-SHAKE-128f_signed-by_SLH-DSA-SHAKE-192s,SLH-DSA-SHAKE-128f_signed-by_SLH-DSA-SHAKE-192s,187.739,4338.13,331.352,0,0,0,352.092,24,62362.3,62981.5,50404,50401
2,4,95,SLH-DSA-SHAKE-128f_signed-by_SLH-DSA-SHAKE-192s,SLH-DSA-SHAKE-128f_signed-by_SLH-DSA-SHAKE-192s,187.299,4348.32,332.131,0,0,0,352.092,24,62552.9,62334.5,50404,50401
2,2,93,SLH-DSA-SHAKE-128f_signed-by_SLH-DSA-SHAKE-192s,SLH-DSA-SHAKE-128f_signed-by_SLH-DSA-SHAKE-192s,187.415,4345.65,331.926,0,0,0,352.092,24,62669.9,62276.7,50404,50401
2,4,96,SLH-DSA-SHAKE-128f_signed-by_SLH-DSA-SHAKE-192s,SLH-DSA-SHAKE-128f_signed-by_SLH-DSA-SHAKE-192s,186.983,4355.67,331.323,0,0,0,394.875,24,62316.5,62544,50404,50401
2,2,94,SLH-DSA-SHAKE-128f_signed-by_SLH-DSA-SHAKE-192s,SLH-DSA-SHAKE-128f_signed-by_SLH-DSA-SHAKE-192s,187.19,4350.87,332.325,0,0,0,352.092,24,62255.3,62403.1,50404,50401
2,4,97,SLH-DSA-SHAKE-128f_signed-by_SLH-DSA-SHAKE-192s,SLH-DSA-SHAKE-128f_signed-by_SLH-DSA-SHAKE-192s,187.408,4345.8,332.536,0,0,0,347.273,24,62350.7,62688.1,50404,50401
2,2,95,SLH-DSA-SHAKE-128f_signed-by_SLH-DSA-SHAKE-192s,SLH-DSA-SHAKE-128f_signed-by_SLH-DSA-SHAKE-192s,188.4,4322.93,330.191,0,0,0,352.092,24,62663.3,62314.5,50404,50401
2,4,98,SLH-DSA-SHAKE-128f_signed-by_SLH-DSA-SHAKE-192s,SLH-DSA-SHAKE-128f_signed-by_SLH-DSA-SHAKE-192s,187.473,4344.3,331.824,0,0,0,526,24,62781.9,62319.4,50404,50401
2,2,96,SLH-DSA-SHAKE-128f_signed-by_SLH-DSA-SHAKE-192s,SLH-DSA-SHAKE-128f_signed-by_SLH-DSA-SHAKE-192s,187.283,4348.69,332.159,0,0,0,526,24,62666.3,62342.8,50404,50401
2,4,99,SLH-DSA-SHAKE-128f_signed-by_SLH-DSA-SHAKE-192s,SLH-DSA-SHAKE-128f_signed-by_SLH-DSA-SHAKE-192s,187.87,4335.12,331.122,0,0,0,352.092,24,62370.4,62980.7,50404,50401
2,2,97,SLH-DSA-SHAKE-128f_signed-by_SLH-DSA-SHAKE-192s,SLH-DSA-SHAKE-128f_signed-by_SLH-DSA-SHAKE-192s,187.474,4344.28,331.822,0,0,0,352.092,24,62337.3,62769,50404,50401
2,2,98,SLH-DSA-SHAKE-128f_signed-by_SLH-DSA-SHAKE-192s,SLH-DSA-SHAKE-128f_signed-by_SLH-DSA-SHAKE-192s,187.239,4349.72,332.238,0,0,0,352.092,24,62171.3,62258.1,50404,50401
2,2,99,SLH-DSA-SHAKE-128f_signed-by_SLH-DSA-SHAKE-192s,SLH-DSA-SHAKE-128f_signed-by_SLH-DSA-SHAKE-192s,187.302,4348.27,332.127,0,0,0,352.092,24,62171.6,62329.6,50404,50401
