scenario,node_id,handshake_index,sta_cert_algo,ap_cert_algo,handshake_delay_ms,goodput_kbps,throughput_kbps,phy_frame_drop_rate,mac_retries,mac_retry_rate,tx_delay_us,prop_delay_ns,cert_verify_ap_us,cert_verify_sta_us,server_cert_msg_bytes,client_cert_msg_bytes
2,8,0,SLH-DSA-SHA2-128f_signed-by_SLH-DSA-SHAKE-256s,SLH-DSA-SHA2-128f_signed-by_SLH-DSA-SHAKE-256s,200.281,6235.58,435.547,0.691057,62,0.504065,283.561,14,56385.1,56525.7,77556,77553
2,3,0,SLH-DSA-SHA2-128f_signed-by_SLH-DSA-SHAKE-256s,SLH-DSA-SHA2-128f_signed-by_SLH-DSA-SHAKE-256s,262.618,4755.46,264.109,0.979592,10,0.102041,237.02,24,56083.8,56263.3,77556,77553
2,6,0,SLH-DSA-SHA2-128f_signed-by_SLH-DSA-SHAKE-256s,SLH-DSA-SHA2-128f_signed-by_SLH-DSA-SHAKE-256s,275.606,4531.36,220.546,1,0,0,342.578,8,56132.5,56123.4,77556,77553
2,1,0,SLH-DSA-SHA2-128f_signed-by_SLH-DSA-SHAKE-256s,SLH-DSA-SHA2-128f_signed-by_SLH-DSA-SHAKE-256s,285.31,4377.23,236.43,1,19,0.188119,277.762,24,56296.4,56013.8,77556,77553
2,5,0,SLH-DSA-SHA2-128f_signed-by_SLH-DSA-SHAKE-256s,SLH-DSA-SHA2-128f_signed-by_SLH-DSA-SHAKE-256s,292.262,4273.11,317.194,0.969925,82,0.616541,1253.1,15,56055.8,55775.4,77556,77553
2,7,0,SLH-DSA-SHA2-128f_signed-by_SLH-DSA-SHAKE-256s,SLH-DSA-SHA2-128f_signed-by_SLH-DSA-SHAKE-256s,311.012,4015.51,196.262,1,0,0,334.308,16,56391.9,55983.8,77556,77553
2,2,0,SLH-DSA-SHA2-128f_signed-by_SLH-DSA-SHAKE-256s,SLH-DSA-SHA2-128f_signed-by_SLH-DSA-SHAKE-256s,324.654,3846.78,189.642,1,1,0.0108696,498,24,56343.1,55778.6,77556,77553
2,8,1,SLH-DSA-SHA2-128f_signed-by_SLH-DSA-SHAKE-256s,SLH-DSA-SHA2-128f_signed-by_SLH-DSA-SHAKE-256s,204.729,6100.1,446.56,1,23,0.242105,521.032,15,56326.2,55651.8,77556,77553
2,3,1,SLH-DSA-SHA2-128f_signed-by_SLH-DSA-SHAKE-256s,SLH-DSA-SHA2-128f_signed-by_SLH-DSA-SHAKE-256s,330.59,3777.7,260.867,1,0,0,372.821,24,56795.6,55787.2,77556,77553
2,1,1,SLH-DSA-SHA2-128f_signed-by_SLH-DSA-SHAKE-256s,SLH-DSA-SHA2-128f_signed-by_SLH-DSA-SHAKE-256s,318.566,3920.29,332.389,1,93,0.815789,513.965,24,56006.9,55859.7,77556,77553
2,6,1,SLH-DSA-SHA2-128f_signed-by_SLH-DSA-SHAKE-256s,SLH-DSA-SHA2-128f_signed-by_SLH-DSA-SHAKE-256s,340.133,3671.71,330.365,1,84,0.672,374.768,9,56141.1,56072.5,77556,77553
2,2,1,SLH-DSA-SHA2-128f_signed-by_SLH-DSA-SHAKE-256s,SLH-DSA-SHA2-128f_signed-by_SLH-DSA-SHAKE-256s,305.606,4086.54,277.167,1,0,0,977.91,24,55964.9,56048.6,77556,77553
2,7,1,SLH-DSA-SHA2-128f_signed-by_SLH-DSA-SHAKE-256s,SLH-DSA-SHA2-128f_signed-by_SLH-DSA-SHAKE-256s,347.753,3591.26,296.394,1,68,0.618182,731.127,16,56324.4,55794.8,77556,77553
2,8,2,SLH-DSA-SHA2-128f_signed-by_SLH-DSA-SHAKE-256s,SLH-DSA-SHA2-128f_signed-by_SLH-DSA-SHAKE-256s,268.046,4659.16,316.005,1,0,0,555.798,15,56422.3,56025.2,77556,77553
2,3,2,SLH-DSA-SHA2-128f_signed-by_SLH-DSA-SHAKE-256s,SLH-DSA-SHA2-128f_signed-by_SLH-DSA-SHAKE-256s,226.611,5511.08,378.304,1,0,0,424.796,24,56279.7,55990.7,77556,77553
2,1,2,SLH-DSA-SHA2-128f_signed-by_SLH-DSA-SHAKE-256s,SLH-DSA-SHA2-128f_signed-by_SLH-DSA-SHAKE-256s,265.132,4710.38,427.741,1,77,0.578947,461.549,24,56710.1,55685.4,77556,77553
2,2,2,SLH-DSA-SHA2-128f_signed-by_SLH-DSA-SHAKE-256s,SLH-DSA-SHA2-128f_signed-by_SLH-DSA-SHAKE-256s,246.323,5070.04,410.322,1,97,0.989796,810.571,24,55893.5,55931.4,77556,77553
2,6,2,SLH-DSA-SHA2-128f_signed-by_SLH-DSA-SHAKE-256s,SLH-DSA-SHA2-128f_signed-by_SLH-DSA-SHAKE-256s,264.922,4714.11,323.597,1,0,0,435.29,9,56446.5,56354.2,77556,77553
2,8,3,SLH-DSA-SHA2-128f_signed-by_SLH-DSA-SHAKE-256s,SLH-DSA-SHA2-128f_signed-by_SLH-DSA-SHAKE-256s,226.432,5515.42,654.393,1,195,1.13372,512.302,16,56114.5,56456.7,77556,77553
2,2,3,SLH-DSA-SHA2-128f_signed-by_SLH-DSA-SHAKE-256s,SLH-DSA-SHA2-128f_signed-by_SLH-DSA-SHAKE-256s,228.317,5469.9,505.332,1,246,2.25688,1727.32,24,56291.2,56265.7,77556,77553
2,6,3,SLH-DSA-SHA2-128f_signed-by_SLH-DSA-SHAKE-256s,SLH-DSA-SHA2-128f_signed-by_SLH-DSA-SHAKE-256s,228.002,5477.46,380.067,1,2,0.0215054,435.677,10,56084.8,55736.4,77556,77553
2,1,3,SLH-DSA-SHA2-128f_signed-by_SLH-DSA-SHAKE-256s,SLH-DSA-SHA2-128f_signed-by_SLH-DSA-SHAKE-256s,269.871,4627.66,416.436,1,190,1.48438,493.844,24,56479.1,56104.8,77556,77553
2,4,0,SLH-DSA-SHA2-128f_signed-by_SLH-DSA-SHAKE-256s,SLH-DSA-SHA2-128f_signed-by_SLH-DSA-SHAKE-256s,1184.26,1054.56,63.8643,1,41,0.366071,341.964,24,56277.6,56000.2,77556,77553
2,8,4,SLH-DSA-SHA2-128f_signed-by_SLH-DSA-SHAKE-256s,SLH-DSA-SHA2-128f_signed-by_SLH-DSA-SHAKE-256s,294.331,4243.09,380.361,1,108,1,604.37,17,56298.1,55743.4,77556,77553
2,2,4,SLH-DSA-SHA2-128f_signed-by_SLH-DSA-SHAKE-256s,SLH-DSA-SHA2-128f_signed-by_SLH-DSA-SHAKE-256s,178.754,6986.52,478.153,1,0,0,704.261,24,56170.1,55997.3,77556,77553
2,6,4,SLH-DSA-SHA2-128f_signed-by_SLH-DSA-SHAKE-256s,SLH-DSA-SHA2-128f_signed-by_SLH-DSA-SHAKE-256s,191.588,6518.51,477.189,1,23,0.242105,494.211,10,56294.4,55781.7,77556,77553
2,1,4,SLH-DSA-SHA2-128f_signed-by_SLH-DSA-SHAKE-256s,SLH-DSA-SHA2-128f_signed-by_SLH-DSA-SHAKE-256s,211.138,5914.95,558.8,0.664179,97,0.723881,525.373,24,56084.1,55752.7,77556,77553
2,4,1,SLH-DSA-SHA2-128f_signed-by_SLH-DSA-SHAKE-256s,SLH-DSA-SHA2-128f_signed-by_SLH-DSA-SHAKE-256s,194.864,6408.93,466.294,0.821053,40,0.421053,635.263,24,56278.3,55747.1,77556,77553
2,8,5,SLH-DSA-SHA2-128f_signed-by_SLH-DSA-SHAKE-256s,SLH-DSA-SHA2-128f_signed-by_SLH-DSA-SHAKE-256s,196.298,6362.11,532.495,1,66,0.673469,560.939,17,57100.9,55982.5,77556,77553
2,2,5,SLH-DSA-SHA2-128f_signed-by_SLH-DSA-SHAKE-256s,SLH-DSA-SHA2-128f_signed-by_SLH-DSA-SHAKE-256s,173.196,7210.71,492.019,0.417582,0,0,792.813,24,59759.9,55648.6,77556,77553
2,6,5,SLH-DSA-SHA2-128f_signed-by_SLH-DSA-SHAKE-256s,SLH-DSA-SHA2-128f_signed-by_SLH-DSA-SHAKE-256s,190.981,6539.24,569.187,0.576,65,0.52,470.288,10,56203.5,55989.3,77556,77553
2,1,5,SLH-DSA-SHA2-128f_signed-by_SLH-DSA-SHAKE-256s,SLH-DSA-SHA2-128f_signed-by_SLH-DSA-SHAKE-256s,192.925,6473.35,462.356,0.734694,12,0.122449,528.163,24,56117.3,55710.5,77556,77553
2,4,2,SLH-DSA-SHA2-128f_signed-by_SLH-DSA-SHAKE-256s,SLH-DSA-SHA2-128f_signed-by_SLH-DSA-SHAKE-256s,176.69,7068.13,482.289,0.791209,0,0,496.769,24,56286.9,55887.5,77556,77553
2,8,6,SLH-DSA-SHA2-128f_signed-by_SLH-DSA-SHAKE-256s,SLH-DSA-SHA2-128f_signed-by_SLH-DSA-SHAKE-256s,184.453,6770.67,463.38,0.652174,0,0,547.435,17,57238.2,56018.1,77556,77553
2,2,6,SLH-DSA-SHA2-128f_signed-by_SLH-DSA-SHAKE-256s,SLH-DSA-SHA2-128f_signed-by_SLH-DSA-SHAKE-256s,183.545,6804.15,524.077,1,69,0.71134,693.381,24,56347.5,55684,77556,77553
2,6,6,SLH-DSA-SHA2-128f_signed-by_SLH-DSA-SHAKE-256s,SLH-DSA-SHA2-128f_signed-by_SLH-DSA-SHAKE-256s,199.34,6265.01,504.222,1,42,0.365217,423.635,10,56092.8,55852.3,77556,77553
2,1,6,SLH-DSA-SHA2-128f_signed-by_SLH-DSA-SHAKE-256s,SLH-DSA-SHA2-128f_signed-by_SLH-DSA-SHAKE-256s,190.789,6545.8,447.236,1,0,0,471,24,56308.2,55676.1,77556,77553
2,4,3,SLH-DSA-SHA2-128f_signed-by_SLH-DSA-SHAKE-256s,SLH-DSA-SHA2-128f_signed-by_SLH-DSA-SHAKE-256s,219.363,5693.15,493.062,1,63,0.496063,452.614,24,56095,55834.5,77556,77553
2,5,1,SLH-DSA-SHA2-128f_signed-by_SLH-DSA-SHAKE-256s,SLH-DSA-SHA2-128f_signed-by_SLH-DSA-SHAKE-256s,1484.77,841.122,90.6484,1,127,0.969466,1006.18,15,56082.1,55831.3,77556,77553
2,8,7,SLH-DSA-SHA2-128f_signed-by_SLH-DSA-SHAKE-256s,SLH-DSA-SHA2-128f_signed-by_SLH-DSA-SHAKE-256s,230.67,5414.1,443.785,1,71,0.70297,566.95,18,57052.8,55937.1,77556,77553
2,2,7,SLH-DSA-SHA2-128f_signed-by_SLH-DSA-SHAKE-256s,SLH-DSA-SHA2-128f_signed-by_SLH-DSA-SHAKE-256s,206.217,6056.1,556.384,1,133,1.24299,609.963,24,56196.5,55876.5,77556,77553
2,6,7,SLH-DSA-SHA2-128f_signed-by_SLH-DSA-SHAKE-256s,SLH-DSA-SHA2-128f_signed-by_SLH-DSA-SHAKE-256s,187.825,6649.1,611.801,1,88,0.682171,536.357,10,56243.8,55728.8,77556,77553
2,1,7,SLH-DSA-SHA2-128f_signed-by_SLH-DSA-SHAKE-256s,SLH-DSA-SHA2-128f_signed-by_SLH-DSA-SHAKE-256s,258.655,4828.32,381.048,1,44,0.419048,423.257,24,56319.1,55716.1,77556,77553
2,4,4,SLH-DSA-SHA2-128f_signed-by_SLH-DSA-SHAKE-256s,SLH-DSA-SHA2-128f_signed-by_SLH-DSA-SHAKE-256s,229.065,5452.03,379.63,1,1,0.0104167,453.208,24,56117.4,55739.5,77556,77553
2,5,2,SLH-DSA-SHA2-128f_signed-by_SLH-DSA-SHAKE-256s,SLH-DSA-SHA2-128f_signed-by_SLH-DSA-SHAKE-256s,236.228,5286.71,518.684,1,122,0.903704,1087.99,15,59703.2,55818.3,77556,77553
2,8,8,SLH-DSA-SHA2-128f_signed-by_SLH-DSA-SHAKE-256s,SLH-DSA-SHA2-128f_signed-by_SLH-DSA-SHAKE-256s,251.035,4974.88,464.507,1,86,0.623188,532.783,18,56319.3,55819.9,77556,77553
2,6,8,SLH-DSA-SHA2-128f_signed-by_SLH-DSA-SHAKE-256s,SLH-DSA-SHA2-128f_signed-by_SLH-DSA-SHAKE-256s,197.453,6324.88,476.384,1,3,0.0319149,540.043,10,55997.2,55919.2,77556,77553
2,2,8,SLH-DSA-SHA2-128f_signed-by_SLH-DSA-SHAKE-256s,SLH-DSA-SHA2-128f_signed-by_SLH-DSA-SHAKE-256s,241.133,5179.17,456.643,1,123,1.13889,645.185,24,56177.8,56168.5,77556,77553
2,7,2,SLH-DSA-SHA2-128f_signed-by_SLH-DSA-SHAKE-256s,SLH-DSA-SHA2-128f_signed-by_SLH-DSA-SHAKE-256s,1478.8,844.52,76.776,1,93,0.669065,296.388,19,56638.8,56471.4,77556,77553
2,4,5,SLH-DSA-SHA2-128f_signed-by_SLH-DSA-SHAKE-256s,SLH-DSA-SHA2-128f_signed-by_SLH-DSA-SHAKE-256s,220.36,5667.41,432.383,1,45,0.454545,500.424,24,56627.8,55829.2,77556,77553
2,1,8,SLH-DSA-SHA2-128f_signed-by_SLH-DSA-SHAKE-256s,SLH-DSA-SHA2-128f_signed-by_SLH-DSA-SHAKE-256s,261.35,4778.54,388.383,1,41,0.356522,403.635,24,56455.3,55664.8,77556,77553
2,5,3,SLH-DSA-SHA2-128f_signed-by_SLH-DSA-SHAKE-256s,SLH-DSA-SHA2-128f_signed-by_SLH-DSA-SHAKE-256s,297.784,4193.87,349.836,1,106,0.972477,678.147,16,56006.4,55701.3,77556,77553
2,8,9,SLH-DSA-SHA2-128f_signed-by_SLH-DSA-SHAKE-256s,SLH-DSA-SHA2-128f_signed-by_SLH-DSA-SHAKE-256s,269.679,4630.95,399.467,1,249,2.49,892.48,19,56330.2,55840.3,77556,77553
2,6,9,SLH-DSA-SHA2-128f_signed-by_SLH-DSA-SHAKE-256s,SLH-DSA-SHA2-128f_signed-by_SLH-DSA-SHAKE-256s,259.135,4819.38,375.464,1,62,0.607843,703.373,10,56177.1,55901.8,77556,77553
2,2,9,SLH-DSA-SHA2-128f_signed-by_SLH-DSA-SHAKE-256s,SLH-DSA-SHA2-128f_signed-by_SLH-DSA-SHAKE-256s,267.714,4664.94,368.93,1,58,0.568627,577.882,24,56246,55749.2,77556,77553
2,7,3,SLH-DSA-SHA2-128f_signed-by_SLH-DSA-SHAKE-256s,SLH-DSA-SHA2-128f_signed-by_SLH-DSA-SHAKE-256s,262.998,4748.59,382.421,1,45,0.387931,379.276,19,56105.9,56137.5,77556,77553
2,4,6,SLH-DSA-SHA2-128f_signed-by_SLH-DSA-SHAKE-256s,SLH-DSA-SHA2-128f_signed-by_SLH-DSA-SHAKE-256s,208.738,5982.96,456.533,1,94,0.921569,515.804,24,56100.3,55880,77556,77553
2,1,9,SLH-DSA-SHA2-128f_signed-by_SLH-DSA-SHAKE-256s,SLH-DSA-SHA2-128f_signed-by_SLH-DSA-SHAKE-256s,252.271,4950.51,434.326,1,127,1.03252,490.846,24,56168.7,56211.9,77556,77553
2,3,3,SLH-DSA-SHA2-128f_signed-by_SLH-DSA-SHAKE-256s,SLH-DSA-SHA2-128f_signed-by_SLH-DSA-SHAKE-256s,1720.59,725.841,63.0762,1,56,0.388889,202.139,24,56320.6,55690.4,77556,77553
2,6,10,SLH-DSA-SHA2-128f_signed-by_SLH-DSA-SHAKE-256s,SLH-DSA-SHA2-128f_signed-by_SLH-DSA-SHAKE-256s,233.958,5338.02,363.142,1,0,0,669.689,10,56205.9,55638.6,77556,77553
2,8,10,SLH-DSA-SHA2-128f_signed-by_SLH-DSA-SHAKE-256s,SLH-DSA-SHA2-128f_signed-by_SLH-DSA-SHAKE-256s,270.204,4621.95,421.132,1,197,1.68376,529.897,18,56694.7,55782.1,77556,77553
2,5,4,SLH-DSA-SHA2-128f_signed-by_SLH-DSA-SHAKE-256s,SLH-DSA-SHA2-128f_signed-by_SLH-DSA-SHAKE-256s,299.186,4174.23,352.85,1,43,0.377193,434.175,16,56036.3,55890.6,77556,77553
2,2,10,SLH-DSA-SHA2-128f_signed-by_SLH-DSA-SHAKE-256s,SLH-DSA-SHA2-128f_signed-by_SLH-DSA-SHAKE-256s,265.131,4710.38,376.205,1,42,0.375,531.286,24,56023.4,55702.2,77556,77553
2,7,4,SLH-DSA-SHA2-128f_signed-by_SLH-DSA-SHAKE-256s,SLH-DSA-SHA2-128f_signed-by_SLH-DSA-SHAKE-256s,238.47,5237.01,359.491,1,0,0,437.011,19,56096.4,55789.9,77556,77553
2,4,7,SLH-DSA-SHA2-128f_signed-by_SLH-DSA-SHAKE-256s,SLH-DSA-SHA2-128f_signed-by_SLH-DSA-SHAKE-256s,238.137,5244.34,406.22,1,167,1.73958,1143.46,24,56150.5,55994.3,77556,77553
2,1,10,SLH-DSA-SHA2-128f_signed-by_SLH-DSA-SHAKE-256s,SLH-DSA-SHA2-128f_signed-by_SLH-DSA-SHAKE-256s,236.712,5275.9,503.902,1,156,1.18182,530.455,24,56470.2,55713.6,77556,77553
2,8,11,SLH-DSA-SHA2-128f_signed-by_SLH-DSA-SHAKE-256s,SLH-DSA-SHA2-128f_signed-by_SLH-DSA-SHAKE-256s,268.501,4651.26,349.078,1,59,0.59,508.36,18,56315.6,55733.9,77556,77553
2,6,11,SLH-DSA-SHA2-128f_signed-by_SLH-DSA-SHAKE-256s,SLH-DSA-SHA2-128f_signed-by_SLH-DSA-SHAKE-256s,303.977,4108.44,331.919,1,42,0.365217,473.826,10,56237.4,55862.3,77556,77553
2,2,11,SLH-DSA-SHA2-128f_signed-by_SLH-DSA-SHAKE-256s,SLH-DSA-SHA2-128f_signed-by_SLH-DSA-SHAKE-256s,290.881,4293.4,310.834,1,41,0.44086,621.355,24,56232.6,55856.2,77556,77553
2,3,4,SLH-DSA-SHA2-128f_signed-by_SLH-DSA-SHAKE-256s,SLH-DSA-SHA2-128f_signed-by_SLH-DSA-SHAKE-256s,376.427,3317.69,317.256,1,117,0.866667,419.452,24,56262.1,55822.3,77556,77553
2,5,5,SLH-DSA-SHA2-128f_signed-by_SLH-DSA-SHAKE-256s,SLH-DSA-SHA2-128f_signed-by_SLH-DSA-SHAKE-256s,322.934,3867.26,405.927,1,180,1.24138,802.91,16,56182.3,56402.4,77556,77553
2,7,5,SLH-DSA-SHA2-128f_signed-by_SLH-DSA-SHAKE-256s,SLH-DSA-SHA2-128f_signed-by_SLH-DSA-SHAKE-256s,302.039,4134.8,297.921,1,13,0.131313,417.919,18,56566.7,55798.1,77556,77553
2,4,8,SLH-DSA-SHA2-128f_signed-by_SLH-DSA-SHAKE-256s,SLH-DSA-SHA2-128f_signed-by_SLH-DSA-SHAKE-256s,275.765,4528.74,307.159,1,0,0,553.82,24,56361.2,55769,77556,77553
2,1,11,SLH-DSA-SHA2-128f_signed-by_SLH-DSA-SHAKE-256s,SLH-DSA-SHA2-128f_signed-by_SLH-DSA-SHAKE-256s,219.837,5680.88,410.994,0.688172,23,0.247312,471.075,24,56030.7,55731.1,77556,77553
2,8,12,SLH-DSA-SHA2-128f_signed-by_SLH-DSA-SHAKE-256s,SLH-DSA-SHA2-128f_signed-by_SLH-DSA-SHAKE-256s,232.076,5381.3,490.873,0.725926,79,0.585185,421.2,17,56086,55764.7,77556,77553
2,6,12,SLH-DSA-SHA2-128f_signed-by_SLH-DSA-SHAKE-256s,SLH-DSA-SHA2-128f_signed-by_SLH-DSA-SHAKE-256s,254.786,4901.63,374.713,1,34,0.333333,553.843,9,56150.3,55791.8,77556,77553
2,2,12,SLH-DSA-SHA2-128f_signed-by_SLH-DSA-SHAKE-256s,SLH-DSA-SHA2-128f_signed-by_SLH-DSA-SHAKE-256s,271.663,4597.13,315.037,1,0,0,843.935,24,56220.3,55806,77556,77553
2,7,6,SLH-DSA-SHA2-128f_signed-by_SLH-DSA-SHAKE-256s,SLH-DSA-SHA2-128f_signed-by_SLH-DSA-SHAKE-256s,262.231,4762.47,323.988,1,0,0,498.756,18,56351.2,56098.7,77556,77553
2,4,9,SLH-DSA-SHA2-128f_signed-by_SLH-DSA-SHAKE-256s,SLH-DSA-SHA2-128f_signed-by_SLH-DSA-SHAKE-256s,268.889,4644.55,331.972,0.969388,11,0.112245,471.143,24,56589.7,56396,77556,77553
2,3,5,SLH-DSA-SHA2-128f_signed-by_SLH-DSA-SHAKE-256s,SLH-DSA-SHA2-128f_signed-by_SLH-DSA-SHAKE-256s,316.809,3942.03,313.981,1,46,0.429907,414.224,24,56119.6,55935.2,77556,77553
2,5,6,SLH-DSA-SHA2-128f_signed-by_SLH-DSA-SHAKE-256s,SLH-DSA-SHA2-128f_signed-by_SLH-DSA-SHAKE-256s,301.308,4144.83,330.399,1,41,0.369369,524.667,16,56125.4,60927,77556,77553
2,1,12,SLH-DSA-SHA2-128f_signed-by_SLH-DSA-SHAKE-256s,SLH-DSA-SHA2-128f_signed-by_SLH-DSA-SHAKE-256s,278.41,4485.73,356.654,1,41,0.372727,504.073,24,56084.1,55900.5,77556,77553
2,8,13,SLH-DSA-SHA2-128f_signed-by_SLH-DSA-SHAKE-256s,SLH-DSA-SHA2-128f_signed-by_SLH-DSA-SHAKE-256s,193.092,6467.75,443.974,1,0,0,590,17,56427.1,55720.8,77556,77553
2,6,13,SLH-DSA-SHA2-128f_signed-by_SLH-DSA-SHAKE-256s,SLH-DSA-SHA2-128f_signed-by_SLH-DSA-SHAKE-256s,208.414,5992.25,410.106,1,0,0,547.565,9,56280.4,55643.2,77556,77553
2,7,7,SLH-DSA-SHA2-128f_signed-by_SLH-DSA-SHAKE-256s,SLH-DSA-SHA2-128f_signed-by_SLH-DSA-SHAKE-256s,253.09,4934.49,387.024,1,109,1.07921,947.267,17,56233.7,55889.4,77556,77553
2,4,10,SLH-DSA-SHA2-128f_signed-by_SLH-DSA-SHAKE-256s,SLH-DSA-SHA2-128f_signed-by_SLH-DSA-SHAKE-256s,249.911,4997.26,362.817,1,129,1.37234,615.66,24,56391.2,56006.3,77556,77553
2,2,13,SLH-DSA-SHA2-128f_signed-by_SLH-DSA-SHAKE-256s,SLH-DSA-SHA2-128f_signed-by_SLH-DSA-SHAKE-256s,293,4262.36,318.635,1,23,0.216981,443.585,24,56208,56231.2,77556,77553
2,1,13,SLH-DSA-SHA2-128f_signed-by_SLH-DSA-SHAKE-256s,SLH-DSA-SHA2-128f_signed-by_SLH-DSA-SHAKE-256s,290.311,4301.83,368.321,1,83,0.775701,480.617,24,56543.3,56010.6,77556,77553
2,5,7,SLH-DSA-SHA2-128f_signed-by_SLH-DSA-SHAKE-256s,SLH-DSA-SHA2-128f_signed-by_SLH-DSA-SHAKE-256s,302.98,4121.96,281.259,1,0,0,444.022,17,56103.9,55829.6,77556,77553
2,8,14,SLH-DSA-SHA2-128f_signed-by_SLH-DSA-SHAKE-256s,SLH-DSA-SHA2-128f_signed-by_SLH-DSA-SHAKE-256s,255.833,4881.58,331.966,1,0,0,662.791,16,56211.3,55981.3,77556,77553
2,3,6,SLH-DSA-SHA2-128f_signed-by_SLH-DSA-SHAKE-256s,SLH-DSA-SHA2-128f_signed-by_SLH-DSA-SHAKE-256s,320.753,3893.56,362.047,1,173,1.53097,523.735,24,56697.9,56153.2,77556,77553
2,6,14,SLH-DSA-SHA2-128f_signed-by_SLH-DSA-SHAKE-256s,SLH-DSA-SHA2-128f_signed-by_SLH-DSA-SHAKE-256s,237.843,5250.82,394.209,1,85,0.876289,1008.35,9,56147.1,56268.3,77556,77553
2,7,8,SLH-DSA-SHA2-128f_signed-by_SLH-DSA-SHAKE-256s,SLH-DSA-SHA2-128f_signed-by_SLH-DSA-SHAKE-256s,190.811,6545.04,523.909,1,68,0.686869,520.424,17,55981.8,55931.5,77556,77553
2,2,14,SLH-DSA-SHA2-128f_signed-by_SLH-DSA-SHAKE-256s,SLH-DSA-SHA2-128f_signed-by_SLH-DSA-SHAKE-256s,269.448,4634.91,319.526,1,0,0,506.884,24,56052.6,56194.9,77556,77553
2,5,8,SLH-DSA-SHA2-128f_signed-by_SLH-DSA-SHAKE-256s,SLH-DSA-SHA2-128f_signed-by_SLH-DSA-SHAKE-256s,271.657,4597.23,501.749,1,116,0.846715,562.117,17,56198.8,55793.1,77556,77553
2,3,7,SLH-DSA-SHA2-128f_signed-by_SLH-DSA-SHAKE-256s,SLH-DSA-SHA2-128f_signed-by_SLH-DSA-SHAKE-256s,275.412,4534.55,380.229,1,81,0.771429,549.848,24,56134.4,56070.3,77556,77553
2,1,14,SLH-DSA-SHA2-128f_signed-by_SLH-DSA-SHAKE-256s,SLH-DSA-SHA2-128f_signed-by_SLH-DSA-SHAKE-256s,310.48,4022.38,363.462,1,86,0.677165,424.677,24,56212.5,55790.7,77556,77553
2,8,15,SLH-DSA-SHA2-128f_signed-by_SLH-DSA-SHAKE-256s,SLH-DSA-SHA2-128f_signed-by_SLH-DSA-SHAKE-256s,309.607,4033.73,389.81,1,236,2,521.763,16,56605.5,55802.4,77556,77553
2,6,15,SLH-DSA-SHA2-128f_signed-by_SLH-DSA-SHAKE-256s,SLH-DSA-SHA2-128f_signed-by_SLH-DSA-SHAKE-256s,295.205,4230.52,367.365,1,65,0.524194,527.677,9,56109.3,55705.6,77556,77553
2,7,9,SLH-DSA-SHA2-128f_signed-by_SLH-DSA-SHAKE-256s,SLH-DSA-SHA2-128f_signed-by_SLH-DSA-SHAKE-256s,241.069,5180.55,413.822,1,48,0.5,902.917,17,56696.4,56448.9,77556,77553
2,2,15,SLH-DSA-SHA2-128f_signed-by_SLH-DSA-SHAKE-256s,SLH-DSA-SHA2-128f_signed-by_SLH-DSA-SHAKE-256s,216.451,5769.75,456.083,1,41,0.350427,449.658,24,56176.6,55885.8,77556,77553
2,5,9,SLH-DSA-SHA2-128f_signed-by_SLH-DSA-SHAKE-256s,SLH-DSA-SHA2-128f_signed-by_SLH-DSA-SHAKE-256s,266.006,4694.89,362.577,1,22,0.22449,430.204,16,56080,55724.1,77556,77553
2,3,8,SLH-DSA-SHA2-128f_signed-by_SLH-DSA-SHAKE-256s,SLH-DSA-SHA2-128f_signed-by_SLH-DSA-SHAKE-256s,263.394,4741.45,448.847,1,216,2.07692,790.346,24,56087,55702.5,77556,77553
2,1,15,SLH-DSA-SHA2-128f_signed-by_SLH-DSA-SHAKE-256s,SLH-DSA-SHA2-128f_signed-by_SLH-DSA-SHAKE-256s,270.828,4611.3,340.998,1,21,0.207921,462.832,24,56472.6,55822.2,77556,77553
2,8,16,SLH-DSA-SHA2-128f_signed-by_SLH-DSA-SHAKE-256s,SLH-DSA-SHA2-128f_signed-by_SLH-DSA-SHAKE-256s,259.303,4816.25,531.392,1,61,0.462121,532.303,17,56256.8,55888.8,77556,77553
2,6,16,SLH-DSA-SHA2-128f_signed-by_SLH-DSA-SHAKE-256s,SLH-DSA-SHA2-128f_signed-by_SLH-DSA-SHAKE-256s,269.522,4633.64,315.224,1,0,0,560.489,9,56229.2,55840.7,77556,77553
2,7,10,SLH-DSA-SHA2-128f_signed-by_SLH-DSA-SHAKE-256s,SLH-DSA-SHA2-128f_signed-by_SLH-DSA-SHAKE-256s,270.693,4613.6,330.528,1,13,0.134021,471.526,18,56112.8,55800.7,77556,77553
2,2,16,SLH-DSA-SHA2-128f_signed-by_SLH-DSA-SHAKE-256s,SLH-DSA-SHA2-128f_signed-by_SLH-DSA-SHAKE-256s,216.265,5774.7,481.925,1,127,1.18692,611.234,24,56066.4,55812.7,77556,77553
2,5,10,SLH-DSA-SHA2-128f_signed-by_SLH-DSA-SHAKE-256s,SLH-DSA-SHA2-128f_signed-by_SLH-DSA-SHAKE-256s,229.684,5437.35,405.427,1,21,0.201923,412.885,16,56437,55564,77556,77553
2,3,9,SLH-DSA-SHA2-128f_signed-by_SLH-DSA-SHAKE-256s,SLH-DSA-SHA2-128f_signed-by_SLH-DSA-SHAKE-256s,252.75,4941.13,340.193,1,0,0,431.064,24,56097.7,55646.9,77556,77553
2,8,17,SLH-DSA-SHA2-128f_signed-by_SLH-DSA-SHAKE-256s,SLH-DSA-SHA2-128f_signed-by_SLH-DSA-SHAKE-256s,257.472,4850.51,429.219,1,245,2.40196,751.804,17,56236.5,55826.8,77556,77553
2,6,17,SLH-DSA-SHA2-128f_signed-by_SLH-DSA-SHAKE-256s,SLH-DSA-SHA2-128f_signed-by_SLH-DSA-SHAKE-256s,243.789,5122.75,350.598,1,0,0,614.217,9,56130.7,55710.1,77556,77553
2,7,11,SLH-DSA-SHA2-128f_signed-by_SLH-DSA-SHAKE-256s,SLH-DSA-SHA2-128f_signed-by_SLH-DSA-SHAKE-256s,242.423,5151.62,396.331,1,212,2.23158,559.895,18,56233.5,56096.3,77556,77553
2,2,17,SLH-DSA-SHA2-128f_signed-by_SLH-DSA-SHAKE-256s,SLH-DSA-SHA2-128f_signed-by_SLH-DSA-SHAKE-256s,230.819,5410.61,368.081,1,0,0,551.6,24,56134.4,56119.6,77556,77553
2,1,16,SLH-DSA-SHA2-128f_signed-by_SLH-DSA-SHAKE-256s,SLH-DSA-SHA2-128f_signed-by_SLH-DSA-SHAKE-256s,312.407,3997.57,302.323,1,40,0.38835,410.66,24,56112.2,56013.4,77556,77553
2,5,11,SLH-DSA-SHA2-128f_signed-by_SLH-DSA-SHAKE-256s,SLH-DSA-SHA2-128f_signed-by_SLH-DSA-SHAKE-256s,179.951,6940.03,475.594,1,0,0,531.462,15,56019.5,56398.5,77556,77553
2,6,18,SLH-DSA-SHA2-128f_signed-by_SLH-DSA-SHAKE-256s,SLH-DSA-SHA2-128f_signed-by_SLH-DSA-SHAKE-256s,214.756,5815.3,482.855,1,25,0.210084,475.176,9,56113.5,55721.7,77556,77553
2,3,10,SLH-DSA-SHA2-128f_signed-by_SLH-DSA-SHAKE-256s,SLH-DSA-SHA2-128f_signed-by_SLH-DSA-SHAKE-256s,254.958,4898.33,413.62,1,69,0.594828,411.31,24,56795.7,55772.5,77556,77553
2,8,18,SLH-DSA-SHA2-128f_signed-by_SLH-DSA-SHAKE-256s,SLH-DSA-SHA2-128f_signed-by_SLH-DSA-SHAKE-256s,250.404,4987.43,426.255,1,60,0.487805,366.13,18,56341.7,56022.8,77556,77553
2,1,17,SLH-DSA-SHA2-128f_signed-by_SLH-DSA-SHAKE-256s,SLH-DSA-SHA2-128f_signed-by_SLH-DSA-SHAKE-256s,234.928,5315.96,461.825,1,171,1.69307,594.871,24,56425.1,56565.5,77556,77553
2,7,12,SLH-DSA-SHA2-128f_signed-by_SLH-DSA-SHAKE-256s,SLH-DSA-SHA2-128f_signed-by_SLH-DSA-SHAKE-256s,261.543,4775.01,349.556,1,15,0.148515,374.871,19,56066.5,55994.5,77556,77553
2,5,12,SLH-DSA-SHA2-128f_signed-by_SLH-DSA-SHAKE-256s,SLH-DSA-SHA2-128f_signed-by_SLH-DSA-SHAKE-256s,201.345,6202.63,622.929,1,106,0.741259,574.783,15,56120.7,56080.8,77556,77553
2,2,18,SLH-DSA-SHA2-128f_signed-by_SLH-DSA-SHAKE-256s,SLH-DSA-SHA2-128f_signed-by_SLH-DSA-SHAKE-256s,279.989,4460.42,461.56,1,124,0.78481,370.228,24,56140.1,56096.7,77556,77553
2,6,19,SLH-DSA-SHA2-128f_signed-by_SLH-DSA-SHAKE-256s,SLH-DSA-SHA2-128f_signed-by_SLH-DSA-SHAKE-256s,190.781,6546.07,450.693,1,0,0,407.787,9,56124.5,55841,77556,77553
2,3,11,SLH-DSA-SHA2-128f_signed-by_SLH-DSA-SHAKE-256s,SLH-DSA-SHA2-128f_signed-by_SLH-DSA-SHAKE-256s,200.963,6214.43,425.312,1,0,0,536.87,24,56321.6,55782.2,77556,77553
2,8,19,SLH-DSA-SHA2-128f_signed-by_SLH-DSA-SHAKE-256s,SLH-DSA-SHA2-128f_signed-by_SLH-DSA-SHAKE-256s,240.485,5193.12,355.414,1,0,0,400.696,18,56303.8,55815.3,77556,77553
2,1,18,SLH-DSA-SHA2-128f_signed-by_SLH-DSA-SHAKE-256s,SLH-DSA-SHA2-128f_signed-by_SLH-DSA-SHAKE-256s,233.268,5353.79,393.366,1,83,0.85567,506.33,24,56063.2,55695,77556,77553
2,5,13,SLH-DSA-SHA2-128f_signed-by_SLH-DSA-SHAKE-256s,SLH-DSA-SHA2-128f_signed-by_SLH-DSA-SHAKE-256s,228.12,5474.61,405.961,1,21,0.205882,487.725,15,56239.6,56087,77556,77553
2,7,13,SLH-DSA-SHA2-128f_signed-by_SLH-DSA-SHAKE-256s,SLH-DSA-SHA2-128f_signed-by_SLH-DSA-SHAKE-256s,260.241,4798.9,441.375,1,195,1.80556,654.667,19,56375.6,55694.7,77556,77553
2,4,11,SLH-DSA-SHA2-128f_signed-by_SLH-DSA-SHAKE-256s,SLH-DSA-SHA2-128f_signed-by_SLH-DSA-SHAKE-256s,1462.26,854.071,78.8042,1,104,0.764706,309.735,24,56252.9,56245.7,77556,77553
2,6,20,SLH-DSA-SHA2-128f_signed-by_SLH-DSA-SHAKE-256s,SLH-DSA-SHA2-128f_signed-by_SLH-DSA-SHAKE-256s,197.985,6307.91,431.709,1,0,0,596,10,56160.4,56233.9,77556,77553
2,2,19,SLH-DSA-SHA2-128f_signed-by_SLH-DSA-SHAKE-256s,SLH-DSA-SHA2-128f_signed-by_SLH-DSA-SHAKE-256s,303.414,4116.05,355.21,1,65,0.515873,515.46,24,56391,55790.2,77556,77553
2,3,12,SLH-DSA-SHA2-128f_signed-by_SLH-DSA-SHAKE-256s,SLH-DSA-SHA2-128f_signed-by_SLH-DSA-SHAKE-256s,231.073,5404.64,397.241,1,23,0.237113,536.639,24,56062.3,55794.4,77556,77553
2,8,20,SLH-DSA-SHA2-128f_signed-by_SLH-DSA-SHAKE-256s,SLH-DSA-SHA2-128f_signed-by_SLH-DSA-SHAKE-256s,230.704,5413.31,486.788,1,75,0.576923,513.785,19,56290.9,57636.8,77556,77553
2,1,19,SLH-DSA-SHA2-128f_signed-by_SLH-DSA-SHAKE-256s,SLH-DSA-SHA2-128f_signed-by_SLH-DSA-SHAKE-256s,272.228,4587.58,416.532,1,84,0.717949,422.684,24,56098.1,56074.5,77556,77553
2,5,14,SLH-DSA-SHA2-128f_signed-by_SLH-DSA-SHAKE-256s,SLH-DSA-SHA2-128f_signed-by_SLH-DSA-SHAKE-256s,272.126,4589.3,315.03,1,0,0,486.903,14,56255.2,56202.4,77556,77553
2,7,14,SLH-DSA-SHA2-128f_signed-by_SLH-DSA-SHAKE-256s,SLH-DSA-SHA2-128f_signed-by_SLH-DSA-SHAKE-256s,283.167,4410.36,301.842,1,0,0,489.609,20,56525.4,55790.2,77556,77553
2,4,12,SLH-DSA-SHA2-128f_signed-by_SLH-DSA-SHAKE-256s,SLH-DSA-SHA2-128f_signed-by_SLH-DSA-SHAKE-256s,303.086,4120.52,484.298,1,354,2.09467,544.225,24,56282.9,56046.2,77556,77553
2,6,21,SLH-DSA-SHA2-128f_signed-by_SLH-DSA-SHAKE-256s,SLH-DSA-SHA2-128f_signed-by_SLH-DSA-SHAKE-256s,274.755,4545.39,383.293,1,47,0.415929,510.566,10,56628.5,55931,77556,77553
2,2,20,SLH-DSA-SHA2-128f_signed-by_SLH-DSA-SHAKE-256s,SLH-DSA-SHA2-128f_signed-by_SLH-DSA-SHAKE-256s,277.566,4499.37,433.482,1,369,3.26549,821.611,24,56161.6,56108.2,77556,77553
2,8,21,SLH-DSA-SHA2-128f_signed-by_SLH-DSA-SHAKE-256s,SLH-DSA-SHA2-128f_signed-by_SLH-DSA-SHAKE-256s,207.121,6029.66,410.194,1,0,0,499.644,19,56811.6,55711.1,77556,77553
2,3,13,SLH-DSA-SHA2-128f_signed-by_SLH-DSA-SHAKE-256s,SLH-DSA-SHA2-128f_signed-by_SLH-DSA-SHAKE-256s,294.964,4233.97,314.614,1,22,0.213592,456.019,24,56170.6,55814.4,77556,77553
2,1,20,SLH-DSA-SHA2-128f_signed-by_SLH-DSA-SHAKE-256s,SLH-DSA-SHA2-128f_signed-by_SLH-DSA-SHAKE-256s,208.093,6001.49,532.222,1,151,1.46602,586.932,24,56133,56096.3,77556,77553
2,5,15,SLH-DSA-SHA2-128f_signed-by_SLH-DSA-SHAKE-256s,SLH-DSA-SHA2-128f_signed-by_SLH-DSA-SHAKE-256s,274.324,4552.53,314.78,1,0,0,472.833,14,56757.3,56150.7,77556,77553
2,4,13,SLH-DSA-SHA2-128f_signed-by_SLH-DSA-SHAKE-256s,SLH-DSA-SHA2-128f_signed-by_SLH-DSA-SHAKE-256s,254.839,4900.62,377.775,1,213,2.21875,632.958,24,56470.8,56048.3,77556,77553
2,6,22,SLH-DSA-SHA2-128f_signed-by_SLH-DSA-SHAKE-256s,SLH-DSA-SHA2-128f_signed-by_SLH-DSA-SHAKE-256s,256.529,4868.34,355.016,1,84,0.893617,671.106,11,56110.9,55822,77556,77553
2,2,21,SLH-DSA-SHA2-128f_signed-by_SLH-DSA-SHAKE-256s,SLH-DSA-SHA2-128f_signed-by_SLH-DSA-SHAKE-256s,259.753,4807.91,329.05,1,0,0,538.217,24,56329.2,56870.5,77556,77553
2,8,22,SLH-DSA-SHA2-128f_signed-by_SLH-DSA-SHAKE-256s,SLH-DSA-SHA2-128f_signed-by_SLH-DSA-SHAKE-256s,261.968,4767.27,344.408,1,0,0,506.087,20,56503.7,55869.1,77556,77553
2,3,14,SLH-DSA-SHA2-128f_signed-by_SLH-DSA-SHAKE-256s,SLH-DSA-SHA2-128f_signed-by_SLH-DSA-SHAKE-256s,252.478,4946.44,499.749,1,255,1.91729,886.662,24,56167.3,55729.8,77556,77553
2,1,21,SLH-DSA-SHA2-128f_signed-by_SLH-DSA-SHAKE-256s,SLH-DSA-SHA2-128f_signed-by_SLH-DSA-SHAKE-256s,224.119,5572.35,474.604,1,91,0.947917,1048.21,24,56139.9,55662.8,77556,77553
2,7,15,SLH-DSA-SHA2-128f_signed-by_SLH-DSA-SHAKE-256s,SLH-DSA-SHA2-128f_signed-by_SLH-DSA-SHAKE-256s,436.416,2861.65,224.666,1,51,0.50495,502.515,20,56227.2,55798.9,77556,77553
2,5,16,SLH-DSA-SHA2-128f_signed-by_SLH-DSA-SHAKE-256s,SLH-DSA-SHA2-128f_signed-by_SLH-DSA-SHAKE-256s,227.008,5501.43,375.387,1,0,0,542.352,14,55957.8,56370.1,77556,77553
2,4,14,SLH-DSA-SHA2-128f_signed-by_SLH-DSA-SHAKE-256s,SLH-DSA-SHA2-128f_signed-by_SLH-DSA-SHAKE-256s,235.736,5297.74,362.574,1,0,0,446.783,24,56530.6,55851.7,77556,77553
2,6,23,SLH-DSA-SHA2-128f_signed-by_SLH-DSA-SHAKE-256s,SLH-DSA-SHA2-128f_signed-by_SLH-DSA-SHAKE-256s,262.819,4751.83,344.024,1,41,0.44086,499.376,11,56504.7,56077.5,77556,77553
2,2,22,SLH-DSA-SHA2-128f_signed-by_SLH-DSA-SHAKE-256s,SLH-DSA-SHA2-128f_signed-by_SLH-DSA-SHAKE-256s,274.44,4550.61,393.47,1,63,0.508065,529.032,24,56001.1,55945.3,77556,77553
2,1,22,SLH-DSA-SHA2-128f_signed-by_SLH-DSA-SHAKE-256s,SLH-DSA-SHA2-128f_signed-by_SLH-DSA-SHAKE-256s,261.072,4783.63,434.332,1,88,0.704,611.184,24,56369.8,55821.7,77556,77553
2,3,15,SLH-DSA-SHA2-128f_signed-by_SLH-DSA-SHAKE-256s,SLH-DSA-SHA2-128f_signed-by_SLH-DSA-SHAKE-256s,282.501,4420.76,412.826,1,266,2.128,554.096,24,56308.8,56275.8,77556,77553
2,8,23,SLH-DSA-SHA2-128f_signed-by_SLH-DSA-SHAKE-256s,SLH-DSA-SHA2-128f_signed-by_SLH-DSA-SHAKE-256s,338.575,3688.61,296.679,1,43,0.373913,393.583,20,56154.9,55854.9,77556,77553
2,7,16,SLH-DSA-SHA2-128f_signed-by_SLH-DSA-SHAKE-256s,SLH-DSA-SHA2-128f_signed-by_SLH-DSA-SHAKE-256s,266.085,4693.5,386.282,1,165,1.48649,487.946,20,56183.7,55856.4,77556,77553
2,5,17,SLH-DSA-SHA2-128f_signed-by_SLH-DSA-SHAKE-256s,SLH-DSA-SHA2-128f_signed-by_SLH-DSA-SHAKE-256s,250.583,4983.86,403.092,1,180,1.83673,548.204,13,56129.1,55590.1,77556,77553
2,4,15,SLH-DSA-SHA2-128f_signed-by_SLH-DSA-SHAKE-256s,SLH-DSA-SHA2-128f_signed-by_SLH-DSA-SHAKE-256s,249.621,5003.05,342.406,1,0,0,603.783,24,56163.2,55928.2,77556,77553
2,6,24,SLH-DSA-SHA2-128f_signed-by_SLH-DSA-SHAKE-256s,SLH-DSA-SHA2-128f_signed-by_SLH-DSA-SHAKE-256s,247.325,5049.52,514.885,1,121,0.823129,519.578,11,56212.9,56103.9,77556,77553
2,2,23,SLH-DSA-SHA2-128f_signed-by_SLH-DSA-SHAKE-256s,SLH-DSA-SHA2-128f_signed-by_SLH-DSA-SHAKE-256s,306.567,4073.72,304.168,1,23,0.219048,406.648,24,56264.5,55863.5,77556,77553
2,3,16,SLH-DSA-SHA2-128f_signed-by_SLH-DSA-SHAKE-256s,SLH-DSA-SHA2-128f_signed-by_SLH-DSA-SHAKE-256s,259.829,4806.5,613.263,1,289,1.53723,541.638,24,56115.4,55745.5,77556,77553
2,8,24,SLH-DSA-SHA2-128f_signed-by_SLH-DSA-SHAKE-256s,SLH-DSA-SHA2-128f_signed-by_SLH-DSA-SHAKE-256s,265.612,4701.86,375.405,1,68,0.693878,607.224,20,56090.4,55790.6,77556,77553
2,7,17,SLH-DSA-SHA2-128f_signed-by_SLH-DSA-SHAKE-256s,SLH-DSA-SHA2-128f_signed-by_SLH-DSA-SHAKE-256s,271.475,4600.32,417.335,1,163,1.40517,528.759,20,56150,59773.3,77556,77553
2,5,18,SLH-DSA-SHA2-128f_signed-by_SLH-DSA-SHAKE-256s,SLH-DSA-SHA2-128f_signed-by_SLH-DSA-SHAKE-256s,279.306,4471.32,433.759,1,96,0.923077,753.923,13,56494.5,55755.7,77556,77553
2,4,16,SLH-DSA-SHA2-128f_signed-by_SLH-DSA-SHAKE-256s,SLH-DSA-SHA2-128f_signed-by_SLH-DSA-SHAKE-256s,269.604,4632.24,425.928,1,244,2.30189,857.925,24,56090.3,55722.9,77556,77553
2,6,25,SLH-DSA-SHA2-128f_signed-by_SLH-DSA-SHAKE-256s,SLH-DSA-SHA2-128f_signed-by_SLH-DSA-SHAKE-256s,226.656,5509.97,414.724,1,45,0.478723,639.702,12,56062.6,55797.7,77556,77553
2,1,23,SLH-DSA-SHA2-128f_signed-by_SLH-DSA-SHAKE-256s,SLH-DSA-SHA2-128f_signed-by_SLH-DSA-SHAKE-256s,476.055,2623.38,221.554,1,68,0.557377,387.541,24,56009.6,56043.7,77556,77553
2,2,24,SLH-DSA-SHA2-128f_signed-by_SLH-DSA-SHAKE-256s,SLH-DSA-SHA2-128f_signed-by_SLH-DSA-SHAKE-256s,228.586,5463.45,372.795,1,0,0,475.802,24,56473.7,56180.5,77556,77553
2,3,17,SLH-DSA-SHA2-128f_signed-by_SLH-DSA-SHAKE-256s,SLH-DSA-SHA2-128f_signed-by_SLH-DSA-SHAKE-256s,251.309,4969.47,400.208,1,41,0.356522,506.661,24,56085.7,55839.9,77556,77553
2,7,18,SLH-DSA-SHA2-128f_signed-by_SLH-DSA-SHAKE-256s,SLH-DSA-SHA2-128f_signed-by_SLH-DSA-SHAKE-256s,258.768,4826.22,387.188,1,216,2.09709,1033.11,20,56711.5,55654.1,77556,77553
2,5,19,SLH-DSA-SHA2-128f_signed-by_SLH-DSA-SHAKE-256s,SLH-DSA-SHA2-128f_signed-by_SLH-DSA-SHAKE-256s,264.087,4729.01,323.105,1,0,0,553.13,13,56663.1,55754.1,77556,77553
2,8,25,SLH-DSA-SHA2-128f_signed-by_SLH-DSA-SHAKE-256s,SLH-DSA-SHA2-128f_signed-by_SLH-DSA-SHAKE-256s,325.47,3837.13,337.579,1,261,2.37273,511.418,20,56100.1,55938.9,77556,77553
2,4,17,SLH-DSA-SHA2-128f_signed-by_SLH-DSA-SHAKE-256s,SLH-DSA-SHA2-128f_signed-by_SLH-DSA-SHAKE-256s,285.415,4375.63,315.89,1,129,1.40217,490.435,24,56178.8,56022.6,77556,77553
2,6,26,SLH-DSA-SHA2-128f_signed-by_SLH-DSA-SHAKE-256s,SLH-DSA-SHA2-128f_signed-by_SLH-DSA-SHAKE-256s,279.274,4471.85,304.217,1,0,0,612.311,12,56288.2,55799.9,77556,77553
2,2,25,SLH-DSA-SHA2-128f_signed-by_SLH-DSA-SHAKE-256s,SLH-DSA-SHA2-128f_signed-by_SLH-DSA-SHAKE-256s,235.77,5296.99,361.437,1,0,0,979.67,24,56277.4,55880.3,77556,77553
2,1,24,SLH-DSA-SHA2-128f_signed-by_SLH-DSA-SHAKE-256s,SLH-DSA-SHA2-128f_signed-by_SLH-DSA-SHAKE-256s,263.14,4746.03,344.576,1,119,1.26596,560.681,24,56111.6,55737.5,77556,77553
2,3,18,SLH-DSA-SHA2-128f_signed-by_SLH-DSA-SHAKE-256s,SLH-DSA-SHA2-128f_signed-by_SLH-DSA-SHAKE-256s,262.464,4758.25,353.572,1,22,0.213592,636.369,24,55949.1,56054.2,77556,77553
2,7,19,SLH-DSA-SHA2-128f_signed-by_SLH-DSA-SHAKE-256s,SLH-DSA-SHA2-128f_signed-by_SLH-DSA-SHAKE-256s,264.182,4727.31,380.888,1,113,1.10784,951.294,20,56084.8,55984.5,77556,77553
2,5,20,SLH-DSA-SHA2-128f_signed-by_SLH-DSA-SHAKE-256s,SLH-DSA-SHA2-128f_signed-by_SLH-DSA-SHAKE-256s,258.733,4826.86,422.055,1,133,1.23148,682.852,13,56088.6,55913.8,77556,77553
2,8,26,SLH-DSA-SHA2-128f_signed-by_SLH-DSA-SHAKE-256s,SLH-DSA-SHA2-128f_signed-by_SLH-DSA-SHAKE-256s,286.085,4365.38,316.94,1,119,1.26596,515.574,20,56385.5,55973,77556,77553
2,4,18,SLH-DSA-SHA2-128f_signed-by_SLH-DSA-SHAKE-256s,SLH-DSA-SHA2-128f_signed-by_SLH-DSA-SHAKE-256s,281.232,4440.71,303.009,1,0,0,452.593,24,56081.1,55718.9,77556,77553
2,6,27,SLH-DSA-SHA2-128f_signed-by_SLH-DSA-SHAKE-256s,SLH-DSA-SHA2-128f_signed-by_SLH-DSA-SHAKE-256s,285.363,4376.42,298.623,1,0,0,554.747,13,56094.8,56394.1,77556,77553
2,1,25,SLH-DSA-SHA2-128f_signed-by_SLH-DSA-SHAKE-256s,SLH-DSA-SHA2-128f_signed-by_SLH-DSA-SHAKE-256s,256.463,4869.59,428.787,1,136,1.10569,443.854,24,56343.4,55814.3,77556,77553
2,2,26,SLH-DSA-SHA2-128f_signed-by_SLH-DSA-SHAKE-256s,SLH-DSA-SHA2-128f_signed-by_SLH-DSA-SHAKE-256s,319.491,3908.94,424.775,1,150,0.931677,458.447,24,56056.8,55760.4,77556,77553
2,3,19,SLH-DSA-SHA2-128f_signed-by_SLH-DSA-SHAKE-256s,SLH-DSA-SHA2-128f_signed-by_SLH-DSA-SHAKE-256s,274.815,4544.4,453.657,1,138,0.978723,418.709,24,55945.6,55830.9,77556,77553
2,7,20,SLH-DSA-SHA2-128f_signed-by_SLH-DSA-SHAKE-256s,SLH-DSA-SHA2-128f_signed-by_SLH-DSA-SHAKE-256s,236.662,5277.02,447.828,1,124,1.06897,470.931,20,56040.8,55825.5,77556,77553
2,5,21,SLH-DSA-SHA2-128f_signed-by_SLH-DSA-SHAKE-256s,SLH-DSA-SHA2-128f_signed-by_SLH-DSA-SHAKE-256s,252.156,4952.77,419.486,1,68,0.581197,501.624,12,56075.4,55644.5,77556,77553
2,8,27,SLH-DSA-SHA2-128f_signed-by_SLH-DSA-SHAKE-256s,SLH-DSA-SHA2-128f_signed-by_SLH-DSA-SHAKE-256s,283.143,4410.74,470.998,1,217,1.49655,1229.42,20,56191.4,55756.9,77556,77553
2,4,19,SLH-DSA-SHA2-128f_signed-by_SLH-DSA-SHAKE-256s,SLH-DSA-SHA2-128f_signed-by_SLH-DSA-SHAKE-256s,280.48,4452.61,341.87,1,83,0.882979,590.809,24,56092,56242.9,77556,77553
2,6,28,SLH-DSA-SHA2-128f_signed-by_SLH-DSA-SHAKE-256s,SLH-DSA-SHA2-128f_signed-by_SLH-DSA-SHAKE-256s,299.684,4167.29,283.498,1,0,0,612.311,14,56201.9,55739.2,77556,77553
2,1,26,SLH-DSA-SHA2-128f_signed-by_SLH-DSA-SHAKE-256s,SLH-DSA-SHA2-128f_signed-by_SLH-DSA-SHAKE-256s,304.401,4102.72,329.933,1,128,1.29293,543.859,24,56609.3,55820.4,77556,77553
2,2,27,SLH-DSA-SHA2-128f_signed-by_SLH-DSA-SHAKE-256s,SLH-DSA-SHA2-128f_signed-by_SLH-DSA-SHAKE-256s,278.406,4485.79,474.989,1,200,1.31579,1565.87,24,56007.6,55915.4,77556,77553
2,3,20,SLH-DSA-SHA2-128f_signed-by_SLH-DSA-SHAKE-256s,SLH-DSA-SHA2-128f_signed-by_SLH-DSA-SHAKE-256s,272.023,4591.05,336.148,1,83,0.864583,537.458,24,56515.2,55731.6,77556,77553
2,5,22,SLH-DSA-SHA2-128f_signed-by_SLH-DSA-SHAKE-256s,SLH-DSA-SHA2-128f_signed-by_SLH-DSA-SHAKE-256s,226.59,5511.58,400.228,1,4,0.0434783,499.217,12,56355.5,55983.3,77556,77553
2,8,28,SLH-DSA-SHA2-128f_signed-by_SLH-DSA-SHAKE-256s,SLH-DSA-SHA2-128f_signed-by_SLH-DSA-SHAKE-256s,215.995,5781.94,464.973,1,69,0.69697,528.949,21,56382.7,56178.3,77556,77553
2,4,20,SLH-DSA-SHA2-128f_signed-by_SLH-DSA-SHAKE-256s,SLH-DSA-SHA2-128f_signed-by_SLH-DSA-SHAKE-256s,204.423,6109.25,443.551,1,23,0.244681,501.106,24,57095.3,56389.8,77556,77553
2,1,27,SLH-DSA-SHA2-128f_signed-by_SLH-DSA-SHAKE-256s,SLH-DSA-SHA2-128f_signed-by_SLH-DSA-SHAKE-256s,260.356,4796.77,369.216,1,156,1.60825,495.278,24,56044.7,56062.8,77556,77553
2,3,21,SLH-DSA-SHA2-128f_signed-by_SLH-DSA-SHAKE-256s,SLH-DSA-SHA2-128f_signed-by_SLH-DSA-SHAKE-256s,259.387,4814.69,364.119,1,46,0.479167,529.125,24,56476.5,55940.6,77556,77553
2,2,28,SLH-DSA-SHA2-128f_signed-by_SLH-DSA-SHAKE-256s,SLH-DSA-SHA2-128f_signed-by_SLH-DSA-SHAKE-256s,289.355,4316.05,338.905,1,48,0.457143,470.952,24,56162.3,55832.7,77556,77553
2,5,23,SLH-DSA-SHA2-128f_signed-by_SLH-DSA-SHAKE-256s,SLH-DSA-SHA2-128f_signed-by_SLH-DSA-SHAKE-256s,261.105,4783.01,383.109,1,99,1.0102,572.776,12,56201.8,56115.7,77556,77553
2,8,29,SLH-DSA-SHA2-128f_signed-by_SLH-DSA-SHAKE-256s,SLH-DSA-SHA2-128f_signed-by_SLH-DSA-SHAKE-256s,220.886,5653.9,467.642,0.888889,90,0.909091,529.758,21,56659.8,55640.4,77556,77553
2,4,21,SLH-DSA-SHA2-128f_signed-by_SLH-DSA-SHAKE-256s,SLH-DSA-SHA2-128f_signed-by_SLH-DSA-SHAKE-256s,217.763,5734.99,440.33,0.702128,79,0.840426,754.043,24,56824.3,55850.4,77556,77553
2,6,29,SLH-DSA-SHA2-128f_signed-by_SLH-DSA-SHAKE-256s,SLH-DSA-SHA2-128f_signed-by_SLH-DSA-SHAKE-256s,449.991,2775.33,268.379,1,113,0.818841,1093.62,15,56344.3,55785,77556,77553
2,1,28,SLH-DSA-SHA2-128f_signed-by_SLH-DSA-SHAKE-256s,SLH-DSA-SHA2-128f_signed-by_SLH-DSA-SHAKE-256s,188.529,6624.29,472.118,0.938144,11,0.113402,1135.57,24,56183.6,56077.8,77556,77553
2,3,22,SLH-DSA-SHA2-128f_signed-by_SLH-DSA-SHAKE-256s,SLH-DSA-SHA2-128f_signed-by_SLH-DSA-SHAKE-256s,223.194,5595.43,383.449,1,0,0,435.247,24,56161.9,55690.4,77556,77553
2,5,24,SLH-DSA-SHA2-128f_signed-by_SLH-DSA-SHAKE-256s,SLH-DSA-SHA2-128f_signed-by_SLH-DSA-SHAKE-256s,211.186,5913.61,405.936,1,0,0,435.29,12,56091.4,55574.2,77556,77553
2,2,29,SLH-DSA-SHA2-128f_signed-by_SLH-DSA-SHAKE-256s,SLH-DSA-SHA2-128f_signed-by_SLH-DSA-SHAKE-256s,232.778,5365.07,446.983,1,53,0.441667,481.233,24,56453.9,55757.3,77556,77553
2,8,30,SLH-DSA-SHA2-128f_signed-by_SLH-DSA-SHAKE-256s,SLH-DSA-SHA2-128f_signed-by_SLH-DSA-SHAKE-256s,229.802,5434.55,508.263,1,87,0.625899,596.014,22,56410.2,56108.7,77556,77553
2,4,22,SLH-DSA-SHA2-128f_signed-by_SLH-DSA-SHAKE-256s,SLH-DSA-SHA2-128f_signed-by_SLH-DSA-SHAKE-256s,242.206,5156.22,351.832,1,0,0,432.418,24,57221.6,55780.2,77556,77553
2,6,30,SLH-DSA-SHA2-128f_signed-by_SLH-DSA-SHAKE-256s,SLH-DSA-SHA2-128f_signed-by_SLH-DSA-SHAKE-256s,212.674,5872.22,531.516,1,124,1.14815,614.667,15,56382.9,57662.7,77556,77553
2,1,29,SLH-DSA-SHA2-128f_signed-by_SLH-DSA-SHAKE-256s,SLH-DSA-SHA2-128f_signed-by_SLH-DSA-SHAKE-256s,223.396,5590.38,423.068,1,45,0.46875,524.167,24,56112.7,55816,77556,77553
2,3,23,SLH-DSA-SHA2-128f_signed-by_SLH-DSA-SHAKE-256s,SLH-DSA-SHA2-128f_signed-by_SLH-DSA-SHAKE-256s,222.061,5624,497.736,1,71,0.550388,436.543,24,56377.8,55805.7,77556,77553
2,5,25,SLH-DSA-SHA2-128f_signed-by_SLH-DSA-SHAKE-256s,SLH-DSA-SHA2-128f_signed-by_SLH-DSA-SHAKE-256s,227.029,5500.93,393.183,1,11,0.112245,422.816,11,56006.8,55852.6,77556,77553
2,2,30,SLH-DSA-SHA2-128f_signed-by_SLH-DSA-SHAKE-256s,SLH-DSA-SHA2-128f_signed-by_SLH-DSA-SHAKE-256s,231.367,5397.79,370.528,1,0,0,476.667,24,56140.7,56177.6,77556,77553
2,4,23,SLH-DSA-SHA2-128f_signed-by_SLH-DSA-SHAKE-256s,SLH-DSA-SHA2-128f_signed-by_SLH-DSA-SHAKE-256s,212.305,5882.44,471.849,1,61,0.580952,420.248,24,56450.3,55862.2,77556,77553
2,6,31,SLH-DSA-SHA2-128f_signed-by_SLH-DSA-SHAKE-256s,SLH-DSA-SHA2-128f_signed-by_SLH-DSA-SHAKE-256s,204.801,6097.97,557.731,1,79,0.663866,459.647,16,56291.6,56382.5,77556,77553
2,8,31,SLH-DSA-SHA2-128f_signed-by_SLH-DSA-SHAKE-256s,SLH-DSA-SHA2-128f_signed-by_SLH-DSA-SHAKE-256s,294.525,4240.29,379.621,1,75,0.555556,345.674,22,56396.3,55660.5,77556,77553
2,1,30,SLH-DSA-SHA2-128f_signed-by_SLH-DSA-SHAKE-256s,SLH-DSA-SHA2-128f_signed-by_SLH-DSA-SHAKE-256s,240.372,5195.58,467.342,1,135,1.31068,509.456,24,56948.5,55833.5,77556,77553
2,3,24,SLH-DSA-SHA2-128f_signed-by_SLH-DSA-SHAKE-256s,SLH-DSA-SHA2-128f_signed-by_SLH-DSA-SHAKE-256s,251.474,4966.19,442.573,1,75,0.56391,360.977,24,56125.4,56224.9,77556,77553
2,5,26,SLH-DSA-SHA2-128f_signed-by_SLH-DSA-SHAKE-256s,SLH-DSA-SHA2-128f_signed-by_SLH-DSA-SHAKE-256s,247.038,5055.37,368.072,1,27,0.284211,444.358,11,56815.3,55700,77556,77553
2,2,31,SLH-DSA-SHA2-128f_signed-by_SLH-DSA-SHAKE-256s,SLH-DSA-SHA2-128f_signed-by_SLH-DSA-SHAKE-256s,264.234,4726.38,386.384,1,100,0.961538,552.385,24,56189.4,56246.1,77556,77553
2,4,24,SLH-DSA-SHA2-128f_signed-by_SLH-DSA-SHAKE-256s,SLH-DSA-SHA2-128f_signed-by_SLH-DSA-SHAKE-256s,247.277,5050.48,423.556,1,169,1.46957,438.417,24,56335.1,55838.6,77556,77553
2,6,32,SLH-DSA-SHA2-128f_signed-by_SLH-DSA-SHAKE-256s,SLH-DSA-SHA2-128f_signed-by_SLH-DSA-SHAKE-256s,235.046,5313.3,363.639,1,0,0,493.13,16,56212.3,55824,77556,77553
2,8,32,SLH-DSA-SHA2-128f_signed-by_SLH-DSA-SHAKE-256s,SLH-DSA-SHA2-128f_signed-by_SLH-DSA-SHAKE-256s,221.611,5635.42,425.322,0.642105,45,0.473684,518.758,22,56235.8,55971.6,77556,77553
2,1,31,SLH-DSA-SHA2-128f_signed-by_SLH-DSA-SHAKE-256s,SLH-DSA-SHA2-128f_signed-by_SLH-DSA-SHAKE-256s,202.299,6173.38,451.924,0.526316,23,0.242105,492.695,24,56610.4,55649,77556,77553
2,3,25,SLH-DSA-SHA2-128f_signed-by_SLH-DSA-SHAKE-256s,SLH-DSA-SHA2-128f_signed-by_SLH-DSA-SHAKE-256s,188.032,6641.78,454.559,1,0,0,491.783,24,56143.1,55698,77556,77553
2,5,27,SLH-DSA-SHA2-128f_signed-by_SLH-DSA-SHAKE-256s,SLH-DSA-SHA2-128f_signed-by_SLH-DSA-SHAKE-256s,210.759,5925.58,432.569,1,17,0.17,449.52,11,56076.9,55624.1,77556,77553
2,2,32,SLH-DSA-SHA2-128f_signed-by_SLH-DSA-SHAKE-256s,SLH-DSA-SHA2-128f_signed-by_SLH-DSA-SHAKE-256s,243.515,5128.52,440.219,1,62,0.504065,420.016,24,56257.9,55650.7,77556,77553
2,4,25,SLH-DSA-SHA2-128f_signed-by_SLH-DSA-SHAKE-256s,SLH-DSA-SHA2-128f_signed-by_SLH-DSA-SHAKE-256s,247.161,5052.85,450.879,1,73,0.557252,391.588,24,56415.9,55724.4,77556,77553
2,8,33,SLH-DSA-SHA2-128f_signed-by_SLH-DSA-SHAKE-256s,SLH-DSA-SHA2-128f_signed-by_SLH-DSA-SHAKE-256s,222.754,5606.5,383.705,1,0,0,446.783,22,56450,55878.2,77556,77553
2,6,33,SLH-DSA-SHA2-128f_signed-by_SLH-DSA-SHAKE-256s,SLH-DSA-SHA2-128f_signed-by_SLH-DSA-SHAKE-256s,267.673,4665.66,366.357,1,23,0.219048,392.629,16,56118.2,56368.1,77556,77553
2,7,21,SLH-DSA-SHA2-128f_signed-by_SLH-DSA-SHAKE-256s,SLH-DSA-SHA2-128f_signed-by_SLH-DSA-SHAKE-256s,1573.22,793.831,87.7791,1,159,0.898305,353.729,18,56086.2,56006.6,77556,77553
2,1,32,SLH-DSA-SHA2-128f_signed-by_SLH-DSA-SHAKE-256s,SLH-DSA-SHA2-128f_signed-by_SLH-DSA-SHAKE-256s,255.204,4893.62,424.758,1,205,1.88073,598.183,24,56374.2,55851.6,77556,77553
2,3,26,SLH-DSA-SHA2-128f_signed-by_SLH-DSA-SHAKE-256s,SLH-DSA-SHA2-128f_signed-by_SLH-DSA-SHAKE-256s,218.001,5728.73,419.373,1,23,0.242105,493.705,24,55990.2,56272.9,77556,77553
2,5,28,SLH-DSA-SHA2-128f_signed-by_SLH-DSA-SHAKE-256s,SLH-DSA-SHA2-128f_signed-by_SLH-DSA-SHAKE-256s,199.627,6256.03,545.818,1,65,0.515873,582.603,11,56053.8,55738.4,77556,77553
2,4,26,SLH-DSA-SHA2-128f_signed-by_SLH-DSA-SHAKE-256s,SLH-DSA-SHA2-128f_signed-by_SLH-DSA-SHAKE-256s,262.431,4758.86,380.321,1,41,0.366071,406.321,24,56364.4,55807.3,77556,77553
2,2,33,SLH-DSA-SHA2-128f_signed-by_SLH-DSA-SHAKE-256s,SLH-DSA-SHA2-128f_signed-by_SLH-DSA-SHAKE-256s,308.218,4051.91,393.435,1,102,0.708333,687.778,24,56547.5,56157.3,77556,77553
2,8,34,SLH-DSA-SHA2-128f_signed-by_SLH-DSA-SHAKE-256s,SLH-DSA-SHA2-128f_signed-by_SLH-DSA-SHAKE-256s,280.784,4447.8,363.04,1,221,2.21,538.28,22,56136.7,56109.8,77556,77553
2,6,34,SLH-DSA-SHA2-128f_signed-by_SLH-DSA-SHAKE-256s,SLH-DSA-SHA2-128f_signed-by_SLH-DSA-SHAKE-256s,293.939,4248.74,310.105,1,33,0.340206,441.216,16,56153,55680.4,77556,77553
2,1,33,SLH-DSA-SHA2-128f_signed-by_SLH-DSA-SHAKE-256s,SLH-DSA-SHA2-128f_signed-by_SLH-DSA-SHAKE-256s,282.744,4416.97,300.484,1,0,0,410.089,24,56433.5,55780.8,77556,77553
2,3,27,SLH-DSA-SHA2-128f_signed-by_SLH-DSA-SHAKE-256s,SLH-DSA-SHA2-128f_signed-by_SLH-DSA-SHAKE-256s,278.024,4491.94,326.992,1,23,0.247312,567.118,24,56301.1,56066.7,77556,77553
2,7,22,SLH-DSA-SHA2-128f_signed-by_SLH-DSA-SHAKE-256s,SLH-DSA-SHA2-128f_signed-by_SLH-DSA-SHAKE-256s,321.762,3881.34,421.429,1,276,2.42105,1012.56,18,55943,56057.3,77556,77553
2,5,29,SLH-DSA-SHA2-128f_signed-by_SLH-DSA-SHAKE-256s,SLH-DSA-SHA2-128f_signed-by_SLH-DSA-SHAKE-256s,268.881,4644.69,425.466,1,70,0.551181,638.157,11,56370.9,56004.7,77556,77553
2,2,34,SLH-DSA-SHA2-128f_signed-by_SLH-DSA-SHAKE-256s,SLH-DSA-SHA2-128f_signed-by_SLH-DSA-SHAKE-256s,217.935,5730.46,548.125,1,119,0.952,522.672,24,56493.9,55644.8,77556,77553
2,8,35,SLH-DSA-SHA2-128f_signed-by_SLH-DSA-SHAKE-256s,SLH-DSA-SHA2-128f_signed-by_SLH-DSA-SHAKE-256s,267.666,4665.77,384.179,1,69,0.683168,494.99,21,56179.2,56192.1,77556,77553
2,1,34,SLH-DSA-SHA2-128f_signed-by_SLH-DSA-SHAKE-256s,SLH-DSA-SHA2-128f_signed-by_SLH-DSA-SHAKE-256s,248.208,5031.54,367.304,1,23,0.244681,477.277,24,56305.3,55961.3,77556,77553
2,4,27,SLH-DSA-SHA2-128f_signed-by_SLH-DSA-SHAKE-256s,SLH-DSA-SHA2-128f_signed-by_SLH-DSA-SHAKE-256s,341.967,3652.02,312.124,1,69,0.565574,379.213,24,56130.9,56536.5,77556,77553
2,5,30,SLH-DSA-SHA2-128f_signed-by_SLH-DSA-SHAKE-256s,SLH-DSA-SHA2-128f_signed-by_SLH-DSA-SHAKE-256s,246.74,5061.47,406.84,1,42,0.371681,461.788,11,56079.4,56320.4,77556,77553
2,3,28,SLH-DSA-SHA2-128f_signed-by_SLH-DSA-SHAKE-256s,SLH-DSA-SHA2-128f_signed-by_SLH-DSA-SHAKE-256s,282.549,4420.01,357.091,1,64,0.542373,422.102,24,56072,55993.3,77556,77553
2,7,23,SLH-DSA-SHA2-128f_signed-by_SLH-DSA-SHAKE-256s,SLH-DSA-SHA2-128f_signed-by_SLH-DSA-SHAKE-256s,282.955,4413.67,494.099,1,332,2.15584,987.87,17,56426.7,55779.9,77556,77553
2,6,35,SLH-DSA-SHA2-128f_signed-by_SLH-DSA-SHAKE-256s,SLH-DSA-SHA2-128f_signed-by_SLH-DSA-SHAKE-256s,366.252,3409.87,300.121,1,68,0.519084,378.366,16,56230.4,56046.9,77556,77553
2,2,35,SLH-DSA-SHA2-128f_signed-by_SLH-DSA-SHAKE-256s,SLH-DSA-SHA2-128f_signed-by_SLH-DSA-SHAKE-256s,209.131,5971.71,593.465,1,225,1.65441,564.971,24,56091.1,56175.5,77556,77553
2,8,36,SLH-DSA-SHA2-128f_signed-by_SLH-DSA-SHAKE-256s,SLH-DSA-SHA2-128f_signed-by_SLH-DSA-SHAKE-256s,208.881,5978.85,407.963,1,0,0,451.275,21,56309.4,55741,77556,77553
2,1,35,SLH-DSA-SHA2-128f_signed-by_SLH-DSA-SHAKE-256s,SLH-DSA-SHA2-128f_signed-by_SLH-DSA-SHAKE-256s,227.415,5491.59,403.632,1,23,0.237113,505.876,24,56065.6,55776.8,77556,77553
2,5,31,SLH-DSA-SHA2-128f_signed-by_SLH-DSA-SHAKE-256s,SLH-DSA-SHA2-128f_signed-by_SLH-DSA-SHAKE-256s,249.556,5004.36,395.197,1,37,0.333333,457.784,12,56354,55717.4,77556,77553
2,3,29,SLH-DSA-SHA2-128f_signed-by_SLH-DSA-SHAKE-256s,SLH-DSA-SHA2-128f_signed-by_SLH-DSA-SHAKE-256s,271.766,4595.39,478.176,1,202,1.3931,680.731,24,57019.6,55810.6,77556,77553
2,7,24,SLH-DSA-SHA2-128f_signed-by_SLH-DSA-SHAKE-256s,SLH-DSA-SHA2-128f_signed-by_SLH-DSA-SHAKE-256s,270.705,4613.4,488.325,1,130,0.81761,463.987,17,56062.7,55777.9,77556,77553
2,4,28,SLH-DSA-SHA2-128f_signed-by_SLH-DSA-SHAKE-256s,SLH-DSA-SHA2-128f_signed-by_SLH-DSA-SHAKE-256s,342.867,3642.43,277.751,1,38,0.365385,779.346,24,56164.4,55855.2,77556,77553
2,6,36,SLH-DSA-SHA2-128f_signed-by_SLH-DSA-SHAKE-256s,SLH-DSA-SHA2-128f_signed-by_SLH-DSA-SHAKE-256s,282.182,4425.76,380.463,1,150,1.48515,1075.03,16,56003.8,55715,77556,77553
2,2,36,SLH-DSA-SHA2-128f_signed-by_SLH-DSA-SHAKE-256s,SLH-DSA-SHA2-128f_signed-by_SLH-DSA-SHAKE-256s,269.333,4636.89,332.197,1,13,0.134021,520.103,24,56449.1,56739.9,77556,77553
2,8,37,SLH-DSA-SHA2-128f_signed-by_SLH-DSA-SHAKE-256s,SLH-DSA-SHA2-128f_signed-by_SLH-DSA-SHAKE-256s,283.755,4401.23,482.783,1,212,1.35897,663.821,20,57330.6,55843.6,77556,77553
2,1,36,SLH-DSA-SHA2-128f_signed-by_SLH-DSA-SHAKE-256s,SLH-DSA-SHA2-128f_signed-by_SLH-DSA-SHAKE-256s,302.308,4131.11,417.851,1,181,1.33088,486,24,56141.5,55774.9,77556,77553
2,5,32,SLH-DSA-SHA2-128f_signed-by_SLH-DSA-SHAKE-256s,SLH-DSA-SHA2-128f_signed-by_SLH-DSA-SHAKE-256s,273.097,4572.99,372.263,1,34,0.309091,409.673,12,56179,55770.4,77556,77553
2,7,25,SLH-DSA-SHA2-128f_signed-by_SLH-DSA-SHAKE-256s,SLH-DSA-SHA2-128f_signed-by_SLH-DSA-SHAKE-256s,269.514,4633.78,338.326,1,27,0.28125,541.958,17,56153.5,55958,77556,77553
2,2,37,SLH-DSA-SHA2-128f_signed-by_SLH-DSA-SHAKE-256s,SLH-DSA-SHA2-128f_signed-by_SLH-DSA-SHAKE-256s,233.083,5358.05,389.904,1,83,0.892473,706.559,24,56189.3,55657.9,77556,77553
2,6,37,SLH-DSA-SHA2-128f_signed-by_SLH-DSA-SHAKE-256s,SLH-DSA-SHA2-128f_signed-by_SLH-DSA-SHAKE-256s,265.275,4707.83,448.741,1,320,2.48062,607.984,16,56381.2,55574.1,77556,77553
2,4,29,SLH-DSA-SHA2-128f_signed-by_SLH-DSA-SHAKE-256s,SLH-DSA-SHA2-128f_signed-by_SLH-DSA-SHAKE-256s,303.05,4121,346.398,1,69,0.638889,566.556,24,56217,55905.2,77556,77553
2,8,38,SLH-DSA-SHA2-128f_signed-by_SLH-DSA-SHAKE-256s,SLH-DSA-SHA2-128f_signed-by_SLH-DSA-SHAKE-256s,229.73,5436.26,393.575,1,129,1.3871,549.828,20,56386.2,55819.4,77556,77553
2,3,30,SLH-DSA-SHA2-128f_signed-by_SLH-DSA-SHAKE-256s,SLH-DSA-SHA2-128f_signed-by_SLH-DSA-SHAKE-256s,386.298,3232.92,276.263,1,69,0.575,396.633,24,55967.4,55733.1,77556,77553
2,1,37,SLH-DSA-SHA2-128f_signed-by_SLH-DSA-SHAKE-256s,SLH-DSA-SHA2-128f_signed-by_SLH-DSA-SHAKE-256s,211.919,5893.15,453.682,1,83,0.873684,596.105,24,56446.9,56065.9,77556,77553
2,5,33,SLH-DSA-SHA2-128f_signed-by_SLH-DSA-SHAKE-256s,SLH-DSA-SHA2-128f_signed-by_SLH-DSA-SHAKE-256s,237.492,5258.57,390.749,1,22,0.213592,494.466,13,56149.7,56099.9,77556,77553
2,7,26,SLH-DSA-SHA2-128f_signed-by_SLH-DSA-SHAKE-256s,SLH-DSA-SHA2-128f_signed-by_SLH-DSA-SHAKE-256s,247.948,5036.82,346.588,1,1,0.0108696,553.739,16,55956.8,55713.7,77556,77553
2,2,38,SLH-DSA-SHA2-128f_signed-by_SLH-DSA-SHAKE-256s,SLH-DSA-SHA2-128f_signed-by_SLH-DSA-SHAKE-256s,245.12,5094.94,373.629,1,84,0.875,588.5,24,56024.8,56124.8,77556,77553
2,6,38,SLH-DSA-SHA2-128f_signed-by_SLH-DSA-SHAKE-256s,SLH-DSA-SHA2-128f_signed-by_SLH-DSA-SHAKE-256s,243.745,5123.67,431.86,1,166,1.44348,486.348,16,56212.6,55966.5,77556,77553
2,4,30,SLH-DSA-SHA2-128f_signed-by_SLH-DSA-SHAKE-256s,SLH-DSA-SHA2-128f_signed-by_SLH-DSA-SHAKE-256s,254.576,4905.68,334.736,1,0,0,493.253,24,56254.1,56671,77556,77553
2,3,31,SLH-DSA-SHA2-128f_signed-by_SLH-DSA-SHAKE-256s,SLH-DSA-SHA2-128f_signed-by_SLH-DSA-SHAKE-256s,252.517,4945.69,376.307,1,45,0.459184,525.592,24,56223.3,55769.6,77556,77553
2,8,39,SLH-DSA-SHA2-128f_signed-by_SLH-DSA-SHAKE-256s,SLH-DSA-SHA2-128f_signed-by_SLH-DSA-SHAKE-256s,296.451,4212.74,327.015,1,49,0.494949,530.242,20,56235.9,56027.1,77556,77553
2,1,38,SLH-DSA-SHA2-128f_signed-by_SLH-DSA-SHAKE-256s,SLH-DSA-SHA2-128f_signed-by_SLH-DSA-SHAKE-256s,252.737,4941.38,384.272,1,46,0.474227,462.577,24,56075.5,55878.8,77556,77553
2,5,34,SLH-DSA-SHA2-128f_signed-by_SLH-DSA-SHAKE-256s,SLH-DSA-SHA2-128f_signed-by_SLH-DSA-SHAKE-256s,253.159,4933.15,424.713,1,88,0.778761,440.23,13,56214.2,55870.2,77556,77553
2,2,39,SLH-DSA-SHA2-128f_signed-by_SLH-DSA-SHAKE-256s,SLH-DSA-SHA2-128f_signed-by_SLH-DSA-SHAKE-256s,229.628,5438.66,551.499,1,116,0.773333,579.68,24,56009,56212.9,77556,77553
2,7,27,SLH-DSA-SHA2-128f_signed-by_SLH-DSA-SHAKE-256s,SLH-DSA-SHA2-128f_signed-by_SLH-DSA-SHAKE-256s,245.839,5080.04,484.74,1,95,0.673759,428.922,16,56154.8,55747.2,77556,77553
2,6,39,SLH-DSA-SHA2-128f_signed-by_SLH-DSA-SHAKE-256s,SLH-DSA-SHA2-128f_signed-by_SLH-DSA-SHAKE-256s,289.942,4307.31,440.419,1,229,1.53691,457.732,16,56222.2,55733.7,77556,77553
2,4,31,SLH-DSA-SHA2-128f_signed-by_SLH-DSA-SHAKE-256s,SLH-DSA-SHA2-128f_signed-by_SLH-DSA-SHAKE-256s,273.467,4566.8,346.659,1,96,0.96,712.88,24,56207.5,55930.8,77556,77553
2,1,39,SLH-DSA-SHA2-128f_signed-by_SLH-DSA-SHAKE-256s,SLH-DSA-SHA2-128f_signed-by_SLH-DSA-SHAKE-256s,230.441,5419.48,369.795,1,0,0,496.857,24,56498.8,55864.2,77556,77553
2,3,32,SLH-DSA-SHA2-128f_signed-by_SLH-DSA-SHAKE-256s,SLH-DSA-SHA2-128f_signed-by_SLH-DSA-SHAKE-256s,274.853,4543.78,363.831,1,42,0.371681,470.743,24,56117.5,55805.6,77556,77553
2,8,40,SLH-DSA-SHA2-128f_signed-by_SLH-DSA-SHAKE-256s,SLH-DSA-SHA2-128f_signed-by_SLH-DSA-SHAKE-256s,296.408,4213.35,344.174,1,61,0.575472,651.208,20,56634.5,55886,77556,77553
2,5,35,SLH-DSA-SHA2-128f_signed-by_SLH-DSA-SHAKE-256s,SLH-DSA-SHA2-128f_signed-by_SLH-DSA-SHAKE-256s,246.144,5073.73,386.439,1,40,0.39604,477.446,14,56163.1,55786,77556,77553
2,2,40,SLH-DSA-SHA2-128f_signed-by_SLH-DSA-SHAKE-256s,SLH-DSA-SHA2-128f_signed-by_SLH-DSA-SHAKE-256s,229.918,5431.81,381.492,1,144,1.38462,443.885,24,56233.6,55785.8,77556,77553
2,7,28,SLH-DSA-SHA2-128f_signed-by_SLH-DSA-SHAKE-256s,SLH-DSA-SHA2-128f_signed-by_SLH-DSA-SHAKE-256s,240.221,5198.84,552.557,1,154,1,832.468,16,56645.2,55861.7,77556,77553
2,6,40,SLH-DSA-SHA2-128f_signed-by_SLH-DSA-SHAKE-256s,SLH-DSA-SHA2-128f_signed-by_SLH-DSA-SHAKE-256s,215.928,5783.74,445.111,1,50,0.526316,549.663,16,56236.4,55948.5,77556,77553
2,4,32,SLH-DSA-SHA2-128f_signed-by_SLH-DSA-SHAKE-256s,SLH-DSA-SHA2-128f_signed-by_SLH-DSA-SHAKE-256s,245.32,5090.77,387.933,1,35,0.339806,452.369,24,56779.2,55697,77556,77553
2,3,33,SLH-DSA-SHA2-128f_signed-by_SLH-DSA-SHAKE-256s,SLH-DSA-SHA2-128f_signed-by_SLH-DSA-SHAKE-256s,227.607,5486.96,416.577,1,46,0.469388,519.061,24,56353.7,56111.8,77556,77553
2,8,41,SLH-DSA-SHA2-128f_signed-by_SLH-DSA-SHAKE-256s,SLH-DSA-SHA2-128f_signed-by_SLH-DSA-SHAKE-256s,221.23,5645.13,654.16,1,175,1.01744,499.209,20,56214.4,55808.8,77556,77553
2,5,36,SLH-DSA-SHA2-128f_signed-by_SLH-DSA-SHAKE-256s,SLH-DSA-SHA2-128f_signed-by_SLH-DSA-SHAKE-256s,222.711,5607.59,433.71,1,33,0.302752,391.725,14,56142.9,56072.6,77556,77553
2,7,29,SLH-DSA-SHA2-128f_signed-by_SLH-DSA-SHAKE-256s,SLH-DSA-SHA2-128f_signed-by_SLH-DSA-SHAKE-256s,202.33,6172.43,426.549,1,1,0.0106383,526.426,15,56531.2,56408.6,77556,77553
2,2,41,SLH-DSA-SHA2-128f_signed-by_SLH-DSA-SHAKE-256s,SLH-DSA-SHA2-128f_signed-by_SLH-DSA-SHAKE-256s,246.638,5063.57,501.463,1,240,2.12389,1480.69,24,56052.8,55760.6,77556,77553
2,6,41,SLH-DSA-SHA2-128f_signed-by_SLH-DSA-SHAKE-256s,SLH-DSA-SHA2-128f_signed-by_SLH-DSA-SHAKE-256s,286.151,4364.38,363.109,1,72,0.692308,548.038,16,56913.7,56222.1,77556,77553
2,3,34,SLH-DSA-SHA2-128f_signed-by_SLH-DSA-SHAKE-256s,SLH-DSA-SHA2-128f_signed-by_SLH-DSA-SHAKE-256s,220.28,5669.46,438.205,1,111,1.14433,667.031,24,56095.9,55790.4,77556,77553
2,4,33,SLH-DSA-SHA2-128f_signed-by_SLH-DSA-SHAKE-256s,SLH-DSA-SHA2-128f_signed-by_SLH-DSA-SHAKE-256s,269.065,4641.52,339.248,1,23,0.242105,484.779,24,56218.5,55882.9,77556,77553
2,5,37,SLH-DSA-SHA2-128f_signed-by_SLH-DSA-SHAKE-256s,SLH-DSA-SHA2-128f_signed-by_SLH-DSA-SHAKE-256s,246.212,5072.32,415.51,1,69,0.64486,568.692,15,56143.5,55709.4,77556,77553
2,8,42,SLH-DSA-SHA2-128f_signed-by_SLH-DSA-SHAKE-256s,SLH-DSA-SHA2-128f_signed-by_SLH-DSA-SHAKE-256s,270.893,4610.2,366.727,1,39,0.348214,379.357,19,56212.5,55749.7,77556,77553
2,7,30,SLH-DSA-SHA2-128f_signed-by_SLH-DSA-SHAKE-256s,SLH-DSA-SHA2-128f_signed-by_SLH-DSA-SHAKE-256s,237.807,5251.6,358.34,1,0,0,498.132,15,56135,55814.3,77556,77553
2,2,42,SLH-DSA-SHA2-128f_signed-by_SLH-DSA-SHAKE-256s,SLH-DSA-SHA2-128f_signed-by_SLH-DSA-SHAKE-256s,220.032,5675.86,653.649,1,275,1.6369,577.31,24,56857.1,55938.9,77556,77553
2,6,42,SLH-DSA-SHA2-128f_signed-by_SLH-DSA-SHAKE-256s,SLH-DSA-SHA2-128f_signed-by_SLH-DSA-SHAKE-256s,182.184,6854.98,527.641,1,54,0.556701,539.649,16,56227.2,55733.6,77556,77553
2,3,35,SLH-DSA-SHA2-128f_signed-by_SLH-DSA-SHAKE-256s,SLH-DSA-SHA2-128f_signed-by_SLH-DSA-SHAKE-256s,186.254,6705.19,457.524,0.901099,0,0,496.769,24,56127.8,56104.2,77556,77553
2,4,34,SLH-DSA-SHA2-128f_signed-by_SLH-DSA-SHAKE-256s,SLH-DSA-SHA2-128f_signed-by_SLH-DSA-SHAKE-256s,232.28,5376.57,411.02,1,56,0.554455,470.594,24,59309.8,55706.1,77556,77553
2,8,43,SLH-DSA-SHA2-128f_signed-by_SLH-DSA-SHAKE-256s,SLH-DSA-SHA2-128f_signed-by_SLH-DSA-SHAKE-256s,208.024,6003.49,522.554,0.56,65,0.52,482.928,19,56601.1,55834.6,77556,77553
2,5,38,SLH-DSA-SHA2-128f_signed-by_SLH-DSA-SHAKE-256s,SLH-DSA-SHA2-128f_signed-by_SLH-DSA-SHAKE-256s,236.675,5276.72,360.054,0.769231,0,0,444.022,14,56110.6,56097.9,77556,77553
2,7,31,SLH-DSA-SHA2-128f_signed-by_SLH-DSA-SHAKE-256s,SLH-DSA-SHA2-128f_signed-by_SLH-DSA-SHAKE-256s,245.095,5095.46,383.59,0.714286,20,0.204082,524.898,15,56261.5,55767.8,77556,77553
2,2,43,SLH-DSA-SHA2-128f_signed-by_SLH-DSA-SHAKE-256s,SLH-DSA-SHA2-128f_signed-by_SLH-DSA-SHAKE-256s,240.895,5184.28,354.809,0.76087,0,0,471.043,24,56081.9,55972.5,77556,77553
2,3,36,SLH-DSA-SHA2-128f_signed-by_SLH-DSA-SHAKE-256s,SLH-DSA-SHA2-128f_signed-by_SLH-DSA-SHAKE-256s,192.429,6490.01,444.172,1,0,0,491.261,24,56055.1,56042.6,77556,77553
2,6,43,SLH-DSA-SHA2-128f_signed-by_SLH-DSA-SHAKE-256s,SLH-DSA-SHA2-128f_signed-by_SLH-DSA-SHAKE-256s,210.765,5925.42,445.994,1,45,0.478723,622.979,15,56388.1,55862.1,77556,77553
2,4,35,SLH-DSA-SHA2-128f_signed-by_SLH-DSA-SHAKE-256s,SLH-DSA-SHA2-128f_signed-by_SLH-DSA-SHAKE-256s,233.642,5345.22,385.341,1,5,0.049505,358,24,56217.6,55859.7,77556,77553
2,8,44,SLH-DSA-SHA2-128f_signed-by_SLH-DSA-SHAKE-256s,SLH-DSA-SHA2-128f_signed-by_SLH-DSA-SHAKE-256s,294.38,4242.37,440.572,1,124,0.789809,452.624,19,56397.4,55866.1,77556,77553
2,5,39,SLH-DSA-SHA2-128f_signed-by_SLH-DSA-SHAKE-256s,SLH-DSA-SHA2-128f_signed-by_SLH-DSA-SHAKE-256s,282.319,4423.61,399.377,1,76,0.575758,421.697,14,56156.7,55773.9,77556,77553
2,6,44,SLH-DSA-SHA2-128f_signed-by_SLH-DSA-SHAKE-256s,SLH-DSA-SHA2-128f_signed-by_SLH-DSA-SHAKE-256s,246.552,5065.33,346.084,1,0,0,538.174,15,56529.1,56183.2,77556,77553
2,2,44,SLH-DSA-SHA2-128f_signed-by_SLH-DSA-SHAKE-256s,SLH-DSA-SHA2-128f_signed-by_SLH-DSA-SHAKE-256s,288.66,4326.43,399.971,1,129,1.31633,532.163,24,56320.1,55800.2,77556,77553
2,3,37,SLH-DSA-SHA2-128f_signed-by_SLH-DSA-SHAKE-256s,SLH-DSA-SHA2-128f_signed-by_SLH-DSA-SHAKE-256s,261.338,4778.76,384.789,1,126,1.26,1145.64,24,56443.2,55741.3,77556,77553
2,4,36,SLH-DSA-SHA2-128f_signed-by_SLH-DSA-SHAKE-256s,SLH-DSA-SHA2-128f_signed-by_SLH-DSA-SHAKE-256s,195.168,6398.95,468.437,1,23,0.242105,452.484,24,56052.1,55688.5,77556,77553
2,8,45,SLH-DSA-SHA2-128f_signed-by_SLH-DSA-SHAKE-256s,SLH-DSA-SHA2-128f_signed-by_SLH-DSA-SHAKE-256s,235.6,5300.8,364.346,1,0,0,392.936,18,56271.3,56037.2,77556,77553
2,7,32,SLH-DSA-SHA2-128f_signed-by_SLH-DSA-SHAKE-256s,SLH-DSA-SHA2-128f_signed-by_SLH-DSA-SHAKE-256s,498.674,2504.38,240.221,1,286,2.15038,543.414,15,56120,55653.6,77556,77553
2,5,40,SLH-DSA-SHA2-128f_signed-by_SLH-DSA-SHAKE-256s,SLH-DSA-SHA2-128f_signed-by_SLH-DSA-SHAKE-256s,240.886,5184.49,414.004,1,46,0.425926,415.556,14,56135.7,55860.3,77556,77553
2,6,45,SLH-DSA-SHA2-128f_signed-by_SLH-DSA-SHAKE-256s,SLH-DSA-SHA2-128f_signed-by_SLH-DSA-SHAKE-256s,249.158,5012.36,343.043,1,0,0,439.609,14,56248,55867.4,77556,77553
2,3,38,SLH-DSA-SHA2-128f_signed-by_SLH-DSA-SHAKE-256s,SLH-DSA-SHA2-128f_signed-by_SLH-DSA-SHAKE-256s,248.679,5022.01,639.409,1,353,1.98315,687.865,24,56282.5,56153.6,77556,77553
2,2,45,SLH-DSA-SHA2-128f_signed-by_SLH-DSA-SHAKE-256s,SLH-DSA-SHA2-128f_signed-by_SLH-DSA-SHAKE-256s,258.937,4823.06,578.116,1,106,0.854839,1238.19,24,56029.6,55720.9,77556,77553
2,4,37,SLH-DSA-SHA2-128f_signed-by_SLH-DSA-SHAKE-256s,SLH-DSA-SHA2-128f_signed-by_SLH-DSA-SHAKE-256s,233.342,5352.11,364.1,1,0,0,457.2,24,56249.2,55871.2,77556,77553
2,8,46,SLH-DSA-SHA2-128f_signed-by_SLH-DSA-SHAKE-256s,SLH-DSA-SHA2-128f_signed-by_SLH-DSA-SHAKE-256s,173.641,7192.23,650.903,1,76,0.580153,498.641,18,56254.5,56001.1,77556,77553
2,7,33,SLH-DSA-SHA2-128f_signed-by_SLH-DSA-SHAKE-256s,SLH-DSA-SHA2-128f_signed-by_SLH-DSA-SHAKE-256s,232.293,5376.26,464.447,1,60,0.47619,482.54,14,56102.8,55720.1,77556,77553
2,6,46,SLH-DSA-SHA2-128f_signed-by_SLH-DSA-SHAKE-256s,SLH-DSA-SHA2-128f_signed-by_SLH-DSA-SHAKE-256s,239.019,5224.99,484.246,1,126,1.07692,612.906,13,56082.9,55863.2,77556,77553
2,5,41,SLH-DSA-SHA2-128f_signed-by_SLH-DSA-SHAKE-256s,SLH-DSA-SHA2-128f_signed-by_SLH-DSA-SHAKE-256s,298.73,4180.6,501.215,1,182,0.983784,365.805,13,56088.3,55684.5,77556,77553
2,2,46,SLH-DSA-SHA2-128f_signed-by_SLH-DSA-SHAKE-256s,SLH-DSA-SHA2-128f_signed-by_SLH-DSA-SHAKE-256s,259.894,4805.3,393.39,1,115,1.0177,1081.08,24,56293,55835.8,77556,77553
2,4,38,SLH-DSA-SHA2-128f_signed-by_SLH-DSA-SHAKE-256s,SLH-DSA-SHA2-128f_signed-by_SLH-DSA-SHAKE-256s,268.062,4658.88,498.212,1,140,0.89172,355.07,24,56660.6,55888.4,77556,77553
2,3,39,SLH-DSA-SHA2-128f_signed-by_SLH-DSA-SHAKE-256s,SLH-DSA-SHA2-128f_signed-by_SLH-DSA-SHAKE-256s,315.472,3958.73,378.606,1,146,1.31532,636.054,24,56520.3,55685.8,77556,77553
2,8,47,SLH-DSA-SHA2-128f_signed-by_SLH-DSA-SHAKE-256s,SLH-DSA-SHA2-128f_signed-by_SLH-DSA-SHAKE-256s,233.303,5352.99,598.225,1,339,2.24503,1144.81,17,56699.7,55862.3,77556,77553
2,7,34,SLH-DSA-SHA2-128f_signed-by_SLH-DSA-SHAKE-256s,SLH-DSA-SHA2-128f_signed-by_SLH-DSA-SHAKE-256s,218.283,5721.33,485.241,1,121,1.0431,592.172,14,56277.3,55722.7,77556,77553
2,6,47,SLH-DSA-SHA2-128f_signed-by_SLH-DSA-SHAKE-256s,SLH-DSA-SHA2-128f_signed-by_SLH-DSA-SHAKE-256s,240.849,5185.27,414.399,1,41,0.366071,500.143,13,56087.9,56023,77556,77553
2,5,42,SLH-DSA-SHA2-128f_signed-by_SLH-DSA-SHAKE-256s,SLH-DSA-SHA2-128f_signed-by_SLH-DSA-SHAKE-256s,229.871,5432.91,370.711,1,0,0,542.352,13,56939.9,55822,77556,77553
2,2,47,SLH-DSA-SHA2-128f_signed-by_SLH-DSA-SHAKE-256s,SLH-DSA-SHA2-128f_signed-by_SLH-DSA-SHAKE-256s,237.941,5248.64,384.094,1,79,0.831579,598.842,24,56102.4,55888.9,77556,77553
2,4,39,SLH-DSA-SHA2-128f_signed-by_SLH-DSA-SHAKE-256s,SLH-DSA-SHA2-128f_signed-by_SLH-DSA-SHAKE-256s,253.32,4930.01,360.903,1,23,0.242105,555.979,24,56462.5,55811.6,77556,77553
2,3,40,SLH-DSA-SHA2-128f_signed-by_SLH-DSA-SHAKE-256s,SLH-DSA-SHA2-128f_signed-by_SLH-DSA-SHAKE-256s,237.078,5267.75,383.468,1,17,0.171717,449.758,24,56348.2,56168.1,77556,77553
2,8,48,SLH-DSA-SHA2-128f_signed-by_SLH-DSA-SHAKE-256s,SLH-DSA-SHA2-128f_signed-by_SLH-DSA-SHAKE-256s,226.333,5517.84,410.297,0.961165,21,0.203883,453.417,17,56333.1,55892.3,77556,77553
2,7,35,SLH-DSA-SHA2-128f_signed-by_SLH-DSA-SHAKE-256s,SLH-DSA-SHA2-128f_signed-by_SLH-DSA-SHAKE-256s,187.235,6670.05,484.266,1,41,0.43617,554.809,14,56147.8,56067.1,77556,77553
2,6,48,SLH-DSA-SHA2-128f_signed-by_SLH-DSA-SHAKE-256s,SLH-DSA-SHA2-128f_signed-by_SLH-DSA-SHAKE-256s,180.964,6901.2,632.169,1,88,0.692913,715.827,12,56304.6,55956.4,77556,77553
2,5,43,SLH-DSA-SHA2-128f_signed-by_SLH-DSA-SHAKE-256s,SLH-DSA-SHA2-128f_signed-by_SLH-DSA-SHAKE-256s,190.993,6538.81,471.136,1,12,0.121212,505.838,13,56992.3,55790.4,77556,77553
2,2,48,SLH-DSA-SHA2-128f_signed-by_SLH-DSA-SHAKE-256s,SLH-DSA-SHA2-128f_signed-by_SLH-DSA-SHAKE-256s,232.417,5373.39,509.428,1,131,1.07377,517.115,24,56162.7,55785,77556,77553
2,4,40,SLH-DSA-SHA2-128f_signed-by_SLH-DSA-SHAKE-256s,SLH-DSA-SHA2-128f_signed-by_SLH-DSA-SHAKE-256s,262.44,4758.69,368.175,1,152,1.56701,457.134,24,56371.8,56144.8,77556,77553
2,8,49,SLH-DSA-SHA2-128f_signed-by_SLH-DSA-SHAKE-256s,SLH-DSA-SHA2-128f_signed-by_SLH-DSA-SHAKE-256s,242.716,5145.38,496.776,1,106,0.773723,394.175,17,56158.1,55796.3,77556,77553
2,3,41,SLH-DSA-SHA2-128f_signed-by_SLH-DSA-SHAKE-256s,SLH-DSA-SHA2-128f_signed-by_SLH-DSA-SHAKE-256s,293.72,4251.9,446.628,1,304,2.5124,1013.57,24,57090.4,55695.5,77556,77553
2,7,36,SLH-DSA-SHA2-128f_signed-by_SLH-DSA-SHAKE-256s,SLH-DSA-SHA2-128f_signed-by_SLH-DSA-SHAKE-256s,274.466,4550.18,379.908,1,47,0.484536,626.66,14,56380.4,55923.6,77556,77553
2,6,49,SLH-DSA-SHA2-128f_signed-by_SLH-DSA-SHAKE-256s,SLH-DSA-SHA2-128f_signed-by_SLH-DSA-SHAKE-256s,231.849,5386.56,484.383,0.923077,75,0.576923,703.754,12,56544.3,55879.6,77556,77553
2,5,44,SLH-DSA-SHA2-128f_signed-by_SLH-DSA-SHAKE-256s,SLH-DSA-SHA2-128f_signed-by_SLH-DSA-SHAKE-256s,228.318,5469.87,372.602,1,0,0,718.879,12,56225.4,55931.7,77556,77553
2,2,49,SLH-DSA-SHA2-128f_signed-by_SLH-DSA-SHAKE-256s,SLH-DSA-SHA2-128f_signed-by_SLH-DSA-SHAKE-256s,210.049,5945.62,432.585,1,28,0.294737,480.905,24,56137.4,56109.9,77556,77553
2,4,41,SLH-DSA-SHA2-128f_signed-by_SLH-DSA-SHAKE-256s,SLH-DSA-SHA2-128f_signed-by_SLH-DSA-SHAKE-256s,188.647,6620.13,451.721,0.912088,0,0,493.253,24,56315,55901.4,77556,77553
2,8,50,SLH-DSA-SHA2-128f_signed-by_SLH-DSA-SHAKE-256s,SLH-DSA-SHA2-128f_signed-by_SLH-DSA-SHAKE-256s,238.417,5238.18,420.506,0.77193,42,0.368421,424.211,17,56262.2,55940.1,77556,77553
2,3,42,SLH-DSA-SHA2-128f_signed-by_SLH-DSA-SHAKE-256s,SLH-DSA-SHA2-128f_signed-by_SLH-DSA-SHAKE-256s,219.183,5697.85,391.125,0.946237,0,0,435.29,24,56101.1,55852.8,77556,77553
2,7,37,SLH-DSA-SHA2-128f_signed-by_SLH-DSA-SHAKE-256s,SLH-DSA-SHA2-128f_signed-by_SLH-DSA-SHAKE-256s,229.326,5445.83,416.943,1,82,0.863158,553.663,14,56205.3,55715.9,77556,77553
2,6,50,SLH-DSA-SHA2-128f_signed-by_SLH-DSA-SHAKE-256s,SLH-DSA-SHA2-128f_signed-by_SLH-DSA-SHAKE-256s,225.632,5534.99,378.669,1,0,0,486.817,12,56460.5,55673.7,77556,77553
2,5,45,SLH-DSA-SHA2-128f_signed-by_SLH-DSA-SHAKE-256s,SLH-DSA-SHA2-128f_signed-by_SLH-DSA-SHAKE-256s,237.587,5256.47,413.489,1,57,0.558824,544.824,12,55980.8,56157.4,77556,77553
2,2,50,SLH-DSA-SHA2-128f_signed-by_SLH-DSA-SHAKE-256s,SLH-DSA-SHA2-128f_signed-by_SLH-DSA-SHAKE-256s,208.06,6002.43,409.572,0.626374,0,0,542.352,24,56199.9,55783.2,77556,77553
2,4,42,SLH-DSA-SHA2-128f_signed-by_SLH-DSA-SHAKE-256s,SLH-DSA-SHA2-128f_signed-by_SLH-DSA-SHAKE-256s,246.014,5076.41,380.595,1,25,0.233645,359.981,24,56405,55726.8,77556,77553
2,8,51,SLH-DSA-SHA2-128f_signed-by_SLH-DSA-SHAKE-256s,SLH-DSA-SHA2-128f_signed-by_SLH-DSA-SHAKE-256s,206.742,6040.7,463.261,1,7,0.0693069,416.139,18,56165.3,55870.1,77556,77553
2,7,38,SLH-DSA-SHA2-128f_signed-by_SLH-DSA-SHAKE-256s,SLH-DSA-SHA2-128f_signed-by_SLH-DSA-SHAKE-256s,234.038,5336.18,366.299,1,0,0,483.978,14,56109.9,55770.5,77556,77553
2,2,51,SLH-DSA-SHA2-128f_signed-by_SLH-DSA-SHAKE-256s,SLH-DSA-SHA2-128f_signed-by_SLH-DSA-SHAKE-256s,214.087,5833.48,642.206,1,353,2.26282,707.59,24,56034.1,56034.1,77556,77553
2,5,46,SLH-DSA-SHA2-128f_signed-by_SLH-DSA-SHAKE-256s,SLH-DSA-SHA2-128f_signed-by_SLH-DSA-SHAKE-256s,244.601,5105.74,456.579,1,185,1.49194,432.645,12,56093.1,56192.6,77556,77553
2,3,43,SLH-DSA-SHA2-128f_signed-by_SLH-DSA-SHAKE-256s,SLH-DSA-SHA2-128f_signed-by_SLH-DSA-SHAKE-256s,337.872,3696.28,358.857,1,123,0.884892,456.791,24,56226.9,56126.7,77556,77553
2,4,43,SLH-DSA-SHA2-128f_signed-by_SLH-DSA-SHAKE-256s,SLH-DSA-SHA2-128f_signed-by_SLH-DSA-SHAKE-256s,181.498,6880.89,473.48,0.847826,1,0.0108696,446.957,24,56165.7,55824,77556,77553
2,8,52,SLH-DSA-SHA2-128f_signed-by_SLH-DSA-SHAKE-256s,SLH-DSA-SHA2-128f_signed-by_SLH-DSA-SHAKE-256s,205.302,6083.07,416.322,0.630435,0,0,486.609,18,56242.6,55781.8,77556,77553
2,7,39,SLH-DSA-SHA2-128f_signed-by_SLH-DSA-SHAKE-256s,SLH-DSA-SHA2-128f_signed-by_SLH-DSA-SHAKE-256s,196.866,6343.75,453.993,0.292929,11,0.111111,515.01,15,56027.4,55739,77556,77553
2,2,52,SLH-DSA-SHA2-128f_signed-by_SLH-DSA-SHAKE-256s,SLH-DSA-SHA2-128f_signed-by_SLH-DSA-SHAKE-256s,207.015,6032.76,442.712,0.302083,28,0.291667,440.333,24,56400.7,55826.8,77556,77553
2,5,47,SLH-DSA-SHA2-128f_signed-by_SLH-DSA-SHAKE-256s,SLH-DSA-SHA2-128f_signed-by_SLH-DSA-SHAKE-256s,209.133,5971.66,409.921,0.172043,0,0,423.935,12,56125.3,55950,77556,77553
2,3,44,SLH-DSA-SHA2-128f_signed-by_SLH-DSA-SHAKE-256s,SLH-DSA-SHA2-128f_signed-by_SLH-DSA-SHAKE-256s,211.333,5909.5,438.209,0.147059,21,0.205882,476.706,24,56077.7,55799.2,77556,77553
2,4,44,SLH-DSA-SHA2-128f_signed-by_SLH-DSA-SHAKE-256s,SLH-DSA-SHA2-128f_signed-by_SLH-DSA-SHAKE-256s,206.729,6041.08,412.209,0.230769,0,0,462.879,24,56325.7,56048.7,77556,77553
2,8,53,SLH-DSA-SHA2-128f_signed-by_SLH-DSA-SHAKE-256s,SLH-DSA-SHA2-128f_signed-by_SLH-DSA-SHAKE-256s,182.696,6835.76,466.434,0.406593,0,0,451.275,18,56232.1,55714.5,77556,77553
2,7,40,SLH-DSA-SHA2-128f_signed-by_SLH-DSA-SHAKE-256s,SLH-DSA-SHA2-128f_signed-by_SLH-DSA-SHAKE-256s,188.844,6613.23,479.717,1,0,0,586.255,15,56100,55819.8,77556,77553
2,5,48,SLH-DSA-SHA2-128f_signed-by_SLH-DSA-SHAKE-256s,SLH-DSA-SHA2-128f_signed-by_SLH-DSA-SHAKE-256s,210.208,5941.12,411.097,1,1,0.0105263,474.168,12,57118,56007.4,77556,77553
2,2,53,SLH-DSA-SHA2-128f_signed-by_SLH-DSA-SHAKE-256s,SLH-DSA-SHA2-128f_signed-by_SLH-DSA-SHAKE-256s,231.093,5404.18,574.589,1,134,0.8375,394.75,24,56235.4,55690,77556,77553
2,4,45,SLH-DSA-SHA2-128f_signed-by_SLH-DSA-SHAKE-256s,SLH-DSA-SHA2-128f_signed-by_SLH-DSA-SHAKE-256s,238.904,5227.5,429.762,1,178,1.76238,478.594,24,56399.2,55832.3,77556,77553
2,3,45,SLH-DSA-SHA2-128f_signed-by_SLH-DSA-SHAKE-256s,SLH-DSA-SHA2-128f_signed-by_SLH-DSA-SHAKE-256s,265.715,4700.03,361.228,1,34,0.326923,438.654,24,56221.3,57013.6,77556,77553
2,8,54,SLH-DSA-SHA2-128f_signed-by_SLH-DSA-SHAKE-256s,SLH-DSA-SHA2-128f_signed-by_SLH-DSA-SHAKE-256s,249.114,5013.25,487.68,1,341,2.66406,1033.38,19,56480.1,57244.9,77556,77553
2,1,40,SLH-DSA-SHA2-128f_signed-by_SLH-DSA-SHAKE-256s,SLH-DSA-SHA2-128f_signed-by_SLH-DSA-SHAKE-256s,3245.18,384.839,53.1545,1,50,0.37594,264.556,24,56241.1,55720.7,77556,77553
2,7,41,SLH-DSA-SHA2-128f_signed-by_SLH-DSA-SHAKE-256s,SLH-DSA-SHA2-128f_signed-by_SLH-DSA-SHAKE-256s,211.947,5892.37,454.83,1,32,0.296296,487.889,15,56723.6,55811.6,77556,77553
2,5,49,SLH-DSA-SHA2-128f_signed-by_SLH-DSA-SHAKE-256s,SLH-DSA-SHA2-128f_signed-by_SLH-DSA-SHAKE-256s,187.844,6648.42,605.01,1,194,1.53968,522.222,12,56062.6,55779.7,77556,77553
2,4,46,SLH-DSA-SHA2-128f_signed-by_SLH-DSA-SHAKE-256s,SLH-DSA-SHA2-128f_signed-by_SLH-DSA-SHAKE-256s,229.584,5439.72,422.12,1,32,0.290909,364.618,24,56410.2,57228.6,77556,77553
2,2,54,SLH-DSA-SHA2-128f_signed-by_SLH-DSA-SHAKE-256s,SLH-DSA-SHA2-128f_signed-by_SLH-DSA-SHAKE-256s,296.462,4212.58,432.783,1,122,0.772152,349.747,24,56081.8,56465.7,77556,77553
2,3,46,SLH-DSA-SHA2-128f_signed-by_SLH-DSA-SHAKE-256s,SLH-DSA-SHA2-128f_signed-by_SLH-DSA-SHAKE-256s,238.416,5238.19,430.574,1,58,0.537037,514.741,24,56080.9,55753.3,77556,77553
2,8,55,SLH-DSA-SHA2-128f_signed-by_SLH-DSA-SHAKE-256s,SLH-DSA-SHA2-128f_signed-by_SLH-DSA-SHAKE-256s,249.384,5007.81,473.806,1,101,0.759398,365.609,19,56342.1,56542.7,77556,77553
2,7,42,SLH-DSA-SHA2-128f_signed-by_SLH-DSA-SHAKE-256s,SLH-DSA-SHA2-128f_signed-by_SLH-DSA-SHAKE-256s,236.613,5278.11,389.766,1,84,0.865979,640.268,15,56231.8,56076.7,77556,77553
2,5,50,SLH-DSA-SHA2-128f_signed-by_SLH-DSA-SHAKE-256s,SLH-DSA-SHA2-128f_signed-by_SLH-DSA-SHAKE-256s,199.745,6252.3,519.7,1,17,0.168317,464.455,12,56027.6,55712.5,77556,77553
2,1,41,SLH-DSA-SHA2-128f_signed-by_SLH-DSA-SHAKE-256s,SLH-DSA-SHA2-128f_signed-by_SLH-DSA-SHAKE-256s,298.118,4189.18,329.104,1,106,1.03922,493.647,24,56490.1,55724.9,77556,77553
2,2,55,SLH-DSA-SHA2-128f_signed-by_SLH-DSA-SHAKE-256s,SLH-DSA-SHA2-128f_signed-by_SLH-DSA-SHAKE-256s,193.929,6439.83,439.418,0.835165,0,0,542.352,24,56407.2,55868.9,77556,77553
2,4,47,SLH-DSA-SHA2-128f_signed-by_SLH-DSA-SHAKE-256s,SLH-DSA-SHA2-128f_signed-by_SLH-DSA-SHAKE-256s,205.804,6068.24,415.307,0.826087,0,0,400.696,24,56250.5,56117.4,77556,77553
2,3,47,SLH-DSA-SHA2-128f_signed-by_SLH-DSA-SHAKE-256s,SLH-DSA-SHA2-128f_signed-by_SLH-DSA-SHAKE-256s,242.384,5152.43,466.828,0.984848,79,0.598485,407.606,24,56285.5,56083.1,77556,77553
2,8,56,SLH-DSA-SHA2-128f_signed-by_SLH-DSA-SHAKE-256s,SLH-DSA-SHA2-128f_signed-by_SLH-DSA-SHAKE-256s,238.957,5226.33,421.765,1,42,0.368421,428.421,20,56470,56203.6,77556,77553
2,5,51,SLH-DSA-SHA2-128f_signed-by_SLH-DSA-SHAKE-256s,SLH-DSA-SHA2-128f_signed-by_SLH-DSA-SHAKE-256s,210.063,5945.21,405.668,1,0,0,494.571,12,56117.8,56118.4,77556,77553
2,7,43,SLH-DSA-SHA2-128f_signed-by_SLH-DSA-SHAKE-256s,SLH-DSA-SHA2-128f_signed-by_SLH-DSA-SHAKE-256s,246.511,5066.19,369.833,1,23,0.244681,498.043,15,56067.5,55757.6,77556,77553
2,1,42,SLH-DSA-SHA2-128f_signed-by_SLH-DSA-SHAKE-256s,SLH-DSA-SHA2-128f_signed-by_SLH-DSA-SHAKE-256s,230.089,5427.77,490.036,1,76,0.575758,442.303,24,56073.5,55869.2,77556,77553
2,2,56,SLH-DSA-SHA2-128f_signed-by_SLH-DSA-SHAKE-256s,SLH-DSA-SHA2-128f_signed-by_SLH-DSA-SHAKE-256s,180.882,6904.32,473.943,1,0,0,478.516,24,56096,55852.6,77556,77553
2,4,48,SLH-DSA-SHA2-128f_signed-by_SLH-DSA-SHAKE-256s,SLH-DSA-SHA2-128f_signed-by_SLH-DSA-SHAKE-256s,211.348,5909.07,482.161,1,66,0.616822,518.486,24,56226,56254.3,77556,77553
2,3,48,SLH-DSA-SHA2-128f_signed-by_SLH-DSA-SHAKE-256s,SLH-DSA-SHA2-128f_signed-by_SLH-DSA-SHAKE-256s,229.242,5447.83,422.61,1,148,1.5102,533.429,24,56106.7,55910.2,77556,77553
2,7,44,SLH-DSA-SHA2-128f_signed-by_SLH-DSA-SHAKE-256s,SLH-DSA-SHA2-128f_signed-by_SLH-DSA-SHAKE-256s,229.084,5451.58,433.028,1,86,0.895833,650.5,14,56548.1,55796.3,77556,77553
2,8,57,SLH-DSA-SHA2-128f_signed-by_SLH-DSA-SHAKE-256s,SLH-DSA-SHA2-128f_signed-by_SLH-DSA-SHAKE-256s,269.771,4629.38,392.985,1,64,0.551724,455.241,20,57009.7,55874.1,77556,77553
2,5,52,SLH-DSA-SHA2-128f_signed-by_SLH-DSA-SHAKE-256s,SLH-DSA-SHA2-128f_signed-by_SLH-DSA-SHAKE-256s,286.715,4355.79,392.027,1,92,0.786325,470.65,13,56686,56064.4,77556,77553
2,2,57,SLH-DSA-SHA2-128f_signed-by_SLH-DSA-SHAKE-256s,SLH-DSA-SHA2-128f_signed-by_SLH-DSA-SHAKE-256s,240.674,5189.05,354.072,1,0,0,566.835,24,56090.7,55741.3,77556,77553
2,1,43,SLH-DSA-SHA2-128f_signed-by_SLH-DSA-SHAKE-256s,SLH-DSA-SHA2-128f_signed-by_SLH-DSA-SHAKE-256s,305.131,4092.9,411.783,1,147,1.12214,502.947,24,56339.5,57124.1,77556,77553
2,4,49,SLH-DSA-SHA2-128f_signed-by_SLH-DSA-SHAKE-256s,SLH-DSA-SHA2-128f_signed-by_SLH-DSA-SHAKE-256s,241.889,5162.99,371.939,1,0,0,622.44,24,56092.2,55739.5,77556,77553
2,6,51,SLH-DSA-SHA2-128f_signed-by_SLH-DSA-SHAKE-256s,SLH-DSA-SHA2-128f_signed-by_SLH-DSA-SHAKE-256s,1692.36,737.945,67.4559,1,79,0.548611,255.75,14,56384,56280.8,77556,77553
2,3,49,SLH-DSA-SHA2-128f_signed-by_SLH-DSA-SHAKE-256s,SLH-DSA-SHA2-128f_signed-by_SLH-DSA-SHAKE-256s,247.66,5042.67,381.619,1,45,0.46875,557.25,24,56696,55932.4,77556,77553
2,7,45,SLH-DSA-SHA2-128f_signed-by_SLH-DSA-SHAKE-256s,SLH-DSA-SHA2-128f_signed-by_SLH-DSA-SHAKE-256s,259.72,4808.53,417.496,1,63,0.5,420.762,14,56094.3,55873.4,77556,77553
2,8,58,SLH-DSA-SHA2-128f_signed-by_SLH-DSA-SHAKE-256s,SLH-DSA-SHA2-128f_signed-by_SLH-DSA-SHAKE-256s,265.93,4696.24,390.659,1,81,0.764151,490.717,20,57240.4,55800.8,77556,77553
2,5,53,SLH-DSA-SHA2-128f_signed-by_SLH-DSA-SHAKE-256s,SLH-DSA-SHA2-128f_signed-by_SLH-DSA-SHAKE-256s,263.886,4732.61,391.259,1,114,1.06542,618.187,13,57571.5,55891,77556,77553
2,1,44,SLH-DSA-SHA2-128f_signed-by_SLH-DSA-SHAKE-256s,SLH-DSA-SHA2-128f_signed-by_SLH-DSA-SHAKE-256s,266.902,4679.13,443.668,1,207,1.54478,519.045,24,56177.1,56164.3,77556,77553
2,2,58,SLH-DSA-SHA2-128f_signed-by_SLH-DSA-SHAKE-256s,SLH-DSA-SHA2-128f_signed-by_SLH-DSA-SHAKE-256s,310.769,4018.64,373.988,1,128,1.04918,607.377,24,56424.8,56107.9,77556,77553
2,6,52,SLH-DSA-SHA2-128f_signed-by_SLH-DSA-SHAKE-256s,SLH-DSA-SHA2-128f_signed-by_SLH-DSA-SHAKE-256s,273.443,4567.2,389.228,1,264,2.66667,633.354,14,57184.2,56417.2,77556,77553
2,4,50,SLH-DSA-SHA2-128f_signed-by_SLH-DSA-SHAKE-256s,SLH-DSA-SHA2-128f_signed-by_SLH-DSA-SHAKE-256s,366.47,3407.84,292.957,1,144,1.2973,507.838,24,56223.4,55887.6,77556,77553
2,3,50,SLH-DSA-SHA2-128f_signed-by_SLH-DSA-SHAKE-256s,SLH-DSA-SHA2-128f_signed-by_SLH-DSA-SHAKE-256s,297.921,4191.94,369.922,1,235,2.02586,603.552,24,56285.8,55738.1,77556,77553
2,7,46,SLH-DSA-SHA2-128f_signed-by_SLH-DSA-SHAKE-256s,SLH-DSA-SHA2-128f_signed-by_SLH-DSA-SHAKE-256s,274.146,4555.5,364.652,1,126,1.27273,749.596,14,56424.4,55977.8,77556,77553
2,8,59,SLH-DSA-SHA2-128f_signed-by_SLH-DSA-SHAKE-256s,SLH-DSA-SHA2-128f_signed-by_SLH-DSA-SHAKE-256s,291.466,4284.79,436.743,1,119,0.788079,445.126,20,56306.3,55674.2,77556,77553
2,5,54,SLH-DSA-SHA2-128f_signed-by_SLH-DSA-SHAKE-256s,SLH-DSA-SHA2-128f_signed-by_SLH-DSA-SHAKE-256s,301.557,4141.41,457.253,1,147,0.88024,445.617,13,56414.5,56224.7,77556,77553
2,2,59,SLH-DSA-SHA2-128f_signed-by_SLH-DSA-SHAKE-256s,SLH-DSA-SHA2-128f_signed-by_SLH-DSA-SHAKE-256s,272.75,4578.8,417.612,1,332,3.19231,1034.96,24,56033.2,55713.9,77556,77553
2,1,45,SLH-DSA-SHA2-128f_signed-by_SLH-DSA-SHAKE-256s,SLH-DSA-SHA2-128f_signed-by_SLH-DSA-SHAKE-256s,321.853,3880.25,325.713,1,109,0.990909,633.273,24,56109.1,55695.7,77556,77553
2,6,53,SLH-DSA-SHA2-128f_signed-by_SLH-DSA-SHAKE-256s,SLH-DSA-SHA2-128f_signed-by_SLH-DSA-SHAKE-256s,278.974,4476.65,325.535,1,84,0.903226,848.882,15,56294.3,55810.4,77556,77553
2,3,51,SLH-DSA-SHA2-128f_signed-by_SLH-DSA-SHAKE-256s,SLH-DSA-SHA2-128f_signed-by_SLH-DSA-SHAKE-256s,258.128,4838.19,330.131,1,0,0,543.714,24,56402.3,55819.9,77556,77553
2,4,51,SLH-DSA-SHA2-128f_signed-by_SLH-DSA-SHAKE-256s,SLH-DSA-SHA2-128f_signed-by_SLH-DSA-SHAKE-256s,281.548,4435.73,324.207,1,23,0.242105,496.189,24,56328.4,55793.9,77556,77553
2,8,60,SLH-DSA-SHA2-128f_signed-by_SLH-DSA-SHAKE-256s,SLH-DSA-SHA2-128f_signed-by_SLH-DSA-SHAKE-256s,233.261,5353.95,364.226,1,0,0,457.2,20,56324.4,55701.7,77556,77553
2,5,55,SLH-DSA-SHA2-128f_signed-by_SLH-DSA-SHAKE-256s,SLH-DSA-SHA2-128f_signed-by_SLH-DSA-SHAKE-256s,230.706,5413.25,389.62,1,11,0.108911,414.277,13,56129.2,55749.4,77556,77553
2,2,60,SLH-DSA-SHA2-128f_signed-by_SLH-DSA-SHAKE-256s,SLH-DSA-SHA2-128f_signed-by_SLH-DSA-SHAKE-256s,225.288,5543.42,489.398,1,248,2.11966,511.915,24,56231.4,55784.1,77556,77553
2,1,46,SLH-DSA-SHA2-128f_signed-by_SLH-DSA-SHAKE-256s,SLH-DSA-SHA2-128f_signed-by_SLH-DSA-SHAKE-256s,210.873,5922.37,404.109,1,0,0,451.275,24,56050.5,56244.7,77556,77553
2,6,54,SLH-DSA-SHA2-128f_signed-by_SLH-DSA-SHAKE-256s,SLH-DSA-SHA2-128f_signed-by_SLH-DSA-SHAKE-256s,236.562,5279.25,403.58,1,34,0.333333,471.02,15,56083.6,55772.4,77556,77553
2,4,52,SLH-DSA-SHA2-128f_signed-by_SLH-DSA-SHAKE-256s,SLH-DSA-SHA2-128f_signed-by_SLH-DSA-SHAKE-256s,220.19,5671.79,454.952,1,69,0.704082,533.673,24,56171.8,55938.4,77556,77553
2,8,61,SLH-DSA-SHA2-128f_signed-by_SLH-DSA-SHAKE-256s,SLH-DSA-SHA2-128f_signed-by_SLH-DSA-SHAKE-256s,229.28,5446.91,655.266,0.948571,194,1.10857,491.669,20,56484.7,56070.8,77556,77553
2,5,56,SLH-DSA-SHA2-128f_signed-by_SLH-DSA-SHAKE-256s,SLH-DSA-SHA2-128f_signed-by_SLH-DSA-SHAKE-256s,212.846,5867.48,403.972,1,0,0,438.085,13,56012.5,55859.9,77556,77553
2,2,61,SLH-DSA-SHA2-128f_signed-by_SLH-DSA-SHAKE-256s,SLH-DSA-SHA2-128f_signed-by_SLH-DSA-SHAKE-256s,187.252,6669.46,504.73,1,45,0.46875,579.458,24,56508.5,55779.3,77556,77553
2,1,47,SLH-DSA-SHA2-128f_signed-by_SLH-DSA-SHAKE-256s,SLH-DSA-SHA2-128f_signed-by_SLH-DSA-SHAKE-256s,201.992,6182.76,423.144,1,0,0,488.304,24,56063.9,55673.3,77556,77553
2,6,55,SLH-DSA-SHA2-128f_signed-by_SLH-DSA-SHAKE-256s,SLH-DSA-SHA2-128f_signed-by_SLH-DSA-SHAKE-256s,180.753,6909.26,503.139,1,11,0.11828,503.591,15,56265.5,55860.5,77556,77553
2,4,53,SLH-DSA-SHA2-128f_signed-by_SLH-DSA-SHAKE-256s,SLH-DSA-SHA2-128f_signed-by_SLH-DSA-SHAKE-256s,188.647,6620.13,492.516,1,24,0.242424,340.222,24,56340.6,55993.2,77556,77553
2,8,62,SLH-DSA-SHA2-128f_signed-by_SLH-DSA-SHAKE-256s,SLH-DSA-SHA2-128f_signed-by_SLH-DSA-SHAKE-256s,191.9,6507.92,482.584,1,21,0.205882,378.471,20,56889,55797.4,77556,77553
2,5,57,SLH-DSA-SHA2-128f_signed-by_SLH-DSA-SHAKE-256s,SLH-DSA-SHA2-128f_signed-by_SLH-DSA-SHAKE-256s,214.127,5832.37,600.24,1,102,0.733813,408.561,13,56174.6,55966.3,77556,77553
2,2,62,SLH-DSA-SHA2-128f_signed-by_SLH-DSA-SHAKE-256s,SLH-DSA-SHA2-128f_signed-by_SLH-DSA-SHAKE-256s,216.136,5778.18,542.991,1,115,0.942623,454.689,24,56850.3,56217.6,77556,77553
2,1,48,SLH-DSA-SHA2-128f_signed-by_SLH-DSA-SHAKE-256s,SLH-DSA-SHA2-128f_signed-by_SLH-DSA-SHAKE-256s,224.789,5555.74,541.805,1,217,1.53901,393.348,24,56185.7,56769.1,77556,77553
2,6,56,SLH-DSA-SHA2-128f_signed-by_SLH-DSA-SHAKE-256s,SLH-DSA-SHA2-128f_signed-by_SLH-DSA-SHAKE-256s,197.41,6326.27,479.407,1,12,0.118812,497.248,16,56390.1,56606.8,77556,77553
2,4,54,SLH-DSA-SHA2-128f_signed-by_SLH-DSA-SHAKE-256s,SLH-DSA-SHA2-128f_signed-by_SLH-DSA-SHAKE-256s,187.576,6657.94,454.3,1,0,0,452.286,24,56205.3,55806.1,77556,77553
2,8,63,SLH-DSA-SHA2-128f_signed-by_SLH-DSA-SHAKE-256s,SLH-DSA-SHA2-128f_signed-by_SLH-DSA-SHAKE-256s,194.576,6418.4,512.949,0.714286,41,0.366071,455.75,19,56255.7,55823.5,77556,77553
2,5,58,SLH-DSA-SHA2-128f_signed-by_SLH-DSA-SHAKE-256s,SLH-DSA-SHA2-128f_signed-by_SLH-DSA-SHAKE-256s,185.562,6730.18,546.402,1,46,0.464646,497.313,13,57157,56152.9,77556,77553
2,2,63,SLH-DSA-SHA2-128f_signed-by_SLH-DSA-SHAKE-256s,SLH-DSA-SHA2-128f_signed-by_SLH-DSA-SHAKE-256s,209.801,5952.64,465.05,1,35,0.315315,440.234,24,56119.5,55696.2,77556,77553
2,1,49,SLH-DSA-SHA2-128f_signed-by_SLH-DSA-SHAKE-256s,SLH-DSA-SHA2-128f_signed-by_SLH-DSA-SHAKE-256s,201.581,6195.38,529.335,0.650794,61,0.484127,393.683,24,56115.7,55889.5,77556,77553
2,6,57,SLH-DSA-SHA2-128f_signed-by_SLH-DSA-SHAKE-256s,SLH-DSA-SHA2-128f_signed-by_SLH-DSA-SHAKE-256s,204.775,6098.74,446.46,0.915789,23,0.242105,542,16,56435.9,55789.9,77556,77553
2,4,55,SLH-DSA-SHA2-128f_signed-by_SLH-DSA-SHAKE-256s,SLH-DSA-SHA2-128f_signed-by_SLH-DSA-SHAKE-256s,207.981,6004.73,413.96,0.8,0,0,474.042,24,56210.8,55832.1,77556,77553
2,8,64,SLH-DSA-SHA2-128f_signed-by_SLH-DSA-SHAKE-256s,SLH-DSA-SHA2-128f_signed-by_SLH-DSA-SHAKE-256s,188.803,6614.65,515.498,1,47,0.47,343.28,19,56094.2,55879.1,77556,77553
2,5,59,SLH-DSA-SHA2-128f_signed-by_SLH-DSA-SHAKE-256s,SLH-DSA-SHA2-128f_signed-by_SLH-DSA-SHAKE-256s,181.601,6876.98,490.127,1,11,0.113402,429.835,13,56548.5,55742.2,77556,77553
2,2,64,SLH-DSA-SHA2-128f_signed-by_SLH-DSA-SHAKE-256s,SLH-DSA-SHA2-128f_signed-by_SLH-DSA-SHAKE-256s,188.549,6623.57,453.313,1,0,0,459.435,24,56163.6,55698.8,77556,77553
2,1,50,SLH-DSA-SHA2-128f_signed-by_SLH-DSA-SHAKE-256s,SLH-DSA-SHA2-128f_signed-by_SLH-DSA-SHAKE-256s,201.47,6198.77,425.511,1,0,0,442.387,24,56133.3,56068.5,77556,77553
2,6,58,SLH-DSA-SHA2-128f_signed-by_SLH-DSA-SHAKE-256s,SLH-DSA-SHA2-128f_signed-by_SLH-DSA-SHAKE-256s,213.049,5861.89,536.965,1,81,0.609023,402.211,16,56122.7,56352.8,77556,77553
2,4,56,SLH-DSA-SHA2-128f_signed-by_SLH-DSA-SHAKE-256s,SLH-DSA-SHA2-128f_signed-by_SLH-DSA-SHAKE-256s,211.621,5901.45,453.036,1,156,1.625,538.583,24,56268.2,55646.4,77556,77553
2,8,65,SLH-DSA-SHA2-128f_signed-by_SLH-DSA-SHAKE-256s,SLH-DSA-SHA2-128f_signed-by_SLH-DSA-SHAKE-256s,198.367,6295.76,489.678,1,152,1.53535,491.495,18,56255.8,56094.5,77556,77553
2,5,60,SLH-DSA-SHA2-128f_signed-by_SLH-DSA-SHAKE-256s,SLH-DSA-SHA2-128f_signed-by_SLH-DSA-SHAKE-256s,196.408,6358.56,437.538,1,1,0.0108696,446.957,13,56250.6,55769.2,77556,77553
2,2,65,SLH-DSA-SHA2-128f_signed-by_SLH-DSA-SHAKE-256s,SLH-DSA-SHA2-128f_signed-by_SLH-DSA-SHAKE-256s,197.828,6312.89,432.05,1,0,0,483.304,24,56426.9,55879.8,77556,77553
2,1,51,SLH-DSA-SHA2-128f_signed-by_SLH-DSA-SHAKE-256s,SLH-DSA-SHA2-128f_signed-by_SLH-DSA-SHAKE-256s,199.207,6269.21,466.168,1,21,0.203883,376.718,24,56135.8,55940.8,77556,77553
2,6,59,SLH-DSA-SHA2-128f_signed-by_SLH-DSA-SHAKE-256s,SLH-DSA-SHA2-128f_signed-by_SLH-DSA-SHAKE-256s,226.226,5520.44,562.338,1,249,1.76596,506.057,16,56294.7,55744.9,77556,77553
2,4,57,SLH-DSA-SHA2-128f_signed-by_SLH-DSA-SHAKE-256s,SLH-DSA-SHA2-128f_signed-by_SLH-DSA-SHAKE-256s,216.332,5772.94,492.206,1,65,0.541667,380.833,24,56232.3,55743.3,77556,77553
2,8,66,SLH-DSA-SHA2-128f_signed-by_SLH-DSA-SHAKE-256s,SLH-DSA-SHA2-128f_signed-by_SLH-DSA-SHAKE-256s,207.681,6013.39,428.578,1,11,0.113402,580.186,18,56271.1,56127.8,77556,77553
2,5,61,SLH-DSA-SHA2-128f_signed-by_SLH-DSA-SHAKE-256s,SLH-DSA-SHA2-128f_signed-by_SLH-DSA-SHAKE-256s,207.503,6018.57,436.967,1,23,0.244681,404.128,13,56214.3,56097.5,77556,77553
2,7,47,SLH-DSA-SHA2-128f_signed-by_SLH-DSA-SHAKE-256s,SLH-DSA-SHA2-128f_signed-by_SLH-DSA-SHAKE-256s,1555.36,802.948,66.7833,1,41,0.303704,254.504,10,56244.7,56135.4,77556,77553
2,2,66,SLH-DSA-SHA2-128f_signed-by_SLH-DSA-SHAKE-256s,SLH-DSA-SHA2-128f_signed-by_SLH-DSA-SHAKE-256s,208.314,5995.12,581.198,1,254,2.04839,637.548,24,56095.3,55836.3,77556,77553
2,1,52,SLH-DSA-SHA2-128f_signed-by_SLH-DSA-SHAKE-256s,SLH-DSA-SHA2-128f_signed-by_SLH-DSA-SHAKE-256s,208.447,5991.31,482.501,1,68,0.68,493.16,24,56361.4,55880.2,77556,77553
2,6,60,SLH-DSA-SHA2-128f_signed-by_SLH-DSA-SHAKE-256s,SLH-DSA-SHA2-128f_signed-by_SLH-DSA-SHAKE-256s,194.304,6427.4,577.979,1,75,0.576923,807.785,17,56115.6,56492.8,77556,77553
2,4,58,SLH-DSA-SHA2-128f_signed-by_SLH-DSA-SHAKE-256s,SLH-DSA-SHA2-128f_signed-by_SLH-DSA-SHAKE-256s,210.312,5938.16,406.404,1,0,0,446.783,24,56469,55800.9,77556,77553
2,8,67,SLH-DSA-SHA2-128f_signed-by_SLH-DSA-SHAKE-256s,SLH-DSA-SHA2-128f_signed-by_SLH-DSA-SHAKE-256s,229.577,5439.88,629.54,1,280,1.63743,492.971,17,56165,55777.2,77556,77553
2,5,62,SLH-DSA-SHA2-128f_signed-by_SLH-DSA-SHAKE-256s,SLH-DSA-SHA2-128f_signed-by_SLH-DSA-SHAKE-256s,263.264,4743.8,364.41,1,35,0.343137,467.686,13,56109.7,55733.9,77556,77553
2,2,67,SLH-DSA-SHA2-128f_signed-by_SLH-DSA-SHAKE-256s,SLH-DSA-SHA2-128f_signed-by_SLH-DSA-SHAKE-256s,251.392,4967.82,402.112,1,275,2.57009,616.467,24,56159.7,55721.5,77556,77553
2,7,48,SLH-DSA-SHA2-128f_signed-by_SLH-DSA-SHAKE-256s,SLH-DSA-SHA2-128f_signed-by_SLH-DSA-SHAKE-256s,277.29,4503.85,311.76,1,1,0.0106383,514.213,10,56618.3,56121.9,77556,77553
2,1,53,SLH-DSA-SHA2-128f_signed-by_SLH-DSA-SHAKE-256s,SLH-DSA-SHA2-128f_signed-by_SLH-DSA-SHAKE-256s,265.697,4700.35,472.657,1,120,0.833333,490.75,24,56273,56080.8,77556,77553
2,6,61,SLH-DSA-SHA2-128f_signed-by_SLH-DSA-SHAKE-256s,SLH-DSA-SHA2-128f_signed-by_SLH-DSA-SHAKE-256s,249.108,5013.36,361.931,1,13,0.141304,717.304,17,56075.1,55889.7,77556,77553
2,4,59,SLH-DSA-SHA2-128f_signed-by_SLH-DSA-SHAKE-256s,SLH-DSA-SHA2-128f_signed-by_SLH-DSA-SHAKE-256s,239.352,5217.72,418.062,1,108,1.05882,1278.08,24,56504.2,55882.5,77556,77553
2,8,68,SLH-DSA-SHA2-128f_signed-by_SLH-DSA-SHAKE-256s,SLH-DSA-SHA2-128f_signed-by_SLH-DSA-SHAKE-256s,222.711,5607.58,504.473,1,76,0.580153,534.458,17,56226.4,55913.3,77556,77553
2,5,63,SLH-DSA-SHA2-128f_signed-by_SLH-DSA-SHAKE-256s,SLH-DSA-SHA2-128f_signed-by_SLH-DSA-SHAKE-256s,211.077,5916.66,667.51,1,131,0.885135,515.297,13,56121.3,55809.7,77556,77553
2,7,49,SLH-DSA-SHA2-128f_signed-by_SLH-DSA-SHAKE-256s,SLH-DSA-SHA2-128f_signed-by_SLH-DSA-SHAKE-256s,217.029,5754.39,417.787,1,111,1.18085,580.298,11,56090,56104.3,77556,77553
2,1,54,SLH-DSA-SHA2-128f_signed-by_SLH-DSA-SHAKE-256s,SLH-DSA-SHA2-128f_signed-by_SLH-DSA-SHAKE-256s,224.665,5558.81,511.765,1,230,1.94915,450.542,24,56621.9,55907.2,77556,77553
2,3,52,SLH-DSA-SHA2-128f_signed-by_SLH-DSA-SHAKE-256s,SLH-DSA-SHA2-128f_signed-by_SLH-DSA-SHAKE-256s,1875.77,665.79,61.3208,1,105,0.724138,284.952,24,56078.6,55893.8,77556,77553
2,6,62,SLH-DSA-SHA2-128f_signed-by_SLH-DSA-SHAKE-256s,SLH-DSA-SHA2-128f_signed-by_SLH-DSA-SHAKE-256s,220.616,5660.82,412.226,1,10,0.107527,548.624,17,56143.2,55916.4,77556,77553
2,4,60,SLH-DSA-SHA2-128f_signed-by_SLH-DSA-SHAKE-256s,SLH-DSA-SHA2-128f_signed-by_SLH-DSA-SHAKE-256s,240.501,5192.77,391.914,1,45,0.473684,490.716,24,56557.1,55936,77556,77553
2,8,69,SLH-DSA-SHA2-128f_signed-by_SLH-DSA-SHAKE-256s,SLH-DSA-SHA2-128f_signed-by_SLH-DSA-SHAKE-256s,227.874,5480.52,373.96,1,0,0,493.253,16,56218,55796.4,77556,77553
2,2,68,SLH-DSA-SHA2-128f_signed-by_SLH-DSA-SHAKE-256s,SLH-DSA-SHA2-128f_signed-by_SLH-DSA-SHAKE-256s,349.547,3572.83,271.025,1,22,0.2,466.473,24,56315.3,55751.3,77556,77553
2,5,64,SLH-DSA-SHA2-128f_signed-by_SLH-DSA-SHAKE-256s,SLH-DSA-SHA2-128f_signed-by_SLH-DSA-SHAKE-256s,206.374,6051.49,432.535,1,11,0.112245,464.816,12,56024.9,55796,77556,77553
2,7,50,SLH-DSA-SHA2-128f_signed-by_SLH-DSA-SHAKE-256s,SLH-DSA-SHA2-128f_signed-by_SLH-DSA-SHAKE-256s,232.524,5370.92,474.031,1,136,1.09677,517.387,11,56024.3,55908.8,77556,77553
2,1,55,SLH-DSA-SHA2-128f_signed-by_SLH-DSA-SHAKE-256s,SLH-DSA-SHA2-128f_signed-by_SLH-DSA-SHAKE-256s,195.948,6373.48,462.735,1,129,1.37234,496.809,24,56200,55827.1,77556,77553
2,6,63,SLH-DSA-SHA2-128f_signed-by_SLH-DSA-SHAKE-256s,SLH-DSA-SHA2-128f_signed-by_SLH-DSA-SHAKE-256s,248.807,5019.44,346.614,1,0,0,521.116,17,56238.1,56012.4,77556,77553
2,3,53,SLH-DSA-SHA2-128f_signed-by_SLH-DSA-SHAKE-256s,SLH-DSA-SHA2-128f_signed-by_SLH-DSA-SHAKE-256s,283.604,4403.56,430.345,1,103,0.710345,418.966,24,56115.7,55979.1,77556,77553
2,8,70,SLH-DSA-SHA2-128f_signed-by_SLH-DSA-SHAKE-256s,SLH-DSA-SHA2-128f_signed-by_SLH-DSA-SHAKE-256s,243.464,5129.59,350.014,1,0,0,452.593,16,56311,55755.1,77556,77553
2,4,61,SLH-DSA-SHA2-128f_signed-by_SLH-DSA-SHAKE-256s,SLH-DSA-SHA2-128f_signed-by_SLH-DSA-SHAKE-256s,263.732,4735.37,339.981,1,14,0.142857,427.633,24,56238.1,56111.9,77556,77553
2,2,69,SLH-DSA-SHA2-128f_signed-by_SLH-DSA-SHAKE-256s,SLH-DSA-SHA2-128f_signed-by_SLH-DSA-SHAKE-256s,265.215,4708.89,544.1,1,166,0.943182,429.75,24,56538.9,56225.4,77556,77553
2,5,65,SLH-DSA-SHA2-128f_signed-by_SLH-DSA-SHAKE-256s,SLH-DSA-SHA2-128f_signed-by_SLH-DSA-SHAKE-256s,250.869,4978.17,340.703,1,0,0,448.087,12,56131.3,55718,77556,77553
2,7,51,SLH-DSA-SHA2-128f_signed-by_SLH-DSA-SHAKE-256s,SLH-DSA-SHA2-128f_signed-by_SLH-DSA-SHAKE-256s,198.819,6281.44,436.417,1,2,0.0212766,588.809,12,56091.1,55796.9,77556,77553
2,1,56,SLH-DSA-SHA2-128f_signed-by_SLH-DSA-SHAKE-256s,SLH-DSA-SHA2-128f_signed-by_SLH-DSA-SHAKE-256s,240.652,5189.53,420.657,1,43,0.37069,416.345,24,56141.4,57132.5,77556,77553
2,6,64,SLH-DSA-SHA2-128f_signed-by_SLH-DSA-SHAKE-256s,SLH-DSA-SHA2-128f_signed-by_SLH-DSA-SHAKE-256s,258.22,4836.46,362.048,1,21,0.198113,400.868,16,56181.4,56047,77556,77553
2,4,62,SLH-DSA-SHA2-128f_signed-by_SLH-DSA-SHAKE-256s,SLH-DSA-SHA2-128f_signed-by_SLH-DSA-SHAKE-256s,263.062,4747.44,403.98,1,64,0.547009,385.556,24,56405.4,56260.6,77556,77553
2,3,54,SLH-DSA-SHA2-128f_signed-by_SLH-DSA-SHAKE-256s,SLH-DSA-SHA2-128f_signed-by_SLH-DSA-SHAKE-256s,319.984,3902.91,453.722,1,189,1.11176,373.129,24,56361,55949.7,77556,77553
2,2,70,SLH-DSA-SHA2-128f_signed-by_SLH-DSA-SHAKE-256s,SLH-DSA-SHA2-128f_signed-by_SLH-DSA-SHAKE-256s,289.442,4314.75,430.068,1,193,1.42963,451.659,24,56203.1,56418.4,77556,77553
2,5,66,SLH-DSA-SHA2-128f_signed-by_SLH-DSA-SHAKE-256s,SLH-DSA-SHA2-128f_signed-by_SLH-DSA-SHAKE-256s,289.99,4306.6,326.466,1,36,0.363636,474.081,12,56343.6,55934.8,77556,77553
2,8,71,SLH-DSA-SHA2-128f_signed-by_SLH-DSA-SHAKE-256s,SLH-DSA-SHA2-128f_signed-by_SLH-DSA-SHAKE-256s,330.396,3779.92,337.195,1,88,0.739496,379.95,15,56408.4,55735.7,77556,77553
2,7,52,SLH-DSA-SHA2-128f_signed-by_SLH-DSA-SHAKE-256s,SLH-DSA-SHA2-128f_signed-by_SLH-DSA-SHAKE-256s,298.435,4184.72,338.887,1,147,1.41346,549.346,12,56260.3,55624.6,77556,77553
2,1,57,SLH-DSA-SHA2-128f_signed-by_SLH-DSA-SHAKE-256s,SLH-DSA-SHA2-128f_signed-by_SLH-DSA-SHAKE-256s,272.282,4586.68,493.488,1,338,2.41429,667.743,24,56087.5,56121,77556,77553
2,6,65,SLH-DSA-SHA2-128f_signed-by_SLH-DSA-SHAKE-256s,SLH-DSA-SHA2-128f_signed-by_SLH-DSA-SHAKE-256s,201.545,6196.49,465.206,1,23,0.214953,433.664,16,56173.5,55802.1,77556,77553
2,5,67,SLH-DSA-SHA2-128f_signed-by_SLH-DSA-SHAKE-256s,SLH-DSA-SHA2-128f_signed-by_SLH-DSA-SHAKE-256s,278.371,4486.35,325.723,1,23,0.244681,489.872,12,56180.5,55820.9,77556,77553
2,2,71,SLH-DSA-SHA2-128f_signed-by_SLH-DSA-SHAKE-256s,SLH-DSA-SHA2-128f_signed-by_SLH-DSA-SHAKE-256s,320.394,3897.92,399.407,1,204,1.45714,606.171,24,56063,55833.9,77556,77553
2,8,72,SLH-DSA-SHA2-128f_signed-by_SLH-DSA-SHAKE-256s,SLH-DSA-SHA2-128f_signed-by_SLH-DSA-SHAKE-256s,306.968,4068.41,414.792,1,119,0.772727,392.831,14,56174.5,55734.7,77556,77553
2,4,63,SLH-DSA-SHA2-128f_signed-by_SLH-DSA-SHAKE-256s,SLH-DSA-SHA2-128f_signed-by_SLH-DSA-SHAKE-256s,362.685,3443.4,410.449,1,192,1.10345,426.23,24,56526,55747.2,77556,77553
2,3,55,SLH-DSA-SHA2-128f_signed-by_SLH-DSA-SHAKE-256s,SLH-DSA-SHA2-128f_signed-by_SLH-DSA-SHAKE-256s,367.474,3398.53,274.871,1,68,0.62963,503.259,24,56167.9,55759,77556,77553
2,7,53,SLH-DSA-SHA2-128f_signed-by_SLH-DSA-SHAKE-256s,SLH-DSA-SHA2-128f_signed-by_SLH-DSA-SHAKE-256s,303.419,4115.99,281.696,1,0,0,524.348,13,56126.6,55872.2,77556,77553
2,6,66,SLH-DSA-SHA2-128f_signed-by_SLH-DSA-SHAKE-256s,SLH-DSA-SHA2-128f_signed-by_SLH-DSA-SHAKE-256s,274.257,4553.64,349.627,1,83,0.882979,722.468,16,56143.3,55923.1,77556,77553
2,1,58,SLH-DSA-SHA2-128f_signed-by_SLH-DSA-SHAKE-256s,SLH-DSA-SHA2-128f_signed-by_SLH-DSA-SHAKE-256s,294.34,4242.95,406.55,1,159,1.28226,707.774,24,56477.5,56109.8,77556,77553
2,8,73,SLH-DSA-SHA2-128f_signed-by_SLH-DSA-SHAKE-256s,SLH-DSA-SHA2-128f_signed-by_SLH-DSA-SHAKE-256s,261.042,4784.17,380.015,1,68,0.708333,545.083,14,56407.6,55841.1,77556,77553
2,2,72,SLH-DSA-SHA2-128f_signed-by_SLH-DSA-SHAKE-256s,SLH-DSA-SHA2-128f_signed-by_SLH-DSA-SHAKE-256s,300.078,4161.82,320.343,1,166,1.71134,501.423,24,56085.9,56191.7,77556,77553
2,5,68,SLH-DSA-SHA2-128f_signed-by_SLH-DSA-SHAKE-256s,SLH-DSA-SHA2-128f_signed-by_SLH-DSA-SHAKE-256s,331.665,3765.45,302.087,1,43,0.377193,373.579,12,56005.5,55719.7,77556,77553
2,4,64,SLH-DSA-SHA2-128f_signed-by_SLH-DSA-SHAKE-256s,SLH-DSA-SHA2-128f_signed-by_SLH-DSA-SHAKE-256s,304.292,4104.19,297.977,1,129,1.37234,495.66,24,56507.7,55843.1,77556,77553
2,7,54,SLH-DSA-SHA2-128f_signed-by_SLH-DSA-SHAKE-256s,SLH-DSA-SHA2-128f_signed-by_SLH-DSA-SHAKE-256s,285.153,4379.64,315.507,0.846154,0,0,641.253,13,56097.2,55712.9,77556,77553
2,3,56,SLH-DSA-SHA2-128f_signed-by_SLH-DSA-SHAKE-256s,SLH-DSA-SHA2-128f_signed-by_SLH-DSA-SHAKE-256s,304.073,4107.14,410.848,1,106,0.80303,926.061,24,56335.3,55972.8,77556,77553
2,6,67,SLH-DSA-SHA2-128f_signed-by_SLH-DSA-SHAKE-256s,SLH-DSA-SHA2-128f_signed-by_SLH-DSA-SHAKE-256s,290.184,4303.71,313.952,0.93617,24,0.255319,599.957,16,56204.4,56172.7,77556,77553
2,1,59,SLH-DSA-SHA2-128f_signed-by_SLH-DSA-SHAKE-256s,SLH-DSA-SHA2-128f_signed-by_SLH-DSA-SHAKE-256s,296.309,4214.76,311.675,1,21,0.207921,426.594,24,56174.5,55735.4,77556,77553
2,8,74,SLH-DSA-SHA2-128f_signed-by_SLH-DSA-SHAKE-256s,SLH-DSA-SHA2-128f_signed-by_SLH-DSA-SHAKE-256s,227.072,5499.88,495.419,1,76,0.580153,416.076,14,56502.7,55832.4,77556,77553
2,5,69,SLH-DSA-SHA2-128f_signed-by_SLH-DSA-SHAKE-256s,SLH-DSA-SHA2-128f_signed-by_SLH-DSA-SHAKE-256s,296.108,4217.61,289.029,1,0,0,423.505,11,56273.5,55871.2,77556,77553
2,2,73,SLH-DSA-SHA2-128f_signed-by_SLH-DSA-SHAKE-256s,SLH-DSA-SHA2-128f_signed-by_SLH-DSA-SHAKE-256s,306.31,4077.15,323.489,1,39,0.351351,420.162,24,56120,55786.8,77556,77553
2,7,55,SLH-DSA-SHA2-128f_signed-by_SLH-DSA-SHAKE-256s,SLH-DSA-SHA2-128f_signed-by_SLH-DSA-SHAKE-256s,289.289,4317.03,455.516,1,184,1.26027,915.123,14,56497.6,56162.2,77556,77553
2,1,60,SLH-DSA-SHA2-128f_signed-by_SLH-DSA-SHAKE-256s,SLH-DSA-SHA2-128f_signed-by_SLH-DSA-SHAKE-256s,270.453,4617.7,313.193,1,0,0,553.82,24,56317.7,56229.6,77556,77553
2,6,68,SLH-DSA-SHA2-128f_signed-by_SLH-DSA-SHAKE-256s,SLH-DSA-SHA2-128f_signed-by_SLH-DSA-SHAKE-256s,297.347,4200.04,305.528,1,35,0.376344,566.989,15,56279.2,55859.8,77556,77553
2,4,65,SLH-DSA-SHA2-128f_signed-by_SLH-DSA-SHAKE-256s,SLH-DSA-SHA2-128f_signed-by_SLH-DSA-SHAKE-256s,334.875,3729.36,344.582,1,317,2.64167,510.667,24,56465.8,55718,77556,77553
2,3,57,SLH-DSA-SHA2-128f_signed-by_SLH-DSA-SHAKE-256s,SLH-DSA-SHA2-128f_signed-by_SLH-DSA-SHAKE-256s,314.174,3975.09,294.308,1,21,0.205882,460.627,24,56143.9,55801.1,77556,77553
2,8,75,SLH-DSA-SHA2-128f_signed-by_SLH-DSA-SHAKE-256s,SLH-DSA-SHA2-128f_signed-by_SLH-DSA-SHAKE-256s,210.484,5933.33,406.073,1,0,0,486.609,14,56206.9,55677.3,77556,77553
2,5,70,SLH-DSA-SHA2-128f_signed-by_SLH-DSA-SHAKE-256s,SLH-DSA-SHA2-128f_signed-by_SLH-DSA-SHAKE-256s,283.13,4410.95,303.465,1,20,0.212766,392.979,11,57844.5,55667.8,77556,77553
2,2,74,SLH-DSA-SHA2-128f_signed-by_SLH-DSA-SHAKE-256s,SLH-DSA-SHA2-128f_signed-by_SLH-DSA-SHAKE-256s,302.834,4123.94,300.256,1,27,0.284211,417.032,24,56169.1,56026.3,77556,77553
2,4,66,SLH-DSA-SHA2-128f_signed-by_SLH-DSA-SHAKE-256s,SLH-DSA-SHA2-128f_signed-by_SLH-DSA-SHAKE-256s,284.056,4396.57,401.104,1,242,2.37255,773.961,24,56375.7,55784.6,77556,77553
2,1,61,SLH-DSA-SHA2-128f_signed-by_SLH-DSA-SHAKE-256s,SLH-DSA-SHA2-128f_signed-by_SLH-DSA-SHAKE-256s,313.452,3984.24,322.754,1,69,0.676471,525.843,24,56211.5,56100.4,77556,77553
2,7,56,SLH-DSA-SHA2-128f_signed-by_SLH-DSA-SHAKE-256s,SLH-DSA-SHA2-128f_signed-by_SLH-DSA-SHAKE-256s,325.292,3839.22,325.811,1,83,0.715517,451.172,14,56309.8,56306.6,77556,77553
2,6,69,SLH-DSA-SHA2-128f_signed-by_SLH-DSA-SHAKE-256s,SLH-DSA-SHA2-128f_signed-by_SLH-DSA-SHAKE-256s,306.827,4070.27,325.134,1,44,0.458333,587.583,15,56269.8,55749.6,77556,77553
2,8,76,SLH-DSA-SHA2-128f_signed-by_SLH-DSA-SHAKE-256s,SLH-DSA-SHA2-128f_signed-by_SLH-DSA-SHAKE-256s,258.977,4822.33,350.919,1,130,1.39785,508.925,14,56275.6,55887.7,77556,77553
2,3,58,SLH-DSA-SHA2-128f_signed-by_SLH-DSA-SHAKE-256s,SLH-DSA-SHA2-128f_signed-by_SLH-DSA-SHAKE-256s,329.92,3785.37,309.99,1,176,1.72549,568.51,24,56005.9,56075,77556,77553
2,5,71,SLH-DSA-SHA2-128f_signed-by_SLH-DSA-SHAKE-256s,SLH-DSA-SHA2-128f_signed-by_SLH-DSA-SHAKE-256s,272.831,4577.44,506.569,1,150,0.887574,362.118,10,56401.2,56170.4,77556,77553
2,2,75,SLH-DSA-SHA2-128f_signed-by_SLH-DSA-SHAKE-256s,SLH-DSA-SHA2-128f_signed-by_SLH-DSA-SHAKE-256s,276.896,4510.25,335.374,1,21,0.203883,375.165,24,56124.7,55757.2,77556,77553
2,1,62,SLH-DSA-SHA2-128f_signed-by_SLH-DSA-SHAKE-256s,SLH-DSA-SHA2-128f_signed-by_SLH-DSA-SHAKE-256s,288.54,4328.23,348.179,1,68,0.686869,491.495,24,56379.2,55991.9,77556,77553
2,8,77,SLH-DSA-SHA2-128f_signed-by_SLH-DSA-SHAKE-256s,SLH-DSA-SHA2-128f_signed-by_SLH-DSA-SHAKE-256s,276.113,4523.03,357.186,1,37,0.333333,383.802,14,56568.6,55798.1,77556,77553
2,7,57,SLH-DSA-SHA2-128f_signed-by_SLH-DSA-SHAKE-256s,SLH-DSA-SHA2-128f_signed-by_SLH-DSA-SHAKE-256s,302.805,4124.34,387.523,1,139,1.33654,969.308,14,56496.6,56040.5,77556,77553
2,6,70,SLH-DSA-SHA2-128f_signed-by_SLH-DSA-SHAKE-256s,SLH-DSA-SHA2-128f_signed-by_SLH-DSA-SHAKE-256s,312.334,3998.51,330.005,1,69,0.69,565.32,14,56371.8,56235.5,77556,77553
2,3,59,SLH-DSA-SHA2-128f_signed-by_SLH-DSA-SHAKE-256s,SLH-DSA-SHA2-128f_signed-by_SLH-DSA-SHAKE-256s,284.497,4389.75,421.235,1,99,0.707143,536.943,24,56394.1,55758.2,77556,77553
2,4,67,SLH-DSA-SHA2-128f_signed-by_SLH-DSA-SHAKE-256s,SLH-DSA-SHA2-128f_signed-by_SLH-DSA-SHAKE-256s,340.73,3665.28,437.929,1,297,1.63187,412.286,24,56109,55874.5,77556,77553
2,5,72,SLH-DSA-SHA2-128f_signed-by_SLH-DSA-SHAKE-256s,SLH-DSA-SHA2-128f_signed-by_SLH-DSA-SHAKE-256s,185.513,6731.96,463.491,1,0,0,338.766,10,56194.5,55829.2,77556,77553
2,2,76,SLH-DSA-SHA2-128f_signed-by_SLH-DSA-SHAKE-256s,SLH-DSA-SHA2-128f_signed-by_SLH-DSA-SHAKE-256s,231.054,5405.11,372.138,1,0,0,392.979,24,56132.2,55831.3,77556,77553
2,7,58,SLH-DSA-SHA2-128f_signed-by_SLH-DSA-SHAKE-256s,SLH-DSA-SHA2-128f_signed-by_SLH-DSA-SHAKE-256s,261.018,4784.61,348.603,1,83,0.882979,582.17,15,56186.4,55796.1,77556,77553
2,1,63,SLH-DSA-SHA2-128f_signed-by_SLH-DSA-SHAKE-256s,SLH-DSA-SHA2-128f_signed-by_SLH-DSA-SHAKE-256s,286.831,4354.03,405.981,1,96,0.727273,351.485,24,56237.8,55791.9,77556,77553
2,8,78,SLH-DSA-SHA2-128f_signed-by_SLH-DSA-SHAKE-256s,SLH-DSA-SHA2-128f_signed-by_SLH-DSA-SHAKE-256s,284.214,4394.11,322.573,1,23,0.239583,413.042,14,56419.2,55704.5,77556,77553
2,4,68,SLH-DSA-SHA2-128f_signed-by_SLH-DSA-SHAKE-256s,SLH-DSA-SHA2-128f_signed-by_SLH-DSA-SHAKE-256s,258.994,4822,431.638,0.664062,75,0.585938,687.25,24,56195.7,55656.8,77556,77553
2,6,71,SLH-DSA-SHA2-128f_signed-by_SLH-DSA-SHAKE-256s,SLH-DSA-SHA2-128f_signed-by_SLH-DSA-SHAKE-256s,277.456,4501.14,326.854,0.934783,2,0.0217391,540.478,14,56102.2,57951.9,77556,77553
2,3,60,SLH-DSA-SHA2-128f_signed-by_SLH-DSA-SHAKE-256s,SLH-DSA-SHA2-128f_signed-by_SLH-DSA-SHAKE-256s,282.413,4422.14,301.232,1,0,0,453.165,24,56254.1,55962.5,77556,77553
2,5,73,SLH-DSA-SHA2-128f_signed-by_SLH-DSA-SHAKE-256s,SLH-DSA-SHA2-128f_signed-by_SLH-DSA-SHAKE-256s,222.592,5610.58,381.684,1,0,0,569.644,9,55992.7,55770,77556,77553
2,2,77,SLH-DSA-SHA2-128f_signed-by_SLH-DSA-SHAKE-256s,SLH-DSA-SHA2-128f_signed-by_SLH-DSA-SHAKE-256s,310.789,4018.38,391.364,1,109,0.767606,351.831,24,56268.4,55765.9,77556,77553
2,1,64,SLH-DSA-SHA2-128f_signed-by_SLH-DSA-SHAKE-256s,SLH-DSA-SHA2-128f_signed-by_SLH-DSA-SHAKE-256s,288.799,4324.36,337.84,1,158,1.59596,690.566,24,56128.4,55888.4,77556,77553
2,7,59,SLH-DSA-SHA2-128f_signed-by_SLH-DSA-SHAKE-256s,SLH-DSA-SHA2-128f_signed-by_SLH-DSA-SHAKE-256s,317.306,3935.85,270.829,1,1,0.0108696,489.043,15,56749.6,55730.6,77556,77553
2,4,69,SLH-DSA-SHA2-128f_signed-by_SLH-DSA-SHAKE-256s,SLH-DSA-SHA2-128f_signed-by_SLH-DSA-SHAKE-256s,300.393,4157.45,343.976,1,51,0.428571,388.79,24,56183.2,55902.6,77556,77553
2,6,72,SLH-DSA-SHA2-128f_signed-by_SLH-DSA-SHAKE-256s,SLH-DSA-SHA2-128f_signed-by_SLH-DSA-SHAKE-256s,297.909,4192.12,360.969,1,143,1.28829,593.784,14,56246.8,55810.4,77556,77553
2,5,74,SLH-DSA-SHA2-128f_signed-by_SLH-DSA-SHAKE-256s,SLH-DSA-SHA2-128f_signed-by_SLH-DSA-SHAKE-256s,281.895,4430.27,300.878,1,0,0,505.6,9,56269.4,55998.1,77556,77553
2,8,79,SLH-DSA-SHA2-128f_signed-by_SLH-DSA-SHAKE-256s,SLH-DSA-SHA2-128f_signed-by_SLH-DSA-SHAKE-256s,325.53,3836.42,281.534,1,83,0.864583,560.25,14,56227.3,56054.6,77556,77553
2,3,61,SLH-DSA-SHA2-128f_signed-by_SLH-DSA-SHAKE-256s,SLH-DSA-SHA2-128f_signed-by_SLH-DSA-SHAKE-256s,313.719,3980.86,325.743,1,173,1.74747,592.788,24,56104.8,55871.3,77556,77553
2,2,78,SLH-DSA-SHA2-128f_signed-by_SLH-DSA-SHAKE-256s,SLH-DSA-SHA2-128f_signed-by_SLH-DSA-SHAKE-256s,193.452,6455.7,471.268,1,23,0.244681,951.745,24,55965.2,56018.5,77556,77553
2,1,65,SLH-DSA-SHA2-128f_signed-by_SLH-DSA-SHAKE-256s,SLH-DSA-SHA2-128f_signed-by_SLH-DSA-SHAKE-256s,283.556,4404.32,357.065,1,41,0.359649,375.333,24,56561.8,55799,77556,77553
2,7,60,SLH-DSA-SHA2-128f_signed-by_SLH-DSA-SHAKE-256s,SLH-DSA-SHA2-128f_signed-by_SLH-DSA-SHAKE-256s,282.82,4415.78,331.292,1,22,0.209524,444.971,16,56095.7,55702.3,77556,77553
2,6,73,SLH-DSA-SHA2-128f_signed-by_SLH-DSA-SHAKE-256s,SLH-DSA-SHA2-128f_signed-by_SLH-DSA-SHAKE-256s,280.599,4450.73,327.47,1,84,0.884211,587.179,15,56443.1,56058,77556,77553
2,5,75,SLH-DSA-SHA2-128f_signed-by_SLH-DSA-SHAKE-256s,SLH-DSA-SHA2-128f_signed-by_SLH-DSA-SHAKE-256s,277.649,4498.02,384.428,1,41,0.333333,350.976,9,56416.5,56113.4,77556,77553
2,4,70,SLH-DSA-SHA2-128f_signed-by_SLH-DSA-SHAKE-256s,SLH-DSA-SHA2-128f_signed-by_SLH-DSA-SHAKE-256s,308.192,4052.24,323.59,1,47,0.435185,587.185,24,56577.8,55671.4,77556,77553
2,8,80,SLH-DSA-SHA2-128f_signed-by_SLH-DSA-SHAKE-256s,SLH-DSA-SHA2-128f_signed-by_SLH-DSA-SHAKE-256s,296.855,4207,318.377,1,45,0.46875,494.417,13,56575.6,55971.5,77556,77553
2,3,62,SLH-DSA-SHA2-128f_signed-by_SLH-DSA-SHAKE-256s,SLH-DSA-SHA2-128f_signed-by_SLH-DSA-SHAKE-256s,292.321,4272.26,422.986,1,126,0.926471,457.618,24,56022.7,56082.3,77556,77553
2,2,79,SLH-DSA-SHA2-128f_signed-by_SLH-DSA-SHAKE-256s,SLH-DSA-SHA2-128f_signed-by_SLH-DSA-SHAKE-256s,248.164,5032.44,427.394,1,152,1.50495,543.465,24,56363.2,55759,77556,77553
2,7,61,SLH-DSA-SHA2-128f_signed-by_SLH-DSA-SHAKE-256s,SLH-DSA-SHA2-128f_signed-by_SLH-DSA-SHAKE-256s,268.121,4657.85,368.787,1,37,0.330357,443.679,16,56050,55851.9,77556,77553
2,5,76,SLH-DSA-SHA2-128f_signed-by_SLH-DSA-SHAKE-256s,SLH-DSA-SHA2-128f_signed-by_SLH-DSA-SHAKE-256s,275.564,4532.05,402.026,1,168,1.63107,544.33,10,56232.5,55624.1,77556,77553
2,8,81,SLH-DSA-SHA2-128f_signed-by_SLH-DSA-SHAKE-256s,SLH-DSA-SHA2-128f_signed-by_SLH-DSA-SHAKE-256s,269.971,4625.95,357.312,1,6,0.0625,417.5,12,56313.9,56440.7,77556,77553
2,1,66,SLH-DSA-SHA2-128f_signed-by_SLH-DSA-SHAKE-256s,SLH-DSA-SHA2-128f_signed-by_SLH-DSA-SHAKE-256s,331.115,3771.71,314.622,1,55,0.454545,360.711,24,56359.9,55834.6,77556,77553
2,6,74,SLH-DSA-SHA2-128f_signed-by_SLH-DSA-SHAKE-256s,SLH-DSA-SHA2-128f_signed-by_SLH-DSA-SHAKE-256s,304.248,4104.77,305.645,1,23,0.221154,406.577,15,56040.5,55804,77556,77553
2,3,63,SLH-DSA-SHA2-128f_signed-by_SLH-DSA-SHAKE-256s,SLH-DSA-SHA2-128f_signed-by_SLH-DSA-SHAKE-256s,273.1,4572.95,352.75,1,110,1.14583,592.917,24,56141.3,56201.3,77556,77553
2,2,80,SLH-DSA-SHA2-128f_signed-by_SLH-DSA-SHAKE-256s,SLH-DSA-SHA2-128f_signed-by_SLH-DSA-SHAKE-256s,267.181,4674.24,337.448,1,23,0.25,439.565,24,56107.6,56789.6,77556,77553
2,4,71,SLH-DSA-SHA2-128f_signed-by_SLH-DSA-SHAKE-256s,SLH-DSA-SHA2-128f_signed-by_SLH-DSA-SHAKE-256s,311.261,4012.29,313.871,1,49,0.49,451.04,24,56287.4,55852.1,77556,77553
2,7,62,SLH-DSA-SHA2-128f_signed-by_SLH-DSA-SHAKE-256s,SLH-DSA-SHA2-128f_signed-by_SLH-DSA-SHAKE-256s,273.101,4572.92,364.699,1,39,0.345133,444.053,17,56111.8,56036.8,77556,77553
2,6,75,SLH-DSA-SHA2-128f_signed-by_SLH-DSA-SHAKE-256s,SLH-DSA-SHA2-128f_signed-by_SLH-DSA-SHAKE-256s,260.71,4790.26,370.618,1,50,0.515464,496.351,16,56174.5,55816.1,77556,77553
2,5,77,SLH-DSA-SHA2-128f_signed-by_SLH-DSA-SHAKE-256s,SLH-DSA-SHA2-128f_signed-by_SLH-DSA-SHAKE-256s,286.017,4366.43,345.21,1,37,0.330357,375.464,10,56091.3,55708.3,77556,77553
2,1,67,SLH-DSA-SHA2-128f_signed-by_SLH-DSA-SHAKE-256s,SLH-DSA-SHA2-128f_signed-by_SLH-DSA-SHAKE-256s,288.186,4333.56,330.62,1,45,0.454545,482.242,24,56258.1,55882.3,77556,77553
2,8,82,SLH-DSA-SHA2-128f_signed-by_SLH-DSA-SHAKE-256s,SLH-DSA-SHA2-128f_signed-by_SLH-DSA-SHAKE-256s,298.583,4182.66,330.092,1,56,0.504505,454.721,12,56178.2,56019.9,77556,77553
2,4,72,SLH-DSA-SHA2-128f_signed-by_SLH-DSA-SHAKE-256s,SLH-DSA-SHA2-128f_signed-by_SLH-DSA-SHAKE-256s,279.126,4474.22,333.383,1,22,0.211538,453.077,24,56176,55790.7,77556,77553
2,2,81,SLH-DSA-SHA2-128f_signed-by_SLH-DSA-SHAKE-256s,SLH-DSA-SHA2-128f_signed-by_SLH-DSA-SHAKE-256s,302.663,4126.27,530.225,1,232,1.22105,437.242,24,56090.1,55734.4,77556,77553
2,3,64,SLH-DSA-SHA2-128f_signed-by_SLH-DSA-SHAKE-256s,SLH-DSA-SHA2-128f_signed-by_SLH-DSA-SHAKE-256s,314.858,3966.45,340.826,1,62,0.5,409.613,24,56793.8,55848.8,77556,77553
2,7,63,SLH-DSA-SHA2-128f_signed-by_SLH-DSA-SHAKE-256s,SLH-DSA-SHA2-128f_signed-by_SLH-DSA-SHAKE-256s,208.79,5981.47,439.101,0.921569,17,0.166667,489.608,17,55998.4,55694.6,77556,77553
2,5,78,SLH-DSA-SHA2-128f_signed-by_SLH-DSA-SHAKE-256s,SLH-DSA-SHA2-128f_signed-by_SLH-DSA-SHAKE-256s,265.244,4708.39,323.626,1,0,0,392.979,10,56368.5,55636.2,77556,77553
2,6,76,SLH-DSA-SHA2-128f_signed-by_SLH-DSA-SHAKE-256s,SLH-DSA-SHA2-128f_signed-by_SLH-DSA-SHAKE-256s,271.81,4594.65,434.833,0.827338,93,0.669065,379.784,17,56292.5,55740.1,77556,77553
2,1,68,SLH-DSA-SHA2-128f_signed-by_SLH-DSA-SHAKE-256s,SLH-DSA-SHA2-128f_signed-by_SLH-DSA-SHAKE-256s,275.535,4532.53,331.689,1,24,0.252632,399.221,24,56357.5,55788.1,77556,77553
2,8,83,SLH-DSA-SHA2-128f_signed-by_SLH-DSA-SHAKE-256s,SLH-DSA-SHA2-128f_signed-by_SLH-DSA-SHAKE-256s,273.122,4572.57,312.71,1,0,0,429.652,11,56353.5,56096.4,77556,77553
2,4,73,SLH-DSA-SHA2-128f_signed-by_SLH-DSA-SHAKE-256s,SLH-DSA-SHA2-128f_signed-by_SLH-DSA-SHAKE-256s,268.17,4657.02,334.355,1,14,0.142857,466.612,24,57180,55834.7,77556,77553
2,2,82,SLH-DSA-SHA2-128f_signed-by_SLH-DSA-SHAKE-256s,SLH-DSA-SHA2-128f_signed-by_SLH-DSA-SHAKE-256s,263.285,4743.41,346.27,1,23,0.244681,498.809,24,56051.8,55879.4,77556,77553
2,3,65,SLH-DSA-SHA2-128f_signed-by_SLH-DSA-SHAKE-256s,SLH-DSA-SHA2-128f_signed-by_SLH-DSA-SHAKE-256s,282.348,4423.17,374.347,1,65,0.565217,462.557,24,56226.4,56143.8,77556,77553
2,7,64,SLH-DSA-SHA2-128f_signed-by_SLH-DSA-SHAKE-256s,SLH-DSA-SHA2-128f_signed-by_SLH-DSA-SHAKE-256s,189.281,6597.95,452.151,0.956989,0,0,589.957,18,56049,55953.2,77556,77553
2,5,79,SLH-DSA-SHA2-128f_signed-by_SLH-DSA-SHAKE-256s,SLH-DSA-SHA2-128f_signed-by_SLH-DSA-SHAKE-256s,261.443,4776.83,326.923,1,0,0,400.696,10,55976.5,55835.2,77556,77553
2,6,77,SLH-DSA-SHA2-128f_signed-by_SLH-DSA-SHAKE-256s,SLH-DSA-SHA2-128f_signed-by_SLH-DSA-SHAKE-256s,285.02,4381.69,386.162,1,69,0.534884,367.209,17,56418.1,55834,77556,77553
2,1,69,SLH-DSA-SHA2-128f_signed-by_SLH-DSA-SHAKE-256s,SLH-DSA-SHA2-128f_signed-by_SLH-DSA-SHAKE-256s,271.161,4605.64,366.542,1,37,0.324561,369.228,24,56439.5,55734.3,77556,77553
2,8,84,SLH-DSA-SHA2-128f_signed-by_SLH-DSA-SHAKE-256s,SLH-DSA-SHA2-128f_signed-by_SLH-DSA-SHAKE-256s,282.089,4427.22,363.516,1,129,1.29,468.2,11,56275,56042.4,77556,77553
2,4,74,SLH-DSA-SHA2-128f_signed-by_SLH-DSA-SHAKE-256s,SLH-DSA-SHA2-128f_signed-by_SLH-DSA-SHAKE-256s,275.181,4538.36,312.463,1,0,0,392.979,24,56450,55715,77556,77553
2,7,65,SLH-DSA-SHA2-128f_signed-by_SLH-DSA-SHAKE-256s,SLH-DSA-SHA2-128f_signed-by_SLH-DSA-SHAKE-256s,239.398,5216.72,388.575,1,182,1.76699,569.34,18,56059.6,55850.9,77556,77553
2,3,66,SLH-DSA-SHA2-128f_signed-by_SLH-DSA-SHAKE-256s,SLH-DSA-SHA2-128f_signed-by_SLH-DSA-SHAKE-256s,269.431,4635.21,371.389,1,68,0.666667,538.392,24,56116.8,55781,77556,77553
2,2,83,SLH-DSA-SHA2-128f_signed-by_SLH-DSA-SHAKE-256s,SLH-DSA-SHA2-128f_signed-by_SLH-DSA-SHAKE-256s,302.792,4124.52,307.538,1,25,0.238095,368.743,24,56141.2,56038.5,77556,77553
2,5,80,SLH-DSA-SHA2-128f_signed-by_SLH-DSA-SHAKE-256s,SLH-DSA-SHA2-128f_signed-by_SLH-DSA-SHAKE-256s,199.792,6250.84,737.244,1,171,0.93956,437.846,10,55986.4,56260.8,77556,77553
2,6,78,SLH-DSA-SHA2-128f_signed-by_SLH-DSA-SHAKE-256s,SLH-DSA-SHA2-128f_signed-by_SLH-DSA-SHAKE-256s,265.942,4696.03,393.409,1,54,0.439024,377.024,17,56641.9,55878.5,77556,77553
2,8,85,SLH-DSA-SHA2-128f_signed-by_SLH-DSA-SHAKE-256s,SLH-DSA-SHA2-128f_signed-by_SLH-DSA-SHAKE-256s,269.048,4641.82,339.687,1,83,0.873684,490.253,11,56149.1,56025.5,77556,77553
2,1,70,SLH-DSA-SHA2-128f_signed-by_SLH-DSA-SHAKE-256s,SLH-DSA-SHA2-128f_signed-by_SLH-DSA-SHAKE-256s,302.808,4124.29,318.881,1,37,0.345794,376.056,24,56539.9,55944.6,77556,77553
2,7,66,SLH-DSA-SHA2-128f_signed-by_SLH-DSA-SHAKE-256s,SLH-DSA-SHA2-128f_signed-by_SLH-DSA-SHAKE-256s,295.972,4219.55,302.298,1,13,0.134021,530.454,18,56016.5,55771.1,77556,77553
2,2,84,SLH-DSA-SHA2-128f_signed-by_SLH-DSA-SHAKE-256s,SLH-DSA-SHA2-128f_signed-by_SLH-DSA-SHAKE-256s,283.598,4403.66,430.073,1,149,1.15504,524.574,24,56033.6,55735.3,77556,77553
2,3,67,SLH-DSA-SHA2-128f_signed-by_SLH-DSA-SHAKE-256s,SLH-DSA-SHA2-128f_signed-by_SLH-DSA-SHAKE-256s,308.042,4054.22,363.066,1,235,2.25962,1056.15,24,55963.4,56108.6,77556,77553
2,4,75,SLH-DSA-SHA2-128f_signed-by_SLH-DSA-SHAKE-256s,SLH-DSA-SHA2-128f_signed-by_SLH-DSA-SHAKE-256s,340.112,3671.94,356.729,1,123,0.89781,492.832,24,56314.7,55976.5,77556,77553
2,5,81,SLH-DSA-SHA2-128f_signed-by_SLH-DSA-SHAKE-256s,SLH-DSA-SHA2-128f_signed-by_SLH-DSA-SHAKE-256s,223.112,5597.49,423.822,1,46,0.474227,624.804,9,56118.5,55905.5,77556,77553
2,6,79,SLH-DSA-SHA2-128f_signed-by_SLH-DSA-SHAKE-256s,SLH-DSA-SHA2-128f_signed-by_SLH-DSA-SHAKE-256s,185.706,6724.99,491.27,1,3,0.0319149,549.149,17,56349.6,55758.2,77556,77553
2,8,86,SLH-DSA-SHA2-128f_signed-by_SLH-DSA-SHAKE-256s,SLH-DSA-SHA2-128f_signed-by_SLH-DSA-SHAKE-256s,230.452,5419.22,410.045,1,24,0.226415,386.189,10,56187.4,55827.5,77556,77553
2,1,71,SLH-DSA-SHA2-128f_signed-by_SLH-DSA-SHAKE-256s,SLH-DSA-SHA2-128f_signed-by_SLH-DSA-SHAKE-256s,258.547,4830.34,436.902,1,78,0.59542,367.16,24,56112.9,56029.5,77556,77553
2,3,68,SLH-DSA-SHA2-128f_signed-by_SLH-DSA-SHAKE-256s,SLH-DSA-SHA2-128f_signed-by_SLH-DSA-SHAKE-256s,238.23,5242.29,356.63,1,0,0,503.244,24,56324,55835.5,77556,77553
2,7,67,SLH-DSA-SHA2-128f_signed-by_SLH-DSA-SHAKE-256s,SLH-DSA-SHA2-128f_signed-by_SLH-DSA-SHAKE-256s,268.751,4646.94,392.63,1,81,0.698276,480.069,19,56106.6,56289.5,77556,77553
2,2,85,SLH-DSA-SHA2-128f_signed-by_SLH-DSA-SHAKE-256s,SLH-DSA-SHA2-128f_signed-by_SLH-DSA-SHAKE-256s,270.144,4622.98,359.334,1,47,0.474747,404.788,24,56326.5,55689.2,77556,77553
2,5,82,SLH-DSA-SHA2-128f_signed-by_SLH-DSA-SHAKE-256s,SLH-DSA-SHA2-128f_signed-by_SLH-DSA-SHAKE-256s,242.137,5157.69,375.455,1,23,0.247312,579.419,9,56244.8,56267.4,77556,77553
2,6,80,SLH-DSA-SHA2-128f_signed-by_SLH-DSA-SHAKE-256s,SLH-DSA-SHA2-128f_signed-by_SLH-DSA-SHAKE-256s,219.297,5694.87,419.448,0.705263,3,0.0315789,479.432,17,56043.6,55965.5,77556,77553
2,8,87,SLH-DSA-SHA2-128f_signed-by_SLH-DSA-SHAKE-256s,SLH-DSA-SHA2-128f_signed-by_SLH-DSA-SHAKE-256s,180.567,6916.38,500.733,0.236559,23,0.247312,607.892,10,56662.8,55739.7,77556,77553
2,1,72,SLH-DSA-SHA2-128f_signed-by_SLH-DSA-SHAKE-256s,SLH-DSA-SHA2-128f_signed-by_SLH-DSA-SHAKE-256s,215.915,5784.08,394.673,0.32967,0,0,433.912,24,56193.8,55825.8,77556,77553
2,3,69,SLH-DSA-SHA2-128f_signed-by_SLH-DSA-SHAKE-256s,SLH-DSA-SHA2-128f_signed-by_SLH-DSA-SHAKE-256s,217.286,5747.57,393.36,0.326087,0,0,439.609,24,56028.1,55714.4,77556,77553
2,7,68,SLH-DSA-SHA2-128f_signed-by_SLH-DSA-SHAKE-256s,SLH-DSA-SHA2-128f_signed-by_SLH-DSA-SHAKE-256s,243.385,5131.25,432.039,0.26087,62,0.53913,484.435,19,56217.4,55741.9,77556,77553
2,2,86,SLH-DSA-SHA2-128f_signed-by_SLH-DSA-SHAKE-256s,SLH-DSA-SHA2-128f_signed-by_SLH-DSA-SHAKE-256s,239.69,5210.36,355.525,0.549451,0,0,404.681,24,56310.5,55971.9,77556,77553
2,5,83,SLH-DSA-SHA2-128f_signed-by_SLH-DSA-SHAKE-256s,SLH-DSA-SHA2-128f_signed-by_SLH-DSA-SHAKE-256s,240.433,5194.25,354.427,0.802198,0,0,451.275,9,56348.4,56112.4,77556,77553
2,6,81,SLH-DSA-SHA2-128f_signed-by_SLH-DSA-SHAKE-256s,SLH-DSA-SHA2-128f_signed-by_SLH-DSA-SHAKE-256s,218.564,5713.99,389.89,0.956044,0,0,542.352,17,56392.2,55634.3,77556,77553
2,8,88,SLH-DSA-SHA2-128f_signed-by_SLH-DSA-SHAKE-256s,SLH-DSA-SHA2-128f_signed-by_SLH-DSA-SHAKE-256s,194.842,6409.64,466.92,1,5,0.0537634,490.516,10,56154.3,55818.1,77556,77553
2,1,73,SLH-DSA-SHA2-128f_signed-by_SLH-DSA-SHAKE-256s,SLH-DSA-SHA2-128f_signed-by_SLH-DSA-SHAKE-256s,184.218,6779.31,541.793,1,41,0.366071,421.643,24,55983.5,57703.4,77556,77553
2,3,70,SLH-DSA-SHA2-128f_signed-by_SLH-DSA-SHAKE-256s,SLH-DSA-SHA2-128f_signed-by_SLH-DSA-SHAKE-256s,251.85,4958.79,340.393,1,0,0,435.29,24,56114.2,55923.3,77556,77553
2,7,69,SLH-DSA-SHA2-128f_signed-by_SLH-DSA-SHAKE-256s,SLH-DSA-SHA2-128f_signed-by_SLH-DSA-SHAKE-256s,252.032,4955.21,602.527,1,219,1.88793,1060.79,20,56134.6,56043.8,77556,77553
2,5,84,SLH-DSA-SHA2-128f_signed-by_SLH-DSA-SHAKE-256s,SLH-DSA-SHA2-128f_signed-by_SLH-DSA-SHAKE-256s,250.977,4976.04,378.68,1,14,0.134615,423.923,9,56158.9,55704.4,77556,77553
2,2,87,SLH-DSA-SHA2-128f_signed-by_SLH-DSA-SHAKE-256s,SLH-DSA-SHA2-128f_signed-by_SLH-DSA-SHAKE-256s,269.544,4633.27,339.655,1,27,0.264706,460.667,24,56285.7,55823.9,77556,77553
2,8,89,SLH-DSA-SHA2-128f_signed-by_SLH-DSA-SHAKE-256s,SLH-DSA-SHA2-128f_signed-by_SLH-DSA-SHAKE-256s,241.792,5165.07,352.898,1,0,0,448.043,10,56218,56144.1,77556,77553
2,6,82,SLH-DSA-SHA2-128f_signed-by_SLH-DSA-SHAKE-256s,SLH-DSA-SHA2-128f_signed-by_SLH-DSA-SHAKE-256s,280.933,4445.43,365.296,1,68,0.62963,588.185,16,56163.3,55718.5,77556,77553
2,1,74,SLH-DSA-SHA2-128f_signed-by_SLH-DSA-SHAKE-256s,SLH-DSA-SHA2-128f_signed-by_SLH-DSA-SHAKE-256s,227.622,5486.59,484.1,1,66,0.511628,434.62,24,56953.4,56010.9,77556,77553
2,3,71,SLH-DSA-SHA2-128f_signed-by_SLH-DSA-SHAKE-256s,SLH-DSA-SHA2-128f_signed-by_SLH-DSA-SHAKE-256s,201.047,6211.82,475.589,1,150,1.57895,540.568,24,56220.8,55844.9,77556,77553
2,7,70,SLH-DSA-SHA2-128f_signed-by_SLH-DSA-SHAKE-256s,SLH-DSA-SHA2-128f_signed-by_SLH-DSA-SHAKE-256s,249.765,5000.17,450.47,1,115,1.12745,875.02,20,56041.7,55598.6,77556,77553
2,5,85,SLH-DSA-SHA2-128f_signed-by_SLH-DSA-SHAKE-256s,SLH-DSA-SHA2-128f_signed-by_SLH-DSA-SHAKE-256s,259.756,4807.86,351.899,1,129,1.31633,483.429,9,56069.6,55823.6,77556,77553
2,8,90,SLH-DSA-SHA2-128f_signed-by_SLH-DSA-SHAKE-256s,SLH-DSA-SHA2-128f_signed-by_SLH-DSA-SHAKE-256s,285.204,4378.86,338.339,1,154,1.58763,580.887,10,56100.8,55888.2,77556,77553
2,2,88,SLH-DSA-SHA2-128f_signed-by_SLH-DSA-SHAKE-256s,SLH-DSA-SHA2-128f_signed-by_SLH-DSA-SHAKE-256s,324.562,3847.87,340.496,1,339,3.11009,1054.44,24,56256.3,56177.1,77556,77553
2,6,83,SLH-DSA-SHA2-128f_signed-by_SLH-DSA-SHAKE-256s,SLH-DSA-SHA2-128f_signed-by_SLH-DSA-SHAKE-256s,285.912,4368.02,339.404,1,47,0.423423,460.847,17,56190.2,55727,77556,77553
2,1,75,SLH-DSA-SHA2-128f_signed-by_SLH-DSA-SHAKE-256s,SLH-DSA-SHA2-128f_signed-by_SLH-DSA-SHAKE-256s,260.658,4791.21,345.893,1,23,0.25,511.13,24,56702.7,55696,77556,77553
2,3,72,SLH-DSA-SHA2-128f_signed-by_SLH-DSA-SHAKE-256s,SLH-DSA-SHA2-128f_signed-by_SLH-DSA-SHAKE-256s,218.494,5715.81,496.343,1,65,0.524194,651.935,24,56161.2,56193.2,77556,77553
2,7,71,SLH-DSA-SHA2-128f_signed-by_SLH-DSA-SHAKE-256s,SLH-DSA-SHA2-128f_signed-by_SLH-DSA-SHAKE-256s,179.188,6969.61,609.147,1,66,0.519685,527.984,20,56108.5,55867.1,77556,77553
2,5,86,SLH-DSA-SHA2-128f_signed-by_SLH-DSA-SHAKE-256s,SLH-DSA-SHA2-128f_signed-by_SLH-DSA-SHAKE-256s,178.577,6993.47,478.628,1,0,0,446.783,9,56081.2,56338.3,77556,77553
2,8,91,SLH-DSA-SHA2-128f_signed-by_SLH-DSA-SHAKE-256s,SLH-DSA-SHA2-128f_signed-by_SLH-DSA-SHAKE-256s,243.953,5119.29,604.114,1,175,0.966851,329.713,10,56113.7,55864.2,77556,77553
2,6,84,SLH-DSA-SHA2-128f_signed-by_SLH-DSA-SHAKE-256s,SLH-DSA-SHA2-128f_signed-by_SLH-DSA-SHAKE-256s,243.722,5124.16,371.242,1,0,0,556.839,17,56362.6,55951.2,77556,77553
2,2,89,SLH-DSA-SHA2-128f_signed-by_SLH-DSA-SHAKE-256s,SLH-DSA-SHA2-128f_signed-by_SLH-DSA-SHAKE-256s,247.988,5036.01,514.347,1,119,0.782895,354.053,24,56245.2,56021.5,77556,77553
2,1,76,SLH-DSA-SHA2-128f_signed-by_SLH-DSA-SHAKE-256s,SLH-DSA-SHA2-128f_signed-by_SLH-DSA-SHAKE-256s,277.326,4503.26,416.722,1,109,0.893443,449.148,24,56490.6,55787.7,77556,77553
2,3,73,SLH-DSA-SHA2-128f_signed-by_SLH-DSA-SHAKE-256s,SLH-DSA-SHA2-128f_signed-by_SLH-DSA-SHAKE-256s,263.254,4743.97,434.499,1,80,0.592593,427.807,24,56417.9,55981.7,77556,77553
2,5,87,SLH-DSA-SHA2-128f_signed-by_SLH-DSA-SHAKE-256s,SLH-DSA-SHA2-128f_signed-by_SLH-DSA-SHAKE-256s,199.981,6244.92,476.523,1,16,0.156863,450.667,10,56113.2,56280.2,77556,77553
2,4,76,SLH-DSA-SHA2-128f_signed-by_SLH-DSA-SHAKE-256s,SLH-DSA-SHA2-128f_signed-by_SLH-DSA-SHAKE-256s,1420.94,878.902,68.1912,1,23,0.186992,224.374,24,56209,55862.9,77556,77553
2,8,92,SLH-DSA-SHA2-128f_signed-by_SLH-DSA-SHAKE-256s,SLH-DSA-SHA2-128f_signed-by_SLH-DSA-SHAKE-256s,173.144,7212.91,492.168,1,0,0,498.088,10,56758.1,55811,77556,77553
2,2,90,SLH-DSA-SHA2-128f_signed-by_SLH-DSA-SHAKE-256s,SLH-DSA-SHA2-128f_signed-by_SLH-DSA-SHAKE-256s,234.805,5318.75,426.157,1,41,0.362832,403.062,24,56364.4,55933.5,77556,77553
2,6,85,SLH-DSA-SHA2-128f_signed-by_SLH-DSA-SHAKE-256s,SLH-DSA-SHA2-128f_signed-by_SLH-DSA-SHAKE-256s,249.665,5002.18,413.289,1,52,0.429752,379.058,18,56619.7,56016.2,77556,77553
2,1,77,SLH-DSA-SHA2-128f_signed-by_SLH-DSA-SHAKE-256s,SLH-DSA-SHA2-128f_signed-by_SLH-DSA-SHAKE-256s,263.892,4732.5,325.829,1,0,0,437.574,24,56217.3,56456.6,77556,77553
2,3,74,SLH-DSA-SHA2-128f_signed-by_SLH-DSA-SHAKE-256s,SLH-DSA-SHA2-128f_signed-by_SLH-DSA-SHAKE-256s,271.281,4603.59,406.485,1,83,0.715517,468.655,24,56066.7,55755.4,77556,77553
2,5,88,SLH-DSA-SHA2-128f_signed-by_SLH-DSA-SHAKE-256s,SLH-DSA-SHA2-128f_signed-by_SLH-DSA-SHAKE-256s,263.005,4748.46,358.38,1,45,0.473684,729.663,10,56583.8,55685.6,77556,77553
2,4,77,SLH-DSA-SHA2-128f_signed-by_SLH-DSA-SHAKE-256s,SLH-DSA-SHA2-128f_signed-by_SLH-DSA-SHAKE-256s,253.909,4918.58,459.125,1,322,2.95413,599.431,24,56237,56074.7,77556,77553
2,8,93,SLH-DSA-SHA2-128f_signed-by_SLH-DSA-SHAKE-256s,SLH-DSA-SHA2-128f_signed-by_SLH-DSA-SHAKE-256s,235.968,5292.55,393.545,1,21,0.203883,415.981,10,56803.2,55800,77556,77553
2,2,91,SLH-DSA-SHA2-128f_signed-by_SLH-DSA-SHAKE-256s,SLH-DSA-SHA2-128f_signed-by_SLH-DSA-SHAKE-256s,180.605,6914.91,523.305,1,45,0.46875,525.792,24,56165.7,55963.3,77556,77553
2,6,86,SLH-DSA-SHA2-128f_signed-by_SLH-DSA-SHAKE-256s,SLH-DSA-SHA2-128f_signed-by_SLH-DSA-SHAKE-256s,203.742,6129.66,420.766,1,0,0,485.054,18,56268.3,56067.1,77556,77553
2,1,78,SLH-DSA-SHA2-128f_signed-by_SLH-DSA-SHAKE-256s,SLH-DSA-SHA2-128f_signed-by_SLH-DSA-SHAKE-256s,214.88,5811.94,398.957,1,0,0,483.462,24,56016.9,56075.8,77556,77553
2,3,75,SLH-DSA-SHA2-128f_signed-by_SLH-DSA-SHAKE-256s,SLH-DSA-SHA2-128f_signed-by_SLH-DSA-SHAKE-256s,264.149,4727.9,512.377,1,288,2.52632,1231.4,24,56261.3,55767.2,77556,77553
2,5,89,SLH-DSA-SHA2-128f_signed-by_SLH-DSA-SHAKE-256s,SLH-DSA-SHA2-128f_signed-by_SLH-DSA-SHAKE-256s,263.512,4739.33,373.296,1,37,0.336364,381.273,11,56656.1,55709.3,77556,77553
2,8,94,SLH-DSA-SHA2-128f_signed-by_SLH-DSA-SHAKE-256s,SLH-DSA-SHA2-128f_signed-by_SLH-DSA-SHAKE-256s,246.861,5059.01,366.263,1,23,0.247312,453.699,10,56287.5,56379.5,77556,77553
2,2,92,SLH-DSA-SHA2-128f_signed-by_SLH-DSA-SHAKE-256s,SLH-DSA-SHA2-128f_signed-by_SLH-DSA-SHAKE-256s,230.845,5409.99,369.147,1,0,0,603.187,24,56337.5,55980,77556,77553
2,4,78,SLH-DSA-SHA2-128f_signed-by_SLH-DSA-SHAKE-256s,SLH-DSA-SHA2-128f_signed-by_SLH-DSA-SHAKE-256s,308.057,4054.02,331.003,1,42,0.365217,414.139,24,56565.8,55602.9,77556,77553
2,6,87,SLH-DSA-SHA2-128f_signed-by_SLH-DSA-SHAKE-256s,SLH-DSA-SHA2-128f_signed-by_SLH-DSA-SHAKE-256s,225.829,5530.16,480.221,1,65,0.524194,474.774,18,56447.7,55951.6,77556,77553
2,1,79,SLH-DSA-SHA2-128f_signed-by_SLH-DSA-SHAKE-256s,SLH-DSA-SHA2-128f_signed-by_SLH-DSA-SHAKE-256s,242.116,5158.14,475.143,1,84,0.617647,373.059,24,56629.8,55827.9,77556,77553
2,3,76,SLH-DSA-SHA2-128f_signed-by_SLH-DSA-SHAKE-256s,SLH-DSA-SHA2-128f_signed-by_SLH-DSA-SHAKE-256s,239.364,5217.46,413.763,1,147,1.37383,488.916,24,56028.9,55761.2,77556,77553
2,5,90,SLH-DSA-SHA2-128f_signed-by_SLH-DSA-SHAKE-256s,SLH-DSA-SHA2-128f_signed-by_SLH-DSA-SHAKE-256s,273.717,4562.63,413.798,1,97,0.776,427.792,11,56395.9,55721.8,77556,77553
2,8,95,SLH-DSA-SHA2-128f_signed-by_SLH-DSA-SHAKE-256s,SLH-DSA-SHA2-128f_signed-by_SLH-DSA-SHAKE-256s,270.038,4624.79,391.174,1,151,1.49505,499.901,11,56566.1,55763.6,77556,77553
2,2,93,SLH-DSA-SHA2-128f_signed-by_SLH-DSA-SHAKE-256s,SLH-DSA-SHA2-128f_signed-by_SLH-DSA-SHAKE-256s,256.087,4876.74,352.067,1,23,0.25,439.565,24,56061.5,56180.4,77556,77553
2,4,79,SLH-DSA-SHA2-128f_signed-by_SLH-DSA-SHAKE-256s,SLH-DSA-SHA2-128f_signed-by_SLH-DSA-SHAKE-256s,254.01,4916.62,393.937,1,41,0.362832,462.177,24,56283.9,56102.1,77556,77553
2,6,88,SLH-DSA-SHA2-128f_signed-by_SLH-DSA-SHAKE-256s,SLH-DSA-SHA2-128f_signed-by_SLH-DSA-SHAKE-256s,244.492,5108.03,380.871,1,21,0.201923,515.615,19,57226.7,55834,77556,77553
2,1,80,SLH-DSA-SHA2-128f_signed-by_SLH-DSA-SHAKE-256s,SLH-DSA-SHA2-128f_signed-by_SLH-DSA-SHAKE-256s,205.832,6067.43,459.17,1,45,0.46875,486,24,56908.8,57547.7,77556,77553
2,3,77,SLH-DSA-SHA2-128f_signed-by_SLH-DSA-SHAKE-256s,SLH-DSA-SHA2-128f_signed-by_SLH-DSA-SHAKE-256s,173.267,7207.79,491.819,1,0,0,496.769,24,56120.6,55855.5,77556,77553
2,8,96,SLH-DSA-SHA2-128f_signed-by_SLH-DSA-SHAKE-256s,SLH-DSA-SHA2-128f_signed-by_SLH-DSA-SHAKE-256s,200.488,6229.14,454.489,1,35,0.364583,395.292,11,56370,56329,77556,77553
2,5,91,SLH-DSA-SHA2-128f_signed-by_SLH-DSA-SHAKE-256s,SLH-DSA-SHA2-128f_signed-by_SLH-DSA-SHAKE-256s,264.711,4717.86,428.119,1,78,0.586466,358.571,11,56089.7,55843.4,77556,77553
2,6,89,SLH-DSA-SHA2-128f_signed-by_SLH-DSA-SHAKE-256s,SLH-DSA-SHA2-128f_signed-by_SLH-DSA-SHAKE-256s,222.948,5601.62,408.991,1,27,0.28125,527.75,19,56138.9,56225.1,77556,77553
2,2,94,SLH-DSA-SHA2-128f_signed-by_SLH-DSA-SHAKE-256s,SLH-DSA-SHA2-128f_signed-by_SLH-DSA-SHAKE-256s,261.071,4783.65,367.471,1,159,1.63918,540.722,24,56176.1,56127.3,77556,77553
2,4,80,SLH-DSA-SHA2-128f_signed-by_SLH-DSA-SHAKE-256s,SLH-DSA-SHA2-128f_signed-by_SLH-DSA-SHAKE-256s,265.171,4709.68,360.703,1,190,1.79245,519.057,24,56325.5,55763.8,77556,77553
2,1,81,SLH-DSA-SHA2-128f_signed-by_SLH-DSA-SHAKE-256s,SLH-DSA-SHA2-128f_signed-by_SLH-DSA-SHAKE-256s,232.553,5370.25,411.638,1,46,0.479167,448.167,24,56338,55766,77556,77553
2,3,78,SLH-DSA-SHA2-128f_signed-by_SLH-DSA-SHAKE-256s,SLH-DSA-SHA2-128f_signed-by_SLH-DSA-SHAKE-256s,208.856,5979.57,455.662,1,81,0.870968,845.914,24,56125.5,55667.9,77556,77553
2,7,72,SLH-DSA-SHA2-128f_signed-by_SLH-DSA-SHAKE-256s,SLH-DSA-SHA2-128f_signed-by_SLH-DSA-SHAKE-256s,1423.22,877.499,69.364,1,34,0.274194,300.935,23,56165.2,55707.8,77556,77553
2,8,97,SLH-DSA-SHA2-128f_signed-by_SLH-DSA-SHAKE-256s,SLH-DSA-SHA2-128f_signed-by_SLH-DSA-SHAKE-256s,183.613,6801.62,490.072,1,12,0.121212,453.192,11,57364.2,55677.6,77556,77553
2,5,92,SLH-DSA-SHA2-128f_signed-by_SLH-DSA-SHAKE-256s,SLH-DSA-SHA2-128f_signed-by_SLH-DSA-SHAKE-256s,219.201,5697.37,439.924,1,24,0.25,488.875,11,56004.4,55894.3,77556,77553
2,2,95,SLH-DSA-SHA2-128f_signed-by_SLH-DSA-SHAKE-256s,SLH-DSA-SHA2-128f_signed-by_SLH-DSA-SHAKE-256s,233.366,5351.55,388.814,1,0,0,476.255,24,56185.7,56210.4,77556,77553
2,4,81,SLH-DSA-SHA2-128f_signed-by_SLH-DSA-SHAKE-256s,SLH-DSA-SHA2-128f_signed-by_SLH-DSA-SHAKE-256s,271.345,4602.51,407.332,1,83,0.709402,480.872,24,56518.4,56025.1,77556,77553
2,1,82,SLH-DSA-SHA2-128f_signed-by_SLH-DSA-SHAKE-256s,SLH-DSA-SHA2-128f_signed-by_SLH-DSA-SHAKE-256s,269.329,4636.96,349.965,1,45,0.473684,575.853,24,56329.3,56261.9,77556,77553
2,3,79,SLH-DSA-SHA2-128f_signed-by_SLH-DSA-SHAKE-256s,SLH-DSA-SHA2-128f_signed-by_SLH-DSA-SHAKE-256s,272.856,4577.04,333.245,1,27,0.284211,471.768,24,56093.7,55781.8,77556,77553
2,6,90,SLH-DSA-SHA2-128f_signed-by_SLH-DSA-SHAKE-256s,SLH-DSA-SHA2-128f_signed-by_SLH-DSA-SHAKE-256s,360.105,3468.07,271.298,1,49,0.49,691.24,19,56454.3,55964.3,77556,77553
2,7,73,SLH-DSA-SHA2-128f_signed-by_SLH-DSA-SHAKE-256s,SLH-DSA-SHA2-128f_signed-by_SLH-DSA-SHAKE-256s,265.782,4698.85,392.561,1,157,1.4537,652.037,24,56238.2,55765.5,77556,77553
2,8,98,SLH-DSA-SHA2-128f_signed-by_SLH-DSA-SHAKE-256s,SLH-DSA-SHA2-128f_signed-by_SLH-DSA-SHAKE-256s,252.358,4948.8,336.664,1,0,0,951.644,11,56343.2,57626.5,77556,77553
2,5,93,SLH-DSA-SHA2-128f_signed-by_SLH-DSA-SHAKE-256s,SLH-DSA-SHA2-128f_signed-by_SLH-DSA-SHAKE-256s,208.909,5978.06,450.262,1,4,0.0425532,516.553,11,57189.2,55644.4,77556,77553
2,2,96,SLH-DSA-SHA2-128f_signed-by_SLH-DSA-SHAKE-256s,SLH-DSA-SHA2-128f_signed-by_SLH-DSA-SHAKE-256s,208.185,5998.85,544.131,0.75,76,0.575758,488.697,24,56181.6,55751.4,77556,77553
2,4,82,SLH-DSA-SHA2-128f_signed-by_SLH-DSA-SHAKE-256s,SLH-DSA-SHA2-128f_signed-by_SLH-DSA-SHAKE-256s,239.585,5212.64,368.771,1,4,0.0416667,386.833,24,56225.4,55897.8,77556,77553
2,1,83,SLH-DSA-SHA2-128f_signed-by_SLH-DSA-SHAKE-256s,SLH-DSA-SHA2-128f_signed-by_SLH-DSA-SHAKE-256s,257.572,4848.62,385.445,1,45,0.424528,386,24,56130.1,55594.2,77556,77553
2,3,80,SLH-DSA-SHA2-128f_signed-by_SLH-DSA-SHAKE-256s,SLH-DSA-SHA2-128f_signed-by_SLH-DSA-SHAKE-256s,262.145,4764.03,361.02,1,47,0.484536,524.062,24,56447,55681.5,77556,77553
2,6,91,SLH-DSA-SHA2-128f_signed-by_SLH-DSA-SHAKE-256s,SLH-DSA-SHA2-128f_signed-by_SLH-DSA-SHAKE-256s,263.405,4741.26,401.511,1,58,0.479339,415.521,19,56157.4,56201.3,77556,77553
2,8,99,SLH-DSA-SHA2-128f_signed-by_SLH-DSA-SHAKE-256s,SLH-DSA-SHA2-128f_signed-by_SLH-DSA-SHAKE-256s,256.866,4861.96,407.808,1,64,0.566372,427.558,12,56337.8,55858.1,77556,77553
2,7,74,SLH-DSA-SHA2-128f_signed-by_SLH-DSA-SHAKE-256s,SLH-DSA-SHA2-128f_signed-by_SLH-DSA-SHAKE-256s,275.511,4532.92,359.593,1,38,0.336283,452.018,25,56140.5,59535.8,77556,77553
2,5,94,SLH-DSA-SHA2-128f_signed-by_SLH-DSA-SHAKE-256s,SLH-DSA-SHA2-128f_signed-by_SLH-DSA-SHAKE-256s,245.531,5086.41,406.238,1,42,0.375,452.536,11,56057,55743.4,77556,77553
2,2,97,SLH-DSA-SHA2-128f_signed-by_SLH-DSA-SHAKE-256s,SLH-DSA-SHA2-128f_signed-by_SLH-DSA-SHAKE-256s,226.789,5506.75,424.711,1,47,0.47,462.2,24,56748.2,55805.3,77556,77553
2,4,83,SLH-DSA-SHA2-128f_signed-by_SLH-DSA-SHAKE-256s,SLH-DSA-SHA2-128f_signed-by_SLH-DSA-SHAKE-256s,178.779,6985.56,478.714,1,0,0,483.419,24,56240.8,55814.8,77556,77553
2,1,84,SLH-DSA-SHA2-128f_signed-by_SLH-DSA-SHAKE-256s,SLH-DSA-SHA2-128f_signed-by_SLH-DSA-SHAKE-256s,182.817,6831.27,489.67,1,11,0.111111,460.505,24,56064.7,55801.1,77556,77553
2,3,81,SLH-DSA-SHA2-128f_signed-by_SLH-DSA-SHAKE-256s,SLH-DSA-SHA2-128f_signed-by_SLH-DSA-SHAKE-256s,254.433,4908.44,334.925,1,0,0,475.802,24,56152.4,55980.4,77556,77553
2,7,75,SLH-DSA-SHA2-128f_signed-by_SLH-DSA-SHAKE-256s,SLH-DSA-SHA2-128f_signed-by_SLH-DSA-SHAKE-256s,225.642,5534.75,404.322,1,42,0.43299,692.103,25,56104.4,55827.5,77556,77553
2,6,92,SLH-DSA-SHA2-128f_signed-by_SLH-DSA-SHAKE-256s,SLH-DSA-SHA2-128f_signed-by_SLH-DSA-SHAKE-256s,307.338,4063.5,343.074,1,68,0.576271,401.729,20,56119.3,55735,77556,77553
2,5,95,SLH-DSA-SHA2-128f_signed-by_SLH-DSA-SHAKE-256s,SLH-DSA-SHA2-128f_signed-by_SLH-DSA-SHAKE-256s,282.546,4420.06,464.689,1,186,1.31915,459.418,11,56043.6,55702,77556,77553
2,2,98,SLH-DSA-SHA2-128f_signed-by_SLH-DSA-SHAKE-256s,SLH-DSA-SHA2-128f_signed-by_SLH-DSA-SHAKE-256s,280.884,4446.22,434.229,1,259,2.12295,520.393,24,56188.5,59512.1,77556,77553
2,1,85,SLH-DSA-SHA2-128f_signed-by_SLH-DSA-SHAKE-256s,SLH-DSA-SHA2-128f_signed-by_SLH-DSA-SHAKE-256s,229.948,5431.1,498.199,1,149,1.22131,741.016,24,56131,56067.6,77556,77553
2,4,84,SLH-DSA-SHA2-128f_signed-by_SLH-DSA-SHAKE-256s,SLH-DSA-SHA2-128f_signed-by_SLH-DSA-SHAKE-256s,301.097,4147.73,402.208,1,169,1.37398,504.276,24,56263.2,55748.5,77556,77553
2,3,82,SLH-DSA-SHA2-128f_signed-by_SLH-DSA-SHAKE-256s,SLH-DSA-SHA2-128f_signed-by_SLH-DSA-SHAKE-256s,192.245,6496.23,471.647,1,125,1.32979,589.617,24,56100.5,55626.1,77556,77553
2,7,76,SLH-DSA-SHA2-128f_signed-by_SLH-DSA-SHAKE-256s,SLH-DSA-SHA2-128f_signed-by_SLH-DSA-SHAKE-256s,223.873,5578.48,609.988,1,144,0.857143,533.952,26,56067.7,55951.7,77556,77553
2,5,96,SLH-DSA-SHA2-128f_signed-by_SLH-DSA-SHAKE-256s,SLH-DSA-SHA2-128f_signed-by_SLH-DSA-SHAKE-256s,194.567,6418.71,497.431,1,48,0.489796,446.449,11,56077.8,55876,77556,77553
2,6,93,SLH-DSA-SHA2-128f_signed-by_SLH-DSA-SHAKE-256s,SLH-DSA-SHA2-128f_signed-by_SLH-DSA-SHAKE-256s,252.598,4944.1,475.696,1,165,1.17857,443.514,20,56449.1,55900.5,77556,77553
2,2,99,SLH-DSA-SHA2-128f_signed-by_SLH-DSA-SHAKE-256s,SLH-DSA-SHA2-128f_signed-by_SLH-DSA-SHAKE-256s,234.968,5315.06,490.21,1,196,1.83178,559.159,24,56100.6,56111.8,77556,77553
2,4,85,SLH-DSA-SHA2-128f_signed-by_SLH-DSA-SHAKE-256s,SLH-DSA-SHA2-128f_signed-by_SLH-DSA-SHAKE-256s,264.798,4716.3,720.758,1,346,2.09697,1010.27,24,56347.3,56097,77556,77553
2,7,77,SLH-DSA-SHA2-128f_signed-by_SLH-DSA-SHAKE-256s,SLH-DSA-SHA2-128f_signed-by_SLH-DSA-SHAKE-256s,214.333,5826.78,560.25,1,189,1.44275,624.198,26,56156.3,55984.8,77556,77553
2,5,97,SLH-DSA-SHA2-128f_signed-by_SLH-DSA-SHAKE-256s,SLH-DSA-SHA2-128f_signed-by_SLH-DSA-SHAKE-256s,220.209,5671.28,454.258,1,91,0.850467,646.224,10,56004.9,55737.3,77556,77553
2,3,83,SLH-DSA-SHA2-128f_signed-by_SLH-DSA-SHAKE-256s,SLH-DSA-SHA2-128f_signed-by_SLH-DSA-SHAKE-256s,344.258,3627.71,346.53,1,170,1.25926,425.348,24,56350.3,56047.3,77556,77553
2,6,94,SLH-DSA-SHA2-128f_signed-by_SLH-DSA-SHAKE-256s,SLH-DSA-SHA2-128f_signed-by_SLH-DSA-SHAKE-256s,216.6,5765.78,476.748,1,147,1.37383,622.71,20,56082.8,55741.1,77556,77553
2,1,86,SLH-DSA-SHA2-128f_signed-by_SLH-DSA-SHAKE-256s,SLH-DSA-SHA2-128f_signed-by_SLH-DSA-SHAKE-256s,496.393,2515.89,203.838,1,131,1.24762,526.914,24,56659.5,55957.8,77556,77553
2,4,86,SLH-DSA-SHA2-128f_signed-by_SLH-DSA-SHAKE-256s,SLH-DSA-SHA2-128f_signed-by_SLH-DSA-SHAKE-256s,212.844,5867.55,429.535,1,23,0.242105,557.453,24,56285.6,55775.7,77556,77553
2,7,78,SLH-DSA-SHA2-128f_signed-by_SLH-DSA-SHAKE-256s,SLH-DSA-SHA2-128f_signed-by_SLH-DSA-SHAKE-256s,231.602,5392.31,568.215,1,170,1.18056,651.472,25,56079.6,55903.7,77556,77553
2,5,98,SLH-DSA-SHA2-128f_signed-by_SLH-DSA-SHAKE-256s,SLH-DSA-SHA2-128f_signed-by_SLH-DSA-SHAKE-256s,235.084,5312.45,396.318,1,27,0.257143,394.267,10,56301.3,55828.7,77556,77553
2,3,84,SLH-DSA-SHA2-128f_signed-by_SLH-DSA-SHAKE-256s,SLH-DSA-SHA2-128f_signed-by_SLH-DSA-SHAKE-256s,213.543,5848.33,486.945,1,245,2.26852,802.222,24,56757.2,56129.8,77556,77553
2,1,87,SLH-DSA-SHA2-128f_signed-by_SLH-DSA-SHAKE-256s,SLH-DSA-SHA2-128f_signed-by_SLH-DSA-SHAKE-256s,199.926,6246.65,573.57,1,124,0.946565,562.153,24,56127,55729.9,77556,77553
2,4,87,SLH-DSA-SHA2-128f_signed-by_SLH-DSA-SHAKE-256s,SLH-DSA-SHA2-128f_signed-by_SLH-DSA-SHAKE-256s,205.816,6067.88,441.791,1,129,1.35789,522.505,24,56170.1,55889.7,77556,77553
2,7,79,SLH-DSA-SHA2-128f_signed-by_SLH-DSA-SHAKE-256s,SLH-DSA-SHA2-128f_signed-by_SLH-DSA-SHAKE-256s,197.94,6309.32,531.795,1,82,0.713043,488.574,25,56683.3,56226.2,77556,77553
2,6,95,SLH-DSA-SHA2-128f_signed-by_SLH-DSA-SHAKE-256s,SLH-DSA-SHA2-128f_signed-by_SLH-DSA-SHAKE-256s,382.146,3268.05,382.681,1,360,2.16867,576.072,21,56079.1,56074.2,77556,77553
2,5,99,SLH-DSA-SHA2-128f_signed-by_SLH-DSA-SHAKE-256s,SLH-DSA-SHA2-128f_signed-by_SLH-DSA-SHAKE-256s,201.996,6182.65,423.137,1,0,0,479.435,10,56248,56103.2,77556,77553
2,3,85,SLH-DSA-SHA2-128f_signed-by_SLH-DSA-SHAKE-256s,SLH-DSA-SHA2-128f_signed-by_SLH-DSA-SHAKE-256s,197.326,6328.97,644.375,0.973684,116,0.763158,571.737,24,56097.2,55787.8,77556,77553
2,1,88,SLH-DSA-SHA2-128f_signed-by_SLH-DSA-SHAKE-256s,SLH-DSA-SHA2-128f_signed-by_SLH-DSA-SHAKE-256s,203.518,6136.41,449.218,1,23,0.242105,434.421,24,56026.7,55822.6,77556,77553
2,4,88,SLH-DSA-SHA2-128f_signed-by_SLH-DSA-SHAKE-256s,SLH-DSA-SHA2-128f_signed-by_SLH-DSA-SHAKE-256s,197.318,6329.2,433.167,0.652174,0,0,488.304,24,56283.8,55694.7,77556,77553
2,7,80,SLH-DSA-SHA2-128f_signed-by_SLH-DSA-SHAKE-256s,SLH-DSA-SHA2-128f_signed-by_SLH-DSA-SHAKE-256s,218.071,5726.9,454.897,0.741071,39,0.348214,451.714,24,56302.8,56036.3,77556,77553
2,6,96,SLH-DSA-SHA2-128f_signed-by_SLH-DSA-SHAKE-256s,SLH-DSA-SHA2-128f_signed-by_SLH-DSA-SHAKE-256s,196.119,6367.9,438.181,0.902174,1,0.0108696,492,21,56272.1,55757.2,77556,77553
2,3,86,SLH-DSA-SHA2-128f_signed-by_SLH-DSA-SHAKE-256s,SLH-DSA-SHA2-128f_signed-by_SLH-DSA-SHAKE-256s,190.594,6552.49,475.731,0.882979,81,0.861702,579.66,24,56271.9,55847.1,77556,77553
2,1,89,SLH-DSA-SHA2-128f_signed-by_SLH-DSA-SHAKE-256s,SLH-DSA-SHA2-128f_signed-by_SLH-DSA-SHAKE-256s,172.506,7239.58,499.924,1,0,0,331.895,24,56177,55794.6,77556,77553
2,4,89,SLH-DSA-SHA2-128f_signed-by_SLH-DSA-SHAKE-256s,SLH-DSA-SHA2-128f_signed-by_SLH-DSA-SHAKE-256s,185.006,6750.42,509.474,1,45,0.473684,538.126,24,56314.9,55753,77556,77553
2,7,81,SLH-DSA-SHA2-128f_signed-by_SLH-DSA-SHAKE-256s,SLH-DSA-SHA2-128f_signed-by_SLH-DSA-SHAKE-256s,196.976,6340.2,461.943,1,0,0,580.526,24,56093.7,55924,77556,77553
2,3,87,SLH-DSA-SHA2-128f_signed-by_SLH-DSA-SHAKE-256s,SLH-DSA-SHA2-128f_signed-by_SLH-DSA-SHAKE-256s,185.325,6738.8,521.202,1,208,2.14433,649.381,24,56366.9,55795.8,77556,77553
2,6,97,SLH-DSA-SHA2-128f_signed-by_SLH-DSA-SHAKE-256s,SLH-DSA-SHA2-128f_signed-by_SLH-DSA-SHAKE-256s,245.905,5078.66,385.253,1,88,0.888889,476.586,21,56499,56411.1,77556,77553
2,1,90,SLH-DSA-SHA2-128f_signed-by_SLH-DSA-SHAKE-256s,SLH-DSA-SHA2-128f_signed-by_SLH-DSA-SHAKE-256s,177.078,7052.63,503.279,0.959596,4,0.040404,320.747,24,56139.1,55601.5,77556,77553
2,4,90,SLH-DSA-SHA2-128f_signed-by_SLH-DSA-SHAKE-256s,SLH-DSA-SHA2-128f_signed-by_SLH-DSA-SHAKE-256s,174.53,7155.6,577.182,1,68,0.666667,381.647,24,56171.6,55729,77556,77553
2,7,82,SLH-DSA-SHA2-128f_signed-by_SLH-DSA-SHAKE-256s,SLH-DSA-SHA2-128f_signed-by_SLH-DSA-SHAKE-256s,178.938,6979.35,531.938,1,25,0.229358,374.917,24,57032,55923.9,77556,77553
2,3,88,SLH-DSA-SHA2-128f_signed-by_SLH-DSA-SHAKE-256s,SLH-DSA-SHA2-128f_signed-by_SLH-DSA-SHAKE-256s,195.436,6390.16,460.671,1,11,0.108911,497.564,24,55990.5,55842.4,77556,77553
2,6,98,SLH-DSA-SHA2-128f_signed-by_SLH-DSA-SHAKE-256s,SLH-DSA-SHA2-128f_signed-by_SLH-DSA-SHAKE-256s,217.255,5748.41,466.474,1,220,2.05607,539.757,22,56416.4,55952.3,77556,77553
2,1,91,SLH-DSA-SHA2-128f_signed-by_SLH-DSA-SHAKE-256s,SLH-DSA-SHA2-128f_signed-by_SLH-DSA-SHAKE-256s,221.875,5628.71,440.535,1,46,0.46,486.44,24,56164.1,55824.6,77556,77553
2,4,91,SLH-DSA-SHA2-128f_signed-by_SLH-DSA-SHAKE-256s,SLH-DSA-SHA2-128f_signed-by_SLH-DSA-SHAKE-256s,227.057,5500.24,520.044,1,415,3.91509,631.321,24,56118.6,55756.6,77556,77553
2,7,83,SLH-DSA-SHA2-128f_signed-by_SLH-DSA-SHAKE-256s,SLH-DSA-SHA2-128f_signed-by_SLH-DSA-SHAKE-256s,178.997,6977.04,477.504,0.532609,0,0,622.87,23,56202.2,55968.7,77556,77553
2,3,89,SLH-DSA-SHA2-128f_signed-by_SLH-DSA-SHAKE-256s,SLH-DSA-SHA2-128f_signed-by_SLH-DSA-SHAKE-256s,178.644,6990.82,628.286,0.530769,76,0.584615,531.077,24,55984,55875.3,77556,77553
2,6,99,SLH-DSA-SHA2-128f_signed-by_SLH-DSA-SHAKE-256s,SLH-DSA-SHA2-128f_signed-by_SLH-DSA-SHAKE-256s,180.091,6934.66,510.497,0.71134,23,0.237113,380.969,22,56128.1,56005.6,77556,77553
2,1,92,SLH-DSA-SHA2-128f_signed-by_SLH-DSA-SHAKE-256s,SLH-DSA-SHA2-128f_signed-by_SLH-DSA-SHAKE-256s,175.39,7120.5,515.876,0.215054,0,0,499.763,24,56086,56644,77556,77553
2,4,92,SLH-DSA-SHA2-128f_signed-by_SLH-DSA-SHAKE-256s,SLH-DSA-SHA2-128f_signed-by_SLH-DSA-SHAKE-256s,197.625,6319.39,433.061,0.215054,0,0,396.753,24,56282.7,55743.1,77556,77553
2,7,84,SLH-DSA-SHA2-128f_signed-by_SLH-DSA-SHAKE-256s,SLH-DSA-SHA2-128f_signed-by_SLH-DSA-SHAKE-256s,183.22,6816.23,496.277,0.210526,41,0.431579,598.463,23,56324.2,55915.6,77556,77553
2,3,90,SLH-DSA-SHA2-128f_signed-by_SLH-DSA-SHAKE-256s,SLH-DSA-SHA2-128f_signed-by_SLH-DSA-SHAKE-256s,175.123,7131.38,488.067,0,0,0,491.783,24,56005.2,56172.6,77556,77553
2,1,93,SLH-DSA-SHA2-128f_signed-by_SLH-DSA-SHAKE-256s,SLH-DSA-SHA2-128f_signed-by_SLH-DSA-SHAKE-256s,185.792,6721.85,460.039,0.771739,0,0,446.783,24,56537.2,56058,77556,77553
2,7,85,SLH-DSA-SHA2-128f_signed-by_SLH-DSA-SHAKE-256s,SLH-DSA-SHA2-128f_signed-by_SLH-DSA-SHAKE-256s,179.913,6941.5,645.286,0.522059,86,0.632353,523.529,23,56203.6,56086.7,77556,77553
2,4,93,SLH-DSA-SHA2-128f_signed-by_SLH-DSA-SHAKE-256s,SLH-DSA-SHA2-128f_signed-by_SLH-DSA-SHAKE-256s,200.624,6224.93,531.062,0.581967,59,0.483607,424.426,24,56230.9,55867.6,77556,77553
2,3,91,SLH-DSA-SHA2-128f_signed-by_SLH-DSA-SHAKE-256s,SLH-DSA-SHA2-128f_signed-by_SLH-DSA-SHAKE-256s,174.706,7148.42,516.433,0.771739,0,0,659.739,24,56181.6,55821.8,77556,77553
2,1,94,SLH-DSA-SHA2-128f_signed-by_SLH-DSA-SHAKE-256s,SLH-DSA-SHA2-128f_signed-by_SLH-DSA-SHAKE-256s,216.888,5758.13,439.23,0.87156,26,0.238532,310.44,24,56177.2,55665.9,77556,77553
2,4,94,SLH-DSA-SHA2-128f_signed-by_SLH-DSA-SHAKE-256s,SLH-DSA-SHA2-128f_signed-by_SLH-DSA-SHAKE-256s,188.256,6633.9,476.627,0.969388,12,0.122449,464.571,24,56227.5,55653,77556,77553
2,7,86,SLH-DSA-SHA2-128f_signed-by_SLH-DSA-SHAKE-256s,SLH-DSA-SHA2-128f_signed-by_SLH-DSA-SHAKE-256s,197.734,6315.91,534.778,0.805085,152,1.28814,520.508,22,56149.9,56078,77556,77553
2,3,92,SLH-DSA-SHA2-128f_signed-by_SLH-DSA-SHAKE-256s,SLH-DSA-SHA2-128f_signed-by_SLH-DSA-SHAKE-256s,195.191,6398.2,440.266,1,1,0.0108696,492,24,56209,55777.3,77556,77553
2,1,95,SLH-DSA-SHA2-128f_signed-by_SLH-DSA-SHAKE-256s,SLH-DSA-SHA2-128f_signed-by_SLH-DSA-SHAKE-256s,219.728,5683.69,489.913,1,63,0.504,374.48,24,55998.7,55731.6,77556,77553
2,4,95,SLH-DSA-SHA2-128f_signed-by_SLH-DSA-SHAKE-256s,SLH-DSA-SHA2-128f_signed-by_SLH-DSA-SHAKE-256s,208.584,5987.37,479.729,1,41,0.362832,380.726,24,57016.7,55915.4,77556,77553
2,7,87,SLH-DSA-SHA2-128f_signed-by_SLH-DSA-SHAKE-256s,SLH-DSA-SHA2-128f_signed-by_SLH-DSA-SHAKE-256s,203.021,6151.42,551.35,1,171,1.368,534.576,22,56014.1,55958.4,77556,77553
2,3,93,SLH-DSA-SHA2-128f_signed-by_SLH-DSA-SHAKE-256s,SLH-DSA-SHA2-128f_signed-by_SLH-DSA-SHAKE-256s,200.652,6224.05,492.154,1,57,0.548077,520.769,24,56541,56303.3,77556,77553
2,1,96,SLH-DSA-SHA2-128f_signed-by_SLH-DSA-SHAKE-256s,SLH-DSA-SHA2-128f_signed-by_SLH-DSA-SHAKE-256s,203.795,6128.08,475.537,0.609091,32,0.290909,364.618,24,56532.9,55629.4,77556,77553
2,4,96,SLH-DSA-SHA2-128f_signed-by_SLH-DSA-SHAKE-256s,SLH-DSA-SHA2-128f_signed-by_SLH-DSA-SHAKE-256s,197.347,6328.28,447.697,0.697917,4,0.0416667,412.625,24,56209.8,55782.9,77556,77553
2,7,88,SLH-DSA-SHA2-128f_signed-by_SLH-DSA-SHAKE-256s,SLH-DSA-SHA2-128f_signed-by_SLH-DSA-SHAKE-256s,207.578,6016.37,493.615,0.616071,55,0.491071,487.786,22,56744.9,56127.7,77556,77553
2,3,94,SLH-DSA-SHA2-128f_signed-by_SLH-DSA-SHAKE-256s,SLH-DSA-SHA2-128f_signed-by_SLH-DSA-SHAKE-256s,204.855,6096.35,463.858,0.591837,45,0.459184,546.653,24,56261.4,55763.1,77556,77553
2,1,97,SLH-DSA-SHA2-128f_signed-by_SLH-DSA-SHAKE-256s,SLH-DSA-SHA2-128f_signed-by_SLH-DSA-SHAKE-256s,186.573,6693.73,464.461,0.419355,2,0.0215054,605.441,24,56276.5,55866.5,77556,77553
2,4,97,SLH-DSA-SHA2-128f_signed-by_SLH-DSA-SHAKE-256s,SLH-DSA-SHA2-128f_signed-by_SLH-DSA-SHAKE-256s,188.065,6640.63,599.111,0.295455,75,0.568182,525.485,24,56444.2,55773.9,77556,77553
2,7,89,SLH-DSA-SHA2-128f_signed-by_SLH-DSA-SHAKE-256s,SLH-DSA-SHA2-128f_signed-by_SLH-DSA-SHAKE-256s,190.703,6548.77,448.194,0.402174,0,0,598.13,21,56189,55723.4,77556,77553
2,3,95,SLH-DSA-SHA2-128f_signed-by_SLH-DSA-SHAKE-256s,SLH-DSA-SHA2-128f_signed-by_SLH-DSA-SHAKE-256s,191.631,6517.05,444.687,0.406593,0,0,496.769,24,56098.1,55861.9,77556,77553
2,1,98,SLH-DSA-SHA2-128f_signed-by_SLH-DSA-SHAKE-256s,SLH-DSA-SHA2-128f_signed-by_SLH-DSA-SHAKE-256s,188.731,6617.2,452.877,0.434783,0,0,428.13,24,56257.9,55828.8,77556,77553
2,4,98,SLH-DSA-SHA2-128f_signed-by_SLH-DSA-SHAKE-256s,SLH-DSA-SHA2-128f_signed-by_SLH-DSA-SHAKE-256s,192.541,6486.25,518.372,0.357143,41,0.366071,406.321,24,56505.2,56165.1,77556,77553
2,7,90,SLH-DSA-SHA2-128f_signed-by_SLH-DSA-SHAKE-256s,SLH-DSA-SHA2-128f_signed-by_SLH-DSA-SHAKE-256s,185.153,6745.08,491.096,0.421053,41,0.431579,598.463,21,56497.9,57712.2,77556,77553
2,3,96,SLH-DSA-SHA2-128f_signed-by_SLH-DSA-SHAKE-256s,SLH-DSA-SHA2-128f_signed-by_SLH-DSA-SHAKE-256s,185.805,6721.41,460.009,0.554348,0,0,536.87,24,56223.9,55599.5,77556,77553
2,4,99,SLH-DSA-SHA2-128f_signed-by_SLH-DSA-SHAKE-256s,SLH-DSA-SHA2-128f_signed-by_SLH-DSA-SHAKE-256s,179.652,6951.59,477.188,0.688172,0,0,442.387,24,56136.3,55746.8,77556,77553
2,1,99,SLH-DSA-SHA2-128f_signed-by_SLH-DSA-SHAKE-256s,SLH-DSA-SHA2-128f_signed-by_SLH-DSA-SHAKE-256s,199.071,6273.5,502.655,0.566372,41,0.362832,426.425,24,56061,55741.3,77556,77553
2,7,91,SLH-DSA-SHA2-128f_signed-by_SLH-DSA-SHAKE-256s,SLH-DSA-SHA2-128f_signed-by_SLH-DSA-SHAKE-256s,191.954,6506.07,475.529,1,23,0.242105,514.968,21,56120.7,55819.2,77556,77553
2,3,97,SLH-DSA-SHA2-128f_signed-by_SLH-DSA-SHAKE-256s,SLH-DSA-SHA2-128f_signed-by_SLH-DSA-SHAKE-256s,196.137,6367.31,557.893,1,66,0.52381,491.397,24,55987.3,55747,77556,77553
2,7,92,SLH-DSA-SHA2-128f_signed-by_SLH-DSA-SHAKE-256s,SLH-DSA-SHA2-128f_signed-by_SLH-DSA-SHAKE-256s,175.743,7106.22,539.24,0.804124,45,0.463918,624.928,21,56320.8,56035.2,77556,77553
2,3,98,SLH-DSA-SHA2-128f_signed-by_SLH-DSA-SHAKE-256s,SLH-DSA-SHA2-128f_signed-by_SLH-DSA-SHAKE-256s,180.423,6921.89,656.589,0.423077,111,0.853846,524.246,24,56164.3,55775.1,77556,77553
2,7,93,SLH-DSA-SHA2-128f_signed-by_SLH-DSA-SHAKE-256s,SLH-DSA-SHA2-128f_signed-by_SLH-DSA-SHAKE-256s,172.73,7230.16,499.922,0,0,0,400.042,21,56655.9,55904.5,77556,77553
2,3,99,SLH-DSA-SHA2-128f_signed-by_SLH-DSA-SHAKE-256s,SLH-DSA-SHA2-128f_signed-by_SLH-DSA-SHAKE-256s,172.949,7221,498.641,0,0,0,364.232,24,56399,56212.7,77556,77553
2,7,94,SLH-DSA-SHA2-128f_signed-by_SLH-DSA-SHAKE-256s,SLH-DSA-SHA2-128f_signed-by_SLH-DSA-SHAKE-256s,173.095,7214.91,492.305,0,0,0,581.912,21,56600.5,55803.4,77556,77553
2,7,95,SLH-DSA-SHA2-128f_signed-by_SLH-DSA-SHAKE-256s,SLH-DSA-SHA2-128f_signed-by_SLH-DSA-SHAKE-256s,172.403,7243.88,498.736,0,0,0,407.787,21,56557.5,55730.5,77556,77553
2,7,96,SLH-DSA-SHA2-128f_signed-by_SLH-DSA-SHAKE-256s,SLH-DSA-SHA2-128f_signed-by_SLH-DSA-SHAKE-256s,171.091,7299.44,499.569,0,0,0,598.13,21,56156.7,55763,77556,77553
2,7,97,SLH-DSA-SHA2-128f_signed-by_SLH-DSA-SHAKE-256s,SLH-DSA-SHA2-128f_signed-by_SLH-DSA-SHAKE-256s,172.999,7218.94,494.707,0,0,0,541.914,21,56092,56050.1,77556,77553
2,7,98,SLH-DSA-SHA2-128f_signed-by_SLH-DSA-SHAKE-256s,SLH-DSA-SHA2-128f_signed-by_SLH-DSA-SHAKE-256s,172.841,7225.55,497.474,0,0,0,403.191,21,56171,56016.7,77556,77553
2,7,99,SLH-DSA-SHA2-128f_signed-by_SLH-DSA-SHAKE-256s,SLH-DSA-SHA2-128f_signed-by_SLH-DSA-SHAKE-256s,172.597,7235.77,498.827,0,0,0,403.853,21,56162.9,55699.9,77556,77553
