scenario,node_id,handshake_index,sta_cert_algo,ap_cert_algo,handshake_delay_ms,goodput_kbps,throughput_kbps,phy_frame_drop_rate,mac_retries,mac_retry_rate,tx_delay_us,prop_delay_ns,cert_verify_ap_us,cert_verify_sta_us,server_cert_msg_bytes,client_cert_msg_bytes
2,8,0,SLH-DSA-SHAKE-192f_signed-by_ML-DSA-44,SLH-DSA-SHAKE-192f_signed-by_ML-DSA-44,307.242,2247.32,148.261,0.555556,10,0.15873,209.238,15,97801.4,97344.6,42656,42653
2,3,0,SLH-DSA-SHAKE-192f_signed-by_ML-DSA-44,SLH-DSA-SHAKE-192f_signed-by_ML-DSA-44,335.476,2058.18,147.086,0.507246,21,0.304348,185.014,24,97615,97184.7,42656,42653
2,6,0,SLH-DSA-SHAKE-192f_signed-by_ML-DSA-44,SLH-DSA-SHAKE-192f_signed-by_ML-DSA-44,353.899,1951.04,105.928,0.614035,0,0,236.316,8,98057.5,97490.8,42656,42653
2,7,0,SLH-DSA-SHAKE-192f_signed-by_ML-DSA-44,SLH-DSA-SHAKE-192f_signed-by_ML-DSA-44,372.273,1854.74,133.579,0.472973,17,0.22973,213.297,16,97482.2,97836,42656,42653
2,1,0,SLH-DSA-SHAKE-192f_signed-by_ML-DSA-44,SLH-DSA-SHAKE-192f_signed-by_ML-DSA-44,376.551,1833.67,132.062,0.466667,34,0.453333,220.133,24,97634.6,97669.5,42656,42653
2,5,0,SLH-DSA-SHAKE-192f_signed-by_ML-DSA-44,SLH-DSA-SHAKE-192f_signed-by_ML-DSA-44,378.452,1824.46,112.5,0.564516,7,0.112903,479.097,15,97595.6,98187.8,42656,42653
2,2,0,SLH-DSA-SHAKE-192f_signed-by_ML-DSA-44,SLH-DSA-SHAKE-192f_signed-by_ML-DSA-44,378.806,1822.76,100.357,0.603448,1,0.0172414,307.103,24,97467.2,97455,42656,42653
2,8,1,SLH-DSA-SHAKE-192f_signed-by_ML-DSA-44,SLH-DSA-SHAKE-192f_signed-by_ML-DSA-44,339.831,2031.81,181.502,1,13,0.2,386.369,15,97562.2,97995.8,42656,42653
2,3,1,SLH-DSA-SHAKE-192f_signed-by_ML-DSA-44,SLH-DSA-SHAKE-192f_signed-by_ML-DSA-44,327.617,2107.55,197.84,1,21,0.3,351.657,24,97969.2,97928.2,42656,42653
2,6,1,SLH-DSA-SHAKE-192f_signed-by_ML-DSA-44,SLH-DSA-SHAKE-192f_signed-by_ML-DSA-44,316.452,2181.91,179.844,1,0,0,387.404,9,97966,97302.8,42656,42653
2,7,1,SLH-DSA-SHAKE-192f_signed-by_ML-DSA-44,SLH-DSA-SHAKE-192f_signed-by_ML-DSA-44,304.666,2266.32,187.641,1,0,0,416.483,16,97527.4,97638.7,42656,42653
2,5,1,SLH-DSA-SHAKE-192f_signed-by_ML-DSA-44,SLH-DSA-SHAKE-192f_signed-by_ML-DSA-44,310.196,2225.92,200.441,1,0,0,1081.05,15,97491.8,97480.1,42656,42653
2,2,1,SLH-DSA-SHAKE-192f_signed-by_ML-DSA-44,SLH-DSA-SHAKE-192f_signed-by_ML-DSA-44,317.588,2174.11,244.19,1,177,2.52857,867.371,24,97570.7,97364.8,42656,42653
2,1,1,SLH-DSA-SHAKE-192f_signed-by_ML-DSA-44,SLH-DSA-SHAKE-192f_signed-by_ML-DSA-44,326.521,2114.63,215.165,1,44,0.619718,420.93,24,97495.8,97301.9,42656,42653
2,8,2,SLH-DSA-SHAKE-192f_signed-by_ML-DSA-44,SLH-DSA-SHAKE-192f_signed-by_ML-DSA-44,291.986,2364.74,194.913,1,0,0,410.842,16,97385.6,97376.8,42656,42653
2,3,2,SLH-DSA-SHAKE-192f_signed-by_ML-DSA-44,SLH-DSA-SHAKE-192f_signed-by_ML-DSA-44,292.22,2362.84,195.633,1,0,0,387.172,24,97995.2,97458.6,42656,42653
2,6,2,SLH-DSA-SHAKE-192f_signed-by_ML-DSA-44,SLH-DSA-SHAKE-192f_signed-by_ML-DSA-44,294.184,2347.07,232.888,1,45,0.703125,359.938,9,97625.6,97296.2,42656,42653
2,7,2,SLH-DSA-SHAKE-192f_signed-by_ML-DSA-44,SLH-DSA-SHAKE-192f_signed-by_ML-DSA-44,296.837,2326.09,192.967,1,0,0,384.169,16,97530.3,97359,42656,42653
2,5,2,SLH-DSA-SHAKE-192f_signed-by_ML-DSA-44,SLH-DSA-SHAKE-192f_signed-by_ML-DSA-44,294.772,2342.39,193.071,1,0,0,845.158,15,97537.9,97282.1,42656,42653
2,1,2,SLH-DSA-SHAKE-192f_signed-by_ML-DSA-44,SLH-DSA-SHAKE-192f_signed-by_ML-DSA-44,307.529,2245.22,251.761,0.888889,124,1.53086,558.049,24,97740.4,97416,42656,42653
2,2,2,SLH-DSA-SHAKE-192f_signed-by_ML-DSA-44,SLH-DSA-SHAKE-192f_signed-by_ML-DSA-44,315.102,2191.26,220.779,1,21,0.3,586.229,24,97545.7,97460,42656,42653
2,8,3,SLH-DSA-SHAKE-192f_signed-by_ML-DSA-44,SLH-DSA-SHAKE-192f_signed-by_ML-DSA-44,301.298,2291.65,188.889,0.982456,0,0,393.298,17,97950.6,98327.5,42656,42653
2,3,3,SLH-DSA-SHAKE-192f_signed-by_ML-DSA-44,SLH-DSA-SHAKE-192f_signed-by_ML-DSA-44,292.319,2362.04,194.691,0.982456,0,0,414.561,24,97542.4,97530.5,42656,42653
2,6,3,SLH-DSA-SHAKE-192f_signed-by_ML-DSA-44,SLH-DSA-SHAKE-192f_signed-by_ML-DSA-44,292.563,2360.08,195.404,0.965517,0,0,348.276,10,97848.2,98284.4,42656,42653
2,7,3,SLH-DSA-SHAKE-192f_signed-by_ML-DSA-44,SLH-DSA-SHAKE-192f_signed-by_ML-DSA-44,291.851,2365.84,195.004,0.982456,0,0,393.298,17,97462.1,97576.8,42656,42653
2,5,3,SLH-DSA-SHAKE-192f_signed-by_ML-DSA-44,SLH-DSA-SHAKE-192f_signed-by_ML-DSA-44,291.801,2366.24,195.914,0.965517,0,0,552.69,15,97875.6,97299.8,42656,42653
2,4,0,SLH-DSA-SHAKE-192f_signed-by_ML-DSA-44,SLH-DSA-SHAKE-192f_signed-by_ML-DSA-44,1294.88,533.232,34.8078,1,22,0.318841,204.087,24,97849.7,97482.3,42656,42653
2,1,3,SLH-DSA-SHAKE-192f_signed-by_ML-DSA-44,SLH-DSA-SHAKE-192f_signed-by_ML-DSA-44,295.801,2334.24,204.948,0.888889,5,0.0793651,395.651,24,97600.6,97529.1,42656,42653
2,2,3,SLH-DSA-SHAKE-192f_signed-by_ML-DSA-44,SLH-DSA-SHAKE-192f_signed-by_ML-DSA-44,300.911,2294.6,225.449,0.918033,83,1.36066,788.82,24,97686.8,97351.2,42656,42653
2,8,4,SLH-DSA-SHAKE-192f_signed-by_ML-DSA-44,SLH-DSA-SHAKE-192f_signed-by_ML-DSA-44,291.069,2372.19,196.407,0.551724,0,0,348.276,17,97679.6,97183.3,42656,42653
2,3,4,SLH-DSA-SHAKE-192f_signed-by_ML-DSA-44,SLH-DSA-SHAKE-192f_signed-by_ML-DSA-44,293.711,2350.85,193.768,0.561404,0,0,393.298,24,97566.6,97269.8,42656,42653
2,6,4,SLH-DSA-SHAKE-192f_signed-by_ML-DSA-44,SLH-DSA-SHAKE-192f_signed-by_ML-DSA-44,294.521,2344.38,193.235,0.561404,0,0,393.298,10,97617.8,97674.8,42656,42653
2,7,4,SLH-DSA-SHAKE-192f_signed-by_ML-DSA-44,SLH-DSA-SHAKE-192f_signed-by_ML-DSA-44,294.818,2342.02,205.903,0.507937,11,0.174603,365.175,18,97546.3,97637,42656,42653
2,5,4,SLH-DSA-SHAKE-192f_signed-by_ML-DSA-44,SLH-DSA-SHAKE-192f_signed-by_ML-DSA-44,294.224,2346.75,206.318,0.507937,11,0.174603,586.571,15,97596.2,97552.3,42656,42653
2,4,1,SLH-DSA-SHAKE-192f_signed-by_ML-DSA-44,SLH-DSA-SHAKE-192f_signed-by_ML-DSA-44,291.893,2365.49,194.975,0.561404,0,0,479.684,24,98251.6,97354.4,42656,42653
2,1,4,SLH-DSA-SHAKE-192f_signed-by_ML-DSA-44,SLH-DSA-SHAKE-192f_signed-by_ML-DSA-44,292.272,2362.43,195.598,0.551724,0,0,424.552,24,97739.4,97647.2,42656,42653
2,2,4,SLH-DSA-SHAKE-192f_signed-by_ML-DSA-44,SLH-DSA-SHAKE-192f_signed-by_ML-DSA-44,298.431,2313.67,220.995,0.52459,45,0.737705,786.787,24,97946.6,97998.2,42656,42653
2,8,5,SLH-DSA-SHAKE-192f_signed-by_ML-DSA-44,SLH-DSA-SHAKE-192f_signed-by_ML-DSA-44,292.193,2363.06,195.651,0,0,0,348.276,18,98035,97889.2,42656,42653
2,3,5,SLH-DSA-SHAKE-192f_signed-by_ML-DSA-44,SLH-DSA-SHAKE-192f_signed-by_ML-DSA-44,291.525,2368.47,195.221,0,0,0,393.298,24,97844.2,97479.7,42656,42653
2,6,5,SLH-DSA-SHAKE-192f_signed-by_ML-DSA-44,SLH-DSA-SHAKE-192f_signed-by_ML-DSA-44,291.369,2369.74,196.204,0,0,0,348.276,10,97442.4,97305,42656,42653
2,7,5,SLH-DSA-SHAKE-192f_signed-by_ML-DSA-44,SLH-DSA-SHAKE-192f_signed-by_ML-DSA-44,295.729,2334.81,192.446,0,0,0,393.298,18,97435.2,97254.4,42656,42653
2,5,5,SLH-DSA-SHAKE-192f_signed-by_ML-DSA-44,SLH-DSA-SHAKE-192f_signed-by_ML-DSA-44,294.409,2345.27,193.309,0,0,0,557.93,15,97854.4,97321.8,42656,42653
2,4,2,SLH-DSA-SHAKE-192f_signed-by_ML-DSA-44,SLH-DSA-SHAKE-192f_signed-by_ML-DSA-44,292.546,2360.22,195.415,0.206897,0,0,403.586,24,97510.7,97652.6,42656,42653
2,1,5,SLH-DSA-SHAKE-192f_signed-by_ML-DSA-44,SLH-DSA-SHAKE-192f_signed-by_ML-DSA-44,291.528,2368.46,195.22,0.210526,0,0,431.333,24,97503.7,97409.2,42656,42653
2,2,5,SLH-DSA-SHAKE-192f_signed-by_ML-DSA-44,SLH-DSA-SHAKE-192f_signed-by_ML-DSA-44,291.954,2365,194.935,0.210526,0,0,617.158,24,97719.2,97313.5,42656,42653
2,8,6,SLH-DSA-SHAKE-192f_signed-by_ML-DSA-44,SLH-DSA-SHAKE-192f_signed-by_ML-DSA-44,290.818,2374.24,195.696,0.210526,0,0,393.298,18,97570.5,97323,42656,42653
2,3,6,SLH-DSA-SHAKE-192f_signed-by_ML-DSA-44,SLH-DSA-SHAKE-192f_signed-by_ML-DSA-44,291.871,2365.67,194.99,0.210526,0,0,393.298,24,97500.6,97369.5,42656,42653
2,6,6,SLH-DSA-SHAKE-192f_signed-by_ML-DSA-44,SLH-DSA-SHAKE-192f_signed-by_ML-DSA-44,291.515,2368.56,196.106,0.206897,0,0,348.276,10,97743.2,97624.4,42656,42653
2,7,6,SLH-DSA-SHAKE-192f_signed-by_ML-DSA-44,SLH-DSA-SHAKE-192f_signed-by_ML-DSA-44,292.219,2362.86,197.222,0.206897,1,0.0172414,387.448,19,97654.2,98059,42656,42653
2,5,6,SLH-DSA-SHAKE-192f_signed-by_ML-DSA-44,SLH-DSA-SHAKE-192f_signed-by_ML-DSA-44,297.359,2322.01,212.268,0.196721,23,0.377049,408.82,16,97799,97537.1,42656,42653
2,4,3,SLH-DSA-SHAKE-192f_signed-by_ML-DSA-44,SLH-DSA-SHAKE-192f_signed-by_ML-DSA-44,291.951,2365.02,195.813,0,0,0,382.345,24,97937.5,97346.6,42656,42653
2,1,6,SLH-DSA-SHAKE-192f_signed-by_ML-DSA-44,SLH-DSA-SHAKE-192f_signed-by_ML-DSA-44,292.303,2362.17,194.702,0,0,0,442.561,24,98784.5,97502.8,42656,42653
2,2,6,SLH-DSA-SHAKE-192f_signed-by_ML-DSA-44,SLH-DSA-SHAKE-192f_signed-by_ML-DSA-44,292.142,2363.47,195.685,0,0,0,435.655,24,97506.6,97303,42656,42653
2,8,7,SLH-DSA-SHAKE-192f_signed-by_ML-DSA-44,SLH-DSA-SHAKE-192f_signed-by_ML-DSA-44,291.667,2367.32,195.126,0,0,0,393.298,19,97529.4,97372.9,42656,42653
2,3,7,SLH-DSA-SHAKE-192f_signed-by_ML-DSA-44,SLH-DSA-SHAKE-192f_signed-by_ML-DSA-44,291.42,2369.33,195.292,0,0,0,405.509,24,97903.8,97476,42656,42653
2,6,7,SLH-DSA-SHAKE-192f_signed-by_ML-DSA-44,SLH-DSA-SHAKE-192f_signed-by_ML-DSA-44,291.698,2367.07,195.983,0,0,0,348.276,10,97507.2,97413.4,42656,42653
2,7,7,SLH-DSA-SHAKE-192f_signed-by_ML-DSA-44,SLH-DSA-SHAKE-192f_signed-by_ML-DSA-44,292.139,2363.5,194.811,0,0,0,405.579,19,97845.2,97673.7,42656,42653
2,5,7,SLH-DSA-SHAKE-192f_signed-by_ML-DSA-44,SLH-DSA-SHAKE-192f_signed-by_ML-DSA-44,291.218,2370.98,196.306,0,0,0,382.345,16,97782.6,97472.6,42656,42653
2,4,4,SLH-DSA-SHAKE-192f_signed-by_ML-DSA-44,SLH-DSA-SHAKE-192f_signed-by_ML-DSA-44,294.567,2344.02,194.075,0,0,0,382.345,24,97761,97316.8,42656,42653
2,1,7,SLH-DSA-SHAKE-192f_signed-by_ML-DSA-44,SLH-DSA-SHAKE-192f_signed-by_ML-DSA-44,291.956,2364.98,195.81,0,0,0,382.345,24,97568.8,97366.6,42656,42653
2,2,7,SLH-DSA-SHAKE-192f_signed-by_ML-DSA-44,SLH-DSA-SHAKE-192f_signed-by_ML-DSA-44,291.542,2368.34,196.088,0,0,0,424.207,24,97518.7,97548.5,42656,42653
2,8,8,SLH-DSA-SHAKE-192f_signed-by_ML-DSA-44,SLH-DSA-SHAKE-192f_signed-by_ML-DSA-44,291.346,2369.94,196.22,0,0,0,348.276,18,97618.7,97355,42656,42653
2,3,8,SLH-DSA-SHAKE-192f_signed-by_ML-DSA-44,SLH-DSA-SHAKE-192f_signed-by_ML-DSA-44,291.507,2368.63,196.112,0,0,0,348.276,24,97471.9,97357,42656,42653
2,6,8,SLH-DSA-SHAKE-192f_signed-by_ML-DSA-44,SLH-DSA-SHAKE-192f_signed-by_ML-DSA-44,291.58,2368.04,196.063,0,0,0,348.276,10,97715.4,97327.8,42656,42653
2,7,8,SLH-DSA-SHAKE-192f_signed-by_ML-DSA-44,SLH-DSA-SHAKE-192f_signed-by_ML-DSA-44,291.938,2365.13,194.945,0,0,0,393.298,19,98176.3,97656.2,42656,42653
2,5,8,SLH-DSA-SHAKE-192f_signed-by_ML-DSA-44,SLH-DSA-SHAKE-192f_signed-by_ML-DSA-44,293.282,2354.29,194.925,0,0,0,382.345,16,97750.4,97921,42656,42653
2,4,5,SLH-DSA-SHAKE-192f_signed-by_ML-DSA-44,SLH-DSA-SHAKE-192f_signed-by_ML-DSA-44,291.533,2368.42,196.094,0,0,0,362.621,24,97497,97424,42656,42653
2,1,8,SLH-DSA-SHAKE-192f_signed-by_ML-DSA-44,SLH-DSA-SHAKE-192f_signed-by_ML-DSA-44,291.782,2366.4,195.927,0,0,0,382.345,24,97548.2,97385.9,42656,42653
2,2,8,SLH-DSA-SHAKE-192f_signed-by_ML-DSA-44,SLH-DSA-SHAKE-192f_signed-by_ML-DSA-44,296.056,2332.23,192.234,0,0,0,454.281,24,97521.3,97274.2,42656,42653
2,8,9,SLH-DSA-SHAKE-192f_signed-by_ML-DSA-44,SLH-DSA-SHAKE-192f_signed-by_ML-DSA-44,294.525,2344.36,194.102,0.189655,0,0,512.552,17,97598.2,97252.1,42656,42653
2,3,9,SLH-DSA-SHAKE-192f_signed-by_ML-DSA-44,SLH-DSA-SHAKE-192f_signed-by_ML-DSA-44,293.165,2355.23,195.003,0.189655,0,0,348.276,24,97643.7,97656.5,42656,42653
2,6,9,SLH-DSA-SHAKE-192f_signed-by_ML-DSA-44,SLH-DSA-SHAKE-192f_signed-by_ML-DSA-44,292.428,2361.17,195.494,0.189655,0,0,348.552,9,97602.7,97269.1,42656,42653
2,7,9,SLH-DSA-SHAKE-192f_signed-by_ML-DSA-44,SLH-DSA-SHAKE-192f_signed-by_ML-DSA-44,292.401,2361.39,194.637,0.192982,0,0,393.298,18,97542.4,98340.5,42656,42653
2,5,9,SLH-DSA-SHAKE-192f_signed-by_ML-DSA-44,SLH-DSA-SHAKE-192f_signed-by_ML-DSA-44,291.306,2370.26,196.247,0.189655,0,0,385.379,16,97629.8,97432.1,42656,42653
2,4,6,SLH-DSA-SHAKE-192f_signed-by_ML-DSA-44,SLH-DSA-SHAKE-192f_signed-by_ML-DSA-44,290.939,2373.25,196.495,0.189655,0,0,348.276,24,97735.6,97151.8,42656,42653
2,1,9,SLH-DSA-SHAKE-192f_signed-by_ML-DSA-44,SLH-DSA-SHAKE-192f_signed-by_ML-DSA-44,291.451,2369.08,195.271,0.192982,0,0,431.333,24,98094.1,97423.6,42656,42653
2,2,9,SLH-DSA-SHAKE-192f_signed-by_ML-DSA-44,SLH-DSA-SHAKE-192f_signed-by_ML-DSA-44,291.551,2368.27,213.918,0.183333,21,0.35,432.267,24,97847.7,97397.3,42656,42653
2,8,10,SLH-DSA-SHAKE-192f_signed-by_ML-DSA-44,SLH-DSA-SHAKE-192f_signed-by_ML-DSA-44,296.657,2327.5,217.409,0.449275,22,0.318841,341.536,17,97583,97494.9,42656,42653
2,6,10,SLH-DSA-SHAKE-192f_signed-by_ML-DSA-44,SLH-DSA-SHAKE-192f_signed-by_ML-DSA-44,292.765,2358.44,214.069,0.476923,8,0.123077,359.292,9,97637.3,97381,42656,42653
2,3,10,SLH-DSA-SHAKE-192f_signed-by_ML-DSA-44,SLH-DSA-SHAKE-192f_signed-by_ML-DSA-44,304.152,2270.15,248.192,0.364706,53,0.623529,337.906,24,97598.5,97259.2,42656,42653
2,7,10,SLH-DSA-SHAKE-192f_signed-by_ML-DSA-44,SLH-DSA-SHAKE-192f_signed-by_ML-DSA-44,291.545,2368.32,195.208,0.54386,0,0,393.298,18,97521,97277,42656,42653
2,5,10,SLH-DSA-SHAKE-192f_signed-by_ML-DSA-44,SLH-DSA-SHAKE-192f_signed-by_ML-DSA-44,290.897,2373.6,196.523,0.551724,0,0,382.345,17,97495.4,97292.6,42656,42653
2,4,7,SLH-DSA-SHAKE-192f_signed-by_ML-DSA-44,SLH-DSA-SHAKE-192f_signed-by_ML-DSA-44,291.198,2371.14,196.32,0.741379,0,0,348.276,24,98016.7,97741.2,42656,42653
2,1,10,SLH-DSA-SHAKE-192f_signed-by_ML-DSA-44,SLH-DSA-SHAKE-192f_signed-by_ML-DSA-44,291.175,2371.33,196.335,0.741379,0,0,382.345,24,97381,97359.9,42656,42653
2,2,10,SLH-DSA-SHAKE-192f_signed-by_ML-DSA-44,SLH-DSA-SHAKE-192f_signed-by_ML-DSA-44,293.955,2348.9,194.479,0.741379,0,0,592.276,24,97783.5,98954.2,42656,42653
2,8,11,SLH-DSA-SHAKE-192f_signed-by_ML-DSA-44,SLH-DSA-SHAKE-192f_signed-by_ML-DSA-44,290.676,2375.4,196.673,0.206897,0,0,348.276,16,97497.7,97198.7,42656,42653
2,6,11,SLH-DSA-SHAKE-192f_signed-by_ML-DSA-44,SLH-DSA-SHAKE-192f_signed-by_ML-DSA-44,293.968,2348.79,194.47,0.206897,0,0,348.276,9,97585.8,97664.6,42656,42653
2,3,11,SLH-DSA-SHAKE-192f_signed-by_ML-DSA-44,SLH-DSA-SHAKE-192f_signed-by_ML-DSA-44,298.627,2312.15,192.989,0.206897,1,0.0172414,395.724,24,97560,97418.9,42656,42653
2,7,11,SLH-DSA-SHAKE-192f_signed-by_ML-DSA-44,SLH-DSA-SHAKE-192f_signed-by_ML-DSA-44,297.128,2323.81,205.325,0.2,2,0.0333333,377.8,17,97606.6,97747.5,42656,42653
2,5,11,SLH-DSA-SHAKE-192f_signed-by_ML-DSA-44,SLH-DSA-SHAKE-192f_signed-by_ML-DSA-44,293.165,2355.23,214.431,0.35,23,0.383333,444.733,17,97509.8,97453.5,42656,42653
2,4,8,SLH-DSA-SHAKE-192f_signed-by_ML-DSA-44,SLH-DSA-SHAKE-192f_signed-by_ML-DSA-44,295.79,2334.32,192.406,0.192982,0,0,393.509,24,98063.8,97402.3,42656,42653
2,1,11,SLH-DSA-SHAKE-192f_signed-by_ML-DSA-44,SLH-DSA-SHAKE-192f_signed-by_ML-DSA-44,293.87,2349.58,193.663,0.192982,0,0,419.404,24,98008.9,97798.6,42656,42653
2,2,11,SLH-DSA-SHAKE-192f_signed-by_ML-DSA-44,SLH-DSA-SHAKE-192f_signed-by_ML-DSA-44,291.89,2365.51,195.854,1,0,0,424.207,24,98273.2,97800.9,42656,42653
2,8,12,SLH-DSA-SHAKE-192f_signed-by_ML-DSA-44,SLH-DSA-SHAKE-192f_signed-by_ML-DSA-44,291.65,2367.47,196.016,1,0,0,348.276,16,97816.1,97607.2,42656,42653
2,6,12,SLH-DSA-SHAKE-192f_signed-by_ML-DSA-44,SLH-DSA-SHAKE-192f_signed-by_ML-DSA-44,291.462,2368.99,196.142,1,0,0,348.276,9,97940.2,97762.6,42656,42653
2,3,12,SLH-DSA-SHAKE-192f_signed-by_ML-DSA-44,SLH-DSA-SHAKE-192f_signed-by_ML-DSA-44,293.747,2350.57,211.447,1,21,0.355932,397.254,24,98015.9,97405.7,42656,42653
2,7,12,SLH-DSA-SHAKE-192f_signed-by_ML-DSA-44,SLH-DSA-SHAKE-192f_signed-by_ML-DSA-44,294.731,2342.72,197.278,1,1,0.0166667,341.533,17,97444.9,97244.3,42656,42653
2,5,12,SLH-DSA-SHAKE-192f_signed-by_ML-DSA-44,SLH-DSA-SHAKE-192f_signed-by_ML-DSA-44,295.746,2334.68,193.301,1,0,0,424.552,16,97630.5,97375.3,42656,42653
2,4,9,SLH-DSA-SHAKE-192f_signed-by_ML-DSA-44,SLH-DSA-SHAKE-192f_signed-by_ML-DSA-44,291.457,2369.03,215.744,0.919355,69,1.1129,473.419,24,97862.9,97263.5,42656,42653
2,1,12,SLH-DSA-SHAKE-192f_signed-by_ML-DSA-44,SLH-DSA-SHAKE-192f_signed-by_ML-DSA-44,301.902,2287.07,218.455,0.934426,45,0.737705,458.525,24,97966.9,97188.8,42656,42653
2,2,12,SLH-DSA-SHAKE-192f_signed-by_ML-DSA-44,SLH-DSA-SHAKE-192f_signed-by_ML-DSA-44,293.974,2348.75,194.466,0,0,0,424.207,24,98126.6,97576.2,42656,42653
2,8,13,SLH-DSA-SHAKE-192f_signed-by_ML-DSA-44,SLH-DSA-SHAKE-192f_signed-by_ML-DSA-44,291.699,2367.06,195.982,0,0,0,348.345,17,97665,97911.6,42656,42653
2,6,13,SLH-DSA-SHAKE-192f_signed-by_ML-DSA-44,SLH-DSA-SHAKE-192f_signed-by_ML-DSA-44,291.685,2367.18,195.992,0,0,0,349.103,9,97419.1,97408.6,42656,42653
2,3,13,SLH-DSA-SHAKE-192f_signed-by_ML-DSA-44,SLH-DSA-SHAKE-192f_signed-by_ML-DSA-44,291.074,2372.15,196.403,0,0,0,348.276,24,97714,97415.4,42656,42653
2,7,13,SLH-DSA-SHAKE-192f_signed-by_ML-DSA-44,SLH-DSA-SHAKE-192f_signed-by_ML-DSA-44,291.56,2368.19,196.076,0,0,0,348.276,18,98052.4,97197.9,42656,42653
2,5,13,SLH-DSA-SHAKE-192f_signed-by_ML-DSA-44,SLH-DSA-SHAKE-192f_signed-by_ML-DSA-44,294.557,2344.1,193.212,0,0,0,431.333,16,97832.1,97692.2,42656,42653
2,4,10,SLH-DSA-SHAKE-192f_signed-by_ML-DSA-44,SLH-DSA-SHAKE-192f_signed-by_ML-DSA-44,292.928,2357.13,195.16,0,0,0,348.276,24,97464,97317,42656,42653
2,1,13,SLH-DSA-SHAKE-192f_signed-by_ML-DSA-44,SLH-DSA-SHAKE-192f_signed-by_ML-DSA-44,291.396,2369.52,196.186,0,0,0,348.276,24,97839.3,97319.5,42656,42653
2,2,13,SLH-DSA-SHAKE-192f_signed-by_ML-DSA-44,SLH-DSA-SHAKE-192f_signed-by_ML-DSA-44,294.608,2343.69,193.178,0,0,0,479.684,24,97644.6,98042.1,42656,42653
2,8,14,SLH-DSA-SHAKE-192f_signed-by_ML-DSA-44,SLH-DSA-SHAKE-192f_signed-by_ML-DSA-44,294.586,2343.86,193.193,0,0,0,393.298,17,97576,98123.1,42656,42653
2,6,14,SLH-DSA-SHAKE-192f_signed-by_ML-DSA-44,SLH-DSA-SHAKE-192f_signed-by_ML-DSA-44,291.943,2365.08,195.818,0,0,0,348.483,9,97567.9,97633.2,42656,42653
2,3,14,SLH-DSA-SHAKE-192f_signed-by_ML-DSA-44,SLH-DSA-SHAKE-192f_signed-by_ML-DSA-44,292.32,2362.03,195.566,0,0,0,348.276,24,97702.8,97339.5,42656,42653
2,7,14,SLH-DSA-SHAKE-192f_signed-by_ML-DSA-44,SLH-DSA-SHAKE-192f_signed-by_ML-DSA-44,292.268,2362.45,195.601,0,0,0,348.276,19,97994.5,97383.3,42656,42653
2,5,14,SLH-DSA-SHAKE-192f_signed-by_ML-DSA-44,SLH-DSA-SHAKE-192f_signed-by_ML-DSA-44,291.481,2368.83,196.129,0,0,0,373.931,15,97682.4,97302.8,42656,42653
2,4,11,SLH-DSA-SHAKE-192f_signed-by_ML-DSA-44,SLH-DSA-SHAKE-192f_signed-by_ML-DSA-44,294.853,2341.74,193.886,0,0,0,348.276,24,97655.1,97756.3,42656,42653
2,1,14,SLH-DSA-SHAKE-192f_signed-by_ML-DSA-44,SLH-DSA-SHAKE-192f_signed-by_ML-DSA-44,291.244,2370.76,196.288,0,0,0,348.276,24,97796.9,97536.7,42656,42653
2,2,14,SLH-DSA-SHAKE-192f_signed-by_ML-DSA-44,SLH-DSA-SHAKE-192f_signed-by_ML-DSA-44,291.294,2370.35,195.376,0,0,0,464.947,24,97937.1,97294.5,42656,42653
2,8,15,SLH-DSA-SHAKE-192f_signed-by_ML-DSA-44,SLH-DSA-SHAKE-192f_signed-by_ML-DSA-44,291.252,2370.7,196.283,0,0,0,348.276,18,98021.4,97393.8,42656,42653
2,6,15,SLH-DSA-SHAKE-192f_signed-by_ML-DSA-44,SLH-DSA-SHAKE-192f_signed-by_ML-DSA-44,291.325,2370.1,196.234,0,0,0,348.276,9,98328,97322.2,42656,42653
2,3,15,SLH-DSA-SHAKE-192f_signed-by_ML-DSA-44,SLH-DSA-SHAKE-192f_signed-by_ML-DSA-44,291.665,2367.34,196.005,0,0,0,348.276,24,98014.4,97370,42656,42653
2,7,15,SLH-DSA-SHAKE-192f_signed-by_ML-DSA-44,SLH-DSA-SHAKE-192f_signed-by_ML-DSA-44,291.316,2370.17,196.24,0,0,0,348.276,19,97518.8,97434.3,42656,42653
2,5,15,SLH-DSA-SHAKE-192f_signed-by_ML-DSA-44,SLH-DSA-SHAKE-192f_signed-by_ML-DSA-44,292.459,2360.91,194.598,0,0,0,393.298,15,97563.5,97672.6,42656,42653
2,4,12,SLH-DSA-SHAKE-192f_signed-by_ML-DSA-44,SLH-DSA-SHAKE-192f_signed-by_ML-DSA-44,292.232,2362.75,195.625,0,0,0,348.276,24,97798.8,98062.7,42656,42653
2,1,15,SLH-DSA-SHAKE-192f_signed-by_ML-DSA-44,SLH-DSA-SHAKE-192f_signed-by_ML-DSA-44,295.104,2339.75,193.721,0,0,0,570.552,24,97598.2,97452.8,42656,42653
2,2,15,SLH-DSA-SHAKE-192f_signed-by_ML-DSA-44,SLH-DSA-SHAKE-192f_signed-by_ML-DSA-44,291.389,2369.58,196.191,0,0,0,382.345,24,97587.2,97507.3,42656,42653
2,8,16,SLH-DSA-SHAKE-192f_signed-by_ML-DSA-44,SLH-DSA-SHAKE-192f_signed-by_ML-DSA-44,291.37,2369.74,196.204,0,0,0,348.276,19,97702.2,97396.9,42656,42653
2,6,16,SLH-DSA-SHAKE-192f_signed-by_ML-DSA-44,SLH-DSA-SHAKE-192f_signed-by_ML-DSA-44,291.524,2368.49,196.1,0,0,0,348.276,10,97673.3,97364.7,42656,42653
2,3,16,SLH-DSA-SHAKE-192f_signed-by_ML-DSA-44,SLH-DSA-SHAKE-192f_signed-by_ML-DSA-44,291.055,2372.31,196.416,0,0,0,451.241,24,97566.2,97316.3,42656,42653
2,7,16,SLH-DSA-SHAKE-192f_signed-by_ML-DSA-44,SLH-DSA-SHAKE-192f_signed-by_ML-DSA-44,294.05,2348.14,193.545,0,0,0,579.965,20,97951.5,97668.7,42656,42653
2,5,16,SLH-DSA-SHAKE-192f_signed-by_ML-DSA-44,SLH-DSA-SHAKE-192f_signed-by_ML-DSA-44,292.364,2361.69,195.537,0,0,0,348.276,14,97683.5,98002.2,42656,42653
2,4,13,SLH-DSA-SHAKE-192f_signed-by_ML-DSA-44,SLH-DSA-SHAKE-192f_signed-by_ML-DSA-44,292.733,2358.71,195.291,0,0,0,355.862,24,97703.6,97785.8,42656,42653
2,1,16,SLH-DSA-SHAKE-192f_signed-by_ML-DSA-44,SLH-DSA-SHAKE-192f_signed-by_ML-DSA-44,291.507,2368.63,196.112,0,0,0,348.276,24,97659.8,97365.2,42656,42653
2,2,16,SLH-DSA-SHAKE-192f_signed-by_ML-DSA-44,SLH-DSA-SHAKE-192f_signed-by_ML-DSA-44,291.111,2371.85,196.379,0,0,0,382.345,24,97649.4,97176.5,42656,42653
2,8,17,SLH-DSA-SHAKE-192f_signed-by_ML-DSA-44,SLH-DSA-SHAKE-192f_signed-by_ML-DSA-44,293.174,2355.16,194.997,0,0,0,362.069,19,97651.9,97226.5,42656,42653
2,6,17,SLH-DSA-SHAKE-192f_signed-by_ML-DSA-44,SLH-DSA-SHAKE-192f_signed-by_ML-DSA-44,291.712,2366.96,195.974,0,0,0,355.862,10,97893.6,97330,42656,42653
2,3,17,SLH-DSA-SHAKE-192f_signed-by_ML-DSA-44,SLH-DSA-SHAKE-192f_signed-by_ML-DSA-44,292.05,2364.22,194.87,0,0,0,393.298,24,97637.6,97898.7,42656,42653
2,7,17,SLH-DSA-SHAKE-192f_signed-by_ML-DSA-44,SLH-DSA-SHAKE-192f_signed-by_ML-DSA-44,293.181,2355.1,194.118,0.0175439,0,0,393.298,20,97818.3,97451.7,42656,42653
2,5,17,SLH-DSA-SHAKE-192f_signed-by_ML-DSA-44,SLH-DSA-SHAKE-192f_signed-by_ML-DSA-44,292.945,2356.99,194.275,0.0175439,0,0,393.298,14,97690.7,98832.3,42656,42653
2,4,14,SLH-DSA-SHAKE-192f_signed-by_ML-DSA-44,SLH-DSA-SHAKE-192f_signed-by_ML-DSA-44,291.353,2369.87,196.215,0.0172414,0,0,348.276,24,97556.6,97324.1,42656,42653
2,1,17,SLH-DSA-SHAKE-192f_signed-by_ML-DSA-44,SLH-DSA-SHAKE-192f_signed-by_ML-DSA-44,292.293,2362.25,195.584,0.0172414,0,0,348.276,24,97819.3,97294.3,42656,42653
2,2,17,SLH-DSA-SHAKE-192f_signed-by_ML-DSA-44,SLH-DSA-SHAKE-192f_signed-by_ML-DSA-44,292.019,2364.47,195.767,0.0172414,0,0,382.345,24,97912.4,97443.2,42656,42653
2,8,18,SLH-DSA-SHAKE-192f_signed-by_ML-DSA-44,SLH-DSA-SHAKE-192f_signed-by_ML-DSA-44,291.693,2367.11,195.986,0.0172414,0,0,348.276,20,97542,97393.2,42656,42653
2,6,18,SLH-DSA-SHAKE-192f_signed-by_ML-DSA-44,SLH-DSA-SHAKE-192f_signed-by_ML-DSA-44,295.083,2339.92,195.308,0.0172414,1,0.0172414,387.448,11,98016.7,97206.9,42656,42653
2,3,18,SLH-DSA-SHAKE-192f_signed-by_ML-DSA-44,SLH-DSA-SHAKE-192f_signed-by_ML-DSA-44,293.383,2353.48,193.985,0.0175439,0,0,393.298,24,97859.4,97479.6,42656,42653
2,7,18,SLH-DSA-SHAKE-192f_signed-by_ML-DSA-44,SLH-DSA-SHAKE-192f_signed-by_ML-DSA-44,291.368,2369.76,196.205,0,0,0,348.276,20,97946.3,97415.8,42656,42653
2,5,18,SLH-DSA-SHAKE-192f_signed-by_ML-DSA-44,SLH-DSA-SHAKE-192f_signed-by_ML-DSA-44,291.747,2366.68,195.95,0,0,0,385.448,14,97684.5,97327.5,42656,42653
2,4,15,SLH-DSA-SHAKE-192f_signed-by_ML-DSA-44,SLH-DSA-SHAKE-192f_signed-by_ML-DSA-44,292.686,2359.09,195.322,0,0,0,348.276,24,97608.3,98509.9,42656,42653
2,1,18,SLH-DSA-SHAKE-192f_signed-by_ML-DSA-44,SLH-DSA-SHAKE-192f_signed-by_ML-DSA-44,291.531,2368.43,196.096,0,0,0,348.276,24,97867.2,97437.7,42656,42653
2,2,18,SLH-DSA-SHAKE-192f_signed-by_ML-DSA-44,SLH-DSA-SHAKE-192f_signed-by_ML-DSA-44,292.851,2357.76,194.338,0,0,0,546.421,24,97567.5,97348.3,42656,42653
2,8,19,SLH-DSA-SHAKE-192f_signed-by_ML-DSA-44,SLH-DSA-SHAKE-192f_signed-by_ML-DSA-44,290.954,2373.13,196.484,0,0,0,348.276,20,98076.1,97346.1,42656,42653
2,6,19,SLH-DSA-SHAKE-192f_signed-by_ML-DSA-44,SLH-DSA-SHAKE-192f_signed-by_ML-DSA-44,291.853,2365.81,195.879,0,0,0,348.276,11,97622.1,97265.7,42656,42653
2,3,19,SLH-DSA-SHAKE-192f_signed-by_ML-DSA-44,SLH-DSA-SHAKE-192f_signed-by_ML-DSA-44,293.335,2353.86,194.016,0,0,0,393.298,24,97535.3,98117.8,42656,42653
2,7,19,SLH-DSA-SHAKE-192f_signed-by_ML-DSA-44,SLH-DSA-SHAKE-192f_signed-by_ML-DSA-44,292.987,2356.66,195.121,0,0,0,348.276,20,97595.4,97828.4,42656,42653
2,5,19,SLH-DSA-SHAKE-192f_signed-by_ML-DSA-44,SLH-DSA-SHAKE-192f_signed-by_ML-DSA-44,292.067,2364.08,195.735,0,0,0,348.276,13,97583.8,98193.2,42656,42653
2,4,16,SLH-DSA-SHAKE-192f_signed-by_ML-DSA-44,SLH-DSA-SHAKE-192f_signed-by_ML-DSA-44,291.41,2369.41,196.177,0,0,0,348.276,24,97977.1,97358.7,42656,42653
2,1,19,SLH-DSA-SHAKE-192f_signed-by_ML-DSA-44,SLH-DSA-SHAKE-192f_signed-by_ML-DSA-44,291.487,2368.78,196.125,0,0,0,348.276,24,97546.4,97363.5,42656,42653
2,2,19,SLH-DSA-SHAKE-192f_signed-by_ML-DSA-44,SLH-DSA-SHAKE-192f_signed-by_ML-DSA-44,291.96,2364.95,195.808,0,0,0,382.345,24,97513.4,97318.7,42656,42653
2,8,20,SLH-DSA-SHAKE-192f_signed-by_ML-DSA-44,SLH-DSA-SHAKE-192f_signed-by_ML-DSA-44,291.388,2369.59,196.191,0,0,0,348.276,20,97834.1,97233.8,42656,42653
2,6,20,SLH-DSA-SHAKE-192f_signed-by_ML-DSA-44,SLH-DSA-SHAKE-192f_signed-by_ML-DSA-44,291.238,2370.81,196.292,0,0,0,348.276,12,97756.5,97362.4,42656,42653
2,3,20,SLH-DSA-SHAKE-192f_signed-by_ML-DSA-44,SLH-DSA-SHAKE-192f_signed-by_ML-DSA-44,292.469,2360.84,195.467,0,0,0,446.897,24,97516.1,97755,42656,42653
2,7,20,SLH-DSA-SHAKE-192f_signed-by_ML-DSA-44,SLH-DSA-SHAKE-192f_signed-by_ML-DSA-44,291.29,2370.39,196.257,0,0,0,348.276,20,97577.4,97460,42656,42653
2,5,20,SLH-DSA-SHAKE-192f_signed-by_ML-DSA-44,SLH-DSA-SHAKE-192f_signed-by_ML-DSA-44,293.548,2352.16,194.748,0,0,0,348.276,13,97637.9,97621.4,42656,42653
2,4,17,SLH-DSA-SHAKE-192f_signed-by_ML-DSA-44,SLH-DSA-SHAKE-192f_signed-by_ML-DSA-44,291.674,2367.27,196,0,0,0,362.069,24,98242.6,97377.6,42656,42653
2,1,20,SLH-DSA-SHAKE-192f_signed-by_ML-DSA-44,SLH-DSA-SHAKE-192f_signed-by_ML-DSA-44,291.623,2367.69,196.034,0,0,0,473.655,24,97586.8,97397.9,42656,42653
2,2,20,SLH-DSA-SHAKE-192f_signed-by_ML-DSA-44,SLH-DSA-SHAKE-192f_signed-by_ML-DSA-44,292.833,2357.9,195.224,0,0,0,382.345,24,97494.5,97659.8,42656,42653
2,8,21,SLH-DSA-SHAKE-192f_signed-by_ML-DSA-44,SLH-DSA-SHAKE-192f_signed-by_ML-DSA-44,292.515,2360.46,195.435,0,0,0,348.276,20,97727.7,97542.3,42656,42653
2,6,21,SLH-DSA-SHAKE-192f_signed-by_ML-DSA-44,SLH-DSA-SHAKE-192f_signed-by_ML-DSA-44,291.867,2365.7,195.869,0,0,0,377.793,12,97527.4,97281.4,42656,42653
2,3,21,SLH-DSA-SHAKE-192f_signed-by_ML-DSA-44,SLH-DSA-SHAKE-192f_signed-by_ML-DSA-44,292.731,2358.72,195.291,0,0,0,348.276,24,97605.3,97677.4,42656,42653
2,7,21,SLH-DSA-SHAKE-192f_signed-by_ML-DSA-44,SLH-DSA-SHAKE-192f_signed-by_ML-DSA-44,291.553,2368.25,196.08,0,0,0,353.103,20,98046.5,97251.5,42656,42653
2,5,21,SLH-DSA-SHAKE-192f_signed-by_ML-DSA-44,SLH-DSA-SHAKE-192f_signed-by_ML-DSA-44,291.598,2367.88,196.05,0,0,0,348.276,13,97625.7,97883.5,42656,42653
2,4,18,SLH-DSA-SHAKE-192f_signed-by_ML-DSA-44,SLH-DSA-SHAKE-192f_signed-by_ML-DSA-44,292.597,2359.8,194.506,0,0,0,393.298,24,97637.6,97321,42656,42653
2,1,21,SLH-DSA-SHAKE-192f_signed-by_ML-DSA-44,SLH-DSA-SHAKE-192f_signed-by_ML-DSA-44,292.256,2362.56,195.609,0,0,0,348.276,24,97926.1,97259.9,42656,42653
2,2,21,SLH-DSA-SHAKE-192f_signed-by_ML-DSA-44,SLH-DSA-SHAKE-192f_signed-by_ML-DSA-44,291.641,2367.54,196.022,0,0,0,382.345,24,97409.5,97279,42656,42653
2,8,22,SLH-DSA-SHAKE-192f_signed-by_ML-DSA-44,SLH-DSA-SHAKE-192f_signed-by_ML-DSA-44,293.762,2350.44,193.734,0,0,0,504.175,20,97513.3,97273.1,42656,42653
2,6,22,SLH-DSA-SHAKE-192f_signed-by_ML-DSA-44,SLH-DSA-SHAKE-192f_signed-by_ML-DSA-44,291.571,2368.1,195.19,0,0,0,393.298,13,97670.3,97708.8,42656,42653
2,3,22,SLH-DSA-SHAKE-192f_signed-by_ML-DSA-44,SLH-DSA-SHAKE-192f_signed-by_ML-DSA-44,293.575,2351.94,193.858,0,0,0,393.298,24,97567.2,97696.1,42656,42653
2,7,22,SLH-DSA-SHAKE-192f_signed-by_ML-DSA-44,SLH-DSA-SHAKE-192f_signed-by_ML-DSA-44,291.481,2368.83,196.129,0,0,0,348.276,20,97738.9,97446.6,42656,42653
2,5,22,SLH-DSA-SHAKE-192f_signed-by_ML-DSA-44,SLH-DSA-SHAKE-192f_signed-by_ML-DSA-44,290.935,2373.28,195.617,0,0,0,393.298,12,97995.5,97215,42656,42653
2,4,19,SLH-DSA-SHAKE-192f_signed-by_ML-DSA-44,SLH-DSA-SHAKE-192f_signed-by_ML-DSA-44,291.297,2370.33,196.253,0,0,0,348.276,24,97758.2,97672,42656,42653
2,1,22,SLH-DSA-SHAKE-192f_signed-by_ML-DSA-44,SLH-DSA-SHAKE-192f_signed-by_ML-DSA-44,291.957,2364.97,195.809,0,0,0,348.276,24,97925.1,97333.4,42656,42653
2,2,22,SLH-DSA-SHAKE-192f_signed-by_ML-DSA-44,SLH-DSA-SHAKE-192f_signed-by_ML-DSA-44,294.624,2343.56,194.037,0,0,0,382.345,24,97510.6,98579.8,42656,42653
2,8,23,SLH-DSA-SHAKE-192f_signed-by_ML-DSA-44,SLH-DSA-SHAKE-192f_signed-by_ML-DSA-44,296.131,2331.64,241.461,0.384615,41,0.525641,374.564,21,97568.9,97376.4,42656,42653
2,6,23,SLH-DSA-SHAKE-192f_signed-by_ML-DSA-44,SLH-DSA-SHAKE-192f_signed-by_ML-DSA-44,291.162,2371.43,196.344,0.517241,0,0,348.276,14,97814.1,97241.2,42656,42653
2,3,23,SLH-DSA-SHAKE-192f_signed-by_ML-DSA-44,SLH-DSA-SHAKE-192f_signed-by_ML-DSA-44,291.898,2365.45,194.972,0.526316,0,0,393.298,24,97776.8,97725.7,42656,42653
2,7,23,SLH-DSA-SHAKE-192f_signed-by_ML-DSA-44,SLH-DSA-SHAKE-192f_signed-by_ML-DSA-44,291.542,2368.34,196.088,0.517241,0,0,348.276,20,97936.2,97296.2,42656,42653
2,5,23,SLH-DSA-SHAKE-192f_signed-by_ML-DSA-44,SLH-DSA-SHAKE-192f_signed-by_ML-DSA-44,291.417,2369.36,195.294,0.526316,0,0,420.807,12,97995.9,97384.1,42656,42653
2,4,20,SLH-DSA-SHAKE-192f_signed-by_ML-DSA-44,SLH-DSA-SHAKE-192f_signed-by_ML-DSA-44,291.426,2369.29,195.288,0.526316,0,0,393.298,24,97684.7,97661.8,42656,42653
2,1,23,SLH-DSA-SHAKE-192f_signed-by_ML-DSA-44,SLH-DSA-SHAKE-192f_signed-by_ML-DSA-44,291.61,2367.79,196.042,0.517241,0,0,348.276,24,97400.4,97402.6,42656,42653
2,2,23,SLH-DSA-SHAKE-192f_signed-by_ML-DSA-44,SLH-DSA-SHAKE-192f_signed-by_ML-DSA-44,291.593,2367.93,213.887,0.5,21,0.35,566.2,24,97740.3,97162.4,42656,42653
2,8,24,SLH-DSA-SHAKE-192f_signed-by_ML-DSA-44,SLH-DSA-SHAKE-192f_signed-by_ML-DSA-44,292.895,2357.4,195.182,0,0,0,348.276,21,97676.7,97400.6,42656,42653
2,6,24,SLH-DSA-SHAKE-192f_signed-by_ML-DSA-44,SLH-DSA-SHAKE-192f_signed-by_ML-DSA-44,292.147,2363.43,195.682,0,0,0,348.897,14,97651.7,97270,42656,42653
2,3,24,SLH-DSA-SHAKE-192f_signed-by_ML-DSA-44,SLH-DSA-SHAKE-192f_signed-by_ML-DSA-44,292.394,2361.44,195.516,0,0,0,348.276,24,97606.8,97796.4,42656,42653
2,7,24,SLH-DSA-SHAKE-192f_signed-by_ML-DSA-44,SLH-DSA-SHAKE-192f_signed-by_ML-DSA-44,292.655,2359.33,195.342,0,0,0,348.276,19,97901.6,97650.5,42656,42653
2,5,24,SLH-DSA-SHAKE-192f_signed-by_ML-DSA-44,SLH-DSA-SHAKE-192f_signed-by_ML-DSA-44,291.226,2370.91,196.301,0,0,0,348.276,12,98253.2,97408.1,42656,42653
2,4,21,SLH-DSA-SHAKE-192f_signed-by_ML-DSA-44,SLH-DSA-SHAKE-192f_signed-by_ML-DSA-44,291.902,2365.42,195.846,0,0,0,348.276,24,97571.9,97204.2,42656,42653
2,1,24,SLH-DSA-SHAKE-192f_signed-by_ML-DSA-44,SLH-DSA-SHAKE-192f_signed-by_ML-DSA-44,291.776,2366.44,195.93,0,0,0,378.414,24,97647.5,97741.3,42656,42653
2,2,24,SLH-DSA-SHAKE-192f_signed-by_ML-DSA-44,SLH-DSA-SHAKE-192f_signed-by_ML-DSA-44,292.013,2364.52,194.895,0,0,0,431.333,24,97799.2,97271.5,42656,42653
2,8,25,SLH-DSA-SHAKE-192f_signed-by_ML-DSA-44,SLH-DSA-SHAKE-192f_signed-by_ML-DSA-44,291.562,2368.17,196.074,0,0,0,348.276,22,97602.1,97449.9,42656,42653
2,6,25,SLH-DSA-SHAKE-192f_signed-by_ML-DSA-44,SLH-DSA-SHAKE-192f_signed-by_ML-DSA-44,291.654,2367.43,196.012,0,0,0,348.276,15,97540.8,97504.7,42656,42653
2,3,25,SLH-DSA-SHAKE-192f_signed-by_ML-DSA-44,SLH-DSA-SHAKE-192f_signed-by_ML-DSA-44,292.672,2359.19,195.331,0,0,0,378.414,24,97703.5,98090.3,42656,42653
2,7,25,SLH-DSA-SHAKE-192f_signed-by_ML-DSA-44,SLH-DSA-SHAKE-192f_signed-by_ML-DSA-44,293.33,2353.9,194.892,0,0,0,348.276,19,97913.9,97195.7,42656,42653
2,5,25,SLH-DSA-SHAKE-192f_signed-by_ML-DSA-44,SLH-DSA-SHAKE-192f_signed-by_ML-DSA-44,292.191,2363.08,195.652,0.206897,0,0,348.276,12,98438.2,97348.2,42656,42653
2,4,22,SLH-DSA-SHAKE-192f_signed-by_ML-DSA-44,SLH-DSA-SHAKE-192f_signed-by_ML-DSA-44,291.393,2369.55,196.188,0.206897,0,0,447.655,24,98099.1,97289,42656,42653
2,1,25,SLH-DSA-SHAKE-192f_signed-by_ML-DSA-44,SLH-DSA-SHAKE-192f_signed-by_ML-DSA-44,291.889,2365.52,195.855,0.206897,0,0,348.276,24,99681.6,97789,42656,42653
2,2,25,SLH-DSA-SHAKE-192f_signed-by_ML-DSA-44,SLH-DSA-SHAKE-192f_signed-by_ML-DSA-44,291.517,2368.55,196.105,0.206897,0,0,382.345,24,97632.3,97662.2,42656,42653
2,8,26,SLH-DSA-SHAKE-192f_signed-by_ML-DSA-44,SLH-DSA-SHAKE-192f_signed-by_ML-DSA-44,291.909,2365.37,195.842,0.293103,0,0,360.345,22,97838.3,97682.3,42656,42653
2,6,26,SLH-DSA-SHAKE-192f_signed-by_ML-DSA-44,SLH-DSA-SHAKE-192f_signed-by_ML-DSA-44,291.21,2371.04,196.312,0.293103,0,0,348.276,16,97682.5,97315.6,42656,42653
2,3,26,SLH-DSA-SHAKE-192f_signed-by_ML-DSA-44,SLH-DSA-SHAKE-192f_signed-by_ML-DSA-44,292.383,2361.53,197.987,0.288136,1,0.0169492,343.288,24,97307.3,97659.7,42656,42653
2,7,26,SLH-DSA-SHAKE-192f_signed-by_ML-DSA-44,SLH-DSA-SHAKE-192f_signed-by_ML-DSA-44,296.46,2329.05,212.912,0.278689,23,0.377049,363.967,19,98047.4,97203.9,42656,42653
2,5,26,SLH-DSA-SHAKE-192f_signed-by_ML-DSA-44,SLH-DSA-SHAKE-192f_signed-by_ML-DSA-44,296.206,2331.05,192.514,0.0862069,0,0,387.103,11,97636.7,97456.3,42656,42653
2,4,23,SLH-DSA-SHAKE-192f_signed-by_ML-DSA-44,SLH-DSA-SHAKE-192f_signed-by_ML-DSA-44,294.508,2344.49,206.989,0.234375,11,0.171875,324.812,24,97728.4,97229.8,42656,42653
2,1,26,SLH-DSA-SHAKE-192f_signed-by_ML-DSA-44,SLH-DSA-SHAKE-192f_signed-by_ML-DSA-44,290.965,2373.04,196.477,0.258621,0,0,348.276,24,97444.2,97131.5,42656,42653
2,2,26,SLH-DSA-SHAKE-192f_signed-by_ML-DSA-44,SLH-DSA-SHAKE-192f_signed-by_ML-DSA-44,291.85,2365.84,195.881,0.258621,0,0,382.345,24,97669.5,97723.6,42656,42653
2,8,27,SLH-DSA-SHAKE-192f_signed-by_ML-DSA-44,SLH-DSA-SHAKE-192f_signed-by_ML-DSA-44,291.603,2367.84,196.047,0.172414,0,0,348.276,22,97528.3,97580,42656,42653
2,6,27,SLH-DSA-SHAKE-192f_signed-by_ML-DSA-44,SLH-DSA-SHAKE-192f_signed-by_ML-DSA-44,291.853,2365.81,195.879,0.172414,0,0,348.276,16,97655,97612.3,42656,42653
2,3,27,SLH-DSA-SHAKE-192f_signed-by_ML-DSA-44,SLH-DSA-SHAKE-192f_signed-by_ML-DSA-44,292.162,2363.31,195.672,0.172414,0,0,348.276,24,97519,97813.2,42656,42653
2,7,27,SLH-DSA-SHAKE-192f_signed-by_ML-DSA-44,SLH-DSA-SHAKE-192f_signed-by_ML-DSA-44,291.902,2365.42,213.66,0.166667,21,0.35,351.933,18,97965.4,97341.2,42656,42653
2,5,27,SLH-DSA-SHAKE-192f_signed-by_ML-DSA-44,SLH-DSA-SHAKE-192f_signed-by_ML-DSA-44,294.999,2340.58,193.79,0.172414,0,0,390.621,11,98166.1,97261.2,42656,42653
2,4,24,SLH-DSA-SHAKE-192f_signed-by_ML-DSA-44,SLH-DSA-SHAKE-192f_signed-by_ML-DSA-44,295.496,2336.65,192.598,0,0,0,393.298,24,97537.8,97241.4,42656,42653
2,1,27,SLH-DSA-SHAKE-192f_signed-by_ML-DSA-44,SLH-DSA-SHAKE-192f_signed-by_ML-DSA-44,293.689,2351.02,194.654,0,0,0,348.276,24,97625.5,97551.4,42656,42653
2,2,27,SLH-DSA-SHAKE-192f_signed-by_ML-DSA-44,SLH-DSA-SHAKE-192f_signed-by_ML-DSA-44,292.069,2364.07,195.734,0,0,0,374.552,24,97917.4,97407,42656,42653
2,8,28,SLH-DSA-SHAKE-192f_signed-by_ML-DSA-44,SLH-DSA-SHAKE-192f_signed-by_ML-DSA-44,291.006,2372.7,196.449,0,0,0,348.276,22,97554.7,97396.5,42656,42653
2,6,28,SLH-DSA-SHAKE-192f_signed-by_ML-DSA-44,SLH-DSA-SHAKE-192f_signed-by_ML-DSA-44,291.701,2367.05,195.981,0,0,0,348.276,16,97890.7,97419.1,42656,42653
2,3,28,SLH-DSA-SHAKE-192f_signed-by_ML-DSA-44,SLH-DSA-SHAKE-192f_signed-by_ML-DSA-44,292.287,2362.3,195.588,0,0,0,348.276,24,97820,97772.3,42656,42653
2,7,28,SLH-DSA-SHAKE-192f_signed-by_ML-DSA-44,SLH-DSA-SHAKE-192f_signed-by_ML-DSA-44,291.383,2369.63,196.195,0,0,0,348.276,18,97878.1,97358.9,42656,42653
2,5,28,SLH-DSA-SHAKE-192f_signed-by_ML-DSA-44,SLH-DSA-SHAKE-192f_signed-by_ML-DSA-44,291.833,2365.98,195.892,0,0,0,348.276,11,98266.7,97459.6,42656,42653
2,4,25,SLH-DSA-SHAKE-192f_signed-by_ML-DSA-44,SLH-DSA-SHAKE-192f_signed-by_ML-DSA-44,293.005,2356.51,194.235,0,0,0,393.298,24,97736.9,97524.7,42656,42653
2,1,28,SLH-DSA-SHAKE-192f_signed-by_ML-DSA-44,SLH-DSA-SHAKE-192f_signed-by_ML-DSA-44,293.011,2356.46,195.105,0,0,0,351.724,24,97558.5,97378.1,42656,42653
2,2,28,SLH-DSA-SHAKE-192f_signed-by_ML-DSA-44,SLH-DSA-SHAKE-192f_signed-by_ML-DSA-44,291.655,2367.42,196.012,0,0,0,348.276,24,97622.9,97368.8,42656,42653
2,8,29,SLH-DSA-SHAKE-192f_signed-by_ML-DSA-44,SLH-DSA-SHAKE-192f_signed-by_ML-DSA-44,290.795,2374.42,196.591,0,0,0,348.276,22,97566.8,97255.1,42656,42653
2,6,29,SLH-DSA-SHAKE-192f_signed-by_ML-DSA-44,SLH-DSA-SHAKE-192f_signed-by_ML-DSA-44,291.859,2365.77,195.875,0,0,0,348.276,16,97426.2,97610.7,42656,42653
2,3,29,SLH-DSA-SHAKE-192f_signed-by_ML-DSA-44,SLH-DSA-SHAKE-192f_signed-by_ML-DSA-44,292.294,2362.24,195.583,0,0,0,350.345,24,97566.3,97952.8,42656,42653
2,7,29,SLH-DSA-SHAKE-192f_signed-by_ML-DSA-44,SLH-DSA-SHAKE-192f_signed-by_ML-DSA-44,292.993,2356.61,195.117,0,0,0,348.276,18,97831.2,98783,42656,42653
2,5,29,SLH-DSA-SHAKE-192f_signed-by_ML-DSA-44,SLH-DSA-SHAKE-192f_signed-by_ML-DSA-44,291.653,2367.44,196.013,0,0,0,348.276,11,98118.4,97881.4,42656,42653
2,4,26,SLH-DSA-SHAKE-192f_signed-by_ML-DSA-44,SLH-DSA-SHAKE-192f_signed-by_ML-DSA-44,291.188,2371.22,196.326,0,0,0,348.966,24,98031.3,97313.9,42656,42653
2,1,29,SLH-DSA-SHAKE-192f_signed-by_ML-DSA-44,SLH-DSA-SHAKE-192f_signed-by_ML-DSA-44,291.025,2372.54,196.436,0,0,0,348.276,24,97486.2,97343.2,42656,42653
2,2,29,SLH-DSA-SHAKE-192f_signed-by_ML-DSA-44,SLH-DSA-SHAKE-192f_signed-by_ML-DSA-44,292.906,2357.31,194.301,0,0,0,393.298,24,97502.6,97421.1,42656,42653
2,8,30,SLH-DSA-SHAKE-192f_signed-by_ML-DSA-44,SLH-DSA-SHAKE-192f_signed-by_ML-DSA-44,291.186,2371.24,196.328,0,0,0,350.345,21,97503.8,97227.9,42656,42653
2,6,30,SLH-DSA-SHAKE-192f_signed-by_ML-DSA-44,SLH-DSA-SHAKE-192f_signed-by_ML-DSA-44,291.351,2369.9,195.338,0,0,0,393.298,16,97479.6,97544.7,42656,42653
2,3,30,SLH-DSA-SHAKE-192f_signed-by_ML-DSA-44,SLH-DSA-SHAKE-192f_signed-by_ML-DSA-44,291.862,2365.75,195.873,0,0,0,348.276,24,97342.2,97626.1,42656,42653
2,7,30,SLH-DSA-SHAKE-192f_signed-by_ML-DSA-44,SLH-DSA-SHAKE-192f_signed-by_ML-DSA-44,291.165,2371.41,196.342,0,0,0,348.276,17,97983.8,97324.6,42656,42653
2,5,30,SLH-DSA-SHAKE-192f_signed-by_ML-DSA-44,SLH-DSA-SHAKE-192f_signed-by_ML-DSA-44,291.677,2367.25,195.998,0,0,0,348.276,12,98334.6,97739.3,42656,42653
2,4,27,SLH-DSA-SHAKE-192f_signed-by_ML-DSA-44,SLH-DSA-SHAKE-192f_signed-by_ML-DSA-44,291.83,2366.01,195.895,0,0,0,348.276,24,98147.7,97217.1,42656,42653
2,1,30,SLH-DSA-SHAKE-192f_signed-by_ML-DSA-44,SLH-DSA-SHAKE-192f_signed-by_ML-DSA-44,291.323,2370.12,195.356,0,0,0,393.298,24,97790.6,97332.8,42656,42653
2,2,30,SLH-DSA-SHAKE-192f_signed-by_ML-DSA-44,SLH-DSA-SHAKE-192f_signed-by_ML-DSA-44,291.703,2367.03,195.98,0,0,0,348.276,24,97553.7,97293.2,42656,42653
2,8,31,SLH-DSA-SHAKE-192f_signed-by_ML-DSA-44,SLH-DSA-SHAKE-192f_signed-by_ML-DSA-44,291.112,2371.84,196.377,0,0,0,348.276,21,97623.9,97468.2,42656,42653
2,6,31,SLH-DSA-SHAKE-192f_signed-by_ML-DSA-44,SLH-DSA-SHAKE-192f_signed-by_ML-DSA-44,293.068,2356.01,194.193,0,0,0,393.298,16,97545.5,97512.5,42656,42653
2,3,31,SLH-DSA-SHAKE-192f_signed-by_ML-DSA-44,SLH-DSA-SHAKE-192f_signed-by_ML-DSA-44,291.862,2365.74,195.873,0,0,0,348.276,24,97612.9,97929.9,42656,42653
2,7,31,SLH-DSA-SHAKE-192f_signed-by_ML-DSA-44,SLH-DSA-SHAKE-192f_signed-by_ML-DSA-44,291.153,2371.5,195.47,0,0,0,396.386,17,98267.2,97420.1,42656,42653
2,5,31,SLH-DSA-SHAKE-192f_signed-by_ML-DSA-44,SLH-DSA-SHAKE-192f_signed-by_ML-DSA-44,291.453,2369.06,196.148,0,0,0,377.793,12,97949.8,97617,42656,42653
2,4,28,SLH-DSA-SHAKE-192f_signed-by_ML-DSA-44,SLH-DSA-SHAKE-192f_signed-by_ML-DSA-44,291.186,2371.23,196.327,0,0,0,348.276,24,97602.5,97189,42656,42653
2,1,31,SLH-DSA-SHAKE-192f_signed-by_ML-DSA-44,SLH-DSA-SHAKE-192f_signed-by_ML-DSA-44,292.849,2357.77,195.213,0,0,0,348.276,24,97513.2,97425.2,42656,42653
2,2,31,SLH-DSA-SHAKE-192f_signed-by_ML-DSA-44,SLH-DSA-SHAKE-192f_signed-by_ML-DSA-44,292.21,2362.92,194.763,0,0,0,579.965,24,97648.1,97439.5,42656,42653
2,8,32,SLH-DSA-SHAKE-192f_signed-by_ML-DSA-44,SLH-DSA-SHAKE-192f_signed-by_ML-DSA-44,291.288,2370.4,196.259,0,0,0,348.276,20,97633.6,97448.3,42656,42653
2,6,32,SLH-DSA-SHAKE-192f_signed-by_ML-DSA-44,SLH-DSA-SHAKE-192f_signed-by_ML-DSA-44,292.196,2363.04,194.773,0,0,0,439.965,16,97473.7,97573.8,42656,42653
2,3,32,SLH-DSA-SHAKE-192f_signed-by_ML-DSA-44,SLH-DSA-SHAKE-192f_signed-by_ML-DSA-44,293.216,2354.82,194.095,0,0,0,393.298,24,97746.2,97732,42656,42653
2,7,32,SLH-DSA-SHAKE-192f_signed-by_ML-DSA-44,SLH-DSA-SHAKE-192f_signed-by_ML-DSA-44,292.199,2363.01,195.647,0,0,0,348.276,16,97780.2,97676,42656,42653
2,5,32,SLH-DSA-SHAKE-192f_signed-by_ML-DSA-44,SLH-DSA-SHAKE-192f_signed-by_ML-DSA-44,291.024,2372.55,196.437,0,0,0,348.276,12,97947.3,97331.5,42656,42653
2,4,29,SLH-DSA-SHAKE-192f_signed-by_ML-DSA-44,SLH-DSA-SHAKE-192f_signed-by_ML-DSA-44,291.079,2372.1,196.4,0,0,0,348.276,24,97554.5,97206.2,42656,42653
2,1,32,SLH-DSA-SHAKE-192f_signed-by_ML-DSA-44,SLH-DSA-SHAKE-192f_signed-by_ML-DSA-44,292.945,2356.99,195.149,0,0,0,570.552,24,97788.8,97479.5,42656,42653
2,2,32,SLH-DSA-SHAKE-192f_signed-by_ML-DSA-44,SLH-DSA-SHAKE-192f_signed-by_ML-DSA-44,291.324,2370.12,196.235,0,0,0,348.276,24,98062.7,97415.8,42656,42653
2,8,33,SLH-DSA-SHAKE-192f_signed-by_ML-DSA-44,SLH-DSA-SHAKE-192f_signed-by_ML-DSA-44,292.185,2363.13,195.656,0,0,0,348.276,20,97650,97967.7,42656,42653
2,6,33,SLH-DSA-SHAKE-192f_signed-by_ML-DSA-44,SLH-DSA-SHAKE-192f_signed-by_ML-DSA-44,291.449,2369.1,196.151,0,0,0,348.276,16,97917.6,97380.1,42656,42653
2,3,33,SLH-DSA-SHAKE-192f_signed-by_ML-DSA-44,SLH-DSA-SHAKE-192f_signed-by_ML-DSA-44,292.445,2361.03,195.483,0,0,0,348.276,24,97761.2,98025.3,42656,42653
2,7,33,SLH-DSA-SHAKE-192f_signed-by_ML-DSA-44,SLH-DSA-SHAKE-192f_signed-by_ML-DSA-44,292.481,2360.73,194.583,0,0,0,393.298,16,97773.1,97484.3,42656,42653
2,5,33,SLH-DSA-SHAKE-192f_signed-by_ML-DSA-44,SLH-DSA-SHAKE-192f_signed-by_ML-DSA-44,291.519,2368.53,196.104,0.189655,0,0,348.276,13,97529.7,97302.4,42656,42653
2,4,30,SLH-DSA-SHAKE-192f_signed-by_ML-DSA-44,SLH-DSA-SHAKE-192f_signed-by_ML-DSA-44,293.122,2355.58,195.031,0.189655,0,0,531.724,24,97923.1,98000.5,42656,42653
2,1,33,SLH-DSA-SHAKE-192f_signed-by_ML-DSA-44,SLH-DSA-SHAKE-192f_signed-by_ML-DSA-44,291.454,2369.06,196.148,0.362069,0,0,348.276,24,97434.8,97397.4,42656,42653
2,2,33,SLH-DSA-SHAKE-192f_signed-by_ML-DSA-44,SLH-DSA-SHAKE-192f_signed-by_ML-DSA-44,291.205,2371.09,196.315,0.362069,0,0,348.276,24,97820.4,97339.5,42656,42653
2,8,34,SLH-DSA-SHAKE-192f_signed-by_ML-DSA-44,SLH-DSA-SHAKE-192f_signed-by_ML-DSA-44,290.997,2372.78,196.455,0.362069,0,0,348.276,20,97723.4,97385.9,42656,42653
2,6,34,SLH-DSA-SHAKE-192f_signed-by_ML-DSA-44,SLH-DSA-SHAKE-192f_signed-by_ML-DSA-44,294.571,2343.99,193.203,0.368421,0,0,382.982,16,97516.5,96976.6,42656,42653
2,3,34,SLH-DSA-SHAKE-192f_signed-by_ML-DSA-44,SLH-DSA-SHAKE-192f_signed-by_ML-DSA-44,292.657,2359.32,196.216,0.355932,0,0,528.915,24,97591.8,97724,42656,42653
2,7,34,SLH-DSA-SHAKE-192f_signed-by_ML-DSA-44,SLH-DSA-SHAKE-192f_signed-by_ML-DSA-44,296.468,2328.99,212.906,0.344262,23,0.377049,365.541,16,97834,97619.6,42656,42653
2,5,34,SLH-DSA-SHAKE-192f_signed-by_ML-DSA-44,SLH-DSA-SHAKE-192f_signed-by_ML-DSA-44,297.596,2320.16,208.712,0.169492,21,0.355932,395.492,14,98074.6,97312.9,42656,42653
2,4,31,SLH-DSA-SHAKE-192f_signed-by_ML-DSA-44,SLH-DSA-SHAKE-192f_signed-by_ML-DSA-44,296.086,2332,193.079,0.172414,0,0,387.172,24,97763.6,97449.6,42656,42653
2,1,34,SLH-DSA-SHAKE-192f_signed-by_ML-DSA-44,SLH-DSA-SHAKE-192f_signed-by_ML-DSA-44,292.651,2359.37,194.47,0,0,0,393.298,24,97736.4,97390.5,42656,42653
2,2,34,SLH-DSA-SHAKE-192f_signed-by_ML-DSA-44,SLH-DSA-SHAKE-192f_signed-by_ML-DSA-44,291.489,2368.77,196.124,0.396552,0,0,348.276,24,97594.3,97274.6,42656,42653
2,8,35,SLH-DSA-SHAKE-192f_signed-by_ML-DSA-44,SLH-DSA-SHAKE-192f_signed-by_ML-DSA-44,296.544,2328.39,191.917,1,0,0,585.719,20,97278.1,97805.6,42656,42653
2,6,35,SLH-DSA-SHAKE-192f_signed-by_ML-DSA-44,SLH-DSA-SHAKE-192f_signed-by_ML-DSA-44,291.822,2366.06,195.9,1,0,0,348.276,16,97485.3,97425.7,42656,42653
2,3,35,SLH-DSA-SHAKE-192f_signed-by_ML-DSA-44,SLH-DSA-SHAKE-192f_signed-by_ML-DSA-44,292.188,2363.1,195.654,1,0,0,348.276,24,97479.8,97913.6,42656,42653
2,7,35,SLH-DSA-SHAKE-192f_signed-by_ML-DSA-44,SLH-DSA-SHAKE-192f_signed-by_ML-DSA-44,291.478,2368.86,196.131,1,0,0,348.276,15,97971.5,97604.9,42656,42653
2,5,35,SLH-DSA-SHAKE-192f_signed-by_ML-DSA-44,SLH-DSA-SHAKE-192f_signed-by_ML-DSA-44,291.232,2370.86,196.296,1,0,0,348.276,14,98200.2,97475.8,42656,42653
2,4,32,SLH-DSA-SHAKE-192f_signed-by_ML-DSA-44,SLH-DSA-SHAKE-192f_signed-by_ML-DSA-44,292.918,2357.21,195.167,1,0,0,387.172,24,97849.6,97306.5,42656,42653
2,1,35,SLH-DSA-SHAKE-192f_signed-by_ML-DSA-44,SLH-DSA-SHAKE-192f_signed-by_ML-DSA-44,295.686,2335.15,243.88,1,71,1.04412,426.353,24,97648,97432.3,42656,42653
2,2,35,SLH-DSA-SHAKE-192f_signed-by_ML-DSA-44,SLH-DSA-SHAKE-192f_signed-by_ML-DSA-44,294.897,2341.4,214.8,0.919355,83,1.33871,440.387,24,99101.1,97651,42656,42653
2,8,36,SLH-DSA-SHAKE-192f_signed-by_ML-DSA-44,SLH-DSA-SHAKE-192f_signed-by_ML-DSA-44,294.738,2342.66,193.962,0.189655,0,0,348.276,19,97502.6,97359,42656,42653
2,6,36,SLH-DSA-SHAKE-192f_signed-by_ML-DSA-44,SLH-DSA-SHAKE-192f_signed-by_ML-DSA-44,291.613,2367.76,196.04,0.189655,0,0,348.276,16,97630.9,97251.2,42656,42653
2,3,36,SLH-DSA-SHAKE-192f_signed-by_ML-DSA-44,SLH-DSA-SHAKE-192f_signed-by_ML-DSA-44,291.681,2367.21,195.994,0.189655,0,0,348.276,24,97739.9,97443.4,42656,42653
2,7,36,SLH-DSA-SHAKE-192f_signed-by_ML-DSA-44,SLH-DSA-SHAKE-192f_signed-by_ML-DSA-44,291.513,2368.57,196.107,0.189655,0,0,348.276,15,98129.1,97292.9,42656,42653
2,5,36,SLH-DSA-SHAKE-192f_signed-by_ML-DSA-44,SLH-DSA-SHAKE-192f_signed-by_ML-DSA-44,291.44,2369.17,196.156,0.189655,0,0,378.414,15,97510.6,97595.1,42656,42653
2,4,33,SLH-DSA-SHAKE-192f_signed-by_ML-DSA-44,SLH-DSA-SHAKE-192f_signed-by_ML-DSA-44,291.539,2368.37,196.09,0.189655,0,0,348.276,24,97781.5,97380.4,42656,42653
2,1,36,SLH-DSA-SHAKE-192f_signed-by_ML-DSA-44,SLH-DSA-SHAKE-192f_signed-by_ML-DSA-44,291.389,2369.59,216.508,0.180328,22,0.360656,348.754,24,97513.1,97505.5,42656,42653
2,2,36,SLH-DSA-SHAKE-192f_signed-by_ML-DSA-44,SLH-DSA-SHAKE-192f_signed-by_ML-DSA-44,295.25,2338.6,194.493,0.186441,0,0,572.847,24,97771.4,97714.5,42656,42653
2,8,37,SLH-DSA-SHAKE-192f_signed-by_ML-DSA-44,SLH-DSA-SHAKE-192f_signed-by_ML-DSA-44,291.081,2372.09,196.399,0,0,0,348.276,19,97627.8,97250.7,42656,42653
2,6,37,SLH-DSA-SHAKE-192f_signed-by_ML-DSA-44,SLH-DSA-SHAKE-192f_signed-by_ML-DSA-44,292.005,2364.59,195.777,0,0,0,348.276,15,98182.1,97544.3,42656,42653
2,3,37,SLH-DSA-SHAKE-192f_signed-by_ML-DSA-44,SLH-DSA-SHAKE-192f_signed-by_ML-DSA-44,291.098,2371.96,196.387,0,0,0,348.276,24,97450.8,97406.5,42656,42653
2,7,37,SLH-DSA-SHAKE-192f_signed-by_ML-DSA-44,SLH-DSA-SHAKE-192f_signed-by_ML-DSA-44,291.691,2367.13,195.988,0,0,0,348.276,15,97642,97403.1,42656,42653
2,5,37,SLH-DSA-SHAKE-192f_signed-by_ML-DSA-44,SLH-DSA-SHAKE-192f_signed-by_ML-DSA-44,291.401,2369.49,196.183,0,0,0,348.276,14,97560.1,97557.5,42656,42653
2,4,34,SLH-DSA-SHAKE-192f_signed-by_ML-DSA-44,SLH-DSA-SHAKE-192f_signed-by_ML-DSA-44,291.892,2365.5,195.853,0,0,0,348.276,24,97593.6,97624.9,42656,42653
2,1,37,SLH-DSA-SHAKE-192f_signed-by_ML-DSA-44,SLH-DSA-SHAKE-192f_signed-by_ML-DSA-44,291.665,2367.35,196.006,0,0,0,360.276,24,97894.2,97618.3,42656,42653
2,2,37,SLH-DSA-SHAKE-192f_signed-by_ML-DSA-44,SLH-DSA-SHAKE-192f_signed-by_ML-DSA-44,291.32,2370.15,196.238,0,0,0,348.276,24,98013.2,97225.3,42656,42653
2,8,38,SLH-DSA-SHAKE-192f_signed-by_ML-DSA-44,SLH-DSA-SHAKE-192f_signed-by_ML-DSA-44,290.88,2373.73,196.534,0,0,0,348.276,18,97402.8,97159.2,42656,42653
2,6,38,SLH-DSA-SHAKE-192f_signed-by_ML-DSA-44,SLH-DSA-SHAKE-192f_signed-by_ML-DSA-44,292.965,2356.84,194.262,0,0,0,393.298,14,98410.7,97200,42656,42653
2,3,38,SLH-DSA-SHAKE-192f_signed-by_ML-DSA-44,SLH-DSA-SHAKE-192f_signed-by_ML-DSA-44,291.469,2368.93,196.137,0,0,0,348.345,24,97461.1,97332.1,42656,42653
2,7,38,SLH-DSA-SHAKE-192f_signed-by_ML-DSA-44,SLH-DSA-SHAKE-192f_signed-by_ML-DSA-44,292.589,2359.87,195.386,0,0,0,348.276,15,97729.1,97367.1,42656,42653
2,5,38,SLH-DSA-SHAKE-192f_signed-by_ML-DSA-44,SLH-DSA-SHAKE-192f_signed-by_ML-DSA-44,291.737,2366.76,195.957,0,0,0,348.276,14,97552.1,97338.1,42656,42653
2,4,35,SLH-DSA-SHAKE-192f_signed-by_ML-DSA-44,SLH-DSA-SHAKE-192f_signed-by_ML-DSA-44,291.822,2366.07,195.9,0,0,0,348.759,24,97685.3,97996.7,42656,42653
2,1,38,SLH-DSA-SHAKE-192f_signed-by_ML-DSA-44,SLH-DSA-SHAKE-192f_signed-by_ML-DSA-44,291.662,2367.37,196.007,0,0,0,348.276,24,97297.1,97492.3,42656,42653
2,2,38,SLH-DSA-SHAKE-192f_signed-by_ML-DSA-44,SLH-DSA-SHAKE-192f_signed-by_ML-DSA-44,292.403,2361.37,195.511,0,0,0,348.276,24,97636.7,97290.9,42656,42653
2,8,39,SLH-DSA-SHAKE-192f_signed-by_ML-DSA-44,SLH-DSA-SHAKE-192f_signed-by_ML-DSA-44,291.779,2366.42,195.929,0,0,0,348.345,18,97937.5,97480.2,42656,42653
2,6,39,SLH-DSA-SHAKE-192f_signed-by_ML-DSA-44,SLH-DSA-SHAKE-192f_signed-by_ML-DSA-44,291.146,2371.56,196.355,0,0,0,348.276,14,97793.6,97200.2,42656,42653
2,3,39,SLH-DSA-SHAKE-192f_signed-by_ML-DSA-44,SLH-DSA-SHAKE-192f_signed-by_ML-DSA-44,292.957,2356.9,195.141,0,0,0,348.276,24,97874,97395.8,42656,42653
2,7,39,SLH-DSA-SHAKE-192f_signed-by_ML-DSA-44,SLH-DSA-SHAKE-192f_signed-by_ML-DSA-44,291.215,2371,196.308,0,0,0,348.276,14,97636.5,97430.9,42656,42653
2,5,39,SLH-DSA-SHAKE-192f_signed-by_ML-DSA-44,SLH-DSA-SHAKE-192f_signed-by_ML-DSA-44,291.739,2366.74,195.956,0,0,0,348.276,13,97588.1,97654.3,42656,42653
2,4,36,SLH-DSA-SHAKE-192f_signed-by_ML-DSA-44,SLH-DSA-SHAKE-192f_signed-by_ML-DSA-44,291.084,2372.07,195.517,0,0,0,393.298,24,97612.2,97226.2,42656,42653
2,1,39,SLH-DSA-SHAKE-192f_signed-by_ML-DSA-44,SLH-DSA-SHAKE-192f_signed-by_ML-DSA-44,291.697,2367.08,195.984,0,0,0,348.276,24,97648.2,97750.6,42656,42653
2,2,39,SLH-DSA-SHAKE-192f_signed-by_ML-DSA-44,SLH-DSA-SHAKE-192f_signed-by_ML-DSA-44,291.541,2368.35,196.089,0,0,0,348.276,24,97883.7,97208.9,42656,42653
2,8,40,SLH-DSA-SHAKE-192f_signed-by_ML-DSA-44,SLH-DSA-SHAKE-192f_signed-by_ML-DSA-44,291.555,2368.23,195.201,0,0,0,393.298,17,97882.8,97374,42656,42653
2,6,40,SLH-DSA-SHAKE-192f_signed-by_ML-DSA-44,SLH-DSA-SHAKE-192f_signed-by_ML-DSA-44,291.232,2370.86,196.297,0,0,0,348.276,13,97749.4,97219.8,42656,42653
2,3,40,SLH-DSA-SHAKE-192f_signed-by_ML-DSA-44,SLH-DSA-SHAKE-192f_signed-by_ML-DSA-44,290.951,2373.15,196.486,0,0,0,348.276,24,97713.8,97401.4,42656,42653
2,7,40,SLH-DSA-SHAKE-192f_signed-by_ML-DSA-44,SLH-DSA-SHAKE-192f_signed-by_ML-DSA-44,292.599,2359.78,195.38,0,0,0,348.276,14,97845.9,97456.8,42656,42653
2,5,40,SLH-DSA-SHAKE-192f_signed-by_ML-DSA-44,SLH-DSA-SHAKE-192f_signed-by_ML-DSA-44,291.852,2365.82,195.003,0,0,0,407.333,13,97480.9,97592.8,42656,42653
2,4,37,SLH-DSA-SHAKE-192f_signed-by_ML-DSA-44,SLH-DSA-SHAKE-192f_signed-by_ML-DSA-44,291.265,2370.59,196.274,0,0,0,348.276,24,98069.8,97177,42656,42653
2,1,40,SLH-DSA-SHAKE-192f_signed-by_ML-DSA-44,SLH-DSA-SHAKE-192f_signed-by_ML-DSA-44,291.163,2371.42,195.464,0,0,0,393.298,24,97519.3,97256,42656,42653
2,2,40,SLH-DSA-SHAKE-192f_signed-by_ML-DSA-44,SLH-DSA-SHAKE-192f_signed-by_ML-DSA-44,291.96,2364.95,195.807,0,0,0,353.103,24,97546.2,97659.2,42656,42653
2,8,41,SLH-DSA-SHAKE-192f_signed-by_ML-DSA-44,SLH-DSA-SHAKE-192f_signed-by_ML-DSA-44,292.011,2364.54,195.773,0,0,0,348.276,17,98164.6,97593.5,42656,42653
2,6,41,SLH-DSA-SHAKE-192f_signed-by_ML-DSA-44,SLH-DSA-SHAKE-192f_signed-by_ML-DSA-44,291.546,2368.31,196.085,0,0,0,348.276,12,97707.2,97311.2,42656,42653
2,3,41,SLH-DSA-SHAKE-192f_signed-by_ML-DSA-44,SLH-DSA-SHAKE-192f_signed-by_ML-DSA-44,291.044,2372.39,195.544,0,0,0,393.298,24,97548.9,97412.8,42656,42653
2,7,41,SLH-DSA-SHAKE-192f_signed-by_ML-DSA-44,SLH-DSA-SHAKE-192f_signed-by_ML-DSA-44,291.395,2369.54,196.187,0,0,0,348.276,14,97730.5,97318.6,42656,42653
2,5,41,SLH-DSA-SHAKE-192f_signed-by_ML-DSA-44,SLH-DSA-SHAKE-192f_signed-by_ML-DSA-44,291.77,2366.49,195.935,0,0,0,348.276,13,97572.4,97647,42656,42653
2,4,38,SLH-DSA-SHAKE-192f_signed-by_ML-DSA-44,SLH-DSA-SHAKE-192f_signed-by_ML-DSA-44,292.881,2357.51,195.191,0,0,0,348.276,24,97524.9,97318.8,42656,42653
2,1,41,SLH-DSA-SHAKE-192f_signed-by_ML-DSA-44,SLH-DSA-SHAKE-192f_signed-by_ML-DSA-44,292.273,2362.42,195.598,0,0,0,364.966,24,97464.1,97269.2,42656,42653
2,2,41,SLH-DSA-SHAKE-192f_signed-by_ML-DSA-44,SLH-DSA-SHAKE-192f_signed-by_ML-DSA-44,291.976,2364.82,195.796,0.275862,0,0,348.276,24,97746.3,97864.7,42656,42653
2,8,42,SLH-DSA-SHAKE-192f_signed-by_ML-DSA-44,SLH-DSA-SHAKE-192f_signed-by_ML-DSA-44,291.694,2367.11,195.986,0.275862,0,0,348.276,17,97808.2,97655.3,42656,42653
2,6,42,SLH-DSA-SHAKE-192f_signed-by_ML-DSA-44,SLH-DSA-SHAKE-192f_signed-by_ML-DSA-44,292.295,2362.24,194.707,0.280702,0,0,579.965,12,98009.7,97289.2,42656,42653
2,3,42,SLH-DSA-SHAKE-192f_signed-by_ML-DSA-44,SLH-DSA-SHAKE-192f_signed-by_ML-DSA-44,291.493,2368.74,196.121,0.275862,0,0,348.276,24,97453.4,97692.7,42656,42653
2,7,42,SLH-DSA-SHAKE-192f_signed-by_ML-DSA-44,SLH-DSA-SHAKE-192f_signed-by_ML-DSA-44,291.311,2370.22,196.244,0.275862,0,0,348.276,14,97993.6,97398.5,42656,42653
2,5,42,SLH-DSA-SHAKE-192f_signed-by_ML-DSA-44,SLH-DSA-SHAKE-192f_signed-by_ML-DSA-44,291.54,2368.36,196.09,0.275862,0,0,348.276,12,98015.5,97279.4,42656,42653
2,4,39,SLH-DSA-SHAKE-192f_signed-by_ML-DSA-44,SLH-DSA-SHAKE-192f_signed-by_ML-DSA-44,291.862,2365.75,205.741,0.258065,4,0.0645161,332.258,24,97624.8,97588,42656,42653
2,1,42,SLH-DSA-SHAKE-192f_signed-by_ML-DSA-44,SLH-DSA-SHAKE-192f_signed-by_ML-DSA-44,294.65,2343.36,214.003,0.262295,24,0.393443,396.098,24,97665,97372.3,42656,42653
2,2,42,SLH-DSA-SHAKE-192f_signed-by_ML-DSA-44,SLH-DSA-SHAKE-192f_signed-by_ML-DSA-44,291.583,2368.01,196.061,0,0,0,348.276,24,97535.8,97100.3,42656,42653
2,8,43,SLH-DSA-SHAKE-192f_signed-by_ML-DSA-44,SLH-DSA-SHAKE-192f_signed-by_ML-DSA-44,291.161,2371.44,195.465,0,0,0,407.333,18,97764.4,97389.7,42656,42653
2,6,43,SLH-DSA-SHAKE-192f_signed-by_ML-DSA-44,SLH-DSA-SHAKE-192f_signed-by_ML-DSA-44,291.427,2369.27,195.287,0,0,0,393.298,12,97788.5,97540.2,42656,42653
2,3,43,SLH-DSA-SHAKE-192f_signed-by_ML-DSA-44,SLH-DSA-SHAKE-192f_signed-by_ML-DSA-44,291.714,2366.94,195.972,0,0,0,349.724,24,97674,97513.6,42656,42653
2,7,43,SLH-DSA-SHAKE-192f_signed-by_ML-DSA-44,SLH-DSA-SHAKE-192f_signed-by_ML-DSA-44,292.138,2363.51,194.811,0,0,0,393.298,14,97678.8,98218,42656,42653
2,5,43,SLH-DSA-SHAKE-192f_signed-by_ML-DSA-44,SLH-DSA-SHAKE-192f_signed-by_ML-DSA-44,291.645,2367.5,196.019,0,0,0,348.276,12,97595.7,97409.9,42656,42653
2,4,40,SLH-DSA-SHAKE-192f_signed-by_ML-DSA-44,SLH-DSA-SHAKE-192f_signed-by_ML-DSA-44,291.256,2370.66,196.28,0,0,0,348.276,24,97604,97335.4,42656,42653
2,1,43,SLH-DSA-SHAKE-192f_signed-by_ML-DSA-44,SLH-DSA-SHAKE-192f_signed-by_ML-DSA-44,291.622,2367.69,196.034,0,0,0,348.276,24,97842,97661.4,42656,42653
2,2,43,SLH-DSA-SHAKE-192f_signed-by_ML-DSA-44,SLH-DSA-SHAKE-192f_signed-by_ML-DSA-44,292.352,2361.78,195.545,0,0,0,348.276,24,98054.9,97187.7,42656,42653
2,8,44,SLH-DSA-SHAKE-192f_signed-by_ML-DSA-44,SLH-DSA-SHAKE-192f_signed-by_ML-DSA-44,295.047,2340.21,192.891,0,0,0,393.298,18,97868.7,97369.6,42656,42653
2,6,44,SLH-DSA-SHAKE-192f_signed-by_ML-DSA-44,SLH-DSA-SHAKE-192f_signed-by_ML-DSA-44,296.712,2327.08,193.534,0,0,0,342.407,12,97979.7,97308.5,42656,42653
2,3,44,SLH-DSA-SHAKE-192f_signed-by_ML-DSA-44,SLH-DSA-SHAKE-192f_signed-by_ML-DSA-44,290.879,2373.74,195.655,0,0,0,393.298,24,97716,97299.6,42656,42653
2,7,44,SLH-DSA-SHAKE-192f_signed-by_ML-DSA-44,SLH-DSA-SHAKE-192f_signed-by_ML-DSA-44,291.261,2370.63,196.278,0,0,0,348.276,15,97271.8,97309.9,42656,42653
2,5,44,SLH-DSA-SHAKE-192f_signed-by_ML-DSA-44,SLH-DSA-SHAKE-192f_signed-by_ML-DSA-44,292.131,2363.57,195.693,0,0,0,348.276,12,97613.5,97512.9,42656,42653
2,4,41,SLH-DSA-SHAKE-192f_signed-by_ML-DSA-44,SLH-DSA-SHAKE-192f_signed-by_ML-DSA-44,291.464,2368.98,196.141,0,0,0,348.276,24,97586.1,97525.6,42656,42653
2,1,44,SLH-DSA-SHAKE-192f_signed-by_ML-DSA-44,SLH-DSA-SHAKE-192f_signed-by_ML-DSA-44,291.287,2370.42,196.26,0,0,0,348.276,24,97588.5,97502.4,42656,42653
2,2,44,SLH-DSA-SHAKE-192f_signed-by_ML-DSA-44,SLH-DSA-SHAKE-192f_signed-by_ML-DSA-44,291.374,2369.7,195.322,0,0,0,393.298,24,97620.7,97407.6,42656,42653
2,8,45,SLH-DSA-SHAKE-192f_signed-by_ML-DSA-44,SLH-DSA-SHAKE-192f_signed-by_ML-DSA-44,291.4,2369.5,196.184,0,0,0,348.276,19,97975.1,97273.1,42656,42653
2,6,45,SLH-DSA-SHAKE-192f_signed-by_ML-DSA-44,SLH-DSA-SHAKE-192f_signed-by_ML-DSA-44,292.29,2362.28,195.587,0,0,0,348.276,12,97710.5,97347.2,42656,42653
2,3,45,SLH-DSA-SHAKE-192f_signed-by_ML-DSA-44,SLH-DSA-SHAKE-192f_signed-by_ML-DSA-44,290.856,2373.93,195.671,0,0,0,393.298,24,98189.5,97396.2,42656,42653
2,7,45,SLH-DSA-SHAKE-192f_signed-by_ML-DSA-44,SLH-DSA-SHAKE-192f_signed-by_ML-DSA-44,291.91,2365.36,195.841,0,0,0,355.034,15,97790.7,97998.5,42656,42653
2,5,45,SLH-DSA-SHAKE-192f_signed-by_ML-DSA-44,SLH-DSA-SHAKE-192f_signed-by_ML-DSA-44,292.226,2362.8,195.629,0,0,0,355.034,12,97627,97647.3,42656,42653
2,4,42,SLH-DSA-SHAKE-192f_signed-by_ML-DSA-44,SLH-DSA-SHAKE-192f_signed-by_ML-DSA-44,291.853,2365.82,195.002,0,0,0,393.298,24,97538,97460,42656,42653
2,1,45,SLH-DSA-SHAKE-192f_signed-by_ML-DSA-44,SLH-DSA-SHAKE-192f_signed-by_ML-DSA-44,291.276,2370.51,196.267,0,0,0,348.276,24,97537.8,97353.5,42656,42653
2,2,45,SLH-DSA-SHAKE-192f_signed-by_ML-DSA-44,SLH-DSA-SHAKE-192f_signed-by_ML-DSA-44,291.905,2365.4,195.844,0,0,0,366.483,24,97767.6,97374,42656,42653
2,8,46,SLH-DSA-SHAKE-192f_signed-by_ML-DSA-44,SLH-DSA-SHAKE-192f_signed-by_ML-DSA-44,291.687,2367.17,195.991,0,0,0,348.276,19,98056.9,97306,42656,42653
2,6,46,SLH-DSA-SHAKE-192f_signed-by_ML-DSA-44,SLH-DSA-SHAKE-192f_signed-by_ML-DSA-44,291.386,2369.61,196.193,0,0,0,348.276,12,97963.5,97152.4,42656,42653
2,3,46,SLH-DSA-SHAKE-192f_signed-by_ML-DSA-44,SLH-DSA-SHAKE-192f_signed-by_ML-DSA-44,291.652,2367.45,196.014,0,0,0,348.276,24,97603.1,97357.8,42656,42653
2,7,46,SLH-DSA-SHAKE-192f_signed-by_ML-DSA-44,SLH-DSA-SHAKE-192f_signed-by_ML-DSA-44,291.386,2369.61,196.193,0,0,0,348.276,15,97732.1,97536.9,42656,42653
2,5,46,SLH-DSA-SHAKE-192f_signed-by_ML-DSA-44,SLH-DSA-SHAKE-192f_signed-by_ML-DSA-44,292.828,2357.94,195.227,0,0,0,348.276,12,97782.5,98706.7,42656,42653
2,4,43,SLH-DSA-SHAKE-192f_signed-by_ML-DSA-44,SLH-DSA-SHAKE-192f_signed-by_ML-DSA-44,291.216,2370.99,196.307,0,0,0,348.276,24,97964.2,97672.4,42656,42653
2,1,46,SLH-DSA-SHAKE-192f_signed-by_ML-DSA-44,SLH-DSA-SHAKE-192f_signed-by_ML-DSA-44,292.37,2361.63,195.532,0,0,0,348.621,24,97611,97367.9,42656,42653
2,2,46,SLH-DSA-SHAKE-192f_signed-by_ML-DSA-44,SLH-DSA-SHAKE-192f_signed-by_ML-DSA-44,291.063,2372.23,196.41,0,0,0,348.276,24,97396.6,97301.3,42656,42653
2,8,47,SLH-DSA-SHAKE-192f_signed-by_ML-DSA-44,SLH-DSA-SHAKE-192f_signed-by_ML-DSA-44,291.259,2370.64,195.399,0,0,0,393.298,20,97884.5,97483.1,42656,42653
2,6,47,SLH-DSA-SHAKE-192f_signed-by_ML-DSA-44,SLH-DSA-SHAKE-192f_signed-by_ML-DSA-44,290.891,2373.64,196.527,0,0,0,348.276,13,98080.8,97388.6,42656,42653
2,3,47,SLH-DSA-SHAKE-192f_signed-by_ML-DSA-44,SLH-DSA-SHAKE-192f_signed-by_ML-DSA-44,291.888,2365.53,195.855,0,0,0,348.276,24,97569.8,97715.7,42656,42653
2,7,47,SLH-DSA-SHAKE-192f_signed-by_ML-DSA-44,SLH-DSA-SHAKE-192f_signed-by_ML-DSA-44,291.077,2372.13,196.402,0,0,0,348.276,14,97408.6,97373.5,42656,42653
2,5,47,SLH-DSA-SHAKE-192f_signed-by_ML-DSA-44,SLH-DSA-SHAKE-192f_signed-by_ML-DSA-44,292.282,2362.34,194.716,0,0,0,393.298,12,97613.1,97737.1,42656,42653
2,4,44,SLH-DSA-SHAKE-192f_signed-by_ML-DSA-44,SLH-DSA-SHAKE-192f_signed-by_ML-DSA-44,291.313,2370.2,212.554,0,0,0,490.276,24,97732,97404.5,42656,42653
2,1,47,SLH-DSA-SHAKE-192f_signed-by_ML-DSA-44,SLH-DSA-SHAKE-192f_signed-by_ML-DSA-44,291.265,2370.59,195.395,0,0,0,393.298,24,98665.8,97345.2,42656,42653
2,2,47,SLH-DSA-SHAKE-192f_signed-by_ML-DSA-44,SLH-DSA-SHAKE-192f_signed-by_ML-DSA-44,291.903,2365.41,195.845,0,0,0,348.276,24,97660.4,97355.5,42656,42653
2,8,48,SLH-DSA-SHAKE-192f_signed-by_ML-DSA-44,SLH-DSA-SHAKE-192f_signed-by_ML-DSA-44,291.948,2365.05,195.816,0,0,0,348.276,20,97852.8,97342.8,42656,42653
2,6,48,SLH-DSA-SHAKE-192f_signed-by_ML-DSA-44,SLH-DSA-SHAKE-192f_signed-by_ML-DSA-44,291.672,2367.29,196.001,0,0,0,348.276,13,97612,97580.5,42656,42653
2,3,48,SLH-DSA-SHAKE-192f_signed-by_ML-DSA-44,SLH-DSA-SHAKE-192f_signed-by_ML-DSA-44,295.183,2339.13,228.468,0,0,0,465.672,24,97580.2,97299.8,42656,42653
2,7,48,SLH-DSA-SHAKE-192f_signed-by_ML-DSA-44,SLH-DSA-SHAKE-192f_signed-by_ML-DSA-44,292.818,2358.02,195.234,0,0,0,348.276,14,97326,98445.5,42656,42653
2,5,48,SLH-DSA-SHAKE-192f_signed-by_ML-DSA-44,SLH-DSA-SHAKE-192f_signed-by_ML-DSA-44,291.54,2368.36,196.089,0,0,0,348.276,13,97587.3,97230.1,42656,42653
2,4,45,SLH-DSA-SHAKE-192f_signed-by_ML-DSA-44,SLH-DSA-SHAKE-192f_signed-by_ML-DSA-44,293.858,2349.68,194.543,0,0,0,348.276,24,98120.2,97636.5,42656,42653
2,1,48,SLH-DSA-SHAKE-192f_signed-by_ML-DSA-44,SLH-DSA-SHAKE-192f_signed-by_ML-DSA-44,291.21,2371.04,195.433,0,0,0,393.298,24,98293.8,97672,42656,42653
2,2,48,SLH-DSA-SHAKE-192f_signed-by_ML-DSA-44,SLH-DSA-SHAKE-192f_signed-by_ML-DSA-44,291.32,2370.15,195.359,0,0,0,393.298,24,97840.6,97329.7,42656,42653
2,8,49,SLH-DSA-SHAKE-192f_signed-by_ML-DSA-44,SLH-DSA-SHAKE-192f_signed-by_ML-DSA-44,295.801,2334.24,227.99,0,0,0,465.672,20,98167.8,97354.8,42656,42653
2,6,49,SLH-DSA-SHAKE-192f_signed-by_ML-DSA-44,SLH-DSA-SHAKE-192f_signed-by_ML-DSA-44,291.96,2364.95,195.807,0,0,0,348.276,14,97735.8,97409.2,42656,42653
2,3,49,SLH-DSA-SHAKE-192f_signed-by_ML-DSA-44,SLH-DSA-SHAKE-192f_signed-by_ML-DSA-44,291.28,2370.47,196.265,0,0,0,348.276,24,98164.9,97310.7,42656,42653
2,7,49,SLH-DSA-SHAKE-192f_signed-by_ML-DSA-44,SLH-DSA-SHAKE-192f_signed-by_ML-DSA-44,291.188,2371.22,196.327,0,0,0,348.276,14,97475,97423,42656,42653
2,5,49,SLH-DSA-SHAKE-192f_signed-by_ML-DSA-44,SLH-DSA-SHAKE-192f_signed-by_ML-DSA-44,292.808,2358.1,194.366,0,0,0,579.965,13,97529.5,97484.9,42656,42653
2,4,46,SLH-DSA-SHAKE-192f_signed-by_ML-DSA-44,SLH-DSA-SHAKE-192f_signed-by_ML-DSA-44,291.31,2370.22,195.365,0,0,0,393.298,24,97658,97578.3,42656,42653
2,1,49,SLH-DSA-SHAKE-192f_signed-by_ML-DSA-44,SLH-DSA-SHAKE-192f_signed-by_ML-DSA-44,292.645,2359.41,194.474,0,0,0,393.298,24,97555.8,97357.8,42656,42653
2,2,49,SLH-DSA-SHAKE-192f_signed-by_ML-DSA-44,SLH-DSA-SHAKE-192f_signed-by_ML-DSA-44,291.5,2368.69,196.117,0,0,0,348.621,24,97569.6,97373.1,42656,42653
2,8,50,SLH-DSA-SHAKE-192f_signed-by_ML-DSA-44,SLH-DSA-SHAKE-192f_signed-by_ML-DSA-44,291.379,2369.66,195.319,0,0,0,393.298,20,97884,97339,42656,42653
2,6,50,SLH-DSA-SHAKE-192f_signed-by_ML-DSA-44,SLH-DSA-SHAKE-192f_signed-by_ML-DSA-44,291.428,2369.26,196.164,0,0,0,348.276,15,97556.8,97357.8,42656,42653
2,3,50,SLH-DSA-SHAKE-192f_signed-by_ML-DSA-44,SLH-DSA-SHAKE-192f_signed-by_ML-DSA-44,292.668,2359.23,195.333,0,0,0,348.276,24,97947.6,97216.9,42656,42653
2,7,50,SLH-DSA-SHAKE-192f_signed-by_ML-DSA-44,SLH-DSA-SHAKE-192f_signed-by_ML-DSA-44,292.171,2363.24,195.666,0,0,0,351.31,13,97530.2,97772.7,42656,42653
2,5,50,SLH-DSA-SHAKE-192f_signed-by_ML-DSA-44,SLH-DSA-SHAKE-192f_signed-by_ML-DSA-44,291.633,2367.6,195.149,0,0,0,393.298,13,97614.2,97578.5,42656,42653
2,4,47,SLH-DSA-SHAKE-192f_signed-by_ML-DSA-44,SLH-DSA-SHAKE-192f_signed-by_ML-DSA-44,291.63,2367.62,196.029,0,0,0,348.276,24,97479.2,97684,42656,42653
2,1,50,SLH-DSA-SHAKE-192f_signed-by_ML-DSA-44,SLH-DSA-SHAKE-192f_signed-by_ML-DSA-44,291.332,2370.04,196.229,0,0,0,348.276,24,97859.9,97305.3,42656,42653
2,2,50,SLH-DSA-SHAKE-192f_signed-by_ML-DSA-44,SLH-DSA-SHAKE-192f_signed-by_ML-DSA-44,291.034,2372.47,196.43,0,0,0,348.276,24,97696.2,97272.5,42656,42653
2,8,51,SLH-DSA-SHAKE-192f_signed-by_ML-DSA-44,SLH-DSA-SHAKE-192f_signed-by_ML-DSA-44,295.113,2339.69,193.716,0,0,0,348.276,20,97530.3,97934.7,42656,42653
2,6,51,SLH-DSA-SHAKE-192f_signed-by_ML-DSA-44,SLH-DSA-SHAKE-192f_signed-by_ML-DSA-44,292.365,2361.68,194.661,0,0,0,393.298,15,97718.7,97368.1,42656,42653
2,3,51,SLH-DSA-SHAKE-192f_signed-by_ML-DSA-44,SLH-DSA-SHAKE-192f_signed-by_ML-DSA-44,291.106,2371.89,196.382,0,0,0,348.276,24,97608,97261.3,42656,42653
2,7,51,SLH-DSA-SHAKE-192f_signed-by_ML-DSA-44,SLH-DSA-SHAKE-192f_signed-by_ML-DSA-44,291.63,2367.63,196.029,0.189655,0,0,348.276,13,97549.1,97501.6,42656,42653
2,5,51,SLH-DSA-SHAKE-192f_signed-by_ML-DSA-44,SLH-DSA-SHAKE-192f_signed-by_ML-DSA-44,291.438,2369.19,196.158,0.189655,0,0,348.276,13,97670.5,97526,42656,42653
2,4,48,SLH-DSA-SHAKE-192f_signed-by_ML-DSA-44,SLH-DSA-SHAKE-192f_signed-by_ML-DSA-44,291.531,2368.43,196.096,0.189655,0,0,348.276,24,98265.2,97691.4,42656,42653
2,1,51,SLH-DSA-SHAKE-192f_signed-by_ML-DSA-44,SLH-DSA-SHAKE-192f_signed-by_ML-DSA-44,291.163,2371.43,196.344,0.189655,0,0,349.724,24,98060.4,97255,42656,42653
2,2,51,SLH-DSA-SHAKE-192f_signed-by_ML-DSA-44,SLH-DSA-SHAKE-192f_signed-by_ML-DSA-44,291.313,2370.21,195.364,0.192982,0,0,393.298,24,97819.5,97705.3,42656,42653
2,8,52,SLH-DSA-SHAKE-192f_signed-by_ML-DSA-44,SLH-DSA-SHAKE-192f_signed-by_ML-DSA-44,291.459,2369.02,196.144,0.189655,0,0,348.276,19,97780.7,97504.5,42656,42653
2,6,52,SLH-DSA-SHAKE-192f_signed-by_ML-DSA-44,SLH-DSA-SHAKE-192f_signed-by_ML-DSA-44,295.945,2333.11,199.605,0.183333,3,0.05,376.467,16,98401.7,97337,42656,42653
2,3,52,SLH-DSA-SHAKE-192f_signed-by_ML-DSA-44,SLH-DSA-SHAKE-192f_signed-by_ML-DSA-44,292.513,2360.48,215.785,0.180328,23,0.377049,362,24,97644.6,97347.8,42656,42653
2,7,52,SLH-DSA-SHAKE-192f_signed-by_ML-DSA-44,SLH-DSA-SHAKE-192f_signed-by_ML-DSA-44,292.067,2364.09,195.736,0,0,0,348.276,12,97675.3,97464.3,42656,42653
2,5,52,SLH-DSA-SHAKE-192f_signed-by_ML-DSA-44,SLH-DSA-SHAKE-192f_signed-by_ML-DSA-44,292.096,2363.85,195.716,0,0,0,348.276,13,97406.2,97528.5,42656,42653
2,4,49,SLH-DSA-SHAKE-192f_signed-by_ML-DSA-44,SLH-DSA-SHAKE-192f_signed-by_ML-DSA-44,291.565,2368.16,196.073,0,0,0,351.31,24,97891.5,97619.8,42656,42653
2,1,52,SLH-DSA-SHAKE-192f_signed-by_ML-DSA-44,SLH-DSA-SHAKE-192f_signed-by_ML-DSA-44,290.947,2373.19,196.489,0,0,0,348.276,24,97854.7,97325.9,42656,42653
2,2,52,SLH-DSA-SHAKE-192f_signed-by_ML-DSA-44,SLH-DSA-SHAKE-192f_signed-by_ML-DSA-44,291.394,2369.55,196.188,0,0,0,348.276,24,97566.6,97516.8,42656,42653
2,8,53,SLH-DSA-SHAKE-192f_signed-by_ML-DSA-44,SLH-DSA-SHAKE-192f_signed-by_ML-DSA-44,292.234,2362.73,194.747,0,0,0,396.596,19,98349.6,98649.5,42656,42653
2,6,53,SLH-DSA-SHAKE-192f_signed-by_ML-DSA-44,SLH-DSA-SHAKE-192f_signed-by_ML-DSA-44,291.675,2367.26,195.998,0,0,0,349.724,16,97786.8,97622.8,42656,42653
2,3,53,SLH-DSA-SHAKE-192f_signed-by_ML-DSA-44,SLH-DSA-SHAKE-192f_signed-by_ML-DSA-44,291.328,2370.08,196.232,0,0,0,360.276,24,97563.4,97282.2,42656,42653
2,7,53,SLH-DSA-SHAKE-192f_signed-by_ML-DSA-44,SLH-DSA-SHAKE-192f_signed-by_ML-DSA-44,293.778,2350.31,194.595,0,0,0,348.276,12,97825.8,98088.8,42656,42653
2,5,53,SLH-DSA-SHAKE-192f_signed-by_ML-DSA-44,SLH-DSA-SHAKE-192f_signed-by_ML-DSA-44,291.7,2367.06,195.104,0,0,0,393.298,13,97494.2,97789.1,42656,42653
2,4,50,SLH-DSA-SHAKE-192f_signed-by_ML-DSA-44,SLH-DSA-SHAKE-192f_signed-by_ML-DSA-44,291.389,2369.58,195.312,0,0,0,393.298,24,97759.7,97463.9,42656,42653
2,1,53,SLH-DSA-SHAKE-192f_signed-by_ML-DSA-44,SLH-DSA-SHAKE-192f_signed-by_ML-DSA-44,291.576,2368.06,196.065,0,0,0,348.276,24,97951.8,97257.4,42656,42653
2,2,53,SLH-DSA-SHAKE-192f_signed-by_ML-DSA-44,SLH-DSA-SHAKE-192f_signed-by_ML-DSA-44,292.175,2363.21,195.663,0,0,0,348.276,24,97583.7,97633.4,42656,42653
2,8,54,SLH-DSA-SHAKE-192f_signed-by_ML-DSA-44,SLH-DSA-SHAKE-192f_signed-by_ML-DSA-44,291.467,2368.95,196.139,0,0,0,348.276,18,97636.1,97489.2,42656,42653
2,6,54,SLH-DSA-SHAKE-192f_signed-by_ML-DSA-44,SLH-DSA-SHAKE-192f_signed-by_ML-DSA-44,291.121,2371.77,196.372,0,0,0,348.276,16,97573.8,97427.9,42656,42653
2,3,54,SLH-DSA-SHAKE-192f_signed-by_ML-DSA-44,SLH-DSA-SHAKE-192f_signed-by_ML-DSA-44,292.22,2362.85,195.633,0,0,0,348.276,24,97684.9,97491.2,42656,42653
2,7,54,SLH-DSA-SHAKE-192f_signed-by_ML-DSA-44,SLH-DSA-SHAKE-192f_signed-by_ML-DSA-44,290.922,2373.39,195.626,0,0,0,393.298,11,98002.5,97261,42656,42653
2,5,54,SLH-DSA-SHAKE-192f_signed-by_ML-DSA-44,SLH-DSA-SHAKE-192f_signed-by_ML-DSA-44,292.24,2362.69,195.62,0,0,0,378.414,13,97925.6,97176.7,42656,42653
2,4,51,SLH-DSA-SHAKE-192f_signed-by_ML-DSA-44,SLH-DSA-SHAKE-192f_signed-by_ML-DSA-44,293.541,2352.22,193.881,0,0,0,393.298,24,97498.6,97384.8,42656,42653
2,1,54,SLH-DSA-SHAKE-192f_signed-by_ML-DSA-44,SLH-DSA-SHAKE-192f_signed-by_ML-DSA-44,291.135,2371.66,196.362,0,0,0,348.276,24,97564.3,97361.3,42656,42653
2,2,54,SLH-DSA-SHAKE-192f_signed-by_ML-DSA-44,SLH-DSA-SHAKE-192f_signed-by_ML-DSA-44,291.329,2370.08,213.422,0,0,0,444.373,24,97772.7,97316.7,42656,42653
2,8,55,SLH-DSA-SHAKE-192f_signed-by_ML-DSA-44,SLH-DSA-SHAKE-192f_signed-by_ML-DSA-44,291.337,2370.01,196.226,0.0689655,0,0,348.276,17,97553.4,97309.9,42656,42653
2,6,55,SLH-DSA-SHAKE-192f_signed-by_ML-DSA-44,SLH-DSA-SHAKE-192f_signed-by_ML-DSA-44,292.397,2361.42,195.515,0.0689655,0,0,348.276,17,97466.9,97956.9,42656,42653
2,3,55,SLH-DSA-SHAKE-192f_signed-by_ML-DSA-44,SLH-DSA-SHAKE-192f_signed-by_ML-DSA-44,293.4,2353.35,194.847,0.0689655,0,0,348.276,24,97655.9,97549.4,42656,42653
2,7,55,SLH-DSA-SHAKE-192f_signed-by_ML-DSA-44,SLH-DSA-SHAKE-192f_signed-by_ML-DSA-44,291.473,2368.91,196.135,0.0689655,0,0,351.517,10,97899.5,97697.4,42656,42653
2,5,55,SLH-DSA-SHAKE-192f_signed-by_ML-DSA-44,SLH-DSA-SHAKE-192f_signed-by_ML-DSA-44,291.027,2372.53,196.435,0.0689655,0,0,348.276,13,97553.9,97241.5,42656,42653
2,4,52,SLH-DSA-SHAKE-192f_signed-by_ML-DSA-44,SLH-DSA-SHAKE-192f_signed-by_ML-DSA-44,292.579,2359.95,205.893,0.0634921,9,0.142857,327.714,24,97477.4,97321.8,42656,42653
2,1,55,SLH-DSA-SHAKE-192f_signed-by_ML-DSA-44,SLH-DSA-SHAKE-192f_signed-by_ML-DSA-44,294.92,2341.22,193.354,0.0689655,0,0,388.897,24,97590.5,97932.9,42656,42653
2,2,55,SLH-DSA-SHAKE-192f_signed-by_ML-DSA-44,SLH-DSA-SHAKE-192f_signed-by_ML-DSA-44,291.517,2368.55,196.105,0.0689655,0,0,348.276,24,97928,97309.5,42656,42653
2,8,56,SLH-DSA-SHAKE-192f_signed-by_ML-DSA-44,SLH-DSA-SHAKE-192f_signed-by_ML-DSA-44,291.103,2371.92,196.384,0.396552,0,0,348.276,17,97717.1,97046.7,42656,42653
2,6,56,SLH-DSA-SHAKE-192f_signed-by_ML-DSA-44,SLH-DSA-SHAKE-192f_signed-by_ML-DSA-44,292.235,2362.72,194.747,0.403509,0,0,393.93,17,97477.5,97389.5,42656,42653
2,3,56,SLH-DSA-SHAKE-192f_signed-by_ML-DSA-44,SLH-DSA-SHAKE-192f_signed-by_ML-DSA-44,291.538,2368.37,196.09,0.396552,0,0,348.276,24,98294.2,97365.5,42656,42653
2,7,56,SLH-DSA-SHAKE-192f_signed-by_ML-DSA-44,SLH-DSA-SHAKE-192f_signed-by_ML-DSA-44,292.574,2359.98,195.396,0.396552,0,0,348.276,10,97861.7,97754.5,42656,42653
2,5,56,SLH-DSA-SHAKE-192f_signed-by_ML-DSA-44,SLH-DSA-SHAKE-192f_signed-by_ML-DSA-44,290.808,2374.31,195.702,0.403509,0,0,393.298,13,97439.1,97424.1,42656,42653
2,4,53,SLH-DSA-SHAKE-192f_signed-by_ML-DSA-44,SLH-DSA-SHAKE-192f_signed-by_ML-DSA-44,291.053,2372.32,195.538,0.403509,0,0,405.579,24,97769,97414.4,42656,42653
2,1,56,SLH-DSA-SHAKE-192f_signed-by_ML-DSA-44,SLH-DSA-SHAKE-192f_signed-by_ML-DSA-44,291.568,2368.13,196.948,0.389831,0,0,343.017,24,98164,97696.1,42656,42653
2,2,56,SLH-DSA-SHAKE-192f_signed-by_ML-DSA-44,SLH-DSA-SHAKE-192f_signed-by_ML-DSA-44,297.037,2324.53,222.032,0.377049,45,0.737705,458.525,24,97534,97676.3,42656,42653
2,8,57,SLH-DSA-SHAKE-192f_signed-by_ML-DSA-44,SLH-DSA-SHAKE-192f_signed-by_ML-DSA-44,291.775,2366.45,195.931,0,0,0,351.724,16,97684.5,97598.9,42656,42653
2,6,57,SLH-DSA-SHAKE-192f_signed-by_ML-DSA-44,SLH-DSA-SHAKE-192f_signed-by_ML-DSA-44,292.026,2364.41,195.763,0,0,0,348.276,17,97618.4,97742,42656,42653
2,3,57,SLH-DSA-SHAKE-192f_signed-by_ML-DSA-44,SLH-DSA-SHAKE-192f_signed-by_ML-DSA-44,290.77,2374.63,196.608,0,0,0,348.345,24,97851.4,97283.3,42656,42653
2,7,57,SLH-DSA-SHAKE-192f_signed-by_ML-DSA-44,SLH-DSA-SHAKE-192f_signed-by_ML-DSA-44,291.88,2365.59,195.861,0.396552,0,0,348.276,11,97462.9,97609.1,42656,42653
2,5,57,SLH-DSA-SHAKE-192f_signed-by_ML-DSA-44,SLH-DSA-SHAKE-192f_signed-by_ML-DSA-44,291.114,2371.82,196.376,0.396552,0,0,348.276,12,97414,97347.5,42656,42653
2,4,54,SLH-DSA-SHAKE-192f_signed-by_ML-DSA-44,SLH-DSA-SHAKE-192f_signed-by_ML-DSA-44,291.464,2368.98,196.141,0.396552,0,0,348.276,24,97900,97393.7,42656,42653
2,1,57,SLH-DSA-SHAKE-192f_signed-by_ML-DSA-44,SLH-DSA-SHAKE-192f_signed-by_ML-DSA-44,290.986,2372.87,196.463,0.396552,0,0,348.276,24,97991.5,97270.4,42656,42653
2,2,57,SLH-DSA-SHAKE-192f_signed-by_ML-DSA-44,SLH-DSA-SHAKE-192f_signed-by_ML-DSA-44,291.479,2368.86,196.131,0.396552,0,0,348.276,24,97609.7,98023.9,42656,42653
2,8,58,SLH-DSA-SHAKE-192f_signed-by_ML-DSA-44,SLH-DSA-SHAKE-192f_signed-by_ML-DSA-44,294.92,2341.22,193.842,0.396552,0,0,348.276,15,98177.8,97932.5,42656,42653
2,6,58,SLH-DSA-SHAKE-192f_signed-by_ML-DSA-44,SLH-DSA-SHAKE-192f_signed-by_ML-DSA-44,291.636,2367.58,217.421,0.370968,1,0.016129,424.968,16,97502.9,97633.2,42656,42653
2,3,58,SLH-DSA-SHAKE-192f_signed-by_ML-DSA-44,SLH-DSA-SHAKE-192f_signed-by_ML-DSA-44,298.298,2314.7,231.553,0.359375,46,0.71875,371.688,24,97599.2,97350,42656,42653
2,7,58,SLH-DSA-SHAKE-192f_signed-by_ML-DSA-44,SLH-DSA-SHAKE-192f_signed-by_ML-DSA-44,293.163,2355.25,195.004,0,0,0,348.276,12,97556,97266.8,42656,42653
2,5,58,SLH-DSA-SHAKE-192f_signed-by_ML-DSA-44,SLH-DSA-SHAKE-192f_signed-by_ML-DSA-44,292.836,2357.88,194.347,0,0,0,396.807,12,97495.2,97683.1,42656,42653
2,4,55,SLH-DSA-SHAKE-192f_signed-by_ML-DSA-44,SLH-DSA-SHAKE-192f_signed-by_ML-DSA-44,291.445,2369.13,195.275,0,0,0,393.298,24,97687.5,97698.8,42656,42653
2,1,58,SLH-DSA-SHAKE-192f_signed-by_ML-DSA-44,SLH-DSA-SHAKE-192f_signed-by_ML-DSA-44,291.435,2369.21,196.16,0,0,0,348.276,24,97665.9,97436.6,42656,42653
2,2,58,SLH-DSA-SHAKE-192f_signed-by_ML-DSA-44,SLH-DSA-SHAKE-192f_signed-by_ML-DSA-44,290.974,2372.97,196.471,0,0,0,378.414,24,97969.6,97308.9,42656,42653
2,8,59,SLH-DSA-SHAKE-192f_signed-by_ML-DSA-44,SLH-DSA-SHAKE-192f_signed-by_ML-DSA-44,291.808,2366.18,195.909,0,0,0,348.276,15,97821.3,97599.7,42656,42653
2,6,59,SLH-DSA-SHAKE-192f_signed-by_ML-DSA-44,SLH-DSA-SHAKE-192f_signed-by_ML-DSA-44,291.005,2372.71,196.45,0,0,0,348.276,16,97952.6,97218.8,42656,42653
2,3,59,SLH-DSA-SHAKE-192f_signed-by_ML-DSA-44,SLH-DSA-SHAKE-192f_signed-by_ML-DSA-44,291.018,2372.6,196.441,0,0,0,348.276,24,97668,97371.9,42656,42653
2,7,59,SLH-DSA-SHAKE-192f_signed-by_ML-DSA-44,SLH-DSA-SHAKE-192f_signed-by_ML-DSA-44,291.238,2370.81,195.414,0,0,0,393.298,12,97804.5,97290.7,42656,42653
2,5,59,SLH-DSA-SHAKE-192f_signed-by_ML-DSA-44,SLH-DSA-SHAKE-192f_signed-by_ML-DSA-44,292.759,2358.49,195.273,0,0,0,348.276,12,97548.9,97811.2,42656,42653
2,4,56,SLH-DSA-SHAKE-192f_signed-by_ML-DSA-44,SLH-DSA-SHAKE-192f_signed-by_ML-DSA-44,291.943,2365.09,195.819,0,0,0,348.276,24,97762.8,97529,42656,42653
2,1,59,SLH-DSA-SHAKE-192f_signed-by_ML-DSA-44,SLH-DSA-SHAKE-192f_signed-by_ML-DSA-44,291.867,2365.7,195.869,0,0,0,350.345,24,97454.8,97665.7,42656,42653
2,2,59,SLH-DSA-SHAKE-192f_signed-by_ML-DSA-44,SLH-DSA-SHAKE-192f_signed-by_ML-DSA-44,291.758,2366.58,195.943,0,0,0,348.276,24,98187.6,97384.1,42656,42653
2,8,60,SLH-DSA-SHAKE-192f_signed-by_ML-DSA-44,SLH-DSA-SHAKE-192f_signed-by_ML-DSA-44,291.596,2367.91,196.052,0,0,0,348.276,14,97719.4,97671.5,42656,42653
2,6,60,SLH-DSA-SHAKE-192f_signed-by_ML-DSA-44,SLH-DSA-SHAKE-192f_signed-by_ML-DSA-44,291.375,2369.7,196.201,0,0,0,348.276,16,97709.7,97250.2,42656,42653
2,3,60,SLH-DSA-SHAKE-192f_signed-by_ML-DSA-44,SLH-DSA-SHAKE-192f_signed-by_ML-DSA-44,291.345,2369.94,196.22,0,0,0,348.276,24,97551.2,97309.9,42656,42653
2,7,60,SLH-DSA-SHAKE-192f_signed-by_ML-DSA-44,SLH-DSA-SHAKE-192f_signed-by_ML-DSA-44,293.038,2356.25,195.087,0,0,0,348.276,13,97820.7,97387.3,42656,42653
2,5,60,SLH-DSA-SHAKE-192f_signed-by_ML-DSA-44,SLH-DSA-SHAKE-192f_signed-by_ML-DSA-44,292.217,2362.87,195.635,0,0,0,348.276,12,97499.4,97488.3,42656,42653
2,4,57,SLH-DSA-SHAKE-192f_signed-by_ML-DSA-44,SLH-DSA-SHAKE-192f_signed-by_ML-DSA-44,292.986,2356.66,195.121,0,0,0,531.724,24,98007.2,97357.9,42656,42653
2,1,60,SLH-DSA-SHAKE-192f_signed-by_ML-DSA-44,SLH-DSA-SHAKE-192f_signed-by_ML-DSA-44,291.141,2371.6,195.479,0,0,0,393.298,24,97649.3,97666.8,42656,42653
2,2,60,SLH-DSA-SHAKE-192f_signed-by_ML-DSA-44,SLH-DSA-SHAKE-192f_signed-by_ML-DSA-44,291.589,2367.96,196.056,0,0,0,348.276,24,97779,97175.2,42656,42653
2,8,61,SLH-DSA-SHAKE-192f_signed-by_ML-DSA-44,SLH-DSA-SHAKE-192f_signed-by_ML-DSA-44,291.466,2368.96,196.139,0,0,0,377.793,14,97545.8,97655.8,42656,42653
2,6,61,SLH-DSA-SHAKE-192f_signed-by_ML-DSA-44,SLH-DSA-SHAKE-192f_signed-by_ML-DSA-44,292.693,2359.03,195.317,0,0,0,348.276,16,97659.7,97708.6,42656,42653
2,3,61,SLH-DSA-SHAKE-192f_signed-by_ML-DSA-44,SLH-DSA-SHAKE-192f_signed-by_ML-DSA-44,291.475,2368.89,195.255,0,0,0,394,24,97606.8,97647.8,42656,42653
2,7,61,SLH-DSA-SHAKE-192f_signed-by_ML-DSA-44,SLH-DSA-SHAKE-192f_signed-by_ML-DSA-44,291.935,2365.15,195.824,0,0,0,348.276,13,97642.6,97345.3,42656,42653
2,5,61,SLH-DSA-SHAKE-192f_signed-by_ML-DSA-44,SLH-DSA-SHAKE-192f_signed-by_ML-DSA-44,295.136,2339.5,193.7,0,0,0,348.276,12,97868.3,97227.2,42656,42653
2,4,58,SLH-DSA-SHAKE-192f_signed-by_ML-DSA-44,SLH-DSA-SHAKE-192f_signed-by_ML-DSA-44,293.852,2349.72,194.546,0,0,0,348.276,24,97868.3,97314.3,42656,42653
2,1,61,SLH-DSA-SHAKE-192f_signed-by_ML-DSA-44,SLH-DSA-SHAKE-192f_signed-by_ML-DSA-44,292.916,2357.23,194.294,0,0,0,393.298,24,97629.9,97985.9,42656,42653
2,2,61,SLH-DSA-SHAKE-192f_signed-by_ML-DSA-44,SLH-DSA-SHAKE-192f_signed-by_ML-DSA-44,291.617,2367.73,195.16,0,0,0,393.298,24,98255,97239.6,42656,42653
2,8,62,SLH-DSA-SHAKE-192f_signed-by_ML-DSA-44,SLH-DSA-SHAKE-192f_signed-by_ML-DSA-44,292.832,2357.91,195.224,0,0,0,348.276,14,97717.4,97626.2,42656,42653
2,6,62,SLH-DSA-SHAKE-192f_signed-by_ML-DSA-44,SLH-DSA-SHAKE-192f_signed-by_ML-DSA-44,291.758,2366.59,195.943,0,0,0,348.276,15,97518.2,97325.9,42656,42653
2,3,62,SLH-DSA-SHAKE-192f_signed-by_ML-DSA-44,SLH-DSA-SHAKE-192f_signed-by_ML-DSA-44,291.461,2369,196.142,0,0,0,348.276,24,97616.7,97334.8,42656,42653
2,7,62,SLH-DSA-SHAKE-192f_signed-by_ML-DSA-44,SLH-DSA-SHAKE-192f_signed-by_ML-DSA-44,291.439,2369.18,196.157,0,0,0,348.276,14,97433.1,97374,42656,42653
2,5,62,SLH-DSA-SHAKE-192f_signed-by_ML-DSA-44,SLH-DSA-SHAKE-192f_signed-by_ML-DSA-44,292.091,2363.89,195.72,0,0,0,348.276,11,98087.2,97392.2,42656,42653
2,4,59,SLH-DSA-SHAKE-192f_signed-by_ML-DSA-44,SLH-DSA-SHAKE-192f_signed-by_ML-DSA-44,291.37,2369.74,196.204,0,0,0,348.276,24,97677.6,97221.2,42656,42653
2,1,62,SLH-DSA-SHAKE-192f_signed-by_ML-DSA-44,SLH-DSA-SHAKE-192f_signed-by_ML-DSA-44,295.212,2338.9,192.783,0,0,0,393.298,24,97581.5,97945,42656,42653
2,2,62,SLH-DSA-SHAKE-192f_signed-by_ML-DSA-44,SLH-DSA-SHAKE-192f_signed-by_ML-DSA-44,291.975,2364.83,195.797,0,0,0,348.966,24,97929.1,97659.1,42656,42653
2,8,63,SLH-DSA-SHAKE-192f_signed-by_ML-DSA-44,SLH-DSA-SHAKE-192f_signed-by_ML-DSA-44,291.034,2372.48,196.431,0,0,0,348.276,14,97537,97394.3,42656,42653
2,6,63,SLH-DSA-SHAKE-192f_signed-by_ML-DSA-44,SLH-DSA-SHAKE-192f_signed-by_ML-DSA-44,291.969,2364.88,195.802,0,0,0,348.276,15,97612.9,97286.9,42656,42653
2,3,63,SLH-DSA-SHAKE-192f_signed-by_ML-DSA-44,SLH-DSA-SHAKE-192f_signed-by_ML-DSA-44,291.987,2364.73,194.912,0,0,0,393.298,24,97778.6,98069.3,42656,42653
2,7,63,SLH-DSA-SHAKE-192f_signed-by_ML-DSA-44,SLH-DSA-SHAKE-192f_signed-by_ML-DSA-44,291.521,2368.51,196.102,0,0,0,348.276,14,97699.3,97375.3,42656,42653
2,5,63,SLH-DSA-SHAKE-192f_signed-by_ML-DSA-44,SLH-DSA-SHAKE-192f_signed-by_ML-DSA-44,291.261,2370.62,196.277,0,0,0,349.655,10,100813,97635.2,42656,42653
2,4,60,SLH-DSA-SHAKE-192f_signed-by_ML-DSA-44,SLH-DSA-SHAKE-192f_signed-by_ML-DSA-44,292.98,2356.71,195.125,0,0,0,348.276,24,98215.7,97773.3,42656,42653
2,1,63,SLH-DSA-SHAKE-192f_signed-by_ML-DSA-44,SLH-DSA-SHAKE-192f_signed-by_ML-DSA-44,291.44,2369.17,196.156,0,0,0,348.276,24,97724.8,97225.7,42656,42653
2,2,63,SLH-DSA-SHAKE-192f_signed-by_ML-DSA-44,SLH-DSA-SHAKE-192f_signed-by_ML-DSA-44,293.956,2348.89,194.477,0,0,0,348.276,24,97778.4,97620.9,42656,42653
2,8,64,SLH-DSA-SHAKE-192f_signed-by_ML-DSA-44,SLH-DSA-SHAKE-192f_signed-by_ML-DSA-44,291.101,2371.93,196.385,0,0,0,348.276,14,97597.6,97377.7,42656,42653
2,6,64,SLH-DSA-SHAKE-192f_signed-by_ML-DSA-44,SLH-DSA-SHAKE-192f_signed-by_ML-DSA-44,291.318,2370.16,196.239,0,0,0,348.276,14,97924.3,97325.9,42656,42653
2,3,64,SLH-DSA-SHAKE-192f_signed-by_ML-DSA-44,SLH-DSA-SHAKE-192f_signed-by_ML-DSA-44,291.472,2368.91,196.135,0,0,0,348.276,24,98211.1,97537.4,42656,42653
2,7,64,SLH-DSA-SHAKE-192f_signed-by_ML-DSA-44,SLH-DSA-SHAKE-192f_signed-by_ML-DSA-44,291.655,2367.42,196.012,0,0,0,348.276,14,97850.6,98029,42656,42653
2,5,64,SLH-DSA-SHAKE-192f_signed-by_ML-DSA-44,SLH-DSA-SHAKE-192f_signed-by_ML-DSA-44,291.685,2367.18,195.992,0,0,0,348.276,10,97801.3,97821.7,42656,42653
2,4,61,SLH-DSA-SHAKE-192f_signed-by_ML-DSA-44,SLH-DSA-SHAKE-192f_signed-by_ML-DSA-44,291.7,2367.06,195.982,0,0,0,348.276,24,97518.8,97235.3,42656,42653
2,1,64,SLH-DSA-SHAKE-192f_signed-by_ML-DSA-44,SLH-DSA-SHAKE-192f_signed-by_ML-DSA-44,291.533,2368.41,196.094,0,0,0,348.414,24,97757.9,97313,42656,42653
2,2,64,SLH-DSA-SHAKE-192f_signed-by_ML-DSA-44,SLH-DSA-SHAKE-192f_signed-by_ML-DSA-44,291.379,2369.67,196.198,0,0,0,348.276,24,97483,97437.1,42656,42653
2,8,65,SLH-DSA-SHAKE-192f_signed-by_ML-DSA-44,SLH-DSA-SHAKE-192f_signed-by_ML-DSA-44,291.859,2365.77,195.875,0,0,0,348.276,14,97718,97245.2,42656,42653
2,6,65,SLH-DSA-SHAKE-192f_signed-by_ML-DSA-44,SLH-DSA-SHAKE-192f_signed-by_ML-DSA-44,293.89,2349.42,194.521,0,0,0,348.276,14,98006.9,97343.4,42656,42653
2,3,65,SLH-DSA-SHAKE-192f_signed-by_ML-DSA-44,SLH-DSA-SHAKE-192f_signed-by_ML-DSA-44,291.394,2369.54,196.187,0,0,0,348.276,24,97811.9,97314.5,42656,42653
2,7,65,SLH-DSA-SHAKE-192f_signed-by_ML-DSA-44,SLH-DSA-SHAKE-192f_signed-by_ML-DSA-44,291.695,2367.1,195.985,0,0,0,353.103,15,98040.7,98013.9,42656,42653
2,5,65,SLH-DSA-SHAKE-192f_signed-by_ML-DSA-44,SLH-DSA-SHAKE-192f_signed-by_ML-DSA-44,291.247,2370.74,196.286,0,0,0,348.276,9,97578.3,97319.5,42656,42653
2,4,62,SLH-DSA-SHAKE-192f_signed-by_ML-DSA-44,SLH-DSA-SHAKE-192f_signed-by_ML-DSA-44,291.192,2371.18,196.324,0,0,0,348.276,24,97494.1,97348.8,42656,42653
2,1,65,SLH-DSA-SHAKE-192f_signed-by_ML-DSA-44,SLH-DSA-SHAKE-192f_signed-by_ML-DSA-44,290.953,2373.13,196.485,0,0,0,348.276,24,97648.4,97427,42656,42653
2,2,65,SLH-DSA-SHAKE-192f_signed-by_ML-DSA-44,SLH-DSA-SHAKE-192f_signed-by_ML-DSA-44,291.764,2366.54,195.939,0,0,0,348.276,24,97675.6,97237.4,42656,42653
2,8,66,SLH-DSA-SHAKE-192f_signed-by_ML-DSA-44,SLH-DSA-SHAKE-192f_signed-by_ML-DSA-44,291.763,2366.55,195.94,0,0,0,348.345,14,97618,97325.5,42656,42653
2,6,66,SLH-DSA-SHAKE-192f_signed-by_ML-DSA-44,SLH-DSA-SHAKE-192f_signed-by_ML-DSA-44,291.844,2365.89,195.885,0,0,0,348.897,14,97804.2,97580.9,42656,42653
2,3,66,SLH-DSA-SHAKE-192f_signed-by_ML-DSA-44,SLH-DSA-SHAKE-192f_signed-by_ML-DSA-44,294.109,2347.67,193.506,0,0,0,439.965,24,97752.9,97604.4,42656,42653
2,7,66,SLH-DSA-SHAKE-192f_signed-by_ML-DSA-44,SLH-DSA-SHAKE-192f_signed-by_ML-DSA-44,291.766,2366.52,195.06,0,0,0,393.298,15,97495.5,98058.5,42656,42653
2,5,66,SLH-DSA-SHAKE-192f_signed-by_ML-DSA-44,SLH-DSA-SHAKE-192f_signed-by_ML-DSA-44,291.643,2367.52,196.02,0,0,0,348.276,9,98010.6,97334.2,42656,42653
2,4,63,SLH-DSA-SHAKE-192f_signed-by_ML-DSA-44,SLH-DSA-SHAKE-192f_signed-by_ML-DSA-44,291.511,2368.59,195.231,0,0,0,393.298,24,97718,97324.8,42656,42653
2,1,66,SLH-DSA-SHAKE-192f_signed-by_ML-DSA-44,SLH-DSA-SHAKE-192f_signed-by_ML-DSA-44,290.928,2373.34,196.502,0,0,0,348.276,24,97601.4,97250.1,42656,42653
2,2,66,SLH-DSA-SHAKE-192f_signed-by_ML-DSA-44,SLH-DSA-SHAKE-192f_signed-by_ML-DSA-44,292.193,2363.06,194.775,0,0,0,579.965,24,97522.8,97179.8,42656,42653
2,8,67,SLH-DSA-SHAKE-192f_signed-by_ML-DSA-44,SLH-DSA-SHAKE-192f_signed-by_ML-DSA-44,291.89,2365.51,195.854,0,0,0,348.276,13,97793.7,97498.9,42656,42653
2,6,67,SLH-DSA-SHAKE-192f_signed-by_ML-DSA-44,SLH-DSA-SHAKE-192f_signed-by_ML-DSA-44,291.102,2371.92,196.384,0,0,0,348.276,15,97711.3,97310.8,42656,42653
2,3,67,SLH-DSA-SHAKE-192f_signed-by_ML-DSA-44,SLH-DSA-SHAKE-192f_signed-by_ML-DSA-44,291.24,2370.79,196.291,0,0,0,348.276,24,97515,97655.5,42656,42653
2,7,67,SLH-DSA-SHAKE-192f_signed-by_ML-DSA-44,SLH-DSA-SHAKE-192f_signed-by_ML-DSA-44,293.661,2351.26,194.673,0,0,0,348.276,16,97506.3,97363.7,42656,42653
2,5,67,SLH-DSA-SHAKE-192f_signed-by_ML-DSA-44,SLH-DSA-SHAKE-192f_signed-by_ML-DSA-44,292.672,2359.2,195.331,0,0,0,531.724,9,97920.8,97249.6,42656,42653
2,4,64,SLH-DSA-SHAKE-192f_signed-by_ML-DSA-44,SLH-DSA-SHAKE-192f_signed-by_ML-DSA-44,291.861,2365.76,195.874,0,0,0,355.034,24,98613.8,97588.1,42656,42653
2,1,67,SLH-DSA-SHAKE-192f_signed-by_ML-DSA-44,SLH-DSA-SHAKE-192f_signed-by_ML-DSA-44,291.398,2369.51,196.185,0,0,0,348.276,24,97784.1,97276.3,42656,42653
2,2,67,SLH-DSA-SHAKE-192f_signed-by_ML-DSA-44,SLH-DSA-SHAKE-192f_signed-by_ML-DSA-44,291.315,2370.19,196.241,0.189655,0,0,348.276,24,97931.1,97510.7,42656,42653
2,8,68,SLH-DSA-SHAKE-192f_signed-by_ML-DSA-44,SLH-DSA-SHAKE-192f_signed-by_ML-DSA-44,291.244,2370.77,196.289,0.189655,0,0,348.276,12,98034.6,97331.6,42656,42653
2,6,68,SLH-DSA-SHAKE-192f_signed-by_ML-DSA-44,SLH-DSA-SHAKE-192f_signed-by_ML-DSA-44,292.162,2363.32,195.672,0.189655,0,0,531.724,15,97479.7,97190.8,42656,42653
2,3,68,SLH-DSA-SHAKE-192f_signed-by_ML-DSA-44,SLH-DSA-SHAKE-192f_signed-by_ML-DSA-44,291.743,2366.71,195.953,0.189655,0,0,348.276,24,97448.9,97778.7,42656,42653
2,7,68,SLH-DSA-SHAKE-192f_signed-by_ML-DSA-44,SLH-DSA-SHAKE-192f_signed-by_ML-DSA-44,291.444,2369.14,196.154,0.189655,0,0,348.276,16,97806.1,97246.8,42656,42653
2,5,68,SLH-DSA-SHAKE-192f_signed-by_ML-DSA-44,SLH-DSA-SHAKE-192f_signed-by_ML-DSA-44,291.832,2365.99,195.893,0.189655,0,0,348.276,10,97960.3,97589.5,42656,42653
2,4,65,SLH-DSA-SHAKE-192f_signed-by_ML-DSA-44,SLH-DSA-SHAKE-192f_signed-by_ML-DSA-44,294.366,2345.62,195.077,0.186441,0,0,343.017,24,97938,97198.1,42656,42653
2,1,68,SLH-DSA-SHAKE-192f_signed-by_ML-DSA-44,SLH-DSA-SHAKE-192f_signed-by_ML-DSA-44,295.071,2340.02,213.914,0.180328,23,0.377049,372.754,24,97835.8,97702.8,42656,42653
2,2,68,SLH-DSA-SHAKE-192f_signed-by_ML-DSA-44,SLH-DSA-SHAKE-192f_signed-by_ML-DSA-44,291.965,2364.91,195.804,0.0172414,0,0,348.276,24,97440.5,97761.9,42656,42653
2,8,69,SLH-DSA-SHAKE-192f_signed-by_ML-DSA-44,SLH-DSA-SHAKE-192f_signed-by_ML-DSA-44,291.366,2369.77,196.206,0.0172414,0,0,348.276,12,98370.2,97558.3,42656,42653
2,6,69,SLH-DSA-SHAKE-192f_signed-by_ML-DSA-44,SLH-DSA-SHAKE-192f_signed-by_ML-DSA-44,292.175,2363.21,195.663,0.0172414,0,0,348.276,16,97533.4,98343.7,42656,42653
2,3,69,SLH-DSA-SHAKE-192f_signed-by_ML-DSA-44,SLH-DSA-SHAKE-192f_signed-by_ML-DSA-44,291.396,2369.52,196.186,0.0172414,0,0,348.276,24,97664.9,97313.9,42656,42653
2,7,69,SLH-DSA-SHAKE-192f_signed-by_ML-DSA-44,SLH-DSA-SHAKE-192f_signed-by_ML-DSA-44,291.066,2372.21,195.529,0.0175439,0,0,393.298,17,97732.1,97283.5,42656,42653
2,5,69,SLH-DSA-SHAKE-192f_signed-by_ML-DSA-44,SLH-DSA-SHAKE-192f_signed-by_ML-DSA-44,291.968,2364.88,195.802,0.0172414,0,0,348.276,10,97638.3,97779.5,42656,42653
2,4,66,SLH-DSA-SHAKE-192f_signed-by_ML-DSA-44,SLH-DSA-SHAKE-192f_signed-by_ML-DSA-44,290.561,2376.33,198.347,0.0172414,1,0.0172414,387.448,24,97447.6,97232.1,42656,42653
2,1,69,SLH-DSA-SHAKE-192f_signed-by_ML-DSA-44,SLH-DSA-SHAKE-192f_signed-by_ML-DSA-44,294.239,2346.63,195.16,0.0169492,0,0,343.017,24,97794,97665.4,42656,42653
2,2,69,SLH-DSA-SHAKE-192f_signed-by_ML-DSA-44,SLH-DSA-SHAKE-192f_signed-by_ML-DSA-44,291.697,2367.08,195.106,0,0,0,393.298,24,97534.2,97447.5,42656,42653
2,8,70,SLH-DSA-SHAKE-192f_signed-by_ML-DSA-44,SLH-DSA-SHAKE-192f_signed-by_ML-DSA-44,291.445,2369.13,195.275,0.192982,0,0,448.035,11,98017.9,97551.7,42656,42653
2,6,70,SLH-DSA-SHAKE-192f_signed-by_ML-DSA-44,SLH-DSA-SHAKE-192f_signed-by_ML-DSA-44,291.623,2367.69,196.034,0.189655,0,0,348.276,17,97590.3,97726.8,42656,42653
2,3,70,SLH-DSA-SHAKE-192f_signed-by_ML-DSA-44,SLH-DSA-SHAKE-192f_signed-by_ML-DSA-44,292.081,2363.97,195.727,0.189655,0,0,348.276,24,97653.7,97717,42656,42653
2,7,70,SLH-DSA-SHAKE-192f_signed-by_ML-DSA-44,SLH-DSA-SHAKE-192f_signed-by_ML-DSA-44,291.199,2371.13,195.44,0.192982,0,0,393.298,18,98646.1,97232.8,42656,42653
2,5,70,SLH-DSA-SHAKE-192f_signed-by_ML-DSA-44,SLH-DSA-SHAKE-192f_signed-by_ML-DSA-44,291.347,2369.93,196.22,0.189655,0,0,348.276,10,98014.4,97552.3,42656,42653
2,4,67,SLH-DSA-SHAKE-192f_signed-by_ML-DSA-44,SLH-DSA-SHAKE-192f_signed-by_ML-DSA-44,291.365,2369.78,196.207,0.189655,0,0,348.276,24,97476.6,97384.5,42656,42653
2,1,70,SLH-DSA-SHAKE-192f_signed-by_ML-DSA-44,SLH-DSA-SHAKE-192f_signed-by_ML-DSA-44,291.376,2369.69,197.079,0.186441,0,0,343.017,24,97555.8,97308.4,42656,42653
2,2,70,SLH-DSA-SHAKE-192f_signed-by_ML-DSA-44,SLH-DSA-SHAKE-192f_signed-by_ML-DSA-44,296.346,2329.94,212.994,0.180328,23,0.377049,362,24,97545.4,97521.8,42656,42653
2,8,71,SLH-DSA-SHAKE-192f_signed-by_ML-DSA-44,SLH-DSA-SHAKE-192f_signed-by_ML-DSA-44,295.41,2337.33,210.365,0.169231,13,0.2,355.969,11,98107.6,97222.9,42656,42653
2,6,71,SLH-DSA-SHAKE-192f_signed-by_ML-DSA-44,SLH-DSA-SHAKE-192f_signed-by_ML-DSA-44,291.765,2366.53,195.938,0.189655,0,0,348.276,17,97805.5,97310.3,42656,42653
2,3,71,SLH-DSA-SHAKE-192f_signed-by_ML-DSA-44,SLH-DSA-SHAKE-192f_signed-by_ML-DSA-44,291.694,2367.11,195.986,0.189655,0,0,351.31,24,98705.1,97558.9,42656,42653
2,7,71,SLH-DSA-SHAKE-192f_signed-by_ML-DSA-44,SLH-DSA-SHAKE-192f_signed-by_ML-DSA-44,292.031,2364.38,195.76,0.189655,0,0,348.276,18,98087.6,97357,42656,42653
2,5,71,SLH-DSA-SHAKE-192f_signed-by_ML-DSA-44,SLH-DSA-SHAKE-192f_signed-by_ML-DSA-44,291.502,2368.67,196.115,0.189655,0,0,348.276,10,97813.5,97713,42656,42653
2,4,68,SLH-DSA-SHAKE-192f_signed-by_ML-DSA-44,SLH-DSA-SHAKE-192f_signed-by_ML-DSA-44,291.755,2366.61,195.945,0.189655,0,0,348.966,24,97726.3,97442.4,42656,42653
2,1,71,SLH-DSA-SHAKE-192f_signed-by_ML-DSA-44,SLH-DSA-SHAKE-192f_signed-by_ML-DSA-44,291.233,2370.86,196.296,0.189655,0,0,348.276,24,98105.8,97338.4,42656,42653
2,2,71,SLH-DSA-SHAKE-192f_signed-by_ML-DSA-44,SLH-DSA-SHAKE-192f_signed-by_ML-DSA-44,291.067,2372.21,233.953,0.177419,22,0.354839,429.806,24,97639.6,97329.5,42656,42653
2,8,72,SLH-DSA-SHAKE-192f_signed-by_ML-DSA-44,SLH-DSA-SHAKE-192f_signed-by_ML-DSA-44,291.334,2370.03,196.228,0,0,0,348.276,11,97427,97426.9,42656,42653
2,6,72,SLH-DSA-SHAKE-192f_signed-by_ML-DSA-44,SLH-DSA-SHAKE-192f_signed-by_ML-DSA-44,293.421,2353.17,194.832,0,0,0,348.276,17,98061.7,97324.5,42656,42653
2,3,72,SLH-DSA-SHAKE-192f_signed-by_ML-DSA-44,SLH-DSA-SHAKE-192f_signed-by_ML-DSA-44,291.118,2371.79,196.373,0,0,0,348.276,24,97447.8,97406.4,42656,42653
2,7,72,SLH-DSA-SHAKE-192f_signed-by_ML-DSA-44,SLH-DSA-SHAKE-192f_signed-by_ML-DSA-44,291.134,2371.66,196.363,0,0,0,348.276,18,97965.8,97344.8,42656,42653
2,5,72,SLH-DSA-SHAKE-192f_signed-by_ML-DSA-44,SLH-DSA-SHAKE-192f_signed-by_ML-DSA-44,291.61,2367.79,196.042,0,0,0,403.931,9,97867,97584.9,42656,42653
2,4,69,SLH-DSA-SHAKE-192f_signed-by_ML-DSA-44,SLH-DSA-SHAKE-192f_signed-by_ML-DSA-44,291.297,2370.33,196.253,0,0,0,348.276,24,97826.4,97272.9,42656,42653
2,1,72,SLH-DSA-SHAKE-192f_signed-by_ML-DSA-44,SLH-DSA-SHAKE-192f_signed-by_ML-DSA-44,292.212,2362.91,195.638,0,0,0,531.724,24,97883.4,97393.7,42656,42653
2,2,72,SLH-DSA-SHAKE-192f_signed-by_ML-DSA-44,SLH-DSA-SHAKE-192f_signed-by_ML-DSA-44,291.305,2370.26,196.247,0,0,0,348.276,24,97604.3,97301.1,42656,42653
2,8,73,SLH-DSA-SHAKE-192f_signed-by_ML-DSA-44,SLH-DSA-SHAKE-192f_signed-by_ML-DSA-44,291.39,2369.57,196.19,0,0,0,348.276,10,97501.5,97412.5,42656,42653
2,6,73,SLH-DSA-SHAKE-192f_signed-by_ML-DSA-44,SLH-DSA-SHAKE-192f_signed-by_ML-DSA-44,291.954,2365,195.811,0,0,0,348.276,17,97636.5,98015,42656,42653
2,3,73,SLH-DSA-SHAKE-192f_signed-by_ML-DSA-44,SLH-DSA-SHAKE-192f_signed-by_ML-DSA-44,295.035,2340.3,193.766,0,0,0,348.276,24,97577.6,97759.3,42656,42653
2,7,73,SLH-DSA-SHAKE-192f_signed-by_ML-DSA-44,SLH-DSA-SHAKE-192f_signed-by_ML-DSA-44,292.856,2357.71,195.208,0,0,0,348.276,19,97701.7,97359.7,42656,42653
2,5,73,SLH-DSA-SHAKE-192f_signed-by_ML-DSA-44,SLH-DSA-SHAKE-192f_signed-by_ML-DSA-44,291.572,2368.1,196.068,0,0,0,348.276,9,97928.6,97552.4,42656,42653
2,4,70,SLH-DSA-SHAKE-192f_signed-by_ML-DSA-44,SLH-DSA-SHAKE-192f_signed-by_ML-DSA-44,291.964,2364.92,195.805,0,0,0,348.276,24,98018.5,98144.9,42656,42653
2,1,73,SLH-DSA-SHAKE-192f_signed-by_ML-DSA-44,SLH-DSA-SHAKE-192f_signed-by_ML-DSA-44,291.847,2365.86,195.883,0,0,0,348.276,24,97742.4,97311.8,42656,42653
2,2,73,SLH-DSA-SHAKE-192f_signed-by_ML-DSA-44,SLH-DSA-SHAKE-192f_signed-by_ML-DSA-44,292.218,2362.86,194.758,0,0,0,393.298,24,97609.7,98677.6,42656,42653
2,8,74,SLH-DSA-SHAKE-192f_signed-by_ML-DSA-44,SLH-DSA-SHAKE-192f_signed-by_ML-DSA-44,291.282,2370.46,195.384,0,0,0,393.298,10,97678.8,97759.6,42656,42653
2,6,74,SLH-DSA-SHAKE-192f_signed-by_ML-DSA-44,SLH-DSA-SHAKE-192f_signed-by_ML-DSA-44,291.531,2368.43,195.217,0,0,0,393.298,17,97588.5,97720.3,42656,42653
2,3,74,SLH-DSA-SHAKE-192f_signed-by_ML-DSA-44,SLH-DSA-SHAKE-192f_signed-by_ML-DSA-44,291.262,2370.62,196.277,0,0,0,348.276,24,102290,97187.2,42656,42653
2,7,74,SLH-DSA-SHAKE-192f_signed-by_ML-DSA-44,SLH-DSA-SHAKE-192f_signed-by_ML-DSA-44,292.536,2360.3,195.422,0,0,0,348.276,19,97620.6,97342.3,42656,42653
2,5,74,SLH-DSA-SHAKE-192f_signed-by_ML-DSA-44,SLH-DSA-SHAKE-192f_signed-by_ML-DSA-44,292.758,2358.51,194.399,0,0,0,393.298,9,97412.8,97435.6,42656,42653
2,4,71,SLH-DSA-SHAKE-192f_signed-by_ML-DSA-44,SLH-DSA-SHAKE-192f_signed-by_ML-DSA-44,291.579,2368.04,196.063,0,0,0,348.276,24,97720.4,97610,42656,42653
2,1,74,SLH-DSA-SHAKE-192f_signed-by_ML-DSA-44,SLH-DSA-SHAKE-192f_signed-by_ML-DSA-44,291.023,2372.57,195.558,0.192982,0,0,393.298,24,98304.8,97499.6,42656,42653
2,2,74,SLH-DSA-SHAKE-192f_signed-by_ML-DSA-44,SLH-DSA-SHAKE-192f_signed-by_ML-DSA-44,291.825,2366.05,195.898,0.189655,0,0,348.276,24,97598.7,97599,42656,42653
2,8,75,SLH-DSA-SHAKE-192f_signed-by_ML-DSA-44,SLH-DSA-SHAKE-192f_signed-by_ML-DSA-44,294.198,2346.96,211.341,0.186441,0,0,452.508,10,97579.2,97525,42656,42653
2,6,75,SLH-DSA-SHAKE-192f_signed-by_ML-DSA-44,SLH-DSA-SHAKE-192f_signed-by_ML-DSA-44,292.439,2361.08,194.611,0.192982,0,0,393.298,17,97409.1,97639.2,42656,42653
2,3,75,SLH-DSA-SHAKE-192f_signed-by_ML-DSA-44,SLH-DSA-SHAKE-192f_signed-by_ML-DSA-44,291.196,2371.16,196.321,0.189655,0,0,348.276,24,97554,97184,42656,42653
2,7,75,SLH-DSA-SHAKE-192f_signed-by_ML-DSA-44,SLH-DSA-SHAKE-192f_signed-by_ML-DSA-44,291.794,2366.3,195.042,0.192982,0,0,393.298,20,97535.4,97307.8,42656,42653
2,5,75,SLH-DSA-SHAKE-192f_signed-by_ML-DSA-44,SLH-DSA-SHAKE-192f_signed-by_ML-DSA-44,291.539,2368.37,198.56,0.186441,1,0.0169492,343.288,9,97686.6,97227.6,42656,42653
2,4,72,SLH-DSA-SHAKE-192f_signed-by_ML-DSA-44,SLH-DSA-SHAKE-192f_signed-by_ML-DSA-44,295.678,2335.22,212.61,0.183333,23,0.383333,451,24,98191.1,97735.9,42656,42653
2,1,75,SLH-DSA-SHAKE-192f_signed-by_ML-DSA-44,SLH-DSA-SHAKE-192f_signed-by_ML-DSA-44,291.999,2364.64,195.781,0,0,0,348.276,24,97751.5,97948.9,42656,42653
2,2,75,SLH-DSA-SHAKE-192f_signed-by_ML-DSA-44,SLH-DSA-SHAKE-192f_signed-by_ML-DSA-44,291.677,2367.25,195.998,0,0,0,348.759,24,98244.3,97547.6,42656,42653
2,8,76,SLH-DSA-SHAKE-192f_signed-by_ML-DSA-44,SLH-DSA-SHAKE-192f_signed-by_ML-DSA-44,291.212,2371.02,196.31,0,0,0,348.276,10,97559.4,97629.1,42656,42653
2,6,76,SLH-DSA-SHAKE-192f_signed-by_ML-DSA-44,SLH-DSA-SHAKE-192f_signed-by_ML-DSA-44,291.345,2369.94,196.22,0,0,0,348.276,17,97550.7,97582.5,42656,42653
2,3,76,SLH-DSA-SHAKE-192f_signed-by_ML-DSA-44,SLH-DSA-SHAKE-192f_signed-by_ML-DSA-44,291.304,2370.27,196.248,0,0,0,348.345,24,97807.7,97356.3,42656,42653
2,7,76,SLH-DSA-SHAKE-192f_signed-by_ML-DSA-44,SLH-DSA-SHAKE-192f_signed-by_ML-DSA-44,291.606,2367.82,196.045,0,0,0,348.345,20,97941.3,97407.8,42656,42653
2,5,76,SLH-DSA-SHAKE-192f_signed-by_ML-DSA-44,SLH-DSA-SHAKE-192f_signed-by_ML-DSA-44,291.218,2370.97,196.306,0,0,0,351.517,9,97483.2,97328.7,42656,42653
2,4,73,SLH-DSA-SHAKE-192f_signed-by_ML-DSA-44,SLH-DSA-SHAKE-192f_signed-by_ML-DSA-44,291.321,2370.13,195.358,0,0,0,393.298,24,97623.4,97409.2,42656,42653
2,1,76,SLH-DSA-SHAKE-192f_signed-by_ML-DSA-44,SLH-DSA-SHAKE-192f_signed-by_ML-DSA-44,293.328,2353.92,194.894,0,0,0,348.276,24,97809,98201.3,42656,42653
2,2,76,SLH-DSA-SHAKE-192f_signed-by_ML-DSA-44,SLH-DSA-SHAKE-192f_signed-by_ML-DSA-44,291.246,2370.75,196.287,0,0,0,348.276,24,97563.5,97581.4,42656,42653
2,8,77,SLH-DSA-SHAKE-192f_signed-by_ML-DSA-44,SLH-DSA-SHAKE-192f_signed-by_ML-DSA-44,292.359,2361.73,195.54,0,0,0,348.276,10,97810.3,97612.4,42656,42653
2,6,77,SLH-DSA-SHAKE-192f_signed-by_ML-DSA-44,SLH-DSA-SHAKE-192f_signed-by_ML-DSA-44,291.382,2369.64,196.196,0,0,0,348.897,17,97463.5,97249.1,42656,42653
2,3,77,SLH-DSA-SHAKE-192f_signed-by_ML-DSA-44,SLH-DSA-SHAKE-192f_signed-by_ML-DSA-44,291.294,2370.36,196.255,0,0,0,348.276,24,97905.7,97171.9,42656,42653
2,7,77,SLH-DSA-SHAKE-192f_signed-by_ML-DSA-44,SLH-DSA-SHAKE-192f_signed-by_ML-DSA-44,291.776,2366.45,195.054,0,0,0,393.298,21,97919.4,97648.3,42656,42653
2,5,77,SLH-DSA-SHAKE-192f_signed-by_ML-DSA-44,SLH-DSA-SHAKE-192f_signed-by_ML-DSA-44,291.557,2368.22,196.078,0,0,0,348.276,10,97527.7,97322.5,42656,42653
2,4,74,SLH-DSA-SHAKE-192f_signed-by_ML-DSA-44,SLH-DSA-SHAKE-192f_signed-by_ML-DSA-44,291.248,2370.73,196.286,0,0,0,348.276,24,97486,97566.6,42656,42653
2,1,77,SLH-DSA-SHAKE-192f_signed-by_ML-DSA-44,SLH-DSA-SHAKE-192f_signed-by_ML-DSA-44,291.301,2370.3,196.251,0,0,0,348.414,24,97559.8,97390.9,42656,42653
2,2,77,SLH-DSA-SHAKE-192f_signed-by_ML-DSA-44,SLH-DSA-SHAKE-192f_signed-by_ML-DSA-44,290.998,2372.77,196.455,0,0,0,348.276,24,97513.3,97356.8,42656,42653
2,8,78,SLH-DSA-SHAKE-192f_signed-by_ML-DSA-44,SLH-DSA-SHAKE-192f_signed-by_ML-DSA-44,292.828,2357.94,194.353,0,0,0,393.298,10,97433.2,97378.5,42656,42653
2,6,78,SLH-DSA-SHAKE-192f_signed-by_ML-DSA-44,SLH-DSA-SHAKE-192f_signed-by_ML-DSA-44,292.342,2361.86,195.552,0,0,0,348.276,18,97712.9,97252.6,42656,42653
2,3,78,SLH-DSA-SHAKE-192f_signed-by_ML-DSA-44,SLH-DSA-SHAKE-192f_signed-by_ML-DSA-44,291.578,2368.05,196.064,0,0,0,348.276,24,97776.3,97375.6,42656,42653
2,7,78,SLH-DSA-SHAKE-192f_signed-by_ML-DSA-44,SLH-DSA-SHAKE-192f_signed-by_ML-DSA-44,291.02,2372.59,195.56,0,0,0,393.298,22,97892.5,97691.3,42656,42653
2,5,78,SLH-DSA-SHAKE-192f_signed-by_ML-DSA-44,SLH-DSA-SHAKE-192f_signed-by_ML-DSA-44,293.269,2354.4,194.934,0,0,0,348.276,11,97635.5,97586.1,42656,42653
2,4,75,SLH-DSA-SHAKE-192f_signed-by_ML-DSA-44,SLH-DSA-SHAKE-192f_signed-by_ML-DSA-44,291.166,2371.4,196.342,0,0,0,348.276,24,97594.8,97635.4,42656,42653
2,1,78,SLH-DSA-SHAKE-192f_signed-by_ML-DSA-44,SLH-DSA-SHAKE-192f_signed-by_ML-DSA-44,290.88,2373.73,195.655,0,0,0,393.298,24,97602.9,97269.1,42656,42653
2,2,78,SLH-DSA-SHAKE-192f_signed-by_ML-DSA-44,SLH-DSA-SHAKE-192f_signed-by_ML-DSA-44,291.317,2370.17,196.24,0,0,0,348.276,24,98071.8,97611,42656,42653
2,8,79,SLH-DSA-SHAKE-192f_signed-by_ML-DSA-44,SLH-DSA-SHAKE-192f_signed-by_ML-DSA-44,291.88,2365.6,195.861,0,0,0,350.345,10,97654.7,97550.6,42656,42653
2,6,79,SLH-DSA-SHAKE-192f_signed-by_ML-DSA-44,SLH-DSA-SHAKE-192f_signed-by_ML-DSA-44,295.418,2337.27,192.649,0,0,0,579.965,18,97650.6,97378.3,42656,42653
2,3,79,SLH-DSA-SHAKE-192f_signed-by_ML-DSA-44,SLH-DSA-SHAKE-192f_signed-by_ML-DSA-44,292.523,2360.4,195.431,0,0,0,348.276,24,97563.4,97350,42656,42653
2,7,79,SLH-DSA-SHAKE-192f_signed-by_ML-DSA-44,SLH-DSA-SHAKE-192f_signed-by_ML-DSA-44,292.081,2363.97,195.726,0,0,0,348.276,22,97694.4,98008.8,42656,42653
2,5,79,SLH-DSA-SHAKE-192f_signed-by_ML-DSA-44,SLH-DSA-SHAKE-192f_signed-by_ML-DSA-44,291.597,2367.9,196.051,0,0,0,348.276,11,97649.2,97630.4,42656,42653
2,4,76,SLH-DSA-SHAKE-192f_signed-by_ML-DSA-44,SLH-DSA-SHAKE-192f_signed-by_ML-DSA-44,291.26,2370.64,196.278,0,0,0,348.276,24,97561.1,97219.7,42656,42653
2,1,79,SLH-DSA-SHAKE-192f_signed-by_ML-DSA-44,SLH-DSA-SHAKE-192f_signed-by_ML-DSA-44,292.284,2362.33,195.591,0,0,0,348.276,24,97512.9,97370.2,42656,42653
2,2,79,SLH-DSA-SHAKE-192f_signed-by_ML-DSA-44,SLH-DSA-SHAKE-192f_signed-by_ML-DSA-44,291.758,2366.59,195.943,0,0,0,362.069,24,97927.7,97413.6,42656,42653
2,8,80,SLH-DSA-SHAKE-192f_signed-by_ML-DSA-44,SLH-DSA-SHAKE-192f_signed-by_ML-DSA-44,292.214,2362.9,195.637,0,0,0,348.276,11,98001.3,97454.1,42656,42653
2,6,80,SLH-DSA-SHAKE-192f_signed-by_ML-DSA-44,SLH-DSA-SHAKE-192f_signed-by_ML-DSA-44,290.841,2374.05,195.681,0,0,0,393.298,19,98090.4,97369.8,42656,42653
2,3,80,SLH-DSA-SHAKE-192f_signed-by_ML-DSA-44,SLH-DSA-SHAKE-192f_signed-by_ML-DSA-44,293.065,2356.04,195.069,0,0,0,349.655,24,97581.5,98774.3,42656,42653
2,7,80,SLH-DSA-SHAKE-192f_signed-by_ML-DSA-44,SLH-DSA-SHAKE-192f_signed-by_ML-DSA-44,292.918,2357.22,194.293,0,0,0,393.298,23,97575.7,97530.4,42656,42653
2,5,80,SLH-DSA-SHAKE-192f_signed-by_ML-DSA-44,SLH-DSA-SHAKE-192f_signed-by_ML-DSA-44,291.609,2367.8,196.043,0,0,0,360.345,12,97788.3,97600,42656,42653
2,4,77,SLH-DSA-SHAKE-192f_signed-by_ML-DSA-44,SLH-DSA-SHAKE-192f_signed-by_ML-DSA-44,291.893,2365.5,195.853,0,0,0,348.345,24,97517.8,97206.3,42656,42653
2,1,80,SLH-DSA-SHAKE-192f_signed-by_ML-DSA-44,SLH-DSA-SHAKE-192f_signed-by_ML-DSA-44,291.295,2370.35,196.255,0,0,0,348.276,24,97575.1,97315.6,42656,42653
2,2,80,SLH-DSA-SHAKE-192f_signed-by_ML-DSA-44,SLH-DSA-SHAKE-192f_signed-by_ML-DSA-44,291.542,2368.34,196.088,0,0,0,348.276,24,97700.3,97289.8,42656,42653
2,8,81,SLH-DSA-SHAKE-192f_signed-by_ML-DSA-44,SLH-DSA-SHAKE-192f_signed-by_ML-DSA-44,292.146,2363.45,195.683,0,0,0,348.276,11,97958.2,97575.3,42656,42653
2,6,81,SLH-DSA-SHAKE-192f_signed-by_ML-DSA-44,SLH-DSA-SHAKE-192f_signed-by_ML-DSA-44,291.007,2372.7,196.449,0,0,0,348.276,19,97507.9,97169.3,42656,42653
2,3,81,SLH-DSA-SHAKE-192f_signed-by_ML-DSA-44,SLH-DSA-SHAKE-192f_signed-by_ML-DSA-44,292.039,2364.31,195.754,0,0,0,348.276,24,97510.7,97701.9,42656,42653
2,7,81,SLH-DSA-SHAKE-192f_signed-by_ML-DSA-44,SLH-DSA-SHAKE-192f_signed-by_ML-DSA-44,290.655,2375.57,195.806,0,0,0,393.298,23,98254.5,97381.5,42656,42653
2,5,81,SLH-DSA-SHAKE-192f_signed-by_ML-DSA-44,SLH-DSA-SHAKE-192f_signed-by_ML-DSA-44,292.722,2358.8,195.298,0,0,0,348.276,11,97636.7,97331.8,42656,42653
2,4,78,SLH-DSA-SHAKE-192f_signed-by_ML-DSA-44,SLH-DSA-SHAKE-192f_signed-by_ML-DSA-44,291.596,2367.9,196.052,0,0,0,348.276,24,97717.1,97352.2,42656,42653
2,1,81,SLH-DSA-SHAKE-192f_signed-by_ML-DSA-44,SLH-DSA-SHAKE-192f_signed-by_ML-DSA-44,292.243,2362.66,194.742,0,0,0,516.807,24,97631.4,97929.7,42656,42653
2,2,81,SLH-DSA-SHAKE-192f_signed-by_ML-DSA-44,SLH-DSA-SHAKE-192f_signed-by_ML-DSA-44,290.935,2373.28,195.617,0,0,0,393.298,24,98076.1,97057.6,42656,42653
2,8,82,SLH-DSA-SHAKE-192f_signed-by_ML-DSA-44,SLH-DSA-SHAKE-192f_signed-by_ML-DSA-44,291.907,2365.38,195.843,0,0,0,348.276,12,98006.1,97874,42656,42653
2,6,82,SLH-DSA-SHAKE-192f_signed-by_ML-DSA-44,SLH-DSA-SHAKE-192f_signed-by_ML-DSA-44,290.954,2373.13,196.484,0,0,0,348.276,19,97589.7,97676.7,42656,42653
2,3,82,SLH-DSA-SHAKE-192f_signed-by_ML-DSA-44,SLH-DSA-SHAKE-192f_signed-by_ML-DSA-44,291.411,2369.4,196.176,0,0,0,348.276,24,97477.2,97218.7,42656,42653
2,7,82,SLH-DSA-SHAKE-192f_signed-by_ML-DSA-44,SLH-DSA-SHAKE-192f_signed-by_ML-DSA-44,291.977,2364.81,195.796,0,0,0,348.276,24,97580.7,97196.2,42656,42653
2,5,82,SLH-DSA-SHAKE-192f_signed-by_ML-DSA-44,SLH-DSA-SHAKE-192f_signed-by_ML-DSA-44,290.929,2373.33,196.501,0,0,0,348.276,11,97523.4,97549.2,42656,42653
2,4,79,SLH-DSA-SHAKE-192f_signed-by_ML-DSA-44,SLH-DSA-SHAKE-192f_signed-by_ML-DSA-44,292.072,2364.04,195.732,0,0,0,348.276,24,98256.2,97192.7,42656,42653
2,1,82,SLH-DSA-SHAKE-192f_signed-by_ML-DSA-44,SLH-DSA-SHAKE-192f_signed-by_ML-DSA-44,291.966,2364.91,194.927,0,0,0,393.298,24,97695.1,97525.5,42656,42653
2,2,82,SLH-DSA-SHAKE-192f_signed-by_ML-DSA-44,SLH-DSA-SHAKE-192f_signed-by_ML-DSA-44,291.948,2365.05,195.816,0,0,0,348.276,24,97654.9,97755.1,42656,42653
2,8,83,SLH-DSA-SHAKE-192f_signed-by_ML-DSA-44,SLH-DSA-SHAKE-192f_signed-by_ML-DSA-44,291.374,2369.71,196.201,0.0172414,0,0,348.276,12,97823.6,97405,42656,42653
2,6,83,SLH-DSA-SHAKE-192f_signed-by_ML-DSA-44,SLH-DSA-SHAKE-192f_signed-by_ML-DSA-44,291.124,2371.74,196.37,0.0172414,0,0,348.276,19,97665.1,97312.5,42656,42653
2,3,83,SLH-DSA-SHAKE-192f_signed-by_ML-DSA-44,SLH-DSA-SHAKE-192f_signed-by_ML-DSA-44,291.169,2371.38,196.339,0.0172414,0,0,348.276,24,97823.4,97110,42656,42653
2,7,83,SLH-DSA-SHAKE-192f_signed-by_ML-DSA-44,SLH-DSA-SHAKE-192f_signed-by_ML-DSA-44,291.857,2365.79,195.877,0.0172414,0,0,348.276,25,97614,97338.9,42656,42653
2,5,83,SLH-DSA-SHAKE-192f_signed-by_ML-DSA-44,SLH-DSA-SHAKE-192f_signed-by_ML-DSA-44,291.538,2368.38,196.091,0.0172414,0,0,348.276,11,97798.9,97624.5,42656,42653
2,4,80,SLH-DSA-SHAKE-192f_signed-by_ML-DSA-44,SLH-DSA-SHAKE-192f_signed-by_ML-DSA-44,291.3,2370.31,196.251,0.0172414,0,0,348.276,24,97613.6,97229.9,42656,42653
2,1,83,SLH-DSA-SHAKE-192f_signed-by_ML-DSA-44,SLH-DSA-SHAKE-192f_signed-by_ML-DSA-44,291.711,2366.97,198.442,0.0169492,1,0.0169492,343.288,24,97632.3,97251.5,42656,42653
2,2,83,SLH-DSA-SHAKE-192f_signed-by_ML-DSA-44,SLH-DSA-SHAKE-192f_signed-by_ML-DSA-44,293.768,2350.39,195.473,0.0169492,0,0,343.017,24,97616.1,97469.8,42656,42653
2,8,84,SLH-DSA-SHAKE-192f_signed-by_ML-DSA-44,SLH-DSA-SHAKE-192f_signed-by_ML-DSA-44,293.509,2352.47,194.774,0,0,0,348.345,12,97637.3,97323.9,42656,42653
2,6,84,SLH-DSA-SHAKE-192f_signed-by_ML-DSA-44,SLH-DSA-SHAKE-192f_signed-by_ML-DSA-44,292.426,2361.18,194.62,0,0,0,393.298,20,97786.7,97326.8,42656,42653
2,3,84,SLH-DSA-SHAKE-192f_signed-by_ML-DSA-44,SLH-DSA-SHAKE-192f_signed-by_ML-DSA-44,292.628,2359.55,194.486,0,0,0,393.298,24,97734.7,97739.3,42656,42653
2,7,84,SLH-DSA-SHAKE-192f_signed-by_ML-DSA-44,SLH-DSA-SHAKE-192f_signed-by_ML-DSA-44,291.726,2366.85,195.965,0,0,0,348.276,25,97518.6,97991.3,42656,42653
2,5,84,SLH-DSA-SHAKE-192f_signed-by_ML-DSA-44,SLH-DSA-SHAKE-192f_signed-by_ML-DSA-44,292.646,2359.41,194.474,0.298246,0,0,393.298,11,97519.9,97616.7,42656,42653
2,4,81,SLH-DSA-SHAKE-192f_signed-by_ML-DSA-44,SLH-DSA-SHAKE-192f_signed-by_ML-DSA-44,292.462,2360.89,195.471,0.310345,0,0,531.724,24,97541.9,97363.7,42656,42653
2,1,84,SLH-DSA-SHAKE-192f_signed-by_ML-DSA-44,SLH-DSA-SHAKE-192f_signed-by_ML-DSA-44,291.343,2369.96,196.222,0.310345,0,0,348.276,24,97909.1,97322.8,42656,42653
2,2,84,SLH-DSA-SHAKE-192f_signed-by_ML-DSA-44,SLH-DSA-SHAKE-192f_signed-by_ML-DSA-44,291.02,2372.59,196.44,0.310345,0,0,353.103,24,97869.5,97408,42656,42653
2,8,85,SLH-DSA-SHAKE-192f_signed-by_ML-DSA-44,SLH-DSA-SHAKE-192f_signed-by_ML-DSA-44,296.222,2330.93,220.375,0.414286,23,0.328571,318.971,13,97651.4,97379.1,42656,42653
2,6,85,SLH-DSA-SHAKE-192f_signed-by_ML-DSA-44,SLH-DSA-SHAKE-192f_signed-by_ML-DSA-44,296.309,2330.24,192.934,0.5,0,0,387.172,20,97622.8,97294.8,42656,42653
2,3,85,SLH-DSA-SHAKE-192f_signed-by_ML-DSA-44,SLH-DSA-SHAKE-192f_signed-by_ML-DSA-44,294.856,2341.72,248.799,0.796875,36,0.5625,468.938,24,97578.2,97191,42656,42653
2,7,85,SLH-DSA-SHAKE-192f_signed-by_ML-DSA-44,SLH-DSA-SHAKE-192f_signed-by_ML-DSA-44,294.946,2341.01,193.825,0.87931,0,0,387.172,26,97414.4,97449.4,42656,42653
2,5,85,SLH-DSA-SHAKE-192f_signed-by_ML-DSA-44,SLH-DSA-SHAKE-192f_signed-by_ML-DSA-44,294.459,2344.88,194.146,0.982759,0,0,388.966,10,97616.3,97706.1,42656,42653
2,4,82,SLH-DSA-SHAKE-192f_signed-by_ML-DSA-44,SLH-DSA-SHAKE-192f_signed-by_ML-DSA-44,293.08,2355.92,195.059,0.965517,0,0,348.276,24,97651.2,97689.2,42656,42653
2,1,85,SLH-DSA-SHAKE-192f_signed-by_ML-DSA-44,SLH-DSA-SHAKE-192f_signed-by_ML-DSA-44,291.312,2370.21,196.243,0.965517,0,0,348.276,24,97862.4,97348.8,42656,42653
2,2,85,SLH-DSA-SHAKE-192f_signed-by_ML-DSA-44,SLH-DSA-SHAKE-192f_signed-by_ML-DSA-44,291.553,2368.25,196.081,0.965517,0,0,348.276,24,97837.4,97362.1,42656,42653
2,8,86,SLH-DSA-SHAKE-192f_signed-by_ML-DSA-44,SLH-DSA-SHAKE-192f_signed-by_ML-DSA-44,291.618,2367.72,196.915,0.762712,0,0,343.017,12,97596.3,97574.2,42656,42653
2,6,86,SLH-DSA-SHAKE-192f_signed-by_ML-DSA-44,SLH-DSA-SHAKE-192f_signed-by_ML-DSA-44,299.079,2308.65,220.516,0.737705,45,0.737705,458.525,20,97819.9,97788.2,42656,42653
2,3,86,SLH-DSA-SHAKE-192f_signed-by_ML-DSA-44,SLH-DSA-SHAKE-192f_signed-by_ML-DSA-44,294.969,2340.82,195.383,0.396552,1,0.0172414,387.448,24,97578.9,97684.3,42656,42653
2,7,86,SLH-DSA-SHAKE-192f_signed-by_ML-DSA-44,SLH-DSA-SHAKE-192f_signed-by_ML-DSA-44,294.904,2341.34,223.638,0.377049,45,0.737705,460.492,25,97570.5,97344.1,42656,42653
2,5,86,SLH-DSA-SHAKE-192f_signed-by_ML-DSA-44,SLH-DSA-SHAKE-192f_signed-by_ML-DSA-44,292.683,2359.11,195.323,0,0,0,348.276,10,97834.9,97547.8,42656,42653
2,4,83,SLH-DSA-SHAKE-192f_signed-by_ML-DSA-44,SLH-DSA-SHAKE-192f_signed-by_ML-DSA-44,292.333,2361.93,195.557,0,0,0,348.276,24,97670.1,97577,42656,42653
2,1,86,SLH-DSA-SHAKE-192f_signed-by_ML-DSA-44,SLH-DSA-SHAKE-192f_signed-by_ML-DSA-44,292.03,2364.38,195.76,0,0,0,375.31,24,97382.1,97657.1,42656,42653
2,2,86,SLH-DSA-SHAKE-192f_signed-by_ML-DSA-44,SLH-DSA-SHAKE-192f_signed-by_ML-DSA-44,291.088,2372.03,196.394,0,0,0,348.276,24,97773.4,97227,42656,42653
2,8,87,SLH-DSA-SHAKE-192f_signed-by_ML-DSA-44,SLH-DSA-SHAKE-192f_signed-by_ML-DSA-44,291.232,2370.86,196.297,0.689655,0,0,348.276,12,97518.8,97392.9,42656,42653
2,6,87,SLH-DSA-SHAKE-192f_signed-by_ML-DSA-44,SLH-DSA-SHAKE-192f_signed-by_ML-DSA-44,291.739,2366.74,195.955,0.689655,0,0,351.31,21,97813.8,97736.9,42656,42653
2,3,87,SLH-DSA-SHAKE-192f_signed-by_ML-DSA-44,SLH-DSA-SHAKE-192f_signed-by_ML-DSA-44,294.701,2342.95,193.117,0.701754,0,0,393.298,24,97862.4,97624.1,42656,42653
2,7,87,SLH-DSA-SHAKE-192f_signed-by_ML-DSA-44,SLH-DSA-SHAKE-192f_signed-by_ML-DSA-44,303.669,2273.76,283.519,0.40404,82,0.828283,346,25,97620.4,97452.9,42656,42653
2,5,87,SLH-DSA-SHAKE-192f_signed-by_ML-DSA-44,SLH-DSA-SHAKE-192f_signed-by_ML-DSA-44,295.143,2339.45,206.544,0.625,11,0.171875,360.062,10,97685.9,97286.9,42656,42653
2,4,84,SLH-DSA-SHAKE-192f_signed-by_ML-DSA-44,SLH-DSA-SHAKE-192f_signed-by_ML-DSA-44,294.926,2341.17,192.97,1,0,0,393.298,24,97562.1,97796,42656,42653
2,1,87,SLH-DSA-SHAKE-192f_signed-by_ML-DSA-44,SLH-DSA-SHAKE-192f_signed-by_ML-DSA-44,295.984,2332.8,193.145,1,0,0,348.276,24,98111.7,97446.1,42656,42653
2,2,87,SLH-DSA-SHAKE-192f_signed-by_ML-DSA-44,SLH-DSA-SHAKE-192f_signed-by_ML-DSA-44,291.98,2364.79,194.917,1,0,0,393.298,24,97771.9,97476.6,42656,42653
2,8,88,SLH-DSA-SHAKE-192f_signed-by_ML-DSA-44,SLH-DSA-SHAKE-192f_signed-by_ML-DSA-44,293.694,2350.98,193.779,1,0,0,579.965,11,97696.9,97328.8,42656,42653
2,6,88,SLH-DSA-SHAKE-192f_signed-by_ML-DSA-44,SLH-DSA-SHAKE-192f_signed-by_ML-DSA-44,291.974,2364.83,195.798,1,0,0,348.897,21,98323.9,97263,42656,42653
2,3,88,SLH-DSA-SHAKE-192f_signed-by_ML-DSA-44,SLH-DSA-SHAKE-192f_signed-by_ML-DSA-44,292.096,2363.84,195.716,1,0,0,348.276,24,97894.1,97906.1,42656,42653
2,7,88,SLH-DSA-SHAKE-192f_signed-by_ML-DSA-44,SLH-DSA-SHAKE-192f_signed-by_ML-DSA-44,293.29,2354.22,202.284,1,3,0.0491803,370.918,24,97462,97389.9,42656,42653
2,5,88,SLH-DSA-SHAKE-192f_signed-by_ML-DSA-44,SLH-DSA-SHAKE-192f_signed-by_ML-DSA-44,304.353,2268.65,247.974,1,58,0.84058,427.681,9,97545.3,97372.2,42656,42653
2,4,85,SLH-DSA-SHAKE-192f_signed-by_ML-DSA-44,SLH-DSA-SHAKE-192f_signed-by_ML-DSA-44,304.786,2265.43,188.407,1,0,0,381.254,24,97513.6,97691.5,42656,42653
2,1,88,SLH-DSA-SHAKE-192f_signed-by_ML-DSA-44,SLH-DSA-SHAKE-192f_signed-by_ML-DSA-44,307.078,2248.52,247.389,1,91,1.35821,491.493,24,97444.9,97742,42656,42653
2,2,88,SLH-DSA-SHAKE-192f_signed-by_ML-DSA-44,SLH-DSA-SHAKE-192f_signed-by_ML-DSA-44,305.473,2260.33,207.992,1,80,1.26984,451.333,24,97726.7,97108.9,42656,42653
2,8,89,SLH-DSA-SHAKE-192f_signed-by_ML-DSA-44,SLH-DSA-SHAKE-192f_signed-by_ML-DSA-44,292.794,2358.22,195.25,0,0,0,348.276,11,98099.9,97330.2,42656,42653
2,6,89,SLH-DSA-SHAKE-192f_signed-by_ML-DSA-44,SLH-DSA-SHAKE-192f_signed-by_ML-DSA-44,291.56,2368.2,196.076,0,0,0,348.276,22,97979.9,97184.2,42656,42653
2,3,89,SLH-DSA-SHAKE-192f_signed-by_ML-DSA-44,SLH-DSA-SHAKE-192f_signed-by_ML-DSA-44,291.089,2372.03,196.394,0,0,0,348.345,24,97744.2,97335.9,42656,42653
2,7,89,SLH-DSA-SHAKE-192f_signed-by_ML-DSA-44,SLH-DSA-SHAKE-192f_signed-by_ML-DSA-44,291.367,2369.77,196.206,0,0,0,348.276,23,97360.1,97543.9,42656,42653
2,5,89,SLH-DSA-SHAKE-192f_signed-by_ML-DSA-44,SLH-DSA-SHAKE-192f_signed-by_ML-DSA-44,291.348,2369.91,195.34,0,0,0,401.719,9,97469.8,97663.9,42656,42653
2,4,86,SLH-DSA-SHAKE-192f_signed-by_ML-DSA-44,SLH-DSA-SHAKE-192f_signed-by_ML-DSA-44,291.904,2365.4,194.968,0,0,0,420.807,24,97572.2,97807.5,42656,42653
2,1,89,SLH-DSA-SHAKE-192f_signed-by_ML-DSA-44,SLH-DSA-SHAKE-192f_signed-by_ML-DSA-44,291.185,2371.24,196.328,0,0,0,348.276,24,97635.9,97381.3,42656,42653
2,2,89,SLH-DSA-SHAKE-192f_signed-by_ML-DSA-44,SLH-DSA-SHAKE-192f_signed-by_ML-DSA-44,295.664,2335.33,193.355,0,0,0,378.414,24,97510.5,97301.2,42656,42653
2,8,90,SLH-DSA-SHAKE-192f_signed-by_ML-DSA-44,SLH-DSA-SHAKE-192f_signed-by_ML-DSA-44,292.12,2363.65,195.7,0,0,0,348.276,11,97637.9,97597.1,42656,42653
2,6,90,SLH-DSA-SHAKE-192f_signed-by_ML-DSA-44,SLH-DSA-SHAKE-192f_signed-by_ML-DSA-44,290.932,2373.3,196.499,0,0,0,348.276,22,97597.8,97313.3,42656,42653
2,3,90,SLH-DSA-SHAKE-192f_signed-by_ML-DSA-44,SLH-DSA-SHAKE-192f_signed-by_ML-DSA-44,290.945,2373.2,196.49,0,0,0,348.276,24,97881.1,97302.3,42656,42653
2,7,90,SLH-DSA-SHAKE-192f_signed-by_ML-DSA-44,SLH-DSA-SHAKE-192f_signed-by_ML-DSA-44,292.04,2364.3,194.877,0,0,0,393.298,23,97714.9,98182.4,42656,42653
2,5,90,SLH-DSA-SHAKE-192f_signed-by_ML-DSA-44,SLH-DSA-SHAKE-192f_signed-by_ML-DSA-44,291.577,2368.06,196.064,0,0,0,348.276,9,97478.3,97543.8,42656,42653
2,4,87,SLH-DSA-SHAKE-192f_signed-by_ML-DSA-44,SLH-DSA-SHAKE-192f_signed-by_ML-DSA-44,292.054,2364.19,195.744,0,0,0,348.276,24,97746,97755.8,42656,42653
2,1,90,SLH-DSA-SHAKE-192f_signed-by_ML-DSA-44,SLH-DSA-SHAKE-192f_signed-by_ML-DSA-44,292.596,2359.81,194.507,0,0,0,395.123,24,97976.7,97364.4,42656,42653
2,2,90,SLH-DSA-SHAKE-192f_signed-by_ML-DSA-44,SLH-DSA-SHAKE-192f_signed-by_ML-DSA-44,292.122,2363.64,195.699,0,0,0,348.276,24,97799,97182.8,42656,42653
2,8,91,SLH-DSA-SHAKE-192f_signed-by_ML-DSA-44,SLH-DSA-SHAKE-192f_signed-by_ML-DSA-44,292.12,2363.66,195.7,0.189655,0,0,348.276,10,97586.6,97450.2,42656,42653
2,6,91,SLH-DSA-SHAKE-192f_signed-by_ML-DSA-44,SLH-DSA-SHAKE-192f_signed-by_ML-DSA-44,290.857,2373.92,195.67,0.192982,0,0,393.298,22,97628.9,97547.3,42656,42653
2,3,91,SLH-DSA-SHAKE-192f_signed-by_ML-DSA-44,SLH-DSA-SHAKE-192f_signed-by_ML-DSA-44,291.454,2369.06,196.148,0.189655,0,0,348.276,24,97562,97343.6,42656,42653
2,7,91,SLH-DSA-SHAKE-192f_signed-by_ML-DSA-44,SLH-DSA-SHAKE-192f_signed-by_ML-DSA-44,292.417,2361.26,195.502,0.189655,0,0,348.276,22,97273.3,98340,42656,42653
2,5,91,SLH-DSA-SHAKE-192f_signed-by_ML-DSA-44,SLH-DSA-SHAKE-192f_signed-by_ML-DSA-44,291.377,2369.68,195.321,0.192982,0,0,393.298,10,97566.9,97296.9,42656,42653
2,4,88,SLH-DSA-SHAKE-192f_signed-by_ML-DSA-44,SLH-DSA-SHAKE-192f_signed-by_ML-DSA-44,291.137,2371.64,196.361,0.189655,0,0,348.276,24,98347.5,97437.8,42656,42653
2,1,91,SLH-DSA-SHAKE-192f_signed-by_ML-DSA-44,SLH-DSA-SHAKE-192f_signed-by_ML-DSA-44,291.229,2370.89,197.178,0.186441,0,0,343.017,24,97616.5,97420.2,42656,42653
2,2,91,SLH-DSA-SHAKE-192f_signed-by_ML-DSA-44,SLH-DSA-SHAKE-192f_signed-by_ML-DSA-44,296.163,2331.39,213.126,0.180328,23,0.377049,362,24,97468.6,97835.5,42656,42653
2,8,92,SLH-DSA-SHAKE-192f_signed-by_ML-DSA-44,SLH-DSA-SHAKE-192f_signed-by_ML-DSA-44,295.916,2333.33,192.324,0,0,0,393.298,10,97529.1,97664.2,42656,42653
2,6,92,SLH-DSA-SHAKE-192f_signed-by_ML-DSA-44,SLH-DSA-SHAKE-192f_signed-by_ML-DSA-44,292.743,2358.62,194.409,0,0,0,405.509,23,97527.9,97606,42656,42653
2,3,92,SLH-DSA-SHAKE-192f_signed-by_ML-DSA-44,SLH-DSA-SHAKE-192f_signed-by_ML-DSA-44,291.527,2368.46,196.098,0,0,0,348.276,24,97824.4,97326.4,42656,42653
2,7,92,SLH-DSA-SHAKE-192f_signed-by_ML-DSA-44,SLH-DSA-SHAKE-192f_signed-by_ML-DSA-44,291.564,2368.16,196.073,0,0,0,351.31,22,97984.2,97034.4,42656,42653
2,5,92,SLH-DSA-SHAKE-192f_signed-by_ML-DSA-44,SLH-DSA-SHAKE-192f_signed-by_ML-DSA-44,291.182,2371.27,196.33,0,0,0,348.276,10,97751.7,97148.4,42656,42653
2,4,89,SLH-DSA-SHAKE-192f_signed-by_ML-DSA-44,SLH-DSA-SHAKE-192f_signed-by_ML-DSA-44,291.051,2372.33,196.419,0,0,0,348.276,24,98236.5,97292.5,42656,42653
2,1,92,SLH-DSA-SHAKE-192f_signed-by_ML-DSA-44,SLH-DSA-SHAKE-192f_signed-by_ML-DSA-44,291.156,2371.48,196.348,0,0,0,348.276,24,97925.9,97263.3,42656,42653
2,2,92,SLH-DSA-SHAKE-192f_signed-by_ML-DSA-44,SLH-DSA-SHAKE-192f_signed-by_ML-DSA-44,291.215,2371,196.308,0,0,0,348.276,24,97465.1,97417.4,42656,42653
2,8,93,SLH-DSA-SHAKE-192f_signed-by_ML-DSA-44,SLH-DSA-SHAKE-192f_signed-by_ML-DSA-44,291.873,2365.66,195.866,0.172414,0,0,350.345,10,98283,97646.6,42656,42653
2,6,93,SLH-DSA-SHAKE-192f_signed-by_ML-DSA-44,SLH-DSA-SHAKE-192f_signed-by_ML-DSA-44,297.752,2318.95,216.825,0.144928,21,0.304348,318.522,23,98943.9,97609.3,42656,42653
2,3,93,SLH-DSA-SHAKE-192f_signed-by_ML-DSA-44,SLH-DSA-SHAKE-192f_signed-by_ML-DSA-44,295.49,2336.7,192.602,0.175439,0,0,393.298,24,97822.8,97439.1,42656,42653
2,7,93,SLH-DSA-SHAKE-192f_signed-by_ML-DSA-44,SLH-DSA-SHAKE-192f_signed-by_ML-DSA-44,291.34,2369.99,196.224,0.362069,0,0,348.276,21,97542.4,97489.7,42656,42653
2,5,93,SLH-DSA-SHAKE-192f_signed-by_ML-DSA-44,SLH-DSA-SHAKE-192f_signed-by_ML-DSA-44,292.219,2362.86,195.634,0.362069,0,0,348.276,11,97608.7,97653.8,42656,42653
2,4,90,SLH-DSA-SHAKE-192f_signed-by_ML-DSA-44,SLH-DSA-SHAKE-192f_signed-by_ML-DSA-44,291.375,2369.7,196.201,0.362069,0,0,348.276,24,97361.9,97605.1,42656,42653
2,1,93,SLH-DSA-SHAKE-192f_signed-by_ML-DSA-44,SLH-DSA-SHAKE-192f_signed-by_ML-DSA-44,290.758,2374.73,195.737,0.368421,0,0,393.298,24,97708.2,97369.1,42656,42653
2,2,93,SLH-DSA-SHAKE-192f_signed-by_ML-DSA-44,SLH-DSA-SHAKE-192f_signed-by_ML-DSA-44,291.093,2372,195.511,0.368421,0,0,393.298,24,97608.5,97452.3,42656,42653
2,8,94,SLH-DSA-SHAKE-192f_signed-by_ML-DSA-44,SLH-DSA-SHAKE-192f_signed-by_ML-DSA-44,292.5,2360.59,195.446,0.189655,0,0,348.276,10,98258.3,97611.2,42656,42653
2,6,94,SLH-DSA-SHAKE-192f_signed-by_ML-DSA-44,SLH-DSA-SHAKE-192f_signed-by_ML-DSA-44,291.155,2371.49,214.208,0.183333,21,0.35,353.667,23,97744.3,97346.5,42656,42653
2,3,94,SLH-DSA-SHAKE-192f_signed-by_ML-DSA-44,SLH-DSA-SHAKE-192f_signed-by_ML-DSA-44,293.814,2350.02,194.571,0.189655,0,0,387.241,24,97489.1,97418.3,42656,42653
2,7,94,SLH-DSA-SHAKE-192f_signed-by_ML-DSA-44,SLH-DSA-SHAKE-192f_signed-by_ML-DSA-44,291.054,2372.31,195.537,0,0,0,393.298,21,97520.7,97611.9,42656,42653
2,5,94,SLH-DSA-SHAKE-192f_signed-by_ML-DSA-44,SLH-DSA-SHAKE-192f_signed-by_ML-DSA-44,292.177,2363.19,195.662,0,0,0,348.759,12,97416.3,97772.5,42656,42653
2,4,91,SLH-DSA-SHAKE-192f_signed-by_ML-DSA-44,SLH-DSA-SHAKE-192f_signed-by_ML-DSA-44,291.587,2367.97,196.058,0,0,0,348.276,24,97597,97581,42656,42653
2,1,94,SLH-DSA-SHAKE-192f_signed-by_ML-DSA-44,SLH-DSA-SHAKE-192f_signed-by_ML-DSA-44,291.57,2368.11,196.069,0.0344828,0,0,348.276,24,97642.1,97423.3,42656,42653
2,2,94,SLH-DSA-SHAKE-192f_signed-by_ML-DSA-44,SLH-DSA-SHAKE-192f_signed-by_ML-DSA-44,291.171,2371.36,196.338,0.0344828,0,0,403.931,24,97844.9,97267,42656,42653
2,8,95,SLH-DSA-SHAKE-192f_signed-by_ML-DSA-44,SLH-DSA-SHAKE-192f_signed-by_ML-DSA-44,291.921,2365.26,195.833,0.0344828,0,0,348.276,10,97659.3,97815.6,42656,42653
2,6,95,SLH-DSA-SHAKE-192f_signed-by_ML-DSA-44,SLH-DSA-SHAKE-192f_signed-by_ML-DSA-44,291.417,2369.35,196.172,0.0344828,0,0,348.276,23,97777.2,97342.1,42656,42653
2,3,95,SLH-DSA-SHAKE-192f_signed-by_ML-DSA-44,SLH-DSA-SHAKE-192f_signed-by_ML-DSA-44,291.082,2372.09,196.398,0.0344828,0,0,348.276,24,97466.8,97283.5,42656,42653
2,7,95,SLH-DSA-SHAKE-192f_signed-by_ML-DSA-44,SLH-DSA-SHAKE-192f_signed-by_ML-DSA-44,290.93,2373.32,196.501,0.0344828,0,0,348.276,21,97633.5,97276.1,42656,42653
2,5,95,SLH-DSA-SHAKE-192f_signed-by_ML-DSA-44,SLH-DSA-SHAKE-192f_signed-by_ML-DSA-44,291.606,2367.82,200.983,0.0333333,2,0.0333333,338.533,11,97580.5,97557.3,42656,42653
2,4,92,SLH-DSA-SHAKE-192f_signed-by_ML-DSA-44,SLH-DSA-SHAKE-192f_signed-by_ML-DSA-44,293.654,2351.31,195.549,0.0338983,0,0,561.593,24,97784.2,97839.9,42656,42653
2,1,95,SLH-DSA-SHAKE-192f_signed-by_ML-DSA-44,SLH-DSA-SHAKE-192f_signed-by_ML-DSA-44,293.549,2352.15,211.807,0,0,0,433.458,24,97704.2,98527.3,42656,42653
2,2,95,SLH-DSA-SHAKE-192f_signed-by_ML-DSA-44,SLH-DSA-SHAKE-192f_signed-by_ML-DSA-44,291.393,2369.55,196.188,0,0,0,348.276,24,97741.8,97616.4,42656,42653
2,8,96,SLH-DSA-SHAKE-192f_signed-by_ML-DSA-44,SLH-DSA-SHAKE-192f_signed-by_ML-DSA-44,290.825,2374.18,196.571,0,0,0,348.276,11,97694.4,97194.1,42656,42653
2,6,96,SLH-DSA-SHAKE-192f_signed-by_ML-DSA-44,SLH-DSA-SHAKE-192f_signed-by_ML-DSA-44,291.354,2369.87,196.214,0,0,0,348.828,22,97506,97461.4,42656,42653
2,3,96,SLH-DSA-SHAKE-192f_signed-by_ML-DSA-44,SLH-DSA-SHAKE-192f_signed-by_ML-DSA-44,291.878,2365.61,195.862,0,0,0,348.276,24,97515,97652.8,42656,42653
2,7,96,SLH-DSA-SHAKE-192f_signed-by_ML-DSA-44,SLH-DSA-SHAKE-192f_signed-by_ML-DSA-44,291.436,2369.2,196.159,0,0,0,348.276,21,97678,97324.3,42656,42653
2,5,96,SLH-DSA-SHAKE-192f_signed-by_ML-DSA-44,SLH-DSA-SHAKE-192f_signed-by_ML-DSA-44,291.259,2370.64,195.4,0,0,0,393.298,11,97473.6,97446.4,42656,42653
2,4,93,SLH-DSA-SHAKE-192f_signed-by_ML-DSA-44,SLH-DSA-SHAKE-192f_signed-by_ML-DSA-44,293.076,2355.94,195.062,0,0,0,348.276,24,97597.1,97529.7,42656,42653
2,1,96,SLH-DSA-SHAKE-192f_signed-by_ML-DSA-44,SLH-DSA-SHAKE-192f_signed-by_ML-DSA-44,291.726,2366.85,195.964,0,0,0,348.276,24,97724.5,97686.9,42656,42653
2,2,96,SLH-DSA-SHAKE-192f_signed-by_ML-DSA-44,SLH-DSA-SHAKE-192f_signed-by_ML-DSA-44,291.026,2372.54,196.436,0,0,0,348.276,24,98807.3,97347.2,42656,42653
2,8,97,SLH-DSA-SHAKE-192f_signed-by_ML-DSA-44,SLH-DSA-SHAKE-192f_signed-by_ML-DSA-44,291.472,2368.91,196.135,0,0,0,348.276,11,97963.2,97539.1,42656,42653
2,6,97,SLH-DSA-SHAKE-192f_signed-by_ML-DSA-44,SLH-DSA-SHAKE-192f_signed-by_ML-DSA-44,291.511,2368.59,196.109,0,0,0,348.276,22,97793.4,97425.3,42656,42653
2,3,97,SLH-DSA-SHAKE-192f_signed-by_ML-DSA-44,SLH-DSA-SHAKE-192f_signed-by_ML-DSA-44,290.793,2374.44,195.713,0,0,0,393.298,24,98200.7,97251.3,42656,42653
2,7,97,SLH-DSA-SHAKE-192f_signed-by_ML-DSA-44,SLH-DSA-SHAKE-192f_signed-by_ML-DSA-44,291.597,2367.89,196.051,0.258621,0,0,360.276,21,97705.5,97649.8,42656,42653
2,5,97,SLH-DSA-SHAKE-192f_signed-by_ML-DSA-44,SLH-DSA-SHAKE-192f_signed-by_ML-DSA-44,291.899,2365.44,195.848,0.258621,0,0,348.276,10,97529.5,97551.5,42656,42653
2,4,94,SLH-DSA-SHAKE-192f_signed-by_ML-DSA-44,SLH-DSA-SHAKE-192f_signed-by_ML-DSA-44,290.955,2373.12,196.483,0.258621,0,0,348.276,24,98027.3,97236.6,42656,42653
2,1,97,SLH-DSA-SHAKE-192f_signed-by_ML-DSA-44,SLH-DSA-SHAKE-192f_signed-by_ML-DSA-44,292.82,2358,195.232,0.258621,0,0,348.276,24,97989.8,97629,42656,42653
2,2,97,SLH-DSA-SHAKE-192f_signed-by_ML-DSA-44,SLH-DSA-SHAKE-192f_signed-by_ML-DSA-44,291.778,2366.42,195.929,0.258621,0,0,348.276,24,97858.3,97333.6,42656,42653
2,8,98,SLH-DSA-SHAKE-192f_signed-by_ML-DSA-44,SLH-DSA-SHAKE-192f_signed-by_ML-DSA-44,292.49,2360.67,194.577,0.263158,0,0,414.561,12,97495.4,97681.1,42656,42653
2,6,98,SLH-DSA-SHAKE-192f_signed-by_ML-DSA-44,SLH-DSA-SHAKE-192f_signed-by_ML-DSA-44,291.14,2371.61,206.251,0.241935,4,0.0645161,330,21,97454.6,97228.4,42656,42653
2,3,98,SLH-DSA-SHAKE-192f_signed-by_ML-DSA-44,SLH-DSA-SHAKE-192f_signed-by_ML-DSA-44,293.22,2354.79,216.138,0.241935,23,0.370968,357.29,24,98593.2,97342.9,42656,42653
2,7,98,SLH-DSA-SHAKE-192f_signed-by_ML-DSA-44,SLH-DSA-SHAKE-192f_signed-by_ML-DSA-44,291.902,2365.42,195.846,0,0,0,348.276,21,97519.2,97337.1,42656,42653
2,5,98,SLH-DSA-SHAKE-192f_signed-by_ML-DSA-44,SLH-DSA-SHAKE-192f_signed-by_ML-DSA-44,292.201,2363,195.646,0,0,0,531.724,9,97528.2,97489,42656,42653
2,4,95,SLH-DSA-SHAKE-192f_signed-by_ML-DSA-44,SLH-DSA-SHAKE-192f_signed-by_ML-DSA-44,291.497,2368.71,196.118,0,0,0,348.276,24,97890.8,97339.3,42656,42653
2,1,98,SLH-DSA-SHAKE-192f_signed-by_ML-DSA-44,SLH-DSA-SHAKE-192f_signed-by_ML-DSA-44,292.032,2364.37,195.759,0,0,0,348.276,24,97990.7,98099.7,42656,42653
2,2,98,SLH-DSA-SHAKE-192f_signed-by_ML-DSA-44,SLH-DSA-SHAKE-192f_signed-by_ML-DSA-44,291.512,2368.59,213.288,0,0,0,452.508,24,97651.8,97433,42656,42653
2,8,99,SLH-DSA-SHAKE-192f_signed-by_ML-DSA-44,SLH-DSA-SHAKE-192f_signed-by_ML-DSA-44,293.198,2354.96,194.98,0.448276,0,0,348.276,13,97926.8,97791.8,42656,42653
2,6,99,SLH-DSA-SHAKE-192f_signed-by_ML-DSA-44,SLH-DSA-SHAKE-192f_signed-by_ML-DSA-44,292.206,2362.96,195.642,0.448276,0,0,348.276,21,98176.4,98163.7,42656,42653
2,3,99,SLH-DSA-SHAKE-192f_signed-by_ML-DSA-44,SLH-DSA-SHAKE-192f_signed-by_ML-DSA-44,291.556,2368.22,196.078,0.448276,0,0,348.276,24,97907.3,97286,42656,42653
2,7,99,SLH-DSA-SHAKE-192f_signed-by_ML-DSA-44,SLH-DSA-SHAKE-192f_signed-by_ML-DSA-44,291.532,2368.42,196.094,0.448276,0,0,348.276,21,97664.7,97302.1,42656,42653
2,5,99,SLH-DSA-SHAKE-192f_signed-by_ML-DSA-44,SLH-DSA-SHAKE-192f_signed-by_ML-DSA-44,290.998,2372.76,196.454,0.448276,0,0,348.276,9,97547.3,97300.2,42656,42653
2,4,96,SLH-DSA-SHAKE-192f_signed-by_ML-DSA-44,SLH-DSA-SHAKE-192f_signed-by_ML-DSA-44,291.262,2370.61,196.276,0.448276,0,0,348.276,24,97697.7,97422.8,42656,42653
2,1,99,SLH-DSA-SHAKE-192f_signed-by_ML-DSA-44,SLH-DSA-SHAKE-192f_signed-by_ML-DSA-44,291.19,2371.2,206.215,0.419355,4,0.0645161,396.645,24,97505.2,97426.3,42656,42653
2,2,99,SLH-DSA-SHAKE-192f_signed-by_ML-DSA-44,SLH-DSA-SHAKE-192f_signed-by_ML-DSA-44,294.291,2346.21,224.104,0.42623,45,0.737705,458.525,24,97487.9,97594.5,42656,42653
2,4,97,SLH-DSA-SHAKE-192f_signed-by_ML-DSA-44,SLH-DSA-SHAKE-192f_signed-by_ML-DSA-44,291.396,2369.53,195.308,0,0,0,393.368,24,97790.8,97700.3,42656,42653
2,4,98,SLH-DSA-SHAKE-192f_signed-by_ML-DSA-44,SLH-DSA-SHAKE-192f_signed-by_ML-DSA-44,291.475,2368.89,196.133,0,0,0,348.276,24,97390,97337.7,42656,42653
2,4,99,SLH-DSA-SHAKE-192f_signed-by_ML-DSA-44,SLH-DSA-SHAKE-192f_signed-by_ML-DSA-44,291.744,2366.71,195.953,0,0,0,348.276,24,97831.5,97622.9,42656,42653
