scenario,node_id,handshake_index,sta_cert_algo,ap_cert_algo,handshake_delay_ms,goodput_kbps,throughput_kbps,phy_frame_drop_rate,mac_retries,mac_retry_rate,tx_delay_us,prop_delay_ns,cert_verify_ap_us,cert_verify_sta_us,server_cert_msg_bytes,client_cert_msg_bytes
2,8,0,SLH-DSA-SHA2-128f_signed-by_SLH-DSA-SHAKE-128s,SLH-DSA-SHA2-128f_signed-by_SLH-DSA-SHAKE-128s,178.535,3060.5,217.414,1,10,0.188679,198.83,14,54555.6,54665.4,33652,33649
2,3,0,SLH-DSA-SHA2-128f_signed-by_SLH-DSA-SHAKE-128s,SLH-DSA-SHA2-128f_signed-by_SLH-DSA-SHAKE-128s,194.251,2812.89,199.823,1,10,0.188679,184.415,24,54579.6,54796.3,33652,33649
2,6,0,SLH-DSA-SHA2-128f_signed-by_SLH-DSA-SHAKE-128s,SLH-DSA-SHA2-128f_signed-by_SLH-DSA-SHAKE-128s,205.382,2660.44,149.73,1,0,0,234.596,8,54976.3,54778.2,33652,33649
2,5,0,SLH-DSA-SHA2-128f_signed-by_SLH-DSA-SHAKE-128s,SLH-DSA-SHA2-128f_signed-by_SLH-DSA-SHAKE-128s,228.812,2388.02,208.66,0.814286,41,0.585714,478.8,15,54445.5,54939.5,33652,33649
2,7,0,SLH-DSA-SHA2-128f_signed-by_SLH-DSA-SHAKE-128s,SLH-DSA-SHA2-128f_signed-by_SLH-DSA-SHAKE-128s,241.117,2266.15,128.601,1,0,0,180.333,16,54796.3,54654.2,33652,33649
2,2,0,SLH-DSA-SHA2-128f_signed-by_SLH-DSA-SHAKE-128s,SLH-DSA-SHA2-128f_signed-by_SLH-DSA-SHAKE-128s,243.271,2246.08,160.019,0.95,22,0.366667,275.467,24,54595.1,54527.4,33652,33649
2,1,0,SLH-DSA-SHA2-128f_signed-by_SLH-DSA-SHAKE-128s,SLH-DSA-SHA2-128f_signed-by_SLH-DSA-SHAKE-128s,244.755,2232.46,177.483,0.850746,35,0.522388,202.239,24,54451.3,55031.8,33652,33649
2,8,1,SLH-DSA-SHA2-128f_signed-by_SLH-DSA-SHAKE-128s,SLH-DSA-SHA2-128f_signed-by_SLH-DSA-SHAKE-128s,187.374,2916.13,286.827,1,23,0.396552,376.552,15,55220.1,54766.2,33652,33649
2,3,1,SLH-DSA-SHA2-128f_signed-by_SLH-DSA-SHAKE-128s,SLH-DSA-SHA2-128f_signed-by_SLH-DSA-SHAKE-128s,195.054,2801.3,269.134,1,22,0.385965,339.053,24,54421,54526.4,33652,33649
2,6,1,SLH-DSA-SHA2-128f_signed-by_SLH-DSA-SHAKE-128s,SLH-DSA-SHA2-128f_signed-by_SLH-DSA-SHAKE-128s,196.54,2780.13,228.513,1,0,0,400.667,8,54514.2,54498.1,33652,33649
2,5,1,SLH-DSA-SHA2-128f_signed-by_SLH-DSA-SHAKE-128s,SLH-DSA-SHA2-128f_signed-by_SLH-DSA-SHAKE-128s,184.488,2961.74,277.263,1,1,0.0204082,1069.27,15,57996.8,54799,33652,33649
2,7,1,SLH-DSA-SHA2-128f_signed-by_SLH-DSA-SHAKE-128s,SLH-DSA-SHA2-128f_signed-by_SLH-DSA-SHAKE-128s,183.956,2970.31,276.5,1,23,0.479167,451.417,16,54566.7,54781.8,33652,33649
2,1,1,SLH-DSA-SHA2-128f_signed-by_SLH-DSA-SHAKE-128s,SLH-DSA-SHA2-128f_signed-by_SLH-DSA-SHAKE-128s,185.747,2941.67,243.168,1,0,0,430.957,24,54637.6,54613.9,33652,33649
2,2,1,SLH-DSA-SHA2-128f_signed-by_SLH-DSA-SHAKE-128s,SLH-DSA-SHA2-128f_signed-by_SLH-DSA-SHAKE-128s,207.76,2629.99,290.18,1,70,1.2963,786,24,54463.9,54731.5,33652,33649
2,8,2,SLH-DSA-SHA2-128f_signed-by_SLH-DSA-SHAKE-128s,SLH-DSA-SHA2-128f_signed-by_SLH-DSA-SHAKE-128s,196.968,2774.09,228.016,1,0,0,429.822,15,54473.8,54559.2,33652,33649
2,3,2,SLH-DSA-SHA2-128f_signed-by_SLH-DSA-SHAKE-128s,SLH-DSA-SHA2-128f_signed-by_SLH-DSA-SHAKE-128s,195.387,2796.54,231.172,1,0,0,392.783,24,54447.1,54574.1,33652,33649
2,6,2,SLH-DSA-SHA2-128f_signed-by_SLH-DSA-SHAKE-128s,SLH-DSA-SHA2-128f_signed-by_SLH-DSA-SHAKE-128s,190.482,2868.55,235.781,1,0,0,400.667,9,54489.7,54404.3,33652,33649
2,5,2,SLH-DSA-SHA2-128f_signed-by_SLH-DSA-SHAKE-128s,SLH-DSA-SHA2-128f_signed-by_SLH-DSA-SHAKE-128s,189.368,2885.43,263.613,1,0,0,972.174,15,54318.1,54564.4,33652,33649
2,7,2,SLH-DSA-SHA2-128f_signed-by_SLH-DSA-SHAKE-128s,SLH-DSA-SHA2-128f_signed-by_SLH-DSA-SHAKE-128s,191.107,2859.17,275.029,1,21,0.368421,361.298,16,54426,54761.2,33652,33649
2,1,2,SLH-DSA-SHA2-128f_signed-by_SLH-DSA-SHAKE-128s,SLH-DSA-SHA2-128f_signed-by_SLH-DSA-SHAKE-128s,189.312,2886.28,335.108,1,91,1.65455,715.891,24,55062.3,54674.9,33652,33649
2,2,2,SLH-DSA-SHA2-128f_signed-by_SLH-DSA-SHAKE-128s,SLH-DSA-SHA2-128f_signed-by_SLH-DSA-SHAKE-128s,192.245,2842.24,281.64,0.66,46,0.92,791.76,24,56082,54489.3,33652,33649
2,8,3,SLH-DSA-SHA2-128f_signed-by_SLH-DSA-SHAKE-128s,SLH-DSA-SHA2-128f_signed-by_SLH-DSA-SHAKE-128s,162.802,3356.27,275.868,0,0,0,400.667,16,54649.5,54904.2,33652,33649
2,3,3,SLH-DSA-SHA2-128f_signed-by_SLH-DSA-SHAKE-128s,SLH-DSA-SHA2-128f_signed-by_SLH-DSA-SHAKE-128s,164.027,3331.2,273.808,0,0,0,417.733,24,54493,54873.9,33652,33649
2,6,3,SLH-DSA-SHA2-128f_signed-by_SLH-DSA-SHAKE-128s,SLH-DSA-SHA2-128f_signed-by_SLH-DSA-SHAKE-128s,173.977,3140.68,258.148,0,0,0,400.667,9,54467.8,54666.2,33652,33649
2,5,3,SLH-DSA-SHA2-128f_signed-by_SLH-DSA-SHAKE-128s,SLH-DSA-SHA2-128f_signed-by_SLH-DSA-SHAKE-128s,169.12,3230.88,265.562,0,0,0,638.267,15,54473.7,54973.1,33652,33649
2,7,3,SLH-DSA-SHA2-128f_signed-by_SLH-DSA-SHAKE-128s,SLH-DSA-SHA2-128f_signed-by_SLH-DSA-SHAKE-128s,169.362,3226.27,265.183,0.133333,0,0,400.667,16,54581,54588.2,33652,33649
2,1,3,SLH-DSA-SHA2-128f_signed-by_SLH-DSA-SHAKE-128s,SLH-DSA-SHA2-128f_signed-by_SLH-DSA-SHAKE-128s,172.573,3166.24,260.249,0.133333,0,0,439.689,24,54458.6,54492.7,33652,33649
2,2,3,SLH-DSA-SHA2-128f_signed-by_SLH-DSA-SHAKE-128s,SLH-DSA-SHA2-128f_signed-by_SLH-DSA-SHAKE-128s,164.872,3314.13,273.958,0.23913,0,0,574.435,24,54821.6,54706.2,33652,33649
2,8,4,SLH-DSA-SHA2-128f_signed-by_SLH-DSA-SHAKE-128s,SLH-DSA-SHA2-128f_signed-by_SLH-DSA-SHAKE-128s,171.799,3180.5,284.984,0.730769,11,0.211538,331.077,16,54463,54475.8,33652,33649
2,3,4,SLH-DSA-SHA2-128f_signed-by_SLH-DSA-SHAKE-128s,SLH-DSA-SHA2-128f_signed-by_SLH-DSA-SHAKE-128s,168.68,3239.31,290.253,0.730769,11,0.211538,359.538,24,54612.2,54477.8,33652,33649
2,6,4,SLH-DSA-SHA2-128f_signed-by_SLH-DSA-SHAKE-128s,SLH-DSA-SHA2-128f_signed-by_SLH-DSA-SHAKE-128s,169.94,3215.29,333.199,0.612903,33,0.532258,356.968,9,55087.3,54893.2,33652,33649
2,5,4,SLH-DSA-SHA2-128f_signed-by_SLH-DSA-SHAKE-128s,SLH-DSA-SHA2-128f_signed-by_SLH-DSA-SHAKE-128s,169.104,3231.19,269.845,0.826087,1,0.0217391,625.739,15,54413,54606.4,33652,33649
2,7,4,SLH-DSA-SHA2-128f_signed-by_SLH-DSA-SHAKE-128s,SLH-DSA-SHA2-128f_signed-by_SLH-DSA-SHAKE-128s,167.789,3256.51,267.669,0.711111,0,0,400.667,16,54453.7,54583.3,33652,33649
2,1,4,SLH-DSA-SHA2-128f_signed-by_SLH-DSA-SHAKE-128s,SLH-DSA-SHA2-128f_signed-by_SLH-DSA-SHAKE-128s,167.575,3260.67,269.538,0.695652,0,0,430.957,24,55146.9,54556.2,33652,33649
2,2,4,SLH-DSA-SHA2-128f_signed-by_SLH-DSA-SHAKE-128s,SLH-DSA-SHA2-128f_signed-by_SLH-DSA-SHAKE-128s,169.786,3218.21,301.084,1,23,0.469388,622.408,24,54516.5,54725.6,33652,33649
2,8,5,SLH-DSA-SHA2-128f_signed-by_SLH-DSA-SHAKE-128s,SLH-DSA-SHA2-128f_signed-by_SLH-DSA-SHAKE-128s,178.467,3061.66,251.653,1,0,0,400.667,16,54369.7,54547.9,33652,33649
2,3,5,SLH-DSA-SHA2-128f_signed-by_SLH-DSA-SHAKE-128s,SLH-DSA-SHA2-128f_signed-by_SLH-DSA-SHAKE-128s,175.547,3112.59,257.298,1,0,0,392.783,24,54745.1,54488.5,33652,33649
2,6,5,SLH-DSA-SHA2-128f_signed-by_SLH-DSA-SHAKE-128s,SLH-DSA-SHA2-128f_signed-by_SLH-DSA-SHAKE-128s,178.966,3053.12,293.328,1,22,0.385965,336.246,10,54345.6,54470.3,33652,33649
2,5,5,SLH-DSA-SHA2-128f_signed-by_SLH-DSA-SHAKE-128s,SLH-DSA-SHA2-128f_signed-by_SLH-DSA-SHAKE-128s,187.288,2917.47,260.049,1,11,0.215686,587.804,15,54609,55381.8,33652,33649
2,7,5,SLH-DSA-SHA2-128f_signed-by_SLH-DSA-SHAKE-128s,SLH-DSA-SHA2-128f_signed-by_SLH-DSA-SHAKE-128s,178.721,3057.32,254.161,1,0,0,385.234,17,54630.8,54454.1,33652,33649
2,1,5,SLH-DSA-SHA2-128f_signed-by_SLH-DSA-SHAKE-128s,SLH-DSA-SHA2-128f_signed-by_SLH-DSA-SHAKE-128s,179.124,3050.45,317.188,1,46,0.901961,479.02,24,54465.9,54724.2,33652,33649
2,2,5,SLH-DSA-SHA2-128f_signed-by_SLH-DSA-SHAKE-128s,SLH-DSA-SHA2-128f_signed-by_SLH-DSA-SHAKE-128s,177.532,3077.8,338.868,1,68,1.28302,851.509,24,54499.6,54432.2,33652,33649
2,4,0,SLH-DSA-SHA2-128f_signed-by_SLH-DSA-SHAKE-128s,SLH-DSA-SHA2-128f_signed-by_SLH-DSA-SHAKE-128s,1176.41,464.472,26.3922,1,1,0.0208333,204.375,24,54376.9,54729.7,33652,33649
2,8,6,SLH-DSA-SHA2-128f_signed-by_SLH-DSA-SHAKE-128s,SLH-DSA-SHA2-128f_signed-by_SLH-DSA-SHAKE-128s,191.38,2855.09,318.612,1,45,0.633803,320.986,17,54410.5,54990.9,33652,33649
2,3,6,SLH-DSA-SHA2-128f_signed-by_SLH-DSA-SHAKE-128s,SLH-DSA-SHA2-128f_signed-by_SLH-DSA-SHAKE-128s,190.531,2867.81,235.72,1,0,0,400.667,24,54644.1,54637.5,33652,33649
2,6,6,SLH-DSA-SHA2-128f_signed-by_SLH-DSA-SHAKE-128s,SLH-DSA-SHA2-128f_signed-by_SLH-DSA-SHAKE-128s,179.404,3045.68,250.34,1,0,0,400.667,10,54368.4,54770,33652,33649
2,5,6,SLH-DSA-SHA2-128f_signed-by_SLH-DSA-SHAKE-128s,SLH-DSA-SHA2-128f_signed-by_SLH-DSA-SHAKE-128s,178.262,3065.18,302.654,1,45,0.918367,919.551,15,54512.8,54453.7,33652,33649
2,7,6,SLH-DSA-SHA2-128f_signed-by_SLH-DSA-SHAKE-128s,SLH-DSA-SHA2-128f_signed-by_SLH-DSA-SHAKE-128s,180.062,3034.54,253.422,1,1,0.0217391,393.13,17,54626.5,54414.1,33652,33649
2,2,6,SLH-DSA-SHA2-128f_signed-by_SLH-DSA-SHAKE-128s,SLH-DSA-SHA2-128f_signed-by_SLH-DSA-SHAKE-128s,170.467,3205.35,273.412,0.875,2,0.0416667,602,24,54592,54982.2,33652,33649
2,4,1,SLH-DSA-SHA2-128f_signed-by_SLH-DSA-SHAKE-128s,SLH-DSA-SHA2-128f_signed-by_SLH-DSA-SHAKE-128s,169.947,3215.15,300.798,0.408163,23,0.469388,493.51,24,54355.6,54575.6,33652,33649
2,8,7,SLH-DSA-SHA2-128f_signed-by_SLH-DSA-SHAKE-128s,SLH-DSA-SHA2-128f_signed-by_SLH-DSA-SHAKE-128s,164.61,3319.41,272.839,0.155556,0,0,400.667,17,54401.3,54698.9,33652,33649
2,3,7,SLH-DSA-SHA2-128f_signed-by_SLH-DSA-SHAKE-128s,SLH-DSA-SHA2-128f_signed-by_SLH-DSA-SHAKE-128s,165.969,3292.23,293.452,0.137255,11,0.215686,365.843,24,54560.4,54696.3,33652,33649
2,6,7,SLH-DSA-SHA2-128f_signed-by_SLH-DSA-SHAKE-128s,SLH-DSA-SHA2-128f_signed-by_SLH-DSA-SHAKE-128s,167.66,3259.01,267.874,0.155556,0,0,400.667,10,54487.3,54562.1,33652,33649
2,5,7,SLH-DSA-SHA2-128f_signed-by_SLH-DSA-SHAKE-128s,SLH-DSA-SHA2-128f_signed-by_SLH-DSA-SHAKE-128s,167.708,3258.07,273.617,0.148936,1,0.0212766,389.149,15,54419.6,54748.4,33652,33649
2,7,7,SLH-DSA-SHA2-128f_signed-by_SLH-DSA-SHAKE-128s,SLH-DSA-SHA2-128f_signed-by_SLH-DSA-SHAKE-128s,168.339,3245.86,268.314,0.152174,0,0,452.783,18,54502.2,54696.5,33652,33649
2,2,7,SLH-DSA-SHA2-128f_signed-by_SLH-DSA-SHAKE-128s,SLH-DSA-SHA2-128f_signed-by_SLH-DSA-SHAKE-128s,164.974,3312.07,278.151,0.12766,1,0.0212766,563.532,24,54582.8,54619.6,33652,33649
2,4,2,SLH-DSA-SHA2-128f_signed-by_SLH-DSA-SHAKE-128s,SLH-DSA-SHA2-128f_signed-by_SLH-DSA-SHAKE-128s,164.709,3317.4,272.673,0,0,0,475.511,24,54692.8,54562.2,33652,33649
2,8,8,SLH-DSA-SHA2-128f_signed-by_SLH-DSA-SHAKE-128s,SLH-DSA-SHA2-128f_signed-by_SLH-DSA-SHAKE-128s,168.747,3238.02,266.149,0,0,0,400.667,17,54353.6,54681.1,33652,33649
2,3,8,SLH-DSA-SHA2-128f_signed-by_SLH-DSA-SHAKE-128s,SLH-DSA-SHA2-128f_signed-by_SLH-DSA-SHAKE-128s,164.908,3313.41,272.345,0,0,0,400.667,24,54467.7,54834.4,33652,33649
2,6,8,SLH-DSA-SHA2-128f_signed-by_SLH-DSA-SHAKE-128s,SLH-DSA-SHA2-128f_signed-by_SLH-DSA-SHAKE-128s,167.077,3270.39,268.81,0,0,0,400.667,10,54611.3,54861.2,33652,33649
2,5,8,SLH-DSA-SHA2-128f_signed-by_SLH-DSA-SHAKE-128s,SLH-DSA-SHA2-128f_signed-by_SLH-DSA-SHAKE-128s,163.018,3351.82,277.074,0,0,0,396.348,15,55034,54624.6,33652,33649
2,7,8,SLH-DSA-SHA2-128f_signed-by_SLH-DSA-SHAKE-128s,SLH-DSA-SHA2-128f_signed-by_SLH-DSA-SHAKE-128s,164.699,3317.61,272.691,0,0,0,400.667,18,54675.9,54483.9,33652,33649
2,2,8,SLH-DSA-SHA2-128f_signed-by_SLH-DSA-SHAKE-128s,SLH-DSA-SHA2-128f_signed-by_SLH-DSA-SHAKE-128s,166.818,3275.47,269.228,0,0,0,489.911,24,54511.3,54866.2,33652,33649
2,4,3,SLH-DSA-SHA2-128f_signed-by_SLH-DSA-SHAKE-128s,SLH-DSA-SHA2-128f_signed-by_SLH-DSA-SHAKE-128s,162.862,3355.02,277.338,0.0217391,0,0,396.348,24,54677.2,54615.1,33652,33649
2,8,9,SLH-DSA-SHA2-128f_signed-by_SLH-DSA-SHAKE-128s,SLH-DSA-SHA2-128f_signed-by_SLH-DSA-SHAKE-128s,163.008,3352.02,275.519,0.0222222,0,0,651.867,18,54611.6,54707.7,33652,33649
2,3,9,SLH-DSA-SHA2-128f_signed-by_SLH-DSA-SHAKE-128s,SLH-DSA-SHA2-128f_signed-by_SLH-DSA-SHAKE-128s,165.821,3295.15,270.845,0.0222222,0,0,400.756,24,54600.6,54661.7,33652,33649
2,6,9,SLH-DSA-SHA2-128f_signed-by_SLH-DSA-SHAKE-128s,SLH-DSA-SHA2-128f_signed-by_SLH-DSA-SHAKE-128s,163.996,3331.82,275.42,0.0217391,0,0,363.478,10,54600.8,54529.3,33652,33649
2,5,9,SLH-DSA-SHA2-128f_signed-by_SLH-DSA-SHAKE-128s,SLH-DSA-SHA2-128f_signed-by_SLH-DSA-SHAKE-128s,163.525,3341.41,276.213,0.0217391,0,0,396.348,15,55071.1,54780.2,33652,33649
2,7,9,SLH-DSA-SHA2-128f_signed-by_SLH-DSA-SHAKE-128s,SLH-DSA-SHA2-128f_signed-by_SLH-DSA-SHAKE-128s,162.972,3352.75,275.579,0.0222222,0,0,400.667,18,54474.7,54697.6,33652,33649
2,2,9,SLH-DSA-SHA2-128f_signed-by_SLH-DSA-SHAKE-128s,SLH-DSA-SHA2-128f_signed-by_SLH-DSA-SHAKE-128s,166.241,3286.82,274.491,0.0217391,1,0.0217391,480.522,24,54435.9,55083.1,33652,33649
2,4,4,SLH-DSA-SHA2-128f_signed-by_SLH-DSA-SHAKE-128s,SLH-DSA-SHA2-128f_signed-by_SLH-DSA-SHAKE-128s,164.994,3311.68,273.755,1,0,0,396.348,24,54462.6,54655.9,33652,33649
2,8,10,SLH-DSA-SHA2-128f_signed-by_SLH-DSA-SHAKE-128s,SLH-DSA-SHA2-128f_signed-by_SLH-DSA-SHAKE-128s,168.56,3241.61,269.481,0.978723,0,0,354.851,18,55170,54541.4,33652,33649
2,3,10,SLH-DSA-SHA2-128f_signed-by_SLH-DSA-SHAKE-128s,SLH-DSA-SHA2-128f_signed-by_SLH-DSA-SHAKE-128s,170.153,3211.27,265.455,1,0,0,392.783,24,54625.2,54691.3,33652,33649
2,6,10,SLH-DSA-SHA2-128f_signed-by_SLH-DSA-SHAKE-128s,SLH-DSA-SHA2-128f_signed-by_SLH-DSA-SHAKE-128s,171.324,3189.33,262.147,1,0,0,400.667,10,54446.8,54508.7,33652,33649
2,5,10,SLH-DSA-SHA2-128f_signed-by_SLH-DSA-SHAKE-128s,SLH-DSA-SHA2-128f_signed-by_SLH-DSA-SHAKE-128s,171.529,3185.51,261.833,1,0,0,439.689,15,54490.6,55340.3,33652,33649
2,7,10,SLH-DSA-SHA2-128f_signed-by_SLH-DSA-SHAKE-128s,SLH-DSA-SHA2-128f_signed-by_SLH-DSA-SHAKE-128s,170.762,3199.82,263.009,1,0,0,400.667,19,54966.1,54593.5,33652,33649
2,2,10,SLH-DSA-SHA2-128f_signed-by_SLH-DSA-SHAKE-128s,SLH-DSA-SHA2-128f_signed-by_SLH-DSA-SHAKE-128s,167.152,3268.93,339.715,0.901961,92,1.80392,656.51,24,54538.4,54353.5,33652,33649
2,4,5,SLH-DSA-SHA2-128f_signed-by_SLH-DSA-SHAKE-128s,SLH-DSA-SHA2-128f_signed-by_SLH-DSA-SHAKE-128s,170.842,3198.32,262.886,0,0,0,439.689,24,55016.4,54782,33652,33649
2,8,11,SLH-DSA-SHA2-128f_signed-by_SLH-DSA-SHAKE-128s,SLH-DSA-SHA2-128f_signed-by_SLH-DSA-SHAKE-128s,169.763,3218.64,266.064,0,0,0,361.478,18,54472.6,54976.8,33652,33649
2,3,11,SLH-DSA-SHA2-128f_signed-by_SLH-DSA-SHAKE-128s,SLH-DSA-SHA2-128f_signed-by_SLH-DSA-SHAKE-128s,163.141,3349.29,276.864,0,0,0,361.478,24,54507.8,54586.4,33652,33649
2,6,11,SLH-DSA-SHA2-128f_signed-by_SLH-DSA-SHAKE-128s,SLH-DSA-SHA2-128f_signed-by_SLH-DSA-SHAKE-128s,163.475,3342.45,274.733,0,0,0,400.667,10,54794.3,54679.2,33652,33649
2,5,11,SLH-DSA-SHA2-128f_signed-by_SLH-DSA-SHAKE-128s,SLH-DSA-SHA2-128f_signed-by_SLH-DSA-SHAKE-128s,164.455,3322.53,274.652,0,0,0,396.348,16,54421.9,55059.7,33652,33649
2,7,11,SLH-DSA-SHA2-128f_signed-by_SLH-DSA-SHAKE-128s,SLH-DSA-SHA2-128f_signed-by_SLH-DSA-SHAKE-128s,165.17,3308.15,271.913,0,0,0,400.667,19,54526.8,54411.4,33652,33649
2,2,11,SLH-DSA-SHA2-128f_signed-by_SLH-DSA-SHAKE-128s,SLH-DSA-SHA2-128f_signed-by_SLH-DSA-SHAKE-128s,164.222,3327.24,275.042,0,0,0,440.783,24,55244.7,54452.2,33652,33649
2,4,6,SLH-DSA-SHA2-128f_signed-by_SLH-DSA-SHAKE-128s,SLH-DSA-SHA2-128f_signed-by_SLH-DSA-SHAKE-128s,163.01,3351.98,277.087,0,0,0,395.304,24,54423.3,54793.1,33652,33649
2,8,12,SLH-DSA-SHA2-128f_signed-by_SLH-DSA-SHAKE-128s,SLH-DSA-SHA2-128f_signed-by_SLH-DSA-SHAKE-128s,165.819,3295.2,270.849,0.644444,0,0,400.667,19,54417.7,54551,33652,33649
2,3,12,SLH-DSA-SHA2-128f_signed-by_SLH-DSA-SHAKE-128s,SLH-DSA-SHA2-128f_signed-by_SLH-DSA-SHAKE-128s,165.918,3293.23,343.59,0.453125,35,0.546875,342,24,54426.9,54876.8,33652,33649
2,6,12,SLH-DSA-SHA2-128f_signed-by_SLH-DSA-SHAKE-128s,SLH-DSA-SHA2-128f_signed-by_SLH-DSA-SHAKE-128s,167.791,3256.47,269.191,0.630435,0,0,361.478,10,54490.3,54500.7,33652,33649
2,5,12,SLH-DSA-SHA2-128f_signed-by_SLH-DSA-SHAKE-128s,SLH-DSA-SHA2-128f_signed-by_SLH-DSA-SHAKE-128s,166.212,3287.4,270.208,0.644444,0,0,1037.02,16,54479.8,54344.8,33652,33649
2,7,12,SLH-DSA-SHA2-128f_signed-by_SLH-DSA-SHAKE-128s,SLH-DSA-SHA2-128f_signed-by_SLH-DSA-SHAKE-128s,166.569,3280.36,269.629,0.644444,0,0,400.667,19,55064.7,55292,33652,33649
2,2,12,SLH-DSA-SHA2-128f_signed-by_SLH-DSA-SHAKE-128s,SLH-DSA-SHA2-128f_signed-by_SLH-DSA-SHAKE-128s,165.2,3307.54,273.413,0.630435,0,0,440.783,24,54426.5,54496.4,33652,33649
2,4,7,SLH-DSA-SHA2-128f_signed-by_SLH-DSA-SHAKE-128s,SLH-DSA-SHA2-128f_signed-by_SLH-DSA-SHAKE-128s,167.85,3255.32,304.557,0.591837,23,0.469388,385.755,24,54742.3,54653.4,33652,33649
2,8,13,SLH-DSA-SHA2-128f_signed-by_SLH-DSA-SHAKE-128s,SLH-DSA-SHA2-128f_signed-by_SLH-DSA-SHAKE-128s,166.482,3282.08,269.77,0.777778,0,0,400.667,19,54464.4,54827.7,33652,33649
2,3,13,SLH-DSA-SHA2-128f_signed-by_SLH-DSA-SHAKE-128s,SLH-DSA-SHA2-128f_signed-by_SLH-DSA-SHAKE-128s,164.985,3311.85,272.218,0.777778,0,0,400.667,24,55099.3,54555.6,33652,33649
2,6,13,SLH-DSA-SHA2-128f_signed-by_SLH-DSA-SHAKE-128s,SLH-DSA-SHA2-128f_signed-by_SLH-DSA-SHAKE-128s,169.315,3227.15,265.256,0.777778,0,0,400.667,10,54554.1,54544.9,33652,33649
2,5,13,SLH-DSA-SHA2-128f_signed-by_SLH-DSA-SHAKE-128s,SLH-DSA-SHA2-128f_signed-by_SLH-DSA-SHAKE-128s,172.021,3176.4,330.285,0.555556,39,0.619048,406.19,16,54359.8,54531,33652,33649
2,7,13,SLH-DSA-SHA2-128f_signed-by_SLH-DSA-SHAKE-128s,SLH-DSA-SHA2-128f_signed-by_SLH-DSA-SHAKE-128s,171.064,3194.17,305.757,0.625,21,0.375,353.714,19,54460.8,54589.3,33652,33649
2,2,13,SLH-DSA-SHA2-128f_signed-by_SLH-DSA-SHAKE-128s,SLH-DSA-SHA2-128f_signed-by_SLH-DSA-SHAKE-128s,169.065,3231.94,265.649,0.777778,0,0,489.911,24,54727.2,54441.2,33652,33649
2,4,8,SLH-DSA-SHA2-128f_signed-by_SLH-DSA-SHAKE-128s,SLH-DSA-SHA2-128f_signed-by_SLH-DSA-SHAKE-128s,163.82,3335.41,275.717,0.76087,0,0,361.478,24,54490.6,54680.8,33652,33649
2,8,14,SLH-DSA-SHA2-128f_signed-by_SLH-DSA-SHAKE-128s,SLH-DSA-SHA2-128f_signed-by_SLH-DSA-SHAKE-128s,169.748,3218.93,264.58,0.8,0,0,400.667,18,54668.9,54805.9,33652,33649
2,3,14,SLH-DSA-SHA2-128f_signed-by_SLH-DSA-SHAKE-128s,SLH-DSA-SHA2-128f_signed-by_SLH-DSA-SHAKE-128s,188.18,2903.64,240.025,0.782609,0,0,392.783,24,54393.6,54552.4,33652,33649
2,6,14,SLH-DSA-SHA2-128f_signed-by_SLH-DSA-SHAKE-128s,SLH-DSA-SHA2-128f_signed-by_SLH-DSA-SHAKE-128s,174.567,3130.08,257.918,0.782609,0,0,392.696,10,55058.6,54674.7,33652,33649
2,5,14,SLH-DSA-SHA2-128f_signed-by_SLH-DSA-SHAKE-128s,SLH-DSA-SHA2-128f_signed-by_SLH-DSA-SHAKE-128s,171.879,3179.01,261.95,0.782609,0,0,430.87,16,54419.6,55017.7,33652,33649
2,7,14,SLH-DSA-SHA2-128f_signed-by_SLH-DSA-SHAKE-128s,SLH-DSA-SHA2-128f_signed-by_SLH-DSA-SHAKE-128s,170.576,3203.3,263.295,0.8,0,0,427.6,19,54577.7,54875.1,33652,33649
2,2,14,SLH-DSA-SHA2-128f_signed-by_SLH-DSA-SHAKE-128s,SLH-DSA-SHA2-128f_signed-by_SLH-DSA-SHAKE-128s,170.339,3207.76,327.816,0.734694,69,1.40816,854.735,24,54583.2,54412.3,33652,33649
2,4,9,SLH-DSA-SHA2-128f_signed-by_SLH-DSA-SHAKE-128s,SLH-DSA-SHA2-128f_signed-by_SLH-DSA-SHAKE-128s,170.396,3206.68,272.024,0.765957,2,0.0425532,386.255,24,54677.9,54594.5,33652,33649
2,8,15,SLH-DSA-SHA2-128f_signed-by_SLH-DSA-SHAKE-128s,SLH-DSA-SHA2-128f_signed-by_SLH-DSA-SHAKE-128s,170.782,3199.44,262.978,0,0,0,453.289,18,54386.1,54423.8,33652,33649
2,3,15,SLH-DSA-SHA2-128f_signed-by_SLH-DSA-SHAKE-128s,SLH-DSA-SHA2-128f_signed-by_SLH-DSA-SHAKE-128s,165.324,3305.06,273.208,0,0,0,592.783,24,54409.1,54618.8,33652,33649
2,6,15,SLH-DSA-SHA2-128f_signed-by_SLH-DSA-SHAKE-128s,SLH-DSA-SHA2-128f_signed-by_SLH-DSA-SHAKE-128s,164.34,3324.85,273.286,0,0,0,402.978,10,55130.2,55125.7,33652,33649
2,5,15,SLH-DSA-SHA2-128f_signed-by_SLH-DSA-SHAKE-128s,SLH-DSA-SHA2-128f_signed-by_SLH-DSA-SHAKE-128s,163.66,3338.67,275.986,0,0,0,396.348,16,54851.9,54423.4,33652,33649
2,7,15,SLH-DSA-SHA2-128f_signed-by_SLH-DSA-SHAKE-128s,SLH-DSA-SHA2-128f_signed-by_SLH-DSA-SHAKE-128s,165.255,3306.44,271.773,0,0,0,400.667,18,54799.7,54569.1,33652,33649
2,2,15,SLH-DSA-SHA2-128f_signed-by_SLH-DSA-SHAKE-128s,SLH-DSA-SHA2-128f_signed-by_SLH-DSA-SHAKE-128s,166.366,3284.36,269.958,0.533333,0,0,489.911,24,54416.4,54424,33652,33649
2,4,10,SLH-DSA-SHA2-128f_signed-by_SLH-DSA-SHAKE-128s,SLH-DSA-SHA2-128f_signed-by_SLH-DSA-SHAKE-128s,162.768,3356.96,277.498,0.630435,0,0,361.478,24,54428.5,54465.4,33652,33649
2,8,16,SLH-DSA-SHA2-128f_signed-by_SLH-DSA-SHAKE-128s,SLH-DSA-SHA2-128f_signed-by_SLH-DSA-SHAKE-128s,173.498,3149.36,280.718,0.921569,11,0.215686,365.059,17,54398.1,54511.9,33652,33649
2,3,16,SLH-DSA-SHA2-128f_signed-by_SLH-DSA-SHAKE-128s,SLH-DSA-SHA2-128f_signed-by_SLH-DSA-SHAKE-128s,166.709,3277.61,269.403,1,0,0,400.667,24,54457.2,54623.5,33652,33649
2,6,16,SLH-DSA-SHA2-128f_signed-by_SLH-DSA-SHAKE-128s,SLH-DSA-SHA2-128f_signed-by_SLH-DSA-SHAKE-128s,167.169,3268.59,297.183,0.886792,13,0.245283,329.849,9,54477.2,54550.3,33652,33649
2,5,16,SLH-DSA-SHA2-128f_signed-by_SLH-DSA-SHAKE-128s,SLH-DSA-SHA2-128f_signed-by_SLH-DSA-SHAKE-128s,166.984,3272.21,277.583,1,2,0.0425532,423.532,16,54912.3,54578.2,33652,33649
2,7,16,SLH-DSA-SHA2-128f_signed-by_SLH-DSA-SHAKE-128s,SLH-DSA-SHA2-128f_signed-by_SLH-DSA-SHAKE-128s,166.68,3278.18,340.868,0.921569,46,0.901961,428.118,18,54403.4,54529.1,33652,33649
2,2,16,SLH-DSA-SHA2-128f_signed-by_SLH-DSA-SHAKE-128s,SLH-DSA-SHA2-128f_signed-by_SLH-DSA-SHAKE-128s,167.033,3271.25,274.723,0.489362,1,0.0212766,471.106,24,54575.9,54393.4,33652,33649
2,4,11,SLH-DSA-SHA2-128f_signed-by_SLH-DSA-SHAKE-128s,SLH-DSA-SHA2-128f_signed-by_SLH-DSA-SHAKE-128s,169.709,3219.67,301.221,0.367347,23,0.469388,377.755,24,54513.5,54529.4,33652,33649
2,8,17,SLH-DSA-SHA2-128f_signed-by_SLH-DSA-SHAKE-128s,SLH-DSA-SHA2-128f_signed-by_SLH-DSA-SHAKE-128s,170.303,3208.44,265.221,0,0,0,361.478,17,54235,54446.5,33652,33649
2,3,17,SLH-DSA-SHA2-128f_signed-by_SLH-DSA-SHAKE-128s,SLH-DSA-SHA2-128f_signed-by_SLH-DSA-SHAKE-128s,165.636,3298.85,272.694,0,0,0,361.478,24,54402.2,54587.5,33652,33649
2,6,17,SLH-DSA-SHA2-128f_signed-by_SLH-DSA-SHAKE-128s,SLH-DSA-SHA2-128f_signed-by_SLH-DSA-SHAKE-128s,164.317,3325.33,274.883,0,0,0,361.478,9,54405.4,54737.9,33652,33649
2,5,17,SLH-DSA-SHA2-128f_signed-by_SLH-DSA-SHAKE-128s,SLH-DSA-SHA2-128f_signed-by_SLH-DSA-SHAKE-128s,165.816,3295.27,270.854,0,0,0,439.689,16,54410.7,54593.1,33652,33649
2,7,17,SLH-DSA-SHA2-128f_signed-by_SLH-DSA-SHAKE-128s,SLH-DSA-SHA2-128f_signed-by_SLH-DSA-SHAKE-128s,165.809,3295.41,270.866,0,0,0,400.667,18,54429.6,54476.3,33652,33649
2,2,17,SLH-DSA-SHA2-128f_signed-by_SLH-DSA-SHAKE-128s,SLH-DSA-SHA2-128f_signed-by_SLH-DSA-SHAKE-128s,164.266,3326.36,274.968,0,0,0,440.783,24,54576.4,54733.5,33652,33649
2,4,12,SLH-DSA-SHA2-128f_signed-by_SLH-DSA-SHAKE-128s,SLH-DSA-SHA2-128f_signed-by_SLH-DSA-SHAKE-128s,165.979,3292.03,270.588,0,0,0,637.111,24,54889.6,54402.3,33652,33649
2,8,18,SLH-DSA-SHA2-128f_signed-by_SLH-DSA-SHAKE-128s,SLH-DSA-SHA2-128f_signed-by_SLH-DSA-SHAKE-128s,162.548,3361.5,277.874,0.347826,0,0,361.478,17,54411.7,54425.1,33652,33649
2,3,18,SLH-DSA-SHA2-128f_signed-by_SLH-DSA-SHAKE-128s,SLH-DSA-SHA2-128f_signed-by_SLH-DSA-SHAKE-128s,165.306,3305.42,273.237,0.347826,0,0,361.478,24,54563.4,54421.8,33652,33649
2,6,18,SLH-DSA-SHA2-128f_signed-by_SLH-DSA-SHAKE-128s,SLH-DSA-SHA2-128f_signed-by_SLH-DSA-SHAKE-128s,164.911,3313.33,272.339,0.355556,0,0,400.667,9,54463.1,54542,33652,33649
2,5,18,SLH-DSA-SHA2-128f_signed-by_SLH-DSA-SHAKE-128s,SLH-DSA-SHA2-128f_signed-by_SLH-DSA-SHAKE-128s,165.415,3303.24,271.51,0.355556,0,0,439.689,16,54991.2,54689.7,33652,33649
2,7,18,SLH-DSA-SHA2-128f_signed-by_SLH-DSA-SHAKE-128s,SLH-DSA-SHA2-128f_signed-by_SLH-DSA-SHAKE-128s,164.95,3312.55,343.278,0.258065,33,0.532258,356.968,18,54669.1,54405.7,33652,33649
2,2,18,SLH-DSA-SHA2-128f_signed-by_SLH-DSA-SHAKE-128s,SLH-DSA-SHA2-128f_signed-by_SLH-DSA-SHAKE-128s,164.832,3314.92,274.023,0.347826,0,0,440.783,24,54436.7,54856.6,33652,33649
2,4,13,SLH-DSA-SHA2-128f_signed-by_SLH-DSA-SHAKE-128s,SLH-DSA-SHA2-128f_signed-by_SLH-DSA-SHAKE-128s,166.165,3288.33,271.825,0.847826,0,0,361.478,24,54623.2,54528.4,33652,33649
2,8,19,SLH-DSA-SHA2-128f_signed-by_SLH-DSA-SHAKE-128s,SLH-DSA-SHA2-128f_signed-by_SLH-DSA-SHAKE-128s,169.93,3215.47,265.802,0.717391,0,0,361.478,16,54394.8,54615.6,33652,33649
2,3,19,SLH-DSA-SHA2-128f_signed-by_SLH-DSA-SHAKE-128s,SLH-DSA-SHA2-128f_signed-by_SLH-DSA-SHAKE-128s,166.787,3276.07,313.596,0.589286,21,0.375,353.714,24,54893.6,54539.2,33652,33649
2,6,19,SLH-DSA-SHA2-128f_signed-by_SLH-DSA-SHAKE-128s,SLH-DSA-SHA2-128f_signed-by_SLH-DSA-SHAKE-128s,167.803,3256.23,267.646,0.733333,0,0,400.667,9,54471.4,54507.8,33652,33649
2,5,19,SLH-DSA-SHA2-128f_signed-by_SLH-DSA-SHAKE-128s,SLH-DSA-SHA2-128f_signed-by_SLH-DSA-SHAKE-128s,166.383,3284.02,269.93,0.733333,0,0,679.156,17,54549.8,54575,33652,33649
2,7,19,SLH-DSA-SHA2-128f_signed-by_SLH-DSA-SHAKE-128s,SLH-DSA-SHA2-128f_signed-by_SLH-DSA-SHAKE-128s,168.238,3247.81,269.141,1,0,0,385.149,17,54418.8,54433.9,33652,33649
2,2,19,SLH-DSA-SHA2-128f_signed-by_SLH-DSA-SHAKE-128s,SLH-DSA-SHA2-128f_signed-by_SLH-DSA-SHAKE-128s,175.226,3118.29,308.994,1,46,0.92,590.72,24,55041.4,54449.2,33652,33649
2,4,14,SLH-DSA-SHA2-128f_signed-by_SLH-DSA-SHAKE-128s,SLH-DSA-SHA2-128f_signed-by_SLH-DSA-SHAKE-128s,167.506,3262.01,268.121,0.711111,0,0,400.667,24,54504.5,54441.9,33652,33649
2,8,20,SLH-DSA-SHA2-128f_signed-by_SLH-DSA-SHAKE-128s,SLH-DSA-SHA2-128f_signed-by_SLH-DSA-SHAKE-128s,174.433,3132.47,257.474,0.488889,0,0,400.667,16,54539.1,54489.7,33652,33649
2,3,20,SLH-DSA-SHA2-128f_signed-by_SLH-DSA-SHAKE-128s,SLH-DSA-SHA2-128f_signed-by_SLH-DSA-SHAKE-128s,169.471,3224.19,265.013,0.488889,0,0,400.667,24,54784,54498,33652,33649
2,6,20,SLH-DSA-SHA2-128f_signed-by_SLH-DSA-SHAKE-128s,SLH-DSA-SHA2-128f_signed-by_SLH-DSA-SHAKE-128s,168.326,3246.13,266.815,0.488889,0,0,400.667,9,54473.6,54380.6,33652,33649
2,5,20,SLH-DSA-SHA2-128f_signed-by_SLH-DSA-SHAKE-128s,SLH-DSA-SHA2-128f_signed-by_SLH-DSA-SHAKE-128s,169.237,3228.65,318.795,0.44898,45,0.918367,572.204,17,54697.1,55653.2,33652,33649
2,7,20,SLH-DSA-SHA2-128f_signed-by_SLH-DSA-SHAKE-128s,SLH-DSA-SHA2-128f_signed-by_SLH-DSA-SHAKE-128s,166.696,3277.87,301.003,0,0,0,493.574,17,54514.2,54393.7,33652,33649
2,2,20,SLH-DSA-SHA2-128f_signed-by_SLH-DSA-SHAKE-128s,SLH-DSA-SHA2-128f_signed-by_SLH-DSA-SHAKE-128s,164.055,3330.63,275.322,0.23913,0,0,440.783,24,54519.9,55269,33652,33649
2,4,15,SLH-DSA-SHA2-128f_signed-by_SLH-DSA-SHAKE-128s,SLH-DSA-SHA2-128f_signed-by_SLH-DSA-SHAKE-128s,163.76,3336.63,275.818,0.978261,0,0,361.478,24,54280.6,54604.9,33652,33649
2,8,21,SLH-DSA-SHA2-128f_signed-by_SLH-DSA-SHAKE-128s,SLH-DSA-SHA2-128f_signed-by_SLH-DSA-SHAKE-128s,170.439,3205.88,263.507,1,0,0,424.133,16,54371.1,55197,33652,33649
2,3,21,SLH-DSA-SHA2-128f_signed-by_SLH-DSA-SHAKE-128s,SLH-DSA-SHA2-128f_signed-by_SLH-DSA-SHAKE-128s,172.388,3169.63,282.524,0.980392,11,0.215686,365.843,24,55027.2,54544.1,33652,33649
2,6,21,SLH-DSA-SHA2-128f_signed-by_SLH-DSA-SHAKE-128s,SLH-DSA-SHA2-128f_signed-by_SLH-DSA-SHAKE-128s,169.818,3217.6,295.468,1,0,0,526.596,9,54770.9,54502,33652,33649
2,5,21,SLH-DSA-SHA2-128f_signed-by_SLH-DSA-SHAKE-128s,SLH-DSA-SHA2-128f_signed-by_SLH-DSA-SHAKE-128s,173.009,3158.25,262.552,1,0,0,422.596,17,54629.4,54426.5,33652,33649
2,7,21,SLH-DSA-SHA2-128f_signed-by_SLH-DSA-SHAKE-128s,SLH-DSA-SHA2-128f_signed-by_SLH-DSA-SHAKE-128s,172.785,3162.35,328.638,0.980392,92,1.80392,518.627,17,54436.1,54514.8,33652,33649
2,2,21,SLH-DSA-SHA2-128f_signed-by_SLH-DSA-SHAKE-128s,SLH-DSA-SHA2-128f_signed-by_SLH-DSA-SHAKE-128s,169.629,3221.18,264.765,0.866667,0,0,489.911,24,55440.5,54521.3,33652,33649
2,4,16,SLH-DSA-SHA2-128f_signed-by_SLH-DSA-SHAKE-128s,SLH-DSA-SHA2-128f_signed-by_SLH-DSA-SHAKE-128s,168.082,3250.83,267.202,0.111111,0,0,400.667,24,54375.9,55267.5,33652,33649
2,8,22,SLH-DSA-SHA2-128f_signed-by_SLH-DSA-SHAKE-128s,SLH-DSA-SHA2-128f_signed-by_SLH-DSA-SHAKE-128s,170.67,3201.54,263.15,0.777778,0,0,400.667,16,55223.5,54828,33652,33649
2,3,22,SLH-DSA-SHA2-128f_signed-by_SLH-DSA-SHAKE-128s,SLH-DSA-SHA2-128f_signed-by_SLH-DSA-SHAKE-128s,167.625,3259.7,299.334,0.744681,0,0,632.553,24,54653.1,54651.9,33652,33649
2,6,22,SLH-DSA-SHA2-128f_signed-by_SLH-DSA-SHAKE-128s,SLH-DSA-SHA2-128f_signed-by_SLH-DSA-SHAKE-128s,171.722,3181.92,261.538,0.777778,0,0,400.667,9,54372.7,54542.8,33652,33649
2,5,22,SLH-DSA-SHA2-128f_signed-by_SLH-DSA-SHAKE-128s,SLH-DSA-SHA2-128f_signed-by_SLH-DSA-SHAKE-128s,168.934,3234.44,265.855,0.777778,0,0,439.689,16,54374.7,54440,33652,33649
2,7,22,SLH-DSA-SHA2-128f_signed-by_SLH-DSA-SHAKE-128s,SLH-DSA-SHA2-128f_signed-by_SLH-DSA-SHAKE-128s,170.053,3213.16,264.105,0.777778,0,0,400.667,17,55243.3,54740.9,33652,33649
2,2,22,SLH-DSA-SHA2-128f_signed-by_SLH-DSA-SHAKE-128s,SLH-DSA-SHA2-128f_signed-by_SLH-DSA-SHAKE-128s,170.426,3206.12,267.752,0.76087,1,0.0217391,480.522,24,54946.6,54688,33652,33649
2,4,17,SLH-DSA-SHA2-128f_signed-by_SLH-DSA-SHAKE-128s,SLH-DSA-SHA2-128f_signed-by_SLH-DSA-SHAKE-128s,168.221,3248.15,302.173,0.729167,69,1.4375,497,24,55671.1,54591.5,33652,33649
2,8,23,SLH-DSA-SHA2-128f_signed-by_SLH-DSA-SHAKE-128s,SLH-DSA-SHA2-128f_signed-by_SLH-DSA-SHAKE-128s,163.126,3349.61,276.89,0.130435,0,0,361.478,17,54425.5,54431.6,33652,33649
2,3,23,SLH-DSA-SHA2-128f_signed-by_SLH-DSA-SHAKE-128s,SLH-DSA-SHA2-128f_signed-by_SLH-DSA-SHAKE-128s,165.184,3307.87,300.755,0.113208,13,0.245283,328.264,24,54978.3,54428.9,33652,33649
2,6,23,SLH-DSA-SHA2-128f_signed-by_SLH-DSA-SHAKE-128s,SLH-DSA-SHA2-128f_signed-by_SLH-DSA-SHAKE-128s,165.752,3296.53,270.959,0.133333,0,0,400.667,9,54916.1,54495.4,33652,33649
2,5,23,SLH-DSA-SHA2-128f_signed-by_SLH-DSA-SHAKE-128s,SLH-DSA-SHA2-128f_signed-by_SLH-DSA-SHAKE-128s,163.757,3336.7,274.26,0.133333,0,0,439.689,16,54408.9,54769.6,33652,33649
2,7,23,SLH-DSA-SHA2-128f_signed-by_SLH-DSA-SHAKE-128s,SLH-DSA-SHA2-128f_signed-by_SLH-DSA-SHAKE-128s,164.06,3330.53,275.314,0.130435,0,0,361.478,18,54471.4,54384.2,33652,33649
2,2,23,SLH-DSA-SHA2-128f_signed-by_SLH-DSA-SHAKE-128s,SLH-DSA-SHA2-128f_signed-by_SLH-DSA-SHAKE-128s,162.877,3354.72,275.742,0.133333,0,0,489.911,24,54501.9,54489.3,33652,33649
2,4,18,SLH-DSA-SHA2-128f_signed-by_SLH-DSA-SHAKE-128s,SLH-DSA-SHA2-128f_signed-by_SLH-DSA-SHAKE-128s,165.497,3301.61,272.923,0.130435,0,0,361.478,24,55089,54535.6,33652,33649
2,8,24,SLH-DSA-SHA2-128f_signed-by_SLH-DSA-SHAKE-128s,SLH-DSA-SHA2-128f_signed-by_SLH-DSA-SHAKE-128s,163.8,3335.82,275.751,0,0,0,361.478,17,54517.8,54999,33652,33649
2,3,24,SLH-DSA-SHA2-128f_signed-by_SLH-DSA-SHAKE-128s,SLH-DSA-SHA2-128f_signed-by_SLH-DSA-SHAKE-128s,162.64,3359.61,277.717,0,0,0,361.478,24,54677,54398.2,33652,33649
2,1,6,SLH-DSA-SHA2-128f_signed-by_SLH-DSA-SHAKE-128s,SLH-DSA-SHA2-128f_signed-by_SLH-DSA-SHAKE-128s,3171.2,172.303,31.5843,1,55,0.753425,251.425,24,54760.4,54816.6,33652,33649
2,6,24,SLH-DSA-SHA2-128f_signed-by_SLH-DSA-SHAKE-128s,SLH-DSA-SHA2-128f_signed-by_SLH-DSA-SHAKE-128s,168.732,3238.31,266.173,0,0,0,400.667,9,54315.9,54513.8,33652,33649
2,5,24,SLH-DSA-SHA2-128f_signed-by_SLH-DSA-SHAKE-128s,SLH-DSA-SHA2-128f_signed-by_SLH-DSA-SHAKE-128s,170.456,3205.56,263.481,0,0,0,439.689,16,54580.5,54417.2,33652,33649
2,7,24,SLH-DSA-SHA2-128f_signed-by_SLH-DSA-SHAKE-128s,SLH-DSA-SHA2-128f_signed-by_SLH-DSA-SHAKE-128s,169.996,3214.23,264.194,0,0,0,400.667,18,54538.9,54686.3,33652,33649
2,2,24,SLH-DSA-SHA2-128f_signed-by_SLH-DSA-SHAKE-128s,SLH-DSA-SHA2-128f_signed-by_SLH-DSA-SHAKE-128s,169.173,3229.87,265.479,0.755556,0,0,489.911,24,54702.3,54653.8,33652,33649
2,4,19,SLH-DSA-SHA2-128f_signed-by_SLH-DSA-SHAKE-128s,SLH-DSA-SHA2-128f_signed-by_SLH-DSA-SHAKE-128s,167.358,3264.9,268.358,1,0,0,453.289,24,54645.6,54535.8,33652,33649
2,8,25,SLH-DSA-SHA2-128f_signed-by_SLH-DSA-SHAKE-128s,SLH-DSA-SHA2-128f_signed-by_SLH-DSA-SHAKE-128s,189.057,2890.17,276.657,1,21,0.375,353.714,18,54744.2,54627.4,33652,33649
2,3,25,SLH-DSA-SHA2-128f_signed-by_SLH-DSA-SHAKE-128s,SLH-DSA-SHA2-128f_signed-by_SLH-DSA-SHAKE-128s,186.311,2932.77,243.034,1,0,0,385.149,24,54691.6,54225.9,33652,33649
2,1,7,SLH-DSA-SHA2-128f_signed-by_SLH-DSA-SHAKE-128s,SLH-DSA-SHA2-128f_signed-by_SLH-DSA-SHAKE-128s,183.988,2969.8,244.103,1,0,0,444.489,24,54866,54886,33652,33649
2,6,25,SLH-DSA-SHA2-128f_signed-by_SLH-DSA-SHAKE-128s,SLH-DSA-SHA2-128f_signed-by_SLH-DSA-SHAKE-128s,185.921,2938.92,260.928,1,5,0.1,366.64,9,54480.1,54644.3,33652,33649
2,5,25,SLH-DSA-SHA2-128f_signed-by_SLH-DSA-SHAKE-128s,SLH-DSA-SHA2-128f_signed-by_SLH-DSA-SHAKE-128s,185.634,2943.47,273.829,1,69,1.4375,593.25,15,54445.7,54693.5,33652,33649
2,7,25,SLH-DSA-SHA2-128f_signed-by_SLH-DSA-SHAKE-128s,SLH-DSA-SHA2-128f_signed-by_SLH-DSA-SHAKE-128s,182.1,3000.59,246.634,1,0,0,400.667,19,54495.5,54530.3,33652,33649
2,4,20,SLH-DSA-SHA2-128f_signed-by_SLH-DSA-SHAKE-128s,SLH-DSA-SHA2-128f_signed-by_SLH-DSA-SHAKE-128s,176.508,3095.65,356.879,1,90,1.69811,552.642,24,54698,54539.2,33652,33649
2,2,25,SLH-DSA-SHA2-128f_signed-by_SLH-DSA-SHAKE-128s,SLH-DSA-SHA2-128f_signed-by_SLH-DSA-SHAKE-128s,187.678,2911.41,310.403,1,48,0.90566,510.151,24,54614.1,54505,33652,33649
2,8,26,SLH-DSA-SHA2-128f_signed-by_SLH-DSA-SHAKE-128s,SLH-DSA-SHA2-128f_signed-by_SLH-DSA-SHAKE-128s,179.033,3051.99,250.858,1,0,0,400.667,18,54903.7,54548.3,33652,33649
2,1,8,SLH-DSA-SHA2-128f_signed-by_SLH-DSA-SHAKE-128s,SLH-DSA-SHA2-128f_signed-by_SLH-DSA-SHAKE-128s,174.41,3132.88,258.975,1,0,0,430.957,24,54541.9,54473.1,33652,33649
2,3,26,SLH-DSA-SHA2-128f_signed-by_SLH-DSA-SHAKE-128s,SLH-DSA-SHA2-128f_signed-by_SLH-DSA-SHAKE-128s,187.993,2906.52,278.222,1,21,0.375,356.571,24,54413,54685.9,33652,33649
2,5,26,SLH-DSA-SHA2-128f_signed-by_SLH-DSA-SHAKE-128s,SLH-DSA-SHA2-128f_signed-by_SLH-DSA-SHAKE-128s,170.489,3204.94,264.931,1,0,0,430.957,15,54480,54706.1,33652,33649
2,6,26,SLH-DSA-SHA2-128f_signed-by_SLH-DSA-SHAKE-128s,SLH-DSA-SHA2-128f_signed-by_SLH-DSA-SHAKE-128s,185.444,2946.47,290.933,1,45,0.918367,495.224,9,54367.8,54627.6,33652,33649
2,7,26,SLH-DSA-SHA2-128f_signed-by_SLH-DSA-SHAKE-128s,SLH-DSA-SHA2-128f_signed-by_SLH-DSA-SHAKE-128s,183.35,2980.12,413.197,1,176,2.28571,509.065,19,54535.7,54684.6,33652,33649
2,4,21,SLH-DSA-SHA2-128f_signed-by_SLH-DSA-SHAKE-128s,SLH-DSA-SHA2-128f_signed-by_SLH-DSA-SHAKE-128s,179.265,3048.04,357.101,1,54,0.739726,327.534,24,54410.9,54491.1,33652,33649
2,2,26,SLH-DSA-SHA2-128f_signed-by_SLH-DSA-SHAKE-128s,SLH-DSA-SHA2-128f_signed-by_SLH-DSA-SHAKE-128s,185.758,2941.49,313.955,1,59,1.01724,488.828,24,54492.6,54394.5,33652,33649
2,8,27,SLH-DSA-SHA2-128f_signed-by_SLH-DSA-SHAKE-128s,SLH-DSA-SHA2-128f_signed-by_SLH-DSA-SHAKE-128s,183.209,2982.43,325.835,1,42,0.626866,328.866,18,54566.4,54574.9,33652,33649
2,1,9,SLH-DSA-SHA2-128f_signed-by_SLH-DSA-SHAKE-128s,SLH-DSA-SHA2-128f_signed-by_SLH-DSA-SHAKE-128s,179.754,3039.74,270.947,1,11,0.215686,400.275,24,54452.9,54483.7,33652,33649
2,3,27,SLH-DSA-SHA2-128f_signed-by_SLH-DSA-SHAKE-128s,SLH-DSA-SHA2-128f_signed-by_SLH-DSA-SHAKE-128s,177.845,3072.37,252.533,1,0,0,416.222,24,56259.6,54531.7,33652,33649
2,5,27,SLH-DSA-SHA2-128f_signed-by_SLH-DSA-SHAKE-128s,SLH-DSA-SHA2-128f_signed-by_SLH-DSA-SHAKE-128s,183.14,2983.54,249.163,1,1,0.0217391,431.391,15,54635.9,54710.2,33652,33649
2,4,22,SLH-DSA-SHA2-128f_signed-by_SLH-DSA-SHAKE-128s,SLH-DSA-SHA2-128f_signed-by_SLH-DSA-SHAKE-128s,171.642,3183.41,329.895,1,33,0.532258,356.968,24,55434.9,54587.9,33652,33649
2,6,27,SLH-DSA-SHA2-128f_signed-by_SLH-DSA-SHAKE-128s,SLH-DSA-SHA2-128f_signed-by_SLH-DSA-SHAKE-128s,186.521,2929.47,241.388,1,0,0,402.261,10,54338.4,54469.7,33652,33649
2,7,27,SLH-DSA-SHA2-128f_signed-by_SLH-DSA-SHAKE-128s,SLH-DSA-SHA2-128f_signed-by_SLH-DSA-SHAKE-128s,183.936,2970.63,273.224,1,14,0.25,550.643,19,54588.6,54627.7,33652,33649
2,2,27,SLH-DSA-SHA2-128f_signed-by_SLH-DSA-SHAKE-128s,SLH-DSA-SHA2-128f_signed-by_SLH-DSA-SHAKE-128s,176.14,3102.11,311.479,1,47,0.921569,556.431,24,54523.3,54439,33652,33649
2,8,28,SLH-DSA-SHA2-128f_signed-by_SLH-DSA-SHAKE-128s,SLH-DSA-SHA2-128f_signed-by_SLH-DSA-SHAKE-128s,180.341,3029.84,250.457,1,0,0,392.783,19,54517.3,54654.1,33652,33649
2,1,10,SLH-DSA-SHA2-128f_signed-by_SLH-DSA-SHAKE-128s,SLH-DSA-SHA2-128f_signed-by_SLH-DSA-SHAKE-128s,186.506,2929.71,240.807,1,0,0,439.689,24,54496.9,54563.4,33652,33649
2,3,28,SLH-DSA-SHA2-128f_signed-by_SLH-DSA-SHAKE-128s,SLH-DSA-SHA2-128f_signed-by_SLH-DSA-SHAKE-128s,190.082,2874.59,267.589,1,23,0.479167,414.833,24,54437.6,54778.2,33652,33649
2,5,28,SLH-DSA-SHA2-128f_signed-by_SLH-DSA-SHAKE-128s,SLH-DSA-SHA2-128f_signed-by_SLH-DSA-SHAKE-128s,192.96,2831.71,232.752,1,0,0,439.689,14,54361.8,54454.2,33652,33649
2,4,23,SLH-DSA-SHA2-128f_signed-by_SLH-DSA-SHAKE-128s,SLH-DSA-SHA2-128f_signed-by_SLH-DSA-SHAKE-128s,190.892,2862.39,249.271,1,3,0.06,365.52,24,56473.7,55050.6,33652,33649
2,6,28,SLH-DSA-SHA2-128f_signed-by_SLH-DSA-SHAKE-128s,SLH-DSA-SHA2-128f_signed-by_SLH-DSA-SHAKE-128s,192.034,2845.37,358.852,1,81,1.39655,428.069,10,54428.5,54650.9,33652,33649
2,7,28,SLH-DSA-SHA2-128f_signed-by_SLH-DSA-SHAKE-128s,SLH-DSA-SHA2-128f_signed-by_SLH-DSA-SHAKE-128s,193.044,2830.48,288.182,1,35,0.625,554.929,20,54246.5,54726.8,33652,33649
2,2,28,SLH-DSA-SHA2-128f_signed-by_SLH-DSA-SHAKE-128s,SLH-DSA-SHA2-128f_signed-by_SLH-DSA-SHAKE-128s,189.112,2889.33,273.615,1,71,1.42,573.6,24,54756.2,54476.9,33652,33649
2,8,29,SLH-DSA-SHA2-128f_signed-by_SLH-DSA-SHAKE-128s,SLH-DSA-SHA2-128f_signed-by_SLH-DSA-SHAKE-128s,164.944,3312.67,272.964,1,0,0,392.696,19,54773.6,54670.9,33652,33649
2,1,11,SLH-DSA-SHA2-128f_signed-by_SLH-DSA-SHAKE-128s,SLH-DSA-SHA2-128f_signed-by_SLH-DSA-SHAKE-128s,173.222,3154.36,259.273,1,0,0,417.289,24,54458.3,54630.2,33652,33649
2,3,29,SLH-DSA-SHA2-128f_signed-by_SLH-DSA-SHAKE-128s,SLH-DSA-SHA2-128f_signed-by_SLH-DSA-SHAKE-128s,169.471,3224.18,265.012,1,0,0,400.667,24,54288.1,54750.5,33652,33649
2,5,29,SLH-DSA-SHA2-128f_signed-by_SLH-DSA-SHAKE-128s,SLH-DSA-SHA2-128f_signed-by_SLH-DSA-SHAKE-128s,164.788,3315.81,272.543,1,0,0,439.689,14,54748.2,54485.9,33652,33649
2,4,24,SLH-DSA-SHA2-128f_signed-by_SLH-DSA-SHAKE-128s,SLH-DSA-SHA2-128f_signed-by_SLH-DSA-SHAKE-128s,171.768,3181.07,305.993,1,21,0.368421,348.175,24,54389.7,55823.8,33652,33649
2,6,29,SLH-DSA-SHA2-128f_signed-by_SLH-DSA-SHAKE-128s,SLH-DSA-SHA2-128f_signed-by_SLH-DSA-SHAKE-128s,172.013,3176.54,285.745,1,12,0.226415,351.962,10,54468.4,54978.2,33652,33649
2,7,29,SLH-DSA-SHA2-128f_signed-by_SLH-DSA-SHAKE-128s,SLH-DSA-SHA2-128f_signed-by_SLH-DSA-SHAKE-128s,185.879,2939.58,291.285,1,46,0.92,740.24,20,54836.8,54435.3,33652,33649
2,2,29,SLH-DSA-SHA2-128f_signed-by_SLH-DSA-SHAKE-128s,SLH-DSA-SHA2-128f_signed-by_SLH-DSA-SHAKE-128s,228.612,2390.11,267.282,1,54,0.794118,359.294,24,54444.7,54618.2,33652,33649
2,8,30,SLH-DSA-SHA2-128f_signed-by_SLH-DSA-SHAKE-128s,SLH-DSA-SHA2-128f_signed-by_SLH-DSA-SHAKE-128s,166.06,3290.42,276.334,1,1,0.0212766,354.936,19,54665.3,54503,33652,33649
2,1,12,SLH-DSA-SHA2-128f_signed-by_SLH-DSA-SHAKE-128s,SLH-DSA-SHA2-128f_signed-by_SLH-DSA-SHAKE-128s,168.65,3239.88,266.302,0.933333,0,0,400.667,24,54821.9,54730.5,33652,33649
2,3,30,SLH-DSA-SHA2-128f_signed-by_SLH-DSA-SHAKE-128s,SLH-DSA-SHA2-128f_signed-by_SLH-DSA-SHAKE-128s,178.391,3062.97,296.068,0.724138,21,0.362069,338.414,24,54452.9,54727.4,33652,33649
2,5,30,SLH-DSA-SHA2-128f_signed-by_SLH-DSA-SHAKE-128s,SLH-DSA-SHA2-128f_signed-by_SLH-DSA-SHAKE-128s,184.086,2968.21,369.739,0.525,65,0.8125,359.95,14,55960.6,54729.6,33652,33649
2,4,25,SLH-DSA-SHA2-128f_signed-by_SLH-DSA-SHAKE-128s,SLH-DSA-SHA2-128f_signed-by_SLH-DSA-SHAKE-128s,174.938,3123.43,258.194,0.913043,0,0,392.783,24,54369.4,54730.3,33652,33649
2,6,30,SLH-DSA-SHA2-128f_signed-by_SLH-DSA-SHAKE-128s,SLH-DSA-SHA2-128f_signed-by_SLH-DSA-SHAKE-128s,183.333,2980.4,246.371,0.913043,0,0,393.565,10,54384.1,54488.3,33652,33649
2,7,30,SLH-DSA-SHA2-128f_signed-by_SLH-DSA-SHAKE-128s,SLH-DSA-SHA2-128f_signed-by_SLH-DSA-SHAKE-128s,173.175,3155.23,259.344,0.933333,0,0,638.267,20,54604.9,54455,33652,33649
2,2,30,SLH-DSA-SHA2-128f_signed-by_SLH-DSA-SHAKE-128s,SLH-DSA-SHA2-128f_signed-by_SLH-DSA-SHAKE-128s,175.494,3113.53,257.376,0.0217391,0,0,480.087,24,54558.4,54522.3,33652,33649
2,8,31,SLH-DSA-SHA2-128f_signed-by_SLH-DSA-SHAKE-128s,SLH-DSA-SHA2-128f_signed-by_SLH-DSA-SHAKE-128s,166.943,3273.02,273.339,0.391304,1,0.0217391,393.13,20,54797.2,54460.1,33652,33649
2,1,13,SLH-DSA-SHA2-128f_signed-by_SLH-DSA-SHAKE-128s,SLH-DSA-SHA2-128f_signed-by_SLH-DSA-SHAKE-128s,176.361,3098.23,254.659,0.377778,0,0,400.667,24,54310.8,58218,33652,33649
2,3,31,SLH-DSA-SHA2-128f_signed-by_SLH-DSA-SHAKE-128s,SLH-DSA-SHA2-128f_signed-by_SLH-DSA-SHAKE-128s,168.456,3243.61,268.128,0.369565,0,0,361.478,24,54603,54439.3,33652,33649
2,5,31,SLH-DSA-SHA2-128f_signed-by_SLH-DSA-SHAKE-128s,SLH-DSA-SHA2-128f_signed-by_SLH-DSA-SHAKE-128s,163.239,3347.27,275.129,0.377778,0,0,476.667,14,55153.8,54975.5,33652,33649
2,4,26,SLH-DSA-SHA2-128f_signed-by_SLH-DSA-SHAKE-128s,SLH-DSA-SHA2-128f_signed-by_SLH-DSA-SHAKE-128s,167.739,3257.47,267.748,0.377778,0,0,424.133,24,54392.5,54469.9,33652,33649
2,6,31,SLH-DSA-SHA2-128f_signed-by_SLH-DSA-SHAKE-128s,SLH-DSA-SHA2-128f_signed-by_SLH-DSA-SHAKE-128s,170.192,3210.53,333.833,0.269841,34,0.539683,346.825,11,54637.1,54813.6,33652,33649
2,7,31,SLH-DSA-SHA2-128f_signed-by_SLH-DSA-SHAKE-128s,SLH-DSA-SHA2-128f_signed-by_SLH-DSA-SHAKE-128s,173.431,3150.57,259.607,0.369565,0,0,625.391,20,54740,54709.4,33652,33649
2,2,31,SLH-DSA-SHA2-128f_signed-by_SLH-DSA-SHAKE-128s,SLH-DSA-SHA2-128f_signed-by_SLH-DSA-SHAKE-128s,164.257,3326.53,274.983,0.586957,0,0,480.087,24,54641.1,54981.3,33652,33649
2,8,32,SLH-DSA-SHA2-128f_signed-by_SLH-DSA-SHAKE-128s,SLH-DSA-SHA2-128f_signed-by_SLH-DSA-SHAKE-128s,167.99,3252.61,267.348,0.222222,0,0,400.667,20,54511.2,54516.8,33652,33649
2,1,14,SLH-DSA-SHA2-128f_signed-by_SLH-DSA-SHAKE-128s,SLH-DSA-SHA2-128f_signed-by_SLH-DSA-SHAKE-128s,175.571,3112.16,257.262,0.217391,0,0,392.783,24,54481.6,54489,33652,33649
2,3,32,SLH-DSA-SHA2-128f_signed-by_SLH-DSA-SHAKE-128s,SLH-DSA-SHA2-128f_signed-by_SLH-DSA-SHAKE-128s,175.081,3120.87,298.741,0.178571,21,0.375,353.714,24,54777.3,54462.1,33652,33649
2,5,32,SLH-DSA-SHA2-128f_signed-by_SLH-DSA-SHAKE-128s,SLH-DSA-SHA2-128f_signed-by_SLH-DSA-SHAKE-128s,174.591,3129.63,257.24,0.222222,0,0,439.689,13,54429.4,54728.5,33652,33649
2,4,27,SLH-DSA-SHA2-128f_signed-by_SLH-DSA-SHAKE-128s,SLH-DSA-SHA2-128f_signed-by_SLH-DSA-SHAKE-128s,172.115,3174.65,260.941,0.222222,0,0,400.667,24,54513.9,54779.3,33652,33649
2,6,32,SLH-DSA-SHA2-128f_signed-by_SLH-DSA-SHAKE-128s,SLH-DSA-SHA2-128f_signed-by_SLH-DSA-SHAKE-128s,166.565,3280.43,269.635,0.222222,0,0,400.667,11,54636.7,54840.7,33652,33649
2,7,32,SLH-DSA-SHA2-128f_signed-by_SLH-DSA-SHAKE-128s,SLH-DSA-SHA2-128f_signed-by_SLH-DSA-SHAKE-128s,164.985,3311.85,272.218,1,0,0,638.267,20,54427.3,54428,33652,33649
2,2,32,SLH-DSA-SHA2-128f_signed-by_SLH-DSA-SHAKE-128s,SLH-DSA-SHA2-128f_signed-by_SLH-DSA-SHAKE-128s,167.775,3256.78,267.691,1,0,0,464.844,24,54517.9,54464.2,33652,33649
2,8,33,SLH-DSA-SHA2-128f_signed-by_SLH-DSA-SHAKE-128s,SLH-DSA-SHA2-128f_signed-by_SLH-DSA-SHAKE-128s,188.482,2898.99,316.72,0.820896,42,0.626866,324.328,20,54634.1,54831.9,33652,33649
2,1,15,SLH-DSA-SHA2-128f_signed-by_SLH-DSA-SHAKE-128s,SLH-DSA-SHA2-128f_signed-by_SLH-DSA-SHAKE-128s,169.811,3217.73,264.481,1,0,0,400.667,24,54402.2,54439.1,33652,33649
2,3,33,SLH-DSA-SHA2-128f_signed-by_SLH-DSA-SHAKE-128s,SLH-DSA-SHA2-128f_signed-by_SLH-DSA-SHAKE-128s,168.677,3239.36,266.259,1,0,0,407.778,24,54781.4,54492,33652,33649
2,5,33,SLH-DSA-SHA2-128f_signed-by_SLH-DSA-SHAKE-128s,SLH-DSA-SHA2-128f_signed-by_SLH-DSA-SHAKE-128s,169.188,3229.57,273.966,1,2,0.0425532,423.532,13,54533,54669.6,33652,33649
2,4,28,SLH-DSA-SHA2-128f_signed-by_SLH-DSA-SHAKE-128s,SLH-DSA-SHA2-128f_signed-by_SLH-DSA-SHAKE-128s,170.542,3203.93,299.186,1,70,1.42857,476.041,24,54494.3,55194.7,33652,33649
2,6,33,SLH-DSA-SHA2-128f_signed-by_SLH-DSA-SHAKE-128s,SLH-DSA-SHA2-128f_signed-by_SLH-DSA-SHAKE-128s,172.957,3159.21,259.671,1,0,0,400.667,11,54517.1,54704.8,33652,33649
2,7,33,SLH-DSA-SHA2-128f_signed-by_SLH-DSA-SHAKE-128s,SLH-DSA-SHA2-128f_signed-by_SLH-DSA-SHAKE-128s,169.833,3217.33,264.448,0.0444444,0,0,638.267,20,54325.5,54478.3,33652,33649
2,2,33,SLH-DSA-SHA2-128f_signed-by_SLH-DSA-SHAKE-128s,SLH-DSA-SHA2-128f_signed-by_SLH-DSA-SHAKE-128s,164.878,3314,273.947,0.608696,0,0,361.478,24,54522.4,54512,33652,33649
2,8,34,SLH-DSA-SHA2-128f_signed-by_SLH-DSA-SHAKE-128s,SLH-DSA-SHA2-128f_signed-by_SLH-DSA-SHAKE-128s,181.395,3012.24,247.591,1,0,0,400.667,20,54364.5,54566.1,33652,33649
2,1,16,SLH-DSA-SHA2-128f_signed-by_SLH-DSA-SHAKE-128s,SLH-DSA-SHA2-128f_signed-by_SLH-DSA-SHAKE-128s,168.732,3238.31,344.118,1,35,0.546875,347.562,24,54496.5,54928.9,33652,33649
2,3,34,SLH-DSA-SHA2-128f_signed-by_SLH-DSA-SHAKE-128s,SLH-DSA-SHA2-128f_signed-by_SLH-DSA-SHAKE-128s,172.207,3172.96,305.213,1,21,0.368421,348.175,24,54658.3,54589.9,33652,33649
2,5,34,SLH-DSA-SHA2-128f_signed-by_SLH-DSA-SHAKE-128s,SLH-DSA-SHA2-128f_signed-by_SLH-DSA-SHAKE-128s,174.456,3132.05,279.45,1,2,0.0425532,425.66,13,54701.8,54568,33652,33649
2,4,29,SLH-DSA-SHA2-128f_signed-by_SLH-DSA-SHAKE-128s,SLH-DSA-SHA2-128f_signed-by_SLH-DSA-SHAKE-128s,176.245,3100.27,276.342,1,11,0.215686,365.059,24,54317.3,54878.3,33652,33649
2,6,34,SLH-DSA-SHA2-128f_signed-by_SLH-DSA-SHAKE-128s,SLH-DSA-SHA2-128f_signed-by_SLH-DSA-SHAKE-128s,178.873,3054.73,283.732,1,13,0.26,605.68,12,54535,54601.1,33652,33649
2,7,34,SLH-DSA-SHA2-128f_signed-by_SLH-DSA-SHAKE-128s,SLH-DSA-SHA2-128f_signed-by_SLH-DSA-SHAKE-128s,177.165,3084.17,253.504,1,0,0,638.267,20,54393.1,54485,33652,33649
2,2,34,SLH-DSA-SHA2-128f_signed-by_SLH-DSA-SHAKE-128s,SLH-DSA-SHA2-128f_signed-by_SLH-DSA-SHAKE-128s,175.669,3110.43,324.337,1,93,1.78846,488.923,24,54537.7,54512.3,33652,33649
2,8,35,SLH-DSA-SHA2-128f_signed-by_SLH-DSA-SHAKE-128s,SLH-DSA-SHA2-128f_signed-by_SLH-DSA-SHAKE-128s,167.899,3254.38,311.521,1,21,0.375,365.857,20,55306.4,54423.7,33652,33649
2,3,35,SLH-DSA-SHA2-128f_signed-by_SLH-DSA-SHAKE-128s,SLH-DSA-SHA2-128f_signed-by_SLH-DSA-SHAKE-128s,170.13,3211.69,263.985,1,0,0,400.667,24,54406.9,54534.9,33652,33649
2,1,17,SLH-DSA-SHA2-128f_signed-by_SLH-DSA-SHAKE-128s,SLH-DSA-SHA2-128f_signed-by_SLH-DSA-SHAKE-128s,183.989,2969.78,331.497,1,47,0.661972,318.563,24,55810,54692.6,33652,33649
2,4,30,SLH-DSA-SHA2-128f_signed-by_SLH-DSA-SHAKE-128s,SLH-DSA-SHA2-128f_signed-by_SLH-DSA-SHAKE-128s,168.549,3241.83,266.462,1,0,0,400.667,24,54759.1,54546.1,33652,33649
2,5,35,SLH-DSA-SHA2-128f_signed-by_SLH-DSA-SHAKE-128s,SLH-DSA-SHA2-128f_signed-by_SLH-DSA-SHAKE-128s,183.153,2983.33,285.575,1,21,0.375,397.214,13,54502.9,55044,33652,33649
2,6,35,SLH-DSA-SHA2-128f_signed-by_SLH-DSA-SHAKE-128s,SLH-DSA-SHA2-128f_signed-by_SLH-DSA-SHAKE-128s,174.11,3138.29,257.951,1,0,0,400.667,12,54396.4,54564.7,33652,33649
2,7,35,SLH-DSA-SHA2-128f_signed-by_SLH-DSA-SHAKE-128s,SLH-DSA-SHA2-128f_signed-by_SLH-DSA-SHAKE-128s,173.114,3156.34,295.112,1,69,1.40816,694.245,20,54720.5,55381,33652,33649
2,2,35,SLH-DSA-SHA2-128f_signed-by_SLH-DSA-SHAKE-128s,SLH-DSA-SHA2-128f_signed-by_SLH-DSA-SHAKE-128s,173.108,3156.45,311.666,1,45,0.918367,495.224,24,54618.6,54451.7,33652,33649
2,8,36,SLH-DSA-SHA2-128f_signed-by_SLH-DSA-SHAKE-128s,SLH-DSA-SHA2-128f_signed-by_SLH-DSA-SHAKE-128s,177.692,3075.02,255.633,1,0,0,385.234,20,54357.5,54694.6,33652,33649
2,3,36,SLH-DSA-SHA2-128f_signed-by_SLH-DSA-SHAKE-128s,SLH-DSA-SHA2-128f_signed-by_SLH-DSA-SHAKE-128s,178.45,3061.96,251.678,1,0,0,400.667,24,54429.2,54444.1,33652,33649
2,1,18,SLH-DSA-SHA2-128f_signed-by_SLH-DSA-SHAKE-128s,SLH-DSA-SHA2-128f_signed-by_SLH-DSA-SHAKE-128s,174.249,3135.78,324.96,1,33,0.532258,356.968,24,54508.6,54397.4,33652,33649
2,4,31,SLH-DSA-SHA2-128f_signed-by_SLH-DSA-SHAKE-128s,SLH-DSA-SHA2-128f_signed-by_SLH-DSA-SHAKE-128s,172.996,3158.5,261.092,1,0,0,392.783,24,54342.3,54505.6,33652,33649
2,5,36,SLH-DSA-SHA2-128f_signed-by_SLH-DSA-SHAKE-128s,SLH-DSA-SHA2-128f_signed-by_SLH-DSA-SHAKE-128s,177.301,3081.8,274.696,1,11,0.215686,402.627,13,54564.8,54565.8,33652,33649
2,6,36,SLH-DSA-SHA2-128f_signed-by_SLH-DSA-SHAKE-128s,SLH-DSA-SHA2-128f_signed-by_SLH-DSA-SHAKE-128s,172.533,3166.97,294.807,1,23,0.479167,433.167,12,54296.7,54535.5,33652,33649
2,7,36,SLH-DSA-SHA2-128f_signed-by_SLH-DSA-SHAKE-128s,SLH-DSA-SHA2-128f_signed-by_SLH-DSA-SHAKE-128s,172.736,3163.25,312.337,1,45,0.918367,688.694,20,58408.1,54505.2,33652,33649
2,2,36,SLH-DSA-SHA2-128f_signed-by_SLH-DSA-SHAKE-128s,SLH-DSA-SHA2-128f_signed-by_SLH-DSA-SHAKE-128s,172.803,3162.02,312.216,1,45,0.918367,495.224,24,54964.5,54704.7,33652,33649
2,8,37,SLH-DSA-SHA2-128f_signed-by_SLH-DSA-SHAKE-128s,SLH-DSA-SHA2-128f_signed-by_SLH-DSA-SHAKE-128s,168.781,3237.37,289.7,1,12,0.230769,358,20,54590.2,55133.7,33652,33649
2,3,37,SLH-DSA-SHA2-128f_signed-by_SLH-DSA-SHAKE-128s,SLH-DSA-SHA2-128f_signed-by_SLH-DSA-SHAKE-128s,173.968,3140.85,258.162,1,0,0,400.667,24,54361.8,59448.7,33652,33649
2,1,19,SLH-DSA-SHA2-128f_signed-by_SLH-DSA-SHAKE-128s,SLH-DSA-SHA2-128f_signed-by_SLH-DSA-SHAKE-128s,174.133,3137.87,257.917,1,0,0,400.667,24,54418.4,54535.6,33652,33649
2,4,32,SLH-DSA-SHA2-128f_signed-by_SLH-DSA-SHAKE-128s,SLH-DSA-SHA2-128f_signed-by_SLH-DSA-SHAKE-128s,169.486,3223.91,264.989,1,0,0,400.667,24,55247.3,54712.8,33652,33649
2,5,37,SLH-DSA-SHA2-128f_signed-by_SLH-DSA-SHAKE-128s,SLH-DSA-SHA2-128f_signed-by_SLH-DSA-SHAKE-128s,175.907,3106.23,256.772,1,0,0,430.957,13,54424,54549.1,33652,33649
2,6,37,SLH-DSA-SHA2-128f_signed-by_SLH-DSA-SHAKE-128s,SLH-DSA-SHA2-128f_signed-by_SLH-DSA-SHAKE-128s,173.526,3148.85,262.969,1,1,0.0217391,393.13,13,54361.1,54662.1,33652,33649
2,7,37,SLH-DSA-SHA2-128f_signed-by_SLH-DSA-SHAKE-128s,SLH-DSA-SHA2-128f_signed-by_SLH-DSA-SHAKE-128s,173.401,3151.12,327.656,1,46,0.901961,551.882,20,54936.1,54501.5,33652,33649
2,2,37,SLH-DSA-SHA2-128f_signed-by_SLH-DSA-SHAKE-128s,SLH-DSA-SHA2-128f_signed-by_SLH-DSA-SHAKE-128s,167.072,3270.49,304.252,0.708333,69,1.4375,511.833,24,54603.2,54836,33652,33649
2,8,38,SLH-DSA-SHA2-128f_signed-by_SLH-DSA-SHAKE-128s,SLH-DSA-SHA2-128f_signed-by_SLH-DSA-SHAKE-128s,172.104,3174.85,260.957,0.822222,0,0,400.667,20,54670.6,54814.9,33652,33649
2,3,38,SLH-DSA-SHA2-128f_signed-by_SLH-DSA-SHAKE-128s,SLH-DSA-SHA2-128f_signed-by_SLH-DSA-SHAKE-128s,162.786,3356.59,275.895,0.822222,0,0,400.667,24,54787.2,54815.1,33652,33649
2,1,20,SLH-DSA-SHA2-128f_signed-by_SLH-DSA-SHAKE-128s,SLH-DSA-SHA2-128f_signed-by_SLH-DSA-SHAKE-128s,167.091,3270.11,268.787,0.822222,0,0,400.667,24,54982.5,54345.1,33652,33649
2,4,33,SLH-DSA-SHA2-128f_signed-by_SLH-DSA-SHAKE-128s,SLH-DSA-SHA2-128f_signed-by_SLH-DSA-SHAKE-128s,180.102,3033.88,270.424,0.72549,11,0.215686,368.51,24,54500.7,54818.6,33652,33649
2,5,38,SLH-DSA-SHA2-128f_signed-by_SLH-DSA-SHAKE-128s,SLH-DSA-SHA2-128f_signed-by_SLH-DSA-SHAKE-128s,171.59,3184.37,261.739,0.822222,0,0,454.889,12,55008.2,54546.6,33652,33649
2,6,38,SLH-DSA-SHA2-128f_signed-by_SLH-DSA-SHAKE-128s,SLH-DSA-SHA2-128f_signed-by_SLH-DSA-SHAKE-128s,167.548,3261.19,337.956,0.596774,33,0.532258,383.806,13,54527.5,54319.8,33652,33649
2,7,38,SLH-DSA-SHA2-128f_signed-by_SLH-DSA-SHAKE-128s,SLH-DSA-SHA2-128f_signed-by_SLH-DSA-SHAKE-128s,167.147,3269.02,338.766,0.596774,33,0.532258,412.129,20,54654,54450.9,33652,33649
2,2,38,SLH-DSA-SHA2-128f_signed-by_SLH-DSA-SHAKE-128s,SLH-DSA-SHA2-128f_signed-by_SLH-DSA-SHAKE-128s,165.062,3310.3,275.192,0.808511,0,0,411.191,24,54644.1,54559.1,33652,33649
2,8,39,SLH-DSA-SHA2-128f_signed-by_SLH-DSA-SHAKE-128s,SLH-DSA-SHA2-128f_signed-by_SLH-DSA-SHAKE-128s,178.853,3055.06,252.542,0.130435,0,0,418.435,20,54729.3,54555.9,33652,33649
2,3,39,SLH-DSA-SHA2-128f_signed-by_SLH-DSA-SHAKE-128s,SLH-DSA-SHA2-128f_signed-by_SLH-DSA-SHAKE-128s,173.481,3149.66,258.886,0.133333,0,0,400.667,24,54471.6,54609,33652,33649
2,1,21,SLH-DSA-SHA2-128f_signed-by_SLH-DSA-SHAKE-128s,SLH-DSA-SHA2-128f_signed-by_SLH-DSA-SHAKE-128s,170.838,3198.39,262.892,0.4,0,0,400.667,24,54656.4,54550.2,33652,33649
2,4,34,SLH-DSA-SHA2-128f_signed-by_SLH-DSA-SHAKE-128s,SLH-DSA-SHA2-128f_signed-by_SLH-DSA-SHAKE-128s,167.663,3258.96,267.87,0.4,0,0,400.667,24,54457.1,54487.9,33652,33649
2,5,39,SLH-DSA-SHA2-128f_signed-by_SLH-DSA-SHAKE-128s,SLH-DSA-SHA2-128f_signed-by_SLH-DSA-SHAKE-128s,167.507,3262,269.648,0.391304,0,0,396.348,12,54688.7,54723.3,33652,33649
2,6,39,SLH-DSA-SHA2-128f_signed-by_SLH-DSA-SHAKE-128s,SLH-DSA-SHA2-128f_signed-by_SLH-DSA-SHAKE-128s,169.526,3223.14,269.173,0.391304,1,0.0217391,393.13,13,54355.1,54811.5,33652,33649
2,7,39,SLH-DSA-SHA2-128f_signed-by_SLH-DSA-SHAKE-128s,SLH-DSA-SHA2-128f_signed-by_SLH-DSA-SHAKE-128s,170.649,3201.93,285.404,0.352941,11,0.215686,402.627,20,54519.1,54951.8,33652,33649
2,2,39,SLH-DSA-SHA2-128f_signed-by_SLH-DSA-SHAKE-128s,SLH-DSA-SHA2-128f_signed-by_SLH-DSA-SHAKE-128s,169.016,3232.87,267.241,0.5,0,0,361.478,24,54674.8,54522.9,33652,33649
2,8,40,SLH-DSA-SHA2-128f_signed-by_SLH-DSA-SHAKE-128s,SLH-DSA-SHA2-128f_signed-by_SLH-DSA-SHAKE-128s,167.183,3268.32,295.628,0.346154,12,0.230769,359.077,21,54928.5,54494.4,33652,33649
2,3,40,SLH-DSA-SHA2-128f_signed-by_SLH-DSA-SHAKE-128s,SLH-DSA-SHA2-128f_signed-by_SLH-DSA-SHAKE-128s,167.486,3262.41,336.649,0.352941,23,0.45098,492.51,24,54507,54510.5,33652,33649
2,1,22,SLH-DSA-SHA2-128f_signed-by_SLH-DSA-SHAKE-128s,SLH-DSA-SHA2-128f_signed-by_SLH-DSA-SHAKE-128s,176.862,3089.45,253.937,0.133333,0,0,400.667,24,54945.4,54623.2,33652,33649
2,4,35,SLH-DSA-SHA2-128f_signed-by_SLH-DSA-SHAKE-128s,SLH-DSA-SHA2-128f_signed-by_SLH-DSA-SHAKE-128s,170.535,3204.07,263.359,0.133333,0,0,400.667,24,54475.1,54801.6,33652,33649
2,5,40,SLH-DSA-SHA2-128f_signed-by_SLH-DSA-SHAKE-128s,SLH-DSA-SHA2-128f_signed-by_SLH-DSA-SHAKE-128s,168.085,3250.78,267.198,0.133333,0,0,439.689,12,54408.7,54464.5,33652,33649
2,6,40,SLH-DSA-SHA2-128f_signed-by_SLH-DSA-SHAKE-128s,SLH-DSA-SHA2-128f_signed-by_SLH-DSA-SHAKE-128s,169.597,3221.79,266.325,0.130435,0,0,372.957,14,54458.9,54495.5,33652,33649
2,7,40,SLH-DSA-SHA2-128f_signed-by_SLH-DSA-SHAKE-128s,SLH-DSA-SHA2-128f_signed-by_SLH-DSA-SHAKE-128s,168.186,3248.82,271.318,0.391304,1,0.0217391,431.391,20,54811,54830.3,33652,33649
2,2,40,SLH-DSA-SHA2-128f_signed-by_SLH-DSA-SHAKE-128s,SLH-DSA-SHA2-128f_signed-by_SLH-DSA-SHAKE-128s,162.621,3360,277.749,0.26087,0,0,361.478,24,54628.2,54462,33652,33649
2,8,41,SLH-DSA-SHA2-128f_signed-by_SLH-DSA-SHAKE-128s,SLH-DSA-SHA2-128f_signed-by_SLH-DSA-SHAKE-128s,168.407,3244.56,266.686,0.266667,0,0,400.667,21,54818.9,54502.9,33652,33649
2,3,41,SLH-DSA-SHA2-128f_signed-by_SLH-DSA-SHAKE-128s,SLH-DSA-SHA2-128f_signed-by_SLH-DSA-SHAKE-128s,166.975,3272.39,268.974,0.266667,0,0,400.667,24,54428.6,54830.3,33652,33649
2,1,23,SLH-DSA-SHA2-128f_signed-by_SLH-DSA-SHAKE-128s,SLH-DSA-SHA2-128f_signed-by_SLH-DSA-SHAKE-128s,167.706,3258.12,267.801,0.266667,0,0,410.444,24,55188,54465,33652,33649
2,4,36,SLH-DSA-SHA2-128f_signed-by_SLH-DSA-SHAKE-128s,SLH-DSA-SHA2-128f_signed-by_SLH-DSA-SHAKE-128s,170.761,3199.83,263.01,0.266667,0,0,400.667,24,54436.5,54852.1,33652,33649
2,5,41,SLH-DSA-SHA2-128f_signed-by_SLH-DSA-SHAKE-128s,SLH-DSA-SHA2-128f_signed-by_SLH-DSA-SHAKE-128s,167.815,3256.01,271.918,0.26087,1,0.0217391,431.391,12,54864.9,54726.2,33652,33649
2,6,41,SLH-DSA-SHA2-128f_signed-by_SLH-DSA-SHAKE-128s,SLH-DSA-SHA2-128f_signed-by_SLH-DSA-SHAKE-128s,168.976,3233.63,301.012,0.958333,23,0.479167,414.833,14,54734.5,54744.3,33652,33649
2,7,41,SLH-DSA-SHA2-128f_signed-by_SLH-DSA-SHAKE-128s,SLH-DSA-SHA2-128f_signed-by_SLH-DSA-SHAKE-128s,169.49,3223.82,264.982,0.755556,0,0,439.689,19,55058.2,54379.7,33652,33649
2,2,41,SLH-DSA-SHA2-128f_signed-by_SLH-DSA-SHAKE-128s,SLH-DSA-SHA2-128f_signed-by_SLH-DSA-SHAKE-128s,166.541,3280.91,271.211,1,0,0,361.478,24,54502.6,54595.1,33652,33649
2,8,42,SLH-DSA-SHA2-128f_signed-by_SLH-DSA-SHAKE-128s,SLH-DSA-SHA2-128f_signed-by_SLH-DSA-SHAKE-128s,183.974,2970.01,347.96,1,54,0.739726,327.534,21,54453.3,54443.5,33652,33649
2,3,42,SLH-DSA-SHA2-128f_signed-by_SLH-DSA-SHAKE-128s,SLH-DSA-SHA2-128f_signed-by_SLH-DSA-SHAKE-128s,187.68,2911.38,342.455,1,54,0.72973,323.622,24,54383.8,54541.9,33652,33649
2,1,24,SLH-DSA-SHA2-128f_signed-by_SLH-DSA-SHAKE-128s,SLH-DSA-SHA2-128f_signed-by_SLH-DSA-SHAKE-128s,186.59,2928.38,405.851,1,87,0.966667,307.689,24,54409.3,54475.9,33652,33649
2,4,37,SLH-DSA-SHA2-128f_signed-by_SLH-DSA-SHAKE-128s,SLH-DSA-SHA2-128f_signed-by_SLH-DSA-SHAKE-128s,182.549,2993.21,409.577,1,135,1.60714,378.762,24,54426.4,54576.2,33652,33649
2,5,42,SLH-DSA-SHA2-128f_signed-by_SLH-DSA-SHAKE-128s,SLH-DSA-SHA2-128f_signed-by_SLH-DSA-SHAKE-128s,185.793,2940.94,370.562,1,66,0.814815,352.025,12,54463.1,54507,33652,33649
2,7,42,SLH-DSA-SHA2-128f_signed-by_SLH-DSA-SHAKE-128s,SLH-DSA-SHA2-128f_signed-by_SLH-DSA-SHAKE-128s,182.715,2990.49,247.204,1,0,0,430.957,19,54494.2,54623.9,33652,33649
2,6,42,SLH-DSA-SHA2-128f_signed-by_SLH-DSA-SHAKE-128s,SLH-DSA-SHA2-128f_signed-by_SLH-DSA-SHAKE-128s,191.923,2847.01,301.87,1,62,1.10714,432.929,15,54365.1,54476.3,33652,33649
2,2,42,SLH-DSA-SHA2-128f_signed-by_SLH-DSA-SHAKE-128s,SLH-DSA-SHA2-128f_signed-by_SLH-DSA-SHAKE-128s,181.228,3015.02,356.941,1,92,1.64286,525.714,24,54433.7,54921.8,33652,33649
2,8,43,SLH-DSA-SHA2-128f_signed-by_SLH-DSA-SHAKE-128s,SLH-DSA-SHA2-128f_signed-by_SLH-DSA-SHAKE-128s,168.091,3250.65,267.187,0.0222222,0,0,400.667,21,55625.7,54687.6,33652,33649
2,3,43,SLH-DSA-SHA2-128f_signed-by_SLH-DSA-SHAKE-128s,SLH-DSA-SHA2-128f_signed-by_SLH-DSA-SHAKE-128s,174.861,3124.81,256.844,0.0222222,0,0,400.667,24,54382.7,54553.1,33652,33649
2,4,38,SLH-DSA-SHA2-128f_signed-by_SLH-DSA-SHAKE-128s,SLH-DSA-SHA2-128f_signed-by_SLH-DSA-SHAKE-128s,166.943,3273.01,269.025,0.0222222,0,0,400.667,24,55068.8,55132.3,33652,33649
2,1,25,SLH-DSA-SHA2-128f_signed-by_SLH-DSA-SHAKE-128s,SLH-DSA-SHA2-128f_signed-by_SLH-DSA-SHAKE-128s,174.16,3137.38,258.52,0.0217391,0,0,392.696,24,54634,54670.5,33652,33649
2,5,43,SLH-DSA-SHA2-128f_signed-by_SLH-DSA-SHAKE-128s,SLH-DSA-SHA2-128f_signed-by_SLH-DSA-SHAKE-128s,169.319,3227.08,265.25,1,0,0,439.689,12,54516.6,54556.1,33652,33649
2,7,43,SLH-DSA-SHA2-128f_signed-by_SLH-DSA-SHAKE-128s,SLH-DSA-SHA2-128f_signed-by_SLH-DSA-SHAKE-128s,164.749,3316.6,274.162,1,0,0,395.478,19,54417,54534.4,33652,33649
2,6,43,SLH-DSA-SHA2-128f_signed-by_SLH-DSA-SHAKE-128s,SLH-DSA-SHA2-128f_signed-by_SLH-DSA-SHAKE-128s,169.161,3230.1,265.498,1,0,0,400.667,15,54555.8,54433,33652,33649
2,2,43,SLH-DSA-SHA2-128f_signed-by_SLH-DSA-SHAKE-128s,SLH-DSA-SHA2-128f_signed-by_SLH-DSA-SHAKE-128s,169.701,3219.81,268.895,1,1,0.0217391,393.13,24,54449.7,54685.6,33652,33649
2,8,44,SLH-DSA-SHA2-128f_signed-by_SLH-DSA-SHAKE-128s,SLH-DSA-SHA2-128f_signed-by_SLH-DSA-SHAKE-128s,181.374,3012.6,249.032,1,0,0,392.783,22,54442.4,54968,33652,33649
2,4,39,SLH-DSA-SHA2-128f_signed-by_SLH-DSA-SHAKE-128s,SLH-DSA-SHA2-128f_signed-by_SLH-DSA-SHAKE-128s,170.284,3208.8,300.016,1,69,1.40816,504.286,24,54521.4,54660.1,33652,33649
2,3,44,SLH-DSA-SHA2-128f_signed-by_SLH-DSA-SHAKE-128s,SLH-DSA-SHA2-128f_signed-by_SLH-DSA-SHAKE-128s,189.325,2886.07,277.279,1,22,0.385965,346.07,24,54769.9,55208,33652,33649
2,5,44,SLH-DSA-SHA2-128f_signed-by_SLH-DSA-SHAKE-128s,SLH-DSA-SHA2-128f_signed-by_SLH-DSA-SHAKE-128s,171.214,3191.37,266.52,1,1,0.0217391,409.478,11,54478.9,54626,33652,33649
2,7,44,SLH-DSA-SHA2-128f_signed-by_SLH-DSA-SHAKE-128s,SLH-DSA-SHA2-128f_signed-by_SLH-DSA-SHAKE-128s,176.734,3091.69,257.019,1,0,0,422.596,19,54505.8,54927.2,33652,33649
2,1,26,SLH-DSA-SHA2-128f_signed-by_SLH-DSA-SHAKE-128s,SLH-DSA-SHA2-128f_signed-by_SLH-DSA-SHAKE-128s,194.298,2812.21,314.897,1,60,1,369.733,24,54529.7,54472.8,33652,33649
2,6,44,SLH-DSA-SHA2-128f_signed-by_SLH-DSA-SHAKE-128s,SLH-DSA-SHA2-128f_signed-by_SLH-DSA-SHAKE-128s,179.79,3039.14,300.083,0.795918,45,0.918367,481.265,15,55193.7,54375.7,33652,33649
2,2,44,SLH-DSA-SHA2-128f_signed-by_SLH-DSA-SHAKE-128s,SLH-DSA-SHA2-128f_signed-by_SLH-DSA-SHAKE-128s,175.896,3106.42,259.425,0.369565,1,0.0217391,546.174,24,54579.2,54510,33652,33649
2,8,45,SLH-DSA-SHA2-128f_signed-by_SLH-DSA-SHAKE-128s,SLH-DSA-SHA2-128f_signed-by_SLH-DSA-SHAKE-128s,169.39,3225.73,265.139,0,0,0,400.667,22,54823.9,54675.7,33652,33649
2,4,40,SLH-DSA-SHA2-128f_signed-by_SLH-DSA-SHAKE-128s,SLH-DSA-SHA2-128f_signed-by_SLH-DSA-SHAKE-128s,165.331,3304.93,271.649,0,0,0,400.667,24,54427.3,54561.8,33652,33649
2,3,45,SLH-DSA-SHA2-128f_signed-by_SLH-DSA-SHAKE-128s,SLH-DSA-SHA2-128f_signed-by_SLH-DSA-SHAKE-128s,165.759,3296.4,272.492,0,0,0,361.478,24,54720,54528.6,33652,33649
2,5,45,SLH-DSA-SHA2-128f_signed-by_SLH-DSA-SHAKE-128s,SLH-DSA-SHA2-128f_signed-by_SLH-DSA-SHAKE-128s,169.786,3218.21,264.521,0,0,0,400.667,11,54690.5,55116.5,33652,33649
2,7,45,SLH-DSA-SHA2-128f_signed-by_SLH-DSA-SHAKE-128s,SLH-DSA-SHA2-128f_signed-by_SLH-DSA-SHAKE-128s,164.563,3320.36,272.917,0,0,0,439.689,19,54599.3,54511.9,33652,33649
2,1,27,SLH-DSA-SHA2-128f_signed-by_SLH-DSA-SHAKE-128s,SLH-DSA-SHA2-128f_signed-by_SLH-DSA-SHAKE-128s,165.9,3293.6,272.26,0.0217391,0,0,361.478,24,54606.8,54645.4,33652,33649
2,6,45,SLH-DSA-SHA2-128f_signed-by_SLH-DSA-SHAKE-128s,SLH-DSA-SHA2-128f_signed-by_SLH-DSA-SHAKE-128s,166.941,3273.06,269.029,0.0222222,0,0,400.667,16,54555.8,54569.1,33652,33649
2,2,45,SLH-DSA-SHA2-128f_signed-by_SLH-DSA-SHAKE-128s,SLH-DSA-SHA2-128f_signed-by_SLH-DSA-SHAKE-128s,169.939,3215.31,264.282,0.0222222,0,0,400.667,24,54503.3,54895.8,33652,33649
2,8,46,SLH-DSA-SHA2-128f_signed-by_SLH-DSA-SHAKE-128s,SLH-DSA-SHA2-128f_signed-by_SLH-DSA-SHAKE-128s,169.338,3226.72,287.614,1,11,0.215686,370.549,22,54357.3,54538.9,33652,33649
2,4,41,SLH-DSA-SHA2-128f_signed-by_SLH-DSA-SHAKE-128s,SLH-DSA-SHA2-128f_signed-by_SLH-DSA-SHAKE-128s,167.689,3258.45,355.991,1,42,0.626866,322.776,24,54863.7,54525.3,33652,33649
2,3,46,SLH-DSA-SHA2-128f_signed-by_SLH-DSA-SHAKE-128s,SLH-DSA-SHA2-128f_signed-by_SLH-DSA-SHAKE-128s,169.597,3221.79,266.325,1,0,0,462.957,24,54458.7,54786.7,33652,33649
2,5,46,SLH-DSA-SHA2-128f_signed-by_SLH-DSA-SHAKE-128s,SLH-DSA-SHA2-128f_signed-by_SLH-DSA-SHAKE-128s,169.207,3229.22,269.681,1,1,0.0217391,393.13,11,54462.8,54627.9,33652,33649
2,7,46,SLH-DSA-SHA2-128f_signed-by_SLH-DSA-SHAKE-128s,SLH-DSA-SHA2-128f_signed-by_SLH-DSA-SHAKE-128s,168.516,3242.46,268.033,1,0,0,430.957,18,54545.8,54405.9,33652,33649
2,1,28,SLH-DSA-SHA2-128f_signed-by_SLH-DSA-SHAKE-128s,SLH-DSA-SHA2-128f_signed-by_SLH-DSA-SHAKE-128s,171.387,3188.14,262.049,1,0,0,400.667,24,54441.1,55097.2,33652,33649
2,6,46,SLH-DSA-SHA2-128f_signed-by_SLH-DSA-SHAKE-128s,SLH-DSA-SHA2-128f_signed-by_SLH-DSA-SHAKE-128s,169.752,3218.85,264.573,1,0,0,637.111,16,54657.8,54635.9,33652,33649
2,8,47,SLH-DSA-SHA2-128f_signed-by_SLH-DSA-SHAKE-128s,SLH-DSA-SHA2-128f_signed-by_SLH-DSA-SHAKE-128s,166.526,3281.2,269.698,0.244444,0,0,400.667,22,54372.5,54536.7,33652,33649
2,4,42,SLH-DSA-SHA2-128f_signed-by_SLH-DSA-SHAKE-128s,SLH-DSA-SHA2-128f_signed-by_SLH-DSA-SHAKE-128s,163.036,3351.44,275.472,0.244444,0,0,400.667,24,54435.7,54563.3,33652,33649
2,3,47,SLH-DSA-SHA2-128f_signed-by_SLH-DSA-SHAKE-128s,SLH-DSA-SHA2-128f_signed-by_SLH-DSA-SHAKE-128s,163.057,3351.02,277.007,0.23913,0,0,361.478,24,54432.8,54898.6,33652,33649
2,5,47,SLH-DSA-SHA2-128f_signed-by_SLH-DSA-SHAKE-128s,SLH-DSA-SHA2-128f_signed-by_SLH-DSA-SHAKE-128s,165.944,3292.72,276.526,0.234043,1,0.0212766,354.936,11,55298.9,54473.9,33652,33649
2,7,47,SLH-DSA-SHA2-128f_signed-by_SLH-DSA-SHAKE-128s,SLH-DSA-SHA2-128f_signed-by_SLH-DSA-SHAKE-128s,170.057,3213.08,300.604,0.22449,23,0.469388,407.143,18,54423.6,54577.9,33652,33649
2,1,29,SLH-DSA-SHA2-128f_signed-by_SLH-DSA-SHAKE-128s,SLH-DSA-SHA2-128f_signed-by_SLH-DSA-SHAKE-128s,166.632,3279.12,269.527,0,0,0,416.222,24,54749.5,54784.5,33652,33649
2,6,47,SLH-DSA-SHA2-128f_signed-by_SLH-DSA-SHAKE-128s,SLH-DSA-SHA2-128f_signed-by_SLH-DSA-SHAKE-128s,167.377,3264.53,268.328,0,0,0,400.667,16,54402.3,54480.7,33652,33649
2,8,48,SLH-DSA-SHA2-128f_signed-by_SLH-DSA-SHAKE-128s,SLH-DSA-SHA2-128f_signed-by_SLH-DSA-SHAKE-128s,167.761,3257.05,267.713,0,0,0,400.667,22,54780.7,54897,33652,33649
2,4,43,SLH-DSA-SHA2-128f_signed-by_SLH-DSA-SHAKE-128s,SLH-DSA-SHA2-128f_signed-by_SLH-DSA-SHAKE-128s,166.126,3289.11,270.348,0,0,0,400.667,24,54940.3,54580.3,33652,33649
2,3,48,SLH-DSA-SHA2-128f_signed-by_SLH-DSA-SHAKE-128s,SLH-DSA-SHA2-128f_signed-by_SLH-DSA-SHAKE-128s,162.899,3354.27,277.275,0,0,0,361.478,24,54556.8,54576.1,33652,33649
2,5,48,SLH-DSA-SHA2-128f_signed-by_SLH-DSA-SHAKE-128s,SLH-DSA-SHA2-128f_signed-by_SLH-DSA-SHAKE-128s,163.098,3350.17,275.368,0,0,0,400.667,11,54655.2,54649.8,33652,33649
2,7,48,SLH-DSA-SHA2-128f_signed-by_SLH-DSA-SHAKE-128s,SLH-DSA-SHA2-128f_signed-by_SLH-DSA-SHAKE-128s,163.33,3345.42,276.544,0,0,0,396.348,18,54380.6,54748.8,33652,33649
2,1,30,SLH-DSA-SHA2-128f_signed-by_SLH-DSA-SHAKE-128s,SLH-DSA-SHA2-128f_signed-by_SLH-DSA-SHAKE-128s,165.373,3304.09,273.127,0,0,0,361.478,24,55237.1,54718.9,33652,33649
2,6,48,SLH-DSA-SHA2-128f_signed-by_SLH-DSA-SHAKE-128s,SLH-DSA-SHA2-128f_signed-by_SLH-DSA-SHAKE-128s,165.311,3305.33,273.23,0,0,0,361.478,16,54361.8,54370,33652,33649
2,8,49,SLH-DSA-SHA2-128f_signed-by_SLH-DSA-SHAKE-128s,SLH-DSA-SHA2-128f_signed-by_SLH-DSA-SHAKE-128s,165.457,3302.41,272.989,0,0,0,361.478,22,54283.9,54512.9,33652,33649
2,4,44,SLH-DSA-SHA2-128f_signed-by_SLH-DSA-SHAKE-128s,SLH-DSA-SHA2-128f_signed-by_SLH-DSA-SHAKE-128s,165.505,3301.45,271.363,0,0,0,400.667,24,54988.4,54576,33652,33649
2,3,49,SLH-DSA-SHA2-128f_signed-by_SLH-DSA-SHAKE-128s,SLH-DSA-SHA2-128f_signed-by_SLH-DSA-SHAKE-128s,164.608,3319.44,272.841,0,0,0,400.667,24,54483.8,54531.5,33652,33649
2,5,49,SLH-DSA-SHA2-128f_signed-by_SLH-DSA-SHAKE-128s,SLH-DSA-SHA2-128f_signed-by_SLH-DSA-SHAKE-128s,162.866,3354.94,275.76,0.244444,0,0,400.667,11,54694.1,54551.4,33652,33649
2,7,49,SLH-DSA-SHA2-128f_signed-by_SLH-DSA-SHAKE-128s,SLH-DSA-SHA2-128f_signed-by_SLH-DSA-SHAKE-128s,163.128,3349.56,276.886,0.23913,0,0,396.696,18,54512.7,54611.7,33652,33649
2,1,31,SLH-DSA-SHA2-128f_signed-by_SLH-DSA-SHAKE-128s,SLH-DSA-SHA2-128f_signed-by_SLH-DSA-SHAKE-128s,163.109,3349.95,276.918,0.23913,0,0,361.478,24,54855.9,54804.7,33652,33649
2,6,49,SLH-DSA-SHA2-128f_signed-by_SLH-DSA-SHAKE-128s,SLH-DSA-SHA2-128f_signed-by_SLH-DSA-SHAKE-128s,164.565,3320.31,274.468,0.23913,0,0,361.478,16,54458.5,54974.7,33652,33649
2,8,50,SLH-DSA-SHA2-128f_signed-by_SLH-DSA-SHAKE-128s,SLH-DSA-SHA2-128f_signed-by_SLH-DSA-SHAKE-128s,163.256,3346.94,276.67,0.23913,0,0,361.478,22,54408.1,54899.2,33652,33649
2,4,45,SLH-DSA-SHA2-128f_signed-by_SLH-DSA-SHAKE-128s,SLH-DSA-SHA2-128f_signed-by_SLH-DSA-SHAKE-128s,164.61,3319.41,275.949,0.234043,0,0,354.596,24,54510.4,54882.7,33652,33649
2,3,50,SLH-DSA-SHA2-128f_signed-by_SLH-DSA-SHAKE-128s,SLH-DSA-SHA2-128f_signed-by_SLH-DSA-SHAKE-128s,166.395,3283.8,305.682,0.25,23,0.479167,433.167,24,54406.7,54367.8,33652,33649
2,5,50,SLH-DSA-SHA2-128f_signed-by_SLH-DSA-SHAKE-128s,SLH-DSA-SHA2-128f_signed-by_SLH-DSA-SHAKE-128s,166.358,3284.53,269.972,0.0222222,0,0,444.756,11,55106,54629.5,33652,33649
2,7,50,SLH-DSA-SHA2-128f_signed-by_SLH-DSA-SHAKE-128s,SLH-DSA-SHA2-128f_signed-by_SLH-DSA-SHAKE-128s,163.845,3334.91,275.675,0.0217391,0,0,396.348,18,54419.7,54632.7,33652,33649
2,1,32,SLH-DSA-SHA2-128f_signed-by_SLH-DSA-SHAKE-128s,SLH-DSA-SHA2-128f_signed-by_SLH-DSA-SHAKE-128s,164.958,3312.4,273.815,0.0217391,0,0,361.478,24,54536.4,54883.1,33652,33649
2,6,50,SLH-DSA-SHA2-128f_signed-by_SLH-DSA-SHAKE-128s,SLH-DSA-SHA2-128f_signed-by_SLH-DSA-SHAKE-128s,164.16,3328.51,275.146,0.0217391,0,0,361.478,16,54456,54479,33652,33649
2,8,51,SLH-DSA-SHA2-128f_signed-by_SLH-DSA-SHAKE-128s,SLH-DSA-SHA2-128f_signed-by_SLH-DSA-SHAKE-128s,163.514,3341.65,280.636,0.0212766,1,0.0212766,354.936,22,54832.7,54885.4,33652,33649
2,4,46,SLH-DSA-SHA2-128f_signed-by_SLH-DSA-SHAKE-128s,SLH-DSA-SHA2-128f_signed-by_SLH-DSA-SHAKE-128s,163.014,3351.9,277.08,0.0217391,0,0,420.609,24,54547.1,54567.2,33652,33649
2,3,51,SLH-DSA-SHA2-128f_signed-by_SLH-DSA-SHAKE-128s,SLH-DSA-SHA2-128f_signed-by_SLH-DSA-SHAKE-128s,162.69,3358.58,277.632,0,0,0,361.478,24,54477.6,54410.6,33652,33649
2,5,51,SLH-DSA-SHA2-128f_signed-by_SLH-DSA-SHAKE-128s,SLH-DSA-SHA2-128f_signed-by_SLH-DSA-SHAKE-128s,163.286,3346.32,276.618,0,0,0,361.478,11,54551.5,54509.6,33652,33649
2,7,51,SLH-DSA-SHA2-128f_signed-by_SLH-DSA-SHAKE-128s,SLH-DSA-SHA2-128f_signed-by_SLH-DSA-SHAKE-128s,163.087,3350.4,276.956,0,0,0,396.348,17,55051.5,54814.3,33652,33649
2,1,33,SLH-DSA-SHA2-128f_signed-by_SLH-DSA-SHAKE-128s,SLH-DSA-SHA2-128f_signed-by_SLH-DSA-SHAKE-128s,163.104,3350.05,275.358,0,0,0,400.667,24,55929.6,54489.7,33652,33649
2,6,51,SLH-DSA-SHA2-128f_signed-by_SLH-DSA-SHAKE-128s,SLH-DSA-SHA2-128f_signed-by_SLH-DSA-SHAKE-128s,163.047,3351.23,277.024,0,0,0,361.478,16,55537,54743.4,33652,33649
2,8,52,SLH-DSA-SHA2-128f_signed-by_SLH-DSA-SHAKE-128s,SLH-DSA-SHA2-128f_signed-by_SLH-DSA-SHAKE-128s,163.888,3334.02,274.04,0,0,0,400.756,21,54496.2,54625.5,33652,33649
2,4,47,SLH-DSA-SHA2-128f_signed-by_SLH-DSA-SHAKE-128s,SLH-DSA-SHA2-128f_signed-by_SLH-DSA-SHAKE-128s,163.682,3338.22,274.385,0,0,0,400.667,24,54343.2,54500.2,33652,33649
2,3,52,SLH-DSA-SHA2-128f_signed-by_SLH-DSA-SHAKE-128s,SLH-DSA-SHA2-128f_signed-by_SLH-DSA-SHAKE-128s,162.797,3356.37,309.784,0,0,0,484.083,24,55300.6,54511.4,33652,33649
2,5,52,SLH-DSA-SHA2-128f_signed-by_SLH-DSA-SHAKE-128s,SLH-DSA-SHA2-128f_signed-by_SLH-DSA-SHAKE-128s,167.121,3269.52,270.27,0.543478,0,0,361.478,12,54712.4,54742.8,33652,33649
2,7,52,SLH-DSA-SHA2-128f_signed-by_SLH-DSA-SHAKE-128s,SLH-DSA-SHA2-128f_signed-by_SLH-DSA-SHAKE-128s,165.685,3297.86,271.068,0.555556,0,0,439.689,17,54407,54541.4,33652,33649
2,1,34,SLH-DSA-SHA2-128f_signed-by_SLH-DSA-SHAKE-128s,SLH-DSA-SHA2-128f_signed-by_SLH-DSA-SHAKE-128s,164.486,3321.9,273.044,0.555556,0,0,400.667,24,54834.2,54398.2,33652,33649
2,6,52,SLH-DSA-SHA2-128f_signed-by_SLH-DSA-SHAKE-128s,SLH-DSA-SHA2-128f_signed-by_SLH-DSA-SHAKE-128s,165.246,3306.62,273.337,0.543478,0,0,367.565,16,54867.7,54612.8,33652,33649
2,2,46,SLH-DSA-SHA2-128f_signed-by_SLH-DSA-SHAKE-128s,SLH-DSA-SHA2-128f_signed-by_SLH-DSA-SHAKE-128s,1174.07,465.398,53.3395,1,92,1.7037,378,24,54590.3,55050.6,33652,33649
2,8,53,SLH-DSA-SHA2-128f_signed-by_SLH-DSA-SHAKE-128s,SLH-DSA-SHA2-128f_signed-by_SLH-DSA-SHAKE-128s,162.468,3363.16,276.435,0.577778,0,0,400.667,21,54471.2,54466.9,33652,33649
2,4,48,SLH-DSA-SHA2-128f_signed-by_SLH-DSA-SHAKE-128s,SLH-DSA-SHA2-128f_signed-by_SLH-DSA-SHAKE-128s,163.742,3336.99,287.476,0.541667,3,0.0625,379.333,24,54401.7,54678.3,33652,33649
2,3,53,SLH-DSA-SHA2-128f_signed-by_SLH-DSA-SHAKE-128s,SLH-DSA-SHA2-128f_signed-by_SLH-DSA-SHAKE-128s,167.308,3265.87,322.47,0.530612,45,0.918367,481.265,24,54383.6,54438.3,33652,33649
2,5,53,SLH-DSA-SHA2-128f_signed-by_SLH-DSA-SHAKE-128s,SLH-DSA-SHA2-128f_signed-by_SLH-DSA-SHAKE-128s,163.272,3346.6,276.642,0.0217391,0,0,361.478,12,54764,54313,33652,33649
2,7,53,SLH-DSA-SHA2-128f_signed-by_SLH-DSA-SHAKE-128s,SLH-DSA-SHA2-128f_signed-by_SLH-DSA-SHAKE-128s,163.275,3346.54,276.637,0.0217391,0,0,396.348,17,54515.4,54435.9,33652,33649
2,1,35,SLH-DSA-SHA2-128f_signed-by_SLH-DSA-SHAKE-128s,SLH-DSA-SHA2-128f_signed-by_SLH-DSA-SHAKE-128s,162.974,3352.72,277.148,0.0217391,0,0,361.652,24,54658.4,54571.6,33652,33649
2,6,53,SLH-DSA-SHA2-128f_signed-by_SLH-DSA-SHAKE-128s,SLH-DSA-SHA2-128f_signed-by_SLH-DSA-SHAKE-128s,162.77,3356.92,281.918,0.0212766,1,0.0212766,354.936,16,55074.1,54434,33652,33649
2,2,47,SLH-DSA-SHA2-128f_signed-by_SLH-DSA-SHAKE-128s,SLH-DSA-SHA2-128f_signed-by_SLH-DSA-SHAKE-128s,165.55,3300.54,400.505,0.0178571,0,0,174.929,24,54512.9,55129.2,33652,33649
2,8,54,SLH-DSA-SHA2-128f_signed-by_SLH-DSA-SHAKE-128s,SLH-DSA-SHA2-128f_signed-by_SLH-DSA-SHAKE-128s,164.871,3314.14,272.406,0.0222222,0,0,400.667,21,54447.6,54482.8,33652,33649
2,4,49,SLH-DSA-SHA2-128f_signed-by_SLH-DSA-SHAKE-128s,SLH-DSA-SHA2-128f_signed-by_SLH-DSA-SHAKE-128s,165.103,3309.48,273.573,0.0217391,0,0,361.478,24,54487.9,54497.8,33652,33649
2,3,54,SLH-DSA-SHA2-128f_signed-by_SLH-DSA-SHAKE-128s,SLH-DSA-SHA2-128f_signed-by_SLH-DSA-SHAKE-128s,162.783,3356.65,277.472,0.0217391,0,0,361.478,24,54377.8,54483,33652,33649
2,5,54,SLH-DSA-SHA2-128f_signed-by_SLH-DSA-SHAKE-128s,SLH-DSA-SHA2-128f_signed-by_SLH-DSA-SHAKE-128s,171.537,3185.36,261.821,0.0222222,0,0,400.667,12,54413.9,54506.4,33652,33649
2,7,54,SLH-DSA-SHA2-128f_signed-by_SLH-DSA-SHAKE-128s,SLH-DSA-SHA2-128f_signed-by_SLH-DSA-SHAKE-128s,169.364,3226.23,265.18,0.0222222,0,0,443.244,17,54665.3,54501.1,33652,33649
2,1,36,SLH-DSA-SHA2-128f_signed-by_SLH-DSA-SHAKE-128s,SLH-DSA-SHA2-128f_signed-by_SLH-DSA-SHAKE-128s,168.764,3237.7,270.389,0.0217391,1,0.0217391,393.13,24,54665.7,54613,33652,33649
2,6,54,SLH-DSA-SHA2-128f_signed-by_SLH-DSA-SHAKE-128s,SLH-DSA-SHA2-128f_signed-by_SLH-DSA-SHAKE-128s,166.301,3285.65,270.064,0.0222222,0,0,400.667,16,54451.9,54551.8,33652,33649
2,2,48,SLH-DSA-SHA2-128f_signed-by_SLH-DSA-SHAKE-128s,SLH-DSA-SHA2-128f_signed-by_SLH-DSA-SHAKE-128s,164.229,3327.1,567.694,0.151515,0,0,337.273,24,54570.7,54816.5,33652,33649
2,8,55,SLH-DSA-SHA2-128f_signed-by_SLH-DSA-SHAKE-128s,SLH-DSA-SHA2-128f_signed-by_SLH-DSA-SHAKE-128s,172.111,3174.73,303.895,0.910714,21,0.375,353.714,20,54625.8,54415.9,33652,33649
2,3,55,SLH-DSA-SHA2-128f_signed-by_SLH-DSA-SHAKE-128s,SLH-DSA-SHA2-128f_signed-by_SLH-DSA-SHAKE-128s,165.349,3304.56,347.095,0.772727,37,0.560606,332.788,24,54505.4,54889.2,33652,33649
2,4,50,SLH-DSA-SHA2-128f_signed-by_SLH-DSA-SHAKE-128s,SLH-DSA-SHA2-128f_signed-by_SLH-DSA-SHAKE-128s,177.408,3079.93,254.598,1,0,0,392.783,24,54380,54467.9,33652,33649
2,5,55,SLH-DSA-SHA2-128f_signed-by_SLH-DSA-SHAKE-128s,SLH-DSA-SHA2-128f_signed-by_SLH-DSA-SHAKE-128s,176.623,3093.62,297.581,0.894737,21,0.368421,348.175,12,54545.1,54623.5,33652,33649
2,7,55,SLH-DSA-SHA2-128f_signed-by_SLH-DSA-SHAKE-128s,SLH-DSA-SHA2-128f_signed-by_SLH-DSA-SHAKE-128s,176.442,3096.81,255.993,1,0,0,430.957,17,54464.6,54592.8,33652,33649
2,6,55,SLH-DSA-SHA2-128f_signed-by_SLH-DSA-SHAKE-128s,SLH-DSA-SHA2-128f_signed-by_SLH-DSA-SHAKE-128s,173.638,3146.81,258.652,1,0,0,400.667,16,54487.7,54535.4,33652,33649
2,1,37,SLH-DSA-SHA2-128f_signed-by_SLH-DSA-SHAKE-128s,SLH-DSA-SHA2-128f_signed-by_SLH-DSA-SHAKE-128s,181.158,3016.2,247.916,1,0,0,400.667,24,54510.6,54750.7,33652,33649
2,2,49,SLH-DSA-SHA2-128f_signed-by_SLH-DSA-SHAKE-128s,SLH-DSA-SHA2-128f_signed-by_SLH-DSA-SHAKE-128s,169.599,3221.75,301.416,1,23,0.469388,403.714,24,54519.4,54399.7,33652,33649
2,8,56,SLH-DSA-SHA2-128f_signed-by_SLH-DSA-SHAKE-128s,SLH-DSA-SHA2-128f_signed-by_SLH-DSA-SHAKE-128s,176.18,3101.41,254.92,0.488889,0,0,400.667,20,54534.6,54792.5,33652,33649
2,3,56,SLH-DSA-SHA2-128f_signed-by_SLH-DSA-SHAKE-128s,SLH-DSA-SHA2-128f_signed-by_SLH-DSA-SHAKE-128s,179.654,3041.43,249.99,0.488889,0,0,400.667,24,54894,54577.4,33652,33649
2,4,51,SLH-DSA-SHA2-128f_signed-by_SLH-DSA-SHAKE-128s,SLH-DSA-SHA2-128f_signed-by_SLH-DSA-SHAKE-128s,178.784,3056.23,251.207,0.488889,0,0,400.667,24,54723.1,54693.4,33652,33649
2,5,56,SLH-DSA-SHA2-128f_signed-by_SLH-DSA-SHAKE-128s,SLH-DSA-SHA2-128f_signed-by_SLH-DSA-SHAKE-128s,167.238,3267.24,270.081,0.478261,0,0,392.783,12,54430.1,54583.2,33652,33649
2,7,56,SLH-DSA-SHA2-128f_signed-by_SLH-DSA-SHAKE-128s,SLH-DSA-SHA2-128f_signed-by_SLH-DSA-SHAKE-128s,169.407,3225.41,300.246,0.458333,23,0.479167,447.75,16,54510.3,54611.5,33652,33649
2,6,56,SLH-DSA-SHA2-128f_signed-by_SLH-DSA-SHAKE-128s,SLH-DSA-SHA2-128f_signed-by_SLH-DSA-SHAKE-128s,167.934,3253.7,268.962,1,0,0,392.783,16,54420.1,54829.3,33652,33649
2,1,38,SLH-DSA-SHA2-128f_signed-by_SLH-DSA-SHAKE-128s,SLH-DSA-SHA2-128f_signed-by_SLH-DSA-SHAKE-128s,172.381,3169.76,295.067,1,23,0.479167,433.167,24,54438,54917.6,33652,33649
2,2,50,SLH-DSA-SHA2-128f_signed-by_SLH-DSA-SHAKE-128s,SLH-DSA-SHA2-128f_signed-by_SLH-DSA-SHAKE-128s,176.365,3098.15,254.652,1,0,0,400.667,24,54587.9,54737.4,33652,33649
2,8,57,SLH-DSA-SHA2-128f_signed-by_SLH-DSA-SHAKE-128s,SLH-DSA-SHA2-128f_signed-by_SLH-DSA-SHAKE-128s,181.362,3012.79,249.048,1,0,0,392.783,20,54942.9,54459.7,33652,33649
2,3,57,SLH-DSA-SHA2-128f_signed-by_SLH-DSA-SHAKE-128s,SLH-DSA-SHA2-128f_signed-by_SLH-DSA-SHAKE-128s,179.239,3048.47,250.569,1,0,0,402.444,24,54482.3,54491,33652,33649
2,4,52,SLH-DSA-SHA2-128f_signed-by_SLH-DSA-SHAKE-128s,SLH-DSA-SHA2-128f_signed-by_SLH-DSA-SHAKE-128s,186.631,2927.74,260.964,1,11,0.215686,368.196,24,54382.4,54948.8,33652,33649
2,5,57,SLH-DSA-SHA2-128f_signed-by_SLH-DSA-SHAKE-128s,SLH-DSA-SHA2-128f_signed-by_SLH-DSA-SHAKE-128s,182.337,2996.69,379.78,1,104,1.50725,583.043,13,54417,54429,33652,33649
2,7,57,SLH-DSA-SHA2-128f_signed-by_SLH-DSA-SHAKE-128s,SLH-DSA-SHA2-128f_signed-by_SLH-DSA-SHAKE-128s,181.932,3003.36,338.236,1,67,1.09836,443.18,16,54376.1,54395.5,33652,33649
2,6,57,SLH-DSA-SHA2-128f_signed-by_SLH-DSA-SHAKE-128s,SLH-DSA-SHA2-128f_signed-by_SLH-DSA-SHAKE-128s,178.417,3062.53,255.76,1,1,0.0217391,393.13,16,54990.5,55242.4,33652,33649
2,1,39,SLH-DSA-SHA2-128f_signed-by_SLH-DSA-SHAKE-128s,SLH-DSA-SHA2-128f_signed-by_SLH-DSA-SHAKE-128s,177.353,3080.9,337.586,1,114,2.19231,592.385,24,54662.1,54498.6,33652,33649
2,2,51,SLH-DSA-SHA2-128f_signed-by_SLH-DSA-SHAKE-128s,SLH-DSA-SHA2-128f_signed-by_SLH-DSA-SHAKE-128s,171.195,3191.72,268.044,1,1,0.0212766,385.574,24,55068.8,55021.2,33652,33649
2,8,58,SLH-DSA-SHA2-128f_signed-by_SLH-DSA-SHAKE-128s,SLH-DSA-SHA2-128f_signed-by_SLH-DSA-SHAKE-128s,170.57,3203.41,263.961,1,0,0,394.957,20,54481.4,54448.1,33652,33649
2,3,58,SLH-DSA-SHA2-128f_signed-by_SLH-DSA-SHAKE-128s,SLH-DSA-SHA2-128f_signed-by_SLH-DSA-SHAKE-128s,172.098,3174.97,260.967,1,0,0,400.667,24,54373.8,54561.2,33652,33649
2,4,53,SLH-DSA-SHA2-128f_signed-by_SLH-DSA-SHAKE-128s,SLH-DSA-SHA2-128f_signed-by_SLH-DSA-SHAKE-128s,172.887,3160.48,259.776,1,0,0,400.667,24,54496.7,54493,33652,33649
2,5,58,SLH-DSA-SHA2-128f_signed-by_SLH-DSA-SHAKE-128s,SLH-DSA-SHA2-128f_signed-by_SLH-DSA-SHAKE-128s,169.778,3218.36,377.056,0.90411,54,0.739726,327.534,13,54454.2,54559.5,33652,33649
2,6,58,SLH-DSA-SHA2-128f_signed-by_SLH-DSA-SHAKE-128s,SLH-DSA-SHA2-128f_signed-by_SLH-DSA-SHAKE-128s,169.24,3228.59,300.354,1,69,1.4375,511.833,16,55138.7,54431.4,33652,33649
2,7,58,SLH-DSA-SHA2-128f_signed-by_SLH-DSA-SHAKE-128s,SLH-DSA-SHA2-128f_signed-by_SLH-DSA-SHAKE-128s,175.596,3111.73,277.363,1,11,0.215686,398.706,16,54451.7,54458.9,33652,33649
2,1,40,SLH-DSA-SHA2-128f_signed-by_SLH-DSA-SHAKE-128s,SLH-DSA-SHA2-128f_signed-by_SLH-DSA-SHAKE-128s,173.771,3144.41,264.071,1,1,0.0212766,385.574,24,54607.7,55499.4,33652,33649
2,2,52,SLH-DSA-SHA2-128f_signed-by_SLH-DSA-SHAKE-128s,SLH-DSA-SHA2-128f_signed-by_SLH-DSA-SHAKE-128s,168.739,3238.18,266.162,0.688889,0,0,400.667,24,54609.1,55383.1,33652,33649
2,8,59,SLH-DSA-SHA2-128f_signed-by_SLH-DSA-SHAKE-128s,SLH-DSA-SHA2-128f_signed-by_SLH-DSA-SHAKE-128s,168.324,3246.15,336.397,0.854839,33,0.532258,356.968,20,55568.8,54484.4,33652,33649
2,3,59,SLH-DSA-SHA2-128f_signed-by_SLH-DSA-SHAKE-128s,SLH-DSA-SHA2-128f_signed-by_SLH-DSA-SHAKE-128s,170.982,3195.7,264.168,1,0,0,392.783,24,54597,54949.5,33652,33649
2,4,54,SLH-DSA-SHA2-128f_signed-by_SLH-DSA-SHAKE-128s,SLH-DSA-SHA2-128f_signed-by_SLH-DSA-SHAKE-128s,165.571,3300.13,271.254,1,0,0,400.667,24,54659.5,54514.2,33652,33649
2,5,59,SLH-DSA-SHA2-128f_signed-by_SLH-DSA-SHAKE-128s,SLH-DSA-SHA2-128f_signed-by_SLH-DSA-SHAKE-128s,167.573,3260.7,407.796,0.810127,66,0.835443,333.696,14,54450,54585.7,33652,33649
2,6,59,SLH-DSA-SHA2-128f_signed-by_SLH-DSA-SHAKE-128s,SLH-DSA-SHA2-128f_signed-by_SLH-DSA-SHAKE-128s,167.78,3256.68,291.809,1,11,0.211538,332,16,54517.5,54421.3,33652,33649
2,7,59,SLH-DSA-SHA2-128f_signed-by_SLH-DSA-SHAKE-128s,SLH-DSA-SHA2-128f_signed-by_SLH-DSA-SHAKE-128s,171.686,3182.6,263.085,1,0,0,430.957,16,54501,54721.4,33652,33649
2,1,41,SLH-DSA-SHA2-128f_signed-by_SLH-DSA-SHAKE-128s,SLH-DSA-SHA2-128f_signed-by_SLH-DSA-SHAKE-128s,169.763,3218.63,264.556,1,0,0,459.778,24,54605.5,54595.4,33652,33649
2,2,53,SLH-DSA-SHA2-128f_signed-by_SLH-DSA-SHAKE-128s,SLH-DSA-SHA2-128f_signed-by_SLH-DSA-SHAKE-128s,166.761,3276.59,269.32,1,0,0,410.444,24,54896.2,55064.3,33652,33649
2,8,60,SLH-DSA-SHA2-128f_signed-by_SLH-DSA-SHAKE-128s,SLH-DSA-SHA2-128f_signed-by_SLH-DSA-SHAKE-128s,169.07,3231.84,265.641,1,0,0,400.667,20,54349.9,54417.2,33652,33649
2,4,55,SLH-DSA-SHA2-128f_signed-by_SLH-DSA-SHAKE-128s,SLH-DSA-SHA2-128f_signed-by_SLH-DSA-SHAKE-128s,166.828,3275.27,304.888,1,23,0.479167,414.833,24,54611.9,54787.8,33652,33649
2,3,60,SLH-DSA-SHA2-128f_signed-by_SLH-DSA-SHAKE-128s,SLH-DSA-SHA2-128f_signed-by_SLH-DSA-SHAKE-128s,182.576,2992.76,335.464,1,47,0.652778,340.222,24,54536.8,54426.3,33652,33649
2,5,60,SLH-DSA-SHA2-128f_signed-by_SLH-DSA-SHAKE-128s,SLH-DSA-SHA2-128f_signed-by_SLH-DSA-SHAKE-128s,173.234,3154.15,260.733,1,0,0,361.478,14,55217.8,54667.9,33652,33649
2,7,60,SLH-DSA-SHA2-128f_signed-by_SLH-DSA-SHAKE-128s,SLH-DSA-SHA2-128f_signed-by_SLH-DSA-SHAKE-128s,167.036,3271.19,270.408,1,0,0,430.957,16,54676.3,54599.1,33652,33649
2,6,60,SLH-DSA-SHA2-128f_signed-by_SLH-DSA-SHAKE-128s,SLH-DSA-SHA2-128f_signed-by_SLH-DSA-SHAKE-128s,176.514,3095.54,317.798,1,32,0.516129,329.613,16,54573.1,54520.9,33652,33649
2,1,42,SLH-DSA-SHA2-128f_signed-by_SLH-DSA-SHAKE-128s,SLH-DSA-SHA2-128f_signed-by_SLH-DSA-SHAKE-128s,170.877,3197.66,262.832,1,0,0,400.667,24,54437,54850,33652,33649
2,2,54,SLH-DSA-SHA2-128f_signed-by_SLH-DSA-SHAKE-128s,SLH-DSA-SHA2-128f_signed-by_SLH-DSA-SHAKE-128s,168.903,3235.03,300.953,1,69,1.4375,511.833,24,54593.8,54678.3,33652,33649
2,8,61,SLH-DSA-SHA2-128f_signed-by_SLH-DSA-SHAKE-128s,SLH-DSA-SHA2-128f_signed-by_SLH-DSA-SHAKE-128s,193.578,2822.67,330.698,1,54,0.739726,335.863,19,55032.3,54870,33652,33649
2,4,56,SLH-DSA-SHA2-128f_signed-by_SLH-DSA-SHAKE-128s,SLH-DSA-SHA2-128f_signed-by_SLH-DSA-SHAKE-128s,188.162,2903.92,241.408,1,0,0,385.234,24,54330.6,54489.7,33652,33649
2,3,61,SLH-DSA-SHA2-128f_signed-by_SLH-DSA-SHAKE-128s,SLH-DSA-SHA2-128f_signed-by_SLH-DSA-SHAKE-128s,184.49,2961.72,303.886,1,82,1.46429,492.286,24,54399.9,54442.8,33652,33649
2,5,61,SLH-DSA-SHA2-128f_signed-by_SLH-DSA-SHAKE-128s,SLH-DSA-SHA2-128f_signed-by_SLH-DSA-SHAKE-128s,187.174,2919.25,275.423,1,15,0.306122,375.306,14,54716.3,54545.2,33652,33649
2,7,61,SLH-DSA-SHA2-128f_signed-by_SLH-DSA-SHAKE-128s,SLH-DSA-SHA2-128f_signed-by_SLH-DSA-SHAKE-128s,181.561,3009.49,325.178,1,36,0.545455,401.091,15,54963.2,54466.6,33652,33649
2,6,61,SLH-DSA-SHA2-128f_signed-by_SLH-DSA-SHAKE-128s,SLH-DSA-SHA2-128f_signed-by_SLH-DSA-SHAKE-128s,191.007,2860.67,246.692,1,2,0.04,365.12,16,54542.9,54509.6,33652,33649
2,2,55,SLH-DSA-SHA2-128f_signed-by_SLH-DSA-SHAKE-128s,SLH-DSA-SHA2-128f_signed-by_SLH-DSA-SHAKE-128s,182.845,2988.36,304.082,1,81,1.44643,451.571,24,54465,54410.9,33652,33649
2,1,43,SLH-DSA-SHA2-128f_signed-by_SLH-DSA-SHAKE-128s,SLH-DSA-SHA2-128f_signed-by_SLH-DSA-SHAKE-128s,194.153,2814.31,238.986,1,1,0.0204082,371.388,24,54475.3,54772.4,33652,33649
2,8,62,SLH-DSA-SHA2-128f_signed-by_SLH-DSA-SHAKE-128s,SLH-DSA-SHA2-128f_signed-by_SLH-DSA-SHAKE-128s,167.656,3259.1,311.972,1,21,0.375,353.714,19,54343.3,54558.8,33652,33649
2,4,57,SLH-DSA-SHA2-128f_signed-by_SLH-DSA-SHAKE-128s,SLH-DSA-SHA2-128f_signed-by_SLH-DSA-SHAKE-128s,165.769,3296.18,270.93,1,0,0,400.667,24,54580,55500.8,33652,33649
2,3,62,SLH-DSA-SHA2-128f_signed-by_SLH-DSA-SHAKE-128s,SLH-DSA-SHA2-128f_signed-by_SLH-DSA-SHAKE-128s,168.982,3233.53,274.301,1,2,0.0425532,386.085,24,54407.6,54489.8,33652,33649
2,5,62,SLH-DSA-SHA2-128f_signed-by_SLH-DSA-SHAKE-128s,SLH-DSA-SHA2-128f_signed-by_SLH-DSA-SHAKE-128s,175.563,3112.31,257.275,1,0,0,452.783,15,54538.8,54634.9,33652,33649
2,7,62,SLH-DSA-SHA2-128f_signed-by_SLH-DSA-SHAKE-128s,SLH-DSA-SHA2-128f_signed-by_SLH-DSA-SHAKE-128s,181.436,3011.57,247.536,1,0,0,439.689,15,54684.6,54605.8,33652,33649
2,6,62,SLH-DSA-SHA2-128f_signed-by_SLH-DSA-SHAKE-128s,SLH-DSA-SHA2-128f_signed-by_SLH-DSA-SHAKE-128s,171.894,3178.75,261.277,1,0,0,400.667,16,54416.5,54564.2,33652,33649
2,2,56,SLH-DSA-SHA2-128f_signed-by_SLH-DSA-SHAKE-128s,SLH-DSA-SHA2-128f_signed-by_SLH-DSA-SHAKE-128s,170.574,3203.33,332.71,1,138,2.70588,584.824,24,54834.2,54941.7,33652,33649
2,1,44,SLH-DSA-SHA2-128f_signed-by_SLH-DSA-SHAKE-128s,SLH-DSA-SHA2-128f_signed-by_SLH-DSA-SHAKE-128s,189.056,2890.19,272.089,1,26,0.509804,389.216,24,54625.6,54857.8,33652,33649
2,8,63,SLH-DSA-SHA2-128f_signed-by_SLH-DSA-SHAKE-128s,SLH-DSA-SHA2-128f_signed-by_SLH-DSA-SHAKE-128s,175.971,3105.09,255.222,0.6,0,0,400.667,19,54343.4,54480.4,33652,33649
2,4,58,SLH-DSA-SHA2-128f_signed-by_SLH-DSA-SHAKE-128s,SLH-DSA-SHA2-128f_signed-by_SLH-DSA-SHAKE-128s,172.267,3171.85,260.71,0.6,0,0,1005.11,24,54757.4,54368.4,33652,33649
2,3,63,SLH-DSA-SHA2-128f_signed-by_SLH-DSA-SHAKE-128s,SLH-DSA-SHA2-128f_signed-by_SLH-DSA-SHAKE-128s,176.475,3096.22,254.494,0.6,0,0,407.778,24,54484.8,54625.8,33652,33649
2,5,63,SLH-DSA-SHA2-128f_signed-by_SLH-DSA-SHAKE-128s,SLH-DSA-SHA2-128f_signed-by_SLH-DSA-SHAKE-128s,171.197,3191.68,262.34,0.6,0,0,400.667,14,54843.8,54472.8,33652,33649
2,7,63,SLH-DSA-SHA2-128f_signed-by_SLH-DSA-SHAKE-128s,SLH-DSA-SHA2-128f_signed-by_SLH-DSA-SHAKE-128s,166.669,3278.39,341.274,0.428571,33,0.52381,374.698,15,54433.4,54556.4,33652,33649
2,6,63,SLH-DSA-SHA2-128f_signed-by_SLH-DSA-SHAKE-128s,SLH-DSA-SHA2-128f_signed-by_SLH-DSA-SHAKE-128s,170.904,3197.15,297.616,0.8125,23,0.479167,414.833,15,54491.6,54581.9,33652,33649
2,2,57,SLH-DSA-SHA2-128f_signed-by_SLH-DSA-SHAKE-128s,SLH-DSA-SHA2-128f_signed-by_SLH-DSA-SHAKE-128s,170.95,3196.29,262.719,0.622222,0,0,400.667,24,54616,54987.9,33652,33649
2,1,45,SLH-DSA-SHA2-128f_signed-by_SLH-DSA-SHAKE-128s,SLH-DSA-SHA2-128f_signed-by_SLH-DSA-SHAKE-128s,175.158,3119.51,257.87,0.956522,0,0,392.783,24,54341.4,54560.3,33652,33649
2,8,64,SLH-DSA-SHA2-128f_signed-by_SLH-DSA-SHAKE-128s,SLH-DSA-SHA2-128f_signed-by_SLH-DSA-SHAKE-128s,169.375,3226.02,334.311,0.451613,33,0.532258,356.968,19,54529.8,54671,33652,33649
2,4,59,SLH-DSA-SHA2-128f_signed-by_SLH-DSA-SHAKE-128s,SLH-DSA-SHA2-128f_signed-by_SLH-DSA-SHAKE-128s,169.165,3230.03,267.005,0.608696,0,0,392.783,24,54809.9,54522.3,33652,33649
2,3,64,SLH-DSA-SHA2-128f_signed-by_SLH-DSA-SHAKE-128s,SLH-DSA-SHA2-128f_signed-by_SLH-DSA-SHAKE-128s,168.272,3247.17,266.901,0.622222,0,0,400.667,24,54461.2,54474.3,33652,33649
2,5,64,SLH-DSA-SHA2-128f_signed-by_SLH-DSA-SHAKE-128s,SLH-DSA-SHA2-128f_signed-by_SLH-DSA-SHAKE-128s,169.655,3220.7,268.969,0.608696,1,0.0217391,393.13,14,54880.2,54818.8,33652,33649
2,7,64,SLH-DSA-SHA2-128f_signed-by_SLH-DSA-SHAKE-128s,SLH-DSA-SHA2-128f_signed-by_SLH-DSA-SHAKE-128s,169.322,3227.03,300.398,0.583333,23,0.479167,447.75,15,54485.3,54717.9,33652,33649
2,6,64,SLH-DSA-SHA2-128f_signed-by_SLH-DSA-SHAKE-128s,SLH-DSA-SHA2-128f_signed-by_SLH-DSA-SHAKE-128s,169.692,3220,264.667,0.6,0,0,400.667,15,54408.4,54434.2,33652,33649
2,2,58,SLH-DSA-SHA2-128f_signed-by_SLH-DSA-SHAKE-128s,SLH-DSA-SHA2-128f_signed-by_SLH-DSA-SHAKE-128s,169.844,3217.11,264.431,0.6,0,0,400.667,24,54919.6,54640.6,33652,33649
2,1,46,SLH-DSA-SHA2-128f_signed-by_SLH-DSA-SHAKE-128s,SLH-DSA-SHA2-128f_signed-by_SLH-DSA-SHAKE-128s,164.415,3323.33,273.161,1,0,0,400.667,24,54584.2,54422.4,33652,33649
2,8,65,SLH-DSA-SHA2-128f_signed-by_SLH-DSA-SHAKE-128s,SLH-DSA-SHA2-128f_signed-by_SLH-DSA-SHAKE-128s,172.151,3173.99,260.886,1,0,0,400.667,19,54397.3,54886.6,33652,33649
2,4,60,SLH-DSA-SHA2-128f_signed-by_SLH-DSA-SHAKE-128s,SLH-DSA-SHA2-128f_signed-by_SLH-DSA-SHAKE-128s,182.062,3001.22,248.091,1,0,0,392.783,24,54507,54478.1,33652,33649
2,3,65,SLH-DSA-SHA2-128f_signed-by_SLH-DSA-SHAKE-128s,SLH-DSA-SHA2-128f_signed-by_SLH-DSA-SHAKE-128s,189.114,2889.3,299.417,1,33,0.532258,356.968,24,54531.3,54388.6,33652,33649
2,5,65,SLH-DSA-SHA2-128f_signed-by_SLH-DSA-SHAKE-128s,SLH-DSA-SHA2-128f_signed-by_SLH-DSA-SHAKE-128s,188.885,2892.8,279.28,1,22,0.37931,340.759,14,54464,54656,33652,33649
2,2,59,SLH-DSA-SHA2-128f_signed-by_SLH-DSA-SHAKE-128s,SLH-DSA-SHA2-128f_signed-by_SLH-DSA-SHAKE-128s,179.562,3043,402.222,1,240,4,868.133,24,54467.3,54715.5,33652,33649
2,7,65,SLH-DSA-SHA2-128f_signed-by_SLH-DSA-SHAKE-128s,SLH-DSA-SHA2-128f_signed-by_SLH-DSA-SHAKE-128s,194.773,2805.35,300.081,1,45,0.75,388.467,15,54428.3,54405.8,33652,33649
2,6,65,SLH-DSA-SHA2-128f_signed-by_SLH-DSA-SHAKE-128s,SLH-DSA-SHA2-128f_signed-by_SLH-DSA-SHAKE-128s,195.247,2798.54,246.087,1,4,0.08,339.44,14,54445.5,54553.3,33652,33649
2,1,47,SLH-DSA-SHA2-128f_signed-by_SLH-DSA-SHAKE-128s,SLH-DSA-SHA2-128f_signed-by_SLH-DSA-SHAKE-128s,174.177,3137.07,266.119,1,2,0.0425532,386.085,24,54500.7,54602,33652,33649
2,8,66,SLH-DSA-SHA2-128f_signed-by_SLH-DSA-SHAKE-128s,SLH-DSA-SHA2-128f_signed-by_SLH-DSA-SHAKE-128s,167.506,3262.02,296.586,1,13,0.245283,339.585,18,54476.2,54850.3,33652,33649
2,4,61,SLH-DSA-SHA2-128f_signed-by_SLH-DSA-SHAKE-128s,SLH-DSA-SHA2-128f_signed-by_SLH-DSA-SHAKE-128s,193.021,2830.82,356.355,1,67,0.82716,320.864,24,54347.9,54618,33652,33649
2,3,66,SLH-DSA-SHA2-128f_signed-by_SLH-DSA-SHAKE-128s,SLH-DSA-SHA2-128f_signed-by_SLH-DSA-SHAKE-128s,180.591,3025.65,248.694,1,0,0,400.667,24,55634.9,54525.8,33652,33649
2,5,66,SLH-DSA-SHA2-128f_signed-by_SLH-DSA-SHAKE-128s,SLH-DSA-SHA2-128f_signed-by_SLH-DSA-SHAKE-128s,177.992,3069.84,256.37,1,1,0.0217391,393.13,14,54467.4,55092.9,33652,33649
2,2,60,SLH-DSA-SHA2-128f_signed-by_SLH-DSA-SHAKE-128s,SLH-DSA-SHA2-128f_signed-by_SLH-DSA-SHAKE-128s,174.147,3137.62,348.394,1,44,0.637681,350.058,24,54550.5,54515.9,33652,33649
2,7,66,SLH-DSA-SHA2-128f_signed-by_SLH-DSA-SHAKE-128s,SLH-DSA-SHA2-128f_signed-by_SLH-DSA-SHAKE-128s,180.904,3020.42,301.065,1,45,0.882353,551.255,15,54465.9,54855.6,33652,33649
2,1,48,SLH-DSA-SHA2-128f_signed-by_SLH-DSA-SHAKE-128s,SLH-DSA-SHA2-128f_signed-by_SLH-DSA-SHAKE-128s,174.511,3131.07,257.358,1,0,0,404.578,24,54598.2,54555.5,33652,33649
2,6,66,SLH-DSA-SHA2-128f_signed-by_SLH-DSA-SHAKE-128s,SLH-DSA-SHA2-128f_signed-by_SLH-DSA-SHAKE-128s,187.4,2915.72,324.524,1,42,0.777778,663.333,14,54320.8,54484.6,33652,33649
2,8,67,SLH-DSA-SHA2-128f_signed-by_SLH-DSA-SHAKE-128s,SLH-DSA-SHA2-128f_signed-by_SLH-DSA-SHAKE-128s,172.291,3171.42,260.675,1,0,0,400.667,18,55248.9,54475.9,33652,33649
2,3,67,SLH-DSA-SHA2-128f_signed-by_SLH-DSA-SHAKE-128s,SLH-DSA-SHA2-128f_signed-by_SLH-DSA-SHAKE-128s,181.763,3006.15,247.09,1,0,0,400.667,24,54339,54451.1,33652,33649
2,5,67,SLH-DSA-SHA2-128f_signed-by_SLH-DSA-SHAKE-128s,SLH-DSA-SHA2-128f_signed-by_SLH-DSA-SHAKE-128s,188.844,2893.42,373.725,1,228,3.40299,550.836,13,54932.5,54692.8,33652,33649
2,2,61,SLH-DSA-SHA2-128f_signed-by_SLH-DSA-SHAKE-128s,SLH-DSA-SHA2-128f_signed-by_SLH-DSA-SHAKE-128s,188.46,2899.32,321.425,1,115,2.09091,559.091,24,54500.7,54695.8,33652,33649
2,7,67,SLH-DSA-SHA2-128f_signed-by_SLH-DSA-SHAKE-128s,SLH-DSA-SHA2-128f_signed-by_SLH-DSA-SHAKE-128s,185.313,2948.56,293.125,1,45,0.882353,551.176,14,54538,54515.1,33652,33649
2,1,49,SLH-DSA-SHA2-128f_signed-by_SLH-DSA-SHAKE-128s,SLH-DSA-SHA2-128f_signed-by_SLH-DSA-SHAKE-128s,184.125,2967.58,243.92,1,0,0,400.667,24,54430.5,54526.2,33652,33649
2,6,67,SLH-DSA-SHA2-128f_signed-by_SLH-DSA-SHAKE-128s,SLH-DSA-SHA2-128f_signed-by_SLH-DSA-SHAKE-128s,193.921,2817.67,264.271,1,25,0.5,396.24,14,55092.2,54431,33652,33649
2,8,68,SLH-DSA-SHA2-128f_signed-by_SLH-DSA-SHAKE-128s,SLH-DSA-SHA2-128f_signed-by_SLH-DSA-SHAKE-128s,163.085,3350.44,276.959,0,0,0,361.478,17,54418.4,54394.2,33652,33649
2,3,68,SLH-DSA-SHA2-128f_signed-by_SLH-DSA-SHAKE-128s,SLH-DSA-SHA2-128f_signed-by_SLH-DSA-SHAKE-128s,163.932,3333.12,275.527,0,0,0,361.478,24,54814.6,54732.2,33652,33649
2,5,68,SLH-DSA-SHA2-128f_signed-by_SLH-DSA-SHAKE-128s,SLH-DSA-SHA2-128f_signed-by_SLH-DSA-SHAKE-128s,162.595,3360.54,277.794,0,0,0,361.478,13,54469.8,54476.4,33652,33649
2,2,62,SLH-DSA-SHA2-128f_signed-by_SLH-DSA-SHAKE-128s,SLH-DSA-SHA2-128f_signed-by_SLH-DSA-SHAKE-128s,165.086,3309.83,273.602,0,0,0,396.348,24,54381.6,54636,33652,33649
2,7,68,SLH-DSA-SHA2-128f_signed-by_SLH-DSA-SHAKE-128s,SLH-DSA-SHA2-128f_signed-by_SLH-DSA-SHAKE-128s,167.744,3257.38,267.741,0,0,0,488.4,14,54608.4,54688.3,33652,33649
2,1,50,SLH-DSA-SHA2-128f_signed-by_SLH-DSA-SHAKE-128s,SLH-DSA-SHA2-128f_signed-by_SLH-DSA-SHAKE-128s,169.023,3232.73,265.714,0,0,0,400.667,24,54608.4,55056.1,33652,33649
2,6,68,SLH-DSA-SHA2-128f_signed-by_SLH-DSA-SHAKE-128s,SLH-DSA-SHA2-128f_signed-by_SLH-DSA-SHAKE-128s,162.754,3357.26,277.523,0,0,0,361.478,13,54607.2,54594.8,33652,33649
2,8,69,SLH-DSA-SHA2-128f_signed-by_SLH-DSA-SHAKE-128s,SLH-DSA-SHA2-128f_signed-by_SLH-DSA-SHAKE-128s,162.902,3354.2,277.27,0,0,0,361.478,17,54353.8,54508.1,33652,33649
2,3,69,SLH-DSA-SHA2-128f_signed-by_SLH-DSA-SHAKE-128s,SLH-DSA-SHA2-128f_signed-by_SLH-DSA-SHAKE-128s,162.996,3352.27,275.54,0,0,0,400.667,24,54791.7,54579.3,33652,33649
2,5,69,SLH-DSA-SHA2-128f_signed-by_SLH-DSA-SHAKE-128s,SLH-DSA-SHA2-128f_signed-by_SLH-DSA-SHAKE-128s,162.646,3359.48,277.707,0,0,0,373.826,13,54421.8,54588.6,33652,33649
2,2,63,SLH-DSA-SHA2-128f_signed-by_SLH-DSA-SHAKE-128s,SLH-DSA-SHA2-128f_signed-by_SLH-DSA-SHAKE-128s,164.031,3331.12,273.801,0,0,0,439.689,24,54732,54551.1,33652,33649
2,7,69,SLH-DSA-SHA2-128f_signed-by_SLH-DSA-SHAKE-128s,SLH-DSA-SHA2-128f_signed-by_SLH-DSA-SHAKE-128s,163.868,3334.43,275.636,0,0,0,396.348,14,54566.1,54629.2,33652,33649
2,1,51,SLH-DSA-SHA2-128f_signed-by_SLH-DSA-SHAKE-128s,SLH-DSA-SHA2-128f_signed-by_SLH-DSA-SHAKE-128s,164.459,3322.45,273.089,0,0,0,400.667,24,54982,55306.9,33652,33649
2,6,69,SLH-DSA-SHA2-128f_signed-by_SLH-DSA-SHAKE-128s,SLH-DSA-SHA2-128f_signed-by_SLH-DSA-SHAKE-128s,163.231,3347.44,276.711,0,0,0,361.478,13,54320.3,54944.1,33652,33649
2,8,70,SLH-DSA-SHA2-128f_signed-by_SLH-DSA-SHAKE-128s,SLH-DSA-SHA2-128f_signed-by_SLH-DSA-SHAKE-128s,162.906,3354.11,277.263,0,0,0,378.87,17,54771.8,54410.7,33652,33649
2,3,70,SLH-DSA-SHA2-128f_signed-by_SLH-DSA-SHAKE-128s,SLH-DSA-SHA2-128f_signed-by_SLH-DSA-SHAKE-128s,163.64,3339.07,274.455,0,0,0,637.111,24,54533.2,54843.1,33652,33649
2,5,70,SLH-DSA-SHA2-128f_signed-by_SLH-DSA-SHAKE-128s,SLH-DSA-SHA2-128f_signed-by_SLH-DSA-SHAKE-128s,164.487,3321.88,274.598,0,0,0,361.478,13,54931.9,54843.1,33652,33649
2,2,64,SLH-DSA-SHA2-128f_signed-by_SLH-DSA-SHAKE-128s,SLH-DSA-SHA2-128f_signed-by_SLH-DSA-SHAKE-128s,162.925,3353.73,275.659,0,0,0,439.689,24,54658.3,54839.1,33652,33649
2,7,70,SLH-DSA-SHA2-128f_signed-by_SLH-DSA-SHAKE-128s,SLH-DSA-SHA2-128f_signed-by_SLH-DSA-SHAKE-128s,163.009,3352,277.088,0,0,0,396.348,14,54480,54606.6,33652,33649
2,1,52,SLH-DSA-SHA2-128f_signed-by_SLH-DSA-SHAKE-128s,SLH-DSA-SHA2-128f_signed-by_SLH-DSA-SHAKE-128s,162.304,3366.56,276.714,0,0,0,400.667,24,54751.2,54380,33652,33649
2,6,70,SLH-DSA-SHA2-128f_signed-by_SLH-DSA-SHAKE-128s,SLH-DSA-SHA2-128f_signed-by_SLH-DSA-SHAKE-128s,162.76,3357.13,277.512,0,0,0,361.478,12,54573,54403.9,33652,33649
2,8,71,SLH-DSA-SHA2-128f_signed-by_SLH-DSA-SHAKE-128s,SLH-DSA-SHA2-128f_signed-by_SLH-DSA-SHAKE-128s,162.843,3355.43,277.371,0,0,0,361.478,17,54419.7,54592.2,33652,33649
2,3,71,SLH-DSA-SHA2-128f_signed-by_SLH-DSA-SHAKE-128s,SLH-DSA-SHA2-128f_signed-by_SLH-DSA-SHAKE-128s,164.548,3320.65,274.497,0,0,0,361.478,24,54414.4,54738.4,33652,33649
2,5,71,SLH-DSA-SHA2-128f_signed-by_SLH-DSA-SHAKE-128s,SLH-DSA-SHA2-128f_signed-by_SLH-DSA-SHAKE-128s,162.777,3356.78,277.483,0,0,0,361.478,13,54260.8,54477.8,33652,33649
2,2,65,SLH-DSA-SHA2-128f_signed-by_SLH-DSA-SHAKE-128s,SLH-DSA-SHA2-128f_signed-by_SLH-DSA-SHAKE-128s,162.986,3352.47,277.127,0,0,0,396.348,24,54857.9,54586.8,33652,33649
2,7,71,SLH-DSA-SHA2-128f_signed-by_SLH-DSA-SHAKE-128s,SLH-DSA-SHA2-128f_signed-by_SLH-DSA-SHAKE-128s,163.551,3340.89,276.17,0,0,0,396.348,14,54584,54654.3,33652,33649
2,1,53,SLH-DSA-SHA2-128f_signed-by_SLH-DSA-SHAKE-128s,SLH-DSA-SHA2-128f_signed-by_SLH-DSA-SHAKE-128s,163.836,3335.08,275.689,0,0,0,361.478,24,54480.6,54480.3,33652,33649
2,6,71,SLH-DSA-SHA2-128f_signed-by_SLH-DSA-SHAKE-128s,SLH-DSA-SHA2-128f_signed-by_SLH-DSA-SHAKE-128s,164.36,3324.45,274.81,0.0217391,0,0,364,12,54371.2,54713.1,33652,33649
2,8,72,SLH-DSA-SHA2-128f_signed-by_SLH-DSA-SHAKE-128s,SLH-DSA-SHA2-128f_signed-by_SLH-DSA-SHAKE-128s,164.513,3321.35,272.998,0.0222222,0,0,400.667,17,54957.8,54776.6,33652,33649
2,3,72,SLH-DSA-SHA2-128f_signed-by_SLH-DSA-SHAKE-128s,SLH-DSA-SHA2-128f_signed-by_SLH-DSA-SHAKE-128s,162.842,3355.43,277.372,0.0217391,0,0,361.478,24,54583.1,54742,33652,33649
2,5,72,SLH-DSA-SHA2-128f_signed-by_SLH-DSA-SHAKE-128s,SLH-DSA-SHA2-128f_signed-by_SLH-DSA-SHAKE-128s,163.229,3347.47,276.714,0.0217391,0,0,361.478,12,54512.1,54794.2,33652,33649
2,2,66,SLH-DSA-SHA2-128f_signed-by_SLH-DSA-SHAKE-128s,SLH-DSA-SHA2-128f_signed-by_SLH-DSA-SHAKE-128s,162.426,3364.02,276.506,0.0222222,0,0,502.978,24,55086.1,54575.3,33652,33649
2,7,72,SLH-DSA-SHA2-128f_signed-by_SLH-DSA-SHAKE-128s,SLH-DSA-SHA2-128f_signed-by_SLH-DSA-SHAKE-128s,163.516,3341.6,279.066,0.0217391,1,0.0217391,431.391,14,54607.4,55147,33652,33649
2,1,54,SLH-DSA-SHA2-128f_signed-by_SLH-DSA-SHAKE-128s,SLH-DSA-SHA2-128f_signed-by_SLH-DSA-SHAKE-128s,162.557,3361.31,277.858,0.0217391,0,0,392.783,24,55042.1,54355.2,33652,33649
2,6,72,SLH-DSA-SHA2-128f_signed-by_SLH-DSA-SHAKE-128s,SLH-DSA-SHA2-128f_signed-by_SLH-DSA-SHAKE-128s,163.261,3346.84,276.661,0,0,0,361.478,12,54321.8,54676.6,33652,33649
2,8,73,SLH-DSA-SHA2-128f_signed-by_SLH-DSA-SHAKE-128s,SLH-DSA-SHA2-128f_signed-by_SLH-DSA-SHAKE-128s,162.89,3354.45,277.291,0.565217,0,0,361.478,17,54576.2,54481.9,33652,33649
2,3,73,SLH-DSA-SHA2-128f_signed-by_SLH-DSA-SHAKE-128s,SLH-DSA-SHA2-128f_signed-by_SLH-DSA-SHAKE-128s,164.02,3331.34,273.82,0.577778,0,0,400.667,24,55129.4,54707.9,33652,33649
2,5,73,SLH-DSA-SHA2-128f_signed-by_SLH-DSA-SHAKE-128s,SLH-DSA-SHA2-128f_signed-by_SLH-DSA-SHAKE-128s,165.046,3310.63,343.079,0.419355,33,0.532258,356.968,12,54424.2,54506.4,33652,33649
2,2,67,SLH-DSA-SHA2-128f_signed-by_SLH-DSA-SHAKE-128s,SLH-DSA-SHA2-128f_signed-by_SLH-DSA-SHAKE-128s,164.076,3330.2,273.726,0.577778,0,0,439.689,24,54574.5,54564.2,33652,33649
2,7,73,SLH-DSA-SHA2-128f_signed-by_SLH-DSA-SHAKE-128s,SLH-DSA-SHA2-128f_signed-by_SLH-DSA-SHAKE-128s,164.449,3322.64,273.105,0.577778,0,0,439.689,14,54617,54639.4,33652,33649
2,1,55,SLH-DSA-SHA2-128f_signed-by_SLH-DSA-SHAKE-128s,SLH-DSA-SHA2-128f_signed-by_SLH-DSA-SHAKE-128s,169.354,3226.41,359.199,0.5,18,0.346154,486.462,24,55029.2,54596.2,33652,33649
2,6,73,SLH-DSA-SHA2-128f_signed-by_SLH-DSA-SHAKE-128s,SLH-DSA-SHA2-128f_signed-by_SLH-DSA-SHAKE-128s,164.503,3321.56,316.589,0.530612,11,0.22449,397.918,12,54397.5,55108.4,33652,33649
2,8,74,SLH-DSA-SHA2-128f_signed-by_SLH-DSA-SHAKE-128s,SLH-DSA-SHA2-128f_signed-by_SLH-DSA-SHAKE-128s,164.715,3317.28,274.218,0,0,0,361.478,18,54612.4,54521,33652,33649
2,3,74,SLH-DSA-SHA2-128f_signed-by_SLH-DSA-SHAKE-128s,SLH-DSA-SHA2-128f_signed-by_SLH-DSA-SHAKE-128s,162.825,3355.79,275.829,0,0,0,400.667,24,54458.1,54480.1,33652,33649
2,5,74,SLH-DSA-SHA2-128f_signed-by_SLH-DSA-SHAKE-128s,SLH-DSA-SHA2-128f_signed-by_SLH-DSA-SHAKE-128s,163.13,3349.52,276.883,0,0,0,361.478,12,54655.4,54543.7,33652,33649
2,2,68,SLH-DSA-SHA2-128f_signed-by_SLH-DSA-SHAKE-128s,SLH-DSA-SHA2-128f_signed-by_SLH-DSA-SHAKE-128s,165.635,3298.86,271.15,0,0,0,439.689,24,54580.3,54430.1,33652,33649
2,7,74,SLH-DSA-SHA2-128f_signed-by_SLH-DSA-SHAKE-128s,SLH-DSA-SHA2-128f_signed-by_SLH-DSA-SHAKE-128s,162.968,3352.85,277.158,0,0,0,384,14,54496.1,54413.9,33652,33649
2,1,56,SLH-DSA-SHA2-128f_signed-by_SLH-DSA-SHAKE-128s,SLH-DSA-SHA2-128f_signed-by_SLH-DSA-SHAKE-128s,162.945,3353.32,277.197,0,0,0,361.478,24,54663,54475.2,33652,33649
2,6,74,SLH-DSA-SHA2-128f_signed-by_SLH-DSA-SHAKE-128s,SLH-DSA-SHA2-128f_signed-by_SLH-DSA-SHAKE-128s,163.212,3347.83,276.744,0,0,0,361.478,12,54550,54360.7,33652,33649
2,4,62,SLH-DSA-SHA2-128f_signed-by_SLH-DSA-SHAKE-128s,SLH-DSA-SHA2-128f_signed-by_SLH-DSA-SHAKE-128s,1390.13,393.062,40.1573,1,34,0.5,264.529,24,54490.4,54844.8,33652,33649
2,8,75,SLH-DSA-SHA2-128f_signed-by_SLH-DSA-SHAKE-128s,SLH-DSA-SHA2-128f_signed-by_SLH-DSA-SHAKE-128s,163.29,3346.24,275.044,0,0,0,400.667,18,54487.8,54513.5,33652,33649
2,3,75,SLH-DSA-SHA2-128f_signed-by_SLH-DSA-SHAKE-128s,SLH-DSA-SHA2-128f_signed-by_SLH-DSA-SHAKE-128s,164.861,3314.34,272.422,0,0,0,400.667,24,54579.9,54453.4,33652,33649
2,5,75,SLH-DSA-SHA2-128f_signed-by_SLH-DSA-SHAKE-128s,SLH-DSA-SHA2-128f_signed-by_SLH-DSA-SHAKE-128s,165.645,3298.65,301.366,0,0,0,655.043,12,54533.8,54578.8,33652,33649
2,2,69,SLH-DSA-SHA2-128f_signed-by_SLH-DSA-SHAKE-128s,SLH-DSA-SHA2-128f_signed-by_SLH-DSA-SHAKE-128s,167.727,3257.71,267.767,0,0,0,439.689,24,54608.8,54614.2,33652,33649
2,7,75,SLH-DSA-SHA2-128f_signed-by_SLH-DSA-SHAKE-128s,SLH-DSA-SHA2-128f_signed-by_SLH-DSA-SHAKE-128s,167.608,3260.02,267.957,0,0,0,439.956,14,54559.6,55246.6,33652,33649
2,1,57,SLH-DSA-SHA2-128f_signed-by_SLH-DSA-SHAKE-128s,SLH-DSA-SHA2-128f_signed-by_SLH-DSA-SHAKE-128s,165.235,3306.84,273.355,0,0,0,361.478,24,54486.1,54763.1,33652,33649
2,6,75,SLH-DSA-SHA2-128f_signed-by_SLH-DSA-SHAKE-128s,SLH-DSA-SHA2-128f_signed-by_SLH-DSA-SHAKE-128s,164.774,3316.09,274.12,0,0,0,361.478,12,57328.2,54668.4,33652,33649
2,4,63,SLH-DSA-SHA2-128f_signed-by_SLH-DSA-SHAKE-128s,SLH-DSA-SHA2-128f_signed-by_SLH-DSA-SHAKE-128s,167.75,3257.27,267.731,0,0,0,400.667,24,54510.7,54630.4,33652,33649
2,8,76,SLH-DSA-SHA2-128f_signed-by_SLH-DSA-SHAKE-128s,SLH-DSA-SHA2-128f_signed-by_SLH-DSA-SHAKE-128s,164.79,3315.77,274.093,0,0,0,361.478,18,54429.5,54658.5,33652,33649
2,3,76,SLH-DSA-SHA2-128f_signed-by_SLH-DSA-SHAKE-128s,SLH-DSA-SHA2-128f_signed-by_SLH-DSA-SHAKE-128s,165.225,3307.05,273.372,0,0,0,361.478,24,54310.6,54628.7,33652,33649
2,5,76,SLH-DSA-SHA2-128f_signed-by_SLH-DSA-SHAKE-128s,SLH-DSA-SHA2-128f_signed-by_SLH-DSA-SHAKE-128s,165.092,3309.71,272.041,0,0,0,400.667,12,54817.5,54635.3,33652,33649
2,2,70,SLH-DSA-SHA2-128f_signed-by_SLH-DSA-SHAKE-128s,SLH-DSA-SHA2-128f_signed-by_SLH-DSA-SHAKE-128s,163.719,3337.46,275.886,0,0,0,396.348,24,54315.2,54431.5,33652,33649
2,7,76,SLH-DSA-SHA2-128f_signed-by_SLH-DSA-SHAKE-128s,SLH-DSA-SHA2-128f_signed-by_SLH-DSA-SHAKE-128s,165.596,3299.63,272.759,0,0,0,396.348,15,54437.9,54958.5,33652,33649
2,1,58,SLH-DSA-SHA2-128f_signed-by_SLH-DSA-SHAKE-128s,SLH-DSA-SHA2-128f_signed-by_SLH-DSA-SHAKE-128s,163.536,3341.2,276.195,0,0,0,361.478,24,54527,54400,33652,33649
2,6,76,SLH-DSA-SHA2-128f_signed-by_SLH-DSA-SHAKE-128s,SLH-DSA-SHA2-128f_signed-by_SLH-DSA-SHAKE-128s,163.915,3333.47,275.557,0,0,0,362.522,12,54735.1,54610.4,33652,33649
2,4,64,SLH-DSA-SHA2-128f_signed-by_SLH-DSA-SHAKE-128s,SLH-DSA-SHA2-128f_signed-by_SLH-DSA-SHAKE-128s,163.868,3334.43,275.636,0.23913,0,0,364.087,24,54312.9,54848,33652,33649
2,8,77,SLH-DSA-SHA2-128f_signed-by_SLH-DSA-SHAKE-128s,SLH-DSA-SHA2-128f_signed-by_SLH-DSA-SHAKE-128s,163.354,3344.93,276.504,0.23913,0,0,370,19,54424.7,54390.5,33652,33649
2,3,77,SLH-DSA-SHA2-128f_signed-by_SLH-DSA-SHAKE-128s,SLH-DSA-SHA2-128f_signed-by_SLH-DSA-SHAKE-128s,165.156,3308.43,273.487,0.23913,0,0,431.652,24,54469.3,54961.6,33652,33649
2,5,77,SLH-DSA-SHA2-128f_signed-by_SLH-DSA-SHAKE-128s,SLH-DSA-SHA2-128f_signed-by_SLH-DSA-SHAKE-128s,165.109,3309.37,273.564,0.23913,0,0,361.478,12,54478.5,54737.3,33652,33649
2,2,71,SLH-DSA-SHA2-128f_signed-by_SLH-DSA-SHAKE-128s,SLH-DSA-SHA2-128f_signed-by_SLH-DSA-SHAKE-128s,164.053,3330.68,275.325,0.23913,0,0,396.348,24,54484.2,54695.3,33652,33649
2,7,77,SLH-DSA-SHA2-128f_signed-by_SLH-DSA-SHAKE-128s,SLH-DSA-SHA2-128f_signed-by_SLH-DSA-SHAKE-128s,163.498,3341.98,276.26,0.23913,0,0,396.348,15,54484.1,55037.3,33652,33649
2,1,59,SLH-DSA-SHA2-128f_signed-by_SLH-DSA-SHAKE-128s,SLH-DSA-SHA2-128f_signed-by_SLH-DSA-SHAKE-128s,165.189,3307.77,273.432,0.23913,0,0,392.783,24,54470,54743.2,33652,33649
2,6,77,SLH-DSA-SHA2-128f_signed-by_SLH-DSA-SHAKE-128s,SLH-DSA-SHA2-128f_signed-by_SLH-DSA-SHAKE-128s,166.454,3282.63,307.111,0.22449,23,0.469388,382.163,12,54953.2,54615.2,33652,33649
2,4,65,SLH-DSA-SHA2-128f_signed-by_SLH-DSA-SHAKE-128s,SLH-DSA-SHA2-128f_signed-by_SLH-DSA-SHAKE-128s,164.086,3330,273.71,0,0,0,400.667,24,55579.6,54785,33652,33649
2,8,78,SLH-DSA-SHA2-128f_signed-by_SLH-DSA-SHAKE-128s,SLH-DSA-SHA2-128f_signed-by_SLH-DSA-SHAKE-128s,165.68,3297.96,271.076,0,0,0,400.667,19,54653.3,54548.2,33652,33649
2,3,78,SLH-DSA-SHA2-128f_signed-by_SLH-DSA-SHAKE-128s,SLH-DSA-SHA2-128f_signed-by_SLH-DSA-SHAKE-128s,163.864,3334.51,275.642,0.0217391,0,0,361.478,24,54487.9,54550,33652,33649
2,5,78,SLH-DSA-SHA2-128f_signed-by_SLH-DSA-SHAKE-128s,SLH-DSA-SHA2-128f_signed-by_SLH-DSA-SHAKE-128s,164.157,3328.56,275.15,0.0217391,0,0,361.478,12,54399,54572.7,33652,33649
2,2,72,SLH-DSA-SHA2-128f_signed-by_SLH-DSA-SHAKE-128s,SLH-DSA-SHA2-128f_signed-by_SLH-DSA-SHAKE-128s,162.821,3355.87,275.836,0.0222222,0,0,454.889,24,54789.4,54407.7,33652,33649
2,7,78,SLH-DSA-SHA2-128f_signed-by_SLH-DSA-SHAKE-128s,SLH-DSA-SHA2-128f_signed-by_SLH-DSA-SHAKE-128s,163.85,3334.8,274.104,0.0222222,0,0,439.689,15,54637.4,54332.4,33652,33649
2,1,60,SLH-DSA-SHA2-128f_signed-by_SLH-DSA-SHAKE-128s,SLH-DSA-SHA2-128f_signed-by_SLH-DSA-SHAKE-128s,165.849,3294.6,270.8,0.0222222,0,0,417.733,24,54511.5,54906.6,33652,33649
2,6,78,SLH-DSA-SHA2-128f_signed-by_SLH-DSA-SHAKE-128s,SLH-DSA-SHA2-128f_signed-by_SLH-DSA-SHAKE-128s,163.459,3342.78,274.759,0.0222222,0,0,400.667,12,54631.6,54613.4,33652,33649
2,4,66,SLH-DSA-SHA2-128f_signed-by_SLH-DSA-SHAKE-128s,SLH-DSA-SHA2-128f_signed-by_SLH-DSA-SHAKE-128s,166.276,3286.14,271.644,0.0217391,0,0,392.783,24,54390.5,54770.3,33652,33649
2,8,79,SLH-DSA-SHA2-128f_signed-by_SLH-DSA-SHAKE-128s,SLH-DSA-SHA2-128f_signed-by_SLH-DSA-SHAKE-128s,164.581,3319.99,278.817,0.0212766,1,0.0212766,354.936,19,54933.2,54449.4,33652,33649
2,3,79,SLH-DSA-SHA2-128f_signed-by_SLH-DSA-SHAKE-128s,SLH-DSA-SHA2-128f_signed-by_SLH-DSA-SHAKE-128s,163.055,3351.06,277.01,0,0,0,361.478,24,54446.9,54587.4,33652,33649
2,5,79,SLH-DSA-SHA2-128f_signed-by_SLH-DSA-SHAKE-128s,SLH-DSA-SHA2-128f_signed-by_SLH-DSA-SHAKE-128s,167.443,3263.24,269.751,0,0,0,361.478,12,54470.1,54833.2,33652,33649
2,2,73,SLH-DSA-SHA2-128f_signed-by_SLH-DSA-SHAKE-128s,SLH-DSA-SHA2-128f_signed-by_SLH-DSA-SHAKE-128s,166.564,3280.46,269.637,0,0,0,439.689,24,54497.4,54693.7,33652,33649
2,7,79,SLH-DSA-SHA2-128f_signed-by_SLH-DSA-SHAKE-128s,SLH-DSA-SHA2-128f_signed-by_SLH-DSA-SHAKE-128s,163.053,3351.1,277.013,0,0,0,396.348,15,54560.1,54475.7,33652,33649
2,1,61,SLH-DSA-SHA2-128f_signed-by_SLH-DSA-SHAKE-128s,SLH-DSA-SHA2-128f_signed-by_SLH-DSA-SHAKE-128s,163.405,3343.88,274.85,0,0,0,400.667,24,54840.7,54774.7,33652,33649
2,6,79,SLH-DSA-SHA2-128f_signed-by_SLH-DSA-SHAKE-128s,SLH-DSA-SHA2-128f_signed-by_SLH-DSA-SHAKE-128s,163.278,3346.48,276.632,0,0,0,361.478,12,54439.9,54434.7,33652,33649
2,4,67,SLH-DSA-SHA2-128f_signed-by_SLH-DSA-SHAKE-128s,SLH-DSA-SHA2-128f_signed-by_SLH-DSA-SHAKE-128s,162.848,3355.32,277.362,0,0,0,361.478,24,54521.4,54442.2,33652,33649
2,8,80,SLH-DSA-SHA2-128f_signed-by_SLH-DSA-SHAKE-128s,SLH-DSA-SHA2-128f_signed-by_SLH-DSA-SHAKE-128s,162.981,3352.58,277.136,0,0,0,361.478,19,54517.4,54489.9,33652,33649
2,3,80,SLH-DSA-SHA2-128f_signed-by_SLH-DSA-SHAKE-128s,SLH-DSA-SHA2-128f_signed-by_SLH-DSA-SHAKE-128s,164.067,3330.38,275.301,0.978261,0,0,361.478,24,54606.9,54550.2,33652,33649
2,5,80,SLH-DSA-SHA2-128f_signed-by_SLH-DSA-SHAKE-128s,SLH-DSA-SHA2-128f_signed-by_SLH-DSA-SHAKE-128s,163.761,3336.6,275.815,0.978261,0,0,376.696,12,54474.8,55193.8,33652,33649
2,2,74,SLH-DSA-SHA2-128f_signed-by_SLH-DSA-SHAKE-128s,SLH-DSA-SHA2-128f_signed-by_SLH-DSA-SHAKE-128s,165.101,3309.52,273.577,0.978261,0,0,396.348,24,54620.1,54652.5,33652,33649
2,7,80,SLH-DSA-SHA2-128f_signed-by_SLH-DSA-SHAKE-128s,SLH-DSA-SHA2-128f_signed-by_SLH-DSA-SHAKE-128s,164.976,3312.03,272.232,1,0,0,454.889,15,54449.3,54465.8,33652,33649
2,1,62,SLH-DSA-SHA2-128f_signed-by_SLH-DSA-SHAKE-128s,SLH-DSA-SHA2-128f_signed-by_SLH-DSA-SHAKE-128s,163.353,3344.94,276.504,1,0,0,361.478,24,54425.1,54579.2,33652,33649
2,6,80,SLH-DSA-SHA2-128f_signed-by_SLH-DSA-SHAKE-128s,SLH-DSA-SHA2-128f_signed-by_SLH-DSA-SHAKE-128s,169.719,3219.47,336.272,0.875,34,0.53125,303.25,13,54658,54936.3,33652,33649
2,4,68,SLH-DSA-SHA2-128f_signed-by_SLH-DSA-SHAKE-128s,SLH-DSA-SHA2-128f_signed-by_SLH-DSA-SHAKE-128s,169.309,3227.27,265.265,1,0,0,400.667,24,54380.6,54508.4,33652,33649
2,8,81,SLH-DSA-SHA2-128f_signed-by_SLH-DSA-SHAKE-128s,SLH-DSA-SHA2-128f_signed-by_SLH-DSA-SHAKE-128s,164.316,3325.33,347.134,1,92,1.76923,485.846,20,54351.8,54441.6,33652,33649
2,3,81,SLH-DSA-SHA2-128f_signed-by_SLH-DSA-SHAKE-128s,SLH-DSA-SHA2-128f_signed-by_SLH-DSA-SHAKE-128s,169.041,3232.39,310.078,0.385965,21,0.368421,360.035,24,54895,54423.5,33652,33649
2,5,81,SLH-DSA-SHA2-128f_signed-by_SLH-DSA-SHAKE-128s,SLH-DSA-SHA2-128f_signed-by_SLH-DSA-SHAKE-128s,166.291,3285.84,270.08,0.488889,0,0,400.667,12,54483.7,55074.2,33652,33649
2,2,75,SLH-DSA-SHA2-128f_signed-by_SLH-DSA-SHAKE-128s,SLH-DSA-SHA2-128f_signed-by_SLH-DSA-SHAKE-128s,166.149,3288.65,273.392,0.468085,0,0,388.723,24,54625.4,54457.9,33652,33649
2,7,81,SLH-DSA-SHA2-128f_signed-by_SLH-DSA-SHAKE-128s,SLH-DSA-SHA2-128f_signed-by_SLH-DSA-SHAKE-128s,167.458,3262.95,303.741,0.458333,23,0.479167,447.75,14,54504,55703.1,33652,33649
2,1,63,SLH-DSA-SHA2-128f_signed-by_SLH-DSA-SHAKE-128s,SLH-DSA-SHA2-128f_signed-by_SLH-DSA-SHAKE-128s,164.193,3327.83,275.09,0.23913,0,0,361.478,24,54796.8,54403.7,33652,33649
2,6,81,SLH-DSA-SHA2-128f_signed-by_SLH-DSA-SHAKE-128s,SLH-DSA-SHA2-128f_signed-by_SLH-DSA-SHAKE-128s,170.224,3209.93,268.07,0.23913,1,0.0217391,393.13,13,54825,54830.9,33652,33649
2,4,69,SLH-DSA-SHA2-128f_signed-by_SLH-DSA-SHAKE-128s,SLH-DSA-SHA2-128f_signed-by_SLH-DSA-SHAKE-128s,163.243,3347.2,275.123,0,0,0,400.667,24,54579.1,54450,33652,33649
2,8,82,SLH-DSA-SHA2-128f_signed-by_SLH-DSA-SHAKE-128s,SLH-DSA-SHA2-128f_signed-by_SLH-DSA-SHAKE-128s,164.148,3328.74,275.165,1,0,0,364.087,20,54425.9,54582,33652,33649
2,3,82,SLH-DSA-SHA2-128f_signed-by_SLH-DSA-SHAKE-128s,SLH-DSA-SHA2-128f_signed-by_SLH-DSA-SHAKE-128s,173.402,3151.1,259.005,1,0,0,417.733,24,54506.6,56346.3,33652,33649
2,5,82,SLH-DSA-SHA2-128f_signed-by_SLH-DSA-SHAKE-128s,SLH-DSA-SHA2-128f_signed-by_SLH-DSA-SHAKE-128s,172.047,3175.91,261.043,1,0,0,400.667,12,54421.9,54705.1,33652,33649
2,2,76,SLH-DSA-SHA2-128f_signed-by_SLH-DSA-SHAKE-128s,SLH-DSA-SHA2-128f_signed-by_SLH-DSA-SHAKE-128s,178.942,3053.54,252.417,1,0,0,430.957,24,54489.2,54591.2,33652,33649
2,7,82,SLH-DSA-SHA2-128f_signed-by_SLH-DSA-SHAKE-128s,SLH-DSA-SHA2-128f_signed-by_SLH-DSA-SHAKE-128s,174.842,3125.15,256.872,1,0,0,439.689,14,54529.3,54462.3,33652,33649
2,1,64,SLH-DSA-SHA2-128f_signed-by_SLH-DSA-SHAKE-128s,SLH-DSA-SHA2-128f_signed-by_SLH-DSA-SHAKE-128s,180.799,3022.18,269.381,1,11,0.215686,368.196,24,54669.1,54490.2,33652,33649
2,6,82,SLH-DSA-SHA2-128f_signed-by_SLH-DSA-SHAKE-128s,SLH-DSA-SHA2-128f_signed-by_SLH-DSA-SHAKE-128s,170.92,3196.86,288.041,1,6,0.117647,442.235,13,54447.5,55017.7,33652,33649
2,4,70,SLH-DSA-SHA2-128f_signed-by_SLH-DSA-SHAKE-128s,SLH-DSA-SHA2-128f_signed-by_SLH-DSA-SHAKE-128s,170.664,3201.65,354.755,1,149,2.61404,534.281,24,54512.4,54480.9,33652,33649
2,8,83,SLH-DSA-SHA2-128f_signed-by_SLH-DSA-SHAKE-128s,SLH-DSA-SHA2-128f_signed-by_SLH-DSA-SHAKE-128s,163.127,3349.58,276.888,0.586957,0,0,361.478,20,54591,54644.9,33652,33649
2,3,83,SLH-DSA-SHA2-128f_signed-by_SLH-DSA-SHAKE-128s,SLH-DSA-SHA2-128f_signed-by_SLH-DSA-SHAKE-128s,167.187,3268.24,268.633,0.488889,0,0,400.667,24,54845,54603.8,33652,33649
2,5,83,SLH-DSA-SHA2-128f_signed-by_SLH-DSA-SHAKE-128s,SLH-DSA-SHA2-128f_signed-by_SLH-DSA-SHAKE-128s,167.705,3258.15,267.803,0.488889,0,0,400.667,13,55159.3,55124.5,33652,33649
2,2,77,SLH-DSA-SHA2-128f_signed-by_SLH-DSA-SHAKE-128s,SLH-DSA-SHA2-128f_signed-by_SLH-DSA-SHAKE-128s,164.03,3331.13,275.363,0.478261,0,0,625.043,24,54492.3,54406.5,33652,33649
2,7,83,SLH-DSA-SHA2-128f_signed-by_SLH-DSA-SHAKE-128s,SLH-DSA-SHA2-128f_signed-by_SLH-DSA-SHAKE-128s,170.299,3208.5,263.723,0.488889,0,0,439.689,14,54266.1,54597.6,33652,33649
2,1,65,SLH-DSA-SHA2-128f_signed-by_SLH-DSA-SHAKE-128s,SLH-DSA-SHA2-128f_signed-by_SLH-DSA-SHAKE-128s,171.984,3177.09,261.141,0.488889,0,0,400.667,24,54538.8,56546.3,33652,33649
2,6,83,SLH-DSA-SHA2-128f_signed-by_SLH-DSA-SHAKE-128s,SLH-DSA-SHA2-128f_signed-by_SLH-DSA-SHAKE-128s,167.414,3263.79,268.268,0.488889,0,0,400.667,14,54384.1,55149.6,33652,33649
2,4,71,SLH-DSA-SHA2-128f_signed-by_SLH-DSA-SHAKE-128s,SLH-DSA-SHA2-128f_signed-by_SLH-DSA-SHAKE-128s,169.377,3225.97,318.53,0.44898,45,0.918367,481.265,24,54274.7,55297.8,33652,33649
2,8,84,SLH-DSA-SHA2-128f_signed-by_SLH-DSA-SHAKE-128s,SLH-DSA-SHA2-128f_signed-by_SLH-DSA-SHAKE-128s,164.549,3320.62,274.494,0.5,0,0,361.478,20,54407.4,55120.8,33652,33649
2,3,84,SLH-DSA-SHA2-128f_signed-by_SLH-DSA-SHAKE-128s,SLH-DSA-SHA2-128f_signed-by_SLH-DSA-SHAKE-128s,172.122,3174.52,261.58,0.5,0,0,392.696,24,54723.9,54631.1,33652,33649
2,5,84,SLH-DSA-SHA2-128f_signed-by_SLH-DSA-SHAKE-128s,SLH-DSA-SHA2-128f_signed-by_SLH-DSA-SHAKE-128s,173.458,3150.09,258.921,0.511111,0,0,400.667,13,54461.4,55044.3,33652,33649
2,2,78,SLH-DSA-SHA2-128f_signed-by_SLH-DSA-SHAKE-128s,SLH-DSA-SHA2-128f_signed-by_SLH-DSA-SHAKE-128s,167.806,3256.19,267.642,0.511111,0,0,439.689,24,54507.1,54525.5,33652,33649
2,7,84,SLH-DSA-SHA2-128f_signed-by_SLH-DSA-SHAKE-128s,SLH-DSA-SHA2-128f_signed-by_SLH-DSA-SHAKE-128s,167.501,3262.12,268.13,0.511111,0,0,439.689,14,54410.4,54475.4,33652,33649
2,1,66,SLH-DSA-SHA2-128f_signed-by_SLH-DSA-SHAKE-128s,SLH-DSA-SHA2-128f_signed-by_SLH-DSA-SHAKE-128s,165.117,3309.2,273.55,0.5,0,0,361.478,24,54894,54614.2,33652,33649
2,6,84,SLH-DSA-SHA2-128f_signed-by_SLH-DSA-SHAKE-128s,SLH-DSA-SHA2-128f_signed-by_SLH-DSA-SHAKE-128s,168.023,3251.97,267.295,0.511111,0,0,400.667,14,55098.8,54550.5,33652,33649
2,4,72,SLH-DSA-SHA2-128f_signed-by_SLH-DSA-SHAKE-128s,SLH-DSA-SHA2-128f_signed-by_SLH-DSA-SHAKE-128s,171.98,3177.14,314.826,0.48,46,0.92,461.84,24,54664.8,54341.8,33652,33649
2,8,85,SLH-DSA-SHA2-128f_signed-by_SLH-DSA-SHAKE-128s,SLH-DSA-SHA2-128f_signed-by_SLH-DSA-SHAKE-128s,166.471,3282.28,269.787,0.0222222,0,0,400.667,20,54714.9,54548.9,33652,33649
2,3,85,SLH-DSA-SHA2-128f_signed-by_SLH-DSA-SHAKE-128s,SLH-DSA-SHA2-128f_signed-by_SLH-DSA-SHAKE-128s,166.247,3286.71,270.825,0.195652,0,0,392.696,24,54773.8,54416.6,33652,33649
2,5,85,SLH-DSA-SHA2-128f_signed-by_SLH-DSA-SHAKE-128s,SLH-DSA-SHA2-128f_signed-by_SLH-DSA-SHAKE-128s,164.705,3317.48,272.68,0.2,0,0,400.667,13,54396.1,54611.2,33652,33649
2,2,79,SLH-DSA-SHA2-128f_signed-by_SLH-DSA-SHAKE-128s,SLH-DSA-SHA2-128f_signed-by_SLH-DSA-SHAKE-128s,167.796,3256.37,269.183,0.195652,0,0,396.348,24,54683.8,54515.5,33652,33649
2,7,85,SLH-DSA-SHA2-128f_signed-by_SLH-DSA-SHAKE-128s,SLH-DSA-SHA2-128f_signed-by_SLH-DSA-SHAKE-128s,172.742,3163.13,259.993,0.2,0,0,439.689,14,54724.7,54509.6,33652,33649
2,1,67,SLH-DSA-SHA2-128f_signed-by_SLH-DSA-SHAKE-128s,SLH-DSA-SHA2-128f_signed-by_SLH-DSA-SHAKE-128s,169.369,3226.12,288.221,0.173077,11,0.211538,405,24,54449.4,54401.4,33652,33649
2,6,85,SLH-DSA-SHA2-128f_signed-by_SLH-DSA-SHAKE-128s,SLH-DSA-SHA2-128f_signed-by_SLH-DSA-SHAKE-128s,168.463,3243.47,270.871,0.195652,1,0.0217391,393.913,14,54362,54352.5,33652,33649
2,4,73,SLH-DSA-SHA2-128f_signed-by_SLH-DSA-SHAKE-128s,SLH-DSA-SHA2-128f_signed-by_SLH-DSA-SHAKE-128s,165.538,3300.78,271.308,0.955556,0,0,400.667,24,54385.2,54547.9,33652,33649
2,8,86,SLH-DSA-SHA2-128f_signed-by_SLH-DSA-SHAKE-128s,SLH-DSA-SHA2-128f_signed-by_SLH-DSA-SHAKE-128s,165.21,3307.34,284.921,1,3,0.0625,379.167,20,54673.1,54554.8,33652,33649
2,3,86,SLH-DSA-SHA2-128f_signed-by_SLH-DSA-SHAKE-128s,SLH-DSA-SHA2-128f_signed-by_SLH-DSA-SHAKE-128s,170.001,3214.13,267.198,1,0,0,385.234,24,54362.6,54981.8,33652,33649
2,5,86,SLH-DSA-SHA2-128f_signed-by_SLH-DSA-SHAKE-128s,SLH-DSA-SHA2-128f_signed-by_SLH-DSA-SHAKE-128s,172.811,3161.87,259.89,1,0,0,402.978,13,54501.7,54907.1,33652,33649
2,2,80,SLH-DSA-SHA2-128f_signed-by_SLH-DSA-SHAKE-128s,SLH-DSA-SHA2-128f_signed-by_SLH-DSA-SHAKE-128s,178.804,3055.89,292.52,1,21,0.375,382.929,24,54601.5,54548.5,33652,33649
2,7,86,SLH-DSA-SHA2-128f_signed-by_SLH-DSA-SHAKE-128s,SLH-DSA-SHA2-128f_signed-by_SLH-DSA-SHAKE-128s,175.224,3118.32,256.311,1,0,0,459.244,13,54675.9,54490.3,33652,33649
2,6,86,SLH-DSA-SHA2-128f_signed-by_SLH-DSA-SHAKE-128s,SLH-DSA-SHA2-128f_signed-by_SLH-DSA-SHAKE-128s,172.339,3170.53,376.373,1,160,2.53968,502.508,15,54450.6,54941.4,33652,33649
2,1,68,SLH-DSA-SHA2-128f_signed-by_SLH-DSA-SHAKE-128s,SLH-DSA-SHA2-128f_signed-by_SLH-DSA-SHAKE-128s,183.422,2978.96,269.717,1,15,0.272727,340.545,24,54825.5,54469.6,33652,33649
2,4,74,SLH-DSA-SHA2-128f_signed-by_SLH-DSA-SHAKE-128s,SLH-DSA-SHA2-128f_signed-by_SLH-DSA-SHAKE-128s,175.546,3112.62,289.565,1,69,1.4375,511.833,24,54429.6,54506.2,33652,33649
2,8,87,SLH-DSA-SHA2-128f_signed-by_SLH-DSA-SHAKE-128s,SLH-DSA-SHA2-128f_signed-by_SLH-DSA-SHAKE-128s,170.97,3195.92,304.521,1,70,1.37255,470.314,20,54461.4,54555.4,33652,33649
2,3,87,SLH-DSA-SHA2-128f_signed-by_SLH-DSA-SHAKE-128s,SLH-DSA-SHA2-128f_signed-by_SLH-DSA-SHAKE-128s,183.734,2973.89,267.516,1,12,0.226415,351.962,24,54379.8,54773.3,33652,33649
2,5,87,SLH-DSA-SHA2-128f_signed-by_SLH-DSA-SHAKE-128s,SLH-DSA-SHA2-128f_signed-by_SLH-DSA-SHAKE-128s,180.112,3033.71,290.397,1,21,0.375,353.714,13,54441.3,54545.8,33652,33649
2,7,87,SLH-DSA-SHA2-128f_signed-by_SLH-DSA-SHAKE-128s,SLH-DSA-SHA2-128f_signed-by_SLH-DSA-SHAKE-128s,172.416,3169.11,260.485,1,0,0,439.689,13,54478.8,54491.9,33652,33649
2,2,81,SLH-DSA-SHA2-128f_signed-by_SLH-DSA-SHAKE-128s,SLH-DSA-SHA2-128f_signed-by_SLH-DSA-SHAKE-128s,187.548,2913.43,261.053,1,11,0.211538,391.769,24,54612.2,54738.7,33652,33649
2,6,87,SLH-DSA-SHA2-128f_signed-by_SLH-DSA-SHAKE-128s,SLH-DSA-SHA2-128f_signed-by_SLH-DSA-SHAKE-128s,172.695,3163.99,294.344,1,69,1.4375,497,15,54399,54638.5,33652,33649
2,4,75,SLH-DSA-SHA2-128f_signed-by_SLH-DSA-SHAKE-128s,SLH-DSA-SHA2-128f_signed-by_SLH-DSA-SHAKE-128s,166.648,3278.81,271.038,0.369565,0,0,361.478,24,54408.6,54454.5,33652,33649
2,1,69,SLH-DSA-SHA2-128f_signed-by_SLH-DSA-SHAKE-128s,SLH-DSA-SHA2-128f_signed-by_SLH-DSA-SHAKE-128s,180.427,3028.42,303.014,0.9,46,0.92,486.4,24,55019.2,54460.2,33652,33649
2,8,88,SLH-DSA-SHA2-128f_signed-by_SLH-DSA-SHAKE-128s,SLH-DSA-SHA2-128f_signed-by_SLH-DSA-SHAKE-128s,172.231,3172.52,266.432,1,1,0.0212766,385.574,20,55754.9,54374,33652,33649
2,3,88,SLH-DSA-SHA2-128f_signed-by_SLH-DSA-SHAKE-128s,SLH-DSA-SHA2-128f_signed-by_SLH-DSA-SHAKE-128s,182.658,2991.41,247.281,1,0,0,392.783,24,54453.4,54786.4,33652,33649
2,5,88,SLH-DSA-SHA2-128f_signed-by_SLH-DSA-SHAKE-128s,SLH-DSA-SHA2-128f_signed-by_SLH-DSA-SHAKE-128s,183.737,2973.85,261.155,1,7,0.14,366.8,13,54326,54560.9,33652,33649
2,7,88,SLH-DSA-SHA2-128f_signed-by_SLH-DSA-SHAKE-128s,SLH-DSA-SHA2-128f_signed-by_SLH-DSA-SHAKE-128s,172.646,3164.9,260.139,1,0,0,439.689,13,54348.8,54527.4,33652,33649
2,2,82,SLH-DSA-SHA2-128f_signed-by_SLH-DSA-SHAKE-128s,SLH-DSA-SHA2-128f_signed-by_SLH-DSA-SHAKE-128s,183.684,2974.71,265.15,1,11,0.215686,398.706,24,54584.8,54681.2,33652,33649
2,6,88,SLH-DSA-SHA2-128f_signed-by_SLH-DSA-SHAKE-128s,SLH-DSA-SHA2-128f_signed-by_SLH-DSA-SHAKE-128s,180.624,3025.1,358.401,0.945946,55,0.743243,323.838,15,54430,54664.8,33652,33649
2,4,76,SLH-DSA-SHA2-128f_signed-by_SLH-DSA-SHAKE-128s,SLH-DSA-SHA2-128f_signed-by_SLH-DSA-SHAKE-128s,180.41,3028.69,284.596,1,69,1.38,492.88,24,54527.4,54652.7,33652,33649
2,1,70,SLH-DSA-SHA2-128f_signed-by_SLH-DSA-SHAKE-128s,SLH-DSA-SHA2-128f_signed-by_SLH-DSA-SHAKE-128s,180.575,3025.93,252.703,1,1,0.0217391,393.13,24,54768.6,54560.9,33652,33649
2,8,89,SLH-DSA-SHA2-128f_signed-by_SLH-DSA-SHAKE-128s,SLH-DSA-SHA2-128f_signed-by_SLH-DSA-SHAKE-128s,175.803,3108.06,285.41,1,0,0,562.17,20,54438.6,54579.4,33652,33649
2,3,89,SLH-DSA-SHA2-128f_signed-by_SLH-DSA-SHAKE-128s,SLH-DSA-SHA2-128f_signed-by_SLH-DSA-SHAKE-128s,185.305,2948.69,474.978,1,123,1.11818,297.418,24,54530.7,54607.5,33652,33649
2,7,89,SLH-DSA-SHA2-128f_signed-by_SLH-DSA-SHAKE-128s,SLH-DSA-SHA2-128f_signed-by_SLH-DSA-SHAKE-128s,179.402,3045.71,252.394,1,0,0,422.511,13,54424.8,54458,33652,33649
2,5,89,SLH-DSA-SHA2-128f_signed-by_SLH-DSA-SHAKE-128s,SLH-DSA-SHA2-128f_signed-by_SLH-DSA-SHAKE-128s,195.554,2794.14,371.129,1,78,0.896552,310.184,13,54507.8,54862.9,33652,33649
2,2,83,SLH-DSA-SHA2-128f_signed-by_SLH-DSA-SHAKE-128s,SLH-DSA-SHA2-128f_signed-by_SLH-DSA-SHAKE-128s,181.855,3004.63,311.369,1,33,0.532258,380.129,24,54452.7,54801,33652,33649
2,6,89,SLH-DSA-SHA2-128f_signed-by_SLH-DSA-SHAKE-128s,SLH-DSA-SHA2-128f_signed-by_SLH-DSA-SHAKE-128s,186.092,2936.22,305.655,1,33,0.52381,364.603,15,54431.6,54715,33652,33649
2,4,77,SLH-DSA-SHA2-128f_signed-by_SLH-DSA-SHAKE-128s,SLH-DSA-SHA2-128f_signed-by_SLH-DSA-SHAKE-128s,188.765,2894.64,258.013,1,11,0.215686,574.471,24,55217.1,54489.6,33652,33649
2,1,71,SLH-DSA-SHA2-128f_signed-by_SLH-DSA-SHAKE-128s,SLH-DSA-SHA2-128f_signed-by_SLH-DSA-SHAKE-128s,185.413,2946.97,327.398,1,115,2.12963,572.074,24,55157.1,54510.4,33652,33649
2,8,90,SLH-DSA-SHA2-128f_signed-by_SLH-DSA-SHAKE-128s,SLH-DSA-SHA2-128f_signed-by_SLH-DSA-SHAKE-128s,183.129,2983.72,345.024,1,91,1.68519,530.444,19,54347.7,54488.2,33652,33649
2,3,90,SLH-DSA-SHA2-128f_signed-by_SLH-DSA-SHAKE-128s,SLH-DSA-SHA2-128f_signed-by_SLH-DSA-SHAKE-128s,187.053,2921.13,304.084,1,33,0.52381,418.952,24,54459,54377.1,33652,33649
2,7,90,SLH-DSA-SHA2-128f_signed-by_SLH-DSA-SHAKE-128s,SLH-DSA-SHA2-128f_signed-by_SLH-DSA-SHAKE-128s,185.457,2946.27,243.549,1,0,0,430.957,12,54690.1,55417.1,33652,33649
2,5,90,SLH-DSA-SHA2-128f_signed-by_SLH-DSA-SHAKE-128s,SLH-DSA-SHA2-128f_signed-by_SLH-DSA-SHAKE-128s,183.361,2979.95,267.014,1,11,0.211538,361.846,13,54893.8,54787.9,33652,33649
2,2,84,SLH-DSA-SHA2-128f_signed-by_SLH-DSA-SHAKE-128s,SLH-DSA-SHA2-128f_signed-by_SLH-DSA-SHAKE-128s,180.44,3028.19,248.902,1,0,0,517.733,24,54497.6,54633.3,33652,33649
2,6,90,SLH-DSA-SHA2-128f_signed-by_SLH-DSA-SHAKE-128s,SLH-DSA-SHA2-128f_signed-by_SLH-DSA-SHAKE-128s,181.677,3007.57,248.617,1,0,0,392.783,16,54453,54421.3,33652,33649
2,4,78,SLH-DSA-SHA2-128f_signed-by_SLH-DSA-SHAKE-128s,SLH-DSA-SHA2-128f_signed-by_SLH-DSA-SHAKE-128s,177.591,3076.77,362.27,1,160,2.53968,528.286,24,54725.3,54519,33652,33649
2,1,72,SLH-DSA-SHA2-128f_signed-by_SLH-DSA-SHAKE-128s,SLH-DSA-SHA2-128f_signed-by_SLH-DSA-SHAKE-128s,179.379,3046.11,251.802,1,0,0,392.783,24,54730.1,54557.2,33652,33649
2,8,91,SLH-DSA-SHA2-128f_signed-by_SLH-DSA-SHAKE-128s,SLH-DSA-SHA2-128f_signed-by_SLH-DSA-SHAKE-128s,176.685,3092.55,254.192,0.711111,0,0,400.667,19,54858.3,54783.5,33652,33649
2,3,91,SLH-DSA-SHA2-128f_signed-by_SLH-DSA-SHAKE-128s,SLH-DSA-SHA2-128f_signed-by_SLH-DSA-SHAKE-128s,177.198,3083.59,253.456,1,0,0,400.667,24,54446.4,54744.5,33652,33649
2,7,91,SLH-DSA-SHA2-128f_signed-by_SLH-DSA-SHAKE-128s,SLH-DSA-SHA2-128f_signed-by_SLH-DSA-SHAKE-128s,173.257,3153.74,259.868,1,0,0,430.87,12,54762.4,55184.1,33652,33649
2,5,91,SLH-DSA-SHA2-128f_signed-by_SLH-DSA-SHAKE-128s,SLH-DSA-SHA2-128f_signed-by_SLH-DSA-SHAKE-128s,172.476,3168.02,260.395,1,0,0,400.667,13,54608.1,54901.8,33652,33649
2,2,85,SLH-DSA-SHA2-128f_signed-by_SLH-DSA-SHAKE-128s,SLH-DSA-SHA2-128f_signed-by_SLH-DSA-SHAKE-128s,171.621,3183.8,329.936,1,33,0.532258,380.129,24,54431.6,54752.2,33652,33649
2,6,91,SLH-DSA-SHA2-128f_signed-by_SLH-DSA-SHAKE-128s,SLH-DSA-SHA2-128f_signed-by_SLH-DSA-SHAKE-128s,172.229,3172.56,466.262,1,99,1.02062,306.536,16,54615.2,54420.3,33652,33649
2,4,79,SLH-DSA-SHA2-128f_signed-by_SLH-DSA-SHAKE-128s,SLH-DSA-SHA2-128f_signed-by_SLH-DSA-SHAKE-128s,180.485,3027.44,272.687,1,11,0.207547,355.736,24,54311.6,54700.8,33652,33649
2,1,73,SLH-DSA-SHA2-128f_signed-by_SLH-DSA-SHAKE-128s,SLH-DSA-SHA2-128f_signed-by_SLH-DSA-SHAKE-128s,181.821,3005.19,282.387,1,69,1.38,492.88,24,54971.1,54717.9,33652,33649
2,8,92,SLH-DSA-SHA2-128f_signed-by_SLH-DSA-SHAKE-128s,SLH-DSA-SHA2-128f_signed-by_SLH-DSA-SHAKE-128s,180.296,3030.61,257.087,1,2,0.0425532,386,19,54615.2,54518.4,33652,33649
2,3,92,SLH-DSA-SHA2-128f_signed-by_SLH-DSA-SHAKE-128s,SLH-DSA-SHA2-128f_signed-by_SLH-DSA-SHAKE-128s,173.818,3143.55,393.145,1,66,0.835443,381.494,24,54406.3,54760,33652,33649
2,7,92,SLH-DSA-SHA2-128f_signed-by_SLH-DSA-SHAKE-128s,SLH-DSA-SHA2-128f_signed-by_SLH-DSA-SHAKE-128s,173.317,3152.64,259.131,1,0,0,440.578,11,54449.2,54411.8,33652,33649
2,5,92,SLH-DSA-SHA2-128f_signed-by_SLH-DSA-SHAKE-128s,SLH-DSA-SHA2-128f_signed-by_SLH-DSA-SHAKE-128s,178.536,3060.48,320.024,1,33,0.515625,373,13,54549.4,54618.6,33652,33649
2,2,86,SLH-DSA-SHA2-128f_signed-by_SLH-DSA-SHAKE-128s,SLH-DSA-SHA2-128f_signed-by_SLH-DSA-SHAKE-128s,180.15,3033.06,397.533,1,101,1.46377,439.101,24,54494.6,54543.3,33652,33649
2,6,92,SLH-DSA-SHA2-128f_signed-by_SLH-DSA-SHAKE-128s,SLH-DSA-SHA2-128f_signed-by_SLH-DSA-SHAKE-128s,174.122,3138.06,257.933,1,0,0,400.667,16,54612.1,54573.7,33652,33649
2,4,80,SLH-DSA-SHA2-128f_signed-by_SLH-DSA-SHAKE-128s,SLH-DSA-SHA2-128f_signed-by_SLH-DSA-SHAKE-128s,172.224,3172.64,353.77,1,44,0.628571,351.714,24,54740.3,54604.8,33652,33649
2,8,93,SLH-DSA-SHA2-128f_signed-by_SLH-DSA-SHAKE-128s,SLH-DSA-SHA2-128f_signed-by_SLH-DSA-SHAKE-128s,168.518,3242.42,266.511,1,0,0,400.667,18,54889.5,54576.4,33652,33649
2,1,74,SLH-DSA-SHA2-128f_signed-by_SLH-DSA-SHAKE-128s,SLH-DSA-SHA2-128f_signed-by_SLH-DSA-SHAKE-128s,176.603,3093.98,297.253,1,22,0.385965,349.158,24,54834.6,54867.7,33652,33649
2,3,93,SLH-DSA-SHA2-128f_signed-by_SLH-DSA-SHAKE-128s,SLH-DSA-SHA2-128f_signed-by_SLH-DSA-SHAKE-128s,174.174,3137.13,326.569,1,33,0.52381,351.905,24,54595.8,54456.8,33652,33649
2,7,93,SLH-DSA-SHA2-128f_signed-by_SLH-DSA-SHAKE-128s,SLH-DSA-SHA2-128f_signed-by_SLH-DSA-SHAKE-128s,175.559,3112.38,345.228,1,57,1,426.561,11,54507.9,54412.7,33652,33649
2,5,93,SLH-DSA-SHA2-128f_signed-by_SLH-DSA-SHAKE-128s,SLH-DSA-SHA2-128f_signed-by_SLH-DSA-SHAKE-128s,167.886,3254.64,269.04,1,0,0,396.609,13,54561,54893.3,33652,33649
2,2,87,SLH-DSA-SHA2-128f_signed-by_SLH-DSA-SHAKE-128s,SLH-DSA-SHA2-128f_signed-by_SLH-DSA-SHAKE-128s,175.871,3106.86,290.667,1,23,0.469388,439.388,24,54819.8,54536.6,33652,33649
2,6,93,SLH-DSA-SHA2-128f_signed-by_SLH-DSA-SHAKE-128s,SLH-DSA-SHA2-128f_signed-by_SLH-DSA-SHAKE-128s,177.826,3072.7,298.178,0.719298,22,0.385965,360.386,16,54573.4,54886,33652,33649
2,4,81,SLH-DSA-SHA2-128f_signed-by_SLH-DSA-SHAKE-128s,SLH-DSA-SHA2-128f_signed-by_SLH-DSA-SHAKE-128s,174.934,3123.51,270.548,0.836735,3,0.0612245,372.367,24,54427.1,54418,33652,33649
2,8,94,SLH-DSA-SHA2-128f_signed-by_SLH-DSA-SHAKE-128s,SLH-DSA-SHA2-128f_signed-by_SLH-DSA-SHAKE-128s,171.583,3184.49,261.749,0.888889,0,0,400.667,18,54562.1,54501.8,33652,33649
2,1,75,SLH-DSA-SHA2-128f_signed-by_SLH-DSA-SHAKE-128s,SLH-DSA-SHA2-128f_signed-by_SLH-DSA-SHAKE-128s,174.455,3132.08,291.559,0.833333,23,0.479167,414.833,24,54638.8,54429.2,33652,33649
2,3,94,SLH-DSA-SHA2-128f_signed-by_SLH-DSA-SHAKE-128s,SLH-DSA-SHA2-128f_signed-by_SLH-DSA-SHAKE-128s,167.337,3265.3,268.391,1,0,0,400.667,24,54797.7,54870.6,33652,33649
2,7,94,SLH-DSA-SHA2-128f_signed-by_SLH-DSA-SHAKE-128s,SLH-DSA-SHA2-128f_signed-by_SLH-DSA-SHAKE-128s,171.838,3179.77,304.378,0.928571,21,0.375,382.929,10,54343,54422.8,33652,33649
2,5,94,SLH-DSA-SHA2-128f_signed-by_SLH-DSA-SHAKE-128s,SLH-DSA-SHA2-128f_signed-by_SLH-DSA-SHAKE-128s,172.014,3176.52,376.712,0.702703,44,0.594595,325.459,13,54568,54838.6,33652,33649
2,2,88,SLH-DSA-SHA2-128f_signed-by_SLH-DSA-SHAKE-128s,SLH-DSA-SHA2-128f_signed-by_SLH-DSA-SHAKE-128s,166.822,3275.38,315.065,0.912281,21,0.368421,376.877,24,54838.4,54627.5,33652,33649
2,6,94,SLH-DSA-SHA2-128f_signed-by_SLH-DSA-SHAKE-128s,SLH-DSA-SHA2-128f_signed-by_SLH-DSA-SHAKE-128s,168.879,3235.48,335.292,0.83871,33,0.532258,425.097,17,54378.8,55170.8,33652,33649
2,4,82,SLH-DSA-SHA2-128f_signed-by_SLH-DSA-SHAKE-128s,SLH-DSA-SHA2-128f_signed-by_SLH-DSA-SHAKE-128s,168.799,3237.01,269.1,1,0,0,354.596,24,54820.3,54707.1,33652,33649
2,8,95,SLH-DSA-SHA2-128f_signed-by_SLH-DSA-SHAKE-128s,SLH-DSA-SHA2-128f_signed-by_SLH-DSA-SHAKE-128s,170.44,3205.87,265.008,1,0,0,399.739,17,54875.8,54519,33652,33649
2,1,76,SLH-DSA-SHA2-128f_signed-by_SLH-DSA-SHAKE-128s,SLH-DSA-SHA2-128f_signed-by_SLH-DSA-SHAKE-128s,171.185,3191.91,262.359,1,0,0,400.667,24,54506.3,55316.5,33652,33649
2,3,95,SLH-DSA-SHA2-128f_signed-by_SLH-DSA-SHAKE-128s,SLH-DSA-SHA2-128f_signed-by_SLH-DSA-SHAKE-128s,178.432,3062.27,251.704,1,0,0,400.667,24,54405.4,54461.8,33652,33649
2,7,95,SLH-DSA-SHA2-128f_signed-by_SLH-DSA-SHAKE-128s,SLH-DSA-SHA2-128f_signed-by_SLH-DSA-SHAKE-128s,173.591,3147.66,258.722,1,0,0,439.689,10,54555.2,54940.9,33652,33649
2,5,95,SLH-DSA-SHA2-128f_signed-by_SLH-DSA-SHAKE-128s,SLH-DSA-SHA2-128f_signed-by_SLH-DSA-SHAKE-128s,174.075,3138.91,258.002,1,0,0,400.667,13,55227.1,54510.8,33652,33649
2,2,89,SLH-DSA-SHA2-128f_signed-by_SLH-DSA-SHAKE-128s,SLH-DSA-SHA2-128f_signed-by_SLH-DSA-SHAKE-128s,175.046,3121.5,326.038,0.78125,34,0.53125,374.438,24,54542,54376,33652,33649
2,6,95,SLH-DSA-SHA2-128f_signed-by_SLH-DSA-SHAKE-128s,SLH-DSA-SHA2-128f_signed-by_SLH-DSA-SHAKE-128s,171.443,3187.1,298.174,1,23,0.469388,451.878,17,54611.3,54882,33652,33649
2,4,83,SLH-DSA-SHA2-128f_signed-by_SLH-DSA-SHAKE-128s,SLH-DSA-SHA2-128f_signed-by_SLH-DSA-SHAKE-128s,171.088,3193.71,300.289,0.78,23,0.46,417.36,24,54715.4,54571.7,33652,33649
2,8,96,SLH-DSA-SHA2-128f_signed-by_SLH-DSA-SHAKE-128s,SLH-DSA-SHA2-128f_signed-by_SLH-DSA-SHAKE-128s,173.048,3157.54,293.929,0.583333,23,0.479167,419.333,17,54505.6,54410.8,33652,33649
2,1,77,SLH-DSA-SHA2-128f_signed-by_SLH-DSA-SHAKE-128s,SLH-DSA-SHA2-128f_signed-by_SLH-DSA-SHAKE-128s,171.709,3182.16,261.558,0.377778,0,0,400.667,24,54797.6,54624.6,33652,33649
2,3,96,SLH-DSA-SHA2-128f_signed-by_SLH-DSA-SHAKE-128s,SLH-DSA-SHA2-128f_signed-by_SLH-DSA-SHAKE-128s,170.894,3197.33,264.303,0.73913,0,0,392.783,24,54670.5,54504.2,33652,33649
2,7,96,SLH-DSA-SHA2-128f_signed-by_SLH-DSA-SHAKE-128s,SLH-DSA-SHA2-128f_signed-by_SLH-DSA-SHAKE-128s,170.168,3210.97,263.926,0.755556,0,0,439.689,10,54653,54770.3,33652,33649
2,5,96,SLH-DSA-SHA2-128f_signed-by_SLH-DSA-SHAKE-128s,SLH-DSA-SHA2-128f_signed-by_SLH-DSA-SHAKE-128s,169.515,3223.34,334.034,0.548387,33,0.532258,356.968,13,54720.7,54463.9,33652,33649
2,2,90,SLH-DSA-SHA2-128f_signed-by_SLH-DSA-SHAKE-128s,SLH-DSA-SHA2-128f_signed-by_SLH-DSA-SHAKE-128s,171.937,3177.94,262.699,0.73913,0,0,487.913,24,55445.6,54435.1,33652,33649
2,4,84,SLH-DSA-SHA2-128f_signed-by_SLH-DSA-SHAKE-128s,SLH-DSA-SHA2-128f_signed-by_SLH-DSA-SHAKE-128s,168.993,3233.3,265.761,0.755556,0,0,400.756,24,54609.1,54789.7,33652,33649
2,6,96,SLH-DSA-SHA2-128f_signed-by_SLH-DSA-SHAKE-128s,SLH-DSA-SHA2-128f_signed-by_SLH-DSA-SHAKE-128s,181.237,3014.87,269.79,0.653846,12,0.230769,881.077,17,54430,54439.2,33652,33649
2,8,97,SLH-DSA-SHA2-128f_signed-by_SLH-DSA-SHAKE-128s,SLH-DSA-SHA2-128f_signed-by_SLH-DSA-SHAKE-128s,176.412,3097.33,256.037,0.73913,0,0,392.783,17,54478.4,54500.9,33652,33649
2,1,78,SLH-DSA-SHA2-128f_signed-by_SLH-DSA-SHAKE-128s,SLH-DSA-SHA2-128f_signed-by_SLH-DSA-SHAKE-128s,174.921,3123.74,307.247,0.586207,23,0.396552,343.448,24,54543.3,54648.4,33652,33649
2,3,97,SLH-DSA-SHA2-128f_signed-by_SLH-DSA-SHAKE-128s,SLH-DSA-SHA2-128f_signed-by_SLH-DSA-SHAKE-128s,172.125,3174.48,260.927,0.133333,0,0,400.667,24,54440.1,54596.7,33652,33649
2,7,97,SLH-DSA-SHA2-128f_signed-by_SLH-DSA-SHAKE-128s,SLH-DSA-SHA2-128f_signed-by_SLH-DSA-SHAKE-128s,172.301,3171.24,260.66,0.133333,0,0,439.689,11,54625.8,54696,33652,33649
2,5,97,SLH-DSA-SHA2-128f_signed-by_SLH-DSA-SHAKE-128s,SLH-DSA-SHA2-128f_signed-by_SLH-DSA-SHAKE-128s,172.082,3175.28,260.992,0.133333,0,0,400.667,13,54638.9,54493.9,33652,33649
2,2,91,SLH-DSA-SHA2-128f_signed-by_SLH-DSA-SHAKE-128s,SLH-DSA-SHA2-128f_signed-by_SLH-DSA-SHAKE-128s,166.736,3277.07,269.359,0.133333,0,0,439.689,24,54862.7,54452.7,33652,33649
2,4,85,SLH-DSA-SHA2-128f_signed-by_SLH-DSA-SHAKE-128s,SLH-DSA-SHA2-128f_signed-by_SLH-DSA-SHAKE-128s,164.676,3318.06,301.682,0.528302,13,0.245283,328.264,24,55018.3,54858.1,33652,33649
2,6,97,SLH-DSA-SHA2-128f_signed-by_SLH-DSA-SHAKE-128s,SLH-DSA-SHA2-128f_signed-by_SLH-DSA-SHAKE-128s,166.943,3273,269.025,0.622222,0,0,400.667,17,54579.5,54429.5,33652,33649
2,8,98,SLH-DSA-SHA2-128f_signed-by_SLH-DSA-SHAKE-128s,SLH-DSA-SHA2-128f_signed-by_SLH-DSA-SHAKE-128s,163.563,3340.65,276.15,0.608696,0,0,361.478,16,54352.4,54750.9,33652,33649
2,1,79,SLH-DSA-SHA2-128f_signed-by_SLH-DSA-SHAKE-128s,SLH-DSA-SHA2-128f_signed-by_SLH-DSA-SHAKE-128s,167.41,3263.88,268.274,0.622222,0,0,400.667,24,55037.7,54523.2,33652,33649
2,3,98,SLH-DSA-SHA2-128f_signed-by_SLH-DSA-SHAKE-128s,SLH-DSA-SHA2-128f_signed-by_SLH-DSA-SHAKE-128s,170.296,3208.56,263.728,0.711111,0,0,400.667,24,54389,54561.5,33652,33649
2,7,98,SLH-DSA-SHA2-128f_signed-by_SLH-DSA-SHAKE-128s,SLH-DSA-SHA2-128f_signed-by_SLH-DSA-SHAKE-128s,169.598,3221.77,264.813,0.711111,0,0,476.133,11,54433.4,54549.9,33652,33649
2,5,98,SLH-DSA-SHA2-128f_signed-by_SLH-DSA-SHAKE-128s,SLH-DSA-SHA2-128f_signed-by_SLH-DSA-SHAKE-128s,169.404,3225.46,265.116,0.711111,0,0,400.667,12,54591.1,54382.6,33652,33649
2,2,92,SLH-DSA-SHA2-128f_signed-by_SLH-DSA-SHAKE-128s,SLH-DSA-SHA2-128f_signed-by_SLH-DSA-SHAKE-128s,170.694,3201.08,316.073,1,45,0.918367,531.061,24,54834.6,54886.1,33652,33649
2,6,98,SLH-DSA-SHA2-128f_signed-by_SLH-DSA-SHAKE-128s,SLH-DSA-SHA2-128f_signed-by_SLH-DSA-SHAKE-128s,168.001,3252.4,311.33,1,21,0.375,383,17,54383.4,54856.8,33652,33649
2,4,86,SLH-DSA-SHA2-128f_signed-by_SLH-DSA-SHAKE-128s,SLH-DSA-SHA2-128f_signed-by_SLH-DSA-SHAKE-128s,177.987,3069.93,293.864,1,21,0.375,353.714,24,55218,54938.5,33652,33649
2,8,99,SLH-DSA-SHA2-128f_signed-by_SLH-DSA-SHAKE-128s,SLH-DSA-SHA2-128f_signed-by_SLH-DSA-SHAKE-128s,172.08,3175.3,260.994,1,0,0,400.667,16,54420.1,55206.5,33652,33649
2,1,80,SLH-DSA-SHA2-128f_signed-by_SLH-DSA-SHAKE-128s,SLH-DSA-SHA2-128f_signed-by_SLH-DSA-SHAKE-128s,169.086,3231.52,265.615,1,0,0,400.667,24,54463.6,54478.9,33652,33649
2,5,99,SLH-DSA-SHA2-128f_signed-by_SLH-DSA-SHAKE-128s,SLH-DSA-SHA2-128f_signed-by_SLH-DSA-SHAKE-128s,186.642,2927.56,323.527,1,114,2.11111,595.259,12,54687.5,54471.8,33652,33649
2,3,99,SLH-DSA-SHA2-128f_signed-by_SLH-DSA-SHAKE-128s,SLH-DSA-SHA2-128f_signed-by_SLH-DSA-SHAKE-128s,202.344,2700.38,259.438,1,22,0.385965,532.737,24,54474.5,54431.1,33652,33649
2,7,99,SLH-DSA-SHA2-128f_signed-by_SLH-DSA-SHAKE-128s,SLH-DSA-SHA2-128f_signed-by_SLH-DSA-SHAKE-128s,199.426,2739.89,284.896,1,33,0.52381,350,12,54385.4,54840.1,33652,33649
2,2,93,SLH-DSA-SHA2-128f_signed-by_SLH-DSA-SHAKE-128s,SLH-DSA-SHA2-128f_signed-by_SLH-DSA-SHAKE-128s,195.659,2792.64,292.017,1,33,0.515625,381.438,24,54582.5,54509.4,33652,33649
2,4,87,SLH-DSA-SHA2-128f_signed-by_SLH-DSA-SHAKE-128s,SLH-DSA-SHA2-128f_signed-by_SLH-DSA-SHAKE-128s,188.102,2904.84,274.658,1,72,1.38462,453.077,24,54542.6,54549.1,33652,33649
2,6,99,SLH-DSA-SHA2-128f_signed-by_SLH-DSA-SHAKE-128s,SLH-DSA-SHA2-128f_signed-by_SLH-DSA-SHAKE-128s,197.332,2768.96,303.487,1,62,1.10714,429.857,16,54373.8,54615.4,33652,33649
2,1,81,SLH-DSA-SHA2-128f_signed-by_SLH-DSA-SHAKE-128s,SLH-DSA-SHA2-128f_signed-by_SLH-DSA-SHAKE-128s,187.205,2918.76,364.604,1,74,1.34545,624.4,24,54830.5,54585.9,33652,33649
2,2,94,SLH-DSA-SHA2-128f_signed-by_SLH-DSA-SHAKE-128s,SLH-DSA-SHA2-128f_signed-by_SLH-DSA-SHAKE-128s,167.305,3265.93,268.443,0.244444,0,0,439.689,24,54529.8,54526.2,33652,33649
2,4,88,SLH-DSA-SHA2-128f_signed-by_SLH-DSA-SHAKE-128s,SLH-DSA-SHA2-128f_signed-by_SLH-DSA-SHAKE-128s,168.01,3252.22,268.84,0.23913,0,0,392.783,24,54736,54458.9,33652,33649
2,1,82,SLH-DSA-SHA2-128f_signed-by_SLH-DSA-SHAKE-128s,SLH-DSA-SHA2-128f_signed-by_SLH-DSA-SHAKE-128s,170.378,3207.02,298.535,0.229167,23,0.479167,419.333,24,54981.9,54470.3,33652,33649
2,2,95,SLH-DSA-SHA2-128f_signed-by_SLH-DSA-SHAKE-128s,SLH-DSA-SHA2-128f_signed-by_SLH-DSA-SHAKE-128s,163.259,3346.87,276.664,0,0,0,396.348,24,54717.9,54512.4,33652,33649
2,4,89,SLH-DSA-SHA2-128f_signed-by_SLH-DSA-SHAKE-128s,SLH-DSA-SHA2-128f_signed-by_SLH-DSA-SHAKE-128s,163,3352.19,277.104,0,0,0,361.478,24,54910.1,54467.4,33652,33649
2,1,83,SLH-DSA-SHA2-128f_signed-by_SLH-DSA-SHAKE-128s,SLH-DSA-SHA2-128f_signed-by_SLH-DSA-SHAKE-128s,163.142,3349.28,276.863,0,0,0,361.478,24,54573.7,54402,33652,33649
2,2,96,SLH-DSA-SHA2-128f_signed-by_SLH-DSA-SHAKE-128s,SLH-DSA-SHA2-128f_signed-by_SLH-DSA-SHAKE-128s,164.76,3316.38,274.144,0,0,0,409.391,24,54609.8,55764.9,33652,33649
2,4,90,SLH-DSA-SHA2-128f_signed-by_SLH-DSA-SHAKE-128s,SLH-DSA-SHA2-128f_signed-by_SLH-DSA-SHAKE-128s,162.888,3354.5,275.723,0,0,0,400.756,24,54781.5,54639,33652,33649
2,1,84,SLH-DSA-SHA2-128f_signed-by_SLH-DSA-SHAKE-128s,SLH-DSA-SHA2-128f_signed-by_SLH-DSA-SHAKE-128s,162.683,3358.72,277.644,0,0,0,361.478,24,54397.6,54476,33652,33649
2,2,97,SLH-DSA-SHA2-128f_signed-by_SLH-DSA-SHAKE-128s,SLH-DSA-SHA2-128f_signed-by_SLH-DSA-SHAKE-128s,163.209,3347.89,276.748,0,0,0,396.348,24,54470.8,54649.1,33652,33649
2,4,91,SLH-DSA-SHA2-128f_signed-by_SLH-DSA-SHAKE-128s,SLH-DSA-SHA2-128f_signed-by_SLH-DSA-SHAKE-128s,164.84,3314.77,272.457,0,0,0,400.667,24,54714.4,54566.5,33652,33649
2,1,85,SLH-DSA-SHA2-128f_signed-by_SLH-DSA-SHAKE-128s,SLH-DSA-SHA2-128f_signed-by_SLH-DSA-SHAKE-128s,163.28,3346.44,276.628,0.0217391,0,0,361.478,24,54716.3,54472.9,33652,33649
2,2,98,SLH-DSA-SHA2-128f_signed-by_SLH-DSA-SHAKE-128s,SLH-DSA-SHA2-128f_signed-by_SLH-DSA-SHAKE-128s,163.766,3336.51,280.204,0.0212766,1,0.0212766,389.149,24,54761,55151.3,33652,33649
2,4,92,SLH-DSA-SHA2-128f_signed-by_SLH-DSA-SHAKE-128s,SLH-DSA-SHA2-128f_signed-by_SLH-DSA-SHAKE-128s,165.191,3307.73,274.978,0.0212766,0,0,354.596,24,54525.2,54552.5,33652,33649
2,1,86,SLH-DSA-SHA2-128f_signed-by_SLH-DSA-SHAKE-128s,SLH-DSA-SHA2-128f_signed-by_SLH-DSA-SHAKE-128s,163.639,3339.1,276.022,0,0,0,361.478,24,54333.8,54801,33652,33649
2,2,99,SLH-DSA-SHA2-128f_signed-by_SLH-DSA-SHAKE-128s,SLH-DSA-SHA2-128f_signed-by_SLH-DSA-SHAKE-128s,163.754,3336.75,275.827,0,0,0,396.348,24,54634.8,54901.8,33652,33649
2,4,93,SLH-DSA-SHA2-128f_signed-by_SLH-DSA-SHAKE-128s,SLH-DSA-SHA2-128f_signed-by_SLH-DSA-SHAKE-128s,163.206,3347.95,276.754,0,0,0,361.478,24,55301.8,54544,33652,33649
2,1,87,SLH-DSA-SHA2-128f_signed-by_SLH-DSA-SHAKE-128s,SLH-DSA-SHA2-128f_signed-by_SLH-DSA-SHAKE-128s,164.48,3322.02,274.61,0,0,0,372.957,24,54530.1,54561.2,33652,33649
2,4,94,SLH-DSA-SHA2-128f_signed-by_SLH-DSA-SHAKE-128s,SLH-DSA-SHA2-128f_signed-by_SLH-DSA-SHAKE-128s,162.856,3355.16,277.349,0,0,0,361.478,24,54777.6,54626.8,33652,33649
2,1,88,SLH-DSA-SHA2-128f_signed-by_SLH-DSA-SHAKE-128s,SLH-DSA-SHA2-128f_signed-by_SLH-DSA-SHAKE-128s,162.168,3369.38,276.946,0,0,0,400.667,24,54450.8,54457.4,33652,33649
2,4,95,SLH-DSA-SHA2-128f_signed-by_SLH-DSA-SHAKE-128s,SLH-DSA-SHA2-128f_signed-by_SLH-DSA-SHAKE-128s,163.311,3345.81,276.576,0,0,0,361.478,24,54825.6,54970.6,33652,33649
2,1,89,SLH-DSA-SHA2-128f_signed-by_SLH-DSA-SHAKE-128s,SLH-DSA-SHA2-128f_signed-by_SLH-DSA-SHAKE-128s,162.858,3355.11,277.345,0,0,0,361.478,24,54383.1,54483.7,33652,33649
2,4,96,SLH-DSA-SHA2-128f_signed-by_SLH-DSA-SHAKE-128s,SLH-DSA-SHA2-128f_signed-by_SLH-DSA-SHAKE-128s,163.956,3332.64,275.488,0,0,0,361.565,24,54413.1,55370.5,33652,33649
2,1,90,SLH-DSA-SHA2-128f_signed-by_SLH-DSA-SHAKE-128s,SLH-DSA-SHA2-128f_signed-by_SLH-DSA-SHAKE-128s,162.54,3361.68,277.888,0,0,0,361.478,24,54509.6,54450.8,33652,33649
2,4,97,SLH-DSA-SHA2-128f_signed-by_SLH-DSA-SHAKE-128s,SLH-DSA-SHA2-128f_signed-by_SLH-DSA-SHAKE-128s,163.83,3335.2,275.699,0,0,0,361.478,24,54572.5,55365.5,33652,33649
2,1,91,SLH-DSA-SHA2-128f_signed-by_SLH-DSA-SHAKE-128s,SLH-DSA-SHA2-128f_signed-by_SLH-DSA-SHAKE-128s,162.299,3366.66,276.723,0,0,0,400.667,24,54648.4,54464.6,33652,33649
2,4,98,SLH-DSA-SHA2-128f_signed-by_SLH-DSA-SHAKE-128s,SLH-DSA-SHA2-128f_signed-by_SLH-DSA-SHAKE-128s,163.704,3337.77,275.912,0,0,0,361.478,24,54368.2,55154.3,33652,33649
2,1,92,SLH-DSA-SHA2-128f_signed-by_SLH-DSA-SHAKE-128s,SLH-DSA-SHA2-128f_signed-by_SLH-DSA-SHAKE-128s,164.618,3319.24,274.38,0,0,0,378.87,24,54454.8,54679.8,33652,33649
2,4,99,SLH-DSA-SHA2-128f_signed-by_SLH-DSA-SHAKE-128s,SLH-DSA-SHA2-128f_signed-by_SLH-DSA-SHAKE-128s,163.862,3334.55,275.645,0,0,0,361.478,24,54393.8,55322.6,33652,33649
2,1,93,SLH-DSA-SHA2-128f_signed-by_SLH-DSA-SHAKE-128s,SLH-DSA-SHA2-128f_signed-by_SLH-DSA-SHAKE-128s,162.519,3362.1,276.348,0,0,0,400.667,24,54465,54493.6,33652,33649
2,1,94,SLH-DSA-SHA2-128f_signed-by_SLH-DSA-SHAKE-128s,SLH-DSA-SHA2-128f_signed-by_SLH-DSA-SHAKE-128s,163.387,3344.24,276.447,0,0,0,361.478,24,54327.3,54809.5,33652,33649
2,1,95,SLH-DSA-SHA2-128f_signed-by_SLH-DSA-SHAKE-128s,SLH-DSA-SHA2-128f_signed-by_SLH-DSA-SHAKE-128s,162.483,3362.86,276.41,0,0,0,400.667,24,54493.8,54504.5,33652,33649
2,1,96,SLH-DSA-SHA2-128f_signed-by_SLH-DSA-SHAKE-128s,SLH-DSA-SHA2-128f_signed-by_SLH-DSA-SHAKE-128s,163.482,3342.3,276.286,0,0,0,361.478,24,54725.8,55455,33652,33649
2,1,97,SLH-DSA-SHA2-128f_signed-by_SLH-DSA-SHAKE-128s,SLH-DSA-SHA2-128f_signed-by_SLH-DSA-SHAKE-128s,163.057,3351.02,277.007,0,0,0,361.478,24,54694.4,54596.3,33652,33649
2,1,98,SLH-DSA-SHA2-128f_signed-by_SLH-DSA-SHAKE-128s,SLH-DSA-SHA2-128f_signed-by_SLH-DSA-SHAKE-128s,164.102,3329.69,275.243,0,0,0,371.043,24,54655.8,55339.7,33652,33649
2,1,99,SLH-DSA-SHA2-128f_signed-by_SLH-DSA-SHAKE-128s,SLH-DSA-SHA2-128f_signed-by_SLH-DSA-SHAKE-128s,162.817,3355.95,277.414,0,0,0,361.478,24,54600.8,54404,33652,33649
