scenario,node_id,handshake_index,sta_cert_algo,ap_cert_algo,handshake_delay_ms,goodput_kbps,throughput_kbps,phy_frame_drop_rate,mac_retries,mac_retry_rate,tx_delay_us,prop_delay_ns,cert_verify_ap_us,cert_verify_sta_us,server_cert_msg_bytes,client_cert_msg_bytes
2,8,0,SLH-DSA-SHA2-192f_signed-by_SLH-DSA-SHAKE-192f,SLH-DSA-SHA2-192f_signed-by_SLH-DSA-SHAKE-192f,297.709,5824.44,302.254,1,10,0.0793651,338.667,15,92244.1,92070.6,107876,107873
2,1,0,SLH-DSA-SHA2-192f_signed-by_SLH-DSA-SHAKE-192f,SLH-DSA-SHA2-192f_signed-by_SLH-DSA-SHAKE-192f,413.862,4189.78,268.457,1,82,0.503067,339.202,24,92491.1,92039.2,107876,107873
2,5,0,SLH-DSA-SHA2-192f_signed-by_SLH-DSA-SHAKE-192f,SLH-DSA-SHA2-192f_signed-by_SLH-DSA-SHAKE-192f,431.442,4019.06,285.999,1,109,0.615819,1075.15,15,92330,92271.1,107876,107873
2,6,0,SLH-DSA-SHA2-192f_signed-by_SLH-DSA-SHAKE-192f,SLH-DSA-SHA2-192f_signed-by_SLH-DSA-SHAKE-192f,437.718,3961.43,225.862,1,47,0.324138,317.834,9,92134.5,92127.6,107876,107873
2,7,0,SLH-DSA-SHA2-192f_signed-by_SLH-DSA-SHAKE-192f,SLH-DSA-SHA2-192f_signed-by_SLH-DSA-SHAKE-192f,438.263,3956.51,188.088,1,0,0,358.197,16,92091.7,92600.6,107876,107873
2,3,0,SLH-DSA-SHA2-192f_signed-by_SLH-DSA-SHAKE-192f,SLH-DSA-SHA2-192f_signed-by_SLH-DSA-SHAKE-192f,447.594,3874.02,234.641,1,52,0.348993,266.43,24,92160.3,92847.8,107876,107873
2,2,0,SLH-DSA-SHA2-192f_signed-by_SLH-DSA-SHAKE-192f,SLH-DSA-SHA2-192f_signed-by_SLH-DSA-SHAKE-192f,451.421,3841.18,311.088,1,163,0.802956,802.414,24,92692.2,92203.2,107876,107873
2,8,1,SLH-DSA-SHA2-192f_signed-by_SLH-DSA-SHAKE-192f,SLH-DSA-SHA2-192f_signed-by_SLH-DSA-SHAKE-192f,280.189,6188.63,402.013,0.661417,0,0,357.433,15,92246.7,91937.1,107876,107873
2,2,1,SLH-DSA-SHA2-192f_signed-by_SLH-DSA-SHAKE-192f,SLH-DSA-SHA2-192f_signed-by_SLH-DSA-SHAKE-192f,439.238,3947.72,284.383,1,93,0.72093,1214.59,24,93858.1,92408.1,107876,107873
2,3,1,SLH-DSA-SHA2-192f_signed-by_SLH-DSA-SHAKE-192f,SLH-DSA-SHA2-192f_signed-by_SLH-DSA-SHAKE-192f,449.452,3858.01,398.743,1,193,0.960199,651.692,24,92571,92073.1,107876,107873
2,5,1,SLH-DSA-SHA2-192f_signed-by_SLH-DSA-SHAKE-192f,SLH-DSA-SHA2-192f_signed-by_SLH-DSA-SHAKE-192f,470.014,3689.23,325.709,1,83,0.605839,976.92,15,91968.1,91906.4,107876,107873
2,7,1,SLH-DSA-SHA2-192f_signed-by_SLH-DSA-SHAKE-192f,SLH-DSA-SHA2-192f_signed-by_SLH-DSA-SHAKE-192f,492.276,3522.39,250.948,1,64,0.484848,700.394,16,92501,93168,107876,107873
2,6,1,SLH-DSA-SHA2-192f_signed-by_SLH-DSA-SHAKE-192f,SLH-DSA-SHA2-192f_signed-by_SLH-DSA-SHAKE-192f,503.86,3441.41,250.641,1,30,0.20979,363.483,9,91978.4,93292.4,107876,107873
2,8,2,SLH-DSA-SHA2-192f_signed-by_SLH-DSA-SHAKE-192f,SLH-DSA-SHA2-192f_signed-by_SLH-DSA-SHAKE-192f,373.994,4636.41,357.824,1,190,1.38686,1220.95,16,92391.9,92148.7,107876,107873
2,3,2,SLH-DSA-SHA2-192f_signed-by_SLH-DSA-SHAKE-192f,SLH-DSA-SHA2-192f_signed-by_SLH-DSA-SHAKE-192f,377.529,4593,308.278,1,13,0.0992366,455.313,24,92484.7,92301.7,107876,107873
2,2,2,SLH-DSA-SHA2-192f_signed-by_SLH-DSA-SHAKE-192f,SLH-DSA-SHA2-192f_signed-by_SLH-DSA-SHAKE-192f,427.862,4052.69,286.522,1,79,0.612403,671.178,24,92137.9,92238.2,107876,107873
2,5,2,SLH-DSA-SHA2-192f_signed-by_SLH-DSA-SHAKE-192f,SLH-DSA-SHA2-192f_signed-by_SLH-DSA-SHAKE-192f,417.605,4152.23,409.19,1,332,1.76596,899.213,15,91944.1,92747.6,107876,107873
2,7,2,SLH-DSA-SHA2-192f_signed-by_SLH-DSA-SHAKE-192f,SLH-DSA-SHA2-192f_signed-by_SLH-DSA-SHAKE-192f,398.975,4346.11,255.294,1,126,1.02439,428.732,17,92343.9,92046.3,107876,107873
2,6,2,SLH-DSA-SHA2-192f_signed-by_SLH-DSA-SHAKE-192f,SLH-DSA-SHA2-192f_signed-by_SLH-DSA-SHAKE-192f,408.154,4248.37,337.362,1,204,1.51111,736.015,10,92126.2,92449.6,107876,107873
2,8,3,SLH-DSA-SHA2-192f_signed-by_SLH-DSA-SHAKE-192f,SLH-DSA-SHA2-192f_signed-by_SLH-DSA-SHAKE-192f,402.246,4310.77,292.676,1,84,0.661417,534.85,17,92053.3,91890.5,107876,107873
2,3,3,SLH-DSA-SHA2-192f_signed-by_SLH-DSA-SHAKE-192f,SLH-DSA-SHA2-192f_signed-by_SLH-DSA-SHAKE-192f,371.383,4669,380.501,1,82,0.491018,381.76,24,92150.3,92002.9,107876,107873
2,2,3,SLH-DSA-SHA2-192f_signed-by_SLH-DSA-SHAKE-192f,SLH-DSA-SHA2-192f_signed-by_SLH-DSA-SHAKE-192f,359.209,4827.24,374.912,1,105,0.75,639.286,24,91999.9,92005.5,107876,107873
2,5,3,SLH-DSA-SHA2-192f_signed-by_SLH-DSA-SHAKE-192f,SLH-DSA-SHA2-192f_signed-by_SLH-DSA-SHAKE-192f,359.692,4820.76,338.778,1,13,0.0984848,692.788,15,92490.3,93843.8,107876,107873
2,6,3,SLH-DSA-SHA2-192f_signed-by_SLH-DSA-SHAKE-192f,SLH-DSA-SHA2-192f_signed-by_SLH-DSA-SHAKE-192f,359.331,4825.6,342.057,1,85,0.658915,508.264,10,92119.7,93826.5,107876,107873
2,8,4,SLH-DSA-SHA2-192f_signed-by_SLH-DSA-SHAKE-192f,SLH-DSA-SHA2-192f_signed-by_SLH-DSA-SHAKE-192f,355.005,4884.41,315.127,1,0,0,473.839,18,92354.7,95044.2,107876,107873
2,7,3,SLH-DSA-SHA2-192f_signed-by_SLH-DSA-SHAKE-192f,SLH-DSA-SHA2-192f_signed-by_SLH-DSA-SHAKE-192f,485.191,3573.83,273.278,1,139,1.00725,503.188,18,91937.3,92507.1,107876,107873
2,3,4,SLH-DSA-SHA2-192f_signed-by_SLH-DSA-SHAKE-192f,SLH-DSA-SHA2-192f_signed-by_SLH-DSA-SHAKE-192f,367.29,4721.04,389.185,1,87,0.511765,376.141,24,92319.7,92002,107876,107873
2,2,4,SLH-DSA-SHA2-192f_signed-by_SLH-DSA-SHAKE-192f,SLH-DSA-SHA2-192f_signed-by_SLH-DSA-SHAKE-192f,351.289,4936.07,332.717,1,0,0,720.816,24,92631.5,92667.9,107876,107873
2,5,4,SLH-DSA-SHA2-192f_signed-by_SLH-DSA-SHAKE-192f,SLH-DSA-SHA2-192f_signed-by_SLH-DSA-SHAKE-192f,387.343,4476.62,299.93,1,11,0.0833333,501,16,92066.4,91947.3,107876,107873
2,6,4,SLH-DSA-SHA2-192f_signed-by_SLH-DSA-SHAKE-192f,SLH-DSA-SHA2-192f_signed-by_SLH-DSA-SHAKE-192f,387.873,4470.51,344.978,1,78,0.557143,508.114,10,91938.1,93982.4,107876,107873
2,7,4,SLH-DSA-SHA2-192f_signed-by_SLH-DSA-SHAKE-192f,SLH-DSA-SHA2-192f_signed-by_SLH-DSA-SHAKE-192f,309.984,5593.79,406.058,1,44,0.330827,470.15,19,92419.4,91836.3,107876,107873
2,8,5,SLH-DSA-SHA2-192f_signed-by_SLH-DSA-SHAKE-192f,SLH-DSA-SHA2-192f_signed-by_SLH-DSA-SHAKE-192f,421.645,4112.44,426.747,1,231,1.14356,471.109,19,92164.5,92087.5,107876,107873
2,1,1,SLH-DSA-SHA2-192f_signed-by_SLH-DSA-SHAKE-192f,SLH-DSA-SHA2-192f_signed-by_SLH-DSA-SHAKE-192f,1720.78,1007.68,82.0839,1,80,0.444444,264.622,24,92243,92650.4,107876,107873
2,4,0,SLH-DSA-SHA2-192f_signed-by_SLH-DSA-SHAKE-192f,SLH-DSA-SHA2-192f_signed-by_SLH-DSA-SHAKE-192f,2297.25,754.811,35.66,1,0,0,390.967,24,92672.2,92217,107876,107873
2,3,5,SLH-DSA-SHA2-192f_signed-by_SLH-DSA-SHAKE-192f,SLH-DSA-SHA2-192f_signed-by_SLH-DSA-SHAKE-192f,409.777,4231.54,297.254,1,29,0.207143,367.743,24,92691.2,92470.2,107876,107873
2,2,5,SLH-DSA-SHA2-192f_signed-by_SLH-DSA-SHAKE-192f,SLH-DSA-SHA2-192f_signed-by_SLH-DSA-SHAKE-192f,455.512,3806.68,313.001,1,122,0.797386,629.739,24,92040.7,92405.6,107876,107873
2,5,5,SLH-DSA-SHA2-192f_signed-by_SLH-DSA-SHAKE-192f,SLH-DSA-SHA2-192f_signed-by_SLH-DSA-SHAKE-192f,464.492,3733.09,249.149,1,5,0.0384615,426.062,16,92131.8,92049.4,107876,107873
2,7,5,SLH-DSA-SHA2-192f_signed-by_SLH-DSA-SHAKE-192f,SLH-DSA-SHA2-192f_signed-by_SLH-DSA-SHAKE-192f,409.052,4239.05,450.642,1,130,0.844156,2223.51,19,92737.7,92223.7,107876,107873
2,1,2,SLH-DSA-SHA2-192f_signed-by_SLH-DSA-SHAKE-192f,SLH-DSA-SHA2-192f_signed-by_SLH-DSA-SHAKE-192f,416.011,4168.14,332.414,1,46,0.351145,1071.68,24,92574.3,92505.1,107876,107873
2,8,6,SLH-DSA-SHA2-192f_signed-by_SLH-DSA-SHAKE-192f,SLH-DSA-SHA2-192f_signed-by_SLH-DSA-SHAKE-192f,425.587,4074.35,295.949,1,41,0.286713,454.252,18,92302.8,92531,107876,107873
2,6,5,SLH-DSA-SHA2-192f_signed-by_SLH-DSA-SHAKE-192f,SLH-DSA-SHA2-192f_signed-by_SLH-DSA-SHAKE-192f,466.474,3717.23,241.471,1,0,0,394.787,10,92032.2,91994.6,107876,107873
2,4,1,SLH-DSA-SHA2-192f_signed-by_SLH-DSA-SHAKE-192f,SLH-DSA-SHA2-192f_signed-by_SLH-DSA-SHAKE-192f,315.541,5495.29,404.182,1,148,1.13846,682.462,24,91984,92127.7,107876,107873
2,3,6,SLH-DSA-SHA2-192f_signed-by_SLH-DSA-SHAKE-192f,SLH-DSA-SHA2-192f_signed-by_SLH-DSA-SHAKE-192f,288.994,6000.09,387.994,1,0,0,459.472,24,92142.7,91967.5,107876,107873
2,2,6,SLH-DSA-SHA2-192f_signed-by_SLH-DSA-SHAKE-192f,SLH-DSA-SHA2-192f_signed-by_SLH-DSA-SHAKE-192f,515.232,3365.46,254.767,1,39,0.265306,518.109,24,92425.4,91830.5,107876,107873
2,6,6,SLH-DSA-SHA2-192f_signed-by_SLH-DSA-SHAKE-192f,SLH-DSA-SHA2-192f_signed-by_SLH-DSA-SHAKE-192f,446.243,3885.75,299.782,1,109,0.801471,1323.68,9,92044.5,92107.7,107876,107873
2,8,7,SLH-DSA-SHA2-192f_signed-by_SLH-DSA-SHAKE-192f,SLH-DSA-SHA2-192f_signed-by_SLH-DSA-SHAKE-192f,455.656,3805.48,290.043,1,195,1.5,1535.38,17,92226.3,92021.6,107876,107873
2,5,6,SLH-DSA-SHA2-192f_signed-by_SLH-DSA-SHAKE-192f,SLH-DSA-SHA2-192f_signed-by_SLH-DSA-SHAKE-192f,516.673,3356.07,247.801,1,142,1.09231,697.631,16,91951,92263.8,107876,107873
2,7,6,SLH-DSA-SHA2-192f_signed-by_SLH-DSA-SHAKE-192f,SLH-DSA-SHA2-192f_signed-by_SLH-DSA-SHAKE-192f,514.001,3373.51,296.528,1,255,1.68874,478.927,18,92040.4,91868,107876,107873
2,4,2,SLH-DSA-SHA2-192f_signed-by_SLH-DSA-SHAKE-192f,SLH-DSA-SHA2-192f_signed-by_SLH-DSA-SHAKE-192f,439.929,3941.52,276.772,1,176,1.39683,784.73,24,92040.7,92361.3,107876,107873
2,1,3,SLH-DSA-SHA2-192f_signed-by_SLH-DSA-SHAKE-192f,SLH-DSA-SHA2-192f_signed-by_SLH-DSA-SHAKE-192f,502.913,3447.89,254.517,1,166,1.27692,898.462,24,92621.8,92287.2,107876,107873
2,3,7,SLH-DSA-SHA2-192f_signed-by_SLH-DSA-SHAKE-192f,SLH-DSA-SHA2-192f_signed-by_SLH-DSA-SHAKE-192f,366.613,4729.76,316.715,1,0,0,1029.57,24,92268.8,91970.2,107876,107873
2,2,7,SLH-DSA-SHA2-192f_signed-by_SLH-DSA-SHAKE-192f,SLH-DSA-SHA2-192f_signed-by_SLH-DSA-SHAKE-192f,511.561,3389.61,269.074,1,147,0.98,508.96,24,92395.3,92590.2,107876,107873
2,5,7,SLH-DSA-SHA2-192f_signed-by_SLH-DSA-SHAKE-192f,SLH-DSA-SHA2-192f_signed-by_SLH-DSA-SHAKE-192f,479.29,3617.83,338.267,1,164,0.867725,677.492,17,92246.9,91996.4,107876,107873
2,6,7,SLH-DSA-SHA2-192f_signed-by_SLH-DSA-SHAKE-192f,SLH-DSA-SHA2-192f_signed-by_SLH-DSA-SHAKE-192f,544.477,3184.69,241.788,1,71,0.541985,507.954,9,91898.5,91989.6,107876,107873
2,8,8,SLH-DSA-SHA2-192f_signed-by_SLH-DSA-SHAKE-192f,SLH-DSA-SHA2-192f_signed-by_SLH-DSA-SHAKE-192f,544.327,3185.57,206.464,1,0,0,397.524,16,92173.4,92310,107876,107873
2,3,8,SLH-DSA-SHA2-192f_signed-by_SLH-DSA-SHAKE-192f,SLH-DSA-SHA2-192f_signed-by_SLH-DSA-SHAKE-192f,478.326,3625.12,317.239,1,313,1.88554,707.687,24,92194.8,92049.3,107876,107873
2,4,3,SLH-DSA-SHA2-192f_signed-by_SLH-DSA-SHAKE-192f,SLH-DSA-SHA2-192f_signed-by_SLH-DSA-SHAKE-192f,505.59,3429.64,325.987,1,423,2.36313,1150.89,24,92379,91865.2,107876,107873
2,7,7,SLH-DSA-SHA2-192f_signed-by_SLH-DSA-SHAKE-192f,SLH-DSA-SHA2-192f_signed-by_SLH-DSA-SHAKE-192f,510.629,3395.79,326.875,1,209,1.1676,619.117,17,92148,92016.8,107876,107873
2,1,4,SLH-DSA-SHA2-192f_signed-by_SLH-DSA-SHAKE-192f,SLH-DSA-SHA2-192f_signed-by_SLH-DSA-SHAKE-192f,508.381,3410.81,241.016,1,80,0.620155,740.481,24,91918.1,92279.1,107876,107873
2,8,9,SLH-DSA-SHA2-192f_signed-by_SLH-DSA-SHAKE-192f,SLH-DSA-SHA2-192f_signed-by_SLH-DSA-SHAKE-192f,427.984,4051.53,280.72,1,45,0.36,729.072,16,92282.1,91997.2,107876,107873
2,3,9,SLH-DSA-SHA2-192f_signed-by_SLH-DSA-SHAKE-192f,SLH-DSA-SHA2-192f_signed-by_SLH-DSA-SHAKE-192f,429.824,4034.18,306.804,1,124,0.849315,631.397,24,92295,92254.2,107876,107873
2,1,5,SLH-DSA-SHA2-192f_signed-by_SLH-DSA-SHAKE-192f,SLH-DSA-SHA2-192f_signed-by_SLH-DSA-SHAKE-192f,475.089,3649.82,342.975,1,155,0.933735,1098.02,24,91934.7,91929,107876,107873
2,7,8,SLH-DSA-SHA2-192f_signed-by_SLH-DSA-SHAKE-192f,SLH-DSA-SHA2-192f_signed-by_SLH-DSA-SHAKE-192f,481.784,3599.1,313.435,1,219,1.30357,548.452,18,92058.9,92289,107876,107873
2,5,8,SLH-DSA-SHA2-192f_signed-by_SLH-DSA-SHAKE-192f,SLH-DSA-SHA2-192f_signed-by_SLH-DSA-SHAKE-192f,514.764,3368.52,256.273,1,40,0.27027,468.946,16,92586.2,92493.5,107876,107873
2,6,8,SLH-DSA-SHA2-192f_signed-by_SLH-DSA-SHAKE-192f,SLH-DSA-SHA2-192f_signed-by_SLH-DSA-SHAKE-192f,499.565,3471,264.614,1,66,0.44898,427.034,9,92364.4,91875.9,107876,107873
2,4,4,SLH-DSA-SHA2-192f_signed-by_SLH-DSA-SHAKE-192f,SLH-DSA-SHA2-192f_signed-by_SLH-DSA-SHAKE-192f,496.09,3495.31,243.73,1,45,0.351562,477.781,24,92144.4,91960.6,107876,107873
2,2,8,SLH-DSA-SHA2-192f_signed-by_SLH-DSA-SHAKE-192f,SLH-DSA-SHA2-192f_signed-by_SLH-DSA-SHAKE-192f,544.153,3186.59,232.493,1,43,0.290541,455.297,24,92325.8,91866.3,107876,107873
2,8,10,SLH-DSA-SHA2-192f_signed-by_SLH-DSA-SHAKE-192f,SLH-DSA-SHA2-192f_signed-by_SLH-DSA-SHAKE-192f,476.626,3638.05,234.716,1,0,0,417.516,17,92488.7,91765.9,107876,107873
2,3,10,SLH-DSA-SHA2-192f_signed-by_SLH-DSA-SHAKE-192f,SLH-DSA-SHA2-192f_signed-by_SLH-DSA-SHAKE-192f,519.785,3335.97,296.584,1,184,1.01657,397.227,24,92103.7,92203,107876,107873
2,6,9,SLH-DSA-SHA2-192f_signed-by_SLH-DSA-SHAKE-192f,SLH-DSA-SHA2-192f_signed-by_SLH-DSA-SHAKE-192f,467.252,3711.04,238.33,1,0,0,880.525,9,92118.6,91889.5,107876,107873
2,5,9,SLH-DSA-SHA2-192f_signed-by_SLH-DSA-SHAKE-192f,SLH-DSA-SHA2-192f_signed-by_SLH-DSA-SHAKE-192f,480.209,3610.91,292.939,1,83,0.588652,769.773,15,91840,91907.3,107876,107873
2,2,9,SLH-DSA-SHA2-192f_signed-by_SLH-DSA-SHAKE-192f,SLH-DSA-SHA2-192f_signed-by_SLH-DSA-SHAKE-192f,471.05,3681.11,304.205,1,63,0.403846,1091.59,24,93805.6,92329.5,107876,107873
2,1,6,SLH-DSA-SHA2-192f_signed-by_SLH-DSA-SHAKE-192f,SLH-DSA-SHA2-192f_signed-by_SLH-DSA-SHAKE-192f,490.555,3534.75,238.782,1,0,0,632.19,24,92206.1,91906.1,107876,107873
2,4,5,SLH-DSA-SHA2-192f_signed-by_SLH-DSA-SHAKE-192f,SLH-DSA-SHA2-192f_signed-by_SLH-DSA-SHAKE-192f,474.359,3655.44,236.378,1,0,0,496.016,24,92145.5,91947.7,107876,107873
2,7,9,SLH-DSA-SHA2-192f_signed-by_SLH-DSA-SHAKE-192f,SLH-DSA-SHA2-192f_signed-by_SLH-DSA-SHAKE-192f,489.442,3542.79,239.423,1,129,1.01575,439.071,19,92432.3,91908.6,107876,107873
2,7,10,SLH-DSA-SHA2-192f_signed-by_SLH-DSA-SHAKE-192f,SLH-DSA-SHA2-192f_signed-by_SLH-DSA-SHAKE-192f,427.749,4053.76,259.741,1,0,0,638.331,20,92003.3,92847.4,107876,107873
2,5,10,SLH-DSA-SHA2-192f_signed-by_SLH-DSA-SHAKE-192f,SLH-DSA-SHA2-192f_signed-by_SLH-DSA-SHAKE-192f,452.619,3831.01,265.583,1,19,0.152,579.376,14,92579,91882.8,107876,107873
2,1,7,SLH-DSA-SHA2-192f_signed-by_SLH-DSA-SHAKE-192f,SLH-DSA-SHA2-192f_signed-by_SLH-DSA-SHAKE-192f,458.047,3785.62,275.36,1,0,0,1003.32,24,92317.4,92069.2,107876,107873
2,4,6,SLH-DSA-SHA2-192f_signed-by_SLH-DSA-SHAKE-192f,SLH-DSA-SHA2-192f_signed-by_SLH-DSA-SHAKE-192f,463.792,3738.72,239.555,1,0,0,631.157,24,92102.8,92017,107876,107873
2,2,10,SLH-DSA-SHA2-192f_signed-by_SLH-DSA-SHAKE-192f,SLH-DSA-SHA2-192f_signed-by_SLH-DSA-SHAKE-192f,472.348,3671,341.138,1,249,1.43103,1351.7,24,92234,92090.6,107876,107873
2,8,11,SLH-DSA-SHA2-192f_signed-by_SLH-DSA-SHAKE-192f,SLH-DSA-SHA2-192f_signed-by_SLH-DSA-SHAKE-192f,542.431,3196.71,283.671,1,119,0.639785,371.935,19,94005.3,92394.9,107876,107873
2,3,11,SLH-DSA-SHA2-192f_signed-by_SLH-DSA-SHAKE-192f,SLH-DSA-SHA2-192f_signed-by_SLH-DSA-SHAKE-192f,497.63,3484.5,261.978,1,52,0.342105,393.632,24,92182.9,91950.1,107876,107873
2,6,10,SLH-DSA-SHA2-192f_signed-by_SLH-DSA-SHAKE-192f,SLH-DSA-SHA2-192f_signed-by_SLH-DSA-SHAKE-192f,484.645,3577.86,249.321,1,14,0.109375,415.344,10,92475.7,92024.1,107876,107873
2,8,12,SLH-DSA-SHA2-192f_signed-by_SLH-DSA-SHAKE-192f,SLH-DSA-SHA2-192f_signed-by_SLH-DSA-SHAKE-192f,455.79,3804.36,376.278,1,300,1.70455,1036.3,20,92062.1,92429.6,107876,107873
2,3,12,SLH-DSA-SHA2-192f_signed-by_SLH-DSA-SHAKE-192f,SLH-DSA-SHA2-192f_signed-by_SLH-DSA-SHAKE-192f,462.066,3752.69,252.397,1,0,0,954.742,24,92399.2,91756.1,107876,107873
2,6,11,SLH-DSA-SHA2-192f_signed-by_SLH-DSA-SHAKE-192f,SLH-DSA-SHA2-192f_signed-by_SLH-DSA-SHAKE-192f,465.332,3726.35,262.144,1,2,0.016,999.216,10,92338.3,91697.6,107876,107873
2,1,8,SLH-DSA-SHA2-192f_signed-by_SLH-DSA-SHAKE-192f,SLH-DSA-SHA2-192f_signed-by_SLH-DSA-SHAKE-192f,486.97,3560.77,283.812,1,59,0.378205,623.385,24,92368.4,91729.3,107876,107873
2,7,11,SLH-DSA-SHA2-192f_signed-by_SLH-DSA-SHAKE-192f,SLH-DSA-SHA2-192f_signed-by_SLH-DSA-SHAKE-192f,519.933,3335.03,215.658,1,0,0,400.4,20,91999,91821.3,107876,107873
2,4,7,SLH-DSA-SHA2-192f_signed-by_SLH-DSA-SHAKE-192f,SLH-DSA-SHA2-192f_signed-by_SLH-DSA-SHAKE-192f,487.015,3560.44,258.817,1,109,0.789855,615.42,24,92124.6,92254.5,107876,107873
2,5,11,SLH-DSA-SHA2-192f_signed-by_SLH-DSA-SHAKE-192f,SLH-DSA-SHA2-192f_signed-by_SLH-DSA-SHAKE-192f,506.212,3425.42,245.241,1,32,0.222222,402.611,14,91965.7,91922.8,107876,107873
2,2,11,SLH-DSA-SHA2-192f_signed-by_SLH-DSA-SHAKE-192f,SLH-DSA-SHA2-192f_signed-by_SLH-DSA-SHAKE-192f,497.207,3487.46,254.349,1,45,0.308219,692.712,24,92445.2,92173.2,107876,107873
2,7,12,SLH-DSA-SHA2-192f_signed-by_SLH-DSA-SHAKE-192f,SLH-DSA-SHA2-192f_signed-by_SLH-DSA-SHAKE-192f,454.876,3812.01,254.698,1,0,0,1764.48,20,92036,91818.7,107876,107873
2,1,9,SLH-DSA-SHA2-192f_signed-by_SLH-DSA-SHAKE-192f,SLH-DSA-SHA2-192f_signed-by_SLH-DSA-SHAKE-192f,503.681,3442.63,220.584,1,0,0,778.397,24,92243.3,91820.7,107876,107873
2,4,8,SLH-DSA-SHA2-192f_signed-by_SLH-DSA-SHAKE-192f,SLH-DSA-SHA2-192f_signed-by_SLH-DSA-SHAKE-192f,497.835,3483.06,233.619,1,129,1.04878,666.39,24,92024.3,91798.3,107876,107873
2,2,12,SLH-DSA-SHA2-192f_signed-by_SLH-DSA-SHAKE-192f,SLH-DSA-SHA2-192f_signed-by_SLH-DSA-SHAKE-192f,487.495,3556.94,338.054,1,195,1.21875,2017,24,92121.7,91640.1,107876,107873
2,3,13,SLH-DSA-SHA2-192f_signed-by_SLH-DSA-SHAKE-192f,SLH-DSA-SHA2-192f_signed-by_SLH-DSA-SHAKE-192f,518.795,3342.34,225.168,1,33,0.264,575.12,24,92100.2,91889.9,107876,107873
2,5,12,SLH-DSA-SHA2-192f_signed-by_SLH-DSA-SHAKE-192f,SLH-DSA-SHA2-192f_signed-by_SLH-DSA-SHAKE-192f,506.032,3426.64,240.237,1,41,0.328,1095.86,13,92355.3,91702.8,107876,107873
2,6,12,SLH-DSA-SHA2-192f_signed-by_SLH-DSA-SHAKE-192f,SLH-DSA-SHA2-192f_signed-by_SLH-DSA-SHAKE-192f,516.73,3355.7,223.745,1,13,0.101562,603.219,11,91995,91627.7,107876,107873
2,8,13,SLH-DSA-SHA2-192f_signed-by_SLH-DSA-SHAKE-192f,SLH-DSA-SHA2-192f_signed-by_SLH-DSA-SHAKE-192f,531.11,3264.84,225.038,1,21,0.154412,382.265,20,92049.2,91750.5,107876,107873
2,8,14,SLH-DSA-SHA2-192f_signed-by_SLH-DSA-SHAKE-192f,SLH-DSA-SHA2-192f_signed-by_SLH-DSA-SHAKE-192f,474.009,3658.14,320.5,1,242,1.62416,1444.9,20,91940.7,92416.6,107876,107873
2,6,13,SLH-DSA-SHA2-192f_signed-by_SLH-DSA-SHAKE-192f,SLH-DSA-SHA2-192f_signed-by_SLH-DSA-SHAKE-192f,480.77,3606.69,241.512,1,32,0.262295,656.525,12,92233.6,91778.9,107876,107873
2,3,14,SLH-DSA-SHA2-192f_signed-by_SLH-DSA-SHAKE-192f,SLH-DSA-SHA2-192f_signed-by_SLH-DSA-SHAKE-192f,492.956,3517.53,254.399,1,45,0.354331,992.11,24,92251.2,92046.4,107876,107873
2,2,13,SLH-DSA-SHA2-192f_signed-by_SLH-DSA-SHAKE-192f,SLH-DSA-SHA2-192f_signed-by_SLH-DSA-SHAKE-192f,494.455,3506.87,247.027,1,164,1.28125,709.688,24,92445.7,91849.1,107876,107873
2,5,13,SLH-DSA-SHA2-192f_signed-by_SLH-DSA-SHAKE-192f,SLH-DSA-SHA2-192f_signed-by_SLH-DSA-SHAKE-192f,496.526,3492.25,268.941,1,69,0.463087,657.195,13,92732.6,91952,107876,107873
2,7,13,SLH-DSA-SHA2-192f_signed-by_SLH-DSA-SHAKE-192f,SLH-DSA-SHA2-192f_signed-by_SLH-DSA-SHAKE-192f,565.826,3064.53,211.91,1,23,0.166667,375.246,20,91951.6,92311.7,107876,107873
2,4,9,SLH-DSA-SHA2-192f_signed-by_SLH-DSA-SHAKE-192f,SLH-DSA-SHA2-192f_signed-by_SLH-DSA-SHAKE-192f,521.281,3326.4,304.235,1,209,1.16111,454.778,24,92184.8,91790.7,107876,107873
2,1,10,SLH-DSA-SHA2-192f_signed-by_SLH-DSA-SHAKE-192f,SLH-DSA-SHA2-192f_signed-by_SLH-DSA-SHAKE-192f,525.278,3301.09,294.731,1,325,2.04403,663.358,24,92169,91801.1,107876,107873
2,7,14,SLH-DSA-SHA2-192f_signed-by_SLH-DSA-SHAKE-192f,SLH-DSA-SHA2-192f_signed-by_SLH-DSA-SHAKE-192f,472.866,3666.98,287.81,1,59,0.40411,928.74,20,92277.4,92042.7,107876,107873
2,3,15,SLH-DSA-SHA2-192f_signed-by_SLH-DSA-SHAKE-192f,SLH-DSA-SHA2-192f_signed-by_SLH-DSA-SHAKE-192f,493.82,3511.38,301.227,1,191,1.17178,851.988,24,92325.8,91710.3,107876,107873
2,2,14,SLH-DSA-SHA2-192f_signed-by_SLH-DSA-SHAKE-192f,SLH-DSA-SHA2-192f_signed-by_SLH-DSA-SHAKE-192f,507.562,3416.31,290.108,1,125,0.827815,839.536,24,92083.1,91837.1,107876,107873
2,8,15,SLH-DSA-SHA2-192f_signed-by_SLH-DSA-SHAKE-192f,SLH-DSA-SHA2-192f_signed-by_SLH-DSA-SHAKE-192f,521.994,3321.86,272.984,1,86,0.511905,394.024,20,92086.7,91788.7,107876,107873
2,5,14,SLH-DSA-SHA2-192f_signed-by_SLH-DSA-SHAKE-192f,SLH-DSA-SHA2-192f_signed-by_SLH-DSA-SHAKE-192f,510.907,3393.94,249.939,1,43,0.290541,436.838,12,92214.6,91773.8,107876,107873
2,6,14,SLH-DSA-SHA2-192f_signed-by_SLH-DSA-SHAKE-192f,SLH-DSA-SHA2-192f_signed-by_SLH-DSA-SHAKE-192f,526.389,3294.13,239.731,1,40,0.273973,378.466,13,92205.6,91988.6,107876,107873
2,1,11,SLH-DSA-SHA2-192f_signed-by_SLH-DSA-SHAKE-192f,SLH-DSA-SHA2-192f_signed-by_SLH-DSA-SHAKE-192f,498.543,3478.12,312.815,1,172,1.01775,1243.18,24,92049.7,91801.7,107876,107873
2,4,10,SLH-DSA-SHA2-192f_signed-by_SLH-DSA-SHAKE-192f,SLH-DSA-SHA2-192f_signed-by_SLH-DSA-SHAKE-192f,502.739,3449.09,273,1,128,0.85906,570.483,24,92583.2,91833.6,107876,107873
2,6,15,SLH-DSA-SHA2-192f_signed-by_SLH-DSA-SHAKE-192f,SLH-DSA-SHA2-192f_signed-by_SLH-DSA-SHAKE-192f,447.442,3875.34,249.453,1,0,0,749.967,14,92573.9,92170.7,107876,107873
2,4,11,SLH-DSA-SHA2-192f_signed-by_SLH-DSA-SHAKE-192f,SLH-DSA-SHA2-192f_signed-by_SLH-DSA-SHAKE-192f,446.339,3884.92,312.193,1,65,0.419355,1397.97,24,92262.9,91789.2,107876,107873
2,2,15,SLH-DSA-SHA2-192f_signed-by_SLH-DSA-SHAKE-192f,SLH-DSA-SHA2-192f_signed-by_SLH-DSA-SHAKE-192f,472.755,3667.84,259.212,1,83,0.653543,832.142,24,92190.4,91811.7,107876,107873
2,1,12,SLH-DSA-SHA2-192f_signed-by_SLH-DSA-SHAKE-192f,SLH-DSA-SHA2-192f_signed-by_SLH-DSA-SHAKE-192f,459.089,3777.02,337.677,1,162,0.97006,905.042,24,97844.7,91701.5,107876,107873
2,7,15,SLH-DSA-SHA2-192f_signed-by_SLH-DSA-SHAKE-192f,SLH-DSA-SHA2-192f_signed-by_SLH-DSA-SHAKE-192f,489.231,3544.32,256.075,1,156,1.17293,450.241,19,92076.7,92140.6,107876,107873
2,3,16,SLH-DSA-SHA2-192f_signed-by_SLH-DSA-SHAKE-192f,SLH-DSA-SHA2-192f_signed-by_SLH-DSA-SHAKE-192f,489.852,3539.82,263.23,1,54,0.36,412.533,24,92147.7,92573.9,107876,107873
2,5,15,SLH-DSA-SHA2-192f_signed-by_SLH-DSA-SHAKE-192f,SLH-DSA-SHA2-192f_signed-by_SLH-DSA-SHAKE-192f,481.937,3597.96,279.107,1,62,0.473282,809.603,12,91993.6,92365.3,107876,107873
2,8,16,SLH-DSA-SHA2-192f_signed-by_SLH-DSA-SHAKE-192f,SLH-DSA-SHA2-192f_signed-by_SLH-DSA-SHAKE-192f,567.923,3053.21,241.497,1,134,0.978102,532.774,21,92156.9,91984.4,107876,107873
2,3,17,SLH-DSA-SHA2-192f_signed-by_SLH-DSA-SHAKE-192f,SLH-DSA-SHA2-192f_signed-by_SLH-DSA-SHAKE-192f,454.208,3817.61,447.231,1,269,1.17467,930.017,24,92225.5,92320.1,107876,107873
2,1,13,SLH-DSA-SHA2-192f_signed-by_SLH-DSA-SHAKE-192f,SLH-DSA-SHA2-192f_signed-by_SLH-DSA-SHAKE-192f,464.552,3732.61,269.3,1,198,1.52308,1051.78,24,92400.9,92507.7,107876,107873
2,5,16,SLH-DSA-SHA2-192f_signed-by_SLH-DSA-SHAKE-192f,SLH-DSA-SHA2-192f_signed-by_SLH-DSA-SHAKE-192f,462.476,3749.36,276.321,1,84,0.661417,923.921,11,92845.3,91807.5,107876,107873
2,6,16,SLH-DSA-SHA2-192f_signed-by_SLH-DSA-SHAKE-192f,SLH-DSA-SHA2-192f_signed-by_SLH-DSA-SHAKE-192f,504.644,3436.07,222.192,1,0,0,400.4,16,91743.9,92153.9,107876,107873
2,8,17,SLH-DSA-SHA2-192f_signed-by_SLH-DSA-SHAKE-192f,SLH-DSA-SHA2-192f_signed-by_SLH-DSA-SHAKE-192f,426.505,4065.58,370.265,1,246,1.34426,590.437,22,91951.3,91759,107876,107873
2,4,12,SLH-DSA-SHA2-192f_signed-by_SLH-DSA-SHAKE-192f,SLH-DSA-SHA2-192f_signed-by_SLH-DSA-SHAKE-192f,535.411,3238.62,306.576,1,358,2.01124,711.798,24,92148,91643.3,107876,107873
2,7,16,SLH-DSA-SHA2-192f_signed-by_SLH-DSA-SHAKE-192f,SLH-DSA-SHA2-192f_signed-by_SLH-DSA-SHAKE-192f,525.027,3302.67,273.357,1,258,1.7551,1364.1,19,92059,92261.2,107876,107873
2,2,16,SLH-DSA-SHA2-192f_signed-by_SLH-DSA-SHAKE-192f,SLH-DSA-SHA2-192f_signed-by_SLH-DSA-SHAKE-192f,536.741,3230.59,292.252,1,128,0.663212,715.472,24,92153.1,92346.4,107876,107873
2,3,18,SLH-DSA-SHA2-192f_signed-by_SLH-DSA-SHAKE-192f,SLH-DSA-SHA2-192f_signed-by_SLH-DSA-SHAKE-192f,500.756,3462.74,260.629,1,52,0.342105,373.658,24,92427.9,91884.2,107876,107873
2,6,17,SLH-DSA-SHA2-192f_signed-by_SLH-DSA-SHAKE-192f,SLH-DSA-SHA2-192f_signed-by_SLH-DSA-SHAKE-192f,475.623,3645.73,310.565,1,101,0.647436,515.59,16,92050.3,92390.4,107876,107873
2,8,18,SLH-DSA-SHA2-192f_signed-by_SLH-DSA-SHAKE-192f,SLH-DSA-SHA2-192f_signed-by_SLH-DSA-SHAKE-192f,450.214,3851.48,284.167,1,213,1.63846,768.523,22,92381.2,92291.1,107876,107873
2,2,17,SLH-DSA-SHA2-192f_signed-by_SLH-DSA-SHAKE-192f,SLH-DSA-SHA2-192f_signed-by_SLH-DSA-SHAKE-192f,443.824,3906.93,262.05,1,111,0.902439,883.496,24,92095.4,91818,107876,107873
2,5,17,SLH-DSA-SHA2-192f_signed-by_SLH-DSA-SHAKE-192f,SLH-DSA-SHA2-192f_signed-by_SLH-DSA-SHAKE-192f,506.135,3425.94,234.625,1,19,0.145038,425.42,11,92090.7,91975.9,107876,107873
2,1,14,SLH-DSA-SHA2-192f_signed-by_SLH-DSA-SHAKE-192f,SLH-DSA-SHA2-192f_signed-by_SLH-DSA-SHAKE-192f,525.855,3297.47,287.197,1,206,1.17045,449.114,24,92330.1,92025.1,107876,107873
2,7,17,SLH-DSA-SHA2-192f_signed-by_SLH-DSA-SHAKE-192f,SLH-DSA-SHA2-192f_signed-by_SLH-DSA-SHAKE-192f,465.768,3722.86,240.188,1,0,0,404.29,18,92383,92287.5,107876,107873
2,4,13,SLH-DSA-SHA2-192f_signed-by_SLH-DSA-SHAKE-192f,SLH-DSA-SHA2-192f_signed-by_SLH-DSA-SHAKE-192f,468.25,3703.13,250.567,1,105,0.826772,430.63,24,92118.3,92026.4,107876,107873
2,2,18,SLH-DSA-SHA2-192f_signed-by_SLH-DSA-SHAKE-192f,SLH-DSA-SHA2-192f_signed-by_SLH-DSA-SHAKE-192f,444.169,3903.89,284.396,1,111,0.888,950.48,24,92208.5,91762.6,107876,107873
2,7,18,SLH-DSA-SHA2-192f_signed-by_SLH-DSA-SHAKE-192f,SLH-DSA-SHA2-192f_signed-by_SLH-DSA-SHAKE-192f,460.324,3766.89,323.319,1,140,0.89172,1473.67,17,92418.9,91935.1,107876,107873
2,5,18,SLH-DSA-SHA2-192f_signed-by_SLH-DSA-SHAKE-192f,SLH-DSA-SHA2-192f_signed-by_SLH-DSA-SHAKE-192f,470.918,3682.15,304.087,1,121,0.916667,1831.18,11,92404.5,91792.3,107876,107873
2,4,14,SLH-DSA-SHA2-192f_signed-by_SLH-DSA-SHAKE-192f,SLH-DSA-SHA2-192f_signed-by_SLH-DSA-SHAKE-192f,464.786,3730.72,293.95,1,162,1.10959,705.753,24,92372.6,91976.7,107876,107873
2,6,18,SLH-DSA-SHA2-192f_signed-by_SLH-DSA-SHAKE-192f,SLH-DSA-SHA2-192f_signed-by_SLH-DSA-SHAKE-192f,499.004,3474.9,235.413,1,84,0.666667,608.127,16,92159.6,91837.8,107876,107873
2,3,19,SLH-DSA-SHA2-192f_signed-by_SLH-DSA-SHAKE-192f,SLH-DSA-SHA2-192f_signed-by_SLH-DSA-SHAKE-192f,509.745,3401.68,285.099,1,185,1.10119,394.857,24,92322.1,92243,107876,107873
2,8,19,SLH-DSA-SHA2-192f_signed-by_SLH-DSA-SHAKE-192f,SLH-DSA-SHA2-192f_signed-by_SLH-DSA-SHAKE-192f,496.376,3493.3,259.706,1,269,2.03788,723.939,22,92106.4,91894.5,107876,107873
2,1,15,SLH-DSA-SHA2-192f_signed-by_SLH-DSA-SHAKE-192f,SLH-DSA-SHA2-192f_signed-by_SLH-DSA-SHAKE-192f,581.495,2981.95,240.428,1,100,0.689655,569.834,24,92118.7,92488,107876,107873
2,4,15,SLH-DSA-SHA2-192f_signed-by_SLH-DSA-SHAKE-192f,SLH-DSA-SHA2-192f_signed-by_SLH-DSA-SHAKE-192f,410.472,4224.38,293.944,1,45,0.354331,528.11,24,92261,92346.7,107876,107873
2,6,19,SLH-DSA-SHA2-192f_signed-by_SLH-DSA-SHAKE-192f,SLH-DSA-SHA2-192f_signed-by_SLH-DSA-SHAKE-192f,417.272,4155.54,292.605,1,22,0.176,532.24,16,92124.9,91949.8,107876,107873
2,3,20,SLH-DSA-SHA2-192f_signed-by_SLH-DSA-SHAKE-192f,SLH-DSA-SHA2-192f_signed-by_SLH-DSA-SHAKE-192f,444.55,3900.56,262.342,1,0,0,683.71,24,92264.6,92082.6,107876,107873
2,2,19,SLH-DSA-SHA2-192f_signed-by_SLH-DSA-SHAKE-192f,SLH-DSA-SHA2-192f_signed-by_SLH-DSA-SHAKE-192f,500.198,3466.61,223.655,1,0,0,491.935,24,92326.8,91909.4,107876,107873
2,5,19,SLH-DSA-SHA2-192f_signed-by_SLH-DSA-SHAKE-192f,SLH-DSA-SHA2-192f_signed-by_SLH-DSA-SHAKE-192f,472.505,3669.78,236.222,1,0,0,550.52,12,92240,91838.7,107876,107873
2,8,20,SLH-DSA-SHA2-192f_signed-by_SLH-DSA-SHAKE-192f,SLH-DSA-SHA2-192f_signed-by_SLH-DSA-SHAKE-192f,468.424,3701.75,257.578,1,45,0.354331,548.614,21,92030.9,92648.8,107876,107873
2,7,19,SLH-DSA-SHA2-192f_signed-by_SLH-DSA-SHAKE-192f,SLH-DSA-SHA2-192f_signed-by_SLH-DSA-SHAKE-192f,484.775,3576.89,260.178,1,116,0.865672,438.806,17,91962.2,91891.4,107876,107873
2,1,16,SLH-DSA-SHA2-192f_signed-by_SLH-DSA-SHAKE-192f,SLH-DSA-SHA2-192f_signed-by_SLH-DSA-SHAKE-192f,385.355,4499.72,362.927,1,266,1.9,1170.91,24,92137,92172.7,107876,107873
2,4,16,SLH-DSA-SHA2-192f_signed-by_SLH-DSA-SHAKE-192f,SLH-DSA-SHA2-192f_signed-by_SLH-DSA-SHAKE-192f,485.484,3571.67,325.448,0.879581,130,0.680628,365.476,24,92217.7,91864,107876,107873
2,7,20,SLH-DSA-SHA2-192f_signed-by_SLH-DSA-SHAKE-192f,SLH-DSA-SHA2-192f_signed-by_SLH-DSA-SHAKE-192f,417.099,4157.26,355.733,0.895062,100,0.617284,716,16,92221.8,91972.3,107876,107873
2,6,20,SLH-DSA-SHA2-192f_signed-by_SLH-DSA-SHAKE-192f,SLH-DSA-SHA2-192f_signed-by_SLH-DSA-SHAKE-192f,477.155,3634.02,272.012,1,50,0.331126,376.887,16,91881.9,93038.1,107876,107873
2,3,21,SLH-DSA-SHA2-192f_signed-by_SLH-DSA-SHAKE-192f,SLH-DSA-SHA2-192f_signed-by_SLH-DSA-SHAKE-192f,448.249,3868.37,293.872,1,39,0.265306,392.395,24,92347.2,92029,107876,107873
2,8,21,SLH-DSA-SHA2-192f_signed-by_SLH-DSA-SHAKE-192f,SLH-DSA-SHA2-192f_signed-by_SLH-DSA-SHAKE-192f,433.473,4000.22,257.492,1,0,0,478.813,20,92593.9,92123.2,107876,107873
2,2,20,SLH-DSA-SHA2-192f_signed-by_SLH-DSA-SHAKE-192f,SLH-DSA-SHA2-192f_signed-by_SLH-DSA-SHAKE-192f,450.248,3851.19,260.727,1,0,0,483.732,24,92349.7,91794,107876,107873
2,1,17,SLH-DSA-SHA2-192f_signed-by_SLH-DSA-SHAKE-192f,SLH-DSA-SHA2-192f_signed-by_SLH-DSA-SHAKE-192f,422.823,4100.98,275.67,1,51,0.41129,626.516,24,92070.2,91814.3,107876,107873
2,5,20,SLH-DSA-SHA2-192f_signed-by_SLH-DSA-SHAKE-192f,SLH-DSA-SHA2-192f_signed-by_SLH-DSA-SHAKE-192f,451.959,3836.61,267.529,1,45,0.351562,524.156,13,91863.8,91894.3,107876,107873
2,8,22,SLH-DSA-SHA2-192f_signed-by_SLH-DSA-SHAKE-192f,SLH-DSA-SHA2-192f_signed-by_SLH-DSA-SHAKE-192f,454.339,3816.51,268.592,1,50,0.387597,682.062,20,92263.7,91788.4,107876,107873
2,6,21,SLH-DSA-SHA2-192f_signed-by_SLH-DSA-SHAKE-192f,SLH-DSA-SHA2-192f_signed-by_SLH-DSA-SHAKE-192f,499.392,3472.2,270.12,1,371,2.57639,754.611,16,92658.2,91701.6,107876,107873
2,7,21,SLH-DSA-SHA2-192f_signed-by_SLH-DSA-SHAKE-192f,SLH-DSA-SHA2-192f_signed-by_SLH-DSA-SHAKE-192f,508.844,3407.71,293.968,1,307,1.88344,490.687,16,92115.8,91746.2,107876,107873
2,1,18,SLH-DSA-SHA2-192f_signed-by_SLH-DSA-SHAKE-192f,SLH-DSA-SHA2-192f_signed-by_SLH-DSA-SHAKE-192f,502.973,3447.48,306.847,1,177,1.05357,781.238,24,92055.6,91860.7,107876,107873
2,5,21,SLH-DSA-SHA2-192f_signed-by_SLH-DSA-SHAKE-192f,SLH-DSA-SHA2-192f_signed-by_SLH-DSA-SHAKE-192f,508.349,3411.02,296.048,1,141,0.915584,972.805,14,91954.7,91986.6,107876,107873
2,4,17,SLH-DSA-SHA2-192f_signed-by_SLH-DSA-SHAKE-192f,SLH-DSA-SHA2-192f_signed-by_SLH-DSA-SHAKE-192f,536.6,3231.44,269.43,1,92,0.531792,368.728,24,91961.4,92226.4,107876,107873
2,3,22,SLH-DSA-SHA2-192f_signed-by_SLH-DSA-SHAKE-192f,SLH-DSA-SHA2-192f_signed-by_SLH-DSA-SHAKE-192f,530.985,3265.61,364.274,1,363,1.74519,1062.98,24,92737.4,92198.8,107876,107873
2,2,21,SLH-DSA-SHA2-192f_signed-by_SLH-DSA-SHAKE-192f,SLH-DSA-SHA2-192f_signed-by_SLH-DSA-SHAKE-192f,520.799,3329.48,279.785,1,87,0.530488,950.634,24,92311.7,92102.6,107876,107873
2,8,23,SLH-DSA-SHA2-192f_signed-by_SLH-DSA-SHAKE-192f,SLH-DSA-SHA2-192f_signed-by_SLH-DSA-SHAKE-192f,469.704,3691.67,270.775,1,43,0.294521,388.548,19,92010.8,92452,107876,107873
2,2,22,SLH-DSA-SHA2-192f_signed-by_SLH-DSA-SHAKE-192f,SLH-DSA-SHA2-192f_signed-by_SLH-DSA-SHAKE-192f,437.454,3963.82,289.09,1,68,0.523077,757.538,24,92696.7,91808.7,107876,107873
2,1,19,SLH-DSA-SHA2-192f_signed-by_SLH-DSA-SHAKE-192f,SLH-DSA-SHA2-192f_signed-by_SLH-DSA-SHAKE-192f,458.371,3782.94,264.764,1,46,0.353846,556.892,24,92146.6,91761.2,107876,107873
2,6,22,SLH-DSA-SHA2-192f_signed-by_SLH-DSA-SHAKE-192f,SLH-DSA-SHA2-192f_signed-by_SLH-DSA-SHAKE-192f,509.355,3404.29,230.44,1,129,1.00781,436.375,16,92774.1,92191.7,107876,107873
2,5,22,SLH-DSA-SHA2-192f_signed-by_SLH-DSA-SHAKE-192f,SLH-DSA-SHA2-192f_signed-by_SLH-DSA-SHAKE-192f,480.936,3605.45,321.706,1,140,0.823529,779.341,15,93296,91874.6,107876,107873
2,4,18,SLH-DSA-SHA2-192f_signed-by_SLH-DSA-SHAKE-192f,SLH-DSA-SHA2-192f_signed-by_SLH-DSA-SHAKE-192f,480.88,3605.87,292.663,1,82,0.585714,1089.8,24,92113.8,91940.3,107876,107873
2,7,22,SLH-DSA-SHA2-192f_signed-by_SLH-DSA-SHAKE-192f,SLH-DSA-SHA2-192f_signed-by_SLH-DSA-SHAKE-192f,509.392,3404.04,280.617,1,138,0.926174,463.611,15,92650.6,91745.7,107876,107873
2,3,23,SLH-DSA-SHA2-192f_signed-by_SLH-DSA-SHAKE-192f,SLH-DSA-SHA2-192f_signed-by_SLH-DSA-SHAKE-192f,485.792,3569.41,276.958,1,72,0.537313,986.567,24,91996.5,91745.4,107876,107873
2,8,24,SLH-DSA-SHA2-192f_signed-by_SLH-DSA-SHAKE-192f,SLH-DSA-SHA2-192f_signed-by_SLH-DSA-SHAKE-192f,442.562,3918.07,253.361,1,0,0,400.4,19,92671.1,91755.9,107876,107873
2,5,23,SLH-DSA-SHA2-192f_signed-by_SLH-DSA-SHAKE-192f,SLH-DSA-SHA2-192f_signed-by_SLH-DSA-SHAKE-192f,403.091,4301.73,281.584,1,5,0.0393701,512.772,14,92266.4,91743.6,107876,107873
2,4,19,SLH-DSA-SHA2-192f_signed-by_SLH-DSA-SHAKE-192f,SLH-DSA-SHA2-192f_signed-by_SLH-DSA-SHAKE-192f,433.014,4004.46,269.774,1,129,1.032,606.8,24,92418.4,91990.1,107876,107873
2,2,23,SLH-DSA-SHA2-192f_signed-by_SLH-DSA-SHAKE-192f,SLH-DSA-SHA2-192f_signed-by_SLH-DSA-SHAKE-192f,475.67,3645.36,272.727,1,51,0.337748,411.033,24,92593.8,91778.8,107876,107873
2,3,24,SLH-DSA-SHA2-192f_signed-by_SLH-DSA-SHAKE-192f,SLH-DSA-SHA2-192f_signed-by_SLH-DSA-SHAKE-192f,436.801,3969.75,300.695,1,171,1.17123,647.534,24,92165.3,92132.3,107876,107873
2,6,23,SLH-DSA-SHA2-192f_signed-by_SLH-DSA-SHAKE-192f,SLH-DSA-SHA2-192f_signed-by_SLH-DSA-SHAKE-192f,448.679,3864.66,279.79,1,99,0.75,734,15,92009.2,91727.1,107876,107873
2,7,23,SLH-DSA-SHA2-192f_signed-by_SLH-DSA-SHAKE-192f,SLH-DSA-SHA2-192f_signed-by_SLH-DSA-SHAKE-192f,443.464,3910.1,285.281,1,94,0.643836,430.712,15,92310.6,91820.3,107876,107873
2,1,20,SLH-DSA-SHA2-192f_signed-by_SLH-DSA-SHAKE-192f,SLH-DSA-SHA2-192f_signed-by_SLH-DSA-SHAKE-192f,486.1,3567.14,343.172,1,251,1.28718,400.564,24,91955.2,92158.6,107876,107873
2,8,25,SLH-DSA-SHA2-192f_signed-by_SLH-DSA-SHAKE-192f,SLH-DSA-SHA2-192f_signed-by_SLH-DSA-SHAKE-192f,460.487,3765.55,307.882,1,84,0.502994,377.377,18,91962.4,92188.2,107876,107873
2,5,24,SLH-DSA-SHA2-192f_signed-by_SLH-DSA-SHAKE-192f,SLH-DSA-SHA2-192f_signed-by_SLH-DSA-SHAKE-192f,455.391,3807.69,246.223,1,0,0,438.704,13,92033.2,91783,107876,107873
2,2,24,SLH-DSA-SHA2-192f_signed-by_SLH-DSA-SHAKE-192f,SLH-DSA-SHA2-192f_signed-by_SLH-DSA-SHAKE-192f,428.306,4048.49,285.59,1,23,0.18254,759.111,24,92525.8,91747,107876,107873
2,3,25,SLH-DSA-SHA2-192f_signed-by_SLH-DSA-SHAKE-192f,SLH-DSA-SHA2-192f_signed-by_SLH-DSA-SHAKE-192f,427.719,4054.04,274.872,1,23,0.18254,663.175,24,92074.7,91765.7,107876,107873
2,1,21,SLH-DSA-SHA2-192f_signed-by_SLH-DSA-SHAKE-192f,SLH-DSA-SHA2-192f_signed-by_SLH-DSA-SHAKE-192f,426.356,4067,262.391,1,0,0,496.419,24,92517.9,91692,107876,107873
2,6,24,SLH-DSA-SHA2-192f_signed-by_SLH-DSA-SHAKE-192f,SLH-DSA-SHA2-192f_signed-by_SLH-DSA-SHAKE-192f,457.908,3786.77,283.585,1,160,1.14286,448.571,14,92150.1,92235.1,107876,107873
2,7,24,SLH-DSA-SHA2-192f_signed-by_SLH-DSA-SHAKE-192f,SLH-DSA-SHA2-192f_signed-by_SLH-DSA-SHAKE-192f,457.122,3793.28,314.454,1,186,1.27397,559.644,14,92392,91769.6,107876,107873
2,4,20,SLH-DSA-SHA2-192f_signed-by_SLH-DSA-SHAKE-192f,SLH-DSA-SHA2-192f_signed-by_SLH-DSA-SHAKE-192f,470.998,3681.52,313.886,1,102,0.569832,362.089,24,92096.2,92100.3,107876,107873
2,5,25,SLH-DSA-SHA2-192f_signed-by_SLH-DSA-SHAKE-192f,SLH-DSA-SHA2-192f_signed-by_SLH-DSA-SHAKE-192f,452.232,3834.29,256.328,1,11,0.0839695,426.122,13,91900.4,91777,107876,107873
2,8,26,SLH-DSA-SHA2-192f_signed-by_SLH-DSA-SHAKE-192f,SLH-DSA-SHA2-192f_signed-by_SLH-DSA-SHAKE-192f,514.698,3368.95,246.762,1,41,0.273333,357.44,17,92518.7,91726.5,107876,107873
2,2,25,SLH-DSA-SHA2-192f_signed-by_SLH-DSA-SHAKE-192f,SLH-DSA-SHA2-192f_signed-by_SLH-DSA-SHAKE-192f,476.048,3642.47,327.025,1,234,1.34483,509.126,24,92106.6,91616.3,107876,107873
2,6,25,SLH-DSA-SHA2-192f_signed-by_SLH-DSA-SHAKE-192f,SLH-DSA-SHA2-192f_signed-by_SLH-DSA-SHAKE-192f,449.151,3860.6,261.435,1,23,0.18254,510.127,13,92221.9,91766,107876,107873
2,4,21,SLH-DSA-SHA2-192f_signed-by_SLH-DSA-SHAKE-192f,SLH-DSA-SHA2-192f_signed-by_SLH-DSA-SHAKE-192f,457.829,3787.42,266.091,1,85,0.674603,702.317,24,92084.1,92308.5,107876,107873
2,7,25,SLH-DSA-SHA2-192f_signed-by_SLH-DSA-SHAKE-192f,SLH-DSA-SHA2-192f_signed-by_SLH-DSA-SHAKE-192f,460.515,3765.33,302.305,1,144,1.06667,801.822,14,92299.4,91914.7,107876,107873
2,1,22,SLH-DSA-SHA2-192f_signed-by_SLH-DSA-SHAKE-192f,SLH-DSA-SHA2-192f_signed-by_SLH-DSA-SHAKE-192f,480.471,3608.94,275.596,1,196,1.49618,1455.71,24,91983.1,91836.2,107876,107873
2,3,26,SLH-DSA-SHA2-192f_signed-by_SLH-DSA-SHAKE-192f,SLH-DSA-SHA2-192f_signed-by_SLH-DSA-SHAKE-192f,493.804,3511.5,237.082,1,33,0.261905,411.714,24,92307.4,91859.3,107876,107873
2,6,26,SLH-DSA-SHA2-192f_signed-by_SLH-DSA-SHAKE-192f,SLH-DSA-SHA2-192f_signed-by_SLH-DSA-SHAKE-192f,431.7,4016.65,317.071,1,124,0.843537,667.633,12,91928,93730,107876,107873
2,5,26,SLH-DSA-SHA2-192f_signed-by_SLH-DSA-SHAKE-192f,SLH-DSA-SHA2-192f_signed-by_SLH-DSA-SHAKE-192f,474.957,3650.84,266.803,1,41,0.280822,462.712,12,91931.9,91729.2,107876,107873
2,1,23,SLH-DSA-SHA2-192f_signed-by_SLH-DSA-SHAKE-192f,SLH-DSA-SHA2-192f_signed-by_SLH-DSA-SHAKE-192f,436.615,3971.44,341.719,1,364,2.44295,1304.82,24,92032.5,91736.5,107876,107873
2,7,26,SLH-DSA-SHA2-192f_signed-by_SLH-DSA-SHAKE-192f,SLH-DSA-SHA2-192f_signed-by_SLH-DSA-SHAKE-192f,450.889,3845.72,272.457,1,48,0.363636,628.879,14,92094.4,91729.4,107876,107873
2,8,27,SLH-DSA-SHA2-192f_signed-by_SLH-DSA-SHAKE-192f,SLH-DSA-SHA2-192f_signed-by_SLH-DSA-SHAKE-192f,484.508,3578.87,271.979,1,145,0.97973,407.054,17,92533.6,91820.5,107876,107873
2,2,26,SLH-DSA-SHA2-192f_signed-by_SLH-DSA-SHAKE-192f,SLH-DSA-SHA2-192f_signed-by_SLH-DSA-SHAKE-192f,484.672,3577.66,342.301,1,300,1.5544,426.435,24,92202,91986,107876,107873
2,3,27,SLH-DSA-SHA2-192f_signed-by_SLH-DSA-SHAKE-192f,SLH-DSA-SHA2-192f_signed-by_SLH-DSA-SHAKE-192f,462.52,3749.01,248.517,1,135,1.03846,522.862,24,92174.4,91801.1,107876,107873
2,4,22,SLH-DSA-SHA2-192f_signed-by_SLH-DSA-SHAKE-192f,SLH-DSA-SHA2-192f_signed-by_SLH-DSA-SHAKE-192f,494.386,3507.36,249.165,1,171,1.30534,699.344,24,92213.2,91773.1,107876,107873
2,5,27,SLH-DSA-SHA2-192f_signed-by_SLH-DSA-SHAKE-192f,SLH-DSA-SHA2-192f_signed-by_SLH-DSA-SHAKE-192f,453.949,3819.79,248.591,1,1,0.00793651,435.683,12,92535.2,91757.4,107876,107873
2,7,27,SLH-DSA-SHA2-192f_signed-by_SLH-DSA-SHAKE-192f,SLH-DSA-SHA2-192f_signed-by_SLH-DSA-SHAKE-192f,428.477,4046.87,267.141,1,17,0.129771,451.954,14,92357.7,91815.3,107876,107873
2,2,27,SLH-DSA-SHA2-192f_signed-by_SLH-DSA-SHAKE-192f,SLH-DSA-SHA2-192f_signed-by_SLH-DSA-SHAKE-192f,417.195,4156.31,360.771,1,235,1.45062,706.099,24,92066.4,91963.3,107876,107873
2,3,28,SLH-DSA-SHA2-192f_signed-by_SLH-DSA-SHAKE-192f,SLH-DSA-SHA2-192f_signed-by_SLH-DSA-SHAKE-192f,418.143,4146.88,266.932,1,0,0,478.358,24,92167.1,93031.8,107876,107873
2,6,27,SLH-DSA-SHA2-192f_signed-by_SLH-DSA-SHAKE-192f,SLH-DSA-SHA2-192f_signed-by_SLH-DSA-SHAKE-192f,462.85,3746.34,274.335,1,41,0.278912,427.497,12,91992.1,91907.2,107876,107873
2,1,24,SLH-DSA-SHA2-192f_signed-by_SLH-DSA-SHAKE-192f,SLH-DSA-SHA2-192f_signed-by_SLH-DSA-SHAKE-192f,461.025,3761.17,256.541,1,83,0.638462,835.877,24,92262.1,91974.5,107876,107873
2,8,28,SLH-DSA-SHA2-192f_signed-by_SLH-DSA-SHAKE-192f,SLH-DSA-SHA2-192f_signed-by_SLH-DSA-SHAKE-192f,441.238,3929.83,518.322,1,394,1.5451,587.365,18,92181.3,91992.9,107876,107873
2,8,29,SLH-DSA-SHA2-192f_signed-by_SLH-DSA-SHAKE-192f,SLH-DSA-SHA2-192f_signed-by_SLH-DSA-SHAKE-192f,436.127,3975.88,337.112,1,178,1.27143,938,19,92066.6,91705.1,107876,107873
2,3,29,SLH-DSA-SHA2-192f_signed-by_SLH-DSA-SHAKE-192f,SLH-DSA-SHA2-192f_signed-by_SLH-DSA-SHAKE-192f,458.035,3785.71,347.501,1,0,0,639.106,24,92600.5,91877.8,107876,107873
2,7,28,SLH-DSA-SHA2-192f_signed-by_SLH-DSA-SHAKE-192f,SLH-DSA-SHA2-192f_signed-by_SLH-DSA-SHAKE-192f,465.421,3725.64,373.614,1,362,1.94624,672,15,91811.5,91757.9,107876,107873
2,2,28,SLH-DSA-SHA2-192f_signed-by_SLH-DSA-SHAKE-192f,SLH-DSA-SHA2-192f_signed-by_SLH-DSA-SHAKE-192f,475.377,3647.61,283.261,1,285,2.09559,979,24,92420.6,91922.5,107876,107873
2,6,28,SLH-DSA-SHA2-192f_signed-by_SLH-DSA-SHAKE-192f,SLH-DSA-SHA2-192f_signed-by_SLH-DSA-SHAKE-192f,475.738,3644.84,293.001,1,63,0.401274,885.465,12,91977.4,91717.7,107876,107873
2,1,25,SLH-DSA-SHA2-192f_signed-by_SLH-DSA-SHAKE-192f,SLH-DSA-SHA2-192f_signed-by_SLH-DSA-SHAKE-192f,467.626,3708.07,273.038,1,161,1.24806,1040.88,24,92339.8,91781.6,107876,107873
2,5,28,SLH-DSA-SHA2-192f_signed-by_SLH-DSA-SHAKE-192f,SLH-DSA-SHA2-192f_signed-by_SLH-DSA-SHAKE-192f,493.323,3514.92,228.751,1,1,0.00793651,397.651,12,91857.2,91945.4,107876,107873
2,7,29,SLH-DSA-SHA2-192f_signed-by_SLH-DSA-SHAKE-192f,SLH-DSA-SHA2-192f_signed-by_SLH-DSA-SHAKE-192f,435.635,3980.37,302.638,1,126,0.9,558.371,15,92119.9,91899.2,107876,107873
2,6,29,SLH-DSA-SHA2-192f_signed-by_SLH-DSA-SHAKE-192f,SLH-DSA-SHA2-192f_signed-by_SLH-DSA-SHAKE-192f,437.574,3962.73,396.147,1,167,0.852041,556.122,13,91935,91867.3,107876,107873
2,5,29,SLH-DSA-SHA2-192f_signed-by_SLH-DSA-SHAKE-192f,SLH-DSA-SHA2-192f_signed-by_SLH-DSA-SHAKE-192f,435.952,3977.48,305.244,1,120,0.839161,1148.41,12,92108.2,91836.9,107876,107873
2,2,29,SLH-DSA-SHA2-192f_signed-by_SLH-DSA-SHAKE-192f,SLH-DSA-SHA2-192f_signed-by_SLH-DSA-SHAKE-192f,455.765,3804.57,371.103,1,522,2.98286,608.469,24,92155.1,91954.6,107876,107873
2,8,30,SLH-DSA-SHA2-192f_signed-by_SLH-DSA-SHAKE-192f,SLH-DSA-SHA2-192f_signed-by_SLH-DSA-SHAKE-192f,472.318,3671.23,289.398,1,67,0.429487,398.333,20,92232.2,91695.4,107876,107873
2,3,30,SLH-DSA-SHA2-192f_signed-by_SLH-DSA-SHAKE-192f,SLH-DSA-SHA2-192f_signed-by_SLH-DSA-SHAKE-192f,473.583,3661.43,244.231,1,11,0.0846154,410.769,24,92147.6,91874.4,107876,107873
2,1,26,SLH-DSA-SHA2-192f_signed-by_SLH-DSA-SHAKE-192f,SLH-DSA-SHA2-192f_signed-by_SLH-DSA-SHAKE-192f,465.575,3724.4,273.348,1,140,1.0219,825.591,24,92016.8,92417.9,107876,107873
2,1,27,SLH-DSA-SHA2-192f_signed-by_SLH-DSA-SHAKE-192f,SLH-DSA-SHA2-192f_signed-by_SLH-DSA-SHAKE-192f,381.816,4541.42,383.598,1,240,1.76471,1768.26,24,92007.6,91796.2,107876,107873
2,6,30,SLH-DSA-SHA2-192f_signed-by_SLH-DSA-SHAKE-192f,SLH-DSA-SHA2-192f_signed-by_SLH-DSA-SHAKE-192f,433.958,3995.76,258.642,1,0,0,397.492,14,93036.9,91661.1,107876,107873
2,8,31,SLH-DSA-SHA2-192f_signed-by_SLH-DSA-SHAKE-192f,SLH-DSA-SHA2-192f_signed-by_SLH-DSA-SHAKE-192f,418.618,4142.18,327.706,1,204,1.53383,1034.33,20,92014.1,91892.9,107876,107873
2,3,31,SLH-DSA-SHA2-192f_signed-by_SLH-DSA-SHAKE-192f,SLH-DSA-SHA2-192f_signed-by_SLH-DSA-SHAKE-192f,432.052,4013.38,323.035,1,224,1.68421,1601.76,24,92228.1,92135.7,107876,107873
2,5,30,SLH-DSA-SHA2-192f_signed-by_SLH-DSA-SHAKE-192f,SLH-DSA-SHA2-192f_signed-by_SLH-DSA-SHAKE-192f,453.317,3825.12,285.222,1,54,0.372414,385.062,13,92195.4,92146.3,107876,107873
2,7,30,SLH-DSA-SHA2-192f_signed-by_SLH-DSA-SHAKE-192f,SLH-DSA-SHA2-192f_signed-by_SLH-DSA-SHAKE-192f,479.951,3612.85,241.391,1,12,0.0916031,386.244,14,92658,92878.4,107876,107873
2,2,30,SLH-DSA-SHA2-192f_signed-by_SLH-DSA-SHAKE-192f,SLH-DSA-SHA2-192f_signed-by_SLH-DSA-SHAKE-192f,460.554,3765.01,317.739,1,238,1.50633,495.899,24,92152.8,91813.6,107876,107873
2,5,31,SLH-DSA-SHA2-192f_signed-by_SLH-DSA-SHAKE-192f,SLH-DSA-SHA2-192f_signed-by_SLH-DSA-SHAKE-192f,378.867,4576.78,293.929,1,0,0,520.262,13,92057.5,92192.4,107876,107873
2,3,32,SLH-DSA-SHA2-192f_signed-by_SLH-DSA-SHAKE-192f,SLH-DSA-SHA2-192f_signed-by_SLH-DSA-SHAKE-192f,408.385,4245.97,319.933,1,67,0.482014,482.46,24,92127.1,91796.4,107876,107873
2,1,28,SLH-DSA-SHA2-192f_signed-by_SLH-DSA-SHAKE-192f,SLH-DSA-SHA2-192f_signed-by_SLH-DSA-SHAKE-192f,449.178,3860.36,282.934,1,41,0.277027,384.595,24,92216.9,91761.9,107876,107873
2,2,31,SLH-DSA-SHA2-192f_signed-by_SLH-DSA-SHAKE-192f,SLH-DSA-SHA2-192f_signed-by_SLH-DSA-SHAKE-192f,403.589,4296.43,333.963,1,66,0.423077,511.128,24,92205.6,92222.9,107876,107873
2,7,31,SLH-DSA-SHA2-192f_signed-by_SLH-DSA-SHAKE-192f,SLH-DSA-SHA2-192f_signed-by_SLH-DSA-SHAKE-192f,420.017,4128.38,351.414,1,127,0.835526,490.026,14,91972.6,92161.2,107876,107873
2,8,32,SLH-DSA-SHA2-192f_signed-by_SLH-DSA-SHAKE-192f,SLH-DSA-SHA2-192f_signed-by_SLH-DSA-SHAKE-192f,450.255,3851.13,248.463,1,0,0,403.323,20,92284.5,91946.2,107876,107873
2,6,31,SLH-DSA-SHA2-192f_signed-by_SLH-DSA-SHAKE-192f,SLH-DSA-SHA2-192f_signed-by_SLH-DSA-SHAKE-192f,452.527,3831.79,270.799,1,133,0.970803,410.146,14,91843.1,91924.7,107876,107873
2,5,32,SLH-DSA-SHA2-192f_signed-by_SLH-DSA-SHAKE-192f,SLH-DSA-SHA2-192f_signed-by_SLH-DSA-SHAKE-192f,374.269,4633.01,349.011,1,52,0.339869,371.438,13,92103.5,91773.4,107876,107873
2,3,33,SLH-DSA-SHA2-192f_signed-by_SLH-DSA-SHAKE-192f,SLH-DSA-SHA2-192f_signed-by_SLH-DSA-SHAKE-192f,400.083,4334.07,379.241,1,225,1.25698,385.955,24,92176,91820.2,107876,107873
2,1,29,SLH-DSA-SHA2-192f_signed-by_SLH-DSA-SHAKE-192f,SLH-DSA-SHA2-192f_signed-by_SLH-DSA-SHAKE-192f,395.974,4379.05,397.925,1,359,2.11176,1832.75,24,91838.4,92058.9,107876,107873
2,7,32,SLH-DSA-SHA2-192f_signed-by_SLH-DSA-SHAKE-192f,SLH-DSA-SHA2-192f_signed-by_SLH-DSA-SHAKE-192f,394.578,4394.54,327.843,1,165,1.13014,440.932,13,91967,92296.5,107876,107873
2,6,32,SLH-DSA-SHA2-192f_signed-by_SLH-DSA-SHAKE-192f,SLH-DSA-SHA2-192f_signed-by_SLH-DSA-SHAKE-192f,429.758,4034.8,384.811,1,224,1.26554,449.096,15,92065.4,91758.1,107876,107873
2,8,33,SLH-DSA-SHA2-192f_signed-by_SLH-DSA-SHAKE-192f,SLH-DSA-SHA2-192f_signed-by_SLH-DSA-SHAKE-192f,447.493,3874.9,382.754,1,255,1.56442,546.761,20,92015.7,92180.1,107876,107873
2,2,32,SLH-DSA-SHA2-192f_signed-by_SLH-DSA-SHAKE-192f,SLH-DSA-SHA2-192f_signed-by_SLH-DSA-SHAKE-192f,497.701,3484,271.199,1,191,1.38406,589.043,24,92178.3,92076.4,107876,107873
2,5,33,SLH-DSA-SHA2-192f_signed-by_SLH-DSA-SHAKE-192f,SLH-DSA-SHA2-192f_signed-by_SLH-DSA-SHAKE-192f,360.56,4809.16,352.163,1,41,0.278912,424.748,13,91896.4,91700.1,107876,107873
2,1,30,SLH-DSA-SHA2-192f_signed-by_SLH-DSA-SHAKE-192f,SLH-DSA-SHA2-192f_signed-by_SLH-DSA-SHAKE-192f,430.069,4031.89,324.487,1,288,2.07194,608.216,24,91968.8,91725,107876,107873
2,7,33,SLH-DSA-SHA2-192f_signed-by_SLH-DSA-SHAKE-192f,SLH-DSA-SHA2-192f_signed-by_SLH-DSA-SHAKE-192f,419.115,4137.27,308.23,1,83,0.614815,505.081,12,92260.6,91895.1,107876,107873
2,6,33,SLH-DSA-SHA2-192f_signed-by_SLH-DSA-SHAKE-192f,SLH-DSA-SHA2-192f_signed-by_SLH-DSA-SHAKE-192f,395.94,4379.42,304.167,1,30,0.227273,504.97,16,91954.6,91807.2,107876,107873
2,3,34,SLH-DSA-SHA2-192f_signed-by_SLH-DSA-SHAKE-192f,SLH-DSA-SHA2-192f_signed-by_SLH-DSA-SHAKE-192f,471.989,3673.8,270.277,1,45,0.304054,401.486,24,92382.2,92055.2,107876,107873
2,8,34,SLH-DSA-SHA2-192f_signed-by_SLH-DSA-SHAKE-192f,SLH-DSA-SHA2-192f_signed-by_SLH-DSA-SHAKE-192f,398.337,4353.07,305.068,1,119,0.894737,479.113,19,92603,91896.6,107876,107873
2,2,33,SLH-DSA-SHA2-192f_signed-by_SLH-DSA-SHAKE-192f,SLH-DSA-SHA2-192f_signed-by_SLH-DSA-SHAKE-192f,369.201,4696.6,342.144,1,128,0.992248,612.233,24,92439.9,92113.9,107876,107873
2,5,34,SLH-DSA-SHA2-192f_signed-by_SLH-DSA-SHAKE-192f,SLH-DSA-SHA2-192f_signed-by_SLH-DSA-SHAKE-192f,278.717,6221.33,405.056,1,0,0,324.594,13,91918.5,92062.7,107876,107873
2,1,31,SLH-DSA-SHA2-192f_signed-by_SLH-DSA-SHAKE-192f,SLH-DSA-SHA2-192f_signed-by_SLH-DSA-SHAKE-192f,428.789,4043.92,261.499,1,0,0,400.4,24,92033.4,91705.7,107876,107873
2,7,34,SLH-DSA-SHA2-192f_signed-by_SLH-DSA-SHAKE-192f,SLH-DSA-SHA2-192f_signed-by_SLH-DSA-SHAKE-192f,467.933,3705.64,246.428,1,9,0.0687023,385.695,11,92514.6,91741.3,107876,107873
2,4,23,SLH-DSA-SHA2-192f_signed-by_SLH-DSA-SHAKE-192f,SLH-DSA-SHA2-192f_signed-by_SLH-DSA-SHAKE-192f,3470.48,499.64,62.6956,1,76,0.408602,287.161,24,92402.4,92376.9,107876,107873
2,6,34,SLH-DSA-SHA2-192f_signed-by_SLH-DSA-SHAKE-192f,SLH-DSA-SHA2-192f_signed-by_SLH-DSA-SHAKE-192f,457.289,3791.89,271.478,1,121,0.902985,413.045,16,92108.8,91648,107876,107873
2,8,35,SLH-DSA-SHA2-192f_signed-by_SLH-DSA-SHAKE-192f,SLH-DSA-SHA2-192f_signed-by_SLH-DSA-SHAKE-192f,442.17,3921.54,389.822,1,241,1.33889,567.644,18,92036,91640.4,107876,107873
2,2,34,SLH-DSA-SHA2-192f_signed-by_SLH-DSA-SHAKE-192f,SLH-DSA-SHA2-192f_signed-by_SLH-DSA-SHAKE-192f,428.556,4046.12,297.706,1,69,0.522727,554.152,24,92199.6,92638.1,107876,107873
2,3,35,SLH-DSA-SHA2-192f_signed-by_SLH-DSA-SHAKE-192f,SLH-DSA-SHA2-192f_signed-by_SLH-DSA-SHAKE-192f,447.93,3871.12,374.237,1,221,1.3642,628.346,24,92296,91961.4,107876,107873
2,5,35,SLH-DSA-SHA2-192f_signed-by_SLH-DSA-SHAKE-192f,SLH-DSA-SHA2-192f_signed-by_SLH-DSA-SHAKE-192f,346.225,5008.28,399.047,1,61,0.396104,900.961,13,92341.9,92019.9,107876,107873
2,1,32,SLH-DSA-SHA2-192f_signed-by_SLH-DSA-SHAKE-192f,SLH-DSA-SHA2-192f_signed-by_SLH-DSA-SHAKE-192f,482.505,3593.72,231.856,1,0,0,403.323,24,92067.1,92124.6,107876,107873
2,2,35,SLH-DSA-SHA2-192f_signed-by_SLH-DSA-SHAKE-192f,SLH-DSA-SHA2-192f_signed-by_SLH-DSA-SHAKE-192f,437.456,3963.81,278.41,1,120,0.909091,895.061,24,92405.2,91751.8,107876,107873
2,8,36,SLH-DSA-SHA2-192f_signed-by_SLH-DSA-SHAKE-192f,SLH-DSA-SHA2-192f_signed-by_SLH-DSA-SHAKE-192f,455.492,3806.85,321.621,1,111,0.689441,665.702,17,92283.6,92108.4,107876,107873
2,3,36,SLH-DSA-SHA2-192f_signed-by_SLH-DSA-SHAKE-192f,SLH-DSA-SHA2-192f_signed-by_SLH-DSA-SHAKE-192f,459.808,3771.12,283.631,1,256,1.8963,859.659,24,92373.6,92015.8,107876,107873
2,5,36,SLH-DSA-SHA2-192f_signed-by_SLH-DSA-SHAKE-192f,SLH-DSA-SHA2-192f_signed-by_SLH-DSA-SHAKE-192f,437.002,3967.92,270.644,1,65,0.52,674.992,13,91930.5,91803.5,107876,107873
2,7,35,SLH-DSA-SHA2-192f_signed-by_SLH-DSA-SHAKE-192f,SLH-DSA-SHA2-192f_signed-by_SLH-DSA-SHAKE-192f,477.168,3633.92,235.522,1,0,0,397.524,10,92125.9,91951.8,107876,107873
2,4,24,SLH-DSA-SHA2-192f_signed-by_SLH-DSA-SHAKE-192f,SLH-DSA-SHA2-192f_signed-by_SLH-DSA-SHAKE-192f,476.942,3635.64,289.846,1,246,1.62914,484.702,24,92175.9,91862.7,107876,107873
2,6,35,SLH-DSA-SHA2-192f_signed-by_SLH-DSA-SHAKE-192f,SLH-DSA-SHA2-192f_signed-by_SLH-DSA-SHAKE-192f,498.783,3476.44,243.344,1,40,0.296296,532.963,17,91920.9,91801,107876,107873
2,1,33,SLH-DSA-SHA2-192f_signed-by_SLH-DSA-SHAKE-192f,SLH-DSA-SHA2-192f_signed-by_SLH-DSA-SHAKE-192f,419.98,4128.74,319.634,1,64,0.405063,365.519,24,92092.4,91834.5,107876,107873
2,7,36,SLH-DSA-SHA2-192f_signed-by_SLH-DSA-SHAKE-192f,SLH-DSA-SHA2-192f_signed-by_SLH-DSA-SHAKE-192f,463.285,3742.82,285.025,1,164,1.01863,427.64,11,92103.8,92132.4,107876,107873
2,3,37,SLH-DSA-SHA2-192f_signed-by_SLH-DSA-SHAKE-192f,SLH-DSA-SHA2-192f_signed-by_SLH-DSA-SHAKE-192f,470.531,3685.18,311.444,1,117,0.829787,754.511,24,94169.1,91802.2,107876,107873
2,5,37,SLH-DSA-SHA2-192f_signed-by_SLH-DSA-SHAKE-192f,SLH-DSA-SHA2-192f_signed-by_SLH-DSA-SHAKE-192f,470.77,3683.31,458.483,1,101,0.627329,590.373,12,92174.5,92635.8,107876,107873
2,6,36,SLH-DSA-SHA2-192f_signed-by_SLH-DSA-SHAKE-192f,SLH-DSA-SHA2-192f_signed-by_SLH-DSA-SHAKE-192f,441.772,3925.08,317.919,1,128,0.853333,524.827,17,91848.9,91672.6,107876,107873
2,4,25,SLH-DSA-SHA2-192f_signed-by_SLH-DSA-SHAKE-192f,SLH-DSA-SHA2-192f_signed-by_SLH-DSA-SHAKE-192f,470.769,3683.32,307.65,1,289,2.0942,991.855,24,92163.9,92469.7,107876,107873
2,8,37,SLH-DSA-SHA2-192f_signed-by_SLH-DSA-SHAKE-192f,SLH-DSA-SHA2-192f_signed-by_SLH-DSA-SHAKE-192f,487.653,3555.79,321.047,1,116,0.613757,347.101,16,92157.4,91625.4,107876,107873
2,2,36,SLH-DSA-SHA2-192f_signed-by_SLH-DSA-SHAKE-192f,SLH-DSA-SHA2-192f_signed-by_SLH-DSA-SHAKE-192f,512.837,3381.17,292.428,1,198,1.125,483.455,24,92226.1,91884.6,107876,107873
2,1,34,SLH-DSA-SHA2-192f_signed-by_SLH-DSA-SHAKE-192f,SLH-DSA-SHA2-192f_signed-by_SLH-DSA-SHAKE-192f,507.294,3418.12,260.74,1,50,0.324675,496.364,24,91989.5,91771.4,107876,107873
2,8,38,SLH-DSA-SHA2-192f_signed-by_SLH-DSA-SHAKE-192f,SLH-DSA-SHA2-192f_signed-by_SLH-DSA-SHAKE-192f,469.444,3693.71,272.117,1,169,1.27068,701.068,15,92372.7,91937.6,107876,107873
2,5,38,SLH-DSA-SHA2-192f_signed-by_SLH-DSA-SHAKE-192f,SLH-DSA-SHA2-192f_signed-by_SLH-DSA-SHAKE-192f,478.993,3620.07,232.487,1,0,0,626.295,12,91932.2,91825.5,107876,107873
2,4,26,SLH-DSA-SHA2-192f_signed-by_SLH-DSA-SHAKE-192f,SLH-DSA-SHA2-192f_signed-by_SLH-DSA-SHAKE-192f,494.205,3508.64,286.553,1,206,1.32903,636.4,24,92181.3,92055.1,107876,107873
2,3,38,SLH-DSA-SHA2-192f_signed-by_SLH-DSA-SHAKE-192f,SLH-DSA-SHA2-192f_signed-by_SLH-DSA-SHAKE-192f,502.229,3452.59,284.269,1,180,1.2,687.84,24,92089,92212.8,107876,107873
2,2,37,SLH-DSA-SHA2-192f_signed-by_SLH-DSA-SHAKE-192f,SLH-DSA-SHA2-192f_signed-by_SLH-DSA-SHAKE-192f,488.551,3549.25,366.733,1,199,1.00505,1765.54,24,92200.2,91775.3,107876,107873
2,6,37,SLH-DSA-SHA2-192f_signed-by_SLH-DSA-SHAKE-192f,SLH-DSA-SHA2-192f_signed-by_SLH-DSA-SHAKE-192f,507.945,3413.74,315.877,1,233,1.6069,1611.54,16,91928.4,91897.9,107876,107873
2,7,37,SLH-DSA-SHA2-192f_signed-by_SLH-DSA-SHAKE-192f,SLH-DSA-SHA2-192f_signed-by_SLH-DSA-SHAKE-192f,519.355,3338.74,263.742,1,172,1.14667,399.28,12,91955.9,92064.4,107876,107873
2,1,35,SLH-DSA-SHA2-192f_signed-by_SLH-DSA-SHAKE-192f,SLH-DSA-SHA2-192f_signed-by_SLH-DSA-SHAKE-192f,428.305,4048.49,295.266,1,41,0.282759,391.793,24,91998,92207.9,107876,107873
2,4,27,SLH-DSA-SHA2-192f_signed-by_SLH-DSA-SHAKE-192f,SLH-DSA-SHA2-192f_signed-by_SLH-DSA-SHAKE-192f,409.156,4237.97,274.047,1,0,0,492.752,24,92016.3,91835.7,107876,107873
2,6,38,SLH-DSA-SHA2-192f_signed-by_SLH-DSA-SHAKE-192f,SLH-DSA-SHA2-192f_signed-by_SLH-DSA-SHAKE-192f,420.884,4119.88,318.073,0.87013,63,0.409091,474.286,16,92288.5,92090.2,107876,107873
2,7,38,SLH-DSA-SHA2-192f_signed-by_SLH-DSA-SHAKE-192f,SLH-DSA-SHA2-192f_signed-by_SLH-DSA-SHAKE-192f,425.589,4074.33,385.762,0.93662,0,0,656.451,13,92584.8,92142.6,107876,107873
2,3,39,SLH-DSA-SHA2-192f_signed-by_SLH-DSA-SHAKE-192f,SLH-DSA-SHA2-192f_signed-by_SLH-DSA-SHAKE-192f,440.869,3933.12,292.44,1,165,1.16197,623.127,24,93455.5,91698.5,107876,107873
2,8,39,SLH-DSA-SHA2-192f_signed-by_SLH-DSA-SHAKE-192f,SLH-DSA-SHA2-192f_signed-by_SLH-DSA-SHAKE-192f,466.549,3716.63,250.931,1,33,0.261905,410.825,14,92010.8,91851,107876,107873
2,5,39,SLH-DSA-SHA2-192f_signed-by_SLH-DSA-SHAKE-192f,SLH-DSA-SHA2-192f_signed-by_SLH-DSA-SHAKE-192f,467.132,3712,252.845,1,13,0.101562,399.375,12,92315.7,91880.4,107876,107873
2,2,38,SLH-DSA-SHA2-192f_signed-by_SLH-DSA-SHAKE-192f,SLH-DSA-SHA2-192f_signed-by_SLH-DSA-SHAKE-192f,453.31,3825.17,260.201,1,25,0.195312,719.594,24,92122,92145.8,107876,107873
2,1,36,SLH-DSA-SHA2-192f_signed-by_SLH-DSA-SHAKE-192f,SLH-DSA-SHA2-192f_signed-by_SLH-DSA-SHAKE-192f,342.767,5058.8,387.855,1,59,0.383117,454.468,24,92275.3,91796.2,107876,107873
2,4,28,SLH-DSA-SHA2-192f_signed-by_SLH-DSA-SHAKE-192f,SLH-DSA-SHA2-192f_signed-by_SLH-DSA-SHAKE-192f,464.931,3729.56,282.674,1,55,0.357143,372.104,24,92077,91785.7,107876,107873
2,8,40,SLH-DSA-SHA2-192f_signed-by_SLH-DSA-SHAKE-192f,SLH-DSA-SHA2-192f_signed-by_SLH-DSA-SHAKE-192f,442.006,3923,310.258,1,124,0.837838,642.135,14,92066.6,91829.8,107876,107873
2,2,39,SLH-DSA-SHA2-192f_signed-by_SLH-DSA-SHAKE-192f,SLH-DSA-SHA2-192f_signed-by_SLH-DSA-SHAKE-192f,439.813,3942.56,298.781,1,146,1,525.452,24,92160.6,92104.5,107876,107873
2,5,40,SLH-DSA-SHA2-192f_signed-by_SLH-DSA-SHAKE-192f,SLH-DSA-SHA2-192f_signed-by_SLH-DSA-SHAKE-192f,456.879,3795.29,366.521,1,237,1.32402,523.676,11,91873.9,92050.8,107876,107873
2,6,39,SLH-DSA-SHA2-192f_signed-by_SLH-DSA-SHAKE-192f,SLH-DSA-SHA2-192f_signed-by_SLH-DSA-SHAKE-192f,474.188,3656.76,273.309,1,46,0.306667,431.733,15,92083.6,91760.1,107876,107873
2,3,40,SLH-DSA-SHA2-192f_signed-by_SLH-DSA-SHAKE-192f,SLH-DSA-SHA2-192f_signed-by_SLH-DSA-SHAKE-192f,472.759,3667.81,310.111,1,136,0.985507,716.986,24,93426.1,91802.2,107876,107873
2,7,39,SLH-DSA-SHA2-192f_signed-by_SLH-DSA-SHAKE-192f,SLH-DSA-SHA2-192f_signed-by_SLH-DSA-SHAKE-192f,477.913,3628.26,363.815,1,193,1.13529,1662.19,14,92119.4,91647.4,107876,107873
2,1,37,SLH-DSA-SHA2-192f_signed-by_SLH-DSA-SHAKE-192f,SLH-DSA-SHA2-192f_signed-by_SLH-DSA-SHAKE-192f,311.464,5567.22,376.081,1,0,0,486.984,24,91834.3,91925.6,107876,107873
2,2,40,SLH-DSA-SHA2-192f_signed-by_SLH-DSA-SHAKE-192f,SLH-DSA-SHA2-192f_signed-by_SLH-DSA-SHAKE-192f,429.573,4036.55,259.234,1,0,0,524.164,24,92225,91707.3,107876,107873
2,7,40,SLH-DSA-SHA2-192f_signed-by_SLH-DSA-SHAKE-192f,SLH-DSA-SHA2-192f_signed-by_SLH-DSA-SHAKE-192f,421.209,4116.7,276.119,1,129,1.04878,691.463,14,92327.3,91789.2,107876,107873
2,3,41,SLH-DSA-SHA2-192f_signed-by_SLH-DSA-SHAKE-192f,SLH-DSA-SHA2-192f_signed-by_SLH-DSA-SHAKE-192f,430.155,4031.08,357.415,1,210,1.25,647.571,24,92236.7,91765.1,107876,107873
2,6,40,SLH-DSA-SHA2-192f_signed-by_SLH-DSA-SHAKE-192f,SLH-DSA-SHA2-192f_signed-by_SLH-DSA-SHAKE-192f,448.209,3868.71,306.535,1,73,0.453416,453.404,14,92199,91776.8,107876,107873
2,4,29,SLH-DSA-SHA2-192f_signed-by_SLH-DSA-SHAKE-192f,SLH-DSA-SHA2-192f_signed-by_SLH-DSA-SHAKE-192f,488.057,3552.84,239.087,1,11,0.0820896,379.045,24,92036.8,91792.6,107876,107873
2,8,41,SLH-DSA-SHA2-192f_signed-by_SLH-DSA-SHAKE-192f,SLH-DSA-SHA2-192f_signed-by_SLH-DSA-SHAKE-192f,481.757,3599.31,240.088,1,11,0.0846154,389.231,14,92081.9,92409.1,107876,107873
2,5,41,SLH-DSA-SHA2-192f_signed-by_SLH-DSA-SHAKE-192f,SLH-DSA-SHA2-192f_signed-by_SLH-DSA-SHAKE-192f,479.049,3619.65,366.392,1,179,0.824885,425.263,10,91944.1,91722.6,107876,107873
2,1,38,SLH-DSA-SHA2-192f_signed-by_SLH-DSA-SHAKE-192f,SLH-DSA-SHA2-192f_signed-by_SLH-DSA-SHAKE-192f,388.551,4462.71,309.745,1,116,0.892308,859.323,24,92287.9,91854,107876,107873
2,2,41,SLH-DSA-SHA2-192f_signed-by_SLH-DSA-SHAKE-192f,SLH-DSA-SHA2-192f_signed-by_SLH-DSA-SHAKE-192f,488.596,3548.93,240.624,1,107,0.829457,449.163,24,92189.6,92612.3,107876,107873
2,4,30,SLH-DSA-SHA2-192f_signed-by_SLH-DSA-SHAKE-192f,SLH-DSA-SHA2-192f_signed-by_SLH-DSA-SHAKE-192f,481.177,3603.64,266.845,1,159,1.22308,1021.42,24,92166.9,91844.5,107876,107873
2,6,41,SLH-DSA-SHA2-192f_signed-by_SLH-DSA-SHAKE-192f,SLH-DSA-SHA2-192f_signed-by_SLH-DSA-SHAKE-192f,494.068,3509.62,260.595,1,142,1.0365,652.102,14,97356.3,92106,107876,107873
2,7,41,SLH-DSA-SHA2-192f_signed-by_SLH-DSA-SHAKE-192f,SLH-DSA-SHA2-192f_signed-by_SLH-DSA-SHAKE-192f,505.405,3430.89,244.936,1,32,0.22069,363.6,15,92379.2,92089,107876,107873
2,5,42,SLH-DSA-SHA2-192f_signed-by_SLH-DSA-SHAKE-192f,SLH-DSA-SHA2-192f_signed-by_SLH-DSA-SHAKE-192f,470.553,3685.01,294.7,1,88,0.575163,624.954,9,91893.2,91690.9,107876,107873
2,3,42,SLH-DSA-SHA2-192f_signed-by_SLH-DSA-SHAKE-192f,SLH-DSA-SHA2-192f_signed-by_SLH-DSA-SHAKE-192f,508.193,3412.07,260.09,1,170,1.14094,415.852,24,92216.5,91768.8,107876,107873
2,8,42,SLH-DSA-SHA2-192f_signed-by_SLH-DSA-SHAKE-192f,SLH-DSA-SHA2-192f_signed-by_SLH-DSA-SHAKE-192f,491.694,3526.56,290.001,1,213,1.4106,577.126,14,92071.1,91827.2,107876,107873
2,6,42,SLH-DSA-SHA2-192f_signed-by_SLH-DSA-SHAKE-192f,SLH-DSA-SHA2-192f_signed-by_SLH-DSA-SHAKE-192f,409.053,4239.04,309.241,1,110,0.785714,613.914,15,92091.5,92101.2,107876,107873
2,2,42,SLH-DSA-SHA2-192f_signed-by_SLH-DSA-SHAKE-192f,SLH-DSA-SHA2-192f_signed-by_SLH-DSA-SHAKE-192f,479.371,3617.22,234.44,1,0,0,397.524,24,92030.4,91944.2,107876,107873
2,8,43,SLH-DSA-SHA2-192f_signed-by_SLH-DSA-SHAKE-192f,SLH-DSA-SHA2-192f_signed-by_SLH-DSA-SHAKE-192f,443.416,3910.52,364.876,1,140,0.71066,442.02,13,92016.1,91837.2,107876,107873
2,5,43,SLH-DSA-SHA2-192f_signed-by_SLH-DSA-SHAKE-192f,SLH-DSA-SHA2-192f_signed-by_SLH-DSA-SHAKE-192f,449.953,3853.71,312.779,1,100,0.636943,490.586,9,92087.5,92912.4,107876,107873
2,3,43,SLH-DSA-SHA2-192f_signed-by_SLH-DSA-SHAKE-192f,SLH-DSA-SHA2-192f_signed-by_SLH-DSA-SHAKE-192f,449.559,3857.09,415.802,1,337,1.6439,603.093,24,92649.2,91950,107876,107873
2,7,42,SLH-DSA-SHA2-192f_signed-by_SLH-DSA-SHAKE-192f,SLH-DSA-SHA2-192f_signed-by_SLH-DSA-SHAKE-192f,457.986,3786.12,334.927,1,241,1.47853,1009.51,16,92143.6,92045.2,107876,107873
2,4,31,SLH-DSA-SHA2-192f_signed-by_SLH-DSA-SHAKE-192f,SLH-DSA-SHA2-192f_signed-by_SLH-DSA-SHAKE-192f,466.57,3716.46,282.607,1,171,1.15541,414.351,24,92261.9,91784,107876,107873
2,3,44,SLH-DSA-SHA2-192f_signed-by_SLH-DSA-SHAKE-192f,SLH-DSA-SHA2-192f_signed-by_SLH-DSA-SHAKE-192f,408.622,4243.5,290.615,1,21,0.157895,455.474,24,92460.2,91825.5,107876,107873
2,6,43,SLH-DSA-SHA2-192f_signed-by_SLH-DSA-SHAKE-192f,SLH-DSA-SHA2-192f_signed-by_SLH-DSA-SHAKE-192f,458.64,3780.72,246.153,1,0,0,391.906,16,92182.7,91911,107876,107873
2,5,44,SLH-DSA-SHA2-192f_signed-by_SLH-DSA-SHAKE-192f,SLH-DSA-SHA2-192f_signed-by_SLH-DSA-SHAKE-192f,441.284,3929.42,321.063,1,205,1.32258,640.194,10,92244.3,91995.6,107876,107873
2,7,43,SLH-DSA-SHA2-192f_signed-by_SLH-DSA-SHAKE-192f,SLH-DSA-SHA2-192f_signed-by_SLH-DSA-SHAKE-192f,440.624,3935.31,295.98,1,96,0.75,723,17,92076.3,91772.6,107876,107873
2,4,32,SLH-DSA-SHA2-192f_signed-by_SLH-DSA-SHAKE-192f,SLH-DSA-SHA2-192f_signed-by_SLH-DSA-SHAKE-192f,440.096,3940.03,351.123,1,350,2.24359,975.897,24,92200.2,91677.8,107876,107873
2,8,44,SLH-DSA-SHA2-192f_signed-by_SLH-DSA-SHAKE-192f,SLH-DSA-SHA2-192f_signed-by_SLH-DSA-SHAKE-192f,449.224,3859.97,310.152,1,146,0.929936,582.28,12,91898.1,92254,107876,107873
2,2,43,SLH-DSA-SHA2-192f_signed-by_SLH-DSA-SHAKE-192f,SLH-DSA-SHA2-192f_signed-by_SLH-DSA-SHAKE-192f,461.799,3754.86,266.471,1,32,0.22695,371.475,24,92401.2,91827.2,107876,107873
2,8,45,SLH-DSA-SHA2-192f_signed-by_SLH-DSA-SHAKE-192f,SLH-DSA-SHA2-192f_signed-by_SLH-DSA-SHAKE-192f,385.921,4493.12,328.108,1,61,0.455224,647.851,11,91860.1,92380,107876,107873
2,5,45,SLH-DSA-SHA2-192f_signed-by_SLH-DSA-SHAKE-192f,SLH-DSA-SHA2-192f_signed-by_SLH-DSA-SHAKE-192f,431.215,4021.17,273.274,1,3,0.024,452.56,10,91916.9,91960.1,107876,107873
2,4,33,SLH-DSA-SHA2-192f_signed-by_SLH-DSA-SHAKE-192f,SLH-DSA-SHA2-192f_signed-by_SLH-DSA-SHAKE-192f,426.037,4070.04,309.757,1,315,2.44186,753.473,24,92122.2,92543.6,107876,107873
2,2,44,SLH-DSA-SHA2-192f_signed-by_SLH-DSA-SHAKE-192f,SLH-DSA-SHA2-192f_signed-by_SLH-DSA-SHAKE-192f,421.943,4109.54,289.29,1,87,0.679688,1000.75,24,92045.4,91781.4,107876,107873
2,7,44,SLH-DSA-SHA2-192f_signed-by_SLH-DSA-SHAKE-192f,SLH-DSA-SHA2-192f_signed-by_SLH-DSA-SHAKE-192f,439.368,3946.55,286.265,1,132,0.94964,467.899,17,92475.6,93524.7,107876,107873
2,6,44,SLH-DSA-SHA2-192f_signed-by_SLH-DSA-SHAKE-192f,SLH-DSA-SHA2-192f_signed-by_SLH-DSA-SHAKE-192f,472.398,3670.61,238.443,1,0,0,423.26,17,92051.5,93828.5,107876,107873
2,1,39,SLH-DSA-SHA2-192f_signed-by_SLH-DSA-SHAKE-192f,SLH-DSA-SHA2-192f_signed-by_SLH-DSA-SHAKE-192f,1795.38,965.807,91.6574,1,204,1.1027,443.773,24,92153.9,92469.4,107876,107873
2,8,46,SLH-DSA-SHA2-192f_signed-by_SLH-DSA-SHAKE-192f,SLH-DSA-SHA2-192f_signed-by_SLH-DSA-SHAKE-192f,406.47,4265.97,325.18,1,74,0.496644,451.584,11,92058.8,92110.6,107876,107873
2,2,45,SLH-DSA-SHA2-192f_signed-by_SLH-DSA-SHAKE-192f,SLH-DSA-SHA2-192f_signed-by_SLH-DSA-SHAKE-192f,385.624,4496.58,306.786,1,83,0.643411,531.612,24,92760.3,91872.8,107876,107873
2,6,45,SLH-DSA-SHA2-192f_signed-by_SLH-DSA-SHAKE-192f,SLH-DSA-SHA2-192f_signed-by_SLH-DSA-SHAKE-192f,419.754,4130.96,293.352,1,24,0.184615,478.769,17,91950.3,91750.6,107876,107873
2,5,46,SLH-DSA-SHA2-192f_signed-by_SLH-DSA-SHAKE-192f,SLH-DSA-SHA2-192f_signed-by_SLH-DSA-SHAKE-192f,432.034,4013.55,338.751,1,210,1.22807,392.152,10,92522.1,92109.2,107876,107873
2,4,34,SLH-DSA-SHA2-192f_signed-by_SLH-DSA-SHAKE-192f,SLH-DSA-SHA2-192f_signed-by_SLH-DSA-SHAKE-192f,434.4,3991.69,435.764,1,312,1.65079,634.466,24,92428.2,91643.7,107876,107873
2,1,40,SLH-DSA-SHA2-192f_signed-by_SLH-DSA-SHAKE-192f,SLH-DSA-SHA2-192f_signed-by_SLH-DSA-SHAKE-192f,428.13,4050.14,365.608,1,210,1.2,631.257,24,91953,91833.9,107876,107873
2,8,47,SLH-DSA-SHA2-192f_signed-by_SLH-DSA-SHAKE-192f,SLH-DSA-SHA2-192f_signed-by_SLH-DSA-SHAKE-192f,411.909,4209.65,273.342,1,1,0.008,400.528,10,91927.6,91903,107876,107873
2,5,47,SLH-DSA-SHA2-192f_signed-by_SLH-DSA-SHAKE-192f,SLH-DSA-SHA2-192f_signed-by_SLH-DSA-SHAKE-192f,356.951,4857.78,407.271,1,50,0.35461,555.816,9,92642.1,91861.3,107876,107873
2,2,46,SLH-DSA-SHA2-192f_signed-by_SLH-DSA-SHAKE-192f,SLH-DSA-SHA2-192f_signed-by_SLH-DSA-SHAKE-192f,429.717,4035.19,341.396,1,84,0.494118,421.412,24,92100.5,91962.8,107876,107873
2,4,35,SLH-DSA-SHA2-192f_signed-by_SLH-DSA-SHAKE-192f,SLH-DSA-SHA2-192f_signed-by_SLH-DSA-SHAKE-192f,384.71,4507.26,375.222,1,109,0.656627,479.084,24,92037.7,92260.7,107876,107873
2,1,41,SLH-DSA-SHA2-192f_signed-by_SLH-DSA-SHAKE-192f,SLH-DSA-SHA2-192f_signed-by_SLH-DSA-SHAKE-192f,383.706,4519.05,367.906,1,88,0.546584,560.584,24,93037.4,92006.1,107876,107873
2,6,46,SLH-DSA-SHA2-192f_signed-by_SLH-DSA-SHAKE-192f,SLH-DSA-SHA2-192f_signed-by_SLH-DSA-SHAKE-192f,402.904,4303.73,342.592,1,154,1.01316,423.737,17,92374.3,91908,107876,107873
2,8,48,SLH-DSA-SHA2-192f_signed-by_SLH-DSA-SHAKE-192f,SLH-DSA-SHA2-192f_signed-by_SLH-DSA-SHAKE-192f,389.319,4453.91,303.134,1,18,0.134328,381.313,10,91924,91743.6,107876,107873
2,5,48,SLH-DSA-SHA2-192f_signed-by_SLH-DSA-SHAKE-192f,SLH-DSA-SHA2-192f_signed-by_SLH-DSA-SHAKE-192f,405.868,4272.3,302.797,1,31,0.216783,366.839,9,92323.9,92289.9,107876,107873
2,1,42,SLH-DSA-SHA2-192f_signed-by_SLH-DSA-SHAKE-192f,SLH-DSA-SHA2-192f_signed-by_SLH-DSA-SHAKE-192f,375.57,4616.96,297.872,1,0,0,453.258,24,91998.9,91670.2,107876,107873
2,2,47,SLH-DSA-SHA2-192f_signed-by_SLH-DSA-SHAKE-192f,SLH-DSA-SHA2-192f_signed-by_SLH-DSA-SHAKE-192f,398.802,4347.99,320.479,1,43,0.288591,381.463,24,92184.7,91706.5,107876,107873
2,6,47,SLH-DSA-SHA2-192f_signed-by_SLH-DSA-SHAKE-192f,SLH-DSA-SHA2-192f_signed-by_SLH-DSA-SHAKE-192f,387.824,4471.07,318.247,1,79,0.603053,537.267,17,92591.1,92087.8,107876,107873
2,4,36,SLH-DSA-SHA2-192f_signed-by_SLH-DSA-SHAKE-192f,SLH-DSA-SHA2-192f_signed-by_SLH-DSA-SHAKE-192f,401.871,4314.79,303.181,1,141,1.05224,424.328,24,91975.9,92092.9,107876,107873
2,3,45,SLH-DSA-SHA2-192f_signed-by_SLH-DSA-SHAKE-192f,SLH-DSA-SHA2-192f_signed-by_SLH-DSA-SHAKE-192f,1697.03,1021.78,77.2645,1,55,0.335366,243.61,24,92357.4,92244,107876,107873
2,7,45,SLH-DSA-SHA2-192f_signed-by_SLH-DSA-SHAKE-192f,SLH-DSA-SHA2-192f_signed-by_SLH-DSA-SHAKE-192f,1294.83,1339.17,99.5221,1,69,0.518797,376.466,19,91891.8,92038.9,107876,107873
2,8,49,SLH-DSA-SHA2-192f_signed-by_SLH-DSA-SHAKE-192f,SLH-DSA-SHA2-192f_signed-by_SLH-DSA-SHAKE-192f,449.552,3857.15,249.991,1,0,0,406.889,10,92044.8,91904.9,107876,107873
2,1,43,SLH-DSA-SHA2-192f_signed-by_SLH-DSA-SHAKE-192f,SLH-DSA-SHA2-192f_signed-by_SLH-DSA-SHAKE-192f,428.742,4044.36,307.429,1,57,0.365385,422.282,24,91946.8,92305.3,107876,107873
2,6,48,SLH-DSA-SHA2-192f_signed-by_SLH-DSA-SHAKE-192f,SLH-DSA-SHA2-192f_signed-by_SLH-DSA-SHAKE-192f,441.01,3931.86,266.007,1,23,0.184,472.08,17,95423.1,91922.7,107876,107873
2,5,49,SLH-DSA-SHA2-192f_signed-by_SLH-DSA-SHAKE-192f,SLH-DSA-SHA2-192f_signed-by_SLH-DSA-SHAKE-192f,473.77,3659.98,351.63,1,171,0.859296,363.146,9,92002.1,91994.2,107876,107873
2,2,48,SLH-DSA-SHA2-192f_signed-by_SLH-DSA-SHAKE-192f,SLH-DSA-SHA2-192f_signed-by_SLH-DSA-SHAKE-192f,452.266,3834.01,400.826,1,181,0.837963,542.407,24,92742.7,91811.6,107876,107873
2,3,46,SLH-DSA-SHA2-192f_signed-by_SLH-DSA-SHAKE-192f,SLH-DSA-SHA2-192f_signed-by_SLH-DSA-SHAKE-192f,438.395,3955.31,278.324,1,82,0.645669,654.535,24,92195.8,91774.3,107876,107873
2,7,46,SLH-DSA-SHA2-192f_signed-by_SLH-DSA-SHAKE-192f,SLH-DSA-SHA2-192f_signed-by_SLH-DSA-SHAKE-192f,381.543,4544.67,719.603,1,119,0.62963,1317.09,20,92154.1,91740.1,107876,107873
2,8,50,SLH-DSA-SHA2-192f_signed-by_SLH-DSA-SHAKE-192f,SLH-DSA-SHA2-192f_signed-by_SLH-DSA-SHAKE-192f,474.112,3657.34,299.034,1,83,0.497006,480.898,10,91849.8,91732.6,107876,107873
2,1,44,SLH-DSA-SHA2-192f_signed-by_SLH-DSA-SHAKE-192f,SLH-DSA-SHA2-192f_signed-by_SLH-DSA-SHAKE-192f,500.569,3464.04,235.284,1,34,0.263566,419.488,24,92016.4,91825.6,107876,107873
2,6,49,SLH-DSA-SHA2-192f_signed-by_SLH-DSA-SHAKE-192f,SLH-DSA-SHA2-192f_signed-by_SLH-DSA-SHAKE-192f,474.092,3657.5,277.212,1,153,1.07746,411.183,17,93123.3,92068.8,107876,107873
2,2,49,SLH-DSA-SHA2-192f_signed-by_SLH-DSA-SHAKE-192f,SLH-DSA-SHA2-192f_signed-by_SLH-DSA-SHAKE-192f,465.545,3724.65,344.955,1,208,1.17514,580.599,24,92167.6,91775.8,107876,107873
2,3,47,SLH-DSA-SHA2-192f_signed-by_SLH-DSA-SHAKE-192f,SLH-DSA-SHA2-192f_signed-by_SLH-DSA-SHAKE-192f,465.435,3725.53,279.068,1,130,0.970149,519.164,24,92289,92116.6,107876,107873
2,5,50,SLH-DSA-SHA2-192f_signed-by_SLH-DSA-SHAKE-192f,SLH-DSA-SHA2-192f_signed-by_SLH-DSA-SHAKE-192f,469.502,3693.25,310.558,1,150,1.02041,719.143,10,92221.9,91679.1,107876,107873
2,7,47,SLH-DSA-SHA2-192f_signed-by_SLH-DSA-SHAKE-192f,SLH-DSA-SHA2-192f_signed-by_SLH-DSA-SHAKE-192f,462.115,3752.29,381.515,1,446,2.49162,2038.18,21,92930.1,91776.6,107876,107873
2,7,48,SLH-DSA-SHA2-192f_signed-by_SLH-DSA-SHAKE-192f,SLH-DSA-SHA2-192f_signed-by_SLH-DSA-SHAKE-192f,429.76,4034.78,336.596,1,153,0.993506,702.182,22,92436.6,91776.4,107876,107873
2,2,50,SLH-DSA-SHA2-192f_signed-by_SLH-DSA-SHAKE-192f,SLH-DSA-SHA2-192f_signed-by_SLH-DSA-SHAKE-192f,441.101,3931.05,279.954,1,106,0.821705,702.527,24,92167.5,92982,107876,107873
2,5,51,SLH-DSA-SHA2-192f_signed-by_SLH-DSA-SHAKE-192f,SLH-DSA-SHA2-192f_signed-by_SLH-DSA-SHAKE-192f,447.769,3872.51,313.34,1,188,1.18239,556.038,11,91976.1,91957,107876,107873
2,8,51,SLH-DSA-SHA2-192f_signed-by_SLH-DSA-SHAKE-192f,SLH-DSA-SHA2-192f_signed-by_SLH-DSA-SHAKE-192f,493.543,3513.35,274.651,1,66,0.415094,372.415,10,92208.4,91688.5,107876,107873
2,6,50,SLH-DSA-SHA2-192f_signed-by_SLH-DSA-SHAKE-192f,SLH-DSA-SHA2-192f_signed-by_SLH-DSA-SHAKE-192f,452.294,3833.77,258.416,1,0,0,636.688,18,91880.5,92444,107876,107873
2,1,45,SLH-DSA-SHA2-192f_signed-by_SLH-DSA-SHAKE-192f,SLH-DSA-SHA2-192f_signed-by_SLH-DSA-SHAKE-192f,464.268,3734.89,275.047,1,43,0.290541,384.135,24,91963.9,91982.8,107876,107873
2,3,48,SLH-DSA-SHA2-192f_signed-by_SLH-DSA-SHAKE-192f,SLH-DSA-SHA2-192f_signed-by_SLH-DSA-SHAKE-192f,460.836,3762.7,397.885,1,349,1.83684,589.937,24,92332,91592.6,107876,107873
2,4,37,SLH-DSA-SHA2-192f_signed-by_SLH-DSA-SHAKE-192f,SLH-DSA-SHA2-192f_signed-by_SLH-DSA-SHAKE-192f,1732.83,1000.67,85.7416,1,183,1.07018,446.632,24,91913.6,92151.8,107876,107873
2,8,52,SLH-DSA-SHA2-192f_signed-by_SLH-DSA-SHAKE-192f,SLH-DSA-SHA2-192f_signed-by_SLH-DSA-SHAKE-192f,432.657,4007.77,346.287,1,313,2.03247,1464.31,11,92123.8,92167.9,107876,107873
2,3,49,SLH-DSA-SHA2-192f_signed-by_SLH-DSA-SHAKE-192f,SLH-DSA-SHA2-192f_signed-by_SLH-DSA-SHAKE-192f,425.67,4073.55,262.212,1,0,0,642.26,24,93281.9,92114.1,107876,107873
2,7,49,SLH-DSA-SHA2-192f_signed-by_SLH-DSA-SHAKE-192f,SLH-DSA-SHA2-192f_signed-by_SLH-DSA-SHAKE-192f,462.541,3748.84,259.92,1,22,0.158273,367.295,23,92190.9,93077.3,107876,107873
2,6,51,SLH-DSA-SHA2-192f_signed-by_SLH-DSA-SHAKE-192f,SLH-DSA-SHA2-192f_signed-by_SLH-DSA-SHAKE-192f,456.025,3802.4,336.016,1,413,2.58125,792.15,19,92348.9,91989.6,107876,107873
2,1,46,SLH-DSA-SHA2-192f_signed-by_SLH-DSA-SHAKE-192f,SLH-DSA-SHA2-192f_signed-by_SLH-DSA-SHAKE-192f,471.326,3678.96,316.282,1,167,1.04375,1119.88,24,92070.7,91681.5,107876,107873
2,2,51,SLH-DSA-SHA2-192f_signed-by_SLH-DSA-SHAKE-192f,SLH-DSA-SHA2-192f_signed-by_SLH-DSA-SHAKE-192f,493.7,3512.23,282.341,1,210,1.34615,452.974,24,92328.8,91714.8,107876,107873
2,8,53,SLH-DSA-SHA2-192f_signed-by_SLH-DSA-SHAKE-192f,SLH-DSA-SHA2-192f_signed-by_SLH-DSA-SHAKE-192f,446.524,3883.31,251.113,1,0,0,419.344,11,91918.1,91785.9,107876,107873
2,3,50,SLH-DSA-SHA2-192f_signed-by_SLH-DSA-SHAKE-192f,SLH-DSA-SHA2-192f_signed-by_SLH-DSA-SHAKE-192f,443.218,3912.27,300.926,1,229,1.6963,439.304,24,92165.6,92013.6,107876,107873
2,7,50,SLH-DSA-SHA2-192f_signed-by_SLH-DSA-SHAKE-192f,SLH-DSA-SHA2-192f_signed-by_SLH-DSA-SHAKE-192f,431.733,4016.35,283.916,1,23,0.181102,482.913,24,92148.1,91924.9,107876,107873
2,2,52,SLH-DSA-SHA2-192f_signed-by_SLH-DSA-SHAKE-192f,SLH-DSA-SHA2-192f_signed-by_SLH-DSA-SHAKE-192f,406.293,4267.83,370.451,1,231,1.42593,802.519,24,92366.5,92289.9,107876,107873
2,6,52,SLH-DSA-SHA2-192f_signed-by_SLH-DSA-SHAKE-192f,SLH-DSA-SHA2-192f_signed-by_SLH-DSA-SHAKE-192f,437.118,3966.87,268.412,1,129,1.01575,514.063,19,92348.3,91594.5,107876,107873
2,4,38,SLH-DSA-SHA2-192f_signed-by_SLH-DSA-SHAKE-192f,SLH-DSA-SHA2-192f_signed-by_SLH-DSA-SHAKE-192f,526.952,3290.61,349.633,1,200,0.877193,408.877,24,92087.1,91660.9,107876,107873
2,1,47,SLH-DSA-SHA2-192f_signed-by_SLH-DSA-SHAKE-192f,SLH-DSA-SHA2-192f_signed-by_SLH-DSA-SHAKE-192f,431.553,4018.03,354.737,1,238,1.52564,528.795,24,91965.7,91947.7,107876,107873
2,2,53,SLH-DSA-SHA2-192f_signed-by_SLH-DSA-SHAKE-192f,SLH-DSA-SHA2-192f_signed-by_SLH-DSA-SHAKE-192f,432.995,4004.64,328.872,1,200,1.45985,839.547,24,92971,91683.7,107876,107873
2,1,48,SLH-DSA-SHA2-192f_signed-by_SLH-DSA-SHAKE-192f,SLH-DSA-SHA2-192f_signed-by_SLH-DSA-SHAKE-192f,433.848,3996.77,406.041,1,220,1.11675,552.619,24,92110,92254.7,107876,107873
2,4,39,SLH-DSA-SHA2-192f_signed-by_SLH-DSA-SHAKE-192f,SLH-DSA-SHA2-192f_signed-by_SLH-DSA-SHAKE-192f,470.126,3688.36,364.702,1,267,1.58929,1067.48,24,92004.1,91788.4,107876,107873
2,8,54,SLH-DSA-SHA2-192f_signed-by_SLH-DSA-SHAKE-192f,SLH-DSA-SHA2-192f_signed-by_SLH-DSA-SHAKE-192f,491.264,3529.65,310.35,1,111,0.623596,454.292,12,92440.1,92127.5,107876,107873
2,6,53,SLH-DSA-SHA2-192f_signed-by_SLH-DSA-SHAKE-192f,SLH-DSA-SHA2-192f_signed-by_SLH-DSA-SHAKE-192f,481.251,3603.09,343.638,1,163,0.931429,1359.55,19,92431.1,92386.8,107876,107873
2,7,51,SLH-DSA-SHA2-192f_signed-by_SLH-DSA-SHAKE-192f,SLH-DSA-SHA2-192f_signed-by_SLH-DSA-SHAKE-192f,491.71,3526.45,297.443,1,187,1.1131,402.881,25,92389.6,92200.1,107876,107873
2,3,51,SLH-DSA-SHA2-192f_signed-by_SLH-DSA-SHAKE-192f,SLH-DSA-SHA2-192f_signed-by_SLH-DSA-SHAKE-192f,524.246,3307.59,287.773,1,408,2.83333,979.083,24,92169.7,91817.3,107876,107873
2,2,54,SLH-DSA-SHA2-192f_signed-by_SLH-DSA-SHAKE-192f,SLH-DSA-SHA2-192f_signed-by_SLH-DSA-SHAKE-192f,465.662,3723.71,318.789,1,103,0.581921,362.316,24,91992.9,91816.6,107876,107873
2,7,52,SLH-DSA-SHA2-192f_signed-by_SLH-DSA-SHAKE-192f,SLH-DSA-SHA2-192f_signed-by_SLH-DSA-SHAKE-192f,417.795,4150.33,317.169,1,70,0.518519,633.467,26,92653.6,92193.6,107876,107873
2,1,49,SLH-DSA-SHA2-192f_signed-by_SLH-DSA-SHAKE-192f,SLH-DSA-SHA2-192f_signed-by_SLH-DSA-SHAKE-192f,460.543,3765.1,242.913,1,0,0,403.323,24,92064.9,91835.9,107876,107873
2,3,52,SLH-DSA-SHA2-192f_signed-by_SLH-DSA-SHAKE-192f,SLH-DSA-SHA2-192f_signed-by_SLH-DSA-SHAKE-192f,418.225,4146.07,299.284,1,115,0.884615,711.508,24,92713.8,91762.9,107876,107873
2,4,40,SLH-DSA-SHA2-192f_signed-by_SLH-DSA-SHAKE-192f,SLH-DSA-SHA2-192f_signed-by_SLH-DSA-SHAKE-192f,466.432,3717.56,250.068,1,12,0.0909091,389.091,24,92382.7,91848.7,107876,107873
2,8,55,SLH-DSA-SHA2-192f_signed-by_SLH-DSA-SHAKE-192f,SLH-DSA-SHA2-192f_signed-by_SLH-DSA-SHAKE-192f,462.649,3747.96,363.679,1,328,1.96407,618.096,13,91897.2,91838.5,107876,107873
2,6,54,SLH-DSA-SHA2-192f_signed-by_SLH-DSA-SHAKE-192f,SLH-DSA-SHA2-192f_signed-by_SLH-DSA-SHAKE-192f,459.395,3774.5,342.746,1,224,1.38272,451.753,20,92029.2,91835,107876,107873
2,5,52,SLH-DSA-SHA2-192f_signed-by_SLH-DSA-SHAKE-192f,SLH-DSA-SHA2-192f_signed-by_SLH-DSA-SHAKE-192f,1839.92,942.426,92.4908,1,93,0.516667,395.156,11,92056.2,92348.5,107876,107873
2,4,41,SLH-DSA-SHA2-192f_signed-by_SLH-DSA-SHAKE-192f,SLH-DSA-SHA2-192f_signed-by_SLH-DSA-SHAKE-192f,432.368,4010.45,334.973,1,98,0.628205,1082.79,24,92103.8,91997.7,107876,107873
2,8,56,SLH-DSA-SHA2-192f_signed-by_SLH-DSA-SHAKE-192f,SLH-DSA-SHA2-192f_signed-by_SLH-DSA-SHAKE-192f,457.268,3792.07,248.257,1,3,0.024,639.504,12,91851.4,91705.6,107876,107873
2,5,53,SLH-DSA-SHA2-192f_signed-by_SLH-DSA-SHAKE-192f,SLH-DSA-SHA2-192f_signed-by_SLH-DSA-SHAKE-192f,470.578,3684.81,295.602,1,257,1.7483,858.245,10,92435.3,91811,107876,107873
2,2,55,SLH-DSA-SHA2-192f_signed-by_SLH-DSA-SHAKE-192f,SLH-DSA-SHA2-192f_signed-by_SLH-DSA-SHAKE-192f,519.924,3335.08,276.194,1,90,0.526316,376.269,24,92124.7,92844.7,107876,107873
2,1,50,SLH-DSA-SHA2-192f_signed-by_SLH-DSA-SHAKE-192f,SLH-DSA-SHA2-192f_signed-by_SLH-DSA-SHAKE-192f,505.13,3432.76,385.295,1,274,1.22321,633.25,24,92392.6,91872.5,107876,107873
2,7,53,SLH-DSA-SHA2-192f_signed-by_SLH-DSA-SHAKE-192f,SLH-DSA-SHA2-192f_signed-by_SLH-DSA-SHAKE-192f,517.125,3353.13,247.801,1,47,0.311258,450.212,25,93329.9,92215.6,107876,107873
2,6,55,SLH-DSA-SHA2-192f_signed-by_SLH-DSA-SHAKE-192f,SLH-DSA-SHA2-192f_signed-by_SLH-DSA-SHAKE-192f,476.716,3637.36,340.227,1,454,2.6092,679.057,21,91928.2,91778.6,107876,107873
2,3,53,SLH-DSA-SHA2-192f_signed-by_SLH-DSA-SHAKE-192f,SLH-DSA-SHA2-192f_signed-by_SLH-DSA-SHAKE-192f,514.488,3370.32,240.425,1,193,1.45113,639.534,24,92609.9,92072.8,107876,107873
2,7,54,SLH-DSA-SHA2-192f_signed-by_SLH-DSA-SHAKE-192f,SLH-DSA-SHA2-192f_signed-by_SLH-DSA-SHAKE-192f,430.332,4029.43,279.784,1,45,0.357143,750.413,24,92346.7,92048.7,107876,107873
2,4,42,SLH-DSA-SHA2-192f_signed-by_SLH-DSA-SHAKE-192f,SLH-DSA-SHA2-192f_signed-by_SLH-DSA-SHAKE-192f,483.121,3589.14,264.745,1,45,0.306122,403.116,24,93866.3,91824.8,107876,107873
2,3,54,SLH-DSA-SHA2-192f_signed-by_SLH-DSA-SHAKE-192f,SLH-DSA-SHA2-192f_signed-by_SLH-DSA-SHAKE-192f,446.397,3884.41,310.719,1,183,1.37594,1082.21,24,92539.4,91675.6,107876,107873
2,8,57,SLH-DSA-SHA2-192f_signed-by_SLH-DSA-SHAKE-192f,SLH-DSA-SHA2-192f_signed-by_SLH-DSA-SHAKE-192f,494.304,3507.94,270.797,1,62,0.397436,455.667,11,92028.6,91904.7,107876,107873
2,1,51,SLH-DSA-SHA2-192f_signed-by_SLH-DSA-SHAKE-192f,SLH-DSA-SHA2-192f_signed-by_SLH-DSA-SHAKE-192f,475.632,3645.66,241.666,1,9,0.0697674,395.24,24,91853.3,91756.1,107876,107873
2,6,56,SLH-DSA-SHA2-192f_signed-by_SLH-DSA-SHAKE-192f,SLH-DSA-SHA2-192f_signed-by_SLH-DSA-SHAKE-192f,474.837,3651.76,264.377,1,115,0.871212,688,21,91857.6,91698.6,107876,107873
2,2,56,SLH-DSA-SHA2-192f_signed-by_SLH-DSA-SHAKE-192f,SLH-DSA-SHA2-192f_signed-by_SLH-DSA-SHAKE-192f,479.381,3617.14,243.28,1,0,0,591.387,24,92310.6,92143.2,107876,107873
2,5,54,SLH-DSA-SHA2-192f_signed-by_SLH-DSA-SHAKE-192f,SLH-DSA-SHA2-192f_signed-by_SLH-DSA-SHAKE-192f,480.14,3611.42,233.532,1,0,0,487.088,9,92182.5,92074.8,107876,107873
2,3,55,SLH-DSA-SHA2-192f_signed-by_SLH-DSA-SHAKE-192f,SLH-DSA-SHA2-192f_signed-by_SLH-DSA-SHAKE-192f,433.708,3998.06,360.279,1,239,1.43976,767.253,24,92221.7,91735.4,107876,107873
2,5,55,SLH-DSA-SHA2-192f_signed-by_SLH-DSA-SHAKE-192f,SLH-DSA-SHA2-192f_signed-by_SLH-DSA-SHAKE-192f,434.53,3990.5,322.113,1,65,0.411392,1039.77,9,91979.1,91911,107876,107873
2,7,55,SLH-DSA-SHA2-192f_signed-by_SLH-DSA-SHAKE-192f,SLH-DSA-SHA2-192f_signed-by_SLH-DSA-SHAKE-192f,496.442,3492.83,225.863,1,0,0,400.4,23,92395,91794.7,107876,107873
2,1,52,SLH-DSA-SHA2-192f_signed-by_SLH-DSA-SHAKE-192f,SLH-DSA-SHA2-192f_signed-by_SLH-DSA-SHAKE-192f,458.156,3784.72,280.463,1,106,0.815385,700.862,24,91990,92084.6,107876,107873
2,2,57,SLH-DSA-SHA2-192f_signed-by_SLH-DSA-SHAKE-192f,SLH-DSA-SHA2-192f_signed-by_SLH-DSA-SHAKE-192f,455.753,3804.67,379.749,1,225,1.13636,828.566,24,92175.4,93497.5,107876,107873
2,8,58,SLH-DSA-SHA2-192f_signed-by_SLH-DSA-SHAKE-192f,SLH-DSA-SHA2-192f_signed-by_SLH-DSA-SHAKE-192f,468.347,3702.36,304.048,1,128,0.853333,589.013,11,92412.6,91741,107876,107873
2,6,57,SLH-DSA-SHA2-192f_signed-by_SLH-DSA-SHAKE-192f,SLH-DSA-SHA2-192f_signed-by_SLH-DSA-SHAKE-192f,467.218,3711.31,292.523,1,164,1.10811,456.108,22,91934.8,91853.5,107876,107873
2,4,43,SLH-DSA-SHA2-192f_signed-by_SLH-DSA-SHAKE-192f,SLH-DSA-SHA2-192f_signed-by_SLH-DSA-SHAKE-192f,530.622,3267.84,247.226,1,61,0.429577,401.042,24,92441.7,92092.9,107876,107873
2,7,56,SLH-DSA-SHA2-192f_signed-by_SLH-DSA-SHAKE-192f,SLH-DSA-SHA2-192f_signed-by_SLH-DSA-SHAKE-192f,429.125,4040.75,329.749,1,204,1.53383,1124.02,22,92264.3,92161.6,107876,107873
2,1,53,SLH-DSA-SHA2-192f_signed-by_SLH-DSA-SHAKE-192f,SLH-DSA-SHA2-192f_signed-by_SLH-DSA-SHAKE-192f,448.996,3861.93,273,1,23,0.181102,998.22,24,92091.7,92192.4,107876,107873
2,6,58,SLH-DSA-SHA2-192f_signed-by_SLH-DSA-SHAKE-192f,SLH-DSA-SHA2-192f_signed-by_SLH-DSA-SHAKE-192f,447.358,3876.06,321.102,1,166,1.0375,914.875,22,93915.4,92032.7,107876,107873
2,8,59,SLH-DSA-SHA2-192f_signed-by_SLH-DSA-SHAKE-192f,SLH-DSA-SHA2-192f_signed-by_SLH-DSA-SHAKE-192f,453.442,3824.07,270.782,1,24,0.190476,1004.25,10,91971.5,91844.2,107876,107873
2,5,56,SLH-DSA-SHA2-192f_signed-by_SLH-DSA-SHAKE-192f,SLH-DSA-SHA2-192f_signed-by_SLH-DSA-SHAKE-192f,484.635,3577.93,284.915,1,133,1.00758,509.061,10,92420.1,92120.9,107876,107873
2,4,44,SLH-DSA-SHA2-192f_signed-by_SLH-DSA-SHAKE-192f,SLH-DSA-SHA2-192f_signed-by_SLH-DSA-SHAKE-192f,444.291,3902.82,359.404,1,206,1.3121,991.503,24,92233.9,92077.7,107876,107873
2,3,56,SLH-DSA-SHA2-192f_signed-by_SLH-DSA-SHAKE-192f,SLH-DSA-SHA2-192f_signed-by_SLH-DSA-SHAKE-192f,517.102,3353.28,272.286,1,195,1.18902,392.244,24,92567.1,91647.5,107876,107873
2,5,57,SLH-DSA-SHA2-192f_signed-by_SLH-DSA-SHAKE-192f,SLH-DSA-SHA2-192f_signed-by_SLH-DSA-SHAKE-192f,406.581,4264.8,304.391,1,193,1.47328,572.779,11,91938.4,91809.4,107876,107873
2,6,59,SLH-DSA-SHA2-192f_signed-by_SLH-DSA-SHAKE-192f,SLH-DSA-SHA2-192f_signed-by_SLH-DSA-SHAKE-192f,441.041,3931.59,295.555,1,164,1.28125,820.781,23,91996.7,91820.4,107876,107873
2,7,57,SLH-DSA-SHA2-192f_signed-by_SLH-DSA-SHAKE-192f,SLH-DSA-SHA2-192f_signed-by_SLH-DSA-SHAKE-192f,476.816,3636.6,235.696,1,0,0,397.524,21,92389,92739.1,107876,107873
2,1,54,SLH-DSA-SHA2-192f_signed-by_SLH-DSA-SHAKE-192f,SLH-DSA-SHA2-192f_signed-by_SLH-DSA-SHAKE-192f,460.049,3769.14,254.616,1,0,0,431.016,24,92181.3,91759.4,107876,107873
2,8,60,SLH-DSA-SHA2-192f_signed-by_SLH-DSA-SHAKE-192f,SLH-DSA-SHA2-192f_signed-by_SLH-DSA-SHAKE-192f,466.465,3717.3,286.477,1,67,0.449664,408.711,10,92089.3,92260.3,107876,107873
2,3,57,SLH-DSA-SHA2-192f_signed-by_SLH-DSA-SHAKE-192f,SLH-DSA-SHA2-192f_signed-by_SLH-DSA-SHAKE-192f,443.187,3912.55,297.012,1,130,0.970149,995.463,24,92304.2,91778.6,107876,107873
2,4,45,SLH-DSA-SHA2-192f_signed-by_SLH-DSA-SHAKE-192f,SLH-DSA-SHA2-192f_signed-by_SLH-DSA-SHAKE-192f,462.644,3748,296.971,1,367,2.47973,446.351,24,92307.1,91746.4,107876,107873
2,5,58,SLH-DSA-SHA2-192f_signed-by_SLH-DSA-SHAKE-192f,SLH-DSA-SHA2-192f_signed-by_SLH-DSA-SHAKE-192f,379.022,4574.9,371.524,1,100,0.632911,393.975,11,91941.7,91706.7,107876,107873
2,6,60,SLH-DSA-SHA2-192f_signed-by_SLH-DSA-SHAKE-192f,SLH-DSA-SHA2-192f_signed-by_SLH-DSA-SHAKE-192f,357.25,4853.71,329.136,1,33,0.257812,408.156,23,92215.1,92191.6,107876,107873
2,8,61,SLH-DSA-SHA2-192f_signed-by_SLH-DSA-SHAKE-192f,SLH-DSA-SHA2-192f_signed-by_SLH-DSA-SHAKE-192f,349.358,4963.36,375.683,1,150,1.05634,472,10,92271,92227.5,107876,107873
2,3,58,SLH-DSA-SHA2-192f_signed-by_SLH-DSA-SHAKE-192f,SLH-DSA-SHA2-192f_signed-by_SLH-DSA-SHAKE-192f,348.166,4980.36,432.299,1,128,0.735632,449.402,24,92108.1,91680.6,107876,107873
2,4,46,SLH-DSA-SHA2-192f_signed-by_SLH-DSA-SHAKE-192f,SLH-DSA-SHA2-192f_signed-by_SLH-DSA-SHAKE-192f,383.978,4515.86,587.616,1,580,2.41667,642.717,24,92415.6,92053.5,107876,107873
2,1,55,SLH-DSA-SHA2-192f_signed-by_SLH-DSA-SHAKE-192f,SLH-DSA-SHA2-192f_signed-by_SLH-DSA-SHAKE-192f,417.197,4156.29,411.048,1,170,0.776256,357.068,24,92038.4,91625.5,107876,107873
2,5,59,SLH-DSA-SHA2-192f_signed-by_SLH-DSA-SHAKE-192f,SLH-DSA-SHA2-192f_signed-by_SLH-DSA-SHAKE-192f,383.705,4519.07,294.1,0.222222,1,0.00793651,436.952,11,91986.9,92269.8,107876,107873
2,3,59,SLH-DSA-SHA2-192f_signed-by_SLH-DSA-SHAKE-192f,SLH-DSA-SHA2-192f_signed-by_SLH-DSA-SHAKE-192f,361.051,4802.61,310.559,0.216,0,0,491.824,24,92253.1,92103.8,107876,107873
2,6,61,SLH-DSA-SHA2-192f_signed-by_SLH-DSA-SHAKE-192f,SLH-DSA-SHA2-192f_signed-by_SLH-DSA-SHAKE-192f,390.139,4444.54,295.279,0.215385,9,0.0692308,389.077,23,91844.3,92246.3,107876,107873
2,8,62,SLH-DSA-SHA2-192f_signed-by_SLH-DSA-SHAKE-192f,SLH-DSA-SHA2-192f_signed-by_SLH-DSA-SHAKE-192f,381.176,4549.05,292.82,0.414634,0,0,456.634,11,91968.6,91759.8,107876,107873
2,4,47,SLH-DSA-SHA2-192f_signed-by_SLH-DSA-SHAKE-192f,SLH-DSA-SHA2-192f_signed-by_SLH-DSA-SHAKE-192f,361.293,4799.4,334.664,0.390625,45,0.351562,499.062,24,92058.6,91769.2,107876,107873
2,1,56,SLH-DSA-SHA2-192f_signed-by_SLH-DSA-SHAKE-192f,SLH-DSA-SHA2-192f_signed-by_SLH-DSA-SHAKE-192f,361.822,4792.38,311.18,0.4,1,0.008,400.528,24,92221.6,91691.6,107876,107873
2,2,58,SLH-DSA-SHA2-192f_signed-by_SLH-DSA-SHAKE-192f,SLH-DSA-SHA2-192f_signed-by_SLH-DSA-SHAKE-192f,1697.74,1021.35,95.2984,1,303,1.87037,644.074,24,92139.8,91638.9,107876,107873
2,8,63,SLH-DSA-SHA2-192f_signed-by_SLH-DSA-SHAKE-192f,SLH-DSA-SHA2-192f_signed-by_SLH-DSA-SHAKE-192f,365.703,4741.52,343.273,1,27,0.204545,844.636,11,92045.7,92134,107876,107873
2,3,60,SLH-DSA-SHA2-192f_signed-by_SLH-DSA-SHAKE-192f,SLH-DSA-SHA2-192f_signed-by_SLH-DSA-SHAKE-192f,404.742,4284.19,347.085,1,100,0.641026,508.333,24,92118.5,92080.1,107876,107873
2,5,60,SLH-DSA-SHA2-192f_signed-by_SLH-DSA-SHAKE-192f,SLH-DSA-SHA2-192f_signed-by_SLH-DSA-SHAKE-192f,430.596,4026.95,269.208,1,11,0.0839695,422.794,10,91862.4,92044.9,107876,107873
2,6,62,SLH-DSA-SHA2-192f_signed-by_SLH-DSA-SHAKE-192f,SLH-DSA-SHA2-192f_signed-by_SLH-DSA-SHAKE-192f,432.961,4004.95,267.405,1,10,0.0763359,386.458,22,92257.2,92133.8,107876,107873
2,4,48,SLH-DSA-SHA2-192f_signed-by_SLH-DSA-SHAKE-192f,SLH-DSA-SHA2-192f_signed-by_SLH-DSA-SHAKE-192f,402.698,4305.93,336.768,1,65,0.408805,487.157,24,92123,92580.4,107876,107873
2,1,57,SLH-DSA-SHA2-192f_signed-by_SLH-DSA-SHAKE-192f,SLH-DSA-SHA2-192f_signed-by_SLH-DSA-SHAKE-192f,409.141,4238.12,337.956,1,94,0.598726,451.758,24,91895.3,91953.7,107876,107873
2,2,59,SLH-DSA-SHA2-192f_signed-by_SLH-DSA-SHAKE-192f,SLH-DSA-SHA2-192f_signed-by_SLH-DSA-SHAKE-192f,407.844,4251.6,408.077,1,197,1.05348,1372.87,24,92222.2,91789.3,107876,107873
2,7,58,SLH-DSA-SHA2-192f_signed-by_SLH-DSA-SHAKE-192f,SLH-DSA-SHA2-192f_signed-by_SLH-DSA-SHAKE-192f,1289.83,1344.35,100.515,1,69,0.514925,383.731,21,92369.6,91605.9,107876,107873
2,8,64,SLH-DSA-SHA2-192f_signed-by_SLH-DSA-SHAKE-192f,SLH-DSA-SHA2-192f_signed-by_SLH-DSA-SHAKE-192f,385.789,4494.66,290.646,0.776,0,0,400.4,12,92013.2,91753.5,107876,107873
2,3,61,SLH-DSA-SHA2-192f_signed-by_SLH-DSA-SHAKE-192f,SLH-DSA-SHA2-192f_signed-by_SLH-DSA-SHAKE-192f,398.606,4350.13,318.188,0.727891,41,0.278912,386.952,24,92473.2,91876.9,107876,107873
2,6,63,SLH-DSA-SHA2-192f_signed-by_SLH-DSA-SHAKE-192f,SLH-DSA-SHA2-192f_signed-by_SLH-DSA-SHAKE-192f,397.701,4360.04,312.918,0.804511,56,0.421053,529.308,21,92050.7,91829.6,107876,107873
2,5,61,SLH-DSA-SHA2-192f_signed-by_SLH-DSA-SHAKE-192f,SLH-DSA-SHA2-192f_signed-by_SLH-DSA-SHAKE-192f,423.329,4096.08,299.341,0.732877,40,0.273973,411.37,9,91904.6,91808.4,107876,107873
2,1,58,SLH-DSA-SHA2-192f_signed-by_SLH-DSA-SHAKE-192f,SLH-DSA-SHA2-192f_signed-by_SLH-DSA-SHAKE-192f,395.37,4385.74,282.307,0.691057,0,0,477.382,24,93613.2,92332.6,107876,107873
2,2,60,SLH-DSA-SHA2-192f_signed-by_SLH-DSA-SHAKE-192f,SLH-DSA-SHA2-192f_signed-by_SLH-DSA-SHAKE-192f,391.751,4426.25,286.753,0.685484,1,0.00806452,495.581,24,92869.2,91659.7,107876,107873
2,4,49,SLH-DSA-SHA2-192f_signed-by_SLH-DSA-SHAKE-192f,SLH-DSA-SHA2-192f_signed-by_SLH-DSA-SHAKE-192f,425.552,4074.68,273.151,0.804511,14,0.105263,381.008,24,92231,92155.4,107876,107873
2,7,59,SLH-DSA-SHA2-192f_signed-by_SLH-DSA-SHAKE-192f,SLH-DSA-SHA2-192f_signed-by_SLH-DSA-SHAKE-192f,339.717,5104.21,811.544,0.449735,105,0.555556,1011.67,21,92377,91823.9,107876,107873
2,8,65,SLH-DSA-SHA2-192f_signed-by_SLH-DSA-SHAKE-192f,SLH-DSA-SHA2-192f_signed-by_SLH-DSA-SHAKE-192f,417.98,4148.5,268.874,1,0,0,397.524,13,91908.6,92020.7,107876,107873
2,3,62,SLH-DSA-SHA2-192f_signed-by_SLH-DSA-SHAKE-192f,SLH-DSA-SHA2-192f_signed-by_SLH-DSA-SHAKE-192f,460.487,3765.56,244.054,1,0,0,397.524,24,92217.1,91958.7,107876,107873
2,6,64,SLH-DSA-SHA2-192f_signed-by_SLH-DSA-SHAKE-192f,SLH-DSA-SHA2-192f_signed-by_SLH-DSA-SHAKE-192f,442.816,3915.83,318.073,1,80,0.479042,400.395,20,92189.4,91773.5,107876,107873
2,5,62,SLH-DSA-SHA2-192f_signed-by_SLH-DSA-SHAKE-192f,SLH-DSA-SHA2-192f_signed-by_SLH-DSA-SHAKE-192f,432.593,4008.37,276.953,1,9,0.0692308,624.338,8,92553.5,92294.8,107876,107873
2,4,50,SLH-DSA-SHA2-192f_signed-by_SLH-DSA-SHAKE-192f,SLH-DSA-SHA2-192f_signed-by_SLH-DSA-SHAKE-192f,424.568,4084.12,262.29,1,0,0,498.754,24,92014.9,92511.3,107876,107873
2,2,61,SLH-DSA-SHA2-192f_signed-by_SLH-DSA-SHAKE-192f,SLH-DSA-SHA2-192f_signed-by_SLH-DSA-SHAKE-192f,442.47,3918.89,375.383,1,268,1.37436,458.574,24,92339,91900.9,107876,107873
2,1,59,SLH-DSA-SHA2-192f_signed-by_SLH-DSA-SHAKE-192f,SLH-DSA-SHA2-192f_signed-by_SLH-DSA-SHAKE-192f,448.519,3866.04,303.612,1,87,0.564935,404.935,24,92382.2,93440.8,107876,107873
2,7,60,SLH-DSA-SHA2-192f_signed-by_SLH-DSA-SHAKE-192f,SLH-DSA-SHA2-192f_signed-by_SLH-DSA-SHAKE-192f,411.449,4214.35,321.4,1,44,0.297297,610.27,21,92029.2,91831.4,107876,107873
2,8,66,SLH-DSA-SHA2-192f_signed-by_SLH-DSA-SHAKE-192f,SLH-DSA-SHA2-192f_signed-by_SLH-DSA-SHAKE-192f,370.392,4681.5,310.244,1,3,0.0229008,384.687,12,92090.5,91757,107876,107873
2,7,61,SLH-DSA-SHA2-192f_signed-by_SLH-DSA-SHAKE-192f,SLH-DSA-SHA2-192f_signed-by_SLH-DSA-SHAKE-192f,428.759,4044.2,274.205,1,23,0.18254,664.889,20,92195.7,91853.8,107876,107873
2,2,62,SLH-DSA-SHA2-192f_signed-by_SLH-DSA-SHAKE-192f,SLH-DSA-SHA2-192f_signed-by_SLH-DSA-SHAKE-192f,447.394,3875.76,363.17,1,446,3.05479,802.74,24,92088.3,92083.4,107876,107873
2,5,63,SLH-DSA-SHA2-192f_signed-by_SLH-DSA-SHAKE-192f,SLH-DSA-SHA2-192f_signed-by_SLH-DSA-SHAKE-192f,468.644,3700.01,314.848,1,124,0.826667,771.653,8,91831,92357,107876,107873
2,1,60,SLH-DSA-SHA2-192f_signed-by_SLH-DSA-SHAKE-192f,SLH-DSA-SHA2-192f_signed-by_SLH-DSA-SHAKE-192f,453.932,3819.93,289.876,1,124,0.946565,1011.34,24,91939.2,91801.7,107876,107873
2,4,51,SLH-DSA-SHA2-192f_signed-by_SLH-DSA-SHAKE-192f,SLH-DSA-SHA2-192f_signed-by_SLH-DSA-SHAKE-192f,458.938,3778.27,292.362,1,128,0.955224,967.254,24,92157.3,91763,107876,107873
2,3,63,SLH-DSA-SHA2-192f_signed-by_SLH-DSA-SHAKE-192f,SLH-DSA-SHA2-192f_signed-by_SLH-DSA-SHAKE-192f,513.002,3380.09,295.016,1,227,1.27528,397.91,24,92381.7,92350.9,107876,107873
2,8,67,SLH-DSA-SHA2-192f_signed-by_SLH-DSA-SHAKE-192f,SLH-DSA-SHA2-192f_signed-by_SLH-DSA-SHAKE-192f,304.584,5692.97,404.222,1,5,0.0387597,472.698,12,92519.6,91750.6,107876,107873
2,6,65,SLH-DSA-SHA2-192f_signed-by_SLH-DSA-SHAKE-192f,SLH-DSA-SHA2-192f_signed-by_SLH-DSA-SHAKE-192f,605.681,2862.88,235.609,1,121,0.834483,565.834,19,92176.5,92034.8,107876,107873
2,7,62,SLH-DSA-SHA2-192f_signed-by_SLH-DSA-SHAKE-192f,SLH-DSA-SHA2-192f_signed-by_SLH-DSA-SHAKE-192f,383.516,4521.29,332.418,1,44,0.297297,380.378,19,92272.5,91797.1,107876,107873
2,1,61,SLH-DSA-SHA2-192f_signed-by_SLH-DSA-SHAKE-192f,SLH-DSA-SHA2-192f_signed-by_SLH-DSA-SHAKE-192f,363.721,4767.36,338.325,1,32,0.22695,434.908,24,91994,91917.3,107876,107873
2,2,63,SLH-DSA-SHA2-192f_signed-by_SLH-DSA-SHAKE-192f,SLH-DSA-SHA2-192f_signed-by_SLH-DSA-SHAKE-192f,374.678,4627.94,412.471,1,137,0.756906,443.702,24,92078.6,91904.7,107876,107873
2,5,64,SLH-DSA-SHA2-192f_signed-by_SLH-DSA-SHAKE-192f,SLH-DSA-SHA2-192f_signed-by_SLH-DSA-SHAKE-192f,377.53,4592.98,353.582,1,83,0.549669,416.887,7,91967.9,91862.6,107876,107873
2,3,64,SLH-DSA-SHA2-192f_signed-by_SLH-DSA-SHAKE-192f,SLH-DSA-SHA2-192f_signed-by_SLH-DSA-SHAKE-192f,369.377,4694.36,434.201,1,192,1.2549,735.882,24,92591,92286.9,107876,107873
2,4,52,SLH-DSA-SHA2-192f_signed-by_SLH-DSA-SHAKE-192f,SLH-DSA-SHA2-192f_signed-by_SLH-DSA-SHAKE-192f,450.938,3845.29,272.888,1,87,0.669231,1061.72,24,91939.7,91811.7,107876,107873
2,6,66,SLH-DSA-SHA2-192f_signed-by_SLH-DSA-SHAKE-192f,SLH-DSA-SHA2-192f_signed-by_SLH-DSA-SHAKE-192f,336.625,5151.1,420.123,1,169,1.11184,585.684,18,92119.1,91745,107876,107873
2,1,62,SLH-DSA-SHA2-192f_signed-by_SLH-DSA-SHAKE-192f,SLH-DSA-SHA2-192f_signed-by_SLH-DSA-SHAKE-192f,410.065,4228.57,321.08,1,170,1.15646,505.864,24,91986.9,91781.8,107876,107873
2,5,65,SLH-DSA-SHA2-192f_signed-by_SLH-DSA-SHAKE-192f,SLH-DSA-SHA2-192f_signed-by_SLH-DSA-SHAKE-192f,444.741,3898.87,297.737,1,61,0.455224,539.612,7,92702.3,91822.5,107876,107873
2,7,63,SLH-DSA-SHA2-192f_signed-by_SLH-DSA-SHAKE-192f,SLH-DSA-SHA2-192f_signed-by_SLH-DSA-SHAKE-192f,463.221,3743.33,308.725,1,85,0.5,379.718,19,91996.2,92261.4,107876,107873
2,2,64,SLH-DSA-SHA2-192f_signed-by_SLH-DSA-SHAKE-192f,SLH-DSA-SHA2-192f_signed-by_SLH-DSA-SHAKE-192f,491.73,3526.3,282.496,1,66,0.431373,389.425,24,92231.1,91826.6,107876,107873
2,3,65,SLH-DSA-SHA2-192f_signed-by_SLH-DSA-SHAKE-192f,SLH-DSA-SHA2-192f_signed-by_SLH-DSA-SHAKE-192f,465.495,3725.05,282.675,1,74,0.496644,446.886,24,92511.9,91760.6,107876,107873
2,4,53,SLH-DSA-SHA2-192f_signed-by_SLH-DSA-SHAKE-192f,SLH-DSA-SHA2-192f_signed-by_SLH-DSA-SHAKE-192f,412.215,4206.52,385.701,1,289,1.78395,638.444,24,92173.3,92259.7,107876,107873
2,6,67,SLH-DSA-SHA2-192f_signed-by_SLH-DSA-SHAKE-192f,SLH-DSA-SHA2-192f_signed-by_SLH-DSA-SHAKE-192f,403.892,4293.2,316.124,1,291,2.25581,721.535,17,91898.9,91632.7,107876,107873
2,1,63,SLH-DSA-SHA2-192f_signed-by_SLH-DSA-SHAKE-192f,SLH-DSA-SHA2-192f_signed-by_SLH-DSA-SHAKE-192f,341.021,5084.69,405.088,1,92,0.589744,702.692,24,92083.3,91740.3,107876,107873
2,5,66,SLH-DSA-SHA2-192f_signed-by_SLH-DSA-SHAKE-192f,SLH-DSA-SHA2-192f_signed-by_SLH-DSA-SHAKE-192f,389.248,4454.72,303.354,1,14,0.104478,415.731,6,92091.4,91913.6,107876,107873
2,6,68,SLH-DSA-SHA2-192f_signed-by_SLH-DSA-SHAKE-192f,SLH-DSA-SHA2-192f_signed-by_SLH-DSA-SHAKE-192f,342.249,5066.46,414.482,1,87,0.537037,494.568,18,91849.7,91694.6,107876,107873
2,3,66,SLH-DSA-SHA2-192f_signed-by_SLH-DSA-SHAKE-192f,SLH-DSA-SHA2-192f_signed-by_SLH-DSA-SHAKE-192f,366.312,4733.64,390.573,1,291,1.87742,1477.85,24,92503.6,91763.1,107876,107873
2,4,54,SLH-DSA-SHA2-192f_signed-by_SLH-DSA-SHAKE-192f,SLH-DSA-SHA2-192f_signed-by_SLH-DSA-SHAKE-192f,378.804,4577.53,345.001,1,113,0.784722,482.944,24,92086.2,91995.2,107876,107873
2,2,65,SLH-DSA-SHA2-192f_signed-by_SLH-DSA-SHAKE-192f,SLH-DSA-SHA2-192f_signed-by_SLH-DSA-SHAKE-192f,402.843,4304.38,332.794,1,177,1.14935,389.61,24,92431.7,92201.7,107876,107873
2,7,64,SLH-DSA-SHA2-192f_signed-by_SLH-DSA-SHAKE-192f,SLH-DSA-SHA2-192f_signed-by_SLH-DSA-SHAKE-192f,457.203,3792.6,275.029,1,26,0.181818,362.392,19,92006.8,91854.4,107876,107873
2,1,64,SLH-DSA-SHA2-192f_signed-by_SLH-DSA-SHAKE-192f,SLH-DSA-SHA2-192f_signed-by_SLH-DSA-SHAKE-192f,349.753,4957.75,354.032,1,32,0.222222,307.361,24,91962.7,92213,107876,107873
2,6,69,SLH-DSA-SHA2-192f_signed-by_SLH-DSA-SHAKE-192f,SLH-DSA-SHA2-192f_signed-by_SLH-DSA-SHAKE-192f,371.317,4669.83,447.013,1,157,0.80102,480.653,19,91794.5,91901.1,107876,107873
2,5,67,SLH-DSA-SHA2-192f_signed-by_SLH-DSA-SHAKE-192f,SLH-DSA-SHA2-192f_signed-by_SLH-DSA-SHAKE-192f,382.989,4527.52,302.964,1,11,0.0833333,420.455,5,91927,91979.7,107876,107873
2,3,67,SLH-DSA-SHA2-192f_signed-by_SLH-DSA-SHAKE-192f,SLH-DSA-SHA2-192f_signed-by_SLH-DSA-SHAKE-192f,393.667,4404.71,321.53,1,41,0.280822,427.37,24,92223.1,91832.4,107876,107873
2,4,55,SLH-DSA-SHA2-192f_signed-by_SLH-DSA-SHAKE-192f,SLH-DSA-SHA2-192f_signed-by_SLH-DSA-SHAKE-192f,375.895,4612.96,379.935,1,89,0.523529,444.471,24,92736.5,92138.8,107876,107873
2,7,65,SLH-DSA-SHA2-192f_signed-by_SLH-DSA-SHAKE-192f,SLH-DSA-SHA2-192f_signed-by_SLH-DSA-SHAKE-192f,361.622,4795.03,310.644,1,1,0.00806452,501.194,20,92195.7,91939.7,107876,107873
2,2,66,SLH-DSA-SHA2-192f_signed-by_SLH-DSA-SHAKE-192f,SLH-DSA-SHA2-192f_signed-by_SLH-DSA-SHAKE-192f,400.789,4326.44,365.918,1,170,1.14094,526.886,24,92223,91785.9,107876,107873
2,1,65,SLH-DSA-SHA2-192f_signed-by_SLH-DSA-SHAKE-192f,SLH-DSA-SHA2-192f_signed-by_SLH-DSA-SHAKE-192f,318.843,5438.38,397.135,1,46,0.348485,483.182,24,92265.1,92202.7,107876,107873
2,5,68,SLH-DSA-SHA2-192f_signed-by_SLH-DSA-SHAKE-192f,SLH-DSA-SHA2-192f_signed-by_SLH-DSA-SHAKE-192f,351.233,4936.86,367.209,1,34,0.257576,590.879,5,91939.6,91975.6,107876,107873
2,6,70,SLH-DSA-SHA2-192f_signed-by_SLH-DSA-SHAKE-192f,SLH-DSA-SHA2-192f_signed-by_SLH-DSA-SHAKE-192f,372.227,4658.42,471.54,1,292,1.40385,589.577,20,92344.2,91958.7,107876,107873
2,7,66,SLH-DSA-SHA2-192f_signed-by_SLH-DSA-SHAKE-192f,SLH-DSA-SHA2-192f_signed-by_SLH-DSA-SHAKE-192f,369.692,4690.37,316.285,1,33,0.261905,502.349,21,92590.9,92275.3,107876,107873
2,2,67,SLH-DSA-SHA2-192f_signed-by_SLH-DSA-SHAKE-192f,SLH-DSA-SHA2-192f_signed-by_SLH-DSA-SHAKE-192f,372.917,4649.8,378.765,1,89,0.552795,599.665,24,92195.5,91849.4,107876,107873
2,3,68,SLH-DSA-SHA2-192f_signed-by_SLH-DSA-SHAKE-192f,SLH-DSA-SHA2-192f_signed-by_SLH-DSA-SHAKE-192f,418.207,4146.25,305.724,1,40,0.289855,468.232,24,92137.6,91883,107876,107873
2,4,56,SLH-DSA-SHA2-192f_signed-by_SLH-DSA-SHAKE-192f,SLH-DSA-SHA2-192f_signed-by_SLH-DSA-SHAKE-192f,418.279,4145.54,292.475,1,257,1.99225,821.659,24,92020.9,91686.7,107876,107873
2,1,66,SLH-DSA-SHA2-192f_signed-by_SLH-DSA-SHAKE-192f,SLH-DSA-SHA2-192f_signed-by_SLH-DSA-SHAKE-192f,295.033,5877.26,399.9,1,84,0.65625,530.031,24,92111.8,91740.2,107876,107873
2,5,69,SLH-DSA-SHA2-192f_signed-by_SLH-DSA-SHAKE-192f,SLH-DSA-SHA2-192f_signed-by_SLH-DSA-SHAKE-192f,298.182,5815.21,393.477,1,17,0.133858,539.134,4,92159.9,91980.1,107876,107873
2,7,67,SLH-DSA-SHA2-192f_signed-by_SLH-DSA-SHAKE-192f,SLH-DSA-SHA2-192f_signed-by_SLH-DSA-SHAKE-192f,363.016,4776.63,323.203,1,33,0.259843,405.622,21,92026.8,91760.2,107876,107873
2,6,71,SLH-DSA-SHA2-192f_signed-by_SLH-DSA-SHAKE-192f,SLH-DSA-SHA2-192f_signed-by_SLH-DSA-SHAKE-192f,421.232,4116.47,315.417,1,65,0.433333,369.12,20,92103.1,91767.2,107876,107873
2,2,68,SLH-DSA-SHA2-192f_signed-by_SLH-DSA-SHAKE-192f,SLH-DSA-SHA2-192f_signed-by_SLH-DSA-SHAKE-192f,365.175,4748.38,307.053,1,0,0,491.792,24,91977.1,91729.6,107876,107873
2,3,69,SLH-DSA-SHA2-192f_signed-by_SLH-DSA-SHAKE-192f,SLH-DSA-SHA2-192f_signed-by_SLH-DSA-SHAKE-192f,374.357,4631.92,347.39,1,161,1.14184,407.22,24,92310,92109.9,107876,107873
2,1,67,SLH-DSA-SHA2-192f_signed-by_SLH-DSA-SHAKE-192f,SLH-DSA-SHA2-192f_signed-by_SLH-DSA-SHAKE-192f,372.194,4658.84,560.869,1,455,2.06818,1426.47,24,91949.5,92187.8,107876,107873
2,4,57,SLH-DSA-SHA2-192f_signed-by_SLH-DSA-SHAKE-192f,SLH-DSA-SHA2-192f_signed-by_SLH-DSA-SHAKE-192f,434.979,3986.38,265.76,1,7,0.0538462,480.615,24,91921.4,91800.3,107876,107873
2,5,70,SLH-DSA-SHA2-192f_signed-by_SLH-DSA-SHAKE-192f,SLH-DSA-SHA2-192f_signed-by_SLH-DSA-SHAKE-192f,285.284,6078.11,395.226,1,0,0,355.812,5,91805.7,91677.1,107876,107873
2,6,72,SLH-DSA-SHA2-192f_signed-by_SLH-DSA-SHAKE-192f,SLH-DSA-SHA2-192f_signed-by_SLH-DSA-SHAKE-192f,329.672,5259.74,373.074,1,212,1.64341,543.085,19,91933.6,91789.8,107876,107873
2,7,68,SLH-DSA-SHA2-192f_signed-by_SLH-DSA-SHAKE-192f,SLH-DSA-SHA2-192f_signed-by_SLH-DSA-SHAKE-192f,378.765,4578.01,421.791,1,133,0.685567,604.784,22,92026.4,91839.9,107876,107873
2,2,69,SLH-DSA-SHA2-192f_signed-by_SLH-DSA-SHAKE-192f,SLH-DSA-SHA2-192f_signed-by_SLH-DSA-SHAKE-192f,375.85,4613.51,424.935,1,135,0.703125,480.562,24,92055.8,91617.6,107876,107873
2,1,68,SLH-DSA-SHA2-192f_signed-by_SLH-DSA-SHAKE-192f,SLH-DSA-SHA2-192f_signed-by_SLH-DSA-SHAKE-192f,358.813,4832.57,376.842,1,65,0.411392,556.759,24,92148.4,91732.2,107876,107873
2,3,70,SLH-DSA-SHA2-192f_signed-by_SLH-DSA-SHAKE-192f,SLH-DSA-SHA2-192f_signed-by_SLH-DSA-SHAKE-192f,411.908,4209.66,287.909,1,27,0.206107,395.954,24,92988.6,92011.1,107876,107873
2,4,58,SLH-DSA-SHA2-192f_signed-by_SLH-DSA-SHAKE-192f,SLH-DSA-SHA2-192f_signed-by_SLH-DSA-SHAKE-192f,357.835,4845.79,327.167,1,33,0.261905,502.381,24,92077.4,91768.1,107876,107873
2,5,71,SLH-DSA-SHA2-192f_signed-by_SLH-DSA-SHAKE-192f,SLH-DSA-SHA2-192f_signed-by_SLH-DSA-SHAKE-192f,323.644,5357.71,375.82,1,0,0,576.88,5,92011.6,91788.4,107876,107873
2,6,73,SLH-DSA-SHA2-192f_signed-by_SLH-DSA-SHAKE-192f,SLH-DSA-SHA2-192f_signed-by_SLH-DSA-SHAKE-192f,288.21,6016.4,488.753,1,81,0.490909,510.873,19,92404.1,91766.2,107876,107873
2,7,69,SLH-DSA-SHA2-192f_signed-by_SLH-DSA-SHAKE-192f,SLH-DSA-SHA2-192f_signed-by_SLH-DSA-SHAKE-192f,401.426,4319.58,382.357,1,117,0.63587,358.543,22,92080.2,92076.2,107876,107873
2,2,70,SLH-DSA-SHA2-192f_signed-by_SLH-DSA-SHAKE-192f,SLH-DSA-SHA2-192f_signed-by_SLH-DSA-SHAKE-192f,382.452,4533.88,336.44,1,45,0.3,383.413,24,92291.9,91840.4,107876,107873
2,1,69,SLH-DSA-SHA2-192f_signed-by_SLH-DSA-SHAKE-192f,SLH-DSA-SHA2-192f_signed-by_SLH-DSA-SHAKE-192f,354.015,4898.07,467.098,1,175,0.921053,636.989,24,92358.1,91726.3,107876,107873
2,3,71,SLH-DSA-SHA2-192f_signed-by_SLH-DSA-SHAKE-192f,SLH-DSA-SHA2-192f_signed-by_SLH-DSA-SHAKE-192f,363.504,4770.21,332.496,1,116,0.878788,483.818,24,92774.8,91875.6,107876,107873
2,5,72,SLH-DSA-SHA2-192f_signed-by_SLH-DSA-SHAKE-192f,SLH-DSA-SHA2-192f_signed-by_SLH-DSA-SHAKE-192f,361.019,4803.04,350.828,1,42,0.287671,488.658,6,92039.1,91942.4,107876,107873
2,4,59,SLH-DSA-SHA2-192f_signed-by_SLH-DSA-SHAKE-192f,SLH-DSA-SHA2-192f_signed-by_SLH-DSA-SHAKE-192f,393.725,4404.07,403.693,1,132,0.680412,360.577,24,92054.2,91744.2,107876,107873
2,6,74,SLH-DSA-SHA2-192f_signed-by_SLH-DSA-SHAKE-192f,SLH-DSA-SHA2-192f_signed-by_SLH-DSA-SHAKE-192f,293.9,5899.92,398.339,1,25,0.198413,464,18,91944.6,91710,107876,107873
2,8,68,SLH-DSA-SHA2-192f_signed-by_SLH-DSA-SHAKE-192f,SLH-DSA-SHA2-192f_signed-by_SLH-DSA-SHAKE-192f,3412.23,508.169,73.444,1,149,0.683486,290.477,12,92076.7,92119.6,107876,107873
2,2,71,SLH-DSA-SHA2-192f_signed-by_SLH-DSA-SHAKE-192f,SLH-DSA-SHA2-192f_signed-by_SLH-DSA-SHAKE-192f,414.285,4185.5,349.518,1,225,1.43312,613.771,24,92170.6,91882.8,107876,107873
2,7,70,SLH-DSA-SHA2-192f_signed-by_SLH-DSA-SHAKE-192f,SLH-DSA-SHA2-192f_signed-by_SLH-DSA-SHAKE-192f,456.068,3802.04,388.889,1,184,0.836364,345.4,23,92043.8,91687.9,107876,107873
2,4,60,SLH-DSA-SHA2-192f_signed-by_SLH-DSA-SHAKE-192f,SLH-DSA-SHA2-192f_signed-by_SLH-DSA-SHAKE-192f,394.195,4398.81,286.639,1,5,0.04,508.624,24,91976.8,92357.6,107876,107873
2,5,73,SLH-DSA-SHA2-192f_signed-by_SLH-DSA-SHAKE-192f,SLH-DSA-SHA2-192f_signed-by_SLH-DSA-SHAKE-192f,425.137,4078.66,276.278,1,4,0.031746,493.556,7,92087.6,92374.4,107876,107873
2,1,70,SLH-DSA-SHA2-192f_signed-by_SLH-DSA-SHAKE-192f,SLH-DSA-SHA2-192f_signed-by_SLH-DSA-SHAKE-192f,474.179,3656.83,314.008,1,104,0.581006,660.011,24,92010.6,91710.3,107876,107873
2,3,72,SLH-DSA-SHA2-192f_signed-by_SLH-DSA-SHAKE-192f,SLH-DSA-SHA2-192f_signed-by_SLH-DSA-SHAKE-192f,450.691,3847.4,261.465,1,129,1,445.225,24,92150.2,91923.6,107876,107873
2,6,75,SLH-DSA-SHA2-192f_signed-by_SLH-DSA-SHAKE-192f,SLH-DSA-SHA2-192f_signed-by_SLH-DSA-SHAKE-192f,362.543,4782.85,331.392,1,45,0.36,723.6,18,92246.7,91914.5,107876,107873
2,8,69,SLH-DSA-SHA2-192f_signed-by_SLH-DSA-SHAKE-192f,SLH-DSA-SHA2-192f_signed-by_SLH-DSA-SHAKE-192f,448.572,3865.58,339.388,1,119,0.657459,286.972,12,92371.1,91785.1,107876,107873
2,4,61,SLH-DSA-SHA2-192f_signed-by_SLH-DSA-SHAKE-192f,SLH-DSA-SHA2-192f_signed-by_SLH-DSA-SHAKE-192f,415.523,4173.03,308.161,1,66,0.478261,498.899,24,92130.8,92039.5,107876,107873
2,2,72,SLH-DSA-SHA2-192f_signed-by_SLH-DSA-SHAKE-192f,SLH-DSA-SHA2-192f_signed-by_SLH-DSA-SHAKE-192f,468.031,3704.86,322.337,0.977901,109,0.60221,476.564,24,92083.8,91735.3,107876,107873
2,1,71,SLH-DSA-SHA2-192f_signed-by_SLH-DSA-SHAKE-192f,SLH-DSA-SHA2-192f_signed-by_SLH-DSA-SHAKE-192f,422.462,4104.49,264.203,1,0,0,407.268,24,92261.4,91809.4,107876,107873
2,3,73,SLH-DSA-SHA2-192f_signed-by_SLH-DSA-SHAKE-192f,SLH-DSA-SHA2-192f_signed-by_SLH-DSA-SHAKE-192f,427.345,4057.59,273.203,1,34,0.272,460.912,24,92334.5,92077.2,107876,107873
2,6,76,SLH-DSA-SHA2-192f_signed-by_SLH-DSA-SHAKE-192f,SLH-DSA-SHA2-192f_signed-by_SLH-DSA-SHAKE-192f,417.552,4152.75,267.31,1,0,0,500.146,18,92051.4,91578.3,107876,107873
2,7,71,SLH-DSA-SHA2-192f_signed-by_SLH-DSA-SHAKE-192f,SLH-DSA-SHA2-192f_signed-by_SLH-DSA-SHAKE-192f,462.003,3753.2,249.903,1,9,0.0687023,388.87,24,92106,92142.6,107876,107873
2,5,74,SLH-DSA-SHA2-192f_signed-by_SLH-DSA-SHAKE-192f,SLH-DSA-SHA2-192f_signed-by_SLH-DSA-SHAKE-192f,438.968,3950.15,370.65,1,120,0.609137,363.198,7,91837.8,91732.3,107876,107873
2,8,70,SLH-DSA-SHA2-192f_signed-by_SLH-DSA-SHAKE-192f,SLH-DSA-SHA2-192f_signed-by_SLH-DSA-SHAKE-192f,407.448,4255.73,292.709,1,21,0.155556,407.541,13,92182.6,91783.9,107876,107873
2,6,77,SLH-DSA-SHA2-192f_signed-by_SLH-DSA-SHAKE-192f,SLH-DSA-SHA2-192f_signed-by_SLH-DSA-SHAKE-192f,414.386,4184.48,269.352,1,0,0,467.301,18,92471.3,91941.1,107876,107873
2,3,74,SLH-DSA-SHA2-192f_signed-by_SLH-DSA-SHAKE-192f,SLH-DSA-SHA2-192f_signed-by_SLH-DSA-SHAKE-192f,422.577,4103.37,275.831,1,33,0.266129,507.613,24,92442.2,92092.2,107876,107873
2,7,72,SLH-DSA-SHA2-192f_signed-by_SLH-DSA-SHAKE-192f,SLH-DSA-SHA2-192f_signed-by_SLH-DSA-SHAKE-192f,417.676,4151.52,303.048,1,85,0.674603,851.333,25,92609.3,91775.4,107876,107873
2,5,75,SLH-DSA-SHA2-192f_signed-by_SLH-DSA-SHAKE-192f,SLH-DSA-SHA2-192f_signed-by_SLH-DSA-SHAKE-192f,418.608,4142.27,266.292,1,0,0,656.699,7,92158,92465.3,107876,107873
2,4,62,SLH-DSA-SHA2-192f_signed-by_SLH-DSA-SHAKE-192f,SLH-DSA-SHA2-192f_signed-by_SLH-DSA-SHAKE-192f,455.523,3806.59,324.233,1,119,0.7,384.824,24,92050.9,91916.2,107876,107873
2,2,73,SLH-DSA-SHA2-192f_signed-by_SLH-DSA-SHAKE-192f,SLH-DSA-SHA2-192f_signed-by_SLH-DSA-SHAKE-192f,463.287,3742.8,279.187,1,171,1.25735,616.353,24,92188.3,91949.9,107876,107873
2,1,72,SLH-DSA-SHA2-192f_signed-by_SLH-DSA-SHAKE-192f,SLH-DSA-SHA2-192f_signed-by_SLH-DSA-SHAKE-192f,468.249,3703.14,263.962,1,27,0.204545,502.727,24,91923.5,91700.7,107876,107873
2,8,71,SLH-DSA-SHA2-192f_signed-by_SLH-DSA-SHAKE-192f,SLH-DSA-SHA2-192f_signed-by_SLH-DSA-SHAKE-192f,278.041,6236.44,405.119,1,0,0,326.85,14,92062.5,91772.9,107876,107873
2,3,75,SLH-DSA-SHA2-192f_signed-by_SLH-DSA-SHAKE-192f,SLH-DSA-SHA2-192f_signed-by_SLH-DSA-SHAKE-192f,385.468,4498.4,491.039,1,219,0.927966,488.22,24,92249.1,91795.2,107876,107873
2,5,76,SLH-DSA-SHA2-192f_signed-by_SLH-DSA-SHAKE-192f,SLH-DSA-SHA2-192f_signed-by_SLH-DSA-SHAKE-192f,404.766,4283.93,348.171,1,84,0.506024,430.771,7,91901.9,91711.7,107876,107873
2,7,73,SLH-DSA-SHA2-192f_signed-by_SLH-DSA-SHAKE-192f,SLH-DSA-SHA2-192f_signed-by_SLH-DSA-SHAKE-192f,416.131,4166.93,408.678,1,279,1.36765,495.804,25,92222,91812.9,107876,107873
2,2,74,SLH-DSA-SHA2-192f_signed-by_SLH-DSA-SHAKE-192f,SLH-DSA-SHA2-192f_signed-by_SLH-DSA-SHAKE-192f,436.898,3968.87,360.834,1,135,0.767045,629.045,24,97410.5,91705.1,107876,107873
2,6,78,SLH-DSA-SHA2-192f_signed-by_SLH-DSA-SHAKE-192f,SLH-DSA-SHA2-192f_signed-by_SLH-DSA-SHAKE-192f,458.488,3781.98,333.548,1,117,0.625668,389.273,18,92421.3,91757.9,107876,107873
2,4,63,SLH-DSA-SHA2-192f_signed-by_SLH-DSA-SHAKE-192f,SLH-DSA-SHA2-192f_signed-by_SLH-DSA-SHAKE-192f,460.985,3761.49,374.919,1,375,2.07182,2009.25,24,91951.2,92105.9,107876,107873
2,8,72,SLH-DSA-SHA2-192f_signed-by_SLH-DSA-SHAKE-192f,SLH-DSA-SHA2-192f_signed-by_SLH-DSA-SHAKE-192f,323.138,5366.09,377.646,1,79,0.632,1042.13,14,92394.6,91797.6,107876,107873
2,3,76,SLH-DSA-SHA2-192f_signed-by_SLH-DSA-SHAKE-192f,SLH-DSA-SHA2-192f_signed-by_SLH-DSA-SHAKE-192f,457.958,3786.35,292.393,1,60,0.379747,364.101,24,92750.7,92096.1,107876,107873
2,5,77,SLH-DSA-SHA2-192f_signed-by_SLH-DSA-SHAKE-192f,SLH-DSA-SHA2-192f_signed-by_SLH-DSA-SHAKE-192f,452.784,3829.61,264.673,1,10,0.0729927,413.504,8,92181.1,91621.5,107876,107873
2,7,74,SLH-DSA-SHA2-192f_signed-by_SLH-DSA-SHAKE-192f,SLH-DSA-SHA2-192f_signed-by_SLH-DSA-SHAKE-192f,447.065,3878.61,299.517,1,66,0.434211,386.342,24,92008.3,92000.7,107876,107873
2,4,64,SLH-DSA-SHA2-192f_signed-by_SLH-DSA-SHAKE-192f,SLH-DSA-SHA2-192f_signed-by_SLH-DSA-SHAKE-192f,408.539,4244.37,402.566,1,526,3.18788,592.521,24,91951.1,91812.5,107876,107873
2,2,75,SLH-DSA-SHA2-192f_signed-by_SLH-DSA-SHAKE-192f,SLH-DSA-SHA2-192f_signed-by_SLH-DSA-SHAKE-192f,439.123,3948.75,317.833,1,95,0.59375,475.8,24,92189.3,91835.8,107876,107873
2,6,79,SLH-DSA-SHA2-192f_signed-by_SLH-DSA-SHAKE-192f,SLH-DSA-SHA2-192f_signed-by_SLH-DSA-SHAKE-192f,439.321,3946.97,283.892,1,150,1.08696,416.116,19,92053.5,91880.4,107876,107873
2,8,73,SLH-DSA-SHA2-192f_signed-by_SLH-DSA-SHAKE-192f,SLH-DSA-SHA2-192f_signed-by_SLH-DSA-SHAKE-192f,403.4,4298.44,424.829,1,245,1.25641,751.6,15,92453,91649.2,107876,107873
2,4,65,SLH-DSA-SHA2-192f_signed-by_SLH-DSA-SHAKE-192f,SLH-DSA-SHA2-192f_signed-by_SLH-DSA-SHAKE-192f,401.824,4315.3,365.373,1,98,0.563218,437.77,24,92243.9,92067.4,107876,107873
2,7,75,SLH-DSA-SHA2-192f_signed-by_SLH-DSA-SHAKE-192f,SLH-DSA-SHA2-192f_signed-by_SLH-DSA-SHAKE-192f,422.443,4104.67,350.532,1,304,1.9,510.2,23,92116.9,92114.1,107876,107873
2,2,76,SLH-DSA-SHA2-192f_signed-by_SLH-DSA-SHAKE-192f,SLH-DSA-SHA2-192f_signed-by_SLH-DSA-SHAKE-192f,433.043,4004.19,353.849,1,218,1.47297,750.081,24,92195.8,91896.5,107876,107873
2,5,78,SLH-DSA-SHA2-192f_signed-by_SLH-DSA-SHAKE-192f,SLH-DSA-SHA2-192f_signed-by_SLH-DSA-SHAKE-192f,466.543,3716.68,252.821,1,25,0.192308,723.538,8,92039.5,91792.5,107876,107873
2,8,74,SLH-DSA-SHA2-192f_signed-by_SLH-DSA-SHAKE-192f,SLH-DSA-SHA2-192f_signed-by_SLH-DSA-SHAKE-192f,442.373,3919.74,289.131,1,66,0.507692,480.154,15,92251.2,92974,107876,107873
2,3,77,SLH-DSA-SHA2-192f_signed-by_SLH-DSA-SHAKE-192f,SLH-DSA-SHA2-192f_signed-by_SLH-DSA-SHAKE-192f,502.305,3452.07,243.422,1,26,0.18705,370.95,24,92506.2,91865.9,107876,107873
2,6,80,SLH-DSA-SHA2-192f_signed-by_SLH-DSA-SHAKE-192f,SLH-DSA-SHA2-192f_signed-by_SLH-DSA-SHAKE-192f,453.341,3824.92,347.076,1,323,2.00621,931.839,19,92563.3,91838.2,107876,107873
2,1,73,SLH-DSA-SHA2-192f_signed-by_SLH-DSA-SHAKE-192f,SLH-DSA-SHA2-192f_signed-by_SLH-DSA-SHAKE-192f,1414.72,1225.68,108.222,1,160,0.946746,1405.57,24,92173.1,91653,107876,107873
2,7,76,SLH-DSA-SHA2-192f_signed-by_SLH-DSA-SHAKE-192f,SLH-DSA-SHA2-192f_signed-by_SLH-DSA-SHAKE-192f,430.685,4026.12,260.348,1,0,0,400.4,22,91959.6,91892.6,107876,107873
2,3,78,SLH-DSA-SHA2-192f_signed-by_SLH-DSA-SHAKE-192f,SLH-DSA-SHA2-192f_signed-by_SLH-DSA-SHAKE-192f,413.438,4194.08,345.087,1,120,0.857143,538.486,24,92212.2,92226.3,107876,107873
2,8,75,SLH-DSA-SHA2-192f_signed-by_SLH-DSA-SHAKE-192f,SLH-DSA-SHA2-192f_signed-by_SLH-DSA-SHAKE-192f,435.812,3978.76,337.026,1,182,1.15924,535.376,16,92234.9,92091.8,107876,107873
2,5,79,SLH-DSA-SHA2-192f_signed-by_SLH-DSA-SHAKE-192f,SLH-DSA-SHA2-192f_signed-by_SLH-DSA-SHAKE-192f,456.698,3796.8,279.397,1,35,0.269231,436.677,8,92112.9,91850.2,107876,107873
2,2,77,SLH-DSA-SHA2-192f_signed-by_SLH-DSA-SHAKE-192f,SLH-DSA-SHA2-192f_signed-by_SLH-DSA-SHAKE-192f,459.975,3769.75,252.674,1,9,0.0671642,394.418,24,92889.4,91671.7,107876,107873
2,6,81,SLH-DSA-SHA2-192f_signed-by_SLH-DSA-SHAKE-192f,SLH-DSA-SHA2-192f_signed-by_SLH-DSA-SHAKE-192f,444.691,3899.31,388.62,1,277,1.41327,463.714,19,91919.8,91688.5,107876,107873
2,1,74,SLH-DSA-SHA2-192f_signed-by_SLH-DSA-SHAKE-192f,SLH-DSA-SHA2-192f_signed-by_SLH-DSA-SHAKE-192f,351.496,4933.17,723.535,1,33,0.186441,1192.82,24,91975.2,92345,107876,107873
2,2,78,SLH-DSA-SHA2-192f_signed-by_SLH-DSA-SHAKE-192f,SLH-DSA-SHA2-192f_signed-by_SLH-DSA-SHAKE-192f,398.886,4347.08,314.435,1,27,0.206107,502.733,24,92339.9,92047.6,107876,107873
2,7,77,SLH-DSA-SHA2-192f_signed-by_SLH-DSA-SHAKE-192f,SLH-DSA-SHA2-192f_signed-by_SLH-DSA-SHAKE-192f,473.959,3658.53,339.675,1,139,0.70202,349.818,21,92547.8,91931.4,107876,107873
2,5,80,SLH-DSA-SHA2-192f_signed-by_SLH-DSA-SHAKE-192f,SLH-DSA-SHA2-192f_signed-by_SLH-DSA-SHAKE-192f,430.801,4025.04,329.693,1,16,0.122137,456.931,8,94087.9,92032.5,107876,107873
2,8,76,SLH-DSA-SHA2-192f_signed-by_SLH-DSA-SHAKE-192f,SLH-DSA-SHA2-192f_signed-by_SLH-DSA-SHAKE-192f,445.071,3895.98,350.397,1,142,0.78453,433.558,16,92047.9,91974.9,107876,107873
2,3,79,SLH-DSA-SHA2-192f_signed-by_SLH-DSA-SHAKE-192f,SLH-DSA-SHA2-192f_signed-by_SLH-DSA-SHAKE-192f,458.795,3779.44,289.593,1,58,0.371795,368.59,24,92653.1,91965.5,107876,107873
2,1,75,SLH-DSA-SHA2-192f_signed-by_SLH-DSA-SHAKE-192f,SLH-DSA-SHA2-192f_signed-by_SLH-DSA-SHAKE-192f,413.274,4195.74,504.226,1,270,1.07143,1067.48,24,92258,92272.3,107876,107873
2,6,82,SLH-DSA-SHA2-192f_signed-by_SLH-DSA-SHAKE-192f,SLH-DSA-SHA2-192f_signed-by_SLH-DSA-SHAKE-192f,432.865,4005.85,343.201,1,262,1.56886,772.922,19,92313.2,91865,107876,107873
2,8,77,SLH-DSA-SHA2-192f_signed-by_SLH-DSA-SHAKE-192f,SLH-DSA-SHA2-192f_signed-by_SLH-DSA-SHAKE-192f,430.429,4028.51,357.633,1,211,1.45517,923.048,16,92297.1,92034.3,107876,107873
2,5,81,SLH-DSA-SHA2-192f_signed-by_SLH-DSA-SHAKE-192f,SLH-DSA-SHA2-192f_signed-by_SLH-DSA-SHAKE-192f,437.954,3959.3,285.254,1,59,0.430657,655.606,7,91975.5,92070.5,107876,107873
2,3,80,SLH-DSA-SHA2-192f_signed-by_SLH-DSA-SHAKE-192f,SLH-DSA-SHA2-192f_signed-by_SLH-DSA-SHAKE-192f,441.464,3927.82,336.625,1,163,1.05161,952.735,24,92211.6,92298.7,107876,107873
2,6,83,SLH-DSA-SHA2-192f_signed-by_SLH-DSA-SHAKE-192f,SLH-DSA-SHA2-192f_signed-by_SLH-DSA-SHAKE-192f,436.377,3973.6,268.281,1,129,1.02381,512.159,18,91923.9,92225.5,107876,107873
2,7,78,SLH-DSA-SHA2-192f_signed-by_SLH-DSA-SHAKE-192f,SLH-DSA-SHA2-192f_signed-by_SLH-DSA-SHAKE-192f,473.628,3661.08,236.742,1,0,0,400.4,20,92443.9,91765,107876,107873
2,2,79,SLH-DSA-SHA2-192f_signed-by_SLH-DSA-SHAKE-192f,SLH-DSA-SHA2-192f_signed-by_SLH-DSA-SHAKE-192f,494.9,3503.72,258.638,1,44,0.293333,375.813,24,92460.4,92122.6,107876,107873
2,1,76,SLH-DSA-SHA2-192f_signed-by_SLH-DSA-SHAKE-192f,SLH-DSA-SHA2-192f_signed-by_SLH-DSA-SHAKE-192f,460.855,3762.55,384.78,1,285,1.59218,916.615,24,91957.4,91895.2,107876,107873
2,4,66,SLH-DSA-SHA2-192f_signed-by_SLH-DSA-SHAKE-192f,SLH-DSA-SHA2-192f_signed-by_SLH-DSA-SHAKE-192f,1700.38,1019.77,80.4149,1,96,0.585366,359.268,24,91827.9,92567.1,107876,107873
2,8,78,SLH-DSA-SHA2-192f_signed-by_SLH-DSA-SHAKE-192f,SLH-DSA-SHA2-192f_signed-by_SLH-DSA-SHAKE-192f,481.238,3603.19,321.836,1,312,1.84615,465.03,15,92588.3,91889.5,107876,107873
2,1,77,SLH-DSA-SHA2-192f_signed-by_SLH-DSA-SHAKE-192f,SLH-DSA-SHA2-192f_signed-by_SLH-DSA-SHAKE-192f,459.488,3773.74,370.429,1,172,0.900524,642.628,24,92099.3,91610.1,107876,107873
2,3,81,SLH-DSA-SHA2-192f_signed-by_SLH-DSA-SHAKE-192f,SLH-DSA-SHA2-192f_signed-by_SLH-DSA-SHAKE-192f,498.787,3476.41,225.827,1,0,0,555.386,24,92321.5,92245.2,107876,107873
2,2,80,SLH-DSA-SHA2-192f_signed-by_SLH-DSA-SHAKE-192f,SLH-DSA-SHA2-192f_signed-by_SLH-DSA-SHAKE-192f,490.625,3534.25,336.68,1,356,2.25316,1161.47,24,92422.2,92056.5,107876,107873
2,5,82,SLH-DSA-SHA2-192f_signed-by_SLH-DSA-SHAKE-192f,SLH-DSA-SHA2-192f_signed-by_SLH-DSA-SHAKE-192f,525.381,3300.44,264.25,1,70,0.429448,446.564,6,92676.2,91757.8,107876,107873
2,6,84,SLH-DSA-SHA2-192f_signed-by_SLH-DSA-SHAKE-192f,SLH-DSA-SHA2-192f_signed-by_SLH-DSA-SHAKE-192f,531.904,3259.97,355.011,1,415,2.15026,958.725,17,92042.1,92031.1,107876,107873
2,7,79,SLH-DSA-SHA2-192f_signed-by_SLH-DSA-SHAKE-192f,SLH-DSA-SHA2-192f_signed-by_SLH-DSA-SHAKE-192f,535.128,3240.33,354.517,1,555,2.5576,745.816,19,92209.5,91758.6,107876,107873
2,4,67,SLH-DSA-SHA2-192f_signed-by_SLH-DSA-SHAKE-192f,SLH-DSA-SHA2-192f_signed-by_SLH-DSA-SHAKE-192f,298.023,5818.31,393.902,1,0,0,483.449,24,92552.9,92065.7,107876,107873
2,1,78,SLH-DSA-SHA2-192f_signed-by_SLH-DSA-SHAKE-192f,SLH-DSA-SHA2-192f_signed-by_SLH-DSA-SHAKE-192f,358.073,4842.56,324.313,1,13,0.1,439.815,24,91978.7,91931.7,107876,107873
2,5,83,SLH-DSA-SHA2-192f_signed-by_SLH-DSA-SHAKE-192f,SLH-DSA-SHA2-192f_signed-by_SLH-DSA-SHAKE-192f,364.677,4754.86,321.029,1,51,0.404762,615.937,6,92255.7,91714.5,107876,107873
2,8,79,SLH-DSA-SHA2-192f_signed-by_SLH-DSA-SHAKE-192f,SLH-DSA-SHA2-192f_signed-by_SLH-DSA-SHAKE-192f,420.648,4122.19,368.574,1,121,0.647059,367.668,15,92311,91937.3,107876,107873
2,7,80,SLH-DSA-SHA2-192f_signed-by_SLH-DSA-SHAKE-192f,SLH-DSA-SHA2-192f_signed-by_SLH-DSA-SHAKE-192f,386.475,4486.68,290.129,1,0,0,491.792,18,92190.7,91709,107876,107873
2,2,81,SLH-DSA-SHA2-192f_signed-by_SLH-DSA-SHAKE-192f,SLH-DSA-SHA2-192f_signed-by_SLH-DSA-SHAKE-192f,418.43,4144.04,286.25,1,21,0.153285,380.511,24,92309.4,91787,107876,107873
2,6,85,SLH-DSA-SHA2-192f_signed-by_SLH-DSA-SHAKE-192f,SLH-DSA-SHA2-192f_signed-by_SLH-DSA-SHAKE-192f,403.042,4302.26,329.216,1,45,0.306122,507.415,17,93065.1,92024.4,107876,107873
2,4,68,SLH-DSA-SHA2-192f_signed-by_SLH-DSA-SHAKE-192f,SLH-DSA-SHA2-192f_signed-by_SLH-DSA-SHAKE-192f,343.355,5050.13,411.468,1,148,0.919255,497.627,24,91949.8,91769.7,107876,107873
2,3,82,SLH-DSA-SHA2-192f_signed-by_SLH-DSA-SHAKE-192f,SLH-DSA-SHA2-192f_signed-by_SLH-DSA-SHAKE-192f,480.819,3606.32,244.948,1,110,0.846154,573.231,24,92517.4,92135.1,107876,107873
2,1,79,SLH-DSA-SHA2-192f_signed-by_SLH-DSA-SHAKE-192f,SLH-DSA-SHA2-192f_signed-by_SLH-DSA-SHAKE-192f,358.493,4836.89,393.782,0.952096,82,0.491018,420.85,24,92268.6,92047.9,107876,107873
2,5,84,SLH-DSA-SHA2-192f_signed-by_SLH-DSA-SHAKE-192f,SLH-DSA-SHA2-192f_signed-by_SLH-DSA-SHAKE-192f,396.071,4377.98,295.583,1,51,0.404762,501.937,7,92108.4,91950.2,107876,107873
2,8,80,SLH-DSA-SHA2-192f_signed-by_SLH-DSA-SHAKE-192f,SLH-DSA-SHA2-192f_signed-by_SLH-DSA-SHAKE-192f,426.288,4067.65,309.274,1,42,0.28,410.933,14,92206.7,91762,107876,107873
2,7,81,SLH-DSA-SHA2-192f_signed-by_SLH-DSA-SHAKE-192f,SLH-DSA-SHA2-192f_signed-by_SLH-DSA-SHAKE-192f,390.521,4440.19,312.361,1,97,0.729323,619.383,19,92298,91979.7,107876,107873
2,6,86,SLH-DSA-SHA2-192f_signed-by_SLH-DSA-SHAKE-192f,SLH-DSA-SHA2-192f_signed-by_SLH-DSA-SHAKE-192f,397.159,4365.99,295.458,1,15,0.12,510.48,17,92387.6,91640.2,107876,107873
2,4,69,SLH-DSA-SHA2-192f_signed-by_SLH-DSA-SHAKE-192f,SLH-DSA-SHA2-192f_signed-by_SLH-DSA-SHAKE-192f,398.519,4351.09,293.607,0.412698,26,0.206349,474.984,24,92104.9,91815.8,107876,107873
2,2,82,SLH-DSA-SHA2-192f_signed-by_SLH-DSA-SHAKE-192f,SLH-DSA-SHA2-192f_signed-by_SLH-DSA-SHAKE-192f,426.452,4066.08,280.866,0.978102,21,0.153285,379.752,24,92478.9,91729.2,107876,107873
2,3,83,SLH-DSA-SHA2-192f_signed-by_SLH-DSA-SHAKE-192f,SLH-DSA-SHA2-192f_signed-by_SLH-DSA-SHAKE-192f,388.139,4467.45,316.629,0.403101,26,0.20155,671.023,24,92080.5,92167.7,107876,107873
2,1,80,SLH-DSA-SHA2-192f_signed-by_SLH-DSA-SHAKE-192f,SLH-DSA-SHA2-192f_signed-by_SLH-DSA-SHAKE-192f,302.047,5740.79,369.531,1,0,0,456.634,24,97182,91827.7,107876,107873
2,5,85,SLH-DSA-SHA2-192f_signed-by_SLH-DSA-SHAKE-192f,SLH-DSA-SHA2-192f_signed-by_SLH-DSA-SHAKE-192f,398.973,4346.13,304.622,1,24,0.172662,454.403,8,91910.6,93479,107876,107873
2,6,87,SLH-DSA-SHA2-192f_signed-by_SLH-DSA-SHAKE-192f,SLH-DSA-SHA2-192f_signed-by_SLH-DSA-SHAKE-192f,374.078,4635.37,314.202,1,34,0.269841,513.048,16,91905.4,92066.6,107876,107873
2,8,81,SLH-DSA-SHA2-192f_signed-by_SLH-DSA-SHAKE-192f,SLH-DSA-SHA2-192f_signed-by_SLH-DSA-SHAKE-192f,418.617,4142.19,271.293,1,2,0.015748,394.945,13,92110.2,92046.4,107876,107873
2,4,70,SLH-DSA-SHA2-192f_signed-by_SLH-DSA-SHAKE-192f,SLH-DSA-SHA2-192f_signed-by_SLH-DSA-SHAKE-192f,407.714,4252.95,291.262,1,21,0.157895,459.744,24,97385.2,92141.3,107876,107873
2,7,82,SLH-DSA-SHA2-192f_signed-by_SLH-DSA-SHAKE-192f,SLH-DSA-SHA2-192f_signed-by_SLH-DSA-SHAKE-192f,445.794,3889.67,284.687,1,41,0.278912,376.259,20,92101.1,92126.7,107876,107873
2,3,84,SLH-DSA-SHA2-192f_signed-by_SLH-DSA-SHAKE-192f,SLH-DSA-SHA2-192f_signed-by_SLH-DSA-SHAKE-192f,395.769,4381.32,336.964,1,245,1.84211,696.226,24,92308.9,91634.8,107876,107873
2,1,81,SLH-DSA-SHA2-192f_signed-by_SLH-DSA-SHAKE-192f,SLH-DSA-SHA2-192f_signed-by_SLH-DSA-SHAKE-192f,291.554,5947.4,401.764,0.603175,0,0,486.984,24,92445.4,91903.2,107876,107873
2,2,83,SLH-DSA-SHA2-192f_signed-by_SLH-DSA-SHAKE-192f,SLH-DSA-SHA2-192f_signed-by_SLH-DSA-SHAKE-192f,454.371,3816.24,271.285,1,101,0.726619,424.36,24,92283.5,91800.6,107876,107873
2,5,86,SLH-DSA-SHA2-192f_signed-by_SLH-DSA-SHAKE-192f,SLH-DSA-SHA2-192f_signed-by_SLH-DSA-SHAKE-192f,302.827,5726,420.358,1,32,0.217687,503.959,9,91917.6,91785.1,107876,107873
2,6,88,SLH-DSA-SHA2-192f_signed-by_SLH-DSA-SHAKE-192f,SLH-DSA-SHA2-192f_signed-by_SLH-DSA-SHAKE-192f,374.045,4635.78,301.696,1,1,0.00793651,406.127,16,92044,92151.7,107876,107873
2,4,71,SLH-DSA-SHA2-192f_signed-by_SLH-DSA-SHAKE-192f,SLH-DSA-SHA2-192f_signed-by_SLH-DSA-SHAKE-192f,385.261,4500.81,373.398,1,272,1.71069,508.415,24,92047,91822,107876,107873
2,8,82,SLH-DSA-SHA2-192f_signed-by_SLH-DSA-SHAKE-192f,SLH-DSA-SHA2-192f_signed-by_SLH-DSA-SHAKE-192f,414.045,4187.93,323.752,1,63,0.401274,372.981,12,92126.2,92007.7,107876,107873
2,2,84,SLH-DSA-SHA2-192f_signed-by_SLH-DSA-SHAKE-192f,SLH-DSA-SHA2-192f_signed-by_SLH-DSA-SHAKE-192f,342.937,5056.3,341.987,1,83,0.664,592.144,24,92267.8,92162,107876,107873
2,1,82,SLH-DSA-SHA2-192f_signed-by_SLH-DSA-SHAKE-192f,SLH-DSA-SHA2-192f_signed-by_SLH-DSA-SHAKE-192f,375.125,4622.43,333.115,1,56,0.414815,522.03,24,92059,91690.3,107876,107873
2,3,85,SLH-DSA-SHA2-192f_signed-by_SLH-DSA-SHAKE-192f,SLH-DSA-SHA2-192f_signed-by_SLH-DSA-SHAKE-192f,423.928,4090.29,312.355,1,127,0.940741,691.363,24,92510.1,91875.7,107876,107873
2,5,87,SLH-DSA-SHA2-192f_signed-by_SLH-DSA-SHAKE-192f,SLH-DSA-SHA2-192f_signed-by_SLH-DSA-SHAKE-192f,295.152,5874.89,476.445,1,65,0.40625,543.75,9,92996.3,91772.5,107876,107873
2,7,83,SLH-DSA-SHA2-192f_signed-by_SLH-DSA-SHAKE-192f,SLH-DSA-SHA2-192f_signed-by_SLH-DSA-SHAKE-192f,550.252,3151.26,251.957,1,69,0.445161,430.542,20,92489.5,91847.5,107876,107873
2,6,89,SLH-DSA-SHA2-192f_signed-by_SLH-DSA-SHAKE-192f,SLH-DSA-SHA2-192f_signed-by_SLH-DSA-SHAKE-192f,399.673,4338.52,332.031,1,42,0.281879,431.181,16,91821.2,91719.5,107876,107873
2,2,85,SLH-DSA-SHA2-192f_signed-by_SLH-DSA-SHAKE-192f,SLH-DSA-SHA2-192f_signed-by_SLH-DSA-SHAKE-192f,407.751,4252.57,303.4,1,166,1.27692,593.015,24,92216.6,91844.4,107876,107873
2,4,72,SLH-DSA-SHA2-192f_signed-by_SLH-DSA-SHAKE-192f,SLH-DSA-SHA2-192f_signed-by_SLH-DSA-SHAKE-192f,427.293,4058.09,263.014,1,0,0,382.095,24,92436.5,91813.2,107876,107873
2,3,86,SLH-DSA-SHA2-192f_signed-by_SLH-DSA-SHAKE-192f,SLH-DSA-SHA2-192f_signed-by_SLH-DSA-SHAKE-192f,408.403,4245.78,342.289,1,98,0.624204,699.478,24,92692.8,91983.6,107876,107873
2,1,83,SLH-DSA-SHA2-192f_signed-by_SLH-DSA-SHAKE-192f,SLH-DSA-SHA2-192f_signed-by_SLH-DSA-SHAKE-192f,448.871,3863.01,315.351,1,276,1.85235,544.336,24,91960.2,91722.7,107876,107873
2,8,83,SLH-DSA-SHA2-192f_signed-by_SLH-DSA-SHAKE-192f,SLH-DSA-SHA2-192f_signed-by_SLH-DSA-SHAKE-192f,467.468,3709.32,285.624,1,124,0.810458,423.569,12,92141.3,91811.9,107876,107873
2,5,88,SLH-DSA-SHA2-192f_signed-by_SLH-DSA-SHAKE-192f,SLH-DSA-SHA2-192f_signed-by_SLH-DSA-SHAKE-192f,364.079,4762.68,349.023,1,23,0.18254,730.635,10,92105.5,92131.2,107876,107873
2,7,84,SLH-DSA-SHA2-192f_signed-by_SLH-DSA-SHAKE-192f,SLH-DSA-SHA2-192f_signed-by_SLH-DSA-SHAKE-192f,342.523,5062.4,342.213,1,84,0.672,704.08,20,92306.3,91677.4,107876,107873
2,6,90,SLH-DSA-SHA2-192f_signed-by_SLH-DSA-SHAKE-192f,SLH-DSA-SHA2-192f_signed-by_SLH-DSA-SHAKE-192f,361.773,4793.03,354.255,1,45,0.304054,393.432,16,92162.8,91837.3,107876,107873
2,8,84,SLH-DSA-SHA2-192f_signed-by_SLH-DSA-SHAKE-192f,SLH-DSA-SHA2-192f_signed-by_SLH-DSA-SHAKE-192f,414.368,4184.66,339.253,1,39,0.288889,917.615,12,92076.1,92066.4,107876,107873
2,4,73,SLH-DSA-SHA2-192f_signed-by_SLH-DSA-SHAKE-192f,SLH-DSA-SHA2-192f_signed-by_SLH-DSA-SHAKE-192f,480.982,3605.1,255.377,1,15,0.106383,360.44,24,92008.9,91945.2,107876,107873
2,3,87,SLH-DSA-SHA2-192f_signed-by_SLH-DSA-SHAKE-192f,SLH-DSA-SHA2-192f_signed-by_SLH-DSA-SHAKE-192f,466.343,3718.27,443.999,1,526,2.43519,827.537,24,92408.4,91947.1,107876,107873
2,2,86,SLH-DSA-SHA2-192f_signed-by_SLH-DSA-SHAKE-192f,SLH-DSA-SHA2-192f_signed-by_SLH-DSA-SHAKE-192f,514.888,3367.7,252.824,1,52,0.339869,453.843,24,92168.9,92032.7,107876,107873
2,5,89,SLH-DSA-SHA2-192f_signed-by_SLH-DSA-SHAKE-192f,SLH-DSA-SHA2-192f_signed-by_SLH-DSA-SHAKE-192f,448.974,3862.11,277.468,1,51,0.386364,761.939,10,91971.9,92180.6,107876,107873
2,7,85,SLH-DSA-SHA2-192f_signed-by_SLH-DSA-SHAKE-192f,SLH-DSA-SHA2-192f_signed-by_SLH-DSA-SHAKE-192f,442.005,3923.01,317.498,1,242,1.80597,743.701,19,92189.9,91834.1,107876,107873
2,1,84,SLH-DSA-SHA2-192f_signed-by_SLH-DSA-SHAKE-192f,SLH-DSA-SHA2-192f_signed-by_SLH-DSA-SHAKE-192f,485.243,3573.45,302.364,1,235,1.45963,469.23,24,92249.6,92049.1,107876,107873
2,6,91,SLH-DSA-SHA2-192f_signed-by_SLH-DSA-SHAKE-192f,SLH-DSA-SHA2-192f_signed-by_SLH-DSA-SHAKE-192f,301.634,5748.66,388.338,1,0,0,478.413,16,91797.4,91829.2,107876,107873
2,1,85,SLH-DSA-SHA2-192f_signed-by_SLH-DSA-SHAKE-192f,SLH-DSA-SHA2-192f_signed-by_SLH-DSA-SHAKE-192f,410.078,4228.44,343.895,1,148,0.925,668.025,24,91982.8,92094.1,107876,107873
2,8,85,SLH-DSA-SHA2-192f_signed-by_SLH-DSA-SHAKE-192f,SLH-DSA-SHA2-192f_signed-by_SLH-DSA-SHAKE-192f,479.922,3613.07,233.104,1,0,0,403.323,13,92229.8,91896,107876,107873
2,7,86,SLH-DSA-SHA2-192f_signed-by_SLH-DSA-SHAKE-192f,SLH-DSA-SHA2-192f_signed-by_SLH-DSA-SHAKE-192f,429.463,4037.58,325.057,1,414,3.0219,912.628,19,92378.4,91724.8,107876,107873
2,3,88,SLH-DSA-SHA2-192f_signed-by_SLH-DSA-SHAKE-192f,SLH-DSA-SHA2-192f_signed-by_SLH-DSA-SHAKE-192f,473.77,3659.98,262.743,1,166,1.24812,478.812,24,92206.1,91810.4,107876,107873
2,2,87,SLH-DSA-SHA2-192f_signed-by_SLH-DSA-SHAKE-192f,SLH-DSA-SHA2-192f_signed-by_SLH-DSA-SHAKE-192f,481.223,3603.3,356.491,1,229,1.15657,635.98,24,92847.6,92025.1,107876,107873
2,6,92,SLH-DSA-SHA2-192f_signed-by_SLH-DSA-SHAKE-192f,SLH-DSA-SHA2-192f_signed-by_SLH-DSA-SHAKE-192f,413.736,4191.05,270.897,1,1,0.00813008,635.236,16,92061.2,92208.6,107876,107873
2,4,74,SLH-DSA-SHA2-192f_signed-by_SLH-DSA-SHAKE-192f,SLH-DSA-SHA2-192f_signed-by_SLH-DSA-SHAKE-192f,502.618,3449.92,245.371,1,146,1.05036,417.626,24,92218.3,91731.9,107876,107873
2,1,86,SLH-DSA-SHA2-192f_signed-by_SLH-DSA-SHAKE-192f,SLH-DSA-SHA2-192f_signed-by_SLH-DSA-SHAKE-192f,415.907,4169.18,278.716,1,11,0.0839695,386.855,24,92578.3,91925.9,107876,107873
2,7,87,SLH-DSA-SHA2-192f_signed-by_SLH-DSA-SHAKE-192f,SLH-DSA-SHA2-192f_signed-by_SLH-DSA-SHAKE-192f,400.426,4330.36,305.514,1,33,0.257812,497.844,18,91972.8,91979.2,107876,107873
2,8,86,SLH-DSA-SHA2-192f_signed-by_SLH-DSA-SHAKE-192f,SLH-DSA-SHA2-192f_signed-by_SLH-DSA-SHAKE-192f,437.303,3965.19,293.983,1,66,0.471429,713.314,13,92310.5,91832.6,107876,107873
2,6,93,SLH-DSA-SHA2-192f_signed-by_SLH-DSA-SHAKE-192f,SLH-DSA-SHA2-192f_signed-by_SLH-DSA-SHAKE-192f,404.976,4281.71,290.941,1,23,0.181102,499.512,15,92426.2,91785,107876,107873
2,2,88,SLH-DSA-SHA2-192f_signed-by_SLH-DSA-SHAKE-192f,SLH-DSA-SHA2-192f_signed-by_SLH-DSA-SHAKE-192f,408.703,4242.67,288.405,1,24,0.1875,473.562,24,91944.6,92137.3,107876,107873
2,4,75,SLH-DSA-SHA2-192f_signed-by_SLH-DSA-SHAKE-192f,SLH-DSA-SHA2-192f_signed-by_SLH-DSA-SHAKE-192f,407.694,4253.17,375.968,1,115,0.668605,612.884,24,91855.9,92084.8,107876,107873
2,1,87,SLH-DSA-SHA2-192f_signed-by_SLH-DSA-SHAKE-192f,SLH-DSA-SHA2-192f_signed-by_SLH-DSA-SHAKE-192f,314.19,5518.91,356.879,1,0,0,400.4,24,92156.9,92340.8,107876,107873
2,7,88,SLH-DSA-SHA2-192f_signed-by_SLH-DSA-SHAKE-192f,SLH-DSA-SHA2-192f_signed-by_SLH-DSA-SHAKE-192f,317.619,5459.33,482.439,0.754098,117,0.639344,443.705,18,92300,91936.3,107876,107873
2,8,87,SLH-DSA-SHA2-192f_signed-by_SLH-DSA-SHAKE-192f,SLH-DSA-SHA2-192f_signed-by_SLH-DSA-SHAKE-192f,316.963,5470.63,398.531,0.951724,41,0.282759,447.655,12,92374.8,91979.7,107876,107873
2,4,76,SLH-DSA-SHA2-192f_signed-by_SLH-DSA-SHAKE-192f,SLH-DSA-SHA2-192f_signed-by_SLH-DSA-SHAKE-192f,317.224,5466.14,412.68,1,67,0.478571,494.886,24,92860.9,91875.5,107876,107873
2,1,88,SLH-DSA-SHA2-192f_signed-by_SLH-DSA-SHAKE-192f,SLH-DSA-SHA2-192f_signed-by_SLH-DSA-SHAKE-192f,285.32,6077.35,392.093,1,0,0,495.452,24,92220,92113.7,107876,107873
2,7,89,SLH-DSA-SHA2-192f_signed-by_SLH-DSA-SHAKE-192f,SLH-DSA-SHA2-192f_signed-by_SLH-DSA-SHAKE-192f,301.806,5745.38,390.29,1,130,1.02362,528.236,18,92095.3,92301.2,107876,107873
2,8,88,SLH-DSA-SHA2-192f_signed-by_SLH-DSA-SHAKE-192f,SLH-DSA-SHA2-192f_signed-by_SLH-DSA-SHAKE-192f,304.085,5702.32,517.907,1,145,0.857988,471.16,12,92009.6,91728.5,107876,107873
2,4,77,SLH-DSA-SHA2-192f_signed-by_SLH-DSA-SHAKE-192f,SLH-DSA-SHA2-192f_signed-by_SLH-DSA-SHAKE-192f,314.846,5507.42,375.04,0.796875,23,0.179688,512.094,24,91843.1,91731.5,107876,107873
2,5,90,SLH-DSA-SHA2-192f_signed-by_SLH-DSA-SHAKE-192f,SLH-DSA-SHA2-192f_signed-by_SLH-DSA-SHAKE-192f,1533.23,1130.94,110.909,1,251,1.49405,803.214,12,91968.7,91721.3,107876,107873
2,1,89,SLH-DSA-SHA2-192f_signed-by_SLH-DSA-SHAKE-192f,SLH-DSA-SHA2-192f_signed-by_SLH-DSA-SHAKE-192f,294.182,5894.27,448.538,0.779221,55,0.357143,486.39,24,91850.6,92265.7,107876,107873
2,7,90,SLH-DSA-SHA2-192f_signed-by_SLH-DSA-SHAKE-192f,SLH-DSA-SHA2-192f_signed-by_SLH-DSA-SHAKE-192f,314.262,5517.65,384.748,0.9375,45,0.351562,502.406,19,92539.7,91936.8,107876,107873
2,8,89,SLH-DSA-SHA2-192f_signed-by_SLH-DSA-SHAKE-192f,SLH-DSA-SHA2-192f_signed-by_SLH-DSA-SHAKE-192f,329.405,5264.01,339.618,0.782258,0,0,403.323,12,92381.3,92008.5,107876,107873
2,4,78,SLH-DSA-SHA2-192f_signed-by_SLH-DSA-SHAKE-192f,SLH-DSA-SHA2-192f_signed-by_SLH-DSA-SHAKE-192f,305.532,5675.3,384.011,0.76378,33,0.259843,419.228,24,92003.4,92054,107876,107873
2,5,91,SLH-DSA-SHA2-192f_signed-by_SLH-DSA-SHAKE-192f,SLH-DSA-SHA2-192f_signed-by_SLH-DSA-SHAKE-192f,304.622,5692.26,482.591,0.613497,111,0.680982,568.429,12,92317.9,92330.2,107876,107873
2,3,89,SLH-DSA-SHA2-192f_signed-by_SLH-DSA-SHAKE-192f,SLH-DSA-SHA2-192f_signed-by_SLH-DSA-SHAKE-192f,1630.4,1063.53,93.5718,1,228,1.29545,368.227,24,92006.9,91975.7,107876,107873
2,7,91,SLH-DSA-SHA2-192f_signed-by_SLH-DSA-SHAKE-192f,SLH-DSA-SHA2-192f_signed-by_SLH-DSA-SHAKE-192f,334.562,5182.87,335.149,0.528,0,0,400.4,19,92075.3,91846.6,107876,107873
2,8,90,SLH-DSA-SHA2-192f_signed-by_SLH-DSA-SHAKE-192f,SLH-DSA-SHA2-192f_signed-by_SLH-DSA-SHAKE-192f,298.658,5805.94,379.189,0.52381,5,0.0396825,467.587,12,92391.2,91923.1,107876,107873
2,5,92,SLH-DSA-SHA2-192f_signed-by_SLH-DSA-SHAKE-192f,SLH-DSA-SHA2-192f_signed-by_SLH-DSA-SHAKE-192f,312.093,5555.99,432.075,0.371795,65,0.416667,557.923,13,91928.9,91979.7,107876,107873
2,4,79,SLH-DSA-SHA2-192f_signed-by_SLH-DSA-SHAKE-192f,SLH-DSA-SHA2-192f_signed-by_SLH-DSA-SHAKE-192f,340.133,5097.98,362.493,0.681818,10,0.0757576,523.697,24,92521.1,92123.5,107876,107873
2,3,90,SLH-DSA-SHA2-192f_signed-by_SLH-DSA-SHAKE-192f,SLH-DSA-SHA2-192f_signed-by_SLH-DSA-SHAKE-192f,382.6,4532.13,385.405,1,100,0.564972,491.13,24,92192.2,91822,107876,107873
2,8,91,SLH-DSA-SHA2-192f_signed-by_SLH-DSA-SHAKE-192f,SLH-DSA-SHA2-192f_signed-by_SLH-DSA-SHAKE-192f,368.722,4702.7,307.44,1,1,0.0078125,481.312,13,91867.6,91797.6,107876,107873
2,4,80,SLH-DSA-SHA2-192f_signed-by_SLH-DSA-SHAKE-192f,SLH-DSA-SHA2-192f_signed-by_SLH-DSA-SHAKE-192f,348.251,4979.14,367.918,1,318,2.42748,575.282,24,91875.9,92489.8,107876,107873
2,5,93,SLH-DSA-SHA2-192f_signed-by_SLH-DSA-SHAKE-192f,SLH-DSA-SHA2-192f_signed-by_SLH-DSA-SHAKE-192f,357.535,4849.84,390.987,1,115,0.771812,574.188,12,91863.2,92048.4,107876,107873
2,7,92,SLH-DSA-SHA2-192f_signed-by_SLH-DSA-SHAKE-192f,SLH-DSA-SHA2-192f_signed-by_SLH-DSA-SHAKE-192f,403.87,4293.43,400.128,1,140,0.714286,426.184,20,92365.7,91873.4,107876,107873
2,6,94,SLH-DSA-SHA2-192f_signed-by_SLH-DSA-SHAKE-192f,SLH-DSA-SHA2-192f_signed-by_SLH-DSA-SHAKE-192f,1653.01,1048.99,77.7153,1,38,0.233129,227.325,12,91960.1,91572.6,107876,107873
2,3,91,SLH-DSA-SHA2-192f_signed-by_SLH-DSA-SHAKE-192f,SLH-DSA-SHA2-192f_signed-by_SLH-DSA-SHAKE-192f,383.937,4516.34,328.845,1,39,0.267123,422.192,24,92188.8,91817.2,107876,107873
2,8,92,SLH-DSA-SHA2-192f_signed-by_SLH-DSA-SHAKE-192f,SLH-DSA-SHA2-192f_signed-by_SLH-DSA-SHAKE-192f,386.294,4488.78,325.513,1,39,0.270833,386.361,13,92047.5,91871.7,107876,107873
2,7,93,SLH-DSA-SHA2-192f_signed-by_SLH-DSA-SHAKE-192f,SLH-DSA-SHA2-192f_signed-by_SLH-DSA-SHAKE-192f,373.052,4648.12,389.222,1,361,2.59712,769.309,20,92261,91760.4,107876,107873
2,4,81,SLH-DSA-SHA2-192f_signed-by_SLH-DSA-SHAKE-192f,SLH-DSA-SHA2-192f_signed-by_SLH-DSA-SHAKE-192f,395.004,4389.8,284.148,1,0,0,397.492,24,92091.2,91957.8,107876,107873
2,6,95,SLH-DSA-SHA2-192f_signed-by_SLH-DSA-SHAKE-192f,SLH-DSA-SHA2-192f_signed-by_SLH-DSA-SHAKE-192f,373.313,4644.87,362.334,1,140,1.03704,537.644,11,92001.6,92581.8,107876,107873
2,5,94,SLH-DSA-SHA2-192f_signed-by_SLH-DSA-SHAKE-192f,SLH-DSA-SHA2-192f_signed-by_SLH-DSA-SHAKE-192f,396.284,4375.62,407.384,1,250,1.41243,641.819,12,92524.5,91832,107876,107873
2,3,92,SLH-DSA-SHA2-192f_signed-by_SLH-DSA-SHAKE-192f,SLH-DSA-SHA2-192f_signed-by_SLH-DSA-SHAKE-192f,392.386,4419.1,325.924,1,44,0.295302,388.631,24,92213.3,92092.7,107876,107873
2,8,93,SLH-DSA-SHA2-192f_signed-by_SLH-DSA-SHAKE-192f,SLH-DSA-SHA2-192f_signed-by_SLH-DSA-SHAKE-192f,379.319,4571.32,337.699,1,68,0.459459,388.081,14,92166,92128.9,107876,107873
2,7,94,SLH-DSA-SHA2-192f_signed-by_SLH-DSA-SHAKE-192f,SLH-DSA-SHA2-192f_signed-by_SLH-DSA-SHAKE-192f,390.332,4442.35,365.719,1,86,0.508876,372.651,21,92160.6,91845.4,107876,107873
2,4,82,SLH-DSA-SHA2-192f_signed-by_SLH-DSA-SHAKE-192f,SLH-DSA-SHA2-192f_signed-by_SLH-DSA-SHAKE-192f,380.205,4560.68,378.196,1,306,1.9125,485.625,24,91887.6,91934.9,107876,107873
2,5,95,SLH-DSA-SHA2-192f_signed-by_SLH-DSA-SHAKE-192f,SLH-DSA-SHA2-192f_signed-by_SLH-DSA-SHAKE-192f,380.966,4551.57,293.275,1,0,0,555.903,12,92389.9,92204.6,107876,107873
2,6,96,SLH-DSA-SHA2-192f_signed-by_SLH-DSA-SHAKE-192f,SLH-DSA-SHA2-192f_signed-by_SLH-DSA-SHAKE-192f,385.841,4494.06,372.132,1,88,0.51462,453.883,10,92459.4,92136.4,107876,107873
2,1,90,SLH-DSA-SHA2-192f_signed-by_SLH-DSA-SHAKE-192f,SLH-DSA-SHA2-192f_signed-by_SLH-DSA-SHAKE-192f,1577.37,1099.29,77.3744,1,18,0.116129,221.871,24,92139.6,92235.4,107876,107873
2,3,93,SLH-DSA-SHA2-192f_signed-by_SLH-DSA-SHAKE-192f,SLH-DSA-SHA2-192f_signed-by_SLH-DSA-SHAKE-192f,397.271,4364.75,291.428,1,11,0.0839695,386.824,24,92103.6,94038,107876,107873
2,8,94,SLH-DSA-SHA2-192f_signed-by_SLH-DSA-SHAKE-192f,SLH-DSA-SHA2-192f_signed-by_SLH-DSA-SHAKE-192f,402.781,4305.04,296.101,1,21,0.155556,396.43,15,92333.7,91884.4,107876,107873
2,5,96,SLH-DSA-SHA2-192f_signed-by_SLH-DSA-SHAKE-192f,SLH-DSA-SHA2-192f_signed-by_SLH-DSA-SHAKE-192f,394.227,4398.46,348.712,0.84106,68,0.450331,565.205,12,92206.9,92158.9,107876,107873
2,1,91,SLH-DSA-SHA2-192f_signed-by_SLH-DSA-SHAKE-192f,SLH-DSA-SHA2-192f_signed-by_SLH-DSA-SHAKE-192f,384.308,4511.98,307.711,0.653543,5,0.0393701,488.079,24,91923.9,91947.1,107876,107873
2,4,83,SLH-DSA-SHA2-192f_signed-by_SLH-DSA-SHAKE-192f,SLH-DSA-SHA2-192f_signed-by_SLH-DSA-SHAKE-192f,418.674,4141.62,269.039,1,0,0,395.102,24,91981,92131.3,107876,107873
2,6,97,SLH-DSA-SHA2-192f_signed-by_SLH-DSA-SHAKE-192f,SLH-DSA-SHA2-192f_signed-by_SLH-DSA-SHAKE-192f,411.65,4212.29,312.848,0.969466,46,0.351145,490.58,10,92636.7,91794.5,107876,107873
2,7,95,SLH-DSA-SHA2-192f_signed-by_SLH-DSA-SHAKE-192f,SLH-DSA-SHA2-192f_signed-by_SLH-DSA-SHAKE-192f,425.939,4070.98,387.285,0.862245,214,1.09184,407.612,22,92230.7,92000.1,107876,107873
2,3,94,SLH-DSA-SHA2-192f_signed-by_SLH-DSA-SHAKE-192f,SLH-DSA-SHA2-192f_signed-by_SLH-DSA-SHAKE-192f,393.691,4404.44,321.226,1,40,0.275862,388.262,24,92330.9,91763.2,107876,107873
2,8,95,SLH-DSA-SHA2-192f_signed-by_SLH-DSA-SHAKE-192f,SLH-DSA-SHA2-192f_signed-by_SLH-DSA-SHAKE-192f,432.781,4006.63,304.967,1,41,0.277027,382.351,15,92321.4,92154,107876,107873
2,1,92,SLH-DSA-SHA2-192f_signed-by_SLH-DSA-SHAKE-192f,SLH-DSA-SHA2-192f_signed-by_SLH-DSA-SHAKE-192f,401.073,4323.38,422.865,1,162,0.790244,565.063,24,92261.1,91969.8,107876,107873
2,7,96,SLH-DSA-SHA2-192f_signed-by_SLH-DSA-SHAKE-192f,SLH-DSA-SHA2-192f_signed-by_SLH-DSA-SHAKE-192f,394.497,4395.45,295.627,1,0,0,477.677,23,92050.5,91792.1,107876,107873
2,5,97,SLH-DSA-SHA2-192f_signed-by_SLH-DSA-SHAKE-192f,SLH-DSA-SHA2-192f_signed-by_SLH-DSA-SHAKE-192f,419.001,4138.39,282.271,1,19,0.140741,497.793,12,91934.2,91930.6,107876,107873
2,6,98,SLH-DSA-SHA2-192f_signed-by_SLH-DSA-SHAKE-192f,SLH-DSA-SHA2-192f_signed-by_SLH-DSA-SHAKE-192f,403.225,4300.3,332.638,1,63,0.406452,452.606,10,91907.4,91997.5,107876,107873
2,4,84,SLH-DSA-SHA2-192f_signed-by_SLH-DSA-SHAKE-192f,SLH-DSA-SHA2-192f_signed-by_SLH-DSA-SHAKE-192f,405.414,4277.08,412.18,1,215,1.12565,481.56,24,92511.1,91795.5,107876,107873
2,2,89,SLH-DSA-SHA2-192f_signed-by_SLH-DSA-SHAKE-192f,SLH-DSA-SHA2-192f_signed-by_SLH-DSA-SHAKE-192f,3338.51,519.392,67.9154,1,131,0.700535,269.551,24,92514.4,91879.9,107876,107873
2,3,95,SLH-DSA-SHA2-192f_signed-by_SLH-DSA-SHAKE-192f,SLH-DSA-SHA2-192f_signed-by_SLH-DSA-SHAKE-192f,425.135,4078.68,283.204,1,42,0.318182,404.152,24,92485.1,91837.3,107876,107873
2,4,85,SLH-DSA-SHA2-192f_signed-by_SLH-DSA-SHAKE-192f,SLH-DSA-SHA2-192f_signed-by_SLH-DSA-SHAKE-192f,375.109,4622.63,323.404,1,119,0.959677,709.677,24,91957.2,92055.2,107876,107873
2,6,99,SLH-DSA-SHA2-192f_signed-by_SLH-DSA-SHAKE-192f,SLH-DSA-SHA2-192f_signed-by_SLH-DSA-SHAKE-192f,400.322,4331.48,278.815,1,0,0,500.146,10,92594.4,91777.5,107876,107873
2,5,98,SLH-DSA-SHA2-192f_signed-by_SLH-DSA-SHAKE-192f,SLH-DSA-SHA2-192f_signed-by_SLH-DSA-SHAKE-192f,410.348,4225.66,285.962,1,1,0.008,607.632,12,91912.9,91675.3,107876,107873
2,8,96,SLH-DSA-SHA2-192f_signed-by_SLH-DSA-SHAKE-192f,SLH-DSA-SHA2-192f_signed-by_SLH-DSA-SHAKE-192f,431.821,4015.53,272.149,1,10,0.078125,394,15,92248.3,92129.8,107876,107873
2,7,97,SLH-DSA-SHA2-192f_signed-by_SLH-DSA-SHAKE-192f,SLH-DSA-SHA2-192f_signed-by_SLH-DSA-SHAKE-192f,416.665,4161.59,331.93,1,285,1.88742,492.728,24,92134.5,91945.3,107876,107873
2,2,90,SLH-DSA-SHA2-192f_signed-by_SLH-DSA-SHAKE-192f,SLH-DSA-SHA2-192f_signed-by_SLH-DSA-SHAKE-192f,315.011,5504.54,370.628,0.904,106,0.848,503.312,24,92350.8,92202.6,107876,107873
2,3,96,SLH-DSA-SHA2-192f_signed-by_SLH-DSA-SHAKE-192f,SLH-DSA-SHA2-192f_signed-by_SLH-DSA-SHAKE-192f,401.292,4321.02,327.502,1,55,0.357143,380.935,24,92189.3,91638.1,107876,107873
2,4,86,SLH-DSA-SHA2-192f_signed-by_SLH-DSA-SHAKE-192f,SLH-DSA-SHA2-192f_signed-by_SLH-DSA-SHAKE-192f,402.699,4305.92,286.983,1,9,0.0681818,383.091,24,92129.9,92136.6,107876,107873
2,5,99,SLH-DSA-SHA2-192f_signed-by_SLH-DSA-SHAKE-192f,SLH-DSA-SHA2-192f_signed-by_SLH-DSA-SHAKE-192f,378.69,4578.92,364.498,1,139,0.914474,520.789,12,92213.4,92036.4,107876,107873
2,8,97,SLH-DSA-SHA2-192f_signed-by_SLH-DSA-SHAKE-192f,SLH-DSA-SHA2-192f_signed-by_SLH-DSA-SHAKE-192f,385.081,4502.92,335.97,1,109,0.813433,487.433,15,92458.2,91884.8,107876,107873
2,2,91,SLH-DSA-SHA2-192f_signed-by_SLH-DSA-SHAKE-192f,SLH-DSA-SHA2-192f_signed-by_SLH-DSA-SHAKE-192f,372.532,4654.61,361.032,1,63,0.401274,448.064,24,92464.2,91874.7,107876,107873
2,7,98,SLH-DSA-SHA2-192f_signed-by_SLH-DSA-SHAKE-192f,SLH-DSA-SHA2-192f_signed-by_SLH-DSA-SHAKE-192f,407.295,4257.33,384.782,1,191,1.28188,565.597,25,92147,91870.9,107876,107873
2,2,92,SLH-DSA-SHA2-192f_signed-by_SLH-DSA-SHAKE-192f,SLH-DSA-SHA2-192f_signed-by_SLH-DSA-SHAKE-192f,334.684,5180.97,391.007,1,174,1.33846,570.062,24,92729.3,92247.3,107876,107873
2,8,98,SLH-DSA-SHA2-192f_signed-by_SLH-DSA-SHAKE-192f,SLH-DSA-SHA2-192f_signed-by_SLH-DSA-SHAKE-192f,343.891,5042.26,348.296,1,21,0.153285,378.584,14,92540.2,93232.8,107876,107873
2,4,87,SLH-DSA-SHA2-192f_signed-by_SLH-DSA-SHAKE-192f,SLH-DSA-SHA2-192f_signed-by_SLH-DSA-SHAKE-192f,369.665,4690.71,363.053,1,154,1.01316,399.605,24,92810.7,91797.4,107876,107873
2,3,97,SLH-DSA-SHA2-192f_signed-by_SLH-DSA-SHAKE-192f,SLH-DSA-SHA2-192f_signed-by_SLH-DSA-SHAKE-192f,405.915,4271.81,305.049,1,36,0.248276,363.103,24,92423.4,91872.8,107876,107873
2,7,99,SLH-DSA-SHA2-192f_signed-by_SLH-DSA-SHAKE-192f,SLH-DSA-SHA2-192f_signed-by_SLH-DSA-SHAKE-192f,352.48,4919.4,359.51,0.938356,41,0.280822,481.315,24,91970.8,91964.5,107876,107873
2,8,99,SLH-DSA-SHA2-192f_signed-by_SLH-DSA-SHAKE-192f,SLH-DSA-SHA2-192f_signed-by_SLH-DSA-SHAKE-192f,343.986,5040.87,340.851,1,1,0.00787402,416.709,14,92406.5,93296.7,107876,107873
2,4,88,SLH-DSA-SHA2-192f_signed-by_SLH-DSA-SHAKE-192f,SLH-DSA-SHA2-192f_signed-by_SLH-DSA-SHAKE-192f,345.262,5022.24,494.974,0.786802,214,1.08629,532.071,24,91954.9,92251.1,107876,107873
2,2,93,SLH-DSA-SHA2-192f_signed-by_SLH-DSA-SHAKE-192f,SLH-DSA-SHA2-192f_signed-by_SLH-DSA-SHAKE-192f,361.424,4797.67,359.865,1,48,0.32,383.787,24,92165.3,91722.1,107876,107873
2,3,98,SLH-DSA-SHA2-192f_signed-by_SLH-DSA-SHAKE-192f,SLH-DSA-SHA2-192f_signed-by_SLH-DSA-SHAKE-192f,352.418,4920.26,358.347,1,45,0.343511,495.802,24,92131.8,91705.6,107876,107873
2,4,89,SLH-DSA-SHA2-192f_signed-by_SLH-DSA-SHAKE-192f,SLH-DSA-SHA2-192f_signed-by_SLH-DSA-SHAKE-192f,284.597,6092.78,413.383,0.385827,34,0.267717,493.937,24,92099.5,91719.5,107876,107873
2,2,94,SLH-DSA-SHA2-192f_signed-by_SLH-DSA-SHAKE-192f,SLH-DSA-SHA2-192f_signed-by_SLH-DSA-SHAKE-192f,299.902,5781.85,391.433,0.385827,0,0,474.378,24,92002.4,91774.4,107876,107873
2,3,99,SLH-DSA-SHA2-192f_signed-by_SLH-DSA-SHAKE-192f,SLH-DSA-SHA2-192f_signed-by_SLH-DSA-SHAKE-192f,307.092,5646.47,440.779,0.310127,65,0.411392,520.987,24,92428.5,91733.9,107876,107873
2,4,90,SLH-DSA-SHA2-192f_signed-by_SLH-DSA-SHAKE-192f,SLH-DSA-SHA2-192f_signed-by_SLH-DSA-SHAKE-192f,280.721,6176.91,401.252,0,0,0,326.85,24,92783.9,91746.4,107876,107873
2,2,95,SLH-DSA-SHA2-192f_signed-by_SLH-DSA-SHAKE-192f,SLH-DSA-SHA2-192f_signed-by_SLH-DSA-SHAKE-192f,279.954,6193.84,398.694,0,0,0,499.171,24,91985,92184,107876,107873
2,4,91,SLH-DSA-SHA2-192f_signed-by_SLH-DSA-SHAKE-192f,SLH-DSA-SHA2-192f_signed-by_SLH-DSA-SHAKE-192f,276.682,6267.09,403.409,0,0,0,499.171,24,92420.5,91779.1,107876,107873
2,2,96,SLH-DSA-SHA2-192f_signed-by_SLH-DSA-SHAKE-192f,SLH-DSA-SHA2-192f_signed-by_SLH-DSA-SHAKE-192f,283.081,6125.42,397.907,0,0,0,336.142,24,92166.9,91833.6,107876,107873
2,4,92,SLH-DSA-SHA2-192f_signed-by_SLH-DSA-SHAKE-192f,SLH-DSA-SHA2-192f_signed-by_SLH-DSA-SHAKE-192f,278.223,6232.37,405.775,0,0,0,369.625,24,92030.3,91861.5,107876,107873
2,2,97,SLH-DSA-SHA2-192f_signed-by_SLH-DSA-SHAKE-192f,SLH-DSA-SHA2-192f_signed-by_SLH-DSA-SHAKE-192f,278.617,6223.56,404.282,0,0,0,326.85,24,92527.2,91967.9,107876,107873
2,4,93,SLH-DSA-SHA2-192f_signed-by_SLH-DSA-SHAKE-192f,SLH-DSA-SHA2-192f_signed-by_SLH-DSA-SHAKE-192f,277.113,6257.34,404.109,0,0,0,491.76,24,91980.8,91742.4,107876,107873
2,2,98,SLH-DSA-SHA2-192f_signed-by_SLH-DSA-SHAKE-192f,SLH-DSA-SHA2-192f_signed-by_SLH-DSA-SHAKE-192f,279.493,6204.06,403.931,0,0,0,324.594,24,92440.4,92044,107876,107873
2,4,94,SLH-DSA-SHA2-192f_signed-by_SLH-DSA-SHAKE-192f,SLH-DSA-SHA2-192f_signed-by_SLH-DSA-SHAKE-192f,282.058,6147.64,399.35,0,0,0,326.85,24,92043.9,92125.4,107876,107873
2,2,99,SLH-DSA-SHA2-192f_signed-by_SLH-DSA-SHAKE-192f,SLH-DSA-SHA2-192f_signed-by_SLH-DSA-SHAKE-192f,278.184,6233.25,404.912,0,0,0,350.598,24,92520.7,91622.8,107876,107873
2,1,93,SLH-DSA-SHA2-192f_signed-by_SLH-DSA-SHAKE-192f,SLH-DSA-SHA2-192f_signed-by_SLH-DSA-SHAKE-192f,3285.35,527.796,62.3179,1,36,0.211765,231.647,24,91957.6,92449,107876,107873
2,4,95,SLH-DSA-SHA2-192f_signed-by_SLH-DSA-SHAKE-192f,SLH-DSA-SHA2-192f_signed-by_SLH-DSA-SHAKE-192f,278.908,6217.07,403.86,0,0,0,326.85,24,92403.7,91978,107876,107873
2,1,94,SLH-DSA-SHA2-192f_signed-by_SLH-DSA-SHAKE-192f,SLH-DSA-SHA2-192f_signed-by_SLH-DSA-SHAKE-192f,279.251,6209.44,403.365,0,0,0,358.724,24,92022.7,91630.9,107876,107873
2,4,96,SLH-DSA-SHA2-192f_signed-by_SLH-DSA-SHAKE-192f,SLH-DSA-SHA2-192f_signed-by_SLH-DSA-SHAKE-192f,278.913,6216.94,404.77,0,0,0,410.312,24,92040.2,91797.9,107876,107873
2,1,95,SLH-DSA-SHA2-192f_signed-by_SLH-DSA-SHAKE-192f,SLH-DSA-SHA2-192f_signed-by_SLH-DSA-SHAKE-192f,279.281,6208.77,404.238,0,0,0,324.594,24,92409.8,91702,107876,107873
2,4,97,SLH-DSA-SHA2-192f_signed-by_SLH-DSA-SHAKE-192f,SLH-DSA-SHA2-192f_signed-by_SLH-DSA-SHAKE-192f,283.235,6122.09,398.086,0,0,0,324.562,24,92024.2,93287.6,107876,107873
2,1,96,SLH-DSA-SHA2-192f_signed-by_SLH-DSA-SHAKE-192f,SLH-DSA-SHA2-192f_signed-by_SLH-DSA-SHAKE-192f,279.152,6211.62,417.778,0,0,0,516.871,24,92067.1,91651,107876,107873
2,4,98,SLH-DSA-SHA2-192f_signed-by_SLH-DSA-SHAKE-192f,SLH-DSA-SHA2-192f_signed-by_SLH-DSA-SHAKE-192f,279.241,6209.65,403.378,0,0,0,326.85,24,92260.5,91775.6,107876,107873
2,1,97,SLH-DSA-SHA2-192f_signed-by_SLH-DSA-SHAKE-192f,SLH-DSA-SHA2-192f_signed-by_SLH-DSA-SHAKE-192f,281.744,6154.48,396.16,0,0,0,499.171,24,92280.8,91835.7,107876,107873
2,4,99,SLH-DSA-SHA2-192f_signed-by_SLH-DSA-SHAKE-192f,SLH-DSA-SHA2-192f_signed-by_SLH-DSA-SHAKE-192f,276.735,6265.89,422.353,0,0,0,524.24,24,92472,91979.3,107876,107873
2,1,98,SLH-DSA-SHA2-192f_signed-by_SLH-DSA-SHAKE-192f,SLH-DSA-SHA2-192f_signed-by_SLH-DSA-SHAKE-192f,278.197,6232.95,404.892,0,0,0,326.85,24,92247.4,91740.6,107876,107873
2,1,99,SLH-DSA-SHA2-192f_signed-by_SLH-DSA-SHAKE-192f,SLH-DSA-SHA2-192f_signed-by_SLH-DSA-SHAKE-192f,278.657,6222.68,404.225,0,0,0,326.882,24,92343.9,91750.8,107876,107873
